player_name,display_name,active,notes,id,pitcher,date,rel_speed,horz_break,induced_vert_break,original_pitch_type,new_pitch_type,new_pitcher,modified_at,pitch_key,created_at,PitchNo,Date,Time,PAofInning,PitchofPA,Pitcher,PitcherId,PitcherThrows,PitcherTeam,Batter,BatterId,BatterSide,BatterTeam,PitcherSet,Inning,Top/Bottom,Outs,Balls,Strikes,TaggedPitchType,AutoPitchType,PitchCall,KorBB,TaggedHitType,PlayResult,OutsOnPlay,RunsScored,Notes,RelSpeed,VertRelAngle,HorzRelAngle,SpinRate,SpinAxis,Tilt,RelHeight,RelSide,Extension,VertBreak,InducedVertBreak,HorzBreak,PlateLocHeight,PlateLocSide,ZoneSpeed,VertApprAngle,HorzApprAngle,ZoneTime,ExitSpeed,Angle,Direction,HitSpinRate,PositionAt110X,PositionAt110Y,PositionAt110Z,Distance,LastTrackedDistance,Bearing,HangTime,pfxx,pfxz,x0,y0,z0,vx0,vy0,vz0,ax0,ay0,az0,HomeTeam,AwayTeam,Stadium,Level,League,GameID,PitchUID,EffectiveVelo,MaxHeight,MeasuredDuration,SpeedDrop,PitchLastMeasuredX,PitchLastMeasuredY,PitchLastMeasuredZ,ContactPositionX,ContactPositionY,ContactPositionZ,GameUID,UTCDate,UTCTime,LocalDateTime,UTCDateTime,AutoHitType,System,HomeTeamForeignID,AwayTeamForeignID,GameForeignID,Catcher,CatcherId,CatcherThrows,CatcherTeam,PlayID,PitchTrajectoryXc0,PitchTrajectoryXc1,PitchTrajectoryXc2,PitchTrajectoryYc0,PitchTrajectoryYc1,PitchTrajectoryYc2,PitchTrajectoryZc0,PitchTrajectoryZc1,PitchTrajectoryZc2,HitSpinAxis,HitTrajectoryXc0,HitTrajectoryXc1,HitTrajectoryXc2,HitTrajectoryXc3,HitTrajectoryXc4,HitTrajectoryXc5,HitTrajectoryXc6,HitTrajectoryXc7,HitTrajectoryXc8,HitTrajectoryYc0,HitTrajectoryYc1,HitTrajectoryYc2,HitTrajectoryYc3,HitTrajectoryYc4,HitTrajectoryYc5,HitTrajectoryYc6,HitTrajectoryYc7,HitTrajectoryYc8,HitTrajectoryZc0,HitTrajectoryZc1,HitTrajectoryZc2,HitTrajectoryZc3,HitTrajectoryZc4,HitTrajectoryZc5,HitTrajectoryZc6,HitTrajectoryZc7,HitTrajectoryZc8,ThrowSpeed,PopTime,ExchangeTime,TimeToBase,CatchPositionX,CatchPositionY,CatchPositionZ,ThrowPositionX,ThrowPositionY,ThrowPositionZ,BasePositionX,BasePositionY,BasePositionZ,ThrowTrajectoryXc0,ThrowTrajectoryXc1,ThrowTrajectoryXc2,ThrowTrajectoryYc0,ThrowTrajectoryYc1,ThrowTrajectoryYc2,ThrowTrajectoryZc0,ThrowTrajectoryZc1,ThrowTrajectoryZc2,PitchReleaseConfidence,PitchLocationConfidence,PitchMovementConfidence,HitLaunchConfidence,HitLandingConfidence,CatcherThrowCatchConfidence,CatcherThrowReleaseConfidence,CatcherThrowLocationConfidence,SpinAxis3dTransverseAngle,SpinAxis3dLongitudinalAngle,SpinAxis3dActiveSpinRate,SpinAxis3dSpinEfficiency,SpinAxis3dTilt,SpinAxis3dVectorX,SpinAxis3dVectorY,SpinAxis3dVectorZ,SpinAxis3dSeamOrientationRotationX,SpinAxis3dSeamOrientationRotationY,SpinAxis3dSeamOrientationRotationZ,SpinAxis3dSeamOrientationBallYAmb1,SpinAxis3dSeamOrientationBallAngleHorizontalAmb1,SpinAxis3dSeamOrientationBallZAmb1,SpinAxis3dSeamOrientationBallAngleVerticalAmb2,SpinAxis3dSeamOrientationBallZAmb2,SpinAxis3dSeamOrientationBallXAmb4,SpinAxis3dSeamOrientationBallYAmb4,SpinAxis3dSeamOrientationBallAngleHorizontalAmb2,SpinAxis3dSeamOrientationBallAngleVerticalAmb1,SpinAxis3dSeamOrientationBallXAmb1,SpinAxis3dSeamOrientationBallYAmb2,SpinAxis3dSeamOrientationBallAngleHorizontalAmb4,SpinAxis3dSeamOrientationBallAngleVerticalAmb4,SpinAxis3dSeamOrientationBallXAmb2,SpinAxis3dSeamOrientationBallAngleVerticalAmb3,SpinAxis3dSeamOrientationBallAngleHorizontalAmb3,SpinAxis3dSeamOrientationBallXAmb3,SpinAxis3dSeamOrientationBallYAmb3,SpinAxis3dSeamOrientationBallZAmb3,SpinAxis3dSeamOrientationBallZAmb4,PitchSession,Flag,CalibrationId,EffVelocity,PracticeType,Device,HitType,SessionId,BatSpeed,VerticalAttackAngle,HorizontalAttackAngle,session_id,play_id,camera_slot,camera_name,camera_target,video_type,azure_blob,azure_md5,cloudinary_url,cloudinary_public_id,uploaded_at
NA,NA,NA,NA,NA,NA,NA,NA,NA,NA,NA,NA,NA,NA,NA,NA,1,2025-06-25,17:59:02,1,1,"Zhang, Kemuel",1000447854,Right,CHA_16U20,"Diaz, Juan",10156050,Left,CHA_16U9,Undefined,1,Top,0,0,0,Undefined,Four-Seam,StrikeCalled,Undefined,Undefined,Undefined,0,0,NA,86.48462,-1.579393,-1.066002,2356.806708,210.166246,01:00:00,5.04133,1.35843,5.56258,-19.76348,19.07718,10.17894,1.91821,1.21065,77.05213,-5.359972,0.749874,0.448554,NA,NA,NA,NA,NA,NA,NA,NA,NA,NA,NA,-5.47894,10.61375,-1.27313,50,4.89254,1.87595,-125.1324,-4.02876,-8.45313,31.58738,-15.79877,CHA_16U20,CHA_16U9,USABBCary3,USA Baseball,USA,20250625-USABBCary3-4,9b11afa0-520f-11f0-8a37-53b6fd546738,84.03102,NA,NA,9.43248,NA,NA,NA,NA,NA,NA,3640e600-30e5-454d-afeb-3dce868d1233,2025-06-25,21:59:02,2025-06-25T21:59:02Z,2025-06-25T21:59:02Z,NA,v3,NA,NA,NA,"Brown, Codey",10315575,Right,CHA_16U20,8968bc5c-1566-4189-bb9e-beee02c7b0ef,54.93063,-126.37092,15.79369,5.03836,-3.4093,-7.89938,-1.35318,2.2074,-4.22657,NA,NA,NA,NA,NA,NA,NA,NA,NA,NA,NA,NA,NA,NA,NA,NA,NA,NA,NA,NA,NA,NA,NA,NA,NA,NA,NA,NA,NA,NA,NA,NA,NA,NA,NA,NA,NA,NA,NA,NA,NA,NA,NA,NA,NA,NA,NA,NA,NA,NA,High,High,High,NA,NA,NA,NA,NA,NA,NA,NA,NA,NA,NA,NA,NA,NA,NA,NA,NA,NA,NA,NA,NA,NA,NA,NA,NA,NA,NA,NA,NA,NA,NA,NA,NA,NA,NA,NA,NA,NA,NA,NA,NA,NA,NA,NA,NA,NA,NA,NA,NA,NA,NA,NA,NA,NA,NA,NA,NA,NA
NA,NA,NA,NA,NA,NA,NA,NA,NA,NA,NA,NA,NA,NA,NA,NA,2,2025-06-25,17:59:18,1,2,"Zhang, Kemuel",1000447854,Right,CHA_16U20,"Diaz, Juan",10156050,Left,CHA_16U9,Undefined,1,Top,0,0,1,Undefined,Four-Seam,InPlay,Undefined,GroundBall,Single,0,0,NA,87.19233,-1.599376,-1.81298,2327.117346,196.381248,12:30:00,5.13165,1.147,5.51954,-19.83206,18.15194,4.91477,1.98244,-0.13912,78.30289,-5.364619,-0.937409,0.44358,94.97743,-11.450185,28.252265,NA,NA,NA,NA,12.44384,12.44384,22.893798,0.074335,-3.10307,10.11882,-0.99259,50,4.97966,3.78425,-126.25795,-4.13899,-4.91148,30.37201,-16.15812,CHA_16U20,CHA_16U9,USABBCary3,USA Baseball,USA,20250625-USABBCary3-4,a4a94870-520f-11f0-8a37-53b6fd546738,84.97327,2.05855,NA,8.88944,NA,NA,NA,2.51103,2.05855,0.0301,3640e600-30e5-454d-afeb-3dce868d1233,2025-06-25,21:59:18,2025-06-25T21:59:18Z,2025-06-25T21:59:18Z,GroundBall,v3,NA,NA,NA,"Brown, Codey",10315575,Right,CHA_16U20,77b79cf2-6d61-48d4-9151-7d13ab8136b2,54.97749,-127.44969,15.18601,5.12963,-3.50498,-8.07906,-1.14486,3.97697,-2.45574,180,2.50896,120.43607,NA,NA,NA,NA,NA,NA,NA,2.05902,-27.69298,NA,NA,NA,NA,NA,NA,NA,0.029,64.71877,NA,NA,NA,NA,NA,NA,NA,NA,NA,NA,NA,NA,NA,NA,NA,NA,NA,NA,NA,NA,NA,NA,NA,NA,NA,NA,NA,NA,NA,High,High,High,High,High,NA,NA,NA,NA,NA,NA,NA,NA,NA,NA,NA,NA,NA,NA,NA,NA,NA,NA,NA,NA,NA,NA,NA,NA,NA,NA,NA,NA,NA,NA,NA,NA,NA,NA,NA,NA,NA,NA,NA,NA,NA,NA,NA,NA,NA,NA,NA,NA,NA,NA,NA,NA,NA,NA,NA,NA
NA,NA,NA,NA,NA,NA,NA,NA,NA,NA,NA,NA,NA,NA,NA,NA,3,2025-06-25,17:59:53,2,1,"Zhang, Kemuel",1000447854,Right,CHA_16U20,"Guzzie, Brady",1000282830,Left,CHA_16U9,Undefined,1,Top,0,0,0,Undefined,Four-Seam,BallCalled,Undefined,Undefined,Undefined,0,0,NA,85.0806,0.036062,-0.973808,2243.741933,204.376117,12:45:00,5.14814,1.2615,5.42441,-23.07297,16.80253,6.95496,3.25918,0.92887,76.52382,-4.314933,0.263435,0.45449,NA,NA,NA,NA,NA,NA,NA,NA,NA,NA,NA,-3.76996,8.8328,-1.17992,50,5.13583,1.786,-123.25405,-0.65127,-5.71133,27.96698,-18.79275,CHA_16U20,CHA_16U9,USABBCary3,USA Baseball,USA,20250625-USABBCary3-4,b9bf8990-520f-11f0-8a37-53b6fd546738,82.93347,NA,NA,8.55677,NA,NA,NA,NA,NA,NA,3640e600-30e5-454d-afeb-3dce868d1233,2025-06-25,21:59:53,2025-06-25T21:59:53Z,2025-06-25T21:59:53Z,NA,v3,NA,NA,NA,"Brown, Codey",10315575,Right,CHA_16U20,3b1d1bae-36c9-4ecb-951d-e64e458c5fa7,55.06939,-124.399,13.98349,5.14675,0.11809,-9.39637,-1.25783,2.01982,-2.85566,NA,NA,NA,NA,NA,NA,NA,NA,NA,NA,NA,NA,NA,NA,NA,NA,NA,NA,NA,NA,NA,NA,NA,NA,NA,NA,NA,NA,NA,NA,NA,NA,NA,NA,NA,NA,NA,NA,NA,NA,NA,NA,NA,NA,NA,NA,NA,NA,NA,NA,High,High,High,NA,NA,NA,NA,NA,NA,NA,NA,NA,NA,NA,NA,NA,NA,NA,NA,NA,NA,NA,NA,NA,NA,NA,NA,NA,NA,NA,NA,NA,NA,NA,NA,NA,NA,NA,NA,NA,NA,NA,NA,NA,NA,NA,NA,NA,NA,NA,NA,NA,NA,NA,NA,NA,NA,NA,NA,NA,NA
NA,NA,NA,NA,NA,NA,NA,NA,NA,NA,NA,NA,NA,NA,NA,NA,4,2025-06-25,18:00:16,2,2,"Zhang, Kemuel",1000447854,Right,CHA_16U20,"Guzzie, Brady",1000282830,Left,CHA_16U9,Undefined,1,Top,0,1,0,Undefined,Four-Seam,FoulBallNotFieldable,Undefined,Undefined,Undefined,0,0,NA,85.54238,-0.702429,-1.96952,2184.114236,208.351216,01:00:00,5.03575,1.3233,5.35386,-22.05741,17.4669,8.65158,2.53842,0.19636,77.08304,-4.857161,-0.433184,0.452484,65.56182,29.542292,-144.796998,3374.183364,NA,NA,NA,NA,35.20477,NA,NA,-4.96422,9.39288,-1.1525,50,4.95742,3.88178,-123.90188,-2.22483,-7.60718,28.04254,-17.78037,CHA_16U20,CHA_16U9,USABBCary3,USA Baseball,USA,20250625-USABBCary3-4,c7258f80-520f-11f0-8a37-53b6fd546738,83.30108,21.96062,NA,8.45934,NA,NA,NA,1.63393,2.60872,-0.22427,3640e600-30e5-454d-afeb-3dce868d1233,2025-06-25,22:00:16,2025-06-25T22:00:16Z,2025-06-25T22:00:16Z,NA,v3,NA,NA,NA,"Brown, Codey",10315575,Right,CHA_16U20,cf512a5b-fec7-4105-adaf-c743414b43cf,55.14245,-125.06035,14.02127,5.03415,-1.4903,-8.89019,-1.31936,4.19604,-3.80359,NA,1.6283,-68.19138,9.68212,NA,NA,NA,NA,NA,NA,2.60502,47.52143,-9.90501,NA,NA,NA,NA,NA,NA,-0.22166,-48.30319,-2.84004,NA,NA,NA,NA,NA,NA,NA,NA,NA,NA,NA,NA,NA,NA,NA,NA,NA,NA,NA,NA,NA,NA,NA,NA,NA,NA,NA,NA,High,High,High,Medium,Undefined,NA,NA,NA,NA,NA,NA,NA,NA,NA,NA,NA,NA,NA,NA,NA,NA,NA,NA,NA,NA,NA,NA,NA,NA,NA,NA,NA,NA,NA,NA,NA,NA,NA,NA,NA,NA,NA,NA,NA,NA,NA,NA,NA,NA,NA,NA,NA,NA,NA,NA,NA,NA,NA,NA,NA,NA
NA,NA,NA,NA,NA,NA,NA,NA,NA,NA,NA,NA,NA,NA,NA,NA,5,2025-06-25,18:00:42,2,3,"Zhang, Kemuel",1000447854,Right,CHA_16U20,"Guzzie, Brady",1000282830,Left,CHA_16U9,Undefined,1,Top,0,1,1,Undefined,Four-Seam,StrikeCalled,Undefined,Undefined,Undefined,0,0,NA,86.34801,-0.590275,-1.39221,2220.923399,217.460129,01:15:00,5.15647,1.25555,5.33012,-22.56001,15.93422,11.21544,2.72243,0.88361,78.42795,-4.80907,0.599584,0.446549,NA,NA,NA,NA,NA,NA,NA,NA,NA,NA,NA,-6.00532,8.53524,-1.13801,50,5.0873100000000004,2.54401,-125.21277,-2.03996,-9.47895,26.64495,-18.70184,CHA_16U20,CHA_16U9,USABBCary3,USA Baseball,USA,20250625-USABBCary3-4,d6896140-520f-11f0-8a37-53b6fd546738,84.4083,NA,NA,7.92007,NA,NA,NA,NA,NA,NA,3640e600-30e5-454d-afeb-3dce868d1233,2025-06-25,22:00:42,2025-06-25T22:00:42Z,2025-06-25T22:00:42Z,NA,v3,NA,NA,NA,"Brown, Codey",10315575,Right,CHA_16U20,86e175b5-c8ed-44b5-855a-a8834f929c38,55.16683,-126.30747,13.32247,5.15534,-1.2716,-9.35092,-1.25053,2.93345,-4.73948,NA,NA,NA,NA,NA,NA,NA,NA,NA,NA,NA,NA,NA,NA,NA,NA,NA,NA,NA,NA,NA,NA,NA,NA,NA,NA,NA,NA,NA,NA,NA,NA,NA,NA,NA,NA,NA,NA,NA,NA,NA,NA,NA,NA,NA,NA,NA,NA,NA,NA,High,High,High,NA,NA,NA,NA,NA,NA,NA,NA,NA,NA,NA,NA,NA,NA,NA,NA,NA,NA,NA,NA,NA,NA,NA,NA,NA,NA,NA,NA,NA,NA,NA,NA,NA,NA,NA,NA,NA,NA,NA,NA,NA,NA,NA,NA,NA,NA,NA,NA,NA,NA,NA,NA,NA,NA,NA,NA,NA,NA
NA,NA,NA,NA,NA,NA,NA,NA,NA,NA,NA,NA,NA,NA,NA,NA,6,2025-06-25,18:01:04,2,4,"Zhang, Kemuel",1000447854,Right,CHA_16U20,"Guzzie, Brady",1000282830,Left,CHA_16U9,Undefined,1,Top,0,1,2,Undefined,Four-Seam,BallCalled,Undefined,Undefined,Undefined,0,0,NA,82.22254,2.668924,0.618523,2182.61898,202.698373,12:45:00,5.1925,1.25991,5.20374,-24.25722,18.76907,7.22559,5.68316,2.44379,73.94173,-1.896733,1.897389,0.472105,NA,NA,NA,NA,NA,NA,NA,NA,NA,NA,NA,-3.36866,8.92386,-1.3227,50,5.42216,-1.60138,-118.97744,4.79008,-4.77053,25.39257,-19.53657,CHA_16U20,CHA_16U9,USABBCary3,USA Baseball,USA,20250625-USABBCary3-4,e41d5500-520f-11f0-8a37-53b6fd546738,79.83914,NA,NA,8.28081,NA,NA,NA,NA,NA,NA,3640e600-30e5-454d-afeb-3dce868d1233,2025-06-25,22:01:04,2025-06-25T22:01:04Z,2025-06-25T22:01:04Z,NA,v3,NA,NA,NA,"Brown, Codey",10315575,Right,CHA_16U20,3bc27ed8-fd65-4de0-9064-5b0a110c34bc,55.29001,-120.10115,12.69628,5.19106,5.65464,-9.76828,-1.25651,-1.39027,-2.38527,NA,NA,NA,NA,NA,NA,NA,NA,NA,NA,NA,NA,NA,NA,NA,NA,NA,NA,NA,NA,NA,NA,NA,NA,NA,NA,NA,NA,NA,NA,NA,NA,NA,NA,NA,NA,NA,NA,NA,NA,NA,NA,NA,NA,NA,NA,NA,NA,NA,NA,High,High,High,NA,NA,NA,NA,NA,NA,NA,NA,NA,NA,NA,NA,NA,NA,NA,NA,NA,NA,NA,NA,NA,NA,NA,NA,NA,NA,NA,NA,NA,NA,NA,NA,NA,NA,NA,NA,NA,NA,NA,NA,NA,NA,NA,NA,NA,NA,NA,NA,NA,NA,NA,NA,NA,NA,NA,NA,NA,NA
NA,NA,NA,NA,NA,NA,NA,NA,NA,NA,NA,NA,NA,NA,NA,NA,7,2025-06-25,18:01:33,2,5,"Zhang, Kemuel",1000447854,Right,CHA_16U20,"Guzzie, Brady",1000282830,Left,CHA_16U9,Undefined,1,Top,0,2,2,Undefined,Changeup,BallCalled,Undefined,Undefined,Undefined,0,0,NA,77.65278,1.677485,-0.315443,1234.824189,265.960248,02:45:00,4.92992,1.10614,5.30638,-45.29239,2.39992,11.47642,2.73071,1.76639,70.67203,-6.616722,1.722782,0.497045,NA,NA,NA,NA,NA,NA,NA,NA,NA,NA,NA,-5.78618,1.23311,-1.08593,50,5.04978,0.15345,-112.5979,1.75984,-7.37639,21.77982,-30.60202,CHA_16U20,CHA_16U9,USABBCary3,USA Baseball,USA,20250625-USABBCary3-4,f561f4b0-520f-11f0-8a37-53b6fd546738,75.83308,NA,NA,6.98074,NA,NA,NA,NA,NA,NA,3640e600-30e5-454d-afeb-3dce868d1233,2025-06-25,22:01:33,2025-06-25T22:01:33Z,2025-06-25T22:01:33Z,NA,v3,NA,NA,NA,"Brown, Codey",10315575,Right,CHA_16U20,4638fb9b-c86c-41ef-b22e-8a2e1c041a16,55.19112,-113.59758,10.88991,4.93677,3.16445,-15.30101,-1.10074,0.49203,-3.6882,NA,NA,NA,NA,NA,NA,NA,NA,NA,NA,NA,NA,NA,NA,NA,NA,NA,NA,NA,NA,NA,NA,NA,NA,NA,NA,NA,NA,NA,NA,NA,NA,NA,NA,NA,NA,NA,NA,NA,NA,NA,NA,NA,NA,NA,NA,NA,NA,NA,NA,High,High,High,NA,NA,NA,NA,NA,NA,NA,NA,NA,NA,NA,NA,NA,NA,NA,NA,NA,NA,NA,NA,NA,NA,NA,NA,NA,NA,NA,NA,NA,NA,NA,NA,NA,NA,NA,NA,NA,NA,NA,NA,NA,NA,NA,NA,NA,NA,NA,NA,NA,NA,NA,NA,NA,NA,NA,NA,NA,NA
NA,NA,NA,NA,NA,NA,NA,NA,NA,NA,NA,NA,NA,NA,NA,NA,8,2025-06-25,18:01:55,2,6,"Zhang, Kemuel",1000447854,Right,CHA_16U20,"Guzzie, Brady",1000282830,Left,CHA_16U9,Undefined,1,Top,0,3,2,Undefined,Four-Seam,BallCalled,Walk,Undefined,Undefined,0,0,NA,86.42184,-0.469025,-0.672816,2227.099205,221.378006,01:30:00,5.08661,1.36379,5.48282,-22.33982,15.83784,12.82906,2.78608,1.80334,78.54657,-4.657838,1.612436,0.444709,NA,NA,NA,NA,NA,NA,NA,NA,NA,NA,NA,-6.62386,8.48997,-1.31357,50,5.03062,0.90868,-125.38566,-1.75009,-10.48575,26.68301,-18.73424,CHA_16U20,CHA_16U9,USABBCary3,USA Baseball,USA,20250625-USABBCary3-4,02848900-5210-11f0-8a37-53b6fd546738,84.75752,NA,NA,7.87527,NA,NA,NA,NA,NA,NA,3640e600-30e5-454d-afeb-3dce868d1233,2025-06-25,22:01:55,2025-06-25T22:01:55Z,2025-06-25T22:01:55Z,NA,v3,NA,NA,NA,"Brown, Codey",10315575,Right,CHA_16U20,16357a03-2252-492e-ab9c-86e646d6bedc,55.0141,-126.4482,13.3415,5.08546,-1.00408,-9.36712,-1.35807,1.32623,-5.24288,NA,NA,NA,NA,NA,NA,NA,NA,NA,NA,NA,NA,NA,NA,NA,NA,NA,NA,NA,NA,NA,NA,NA,NA,NA,NA,NA,NA,NA,NA,NA,NA,NA,NA,NA,NA,NA,NA,NA,NA,NA,NA,NA,NA,NA,NA,NA,NA,NA,NA,High,High,High,NA,NA,NA,NA,NA,NA,NA,NA,NA,NA,NA,NA,NA,NA,NA,NA,NA,NA,NA,NA,NA,NA,NA,NA,NA,NA,NA,NA,NA,NA,NA,NA,NA,NA,NA,NA,NA,NA,NA,NA,NA,NA,NA,NA,NA,NA,NA,NA,NA,NA,NA,NA,NA,NA,NA,NA,NA,NA
NA,NA,NA,NA,NA,NA,NA,NA,NA,NA,NA,NA,NA,NA,NA,NA,9,2025-06-25,18:02:28,3,1,"Zhang, Kemuel",1000447854,Right,CHA_16U20,"Ravelo, Bryan",1000212048,Right,CHA_16U9,Undefined,1,Top,0,0,0,Undefined,Slider,BallCalled,Undefined,Undefined,Undefined,0,0,NA,78.48775,0.442974,0.075593,2538.504134,87.032716,09:00:00,5.02283,1.39782,5.11178,-45.90621,1.57685,-3.17071,1.61466,1.20482,70.90429,-7.93841,-0.486149,0.495953,NA,NA,NA,NA,NA,NA,NA,NA,NA,NA,NA,1.58941,1.19095,-1.4024,50,5.02929,-0.01703,-113.67722,-0.73751,2.04328,24.24997,-30.64301,CHA_16U20,CHA_16U9,USABBCary3,USA Baseball,USA,20250625-USABBCary3-4,163c2480-5210-11f0-8a37-53b6fd546738,75.99997,NA,NA,7.58345,NA,NA,NA,NA,NA,NA,3640e600-30e5-454d-afeb-3dce868d1233,2025-06-25,22:02:28,2025-06-25T22:02:28Z,2025-06-25T22:02:28Z,NA,v3,NA,NA,NA,"Brown, Codey",10315575,Right,CHA_16U20,dd8e1615-3143-40ea-a55e-a9716a26423d,55.3841,-114.82003,12.12498,5.03002,0.70658,-15.32151,-1.39932,-0.11332,1.02164,NA,NA,NA,NA,NA,NA,NA,NA,NA,NA,NA,NA,NA,NA,NA,NA,NA,NA,NA,NA,NA,NA,NA,NA,NA,NA,NA,NA,NA,NA,NA,NA,NA,NA,NA,NA,NA,NA,NA,NA,NA,NA,NA,NA,NA,NA,NA,NA,NA,NA,High,High,High,NA,NA,NA,NA,NA,NA,NA,NA,NA,NA,NA,NA,NA,NA,NA,NA,NA,NA,NA,NA,NA,NA,NA,NA,NA,NA,NA,NA,NA,NA,NA,NA,NA,NA,NA,NA,NA,NA,NA,NA,NA,NA,NA,NA,NA,NA,NA,NA,NA,NA,NA,NA,NA,NA,NA,NA,NA,NA
NA,NA,NA,NA,NA,NA,NA,NA,NA,NA,NA,NA,NA,NA,NA,NA,10,2025-06-25,18:02:49,3,2,"Zhang, Kemuel",1000447854,Right,CHA_16U20,"Ravelo, Bryan",1000212048,Right,CHA_16U9,Undefined,1,Top,0,1,0,Undefined,Four-Seam,FoulBallNotFieldable,Undefined,Undefined,Undefined,0,0,NA,84.36954,-0.534999,-0.938627,2246.562618,201.752134,12:45:00,5.11502,1.26023,5.57883,-21.756,18.19615,6.72166,2.80228,0.94366,76.60454,-4.639678,0.260649,0.454927,NA,NA,NA,NA,NA,NA,NA,NA,NA,NA,NA,-3.64685,9.74075,-1.18385,50,5.05503,1.71768,-122.38131,-1.79967,-5.49709,25.52636,-17.4913,CHA_16U20,CHA_16U9,USABBCary3,USA Baseball,USA,20250625-USABBCary3-4,22a1d170-5210-11f0-8a37-53b6fd546738,82.85388,NA,NA,7.765,NA,NA,NA,NA,NA,NA,3640e600-30e5-454d-afeb-3dce868d1233,2025-06-25,22:02:49,2025-06-25T22:02:49Z,2025-06-25T22:02:49Z,NA,v3,NA,NA,NA,"Brown, Codey",10315575,Right,CHA_16U20,6ddd3a76-78de-4ff7-8bb3-b2b74a03d693,54.91674,-123.40259,12.76318,5.11303,-1.09987,-8.74565,-1.25697,1.93761,-2.74854,NA,NA,NA,NA,NA,NA,NA,NA,NA,NA,NA,NA,NA,NA,NA,NA,NA,NA,NA,NA,NA,NA,NA,NA,NA,NA,NA,NA,NA,NA,NA,NA,NA,NA,NA,NA,NA,NA,NA,NA,NA,NA,NA,NA,NA,NA,NA,NA,NA,NA,High,High,High,NA,NA,NA,NA,NA,NA,NA,NA,NA,NA,NA,NA,NA,NA,NA,NA,NA,NA,NA,NA,NA,NA,NA,NA,NA,NA,NA,NA,NA,NA,NA,NA,NA,NA,NA,NA,NA,NA,NA,NA,NA,NA,NA,NA,NA,NA,NA,NA,NA,NA,NA,NA,NA,NA,NA,NA,NA,NA
NA,NA,NA,NA,NA,NA,NA,NA,NA,NA,NA,NA,NA,NA,NA,NA,11,2025-06-25,18:03:20,3,3,"Zhang, Kemuel",1000447854,Right,CHA_16U20,"Ravelo, Bryan",1000212048,Right,CHA_16U9,Undefined,1,Top,0,1,1,Undefined,Four-Seam,InPlay,Undefined,Bunt,Out,1,0,NA,85.66772,-0.1819,-1.185639,2152.35615,211.50046,01:00:00,5.20624,1.1413,5.2022,-24.27801,15.46517,8.57241,3.01196,0.74038,76.9321,-4.729613,0.333141,0.453735,33.24859,16.499833,33.803851,2008.716146,NA,NA,NA,51.28928,40.5285,32.99577,1.114903,-4.68925,8.19473,-1.03838,50,5.17182,2.18938,-124.0718,-1.21256,-7.17594,29.0559,-19.63371,CHA_16U20,CHA_16U9,USABBCary3,USA Baseball,USA,20250625-USABBCary3-4,354f7700-5210-11f0-8a37-53b6fd546738,83.0714,6.26752,NA,8.73562,NA,NA,NA,2.86858,3.1969,-0.68471,3640e600-30e5-454d-afeb-3dce868d1233,2025-06-25,22:03:20,2025-06-25T22:03:20Z,2025-06-25T22:03:20Z,GroundBall,v3,NA,NA,NA,"Brown, Codey",10315575,Right,CHA_16U20,425724b4-a4ed-4506-8729-18f740288681,55.29468,-125.3056,14.52795,5.20561,-0.37885,-9.81685,-1.13782,2.49409,-3.58797,234.737676,2.86857,38.85325,-3.24143,0.94225,-0.68608,0.38636,0.15542,-0.24265,0.0721,3.1969,13.84952,-16.02948,0.95675,-0.15368,0.5255,-0.67204,0.35438,-0.07396,-0.68472,26.0132,-0.45566,0.02114,0.02527,0.11063,3.2e-4,-0.06016,0.02072,NA,NA,NA,NA,NA,NA,NA,NA,NA,NA,NA,NA,NA,NA,NA,NA,NA,NA,NA,NA,NA,NA,High,High,High,High,High,NA,NA,NA,NA,NA,NA,NA,NA,NA,NA,NA,NA,NA,NA,NA,NA,NA,NA,NA,NA,NA,NA,NA,NA,NA,NA,NA,NA,NA,NA,NA,NA,NA,NA,NA,NA,NA,NA,NA,NA,NA,NA,NA,NA,NA,NA,NA,NA,NA,NA,NA,NA,NA,NA,NA,NA
NA,NA,NA,NA,NA,NA,NA,NA,NA,NA,NA,NA,NA,NA,NA,NA,12,2025-06-25,18:04:19,4,1,"Zhang, Kemuel",1000447854,Right,CHA_16U20,"Blackmon, Chase",1000451578,Right,CHA_16U9,Undefined,1,Top,1,0,0,Undefined,Four-Seam,FoulBallNotFieldable,Undefined,Undefined,Undefined,0,0,NA,85.82202,-0.39402,-1.471706,2253.35716,211.625584,01:00:00,5.21277,0.96789,5.26217,-21.04371,18.53233,10.49371,3.08883,0.45942,76.92083,-4.377532,0.389102,0.452781,66.25992,23.65117,162.265895,3292.402124,-106.98237,17.81742,25.58847,153.65185,49.55888,167.897472,2.092694,-5.73874,9.81406,-0.84127,50,5.16198,2.72608,-124.26105,-1.52269,-8.79841,29.41262,-17.12758,CHA_16U20,CHA_16U9,USABBCary3,USA Baseball,USA,20250625-USABBCary3-4,5852c860-5210-11f0-8a37-53b6fd546738,83.2466,21.31129,NA,8.90119,NA,NA,NA,1.01545,3.03806,-0.46982,3640e600-30e5-454d-afeb-3dce868d1233,2025-06-25,22:04:19,2025-06-25T22:04:19Z,2025-06-25T22:04:19Z,LineDrive,v3,NA,NA,NA,"Brown, Codey",10315575,Right,CHA_16U20,b2eaed2b-a124-4a4f-a25f-cf7a29e1b0a7,55.23376,-125.49377,14.70631,5.21076,-0.80485,-8.56379,-0.96324,3.09483,-4.3992000000000004,298.072199,1.01543,-84.78639,6.64045,-0.30552,-0.21318,0.26312,-0.16012,0.05589,-0.00801,3.03805,38.98652,-22.56632,2.2211,-0.45942,0.10136,-0.02885,0.00786,-0.00101,-0.46982,27.11619,-8.53431,2.27915,-0.49192,6e-4,0.05452,-0.02312,0.00359,NA,NA,NA,NA,NA,NA,NA,NA,NA,NA,NA,NA,NA,NA,NA,NA,NA,NA,NA,NA,NA,NA,High,High,High,High,Medium,NA,NA,NA,NA,NA,NA,NA,NA,NA,NA,NA,NA,NA,NA,NA,NA,NA,NA,NA,NA,NA,NA,NA,NA,NA,NA,NA,NA,NA,NA,NA,NA,NA,NA,NA,NA,NA,NA,NA,NA,NA,NA,NA,NA,NA,NA,NA,NA,NA,NA,NA,NA,NA,NA,NA,NA
NA,NA,NA,NA,NA,NA,NA,NA,NA,NA,NA,NA,NA,NA,NA,NA,13,2025-06-25,18:04:45,4,2,"Zhang, Kemuel",1000447854,Right,CHA_16U20,"Blackmon, Chase",1000451578,Right,CHA_16U9,Undefined,1,Top,1,0,1,Undefined,Four-Seam,StrikeSwinging,Undefined,Undefined,Undefined,0,0,NA,85.49043,-0.458175,-2.158325,2285.877844,207.160773,01:00:00,5.20734,1.03457,5.37559,-20.34926,19.02682,9.05646,3.08171,-0.23512,77.30046,-4.304246,-0.550009,0.451635,NA,NA,NA,NA,NA,NA,NA,NA,NA,NA,NA,-5.16201,10.06316,-0.84764,50,5.15235,4.26557,-123.85877,-1.61848,-7.94568,26.84691,-16.68428,CHA_16U20,CHA_16U9,USABBCary3,USA Baseball,USA,20250625-USABBCary3-4,67619c50-5210-11f0-8a37-53b6fd546738,83.4577,NA,NA,8.18997,NA,NA,NA,NA,NA,NA,3640e600-30e5-454d-afeb-3dce868d1233,2025-06-25,22:04:45,2025-06-25T22:04:45Z,2025-06-25T22:04:45Z,NA,v3,NA,NA,NA,"Brown, Codey",10315575,Right,CHA_16U20,0e86c012-fc60-4fed-a603-aa43abff7cba,55.11972,-124.96356,13.42345,5.20483,-0.9319,-8.34214,-1.0299,4.59255,-3.97284,NA,NA,NA,NA,NA,NA,NA,NA,NA,NA,NA,NA,NA,NA,NA,NA,NA,NA,NA,NA,NA,NA,NA,NA,NA,NA,NA,NA,NA,NA,NA,NA,NA,NA,NA,NA,NA,NA,NA,NA,NA,NA,NA,NA,NA,NA,NA,NA,NA,NA,High,High,High,NA,NA,NA,NA,NA,NA,NA,NA,NA,NA,NA,NA,NA,NA,NA,NA,NA,NA,NA,NA,NA,NA,NA,NA,NA,NA,NA,NA,NA,NA,NA,NA,NA,NA,NA,NA,NA,NA,NA,NA,NA,NA,NA,NA,NA,NA,NA,NA,NA,NA,NA,NA,NA,NA,NA,NA,NA,NA
NA,NA,NA,NA,NA,NA,NA,NA,NA,NA,NA,NA,NA,NA,NA,NA,14,2025-06-25,18:05:13,4,3,"Zhang, Kemuel",1000447854,Right,CHA_16U20,"Blackmon, Chase",1000451578,Right,CHA_16U9,Undefined,1,Top,1,0,2,Undefined,Four-Seam,StrikeCalled,Strikeout,Undefined,Undefined,0,0,NA,86.32706,-0.991689,-2.481712,2220.042154,219.365406,01:15:00,5.18771,0.77981,5.36534,-22.6471,15.90654,11.96497,2.3696,-0.55163,78.32813,-5.228418,-0.357128,0.446893,NA,NA,NA,NA,NA,NA,NA,NA,NA,NA,NA,-6.70733,8.65615,-0.56563,50,5.08296,4.88919,-125.08323,-2.91473,-10.55502,26.81399,-18.55232,CHA_16U20,CHA_16U9,USABBCary3,USA Baseball,USA,20250625-USABBCary3-4,78217ba0-5210-11f0-8a37-53b6fd546738,84.34324,NA,NA,7.99893,NA,NA,NA,NA,NA,NA,3640e600-30e5-454d-afeb-3dce868d1233,2025-06-25,22:05:13,2025-06-25T22:05:13Z,2025-06-25T22:05:13Z,NA,v3,NA,NA,NA,"Brown, Codey",10315575,Right,CHA_16U20,614f7c01-df8b-4634-bf9e-7406c8f5dadc,55.1314,-126.17845,13.407,5.18654,-2.15696,-9.27616,-0.77413,5.32031,-5.27751,NA,NA,NA,NA,NA,NA,NA,NA,NA,NA,NA,NA,NA,NA,NA,NA,NA,NA,NA,NA,NA,NA,NA,NA,NA,NA,NA,NA,NA,NA,NA,NA,NA,NA,NA,NA,NA,NA,NA,NA,NA,NA,NA,NA,NA,NA,NA,NA,NA,NA,High,High,High,NA,NA,NA,NA,NA,NA,NA,NA,NA,NA,NA,NA,NA,NA,NA,NA,NA,NA,NA,NA,NA,NA,NA,NA,NA,NA,NA,NA,NA,NA,NA,NA,NA,NA,NA,NA,NA,NA,NA,NA,NA,NA,NA,NA,NA,NA,NA,NA,NA,NA,NA,NA,NA,NA,NA,NA,NA,NA
NA,NA,NA,NA,NA,NA,NA,NA,NA,NA,NA,NA,NA,NA,NA,NA,15,2025-06-25,18:05:42,5,1,"Zhang, Kemuel",1000447854,Right,CHA_16U20,"Paul, Evan",1000271803,Right,CHA_16U9,Undefined,1,Top,2,0,0,Undefined,Four-Seam,StrikeCalled,Undefined,Undefined,Undefined,0,0,NA,85.97572,-0.263483,-2.890908,2185.466154,212.805442,01:00:00,5.21341,0.87473,5.3692,-21.77899,17.0443,10.143,3.15113,-0.99288,78.02497,-4.350239,-1.091382,0.448454,NA,NA,NA,NA,NA,NA,NA,NA,NA,NA,NA,-5.91189,9.00453,-0.62263,50,5.17473,5.84256,-124.5664,-1.27743,-9.24088,26.23147,-18.09903,CHA_16U20,CHA_16U9,USABBCary3,USA Baseball,USA,20250625-USABBCary3-4,89a76a10-5210-11f0-8a37-53b6fd546738,84.04983,NA,NA,7.95075,NA,NA,NA,NA,NA,NA,3640e600-30e5-454d-afeb-3dce868d1233,2025-06-25,22:05:42,2025-06-25T22:05:42Z,2025-06-25T22:05:42Z,NA,v3,NA,NA,NA,"Brown, Codey",10315575,Right,CHA_16U20,e7ab9d31-e078-48a4-be22-ea2e22405004,55.12762,-125.64154,13.11574,5.21188,-0.53561,-9.04951,-0.86987,6.22132,-4.62044,NA,NA,NA,NA,NA,NA,NA,NA,NA,NA,NA,NA,NA,NA,NA,NA,NA,NA,NA,NA,NA,NA,NA,NA,NA,NA,NA,NA,NA,NA,NA,NA,NA,NA,NA,NA,NA,NA,NA,NA,NA,NA,NA,NA,NA,NA,NA,NA,NA,NA,High,High,High,NA,NA,NA,NA,NA,NA,NA,NA,NA,NA,NA,NA,NA,NA,NA,NA,NA,NA,NA,NA,NA,NA,NA,NA,NA,NA,NA,NA,NA,NA,NA,NA,NA,NA,NA,NA,NA,NA,NA,NA,NA,NA,NA,NA,NA,NA,NA,NA,NA,NA,NA,NA,NA,NA,NA,NA,NA,NA
NA,NA,NA,NA,NA,NA,NA,NA,NA,NA,NA,NA,NA,NA,NA,NA,16,2025-06-25,18:06:03,5,2,"Zhang, Kemuel",1000447854,Right,CHA_16U20,"Paul, Evan",1000271803,Right,CHA_16U9,Undefined,1,Top,2,0,1,Undefined,Four-Seam,FoulBallNotFieldable,Undefined,Undefined,Undefined,0,0,NA,86.39919,-0.906118,-1.36056,2155.811194,216.798548,01:15:00,5.20492,1.0122,5.43215,-21.93875,16.34895,11.26753,2.52779,0.67674,78.53436,-5.018103,0.644496,0.44535,82.54381,-47.981271,-81.265664,NA,NA,NA,NA,3.76672,2.3354,-51.511612,0.028816,-6.10036,8.88174,-0.89986,50,5.10986,2.49275,-125.33194,-2.69808,-9.64366,26.78442,-18.13352,CHA_16U20,CHA_16U9,USABBCary3,USA Baseball,USA,20250625-USABBCary3-4,966a7940-5210-11f0-8a37-53b6fd546738,84.63562,2.59886,NA,7.86483,NA,NA,NA,1.98866,2.59886,-0.63393,3640e600-30e5-454d-afeb-3dce868d1233,2025-06-25,22:06:03,2025-06-25T22:06:03Z,2025-06-25T22:06:03Z,GroundBall,v3,NA,NA,NA,"Brown, Codey",10315575,Right,CHA_16U20,3a7771b0-ee29-442f-bc9e-8c2f9c78f548,55.06659,-126.41007,13.39221,5.20377,-1.96817,-9.06676,-1.00801,2.88093,-4.82183,NA,1.98851,12.33946,NA,NA,NA,NA,NA,NA,NA,2.6,-90.18814,NA,NA,NA,NA,NA,NA,NA,-0.63291,-80.31681,NA,NA,NA,NA,NA,NA,NA,NA,NA,NA,NA,NA,NA,NA,NA,NA,NA,NA,NA,NA,NA,NA,NA,NA,NA,NA,NA,NA,NA,High,High,High,Low,Low,NA,NA,NA,NA,NA,NA,NA,NA,NA,NA,NA,NA,NA,NA,NA,NA,NA,NA,NA,NA,NA,NA,NA,NA,NA,NA,NA,NA,NA,NA,NA,NA,NA,NA,NA,NA,NA,NA,NA,NA,NA,NA,NA,NA,NA,NA,NA,NA,NA,NA,NA,NA,NA,NA,NA,NA
NA,NA,NA,NA,NA,NA,NA,NA,NA,NA,NA,NA,NA,NA,NA,NA,17,2025-06-25,18:06:54,5,3,"Zhang, Kemuel",1000447854,Right,CHA_16U20,"Paul, Evan",1000271803,Right,CHA_16U9,Undefined,1,Top,2,0,2,Undefined,Slider,StrikeSwinging,Strikeout,Undefined,Undefined,0,0,NA,80.04133,0.932035,-2.203699,2580.739627,105.810058,09:30:00,5.06207,1.11682,5.04225,-42.64337,2.65004,-4.12488,2.3884,-1.30674,73.04202,-6.824288,-2.931783,0.484383,NA,NA,NA,NA,NA,NA,NA,NA,NA,NA,NA,1.39425,1.50595,-0.9031,50,5.11721,4.63808,-115.98597,0.35089,1.89004,22.67937,-30.13259,CHA_16U20,CHA_16U9,USABBCary3,USA Baseball,USA,20250625-USABBCary3-4,b4984dc0-5210-11f0-8a37-53b6fd546738,77.81536,NA,NA,6.99931,NA,NA,NA,NA,NA,NA,3640e600-30e5-454d-afeb-3dce868d1233,2025-06-25,22:06:54,2025-06-25T22:06:54Z,2025-06-25T22:06:54Z,NA,v3,NA,NA,NA,"Brown, Codey",10315575,Right,CHA_16U20,dbf16a93-4169-4fc2-87d2-86998faae827,55.45569,-117.04789,11.33969,5.06775,1.7618,-15.06629,-1.1182,4.54958,0.94502,NA,NA,NA,NA,NA,NA,NA,NA,NA,NA,NA,NA,NA,NA,NA,NA,NA,NA,NA,NA,NA,NA,NA,NA,NA,NA,NA,NA,72.55405,NA,NA,0.959277,NA,NA,NA,0.2394,4.70414,4.10837,68.22972,0.14179,-56.74213,0.2475,75.17397,-4.51462,4.73218,9.58329,-15.06929,4.05547,-73.66769,10.88849,High,High,High,NA,NA,High,High,Medium,NA,NA,NA,NA,NA,NA,NA,NA,NA,NA,NA,NA,NA,NA,NA,NA,NA,NA,NA,NA,NA,NA,NA,NA,NA,NA,NA,NA,NA,NA,NA,NA,NA,NA,NA,NA,NA,NA,NA,NA,NA,NA,NA,NA,NA,NA,NA,NA,NA,NA,NA,NA,NA
NA,NA,NA,NA,NA,NA,NA,NA,NA,NA,NA,NA,NA,NA,NA,NA,18,2025-06-25,18:09:53,1,1,"Downey, Logan",10172738,Right,CHA_16U9,"Mattoom, Chase",1000451590,Right,CHA_16U20,Undefined,1,Bottom,0,0,0,Undefined,Four-Seam,StrikeCalled,Undefined,Undefined,Undefined,0,0,NA,87.0913,-3.207632,-3.093727,2297.770575,200.106554,12:45:00,6.1477,1.86081,6.0344,-16.53741,20.618,7.06288,1.79185,-0.41821,78.93394,-6.382727,-1.825274,0.438715,NA,NA,NA,NA,NA,NA,NA,NA,NA,NA,NA,-4.56772,11.96627,-1.62276,50,5.88769,6.52185,-126.0518,-7.50219,-7.27628,27.99363,-13.11197,CHA_16U20,CHA_16U9,USABBCary3,USA Baseball,USA,20250625-USABBCary3-4,1f97d050-5211-11f0-8a37-53b6fd546738,85.91552,NA,NA,8.15736,NA,NA,NA,NA,NA,NA,3640e600-30e5-454d-afeb-3dce868d1233,2025-06-25,22:09:53,2025-06-25T22:09:53Z,2025-06-25T22:09:53Z,NA,v3,NA,NA,NA,"Day, Hunter",10167489,Right,CHA_16U9,4927c98e-d473-49ca-894c-ffcf65c128b8,54.46229,-127.03892,13.99681,6.14408,-7.03983,-6.55598,-1.85726,6.77843,-3.63814,NA,NA,NA,NA,NA,NA,NA,NA,NA,NA,NA,NA,NA,NA,NA,NA,NA,NA,NA,NA,NA,NA,NA,NA,NA,NA,NA,NA,NA,NA,NA,NA,NA,NA,NA,NA,NA,NA,NA,NA,NA,NA,NA,NA,NA,NA,NA,NA,NA,NA,High,High,High,NA,NA,NA,NA,NA,NA,NA,NA,NA,NA,NA,NA,NA,NA,NA,NA,NA,NA,NA,NA,NA,NA,NA,NA,NA,NA,NA,NA,NA,NA,NA,NA,NA,NA,NA,NA,NA,NA,NA,NA,NA,NA,NA,NA,NA,NA,NA,NA,NA,NA,NA,NA,NA,NA,NA,NA,NA,NA
NA,NA,NA,NA,NA,NA,NA,NA,NA,NA,NA,NA,NA,NA,NA,NA,19,2025-06-25,18:10:10,1,2,"Downey, Logan",10172738,Right,CHA_16U9,"Mattoom, Chase",1000451590,Right,CHA_16U20,Undefined,1,Bottom,0,0,1,Undefined,Four-Seam,FoulBallNotFieldable,Undefined,Undefined,Undefined,0,0,NA,87.02006,-2.932466,-2.352139,2352.689186,194.613855,12:30:00,6.05808,1.92636,5.90807,-16.41733,20.86237,5.09914,1.96335,0.16678,78.98183,-6.078247,-1.437709,0.439448,NA,NA,NA,NA,NA,NA,NA,NA,NA,NA,NA,-3.31882,11.95111,-1.74034,50,5.81301,4.96615,-126.05458,-6.90009,-5.29487,27.64509,-13.10713,CHA_16U20,CHA_16U9,USABBCary3,USA Baseball,USA,20250625-USABBCary3-4,299b7160-5211-11f0-8a37-53b6fd546738,85.77217,NA,NA,8.03823,NA,NA,NA,NA,NA,NA,3640e600-30e5-454d-afeb-3dce868d1233,2025-06-25,22:10:10,2025-06-25T22:10:10Z,2025-06-25T22:10:10Z,NA,v3,NA,NA,NA,"Day, Hunter",10167489,Right,CHA_16U9,72c2774b-bca0-422f-8c92-9405bc40ad38,54.5891,-127.05703,13.82254,6.0546,-6.4248,-6.55357,-1.9239,5.15815,-2.64743,NA,NA,NA,NA,NA,NA,NA,NA,NA,NA,NA,NA,NA,NA,NA,NA,NA,NA,NA,NA,NA,NA,NA,NA,NA,NA,NA,NA,NA,NA,NA,NA,NA,NA,NA,NA,NA,NA,NA,NA,NA,NA,NA,NA,NA,NA,NA,NA,NA,NA,High,High,High,NA,NA,NA,NA,NA,NA,NA,NA,NA,NA,NA,NA,NA,NA,NA,NA,NA,NA,NA,NA,NA,NA,NA,NA,NA,NA,NA,NA,NA,NA,NA,NA,NA,NA,NA,NA,NA,NA,NA,NA,NA,NA,NA,NA,NA,NA,NA,NA,NA,NA,NA,NA,NA,NA,NA,NA,NA,NA
NA,NA,NA,NA,NA,NA,NA,NA,NA,NA,NA,NA,NA,NA,NA,NA,20,2025-06-25,18:10:30,1,3,"Downey, Logan",10172738,Right,CHA_16U9,"Mattoom, Chase",1000451590,Right,CHA_16U20,Undefined,1,Bottom,0,0,2,Undefined,Four-Seam,FoulBallNotFieldable,Undefined,Undefined,Undefined,0,0,NA,86.35326,-1.390781,-1.87289,2305.962371,195.887514,12:30:00,5.90735,1.94438,6.11013,-18.65639,18.6771,4.96264,3.06568,0.62549,78.60473,-4.954075,-0.979097,0.439765,64.39046,42.175443,43.472652,5194.433691,65.24185,60.4685,88.56353,193.06746,136.41515,58.8463,4.028302,-3.12205,10.43264,-1.8032,50,5.79078,3.90372,-125.35634,-3.55437,-4.94127,26.60779,-15.66225,CHA_16U20,CHA_16U9,USABBCary3,USA Baseball,USA,20250625-USABBCary3-4,35a51ba0-5211-11f0-8a37-53b6fd546738,85.71041,60.73411,NA,7.74853,NA,NA,NA,0.76423,3.3382,-0.42294,3640e600-30e5-454d-afeb-3dce868d1233,2025-06-25,22:10:30,2025-06-25T22:10:30Z,2025-06-25T22:10:30Z,FlyBall,v3,NA,NA,NA,"Day, Hunter",10167489,Right,CHA_16U9,1514168f-9869-4949-9508-abea2fce3f11,54.38855,-126.28441,13.30389,5.90523,-3.00808,-7.83112,-1.94237,4.07607,-2.47064,216.381221,0.76591,50.74417,-15.12654,3.85912,-0.47613,-0.08468,0.04676,-0.00707,3.6e-4,3.3381,63.40407,-19.28724,0.95326,0.20148,-0.21713,0.08401,-0.01522,0.00104,-0.42275,48.14809,-2.8028,0.29093,0.03652,-0.0231,0.00373,-9e-5,-2e-5,NA,NA,NA,NA,NA,NA,NA,NA,NA,NA,NA,NA,NA,NA,NA,NA,NA,NA,NA,NA,NA,NA,High,High,High,High,Medium,NA,NA,NA,NA,NA,NA,NA,NA,NA,NA,NA,NA,NA,NA,NA,NA,NA,NA,NA,NA,NA,NA,NA,NA,NA,NA,NA,NA,NA,NA,NA,NA,NA,NA,NA,NA,NA,NA,NA,NA,NA,NA,NA,NA,NA,NA,NA,NA,NA,NA,NA,NA,NA,NA,NA,NA
NA,NA,NA,NA,NA,NA,NA,NA,NA,NA,NA,NA,NA,NA,NA,NA,21,2025-06-25,18:11:02,1,4,"Downey, Logan",10172738,Right,CHA_16U9,"Mattoom, Chase",1000451590,Right,CHA_16U20,Undefined,1,Bottom,0,0,2,Undefined,Curveball,InPlay,Undefined,GroundBall,Out,1,0,NA,77.49689,1.794126,-1.186996,2190.58699,32.77305,07:00:00,5.49715,2.39255,5.67564,-48.88003,-2.33335,-2.35764,3.09733,1.08933,71.63103,-7.14508,-1.608539,0.491039,52.3982,-64.564829,-32.759107,NA,NA,NA,NA,3.10533,1.89158,-37.522546,0.044366,0.89933,-1.28815,-2.2909,50,5.61731,2.42059,-112.62881,1.95241,1.16351,19.07911,-33.84061,CHA_16U20,CHA_16U9,USABBCary3,USA Baseball,USA,20250625-USABBCary3-4,48a9e1e0-5211-11f0-8a37-53b6fd546738,76.7606,3.10443,NA,5.86586,NA,NA,NA,1.22127,3.10443,-1.09247,3640e600-30e5-454d-afeb-3dce868d1233,2025-06-25,22:11:02,2025-06-25T22:11:02Z,2025-06-25T22:11:02Z,GroundBall,v3,NA,NA,NA,"Day, Hunter",10167489,Right,CHA_16U9,ecc9173d-fd24-4684-9487-002bf13d7596,54.82652,-113.44347,9.53955,5.50309,3.39737,-16.92031,-2.3932,2.37092,0.58175,NA,1.21964,27.98526,NA,NA,NA,NA,NA,NA,NA,3.1085,-69.97248,NA,NA,NA,NA,NA,NA,NA,-1.09142,-18.00701,NA,NA,NA,NA,NA,NA,NA,NA,NA,NA,NA,NA,NA,NA,NA,NA,NA,NA,NA,NA,NA,NA,NA,NA,NA,NA,NA,NA,NA,High,High,High,Low,Low,NA,NA,NA,NA,NA,NA,NA,NA,NA,NA,NA,NA,NA,NA,NA,NA,NA,NA,NA,NA,NA,NA,NA,NA,NA,NA,NA,NA,NA,NA,NA,NA,NA,NA,NA,NA,NA,NA,NA,NA,NA,NA,NA,NA,NA,NA,NA,NA,NA,NA,NA,NA,NA,NA,NA,NA
NA,NA,NA,NA,NA,NA,NA,NA,NA,NA,NA,NA,NA,NA,NA,NA,22,2025-06-25,18:11:42,2,1,"Downey, Logan",10172738,Right,CHA_16U9,"Leoff, Parker",1000244073,Left,CHA_16U20,Undefined,1,Bottom,1,0,0,Undefined,Four-Seam,BallCalled,Undefined,Undefined,Undefined,0,0,NA,86.4491,-3.767523,-2.818266,2260.933187,199.010429,12:45:00,6.06438,2.03705,6.13832,-16.99938,20.44741,6.59807,1.1566,-0.01983,78.71044,-7.017893,-1.630336,0.440432,NA,NA,NA,NA,NA,NA,NA,NA,NA,NA,NA,-4.27418,12.10355,-1.82544,50,5.7676,5.90544,-125.17772,-8.69733,-6.73442,26.91837,-13.10367,CHA_16U20,CHA_16U9,USABBCary3,USA Baseball,USA,20250625-USABBCary3-4,602255f0-5211-11f0-8a37-53b6fd546738,85.58067,NA,NA,7.73866,NA,NA,NA,NA,NA,NA,3640e600-30e5-454d-afeb-3dce868d1233,2025-06-25,22:11:42,2025-06-25T22:11:42Z,2025-06-25T22:11:42Z,NA,v3,NA,NA,NA,"Day, Hunter",10167489,Right,CHA_16U9,e972ca16-cd39-4964-9ce8-1b500a87e52e,54.36081,-126.11198,13.45918,6.06157,-8.24254,-6.55183,-2.03446,6.13917,-3.36721,NA,NA,NA,NA,NA,NA,NA,NA,NA,NA,NA,NA,NA,NA,NA,NA,NA,NA,NA,NA,NA,NA,NA,NA,NA,NA,NA,NA,NA,NA,NA,NA,NA,NA,NA,NA,NA,NA,NA,NA,NA,NA,NA,NA,NA,NA,NA,NA,NA,NA,High,High,High,NA,NA,NA,NA,NA,NA,NA,NA,NA,NA,NA,NA,NA,NA,NA,NA,NA,NA,NA,NA,NA,NA,NA,NA,NA,NA,NA,NA,NA,NA,NA,NA,NA,NA,NA,NA,NA,NA,NA,NA,NA,NA,NA,NA,NA,NA,NA,NA,NA,NA,NA,NA,NA,NA,NA,NA,NA,NA
NA,NA,NA,NA,NA,NA,NA,NA,NA,NA,NA,NA,NA,NA,NA,NA,23,2025-06-25,18:11:59,2,2,"Downey, Logan",10172738,Right,CHA_16U9,"Leoff, Parker",1000244073,Left,CHA_16U20,Undefined,1,Bottom,1,1,0,Undefined,Four-Seam,BallCalled,Undefined,Undefined,Undefined,0,0,NA,86.77171,-3.059993,-0.207189,2317.946483,201.506886,12:45:00,6.2039,1.99999,5.95725,-18.05221,19.26725,7.08685,1.85914,2.39843,78.96599,-6.492742,1.066877,0.439682,NA,NA,NA,NA,NA,NA,NA,NA,NA,NA,NA,-3.71012,11.1978,-1.98754,50,5.95068,0.16777,-125.8283,-7.2302,-5.90355,27.3197,-14.35603,CHA_16U20,CHA_16U9,USABBCary3,USA Baseball,USA,20250625-USABBCary3-4,6a295260-5211-11f0-8a37-53b6fd546738,85.72651,NA,NA,7.80573,NA,NA,NA,NA,NA,NA,3640e600-30e5-454d-afeb-3dce868d1233,2025-06-25,22:11:59,2025-06-25T22:11:59Z,2025-06-25T22:11:59Z,NA,v3,NA,NA,NA,"Day, Hunter",10167489,Right,CHA_16U9,ee8e2efc-8368-4ad9-85f5-1c1e644d9bfc,54.54102,-126.81041,13.65985,6.20132,-6.71412,-7.17802,-1.99739,0.37999,-2.95178,NA,NA,NA,NA,NA,NA,NA,NA,NA,NA,NA,NA,NA,NA,NA,NA,NA,NA,NA,NA,NA,NA,NA,NA,NA,NA,NA,NA,NA,NA,NA,NA,NA,NA,NA,NA,NA,NA,NA,NA,NA,NA,NA,NA,NA,NA,NA,NA,NA,NA,High,High,High,NA,NA,NA,NA,NA,NA,NA,NA,NA,NA,NA,NA,NA,NA,NA,NA,NA,NA,NA,NA,NA,NA,NA,NA,NA,NA,NA,NA,NA,NA,NA,NA,NA,NA,NA,NA,NA,NA,NA,NA,NA,NA,NA,NA,NA,NA,NA,NA,NA,NA,NA,NA,NA,NA,NA,NA,NA,NA
NA,NA,NA,NA,NA,NA,NA,NA,NA,NA,NA,NA,NA,NA,NA,NA,24,2025-06-25,18:12:17,2,3,"Downey, Logan",10172738,Right,CHA_16U9,"Leoff, Parker",1000244073,Left,CHA_16U20,Undefined,1,Bottom,1,2,0,Undefined,Cutter,BallCalled,Undefined,Undefined,Undefined,0,0,NA,85.87807,-4.908496,-2.205526,2329.431224,195.494056,12:30:00,6.21772,1.75697,6.26563,-18.50115,19.05867,4.94528,0.13601,0.13465,78.93555,-8.400465,-1.312003,0.441096,NA,NA,NA,NA,NA,NA,NA,NA,NA,NA,NA,-3.20662,11.66835,-1.59608,50,5.84409,4.60515,-124.34515,-11.18271,-5.02335,24.79779,-13.89483,CHA_16U20,CHA_16U9,USABBCary3,USA Baseball,USA,20250625-USABBCary3-4,74faa3b0-5211-11f0-8a37-53b6fd546738,85.45177,NA,NA,6.94252,NA,NA,NA,NA,NA,NA,3640e600-30e5-454d-afeb-3dce868d1233,2025-06-25,22:12:17,2025-06-25T22:12:17Z,2025-06-25T22:12:17Z,NA,v3,NA,NA,NA,"Day, Hunter",10167489,Right,CHA_16U9,1c959a28-d8ab-4655-8bba-faef402ef6a8,54.2349,-125.18685,12.3989,6.21566,-10.71108,-6.94741,-1.75528,4.77565,-2.51167,NA,NA,NA,NA,NA,NA,NA,NA,NA,NA,NA,NA,NA,NA,NA,NA,NA,NA,NA,NA,NA,NA,NA,NA,NA,NA,NA,NA,NA,NA,NA,NA,NA,NA,NA,NA,NA,NA,NA,NA,NA,NA,NA,NA,NA,NA,NA,NA,NA,NA,High,High,High,NA,NA,NA,NA,NA,NA,NA,NA,NA,NA,NA,NA,NA,NA,NA,NA,NA,NA,NA,NA,NA,NA,NA,NA,NA,NA,NA,NA,NA,NA,NA,NA,NA,NA,NA,NA,NA,NA,NA,NA,NA,NA,NA,NA,NA,NA,NA,NA,NA,NA,NA,NA,NA,NA,NA,NA,NA,NA
NA,NA,NA,NA,NA,NA,NA,NA,NA,NA,NA,NA,NA,NA,NA,NA,25,2025-06-25,18:12:40,2,4,"Downey, Logan",10172738,Right,CHA_16U9,"Leoff, Parker",1000244073,Left,CHA_16U20,Undefined,1,Bottom,1,3,0,Undefined,Four-Seam,StrikeCalled,Undefined,Undefined,Undefined,0,0,NA,85.37381,-2.953412,-1.100237,2259.684424,188.493227,12:15:00,6.08536,2.00254,6.04156,-17.19269,21.18623,2.96847,1.9152,1.2311,77.76144,-6.243644,-0.56597,0.44588,NA,NA,NA,NA,NA,NA,NA,NA,NA,NA,NA,-1.85595,12.17851,-1.91837,50,5.84568,2.26064,-123.81753,-6.83631,-2.86416,26.08761,-13.37988,CHA_16U20,CHA_16U9,USABBCary3,USA Baseball,USA,20250625-USABBCary3-4,82a72880-5211-11f0-8a37-53b6fd546738,84.53499,NA,NA,7.61236,NA,NA,NA,NA,NA,NA,3640e600-30e5-454d-afeb-3dce868d1233,2025-06-25,22:12:40,2025-06-25T22:12:40Z,2025-06-25T22:12:40Z,NA,v3,NA,NA,NA,"Day, Hunter",10167489,Right,CHA_16U9,c35695c5-c8a4-4fa9-8cc5-33f0c753cc31,54.45651,-124.75296,13.04381,6.0822,-6.35654,-6.68994,-2.00127,2.36334,-1.43208,NA,NA,NA,NA,NA,NA,NA,NA,NA,NA,NA,NA,NA,NA,NA,NA,NA,NA,NA,NA,NA,NA,NA,NA,NA,NA,NA,NA,NA,NA,NA,NA,NA,NA,NA,NA,NA,NA,NA,NA,NA,NA,NA,NA,NA,NA,NA,NA,NA,NA,High,High,High,NA,NA,NA,NA,NA,NA,NA,NA,NA,NA,NA,NA,NA,NA,NA,NA,NA,NA,NA,NA,NA,NA,NA,NA,NA,NA,NA,NA,NA,NA,NA,NA,NA,NA,NA,NA,NA,NA,NA,NA,NA,NA,NA,NA,NA,NA,NA,NA,NA,NA,NA,NA,NA,NA,NA,NA,NA,NA
NA,NA,NA,NA,NA,NA,NA,NA,NA,NA,NA,NA,NA,NA,NA,NA,26,2025-06-25,18:12:58,2,5,"Downey, Logan",10172738,Right,CHA_16U9,"Leoff, Parker",1000244073,Left,CHA_16U20,Undefined,1,Bottom,1,3,1,Undefined,Four-Seam,InPlay,Undefined,LineDrive,Out,1,0,NA,85.628,-2.956207,-2.127752,2290.708056,189.425976,12:15:00,6.21905,1.88144,6.09833,-16.58588,21.53277,3.35831,2.09841,0.19246,77.94109,-6.140927,-1.523236,0.444365,99.41769,9.316938,15.456295,1261.610324,105.09484,7.55857,32.48189,160.60446,151.04592,18.45528,1.279205,-2.37953,12.41182,-1.71944,50,5.98258,4.48244,-124.1471,-6.83994,-3.68847,26.42696,-12.93452,CHA_16U20,CHA_16U9,USABBCary3,USA Baseball,USA,20250625-USABBCary3-4,8d9cf1c0-5211-11f0-8a37-53b6fd546738,84.82307,8.75686,NA,7.68691,NA,NA,NA,2.3968,2.24969,-0.18341,3640e600-30e5-454d-afeb-3dce868d1233,2025-06-25,22:12:58,2025-06-25T22:12:58Z,2025-06-25T22:12:58Z,LineDrive,v3,NA,NA,NA,"Day, Hunter",10167489,Right,CHA_16U9,0822569c-dc7f-48eb-bcd1-d4153f79bff2,54.40073,-125.08037,13.21348,6.21606,-6.38316,-6.46726,-1.88004,4.6127,-1.84424,296.230856,2.3968,138.68484,-19.24555,2.43164,-0.43779,-0.01007,0.06598,-0.03211,0.00586,2.24969,23.60656,-22.87421,2.6633,0.29413,-1.10352,0.95647,-0.4131,0.0733,-0.1834,38.34672,1.81262,-0.4417,-0.34652,0.63316,-0.51852,0.22164,-0.03922,NA,NA,NA,NA,NA,NA,NA,NA,NA,NA,NA,NA,NA,NA,NA,NA,NA,NA,NA,NA,NA,NA,High,High,High,High,High,NA,NA,NA,NA,NA,NA,NA,NA,NA,NA,NA,NA,NA,NA,NA,NA,NA,NA,NA,NA,NA,NA,NA,NA,NA,NA,NA,NA,NA,NA,NA,NA,NA,NA,NA,NA,NA,NA,NA,NA,NA,NA,NA,NA,NA,NA,NA,NA,NA,NA,NA,NA,NA,NA,NA,NA
NA,NA,NA,NA,NA,NA,NA,NA,NA,NA,NA,NA,NA,NA,NA,NA,27,2025-06-25,18:13:37,3,1,"Downey, Logan",10172738,Right,CHA_16U9,"Spencer, Talon",1000451147,Left,CHA_16U20,Undefined,1,Bottom,2,0,0,Undefined,Cutter,BallCalled,Undefined,Undefined,Undefined,0,0,NA,86.37502,-2.814185,-3.727381,2349.823329,183.526707,12:00:00,6.25887,1.43373,6.4169,-17.69997,19.44615,1.11992,2.18915,-1.90447,78.57316,-6.210039,-3.525132,0.43866,NA,NA,NA,NA,NA,NA,NA,NA,NA,NA,NA,-1.70339,11.37516,-1.16773,50,6.04908,8.10636,-125.09182,-6.5978,-2.67844,27.03107,-14.28737,CHA_16U20,CHA_16U9,USABBCary3,USA Baseball,USA,20250625-USABBCary3-4,a4de7750-5211-11f0-8a37-53b6fd546738,85.92631,NA,NA,7.80187,NA,NA,NA,NA,NA,NA,3640e600-30e5-454d-afeb-3dce868d1233,2025-06-25,22:13:37,2025-06-25T22:13:37Z,2025-06-25T22:13:37Z,NA,v3,NA,NA,NA,"Day, Hunter",10167489,Right,CHA_16U9,1687aa0c-4260-4168-bf94-33610cb57ae6,54.08044,-125.97047,13.51553,6.25599,-6.13338,-7.14369,-1.43264,8.19343,-1.33922,NA,NA,NA,NA,NA,NA,NA,NA,NA,NA,NA,NA,NA,NA,NA,NA,NA,NA,NA,NA,NA,NA,NA,NA,NA,NA,NA,NA,NA,NA,NA,NA,NA,NA,NA,NA,NA,NA,NA,NA,NA,NA,NA,NA,NA,NA,NA,NA,NA,NA,High,High,High,NA,NA,NA,NA,NA,NA,NA,NA,NA,NA,NA,NA,NA,NA,NA,NA,NA,NA,NA,NA,NA,NA,NA,NA,NA,NA,NA,NA,NA,NA,NA,NA,NA,NA,NA,NA,NA,NA,NA,NA,NA,NA,NA,NA,NA,NA,NA,NA,NA,NA,NA,NA,NA,NA,NA,NA,NA,NA
NA,NA,NA,NA,NA,NA,NA,NA,NA,NA,NA,NA,NA,NA,NA,NA,28,2025-06-25,18:13:56,3,2,"Downey, Logan",10172738,Right,CHA_16U9,"Spencer, Talon",1000451147,Left,CHA_16U20,Undefined,1,Bottom,2,1,0,Undefined,Four-Seam,BallCalled,Undefined,Undefined,Undefined,0,0,NA,86.51197,-4.16466,-2.161384,2294.919908,199.654178,12:45:00,6.25025,1.77973,6.13423,-17.98891,19.4421,6.47729,0.8924,0.32087,78.77718,-7.586819,-0.994025,0.440339,NA,NA,NA,NA,NA,NA,NA,NA,NA,NA,NA,-4.0248100000000004,11.71694,-1.6181,50,5.92235,4.4758,-125.26169,-9.61179,-6.34333,27.20094,-13.70749,CHA_16U20,CHA_16U9,USABBCary3,USA Baseball,USA,20250625-USABBCary3-4,b036d2f0-5211-11f0-8a37-53b6fd546738,85.59869,NA,NA,7.73479,NA,NA,NA,NA,NA,NA,3640e600-30e5-454d-afeb-3dce868d1233,2025-06-25,22:13:56,2025-06-25T22:13:56Z,2025-06-25T22:13:56Z,NA,v3,NA,NA,NA,"Day, Hunter",10167489,Right,CHA_16U9,328c6704-242a-4b76-b933-2e6e4deb8fe6,54.36495,-126.20599,13.60047,6.24777,-9.13593,-6.85374,-1.7773,4.69601,-3.17166,NA,NA,NA,NA,NA,NA,NA,NA,NA,NA,NA,NA,NA,NA,NA,NA,NA,NA,NA,NA,NA,NA,NA,NA,NA,NA,NA,NA,NA,NA,NA,NA,NA,NA,NA,NA,NA,NA,NA,NA,NA,NA,NA,NA,NA,NA,NA,NA,NA,NA,High,High,High,NA,NA,NA,NA,NA,NA,NA,NA,NA,NA,NA,NA,NA,NA,NA,NA,NA,NA,NA,NA,NA,NA,NA,NA,NA,NA,NA,NA,NA,NA,NA,NA,NA,NA,NA,NA,NA,NA,NA,NA,NA,NA,NA,NA,NA,NA,NA,NA,NA,NA,NA,NA,NA,NA,NA,NA,NA,NA
NA,NA,NA,NA,NA,NA,NA,NA,NA,NA,NA,NA,NA,NA,NA,NA,29,2025-06-25,18:14:15,3,3,"Downey, Logan",10172738,Right,CHA_16U9,"Spencer, Talon",1000451147,Left,CHA_16U20,Undefined,1,Bottom,2,2,0,Undefined,Cutter,StrikeCalled,Undefined,Undefined,Undefined,0,0,NA,84.67396,-3.115685,-2.338207,2260.298432,193.561466,12:30:00,6.16482,1.61588,6.21453,-19.37966,19.4271,4.36764,1.66927,-0.17919,77.20624,-6.805512,-1.550215,0.448358,NA,NA,NA,NA,NA,NA,NA,NA,NA,NA,NA,-2.94087,11.36855,-1.44265,50,5.92112,4.84149,-122.72789,-7.19054,-4.46156,25.49321,-14.92682,CHA_16U20,CHA_16U9,USABBCary3,USA Baseball,USA,20250625-USABBCary3-4,bb511420-5211-11f0-8a37-53b6fd546738,84.06772,NA,NA,7.46772,NA,NA,NA,NA,NA,NA,3640e600-30e5-454d-afeb-3dce868d1233,2025-06-25,22:14:15,2025-06-25T22:14:15Z,2025-06-25T22:14:15Z,NA,v3,NA,NA,NA,"Day, Hunter",10167489,Right,CHA_16U9,5ecadb58-7826-4b1a-927e-4727120b0bbe,54.28262,-123.61429,12.7466,6.16211,-6.67154,-7.46341,-1.61369,4.99662,-2.23078,NA,NA,NA,NA,NA,NA,NA,NA,NA,NA,NA,NA,NA,NA,NA,NA,NA,NA,NA,NA,NA,NA,NA,NA,NA,NA,NA,NA,NA,NA,NA,NA,NA,NA,NA,NA,NA,NA,NA,NA,NA,NA,NA,NA,NA,NA,NA,NA,NA,NA,High,High,High,NA,NA,NA,NA,NA,NA,NA,NA,NA,NA,NA,NA,NA,NA,NA,NA,NA,NA,NA,NA,NA,NA,NA,NA,NA,NA,NA,NA,NA,NA,NA,NA,NA,NA,NA,NA,NA,NA,NA,NA,NA,NA,NA,NA,NA,NA,NA,NA,NA,NA,NA,NA,NA,NA,NA,NA,NA,NA
NA,NA,NA,NA,NA,NA,NA,NA,NA,NA,NA,NA,NA,NA,NA,NA,30,2025-06-25,18:14:34,3,4,"Downey, Logan",10172738,Right,CHA_16U9,"Spencer, Talon",1000451147,Left,CHA_16U20,Undefined,1,Bottom,2,2,1,Undefined,Four-Seam,InPlay,Undefined,GroundBall,Out,1,0,NA,85.38165,-4.022798,-2.65799,2323.751803,200.925054,12:45:00,6.27332,1.59435,6.45445,-19.19481,18.56391,6.62115,0.96804,-0.29746,78.20983,-7.671362,-1.458054,0.442262,47.9003,-39.592599,-18.781014,NA,NA,NA,NA,2.47211,2.47211,-1.75517,0.021414,-4.22327,11.24001,-1.409,50,5.97919,5.49816,-123.717,-9.19871,-6.53321,25.12038,-14.78626,CHA_16U20,CHA_16U9,USABBCary3,USA Baseball,USA,20250625-USABBCary3-4,c6b7eeb0-5211-11f0-8a37-53b6fd546738,85.22642,0.96172,NA,7.17181,NA,NA,NA,1.37004,0.96172,0.29866,3640e600-30e5-454d-afeb-3dce868d1233,2025-06-25,22:14:34,2025-06-25T22:14:34Z,2025-06-25T22:14:34Z,GroundBall,v3,NA,NA,NA,"Day, Hunter",10167489,Right,CHA_16U9,050dc542-66f4-434a-9b5a-40611f4f03ac,54.04447,-124.53551,12.56019,6.27107,-8.71692,-7.39313,-1.59162,5.71103,-3.2666,NA,1.3695,51.41089,NA,NA,NA,NA,NA,NA,NA,0.96219,-44.91083,NA,NA,NA,NA,NA,NA,NA,0.29884,-17.48269,NA,NA,NA,NA,NA,NA,NA,NA,NA,NA,NA,NA,NA,NA,NA,NA,NA,NA,NA,NA,NA,NA,NA,NA,NA,NA,NA,NA,NA,High,High,High,Estimated,Estimated,NA,NA,NA,NA,NA,NA,NA,NA,NA,NA,NA,NA,NA,NA,NA,NA,NA,NA,NA,NA,NA,NA,NA,NA,NA,NA,NA,NA,NA,NA,NA,NA,NA,NA,NA,NA,NA,NA,NA,NA,NA,NA,NA,NA,NA,NA,NA,NA,NA,NA,NA,NA,NA,NA,NA,NA
NA,NA,NA,NA,NA,NA,NA,NA,NA,NA,NA,NA,NA,NA,NA,NA,31,2025-06-25,18:16:37,1,1,"Zhang, Kemuel",1000447854,Right,CHA_16U20,"Day, Hunter",10167489,Left,CHA_16U9,Undefined,2,Top,0,0,0,Undefined,Four-Seam,BallCalled,Undefined,Undefined,Undefined,0,0,NA,85.8512,-0.88734,-3.1452,2234.577084,207.388824,01:00:00,5.08045,1.02127,5.469,-22.32411,16.54446,7.88221,2.38836,-1.26834,77.8923,-5.075055,-1.744655,0.448715,NA,NA,NA,NA,NA,NA,NA,NA,NA,NA,NA,-4.97961,9.01611,-0.75021,50,4.98752,6.5075,-124.39169,-2.64934,-7.73835,26.85959,-18.16298,CHA_16U20,CHA_16U9,USABBCary3,USA Baseball,USA,20250625-USABBCary3-4,1015f9d0-5212-11f0-8a37-53b6fd546738,84.00084,NA,NA,7.95891,NA,NA,NA,NA,NA,NA,3640e600-30e5-454d-afeb-3dce868d1233,2025-06-25,22:16:37,2025-06-25T22:16:37Z,2025-06-25T22:16:37Z,NA,v3,NA,NA,NA,"Brown, Codey",10315575,Right,CHA_16U20,83948988-dc28-4119-bbfe-6982f00ec716,55.03088,-125.47329,13.42979,5.07949,-1.91794,-9.08149,-1.01853,6.81912,-3.86917,NA,NA,NA,NA,NA,NA,NA,NA,NA,NA,NA,NA,NA,NA,NA,NA,NA,NA,NA,NA,NA,NA,NA,NA,NA,NA,NA,NA,NA,NA,NA,NA,NA,NA,NA,NA,NA,NA,NA,NA,NA,NA,NA,NA,NA,NA,NA,NA,NA,NA,High,High,High,NA,NA,NA,NA,NA,NA,NA,NA,NA,NA,NA,NA,NA,NA,NA,NA,NA,NA,NA,NA,NA,NA,NA,NA,NA,NA,NA,NA,NA,NA,NA,NA,NA,NA,NA,NA,NA,NA,NA,NA,NA,NA,NA,NA,NA,NA,NA,NA,NA,NA,NA,NA,NA,NA,NA,NA,NA,NA
NA,NA,NA,NA,NA,NA,NA,NA,NA,NA,NA,NA,NA,NA,NA,NA,32,2025-06-25,18:16:53,1,2,"Zhang, Kemuel",1000447854,Right,CHA_16U20,"Day, Hunter",10167489,Left,CHA_16U9,Undefined,2,Top,0,1,0,Undefined,Four-Seam,StrikeCalled,Undefined,Undefined,Undefined,0,0,NA,85.54423,-1.954573,-1.297737,2235.856899,198.889474,12:45:00,5.06839,1.06297,5.49711,-20.05584,19.04867,6.05205,1.56761,0.35322,77.61266,-5.739208,-0.219493,0.450075,NA,NA,NA,NA,NA,NA,NA,NA,NA,NA,NA,-3.45406,10.60697,-0.95372,50,4.88429,2.55171,-123.99607,-4.84648,-5.33014,26.83345,-15.80577,CHA_16U20,CHA_16U9,USABBCary3,USA Baseball,USA,20250625-USABBCary3-4,19631c20-5212-11f0-8a37-53b6fd546738,83.74701,NA,NA,7.93157,NA,NA,NA,NA,NA,NA,3640e600-30e5-454d-afeb-3dce868d1233,2025-06-25,22:16:53,2025-06-25T22:16:53Z,2025-06-25T22:16:53Z,NA,v3,NA,NA,NA,"Brown, Codey",10315575,Right,CHA_16U20,c72b1310-8b58-4d04-ba13-b2abfff08c68,55.00046,-125.07352,13.41673,5.06615,-4.21183,-7.90289,-1.06048,2.76573,-2.66507,NA,NA,NA,NA,NA,NA,NA,NA,NA,NA,NA,NA,NA,NA,NA,NA,NA,NA,NA,NA,NA,NA,NA,NA,NA,NA,NA,NA,NA,NA,NA,NA,NA,NA,NA,NA,NA,NA,NA,NA,NA,NA,NA,NA,NA,NA,NA,NA,NA,NA,High,High,High,NA,NA,NA,NA,NA,NA,NA,NA,NA,NA,NA,NA,NA,NA,NA,NA,NA,NA,NA,NA,NA,NA,NA,NA,NA,NA,NA,NA,NA,NA,NA,NA,NA,NA,NA,NA,NA,NA,NA,NA,NA,NA,NA,NA,NA,NA,NA,NA,NA,NA,NA,NA,NA,NA,NA,NA,NA,NA
NA,NA,NA,NA,NA,NA,NA,NA,NA,NA,NA,NA,NA,NA,NA,NA,33,2025-06-25,18:17:13,1,3,"Zhang, Kemuel",1000447854,Right,CHA_16U20,"Day, Hunter",10167489,Left,CHA_16U9,Undefined,2,Top,0,1,1,Undefined,Four-Seam,InPlay,Undefined,GroundBall,Out,1,0,NA,86.9249,-1.227078,-1.551876,2257.805164,203.261621,12:45:00,5.0786,1.05138,5.46305,-19.53344,18.40899,7.34359,2.3017,0.21048,78.69318,-4.92013,-0.244764,0.443337,61.18561,-32.072748,19.44595,NA,NA,NA,NA,4.68725,4.68725,12.262403,0.046185,-4.21614,10.06477,-0.92008,50,4.95772,3.10114,-126.02968,-3.31401,-6.70957,28.13591,-16.15696,CHA_16U20,CHA_16U9,USABBCary3,USA Baseball,USA,20250625-USABBCary3-4,2587ef80-5212-11f0-8a37-53b6fd546738,85.01982,2.21008,NA,8.23172,NA,NA,NA,1.2546,2.21008,-0.17865,3640e600-30e5-454d-afeb-3dce868d1233,2025-06-25,22:17:13,2025-06-25T22:17:13Z,2025-06-25T22:17:13Z,GroundBall,v3,NA,NA,NA,"Brown, Codey",10315575,Right,CHA_16U20,a9dbbc89-0e73-42a7-9ace-9451de3a2603,55.03582,-127.14895,14.06795,5.07677,-2.67127,-8.07848,-1.04875,3.36805,-3.35479,180,1.25235,72.00784,NA,NA,NA,NA,NA,NA,NA,2.21158,-47.85241,NA,NA,NA,NA,NA,NA,NA,-0.17944,25.42289,NA,NA,NA,NA,NA,NA,NA,NA,NA,NA,NA,NA,NA,NA,NA,NA,NA,NA,NA,NA,NA,NA,NA,NA,NA,NA,NA,NA,NA,High,High,High,High,High,NA,NA,NA,NA,NA,NA,NA,NA,NA,NA,NA,NA,NA,NA,NA,NA,NA,NA,NA,NA,NA,NA,NA,NA,NA,NA,NA,NA,NA,NA,NA,NA,NA,NA,NA,NA,NA,NA,NA,NA,NA,NA,NA,NA,NA,NA,NA,NA,NA,NA,NA,NA,NA,NA,NA,NA
NA,NA,NA,NA,NA,NA,NA,NA,NA,NA,NA,NA,NA,NA,NA,NA,34,2025-06-25,18:17:46,2,1,"Zhang, Kemuel",1000447854,Right,CHA_16U20,"Matarese, Dante",10266477,Left,CHA_16U9,Undefined,2,Top,1,0,0,Undefined,Four-Seam,InPlay,Undefined,LineDrive,Single,0,0,NA,85.8932,-0.303692,-1.663101,2290.404686,219.676409,01:15:00,5.07899,1.15962,5.41266,-21.92387,17.00359,12.98142,2.96737,0.68288,77.69421,-4.429557,0.645262,0.449055,91.53442,7.560193,-1.828327,835.092502,109.72732,7.30541,-7.73866,162.57196,162.39619,-4.852268,1.420659,-7.0793,9.04516,-1.02127,50,5.03721,3.05973,-124.54024,-1.36491,-11.00186,27.46304,-18.11708,CHA_16U20,CHA_16U9,USABBCary3,USA Baseball,USA,20250625-USABBCary3-4,395c88e0-5212-11f0-8a37-53b6fd546738,83.93724,8.39303,NA,8.19899,NA,NA,NA,1.67335,2.97222,-0.68281,3640e600-30e5-454d-afeb-3dce868d1233,2025-06-25,22:17:46,2025-06-25T22:17:46Z,2025-06-25T22:17:46Z,GroundBall,v3,NA,NA,NA,"Brown, Codey",10315575,Right,CHA_16U20,d01cc089-51dc-45cc-955c-819dfaf8b034,55.08587,-125.65675,13.73152,5.07773,-0.62836,-9.05854,-1.15475,3.50701,-5.50093,124.042715,1.67335,133.0155,-18.04513,3.48746,-0.69947,0.13652,-0.02666,0.00445,-4.1e-4,2.97222,17.663,-14.80489,0.73755,-0.09339,0.01515,-0.00104,1.7e-4,-3e-5,-0.68281,-4.24601,-4.87135,1.33735,-0.33953,0.07799,-0.0166,0.00285,-2.7e-4,NA,NA,NA,NA,NA,NA,NA,NA,NA,NA,NA,NA,NA,NA,NA,NA,NA,NA,NA,NA,NA,NA,High,High,High,High,High,NA,NA,NA,NA,NA,NA,NA,NA,NA,NA,NA,NA,NA,NA,NA,NA,NA,NA,NA,NA,NA,NA,NA,NA,NA,NA,NA,NA,NA,NA,NA,NA,NA,NA,NA,NA,NA,NA,NA,NA,NA,NA,NA,NA,NA,NA,NA,NA,NA,NA,NA,NA,NA,NA,NA,NA
NA,NA,NA,NA,NA,NA,NA,NA,NA,NA,NA,NA,NA,NA,NA,NA,35,2025-06-25,18:18:21,3,1,"Zhang, Kemuel",1000447854,Right,CHA_16U20,"Price, James",1000323865,Right,CHA_16U9,Undefined,2,Top,1,0,0,Undefined,Four-Seam,StrikeSwinging,Undefined,Undefined,Undefined,0,0,NA,84.43777,-0.576476,-1.262526,2301.376808,206.60446,01:00:00,5.16848,1.02243,5.26856,-21.63714,18.96875,8.77371,2.82371,0.5674,76.20197,-4.654567,0.293644,0.458634,NA,NA,NA,NA,NA,NA,NA,NA,NA,NA,NA,-4.73697,10.05583,-0.91354,50,5.10044,2.30478,-122.32196,-1.90862,-7.09238,26.78667,-17.11805,CHA_16U20,CHA_16U9,USABBCary3,USA Baseball,USA,20250625-USABBCary3-4,4e3ee8c0-5212-11f0-8a37-53b6fd546738,82.18419,NA,NA,8.2358,NA,NA,NA,NA,NA,NA,3640e600-30e5-454d-afeb-3dce868d1233,2025-06-25,22:18:21,2025-06-25T22:18:21Z,2025-06-25T22:18:21Z,NA,v3,NA,NA,NA,"Brown, Codey",10315575,Right,CHA_16U20,c637b0ce-54ea-4df7-b072-5da6c82c927d,55.22599,-123.46107,13.39333,5.16613,-1.18067,-8.55902,-1.01796,2.60638,-3.54619,NA,NA,NA,NA,NA,NA,NA,NA,NA,NA,NA,NA,NA,NA,NA,NA,NA,NA,NA,NA,NA,NA,NA,NA,NA,NA,NA,NA,NA,NA,NA,NA,NA,NA,NA,NA,NA,NA,NA,NA,NA,NA,NA,NA,NA,NA,NA,NA,NA,NA,High,High,High,NA,NA,NA,NA,NA,NA,NA,NA,NA,NA,NA,NA,NA,NA,NA,NA,NA,NA,NA,NA,NA,NA,NA,NA,NA,NA,NA,NA,NA,NA,NA,NA,NA,NA,NA,NA,NA,NA,NA,NA,NA,NA,NA,NA,NA,NA,NA,NA,NA,NA,NA,NA,NA,NA,NA,NA,NA,NA
NA,NA,NA,NA,NA,NA,NA,NA,NA,NA,NA,NA,NA,NA,NA,NA,36,2025-06-25,18:18:39,3,2,"Zhang, Kemuel",1000447854,Right,CHA_16U20,"Price, James",1000323865,Right,CHA_16U9,Undefined,2,Top,1,0,1,Undefined,Curveball,BallCalled,Undefined,Undefined,Undefined,0,0,NA,77.27075,-0.165747,0.085529,2586.54868,69.956304,08:15:00,5.02522,1.19688,4.80153,-51.2516,-1.44949,-9.16189,0.5972,0.51444,69.73159,-9.436799,-1.530158,0.50792,NA,NA,NA,NA,NA,NA,NA,NA,NA,NA,NA,4.54803,-0.14902,-1.19692,50,4.96444,0.21488,-111.83585,-2.17081,5.6261,24.54029,-32.35839,CHA_16U20,CHA_16U9,USABBCary3,USA Baseball,USA,20250625-USABBCary3-4,59265a20-5212-11f0-8a37-53b6fd546738,74.20939,NA,NA,7.53917,NA,NA,NA,NA,NA,NA,3640e600-30e5-454d-afeb-3dce868d1233,2025-06-25,22:18:39,2025-06-25T22:18:39Z,2025-06-25T22:18:39Z,NA,v3,NA,NA,NA,"Brown, Codey",10315575,Right,CHA_16U20,c90041d0-0b59-4e2f-b93a-5f6d06aa4b92,55.69631,-113.07889,12.27014,5.03289,-0.53177,-16.17919,-1.20059,-0.0701,2.81305,NA,NA,NA,NA,NA,NA,NA,NA,NA,NA,NA,NA,NA,NA,NA,NA,NA,NA,NA,NA,NA,NA,NA,NA,NA,NA,NA,NA,NA,NA,NA,NA,NA,NA,NA,NA,NA,NA,NA,NA,NA,NA,NA,NA,NA,NA,NA,NA,NA,NA,High,High,High,NA,NA,NA,NA,NA,NA,NA,NA,NA,NA,NA,NA,NA,NA,NA,NA,NA,NA,NA,NA,NA,NA,NA,NA,NA,NA,NA,NA,NA,NA,NA,NA,NA,NA,NA,NA,NA,NA,NA,NA,NA,NA,NA,NA,NA,NA,NA,NA,NA,NA,NA,NA,NA,NA,NA,NA,NA,NA
NA,NA,NA,NA,NA,NA,NA,NA,NA,NA,NA,NA,NA,NA,NA,NA,37,2025-06-25,18:18:58,3,3,"Zhang, Kemuel",1000447854,Right,CHA_16U20,"Price, James",1000323865,Right,CHA_16U9,Undefined,2,Top,1,1,1,Undefined,Four-Seam,StrikeCalled,Undefined,Undefined,Undefined,0,0,NA,85.26365,-0.497778,-3.119833,2244.908552,211.098624,01:00:00,5.0567,1.12772,5.471,-20.25084,19.50556,10.87599,2.90259,-0.8885,76.57506,-4.349932,-1.187288,0.453811,NA,NA,NA,NA,NA,NA,NA,NA,NA,NA,NA,-6.42689,10.36867,-0.86063,50,4.99955,6.2425,-123.36315,-1.67339,-9.74803,28.14764,-16.4473,CHA_16U20,CHA_16U9,USABBCary3,USA Baseball,USA,20250625-USABBCary3-4,640fa040-5212-11f0-8a37-53b6fd546738,83.0576,NA,NA,8.6886,NA,NA,NA,NA,NA,NA,3640e600-30e5-454d-afeb-3dce868d1233,2025-06-25,22:18:58,2025-06-25T22:18:58Z,2025-06-25T22:18:58Z,NA,v3,NA,NA,NA,"Brown, Codey",10315575,Right,CHA_16U20,bdde12a8-5358-4310-898d-5b3d2706a76e,55.0232,-124.50402,14.07382,5.05386,-1.00675,-8.22365,-1.12165,6.6376,-4.87401,NA,NA,NA,NA,NA,NA,NA,NA,NA,NA,NA,NA,NA,NA,NA,NA,NA,NA,NA,NA,NA,NA,NA,NA,NA,NA,NA,NA,NA,NA,NA,NA,NA,NA,NA,NA,NA,NA,NA,NA,NA,NA,NA,NA,NA,NA,NA,NA,NA,NA,High,High,High,NA,NA,NA,NA,NA,NA,NA,NA,NA,NA,NA,NA,NA,NA,NA,NA,NA,NA,NA,NA,NA,NA,NA,NA,NA,NA,NA,NA,NA,NA,NA,NA,NA,NA,NA,NA,NA,NA,NA,NA,NA,NA,NA,NA,NA,NA,NA,NA,NA,NA,NA,NA,NA,NA,NA,NA,NA,NA
NA,NA,NA,NA,NA,NA,NA,NA,NA,NA,NA,NA,NA,NA,NA,NA,38,2025-06-25,18:19:17,3,4,"Zhang, Kemuel",1000447854,Right,CHA_16U20,"Price, James",1000323865,Right,CHA_16U9,Undefined,2,Top,1,1,2,Undefined,Cutter,FoulBallNotFieldable,Undefined,Undefined,Undefined,0,0,NA,84.34071,-0.345944,-2.573307,2276.087935,192.127011,12:30:00,5.27532,0.78761,5.4038,-20.35851,20.03761,4.0061,3.2543,-1.29138,76.35278,-4.197313,-1.862104,0.457448,61.8848,37.706496,125.8481,5101.406618,NA,NA,NA,NA,40.53502,NA,NA,-2.79953,10.58725,-0.56118,50,5.23082,5.3219900000000004,-122.20002,-1.35546,-4.19575,26.06933,-16.30664,CHA_16U20,CHA_16U9,USABBCary3,USA Baseball,USA,20250625-USABBCary3-4,6f5f7060-5212-11f0-8a37-53b6fd546738,82.39729,28.67896,NA,7.98793,NA,NA,NA,1.14342,3.32499,1.34713,3640e600-30e5-454d-afeb-3dce868d1233,2025-06-25,22:19:17,2025-06-25T22:19:17Z,2025-06-25T22:19:17Z,NA,v3,NA,NA,NA,"Brown, Codey",10315575,Right,CHA_16U20,282cc156-5320-46fa-9fdd-71ae4b73751b,55.09346,-123.28184,13.03467,5.27303,-0.67877,-8.15332,-0.78564,5.49611,-2.09788,304.045174,1.14342,-42.05394,-1.32885,1.01911,-0.79158,3.07662,-7.05465,7.69648,-3.27905,3.32499,55.51293,-22.60676,2.11786,-0.3976,-0.03868,0.29389,-0.36409,0.16399,1.34713,58.20588,-10.40279,2.31518,-0.90024,2.63558,-5.91768,6.40587,-2.71755,NA,NA,NA,NA,NA,NA,NA,NA,NA,NA,NA,NA,NA,NA,NA,NA,NA,NA,NA,NA,NA,NA,High,High,High,High,Undefined,NA,NA,NA,NA,NA,NA,NA,NA,NA,NA,NA,NA,NA,NA,NA,NA,NA,NA,NA,NA,NA,NA,NA,NA,NA,NA,NA,NA,NA,NA,NA,NA,NA,NA,NA,NA,NA,NA,NA,NA,NA,NA,NA,NA,NA,NA,NA,NA,NA,NA,NA,NA,NA,NA,NA,NA
NA,NA,NA,NA,NA,NA,NA,NA,NA,NA,NA,NA,NA,NA,NA,NA,39,2025-06-25,18:19:58,3,5,"Zhang, Kemuel",1000447854,Right,CHA_16U20,"Price, James",1000323865,Right,CHA_16U9,Undefined,2,Top,1,1,2,Undefined,Slider,BallCalled,Undefined,Undefined,Undefined,0,0,NA,78.88863,-0.355271,-0.661223,2652.418767,78.600566,08:30:00,5.01491,1.22511,4.96771,-47.38884,0.26976,-7.89776,0.73022,-0.05768,70.88956,-8.975221,-2.05748,0.496869,NA,NA,NA,NA,NA,NA,NA,NA,NA,NA,NA,3.66331,0.79827,-1.15436,50,4.94218,1.65178,-114.13342,-2.41188,4.70404,26.19526,-31.14901,CHA_16U20,CHA_16U9,USABBCary3,USA Baseball,USA,20250625-USABBCary3-4,88374d60-5212-11f0-8a37-53b6fd546738,75.85987,NA,NA,7.99907,NA,NA,NA,NA,NA,NA,3640e600-30e5-454d-afeb-3dce868d1233,2025-06-25,22:19:58,2025-06-25T22:19:58Z,2025-06-25T22:19:58Z,NA,v3,NA,NA,NA,"Brown, Codey",10315575,Right,CHA_16U20,02f65851-aa07-4371-a9c0-e56aac12652a,55.52835,-115.39528,13.09763,5.02222,-0.91139,-15.57451,-1.22847,1.42519,2.35202,NA,NA,NA,NA,NA,NA,NA,NA,NA,NA,NA,NA,NA,NA,NA,NA,NA,NA,NA,NA,NA,NA,NA,NA,NA,NA,NA,NA,NA,NA,NA,NA,NA,NA,NA,NA,NA,NA,NA,NA,NA,NA,NA,NA,NA,NA,NA,NA,NA,NA,High,High,High,NA,NA,NA,NA,NA,NA,NA,NA,NA,NA,NA,NA,NA,NA,NA,NA,NA,NA,NA,NA,NA,NA,NA,NA,NA,NA,NA,NA,NA,NA,NA,NA,NA,NA,NA,NA,NA,NA,NA,NA,NA,NA,NA,NA,NA,NA,NA,NA,NA,NA,NA,NA,NA,NA,NA,NA,NA,NA
NA,NA,NA,NA,NA,NA,NA,NA,NA,NA,NA,NA,NA,NA,NA,NA,40,2025-06-25,18:20:17,3,6,"Zhang, Kemuel",1000447854,Right,CHA_16U20,"Price, James",1000323865,Right,CHA_16U9,Undefined,2,Top,1,2,2,Undefined,Four-Seam,InPlay,Undefined,LineDrive,Single,0,0,NA,85.46371,-0.573072,-2.663212,2312.203695,210.778453,01:00:00,5.12968,0.93766,5.47221,-22.11056,17.40572,9.50099,2.75024,-0.76467,76.86347,-4.75054,-0.97365,0.452438,75.54275,17.08655,15.560887,2974.982509,103.52126,20.34058,37.19308,201.86407,201.18449,23.039927,2.358937,-5.6526,9.36764,-0.71018,50,5.06474,5.34626,-123.74004,-1.92994,-8.62314,28.39672,-17.88354,CHA_16U20,CHA_16U9,USABBCary3,USA Baseball,USA,20250625-USABBCary3-4,934a1480-5212-11f0-8a37-53b6fd546738,83.30956,20.37422,NA,8.60024,NA,NA,NA,1.0575,2.78668,0.82394,3640e600-30e5-454d-afeb-3dce868d1233,2025-06-25,22:20:17,2025-06-25T22:20:17Z,2025-06-25T22:20:17Z,LineDrive,v3,NA,NA,NA,"Brown, Codey",10315575,Right,CHA_16U20,7b55f348-54e5-4282-8adc-b2d9de260fb2,55.02425,-124.88772,14.19836,5.12813,-1.20716,-8.94177,-0.9333,5.69477,-4.31157,236.545663,1.05748,102.02502,-14.60894,2.83899,-0.53724,0.08271,-0.00867,2.5e-4,5e-5,2.78672,32.54954,-15.91396,0.94723,-0.21332,0.08365,-0.02939,0.00678,-6.7e-4,0.82397,28.40753,3.21065,-0.77106,0.13374,0.00437,-0.01263,0.00374,-4e-4,NA,NA,NA,NA,NA,NA,NA,NA,NA,NA,NA,NA,NA,NA,NA,NA,NA,NA,NA,NA,NA,NA,High,High,High,High,High,NA,NA,NA,NA,NA,NA,NA,NA,NA,NA,NA,NA,NA,NA,NA,NA,NA,NA,NA,NA,NA,NA,NA,NA,NA,NA,NA,NA,NA,NA,NA,NA,NA,NA,NA,NA,NA,NA,NA,NA,NA,NA,NA,NA,NA,NA,NA,NA,NA,NA,NA,NA,NA,NA,NA,NA
NA,NA,NA,NA,NA,NA,NA,NA,NA,NA,NA,NA,NA,NA,NA,NA,41,2025-06-25,18:20:52,4,1,"Zhang, Kemuel",1000447854,Right,CHA_16U20,"Plyler, Wyatt",1000138215,Right,CHA_16U9,Undefined,2,Top,1,0,0,Undefined,Curveball,InPlay,Undefined,LineDrive,Triple,0,2,NA,77.55176,1.802556,-0.875795,2558.856596,61.274097,08:00:00,5.01921,1.15166,5.07427,-51.82763,-2.48351,-8.13922,2.40038,-0.35234,69.18341,-7.670259,-2.315254,0.505579,90.76364,11.196861,32.719593,3545.77053,87.82508,12.07676,66.23215,184.85355,184.85355,39.97712,1.701889,3.70862,-1.33567,-1.06182,50,5.14965,2.05116,-112.1281,1.70846,4.57742,26.03692,-33.82263,CHA_16U20,CHA_16U9,USABBCary3,USA Baseball,USA,20250625-USABBCary3-4,a816a270-5212-11f0-8a37-53b6fd546738,74.55298,12.40723,NA,8.36835,NA,NA,NA,1.28286,2.43058,0.40055,3640e600-30e5-454d-afeb-3dce868d1233,2025-06-25,22:20:52,2025-06-25T22:20:52Z,2025-06-25T22:20:52Z,LineDrive,v3,NA,NA,NA,"Brown, Codey",10315575,Right,CHA_16U20,4c189932-9bad-46e8-b22a-ba08da01bd5c,55.42194,-113.38013,13.01846,5.02839,3.33488,-16.91132,-1.15517,1.83105,2.28871,255.412265,1.28286,109.86551,-22.53265,5.26944,-1.16386,0.22693,-0.04172,0.00604,-4.5e-4,2.43058,25.84917,-17.37922,0.8284,0.01231,-0.03599,0.0133,-0.0023,1.9e-4,0.40055,70.58521,0.91726,-1.60205,0.63337,-0.1852,0.04414,-0.00755,6.7e-4,NA,NA,NA,NA,NA,NA,NA,NA,NA,NA,NA,NA,NA,NA,NA,NA,NA,NA,NA,NA,NA,NA,High,High,High,High,High,NA,NA,NA,NA,NA,NA,NA,NA,NA,NA,NA,NA,NA,NA,NA,NA,NA,NA,NA,NA,NA,NA,NA,NA,NA,NA,NA,NA,NA,NA,NA,NA,NA,NA,NA,NA,NA,NA,NA,NA,NA,NA,NA,NA,NA,NA,NA,NA,NA,NA,NA,NA,NA,NA,NA,NA
NA,NA,NA,NA,NA,NA,NA,NA,NA,NA,NA,NA,NA,NA,NA,NA,42,2025-06-25,18:21:40,5,1,"Zhang, Kemuel",1000447854,Right,CHA_16U20,"Gullina, John Luca",1000451595,Right,CHA_16U9,Undefined,2,Top,1,0,0,Undefined,Four-Seam,StrikeSwinging,Undefined,Undefined,Undefined,0,0,NA,85.07549,0.033347,-2.645453,2282.810708,207.226824,01:00:00,5.13255,0.9944,5.67104,-21.64265,17.68375,8.39772,3.36012,-0.77403,76.93644,-4.064432,-1.146914,0.45135,NA,NA,NA,NA,NA,NA,NA,NA,NA,NA,NA,-5.03721,9.34457,-0.7762,50,5.12198,5.33935,-123.28905,-0.57532,-7.68202,26.61204,-17.9231,CHA_16U20,CHA_16U9,USABBCary3,USA Baseball,USA,20250625-USABBCary3-4,c4aff440-5212-11f0-8a37-53b6fd546738,83.51044,NA,NA,8.13905,NA,NA,NA,NA,NA,NA,3640e600-30e5-454d-afeb-3dce868d1233,2025-06-25,22:21:40,2025-06-25T22:21:40Z,2025-06-25T22:21:40Z,NA,v3,NA,NA,NA,"Brown, Codey",10315575,Right,CHA_16U20,9ad84489-23bd-4c1a-88fd-4dc5dcb49dfa,54.82483,-124.32613,13.30602,5.13079,0.12315,-8.96155,-0.99011,5.63872,-3.84101,NA,NA,NA,NA,NA,NA,NA,NA,NA,NA,NA,NA,NA,NA,NA,NA,NA,NA,NA,NA,NA,NA,NA,NA,NA,NA,NA,NA,NA,NA,NA,NA,NA,NA,NA,NA,NA,NA,NA,NA,NA,NA,NA,NA,NA,NA,NA,NA,NA,NA,High,High,High,NA,NA,NA,NA,NA,NA,NA,NA,NA,NA,NA,NA,NA,NA,NA,NA,NA,NA,NA,NA,NA,NA,NA,NA,NA,NA,NA,NA,NA,NA,NA,NA,NA,NA,NA,NA,NA,NA,NA,NA,NA,NA,NA,NA,NA,NA,NA,NA,NA,NA,NA,NA,NA,NA,NA,NA,NA,NA
NA,NA,NA,NA,NA,NA,NA,NA,NA,NA,NA,NA,NA,NA,NA,NA,43,2025-06-25,18:22:00,5,2,"Zhang, Kemuel",1000447854,Right,CHA_16U20,"Gullina, John Luca",1000451595,Right,CHA_16U9,Undefined,2,Top,1,0,1,Undefined,Four-Seam,InPlay,Undefined,Bunt,Out,1,0,NA,85.08966,-0.700637,-1.068638,2322.078344,216.498813,01:15:00,5.1957700000000004,1.0083,5.45536,-22.72769,16.98843,11.51855,2.64578,0.9677,76.8096,-4.979656,0.982058,0.453581,30.33245,-1.647815,31.682107,1528.413202,NA,NA,NA,16.91521,16.91521,26.542157,0.366207,-6.14965,9.18855,-0.9223,50,5.11891,1.80852,-123.34792,-2.22763,-9.34611,27.63668,-18.2095,CHA_16U20,CHA_16U9,USABBCary3,USA Baseball,USA,20250625-USABBCary3-4,d098d010-5212-11f0-8a37-53b6fd546738,83.09968,2.62404,NA,8.28006,NA,NA,NA,1.65639,2.62404,-1.02935,3640e600-30e5-454d-afeb-3dce868d1233,2025-06-25,22:22:00,2025-06-25T22:22:00Z,2025-06-25T22:22:00Z,GroundBall,v3,NA,NA,NA,"Brown, Codey",10315575,Right,CHA_16U20,5f87f37d-e9ad-402c-8159-d22578562e60,55.04189,-124.47246,13.81834,5.19448,-1.48669,-9.10475,-1.00363,2.18881,-4.67305,278.250749,1.65644,37.83941,-2.84155,NA,NA,NA,NA,NA,NA,2.62527,-1.32333,-15.97137,NA,NA,NA,NA,NA,NA,-1.02957,23.36348,0.24289,NA,NA,NA,NA,NA,NA,NA,NA,NA,NA,NA,NA,NA,NA,NA,NA,NA,NA,NA,NA,NA,NA,NA,NA,NA,NA,NA,NA,High,High,High,High,High,NA,NA,NA,NA,NA,NA,NA,NA,NA,NA,NA,NA,NA,NA,NA,NA,NA,NA,NA,NA,NA,NA,NA,NA,NA,NA,NA,NA,NA,NA,NA,NA,NA,NA,NA,NA,NA,NA,NA,NA,NA,NA,NA,NA,NA,NA,NA,NA,NA,NA,NA,NA,NA,NA,NA,NA
NA,NA,NA,NA,NA,NA,NA,NA,NA,NA,NA,NA,NA,NA,NA,NA,44,2025-06-25,18:22:34,6,1,"Zhang, Kemuel",1000447854,Right,CHA_16U20,"Diaz, Juan",10156050,Left,CHA_16U9,Undefined,2,Top,2,0,0,Undefined,Changeup,FoulBallNotFieldable,Undefined,Undefined,Undefined,0,0,NA,80.3525,-0.133219,-1.242311,1212.933014,273.053605,03:00:00,4.89563,1.26901,5.59779,-43.04235,0.96528,9.33241,1.18437,0.88668,73.3953,-8.026846,0.426211,0.477458,NA,NA,NA,NA,NA,NA,NA,NA,NA,NA,NA,-5.14941,0.89079,-1.16894,50,4.85602,2.16941,-116.64426,-1.70375,-7.03761,23.58471,-30.9566,CHA_16U20,CHA_16U9,USABBCary3,USA Baseball,USA,20250625-USABBCary3-4,e4efb8d0-5212-11f0-8a37-53b6fd546738,78.94396,NA,NA,6.9572,NA,NA,NA,NA,NA,NA,3640e600-30e5-454d-afeb-3dce868d1233,2025-06-25,22:22:34,2025-06-25T22:22:34Z,2025-06-25T22:22:34Z,NA,v3,NA,NA,NA,"Brown, Codey",10315575,Right,CHA_16U20,641b883e-c202-4972-928b-50578042fca7,54.90294,-117.63143,11.79236,4.90022,-0.40802,-15.4783,-1.26591,2.46398,-3.51881,NA,NA,NA,NA,NA,NA,NA,NA,NA,NA,NA,NA,NA,NA,NA,NA,NA,NA,NA,NA,NA,NA,NA,NA,NA,NA,NA,NA,NA,NA,NA,NA,NA,NA,NA,NA,NA,NA,NA,NA,NA,NA,NA,NA,NA,NA,NA,NA,NA,NA,High,High,High,NA,NA,NA,NA,NA,NA,NA,NA,NA,NA,NA,NA,NA,NA,NA,NA,NA,NA,NA,NA,NA,NA,NA,NA,NA,NA,NA,NA,NA,NA,NA,NA,NA,NA,NA,NA,NA,NA,NA,NA,NA,NA,NA,NA,NA,NA,NA,NA,NA,NA,NA,NA,NA,NA,NA,NA,NA,NA
NA,NA,NA,NA,NA,NA,NA,NA,NA,NA,NA,NA,NA,NA,NA,NA,45,2025-06-25,18:23:06,6,2,"Zhang, Kemuel",1000447854,Right,CHA_16U20,"Diaz, Juan",10156050,Left,CHA_16U9,Undefined,2,Top,2,0,1,Undefined,Changeup,BallCalled,Undefined,Undefined,Undefined,0,0,NA,79.97277,-2.412965,-2.900839,1331.462106,268.396365,03:00:00,4.90052,1.17174,5.78169,-42.45534,1.95728,15.02855,-0.88669,-0.27718,73.13555,-10.186304,-0.203533,0.47965,NA,NA,NA,NA,NA,NA,NA,NA,NA,NA,NA,-8.72827,2.07303,-0.942,50,4.67515,5.32338,-115.89838,-6.23866,-11.72925,24.09138,-29.38826,CHA_16U20,CHA_16U9,USABBCary3,USA Baseball,USA,20250625-USABBCary3-4,f7e45270-5212-11f0-8a37-53b6fd546738,78.5832,NA,NA,6.83722,NA,NA,NA,NA,NA,NA,3640e600-30e5-454d-afeb-3dce868d1233,2025-06-25,22:23:06,2025-06-25T22:23:06Z,2025-06-25T22:23:06Z,NA,v3,NA,NA,NA,"Brown, Codey",10315575,Right,CHA_16U20,fa7dbd5c-876b-4f10-9125-013d56182896,54.72031,-116.87546,12.04569,4.904,-5.04677,-14.69413,-1.16754,5.79908,-5.86463,NA,NA,NA,NA,NA,NA,NA,NA,NA,NA,NA,NA,NA,NA,NA,NA,NA,NA,NA,NA,NA,NA,NA,NA,NA,NA,NA,NA,NA,NA,NA,NA,NA,NA,NA,NA,NA,NA,NA,NA,NA,NA,NA,NA,NA,NA,NA,NA,NA,NA,High,High,High,NA,NA,NA,NA,NA,NA,NA,NA,NA,NA,NA,NA,NA,NA,NA,NA,NA,NA,NA,NA,NA,NA,NA,NA,NA,NA,NA,NA,NA,NA,NA,NA,NA,NA,NA,NA,NA,NA,NA,NA,NA,NA,NA,NA,NA,NA,NA,NA,NA,NA,NA,NA,NA,NA,NA,NA,NA,NA
NA,NA,NA,NA,NA,NA,NA,NA,NA,NA,NA,NA,NA,NA,NA,NA,46,2025-06-25,18:23:31,6,3,"Zhang, Kemuel",1000447854,Right,CHA_16U20,"Diaz, Juan",10156050,Left,CHA_16U9,Undefined,2,Top,2,1,1,Undefined,Changeup,InPlay,Undefined,GroundBall,Out,1,0,NA,86.15697,-0.368427,-1.340716,2205.878812,231.371167,01:45:00,4.98566,1.24934,5.4439,-24.9245,13.73953,15.50391,2.56356,1.28577,77.95432,-5.026213,1.41908,0.447533,60.23671,-16.939402,23.80786,NA,NA,NA,NA,10.84795,7.46679,11.829531,0.102308,-8.27638,7.42347,-1.14213,50,4.93631,2.2616,-124.94836,-1.63637,-12.932,27.905639999999998,-20.57469,CHA_16U20,CHA_16U9,USABBCary3,USA Baseball,USA,20250625-USABBCary3-4,070b4240-5213-11f0-8a37-53b6fd546738,84.22275,2.6468,NA,8.20265,NA,NA,NA,2.66688,2.6468,-1.28413,3640e600-30e5-454d-afeb-3dce868d1233,2025-06-25,22:23:31,2025-06-25T22:23:31Z,2025-06-25T22:23:31Z,GroundBall,v3,NA,NA,NA,"Brown, Codey",10315575,Right,CHA_16U20,299e3626-ab73-4a58-962b-ef00dd6134e0,55.05507,-126.07229,13.952819999999999,4.98553,-0.80771,-10.28734,-1.2437,2.78246,-6.466,180,2.66044,77.71333,NA,NA,NA,NA,NA,NA,NA,2.64895,-25.87101,NA,NA,NA,NA,NA,NA,NA,-1.28698,34.2884,NA,NA,NA,NA,NA,NA,NA,NA,NA,NA,NA,NA,NA,NA,NA,NA,NA,NA,NA,NA,NA,NA,NA,NA,NA,NA,NA,NA,NA,High,High,High,High,High,NA,NA,NA,NA,NA,NA,NA,NA,NA,NA,NA,NA,NA,NA,NA,NA,NA,NA,NA,NA,NA,NA,NA,NA,NA,NA,NA,NA,NA,NA,NA,NA,NA,NA,NA,NA,NA,NA,NA,NA,NA,NA,NA,NA,NA,NA,NA,NA,NA,NA,NA,NA,NA,NA,NA,NA
NA,NA,NA,NA,NA,NA,NA,NA,NA,NA,NA,NA,NA,NA,NA,NA,47,2025-06-25,18:25:39,1,1,"Downey, Logan",10172738,Right,CHA_16U9,"Mason, Eli",10300015,Right,CHA_16U20,Undefined,2,Bottom,0,0,0,Undefined,Four-Seam,BallCalled,Undefined,Undefined,Undefined,0,0,NA,85.44686,-1.486044,-0.609471,2236.89878,189.472258,12:15:00,6.34857,1.98254,5.99731,-17.59174,21.49804,3.32669,3.50515,1.69498,76.17695,-4.909542,-0.011201,0.44999,NA,NA,NA,NA,NA,NA,NA,NA,NA,NA,NA,-1.90831,11.96595,-1.9363,50,6.22199,1.17719,-123.75124,-3.64129,-2.88112,30.77414,-14.10817,CHA_16U20,CHA_16U9,USABBCary3,USA Baseball,USA,20250625-USABBCary3-4,536bb7f0-5213-11f0-8a37-53b6fd546738,83.7628,NA,NA,9.26991,NA,NA,NA,NA,NA,NA,3640e600-30e5-454d-afeb-3dce868d1233,2025-06-25,22:25:39,2025-06-25T22:25:39Z,2025-06-25T22:25:39Z,NA,v3,NA,NA,NA,"Day, Hunter",10167489,Right,CHA_16U9,80935caf-567d-4385-a304-278dbc3912ce,54.49559,-124.86419,15.38707,6.34445,-3.13107,-7.05408,-1.98075,1.28138,-1.44056,NA,NA,NA,NA,NA,NA,NA,NA,NA,NA,NA,NA,NA,NA,NA,NA,NA,NA,NA,NA,NA,NA,NA,NA,NA,NA,NA,NA,NA,NA,NA,NA,NA,NA,NA,NA,NA,NA,NA,NA,NA,NA,NA,NA,NA,NA,NA,NA,NA,NA,High,High,High,NA,NA,NA,NA,NA,NA,NA,NA,NA,NA,NA,NA,NA,NA,NA,NA,NA,NA,NA,NA,NA,NA,NA,NA,NA,NA,NA,NA,NA,NA,NA,NA,NA,NA,NA,NA,NA,NA,NA,NA,NA,NA,NA,NA,NA,NA,NA,NA,NA,NA,NA,NA,NA,NA,NA,NA,NA,NA
NA,NA,NA,NA,NA,NA,NA,NA,NA,NA,NA,NA,NA,NA,NA,NA,48,2025-06-25,18:25:54,1,2,"Downey, Logan",10172738,Right,CHA_16U9,"Mason, Eli",10300015,Right,CHA_16U20,Undefined,2,Bottom,0,1,0,Undefined,Curveball,BallCalled,Undefined,Undefined,Undefined,0,0,NA,75.34611,1.873035,-0.798334,2167.972385,47.071668,07:30:00,5.60703,2.5468,5.76845,-51.2431,-1.71343,-3.51992,3.0807,1.51046,69.0574,-7.542019,-1.428978,0.506529,NA,NA,NA,NA,NA,NA,NA,NA,NA,NA,NA,1.55925,-0.90173,-2.47865,50,5.73116,1.65346,-109.40001,1.98208,1.88499,19.74953,-33.26417,CHA_16U20,CHA_16U9,USABBCary3,USA Baseball,USA,20250625-USABBCary3-4,5bd83e40-5213-11f0-8a37-53b6fd546738,74.41322,NA,NA,6.28871,NA,NA,NA,NA,NA,NA,3640e600-30e5-454d-afeb-3dce868d1233,2025-06-25,22:25:54,2025-06-25T22:25:54Z,2025-06-25T22:25:54Z,NA,v3,NA,NA,NA,"Day, Hunter",10167489,Right,CHA_16U9,5b7a2940-0484-4135-85cb-1dcc803c143b,54.73135,-110.25084,9.87477,5.6149,3.41512,-16.63208,-2.54813,1.57226,0.94249,NA,NA,NA,NA,NA,NA,NA,NA,NA,NA,NA,NA,NA,NA,NA,NA,NA,NA,NA,NA,NA,NA,NA,NA,NA,NA,NA,NA,NA,NA,NA,NA,NA,NA,NA,NA,NA,NA,NA,NA,NA,NA,NA,NA,NA,NA,NA,NA,NA,NA,High,High,High,NA,NA,NA,NA,NA,NA,NA,NA,NA,NA,NA,NA,NA,NA,NA,NA,NA,NA,NA,NA,NA,NA,NA,NA,NA,NA,NA,NA,NA,NA,NA,NA,NA,NA,NA,NA,NA,NA,NA,NA,NA,NA,NA,NA,NA,NA,NA,NA,NA,NA,NA,NA,NA,NA,NA,NA,NA,NA
NA,NA,NA,NA,NA,NA,NA,NA,NA,NA,NA,NA,NA,NA,NA,NA,49,2025-06-25,18:26:08,1,3,"Downey, Logan",10172738,Right,CHA_16U9,"Mason, Eli",10300015,Right,CHA_16U20,Undefined,2,Bottom,0,2,0,Undefined,Cutter,BallCalled,Undefined,Undefined,Undefined,0,0,NA,83.47524,-2.007263,0.523989,2285.38606,183.27691,12:00:00,6.28051,1.81123,6.18893,-19.85466,20.09166,1.07169,2.7718,2.38436,75.86907,-5.804797,0.717458,0.454894,NA,NA,NA,NA,NA,NA,NA,NA,NA,NA,NA,-0.39449,11.40123,-1.85124,50,6.119,-1.14938,-121.14612,-4.75347,-0.58151,25.44955,-15.36693,CHA_16U20,CHA_16U9,USABBCary3,USA Baseball,USA,20250625-USABBCary3-4,64a756f0-5213-11f0-8a37-53b6fd546738,82.85989,NA,NA,7.60617,NA,NA,NA,NA,NA,NA,3640e600-30e5-454d-afeb-3dce868d1233,2025-06-25,22:26:08,2025-06-25T22:26:08Z,2025-06-25T22:26:08Z,NA,v3,NA,NA,NA,"Day, Hunter",10167489,Right,CHA_16U9,bfede630-3c8c-4bca-90a3-a46df8e5da17,54.30756,-122.04767,12.72478,6.27775,-4.2091,-7.68346,-1.8108900000000001,-1.12878,-0.29075,NA,NA,NA,NA,NA,NA,NA,NA,NA,NA,NA,NA,NA,NA,NA,NA,NA,NA,NA,NA,NA,NA,NA,NA,NA,NA,NA,NA,NA,NA,NA,NA,NA,NA,NA,NA,NA,NA,NA,NA,NA,NA,NA,NA,NA,NA,NA,NA,NA,NA,High,High,High,NA,NA,NA,NA,NA,NA,NA,NA,NA,NA,NA,NA,NA,NA,NA,NA,NA,NA,NA,NA,NA,NA,NA,NA,NA,NA,NA,NA,NA,NA,NA,NA,NA,NA,NA,NA,NA,NA,NA,NA,NA,NA,NA,NA,NA,NA,NA,NA,NA,NA,NA,NA,NA,NA,NA,NA,NA,NA
NA,NA,NA,NA,NA,NA,NA,NA,NA,NA,NA,NA,NA,NA,NA,NA,50,2025-06-25,18:26:24,1,4,"Downey, Logan",10172738,Right,CHA_16U9,"Mason, Eli",10300015,Right,CHA_16U20,Undefined,2,Bottom,0,3,0,Undefined,Cutter,StrikeCalled,Undefined,Undefined,Undefined,0,0,NA,84.28973,-2.733961,-2.060599,2274.043587,184.652419,12:15:00,6.25599,1.76999,6.48624,-18.82788,20.26694,1.53213,2.17337,0.00498,76.11519,-6.37063,-1.782735,0.450019,NA,NA,NA,NA,NA,NA,NA,NA,NA,NA,NA,-1.47067,11.91162,-1.62594,50,6.05535,4.33861,-122.17822,-6.27929,-2.18704,27.70726,-14.46029,CHA_16U20,CHA_16U9,USABBCary3,USA Baseball,USA,20250625-USABBCary3-4,6e43aab0-5213-11f0-8a37-53b6fd546738,83.75744,NA,NA,8.17453,NA,NA,NA,NA,NA,NA,3640e600-30e5-454d-afeb-3dce868d1233,2025-06-25,22:26:24,2025-06-25T22:26:24Z,2025-06-25T22:26:24Z,NA,v3,NA,NA,NA,"Day, Hunter",10167489,Right,CHA_16U9,410b370b-9132-439a-9ff6-e3d8da8eada9,54.01007,-123.08426,13.85363,6.25296,-5.80644,-7.23014,-1.76898,4.41012,-1.09352,NA,NA,NA,NA,NA,NA,NA,NA,NA,NA,NA,NA,NA,NA,NA,NA,NA,NA,NA,NA,NA,NA,NA,NA,NA,NA,NA,NA,NA,NA,NA,NA,NA,NA,NA,NA,NA,NA,NA,NA,NA,NA,NA,NA,NA,NA,NA,NA,NA,NA,High,High,High,NA,NA,NA,NA,NA,NA,NA,NA,NA,NA,NA,NA,NA,NA,NA,NA,NA,NA,NA,NA,NA,NA,NA,NA,NA,NA,NA,NA,NA,NA,NA,NA,NA,NA,NA,NA,NA,NA,NA,NA,NA,NA,NA,NA,NA,NA,NA,NA,NA,NA,NA,NA,NA,NA,NA,NA,NA,NA
NA,NA,NA,NA,NA,NA,NA,NA,NA,NA,NA,NA,NA,NA,NA,NA,51,2025-06-25,18:26:41,1,5,"Downey, Logan",10172738,Right,CHA_16U9,"Mason, Eli",10300015,Right,CHA_16U20,Undefined,2,Bottom,0,3,1,Undefined,Cutter,InPlay,Undefined,GroundBall,Out,1,0,NA,84.50348,-2.448322,-2.262185,2180.373289,189.708262,12:15:00,6.18887,1.82333,6.28903,-19.69103,19.4645,3.0852,2.28854,-0.00539,76.34129,-6.228429,-1.704835,0.450368,97.83998,-1.560986,24.564966,2983.517858,NA,NA,NA,38.31651,38.31651,23.739103,0.25841,-2.34721,11.3443,-1.65818,50,5.99891,4.72271,-122.49124,-5.74324,-3.50975,27.76687,-15.21109,CHA_16U20,CHA_16U9,USABBCary3,USA Baseball,USA,20250625-USABBCary3-4,77e77880-5213-11f0-8a37-53b6fd546738,83.69244,2.50215,NA,8.16219,NA,NA,NA,2.76384,2.50215,0.02523,3640e600-30e5-454d-afeb-3dce868d1233,2025-06-25,22:26:41,2025-06-25T22:26:41Z,2025-06-25T22:26:41Z,GroundBall,v3,NA,NA,NA,"Day, Hunter",10167489,Right,CHA_16U9,4ccc82a2-e4ca-4645-8d5d-dd243771f3f4,54.20889,-123.44164,13.88343,6.18658,-5.2226,-7.60554,-1.82189,4.84284,-1.75488,307.53188,2.76606,130.34802,-20.62033,NA,NA,NA,NA,NA,NA,2.50456,-4.03317,-21.93466,NA,NA,NA,NA,NA,NA,0.02437,59.67799,-0.29555,NA,NA,NA,NA,NA,NA,NA,NA,NA,NA,NA,NA,NA,NA,NA,NA,NA,NA,NA,NA,NA,NA,NA,NA,NA,NA,NA,NA,High,High,High,Medium,High,NA,NA,NA,NA,NA,NA,NA,NA,NA,NA,NA,NA,NA,NA,NA,NA,NA,NA,NA,NA,NA,NA,NA,NA,NA,NA,NA,NA,NA,NA,NA,NA,NA,NA,NA,NA,NA,NA,NA,NA,NA,NA,NA,NA,NA,NA,NA,NA,NA,NA,NA,NA,NA,NA,NA,NA
NA,NA,NA,NA,NA,NA,NA,NA,NA,NA,NA,NA,NA,NA,NA,NA,52,2025-06-25,18:27:20,2,1,"Downey, Logan",10172738,Right,CHA_16U9,"Kim, Taehan",1000237570,Right,CHA_16U20,Undefined,2,Bottom,1,0,0,Undefined,Curveball,StrikeCalled,Undefined,Undefined,Undefined,0,0,NA,76.21097,1.705938,-1.47051,2243.778597,70.548914,08:15:00,5.71156,2.27038,5.75325,-48.56837,0.02346,-4.38591,3.25327,0.53568,69.63745,-7.230741,-2.255513,0.50171,NA,NA,NA,NA,NA,NA,NA,NA,NA,NA,NA,1.79221,0.01898,-2.14569,50,5.82384,3.0026,-110.59359,1.77087,2.208,20.69051,-32.15069,CHA_16U20,CHA_16U9,USABBCary3,USA Baseball,USA,20250625-USABBCary3-4,8f0ac7b0-5213-11f0-8a37-53b6fd546738,75.12789,NA,NA,6.57352,NA,NA,NA,NA,NA,NA,3640e600-30e5-454d-afeb-3dce868d1233,2025-06-25,22:27:20,2025-06-25T22:27:20Z,2025-06-25T22:27:20Z,NA,v3,NA,NA,NA,"Day, Hunter",10167489,Right,CHA_16U9,e86fc71c-dbda-4d30-aa7c-4429f69e7669,54.74564,-111.47789,10.34526,5.71879,3.14498,-16.07534,-2.272,2.90823,1.104,NA,NA,NA,NA,NA,NA,NA,NA,NA,NA,NA,NA,NA,NA,NA,NA,NA,NA,NA,NA,NA,NA,NA,NA,NA,NA,NA,NA,NA,NA,NA,NA,NA,NA,NA,NA,NA,NA,NA,NA,NA,NA,NA,NA,NA,NA,NA,NA,NA,NA,High,High,High,NA,NA,NA,NA,NA,NA,NA,NA,NA,NA,NA,NA,NA,NA,NA,NA,NA,NA,NA,NA,NA,NA,NA,NA,NA,NA,NA,NA,NA,NA,NA,NA,NA,NA,NA,NA,NA,NA,NA,NA,NA,NA,NA,NA,NA,NA,NA,NA,NA,NA,NA,NA,NA,NA,NA,NA,NA,NA
NA,NA,NA,NA,NA,NA,NA,NA,NA,NA,NA,NA,NA,NA,NA,NA,53,2025-06-25,18:27:36,2,2,"Downey, Logan",10172738,Right,CHA_16U9,"Kim, Taehan",1000237570,Right,CHA_16U20,Undefined,2,Bottom,1,0,1,Undefined,Four-Seam,BallCalled,Undefined,Undefined,Undefined,0,0,NA,85.48627,-2.182226,-1.096482,2216.129529,190.45556,12:15:00,6.31651,1.67844,5.90987,-17.31084,21.26324,3.67457,2.8471,0.96679,77.50452,-5.503195,-0.436817,0.447012,NA,NA,NA,NA,NA,NA,NA,NA,NA,NA,NA,-2.20288,11.92544,-1.59247,50,6.13143,2.22026,-123.95352,-5.1761,-3.39597,26.88949,-13.78977,CHA_16U20,CHA_16U9,USABBCary3,USA Baseball,USA,20250625-USABBCary3-4,99265d90-5213-11f0-8a37-53b6fd546738,84.32089,NA,NA,7.98174,NA,NA,NA,NA,NA,NA,3640e600-30e5-454d-afeb-3dce868d1233,2025-06-25,22:27:36,2025-06-25T22:27:36Z,2025-06-25T22:27:36Z,NA,v3,NA,NA,NA,"Day, Hunter",10167489,Right,CHA_16U9,0f972ad8-4eef-4afc-87c1-192dcef9bac3,54.58599,-124.94441,13.44474,6.3128,-4.66794,-6.89489,-1.6766,2.3454,-1.69799,NA,NA,NA,NA,NA,NA,NA,NA,NA,NA,NA,NA,NA,NA,NA,NA,NA,NA,NA,NA,NA,NA,NA,NA,NA,NA,NA,NA,NA,NA,NA,NA,NA,NA,NA,NA,NA,NA,NA,NA,NA,NA,NA,NA,NA,NA,NA,NA,NA,NA,High,High,High,NA,NA,NA,NA,NA,NA,NA,NA,NA,NA,NA,NA,NA,NA,NA,NA,NA,NA,NA,NA,NA,NA,NA,NA,NA,NA,NA,NA,NA,NA,NA,NA,NA,NA,NA,NA,NA,NA,NA,NA,NA,NA,NA,NA,NA,NA,NA,NA,NA,NA,NA,NA,NA,NA,NA,NA,NA,NA
NA,NA,NA,NA,NA,NA,NA,NA,NA,NA,NA,NA,NA,NA,NA,NA,54,2025-06-25,18:27:54,2,3,"Downey, Logan",10172738,Right,CHA_16U9,"Kim, Taehan",1000237570,Right,CHA_16U20,Undefined,2,Bottom,1,1,1,Undefined,Cutter,StrikeCalled,Undefined,Undefined,Undefined,0,0,NA,84.81082,-2.590544,-1.990287,2293.00991,185.742053,12:15:00,6.16175,1.7477,6.37562,-20.03958,18.51875,1.72634,2.10529,0.05966,77.00519,-6.422867,-1.677788,0.446921,NA,NA,NA,NA,NA,NA,NA,NA,NA,NA,NA,-1.51118,10.84926,-1.60487,50,5.96525,4.20857,-122.99517,-6.07884,-2.29105,26.73966,-15.72573,CHA_16U20,CHA_16U9,USABBCary3,USA Baseball,USA,20250625-USABBCary3-4,a3a59740-5213-11f0-8a37-53b6fd546738,84.33809,NA,NA,7.80563,NA,NA,NA,NA,NA,NA,3640e600-30e5-454d-afeb-3dce868d1233,2025-06-25,22:27:54,2025-06-25T22:27:54Z,2025-06-25T22:27:54Z,NA,v3,NA,NA,NA,"Day, Hunter",10167489,Right,CHA_16U9,b176296c-a585-4172-98c7-f13073593197,54.12138,-123.88794,13.36983,6.15945,-5.5538,-7.86286,-1.74666,4.28506,-1.14553,NA,NA,NA,NA,NA,NA,NA,NA,NA,NA,NA,NA,NA,NA,NA,NA,NA,NA,NA,NA,NA,NA,NA,NA,NA,NA,NA,NA,NA,NA,NA,NA,NA,NA,NA,NA,NA,NA,NA,NA,NA,NA,NA,NA,NA,NA,NA,NA,NA,NA,High,High,High,NA,NA,NA,NA,NA,NA,NA,NA,NA,NA,NA,NA,NA,NA,NA,NA,NA,NA,NA,NA,NA,NA,NA,NA,NA,NA,NA,NA,NA,NA,NA,NA,NA,NA,NA,NA,NA,NA,NA,NA,NA,NA,NA,NA,NA,NA,NA,NA,NA,NA,NA,NA,NA,NA,NA,NA,NA,NA
NA,NA,NA,NA,NA,NA,NA,NA,NA,NA,NA,NA,NA,NA,NA,NA,55,2025-06-25,18:28:11,2,4,"Downey, Logan",10172738,Right,CHA_16U9,"Kim, Taehan",1000237570,Right,CHA_16U20,Undefined,2,Bottom,1,1,2,Undefined,Slider,FoulBallNotFieldable,Undefined,Undefined,Undefined,0,0,NA,78.51308,0.917755,-3.347815,2314.206675,77.810269,08:30:00,5.63832,2.27712,5.84396,-46.23432,-0.11799,-7.93548,2.6399,-1.49893,71.30945,-7.599387,-4.766708,0.488763,NA,NA,NA,NA,NA,NA,NA,NA,NA,NA,NA,3.00366,0.05634,-1.99953,50,5.68598,6.94775,-113.75594,0.37371,3.87611,23.82436,-32.10133,CHA_16U20,CHA_16U9,USABBCary3,USA Baseball,USA,20250625-USABBCary3-4,adfe8440-5213-11f0-8a37-53b6fd546738,77.11796,NA,NA,7.20363,NA,NA,NA,NA,NA,NA,3640e600-30e5-454d-afeb-3dce868d1233,2025-06-25,22:28:11,2025-06-25T22:28:11Z,2025-06-25T22:28:11Z,NA,v3,NA,NA,NA,"Day, Hunter",10167489,Right,CHA_16U9,8168bc8b-d6cb-4172-b2e1-1d43d6c71838,54.6557,-114.72686,11.91218,5.64409,1.68194,-16.05067,-2.27945,6.78979,1.93805,NA,NA,NA,NA,NA,NA,NA,NA,NA,NA,NA,NA,NA,NA,NA,NA,NA,NA,NA,NA,NA,NA,NA,NA,NA,NA,NA,NA,NA,NA,NA,NA,NA,NA,NA,NA,NA,NA,NA,NA,NA,NA,NA,NA,NA,NA,NA,NA,NA,NA,High,High,High,NA,NA,NA,NA,NA,NA,NA,NA,NA,NA,NA,NA,NA,NA,NA,NA,NA,NA,NA,NA,NA,NA,NA,NA,NA,NA,NA,NA,NA,NA,NA,NA,NA,NA,NA,NA,NA,NA,NA,NA,NA,NA,NA,NA,NA,NA,NA,NA,NA,NA,NA,NA,NA,NA,NA,NA,NA,NA
NA,NA,NA,NA,NA,NA,NA,NA,NA,NA,NA,NA,NA,NA,NA,NA,56,2025-06-25,18:28:39,2,5,"Downey, Logan",10172738,Right,CHA_16U9,"Kim, Taehan",1000237570,Right,CHA_16U20,Undefined,2,Bottom,1,1,2,Undefined,Four-Seam,BallCalled,Undefined,Undefined,Undefined,0,0,NA,86.67964,-1.40354,-0.55367,2274.487422,181.975958,12:00:00,6.39498,1.52187,6.05126,-18.42595,18.61233,0.60043,3.55989,1.05935,79.05657,-4.915991,-0.44557,0.438023,NA,NA,NA,NA,NA,NA,NA,NA,NA,NA,NA,-0.46595,10.33733,-1.47911,50,6.27579,1.19188,-125.87229,-3.59074,-0.74551,26.19934,-15.6345,CHA_16U20,CHA_16U9,USABBCary3,USA Baseball,USA,20250625-USABBCary3-4,be759ac0-5213-11f0-8a37-53b6fd546738,86.05128,NA,NA,7.62306,NA,NA,NA,NA,NA,NA,3640e600-30e5-454d-afeb-3dce868d1233,2025-06-25,22:28:39,2025-06-25T22:28:39Z,2025-06-25T22:28:39Z,NA,v3,NA,NA,NA,"Day, Hunter",10167489,Right,CHA_16U9,8e69eedb-b4ae-4bce-b1d6-23803a79f9bb,54.44585,-126.79429,13.09967,6.39247,-3.04054,-7.81725,-1.52152,1.21812,-0.37276,NA,NA,NA,NA,NA,NA,NA,NA,NA,NA,NA,NA,NA,NA,NA,NA,NA,NA,NA,NA,NA,NA,NA,NA,NA,NA,NA,NA,NA,NA,NA,NA,NA,NA,NA,NA,NA,NA,NA,NA,NA,NA,NA,NA,NA,NA,NA,NA,NA,NA,High,High,High,NA,NA,NA,NA,NA,NA,NA,NA,NA,NA,NA,NA,NA,NA,NA,NA,NA,NA,NA,NA,NA,NA,NA,NA,NA,NA,NA,NA,NA,NA,NA,NA,NA,NA,NA,NA,NA,NA,NA,NA,NA,NA,NA,NA,NA,NA,NA,NA,NA,NA,NA,NA,NA,NA,NA,NA,NA,NA
NA,NA,NA,NA,NA,NA,NA,NA,NA,NA,NA,NA,NA,NA,NA,NA,57,2025-06-25,18:28:57,2,6,"Downey, Logan",10172738,Right,CHA_16U9,"Kim, Taehan",1000237570,Right,CHA_16U20,Undefined,2,Bottom,1,2,2,Undefined,Cutter,FoulBallNotFieldable,Undefined,Undefined,Undefined,0,0,NA,85.31898,-1.414895,-2.156966,2258.680178,178.55266,12:00:00,6.2766,1.58421,6.43134,-20.2758,17.33206,-0.40795,3.28537,-0.43314,78.12076,-5.277772,-2.230848,0.441378,NA,NA,NA,NA,NA,NA,NA,NA,NA,NA,NA,-0.38906,9.82839,-1.43052,50,6.16651,4.68353,-123.95069,-3.59493,-0.60492,24.89976,-16.89184,CHA_16U20,CHA_16U9,USABBCary3,USA Baseball,USA,20250625-USABBCary3-4,c9168d40-5213-11f0-8a37-53b6fd546738,85.39716,NA,NA,7.19822,NA,NA,NA,NA,NA,NA,3640e600-30e5-454d-afeb-3dce868d1233,2025-06-25,22:28:57,2025-06-25T22:28:57Z,2025-06-25T22:28:57Z,NA,v3,NA,NA,NA,"Day, Hunter",10167489,Right,CHA_16U9,2273b7e6-3c0a-4d30-ac0b-f7f2992660aa,54.0679,-124.76519,12.44988,6.27507,-3.04238,-8.44592,-1.58405,4.70332,-0.30246,NA,NA,NA,NA,NA,NA,NA,NA,NA,NA,NA,NA,NA,NA,NA,NA,NA,NA,NA,NA,NA,NA,NA,NA,NA,NA,NA,NA,NA,NA,NA,NA,NA,NA,NA,NA,NA,NA,NA,NA,NA,NA,NA,NA,NA,NA,NA,NA,NA,NA,High,High,High,NA,NA,NA,NA,NA,NA,NA,NA,NA,NA,NA,NA,NA,NA,NA,NA,NA,NA,NA,NA,NA,NA,NA,NA,NA,NA,NA,NA,NA,NA,NA,NA,NA,NA,NA,NA,NA,NA,NA,NA,NA,NA,NA,NA,NA,NA,NA,NA,NA,NA,NA,NA,NA,NA,NA,NA,NA,NA
NA,NA,NA,NA,NA,NA,NA,NA,NA,NA,NA,NA,NA,NA,NA,NA,58,2025-06-25,18:29:41,2,7,"Downey, Logan",10172738,Right,CHA_16U9,"Kim, Taehan",1000237570,Right,CHA_16U20,Undefined,2,Bottom,1,2,2,Undefined,Curveball,BallCalled,Undefined,Undefined,Undefined,0,0,NA,76.42885,5.038118,-0.488468,2050.736868,77.370597,08:30:00,5.64738,2.32427,5.60686,-48.44471,1.29106,-2.62681,6.32556,1.64939,68.03927,-3.931596,-0.956248,0.507582,NA,NA,NA,NA,NA,NA,NA,NA,NA,NA,NA,1.13677,-0.42063,-2.28084,50,6.04905,1.0455,-110.28523,8.16674,1.36963,23.59072,-32.68082,CHA_16U20,CHA_16U9,USABBCary3,USA Baseball,USA,20250625-USABBCary3-4,e33c9520-5213-11f0-8a37-53b6fd546738,74.25887,NA,NA,8.38958,NA,NA,NA,NA,NA,NA,3640e600-30e5-454d-afeb-3dce868d1233,2025-06-25,22:29:41,2025-06-25T22:29:41Z,2025-06-25T22:29:41Z,NA,v3,NA,NA,NA,"Day, Hunter",10167489,Right,CHA_16U9,cc7f92d8-86b3-45ac-a160-9da7fd5cfc79,54.88674,-111.32563,11.79536,5.65709,9.60803,-16.34041,-2.32562,0.98509,0.68482,NA,NA,NA,NA,NA,NA,NA,NA,NA,NA,NA,NA,NA,NA,NA,NA,NA,NA,NA,NA,NA,NA,NA,NA,NA,NA,NA,NA,NA,NA,NA,NA,NA,NA,NA,NA,NA,NA,NA,NA,NA,NA,NA,NA,NA,NA,NA,NA,NA,NA,High,High,High,NA,NA,NA,NA,NA,NA,NA,NA,NA,NA,NA,NA,NA,NA,NA,NA,NA,NA,NA,NA,NA,NA,NA,NA,NA,NA,NA,NA,NA,NA,NA,NA,NA,NA,NA,NA,NA,NA,NA,NA,NA,NA,NA,NA,NA,NA,NA,NA,NA,NA,NA,NA,NA,NA,NA,NA,NA,NA
NA,NA,NA,NA,NA,NA,NA,NA,NA,NA,NA,NA,NA,NA,NA,NA,59,2025-06-25,18:30:01,2,8,"Downey, Logan",10172738,Right,CHA_16U9,"Kim, Taehan",1000237570,Right,CHA_16U20,Undefined,2,Bottom,1,3,2,Undefined,Four-Seam,InPlay,Undefined,FlyBall,Out,1,0,NA,85.57368,-1.444034,-2.576477,2272.59649,189.878423,12:15:00,6.38637,1.5605,6.29223,-18.09745,20.21635,3.2698,3.54593,-0.54285,76.85596,-4.95337,-1.98616,0.445501,85.62254,40.396247,-0.295148,NA,109.85661,81.42968,5.61174,287.87934,269.97526,8.857551,5.200638,-2.56953,11.40835,-1.37236,50,6.27129,5.45403,-124.02339,-3.57271,-3.92227,29.42565,-14.75978,CHA_16U20,CHA_16U9,USABBCary3,USA Baseball,USA,20250625-USABBCary3-4,ef63d980-5213-11f0-8a37-53b6fd546738,84.60676,97.38689,NA,8.71772,NA,NA,NA,1.7655,3.63787,0.5472,3640e600-30e5-454d-afeb-3dce868d1233,2025-06-25,22:30:01,2025-06-25T22:30:01Z,2025-06-25T22:30:01Z,FlyBall,v3,NA,NA,NA,"Day, Hunter",10167489,Right,CHA_16U9,c1ea8b41-ae9b-48f6-b5ba-d99f860a0ed1,54.20437,-125.01694,14.71283,6.38351,-3.07436,-7.37989,-1.55875,5.58647,-1.96113,199.610853,1.76676,95.61461,-18.06128,3.8795,-0.61227,0.06692,-0.00712,0.00093000000000000005,-6e-5,3.64009,81.33688,-20.96609,2.14198,-0.42794,0.04811,0.00228,-0.00115,8e-5,0.54672,-0.484,3.76814,-0.79577,0.13505,-0.01972,0.00318,-4.3e-4,3e-5,NA,NA,NA,NA,NA,NA,NA,NA,NA,NA,NA,NA,NA,NA,NA,NA,NA,NA,NA,NA,NA,NA,High,High,High,High,Medium,NA,NA,NA,NA,NA,NA,NA,NA,NA,NA,NA,NA,NA,NA,NA,NA,NA,NA,NA,NA,NA,NA,NA,NA,NA,NA,NA,NA,NA,NA,NA,NA,NA,NA,NA,NA,NA,NA,NA,NA,NA,NA,NA,NA,NA,NA,NA,NA,NA,NA,NA,NA,NA,NA,NA,NA
NA,NA,NA,NA,NA,NA,NA,NA,NA,NA,NA,NA,NA,NA,NA,NA,60,2025-06-25,18:30:40,3,1,"Downey, Logan",10172738,Right,CHA_16U9,"Vladic, Tyler",10271568,Left,CHA_16U20,Undefined,2,Bottom,2,0,0,Undefined,Cutter,StrikeCalled,Undefined,Undefined,Undefined,0,0,NA,85.80973,-3.509879,-0.51922,2241.416544,182.16751,12:00:00,6.17562,1.86711,5.97429,-18.00422,20.23859,0.71512,1.41721,1.44535,77.98105,-6.939495,-0.390617,0.445089,NA,NA,NA,NA,NA,NA,NA,NA,NA,NA,NA,-0.5261,11.86808,-1.82643,50,5.88769,1.09811,-124.34339,-8.11387,-0.81604,27.08491,-13.76494,CHA_16U20,CHA_16U9,USABBCary3,USA Baseball,USA,20250625-USABBCary3-4,06c7db30-5214-11f0-8a37-53b6fd546738,84.68525,NA,NA,7.82868,NA,NA,NA,NA,NA,NA,3640e600-30e5-454d-afeb-3dce868d1233,2025-06-25,22:30:40,2025-06-25T22:30:40Z,2025-06-25T22:30:40Z,NA,v3,NA,NA,NA,"Day, Hunter",10167489,Right,CHA_16U9,63e0a3d2-2e1e-45b3-b747-b6e91ba47c37,54.52329,-125.32479,13.54245,6.17265,-7.6151,-6.88247,-1.86676,1.12768,-0.40802,NA,NA,NA,NA,NA,NA,NA,NA,NA,NA,NA,NA,NA,NA,NA,NA,NA,NA,NA,NA,NA,NA,NA,NA,NA,NA,NA,NA,NA,NA,NA,NA,NA,NA,NA,NA,NA,NA,NA,NA,NA,NA,NA,NA,NA,NA,NA,NA,NA,NA,High,High,High,NA,NA,NA,NA,NA,NA,NA,NA,NA,NA,NA,NA,NA,NA,NA,NA,NA,NA,NA,NA,NA,NA,NA,NA,NA,NA,NA,NA,NA,NA,NA,NA,NA,NA,NA,NA,NA,NA,NA,NA,NA,NA,NA,NA,NA,NA,NA,NA,NA,NA,NA,NA,NA,NA,NA,NA,NA,NA
NA,NA,NA,NA,NA,NA,NA,NA,NA,NA,NA,NA,NA,NA,NA,NA,61,2025-06-25,18:30:55,3,2,"Downey, Logan",10172738,Right,CHA_16U9,"Vladic, Tyler",10271568,Left,CHA_16U20,Undefined,2,Bottom,2,0,1,Undefined,Cutter,FoulBallNotFieldable,Undefined,Undefined,Undefined,0,0,NA,85.20407,-2.189325,-1.460227,2231.909467,178.382333,12:00:00,6.1281,1.95899,6.23732,-20.20761,18.31969,-0.47803,2.42292,0.57186,77.01724,-6.05569,-1.546569,0.446741,68.7024,37.339633,-50.031615,4401.281184,66.72198,44.90502,-87.45376,179.93315,125.15633,-55.038982,3.204137,-0.2215,10.62453,-1.84991,50,5.95487,3.1684,-123.57285,-5.26034,-0.33733,28.10902,-15.99479,CHA_16U20,CHA_16U9,USABBCary3,USA Baseball,USA,20250625-USABBCary3-4,0fd02c50-5214-11f0-8a37-53b6fd546738,84.37204,45.58401,NA,8.18683,NA,NA,NA,1.67881,2.57286,-0.50315,3640e600-30e5-454d-afeb-3dce868d1233,2025-06-25,22:30:55,2025-06-25T22:30:55Z,2025-06-25T22:30:55Z,FlyBall,v3,NA,NA,NA,"Day, Hunter",10167489,Right,CHA_16U9,aa3188e0-0d78-4e41-99e5-fb34553b0149,54.26024,-124.53815,14.05451,6.12608,-4.71106,-7.9974,-1.95892,3.17998,-0.16866,NA,1.67888,51.45801,-11.01501,2.45999,-0.42751,0.03068,0.01335,-0.00459,4.4e-4,2.57262,61.12679,-25.34401,3.47559,-1.01862,0.35754,-0.1081,0.01923,-0.00141,-0.50323,-61.39452,8.66211,-1.92697,0.31412,-0.00615,-0.01779,0.00505,-4.6e-4,NA,NA,NA,NA,NA,NA,NA,NA,NA,NA,NA,NA,NA,NA,NA,NA,NA,NA,NA,NA,NA,NA,High,High,High,High,Medium,NA,NA,NA,NA,NA,NA,NA,NA,NA,NA,NA,NA,NA,NA,NA,NA,NA,NA,NA,NA,NA,NA,NA,NA,NA,NA,NA,NA,NA,NA,NA,NA,NA,NA,NA,NA,NA,NA,NA,NA,NA,NA,NA,NA,NA,NA,NA,NA,NA,NA,NA,NA,NA,NA,NA,NA
NA,NA,NA,NA,NA,NA,NA,NA,NA,NA,NA,NA,NA,NA,NA,NA,62,2025-06-25,18:31:22,3,3,"Downey, Logan",10172738,Right,CHA_16U9,"Vladic, Tyler",10271568,Left,CHA_16U20,Undefined,2,Bottom,2,0,2,Undefined,Four-Seam,BallCalled,Undefined,Undefined,Undefined,0,0,NA,84.65415,-1.699424,-0.185255,2182.730115,186.298896,12:15:00,6.28601,1.63,5.91432,-16.99135,22.80769,2.34709,3.29236,1.65365,75.76819,-5.004402,0.236193,0.454054,NA,NA,NA,NA,NA,NA,NA,NA,NA,NA,NA,-1.25441,12.65682,-1.61643,50,6.14019,0.29871,-122.62956,-4.04793,-1.86764,29.28319,-13.32991,CHA_16U20,CHA_16U9,USABBCary3,USA Baseball,USA,20250625-USABBCary3-4,1feb1910-5214-11f0-8a37-53b6fd546738,83.0131,NA,NA,8.88596,NA,NA,NA,NA,NA,NA,3640e600-30e5-454d-afeb-3dce868d1233,2025-06-25,22:31:22,2025-06-25T22:31:22Z,2025-06-25T22:31:22Z,NA,v3,NA,NA,NA,"Day, Hunter",10167489,Right,CHA_16U9,32f84f42-da62-4a56-b679-bad16f932efa,54.5792,-123.71821,14.64159,6.28146,-3.55237,-6.66496,-1.62883,0.36814,-0.93382,NA,NA,NA,NA,NA,NA,NA,NA,NA,NA,NA,NA,NA,NA,NA,NA,NA,NA,NA,NA,NA,NA,NA,NA,NA,NA,NA,NA,NA,NA,NA,NA,NA,NA,NA,NA,NA,NA,NA,NA,NA,NA,NA,NA,NA,NA,NA,NA,NA,NA,High,High,High,NA,NA,NA,NA,NA,NA,NA,NA,NA,NA,NA,NA,NA,NA,NA,NA,NA,NA,NA,NA,NA,NA,NA,NA,NA,NA,NA,NA,NA,NA,NA,NA,NA,NA,NA,NA,NA,NA,NA,NA,NA,NA,NA,NA,NA,NA,NA,NA,NA,NA,NA,NA,NA,NA,NA,NA,NA,NA
NA,NA,NA,NA,NA,NA,NA,NA,NA,NA,NA,NA,NA,NA,NA,NA,63,2025-06-25,18:31:40,3,4,"Downey, Logan",10172738,Right,CHA_16U9,"Vladic, Tyler",10271568,Left,CHA_16U20,Undefined,2,Bottom,2,1,2,Undefined,Curveball,InPlay,Undefined,GroundBall,Out,1,0,NA,76.38592,0.916501,-2.415918,2270.229339,39.62604,07:15:00,5.4119,2.67762,5.93978,-52.70979,-4.87382,-5.24992,1.87045,-0.00234,70.38678,-8.747069,-3.359064,0.497793,81.54828,3.020275,-9.18021,2220.304313,NA,NA,NA,63.30739,63.08158,-10.698362,0.552195,2.0287,-2.38917,-2.48188,50,5.45501,4.86529,-110.95294,0.16289,2.52404,20.20923,-35.14656,CHA_16U20,CHA_16U9,USABBCary3,USA Baseball,USA,20250625-USABBCary3-4,2a2ab1b0-5214-11f0-8a37-53b6fd546738,75.71914,2.45345,NA,5.99914,NA,NA,NA,1.70106,1.912,-0.02615,3640e600-30e5-454d-afeb-3dce868d1233,2025-06-25,22:31:40,2025-06-25T22:31:40Z,2025-06-25T22:31:40Z,GroundBall,v3,NA,NA,NA,"Day, Hunter",10167489,Right,CHA_16U9,c9c3e6cc-7ef3-4445-8b8f-fe537e1792a5,54.56243,-111.78086,10.10461,5.41884,1.60276,-17.57328,-2.67908,4.76188,1.26202,76.845725,1.71674,117.52625,-14.50199,NA,NA,NA,NA,NA,NA,1.92439,6.00082,-17.21709,NA,NA,NA,NA,NA,NA,-0.01692,-19.28095,-3.59802,NA,NA,NA,NA,NA,NA,NA,NA,NA,NA,NA,NA,NA,NA,NA,NA,NA,NA,NA,NA,NA,NA,NA,NA,NA,NA,NA,NA,High,High,High,High,High,NA,NA,NA,NA,NA,NA,NA,NA,NA,NA,NA,NA,NA,NA,NA,NA,NA,NA,NA,NA,NA,NA,NA,NA,NA,NA,NA,NA,NA,NA,NA,NA,NA,NA,NA,NA,NA,NA,NA,NA,NA,NA,NA,NA,NA,NA,NA,NA,NA,NA,NA,NA,NA,NA,NA,NA
NA,NA,NA,NA,NA,NA,NA,NA,NA,NA,NA,NA,NA,NA,NA,NA,64,2025-06-25,18:33:53,1,1,"Zhang, Kemuel",1000447854,Right,CHA_16U20,"Guzzie, Brady",1000282830,Left,CHA_16U9,Undefined,3,Top,0,0,0,Undefined,Changeup,StrikeCalled,Undefined,Undefined,Undefined,0,0,NA,76.8104,2.403702,-1.686388,1263.373983,293.759188,03:45:00,4.96822,1.19249,5.35214,-53.25613,-4.2913,13.63194,2.78697,0.74635,69.57056,-7.328247,0.736065,0.503632,NA,NA,NA,NA,NA,NA,NA,NA,NA,NA,NA,-7.30496,-2.32732,-1.05061,50,5.14706,2.72923,-111.27295,2.8555,-9.04308,22.32023,-35.05512,CHA_16U20,CHA_16U9,USABBCary3,USA Baseball,USA,20250625-USABBCary3-4,796ee660-5214-11f0-8a37-53b6fd546738,74.84119,NA,NA,7.23985,NA,NA,NA,NA,NA,NA,3640e600-30e5-454d-afeb-3dce868d1233,2025-06-25,22:33:53,2025-06-25T22:33:53Z,2025-06-25T22:33:53Z,NA,v3,NA,NA,NA,"Brown, Codey",10315575,Right,CHA_16U20,a3b9502b-da36-4312-aa2b-4934c4783c36,55.14685,-112.30061,11.16012,4.97844,4.46949,-17.52756,-1.18586,3.14559,-4.52154,NA,NA,NA,NA,NA,NA,NA,NA,NA,NA,NA,NA,NA,NA,NA,NA,NA,NA,NA,NA,NA,NA,NA,NA,NA,NA,NA,NA,NA,NA,NA,NA,NA,NA,NA,NA,NA,NA,NA,NA,NA,NA,NA,NA,NA,NA,NA,NA,NA,NA,High,High,High,NA,NA,NA,NA,NA,NA,NA,NA,NA,NA,NA,NA,NA,NA,NA,NA,NA,NA,NA,NA,NA,NA,NA,NA,NA,NA,NA,NA,NA,NA,NA,NA,NA,NA,NA,NA,NA,NA,NA,NA,NA,NA,NA,NA,NA,NA,NA,NA,NA,NA,NA,NA,NA,NA,NA,NA,NA,NA
NA,NA,NA,NA,NA,NA,NA,NA,NA,NA,NA,NA,NA,NA,NA,NA,65,2025-06-25,18:34:11,1,2,"Zhang, Kemuel",1000447854,Right,CHA_16U20,"Guzzie, Brady",1000282830,Left,CHA_16U9,Undefined,3,Top,0,0,1,Undefined,Changeup,InPlay,Undefined,LineDrive,Out,1,0,NA,77.38659,1.54505,-1.738867,1196.57096,263.056503,02:45:00,4.90741,1.21955,5.38698,-44.7325,3.21862,13.09528,2.6289,0.68048,70.32803,-6.665969,0.589379,0.498392,90.03331,10.338462,-9.40822,1086.858948,107.52205,9.84768,-23.21471,170.67315,150.1015,-13.579252,1.540008,-7.11961,1.60343,-1.07378,50,5.0141,2.89506,-112.19862,1.55272,-8.99612,21.95813,-30.148,CHA_16U20,CHA_16U9,USABBCary3,USA Baseball,USA,20250625-USABBCary3-4,846c02a0-5214-11f0-8a37-53b6fd546738,75.62814,10.6745,NA,7.05856,NA,NA,NA,1.48199,2.65286,-0.64686,3640e600-30e5-454d-afeb-3dce868d1233,2025-06-25,22:34:11,2025-06-25T22:34:11Z,2025-06-25T22:34:11Z,LineDrive,v3,NA,NA,NA,"Brown, Codey",10315575,Right,CHA_16U20,93cbfc15-2bbe-4638-b467-4c9d30d9fb50,55.11237,-113.19473,10.97907,4.91265,2.92035,-15.074,-1.21437,3.30315,-4.49806,96.007396,1.48199,128.15818,-17.04578,2.76786,-0.74069,0.36411,-0.2026,0.06737,-0.00937,2.65286,23.69776,-18.48033,1.63392,-0.30145,0.04982,0.00213,-0.00346,6.3e-4,-0.64687,-21.23317,-4.41006,1.59837,-0.91946,0.85874,-0.56822,0.20071,-0.02893,NA,NA,NA,NA,NA,NA,NA,NA,NA,NA,NA,NA,NA,NA,NA,NA,NA,NA,NA,NA,NA,NA,High,High,High,High,Medium,NA,NA,NA,NA,NA,NA,NA,NA,NA,NA,NA,NA,NA,NA,NA,NA,NA,NA,NA,NA,NA,NA,NA,NA,NA,NA,NA,NA,NA,NA,NA,NA,NA,NA,NA,NA,NA,NA,NA,NA,NA,NA,NA,NA,NA,NA,NA,NA,NA,NA,NA,NA,NA,NA,NA,NA
NA,NA,NA,NA,NA,NA,NA,NA,NA,NA,NA,NA,NA,NA,NA,NA,66,2025-06-25,18:34:39,2,1,"Zhang, Kemuel",1000447854,Right,CHA_16U20,"Ravelo, Bryan",1000212048,Right,CHA_16U9,Undefined,3,Top,1,0,0,Undefined,Four-Seam,StrikeCalled,Undefined,Undefined,Undefined,0,0,NA,84.81111,-1.293064,-2.378806,2312.556322,205.030682,12:45:00,5.10716,1.03876,5.5007,-19.1671,21.05446,9.11603,2.29923,-0.42779,76.04255,-4.95915,-0.756368,0.456458,NA,NA,NA,NA,NA,NA,NA,NA,NA,NA,NA,-5.34059,11.44091,-0.83693,50,4.98165,4.69836,-122.72222,-3.31479,-7.9917,28.54255,-15.05384,CHA_16U20,CHA_16U9,USABBCary3,USA Baseball,USA,20250625-USABBCary3-4,9537c8d0-5214-11f0-8a37-53b6fd546738,82.57592,NA,NA,8.76857,NA,NA,NA,NA,NA,NA,3640e600-30e5-454d-afeb-3dce868d1233,2025-06-25,22:34:39,2025-06-25T22:34:39Z,2025-06-25T22:34:39Z,NA,v3,NA,NA,NA,"Brown, Codey",10315575,Right,CHA_16U20,bd9ada74-dff7-4073-8034-3dde29642b32,54.99306,-123.87806,14.27128,5.10354,-2.70518,-7.52692,-1.03374,5.02199,-3.99585,NA,NA,NA,NA,NA,NA,NA,NA,NA,NA,NA,NA,NA,NA,NA,NA,NA,NA,NA,NA,NA,NA,NA,NA,NA,NA,NA,NA,NA,NA,NA,NA,NA,NA,NA,NA,NA,NA,NA,NA,NA,NA,NA,NA,NA,NA,NA,NA,NA,NA,High,High,High,NA,NA,NA,NA,NA,NA,NA,NA,NA,NA,NA,NA,NA,NA,NA,NA,NA,NA,NA,NA,NA,NA,NA,NA,NA,NA,NA,NA,NA,NA,NA,NA,NA,NA,NA,NA,NA,NA,NA,NA,NA,NA,NA,NA,NA,NA,NA,NA,NA,NA,NA,NA,NA,NA,NA,NA,NA,NA
NA,NA,NA,NA,NA,NA,NA,NA,NA,NA,NA,NA,NA,NA,NA,NA,67,2025-06-25,18:34:54,2,2,"Zhang, Kemuel",1000447854,Right,CHA_16U20,"Ravelo, Bryan",1000212048,Right,CHA_16U9,Undefined,3,Top,1,0,1,Undefined,Changeup,FoulBallNotFieldable,Undefined,Undefined,Undefined,0,0,NA,81.89782,-0.507436,-1.145748,2196.846361,211.799211,01:00:00,5.16657,0.8563,5.56559,-24.62486,18.01403,10.23316,2.64035,0.63857,74.04798,-5.146789,0.679723,0.469975,63.19506,23.097252,56.774748,4844.68686,51.03319,21.32093,97.44495,168.51001,120.12585,65.547305,2.442217,-5.5341,9.70414,-0.7644,50,5.10704,1.95823,-118.74936,-1.79085,-7.80654,25.31199,-18.48515,CHA_16U20,CHA_16U9,USABBCary3,USA Baseball,USA,20250625-USABBCary3-4,9df9e930-5214-11f0-8a37-53b6fd546738,80.20102,22.99342,NA,7.84985,NA,NA,NA,0.99679,2.6504,-0.61136,3640e600-30e5-454d-afeb-3dce868d1233,2025-06-25,22:34:54,2025-06-25T22:34:54Z,2025-06-25T22:34:54Z,LineDrive,v3,NA,NA,NA,"Brown, Codey",10315575,Right,CHA_16U20,1334b299-08e8-4210-9787-bcb3db9339dc,54.93128,-119.79587,12.65599,5.16529,-1.02658,-9.24258,-0.85203,2.28099,-3.90327,239.346105,0.99679,46.71539,-11.98772,2.82728,-0.53996,0.01067,0.04068,-0.01542,0.00207,2.65039,36.36067,-17.16618,0.95288,-0.21594,0.1433,-0.0764,0.02346,-0.00289,-0.61135,71.3176,-4.35457,0.4189,0.04372,-0.05879,0.02938,-0.00821,0.00101,NA,NA,NA,NA,NA,NA,NA,NA,NA,NA,NA,NA,NA,NA,NA,NA,NA,NA,NA,NA,NA,NA,High,High,High,High,Medium,NA,NA,NA,NA,NA,NA,NA,NA,NA,NA,NA,NA,NA,NA,NA,NA,NA,NA,NA,NA,NA,NA,NA,NA,NA,NA,NA,NA,NA,NA,NA,NA,NA,NA,NA,NA,NA,NA,NA,NA,NA,NA,NA,NA,NA,NA,NA,NA,NA,NA,NA,NA,NA,NA,NA,NA
NA,NA,NA,NA,NA,NA,NA,NA,NA,NA,NA,NA,NA,NA,NA,NA,68,2025-06-25,18:35:18,2,3,"Zhang, Kemuel",1000447854,Right,CHA_16U20,"Ravelo, Bryan",1000212048,Right,CHA_16U9,Undefined,3,Top,1,0,2,Undefined,Four-Seam,InPlay,Undefined,GroundBall,Out,1,0,NA,84.12642,-1.378384,-1.994772,2233.782415,207.8442,01:00:00,5.17011,0.83927,5.50933,-22.67556,18.02343,8.72745,1.99043,-0.29964,75.7954,-5.657941,-0.440228,0.459159,74.94601,-25.768969,49.433888,NA,NA,NA,NA,4.41072,4.41072,48.043169,0.03944,-5.04587,9.96709,-0.67125,50,5.03507,3.87423,-121.83717,-3.62705,-7.46476,27.47168,-17.42899,CHA_16U20,CHA_16U9,USABBCary3,USA Baseball,USA,20250625-USABBCary3-4,ac66d7d0-5214-11f0-8a37-53b6fd546738,82.09012,1.88921,NA,8.33103,NA,NA,NA,0.40388,1.88921,0.30717,3640e600-30e5-454d-afeb-3dce868d1233,2025-06-25,22:35:18,2025-06-25T22:35:18Z,2025-06-25T22:35:18Z,GroundBall,v3,NA,NA,NA,"Brown, Codey",10315575,Right,CHA_16U20,50ee5971-a0db-4827-bb77-847a2e97c5d9,54.98685,-122.95646,13.73584,5.16838,-2.91693,-8.7145,-0.83529,4.17837,-3.73238,NA,0.40291,64.52774,NA,NA,NA,NA,NA,NA,NA,1.88993,-47.90039,NA,NA,NA,NA,NA,NA,NA,0.30604,75.37598,NA,NA,NA,NA,NA,NA,NA,NA,NA,NA,NA,NA,NA,NA,NA,NA,NA,NA,NA,NA,NA,NA,NA,NA,NA,NA,NA,NA,NA,High,High,High,Estimated,Estimated,NA,NA,NA,NA,NA,NA,NA,NA,NA,NA,NA,NA,NA,NA,NA,NA,NA,NA,NA,NA,NA,NA,NA,NA,NA,NA,NA,NA,NA,NA,NA,NA,NA,NA,NA,NA,NA,NA,NA,NA,NA,NA,NA,NA,NA,NA,NA,NA,NA,NA,NA,NA,NA,NA,NA,NA
NA,NA,NA,NA,NA,NA,NA,NA,NA,NA,NA,NA,NA,NA,NA,NA,69,2025-06-25,18:36:00,3,1,"Zhang, Kemuel",1000447854,Right,CHA_16U20,"Blackmon, Chase",1000451578,Right,CHA_16U9,Undefined,3,Top,2,0,0,Undefined,Changeup,StrikeCalled,Undefined,Undefined,Undefined,0,0,NA,85.28546,-1.224881,-2.7919,2185.166608,218.858831,01:15:00,5.10425,0.98102,5.8555,-23.67064,15.42324,11.27182,1.9921,-0.67574,76.87122,-5.699441,-0.772539,0.450014,NA,NA,NA,NA,NA,NA,NA,NA,NA,NA,NA,-6.61713,8.68107,-0.7606,50,4.99107,5.55231,-123.5283,-3.35501,-10.06952,28.08714,-18.96376,CHA_16U20,CHA_16U9,USABBCary3,USA Baseball,USA,20250625-USABBCary3-4,c589c790-5214-11f0-8a37-53b6fd546738,83.75842,NA,NA,8.41425,NA,NA,NA,NA,NA,NA,3640e600-30e5-454d-afeb-3dce868d1233,2025-06-25,22:36:00,2025-06-25T22:36:00Z,2025-06-25T22:36:00Z,NA,v3,NA,NA,NA,"Brown, Codey",10315575,Right,CHA_16U20,aeed006e-ccf0-4d07-8033-341dc0456257,54.64012,-124.57888,14.04357,5.1033,-2.64569,-9.48188,-0.97532,5.92895,-5.03476,NA,NA,NA,NA,NA,NA,NA,NA,NA,NA,NA,NA,NA,NA,NA,NA,NA,NA,NA,NA,NA,NA,NA,NA,NA,NA,NA,NA,NA,NA,NA,NA,NA,NA,NA,NA,NA,NA,NA,NA,NA,NA,NA,NA,NA,NA,NA,NA,NA,NA,High,High,High,NA,NA,NA,NA,NA,NA,NA,NA,NA,NA,NA,NA,NA,NA,NA,NA,NA,NA,NA,NA,NA,NA,NA,NA,NA,NA,NA,NA,NA,NA,NA,NA,NA,NA,NA,NA,NA,NA,NA,NA,NA,NA,NA,NA,NA,NA,NA,NA,NA,NA,NA,NA,NA,NA,NA,NA,NA,NA
NA,NA,NA,NA,NA,NA,NA,NA,NA,NA,NA,NA,NA,NA,NA,NA,70,2025-06-25,18:36:17,3,2,"Zhang, Kemuel",1000447854,Right,CHA_16U20,"Blackmon, Chase",1000451578,Right,CHA_16U9,Undefined,3,Top,2,0,1,Undefined,Changeup,FoulBallNotFieldable,Undefined,Undefined,Undefined,0,0,NA,85.2582,-0.74935,-2.535553,2171.254524,214.978637,01:15:00,5.08903,0.99552,5.68885,-23.61741,15.62603,9.95142,2.42177,-0.53997,76.99313,-5.200113,-0.75815,0.450874,68.09234,31.941433,157.459338,3403.999044,NA,NA,NA,NA,52.79798,NA,NA,-5.8713,8.58111,-0.78858,50,5.01149,5.05824,-123.55357,-2.34961,-8.9568,27.6288,-19.08336,CHA_16U20,CHA_16U9,USABBCary3,USA Baseball,USA,20250625-USABBCary3-4,cf9bc080-5214-11f0-8a37-53b6fd546738,83.59864,27.85056,NA,8.26507,NA,NA,NA,1.26928,2.48224,0.55749,3640e600-30e5-454d-afeb-3dce868d1233,2025-06-25,22:36:17,2025-06-25T22:36:17Z,2025-06-25T22:36:17Z,NA,v3,NA,NA,NA,"Brown, Codey",10315575,Right,CHA_16U20,1a7e6a9e-dd26-47c6-bf13-a06aac36cb47,54.80878,-124.62426,13.8144,5.08822,-1.61008,-9.54168,-0.99133,5.40533,-4.4784,305.869172,1.26928,-78.27346,5.42053,-0.0789,0.16102,-0.38524,0.51931,-0.26938,0.02002,2.48224,52.83556,-24.21457,2.47745,-0.25089,-0.51387,0.65323,-0.14827,-0.11479,0.55749,32.48692,-8.43238,1.05237,-0.10005,-0.26036,0.27436,0.003,-0.09467,NA,NA,NA,NA,NA,NA,NA,NA,NA,NA,NA,NA,NA,NA,NA,NA,NA,NA,NA,NA,NA,NA,High,High,High,High,Undefined,NA,NA,NA,NA,NA,NA,NA,NA,NA,NA,NA,NA,NA,NA,NA,NA,NA,NA,NA,NA,NA,NA,NA,NA,NA,NA,NA,NA,NA,NA,NA,NA,NA,NA,NA,NA,NA,NA,NA,NA,NA,NA,NA,NA,NA,NA,NA,NA,NA,NA,NA,NA,NA,NA,NA,NA
NA,NA,NA,NA,NA,NA,NA,NA,NA,NA,NA,NA,NA,NA,NA,NA,71,2025-06-25,18:36:42,3,3,"Zhang, Kemuel",1000447854,Right,CHA_16U20,"Blackmon, Chase",1000451578,Right,CHA_16U9,Undefined,3,Top,2,0,2,Undefined,Changeup,BallCalled,Undefined,Undefined,Undefined,0,0,NA,79.82279,3.831469,-2.14572,2008.857252,197.979032,12:30:00,5.27017,0.76892,5.68861,-27.5971,17.59914,5.18103,6.54934,-0.80016,71.31082,-1.394862,-1.221677,0.483863,NA,NA,NA,NA,NA,NA,NA,NA,NA,NA,NA,-3.29162,8.10729,-0.59149,50,5.57623,4.10822,-115.31561,6.94317,-4.35635,24.87032,-21.44436,CHA_16U20,CHA_16U9,USABBCary3,USA Baseball,USA,20250625-USABBCary3-4,de338fb0-5214-11f0-8a37-53b6fd546738,77.89896,NA,NA,8.51198,NA,NA,NA,NA,NA,NA,3640e600-30e5-454d-afeb-3dce868d1233,2025-06-25,22:36:42,2025-06-25T22:36:42Z,2025-06-25T22:36:42Z,NA,v3,NA,NA,NA,"Brown, Codey",10315575,Right,CHA_16U20,4abd57f2-a6e2-4bbf-bc18-67ed85563e3c,54.8036,-116.347,12.43516,5.26986,7.83248,-10.72218,-0.76561,4.28888,-2.17818,NA,NA,NA,NA,NA,NA,NA,NA,NA,NA,NA,NA,NA,NA,NA,NA,NA,NA,NA,NA,NA,NA,NA,NA,NA,NA,NA,NA,NA,NA,NA,NA,NA,NA,NA,NA,NA,NA,NA,NA,NA,NA,NA,NA,NA,NA,NA,NA,NA,NA,High,High,High,NA,NA,NA,NA,NA,NA,NA,NA,NA,NA,NA,NA,NA,NA,NA,NA,NA,NA,NA,NA,NA,NA,NA,NA,NA,NA,NA,NA,NA,NA,NA,NA,NA,NA,NA,NA,NA,NA,NA,NA,NA,NA,NA,NA,NA,NA,NA,NA,NA,NA,NA,NA,NA,NA,NA,NA,NA,NA
NA,NA,NA,NA,NA,NA,NA,NA,NA,NA,NA,NA,NA,NA,NA,NA,72,2025-06-25,18:37:04,3,4,"Zhang, Kemuel",1000447854,Right,CHA_16U20,"Blackmon, Chase",1000451578,Right,CHA_16U9,Undefined,3,Top,2,1,2,Undefined,Four-Seam,BallCalled,Undefined,Undefined,Undefined,0,0,NA,86.4389,-1.229773,-3.219285,2219.128604,201.180192,12:45:00,5.09609,0.91421,5.68806,-19.86903,17.99564,6.49107,2.29214,-1.54856,78.77994,-4.97968,-2.061505,0.442882,NA,NA,NA,NA,NA,NA,NA,NA,NA,NA,NA,-4.19634,9.85067,-0.64721,50,4.98018,6.76984,-125.27478,-3.29216,-6.65476,25.79913,-16.55235,CHA_16U20,CHA_16U9,USABBCary3,USA Baseball,USA,20250625-USABBCary3-4,ebb31110-5214-11f0-8a37-53b6fd546738,85.10711,NA,NA,7.65895,NA,NA,NA,NA,NA,NA,3640e600-30e5-454d-afeb-3dce868d1233,2025-06-25,22:37:04,2025-06-25T22:37:04Z,2025-06-25T22:37:04Z,NA,v3,NA,NA,NA,"Brown, Codey",10315575,Right,CHA_16U20,b4330346-216e-4ab7-aae0-c4776b2432f5,54.80912,-126.26129,12.89956,5.09396,-2.65924,-8.27617,-0.91094,7.02431,-3.32738,NA,NA,NA,NA,NA,NA,NA,NA,NA,NA,NA,NA,NA,NA,NA,NA,NA,NA,NA,NA,NA,NA,NA,NA,NA,NA,NA,NA,NA,NA,NA,NA,NA,NA,NA,NA,NA,NA,NA,NA,NA,NA,NA,NA,NA,NA,NA,NA,NA,NA,High,High,High,NA,NA,NA,NA,NA,NA,NA,NA,NA,NA,NA,NA,NA,NA,NA,NA,NA,NA,NA,NA,NA,NA,NA,NA,NA,NA,NA,NA,NA,NA,NA,NA,NA,NA,NA,NA,NA,NA,NA,NA,NA,NA,NA,NA,NA,NA,NA,NA,NA,NA,NA,NA,NA,NA,NA,NA,NA,NA
NA,NA,NA,NA,NA,NA,NA,NA,NA,NA,NA,NA,NA,NA,NA,NA,73,2025-06-25,18:37:29,3,5,"Zhang, Kemuel",1000447854,Right,CHA_16U20,"Blackmon, Chase",1000451578,Right,CHA_16U9,Undefined,3,Top,2,2,2,Undefined,Four-Seam,BallCalled,Undefined,Undefined,Undefined,0,0,NA,86.02371,0.286322,-2.628522,2221.825653,211.139278,01:00:00,5.12482,0.93546,5.67527,-20.90789,17.82009,9.90654,3.64971,-0.69121,77.21672,-3.695418,-0.860504,0.447903,NA,NA,NA,NA,NA,NA,NA,NA,NA,NA,NA,-5.81933,9.32441,-0.7197,50,5.13614,5.28434,-124.55771,0.00606,-8.99473,28.78507,-17.76165,CHA_16U20,CHA_16U9,USABBCary3,USA Baseball,USA,20250625-USABBCary3-4,fa91ad40-5214-11f0-8a37-53b6fd546738,84.15319,NA,NA,8.80698,NA,NA,NA,NA,NA,NA,3640e600-30e5-454d-afeb-3dce868d1233,2025-06-25,22:37:29,2025-06-25T22:37:29Z,2025-06-25T22:37:29Z,NA,v3,NA,NA,NA,"Brown, Codey",10315575,Right,CHA_16U20,5fd47238-8d14-4510-81b9-5f6077ff6356,54.81875,-125.66638,14.39253,5.12273,0.69016,-8.88082,-0.9299,5.63077,-4.49737,NA,NA,NA,NA,NA,NA,NA,NA,NA,NA,NA,NA,NA,NA,NA,NA,NA,NA,NA,NA,NA,NA,NA,NA,NA,NA,NA,NA,NA,NA,NA,NA,NA,NA,NA,NA,NA,NA,NA,NA,NA,NA,NA,NA,NA,NA,NA,NA,NA,NA,High,High,High,NA,NA,NA,NA,NA,NA,NA,NA,NA,NA,NA,NA,NA,NA,NA,NA,NA,NA,NA,NA,NA,NA,NA,NA,NA,NA,NA,NA,NA,NA,NA,NA,NA,NA,NA,NA,NA,NA,NA,NA,NA,NA,NA,NA,NA,NA,NA,NA,NA,NA,NA,NA,NA,NA,NA,NA,NA,NA
NA,NA,NA,NA,NA,NA,NA,NA,NA,NA,NA,NA,NA,NA,NA,NA,74,2025-06-25,18:37:49,3,6,"Zhang, Kemuel",1000447854,Right,CHA_16U20,"Blackmon, Chase",1000451578,Right,CHA_16U9,Undefined,3,Top,2,3,2,Undefined,Four-Seam,StrikeCalled,Strikeout,Undefined,Undefined,0,0,NA,86.14405,-2.54146,-1.959253,2194.269963,210.478247,01:00:00,5.13767,0.8865,5.61008,-20.79371,17.7793,9.64619,1.02969,-0.13915,77.96157,-6.462933,-0.237317,0.447006,NA,NA,NA,NA,NA,NA,NA,NA,NA,NA,NA,-5.47158,10.19095,-0.72525,50,4.90709,3.85128,-124.74231,-6.17442,-8.5201,27.84635,-16.3052,CHA_16U20,CHA_16U9,USABBCary3,USA Baseball,USA,20250625-USABBCary3-4,064b62c0-5215-11f0-8a37-53b6fd546738,84.32201,NA,NA,8.18248,NA,NA,NA,NA,NA,NA,3640e600-30e5-454d-afeb-3dce868d1233,2025-06-25,22:37:49,2025-06-25T22:37:49Z,2025-06-25T22:37:49Z,NA,v3,NA,NA,NA,"Brown, Codey",10315575,Right,CHA_16U20,bfe5dff2-beab-4d70-bb37-f526f1f4ef63,54.88604,-125.8283,13.92317,5.13549,-5.53853,-8.1526,-0.88192,4.18356,-4.26005,NA,NA,NA,NA,NA,NA,NA,NA,NA,NA,NA,NA,NA,NA,NA,NA,NA,NA,NA,NA,NA,NA,NA,NA,NA,NA,NA,NA,NA,NA,NA,NA,NA,NA,NA,NA,NA,NA,NA,NA,NA,NA,NA,NA,NA,NA,NA,NA,NA,NA,High,High,High,NA,NA,NA,NA,NA,NA,NA,NA,NA,NA,NA,NA,NA,NA,NA,NA,NA,NA,NA,NA,NA,NA,NA,NA,NA,NA,NA,NA,NA,NA,NA,NA,NA,NA,NA,NA,NA,NA,NA,NA,NA,NA,NA,NA,NA,NA,NA,NA,NA,NA,NA,NA,NA,NA,NA,NA,NA,NA
NA,NA,NA,NA,NA,NA,NA,NA,NA,NA,NA,NA,NA,NA,NA,NA,75,2025-06-25,18:39:57,1,1,"Downey, Logan",10172738,Right,CHA_16U9,"Kurz, Jordan",1000267849,Right,CHA_16U20,Undefined,3,Bottom,0,0,0,Undefined,Four-Seam,StrikeCalled,Undefined,Undefined,Undefined,0,0,NA,82.50044,-2.725094,-2.849617,2074.005322,194.109165,12:30:00,6.2816,1.58802,6.13654,-22.98978,17.70426,4.12768,1.84218,-0.70386,75.84874,-7.04656,-2.106417,0.459131,NA,NA,NA,NA,NA,NA,NA,NA,NA,NA,NA,-2.90453,10.2867,-1.37255,50,6.0613,5.80099,-119.654,-6.33663,-4.22218,22.50446,-17.22066,CHA_16U20,CHA_16U9,USABBCary3,USA Baseball,USA,20250625-USABBCary3-4,52c86120-5215-11f0-8a37-53b6fd546738,82.09512,NA,NA,6.6517,NA,NA,NA,NA,NA,NA,3640e600-30e5-454d-afeb-3dce868d1233,2025-06-25,22:39:57,2025-06-25T22:39:57Z,2025-06-25T22:39:57Z,NA,v3,NA,NA,NA,"Day, Hunter",10167489,Right,CHA_16U9,b85aafdb-ec03-4e10-b18b-960339058339,54.36207,-120.47162,11.25223,6.28015,-5.71098,-8.61033,-1.58609,5.95439,-2.11109,NA,NA,NA,NA,NA,NA,NA,NA,NA,NA,NA,NA,NA,NA,NA,NA,NA,NA,NA,NA,NA,NA,NA,NA,NA,NA,NA,NA,NA,NA,NA,NA,NA,NA,NA,NA,NA,NA,NA,NA,NA,NA,NA,NA,NA,NA,NA,NA,NA,NA,High,High,High,NA,NA,NA,NA,NA,NA,NA,NA,NA,NA,NA,NA,NA,NA,NA,NA,NA,NA,NA,NA,NA,NA,NA,NA,NA,NA,NA,NA,NA,NA,NA,NA,NA,NA,NA,NA,NA,NA,NA,NA,NA,NA,NA,NA,NA,NA,NA,NA,NA,NA,NA,NA,NA,NA,NA,NA,NA,NA
NA,NA,NA,NA,NA,NA,NA,NA,NA,NA,NA,NA,NA,NA,NA,NA,76,2025-06-25,18:40:14,1,2,"Downey, Logan",10172738,Right,CHA_16U9,"Kurz, Jordan",1000267849,Right,CHA_16U20,Undefined,3,Bottom,0,0,1,Undefined,Curveball,FoulBallNotFieldable,Undefined,Undefined,Undefined,0,0,NA,75.77726,1.020814,-1.246211,2115.543997,55.066501,07:45:00,5.61885,2.46848,5.77286,-50.31644,-1.88831,-4.65429,2.37608,0.92075,70.31799,-8.179357,-2.080453,0.500864,37.81814,-11.897785,-63.248753,NA,NA,NA,NA,13.13161,3.10499,-55.080699,0.201028,2.07929,-0.88571,-2.36254,50,5.6722,2.56066,-110.19713,0.40963,2.57692,18.13754,-33.27174,CHA_16U20,CHA_16U9,USABBCary3,USA Baseball,USA,20250625-USABBCary3-4,5ccb65f0-5215-11f0-8a37-53b6fd546738,75.25476,2.32476,NA,5.45926,NA,NA,NA,2.55026,2.32476,-0.91442,3640e600-30e5-454d-afeb-3dce868d1233,2025-06-25,22:40:14,2025-06-25T22:40:14Z,2025-06-25T22:40:14Z,GroundBall,v3,NA,NA,NA,"Day, Hunter",10167489,Right,CHA_16U9,77ebc832-1da6-4057-be2b-3d227d19686e,54.7299,-110.9729,9.06877,5.62425,1.83272,-16.63587,-2.4697,2.45044,1.28846,NA,2.54133,24.70589,NA,NA,NA,NA,NA,NA,NA,2.32894,-11.56442,NA,NA,NA,NA,NA,NA,NA,-0.89673,-49.01293,NA,NA,NA,NA,NA,NA,NA,NA,NA,NA,NA,NA,NA,NA,NA,NA,NA,NA,NA,NA,NA,NA,NA,NA,NA,NA,NA,NA,NA,High,High,High,Low,Low,NA,NA,NA,NA,NA,NA,NA,NA,NA,NA,NA,NA,NA,NA,NA,NA,NA,NA,NA,NA,NA,NA,NA,NA,NA,NA,NA,NA,NA,NA,NA,NA,NA,NA,NA,NA,NA,NA,NA,NA,NA,NA,NA,NA,NA,NA,NA,NA,NA,NA,NA,NA,NA,NA,NA,NA
NA,NA,NA,NA,NA,NA,NA,NA,NA,NA,NA,NA,NA,NA,NA,NA,77,2025-06-25,18:40:56,1,3,"Downey, Logan",10172738,Right,CHA_16U9,"Kurz, Jordan",1000267849,Right,CHA_16U20,Undefined,3,Bottom,0,0,2,Undefined,Cutter,HitByPitch,Undefined,Undefined,Undefined,0,0,NA,84.64942,-1.01859,0.614992,2206.685275,182.1805,12:00:00,6.23146,2.06384,5.82821,-20.59151,19.16907,0.67343,3.56846,2.69168,76.06855,-4.954777,0.735719,0.453835,NA,NA,NA,NA,NA,NA,NA,NA,NA,NA,NA,-0.14181,10.59682,-2.11448,50,6.13657,-1.34422,-122.75098,-2.76738,-0.21198,28.86693,-16.33172,CHA_16U20,CHA_16U9,USABBCary3,USA Baseball,USA,20250625-USABBCary3-4,76014170-5215-11f0-8a37-53b6fd546738,83.05323,NA,NA,8.5808700000000009,NA,NA,NA,NA,NA,NA,3640e600-30e5-454d-afeb-3dce868d1233,2025-06-25,22:40:56,2025-06-25T22:40:56Z,2025-06-25T22:40:56Z,NA,v3,NA,NA,NA,"Day, Hunter",10167489,Right,CHA_16U9,b99ee357-da35-484b-ad9e-e8a1b1a2e86d,54.67031,-123.84441,14.43347,6.22968,-2.14876,-8.16586,-2.06372,-1.33619,-0.10599,NA,NA,NA,NA,NA,NA,NA,NA,NA,NA,NA,NA,NA,NA,NA,NA,NA,NA,NA,NA,NA,NA,NA,NA,NA,NA,NA,NA,NA,NA,NA,NA,NA,NA,NA,NA,NA,NA,NA,NA,NA,NA,NA,NA,NA,NA,NA,NA,NA,NA,High,High,High,NA,NA,NA,NA,NA,NA,NA,NA,NA,NA,NA,NA,NA,NA,NA,NA,NA,NA,NA,NA,NA,NA,NA,NA,NA,NA,NA,NA,NA,NA,NA,NA,NA,NA,NA,NA,NA,NA,NA,NA,NA,NA,NA,NA,NA,NA,NA,NA,NA,NA,NA,NA,NA,NA,NA,NA,NA,NA
NA,NA,NA,NA,NA,NA,NA,NA,NA,NA,NA,NA,NA,NA,NA,NA,78,2025-06-25,18:41:38,2,1,"Downey, Logan",10172738,Right,CHA_16U9,"Rootman, Ira",1000111845,Right,CHA_16U20,Undefined,3,Bottom,0,0,0,Undefined,Cutter,StrikeCalled,Undefined,Undefined,Undefined,0,0,NA,84.52387,-2.37213,-1.046917,2242.356366,191.389448,12:30:00,6.33818,1.62226,6.03722,-20.15029,19.01875,3.56166,2.46088,0.94956,76.92813,-6.20131,-0.405798,0.450446,NA,NA,NA,NA,NA,NA,NA,NA,NA,NA,NA,-2.13843,10.88583,-1.54244,50,6.14207,2.099,-122.61327,-5.62997,-3.23359,25.76142,-15.71314,CHA_16U20,CHA_16U9,USABBCary3,USA Baseball,USA,20250625-USABBCary3-4,8ee4b730-5215-11f0-8a37-53b6fd546738,83.67801,NA,NA,7.59574,NA,NA,NA,NA,NA,NA,3640e600-30e5-454d-afeb-3dce868d1233,2025-06-25,22:41:38,2025-06-25T22:41:38Z,2025-06-25T22:41:38Z,NA,v3,NA,NA,NA,"Day, Hunter",10167489,Right,CHA_16U9,330bdede-20f3-434e-8852-33dd23a3912f,54.45967,-123.5467,12.88071,6.33575,-5.06062,-7.85657,-1.62062,2.21617,-1.61679,NA,NA,NA,NA,NA,NA,NA,NA,NA,NA,NA,NA,NA,NA,NA,NA,NA,NA,NA,NA,NA,NA,NA,NA,NA,NA,NA,NA,NA,NA,NA,NA,NA,NA,NA,NA,NA,NA,NA,NA,NA,NA,NA,NA,NA,NA,NA,NA,NA,NA,High,High,High,NA,NA,NA,NA,NA,NA,NA,NA,NA,NA,NA,NA,NA,NA,NA,NA,NA,NA,NA,NA,NA,NA,NA,NA,NA,NA,NA,NA,NA,NA,NA,NA,NA,NA,NA,NA,NA,NA,NA,NA,NA,NA,NA,NA,NA,NA,NA,NA,NA,NA,NA,NA,NA,NA,NA,NA,NA,NA
NA,NA,NA,NA,NA,NA,NA,NA,NA,NA,NA,NA,NA,NA,NA,NA,79,2025-06-25,18:41:59,2,2,"Downey, Logan",10172738,Right,CHA_16U9,"Rootman, Ira",1000111845,Right,CHA_16U20,Undefined,3,Bottom,0,0,1,Undefined,Four-Seam,BallCalled,Undefined,Undefined,Undefined,0,0,NA,83.41442,-3.972101,-1.29499,2270.304961,180.608051,12:00:00,6.23725,1.74377,6.28812,-18.21304,22.18068,0.21906,1.05209,0.56839,75.23155,-7.48364,-1.255377,0.457434,NA,NA,NA,NA,NA,NA,NA,NA,NA,NA,NA,-0.54453,13.29359,-1.64849,50,5.93537,2.72108,-120.7381,-8.81352,-0.78883,27.59831,-12.91692,CHA_16U20,CHA_16U9,USABBCary3,USA Baseball,USA,20250625-USABBCary3-4,9b17e270-5215-11f0-8a37-53b6fd546738,82.39976,NA,NA,8.18287,NA,NA,NA,NA,NA,NA,3640e600-30e5-454d-afeb-3dce868d1233,2025-06-25,22:41:59,2025-06-25T22:41:59Z,2025-06-25T22:41:59Z,NA,v3,NA,NA,NA,"Day, Hunter",10167489,Right,CHA_16U9,7b0c5bfb-e630-4bd4-8804-1172dbada37c,54.20821,-121.69621,13.79916,6.23356,-8.36509,-6.45846,-1.74343,2.74846,-0.39442,NA,NA,NA,NA,NA,NA,NA,NA,NA,NA,NA,NA,NA,NA,NA,NA,NA,NA,NA,NA,NA,NA,NA,NA,NA,NA,NA,NA,NA,NA,NA,NA,NA,NA,NA,NA,NA,NA,NA,NA,NA,NA,NA,NA,NA,NA,NA,NA,NA,NA,High,High,High,NA,NA,NA,NA,NA,NA,NA,NA,NA,NA,NA,NA,NA,NA,NA,NA,NA,NA,NA,NA,NA,NA,NA,NA,NA,NA,NA,NA,NA,NA,NA,NA,NA,NA,NA,NA,NA,NA,NA,NA,NA,NA,NA,NA,NA,NA,NA,NA,NA,NA,NA,NA,NA,NA,NA,NA,NA,NA
NA,NA,NA,NA,NA,NA,NA,NA,NA,NA,NA,NA,NA,NA,NA,NA,80,2025-06-25,18:42:19,2,3,"Downey, Logan",10172738,Right,CHA_16U9,"Rootman, Ira",1000111845,Right,CHA_16U20,Undefined,3,Bottom,0,1,1,Undefined,Slider,BallCalled,Undefined,Undefined,Undefined,0,0,NA,76.30105,1.52804,-2.470527,2097.071577,109.598369,09:45:00,5.82414,2.15911,5.88484,-46.01243,2.59421,-2.58083,3.41039,-0.35155,69.24986,-6.988009,-2.933006,0.501787,NA,NA,NA,NA,NA,NA,NA,NA,NA,NA,NA,0.54032,1.36803,-1.95821,50,5.92137,4.86711,-110.60141,1.55558,0.66115,21.96647,-30.50011,CHA_16U20,CHA_16U9,USABBCary3,USA Baseball,USA,20250625-USABBCary3-4,a763ece0-5215-11f0-8a37-53b6fd546738,75.11643,NA,NA,7.05119,NA,NA,NA,NA,NA,NA,3640e600-30e5-454d-afeb-3dce868d1233,2025-06-25,22:42:19,2025-06-25T22:42:19Z,2025-06-25T22:42:19Z,NA,v3,NA,NA,NA,"Day, Hunter",10167489,Right,CHA_16U9,384192c9-a047-4fc4-9796-8d7e327c7004,54.61267,-111.51377,10.98323,5.83046,2.82238,-15.25005,-2.15979,4.83965,0.33057,NA,NA,NA,NA,NA,NA,NA,NA,NA,NA,NA,NA,NA,NA,NA,NA,NA,NA,NA,NA,NA,NA,NA,NA,NA,NA,NA,NA,70.50021,2.533273,1.122458,1.410815,-0.19667,3.20832,0.43441,0.01061,6.4334,1.63412,127.27833,-0.34997,-0.46861,0.14372,100.99376,-7.80184,6.48401,13.48813,-13.03347,1.59321,-4.017,1.83884,High,High,High,NA,NA,High,High,High,NA,NA,NA,NA,NA,NA,NA,NA,NA,NA,NA,NA,NA,NA,NA,NA,NA,NA,NA,NA,NA,NA,NA,NA,NA,NA,NA,NA,NA,NA,NA,NA,NA,NA,NA,NA,NA,NA,NA,NA,NA,NA,NA,NA,NA,NA,NA,NA,NA,NA,NA,NA,NA
NA,NA,NA,NA,NA,NA,NA,NA,NA,NA,NA,NA,NA,NA,NA,NA,81,2025-06-25,18:42:54,2,4,"Downey, Logan",10172738,Right,CHA_16U9,"Rootman, Ira",1000111845,Right,CHA_16U20,Undefined,3,Bottom,0,2,1,Undefined,Cutter,FoulBallNotFieldable,Undefined,Undefined,Undefined,0,0,NA,84.23348,-2.699431,-1.337402,2176.997051,185.816113,12:15:00,6.25934,1.66573,6.39332,-21.43371,17.19028,1.62662,1.98791,0.571,77.34837,-6.757525,-1.042615,0.447301,80.80604,-2.217486,-49.575093,4313.140271,NA,NA,NA,38.76825,37.85296,-48.387679,0.310046,-1.22921,10.12071,-1.57044,50,6.05533,2.79814,-122.35129,-6.34137,-1.86373,24.0847,-16.82886,CHA_16U20,CHA_16U9,USABBCary3,USA Baseball,USA,20250625-USABBCary3-4,bc6398c0-5215-11f0-8a37-53b6fd546738,84.26637,2.78477,NA,6.88511,NA,NA,NA,3.52198,2.78477,-1.09046,3640e600-30e5-454d-afeb-3dce868d1233,2025-06-25,22:42:54,2025-06-25T22:42:54Z,2025-06-25T22:42:54Z,GroundBall,v3,NA,NA,NA,"Day, Hunter",10167489,Right,CHA_16U9,829029bc-c47c-4d06-abfc-4a259bbd34b5,54.10706,-123.15711,12.04235,6.25808,-5.77832,-8.41443,-1.6651,2.86049,-0.93187,NA,3.52466,76.67923,-16.18555,NA,NA,NA,NA,NA,NA,2.78577,-4.62805,-14.06386,NA,NA,NA,NA,NA,NA,-1.08916,-90.20852,0.74326,NA,NA,NA,NA,NA,NA,NA,NA,NA,NA,NA,NA,NA,NA,NA,NA,NA,NA,NA,NA,NA,NA,NA,NA,NA,NA,NA,NA,High,High,High,High,High,NA,NA,NA,NA,NA,NA,NA,NA,NA,NA,NA,NA,NA,NA,NA,NA,NA,NA,NA,NA,NA,NA,NA,NA,NA,NA,NA,NA,NA,NA,NA,NA,NA,NA,NA,NA,NA,NA,NA,NA,NA,NA,NA,NA,NA,NA,NA,NA,NA,NA,NA,NA,NA,NA,NA,NA
NA,NA,NA,NA,NA,NA,NA,NA,NA,NA,NA,NA,NA,NA,NA,NA,82,2025-06-25,18:43:27,2,5,"Downey, Logan",10172738,Right,CHA_16U9,"Rootman, Ira",1000111845,Right,CHA_16U20,Undefined,3,Bottom,0,2,2,Undefined,Curveball,BallCalled,Undefined,Undefined,Undefined,0,0,NA,76.98195,1.881945,-4.946094,2121.977094,71.863635,08:30:00,5.44882,2.57061,6.05049,-49.15274,-1.0315,-8.47083,3.10206,-2.72542,69.46608,-7.207594,-6.458885,0.499275,NA,NA,NA,NA,NA,NA,NA,NA,NA,NA,NA,2.63957,-0.59008,-2.18065,50,5.57026,9.93701,-111.20774,2.17812,3.2362,23.84372,-32.89751,CHA_16U20,CHA_16U9,USABBCary3,USA Baseball,USA,20250625-USABBCary3-4,cfd132f0-5215-11f0-8a37-53b6fd546738,75.49434,NA,NA,7.51587,NA,NA,NA,NA,NA,NA,3640e600-30e5-454d-afeb-3dce868d1233,2025-06-25,22:43:27,2025-06-25T22:43:27Z,2025-06-25T22:43:27Z,NA,v3,NA,NA,NA,"Day, Hunter",10167489,Right,CHA_16U9,3459ed82-1a66-4294-9ec4-dbee74feecf3,54.44622,-112.15699,11.92186,5.45748,3.48781,-16.44875,-2.57369,9.80817,1.6181,NA,NA,NA,NA,NA,NA,NA,NA,NA,NA,NA,NA,NA,NA,NA,NA,NA,NA,NA,NA,NA,NA,NA,NA,NA,NA,NA,NA,NA,NA,NA,NA,NA,NA,NA,NA,NA,NA,NA,NA,NA,NA,NA,NA,NA,NA,NA,NA,NA,NA,High,High,High,NA,NA,NA,NA,NA,NA,NA,NA,NA,NA,NA,NA,NA,NA,NA,NA,NA,NA,NA,NA,NA,NA,NA,NA,NA,NA,NA,NA,NA,NA,NA,NA,NA,NA,NA,NA,NA,NA,NA,NA,NA,NA,NA,NA,NA,NA,NA,NA,NA,NA,NA,NA,NA,NA,NA,NA,NA,NA
NA,NA,NA,NA,NA,NA,NA,NA,NA,NA,NA,NA,NA,NA,NA,NA,83,2025-06-25,18:43:55,2,6,"Downey, Logan",10172738,Right,CHA_16U9,"Rootman, Ira",1000111845,Right,CHA_16U20,Undefined,3,Bottom,0,3,2,Undefined,Cutter,InPlay,Undefined,GroundBall,Out,1,0,NA,83.29344,-1.095104,-2.260258,2163.108519,184.463365,12:15:00,6.41625,1.87579,6.3201599999999996,-22.51426,17.34025,1.24973,3.53054,-0.10288,75.83841,-5.380231,-2.034406,0.454371,86.44438,-1.682182,-34.266457,3963.553723,NA,NA,NA,42.72004,40.26263,-32.916952,0.332042,-1.33508,9.77355,-1.71114,50,6.32542,4.7287,-120.94582,-2.9124,-1.96314,25.19549,-17.80284,CHA_16U20,CHA_16U9,USABBCary3,USA Baseball,USA,20250625-USABBCary3-4,e0bc40f0-5215-11f0-8a37-53b6fd546738,82.9553,3.75587,NA,7.45503,NA,NA,NA,3.25308,3.75587,-0.02126,3640e600-30e5-454d-afeb-3dce868d1233,2025-06-25,22:43:55,2025-06-25T22:43:55Z,2025-06-25T22:43:55Z,GroundBall,v3,NA,NA,NA,"Day, Hunter",10167489,Right,CHA_16U9,60af4980-f9e4-4971-8814-5716baa1e300,54.1797,-121.81343,12.59774,6.41515,-2.29936,-8.90142,-1.87513,4.7963,-0.98157,47.994653,3.258,104.53572,-19.14917,NA,NA,NA,NA,NA,NA,3.76177,-3.95899,-22.248,NA,NA,NA,NA,NA,NA,-0.02051,-71.38515,4.60422,NA,NA,NA,NA,NA,NA,NA,NA,NA,NA,NA,NA,NA,NA,NA,NA,NA,NA,NA,NA,NA,NA,NA,NA,NA,NA,NA,NA,High,High,High,High,High,NA,NA,NA,NA,NA,NA,NA,NA,NA,NA,NA,NA,NA,NA,NA,NA,NA,NA,NA,NA,NA,NA,NA,NA,NA,NA,NA,NA,NA,NA,NA,NA,NA,NA,NA,NA,NA,NA,NA,NA,NA,NA,NA,NA,NA,NA,NA,NA,NA,NA,NA,NA,NA,NA,NA,NA
NA,NA,NA,NA,NA,NA,NA,NA,NA,NA,NA,NA,NA,NA,NA,NA,84,2025-06-25,18:44:35,3,1,"Downey, Logan",10172738,Right,CHA_16U9,"Brown, Codey",10315575,Right,CHA_16U20,Undefined,3,Bottom,1,0,0,Undefined,Curveball,BallCalled,Undefined,Undefined,Undefined,0,0,NA,75.53142,0.935205,-4.415611,1977.104485,77.04047,08:30:00,5.66618,2.50941,5.91125,-49.08081,0.36693,-5.34941,2.4468,-2.04287,69.18531,-8.08195,-5.37111,0.50611,NA,NA,NA,NA,NA,NA,NA,NA,NA,NA,NA,1.41803,0.43016,-2.15153,50,5.71379,8.63837,-109.37081,0.30742,1.70664,20.44351,-31.65633,CHA_16U20,CHA_16U9,USABBCary3,USA Baseball,USA,20250625-USABBCary3-4,f889b2d0-5215-11f0-8a37-53b6fd546738,74.47484,NA,NA,6.34612,NA,NA,NA,NA,NA,NA,3640e600-30e5-454d-afeb-3dce868d1233,2025-06-25,22:44:35,2025-06-25T22:44:35Z,2025-06-25T22:44:35Z,NA,v3,NA,NA,NA,"Day, Hunter",10167489,Right,CHA_16U9,4415d383-c958-4bcf-8c51-954a756e45e1,54.5876,-110.22498,10.22176,5.67332,1.63009,-15.82817,-2.51097,8.56707,0.85332,NA,NA,NA,NA,NA,NA,NA,NA,NA,NA,NA,NA,NA,NA,NA,NA,NA,NA,NA,NA,NA,NA,NA,NA,NA,NA,NA,NA,NA,NA,NA,NA,NA,NA,NA,NA,NA,NA,NA,NA,NA,NA,NA,NA,NA,NA,NA,NA,NA,NA,High,High,High,NA,NA,NA,NA,NA,NA,NA,NA,NA,NA,NA,NA,NA,NA,NA,NA,NA,NA,NA,NA,NA,NA,NA,NA,NA,NA,NA,NA,NA,NA,NA,NA,NA,NA,NA,NA,NA,NA,NA,NA,NA,NA,NA,NA,NA,NA,NA,NA,NA,NA,NA,NA,NA,NA,NA,NA,NA,NA
NA,NA,NA,NA,NA,NA,NA,NA,NA,NA,NA,NA,NA,NA,NA,NA,85,2025-06-25,18:44:55,3,2,"Downey, Logan",10172738,Right,CHA_16U9,"Brown, Codey",10315575,Right,CHA_16U20,Undefined,3,Bottom,1,1,0,Undefined,Slider,FoulBallNotFieldable,Undefined,Undefined,Undefined,0,0,NA,82.39229,-2.236694,-1.245873,2151.211029,173.813632,11:45:00,6.27282,1.83743,6.35129,-24.13647,16.31426,-1.62898,2.20109,0.5547,75.62017,-6.790749,-1.540855,0.457757,71.3944,28.213519,39.323588,4645.566586,78.20166,38.59169,77.35952,231.69956,178.56172,50.276082,3.274756,0.50441,9.52788,-1.7463,50,6.099,2.66162,-119.68206,-5.32341,0.73135,23.17652,-18.35953,CHA_16U20,CHA_16U9,USABBCary3,USA Baseball,USA,20250625-USABBCary3-4,04392f20-5216-11f0-8a37-53b6fd546738,82.34166,39.04483,NA,6.77213,NA,NA,NA,0.70334,2.22237,-0.47063,3640e600-30e5-454d-afeb-3dce868d1233,2025-06-25,22:44:55,2025-06-25T22:44:55Z,2025-06-25T22:44:55Z,FlyBall,v3,NA,NA,NA,"Day, Hunter",10167489,Right,CHA_16U9,36cb303e-a0f3-4b7d-94c4-541a6f6ed1f7,54.14772,-120.48259,11.58826,6.27192,-4.68926,-9.17976,-1.8378,2.63636,0.36568,233.718397,0.70315,71.38782,-14.43887,3.64422,-1.06188,0.38676,-0.13231,0.02716,-0.00224,2.22269,49.49054,-17.90385,0.76486,0.26166,-0.25925,0.10707,-0.02083,0.00155,-0.47067,58.47396,-0.80802,-0.47775,0.17212,-0.00766,-0.0131,0.00444,-4.6e-4,NA,NA,NA,NA,NA,NA,NA,NA,NA,NA,NA,NA,NA,NA,NA,NA,NA,NA,NA,NA,NA,NA,High,High,High,High,Medium,NA,NA,NA,NA,NA,NA,NA,NA,NA,NA,NA,NA,NA,NA,NA,NA,NA,NA,NA,NA,NA,NA,NA,NA,NA,NA,NA,NA,NA,NA,NA,NA,NA,NA,NA,NA,NA,NA,NA,NA,NA,NA,NA,NA,NA,NA,NA,NA,NA,NA,NA,NA,NA,NA,NA,NA
NA,NA,NA,NA,NA,NA,NA,NA,NA,NA,NA,NA,NA,NA,NA,NA,86,2025-06-25,18:46:42,3,3,"Downey, Logan",10172738,Right,CHA_16U9,"Brown, Codey",10315575,Right,CHA_16U20,Undefined,3,Bottom,1,1,1,Undefined,Four-Seam,InPlay,Undefined,LineDrive,Double,0,1,NA,83.50078,-2.159242,-1.734996,2177.015526,191.426676,12:30:00,6.15431,1.96009,6.08409,-21.13304,19.34332,3.60504,2.39377,0.65491,75.2599,-6.199462,-1.085816,0.457902,93.61214,19.520606,-39.026734,2317.55026,83.93164,21.71356,-71.10179,199.20135,191.51207,-42.476601,1.953266,-2.44004,11.13237,-1.82803,50,5.97646,3.52668,-121.01881,-5.12729,-3.55374,27.56744,-15.96064,CHA_16U20,CHA_16U9,USABBCary3,USA Baseball,USA,20250625-USABBCary3-4,441b8de0-5216-11f0-8a37-53b6fd546738,82.3156,21.76979,NA,8.24088,NA,NA,NA,2.06915,2.67599,-0.67748,3640e600-30e5-454d-afeb-3dce868d1233,2025-06-25,22:46:42,2025-06-25T22:46:42Z,2025-06-25T22:46:42Z,LineDrive,v3,NA,NA,NA,"Day, Hunter",10167489,Right,CHA_16U9,a94b128f-70e6-4d7c-920d-bd48c4bfd71c,54.41296,-122.01992,13.78372,6.15213,-4.54768,-7.98032,-1.95844,3.65573,-1.77687,NA,2.06915,100.52927,-15.34551,1.29433,-0.21106,0.01401,0.00163,-2.1e-4,0,2.67599,45.87737,-31.23232,5.10181,-1.15012,0.27555,-0.05294,0.00761,-6e-4,-0.67748,-81.48469,7.44112,-0.55905,0.08385,-0.00147,-0.00197,2.8e-4,-1e-5,NA,NA,NA,NA,NA,NA,NA,NA,NA,NA,NA,NA,NA,NA,NA,NA,NA,NA,NA,NA,NA,NA,High,High,High,Medium,Medium,NA,NA,NA,NA,NA,NA,NA,NA,NA,NA,NA,NA,NA,NA,NA,NA,NA,NA,NA,NA,NA,NA,NA,NA,NA,NA,NA,NA,NA,NA,NA,NA,NA,NA,NA,NA,NA,NA,NA,NA,NA,NA,NA,NA,NA,NA,NA,NA,NA,NA,NA,NA,NA,NA,NA,NA
NA,NA,NA,NA,NA,NA,NA,NA,NA,NA,NA,NA,NA,NA,NA,NA,87,2025-06-25,18:48:03,4,1,"Downey, Logan",10172738,Right,CHA_16U9,"Anderson, Landon",10941266,Right,CHA_16U20,Undefined,3,Bottom,1,0,0,Undefined,Four-Seam,BallCalled,Undefined,Undefined,Undefined,0,0,NA,81.475,-2.25366,-0.032895,2213.117379,186.052228,12:15:00,6.14204,1.71458,6.10978,-22.34277,20.14403,1.9665,2.19513,1.84803,73.42176,-6.524342,0.321678,0.469136,NA,NA,NA,NA,NA,NA,NA,NA,NA,NA,NA,-1.01787,11.58024,-1.71302,50,5.95733,-0.00845,-118.0823,-5.21999,-1.41124,26.26542,-16.11844,CHA_16U20,CHA_16U9,USABBCary3,USA Baseball,USA,20250625-USABBCary3-4,745570c0-5216-11f0-8a37-53b6fd546738,80.34444,NA,NA,8.05324,NA,NA,NA,NA,NA,NA,3640e600-30e5-454d-afeb-3dce868d1233,2025-06-25,22:48:03,2025-06-25T22:48:03Z,2025-06-25T22:48:03Z,NA,v3,NA,NA,NA,"Day, Hunter",10167489,Right,CHA_16U9,d1e2002e-a78d-404f-a4d5-4aa80a53d5a3,54.38459,-119.05359,13.13271,6.13934,-4.62393,-8.05922,-1.71367,0.04373,-0.70562,NA,NA,NA,NA,NA,NA,NA,NA,NA,NA,NA,NA,NA,NA,NA,NA,NA,NA,NA,NA,NA,NA,NA,NA,NA,NA,NA,NA,NA,NA,NA,NA,NA,NA,NA,NA,NA,NA,NA,NA,NA,NA,NA,NA,NA,NA,NA,NA,NA,NA,High,High,High,NA,NA,NA,NA,NA,NA,NA,NA,NA,NA,NA,NA,NA,NA,NA,NA,NA,NA,NA,NA,NA,NA,NA,NA,NA,NA,NA,NA,NA,NA,NA,NA,NA,NA,NA,NA,NA,NA,NA,NA,NA,NA,NA,NA,NA,NA,NA,NA,NA,NA,NA,NA,NA,NA,NA,NA,NA,NA
NA,NA,NA,NA,NA,NA,NA,NA,NA,NA,NA,NA,NA,NA,NA,NA,88,2025-06-25,18:48:28,4,2,"Downey, Logan",10172738,Right,CHA_16U9,"Anderson, Landon",10941266,Right,CHA_16U20,Undefined,3,Bottom,1,1,0,Undefined,Slider,StrikeCalled,Undefined,Undefined,Undefined,0,0,NA,82.09169,-1.256942,-0.991432,2214.940559,178.778843,12:00:00,6.2419,1.57533,6.09718,-20.94816,20.70942,-0.40957,3.3333,0.62413,74.16752,-5.273567,-1.065214,0.464535,NA,NA,NA,NA,NA,NA,NA,NA,NA,NA,NA,-0.10488,11.50134,-1.49881,50,6.1341,2.0766,-119.07994,-3.14674,-0.14856,25.7884,-15.88567,CHA_16U20,CHA_16U9,USABBCary3,USA Baseball,USA,20250625-USABBCary3-4,8343c460-5216-11f0-8a37-53b6fd546738,81.14016,NA,NA,7.92417,NA,NA,NA,NA,NA,NA,3640e600-30e5-454d-afeb-3dce868d1233,2025-06-25,22:48:28,2025-06-25T22:48:28Z,2025-06-25T22:48:28Z,NA,v3,NA,NA,NA,"Day, Hunter",10167489,Right,CHA_16U9,a6614de6-1604-45fa-b0a1-a87feab68cfb,54.39834,-120.02868,12.8942,6.23911,-2.56231,-7.94284,-1.57531,2.08207,-0.07428,NA,NA,NA,NA,NA,NA,NA,NA,NA,NA,NA,NA,NA,NA,NA,NA,NA,NA,NA,NA,NA,NA,NA,NA,NA,NA,NA,NA,NA,NA,NA,NA,NA,NA,NA,NA,NA,NA,NA,NA,NA,NA,NA,NA,NA,NA,NA,NA,NA,NA,High,High,High,NA,NA,NA,NA,NA,NA,NA,NA,NA,NA,NA,NA,NA,NA,NA,NA,NA,NA,NA,NA,NA,NA,NA,NA,NA,NA,NA,NA,NA,NA,NA,NA,NA,NA,NA,NA,NA,NA,NA,NA,NA,NA,NA,NA,NA,NA,NA,NA,NA,NA,NA,NA,NA,NA,NA,NA,NA,NA
NA,NA,NA,NA,NA,NA,NA,NA,NA,NA,NA,NA,NA,NA,NA,NA,89,2025-06-25,18:48:54,4,3,"Downey, Logan",10172738,Right,CHA_16U9,"Anderson, Landon",10941266,Right,CHA_16U20,Undefined,3,Bottom,1,1,1,Undefined,Cutter,FoulBallNotFieldable,Undefined,Undefined,Undefined,0,0,NA,82.9265,-1.402438,-0.60242,2162.183923,181.040411,12:00:00,6.22224,1.75557,6.18491,-21.24592,19.22316,0.32394,3.15644,1.22628,75.32755,-5.458406,-0.543952,0.45786,47.59263,12.70374,92.242955,2874.978438,NA,NA,NA,74.30347,62.48508,93.275702,1.205626,-0.35075,10.79162,-1.71028,50,6.10564,1.25368,-120.39764,-3.50424,-0.51029,25.29701,-16.47326,CHA_16U20,CHA_16U9,USABBCary3,USA Baseball,USA,20250625-USABBCary3-4,926cb000-5216-11f0-8a37-53b6fd546738,82.323,6.74662,NA,7.59895,NA,NA,NA,1.51743,2.81847,-1.62432,3640e600-30e5-454d-afeb-3dce868d1233,2025-06-25,22:48:54,2025-06-25T22:48:54Z,2025-06-25T22:48:54Z,GroundBall,v3,NA,NA,NA,"Day, Hunter",10167489,Right,CHA_16U9,501d5209-9a23-4c7c-88cd-411ad5407e32,54.31261,-121.30039,12.64851,6.2202,-2.91638,-8.23663,-1.75534,1.27189,-0.25514,280.876762,1.51743,-2.66498,-2.20743,0.46874,-0.09164,0.01399,-0.00217,5.1e-4,-7e-5,2.81847,15.35024,-15.23486,0.53039,-0.07202,0.01574,7.4e-4,-1e-5,-9e-5,-1.62432,68.04149,-5.36716,1.11458,-0.20908,0.02895,-0.00446,0.00116,-1.6e-4,NA,NA,NA,NA,NA,NA,NA,NA,NA,NA,NA,NA,NA,NA,NA,NA,NA,NA,NA,NA,NA,NA,High,High,High,High,Medium,NA,NA,NA,NA,NA,NA,NA,NA,NA,NA,NA,NA,NA,NA,NA,NA,NA,NA,NA,NA,NA,NA,NA,NA,NA,NA,NA,NA,NA,NA,NA,NA,NA,NA,NA,NA,NA,NA,NA,NA,NA,NA,NA,NA,NA,NA,NA,NA,NA,NA,NA,NA,NA,NA,NA,NA
NA,NA,NA,NA,NA,NA,NA,NA,NA,NA,NA,NA,NA,NA,NA,NA,90,2025-06-25,18:49:16,4,4,"Downey, Logan",10172738,Right,CHA_16U9,"Anderson, Landon",10941266,Right,CHA_16U20,Undefined,3,Bottom,1,1,2,Undefined,Four-Seam,InPlay,Undefined,GroundBall,Single,0,0,NA,82.71037,-1.807179,-1.431304,2182.795725,190.421461,12:15:00,6.25545,1.66571,6.32202,-21.50899,19.21497,3.26339,2.79758,0.61918,74.7687,-5.930699,-0.840902,0.4593,84.94508,-2.347281,-27.815858,NA,NA,NA,NA,30.46606,30.38619,-27.436139,0.237095,-2.16323,11.01528,-1.56264,50,6.11311,2.87756,-119.99974,-4.33079,-3.10729,26.45103,-16.35163,CHA_16U20,CHA_16U9,USABBCary3,USA Baseball,USA,20250625-USABBCary3-4,9fcf0c70-5216-11f0-8a37-53b6fd546738,82.06498,2.76444,NA,7.94166,NA,NA,NA,1.98381,2.76444,-0.57045,3640e600-30e5-454d-afeb-3dce868d1233,2025-06-25,22:49:16,2025-06-25T22:49:16Z,2025-06-25T22:49:16Z,GroundBall,v3,NA,NA,NA,"Day, Hunter",10167489,Right,CHA_16U9,dfba23f6-5c94-40da-a602-68079512d435,54.17528,-120.91658,13.22552,6.2534,-3.76402,-8.17581,-1.66425,2.98527,-1.55365,18.989141,1.98493,110.03491,-18.41837,NA,NA,NA,NA,NA,NA,2.76745,-5.27128,-27.04971,NA,NA,NA,NA,NA,NA,-0.5703,-58.09542,5.45705,NA,NA,NA,NA,NA,NA,NA,NA,NA,NA,NA,NA,NA,NA,NA,NA,NA,NA,NA,NA,NA,NA,NA,NA,NA,NA,NA,NA,High,High,High,High,High,NA,NA,NA,NA,NA,NA,NA,NA,NA,NA,NA,NA,NA,NA,NA,NA,NA,NA,NA,NA,NA,NA,NA,NA,NA,NA,NA,NA,NA,NA,NA,NA,NA,NA,NA,NA,NA,NA,NA,NA,NA,NA,NA,NA,NA,NA,NA,NA,NA,NA,NA,NA,NA,NA,NA,NA
NA,NA,NA,NA,NA,NA,NA,NA,NA,NA,NA,NA,NA,NA,NA,NA,91,2025-06-25,18:50:00,5,1,"Downey, Logan",10172738,Right,CHA_16U9,"Mattoom, Chase",1000451590,Right,CHA_16U20,Undefined,3,Bottom,1,0,0,Undefined,Cutter,BallCalled,Undefined,Undefined,Undefined,0,0,NA,82.26276,-0.36308,-3.135786,1999.791203,171.449319,11:45:00,6.37627,1.45832,6.41362,-21.99186,19.0854,-2.65095,4.2093,-1.64847,74.30513,-4.587912,-3.614753,0.461288,NA,NA,NA,NA,NA,NA,NA,NA,NA,NA,NA,0.37158,10.47729,-1.23302,50,6.34003,6.63285,-119.24424,-1.29208,0.52765,25.86669,-17.29547,CHA_16U20,CHA_16U9,USABBCary3,USA Baseball,USA,20250625-USABBCary3-4,b9b32950-5216-11f0-8a37-53b6fd546738,81.7113,NA,NA,7.95763,NA,NA,NA,NA,NA,NA,3640e600-30e5-454d-afeb-3dce868d1233,2025-06-25,22:50:00,2025-06-25T22:50:00Z,2025-06-25T22:50:00Z,NA,v3,NA,NA,NA,"Day, Hunter",10167489,Right,CHA_16U9,ecc3cb92-e3f1-40d4-8919-213bd863acb4,54.08099,-120.12623,12.93334,6.37403,-0.70235,-8.64774,-1.4588699999999999,6.61486,0.26383,NA,NA,NA,NA,NA,NA,NA,NA,NA,NA,NA,NA,NA,NA,NA,NA,NA,NA,NA,NA,NA,NA,NA,NA,NA,NA,NA,NA,70.89246,NA,1.118874,NA,-1.696,3.9509,1.84588,-0.02303,6.35612,3.05722,NA,NA,NA,0.0831,102.04674,-7.78418,6.39282,11.45045,-12.75585,3.01138,-4.16221,2.56557,High,High,High,NA,NA,High,High,Medium,NA,NA,NA,NA,NA,NA,NA,NA,NA,NA,NA,NA,NA,NA,NA,NA,NA,NA,NA,NA,NA,NA,NA,NA,NA,NA,NA,NA,NA,NA,NA,NA,NA,NA,NA,NA,NA,NA,NA,NA,NA,NA,NA,NA,NA,NA,NA,NA,NA,NA,NA,NA,NA
NA,NA,NA,NA,NA,NA,NA,NA,NA,NA,NA,NA,NA,NA,NA,NA,92,2025-06-25,18:50:31,5,2,"Downey, Logan",10172738,Right,CHA_16U9,"Mattoom, Chase",1000451590,Right,CHA_16U20,Undefined,3,Bottom,1,1,0,Undefined,Four-Seam,InPlay,Undefined,FlyBall,Sacrifice,1,1,NA,81.12734,-1.757383,-2.062709,2073.149347,187.933559,12:15:00,6.15952,1.79595,6.05695,-23.56911,19.09481,2.45106,2.56721,0.09011,73.57973,-6.230744,-1.621747,0.470112,91.47926,35.273063,-10.01543,NA,108.80062,72.04797,-16.19839,324.22422,322.66822,-3.751366,5.322399,-1.90949,10.83398,-1.63698,50,6.01038,4.14533,-117.64451,-4.24472,-2.64546,24.70454,-17.16449,CHA_16U20,CHA_16U9,USABBCary3,USA Baseball,USA,20250625-USABBCary3-4,cc96d300-5216-11f0-8a37-53b6fd546738,80.1775,95.90453,NA,7.54761,NA,NA,NA,2.16655,2.76578,-0.09114,3640e600-30e5-454d-afeb-3dce868d1233,2025-06-25,22:50:31,2025-06-25T22:50:31Z,2025-06-25T22:50:31Z,FlyBall,v3,NA,NA,NA,"Day, Hunter",10167489,Right,CHA_16U9,d1356fb0-0b5e-4154-bbcd-e0af3d821c14,54.44056,-118.57333,12.35227,6.15784,-3.59938,-8.58224,-1.7947,4.24479,-1.32273,188.38834,2.16975,107.80814,-21.89644,5.20538,-0.97531,0.13971,-0.01576,0.00142,-7e-5,2.7655,77.47657,-18.01998,0.85756,0.06673,-0.08721,0.02667,-0.00366,1.9e-4,-0.09206,-19.03388,5.89181,-1.06199,0.14508,-0.01741,0.00314,-5e-4,3e-5,NA,NA,NA,NA,NA,NA,NA,NA,NA,NA,NA,NA,NA,NA,NA,NA,NA,NA,NA,NA,NA,NA,High,High,High,High,Medium,NA,NA,NA,NA,NA,NA,NA,NA,NA,NA,NA,NA,NA,NA,NA,NA,NA,NA,NA,NA,NA,NA,NA,NA,NA,NA,NA,NA,NA,NA,NA,NA,NA,NA,NA,NA,NA,NA,NA,NA,NA,NA,NA,NA,NA,NA,NA,NA,NA,NA,NA,NA,NA,NA,NA,NA
NA,NA,NA,NA,NA,NA,NA,NA,NA,NA,NA,NA,NA,NA,NA,NA,93,2025-06-25,18:52:16,6,1,"Downey, Logan",10172738,Right,CHA_16U9,"Leoff, Parker",1000244073,Left,CHA_16U20,Undefined,3,Bottom,2,0,0,Undefined,Changeup,BallCalled,Undefined,Undefined,Undefined,0,1,NA,79.27968,1.288268,-2.365962,1885.112576,213.382286,01:00:00,5.89941,1.93133,6.41469,-30.30061,14.39048,8.33603,4.55996,0.44957,70.70155,-4.505774,-0.857298,0.481152,NA,NA,NA,NA,NA,NA,NA,NA,NA,NA,NA,-5.14051,7.54162,-1.76554,50,5.97798,4.43765,-114.84726,1.80192,-6.68896,26.37248,-22.36067,CHA_16U20,CHA_16U9,USABBCary3,USA Baseball,USA,20250625-USABBCary3-4,0b0ecc50-5217-11f0-8a37-53b6fd546738,78.33798,NA,NA,8.57812,NA,NA,NA,NA,NA,NA,3640e600-30e5-454d-afeb-3dce868d1233,2025-06-25,22:52:16,2025-06-25T22:52:16Z,2025-06-25T22:52:16Z,NA,v3,NA,NA,NA,"Day, Hunter",10167489,Right,CHA_16U9,74b2d949-b23d-4127-bd59-3eba46a080fd,54.0788,-115.78009,13.18624,5.90025,2.59284,-11.18034,-1.9267,4.67425,-3.34448,NA,NA,NA,NA,NA,NA,NA,NA,NA,NA,NA,NA,NA,NA,NA,NA,NA,NA,NA,NA,NA,NA,NA,NA,NA,NA,NA,NA,NA,NA,NA,NA,NA,NA,NA,NA,NA,NA,NA,NA,NA,NA,NA,NA,NA,NA,NA,NA,NA,NA,High,High,High,NA,NA,NA,NA,NA,NA,NA,NA,NA,NA,NA,NA,NA,NA,NA,NA,NA,NA,NA,NA,NA,NA,NA,NA,NA,NA,NA,NA,NA,NA,NA,NA,NA,NA,NA,NA,NA,NA,NA,NA,NA,NA,NA,NA,NA,NA,NA,NA,NA,NA,NA,NA,NA,NA,NA,NA,NA,NA
NA,NA,NA,NA,NA,NA,NA,NA,NA,NA,NA,NA,NA,NA,NA,NA,94,2025-06-25,18:53:40,6,2,"Downey, Logan",10172738,Right,CHA_16U9,"Leoff, Parker",1000244073,Left,CHA_16U20,Undefined,3,Bottom,2,1,0,Undefined,Cutter,StrikeCalled,Undefined,Undefined,Undefined,0,0,NA,83.34626,-3.261465,-1.278249,2082.070402,171.970417,11:45:00,6.33225,1.5468,6.3597,-20.95529,19.188,-2.50008,1.58037,0.16186,75.46993,-7.264541,-1.731001,0.456014,NA,NA,NA,NA,NA,NA,NA,NA,NA,NA,NA,0.89382,11.48737,-1.45314,50,6.08601,2.78813,-120.79847,-7.4131,1.30061,26.87178,-15.45834,CHA_16U20,CHA_16U9,USABBCary3,USA Baseball,USA,20250625-USABBCary3-4,3d534c40-5217-11f0-8a37-53b6fd546738,82.65639,NA,NA,7.87633,NA,NA,NA,NA,NA,NA,3640e600-30e5-454d-afeb-3dce868d1233,2025-06-25,22:53:40,2025-06-25T22:53:40Z,2025-06-25T22:53:40Z,NA,v3,NA,NA,NA,"Day, Hunter",10167489,Right,CHA_16U9,3aab5834-731a-445c-9ba3-30d8fe7d145e,54.13749,-121.71538,13.43589,6.32996,-6.88563,-7.72917,-1.54752,2.74375,0.65031,NA,NA,NA,NA,NA,NA,NA,NA,NA,NA,NA,NA,NA,NA,NA,NA,NA,NA,NA,NA,NA,NA,NA,NA,NA,NA,NA,NA,NA,NA,NA,NA,NA,NA,NA,NA,NA,NA,NA,NA,NA,NA,NA,NA,NA,NA,NA,NA,NA,NA,High,High,High,NA,NA,NA,NA,NA,NA,NA,NA,NA,NA,NA,NA,NA,NA,NA,NA,NA,NA,NA,NA,NA,NA,NA,NA,NA,NA,NA,NA,NA,NA,NA,NA,NA,NA,NA,NA,NA,NA,NA,NA,NA,NA,NA,NA,NA,NA,NA,NA,NA,NA,NA,NA,NA,NA,NA,NA,NA,NA
NA,NA,NA,NA,NA,NA,NA,NA,NA,NA,NA,NA,NA,NA,NA,NA,95,2025-06-25,18:53:55,6,3,"Downey, Logan",10172738,Right,CHA_16U9,"Leoff, Parker",1000244073,Left,CHA_16U20,Undefined,3,Bottom,2,1,1,Undefined,Curveball,StrikeCalled,Undefined,Undefined,Undefined,0,0,NA,75.76794,2.494422,-0.346083,2217.97382,62.642008,08:00:00,5.5725,2.49636,5.92581,-52.53235,-2.96697,-9.25453,3.51089,1.40402,68.21675,-7.235347,-2.008381,0.506711,NA,NA,NA,NA,NA,NA,NA,NA,NA,NA,NA,4.5767,-1.74945,-2.46365,50,5.74313,1.0083,-109.8061,3.16456,5.47257,23.1836,-34.26596,CHA_16U20,CHA_16U9,USABBCary3,USA Baseball,USA,20250625-USABBCary3-4,45cf3be0-5217-11f0-8a37-53b6fd546738,74.38641,NA,NA,7.55119,NA,NA,NA,NA,NA,NA,3640e600-30e5-454d-afeb-3dce868d1233,2025-06-25,22:53:55,2025-06-25T22:53:55Z,2025-06-25T22:53:55Z,NA,v3,NA,NA,NA,"Day, Hunter",10167489,Right,CHA_16U9,edcf9549-efb9-415e-a17c-6ffa1dc80721,54.57143,-110.76707,11.5918,5.58253,4.5849,-17.13298,-2.50075,0.78146,2.73628,NA,NA,NA,NA,NA,NA,NA,NA,NA,NA,NA,NA,NA,NA,NA,NA,NA,NA,NA,NA,NA,NA,NA,NA,NA,NA,NA,NA,NA,NA,NA,NA,NA,NA,NA,NA,NA,NA,NA,NA,NA,NA,NA,NA,NA,NA,NA,NA,NA,NA,High,High,High,NA,NA,NA,NA,NA,NA,NA,NA,NA,NA,NA,NA,NA,NA,NA,NA,NA,NA,NA,NA,NA,NA,NA,NA,NA,NA,NA,NA,NA,NA,NA,NA,NA,NA,NA,NA,NA,NA,NA,NA,NA,NA,NA,NA,NA,NA,NA,NA,NA,NA,NA,NA,NA,NA,NA,NA,NA,NA
NA,NA,NA,NA,NA,NA,NA,NA,NA,NA,NA,NA,NA,NA,NA,NA,96,2025-06-25,18:54:19,6,4,"Downey, Logan",10172738,Right,CHA_16U9,"Leoff, Parker",1000244073,Left,CHA_16U20,Undefined,3,Bottom,2,1,2,Undefined,Cutter,FoulBallNotFieldable,Undefined,Undefined,Undefined,0,0,NA,86.00966,-2.891936,-0.839889,2262.36083,180.185128,12:00:00,6.34105,1.71531,6.15719,-17.85367,19.7919,0.0598,2.17893,0.94429,78.3502,-6.303396,-0.829098,0.441599,72.59108,36.13779,-64.038068,4515.246704,44.20866,42.87971,-100.72533,178.43533,67.24913,-73.574591,3.096954,-0.28024,11.4902,-1.65156,50,6.11211,1.82696,-124.78235,-6.77456,-0.43897,26.62555,-14.17478,CHA_16U20,CHA_16U9,USABBCary3,USA Baseball,USA,20250625-USABBCary3-4,542df9b0-5217-11f0-8a37-53b6fd546738,85.35438,43.3877,NA,7.65945,NA,NA,NA,1.40888,2.16101,-0.83061,3640e600-30e5-454d-afeb-3dce868d1233,2025-06-25,22:54:19,2025-06-25T22:54:19Z,2025-06-25T22:54:19Z,FlyBall,v3,NA,NA,NA,"Day, Hunter",10167489,Right,CHA_16U9,c2bf164d-9b62-4c0a-8c3a-3d345cc98d8b,54.34124,-125.70525,13.31278,6.33842,-6.28324,-7.08739,-1.71515,1.84218,-0.21948,NA,1.40944,37.62124,-6.01248,-1.17574,0.80909,-0.30322,0.03985,0.00364,-9.5e-4,2.16118,62.77873,-28.32979,4.11464,-0.68041,-0.02381,0.05695,-0.01351,0.00106,-0.83116,-77.2841,13.0932,-3.17358,0.38389,0.16562,-0.08928,0.01497,-8.1e-4,NA,NA,NA,NA,NA,NA,NA,NA,NA,NA,NA,NA,NA,NA,NA,NA,NA,NA,NA,NA,NA,NA,High,High,High,High,Low,NA,NA,NA,NA,NA,NA,NA,NA,NA,NA,NA,NA,NA,NA,NA,NA,NA,NA,NA,NA,NA,NA,NA,NA,NA,NA,NA,NA,NA,NA,NA,NA,NA,NA,NA,NA,NA,NA,NA,NA,NA,NA,NA,NA,NA,NA,NA,NA,NA,NA,NA,NA,NA,NA,NA,NA
NA,NA,NA,NA,NA,NA,NA,NA,NA,NA,NA,NA,NA,NA,NA,NA,97,2025-06-25,18:54:39,6,5,"Downey, Logan",10172738,Right,CHA_16U9,"Leoff, Parker",1000244073,Left,CHA_16U20,Undefined,3,Bottom,2,1,2,Undefined,Curveball,InPlay,Undefined,LineDrive,Double,0,0,NA,76.40318,0.463217,-2.30946,2134.873415,84.729805,08:45:00,5.41215,2.51273,5.901,-46.97188,1.15016,-4.51138,1.92821,-0.00833,69.96843,-8.187136,-3.119105,0.499279,90.39998,14.070017,12.31279,721.623953,107.18296,18.47662,24.73447,227.06462,227.06462,14.24565,2.262449,1.63787,0.87224,-2.32431,50,5.42239,4.63282,-110.89981,-0.52374,2.0257,21.11086,-31.09526,CHA_16U20,CHA_16U9,USABBCary3,USA Baseball,USA,20250625-USABBCary3-4,6049a550-5217-11f0-8a37-53b6fd546738,75.49372,18.66142,NA,6.43476,NA,NA,NA,2.12758,2.12074,0.0119,3640e600-30e5-454d-afeb-3dce868d1233,2025-06-25,22:54:39,2025-06-25T22:54:39Z,2025-06-25T22:54:39Z,LineDrive,v3,NA,NA,NA,"Day, Hunter",10167489,Right,CHA_16U9,492754a8-ccb2-41ae-8426-080aff92e00c,54.59924,-111.77189,10.55543,5.41749,0.76079,-15.54763,-2.51396,4.54914,1.01285,212.129111,2.12758,125.65043,-18.26319,3.48198,-0.73257,0.14691,-0.02718,0.00379,-2.7e-4,2.12074,32.23272,-16.9509,1.45031,-0.29906,0.06533,-0.01115,0.00152,-1.1e-4,0.0119,27.42561,-1.58559,0.25087,-0.05183,0.00954,-0.00185,2.6e-4,-2e-5,NA,NA,NA,NA,NA,NA,NA,NA,NA,NA,NA,NA,NA,NA,NA,NA,NA,NA,NA,NA,NA,NA,High,High,High,High,High,NA,NA,NA,NA,NA,NA,NA,NA,NA,NA,NA,NA,NA,NA,NA,NA,NA,NA,NA,NA,NA,NA,NA,NA,NA,NA,NA,NA,NA,NA,NA,NA,NA,NA,NA,NA,NA,NA,NA,NA,NA,NA,NA,NA,NA,NA,NA,NA,NA,NA,NA,NA,NA,NA,NA,NA
NA,NA,NA,NA,NA,NA,NA,NA,NA,NA,NA,NA,NA,NA,NA,NA,98,2025-06-25,18:55:24,7,1,"Downey, Logan",10172738,Right,CHA_16U9,"Spencer, Talon",1000451147,Left,CHA_16U20,Undefined,3,Bottom,2,0,0,Undefined,Cutter,BallCalled,Undefined,Undefined,Undefined,0,0,NA,82.7494,-0.725396,-1.825832,2162.842369,181.45466,12:00:00,6.38241,1.74114,6.37777,-23.03021,17.47847,0.40772,3.79548,0.09476,74.87937,-5.130124,-1.752041,0.458084,NA,NA,NA,NA,NA,NA,NA,NA,NA,NA,NA,-0.78319,9.74339,-1.60968,50,6.3193,3.81251,-120.08294,-2.11138,-1.12966,25.89548,-18.12031,CHA_16U20,CHA_16U9,USABBCary3,USA Baseball,USA,20250625-USABBCary3-4,7b1c40e0-5217-11f0-8a37-53b6fd546738,82.28277,NA,NA,7.87003,NA,NA,NA,NA,NA,NA,3640e600-30e5-454d-afeb-3dce868d1233,2025-06-25,22:55:24,2025-06-25T22:55:24Z,2025-06-25T22:55:24Z,NA,v3,NA,NA,NA,"Day, Hunter",10167489,Right,CHA_16U9,90f9ddef-bd63-4d14-8a31-e06515172714,54.11766,-120.96764,12.94774,6.38086,-1.49231,-9.06015,-1.74058,3.85111,-0.56483,NA,NA,NA,NA,NA,NA,NA,NA,NA,NA,NA,NA,NA,NA,NA,NA,NA,NA,NA,NA,NA,NA,NA,NA,NA,NA,NA,NA,NA,NA,NA,NA,NA,NA,NA,NA,NA,NA,NA,NA,NA,NA,NA,NA,NA,NA,NA,NA,NA,NA,High,High,High,NA,NA,NA,NA,NA,NA,NA,NA,NA,NA,NA,NA,NA,NA,NA,NA,NA,NA,NA,NA,NA,NA,NA,NA,NA,NA,NA,NA,NA,NA,NA,NA,NA,NA,NA,NA,NA,NA,NA,NA,NA,NA,NA,NA,NA,NA,NA,NA,NA,NA,NA,NA,NA,NA,NA,NA,NA,NA
NA,NA,NA,NA,NA,NA,NA,NA,NA,NA,NA,NA,NA,NA,NA,NA,99,2025-06-25,18:55:44,7,2,"Downey, Logan",10172738,Right,CHA_16U9,"Spencer, Talon",1000451147,Left,CHA_16U20,Undefined,3,Bottom,2,1,0,Undefined,Slider,BallCalled,Undefined,Undefined,Undefined,0,0,NA,82.17974,-0.86253,0.015748,2118.998619,178.221622,12:00:00,6.14766,1.73662,6.45798,-26.8371,14.28241,-0.39661,3.11885,1.71804,74.08985,-5.974873,-0.05624,0.461525,NA,NA,NA,NA,NA,NA,NA,NA,NA,NA,NA,0.21059,8.19004,-1.73758,50,6.07482,-0.01789,-119.26829,-2.50628,0.29799,26.72286,-20.58556,CHA_16U20,CHA_16U9,USABBCary3,USA Baseball,USA,20250625-USABBCary3-4,86f405b0-5217-11f0-8a37-53b6fd546738,81.66929,NA,NA,8.08989,NA,NA,NA,NA,NA,NA,3640e600-30e5-454d-afeb-3dce868d1233,2025-06-25,22:55:44,2025-06-25T22:55:44Z,2025-06-25T22:55:44Z,NA,v3,NA,NA,NA,"Day, Hunter",10167489,Right,CHA_16U9,612ffafb-a67f-4b2a-9a77-6335126a7d2b,54.03662,-120.16931,13.36143,6.14762,-1.81218,-10.29278,-1.73681,-0.02794,0.149,NA,NA,NA,NA,NA,NA,NA,NA,NA,NA,NA,NA,NA,NA,NA,NA,NA,NA,NA,NA,NA,NA,NA,NA,NA,NA,NA,NA,NA,NA,NA,NA,NA,NA,NA,NA,NA,NA,NA,NA,NA,NA,NA,NA,NA,NA,NA,NA,NA,NA,High,High,High,NA,NA,NA,NA,NA,NA,NA,NA,NA,NA,NA,NA,NA,NA,NA,NA,NA,NA,NA,NA,NA,NA,NA,NA,NA,NA,NA,NA,NA,NA,NA,NA,NA,NA,NA,NA,NA,NA,NA,NA,NA,NA,NA,NA,NA,NA,NA,NA,NA,NA,NA,NA,NA,NA,NA,NA,NA,NA
NA,NA,NA,NA,NA,NA,NA,NA,NA,NA,NA,NA,NA,NA,NA,NA,100,2025-06-25,18:56:06,7,3,"Downey, Logan",10172738,Right,CHA_16U9,"Spencer, Talon",1000451147,Left,CHA_16U20,Undefined,3,Bottom,2,2,0,Undefined,Slider,BallCalled,Undefined,Undefined,Undefined,0,0,NA,81.3921,-3.912204,-0.593457,2094.87549,187.248813,12:15:00,6.18638,1.62794,6.49575,-24.59698,17.11938,1.99071,0.53963,1.24905,74.2162,-8.562766,-0.23162,0.464863,NA,NA,NA,NA,NA,NA,NA,NA,NA,NA,NA,-1.23284,10.62733,-1.58722,50,5.90118,1.15283,-117.99751,-8.69537,-1.71975,24.6746,-17.34951,CHA_16U20,CHA_16U9,USABBCary3,USA Baseball,USA,20250625-USABBCary3-4,946e56f0-5217-11f0-8a37-53b6fd546738,81.08295,NA,NA,7.17589,NA,NA,NA,NA,NA,NA,3640e600-30e5-454d-afeb-3dce868d1233,2025-06-25,22:56:06,2025-06-25T22:56:06Z,2025-06-25T22:56:06Z,NA,v3,NA,NA,NA,"Day, Hunter",10167489,Right,CHA_16U9,5b32debb-3176-479d-82c0-f76c9a77401a,54.00272,-118.83157,12.3373,6.1852,-8.10891,-8.67476,-1.62718,1.21097,-0.85987,NA,NA,NA,NA,NA,NA,NA,NA,NA,NA,NA,NA,NA,NA,NA,NA,NA,NA,NA,NA,NA,NA,NA,NA,NA,NA,NA,NA,NA,NA,NA,NA,NA,NA,NA,NA,NA,NA,NA,NA,NA,NA,NA,NA,NA,NA,NA,NA,NA,NA,High,High,High,NA,NA,NA,NA,NA,NA,NA,NA,NA,NA,NA,NA,NA,NA,NA,NA,NA,NA,NA,NA,NA,NA,NA,NA,NA,NA,NA,NA,NA,NA,NA,NA,NA,NA,NA,NA,NA,NA,NA,NA,NA,NA,NA,NA,NA,NA,NA,NA,NA,NA,NA,NA,NA,NA,NA,NA,NA,NA
NA,NA,NA,NA,NA,NA,NA,NA,NA,NA,NA,NA,NA,NA,NA,NA,101,2025-06-25,18:56:32,7,4,"Downey, Logan",10172738,Right,CHA_16U9,"Spencer, Talon",1000451147,Left,CHA_16U20,Undefined,3,Bottom,2,3,0,Undefined,Slider,StrikeCalled,Undefined,Undefined,Undefined,0,0,NA,81.39856,-1.072863,-0.70312,2134.558532,187.242064,12:15:00,6.41508,1.4098,6.30142,-28.15647,13.89099,1.57378,3.08004,0.8931,73.65297,-6.40158,-0.418291,0.466704,NA,NA,NA,NA,NA,NA,NA,NA,NA,NA,NA,-1.03705,8.00867,-1.35887,50,6.32292,1.39048,-118.12742,-2.9851,-1.44427,25.52279,-21.02063,CHA_16U20,CHA_16U9,USABBCary3,USA Baseball,USA,20250625-USABBCary3-4,a3a12da0-5217-11f0-8a37-53b6fd546738,80.76311,NA,NA,7.74559,NA,NA,NA,NA,NA,NA,3640e600-30e5-454d-afeb-3dce868d1233,2025-06-25,22:56:32,2025-06-25T22:56:32Z,2025-06-25T22:56:32Z,NA,v3,NA,NA,NA,"Day, Hunter",10167489,Right,CHA_16U9,677c68ee-b0ed-40d7-ac4e-3820c6a21fda,54.19393,-119.03012,12.76139,6.41535,-2.24163,-10.51031,-1.40896,1.44156,-0.72213,NA,NA,NA,NA,NA,NA,NA,NA,NA,NA,NA,NA,NA,NA,NA,NA,NA,NA,NA,NA,NA,NA,NA,NA,NA,NA,NA,NA,NA,NA,NA,NA,NA,NA,NA,NA,NA,NA,NA,NA,NA,NA,NA,NA,NA,NA,NA,NA,NA,NA,High,High,High,NA,NA,NA,NA,NA,NA,NA,NA,NA,NA,NA,NA,NA,NA,NA,NA,NA,NA,NA,NA,NA,NA,NA,NA,NA,NA,NA,NA,NA,NA,NA,NA,NA,NA,NA,NA,NA,NA,NA,NA,NA,NA,NA,NA,NA,NA,NA,NA,NA,NA,NA,NA,NA,NA,NA,NA,NA,NA
NA,NA,NA,NA,NA,NA,NA,NA,NA,NA,NA,NA,NA,NA,NA,NA,102,2025-06-25,18:56:53,7,5,"Downey, Logan",10172738,Right,CHA_16U9,"Spencer, Talon",1000451147,Left,CHA_16U20,Undefined,3,Bottom,2,3,1,Undefined,Slider,StrikeCalled,Undefined,Undefined,Undefined,0,0,NA,82.15916,-1.833164,-2.555889,2205.632218,180.773358,12:00:00,6.46059,1.52724,6.47223,-20.96434,20.00867,0.25063,3.0278,-0.80067,74.49229,-5.860713,-2.510488,0.460702,NA,NA,NA,NA,NA,NA,NA,NA,NA,NA,NA,-0.92323,11.44158,-1.34722,50,6.32172,5.30924,-119.14712,-4.31385,-1.31245,25.25893,-15.90895,CHA_16U20,CHA_16U9,USABBCary3,USA Baseball,USA,20250625-USABBCary3-4,b03cdeb0-5217-11f0-8a37-53b6fd546738,81.81516,NA,NA,7.66687,NA,NA,NA,NA,NA,NA,3640e600-30e5-454d-afeb-3dce868d1233,2025-06-25,22:56:53,2025-06-25T22:56:53Z,2025-06-25T22:56:53Z,NA,v3,NA,NA,NA,"Day, Hunter",10167489,Right,CHA_16U9,2fc2796e-0608-49b7-b07a-1c9148660438,54.02327,-119.99701,12.62947,6.45787,-3.77855,-7.95448,-1.5266,5.3534,-0.65622,NA,NA,NA,NA,NA,NA,NA,NA,NA,NA,NA,NA,NA,NA,NA,NA,NA,NA,NA,NA,NA,NA,NA,NA,NA,NA,NA,NA,NA,NA,NA,NA,NA,NA,NA,NA,NA,NA,NA,NA,NA,NA,NA,NA,NA,NA,NA,NA,NA,NA,High,High,High,NA,NA,NA,NA,NA,NA,NA,NA,NA,NA,NA,NA,NA,NA,NA,NA,NA,NA,NA,NA,NA,NA,NA,NA,NA,NA,NA,NA,NA,NA,NA,NA,NA,NA,NA,NA,NA,NA,NA,NA,NA,NA,NA,NA,NA,NA,NA,NA,NA,NA,NA,NA,NA,NA,NA,NA,NA,NA
NA,NA,NA,NA,NA,NA,NA,NA,NA,NA,NA,NA,NA,NA,NA,NA,103,2025-06-25,18:57:16,7,6,"Downey, Logan",10172738,Right,CHA_16U9,"Spencer, Talon",1000451147,Left,CHA_16U20,Undefined,3,Bottom,2,3,2,Undefined,Cutter,FoulBallNotFieldable,Undefined,Undefined,Undefined,0,0,NA,83.41009,-4.197775,-1.829658,2268.543607,174.579367,11:45:00,6.41858,1.33541,6.36004,-18.69485,21.5558,-1.90236,0.98847,-0.50757,75.4235,-7.788118,-2.17394,0.456623,64.7279,10.58921,162.288298,2129.932192,NA,NA,NA,94.14315,51.67103,164.822557,1.146537,0.3937,13.04768,-1.20209,50,6.1052,3.92694,-120.707,-9.30545,0.57114,27.15836,-13.2454,CHA_16U20,CHA_16U9,USABBCary3,USA Baseball,USA,20250625-USABBCary3-4,be0a0ae0-5217-11f0-8a37-53b6fd546738,82.54608,5.59042,NA,7.9866,NA,NA,NA,1.6086,1.00045,0.49311,3640e600-30e5-454d-afeb-3dce868d1233,2025-06-25,22:57:16,2025-06-25T22:57:16Z,2025-06-25T22:57:16Z,GroundBall,v3,NA,NA,NA,"Day, Hunter",10167489,Right,CHA_16U9,c425e851-1871-4cfb-9d04-ea98415e9d3d,54.1366,-121.63415,13.57918,6.41516,-8.85327,-6.6227,-1.33581,3.90744,0.28557,263.755876,1.6086,-88.89407,8.01946,-0.90411,0.1844,-0.02701,0.00429,-8e-4,9e-5,1.00045,17.44568,-17.13841,1.17772,-0.18547,0.04246,-0.00605,7.8e-4,-9e-5,0.49311,28.38972,-7.35337,1.04475,-0.20933,0.03433,-0.00536,9.5e-4,-1e-4,NA,NA,NA,NA,NA,NA,NA,NA,NA,NA,NA,NA,NA,NA,NA,NA,NA,NA,NA,NA,NA,NA,High,High,High,High,Low,NA,NA,NA,NA,NA,NA,NA,NA,NA,NA,NA,NA,NA,NA,NA,NA,NA,NA,NA,NA,NA,NA,NA,NA,NA,NA,NA,NA,NA,NA,NA,NA,NA,NA,NA,NA,NA,NA,NA,NA,NA,NA,NA,NA,NA,NA,NA,NA,NA,NA,NA,NA,NA,NA,NA,NA
NA,NA,NA,NA,NA,NA,NA,NA,NA,NA,NA,NA,NA,NA,NA,NA,104,2025-06-25,18:57:47,7,7,"Downey, Logan",10172738,Right,CHA_16U9,"Spencer, Talon",1000451147,Left,CHA_16U20,Undefined,3,Bottom,2,3,2,Undefined,Cutter,InPlay,Undefined,FlyBall,Out,1,0,NA,82.80036,-1.661947,-1.189377,2178.346463,183.32671,12:00:00,6.43093,1.44976,6.50416,-20.46765,19.95879,1.0739,3.19919,0.44748,74.67183,-5.616874,-0.994419,0.457619,89.29346,36.150782,-17.138062,NA,104.95106,73.85461,-32.9435,320.75593,317.86012,-16.170698,5.31397,-0.95406,11.43575,-1.36708,50,6.30568,2.4556,-120.15838,-3.96992,-1.37066,27.04533,-15.74464,CHA_16U20,CHA_16U9,USABBCary3,USA Baseball,USA,20250625-USABBCary3-4,d08332f0-5217-11f0-8a37-53b6fd546738,82.36641,95.43064,NA,8.12853,NA,NA,NA,1.79428,3.33735,-0.43678,3640e600-30e5-454d-afeb-3dce868d1233,2025-06-25,22:57:47,2025-06-25T22:57:47Z,2025-06-25T22:57:47Z,FlyBall,v3,NA,NA,NA,"Day, Hunter",10167489,Right,CHA_16U9,7da08057-a397-46e4-82dd-61e910ff7793,53.99257,-121.05369,13.52267,6.42848,-3.44871,-7.87232,-1.44913,2.50097,-0.68533,175.228035,1.80016,100.93201,-20.04721,4.29908,-0.45378,-0.06168,0.02871,-0.00362,1.6e-4,3.3339,77.31779,-18.41236,1.30136,-0.22784,0.01221,0.01013,-0.0024,1.5e-4,-0.43825,-31.13348,5.09572,-0.60595,-0.05564,0.0542,-0.01322,0.00147,-6e-5,NA,NA,NA,NA,NA,NA,NA,NA,NA,NA,NA,NA,NA,NA,NA,NA,NA,NA,NA,NA,NA,NA,High,High,High,High,Medium,NA,NA,NA,NA,NA,NA,NA,NA,NA,NA,NA,NA,NA,NA,NA,NA,NA,NA,NA,NA,NA,NA,NA,NA,NA,NA,NA,NA,NA,NA,NA,NA,NA,NA,NA,NA,NA,NA,NA,NA,NA,NA,NA,NA,NA,NA,NA,NA,NA,NA,NA,NA,NA,NA,NA,NA
NA,NA,NA,NA,NA,NA,NA,NA,NA,NA,NA,NA,NA,NA,NA,NA,105,2025-06-25,18:59:54,1,1,"Zhang, Kemuel",1000447854,Right,CHA_16U20,"Paul, Evan",1000271803,Right,CHA_16U9,Undefined,4,Top,0,0,0,Undefined,Four-Seam,BallCalled,Undefined,Undefined,Undefined,0,0,NA,84.61872,-1.939439,-3.292254,2106.283153,211.951752,01:00:00,5.19824,0.9029,5.60941,-22.46308,17.64497,10.08713,1.51232,-1.33295,76.3698,-6.175807,-1.494903,0.455813,NA,NA,NA,NA,NA,NA,NA,NA,NA,NA,NA,-6.115,9.9602,-0.62767,50,5.01797,6.61129,-122.41864,-4.83197,-9.15358,27.23113,-17.26464,CHA_16U20,CHA_16U9,USABBCary3,USA Baseball,USA,20250625-USABBCary3-4,1c251390-5218-11f0-8a37-53b6fd546738,82.6927,NA,NA,8.24892,NA,NA,NA,NA,NA,NA,3640e600-30e5-454d-afeb-3dce868d1233,2025-06-25,22:59:54,2025-06-25T22:59:54Z,2025-06-25T22:59:54Z,NA,v3,NA,NA,NA,"Brown, Codey",10315575,Right,CHA_16U20,bc45f4e8-7501-4e50-b184-f1c817db19a3,54.88595,-123.5007,13.61557,5.19634,-4.14594,-8.63232,-0.89761,6.97502,-4.57679,NA,NA,NA,NA,NA,NA,NA,NA,NA,NA,NA,NA,NA,NA,NA,NA,NA,NA,NA,NA,NA,NA,NA,NA,NA,NA,NA,NA,NA,NA,NA,NA,NA,NA,NA,NA,NA,NA,NA,NA,NA,NA,NA,NA,NA,NA,NA,NA,NA,NA,High,High,High,NA,NA,NA,NA,NA,NA,NA,NA,NA,NA,NA,NA,NA,NA,NA,NA,NA,NA,NA,NA,NA,NA,NA,NA,NA,NA,NA,NA,NA,NA,NA,NA,NA,NA,NA,NA,NA,NA,NA,NA,NA,NA,NA,NA,NA,NA,NA,NA,NA,NA,NA,NA,NA,NA,NA,NA,NA,NA
NA,NA,NA,NA,NA,NA,NA,NA,NA,NA,NA,NA,NA,NA,NA,NA,106,2025-06-25,19:00:08,1,2,"Zhang, Kemuel",1000447854,Right,CHA_16U20,"Paul, Evan",1000271803,Right,CHA_16U9,Undefined,4,Top,0,1,0,Undefined,Four-Seam,BallCalled,Undefined,Undefined,Undefined,0,0,NA,84.09411,-0.787799,-3.459908,2218.813411,194.21194,12:30:00,5.19561,1.05777,5.68597,-19.3356,21.13722,4.98158,2.84863,-1.75596,75.76889,-4.485182,-2.572114,0.457881,NA,NA,NA,NA,NA,NA,NA,NA,NA,NA,NA,-3.60933,11.3754,-0.76937,50,5.11738,7.14813,-121.6988,-2.20608,-5.3394,26.91348,-15.34598,CHA_16U20,CHA_16U9,USABBCary3,USA Baseball,USA,20250625-USABBCary3-4,2410aa10-5218-11f0-8a37-53b6fd546738,82.31922,NA,NA,8.32522,NA,NA,NA,NA,NA,NA,3640e600-30e5-454d-afeb-3dce868d1233,2025-06-25,23:00:08,2025-06-25T23:00:08Z,2025-06-25T23:00:08Z,NA,v3,NA,NA,NA,"Brown, Codey",10315575,Right,CHA_16U20,47b36f30-39fb-44cc-8f9b-688ae85cd9af,54.80885,-122.75766,13.45674,5.19229,-1.60232,-7.67299,-1.05473,7.3582,-2.6697,NA,NA,NA,NA,NA,NA,NA,NA,NA,NA,NA,NA,NA,NA,NA,NA,NA,NA,NA,NA,NA,NA,NA,NA,NA,NA,NA,NA,NA,NA,NA,NA,NA,NA,NA,NA,NA,NA,NA,NA,NA,NA,NA,NA,NA,NA,NA,NA,NA,NA,High,High,High,NA,NA,NA,NA,NA,NA,NA,NA,NA,NA,NA,NA,NA,NA,NA,NA,NA,NA,NA,NA,NA,NA,NA,NA,NA,NA,NA,NA,NA,NA,NA,NA,NA,NA,NA,NA,NA,NA,NA,NA,NA,NA,NA,NA,NA,NA,NA,NA,NA,NA,NA,NA,NA,NA,NA,NA,NA,NA
NA,NA,NA,NA,NA,NA,NA,NA,NA,NA,NA,NA,NA,NA,NA,NA,107,2025-06-25,19:00:22,1,3,"Zhang, Kemuel",1000447854,Right,CHA_16U20,"Paul, Evan",1000271803,Right,CHA_16U9,Undefined,4,Top,0,2,0,Undefined,Four-Seam,InPlay,Undefined,Popup,Out,1,0,NA,83.55618,-0.310956,-1.010181,2199.450757,201.538708,12:45:00,5.16462,1.21038,5.66436,-21.60659,19.26367,7.02587,3.07407,0.85382,75.35798,-4.418208,0.245232,0.460124,69.80795,73.689969,-50.08998,3573.709559,NA,NA,NA,87.5032,85.81033,-72.645673,5.342002,-3.91016,10.31233,-1.12963,50,5.12514,1.85179,-121.17364,-1.28653,-5.73018,26.85036,-17.06175,CHA_16U20,CHA_16U9,USABBCary3,USA Baseball,USA,20250625-USABBCary3-4,2cc2ebf0-5218-11f0-8a37-53b6fd546738,81.91793,119.06941,NA,8.1982,NA,NA,NA,2.26606,2.41066,-1.15242,3640e600-30e5-454d-afeb-3dce868d1233,2025-06-25,23:00:22,2025-06-25T23:00:22Z,2025-06-25T23:00:22Z,Popup,v3,NA,NA,NA,"Brown, Codey",10315575,Right,CHA_16U20,d88e6878-0894-42d5-9510-1b2f1b1bb209,54.83324,-122.23992,13.42518,5.16278,-0.60897,-8.53088,-1.20768,2.07934,-2.86509,NA,2.25516,18.62876,-10.02803,3.64948,-0.98329,0.20459,-0.02748,0.00182,-3e-5,2.40079,98.46419,-26.08214,4.09276,-1.56953,0.53152,-0.11643,0.01357,-6.4e-4,-1.15359,-22.0256,3.20319,-0.53218,-0.09723,0.08521,-0.023,0.00295,-1.5e-4,NA,NA,NA,NA,NA,NA,NA,NA,NA,NA,NA,NA,NA,NA,NA,NA,NA,NA,NA,NA,NA,NA,High,High,High,Medium,Low,NA,NA,NA,NA,NA,NA,NA,NA,NA,NA,NA,NA,NA,NA,NA,NA,NA,NA,NA,NA,NA,NA,NA,NA,NA,NA,NA,NA,NA,NA,NA,NA,NA,NA,NA,NA,NA,NA,NA,NA,NA,NA,NA,NA,NA,NA,NA,NA,NA,NA,NA,NA,NA,NA,NA,NA
NA,NA,NA,NA,NA,NA,NA,NA,NA,NA,NA,NA,NA,NA,NA,NA,108,2025-06-25,19:00:54,2,1,"Zhang, Kemuel",1000447854,Right,CHA_16U20,"Day, Hunter",10167489,Left,CHA_16U9,Undefined,4,Top,1,0,0,Undefined,Curveball,BallCalled,Undefined,Undefined,Undefined,0,0,NA,76.68281,0.591321,-1.713607,2573.053973,43.363657,07:30:00,5.09821,1.42803,5.01662,-56.14487,-5.79914,-7.30437,0.97781,-0.7984,69.06758,-9.585724,-3.00536,0.510684,NA,NA,NA,NA,NA,NA,NA,NA,NA,NA,NA,3.00642,-2.5289,-1.25757,50,5.10984,3.61772,-110.95136,-0.83834,3.64873,24.73449,-35.24322,CHA_16U20,CHA_16U9,USABBCary3,USA Baseball,USA,20250625-USABBCary3-4,3fd43550-5218-11f0-8a37-53b6fd546738,73.80768,NA,NA,7.61522,NA,NA,NA,NA,NA,NA,3640e600-30e5-454d-afeb-3dce868d1233,2025-06-25,23:00:54,2025-06-25T23:00:54Z,2025-06-25T23:00:54Z,NA,v3,NA,NA,NA,"Brown, Codey",10315575,Right,CHA_16U20,6cbe7afa-2802-45f5-a167-323168a12331,55.48123,-112.16664,12.36724,5.10849,0.89326,-17.62161,-1.43091,3.43845,1.82436,NA,NA,NA,NA,NA,NA,NA,NA,NA,NA,NA,NA,NA,NA,NA,NA,NA,NA,NA,NA,NA,NA,NA,NA,NA,NA,NA,NA,NA,NA,NA,NA,NA,NA,NA,NA,NA,NA,NA,NA,NA,NA,NA,NA,NA,NA,NA,NA,NA,NA,High,High,High,NA,NA,NA,NA,NA,NA,NA,NA,NA,NA,NA,NA,NA,NA,NA,NA,NA,NA,NA,NA,NA,NA,NA,NA,NA,NA,NA,NA,NA,NA,NA,NA,NA,NA,NA,NA,NA,NA,NA,NA,NA,NA,NA,NA,NA,NA,NA,NA,NA,NA,NA,NA,NA,NA,NA,NA,NA,NA
NA,NA,NA,NA,NA,NA,NA,NA,NA,NA,NA,NA,NA,NA,NA,NA,109,2025-06-25,19:01:08,2,2,"Zhang, Kemuel",1000447854,Right,CHA_16U20,"Day, Hunter",10167489,Left,CHA_16U9,Undefined,4,Top,1,1,0,Undefined,Four-Seam,StrikeSwinging,Undefined,Undefined,Undefined,0,0,NA,84.48694,0.427194,-1.368773,2181.254636,213.439241,01:00:00,5.1185600000000004,1.17074,5.66601,-20.92726,19.22718,11.71808,3.77307,0.87071,75.78459,-3.570491,0.724608,0.456077,NA,NA,NA,NA,NA,NA,NA,NA,NA,NA,NA,-6.31016,9.99406,-1.06221,50,5.14175,2.41733,-122.40117,0.31761,-9.40735,28.06119,-17.27468,CHA_16U20,CHA_16U9,USABBCary3,USA Baseball,USA,20250625-USABBCary3-4,48394190-5218-11f0-8a37-53b6fd546738,82.6449,NA,NA,8.70236,NA,NA,NA,NA,NA,NA,3640e600-30e5-454d-afeb-3dce868d1233,2025-06-25,23:01:08,2025-06-25T23:01:08Z,2025-06-25T23:01:08Z,NA,v3,NA,NA,NA,"Brown, Codey",10315575,Right,CHA_16U20,e73db285-c97b-42e7-ab09-a3b44214d30c,54.82747,-123.50294,14.0306,5.11596,0.99587,-8.63734,-1.16437,2.78669,-4.70367,NA,NA,NA,NA,NA,NA,NA,NA,NA,NA,NA,NA,NA,NA,NA,NA,NA,NA,NA,NA,NA,NA,NA,NA,NA,NA,NA,NA,NA,NA,NA,NA,NA,NA,NA,NA,NA,NA,NA,NA,NA,NA,NA,NA,NA,NA,NA,NA,NA,NA,High,High,High,NA,NA,NA,NA,NA,NA,NA,NA,NA,NA,NA,NA,NA,NA,NA,NA,NA,NA,NA,NA,NA,NA,NA,NA,NA,NA,NA,NA,NA,NA,NA,NA,NA,NA,NA,NA,NA,NA,NA,NA,NA,NA,NA,NA,NA,NA,NA,NA,NA,NA,NA,NA,NA,NA,NA,NA,NA,NA
NA,NA,NA,NA,NA,NA,NA,NA,NA,NA,NA,NA,NA,NA,NA,NA,110,2025-06-25,19:01:25,2,3,"Zhang, Kemuel",1000447854,Right,CHA_16U20,"Day, Hunter",10167489,Left,CHA_16U9,Undefined,4,Top,1,1,1,Undefined,Four-Seam,FoulBallNotFieldable,Undefined,Undefined,Undefined,0,0,NA,84.17301,-0.357295,-1.791234,2183.445464,209.832174,01:00:00,5.0996,1.2727,5.74771,-21.54352,18.45359,9.79024,2.9715,0.42036,76.21518,-4.444463,-0.039767,0.455183,67.94929,15.093134,-167.357947,1269.145913,NA,NA,NA,101.08246,49.01091,-170.910898,1.215204,-5.53973,9.91008,-1.12998,50,5.05703,3.41955,-122.09567,-1.38995,-8.28214,26.19266,-17.35806,CHA_16U20,CHA_16U9,USABBCary3,USA Baseball,USA,20250625-USABBCary3-4,528e0fe0-5218-11f0-8a37-53b6fd546738,82.8073,9.60236,NA,7.95783,NA,NA,NA,2.3061,2.80721,-0.41699,3640e600-30e5-454d-afeb-3dce868d1233,2025-06-25,23:01:25,2025-06-25T23:01:25Z,2025-06-25T23:01:25Z,LineDrive,v3,NA,NA,NA,"Brown, Codey",10315575,Right,CHA_16U20,4ac93117-e6dc-4b6c-afd8-8bcbac9d24a5,54.74994,-123.11043,13.09633,5.09785,-0.71746,-8.67903,-1.26867,3.74042,-4.14107,NA,2.3061,-93.88821,9.4569,-1.43404,0.3269,-0.06378,0.01477,-0.00267,2.5e-4,2.80721,25.95004,-26.26959,3.15337,-0.70374,0.15409,-0.0317,0.00598,-6.3e-4,-0.41699,-21.05887,8.30148,-1.56976,0.34244,-0.07125,0.0154,-0.00283,2.8e-4,NA,NA,NA,NA,NA,NA,NA,NA,NA,NA,NA,NA,NA,NA,NA,NA,NA,NA,NA,NA,NA,NA,High,High,High,High,Medium,NA,NA,NA,NA,NA,NA,NA,NA,NA,NA,NA,NA,NA,NA,NA,NA,NA,NA,NA,NA,NA,NA,NA,NA,NA,NA,NA,NA,NA,NA,NA,NA,NA,NA,NA,NA,NA,NA,NA,NA,NA,NA,NA,NA,NA,NA,NA,NA,NA,NA,NA,NA,NA,NA,NA,NA
NA,NA,NA,NA,NA,NA,NA,NA,NA,NA,NA,NA,NA,NA,NA,NA,111,2025-06-25,19:01:51,2,4,"Zhang, Kemuel",1000447854,Right,CHA_16U20,"Day, Hunter",10167489,Left,CHA_16U9,Undefined,4,Top,1,1,2,Undefined,Four-Seam,FoulBallNotFieldable,Undefined,Undefined,Undefined,0,0,NA,84.80498,0.394963,-2.077072,2243.692135,200.705986,12:45:00,5.16578,1.10419,5.69643,-22.02143,17.41595,6.07874,3.69898,-0.32572,76.83236,-3.770542,-0.991276,0.45198700000000003,66.76832,14.550955,-167.893743,1082.00284,NA,NA,NA,92.95819,51.96609,-173.634131,1.124267,-3.71599,9.12193,-0.9336,50,5.18551,4.20938,-122.99206,0.18658,-5.64728,26.18817,-18.3113,CHA_16U20,CHA_16U9,USABBCary3,USA Baseball,USA,20250625-USABBCary3-4,61a4ac00-5218-11f0-8a37-53b6fd546738,83.39284,9.24474,NA,7.97262,NA,NA,NA,1.69887,3.52643,0.3468,3640e600-30e5-454d-afeb-3dce868d1233,2025-06-25,23:01:51,2025-06-25T23:01:51Z,2025-06-25T23:01:51Z,GroundBall,v3,NA,NA,NA,"Brown, Codey",10315575,Right,CHA_16U20,a9581754-27fa-4e19-bfb6-9c93c17006cd,54.80105,-124.01012,13.09409,5.16442,0.89843,-9.15565,-1.10151,4.42891,-2.82364,NA,1.69887,-92.67764,8.13583,-0.01128,-0.17324,0.07656,-0.00373,-0.00728,0.00248,3.52643,24.60316,-28.04418,3.7371,-0.77225,0.05358,0.1062,-0.07965,0.02081,0.3468,-19.87892,11.83812,-2.93011,0.64385,-2.6e-4,-0.14999,0.10624,-0.02749,NA,NA,NA,NA,NA,NA,NA,NA,NA,NA,NA,NA,NA,NA,NA,NA,NA,NA,NA,NA,NA,NA,High,High,High,High,Medium,NA,NA,NA,NA,NA,NA,NA,NA,NA,NA,NA,NA,NA,NA,NA,NA,NA,NA,NA,NA,NA,NA,NA,NA,NA,NA,NA,NA,NA,NA,NA,NA,NA,NA,NA,NA,NA,NA,NA,NA,NA,NA,NA,NA,NA,NA,NA,NA,NA,NA,NA,NA,NA,NA,NA,NA
NA,NA,NA,NA,NA,NA,NA,NA,NA,NA,NA,NA,NA,NA,NA,NA,112,2025-06-25,19:02:17,2,5,"Zhang, Kemuel",1000447854,Right,CHA_16U20,"Day, Hunter",10167489,Left,CHA_16U9,Undefined,4,Top,1,1,2,Undefined,Slider,BallCalled,Undefined,Undefined,Undefined,0,0,NA,77.59676,0.57523,0.378412,2561.134929,63.739017,08:00:00,5.03112,1.36548,5.25932,-49.34302,-0.22752,-4.60673,1.45968,1.33712,69.05956,-8.487605,-0.440226,0.504406,NA,NA,NA,NA,NA,NA,NA,NA,NA,NA,NA,2.42335,0.31205,-1.39666,50,5.04822,-0.55019,-112.20201,-0.56559,2.98255,26.82998,-31.79002,CHA_16U20,CHA_16U9,USABBCary3,USA Baseball,USA,20250625-USABBCary3-4,713a6330-5218-11f0-8a37-53b6fd546738,74.72632,NA,NA,8.5372,NA,NA,NA,NA,NA,NA,3640e600-30e5-454d-afeb-3dce868d1233,2025-06-25,23:02:17,2025-06-25T23:02:17Z,2025-06-25T23:02:17Z,NA,v3,NA,NA,NA,"Brown, Codey",10315575,Right,CHA_16U20,cce4b7fb-3ee9-40aa-a96e-30b3e1715b18,55.23416,-113.44671,13.41499,5.04024,0.90921,-15.89501,-1.36792,-0.68855,1.49128,NA,NA,NA,NA,NA,NA,NA,NA,NA,NA,NA,NA,NA,NA,NA,NA,NA,NA,NA,NA,NA,NA,NA,NA,NA,NA,NA,NA,NA,NA,NA,NA,NA,NA,NA,NA,NA,NA,NA,NA,NA,NA,NA,NA,NA,NA,NA,NA,NA,NA,High,High,High,NA,NA,NA,NA,NA,NA,NA,NA,NA,NA,NA,NA,NA,NA,NA,NA,NA,NA,NA,NA,NA,NA,NA,NA,NA,NA,NA,NA,NA,NA,NA,NA,NA,NA,NA,NA,NA,NA,NA,NA,NA,NA,NA,NA,NA,NA,NA,NA,NA,NA,NA,NA,NA,NA,NA,NA,NA,NA
NA,NA,NA,NA,NA,NA,NA,NA,NA,NA,NA,NA,NA,NA,NA,NA,113,2025-06-25,19:02:36,2,6,"Zhang, Kemuel",1000447854,Right,CHA_16U20,"Day, Hunter",10167489,Left,CHA_16U9,Undefined,4,Top,1,2,2,Undefined,Four-Seam,BallCalled,Undefined,Undefined,Undefined,0,0,NA,85.46372,-2.034687,-2.309164,2231.099974,196.510114,12:30:00,5.06261,1.30557,5.52233,-17.71914,21.89041,6.03835,1.68135,-0.35134,76.66353,-5.435459,-1.234092,0.452972,NA,NA,NA,NA,NA,NA,NA,NA,NA,NA,NA,-3.80673,12.13879,-1.10867,50,4.87411,4.72362,-123.6433,-4.88708,-5.77847,29.11854,-13.7478,CHA_16U20,CHA_16U9,USABBCary3,USA Baseball,USA,20250625-USABBCary3-4,7caadab0-5218-11f0-8a37-53b6fd546738,83.21141,NA,NA,8.80019,NA,NA,NA,NA,NA,NA,3640e600-30e5-454d-afeb-3dce868d1233,2025-06-25,23:02:36,2025-06-25T23:02:36Z,2025-06-25T23:02:36Z,NA,v3,NA,NA,NA,"Brown, Codey",10315575,Right,CHA_16U20,9cca0d7d-4b61-4a0e-b222-c0d6cefd6b8d,54.97249,-124.80885,14.55927,5.05871,-4.33678,-6.8739,-1.30238,4.95492,-2.88924,NA,NA,NA,NA,NA,NA,NA,NA,NA,NA,NA,NA,NA,NA,NA,NA,NA,NA,NA,NA,NA,NA,NA,NA,NA,NA,NA,NA,NA,NA,NA,NA,NA,NA,NA,NA,NA,NA,NA,NA,NA,NA,NA,NA,NA,NA,NA,NA,NA,NA,High,High,High,NA,NA,NA,NA,NA,NA,NA,NA,NA,NA,NA,NA,NA,NA,NA,NA,NA,NA,NA,NA,NA,NA,NA,NA,NA,NA,NA,NA,NA,NA,NA,NA,NA,NA,NA,NA,NA,NA,NA,NA,NA,NA,NA,NA,NA,NA,NA,NA,NA,NA,NA,NA,NA,NA,NA,NA,NA,NA
NA,NA,NA,NA,NA,NA,NA,NA,NA,NA,NA,NA,NA,NA,NA,NA,114,2025-06-25,19:02:57,2,7,"Zhang, Kemuel",1000447854,Right,CHA_16U20,"Day, Hunter",10167489,Left,CHA_16U9,Undefined,4,Top,1,3,2,Undefined,Four-Seam,FoulBallNotFieldable,Undefined,Undefined,Undefined,0,0,NA,86.18015,-1.69645,-2.368738,2107.314689,199.1614,12:45:00,5.04418,1.08285,5.5513,-20.30887,18.14206,5.84276,1.76474,-0.64495,78.2166,-5.526131,-1.327824,0.446298,NA,NA,NA,NA,NA,NA,NA,NA,NA,NA,NA,-3.75965,10.14615,-0.88207,50,4.8844,4.93331,-124.94374,-4.3408,-5.88438,27.49642,-16.29381,CHA_16U20,CHA_16U9,USABBCary3,USA Baseball,USA,20250625-USABBCary3-4,893351e0-5218-11f0-8a37-53b6fd546738,84.45582,NA,NA,7.96355,NA,NA,NA,NA,NA,NA,3640e600-30e5-454d-afeb-3dce868d1233,2025-06-25,23:02:57,2025-06-25T23:02:57Z,2025-06-25T23:02:57Z,NA,v3,NA,NA,NA,"Brown, Codey",10315575,Right,CHA_16U20,fd91cc79-22c7-4dbf-9fe7-ae3cbf6208d2,54.95011,-126.0284,13.74821,5.04296,-3.69805,-8.1469,-1.08126,5.16544,-2.94219,NA,NA,NA,NA,NA,NA,NA,NA,NA,NA,NA,NA,NA,NA,NA,NA,NA,NA,NA,NA,NA,NA,NA,NA,NA,NA,NA,NA,NA,NA,NA,NA,NA,NA,NA,NA,NA,NA,NA,NA,NA,NA,NA,NA,NA,NA,NA,NA,NA,NA,High,High,High,NA,NA,NA,NA,NA,NA,NA,NA,NA,NA,NA,NA,NA,NA,NA,NA,NA,NA,NA,NA,NA,NA,NA,NA,NA,NA,NA,NA,NA,NA,NA,NA,NA,NA,NA,NA,NA,NA,NA,NA,NA,NA,NA,NA,NA,NA,NA,NA,NA,NA,NA,NA,NA,NA,NA,NA,NA,NA
NA,NA,NA,NA,NA,NA,NA,NA,NA,NA,NA,NA,NA,NA,NA,NA,115,2025-06-25,19:03:21,2,8,"Zhang, Kemuel",1000447854,Right,CHA_16U20,"Day, Hunter",10167489,Left,CHA_16U9,Undefined,4,Top,1,3,2,Undefined,Four-Seam,InPlay,Undefined,LineDrive,Out,1,0,NA,85.95288,-1.211128,-2.277011,2258.559752,206.896548,01:00:00,5.07384,1.18802,5.60172,-21.02415,17.6006,8.24315,2.19011,-0.25189,77.84313,-5.181177,-0.806843,0.447305,81.13468,12.246019,19.678842,2277.600573,103.03215,8.83679,38.52743,151.60051,150.24361,20.961628,1.526468,-4.97347,9.72957,-0.99877,50,4.95692,4.62249,-124.62844,-3.29064,-7.73318,27.7096,-17.04565,CHA_16U20,CHA_16U9,USABBCary3,USA Baseball,USA,20250625-USABBCary3-4,97499500-5218-11f0-8a37-53b6fd546738,84.26555,10.8384,NA,8.10975,NA,NA,NA,1.72739,2.26336,0.26682,3640e600-30e5-454d-afeb-3dce868d1233,2025-06-25,23:03:21,2025-06-25T23:03:21Z,2025-06-25T23:03:21Z,LineDrive,v3,NA,NA,NA,"Brown, Codey",10315575,Right,CHA_16U20,de71b012-b700-4be2-ab9f-43560c7d9c70,54.89893,-125.71294,13.8548,5.07265,-2.62351,-8.52283,-1.18561,4.92515,-3.86659,277.300818,1.72739,109.49775,-14.3154,2.27072,-0.47927,0.09028,-0.0173,0.00288,-2.6e-4,2.26336,25.2405,-19.6786,1.82697,-0.35912,0.07854,-0.01374,0.00215,-2e-4,0.26682,39.16026,-2.85739,0.32588,-0.07119,0.01213,-0.00254,4.4e-4,-4e-5,NA,NA,NA,NA,NA,NA,NA,NA,NA,NA,NA,NA,NA,NA,NA,NA,NA,NA,NA,NA,NA,NA,High,High,High,High,High,NA,NA,NA,NA,NA,NA,NA,NA,NA,NA,NA,NA,NA,NA,NA,NA,NA,NA,NA,NA,NA,NA,NA,NA,NA,NA,NA,NA,NA,NA,NA,NA,NA,NA,NA,NA,NA,NA,NA,NA,NA,NA,NA,NA,NA,NA,NA,NA,NA,NA,NA,NA,NA,NA,NA,NA
NA,NA,NA,NA,NA,NA,NA,NA,NA,NA,NA,NA,NA,NA,NA,NA,116,2025-06-25,19:03:52,3,1,"Zhang, Kemuel",1000447854,Right,CHA_16U20,"Matarese, Dante",10266477,Left,CHA_16U9,Undefined,4,Top,2,0,0,Undefined,Four-Seam,BallCalled,Undefined,Undefined,Undefined,0,0,NA,86.36749,0.220756,-1.082285,2314.650589,208.094036,01:00:00,5.1706,1.24154,5.64841,-19.06395,19.44462,9.61012,3.78789,1.03277,77.33605,-3.436297,0.634173,0.446632,NA,NA,NA,NA,NA,NA,NA,NA,NA,NA,NA,-5.16008,10.14331,-1.15564,50,5.17749,1.93602,-125.10865,-0.05702,-8.02308,29.71288,-16.40288,CHA_16U20,CHA_16U9,USABBCary3,USA Baseball,USA,20250625-USABBCary3-4,a9f67740-5218-11f0-8a37-53b6fd546738,84.39257,NA,NA,9.03144,NA,NA,NA,NA,NA,NA,3640e600-30e5-454d-afeb-3dce868d1233,2025-06-25,23:03:52,2025-06-25T23:03:52Z,2025-06-25T23:03:52Z,NA,v3,NA,NA,NA,"Brown, Codey",10315575,Right,CHA_16U20,bfa72968-9cf4-4764-b9dc-10e8faf6f041,54.84452,-126.25396,14.85644,5.1675,0.57525,-8.20144,-1.23623,2.24528,-4.01154,NA,NA,NA,NA,NA,NA,NA,NA,NA,NA,NA,NA,NA,NA,NA,NA,NA,NA,NA,NA,NA,NA,NA,NA,NA,NA,NA,NA,NA,NA,NA,NA,NA,NA,NA,NA,NA,NA,NA,NA,NA,NA,NA,NA,NA,NA,NA,NA,NA,NA,High,High,High,NA,NA,NA,NA,NA,NA,NA,NA,NA,NA,NA,NA,NA,NA,NA,NA,NA,NA,NA,NA,NA,NA,NA,NA,NA,NA,NA,NA,NA,NA,NA,NA,NA,NA,NA,NA,NA,NA,NA,NA,NA,NA,NA,NA,NA,NA,NA,NA,NA,NA,NA,NA,NA,NA,NA,NA,NA,NA
NA,NA,NA,NA,NA,NA,NA,NA,NA,NA,NA,NA,NA,NA,NA,NA,117,2025-06-25,19:04:07,3,2,"Zhang, Kemuel",1000447854,Right,CHA_16U20,"Matarese, Dante",10266477,Left,CHA_16U9,Undefined,4,Top,2,1,0,Undefined,Four-Seam,StrikeCalled,Undefined,Undefined,Undefined,0,0,NA,85.50521,-1.279107,-1.732247,2289.821856,198.37829,12:30:00,5.11471,1.33932,5.47989,-19.61225,19.68603,6.07303,2.28278,0.22408,77.22202,-5.000098,-0.651169,0.451189,NA,NA,NA,NA,NA,NA,NA,NA,NA,NA,NA,-3.60012,10.7243,-1.19153,50,4.9896,3.48496,-123.89138,-3.35577,-5.5267,27.59178,-15.71067,CHA_16U20,CHA_16U9,USABBCary3,USA Baseball,USA,20250625-USABBCary3-4,b2f57990-5218-11f0-8a37-53b6fd546738,83.5403,NA,NA,8.28319,NA,NA,NA,NA,NA,NA,3640e600-30e5-454d-afeb-3dce868d1233,2025-06-25,23:04:07,2025-06-25T23:04:07Z,2025-06-25T23:04:07Z,NA,v3,NA,NA,NA,"Brown, Codey",10315575,Right,CHA_16U20,335f3f3f-2fa2-4007-9ec3-0ba57a655c2c,55.01649,-125.00361,13.79589,5.11211,-2.72248,-7.85533,-1.3365,3.70774,-2.76335,NA,NA,NA,NA,NA,NA,NA,NA,NA,NA,NA,NA,NA,NA,NA,NA,NA,NA,NA,NA,NA,NA,NA,NA,NA,NA,NA,NA,NA,NA,NA,NA,NA,NA,NA,NA,NA,NA,NA,NA,NA,NA,NA,NA,NA,NA,NA,NA,NA,NA,High,High,High,NA,NA,NA,NA,NA,NA,NA,NA,NA,NA,NA,NA,NA,NA,NA,NA,NA,NA,NA,NA,NA,NA,NA,NA,NA,NA,NA,NA,NA,NA,NA,NA,NA,NA,NA,NA,NA,NA,NA,NA,NA,NA,NA,NA,NA,NA,NA,NA,NA,NA,NA,NA,NA,NA,NA,NA,NA,NA
NA,NA,NA,NA,NA,NA,NA,NA,NA,NA,NA,NA,NA,NA,NA,NA,118,2025-06-25,19:04:25,3,3,"Zhang, Kemuel",1000447854,Right,CHA_16U20,"Matarese, Dante",10266477,Left,CHA_16U9,Undefined,4,Top,2,1,1,Undefined,Changeup,StrikeSwinging,Undefined,Undefined,Undefined,0,0,NA,77.52228,0.48357,-2.095423,1212.47425,275.559927,03:15:00,4.95584,1.19831,5.59771,-46.77062,0.39055,11.65162,1.51007,0.21207,71.01696,-8.084092,-0.013726,0.494269,NA,NA,NA,NA,NA,NA,NA,NA,NA,NA,NA,-6.54583,0.46472,-1.02659,50,4.96671,3.67984,-112.52428,-0.56145,-8.35678,21.23169,-31.58073,CHA_16U20,CHA_16U9,USABBCary3,USA Baseball,USA,20250625-USABBCary3-4,bddaa100-5218-11f0-8a37-53b6fd546738,76.25888,NA,NA,6.50532,NA,NA,NA,NA,NA,NA,3640e600-30e5-454d-afeb-3dce868d1233,2025-06-25,23:04:25,2025-06-25T23:04:25Z,2025-06-25T23:04:25Z,NA,v3,NA,NA,NA,"Brown, Codey",10315575,Right,CHA_16U20,244e109e-db55-4904-96a2-4efb072bf3d9,54.90322,-113.44567,10.61585,4.96134,0.80906,-15.79037,-1.19416,4.04249,-4.17839,NA,NA,NA,NA,NA,NA,NA,NA,NA,NA,NA,NA,NA,NA,NA,NA,NA,NA,NA,NA,NA,NA,NA,NA,NA,NA,NA,NA,NA,NA,NA,NA,NA,NA,NA,NA,NA,NA,NA,NA,NA,NA,NA,NA,NA,NA,NA,NA,NA,NA,High,High,High,NA,NA,NA,NA,NA,NA,NA,NA,NA,NA,NA,NA,NA,NA,NA,NA,NA,NA,NA,NA,NA,NA,NA,NA,NA,NA,NA,NA,NA,NA,NA,NA,NA,NA,NA,NA,NA,NA,NA,NA,NA,NA,NA,NA,NA,NA,NA,NA,NA,NA,NA,NA,NA,NA,NA,NA,NA,NA
NA,NA,NA,NA,NA,NA,NA,NA,NA,NA,NA,NA,NA,NA,NA,NA,119,2025-06-25,19:04:43,3,4,"Zhang, Kemuel",1000447854,Right,CHA_16U20,"Matarese, Dante",10266477,Left,CHA_16U9,Undefined,4,Top,2,1,2,Undefined,Splitter,BallCalled,Undefined,Undefined,Undefined,0,0,NA,79.49664,-2.119685,-1.370525,1078.988227,269.68674,03:00:00,4.90592,1.44705,5.67987,-43.76762,1.81425,14.36091,-0.7188,1.36596,71.8949,-10.151572,1.205247,0.485923,NA,NA,NA,NA,NA,NA,NA,NA,NA,NA,NA,-7.89685,2.04807,-1.34117,50,4.6996,2.21563,-115.16669,-5.66972,-10.34235,26.34176,-29.49174,CHA_16U20,CHA_16U9,USABBCary3,USA Baseball,USA,20250625-USABBCary3-4,c81b4b10-5218-11f0-8a37-53b6fd546738,77.56874,NA,NA,7.60174,NA,NA,NA,NA,NA,NA,3640e600-30e5-454d-afeb-3dce868d1233,2025-06-25,23:04:43,2025-06-25T23:04:43Z,2025-06-25T23:04:43Z,NA,v3,NA,NA,NA,"Brown, Codey",10315575,Right,CHA_16U20,3667670e-3db3-4066-90ec-e8192a9507ab,54.82018,-116.26397,13.17088,4.91018,-4.44123,-14.74587,-1.44243,2.64645,-5.17117,NA,NA,NA,NA,NA,NA,NA,NA,NA,NA,NA,NA,NA,NA,NA,NA,NA,NA,NA,NA,NA,NA,NA,NA,NA,NA,NA,NA,NA,NA,NA,NA,NA,NA,NA,NA,NA,NA,NA,NA,NA,NA,NA,NA,NA,NA,NA,NA,NA,NA,High,High,High,NA,NA,NA,NA,NA,NA,NA,NA,NA,NA,NA,NA,NA,NA,NA,NA,NA,NA,NA,NA,NA,NA,NA,NA,NA,NA,NA,NA,NA,NA,NA,NA,NA,NA,NA,NA,NA,NA,NA,NA,NA,NA,NA,NA,NA,NA,NA,NA,NA,NA,NA,NA,NA,NA,NA,NA,NA,NA
NA,NA,NA,NA,NA,NA,NA,NA,NA,NA,NA,NA,NA,NA,NA,NA,120,2025-06-25,19:05:06,3,5,"Zhang, Kemuel",1000447854,Right,CHA_16U20,"Matarese, Dante",10266477,Left,CHA_16U9,Undefined,4,Top,2,2,2,Undefined,Four-Seam,FoulBallNotFieldable,Undefined,Undefined,Undefined,0,0,NA,85.18267,-1.299106,-2.268398,2201.313716,212.772148,01:00:00,5.02594,1.26344,5.57647,-23.27336,16.20851,9.52288,1.87198,-0.06277,76.97592,-5.676104,-0.570309,0.452242,63.57541,50.844734,-151.048049,3833.455526,NA,NA,NA,NA,28.76644,NA,NA,-5.56083,9.02552,-1.07465,50,4.89922,4.4914,-123.4273,-3.53252,-8.46513,27.59098,-18.43466,CHA_16U20,CHA_16U9,USABBCary3,USA Baseball,USA,20250625-USABBCary3-4,d5d871b0-5218-11f0-8a37-53b6fd546738,83.34582,32.41402,NA,8.20675,NA,NA,NA,2.81761,1.8535,0.10736,3640e600-30e5-454d-afeb-3dce868d1233,2025-06-25,23:05:06,2025-06-25T23:05:06Z,2025-06-25T23:05:06Z,NA,v3,NA,NA,NA,"Brown, Codey",10315575,Right,CHA_16U20,969003d5-35a0-4c60-88b9-dd9d8ea1cc49,54.92145,-124.52258,13.79549,5.02492,-2.80072,-9.21733,-1.25962,4.82744,-4.23257,12.034833,2.81761,-51.51835,2.78194,1.78308,-0.7325,0.24663,-0.06928,0.02006,-0.00426,1.8535,72.30475,-34.3491,5.61113,-1.26199,0.25981,-0.04943,0.0083,-4.1e-4,0.10736,-28.50063,4.59955,-0.40803,8e-5,0.02884,-0.01208,0.00491,-0.00137,NA,NA,NA,NA,NA,NA,NA,NA,NA,NA,NA,NA,NA,NA,NA,NA,NA,NA,NA,NA,NA,NA,High,High,High,High,Undefined,NA,NA,NA,NA,NA,NA,NA,NA,NA,NA,NA,NA,NA,NA,NA,NA,NA,NA,NA,NA,NA,NA,NA,NA,NA,NA,NA,NA,NA,NA,NA,NA,NA,NA,NA,NA,NA,NA,NA,NA,NA,NA,NA,NA,NA,NA,NA,NA,NA,NA,NA,NA,NA,NA,NA,NA
NA,NA,NA,NA,NA,NA,NA,NA,NA,NA,NA,NA,NA,NA,NA,NA,121,2025-06-25,19:05:29,3,6,"Zhang, Kemuel",1000447854,Right,CHA_16U20,"Matarese, Dante",10266477,Left,CHA_16U9,Undefined,4,Top,2,2,2,Undefined,Slider,StrikeCalled,Strikeout,Undefined,Undefined,0,0,NA,79.04909,1.66021,-1.252945,2729.954209,81.400795,08:45:00,5.03238,1.27517,5.17853,-47.35203,0.15957,-11.88843,2.64935,-0.89466,70.20052,-7.03998,-3.357846,0.496102,NA,NA,NA,NA,NA,NA,NA,NA,NA,NA,NA,5.55213,-0.18063,-1.14876,50,5.15086,2.9762,-114.29343,1.68863,7.07636,28.21217,-32.40427,CHA_16U20,CHA_16U9,USABBCary3,USA Baseball,USA,20250625-USABBCary3-4,e38089b0-5218-11f0-8a37-53b6fd546738,75.97714,NA,NA,8.84856,NA,NA,NA,NA,NA,NA,3640e600-30e5-454d-afeb-3dce868d1233,2025-06-25,23:05:29,2025-06-25T23:05:29Z,2025-06-25T23:05:29Z,NA,v3,NA,NA,NA,"Brown, Codey",10315575,Right,CHA_16U20,c4c6c995-7afe-455c-b8c2-f554196876f4,55.32006,-115.59917,14.10609,5.038,3.1884,-16.20214,-1.27893,2.64868,3.53818,NA,NA,NA,NA,NA,NA,NA,NA,NA,NA,NA,NA,NA,NA,NA,NA,NA,NA,NA,NA,NA,NA,NA,NA,NA,NA,NA,NA,NA,NA,NA,NA,NA,NA,NA,NA,NA,NA,NA,NA,NA,NA,NA,NA,NA,NA,NA,NA,NA,NA,High,High,High,NA,NA,NA,NA,NA,NA,NA,NA,NA,NA,NA,NA,NA,NA,NA,NA,NA,NA,NA,NA,NA,NA,NA,NA,NA,NA,NA,NA,NA,NA,NA,NA,NA,NA,NA,NA,NA,NA,NA,NA,NA,NA,NA,NA,NA,NA,NA,NA,NA,NA,NA,NA,NA,NA,NA,NA,NA,NA
NA,NA,NA,NA,NA,NA,NA,NA,NA,NA,NA,NA,NA,NA,NA,NA,122,2025-06-25,19:08:15,1,1,"Kauffman, Justin",1000112303,Right,CHA_16U9,"Mason, Eli",10300015,Right,CHA_16U20,Undefined,4,Bottom,0,0,0,Undefined,Changeup,StrikeCalled,Undefined,Undefined,Undefined,0,0,NA,86.97535,-1.125449,-1.303304,2057.838656,235.814946,01:45:00,5.31457,1.20799,5.60777,-25.60533,13.02434,16.76611,2.12984,1.38839,76.98528,-5.962786,1.691395,0.447334,NA,NA,NA,NA,NA,NA,NA,NA,NA,NA,NA,-8.92583,7.47146,-1.10743,50,5.2024,2.11555,-125.78719,-3.30278,-13.7926,33.95319,-20.62877,CHA_16U20,CHA_16U9,USABBCary3,USA Baseball,USA,20250625-USABBCary3-4,4668f8f0-5219-11f0-8a37-53b6fd546738,84.2602,NA,NA,9.99007,NA,NA,NA,NA,NA,NA,3640e600-30e5-454d-afeb-3dce868d1233,2025-06-25,23:08:15,2025-06-25T23:08:15Z,2025-06-25T23:08:15Z,NA,v3,NA,NA,NA,"Day, Hunter",10167489,Right,CHA_16U9,f6583f2a-3f64-45b8-a8b3-587ffe560678,54.88563,-127.0991,16.97659,5.31462,-2.5057,-10.31439,-1.19947,2.64848,-6.8963,NA,NA,NA,NA,NA,NA,NA,NA,NA,NA,NA,NA,NA,NA,NA,NA,NA,NA,NA,NA,NA,NA,NA,NA,NA,NA,NA,NA,NA,NA,NA,NA,NA,NA,NA,NA,NA,NA,NA,NA,NA,NA,NA,NA,NA,NA,NA,NA,NA,NA,High,High,High,NA,NA,NA,NA,NA,NA,NA,NA,NA,NA,NA,NA,NA,NA,NA,NA,NA,NA,NA,NA,NA,NA,NA,NA,NA,NA,NA,NA,NA,NA,NA,NA,NA,NA,NA,NA,NA,NA,NA,NA,NA,NA,NA,NA,NA,NA,NA,NA,NA,NA,NA,NA,NA,NA,NA,NA,NA,NA
NA,NA,NA,NA,NA,NA,NA,NA,NA,NA,NA,NA,NA,NA,NA,NA,123,2025-06-25,19:08:29,1,2,"Kauffman, Justin",1000112303,Right,CHA_16U9,"Mason, Eli",10300015,Right,CHA_16U20,Undefined,4,Bottom,0,0,1,Undefined,Curveball,FoulBallNotFieldable,Undefined,Undefined,Undefined,0,0,NA,76.08033,2.054743,-1.823661,2497.245218,50.539378,07:45:00,5.24947,1.31377,5.34689,-58.60519,-7.78733,-11.90989,2.29486,-1.3899,68.04561,-8.657999,-3.939239,0.513074,NA,NA,NA,NA,NA,NA,NA,NA,NA,NA,NA,5.42477,-4.4215,-1.14015,50,5.39209,3.94943,-110.07757,2.02652,6.4326,25.64716,-37.41699,CHA_16U20,CHA_16U9,USABBCary3,USA Baseball,USA,20250625-USABBCary3-4,4f2d3c30-5219-11f0-8a37-53b6fd546738,73.464,NA,NA,8.03472,NA,NA,NA,NA,NA,NA,3640e600-30e5-454d-afeb-3dce868d1233,2025-06-25,23:08:29,2025-06-25T23:08:29Z,2025-06-25T23:08:29Z,NA,v3,NA,NA,NA,"Day, Hunter",10167489,Right,CHA_16U9,72b79618-15e0-4971-b8a7-63e5c21740d2,55.15426,-111.27199,12.82358,5.25714,3.76907,-18.7085,-1.3171,3.64986,3.2163,NA,NA,NA,NA,NA,NA,NA,NA,NA,NA,NA,NA,NA,NA,NA,NA,NA,NA,NA,NA,NA,NA,NA,NA,NA,NA,NA,NA,NA,NA,NA,NA,NA,NA,NA,NA,NA,NA,NA,NA,NA,NA,NA,NA,NA,NA,NA,NA,NA,NA,High,High,High,NA,NA,NA,NA,NA,NA,NA,NA,NA,NA,NA,NA,NA,NA,NA,NA,NA,NA,NA,NA,NA,NA,NA,NA,NA,NA,NA,NA,NA,NA,NA,NA,NA,NA,NA,NA,NA,NA,NA,NA,NA,NA,NA,NA,NA,NA,NA,NA,NA,NA,NA,NA,NA,NA,NA,NA,NA,NA
NA,NA,NA,NA,NA,NA,NA,NA,NA,NA,NA,NA,NA,NA,NA,NA,124,2025-06-25,19:08:48,1,3,"Kauffman, Justin",1000112303,Right,CHA_16U9,"Mason, Eli",10300015,Right,CHA_16U20,Undefined,4,Bottom,0,0,2,Undefined,Four-Seam,BallCalled,Undefined,Undefined,Undefined,0,0,NA,85.39511,1.551801,0.063712,2116.487734,205.840217,12:45:00,5.35768,1.1159,6.0493,-26.57639,12.2632,5.23827,4.5799,1.6114,76.41758,-3.48922,1.006311,0.448548,NA,NA,NA,NA,NA,NA,NA,NA,NA,NA,NA,-2.6574,6.1951599999999996,-1.12356,50,5.46442,-0.35246,-123.78386,2.55447,-4.03579,29.5873,-22.76544,CHA_16U20,CHA_16U9,USABBCary3,USA Baseball,USA,20250625-USABBCary3-4,5a7ff280-5219-11f0-8a37-53b6fd546738,84.03219,NA,NA,8.97753,NA,NA,NA,NA,NA,NA,3640e600-30e5-454d-afeb-3dce868d1233,2025-06-25,23:08:48,2025-06-25T23:08:48Z,2025-06-25T23:08:48Z,NA,v3,NA,NA,NA,"Day, Hunter",10167489,Right,CHA_16U9,f8c9fcb2-28ab-4030-afd1-c366dab5d9fc,54.44559,-124.84194,14.79365,5.35851,3.36859,-11.38272,-1.11353,-0.20813,-2.01789,NA,NA,NA,NA,NA,NA,NA,NA,NA,NA,NA,NA,NA,NA,NA,NA,NA,NA,NA,NA,NA,NA,NA,NA,NA,NA,NA,NA,NA,NA,NA,NA,NA,NA,NA,NA,NA,NA,NA,NA,NA,NA,NA,NA,NA,NA,NA,NA,NA,NA,High,High,High,NA,NA,NA,NA,NA,NA,NA,NA,NA,NA,NA,NA,NA,NA,NA,NA,NA,NA,NA,NA,NA,NA,NA,NA,NA,NA,NA,NA,NA,NA,NA,NA,NA,NA,NA,NA,NA,NA,NA,NA,NA,NA,NA,NA,NA,NA,NA,NA,NA,NA,NA,NA,NA,NA,NA,NA,NA,NA
NA,NA,NA,NA,NA,NA,NA,NA,NA,NA,NA,NA,NA,NA,NA,NA,125,2025-06-25,19:09:03,1,4,"Kauffman, Justin",1000112303,Right,CHA_16U9,"Mason, Eli",10300015,Right,CHA_16U20,Undefined,4,Bottom,0,1,2,Undefined,Four-Seam,BallCalled,Undefined,Undefined,Undefined,0,0,NA,86.4862,-2.826287,-3.454832,2177.154473,209.94927,01:00:00,5.33155,0.87703,5.94356,-22.5919,15.63737,8.15532,0.82035,-1.65192,77.65182,-7.103172,-1.992597,0.44501,NA,NA,NA,NA,NA,NA,NA,NA,NA,NA,NA,-5.30827,9.38733,-0.60586,50,5.09335,7.1999,-124.99389,-6.84841,-8.22273,30.09458,-17.63274,CHA_16U20,CHA_16U9,USABBCary3,USA Baseball,USA,20250625-USABBCary3-4,6379c4b0-5219-11f0-8a37-53b6fd546738,84.70029,NA,NA,8.83438,NA,NA,NA,NA,NA,NA,3640e600-30e5-454d-afeb-3dce868d1233,2025-06-25,23:09:03,2025-06-25T23:09:03Z,2025-06-25T23:09:03Z,NA,v3,NA,NA,NA,"Day, Hunter",10167489,Right,CHA_16U9,ad951ede-feec-486e-b25f-27540aefb14a,54.5504,-126.08472,15.04729,5.33,-6.20928,-8.81637,-0.87224,7.49795,-4.11136,NA,NA,NA,NA,NA,NA,NA,NA,NA,NA,NA,NA,NA,NA,NA,NA,NA,NA,NA,NA,NA,NA,NA,NA,NA,NA,NA,NA,NA,NA,NA,NA,NA,NA,NA,NA,NA,NA,NA,NA,NA,NA,NA,NA,NA,NA,NA,NA,NA,NA,High,High,High,NA,NA,NA,NA,NA,NA,NA,NA,NA,NA,NA,NA,NA,NA,NA,NA,NA,NA,NA,NA,NA,NA,NA,NA,NA,NA,NA,NA,NA,NA,NA,NA,NA,NA,NA,NA,NA,NA,NA,NA,NA,NA,NA,NA,NA,NA,NA,NA,NA,NA,NA,NA,NA,NA,NA,NA,NA,NA
NA,NA,NA,NA,NA,NA,NA,NA,NA,NA,NA,NA,NA,NA,NA,NA,126,2025-06-25,19:09:33,1,5,"Kauffman, Justin",1000112303,Right,CHA_16U9,"Mason, Eli",10300015,Right,CHA_16U20,Undefined,4,Bottom,0,2,2,Undefined,Curveball,FoulBallNotFieldable,Undefined,Undefined,Undefined,0,0,NA,80.08522,-0.617383,-0.944005,2531.502433,43.007789,07:30:00,5.37619,1.12898,5.50661,-47.09983,-2.7231900000000002,-3.87933,0.87372,-0.07722,73.50957,-9.193488,-1.637006,0.479456,NA,NA,NA,NA,NA,NA,NA,NA,NA,NA,NA,1.70276,-0.8674,-1.04382,50,5.29016,2.06558,-116.2786,-2.85279,2.31632,23.10666,-33.35402,CHA_16U20,CHA_16U9,USABBCary3,USA Baseball,USA,20250625-USABBCary3-4,7529d060-5219-11f0-8a37-53b6fd546738,78.61503,NA,NA,6.57565,NA,NA,NA,NA,NA,NA,3640e600-30e5-454d-afeb-3dce868d1233,2025-06-25,23:09:33,2025-06-25T23:09:33Z,2025-06-25T23:09:33Z,NA,v3,NA,NA,NA,"Day, Hunter",10167489,Right,CHA_16U9,f47e50a6-5461-44ac-a90e-2dcb5e87447d,54.99489,-117.26697,11.55333,5.38167,-1.42609,-16.67701,-1.13005,1.96651,1.15816,NA,NA,NA,NA,NA,NA,NA,NA,NA,NA,NA,NA,NA,NA,NA,NA,NA,NA,NA,NA,NA,NA,NA,NA,NA,NA,NA,NA,NA,NA,NA,NA,NA,NA,NA,NA,NA,NA,NA,NA,NA,NA,NA,NA,NA,NA,NA,NA,NA,NA,High,High,High,NA,NA,NA,NA,NA,NA,NA,NA,NA,NA,NA,NA,NA,NA,NA,NA,NA,NA,NA,NA,NA,NA,NA,NA,NA,NA,NA,NA,NA,NA,NA,NA,NA,NA,NA,NA,NA,NA,NA,NA,NA,NA,NA,NA,NA,NA,NA,NA,NA,NA,NA,NA,NA,NA,NA,NA,NA,NA
NA,NA,NA,NA,NA,NA,NA,NA,NA,NA,NA,NA,NA,NA,NA,NA,127,2025-06-25,19:09:50,1,6,"Kauffman, Justin",1000112303,Right,CHA_16U9,"Mason, Eli",10300015,Right,CHA_16U20,Undefined,4,Bottom,0,2,2,Undefined,Four-Seam,InPlay,Undefined,FlyBall,Error,0,0,NA,87.0782,-1.131136,-2.053016,2312.708835,206.902012,01:00:00,5.35451,1.07231,6.20024,-24.00533,12.72158,5.81709,2.3091,-0.3389,79.05559,-5.665032,-1.003265,0.436178,77.70773,47.841629,-14.077913,NA,103.20641,97.98675,-38.05826,227.56275,111.57077,-24.139141,5.199618,-3.65173,7.30701,-0.92081,50,5.25737,4.30144,-126.38463,-3.21138,-5.84996,28.05808,-20.46842,CHA_16U20,CHA_16U9,USABBCary3,USA Baseball,USA,20250625-USABBCary3-4,7f875140-5219-11f0-8a37-53b6fd546738,86.4153,101.52547,NA,8.02261,NA,NA,NA,2.18988,4.01165,-0.19368,3640e600-30e5-454d-afeb-3dce868d1233,2025-06-25,23:09:50,2025-06-25T23:09:50Z,2025-06-25T23:09:50Z,FlyBall,v3,NA,NA,NA,"Day, Hunter",10167489,Right,CHA_16U9,273daa7d-3b71-4bd3-9762-78999a5d178c,54.2982,-127.33527,14.02904,5.35443,-2.51788,-10.23421,-1.06991,4.49965,-2.92498,159.839725,2.19404,74.10236,-18.31457,4.53505,-0.52281,-0.08941,0.04489,-0.00643,3.2e-4,4.00706,84.57145,-21.2223,1.73692,-0.32303,0.04493,0.00233,-0.00157,1.2e-4,-0.19321,-18.61977,-1.30104,0.81516,-0.18868,0.00907,0.00565,-0.00118,7e-5,NA,NA,NA,NA,NA,NA,NA,NA,NA,NA,NA,NA,NA,NA,NA,NA,NA,NA,NA,NA,NA,NA,High,High,High,Medium,Low,NA,NA,NA,NA,NA,NA,NA,NA,NA,NA,NA,NA,NA,NA,NA,NA,NA,NA,NA,NA,NA,NA,NA,NA,NA,NA,NA,NA,NA,NA,NA,NA,NA,NA,NA,NA,NA,NA,NA,NA,NA,NA,NA,NA,NA,NA,NA,NA,NA,NA,NA,NA,NA,NA,NA,NA
NA,NA,NA,NA,NA,NA,NA,NA,NA,NA,NA,NA,NA,NA,NA,NA,128,2025-06-25,19:10:41,2,1,"Kauffman, Justin",1000112303,Right,CHA_16U9,"Kim, Taehan",1000237570,Right,CHA_16U20,Undefined,4,Bottom,0,0,0,Undefined,Cutter,BallCalled,Undefined,Undefined,Undefined,0,0,NA,83.97583,-0.320466,-3.683581,2158.690133,191.737338,12:30:00,5.38091,1.13072,6.09532,-25.9545,13.47965,2.54158,2.921,-2.06928,76.797,-5.191171,-3.227289,0.451968,NA,NA,NA,NA,NA,NA,NA,NA,NA,NA,NA,-2.3298,7.42382,-0.84795,50,5.34248,7.73983,-121.77249,-1.44849,-3.49799,23.93189,-21.02788,CHA_16U20,CHA_16U9,USABBCary3,USA Baseball,USA,20250625-USABBCary3-4,9d803310-5219-11f0-8a37-53b6fd546738,83.39628,NA,NA,7.17882,NA,NA,NA,NA,NA,NA,3640e600-30e5-454d-afeb-3dce868d1233,2025-06-25,23:10:41,2025-06-25T23:10:41Z,2025-06-25T23:10:41Z,NA,v3,NA,NA,NA,"Day, Hunter",10167489,Right,CHA_16U9,f39fadcd-8f5a-44c8-be90-475d4143f2fe,54.40203,-122.63457,11.96595,5.38102,-0.69102,-10.51394,-1.12903,7.86583,-1.74899,NA,NA,NA,NA,NA,NA,NA,NA,NA,NA,NA,NA,NA,NA,NA,NA,NA,NA,NA,NA,NA,NA,NA,NA,NA,NA,NA,NA,NA,NA,NA,NA,NA,NA,NA,NA,NA,NA,NA,NA,NA,NA,NA,NA,NA,NA,NA,NA,NA,NA,High,High,High,NA,NA,NA,NA,NA,NA,NA,NA,NA,NA,NA,NA,NA,NA,NA,NA,NA,NA,NA,NA,NA,NA,NA,NA,NA,NA,NA,NA,NA,NA,NA,NA,NA,NA,NA,NA,NA,NA,NA,NA,NA,NA,NA,NA,NA,NA,NA,NA,NA,NA,NA,NA,NA,NA,NA,NA,NA,NA
NA,NA,NA,NA,NA,NA,NA,NA,NA,NA,NA,NA,NA,NA,NA,NA,129,2025-06-25,19:11:18,2,2,"Kauffman, Justin",1000112303,Right,CHA_16U9,"Kim, Taehan",1000237570,Right,CHA_16U20,Undefined,4,Bottom,0,1,0,Undefined,Four-Seam,BallCalled,Undefined,Undefined,Undefined,0,0,NA,86.27563,-0.918679,0.073613,1968.381151,199.709746,12:45:00,5.34753,1.26777,5.95596,-24.70777,13.11355,4.22425,2.43652,1.68805,78.13504,-5.571522,0.833074,0.442629,NA,NA,NA,NA,NA,NA,NA,NA,NA,NA,NA,-2.12854,7.40237,-1.27588,50,5.26088,-0.33686,-125.18456,-2.76871,-3.33933,27.952,-20.56094,CHA_16U20,CHA_16U9,USABBCary3,USA Baseball,USA,20250625-USABBCary3-4,b3e58970-5219-11f0-8a37-53b6fd546738,85.15585,NA,NA,8.14059,NA,NA,NA,NA,NA,NA,3640e600-30e5-454d-afeb-3dce868d1233,2025-06-25,23:11:18,2025-06-25T23:11:18Z,2025-06-25T23:11:18Z,NA,v3,NA,NA,NA,"Day, Hunter",10167489,Right,CHA_16U9,657d0a4b-6f08-47d1-8d12-41d4c79f0a9b,54.53982,-126.19417,13.976,5.34747,-2.02606,-10.28047,-1.26589,-0.21624,-1.66967,NA,NA,NA,NA,NA,NA,NA,NA,NA,NA,NA,NA,NA,NA,NA,NA,NA,NA,NA,NA,NA,NA,NA,NA,NA,NA,NA,NA,NA,NA,NA,NA,NA,NA,NA,NA,NA,NA,NA,NA,NA,NA,NA,NA,NA,NA,NA,NA,NA,NA,High,High,High,NA,NA,NA,NA,NA,NA,NA,NA,NA,NA,NA,NA,NA,NA,NA,NA,NA,NA,NA,NA,NA,NA,NA,NA,NA,NA,NA,NA,NA,NA,NA,NA,NA,NA,NA,NA,NA,NA,NA,NA,NA,NA,NA,NA,NA,NA,NA,NA,NA,NA,NA,NA,NA,NA,NA,NA,NA,NA
NA,NA,NA,NA,NA,NA,NA,NA,NA,NA,NA,NA,NA,NA,NA,NA,130,2025-06-25,19:11:43,2,3,"Kauffman, Justin",1000112303,Right,CHA_16U9,"Kim, Taehan",1000237570,Right,CHA_16U20,Undefined,4,Bottom,0,2,0,Undefined,Curveball,BallCalled,Undefined,Undefined,Undefined,0,0,NA,75.62649,-0.334938,-2.98504,2450.716865,47.362916,07:30:00,5.28989,1.20537,5.63057,-57.68161,-8.0893,-10.45882,0.17015,-2.45392,69.91829,-10.782609,-4.854048,0.506849,NA,NA,NA,NA,NA,NA,NA,NA,NA,NA,NA,4.4515,-3.58142,-0.94419,50,5.22421,6.10252,-109.7405,-2.49325,5.39719,20.46609,-36.51633,CHA_16U20,CHA_16U9,USABBCary3,USA Baseball,USA,20250625-USABBCary3-4,c2a7c400-5219-11f0-8a37-53b6fd546738,74.36622,NA,NA,5.7082,NA,NA,NA,NA,NA,NA,3640e600-30e5-454d-afeb-3dce868d1233,2025-06-25,23:11:43,2025-06-25T23:11:43Z,2025-06-25T23:11:43Z,NA,v3,NA,NA,NA,"Day, Hunter",10167489,Right,CHA_16U9,24e681ad-ed56-42fb-9d6e-8d4ce03c7008,54.87204,-110.64538,10.23304,5.29875,-0.87873,-18.25816,-1.20873,5.86389,2.6986,NA,NA,NA,NA,NA,NA,NA,NA,NA,NA,NA,NA,NA,NA,NA,NA,NA,NA,NA,NA,NA,NA,NA,NA,NA,NA,NA,NA,NA,NA,NA,NA,NA,NA,NA,NA,NA,NA,NA,NA,NA,NA,NA,NA,NA,NA,NA,NA,NA,NA,High,High,High,NA,NA,NA,NA,NA,NA,NA,NA,NA,NA,NA,NA,NA,NA,NA,NA,NA,NA,NA,NA,NA,NA,NA,NA,NA,NA,NA,NA,NA,NA,NA,NA,NA,NA,NA,NA,NA,NA,NA,NA,NA,NA,NA,NA,NA,NA,NA,NA,NA,NA,NA,NA,NA,NA,NA,NA,NA,NA
NA,NA,NA,NA,NA,NA,NA,NA,NA,NA,NA,NA,NA,NA,NA,NA,131,2025-06-25,19:12:10,2,4,"Kauffman, Justin",1000112303,Right,CHA_16U9,"Kim, Taehan",1000237570,Right,CHA_16U20,Undefined,4,Bottom,0,3,0,Undefined,Four-Seam,BallCalled,Walk,Undefined,Undefined,0,0,NA,84.7127,0.043787,1.283203,2037.828354,199.065173,12:45:00,5.41234,1.03019,5.98397,-23.36111,15.78796,4.99225,3.50617,2.63579,76.7202,-4.382022,2.180157,0.450331,NA,NA,NA,NA,NA,NA,NA,NA,NA,NA,NA,-2.19799,8.50756,-1.1344,50,5.40304,-2.94729,-122.9741,-0.58902,-3.32649,27.0461,-19.29844,CHA_16U20,CHA_16U9,USABBCary3,USA Baseball,USA,20250625-USABBCary3-4,d2cb1530-5219-11f0-8a37-53b6fd546738,83.69932,NA,NA,7.9925,NA,NA,NA,NA,NA,NA,3640e600-30e5-454d-afeb-3dce868d1233,2025-06-25,23:12:10,2025-06-25T23:12:10Z,2025-06-25T23:12:10Z,NA,v3,NA,NA,NA,"Day, Hunter",10167489,Right,CHA_16U9,332f8cb1-91ef-4d5b-badc-c67a3551b69a,54.51541,-123.96321,13.52305,5.41168,0.11675,-9.64922,-1.02884,-2.82563,-1.66324,NA,NA,NA,NA,NA,NA,NA,NA,NA,NA,NA,NA,NA,NA,NA,NA,NA,NA,NA,NA,NA,NA,NA,NA,NA,NA,NA,NA,NA,NA,NA,NA,NA,NA,NA,NA,NA,NA,NA,NA,NA,NA,NA,NA,NA,NA,NA,NA,NA,NA,High,High,High,NA,NA,NA,NA,NA,NA,NA,NA,NA,NA,NA,NA,NA,NA,NA,NA,NA,NA,NA,NA,NA,NA,NA,NA,NA,NA,NA,NA,NA,NA,NA,NA,NA,NA,NA,NA,NA,NA,NA,NA,NA,NA,NA,NA,NA,NA,NA,NA,NA,NA,NA,NA,NA,NA,NA,NA,NA,NA
NA,NA,NA,NA,NA,NA,NA,NA,NA,NA,NA,NA,NA,NA,NA,NA,132,2025-06-25,19:12:56,3,1,"Kauffman, Justin",1000112303,Right,CHA_16U9,"Vladic, Tyler",10271568,Left,CHA_16U20,Undefined,4,Bottom,0,0,0,Undefined,Cutter,InPlay,Undefined,Bunt,Single,0,1,NA,85.81196,-0.707934,-0.796532,2201.775839,183.986358,12:15:00,5.35115,1.23089,5.91884,-25.49056,12.71607,0.79488,2.56986,0.55788,77.86363,-5.496735,-0.653745,0.444878,NA,NA,NA,NA,NA,NA,NA,NA,NA,NA,NA,-0.6535,7.11886,-1.16756,50,5.28007,1.69969,-124.55725,-2.33158,-1.01643,27.34352,-21.1016,CHA_16U20,CHA_16U9,USABBCary3,USA Baseball,USA,20250625-USABBCary3-4,ee4fe9c0-5219-11f0-8a37-53b6fd546738,84.72535,NA,NA,7.94833,NA,NA,NA,NA,NA,NA,3640e600-30e5-454d-afeb-3dce868d1233,2025-06-25,23:12:56,2025-06-25T23:12:56Z,2025-06-25T23:12:56Z,NA,v3,NA,NA,NA,"Day, Hunter",10167489,Right,CHA_16U9,34631e5d-9568-42c7-a854-9b95277879a0,54.57929,-125.5585,13.67176,5.3513,-1.55889,-10.5508,-1.23047,1.73691,-0.50822,NA,NA,NA,NA,NA,NA,NA,NA,NA,NA,NA,NA,NA,NA,NA,NA,NA,NA,NA,NA,NA,NA,NA,NA,NA,NA,NA,NA,NA,NA,NA,NA,NA,NA,NA,NA,NA,NA,NA,NA,NA,NA,NA,NA,NA,NA,NA,NA,NA,NA,High,High,High,NA,NA,NA,NA,NA,NA,NA,NA,NA,NA,NA,NA,NA,NA,NA,NA,NA,NA,NA,NA,NA,NA,NA,NA,NA,NA,NA,NA,NA,NA,NA,NA,NA,NA,NA,NA,NA,NA,NA,NA,NA,NA,NA,NA,NA,NA,NA,NA,NA,NA,NA,NA,NA,NA,NA,NA,NA,NA
NA,NA,NA,NA,NA,NA,NA,NA,NA,NA,NA,NA,NA,NA,NA,NA,133,2025-06-25,19:13:51,4,1,"Kauffman, Justin",1000112303,Right,CHA_16U9,"Kurz, Jordan",1000267849,Right,CHA_16U20,Undefined,4,Bottom,0,0,0,Undefined,Four-Seam,InPlay,Undefined,Bunt,Error,0,1,NA,85.72335,-1.37914,-1.206397,2168.418586,199.679261,12:45:00,5.31812,1.2982,5.90897,-23.77415,14.06166,4.61595,2.0563,0.56292,78.78911,-5.824471,-0.377454,0.442714,32.0957,-22.520064,23.115067,NA,NA,NA,NA,5.85647,5.72349,8.738063,0.072487,-2.7149200000000002,7.93961,-1.20411,50,5.19379,2.44251,-124.56463,-3.7366,-4.27977,24.24586,-19.65811,CHA_16U20,CHA_16U9,USABBCary3,USA Baseball,USA,20250625-USABBCary3-4,0ec9d120-521a-11f0-8a37-53b6fd546738,85.13953,1.31896,NA,6.93424,NA,NA,NA,2.86278,1.31896,-0.35913,3640e600-30e5-454d-afeb-3dce868d1233,2025-06-25,23:13:51,2025-06-25T23:13:51Z,2025-06-25T23:13:51Z,GroundBall,v3,NA,NA,NA,"Day, Hunter",10167489,Right,CHA_16U9,ee419406-337a-47e6-94a8-5c9bfb2346e6,54.59164,-125.45518,12.12293,5.31777,-3.01456,-9.82905,-1.29672,2.5997,-2.13989,180,2.85848,40.36191,NA,NA,NA,NA,NA,NA,NA,1.3209,-18.1958,NA,NA,NA,NA,NA,NA,NA,-0.36097,17.22836,NA,NA,NA,NA,NA,NA,NA,NA,NA,NA,NA,NA,NA,NA,NA,NA,NA,NA,NA,NA,NA,NA,NA,NA,NA,NA,NA,NA,NA,High,High,High,Low,Low,NA,NA,NA,NA,NA,NA,NA,NA,NA,NA,NA,NA,NA,NA,NA,NA,NA,NA,NA,NA,NA,NA,NA,NA,NA,NA,NA,NA,NA,NA,NA,NA,NA,NA,NA,NA,NA,NA,NA,NA,NA,NA,NA,NA,NA,NA,NA,NA,NA,NA,NA,NA,NA,NA,NA,NA
NA,NA,NA,NA,NA,NA,NA,NA,NA,NA,NA,NA,NA,NA,NA,NA,134,2025-06-25,19:14:41,5,1,"Kauffman, Justin",1000112303,Right,CHA_16U9,"Stevenson, Cooper",10069120,Left,CHA_16U20,Undefined,4,Bottom,0,0,0,Undefined,Curveball,StrikeSwinging,Undefined,Undefined,Undefined,0,0,NA,76.16851,0.258047,-0.811855,2506.191746,50.960544,07:45:00,5.36736,1.2099,5.37251,-58.81991,-9.26603,-13.46804,0.70766,-0.67364,69.81913,-10.395367,-3.213446,0.506653,NA,NA,NA,NA,NA,NA,NA,NA,NA,NA,NA,6.53252,-4.27898,-1.12723,50,5.34863,2.08136,-110.55324,-1.48554,7.98628,21.95072,-37.40527,CHA_16U20,CHA_16U9,USABBCary3,USA Baseball,USA,20250625-USABBCary3-4,2cdd18c0-521a-11f0-8a37-53b6fd546738,74.39502,NA,NA,6.34937,NA,NA,NA,NA,NA,NA,3640e600-30e5-454d-afeb-3dce868d1233,2025-06-25,23:14:41,2025-06-25T23:14:41Z,2025-06-25T23:14:41Z,NA,v3,NA,NA,NA,"Day, Hunter",10167489,Right,CHA_16U9,10b9d70a-036e-4113-95b0-2ed57b5ddacc,55.1296,-111.56709,10.97536,5.37734,0.24211,-18.70264,-1.21484,1.71249,3.99314,NA,NA,NA,NA,NA,NA,NA,NA,NA,NA,NA,NA,NA,NA,NA,NA,NA,NA,NA,NA,NA,NA,NA,NA,NA,NA,NA,NA,NA,NA,NA,NA,NA,NA,NA,NA,NA,NA,NA,NA,NA,NA,NA,NA,NA,NA,NA,NA,NA,NA,High,High,High,NA,NA,NA,NA,NA,NA,NA,NA,NA,NA,NA,NA,NA,NA,NA,NA,NA,NA,NA,NA,NA,NA,NA,NA,NA,NA,NA,NA,NA,NA,NA,NA,NA,NA,NA,NA,NA,NA,NA,NA,NA,NA,NA,NA,NA,NA,NA,NA,NA,NA,NA,NA,NA,NA,NA,NA,NA,NA
NA,NA,NA,NA,NA,NA,NA,NA,NA,NA,NA,NA,NA,NA,NA,NA,135,2025-06-25,19:15:01,5,2,"Kauffman, Justin",1000112303,Right,CHA_16U9,"Stevenson, Cooper",10069120,Left,CHA_16U20,Undefined,4,Bottom,0,0,1,Undefined,Sinker,InPlay,Undefined,GroundBall,Single,0,1,NA,86.79637,-1.091798,-1.600774,2157.567554,222.453113,01:30:00,5.39496,1.02193,6.27463,-21.77293,15.53324,12.90725,2.5736,0.62154,77.78806,-5.264338,0.732675,0.439604,79.38649,2.101843,-25.665917,3164.78055,NA,NA,NA,65.02877,59.29112,-28.313028,0.581629,-7.23811,8.84182,-0.90959,50,5.30377,3.0011,-125.86257,-2.99959,-11.34795,30.93446,-18.31176,CHA_16U20,CHA_16U9,USABBCary3,USA Baseball,USA,20250625-USABBCary3-4,38f65360-521a-11f0-8a37-53b6fd546738,85.74177,2.81936,NA,9.00831,NA,NA,NA,1.38802,2.51911,-0.64186,3640e600-30e5-454d-afeb-3dce868d1233,2025-06-25,23:15:01,2025-06-25T23:15:01Z,2025-06-25T23:15:01Z,GroundBall,v3,NA,NA,NA,"Day, Hunter",10167489,Right,CHA_16U9,95836515-a409-4b33-b34c-7b82c0cc0fc7,54.22163,-126.89591,15.46723,5.39375,-2.3879,-9.15588,-1.01617,3.38017,-5.67398,97.20267,1.40633,104.4524,-14.56389,NA,NA,NA,NA,NA,NA,2.5267,4.09618,-14.53375,NA,NA,NA,NA,NA,NA,-0.63177,-50.63069,-2.28119,NA,NA,NA,NA,NA,NA,NA,NA,NA,NA,NA,NA,NA,NA,NA,NA,NA,NA,NA,NA,NA,NA,NA,NA,NA,NA,NA,NA,High,High,High,High,High,NA,NA,NA,NA,NA,NA,NA,NA,NA,NA,NA,NA,NA,NA,NA,NA,NA,NA,NA,NA,NA,NA,NA,NA,NA,NA,NA,NA,NA,NA,NA,NA,NA,NA,NA,NA,NA,NA,NA,NA,NA,NA,NA,NA,NA,NA,NA,NA,NA,NA,NA,NA,NA,NA,NA,NA
NA,NA,NA,NA,NA,NA,NA,NA,NA,NA,NA,NA,NA,NA,NA,NA,136,2025-06-25,19:15:44,6,1,"Kauffman, Justin",1000112303,Right,CHA_16U9,"Brown, Codey",10315575,Right,CHA_16U20,Undefined,4,Bottom,0,0,0,Undefined,Curveball,BallCalled,Undefined,Undefined,Undefined,0,1,NA,79.71584,-1.156865,-0.582342,2406.657054,56.420153,08:00:00,5.34993,1.08917,5.63395,-48.30896,-3.45036,-7.50496,0.24464,-0.07959,72.88526,-9.967949,-1.927396,0.482052,NA,NA,NA,NA,NA,NA,NA,NA,NA,NA,NA,3.64847,-0.98799,-1.03465,50,5.22048,1.46422,-115.67997,-3.9507,4.87977,24.18951,-33.49551,CHA_16U20,CHA_16U9,USABBCary3,USA Baseball,USA,20250625-USABBCary3-4,523bbf40-521a-11f0-8a37-53b6fd546738,78.19158,NA,NA,6.83057,NA,NA,NA,NA,NA,NA,3640e600-30e5-454d-afeb-3dce868d1233,2025-06-25,23:15:44,2025-06-25T23:15:44Z,2025-06-25T23:15:44Z,NA,v3,NA,NA,NA,"Day, Hunter",10167489,Right,CHA_16U9,680ab726-3888-4f13-ad20-6b6beb91ac9c,54.86644,-116.69314,12.09475,5.35657,-2.54775,-16.74775,-1.0917,1.25983,2.43989,NA,NA,NA,NA,NA,NA,NA,NA,NA,NA,NA,NA,NA,NA,NA,NA,NA,NA,NA,NA,NA,NA,NA,NA,NA,NA,NA,NA,NA,NA,NA,NA,NA,NA,NA,NA,NA,NA,NA,NA,NA,NA,NA,NA,NA,NA,NA,NA,NA,NA,High,High,High,NA,NA,NA,NA,NA,NA,NA,NA,NA,NA,NA,NA,NA,NA,NA,NA,NA,NA,NA,NA,NA,NA,NA,NA,NA,NA,NA,NA,NA,NA,NA,NA,NA,NA,NA,NA,NA,NA,NA,NA,NA,NA,NA,NA,NA,NA,NA,NA,NA,NA,NA,NA,NA,NA,NA,NA,NA,NA
NA,NA,NA,NA,NA,NA,NA,NA,NA,NA,NA,NA,NA,NA,NA,NA,137,2025-06-25,19:17:19,6,2,"Kauffman, Justin",1000112303,Right,CHA_16U9,"Brown, Codey",10315575,Right,CHA_16U20,Undefined,4,Bottom,0,1,0,Undefined,Slider,StrikeCalled,Undefined,Undefined,Undefined,0,0,NA,85.28451,-1.313652,-2.67148,2264.353743,172.021929,11:45:00,5.38639,1.15689,6.15957,-26.77809,11.61686,-1.4448,1.93977,-1.43326,77.55735,-6.340018,-2.931739,0.445973,NA,NA,NA,NA,NA,NA,NA,NA,NA,NA,NA,-0.06902,6.80233,-0.95333,50,5.2729799999999996,5.82819,-123.68246,-3.64365,-0.10595,26.75141,-21.73241,CHA_16U20,CHA_16U9,USABBCary3,USA Baseball,USA,20250625-USABBCary3-4,8aa54680-521a-11f0-8a37-53b6fd546738,84.51735,NA,NA,7.72716,NA,NA,NA,NA,NA,NA,3640e600-30e5-454d-afeb-3dce868d1233,2025-06-25,23:17:19,2025-06-25T23:17:19Z,2025-06-25T23:17:19Z,NA,v3,NA,NA,NA,"Day, Hunter",10167489,Right,CHA_16U9,d3873aec-975e-41f7-bc73-f4c2b4031d58,54.3373,-124.61704,13.37571,5.38701,-2.88441,-10.86621,-1.15701,5.83188,-0.05297,NA,NA,NA,NA,NA,NA,NA,NA,NA,NA,NA,NA,NA,NA,NA,NA,NA,NA,NA,NA,NA,NA,NA,NA,NA,NA,NA,NA,NA,NA,NA,NA,NA,NA,NA,NA,NA,NA,NA,NA,NA,NA,NA,NA,NA,NA,NA,NA,NA,NA,High,High,High,NA,NA,NA,NA,NA,NA,NA,NA,NA,NA,NA,NA,NA,NA,NA,NA,NA,NA,NA,NA,NA,NA,NA,NA,NA,NA,NA,NA,NA,NA,NA,NA,NA,NA,NA,NA,NA,NA,NA,NA,NA,NA,NA,NA,NA,NA,NA,NA,NA,NA,NA,NA,NA,NA,NA,NA,NA,NA
NA,NA,NA,NA,NA,NA,NA,NA,NA,NA,NA,NA,NA,NA,NA,NA,138,2025-06-25,19:18:01,6,3,"Kauffman, Justin",1000112303,Right,CHA_16U9,"Brown, Codey",10315575,Right,CHA_16U20,Undefined,4,Bottom,0,1,1,Undefined,Slider,BallCalled,Undefined,Undefined,Undefined,0,0,NA,79.90872,0.050756,0.606412,2345.767228,120.709809,10:00:00,5.42558,1.09875,5.49255,-42.27046,3.06642,-2.2691,1.95052,1.47696,71.89384,-7.740801,0.201609,0.484615,NA,NA,NA,NA,NA,NA,NA,NA,NA,NA,NA,1.34654,2.04764,-1.15027,50,5.40191,-1.13264,-115.75934,-1.31969,1.78652,26.08669,-29.45734,CHA_16U20,CHA_16U9,USABBCary3,USA Baseball,USA,20250625-USABBCary3-4,a438d260-521a-11f0-8a37-53b6fd546738,77.77805,NA,NA,8.01488,NA,NA,NA,NA,NA,NA,3640e600-30e5-454d-afeb-3dce868d1233,2025-06-25,23:18:01,2025-06-25T23:18:01Z,2025-06-25T23:18:01Z,NA,v3,NA,NA,NA,"Day, Hunter",10167489,Right,CHA_16U9,182b817f-f0de-4d32-a2f1-cdfa763db48c,55.00311,-116.88137,13.04335,5.43143,-0.05269,-14.72867,-1.0999,-1.2094800000000001,0.89326,NA,NA,NA,NA,NA,NA,NA,NA,NA,NA,NA,NA,NA,NA,NA,NA,NA,NA,NA,NA,NA,NA,NA,NA,NA,NA,NA,NA,NA,NA,NA,NA,NA,NA,NA,NA,NA,NA,NA,NA,NA,NA,NA,NA,NA,NA,NA,NA,NA,NA,High,High,High,NA,NA,NA,NA,NA,NA,NA,NA,NA,NA,NA,NA,NA,NA,NA,NA,NA,NA,NA,NA,NA,NA,NA,NA,NA,NA,NA,NA,NA,NA,NA,NA,NA,NA,NA,NA,NA,NA,NA,NA,NA,NA,NA,NA,NA,NA,NA,NA,NA,NA,NA,NA,NA,NA,NA,NA,NA,NA
NA,NA,NA,NA,NA,NA,NA,NA,NA,NA,NA,NA,NA,NA,NA,NA,139,2025-06-25,19:18:22,6,4,"Kauffman, Justin",1000112303,Right,CHA_16U9,"Brown, Codey",10315575,Right,CHA_16U20,Undefined,4,Bottom,0,2,1,Undefined,Slider,FoulBallNotFieldable,Undefined,Undefined,Undefined,0,0,NA,84.86297,-2.175509,-1.842046,2215.599844,204.145279,12:45:00,5.31619,1.10536,5.98731,-26.04702,12.79737,5.16028,1.12727,-0.17246,77.54828,-7.04296,-0.913969,0.448575,59.37837,-44.22189,-123.131541,NA,NA,NA,NA,1.66115,1.66115,-31.965417,0.01987,-3.20996,7.59752,-0.96292,50,5.13003,3.75969,-123.13935,-5.47717,-4.905,25.55128,-20.56466,CHA_16U20,CHA_16U9,USABBCary3,USA Baseball,USA,20250625-USABBCary3-4,b08d4140-521a-11f0-8a37-53b6fd546738,84.027,1.2099,NA,7.31468,NA,NA,NA,2.08877,1.2099,0.16167,3640e600-30e5-454d-afeb-3dce868d1233,2025-06-25,23:18:22,2025-06-25T23:18:22Z,2025-06-25T23:18:22Z,GroundBall,v3,NA,NA,NA,"Day, Hunter",10167489,Right,CHA_16U9,e18c84f3-7c3f-4b83-9a6a-b0d4d0924986,54.51209,-124.07207,12.77564,5.31627,-4.72648,-10.28233,-1.10343,3.93874,-2.4525,NA,2.08904,-34.19653,NA,NA,NA,NA,NA,NA,NA,1.21039,-60.88979,NA,NA,NA,NA,NA,NA,NA,0.16208,-52.39431,NA,NA,NA,NA,NA,NA,NA,NA,NA,NA,NA,NA,NA,NA,NA,NA,NA,NA,NA,NA,NA,NA,NA,NA,NA,NA,NA,NA,NA,High,High,High,Estimated,Estimated,NA,NA,NA,NA,NA,NA,NA,NA,NA,NA,NA,NA,NA,NA,NA,NA,NA,NA,NA,NA,NA,NA,NA,NA,NA,NA,NA,NA,NA,NA,NA,NA,NA,NA,NA,NA,NA,NA,NA,NA,NA,NA,NA,NA,NA,NA,NA,NA,NA,NA,NA,NA,NA,NA,NA,NA
NA,NA,NA,NA,NA,NA,NA,NA,NA,NA,NA,NA,NA,NA,NA,NA,140,2025-06-25,19:18:53,6,5,"Kauffman, Justin",1000112303,Right,CHA_16U9,"Brown, Codey",10315575,Right,CHA_16U20,Undefined,4,Bottom,0,2,2,Undefined,Four-Seam,BallCalled,Undefined,Undefined,Undefined,0,0,NA,86.10181,-1.405876,0.328211,2160.581879,199.474727,12:45:00,5.48571,0.88403,5.81562,-22.12718,15.85028,5.15666,2.33428,1.61893,78.40459,-5.570865,1.25271,0.443541,NA,NA,NA,NA,NA,NA,NA,NA,NA,NA,NA,-2.52575,8.87839,-0.91394,50,5.35755,-0.93099,-124.96073,-3.7419,-3.97189,26.46436,-18.21218,CHA_16U20,CHA_16U9,USABBCary3,USA Baseball,USA,20250625-USABBCary3-4,c31695f0-521a-11f0-8a37-53b6fd546738,84.98065,NA,NA,7.69722,NA,NA,NA,NA,NA,NA,3640e600-30e5-454d-afeb-3dce868d1233,2025-06-25,23:18:53,2025-06-25T23:18:53Z,2025-06-25T23:18:53Z,NA,v3,NA,NA,NA,"Day, Hunter",10167489,Right,CHA_16U9,2dab9854-a57b-4323-8b2b-d8c7a4e6e813,54.68137,-125.94825,13.23218,5.48449,-3.06231,-9.10609,-0.88197,-0.78278,-1.98594,NA,NA,NA,NA,NA,NA,NA,NA,NA,NA,NA,NA,NA,NA,NA,NA,NA,NA,NA,NA,NA,NA,NA,NA,NA,NA,NA,NA,NA,NA,NA,NA,NA,NA,NA,NA,NA,NA,NA,NA,NA,NA,NA,NA,NA,NA,NA,NA,NA,NA,High,High,High,NA,NA,NA,NA,NA,NA,NA,NA,NA,NA,NA,NA,NA,NA,NA,NA,NA,NA,NA,NA,NA,NA,NA,NA,NA,NA,NA,NA,NA,NA,NA,NA,NA,NA,NA,NA,NA,NA,NA,NA,NA,NA,NA,NA,NA,NA,NA,NA,NA,NA,NA,NA,NA,NA,NA,NA,NA,NA
NA,NA,NA,NA,NA,NA,NA,NA,NA,NA,NA,NA,NA,NA,NA,NA,141,2025-06-25,19:19:34,6,6,"Kauffman, Justin",1000112303,Right,CHA_16U9,"Brown, Codey",10315575,Right,CHA_16U20,Undefined,4,Bottom,0,3,2,Undefined,Four-Seam,InPlay,Undefined,GroundBall,Out,1,0,NA,86.39125,-1.2718,-1.350378,2172.647198,210.294068,01:00:00,5.36644,1.14683,5.88463,-25.57399,11.84194,6.22918,2.05374,0.41171,79.15742,-6.041961,-0.232107,0.44025,72.87282,-4.492526,-31.028374,NA,NA,NA,NA,24.2855,22.89679,-30.075576,0.211879,-3.58906,6.77284,-1.04158,50,5.24902,2.7086,-125.48302,-3.60397,-5.72156,25.43259,-21.377,CHA_16U20,CHA_16U9,USABBCary3,USA Baseball,USA,20250625-USABBCary3-4,db222240-521a-11f0-8a37-53b6fd546738,85.61594,2.29808,NA,7.23383,NA,NA,NA,1.86296,2.29808,-0.48904,3640e600-30e5-454d-afeb-3dce868d1233,2025-06-25,23:19:34,2025-06-25T23:19:34Z,2025-06-25T23:19:34Z,GroundBall,v3,NA,NA,NA,"Day, Hunter",10167489,Right,CHA_16U9,121ad4a8-e24b-4411-9695-6059d73cb993,54.61532,-126.41498,12.71629,5.3667299999999996,-2.82063,-10.6885,-1.14468,2.91826,-2.86078,137.716113,1.86312,91.29546,-4.25601,NA,NA,NA,NA,NA,NA,2.29814,-8.37526,-11.66698,NA,NA,NA,NA,NA,NA,-0.48906,-54.92179,-0.99367,NA,NA,NA,NA,NA,NA,NA,NA,NA,NA,NA,NA,NA,NA,NA,NA,NA,NA,NA,NA,NA,NA,NA,NA,NA,NA,NA,NA,High,High,High,Medium,High,NA,NA,NA,NA,NA,NA,NA,NA,NA,NA,NA,NA,NA,NA,NA,NA,NA,NA,NA,NA,NA,NA,NA,NA,NA,NA,NA,NA,NA,NA,NA,NA,NA,NA,NA,NA,NA,NA,NA,NA,NA,NA,NA,NA,NA,NA,NA,NA,NA,NA,NA,NA,NA,NA,NA,NA
NA,NA,NA,NA,NA,NA,NA,NA,NA,NA,NA,NA,NA,NA,NA,NA,142,2025-06-25,19:20:09,7,1,"Kauffman, Justin",1000112303,Right,CHA_16U9,"Anderson, Landon",10941266,Right,CHA_16U20,Undefined,4,Bottom,1,0,0,Undefined,Slider,BallCalled,Undefined,Undefined,Undefined,0,0,NA,79.14666,0.688531,1.421604,2352.838226,138.040495,10:30:00,5.4215,1.0004,5.55361,-39.7616,5.51583,-3.65047,2.75162,2.02481,72.36113,-6.629116,0.770363,0.484298,NA,NA,NA,NA,NA,NA,NA,NA,NA,NA,NA,2.24788,3.03886,-1.12087,50,5.45491,-2.70692,-114.86514,0.07865,2.99506,21.81559,-28.12504,CHA_16U20,CHA_16U9,USABBCary3,USA Baseball,USA,20250625-USABBCary3-4,f060fa00-521a-11f0-8a37-53b6fd546738,77.82908,NA,NA,6.78553,NA,NA,NA,NA,NA,NA,3640e600-30e5-454d-afeb-3dce868d1233,2025-06-25,23:20:09,2025-06-25T23:20:09Z,2025-06-25T23:20:09Z,NA,v3,NA,NA,NA,"Day, Hunter",10167489,Right,CHA_16U9,fc627701-ce5a-42af-8923-18ac84e383c3,54.94469,-115.80045,10.9078,5.42569,1.28446,-14.06252,-1.00207,-2.83532,1.49753,NA,NA,NA,NA,NA,NA,NA,NA,NA,NA,NA,NA,NA,NA,NA,NA,NA,NA,NA,NA,NA,NA,NA,NA,NA,NA,NA,NA,NA,NA,NA,NA,NA,NA,NA,NA,NA,NA,NA,NA,NA,NA,NA,NA,NA,NA,NA,NA,NA,NA,High,High,High,NA,NA,NA,NA,NA,NA,NA,NA,NA,NA,NA,NA,NA,NA,NA,NA,NA,NA,NA,NA,NA,NA,NA,NA,NA,NA,NA,NA,NA,NA,NA,NA,NA,NA,NA,NA,NA,NA,NA,NA,NA,NA,NA,NA,NA,NA,NA,NA,NA,NA,NA,NA,NA,NA,NA,NA,NA,NA
NA,NA,NA,NA,NA,NA,NA,NA,NA,NA,NA,NA,NA,NA,NA,NA,143,2025-06-25,19:20:25,7,2,"Kauffman, Justin",1000112303,Right,CHA_16U9,"Anderson, Landon",10941266,Right,CHA_16U20,Undefined,4,Bottom,1,1,0,Undefined,Cutter,InPlay,Undefined,GroundBall,Out,1,1,NA,85.9448,-0.860434,-1.5547,2256.688054,189.79522,12:15:00,5.49534,0.81626,5.89684,-21.80733,16.22072,2.58047,2.87887,-0.41245,78.14343,-4.981867,-1.091691,0.443837,63.89036,-58.248021,-71.797516,NA,NA,NA,NA,3.15381,2.31698,-25.178396,0.03688,-1.79087,8.94863,-0.69264,50,5.41369,3.28187,-124.74576,-2.52558,-2.80299,26.67122,-18.16804,CHA_16U20,CHA_16U9,USABBCary3,USA Baseball,USA,20250625-USABBCary3-4,f9def050-521a-11f0-8a37-53b6fd546738,84.92408,2.9541,NA,7.80137,NA,NA,NA,2.28307,2.9541,0.39496,3640e600-30e5-454d-afeb-3dce868d1233,2025-06-25,23:20:25,2025-06-25T23:20:25Z,2025-06-25T23:20:25Z,GroundBall,v3,NA,NA,NA,"Day, Hunter",10167489,Right,CHA_16U9,7352fca5-3309-4294-80f3-7913e97d61e1,54.6017,-125.72577,13.33561,5.49423,-1.85801,-9.08402,-0.81513,3.38487,-1.40149,NA,2.28259,15.48477,NA,NA,NA,NA,NA,NA,NA,2.95659,-80.09951,NA,NA,NA,NA,NA,NA,NA,0.39642,-47.0903,NA,NA,NA,NA,NA,NA,NA,NA,NA,NA,NA,NA,NA,NA,NA,NA,NA,NA,NA,NA,NA,NA,NA,NA,NA,NA,NA,NA,NA,High,High,High,Estimated,Estimated,NA,NA,NA,NA,NA,NA,NA,NA,NA,NA,NA,NA,NA,NA,NA,NA,NA,NA,NA,NA,NA,NA,NA,NA,NA,NA,NA,NA,NA,NA,NA,NA,NA,NA,NA,NA,NA,NA,NA,NA,NA,NA,NA,NA,NA,NA,NA,NA,NA,NA,NA,NA,NA,NA,NA,NA
NA,NA,NA,NA,NA,NA,NA,NA,NA,NA,NA,NA,NA,NA,NA,NA,144,2025-06-25,19:21:01,8,1,"Kauffman, Justin",1000112303,Right,CHA_16U9,"Mattoom, Chase",1000451590,Right,CHA_16U20,Undefined,4,Bottom,2,0,0,Undefined,Curveball,BallCalled,Undefined,Undefined,Undefined,0,0,NA,75.08143,2.652137,1.975474,2460.356124,58.380992,08:00:00,5.35037,1.07177,5.23432,-57.69645,-6.563,-13.37615,3.03853,1.81471,68.52856,-7.830424,-0.396142,0.514664,NA,NA,NA,NA,NA,NA,NA,NA,NA,NA,NA,7.21496,-3.49122,-1.24337,50,5.55179,-3.22761,-108.81943,3.08003,8.60547,20.04251,-36.3381,CHA_16U20,CHA_16U9,USABBCary3,USA Baseball,USA,20250625-USABBCary3-4,0f27b320-521b-11f0-8a37-53b6fd546738,73.23696,NA,NA,6.55287,NA,NA,NA,NA,NA,NA,3640e600-30e5-454d-afeb-3dce868d1233,2025-06-25,23:21:01,2025-06-25T23:21:01Z,2025-06-25T23:21:01Z,NA,v3,NA,NA,NA,"Day, Hunter",10167489,Right,CHA_16U9,92d3dbef-86c1-4f61-bea5-ba2faa204444,55.26678,-109.78519,10.02125,5.36119,4.831,-18.16905,-1.07785,-3.64226,4.30273,NA,NA,NA,NA,NA,NA,NA,NA,NA,NA,NA,NA,NA,NA,NA,NA,NA,NA,NA,NA,NA,NA,NA,NA,NA,NA,NA,NA,NA,NA,NA,NA,NA,NA,NA,NA,NA,NA,NA,NA,NA,NA,NA,NA,NA,NA,NA,NA,NA,NA,High,High,High,NA,NA,NA,NA,NA,NA,NA,NA,NA,NA,NA,NA,NA,NA,NA,NA,NA,NA,NA,NA,NA,NA,NA,NA,NA,NA,NA,NA,NA,NA,NA,NA,NA,NA,NA,NA,NA,NA,NA,NA,NA,NA,NA,NA,NA,NA,NA,NA,NA,NA,NA,NA,NA,NA,NA,NA,NA,NA
NA,NA,NA,NA,NA,NA,NA,NA,NA,NA,NA,NA,NA,NA,NA,NA,145,2025-06-25,19:21:16,8,2,"Kauffman, Justin",1000112303,Right,CHA_16U9,"Mattoom, Chase",1000451590,Right,CHA_16U20,Undefined,4,Bottom,2,1,0,Undefined,Sinker,InPlay,Undefined,LineDrive,Double,0,0,NA,84.97757,-0.830154,-0.941992,1960.791591,224.96317,01:30:00,5.36046,0.85664,5.86725,-26.91383,12.43512,10.97406,2.34634,0.89603,76.55369,-5.890965,1.027827,0.451479,97.23856,23.727723,-24.784083,1957.564786,98.13091,42.18589,-49.70191,344.16769,334.69069,-30.894605,4.055148,-5.94926,7.04709,-0.78688,50,5.27782,1.5828,-123.23877,-2.62269,-8.9818,28.67891,-21.53485,CHA_16U20,CHA_16U9,USABBCary3,USA Baseball,USA,20250625-USABBCary3-4,18322720-521b-11f0-8a37-53b6fd546738,83.48651,54.956,NA,8.42388,NA,NA,NA,1.94837,2.40449,-0.82381,3640e600-30e5-454d-afeb-3dce868d1233,2025-06-25,23:21:16,2025-06-25T23:21:16Z,2025-06-25T23:21:16Z,LineDrive,v3,NA,NA,NA,"Day, Hunter",10167489,Right,CHA_16U9,0e4b7588-3466-44fb-aeca-5ebc4485eea7,54.63036,-124.31163,14.33945,5.36086,-1.81708,-10.76742,-0.85238,1.9188,-4.4909,145.273318,1.94798,118.5468,-22.37494,5.40181,-1.38681,0.38558,-0.09305,0.01378,-8.5e-4,2.40519,57.36818,-17.03947,0.6814,0.20668,-0.17551,0.05878,-0.00909,5.3e-4,-0.82305,-54.75205,3.65791,-0.20371,0.05848,-0.05608,0.02127,-0.00376,2.5e-4,NA,NA,NA,NA,NA,NA,NA,NA,NA,NA,NA,NA,NA,NA,NA,NA,NA,NA,NA,NA,NA,NA,High,High,High,High,High,NA,NA,NA,NA,NA,NA,NA,NA,NA,NA,NA,NA,NA,NA,NA,NA,NA,NA,NA,NA,NA,NA,NA,NA,NA,NA,NA,NA,NA,NA,NA,NA,NA,NA,NA,NA,NA,NA,NA,NA,NA,NA,NA,NA,NA,NA,NA,NA,NA,NA,NA,NA,NA,NA,NA,NA
NA,NA,NA,NA,NA,NA,NA,NA,NA,NA,NA,NA,NA,NA,NA,NA,146,2025-06-25,19:22:04,9,1,"Kauffman, Justin",1000112303,Right,CHA_16U9,"Leoff, Parker",1000244073,Left,CHA_16U20,Undefined,4,Bottom,2,0,0,Undefined,Changeup,InPlay,Undefined,LineDrive,Single,0,1,NA,85.43852,-0.448804,-1.392339,2030.402928,206.270464,01:00:00,5.44721,1.06781,5.91868,-27.46293,10.94233,4.77425,2.742,0.17328,77.81075,-5.5844,-0.534903,0.446033,85.38228,11.332901,-25.896209,4222.69244,94.78344,10.84999,-55.82069,165.06773,165.06773,-32.907168,1.680857,-2.86331,6.11646,-0.95902,50,5.3957,2.82322,-124.04545,-1.84138,-4.43541,26.16181,-22.69933,CHA_16U20,CHA_16U9,USABBCary3,USA Baseball,USA,20250625-USABBCary3-4,34bad720-521b-11f0-8a37-53b6fd546738,84.50599,11.89268,NA,7.62777,NA,NA,NA,0.6689,2.70227,-0.14922,3640e600-30e5-454d-afeb-3dce868d1233,2025-06-25,23:22:04,2025-06-25T23:22:04Z,2025-06-25T23:22:04Z,LineDrive,v3,NA,NA,NA,"Day, Hunter",10167489,Right,CHA_16U9,214611c9-3271-48f6-80db-695158ab7e3d,54.5798,-125.00762,13.08091,5.44807,-1.00655,-11.34967,-1.06585,2.98634,-2.21771,106.555185,0.6689,110.45616,-22.58109,4.65445,-0.98892,0.17826,-0.0308,0.00438,-3.4e-4,2.70227,24.60829,-17.33151,1.24444,-0.15885,0.02024,-3.7e-4,-1e-4,-1e-5,-0.14922,-53.62562,-1.78054,2.0089,-0.73537,0.2078,-0.04793,0.00808,-7e-4,NA,NA,NA,NA,NA,NA,NA,NA,NA,NA,NA,NA,NA,NA,NA,NA,NA,NA,NA,NA,NA,NA,High,High,High,High,High,NA,NA,NA,NA,NA,NA,NA,NA,NA,NA,NA,NA,NA,NA,NA,NA,NA,NA,NA,NA,NA,NA,NA,NA,NA,NA,NA,NA,NA,NA,NA,NA,NA,NA,NA,NA,NA,NA,NA,NA,NA,NA,NA,NA,NA,NA,NA,NA,NA,NA,NA,NA,NA,NA,NA,NA
NA,NA,NA,NA,NA,NA,NA,NA,NA,NA,NA,NA,NA,NA,NA,NA,147,2025-06-25,19:22:45,10,1,"Kauffman, Justin",1000112303,Right,CHA_16U9,"Spencer, Talon",1000451147,Left,CHA_16U20,Undefined,4,Bottom,2,0,0,Undefined,Slider,StrikeCalled,Undefined,Undefined,Undefined,0,0,NA,75.43626,0.614424,0.766462,2378.618465,81.281504,08:45:00,5.3921,1.06646,5.56597,-51.42129,-1.21701,-19.1893,1.68105,0.18341,68.7696,-8.801648,-2.663819,0.509967,NA,NA,NA,NA,NA,NA,NA,NA,NA,NA,NA,9.94815,-0.30125999999999997,-1.11963,50,5.41142,-0.74656,-109.47746,-0.46711,11.91963,21.62559,-32.53499,CHA_16U20,CHA_16U9,USABBCary3,USA Baseball,USA,20250625-USABBCary3-4,4d9488e0-521b-11f0-8a37-53b6fd546738,73.91158,NA,NA,6.66666,NA,NA,NA,NA,NA,NA,3640e600-30e5-454d-afeb-3dce868d1233,2025-06-25,23:22:45,2025-06-25T23:22:45Z,2025-06-25T23:22:45Z,NA,v3,NA,NA,NA,"Day, Hunter",10167489,Right,CHA_16U9,d928a120-c423-4553-8857-86d16fe5b8bf,54.93446,-110.44789,10.8128,5.39963,0.99286,-16.26749,-1.07413,-1.28144,5.95981,NA,NA,NA,NA,NA,NA,NA,NA,NA,NA,NA,NA,NA,NA,NA,NA,NA,NA,NA,NA,NA,NA,NA,NA,NA,NA,NA,NA,72.23934,NA,1.144218,NA,0.11989,1.47716,-0.12213,0.74753,6.25462,1.87548,NA,NA,NA,0.83959,104.18062,-7.8264,6.2868,10.35602,-12.70449,1.82413,-5.96874,3.27923,High,High,High,NA,NA,High,High,High,NA,NA,NA,NA,NA,NA,NA,NA,NA,NA,NA,NA,NA,NA,NA,NA,NA,NA,NA,NA,NA,NA,NA,NA,NA,NA,NA,NA,NA,NA,NA,NA,NA,NA,NA,NA,NA,NA,NA,NA,NA,NA,NA,NA,NA,NA,NA,NA,NA,NA,NA,NA,NA
NA,NA,NA,NA,NA,NA,NA,NA,NA,NA,NA,NA,NA,NA,NA,NA,148,2025-06-25,19:23:23,10,2,"Kauffman, Justin",1000112303,Right,CHA_16U9,"Spencer, Talon",1000451147,Left,CHA_16U20,Undefined,4,Bottom,2,0,1,Undefined,Slider,BallCalled,Undefined,Undefined,Undefined,0,0,NA,79.06979,-0.753389,1.027985,2220.475584,158.180723,11:15:00,5.44503,1.06857,5.53879,-40.38439,5.21524,-1.47228,1.37535,1.9068,72.20211,-8.168396,0.765075,0.486018,NA,NA,NA,NA,NA,NA,NA,NA,NA,NA,NA,1.05902,3.29122,-1.1567,50,5.35288,-2.00165,-114.72492,-2.8264,1.39959,22.88561,-27.82439,CHA_16U20,CHA_16U9,USABBCary3,USA Baseball,USA,20250625-USABBCary3-4,63ebd580-521b-11f0-8a37-53b6fd546738,77.55365,NA,NA,6.86768,NA,NA,NA,NA,NA,NA,3640e600-30e5-454d-afeb-3dce868d1233,2025-06-25,23:23:23,2025-06-25T23:23:23Z,2025-06-25T23:23:23Z,NA,v3,NA,NA,NA,"Day, Hunter",10167489,Right,CHA_16U9,f4d02f92-fc22-4a11-976c-85b20888ae29,54.96021,-115.71017,11.44281,5.44878,-1.62854,-13.9122,-1.06924,-2.06191,0.6998,NA,NA,NA,NA,NA,NA,NA,NA,NA,NA,NA,NA,NA,NA,NA,NA,NA,NA,NA,NA,NA,NA,NA,NA,NA,NA,NA,NA,NA,NA,NA,NA,NA,NA,NA,NA,NA,NA,NA,NA,NA,NA,NA,NA,NA,NA,NA,NA,NA,NA,High,High,High,NA,NA,NA,NA,NA,NA,NA,NA,NA,NA,NA,NA,NA,NA,NA,NA,NA,NA,NA,NA,NA,NA,NA,NA,NA,NA,NA,NA,NA,NA,NA,NA,NA,NA,NA,NA,NA,NA,NA,NA,NA,NA,NA,NA,NA,NA,NA,NA,NA,NA,NA,NA,NA,NA,NA,NA,NA,NA
NA,NA,NA,NA,NA,NA,NA,NA,NA,NA,NA,NA,NA,NA,NA,NA,149,2025-06-25,19:24:10,10,3,"Kauffman, Justin",1000112303,Right,CHA_16U9,"Spencer, Talon",1000451147,Left,CHA_16U20,Undefined,4,Bottom,2,1,1,Undefined,Curveball,BallCalled,Undefined,Undefined,Undefined,0,0,NA,75.08078,1.857119,-0.43112,2459.027947,62.990875,08:00:00,5.42113,1.13166,5.59542,-56.70472,-6.00008,-15.17973,2.43033,-0.53585,68.32823,-8.520817,-3.14348,0.512502,NA,NA,NA,NA,NA,NA,NA,NA,NA,NA,NA,7.51386,-3.06847,-1.08474,50,5.54387,1.39041,-108.9199,1.70464,8.90334,21.56617,-35.80995,CHA_16U20,CHA_16U9,USABBCary3,USA Baseball,USA,20250625-USABBCary3-4,7fc64420-521b-11f0-8a37-53b6fd546738,73.54597,NA,NA,6.75255,NA,NA,NA,NA,NA,NA,3640e600-30e5-454d-afeb-3dce868d1233,2025-06-25,23:24:10,2025-06-25T23:24:10Z,2025-06-25T23:24:10Z,NA,v3,NA,NA,NA,"Day, Hunter",10167489,Right,CHA_16U9,e0e6fd29-087e-4464-82f6-f2db20d4437a,54.905029999999996,-109.8868,10.78308,5.43145,3.31015,-17.90497,-1.13813,0.99123000000000006,4.45167,NA,NA,NA,NA,NA,NA,NA,NA,NA,NA,NA,NA,NA,NA,NA,NA,NA,NA,NA,NA,NA,NA,NA,NA,NA,NA,NA,NA,67.70606,NA,0.951194,NA,-0.54119,2.12933,0.64509,-0.91064,6.62516,-3.67857,NA,NA,NA,-0.89943,71.01282,-3.77132,6.64352,3.1853,-13.18132,-3.72174,-68.49669,8.60767,High,High,High,NA,NA,High,High,High,NA,NA,NA,NA,NA,NA,NA,NA,NA,NA,NA,NA,NA,NA,NA,NA,NA,NA,NA,NA,NA,NA,NA,NA,NA,NA,NA,NA,NA,NA,NA,NA,NA,NA,NA,NA,NA,NA,NA,NA,NA,NA,NA,NA,NA,NA,NA,NA,NA,NA,NA,NA,NA
NA,NA,NA,NA,NA,NA,NA,NA,NA,NA,NA,NA,NA,NA,NA,NA,150,2025-06-25,19:25:06,10,4,"Kauffman, Justin",1000112303,Right,CHA_16U9,"Spencer, Talon",1000451147,Left,CHA_16U20,Undefined,4,Bottom,2,2,1,Undefined,Slider,BallCalled,Undefined,Undefined,Undefined,0,0,NA,79.28926,-0.984255,0.811607,2287.804075,111.514344,09:45:00,5.33212,1.10893,5.65976,-41.78463,3.39323,-4.72221,0.93202,1.47233,72.42023,-8.65795,-0.034117,0.483765,NA,NA,NA,NA,NA,NA,NA,NA,NA,NA,NA,2.66536,2.4315,-1.17448,50,5.22229,-1.45077,-115.06973,-3.32676,3.53885,23.29446,-28.9457,CHA_16U20,CHA_16U9,USABBCary3,USA Baseball,USA,20250625-USABBCary3-4,a14602c0-521b-11f0-8a37-53b6fd546738,77.91481,NA,NA,6.86903,NA,NA,NA,NA,NA,NA,3640e600-30e5-454d-afeb-3dce868d1233,2025-06-25,23:25:06,2025-06-25T23:25:06Z,2025-06-25T23:25:06Z,NA,v3,NA,NA,NA,"Day, Hunter",10167489,Right,CHA_16U9,b1d3715d-1a26-4147-9b1b-1f4c84eb4e00,54.83988,-116.04537,11.64723,5.33624,-2.11443,-14.47285,-1.11061,-1.59899,1.76943,NA,NA,NA,NA,NA,NA,NA,NA,NA,NA,NA,NA,NA,NA,NA,NA,NA,NA,NA,NA,NA,NA,NA,NA,NA,NA,NA,NA,NA,NA,NA,NA,NA,NA,NA,NA,NA,NA,NA,NA,NA,NA,NA,NA,NA,NA,NA,NA,NA,NA,High,High,High,NA,NA,NA,NA,NA,NA,NA,NA,NA,NA,NA,NA,NA,NA,NA,NA,NA,NA,NA,NA,NA,NA,NA,NA,NA,NA,NA,NA,NA,NA,NA,NA,NA,NA,NA,NA,NA,NA,NA,NA,NA,NA,NA,NA,NA,NA,NA,NA,NA,NA,NA,NA,NA,NA,NA,NA,NA,NA
NA,NA,NA,NA,NA,NA,NA,NA,NA,NA,NA,NA,NA,NA,NA,NA,151,2025-06-25,19:25:25,10,5,"Kauffman, Justin",1000112303,Right,CHA_16U9,"Spencer, Talon",1000451147,Left,CHA_16U20,Undefined,4,Bottom,2,3,1,Undefined,Slider,FoulBallNotFieldable,Undefined,Undefined,Undefined,0,0,NA,85.44906,-0.478196,-0.287258,2048.906861,190.669471,12:15:00,5.29994,0.94581,5.75608,-26.13612,12.35091,2.09461,2.67678,0.85296,78.05842,-5.355603,0.087887,0.446507,121.77479,-33.147967,-98.843969,NA,NA,NA,NA,5.88642,5.88642,-71.934253,0.035658,-1.15685,6.79697,-0.92331,50,5.24445,0.53763,-124.11291,-1.87704,-1.80008,25.40482,-21.59782,CHA_16U20,CHA_16U9,USABBCary3,USA Baseball,USA,20250625-USABBCary3-4,aca14490-521b-11f0-8a37-53b6fd546738,84.41618,3.48805,NA,7.39064,NA,NA,NA,2.64656,3.48805,-0.31885,3640e600-30e5-454d-afeb-3dce868d1233,2025-06-25,23:25:25,2025-06-25T23:25:25Z,2025-06-25T23:25:25Z,GroundBall,v3,NA,NA,NA,"Day, Hunter",10167489,Right,CHA_16U9,5b93c157-b962-4232-a600-bae0a41fa5fb,54.74334,-125.08006,12.70241,5.30026,-1.05483,-10.79891,-0.94509,0.60615,-0.90004,NA,2.64677,-23.02788,NA,NA,NA,NA,NA,NA,NA,3.48896,-97.81949,NA,NA,NA,NA,NA,NA,NA,-0.31747,-147.99977,NA,NA,NA,NA,NA,NA,NA,NA,NA,NA,NA,NA,NA,NA,NA,NA,NA,NA,NA,NA,NA,NA,NA,NA,NA,NA,NA,NA,NA,High,High,High,Low,Low,NA,NA,NA,NA,NA,NA,NA,NA,NA,NA,NA,NA,NA,NA,NA,NA,NA,NA,NA,NA,NA,NA,NA,NA,NA,NA,NA,NA,NA,NA,NA,NA,NA,NA,NA,NA,NA,NA,NA,NA,NA,NA,NA,NA,NA,NA,NA,NA,NA,NA,NA,NA,NA,NA,NA,NA
NA,NA,NA,NA,NA,NA,NA,NA,NA,NA,NA,NA,NA,NA,NA,NA,152,2025-06-25,19:25:49,10,6,"Kauffman, Justin",1000112303,Right,CHA_16U9,"Spencer, Talon",1000451147,Left,CHA_16U20,Undefined,4,Bottom,2,3,2,Undefined,Slider,InPlay,Undefined,GroundBall,Error,0,1,NA,84.7862,-1.443311,-2.520872,2281.518474,206.940288,01:00:00,5.45576,0.77164,6.15254,-27.83407,11.20044,4.9824,1.80114,-1.14381,76.73458,-6.67522,-1.622761,0.449672,55.97951,-42.178684,7.558372,NA,NA,NA,NA,3.73056,3.73056,22.117579,0.032665,-3.3939,6.65729,-0.58246,50,5.33174,5.21928,-122.93345,-3.93359,-5.11763,27.70154,-22.13557,CHA_16U20,CHA_16U9,USABBCary3,USA Baseball,USA,20250625-USABBCary3-4,bb192fb0-521b-11f0-8a37-53b6fd546738,83.82206,1.80828,NA,8.05162,NA,NA,NA,1.47764,1.80828,1.14208,3640e600-30e5-454d-afeb-3dce868d1233,2025-06-25,23:25:49,2025-06-25T23:25:49Z,2025-06-25T23:25:49Z,GroundBall,v3,NA,NA,NA,"Day, Hunter",10167489,Right,CHA_16U9,1a01dbde-bb28-4e5a-bf43-ed4fb6f65f51,54.34529,-123.90873,13.85077,5.45652,-3.15426,-11.06779,-0.76939,5.39945,-2.55882,NA,1.47632,60.56633,NA,NA,NA,NA,NA,NA,NA,1.80949,-55.35813,NA,NA,NA,NA,NA,NA,NA,1.1419,8.03649,NA,NA,NA,NA,NA,NA,NA,NA,NA,NA,NA,NA,NA,NA,NA,NA,NA,NA,NA,NA,NA,NA,NA,NA,NA,NA,NA,NA,NA,High,High,High,Estimated,Estimated,NA,NA,NA,NA,NA,NA,NA,NA,NA,NA,NA,NA,NA,NA,NA,NA,NA,NA,NA,NA,NA,NA,NA,NA,NA,NA,NA,NA,NA,NA,NA,NA,NA,NA,NA,NA,NA,NA,NA,NA,NA,NA,NA,NA,NA,NA,NA,NA,NA,NA,NA,NA,NA,NA,NA,NA
NA,NA,NA,NA,NA,NA,NA,NA,NA,NA,NA,NA,NA,NA,NA,NA,153,2025-06-25,19:26:30,11,1,"Kauffman, Justin",1000112303,Right,CHA_16U9,"Mason, Eli",10300015,Right,CHA_16U20,Undefined,4,Bottom,2,0,0,Undefined,Slider,BallCalled,Undefined,Undefined,Undefined,0,0,NA,84.4238,-1.910867,-1.613323,2281.434919,206.33013,01:00:00,5.35928,1.14359,6.14644,-25.51419,13.71316,6.10827,1.46601,0.16143,76.65632,-6.717905,-0.511337,0.450781,NA,NA,NA,NA,NA,NA,NA,NA,NA,NA,NA,-3.6704,8.08729,-1.02389,50,5.20066,3.21479,-122.48411,-4.83114,-5.51336,26.7228,-20.02593,CHA_16U20,CHA_16U9,USABBCary3,USA Baseball,USA,20250625-USABBCary3-4,d315a0d0-521b-11f0-8a37-53b6fd546738,83.6158,NA,NA,7.76748,NA,NA,NA,NA,NA,NA,3640e600-30e5-454d-afeb-3dce868d1233,2025-06-25,23:26:30,2025-06-25T23:26:30Z,2025-06-25T23:26:30Z,NA,v3,NA,NA,NA,"Day, Hunter",10167489,Right,CHA_16U9,cf02c00a-c474-4550-8fbb-499328b365a9,54.35167,-123.42988,13.3614,5.3591,-4.12238,-10.01297,-1.14113,3.40992,-2.75668,NA,NA,NA,NA,NA,NA,NA,NA,NA,NA,NA,NA,NA,NA,NA,NA,NA,NA,NA,NA,NA,NA,NA,NA,NA,NA,NA,NA,70.76425,2.719654,1.313843,1.405811,2.63185,1.60781,-0.17254,0.45211,6.32406,-0.27789,127.28106,1.40484,-1.70221,0.59141,101.21639,-7.99351,6.36439,14.1844,-12.63332,-0.33069,-4.20022,2.33077,High,High,High,NA,NA,High,High,Medium,NA,NA,NA,NA,NA,NA,NA,NA,NA,NA,NA,NA,NA,NA,NA,NA,NA,NA,NA,NA,NA,NA,NA,NA,NA,NA,NA,NA,NA,NA,NA,NA,NA,NA,NA,NA,NA,NA,NA,NA,NA,NA,NA,NA,NA,NA,NA,NA,NA,NA,NA,NA,NA
NA,NA,NA,NA,NA,NA,NA,NA,NA,NA,NA,NA,NA,NA,NA,NA,154,2025-06-25,19:27:01,11,2,"Kauffman, Justin",1000112303,Right,CHA_16U9,"Mason, Eli",10300015,Right,CHA_16U20,Undefined,4,Bottom,2,1,0,Undefined,Slider,StrikeCalled,Undefined,Undefined,Undefined,0,0,NA,84.33628,-0.817787,-0.363558,2305.361219,206.848605,01:00:00,5.40168,1.0622,6.28812,-28.06112,10.78355,4.81,2.30953,1.12798,76.90954,-6.093716,0.506857,0.448577,NA,NA,NA,NA,NA,NA,NA,NA,NA,NA,NA,-2.59914,6.2365,-1.0376,50,5.32796,0.59327,-122.53005,-2.57348,-3.92845,25.52688,-22.74797,CHA_16U20,CHA_16U9,USABBCary3,USA Baseball,USA,20250625-USABBCary3-4,e5bcb6b0-521b-11f0-8a37-53b6fd546738,84.02663,NA,NA,7.42674,NA,NA,NA,NA,NA,NA,3640e600-30e5-454d-afeb-3dce868d1233,2025-06-25,23:27:01,2025-06-25T23:27:01Z,2025-06-25T23:27:01Z,NA,v3,NA,NA,NA,"Day, Hunter",10167489,Right,CHA_16U9,85af7b1d-9764-428d-b291-575dfb27e931,54.20954,-123.40391,12.76344,5.40273,-1.79474,-11.37399,-1.06021,0.72775,-1.96423,NA,NA,NA,NA,NA,NA,NA,NA,NA,NA,NA,NA,NA,NA,NA,NA,NA,NA,NA,NA,NA,NA,NA,NA,NA,NA,NA,NA,NA,NA,NA,NA,NA,NA,NA,NA,NA,NA,NA,NA,NA,NA,NA,NA,NA,NA,NA,NA,NA,NA,High,High,High,NA,NA,NA,NA,NA,NA,NA,NA,NA,NA,NA,NA,NA,NA,NA,NA,NA,NA,NA,NA,NA,NA,NA,NA,NA,NA,NA,NA,NA,NA,NA,NA,NA,NA,NA,NA,NA,NA,NA,NA,NA,NA,NA,NA,NA,NA,NA,NA,NA,NA,NA,NA,NA,NA,NA,NA,NA,NA
NA,NA,NA,NA,NA,NA,NA,NA,NA,NA,NA,NA,NA,NA,NA,NA,155,2025-06-25,19:27:22,11,3,"Kauffman, Justin",1000112303,Right,CHA_16U9,"Mason, Eli",10300015,Right,CHA_16U20,Undefined,4,Bottom,2,1,1,Undefined,Four-Seam,FoulBallNotFieldable,Undefined,Undefined,Undefined,0,0,NA,84.43886,-2.325799,-1.392565,2194.473543,202.866843,12:45:00,5.46809,0.87925,6.05384,-24.7393,14.63796,5.58977,1.25175,0.05576,76.67447,-6.982454,-0.385668,0.451642,NA,NA,NA,NA,NA,NA,NA,NA,NA,NA,NA,-3.33957,8.67934,-0.77406,50,5.27398,2.7624,-122.47401,-5.70151,-5.01279,26.84365,-19.14609,CHA_16U20,CHA_16U9,USABBCary3,USA Baseball,USA,20250625-USABBCary3-4,f259a040-521b-11f0-8a37-53b6fd546738,83.45648,NA,NA,7.76439,NA,NA,NA,NA,NA,NA,3640e600-30e5-454d-afeb-3dce868d1233,2025-06-25,23:27:22,2025-06-25T23:27:22Z,2025-06-25T23:27:22Z,NA,v3,NA,NA,NA,"Day, Hunter",10167489,Right,CHA_16U9,62f7d76f-5c0b-4673-87aa-02ab2a0d398b,54.44497,-123.4444,13.42182,5.46758,-5.00938,-9.57304,-0.8772,2.94361,-2.50639,NA,NA,NA,NA,NA,NA,NA,NA,NA,NA,NA,NA,NA,NA,NA,NA,NA,NA,NA,NA,NA,NA,NA,NA,NA,NA,NA,NA,NA,NA,NA,NA,NA,NA,NA,NA,NA,NA,NA,NA,NA,NA,NA,NA,NA,NA,NA,NA,NA,NA,High,High,High,NA,NA,NA,NA,NA,NA,NA,NA,NA,NA,NA,NA,NA,NA,NA,NA,NA,NA,NA,NA,NA,NA,NA,NA,NA,NA,NA,NA,NA,NA,NA,NA,NA,NA,NA,NA,NA,NA,NA,NA,NA,NA,NA,NA,NA,NA,NA,NA,NA,NA,NA,NA,NA,NA,NA,NA,NA,NA
NA,NA,NA,NA,NA,NA,NA,NA,NA,NA,NA,NA,NA,NA,NA,NA,156,2025-06-25,19:27:49,11,4,"Kauffman, Justin",1000112303,Right,CHA_16U9,"Mason, Eli",10300015,Right,CHA_16U20,Undefined,4,Bottom,2,1,2,Undefined,Slider,StrikeSwinging,Strikeout,Undefined,Undefined,0,0,NA,79.74618,1.685599,-0.545639,2207.383048,112.208909,09:45:00,5.35834,0.9343,5.56213,-42.80581,2.18398,-1.52453,3.36649,0.29748,72.19749,-6.20574,-0.817634,0.482757,NA,NA,NA,NA,NA,NA,NA,NA,NA,NA,NA,0.59559,1.06469,-0.88619,50,5.47602,1.16248,-115.61734,1.97075,0.79649,23.97148,-30.7502,CHA_16U20,CHA_16U9,USABBCary3,USA Baseball,USA,20250625-USABBCary3-4,02755050-521c-11f0-8a37-53b6fd546738,78.07751,NA,NA,7.54869,NA,NA,NA,NA,NA,NA,3640e600-30e5-454d-afeb-3dce868d1233,2025-06-25,23:27:49,2025-06-25T23:27:49Z,2025-06-25T23:27:49Z,NA,v3,NA,NA,NA,"Day, Hunter",10167489,Right,CHA_16U9,935f3b7b-c1fd-4a23-9c0c-9366fb6bb610,54.93499,-116.63604,11.98574,5.3645,3.27753,-15.3751,-0.93488,1.12863,0.39824,NA,NA,NA,NA,NA,NA,NA,NA,NA,NA,NA,NA,NA,NA,NA,NA,NA,NA,NA,NA,NA,NA,NA,NA,NA,NA,NA,NA,NA,NA,NA,NA,NA,NA,NA,NA,NA,NA,NA,NA,NA,NA,NA,NA,NA,NA,NA,NA,NA,NA,High,High,High,NA,NA,NA,NA,NA,NA,NA,NA,NA,NA,NA,NA,NA,NA,NA,NA,NA,NA,NA,NA,NA,NA,NA,NA,NA,NA,NA,NA,NA,NA,NA,NA,NA,NA,NA,NA,NA,NA,NA,NA,NA,NA,NA,NA,NA,NA,NA,NA,NA,NA,NA,NA,NA,NA,NA,NA,NA,NA
NA,NA,NA,NA,NA,NA,NA,NA,NA,NA,NA,NA,NA,NA,NA,NA,157,2025-06-25,19:30:00,1,1,"Rice, Tucker",10941267,Right,CHA_16U20,"Price, James",1000323865,Right,CHA_16U9,Undefined,5,Top,0,0,0,Undefined,Changeup,InPlay,Undefined,GroundBall,Out,1,0,NA,82.37511,-0.925573,-2.820406,2193.607874,227.342261,01:30:00,5.61255,1.44284,5.176,-28.53761,14.21064,13.79812,2.36234,-0.06343,74.69997,-6.209692,-0.379001,0.470577,88.70752,-13.014806,-18.80868,NA,NA,NA,NA,13.05783,12.87471,-15.233445,0.084899,-7.79874,7.79552,-1.19144,50,5.50511,5.29871,-119.301,-2.8907,-11.1317,25.00887,-21.04692,CHA_16U20,CHA_16U9,USABBCary3,USA Baseball,USA,20250625-USABBCary3-4,508068c0-521c-11f0-8a37-53b6fd546738,80.09839,2.49264,NA,7.67514,NA,NA,NA,2.39078,2.49264,0.04592,3640e600-30e5-454d-afeb-3dce868d1233,2025-06-25,23:30:00,2025-06-25T23:30:00Z,2025-06-25T23:30:00Z,GroundBall,v3,NA,NA,NA,"Brown, Codey",10315575,Right,CHA_16U20,3f2dd756-d972-4162-a78c-b58544d8198a,55.32299,-120.41168,12.50444,5.61273,-1.95598,-10.52346,-1.43775,5.79309,-5.56585,180,2.38741,120.2399,NA,NA,NA,NA,NA,NA,NA,2.49347,-29.36011,NA,NA,NA,NA,NA,NA,NA,0.04707,-40.95333,NA,NA,NA,NA,NA,NA,NA,NA,NA,NA,NA,NA,NA,NA,NA,NA,NA,NA,NA,NA,NA,NA,NA,NA,NA,NA,NA,NA,NA,High,High,High,High,High,NA,NA,NA,NA,NA,NA,NA,NA,NA,NA,NA,NA,NA,NA,NA,NA,NA,NA,NA,NA,NA,NA,NA,NA,NA,NA,NA,NA,NA,NA,NA,NA,NA,NA,NA,NA,NA,NA,NA,NA,NA,NA,NA,NA,NA,NA,NA,NA,NA,NA,NA,NA,NA,NA,NA,NA
NA,NA,NA,NA,NA,NA,NA,NA,NA,NA,NA,NA,NA,NA,NA,NA,158,2025-06-25,19:30:34,2,1,"Rice, Tucker",10941267,Right,CHA_16U20,"Plyler, Wyatt",1000138215,Right,CHA_16U9,Undefined,5,Top,1,0,0,Undefined,Changeup,StrikeCalled,Undefined,Undefined,Undefined,0,0,NA,83.00497,-0.732759,-3.799761,2237.623349,232.517515,01:45:00,5.601,1.69895,5.2368,-28.37423,13.82694,16.04406,2.54618,-0.54078,74.97038,-6.000498,-0.962012,0.467556,NA,NA,NA,NA,NA,NA,NA,NA,NA,NA,NA,-9.12784,7.5704,-1.36116,50,5.51287,7.27054,-120.04096,-2.49277,-13.16625,25.72217,-21.2543,CHA_16U20,CHA_16U9,USABBCary3,USA Baseball,USA,20250625-USABBCary3-4,64e1ffe0-521c-11f0-8a37-53b6fd546738,80.61589,NA,NA,8.03458,NA,NA,NA,NA,NA,NA,3640e600-30e5-454d-afeb-3dce868d1233,2025-06-25,23:30:34,2025-06-25T23:30:34Z,2025-06-25T23:30:34Z,NA,v3,NA,NA,NA,"Brown, Codey",10315575,Right,CHA_16U20,71937cd5-269a-498e-9fbf-d55c2541bb0e,55.25929,-121.16267,12.86109,5.60137,-1.5659,-10.62715,-1.69074,7.84471,-6.58313,NA,NA,NA,NA,NA,NA,NA,NA,NA,NA,NA,NA,NA,NA,NA,NA,NA,NA,NA,NA,NA,NA,NA,NA,NA,NA,NA,NA,NA,NA,NA,NA,NA,NA,NA,NA,NA,NA,NA,NA,NA,NA,NA,NA,NA,NA,NA,NA,NA,NA,High,High,High,NA,NA,NA,NA,NA,NA,NA,NA,NA,NA,NA,NA,NA,NA,NA,NA,NA,NA,NA,NA,NA,NA,NA,NA,NA,NA,NA,NA,NA,NA,NA,NA,NA,NA,NA,NA,NA,NA,NA,NA,NA,NA,NA,NA,NA,NA,NA,NA,NA,NA,NA,NA,NA,NA,NA,NA,NA,NA
NA,NA,NA,NA,NA,NA,NA,NA,NA,NA,NA,NA,NA,NA,NA,NA,159,2025-06-25,19:30:51,2,2,"Rice, Tucker",10941267,Right,CHA_16U20,"Plyler, Wyatt",1000138215,Right,CHA_16U9,Undefined,5,Top,1,0,1,Undefined,Changeup,FoulBallNotFieldable,Undefined,Undefined,Undefined,0,0,NA,83.43281,-0.463235,-2.416536,2209.906026,230.962641,01:45:00,5.63713,1.28727,5.55432,-27.3208,13.97107,15.36568,2.92717,0.30843,75.16944,-5.580699,0.322421,0.462491,61.50576,39.069051,126.344084,5660.564851,NA,NA,NA,NA,40.46363,NA,NA,-8.57103,7.64063,-1.08882,50,5.57942,4.46472,-120.87312,-1.84927,-12.47699,27.0861,-21.05145,CHA_16U20,CHA_16U9,USABBCary3,USA Baseball,USA,20250625-USABBCary3-4,6ebe42d0-521c-11f0-8a37-53b6fd546738,81.49867,29.59577,NA,8.26337,NA,NA,NA,1.11485,3.01031,-0.23174,3640e600-30e5-454d-afeb-3dce868d1233,2025-06-25,23:30:51,2025-06-25T23:30:51Z,2025-06-25T23:30:51Z,NA,v3,NA,NA,NA,"Brown, Codey",10315575,Right,CHA_16U20,0bc154a9-ec8e-4003-8671-1763e8597292,54.94337,-121.97584,13.54305,5.63726,-0.99224,-10.52573,-1.28092,4.97267,-6.2385,312.313883,1.11485,-41.50595,-1.47608,1.11914,-0.44438,0.46818,-0.66797,0.5599,-0.1932,3.01031,56.85438,-24.07854,2.46962,-0.53802,0.19059,-0.18354,0.14339,-0.04822,-0.23174,56.41253,-8.99105,1.71654,-0.39784,0.24187,-0.32348,0.26555,-0.0907,NA,NA,NA,NA,NA,NA,NA,NA,NA,NA,NA,NA,NA,NA,NA,NA,NA,NA,NA,NA,NA,NA,High,High,High,High,Undefined,NA,NA,NA,NA,NA,NA,NA,NA,NA,NA,NA,NA,NA,NA,NA,NA,NA,NA,NA,NA,NA,NA,NA,NA,NA,NA,NA,NA,NA,NA,NA,NA,NA,NA,NA,NA,NA,NA,NA,NA,NA,NA,NA,NA,NA,NA,NA,NA,NA,NA,NA,NA,NA,NA,NA,NA
NA,NA,NA,NA,NA,NA,NA,NA,NA,NA,NA,NA,NA,NA,NA,NA,160,2025-06-25,19:31:09,2,3,"Rice, Tucker",10941267,Right,CHA_16U20,"Plyler, Wyatt",1000138215,Right,CHA_16U9,Undefined,5,Top,1,0,2,Undefined,Changeup,FoulBallNotFieldable,Undefined,Undefined,Undefined,0,0,NA,82.3958,-1.054163,-2.302076,2206.482793,220.507938,01:15:00,5.71807,1.23294,5.19184,-24.74753,18.27359,14.23103,2.66321,0.25211,74.08243,-5.695544,0.217605,0.472077,61.19143,41.20066,130.053561,5528.137597,NA,NA,NA,NA,41.31359,NA,NA,-7.868,9.91662,-1.03066,50,5.6023,4.18549,-119.24661,-2.98527,-11.12981,26.69368,-18.14634,CHA_16U20,CHA_16U9,USABBCary3,USA Baseball,USA,20250625-USABBCary3-4,7976dc00-521c-11f0-8a37-53b6fd546738,79.84391,32.47807,NA,8.31337,NA,NA,NA,1.36558,2.77414,-0.19756,3640e600-30e5-454d-afeb-3dce868d1233,2025-06-25,23:31:09,2025-06-25T23:31:09Z,2025-06-25T23:31:09Z,NA,v3,NA,NA,NA,"Brown, Codey",10315575,Right,CHA_16U20,2c471573-2d8d-4c1e-aeca-7896c475ef83,55.30485,-120.42826,13.34684,5.71667,-2.18199,-9.07317,-1.22684,4.67818,-5.56491,306.716249,1.36558,-43.4534,-0.65615,0.78393,-0.13021,-0.44052,1.00889,-1.10977,0.50235,2.77414,59.11632,-23.30439,2.24526,-0.43494,0.19552,-0.28175,0.28877,-0.12615,-0.19756,51.68792,-10.09838,2.77552,-0.41524,-0.61063,1.46052,-1.62221,0.73962,NA,NA,NA,NA,NA,NA,NA,NA,NA,NA,NA,NA,NA,NA,NA,NA,NA,NA,NA,NA,NA,NA,High,High,High,High,Undefined,NA,NA,NA,NA,NA,NA,NA,NA,NA,NA,NA,NA,NA,NA,NA,NA,NA,NA,NA,NA,NA,NA,NA,NA,NA,NA,NA,NA,NA,NA,NA,NA,NA,NA,NA,NA,NA,NA,NA,NA,NA,NA,NA,NA,NA,NA,NA,NA,NA,NA,NA,NA,NA,NA,NA,NA
NA,NA,NA,NA,NA,NA,NA,NA,NA,NA,NA,NA,NA,NA,NA,NA,161,2025-06-25,19:31:30,2,4,"Rice, Tucker",10941267,Right,CHA_16U20,"Plyler, Wyatt",1000138215,Right,CHA_16U9,Undefined,5,Top,1,0,2,Undefined,Four-Seam,BallCalled,Undefined,Undefined,Undefined,0,0,NA,83.65763,-0.453081,-2.98198,2178.707305,206.974469,01:00:00,5.84786,1.12267,5.06081,-20.8454,21.36123,10.0306,3.6829,-0.85598,74.65666,-4.411986,-1.212986,0.467586,NA,NA,NA,NA,NA,NA,NA,NA,NA,NA,NA,-5.91351,11.15186,-0.84706,50,5.7892,5.83434,-120.85435,-1.58913,-8.55865,28.25635,-16.03384,CHA_16U20,CHA_16U9,USABBCary3,USA Baseball,USA,20250625-USABBCary3-4,862551c0-521c-11f0-8a37-53b6fd546738,80.61064,NA,NA,9.00097,NA,NA,NA,NA,NA,NA,3640e600-30e5-454d-afeb-3dce868d1233,2025-06-25,23:31:30,2025-06-25T23:31:30Z,2025-06-25T23:31:30Z,NA,v3,NA,NA,NA,"Brown, Codey",10315575,Right,CHA_16U20,776e541d-01e3-4977-85be-f0b589c7390f,55.43089,-122.11751,14.12818,5.84422,-0.87236,-8.01692,-1.11643,6.21695,-4.27933,NA,NA,NA,NA,NA,NA,NA,NA,NA,NA,NA,NA,NA,NA,NA,NA,NA,NA,NA,NA,NA,NA,NA,NA,NA,NA,NA,NA,NA,NA,NA,NA,NA,NA,NA,NA,NA,NA,NA,NA,NA,NA,NA,NA,NA,NA,NA,NA,NA,NA,High,High,High,NA,NA,NA,NA,NA,NA,NA,NA,NA,NA,NA,NA,NA,NA,NA,NA,NA,NA,NA,NA,NA,NA,NA,NA,NA,NA,NA,NA,NA,NA,NA,NA,NA,NA,NA,NA,NA,NA,NA,NA,NA,NA,NA,NA,NA,NA,NA,NA,NA,NA,NA,NA,NA,NA,NA,NA,NA,NA
NA,NA,NA,NA,NA,NA,NA,NA,NA,NA,NA,NA,NA,NA,NA,NA,162,2025-06-25,19:31:46,2,5,"Rice, Tucker",10941267,Right,CHA_16U20,"Plyler, Wyatt",1000138215,Right,CHA_16U9,Undefined,5,Top,1,1,2,Undefined,Curveball,StrikeSwinging,Strikeout,Undefined,Undefined,0,0,NA,71.62687,0.716329,-0.877022,2621.999548,45.822986,07:30:00,5.50721,1.36805,4.91965,-67.12929,-10.3163,-12.50827,0.59048,-0.50356,66.03742,-11.317741,-3.089551,0.542494,NA,NA,NA,NA,NA,NA,NA,NA,NA,NA,NA,5.93079,-4.79429,-1.27153,50,5.52072,2.06348,-103.92818,-0.95975,6.43304,18.76126,-37.37432,CHA_16U20,CHA_16U9,USABBCary3,USA Baseball,USA,20250625-USABBCary3-4,8fce28a0-521c-11f0-8a37-53b6fd546738,69.47987,NA,NA,5.58944,NA,NA,NA,NA,NA,NA,3640e600-30e5-454d-afeb-3dce868d1233,2025-06-25,23:31:46,2025-06-25T23:31:46Z,2025-06-25T23:31:46Z,NA,v3,NA,NA,NA,"Brown, Codey",10315575,Right,CHA_16U20,3a6fd282-1170-4ecf-923c-232f3dcfbe4d,55.58344,-104.93127,9.38063,5.51861,1.0385,-18.68716,-1.37266,1.71953,3.21652,NA,NA,NA,NA,NA,NA,NA,NA,NA,NA,NA,NA,NA,NA,NA,NA,NA,NA,NA,NA,NA,NA,NA,NA,NA,NA,NA,NA,NA,NA,NA,NA,NA,NA,NA,NA,NA,NA,NA,NA,NA,NA,NA,NA,NA,NA,NA,NA,NA,NA,High,High,High,NA,NA,NA,NA,NA,NA,NA,NA,NA,NA,NA,NA,NA,NA,NA,NA,NA,NA,NA,NA,NA,NA,NA,NA,NA,NA,NA,NA,NA,NA,NA,NA,NA,NA,NA,NA,NA,NA,NA,NA,NA,NA,NA,NA,NA,NA,NA,NA,NA,NA,NA,NA,NA,NA,NA,NA,NA,NA
NA,NA,NA,NA,NA,NA,NA,NA,NA,NA,NA,NA,NA,NA,NA,NA,163,2025-06-25,19:32:17,3,1,"Rice, Tucker",10941267,Right,CHA_16U20,"Gallina, John Luca",1000451595,Right,CHA_16U9,Undefined,5,Top,2,0,0,Undefined,Changeup,StrikeCalled,Undefined,Undefined,Undefined,0,0,NA,83.92375,-1.880897,-2.925532,2182.293164,227.91771,01:30:00,5.64142,1.30457,5.42722,-26.35183,14.72713,14.62296,1.68085,-0.21929,75.71964,-6.798115,-0.325695,0.461297,NA,NA,NA,NA,NA,NA,NA,NA,NA,NA,NA,-8.28063,8.44906,-1.05542,50,5.45659,5.58067,-121.43127,-4.84957,-12.17466,27.17839,-19.75173,CHA_16U20,CHA_16U9,USABBCary3,USA Baseball,USA,20250625-USABBCary3-4,a25162d0-521c-11f0-8a37-53b6fd546738,81.70962,NA,NA,8.20411,NA,NA,NA,NA,NA,NA,3640e600-30e5-454d-afeb-3dce868d1233,2025-06-25,23:32:17,2025-06-25T23:32:17Z,2025-06-25T23:32:17Z,NA,v3,NA,NA,NA,"Brown, Codey",10315575,Right,CHA_16U20,6b21722c-21c2-4805-889f-987798ea7ad5,55.06941,-122.56064,13.58919,5.64106,-4.0288,-9.87587,-1.29783,6.08657,-6.08733,NA,NA,NA,NA,NA,NA,NA,NA,NA,NA,NA,NA,NA,NA,NA,NA,NA,NA,NA,NA,NA,NA,NA,NA,NA,NA,NA,NA,NA,NA,NA,NA,NA,NA,NA,NA,NA,NA,NA,NA,NA,NA,NA,NA,NA,NA,NA,NA,NA,NA,High,High,High,NA,NA,NA,NA,NA,NA,NA,NA,NA,NA,NA,NA,NA,NA,NA,NA,NA,NA,NA,NA,NA,NA,NA,NA,NA,NA,NA,NA,NA,NA,NA,NA,NA,NA,NA,NA,NA,NA,NA,NA,NA,NA,NA,NA,NA,NA,NA,NA,NA,NA,NA,NA,NA,NA,NA,NA,NA,NA
NA,NA,NA,NA,NA,NA,NA,NA,NA,NA,NA,NA,NA,NA,NA,NA,164,2025-06-25,19:32:33,3,2,"Rice, Tucker",10941267,Right,CHA_16U20,"Gallina, John Luca",1000451595,Right,CHA_16U9,Undefined,5,Top,2,0,1,Undefined,Changeup,StrikeCalled,Undefined,Undefined,Undefined,0,0,NA,83.84631,-1.024972,-1.389063,2239.412075,217.259633,01:15:00,5.75868,1.31213,5.13707,-24.03249,17.43603,12.11449,2.7904,1.01338,75.62238,-5.518984,0.755052,0.46348,NA,NA,NA,NA,NA,NA,NA,NA,NA,NA,NA,-6.40221,9.41548,-1.19145,50,5.64475,2.39861,-121.39967,-2.9609,-9.426,26.74766,-18.31161,CHA_16U20,CHA_16U9,USABBCary3,USA Baseball,USA,20250625-USABBCary3-4,aba3b540-521c-11f0-8a37-53b6fd546738,81.3249,NA,NA,8.22393,NA,NA,NA,NA,NA,NA,3640e600-30e5-454d-afeb-3dce868d1233,2025-06-25,23:32:33,2025-06-25T23:32:33Z,2025-06-25T23:32:33Z,NA,v3,NA,NA,NA,"Brown, Codey",10315575,Right,CHA_16U20,2f3e8bfe-f4ae-46fb-808b-312141b5fbeb,55.35731,-122.57435,13.37383,5.75712,-2.15671,-9.15581,-1.30588,2.81257,-4.713,NA,NA,NA,NA,NA,NA,NA,NA,NA,NA,NA,NA,NA,NA,NA,NA,NA,NA,NA,NA,NA,NA,NA,NA,NA,NA,NA,NA,NA,NA,NA,NA,NA,NA,NA,NA,NA,NA,NA,NA,NA,NA,NA,NA,NA,NA,NA,NA,NA,NA,High,High,High,NA,NA,NA,NA,NA,NA,NA,NA,NA,NA,NA,NA,NA,NA,NA,NA,NA,NA,NA,NA,NA,NA,NA,NA,NA,NA,NA,NA,NA,NA,NA,NA,NA,NA,NA,NA,NA,NA,NA,NA,NA,NA,NA,NA,NA,NA,NA,NA,NA,NA,NA,NA,NA,NA,NA,NA,NA,NA
NA,NA,NA,NA,NA,NA,NA,NA,NA,NA,NA,NA,NA,NA,NA,NA,165,2025-06-25,19:32:48,3,3,"Rice, Tucker",10941267,Right,CHA_16U20,"Gallina, John Luca",1000451595,Right,CHA_16U9,Undefined,5,Top,2,0,2,Undefined,Curveball,BallCalled,Undefined,Undefined,Undefined,0,0,NA,71.02644,-0.010934,1.619858,2622.870757,60.69788,08:00:00,5.5372,1.29593,4.71778,-64.55759,-6.08465,-14.4143,0.14702,1.63237,65.20267,-11.565365,-0.921606,0.550363,NA,NA,NA,NA,NA,NA,NA,NA,NA,NA,NA,7.63989,-2.50902,-1.44585,50,5.47803,-2.36583,-102.93953,-2.19503,8.09927,19.00237,-34.83392,CHA_16U20,CHA_16U9,USABBCary3,USA Baseball,USA,20250625-USABBCary3-4,b47ce010-521c-11f0-8a37-53b6fd546738,68.48657,NA,NA,5.82377,NA,NA,NA,NA,NA,NA,3640e600-30e5-454d-afeb-3dce868d1233,2025-06-25,23:32:48,2025-06-25T23:32:48Z,2025-06-25T23:32:48Z,NA,v3,NA,NA,NA,"Brown, Codey",10315575,Right,CHA_16U20,431280d2-9380-4d8a-a2b6-88031fc6894b,55.78435,-104.00183,9.50118,5.54631,-0.2477,-17.41696,-1.30094,-2.81861,4.04963,NA,NA,NA,NA,NA,NA,NA,NA,NA,NA,NA,NA,NA,NA,NA,NA,NA,NA,NA,NA,NA,NA,NA,NA,NA,NA,NA,NA,NA,NA,NA,NA,NA,NA,NA,NA,NA,NA,NA,NA,NA,NA,NA,NA,NA,NA,NA,NA,NA,NA,High,High,High,NA,NA,NA,NA,NA,NA,NA,NA,NA,NA,NA,NA,NA,NA,NA,NA,NA,NA,NA,NA,NA,NA,NA,NA,NA,NA,NA,NA,NA,NA,NA,NA,NA,NA,NA,NA,NA,NA,NA,NA,NA,NA,NA,NA,NA,NA,NA,NA,NA,NA,NA,NA,NA,NA,NA,NA,NA,NA
NA,NA,NA,NA,NA,NA,NA,NA,NA,NA,NA,NA,NA,NA,NA,NA,166,2025-06-25,19:33:07,3,4,"Rice, Tucker",10941267,Right,CHA_16U20,"Gallina, John Luca",1000451595,Right,CHA_16U9,Undefined,5,Top,2,1,2,Undefined,Four-Seam,BallCalled,Undefined,Undefined,Undefined,0,0,NA,83.87722,-2.956346,-3.519841,2237.761761,212.20076,01:00:00,5.75236,1.05776,5.12289,-23.03237,18.87123,10.8552,1.04063,-1.3572,75.34684,-7.26691,-1.603224,0.465905,NA,NA,NA,NA,NA,NA,NA,NA,NA,NA,NA,-6.52083,10.81024,-0.73525,50,5.45677,6.95734,-121.03581,-7.00214,-9.49157,27.76123,-16.43896,CHA_16U20,CHA_16U9,USABBCary3,USA Baseball,USA,20250625-USABBCary3-4,c0355d10-521c-11f0-8a37-53b6fd546738,80.90161,NA,NA,8.53039,NA,NA,NA,NA,NA,NA,3640e600-30e5-454d-afeb-3dce868d1233,2025-06-25,23:33:07,2025-06-25T23:33:07Z,2025-06-25T23:33:07Z,NA,v3,NA,NA,NA,"Brown, Codey",10315575,Right,CHA_16U20,3567c481-398e-4f88-816c-2ab997596f01,55.37101,-122.26152,13.88061,5.7499,-6.27633,-8.21948,-1.05168,7.37641,-4.74578,NA,NA,NA,NA,NA,NA,NA,NA,NA,NA,NA,NA,NA,NA,NA,NA,NA,NA,NA,NA,NA,NA,NA,NA,NA,NA,NA,NA,NA,NA,NA,NA,NA,NA,NA,NA,NA,NA,NA,NA,NA,NA,NA,NA,NA,NA,NA,NA,NA,NA,High,High,High,NA,NA,NA,NA,NA,NA,NA,NA,NA,NA,NA,NA,NA,NA,NA,NA,NA,NA,NA,NA,NA,NA,NA,NA,NA,NA,NA,NA,NA,NA,NA,NA,NA,NA,NA,NA,NA,NA,NA,NA,NA,NA,NA,NA,NA,NA,NA,NA,NA,NA,NA,NA,NA,NA,NA,NA,NA,NA
NA,NA,NA,NA,NA,NA,NA,NA,NA,NA,NA,NA,NA,NA,NA,NA,167,2025-06-25,19:33:22,3,5,"Rice, Tucker",10941267,Right,CHA_16U20,"Gallina, John Luca",1000451595,Right,CHA_16U9,Undefined,5,Top,2,2,2,Undefined,Changeup,BallCalled,Undefined,Undefined,Undefined,0,0,NA,83.72668,-0.619975,-1.68647,2277.07237,215.767504,01:15:00,5.77416,1.29015,5.11305,-22.65667,19.51446,12.82989,3.30176,0.77005,74.483,-4.910744,0.582276,0.46739000000000003,NA,NA,NA,NA,NA,NA,NA,NA,NA,NA,NA,-6.87481,10.34603,-1.14148,50,5.69914,2.97425,-121.01625,-2.017,-9.9271,29.39804,-17.23451,CHA_16U20,CHA_16U9,USABBCary3,USA Baseball,USA,20250625-USABBCary3-4,c8bb37c0-521c-11f0-8a37-53b6fd546738,80.6446,NA,NA,9.24367,NA,NA,NA,NA,NA,NA,3640e600-30e5-454d-afeb-3dce868d1233,2025-06-25,23:33:22,2025-06-25T23:33:22Z,2025-06-25T23:33:22Z,NA,v3,NA,NA,NA,"Brown, Codey",10315575,Right,CHA_16U20,9e3b3e98-e0dc-4812-b50b-260952c59e8e,55.3783,-122.3158,14.69902,5.77147,-1.25514,-8.61725,-1.28265,3.41308,-4.96355,NA,NA,NA,NA,NA,NA,NA,NA,NA,NA,NA,NA,NA,NA,NA,NA,NA,NA,NA,NA,NA,NA,NA,NA,NA,NA,NA,NA,NA,NA,NA,NA,NA,NA,NA,NA,NA,NA,NA,NA,NA,NA,NA,NA,NA,NA,NA,NA,NA,NA,High,High,High,NA,NA,NA,NA,NA,NA,NA,NA,NA,NA,NA,NA,NA,NA,NA,NA,NA,NA,NA,NA,NA,NA,NA,NA,NA,NA,NA,NA,NA,NA,NA,NA,NA,NA,NA,NA,NA,NA,NA,NA,NA,NA,NA,NA,NA,NA,NA,NA,NA,NA,NA,NA,NA,NA,NA,NA,NA,NA
NA,NA,NA,NA,NA,NA,NA,NA,NA,NA,NA,NA,NA,NA,NA,NA,168,2025-06-25,19:33:35,3,6,"Rice, Tucker",10941267,Right,CHA_16U20,"Gallina, John Luca",1000451595,Right,CHA_16U9,Undefined,5,Top,2,3,2,Undefined,Changeup,StrikeCalled,Strikeout,Undefined,Undefined,0,0,NA,83.57202,-1.617646,-3.342638,2278.228774,215.532449,01:15:00,5.66046,1.15258,5.57789,-21.19572,20.56344,13.45387,2.38034,-0.85175,74.28189,-5.678143,-0.947067,0.465101,NA,NA,NA,NA,NA,NA,NA,NA,NA,NA,NA,-7.91059,11.40867,-0.87332,50,5.50772,6.46464,-120.70219,-4.00556,-11.34311,29.62853,-15.815,CHA_16U20,CHA_16U9,USABBCary3,USA Baseball,USA,20250625-USABBCary3-4,d0d24b10-521c-11f0-8a37-53b6fd546738,81.04143,NA,NA,9.29014,NA,NA,NA,NA,NA,NA,3640e600-30e5-454d-afeb-3dce868d1233,2025-06-25,23:33:35,2025-06-25T23:33:35Z,2025-06-25T23:33:35Z,NA,v3,NA,NA,NA,"Brown, Codey",10315575,Right,CHA_16U20,31814a20-c30d-4105-b5df-b2b28be2a9d8,54.91414,-121.90248,14.81427,5.65702,-3.36487,-7.9075,-1.14452,6.92416,-5.67156,NA,NA,NA,NA,NA,NA,NA,NA,NA,NA,NA,NA,NA,NA,NA,NA,NA,NA,NA,NA,NA,NA,NA,NA,NA,NA,NA,NA,NA,NA,NA,NA,NA,NA,NA,NA,NA,NA,NA,NA,NA,NA,NA,NA,NA,NA,NA,NA,NA,NA,High,High,High,NA,NA,NA,NA,NA,NA,NA,NA,NA,NA,NA,NA,NA,NA,NA,NA,NA,NA,NA,NA,NA,NA,NA,NA,NA,NA,NA,NA,NA,NA,NA,NA,NA,NA,NA,NA,NA,NA,NA,NA,NA,NA,NA,NA,NA,NA,NA,NA,NA,NA,NA,NA,NA,NA,NA,NA,NA,NA
