player_name,display_name,active,notes,id,pitcher,date,rel_speed,horz_break,induced_vert_break,original_pitch_type,new_pitch_type,new_pitcher,modified_at,pitch_key,created_at,PitchNo,Date,Time,PAofInning,PitchofPA,Pitcher,PitcherId,PitcherThrows,PitcherTeam,Batter,BatterId,BatterSide,BatterTeam,PitcherSet,Inning,Top/Bottom,Outs,Balls,Strikes,TaggedPitchType,AutoPitchType,PitchCall,KorBB,TaggedHitType,PlayResult,OutsOnPlay,RunsScored,Notes,RelSpeed,VertRelAngle,HorzRelAngle,SpinRate,SpinAxis,Tilt,RelHeight,RelSide,Extension,VertBreak,InducedVertBreak,HorzBreak,PlateLocHeight,PlateLocSide,ZoneSpeed,VertApprAngle,HorzApprAngle,ZoneTime,ExitSpeed,Angle,Direction,HitSpinRate,PositionAt110X,PositionAt110Y,PositionAt110Z,Distance,LastTrackedDistance,Bearing,HangTime,pfxx,pfxz,x0,y0,z0,vx0,vy0,vz0,ax0,ay0,az0,HomeTeam,AwayTeam,Stadium,Level,League,GameID,PitchUID,EffectiveVelo,MaxHeight,MeasuredDuration,SpeedDrop,PitchLastMeasuredX,PitchLastMeasuredY,PitchLastMeasuredZ,ContactPositionX,ContactPositionY,ContactPositionZ,GameUID,UTCDate,UTCTime,LocalDateTime,UTCDateTime,AutoHitType,System,HomeTeamForeignID,AwayTeamForeignID,GameForeignID,Catcher,CatcherId,CatcherThrows,CatcherTeam,PlayID,PitchTrajectoryXc0,PitchTrajectoryXc1,PitchTrajectoryXc2,PitchTrajectoryYc0,PitchTrajectoryYc1,PitchTrajectoryYc2,PitchTrajectoryZc0,PitchTrajectoryZc1,PitchTrajectoryZc2,HitSpinAxis,HitTrajectoryXc0,HitTrajectoryXc1,HitTrajectoryXc2,HitTrajectoryXc3,HitTrajectoryXc4,HitTrajectoryXc5,HitTrajectoryXc6,HitTrajectoryXc7,HitTrajectoryXc8,HitTrajectoryYc0,HitTrajectoryYc1,HitTrajectoryYc2,HitTrajectoryYc3,HitTrajectoryYc4,HitTrajectoryYc5,HitTrajectoryYc6,HitTrajectoryYc7,HitTrajectoryYc8,HitTrajectoryZc0,HitTrajectoryZc1,HitTrajectoryZc2,HitTrajectoryZc3,HitTrajectoryZc4,HitTrajectoryZc5,HitTrajectoryZc6,HitTrajectoryZc7,HitTrajectoryZc8,ThrowSpeed,PopTime,ExchangeTime,TimeToBase,CatchPositionX,CatchPositionY,CatchPositionZ,ThrowPositionX,ThrowPositionY,ThrowPositionZ,BasePositionX,BasePositionY,BasePositionZ,ThrowTrajectoryXc0,ThrowTrajectoryXc1,ThrowTrajectoryXc2,ThrowTrajectoryYc0,ThrowTrajectoryYc1,ThrowTrajectoryYc2,ThrowTrajectoryZc0,ThrowTrajectoryZc1,ThrowTrajectoryZc2,PitchReleaseConfidence,PitchLocationConfidence,PitchMovementConfidence,HitLaunchConfidence,HitLandingConfidence,CatcherThrowCatchConfidence,CatcherThrowReleaseConfidence,CatcherThrowLocationConfidence,SpinAxis3dTransverseAngle,SpinAxis3dLongitudinalAngle,SpinAxis3dActiveSpinRate,SpinAxis3dSpinEfficiency,SpinAxis3dTilt,SpinAxis3dVectorX,SpinAxis3dVectorY,SpinAxis3dVectorZ,SpinAxis3dSeamOrientationRotationX,SpinAxis3dSeamOrientationRotationY,SpinAxis3dSeamOrientationRotationZ,SpinAxis3dSeamOrientationBallYAmb1,SpinAxis3dSeamOrientationBallAngleHorizontalAmb1,SpinAxis3dSeamOrientationBallZAmb1,SpinAxis3dSeamOrientationBallAngleVerticalAmb2,SpinAxis3dSeamOrientationBallZAmb2,SpinAxis3dSeamOrientationBallXAmb4,SpinAxis3dSeamOrientationBallYAmb4,SpinAxis3dSeamOrientationBallAngleHorizontalAmb2,SpinAxis3dSeamOrientationBallAngleVerticalAmb1,SpinAxis3dSeamOrientationBallXAmb1,SpinAxis3dSeamOrientationBallYAmb2,SpinAxis3dSeamOrientationBallAngleHorizontalAmb4,SpinAxis3dSeamOrientationBallAngleVerticalAmb4,SpinAxis3dSeamOrientationBallXAmb2,SpinAxis3dSeamOrientationBallAngleVerticalAmb3,SpinAxis3dSeamOrientationBallAngleHorizontalAmb3,SpinAxis3dSeamOrientationBallXAmb3,SpinAxis3dSeamOrientationBallYAmb3,SpinAxis3dSeamOrientationBallZAmb3,SpinAxis3dSeamOrientationBallZAmb4,PitchSession,Flag,CalibrationId,EffVelocity,PracticeType,Device,HitType,SessionId,BatSpeed,VerticalAttackAngle,HorizontalAttackAngle,session_id,play_id,camera_slot,camera_name,camera_target,video_type,azure_blob,azure_md5,cloudinary_url,cloudinary_public_id,uploaded_at
NA,NA,NA,NA,NA,NA,NA,NA,NA,NA,NA,NA,NA,NA,NA,NA,1,2025-06-16,18:01:28,1,1,"Blanco, Evan",702711,Left,HYA_HAR,"Ragsdale, Josiah",828824,Left,BRE_WHI,Undefined,1,Top,0,0,0,Fastball,Four-Seam,StrikeCalled,Undefined,Undefined,Undefined,0,0,NA,86.88192,-2.513903,1.400898,2158.367597,175.066911,11:45:00,6.23225,-1.52448,5.11637,-14.53351,23.89234,-1.94728,2.65076,-0.36682,78.8611,-5.291981,1.056607,0.446152,NA,NA,NA,NA,NA,NA,NA,NA,NA,NA,NA,1.37992,12.99922,1.39424,50,5.98508,-2.98791,-125.81116,-5.94176,2.19813,26.99044,-11.46706,HYA_HAR,BRE_WHI,CCBLHyannis,Cape Cod Baseball League,CCBL,20250616-CCBLHyannis-2,74b5faf0-4afd-11f0-ac99-2d93a97aa58f,84.48333,NA,NA,8.02082,NA,NA,NA,NA,NA,NA,aecf949a-adfb-400b-9c8e-95fb9d4c8878,2025-06-16,22:01:28,2025-06-16T22:01:28Z,2025-06-16T22:01:28Z,NA,v3,6101,6096,NA,"Lackey, Vahn",822518,Right,HYA_HAR,27d2d719-34a5-4f9f-a8b1-76ee4aff47eb,55.37948,-126.95998,13.49522,6.22759,-5.45367,-5.73353,1.52341,-3.08147,1.09907,NA,NA,NA,NA,NA,NA,NA,NA,NA,NA,NA,NA,NA,NA,NA,NA,NA,NA,NA,NA,NA,NA,NA,NA,NA,NA,NA,NA,NA,NA,NA,NA,NA,NA,NA,NA,NA,NA,NA,NA,NA,NA,NA,NA,NA,NA,NA,NA,NA,NA,High,High,High,NA,NA,NA,NA,NA,NA,NA,NA,NA,NA,NA,NA,NA,NA,NA,NA,NA,NA,NA,NA,NA,NA,NA,NA,NA,NA,NA,NA,NA,NA,NA,NA,NA,NA,NA,NA,NA,NA,NA,NA,NA,NA,NA,NA,NA,NA,NA,NA,NA,NA,NA,NA,NA,NA,NA,NA,NA,NA
NA,NA,NA,NA,NA,NA,NA,NA,NA,NA,NA,NA,NA,NA,NA,NA,2,2025-06-16,18:01:45,1,2,"Blanco, Evan",702711,Left,HYA_HAR,"Ragsdale, Josiah",828824,Left,BRE_WHI,Undefined,1,Top,0,0,1,Fastball,Four-Seam,InPlay,Undefined,GroundBall,Out,1,0,NA,88.14925,-2.777116,2.983471,2175.158375,147.67126,11:00:00,6.19153,-1.5881,4.92082,-16.28485,22.03033,-12.96926,2.20328,0.15433,78.69334,-5.88894,0.701159,0.445509,70.81555,-23.254044,50.190351,NA,NA,NA,NA,5.56102,3.52864,39.764228,0.051518,7.43426,12.25788,1.3085,50,5.90802,-6.01593,-127.22361,-6.68511,11.90205,31.74318,-12.54948,HYA_HAR,BRE_WHI,CCBLHyannis,Cape Cod Baseball League,CCBL,20250616-CCBLHyannis-2,7f015360-4afd-11f0-ac99-2d93a97aa58f,84.60527,2.11879,NA,9.45591,NA,NA,NA,1.11786,2.11879,-0.23062,aecf949a-adfb-400b-9c8e-95fb9d4c8878,2025-06-16,22:01:45,2025-06-16T22:01:45Z,2025-06-16T22:01:45Z,GroundBall,v3,6101,6096,NA,"Lackey, Vahn",822518,Right,HYA_HAR,65e26f9b-2793-4a14-984b-517865dd0cce,55.57401,-128.60684,15.87159,6.18741,-6.13826,-6.27474,1.58195,-6.53457,5.95103,180,1.11636,61.27605,NA,NA,NA,NA,NA,NA,NA,2.1198,-41.12744,NA,NA,NA,NA,NA,NA,NA,-0.23242,73.52061,NA,NA,NA,NA,NA,NA,NA,NA,NA,NA,NA,NA,NA,NA,NA,NA,NA,NA,NA,NA,NA,NA,NA,NA,NA,NA,NA,NA,NA,High,High,High,Low,Low,NA,NA,NA,NA,NA,NA,NA,NA,NA,NA,NA,NA,NA,NA,NA,NA,NA,NA,NA,NA,NA,NA,NA,NA,NA,NA,NA,NA,NA,NA,NA,NA,NA,NA,NA,NA,NA,NA,NA,NA,NA,NA,NA,NA,NA,NA,NA,NA,NA,NA,NA,NA,NA,NA,NA,NA
NA,NA,NA,NA,NA,NA,NA,NA,NA,NA,NA,NA,NA,NA,NA,NA,3,2025-06-16,18:02:20,2,1,"Blanco, Evan",702711,Left,HYA_HAR,"Wentz, Dalton",807275,Right,BRE_WHI,Undefined,1,Top,1,0,0,Fastball,Four-Seam,BallCalled,Undefined,Undefined,Undefined,0,0,NA,87.24626,-1.429599,0.455047,2152.246444,169.798982,11:45:00,6.20789,-1.60062,5.14879,-14.14749,23.90978,-4.06461,3.68272,-1.51093,78.98279,-4.151406,-0.264331,0.444007,NA,NA,NA,NA,NA,NA,NA,NA,NA,NA,NA,2.14827,12.68493,1.5613,50,6.06408,-0.81683,-126.428,-3.54847,3.44981,27.66191,-11.80377,HYA_HAR,BRE_WHI,CCBLHyannis,Cape Cod Baseball League,CCBL,20250616-CCBLHyannis-2,9372a1f0-4afd-11f0-ac99-2d93a97aa58f,84.89147,NA,NA,8.26347,NA,NA,NA,NA,NA,NA,aecf949a-adfb-400b-9c8e-95fb9d4c8878,2025-06-16,22:02:20,2025-06-16T22:02:20Z,2025-06-16T22:02:20Z,NA,v3,6101,6096,NA,"Lackey, Vahn",822518,Right,HYA_HAR,ab47712a-3669-4547-a009-c6b0d6b9c345,55.34629,-127.59238,13.83096,6.203,-3.05161,-5.90188,1.59874,-0.96204,1.72491,NA,NA,NA,NA,NA,NA,NA,NA,NA,NA,NA,NA,NA,NA,NA,NA,NA,NA,NA,NA,NA,NA,NA,NA,NA,NA,NA,NA,NA,NA,NA,NA,NA,NA,NA,NA,NA,NA,NA,NA,NA,NA,NA,NA,NA,NA,NA,NA,NA,NA,High,High,High,NA,NA,NA,NA,NA,NA,NA,NA,NA,NA,NA,NA,NA,NA,NA,NA,NA,NA,NA,NA,NA,NA,NA,NA,NA,NA,NA,NA,NA,NA,NA,NA,NA,NA,NA,NA,NA,NA,NA,NA,NA,NA,NA,NA,NA,NA,NA,NA,NA,NA,NA,NA,NA,NA,NA,NA,NA,NA
NA,NA,NA,NA,NA,NA,NA,NA,NA,NA,NA,NA,NA,NA,NA,NA,4,2025-06-16,18:02:35,2,2,"Blanco, Evan",702711,Left,HYA_HAR,"Wentz, Dalton",807275,Right,BRE_WHI,Undefined,1,Top,1,1,0,Fastball,Changeup,FoulBallNotFieldable,Undefined,Undefined,Undefined,0,0,NA,79.03234,-0.663811,3.48801,1972.110644,143.942131,10:45:00,5.82438,-2.12616,4.96177,-28.84891,18.2306,-12.01883,2.792,0.17152,71.31695,-6.019025,1.372842,0.493841,43.44456,16.815082,84.472485,4088.888373,NA,NA,NA,66.13331,50.15657,85.050789,1.174705,7.11705,9.72217,1.79886,50,5.73731,-6.47124,-114.2845,-2.26303,9.28162,23.79921,-19.49498,HYA_HAR,BRE_WHI,CCBLHyannis,Cape Cod Baseball League,CCBL,20250616-CCBLHyannis-2,9c663290-4afd-11f0-ac99-2d93a97aa58f,76.325,7.64796,NA,7.71539,NA,NA,NA,4.25349,3.08312,-0.10079,aecf949a-adfb-400b-9c8e-95fb9d4c8878,2025-06-16,22:02:35,2025-06-16T22:02:35Z,2025-06-16T22:02:35Z,GroundBall,v3,6101,6096,NA,"Lackey, Vahn",822518,Right,HYA_HAR,b36faf69-457a-4f3c-9fbc-3c211f3059ba,55.53566,-115.43152,11.89961,5.82374,-1.32346,-9.74749,2.12153,-6.91857,4.64081,NA,4.25349,5.87572,-4.24541,0.46459,-0.63854,1.24179,-1.51456,0.93402,-0.22268,3.08312,18.43261,-19.14576,1.19174,-0.13584,-0.05194,0.0809,-0.02991,0.00181,-0.10079,60.71129,-3.73092,0.07305,-0.71696,1.55493,-1.90982,1.17053,-0.27708,NA,NA,NA,NA,NA,NA,NA,NA,NA,NA,NA,NA,NA,NA,NA,NA,NA,NA,NA,NA,NA,NA,High,High,High,High,Medium,NA,NA,NA,NA,NA,NA,NA,NA,NA,NA,NA,NA,NA,NA,NA,NA,NA,NA,NA,NA,NA,NA,NA,NA,NA,NA,NA,NA,NA,NA,NA,NA,NA,NA,NA,NA,NA,NA,NA,NA,NA,NA,NA,NA,NA,NA,NA,NA,NA,NA,NA,NA,NA,NA,NA,NA
NA,NA,NA,NA,NA,NA,NA,NA,NA,NA,NA,NA,NA,NA,NA,NA,5,2025-06-16,18:02:58,2,3,"Blanco, Evan",702711,Left,HYA_HAR,"Wentz, Dalton",807275,Right,BRE_WHI,Undefined,1,Top,1,1,1,ChangeUp,Changeup,FoulBallNotFieldable,Undefined,Undefined,Undefined,0,0,NA,77.1587,0.645374,2.907056,1928.715306,145.411245,10:45:00,5.85624,-2.10447,5.02332,-30.54844,19.59222,-12.06386,3.92035,-0.36422,68.30587,-5.098356,0.780739,0.509643,53.10651,35.256755,134.030989,3154.438245,NA,NA,NA,NA,27.65329,NA,NA,7.0878,10.03044,1.83644,50,5.89498,-5.1619,-111.38821,0.32036,8.61645,26.04242,-19.98032,HYA_HAR,BRE_WHI,CCBLHyannis,Cape Cod Baseball League,CCBL,20250616-CCBLHyannis-2,aa375660-4afd-11f0-ac99-2d93a97aa58f,73.95846,20.02226,NA,8.85283,NA,NA,NA,3.75297,4.04394,0.3944,aecf949a-adfb-400b-9c8e-95fb9d4c8878,2025-06-16,22:02:58,2025-06-16T22:02:58Z,2025-06-16T22:02:58Z,NA,v3,6101,6096,NA,"Lackey, Vahn",822518,Right,HYA_HAR,3afe9858-ef6a-4918-965b-021eec56d2a6,55.47027,-112.65989,13.02121,5.85551,1.29602,-9.99016,2.09878,-5.58265,4.30823,NA,3.75997,-44.40322,0.27568,NA,NA,NA,NA,NA,NA,4.05974,44.52239,-24.06698,NA,NA,NA,NA,NA,NA,0.39844,45.61658,-5.69598,NA,NA,NA,NA,NA,NA,NA,NA,NA,NA,NA,NA,NA,NA,NA,NA,NA,NA,NA,NA,NA,NA,NA,NA,NA,NA,NA,NA,High,High,High,High,Undefined,NA,NA,NA,NA,NA,NA,NA,NA,NA,NA,NA,NA,NA,NA,NA,NA,NA,NA,NA,NA,NA,NA,NA,NA,NA,NA,NA,NA,NA,NA,NA,NA,NA,NA,NA,NA,NA,NA,NA,NA,NA,NA,NA,NA,NA,NA,NA,NA,NA,NA,NA,NA,NA,NA,NA,NA
NA,NA,NA,NA,NA,NA,NA,NA,NA,NA,NA,NA,NA,NA,NA,NA,6,2025-06-16,18:03:19,2,4,"Blanco, Evan",702711,Left,HYA_HAR,"Wentz, Dalton",807275,Right,BRE_WHI,Undefined,1,Top,1,1,2,Fastball,Four-Seam,BallCalled,Undefined,Undefined,Undefined,0,0,NA,88.79978,-2.651792,0.832052,2279.649749,157.168595,11:15:00,6.14921,-1.59977,5.06434,-17.15946,20.6717,-8.02335,2.21677,-1.48377,78.62129,-5.939438,-0.586208,0.442686,NA,NA,NA,NA,NA,NA,NA,NA,NA,NA,NA,4.27918,11.67792,1.52742,50,5.88481,-1.47914,-128.19643,-6.46701,6.88488,34.68901,-13.38514,HYA_HAR,BRE_WHI,CCBLHyannis,Cape Cod Baseball League,CCBL,20250616-CCBLHyannis-2,b6b93de0-4afd-11f0-ac99-2d93a97aa58f,85.14478,NA,NA,10.17849,NA,NA,NA,NA,NA,NA,aecf949a-adfb-400b-9c8e-95fb9d4c8878,2025-06-16,22:03:19,2025-06-16T22:03:19Z,2025-06-16T22:03:19Z,NA,v3,6101,6096,NA,"Lackey, Vahn",822518,Right,HYA_HAR,66aa0250-aaa3-4cd1-84b3-9426da73e3dd,55.42792,-129.65687,17.34451,6.14521,-5.90348,-6.69257,1.5958,-1.769,3.44244,NA,NA,NA,NA,NA,NA,NA,NA,NA,NA,NA,NA,NA,NA,NA,NA,NA,NA,NA,NA,NA,NA,NA,NA,NA,NA,NA,NA,NA,NA,NA,NA,NA,NA,NA,NA,NA,NA,NA,NA,NA,NA,NA,NA,NA,NA,NA,NA,NA,NA,High,High,High,NA,NA,NA,NA,NA,NA,NA,NA,NA,NA,NA,NA,NA,NA,NA,NA,NA,NA,NA,NA,NA,NA,NA,NA,NA,NA,NA,NA,NA,NA,NA,NA,NA,NA,NA,NA,NA,NA,NA,NA,NA,NA,NA,NA,NA,NA,NA,NA,NA,NA,NA,NA,NA,NA,NA,NA,NA,NA
NA,NA,NA,NA,NA,NA,NA,NA,NA,NA,NA,NA,NA,NA,NA,NA,7,2025-06-16,18:03:37,2,5,"Blanco, Evan",702711,Left,HYA_HAR,"Wentz, Dalton",807275,Right,BRE_WHI,Undefined,1,Top,1,2,2,ChangeUp,Changeup,InPlay,Undefined,Popup,Out,1,0,NA,78.26605,-0.144941,2.611431,1947.427383,126.33367,10:15:00,5.82135,-2.17015,4.87558,-35.11872,13.12564,-15.39591,2.7575,-0.98045,70.48114,-6.608637,-0.098664,0.499913,77.61146,62.089715,-10.410781,NA,107.08047,110.63727,-25.17473,148.86827,145.04152,-14.41244,5.669903,8.50599,7.00804,1.92737,50,5.77818,-4.52532,-113.22053,-1.47573,10.8485,24.03639,-23.23606,HYA_HAR,BRE_WHI,CCBLHyannis,Cape Cod Baseball League,CCBL,20250616-CCBLHyannis-2,c19dc910-4afd-11f0-ac99-2d93a97aa58f,75.39796,128.57446,NA,7.78491,NA,NA,NA,2.67123,2.82196,0.94593,aecf949a-adfb-400b-9c8e-95fb9d4c8878,2025-06-16,22:03:37,2025-06-16T22:03:37Z,2025-06-16T22:03:37Z,Popup,v3,6101,6096,NA,"Lackey, Vahn",822518,Right,HYA_HAR,f385aafe-bee1-4ee7-aa51-a6265fd5cdab,55.6215,-114.40773,12.0182,5.82273,-0.32806,-11.61803,2.16412,-5.06116,5.42425,177.948273,2.6600799999999998,52.57577,-17.65927,6.21558,-1.68806,0.34507,-0.0445,0.00289,-6e-5,2.79271,101.14272,-26.57866,5.48734,-2.68885,0.99017,-0.21265,0.02347,-0.00103,0.94859,-9.67539,2.43908,-1.10771,0.40348,-0.11328,0.02041,-0.002,8e-5,NA,NA,NA,NA,NA,NA,NA,NA,NA,NA,NA,NA,NA,NA,NA,NA,NA,NA,NA,NA,NA,NA,High,High,High,High,Medium,NA,NA,NA,NA,NA,NA,NA,NA,NA,NA,NA,NA,NA,NA,NA,NA,NA,NA,NA,NA,NA,NA,NA,NA,NA,NA,NA,NA,NA,NA,NA,NA,NA,NA,NA,NA,NA,NA,NA,NA,NA,NA,NA,NA,NA,NA,NA,NA,NA,NA,NA,NA,NA,NA,NA,NA
NA,NA,NA,NA,NA,NA,NA,NA,NA,NA,NA,NA,NA,NA,NA,NA,8,2025-06-16,18:04:09,3,1,"Blanco, Evan",702711,Left,HYA_HAR,"Cuvet, Daniel",804562,Right,BRE_WHI,Undefined,1,Top,2,0,0,ChangeUp,Changeup,StrikeCalled,Undefined,Undefined,Undefined,0,0,NA,79.76101,-1.830751,2.764198,2060.225146,139.743553,10:45:00,5.80823,-2.17363,4.99093,-28.84624,17.28316,-13.20371,1.67317,-0.66194,72.16384,-7.167087,0.435255,0.488833,NA,NA,NA,NA,NA,NA,NA,NA,NA,NA,NA,7.43792,9.6193,1.91878,50,5.60914,-5.01708,-115.36944,-4.64051,9.89352,24.08489,-19.37891,HYA_HAR,BRE_WHI,CCBLHyannis,Cape Cod Baseball League,CCBL,20250616-CCBLHyannis-2,d452c1a0-4afd-11f0-ac99-2d93a97aa58f,77.10702,NA,NA,7.59717,NA,NA,NA,NA,NA,NA,aecf949a-adfb-400b-9c8e-95fb9d4c8878,2025-06-16,22:04:09,2025-06-16T22:04:09Z,2025-06-16T22:04:09Z,NA,v3,6101,6096,NA,"Lackey, Vahn",822518,Right,HYA_HAR,c031eaa6-a379-4c9e-ab5c-39697ca9fc94,55.5057,-116.51315,12.04244,5.80765,-3.72027,-9.68946,2.16818,-5.48689,4.94676,NA,NA,NA,NA,NA,NA,NA,NA,NA,NA,NA,NA,NA,NA,NA,NA,NA,NA,NA,NA,NA,NA,NA,NA,NA,NA,NA,NA,NA,NA,NA,NA,NA,NA,NA,NA,NA,NA,NA,NA,NA,NA,NA,NA,NA,NA,NA,NA,NA,NA,High,High,High,NA,NA,NA,NA,NA,NA,NA,NA,NA,NA,NA,NA,NA,NA,NA,NA,NA,NA,NA,NA,NA,NA,NA,NA,NA,NA,NA,NA,NA,NA,NA,NA,NA,NA,NA,NA,NA,NA,NA,NA,NA,NA,NA,NA,NA,NA,NA,NA,NA,NA,NA,NA,NA,NA,NA,NA,NA,NA
NA,NA,NA,NA,NA,NA,NA,NA,NA,NA,NA,NA,NA,NA,NA,NA,9,2025-06-16,18:04:24,3,2,"Blanco, Evan",702711,Left,HYA_HAR,"Cuvet, Daniel",804562,Right,BRE_WHI,Undefined,1,Top,2,0,1,ChangeUp,Changeup,InPlay,Undefined,FlyBall,Out,1,0,NA,80.40018,-1.177635,2.932683,2127.12449,133.007654,10:30:00,5.73631,-2.19508,5.03354,-30.8688,14.39009,-13.67894,2.05125,-0.56571,72.78672,-6.872512,0.518547,0.484198,94.73427,38.544559,3.487663,4329.270352,109.50365,84.69232,10.43788,292.00466,292.00466,7.465615,5.634018,7.72953,7.96685,1.92638,50,5.59961,-5.38538,-116.34224,-3.43481,10.46677,24.27776,-21.38593,HYA_HAR,BRE_WHI,CCBLHyannis,Cape Cod Baseball League,CCBL,20250616-CCBLHyannis-2,ddb085c0-4afd-11f0-ac99-2d93a97aa58f,77.84504,111.9996,NA,7.61347,NA,NA,NA,2.21776,2.104,0.56103,aecf949a-adfb-400b-9c8e-95fb9d4c8878,2025-06-16,22:04:24,2025-06-16T22:04:24Z,2025-06-16T22:04:24Z,FlyBall,v3,6101,6096,NA,"Lackey, Vahn",822518,Right,HYA_HAR,4af5b583-aa5e-4243-b694-c98aa84c0dea,55.46354,-117.47681,12.13888,5.73677,-2.43538,-10.69297,2.18948,-5.87453,5.23338,189.291055,2.22463,108.34243,-27.23511,6.59418,-1.1828,0.16044,-0.01759,0.00155,-7e-5,2.10294,86.58965,-19.28974,0.9131,0.14148,-0.12903,0.03583,-0.00453,2.2e-4,0.56008,6.63111,1.32156,-0.66638,0.16294,-0.02403,0.00169,-0,-0,NA,NA,NA,NA,NA,NA,NA,NA,NA,NA,NA,NA,NA,NA,NA,NA,NA,NA,NA,NA,NA,NA,High,High,High,High,Medium,NA,NA,NA,NA,NA,NA,NA,NA,NA,NA,NA,NA,NA,NA,NA,NA,NA,NA,NA,NA,NA,NA,NA,NA,NA,NA,NA,NA,NA,NA,NA,NA,NA,NA,NA,NA,NA,NA,NA,NA,NA,NA,NA,NA,NA,NA,NA,NA,NA,NA,NA,NA,NA,NA,NA,NA
NA,NA,NA,NA,NA,NA,NA,NA,NA,NA,NA,NA,NA,NA,NA,NA,10,2025-06-16,18:07:40,1,1,"Bailey, Carson",826053,Left,BRE_WHI,"Miura, Matthew",834681,Right,HYA_HAR,Undefined,1,Bottom,0,0,0,Sinker,Sinker,BallCalled,Undefined,Undefined,Undefined,0,0,NA,95.50027,-2.707496,3.914072,2206.8959,119.970656,10:00:00,5.98112,-1.6016,5.62532,-21.75186,9.44414,-14.5804,1.63422,0.8414,87.08526,-6.742395,1.315805,0.401995,NA,NA,NA,NA,NA,NA,NA,NA,NA,NA,NA,8.48414,5.87453,1.27708,50,5.73592,-8.7684,-138.21013,-7.357,16.36513,31.60269,-20.84263,HYA_HAR,BRE_WHI,CCBLHyannis,Cape Cod Baseball League,CCBL,20250616-CCBLHyannis-2,520dcc70-4afe-11f0-ac99-2d93a97aa58f,93.76345,NA,NA,8.41501,NA,NA,NA,NA,NA,NA,aecf949a-adfb-400b-9c8e-95fb9d4c8878,2025-06-16,22:07:40,2025-06-16T22:07:40Z,2025-06-16T22:07:40Z,NA,v3,6101,6096,NA,"Tinney, Carson",806245,Right,BRE_WHI,338cdd40-406f-4a79-9d8b-4f8cf8db29be,54.87283,-139.31988,15.80135,5.98141,-6.6251,-10.42132,1.59508,-9.34307,8.18256,NA,NA,NA,NA,NA,NA,NA,NA,NA,NA,NA,NA,NA,NA,NA,NA,NA,NA,NA,NA,NA,NA,NA,NA,NA,NA,NA,NA,NA,NA,NA,NA,NA,NA,NA,NA,NA,NA,NA,NA,NA,NA,NA,NA,NA,NA,NA,NA,NA,NA,High,High,High,NA,NA,NA,NA,NA,NA,NA,NA,NA,NA,NA,NA,NA,NA,NA,NA,NA,NA,NA,NA,NA,NA,NA,NA,NA,NA,NA,NA,NA,NA,NA,NA,NA,NA,NA,NA,NA,NA,NA,NA,NA,NA,NA,NA,NA,NA,NA,NA,NA,NA,NA,NA,NA,NA,NA,NA,NA,NA
NA,NA,NA,NA,NA,NA,NA,NA,NA,NA,NA,NA,NA,NA,NA,NA,11,2025-06-16,18:08:52,1,2,"Bailey, Carson",826053,Left,BRE_WHI,"Miura, Matthew",834681,Right,HYA_HAR,Undefined,1,Bottom,0,1,0,Sinker,Four-Seam,StrikeCalled,Undefined,Undefined,Undefined,0,0,NA,92.21008,-2.421751,2.967638,2167.847796,136.377905,10:30:00,5.76864,-1.93064,5.65779,-19.59517,13.96828,-12.18623,1.87289,-0.17616,83.53564,-6.104773,0.792479,0.41697,NA,NA,NA,NA,NA,NA,NA,NA,NA,NA,NA,7.11571,8.18067,1.68726,50,5.55115,-6.37542,-133.5242,-6.31147,12.71656,31.46034,-17.55429,HYA_HAR,BRE_WHI,CCBLHyannis,Cape Cod Baseball League,CCBL,20250616-CCBLHyannis-2,7d1b11c0-4afe-11f0-ac99-2d93a97aa58f,90.39606,NA,NA,8.67445,NA,NA,NA,NA,NA,NA,aecf949a-adfb-400b-9c8e-95fb9d4c8878,2025-06-16,22:08:52,2025-06-16T22:08:52Z,2025-06-16T22:08:52Z,NA,v3,6101,6096,NA,"Tinney, Carson",806245,Right,BRE_WHI,20c16e88-da4e-44a1-ade3-1d445d2c6e83,54.84005,-134.65976,15.73017,5.76753,-5.67785,-8.77715,1.92567,-6.83442,6.35828,NA,NA,NA,NA,NA,NA,NA,NA,NA,NA,NA,NA,NA,NA,NA,NA,NA,NA,NA,NA,NA,NA,NA,NA,NA,NA,NA,NA,NA,NA,NA,NA,NA,NA,NA,NA,NA,NA,NA,NA,NA,NA,NA,NA,NA,NA,NA,NA,NA,NA,High,High,High,NA,NA,NA,NA,NA,NA,NA,NA,NA,NA,NA,NA,NA,NA,NA,NA,NA,NA,NA,NA,NA,NA,NA,NA,NA,NA,NA,NA,NA,NA,NA,NA,NA,NA,NA,NA,NA,NA,NA,NA,NA,NA,NA,NA,NA,NA,NA,NA,NA,NA,NA,NA,NA,NA,NA,NA,NA,NA
NA,NA,NA,NA,NA,NA,NA,NA,NA,NA,NA,NA,NA,NA,NA,NA,12,2025-06-16,18:09:09,1,3,"Bailey, Carson",826053,Left,BRE_WHI,"Miura, Matthew",834681,Right,HYA_HAR,Undefined,1,Bottom,0,1,1,Fastball,Four-Seam,BallCalled,Undefined,Undefined,Undefined,0,0,NA,93.99659,-3.200692,4.730722,2257.549465,146.329392,11:00:00,5.88106,-1.67407,5.81456,-17.71666,14.67115,-8.98536,1.41529,1.98594,84.86059,-6.550757,3.128412,0.409602,NA,NA,NA,NA,NA,NA,NA,NA,NA,NA,NA,6.02489,8.81953,1.29093,50,5.60739,-10.80989,-135.68126,-8.17948,11.09074,33.15398,-15.93892,HYA_HAR,BRE_WHI,CCBLHyannis,Cape Cod Baseball League,CCBL,20250616-CCBLHyannis-2,8721c010-4afe-11f0-ac99-2d93a97aa58f,92.02204,NA,NA,9.136,NA,NA,NA,NA,NA,NA,aecf949a-adfb-400b-9c8e-95fb9d4c8878,2025-06-16,22:09:09,2025-06-16T22:09:09Z,2025-06-16T22:09:09Z,NA,v3,6101,6096,NA,"Tinney, Carson",806245,Right,BRE_WHI,1ad67d02-c5f2-4d79-b758-809b2aee78a7,54.68019,-136.82009,16.57699,5.87894,-7.63198,-7.96946,1.66879,-11.19086,5.54537,NA,NA,NA,NA,NA,NA,NA,NA,NA,NA,NA,NA,NA,NA,NA,NA,NA,NA,NA,NA,NA,NA,NA,NA,NA,NA,NA,NA,NA,NA,NA,NA,NA,NA,NA,NA,NA,NA,NA,NA,NA,NA,NA,NA,NA,NA,NA,NA,NA,NA,High,High,High,NA,NA,NA,NA,NA,NA,NA,NA,NA,NA,NA,NA,NA,NA,NA,NA,NA,NA,NA,NA,NA,NA,NA,NA,NA,NA,NA,NA,NA,NA,NA,NA,NA,NA,NA,NA,NA,NA,NA,NA,NA,NA,NA,NA,NA,NA,NA,NA,NA,NA,NA,NA,NA,NA,NA,NA,NA,NA
NA,NA,NA,NA,NA,NA,NA,NA,NA,NA,NA,NA,NA,NA,NA,NA,13,2025-06-16,18:09:29,1,4,"Bailey, Carson",826053,Left,BRE_WHI,"Miura, Matthew",834681,Right,HYA_HAR,Undefined,1,Bottom,0,2,1,Sinker,Sinker,BallCalled,Undefined,Undefined,Undefined,0,0,NA,93.04009,-2.894406,5.014291,2216.265859,110.34919,09:45:00,5.76683,-1.70932,5.72665,-25.8308,7.15504,-16.20292,0.90586,1.62252,84.56004,-7.671619,2.126618,0.413366,NA,NA,NA,NA,NA,NA,NA,NA,NA,NA,NA,9.6717,4.86355,1.29973,50,5.50854,-11.04418,-134.38595,-7.76519,17.56136,31.05176,-23.3431,HYA_HAR,BRE_WHI,CCBLHyannis,Cape Cod Baseball League,CCBL,20250616-CCBLHyannis-2,93021060-4afe-11f0-ac99-2d93a97aa58f,91.18408,NA,NA,8.48005,NA,NA,NA,NA,NA,NA,aecf949a-adfb-400b-9c8e-95fb9d4c8878,2025-06-16,22:09:29,2025-06-16T22:09:29Z,2025-06-16T22:09:29Z,NA,v3,6101,6096,NA,"Tinney, Carson",806245,Right,BRE_WHI,9cc7c99a-cddf-4343-b3ee-15da21d26857,54.7706,-135.48377,15.52588,5.76849,-6.9399,-11.67155,1.70117,-11.66506,8.78068,NA,NA,NA,NA,NA,NA,NA,NA,NA,NA,NA,NA,NA,NA,NA,NA,NA,NA,NA,NA,NA,NA,NA,NA,NA,NA,NA,NA,NA,NA,NA,NA,NA,NA,NA,NA,NA,NA,NA,NA,NA,NA,NA,NA,NA,NA,NA,NA,NA,NA,High,High,High,NA,NA,NA,NA,NA,NA,NA,NA,NA,NA,NA,NA,NA,NA,NA,NA,NA,NA,NA,NA,NA,NA,NA,NA,NA,NA,NA,NA,NA,NA,NA,NA,NA,NA,NA,NA,NA,NA,NA,NA,NA,NA,NA,NA,NA,NA,NA,NA,NA,NA,NA,NA,NA,NA,NA,NA,NA,NA
NA,NA,NA,NA,NA,NA,NA,NA,NA,NA,NA,NA,NA,NA,NA,NA,14,2025-06-16,18:09:51,1,5,"Bailey, Carson",826053,Left,BRE_WHI,"Miura, Matthew",834681,Right,HYA_HAR,Undefined,1,Bottom,0,3,1,Fastball,Four-Seam,BallCalled,Walk,Undefined,Undefined,0,0,NA,94.15023,-3.242981,4.331208,2238.65641,152.349557,11:00:00,5.86558,-1.80185,5.98359,-16.25576,15.69552,-7.6278,1.49326,1.58467,85.24188,-6.335355,2.965667,0.406832,NA,NA,NA,NA,NA,NA,NA,NA,NA,NA,NA,5.36898,9.46835,1.46384,50,5.59985,-9.99235,-136.14217,-8.24001,9.95281,33.31761,-14.62199,HYA_HAR,BRE_WHI,CCBLHyannis,Cape Cod Baseball League,CCBL,20250616-CCBLHyannis-2,a0699cf0-4afe-11f0-ac99-2d93a97aa58f,92.64858,NA,NA,8.90835,NA,NA,NA,NA,NA,NA,aecf949a-adfb-400b-9c8e-95fb9d4c8878,2025-06-16,22:09:51,2025-06-16T22:09:51Z,2025-06-16T22:09:51Z,NA,v3,6101,6096,NA,"Tinney, Carson",806245,Right,BRE_WHI,17e229d6-274f-4a3c-8472-5e2041a7f15f,54.51686,-137.24312,16.6588,5.86415,-7.75684,-7.31099,1.79946,-10.32123,4.9764099999999996,NA,NA,NA,NA,NA,NA,NA,NA,NA,NA,NA,NA,NA,NA,NA,NA,NA,NA,NA,NA,NA,NA,NA,NA,NA,NA,NA,NA,NA,NA,NA,NA,NA,NA,NA,NA,NA,NA,NA,NA,NA,NA,NA,NA,NA,NA,NA,NA,NA,NA,High,High,High,NA,NA,NA,NA,NA,NA,NA,NA,NA,NA,NA,NA,NA,NA,NA,NA,NA,NA,NA,NA,NA,NA,NA,NA,NA,NA,NA,NA,NA,NA,NA,NA,NA,NA,NA,NA,NA,NA,NA,NA,NA,NA,NA,NA,NA,NA,NA,NA,NA,NA,NA,NA,NA,NA,NA,NA,NA,NA
NA,NA,NA,NA,NA,NA,NA,NA,NA,NA,NA,NA,NA,NA,NA,NA,15,2025-06-16,18:10:24,2,1,"Bailey, Carson",826053,Left,BRE_WHI,"Williamson, Andrew",824713,Left,HYA_HAR,Undefined,1,Bottom,0,0,0,Curveball,Curveball,BallCalled,Undefined,Undefined,Undefined,0,0,NA,79.12405,0.129816,1.69986,2192.562893,326.380505,05:00:00,5.93188,-1.82804,5.28271,-66.4474,-19.22714,14.03355,0.51656,0.93825,71.15922,-11.869954,4.200628,0.494579,NA,NA,NA,NA,NA,NA,NA,NA,NA,NA,NA,-6.31355,-9.01504,1.66258,50,5.89574,-3.9832,-114.5274,-2.17652,-8.07285,28.49029,-43.7012,HYA_HAR,BRE_WHI,CCBLHyannis,Cape Cod Baseball League,CCBL,20250616-CCBLHyannis-2,b3e0d410-4afe-11f0-ac99-2d93a97aa58f,76.21117,NA,NA,7.96484,NA,NA,NA,NA,NA,NA,aecf949a-adfb-400b-9c8e-95fb9d4c8878,2025-06-16,22:10:24,2025-06-16T22:10:24Z,2025-06-16T22:10:24Z,NA,v3,6101,6096,NA,"Tinney, Carson",806245,Right,BRE_WHI,cd9b5d1e-cd24-4963-901b-eed19702646e,55.21693,-115.81791,14.24515,5.94949,-0.19701,-21.8506,1.83472,-3.61752,-4.03643,NA,NA,NA,NA,NA,NA,NA,NA,NA,NA,NA,NA,NA,NA,NA,NA,NA,NA,NA,NA,NA,NA,NA,NA,NA,NA,NA,NA,78.64903,NA,NA,0.845874,NA,NA,NA,-0.72146,6.38338,1.07696,65.32429,2.68887,59.45627,-0.67508,86.39791,-9.98658,6.39053,5.54036,-11.73888,1.10673,74.83955,-6.98244,High,High,High,NA,NA,High,High,High,NA,NA,NA,NA,NA,NA,NA,NA,NA,NA,NA,NA,NA,NA,NA,NA,NA,NA,NA,NA,NA,NA,NA,NA,NA,NA,NA,NA,NA,NA,NA,NA,NA,NA,NA,NA,NA,NA,NA,NA,NA,NA,NA,NA,NA,NA,NA,NA,NA,NA,NA,NA,NA
NA,NA,NA,NA,NA,NA,NA,NA,NA,NA,NA,NA,NA,NA,NA,NA,16,2025-06-16,18:10:46,2,2,"Bailey, Carson",826053,Left,BRE_WHI,"Williamson, Andrew",824713,Left,HYA_HAR,Undefined,1,Bottom,0,1,0,Fastball,Sinker,BallCalled,Undefined,Undefined,Undefined,0,0,NA,92.92038,-1.71624,4.393581,2237.493957,133.676053,10:30:00,5.86381,-1.90698,5.8424,-19.77332,12.90001,-12.37599,2.61588,1.15285,84.60871,-5.430912,2.183178,0.411403,NA,NA,NA,NA,NA,NA,NA,NA,NA,NA,NA,7.55469,7.40079,1.55583,50,5.7121,-9.78108,-134.51788,-4.69862,13.80572,29.90461,-18.64954,HYA_HAR,BRE_WHI,CCBLHyannis,Cape Cod Baseball League,CCBL,20250616-CCBLHyannis-2,c120db70-4afe-11f0-ac99-2d93a97aa58f,91.61916,NA,NA,8.31168,NA,NA,NA,NA,NA,NA,aecf949a-adfb-400b-9c8e-95fb9d4c8878,2025-06-16,22:10:46,2025-06-16T22:10:46Z,2025-06-16T22:10:46Z,NA,v3,6101,6096,NA,"Tinney, Carson",806245,Right,BRE_WHI,5748cdd6-20fc-48e3-ae2b-b0494d85f05b,54.65529,-135.54885,14.9523,5.863,-4.05568,-9.32477,1.90124,-10.25703,6.90286,NA,NA,NA,NA,NA,NA,NA,NA,NA,NA,NA,NA,NA,NA,NA,NA,NA,NA,NA,NA,NA,NA,NA,NA,NA,NA,NA,NA,NA,NA,NA,NA,NA,NA,NA,NA,NA,NA,NA,NA,NA,NA,NA,NA,NA,NA,NA,NA,NA,NA,High,High,High,NA,NA,NA,NA,NA,NA,NA,NA,NA,NA,NA,NA,NA,NA,NA,NA,NA,NA,NA,NA,NA,NA,NA,NA,NA,NA,NA,NA,NA,NA,NA,NA,NA,NA,NA,NA,NA,NA,NA,NA,NA,NA,NA,NA,NA,NA,NA,NA,NA,NA,NA,NA,NA,NA,NA,NA,NA,NA
NA,NA,NA,NA,NA,NA,NA,NA,NA,NA,NA,NA,NA,NA,NA,NA,17,2025-06-16,18:11:21,2,3,"Bailey, Carson",826053,Left,BRE_WHI,"Williamson, Andrew",824713,Left,HYA_HAR,Undefined,1,Bottom,0,2,0,Sinker,Sinker,StrikeCalled,Undefined,Undefined,Undefined,0,0,NA,92.47375,-2.115907,3.211486,2144.706362,115.467097,09:45:00,5.6776,-1.82327,5.87872,-25.48702,7.68449,-13.65418,1.58463,0.02454,83.69684,-6.864824,0.763284,0.414528,NA,NA,NA,NA,NA,NA,NA,NA,NA,NA,NA,7.96607,4.95075,1.57139,50,5.49181,-6.90382,-133.91485,-5.85069,14.28447,32.30119,-23.29652,HYA_HAR,BRE_WHI,CCBLHyannis,Cape Cod Baseball League,CCBL,20250616-CCBLHyannis-2,d605fa70-4afe-11f0-ac99-2d93a97aa58f,90.92851,NA,NA,8.77691,NA,NA,NA,NA,NA,NA,aecf949a-adfb-400b-9c8e-95fb9d4c8878,2025-06-16,22:11:21,2025-06-16T22:11:21Z,2025-06-16T22:11:21Z,NA,v3,6101,6096,NA,"Tinney, Carson",806245,Right,BRE_WHI,c09f9745-6e26-4085-8d2f-504aa948c060,54.61819,-135.0242,16.15059,5.679,-5.0506,-11.64826,1.81692,-7.39441,7.14223,NA,NA,NA,NA,NA,NA,NA,NA,NA,NA,NA,NA,NA,NA,NA,NA,NA,NA,NA,NA,NA,NA,NA,NA,NA,NA,NA,NA,NA,NA,NA,NA,NA,NA,NA,NA,NA,NA,NA,NA,NA,NA,NA,NA,NA,NA,NA,NA,NA,NA,High,High,High,NA,NA,NA,NA,NA,NA,NA,NA,NA,NA,NA,NA,NA,NA,NA,NA,NA,NA,NA,NA,NA,NA,NA,NA,NA,NA,NA,NA,NA,NA,NA,NA,NA,NA,NA,NA,NA,NA,NA,NA,NA,NA,NA,NA,NA,NA,NA,NA,NA,NA,NA,NA,NA,NA,NA,NA,NA,NA
NA,NA,NA,NA,NA,NA,NA,NA,NA,NA,NA,NA,NA,NA,NA,NA,18,2025-06-16,18:11:53,2,4,"Bailey, Carson",826053,Left,BRE_WHI,"Williamson, Andrew",824713,Left,HYA_HAR,Undefined,1,Bottom,0,2,1,Fastball,Sinker,InPlay,Undefined,GroundBall,Out,2,0,NA,93.89643,-2.055049,3.104241,2180.627832,132.04754,10:30:00,5.88071,-1.80549,5.77133,-18.53438,13.76501,-13.97639,2.42015,-0.07861,84.78335,-5.559226,0.604839,0.409042,87.6109,-22.406779,-1.92353,NA,NA,NA,NA,7.29286,7.29286,-0.930222,0.049318,8.09906,7.99552,1.55729,50,5.69955,-6.73766,-135.97199,-5.49888,14.97042,33.34132,-17.39499,HYA_HAR,BRE_WHI,CCBLHyannis,Cape Cod Baseball League,CCBL,20250616-CCBLHyannis-2,e9163260-4afe-11f0-ac99-2d93a97aa58f,92.14799,2.42084,NA,9.11308,NA,NA,NA,1.4237899999999999,2.42084,0.07868,aecf949a-adfb-400b-9c8e-95fb9d4c8878,2025-06-16,22:11:53,2025-06-16T22:11:53Z,2025-06-16T22:11:53Z,GroundBall,v3,6101,6096,NA,"Tinney, Carson",806245,Right,BRE_WHI,48d83c0b-ec16-403d-825a-26701f1033d4,54.72598,-137.12593,16.67066,5.87945,-4.89684,-8.69749,1.79945,-7.25579,7.48521,NA,1.42174,118.98583000000001,NA,NA,NA,NA,NA,NA,NA,2.42168,-49.08655,NA,NA,NA,NA,NA,NA,NA,0.07875,-3.99609,NA,NA,NA,NA,NA,NA,NA,NA,NA,NA,NA,NA,NA,NA,NA,NA,NA,NA,NA,NA,NA,NA,NA,NA,NA,NA,NA,NA,NA,High,High,High,Estimated,Estimated,NA,NA,NA,NA,NA,NA,NA,NA,NA,NA,NA,NA,NA,NA,NA,NA,NA,NA,NA,NA,NA,NA,NA,NA,NA,NA,NA,NA,NA,NA,NA,NA,NA,NA,NA,NA,NA,NA,NA,NA,NA,NA,NA,NA,NA,NA,NA,NA,NA,NA,NA,NA,NA,NA,NA,NA
NA,NA,NA,NA,NA,NA,NA,NA,NA,NA,NA,NA,NA,NA,NA,NA,19,2025-06-16,18:12:32,3,1,"Bailey, Carson",826053,Left,BRE_WHI,"Velazquez, Ray",808918,Right,HYA_HAR,Undefined,1,Bottom,2,0,0,Fastball,Four-Seam,BallCalled,Undefined,Undefined,Undefined,0,0,NA,95.41977,-3.281906,3.540113,2354.922127,131.724144,10:30:00,6.05856,-1.38055,5.6256,-17.46469,14.24316,-14.62272,1.53152,0.70847,85.74833,-6.584533,0.933457,0.40528,NA,NA,NA,NA,NA,NA,NA,NA,NA,NA,NA,8.54186,8.63434,1.08809,50,5.76727,-7.82975,-137.85493,-8.50775,16.14679,35.70146,-15.85243,HYA_HAR,BRE_WHI,CCBLHyannis,Cape Cod Baseball League,CCBL,20250616-CCBLHyannis-2,00715a70-4aff-11f0-ac99-2d93a97aa58f,93.00356,NA,NA,9.67145,NA,NA,NA,NA,NA,NA,aecf949a-adfb-400b-9c8e-95fb9d4c8878,2025-06-16,22:12:32,2025-06-16T22:12:32Z,2025-06-16T22:12:32Z,NA,v3,6101,6096,NA,"Tinney, Carson",806245,Right,BRE_WHI,5cd732c3-d8ef-4836-be2c-f7298c69551c,54.87024,-139.1105,17.85073,6.0566700000000004,-7.95024,-7.92622,1.37343,-8.39761,8.07339,NA,NA,NA,NA,NA,NA,NA,NA,NA,NA,NA,NA,NA,NA,NA,NA,NA,NA,NA,NA,NA,NA,NA,NA,NA,NA,NA,NA,NA,NA,NA,NA,NA,NA,NA,NA,NA,NA,NA,NA,NA,NA,NA,NA,NA,NA,NA,NA,NA,NA,High,High,High,NA,NA,NA,NA,NA,NA,NA,NA,NA,NA,NA,NA,NA,NA,NA,NA,NA,NA,NA,NA,NA,NA,NA,NA,NA,NA,NA,NA,NA,NA,NA,NA,NA,NA,NA,NA,NA,NA,NA,NA,NA,NA,NA,NA,NA,NA,NA,NA,NA,NA,NA,NA,NA,NA,NA,NA,NA,NA
NA,NA,NA,NA,NA,NA,NA,NA,NA,NA,NA,NA,NA,NA,NA,NA,20,2025-06-16,18:12:50,3,2,"Bailey, Carson",826053,Left,BRE_WHI,"Velazquez, Ray",808918,Right,HYA_HAR,Undefined,1,Bottom,2,1,0,Fastball,Four-Seam,StrikeCalled,Undefined,Undefined,Undefined,0,0,NA,94.61635,-2.479446,3.693627,2184.569503,140.007391,10:45:00,5.91627,-1.64504,5.6868,-16.61088,15.41024,-11.94339,2.21478,0.80713,85.26483,-5.635215,1.563803,0.407277,NA,NA,NA,NA,NA,NA,NA,NA,NA,NA,NA,7.18075,8.92902,1.34128,50,5.69695,-8.26452,-136.8135,-6.4704,13.42748,33.96843,-15.47745,HYA_HAR,BRE_WHI,CCBLHyannis,Cape Cod Baseball League,CCBL,20250616-CCBLHyannis-2,0adf2f00-4aff-11f0-ac99-2d93a97aa58f,92.54747,NA,NA,9.35152,NA,NA,NA,NA,NA,NA,aecf949a-adfb-400b-9c8e-95fb9d4c8878,2025-06-16,22:12:50,2025-06-16T22:12:50Z,2025-06-16T22:12:50Z,NA,v3,6101,6096,NA,"Tinney, Carson",806245,Right,BRE_WHI,4b772ad0-a8a0-48e1-8c64-e367ff8c926a,54.80837,-138.00217,16.98422,5.9139,-5.9288,-7.73873,1.6387,-8.7344,6.71374,NA,NA,NA,NA,NA,NA,NA,NA,NA,NA,NA,NA,NA,NA,NA,NA,NA,NA,NA,NA,NA,NA,NA,NA,NA,NA,NA,NA,NA,NA,NA,NA,NA,NA,NA,NA,NA,NA,NA,NA,NA,NA,NA,NA,NA,NA,NA,NA,NA,NA,High,High,High,NA,NA,NA,NA,NA,NA,NA,NA,NA,NA,NA,NA,NA,NA,NA,NA,NA,NA,NA,NA,NA,NA,NA,NA,NA,NA,NA,NA,NA,NA,NA,NA,NA,NA,NA,NA,NA,NA,NA,NA,NA,NA,NA,NA,NA,NA,NA,NA,NA,NA,NA,NA,NA,NA,NA,NA,NA,NA
NA,NA,NA,NA,NA,NA,NA,NA,NA,NA,NA,NA,NA,NA,NA,NA,21,2025-06-16,18:13:07,3,3,"Bailey, Carson",826053,Left,BRE_WHI,"Velazquez, Ray",808918,Right,HYA_HAR,Undefined,1,Bottom,2,1,1,Sinker,Sinker,BallCalled,Undefined,Undefined,Undefined,0,0,NA,94.04857,-1.603949,1.838504,2188.262963,122.061771,10:00:00,5.8081,-1.83028,5.4645,-21.33505,11.23162,-16.05076,2.52782,-1.44653,84.82181,-5.59034,-1.020121,0.410731,NA,NA,NA,NA,NA,NA,NA,NA,NA,NA,NA,8.57902,6.50705,1.67935,50,5.65263,-3.59044,-136.22794,-4.59424,15.89733,33.81194,-20.11615,HYA_HAR,BRE_WHI,CCBLHyannis,Cape Cod Baseball League,CCBL,20250616-CCBLHyannis-2,14efa150-4aff-11f0-ac99-2d93a97aa58f,91.76905,NA,NA,9.22677,NA,NA,NA,NA,NA,NA,aecf949a-adfb-400b-9c8e-95fb9d4c8878,2025-06-16,22:13:07,2025-06-16T22:13:07Z,2025-06-16T22:13:07Z,NA,v3,6101,6096,NA,"Tinney, Carson",806245,Right,BRE_WHI,f1848b1a-3bc7-45f3-80c7-0f7c625d3fbf,55.03068,-137.47089,16.90597,5.80793,-3.85476,-10.05807,1.82208,-4.17484,7.94866,NA,NA,NA,NA,NA,NA,NA,NA,NA,NA,NA,NA,NA,NA,NA,NA,NA,NA,NA,NA,NA,NA,NA,NA,NA,NA,NA,NA,NA,NA,NA,NA,NA,NA,NA,NA,NA,NA,NA,NA,NA,NA,NA,NA,NA,NA,NA,NA,NA,NA,High,High,High,NA,NA,NA,NA,NA,NA,NA,NA,NA,NA,NA,NA,NA,NA,NA,NA,NA,NA,NA,NA,NA,NA,NA,NA,NA,NA,NA,NA,NA,NA,NA,NA,NA,NA,NA,NA,NA,NA,NA,NA,NA,NA,NA,NA,NA,NA,NA,NA,NA,NA,NA,NA,NA,NA,NA,NA,NA,NA
NA,NA,NA,NA,NA,NA,NA,NA,NA,NA,NA,NA,NA,NA,NA,NA,22,2025-06-16,18:13:24,3,4,"Bailey, Carson",826053,Left,BRE_WHI,"Velazquez, Ray",808918,Right,HYA_HAR,Undefined,1,Bottom,2,2,1,Fastball,Sinker,InPlay,Undefined,LineDrive,Single,0,0,NA,94.2107,-1.624243,3.353815,2217.431246,128.524417,10:15:00,5.80891,-1.67905,5.68332,-19.80977,12.4578,-14.16603,2.64111,0.27018,84.84081,-5.356409,0.82564,0.408841,85.23337,10.488514,-1.007115,1600.086702,109.95299,11.89695,3.2157,180.13234,180.13234,3.439302,1.862302,8.29201,7.18835,1.40557,50,5.65977,-7.34024,-136.37924,-4.55549,15.37953,34.24712,-18.84154,HYA_HAR,BRE_WHI,CCBLHyannis,Cape Cod Baseball League,CCBL,20250616-CCBLHyannis-2,1f8e9800-4aff-11f0-ac99-2d93a97aa58f,92.19334,12.24195,NA,9.36988,NA,NA,NA,1.00649,2.60913,-0.24923,aecf949a-adfb-400b-9c8e-95fb9d4c8878,2025-06-16,22:13:24,2025-06-16T22:13:24Z,2025-06-16T22:13:24Z,LineDrive,v3,6101,6096,NA,"Tinney, Carson",806245,Right,BRE_WHI,d14ccb9a-ed74-431f-bd0b-59b0412aa46e,54.81408,-137.58283,17.12356,5.80824,-3.89331,-9.42077,1.67303,-7.88075,7.68977,230.461389,1.00649,122.90103,-19.3983,3.63623,-0.67628,0.10408,-0.01458,0.00184,-1.3e-4,2.60913,22.7564,-13.77157,0.35254,0.07146,-0.02885,0.00923,-0.0015,1e-4,-0.24923,-2.16049,7.49932,-2.6897,0.78333,-0.18826,0.03921,-0.00601,4.8e-4,NA,NA,NA,NA,NA,NA,NA,NA,NA,NA,NA,NA,NA,NA,NA,NA,NA,NA,NA,NA,NA,NA,High,High,High,High,High,NA,NA,NA,NA,NA,NA,NA,NA,NA,NA,NA,NA,NA,NA,NA,NA,NA,NA,NA,NA,NA,NA,NA,NA,NA,NA,NA,NA,NA,NA,NA,NA,NA,NA,NA,NA,NA,NA,NA,NA,NA,NA,NA,NA,NA,NA,NA,NA,NA,NA,NA,NA,NA,NA,NA,NA
NA,NA,NA,NA,NA,NA,NA,NA,NA,NA,NA,NA,NA,NA,NA,NA,23,2025-06-16,18:14:07,4,1,"Bailey, Carson",826053,Left,BRE_WHI,"Bailey, Myles",815343,Left,HYA_HAR,Undefined,1,Bottom,2,0,0,Sinker,Sinker,FoulBallNotFieldable,Undefined,Undefined,Undefined,0,0,NA,94.37179,-1.802456,3.044021,2224.687112,111.795587,09:45:00,5.73837,-1.9802,5.79856,-23.13993,9.10056,-19.63481,2.13064,-0.7825,84.4731,-6.146836,-0.471971,0.40867,NA,NA,NA,NA,NA,NA,NA,NA,NA,NA,NA,11.06257,5.61599,1.74175,50,5.57644,-6.35934,-136.57897,-5.12118,20.41036,36.597,-21.81255,HYA_HAR,BRE_WHI,CCBLHyannis,Cape Cod Baseball League,CCBL,20250616-CCBLHyannis-2,393b5130-4aff-11f0-ac99-2d93a97aa58f,92.23207,NA,NA,9.89868,NA,NA,NA,NA,NA,NA,aecf949a-adfb-400b-9c8e-95fb9d4c8878,2025-06-16,22:14:07,2025-06-16T22:14:07Z,2025-06-16T22:14:07Z,NA,v3,6101,6096,NA,"Tinney, Carson",806245,Right,BRE_WHI,9e29e18c-d0eb-470d-a268-613913827998,54.69833,-137.83216,18.2985,5.73902,-4.37426,-10.90627,1.97148,-7.05825,10.20518,NA,NA,NA,NA,NA,NA,NA,NA,NA,NA,NA,NA,NA,NA,NA,NA,NA,NA,NA,NA,NA,NA,NA,NA,NA,NA,NA,NA,NA,NA,NA,NA,NA,NA,NA,NA,NA,NA,NA,NA,NA,NA,NA,NA,NA,NA,NA,NA,NA,NA,High,High,High,NA,NA,NA,NA,NA,NA,NA,NA,NA,NA,NA,NA,NA,NA,NA,NA,NA,NA,NA,NA,NA,NA,NA,NA,NA,NA,NA,NA,NA,NA,NA,NA,NA,NA,NA,NA,NA,NA,NA,NA,NA,NA,NA,NA,NA,NA,NA,NA,NA,NA,NA,NA,NA,NA,NA,NA,NA,NA
NA,NA,NA,NA,NA,NA,NA,NA,NA,NA,NA,NA,NA,NA,NA,NA,24,2025-06-16,18:14:28,4,2,"Bailey, Carson",826053,Left,BRE_WHI,"Bailey, Myles",815343,Left,HYA_HAR,Undefined,1,Bottom,2,0,1,Slider,Slider,StrikeCalled,Undefined,Undefined,Undefined,0,0,NA,82.4409,0.685254,1.472023,2287.652676,328.926529,05:00:00,5.72427,-1.71882,5.10572,-50.90562,-8.15174,5.78386,2.12803,0.15041,75.12037,-8.522206,2.49655,0.470608,NA,NA,NA,NA,NA,NA,NA,NA,NA,NA,NA,-2.41906,-3.84008,1.57531,50,5.74895,-3.32063,-119.53,-0.50322,-3.46077,25.43767,-37.66774,HYA_HAR,BRE_WHI,CCBLHyannis,Cape Cod Baseball League,CCBL,20250616-CCBLHyannis-2,4556fcd0-4aff-11f0-ac99-2d93a97aa58f,80.0931,NA,NA,7.32052,NA,NA,NA,NA,NA,NA,aecf949a-adfb-400b-9c8e-95fb9d4c8878,2025-06-16,22:14:28,2025-06-16T22:14:28Z,2025-06-16T22:14:28Z,NA,v3,6101,6096,NA,"Tinney, Carson",806245,Right,BRE_WHI,e2215fdc-c3f6-451f-bf14-9ab89178a747,55.39387,-120.67243,12.71884,5.73356,1.18848,-18.83387,1.72095,-3.16521,-1.73038,NA,NA,NA,NA,NA,NA,NA,NA,NA,NA,NA,NA,NA,NA,NA,NA,NA,NA,NA,NA,NA,NA,NA,NA,NA,NA,NA,NA,NA,NA,NA,NA,NA,NA,NA,NA,NA,NA,NA,NA,NA,NA,NA,NA,NA,NA,NA,NA,NA,NA,High,High,High,NA,NA,NA,NA,NA,NA,NA,NA,NA,NA,NA,NA,NA,NA,NA,NA,NA,NA,NA,NA,NA,NA,NA,NA,NA,NA,NA,NA,NA,NA,NA,NA,NA,NA,NA,NA,NA,NA,NA,NA,NA,NA,NA,NA,NA,NA,NA,NA,NA,NA,NA,NA,NA,NA,NA,NA,NA,NA
NA,NA,NA,NA,NA,NA,NA,NA,NA,NA,NA,NA,NA,NA,NA,NA,25,2025-06-16,18:14:50,4,3,"Bailey, Carson",826053,Left,BRE_WHI,"Bailey, Myles",815343,Left,HYA_HAR,Undefined,1,Bottom,2,0,2,Fastball,Four-Seam,BallCalled,Undefined,Undefined,Undefined,0,0,NA,94.38065,-3.385053,1.342993,2184.929323,143.00631,10:45:00,6.01568,-1.61495,5.46171,-17.42753,14.55351,-10.18347,1.39046,-1.20632,86.33828,-6.63575,-0.470905,0.407022,NA,NA,NA,NA,NA,NA,NA,NA,NA,NA,NA,5.52587,8.60052,1.50395,50,5.70554,-2.73226,-136.78121,-8.70572,10.46286,30.32824,-15.88953,HYA_HAR,BRE_WHI,CCBLHyannis,Cape Cod Baseball League,CCBL,20250616-CCBLHyannis-2,52e37680-4aff-11f0-ac99-2d93a97aa58f,92.60548,NA,NA,8.04237,NA,NA,NA,NA,NA,NA,aecf949a-adfb-400b-9c8e-95fb9d4c8878,2025-06-16,22:14:50,2025-06-16T22:14:50Z,2025-06-16T22:14:50Z,NA,v3,6101,6096,NA,"Tinney, Carson",806245,Right,BRE_WHI,678b40e4-e008-4d25-afb5-5f9260320c7b,55.03706,-137.89354,15.16412,6.01415,-8.12295,-7.94476,1.61119,-3.11601,5.23143,NA,NA,NA,NA,NA,NA,NA,NA,NA,NA,NA,NA,NA,NA,NA,NA,NA,NA,NA,NA,NA,NA,NA,NA,NA,NA,NA,NA,NA,NA,NA,NA,NA,NA,NA,NA,NA,NA,NA,NA,NA,NA,NA,NA,NA,NA,NA,NA,NA,NA,High,High,High,NA,NA,NA,NA,NA,NA,NA,NA,NA,NA,NA,NA,NA,NA,NA,NA,NA,NA,NA,NA,NA,NA,NA,NA,NA,NA,NA,NA,NA,NA,NA,NA,NA,NA,NA,NA,NA,NA,NA,NA,NA,NA,NA,NA,NA,NA,NA,NA,NA,NA,NA,NA,NA,NA,NA,NA,NA,NA
NA,NA,NA,NA,NA,NA,NA,NA,NA,NA,NA,NA,NA,NA,NA,NA,26,2025-06-16,18:15:08,4,4,"Bailey, Carson",826053,Left,BRE_WHI,"Bailey, Myles",815343,Left,HYA_HAR,Undefined,1,Bottom,2,1,2,Fastball,Sinker,StrikeSwinging,Strikeout,Undefined,Undefined,0,0,NA,93.84185,-3.350147,2.689784,2200.715922,127.624137,10:15:00,5.97516,-1.43335,5.61694,-19.09347,13.38875,-15.8845,1.2504,-0.24489,85.10727,-6.926326,-0.145563,0.410199,NA,NA,NA,NA,NA,NA,NA,NA,NA,NA,NA,8.84855,8.14048,1.21402,50,5.67657,-5.64131,-135.80313,-8.61551,16.36823,32.36793,-17.11562,HYA_HAR,BRE_WHI,CCBLHyannis,Cape Cod Baseball League,CCBL,20250616-CCBLHyannis-2,5d8b46d0-4aff-11f0-ac99-2d93a97aa58f,91.88826,NA,NA,8.73458,NA,NA,NA,NA,NA,NA,aecf949a-adfb-400b-9c8e-95fb9d4c8878,2025-06-16,22:15:08,2025-06-16T22:15:08Z,2025-06-16T22:15:08Z,NA,v3,6101,6096,NA,"Tinney, Carson",806245,Right,BRE_WHI,a0d69449-162a-452f-9cea-bffb02ce4c51,54.88048,-136.96142,16.18396,5.97392,-8.00302,-8.55781,1.42638,-6.22705,8.18412,NA,NA,NA,NA,NA,NA,NA,NA,NA,NA,NA,NA,NA,NA,NA,NA,NA,NA,NA,NA,NA,NA,NA,NA,NA,NA,NA,NA,NA,NA,NA,NA,NA,NA,NA,NA,NA,NA,NA,NA,NA,NA,NA,NA,NA,NA,NA,NA,NA,NA,High,High,High,NA,NA,NA,NA,NA,NA,NA,NA,NA,NA,NA,NA,NA,NA,NA,NA,NA,NA,NA,NA,NA,NA,NA,NA,NA,NA,NA,NA,NA,NA,NA,NA,NA,NA,NA,NA,NA,NA,NA,NA,NA,NA,NA,NA,NA,NA,NA,NA,NA,NA,NA,NA,NA,NA,NA,NA,NA,NA
NA,NA,NA,NA,NA,NA,NA,NA,NA,NA,NA,NA,NA,NA,NA,NA,27,2025-06-16,18:17:29,1,1,"Blanco, Evan",702711,Left,HYA_HAR,"Tinney, Carson",806245,Right,BRE_WHI,Undefined,2,Top,0,0,0,Fastball,Four-Seam,BallCalled,Undefined,Undefined,Undefined,0,0,NA,85.57108,-1.980589,0.600864,2133.659632,157.867227,11:15:00,6.19779,-1.5039,5.06167,-19.08261,20.59289,-7.81733,2.73909,-1.58873,77.68356,-5.565371,-0.78093,0.453349,NA,NA,NA,NA,NA,NA,NA,NA,NA,NA,NA,4.05563,11.20953,1.45331,50,5.99518,-0.94832,-123.97403,-4.90028,6.26732,26.41876,-14.85152,HYA_HAR,BRE_WHI,CCBLHyannis,Cape Cod Baseball League,CCBL,20250616-CCBLHyannis-2,b15837f0-4aff-11f0-ac99-2d93a97aa58f,83.14224,NA,NA,7.88751,NA,NA,NA,NA,NA,NA,aecf949a-adfb-400b-9c8e-95fb9d4c8878,2025-06-16,22:17:29,2025-06-16T22:17:29Z,2025-06-16T22:17:29Z,NA,v3,6101,6096,NA,"Lackey, Vahn",822518,Right,HYA_HAR,7dda53b4-5578-4370-b94a-f8ec1efaec88,55.43452,-125.12677,13.20938,6.19485,-4.25226,-7.42576,1.50065,-1.22179,3.13366,NA,NA,NA,NA,NA,NA,NA,NA,NA,NA,NA,NA,NA,NA,NA,NA,NA,NA,NA,NA,NA,NA,NA,NA,NA,NA,NA,NA,NA,NA,NA,NA,NA,NA,NA,NA,NA,NA,NA,NA,NA,NA,NA,NA,NA,NA,NA,NA,NA,NA,High,High,High,NA,NA,NA,NA,NA,NA,NA,NA,NA,NA,NA,NA,NA,NA,NA,NA,NA,NA,NA,NA,NA,NA,NA,NA,NA,NA,NA,NA,NA,NA,NA,NA,NA,NA,NA,NA,NA,NA,NA,NA,NA,NA,NA,NA,NA,NA,NA,NA,NA,NA,NA,NA,NA,NA,NA,NA,NA,NA
NA,NA,NA,NA,NA,NA,NA,NA,NA,NA,NA,NA,NA,NA,NA,NA,28,2025-06-16,18:17:44,1,2,"Blanco, Evan",702711,Left,HYA_HAR,"Tinney, Carson",806245,Right,BRE_WHI,Undefined,2,Top,0,1,0,ChangeUp,Changeup,BallCalled,Undefined,Undefined,Undefined,0,0,NA,78.64283,2.709368,1.226893,2100.527702,142.366588,10:45:00,5.82958,-2.22593,4.74638,-31.3986,16.10068,-11.21154,5.7853,-1.99637,71.25045,-3.077837,-0.740636,0.496038,NA,NA,NA,NA,NA,NA,NA,NA,NA,NA,NA,5.80973,7.55815,2.11295,50,6.07541,-1.95007,-113.80679,4.3192,7.58977,21.6497,-22.30015,HYA_HAR,BRE_WHI,CCBLHyannis,Cape Cod Baseball League,CCBL,20250616-CCBLHyannis-2,ba407df0-4aff-11f0-ac99-2d93a97aa58f,75.987,NA,NA,7.39238,NA,NA,NA,NA,NA,NA,aecf949a-adfb-400b-9c8e-95fb9d4c8878,2025-06-16,22:17:44,2025-06-16T22:17:44Z,2025-06-16T22:17:44Z,NA,v3,6101,6096,NA,"Lackey, Vahn",822518,Right,HYA_HAR,53dc67fc-ab7c-4ddf-b122-62a5bce53191,55.74852,-114.89513,10.82485,5.8301,5.44024,-11.15008,2.22057,-2.33161,3.79489,NA,NA,NA,NA,NA,NA,NA,NA,NA,NA,NA,NA,NA,NA,NA,NA,NA,NA,NA,NA,NA,NA,NA,NA,NA,NA,NA,NA,NA,NA,NA,NA,NA,NA,NA,NA,NA,NA,NA,NA,NA,NA,NA,NA,NA,NA,NA,NA,NA,NA,High,High,High,NA,NA,NA,NA,NA,NA,NA,NA,NA,NA,NA,NA,NA,NA,NA,NA,NA,NA,NA,NA,NA,NA,NA,NA,NA,NA,NA,NA,NA,NA,NA,NA,NA,NA,NA,NA,NA,NA,NA,NA,NA,NA,NA,NA,NA,NA,NA,NA,NA,NA,NA,NA,NA,NA,NA,NA,NA,NA
NA,NA,NA,NA,NA,NA,NA,NA,NA,NA,NA,NA,NA,NA,NA,NA,29,2025-06-16,18:18:03,1,3,"Blanco, Evan",702711,Left,HYA_HAR,"Tinney, Carson",806245,Right,BRE_WHI,Undefined,2,Top,0,2,0,ChangeUp,Changeup,StrikeSwinging,Undefined,Undefined,Undefined,0,0,NA,78.10673,-0.883341,3.646369,2109.651496,137.930146,10:30:00,5.84027,-2.11825,4.79658,-29.54679,19.14347,-15.61111,2.53922,0.04079,70.24845,-6.362168,0.90722,0.502218,NA,NA,NA,NA,NA,NA,NA,NA,NA,NA,NA,8.82182,10.203,1.76873,50,5.72762,-6.52077,-112.81192,-2.70563,11.18487,23.61697,-19.23801,HYA_HAR,BRE_WHI,CCBLHyannis,Cape Cod Baseball League,CCBL,20250616-CCBLHyannis-2,c5b73700-4aff-11f0-ac99-2d93a97aa58f,75.05191,NA,NA,7.85828,NA,NA,NA,NA,NA,NA,aecf949a-adfb-400b-9c8e-95fb9d4c8878,2025-06-16,22:18:03,2025-06-16T22:18:03Z,2025-06-16T22:18:03Z,NA,v3,6101,6096,NA,"Lackey, Vahn",822518,Right,HYA_HAR,a0153baf-003a-4662-b3c9-183516267d22,55.69784,-113.99851,11.80848,5.83928,-1.73906,-9.61901,2.11047,-7.08273,5.59243,NA,NA,NA,NA,NA,NA,NA,NA,NA,NA,NA,NA,NA,NA,NA,NA,NA,NA,NA,NA,NA,NA,NA,NA,NA,NA,NA,NA,NA,NA,NA,NA,NA,NA,NA,NA,NA,NA,NA,NA,NA,NA,NA,NA,NA,NA,NA,NA,NA,NA,High,High,High,NA,NA,NA,NA,NA,NA,NA,NA,NA,NA,NA,NA,NA,NA,NA,NA,NA,NA,NA,NA,NA,NA,NA,NA,NA,NA,NA,NA,NA,NA,NA,NA,NA,NA,NA,NA,NA,NA,NA,NA,NA,NA,NA,NA,NA,NA,NA,NA,NA,NA,NA,NA,NA,NA,NA,NA,NA,NA
NA,NA,NA,NA,NA,NA,NA,NA,NA,NA,NA,NA,NA,NA,NA,NA,30,2025-06-16,18:18:21,1,4,"Blanco, Evan",702711,Left,HYA_HAR,"Tinney, Carson",806245,Right,BRE_WHI,Undefined,2,Top,0,2,1,ChangeUp,Changeup,BallCalled,Undefined,Undefined,Undefined,0,0,NA,78.37813,1.050813,1.402204,2103.579091,134.214436,10:30:00,5.79675,-2.19276,4.88432,-32.00088,16.00717,-14.64509,4.12455,-2.08634,70.47545,-4.879722,-1.176426,0.498687,NA,NA,NA,NA,NA,NA,NA,NA,NA,NA,NA,7.6178,8.04445,2.06808,50,5.87394,-2.14776,-113.41209,1.01995,9.7679,23.74251,-21.8591,HYA_HAR,BRE_WHI,CCBLHyannis,Cape Cod Baseball League,CCBL,20250616-CCBLHyannis-2,d033b190-4aff-11f0-ac99-2d93a97aa58f,75.58329,NA,NA,7.90268,NA,NA,NA,NA,NA,NA,aecf949a-adfb-400b-9c8e-95fb9d4c8878,2025-06-16,22:18:21,2025-06-16T22:18:21Z,2025-06-16T22:18:21Z,NA,v3,6101,6096,NA,"Lackey, Vahn",822518,Right,HYA_HAR,5b4d15a5-1d60-4e04-a2d1-2c305d150ccd,55.60965,-114.58044,11.87125,5.79729,2.09562,-10.92955,2.18559,-2.62843,4.88395,NA,NA,NA,NA,NA,NA,NA,NA,NA,NA,NA,NA,NA,NA,NA,NA,NA,NA,NA,NA,NA,NA,NA,NA,NA,NA,NA,NA,NA,NA,NA,NA,NA,NA,NA,NA,NA,NA,NA,NA,NA,NA,NA,NA,NA,NA,NA,NA,NA,NA,High,High,High,NA,NA,NA,NA,NA,NA,NA,NA,NA,NA,NA,NA,NA,NA,NA,NA,NA,NA,NA,NA,NA,NA,NA,NA,NA,NA,NA,NA,NA,NA,NA,NA,NA,NA,NA,NA,NA,NA,NA,NA,NA,NA,NA,NA,NA,NA,NA,NA,NA,NA,NA,NA,NA,NA,NA,NA,NA,NA
NA,NA,NA,NA,NA,NA,NA,NA,NA,NA,NA,NA,NA,NA,NA,NA,31,2025-06-16,18:18:36,1,5,"Blanco, Evan",702711,Left,HYA_HAR,"Tinney, Carson",806245,Right,BRE_WHI,Undefined,2,Top,0,3,1,Fastball,Four-Seam,BallCalled,Walk,Undefined,Undefined,0,0,NA,87.45,-4.347902,1.811227,2192.917724,160.019677,11:15:00,6.08624,-1.57913,5.14168,-17.06139,21.37887,-7.23575,0.56066,-0.47614,78.76036,-7.57368,0.530869,0.446236,NA,NA,NA,NA,NA,NA,NA,NA,NA,NA,NA,4.25126,12.55556,1.41552,50,5.6661,-3.67237,-126.27384,-10.14139,6.7393,30.0729,-12.27033,HYA_HAR,BRE_WHI,CCBLHyannis,Cape Cod Baseball League,CCBL,20250616-CCBLHyannis-2,d9998c00-4aff-11f0-ac99-2d93a97aa58f,84.46751,NA,NA,8.68964,NA,NA,NA,NA,NA,NA,aecf949a-adfb-400b-9c8e-95fb9d4c8878,2025-06-16,22:18:36,2025-06-16T22:18:36Z,2025-06-16T22:18:36Z,NA,v3,6101,6096,NA,"Lackey, Vahn",822518,Right,HYA_HAR,da95b749-6593-49d2-96fb-48cf15987493,55.35605,-127.54304,15.03645,6.08318,-9.62354,-6.13516,1.57651,-3.9568,3.36965,NA,NA,NA,NA,NA,NA,NA,NA,NA,NA,NA,NA,NA,NA,NA,NA,NA,NA,NA,NA,NA,NA,NA,NA,NA,NA,NA,NA,NA,NA,NA,NA,NA,NA,NA,NA,NA,NA,NA,NA,NA,NA,NA,NA,NA,NA,NA,NA,NA,NA,High,High,High,NA,NA,NA,NA,NA,NA,NA,NA,NA,NA,NA,NA,NA,NA,NA,NA,NA,NA,NA,NA,NA,NA,NA,NA,NA,NA,NA,NA,NA,NA,NA,NA,NA,NA,NA,NA,NA,NA,NA,NA,NA,NA,NA,NA,NA,NA,NA,NA,NA,NA,NA,NA,NA,NA,NA,NA,NA,NA
NA,NA,NA,NA,NA,NA,NA,NA,NA,NA,NA,NA,NA,NA,NA,NA,32,2025-06-16,18:19:08,2,1,"Blanco, Evan",702711,Left,HYA_HAR,"Cyr, Blake",701331,Right,BRE_WHI,Undefined,2,Top,0,0,0,ChangeUp,Changeup,FoulBallNotFieldable,Undefined,Undefined,Undefined,0,0,NA,78.30094,-0.911827,3.244318,1988.650948,136.284295,10:30:00,5.85783,-2.19738,4.9458,-30.04313,18.00469,-15.50528,2.49111,-0.42035,70.59731,-6.482567,0.51419,0.498894,73.13177,72.587189,94.820317,NA,NA,NA,NA,120.65827,38.04627,121.689271,4.885408,8.73414,9.69532,1.89586,50,5.74538,-5.7743,-113.21629,-2.77719,11.16536,23.58091,-19.77998,HYA_HAR,BRE_WHI,CCBLHyannis,Cape Cod Baseball League,CCBL,20250616-CCBLHyannis-2,ecb3af00-4aff-11f0-ac99-2d93a97aa58f,75.552,107.98138,NA,7.70363,NA,NA,NA,1.38935,3.9125,1.15343,aecf949a-adfb-400b-9c8e-95fb9d4c8878,2025-06-16,22:19:08,2025-06-16T22:19:08Z,2025-06-16T22:19:08Z,Popup,v3,6101,6096,NA,"Lackey, Vahn",822518,Right,HYA_HAR,99b2508e-e5d5-4261-9805-59c08f41e6a6,55.55056,-114.36652,11.79045,5.85731,-1.81236,-9.88999,2.19081,-6.31893,5.58268,NA,1.3835,-2.59571,-11.71874,5.30323,-1.47982,0.21465,0.00854,-0.0067,5.6e-4,3.91963,102.15694,-31.01265,2.62278,0.99263,-0.80155,0.2356,-0.03308,0.00182,1.15921,31.85664,-3.3764,-0.49121,0.79712,-0.35705,0.07901,-0.00851,3.5e-4,NA,NA,NA,NA,NA,NA,NA,NA,NA,NA,NA,NA,NA,NA,NA,NA,NA,NA,NA,NA,NA,NA,High,High,High,Medium,Low,NA,NA,NA,NA,NA,NA,NA,NA,NA,NA,NA,NA,NA,NA,NA,NA,NA,NA,NA,NA,NA,NA,NA,NA,NA,NA,NA,NA,NA,NA,NA,NA,NA,NA,NA,NA,NA,NA,NA,NA,NA,NA,NA,NA,NA,NA,NA,NA,NA,NA,NA,NA,NA,NA,NA,NA
NA,NA,NA,NA,NA,NA,NA,NA,NA,NA,NA,NA,NA,NA,NA,NA,33,2025-06-16,18:19:31,2,2,"Blanco, Evan",702711,Left,HYA_HAR,"Cyr, Blake",701331,Right,BRE_WHI,Undefined,2,Top,0,0,1,Fastball,Four-Seam,BallCalled,Undefined,Undefined,Undefined,0,0,NA,86.60719,-2.880062,0.56857,2173.351313,159.729356,11:15:00,6.0778,-1.65456,5.16955,-17.96477,21.331,-7.29493,1.86793,-1.72738,77.36203,-6.30323,-0.723597,0.451174,NA,NA,NA,NA,NA,NA,NA,NA,NA,NA,NA,3.82811,12.07123,1.60744,50,5.79665,-0.90985,-125.16509,-6.84051,5.92115,31.1435,-13.5028,HYA_HAR,BRE_WHI,CCBLHyannis,Cape Cod Baseball League,CCBL,20250616-CCBLHyannis-2,fa457fe0-4aff-11f0-ac99-2d93a97aa58f,83.54296,NA,NA,9.24516,NA,NA,NA,NA,NA,NA,aecf949a-adfb-400b-9c8e-95fb9d4c8878,2025-06-16,22:19:31,2025-06-16T22:19:31Z,2025-06-16T22:19:31Z,NA,v3,6101,6096,NA,"Lackey, Vahn",822518,Right,HYA_HAR,1e9deed2-03f2-4de6-a04d-db8e912fcaaa,55.32429,-126.48294,15.57175,6.07402,-6.26913,-6.7514,1.65125,-1.1604,2.96057,NA,NA,NA,NA,NA,NA,NA,NA,NA,NA,NA,NA,NA,NA,NA,NA,NA,NA,NA,NA,NA,NA,NA,NA,NA,NA,NA,NA,NA,NA,NA,NA,NA,NA,NA,NA,NA,NA,NA,NA,NA,NA,NA,NA,NA,NA,NA,NA,NA,NA,High,High,High,NA,NA,NA,NA,NA,NA,NA,NA,NA,NA,NA,NA,NA,NA,NA,NA,NA,NA,NA,NA,NA,NA,NA,NA,NA,NA,NA,NA,NA,NA,NA,NA,NA,NA,NA,NA,NA,NA,NA,NA,NA,NA,NA,NA,NA,NA,NA,NA,NA,NA,NA,NA,NA,NA,NA,NA,NA,NA
NA,NA,NA,NA,NA,NA,NA,NA,NA,NA,NA,NA,NA,NA,NA,NA,34,2025-06-16,18:19:51,2,3,"Blanco, Evan",702711,Left,HYA_HAR,"Cyr, Blake",701331,Right,BRE_WHI,Undefined,2,Top,0,1,1,ChangeUp,Changeup,StrikeCalled,Undefined,Undefined,Undefined,0,0,NA,77.70553,-0.03851,2.265948,2006.250087,122.997285,10:00:00,5.74987,-2.17177,4.97707,-36.1275,12.78198,-16.79477,2.70285,-1.43015,69.76148,-6.705647,-0.697184,0.503347,NA,NA,NA,NA,NA,NA,NA,NA,NA,NA,NA,9.00756,6.87307,1.9673,50,5.71757,-3.73772,-112.37862,-1.28055,11.28613,24.20446,-23.56235,HYA_HAR,BRE_WHI,CCBLHyannis,Cape Cod Baseball League,CCBL,20250616-CCBLHyannis-2,05c5fcf0-4b00-11f0-ac99-2d93a97aa58f,74.88354,NA,NA,7.94404,NA,NA,NA,NA,NA,NA,aecf949a-adfb-400b-9c8e-95fb9d4c8878,2025-06-16,22:19:51,2025-06-16T22:19:51Z,2025-06-16T22:19:51Z,NA,v3,6101,6096,NA,"Lackey, Vahn",822518,Right,HYA_HAR,f1718263-de40-45e9-892f-4010aa1a0b17,55.51695,-113.56066,12.10223,5.75201,-0.12987,-11.78117,2.16329,-4.28888,5.64306,NA,NA,NA,NA,NA,NA,NA,NA,NA,NA,NA,NA,NA,NA,NA,NA,NA,NA,NA,NA,NA,NA,NA,NA,NA,NA,NA,NA,NA,NA,NA,NA,NA,NA,NA,NA,NA,NA,NA,NA,NA,NA,NA,NA,NA,NA,NA,NA,NA,NA,High,High,High,NA,NA,NA,NA,NA,NA,NA,NA,NA,NA,NA,NA,NA,NA,NA,NA,NA,NA,NA,NA,NA,NA,NA,NA,NA,NA,NA,NA,NA,NA,NA,NA,NA,NA,NA,NA,NA,NA,NA,NA,NA,NA,NA,NA,NA,NA,NA,NA,NA,NA,NA,NA,NA,NA,NA,NA,NA,NA
NA,NA,NA,NA,NA,NA,NA,NA,NA,NA,NA,NA,NA,NA,NA,NA,35,2025-06-16,18:20:09,2,4,"Blanco, Evan",702711,Left,HYA_HAR,"Cyr, Blake",701331,Right,BRE_WHI,Undefined,2,Top,0,1,2,ChangeUp,Changeup,FoulBallNotFieldable,Undefined,Undefined,Undefined,0,0,NA,78.62533,0.50355,2.907913,2050.15397,140.982529,10:45:00,5.70982,-2.29719,5.03553,-31.15041,16.35379,-11.829650000000001,3.58965,-0.53724,70.70909,-5.284078,0.821915,0.496064,66.66475,61.094985,139.840522,4339.571667,NA,NA,NA,NA,38.74918,NA,NA,6.82646,8.43418,2.02938,50,5.73392,-5.2872,-113.72609,-0.00824,8.79612,23.99561,-21.30629,HYA_HAR,BRE_WHI,CCBLHyannis,Cape Cod Baseball League,CCBL,20250616-CCBLHyannis-2,10fc78b0-4b00-11f0-ac99-2d93a97aa58f,75.98308,57.21163,NA,7.91623,NA,NA,NA,1.20025,3.58099,0.58641,aecf949a-adfb-400b-9c8e-95fb9d4c8878,2025-06-16,22:20:09,2025-06-16T22:20:09Z,2025-06-16T22:20:09Z,NA,v3,6101,6096,NA,"Lackey, Vahn",822518,Right,HYA_HAR,d6a37b88-3e75-42cf-a5ba-87151a374d3c,55.4603,-114.87241,11.99781,5.71001,1.0096,-10.65315,2.292,-5.70741,4.39806,NA,1.20025,-36.11882,-3.30426,1.68039,-0.48203,0.1312,-0.03806,0.00745,0.00122,3.58099,85.59424,-28.65887,3.63793,-0.77128,0.14816,-0.02847,1.6e-4,0.00268,0.58641,30.47901,-4.28472,0.54269,-0.05388,-0.0032,0.00467,-0.00337,9.1e-4,NA,NA,NA,NA,NA,NA,NA,NA,NA,NA,NA,NA,NA,NA,NA,NA,NA,NA,NA,NA,NA,NA,High,High,High,High,Undefined,NA,NA,NA,NA,NA,NA,NA,NA,NA,NA,NA,NA,NA,NA,NA,NA,NA,NA,NA,NA,NA,NA,NA,NA,NA,NA,NA,NA,NA,NA,NA,NA,NA,NA,NA,NA,NA,NA,NA,NA,NA,NA,NA,NA,NA,NA,NA,NA,NA,NA,NA,NA,NA,NA,NA,NA
NA,NA,NA,NA,NA,NA,NA,NA,NA,NA,NA,NA,NA,NA,NA,NA,36,2025-06-16,18:20:32,2,5,"Blanco, Evan",702711,Left,HYA_HAR,"Cyr, Blake",701331,Right,BRE_WHI,Undefined,2,Top,0,1,2,Fastball,Four-Seam,FoulBallFieldable,Undefined,Undefined,Undefined,0,0,NA,87.12352,-3.044231,1.276009,2227.408536,158.812389,11:15:00,6.04593,-1.78343,5.23734,-19.33115,19.25351,-6.88229,1.57032,-1.15743,78.19796,-6.695311,0.055495,0.447073,74.57826,38.316707,39.240774,4269.893849,74.17065,64.75071,81.23236,219.50135,154.06911,55.891724,4.511677,3.87839,11.07772,1.67147,50,5.75212,-2.49651,-125.96166,-7.31434,6.1016,30.54445,-14.74615,HYA_HAR,BRE_WHI,CCBLHyannis,Cape Cod Baseball League,CCBL,20250616-CCBLHyannis-2,1e5deac0-4b00-11f0-ac99-2d93a97aa58f,84.30931,66.90797,NA,8.92555,NA,NA,NA,0.70314,1.54499,1.21809,aecf949a-adfb-400b-9c8e-95fb9d4c8878,2025-06-16,22:20:32,2025-06-16T22:20:32Z,2025-06-16T22:20:32Z,FlyBall,v3,6101,6096,NA,"Lackey, Vahn",822518,Right,HYA_HAR,925d0adc-c49e-4a0a-9811-45576bc4d291,55.25799,-127.23028,15.27222,6.04319,-6.70188,-7.37308,1.78042,-2.74993,3.0508,NA,0.69636,66.64078,-20.78771,7.2653,-3.15362,1.28381,-0.3625,0.05652,-0.00355,1.54784,67.75865,-20.06434,1.22437,0.19209,-0.16193,0.04835,-0.00654,3.1e-4,1.22592,54.10752,-2.89743,-2.04081,1.75692,-0.77826,0.19311,-0.02426,0.00119,NA,NA,NA,NA,NA,NA,NA,NA,NA,NA,NA,NA,NA,NA,NA,NA,NA,NA,NA,NA,NA,NA,High,High,High,High,Medium,NA,NA,NA,NA,NA,NA,NA,NA,NA,NA,NA,NA,NA,NA,NA,NA,NA,NA,NA,NA,NA,NA,NA,NA,NA,NA,NA,NA,NA,NA,NA,NA,NA,NA,NA,NA,NA,NA,NA,NA,NA,NA,NA,NA,NA,NA,NA,NA,NA,NA,NA,NA,NA,NA,NA,NA
NA,NA,NA,NA,NA,NA,NA,NA,NA,NA,NA,NA,NA,NA,NA,NA,37,2025-06-16,18:21:04,2,6,"Blanco, Evan",702711,Left,HYA_HAR,"Cyr, Blake",701331,Right,BRE_WHI,Undefined,2,Top,0,1,2,ChangeUp,Changeup,InPlay,Undefined,LineDrive,Single,0,0,NA,77.80025,-0.626284,3.098792,1904.59105,140.515861,10:45:00,5.76764,-2.21887,5.01836,-31.7158,16.44442,-12.1706,2.53273,-0.30582,70.68647,-6.478514,0.952973,0.499477,71.79871,20.261022,-2.215175,1581.879378,109.9539,24.96262,-3.18032,203.67623,201.56537,-1.230698,2.643507,6.98796,8.81886,1.93221,50,5.68272,-5.6028,-112.6226,-2.26339,8.90796,21.8832,-20.9321,HYA_HAR,BRE_WHI,CCBLHyannis,Cape Cod Baseball League,CCBL,20250616-CCBLHyannis-2,31c0d690-4b00-11f0-ac99-2d93a97aa58f,75.46379,24.96145,NA,7.11379,NA,NA,NA,1.61004,2.58822,0.29754,aecf949a-adfb-400b-9c8e-95fb9d4c8878,2025-06-16,22:21:04,2025-06-16T22:21:04Z,2025-06-16T22:21:04Z,LineDrive,v3,6101,6096,NA,"Lackey, Vahn",822518,Right,HYA_HAR,84cdc44e-c60c-4e38-b984-858c8bc63778,55.47887,-113.68219,10.9416,5.76778,-1.24985,-10.46605,2.21394,-6.03412,4.45398,183.836215,1.61009,98.71259,-13.32194,2.78917,-0.44675,-0.00193,0.03373,-0.01073,0.0012,2.58817,36.46926,-15.61262,0.73604,-0.18546,0.11172,-0.05209,0.01379,-0.00148,0.29753,-3.81788,0.87546,0.02534,-0.06644,0.03567,-0.01351,0.00315,-3.1e-4,NA,NA,NA,NA,NA,NA,NA,NA,NA,NA,NA,NA,NA,NA,NA,NA,NA,NA,NA,NA,NA,NA,High,High,High,High,High,NA,NA,NA,NA,NA,NA,NA,NA,NA,NA,NA,NA,NA,NA,NA,NA,NA,NA,NA,NA,NA,NA,NA,NA,NA,NA,NA,NA,NA,NA,NA,NA,NA,NA,NA,NA,NA,NA,NA,NA,NA,NA,NA,NA,NA,NA,NA,NA,NA,NA,NA,NA,NA,NA,NA,NA
NA,NA,NA,NA,NA,NA,NA,NA,NA,NA,NA,NA,NA,NA,NA,NA,38,2025-06-16,18:21:51,3,1,"Blanco, Evan",702711,Left,HYA_HAR,"Meglio, Charlie",814963,Right,BRE_WHI,Undefined,2,Top,0,0,0,Fastball,Four-Seam,FoulBallNotFieldable,Undefined,Undefined,Undefined,0,0,NA,87.66647,-1.794057,1.847763,2133.313111,164.954059,11:30:00,6.11915,-1.63275,5.14602,-16.24552,21.86989,-5.48996,3.07483,-0.34998,78.64709,-4.904076,0.876743,0.444346,63.93022,48.322209,150.830415,4139.092751,NA,NA,NA,NA,31.41002,NA,NA,3.35382,11.89942,1.4643,50,5.93972,-3.84103,-126.83461,-4.46411,5.36161,30.44645,-13.15107,HYA_HAR,BRE_WHI,CCBLHyannis,Cape Cod Baseball League,CCBL,20250616-CCBLHyannis-2,4d662b70-4b00-11f0-ac99-2d93a97aa58f,84.82673,33.0651,NA,9.01938,NA,NA,NA,2.1874,3.17645,0.46963,aecf949a-adfb-400b-9c8e-95fb9d4c8878,2025-06-16,22:21:51,2025-06-16T22:21:51Z,2025-06-16T22:21:51Z,NA,v3,6101,6096,NA,"Lackey, Vahn",822518,Right,HYA_HAR,3156340e-dfbb-49e4-b431-5b450a821268,55.34947,-128.11231,15.22323,6.11548,-3.91222,-6.57553,1.63021,-4.06603,2.6808,NA,2.1874,-54.44077,-0.07736,1.14828,-0.38131,0.10761,-0.0251,0.00755,-0.00244,3.17645,70.03209,-28.67044,3.74582,-0.77996,0.15094,-0.05254,0.03336,-0.01041,0.46963,30.388,-2.03619,-0.74965,0.30747,-0.09519,0.01739,-0.00123,3.2e-4,NA,NA,NA,NA,NA,NA,NA,NA,NA,NA,NA,NA,NA,NA,NA,NA,NA,NA,NA,NA,NA,NA,High,High,High,High,Undefined,NA,NA,NA,NA,NA,NA,NA,NA,NA,NA,NA,NA,NA,NA,NA,NA,NA,NA,NA,NA,NA,NA,NA,NA,NA,NA,NA,NA,NA,NA,NA,NA,NA,NA,NA,NA,NA,NA,NA,NA,NA,NA,NA,NA,NA,NA,NA,NA,NA,NA,NA,NA,NA,NA,NA,NA
NA,NA,NA,NA,NA,NA,NA,NA,NA,NA,NA,NA,NA,NA,NA,NA,39,2025-06-16,18:22:17,3,2,"Blanco, Evan",702711,Left,HYA_HAR,"Meglio, Charlie",814963,Right,BRE_WHI,Undefined,2,Top,0,0,1,ChangeUp,Changeup,BallCalled,Undefined,Undefined,Undefined,0,0,NA,80.20096,-2.034872,2.464748,1622.7670660000001,144.570375,10:45:00,5.84774,-2.0286,5.01433,-38.74545,6.08843,-3.35339,0.69587,0.0196,74.11096,-9.032665,1.872126,0.48192,NA,NA,NA,NA,NA,NA,NA,NA,NA,NA,NA,2.34221,3.93981,1.79509,50,5.62107,-4.86801,-116.26886,-5.51282,3.21727,21.09485,-26.76232,HYA_HAR,BRE_WHI,CCBLHyannis,Cape Cod Baseball League,CCBL,20250616-CCBLHyannis-2,5d190790-4b00-11f0-ac99-2d93a97aa58f,78.21312,NA,NA,6.09,NA,NA,NA,NA,NA,NA,aecf949a-adfb-400b-9c8e-95fb9d4c8878,2025-06-16,22:22:17,2025-06-16T22:22:17Z,2025-06-16T22:22:17Z,NA,v3,6101,6096,NA,"Lackey, Vahn",822518,Right,HYA_HAR,375c64bf-d41a-416f-aa52-069cbd8e1860,55.48569,-117.25992,10.54742,5.85053,-4.25551,-13.38116,2.02734,-5.01916,1.60864,NA,NA,NA,NA,NA,NA,NA,NA,NA,NA,NA,NA,NA,NA,NA,NA,NA,NA,NA,NA,NA,NA,NA,NA,NA,NA,NA,NA,NA,NA,NA,NA,NA,NA,NA,NA,NA,NA,NA,NA,NA,NA,NA,NA,NA,NA,NA,NA,NA,NA,High,High,High,NA,NA,NA,NA,NA,NA,NA,NA,NA,NA,NA,NA,NA,NA,NA,NA,NA,NA,NA,NA,NA,NA,NA,NA,NA,NA,NA,NA,NA,NA,NA,NA,NA,NA,NA,NA,NA,NA,NA,NA,NA,NA,NA,NA,NA,NA,NA,NA,NA,NA,NA,NA,NA,NA,NA,NA,NA,NA
NA,NA,NA,NA,NA,NA,NA,NA,NA,NA,NA,NA,NA,NA,NA,NA,40,2025-06-16,18:22:40,3,3,"Blanco, Evan",702711,Left,HYA_HAR,"Meglio, Charlie",814963,Right,BRE_WHI,Undefined,2,Top,0,1,1,ChangeUp,Changeup,StrikeSwinging,Undefined,Undefined,Undefined,0,0,NA,77.17532,0.201256,3.214026,1977.205367,129.766353,10:15:00,5.81214,-2.32803,4.95531,-36.41959,12.19016,-12.8032,2.96763,-0.35508,70.74379,-6.45174,0.959657,0.501803,NA,NA,NA,NA,NA,NA,NA,NA,NA,NA,NA,7.19615,6.43213,2.02741,50,5.80206,-5.7564,-111.81835,-0.8355,9.13473,19.67114,-24.00916,HYA_HAR,BRE_WHI,CCBLHyannis,Cape Cod Baseball League,CCBL,20250616-CCBLHyannis-2,6adb5e50-4b00-11f0-ac99-2d93a97aa58f,75.11405,NA,NA,6.43153,NA,NA,NA,NA,NA,NA,aecf949a-adfb-400b-9c8e-95fb9d4c8878,2025-06-16,22:22:40,2025-06-16T22:22:40Z,2025-06-16T22:22:40Z,NA,v3,6101,6096,NA,"Lackey, Vahn",822518,Right,HYA_HAR,0218d482-da5d-460b-bed7-9e18d288988f,55.54251,-112.78917,9.83557,5.81406,0.34942,-12.00458,2.32263,-6.20723,4.56737,NA,NA,NA,NA,NA,NA,NA,NA,NA,NA,NA,NA,NA,NA,NA,NA,NA,NA,NA,NA,NA,NA,NA,NA,NA,NA,NA,NA,NA,NA,NA,NA,NA,NA,NA,NA,NA,NA,NA,NA,NA,NA,NA,NA,NA,NA,NA,NA,NA,NA,High,High,High,NA,NA,NA,NA,NA,NA,NA,NA,NA,NA,NA,NA,NA,NA,NA,NA,NA,NA,NA,NA,NA,NA,NA,NA,NA,NA,NA,NA,NA,NA,NA,NA,NA,NA,NA,NA,NA,NA,NA,NA,NA,NA,NA,NA,NA,NA,NA,NA,NA,NA,NA,NA,NA,NA,NA,NA,NA,NA
NA,NA,NA,NA,NA,NA,NA,NA,NA,NA,NA,NA,NA,NA,NA,NA,41,2025-06-16,18:23:02,3,4,"Blanco, Evan",702711,Left,HYA_HAR,"Meglio, Charlie",814963,Right,BRE_WHI,Undefined,2,Top,0,1,2,ChangeUp,Changeup,BallCalled,Undefined,Undefined,Undefined,0,0,NA,77.05046,-1.912101,2.224448,1927.33455,133.477191,10:30:00,5.7832,-2.22218,5.05472,-35.96907,12.58957,-11.6506,0.98047,-1.09414,70.96839,-8.461913,0.164217,0.501539,NA,NA,NA,NA,NA,NA,NA,NA,NA,NA,NA,6.46158,7.21587,2.02035,50,5.57266,-3.88429,-111.70892,-4.92318,8.1787,19.80518,-23.04059,HYA_HAR,BRE_WHI,CCBLHyannis,Cape Cod Baseball League,CCBL,20250616-CCBLHyannis-2,782eedb0-4b00-11f0-ac99-2d93a97aa58f,75.15357,NA,NA,6.08207,NA,NA,NA,NA,NA,NA,aecf949a-adfb-400b-9c8e-95fb9d4c8878,2025-06-16,22:23:02,2025-06-16T22:23:02Z,2025-06-16T22:23:02Z,NA,v3,6101,6096,NA,"Lackey, Vahn",822518,Right,HYA_HAR,84657baf-5dcb-414f-a6d0-01b181fed189,55.445,-112.67014,9.90259,5.78447,-3.80493,-11.5203,2.2185,-4.28124,4.08935,NA,NA,NA,NA,NA,NA,NA,NA,NA,NA,NA,NA,NA,NA,NA,NA,NA,NA,NA,NA,NA,NA,NA,NA,NA,NA,NA,NA,NA,NA,NA,NA,NA,NA,NA,NA,NA,NA,NA,NA,NA,NA,NA,NA,NA,NA,NA,NA,NA,NA,High,High,High,NA,NA,NA,NA,NA,NA,NA,NA,NA,NA,NA,NA,NA,NA,NA,NA,NA,NA,NA,NA,NA,NA,NA,NA,NA,NA,NA,NA,NA,NA,NA,NA,NA,NA,NA,NA,NA,NA,NA,NA,NA,NA,NA,NA,NA,NA,NA,NA,NA,NA,NA,NA,NA,NA,NA,NA,NA,NA
NA,NA,NA,NA,NA,NA,NA,NA,NA,NA,NA,NA,NA,NA,NA,NA,42,2025-06-16,18:23:24,3,5,"Blanco, Evan",702711,Left,HYA_HAR,"Meglio, Charlie",814963,Right,BRE_WHI,Undefined,2,Top,0,2,2,Fastball,Four-Seam,BallCalled,Undefined,Undefined,Undefined,0,0,NA,86.84936,-4.044388,0.881588,2167.737343,148.554245,11:00:00,6.14417,-1.68041,5.10188,-19.90603,18.56867,-10.55331,0.66765,-1.72909,79.30282,-7.735829,-0.986241,0.446436,NA,NA,NA,NA,NA,NA,NA,NA,NA,NA,NA,5.60166,10.85186,1.60619,50,5.74718,-1.47653,-125.69328,-9.56506,8.91626,26.67773,-14.90097,HYA_HAR,BRE_WHI,CCBLHyannis,Cape Cod Baseball League,CCBL,20250616-CCBLHyannis-2,84cce8b0-4b00-11f0-ac99-2d93a97aa58f,84.42969,NA,NA,7.54654,NA,NA,NA,NA,NA,NA,aecf949a-adfb-400b-9c8e-95fb9d4c8878,2025-06-16,22:23:24,2025-06-16T22:23:24Z,2025-06-16T22:23:24Z,NA,v3,6101,6096,NA,"Lackey, Vahn",822518,Right,HYA_HAR,d47110c1-44a2-47f8-84e5-c509fce85af3,55.39815,-126.83384,13.33886,6.14249,-8.92799,-7.45049,1.67746,-1.85772,4.45813,NA,NA,NA,NA,NA,NA,NA,NA,NA,NA,NA,NA,NA,NA,NA,NA,NA,NA,NA,NA,NA,NA,NA,NA,NA,NA,NA,NA,NA,NA,NA,NA,NA,NA,NA,NA,NA,NA,NA,NA,NA,NA,NA,NA,NA,NA,NA,NA,NA,NA,High,High,High,NA,NA,NA,NA,NA,NA,NA,NA,NA,NA,NA,NA,NA,NA,NA,NA,NA,NA,NA,NA,NA,NA,NA,NA,NA,NA,NA,NA,NA,NA,NA,NA,NA,NA,NA,NA,NA,NA,NA,NA,NA,NA,NA,NA,NA,NA,NA,NA,NA,NA,NA,NA,NA,NA,NA,NA,NA,NA
NA,NA,NA,NA,NA,NA,NA,NA,NA,NA,NA,NA,NA,NA,NA,NA,43,2025-06-16,18:23:46,3,6,"Blanco, Evan",702711,Left,HYA_HAR,"Meglio, Charlie",814963,Right,BRE_WHI,Undefined,2,Top,0,3,2,ChangeUp,Changeup,BallCalled,Walk,Undefined,Undefined,0,0,NA,77.01316,-0.024192,4.820178,2013.276237,127.663189,10:15:00,5.769,-2.18588,5.00941,-37.70254,11.64158,-12.86316,2.60421,1.30263,69.97089,-6.926394,2.559962,0.505579,NA,NA,NA,NA,NA,NA,NA,NA,NA,NA,NA,7.78839,6.27347,1.73325,50,5.73674,-8.85602,-111.2553,-1.30452,9.69664,21.20351,-24.36347,HYA_HAR,BRE_WHI,CCBLHyannis,Cape Cod Baseball League,CCBL,20250616-CCBLHyannis-2,91e40b50-4b00-11f0-ac99-2d93a97aa58f,74.553,NA,NA,7.04227,NA,NA,NA,NA,NA,NA,aecf949a-adfb-400b-9c8e-95fb9d4c8878,2025-06-16,22:23:46,2025-06-16T22:23:46Z,2025-06-16T22:23:46Z,NA,v3,6101,6096,NA,"Lackey, Vahn",822518,Right,HYA_HAR,943d4de6-d141-40e6-a99a-bd5694b27f25,55.48706,-112.29618,10.60176,5.77142,-0.10852,-12.18174,2.17968,-9.33203,4.84832,NA,NA,NA,NA,NA,NA,NA,NA,NA,NA,NA,NA,NA,NA,NA,NA,NA,NA,NA,NA,NA,NA,NA,NA,NA,NA,NA,NA,NA,NA,NA,NA,NA,NA,NA,NA,NA,NA,NA,NA,NA,NA,NA,NA,NA,NA,NA,NA,NA,NA,High,High,High,NA,NA,NA,NA,NA,NA,NA,NA,NA,NA,NA,NA,NA,NA,NA,NA,NA,NA,NA,NA,NA,NA,NA,NA,NA,NA,NA,NA,NA,NA,NA,NA,NA,NA,NA,NA,NA,NA,NA,NA,NA,NA,NA,NA,NA,NA,NA,NA,NA,NA,NA,NA,NA,NA,NA,NA,NA,NA
NA,NA,NA,NA,NA,NA,NA,NA,NA,NA,NA,NA,NA,NA,NA,NA,44,2025-06-16,18:24:20,4,1,"Blanco, Evan",702711,Left,HYA_HAR,"Paulsen, Erik",822807,Left,BRE_WHI,Undefined,2,Top,0,0,0,Fastball,Four-Seam,BallCalled,Undefined,Undefined,Undefined,0,0,NA,87.73085,-4.364797,3.300763,2250.344477,168.45064,11:30:00,6.07421,-1.58809,5.14221,-13.31516,24.63037,-4.75425,0.84008,1.12704,79.56914,-6.915925,2.461766,0.443355,NA,NA,NA,NA,NA,NA,NA,NA,NA,NA,NA,3.34059,13.93142,1.28251,50,5.65462,-7.08213,-126.60555,-10.04138,5.38235,27.61845,-9.72782,HYA_HAR,BRE_WHI,CCBLHyannis,Cape Cod Baseball League,CCBL,20250616-CCBLHyannis-2,a67da260-4b00-11f0-ac99-2d93a97aa58f,85.01639,NA,NA,8.16171,NA,NA,NA,NA,NA,NA,aecf949a-adfb-400b-9c8e-95fb9d4c8878,2025-06-16,22:24:20,2025-06-16T22:24:20Z,2025-06-16T22:24:20Z,NA,v3,6101,6096,NA,"Lackey, Vahn",822518,Right,HYA_HAR,5af3edfa-3453-4c1f-9451-b4ef682fcdbb,55.35314,-127.76797,13.80923,6.06864,-9.63195,-4.86391,1.58535,-7.30866,2.69117,NA,NA,NA,NA,NA,NA,NA,NA,NA,NA,NA,NA,NA,NA,NA,NA,NA,NA,NA,NA,NA,NA,NA,NA,NA,NA,NA,NA,NA,NA,NA,NA,NA,NA,NA,NA,NA,NA,NA,NA,NA,NA,NA,NA,NA,NA,NA,NA,NA,NA,High,High,High,NA,NA,NA,NA,NA,NA,NA,NA,NA,NA,NA,NA,NA,NA,NA,NA,NA,NA,NA,NA,NA,NA,NA,NA,NA,NA,NA,NA,NA,NA,NA,NA,NA,NA,NA,NA,NA,NA,NA,NA,NA,NA,NA,NA,NA,NA,NA,NA,NA,NA,NA,NA,NA,NA,NA,NA,NA,NA
NA,NA,NA,NA,NA,NA,NA,NA,NA,NA,NA,NA,NA,NA,NA,NA,45,2025-06-16,18:24:44,4,2,"Blanco, Evan",702711,Left,HYA_HAR,"Paulsen, Erik",822807,Left,BRE_WHI,Undefined,2,Top,0,1,0,ChangeUp,Changeup,StrikeSwinging,Undefined,Undefined,Undefined,0,0,NA,79.87902,-2.172187,2.4582,1495.86221,120.710883,10:00:00,5.84043,-2.10865,5.11325,-39.41073,6.12449,-7.68544,0.50699,-0.43189,73.04239,-9.329187,1.096993,0.485674,NA,NA,NA,NA,NA,NA,NA,NA,NA,NA,NA,4.61181,4.11114,1.88353,50,5.60503,-4.65494,-115.67077,-5.7614,6.19549,23.27724,-26.65114,HYA_HAR,BRE_WHI,CCBLHyannis,Cape Cod Baseball League,CCBL,20250616-CCBLHyannis-2,b4c9e9a0-4b00-11f0-ac99-2d93a97aa58f,77.60847,NA,NA,6.83663,NA,NA,NA,NA,NA,NA,aecf949a-adfb-400b-9c8e-95fb9d4c8878,2025-06-16,22:24:44,2025-06-16T22:24:44Z,2025-06-16T22:24:44Z,NA,v3,6101,6096,NA,"Lackey, Vahn",822518,Right,HYA_HAR,ed981e66-4fa9-426c-b71f-af245728e436,55.38585,-116.74957,11.63862,5.84343,-4.52623,-13.32557,2.10592,-4.94208,3.09774,NA,NA,NA,NA,NA,NA,NA,NA,NA,NA,NA,NA,NA,NA,NA,NA,NA,NA,NA,NA,NA,NA,NA,NA,NA,NA,NA,NA,NA,NA,NA,NA,NA,NA,NA,NA,NA,NA,NA,NA,NA,NA,NA,NA,NA,NA,NA,NA,NA,NA,High,High,High,NA,NA,NA,NA,NA,NA,NA,NA,NA,NA,NA,NA,NA,NA,NA,NA,NA,NA,NA,NA,NA,NA,NA,NA,NA,NA,NA,NA,NA,NA,NA,NA,NA,NA,NA,NA,NA,NA,NA,NA,NA,NA,NA,NA,NA,NA,NA,NA,NA,NA,NA,NA,NA,NA,NA,NA,NA,NA
NA,NA,NA,NA,NA,NA,NA,NA,NA,NA,NA,NA,NA,NA,NA,NA,46,2025-06-16,18:25:04,4,3,"Blanco, Evan",702711,Left,HYA_HAR,"Paulsen, Erik",822807,Left,BRE_WHI,Undefined,2,Top,0,1,1,Fastball,Four-Seam,FoulBallFieldable,Undefined,Undefined,Undefined,0,0,NA,87.09213,-1.769548,1.563687,2152.938208,156.350884,11:15:00,6.14738,-1.58054,5.0038,-16.20851,22.42663,-9.20193,3.1251,-0.87091,78.47409,-4.859047,-0.060145,0.447366,78.53455,-12.393137,55.879157,NA,NA,NA,NA,14.1207,11.30401,52.778337,0.132341,5.07122,12.08646,1.43826,50,5.96536,-3.01971,-126.068,-4.39595,8.0487,28.93015,-12.99124,HYA_HAR,BRE_WHI,CCBLHyannis,Cape Cod Baseball League,CCBL,20250616-CCBLHyannis-2,c0d17100-4b00-11f0-ac99-2d93a97aa58f,84.25422,3.7551,NA,8.61804,NA,NA,NA,0.5127,3.7551,-1.15599,aecf949a-adfb-400b-9c8e-95fb9d4c8878,2025-06-16,22:25:04,2025-06-16T22:25:04Z,2025-06-16T22:25:04Z,GroundBall,v3,6101,6096,NA,"Lackey, Vahn",822518,Right,HYA_HAR,b2bfb078-d0ec-4b09-aa9e-8c1beeeedd94,55.49264,-127.32222,14.46508,6.14373,-3.83273,-6.49562,1.57674,-3.36865,4.02435,NA,0.51252,63.12338,-18.52956,NA,NA,NA,NA,NA,NA,3.75525,-24.73578,-27.51214,NA,NA,NA,NA,NA,NA,-1.15633,93.16747,4.06213,NA,NA,NA,NA,NA,NA,NA,NA,NA,NA,NA,NA,NA,NA,NA,NA,NA,NA,NA,NA,NA,NA,NA,NA,NA,NA,NA,NA,High,High,High,Low,Low,NA,NA,NA,NA,NA,NA,NA,NA,NA,NA,NA,NA,NA,NA,NA,NA,NA,NA,NA,NA,NA,NA,NA,NA,NA,NA,NA,NA,NA,NA,NA,NA,NA,NA,NA,NA,NA,NA,NA,NA,NA,NA,NA,NA,NA,NA,NA,NA,NA,NA,NA,NA,NA,NA,NA,NA
NA,NA,NA,NA,NA,NA,NA,NA,NA,NA,NA,NA,NA,NA,NA,NA,47,2025-06-16,18:25:28,4,4,"Blanco, Evan",702711,Left,HYA_HAR,"Paulsen, Erik",822807,Left,BRE_WHI,Undefined,2,Top,0,1,2,ChangeUp,Slider,InPlay,Undefined,GroundBall,Out,2,0,NA,80.29321,-1.39002,2.870356,1542.473165,99.07992,09:15:00,5.925,-1.98179,5.3643,-43.07231,2.13016,-2.67543,1.03035,0.48901,72.5513,-9.261986,2.394654,0.483896,47.22138,-69.467401,-34.184385,NA,NA,NA,NA,2.83473,2.83473,-14.260451,0.018218,2.32988,2.00201,1.72596,50,5.76967,-5.71581,-116.15933,-4.29886,3.11448,26.14511,-29.49783,HYA_HAR,BRE_WHI,CCBLHyannis,Cape Cod Baseball League,CCBL,20250616-CCBLHyannis-2,cee2f930-4b00-11f0-ac99-2d93a97aa58f,77.89362,1.18621,NA,7.7419,NA,NA,NA,2.37986,1.18621,-0.44866,aecf949a-adfb-400b-9c8e-95fb9d4c8878,2025-06-16,22:25:28,2025-06-16T22:25:28Z,2025-06-16T22:25:28Z,GroundBall,v3,6101,6096,NA,"Lackey, Vahn",822518,Right,HYA_HAR,86a79887-3bec-4b27-9ab5-bb4e415b53a0,55.13258,-117.30888,13.07256,5.93017,-3.00189,-14.74891,1.98028,-5.85275,1.55724,NA,2.37963,20.17309,NA,NA,NA,NA,NA,NA,NA,1.18696,-65.1109,NA,NA,NA,NA,NA,NA,NA,-0.4485,-13.70158,NA,NA,NA,NA,NA,NA,NA,NA,NA,NA,NA,NA,NA,NA,NA,NA,NA,NA,NA,NA,NA,NA,NA,NA,NA,NA,NA,NA,NA,High,High,High,Estimated,Estimated,NA,NA,NA,NA,NA,NA,NA,NA,NA,NA,NA,NA,NA,NA,NA,NA,NA,NA,NA,NA,NA,NA,NA,NA,NA,NA,NA,NA,NA,NA,NA,NA,NA,NA,NA,NA,NA,NA,NA,NA,NA,NA,NA,NA,NA,NA,NA,NA,NA,NA,NA,NA,NA,NA,NA,NA
NA,NA,NA,NA,NA,NA,NA,NA,NA,NA,NA,NA,NA,NA,NA,NA,48,2025-06-16,18:26:08,5,1,"Blanco, Evan",702711,Left,HYA_HAR,"Coates, Colton",813832,Right,BRE_WHI,Undefined,2,Top,2,0,0,Fastball,Four-Seam,StrikeCalled,Undefined,Undefined,Undefined,0,0,NA,87.72533,-3.880072,3.017462,2193.491258,162.663192,11:30:00,6.13207,-1.77014,4.89228,-13.91473,24.04222,-7.1078,1.29153,0.49448,80.10441,-6.514432,1.768016,0.443422,NA,NA,NA,NA,NA,NA,NA,NA,NA,NA,NA,4.36599,13.34705,1.48058,50,5.74017,-6.35684,-126.80098,-9.04139,7.10737,25.96005,-10.44649,HYA_HAR,BRE_WHI,CCBLHyannis,Cape Cod Baseball League,CCBL,20250616-CCBLHyannis-2,e698c460-4b00-11f0-ac99-2d93a97aa58f,85.00359,NA,NA,7.62091,NA,NA,NA,NA,NA,NA,aecf949a-adfb-400b-9c8e-95fb9d4c8878,2025-06-16,22:26:08,2025-06-16T22:26:08Z,2025-06-16T22:26:08Z,NA,v3,6101,6096,NA,"Lackey, Vahn",822518,Right,HYA_HAR,fed24486-de67-4337-9ae3-58a2fe71658b,55.60604,-127.94356,12.98003,6.12799,-8.58161,-5.22325,1.76725,-6.66966,3.55368,NA,NA,NA,NA,NA,NA,NA,NA,NA,NA,NA,NA,NA,NA,NA,NA,NA,NA,NA,NA,NA,NA,NA,NA,NA,NA,NA,NA,NA,NA,NA,NA,NA,NA,NA,NA,NA,NA,NA,NA,NA,NA,NA,NA,NA,NA,NA,NA,NA,NA,High,High,High,NA,NA,NA,NA,NA,NA,NA,NA,NA,NA,NA,NA,NA,NA,NA,NA,NA,NA,NA,NA,NA,NA,NA,NA,NA,NA,NA,NA,NA,NA,NA,NA,NA,NA,NA,NA,NA,NA,NA,NA,NA,NA,NA,NA,NA,NA,NA,NA,NA,NA,NA,NA,NA,NA,NA,NA,NA,NA
NA,NA,NA,NA,NA,NA,NA,NA,NA,NA,NA,NA,NA,NA,NA,NA,49,2025-06-16,18:26:26,5,2,"Blanco, Evan",702711,Left,HYA_HAR,"Coates, Colton",813832,Right,BRE_WHI,Undefined,2,Top,2,0,1,ChangeUp,Changeup,StrikeCalled,Undefined,Undefined,Undefined,0,0,NA,77.85961,0.292674,2.717918,2128.576854,140.427033,10:45:00,5.76189,-2.27134,4.95702,-33.36529,15.12009,-11.0367,3.25828,-0.62126,70.21641,-5.872676,0.773745,0.501161,NA,NA,NA,NA,NA,NA,NA,NA,NA,NA,NA,6.28284,7.88422,2.01739,50,5.76371,-4.88156,-112.62343,-0.52478,7.9607,23.03037,-22.18431,HYA_HAR,BRE_WHI,CCBLHyannis,Cape Cod Baseball League,CCBL,20250616-CCBLHyannis-2,f1b2b770-4b00-11f0-ac99-2d93a97aa58f,75.21031,NA,NA,7.6432,NA,NA,NA,NA,NA,NA,aecf949a-adfb-400b-9c8e-95fb9d4c8878,2025-06-16,22:26:26,2025-06-16T22:26:26Z,2025-06-16T22:26:26Z,NA,v3,6101,6096,NA,"Lackey, Vahn",822518,Right,HYA_HAR,a2e6624a-8e73-4aae-8309-e8ad6fb2453c,55.53719,-113.75009,11.51519,5.76283,0.5605,-11.09215,2.26572,-5.271,3.98035,NA,NA,NA,NA,NA,NA,NA,NA,NA,NA,NA,NA,NA,NA,NA,NA,NA,NA,NA,NA,NA,NA,NA,NA,NA,NA,NA,NA,NA,NA,NA,NA,NA,NA,NA,NA,NA,NA,NA,NA,NA,NA,NA,NA,NA,NA,NA,NA,NA,NA,High,High,High,NA,NA,NA,NA,NA,NA,NA,NA,NA,NA,NA,NA,NA,NA,NA,NA,NA,NA,NA,NA,NA,NA,NA,NA,NA,NA,NA,NA,NA,NA,NA,NA,NA,NA,NA,NA,NA,NA,NA,NA,NA,NA,NA,NA,NA,NA,NA,NA,NA,NA,NA,NA,NA,NA,NA,NA,NA,NA
NA,NA,NA,NA,NA,NA,NA,NA,NA,NA,NA,NA,NA,NA,NA,NA,50,2025-06-16,18:26:46,5,3,"Blanco, Evan",702711,Left,HYA_HAR,"Coates, Colton",813832,Right,BRE_WHI,Undefined,2,Top,2,0,2,Fastball,Four-Seam,InPlay,Undefined,GroundBall,Out,1,0,NA,87.81969,-2.930433,1.987511,2183.207084,158.617187,11:15:00,6.10177,-1.58335,4.95935,-18.92249,19.12603,-6.95087,1.75227,-0.28412,79.46366,-6.47122,0.761885,0.443956,80.89607,6.468226,8.356829,2055.689766,NA,NA,NA,100.52555,100.52555,11.568019,0.943277,4.07146,10.77721,1.39695,50,5.80305,-4.08696,-127.01466,-7.14808,6.57637,28.74662,-14.76635,HYA_HAR,BRE_WHI,CCBLHyannis,Cape Cod Baseball League,CCBL,20250616-CCBLHyannis-2,fd48df60-4b00-11f0-ac99-2d93a97aa58f,84.90125,4.3346,NA,8.35603,NA,NA,NA,0.94943,1.65025,0.27229,aecf949a-adfb-400b-9c8e-95fb9d4c8878,2025-06-16,22:26:46,2025-06-16T22:26:46Z,2025-06-16T22:26:46Z,GroundBall,v3,6101,6096,NA,"Lackey, Vahn",822518,Right,HYA_HAR,b3b3b01a-5209-4a04-9d7f-47af4530c611,55.53751,-128.26182,14.37331,6.09927,-6.50745,-7.38317,1.58045,-4.37227,3.28819,264.318927,0.94943,116.64017,-15.9097,2.29039,-0.23126,-0.26884,0.29774,-0.15509,0.03359,1.65025,13.36594,-17.13201,1.37014,-0.29428,0.15847,-0.1126,0.05596,-0.01219,0.27229,17.13471,5.50817,-1.57857,-0.20933,1.01937,-1.04914,0.55204,-0.12132,NA,NA,NA,NA,NA,NA,NA,NA,NA,NA,NA,NA,NA,NA,NA,NA,NA,NA,NA,NA,NA,NA,High,High,High,High,High,NA,NA,NA,NA,NA,NA,NA,NA,NA,NA,NA,NA,NA,NA,NA,NA,NA,NA,NA,NA,NA,NA,NA,NA,NA,NA,NA,NA,NA,NA,NA,NA,NA,NA,NA,NA,NA,NA,NA,NA,NA,NA,NA,NA,NA,NA,NA,NA,NA,NA,NA,NA,NA,NA,NA,NA
NA,NA,NA,NA,NA,NA,NA,NA,NA,NA,NA,NA,NA,NA,NA,NA,51,2025-06-16,18:29:21,1,1,"Bailey, Carson",826053,Left,BRE_WHI,"Federico, Hayden",820838,Right,HYA_HAR,Undefined,2,Bottom,0,0,0,Fastball,Sinker,BallCalled,Undefined,Undefined,Undefined,0,0,NA,91.22297,-1.187558,2.148958,2195.986969,128.181183,10:15:00,5.91455,-1.88347,5.48333,-20.48729,13.65202,-15.96351,3.09524,-1.20223,83.26829,-5.013173,-0.693629,0.420532,NA,NA,NA,NA,NA,NA,NA,NA,NA,NA,NA,8.59855,7.53819,1.70591,50,5.79665,-4.22835,-132.33989,-3.45604,15.2423,28.36082,-18.8114,HYA_HAR,BRE_WHI,CCBLHyannis,Cape Cod Baseball League,CCBL,20250616-CCBLHyannis-2,596cfa10-4b01-11f0-ac99-2d93a97aa58f,89.63043,NA,NA,7.95468,NA,NA,NA,NA,NA,NA,aecf949a-adfb-400b-9c8e-95fb9d4c8878,2025-06-16,22:29:21,2025-06-16T22:29:21Z,2025-06-16T22:29:21Z,NA,v3,6101,6096,NA,"Tinney, Carson",806245,Right,BRE_WHI,0b628423-724d-44da-918e-84f4b32436d9,55.01436,-133.41016,14.18041,5.91367,-2.74615,-9.4057,1.87633,-4.80355,7.62115,NA,NA,NA,NA,NA,NA,NA,NA,NA,NA,NA,NA,NA,NA,NA,NA,NA,NA,NA,NA,NA,NA,NA,NA,NA,NA,NA,NA,NA,NA,NA,NA,NA,NA,NA,NA,NA,NA,NA,NA,NA,NA,NA,NA,NA,NA,NA,NA,NA,NA,High,High,High,NA,NA,NA,NA,NA,NA,NA,NA,NA,NA,NA,NA,NA,NA,NA,NA,NA,NA,NA,NA,NA,NA,NA,NA,NA,NA,NA,NA,NA,NA,NA,NA,NA,NA,NA,NA,NA,NA,NA,NA,NA,NA,NA,NA,NA,NA,NA,NA,NA,NA,NA,NA,NA,NA,NA,NA,NA,NA
NA,NA,NA,NA,NA,NA,NA,NA,NA,NA,NA,NA,NA,NA,NA,NA,52,2025-06-16,18:29:38,1,2,"Bailey, Carson",826053,Left,BRE_WHI,"Federico, Hayden",820838,Right,HYA_HAR,Undefined,2,Bottom,0,1,0,Fastball,Sinker,BallCalled,Undefined,Undefined,Undefined,0,0,NA,91.65286,-0.638514,3.267521,2259.727294,130.167267,10:15:00,5.90874,-2.00817,5.62488,-20.84174,12.74953,-13.85765,3.57511,-0.11061,83.79785,-4.532273,0.797394,0.417143,NA,NA,NA,NA,NA,NA,NA,NA,NA,NA,NA,7.87174,6.94906,1.73839,50,5.84096,-6.95924,-132.92921,-2.2019,14.12061,27.8165,-19.70858,HYA_HAR,BRE_WHI,CCBLHyannis,Cape Cod Baseball League,CCBL,20250616-CCBLHyannis-2,63b7dd50-4b01-11f0-ac99-2d93a97aa58f,90.35858,NA,NA,7.85501,NA,NA,NA,NA,NA,NA,aecf949a-adfb-400b-9c8e-95fb9d4c8878,2025-06-16,22:29:38,2025-06-16T22:29:38Z,2025-06-16T22:29:38Z,NA,v3,6101,6096,NA,"Tinney, Carson",806245,Right,BRE_WHI,1a82b768-e903-45ec-a54f-29cdd32ab39c,54.8732,-133.94508,13.90825,5.90824,-1.48213,-9.85429,2.00197,-7.47493,7.06031,NA,NA,NA,NA,NA,NA,NA,NA,NA,NA,NA,NA,NA,NA,NA,NA,NA,NA,NA,NA,NA,NA,NA,NA,NA,NA,NA,NA,NA,NA,NA,NA,NA,NA,NA,NA,NA,NA,NA,NA,NA,NA,NA,NA,NA,NA,NA,NA,NA,NA,High,High,High,NA,NA,NA,NA,NA,NA,NA,NA,NA,NA,NA,NA,NA,NA,NA,NA,NA,NA,NA,NA,NA,NA,NA,NA,NA,NA,NA,NA,NA,NA,NA,NA,NA,NA,NA,NA,NA,NA,NA,NA,NA,NA,NA,NA,NA,NA,NA,NA,NA,NA,NA,NA,NA,NA,NA,NA,NA,NA
NA,NA,NA,NA,NA,NA,NA,NA,NA,NA,NA,NA,NA,NA,NA,NA,53,2025-06-16,18:29:57,1,3,"Bailey, Carson",826053,Left,BRE_WHI,"Federico, Hayden",820838,Right,HYA_HAR,Undefined,2,Bottom,0,2,0,Fastball,Sinker,BallCalled,Undefined,Undefined,Undefined,0,0,NA,91.44444,-0.536129,3.871721,2192.398501,129.762743,10:15:00,5.63282,-1.8469,5.90758,-22.04773,11.42855,-12.45611,3.29672,0.71433,83.48847,-4.666719,1.642109,0.416428,NA,NA,NA,NA,NA,NA,NA,NA,NA,NA,NA,7.413,6.32229,1.54259,50,5.57711,-8.42583,-132.57455,-1.97687,13.20254,28.15657,-20.91409,HYA_HAR,BRE_WHI,CCBLHyannis,Cape Cod Baseball League,CCBL,20250616-CCBLHyannis-2,6eecab60-4b01-11f0-ac99-2d93a97aa58f,90.51366,NA,NA,7.95597,NA,NA,NA,NA,NA,NA,aecf949a-adfb-400b-9c8e-95fb9d4c8878,2025-06-16,22:29:57,2025-06-16T22:29:57Z,2025-06-16T22:29:57Z,NA,v3,6101,6096,NA,"Tinney, Carson",806245,Right,BRE_WHI,16a3ccfe-562c-49f7-bef2-ae6987a22153,54.59026,-133.54589000000001,14.07829,5.63286,-1.25538,-10.45704,1.84112,-8.88128,6.60127,NA,NA,NA,NA,NA,NA,NA,NA,NA,NA,NA,NA,NA,NA,NA,NA,NA,NA,NA,NA,NA,NA,NA,NA,NA,NA,NA,NA,NA,NA,NA,NA,NA,NA,NA,NA,NA,NA,NA,NA,NA,NA,NA,NA,NA,NA,NA,NA,NA,NA,High,High,High,NA,NA,NA,NA,NA,NA,NA,NA,NA,NA,NA,NA,NA,NA,NA,NA,NA,NA,NA,NA,NA,NA,NA,NA,NA,NA,NA,NA,NA,NA,NA,NA,NA,NA,NA,NA,NA,NA,NA,NA,NA,NA,NA,NA,NA,NA,NA,NA,NA,NA,NA,NA,NA,NA,NA,NA,NA,NA
NA,NA,NA,NA,NA,NA,NA,NA,NA,NA,NA,NA,NA,NA,NA,NA,54,2025-06-16,18:30:14,1,4,"Bailey, Carson",826053,Left,BRE_WHI,"Federico, Hayden",820838,Right,HYA_HAR,Undefined,2,Bottom,0,3,0,Fastball,Sinker,BallCalled,Walk,Undefined,Undefined,0,0,NA,91.00616,0.232719,2.887286,2200.5845,130.50926,10:15:00,5.88274,-1.64233,5.65204,-20.95607,13.12292,-14.09446,4.35372,-0.12172,82.97734,-3.694624,0.372844,0.42016,NA,NA,NA,NA,NA,NA,NA,NA,NA,NA,NA,7.9091,6.91103,1.40644,50,5.88928,-6.02218,-132.01889,-0.17186,13.96302,28.0192,-19.973020000000002,HYA_HAR,BRE_WHI,CCBLHyannis,Cape Cod Baseball League,CCBL,20250616-CCBLHyannis-2,7922f530-4b01-11f0-ac99-2d93a97aa58f,89.70972,NA,NA,8.02883,NA,NA,NA,NA,NA,NA,aecf949a-adfb-400b-9c8e-95fb9d4c8878,2025-06-16,22:30:14,2025-06-16T22:30:14Z,2025-06-16T22:30:14Z,NA,v3,6101,6096,NA,"Tinney, Carson",806245,Right,BRE_WHI,71510076-c953-4888-ae2c-209ed9cd577f,54.84567,-133.04334,14.0096,5.88222,0.55841,-9.9865100000000009,1.63596,-6.5327,6.98151,NA,NA,NA,NA,NA,NA,NA,NA,NA,NA,NA,NA,NA,NA,NA,NA,NA,NA,NA,NA,NA,NA,NA,NA,NA,NA,NA,NA,NA,NA,NA,NA,NA,NA,NA,NA,NA,NA,NA,NA,NA,NA,NA,NA,NA,NA,NA,NA,NA,NA,High,High,High,NA,NA,NA,NA,NA,NA,NA,NA,NA,NA,NA,NA,NA,NA,NA,NA,NA,NA,NA,NA,NA,NA,NA,NA,NA,NA,NA,NA,NA,NA,NA,NA,NA,NA,NA,NA,NA,NA,NA,NA,NA,NA,NA,NA,NA,NA,NA,NA,NA,NA,NA,NA,NA,NA,NA,NA,NA,NA
NA,NA,NA,NA,NA,NA,NA,NA,NA,NA,NA,NA,NA,NA,NA,NA,55,2025-06-16,18:30:49,2,1,"Bailey, Carson",826053,Left,BRE_WHI,"Lackey, Vahn",822518,Right,HYA_HAR,Undefined,2,Bottom,0,0,0,Slider,Slider,StrikeCalled,Undefined,Undefined,Undefined,0,0,NA,80.31049,1.704347,2.129397,2284.979511,316.248027,04:30:00,5.7009,-1.91389,5.20874,-52.43908,-7.69666,8.75481,2.93533,0.81908,73.40017,-7.798233,3.680117,0.481428,NA,NA,NA,NA,NA,NA,NA,NA,NA,NA,NA,-3.71508,-3.85642,1.71015,50,5.81925,-4.69601,-116.43086,1.54497,-5.06688,23.17374,-37.43369,HYA_HAR,BRE_WHI,CCBLHyannis,Cape Cod Baseball League,CCBL,20250616-CCBLHyannis-2,8e596880-4b01-11f0-ac99-2d93a97aa58f,78.29305,NA,NA,6.91031,NA,NA,NA,NA,NA,NA,aecf949a-adfb-400b-9c8e-95fb9d4c8878,2025-06-16,22:30:49,2025-06-16T22:30:49Z,2025-06-16T22:30:49Z,NA,v3,6101,6096,NA,"Tinney, Carson",806245,Right,BRE_WHI,caa3d569-6163-4418-b786-62558d338af2,55.29105,-117.47924,11.58687,5.71105,3.23847,-18.71685,1.91741,-4.46678,-2.53344,NA,NA,NA,NA,NA,NA,NA,NA,NA,NA,NA,NA,NA,NA,NA,NA,NA,NA,NA,NA,NA,NA,NA,NA,NA,NA,NA,NA,NA,NA,NA,NA,NA,NA,NA,NA,NA,NA,NA,NA,NA,NA,NA,NA,NA,NA,NA,NA,NA,NA,High,High,High,NA,NA,NA,NA,NA,NA,NA,NA,NA,NA,NA,NA,NA,NA,NA,NA,NA,NA,NA,NA,NA,NA,NA,NA,NA,NA,NA,NA,NA,NA,NA,NA,NA,NA,NA,NA,NA,NA,NA,NA,NA,NA,NA,NA,NA,NA,NA,NA,NA,NA,NA,NA,NA,NA,NA,NA,NA,NA
NA,NA,NA,NA,NA,NA,NA,NA,NA,NA,NA,NA,NA,NA,NA,NA,56,2025-06-16,18:31:08,2,2,"Bailey, Carson",826053,Left,BRE_WHI,"Lackey, Vahn",822518,Right,HYA_HAR,Undefined,2,Bottom,0,0,1,Fastball,Sinker,BallCalled,Undefined,Undefined,Undefined,0,0,NA,91.65729,-0.698667,1.806834,2163.812465,127.889982,10:15:00,5.87145,-2.27051,5.47881,-21.27714,12.67485,-14.83202,3.44426,-1.81531,83.28604,-4.674681,-0.834457,0.419377,NA,NA,NA,NA,NA,NA,NA,NA,NA,NA,NA,7.94934,6.92319,2.12204,50,5.7959,-3.50055,-132.94254,-2.37056,14.15445,29.84844,-19.84676,HYA_HAR,BRE_WHI,CCBLHyannis,Cape Cod Baseball League,CCBL,20250616-CCBLHyannis-2,9940d9e0-4b01-11f0-ac99-2d93a97aa58f,89.87732,NA,NA,8.37125,NA,NA,NA,NA,NA,NA,aecf949a-adfb-400b-9c8e-95fb9d4c8878,2025-06-16,22:31:08,2025-06-16T22:31:08Z,2025-06-16T22:31:08Z,NA,v3,6101,6096,NA,"Tinney, Carson",806245,Right,BRE_WHI,61dbacc6-6bd1-4f6a-a102-3c4fdcdfcaab,55.01797,-134.06444,14.92422,5.87098,-1.62459,-9.92338,2.26362,-4.03258,7.07722,NA,NA,NA,NA,NA,NA,NA,NA,NA,NA,NA,NA,NA,NA,NA,NA,NA,NA,NA,NA,NA,NA,NA,NA,NA,NA,NA,NA,NA,NA,NA,NA,NA,NA,NA,NA,NA,NA,NA,NA,NA,NA,NA,NA,NA,NA,NA,NA,NA,NA,High,High,High,NA,NA,NA,NA,NA,NA,NA,NA,NA,NA,NA,NA,NA,NA,NA,NA,NA,NA,NA,NA,NA,NA,NA,NA,NA,NA,NA,NA,NA,NA,NA,NA,NA,NA,NA,NA,NA,NA,NA,NA,NA,NA,NA,NA,NA,NA,NA,NA,NA,NA,NA,NA,NA,NA,NA,NA,NA,NA
NA,NA,NA,NA,NA,NA,NA,NA,NA,NA,NA,NA,NA,NA,NA,NA,57,2025-06-16,18:31:24,2,3,"Bailey, Carson",826053,Left,BRE_WHI,"Lackey, Vahn",822518,Right,HYA_HAR,Undefined,2,Bottom,0,1,1,Slider,Curveball,FoulBallNotFieldable,Undefined,Undefined,Undefined,0,0,NA,79.10555,0.56759,2.305411,2261.07926,315.734589,04:30:00,5.74821,-1.86069,5.24317,-50.78452,-5.08008,6.29457,2.05004,0.83166,72.97863,-8.616614,3.421764,0.486576,66.84132,67.923943,-118.446925,5238.136327,NA,NA,NA,NA,9.37187,NA,NA,-2.55516,-2.42654,1.64377,50,5.76188,-4.86794,-114.82874,-0.63471,-3.41275,21.19675,-35.415,HYA_HAR,BRE_WHI,CCBLHyannis,Cape Cod Baseball League,CCBL,20250616-CCBLHyannis-2,a36633c0-4b01-11f0-ac99-2d93a97aa58f,77.46464,25.45891,NA,6.12692,NA,NA,NA,3.95105,2.28714,-0.64826,aecf949a-adfb-400b-9c8e-95fb9d4c8878,2025-06-16,22:31:24,2025-06-16T22:31:24Z,2025-06-16T22:31:24Z,NA,v3,6101,6096,NA,"Tinney, Carson",806245,Right,BRE_WHI,2ded4899-cef7-4e01-8e11-60d5fe3a1882,55.25903,-115.79546,10.59837,5.75399,0.98046,-17.7075,1.86224,-4.71229,-1.70638,20.808384,3.95374,-17.68009,-5.05194,NA,NA,NA,NA,NA,NA,2.29065,90.67878,-26.498,NA,NA,NA,NA,NA,NA,-0.64952,-32.33594,4.75679,NA,NA,NA,NA,NA,NA,NA,NA,NA,NA,NA,NA,NA,NA,NA,NA,NA,NA,NA,NA,NA,NA,NA,NA,NA,NA,NA,NA,High,High,High,High,Undefined,NA,NA,NA,NA,NA,NA,NA,NA,NA,NA,NA,NA,NA,NA,NA,NA,NA,NA,NA,NA,NA,NA,NA,NA,NA,NA,NA,NA,NA,NA,NA,NA,NA,NA,NA,NA,NA,NA,NA,NA,NA,NA,NA,NA,NA,NA,NA,NA,NA,NA,NA,NA,NA,NA,NA,NA
NA,NA,NA,NA,NA,NA,NA,NA,NA,NA,NA,NA,NA,NA,NA,NA,58,2025-06-16,18:31:53,2,4,"Bailey, Carson",826053,Left,BRE_WHI,"Lackey, Vahn",822518,Right,HYA_HAR,Undefined,2,Bottom,0,1,2,Curveball,Curveball,FoulBallFieldable,Undefined,Undefined,Undefined,0,0,NA,79.1954,1.268816,1.472689,2125.986777,330.583725,05:00:00,6.03769,-1.52125,5.37416,-64.84626,-18.0319,11.20772,1.82396,0.7937,71.10512,-10.503981,3.470699,0.492449,NA,NA,NA,NA,NA,NA,NA,NA,NA,NA,NA,-5.11453,-9.15689,1.3809,50,6.105,-3.39574,-114.68617,0.23969,-6.57969,27.94069,-43.95407,HYA_HAR,BRE_WHI,CCBLHyannis,Cape Cod Baseball League,CCBL,20250616-CCBLHyannis-2,b46e1890-4b01-11f0-ac99-2d93a97aa58f,76.54086,NA,NA,8.09028,NA,NA,NA,NA,NA,NA,aecf949a-adfb-400b-9c8e-95fb9d4c8878,2025-06-16,22:31:53,2025-06-16T22:31:53Z,2025-06-16T22:31:53Z,NA,v3,6101,6096,NA,"Tinney, Carson",806245,Right,BRE_WHI,adf5e282-3088-42da-845c-605b6663342f,55.12683,-115.92847,13.97034,6.05089,2.19399,-21.97704,1.52538,-3.10319,-3.28985,NA,NA,NA,NA,NA,NA,NA,NA,NA,NA,NA,NA,NA,NA,NA,NA,NA,NA,NA,NA,NA,NA,NA,NA,NA,NA,NA,NA,NA,NA,NA,NA,NA,NA,NA,NA,NA,NA,NA,NA,NA,NA,NA,NA,NA,NA,NA,NA,NA,NA,High,High,High,NA,NA,NA,NA,NA,NA,NA,NA,NA,NA,NA,NA,NA,NA,NA,NA,NA,NA,NA,NA,NA,NA,NA,NA,NA,NA,NA,NA,NA,NA,NA,NA,NA,NA,NA,NA,NA,NA,NA,NA,NA,NA,NA,NA,NA,NA,NA,NA,NA,NA,NA,NA,NA,NA,NA,NA,NA,NA
NA,NA,NA,NA,NA,NA,NA,NA,NA,NA,NA,NA,NA,NA,NA,NA,59,2025-06-16,18:32:15,2,5,"Bailey, Carson",826053,Left,BRE_WHI,"Lackey, Vahn",822518,Right,HYA_HAR,Undefined,2,Bottom,0,1,2,Fastball,Four-Seam,InPlay,Undefined,Popup,Out,1,0,NA,93.31541,-2.079833,3.315148,2147.054103,142.205384,10:45:00,5.92919,-1.58681,5.61667,-21.6421,11.2876,-7.83835,2.1805,0.85742,84.3255,-6.124224,1.918124,0.413014,79.94129,60.820206,-24.294396,NA,100.13274,117.01847,-45.53488,149.88108,149.21764,-24.50877,5.703159,5.06201,6.72099,1.30889,50,5.73762,-7.47089,-135.06891,-5.67755,9.22439,33.14608,-19.92656,HYA_HAR,BRE_WHI,CCBLHyannis,Cape Cod Baseball League,CCBL,20250616-CCBLHyannis-2,c1301650-4b01-11f0-ac99-2d93a97aa58f,91.26178,131.46102,NA,8.9899,NA,NA,NA,2.4561,2.54969,-0.928,aecf949a-adfb-400b-9c8e-95fb9d4c8878,2025-06-16,22:32:15,2025-06-16T22:32:15Z,2025-06-16T22:32:15Z,Popup,v3,6101,6096,NA,"Tinney, Carson",806245,Right,BRE_WHI,9d2dbfbb-33c0-475d-97a7-407206e61c26,54.88154,-136.26158,16.57304,5.92902,-4.96054,-9.96328,1.58368,-7.80281,4.6122,179.73216,2.46536,51.91715,-16.42577,4.26568,-0.38469,-0.13097,0.05084,-0.0069,3.4e-4,2.53129,102.67277,-25.53791,3.49103,-1.08513,0.28985,-0.04791,0.00392,-1.1e-4,-0.93224,-23.4345,7.29359,-1.87546,0.15944,0.06199,-0.0233,0.00314,-1.5e-4,NA,NA,NA,NA,NA,NA,NA,NA,NA,NA,NA,NA,NA,NA,NA,NA,NA,NA,NA,NA,NA,NA,High,High,High,Medium,Low,NA,NA,NA,NA,NA,NA,NA,NA,NA,NA,NA,NA,NA,NA,NA,NA,NA,NA,NA,NA,NA,NA,NA,NA,NA,NA,NA,NA,NA,NA,NA,NA,NA,NA,NA,NA,NA,NA,NA,NA,NA,NA,NA,NA,NA,NA,NA,NA,NA,NA,NA,NA,NA,NA,NA,NA
NA,NA,NA,NA,NA,NA,NA,NA,NA,NA,NA,NA,NA,NA,NA,NA,60,2025-06-16,18:32:51,3,1,"Bailey, Carson",826053,Left,BRE_WHI,"Rembert, Chris",807300,Right,HYA_HAR,Undefined,2,Bottom,1,0,0,Curveball,Curveball,StrikeCalled,Undefined,Undefined,Undefined,0,0,NA,77.39932,2.090244,0.298796,2161.168006,317.950294,04:30:00,6.16135,-1.85325,5.12791,-66.02307,-16.84261,16.87343,2.62895,-0.16572,69.73014,-9.856558,3.292102,0.50474,NA,NA,NA,NA,NA,NA,NA,NA,NA,NA,NA,-8.24512,-8.5217,1.81161,50,6.30653,-1.27973,-112.09064,1.6948,-10.20476,25.39394,-42.72109,HYA_HAR,BRE_WHI,CCBLHyannis,Cape Cod Baseball League,CCBL,20250616-CCBLHyannis-2,d7243450-4b01-11f0-ac99-2d93a97aa58f,74.67694,NA,NA,7.66918,NA,NA,NA,NA,NA,NA,aecf949a-adfb-400b-9c8e-95fb9d4c8878,2025-06-16,22:32:51,2025-06-16T22:32:51Z,2025-06-16T22:32:51Z,NA,v3,6101,6096,NA,"Tinney, Carson",806245,Right,BRE_WHI,204d882e-a352-4aa0-9761-e32dd5d4255d,55.37316,-113.30138,12.69697,6.17717,3.73167,-21.36055,1.86102,-0.79318,-5.10238,NA,NA,NA,NA,NA,NA,NA,NA,NA,NA,NA,NA,NA,NA,NA,NA,NA,NA,NA,NA,NA,NA,NA,NA,NA,NA,NA,NA,NA,NA,NA,NA,NA,NA,NA,NA,NA,NA,NA,NA,NA,NA,NA,NA,NA,NA,NA,NA,NA,NA,High,High,High,NA,NA,NA,NA,NA,NA,NA,NA,NA,NA,NA,NA,NA,NA,NA,NA,NA,NA,NA,NA,NA,NA,NA,NA,NA,NA,NA,NA,NA,NA,NA,NA,NA,NA,NA,NA,NA,NA,NA,NA,NA,NA,NA,NA,NA,NA,NA,NA,NA,NA,NA,NA,NA,NA,NA,NA,NA,NA
NA,NA,NA,NA,NA,NA,NA,NA,NA,NA,NA,NA,NA,NA,NA,NA,61,2025-06-16,18:33:09,3,2,"Bailey, Carson",826053,Left,BRE_WHI,"Rembert, Chris",807300,Right,HYA_HAR,Undefined,2,Bottom,1,0,1,Curveball,Curveball,BallCalled,Undefined,Undefined,Undefined,0,0,NA,77.79501,0.763658,0.949243,2184.240314,336.677212,05:15:00,6.01962,-1.62677,5.30526,-70.23374,-21.64733,10.14941,0.88382,0.11017,70.15213,-11.929219,2.760511,0.501682,NA,NA,NA,NA,NA,NA,NA,NA,NA,NA,NA,-4.73083,-10.61764,1.53292,50,6.03781,-2.27398,-112.7113,-1.00344,-5.87983,26.93747,-45.37047,HYA_HAR,BRE_WHI,CCBLHyannis,Cape Cod Baseball League,CCBL,20250616-CCBLHyannis-2,e1f69710-4b01-11f0-ac99-2d93a97aa58f,75.1321,NA,NA,7.64288,NA,NA,NA,NA,NA,NA,aecf949a-adfb-400b-9c8e-95fb9d4c8878,2025-06-16,22:33:09,2025-06-16T22:33:09Z,2025-06-16T22:33:09Z,NA,v3,6101,6096,NA,"Tinney, Carson",806245,Right,BRE_WHI,432fef25-080b-4541-90b3-4f076135c36e,55.19653,-113.94648,13.46874,6.03613,1.07696,-22.68523,1.63101,-2.00437,-2.93991,NA,NA,NA,NA,NA,NA,NA,NA,NA,NA,NA,NA,NA,NA,NA,NA,NA,NA,NA,NA,NA,NA,NA,NA,NA,NA,NA,NA,NA,NA,NA,NA,NA,NA,NA,NA,NA,NA,NA,NA,NA,NA,NA,NA,NA,NA,NA,NA,NA,NA,High,High,High,NA,NA,NA,NA,NA,NA,NA,NA,NA,NA,NA,NA,NA,NA,NA,NA,NA,NA,NA,NA,NA,NA,NA,NA,NA,NA,NA,NA,NA,NA,NA,NA,NA,NA,NA,NA,NA,NA,NA,NA,NA,NA,NA,NA,NA,NA,NA,NA,NA,NA,NA,NA,NA,NA,NA,NA,NA,NA
NA,NA,NA,NA,NA,NA,NA,NA,NA,NA,NA,NA,NA,NA,NA,NA,62,2025-06-16,18:33:32,3,3,"Bailey, Carson",826053,Left,BRE_WHI,"Rembert, Chris",807300,Right,HYA_HAR,Undefined,2,Bottom,1,1,1,ChangeUp,Changeup,BallCalled,Undefined,Undefined,Undefined,0,0,NA,82.34155,2.28216,1.001858,1703.674618,113.212146,09:45:00,5.65501,-2.30808,5.80262,-37.95089,3.695,-5.39359,4.61638,-1.82569,74.70447,-4.754125,0.035934,0.46447,NA,NA,NA,NA,NA,NA,NA,NA,NA,NA,NA,3.02626,1.65236,2.22897,50,5.82017,-1.86945,-119.4251,3.50434,4.34052,24.47545,-29.80408,HYA_HAR,BRE_WHI,CCBLHyannis,Cape Cod Baseball League,CCBL,20250616-CCBLHyannis-2,ef414cd0-4b01-11f0-ac99-2d93a97aa58f,81.15154,NA,NA,7.63709,NA,NA,NA,NA,NA,NA,aecf949a-adfb-400b-9c8e-95fb9d4c8878,2025-06-16,22:33:32,2025-06-16T22:33:32Z,2025-06-16T22:33:32Z,NA,v3,6101,6096,NA,"Tinney, Carson",806245,Right,BRE_WHI,caa25597-c1b6-4a5a-8f9f-e746f166b9ea,54.69389,-120.38324,12.237730000000001,5.66014,4.67108,-14.90204,2.30548,-2.03937,2.17026,NA,NA,NA,NA,NA,NA,NA,NA,NA,NA,NA,NA,NA,NA,NA,NA,NA,NA,NA,NA,NA,NA,NA,NA,NA,NA,NA,NA,NA,NA,NA,NA,NA,NA,NA,NA,NA,NA,NA,NA,NA,NA,NA,NA,NA,NA,NA,NA,NA,NA,High,High,High,NA,NA,NA,NA,NA,NA,NA,NA,NA,NA,NA,NA,NA,NA,NA,NA,NA,NA,NA,NA,NA,NA,NA,NA,NA,NA,NA,NA,NA,NA,NA,NA,NA,NA,NA,NA,NA,NA,NA,NA,NA,NA,NA,NA,NA,NA,NA,NA,NA,NA,NA,NA,NA,NA,NA,NA,NA,NA
NA,NA,NA,NA,NA,NA,NA,NA,NA,NA,NA,NA,NA,NA,NA,NA,63,2025-06-16,18:33:56,3,4,"Bailey, Carson",826053,Left,BRE_WHI,"Rembert, Chris",807300,Right,HYA_HAR,Undefined,2,Bottom,1,2,1,Fastball,Four-Seam,InPlay,Undefined,LineDrive,Single,0,0,NA,92.02028,-1.035659,1.949313,2120.663836,147.864409,11:00:00,6.07663,-1.77956,5.6172,-21.65489,12.03745,-6.82241,3.30484,-0.52815,83.25777,-5.093588,0.731543,0.41777,97.92217,4.149849,25.726525,2655.792761,NA,NA,NA,106.57909,103.30175,30.687987,0.838528,4.05229,6.76071,1.61762,50,5.97451,-4.22879,-133.39846,-3.16345,7.22389,31.5622,-20.12198,HYA_HAR,BRE_WHI,CCBLHyannis,Cape Cod Baseball League,CCBL,20250616-CCBLHyannis-2,fda7abc0-4b01-11f0-ac99-2d93a97aa58f,90.22302,4.55845,NA,8.76251,NA,NA,NA,0.16514,3.02835,0.81392,aecf949a-adfb-400b-9c8e-95fb9d4c8878,2025-06-16,22:33:56,2025-06-16T22:33:56Z,2025-06-16T22:33:56Z,GroundBall,v3,6101,6096,NA,"Tinney, Carson",806245,Right,BRE_WHI,ae8810c8-5ad1-4167-879f-e3edecd9c54d,54.87922,-134.54793,15.7811,6.07638,-2.43062,-10.06099,1.77643,-4.49188,3.61194,NA,0.27881,127.1919,-21.87694,NA,NA,NA,NA,NA,NA,3.07053,9.7071,-15.99821,NA,NA,NA,NA,NA,NA,0.76498,62.99218,1.20984,NA,NA,NA,NA,NA,NA,NA,NA,NA,NA,NA,NA,NA,NA,NA,NA,NA,NA,NA,NA,NA,NA,NA,NA,NA,NA,NA,NA,High,High,High,High,High,NA,NA,NA,NA,NA,NA,NA,NA,NA,NA,NA,NA,NA,NA,NA,NA,NA,NA,NA,NA,NA,NA,NA,NA,NA,NA,NA,NA,NA,NA,NA,NA,NA,NA,NA,NA,NA,NA,NA,NA,NA,NA,NA,NA,NA,NA,NA,NA,NA,NA,NA,NA,NA,NA,NA,NA
NA,NA,NA,NA,NA,NA,NA,NA,NA,NA,NA,NA,NA,NA,NA,NA,64,2025-06-16,18:34:41,4,1,"Bailey, Carson",826053,Left,BRE_WHI,"Roy, Gavin",833546,Right,HYA_HAR,Undefined,2,Bottom,1,0,0,Curveball,Curveball,BallCalled,Undefined,Undefined,Undefined,0,0,NA,77.79614,2.703274,0.584212,2117.998819,325.662643,04:45:00,6.00482,-1.47487,5.04646,-63.69543,-15.17828,11.55981,3.24872,0.03952,70.34822,-8.810656,2.629196,0.501325,NA,NA,NA,NA,NA,NA,NA,NA,NA,NA,NA,-5.48918,-7.803,1.40964,50,6.21191,-1.63419,-112.65925,2.96747,-6.92154,24.07087,-42.0132,HYA_HAR,BRE_WHI,CCBLHyannis,Cape Cod Baseball League,CCBL,20250616-CCBLHyannis-2,18a28fd0-4b02-11f0-ac99-2d93a97aa58f,75.18569,NA,NA,7.44793,NA,NA,NA,NA,NA,NA,aecf949a-adfb-400b-9c8e-95fb9d4c8878,2025-06-16,22:34:41,2025-06-16T22:34:41Z,2025-06-16T22:34:41Z,NA,v3,6101,6096,NA,"Tinney, Carson",806245,Right,BRE_WHI,a33a40ed-17cf-40dd-b56c-1062f3171a09,55.45416,-113.81862,12.03544,6.02025,4.99103,-21.0066,1.48032,-1.30081,-3.46077,NA,NA,NA,NA,NA,NA,NA,NA,NA,NA,NA,NA,NA,NA,NA,NA,NA,NA,NA,NA,NA,NA,NA,NA,NA,NA,NA,NA,NA,NA,NA,NA,NA,NA,NA,NA,NA,NA,NA,NA,NA,NA,NA,NA,NA,NA,NA,NA,NA,NA,High,High,High,NA,NA,NA,NA,NA,NA,NA,NA,NA,NA,NA,NA,NA,NA,NA,NA,NA,NA,NA,NA,NA,NA,NA,NA,NA,NA,NA,NA,NA,NA,NA,NA,NA,NA,NA,NA,NA,NA,NA,NA,NA,NA,NA,NA,NA,NA,NA,NA,NA,NA,NA,NA,NA,NA,NA,NA,NA,NA
NA,NA,NA,NA,NA,NA,NA,NA,NA,NA,NA,NA,NA,NA,NA,NA,65,2025-06-16,18:34:59,4,2,"Bailey, Carson",826053,Left,BRE_WHI,"Roy, Gavin",833546,Right,HYA_HAR,Undefined,2,Bottom,1,1,0,Curveball,Curveball,BallCalled,Undefined,Undefined,Undefined,0,0,NA,76.91082,3.234139,0.43131,2128.710876,320.409631,04:45:00,6.0847,-1.63261,5.12609,-64.16035,-15.01076,13.78064,3.7874,-0.07799,69.98743,-8.36679,2.871276,0.504582,NA,NA,NA,NA,NA,NA,NA,NA,NA,NA,NA,-6.66867,-7.8765,1.58107,50,6.33894,-1.40303,-111.45256,3.98234,-8.29486,22.10734,-41.97128,HYA_HAR,BRE_WHI,CCBLHyannis,Cape Cod Baseball League,CCBL,20250616-CCBLHyannis-2,231b12c0-4b02-11f0-ac99-2d93a97aa58f,74.7004,NA,NA,6.92339,NA,NA,NA,NA,NA,NA,aecf949a-adfb-400b-9c8e-95fb9d4c8878,2025-06-16,22:34:59,2025-06-16T22:34:59Z,2025-06-16T22:34:59Z,NA,v3,6101,6096,NA,"Tinney, Carson",806245,Right,BRE_WHI,6babed30-bdd1-46a0-bae4-9a9655bc9be0,55.3762,-112.51391,11.05367,6.09938,5.99734,-20.98564,1.63887,-1.0048,-4.14743,NA,NA,NA,NA,NA,NA,NA,NA,NA,NA,NA,NA,NA,NA,NA,NA,NA,NA,NA,NA,NA,NA,NA,NA,NA,NA,NA,NA,NA,NA,NA,NA,NA,NA,NA,NA,NA,NA,NA,NA,NA,NA,NA,NA,NA,NA,NA,NA,NA,NA,High,High,High,NA,NA,NA,NA,NA,NA,NA,NA,NA,NA,NA,NA,NA,NA,NA,NA,NA,NA,NA,NA,NA,NA,NA,NA,NA,NA,NA,NA,NA,NA,NA,NA,NA,NA,NA,NA,NA,NA,NA,NA,NA,NA,NA,NA,NA,NA,NA,NA,NA,NA,NA,NA,NA,NA,NA,NA,NA,NA
NA,NA,NA,NA,NA,NA,NA,NA,NA,NA,NA,NA,NA,NA,NA,NA,66,2025-06-16,18:35:18,4,3,"Bailey, Carson",826053,Left,BRE_WHI,"Roy, Gavin",833546,Right,HYA_HAR,Undefined,2,Bottom,1,2,0,Fastball,Four-Seam,BallCalled,Undefined,Undefined,Undefined,0,0,NA,90.58738,-0.848503,2.774365,2068.128263,146.297344,11:00:00,6.01208,-1.56064,5.48803,-21.29816,13.41627,-8.1902,3.44245,0.35437,82.49992,-4.825834,1.317498,0.424059,NA,NA,NA,NA,NA,NA,NA,NA,NA,NA,NA,4.89276,7.33989,1.32303,50,5.92347,-5.9873,-131.31592,-2.68334,8.52355,28.40832,-19.38737,HYA_HAR,BRE_WHI,CCBLHyannis,Cape Cod Baseball League,CCBL,20250616-CCBLHyannis-2,2e96add0-4b02-11f0-ac99-2d93a97aa58f,88.88489,NA,NA,8.08746,NA,NA,NA,NA,NA,NA,aecf949a-adfb-400b-9c8e-95fb9d4c8878,2025-06-16,22:35:18,2025-06-16T22:35:18Z,2025-06-16T22:35:18Z,NA,v3,6101,6096,NA,"Tinney, Carson",806245,Right,BRE_WHI,0c669433-a309-4a6e-a19a-3df948be28ee,55.00841,-132.39499,14.20416,6.01141,-1.94693,-9.69368,1.55661,-6.31106,4.26178,NA,NA,NA,NA,NA,NA,NA,NA,NA,NA,NA,NA,NA,NA,NA,NA,NA,NA,NA,NA,NA,NA,NA,NA,NA,NA,NA,NA,NA,NA,NA,NA,NA,NA,NA,NA,NA,NA,NA,NA,NA,NA,NA,NA,NA,NA,NA,NA,NA,NA,High,High,High,NA,NA,NA,NA,NA,NA,NA,NA,NA,NA,NA,NA,NA,NA,NA,NA,NA,NA,NA,NA,NA,NA,NA,NA,NA,NA,NA,NA,NA,NA,NA,NA,NA,NA,NA,NA,NA,NA,NA,NA,NA,NA,NA,NA,NA,NA,NA,NA,NA,NA,NA,NA,NA,NA,NA,NA,NA,NA
NA,NA,NA,NA,NA,NA,NA,NA,NA,NA,NA,NA,NA,NA,NA,NA,67,2025-06-16,18:35:38,4,4,"Bailey, Carson",826053,Left,BRE_WHI,"Roy, Gavin",833546,Right,HYA_HAR,Undefined,2,Bottom,1,3,0,Fastball,Four-Seam,BallCalled,Walk,Undefined,Undefined,0,0,NA,90.60752,0.419637,1.552208,2081.910606,141.045861,10:45:00,5.90198,-1.73751,5.63377,-21.99765,12.8582,-9.38162,4.46051,-1.07077,81.5034,-3.726277,-0.122798,0.424922,NA,NA,NA,NA,NA,NA,NA,NA,NA,NA,NA,5.19213,6.73394,1.61133,50,5.92392,-3.12383,-131.30795,0.22382,8.93392,31.55558,-20.58725,HYA_HAR,BRE_WHI,CCBLHyannis,Cape Cod Baseball League,CCBL,20250616-CCBLHyannis-2,3a5c4a30-4b02-11f0-ac99-2d93a97aa58f,88.70439,NA,NA,9.10412,NA,NA,NA,NA,NA,NA,aecf949a-adfb-400b-9c8e-95fb9d4c8878,2025-06-16,22:35:38,2025-06-16T22:35:38Z,2025-06-16T22:35:38Z,NA,v3,6101,6096,NA,"Tinney, Carson",806245,Right,BRE_WHI,ac2ca65d-814c-4172-9d90-72afed117a5c,54.86013,-132.47077,15.77779,5.9017,0.98246,-10.29362,1.7325,-3.45304,4.46696,NA,NA,NA,NA,NA,NA,NA,NA,NA,NA,NA,NA,NA,NA,NA,NA,NA,NA,NA,NA,NA,NA,NA,NA,NA,NA,NA,NA,NA,NA,NA,NA,NA,NA,NA,NA,NA,NA,NA,NA,NA,NA,NA,NA,NA,NA,NA,NA,NA,NA,High,High,High,NA,NA,NA,NA,NA,NA,NA,NA,NA,NA,NA,NA,NA,NA,NA,NA,NA,NA,NA,NA,NA,NA,NA,NA,NA,NA,NA,NA,NA,NA,NA,NA,NA,NA,NA,NA,NA,NA,NA,NA,NA,NA,NA,NA,NA,NA,NA,NA,NA,NA,NA,NA,NA,NA,NA,NA,NA,NA
NA,NA,NA,NA,NA,NA,NA,NA,NA,NA,NA,NA,NA,NA,NA,NA,68,2025-06-16,18:36:14,5,1,"Bailey, Carson",826053,Left,BRE_WHI,"Schaffner, Jake",835279,Left,HYA_HAR,Undefined,2,Bottom,1,0,0,Sinker,Sinker,BallCalled,Undefined,Undefined,Undefined,0,0,NA,90.81224,0.307835,2.287084,2125.044659,97.074326,09:15:00,5.5748,-1.9473,5.29958,-31.70966,3.45547,-17.60993,3.22157,-1.2665,81.8089,-5.528968,-0.838681,0.426803,NA,NA,NA,NA,NA,NA,NA,NA,NA,NA,NA,9.49934,2.01681,1.75253,50,5.58004,-4.41923,-131.54138,-0.53281,16.39154,31.85157,-28.69395,HYA_HAR,BRE_WHI,CCBLHyannis,Cape Cod Baseball League,CCBL,20250616-CCBLHyannis-2,4f930ba0-4b02-11f0-ac99-2d93a97aa58f,88.31346,NA,NA,9.00333,NA,NA,NA,NA,NA,NA,aecf949a-adfb-400b-9c8e-95fb9d4c8878,2025-06-16,22:36:14,2025-06-16T22:36:14Z,2025-06-16T22:36:14Z,NA,v3,6101,6096,NA,"Tinney, Carson",806245,Right,BRE_WHI,52f6a3fc-c567-4885-90c2-5eaadadd4b25,55.1973,-132.7939,15.92579,5.57881,0.59554,-14.34697,1.93898,-5.0638,8.19577,NA,NA,NA,NA,NA,NA,NA,NA,NA,NA,NA,NA,NA,NA,NA,NA,NA,NA,NA,NA,NA,NA,NA,NA,NA,NA,NA,NA,NA,NA,NA,NA,NA,NA,NA,NA,NA,NA,NA,NA,NA,NA,NA,NA,NA,NA,NA,NA,NA,NA,High,High,High,NA,NA,NA,NA,NA,NA,NA,NA,NA,NA,NA,NA,NA,NA,NA,NA,NA,NA,NA,NA,NA,NA,NA,NA,NA,NA,NA,NA,NA,NA,NA,NA,NA,NA,NA,NA,NA,NA,NA,NA,NA,NA,NA,NA,NA,NA,NA,NA,NA,NA,NA,NA,NA,NA,NA,NA,NA,NA
NA,NA,NA,NA,NA,NA,NA,NA,NA,NA,NA,NA,NA,NA,NA,NA,69,2025-06-16,18:37:36,5,2,"Bailey, Carson",826053,Left,BRE_WHI,"Schaffner, Jake",835279,Left,HYA_HAR,Undefined,2,Bottom,1,1,0,Fastball,Four-Seam,InPlay,Undefined,GroundBall,Out,1,0,NA,91.24612,-0.965232,2.044958,2082.681992,141.540004,10:45:00,5.81001,-1.65457,5.52252,-21.37289,12.74087,-9.24032,3.12585,-0.5119,83.18753,-4.95375,0.398582,0.420375,66.67359,-8.298487,-29.662245,NA,NA,NA,NA,18.67806,18.52215,-26.313757,0.182645,5.2789,7.04315,1.48309,50,5.71191,-4.31506,-132.39146,-2.97892,9.3444,28.96304,-19.70667,HYA_HAR,BRE_WHI,CCBLHyannis,Cape Cod Baseball League,CCBL,20250616-CCBLHyannis-2,80ca8860-4b02-11f0-ac99-2d93a97aa58f,89.66395,3.14597,NA,8.05859,NA,NA,NA,1.94118,3.14597,0.53449,aecf949a-adfb-400b-9c8e-95fb9d4c8878,2025-06-16,22:37:36,2025-06-16T22:37:36Z,2025-06-16T22:37:36Z,GroundBall,v3,6101,6096,NA,"Tinney, Carson",806245,Right,BRE_WHI,c4903998-a036-4c01-9c96-c238d525e710,54.97631,-133.47568,14.48152,5.80962,-2.24121,-9.85333,1.65117,-4.66486,4.6722,70.793979,1.94176,84.04232,-16.47407,NA,NA,NA,NA,NA,NA,3.14651,-14.15284,-16.85077,NA,NA,NA,NA,NA,NA,0.5349,-47.91654,-1.8981,NA,NA,NA,NA,NA,NA,NA,NA,NA,NA,NA,NA,NA,NA,NA,NA,NA,NA,NA,NA,NA,NA,NA,NA,NA,NA,NA,NA,High,High,High,High,High,NA,NA,NA,NA,NA,NA,NA,NA,NA,NA,NA,NA,NA,NA,NA,NA,NA,NA,NA,NA,NA,NA,NA,NA,NA,NA,NA,NA,NA,NA,NA,NA,NA,NA,NA,NA,NA,NA,NA,NA,NA,NA,NA,NA,NA,NA,NA,NA,NA,NA,NA,NA,NA,NA,NA,NA
NA,NA,NA,NA,NA,NA,NA,NA,NA,NA,NA,NA,NA,NA,NA,NA,70,2025-06-16,18:38:22,6,1,"Bailey, Carson",826053,Left,BRE_WHI,"Miura, Matthew",834681,Right,HYA_HAR,Undefined,2,Bottom,2,0,0,Curveball,Curveball,BallCalled,Undefined,Undefined,Undefined,0,0,NA,76.74011,3.260249,-0.022725,2023.964117,330.465576,05:00:00,5.99717,-1.6295,5.06063,-67.5572,-17.80662,11.08331,3.4451,-0.72733,69.50659,-8.941604,1.938496,0.507657,NA,NA,NA,NA,NA,NA,NA,NA,NA,NA,NA,-5.45646,-9.25209,1.62256,50,6.25372,-0.41482,-111.13871,3.86132,-6.71073,23.02078,-43.5529,HYA_HAR,BRE_WHI,CCBLHyannis,Cape Cod Baseball League,CCBL,20250616-CCBLHyannis-2,9c509570-4b02-11f0-ac99-2d93a97aa58f,74.24785,NA,NA,7.23352,NA,NA,NA,NA,NA,NA,aecf949a-adfb-400b-9c8e-95fb9d4c8878,2025-06-16,22:38:22,2025-06-16T22:38:22Z,2025-06-16T22:38:22Z,NA,v3,6101,6096,NA,"Tinney, Carson",806245,Right,BRE_WHI,dd812356-1917-4cc5-b104-03eff6b0235f,55.44148,-112.26018,11.51039,6.01393,5.98302,-21.77645,1.6348,-0.08791,-3.35536,NA,NA,NA,NA,NA,NA,NA,NA,NA,NA,NA,NA,NA,NA,NA,NA,NA,NA,NA,NA,NA,NA,NA,NA,NA,NA,NA,NA,NA,NA,NA,NA,NA,NA,NA,NA,NA,NA,NA,NA,NA,NA,NA,NA,NA,NA,NA,NA,NA,NA,High,High,High,NA,NA,NA,NA,NA,NA,NA,NA,NA,NA,NA,NA,NA,NA,NA,NA,NA,NA,NA,NA,NA,NA,NA,NA,NA,NA,NA,NA,NA,NA,NA,NA,NA,NA,NA,NA,NA,NA,NA,NA,NA,NA,NA,NA,NA,NA,NA,NA,NA,NA,NA,NA,NA,NA,NA,NA,NA,NA
NA,NA,NA,NA,NA,NA,NA,NA,NA,NA,NA,NA,NA,NA,NA,NA,71,2025-06-16,18:38:40,6,2,"Bailey, Carson",826053,Left,BRE_WHI,"Miura, Matthew",834681,Right,HYA_HAR,Undefined,2,Bottom,2,1,0,Curveball,Curveball,BallCalled,Undefined,Undefined,Undefined,0,0,NA,78.10163,1.265941,2.984139,2053.074844,326.462941,05:00:00,5.95695,-1.55665,5.15653,-64.79228,-16.54233,12.13859,1.75105,2.26645,70.7311,-10.417443,5.13322,0.499942,NA,NA,NA,NA,NA,NA,NA,NA,NA,NA,NA,-4.9487,-8.04276,1.26825,50,6.02609,-6.39564,-113.01514,0.13078,-6.24048,25.39108,-42.31625,HYA_HAR,BRE_WHI,CCBLHyannis,Cape Cod Baseball League,CCBL,20250616-CCBLHyannis-2,a6e37e30-4b02-11f0-ac99-2d93a97aa58f,75.3936,NA,NA,7.37052,NA,NA,NA,NA,NA,NA,aecf949a-adfb-400b-9c8e-95fb9d4c8878,2025-06-16,22:38:40,2025-06-16T22:38:40Z,2025-06-16T22:38:40Z,NA,v3,6101,6096,NA,"Tinney, Carson",806245,Right,BRE_WHI,cafb5d28-3919-4e6f-9df9-737b50f19cbd,55.34382,-114.20943,12.69554,5.97313,2.12115,-21.15813,1.56217,-6.10212,-3.12024,NA,NA,NA,NA,NA,NA,NA,NA,NA,NA,NA,NA,NA,NA,NA,NA,NA,NA,NA,NA,NA,NA,NA,NA,NA,NA,NA,NA,NA,NA,NA,NA,NA,NA,NA,NA,NA,NA,NA,NA,NA,NA,NA,NA,NA,NA,NA,NA,NA,NA,High,High,High,NA,NA,NA,NA,NA,NA,NA,NA,NA,NA,NA,NA,NA,NA,NA,NA,NA,NA,NA,NA,NA,NA,NA,NA,NA,NA,NA,NA,NA,NA,NA,NA,NA,NA,NA,NA,NA,NA,NA,NA,NA,NA,NA,NA,NA,NA,NA,NA,NA,NA,NA,NA,NA,NA,NA,NA,NA,NA
NA,NA,NA,NA,NA,NA,NA,NA,NA,NA,NA,NA,NA,NA,NA,NA,72,2025-06-16,18:39:00,6,3,"Bailey, Carson",826053,Left,BRE_WHI,"Miura, Matthew",834681,Right,HYA_HAR,Undefined,2,Bottom,2,2,0,Fastball,Four-Seam,BallCalled,Undefined,Undefined,Undefined,0,0,NA,90.72944,-1.264599,5.100734,2138.933968,141.469443,10:45:00,5.57729,-1.84254,5.61369,-24.21769,10.74308,-7.55666,2.37397,2.30105,81.93475,-5.776639,3.75987,0.425561,NA,NA,NA,NA,NA,NA,NA,NA,NA,NA,NA,5.52406,6.1952,1.41106,50,5.45343,-11.37747,-131.10022,-3.74569,9.47995,31.32184,-21.54228,HYA_HAR,BRE_WHI,CCBLHyannis,Cape Cod Baseball League,CCBL,20250616-CCBLHyannis-2,b32a7f90-4b02-11f0-ac99-2d93a97aa58f,88.57117,NA,NA,8.79469,NA,NA,NA,NA,NA,NA,aecf949a-adfb-400b-9c8e-95fb9d4c8878,2025-06-16,22:39:00,2025-06-16T22:39:00Z,2025-06-16T22:39:00Z,NA,v3,6101,6096,NA,"Tinney, Carson",806245,Right,BRE_WHI,81ed817a-ce01-4f42-bac6-d8d01c5c93c2,54.88569,-132.26234,15.66092,5.57758,-2.94642,-10.77114,1.83971,-11.7292,4.73998,NA,NA,NA,NA,NA,NA,NA,NA,NA,NA,NA,NA,NA,NA,NA,NA,NA,NA,NA,NA,NA,NA,NA,NA,NA,NA,NA,NA,NA,NA,NA,NA,NA,NA,NA,NA,NA,NA,NA,NA,NA,NA,NA,NA,NA,NA,NA,NA,NA,NA,High,High,High,NA,NA,NA,NA,NA,NA,NA,NA,NA,NA,NA,NA,NA,NA,NA,NA,NA,NA,NA,NA,NA,NA,NA,NA,NA,NA,NA,NA,NA,NA,NA,NA,NA,NA,NA,NA,NA,NA,NA,NA,NA,NA,NA,NA,NA,NA,NA,NA,NA,NA,NA,NA,NA,NA,NA,NA,NA,NA
NA,NA,NA,NA,NA,NA,NA,NA,NA,NA,NA,NA,NA,NA,NA,NA,73,2025-06-16,18:39:21,6,4,"Bailey, Carson",826053,Left,BRE_WHI,"Miura, Matthew",834681,Right,HYA_HAR,Undefined,2,Bottom,2,3,0,Fastball,Four-Seam,StrikeCalled,Undefined,Undefined,Undefined,0,0,NA,90.06316,-0.885341,2.075539,2041.662579,141.369722,10:45:00,5.72919,-1.8906,5.24866,-23.18781,12.24142,-8.85012,2.9643,-0.67686,82.01612,-5.183791,0.50674,0.428403,NA,NA,NA,NA,NA,NA,NA,NA,NA,NA,NA,4.9928,6.71733,1.70679,50,5.63104,-4.31732,-130.56692,-2.86358,8.59374,28.23923,-20.612,HYA_HAR,BRE_WHI,CCBLHyannis,Cape Cod Baseball League,CCBL,20250616-CCBLHyannis-2,bf997b50-4b02-11f0-ac99-2d93a97aa58f,87.98362,NA,NA,8.04704,NA,NA,NA,NA,NA,NA,aecf949a-adfb-400b-9c8e-95fb9d4c8878,2025-06-16,22:39:21,2025-06-16T22:39:21Z,2025-06-16T22:39:21Z,NA,v3,6101,6096,NA,"Tinney, Carson",806245,Right,BRE_WHI,58587fa7-bc0a-41c1-9ffe-ab1716b035d3,55.24784,-131.69704,14.11961,5.72914,-2.03869,-10.306,1.88645,-4.66123,4.29687,NA,NA,NA,NA,NA,NA,NA,NA,NA,NA,NA,NA,NA,NA,NA,NA,NA,NA,NA,NA,NA,NA,NA,NA,NA,NA,NA,NA,NA,NA,NA,NA,NA,NA,NA,NA,NA,NA,NA,NA,NA,NA,NA,NA,NA,NA,NA,NA,NA,NA,High,High,High,NA,NA,NA,NA,NA,NA,NA,NA,NA,NA,NA,NA,NA,NA,NA,NA,NA,NA,NA,NA,NA,NA,NA,NA,NA,NA,NA,NA,NA,NA,NA,NA,NA,NA,NA,NA,NA,NA,NA,NA,NA,NA,NA,NA,NA,NA,NA,NA,NA,NA,NA,NA,NA,NA,NA,NA,NA,NA
NA,NA,NA,NA,NA,NA,NA,NA,NA,NA,NA,NA,NA,NA,NA,NA,74,2025-06-16,18:39:40,6,5,"Bailey, Carson",826053,Left,BRE_WHI,"Miura, Matthew",834681,Right,HYA_HAR,Undefined,2,Bottom,2,3,1,Fastball,Sinker,StrikeSwinging,Undefined,Undefined,Undefined,0,0,NA,89.62176,-2.69405,3.266836,2013.289588,136.293269,10:30:00,5.68547,-1.96234,5.53664,-24.54147,11.14694,-9.46902,1.11631,0.30533,81.45231,-7.243824,1.580654,0.429967,NA,NA,NA,NA,NA,NA,NA,NA,NA,NA,NA,5.8154,6.81174,1.6853,50,5.43513,-6.99046,-129.70885,-6.97094,9.81834,29.40711,-20.67358,HYA_HAR,BRE_WHI,CCBLHyannis,Cape Cod Baseball League,CCBL,20250616-CCBLHyannis-2,cac521a0-4b02-11f0-ac99-2d93a97aa58f,87.663570000000007,NA,NA,8.16945,NA,NA,NA,NA,NA,NA,aecf949a-adfb-400b-9c8e-95fb9d4c8878,2025-06-16,22:39:40,2025-06-16T22:39:40Z,2025-06-16T22:39:40Z,NA,v3,6101,6096,NA,"Tinney, Carson",806245,Right,BRE_WHI,bb437c63-3caa-4056-9160-ee3c7df2c6cf,54.96184,-130.82894,14.70356,5.68565,-6.1835,-10.33679,1.95868,-7.36444,4.90917,NA,NA,NA,NA,NA,NA,NA,NA,NA,NA,NA,NA,NA,NA,NA,NA,NA,NA,NA,NA,NA,NA,NA,NA,NA,NA,NA,NA,NA,NA,NA,NA,NA,NA,NA,NA,NA,NA,NA,NA,NA,NA,NA,NA,NA,NA,NA,NA,NA,NA,High,High,High,NA,NA,NA,NA,NA,NA,NA,NA,NA,NA,NA,NA,NA,NA,NA,NA,NA,NA,NA,NA,NA,NA,NA,NA,NA,NA,NA,NA,NA,NA,NA,NA,NA,NA,NA,NA,NA,NA,NA,NA,NA,NA,NA,NA,NA,NA,NA,NA,NA,NA,NA,NA,NA,NA,NA,NA,NA,NA
NA,NA,NA,NA,NA,NA,NA,NA,NA,NA,NA,NA,NA,NA,NA,NA,75,2025-06-16,18:40:02,6,6,"Bailey, Carson",826053,Left,BRE_WHI,"Miura, Matthew",834681,Right,HYA_HAR,Undefined,2,Bottom,2,3,2,Fastball,Four-Seam,BallCalled,Walk,Undefined,Undefined,0,1,NA,92.1779,-1.766915,3.851936,2137.541014,156.319065,11:15:00,6.0007,-1.47899,5.69501,-20.43812,12.98741,-5.20504,2.64666,1.68236,83.86856,-5.592134,2.924331,0.416112,NA,NA,NA,NA,NA,NA,NA,NA,NA,NA,NA,3.83658,7.47075,1.15852,50,5.83938,-8.76592,-133.50647,-4.82262,6.88028,30.45734,-18.77648,HYA_HAR,BRE_WHI,CCBLHyannis,Cape Cod Baseball League,CCBL,20250616-CCBLHyannis-2,d7f4fc60-4b02-11f0-ac99-2d93a97aa58f,90.58238,NA,NA,8.30934,NA,NA,NA,NA,NA,NA,aecf949a-adfb-400b-9c8e-95fb9d4c8878,2025-06-16,22:40:02,2025-06-16T22:40:02Z,2025-06-16T22:40:02Z,NA,v3,6101,6096,NA,"Tinney, Carson",806245,Right,BRE_WHI,9755e484-c1de-4a35-86cf-b52f0b3797ae,54.80513,-134.59822,15.22867,6.00018,-4.14958,-9.38824,1.47716,-9.01255,3.44014,NA,NA,NA,NA,NA,NA,NA,NA,NA,NA,NA,NA,NA,NA,NA,NA,NA,NA,NA,NA,NA,NA,NA,NA,NA,NA,NA,NA,NA,NA,NA,NA,NA,NA,NA,NA,NA,NA,NA,NA,NA,NA,NA,NA,NA,NA,NA,NA,NA,NA,High,High,High,NA,NA,NA,NA,NA,NA,NA,NA,NA,NA,NA,NA,NA,NA,NA,NA,NA,NA,NA,NA,NA,NA,NA,NA,NA,NA,NA,NA,NA,NA,NA,NA,NA,NA,NA,NA,NA,NA,NA,NA,NA,NA,NA,NA,NA,NA,NA,NA,NA,NA,NA,NA,NA,NA,NA,NA,NA,NA
NA,NA,NA,NA,NA,NA,NA,NA,NA,NA,NA,NA,NA,NA,NA,NA,76,2025-06-16,18:40:37,7,1,"Bailey, Carson",826053,Left,BRE_WHI,"Williamson, Andrew",824713,Left,HYA_HAR,Undefined,2,Bottom,2,0,0,Sinker,Sinker,BallCalled,Undefined,Undefined,Undefined,0,0,NA,90.66744,-1.008605,1.343113,2177.16623,119.687079,10:00:00,5.84658,-1.71514,5.21433,-27.14911,8.00804,-11.9315,2.6354,-1.44627,82.28248,-6.008156,-0.772877,0.426755,NA,NA,NA,NA,NA,NA,NA,NA,NA,NA,NA,6.34422,4.66181,1.60035,50,5.73333,-2.51869,-131.42783,-3.35418,11.00105,30.09497,-24.09033,HYA_HAR,BRE_WHI,CCBLHyannis,Cape Cod Baseball League,CCBL,20250616-CCBLHyannis-2,ecb75120-4b02-11f0-ac99-2d93a97aa58f,88.32344,NA,NA,8.38497,NA,NA,NA,NA,NA,NA,aecf949a-adfb-400b-9c8e-95fb9d4c8878,2025-06-16,22:40:37,2025-06-16T22:40:37Z,2025-06-16T22:40:37Z,NA,v3,6101,6096,NA,"Tinney, Carson",806245,Right,BRE_WHI,4c1b2468-2eea-4558-9ebc-28d13626115e,55.28255,-132.63193,15.04748,5.84824,-2.39032,-12.04516,1.70992,-2.95885,5.50053,NA,NA,NA,NA,NA,NA,NA,NA,NA,NA,NA,NA,NA,NA,NA,NA,NA,NA,NA,NA,NA,NA,NA,NA,NA,NA,NA,NA,NA,NA,NA,NA,NA,NA,NA,NA,NA,NA,NA,NA,NA,NA,NA,NA,NA,NA,NA,NA,NA,NA,High,High,High,NA,NA,NA,NA,NA,NA,NA,NA,NA,NA,NA,NA,NA,NA,NA,NA,NA,NA,NA,NA,NA,NA,NA,NA,NA,NA,NA,NA,NA,NA,NA,NA,NA,NA,NA,NA,NA,NA,NA,NA,NA,NA,NA,NA,NA,NA,NA,NA,NA,NA,NA,NA,NA,NA,NA,NA,NA,NA
NA,NA,NA,NA,NA,NA,NA,NA,NA,NA,NA,NA,NA,NA,NA,NA,77,2025-06-16,18:41:03,7,2,"Bailey, Carson",826053,Left,BRE_WHI,"Williamson, Andrew",824713,Left,HYA_HAR,Undefined,2,Bottom,2,1,0,ChangeUp,Sinker,BallCalled,Undefined,Undefined,Undefined,0,0,NA,88.44109,0.30854,1.713904,2161.931366,84.324442,08:45:00,5.44494,-2.20664,5.62236,-36.58742,-0.30106,-15.123,2.68405,-1.86702,80.51717,-6.415226,-0.988819,0.433554,NA,NA,NA,NA,NA,NA,NA,NA,NA,NA,NA,8.16867,0.11693,2.07041,50,5.4478,-3.1814,-128.36295,-0.66508,13.53321,28.31766,-31.98032,HYA_HAR,BRE_WHI,CCBLHyannis,Cape Cod Baseball League,CCBL,20250616-CCBLHyannis-2,fc22c400-4b02-11f0-ac99-2d93a97aa58f,86.93827,NA,NA,7.92392,NA,NA,NA,NA,NA,NA,aecf949a-adfb-400b-9c8e-95fb9d4c8878,2025-06-16,22:41:03,2025-06-16T22:41:03Z,2025-06-16T22:41:03Z,NA,v3,6101,6096,NA,"Tinney, Carson",806245,Right,BRE_WHI,ad1a0ad5-06a9-4fa6-bcae-4e7ed6522026,54.87684,-129.43434,14.15883,5.45007,0.54489,-15.99016,2.20046,-3.69343,6.7666,NA,NA,NA,NA,NA,NA,NA,NA,NA,NA,NA,NA,NA,NA,NA,NA,NA,NA,NA,NA,NA,NA,NA,NA,NA,NA,NA,NA,NA,NA,NA,NA,NA,NA,NA,NA,NA,NA,NA,NA,NA,NA,NA,NA,NA,NA,NA,NA,NA,NA,High,High,High,NA,NA,NA,NA,NA,NA,NA,NA,NA,NA,NA,NA,NA,NA,NA,NA,NA,NA,NA,NA,NA,NA,NA,NA,NA,NA,NA,NA,NA,NA,NA,NA,NA,NA,NA,NA,NA,NA,NA,NA,NA,NA,NA,NA,NA,NA,NA,NA,NA,NA,NA,NA,NA,NA,NA,NA,NA,NA
NA,NA,NA,NA,NA,NA,NA,NA,NA,NA,NA,NA,NA,NA,NA,NA,78,2025-06-16,18:41:25,7,3,"Bailey, Carson",826053,Left,BRE_WHI,"Williamson, Andrew",824713,Left,HYA_HAR,Undefined,2,Bottom,2,2,0,Sinker,Sinker,BallCalled,Undefined,Undefined,Undefined,0,0,NA,91.32782,-2.056645,4.030224,2193.824853,115.430835,09:45:00,5.53005,-2.05378,5.61054,-27.07458,7.29193,-12.78229,1.3486,0.64902,82.76645,-7.065312,1.753268,0.421929,NA,NA,NA,NA,NA,NA,NA,NA,NA,NA,NA,7.6939,4.69307,1.71717,50,5.33654,-8.7259,-132.09966,-5.74299,13.45125,30.92397,-23.96916,HYA_HAR,BRE_WHI,CCBLHyannis,Cape Cod Baseball League,CCBL,20250616-CCBLHyannis-2,0974f3d0-4b03-11f0-ac99-2d93a97aa58f,89.3337,NA,NA,8.56137,NA,NA,NA,NA,NA,NA,aecf949a-adfb-400b-9c8e-95fb9d4c8878,2025-06-16,22:41:25,2025-06-16T22:41:25Z,2025-06-16T22:41:25Z,NA,v3,6101,6096,NA,"Tinney, Carson",806245,Right,BRE_WHI,aad16126-1f4d-46be-8562-6b90733e5b7e,54.88642,-133.23864,15.46199,5.53181,-4.86017,-11.98458,2.04768,-9.22133,6.72562,NA,NA,NA,NA,NA,NA,NA,NA,NA,NA,NA,NA,NA,NA,NA,NA,NA,NA,NA,NA,NA,NA,NA,NA,NA,NA,NA,NA,NA,NA,NA,NA,NA,NA,NA,NA,NA,NA,NA,NA,NA,NA,NA,NA,NA,NA,NA,NA,NA,NA,High,High,High,NA,NA,NA,NA,NA,NA,NA,NA,NA,NA,NA,NA,NA,NA,NA,NA,NA,NA,NA,NA,NA,NA,NA,NA,NA,NA,NA,NA,NA,NA,NA,NA,NA,NA,NA,NA,NA,NA,NA,NA,NA,NA,NA,NA,NA,NA,NA,NA,NA,NA,NA,NA,NA,NA,NA,NA,NA,NA
NA,NA,NA,NA,NA,NA,NA,NA,NA,NA,NA,NA,NA,NA,NA,NA,79,2025-06-16,18:46:38,7,4,"Wimbish, Camden",10071140,Right,BRE_WHI,"Williamson, Andrew",824713,Left,HYA_HAR,Undefined,2,Bottom,2,3,0,Fastball,Four-Seam,FoulBallNotFieldable,Undefined,Undefined,Undefined,0,0,NA,94.32734,-1.359924,-2.470431,2306.547735,219.839102,01:15:00,5.60465,1.12647,6.24631,-16.42131,15.048,11.5976,2.98055,-0.18695,84.88379,-4.520475,-0.376889,0.403752,73.77325,41.219351,-158.225654,3806.895703,NA,NA,NA,NA,45.13726,NA,NA,-6.83437,8.58351,-0.94824,50,5.49535,5.40385,-136.78874,-3.7244,-12.73379,34.85275,-16.18122,HYA_HAR,BRE_WHI,CCBLHyannis,Cape Cod Baseball League,CCBL,20250616-CCBLHyannis-2,c3ec6540-4b03-11f0-ac99-2d93a97aa58f,93.35533,34.85828,NA,9.44355,NA,NA,NA,1.54365,3.01839,0.18324,aecf949a-adfb-400b-9c8e-95fb9d4c8878,2025-06-16,22:46:38,2025-06-16T22:46:38Z,2025-06-16T22:46:38Z,NA,v3,6101,6096,NA,"Tinney, Carson",806245,Right,BRE_WHI,e89cacab-da8c-4d66-8aba-dd13947c09d3,54.2509,-137.86759,17.42638,5.60289,-3.22352,-8.09061,-1.12161,5.79801,-6.36689,11.230127,1.54365,-75.58082,3.45916,0.6349,-0.29011,0.10157,-0.02849,0.00889,-0.00199,3.01839,71.29808,-32.19606,4.64324,-1.05177,0.22529,-0.04914,0.01039,-0.00136,0.18324,-30.19092,3.93197,-0.79048,0.16788,-0.03349,0.00745,-0.00152,2.1e-4,NA,NA,NA,NA,NA,NA,NA,NA,NA,NA,NA,NA,NA,NA,NA,NA,NA,NA,NA,NA,NA,NA,High,High,High,High,Undefined,NA,NA,NA,NA,NA,NA,NA,NA,NA,NA,NA,NA,NA,NA,NA,NA,NA,NA,NA,NA,NA,NA,NA,NA,NA,NA,NA,NA,NA,NA,NA,NA,NA,NA,NA,NA,NA,NA,NA,NA,NA,NA,NA,NA,NA,NA,NA,NA,NA,NA,NA,NA,NA,NA,NA,NA
NA,NA,NA,NA,NA,NA,NA,NA,NA,NA,NA,NA,NA,NA,NA,NA,80,2025-06-16,18:46:58,7,5,"Wimbish, Camden",10071140,Right,BRE_WHI,"Williamson, Andrew",824713,Left,HYA_HAR,Undefined,2,Bottom,2,3,1,Fastball,Four-Seam,BallCalled,Walk,Undefined,Undefined,0,0,NA,94.53993,-3.157087,-2.936465,2301.86073,223.049993,01:30:00,5.49656,1.18557,6.43756,-12.45536,18.663,16.37446,1.55063,-0.15074,85.28409,-5.600019,0.028879,0.401495,NA,NA,NA,NA,NA,NA,NA,NA,NA,NA,NA,-9.46272,11.07284,-0.9836,50,5.26594,6.33102,-136.95873,-7.85414,-17.72111,34.21317,-11.43758,HYA_HAR,BRE_WHI,CCBLHyannis,Cape Cod Baseball League,CCBL,20250616-CCBLHyannis-2,cfeb3a10-4b03-11f0-ac99-2d93a97aa58f,93.88028,NA,NA,9.25584,NA,NA,NA,NA,NA,NA,aecf949a-adfb-400b-9c8e-95fb9d4c8878,2025-06-16,22:46:58,2025-06-16T22:46:58Z,2025-06-16T22:46:58Z,NA,v3,6101,6096,NA,"Tinney, Carson",806245,Right,BRE_WHI,a0e07753-65e8-48d1-8f99-109dae59728c,54.05983,-137.96917,17.10659,5.49292,-7.51635,-5.71879,-1.17831,6.85439,-8.86055,NA,NA,NA,NA,NA,NA,NA,NA,NA,NA,NA,NA,NA,NA,NA,NA,NA,NA,NA,NA,NA,NA,NA,NA,NA,NA,NA,NA,NA,NA,NA,NA,NA,NA,NA,NA,NA,NA,NA,NA,NA,NA,NA,NA,NA,NA,NA,NA,NA,NA,High,High,High,NA,NA,NA,NA,NA,NA,NA,NA,NA,NA,NA,NA,NA,NA,NA,NA,NA,NA,NA,NA,NA,NA,NA,NA,NA,NA,NA,NA,NA,NA,NA,NA,NA,NA,NA,NA,NA,NA,NA,NA,NA,NA,NA,NA,NA,NA,NA,NA,NA,NA,NA,NA,NA,NA,NA,NA,NA,NA
NA,NA,NA,NA,NA,NA,NA,NA,NA,NA,NA,NA,NA,NA,NA,NA,81,2025-06-16,18:47:53,8,1,"Wimbish, Camden",10071140,Right,BRE_WHI,"Velazquez, Ray",808918,Right,HYA_HAR,Undefined,2,Bottom,2,1,0,Fastball,Four-Seam,BallCalled,Undefined,Undefined,Undefined,0,0,NA,93.55149,-1.313031,-3.377121,2324.583093,206.282398,01:00:00,5.49638,1.12024,6.60128,-11.28524,20.06517,9.38213,3.35078,-1.19528,84.75764,-3.549611,-1.675089,0.402989,NA,NA,NA,NA,NA,NA,NA,NA,NA,NA,NA,-5.89114,11.2052,-0.89298,50,5.40128,7.61622,-135.70541,-3.33424,-10.90461,31.74782,-11.433,HYA_HAR,BRE_WHI,CCBLHyannis,Cape Cod Baseball League,CCBL,20250616-CCBLHyannis-2,f059fde0-4b03-11f0-ac99-2d93a97aa58f,93.53221,NA,NA,8.79386,NA,NA,NA,NA,NA,NA,aecf949a-adfb-400b-9c8e-95fb9d4c8878,2025-06-16,22:47:53,2025-06-16T22:47:53Z,2025-06-16T22:47:53Z,NA,v3,6101,6096,NA,"Tinney, Carson",806245,Right,BRE_WHI,d6603351-5923-4ee5-9e3a-46a66333705c,53.89478,-136.61354,15.87391,5.49198,-3.00721,-5.7165,-1.1153,7.92814,-5.4523,NA,NA,NA,NA,NA,NA,NA,NA,NA,NA,NA,NA,NA,NA,NA,NA,NA,NA,NA,NA,NA,NA,NA,NA,NA,NA,NA,NA,NA,NA,NA,NA,NA,NA,NA,NA,NA,NA,NA,NA,NA,NA,NA,NA,NA,NA,NA,NA,NA,NA,High,High,High,NA,NA,NA,NA,NA,NA,NA,NA,NA,NA,NA,NA,NA,NA,NA,NA,NA,NA,NA,NA,NA,NA,NA,NA,NA,NA,NA,NA,NA,NA,NA,NA,NA,NA,NA,NA,NA,NA,NA,NA,NA,NA,NA,NA,NA,NA,NA,NA,NA,NA,NA,NA,NA,NA,NA,NA,NA,NA
NA,NA,NA,NA,NA,NA,NA,NA,NA,NA,NA,NA,NA,NA,NA,NA,82,2025-06-16,18:48:13,8,2,"Wimbish, Camden",10071140,Right,BRE_WHI,"Velazquez, Ray",808918,Right,HYA_HAR,Undefined,2,Bottom,2,2,0,Fastball,Four-Seam,FoulBallNotFieldable,Undefined,Undefined,Undefined,0,0,NA,92.92084,-0.958913,-2.231483,2314.221072,214.712006,01:15:00,5.45369,1.43586,6.25329,-14.49457,17.72832,11.50753,3.36077,0.33596,84.01905,-3.76992,-0.153756,0.408558,NA,NA,NA,NA,NA,NA,NA,NA,NA,NA,NA,-6.69552,9.84166,-1.27573,50,5.37532,4.77634,-134.87326,-2.64564,-12.19693,32.35983,-14.24594,HYA_HAR,BRE_WHI,CCBLHyannis,Cape Cod Baseball League,CCBL,20250616-CCBLHyannis-2,fc6fdd20-4b03-11f0-ac99-2d93a97aa58f,92.25724,NA,NA,8.90179,NA,NA,NA,NA,NA,NA,aecf949a-adfb-400b-9c8e-95fb9d4c8878,2025-06-16,22:48:13,2025-06-16T22:48:13Z,2025-06-16T22:48:13Z,NA,v3,6101,6096,NA,"Tinney, Carson",806245,Right,BRE_WHI,f414b048-4303-4a60-89a7-d171e5a35990,54.24507,-135.88795,16.17992,5.45128,-2.19893,-7.12297,-1.4315,5.1588,-6.09846,NA,NA,NA,NA,NA,NA,NA,NA,NA,NA,NA,NA,NA,NA,NA,NA,NA,NA,NA,NA,NA,NA,NA,NA,NA,NA,NA,NA,NA,NA,NA,NA,NA,NA,NA,NA,NA,NA,NA,NA,NA,NA,NA,NA,NA,NA,NA,NA,NA,NA,High,High,High,NA,NA,NA,NA,NA,NA,NA,NA,NA,NA,NA,NA,NA,NA,NA,NA,NA,NA,NA,NA,NA,NA,NA,NA,NA,NA,NA,NA,NA,NA,NA,NA,NA,NA,NA,NA,NA,NA,NA,NA,NA,NA,NA,NA,NA,NA,NA,NA,NA,NA,NA,NA,NA,NA,NA,NA,NA,NA
NA,NA,NA,NA,NA,NA,NA,NA,NA,NA,NA,NA,NA,NA,NA,NA,83,2025-06-16,18:48:40,8,3,"Wimbish, Camden",10071140,Right,BRE_WHI,"Velazquez, Ray",808918,Right,HYA_HAR,Undefined,2,Bottom,2,2,1,Curveball,Slider,BallCalled,Undefined,Undefined,Undefined,0,0,NA,86.788570000000007,-1.228921,-3.56646,2068.769619,160.719425,11:15:00,5.31378,1.40788,5.8966,-34.2099,3.32355,-0.71685,1.31964,-1.96723,79.03383,-7.541333,-3.694859,0.440941,NA,NA,NA,NA,NA,NA,NA,NA,NA,NA,NA,-0.73122,2.44008,-1.12014,50,5.1951,7.86633,-125.74303,-3.86506,-1.15857,27.96425,-28.30784,HYA_HAR,BRE_WHI,CCBLHyannis,Cape Cod Baseball League,CCBL,20250616-CCBLHyannis-2,0cdb0cc0-4b04-11f0-ac99-2d93a97aa58f,85.48183,NA,NA,7.75474,NA,NA,NA,NA,NA,NA,aecf949a-adfb-400b-9c8e-95fb9d4c8878,2025-06-16,22:48:40,2025-06-16T22:48:40Z,2025-06-16T22:48:40Z,NA,v3,6101,6096,NA,"Tinney, Carson",806245,Right,BRE_WHI,eb3e498e-15b2-4e9f-a5cb-e1ec1c00a5c9,54.60168,-126.76228,13.98213,5.31717,-2.83329,-14.15392,-1.40762,7.90856,-0.57928,NA,NA,NA,NA,NA,NA,NA,NA,NA,NA,NA,NA,NA,NA,NA,NA,NA,NA,NA,NA,NA,NA,NA,NA,NA,NA,NA,NA,NA,NA,NA,NA,NA,NA,NA,NA,NA,NA,NA,NA,NA,NA,NA,NA,NA,NA,NA,NA,NA,NA,High,High,High,NA,NA,NA,NA,NA,NA,NA,NA,NA,NA,NA,NA,NA,NA,NA,NA,NA,NA,NA,NA,NA,NA,NA,NA,NA,NA,NA,NA,NA,NA,NA,NA,NA,NA,NA,NA,NA,NA,NA,NA,NA,NA,NA,NA,NA,NA,NA,NA,NA,NA,NA,NA,NA,NA,NA,NA,NA,NA
NA,NA,NA,NA,NA,NA,NA,NA,NA,NA,NA,NA,NA,NA,NA,NA,84,2025-06-16,18:49:24,8,4,"Wimbish, Camden",10071140,Right,BRE_WHI,"Velazquez, Ray",808918,Right,HYA_HAR,Undefined,2,Bottom,2,3,1,Fastball,Four-Seam,FoulBallNotFieldable,Undefined,Undefined,Undefined,0,0,NA,91.93058,-1.786658,-2.158464,2309.765603,206.194107,12:45:00,5.44686,1.28073,6.45934,-13.75741,18.96989,8.76343,2.65753,0.02737,83.07611,-4.476289,-0.570046,0.411743,70.89213,41.579838,158.16772,4378.14475,NA,NA,NA,NA,37.81278,NA,NA,-5.27162,10.82882,-1.13189,50,5.3142,4.67425,-133.41034,-4.49208,-9.38191,32.05534,-12.90201,HYA_HAR,BRE_WHI,CCBLHyannis,Cape Cod Baseball League,CCBL,20250616-CCBLHyannis-2,26b369d0-4b04-11f0-ac99-2d93a97aa58f,91.54355,31.73138,NA,8.85447,NA,NA,NA,1.99155,2.65286,-0.05292,aecf949a-adfb-400b-9c8e-95fb9d4c8878,2025-06-16,22:49:24,2025-06-16T22:49:24Z,2025-06-16T22:49:24Z,NA,v3,6101,6096,NA,"Tinney, Carson",806245,Right,BRE_WHI,b73a2d04-755a-4e5c-a360-c1bd58bbdde9,54.03822,-134.37713,16.02767,5.44381,-4.10296,-6.451,-1.27713,4.95721,-4.69095,NA,1.99155,-72.19815,3.67302,0.09927,-0.06669,0.0329,-0.00729,0.00101,1.5e-4,2.65286,69.00434,-28.94919,3.77096,-0.84601,0.18655,-0.04263,0.0123,-0.00293,-0.05292,28.92439,-8.42583,1.15594,-0.22797,0.03606,-0.00861,0.00267,-7.3e-4,NA,NA,NA,NA,NA,NA,NA,NA,NA,NA,NA,NA,NA,NA,NA,NA,NA,NA,NA,NA,NA,NA,High,High,High,High,Undefined,NA,NA,NA,NA,NA,NA,NA,NA,NA,NA,NA,NA,NA,NA,NA,NA,NA,NA,NA,NA,NA,NA,NA,NA,NA,NA,NA,NA,NA,NA,NA,NA,NA,NA,NA,NA,NA,NA,NA,NA,NA,NA,NA,NA,NA,NA,NA,NA,NA,NA,NA,NA,NA,NA,NA,NA
NA,NA,NA,NA,NA,NA,NA,NA,NA,NA,NA,NA,NA,NA,NA,NA,85,2025-06-16,18:49:51,8,5,"Wimbish, Camden",10071140,Right,BRE_WHI,"Velazquez, Ray",808918,Right,HYA_HAR,Undefined,2,Bottom,2,3,2,Fastball,Four-Seam,StrikeSwinging,Strikeout,Undefined,Undefined,0,0,NA,92.2055,-1.868855,-3.504074,2213.944351,213.350809,01:00:00,5.36238,1.35166,6.43479,-16.92517,15.59418,9.52918,2.23063,-1.07852,83.64356,-5.118455,-1.780549,0.410433,NA,NA,NA,NA,NA,NA,NA,NA,NA,NA,NA,-6.04485,9.04595,-1.10639,50,5.22149,7.79938,-133.68915,-4.83342,-10.84783,31.08922,-15.9406,HYA_HAR,BRE_WHI,CCBLHyannis,Cape Cod Baseball League,CCBL,20250616-CCBLHyannis-2,372d3f70-4b04-11f0-ac99-2d93a97aa58f,91.83577,NA,NA,8.56194,NA,NA,NA,NA,NA,NA,aecf949a-adfb-400b-9c8e-95fb9d4c8878,2025-06-16,22:49:51,2025-06-16T22:49:51Z,2025-06-16T22:49:51Z,NA,v3,6101,6096,NA,"Tinney, Carson",806245,Right,BRE_WHI,d446fa00-02b6-44db-8357-d7ef04331ac0,54.06311,-134.63071,15.54461,5.36056,-4.35065,-7.9703,-1.34758,8.12792,-5.42392,NA,NA,NA,NA,NA,NA,NA,NA,NA,NA,NA,NA,NA,NA,NA,NA,NA,NA,NA,NA,NA,NA,NA,NA,NA,NA,NA,NA,NA,NA,NA,NA,NA,NA,NA,NA,NA,NA,NA,NA,NA,NA,NA,NA,NA,NA,NA,NA,NA,NA,High,High,High,NA,NA,NA,NA,NA,NA,NA,NA,NA,NA,NA,NA,NA,NA,NA,NA,NA,NA,NA,NA,NA,NA,NA,NA,NA,NA,NA,NA,NA,NA,NA,NA,NA,NA,NA,NA,NA,NA,NA,NA,NA,NA,NA,NA,NA,NA,NA,NA,NA,NA,NA,NA,NA,NA,NA,NA,NA,NA
NA,NA,NA,NA,NA,NA,NA,NA,NA,NA,NA,NA,NA,NA,NA,NA,86,2025-06-16,18:52:06,1,1,"Blanco, Evan",702711,Left,HYA_HAR,"Magpoc, Adam",822330,Right,BRE_WHI,Undefined,3,Top,0,0,0,Fastball,Sinker,StrikeCalled,Undefined,Undefined,Undefined,0,0,NA,85.97713,-2.066042,3.135314,2220.909218,151.280176,11:00:00,6.14618,-1.68001,5.12814,-16.60654,22.71682,-11.68957,2.81272,0.30168,77.88826,-5.22287,1.071231,0.451333,NA,NA,NA,NA,NA,NA,NA,NA,NA,NA,NA,6.72756,12.29823,1.39483,50,5.93981,-6.28441,-124.3891,-4.9892,10.46518,26.61649,-13.04336,HYA_HAR,BRE_WHI,CCBLHyannis,Cape Cod Baseball League,CCBL,20250616-CCBLHyannis-2,8781aba0-4b04-11f0-ac99-2d93a97aa58f,83.51365,NA,NA,8.08886,NA,NA,NA,NA,NA,NA,aecf949a-adfb-400b-9c8e-95fb9d4c8878,2025-06-16,22:52:06,2025-06-16T22:52:06Z,2025-06-16T22:52:06Z,NA,v3,6101,6096,NA,"Lackey, Vahn",822518,Right,HYA_HAR,02dcf425-299f-453c-a5ce-ee960c0df60e,55.3679,-125.53246,13.30825,6.1421,-4.4289,-6.52168,1.67445,-6.73396,5.23259,NA,NA,NA,NA,NA,NA,NA,NA,NA,NA,NA,NA,NA,NA,NA,NA,NA,NA,NA,NA,NA,NA,NA,NA,NA,NA,NA,NA,NA,NA,NA,NA,NA,NA,NA,NA,NA,NA,NA,NA,NA,NA,NA,NA,NA,NA,NA,NA,NA,NA,High,High,High,NA,NA,NA,NA,NA,NA,NA,NA,NA,NA,NA,NA,NA,NA,NA,NA,NA,NA,NA,NA,NA,NA,NA,NA,NA,NA,NA,NA,NA,NA,NA,NA,NA,NA,NA,NA,NA,NA,NA,NA,NA,NA,NA,NA,NA,NA,NA,NA,NA,NA,NA,NA,NA,NA,NA,NA,NA,NA
NA,NA,NA,NA,NA,NA,NA,NA,NA,NA,NA,NA,NA,NA,NA,NA,87,2025-06-16,18:52:24,1,2,"Blanco, Evan",702711,Left,HYA_HAR,"Magpoc, Adam",822330,Right,BRE_WHI,Undefined,3,Top,0,0,1,Fastball,Four-Seam,BallCalled,Undefined,Undefined,Undefined,0,0,NA,88.1378,-0.940322,2.422863,2170.296959,155.613025,11:15:00,6.13904,-1.49914,4.92004,-19.3454,18.14871,-7.66095,3.63702,0.15449,80.13213,-4.552187,1.074147,0.44071,NA,NA,NA,NA,NA,NA,NA,NA,NA,NA,NA,4.46099,9.58501,1.26945,50,6.03191,-5.03881,-127.66216,-2.76869,7.33965,27.02521,-16.40386,HYA_HAR,BRE_WHI,CCBLHyannis,Cape Cod Baseball League,CCBL,20250616-CCBLHyannis-2,92367440-4b04-11f0-ac99-2d93a97aa58f,85.52662,NA,NA,8.00567,NA,NA,NA,NA,NA,NA,aecf949a-adfb-400b-9c8e-95fb9d4c8878,2025-06-16,22:52:24,2025-06-16T22:52:24Z,2025-06-16T22:52:24Z,NA,v3,6101,6096,NA,"Lackey, Vahn",822518,Right,HYA_HAR,756f7b8a-92b1-488c-9d37-e11e99324f4a,55.57607,-128.83716,13.51261,6.13678,-2.05548,-8.20193,1.49546,-5.35793,3.66983,NA,NA,NA,NA,NA,NA,NA,NA,NA,NA,NA,NA,NA,NA,NA,NA,NA,NA,NA,NA,NA,NA,NA,NA,NA,NA,NA,NA,NA,NA,NA,NA,NA,NA,NA,NA,NA,NA,NA,NA,NA,NA,NA,NA,NA,NA,NA,NA,NA,NA,High,High,High,NA,NA,NA,NA,NA,NA,NA,NA,NA,NA,NA,NA,NA,NA,NA,NA,NA,NA,NA,NA,NA,NA,NA,NA,NA,NA,NA,NA,NA,NA,NA,NA,NA,NA,NA,NA,NA,NA,NA,NA,NA,NA,NA,NA,NA,NA,NA,NA,NA,NA,NA,NA,NA,NA,NA,NA,NA,NA
NA,NA,NA,NA,NA,NA,NA,NA,NA,NA,NA,NA,NA,NA,NA,NA,88,2025-06-16,18:52:43,1,3,"Blanco, Evan",702711,Left,HYA_HAR,"Magpoc, Adam",822330,Right,BRE_WHI,Undefined,3,Top,0,1,1,Fastball,Four-Seam,BallCalled,Undefined,Undefined,Undefined,0,0,NA,87.1118,-1.147391,2.977896,2117.937761,147.232239,11:00:00,6.12024,-1.56325,4.94636,-21.22915,17.16714,-10.21808,3.26527,0.40184,79.19714,-5.095356,1.17905,0.44598,NA,NA,NA,NA,NA,NA,NA,NA,NA,NA,NA,5.88355,9.18252,1.28282,50,5.9919,-6.08313,-126.11419,-3.27194,9.4431,26.46927,-17.43608,HYA_HAR,BRE_WHI,CCBLHyannis,Cape Cod Baseball League,CCBL,20250616-CCBLHyannis-2,9d6a09d0-4b04-11f0-ac99-2d93a97aa58f,84.5159,NA,NA,7.91466,NA,NA,NA,NA,NA,NA,aecf949a-adfb-400b-9c8e-95fb9d4c8878,2025-06-16,22:52:43,2025-06-16T22:52:43Z,2025-06-16T22:52:43Z,NA,v3,6101,6096,NA,"Lackey, Vahn",822518,Right,HYA_HAR,720210db-e774-408d-9fbd-4ccc7ae70c97,55.54985,-127.27368,13.23463,6.1185,-2.50815,-8.71804,1.55836,-6.49678,4.72155,NA,NA,NA,NA,NA,NA,NA,NA,NA,NA,NA,NA,NA,NA,NA,NA,NA,NA,NA,NA,NA,NA,NA,NA,NA,NA,NA,NA,NA,NA,NA,NA,NA,NA,NA,NA,NA,NA,NA,NA,NA,NA,NA,NA,NA,NA,NA,NA,NA,NA,High,High,High,NA,NA,NA,NA,NA,NA,NA,NA,NA,NA,NA,NA,NA,NA,NA,NA,NA,NA,NA,NA,NA,NA,NA,NA,NA,NA,NA,NA,NA,NA,NA,NA,NA,NA,NA,NA,NA,NA,NA,NA,NA,NA,NA,NA,NA,NA,NA,NA,NA,NA,NA,NA,NA,NA,NA,NA,NA,NA
NA,NA,NA,NA,NA,NA,NA,NA,NA,NA,NA,NA,NA,NA,NA,NA,89,2025-06-16,18:53:01,1,4,"Blanco, Evan",702711,Left,HYA_HAR,"Magpoc, Adam",822330,Right,BRE_WHI,Undefined,3,Top,0,2,1,Fastball,Four-Seam,StrikeCalled,Undefined,Undefined,Undefined,0,0,NA,86.32516,-3.468739,3.00786,2200.818358,152.780105,11:00:00,6.0906,-1.65883,5.11324,-16.57229,22.3856,-10.82571,1.43327,0.27525,78.61862,-6.59492,1.096139,0.44923,NA,NA,NA,NA,NA,NA,NA,NA,NA,NA,NA,6.27012,12.5417,1.38437,50,5.75117,-6.07737,-124.8328,-8.08966,9.85882,25.96436,-12.45413,HYA_HAR,BRE_WHI,CCBLHyannis,Cape Cod Baseball League,CCBL,20250616-CCBLHyannis-2,a7e8ce50-4b04-11f0-ac99-2d93a97aa58f,83.90448,NA,NA,7.70654,NA,NA,NA,NA,NA,NA,aecf949a-adfb-400b-9c8e-95fb9d4c8878,2025-06-16,22:53:01,2025-06-16T22:53:01Z,2025-06-16T22:53:01Z,NA,v3,6101,6096,NA,"Lackey, Vahn",822518,Right,HYA_HAR,2e9d29df-c7e0-4a0a-9dc4-a29c93e3906a,55.38462,-125.94779,12.98218,6.08709,-7.55485,-6.22706,1.65444,-6.50074,4.92941,NA,NA,NA,NA,NA,NA,NA,NA,NA,NA,NA,NA,NA,NA,NA,NA,NA,NA,NA,NA,NA,NA,NA,NA,NA,NA,NA,NA,NA,NA,NA,NA,NA,NA,NA,NA,NA,NA,NA,NA,NA,NA,NA,NA,NA,NA,NA,NA,NA,NA,High,High,High,NA,NA,NA,NA,NA,NA,NA,NA,NA,NA,NA,NA,NA,NA,NA,NA,NA,NA,NA,NA,NA,NA,NA,NA,NA,NA,NA,NA,NA,NA,NA,NA,NA,NA,NA,NA,NA,NA,NA,NA,NA,NA,NA,NA,NA,NA,NA,NA,NA,NA,NA,NA,NA,NA,NA,NA,NA,NA
NA,NA,NA,NA,NA,NA,NA,NA,NA,NA,NA,NA,NA,NA,NA,NA,90,2025-06-16,18:53:19,1,5,"Blanco, Evan",702711,Left,HYA_HAR,"Magpoc, Adam",822330,Right,BRE_WHI,Undefined,3,Top,0,2,2,ChangeUp,Slider,InPlay,Undefined,Popup,Out,1,0,NA,78.67345,0.375366,1.811838,1469.220256,153.348518,11:00:00,5.95759,-1.7429,5.50433,-43.09404,2.91095,-0.70744,2.71766,-0.10678,71.93832,-7.524006,1.685736,0.488173,63.41559,54.876781,38.094152,NA,67.68682,62.44676,86.7092,150.03358,69.67636,53.392694,4.322498,0.88965,1.77882,1.58516,50,5.9613,-3.58367,-114.1543,-0.67305,1.16783,22.03557,-29.83904,HYA_HAR,BRE_WHI,CCBLHyannis,Cape Cod Baseball League,CCBL,20250616-CCBLHyannis-2,b3066ae0-4b04-11f0-ac99-2d93a97aa58f,77.21123,74.33378,NA,6.73513,NA,NA,NA,1.11346,2.75149,-0.14085,aecf949a-adfb-400b-9c8e-95fb9d4c8878,2025-06-16,22:53:19,2025-06-16T22:53:19Z,2025-06-16T22:53:19Z,Popup,v3,6101,6096,NA,"Lackey, Vahn",822518,Right,HYA_HAR,9bcbe3cd-a339-4c67-b936-8eb7b2e32ba5,54.99443,-115.11435,11.01779,5.9623,0.62698,-14.91952,1.7424,-3.63455,0.58391,NA,1.13237,41.59215,-10.56387,-1.64785,4.85142,-2.96743,0.8889,-0.13168,0.0077,2.74182,76.27973,-24.45484,3.54679,-1.14768,0.22697,0.01011,-0.01064,0.00107,-0.15038,33.24917,-1.51447,1.38179,-1.66732,0.89959,-0.24716,0.03375,-0.00181,NA,NA,NA,NA,NA,NA,NA,NA,NA,NA,NA,NA,NA,NA,NA,NA,NA,NA,NA,NA,NA,NA,High,High,High,High,Medium,NA,NA,NA,NA,NA,NA,NA,NA,NA,NA,NA,NA,NA,NA,NA,NA,NA,NA,NA,NA,NA,NA,NA,NA,NA,NA,NA,NA,NA,NA,NA,NA,NA,NA,NA,NA,NA,NA,NA,NA,NA,NA,NA,NA,NA,NA,NA,NA,NA,NA,NA,NA,NA,NA,NA,NA
NA,NA,NA,NA,NA,NA,NA,NA,NA,NA,NA,NA,NA,NA,NA,NA,91,2025-06-16,18:53:55,2,1,"Blanco, Evan",702711,Left,HYA_HAR,"Ragsdale, Josiah",828824,Left,BRE_WHI,Undefined,3,Top,1,0,0,Fastball,Four-Seam,StrikeCalled,Undefined,Undefined,Undefined,0,0,NA,88.00648,-3.658334,2.965185,2166.631897,152.171267,11:00:00,6.11579,-1.57425,5.00914,-16.9869,20.98261,-10.33442,1.23783,0.36585,79.4974,-6.861993,1.143466,0.443495,NA,NA,NA,NA,NA,NA,NA,NA,NA,NA,NA,6.02906,11.92662,1.29826,50,5.75107,-6.09804,-127.07655,-8.6782,9.74102,28.94188,-12.90442,HYA_HAR,BRE_WHI,CCBLHyannis,Cape Cod Baseball League,CCBL,20250616-CCBLHyannis-2,c8009880-4b04-11f0-ac99-2d93a97aa58f,84.98948,NA,NA,8.50908,NA,NA,NA,NA,NA,NA,aecf949a-adfb-400b-9c8e-95fb9d4c8878,2025-06-16,22:53:55,2025-06-16T22:53:55Z,2025-06-16T22:53:55Z,NA,v3,6101,6096,NA,"Lackey, Vahn",822518,Right,HYA_HAR,deb7f5e5-8ba7-4477-9ddb-6808b7a959df,55.48638,-128.32,14.47094,6.112,-8.12378,-6.45221,1.56924,-6.51655,4.87051,NA,NA,NA,NA,NA,NA,NA,NA,NA,NA,NA,NA,NA,NA,NA,NA,NA,NA,NA,NA,NA,NA,NA,NA,NA,NA,NA,NA,NA,NA,NA,NA,NA,NA,NA,NA,NA,NA,NA,NA,NA,NA,NA,NA,NA,NA,NA,NA,NA,NA,High,High,High,NA,NA,NA,NA,NA,NA,NA,NA,NA,NA,NA,NA,NA,NA,NA,NA,NA,NA,NA,NA,NA,NA,NA,NA,NA,NA,NA,NA,NA,NA,NA,NA,NA,NA,NA,NA,NA,NA,NA,NA,NA,NA,NA,NA,NA,NA,NA,NA,NA,NA,NA,NA,NA,NA,NA,NA,NA,NA
NA,NA,NA,NA,NA,NA,NA,NA,NA,NA,NA,NA,NA,NA,NA,NA,92,2025-06-16,18:54:11,2,2,"Blanco, Evan",702711,Left,HYA_HAR,"Ragsdale, Josiah",828824,Left,BRE_WHI,Undefined,3,Top,1,0,1,ChangeUp,Slider,BallCalled,Undefined,Undefined,Undefined,0,0,NA,80.63396,-2.35081,4.443971,1664.772057,182.95206,12:00:00,5.92364,-1.6893,5.3432,-39.00478,6.12843,0.22689,0.46016,2.50668,72.80349,-9.475251,4.484145,0.483526,NA,NA,NA,NA,NA,NA,NA,NA,NA,NA,NA,1.41173,4.41421,1.28785,50,5.68374,-9.04923,-116.31499,-6.12055,1.89151,26.28662,-26.2596,HYA_HAR,BRE_WHI,CCBLHyannis,Cape Cod Baseball League,CCBL,20250616-CCBLHyannis-2,d2163af0-4b04-11f0-ac99-2d93a97aa58f,77.95335,NA,NA,7.83048,NA,NA,NA,NA,NA,NA,aecf949a-adfb-400b-9c8e-95fb9d4c8878,2025-06-16,22:54:11,2025-06-16T22:54:11Z,2025-06-16T22:54:11Z,NA,v3,6101,6096,NA,"Lackey, Vahn",822518,Right,HYA_HAR,c4375494-cea5-4422-a9b9-a805a14b9c1f,55.15064,-117.47325,13.14331,5.92794,-4.96349,-13.1298,1.68842,-9.13257,0.94575,NA,NA,NA,NA,NA,NA,NA,NA,NA,NA,NA,NA,NA,NA,NA,NA,NA,NA,NA,NA,NA,NA,NA,NA,NA,NA,NA,NA,NA,NA,NA,NA,NA,NA,NA,NA,NA,NA,NA,NA,NA,NA,NA,NA,NA,NA,NA,NA,NA,NA,High,High,High,NA,NA,NA,NA,NA,NA,NA,NA,NA,NA,NA,NA,NA,NA,NA,NA,NA,NA,NA,NA,NA,NA,NA,NA,NA,NA,NA,NA,NA,NA,NA,NA,NA,NA,NA,NA,NA,NA,NA,NA,NA,NA,NA,NA,NA,NA,NA,NA,NA,NA,NA,NA,NA,NA,NA,NA,NA,NA
NA,NA,NA,NA,NA,NA,NA,NA,NA,NA,NA,NA,NA,NA,NA,NA,93,2025-06-16,18:54:30,2,3,"Blanco, Evan",702711,Left,HYA_HAR,"Ragsdale, Josiah",828824,Left,BRE_WHI,Undefined,3,Top,1,1,1,Slider,Changeup,BallCalled,Undefined,Undefined,Undefined,0,0,NA,79.49568,0.043972,3.636023,1552.513596,70.896268,08:15:00,5.82829,-1.84346,5.13942,-46.39534,-0.7987,-6.43512,2.00351,1.04861,73.07728,-8.35322,2.498727,0.486002,NA,NA,NA,NA,NA,NA,NA,NA,NA,NA,NA,4.21276,0.02492,1.50759,50,5.79651,-7.05501,-115.18252,-1.56923,5.66114,21.33583,-32.14055,HYA_HAR,BRE_WHI,CCBLHyannis,Cape Cod Baseball League,CCBL,20250616-CCBLHyannis-2,dcf2d6e0-4b04-11f0-ac99-2d93a97aa58f,77.5562,NA,NA,6.4184,NA,NA,NA,NA,NA,NA,aecf949a-adfb-400b-9c8e-95fb9d4c8878,2025-06-16,22:54:30,2025-06-16T22:54:30Z,2025-06-16T22:54:30Z,NA,v3,6101,6096,NA,"Lackey, Vahn",822518,Right,HYA_HAR,bd3f1e6f-3a97-47db-9042-4cc30814b93e,55.36001,-116.17114,10.66792,5.83472,-0.07996,-16.07028,1.84056,-7.31733,2.83057,NA,NA,NA,NA,NA,NA,NA,NA,NA,NA,NA,NA,NA,NA,NA,NA,NA,NA,NA,NA,NA,NA,NA,NA,NA,NA,NA,NA,NA,NA,NA,NA,NA,NA,NA,NA,NA,NA,NA,NA,NA,NA,NA,NA,NA,NA,NA,NA,NA,NA,High,High,High,NA,NA,NA,NA,NA,NA,NA,NA,NA,NA,NA,NA,NA,NA,NA,NA,NA,NA,NA,NA,NA,NA,NA,NA,NA,NA,NA,NA,NA,NA,NA,NA,NA,NA,NA,NA,NA,NA,NA,NA,NA,NA,NA,NA,NA,NA,NA,NA,NA,NA,NA,NA,NA,NA,NA,NA,NA,NA
NA,NA,NA,NA,NA,NA,NA,NA,NA,NA,NA,NA,NA,NA,NA,NA,94,2025-06-16,18:54:47,2,4,"Blanco, Evan",702711,Left,HYA_HAR,"Ragsdale, Josiah",828824,Left,BRE_WHI,Undefined,3,Top,1,2,1,Fastball,Four-Seam,FoulBallNotFieldable,Undefined,Undefined,Undefined,0,0,NA,86.09156,-3.850374,2.047658,2109.727327,156.261383,11:15:00,6.13564,-1.47797,5.03533,-18.36458,21.11757,-8.66217,0.9649,-0.26717,78.10147,-7.292316,0.518091,0.452243,NA,NA,NA,NA,NA,NA,NA,NA,NA,NA,NA,4.93303,12.06934,1.28971,50,5.75342,-4.05953,-124.43161,-8.97037,7.66267,27.1248,-13.42634,HYA_HAR,BRE_WHI,CCBLHyannis,Cape Cod Baseball League,CCBL,20250616-CCBLHyannis-2,e71f83c0-4b04-11f0-ac99-2d93a97aa58f,83.34557,NA,NA,7.99009,NA,NA,NA,NA,NA,NA,aecf949a-adfb-400b-9c8e-95fb9d4c8878,2025-06-16,22:54:47,2025-06-16T22:54:47Z,2025-06-16T22:54:47Z,NA,v3,6101,6096,NA,"Lackey, Vahn",822518,Right,HYA_HAR,0ba981e6-3211-4ae3-8afd-2c39a59b2e7f,55.46152,-125.61653,13.5624,6.13247,-8.38386,-6.71317,1.47436,-4.39427,3.83133,NA,NA,NA,NA,NA,NA,NA,NA,NA,NA,NA,NA,NA,NA,NA,NA,NA,NA,NA,NA,NA,NA,NA,NA,NA,NA,NA,NA,NA,NA,NA,NA,NA,NA,NA,NA,NA,NA,NA,NA,NA,NA,NA,NA,NA,NA,NA,NA,NA,NA,High,High,High,NA,NA,NA,NA,NA,NA,NA,NA,NA,NA,NA,NA,NA,NA,NA,NA,NA,NA,NA,NA,NA,NA,NA,NA,NA,NA,NA,NA,NA,NA,NA,NA,NA,NA,NA,NA,NA,NA,NA,NA,NA,NA,NA,NA,NA,NA,NA,NA,NA,NA,NA,NA,NA,NA,NA,NA,NA,NA
NA,NA,NA,NA,NA,NA,NA,NA,NA,NA,NA,NA,NA,NA,NA,NA,95,2025-06-16,18:55:09,2,5,"Blanco, Evan",702711,Left,HYA_HAR,"Ragsdale, Josiah",828824,Left,BRE_WHI,Undefined,3,Top,1,1,2,Slider,Changeup,BallCalled,Undefined,Undefined,Undefined,0,0,NA,81.05431,-3.64369,3.309974,1622.480005,127.787391,10:15:00,5.88885,-1.66493,5.15824,-39.03187,5.30965,-4.8839,-0.80392,1.04718,74.31119,-10.690146,2.444697,0.479266,NA,NA,NA,NA,NA,NA,NA,NA,NA,NA,NA,3.48847,4.1226,1.35965,50,5.51769,-6.57967,-117.15209,-8.83677,4.80343,24.03751,-26.49745,HYA_HAR,BRE_WHI,CCBLHyannis,Cape Cod Baseball League,CCBL,20250616-CCBLHyannis-2,f448f5e0-4b04-11f0-ac99-2d93a97aa58f,78.64617,NA,NA,6.74312,NA,NA,NA,NA,NA,NA,aecf949a-adfb-400b-9c8e-95fb9d4c8878,2025-06-16,22:55:09,2025-06-16T22:55:09Z,2025-06-16T22:55:09Z,NA,v3,6101,6096,NA,"Lackey, Vahn",822518,Right,HYA_HAR,6d00e0ce-a2e9-4e19-b5ed-0544a293ce40,55.34178,-118.24305,12.01876,5.89146,-7.63416,-13.24873,1.66322,-6.79768,2.40172,NA,NA,NA,NA,NA,NA,NA,NA,NA,NA,NA,NA,NA,NA,NA,NA,NA,NA,NA,NA,NA,NA,NA,NA,NA,NA,NA,NA,NA,NA,NA,NA,NA,NA,NA,NA,NA,NA,NA,NA,NA,NA,NA,NA,NA,NA,NA,NA,NA,NA,High,High,High,NA,NA,NA,NA,NA,NA,NA,NA,NA,NA,NA,NA,NA,NA,NA,NA,NA,NA,NA,NA,NA,NA,NA,NA,NA,NA,NA,NA,NA,NA,NA,NA,NA,NA,NA,NA,NA,NA,NA,NA,NA,NA,NA,NA,NA,NA,NA,NA,NA,NA,NA,NA,NA,NA,NA,NA,NA,NA
NA,NA,NA,NA,NA,NA,NA,NA,NA,NA,NA,NA,NA,NA,NA,NA,96,2025-06-16,18:55:33,2,6,"Blanco, Evan",702711,Left,HYA_HAR,"Ragsdale, Josiah",828824,Left,BRE_WHI,Undefined,3,Top,0,2,2,Slider,Changeup,StrikeSwinging,Strikeout,Undefined,Undefined,0,0,NA,80.3512,-2.239204,3.145233,1630.759374,98.191633,09:15:00,5.92707,-1.76596,5.24789,-43.0105,2.32996,-4.40701,0.23439,0.8254,72.81066,-10.058939,2.363067,0.484635,NA,NA,NA,NA,NA,NA,NA,NA,NA,NA,NA,3.26732,2.3937,1.48042,50,5.68949,-6.2011,-116.14848,-6.05055,4.37447,25.7937,-28.96924,HYA_HAR,BRE_WHI,CCBLHyannis,Cape Cod Baseball League,CCBL,20250616-CCBLHyannis-2,02e18860-4b05-11f0-ac99-2d93a97aa58f,77.77498,NA,NA,7.54054,NA,NA,NA,NA,NA,NA,aecf949a-adfb-400b-9c8e-95fb9d4c8878,2025-06-16,22:55:33,2025-06-16T22:55:33Z,2025-06-16T22:55:33Z,NA,v3,6101,6096,NA,"Lackey, Vahn",822518,Right,HYA_HAR,ca71fcc1-0ffa-4b49-beef-dc2c4f3dd71f,55.248779999999996,-117.30832,12.89685,5.93228,-4.74793,-14.48462,1.76368,-6.3978,2.18723,NA,NA,NA,NA,NA,NA,NA,NA,NA,NA,NA,NA,NA,NA,NA,NA,NA,NA,NA,NA,NA,NA,NA,NA,NA,NA,NA,NA,NA,NA,NA,NA,NA,NA,NA,NA,NA,NA,NA,NA,NA,NA,NA,NA,NA,NA,NA,NA,NA,NA,High,High,High,NA,NA,NA,NA,NA,NA,NA,NA,NA,NA,NA,NA,NA,NA,NA,NA,NA,NA,NA,NA,NA,NA,NA,NA,NA,NA,NA,NA,NA,NA,NA,NA,NA,NA,NA,NA,NA,NA,NA,NA,NA,NA,NA,NA,NA,NA,NA,NA,NA,NA,NA,NA,NA,NA,NA,NA,NA,NA
NA,NA,NA,NA,NA,NA,NA,NA,NA,NA,NA,NA,NA,NA,NA,NA,97,2025-06-16,18:56:07,3,1,"Blanco, Evan",702711,Left,HYA_HAR,"Wentz, Dalton",807275,Right,BRE_WHI,Undefined,3,Top,2,0,0,Fastball,Four-Seam,StrikeSwinging,Undefined,Undefined,Undefined,0,0,NA,87.78693,-2.314461,1.877857,2161.994978,169.701931,11:45:00,6.11272,-1.5126,5.12911,-14.53859,23.27115,-3.98032,2.71907,-0.07511,79.27326,-5.103406,1.174175,0.442561,NA,NA,NA,NA,NA,NA,NA,NA,NA,NA,NA,2.55417,12.66446,1.3395,50,5.88489,-3.98073,-127.0391,-5.55354,4.12757,28.73359,-11.70806,HYA_HAR,BRE_WHI,CCBLHyannis,Cape Cod Baseball League,CCBL,20250616-CCBLHyannis-2,171e0b50-4b05-11f0-ac99-2d93a97aa58f,85.16887,NA,NA,8.51367,NA,NA,NA,NA,NA,NA,aecf949a-adfb-400b-9c8e-95fb9d4c8878,2025-06-16,22:56:07,2025-06-16T22:56:07Z,2025-06-16T22:56:07Z,NA,v3,6101,6096,NA,"Lackey, Vahn",822518,Right,HYA_HAR,a4373beb-4f9c-4776-b330-dfad96f747aa,55.36591,-128.24701,14.3668,6.10801,-5.06136,-5.85403,1.51049,-4.15424,2.06378,NA,NA,NA,NA,NA,NA,NA,NA,NA,NA,NA,NA,NA,NA,NA,NA,NA,NA,NA,NA,NA,NA,NA,NA,NA,NA,NA,NA,NA,NA,NA,NA,NA,NA,NA,NA,NA,NA,NA,NA,NA,NA,NA,NA,NA,NA,NA,NA,NA,NA,High,High,High,NA,NA,NA,NA,NA,NA,NA,NA,NA,NA,NA,NA,NA,NA,NA,NA,NA,NA,NA,NA,NA,NA,NA,NA,NA,NA,NA,NA,NA,NA,NA,NA,NA,NA,NA,NA,NA,NA,NA,NA,NA,NA,NA,NA,NA,NA,NA,NA,NA,NA,NA,NA,NA,NA,NA,NA,NA,NA
NA,NA,NA,NA,NA,NA,NA,NA,NA,NA,NA,NA,NA,NA,NA,NA,98,2025-06-16,18:56:26,3,2,"Blanco, Evan",702711,Left,HYA_HAR,"Wentz, Dalton",807275,Right,BRE_WHI,Undefined,3,Top,2,0,1,Fastball,Four-Seam,InPlay,Undefined,FlyBall,Out,1,0,NA,88.0139,-3.070132,2.295045,2117.944274,175.542015,11:45:00,6.12718,-1.54725,5.03308,-13.00981,25.096,-1.84138,2.14135,0.46576,78.90806,-5.598043,1.970316,0.444291,102.79846,35.787932,-16.833771,3038.040032,105.04126,78.25387,-32.65376,355.68234,348.72049,-19.57363,5.85669,1.68929,13.9202,1.32947,50,5.82437,-5.01112,-127.1512,-7.18049,2.71095,30.87419,-9.8352,HYA_HAR,BRE_WHI,CCBLHyannis,Cape Cod Baseball League,CCBL,20250616-CCBLHyannis-2,22a7b020-4b05-11f0-ac99-2d93a97aa58f,84.83736,119.59204,NA,9.10583,NA,NA,NA,2.40265,2.26499,-0.30326,aecf949a-adfb-400b-9c8e-95fb9d4c8878,2025-06-16,22:56:26,2025-06-16T22:56:26Z,2025-06-16T22:56:26Z,FlyBall,v3,6101,6096,NA,"Lackey, Vahn",822518,Right,HYA_HAR,36013ac4-a5eb-4710-9b30-70e8497954d0,55.4629,-128.47083,15.43709,6.12229,-6.76012,-4.9176,1.54613,-5.12699,1.35548,NA,2.40948,116.9461,-28.31804,7.07793,-1.40795,0.2336,-0.03125,0.00284,-1.2e-4,2.26523,88.15143,-18.39545,0.46481,0.34145,-0.18024,0.04172,-0.00469,2e-4,-0.30503,-35.38823,7.24896,-1.85303,0.37587,-0.06306,0.00837,-7.4e-4,3e-5,NA,NA,NA,NA,NA,NA,NA,NA,NA,NA,NA,NA,NA,NA,NA,NA,NA,NA,NA,NA,NA,NA,High,High,High,High,Medium,NA,NA,NA,NA,NA,NA,NA,NA,NA,NA,NA,NA,NA,NA,NA,NA,NA,NA,NA,NA,NA,NA,NA,NA,NA,NA,NA,NA,NA,NA,NA,NA,NA,NA,NA,NA,NA,NA,NA,NA,NA,NA,NA,NA,NA,NA,NA,NA,NA,NA,NA,NA,NA,NA,NA,NA
NA,NA,NA,NA,NA,NA,NA,NA,NA,NA,NA,NA,NA,NA,NA,NA,99,2025-06-16,18:59:16,1,1,"Wimbish, Camden",10071140,Right,BRE_WHI,"Bailey, Myles",815343,Left,HYA_HAR,Undefined,3,Bottom,0,0,0,Fastball,Four-Seam,StrikeCalled,Undefined,Undefined,Undefined,0,0,NA,93.00273,-2.550959,-3.265676,2237.419686,197.426247,12:30:00,5.47394,1.55247,6.35014,-8.01603,24.49954,7.2939,2.45245,-0.84896,83.14198,-4.217365,-1.948998,0.410409,NA,NA,NA,NA,NA,NA,NA,NA,NA,NA,NA,-4.86055,13.88902,-1.31827,50,5.284,7.35962,-134.57724,-6.07433,-8.72329,35.02939,-7.24735,HYA_HAR,BRE_WHI,CCBLHyannis,Cape Cod Baseball League,CCBL,20250616-CCBLHyannis-2,8784ea80-4b05-11f0-ac99-2d93a97aa58f,91.84113,NA,NA,9.86074,NA,NA,NA,NA,NA,NA,aecf949a-adfb-400b-9c8e-95fb9d4c8878,2025-06-16,22:59:16,2025-06-16T22:59:16Z,2025-06-16T22:59:16Z,NA,v3,6101,6096,NA,"Tinney, Carson",806245,Right,BRE_WHI,a6dd9635-73ad-495e-92cd-d509138cb7b1,54.14344,-135.65146,17.5147,5.46686,-5.85208,-3.62367,-1.54806,7.62713,-4.36164,NA,NA,NA,NA,NA,NA,NA,NA,NA,NA,NA,NA,NA,NA,NA,NA,NA,NA,NA,NA,NA,NA,NA,NA,NA,NA,NA,NA,NA,NA,NA,NA,NA,NA,NA,NA,NA,NA,NA,NA,NA,NA,NA,NA,NA,NA,NA,NA,NA,NA,High,High,High,NA,NA,NA,NA,NA,NA,NA,NA,NA,NA,NA,NA,NA,NA,NA,NA,NA,NA,NA,NA,NA,NA,NA,NA,NA,NA,NA,NA,NA,NA,NA,NA,NA,NA,NA,NA,NA,NA,NA,NA,NA,NA,NA,NA,NA,NA,NA,NA,NA,NA,NA,NA,NA,NA,NA,NA,NA,NA
NA,NA,NA,NA,NA,NA,NA,NA,NA,NA,NA,NA,NA,NA,NA,NA,100,2025-06-16,18:59:33,1,2,"Wimbish, Camden",10071140,Right,BRE_WHI,"Bailey, Myles",815343,Left,HYA_HAR,Undefined,3,Bottom,0,0,1,Fastball,Sinker,BallCalled,Undefined,Undefined,Undefined,0,0,NA,91.41609,-1.609739,-0.817368,2167.232083,224.620468,01:30:00,5.4961,1.54782,6.34824,-17.16068,16.26965,14.82977,2.58372,2.03119,82.15678,-4.922071,1.868055,0.416142,NA,NA,NA,NA,NA,NA,NA,NA,NA,NA,NA,-7.90095,9.33607,-1.49454,50,5.37098,1.2574,-132.61027,-4.18375,-13.80156,33.39179,-15.86561,HYA_HAR,BRE_WHI,CCBLHyannis,Cape Cod Baseball League,CCBL,20250616-CCBLHyannis-2,91c06470-4b05-11f0-ac99-2d93a97aa58f,90.57587,NA,NA,9.25932,NA,NA,NA,NA,NA,NA,aecf949a-adfb-400b-9c8e-95fb9d4c8878,2025-06-16,22:59:33,2025-06-16T22:59:33Z,2025-06-16T22:59:33Z,NA,v3,6101,6096,NA,"Tinney, Carson",806245,Right,BRE_WHI,65d4f3ae-55d2-48ac-ac0f-631e1d42db7e,54.14628,-133.65024,16.69589,5.49359,-3.68962,-7.93281,-1.54039,1.68725,-6.90078,NA,NA,NA,NA,NA,NA,NA,NA,NA,NA,NA,NA,NA,NA,NA,NA,NA,NA,NA,NA,NA,NA,NA,NA,NA,NA,NA,NA,NA,NA,NA,NA,NA,NA,NA,NA,NA,NA,NA,NA,NA,NA,NA,NA,NA,NA,NA,NA,NA,NA,High,High,High,NA,NA,NA,NA,NA,NA,NA,NA,NA,NA,NA,NA,NA,NA,NA,NA,NA,NA,NA,NA,NA,NA,NA,NA,NA,NA,NA,NA,NA,NA,NA,NA,NA,NA,NA,NA,NA,NA,NA,NA,NA,NA,NA,NA,NA,NA,NA,NA,NA,NA,NA,NA,NA,NA,NA,NA,NA,NA
NA,NA,NA,NA,NA,NA,NA,NA,NA,NA,NA,NA,NA,NA,NA,NA,101,2025-06-16,18:59:51,1,3,"Wimbish, Camden",10071140,Right,BRE_WHI,"Bailey, Myles",815343,Left,HYA_HAR,Undefined,3,Bottom,0,1,1,Fastball,Four-Seam,BallCalled,Undefined,Undefined,Undefined,0,0,NA,91.61676,-0.210535,-1.840359,2214.099245,222.801155,01:30:00,5.45832,1.5196,6.40238,-16.61725,16.59934,14.23265,3.87984,1.01274,82.15015,-3.438398,0.737609,0.41481,NA,NA,NA,NA,NA,NA,NA,NA,NA,NA,NA,-7.94662,9.04599,-1.39331,50,5.43536,3.66292,-132.90732,-0.91627,-13.94318,33.54955,-16.30194,HYA_HAR,BRE_WHI,CCBLHyannis,Cape Cod Baseball League,CCBL,20250616-CCBLHyannis-2,9c369d70-4b05-11f0-ac99-2d93a97aa58f,90.86679,NA,NA,9.46662,NA,NA,NA,NA,NA,NA,aecf949a-adfb-400b-9c8e-95fb9d4c8878,2025-06-16,22:59:51,2025-06-16T22:59:51Z,2025-06-16T22:59:51Z,NA,v3,6101,6096,NA,"Tinney, Carson",806245,Right,BRE_WHI,bba787d1-601e-4f62-9ffb-f6eda513879a,54.09206,-133.93628,16.77477,5.4558,-0.41629,-8.15097,-1.51221,4.09056,-6.97159,NA,NA,NA,NA,NA,NA,NA,NA,NA,NA,NA,NA,NA,NA,NA,NA,NA,NA,NA,NA,NA,NA,NA,NA,NA,NA,NA,NA,NA,NA,NA,NA,NA,NA,NA,NA,NA,NA,NA,NA,NA,NA,NA,NA,NA,NA,NA,NA,NA,NA,High,High,High,NA,NA,NA,NA,NA,NA,NA,NA,NA,NA,NA,NA,NA,NA,NA,NA,NA,NA,NA,NA,NA,NA,NA,NA,NA,NA,NA,NA,NA,NA,NA,NA,NA,NA,NA,NA,NA,NA,NA,NA,NA,NA,NA,NA,NA,NA,NA,NA,NA,NA,NA,NA,NA,NA,NA,NA,NA,NA
NA,NA,NA,NA,NA,NA,NA,NA,NA,NA,NA,NA,NA,NA,NA,NA,102,2025-06-16,19:00:11,1,4,"Wimbish, Camden",10071140,Right,BRE_WHI,"Bailey, Myles",815343,Left,HYA_HAR,Undefined,3,Bottom,0,2,1,ChangeUp,Changeup,StrikeCalled,Undefined,Undefined,Undefined,0,0,NA,84.65085,0.981097,-1.225319,1646.057563,301.498648,04:00:00,5.28506,1.76353,6.16953,-44.37853,-5.24398,10.83512,2.49332,1.53453,76.52384,-7.247775,0.732382,0.450248,NA,NA,NA,NA,NA,NA,NA,NA,NA,NA,NA,-5.96162,-2.55268,-1.67589,50,5.33756,2.19489,-122.87131,0.6152,-8.95844,28.21957,-36.0099,HYA_HAR,BRE_WHI,CCBLHyannis,Cape Cod Baseball League,CCBL,20250616-CCBLHyannis-2,a83b1790-4b05-11f0-ac99-2d93a97aa58f,83.71489,NA,NA,8.12702,NA,NA,NA,NA,NA,NA,aecf949a-adfb-400b-9c8e-95fb9d4c8878,2025-06-16,23:00:11,2025-06-16T23:00:11Z,2025-06-16T23:00:11Z,NA,v3,6101,6096,NA,"Tinney, Carson",806245,Right,BRE_WHI,67cdf104-1562-4436-829d-2238a5d12ec4,54.32827,-123.86138,14.10978,5.29381,1.87859,-18.00495,-1.75841,2.5092,-4.47922,NA,NA,NA,NA,NA,NA,NA,NA,NA,NA,NA,NA,NA,NA,NA,NA,NA,NA,NA,NA,NA,NA,NA,NA,NA,NA,NA,NA,NA,NA,NA,NA,NA,NA,NA,NA,NA,NA,NA,NA,NA,NA,NA,NA,NA,NA,NA,NA,NA,NA,High,High,High,NA,NA,NA,NA,NA,NA,NA,NA,NA,NA,NA,NA,NA,NA,NA,NA,NA,NA,NA,NA,NA,NA,NA,NA,NA,NA,NA,NA,NA,NA,NA,NA,NA,NA,NA,NA,NA,NA,NA,NA,NA,NA,NA,NA,NA,NA,NA,NA,NA,NA,NA,NA,NA,NA,NA,NA,NA,NA
NA,NA,NA,NA,NA,NA,NA,NA,NA,NA,NA,NA,NA,NA,NA,NA,103,2025-06-16,19:00:32,1,5,"Wimbish, Camden",10071140,Right,BRE_WHI,"Bailey, Myles",815343,Left,HYA_HAR,Undefined,3,Bottom,0,2,2,Splitter,Splitter,BallCalled,Undefined,Undefined,Undefined,0,0,NA,85.00756,0.998864,-1.978552,759.929825,236.931748,02:00:00,5.32376,1.59559,6.52485,-31.51502,6.65615,8.18567,3.61454,0.46182,76.84398,-4.951772,-0.492544,0.444671,NA,NA,NA,NA,NA,NA,NA,NA,NA,NA,NA,-4.87721,3.59004,-1.46107,50,5.38001,3.94989,-123.40343,1.22815,-7.42547,27.46293,-26.70827,HYA_HAR,BRE_WHI,CCBLHyannis,Cape Cod Baseball League,CCBL,20250616-CCBLHyannis-2,b4ff3830-4b05-11f0-ac99-2d93a97aa58f,84.76475,NA,NA,8.16358,NA,NA,NA,NA,NA,NA,aecf949a-adfb-400b-9c8e-95fb9d4c8878,2025-06-16,23:00:32,2025-06-16T23:00:32Z,2025-06-16T23:00:32Z,NA,v3,6101,6096,NA,"Tinney, Carson",806245,Right,BRE_WHI,539143e9-6f3d-410a-9343-87385ed49ec3,53.97114,-124.28405,13.73147,5.3269,2.08457,-13.35413,-1.59154,4.18799,-3.71274,NA,NA,NA,NA,NA,NA,NA,NA,NA,NA,NA,NA,NA,NA,NA,NA,NA,NA,NA,NA,NA,NA,NA,NA,NA,NA,NA,NA,NA,NA,NA,NA,NA,NA,NA,NA,NA,NA,NA,NA,NA,NA,NA,NA,NA,NA,NA,NA,NA,NA,High,High,High,NA,NA,NA,NA,NA,NA,NA,NA,NA,NA,NA,NA,NA,NA,NA,NA,NA,NA,NA,NA,NA,NA,NA,NA,NA,NA,NA,NA,NA,NA,NA,NA,NA,NA,NA,NA,NA,NA,NA,NA,NA,NA,NA,NA,NA,NA,NA,NA,NA,NA,NA,NA,NA,NA,NA,NA,NA,NA
NA,NA,NA,NA,NA,NA,NA,NA,NA,NA,NA,NA,NA,NA,NA,NA,104,2025-06-16,19:00:52,1,6,"Wimbish, Camden",10071140,Right,BRE_WHI,"Bailey, Myles",815343,Left,HYA_HAR,Undefined,3,Bottom,0,3,2,Splitter,Splitter,StrikeCalled,Strikeout,Undefined,Undefined,0,0,NA,84.47182,0.529713,-1.601004,708.614061,258.13219,02:30:00,5.28986,1.54731,6.682,-34.71943,3.71083,11.266540000000001,2.8813,1.02139,76.44267,-6.018208,0.45235,0.446178,NA,NA,NA,NA,NA,NA,NA,NA,NA,NA,NA,-6.39878,2.22697,-1.44407,50,5.31207,3.01005,-122.70522,0.12585,-9.61864,27.46489,-28.82649,HYA_HAR,BRE_WHI,CCBLHyannis,Cape Cod Baseball League,CCBL,20250616-CCBLHyannis-2,c0bb5eb0-4b05-11f0-ac99-2d93a97aa58f,84.47849,NA,NA,8.02915,NA,NA,NA,NA,NA,NA,aecf949a-adfb-400b-9c8e-95fb9d4c8878,2025-06-16,23:00:52,2025-06-16T23:00:52Z,2025-06-16T23:00:52Z,NA,v3,6101,6096,NA,"Tinney, Carson",806245,Right,BRE_WHI,538e5a0a-3ad5-4eb9-8b6a-ff6b72300c63,53.81456,-123.55608,13.73244,5.29434,1.01888,-14.41325,-1.54193,3.30803,-4.80932,NA,NA,NA,NA,NA,NA,NA,NA,NA,NA,NA,NA,NA,NA,NA,NA,NA,NA,NA,NA,NA,NA,NA,NA,NA,NA,NA,NA,70.39003,NA,NA,0.944385,NA,NA,NA,2.56986,6.7577,-2.80691,78.5029,9.22573,-46.28811,2.64336,86.46872,-6.47371,6.77539,14.05627,-12.12781,-2.89289,-52.13112,6.50998,High,High,High,NA,NA,High,High,High,NA,NA,NA,NA,NA,NA,NA,NA,NA,NA,NA,NA,NA,NA,NA,NA,NA,NA,NA,NA,NA,NA,NA,NA,NA,NA,NA,NA,NA,NA,NA,NA,NA,NA,NA,NA,NA,NA,NA,NA,NA,NA,NA,NA,NA,NA,NA,NA,NA,NA,NA,NA,NA
NA,NA,NA,NA,NA,NA,NA,NA,NA,NA,NA,NA,NA,NA,NA,NA,105,2025-06-16,19:01:33,2,1,"Wimbish, Camden",10071140,Right,BRE_WHI,"Federico, Hayden",820838,Left,HYA_HAR,Undefined,3,Bottom,1,0,0,Fastball,Four-Seam,BallCalled,Undefined,Undefined,Undefined,0,0,NA,91.95843,-3.098048,-2.856414,2213.150557,226.186234,01:30:00,5.30832,1.46586,6.47013,-16.33572,16.39859,15.88725,1.09548,0.16433,83.33282,-6.241657,0.023758,0.411787,NA,NA,NA,NA,NA,NA,NA,NA,NA,NA,NA,-9.15941,9.86599,-1.27082,50,5.08211,5.99886,-133.2782,-7.65221,-16.30166,31.45772,-14.61481,HYA_HAR,BRE_WHI,CCBLHyannis,Cape Cod Baseball League,CCBL,20250616-CCBLHyannis-2,d97ad1b0-4b05-11f0-ac99-2d93a97aa58f,91.53375,NA,NA,8.62561,NA,NA,NA,NA,NA,NA,aecf949a-adfb-400b-9c8e-95fb9d4c8878,2025-06-16,23:01:33,2025-06-16T23:01:33Z,2025-06-16T23:01:33Z,NA,v3,6101,6096,NA,"Tinney, Carson",806245,Right,BRE_WHI,8ca0e17d-3cb3-42a5-9590-7693c70a7ce1,54.02738,-134.22542,15.72886,5.3059,-7.21215,-7.30741,-1.45885,6.48972,-8.15083,NA,NA,NA,NA,NA,NA,NA,NA,NA,NA,NA,NA,NA,NA,NA,NA,NA,NA,NA,NA,NA,NA,NA,NA,NA,NA,NA,NA,NA,NA,NA,NA,NA,NA,NA,NA,NA,NA,NA,NA,NA,NA,NA,NA,NA,NA,NA,NA,NA,NA,High,High,High,NA,NA,NA,NA,NA,NA,NA,NA,NA,NA,NA,NA,NA,NA,NA,NA,NA,NA,NA,NA,NA,NA,NA,NA,NA,NA,NA,NA,NA,NA,NA,NA,NA,NA,NA,NA,NA,NA,NA,NA,NA,NA,NA,NA,NA,NA,NA,NA,NA,NA,NA,NA,NA,NA,NA,NA,NA,NA
NA,NA,NA,NA,NA,NA,NA,NA,NA,NA,NA,NA,NA,NA,NA,NA,106,2025-06-16,19:01:54,2,2,"Wimbish, Camden",10071140,Right,BRE_WHI,"Federico, Hayden",820838,Left,HYA_HAR,Undefined,3,Bottom,1,1,0,Fastball,Sinker,StrikeSwinging,Undefined,Undefined,Undefined,0,0,NA,91.44712,-1.522067,-1.89204,2168.535621,228.569064,01:30:00,5.35979,1.58016,6.60509,-18.60422,14.15524,14.77446,2.41408,1.07757,82.99869,-5.090042,0.795504,0.411946,NA,NA,NA,NA,NA,NA,NA,NA,NA,NA,NA,-8.2956,8.22902,-1.45652,50,5.24813,3.79334,-132.81697,-4.03417,-14.68749,30.7883,-17.60438,HYA_HAR,BRE_WHI,CCBLHyannis,Cape Cod Baseball League,CCBL,20250616-CCBLHyannis-2,e5a6d100-4b05-11f0-ac99-2d93a97aa58f,91.49856,NA,NA,8.44843,NA,NA,NA,NA,NA,NA,aecf949a-adfb-400b-9c8e-95fb9d4c8878,2025-06-16,23:01:54,2025-06-16T23:01:54Z,2025-06-16T23:01:54Z,NA,v3,6101,6096,NA,"Tinney, Carson",806245,Right,BRE_WHI,9dc44142-5ee8-4b21-a5af-9de2323e3508,53.89216,-133.71617,15.39415,5.35844,-3.52002,-8.80219,-1.57357,4.2223,-7.34374,NA,NA,NA,NA,NA,NA,NA,NA,NA,NA,NA,NA,NA,NA,NA,NA,NA,NA,NA,NA,NA,NA,NA,NA,NA,NA,NA,NA,NA,NA,NA,NA,NA,NA,NA,NA,NA,NA,NA,NA,NA,NA,NA,NA,NA,NA,NA,NA,NA,NA,High,High,High,NA,NA,NA,NA,NA,NA,NA,NA,NA,NA,NA,NA,NA,NA,NA,NA,NA,NA,NA,NA,NA,NA,NA,NA,NA,NA,NA,NA,NA,NA,NA,NA,NA,NA,NA,NA,NA,NA,NA,NA,NA,NA,NA,NA,NA,NA,NA,NA,NA,NA,NA,NA,NA,NA,NA,NA,NA,NA
NA,NA,NA,NA,NA,NA,NA,NA,NA,NA,NA,NA,NA,NA,NA,NA,107,2025-06-16,19:02:15,2,3,"Wimbish, Camden",10071140,Right,BRE_WHI,"Federico, Hayden",820838,Left,HYA_HAR,Undefined,3,Bottom,1,1,1,Fastball,Four-Seam,StrikeCalled,Undefined,Undefined,Undefined,0,0,NA,91.64247,-1.87706,-1.823331,2265.715467,225.472607,01:30:00,5.34966,1.5693,6.54931,-16.81379,15.99336,15.08505,2.22575,1.15382,82.90062,-5.122325,0.917688,0.412245,NA,NA,NA,NA,NA,NA,NA,NA,NA,NA,NA,-8.40477,9.29386,-1.4487,50,5.21241,3.61198,-133.01612,-4.7947,-14.87845,31.71172,-15.72171,HYA_HAR,BRE_WHI,CCBLHyannis,Cape Cod Baseball League,CCBL,20250616-CCBLHyannis-2,f29d4c40-4b05-11f0-ac99-2d93a97aa58f,91.43206,NA,NA,8.74185,NA,NA,NA,NA,NA,NA,aecf949a-adfb-400b-9c8e-95fb9d4c8878,2025-06-16,23:02:15,2025-06-16T23:02:15Z,2025-06-16T23:02:15Z,NA,v3,6101,6096,NA,"Tinney, Carson",806245,Right,BRE_WHI,5571b87d-0a8e-498e-a65d-ebc5bc0a75cf,53.9468,-133.95375,15.85586,5.3473,-4.32986,-7.86085,-1.562,4.05189,-7.43923,NA,NA,NA,NA,NA,NA,NA,NA,NA,NA,NA,NA,NA,NA,NA,NA,NA,NA,NA,NA,NA,NA,NA,NA,NA,NA,NA,NA,NA,NA,NA,NA,NA,NA,NA,NA,NA,NA,NA,NA,NA,NA,NA,NA,NA,NA,NA,NA,NA,NA,High,High,High,NA,NA,NA,NA,NA,NA,NA,NA,NA,NA,NA,NA,NA,NA,NA,NA,NA,NA,NA,NA,NA,NA,NA,NA,NA,NA,NA,NA,NA,NA,NA,NA,NA,NA,NA,NA,NA,NA,NA,NA,NA,NA,NA,NA,NA,NA,NA,NA,NA,NA,NA,NA,NA,NA,NA,NA,NA,NA
NA,NA,NA,NA,NA,NA,NA,NA,NA,NA,NA,NA,NA,NA,NA,NA,108,2025-06-16,19:02:36,2,4,"Wimbish, Camden",10071140,Right,BRE_WHI,"Federico, Hayden",820838,Left,HYA_HAR,Undefined,3,Bottom,1,1,2,Fastball,Sinker,FoulBallNotFieldable,Undefined,Undefined,Undefined,0,0,NA,91.45908,-2.658973,-2.180126,2145.702972,227.761449,01:30:00,5.43065,1.32305,6.46092,-18.2993,14.81367,15.017760000000001,1.45979,0.57101,82.78022,-6.162252,0.544131,0.414162,58.43029,43.730397,-51.720662,4281.927823,54.3655,41.02604,-95.62615,156.36376,91.22518,-63.389533,3.366728,-8.55839,8.93756,-1.17534,50,5.23439,4.44688,-132.65899,-6.67168,-15.05199,31.83946,-16.45525,HYA_HAR,BRE_WHI,CCBLHyannis,Cape Cod Baseball League,CCBL,20250616-CCBLHyannis-2,fef05b90-4b05-11f0-ac99-2d93a97aa58f,91.00888,46.42833,NA,8.67886,NA,NA,NA,1.53381,1.46304,-0.54722,aecf949a-adfb-400b-9c8e-95fb9d4c8878,2025-06-16,23:02:36,2025-06-16T23:02:36Z,2025-06-16T23:02:36Z,Popup,v3,6101,6096,NA,"Tinney, Carson",806245,Right,BRE_WHI,7bd6532b-a25a-44d1-b8e0-33df9ef27f1c,54.03715,-133.62443,15.91973,5.42913,-6.17272,-8.22762,-1.3171,4.90329,-7.52599,134.191495,1.52925,38.5127,-11.73222,5.36239,-3.42089,1.87174,-0.63378,0.11095,-0.00751,1.46069,59.32268,-22.38563,3.2721,-2.05521,1.25505,-0.47481,0.09575,-0.00782,-0.54602,-48.6585,2.78738,-0.80923,1.13296,-0.91568,0.38924,-0.08368,0.00714,NA,NA,NA,NA,NA,NA,NA,NA,NA,NA,NA,NA,NA,NA,NA,NA,NA,NA,NA,NA,NA,NA,High,High,High,High,Medium,NA,NA,NA,NA,NA,NA,NA,NA,NA,NA,NA,NA,NA,NA,NA,NA,NA,NA,NA,NA,NA,NA,NA,NA,NA,NA,NA,NA,NA,NA,NA,NA,NA,NA,NA,NA,NA,NA,NA,NA,NA,NA,NA,NA,NA,NA,NA,NA,NA,NA,NA,NA,NA,NA,NA,NA
NA,NA,NA,NA,NA,NA,NA,NA,NA,NA,NA,NA,NA,NA,NA,NA,109,2025-06-16,19:03:54,2,5,"Wimbish, Camden",10071140,Right,BRE_WHI,"Federico, Hayden",820838,Left,HYA_HAR,Undefined,3,Bottom,1,1,2,Fastball,Four-Seam,FoulBallNotFieldable,Undefined,Undefined,Undefined,0,0,NA,92.73507,-1.6952,-2.607483,2223.963605,209.606612,01:00:00,5.49937,1.51043,6.52682,-12.05737,20.20422,10.80264,2.93735,0.0169,83.31351,-4.090018,-0.647941,0.408803,73.21192,32.99315,-160.716528,2500.057435,NA,NA,NA,NA,45.1614,NA,NA,-6.53658,11.50323,-1.33354,50,5.37602,5.6861,-134.49556,-4.23767,-11.75587,34.10672,-11.48581,HYA_HAR,BRE_WHI,CCBLHyannis,Cape Cod Baseball League,CCBL,20250616-CCBLHyannis-2,2d3488f0-4b06-11f0-ac99-2d93a97aa58f,92.20193,26.44819,NA,9.42156,NA,NA,NA,1.64719,2.96617,-0.02514,aecf949a-adfb-400b-9c8e-95fb9d4c8878,2025-06-16,23:03:54,2025-06-16T23:03:54Z,2025-06-16T23:03:54Z,NA,v3,6101,6096,NA,"Tinney, Carson",806245,Right,BRE_WHI,b169e794-fb0e-4535-b57a-9e22bb979efe,53.97029,-135.49864,17.05336,5.49568,-3.89987,-5.7429,-1.50585,6.03184,-5.87793,354.323743,1.64719,-85.0084,7.0452,-1.34976,0.27712,-0.04872,0.00831,5.4e-4,-9.5e-4,2.96617,58.4711,-29.65105,3.86306,-0.83964,0.16685,-0.03343,0.00649,-5.9e-4,-0.02514,-29.74199,1.59856,1.02603,-0.34883,0.10767,-0.0258,0.00683,-0.00125,NA,NA,NA,NA,NA,NA,NA,NA,NA,NA,NA,NA,NA,NA,NA,NA,NA,NA,NA,NA,NA,NA,High,High,High,High,Undefined,NA,NA,NA,NA,NA,NA,NA,NA,NA,NA,NA,NA,NA,NA,NA,NA,NA,NA,NA,NA,NA,NA,NA,NA,NA,NA,NA,NA,NA,NA,NA,NA,NA,NA,NA,NA,NA,NA,NA,NA,NA,NA,NA,NA,NA,NA,NA,NA,NA,NA,NA,NA,NA,NA,NA,NA
NA,NA,NA,NA,NA,NA,NA,NA,NA,NA,NA,NA,NA,NA,NA,NA,110,2025-06-16,19:04:23,2,6,"Wimbish, Camden",10071140,Right,BRE_WHI,"Federico, Hayden",820838,Left,HYA_HAR,Undefined,3,Bottom,1,1,2,Fastball,Four-Seam,InPlay,Undefined,FlyBall,Out,1,0,NA,91.91333,-1.385597,-2.589385,2200.20855,207.510542,01:00:00,5.43479,1.37698,6.4795,-12.66367,20.20466,9.89481,3.10565,-0.17771,82.62799,-3.891255,-0.796216,0.41263,84.33773,34.829924,-9.782528,3512.85949,106.79311,69.10845,-26.36622,288.85316,287.18244,-20.349969,4.815843,-6.03091,11.37623,-1.19893,50,5.33146,5.62667,-133.31512,-3.50183,-10.66699,33.26066,-12.0526,HYA_HAR,BRE_WHI,CCBLHyannis,Cape Cod Baseball League,CCBL,20250616-CCBLHyannis-2,3e5ffb50-4b06-11f0-ac99-2d93a97aa58f,91.34693,81.69159,NA,9.28535,NA,NA,NA,1.33437,3.15674,0.15683,aecf949a-adfb-400b-9c8e-95fb9d4c8878,2025-06-16,23:04:23,2025-06-16T23:04:23Z,2025-06-16T23:04:23Z,FlyBall,v3,6101,6096,NA,"Tinney, Carson",806245,Right,BRE_WHI,9d81e5c7-35d0-43c8-9855-d772ec71eddb,54.01734,-134.31367,16.63033,5.43116,-3.13999,-6.0263,-1.37266,5.94692,-5.3335,157.225647,1.33577,100.03581,-22.75069,5.9,-1.19312,0.20054,-0.02979,0.00341,-1.9e-4,3.15775,70.61364,-16.53417,-0.21186,0.54755,-0.24795,0.06255,-0.00818,4.3e-4,0.157,-17.25435,-2.54812,0.8815,-0.20928,0.03432,-0.00347,1.9e-4,-0,NA,NA,NA,NA,NA,NA,NA,NA,NA,NA,NA,NA,NA,NA,NA,NA,NA,NA,NA,NA,NA,NA,High,High,High,High,Medium,NA,NA,NA,NA,NA,NA,NA,NA,NA,NA,NA,NA,NA,NA,NA,NA,NA,NA,NA,NA,NA,NA,NA,NA,NA,NA,NA,NA,NA,NA,NA,NA,NA,NA,NA,NA,NA,NA,NA,NA,NA,NA,NA,NA,NA,NA,NA,NA,NA,NA,NA,NA,NA,NA,NA,NA
NA,NA,NA,NA,NA,NA,NA,NA,NA,NA,NA,NA,NA,NA,NA,NA,111,2025-06-16,19:05:04,3,1,"Wimbish, Camden",10071140,Right,BRE_WHI,"Lackey, Vahn",822518,Right,HYA_HAR,Undefined,3,Bottom,2,0,0,Fastball,Four-Seam,BallCalled,Undefined,Undefined,Undefined,0,0,NA,91.93343,0.347192,-2.126745,2240.659448,213.433951,01:00:00,5.49753,1.33034,6.46964,-13.3067,19.53277,12.11194,4.70772,0.38558,82.52619,-2.28079,0.068947,0.412448,NA,NA,NA,NA,NA,NA,NA,NA,NA,NA,NA,-6.93737,10.37973,-1.18486,50,5.51551,4.43674,-133.37579,0.52519,-12.29034,33.10207,-13.78522,HYA_HAR,BRE_WHI,CCBLHyannis,Cape Cod Baseball League,CCBL,20250616-CCBLHyannis-2,574322f0-4b06-11f0-ac99-2d93a97aa58f,91.3871,NA,NA,9.40724,NA,NA,NA,NA,NA,NA,aecf949a-adfb-400b-9c8e-95fb9d4c8878,2025-06-16,23:05:04,2025-06-16T23:05:04Z,2025-06-16T23:05:04Z,NA,v3,6101,6096,NA,"Tinney, Carson",806245,Right,BRE_WHI,4ff43ba6-5041-481e-be8f-99c0c2d8b11d,54.02454,-134.37092,16.55104,5.49349,0.93961,-6.89261,-1.32379,4.80621,-6.14517,NA,NA,NA,NA,NA,NA,NA,NA,NA,NA,NA,NA,NA,NA,NA,NA,NA,NA,NA,NA,NA,NA,NA,NA,NA,NA,NA,NA,NA,NA,NA,NA,NA,NA,NA,NA,NA,NA,NA,NA,NA,NA,NA,NA,NA,NA,NA,NA,NA,NA,High,High,High,NA,NA,NA,NA,NA,NA,NA,NA,NA,NA,NA,NA,NA,NA,NA,NA,NA,NA,NA,NA,NA,NA,NA,NA,NA,NA,NA,NA,NA,NA,NA,NA,NA,NA,NA,NA,NA,NA,NA,NA,NA,NA,NA,NA,NA,NA,NA,NA,NA,NA,NA,NA,NA,NA,NA,NA,NA,NA
NA,NA,NA,NA,NA,NA,NA,NA,NA,NA,NA,NA,NA,NA,NA,NA,112,2025-06-16,19:05:22,3,2,"Wimbish, Camden",10071140,Right,BRE_WHI,"Lackey, Vahn",822518,Right,HYA_HAR,Undefined,3,Bottom,2,1,0,ChangeUp,Changeup,StrikeCalled,Undefined,Undefined,Undefined,0,0,NA,82.68044,0.95434,-1.957947,2903.094969,273.082435,03:00:00,5.18957,1.73699,6.55715,-39.41841,0.79453,10.67784,2.7803,0.83094,75.05555,-6.432838,-0.016845,0.456409,NA,NA,NA,NA,NA,NA,NA,NA,NA,NA,NA,-6.1563,0.59248,-1.60578,50,5.23952,3.70895,-120.08464,0.82693,-8.89117,25.62831,-31.31837,HYA_HAR,BRE_WHI,CCBLHyannis,Cape Cod Baseball League,CCBL,20250616-CCBLHyannis-2,61c91360-4b06-11f0-ac99-2d93a97aa58f,82.58479,NA,NA,7.62489,NA,NA,NA,NA,NA,NA,aecf949a-adfb-400b-9c8e-95fb9d4c8878,2025-06-16,23:05:22,2025-06-16T23:05:22Z,2025-06-16T23:05:22Z,NA,v3,6101,6096,NA,"Tinney, Carson",806245,Right,BRE_WHI,1bf49e24-20a5-45b7-8176-cdd1d02a432c,53.9401,-120.9226,12.81416,5.19574,1.85094,-15.65919,-1.7318,3.99967,-4.44558,NA,NA,NA,NA,NA,NA,NA,NA,NA,NA,NA,NA,NA,NA,NA,NA,NA,NA,NA,NA,NA,NA,NA,NA,NA,NA,NA,NA,NA,NA,NA,NA,NA,NA,NA,NA,NA,NA,NA,NA,NA,NA,NA,NA,NA,NA,NA,NA,NA,NA,High,High,High,NA,NA,NA,NA,NA,NA,NA,NA,NA,NA,NA,NA,NA,NA,NA,NA,NA,NA,NA,NA,NA,NA,NA,NA,NA,NA,NA,NA,NA,NA,NA,NA,NA,NA,NA,NA,NA,NA,NA,NA,NA,NA,NA,NA,NA,NA,NA,NA,NA,NA,NA,NA,NA,NA,NA,NA,NA,NA
NA,NA,NA,NA,NA,NA,NA,NA,NA,NA,NA,NA,NA,NA,NA,NA,113,2025-06-16,19:05:43,3,3,"Wimbish, Camden",10071140,Right,BRE_WHI,"Lackey, Vahn",822518,Right,HYA_HAR,Undefined,3,Bottom,2,1,1,Fastball,Four-Seam,FoulBallNotFieldable,Undefined,Undefined,Undefined,0,0,NA,91.16442,-0.793675,-2.077401,2226.151089,215.997014,01:15:00,5.41613,1.50077,6.6511,-14.0004,19.14741,13.03446,3.52251,0.68485,81.97338,-3.553761,0.294148,0.41438,70.94239,43.192564,179.893574,3365.5621,NA,NA,NA,NA,46.00778,NA,NA,-7.58772,10.7163,-1.36585,50,5.35678,4.29569,-132.36597,-2.14678,-13.22253,32.93824,-13.4996,HYA_HAR,BRE_WHI,CCBLHyannis,Cape Cod Baseball League,CCBL,20250616-CCBLHyannis-2,6e2c2840-4b06-11f0-ac99-2d93a97aa58f,90.96102,39.24748,NA,9.19104,NA,NA,NA,3.34868,3.67264,-0.68314,aecf949a-adfb-400b-9c8e-95fb9d4c8878,2025-06-16,23:05:43,2025-06-16T23:05:43Z,2025-06-16T23:05:43Z,NA,v3,6101,6096,NA,"Tinney, Carson",806245,Right,BRE_WHI,edc9ecd6-6cc8-47a6-ad11-77112c5b83f6,53.84683,-133.31978,16.46912,5.41329,-1.75587,-6.7498,-1.49579,4.67858,-6.61127,332.294071,3.34868,-75.85733,4.34141,-0.9976,0.20882,-0.04893,0.01185,-0.00279,4.6e-4,3.67264,71.21637,-29.71482,4.31315,-0.99004,0.2236,-0.05361,0.0119,-0.00177,-0.68314,0.1409,-5.02324,1.25236,-0.27404,0.06331,-0.01476,0.00316,-4.4e-4,NA,NA,NA,NA,NA,NA,NA,NA,NA,NA,NA,NA,NA,NA,NA,NA,NA,NA,NA,NA,NA,NA,High,High,High,High,Undefined,NA,NA,NA,NA,NA,NA,NA,NA,NA,NA,NA,NA,NA,NA,NA,NA,NA,NA,NA,NA,NA,NA,NA,NA,NA,NA,NA,NA,NA,NA,NA,NA,NA,NA,NA,NA,NA,NA,NA,NA,NA,NA,NA,NA,NA,NA,NA,NA,NA,NA,NA,NA,NA,NA,NA,NA
NA,NA,NA,NA,NA,NA,NA,NA,NA,NA,NA,NA,NA,NA,NA,NA,114,2025-06-16,19:06:12,3,4,"Wimbish, Camden",10071140,Right,BRE_WHI,"Lackey, Vahn",822518,Right,HYA_HAR,Undefined,3,Bottom,2,1,2,Curveball,Slider,StrikeSwinging,Strikeout,Undefined,Undefined,0,0,NA,83.96188,0.775826,-2.126185,2187.115204,199.835832,12:45:00,5.26577,1.68922,6.70923,-34.78246,4.29358,1.03697,3.07704,-0.16905,75.61941,-5.800196,-1.9373,0.449911,NA,NA,NA,NA,NA,NA,NA,NA,NA,NA,NA,-1.25102,2.46445,-1.54856,50,5.30429,4.48546,-121.85307,0.65746,-1.8454,28.16791,-28.53874,HYA_HAR,BRE_WHI,CCBLHyannis,Cape Cod Baseball League,CCBL,20250616-CCBLHyannis-2,7f9fa020-4b06-11f0-ac99-2d93a97aa58f,83.77755,NA,NA,8.34247,NA,NA,NA,NA,NA,NA,aecf949a-adfb-400b-9c8e-95fb9d4c8878,2025-06-16,23:06:12,2025-06-16T23:06:12Z,2025-06-16T23:06:12Z,NA,v3,6101,6096,NA,"Tinney, Carson",806245,Right,BRE_WHI,2dd7689a-5a03-4eb9-8d9d-d4ce5e9c9e88,53.78588,-122.7251,14.08396,5.27027,1.54098,-14.26937,-1.68831,4.54259,-0.9227,NA,NA,NA,NA,NA,NA,NA,NA,NA,NA,NA,NA,NA,NA,NA,NA,NA,NA,NA,NA,NA,NA,NA,NA,NA,NA,NA,NA,NA,NA,NA,NA,NA,NA,NA,NA,NA,NA,NA,NA,NA,NA,NA,NA,NA,NA,NA,NA,NA,NA,High,High,High,NA,NA,NA,NA,NA,NA,NA,NA,NA,NA,NA,NA,NA,NA,NA,NA,NA,NA,NA,NA,NA,NA,NA,NA,NA,NA,NA,NA,NA,NA,NA,NA,NA,NA,NA,NA,NA,NA,NA,NA,NA,NA,NA,NA,NA,NA,NA,NA,NA,NA,NA,NA,NA,NA,NA,NA,NA,NA
NA,NA,NA,NA,NA,NA,NA,NA,NA,NA,NA,NA,NA,NA,NA,NA,115,2025-06-16,19:08:42,1,1,"Blanco, Evan",702711,Left,HYA_HAR,"Cuvet, Daniel",804562,Right,BRE_WHI,Undefined,4,Top,0,0,0,ChangeUp,Changeup,StrikeCalled,Undefined,Undefined,Undefined,0,0,NA,79.43213,-0.752127,3.295604,1573.664272,118.682909,10:00:00,5.94772,-1.82782,5.16131,-41.87967,3.90382,-4.40209,1.74862,0.91069,72.7908,-8.360937,2.516876,0.486997,NA,NA,NA,NA,NA,NA,NA,NA,NA,NA,NA,3.14382,2.61016,1.52355,50,5.84548,-6.44482,-115.05437,-2.97739,4.19979,22.02174,-28.68714,HYA_HAR,BRE_WHI,CCBLHyannis,Cape Cod Baseball League,CCBL,20250616-CCBLHyannis-2,d8cfcf30-4b06-11f0-ac99-2d93a97aa58f,77.39776,NA,NA,6.64134,NA,NA,NA,NA,NA,NA,aecf949a-adfb-400b-9c8e-95fb9d4c8878,2025-06-16,23:08:42,2025-06-16T23:08:42Z,2025-06-16T23:08:42Z,NA,v3,6101,6096,NA,"Lackey, Vahn",822518,Right,HYA_HAR,855d59cd-ac15-4b24-a7d5-dc396d43a6f5,55.33671,-116.07134,11.01087,5.95239,-1.65261,-14.34357,1.82565,-6.63877,2.0999,NA,NA,NA,NA,NA,NA,NA,NA,NA,NA,NA,NA,NA,NA,NA,NA,NA,NA,NA,NA,NA,NA,NA,NA,NA,NA,NA,NA,NA,NA,NA,NA,NA,NA,NA,NA,NA,NA,NA,NA,NA,NA,NA,NA,NA,NA,NA,NA,NA,NA,High,High,High,NA,NA,NA,NA,NA,NA,NA,NA,NA,NA,NA,NA,NA,NA,NA,NA,NA,NA,NA,NA,NA,NA,NA,NA,NA,NA,NA,NA,NA,NA,NA,NA,NA,NA,NA,NA,NA,NA,NA,NA,NA,NA,NA,NA,NA,NA,NA,NA,NA,NA,NA,NA,NA,NA,NA,NA,NA,NA
NA,NA,NA,NA,NA,NA,NA,NA,NA,NA,NA,NA,NA,NA,NA,NA,116,2025-06-16,19:08:57,1,2,"Blanco, Evan",702711,Left,HYA_HAR,"Cuvet, Daniel",804562,Right,BRE_WHI,Undefined,4,Top,0,0,1,ChangeUp,Changeup,StrikeCalled,Undefined,Undefined,Undefined,0,0,NA,80.42055,-0.98262,1.683074,1587.362764,113.859806,09:45:00,5.93771,-1.73254,4.97402,-39.86652,5.2163,-8.31288,1.68692,-0.83517,73.34591,-8.227672,0.214316,0.483256,NA,NA,NA,NA,NA,NA,NA,NA,NA,NA,NA,4.66658,3.27882,1.57728,50,5.81024,-3.07884,-116.54604,-3.42741,6.3628,23.67757,-27.70341,HYA_HAR,BRE_WHI,CCBLHyannis,Cape Cod Baseball League,CCBL,20250616-CCBLHyannis-2,e1d86e70-4b06-11f0-ac99-2d93a97aa58f,77.9969,NA,NA,7.07464,NA,NA,NA,NA,NA,NA,aecf949a-adfb-400b-9c8e-95fb9d4c8878,2025-06-16,23:08:57,2025-06-16T23:08:57Z,2025-06-16T23:08:57Z,NA,v3,6101,6096,NA,"Lackey, Vahn",822518,Right,HYA_HAR,2b6cd246-e9ce-41a0-972f-5624d27c94c2,55.52491,-117.66313,11.83879,5.94111,-2.12038,-13.8517,1.72961,-3.37903,3.1814,NA,NA,NA,NA,NA,NA,NA,NA,NA,NA,NA,NA,NA,NA,NA,NA,NA,NA,NA,NA,NA,NA,NA,NA,NA,NA,NA,NA,NA,NA,NA,NA,NA,NA,NA,NA,NA,NA,NA,NA,NA,NA,NA,NA,NA,NA,NA,NA,NA,NA,High,High,High,NA,NA,NA,NA,NA,NA,NA,NA,NA,NA,NA,NA,NA,NA,NA,NA,NA,NA,NA,NA,NA,NA,NA,NA,NA,NA,NA,NA,NA,NA,NA,NA,NA,NA,NA,NA,NA,NA,NA,NA,NA,NA,NA,NA,NA,NA,NA,NA,NA,NA,NA,NA,NA,NA,NA,NA,NA,NA
NA,NA,NA,NA,NA,NA,NA,NA,NA,NA,NA,NA,NA,NA,NA,NA,117,2025-06-16,19:09:22,1,3,"Blanco, Evan",702711,Left,HYA_HAR,"Cuvet, Daniel",804562,Right,BRE_WHI,Undefined,4,Top,0,0,2,Fastball,Four-Seam,BallCalled,Undefined,Undefined,Undefined,0,0,NA,88.46108,-0.778218,3.439125,2174.186344,152.337864,11:00:00,6.11956,-1.43553,5.03789,-18.5291,18.59127,-9.09359,3.83994,1.05499,80.35464,-4.253298,1.83725,0.438508,NA,NA,NA,NA,NA,NA,NA,NA,NA,NA,NA,5.47642,9.79071,1.11447,50,6.03101,-7.26775,-128.04551,-2.36666,9.06293,27.23106,-15.97131,HYA_HAR,BRE_WHI,CCBLHyannis,Cape Cod Baseball League,CCBL,20250616-CCBLHyannis-2,f10a81d0-4b06-11f0-ac99-2d93a97aa58f,85.9561,NA,NA,8.10644,NA,NA,NA,NA,NA,NA,aecf949a-adfb-400b-9c8e-95fb9d4c8878,2025-06-16,23:09:22,2025-06-16T23:09:22Z,2025-06-16T23:09:22Z,NA,v3,6101,6096,NA,"Lackey, Vahn",822518,Right,HYA_HAR,8b6e2d76-3415-4aa1-9de6-261fd5c49850,55.45835,-129.20111,13.61553,6.11706,-1.68889,-7.98566,1.43105,-7.65235,4.53147,NA,NA,NA,NA,NA,NA,NA,NA,NA,NA,NA,NA,NA,NA,NA,NA,NA,NA,NA,NA,NA,NA,NA,NA,NA,NA,NA,NA,NA,NA,NA,NA,NA,NA,NA,NA,NA,NA,NA,NA,NA,NA,NA,NA,NA,NA,NA,NA,NA,NA,High,High,High,NA,NA,NA,NA,NA,NA,NA,NA,NA,NA,NA,NA,NA,NA,NA,NA,NA,NA,NA,NA,NA,NA,NA,NA,NA,NA,NA,NA,NA,NA,NA,NA,NA,NA,NA,NA,NA,NA,NA,NA,NA,NA,NA,NA,NA,NA,NA,NA,NA,NA,NA,NA,NA,NA,NA,NA,NA,NA
NA,NA,NA,NA,NA,NA,NA,NA,NA,NA,NA,NA,NA,NA,NA,NA,118,2025-06-16,19:09:38,1,4,"Blanco, Evan",702711,Left,HYA_HAR,"Cuvet, Daniel",804562,Right,BRE_WHI,Undefined,4,Top,0,1,1,ChangeUp,Changeup,StrikeCalled,Undefined,Undefined,Undefined,0,0,NA,79.83736,0.58133,3.255414,2152.336661,132.692974,10:30:00,5.69881,-2.117,5.05032,-30.19013,15.51761,-15.10784,3.73216,-0.30228,72.29962,-5.009212,0.591677,0.486593,NA,NA,NA,NA,NA,NA,NA,NA,NA,NA,NA,8.42355,7.97465,1.8192,50,5.7309,-5.92819,-115.54164,0.17433,11.30388,22.99588,-21.47253,HYA_HAR,BRE_WHI,CCBLHyannis,Cape Cod Baseball League,CCBL,20250616-CCBLHyannis-2,fa856ae0-4b06-11f0-ac99-2d93a97aa58f,77.46187,NA,NA,7.53775,NA,NA,NA,NA,NA,NA,aecf949a-adfb-400b-9c8e-95fb9d4c8878,2025-06-16,23:09:38,2025-06-16T23:09:38Z,2025-06-16T23:09:38Z,NA,v3,6101,6096,NA,"Lackey, Vahn",822518,Right,HYA_HAR,7a2af26c-8e63-4417-a599-2af9373a95a1,55.44549,-116.6204,11.49794,5.6991,1.18163,-10.73626,2.10973,-6.45846,5.65194,NA,NA,NA,NA,NA,NA,NA,NA,NA,NA,NA,NA,NA,NA,NA,NA,NA,NA,NA,NA,NA,NA,NA,NA,NA,NA,NA,NA,NA,NA,NA,NA,NA,NA,NA,NA,NA,NA,NA,NA,NA,NA,NA,NA,NA,NA,NA,NA,NA,NA,High,High,High,NA,NA,NA,NA,NA,NA,NA,NA,NA,NA,NA,NA,NA,NA,NA,NA,NA,NA,NA,NA,NA,NA,NA,NA,NA,NA,NA,NA,NA,NA,NA,NA,NA,NA,NA,NA,NA,NA,NA,NA,NA,NA,NA,NA,NA,NA,NA,NA,NA,NA,NA,NA,NA,NA,NA,NA,NA,NA
NA,NA,NA,NA,NA,NA,NA,NA,NA,NA,NA,NA,NA,NA,NA,NA,119,2025-06-16,19:09:59,1,5,"Blanco, Evan",702711,Left,HYA_HAR,"Cuvet, Daniel",804562,Right,BRE_WHI,Undefined,4,Top,0,0,2,ChangeUp,Changeup,InPlay,Undefined,LineDrive,Double,0,0,NA,81.34384,-0.184877,1.896823,1482.963687,161.497175,11:30:00,5.87199,-1.83424,5.36353,-35.78128,7.98638,-2.13862,2.71677,-0.23315,73.43154,-6.789377,1.516762,0.476155,102.67555,22.622155,-24.029164,1968.225639,97.94852,38.82516,-50.06007,330.65792,330.65792,-34.161751,3.483335,1.7026,4.50055,1.66552,50,5.83025,-3.81522,-117.83761,-1.58657,2.35323,25.94643,-25.95364,HYA_HAR,BRE_WHI,CCBLHyannis,Cape Cod Baseball League,CCBL,20250616-CCBLHyannis-2,06bf73f0-4b07-11f0-ac99-2d93a97aa58f,79.16005,47.8012,NA,7.9123,NA,NA,NA,2.40968,2.87416,0.28112,aecf949a-adfb-400b-9c8e-95fb9d4c8878,2025-06-16,23:09:59,2025-06-16T23:09:59Z,2025-06-16T23:09:59Z,FlyBall,v3,6101,6096,NA,"Lackey, Vahn",822518,Right,HYA_HAR,977663b4-d247-49fa-a8a5-08fdf414c7e9,55.13352,-118.96258,12.97322,5.87464,-0.46129,-12.97682,1.83316,-3.91725,1.17662,NA,2.40995,126.95327,-25.99776,6.24709,-1.37989,0.27305,-0.04572,0.00452,-1.3e-4,2.87398,57.92887,-20.87344,1.72968,-0.2878,0.06311,-0.01665,0.00363,-3.4e-4,0.28131,-56.60424,-1.59638,1.88065,-0.71602,0.22798,-0.05842,0.00937,-6.6e-4,NA,NA,NA,NA,NA,NA,NA,NA,NA,NA,NA,NA,NA,NA,NA,NA,NA,NA,NA,NA,NA,NA,High,High,High,High,High,NA,NA,NA,NA,NA,NA,NA,NA,NA,NA,NA,NA,NA,NA,NA,NA,NA,NA,NA,NA,NA,NA,NA,NA,NA,NA,NA,NA,NA,NA,NA,NA,NA,NA,NA,NA,NA,NA,NA,NA,NA,NA,NA,NA,NA,NA,NA,NA,NA,NA,NA,NA,NA,NA,NA,NA
NA,NA,NA,NA,NA,NA,NA,NA,NA,NA,NA,NA,NA,NA,NA,NA,120,2025-06-16,19:10:49,2,1,"Blanco, Evan",702711,Left,HYA_HAR,"Tinney, Carson",806245,Right,BRE_WHI,Undefined,4,Top,0,0,0,ChangeUp,Changeup,BallCalled,Undefined,Undefined,Undefined,0,0,NA,79.04189,0.521497,1.554382,1585.539242,113.494265,09:45:00,5.91769,-2.05175,5.18819,-41.16837,4.3676,-7.02115,2.97779,-1.17418,73.05824,-6.965554,0.309987,0.485678,NA,NA,NA,NA,NA,NA,NA,NA,NA,NA,NA,3.9030300000000002,2.44681,1.913,50,5.93477,-2.8323,-114.79978,-0.38406,5.25416,19.51322,-28.8802,HYA_HAR,BRE_WHI,CCBLHyannis,Cape Cod Baseball League,CCBL,20250616-CCBLHyannis-2,24e24bf0-4b07-11f0-ac99-2d93a97aa58f,77.60783,NA,NA,5.98365,NA,NA,NA,NA,NA,NA,aecf949a-adfb-400b-9c8e-95fb9d4c8878,2025-06-16,23:10:49,2025-06-16T23:10:49Z,2025-06-16T23:10:49Z,NA,v3,6101,6096,NA,"Lackey, Vahn",822518,Right,HYA_HAR,3892baed-c5b3-4d6a-94ee-4ae77e65ebeb,55.31148,-115.69908,9.75661,5.9218,0.94694,-14.4401,2.04911,-3.07444,2.62708,NA,NA,NA,NA,NA,NA,NA,NA,NA,NA,NA,NA,NA,NA,NA,NA,NA,NA,NA,NA,NA,NA,NA,NA,NA,NA,NA,NA,NA,NA,NA,NA,NA,NA,NA,NA,NA,NA,NA,NA,NA,NA,NA,NA,NA,NA,NA,NA,NA,NA,High,High,High,NA,NA,NA,NA,NA,NA,NA,NA,NA,NA,NA,NA,NA,NA,NA,NA,NA,NA,NA,NA,NA,NA,NA,NA,NA,NA,NA,NA,NA,NA,NA,NA,NA,NA,NA,NA,NA,NA,NA,NA,NA,NA,NA,NA,NA,NA,NA,NA,NA,NA,NA,NA,NA,NA,NA,NA,NA,NA
NA,NA,NA,NA,NA,NA,NA,NA,NA,NA,NA,NA,NA,NA,NA,NA,121,2025-06-16,19:11:07,2,2,"Blanco, Evan",702711,Left,HYA_HAR,"Tinney, Carson",806245,Right,BRE_WHI,Undefined,4,Top,0,1,0,Fastball,Four-Seam,FoulBallNotFieldable,Undefined,Undefined,Undefined,0,0,NA,87.83956,-2.511402,2.443905,2153.929626,154.357488,11:15:00,6.11097,-1.78783,4.9765,-15.63769,22.24013,-10.0356,2.43224,-0.31457,79.59481,-5.478107,0.675206,0.442959,65.91701,0.275218,169.148268,NA,NA,NA,NA,45.25746,41.34151,168.328121,0.460793,5.71004,12.15217,1.56052,50,5.85647,-4.95983,-127.09966,-6.06998,9.26852,27.92373,-12.44866,HYA_HAR,BRE_WHI,CCBLHyannis,Cape Cod Baseball League,CCBL,20250616-CCBLHyannis-2,2f744a50-4b07-11f0-ac99-2d93a97aa58f,85.09235,2.32545,NA,8.24476,NA,NA,NA,-1.42572,2.3211,0.34968,aecf949a-adfb-400b-9c8e-95fb9d4c8878,2025-06-16,23:11:07,2025-06-16T23:11:07Z,2025-06-16T23:11:07Z,GroundBall,v3,6101,6096,NA,"Lackey, Vahn",822518,Right,HYA_HAR,a9da464a-d836-40ec-bc7d-9315738351cf,55.52055,-128.30679,13.96186,6.10724,-5.53183,-6.22433,1.78359,-5.3605,4.63426,NA,-1.4278,-94.88822,3.91873,NA,NA,NA,NA,NA,NA,2.32164,0.44942,-11.91218,NA,NA,NA,NA,NA,NA,0.34923,18.21426,1.95008,NA,NA,NA,NA,NA,NA,NA,NA,NA,NA,NA,NA,NA,NA,NA,NA,NA,NA,NA,NA,NA,NA,NA,NA,NA,NA,NA,NA,High,High,High,Medium,High,NA,NA,NA,NA,NA,NA,NA,NA,NA,NA,NA,NA,NA,NA,NA,NA,NA,NA,NA,NA,NA,NA,NA,NA,NA,NA,NA,NA,NA,NA,NA,NA,NA,NA,NA,NA,NA,NA,NA,NA,NA,NA,NA,NA,NA,NA,NA,NA,NA,NA,NA,NA,NA,NA,NA,NA
NA,NA,NA,NA,NA,NA,NA,NA,NA,NA,NA,NA,NA,NA,NA,NA,122,2025-06-16,19:11:33,2,3,"Blanco, Evan",702711,Left,HYA_HAR,"Tinney, Carson",806245,Right,BRE_WHI,Undefined,4,Top,0,1,1,ChangeUp,Changeup,StrikeCalled,Undefined,Undefined,Undefined,0,0,NA,78.83825,-0.791348,2.609778,2149.250449,133.491465,10:30:00,5.74725,-2.14783,4.9688,-31.0699,16.17076,-15.22347,2.40978,-0.94957,71.21001,-6.536789,-0.074369,0.494686,NA,NA,NA,NA,NA,NA,NA,NA,NA,NA,NA,8.36922,8.73906,1.90867,50,5.6461,-4.56284,-114.07943,-2.60219,10.87755,23.67669,-20.81579,HYA_HAR,BRE_WHI,CCBLHyannis,Cape Cod Baseball League,CCBL,20250616-CCBLHyannis-2,3f0630f0-4b07-11f0-ac99-2d93a97aa58f,76.19475,NA,NA,7.62824,NA,NA,NA,NA,NA,NA,aecf949a-adfb-400b-9c8e-95fb9d4c8878,2025-06-16,23:11:33,2025-06-16T23:11:33Z,2025-06-16T23:11:33Z,NA,v3,6101,6096,NA,"Lackey, Vahn",822518,Right,HYA_HAR,d27a8a86-51de-4bd0-9e96-81210e16b1b8,55.52742,-115.22092,11.83834,5.74736,-1.59864,-10.4079,2.14129,-5.08726,5.43878,NA,NA,NA,NA,NA,NA,NA,NA,NA,NA,NA,NA,NA,NA,NA,NA,NA,NA,NA,NA,NA,NA,NA,NA,NA,NA,NA,NA,NA,NA,NA,NA,NA,NA,NA,NA,NA,NA,NA,NA,NA,NA,NA,NA,NA,NA,NA,NA,NA,NA,High,High,High,NA,NA,NA,NA,NA,NA,NA,NA,NA,NA,NA,NA,NA,NA,NA,NA,NA,NA,NA,NA,NA,NA,NA,NA,NA,NA,NA,NA,NA,NA,NA,NA,NA,NA,NA,NA,NA,NA,NA,NA,NA,NA,NA,NA,NA,NA,NA,NA,NA,NA,NA,NA,NA,NA,NA,NA,NA,NA
NA,NA,NA,NA,NA,NA,NA,NA,NA,NA,NA,NA,NA,NA,NA,NA,123,2025-06-16,19:11:56,2,4,"Blanco, Evan",702711,Left,HYA_HAR,"Tinney, Carson",806245,Right,BRE_WHI,Undefined,4,Top,0,1,2,ChangeUp,Changeup,StrikeSwinging,Strikeout,Undefined,Undefined,0,0,NA,79.37056,0.145502,2.926209,2007.841139,129.267223,10:15:00,5.61461,-2.43002,5.02128,-32.70407,13.91942,-14.91757,3.02676,-0.90935,71.45627,-5.904042,0.295253,0.491444,NA,NA,NA,NA,NA,NA,NA,NA,NA,NA,NA,8.28835,7.33941,2.16217,50,5.60305,-5.2312,-114.7984,-0.80228,10.89158,24.28175,-22.52944,HYA_HAR,BRE_WHI,CCBLHyannis,Cape Cod Baseball League,CCBL,20250616-CCBLHyannis-2,4cc4b720-4b07-11f0-ac99-2d93a97aa58f,76.69734,NA,NA,7.91428,NA,NA,NA,NA,NA,NA,aecf949a-adfb-400b-9c8e-95fb9d4c8878,2025-06-16,23:11:56,2025-06-16T23:11:56Z,2025-06-16T23:11:56Z,NA,v3,6101,6096,NA,"Lackey, Vahn",822518,Right,HYA_HAR,621dfc68-5730-4709-bf00-2bc5b376e7b9,55.47347,-115.95034,12.14088,5.61576,0.26653,-11.26472,2.4226,-5.74791,5.44579,NA,NA,NA,NA,NA,NA,NA,NA,NA,NA,NA,NA,NA,NA,NA,NA,NA,NA,NA,NA,NA,NA,NA,NA,NA,NA,NA,NA,NA,NA,NA,NA,NA,NA,NA,NA,NA,NA,NA,NA,NA,NA,NA,NA,NA,NA,NA,NA,NA,NA,High,High,High,NA,NA,NA,NA,NA,NA,NA,NA,NA,NA,NA,NA,NA,NA,NA,NA,NA,NA,NA,NA,NA,NA,NA,NA,NA,NA,NA,NA,NA,NA,NA,NA,NA,NA,NA,NA,NA,NA,NA,NA,NA,NA,NA,NA,NA,NA,NA,NA,NA,NA,NA,NA,NA,NA,NA,NA,NA,NA
NA,NA,NA,NA,NA,NA,NA,NA,NA,NA,NA,NA,NA,NA,NA,NA,124,2025-06-16,19:12:28,3,1,"Blanco, Evan",702711,Left,HYA_HAR,"Cyr, Blake",701331,Right,BRE_WHI,Undefined,4,Top,1,0,0,ChangeUp,Changeup,BallCalled,Undefined,Undefined,Undefined,0,0,NA,79.75453,-2.281253,3.357457,1749.590938,154.58453600000001,11:15:00,5.8121,-2.05251,5.54344,-35.86022,9.07288,-3.59173,0.68698,0.78952,73.0115,-8.856695,2.717585,0.482452,NA,NA,NA,NA,NA,NA,NA,NA,NA,NA,NA,2.83059,5.68977,1.76386,50,5.59032,-6.63645,-115.47875,-5.76209,3.79717,22.82314,-24.54137,HYA_HAR,BRE_WHI,CCBLHyannis,Cape Cod Baseball League,CCBL,20250616-CCBLHyannis-2,600303f0-4b07-11f0-ac99-2d93a97aa58f,78.12675,NA,NA,6.74303,NA,NA,NA,NA,NA,NA,aecf949a-adfb-400b-9c8e-95fb9d4c8878,2025-06-16,23:12:28,2025-06-16T23:12:28Z,2025-06-16T23:12:28Z,NA,v3,6101,6096,NA,"Lackey, Vahn",822518,Right,HYA_HAR,0667591b-a5dc-42aa-98a5-4457e5f466ff,54.95519,-116.45397,11.41157,5.81413,-4.71345,-12.27069,2.05089,-6.7987,1.89859,NA,NA,NA,NA,NA,NA,NA,NA,NA,NA,NA,NA,NA,NA,NA,NA,NA,NA,NA,NA,NA,NA,NA,NA,NA,NA,NA,NA,NA,NA,NA,NA,NA,NA,NA,NA,NA,NA,NA,NA,NA,NA,NA,NA,NA,NA,NA,NA,NA,NA,High,High,High,NA,NA,NA,NA,NA,NA,NA,NA,NA,NA,NA,NA,NA,NA,NA,NA,NA,NA,NA,NA,NA,NA,NA,NA,NA,NA,NA,NA,NA,NA,NA,NA,NA,NA,NA,NA,NA,NA,NA,NA,NA,NA,NA,NA,NA,NA,NA,NA,NA,NA,NA,NA,NA,NA,NA,NA,NA,NA
NA,NA,NA,NA,NA,NA,NA,NA,NA,NA,NA,NA,NA,NA,NA,NA,125,2025-06-16,19:12:50,3,2,"Blanco, Evan",702711,Left,HYA_HAR,"Cyr, Blake",701331,Right,BRE_WHI,Undefined,4,Top,1,1,0,Fastball,Four-Seam,FoulBallNotFieldable,Undefined,Undefined,Undefined,0,0,NA,88.18083,-1.918058,2.920621,2264.320234,152.056624,11:00:00,6.02791,-1.92126,4.9836,-15.66863,22.10576,-10.98993,2.90788,-0.07666,79.42139,-4.906649,0.984695,0.442354,74.97257,59.199161,89.107318,4015.361282,NA,NA,NA,NA,36.36178,NA,NA,6.36138,11.93646,1.64898,50,5.83106,-5.99051,-127.51266,-4.7604,10.33647,29.42745,-12.77878,HYA_HAR,BRE_WHI,CCBLHyannis,Cape Cod Baseball League,CCBL,20250616-CCBLHyannis-2,6cc94770-4b07-11f0-ac99-2d93a97aa58f,85.20871,55.34437,NA,8.75944,NA,NA,NA,0.99953,2.87195,0.06954,aecf949a-adfb-400b-9c8e-95fb9d4c8878,2025-06-16,23:12:50,2025-06-16T23:12:50Z,2025-06-16T23:12:50Z,NA,v3,6101,6096,NA,"Lackey, Vahn",822518,Right,HYA_HAR,ebd26c2b-5d03-40bf-8d10-71e45300b772,55.51246,-128.77855,14.71373,6.02402,-4.2107,-6.38939,1.91624,-6.43516,5.16824,NA,0.99953,0.87707,-10.41442,3.28745,-0.87169,0.89853,-2.52532,3.49976,-1.71015,2.87195,94.45005,-27.79286,3.39311,-0.71369,0.29685,-0.45969,0.52309,-0.23053,0.06954,56.2986,-5.13831,0.58341,-0.03564,-0.06802,0.31131,-0.4938,0.25681,NA,NA,NA,NA,NA,NA,NA,NA,NA,NA,NA,NA,NA,NA,NA,NA,NA,NA,NA,NA,NA,NA,High,High,High,Medium,Undefined,NA,NA,NA,NA,NA,NA,NA,NA,NA,NA,NA,NA,NA,NA,NA,NA,NA,NA,NA,NA,NA,NA,NA,NA,NA,NA,NA,NA,NA,NA,NA,NA,NA,NA,NA,NA,NA,NA,NA,NA,NA,NA,NA,NA,NA,NA,NA,NA,NA,NA,NA,NA,NA,NA,NA,NA
NA,NA,NA,NA,NA,NA,NA,NA,NA,NA,NA,NA,NA,NA,NA,NA,126,2025-06-16,19:13:14,3,3,"Blanco, Evan",702711,Left,HYA_HAR,"Cyr, Blake",701331,Right,BRE_WHI,Undefined,4,Top,1,1,1,Slider,Changeup,BallCalled,Undefined,Undefined,Undefined,0,0,NA,81.35546,-2.726498,1.820087,1553.096205,129.128842,10:15:00,5.8414,-1.90565,5.23654,-40.44947,4.00488,-2.77874,-0.0953,-0.4259,73.31274,-10.101535,1.326201,0.479875,NA,NA,NA,NA,NA,NA,NA,NA,NA,NA,NA,2.06055,3.38319,1.74041,50,5.56033,-3.62435,-117.61636,-7.00941,2.8086700000000002,27.90521,-27.56253,HYA_HAR,BRE_WHI,CCBLHyannis,Cape Cod Baseball League,CCBL,20250616-CCBLHyannis-2,7b0477b0-4b07-11f0-ac99-2d93a97aa58f,78.54632,NA,NA,8.04273,NA,NA,NA,NA,NA,NA,aecf949a-adfb-400b-9c8e-95fb9d4c8878,2025-06-16,23:13:14,2025-06-16T23:13:14Z,2025-06-16T23:13:14Z,NA,v3,6101,6096,NA,"Lackey, Vahn",822518,Right,HYA_HAR,596c2669-d17b-4e16-8cd9-1ff80328e09f,55.26116,-118.85805,13.95261,5.84494,-5.78297,-13.78126,1.90446,-3.74933,1.40433,NA,NA,NA,NA,NA,NA,NA,NA,NA,NA,NA,NA,NA,NA,NA,NA,NA,NA,NA,NA,NA,NA,NA,NA,NA,NA,NA,NA,NA,NA,NA,NA,NA,NA,NA,NA,NA,NA,NA,NA,NA,NA,NA,NA,NA,NA,NA,NA,NA,NA,High,High,High,NA,NA,NA,NA,NA,NA,NA,NA,NA,NA,NA,NA,NA,NA,NA,NA,NA,NA,NA,NA,NA,NA,NA,NA,NA,NA,NA,NA,NA,NA,NA,NA,NA,NA,NA,NA,NA,NA,NA,NA,NA,NA,NA,NA,NA,NA,NA,NA,NA,NA,NA,NA,NA,NA,NA,NA,NA,NA
NA,NA,NA,NA,NA,NA,NA,NA,NA,NA,NA,NA,NA,NA,NA,NA,127,2025-06-16,19:13:37,3,4,"Blanco, Evan",702711,Left,HYA_HAR,"Cyr, Blake",701331,Right,BRE_WHI,Undefined,4,Top,1,2,1,ChangeUp,Changeup,FoulBallFieldable,Undefined,Undefined,Undefined,0,0,NA,78.65213,-0.785436,2.891685,2098.87113,125.811536,10:15:00,5.70807,-2.16106,4.92047,-37.23789,10.21288,-11.81292,1.86135,-0.40925,71.36472,-7.591241,0.810459,0.495784,69.81239,-39.584658,-90.760332,NA,NA,NA,NA,3.6957,3.12265,-34.150934,0.031749,6.78079,5.74859,1.88947,50,5.60084,-5.26239,-113.82765,-2.84745,8.79351,23.15001,-24.71911,HYA_HAR,BRE_WHI,CCBLHyannis,Cape Cod Baseball League,CCBL,20250616-CCBLHyannis-2,890f9740-4b07-11f0-ac99-2d93a97aa58f,76.02586,2.07783,NA,7.28741,NA,NA,NA,3.09177,2.07783,0.43814,aecf949a-adfb-400b-9c8e-95fb9d4c8878,2025-06-16,23:13:37,2025-06-16T23:13:37Z,2025-06-16T23:13:37Z,GroundBall,v3,6101,6096,NA,"Lackey, Vahn",822518,Right,HYA_HAR,ab8637c0-d778-45af-84e4-ce9b7cbc6196,55.57735,-114.95637,11.57501,5.71029,-1.64224,-12.35955,2.1565,-5.69113,4.39676,NA,3.09178,-1.05035,NA,NA,NA,NA,NA,NA,NA,2.07885,-65.44547,NA,NA,NA,NA,NA,NA,NA,0.43938,-79.14616,NA,NA,NA,NA,NA,NA,NA,NA,NA,NA,NA,NA,NA,NA,NA,NA,NA,NA,NA,NA,NA,NA,NA,NA,NA,NA,NA,NA,NA,High,High,High,Estimated,Estimated,NA,NA,NA,NA,NA,NA,NA,NA,NA,NA,NA,NA,NA,NA,NA,NA,NA,NA,NA,NA,NA,NA,NA,NA,NA,NA,NA,NA,NA,NA,NA,NA,NA,NA,NA,NA,NA,NA,NA,NA,NA,NA,NA,NA,NA,NA,NA,NA,NA,NA,NA,NA,NA,NA,NA,NA
NA,NA,NA,NA,NA,NA,NA,NA,NA,NA,NA,NA,NA,NA,NA,NA,128,2025-06-16,19:14:03,3,5,"Blanco, Evan",702711,Left,HYA_HAR,"Cyr, Blake",701331,Right,BRE_WHI,Undefined,4,Top,1,2,2,ChangeUp,Changeup,StrikeSwinging,Strikeout,Undefined,Undefined,0,0,NA,79.29829,-1.277477,3.12312,2040.285064,133.686319,10:30:00,5.72286,-2.1079,5.10027,-29.28439,17.38765,-16.35276,2.07675,-0.5248,71.3838,-6.724312,0.234431,0.491699,NA,NA,NA,NA,NA,NA,NA,NA,NA,NA,NA,9.15894,9.55705,1.82646,50,5.5801,-5.57539,-114.65975,-3.49828,11.98194,24.62244,-19.67131,HYA_HAR,BRE_WHI,CCBLHyannis,Cape Cod Baseball League,CCBL,20250616-CCBLHyannis-2,98bd1c30-4b07-11f0-ac99-2d93a97aa58f,76.65748,NA,NA,7.91449,NA,NA,NA,NA,NA,NA,aecf949a-adfb-400b-9c8e-95fb9d4c8878,2025-06-16,23:14:03,2025-06-16T23:14:03Z,2025-06-16T23:14:03Z,NA,v3,6101,6096,NA,"Lackey, Vahn",822518,Right,HYA_HAR,dd7ab9f4-b125-4894-afc5-e9f490d408bf,55.3956,-115.81263,12.31122,5.72233,-2.57723,-9.83566,2.10065,-6.13641,5.99097,NA,NA,NA,NA,NA,NA,NA,NA,NA,NA,NA,NA,NA,NA,NA,NA,NA,NA,NA,NA,NA,NA,NA,NA,NA,NA,NA,NA,NA,NA,NA,NA,NA,NA,NA,NA,NA,NA,NA,NA,NA,NA,NA,NA,NA,NA,NA,NA,NA,NA,High,High,High,NA,NA,NA,NA,NA,NA,NA,NA,NA,NA,NA,NA,NA,NA,NA,NA,NA,NA,NA,NA,NA,NA,NA,NA,NA,NA,NA,NA,NA,NA,NA,NA,NA,NA,NA,NA,NA,NA,NA,NA,NA,NA,NA,NA,NA,NA,NA,NA,NA,NA,NA,NA,NA,NA,NA,NA,NA,NA
NA,NA,NA,NA,NA,NA,NA,NA,NA,NA,NA,NA,NA,NA,NA,NA,129,2025-06-16,19:14:36,4,1,"Blanco, Evan",702711,Left,HYA_HAR,"Meglio, Charlie",814963,Right,BRE_WHI,Undefined,4,Top,2,0,0,Fastball,Four-Seam,FoulBallNotFieldable,Undefined,Undefined,Undefined,0,0,NA,86.43244,-2.440148,2.248955,2085.600043,148.642986,11:00:00,6.08981,-1.69555,5.05803,-16.82154,22.3056,-12.72642,2.38371,-0.63416,78.07209,-5.634264,0.001727,0.450205,82.27988,46.720537,39.978992,4869.229626,71.02442,94.13349,83.99719,230.49552,113.29855,57.182843,5.12876,7.03933,12.25083,1.49233,50,5.84514,-4.33672,-125.05931,-5.85206,11.01741,27.98173,-13.00002,HYA_HAR,BRE_WHI,CCBLHyannis,Cape Cod Baseball League,CCBL,20250616-CCBLHyannis-2,ac320960-4b07-11f0-ac99-2d93a97aa58f,83.72279,98.52413,NA,8.36035,NA,NA,NA,1.75366,2.554,0.54854,aecf949a-adfb-400b-9c8e-95fb9d4c8878,2025-06-16,23:14:36,2025-06-16T23:14:36Z,2025-06-16T23:14:36Z,FlyBall,v3,6101,6096,NA,"Lackey, Vahn",822518,Right,HYA_HAR,eb17975b-072a-4623-8405-95c7eaf52da7,55.43897,-126.2704,13.99087,6.08625,-5.2894,-6.50001,1.69035,-4.81357,5.5087,NA,1.77377,62.95505,-20.70079,3.67595,1.09498,-0.94221,0.26275,-0.03365,0.00166,2.54282,88.05319,-24.42821,2.83694,-0.63141,0.08024,0.0136,-0.00511,3.9e-4,0.54592,53.1971,-4.99759,0.34748,0.1321,-0.08465,0.02545,-0.0038,2.2e-4,NA,NA,NA,NA,NA,NA,NA,NA,NA,NA,NA,NA,NA,NA,NA,NA,NA,NA,NA,NA,NA,NA,High,High,High,High,Low,NA,NA,NA,NA,NA,NA,NA,NA,NA,NA,NA,NA,NA,NA,NA,NA,NA,NA,NA,NA,NA,NA,NA,NA,NA,NA,NA,NA,NA,NA,NA,NA,NA,NA,NA,NA,NA,NA,NA,NA,NA,NA,NA,NA,NA,NA,NA,NA,NA,NA,NA,NA,NA,NA,NA,NA
NA,NA,NA,NA,NA,NA,NA,NA,NA,NA,NA,NA,NA,NA,NA,NA,130,2025-06-16,19:15:03,4,2,"Blanco, Evan",702711,Left,HYA_HAR,"Meglio, Charlie",814963,Right,BRE_WHI,Undefined,4,Top,2,0,1,ChangeUp,Changeup,BallCalled,Undefined,Undefined,Undefined,0,0,NA,79.02236,-0.835417,1.867585,2054.119904,139.943762,10:45:00,5.67653,-2.35366,4.7448,-30.97273,16.06954,-12.15544,2.3026,-1.59458,71.89837,-6.519276,-0.268189,0.493646,NA,NA,NA,NA,NA,NA,NA,NA,NA,NA,NA,6.51284,8.5993,2.17719,50,5.56597,-3.21028,-114.44283,-2.73429,8.58609,22.2939,-20.83732,HYA_HAR,BRE_WHI,CCBLHyannis,Cape Cod Baseball League,CCBL,20250616-CCBLHyannis-2,bc18edd0-4b07-11f0-ac99-2d93a97aa58f,76.35521,NA,NA,7.12399,NA,NA,NA,NA,NA,NA,aecf949a-adfb-400b-9c8e-95fb9d4c8878,2025-06-16,23:15:03,2025-06-16T23:15:03Z,2025-06-16T23:15:03Z,NA,v3,6101,6096,NA,"Lackey, Vahn",822518,Right,HYA_HAR,dc01d146-1c6d-498c-bf7e-dafbc89fd1d9,55.75155,-115.55782,11.14695,5.67666,-1.69215,-10.41866,2.34848,-3.6397,4.29304,NA,NA,NA,NA,NA,NA,NA,NA,NA,NA,NA,NA,NA,NA,NA,NA,NA,NA,NA,NA,NA,NA,NA,NA,NA,NA,NA,NA,NA,NA,NA,NA,NA,NA,NA,NA,NA,NA,NA,NA,NA,NA,NA,NA,NA,NA,NA,NA,NA,NA,High,High,High,NA,NA,NA,NA,NA,NA,NA,NA,NA,NA,NA,NA,NA,NA,NA,NA,NA,NA,NA,NA,NA,NA,NA,NA,NA,NA,NA,NA,NA,NA,NA,NA,NA,NA,NA,NA,NA,NA,NA,NA,NA,NA,NA,NA,NA,NA,NA,NA,NA,NA,NA,NA,NA,NA,NA,NA,NA,NA
NA,NA,NA,NA,NA,NA,NA,NA,NA,NA,NA,NA,NA,NA,NA,NA,131,2025-06-16,19:15:22,4,3,"Blanco, Evan",702711,Left,HYA_HAR,"Meglio, Charlie",814963,Right,BRE_WHI,Undefined,4,Top,2,1,1,ChangeUp,Changeup,BallCalled,Undefined,Undefined,Undefined,0,0,NA,78.29824,-2.576487,3.586357,2100.184148,139.925699,10:45:00,5.71576,-2.16983,5.06681,-32.45797,15.45867,-11.50422,0.57521,0.25741000000000003,70.92451,-8.545269,1.555749,0.498213,NA,NA,NA,NA,NA,NA,NA,NA,NA,NA,NA,6.89961,9.00823,1.83862,50,5.44553,-6.62294,-113.10876,-6.15716,8.80764,23.44578,-20.67468,HYA_HAR,BRE_WHI,CCBLHyannis,Cape Cod Baseball League,CCBL,20250616-CCBLHyannis-2,c752c4f0-4b07-11f0-ac99-2d93a97aa58f,75.65534,NA,NA,7.37373,NA,NA,NA,NA,NA,NA,aecf949a-adfb-400b-9c8e-95fb9d4c8878,2025-06-16,23:15:22,2025-06-16T23:15:22Z,2025-06-16T23:15:22Z,NA,v3,6101,6096,NA,"Lackey, Vahn",822518,Right,HYA_HAR,3556a1f6-d24f-4cbf-aecd-a8911bf04f78,55.43,-114.22877,11.72289,5.71607,-5.16952,-10.33734,2.16505,-7.04368,4.40382,NA,NA,NA,NA,NA,NA,NA,NA,NA,NA,NA,NA,NA,NA,NA,NA,NA,NA,NA,NA,NA,NA,NA,NA,NA,NA,NA,NA,NA,NA,NA,NA,NA,NA,NA,NA,NA,NA,NA,NA,NA,NA,NA,NA,NA,NA,NA,NA,NA,NA,High,High,High,NA,NA,NA,NA,NA,NA,NA,NA,NA,NA,NA,NA,NA,NA,NA,NA,NA,NA,NA,NA,NA,NA,NA,NA,NA,NA,NA,NA,NA,NA,NA,NA,NA,NA,NA,NA,NA,NA,NA,NA,NA,NA,NA,NA,NA,NA,NA,NA,NA,NA,NA,NA,NA,NA,NA,NA,NA,NA
NA,NA,NA,NA,NA,NA,NA,NA,NA,NA,NA,NA,NA,NA,NA,NA,132,2025-06-16,19:15:42,4,4,"Blanco, Evan",702711,Left,HYA_HAR,"Meglio, Charlie",814963,Right,BRE_WHI,Undefined,4,Top,2,2,1,Fastball,Four-Seam,StrikeCalled,Undefined,Undefined,Undefined,0,0,NA,87.00122,-3.231086,1.89477,2180.140904,150.886341,11:00:00,6.07315,-1.68588,5.06697,-17.66572,21.29647,-11.01339,1.54959,-0.81648,78.0522,-6.581632,-0.051215,0.449255,NA,NA,NA,NA,NA,NA,NA,NA,NA,NA,NA,6.14489,12.11512,1.51528,50,5.75309,-3.66011,-125.7105,-7.65572,9.63098,30.37173,-13.18586,HYA_HAR,BRE_WHI,CCBLHyannis,Cape Cod Baseball League,CCBL,20250616-CCBLHyannis-2,d3314080-4b07-11f0-ac99-2d93a97aa58f,83.89983,NA,NA,8.94901,NA,NA,NA,NA,NA,NA,aecf949a-adfb-400b-9c8e-95fb9d4c8878,2025-06-16,23:15:42,2025-06-16T23:15:42Z,2025-06-16T23:15:42Z,NA,v3,6101,6096,NA,"Lackey, Vahn",822518,Right,HYA_HAR,105f5ef7-c935-4dda-9e7e-0324a85b566f,55.4294,-127.01547,15.18587,6.06986,-7.08917,-6.59293,1.68143,-4.07393,4.81549,NA,NA,NA,NA,NA,NA,NA,NA,NA,NA,NA,NA,NA,NA,NA,NA,NA,NA,NA,NA,NA,NA,NA,NA,NA,NA,NA,NA,NA,NA,NA,NA,NA,NA,NA,NA,NA,NA,NA,NA,NA,NA,NA,NA,NA,NA,NA,NA,NA,NA,High,High,High,NA,NA,NA,NA,NA,NA,NA,NA,NA,NA,NA,NA,NA,NA,NA,NA,NA,NA,NA,NA,NA,NA,NA,NA,NA,NA,NA,NA,NA,NA,NA,NA,NA,NA,NA,NA,NA,NA,NA,NA,NA,NA,NA,NA,NA,NA,NA,NA,NA,NA,NA,NA,NA,NA,NA,NA,NA,NA
NA,NA,NA,NA,NA,NA,NA,NA,NA,NA,NA,NA,NA,NA,NA,NA,133,2025-06-16,19:16:01,4,5,"Blanco, Evan",702711,Left,HYA_HAR,"Meglio, Charlie",814963,Right,BRE_WHI,Undefined,4,Top,2,2,2,ChangeUp,Changeup,InPlay,Undefined,GroundBall,Single,0,1,NA,78.63585,-0.521179,1.814447,2018.43978,132.159963,10:30:00,5.7267,-2.18222,4.84106,-35.37069,12.30709,-11.67701,2.28542,-1.43678,71.10115,-7.007491,-0.241511,0.496969,62.84111,-26.528586,-53.922844,NA,NA,NA,NA,7.2683,5.79611,-19.615588,0.060785,6.39118,6.69764,2.01355,50,5.64556,-3.12186,-113.84194,-2.25243,8.26391,23.76923,-23.51386,HYA_HAR,BRE_WHI,CCBLHyannis,Cape Cod Baseball League,CCBL,20250616-CCBLHyannis-2,deda7b40-4b07-11f0-ac99-2d93a97aa58f,75.84461,2.51358,NA,7.53471,NA,NA,NA,3.88141,2.51358,1.62952,aecf949a-adfb-400b-9c8e-95fb9d4c8878,2025-06-16,23:16:01,2025-06-16T23:16:01Z,2025-06-16T23:16:01Z,GroundBall,v3,6101,6096,NA,"Lackey, Vahn",822518,Right,HYA_HAR,2062b7bb-39e7-410a-bbd6-ddd36273d135,55.65652,-115.01691,11.88461,5.72817,-1.09009,-11.75693,2.17797,-3.53036,4.13196,180,3.87927,48.77961,NA,NA,NA,NA,NA,NA,NA,2.5154,-41.35181,NA,NA,NA,NA,NA,NA,NA,1.63247,-66.9496,NA,NA,NA,NA,NA,NA,NA,NA,NA,NA,NA,NA,NA,NA,NA,NA,NA,NA,NA,NA,NA,NA,NA,NA,NA,NA,NA,NA,NA,High,High,High,Low,Low,NA,NA,NA,NA,NA,NA,NA,NA,NA,NA,NA,NA,NA,NA,NA,NA,NA,NA,NA,NA,NA,NA,NA,NA,NA,NA,NA,NA,NA,NA,NA,NA,NA,NA,NA,NA,NA,NA,NA,NA,NA,NA,NA,NA,NA,NA,NA,NA,NA,NA,NA,NA,NA,NA,NA,NA
NA,NA,NA,NA,NA,NA,NA,NA,NA,NA,NA,NA,NA,NA,NA,NA,134,2025-06-16,19:17:32,5,1,"Blanco, Evan",702711,Left,HYA_HAR,"Paulsen, Erik",822807,Left,BRE_WHI,Undefined,4,Top,2,0,0,Slider,Changeup,BallCalled,Undefined,Undefined,Undefined,0,0,NA,80.88184,-2.410504,4.091139,1724.016099,158.815469,11:15:00,5.76494,-1.89386,5.731,-36.50006,7.45292,-2.25772,0.47133,1.73451,73.28358,-9.134951,3.68811,0.477162,NA,NA,NA,NA,NA,NA,NA,NA,NA,NA,NA,2.49784,5.07866,1.55368,50,5.54133,-8.26995,-116.87294,-6.10059,3.39335,25.68495,-25.27462,HYA_HAR,BRE_WHI,CCBLHyannis,Cape Cod Baseball League,CCBL,20250616-CCBLHyannis-2,151eb180-4b08-11f0-ac99-2d93a97aa58f,78.993,NA,NA,7.59825,NA,NA,NA,NA,NA,NA,aecf949a-adfb-400b-9c8e-95fb9d4c8878,2025-06-16,23:17:32,2025-06-16T23:17:32Z,2025-06-16T23:17:32Z,NA,v3,6101,6096,NA,"Lackey, Vahn",822518,Right,HYA_HAR,66cf4065-e3ae-4777-8f35-ffef26ed9a80,54.76437,-117.91534,12.84247,5.76811,-5.07484,-12.63731,1.8921,-8.40767,1.69668,NA,NA,NA,NA,NA,NA,NA,NA,NA,NA,NA,NA,NA,NA,NA,NA,NA,NA,NA,NA,NA,NA,NA,NA,NA,NA,NA,NA,NA,NA,NA,NA,NA,NA,NA,NA,NA,NA,NA,NA,NA,NA,NA,NA,NA,NA,NA,NA,NA,NA,High,High,High,NA,NA,NA,NA,NA,NA,NA,NA,NA,NA,NA,NA,NA,NA,NA,NA,NA,NA,NA,NA,NA,NA,NA,NA,NA,NA,NA,NA,NA,NA,NA,NA,NA,NA,NA,NA,NA,NA,NA,NA,NA,NA,NA,NA,NA,NA,NA,NA,NA,NA,NA,NA,NA,NA,NA,NA,NA,NA
NA,NA,NA,NA,NA,NA,NA,NA,NA,NA,NA,NA,NA,NA,NA,NA,135,2025-06-16,19:17:48,5,2,"Blanco, Evan",702711,Left,HYA_HAR,"Paulsen, Erik",822807,Left,BRE_WHI,Undefined,4,Top,2,1,0,Fastball,Four-Seam,BallCalled,Undefined,Undefined,Undefined,0,0,NA,87.79469,-3.318306,3.537448,2292.70709,153.847889,11:15:00,6.11443,-1.62146,5.00237,-18.80304,19.44934,-8.8467,1.40553,0.98493,79.1713,-6.84575,1.979615,0.445144,NA,NA,NA,NA,NA,NA,NA,NA,NA,NA,NA,5.48567,11.0804,1.2887,50,5.78039,-7.41732,-126.70671,-7.9821,8.7954,29.21177,-14.40845,HYA_HAR,BRE_WHI,CCBLHyannis,Cape Cod Baseball League,CCBL,20250616-CCBLHyannis-2,1eb18f60-4b08-11f0-ac99-2d93a97aa58f,84.67472,NA,NA,8.62339,NA,NA,NA,NA,NA,NA,aecf949a-adfb-400b-9c8e-95fb9d4c8878,2025-06-16,23:17:48,2025-06-16T23:17:48Z,2025-06-16T23:17:48Z,NA,v3,6101,6096,NA,"Lackey, Vahn",822518,Right,HYA_HAR,d2c8e310-90c1-4b44-ad72-53a6f7b9b05e,55.49246,-127.96671,14.60588,6.11128,-7.36062,-7.20422,1.61682,-7.7967,4.3977,NA,NA,NA,NA,NA,NA,NA,NA,NA,NA,NA,NA,NA,NA,NA,NA,NA,NA,NA,NA,NA,NA,NA,NA,NA,NA,NA,NA,NA,NA,NA,NA,NA,NA,NA,NA,NA,NA,NA,NA,NA,NA,NA,NA,NA,NA,NA,NA,NA,NA,High,High,High,NA,NA,NA,NA,NA,NA,NA,NA,NA,NA,NA,NA,NA,NA,NA,NA,NA,NA,NA,NA,NA,NA,NA,NA,NA,NA,NA,NA,NA,NA,NA,NA,NA,NA,NA,NA,NA,NA,NA,NA,NA,NA,NA,NA,NA,NA,NA,NA,NA,NA,NA,NA,NA,NA,NA,NA,NA,NA
NA,NA,NA,NA,NA,NA,NA,NA,NA,NA,NA,NA,NA,NA,NA,NA,136,2025-06-16,19:18:05,5,3,"Blanco, Evan",702711,Left,HYA_HAR,"Paulsen, Erik",822807,Left,BRE_WHI,Undefined,4,Top,2,2,0,Fastball,Four-Seam,InPlay,Undefined,LineDrive,Out,1,0,NA,87.95417,-2.344328,3.366691,2185.202321,158.587222,11:15:00,6.02102,-1.6773,5.03162,-14.7156,23.31194,-8.58241,2.57781,0.78761,79.08186,-5.17029,1.854956,0.443834,85.00468,27.594564,-14.084862,3096.871178,103.99319,47.7758,-35.85255,289.22754,283.72311,-26.372508,3.983003,5.34402,12.71701,1.36253,50,5.78588,-7.07713,-127.07587,-5.64376,8.60582,29.72715,-11.69494,HYA_HAR,BRE_WHI,CCBLHyannis,Cape Cod Baseball League,CCBL,20250616-CCBLHyannis-2,287f0540-4b08-11f0-ac99-2d93a97aa58f,84.92465,55.06097,NA,8.87231,NA,NA,NA,1.37483,2.64911,-0.80916,aecf949a-adfb-400b-9c8e-95fb9d4c8878,2025-06-16,23:18:05,2025-06-16T23:18:05Z,2025-06-16T23:18:05Z,LineDrive,v3,6101,6096,NA,"Lackey, Vahn",822518,Right,HYA_HAR,003d23bc-5809-484c-b5bb-f85f47322475,55.46422,-128.34776,14.86358,6.01665,-5.14339,-5.84747,1.67321,-7.44533,4.30291,137.619322,1.37437,107.18124,-21.16978,5.03603,-1.20438,0.31521,-0.07377,0.01087,-6.7e-4,2.64973,57.73554,-17.21898,0.7069,0.12346,-0.11835,0.038,-0.00536,2.7e-4,-0.80888,-26.89834,-3.93344,1.4209,-0.34315,0.06198,-0.00877,8.8e-4,-4e-5,NA,NA,NA,NA,NA,NA,NA,NA,NA,NA,NA,NA,NA,NA,NA,NA,NA,NA,NA,NA,NA,NA,High,High,High,High,High,NA,NA,NA,NA,NA,NA,NA,NA,NA,NA,NA,NA,NA,NA,NA,NA,NA,NA,NA,NA,NA,NA,NA,NA,NA,NA,NA,NA,NA,NA,NA,NA,NA,NA,NA,NA,NA,NA,NA,NA,NA,NA,NA,NA,NA,NA,NA,NA,NA,NA,NA,NA,NA,NA,NA,NA
NA,NA,NA,NA,NA,NA,NA,NA,NA,NA,NA,NA,NA,NA,NA,NA,137,2025-06-16,19:20:21,1,1,"Wimbish, Camden",10071140,Right,BRE_WHI,"Rembert, Chris",807300,Right,HYA_HAR,Undefined,4,Bottom,0,0,0,Fastball,Four-Seam,InPlay,Undefined,LineDrive,Out,1,0,NA,91.06528,-2.375896,-3.374362,2151.906143,208.2671,01:00:00,5.39427,1.48897,6.44625,-13.59489,19.66725,9.96918,2.07333,-0.78423,82.75655,-5.024775,-1.570768,0.415094,100.12497,-13.888854,5.886554,NA,NA,NA,NA,9.32043,9.32043,9.628522,0.059327,-6.2176,11.32575,-1.2538,50,5.21916,7.38775,-132.04277,-5.80882,-10.91038,29.71416,-12.30009,HYA_HAR,BRE_WHI,CCBLHyannis,Cape Cod Baseball League,CCBL,20250616-CCBLHyannis-2,79e97550-4b08-11f0-ac99-2d93a97aa58f,90.80456,2.09406,NA,8.30873,NA,NA,NA,0.76501,2.09406,0.69038,aecf949a-adfb-400b-9c8e-95fb9d4c8878,2025-06-16,23:20:21,2025-06-16T23:20:21Z,2025-06-16T23:20:21Z,GroundBall,v3,6101,6096,NA,"Tinney, Carson",806245,Right,BRE_WHI,8cc4f8ac-4c0b-4b13-a829-f2a1ac8b39ce,54.05201,-132.95148,14.85708,5.39106,-5.43265,-6.15004,-1.48484,7.7214,-5.45519,180,0.76319,141.99547,NA,NA,NA,NA,NA,NA,NA,2.09451,-35.29714,NA,NA,NA,NA,NA,NA,NA,0.69019,14.64013,NA,NA,NA,NA,NA,NA,NA,NA,NA,NA,NA,NA,NA,NA,NA,NA,NA,NA,NA,NA,NA,NA,NA,NA,NA,NA,NA,NA,NA,High,High,High,High,High,NA,NA,NA,NA,NA,NA,NA,NA,NA,NA,NA,NA,NA,NA,NA,NA,NA,NA,NA,NA,NA,NA,NA,NA,NA,NA,NA,NA,NA,NA,NA,NA,NA,NA,NA,NA,NA,NA,NA,NA,NA,NA,NA,NA,NA,NA,NA,NA,NA,NA,NA,NA,NA,NA,NA,NA
NA,NA,NA,NA,NA,NA,NA,NA,NA,NA,NA,NA,NA,NA,NA,NA,138,2025-06-16,19:21:00,2,1,"Wimbish, Camden",10071140,Right,BRE_WHI,"Roy, Gavin",833546,Right,HYA_HAR,Undefined,4,Bottom,1,0,0,Fastball,Four-Seam,StrikeCalled,Undefined,Undefined,Undefined,0,0,NA,90.62582,-1.348719,-3.1701260000000002,2209.109112,220.354614,01:15:00,5.48663,1.46573,6.40474,-15.29139,18.7308,14.82706,2.97003,-0.21668,81.26158,-4.338575,-0.488065,0.41981,NA,NA,NA,NA,NA,NA,NA,NA,NA,NA,NA,-8.75174,10.56564,-1.24469,50,5.38269,6.66002,-131.32649,-3.46339,-14.98847,32.82731,-14.07902,HYA_HAR,BRE_WHI,CCBLHyannis,Cape Cod Baseball League,CCBL,20250616-CCBLHyannis-2,90df9a00-4b08-11f0-ac99-2d93a97aa58f,89.78457,NA,NA,9.36424,NA,NA,NA,NA,NA,NA,aecf949a-adfb-400b-9c8e-95fb9d4c8878,2025-06-16,23:21:00,2025-06-16T23:21:00Z,2025-06-16T23:21:00Z,NA,v3,6101,6096,NA,"Tinney, Carson",806245,Right,BRE_WHI,6f15229d-4cb9-408a-9b2c-5bbc372b017a,54.09106,-132.34517,16.41366,5.48339,-3.0265,-7.03951,-1.45858,7.12514,-7.49423,NA,NA,NA,NA,NA,NA,NA,NA,NA,NA,NA,NA,NA,NA,NA,NA,NA,NA,NA,NA,NA,NA,NA,NA,NA,NA,NA,NA,NA,NA,NA,NA,NA,NA,NA,NA,NA,NA,NA,NA,NA,NA,NA,NA,NA,NA,NA,NA,NA,NA,High,High,High,NA,NA,NA,NA,NA,NA,NA,NA,NA,NA,NA,NA,NA,NA,NA,NA,NA,NA,NA,NA,NA,NA,NA,NA,NA,NA,NA,NA,NA,NA,NA,NA,NA,NA,NA,NA,NA,NA,NA,NA,NA,NA,NA,NA,NA,NA,NA,NA,NA,NA,NA,NA,NA,NA,NA,NA,NA,NA
NA,NA,NA,NA,NA,NA,NA,NA,NA,NA,NA,NA,NA,NA,NA,NA,139,2025-06-16,19:21:17,2,2,"Wimbish, Camden",10071140,Right,BRE_WHI,"Roy, Gavin",833546,Right,HYA_HAR,Undefined,4,Bottom,1,0,1,Fastball,Four-Seam,FoulBallNotFieldable,Undefined,Undefined,Undefined,0,0,NA,90.92796,-2.677286,-2.449002,2171.934696,204.290679,12:45:00,5.37456,1.56844,6.42855,-10.99776,22.77588,9.70186,1.99331,0.12465,81.60776,-4.884382,-0.692297,0.418273,66.90071,54.219224,116.996461,5749.062201,NA,NA,NA,NA,34.37223,NA,NA,-5.87607,13.14383,-1.39809,50,5.17842,5.23805,-131.74678,-6.36336,-10.12808,33.0365,-9.51909,HYA_HAR,BRE_WHI,CCBLHyannis,Cape Cod Baseball League,CCBL,20250616-CCBLHyannis-2,9b2acb60-4b08-11f0-ac99-2d93a97aa58f,90.11435,45.13518,NA,9.3202,NA,NA,NA,1.89809,1.99263,-0.22714,aecf949a-adfb-400b-9c8e-95fb9d4c8878,2025-06-16,23:21:17,2025-06-16T23:21:17Z,2025-06-16T23:21:17Z,NA,v3,6101,6096,NA,"Tinney, Carson",806245,Right,BRE_WHI,aac73558-022f-4d37-8ab5-938d0b998691,54.06755,-132.76284,16.51825,5.36962,-6.07059,-4.75955,-1.56398,5.54955,-5.06404,NA,1.89809,-26.04267,-4.18507,1.95495,-0.68219,2.02043,-4.60208,4.66108,-1.78788,1.99263,79.60158,-26.29471,3.01967,-0.6286,0.16217,-0.02471,-0.04486,0.02882,-0.22714,51.11825,-12.99004,3.00313,-0.74889,1.44451,-3.09903,3.08132,-1.17125,NA,NA,NA,NA,NA,NA,NA,NA,NA,NA,NA,NA,NA,NA,NA,NA,NA,NA,NA,NA,NA,NA,High,High,High,Medium,Undefined,NA,NA,NA,NA,NA,NA,NA,NA,NA,NA,NA,NA,NA,NA,NA,NA,NA,NA,NA,NA,NA,NA,NA,NA,NA,NA,NA,NA,NA,NA,NA,NA,NA,NA,NA,NA,NA,NA,NA,NA,NA,NA,NA,NA,NA,NA,NA,NA,NA,NA,NA,NA,NA,NA,NA,NA
NA,NA,NA,NA,NA,NA,NA,NA,NA,NA,NA,NA,NA,NA,NA,NA,140,2025-06-16,19:21:42,2,3,"Wimbish, Camden",10071140,Right,BRE_WHI,"Roy, Gavin",833546,Right,HYA_HAR,Undefined,4,Bottom,1,0,2,Splitter,Splitter,InPlay,Undefined,GroundBall,Out,1,0,NA,83.19336,-0.545976,-3.662047,737.576859,202.41073600000001,12:45:00,5.23571,1.67659,6.5578,-29.70344,10.33638,3.66732,2.2588,-1.37995,75.13717,-6.168841,-2.997481,0.455426,62.18591,-1.144198,21.327277,2627.123653,NA,NA,NA,31.05232,28.09259,23.064991,0.332928,-3.12571,6.0217,-1.4253,50,5.18552,7.58546,-120.59053,-1.96533,-4.52604,27.09573,-23.45464,HYA_HAR,BRE_WHI,CCBLHyannis,Cape Cod Baseball League,CCBL,20250616-CCBLHyannis-2,aa37ca90-4b08-11f0-ac99-2d93a97aa58f,82.76312,2.25765,NA,8.05619,NA,NA,NA,1.31105,2.25765,1.34656,aecf949a-adfb-400b-9c8e-95fb9d4c8878,2025-06-16,23:21:42,2025-06-16T23:21:42Z,2025-06-16T23:21:42Z,GroundBall,v3,6101,6096,NA,"Tinney, Carson",806245,Right,BRE_WHI,255ee1ac-977e-4058-bfdd-c0c0784b0ce9,53.93895,-121.47235,13.54787,5.23706,-1.20201,-11.72732,-1.67457,7.73276,-2.26302,NA,1.31316,84.85852,-8.9944,NA,NA,NA,NA,NA,NA,2.25915,-1.88102,-14.74729,NA,NA,NA,NA,NA,NA,1.34686,33.15206,-1.97489,NA,NA,NA,NA,NA,NA,NA,NA,NA,NA,NA,NA,NA,NA,NA,NA,NA,NA,NA,NA,NA,NA,NA,NA,NA,NA,NA,NA,High,High,High,High,High,NA,NA,NA,NA,NA,NA,NA,NA,NA,NA,NA,NA,NA,NA,NA,NA,NA,NA,NA,NA,NA,NA,NA,NA,NA,NA,NA,NA,NA,NA,NA,NA,NA,NA,NA,NA,NA,NA,NA,NA,NA,NA,NA,NA,NA,NA,NA,NA,NA,NA,NA,NA,NA,NA,NA,NA
NA,NA,NA,NA,NA,NA,NA,NA,NA,NA,NA,NA,NA,NA,NA,NA,141,2025-06-16,19:22:23,3,1,"Wimbish, Camden",10071140,Right,BRE_WHI,"Schaffner, Jake",835279,Left,HYA_HAR,Undefined,4,Bottom,2,0,0,Fastball,Four-Seam,BallCalled,Undefined,Undefined,Undefined,0,0,NA,90.44554,-1.270966,-3.563664,2199.804581,206.808698,01:00:00,5.44592,1.47287,6.50151,-15.27835,18.4667,8.74091,3.00373,-1.07381,81.86268,-4.240992,-1.981409,0.418096,NA,NA,NA,NA,NA,NA,NA,NA,NA,NA,NA,-5.64898,10.38879,-1.22687,50,5.34988,7.81608,-131.14295,-3.28276,-9.74336,30.22028,-14.25543,HYA_HAR,BRE_WHI,CCBLHyannis,Cape Cod Baseball League,CCBL,20250616-CCBLHyannis-2,c2577b20-4b08-11f0-ac99-2d93a97aa58f,90.15252,NA,NA,8.58287,NA,NA,NA,NA,NA,NA,aecf949a-adfb-400b-9c8e-95fb9d4c8878,2025-06-16,23:22:23,2025-06-16T23:22:23Z,2025-06-16T23:22:23Z,NA,v3,6101,6096,NA,"Tinney, Carson",806245,Right,BRE_WHI,b6cb58e9-2e38-4cf6-8a88-7cb0184048c3,53.99516,-132.06038,15.11014,5.44297,-2.84999,-7.12772,-1.46864,8.11186,-4.87168,NA,NA,NA,NA,NA,NA,NA,NA,NA,NA,NA,NA,NA,NA,NA,NA,NA,NA,NA,NA,NA,NA,NA,NA,NA,NA,NA,NA,NA,NA,NA,NA,NA,NA,NA,NA,NA,NA,NA,NA,NA,NA,NA,NA,NA,NA,NA,NA,NA,NA,High,High,High,NA,NA,NA,NA,NA,NA,NA,NA,NA,NA,NA,NA,NA,NA,NA,NA,NA,NA,NA,NA,NA,NA,NA,NA,NA,NA,NA,NA,NA,NA,NA,NA,NA,NA,NA,NA,NA,NA,NA,NA,NA,NA,NA,NA,NA,NA,NA,NA,NA,NA,NA,NA,NA,NA,NA,NA,NA,NA
NA,NA,NA,NA,NA,NA,NA,NA,NA,NA,NA,NA,NA,NA,NA,NA,142,2025-06-16,19:22:39,3,2,"Wimbish, Camden",10071140,Right,BRE_WHI,"Schaffner, Jake",835279,Left,HYA_HAR,Undefined,4,Bottom,2,1,0,Fastball,Four-Seam,FoulBallNotFieldable,Undefined,Undefined,Undefined,0,0,NA,89.88286,-2.271141,-2.953789,2174.644902,208.739304,01:00:00,5.28112,1.70224,6.54491,-12.59186,21.92793,11.29107,2.14511,-0.06811,80.42008,-4.784474,-0.905874,0.422869,63.6665,45.9364,-128.724643,4553.386823,-77.56274,47.12791,-77.99986,177.73497,58.5925,-138.449894,3.178462,-6.9639,12.68268,-1.50234,50,5.11821,6.2759,-130.22528,-5.41808,-11.68229,33.23932,-10.89826,HYA_HAR,BRE_WHI,CCBLHyannis,Cape Cod Baseball League,CCBL,20250616-CCBLHyannis-2,cbd1ef00-4b08-11f0-ac99-2d93a97aa58f,89.1351,49.39027,NA,9.46278,NA,NA,NA,3.04896,2.10401,0.16192,aecf949a-adfb-400b-9c8e-95fb9d4c8878,2025-06-16,23:22:39,2025-06-16T23:22:39Z,2025-06-16T23:22:39Z,Popup,v3,6101,6096,NA,"Tinney, Carson",806245,Right,BRE_WHI,dd839c62-a3a9-4112-9a00-29031465e685,53.95181,-131.23008,16.61966,5.27701,-5.08863,-5.44913,-1.6974,6.62905,-5.84115,29.862952,3.04921,-40.63691,-3.59586,1.4042,-0.05257,-0.15953,0.07628,-0.01464,0.00103,2.10399,67.09865,-27.40252,3.26593,-0.7335,0.2004,-0.06637,0.01502,-0.00138,0.1623,-50.68013,5.51699,-0.93567,0.59967,-0.42222,0.17956,-0.03791,0.00309,NA,NA,NA,NA,NA,NA,NA,NA,NA,NA,NA,NA,NA,NA,NA,NA,NA,NA,NA,NA,NA,NA,High,High,High,High,Low,NA,NA,NA,NA,NA,NA,NA,NA,NA,NA,NA,NA,NA,NA,NA,NA,NA,NA,NA,NA,NA,NA,NA,NA,NA,NA,NA,NA,NA,NA,NA,NA,NA,NA,NA,NA,NA,NA,NA,NA,NA,NA,NA,NA,NA,NA,NA,NA,NA,NA,NA,NA,NA,NA,NA,NA
NA,NA,NA,NA,NA,NA,NA,NA,NA,NA,NA,NA,NA,NA,NA,NA,143,2025-06-16,19:22:59,3,3,"Wimbish, Camden",10071140,Right,BRE_WHI,"Schaffner, Jake",835279,Left,HYA_HAR,Undefined,4,Bottom,2,1,1,Fastball,Four-Seam,FoulBallFieldable,Undefined,Undefined,Undefined,0,0,NA,90.69938,-0.508103,-2.742767,2172.089299,201.941249,12:45:00,5.40557,1.60339,6.59842,-14.95698,18.54422,6.99138,3.69312,-0.3287,81.75347,-3.435351,-1.473408,0.416583,NA,NA,NA,NA,NA,NA,NA,NA,NA,NA,NA,-4.56555,10.26749,-1.41886,50,5.36441,6.03304,-131.63148,-1.51857,-7.89339,31.74762,-14.42252,HYA_HAR,BRE_WHI,CCBLHyannis,Cape Cod Baseball League,CCBL,20250616-CCBLHyannis-2,d7ef4850-4b08-11f0-ac99-2d93a97aa58f,90.48,NA,NA,8.94591,NA,NA,NA,NA,NA,NA,aecf949a-adfb-400b-9c8e-95fb9d4c8878,2025-06-16,23:22:59,2025-06-16T23:22:59Z,2025-06-16T23:22:59Z,NA,v3,6101,6096,NA,"Tinney, Carson",806245,Right,BRE_WHI,d82d234a-3011-45f8-9937-dc1c129887c2,53.89892,-132.56851,15.87381,5.40295,-1.09289,-7.21126,-1.60036,6.26601,-3.9467,NA,NA,NA,NA,NA,NA,NA,NA,NA,NA,NA,NA,NA,NA,NA,NA,NA,NA,NA,NA,NA,NA,NA,NA,NA,NA,NA,NA,NA,NA,NA,NA,NA,NA,NA,NA,NA,NA,NA,NA,NA,NA,NA,NA,NA,NA,NA,NA,NA,NA,High,High,High,NA,NA,NA,NA,NA,NA,NA,NA,NA,NA,NA,NA,NA,NA,NA,NA,NA,NA,NA,NA,NA,NA,NA,NA,NA,NA,NA,NA,NA,NA,NA,NA,NA,NA,NA,NA,NA,NA,NA,NA,NA,NA,NA,NA,NA,NA,NA,NA,NA,NA,NA,NA,NA,NA,NA,NA,NA,NA
NA,NA,NA,NA,NA,NA,NA,NA,NA,NA,NA,NA,NA,NA,NA,NA,144,2025-06-16,19:23:35,3,4,"Wimbish, Camden",10071140,Right,BRE_WHI,"Schaffner, Jake",835279,Left,HYA_HAR,Undefined,4,Bottom,2,1,2,Fastball,Four-Seam,InPlay,Undefined,LineDrive,Out,1,0,NA,91.38392,-0.98129,-2.657948,2180.42469,210.893075,01:00:00,5.4984,1.44822,6.61942,-14.50473,18.49166,10.35575,3.38997,-0.12465,82.32699,-3.825203,-0.776241,0.413433,83.15098,29.362614,-9.50377,3679.088507,106.76733,52.15929,-26.47032,280.37375,279.41952,-21.271316,4.079203,-6.32886,10.40339,-1.27173,50,5.42554,5.75176,-132.62819,-2.61121,-11.09857,32.45865,-13.93016,HYA_HAR,BRE_WHI,CCBLHyannis,Cape Cod Baseball League,CCBL,20250616-CCBLHyannis-2,ed0e6310-4b08-11f0-ac99-2d93a97aa58f,91.16948,59.42708,NA,9.05693,NA,NA,NA,2.6749,3.51716,0.10607,aecf949a-adfb-400b-9c8e-95fb9d4c8878,2025-06-16,23:23:35,2025-06-16T23:23:35Z,2025-06-16T23:23:35Z,FlyBall,v3,6101,6096,NA,"Tinney, Carson",806245,Right,BRE_WHI,97cb4a87-5a70-4bec-9e08-6037e78aaca0,53.8783,-133.57397,16.22933,5.49572,-2.20532,-6.96508,-1.44404,6.07515,-5.54929,142.493424,2.67445,104.83951,-21.25918,5.24605,-1.23675,0.31246,-0.06926,0.00961,-5.6e-4,3.51798,59.77928,-17.20909,0.57958,0.19455,-0.14634,0.0429,-0.00577,2.9e-4,0.10614,-17.5524,-4.78499,1.51925,-0.38552,0.08937,-0.01731,0.0022,-1.2e-4,NA,NA,NA,NA,NA,NA,NA,NA,NA,NA,NA,NA,NA,NA,NA,NA,NA,NA,NA,NA,NA,NA,High,High,High,High,Medium,NA,NA,NA,NA,NA,NA,NA,NA,NA,NA,NA,NA,NA,NA,NA,NA,NA,NA,NA,NA,NA,NA,NA,NA,NA,NA,NA,NA,NA,NA,NA,NA,NA,NA,NA,NA,NA,NA,NA,NA,NA,NA,NA,NA,NA,NA,NA,NA,NA,NA,NA,NA,NA,NA,NA,NA
NA,NA,NA,NA,NA,NA,NA,NA,NA,NA,NA,NA,NA,NA,NA,NA,145,2025-06-16,19:26:30,1,1,"Tomii, Tsubasa",835280,Right,HYA_HAR,"Coates, Colton",813832,Left,BRE_WHI,Undefined,5,Top,0,0,0,Curveball,Curveball,BallCalled,Undefined,Undefined,Undefined,0,0,NA,72.92069,1.534532,-0.542409,2952.091545,33.296798,07:00:00,5.39759,0.57654,4.38763,-76.49095,-19.62174,-14.28028,0.48883,-1.13136,66.19056,-12.064926,-3.046684,0.542763,NA,NA,NA,NA,NA,NA,NA,NA,NA,NA,NA,6.79319,-9.63949,-0.50331,50,5.48456,1.57602,-105.54183,0.02863,7.46289,22.31978,-42.76385,HYA_HAR,BRE_WHI,CCBLHyannis,Cape Cod Baseball League,CCBL,20250616-CCBLHyannis-2,55d00390-4b09-11f0-ac99-2d93a97aa58f,69.44554,NA,NA,6.73013,NA,NA,NA,NA,NA,NA,aecf949a-adfb-400b-9c8e-95fb9d4c8878,2025-06-16,23:26:30,2025-06-16T23:26:30Z,2025-06-16T23:26:30Z,NA,v3,6101,6096,NA,"Lackey, Vahn",822518,Right,HYA_HAR,1eabcccb-68a7-4170-9b70-729dd60dcc6a,56.11581,-106.82736,11.15989,5.41199,2.49165,-21.38192,-0.58171,1.14618,3.73144,NA,NA,NA,NA,NA,NA,NA,NA,NA,NA,NA,NA,NA,NA,NA,NA,NA,NA,NA,NA,NA,NA,NA,NA,NA,NA,NA,NA,NA,NA,NA,NA,NA,NA,NA,NA,NA,NA,NA,NA,NA,NA,NA,NA,NA,NA,NA,NA,NA,NA,High,High,High,NA,NA,NA,NA,NA,NA,NA,NA,NA,NA,NA,NA,NA,NA,NA,NA,NA,NA,NA,NA,NA,NA,NA,NA,NA,NA,NA,NA,NA,NA,NA,NA,NA,NA,NA,NA,NA,NA,NA,NA,NA,NA,NA,NA,NA,NA,NA,NA,NA,NA,NA,NA,NA,NA,NA,NA,NA,NA
NA,NA,NA,NA,NA,NA,NA,NA,NA,NA,NA,NA,NA,NA,NA,NA,146,2025-06-16,19:26:50,1,2,"Tomii, Tsubasa",835280,Right,HYA_HAR,"Coates, Colton",813832,Left,BRE_WHI,Undefined,5,Top,0,1,0,Fastball,Changeup,BallCalled,Undefined,Undefined,Undefined,0,0,NA,83.99618,0.399666,0.06022,2217.326083,226.924159,01:30:00,5.60168,0.46835,4.86091,-30.06159,10.86721,10.31504,3.47483,1.38493,77.18292,-5.089219,1.87663,0.460454,NA,NA,NA,NA,NA,NA,NA,NA,NA,NA,NA,-5.07134,5.62347,-0.48353,50,5.61584,-0.58885,-121.92239,-0.26544,-7.67778,22.67278,-23.66037,HYA_HAR,BRE_WHI,CCBLHyannis,Cape Cod Baseball League,CCBL,20250616-CCBLHyannis-2,61639370-4b09-11f0-ac99-2d93a97aa58f,81.85934,NA,NA,6.81326,NA,NA,NA,NA,NA,NA,aecf949a-adfb-400b-9c8e-95fb9d4c8878,2025-06-16,23:26:50,2025-06-16T23:26:50Z,2025-06-16T23:26:50Z,NA,v3,6101,6096,NA,"Lackey, Vahn",822518,Right,HYA_HAR,9814f890-d69b-4d7a-9015-d92e55a4aa32,55.63751,-122.96628,11.33639,5.60298,0.82392,-11.83019,-0.46455,-0.23535,-3.83889,NA,NA,NA,NA,NA,NA,NA,NA,NA,NA,NA,NA,NA,NA,NA,NA,NA,NA,NA,NA,NA,NA,NA,NA,NA,NA,NA,NA,NA,NA,NA,NA,NA,NA,NA,NA,NA,NA,NA,NA,NA,NA,NA,NA,NA,NA,NA,NA,NA,NA,High,High,High,NA,NA,NA,NA,NA,NA,NA,NA,NA,NA,NA,NA,NA,NA,NA,NA,NA,NA,NA,NA,NA,NA,NA,NA,NA,NA,NA,NA,NA,NA,NA,NA,NA,NA,NA,NA,NA,NA,NA,NA,NA,NA,NA,NA,NA,NA,NA,NA,NA,NA,NA,NA,NA,NA,NA,NA,NA,NA
NA,NA,NA,NA,NA,NA,NA,NA,NA,NA,NA,NA,NA,NA,NA,NA,147,2025-06-16,19:27:13,1,3,"Tomii, Tsubasa",835280,Right,HYA_HAR,"Coates, Colton",813832,Left,BRE_WHI,Undefined,5,Top,0,2,0,Slider,Slider,StrikeCalled,Undefined,Undefined,Undefined,0,0,NA,80.22128,1.467079,-0.417927,2648.063633,88.647384,09:00:00,5.41739,0.64039,4.52403,-44.49058,1.33264,-6.02292,3.10737,-0.25954,73.26075,-6.548511,-1.472286,0.487208,NA,NA,NA,NA,NA,NA,NA,NA,NA,NA,NA,2.80406,0.68354,-0.59069,50,5.52854,1.11722,-116.25228,1.25334,3.82892,22.23996,-31.24067,HYA_HAR,BRE_WHI,CCBLHyannis,Cape Cod Baseball League,CCBL,20250616-CCBLHyannis-2,6efeda30-4b09-11f0-ac99-2d93a97aa58f,77.3642,NA,NA,6.96053,NA,NA,NA,NA,NA,NA,aecf949a-adfb-400b-9c8e-95fb9d4c8878,2025-06-16,23:27:13,2025-06-16T23:27:13Z,2025-06-16T23:27:13Z,NA,v3,6101,6096,NA,"Lackey, Vahn",822518,Right,HYA_HAR,99ea89fe-c204-4963-a221-5a1388d4bcaa,55.97381,-117.38955,11.11998,5.4236,2.85088,-15.62034,-0.64282,0.92142,1.91446,NA,NA,NA,NA,NA,NA,NA,NA,NA,NA,NA,NA,NA,NA,NA,NA,NA,NA,NA,NA,NA,NA,NA,NA,NA,NA,NA,NA,NA,NA,NA,NA,NA,NA,NA,NA,NA,NA,NA,NA,NA,NA,NA,NA,NA,NA,NA,NA,NA,NA,High,High,High,NA,NA,NA,NA,NA,NA,NA,NA,NA,NA,NA,NA,NA,NA,NA,NA,NA,NA,NA,NA,NA,NA,NA,NA,NA,NA,NA,NA,NA,NA,NA,NA,NA,NA,NA,NA,NA,NA,NA,NA,NA,NA,NA,NA,NA,NA,NA,NA,NA,NA,NA,NA,NA,NA,NA,NA,NA,NA
NA,NA,NA,NA,NA,NA,NA,NA,NA,NA,NA,NA,NA,NA,NA,NA,148,2025-06-16,19:27:32,1,4,"Tomii, Tsubasa",835280,Right,HYA_HAR,"Coates, Colton",813832,Left,BRE_WHI,Undefined,5,Top,0,2,1,Slider,Slider,InPlay,Undefined,LineDrive,Single,0,0,NA,79.26469,1.025377,0.332122,2839.922819,77.454456,08:30:00,5.48179,0.61904,4.46962,-46.4279,0.05228,-5.75496,2.59042,0.45608,73.30601,-7.285924,-0.675075,0.490688,91.37236,-0.162713,-18.073717,2394.559334,NA,NA,NA,56.47741,52.92566,-20.628467,0.435523,2.9028,0.11594,-0.64808,50,5.54462,-0.41901,-115.06401,0.27094,3.92704,19.53276,-32.01721,HYA_HAR,BRE_WHI,CCBLHyannis,Cape Cod Baseball League,CCBL,20250616-CCBLHyannis-2,7ab55b60-4b09-11f0-ac99-2d93a97aa58f,76.81551,2.59914,NA,5.95868,NA,NA,NA,1.2111,2.59914,-0.45638,aecf949a-adfb-400b-9c8e-95fb9d4c8878,2025-06-16,23:27:32,2025-06-16T23:27:32Z,2025-06-16T23:27:32Z,GroundBall,v3,6101,6096,NA,"Lackey, Vahn",822518,Right,HYA_HAR,85eb9962-50ac-41eb-a696-e7a573d9a0d3,56.03137,-116.08335,9.76638,5.48689,1.9418,-16.00861,-0.62086,-0.62395,1.96352,100.822281,1.22236,127.05486,-19.57039,NA,NA,NA,NA,NA,NA,2.60132,-0.44705,-12.69934,NA,NA,NA,NA,NA,NA,-0.44738,-41.85394,-6.48533,NA,NA,NA,NA,NA,NA,NA,NA,NA,NA,NA,NA,NA,NA,NA,NA,NA,NA,NA,NA,NA,NA,NA,NA,NA,NA,NA,NA,High,High,High,High,High,NA,NA,NA,NA,NA,NA,NA,NA,NA,NA,NA,NA,NA,NA,NA,NA,NA,NA,NA,NA,NA,NA,NA,NA,NA,NA,NA,NA,NA,NA,NA,NA,NA,NA,NA,NA,NA,NA,NA,NA,NA,NA,NA,NA,NA,NA,NA,NA,NA,NA,NA,NA,NA,NA,NA,NA
NA,NA,NA,NA,NA,NA,NA,NA,NA,NA,NA,NA,NA,NA,NA,NA,149,2025-06-16,19:28:13,2,1,"Tomii, Tsubasa",835280,Right,HYA_HAR,"Magpoc, Adam",822330,Left,BRE_WHI,Undefined,5,Top,0,0,0,Slider,Slider,BallCalled,Undefined,Undefined,Undefined,0,0,NA,80.4253,-0.72962,-0.08818,2766.066146,126.046091,10:15:00,5.42859,0.59728,4.42617,-41.95829,3.12937,-2.56902,1.23593,0.29906,74.76903,-8.219044,-0.537818,0.483282,NA,NA,NA,NA,NA,NA,NA,NA,NA,NA,NA,1.23319,2.05858,-0.58524,50,5.30993,0.29255,-116.77552,-3.12782,1.72406,19.42358,-29.29604,HYA_HAR,BRE_WHI,CCBLHyannis,Cape Cod Baseball League,CCBL,20250616-CCBLHyannis-2,92e6e640-4b09-11f0-ac99-2d93a97aa58f,77.99271,NA,NA,5.65627,NA,NA,NA,NA,NA,NA,aecf949a-adfb-400b-9c8e-95fb9d4c8878,2025-06-16,23:28:13,2025-06-16T23:28:13Z,2025-06-16T23:28:13Z,NA,v3,6101,6096,NA,"Lackey, Vahn",822518,Right,HYA_HAR,7ccc4a70-4327-443d-89fe-f284daad7300,56.0742,-117.78152,9.71179,5.43263,-1.61049,-14.64802,-0.59808,0.20325,0.86203,NA,NA,NA,NA,NA,NA,NA,NA,NA,NA,NA,NA,NA,NA,NA,NA,NA,NA,NA,NA,NA,NA,NA,NA,NA,NA,NA,NA,NA,NA,NA,NA,NA,NA,NA,NA,NA,NA,NA,NA,NA,NA,NA,NA,NA,NA,NA,NA,NA,NA,High,High,High,NA,NA,NA,NA,NA,NA,NA,NA,NA,NA,NA,NA,NA,NA,NA,NA,NA,NA,NA,NA,NA,NA,NA,NA,NA,NA,NA,NA,NA,NA,NA,NA,NA,NA,NA,NA,NA,NA,NA,NA,NA,NA,NA,NA,NA,NA,NA,NA,NA,NA,NA,NA,NA,NA,NA,NA,NA,NA
NA,NA,NA,NA,NA,NA,NA,NA,NA,NA,NA,NA,NA,NA,NA,NA,150,2025-06-16,19:28:32,2,2,"Tomii, Tsubasa",835280,Right,HYA_HAR,"Magpoc, Adam",822330,Left,BRE_WHI,Undefined,5,Top,0,1,0,Slider,Slider,BallCalled,Undefined,Undefined,Undefined,0,0,NA,78.43023,1.841568,0.812632,2738.565262,88.280155,09:00:00,5.41948,0.49067,4.50396,-46.57577,1.24327,-8.16115,3.29342,0.58482,71.84965,-6.538126,-0.615314,0.497705,NA,NA,NA,NA,NA,NA,NA,NA,NA,NA,NA,4.18567,0.55035,-0.56752,50,5.56804,-1.25675,-113.68328,1.88613,5.48651,20.52695,-31.45267,HYA_HAR,BRE_WHI,CCBLHyannis,Cape Cod Baseball League,CCBL,20250616-CCBLHyannis-2,9e424f20-4b09-11f0-ac99-2d93a97aa58f,75.73253,NA,NA,6.58058,NA,NA,NA,NA,NA,NA,aecf949a-adfb-400b-9c8e-95fb9d4c8878,2025-06-16,23:28:32,2025-06-16T23:28:32Z,2025-06-16T23:28:32Z,NA,v3,6101,6096,NA,"Lackey, Vahn",822518,Right,HYA_HAR,b1e6c152-7eb3-4b41-ade0-bfde662b2760,55.9948,-114.76062,10.26348,5.42573,3.53689,-15.72633,-0.494,-1.5447,2.74325,NA,NA,NA,NA,NA,NA,NA,NA,NA,NA,NA,NA,NA,NA,NA,NA,NA,NA,NA,NA,NA,NA,NA,NA,NA,NA,NA,NA,NA,NA,NA,NA,NA,NA,NA,NA,NA,NA,NA,NA,NA,NA,NA,NA,NA,NA,NA,NA,NA,NA,High,High,High,NA,NA,NA,NA,NA,NA,NA,NA,NA,NA,NA,NA,NA,NA,NA,NA,NA,NA,NA,NA,NA,NA,NA,NA,NA,NA,NA,NA,NA,NA,NA,NA,NA,NA,NA,NA,NA,NA,NA,NA,NA,NA,NA,NA,NA,NA,NA,NA,NA,NA,NA,NA,NA,NA,NA,NA,NA,NA
NA,NA,NA,NA,NA,NA,NA,NA,NA,NA,NA,NA,NA,NA,NA,NA,151,2025-06-16,19:28:51,2,3,"Tomii, Tsubasa",835280,Right,HYA_HAR,"Magpoc, Adam",822330,Left,BRE_WHI,Undefined,5,Top,0,2,0,Slider,Slider,StrikeCalled,Undefined,Undefined,Undefined,0,0,NA,79.80304,0.371463,-0.206478,2727.952716,101.020727,09:15:00,5.37407,0.516,4.46098,-43.99892,2.38492,-4.55559,2.06168,-0.06051,73.04602,-7.537225,-1.003787,0.490179,NA,NA,NA,NA,NA,NA,NA,NA,NA,NA,NA,2.15882,1.48075,-0.4895,50,5.37079,0.61823,-115.67803,-0.94797,2.91832,22.05273,-30.17235,HYA_HAR,BRE_WHI,CCBLHyannis,Cape Cod Baseball League,CCBL,20250616-CCBLHyannis-2,aa077650-4b09-11f0-ac99-2d93a97aa58f,76.89524,NA,NA,6.75702,NA,NA,NA,NA,NA,NA,aecf949a-adfb-400b-9c8e-95fb9d4c8878,2025-06-16,23:28:51,2025-06-16T23:28:51Z,2025-06-16T23:28:51Z,NA,v3,6101,6096,NA,"Lackey, Vahn",822518,Right,HYA_HAR,75127dd0-4873-4a71-a76a-6dc707d1656a,56.03738,-116.82332,11.02637,5.37933,0.61901,-15.08618,-0.51767,0.46667,1.45916,NA,NA,NA,NA,NA,NA,NA,NA,NA,NA,NA,NA,NA,NA,NA,NA,NA,NA,NA,NA,NA,NA,NA,NA,NA,NA,NA,NA,NA,NA,NA,NA,NA,NA,NA,NA,NA,NA,NA,NA,NA,NA,NA,NA,NA,NA,NA,NA,NA,NA,High,High,High,NA,NA,NA,NA,NA,NA,NA,NA,NA,NA,NA,NA,NA,NA,NA,NA,NA,NA,NA,NA,NA,NA,NA,NA,NA,NA,NA,NA,NA,NA,NA,NA,NA,NA,NA,NA,NA,NA,NA,NA,NA,NA,NA,NA,NA,NA,NA,NA,NA,NA,NA,NA,NA,NA,NA,NA,NA,NA
NA,NA,NA,NA,NA,NA,NA,NA,NA,NA,NA,NA,NA,NA,NA,NA,152,2025-06-16,19:29:11,2,4,"Tomii, Tsubasa",835280,Right,HYA_HAR,"Magpoc, Adam",822330,Left,BRE_WHI,Undefined,5,Top,0,2,1,Slider,Slider,StrikeCalled,Undefined,Undefined,Undefined,0,0,NA,79.3162,0.45447,0.29218,2750.59627,100.221354,09:15:00,5.38182,0.50656,4.37058,-44.16365,2.74473,-7.16532,2.13557,0.1885,72.89546,-7.462451,-0.959693,0.492943,NA,NA,NA,NA,NA,NA,NA,NA,NA,NA,NA,3.55299,1.63217,-0.53025,50,5.38662,-0.26903,-115.01695,-0.80199,4.77064,20.86409,-29.98252,HYA_HAR,BRE_WHI,CCBLHyannis,Cape Cod Baseball League,CCBL,20250616-CCBLHyannis-2,b5744450-4b09-11f0-ac99-2d93a97aa58f,76.46413,NA,NA,6.42074,NA,NA,NA,NA,NA,NA,aecf949a-adfb-400b-9c8e-95fb9d4c8878,2025-06-16,23:29:11,2025-06-16T23:29:11Z,2025-06-16T23:29:11Z,NA,v3,6101,6096,NA,"Lackey, Vahn",822518,Right,HYA_HAR,58710c38-62cd-4baa-8da6-748f39bd9f36,56.12823,-116.12329,10.43204,5.38699,0.78787,-14.99126,-0.50928,-0.52199,2.38532,NA,NA,NA,NA,NA,NA,NA,NA,NA,NA,NA,NA,NA,NA,NA,NA,NA,NA,NA,NA,NA,NA,NA,NA,NA,NA,NA,NA,NA,NA,NA,NA,NA,NA,NA,NA,NA,NA,NA,NA,NA,NA,NA,NA,NA,NA,NA,NA,NA,NA,High,High,High,NA,NA,NA,NA,NA,NA,NA,NA,NA,NA,NA,NA,NA,NA,NA,NA,NA,NA,NA,NA,NA,NA,NA,NA,NA,NA,NA,NA,NA,NA,NA,NA,NA,NA,NA,NA,NA,NA,NA,NA,NA,NA,NA,NA,NA,NA,NA,NA,NA,NA,NA,NA,NA,NA,NA,NA,NA,NA
NA,NA,NA,NA,NA,NA,NA,NA,NA,NA,NA,NA,NA,NA,NA,NA,153,2025-06-16,19:29:32,2,5,"Tomii, Tsubasa",835280,Right,HYA_HAR,"Magpoc, Adam",822330,Left,BRE_WHI,Undefined,5,Top,0,2,2,Slider,Slider,InPlay,Undefined,GroundBall,Out,1,0,NA,79.1734,0.171563,0.750665,2857.737117,90.707568,09:00:00,5.38616,0.49932,4.36281,-45.41223,1.50284,-8.52835,1.76569,0.50568,73.10628,-7.944528,-0.739714,0.492978,74.43718,-14.181215,20.400361,NA,NA,NA,NA,8.481,8.41639,13.346707,0.066841,4.36547,1.03941,-0.57067,50,5.359,-1.13518,-114.88004,-1.41537,5.86745,20.13696,-30.77703,HYA_HAR,BRE_WHI,CCBLHyannis,Cape Cod Baseball League,CCBL,20250616-CCBLHyannis-2,c1ff5390-4b09-11f0-ac99-2d93a97aa58f,76.45867,1.79166,NA,6.06711,NA,NA,NA,1.60631,1.79166,-0.51376,aecf949a-adfb-400b-9c8e-95fb9d4c8878,2025-06-16,23:29:32,2025-06-16T23:29:32Z,2025-06-16T23:29:32Z,GroundBall,v3,6101,6096,NA,"Lackey, Vahn",822518,Right,HYA_HAR,1bd7bb52-b1db-4aba-97fd-3c544c619773,56.13794,-115.95095,10.06848,5.39075,0.22139,-15.38852,-0.502,-1.44722,2.93373,180,1.60399,99.42404,NA,NA,NA,NA,NA,NA,NA,1.79228,-26.80466,NA,NA,NA,NA,NA,NA,NA,-0.51462,36.97618,NA,NA,NA,NA,NA,NA,NA,NA,NA,NA,NA,NA,NA,NA,NA,NA,NA,NA,NA,NA,NA,NA,NA,NA,NA,NA,NA,NA,NA,High,High,High,High,High,NA,NA,NA,NA,NA,NA,NA,NA,NA,NA,NA,NA,NA,NA,NA,NA,NA,NA,NA,NA,NA,NA,NA,NA,NA,NA,NA,NA,NA,NA,NA,NA,NA,NA,NA,NA,NA,NA,NA,NA,NA,NA,NA,NA,NA,NA,NA,NA,NA,NA,NA,NA,NA,NA,NA,NA
NA,NA,NA,NA,NA,NA,NA,NA,NA,NA,NA,NA,NA,NA,NA,NA,154,2025-06-16,19:30:16,3,1,"Tomii, Tsubasa",835280,Right,HYA_HAR,"Ragsdale, Josiah",828824,Left,BRE_WHI,Undefined,5,Top,1,0,0,Slider,Slider,StrikeCalled,Undefined,Undefined,Undefined,0,0,NA,79.49904,0.886689,1.010284,2874.713642,97.640168,09:15:00,5.40859,0.4531,4.41821,-44.47955,2.40484,-6.49689,2.54824,0.8758,72.5944,-7.113174,-0.125356,0.492817,NA,NA,NA,NA,NA,NA,NA,NA,NA,NA,NA,3.44512,1.34953,-0.55365,50,5.45935,-1.74311,-115.18645,0.06481,4.61308,22.06411,-30.367,HYA_HAR,BRE_WHI,CCBLHyannis,Cape Cod Baseball League,CCBL,20250616-CCBLHyannis-2,dc612bf0-4b09-11f0-ac99-2d93a97aa58f,76.48369,NA,NA,6.90464,NA,NA,NA,NA,NA,NA,aecf949a-adfb-400b-9c8e-95fb9d4c8878,2025-06-16,23:30:16,2025-06-16T23:30:16Z,2025-06-16T23:30:16Z,NA,v3,6101,6096,NA,"Lackey, Vahn",822518,Right,HYA_HAR,7f9fafb2-58b8-4625-b1d9-5badaada7f84,56.07998,-116.34525,11.03206,5.41407,1.65967,-15.1835,-0.45573,-1.98538,2.30654,NA,NA,NA,NA,NA,NA,NA,NA,NA,NA,NA,NA,NA,NA,NA,NA,NA,NA,NA,NA,NA,NA,NA,NA,NA,NA,NA,NA,NA,NA,NA,NA,NA,NA,NA,NA,NA,NA,NA,NA,NA,NA,NA,NA,NA,NA,NA,NA,NA,NA,High,High,High,NA,NA,NA,NA,NA,NA,NA,NA,NA,NA,NA,NA,NA,NA,NA,NA,NA,NA,NA,NA,NA,NA,NA,NA,NA,NA,NA,NA,NA,NA,NA,NA,NA,NA,NA,NA,NA,NA,NA,NA,NA,NA,NA,NA,NA,NA,NA,NA,NA,NA,NA,NA,NA,NA,NA,NA,NA,NA
NA,NA,NA,NA,NA,NA,NA,NA,NA,NA,NA,NA,NA,NA,NA,NA,155,2025-06-16,19:31:13,3,2,"Tomii, Tsubasa",835280,Right,HYA_HAR,"Ragsdale, Josiah",828824,Left,BRE_WHI,Undefined,5,Top,1,0,1,Fastball,Changeup,BallCalled,Undefined,Undefined,Undefined,0,0,NA,83.15316,0.203395,0.871191,2264.738465,229.257273,01:45:00,5.57522,0.45121,4.80857,-30.37789,11.85851,12.16879,3.23645,2.29069,75.80892,-5.357874,3.011041,0.467751,NA,NA,NA,NA,NA,NA,NA,NA,NA,NA,NA,-5.73614,6.18,-0.54899,50,5.56975,-2.37681,-120.54803,-0.68395,-8.40917,24.25194,-23.1142,HYA_HAR,BRE_WHI,CCBLHyannis,Cape Cod Baseball League,CCBL,20250616-CCBLHyannis-2,fe4ea080-4b09-11f0-ac99-2d93a97aa58f,80.58225,NA,NA,7.34423,NA,NA,NA,NA,NA,NA,aecf949a-adfb-400b-9c8e-95fb9d4c8878,2025-06-16,23:31:13,2025-06-16T23:31:13Z,2025-06-16T23:31:13Z,NA,v3,6101,6096,NA,"Lackey, Vahn",822518,Right,HYA_HAR,b8e9f890-cc1f-4684-8750-8f588ac1e523,55.68873,-121.68711,12.12597,5.57638,0.40169,-11.5571,-0.44663,-1.98184,-4.20459,NA,NA,NA,NA,NA,NA,NA,NA,NA,NA,NA,NA,NA,NA,NA,NA,NA,NA,NA,NA,NA,NA,NA,NA,NA,NA,NA,NA,NA,NA,NA,NA,NA,NA,NA,NA,NA,NA,NA,NA,NA,NA,NA,NA,NA,NA,NA,NA,NA,NA,High,High,High,NA,NA,NA,NA,NA,NA,NA,NA,NA,NA,NA,NA,NA,NA,NA,NA,NA,NA,NA,NA,NA,NA,NA,NA,NA,NA,NA,NA,NA,NA,NA,NA,NA,NA,NA,NA,NA,NA,NA,NA,NA,NA,NA,NA,NA,NA,NA,NA,NA,NA,NA,NA,NA,NA,NA,NA,NA,NA
NA,NA,NA,NA,NA,NA,NA,NA,NA,NA,NA,NA,NA,NA,NA,NA,156,2025-06-16,19:31:35,3,3,"Tomii, Tsubasa",835280,Right,HYA_HAR,"Ragsdale, Josiah",828824,Left,BRE_WHI,Undefined,5,Top,1,1,1,Slider,Slider,BallCalled,Undefined,Undefined,Undefined,0,0,NA,79.00227,-0.92737,-0.550989,2806.567996,82.76488,08:45:00,5.40971,0.47855,4.43732,-45.94038,0.61244,-4.94866,0.69664,-0.45943,73.86779,-9.092592,-1.417674,0.491071,NA,NA,NA,NA,NA,NA,NA,NA,NA,NA,NA,2.30862,0.81087,-0.41501,50,5.2661,1.31279,-114.77346,-3.62283,3.12723,18.15429,-31.07565,HYA_HAR,BRE_WHI,CCBLHyannis,Cape Cod Baseball League,CCBL,20250616-CCBLHyannis-2,0b45b800-4b0a-11f0-ac99-2d93a97aa58f,76.75557,NA,NA,5.13447,NA,NA,NA,NA,NA,NA,aecf949a-adfb-400b-9c8e-95fb9d4c8878,2025-06-16,23:31:35,2025-06-16T23:31:35Z,2025-06-16T23:31:35Z,NA,v3,6101,6096,NA,"Lackey, Vahn",822518,Right,HYA_HAR,4a3a278b-7466-47be-bbdd-236327ce7020,56.06492,-115.7288,9.07715,5.41372,-1.98752,-15.53782,-0.47976,1.14822,1.56362,NA,NA,NA,NA,NA,NA,NA,NA,NA,NA,NA,NA,NA,NA,NA,NA,NA,NA,NA,NA,NA,NA,NA,NA,NA,NA,NA,NA,NA,NA,NA,NA,NA,NA,NA,NA,NA,NA,NA,NA,NA,NA,NA,NA,NA,NA,NA,NA,NA,NA,High,High,High,NA,NA,NA,NA,NA,NA,NA,NA,NA,NA,NA,NA,NA,NA,NA,NA,NA,NA,NA,NA,NA,NA,NA,NA,NA,NA,NA,NA,NA,NA,NA,NA,NA,NA,NA,NA,NA,NA,NA,NA,NA,NA,NA,NA,NA,NA,NA,NA,NA,NA,NA,NA,NA,NA,NA,NA,NA,NA
NA,NA,NA,NA,NA,NA,NA,NA,NA,NA,NA,NA,NA,NA,NA,NA,157,2025-06-16,19:31:55,3,4,"Tomii, Tsubasa",835280,Right,HYA_HAR,"Ragsdale, Josiah",828824,Left,BRE_WHI,Undefined,5,Top,1,2,1,Slider,Slider,StrikeCalled,Undefined,Undefined,Undefined,0,0,NA,78.82548,0.943237,0.188038,2772.862089,110.930448,09:45:00,5.43011,0.42282,4.38457,-43.66101,2.99185,-4.71862,2.69237,0.20914,73.60656,-6.849077,-0.63625,0.491598,NA,NA,NA,NA,NA,NA,NA,NA,NA,NA,NA,2.33614,1.60528,-0.43794,50,5.48733,-0.17123,-114.54457,0.19629,3.16833,17.0292,-29.9969,HYA_HAR,BRE_WHI,CCBLHyannis,Cape Cod Baseball League,CCBL,20250616-CCBLHyannis-2,174ca320-4b0a-11f0-ac99-2d93a97aa58f,76.67323,NA,NA,5.21892,NA,NA,NA,NA,NA,NA,aecf949a-adfb-400b-9c8e-95fb9d4c8878,2025-06-16,23:31:55,2025-06-16T23:31:55Z,2025-06-16T23:31:55Z,NA,v3,6101,6096,NA,"Lackey, Vahn",822518,Right,HYA_HAR,3a86fb6f-68ee-42e8-955e-263a166dbb1e,56.11635,-115.4503,8.5146,5.43446,1.79174,-14.99845,-0.42435,-0.33974,1.58417,NA,NA,NA,NA,NA,NA,NA,NA,NA,NA,NA,NA,NA,NA,NA,NA,NA,NA,NA,NA,NA,NA,NA,NA,NA,NA,NA,NA,NA,NA,NA,NA,NA,NA,NA,NA,NA,NA,NA,NA,NA,NA,NA,NA,NA,NA,NA,NA,NA,NA,High,High,High,NA,NA,NA,NA,NA,NA,NA,NA,NA,NA,NA,NA,NA,NA,NA,NA,NA,NA,NA,NA,NA,NA,NA,NA,NA,NA,NA,NA,NA,NA,NA,NA,NA,NA,NA,NA,NA,NA,NA,NA,NA,NA,NA,NA,NA,NA,NA,NA,NA,NA,NA,NA,NA,NA,NA,NA,NA,NA
NA,NA,NA,NA,NA,NA,NA,NA,NA,NA,NA,NA,NA,NA,NA,NA,158,2025-06-16,19:32:19,3,5,"Tomii, Tsubasa",835280,Right,HYA_HAR,"Ragsdale, Josiah",828824,Left,BRE_WHI,Undefined,5,Top,1,2,2,Slider,Curveball,InPlay,Undefined,GroundBall,Error,0,0,NA,78.6403,1.240969,0.776641,2839.413407,60.029746,08:00:00,5.38503,0.37182,4.40207,-50.0855,-2.27882,-6.57555,2.39602,0.56519,72.0886,-7.726608,-0.372834,0.49764,60.56331,-23.869883,-14.96219,NA,NA,NA,NA,4.92388,4.92388,-21.740692,0.06028,3.41024,-1.02256,-0.44764,50,5.46768,-1.2571,-113.99734,0.52527,4.48438,21.09671,-33.51866,HYA_HAR,BRE_WHI,CCBLHyannis,Cape Cod Baseball League,CCBL,20250616-CCBLHyannis-2,25af0a70-4b0a-11f0-ac99-2d93a97aa58f,75.74231,2.17583,NA,6.55169,NA,NA,NA,-0.17667,2.17583,-0.55435,aecf949a-adfb-400b-9c8e-95fb9d4c8878,2025-06-16,23:32:19,2025-06-16T23:32:19Z,2025-06-16T23:32:19Z,GroundBall,v3,6101,6096,NA,"Lackey, Vahn",822518,Right,HYA_HAR,f72bfbb6-177b-4bc1-ac3c-ed9973d4106f,56.09755,-115.12025,10.54835,5.39224,2.30935,-16.75933,-0.37437,-1.49579,2.24219,NA,-0.17986,78.8041,NA,NA,NA,NA,NA,NA,NA,2.17729,-36.09539,NA,NA,NA,NA,NA,NA,NA,-0.5535,-21.05977,NA,NA,NA,NA,NA,NA,NA,NA,NA,NA,NA,NA,NA,NA,NA,NA,NA,NA,NA,NA,NA,NA,NA,NA,NA,NA,NA,NA,NA,High,High,High,Estimated,Estimated,NA,NA,NA,NA,NA,NA,NA,NA,NA,NA,NA,NA,NA,NA,NA,NA,NA,NA,NA,NA,NA,NA,NA,NA,NA,NA,NA,NA,NA,NA,NA,NA,NA,NA,NA,NA,NA,NA,NA,NA,NA,NA,NA,NA,NA,NA,NA,NA,NA,NA,NA,NA,NA,NA,NA,NA
NA,NA,NA,NA,NA,NA,NA,NA,NA,NA,NA,NA,NA,NA,NA,NA,159,2025-06-16,19:33:09,4,1,"Tomii, Tsubasa",835280,Right,HYA_HAR,"Wentz, Dalton",807275,Left,BRE_WHI,Undefined,5,Top,1,0,0,Slider,Slider,StrikeCalled,Undefined,Undefined,Undefined,0,0,NA,78.78199,1.567116,-0.316492,2773.298233,81.058307,08:45:00,5.46199,0.47167,4.42928,-46.92329,0.30579,-6.81634,3.04715,-0.39829,72.66048,-6.838336,-1.50776,0.494625,NA,NA,NA,NA,NA,NA,NA,NA,NA,NA,NA,3.22264,0.17335,-0.43103,50,5.58226,0.93066,-114.29168,1.31159,4.29538,19.55101,-31.94302,HYA_HAR,BRE_WHI,CCBLHyannis,Cape Cod Baseball League,CCBL,20250616-CCBLHyannis-2,4318cba0-4b0a-11f0-ac99-2d93a97aa58f,76.20408,NA,NA,6.12151,NA,NA,NA,NA,NA,NA,aecf949a-adfb-400b-9c8e-95fb9d4c8878,2025-06-16,23:33:09,2025-06-16T23:33:09Z,2025-06-16T23:33:09Z,NA,v3,6101,6096,NA,"Lackey, Vahn",822518,Right,HYA_HAR,7c6834e6-dde3-4e7a-8ab7-2d18f1bfbfc4,56.07032,-115.32541,9.77551,5.46826,3.00053,-15.97151,-0.47424,0.70355,2.14769,NA,NA,NA,NA,NA,NA,NA,NA,NA,NA,NA,NA,NA,NA,NA,NA,NA,NA,NA,NA,NA,NA,NA,NA,NA,NA,NA,NA,NA,NA,NA,NA,NA,NA,NA,NA,NA,NA,NA,NA,NA,NA,NA,NA,NA,NA,NA,NA,NA,NA,High,High,High,NA,NA,NA,NA,NA,NA,NA,NA,NA,NA,NA,NA,NA,NA,NA,NA,NA,NA,NA,NA,NA,NA,NA,NA,NA,NA,NA,NA,NA,NA,NA,NA,NA,NA,NA,NA,NA,NA,NA,NA,NA,NA,NA,NA,NA,NA,NA,NA,NA,NA,NA,NA,NA,NA,NA,NA,NA,NA
NA,NA,NA,NA,NA,NA,NA,NA,NA,NA,NA,NA,NA,NA,NA,NA,160,2025-06-16,19:33:30,4,2,"Tomii, Tsubasa",835280,Right,HYA_HAR,"Wentz, Dalton",807275,Left,BRE_WHI,Undefined,5,Top,1,0,1,Splitter,Changeup,InPlay,Undefined,LineDrive,Double,0,2,NA,76.52199,0.346976,-2.353901,1283.447744,265.31905,02:45:00,5.37099,0.47873,4.95222,-46.76632,2.01225,8.37831,1.80193,-1.04848,71.26706,-8.076192,-0.875567,0.502674,89.62592,1.655798,38.717603,4201.937078,NA,NA,NA,59.55185,55.81063,41.310361,0.461643,-4.7487,1.25685,-0.2578,50,5.36554,4.24206,-111.15263,-0.95434,-6.02657,17.23141,-30.57896,HYA_HAR,BRE_WHI,CCBLHyannis,Cape Cod Baseball League,CCBL,20250616-CCBLHyannis-2,5010a670-4b0a-11f0-ac99-2d93a97aa58f,74.98392,2.33228,NA,5.25493,NA,NA,NA,2.37147,2.14317,1.15669,aecf949a-adfb-400b-9c8e-95fb9d4c8878,2025-06-16,23:33:30,2025-06-16T23:33:30Z,2025-06-16T23:33:30Z,GroundBall,v3,6101,6096,NA,"Lackey, Vahn",822518,Right,HYA_HAR,f02f0909-8628-4ea1-a6c1-88e2a2493cec,55.54966,-112.00966,8.61571,5.37518,0.56655,-15.28948,-0.47624,4.54181,-3.01329,NA,2.38803,102.04063,-22.42034,NA,NA,NA,NA,NA,NA,2.15179,3.54812,-17.82138,NA,NA,NA,NA,NA,NA,1.14702,82.46937,0.48334,NA,NA,NA,NA,NA,NA,NA,NA,NA,NA,NA,NA,NA,NA,NA,NA,NA,NA,NA,NA,NA,NA,NA,NA,NA,NA,NA,NA,High,High,High,High,High,NA,NA,NA,NA,NA,NA,NA,NA,NA,NA,NA,NA,NA,NA,NA,NA,NA,NA,NA,NA,NA,NA,NA,NA,NA,NA,NA,NA,NA,NA,NA,NA,NA,NA,NA,NA,NA,NA,NA,NA,NA,NA,NA,NA,NA,NA,NA,NA,NA,NA,NA,NA,NA,NA,NA,NA
NA,NA,NA,NA,NA,NA,NA,NA,NA,NA,NA,NA,NA,NA,NA,NA,161,2025-06-16,19:34:27,5,1,"Tomii, Tsubasa",835280,Right,HYA_HAR,"Cuvet, Daniel",804562,Right,BRE_WHI,Undefined,5,Top,1,0,0,Slider,Slider,StrikeCalled,Undefined,Undefined,Undefined,0,0,NA,79.24233,1.363039,0.064086,2784.511381,114.584497,09:45:00,5.39753,0.36829,4.58668,-42.35868,4.00835,-5.81693,3.16449,-0.05549,73.0723,-6.266573,-0.955356,0.49009,NA,NA,NA,NA,NA,NA,NA,NA,NA,NA,NA,2.85642,2.01768,-0.36917,50,5.49899,0.1233,-114.9931,1.13882,3.85732,19.625610000000002,-29.44936,HYA_HAR,BRE_WHI,CCBLHyannis,Cape Cod Baseball League,CCBL,20250616-CCBLHyannis-2,71e8e550-4b0a-11f0-ac99-2d93a97aa58f,76.90916,NA,NA,6.17002,NA,NA,NA,NA,NA,NA,aecf949a-adfb-400b-9c8e-95fb9d4c8878,2025-06-16,23:34:27,2025-06-16T23:34:27Z,2025-06-16T23:34:27Z,NA,v3,6101,6096,NA,"Lackey, Vahn",822518,Right,HYA_HAR,921f434d-0e1b-408f-be6a-acaf98c99a28,55.91249,-115.99778,9.8128,5.4021,2.6464,-14.72468,-0.37043,-0.07417,1.92866,NA,NA,NA,NA,NA,NA,NA,NA,NA,NA,NA,NA,NA,NA,NA,NA,NA,NA,NA,NA,NA,NA,NA,NA,NA,NA,NA,NA,NA,NA,NA,NA,NA,NA,NA,NA,NA,NA,NA,NA,NA,NA,NA,NA,NA,NA,NA,NA,NA,NA,High,High,High,NA,NA,NA,NA,NA,NA,NA,NA,NA,NA,NA,NA,NA,NA,NA,NA,NA,NA,NA,NA,NA,NA,NA,NA,NA,NA,NA,NA,NA,NA,NA,NA,NA,NA,NA,NA,NA,NA,NA,NA,NA,NA,NA,NA,NA,NA,NA,NA,NA,NA,NA,NA,NA,NA,NA,NA,NA,NA
NA,NA,NA,NA,NA,NA,NA,NA,NA,NA,NA,NA,NA,NA,NA,NA,162,2025-06-16,19:34:51,5,2,"Tomii, Tsubasa",835280,Right,HYA_HAR,"Cuvet, Daniel",804562,Right,BRE_WHI,Undefined,5,Top,1,0,1,Curveball,Curveball,FoulBallNotFieldable,Undefined,Undefined,Undefined,0,0,NA,75.54668,1.997938,0.229869,3006.011419,50.962922,07:45:00,5.42669,0.22493,4.39008,-63.66685,-11.0656,-15.95851,2.02932,-0.88549,68.533,-9.381128,-2.561499,0.521999,61.08339,20.287439,160.309776,4227.230603,NA,NA,NA,108.61716,36.5568,158.484149,1.501908,7.85721,-5.58347,-0.23238,50,5.57632,0.23229,-109.35806,1.41738,9.3529,22.35041,-38.82036,HYA_HAR,BRE_WHI,CCBLHyannis,Cape Cod Baseball League,CCBL,20250616-CCBLHyannis-2,80123b40-4b0a-11f0-ac99-2d93a97aa58f,72.20793,12.50613,NA,7.01369,NA,NA,NA,2.71065,2.15466,0.87897,aecf949a-adfb-400b-9c8e-95fb9d4c8878,2025-06-16,23:34:51,2025-06-16T23:34:51Z,2025-06-16T23:34:51Z,LineDrive,v3,6101,6096,NA,"Lackey, Vahn",822518,Right,HYA_HAR,ed26b664-cbf5-4d61-abfe-0794b7d21bee,56.11139,-110.60004,11.1752,5.43762,3.57457,-19.41018,-0.23085,-0.28744,4.67645,NA,2.69509,-78.94846,6.57645,NA,NA,NA,NA,NA,NA,2.43439,28.4601,-20.13695,NA,NA,NA,NA,NA,NA,0.8554,28.5271,-1.70291,NA,NA,NA,NA,NA,NA,NA,NA,NA,NA,NA,NA,NA,NA,NA,NA,NA,NA,NA,NA,NA,NA,NA,NA,NA,NA,NA,NA,High,High,High,High,Medium,NA,NA,NA,NA,NA,NA,NA,NA,NA,NA,NA,NA,NA,NA,NA,NA,NA,NA,NA,NA,NA,NA,NA,NA,NA,NA,NA,NA,NA,NA,NA,NA,NA,NA,NA,NA,NA,NA,NA,NA,NA,NA,NA,NA,NA,NA,NA,NA,NA,NA,NA,NA,NA,NA,NA,NA
NA,NA,NA,NA,NA,NA,NA,NA,NA,NA,NA,NA,NA,NA,NA,NA,163,2025-06-16,19:35:15,5,3,"Tomii, Tsubasa",835280,Right,HYA_HAR,"Cuvet, Daniel",804562,Right,BRE_WHI,Undefined,5,Top,1,0,2,Slider,Slider,StrikeSwinging,Strikeout,Undefined,Undefined,0,0,NA,79.39707,0.713094,-0.509286,2797.987314,66.446198,08:15:00,5.4356,0.36424,4.48444,-48.34467,-1.43083,-6.79953,2.08656,-0.68778,72.60499,-7.961363,-1.700005,0.492972,NA,NA,NA,NA,NA,NA,NA,NA,NA,NA,NA,3.17666,-0.50461,-0.30369,50,5.46391,1.31916,-115.08263,-0.43184,4.2393,22.33459,-32.84745,HYA_HAR,BRE_WHI,CCBLHyannis,Cape Cod Baseball League,CCBL,20250616-CCBLHyannis-2,8ed8e2a0-4b0a-11f0-ac99-2d93a97aa58f,76.45967,NA,NA,6.79208,NA,NA,NA,NA,NA,NA,aecf949a-adfb-400b-9c8e-95fb9d4c8878,2025-06-16,23:35:15,2025-06-16T23:35:15Z,2025-06-16T23:35:15Z,NA,v3,6101,6096,NA,"Lackey, Vahn",822518,Right,HYA_HAR,3e3a3baa-f768-4f91-913a-5f4becf47271,56.01509,-116.24414,11.1673,5.44195,1.27639,-16.42372,-0.36656,1.09869,2.11965,NA,NA,NA,NA,NA,NA,NA,NA,NA,NA,NA,NA,NA,NA,NA,NA,NA,NA,NA,NA,NA,NA,NA,NA,NA,NA,NA,NA,NA,NA,NA,NA,NA,NA,NA,NA,NA,NA,NA,NA,NA,NA,NA,NA,NA,NA,NA,NA,NA,NA,High,High,High,NA,NA,NA,NA,NA,NA,NA,NA,NA,NA,NA,NA,NA,NA,NA,NA,NA,NA,NA,NA,NA,NA,NA,NA,NA,NA,NA,NA,NA,NA,NA,NA,NA,NA,NA,NA,NA,NA,NA,NA,NA,NA,NA,NA,NA,NA,NA,NA,NA,NA,NA,NA,NA,NA,NA,NA,NA,NA
NA,NA,NA,NA,NA,NA,NA,NA,NA,NA,NA,NA,NA,NA,NA,NA,164,2025-06-16,19:35:54,6,1,"Tomii, Tsubasa",835280,Right,HYA_HAR,"Tinney, Carson",806245,Right,BRE_WHI,Undefined,5,Top,2,0,0,Fastball,Slider,StrikeCalled,Undefined,Undefined,Undefined,0,0,NA,82.5328,-0.688221,-1.877209,2200.674904,185.912429,12:15:00,5.62292,0.10466,4.75738,-27.88753,15.32091,1.4313,2.64595,-1.55682,74.85553,-5.821206,-1.625809,0.473103,NA,NA,NA,NA,NA,NA,NA,NA,NA,NA,NA,-1.26524,8.16016,0.08244,50,5.53016,3.8513,-119.47867,-2.42741,-1.81422,24.7469,-20.47322,HYA_HAR,BRE_WHI,CCBLHyannis,Cape Cod Baseball League,CCBL,20250616-CCBLHyannis-2,a5f728c0-4b0a-11f0-ac99-2d93a97aa58f,79.67066,NA,NA,7.67728,NA,NA,NA,NA,NA,NA,aecf949a-adfb-400b-9c8e-95fb9d4c8878,2025-06-16,23:35:54,2025-06-16T23:35:54Z,2025-06-16T23:35:54Z,NA,v3,6101,6096,NA,"Lackey, Vahn",822518,Right,HYA_HAR,6e8e6081-af61-4c12-92e9-8bb9bf16736d,55.73752,-120.66119,12.37345,5.62278,-1.4491,-10.23661,-0.10366,3.93799,-0.90711,NA,NA,NA,NA,NA,NA,NA,NA,NA,NA,NA,NA,NA,NA,NA,NA,NA,NA,NA,NA,NA,NA,NA,NA,NA,NA,NA,NA,NA,NA,NA,NA,NA,NA,NA,NA,NA,NA,NA,NA,NA,NA,NA,NA,NA,NA,NA,NA,NA,NA,High,High,High,NA,NA,NA,NA,NA,NA,NA,NA,NA,NA,NA,NA,NA,NA,NA,NA,NA,NA,NA,NA,NA,NA,NA,NA,NA,NA,NA,NA,NA,NA,NA,NA,NA,NA,NA,NA,NA,NA,NA,NA,NA,NA,NA,NA,NA,NA,NA,NA,NA,NA,NA,NA,NA,NA,NA,NA,NA,NA
NA,NA,NA,NA,NA,NA,NA,NA,NA,NA,NA,NA,NA,NA,NA,NA,165,2025-06-16,19:36:14,6,2,"Tomii, Tsubasa",835280,Right,HYA_HAR,"Tinney, Carson",806245,Right,BRE_WHI,Undefined,5,Top,2,0,1,Slider,Curveball,BallCalled,Undefined,Undefined,Undefined,0,0,NA,78.32972,-0.172996,-0.807411,2725.108246,70.478469,08:15:00,5.4481,0.24205,4.42017,-49.1457,-1.10205,-7.29142,1.18755,-1.13602,72.22419,-8.944785,-2.08355,0.498872,NA,NA,NA,NA,NA,NA,NA,NA,NA,NA,NA,3.35831,-0.14252,-0.14858,50,5.38116,1.91105,-113.61551,-2.21923,4.39278,20.67922,-32.36048,HYA_HAR,BRE_WHI,CCBLHyannis,Cape Cod Baseball League,CCBL,20250616-CCBLHyannis-2,b1e47160-4b0a-11f0-ac99-2d93a97aa58f,75.55529,NA,NA,6.10553,NA,NA,NA,NA,NA,NA,aecf949a-adfb-400b-9c8e-95fb9d4c8878,2025-06-16,23:36:14,2025-06-16T23:36:14Z,2025-06-16T23:36:14Z,NA,v3,6101,6096,NA,"Lackey, Vahn",822518,Right,HYA_HAR,57a29f60-9af3-4466-8c31-f2e3aa7a354d,56.0808,-114.71694,10.33961,5.45346,-0.49562,-16.18024,-0.24414,1.67708,2.19639,NA,NA,NA,NA,NA,NA,NA,NA,NA,NA,NA,NA,NA,NA,NA,NA,NA,NA,NA,NA,NA,NA,NA,NA,NA,NA,NA,NA,NA,NA,NA,NA,NA,NA,NA,NA,NA,NA,NA,NA,NA,NA,NA,NA,NA,NA,NA,NA,NA,NA,High,High,High,NA,NA,NA,NA,NA,NA,NA,NA,NA,NA,NA,NA,NA,NA,NA,NA,NA,NA,NA,NA,NA,NA,NA,NA,NA,NA,NA,NA,NA,NA,NA,NA,NA,NA,NA,NA,NA,NA,NA,NA,NA,NA,NA,NA,NA,NA,NA,NA,NA,NA,NA,NA,NA,NA,NA,NA,NA,NA
NA,NA,NA,NA,NA,NA,NA,NA,NA,NA,NA,NA,NA,NA,NA,NA,166,2025-06-16,19:36:35,6,3,"Tomii, Tsubasa",835280,Right,HYA_HAR,"Tinney, Carson",806245,Right,BRE_WHI,Undefined,5,Top,2,1,1,Slider,Curveball,BallCalled,Undefined,Undefined,Undefined,0,0,NA,78.21836,-0.23307,-1.016507,2639.183561,51.144093,07:45:00,5.43572,0.34425,4.52838,-49.47479,-1.43874,-3.64492,1.09084,-0.9276,72.0694,-9.080673,-1.655742,0.498833,NA,NA,NA,NA,NA,NA,NA,NA,NA,NA,NA,1.51595,-0.30307,-0.23445,50,5.36406,2.16567,-113.45384,-2.32231,1.97505,20.83676,-32.56892,HYA_HAR,BRE_WHI,CCBLHyannis,Cape Cod Baseball League,CCBL,20250616-CCBLHyannis-2,be698d30-4b0a-11f0-ac99-2d93a97aa58f,75.56127,NA,NA,6.14896,NA,NA,NA,NA,NA,NA,aecf949a-adfb-400b-9c8e-95fb9d4c8878,2025-06-16,23:36:35,2025-06-16T23:36:35Z,2025-06-16T23:36:35Z,NA,v3,6101,6096,NA,"Lackey, Vahn",822518,Right,HYA_HAR,dd3b960b-967c-4b07-bcfb-a80762d93168,55.97262,-114.54551,10.41838,5.44103,-0.61597,-16.28446,-0.3452,2.06219,0.98753,NA,NA,NA,NA,NA,NA,NA,NA,NA,NA,NA,NA,NA,NA,NA,NA,NA,NA,NA,NA,NA,NA,NA,NA,NA,NA,NA,NA,NA,NA,NA,NA,NA,NA,NA,NA,NA,NA,NA,NA,NA,NA,NA,NA,NA,NA,NA,NA,NA,NA,High,High,High,NA,NA,NA,NA,NA,NA,NA,NA,NA,NA,NA,NA,NA,NA,NA,NA,NA,NA,NA,NA,NA,NA,NA,NA,NA,NA,NA,NA,NA,NA,NA,NA,NA,NA,NA,NA,NA,NA,NA,NA,NA,NA,NA,NA,NA,NA,NA,NA,NA,NA,NA,NA,NA,NA,NA,NA,NA,NA
NA,NA,NA,NA,NA,NA,NA,NA,NA,NA,NA,NA,NA,NA,NA,NA,167,2025-06-16,19:36:55,6,4,"Tomii, Tsubasa",835280,Right,HYA_HAR,"Tinney, Carson",806245,Right,BRE_WHI,Undefined,5,Top,2,2,1,Slider,Slider,StrikeSwinging,Undefined,Undefined,Undefined,0,0,NA,79.55289,0.422293,-0.090514,2661.882106,111.026979,09:45:00,5.42409,0.46908,4.42769,-43.21782,3.64382,-5.43414,2.2255,-0.07011,72.59651,-7.357245,-1.040841,0.492697,NA,NA,NA,NA,NA,NA,NA,NA,NA,NA,NA,2.63118,2.04713,-0.45375,50,5.42678,0.41983,-115.27846,-0.80356,3.52125,22.52812,-29.43445,HYA_HAR,BRE_WHI,CCBLHyannis,Cape Cod Baseball League,CCBL,20250616-CCBLHyannis-2,ca6b2120-4b0a-11f0-ac99-2d93a97aa58f,76.50224,NA,NA,6.95638,NA,NA,NA,NA,NA,NA,aecf949a-adfb-400b-9c8e-95fb9d4c8878,2025-06-16,23:36:55,2025-06-16T23:36:55Z,2025-06-16T23:36:55Z,NA,v3,6101,6096,NA,"Lackey, Vahn",822518,Right,HYA_HAR,705b5f66-83cc-42d3-b134-61a25942b684,56.07109,-116.45886,11.26406,5.42847,0.7387,-14.71722,-0.47091,0.23533,1.76062,NA,NA,NA,NA,NA,NA,NA,NA,NA,NA,NA,NA,NA,NA,NA,NA,NA,NA,NA,NA,NA,NA,NA,NA,NA,NA,NA,NA,NA,NA,NA,NA,NA,NA,NA,NA,NA,NA,NA,NA,NA,NA,NA,NA,NA,NA,NA,NA,NA,NA,High,High,High,NA,NA,NA,NA,NA,NA,NA,NA,NA,NA,NA,NA,NA,NA,NA,NA,NA,NA,NA,NA,NA,NA,NA,NA,NA,NA,NA,NA,NA,NA,NA,NA,NA,NA,NA,NA,NA,NA,NA,NA,NA,NA,NA,NA,NA,NA,NA,NA,NA,NA,NA,NA,NA,NA,NA,NA,NA,NA
NA,NA,NA,NA,NA,NA,NA,NA,NA,NA,NA,NA,NA,NA,NA,NA,168,2025-06-16,19:37:16,6,5,"Tomii, Tsubasa",835280,Right,HYA_HAR,"Tinney, Carson",806245,Right,BRE_WHI,Undefined,5,Top,2,2,2,Curveball,Curveball,BallCalled,Undefined,Undefined,Undefined,0,0,NA,75.27798,0.852575,-1.035131,3017.257552,33.55791,07:00:00,5.43981,0.35801,4.76095,-68.04657,-15.40961,-11.53036,0.57788,-1.58449,68.20625,-11.344003,-3.069588,0.522176,NA,NA,NA,NA,NA,NA,NA,NA,NA,NA,NA,5.37118,-7.5363,-0.24323,50,5.46454,2.42904,-109.00069,-0.82041,6.29118,23.87855,-41.00121,HYA_HAR,BRE_WHI,CCBLHyannis,Cape Cod Baseball League,CCBL,20250616-CCBLHyannis-2,d6fd0e30-4b0a-11f0-ac99-2d93a97aa58f,72.1834,NA,NA,7.07173,NA,NA,NA,NA,NA,NA,aecf949a-adfb-400b-9c8e-95fb9d4c8878,2025-06-16,23:37:16,2025-06-16T23:37:16Z,2025-06-16T23:37:16Z,NA,v3,6101,6096,NA,"Lackey, Vahn",822518,Right,HYA_HAR,bef38f09-4593-423d-b5b0-5e700c7222ab,55.741,-110.25118,11.93928,5.45129,1.32678,-20.5006,-0.36181,2.09958,3.14559,NA,NA,NA,NA,NA,NA,NA,NA,NA,NA,NA,NA,NA,NA,NA,NA,NA,NA,NA,NA,NA,NA,NA,NA,NA,NA,NA,NA,NA,NA,NA,NA,NA,NA,NA,NA,NA,NA,NA,NA,NA,NA,NA,NA,NA,NA,NA,NA,NA,NA,High,High,High,NA,NA,NA,NA,NA,NA,NA,NA,NA,NA,NA,NA,NA,NA,NA,NA,NA,NA,NA,NA,NA,NA,NA,NA,NA,NA,NA,NA,NA,NA,NA,NA,NA,NA,NA,NA,NA,NA,NA,NA,NA,NA,NA,NA,NA,NA,NA,NA,NA,NA,NA,NA,NA,NA,NA,NA,NA,NA
NA,NA,NA,NA,NA,NA,NA,NA,NA,NA,NA,NA,NA,NA,NA,NA,169,2025-06-16,19:37:39,6,6,"Tomii, Tsubasa",835280,Right,HYA_HAR,"Tinney, Carson",806245,Right,BRE_WHI,Undefined,5,Top,2,3,2,Slider,Slider,BallCalled,Walk,Undefined,Undefined,0,0,NA,78.35146,2.420692,-0.01482,2693.494184,98.235978,09:15:00,5.47124,0.49214,4.37432,-45.69487,1.96197,-4.4365,3.97639,0.10827,72.42778,-5.762514,-0.788846,0.49686,NA,NA,NA,NA,NA,NA,NA,NA,NA,NA,NA,2.14882,0.75642,-0.48584,50,5.68484,0.2226,-113.66649,3.04672,2.84784,18.29464,-31.17155,HYA_HAR,BRE_WHI,CCBLHyannis,Cape Cod Baseball League,CCBL,20250616-CCBLHyannis-2,e41c2010-4b0a-11f0-ac99-2d93a97aa58f,75.86127,NA,NA,5.92369,NA,NA,NA,NA,NA,NA,aecf949a-adfb-400b-9c8e-95fb9d4c8878,2025-06-16,23:37:39,2025-06-16T23:37:39Z,2025-06-16T23:37:39Z,NA,v3,6101,6096,NA,"Lackey, Vahn",822518,Right,HYA_HAR,e8c2056f-3e16-4311-8cff-7363005760eb,56.12582,-114.6482,9.14732,5.47647,4.71942,-15.58577,-0.49368,0.06978,1.42392,NA,NA,NA,NA,NA,NA,NA,NA,NA,NA,NA,NA,NA,NA,NA,NA,NA,NA,NA,NA,NA,NA,NA,NA,NA,NA,NA,NA,NA,NA,NA,NA,NA,NA,NA,NA,NA,NA,NA,NA,NA,NA,NA,NA,NA,NA,NA,NA,NA,NA,High,High,High,NA,NA,NA,NA,NA,NA,NA,NA,NA,NA,NA,NA,NA,NA,NA,NA,NA,NA,NA,NA,NA,NA,NA,NA,NA,NA,NA,NA,NA,NA,NA,NA,NA,NA,NA,NA,NA,NA,NA,NA,NA,NA,NA,NA,NA,NA,NA,NA,NA,NA,NA,NA,NA,NA,NA,NA,NA,NA
NA,NA,NA,NA,NA,NA,NA,NA,NA,NA,NA,NA,NA,NA,NA,NA,170,2025-06-16,19:38:12,7,1,"Tomii, Tsubasa",835280,Right,HYA_HAR,"Cyr, Blake",701331,Right,BRE_WHI,Undefined,5,Top,2,0,0,Slider,Slider,FoulBallNotFieldable,Undefined,Undefined,Undefined,0,0,NA,77.81202,0.379477,-0.879384,2658.777369,113.158926,09:45:00,5.34429,0.32719,4.54294,-44.80668,3.2739,-4.44205,1.97172,-0.88025,72.09489,-7.654457,-1.657736,0.499064,66.8917,57.545516,125.533373,4929.146356,NA,NA,NA,NA,14.02882,NA,NA,1.96862,1.85433,-0.23114,50,5.34125,1.91892,-112.96854,-0.91387,2.56801,18.76049,-29.75512,HYA_HAR,BRE_WHI,CCBLHyannis,Cape Cod Baseball League,CCBL,20250616-CCBLHyannis-2,f7ea77e0-4b0a-11f0-ac99-2d93a97aa58f,75.52625,22.46045,NA,5.71713,NA,NA,NA,2.40374,2.13007,0.87192,aecf949a-adfb-400b-9c8e-95fb9d4c8878,2025-06-16,23:38:12,2025-06-16T23:38:12Z,2025-06-16T23:38:12Z,NA,v3,6101,6096,NA,"Lackey, Vahn",822518,Right,HYA_HAR,cc9b4810-c8db-4e28-a785-74f526e54c05,55.95795,-113.95367,9.38025,5.34822,0.6486,-14.87756,-0.32837,1.78407,1.284,NA,2.40761,-30.78548,-5.09345,NA,NA,NA,NA,NA,NA,2.1359,82.50413,-32.43788,NA,NA,NA,NA,NA,NA,0.8717,42.8549,-3.55165,NA,NA,NA,NA,NA,NA,NA,NA,NA,NA,NA,NA,NA,NA,NA,NA,NA,NA,NA,NA,NA,NA,NA,NA,NA,NA,NA,NA,High,High,High,High,Undefined,NA,NA,NA,NA,NA,NA,NA,NA,NA,NA,NA,NA,NA,NA,NA,NA,NA,NA,NA,NA,NA,NA,NA,NA,NA,NA,NA,NA,NA,NA,NA,NA,NA,NA,NA,NA,NA,NA,NA,NA,NA,NA,NA,NA,NA,NA,NA,NA,NA,NA,NA,NA,NA,NA,NA,NA
NA,NA,NA,NA,NA,NA,NA,NA,NA,NA,NA,NA,NA,NA,NA,NA,171,2025-06-16,19:38:36,7,2,"Tomii, Tsubasa",835280,Right,HYA_HAR,"Cyr, Blake",701331,Right,BRE_WHI,Undefined,5,Top,2,0,1,Slider,Slider,BallCalled,Undefined,Undefined,Undefined,0,0,NA,78.88754,-0.929538,-1.54339,2719.819486,91.85756,09:00:00,5.33108,0.44612,4.44324,-45.52121,1.54847,-5.61796,0.65069,-1.49443,73.21832,-9.04077,-2.526612,0.49379,NA,NA,NA,NA,NA,NA,NA,NA,NA,NA,NA,2.38169,1.28567,-0.27685,50,5.18795,3.31995,-114.46845,-3.58803,3.18247,19.72743,-30.45613,HYA_HAR,BRE_WHI,CCBLHyannis,Cape Cod Baseball League,CCBL,20250616-CCBLHyannis-2,0628b560-4b0b-11f0-ac99-2d93a97aa58f,76.33297,NA,NA,5.66922,NA,NA,NA,NA,NA,NA,aecf949a-adfb-400b-9c8e-95fb9d4c8878,2025-06-16,23:38:36,2025-06-16T23:38:36Z,2025-06-16T23:38:36Z,NA,v3,6101,6096,NA,"Lackey, Vahn",822518,Right,HYA_HAR,30c566b5-0149-46b5-bcb8-4cc0605e7841,56.05861,-115.50787,9.86371,5.33472,-1.98333,-15.22806,-0.44736,3.15227,1.59123,NA,NA,NA,NA,NA,NA,NA,NA,NA,NA,NA,NA,NA,NA,NA,NA,NA,NA,NA,NA,NA,NA,NA,NA,NA,NA,NA,NA,NA,NA,NA,NA,NA,NA,NA,NA,NA,NA,NA,NA,NA,NA,NA,NA,NA,NA,NA,NA,NA,NA,High,High,High,NA,NA,NA,NA,NA,NA,NA,NA,NA,NA,NA,NA,NA,NA,NA,NA,NA,NA,NA,NA,NA,NA,NA,NA,NA,NA,NA,NA,NA,NA,NA,NA,NA,NA,NA,NA,NA,NA,NA,NA,NA,NA,NA,NA,NA,NA,NA,NA,NA,NA,NA,NA,NA,NA,NA,NA,NA,NA
NA,NA,NA,NA,NA,NA,NA,NA,NA,NA,NA,NA,NA,NA,NA,NA,172,2025-06-16,19:38:55,7,3,"Tomii, Tsubasa",835280,Right,HYA_HAR,"Cyr, Blake",701331,Right,BRE_WHI,Undefined,5,Top,2,1,1,Slider,Slider,BallCalled,Undefined,Undefined,Undefined,0,0,NA,78.46616,-0.767662,-0.895092,2709.596052,111.763244,09:45:00,5.39137,0.26674,4.40244,-44.34569,3.09973,-4.43256,0.96304,-0.95705,73.01095,-8.670736,-1.670458,0.495757,NA,NA,NA,NA,NA,NA,NA,NA,NA,NA,NA,1.96402,2.01012,-0.16667,50,5.26552,1.96644,-113.92335,-3.21164,2.6104,18.70586,-29.50239,HYA_HAR,BRE_WHI,CCBLHyannis,Cape Cod Baseball League,CCBL,20250616-CCBLHyannis-2,12013d80-4b0b-11f0-ac99-2d93a97aa58f,76.03013,NA,NA,5.45521,NA,NA,NA,NA,NA,NA,aecf949a-adfb-400b-9c8e-95fb9d4c8878,2025-06-16,23:38:55,2025-06-16T23:38:55Z,2025-06-16T23:38:55Z,NA,v3,6101,6096,NA,"Lackey, Vahn",822518,Right,HYA_HAR,7f9a5c6f-7b8d-409e-bf7d-58965fe1521c,56.0992,-114.92045,9.35293,5.3948,-1.63903,-14.7512,-0.26778,1.8273,1.3052,NA,NA,NA,NA,NA,NA,NA,NA,NA,NA,NA,NA,NA,NA,NA,NA,NA,NA,NA,NA,NA,NA,NA,NA,NA,NA,NA,NA,NA,NA,NA,NA,NA,NA,NA,NA,NA,NA,NA,NA,NA,NA,NA,NA,NA,NA,NA,NA,NA,NA,High,High,High,NA,NA,NA,NA,NA,NA,NA,NA,NA,NA,NA,NA,NA,NA,NA,NA,NA,NA,NA,NA,NA,NA,NA,NA,NA,NA,NA,NA,NA,NA,NA,NA,NA,NA,NA,NA,NA,NA,NA,NA,NA,NA,NA,NA,NA,NA,NA,NA,NA,NA,NA,NA,NA,NA,NA,NA,NA,NA
NA,NA,NA,NA,NA,NA,NA,NA,NA,NA,NA,NA,NA,NA,NA,NA,173,2025-06-16,19:39:16,7,4,"Tomii, Tsubasa",835280,Right,HYA_HAR,"Cyr, Blake",701331,Right,BRE_WHI,Undefined,5,Top,2,2,1,Slider,Slider,StrikeCalled,Undefined,Undefined,Undefined,0,0,NA,78.5475,1.509174,-1.016259,2545.970154,90.330879,09:00:00,5.35914,0.38226,4.41036,-46.2981,1.51087,-6.64209,2.94178,-1.1412,72.08394,-6.798979,-2.176258,0.497652,NA,NA,NA,NA,NA,NA,NA,NA,NA,NA,NA,2.94921,0.74791,-0.26714,50,5.47424,2.31001,-113.85967,1.22459,3.87964,20.49556,-31.19017,HYA_HAR,BRE_WHI,CCBLHyannis,Cape Cod Baseball League,CCBL,20250616-CCBLHyannis-2,1e4c0f70-4b0b-11f0-ac99-2d93a97aa58f,75.7405,NA,NA,6.46356,NA,NA,NA,NA,NA,NA,aecf949a-adfb-400b-9c8e-95fb9d4c8878,2025-06-16,23:39:16,2025-06-16T23:39:16Z,2025-06-16T23:39:16Z,NA,v3,6101,6096,NA,"Lackey, Vahn",822518,Right,HYA_HAR,f6e1809d-e04f-45c4-b378-da89a83053a9,56.08872,-114.95046,10.24778,5.36489,2.88455,-15.59509,-0.38459,2.10353,1.93982,NA,NA,NA,NA,NA,NA,NA,NA,NA,NA,NA,NA,NA,NA,NA,NA,NA,NA,NA,NA,NA,NA,NA,NA,NA,NA,NA,NA,NA,NA,NA,NA,NA,NA,NA,NA,NA,NA,NA,NA,NA,NA,NA,NA,NA,NA,NA,NA,NA,NA,High,High,High,NA,NA,NA,NA,NA,NA,NA,NA,NA,NA,NA,NA,NA,NA,NA,NA,NA,NA,NA,NA,NA,NA,NA,NA,NA,NA,NA,NA,NA,NA,NA,NA,NA,NA,NA,NA,NA,NA,NA,NA,NA,NA,NA,NA,NA,NA,NA,NA,NA,NA,NA,NA,NA,NA,NA,NA,NA,NA
NA,NA,NA,NA,NA,NA,NA,NA,NA,NA,NA,NA,NA,NA,NA,NA,174,2025-06-16,19:39:36,7,5,"Tomii, Tsubasa",835280,Right,HYA_HAR,"Cyr, Blake",701331,Right,BRE_WHI,Undefined,5,Top,2,2,2,Curveball,Curveball,StrikeCalled,Strikeout,Undefined,Undefined,0,0,NA,74.32481,3.259554,0.461512,3005.180492,39.015344,07:15:00,5.40605,0.27243,4.38802,-70.58728,-15.93355,-14.54721,2.63922,-0.49921,67.05428,-9.357271,-2.081402,0.532085,NA,NA,NA,NA,NA,NA,NA,NA,NA,NA,NA,7.19756,-8.26512,-0.30617,50,5.68374,-0.25304,-107.45182,3.46729,8.23859,22.25721,-41.63465,HYA_HAR,BRE_WHI,CCBLHyannis,Cape Cod Baseball League,CCBL,20250616-CCBLHyannis-2,2a4e1890-4b0b-11f0-ac99-2d93a97aa58f,70.83909,NA,NA,7.27054,NA,NA,NA,NA,NA,NA,aecf949a-adfb-400b-9c8e-95fb9d4c8878,2025-06-16,23:39:36,2025-06-16T23:39:36Z,2025-06-16T23:39:36Z,NA,v3,6101,6096,NA,"Lackey, Vahn",822518,Right,HYA_HAR,700fa38a-2498-4f63-b422-bc7219ed06a9,56.11377,-108.71083,11.12861,5.42099,5.82241,-20.81732,-0.27867,-0.71906,4.11929,NA,NA,NA,NA,NA,NA,NA,NA,NA,NA,NA,NA,NA,NA,NA,NA,NA,NA,NA,NA,NA,NA,NA,NA,NA,NA,NA,NA,NA,NA,NA,NA,NA,NA,NA,NA,NA,NA,NA,NA,NA,NA,NA,NA,NA,NA,NA,NA,NA,NA,High,High,High,NA,NA,NA,NA,NA,NA,NA,NA,NA,NA,NA,NA,NA,NA,NA,NA,NA,NA,NA,NA,NA,NA,NA,NA,NA,NA,NA,NA,NA,NA,NA,NA,NA,NA,NA,NA,NA,NA,NA,NA,NA,NA,NA,NA,NA,NA,NA,NA,NA,NA,NA,NA,NA,NA,NA,NA,NA,NA
NA,NA,NA,NA,NA,NA,NA,NA,NA,NA,NA,NA,NA,NA,NA,NA,175,2025-06-16,19:42:08,1,1,"Wimbish, Camden",10071140,Right,BRE_WHI,"Miura, Matthew",834681,Right,HYA_HAR,Undefined,5,Bottom,0,0,0,Fastball,Four-Seam,FoulBallNotFieldable,Undefined,Undefined,Undefined,0,0,NA,91.08539,-1.270664,-2.007485,2111.938624,221.09348,01:15:00,5.4433,1.62564,6.29534,-14.84194,19.08438,15.49375,3.03472,1.06625,81.33153,-4.181664,0.793162,0.419218,NA,NA,NA,NA,NA,NA,NA,NA,NA,NA,NA,-8.78934,10.74882,-1.48533,50,5.34276,3.98932,-132.05609,-3.29568,-15.12987,34.72132,-13.67111,HYA_HAR,BRE_WHI,CCBLHyannis,Cape Cod Baseball League,CCBL,20250616-CCBLHyannis-2,84bb8290-4b0b-11f0-ac99-2d93a97aa58f,89.91137,NA,NA,9.75385,NA,NA,NA,NA,NA,NA,aecf949a-adfb-400b-9c8e-95fb9d4c8878,2025-06-16,23:42:08,2025-06-16T23:42:08Z,2025-06-16T23:42:08Z,NA,v3,6101,6096,NA,"Tinney, Carson",806245,Right,BRE_WHI,d0ecec76-7c76-4d45-a490-3525c6a8c11d,54.20146,-133.15619,17.36066,5.44031,-2.86253,-6.83555,-1.61932,4.46869,-7.56493,NA,NA,NA,NA,NA,NA,NA,NA,NA,NA,NA,NA,NA,NA,NA,NA,NA,NA,NA,NA,NA,NA,NA,NA,NA,NA,NA,NA,NA,NA,NA,NA,NA,NA,NA,NA,NA,NA,NA,NA,NA,NA,NA,NA,NA,NA,NA,NA,NA,NA,High,High,High,NA,NA,NA,NA,NA,NA,NA,NA,NA,NA,NA,NA,NA,NA,NA,NA,NA,NA,NA,NA,NA,NA,NA,NA,NA,NA,NA,NA,NA,NA,NA,NA,NA,NA,NA,NA,NA,NA,NA,NA,NA,NA,NA,NA,NA,NA,NA,NA,NA,NA,NA,NA,NA,NA,NA,NA,NA,NA
NA,NA,NA,NA,NA,NA,NA,NA,NA,NA,NA,NA,NA,NA,NA,NA,176,2025-06-16,19:42:35,1,2,"Wimbish, Camden",10071140,Right,BRE_WHI,"Miura, Matthew",834681,Right,HYA_HAR,Undefined,5,Bottom,0,0,1,Splitter,Splitter,BallCalled,Undefined,Undefined,Undefined,0,0,NA,83.33686,-1.213699,-2.208886,703.501613,303.029398,04:00:00,5.2578,1.66873,6.64905,-42.62652,-2.37587,6.12579,0.59375,0.1565,74.66557,-9.19744,-1.091303,0.456623,NA,NA,NA,NA,NA,NA,NA,NA,NA,NA,NA,-4.07221,-0.37772,-1.52221,50,5.15944,4.44158,-120.84552,-3.81746,-5.82308,30.7864,-32.71416,HYA_HAR,BRE_WHI,CCBLHyannis,Cape Cod Baseball League,CCBL,20250616-CCBLHyannis-2,94a6d3d0-4b0b-11f0-ac99-2d93a97aa58f,82.54606,NA,NA,8.6713,NA,NA,NA,NA,NA,NA,aecf949a-adfb-400b-9c8e-95fb9d4c8878,2025-06-16,23:42:35,2025-06-16T23:42:35Z,2025-06-16T23:42:35Z,NA,v3,6101,6096,NA,"Tinney, Carson",806245,Right,BRE_WHI,cf7cd7d6-3316-464c-930a-4e9f80c4d24b,53.84807,-121.8219,15.3932,5.26406,-2.77993,-16.35708,-1.66601,4.62626,-2.91154,NA,NA,NA,NA,NA,NA,NA,NA,NA,NA,NA,NA,NA,NA,NA,NA,NA,NA,NA,NA,NA,NA,NA,NA,NA,NA,NA,NA,NA,NA,NA,NA,NA,NA,NA,NA,NA,NA,NA,NA,NA,NA,NA,NA,NA,NA,NA,NA,NA,NA,High,High,High,NA,NA,NA,NA,NA,NA,NA,NA,NA,NA,NA,NA,NA,NA,NA,NA,NA,NA,NA,NA,NA,NA,NA,NA,NA,NA,NA,NA,NA,NA,NA,NA,NA,NA,NA,NA,NA,NA,NA,NA,NA,NA,NA,NA,NA,NA,NA,NA,NA,NA,NA,NA,NA,NA,NA,NA,NA,NA
NA,NA,NA,NA,NA,NA,NA,NA,NA,NA,NA,NA,NA,NA,NA,NA,177,2025-06-16,19:42:54,1,3,"Wimbish, Camden",10071140,Right,BRE_WHI,"Miura, Matthew",834681,Right,HYA_HAR,Undefined,5,Bottom,0,1,1,Splitter,Splitter,StrikeSwinging,Undefined,Undefined,Undefined,0,0,NA,82.68365,0.559459,-1.45135,735.909725,282.761826,03:30:00,5.35684,1.81283,6.55536,-41.88002,-0.98465,11.44788,2.37999,1.43579,73.92624,-7.311701,0.631687,0.460266,NA,NA,NA,NA,NA,NA,NA,NA,NA,NA,NA,-6.47162,-0.1835,-1.71676,50,5.37889,2.60616,-119.93601,-0.08965,-9.14922,29.55167,-32.43346,HYA_HAR,BRE_WHI,CCBLHyannis,Cape Cod Baseball League,CCBL,20250616-CCBLHyannis-2,a03cada0-4b0b-11f0-ac99-2d93a97aa58f,81.8928,NA,NA,8.75741,NA,NA,NA,NA,NA,NA,aecf949a-adfb-400b-9c8e-95fb9d4c8878,2025-06-16,23:42:54,2025-06-16T23:42:54Z,2025-06-16T23:42:54Z,NA,v3,6101,6096,NA,"Tinney, Carson",806245,Right,BRE_WHI,1caed362-0830-4627-83be-183fd97d3443,53.93964,-120.90282,14.77583,5.36447,0.97145,-16.21673,-1.80692,2.90549,-4.57461,NA,NA,NA,NA,NA,NA,NA,NA,NA,NA,NA,NA,NA,NA,NA,NA,NA,NA,NA,NA,NA,NA,NA,NA,NA,NA,NA,NA,NA,NA,NA,NA,NA,NA,NA,NA,NA,NA,NA,NA,NA,NA,NA,NA,NA,NA,NA,NA,NA,NA,High,High,High,NA,NA,NA,NA,NA,NA,NA,NA,NA,NA,NA,NA,NA,NA,NA,NA,NA,NA,NA,NA,NA,NA,NA,NA,NA,NA,NA,NA,NA,NA,NA,NA,NA,NA,NA,NA,NA,NA,NA,NA,NA,NA,NA,NA,NA,NA,NA,NA,NA,NA,NA,NA,NA,NA,NA,NA,NA,NA
NA,NA,NA,NA,NA,NA,NA,NA,NA,NA,NA,NA,NA,NA,NA,NA,178,2025-06-16,19:43:19,1,4,"Wimbish, Camden",10071140,Right,BRE_WHI,"Miura, Matthew",834681,Right,HYA_HAR,Undefined,5,Bottom,0,1,2,Fastball,Sinker,FoulBallNotFieldable,Undefined,Undefined,Undefined,0,0,NA,91.18691,-1.824984,-2.257544,2134.529719,223.868037,01:30:00,5.44356,1.3663,6.44364,-16.65241,17.23143,15.23351,2.37711,0.56034,81.02725,-5.078128,0.503852,0.418955,NA,NA,NA,NA,NA,NA,NA,NA,NA,NA,NA,-8.79276,10.06111,-1.2125,50,5.30652,4.58068,-132.09686,-4.63069,-15.05234,36.30302,-14.95048,HYA_HAR,BRE_WHI,CCBLHyannis,Cape Cod Baseball League,CCBL,20250616-CCBLHyannis-2,af05ed10-4b0b-11f0-ac99-2d93a97aa58f,89.96769,NA,NA,10.15966,NA,NA,NA,NA,NA,NA,aecf949a-adfb-400b-9c8e-95fb9d4c8878,2025-06-16,23:43:19,2025-06-16T23:43:19Z,2025-06-16T23:43:19Z,NA,v3,6101,6096,NA,"Tinney, Carson",806245,Right,BRE_WHI,c1a1f40d-ad1c-40db-a995-08479ee77782,54.05171,-133.2057,18.15151,5.44099,-4.17404,-7.47524,-1.35943,5.04044,-7.52617,NA,NA,NA,NA,NA,NA,NA,NA,NA,NA,NA,NA,NA,NA,NA,NA,NA,NA,NA,NA,NA,NA,NA,NA,NA,NA,NA,NA,NA,NA,NA,NA,NA,NA,NA,NA,NA,NA,NA,NA,NA,NA,NA,NA,NA,NA,NA,NA,NA,NA,High,High,High,NA,NA,NA,NA,NA,NA,NA,NA,NA,NA,NA,NA,NA,NA,NA,NA,NA,NA,NA,NA,NA,NA,NA,NA,NA,NA,NA,NA,NA,NA,NA,NA,NA,NA,NA,NA,NA,NA,NA,NA,NA,NA,NA,NA,NA,NA,NA,NA,NA,NA,NA,NA,NA,NA,NA,NA,NA,NA
NA,NA,NA,NA,NA,NA,NA,NA,NA,NA,NA,NA,NA,NA,NA,NA,179,2025-06-16,19:43:50,1,5,"Wimbish, Camden",10071140,Right,BRE_WHI,"Miura, Matthew",834681,Right,HYA_HAR,Undefined,5,Bottom,0,1,2,Fastball,Four-Seam,BallCalled,Undefined,Undefined,Undefined,0,0,NA,90.9598,-0.470469,-3.340114,2124.776994,212.280402,01:00:00,5.44669,1.33846,6.43908,-14.808,19.11603,11.23682,3.77962,-0.79795,81.03519,-3.388565,-1.307515,0.419204,NA,NA,NA,NA,NA,NA,NA,NA,NA,NA,NA,-6.99075,10.48371,-1.1055,50,5.40628,7.21626,-131.72932,-1.41961,-11.97503,34.53513,-14.21568,HYA_HAR,BRE_WHI,CCBLHyannis,Cape Cod Baseball League,CCBL,20250616-CCBLHyannis-2,c1b4f230-4b0b-11f0-ac99-2d93a97aa58f,89.91434,NA,NA,9.9246,NA,NA,NA,NA,NA,NA,aecf949a-adfb-400b-9c8e-95fb9d4c8878,2025-06-16,23:43:50,2025-06-16T23:43:50Z,2025-06-16T23:43:50Z,NA,v3,6101,6096,NA,"Tinney, Carson",806245,Right,BRE_WHI,65f63f0f-ad61-4061-b255-556e9f390122,54.05484,-132.78811,17.26757,5.44312,-0.98378,-7.10784,-1.33237,7.5834,-5.98752,NA,NA,NA,NA,NA,NA,NA,NA,NA,NA,NA,NA,NA,NA,NA,NA,NA,NA,NA,NA,NA,NA,NA,NA,NA,NA,NA,NA,NA,NA,NA,NA,NA,NA,NA,NA,NA,NA,NA,NA,NA,NA,NA,NA,NA,NA,NA,NA,NA,NA,High,High,High,NA,NA,NA,NA,NA,NA,NA,NA,NA,NA,NA,NA,NA,NA,NA,NA,NA,NA,NA,NA,NA,NA,NA,NA,NA,NA,NA,NA,NA,NA,NA,NA,NA,NA,NA,NA,NA,NA,NA,NA,NA,NA,NA,NA,NA,NA,NA,NA,NA,NA,NA,NA,NA,NA,NA,NA,NA,NA
NA,NA,NA,NA,NA,NA,NA,NA,NA,NA,NA,NA,NA,NA,NA,NA,180,2025-06-16,19:44:11,1,6,"Wimbish, Camden",10071140,Right,BRE_WHI,"Miura, Matthew",834681,Right,HYA_HAR,Undefined,5,Bottom,0,2,2,Fastball,Four-Seam,BallCalled,Undefined,Undefined,Undefined,0,0,NA,90.53308,0.233629,-2.36231,2086.219496,215.955084,01:15:00,5.4072,1.6403,6.3641,-17.54269,16.37973,11.00788,4.16048,0.3825,81.52739,-3.155005,-0.371233,0.419194,NA,NA,NA,NA,NA,NA,NA,NA,NA,NA,NA,-6.4215,8.77784,-1.47389,50,5.41569,4.95501,-131.33826,0.0723,-11.06232,31.38567,-17.05248,HYA_HAR,BRE_WHI,CCBLHyannis,Cape Cod Baseball League,CCBL,20250616-CCBLHyannis-2,ce0d31a0-4b0b-11f0-ac99-2d93a97aa58f,89.91651,NA,NA,9.00569,NA,NA,NA,NA,NA,NA,aecf949a-adfb-400b-9c8e-95fb9d4c8878,2025-06-16,23:44:11,2025-06-16T23:44:11Z,2025-06-16T23:44:11Z,NA,v3,6101,6096,NA,"Tinney, Carson",806245,Right,BRE_WHI,f4515060-76ba-46be-9db5-a082d4f377e0,54.13081,-132.32171,15.69284,5.40505,0.60663,-8.52624,-1.63458,5.30164,-5.53116,NA,NA,NA,NA,NA,NA,NA,NA,NA,NA,NA,NA,NA,NA,NA,NA,NA,NA,NA,NA,NA,NA,NA,NA,NA,NA,NA,NA,NA,NA,NA,NA,NA,NA,NA,NA,NA,NA,NA,NA,NA,NA,NA,NA,NA,NA,NA,NA,NA,NA,High,High,High,NA,NA,NA,NA,NA,NA,NA,NA,NA,NA,NA,NA,NA,NA,NA,NA,NA,NA,NA,NA,NA,NA,NA,NA,NA,NA,NA,NA,NA,NA,NA,NA,NA,NA,NA,NA,NA,NA,NA,NA,NA,NA,NA,NA,NA,NA,NA,NA,NA,NA,NA,NA,NA,NA,NA,NA,NA,NA
NA,NA,NA,NA,NA,NA,NA,NA,NA,NA,NA,NA,NA,NA,NA,NA,181,2025-06-16,19:45:05,1,7,"Wimbish, Camden",10071140,Right,BRE_WHI,"Miura, Matthew",834681,Right,HYA_HAR,Undefined,5,Bottom,0,3,2,Other,NA,StrikeCalled,Strikeout,Undefined,Undefined,0,0,NA,NA,NA,NA,NA,NA,NA,NA,NA,NA,NA,NA,NA,NA,NA,NA,NA,NA,NA,NA,NA,NA,NA,NA,NA,NA,NA,NA,NA,NA,NA,NA,NA,NA,NA,NA,NA,NA,NA,NA,NA,HYA_HAR,BRE_WHI,CCBLHyannis,Cape Cod Baseball League,CCBL,20250616-CCBLHyannis-2,e49fd990-4b0b-11f0-ac99-2d93a97aa58f,NA,NA,NA,NA,NA,NA,NA,NA,NA,NA,aecf949a-adfb-400b-9c8e-95fb9d4c8878,2025-06-16,23:45:05,2025-06-16T23:45:05Z,2025-06-16T23:45:05Z,NA,v3,6101,6096,NA,"Tinney, Carson",806245,Right,BRE_WHI,NA,NA,NA,NA,NA,NA,NA,NA,NA,NA,NA,NA,NA,NA,NA,NA,NA,NA,NA,NA,NA,NA,NA,NA,NA,NA,NA,NA,NA,NA,NA,NA,NA,NA,NA,NA,NA,NA,NA,NA,NA,NA,NA,NA,NA,NA,NA,NA,NA,NA,NA,NA,NA,NA,NA,NA,NA,NA,NA,NA,NA,NA,NA,NA,NA,NA,NA,NA,NA,NA,NA,NA,NA,NA,NA,NA,NA,NA,NA,NA,NA,NA,NA,NA,NA,NA,NA,NA,NA,NA,NA,NA,NA,NA,NA,NA,NA,NA,NA,NA,NA,NA,NA,NA,NA,NA,NA,NA,NA,NA,NA,NA,NA,NA,NA,NA,NA,NA,NA,NA,NA
NA,NA,NA,NA,NA,NA,NA,NA,NA,NA,NA,NA,NA,NA,NA,NA,182,2025-06-16,19:45:06,2,1,"Wimbish, Camden",10071140,Right,BRE_WHI,"Williamson, Andrew",824713,Left,HYA_HAR,Undefined,5,Bottom,1,0,0,Fastball,Four-Seam,BallCalled,Undefined,Undefined,Undefined,0,0,NA,90.61011,-0.273393,-0.818651,2158.213925,211.779246,01:00:00,5.44308,1.65756,6.33692,-15.53745,18.46218,10.66438,3.89655,1.79246,81.32823,-3.30507,1.111309,0.419671,NA,NA,NA,NA,NA,NA,NA,NA,NA,NA,NA,-5.74737,10.00882,-1.60232,50,5.41551,1.42386,-131.47607,-1.00496,-9.87746,32.59432,-14.97277,HYA_HAR,BRE_WHI,CCBLHyannis,Cape Cod Baseball League,CCBL,20250616-CCBLHyannis-2,eea37aa0-4b0b-11f0-ac99-2d93a97aa58f,89.81433,NA,NA,9.28189,NA,NA,NA,NA,NA,NA,aecf949a-adfb-400b-9c8e-95fb9d4c8878,2025-06-16,23:45:06,2025-06-16T23:45:06Z,2025-06-16T23:45:06Z,NA,v3,6101,6096,NA,"Tinney, Carson",806245,Right,BRE_WHI,a3192dd8-cf4c-4e96-aa60-b065f2ce97f5,54.15687,-132.50259,16.29716,5.43973,-0.53341,-7.48639,-1.65206,1.73495,-4.93873,NA,NA,NA,NA,NA,NA,NA,NA,NA,NA,NA,NA,NA,NA,NA,NA,NA,NA,NA,NA,NA,NA,NA,NA,NA,NA,NA,NA,NA,NA,NA,NA,NA,NA,NA,NA,NA,NA,NA,NA,NA,NA,NA,NA,NA,NA,NA,NA,NA,NA,High,High,High,NA,NA,NA,NA,NA,NA,NA,NA,NA,NA,NA,NA,NA,NA,NA,NA,NA,NA,NA,NA,NA,NA,NA,NA,NA,NA,NA,NA,NA,NA,NA,NA,NA,NA,NA,NA,NA,NA,NA,NA,NA,NA,NA,NA,NA,NA,NA,NA,NA,NA,NA,NA,NA,NA,NA,NA,NA,NA
NA,NA,NA,NA,NA,NA,NA,NA,NA,NA,NA,NA,NA,NA,NA,NA,183,2025-06-16,19:45:21,2,2,"Wimbish, Camden",10071140,Right,BRE_WHI,"Williamson, Andrew",824713,Left,HYA_HAR,Undefined,5,Bottom,1,1,0,ChangeUp,Changeup,StrikeCalled,Undefined,Undefined,Undefined,0,0,NA,83.26396,0.851343,-1.471344,1993.980972,267.358963,03:00:00,5.26677,1.80846,6.48073,-38.42553,1.85713,6.97252,2.84666,1.03822,74.6178,-6.377568,-0.205371,0.456804,NA,NA,NA,NA,NA,NA,NA,NA,NA,NA,NA,-4.12036,1.18193,-1.70765,50,5.31064,2.8342,-120.77448,0.63422,-5.9367,28.89661,-30.47111,HYA_HAR,BRE_WHI,CCBLHyannis,Cape Cod Baseball League,CCBL,20250616-CCBLHyannis-2,f7bf53c0-4b0b-11f0-ac99-2d93a97aa58f,82.51329,NA,NA,8.64616,NA,NA,NA,NA,NA,NA,aecf949a-adfb-400b-9c8e-95fb9d4c8878,2025-06-16,23:45:21,2025-06-16T23:45:21Z,2025-06-16T23:45:21Z,NA,v3,6101,6096,NA,"Tinney, Carson",806245,Right,BRE_WHI,8e777789-3a74-4cc7-a910-5ae79a952536,54.01374,-121.73102,14.4483,5.27295,1.64288,-15.23555,-1.80472,3.03072,-2.96835,NA,NA,NA,NA,NA,NA,NA,NA,NA,NA,NA,NA,NA,NA,NA,NA,NA,NA,NA,NA,NA,NA,NA,NA,NA,NA,NA,NA,NA,NA,NA,NA,NA,NA,NA,NA,NA,NA,NA,NA,NA,NA,NA,NA,NA,NA,NA,NA,NA,NA,High,High,High,NA,NA,NA,NA,NA,NA,NA,NA,NA,NA,NA,NA,NA,NA,NA,NA,NA,NA,NA,NA,NA,NA,NA,NA,NA,NA,NA,NA,NA,NA,NA,NA,NA,NA,NA,NA,NA,NA,NA,NA,NA,NA,NA,NA,NA,NA,NA,NA,NA,NA,NA,NA,NA,NA,NA,NA,NA,NA
NA,NA,NA,NA,NA,NA,NA,NA,NA,NA,NA,NA,NA,NA,NA,NA,184,2025-06-16,19:45:39,2,3,"Wimbish, Camden",10071140,Right,BRE_WHI,"Williamson, Andrew",824713,Left,HYA_HAR,Undefined,5,Bottom,1,1,1,Splitter,Splitter,InPlay,Undefined,GroundBall,Out,1,0,NA,82.26073,0.355172,-1.733625,800.456124,261.725975,02:45:00,5.23436,1.83279,6.35884,-38.89329,2.18008,5.04914,2.32029,0.65756,74.5,-6.91562,-0.818941,0.461266,84.74921,-0.53757,25.263166,3119.997815,NA,NA,NA,38.67626,35.87309,23.614802,0.310835,-3.20752,1.40547,-1.70957,50,5.24206,3.4318,-119.44195,-0.423,-4.56159,26.34352,-30.17526,HYA_HAR,BRE_WHI,CCBLHyannis,Cape Cod Baseball League,CCBL,20250616-CCBLHyannis-2,02b39660-4b0c-11f0-ac99-2d93a97aa58f,81.7152,2.38968,NA,7.76073,NA,NA,NA,2.31736,2.38968,-0.63731,aecf949a-adfb-400b-9c8e-95fb9d4c8878,2025-06-16,23:45:39,2025-06-16T23:45:39Z,2025-06-16T23:45:39Z,GroundBall,v3,6101,6096,NA,"Tinney, Carson",806245,Right,BRE_WHI,d0335f41-b5d1-4f1e-a6a6-142cbafda32c,54.13969,-120.35151,13.17176,5.23867,0.61886,-15.08763,-1.83078,3.5893,-2.2808,317.159534,2.32158,112.22407,-18.33369,NA,NA,NA,NA,NA,NA,2.39386,-1.34527,-20.49012,NA,NA,NA,NA,NA,NA,-0.63737,53.04783,-3.71133,NA,NA,NA,NA,NA,NA,NA,NA,NA,NA,NA,NA,NA,NA,NA,NA,NA,NA,NA,NA,NA,NA,NA,NA,NA,NA,NA,NA,High,High,High,High,High,NA,NA,NA,NA,NA,NA,NA,NA,NA,NA,NA,NA,NA,NA,NA,NA,NA,NA,NA,NA,NA,NA,NA,NA,NA,NA,NA,NA,NA,NA,NA,NA,NA,NA,NA,NA,NA,NA,NA,NA,NA,NA,NA,NA,NA,NA,NA,NA,NA,NA,NA,NA,NA,NA,NA,NA
NA,NA,NA,NA,NA,NA,NA,NA,NA,NA,NA,NA,NA,NA,NA,NA,185,2025-06-16,19:46:16,3,1,"Wimbish, Camden",10071140,Right,BRE_WHI,"Velazquez, Ray",808918,Right,HYA_HAR,Undefined,5,Bottom,2,0,0,Fastball,Four-Seam,BallCalled,Undefined,Undefined,Undefined,0,0,NA,90.71767,-0.72019,-2.698774,2128.932338,207.476765,01:00:00,5.40067,1.54422,6.55231,-12.84658,20.89257,10.20867,3.66897,-0.08154,81.27306,-3.276624,-0.846528,0.41806,NA,NA,NA,NA,NA,NA,NA,NA,NA,NA,NA,-6.19552,11.50209,-1.36141,50,5.3448,5.77788,-131.53667,-1.90307,-10.64321,32.96659,-12.41476,HYA_HAR,BRE_WHI,CCBLHyannis,Cape Cod Baseball League,CCBL,20250616-CCBLHyannis-2,18c77160-4b0c-11f0-ac99-2d93a97aa58f,90.1604,NA,NA,9.44461,NA,NA,NA,NA,NA,NA,aecf949a-adfb-400b-9c8e-95fb9d4c8878,2025-06-16,23:46:16,2025-06-16T23:46:16Z,2025-06-16T23:46:16Z,NA,v3,6101,6096,NA,"Tinney, Carson",806245,Right,BRE_WHI,e1a2ab6d-b942-473d-bbcf-1ffbdf00fc3d,53.94181,-132.52091,16.4833,5.39608,-1.53242,-6.20738,-1.53866,6.09564,-5.3216,NA,NA,NA,NA,NA,NA,NA,NA,NA,NA,NA,NA,NA,NA,NA,NA,NA,NA,NA,NA,NA,NA,NA,NA,NA,NA,NA,NA,NA,NA,NA,NA,NA,NA,NA,NA,NA,NA,NA,NA,NA,NA,NA,NA,NA,NA,NA,NA,NA,NA,High,High,High,NA,NA,NA,NA,NA,NA,NA,NA,NA,NA,NA,NA,NA,NA,NA,NA,NA,NA,NA,NA,NA,NA,NA,NA,NA,NA,NA,NA,NA,NA,NA,NA,NA,NA,NA,NA,NA,NA,NA,NA,NA,NA,NA,NA,NA,NA,NA,NA,NA,NA,NA,NA,NA,NA,NA,NA,NA,NA
NA,NA,NA,NA,NA,NA,NA,NA,NA,NA,NA,NA,NA,NA,NA,NA,186,2025-06-16,19:46:35,3,2,"Wimbish, Camden",10071140,Right,BRE_WHI,"Velazquez, Ray",808918,Right,HYA_HAR,Undefined,5,Bottom,2,1,0,Splitter,Splitter,BallCalled,Undefined,Undefined,Undefined,0,0,NA,82.43272,2.892011,-0.768442,696.624125,158.460269,11:15:00,5.35412,1.74856,6.26252,-33.6899,7.70044,-2.43725,5.2156,0.8369,73.7567,-3.469155,-1.208457,0.463043,NA,NA,NA,NA,NA,NA,NA,NA,NA,NA,NA,0.98488,3.50295,-1.69061,50,5.55268,1.69817,-119.40415,5.03171,1.39352,27.27145,-27.21777,HYA_HAR,BRE_WHI,CCBLHyannis,Cape Cod Baseball League,CCBL,20250616-CCBLHyannis-2,23cddc70-4b0c-11f0-ac99-2d93a97aa58f,81.40166,NA,NA,8.67603,NA,NA,NA,NA,NA,NA,aecf949a-adfb-400b-9c8e-95fb9d4c8878,2025-06-16,23:46:35,2025-06-16T23:46:35Z,2025-06-16T23:46:35Z,NA,v3,6101,6096,NA,"Tinney, Carson",806245,Right,BRE_WHI,0ee5334e-62e8-48fa-9c54-9d1d015dccd8,54.23014,-120.36642,13.63573,5.35819,5.99209,-13.60888,-1.74966,1.649,0.69676,NA,NA,NA,NA,NA,NA,NA,NA,NA,NA,NA,NA,NA,NA,NA,NA,NA,NA,NA,NA,NA,NA,NA,NA,NA,NA,NA,NA,NA,NA,NA,NA,NA,NA,NA,NA,NA,NA,NA,NA,NA,NA,NA,NA,NA,NA,NA,NA,NA,NA,High,High,High,NA,NA,NA,NA,NA,NA,NA,NA,NA,NA,NA,NA,NA,NA,NA,NA,NA,NA,NA,NA,NA,NA,NA,NA,NA,NA,NA,NA,NA,NA,NA,NA,NA,NA,NA,NA,NA,NA,NA,NA,NA,NA,NA,NA,NA,NA,NA,NA,NA,NA,NA,NA,NA,NA,NA,NA,NA,NA
NA,NA,NA,NA,NA,NA,NA,NA,NA,NA,NA,NA,NA,NA,NA,NA,187,2025-06-16,19:47:02,3,3,"Wimbish, Camden",10071140,Right,BRE_WHI,"Velazquez, Ray",808918,Right,HYA_HAR,Undefined,5,Bottom,2,2,0,Fastball,Four-Seam,FoulBallNotFieldable,Undefined,Undefined,Undefined,0,0,NA,90.75263,-1.79174,-2.041402,2120.937778,219.870847,01:15:00,5.34927,1.63984,6.42667,-16.07639,17.57446,13.67828,2.36112,0.90255,81.9771,-4.90505,0.437449,0.417512,NA,NA,NA,NA,NA,NA,NA,NA,NA,NA,NA,-7.9539,10.17256,-1.50089,50,5.21439,4.17524,-131.74923,-4.54763,-13.77006,31.91858,-14.56297,HYA_HAR,BRE_WHI,CCBLHyannis,Cape Cod Baseball League,CCBL,20250616-CCBLHyannis-2,342472a0-4b0c-11f0-ac99-2d93a97aa58f,90.27864,NA,NA,8.77553,NA,NA,NA,NA,NA,NA,aecf949a-adfb-400b-9c8e-95fb9d4c8878,2025-06-16,23:47:02,2025-06-16T23:47:02Z,2025-06-16T23:47:02Z,NA,v3,6101,6096,NA,"Tinney, Carson",806245,Right,BRE_WHI,82c4a32d-dc0f-488d-abff-0c0c19f69279,54.07378,-132.73251,15.95929,5.34757,-4.09901,-7.28149,-1.63604,4.59944,-6.88503,NA,NA,NA,NA,NA,NA,NA,NA,NA,NA,NA,NA,NA,NA,NA,NA,NA,NA,NA,NA,NA,NA,NA,NA,NA,NA,NA,NA,NA,NA,NA,NA,NA,NA,NA,NA,NA,NA,NA,NA,NA,NA,NA,NA,NA,NA,NA,NA,NA,NA,High,High,High,NA,NA,NA,NA,NA,NA,NA,NA,NA,NA,NA,NA,NA,NA,NA,NA,NA,NA,NA,NA,NA,NA,NA,NA,NA,NA,NA,NA,NA,NA,NA,NA,NA,NA,NA,NA,NA,NA,NA,NA,NA,NA,NA,NA,NA,NA,NA,NA,NA,NA,NA,NA,NA,NA,NA,NA,NA,NA
NA,NA,NA,NA,NA,NA,NA,NA,NA,NA,NA,NA,NA,NA,NA,NA,188,2025-06-16,19:47:27,3,4,"Wimbish, Camden",10071140,Right,BRE_WHI,"Velazquez, Ray",808918,Right,HYA_HAR,Undefined,5,Bottom,2,2,1,Fastball,Sinker,InPlay,Undefined,GroundBall,Out,1,0,NA,90.62609,-0.12908,-1.897612,2104.085551,228.759144,01:45:00,5.29354,1.52019,6.40459,-20.51375,13.29296,13.78446,3.4653,0.92334,81.64259,-4.055907,0.599586,0.418478,45.41653,9.200719,-17.643317,798.000358,NA,NA,NA,56.12956,54.77738,-18.486407,0.893416,-7.88792,7.33788,-1.39059,50,5.27492,3.81689,-131.5844,-0.88585,-13.60161,32.21566,-19.52087,HYA_HAR,BRE_WHI,CCBLHyannis,Cape Cod Baseball League,CCBL,20250616-CCBLHyannis-2,43240450-4b0c-11f0-ac99-2d93a97aa58f,90.07021,5.11797,NA,8.9835,NA,NA,NA,0.82493,3.41186,-0.90509,aecf949a-adfb-400b-9c8e-95fb9d4c8878,2025-06-16,23:47:27,2025-06-16T23:47:27Z,2025-06-16T23:47:27Z,GroundBall,v3,6101,6096,NA,"Tinney, Carson",806245,Right,BRE_WHI,925c52e0-22a4-43f3-beb7-036a08c45911,54.09423,-132.583,16.10783,5.29301,-0.28076,-9.76044,-1.51543,4.2385,-6.80081,101.417088,0.82493,62.66108,-4.77013,0.46773,-0.32759,0.46588,-0.49238,0.21426,-0.00814,3.41186,10.65059,-16.82238,0.76022,-0.08283,0.04145,-0.09103,0.12512,-0.05758,-0.90509,-19.92952,1.14591,-0.04276,0.10591,-0.11377,0.00998,0.10728,-0.06896,NA,NA,NA,NA,NA,NA,NA,NA,NA,NA,NA,NA,NA,NA,NA,NA,NA,NA,NA,NA,NA,NA,High,High,High,High,High,NA,NA,NA,NA,NA,NA,NA,NA,NA,NA,NA,NA,NA,NA,NA,NA,NA,NA,NA,NA,NA,NA,NA,NA,NA,NA,NA,NA,NA,NA,NA,NA,NA,NA,NA,NA,NA,NA,NA,NA,NA,NA,NA,NA,NA,NA,NA,NA,NA,NA,NA,NA,NA,NA,NA,NA
NA,NA,NA,NA,NA,NA,NA,NA,NA,NA,NA,NA,NA,NA,NA,NA,189,2025-06-16,19:50:11,1,1,"August, Tyler",814094,Right,HYA_HAR,"Meglio, Charlie",814963,Right,BRE_WHI,Undefined,6,Top,0,0,0,Fastball,Sinker,StrikeCalled,Undefined,Undefined,Undefined,0,0,NA,93.86298,-2.967242,-3.784538,2145.968921,228.310548,01:30:00,5.42071,2.14907,6.07588,-17.6545,13.91698,14.50304,1.19555,-0.14916,86.00727,-6.296447,-1.178574,0.404407,NA,NA,NA,NA,NA,NA,NA,NA,NA,NA,NA,-8.59032,8.30733,-1.86397,50,5.18116,8.39054,-136.03279,-7.62595,-16.12601,29.33085,-16.57925,HYA_HAR,BRE_WHI,CCBLHyannis,Cape Cod Baseball League,CCBL,20250616-CCBLHyannis-2,a48c8a50-4b0c-11f0-ac99-2d93a97aa58f,93.20417,NA,NA,7.85571,NA,NA,NA,NA,NA,NA,aecf949a-adfb-400b-9c8e-95fb9d4c8878,2025-06-16,23:50:11,2025-06-16T23:50:11Z,2025-06-16T23:50:11Z,NA,v3,6101,6096,NA,"Lackey, Vahn",822518,Right,HYA_HAR,d32c8e5e-5555-49d2-a499-f33a7fccbef6,54.4249,-136.98355,14.66543,5.41964,-7.08853,-8.28963,-2.14442,8.91326,-8.06301,NA,NA,NA,NA,NA,NA,NA,NA,NA,NA,NA,NA,NA,NA,NA,NA,NA,NA,NA,NA,NA,NA,NA,NA,NA,NA,NA,NA,NA,NA,NA,NA,NA,NA,NA,NA,NA,NA,NA,NA,NA,NA,NA,NA,NA,NA,NA,NA,NA,NA,High,High,High,NA,NA,NA,NA,NA,NA,NA,NA,NA,NA,NA,NA,NA,NA,NA,NA,NA,NA,NA,NA,NA,NA,NA,NA,NA,NA,NA,NA,NA,NA,NA,NA,NA,NA,NA,NA,NA,NA,NA,NA,NA,NA,NA,NA,NA,NA,NA,NA,NA,NA,NA,NA,NA,NA,NA,NA,NA,NA
NA,NA,NA,NA,NA,NA,NA,NA,NA,NA,NA,NA,NA,NA,NA,NA,190,2025-06-16,19:50:29,1,2,"August, Tyler",814094,Right,HYA_HAR,"Meglio, Charlie",814963,Right,BRE_WHI,Undefined,6,Top,0,0,1,Fastball,Four-Seam,StrikeCalled,Undefined,Undefined,Undefined,0,0,NA,95.07277,-1.426806,-4.086118,2095.869439,217.974408,01:15:00,5.5058,2.28556,6.07032,-13.38343,17.59938,12.91824,3.06656,-0.4255,86.21849,-4.013518,-1.768352,0.400619,NA,NA,NA,NA,NA,NA,NA,NA,NA,NA,NA,-7.8465,9.7893,-1.97538,50,5.38784,9.26513,-137.73054,-3.80868,-14.98603,32.22358,-13.47748,HYA_HAR,BRE_WHI,CCBLHyannis,Cape Cod Baseball League,CCBL,20250616-CCBLHyannis-2,af8057c0-4b0c-11f0-ac99-2d93a97aa58f,94.0854,NA,NA,8.85428,NA,NA,NA,NA,NA,NA,aecf949a-adfb-400b-9c8e-95fb9d4c8878,2025-06-16,23:50:29,2025-06-16T23:50:29Z,2025-06-16T23:50:29Z,NA,v3,6101,6096,NA,"Lackey, Vahn",822518,Right,HYA_HAR,19167836-6e38-4f89-b5aa-6937cf5e0872,54.42756,-138.76255,16.11179,5.50291,-3.37705,-6.73874,-2.2798,9.74508,-7.49302,NA,NA,NA,NA,NA,NA,NA,NA,NA,NA,NA,NA,NA,NA,NA,NA,NA,NA,NA,NA,NA,NA,NA,NA,NA,NA,NA,NA,NA,NA,NA,NA,NA,NA,NA,NA,NA,NA,NA,NA,NA,NA,NA,NA,NA,NA,NA,NA,NA,NA,High,High,High,NA,NA,NA,NA,NA,NA,NA,NA,NA,NA,NA,NA,NA,NA,NA,NA,NA,NA,NA,NA,NA,NA,NA,NA,NA,NA,NA,NA,NA,NA,NA,NA,NA,NA,NA,NA,NA,NA,NA,NA,NA,NA,NA,NA,NA,NA,NA,NA,NA,NA,NA,NA,NA,NA,NA,NA,NA,NA
NA,NA,NA,NA,NA,NA,NA,NA,NA,NA,NA,NA,NA,NA,NA,NA,191,2025-06-16,19:50:50,1,3,"August, Tyler",814094,Right,HYA_HAR,"Meglio, Charlie",814963,Right,BRE_WHI,Undefined,6,Top,0,0,2,Fastball,Sinker,BallCalled,Undefined,Undefined,Undefined,0,0,NA,96.40537,-0.771207,-3.609685,2195.123446,228.135886,01:30:00,5.57051,2.21723,5.92483,-14.27205,16.31194,16.93725,3.6641,0.27479,86.45557,-3.530566,-0.575354,0.398033,NA,NA,NA,NA,NA,NA,NA,NA,NA,NA,NA,-9.76115,8.89567,-1.93737,50,5.50065,8.00067,-139.56693,-2.29729,-18.93426,36.26803,-14.91864,HYA_HAR,BRE_WHI,CCBLHyannis,Cape Cod Baseball League,CCBL,20250616-CCBLHyannis-2,bb7c9480-4b0c-11f0-ac99-2d93a97aa58f,94.69689,NA,NA,9.9498,NA,NA,NA,NA,NA,NA,aecf949a-adfb-400b-9c8e-95fb9d4c8878,2025-06-16,23:50:50,2025-06-16T23:50:50Z,2025-06-16T23:50:50Z,NA,v3,6101,6096,NA,"Lackey, Vahn",822518,Right,HYA_HAR,078a5e8a-8be6-41cf-8918-f557ba90ae25,54.57057,-140.74963,18.13402,5.56763,-1.81079,-7.45932,-2.20834,8.61812,-9.46713,NA,NA,NA,NA,NA,NA,NA,NA,NA,NA,NA,NA,NA,NA,NA,NA,NA,NA,NA,NA,NA,NA,NA,NA,NA,NA,NA,NA,NA,NA,NA,NA,NA,NA,NA,NA,NA,NA,NA,NA,NA,NA,NA,NA,NA,NA,NA,NA,NA,NA,High,High,High,NA,NA,NA,NA,NA,NA,NA,NA,NA,NA,NA,NA,NA,NA,NA,NA,NA,NA,NA,NA,NA,NA,NA,NA,NA,NA,NA,NA,NA,NA,NA,NA,NA,NA,NA,NA,NA,NA,NA,NA,NA,NA,NA,NA,NA,NA,NA,NA,NA,NA,NA,NA,NA,NA,NA,NA,NA,NA
NA,NA,NA,NA,NA,NA,NA,NA,NA,NA,NA,NA,NA,NA,NA,NA,192,2025-06-16,19:51:07,1,4,"August, Tyler",814094,Right,HYA_HAR,"Meglio, Charlie",814963,Right,BRE_WHI,Undefined,6,Top,0,1,2,Slider,Slider,BallCalled,Undefined,Undefined,Undefined,0,0,NA,87.39175,-0.727549,-5.492378,2265.148353,204.357692,12:45:00,5.25444,2.52315,6.1997,-30.65714,6.24426,2.23736,2.02494,-2.37604,79.10453,-6.443698,-5.091624,0.437213,NA,NA,NA,NA,NA,NA,NA,NA,NA,NA,NA,-2.91386,3.84807,-2.11012,50,5.18426,12.0551,-126.30051,-2.58665,-4.64104,29.07446,-26.04503,HYA_HAR,BRE_WHI,CCBLHyannis,Cape Cod Baseball League,CCBL,20250616-CCBLHyannis-2,c6310f00-4b0c-11f0-ac99-2d93a97aa58f,86.21074,NA,NA,8.28722,NA,NA,NA,NA,NA,NA,aecf949a-adfb-400b-9c8e-95fb9d4c8878,2025-06-16,23:51:07,2025-06-16T23:51:07Z,2025-06-16T23:51:07Z,NA,v3,6101,6096,NA,"Lackey, Vahn",822518,Right,HYA_HAR,8dafdc70-452c-4e3a-adc5-a48893885bdf,54.29728,-127.2859,14.53723,5.25697,-1.70394,-13.02252,-2.52136,12.21239,-2.32052,NA,NA,NA,NA,NA,NA,NA,NA,NA,NA,NA,NA,NA,NA,NA,NA,NA,NA,NA,NA,NA,NA,NA,NA,NA,NA,NA,NA,NA,NA,NA,NA,NA,NA,NA,NA,NA,NA,NA,NA,NA,NA,NA,NA,NA,NA,NA,NA,NA,NA,High,High,High,NA,NA,NA,NA,NA,NA,NA,NA,NA,NA,NA,NA,NA,NA,NA,NA,NA,NA,NA,NA,NA,NA,NA,NA,NA,NA,NA,NA,NA,NA,NA,NA,NA,NA,NA,NA,NA,NA,NA,NA,NA,NA,NA,NA,NA,NA,NA,NA,NA,NA,NA,NA,NA,NA,NA,NA,NA,NA
NA,NA,NA,NA,NA,NA,NA,NA,NA,NA,NA,NA,NA,NA,NA,NA,193,2025-06-16,19:51:29,1,5,"August, Tyler",814094,Right,HYA_HAR,"Meglio, Charlie",814963,Right,BRE_WHI,Undefined,6,Top,0,2,2,Slider,Slider,FoulBallFieldable,Undefined,Undefined,Undefined,0,0,NA,86.57295,0.094407,-2.699174,2290.369031,195.175582,12:30:00,5.19954,2.4374,6.07399,-30.75301,6.99138,1.51756,2.72424,0.06446,77.82396,-5.670592,-2.426259,0.442179,74.68121,-3.388383,-45.850977,3984.448419,NA,NA,NA,32.01372,30.66514,-45.046601,0.271263,-1.70272,3.94744,-2.22925,50,5.19062,5.85508,-125.47626,-0.77371,-2.65835,30.29425,-26.01112,HYA_HAR,BRE_WHI,CCBLHyannis,Cape Cod Baseball League,CCBL,20250616-CCBLHyannis-2,d339b2b0-4b0c-11f0-ac99-2d93a97aa58f,85.24258,2.99073,NA,8.74899,NA,NA,NA,3.1596,2.99073,-0.61479,aecf949a-adfb-400b-9c8e-95fb9d4c8878,2025-06-16,23:51:29,2025-06-16T23:51:29Z,2025-06-16T23:51:29Z,GroundBall,v3,6101,6096,NA,"Lackey, Vahn",822518,Right,HYA_HAR,eada401f-cff7-480a-a590-70e72021bdf9,54.4233,-126.53969,15.14713,5.20176,0.13937,-13.00556,-2.43642,5.9484,-1.32917,NA,3.15886,76.19526,-16.42191,NA,NA,NA,NA,NA,NA,2.99119,-6.49621,-16.70851,NA,NA,NA,NA,NA,NA,-0.61282,-78.55064,-10.0126,NA,NA,NA,NA,NA,NA,NA,NA,NA,NA,NA,NA,NA,NA,NA,NA,NA,NA,NA,NA,NA,NA,NA,NA,NA,NA,NA,NA,High,High,High,Medium,High,NA,NA,NA,NA,NA,NA,NA,NA,NA,NA,NA,NA,NA,NA,NA,NA,NA,NA,NA,NA,NA,NA,NA,NA,NA,NA,NA,NA,NA,NA,NA,NA,NA,NA,NA,NA,NA,NA,NA,NA,NA,NA,NA,NA,NA,NA,NA,NA,NA,NA,NA,NA,NA,NA,NA,NA
NA,NA,NA,NA,NA,NA,NA,NA,NA,NA,NA,NA,NA,NA,NA,NA,194,2025-06-16,19:51:58,1,6,"August, Tyler",814094,Right,HYA_HAR,"Meglio, Charlie",814963,Right,BRE_WHI,Undefined,6,Top,0,2,2,Fastball,Four-Seam,FoulBallNotFieldable,Undefined,Undefined,Undefined,0,0,NA,96.52347,-1.034024,-4.061285,2287.102943,209.649933,01:00:00,5.52102,2.3354,6.13024,-10.65146,19.36824,10.44316,3.67512,-0.55456,87.37894,-3.130386,-2.186004,0.394343,89.81778,36.889962,69.904146,4627.881433,NA,NA,NA,NA,73.21972,NA,NA,-6.62579,10.62375,-2.03007,50,5.43631,9.4686,-139.86042,-2.78872,-13.02553,33.7538,-11.28898,HYA_HAR,BRE_WHI,CCBLHyannis,Cape Cod Baseball League,CCBL,20250616-CCBLHyannis-2,e46b66a0-4b0c-11f0-ac99-2d93a97aa58f,95.58278,57.6987,NA,9.14453,NA,NA,NA,1.13172,4.07423,0.33021,aecf949a-adfb-400b-9c8e-95fb9d4c8878,2025-06-16,23:51:58,2025-06-16T23:51:58Z,2025-06-16T23:51:58Z,NA,v3,6101,6096,NA,"Lackey, Vahn",822518,Right,HYA_HAR,c59d8c8b-29e1-48cd-93b3-44d95643e597,54.36809,-140.91067,16.8769,5.51761,-2.43746,-5.64449,-2.33099,9.87388,-6.51277,NA,1.13172,36.20074,-19.22317,5.50704,-1.26022,-0.12159,0.53493,-0.41322,0.12192,4.07423,79.07618,-15.92383,0.58317,-0.02029,0.17554,-0.27898,0.2035,-0.05941,0.33021,98.94397,-16.64843,2.61044,-0.35165,0.067,-0.0706,0.05323,-0.01588,NA,NA,NA,NA,NA,NA,NA,NA,NA,NA,NA,NA,NA,NA,NA,NA,NA,NA,NA,NA,NA,NA,High,High,High,High,Undefined,NA,NA,NA,NA,NA,NA,NA,NA,NA,NA,NA,NA,NA,NA,NA,NA,NA,NA,NA,NA,NA,NA,NA,NA,NA,NA,NA,NA,NA,NA,NA,NA,NA,NA,NA,NA,NA,NA,NA,NA,NA,NA,NA,NA,NA,NA,NA,NA,NA,NA,NA,NA,NA,NA,NA,NA
NA,NA,NA,NA,NA,NA,NA,NA,NA,NA,NA,NA,NA,NA,NA,NA,195,2025-06-16,19:52:20,1,7,"August, Tyler",814094,Right,HYA_HAR,"Meglio, Charlie",814963,Right,BRE_WHI,Undefined,6,Top,0,2,2,Fastball,Four-Seam,StrikeSwinging,Strikeout,Undefined,Undefined,0,0,NA,95.91531,-0.765531,-3.095624,2276.070441,217.233203,01:15:00,5.37748,2.40637,6.01637,-11.06052,19.57997,14.04847,3.74557,0.70679,86.34866,-2.946762,-0.573217,0.3984,NA,NA,NA,NA,NA,NA,NA,NA,NA,NA,NA,-8.13071,10.57776,-2.1708,50,5.31122,6.86634,-139.00323,-2.11966,-15.70627,34.84716,-11.74071,HYA_HAR,BRE_WHI,CCBLHyannis,Cape Cod Baseball League,CCBL,20250616-CCBLHyannis-2,f1ac7f70-4b0c-11f0-ac99-2d93a97aa58f,94.60955,NA,NA,9.56665,NA,NA,NA,NA,NA,NA,aecf949a-adfb-400b-9c8e-95fb9d4c8878,2025-06-16,23:52:20,2025-06-16T23:52:20Z,2025-06-16T23:52:20Z,NA,v3,6101,6096,NA,"Lackey, Vahn",822518,Right,HYA_HAR,7e0103df-055d-4e3c-9476-56844b3004ee,54.47951,-140.12171,17.42358,5.37321,-1.74282,-5.87035,-2.39928,7.37046,-7.85313,NA,NA,NA,NA,NA,NA,NA,NA,NA,NA,NA,NA,NA,NA,NA,NA,NA,NA,NA,NA,NA,NA,NA,NA,NA,NA,NA,NA,57.26045,2.845631,1.572096,1.273535,-1.55166,3.58871,-0.68074,-3.86693,5.92557,3.90543,74.82292,8.73091,49.97052,-3.67445,70.20197,-6.70026,6.00442,19.34858,-13.49849,3.92767,38.04896,-1.48526,High,High,High,NA,NA,High,High,High,NA,NA,NA,NA,NA,NA,NA,NA,NA,NA,NA,NA,NA,NA,NA,NA,NA,NA,NA,NA,NA,NA,NA,NA,NA,NA,NA,NA,NA,NA,NA,NA,NA,NA,NA,NA,NA,NA,NA,NA,NA,NA,NA,NA,NA,NA,NA,NA,NA,NA,NA,NA,NA
NA,NA,NA,NA,NA,NA,NA,NA,NA,NA,NA,NA,NA,NA,NA,NA,196,2025-06-16,19:52:48,2,1,"August, Tyler",814094,Right,HYA_HAR,"Paulsen, Erik",822807,Left,BRE_WHI,Undefined,6,Top,1,0,0,Fastball,Sinker,BallCalled,Undefined,Undefined,Undefined,0,0,NA,95.92674,-2.853673,-2.694828,2209.665201,226.292147,01:30:00,5.33836,2.26572,6.04486,-13.40245,17.24525,16.87985,1.57442,1.17563,86.55354,-5.445628,0.340713,0.398447,NA,NA,NA,NA,NA,NA,NA,NA,NA,NA,NA,-9.44083,10.05953,-2.06418,50,5.10836,5.75635,-138.92229,-7.29952,-18.21486,34.82242,-12.76555,HYA_HAR,BRE_WHI,CCBLHyannis,Cape Cod Baseball League,CCBL,20250616-CCBLHyannis-2,01d4b2a0-4b0d-11f0-ac99-2d93a97aa58f,94.59845,NA,NA,9.3732,NA,NA,NA,NA,NA,NA,aecf949a-adfb-400b-9c8e-95fb9d4c8878,2025-06-16,23:52:48,2025-06-16T23:52:48Z,2025-06-16T23:52:48Z,NA,v3,6101,6096,NA,"Lackey, Vahn",822518,Right,HYA_HAR,91537399-9f89-405e-bb85-848f21c7dab0,54.45111,-140.03357,17.41121,5.33481,-6.89214,-6.38277,-2.25716,6.33763,-9.10743,NA,NA,NA,NA,NA,NA,NA,NA,NA,NA,NA,NA,NA,NA,NA,NA,NA,NA,NA,NA,NA,NA,NA,NA,NA,NA,NA,NA,NA,NA,NA,NA,NA,NA,NA,NA,NA,NA,NA,NA,NA,NA,NA,NA,NA,NA,NA,NA,NA,NA,High,High,High,NA,NA,NA,NA,NA,NA,NA,NA,NA,NA,NA,NA,NA,NA,NA,NA,NA,NA,NA,NA,NA,NA,NA,NA,NA,NA,NA,NA,NA,NA,NA,NA,NA,NA,NA,NA,NA,NA,NA,NA,NA,NA,NA,NA,NA,NA,NA,NA,NA,NA,NA,NA,NA,NA,NA,NA,NA,NA
NA,NA,NA,NA,NA,NA,NA,NA,NA,NA,NA,NA,NA,NA,NA,NA,197,2025-06-16,19:53:02,2,2,"August, Tyler",814094,Right,HYA_HAR,"Paulsen, Erik",822807,Left,BRE_WHI,Undefined,6,Top,1,1,0,Fastball,Four-Seam,StrikeSwinging,Undefined,Undefined,Undefined,0,0,NA,96.44692,-1.443597,-3.067099,2280.131861,219.986274,01:15:00,5.44487,2.3165,5.96981,-9.79414,20.6143,16.36115,3.2881,0.83364,86.72096,-3.396292,-0.131522,0.396889,NA,NA,NA,NA,NA,NA,NA,NA,NA,NA,NA,-9.30504,11.31158,-2.08215,50,5.32483,6.72085,-139.72874,-3.73365,-18.13526,35.65235,-10.12809,HYA_HAR,BRE_WHI,CCBLHyannis,Cape Cod Baseball League,CCBL,20250616-CCBLHyannis-2,0aa48ea0-4b0d-11f0-ac99-2d93a97aa58f,94.9698,NA,NA,9.72596,NA,NA,NA,NA,NA,NA,aecf949a-adfb-400b-9c8e-95fb9d4c8878,2025-06-16,23:53:02,2025-06-16T23:53:02Z,2025-06-16T23:53:02Z,NA,v3,6101,6096,NA,"Lackey, Vahn",822518,Right,HYA_HAR,38e69763-589f-4c32-87ca-9ed1493fb458,54.5264,-140.87894,17.82618,5.44002,-3.4069,-5.06405,-2.30841,7.30592,-9.06763,NA,NA,NA,NA,NA,NA,NA,NA,NA,NA,NA,NA,NA,NA,NA,NA,NA,NA,NA,NA,NA,NA,NA,NA,NA,NA,NA,NA,NA,NA,NA,NA,NA,NA,NA,NA,NA,NA,NA,NA,NA,NA,NA,NA,NA,NA,NA,NA,NA,NA,High,High,High,NA,NA,NA,NA,NA,NA,NA,NA,NA,NA,NA,NA,NA,NA,NA,NA,NA,NA,NA,NA,NA,NA,NA,NA,NA,NA,NA,NA,NA,NA,NA,NA,NA,NA,NA,NA,NA,NA,NA,NA,NA,NA,NA,NA,NA,NA,NA,NA,NA,NA,NA,NA,NA,NA,NA,NA,NA,NA
NA,NA,NA,NA,NA,NA,NA,NA,NA,NA,NA,NA,NA,NA,NA,NA,198,2025-06-16,19:53:19,2,3,"August, Tyler",814094,Right,HYA_HAR,"Paulsen, Erik",822807,Left,BRE_WHI,Undefined,6,Top,1,1,1,Slider,Slider,InPlay,Undefined,Popup,Out,1,0,NA,87.94473,-0.405146,-3.356274,2318.676391,275.556343,03:15:00,5.17305,2.50725,6.17926,-35.44403,0.90634,4.10618,1.8446,-0.25351,79.4634,-6.99662,-2.616409,0.433936,84.1862,64.722485,-15.548437,NA,86.88617,127.6541,-67.45953,158.2487,61.6632,-40.437634,5.772596,-3.23776,0.95744,-2.25555,50,5.12457,7.31079,-127.46494,-2.08148,-5.23436,30.44013,-30.62616,HYA_HAR,BRE_WHI,CCBLHyannis,Cape Cod Baseball League,CCBL,20250616-CCBLHyannis-2,14831b80-4b0d-11f0-ac99-2d93a97aa58f,86.86174,138.56462,NA,8.48133,NA,NA,NA,2.22407,1.73404,0.19264,aecf949a-adfb-400b-9c8e-95fb9d4c8878,2025-06-16,23:53:19,2025-06-16T23:53:19Z,2025-06-16T23:53:19Z,Popup,v3,6101,6096,NA,"Lackey, Vahn",822518,Right,HYA_HAR,8b4f09b4-5ec5-44eb-a23c-3c2eea4f59db,54.31872,-128.49216,15.22006,5.17738,-1.04798,-15.31308,-2.50524,7.48743,-2.61718,158.579596,2.21384,50.8932,-18.17285,5.49618,-0.87892,-0.05914,0.05645,-0.00931,5.1e-4,1.70625,112.13069,-30.47288,5.64129,-2.04891,0.60188,-0.10755,0.00995,-3.6e-4,0.18047,-13.97521,-5.97187,2.98313,-0.78169,0.07597,0.01296,-0.00373,2.5e-4,NA,NA,NA,NA,NA,NA,NA,NA,NA,NA,NA,NA,NA,NA,NA,NA,NA,NA,NA,NA,NA,NA,High,High,High,High,Low,NA,NA,NA,NA,NA,NA,NA,NA,NA,NA,NA,NA,NA,NA,NA,NA,NA,NA,NA,NA,NA,NA,NA,NA,NA,NA,NA,NA,NA,NA,NA,NA,NA,NA,NA,NA,NA,NA,NA,NA,NA,NA,NA,NA,NA,NA,NA,NA,NA,NA,NA,NA,NA,NA,NA,NA
NA,NA,NA,NA,NA,NA,NA,NA,NA,NA,NA,NA,NA,NA,NA,NA,199,2025-06-16,19:53:53,3,1,"August, Tyler",814094,Right,HYA_HAR,"Coates, Colton",813832,Left,BRE_WHI,Undefined,6,Top,2,0,0,ChangeUp,Changeup,BallCalled,Undefined,Undefined,Undefined,0,0,NA,84.71785,0.262305,-2.505149,1765.547208,255.692922,02:30:00,5.16123,2.50104,6.00516,-32.74399,6.29008,19.51395,2.67582,1.80469,76.99139,-5.839858,1.003901,0.449669,NA,NA,NA,NA,NA,NA,NA,NA,NA,NA,NA,-10.70847,3.56827,-2.31432,50,5.16417,4.58699,-122.94673,-0.49563,-16.26626,26.10586,-26.75384,HYA_HAR,BRE_WHI,CCBLHyannis,Cape Cod Baseball League,CCBL,20250616-CCBLHyannis-2,28f79e60-4b0d-11f0-ac99-2d93a97aa58f,83.82254,NA,NA,7.72646,NA,NA,NA,NA,NA,NA,aecf949a-adfb-400b-9c8e-95fb9d4c8878,2025-06-16,23:53:53,2025-06-16T23:53:53Z,2025-06-16T23:53:53Z,NA,v3,6101,6096,NA,"Lackey, Vahn",822518,Right,HYA_HAR,00efb13a-03dd-4d03-98d4-608d12a620a0,54.49292,-123.89706,13.05293,5.16448,0.47829,-13.37692,-2.49208,5.17913,-8.13313,NA,NA,NA,NA,NA,NA,NA,NA,NA,NA,NA,NA,NA,NA,NA,NA,NA,NA,NA,NA,NA,NA,NA,NA,NA,NA,NA,NA,NA,NA,NA,NA,NA,NA,NA,NA,NA,NA,NA,NA,NA,NA,NA,NA,NA,NA,NA,NA,NA,NA,High,High,High,NA,NA,NA,NA,NA,NA,NA,NA,NA,NA,NA,NA,NA,NA,NA,NA,NA,NA,NA,NA,NA,NA,NA,NA,NA,NA,NA,NA,NA,NA,NA,NA,NA,NA,NA,NA,NA,NA,NA,NA,NA,NA,NA,NA,NA,NA,NA,NA,NA,NA,NA,NA,NA,NA,NA,NA,NA,NA
NA,NA,NA,NA,NA,NA,NA,NA,NA,NA,NA,NA,NA,NA,NA,NA,200,2025-06-16,19:54:07,3,2,"August, Tyler",814094,Right,HYA_HAR,"Coates, Colton",813832,Left,BRE_WHI,Undefined,6,Top,2,1,0,Slider,Slider,FoulBallFieldable,Undefined,Undefined,Undefined,0,0,NA,88.60821,-0.360123,-3.437034,2354.413877,181.990138,12:00:00,5.23467,2.54759,6.01881,-30.91124,5.29366,0.13697,2.32456,-0.62843,79.62074,-6.130907,-3.412456,0.433067,90.44058,-11.680617,51.524903,NA,NA,NA,NA,14.02451,14.02451,44.513249,0.091041,-1.24744,3.21666,-2.27813,50,5.18976,7.70007,-128.30136,-1.83943,-2.03395,31.94486,-26.92931,HYA_HAR,BRE_WHI,CCBLHyannis,Cape Cod Baseball League,CCBL,20250616-CCBLHyannis-2,318f5360-4b0d-11f0-ac99-2d93a97aa58f,87.03604,2.44958,NA,8.98747,NA,NA,NA,2.62873,2.44958,0.55609,aecf949a-adfb-400b-9c8e-95fb9d4c8878,2025-06-16,23:54:07,2025-06-16T23:54:07Z,2025-06-16T23:54:07Z,GroundBall,v3,6101,6096,NA,"Lackey, Vahn",822518,Right,HYA_HAR,060b639f-d418-4b19-b7f4-aa2cef7689ce,54.47792,-129.41148,15.97243,5.23742,-0.90361,-13.46466,-2.54695,7.77075,-1.01697,NA,2.62647,80.97398,NA,NA,NA,NA,NA,NA,NA,2.45033,-26.90618,NA,NA,NA,NA,NA,NA,NA,0.55325,101.88911,NA,NA,NA,NA,NA,NA,NA,NA,NA,NA,NA,NA,NA,NA,NA,NA,NA,NA,NA,NA,NA,NA,NA,NA,NA,NA,NA,NA,NA,High,High,High,Estimated,Estimated,NA,NA,NA,NA,NA,NA,NA,NA,NA,NA,NA,NA,NA,NA,NA,NA,NA,NA,NA,NA,NA,NA,NA,NA,NA,NA,NA,NA,NA,NA,NA,NA,NA,NA,NA,NA,NA,NA,NA,NA,NA,NA,NA,NA,NA,NA,NA,NA,NA,NA,NA,NA,NA,NA,NA,NA
NA,NA,NA,NA,NA,NA,NA,NA,NA,NA,NA,NA,NA,NA,NA,NA,201,2025-06-16,19:54:28,3,3,"August, Tyler",814094,Right,HYA_HAR,"Coates, Colton",813832,Left,BRE_WHI,Undefined,6,Top,2,1,1,ChangeUp,Changeup,BallCalled,Undefined,Undefined,Undefined,0,0,NA,84.72474,0.535712,-2.190161,1643.81598,257.185455,02:30:00,5.1459,2.45414,6.11598,-33.40447,5.83268,19.33316,2.85787,2.03929,76.25578,-5.723654,1.294219,0.450838,NA,NA,NA,NA,NA,NA,NA,NA,NA,NA,NA,-10.5819,3.28894,-2.29548,50,5.17005,3.90899,-122.86659,0.08633,-15.88629,28.41077,-27.23645,HYA_HAR,BRE_WHI,CCBLHyannis,Cape Cod Baseball League,CCBL,20250616-CCBLHyannis-2,3dfe4f20-4b0d-11f0-ac99-2d93a97aa58f,83.60534,NA,NA,8.46896,NA,NA,NA,NA,NA,NA,aecf949a-adfb-400b-9c8e-95fb9d4c8878,2025-06-16,23:54:28,2025-06-16T23:54:28Z,2025-06-16T23:54:28Z,NA,v3,6101,6096,NA,"Lackey, Vahn",822518,Right,HYA_HAR,d7f16ded-8151-4366-84c4-82d61b9cdbf6,54.38004,-123.87526,14.20538,5.14982,1.05331,-13.61823,-2.44427,4.47301,-7.94314,NA,NA,NA,NA,NA,NA,NA,NA,NA,NA,NA,NA,NA,NA,NA,NA,NA,NA,NA,NA,NA,NA,NA,NA,NA,NA,NA,NA,NA,NA,NA,NA,NA,NA,NA,NA,NA,NA,NA,NA,NA,NA,NA,NA,NA,NA,NA,NA,NA,NA,High,High,High,NA,NA,NA,NA,NA,NA,NA,NA,NA,NA,NA,NA,NA,NA,NA,NA,NA,NA,NA,NA,NA,NA,NA,NA,NA,NA,NA,NA,NA,NA,NA,NA,NA,NA,NA,NA,NA,NA,NA,NA,NA,NA,NA,NA,NA,NA,NA,NA,NA,NA,NA,NA,NA,NA,NA,NA,NA,NA
NA,NA,NA,NA,NA,NA,NA,NA,NA,NA,NA,NA,NA,NA,NA,NA,202,2025-06-16,19:54:42,3,4,"August, Tyler",814094,Right,HYA_HAR,"Coates, Colton",813832,Left,BRE_WHI,Undefined,6,Top,2,2,1,Fastball,Four-Seam,BallCalled,Undefined,Undefined,Undefined,0,0,NA,96.79517,-3.145682,-4.549385,2267.638115,219.283102,01:15:00,5.34839,2.12666,6.06622,-10.93658,19.39993,14.92469,1.51374,-0.84866,86.82858,-5.306966,-1.874126,0.396419,NA,NA,NA,NA,NA,NA,NA,NA,NA,NA,NA,-9.16839,11.34481,-1.78116,50,5.09779,10.44392,-139.82278,-7.96905,-17.83249,36.68014,-10.10841,HYA_HAR,BRE_WHI,CCBLHyannis,Cape Cod Baseball League,CCBL,20250616-CCBLHyannis-2,46650910-4b0d-11f0-ac99-2d93a97aa58f,95.08237,NA,NA,9.96659,NA,NA,NA,NA,NA,NA,aecf949a-adfb-400b-9c8e-95fb9d4c8878,2025-06-16,23:54:42,2025-06-16T23:54:42Z,2025-06-16T23:54:42Z,NA,v3,6101,6096,NA,"Lackey, Vahn",822518,Right,HYA_HAR,069fd159-16bf-4a85-846c-6c167e6fa2bd,54.43056,-140.98027,18.34007,5.34423,-7.65006,-5.0542,-2.11962,11.00665,-8.91625,NA,NA,NA,NA,NA,NA,NA,NA,NA,NA,NA,NA,NA,NA,NA,NA,NA,NA,NA,NA,NA,NA,NA,NA,NA,NA,NA,NA,NA,NA,NA,NA,NA,NA,NA,NA,NA,NA,NA,NA,NA,NA,NA,NA,NA,NA,NA,NA,NA,NA,High,High,High,NA,NA,NA,NA,NA,NA,NA,NA,NA,NA,NA,NA,NA,NA,NA,NA,NA,NA,NA,NA,NA,NA,NA,NA,NA,NA,NA,NA,NA,NA,NA,NA,NA,NA,NA,NA,NA,NA,NA,NA,NA,NA,NA,NA,NA,NA,NA,NA,NA,NA,NA,NA,NA,NA,NA,NA,NA,NA
NA,NA,NA,NA,NA,NA,NA,NA,NA,NA,NA,NA,NA,NA,NA,NA,203,2025-06-16,19:54:55,3,5,"August, Tyler",814094,Right,HYA_HAR,"Coates, Colton",813832,Left,BRE_WHI,Undefined,6,Top,2,3,1,Fastball,Four-Seam,FoulBallNotFieldable,Undefined,Undefined,Undefined,0,0,NA,96.30922,-2.450007,-4.397124,2205.033375,221.381244,01:30:00,5.35893,2.17386,6.1348,-10.59445,19.99292,16.57343,2.2036,-0.51701,86.13938,-4.562122,-1.421127,0.398054,69.65081,49.132459,-124.422612,4607.844904,NA,NA,NA,NA,52.52705,NA,NA,-10.01658,11.46674,-1.84602,50,5.16583,9.95534,-139.21936,-6.20732,-19.26219,37.13612,-10.12309,HYA_HAR,BRE_WHI,CCBLHyannis,Cape Cod Baseball League,CCBL,20250616-CCBLHyannis-2,4e237510-4b0d-11f0-ac99-2d93a97aa58f,94.69169,48.8188,NA,10.16983,NA,NA,NA,1.41224,2.06887,0.61876,aecf949a-adfb-400b-9c8e-95fb9d4c8878,2025-06-16,23:54:55,2025-06-16T23:54:55Z,2025-06-16T23:54:55Z,NA,v3,6101,6096,NA,"Lackey, Vahn",822518,Right,HYA_HAR,66c77bf1-2ac1-41bc-a507-aa6e69eecdc2,54.36179,-140.37803,18.56806,5.35458,-5.89148,-5.06155,-2.16601,10.55633,-9.6311,32.045966,1.41224,-37.78471,-2.9347,-0.63886,0.26432,-0.27896,0.32249,-0.22782,0.06473,2.06887,77.25175,-28.35247,3.58102,-0.95029,0.68597,-0.77549,0.53637,-0.14631,0.61876,-55.13642,7.14811,-0.55145,0.10879,-0.06923,0.0992,-0.06752,0.01676,NA,NA,NA,NA,NA,NA,NA,NA,NA,NA,NA,NA,NA,NA,NA,NA,NA,NA,NA,NA,NA,NA,High,High,High,High,Undefined,NA,NA,NA,NA,NA,NA,NA,NA,NA,NA,NA,NA,NA,NA,NA,NA,NA,NA,NA,NA,NA,NA,NA,NA,NA,NA,NA,NA,NA,NA,NA,NA,NA,NA,NA,NA,NA,NA,NA,NA,NA,NA,NA,NA,NA,NA,NA,NA,NA,NA,NA,NA,NA,NA,NA,NA
NA,NA,NA,NA,NA,NA,NA,NA,NA,NA,NA,NA,NA,NA,NA,NA,204,2025-06-16,19:55:16,3,6,"August, Tyler",814094,Right,HYA_HAR,"Coates, Colton",813832,Left,BRE_WHI,Undefined,6,Top,2,3,2,Fastball,Four-Seam,InPlay,Undefined,FlyBall,Out,1,0,NA,96.94741,-2.277188,-3.801675,2226.931736,218.863155,01:15:00,5.41775,2.19636,6.03463,-12.89536,17.04584,12.89119,2.22873,-0.25485,87.70094,-4.771197,-1.4887,0.393827,81.22016,42.388204,-25.700053,NA,91.91812,81.22886,-60.42352,259.32503,133.09276,-40.834127,4.917641,-7.80579,9.77812,-1.9062,50,5.23262,8.74657,-140.38553,-5.9613,-15.43153,34.56354,-12.84335,HYA_HAR,BRE_WHI,CCBLHyannis,Cape Cod Baseball League,CCBL,20250616-CCBLHyannis-2,5a606450-4b0d-11f0-ac99-2d93a97aa58f,95.708,88.578,NA,9.24646,NA,NA,NA,0.93476,2.40676,-0.27962,aecf949a-adfb-400b-9c8e-95fb9d4c8878,2025-06-16,23:55:16,2025-06-16T23:55:16Z,2025-06-16T23:55:16Z,FlyBall,v3,6101,6096,NA,"Lackey, Vahn",822518,Right,HYA_HAR,34e53403-ee93-45ed-86b7-37bd93009852,54.4635,-141.4802,17.28177,5.41498,-5.55453,-6.42168,-2.19095,9.2353,-7.71576,144.902838,0.94609,79.03648,-19.32074,3.78055,0.21448,-0.41746,0.11851,-0.01434,6.5e-4,2.40652,80.29553,-21.35979,1.1588,0.3345,-0.29242,0.09535,-0.01444,8.3e-4,-0.27912,-38.16115,-0.90092,1.31524,-0.54467,0.16922,-0.03872,0.00524,-3e-4,NA,NA,NA,NA,NA,NA,NA,NA,NA,NA,NA,NA,NA,NA,NA,NA,NA,NA,NA,NA,NA,NA,High,High,High,High,Medium,NA,NA,NA,NA,NA,NA,NA,NA,NA,NA,NA,NA,NA,NA,NA,NA,NA,NA,NA,NA,NA,NA,NA,NA,NA,NA,NA,NA,NA,NA,NA,NA,NA,NA,NA,NA,NA,NA,NA,NA,NA,NA,NA,NA,NA,NA,NA,NA,NA,NA,NA,NA,NA,NA,NA,NA
NA,NA,NA,NA,NA,NA,NA,NA,NA,NA,NA,NA,NA,NA,NA,NA,205,2025-06-16,19:59:40,1,1,"Philpott, Alex",806193,Right,BRE_WHI,"Bailey, Myles",815343,Left,HYA_HAR,Undefined,6,Bottom,0,0,0,Cutter,Slider,FoulBallNotFieldable,Undefined,Undefined,Undefined,0,0,NA,86.90971,-0.511622,-1.960873,2432.334709,161.305337,11:30:00,5.90465,1.84248,5.89471,-30.01927,6.87989,-1.94713,2.92774,-0.14102,79.8194,-6.071065,-2.310247,0.4372,75.6947,56.573395,-161.287163,5295.550661,NA,NA,NA,NA,28.89557,NA,NA,0.47024,3.98193,-1.68343,50,5.84604,4.40032,-126.26047,-2.1283,0.7601,25.37565,-25.73733,HYA_HAR,BRE_WHI,CCBLHyannis,Cape Cod Baseball League,CCBL,20250616-CCBLHyannis-2,f7dba370-4b0d-11f0-ac99-2d93a97aa58f,86.21335,41.52305,NA,7.0903,NA,NA,NA,2.94478,2.96874,0.11717,aecf949a-adfb-400b-9c8e-95fb9d4c8878,2025-06-16,23:59:40,2025-06-16T23:59:40Z,2025-06-16T23:59:40Z,NA,v3,6101,6096,NA,"Tinney, Carson",806245,Right,BRE_WHI,d3829c8c-5764-4f3c-8e94-788c2bb7c3ae,54.60533,-127.18267,12.68782,5.90639,-1.19295,-12.86867,-1.84284,4.3727,0.38005,1.706424,2.94478,-57.92386,-1.78963,3.41425,-1.31261,0.41984,-0.11495,0.02439,-0.00187,2.96874,92.65535,-38.33201,6.81092,-1.51226,0.30192,-0.05474,0.00603,9.4e-4,0.11717,-19.62061,0.14174,0.83978,-0.34973,0.11701,-0.03401,0.00879,-0.0014,NA,NA,NA,NA,NA,NA,NA,NA,NA,NA,NA,NA,NA,NA,NA,NA,NA,NA,NA,NA,NA,NA,High,High,High,High,Undefined,NA,NA,NA,NA,NA,NA,NA,NA,NA,NA,NA,NA,NA,NA,NA,NA,NA,NA,NA,NA,NA,NA,NA,NA,NA,NA,NA,NA,NA,NA,NA,NA,NA,NA,NA,NA,NA,NA,NA,NA,NA,NA,NA,NA,NA,NA,NA,NA,NA,NA,NA,NA,NA,NA,NA,NA
NA,NA,NA,NA,NA,NA,NA,NA,NA,NA,NA,NA,NA,NA,NA,NA,206,2025-06-16,19:59:57,1,2,"Philpott, Alex",806193,Right,BRE_WHI,"Bailey, Myles",815343,Left,HYA_HAR,Undefined,6,Bottom,0,0,1,Fastball,Four-Seam,BallCalled,Undefined,Undefined,Undefined,0,0,NA,95.26881,-0.865161,-2.958939,2573.295688,208.861251,01:00:00,5.9347,1.75306,6.4057,-11.33792,19.36631,10.05312,4.19323,-0.13238,85.52197,-3.117503,-1.140592,0.398814,NA,NA,NA,NA,NA,NA,NA,NA,NA,NA,NA,-6.15552,10.65839,-1.54508,50,5.86703,6.69542,-138.10604,-2.32436,-11.68916,35.57038,-11.93406,HYA_HAR,BRE_WHI,CCBLHyannis,Cape Cod Baseball League,CCBL,20250616-CCBLHyannis-2,01ad3800-4b0e-11f0-ac99-2d93a97aa58f,94.5113,NA,NA,9.74685,NA,NA,NA,NA,NA,NA,aecf949a-adfb-400b-9c8e-95fb9d4c8878,2025-06-16,23:59:57,2025-06-16T23:59:57Z,2025-06-16T23:59:57Z,NA,v3,6101,6096,NA,"Tinney, Carson",806245,Right,BRE_WHI,e0474811-580d-4d5f-b099-1c5a4b36b09c,54.08909,-139.15523,17.78519,5.9304,-1.97235,-5.96703,-1.74765,7.04021,-5.84458,NA,NA,NA,NA,NA,NA,NA,NA,NA,NA,NA,NA,NA,NA,NA,NA,NA,NA,NA,NA,NA,NA,NA,NA,NA,NA,NA,NA,NA,NA,NA,NA,NA,NA,NA,NA,NA,NA,NA,NA,NA,NA,NA,NA,NA,NA,NA,NA,NA,NA,High,High,High,NA,NA,NA,NA,NA,NA,NA,NA,NA,NA,NA,NA,NA,NA,NA,NA,NA,NA,NA,NA,NA,NA,NA,NA,NA,NA,NA,NA,NA,NA,NA,NA,NA,NA,NA,NA,NA,NA,NA,NA,NA,NA,NA,NA,NA,NA,NA,NA,NA,NA,NA,NA,NA,NA,NA,NA,NA,NA
NA,NA,NA,NA,NA,NA,NA,NA,NA,NA,NA,NA,NA,NA,NA,NA,207,2025-06-16,20:00:12,1,3,"Philpott, Alex",806193,Right,BRE_WHI,"Bailey, Myles",815343,Left,HYA_HAR,Undefined,6,Bottom,0,1,1,Fastball,Four-Seam,FoulBallNotFieldable,Undefined,Undefined,Undefined,0,0,NA,94.63835,-2.431637,-2.575553,2598.148218,208.93484,01:00:00,5.90152,1.73907,6.29581,-9.8904,21.37348,11.17434,2.83313,0.29547,85.05134,-4.416681,-0.557467,0.402432,87.87217,54.879801,-74.169993,3998.725861,8.87279,114.39163,-109.64125,246.15976,90.17439,-93.571262,5.275485,-6.67055,12.25418,-1.5549,50,5.71771,5.69248,-137.15333,-6.02386,-12.48539,35.25066,-9.23766,HYA_HAR,BRE_WHI,CCBLHyannis,Cape Cod Baseball League,CCBL,20250616-CCBLHyannis-2,0b1694e0-4b0e-11f0-ac99-2d93a97aa58f,93.66158,121.415,NA,9.58701,NA,NA,NA,2.24458,2.19285,0.35676,aecf949a-adfb-400b-9c8e-95fb9d4c8878,2025-06-17,00:00:12,2025-06-17T00:00:12Z,2025-06-17T00:00:12Z,FlyBall,v3,6101,6096,NA,"Tinney, Carson",806245,Right,BRE_WHI,759b6cf2-7854-4670-a6d3-ba03196ed5d2,54.20159,-138.22899,17.62533,5.89722,-5.74198,-4.61883,-1.73442,6.07347,-6.2427,NA,2.2875,19.35751,-11.35254,-1.16111,3.59998,-1.79846,0.43052,-0.05066,0.00235,2.2046,105.22823,-28.69599,3.07665,-0.42843,0.10092,-0.03847,0.00729,-4.8e-4,0.34646,-71.16698,8.04422,-0.85592,-0.00137,-0.05205,0.03813,-0.00778,5.1e-4,NA,NA,NA,NA,NA,NA,NA,NA,NA,NA,NA,NA,NA,NA,NA,NA,NA,NA,NA,NA,NA,NA,High,High,High,Medium,Low,NA,NA,NA,NA,NA,NA,NA,NA,NA,NA,NA,NA,NA,NA,NA,NA,NA,NA,NA,NA,NA,NA,NA,NA,NA,NA,NA,NA,NA,NA,NA,NA,NA,NA,NA,NA,NA,NA,NA,NA,NA,NA,NA,NA,NA,NA,NA,NA,NA,NA,NA,NA,NA,NA,NA,NA
NA,NA,NA,NA,NA,NA,NA,NA,NA,NA,NA,NA,NA,NA,NA,NA,208,2025-06-16,20:00:33,1,4,"Philpott, Alex",806193,Right,BRE_WHI,"Bailey, Myles",815343,Left,HYA_HAR,Undefined,6,Bottom,0,1,2,Fastball,Four-Seam,FoulBallNotFieldable,Undefined,Undefined,Undefined,0,0,NA,96.22666,-2.662818,-1.854998,2571.698371,203.262713,12:45:00,5.99112,1.54467,6.34137,-8.40898,21.6382,8.84016,2.83583,0.57298,86.84486,-4.365856,-0.25613,0.394524,80.21607,44.22163,-139.299936,4165.638912,NA,NA,NA,NA,51.23005,NA,NA,-5.20319,12.43788,-1.41381,50,5.79319,4.14061,-139.56287,-6.63827,-10.12758,35.26149,-7.96485,HYA_HAR,BRE_WHI,CCBLHyannis,Cape Cod Baseball League,CCBL,20250616-CCBLHyannis-2,172dd3b0-4b0e-11f0-ac99-2d93a97aa58f,95.53905,43.14808,NA,9.3818,NA,NA,NA,1.85413,2.60334,-0.41695,aecf949a-adfb-400b-9c8e-95fb9d4c8878,2025-06-17,00:00:33,2025-06-17T00:00:33Z,2025-06-17T00:00:33Z,NA,v3,6101,6096,NA,"Tinney, Carson",806245,Right,BRE_WHI,125c3fdc-f5bb-4e66-abe6-12a3693ed3d8,54.1565,-140.60911,17.63075,5.98665,-6.40195,-3.98242,-1.5411300000000001,4.44111,-5.06379,33.484975,1.85413,-63.92097,-0.56017,1.25268,-0.50508,0.15632,-0.03678,0.00274,0.00122,2.60334,82.05335,-32.9545,4.87307,-0.90436,0.20129,-0.16408,0.15003,-0.05728,-0.41695,-54.98084,11.15054,-5.03335,1.55211,-0.45901,0.18408,-0.09986,0.03278,NA,NA,NA,NA,NA,NA,NA,NA,NA,NA,NA,NA,NA,NA,NA,NA,NA,NA,NA,NA,NA,NA,High,High,High,High,Undefined,NA,NA,NA,NA,NA,NA,NA,NA,NA,NA,NA,NA,NA,NA,NA,NA,NA,NA,NA,NA,NA,NA,NA,NA,NA,NA,NA,NA,NA,NA,NA,NA,NA,NA,NA,NA,NA,NA,NA,NA,NA,NA,NA,NA,NA,NA,NA,NA,NA,NA,NA,NA,NA,NA,NA,NA
NA,NA,NA,NA,NA,NA,NA,NA,NA,NA,NA,NA,NA,NA,NA,NA,209,2025-06-16,20:00:52,1,5,"Philpott, Alex",806193,Right,BRE_WHI,"Bailey, Myles",815343,Left,HYA_HAR,Undefined,6,Bottom,0,1,2,Fastball,Four-Seam,StrikeCalled,Strikeout,Undefined,Undefined,0,0,NA,96.73489,-2.845063,-3.98837,2699.685863,221.713876,01:30:00,5.94877,1.61585,6.44018,-10.8217,18.9769,15.93489,2.4241,-0.72713,87.03685,-4.993028,-1.107924,0.392889,NA,NA,NA,NA,NA,NA,NA,NA,NA,NA,NA,-9.56615,11.12284,-1.33882,50,5.74098,9.06554,-140.0052,-7.20631,-18.70221,36.03832,-10.42844,HYA_HAR,BRE_WHI,CCBLHyannis,Cape Cod Baseball League,CCBL,20250616-CCBLHyannis-2,229152e0-4b0e-11f0-ac99-2d93a97aa58f,95.93673,NA,NA,9.69803,NA,NA,NA,NA,NA,NA,aecf949a-adfb-400b-9c8e-95fb9d4c8878,2025-06-17,00:00:52,2025-06-17T00:00:52Z,2025-06-17T00:00:52Z,NA,v3,6101,6096,NA,"Tinney, Carson",806245,Right,BRE_WHI,1ae7177e-e8d1-4d45-b0b8-cdf892605ccd,54.05684,-141.0456,18.01916,5.94468,-6.90525,-5.21422,-1.60833,9.60545,-9.35111,NA,NA,NA,NA,NA,NA,NA,NA,NA,NA,NA,NA,NA,NA,NA,NA,NA,NA,NA,NA,NA,NA,NA,NA,NA,NA,NA,NA,67.87018,2.668296,1.601792,1.066504,0.19824,2.31696,0.74998,-0.93621,5.50443,0.15131,83.08928,8.92751,-41.70219,-0.8713,84.48681,-5.37995,5.57327,18.4287,-14.30457,0.0204,-46.47831,6.85388,High,High,High,NA,NA,High,High,High,NA,NA,NA,NA,NA,NA,NA,NA,NA,NA,NA,NA,NA,NA,NA,NA,NA,NA,NA,NA,NA,NA,NA,NA,NA,NA,NA,NA,NA,NA,NA,NA,NA,NA,NA,NA,NA,NA,NA,NA,NA,NA,NA,NA,NA,NA,NA,NA,NA,NA,NA,NA,NA
NA,NA,NA,NA,NA,NA,NA,NA,NA,NA,NA,NA,NA,NA,NA,NA,210,2025-06-16,20:01:29,2,1,"Philpott, Alex",806193,Right,BRE_WHI,"Federico, Hayden",820838,Left,HYA_HAR,Undefined,6,Bottom,1,0,0,Cutter,Cutter,StrikeCalled,Undefined,Undefined,Undefined,0,0,NA,86.73975,-1.24926,-1.540646,2456.78899,154.655369,11:15:00,5.75858,2.07167,5.9355,-24.72915,12.34131,-5.29398,2.53826,0.20087,79.47711,-5.868136,-2.491344,0.438213,NA,NA,NA,NA,NA,NA,NA,NA,NA,NA,NA,2.27083,7.03741,-1.94586,50,5.64494,3.60685,-125.94384,-3.52975,3.64803,25.53116,-20.86852,HYA_HAR,BRE_WHI,CCBLHyannis,Cape Cod Baseball League,CCBL,20250616-CCBLHyannis-2,38eee110-4b0e-11f0-ac99-2d93a97aa58f,86.01396,NA,NA,7.26264,NA,NA,NA,NA,NA,NA,aecf949a-adfb-400b-9c8e-95fb9d4c8878,2025-06-17,00:01:29,2025-06-17T00:01:29Z,2025-06-17T00:01:29Z,NA,v3,6101,6096,NA,"Tinney, Carson",806245,Right,BRE_WHI,72867f72-2fbb-47ed-bc66-3798766bffd3,54.5612,-126.86511,12.76558,5.75873,-2.77673,-10.43426,-2.07363,3.47522,1.82402,NA,NA,NA,NA,NA,NA,NA,NA,NA,NA,NA,NA,NA,NA,NA,NA,NA,NA,NA,NA,NA,NA,NA,NA,NA,NA,NA,NA,NA,NA,NA,NA,NA,NA,NA,NA,NA,NA,NA,NA,NA,NA,NA,NA,NA,NA,NA,NA,NA,NA,High,High,High,NA,NA,NA,NA,NA,NA,NA,NA,NA,NA,NA,NA,NA,NA,NA,NA,NA,NA,NA,NA,NA,NA,NA,NA,NA,NA,NA,NA,NA,NA,NA,NA,NA,NA,NA,NA,NA,NA,NA,NA,NA,NA,NA,NA,NA,NA,NA,NA,NA,NA,NA,NA,NA,NA,NA,NA,NA,NA
NA,NA,NA,NA,NA,NA,NA,NA,NA,NA,NA,NA,NA,NA,NA,NA,211,2025-06-16,20:01:47,2,2,"Philpott, Alex",806193,Right,BRE_WHI,"Federico, Hayden",820838,Left,HYA_HAR,Undefined,6,Bottom,1,0,1,Slider,Slider,BallCalled,Undefined,Undefined,Undefined,0,0,NA,80.45187,-0.910769,-3.10401,2352.040091,60.785366,08:00:00,5.70183,2.0342,6.1458,-45.3275,-2.4739,-6.77008,1.08164,-1.40103,74.26158,-9.230434,-4.324351,0.471156,NA,NA,NA,NA,NA,NA,NA,NA,NA,NA,NA,2.64362,-0.67386,-1.79422,50,5.60895,6.57631,-116.81144,-3.26262,3.64368,22.50828,-33.10282,HYA_HAR,BRE_WHI,CCBLHyannis,Cape Cod Baseball League,CCBL,20250616-CCBLHyannis-2,43516b00-4b0e-11f0-ac99-2d93a97aa58f,79.99985,NA,NA,6.19029,NA,NA,NA,NA,NA,NA,aecf949a-adfb-400b-9c8e-95fb9d4c8878,2025-06-17,00:01:47,2025-06-17T00:01:47Z,2025-06-17T00:01:47Z,NA,v3,6101,6096,NA,"Tinney, Carson",806245,Right,BRE_WHI,8864de4f-c435-4a26-98cf-c5ce2c413730,54.35514,-117.64764,11.25414,5.70732,-2.03284,-16.55141,-2.03602,6.44094,1.82184,NA,NA,NA,NA,NA,NA,NA,NA,NA,NA,NA,NA,NA,NA,NA,NA,NA,NA,NA,NA,NA,NA,NA,NA,NA,NA,NA,NA,NA,NA,NA,NA,NA,NA,NA,NA,NA,NA,NA,NA,NA,NA,NA,NA,NA,NA,NA,NA,NA,NA,High,High,High,NA,NA,NA,NA,NA,NA,NA,NA,NA,NA,NA,NA,NA,NA,NA,NA,NA,NA,NA,NA,NA,NA,NA,NA,NA,NA,NA,NA,NA,NA,NA,NA,NA,NA,NA,NA,NA,NA,NA,NA,NA,NA,NA,NA,NA,NA,NA,NA,NA,NA,NA,NA,NA,NA,NA,NA,NA,NA
NA,NA,NA,NA,NA,NA,NA,NA,NA,NA,NA,NA,NA,NA,NA,NA,212,2025-06-16,20:02:07,2,3,"Philpott, Alex",806193,Right,BRE_WHI,"Federico, Hayden",820838,Left,HYA_HAR,Undefined,6,Bottom,1,1,1,Curveball,Curveball,StrikeSwinging,Undefined,Undefined,Undefined,0,0,NA,79.50558,-0.195882,-0.907883,2329.24811,46.901837,07:30:00,5.76725,2.09378,5.91607,-53.57286,-8.87197,-11.1241,1.12104,0.32413,72.56867,-10.006932,-2.911699,0.481204,NA,NA,NA,NA,NA,NA,NA,NA,NA,NA,NA,5.38788,-3.97795,-2.01486,50,5.72166,2.25302,-115.43809,-2.15649,7.15549,24.65648,-37.45705,HYA_HAR,BRE_WHI,CCBLHyannis,Cape Cod Baseball League,CCBL,20250616-CCBLHyannis-2,4f406150-4b0e-11f0-ac99-2d93a97aa58f,78.3294,NA,NA,6.93691,NA,NA,NA,NA,NA,NA,aecf949a-adfb-400b-9c8e-95fb9d4c8878,2025-06-17,00:02:07,2025-06-17T00:02:07Z,2025-06-17T00:02:07Z,NA,v3,6101,6096,NA,"Tinney, Carson",806245,Right,BRE_WHI,d660b4f2-0554-4040-ab46-ffa732b3a386,54.58371,-116.41301,12.32824,5.77765,-0.67543,-18.72852,-2.09835,1.97009,3.57774,NA,NA,NA,NA,NA,NA,NA,NA,NA,NA,NA,NA,NA,NA,NA,NA,NA,NA,NA,NA,NA,NA,NA,NA,NA,NA,NA,NA,NA,NA,NA,NA,NA,NA,NA,NA,NA,NA,NA,NA,NA,NA,NA,NA,NA,NA,NA,NA,NA,NA,High,High,High,NA,NA,NA,NA,NA,NA,NA,NA,NA,NA,NA,NA,NA,NA,NA,NA,NA,NA,NA,NA,NA,NA,NA,NA,NA,NA,NA,NA,NA,NA,NA,NA,NA,NA,NA,NA,NA,NA,NA,NA,NA,NA,NA,NA,NA,NA,NA,NA,NA,NA,NA,NA,NA,NA,NA,NA,NA,NA
NA,NA,NA,NA,NA,NA,NA,NA,NA,NA,NA,NA,NA,NA,NA,NA,213,2025-06-16,20:02:27,2,4,"Philpott, Alex",806193,Right,BRE_WHI,"Federico, Hayden",820838,Left,HYA_HAR,Undefined,6,Bottom,1,1,2,Fastball,Four-Seam,BallCalled,Undefined,Undefined,Undefined,0,0,NA,93.84883,-2.276057,-1.342708,2490.903064,210.263301,01:00:00,5.98458,1.73795,6.28148,-11.05489,20.72076,11.40422,2.96386,1.45053,84.36976,-4.472213,0.718712,0.405713,NA,NA,NA,NA,NA,NA,NA,NA,NA,NA,NA,-6.27319,11.76737,-1.64369,50,5.81071,2.68014,-136.05685,-5.62711,-11.56363,34.47669,-10.48272,HYA_HAR,BRE_WHI,CCBLHyannis,Cape Cod Baseball League,CCBL,20250616-CCBLHyannis-2,5aeca950-4b0e-11f0-ac99-2d93a97aa58f,92.90427,NA,NA,9.47908,NA,NA,NA,NA,NA,NA,aecf949a-adfb-400b-9c8e-95fb9d4c8878,2025-06-17,00:02:27,2025-06-17T00:02:27Z,2025-06-17T00:02:27Z,NA,v3,6101,6096,NA,"Tinney, Carson",806245,Right,BRE_WHI,725cdc2a-4f0c-4191-a397-344e60060588,54.21254,-137.12015,17.23835,5.97927,-5.30381,-5.24136,-1.73185,3.03678,-5.78181,NA,NA,NA,NA,NA,NA,NA,NA,NA,NA,NA,NA,NA,NA,NA,NA,NA,NA,NA,NA,NA,NA,NA,NA,NA,NA,NA,NA,NA,NA,NA,NA,NA,NA,NA,NA,NA,NA,NA,NA,NA,NA,NA,NA,NA,NA,NA,NA,NA,NA,High,High,High,NA,NA,NA,NA,NA,NA,NA,NA,NA,NA,NA,NA,NA,NA,NA,NA,NA,NA,NA,NA,NA,NA,NA,NA,NA,NA,NA,NA,NA,NA,NA,NA,NA,NA,NA,NA,NA,NA,NA,NA,NA,NA,NA,NA,NA,NA,NA,NA,NA,NA,NA,NA,NA,NA,NA,NA,NA,NA
NA,NA,NA,NA,NA,NA,NA,NA,NA,NA,NA,NA,NA,NA,NA,NA,214,2025-06-16,20:02:44,2,5,"Philpott, Alex",806193,Right,BRE_WHI,"Federico, Hayden",820838,Left,HYA_HAR,Undefined,6,Bottom,1,2,2,Fastball,Four-Seam,BallCalled,Undefined,Undefined,Undefined,0,0,NA,93.51032,-2.846211,-4.144507,2535.546858,209.316249,01:00:00,5.81153,1.7172,6.48602,-10.81477,20.94403,11.11847,2.28816,-1.16802,84.41068,-4.998712,-2.134655,0.405605,NA,NA,NA,NA,NA,NA,NA,NA,NA,NA,NA,-7.10012,12.17028,-1.43032,50,5.60596,9.34544,-135.34633,-6.95745,-13.01153,32.86549,-9.87105,HYA_HAR,BRE_WHI,CCBLHyannis,Cape Cod Baseball League,CCBL,20250616-CCBLHyannis-2,657558e0-4b0e-11f0-ac99-2d93a97aa58f,92.92895,NA,NA,9.09965,NA,NA,NA,NA,NA,NA,aecf949a-adfb-400b-9c8e-95fb9d4c8878,2025-06-17,00:02:44,2025-06-17T00:02:44Z,2025-06-17T00:02:44Z,NA,v3,6101,6096,NA,"Tinney, Carson",806245,Right,BRE_WHI,f33b5398-1503-44fd-bf91-4d55f718c289,54.01106,-136.31684,16.43275,5.80711,-6.66596,-4.93553,-1.71196,9.72967,-6.50576,NA,NA,NA,NA,NA,NA,NA,NA,NA,NA,NA,NA,NA,NA,NA,NA,NA,NA,NA,NA,NA,NA,NA,NA,NA,NA,NA,NA,NA,NA,NA,NA,NA,NA,NA,NA,NA,NA,NA,NA,NA,NA,NA,NA,NA,NA,NA,NA,NA,NA,High,High,High,NA,NA,NA,NA,NA,NA,NA,NA,NA,NA,NA,NA,NA,NA,NA,NA,NA,NA,NA,NA,NA,NA,NA,NA,NA,NA,NA,NA,NA,NA,NA,NA,NA,NA,NA,NA,NA,NA,NA,NA,NA,NA,NA,NA,NA,NA,NA,NA,NA,NA,NA,NA,NA,NA,NA,NA,NA,NA
NA,NA,NA,NA,NA,NA,NA,NA,NA,NA,NA,NA,NA,NA,NA,NA,215,2025-06-16,20:03:14,2,6,"Philpott, Alex",806193,Right,BRE_WHI,"Federico, Hayden",820838,Left,HYA_HAR,Undefined,6,Bottom,1,3,2,Fastball,Four-Seam,StrikeCalled,Strikeout,Undefined,Undefined,0,0,NA,94.34197,-3.992011,-2.370688,2593.729854,211.812009,01:00:00,5.82478,1.75159,6.52357,-12.77662,18.39773,10.7076,1.08849,0.46765,85.23138,-6.487433,-0.427372,0.401856,NA,NA,NA,NA,NA,NA,NA,NA,NA,NA,NA,-6.33689,11.22642,-1.59077,50,5.54069,5.20608,-136.60655,-9.8366,-11.81007,33.94977,-11.25131,HYA_HAR,BRE_WHI,CCBLHyannis,Cape Cod Baseball League,CCBL,20250616-CCBLHyannis-2,771007d0-4b0e-11f0-ac99-2d93a97aa58f,93.79594,NA,NA,9.11059,NA,NA,NA,NA,NA,NA,aecf949a-adfb-400b-9c8e-95fb9d4c8878,2025-06-17,00:03:14,2025-06-17T00:03:14Z,2025-06-17T00:03:14Z,NA,v3,6101,6096,NA,"Tinney, Carson",806245,Right,BRE_WHI,933b4514-ff78-45b5-a867-27c3a74ac3f6,53.97285,-137.59035,16.97489,5.82101,-9.51056,-5.62565,-1.7466,5.54831,-5.90504,NA,NA,NA,NA,NA,NA,NA,NA,NA,NA,NA,NA,NA,NA,NA,NA,NA,NA,NA,NA,NA,NA,NA,NA,NA,NA,NA,NA,67.98991,2.506817,1.484698,1.022119,-0.17857,0.90577,-0.45657,-0.74201,5.54028,0.13007,71.58312,6.34762,-53.20399,-0.70769,75.84613,-5.00084,5.62387,16.7189,-15.64297,0.01737,-60.49784,8.2195,High,High,High,NA,NA,High,High,High,NA,NA,NA,NA,NA,NA,NA,NA,NA,NA,NA,NA,NA,NA,NA,NA,NA,NA,NA,NA,NA,NA,NA,NA,NA,NA,NA,NA,NA,NA,NA,NA,NA,NA,NA,NA,NA,NA,NA,NA,NA,NA,NA,NA,NA,NA,NA,NA,NA,NA,NA,NA,NA
NA,NA,NA,NA,NA,NA,NA,NA,NA,NA,NA,NA,NA,NA,NA,NA,216,2025-06-16,20:03:50,3,1,"Philpott, Alex",806193,Right,BRE_WHI,"Lackey, Vahn",822518,Right,HYA_HAR,Undefined,6,Bottom,2,0,0,Fastball,Four-Seam,InPlay,Undefined,LineDrive,Single,0,0,NA,93.57602,-2.667783,-2.910118,2557.059731,216.863892,01:15:00,5.91838,1.85571,6.51178,-11.82249,19.71568,13.94973,2.48012,0.34538,84.66332,-4.998791,-0.380875,0.404194,70.70251,17.545077,-16.421863,1489.891315,105.8184,19.79087,-30.04052,187.84678,185.3936,-15.367616,2.397969,-8.23544,11.49839,-1.65837,50,5.72663,6.33157,-135.69408,-6.59195,-15.18665,32.72944,-10.97026,HYA_HAR,BRE_WHI,CCBLHyannis,Cape Cod Baseball League,CCBL,20250616-CCBLHyannis-2,8ce664a0-4b0e-11f0-ac99-2d93a97aa58f,93.25339,20.00741,NA,8.9127,NA,NA,NA,2.08277,2.56951,-0.34044,aecf949a-adfb-400b-9c8e-95fb9d4c8878,2025-06-17,00:03:50,2025-06-17T00:03:50Z,2025-06-17T00:03:50Z,LineDrive,v3,6101,6096,NA,"Tinney, Carson",806245,Right,BRE_WHI,d1e2051d-b529-446b-b908-7b850b7a3ee5,53.98677,-136.65231,16.36472,5.91492,-6.27077,-5.48513,-1.85025,6.77619,-7.59333,183.615195,2.08275,94.84073,-12.98222,2.9096,-0.66713,0.17745,-0.04654,0.00771,-4.8e-4,2.56953,31.25806,-14.43998,0.31475,0.14934,-0.11967,0.04608,-0.00754,3.6e-4,-0.34047,-27.95011,4.17579,-0.52534,-0.07081,0.11155,-0.05289,0.01248,-0.00121,NA,NA,NA,NA,NA,NA,NA,NA,NA,NA,NA,NA,NA,NA,NA,NA,NA,NA,NA,NA,NA,NA,High,High,High,High,High,NA,NA,NA,NA,NA,NA,NA,NA,NA,NA,NA,NA,NA,NA,NA,NA,NA,NA,NA,NA,NA,NA,NA,NA,NA,NA,NA,NA,NA,NA,NA,NA,NA,NA,NA,NA,NA,NA,NA,NA,NA,NA,NA,NA,NA,NA,NA,NA,NA,NA,NA,NA,NA,NA,NA,NA
NA,NA,NA,NA,NA,NA,NA,NA,NA,NA,NA,NA,NA,NA,NA,NA,217,2025-06-16,20:04:28,4,1,"Philpott, Alex",806193,Right,BRE_WHI,"Rembert, Chris",807300,Right,HYA_HAR,Undefined,6,Bottom,2,0,0,Fastball,Four-Seam,InPlay,Undefined,LineDrive,Out,1,0,NA,93.11186,-2.831758,-3.214294,2550.713392,217.458316,01:15:00,5.80888,1.79607,6.43933,-14.66946,17.15206,12.31741,1.97802,-0.13427,84.6984,-5.662427,-0.98467,0.406005,88.83802,21.663964,-0.265324,3117.636538,109.90925,37.73858,4.46704,290.7927,283.72501,7.002032,3.78173,-7.39748,10.12642,-1.57293,50,5.60059,7.07945,-134.99741,-7.07137,-13.57342,30.95484,-13.59344,HYA_HAR,BRE_WHI,CCBLHyannis,Cape Cod Baseball League,CCBL,20250616-CCBLHyannis-2,a3817100-4b0e-11f0-ac99-2d93a97aa58f,92.83728,44.8815,NA,8.41346,NA,NA,NA,0.8013,1.92642,0.13225,aecf949a-adfb-400b-9c8e-95fb9d4c8878,2025-06-17,00:04:28,2025-06-17T00:04:28Z,2025-06-17T00:04:28Z,LineDrive,v3,6101,6096,NA,"Tinney, Carson",806245,Right,BRE_WHI,df8e526a-109d-493f-b408-6fe65b9ad82f,54.05933,-135.92503,15.47742,5.80639,-6.66402,-6.79672,-1.79117,7.4862,-6.78671,206.769499,0.80145,121.08381,-22.23602,4.80177,-0.84514,0.09125,0.0023,-0.00238,2.4e-4,1.92625,48.11098,-14.18844,0.68073,-0.36277,0.1938,-0.0602,0.01015,-7.1e-4,0.13223,-0.55783,5.54503,-1.39257,0.22678,-0.00667,-0.00666,0.00144,-1e-4,NA,NA,NA,NA,NA,NA,NA,NA,NA,NA,NA,NA,NA,NA,NA,NA,NA,NA,NA,NA,NA,NA,High,High,High,High,High,NA,NA,NA,NA,NA,NA,NA,NA,NA,NA,NA,NA,NA,NA,NA,NA,NA,NA,NA,NA,NA,NA,NA,NA,NA,NA,NA,NA,NA,NA,NA,NA,NA,NA,NA,NA,NA,NA,NA,NA,NA,NA,NA,NA,NA,NA,NA,NA,NA,NA,NA,NA,NA,NA,NA,NA
NA,NA,NA,NA,NA,NA,NA,NA,NA,NA,NA,NA,NA,NA,NA,NA,218,2025-06-16,20:06:43,1,1,"August, Tyler",814094,Right,HYA_HAR,"Magpoc, Adam",822330,Left,BRE_WHI,Undefined,7,Top,0,0,0,ChangeUp,Changeup,BallCalled,Undefined,Undefined,Undefined,0,0,NA,83.59024,-0.209672,-2.551228,1681.810384,270.471014,03:00:00,5.30385,2.51268,6.37317,-38.21719,1.09921,18.20261,1.92597,1.68068,76.59775,-7.317455,0.747831,0.451293,NA,NA,NA,NA,NA,NA,NA,NA,NA,NA,NA,-10.18071,1.04193,-2.33626,50,5.27136,4.72943,-121.46878,-1.62794,-15.17021,24.38319,-30.62148,HYA_HAR,BRE_WHI,CCBLHyannis,Cape Cod Baseball League,CCBL,20250616-CCBLHyannis-2,f3d56800-4b0e-11f0-ac99-2d93a97aa58f,83.52106,NA,NA,6.9925,NA,NA,NA,NA,NA,NA,aecf949a-adfb-400b-9c8e-95fb9d4c8878,2025-06-17,00:06:43,2025-06-17T00:06:43Z,2025-06-17T00:06:43Z,NA,v3,6101,6096,NA,"Lackey, Vahn",822518,Right,HYA_HAR,2d253b24-0647-4aad-af8d-54ab14768557,54.12685,-122.29439,12.19159,5.30893,-0.59111,-15.31074,-2.50509,5.24308,-7.58511,NA,NA,NA,NA,NA,NA,NA,NA,NA,NA,NA,NA,NA,NA,NA,NA,NA,NA,NA,NA,NA,NA,NA,NA,NA,NA,NA,NA,NA,NA,NA,NA,NA,NA,NA,NA,NA,NA,NA,NA,NA,NA,NA,NA,NA,NA,NA,NA,NA,NA,High,High,High,NA,NA,NA,NA,NA,NA,NA,NA,NA,NA,NA,NA,NA,NA,NA,NA,NA,NA,NA,NA,NA,NA,NA,NA,NA,NA,NA,NA,NA,NA,NA,NA,NA,NA,NA,NA,NA,NA,NA,NA,NA,NA,NA,NA,NA,NA,NA,NA,NA,NA,NA,NA,NA,NA,NA,NA,NA,NA
NA,NA,NA,NA,NA,NA,NA,NA,NA,NA,NA,NA,NA,NA,NA,NA,219,2025-06-16,20:06:55,1,2,"August, Tyler",814094,Right,HYA_HAR,"Magpoc, Adam",822330,Left,BRE_WHI,Undefined,7,Top,0,1,0,Fastball,Sinker,StrikeCalled,Undefined,Undefined,Undefined,0,0,NA,94.25242,-2.220135,-4.703755,2156.923868,223.549583,01:30:00,5.37954,2.18051,5.94902,-13.85552,18.19072,16.155639999999998,2.15779,-0.84567,84.68338,-4.908151,-1.814677,0.407437,NA,NA,NA,NA,NA,NA,NA,NA,NA,NA,NA,-9.77315,10.37012,-1.81448,50,5.19459,10.47656,-136.21638,-5.67905,-18.0807,34.20623,-12.98894,HYA_HAR,BRE_WHI,CCBLHyannis,Cape Cod Baseball League,CCBL,20250616-CCBLHyannis-2,fb0130f0-4b0e-11f0-ac99-2d93a97aa58f,92.51119,NA,NA,9.56904,NA,NA,NA,NA,NA,NA,aecf949a-adfb-400b-9c8e-95fb9d4c8878,2025-06-17,00:06:55,2025-06-17T00:06:55Z,2025-06-17T00:06:55Z,NA,v3,6101,6096,NA,"Lackey, Vahn",822518,Right,HYA_HAR,4ac27814-f47d-4c95-b17e-edb876eaebdf,54.54772,-137.35364,17.10312,5.37623,-5.2472,-6.49447,-2.17279,11.07769,-9.04035,NA,NA,NA,NA,NA,NA,NA,NA,NA,NA,NA,NA,NA,NA,NA,NA,NA,NA,NA,NA,NA,NA,NA,NA,NA,NA,NA,NA,NA,NA,NA,NA,NA,NA,NA,NA,NA,NA,NA,NA,NA,NA,NA,NA,NA,NA,NA,NA,NA,NA,High,High,High,NA,NA,NA,NA,NA,NA,NA,NA,NA,NA,NA,NA,NA,NA,NA,NA,NA,NA,NA,NA,NA,NA,NA,NA,NA,NA,NA,NA,NA,NA,NA,NA,NA,NA,NA,NA,NA,NA,NA,NA,NA,NA,NA,NA,NA,NA,NA,NA,NA,NA,NA,NA,NA,NA,NA,NA,NA,NA
NA,NA,NA,NA,NA,NA,NA,NA,NA,NA,NA,NA,NA,NA,NA,NA,220,2025-06-16,20:07:09,1,3,"August, Tyler",814094,Right,HYA_HAR,"Magpoc, Adam",822330,Left,BRE_WHI,Undefined,7,Top,0,1,1,Fastball,Four-Seam,FoulBallNotFieldable,Undefined,Undefined,Undefined,0,0,NA,94.58227,-2.382531,-4.846055,2217.37403,221.900024,01:30:00,5.47903,2.18511,6.02065,-12.34312,19.20564,16.23024,2.23447,-0.96167,85.4954,-4.788996,-1.940921,0.404262,67.36402,27.552617,-139.159983,4004.711611,-88.26529,21.05458,-65.64431,148.72106,57.93479,-144.589269,2.26355,-9.82359,10.92524,-1.81363,50,5.28506,10.87719,-136.77182,-6.03247,-18.44326,32.66162,-11.66254,HYA_HAR,BRE_WHI,CCBLHyannis,Cape Cod Baseball League,CCBL,20250616-CCBLHyannis-2,037928f0-4b0f-11f0-ac99-2d93a97aa58f,93.23776,25.47777,NA,9.08687,NA,NA,NA,0.54794,2.33576,0.7749,aecf949a-adfb-400b-9c8e-95fb9d4c8878,2025-06-17,00:07:09,2025-06-17T00:07:09Z,2025-06-17T00:07:09Z,FlyBall,v3,6101,6096,NA,"Lackey, Vahn",822518,Right,HYA_HAR,17d0afaf-f8dd-48b2-83b1-04ec3373edc7,54.4777,-137.83696,16.33081,5.47559,-5.65214,-5.83127,-2.17816,11.47865,-9.22163,59.203048,0.54793,-66.26772,6.95911,-0.78283,-0.07922,0.19084,-0.10468,0.02801,-0.00296,2.33576,45.70166,-24.98315,2.87251,-0.62869,0.13544,-0.02808,0.00457,-3.6e-4,0.77494,-57.28667,12.92645,-3.32861,1.20514,-0.65099,0.2893,-0.07163,0.00731,NA,NA,NA,NA,NA,NA,NA,NA,NA,NA,NA,NA,NA,NA,NA,NA,NA,NA,NA,NA,NA,NA,High,High,High,High,Low,NA,NA,NA,NA,NA,NA,NA,NA,NA,NA,NA,NA,NA,NA,NA,NA,NA,NA,NA,NA,NA,NA,NA,NA,NA,NA,NA,NA,NA,NA,NA,NA,NA,NA,NA,NA,NA,NA,NA,NA,NA,NA,NA,NA,NA,NA,NA,NA,NA,NA,NA,NA,NA,NA,NA,NA
NA,NA,NA,NA,NA,NA,NA,NA,NA,NA,NA,NA,NA,NA,NA,NA,221,2025-06-16,20:07:30,1,4,"August, Tyler",814094,Right,HYA_HAR,"Magpoc, Adam",822330,Left,BRE_WHI,Undefined,7,Top,0,1,2,Slider,Slider,FoulBallNotFieldable,Undefined,Undefined,Undefined,0,0,NA,82.47118,-0.686409,-2.475745,2296.626383,128.316704,10:15:00,5.45866,2.1733,5.66703,-35.52589,6.92185,-6.69981,1.85754,-0.69485,74.07216,-7.275048,-3.67202,0.46892,63.03653,23.223951,-167.510952,4380.345686,NA,NA,NA,121.75121,47.16828,-171.669592,1.691547,2.54496,4.19977,-1.95968,50,5.37853,5.43168,-119.3866,-2.59397,3.58061,28.37829,-26.26525,HYA_HAR,BRE_WHI,CCBLHyannis,Cape Cod Baseball League,CCBL,20250616-CCBLHyannis-2,100b6420-4b0f-11f0-ac99-2d93a97aa58f,80.38139,15.73885,NA,8.39903,NA,NA,NA,1.96147,1.86955,0.69748,aecf949a-adfb-400b-9c8e-95fb9d4c8878,2025-06-17,00:07:30,2025-06-17T00:07:30Z,2025-06-17T00:07:30Z,LineDrive,v3,6101,6096,NA,"Lackey, Vahn",822518,Right,HYA_HAR,5ef800f6-ff12-4605-a55e-b49a3a01a518,54.82903,-120.529,14.18915,5.46167,-1.53664,-13.13262,-2.17544,5.28754,1.79031,30.010938,1.96147,-82.95156,6.2767,-0.02831,-0.03223,0.03233,-0.00558,3.8e-4,-4e-5,1.86955,36.4568,-25.89919,2.93105,-0.60846,0.12409,-0.01979,0.00334,-3.6e-4,0.69748,-18.37328,5.4634,-0.82369,0.16928,-0.02662,0.0048,-0.00102,1e-4,NA,NA,NA,NA,NA,NA,NA,NA,NA,NA,NA,NA,NA,NA,NA,NA,NA,NA,NA,NA,NA,NA,High,High,High,High,Medium,NA,NA,NA,NA,NA,NA,NA,NA,NA,NA,NA,NA,NA,NA,NA,NA,NA,NA,NA,NA,NA,NA,NA,NA,NA,NA,NA,NA,NA,NA,NA,NA,NA,NA,NA,NA,NA,NA,NA,NA,NA,NA,NA,NA,NA,NA,NA,NA,NA,NA,NA,NA,NA,NA,NA,NA
NA,NA,NA,NA,NA,NA,NA,NA,NA,NA,NA,NA,NA,NA,NA,NA,222,2025-06-16,20:07:50,1,5,"August, Tyler",814094,Right,HYA_HAR,"Magpoc, Adam",822330,Left,BRE_WHI,Undefined,7,Top,0,1,2,ChangeUp,Changeup,InPlay,Undefined,FlyBall,Single,0,0,NA,84.6975,-1.39276,-4.390336,1674.337916,245.261283,02:15:00,5.1311,2.51359,6.14009,-28.406,10.4913,19.93403,1.47277,0.10948,77.19498,-6.709936,-0.80553,0.448881,66.41404,32.991947,9.46305,3084.115041,109.14271,49.96942,13.7063,210.5785,207.92488,5.259216,3.910906,-11.64178,6.20678,-2.18875,50,5.00991,8.6595,-122.72736,-3.85345,-17.66935,25.39361,-22.75371,HYA_HAR,BRE_WHI,CCBLHyannis,Cape Cod Baseball League,CCBL,20250616-CCBLHyannis-2,1bc1e550-4b0f-11f0-ac99-2d93a97aa58f,83.96983,50.57413,NA,7.50252,NA,NA,NA,2.33769,1.61918,-0.12584,aecf949a-adfb-400b-9c8e-95fb9d4c8878,2025-06-17,00:07:50,2025-06-17T00:07:50Z,2025-06-17T00:07:50Z,FlyBall,v3,6101,6096,NA,"Lackey, Vahn",822518,Right,HYA_HAR,18d2a23b-78ad-4134-93fc-433bca6f6869,54.35998,-123.6262,12.6968,5.13206,-3.04806,-11.37685,-2.50633,9.28492,-8.83468,169.061048,2.33772,80.58819,-14.2108,3.28226,-0.65955,0.15156,-0.03926,0.00694,-5.1e-4,1.62002,53.01496,-15.02,0.19419,0.31295,-0.22991,0.08103,-0.01383,9.1e-4,-0.12583,13.4324,-4.35623,1.00381,-0.20153,0.04642,-0.012070000000000001,0.00214,-1.6e-4,NA,NA,NA,NA,NA,NA,NA,NA,NA,NA,NA,NA,NA,NA,NA,NA,NA,NA,NA,NA,NA,NA,High,High,High,High,High,NA,NA,NA,NA,NA,NA,NA,NA,NA,NA,NA,NA,NA,NA,NA,NA,NA,NA,NA,NA,NA,NA,NA,NA,NA,NA,NA,NA,NA,NA,NA,NA,NA,NA,NA,NA,NA,NA,NA,NA,NA,NA,NA,NA,NA,NA,NA,NA,NA,NA,NA,NA,NA,NA,NA,NA
NA,NA,NA,NA,NA,NA,NA,NA,NA,NA,NA,NA,NA,NA,NA,NA,223,2025-06-16,20:08:34,2,1,"August, Tyler",814094,Right,HYA_HAR,"Ragsdale, Josiah",828824,Left,BRE_WHI,Undefined,7,Top,0,0,0,Fastball,Four-Seam,BallCalled,Undefined,Undefined,Undefined,0,0,NA,95.21525,-3.014163,-4.626082,2168.774289,225.800688,01:30:00,5.244,2.16404,6.02748,-12.87635,18.308,17.67119,1.36781,-0.65697,85.98545,-5.514768,-1.4601,0.40192,NA,NA,NA,NA,NA,NA,NA,NA,NA,NA,NA,-10.52079,10.67351,-1.81118,50,5.00046,10.34929,-137.64415,-7.6197,-19.96952,33.58004,-11.91466,HYA_HAR,BRE_WHI,CCBLHyannis,Cape Cod Baseball League,CCBL,20250616-CCBLHyannis-2,35f3fb20-4b0f-11f0-ac99-2d93a97aa58f,93.78091,NA,NA,9.22979,NA,NA,NA,NA,NA,NA,aecf949a-adfb-400b-9c8e-95fb9d4c8878,2025-06-17,00:08:34,2025-06-17T00:08:34Z,2025-06-17T00:08:34Z,NA,v3,6101,6096,NA,"Lackey, Vahn",822518,Right,HYA_HAR,de4417cf-6722-4aa1-bf89-6153b8b00c3e,54.47084,-138.73058,16.79002,5.24075,-7.23422,-5.95733,-2.15647,10.99537,-9.98476,NA,NA,NA,NA,NA,NA,NA,NA,NA,NA,NA,NA,NA,NA,NA,NA,NA,NA,NA,NA,NA,NA,NA,NA,NA,NA,NA,NA,NA,NA,NA,NA,NA,NA,NA,NA,NA,NA,NA,NA,NA,NA,NA,NA,NA,NA,NA,NA,NA,NA,High,High,High,NA,NA,NA,NA,NA,NA,NA,NA,NA,NA,NA,NA,NA,NA,NA,NA,NA,NA,NA,NA,NA,NA,NA,NA,NA,NA,NA,NA,NA,NA,NA,NA,NA,NA,NA,NA,NA,NA,NA,NA,NA,NA,NA,NA,NA,NA,NA,NA,NA,NA,NA,NA,NA,NA,NA,NA,NA,NA
NA,NA,NA,NA,NA,NA,NA,NA,NA,NA,NA,NA,NA,NA,NA,NA,224,2025-06-16,20:09:10,2,2,"August, Tyler",814094,Right,HYA_HAR,"Ragsdale, Josiah",828824,Left,BRE_WHI,Undefined,7,Top,0,1,0,Fastball,Sinker,BallCalled,Undefined,Undefined,Undefined,1,0,NA,93.48638,-1.484376,-2.992094,2137.57937,230.451645,01:45:00,5.17442,2.53082,5.88484,-15.55639,16.78166,18.94552,2.49746,1.32862,84.49083,-4.466476,0.403493,0.409287,NA,NA,NA,NA,NA,NA,NA,NA,NA,NA,NA,-10.52008,9.34382,-2.29977,50,5.04553,6.21351,-135.48655,-3.97438,-19.36034,32.34861,-14.97842,HYA_HAR,BRE_WHI,CCBLHyannis,Cape Cod Baseball League,CCBL,20250616-CCBLHyannis-2,4ba91450-4b0f-11f0-ac99-2d93a97aa58f,92.09284,NA,NA,8.99555,NA,NA,NA,NA,NA,NA,aecf949a-adfb-400b-9c8e-95fb9d4c8878,2025-06-17,00:09:10,2025-06-17T00:09:10Z,2025-06-17T00:09:10Z,NA,v3,6101,6096,NA,"Lackey, Vahn",822518,Right,HYA_HAR,274241dd-9631-45e7-acda-446d2e45be0b,54.61193,-136.58325,16.1743,5.17166,-3.46657,-7.48921,-2.52155,6.86988,-9.68017,NA,NA,NA,NA,NA,NA,NA,NA,NA,NA,NA,NA,NA,NA,NA,NA,NA,NA,NA,NA,NA,NA,NA,NA,NA,NA,NA,NA,80.40977,1.972855,0.723661,1.249194,-1.58607,2.25755,-1.35479,-1.33883,6.51847,0.63057,127.27833,2.35315,-1.40763,-1.18878,115.81979,-10.51394,6.50221,8.82828,-9.71676,0.59142,-4.29046,2.18492,High,High,High,NA,NA,High,High,Medium,NA,NA,NA,NA,NA,NA,NA,NA,NA,NA,NA,NA,NA,NA,NA,NA,NA,NA,NA,NA,NA,NA,NA,NA,NA,NA,NA,NA,NA,NA,NA,NA,NA,NA,NA,NA,NA,NA,NA,NA,NA,NA,NA,NA,NA,NA,NA,NA,NA,NA,NA,NA,NA
NA,NA,NA,NA,NA,NA,NA,NA,NA,NA,NA,NA,NA,NA,NA,NA,225,2025-06-16,20:09:40,2,3,"August, Tyler",814094,Right,HYA_HAR,"Ragsdale, Josiah",828824,Left,BRE_WHI,Undefined,7,Top,1,2,0,Fastball,Four-Seam,FoulBallNotFieldable,Undefined,Undefined,Undefined,0,0,NA,95.77081,-2.793039,-3.659934,2158.000093,224.274362,01:30:00,5.42778,2.15993,5.93808,-11.99808,18.83296,17.29182,1.82956,0.20107,86.55631,-5.129153,-0.561402,0.399637,68.04751,32.352497,-133.961286,4579.144436,-81.70846,31.67419,-73.64594,177.48012,62.43874,-140.481037,2.589876,-9.99749,10.83508,-1.87755,50,5.19781,8.08354,-138.62833,-7.09876,-19.2575,33.92994,-11.30318,HYA_HAR,BRE_WHI,CCBLHyannis,Cape Cod Baseball League,CCBL,20250616-CCBLHyannis-2,5d699ac0-4b0f-11f0-ac99-2d93a97aa58f,94.31673,32.76059,NA,9.21451,NA,NA,NA,0.70357,1.6634,-0.11328,aecf949a-adfb-400b-9c8e-95fb9d4c8878,2025-06-17,00:09:40,2025-06-17T00:09:40Z,2025-06-17T00:09:40Z,FlyBall,v3,6101,6096,NA,"Lackey, Vahn",822518,Right,HYA_HAR,458b9178-8af9-4147-b038-0ab70897dba1,54.56029,-139.74003,16.96497,5.42433,-6.72842,-5.65159,-2.15274,8.7145,-9.62875,41.263998,0.70371,-58.53368,0.78396,0.60307,0.16962,-0.31315,0.17987,-0.04666,0.00459,1.66342,53.40644,-25.62531,2.82836,-0.58421,0.10823,-0.02175,0.00593,-8e-4,-0.1131,-60.69724,8.62909,-1.51501,0.76647,-0.52779,0.26042,-0.0671,0.00676,NA,NA,NA,NA,NA,NA,NA,NA,NA,NA,NA,NA,NA,NA,NA,NA,NA,NA,NA,NA,NA,NA,High,High,High,High,Low,NA,NA,NA,NA,NA,NA,NA,NA,NA,NA,NA,NA,NA,NA,NA,NA,NA,NA,NA,NA,NA,NA,NA,NA,NA,NA,NA,NA,NA,NA,NA,NA,NA,NA,NA,NA,NA,NA,NA,NA,NA,NA,NA,NA,NA,NA,NA,NA,NA,NA,NA,NA,NA,NA,NA,NA
NA,NA,NA,NA,NA,NA,NA,NA,NA,NA,NA,NA,NA,NA,NA,NA,226,2025-06-16,20:10:01,2,4,"August, Tyler",814094,Right,HYA_HAR,"Ragsdale, Josiah",828824,Left,BRE_WHI,Undefined,7,Top,1,2,1,ChangeUp,Changeup,StrikeSwinging,Undefined,Undefined,Undefined,0,0,NA,84.20983,-0.51054,-2.905553,1710.824073,249.369994,02:15:00,5.09413,2.50427,5.9837,-32.01132,7.5991,16.58556,1.95269,1.191,76.5163,-6.476276,0.07505,0.452977,NA,NA,NA,NA,NA,NA,NA,NA,NA,NA,NA,-9.41575,4.45292,-2.28391,50,5.03616,5.5452,-122.15232,-2.10714,-14.09835,26.08551,-25.50666,HYA_HAR,BRE_WHI,CCBLHyannis,Cape Cod Baseball League,CCBL,20250616-CCBLHyannis-2,69ebd060-4b0f-11f0-ac99-2d93a97aa58f,83.21049,NA,NA,7.69353,NA,NA,NA,NA,NA,NA,aecf949a-adfb-400b-9c8e-95fb9d4c8878,2025-06-17,00:10:01,2025-06-17T00:10:01Z,2025-06-17T00:10:01Z,NA,v3,6101,6096,NA,"Lackey, Vahn",822518,Right,HYA_HAR,d66e8712-95cc-4c16-a882-112eb5209f2e,54.51494,-123.1127,13.04275,5.09645,-1.16806,-12.75333,-2.49762,6.06426,-7.04918,NA,NA,NA,NA,NA,NA,NA,NA,NA,NA,NA,NA,NA,NA,NA,NA,NA,NA,NA,NA,NA,NA,NA,NA,NA,NA,NA,NA,NA,NA,NA,NA,NA,NA,NA,NA,NA,NA,NA,NA,NA,NA,NA,NA,NA,NA,NA,NA,NA,NA,High,High,High,NA,NA,NA,NA,NA,NA,NA,NA,NA,NA,NA,NA,NA,NA,NA,NA,NA,NA,NA,NA,NA,NA,NA,NA,NA,NA,NA,NA,NA,NA,NA,NA,NA,NA,NA,NA,NA,NA,NA,NA,NA,NA,NA,NA,NA,NA,NA,NA,NA,NA,NA,NA,NA,NA,NA,NA,NA,NA
NA,NA,NA,NA,NA,NA,NA,NA,NA,NA,NA,NA,NA,NA,NA,NA,227,2025-06-16,20:10:25,2,5,"August, Tyler",814094,Right,HYA_HAR,"Ragsdale, Josiah",828824,Left,BRE_WHI,Undefined,7,Top,1,2,2,Slider,Slider,StrikeCalled,Strikeout,Undefined,Undefined,0,0,NA,87.07607,-0.288662,-3.884634,2282.477526,220.130921,01:15:00,5.20225,2.33815,6.17677,-33.20317,3.59205,1.99965,2.16813,-1.08821,79.32155,-6.459691,-3.52499,0.436583,NA,NA,NA,NA,NA,NA,NA,NA,NA,NA,NA,-2.20213,2.30551,-2.04514,50,5.16364,8.4921,-126.22731,-1.71832,-3.52629,27.49781,-28.48224,HYA_HAR,BRE_WHI,CCBLHyannis,Cape Cod Baseball League,CCBL,20250616-CCBLHyannis-2,783c8470-4b0f-11f0-ac99-2d93a97aa58f,86.33503,NA,NA,7.75453,NA,NA,NA,NA,NA,NA,aecf949a-adfb-400b-9c8e-95fb9d4c8878,2025-06-17,00:10:25,2025-06-17T00:10:25Z,2025-06-17T00:10:25Z,NA,v3,6101,6096,NA,"Lackey, Vahn",822518,Right,HYA_HAR,b12a208f-1792-40c7-b562-751942e0210a,54.32146,-127.16523,13.74891,5.20568,-0.74683,-14.24112,-2.33684,8.61238,-1.76314,NA,NA,NA,NA,NA,NA,NA,NA,NA,NA,NA,NA,NA,NA,NA,NA,NA,NA,NA,NA,NA,NA,NA,NA,NA,NA,NA,NA,57.44582,NA,NA,1.225146,NA,NA,NA,-2.53157,5.54914,1.91327,73.01476,8.52654,51.77689,-2.4051,68.73432,-5.83049,5.63598,20.27659,-14.60375,1.91375,41.98893,-1.05229,High,High,High,NA,NA,High,High,High,NA,NA,NA,NA,NA,NA,NA,NA,NA,NA,NA,NA,NA,NA,NA,NA,NA,NA,NA,NA,NA,NA,NA,NA,NA,NA,NA,NA,NA,NA,NA,NA,NA,NA,NA,NA,NA,NA,NA,NA,NA,NA,NA,NA,NA,NA,NA,NA,NA,NA,NA,NA,NA
NA,NA,NA,NA,NA,NA,NA,NA,NA,NA,NA,NA,NA,NA,NA,NA,228,2025-06-16,20:10:58,3,1,"August, Tyler",814094,Right,HYA_HAR,"Wentz, Dalton",807275,Left,BRE_WHI,Undefined,7,Top,2,0,0,Curveball,Curveball,StrikeCalled,Undefined,Undefined,Undefined,0,0,NA,79.73597,0.449456,-2.321589,2302.259009,53.208525,07:45:00,5.30903,2.26643,5.87038,-46.98833,-2.5878,-5.4515,1.81116,-0.34546,72.74006,-8.189994,-3.299631,0.479585,NA,NA,NA,NA,NA,NA,NA,NA,NA,NA,NA,2.07469,-1.03114,-2.07529,50,5.31827,4.89668,-115.69201,-0.61052,2.78154,23.76279,-33.55647,HYA_HAR,BRE_WHI,CCBLHyannis,Cape Cod Baseball League,CCBL,20250616-CCBLHyannis-2,8bb7b330-4b0f-11f0-ac99-2d93a97aa58f,78.59389,NA,NA,6.99591,NA,NA,NA,NA,NA,NA,aecf949a-adfb-400b-9c8e-95fb9d4c8878,2025-06-17,00:10:58,2025-06-17T00:10:58Z,2025-06-17T00:10:58Z,NA,v3,6101,6096,NA,"Lackey, Vahn",822518,Right,HYA_HAR,2a79fedd-5354-4180-b22f-f5bd104c6985,54.62863,-116.63885,11.8814,5.31595,0.72654,-16.77824,-2.26819,4.78585,1.39077,NA,NA,NA,NA,NA,NA,NA,NA,NA,NA,NA,NA,NA,NA,NA,NA,NA,NA,NA,NA,NA,NA,NA,NA,NA,NA,NA,NA,NA,NA,NA,NA,NA,NA,NA,NA,NA,NA,NA,NA,NA,NA,NA,NA,NA,NA,NA,NA,NA,NA,High,High,High,NA,NA,NA,NA,NA,NA,NA,NA,NA,NA,NA,NA,NA,NA,NA,NA,NA,NA,NA,NA,NA,NA,NA,NA,NA,NA,NA,NA,NA,NA,NA,NA,NA,NA,NA,NA,NA,NA,NA,NA,NA,NA,NA,NA,NA,NA,NA,NA,NA,NA,NA,NA,NA,NA,NA,NA,NA,NA
NA,NA,NA,NA,NA,NA,NA,NA,NA,NA,NA,NA,NA,NA,NA,NA,229,2025-06-16,20:11:13,3,2,"August, Tyler",814094,Right,HYA_HAR,"Wentz, Dalton",807275,Left,BRE_WHI,Undefined,7,Top,2,0,1,Fastball,Four-Seam,BallCalled,Undefined,Undefined,Undefined,0,0,NA,95.37098,-4.086267,-4.779897,2226.41845,216.376091,01:15:00,5.37537,2.2391200000000002,6.12403,-9.46796,21.5647,15.05627,0.78929,-0.93514,86.17619,-5.976289,-2.079986,0.400941,NA,NA,NA,NA,NA,NA,NA,NA,NA,NA,NA,-9.31528,12.76831,-1.88069,50,5.05644,10.86786,-137.72556,-10.07651,-17.70426,33.58802,-7.90712,HYA_HAR,BRE_WHI,CCBLHyannis,Cape Cod Baseball League,CCBL,20250616-CCBLHyannis-2,94aa3260-4b0f-11f0-ac99-2d93a97aa58f,94.00984,NA,NA,9.19479,NA,NA,NA,NA,NA,NA,aecf949a-adfb-400b-9c8e-95fb9d4c8878,2025-06-17,00:11:13,2025-06-17T00:11:13Z,2025-06-17T00:11:13Z,NA,v3,6101,6096,NA,"Lackey, Vahn",822518,Right,HYA_HAR,1d722432-6c74-45ee-9067-641619c51407,54.37539,-138.78851,16.79401,5.37137,-9.82628,-3.95356,-2.23349,11.42814,-8.85213,NA,NA,NA,NA,NA,NA,NA,NA,NA,NA,NA,NA,NA,NA,NA,NA,NA,NA,NA,NA,NA,NA,NA,NA,NA,NA,NA,NA,NA,NA,NA,NA,NA,NA,NA,NA,NA,NA,NA,NA,NA,NA,NA,NA,NA,NA,NA,NA,NA,NA,High,High,High,NA,NA,NA,NA,NA,NA,NA,NA,NA,NA,NA,NA,NA,NA,NA,NA,NA,NA,NA,NA,NA,NA,NA,NA,NA,NA,NA,NA,NA,NA,NA,NA,NA,NA,NA,NA,NA,NA,NA,NA,NA,NA,NA,NA,NA,NA,NA,NA,NA,NA,NA,NA,NA,NA,NA,NA,NA,NA
NA,NA,NA,NA,NA,NA,NA,NA,NA,NA,NA,NA,NA,NA,NA,NA,230,2025-06-16,20:11:31,3,3,"August, Tyler",814094,Right,HYA_HAR,"Wentz, Dalton",807275,Left,BRE_WHI,Undefined,7,Top,2,1,1,ChangeUp,Changeup,InPlay,Undefined,Popup,Out,1,0,NA,85.90835,-0.260292,-3.383399,1630.929652,263.813324,02:45:00,5.13741,2.39158,6.47598,-34.29372,3.14618,17.07088,2.04016,0.70361,77.93571,-6.685248,-0.288153,0.440391,67.96368,60.912844,-19.475379,NA,90.82759,78.99606,-62.05102,147.42668,146.95736,-35.319654,4.881609,-10.05193,2.07445,-2.16063,50,5.10399,6.73723,-124.67446,-1.60881,-15.63154,27.87259,-28.94812,HYA_HAR,BRE_WHI,CCBLHyannis,Cape Cod Baseball League,CCBL,20250616-CCBLHyannis-2,9f4b9a10-4b0f-11f0-ac99-2d93a97aa58f,85.5885,95.85093,NA,7.97264,NA,NA,NA,2.27051,2.1592,-0.84175,aecf949a-adfb-400b-9c8e-95fb9d4c8878,2025-06-17,00:11:31,2025-06-17T00:11:31Z,2025-06-17T00:11:31Z,Popup,v3,6101,6096,NA,"Lackey, Vahn",822518,Right,HYA_HAR,d7b6840c-b60c-4b6b-a56f-528c7cf3d267,54.02396,-125.57084,13.93629,5.14076,-0.67783,-14.47406,-2.38538,7.23994,-7.81577,156.029498,2.26999,45.65467,-12.62628,3.10642,0.06071,-0.38999,0.13984,-0.0211,0.00119,2.14867,87.32614,-24.8996,3.67931,-1.35059,0.40256,-0.06664,0.00467,-6e-5,-0.83927,-16.23306,-2.44024,0.61643,0.45923,-0.38668,0.12131,-0.01769,9.9e-4,NA,NA,NA,NA,NA,NA,NA,NA,NA,NA,NA,NA,NA,NA,NA,NA,NA,NA,NA,NA,NA,NA,High,High,High,High,Low,NA,NA,NA,NA,NA,NA,NA,NA,NA,NA,NA,NA,NA,NA,NA,NA,NA,NA,NA,NA,NA,NA,NA,NA,NA,NA,NA,NA,NA,NA,NA,NA,NA,NA,NA,NA,NA,NA,NA,NA,NA,NA,NA,NA,NA,NA,NA,NA,NA,NA,NA,NA,NA,NA,NA,NA
NA,NA,NA,NA,NA,NA,NA,NA,NA,NA,NA,NA,NA,NA,NA,NA,231,2025-06-16,20:13:51,1,1,"Philpott, Alex",806193,Right,BRE_WHI,"Roy, Gavin",833546,Right,HYA_HAR,Undefined,7,Bottom,0,0,0,Cutter,Slider,BallCalled,Undefined,Undefined,Undefined,0,0,NA,85.54352,-0.931892,-0.36391,2468.086099,165.735379,11:30:00,5.72485,1.87592,5.9698,-27.04651,11.05497,-2.50004,2.60691,1.33019,78.22557,-5.98356,-0.813575,0.444265,NA,NA,NA,NA,NA,NA,NA,NA,NA,NA,NA,1.17185,6.32095,-1.84578,50,5.63611,0.89135,-124.2426,-2.87445,1.82848,25.30272,-22.31136,HYA_HAR,BRE_WHI,CCBLHyannis,Cape Cod Baseball League,CCBL,20250616-CCBLHyannis-2,f2b92d20-4b0f-11f0-ac99-2d93a97aa58f,84.84218,NA,NA,7.31794,NA,NA,NA,NA,NA,NA,aecf949a-adfb-400b-9c8e-95fb9d4c8878,2025-06-17,00:13:51,2025-06-17T00:13:51Z,2025-06-17T00:13:51Z,NA,v3,6101,6096,NA,"Tinney, Carson",806245,Right,BRE_WHI,87546e83-9615-42d9-9d66-ab09afacf36c,54.52655,-125.16107,12.65136,5.72574,-2.06456,-11.15568,-1.87693,0.82497,0.91424,NA,NA,NA,NA,NA,NA,NA,NA,NA,NA,NA,NA,NA,NA,NA,NA,NA,NA,NA,NA,NA,NA,NA,NA,NA,NA,NA,NA,NA,NA,NA,NA,NA,NA,NA,NA,NA,NA,NA,NA,NA,NA,NA,NA,NA,NA,NA,NA,NA,NA,High,High,High,NA,NA,NA,NA,NA,NA,NA,NA,NA,NA,NA,NA,NA,NA,NA,NA,NA,NA,NA,NA,NA,NA,NA,NA,NA,NA,NA,NA,NA,NA,NA,NA,NA,NA,NA,NA,NA,NA,NA,NA,NA,NA,NA,NA,NA,NA,NA,NA,NA,NA,NA,NA,NA,NA,NA,NA,NA,NA
NA,NA,NA,NA,NA,NA,NA,NA,NA,NA,NA,NA,NA,NA,NA,NA,232,2025-06-16,20:14:08,1,2,"Philpott, Alex",806193,Right,BRE_WHI,"Roy, Gavin",833546,Right,HYA_HAR,Undefined,7,Bottom,0,1,0,Fastball,Four-Seam,BallCalled,Undefined,Undefined,Undefined,0,0,NA,91.7918,-0.883053,-2.647904,2469.51715,207.543289,01:00:00,5.8551,1.76696,6.46957,-12.97587,19.96655,9.78859,3.96186,0.14912,82.53295,-3.446047,-0.874521,0.413094,NA,NA,NA,NA,NA,NA,NA,NA,NA,NA,NA,-5.92717,11.02855,-1.584,50,5.78657,5.74628,-133.12712,-2.32975,-10.46902,32.79079,-12.69458,HYA_HAR,BRE_WHI,CCBLHyannis,Cape Cod Baseball League,CCBL,20250616-CCBLHyannis-2,fcd53830-4b0f-11f0-ac99-2d93a97aa58f,91.24418,NA,NA,9.25885,NA,NA,NA,NA,NA,NA,aecf949a-adfb-400b-9c8e-95fb9d4c8878,2025-06-17,00:14:08,2025-06-17T00:14:08Z,2025-06-17T00:14:08Z,NA,v3,6101,6096,NA,"Tinney, Carson",806245,Right,BRE_WHI,33c19e09-eb98-4617-8817-94b1a178a54b,54.0254,-134.11496,16.3954,5.85099,-1.94732,-6.34729,-1.76185,6.06166,-5.23451,NA,NA,NA,NA,NA,NA,NA,NA,NA,NA,NA,NA,NA,NA,NA,NA,NA,NA,NA,NA,NA,NA,NA,NA,NA,NA,NA,NA,NA,NA,NA,NA,NA,NA,NA,NA,NA,NA,NA,NA,NA,NA,NA,NA,NA,NA,NA,NA,NA,NA,High,High,High,NA,NA,NA,NA,NA,NA,NA,NA,NA,NA,NA,NA,NA,NA,NA,NA,NA,NA,NA,NA,NA,NA,NA,NA,NA,NA,NA,NA,NA,NA,NA,NA,NA,NA,NA,NA,NA,NA,NA,NA,NA,NA,NA,NA,NA,NA,NA,NA,NA,NA,NA,NA,NA,NA,NA,NA,NA,NA
NA,NA,NA,NA,NA,NA,NA,NA,NA,NA,NA,NA,NA,NA,NA,NA,233,2025-06-16,20:14:24,1,3,"Philpott, Alex",806193,Right,BRE_WHI,"Roy, Gavin",833546,Right,HYA_HAR,Undefined,7,Bottom,0,2,0,Fastball,Four-Seam,InPlay,Undefined,FlyBall,Out,1,0,NA,91.73554,-2.13559,-2.315466,2413.619344,218.520756,01:15:00,5.73423,1.6985,6.41109,-15.47009,17.41702,12.95103,2.47904,0.64771,83.08647,-5.127055,0.030307,0.412747,78.04526,29.690802,-0.199058,3579.142498,109.88843,51.54217,4.95104,255.80199,250.47457,7.150012,4.124965,-7.49441,10.09796,-1.53856,50,5.57419,4.85839,-133.10919,-5.36961,-13.30266,31.41512,-14.25003,HYA_HAR,BRE_WHI,CCBLHyannis,Cape Cod Baseball League,CCBL,20250616-CCBLHyannis-2,067d99e0-4b10-11f0-ac99-2d93a97aa58f,91.32091,56.7252,NA,8.64908,NA,NA,NA,1.5822,2.58475,-0.66009,aecf949a-adfb-400b-9c8e-95fb9d4c8878,2025-06-17,00:14:24,2025-06-17T00:14:24Z,2025-06-17T00:14:24Z,FlyBall,v3,6101,6096,NA,"Tinney, Carson",806245,Right,BRE_WHI,53e726b3-fa7e-43fe-a2d1-909f5a3312b8,54.08709,-134.07032,15.70756,5.7318,-4.93364,-7.12501,-1.69342,5.26537,-6.65133,202.987836,1.58151,99.4563,-18.86466,4.52312,-1.11044,0.29817,-0.06861,0.00973,-5.8e-4,2.58581,56.66939,-15.73198,0.28365,0.29335,-0.18073,0.05353,-0.00778,4.4e-4,-0.66008,-0.34532,4.69232,-1.34309,0.323,-0.06642,0.01086,-0.00123,7e-5,NA,NA,NA,NA,NA,NA,NA,NA,NA,NA,NA,NA,NA,NA,NA,NA,NA,NA,NA,NA,NA,NA,High,High,High,High,High,NA,NA,NA,NA,NA,NA,NA,NA,NA,NA,NA,NA,NA,NA,NA,NA,NA,NA,NA,NA,NA,NA,NA,NA,NA,NA,NA,NA,NA,NA,NA,NA,NA,NA,NA,NA,NA,NA,NA,NA,NA,NA,NA,NA,NA,NA,NA,NA,NA,NA,NA,NA,NA,NA,NA,NA
NA,NA,NA,NA,NA,NA,NA,NA,NA,NA,NA,NA,NA,NA,NA,NA,234,2025-06-16,20:15:00,2,1,"Philpott, Alex",806193,Right,BRE_WHI,"Schaffner, Jake",835279,Left,HYA_HAR,Undefined,7,Bottom,1,0,0,Fastball,Four-Seam,BallCalled,Undefined,Undefined,Undefined,0,0,NA,92.22296,-0.222258,-2.170933,2462.570094,220.774583,01:15:00,5.76489,1.91071,6.4902,-14.73898,17.65993,14.26926,4.33245,1.10586,83.36123,-3.093952,0.417197,0.409672,NA,NA,NA,NA,NA,NA,NA,NA,NA,NA,NA,-8.07229,9.60918,-1.76386,50,5.74241,4.48123,-133.90757,-0.87813,-14.50642,31.68927,-14.90569,HYA_HAR,BRE_WHI,CCBLHyannis,Cape Cod Baseball League,CCBL,20250616-CCBLHyannis-2,1be8b1c0-4b10-11f0-ac99-2d93a97aa58f,92.0063,NA,NA,8.86173,NA,NA,NA,NA,NA,NA,aecf949a-adfb-400b-9c8e-95fb9d4c8878,2025-06-17,00:15:00,2025-06-17T00:15:00Z,2025-06-17T00:15:00Z,NA,v3,6101,6096,NA,"Tinney, Carson",806245,Right,BRE_WHI,95fc647d-1a25-4638-a7f0-2c423b5682b7,54.00621,-134.85231,15.84463,5.76197,-0.43375,-7.45284,-1.9039,4.91371,-7.25321,NA,NA,NA,NA,NA,NA,NA,NA,NA,NA,NA,NA,NA,NA,NA,NA,NA,NA,NA,NA,NA,NA,NA,NA,NA,NA,NA,NA,NA,NA,NA,NA,NA,NA,NA,NA,NA,NA,NA,NA,NA,NA,NA,NA,NA,NA,NA,NA,NA,NA,High,High,High,NA,NA,NA,NA,NA,NA,NA,NA,NA,NA,NA,NA,NA,NA,NA,NA,NA,NA,NA,NA,NA,NA,NA,NA,NA,NA,NA,NA,NA,NA,NA,NA,NA,NA,NA,NA,NA,NA,NA,NA,NA,NA,NA,NA,NA,NA,NA,NA,NA,NA,NA,NA,NA,NA,NA,NA,NA,NA
NA,NA,NA,NA,NA,NA,NA,NA,NA,NA,NA,NA,NA,NA,NA,NA,235,2025-06-16,20:15:14,2,2,"Philpott, Alex",806193,Right,BRE_WHI,"Schaffner, Jake",835279,Left,HYA_HAR,Undefined,7,Bottom,1,1,0,Curveball,Curveball,InPlay,Undefined,GroundBall,Out,1,0,NA,79.38398,0.839767,-1.856258,2264.802663,41.790623,07:30:00,5.66553,2.01736,5.96071,-53.37023,-8.97686,-9.27654,1.99717,-0.47756,72.91283,-8.938899,-3.525128,0.479545,73.365710000000007,5.872053,31.521565,1889.405319,NA,NA,NA,76.38102,73.258,32.242962,0.743289,4.27099,-4.58725,-1.86463,50,5.70185,4.07185,-115.34228,-0.00905,5.71459,22.81484,-38.31178,HYA_HAR,BRE_WHI,CCBLHyannis,Cape Cod Baseball League,CCBL,20250616-CCBLHyannis-2,249e27f0-4b10-11f0-ac99-2d93a97aa58f,78.60022,3.91678,NA,6.47115,NA,NA,NA,3.97506,2.40933,0.24468,aecf949a-adfb-400b-9c8e-95fb9d4c8878,2025-06-17,00:15:14,2025-06-17T00:15:14Z,2025-06-17T00:15:14Z,GroundBall,v3,6101,6096,NA,"Tinney, Carson",806245,Right,BRE_WHI,5d56a0fc-a817-43a3-b357-5aa1fd889a49,54.54179,-116.23718,11.40742,5.67273,1.49371,-19.15589,-2.01994,3.8477,2.8573,NA,4.00721,90.65564,-12.33974,NA,NA,NA,NA,NA,NA,2.44382,10.38056,-18.44719,NA,NA,NA,NA,NA,NA,0.23814,56.08272,-2.11384,NA,NA,NA,NA,NA,NA,NA,NA,NA,NA,NA,NA,NA,NA,NA,NA,NA,NA,NA,NA,NA,NA,NA,NA,NA,NA,NA,NA,High,High,High,High,High,NA,NA,NA,NA,NA,NA,NA,NA,NA,NA,NA,NA,NA,NA,NA,NA,NA,NA,NA,NA,NA,NA,NA,NA,NA,NA,NA,NA,NA,NA,NA,NA,NA,NA,NA,NA,NA,NA,NA,NA,NA,NA,NA,NA,NA,NA,NA,NA,NA,NA,NA,NA,NA,NA,NA,NA
NA,NA,NA,NA,NA,NA,NA,NA,NA,NA,NA,NA,NA,NA,NA,NA,236,2025-06-16,20:15:52,3,1,"Philpott, Alex",806193,Right,BRE_WHI,"Miura, Matthew",834681,Right,HYA_HAR,Undefined,7,Bottom,2,0,0,Cutter,Slider,StrikeCalled,Undefined,Undefined,Undefined,0,0,NA,85.51298,-0.862515,-1.247039,2358.229427,186.81208,12:15:00,5.61311,1.96414,6.04726,-29.33238,8.87193,0.90732,2.37001,0.8851,77.88895,-6.340026,-1.083627,0.444864,NA,NA,NA,NA,NA,NA,NA,NA,NA,NA,NA,-0.83571,5.22268,-1.86753,50,5.53037,2.66555,-124.13849,-2.79925,-1.29516,26.43595,-24.07995,HYA_HAR,BRE_WHI,CCBLHyannis,Cape Cod Baseball League,CCBL,20250616-CCBLHyannis-2,3b0f3e20-4b10-11f0-ac99-2d93a97aa58f,84.72796,NA,NA,7.62402,NA,NA,NA,NA,NA,NA,aecf949a-adfb-400b-9c8e-95fb9d4c8878,2025-06-17,00:15:52,2025-06-17T00:15:52Z,2025-06-17T00:15:52Z,NA,v3,6101,6096,NA,"Tinney, Carson",806245,Right,BRE_WHI,51af4f36-eabe-4c15-8b26-8e49d7ec1cbf,54.44892,-125.08232,13.21797,5.61496,-1.93953,-12.03997,-1.96352,2.71179,-0.64758,NA,NA,NA,NA,NA,NA,NA,NA,NA,NA,NA,NA,NA,NA,NA,NA,NA,NA,NA,NA,NA,NA,NA,NA,NA,NA,NA,NA,NA,NA,NA,NA,NA,NA,NA,NA,NA,NA,NA,NA,NA,NA,NA,NA,NA,NA,NA,NA,NA,NA,High,High,High,NA,NA,NA,NA,NA,NA,NA,NA,NA,NA,NA,NA,NA,NA,NA,NA,NA,NA,NA,NA,NA,NA,NA,NA,NA,NA,NA,NA,NA,NA,NA,NA,NA,NA,NA,NA,NA,NA,NA,NA,NA,NA,NA,NA,NA,NA,NA,NA,NA,NA,NA,NA,NA,NA,NA,NA,NA,NA
NA,NA,NA,NA,NA,NA,NA,NA,NA,NA,NA,NA,NA,NA,NA,NA,237,2025-06-16,20:16:07,3,2,"Philpott, Alex",806193,Right,BRE_WHI,"Miura, Matthew",834681,Right,HYA_HAR,Undefined,7,Bottom,2,0,1,Fastball,Four-Seam,InPlay,Undefined,FlyBall,Out,1,0,NA,91.74294,-1.689781,-2.530629,2578.350581,206.809508,01:00:00,5.75036,1.81786,6.48745,-16.61328,15.57328,7.39918,2.8126,0.10962,84.60763,-4.85392,-1.189197,0.408328,94.69183,21.358059,8.94605,1926.720942,107.23838,36.04273,24.49088,283.88799,271.95663,19.601127,3.345343,-4.53547,8.89308,-1.64337,50,5.62412,5.60676,-133.37202,-4.39878,-8.24237,26.2866,-16.01255,HYA_HAR,BRE_WHI,CCBLHyannis,Cape Cod Baseball League,CCBL,20250616-CCBLHyannis-2,44492690-4b10-11f0-ac99-2d93a97aa58f,92.30933,41.12784,NA,7.13531,NA,NA,NA,0.96261,2.8107,-0.11015,aecf949a-adfb-400b-9c8e-95fb9d4c8878,2025-06-17,00:16:07,2025-06-17T00:16:07Z,2025-06-17T00:16:07Z,LineDrive,v3,6101,6096,NA,"Tinney, Carson",806245,Right,BRE_WHI,2e412ab7-a513-42f2-bd9f-ad38680ee453,54.01272,-134.16057,13.1433,5.74887,-3.91844,-8.00628,-1.81527,5.85401,-4.12119,234.047511,0.96303,127.75344,-25.03161,5.34978,-0.89491,0.048280000000000003,0.0244,-0.00719,6.6e-4,2.81032,50.59486,-18.28787,1.39101,-0.42139,0.19365,-0.06387,0.01198,-0.00093000000000000005,-0.11057,20.13091,6.75289,-2.42292,0.45726,0.00366,-0.02651,0.00624,-5e-4,NA,NA,NA,NA,NA,NA,NA,NA,NA,NA,NA,NA,NA,NA,NA,NA,NA,NA,NA,NA,NA,NA,High,High,High,High,Medium,NA,NA,NA,NA,NA,NA,NA,NA,NA,NA,NA,NA,NA,NA,NA,NA,NA,NA,NA,NA,NA,NA,NA,NA,NA,NA,NA,NA,NA,NA,NA,NA,NA,NA,NA,NA,NA,NA,NA,NA,NA,NA,NA,NA,NA,NA,NA,NA,NA,NA,NA,NA,NA,NA,NA,NA
NA,NA,NA,NA,NA,NA,NA,NA,NA,NA,NA,NA,NA,NA,NA,NA,238,2025-06-16,20:18:06,1,1,"August, Tyler",814094,Right,HYA_HAR,"Cuvet, Daniel",804562,Right,BRE_WHI,Undefined,8,Top,0,0,0,Slider,Slider,StrikeCalled,Undefined,Undefined,Undefined,0,0,NA,84.54618,-0.934899,-3.696093,2265.449727,119.743769,10:00:00,5.29303,2.47993,6.08167,-36.98171,1.88303,-1.21898,1.3444,-1.04591,77.84903,-7.74727,-3.915139,0.448693,NA,NA,NA,NA,NA,NA,NA,NA,NA,NA,NA,-0.39181,1.5352,-2.19343,50,5.20081,7.97041,-122.67526,-3.19739,-0.59715,24.24897,-29.83439,HYA_HAR,BRE_WHI,CCBLHyannis,Cape Cod Baseball League,CCBL,20250616-CCBLHyannis-2,8b4a07d0-4b10-11f0-ac99-2d93a97aa58f,84.00495,NA,NA,6.69714,NA,NA,NA,NA,NA,NA,aecf949a-adfb-400b-9c8e-95fb9d4c8878,2025-06-17,00:18:06,2025-06-17T00:18:06Z,2025-06-17T00:18:06Z,NA,v3,6101,6096,NA,"Lackey, Vahn",822518,Right,HYA_HAR,06e3f1ed-6b4e-4144-88a0-0cafab2351f2,54.41903,-123.54568,12.12449,5.29636,-2.12649,-14.9172,-2.47991,7.99184,-0.29858,NA,NA,NA,NA,NA,NA,NA,NA,NA,NA,NA,NA,NA,NA,NA,NA,NA,NA,NA,NA,NA,NA,NA,NA,NA,NA,NA,NA,NA,NA,NA,NA,NA,NA,NA,NA,NA,NA,NA,NA,NA,NA,NA,NA,NA,NA,NA,NA,NA,NA,High,High,High,NA,NA,NA,NA,NA,NA,NA,NA,NA,NA,NA,NA,NA,NA,NA,NA,NA,NA,NA,NA,NA,NA,NA,NA,NA,NA,NA,NA,NA,NA,NA,NA,NA,NA,NA,NA,NA,NA,NA,NA,NA,NA,NA,NA,NA,NA,NA,NA,NA,NA,NA,NA,NA,NA,NA,NA,NA,NA
NA,NA,NA,NA,NA,NA,NA,NA,NA,NA,NA,NA,NA,NA,NA,NA,239,2025-06-16,20:18:20,1,2,"August, Tyler",814094,Right,HYA_HAR,"Cuvet, Daniel",804562,Right,BRE_WHI,Undefined,8,Top,0,0,1,Fastball,Four-Seam,StrikeSwinging,Undefined,Undefined,Undefined,0,0,NA,92.84895,-1.878038,-4.159265,2120.209164,221.735272,01:30:00,5.34461,2.19977,6.03638,-14.08465,18.58595,15.54942,2.42669,-0.36253,83.90436,-4.60517,-1.370827,0.411386,NA,NA,NA,NA,NA,NA,NA,NA,NA,NA,NA,-9.26323,10.46717,-1.88299,50,5.19005,9.09559,-134.41425,-4.79863,-16.78089,31.80141,-13.21222,HYA_HAR,BRE_WHI,CCBLHyannis,Cape Cod Baseball League,CCBL,20250616-CCBLHyannis-2,9345caf0-4b10-11f0-ac99-2d93a97aa58f,91.62294,NA,NA,8.94459,NA,NA,NA,NA,NA,NA,aecf949a-adfb-400b-9c8e-95fb9d4c8878,2025-06-17,00:18:20,2025-06-17T00:18:20Z,2025-06-17T00:18:20Z,NA,v3,6101,6096,NA,"Lackey, Vahn",822518,Right,HYA_HAR,06d1b8c0-b54c-4240-a562-edd40b53a506,54.46132,-135.46565,15.90071,5.34148,-4.36182,-6.60611,-2.19288,9.65039,-8.39044,NA,NA,NA,NA,NA,NA,NA,NA,NA,NA,NA,NA,NA,NA,NA,NA,NA,NA,NA,NA,NA,NA,NA,NA,NA,NA,NA,NA,NA,NA,NA,NA,NA,NA,NA,NA,NA,NA,NA,NA,NA,NA,NA,NA,NA,NA,NA,NA,NA,NA,High,High,High,NA,NA,NA,NA,NA,NA,NA,NA,NA,NA,NA,NA,NA,NA,NA,NA,NA,NA,NA,NA,NA,NA,NA,NA,NA,NA,NA,NA,NA,NA,NA,NA,NA,NA,NA,NA,NA,NA,NA,NA,NA,NA,NA,NA,NA,NA,NA,NA,NA,NA,NA,NA,NA,NA,NA,NA,NA,NA
NA,NA,NA,NA,NA,NA,NA,NA,NA,NA,NA,NA,NA,NA,NA,NA,240,2025-06-16,20:18:36,1,3,"August, Tyler",814094,Right,HYA_HAR,"Cuvet, Daniel",804562,Right,BRE_WHI,Undefined,8,Top,0,0,2,Slider,Slider,BallCalled,Undefined,Undefined,Undefined,0,0,NA,83.22375,-2.279016,-4.662092,2199.169003,114.500613,09:45:00,5.07513,2.65096,5.56711,-36.80778,4.47134,-6.91363,-0.12931,-2.2899,76.52798,-8.970748,-5.889383,0.46242,NA,NA,NA,NA,NA,NA,NA,NA,NA,NA,NA,2.19185,3.25126,-2.2433,50,4.85347,10.08557,-120.37615,-6.05121,3.19864,24.55198,-27.42936,HYA_HAR,BRE_WHI,CCBLHyannis,Cape Cod Baseball League,CCBL,20250616-CCBLHyannis-2,9cffb8d0-4b10-11f0-ac99-2d93a97aa58f,81.51125,NA,NA,6.6957700000000004,NA,NA,NA,NA,NA,NA,aecf949a-adfb-400b-9c8e-95fb9d4c8878,2025-06-17,00:18:36,2025-06-17T00:18:36Z,2025-06-17T00:18:36Z,NA,v3,6101,6096,NA,"Lackey, Vahn",822518,Right,HYA_HAR,1093b3ab-17aa-4bcf-b474-f06282e09c99,54.93361,-121.37824,12.27599,5.07761,-4.93168,-13.71468,-2.65228,9.95502,1.59932,NA,NA,NA,NA,NA,NA,NA,NA,NA,NA,NA,NA,NA,NA,NA,NA,NA,NA,NA,NA,NA,NA,NA,NA,NA,NA,NA,NA,NA,NA,NA,NA,NA,NA,NA,NA,NA,NA,NA,NA,NA,NA,NA,NA,NA,NA,NA,NA,NA,NA,High,High,High,NA,NA,NA,NA,NA,NA,NA,NA,NA,NA,NA,NA,NA,NA,NA,NA,NA,NA,NA,NA,NA,NA,NA,NA,NA,NA,NA,NA,NA,NA,NA,NA,NA,NA,NA,NA,NA,NA,NA,NA,NA,NA,NA,NA,NA,NA,NA,NA,NA,NA,NA,NA,NA,NA,NA,NA,NA,NA
NA,NA,NA,NA,NA,NA,NA,NA,NA,NA,NA,NA,NA,NA,NA,NA,241,2025-06-16,20:18:54,1,4,"August, Tyler",814094,Right,HYA_HAR,"Cuvet, Daniel",804562,Right,BRE_WHI,Undefined,8,Top,0,1,2,Slider,Slider,BallCalled,Undefined,Undefined,Undefined,0,0,NA,86.40522,-0.326854,-5.117982,2195.705927,136.313144,10:30:00,5.28303,2.26989,6.31895,-33.33144,3.94941,-2.60795,2.20316,-2.67381,78.84113,-6.521586,-5.58647,0.439455,NA,NA,NA,NA,NA,NA,NA,NA,NA,NA,NA,-0.17634,2.51181,-1.89364,50,5.2433,11.30224,-125.07768,-1.76063,-0.27728,26.98117,-28.22457,HYA_HAR,BRE_WHI,CCBLHyannis,Cape Cod Baseball League,CCBL,20250616-CCBLHyannis-2,a75e2410-4b10-11f0-ac99-2d93a97aa58f,85.77088,NA,NA,7.56409,NA,NA,NA,NA,NA,NA,aecf949a-adfb-400b-9c8e-95fb9d4c8878,2025-06-17,00:18:54,2025-06-17T00:18:54Z,2025-06-17T00:18:54Z,NA,v3,6101,6096,NA,"Lackey, Vahn",822518,Right,HYA_HAR,e0290fa9-c7b1-44cb-823b-729ce5b1d8d5,54.17949,-125.97604,13.49059,5.28628,-0.82088,-14.11229,-2.27011,11.31148,-0.13864,NA,NA,NA,NA,NA,NA,NA,NA,NA,NA,NA,NA,NA,NA,NA,NA,NA,NA,NA,NA,NA,NA,NA,NA,NA,NA,NA,NA,NA,NA,NA,NA,NA,NA,NA,NA,NA,NA,NA,NA,NA,NA,NA,NA,NA,NA,NA,NA,NA,NA,High,High,High,NA,NA,NA,NA,NA,NA,NA,NA,NA,NA,NA,NA,NA,NA,NA,NA,NA,NA,NA,NA,NA,NA,NA,NA,NA,NA,NA,NA,NA,NA,NA,NA,NA,NA,NA,NA,NA,NA,NA,NA,NA,NA,NA,NA,NA,NA,NA,NA,NA,NA,NA,NA,NA,NA,NA,NA,NA,NA
NA,NA,NA,NA,NA,NA,NA,NA,NA,NA,NA,NA,NA,NA,NA,NA,242,2025-06-16,20:19:12,1,5,"August, Tyler",814094,Right,HYA_HAR,"Cuvet, Daniel",804562,Right,BRE_WHI,Undefined,8,Top,0,2,2,Fastball,Four-Seam,StrikeSwinging,Strikeout,Undefined,Undefined,0,0,NA,94.65146,-1.285586,-4.245321,2224.092833,222.859476,01:30:00,5.44304,2.35841,6.03273,-13.22761,18.49092,16.03969,3.14679,-0.24342,84.70381,-3.873122,-1.369796,0.405348,NA,NA,NA,NA,NA,NA,NA,NA,NA,NA,NA,-9.58591,10.23949,-2.03455,50,5.33517,9.42629,-136.89843,-3.42025,-17.84936,35.52374,-13.10767,HYA_HAR,BRE_WHI,CCBLHyannis,Cape Cod Baseball League,CCBL,20250616-CCBLHyannis-2,b2a4f380-4b10-11f0-ac99-2d93a97aa58f,92.98786,NA,NA,9.94765,NA,NA,NA,NA,NA,NA,aecf949a-adfb-400b-9c8e-95fb9d4c8878,2025-06-17,00:19:12,2025-06-17T00:19:12Z,2025-06-17T00:19:12Z,NA,v3,6101,6096,NA,"Lackey, Vahn",822518,Right,HYA_HAR,82e4038d-e69b-4fee-aa15-08ff5953c84b,54.46251,-138.05155,17.76187,5.43929,-2.99477,-6.55384,-2.34994,10.00569,-8.92468,NA,NA,NA,NA,NA,NA,NA,NA,NA,NA,NA,NA,NA,NA,NA,NA,NA,NA,NA,NA,NA,NA,NA,NA,NA,NA,NA,NA,49.26551,3.188408,1.659648,1.52876,-0.92531,2.98524,0.29683,-5.69934,4.81628,4.18499,73.43923,11.11526,51.35375,-5.54967,57.06873,-3.52469,4.93864,26.58855,-14.73958,4.21615,32.44074,-1.0496,High,High,High,NA,NA,High,High,High,NA,NA,NA,NA,NA,NA,NA,NA,NA,NA,NA,NA,NA,NA,NA,NA,NA,NA,NA,NA,NA,NA,NA,NA,NA,NA,NA,NA,NA,NA,NA,NA,NA,NA,NA,NA,NA,NA,NA,NA,NA,NA,NA,NA,NA,NA,NA,NA,NA,NA,NA,NA,NA
NA,NA,NA,NA,NA,NA,NA,NA,NA,NA,NA,NA,NA,NA,NA,NA,243,2025-06-16,20:19:48,2,1,"August, Tyler",814094,Right,HYA_HAR,"Tinney, Carson",806245,Right,BRE_WHI,Undefined,8,Top,1,0,0,Fastball,Four-Seam,StrikeCalled,Undefined,Undefined,Undefined,0,0,NA,94.53777,-2.313272,-4.213632,2144.791694,222.970454,01:30:00,5.37239,2.35841,6.11411,-12.0428,19.32796,16.98623,2.22301,-0.12904,85.58584,-4.66682,-1.163196,0.40312,NA,NA,NA,NA,NA,NA,NA,NA,NA,NA,NA,-10.03319,10.98871,-2.04355,50,5.18815,9.34121,-136.87363,-5.84714,-18.88584,32.40048,-11.48964,HYA_HAR,BRE_WHI,CCBLHyannis,Cape Cod Baseball League,CCBL,20250616-CCBLHyannis-2,c7d83280-4b10-11f0-ac99-2d93a97aa58f,93.50186,NA,NA,8.95193,NA,NA,NA,NA,NA,NA,aecf949a-adfb-400b-9c8e-95fb9d4c8878,2025-06-17,00:19:48,2025-06-17T00:19:48Z,2025-06-17T00:19:48Z,NA,v3,6101,6096,NA,"Lackey, Vahn",822518,Right,HYA_HAR,3ae6f7b6-9bbd-4d3f-a0b2-0d7dde85c2c9,54.38447,-137.90761,16.20024,5.36889,-5.48048,-5.74482,-2.35127,9.9439,-9.44292,NA,NA,NA,NA,NA,NA,NA,NA,NA,NA,NA,NA,NA,NA,NA,NA,NA,NA,NA,NA,NA,NA,NA,NA,NA,NA,NA,NA,NA,NA,NA,NA,NA,NA,NA,NA,NA,NA,NA,NA,NA,NA,NA,NA,NA,NA,NA,NA,NA,NA,High,High,High,NA,NA,NA,NA,NA,NA,NA,NA,NA,NA,NA,NA,NA,NA,NA,NA,NA,NA,NA,NA,NA,NA,NA,NA,NA,NA,NA,NA,NA,NA,NA,NA,NA,NA,NA,NA,NA,NA,NA,NA,NA,NA,NA,NA,NA,NA,NA,NA,NA,NA,NA,NA,NA,NA,NA,NA,NA,NA
NA,NA,NA,NA,NA,NA,NA,NA,NA,NA,NA,NA,NA,NA,NA,NA,244,2025-06-16,20:20:04,2,2,"August, Tyler",814094,Right,HYA_HAR,"Tinney, Carson",806245,Right,BRE_WHI,Undefined,8,Top,1,0,1,Slider,Slider,BallCalled,Undefined,Undefined,Undefined,0,0,NA,85.22117,0.050889,-2.180727,2239.874883,228.443846,01:30:00,5.23754,2.62354,5.95559,-34.20183,4.60189,3.67229,2.43462,0.90625,77.2417,-6.307752,-1.52103,0.448341,NA,NA,NA,NA,NA,NA,NA,NA,NA,NA,NA,-2.6191,2.64358,-2.45245,50,5.2222,4.56905,-123.6729,-0.99749,-4.00057,27.83012,-28.13607,HYA_HAR,BRE_WHI,CCBLHyannis,Cape Cod Baseball League,CCBL,20250616-CCBLHyannis-2,d1449ca0-4b10-11f0-ac99-2d93a97aa58f,84.071,NA,NA,7.97947,NA,NA,NA,NA,NA,NA,aecf949a-adfb-400b-9c8e-95fb9d4c8878,2025-06-17,00:20:04,2025-06-17T00:20:04Z,2025-06-17T00:20:04Z,NA,v3,6101,6096,NA,"Lackey, Vahn",822518,Right,HYA_HAR,c2031dbe-e105-40bc-b76b-47af1dd241a6,54.54478,-124.69141,13.91506,5.23987,0.03222,-14.06804,-2.62235,4.71546,-2.00029,NA,NA,NA,NA,NA,NA,NA,NA,NA,NA,NA,NA,NA,NA,NA,NA,NA,NA,NA,NA,NA,NA,NA,NA,NA,NA,NA,NA,NA,NA,NA,NA,NA,NA,NA,NA,NA,NA,NA,NA,NA,NA,NA,NA,NA,NA,NA,NA,NA,NA,High,High,High,NA,NA,NA,NA,NA,NA,NA,NA,NA,NA,NA,NA,NA,NA,NA,NA,NA,NA,NA,NA,NA,NA,NA,NA,NA,NA,NA,NA,NA,NA,NA,NA,NA,NA,NA,NA,NA,NA,NA,NA,NA,NA,NA,NA,NA,NA,NA,NA,NA,NA,NA,NA,NA,NA,NA,NA,NA,NA
NA,NA,NA,NA,NA,NA,NA,NA,NA,NA,NA,NA,NA,NA,NA,NA,245,2025-06-16,20:20:23,2,3,"August, Tyler",814094,Right,HYA_HAR,"Tinney, Carson",806245,Right,BRE_WHI,Undefined,8,Top,1,1,1,Curveball,Slider,StrikeSwinging,Undefined,Undefined,Undefined,0,0,NA,80.8167,-0.472499,-1.494803,2373.829746,98.122794,09:15:00,5.24999,2.39694,5.58788,-40.66738,3.40567,-12.55363,1.41967,-0.04533,73.0563,-7.958716,-3.736232,0.477813,NA,NA,NA,NA,NA,NA,NA,NA,NA,NA,NA,5.85343,2.34831,-2.26021,50,5.18323,3.55958,-117.11953,-2.32148,7.96579,26.29603,-28.97831,HYA_HAR,BRE_WHI,CCBLHyannis,Cape Cod Baseball League,CCBL,20250616-CCBLHyannis-2,dcbab970-4b10-11f0-ac99-2d93a97aa58f,78.88533,NA,NA,7.76039,NA,NA,NA,NA,NA,NA,aecf949a-adfb-400b-9c8e-95fb9d4c8878,2025-06-17,00:20:23,2025-06-17T00:20:23Z,2025-06-17T00:20:23Z,NA,v3,6101,6096,NA,"Lackey, Vahn",822518,Right,HYA_HAR,9da0416d-5e46-4280-89b1-5c9e8b0512e3,54.90894,-118.21657,13.14802,5.25486,-1.11255,-14.48916,-2.40178,3.22726,3.98289,NA,NA,NA,NA,NA,NA,NA,NA,NA,NA,NA,NA,NA,NA,NA,NA,NA,NA,NA,NA,NA,NA,NA,NA,NA,NA,NA,NA,NA,NA,NA,NA,NA,NA,NA,NA,NA,NA,NA,NA,NA,NA,NA,NA,NA,NA,NA,NA,NA,NA,High,High,High,NA,NA,NA,NA,NA,NA,NA,NA,NA,NA,NA,NA,NA,NA,NA,NA,NA,NA,NA,NA,NA,NA,NA,NA,NA,NA,NA,NA,NA,NA,NA,NA,NA,NA,NA,NA,NA,NA,NA,NA,NA,NA,NA,NA,NA,NA,NA,NA,NA,NA,NA,NA,NA,NA,NA,NA,NA,NA
NA,NA,NA,NA,NA,NA,NA,NA,NA,NA,NA,NA,NA,NA,NA,NA,246,2025-06-16,20:20:37,2,4,"August, Tyler",814094,Right,HYA_HAR,"Tinney, Carson",806245,Right,BRE_WHI,Undefined,8,Top,1,1,2,Slider,Slider,BallCalled,Undefined,Undefined,Undefined,0,0,NA,86.94066,-1.43571,-3.791733,2294.06848,107.240141,09:30:00,5.22153,2.40319,6.23443,-34.63313,1.94563,-2.66587,1.00781,-1.32196,80.04722,-7.828394,-4.272053,0.435297,NA,NA,NA,NA,NA,NA,NA,NA,NA,NA,NA,0.33819,1.68795,-2.1187,50,5.09682,8.45996,-126.14211,-4.28126,0.54448,25.85233,-29.45655,HYA_HAR,BRE_WHI,CCBLHyannis,Cape Cod Baseball League,CCBL,20250616-CCBLHyannis-2,e544b2d0-4b10-11f0-ac99-2d93a97aa58f,86.59012,NA,NA,6.89344,NA,NA,NA,NA,NA,NA,aecf949a-adfb-400b-9c8e-95fb9d4c8878,2025-06-17,00:20:37,2025-06-17T00:20:37Z,2025-06-17T00:20:37Z,NA,v3,6101,6096,NA,"Lackey, Vahn",822518,Right,HYA_HAR,8417a98d-2ce8-49bc-a083-40e3ec2ce9ae,54.26656,-127.01351,12.92617,5.2244,-3.28837,-14.72827,-2.40355,8.4416,0.27224,NA,NA,NA,NA,NA,NA,NA,NA,NA,NA,NA,NA,NA,NA,NA,NA,NA,NA,NA,NA,NA,NA,NA,NA,NA,NA,NA,NA,NA,NA,NA,NA,NA,NA,NA,NA,NA,NA,NA,NA,NA,NA,NA,NA,NA,NA,NA,NA,NA,NA,High,High,High,NA,NA,NA,NA,NA,NA,NA,NA,NA,NA,NA,NA,NA,NA,NA,NA,NA,NA,NA,NA,NA,NA,NA,NA,NA,NA,NA,NA,NA,NA,NA,NA,NA,NA,NA,NA,NA,NA,NA,NA,NA,NA,NA,NA,NA,NA,NA,NA,NA,NA,NA,NA,NA,NA,NA,NA,NA,NA
NA,NA,NA,NA,NA,NA,NA,NA,NA,NA,NA,NA,NA,NA,NA,NA,247,2025-06-16,20:20:51,2,5,"August, Tyler",814094,Right,HYA_HAR,"Tinney, Carson",806245,Right,BRE_WHI,Undefined,8,Top,1,2,2,Slider,Slider,BallCalled,Undefined,Undefined,Undefined,0,0,NA,86.753,-0.970481,-3.645987,2334.744112,65.219315,08:15:00,5.13434,2.33186,6.23065,-36.5451,0.23071,-1.9715,1.19168,-1.20064,79.7211,-7.717787,-4.001307,0.436468,NA,NA,NA,NA,NA,NA,NA,NA,NA,NA,NA,-0.00654,0.68803,-2.05842,50,5.0435,8.0965,-125.88968,-3.32356,-0.01043,26.11654,-31.07251,HYA_HAR,BRE_WHI,CCBLHyannis,Cape Cod Baseball League,CCBL,20250616-CCBLHyannis-2,ed703880-4b10-11f0-ac99-2d93a97aa58f,86.35783,NA,NA,7.0319,NA,NA,NA,NA,NA,NA,aecf949a-adfb-400b-9c8e-95fb9d4c8878,2025-06-17,00:20:51,2025-06-17T00:20:51Z,2025-06-17T00:20:51Z,NA,v3,6101,6096,NA,"Lackey, Vahn",822518,Right,HYA_HAR,6a776505-8820-4c44-9317-3835f98fc27b,54.26989,-126.77239,13.05827,5.13808,-2.27334,-15.53625,-2.33208,8.09685,-0.00522,NA,NA,NA,NA,NA,NA,NA,NA,NA,NA,NA,NA,NA,NA,NA,NA,NA,NA,NA,NA,NA,NA,NA,NA,NA,NA,NA,NA,NA,NA,NA,NA,NA,NA,NA,NA,NA,NA,NA,NA,NA,NA,NA,NA,NA,NA,NA,NA,NA,NA,High,High,High,NA,NA,NA,NA,NA,NA,NA,NA,NA,NA,NA,NA,NA,NA,NA,NA,NA,NA,NA,NA,NA,NA,NA,NA,NA,NA,NA,NA,NA,NA,NA,NA,NA,NA,NA,NA,NA,NA,NA,NA,NA,NA,NA,NA,NA,NA,NA,NA,NA,NA,NA,NA,NA,NA,NA,NA,NA,NA
NA,NA,NA,NA,NA,NA,NA,NA,NA,NA,NA,NA,NA,NA,NA,NA,248,2025-06-16,20:21:06,2,6,"August, Tyler",814094,Right,HYA_HAR,"Tinney, Carson",806245,Right,BRE_WHI,Undefined,8,Top,1,3,2,Fastball,Four-Seam,InPlay,Undefined,FlyBall,Out,1,0,NA,94.56183,-1.463842,-2.868937,2205.985079,216.632437,01:15:00,5.33443,2.37538,6.03999,-13.15461,18.26725,12.76261,2.88086,0.78037,85.43294,-4.018524,-0.575524,0.403448,65.74669,42.999763,-20.953488,NA,102.83115,68.2864,-39.06086,195.31514,192.60065,-21.040435,4.335265,-7.58591,10.25052,-2.15886,50,5.21336,6.333,-137.14378,-3.8785,-14.27338,33.74666,-12.88708,HYA_HAR,BRE_WHI,CCBLHyannis,Cape Cod Baseball League,CCBL,20250616-CCBLHyannis-2,f64396f0-4b10-11f0-ac99-2d93a97aa58f,93.42586,68.29198,NA,9.12889,NA,NA,NA,1.31754,2.92712,-0.80708,aecf949a-adfb-400b-9c8e-95fb9d4c8878,2025-06-17,00:21:06,2025-06-17T00:21:06Z,2025-06-17T00:21:06Z,Popup,v3,6101,6096,NA,"Lackey, Vahn",822518,Right,HYA_HAR,69e45953-6daa-4679-af9b-89e030afec37,54.46016,-138.23693,16.87333,5.33223,-3.46106,-6.44354,-2.37149,6.79535,-7.13669,182.724312,1.31915,65.82123,-12.06953,2.60696,-0.30397,-0.01401,0.00905,-6.7e-4,-1e-5,2.9266,65.77151,-18.33009,1.10403,-0.03863,-0.0937,0.04172,-0.00739,4.8e-4,-0.80781,-25.20193,5.08173,-1.24088,0.17443,-0.00114,-0.00427,5.6e-4,-2e-5,NA,NA,NA,NA,NA,NA,NA,NA,NA,NA,NA,NA,NA,NA,NA,NA,NA,NA,NA,NA,NA,NA,High,High,High,High,High,NA,NA,NA,NA,NA,NA,NA,NA,NA,NA,NA,NA,NA,NA,NA,NA,NA,NA,NA,NA,NA,NA,NA,NA,NA,NA,NA,NA,NA,NA,NA,NA,NA,NA,NA,NA,NA,NA,NA,NA,NA,NA,NA,NA,NA,NA,NA,NA,NA,NA,NA,NA,NA,NA,NA,NA
NA,NA,NA,NA,NA,NA,NA,NA,NA,NA,NA,NA,NA,NA,NA,NA,249,2025-06-16,20:21:36,3,1,"August, Tyler",814094,Right,HYA_HAR,"Cyr, Blake",701331,Right,BRE_WHI,Undefined,8,Top,2,0,0,Slider,Slider,InPlay,Undefined,GroundBall,Out,1,0,NA,86.46375,-1.446968,-2.459257,2196.442507,175.077976,11:45:00,5.13618,2.6164,6.22775,-30.44222,6.56595,-0.46378,1.26282,0.3074,79.22663,-7.111934,-2.542988,0.437845,95.27186,6.69331,-13.148249,5017.678061,NA,NA,NA,107.90941,105.42729,-15.612529,0.862655,-0.46571,4.15481,-2.4324,50,5.01279,5.40973,-125.54831,-4.12708,-0.74077,26.24108,-25.56553,HYA_HAR,BRE_WHI,CCBLHyannis,Cape Cod Baseball League,CCBL,20250616-CCBLHyannis-2,081b4ee0-4b11-11f0-ac99-2d93a97aa58f,86.08628,4.29612,NA,7.23712,NA,NA,NA,2.0848,1.27133,-0.24406,aecf949a-adfb-400b-9c8e-95fb9d4c8878,2025-06-17,00:21:36,2025-06-17T00:21:36Z,2025-06-17T00:21:36Z,GroundBall,v3,6101,6096,NA,"Lackey, Vahn",822518,Right,HYA_HAR,0a105365-ad54-4c94-8174-b717bc9ff5c5,54.27188,-126.43803,13.12054,5.13803,-3.26026,-12.78277,-2.61624,5.43484,-0.37039,63.553308,2.17636,133.6879,-18.35269,NA,NA,NA,NA,NA,NA,1.34541,15.10876,-19.41205,NA,NA,NA,NA,NA,NA,-0.21001,-32.11695,-1.55285,NA,NA,NA,NA,NA,NA,NA,NA,NA,NA,NA,NA,NA,NA,NA,NA,NA,NA,NA,NA,NA,NA,NA,NA,NA,NA,NA,NA,High,High,High,High,High,NA,NA,NA,NA,NA,NA,NA,NA,NA,NA,NA,NA,NA,NA,NA,NA,NA,NA,NA,NA,NA,NA,NA,NA,NA,NA,NA,NA,NA,NA,NA,NA,NA,NA,NA,NA,NA,NA,NA,NA,NA,NA,NA,NA,NA,NA,NA,NA,NA,NA,NA,NA,NA,NA,NA,NA
NA,NA,NA,NA,NA,NA,NA,NA,NA,NA,NA,NA,NA,NA,NA,NA,250,2025-06-16,20:24:04,1,1,"Philpott, Alex",806193,Right,BRE_WHI,"Williamson, Andrew",824713,Left,HYA_HAR,Undefined,8,Bottom,0,0,0,Cutter,Slider,InPlay,Undefined,GroundBall,Out,1,0,NA,85.52981,-1.386304,-1.381122,2359.927734,162.387204,11:30:00,5.72194,2.0166,6.0904,-27.62104,10.15902,-2.86004,2.13721,0.50045,78.68773,-6.530615,-1.896543,0.442387,49.7454,-71.051245,27.157641,NA,NA,NA,NA,2.63035,2.63035,-3.786114,0.031652,1.1124,5.96685,-1.90859,50,5.60035,3.10651,-124.29514,-3.86705,1.74441,24.35431,-22.81717,HYA_HAR,BRE_WHI,CCBLHyannis,Cape Cod Baseball League,CCBL,20250616-CCBLHyannis-2,60948a00-4b11-11f0-ac99-2d93a97aa58f,85.20234,2.19837,NA,6.84209,NA,NA,NA,1.95306,2.19837,-0.51819,aecf949a-adfb-400b-9c8e-95fb9d4c8878,2025-06-17,00:24:04,2025-06-17T00:24:04Z,2025-06-17T00:24:04Z,GroundBall,v3,6101,6096,NA,"Tinney, Carson",806245,Right,BRE_WHI,41e9dcda-8adb-4240-87fc-c21650a0e54b,54.40911,-125.15607,12.17715,5.72279,-3.06046,-11.40858,-2.01732,3.04484,0.8722,NA,1.95236,21.2165,NA,NA,NA,NA,NA,NA,NA,2.20065,-69.45365,NA,NA,NA,NA,NA,NA,NA,-0.51855,10.88398,NA,NA,NA,NA,NA,NA,NA,NA,NA,NA,NA,NA,NA,NA,NA,NA,NA,NA,NA,NA,NA,NA,NA,NA,NA,NA,NA,NA,NA,High,High,High,Estimated,Estimated,NA,NA,NA,NA,NA,NA,NA,NA,NA,NA,NA,NA,NA,NA,NA,NA,NA,NA,NA,NA,NA,NA,NA,NA,NA,NA,NA,NA,NA,NA,NA,NA,NA,NA,NA,NA,NA,NA,NA,NA,NA,NA,NA,NA,NA,NA,NA,NA,NA,NA,NA,NA,NA,NA,NA,NA
NA,NA,NA,NA,NA,NA,NA,NA,NA,NA,NA,NA,NA,NA,NA,NA,251,2025-06-16,20:24:42,2,1,"Philpott, Alex",806193,Right,BRE_WHI,"Velazquez, Ray",808918,Right,HYA_HAR,Undefined,8,Bottom,1,0,0,Cutter,Slider,StrikeCalled,Undefined,Undefined,Undefined,0,0,NA,84.91436,-1.9687,-2.503589,2428.168776,150.69175,11:00:00,5.67214,2.056,6.04227,-28.73179,9.77201,-4.82378,1.45263,-0.66542,78.19981,-7.2952,-3.371063,0.446605,NA,NA,NA,NA,NA,NA,NA,NA,NA,NA,NA,1.82449,5.92492,-1.85813,50,5.50292,5.57323,-123.27291,-5.13794,2.8114,24.18641,-23.0443,HYA_HAR,BRE_WHI,CCBLHyannis,Cape Cod Baseball League,CCBL,20250616-CCBLHyannis-2,76f74850-4b11-11f0-ac99-2d93a97aa58f,84.3978,NA,NA,6.71455,NA,NA,NA,NA,NA,NA,aecf949a-adfb-400b-9c8e-95fb9d4c8878,2025-06-17,00:24:42,2025-06-17T00:24:42Z,2025-06-17T00:24:42Z,NA,v3,6101,6096,NA,"Tinney, Carson",806245,Right,BRE_WHI,3e9dd175-42e6-43a1-bcba-d2eddf26dd2e,54.45763,-124.14443,12.0932,5.6731,-4.30758,-11.52215,-2.05713,5.47192,1.4057,NA,NA,NA,NA,NA,NA,NA,NA,NA,NA,NA,NA,NA,NA,NA,NA,NA,NA,NA,NA,NA,NA,NA,NA,NA,NA,NA,NA,NA,NA,NA,NA,NA,NA,NA,NA,NA,NA,NA,NA,NA,NA,NA,NA,NA,NA,NA,NA,NA,NA,High,High,High,NA,NA,NA,NA,NA,NA,NA,NA,NA,NA,NA,NA,NA,NA,NA,NA,NA,NA,NA,NA,NA,NA,NA,NA,NA,NA,NA,NA,NA,NA,NA,NA,NA,NA,NA,NA,NA,NA,NA,NA,NA,NA,NA,NA,NA,NA,NA,NA,NA,NA,NA,NA,NA,NA,NA,NA,NA,NA
NA,NA,NA,NA,NA,NA,NA,NA,NA,NA,NA,NA,NA,NA,NA,NA,252,2025-06-16,20:24:58,2,2,"Philpott, Alex",806193,Right,BRE_WHI,"Velazquez, Ray",808918,Right,HYA_HAR,Undefined,8,Bottom,1,0,1,Fastball,Four-Seam,StrikeCalled,Undefined,Undefined,Undefined,0,0,NA,91.61223,-2.113902,-3.143135,2423.100067,205.730505,12:45:00,5.71857,1.84082,6.48763,-11.59729,21.401,9.74465,2.80759,-0.23568,82.6846,-4.417602,-1.37838,0.413444,NA,NA,NA,NA,NA,NA,NA,NA,NA,NA,NA,-6.07441,12.19465,-1.62401,50,5.56449,6.89561,-132.80563,-5.13789,-10.71143,31.80033,-10.67042,HYA_HAR,BRE_WHI,CCBLHyannis,Cape Cod Baseball League,CCBL,20250616-CCBLHyannis-2,808dcfb0-4b11-11f0-ac99-2d93a97aa58f,91.16689,NA,NA,8.92763,NA,NA,NA,NA,NA,NA,aecf949a-adfb-400b-9c8e-95fb9d4c8878,2025-06-17,00:24:58,2025-06-17T00:24:58Z,2025-06-17T00:24:58Z,NA,v3,6101,6096,NA,"Tinney, Carson",806245,Right,BRE_WHI,370258a4-4127-41f9-8015-d3d1295182d4,54.00911,-133.76216,15.90016,5.71421,-4.81693,-5.33521,-1.83628,7.2178,-5.35572,NA,NA,NA,NA,NA,NA,NA,NA,NA,NA,NA,NA,NA,NA,NA,NA,NA,NA,NA,NA,NA,NA,NA,NA,NA,NA,NA,NA,NA,NA,NA,NA,NA,NA,NA,NA,NA,NA,NA,NA,NA,NA,NA,NA,NA,NA,NA,NA,NA,NA,High,High,High,NA,NA,NA,NA,NA,NA,NA,NA,NA,NA,NA,NA,NA,NA,NA,NA,NA,NA,NA,NA,NA,NA,NA,NA,NA,NA,NA,NA,NA,NA,NA,NA,NA,NA,NA,NA,NA,NA,NA,NA,NA,NA,NA,NA,NA,NA,NA,NA,NA,NA,NA,NA,NA,NA,NA,NA,NA,NA
NA,NA,NA,NA,NA,NA,NA,NA,NA,NA,NA,NA,NA,NA,NA,NA,253,2025-06-16,20:25:16,2,3,"Philpott, Alex",806193,Right,BRE_WHI,"Velazquez, Ray",808918,Right,HYA_HAR,Undefined,8,Bottom,1,0,2,Curveball,Curveball,BallCalled,Undefined,Undefined,Undefined,0,0,NA,78.02274,1.145182,-2.218608,2291.389229,53.802077,07:45:00,5.63385,2.04811,6.02557,-55.81267,-9.61241,-15.23816,2.04434,-1.27751,71.276,-9.10061,-4.960177,0.489208,NA,NA,NA,NA,NA,NA,NA,NA,NA,NA,NA,7.17504,-4.92343,-1.86617,50,5.69322,4.93551,-113.26845,0.51934,9.18653,23.4827,-38.47772,HYA_HAR,BRE_WHI,CCBLHyannis,Cape Cod Baseball League,CCBL,20250616-CCBLHyannis-2,8b9ced50-4b11-11f0-ac99-2d93a97aa58f,77.04787,NA,NA,6.74674,NA,NA,NA,NA,NA,NA,aecf949a-adfb-400b-9c8e-95fb9d4c8878,2025-06-17,00:25:16,2025-06-17T00:25:16Z,2025-06-17T00:25:16Z,NA,v3,6101,6096,NA,"Tinney, Carson",806245,Right,BRE_WHI,6dbf8464-3491-4b4d-8d2a-c0d1575d6c0a,54.4762,-114.19268,11.74135,5.64297,2.03374,-19.23886,-2.05331,4.57395,4.59326,NA,NA,NA,NA,NA,NA,NA,NA,NA,NA,NA,NA,NA,NA,NA,NA,NA,NA,NA,NA,NA,NA,NA,NA,NA,NA,NA,NA,NA,NA,NA,NA,NA,NA,NA,NA,NA,NA,NA,NA,NA,NA,NA,NA,NA,NA,NA,NA,NA,NA,High,High,High,NA,NA,NA,NA,NA,NA,NA,NA,NA,NA,NA,NA,NA,NA,NA,NA,NA,NA,NA,NA,NA,NA,NA,NA,NA,NA,NA,NA,NA,NA,NA,NA,NA,NA,NA,NA,NA,NA,NA,NA,NA,NA,NA,NA,NA,NA,NA,NA,NA,NA,NA,NA,NA,NA,NA,NA,NA,NA
NA,NA,NA,NA,NA,NA,NA,NA,NA,NA,NA,NA,NA,NA,NA,NA,254,2025-06-16,20:25:35,2,4,"Philpott, Alex",806193,Right,BRE_WHI,"Velazquez, Ray",808918,Right,HYA_HAR,Undefined,8,Bottom,1,1,2,Curveball,Curveball,InPlay,Undefined,LineDrive,Double,0,1,NA,78.73249,0.294902,-1.320322,2264.210712,43.359185,07:30:00,5.58825,2.16167,6.09209,-54.98255,-9.71686,-10.63422,1.27923,0.05399,71.87126,-9.809407,-3.240867,0.484235,71.10475,20.238844,-34.234163,1872.748938,87.14333,20.80279,-67.1269,190.91012,190.20799,-40.647425,2.381181,5.11402,-4.78185,-2.05419,50,5.58181,3.01353,-114.36719,-1.12112,6.66341,24.28754,-38.40462,HYA_HAR,BRE_WHI,CCBLHyannis,Cape Cod Baseball League,CCBL,20250616-CCBLHyannis-2,96ad4370-4b11-11f0-ac99-2d93a97aa58f,77.83918,21.01134,NA,6.86123,NA,NA,NA,2.54978,1.43523,-0.19847,aecf949a-adfb-400b-9c8e-95fb9d4c8878,2025-06-17,00:25:35,2025-06-17T00:25:35Z,2025-06-17T00:25:35Z,LineDrive,v3,6101,6096,NA,"Tinney, Carson",806245,Right,BRE_WHI,efd15458-c4bf-4ae0-ad8e-0285b765b7af,54.40953,-115.29982,12.14377,5.59655,0.35359,-19.20231,-2.165,2.75766,3.3317,NA,2.54965,80.90319,-13.44367,3.29024,-1.15883,0.58308,-0.26647,0.06913,-0.00712,1.43532,36.07137,-17.82508,1.10281,0.14854,-0.25822,0.14165,-0.03561,0.00337,-0.19844,-55.04882,0.55398,0.69172,-0.21392,-0.02203,0.03898,-0.01292,0.00146,NA,NA,NA,NA,NA,NA,NA,NA,NA,NA,NA,NA,NA,NA,NA,NA,NA,NA,NA,NA,NA,NA,High,High,High,High,High,NA,NA,NA,NA,NA,NA,NA,NA,NA,NA,NA,NA,NA,NA,NA,NA,NA,NA,NA,NA,NA,NA,NA,NA,NA,NA,NA,NA,NA,NA,NA,NA,NA,NA,NA,NA,NA,NA,NA,NA,NA,NA,NA,NA,NA,NA,NA,NA,NA,NA,NA,NA,NA,NA,NA,NA
NA,NA,NA,NA,NA,NA,NA,NA,NA,NA,NA,NA,NA,NA,NA,NA,255,2025-06-16,20:27:01,3,1,"Philpott, Alex",806193,Right,BRE_WHI,"Bailey, Myles",815343,Left,HYA_HAR,Undefined,8,Bottom,1,0,0,Fastball,Four-Seam,StrikeSwinging,Undefined,Undefined,Undefined,0,0,NA,92.37152,-2.073863,-2.461443,2517.153322,212.079388,01:00:00,5.88068,1.67715,6.42876,-11.02784,21.55513,12.76363,3.05299,0.47705,83.13945,-4.275934,-0.149963,0.410834,NA,NA,NA,NA,NA,NA,NA,NA,NA,NA,NA,-7.39926,12.22056,-1.50692,50,5.72736,5.21746,-133.92962,-5.0586,-13.2348,33.03482,-10.31554,HYA_HAR,BRE_WHI,CCBLHyannis,Cape Cod Baseball League,CCBL,20250616-CCBLHyannis-2,c99ca960-4b11-11f0-ac99-2d93a97aa58f,91.74608,NA,NA,9.23208,NA,NA,NA,NA,NA,NA,aecf949a-adfb-400b-9c8e-95fb9d4c8878,2025-06-17,00:27:01,2025-06-17T00:27:01Z,2025-06-17T00:27:01Z,NA,v3,6101,6096,NA,"Tinney, Carson",806245,Right,BRE_WHI,1566fac4-7d61-4022-b745-6ea8aae4f7d7,54.06688,-134.92902,16.51741,5.87568,-4.74653,-5.15777,-1.67082,5.61785,-6.6174,NA,NA,NA,NA,NA,NA,NA,NA,NA,NA,NA,NA,NA,NA,NA,NA,NA,NA,NA,NA,NA,NA,NA,NA,NA,NA,NA,NA,NA,NA,NA,NA,NA,NA,NA,NA,NA,NA,NA,NA,NA,NA,NA,NA,NA,NA,NA,NA,NA,NA,High,High,High,NA,NA,NA,NA,NA,NA,NA,NA,NA,NA,NA,NA,NA,NA,NA,NA,NA,NA,NA,NA,NA,NA,NA,NA,NA,NA,NA,NA,NA,NA,NA,NA,NA,NA,NA,NA,NA,NA,NA,NA,NA,NA,NA,NA,NA,NA,NA,NA,NA,NA,NA,NA,NA,NA,NA,NA,NA,NA
NA,NA,NA,NA,NA,NA,NA,NA,NA,NA,NA,NA,NA,NA,NA,NA,256,2025-06-16,20:27:20,3,2,"Philpott, Alex",806193,Right,BRE_WHI,"Bailey, Myles",815343,Left,HYA_HAR,Undefined,8,Bottom,1,0,1,ChangeUp,Changeup,FoulBallNotFieldable,Undefined,Undefined,Undefined,0,0,NA,86.05807,-0.444641,-3.47923,1832.119223,231.404884,01:45:00,5.69714,1.98635,6.01364,-23.36434,14.43095,16.49769,3.33744,0.13419,78.22155,-4.855036,-0.517511,0.442477,63.93232,20.681171,-157.76417,2828.125052,NA,NA,NA,131.63104,49.84573,-158.020054,1.75828,-9.59752,7.93189,-1.72256,50,5.6495,6.94269,-124.8221,-1.67134,-15.05411,26.48622,-19.73254,HYA_HAR,BRE_WHI,CCBLHyannis,Cape Cod Baseball League,CCBL,20250616-CCBLHyannis-2,d51ed420-4b11-11f0-ac99-2d93a97aa58f,85.18515,16.42507,NA,7.83653,NA,NA,NA,3.87439,3.54712,-0.17388,aecf949a-adfb-400b-9c8e-95fb9d4c8878,2025-06-17,00:27:20,2025-06-17T00:27:20Z,2025-06-17T00:27:20Z,LineDrive,v3,6101,6096,NA,"Tinney, Carson",806245,Right,BRE_WHI,740afe8d-f22d-4bcd-bab9-7685edbde77b,54.48622,-125.77044,13.24311,5.69669,-0.96482,-9.86627,-1.98079,7.4817,-7.52706,18.023769,3.87438,-81.20062,5.63537,-0.17708,-0.09794,0.25073,-0.20775,0.09041,-0.01602,3.54712,33.11578,-22.64229,2.01553,-0.43383,0.13935,-0.05762,0.02084,-0.00334,-0.17389,-33.19668,3.6872,-0.53147,0.06568,0.05763,-0.06172,0.0279,-0.00501,NA,NA,NA,NA,NA,NA,NA,NA,NA,NA,NA,NA,NA,NA,NA,NA,NA,NA,NA,NA,NA,NA,High,High,High,High,Low,NA,NA,NA,NA,NA,NA,NA,NA,NA,NA,NA,NA,NA,NA,NA,NA,NA,NA,NA,NA,NA,NA,NA,NA,NA,NA,NA,NA,NA,NA,NA,NA,NA,NA,NA,NA,NA,NA,NA,NA,NA,NA,NA,NA,NA,NA,NA,NA,NA,NA,NA,NA,NA,NA,NA,NA
NA,NA,NA,NA,NA,NA,NA,NA,NA,NA,NA,NA,NA,NA,NA,NA,257,2025-06-16,20:27:45,3,3,"Philpott, Alex",806193,Right,BRE_WHI,"Bailey, Myles",815343,Left,HYA_HAR,Undefined,8,Bottom,1,0,2,Curveball,Curveball,BallCalled,Undefined,Undefined,Undefined,0,0,NA,78.98126,-0.517807,-1.164835,2292.41208,41.953789,07:30:00,5.57238,1.90089,6.02311,-53.26519,-8.64808,-9.01032,0.65392,0.07102,72.9461,-10.255242,-2.791263,0.480753,NA,NA,NA,NA,NA,NA,NA,NA,NA,NA,NA,4.31296,-3.90059,-1.80487,50,5.50303,2.66176,-114.82293,-2.73267,5.7332,22.11654,-37.35909,HYA_HAR,BRE_WHI,CCBLHyannis,Cape Cod Baseball League,CCBL,20250616-CCBLHyannis-2,e428ed20-4b11-11f0-ac99-2d93a97aa58f,78.40293,NA,NA,6.03516,NA,NA,NA,NA,NA,NA,aecf949a-adfb-400b-9c8e-95fb9d4c8878,2025-06-17,00:27:45,2025-06-17T00:27:45Z,2025-06-17T00:27:45Z,NA,v3,6101,6096,NA,"Tinney, Carson",806245,Right,BRE_WHI,c6a7252f-0c52-46bc-84f6-71cbd0b2ea84,54.4787,-115.68237,11.05827,5.58101,-1.2809,-18.67955,-1.90398,2.43897,2.8666,NA,NA,NA,NA,NA,NA,NA,NA,NA,NA,NA,NA,NA,NA,NA,NA,NA,NA,NA,NA,NA,NA,NA,NA,NA,NA,NA,NA,NA,NA,NA,NA,NA,NA,NA,NA,NA,NA,NA,NA,NA,NA,NA,NA,NA,NA,NA,NA,NA,NA,High,High,High,NA,NA,NA,NA,NA,NA,NA,NA,NA,NA,NA,NA,NA,NA,NA,NA,NA,NA,NA,NA,NA,NA,NA,NA,NA,NA,NA,NA,NA,NA,NA,NA,NA,NA,NA,NA,NA,NA,NA,NA,NA,NA,NA,NA,NA,NA,NA,NA,NA,NA,NA,NA,NA,NA,NA,NA,NA,NA
NA,NA,NA,NA,NA,NA,NA,NA,NA,NA,NA,NA,NA,NA,NA,NA,258,2025-06-16,20:28:08,3,4,"Philpott, Alex",806193,Right,BRE_WHI,"Bailey, Myles",815343,Left,HYA_HAR,Undefined,8,Bottom,1,1,2,Curveball,Curveball,StrikeSwinging,Strikeout,Undefined,Undefined,0,0,NA,78.70405,0.766736,-2.061954,2368.413299,45.155688,07:30:00,5.60953,2.04916,6.09544,-53.542,-8.45528,-9.97355,1.85738,-0.68995,72.1099,-9.073869,-3.860223,0.483277,NA,NA,NA,NA,NA,NA,NA,NA,NA,NA,NA,4.52264,-4.1726,-1.88518,50,5.64068,4.47644,-114.31484,-0.14723,5.92542,23.01862,-37.64089,HYA_HAR,BRE_WHI,CCBLHyannis,Cape Cod Baseball League,CCBL,20250616-CCBLHyannis-2,f197ccb0-4b11-11f0-ac99-2d93a97aa58f,77.99353,NA,NA,6.59414,NA,NA,NA,NA,NA,NA,aecf949a-adfb-400b-9c8e-95fb9d4c8878,2025-06-17,00:28:08,2025-06-17T00:28:08Z,2025-06-17T00:28:08Z,NA,v3,6101,6096,NA,"Tinney, Carson",806245,Right,BRE_WHI,a5fb8826-b883-4b38-9386-932c599c2784,54.40563,-115.19855,11.50931,5.61859,1.29784,-18.82045,-2.05266,4.24896,2.96271,NA,NA,NA,NA,NA,NA,NA,NA,NA,NA,NA,NA,NA,NA,NA,NA,NA,NA,NA,NA,NA,NA,NA,NA,NA,NA,NA,NA,NA,NA,NA,NA,NA,NA,NA,NA,NA,NA,NA,NA,NA,NA,NA,NA,NA,NA,NA,NA,NA,NA,High,High,High,NA,NA,NA,NA,NA,NA,NA,NA,NA,NA,NA,NA,NA,NA,NA,NA,NA,NA,NA,NA,NA,NA,NA,NA,NA,NA,NA,NA,NA,NA,NA,NA,NA,NA,NA,NA,NA,NA,NA,NA,NA,NA,NA,NA,NA,NA,NA,NA,NA,NA,NA,NA,NA,NA,NA,NA,NA,NA
NA,NA,NA,NA,NA,NA,NA,NA,NA,NA,NA,NA,NA,NA,NA,NA,259,2025-06-16,20:28:47,4,1,"Philpott, Alex",806193,Right,BRE_WHI,"Federico, Hayden",820838,Left,HYA_HAR,Undefined,8,Bottom,2,0,0,Fastball,Four-Seam,BallCalled,Undefined,Undefined,Undefined,0,0,NA,92.20001,-1.384918,-1.742205,2472.916581,206.768169,01:00:00,5.85413,1.72785,6.61257,-11.75827,20.62163,9.81863,3.605,0.94989,83.11507,-3.724358,0.043204,0.409552,NA,NA,NA,NA,NA,NA,NA,NA,NA,NA,NA,-5.66252,11.5691,-1.61271,50,5.75436,3.66496,-133.83535,-3.4578,-10.12787,32.62736,-11.48181,HYA_HAR,BRE_WHI,CCBLHyannis,Cape Cod Baseball League,CCBL,20250616-CCBLHyannis-2,093a0fe0-4b12-11f0-ac99-2d93a97aa58f,92.03329,NA,NA,9.08494,NA,NA,NA,NA,NA,NA,aecf949a-adfb-400b-9c8e-95fb9d4c8878,2025-06-17,00:28:47,2025-06-17T00:28:47Z,2025-06-17T00:28:47Z,NA,v3,6101,6096,NA,"Tinney, Carson",806245,Right,BRE_WHI,8dee917c-0f12-40a5-85b4-c883310c1e58,53.88261,-134.77856,16.31368,5.84952,-3.12588,-5.74091,-1.72289,3.95774,-5.06394,NA,NA,NA,NA,NA,NA,NA,NA,NA,NA,NA,NA,NA,NA,NA,NA,NA,NA,NA,NA,NA,NA,NA,NA,NA,NA,NA,NA,NA,NA,NA,NA,NA,NA,NA,NA,NA,NA,NA,NA,NA,NA,NA,NA,NA,NA,NA,NA,NA,NA,High,High,High,NA,NA,NA,NA,NA,NA,NA,NA,NA,NA,NA,NA,NA,NA,NA,NA,NA,NA,NA,NA,NA,NA,NA,NA,NA,NA,NA,NA,NA,NA,NA,NA,NA,NA,NA,NA,NA,NA,NA,NA,NA,NA,NA,NA,NA,NA,NA,NA,NA,NA,NA,NA,NA,NA,NA,NA,NA,NA
NA,NA,NA,NA,NA,NA,NA,NA,NA,NA,NA,NA,NA,NA,NA,NA,260,2025-06-16,20:29:09,4,2,"Philpott, Alex",806193,Right,BRE_WHI,"Federico, Hayden",820838,Left,HYA_HAR,Undefined,8,Bottom,2,1,0,ChangeUp,Changeup,FoulBallNotFieldable,Undefined,Undefined,Undefined,0,0,NA,86.14994,-2.822845,-3.88453,1865.237121,234.313614,01:45:00,5.66058,2.00452,6.54213,-24.0958,12.81509,16.17237,1.05562,-0.21588,78.91923,-7.369439,-0.951579,0.437269,NA,NA,NA,NA,NA,NA,NA,NA,NA,NA,NA,-9.65603,7.88922,-1.74208,50,5.45421,7.8964,-124.91053,-6.84033,-15.23267,25.51723,-19.72859,HYA_HAR,BRE_WHI,CCBLHyannis,Cape Cod Baseball League,CCBL,20250616-CCBLHyannis-2,15e418d0-4b12-11f0-ac99-2d93a97aa58f,86.19966,NA,NA,7.23071,NA,NA,NA,NA,NA,NA,aecf949a-adfb-400b-9c8e-95fb9d4c8878,2025-06-17,00:29:09,2025-06-17T00:29:09Z,2025-06-17T00:29:09Z,NA,v3,6101,6096,NA,"Tinney, Carson",806245,Right,BRE_WHI,4b4fe9cb-9d17-4414-abad-1e7a83637bd5,53.95827,-125.71654,12.75862,5.66043,-6.21716,-9.86429,-1.9991,8.37755,-7.61634,NA,NA,NA,NA,NA,NA,NA,NA,NA,NA,NA,NA,NA,NA,NA,NA,NA,NA,NA,NA,NA,NA,NA,NA,NA,NA,NA,NA,NA,NA,NA,NA,NA,NA,NA,NA,NA,NA,NA,NA,NA,NA,NA,NA,NA,NA,NA,NA,NA,NA,High,High,High,NA,NA,NA,NA,NA,NA,NA,NA,NA,NA,NA,NA,NA,NA,NA,NA,NA,NA,NA,NA,NA,NA,NA,NA,NA,NA,NA,NA,NA,NA,NA,NA,NA,NA,NA,NA,NA,NA,NA,NA,NA,NA,NA,NA,NA,NA,NA,NA,NA,NA,NA,NA,NA,NA,NA,NA,NA,NA
NA,NA,NA,NA,NA,NA,NA,NA,NA,NA,NA,NA,NA,NA,NA,NA,261,2025-06-16,20:29:41,4,3,"Philpott, Alex",806193,Right,BRE_WHI,"Federico, Hayden",820838,Left,HYA_HAR,Undefined,8,Bottom,2,1,1,Curveball,Curveball,InPlay,Undefined,GroundBall,Out,1,0,NA,78.50066,0.530307,-1.648078,2191.979623,46.112517,07:30:00,5.6848,1.84558,6.06241,-52.65893,-6.78166,-8.77733,1.78758,-0.41158,71.11803,-9.181571,-3.230788,0.487495,76.83347,-12.476156,26.705833,NA,NA,NA,NA,10.56285,8.84309,24.956824,0.079595,3.97484,-3.23209,-1.71304,50,5.69809,3.59705,-113.90297,-0.58773,5.10806,25.17412,-36.32761,HYA_HAR,BRE_WHI,CCBLHyannis,Cape Cod Baseball League,CCBL,20250616-CCBLHyannis-2,29863080-4b12-11f0-ac99-2d93a97aa58f,77.31861,1.9419,NA,7.38263,NA,NA,NA,1.73618,1.9419,0.51254,aecf949a-adfb-400b-9c8e-95fb9d4c8878,2025-06-17,00:29:41,2025-06-17T00:29:41Z,2025-06-17T00:29:41Z,GroundBall,v3,6101,6096,NA,"Tinney, Carson",806245,Right,BRE_WHI,c90f26c6-71dc-4cd7-b9b2-dcadd3edcb14,54.43687,-114.8794,12.58706,5.69356,0.8213,-18.16381,-1.84871,3.39892,2.55403,180,1.73345,98.50377,NA,NA,NA,NA,NA,NA,NA,1.94258,-24.39732,NA,NA,NA,NA,NA,NA,NA,0.51117,49.5548,NA,NA,NA,NA,NA,NA,NA,NA,NA,NA,NA,NA,NA,NA,NA,NA,NA,NA,NA,NA,NA,NA,NA,NA,NA,NA,NA,NA,NA,High,High,High,Medium,High,NA,NA,NA,NA,NA,NA,NA,NA,NA,NA,NA,NA,NA,NA,NA,NA,NA,NA,NA,NA,NA,NA,NA,NA,NA,NA,NA,NA,NA,NA,NA,NA,NA,NA,NA,NA,NA,NA,NA,NA,NA,NA,NA,NA,NA,NA,NA,NA,NA,NA,NA,NA,NA,NA,NA,NA
NA,NA,NA,NA,NA,NA,NA,NA,NA,NA,NA,NA,NA,NA,NA,NA,262,2025-06-16,20:33:07,1,1,"Garcia, Santi",828321,Right,HYA_HAR,"Meglio, Charlie",814963,Right,BRE_WHI,Undefined,9,Top,0,0,0,Splitter,NA,BallCalled,Undefined,Undefined,Undefined,0,0,NA,NA,NA,NA,NA,NA,NA,NA,NA,NA,NA,NA,NA,NA,NA,NA,NA,NA,NA,NA,NA,NA,NA,NA,NA,NA,NA,NA,NA,NA,NA,NA,NA,NA,NA,NA,NA,NA,NA,NA,NA,HYA_HAR,BRE_WHI,CCBLHyannis,Cape Cod Baseball League,CCBL,20250616-CCBLHyannis-2,9e88b7e0-4b12-11f0-ac99-2d93a97aa58f,NA,NA,NA,NA,NA,NA,NA,NA,NA,NA,aecf949a-adfb-400b-9c8e-95fb9d4c8878,2025-06-17,00:33:07,2025-06-17T00:33:07Z,2025-06-17T00:33:07Z,NA,v3,6101,6096,NA,"Lackey, Vahn",822518,Right,HYA_HAR,NA,NA,NA,NA,NA,NA,NA,NA,NA,NA,NA,NA,NA,NA,NA,NA,NA,NA,NA,NA,NA,NA,NA,NA,NA,NA,NA,NA,NA,NA,NA,NA,NA,NA,NA,NA,NA,NA,NA,NA,NA,NA,NA,NA,NA,NA,NA,NA,NA,NA,NA,NA,NA,NA,NA,NA,NA,NA,NA,NA,NA,NA,NA,NA,NA,NA,NA,NA,NA,NA,NA,NA,NA,NA,NA,NA,NA,NA,NA,NA,NA,NA,NA,NA,NA,NA,NA,NA,NA,NA,NA,NA,NA,NA,NA,NA,NA,NA,NA,NA,NA,NA,NA,NA,NA,NA,NA,NA,NA,NA,NA,NA,NA,NA,NA,NA,NA,NA,NA,NA,NA
NA,NA,NA,NA,NA,NA,NA,NA,NA,NA,NA,NA,NA,NA,NA,NA,263,2025-06-16,20:33:08,1,2,"Garcia, Santi",828321,Right,HYA_HAR,"Meglio, Charlie",814963,Right,BRE_WHI,Undefined,9,Top,0,1,0,Fastball,Four-Seam,StrikeCalled,Undefined,Undefined,Undefined,0,0,NA,91.50771,-2.956128,3.043458,2384.569969,157.580783,11:15:00,6.06852,-1.67576,5.34919,-12.76788,21.95702,-8.52162,2.22545,0.47141,82.29284,-5.431527,1.532609,0.42412300000000003,NA,NA,NA,NA,NA,NA,NA,NA,NA,NA,NA,5.23839,12.31461,1.40784,50,5.79339,-6.62948,-132.25165,-7.18887,9.13607,32.22276,-10.69671,HYA_HAR,BRE_WHI,CCBLHyannis,Cape Cod Baseball League,CCBL,20250616-CCBLHyannis-2,a4817f10-4b12-11f0-ac99-2d93a97aa58f,88.87146,NA,NA,9.21486,NA,NA,NA,NA,NA,NA,aecf949a-adfb-400b-9c8e-95fb9d4c8878,2025-06-17,00:33:08,2025-06-17T00:33:08Z,2025-06-17T00:33:08Z,NA,v3,6101,6096,NA,"Lackey, Vahn",822518,Right,HYA_HAR,c47662d3-fbce-45e4-821d-a09097852da6,55.14609,-133.49959,16.11138,6.06378,-6.7746,-5.34835,1.67144,-6.9833,4.56803,NA,NA,NA,NA,NA,NA,NA,NA,NA,NA,NA,NA,NA,NA,NA,NA,NA,NA,NA,NA,NA,NA,NA,NA,NA,NA,NA,NA,NA,NA,NA,NA,NA,NA,NA,NA,NA,NA,NA,NA,NA,NA,NA,NA,NA,NA,NA,NA,NA,NA,High,High,High,NA,NA,NA,NA,NA,NA,NA,NA,NA,NA,NA,NA,NA,NA,NA,NA,NA,NA,NA,NA,NA,NA,NA,NA,NA,NA,NA,NA,NA,NA,NA,NA,NA,NA,NA,NA,NA,NA,NA,NA,NA,NA,NA,NA,NA,NA,NA,NA,NA,NA,NA,NA,NA,NA,NA,NA,NA,NA
NA,NA,NA,NA,NA,NA,NA,NA,NA,NA,NA,NA,NA,NA,NA,NA,264,2025-06-16,20:33:28,1,3,"Garcia, Santi",828321,Right,HYA_HAR,"Meglio, Charlie",814963,Right,BRE_WHI,Undefined,9,Top,0,1,1,Curveball,Curveball,StrikeCalled,Undefined,Undefined,Undefined,0,0,NA,80.61828,2.021603,2.000298,2498.970982,354.444894,05:45:00,5.8023,-1.8274,5.24886,-64.445,-19.25714,2.04075,2.33354,0.22311,72.49341,-9.652472,2.36284,0.483818,NA,NA,NA,NA,NA,NA,NA,NA,NA,NA,NA,-0.30091,-9.86792,1.64219,50,5.93984,-4.16139,-116.70132,1.72016,-0.40356,27.60026,-45.40774,HYA_HAR,BRE_WHI,CCBLHyannis,Cape Cod Baseball League,CCBL,20250616-CCBLHyannis-2,b05bb4e0-4b12-11f0-ac99-2d93a97aa58f,77.9062,NA,NA,8.12487,NA,NA,NA,NA,NA,NA,aecf949a-adfb-400b-9c8e-95fb9d4c8878,2025-06-17,00:33:28,2025-06-17T00:33:28Z,2025-06-17T00:33:28Z,NA,v3,6101,6096,NA,"Lackey, Vahn",822518,Right,HYA_HAR,e43bb941-2410-4e7b-9abe-a21816d147e4,55.25198,-117.93689,13.80013,5.81733,3.75291,-22.70387,1.82807,-4.14332,-0.20178,NA,NA,NA,NA,NA,NA,NA,NA,NA,NA,NA,NA,NA,NA,NA,NA,NA,NA,NA,NA,NA,NA,NA,NA,NA,NA,NA,NA,NA,NA,NA,NA,NA,NA,NA,NA,NA,NA,NA,NA,NA,NA,NA,NA,NA,NA,NA,NA,NA,NA,High,High,High,NA,NA,NA,NA,NA,NA,NA,NA,NA,NA,NA,NA,NA,NA,NA,NA,NA,NA,NA,NA,NA,NA,NA,NA,NA,NA,NA,NA,NA,NA,NA,NA,NA,NA,NA,NA,NA,NA,NA,NA,NA,NA,NA,NA,NA,NA,NA,NA,NA,NA,NA,NA,NA,NA,NA,NA,NA,NA
NA,NA,NA,NA,NA,NA,NA,NA,NA,NA,NA,NA,NA,NA,NA,NA,265,2025-06-16,20:33:46,1,4,"Garcia, Santi",828321,Right,HYA_HAR,"Meglio, Charlie",814963,Right,BRE_WHI,Undefined,9,Top,0,1,2,Curveball,Curveball,StrikeSwinging,Strikeout,Undefined,Undefined,0,0,NA,80.2581,0.509409,2.551685,2347.445221,4.163997,06:15:00,5.77773,-1.82951,5.22333,-63.11074,-17.87729,-1.41756,0.99792,0.45291,73.07553,-10.866048,2.299687,0.484062,NA,NA,NA,NA,NA,NA,NA,NA,NA,NA,NA,1.56138,-8.70567,1.59518,50,5.77693,-5.12517,-116.31008,-1.2915,2.09861,25.64432,-43.87512,HYA_HAR,BRE_WHI,CCBLHyannis,Cape Cod Baseball League,CCBL,20250616-CCBLHyannis-2,bb83d8c0-4b12-11f0-ac99-2d93a97aa58f,77.86693,NA,NA,7.18257,NA,NA,NA,NA,NA,NA,aecf949a-adfb-400b-9c8e-95fb9d4c8878,2025-06-17,00:33:46,2025-06-17T00:33:46Z,2025-06-17T00:33:46Z,NA,v3,6101,6096,NA,"Lackey, Vahn",822518,Right,HYA_HAR,1a2c4533-b096-487b-aa0f-2d45c7a4236a,55.2788,-117.4682,12.82216,5.79051,0.68993,-21.93756,1.82878,-5.21994,1.0493,NA,NA,NA,NA,NA,NA,NA,NA,NA,NA,NA,NA,NA,NA,NA,NA,NA,NA,NA,NA,NA,NA,NA,NA,NA,NA,NA,NA,52.02331,NA,NA,1.430566,NA,NA,NA,-4.60882,5.80193,3.18061,70.85928,7.65291,53.93251,-4.40896,60.53815,-5.52834,5.93966,21.93554,-14.48539,3.19658,37.44596,-1.38363,High,High,High,NA,NA,High,High,High,NA,NA,NA,NA,NA,NA,NA,NA,NA,NA,NA,NA,NA,NA,NA,NA,NA,NA,NA,NA,NA,NA,NA,NA,NA,NA,NA,NA,NA,NA,NA,NA,NA,NA,NA,NA,NA,NA,NA,NA,NA,NA,NA,NA,NA,NA,NA,NA,NA,NA,NA,NA,NA
NA,NA,NA,NA,NA,NA,NA,NA,NA,NA,NA,NA,NA,NA,NA,NA,266,2025-06-16,20:34:17,2,1,"Garcia, Santi",828321,Right,HYA_HAR,"Paulsen, Erik",822807,Left,BRE_WHI,Undefined,9,Top,1,0,0,Curveball,Curveball,StrikeCalled,Undefined,Undefined,Undefined,0,0,NA,80.1442,1.906211,2.905188,2224.024562,4.748338,06:15:00,5.78818,-1.96727,5.20424,-63.8924,-18.203,-1.65303,2.25954,0.6296,72.30411,-9.648169,2.612113,0.486496,NA,NA,NA,NA,NA,NA,NA,NA,NA,NA,NA,1.82728,-9.15705,1.69947,50,5.91675,-5.81524,-115.96902,1.4698,2.43026,26.41505,-44.35278,HYA_HAR,BRE_WHI,CCBLHyannis,Cape Cod Baseball League,CCBL,20250616-CCBLHyannis-2,cdcbb7a0-4b12-11f0-ac99-2d93a97aa58f,77.47742,NA,NA,7.84009,NA,NA,NA,NA,NA,NA,aecf949a-adfb-400b-9c8e-95fb9d4c8878,2025-06-17,00:34:17,2025-06-17T00:34:17Z,2025-06-17T00:34:17Z,NA,v3,6101,6096,NA,"Lackey, Vahn",822518,Right,HYA_HAR,9303c900-d1d0-4007-8f63-2d5298f37ac0,55.29626,-117.16917,13.20752,5.80419,3.48494,-22.17639,1.96619,-5.92566,1.21513,NA,NA,NA,NA,NA,NA,NA,NA,NA,NA,NA,NA,NA,NA,NA,NA,NA,NA,NA,NA,NA,NA,NA,NA,NA,NA,NA,NA,NA,NA,NA,NA,NA,NA,NA,NA,NA,NA,NA,NA,NA,NA,NA,NA,NA,NA,NA,NA,NA,NA,High,High,High,NA,NA,NA,NA,NA,NA,NA,NA,NA,NA,NA,NA,NA,NA,NA,NA,NA,NA,NA,NA,NA,NA,NA,NA,NA,NA,NA,NA,NA,NA,NA,NA,NA,NA,NA,NA,NA,NA,NA,NA,NA,NA,NA,NA,NA,NA,NA,NA,NA,NA,NA,NA,NA,NA,NA,NA,NA,NA
NA,NA,NA,NA,NA,NA,NA,NA,NA,NA,NA,NA,NA,NA,NA,NA,267,2025-06-16,20:34:33,2,2,"Garcia, Santi",828321,Right,HYA_HAR,"Paulsen, Erik",822807,Left,BRE_WHI,Undefined,9,Top,1,0,1,Fastball,Four-Seam,StrikeCalled,Undefined,Undefined,Undefined,0,0,NA,92.96257,-3.749752,2.130147,2250.313889,161.652772,11:30:00,6.01952,-1.45752,5.34022,-11.23056,22.15781,-6.95993,1.55851,-0.03829,84.3222,-5.923972,0.89507,0.415881,NA,NA,NA,NA,NA,NA,NA,NA,NA,NA,NA,4.1326,12.58304,1.27059,50,5.67332,-4.6747,-134.48171,-9.12877,7.51423,31.10572,-9.29462,HYA_HAR,BRE_WHI,CCBLHyannis,Cape Cod Baseball League,CCBL,20250616-CCBLHyannis-2,d7855760-4b12-11f0-ac99-2d93a97aa58f,90.63279,NA,NA,8.64037,NA,NA,NA,NA,NA,NA,aecf949a-adfb-400b-9c8e-95fb9d4c8878,2025-06-17,00:34:33,2025-06-17T00:34:33Z,2025-06-17T00:34:33Z,NA,v3,6101,6096,NA,"Lackey, Vahn",822518,Right,HYA_HAR,b697ab32-9488-45b6-9d66-2c619cb4dfd3,55.15719,-135.66933,15.55286,6.01508,-8.7739,-4.64731,1.45454,-4.96159,3.75711,NA,NA,NA,NA,NA,NA,NA,NA,NA,NA,NA,NA,NA,NA,NA,NA,NA,NA,NA,NA,NA,NA,NA,NA,NA,NA,NA,NA,NA,NA,NA,NA,NA,NA,NA,NA,NA,NA,NA,NA,NA,NA,NA,NA,NA,NA,NA,NA,NA,NA,High,High,High,NA,NA,NA,NA,NA,NA,NA,NA,NA,NA,NA,NA,NA,NA,NA,NA,NA,NA,NA,NA,NA,NA,NA,NA,NA,NA,NA,NA,NA,NA,NA,NA,NA,NA,NA,NA,NA,NA,NA,NA,NA,NA,NA,NA,NA,NA,NA,NA,NA,NA,NA,NA,NA,NA,NA,NA,NA,NA
NA,NA,NA,NA,NA,NA,NA,NA,NA,NA,NA,NA,NA,NA,NA,NA,268,2025-06-16,20:34:52,2,3,"Garcia, Santi",828321,Right,HYA_HAR,"Paulsen, Erik",822807,Left,BRE_WHI,Undefined,9,Top,1,0,2,Curveball,Curveball,InPlay,Undefined,GroundBall,Out,1,0,NA,80.57359,3.855438,1.784317,2468.481307,345.759714,05:30:00,5.78707,-1.79312,5.06197,-67.16354,-21.64178,5.92461,3.83291,0.38369,72.33929,-8.271929,2.830872,0.485603,76.59207,-43.003287,-20.683039,NA,NA,NA,NA,4.31505,4.31505,-25.744457,0.048772,-2.30638,-11.53379,1.61856,50,6.1003,-3.88442,-116.4849,5.26911,-3.09405,26.69852,-47.64684,HYA_HAR,BRE_WHI,CCBLHyannis,Cape Cod Baseball League,CCBL,20250616-CCBLHyannis-2,e2958670-4b12-11f0-ac99-2d93a97aa58f,77.61993,3.75387,NA,8.2343,NA,NA,NA,0.12109,3.75387,-0.45263,aecf949a-adfb-400b-9c8e-95fb9d4c8878,2025-06-17,00:34:52,2025-06-17T00:34:52Z,2025-06-17T00:34:52Z,GroundBall,v3,6101,6096,NA,"Lackey, Vahn",822518,Right,HYA_HAR,368c8ce2-94d4-4941-b45e-968b68c8dd02,55.43994,-117.72514,13.34926,5.80412,7.48247,-23.82342,1.79567,-3.7407,-1.54702,180,0.11833,77.20985,NA,NA,NA,NA,NA,NA,NA,3.75663,-76.96835,NA,NA,NA,NA,NA,NA,NA,-0.45159,-29.14906,NA,NA,NA,NA,NA,NA,NA,NA,NA,NA,NA,NA,NA,NA,NA,NA,NA,NA,NA,NA,NA,NA,NA,NA,NA,NA,NA,NA,NA,High,High,High,High,High,NA,NA,NA,NA,NA,NA,NA,NA,NA,NA,NA,NA,NA,NA,NA,NA,NA,NA,NA,NA,NA,NA,NA,NA,NA,NA,NA,NA,NA,NA,NA,NA,NA,NA,NA,NA,NA,NA,NA,NA,NA,NA,NA,NA,NA,NA,NA,NA,NA,NA,NA,NA,NA,NA,NA,NA
NA,NA,NA,NA,NA,NA,NA,NA,NA,NA,NA,NA,NA,NA,NA,NA,269,2025-06-16,20:35:30,3,1,"Garcia, Santi",828321,Right,HYA_HAR,"Coates, Colton",813832,Left,BRE_WHI,Undefined,9,Top,2,0,0,Fastball,Four-Seam,InPlay,Undefined,LineDrive,Out,1,0,NA,92.27721,-3.23251,3.27609,2292.92047,163.377792,11:30:00,5.97638,-1.61958,5.69067,-9.38201,24.29104,-6.87992,2.17374,0.86371,83.10606,-5.111521,2.049498,0.41765,77.38761,28.889682,-10.548611,2927.799209,108.2344,49.77966,-19.62885,264.23278,258.98748,-9.667854,4.165789,4.55252,13.74749,1.34837,50,5.6986,-7.32891,-133.43135,-7.73911,8.09079,32.51778,-7.74184,HYA_HAR,BRE_WHI,CCBLHyannis,Cape Cod Baseball League,CCBL,20250616-CCBLHyannis-2,f970d020-4b12-11f0-ac99-2d93a97aa58f,90.24885,55.61647,NA,9.17115,NA,NA,NA,1.60808,2.16064,-0.84406,aecf949a-adfb-400b-9c8e-95fb9d4c8878,2025-06-17,00:35:30,2025-06-17T00:35:30Z,2025-06-17T00:35:30Z,LineDrive,v3,6101,6096,NA,"Lackey, Vahn",822518,Right,HYA_HAR,85cf124f-59c8-4d66-8bc4-98fae1c17903,54.80641,-134.59759,16.25889,5.97118,-7.46145,-3.87092,1.61643,-7.61909,4.0454,185.108904,1.60784,97.70581,-17.28679,4.01133,-0.92795,0.24164,-0.05722,0.00855,-5.4e-4,2.1618,54.80248,-14.65862,0.0144,0.42175,-0.2459,0.07462,-0.01135,6.8e-4,-0.84399,-18.19497,4.19697,-1.1378,0.28017,-0.06547,0.01266,-0.00161,9e-5,NA,NA,NA,NA,NA,NA,NA,NA,NA,NA,NA,NA,NA,NA,NA,NA,NA,NA,NA,NA,NA,NA,High,High,High,High,High,NA,NA,NA,NA,NA,NA,NA,NA,NA,NA,NA,NA,NA,NA,NA,NA,NA,NA,NA,NA,NA,NA,NA,NA,NA,NA,NA,NA,NA,NA,NA,NA,NA,NA,NA,NA,NA,NA,NA,NA,NA,NA,NA,NA,NA,NA,NA,NA,NA,NA,NA,NA,NA,NA,NA,NA
NA,NA,NA,NA,NA,NA,NA,NA,NA,NA,NA,NA,NA,NA,NA,NA,270,2025-06-16,20:38:40,1,1,"Kipp, Kyle",822339,Right,BRE_WHI,"Lackey, Vahn",822518,Right,HYA_HAR,Undefined,9,Bottom,0,0,0,Sinker,Sinker,StrikeCalled,Undefined,Undefined,Undefined,0,0,NA,92.24054,-0.766407,-3.410268,2309.141386,255.436831,02:30:00,5.3541,1.93403,5.20509,-27.05257,7.51626,23.69363,2.37762,0.69746,82.33487,-5.77969,0.784096,0.423169,NA,NA,NA,NA,NA,NA,NA,NA,NA,NA,NA,-12.83635,4.41902,-1.63624,50,5.26329,6.76497,-133.31254,-2.83982,-22.5585,34.92788,-24.40811,HYA_HAR,BRE_WHI,CCBLHyannis,Cape Cod Baseball League,CCBL,20250616-CCBLHyannis-2,6a64d420-4b13-11f0-ac99-2d93a97aa58f,89.07183,NA,NA,9.90567,NA,NA,NA,NA,NA,NA,aecf949a-adfb-400b-9c8e-95fb9d4c8878,2025-06-17,00:38:40,2025-06-17T00:38:40Z,2025-06-17T00:38:40Z,NA,v3,6101,6096,NA,"Tinney, Carson",806245,Right,BRE_WHI,bdee4c7e-7516-4bd2-a683-51aa402fdff9,55.2898,-134.69134,17.46394,5.35638,-1.8763,-12.20406,-1.92087,7.65548,-11.27925,NA,NA,NA,NA,NA,NA,NA,NA,NA,NA,NA,NA,NA,NA,NA,NA,NA,NA,NA,NA,NA,NA,NA,NA,NA,NA,NA,NA,NA,NA,NA,NA,NA,NA,NA,NA,NA,NA,NA,NA,NA,NA,NA,NA,NA,NA,NA,NA,NA,NA,High,High,High,NA,NA,NA,NA,NA,NA,NA,NA,NA,NA,NA,NA,NA,NA,NA,NA,NA,NA,NA,NA,NA,NA,NA,NA,NA,NA,NA,NA,NA,NA,NA,NA,NA,NA,NA,NA,NA,NA,NA,NA,NA,NA,NA,NA,NA,NA,NA,NA,NA,NA,NA,NA,NA,NA,NA,NA,NA,NA
NA,NA,NA,NA,NA,NA,NA,NA,NA,NA,NA,NA,NA,NA,NA,NA,271,2025-06-16,20:38:56,1,2,"Kipp, Kyle",822339,Right,BRE_WHI,"Lackey, Vahn",822518,Right,HYA_HAR,Undefined,9,Bottom,0,0,1,Sinker,Sinker,InPlay,Undefined,GroundBall,Out,1,0,NA,91.60829,-0.132624,-4.199329,2265.61922,251.688291,02:30:00,5.25566,1.9963,4.96428,-26.39167,9.06666,23.11737,2.93073,-0.05135,81.51932,-5.021103,-0.132404,0.428579,66.9515,-49.143684,-38.791937,NA,NA,NA,NA,4.57649,3.46509,-20.320815,0.04023,-12.94489,4.90563,-1.60976,50,5.22178,8.5814800000000009,-132.24977,-1.3389,-22.34991,34.8086,-23.70425,HYA_HAR,BRE_WHI,CCBLHyannis,Cape Cod Baseball League,CCBL,20250616-CCBLHyannis-2,744b7750-4b13-11f0-ac99-2d93a97aa58f,87.94752,3.00237,NA,10.08897,NA,NA,NA,2.26771,3.00237,0.03753,aecf949a-adfb-400b-9c8e-95fb9d4c8878,2025-06-17,00:38:56,2025-06-17T00:38:56Z,2025-06-17T00:38:56Z,GroundBall,v3,6101,6096,NA,"Tinney, Carson",806245,Right,BRE_WHI,48fb1030-b511-4e01-b6a8-6773f98ae287,55.5329,-133.69812,17.4043,5.25697,-0.3526,-11.85212,-1.98617,9.51143,-11.17495,NA,2.26614,50.30944,NA,NA,NA,NA,NA,NA,NA,3.00469,-74.62973,NA,NA,NA,NA,NA,NA,NA,0.03879,-40.43818,NA,NA,NA,NA,NA,NA,NA,NA,NA,NA,NA,NA,NA,NA,NA,NA,NA,NA,NA,NA,NA,NA,NA,NA,NA,NA,NA,NA,NA,High,High,High,Estimated,Estimated,NA,NA,NA,NA,NA,NA,NA,NA,NA,NA,NA,NA,NA,NA,NA,NA,NA,NA,NA,NA,NA,NA,NA,NA,NA,NA,NA,NA,NA,NA,NA,NA,NA,NA,NA,NA,NA,NA,NA,NA,NA,NA,NA,NA,NA,NA,NA,NA,NA,NA,NA,NA,NA,NA,NA,NA
NA,NA,NA,NA,NA,NA,NA,NA,NA,NA,NA,NA,NA,NA,NA,NA,272,2025-06-16,20:39:31,2,1,"Kipp, Kyle",822339,Right,BRE_WHI,"Rembert, Chris",807300,Right,HYA_HAR,Undefined,9,Bottom,1,0,0,Slider,Changeup,StrikeSwinging,Undefined,Undefined,Undefined,0,0,NA,80.85616,0.274981,-4.016296,1389.521839,237.314995,02:00:00,5.1529,1.75181,5.29353,-32.72305,11.22339,15.24958,2.6848,-0.75458,73.72695,-5.755539,-1.317953,0.477126,NA,NA,NA,NA,NA,NA,NA,NA,NA,NA,NA,-8.77859,5.96024,-1.39746,50,5.15435,7.5934,-117.08007,-0.53244,-12.16546,22.43783,-23.91431,HYA_HAR,BRE_WHI,CCBLHyannis,Cape Cod Baseball League,CCBL,20250616-CCBLHyannis-2,890392e0-4b13-11f0-ac99-2d93a97aa58f,78.99889,NA,NA,7.12921,NA,NA,NA,NA,NA,NA,aecf949a-adfb-400b-9c8e-95fb9d4c8878,2025-06-17,00:39:31,2025-06-17T00:39:31Z,2025-06-17T00:39:31Z,NA,v3,6101,6096,NA,"Tinney, Carson",806245,Right,BRE_WHI,7e3d1427-e30b-434f-a2b8-f947d0efa480,55.20489,-118.07335,11.21891,5.15449,0.5262,-11.95716,-1.74552,8.13194,-6.08273,NA,NA,NA,NA,NA,NA,NA,NA,NA,NA,NA,NA,NA,NA,NA,NA,NA,NA,NA,NA,NA,NA,NA,NA,NA,NA,NA,NA,NA,NA,NA,NA,NA,NA,NA,NA,NA,NA,NA,NA,NA,NA,NA,NA,NA,NA,NA,NA,NA,NA,High,High,High,NA,NA,NA,NA,NA,NA,NA,NA,NA,NA,NA,NA,NA,NA,NA,NA,NA,NA,NA,NA,NA,NA,NA,NA,NA,NA,NA,NA,NA,NA,NA,NA,NA,NA,NA,NA,NA,NA,NA,NA,NA,NA,NA,NA,NA,NA,NA,NA,NA,NA,NA,NA,NA,NA,NA,NA,NA,NA
NA,NA,NA,NA,NA,NA,NA,NA,NA,NA,NA,NA,NA,NA,NA,NA,273,2025-06-16,20:39:50,2,2,"Kipp, Kyle",822339,Right,BRE_WHI,"Rembert, Chris",807300,Right,HYA_HAR,Undefined,9,Bottom,1,0,1,Sinker,Sinker,FoulBallNotFieldable,Undefined,Undefined,Undefined,0,0,NA,91.14871,0.176266,-4.556932,2209.860208,267.624924,03:00:00,5.27078,2.01162,4.87093,-33.46746,2.40658,24.19623,2.64915,-0.29337,81.39115,-5.938523,-0.308179,0.431084,NA,NA,NA,NA,NA,NA,NA,NA,NA,NA,NA,-13.48115,1.50728,-1.58439,50,5.26008,9.2919,-131.55946,-0.98272,-23.10314,33.68075,-29.59095,HYA_HAR,BRE_WHI,CCBLHyannis,Cape Cod Baseball League,CCBL,20250616-CCBLHyannis-2,93f78760-4b13-11f0-ac99-2d93a97aa58f,87.4365,NA,NA,9.75755,NA,NA,NA,NA,NA,NA,aecf949a-adfb-400b-9c8e-95fb9d4c8878,2025-06-17,00:39:50,2025-06-17T00:39:50Z,2025-06-17T00:39:50Z,NA,v3,6101,6096,NA,"Tinney, Carson",806245,Right,BRE_WHI,a79c2fcd-b912-44ba-a9be-0a890233a61d,55.62694,-132.99222,16.84037,5.27511,0.27606,-14.79547,-2.00057,10.2747,-11.55157,NA,NA,NA,NA,NA,NA,NA,NA,NA,NA,NA,NA,NA,NA,NA,NA,NA,NA,NA,NA,NA,NA,NA,NA,NA,NA,NA,NA,NA,NA,NA,NA,NA,NA,NA,NA,NA,NA,NA,NA,NA,NA,NA,NA,NA,NA,NA,NA,NA,NA,High,High,High,NA,NA,NA,NA,NA,NA,NA,NA,NA,NA,NA,NA,NA,NA,NA,NA,NA,NA,NA,NA,NA,NA,NA,NA,NA,NA,NA,NA,NA,NA,NA,NA,NA,NA,NA,NA,NA,NA,NA,NA,NA,NA,NA,NA,NA,NA,NA,NA,NA,NA,NA,NA,NA,NA,NA,NA,NA,NA
NA,NA,NA,NA,NA,NA,NA,NA,NA,NA,NA,NA,NA,NA,NA,NA,274,2025-06-16,20:40:15,2,3,"Kipp, Kyle",822339,Right,BRE_WHI,"Rembert, Chris",807300,Right,HYA_HAR,Undefined,9,Bottom,1,0,2,ChangeUp,Changeup,FoulBallNotFieldable,Undefined,Undefined,Undefined,0,0,NA,81.53078,0.39865,-3.733054,1698.403527,265.289805,02:45:00,5.21832,1.8188,5.49079,-40.55731,2.99984,16.6395,2.21228,-0.29173,73.36221,-7.075256,-0.773621,0.475008,14.35225,-17.452805,9.804346,NA,NA,NA,NA,8.47236,3.26313,4.365282,0.330845,-9.68819,1.8002,-1.50344,50,5.22592,7.02254,-117.96548,-0.55611,-13.38858,26.47627,-29.68627,HYA_HAR,BRE_WHI,CCBLHyannis,Cape Cod Baseball League,CCBL,20250616-CCBLHyannis-2,a3085720-4b13-11f0-ac99-2d93a97aa58f,79.35114,2.24461,NA,8.16857,NA,NA,NA,1.41257,2.24461,-0.57087,aecf949a-adfb-400b-9c8e-95fb9d4c8878,2025-06-17,00:40:15,2025-06-17T00:40:15Z,2025-06-17T00:40:15Z,GroundBall,v3,6101,6096,NA,"Tinney, Carson",806245,Right,BRE_WHI,9a1d6a9f-4c01-406a-ab08-c4f6ca24b14b,55.00759,-119.08408,13.23814,5.22292,0.69811,-14.84313,-1.81208,7.5882,-6.69429,180,1.33395,21.26437,NA,NA,NA,NA,NA,NA,NA,2.26969,-6.78447,NA,NA,NA,NA,NA,NA,NA,-0.58446,3.67466,NA,NA,NA,NA,NA,NA,NA,NA,NA,NA,NA,NA,NA,NA,NA,NA,NA,NA,NA,NA,NA,NA,NA,NA,NA,NA,NA,NA,NA,High,High,High,Low,Low,NA,NA,NA,NA,NA,NA,NA,NA,NA,NA,NA,NA,NA,NA,NA,NA,NA,NA,NA,NA,NA,NA,NA,NA,NA,NA,NA,NA,NA,NA,NA,NA,NA,NA,NA,NA,NA,NA,NA,NA,NA,NA,NA,NA,NA,NA,NA,NA,NA,NA,NA,NA,NA,NA,NA,NA
NA,NA,NA,NA,NA,NA,NA,NA,NA,NA,NA,NA,NA,NA,NA,NA,275,2025-06-16,20:40:33,2,4,"Kipp, Kyle",822339,Right,BRE_WHI,"Rembert, Chris",807300,Right,HYA_HAR,Undefined,9,Bottom,1,0,2,ChangeUp,Changeup,StrikeSwinging,Strikeout,Undefined,Undefined,0,0,NA,81.25239,-0.088572,-4.651098,1584.699126,285.38007,03:30:00,5.24206,1.71212,5.17982,-47.74971,-3.20792,17.81194,1.1793,-1.18945,73.18724,-8.774471,-1.502796,0.480347,NA,NA,NA,NA,NA,NA,NA,NA,NA,NA,NA,-10.53052,-1.17004,-1.29328,50,5.19725,8.80783,-117.37502,-1.9074,-14.38234,26.56338,-33.77206,HYA_HAR,BRE_WHI,CCBLHyannis,Cape Cod Baseball League,CCBL,20250616-CCBLHyannis-2,adb24a50-4b13-11f0-ac99-2d93a97aa58f,78.46916,NA,NA,8.06515,NA,NA,NA,NA,NA,NA,aecf949a-adfb-400b-9c8e-95fb9d4c8878,2025-06-17,00:40:33,2025-06-17T00:40:33Z,2025-06-17T00:40:33Z,NA,v3,6101,6096,NA,"Tinney, Carson",806245,Right,BRE_WHI,6f28edc4-44d2-4caf-9fb2-997db3071810,55.31968,-118.57282,13.28169,5.24892,-0.38455,-16.88603,-1.70506,9.45636,-7.19117,NA,NA,NA,NA,NA,NA,NA,NA,NA,NA,NA,NA,NA,NA,NA,NA,NA,NA,NA,NA,NA,NA,NA,NA,NA,NA,NA,NA,73.71042,NA,NA,0.889917,NA,NA,NA,7.36304,4.78819,3.51567,65.36236,5.44973,-59.42384,7.37039,68.56173,-3.81924,4.82725,14.07046,-15.04041,3.43133,-80.98713,11.6707,High,High,High,NA,NA,High,Medium,High,NA,NA,NA,NA,NA,NA,NA,NA,NA,NA,NA,NA,NA,NA,NA,NA,NA,NA,NA,NA,NA,NA,NA,NA,NA,NA,NA,NA,NA,NA,NA,NA,NA,NA,NA,NA,NA,NA,NA,NA,NA,NA,NA,NA,NA,NA,NA,NA,NA,NA,NA,NA,NA
NA,NA,NA,NA,NA,NA,NA,NA,NA,NA,NA,NA,NA,NA,NA,NA,276,2025-06-16,20:41:06,3,1,"Kipp, Kyle",822339,Right,BRE_WHI,"Roy, Gavin",833546,Right,HYA_HAR,Undefined,9,Bottom,2,0,0,Fastball,Sinker,BallCalled,Undefined,Undefined,Undefined,0,0,NA,91.73811,-0.278931,-4.051071,2279.425198,237.822543,02:00:00,5.36581,1.88954,5.05417,-21.52395,13.52268,19.36025,3.30844,-0.32405,82.01548,-4.306034,-0.640388,0.426083,NA,NA,NA,NA,NA,NA,NA,NA,NA,NA,NA,-10.84741,7.15973,-1.51934,50,5.32283,8.42027,-132.50459,-1.43724,-18.92566,33.23774,-19.68231,HYA_HAR,BRE_WHI,CCBLHyannis,Cape Cod Baseball League,CCBL,20250616-CCBLHyannis-2,c1a8c390-4b13-11f0-ac99-2d93a97aa58f,88.46258,NA,NA,9.72262,NA,NA,NA,NA,NA,NA,aecf949a-adfb-400b-9c8e-95fb9d4c8878,2025-06-17,00:41:06,2025-06-17T00:41:06Z,2025-06-17T00:41:06Z,NA,v3,6101,6096,NA,"Tinney, Carson",806245,Right,BRE_WHI,71482298-a083-409b-94ee-85e62e06ee92,55.44058,-133.86236,16.61887,5.36512,-0.63322,-9.84116,-1.8791,9.19339,-9.46283,NA,NA,NA,NA,NA,NA,NA,NA,NA,NA,NA,NA,NA,NA,NA,NA,NA,NA,NA,NA,NA,NA,NA,NA,NA,NA,NA,NA,NA,NA,NA,NA,NA,NA,NA,NA,NA,NA,NA,NA,NA,NA,NA,NA,NA,NA,NA,NA,NA,NA,High,High,High,NA,NA,NA,NA,NA,NA,NA,NA,NA,NA,NA,NA,NA,NA,NA,NA,NA,NA,NA,NA,NA,NA,NA,NA,NA,NA,NA,NA,NA,NA,NA,NA,NA,NA,NA,NA,NA,NA,NA,NA,NA,NA,NA,NA,NA,NA,NA,NA,NA,NA,NA,NA,NA,NA,NA,NA,NA,NA
NA,NA,NA,NA,NA,NA,NA,NA,NA,NA,NA,NA,NA,NA,NA,NA,277,2025-06-16,20:41:23,3,2,"Kipp, Kyle",822339,Right,BRE_WHI,"Roy, Gavin",833546,Right,HYA_HAR,Undefined,9,Bottom,2,1,0,Fastball,Sinker,BallCalled,Undefined,Undefined,Undefined,0,0,NA,91.36827,-0.483279,-5.110809,2218.698795,241.227981,02:00:00,5.44411,1.97928,4.93805,-23.40001,12.15867,19.65619,3.03552,-1.22592,81.71918,-4.829549,-1.662992,0.429185,NA,NA,NA,NA,NA,NA,NA,NA,NA,NA,NA,-11.2941,6.53733,-1.49825,50,5.37834,10.8006,-131.76345,-2.00696,-19.50584,32.59607,-20.88357,HYA_HAR,BRE_WHI,CCBLHyannis,Cape Cod Baseball League,CCBL,20250616-CCBLHyannis-2,cb8d9200-4b13-11f0-ac99-2d93a97aa58f,87.82336,NA,NA,9.64908,NA,NA,NA,NA,NA,NA,aecf949a-adfb-400b-9c8e-95fb9d4c8878,2025-06-17,00:41:23,2025-06-17T00:41:23Z,2025-06-17T00:41:23Z,NA,v3,6101,6096,NA,"Tinney, Carson",806245,Right,BRE_WHI,ed741e2e-efd4-4124-af47-827ec1f54652,55.55701,-133.13106,16.29803,5.44416,-1.13076,-10.44179,-1.96857,11.61899,-9.75292,NA,NA,NA,NA,NA,NA,NA,NA,NA,NA,NA,NA,NA,NA,NA,NA,NA,NA,NA,NA,NA,NA,NA,NA,NA,NA,NA,NA,NA,NA,NA,NA,NA,NA,NA,NA,NA,NA,NA,NA,NA,NA,NA,NA,NA,NA,NA,NA,NA,NA,High,High,High,NA,NA,NA,NA,NA,NA,NA,NA,NA,NA,NA,NA,NA,NA,NA,NA,NA,NA,NA,NA,NA,NA,NA,NA,NA,NA,NA,NA,NA,NA,NA,NA,NA,NA,NA,NA,NA,NA,NA,NA,NA,NA,NA,NA,NA,NA,NA,NA,NA,NA,NA,NA,NA,NA,NA,NA,NA,NA
NA,NA,NA,NA,NA,NA,NA,NA,NA,NA,NA,NA,NA,NA,NA,NA,278,2025-06-16,20:41:42,3,3,"Kipp, Kyle",822339,Right,BRE_WHI,"Roy, Gavin",833546,Right,HYA_HAR,Undefined,9,Bottom,2,2,0,Sinker,Sinker,BallCalled,Undefined,Undefined,Undefined,0,0,NA,90.1002,0.615495,-2.972254,2132.812963,258.792902,02:45:00,5.39584,1.99547,4.96932,-30.48167,5.75843,22.35214,3.4379,1.04809,80.96342,-4.982135,0.967615,0.433277,NA,NA,NA,NA,NA,NA,NA,NA,NA,NA,NA,-11.90249,3.05166,-1.72698,50,5.43095,5.66869,-130.34893,0.18158,-20.16124,31.35583,-27.00497,HYA_HAR,BRE_WHI,CCBLHyannis,Cape Cod Baseball League,CCBL,20250616-CCBLHyannis-2,d72b8220-4b13-11f0-ac99-2d93a97aa58f,86.99378,NA,NA,9.13677,NA,NA,NA,NA,NA,NA,aecf949a-adfb-400b-9c8e-95fb9d4c8878,2025-06-17,00:41:42,2025-06-17T00:41:42Z,2025-06-17T00:41:42Z,NA,v3,6101,6096,NA,"Tinney, Carson",806245,Right,BRE_WHI,16f83a72-35b5-4b59-9cc9-5af7793617b4,55.5272,-131.6718,15.67791,5.39926,1.3209,-13.50249,-1.98407,6.51928,-10.08062,NA,NA,NA,NA,NA,NA,NA,NA,NA,NA,NA,NA,NA,NA,NA,NA,NA,NA,NA,NA,NA,NA,NA,NA,NA,NA,NA,NA,NA,NA,NA,NA,NA,NA,NA,NA,NA,NA,NA,NA,NA,NA,NA,NA,NA,NA,NA,NA,NA,NA,High,High,High,NA,NA,NA,NA,NA,NA,NA,NA,NA,NA,NA,NA,NA,NA,NA,NA,NA,NA,NA,NA,NA,NA,NA,NA,NA,NA,NA,NA,NA,NA,NA,NA,NA,NA,NA,NA,NA,NA,NA,NA,NA,NA,NA,NA,NA,NA,NA,NA,NA,NA,NA,NA,NA,NA,NA,NA,NA,NA
NA,NA,NA,NA,NA,NA,NA,NA,NA,NA,NA,NA,NA,NA,NA,NA,279,2025-06-16,20:41:57,3,4,"Kipp, Kyle",822339,Right,BRE_WHI,"Roy, Gavin",833546,Right,HYA_HAR,Undefined,9,Bottom,2,3,0,Sinker,Sinker,StrikeCalled,Undefined,Undefined,Undefined,0,0,NA,91.56173,-1.091801,-4.700559,2221.132043,240.682941,02:00:00,5.29299,1.82085,5.10436,-21.88568,12.71229,20.57556,2.43687,-0.90346,83.24813,-5.145709,-1.075942,0.423347,NA,NA,NA,NA,NA,NA,NA,NA,NA,NA,NA,-11.57949,6.96516,-1.39368,50,5.17301,9.91001,-132.42316,-3.3516,-20.51837,28.83607,-19.83204,HYA_HAR,BRE_WHI,CCBLHyannis,Cape Cod Baseball League,CCBL,20250616-CCBLHyannis-2,e00dfbc0-4b13-11f0-ac99-2d93a97aa58f,89.03435,NA,NA,8.3136,NA,NA,NA,NA,NA,NA,aecf949a-adfb-400b-9c8e-95fb9d4c8878,2025-06-17,00:41:57,2025-06-17T00:41:57Z,2025-06-17T00:41:57Z,NA,v3,6101,6096,NA,"Tinney, Carson",806245,Right,BRE_WHI,3dd82c0f-f02a-4ac5-979c-7003ce381572,55.39502,-133.5928,14.41804,5.29264,-2.54718,-9.91602,-1.81253,10.74227,-10.25918,NA,NA,NA,NA,NA,NA,NA,NA,NA,NA,NA,NA,NA,NA,NA,NA,NA,NA,NA,NA,NA,NA,NA,NA,NA,NA,NA,NA,NA,NA,NA,NA,NA,NA,NA,NA,NA,NA,NA,NA,NA,NA,NA,NA,NA,NA,NA,NA,NA,NA,High,High,High,NA,NA,NA,NA,NA,NA,NA,NA,NA,NA,NA,NA,NA,NA,NA,NA,NA,NA,NA,NA,NA,NA,NA,NA,NA,NA,NA,NA,NA,NA,NA,NA,NA,NA,NA,NA,NA,NA,NA,NA,NA,NA,NA,NA,NA,NA,NA,NA,NA,NA,NA,NA,NA,NA,NA,NA,NA,NA
NA,NA,NA,NA,NA,NA,NA,NA,NA,NA,NA,NA,NA,NA,NA,NA,280,2025-06-16,20:42:16,3,5,"Kipp, Kyle",822339,Right,BRE_WHI,"Roy, Gavin",833546,Right,HYA_HAR,Undefined,9,Bottom,2,3,1,ChangeUp,Sinker,BallCalled,Walk,Undefined,Undefined,0,0,NA,92.36337,0.406777,-2.924569,2217.748827,252.83079,02:30:00,5.42527,2.00609,5.131,-26.93738,7.08087,19.13875,3.56408,0.84435,83.57908,-4.553938,0.458378,0.419785,NA,NA,NA,NA,NA,NA,NA,NA,NA,NA,NA,-10.32654,3.75264,-1.74675,50,5.44299,5.89415,-133.77513,-0.11892,-18.56601,30.97661,-25.42724,HYA_HAR,BRE_WHI,CCBLHyannis,Cape Cod Baseball League,CCBL,20250616-CCBLHyannis-2,eb24e190-4b13-11f0-ac99-2d93a97aa58f,89.78979,NA,NA,8.78428,NA,NA,NA,NA,NA,NA,aecf949a-adfb-400b-9c8e-95fb9d4c8878,2025-06-17,00:42:16,2025-06-17T00:42:16Z,2025-06-17T00:42:16Z,NA,v3,6101,6096,NA,"Tinney, Carson",806245,Right,BRE_WHI,6f71b6dc-cc38-4e96-943f-b76dc39b727f,55.36632,-135.01202,15.48831,5.42747,0.89639,-12.71362,-1.9969,6.63549,-9.283,NA,NA,NA,NA,NA,NA,NA,NA,NA,NA,NA,NA,NA,NA,NA,NA,NA,NA,NA,NA,NA,NA,NA,NA,NA,NA,NA,NA,NA,NA,NA,NA,NA,NA,NA,NA,NA,NA,NA,NA,NA,NA,NA,NA,NA,NA,NA,NA,NA,NA,High,High,High,NA,NA,NA,NA,NA,NA,NA,NA,NA,NA,NA,NA,NA,NA,NA,NA,NA,NA,NA,NA,NA,NA,NA,NA,NA,NA,NA,NA,NA,NA,NA,NA,NA,NA,NA,NA,NA,NA,NA,NA,NA,NA,NA,NA,NA,NA,NA,NA,NA,NA,NA,NA,NA,NA,NA,NA,NA,NA
NA,NA,NA,NA,NA,NA,NA,NA,NA,NA,NA,NA,NA,NA,NA,NA,281,2025-06-16,20:42:52,4,1,"Kipp, Kyle",822339,Right,BRE_WHI,"Schaffner, Jake",835279,Left,HYA_HAR,Undefined,9,Bottom,2,0,0,Sinker,Sinker,FoulBallNotFieldable,Undefined,Undefined,Undefined,0,0,NA,91.96142,-0.362166,-4.365386,2171.137585,250.489993,02:15:00,5.05976,2.21162,5.34389,-25.24631,8.5293,21.0684,2.61518,-0.13554,84.05502,-5.016032,-0.634295,0.418286,NA,NA,NA,NA,NA,NA,NA,NA,NA,NA,NA,-11.80473,4.6837,-1.83348,50,5.00902,9.20285,-133.22635,-1.80078,-21.27201,27.92227,-23.73405,HYA_HAR,BRE_WHI,CCBLHyannis,Cape Cod Baseball League,CCBL,20250616-CCBLHyannis-2,00f4aeb0-4b14-11f0-ac99-2d93a97aa58f,90.11174,NA,NA,7.9064,NA,NA,NA,NA,NA,NA,aecf949a-adfb-400b-9c8e-95fb9d4c8878,2025-06-17,00:42:52,2025-06-17T00:42:52Z,2025-06-17T00:42:52Z,NA,v3,6101,6096,NA,"Tinney, Carson",806245,Right,BRE_WHI,49620211-7031-4024-b826-ea32f14ce970,55.15701,-134.30283,13.96114,5.0608,-0.88577,-11.86703,-2.20408,10.02295,-10.636,NA,NA,NA,NA,NA,NA,NA,NA,NA,NA,NA,NA,NA,NA,NA,NA,NA,NA,NA,NA,NA,NA,NA,NA,NA,NA,NA,NA,NA,NA,NA,NA,NA,NA,NA,NA,NA,NA,NA,NA,NA,NA,NA,NA,NA,NA,NA,NA,NA,NA,High,High,High,NA,NA,NA,NA,NA,NA,NA,NA,NA,NA,NA,NA,NA,NA,NA,NA,NA,NA,NA,NA,NA,NA,NA,NA,NA,NA,NA,NA,NA,NA,NA,NA,NA,NA,NA,NA,NA,NA,NA,NA,NA,NA,NA,NA,NA,NA,NA,NA,NA,NA,NA,NA,NA,NA,NA,NA,NA,NA
NA,NA,NA,NA,NA,NA,NA,NA,NA,NA,NA,NA,NA,NA,NA,NA,282,2025-06-16,20:43:16,4,2,"Kipp, Kyle",822339,Right,BRE_WHI,"Schaffner, Jake",835279,Left,HYA_HAR,Undefined,9,Bottom,2,0,1,Sinker,Sinker,FoulBallNotFieldable,Undefined,Undefined,Undefined,0,0,NA,91.82964,-0.211684,-4.434728,2172.011411,236.387545,02:00:00,5.28243,2.12732,5.23858,-20.10501,14.3306,19.72477,3.40745,-0.40542,82.81736,-3.979354,-0.95078,0.422353,66.4004,36.043269,-64.412965,3352.700569,39.38647,47.22876,-102.70654,209.52168,153.02453,-71.683218,3.508593,-11.24012,7.56996,-1.73432,50,5.24848,9.36984,-132.79845,-1.20777,-19.87375,31.06491,-18.78956,HYA_HAR,BRE_WHI,CCBLHyannis,Cape Cod Baseball League,CCBL,20250616-CCBLHyannis-2,0f411d00-4b14-11f0-ac99-2d93a97aa58f,89.24399,47.25401,NA,9.01228,NA,NA,NA,1.85035,3.331,0.41766,aecf949a-adfb-400b-9c8e-95fb9d4c8878,2025-06-17,00:43:16,2025-06-17T00:43:16Z,2025-06-17T00:43:16Z,FlyBall,v3,6101,6096,NA,"Tinney, Carson",806245,Right,BRE_WHI,f085b593-fdcd-4b73-becb-156f311e30aa,55.2599,-134.02322,15.53245,5.28149,-0.46696,-9.39478,-2.11919,10.15339,-9.93688,NA,1.85399,33.88499,-10.42193,1.87493,1.29366,-1.22938,0.4452,-0.07531,0.0049,3.33019,57.31821,-21.04234,1.63915,0.18288,-0.41937,0.2244,-0.05209,0.00442,0.41615,-70.96735,7.23565,-0.70479,-0.90297,0.7643,-0.28598,0.05188,-0.00368,NA,NA,NA,NA,NA,NA,NA,NA,NA,NA,NA,NA,NA,NA,NA,NA,NA,NA,NA,NA,NA,NA,High,High,High,High,Medium,NA,NA,NA,NA,NA,NA,NA,NA,NA,NA,NA,NA,NA,NA,NA,NA,NA,NA,NA,NA,NA,NA,NA,NA,NA,NA,NA,NA,NA,NA,NA,NA,NA,NA,NA,NA,NA,NA,NA,NA,NA,NA,NA,NA,NA,NA,NA,NA,NA,NA,NA,NA,NA,NA,NA,NA
NA,NA,NA,NA,NA,NA,NA,NA,NA,NA,NA,NA,NA,NA,NA,NA,283,2025-06-16,20:43:41,4,3,"Kipp, Kyle",822339,Right,BRE_WHI,"Schaffner, Jake",835279,Left,HYA_HAR,Undefined,9,Bottom,2,0,2,ChangeUp,Sinker,BallCalled,Undefined,Undefined,Undefined,0,0,NA,92.21757,0.505677,-4.952649,2244.522374,248.539185,02:15:00,5.38607,1.9972,5.25636,-25.95883,8.57819,18.43186,3.69974,-1.13181,82.30756,-4.316786,-1.700074,0.422974,NA,NA,NA,NA,NA,NA,NA,NA,NA,NA,NA,-10.7989,4.49288,-1.55631,50,5.41389,10.63203,-133.07362,0.19046,-18.97624,33.89407,-24.27899,HYA_HAR,BRE_WHI,CCBLHyannis,Cape Cod Baseball League,CCBL,20250616-CCBLHyannis-2,1da64370-4b14-11f0-ac99-2d93a97aa58f,89.11288,NA,NA,9.91001,NA,NA,NA,NA,NA,NA,aecf949a-adfb-400b-9c8e-95fb9d4c8878,2025-06-17,00:43:41,2025-06-17T00:43:41Z,2025-06-17T00:43:41Z,NA,v3,6101,6096,NA,"Tinney, Carson",806245,Right,BRE_WHI,1355f64d-7e87-4ac6-b4d6-46f2dc64c0f9,55.23895,-134.40136999999999,16.94704,5.3878,1.14155,-12.13949,-1.98736,11.37539,-9.48812,NA,NA,NA,NA,NA,NA,NA,NA,NA,NA,NA,NA,NA,NA,NA,NA,NA,NA,NA,NA,NA,NA,NA,NA,NA,NA,NA,NA,NA,NA,NA,NA,NA,NA,NA,NA,NA,NA,NA,NA,NA,NA,NA,NA,NA,NA,NA,NA,NA,NA,High,High,High,NA,NA,NA,NA,NA,NA,NA,NA,NA,NA,NA,NA,NA,NA,NA,NA,NA,NA,NA,NA,NA,NA,NA,NA,NA,NA,NA,NA,NA,NA,NA,NA,NA,NA,NA,NA,NA,NA,NA,NA,NA,NA,NA,NA,NA,NA,NA,NA,NA,NA,NA,NA,NA,NA,NA,NA,NA,NA
NA,NA,NA,NA,NA,NA,NA,NA,NA,NA,NA,NA,NA,NA,NA,NA,284,2025-06-16,20:44:01,4,4,"Kipp, Kyle",822339,Right,BRE_WHI,"Schaffner, Jake",835279,Left,HYA_HAR,Undefined,9,Bottom,2,1,2,ChangeUp,Changeup,InPlay,Undefined,LineDrive,Out,1,0,NA,81.95877,0.972921,-3.214661,1394.786785,279.574471,03:15:00,5.11533,2.15737,5.39163,-44.88916,-1.23606,17.72647,2.28793,0.6186,73.06884,-7.283773,-0.064566,0.475531,74.48765,32.312781,-20.23105,4301.446237,98.92063,51.4843,-48.11097,233.1202,220.89182,-33.355298,3.831592,-10.1152,-0.53331,-1.88329,50,5.17087,5.91687,-118.50026,0.43298,-13.95935,28.85843,-32.91002,HYA_HAR,BRE_WHI,CCBLHyannis,Cape Cod Baseball League,CCBL,20250616-CCBLHyannis-2,2992efd0-4b14-11f0-ac99-2d93a97aa58f,79.26388,53.64294,NA,8.88993,NA,NA,NA,2.86764,2.46377,-0.5884,aecf949a-adfb-400b-9c8e-95fb9d4c8878,2025-06-17,00:44:01,2025-06-17T00:44:01Z,2025-06-17T00:44:01Z,FlyBall,v3,6101,6096,NA,"Tinney, Carson",806245,Right,BRE_WHI,3d23e917-ff5c-4a94-9564-bb50a77b982b,55.10591,-119.73725,14.42922,5.12208,1.84364,-16.45501,-2.14973,6.51522,-6.97968,142.118227,2.86771,86.62989,-18.79395,4.35047,-0.87553,0.17015,-0.0304,0.00361,-1.8e-4,2.46338,58.41172,-18.58039,1.53233,-0.38149,0.09655,-0.02047,0.00319,-2.4e-4,-0.58822,-31.93429,-1.0295,0.30871,-0.0421,-0.00119,0.00124,-1e-4,-0,NA,NA,NA,NA,NA,NA,NA,NA,NA,NA,NA,NA,NA,NA,NA,NA,NA,NA,NA,NA,NA,NA,High,High,High,High,High,NA,NA,NA,NA,NA,NA,NA,NA,NA,NA,NA,NA,NA,NA,NA,NA,NA,NA,NA,NA,NA,NA,NA,NA,NA,NA,NA,NA,NA,NA,NA,NA,NA,NA,NA,NA,NA,NA,NA,NA,NA,NA,NA,NA,NA,NA,NA,NA,NA,NA,NA,NA,NA,NA,NA,NA
