player_name,display_name,active,notes,id,pitcher,date,rel_speed,horz_break,induced_vert_break,original_pitch_type,new_pitch_type,new_pitcher,modified_at,pitch_key,created_at,PitchNo,Date,Time,PAofInning,PitchofPA,Pitcher,PitcherId,PitcherThrows,PitcherTeam,Batter,BatterId,BatterSide,BatterTeam,PitcherSet,Inning,Top/Bottom,Outs,Balls,Strikes,TaggedPitchType,AutoPitchType,PitchCall,KorBB,TaggedHitType,PlayResult,OutsOnPlay,RunsScored,Notes,RelSpeed,VertRelAngle,HorzRelAngle,SpinRate,SpinAxis,Tilt,RelHeight,RelSide,Extension,VertBreak,InducedVertBreak,HorzBreak,PlateLocHeight,PlateLocSide,ZoneSpeed,VertApprAngle,HorzApprAngle,ZoneTime,ExitSpeed,Angle,Direction,HitSpinRate,PositionAt110X,PositionAt110Y,PositionAt110Z,Distance,LastTrackedDistance,Bearing,HangTime,pfxx,pfxz,x0,y0,z0,vx0,vy0,vz0,ax0,ay0,az0,HomeTeam,AwayTeam,Stadium,Level,League,GameID,PitchUID,EffectiveVelo,MaxHeight,MeasuredDuration,SpeedDrop,PitchLastMeasuredX,PitchLastMeasuredY,PitchLastMeasuredZ,ContactPositionX,ContactPositionY,ContactPositionZ,GameUID,UTCDate,UTCTime,LocalDateTime,UTCDateTime,AutoHitType,System,HomeTeamForeignID,AwayTeamForeignID,GameForeignID,Catcher,CatcherId,CatcherThrows,CatcherTeam,PlayID,PitchTrajectoryXc0,PitchTrajectoryXc1,PitchTrajectoryXc2,PitchTrajectoryYc0,PitchTrajectoryYc1,PitchTrajectoryYc2,PitchTrajectoryZc0,PitchTrajectoryZc1,PitchTrajectoryZc2,HitSpinAxis,HitTrajectoryXc0,HitTrajectoryXc1,HitTrajectoryXc2,HitTrajectoryXc3,HitTrajectoryXc4,HitTrajectoryXc5,HitTrajectoryXc6,HitTrajectoryXc7,HitTrajectoryXc8,HitTrajectoryYc0,HitTrajectoryYc1,HitTrajectoryYc2,HitTrajectoryYc3,HitTrajectoryYc4,HitTrajectoryYc5,HitTrajectoryYc6,HitTrajectoryYc7,HitTrajectoryYc8,HitTrajectoryZc0,HitTrajectoryZc1,HitTrajectoryZc2,HitTrajectoryZc3,HitTrajectoryZc4,HitTrajectoryZc5,HitTrajectoryZc6,HitTrajectoryZc7,HitTrajectoryZc8,ThrowSpeed,PopTime,ExchangeTime,TimeToBase,CatchPositionX,CatchPositionY,CatchPositionZ,ThrowPositionX,ThrowPositionY,ThrowPositionZ,BasePositionX,BasePositionY,BasePositionZ,ThrowTrajectoryXc0,ThrowTrajectoryXc1,ThrowTrajectoryXc2,ThrowTrajectoryYc0,ThrowTrajectoryYc1,ThrowTrajectoryYc2,ThrowTrajectoryZc0,ThrowTrajectoryZc1,ThrowTrajectoryZc2,PitchReleaseConfidence,PitchLocationConfidence,PitchMovementConfidence,HitLaunchConfidence,HitLandingConfidence,CatcherThrowCatchConfidence,CatcherThrowReleaseConfidence,CatcherThrowLocationConfidence,SpinAxis3dTransverseAngle,SpinAxis3dLongitudinalAngle,SpinAxis3dActiveSpinRate,SpinAxis3dSpinEfficiency,SpinAxis3dTilt,SpinAxis3dVectorX,SpinAxis3dVectorY,SpinAxis3dVectorZ,SpinAxis3dSeamOrientationRotationX,SpinAxis3dSeamOrientationRotationY,SpinAxis3dSeamOrientationRotationZ,SpinAxis3dSeamOrientationBallYAmb1,SpinAxis3dSeamOrientationBallAngleHorizontalAmb1,SpinAxis3dSeamOrientationBallZAmb1,SpinAxis3dSeamOrientationBallAngleVerticalAmb2,SpinAxis3dSeamOrientationBallZAmb2,SpinAxis3dSeamOrientationBallXAmb4,SpinAxis3dSeamOrientationBallYAmb4,SpinAxis3dSeamOrientationBallAngleHorizontalAmb2,SpinAxis3dSeamOrientationBallAngleVerticalAmb1,SpinAxis3dSeamOrientationBallXAmb1,SpinAxis3dSeamOrientationBallYAmb2,SpinAxis3dSeamOrientationBallAngleHorizontalAmb4,SpinAxis3dSeamOrientationBallAngleVerticalAmb4,SpinAxis3dSeamOrientationBallXAmb2,SpinAxis3dSeamOrientationBallAngleVerticalAmb3,SpinAxis3dSeamOrientationBallAngleHorizontalAmb3,SpinAxis3dSeamOrientationBallXAmb3,SpinAxis3dSeamOrientationBallYAmb3,SpinAxis3dSeamOrientationBallZAmb3,SpinAxis3dSeamOrientationBallZAmb4,PitchSession,Flag,CalibrationId,EffVelocity,PracticeType,Device,HitType,SessionId,BatSpeed,VerticalAttackAngle,HorizontalAttackAngle,session_id,play_id,camera_slot,camera_name,camera_target,video_type,azure_blob,azure_md5,cloudinary_url,cloudinary_public_id,uploaded_at
NA,NA,NA,NA,NA,NA,NA,NA,NA,NA,NA,NA,NA,NA,NA,NA,1,2025-06-13,10:47:29,1,1,"Flanary, Lyndan",10051521,Right,USA_PRI358,"Vasquez, Reuben",10171288,Left,USA_CBU,Undefined,1,Top,0,0,0,Undefined,Four-Seam,StrikeCalled,Undefined,Undefined,Undefined,0,0,NA,92.74366,-0.848427,-1.625407,2372.934496,223.604211,01:30:00,5.65934,1.99709,4.85552,-22.20194,11.75127,10.10961,3.0057,1.30058,84.26671,-4.940244,0.154423,0.419384,NA,NA,NA,NA,NA,NA,NA,NA,NA,NA,NA,-5.43209,6.36752,-1.84576,50,5.55727,3.30586,-134.38442,-2.87116,-9.88825,30.36176,-20.58301,USA_PRI358,USA_CBU,USABBCary0,USA Baseball,USA,20250613-USABBCary0-2,54d753e0-4865-11f0-a394-69d32a1ead04,89.87572,NA,NA,8.47696,NA,NA,NA,NA,NA,NA,803347a4-030c-48a3-b0f8-f99b918e67d9,2025-06-13,14:47:29,2025-06-13T14:47:29Z,2025-06-13T14:47:29Z,NA,v3,NA,NA,NA,"Gravely IV, Warren",1000162866,Right,USA_PRI358,47366869-9d71-4f0c-a2f1-3a94c9d33df0,55.6413,-135.65298,15.18088,5.65927,-2.01117,-10.2915,-1.99252,3.71901,-4.94413,NA,NA,NA,NA,NA,NA,NA,NA,NA,NA,NA,NA,NA,NA,NA,NA,NA,NA,NA,NA,NA,NA,NA,NA,NA,NA,NA,NA,NA,NA,NA,NA,NA,NA,NA,NA,NA,NA,NA,NA,NA,NA,NA,NA,NA,NA,NA,NA,NA,NA,High,High,High,NA,NA,NA,NA,NA,NA,NA,NA,NA,NA,NA,NA,NA,NA,NA,NA,NA,NA,NA,NA,NA,NA,NA,NA,NA,NA,NA,NA,NA,NA,NA,NA,NA,NA,NA,NA,NA,NA,NA,NA,NA,NA,NA,NA,NA,NA,NA,NA,NA,NA,NA,NA,NA,NA,NA,NA,NA,NA
NA,NA,NA,NA,NA,NA,NA,NA,NA,NA,NA,NA,NA,NA,NA,NA,2,2025-06-13,10:47:41,1,2,"Flanary, Lyndan",10051521,Right,USA_PRI358,"Vasquez, Reuben",10171288,Left,USA_CBU,Undefined,1,Top,0,0,1,Undefined,Sinker,BallCalled,Undefined,Undefined,Undefined,0,0,NA,91.28828,-1.832474,-2.209677,2400.727467,259.518162,02:45:00,5.3706,2.22478,5.17778,-29.96895,5.05945,20.41214,1.14706,1.84557,82.4034,-7.326242,1.409251,0.425973,NA,NA,NA,NA,NA,NA,NA,NA,NA,NA,NA,-10.88205,3.49173,-2.0354,50,5.17749,4.12633,-132.14699,-5.41302,-18.9246,32.50235,-26.10169,USA_PRI358,USA_CBU,USABBCary0,USA Baseball,USA,20250613-USABBCary0-2,5c26f880-4865-11f0-a394-69d32a1ead04,88.4856,NA,NA,8.88488,NA,NA,NA,NA,NA,NA,803347a4-030c-48a3-b0f8-f99b918e67d9,2025-06-13,14:47:41,2025-06-13T14:47:41Z,2025-06-13T14:47:41Z,NA,v3,NA,NA,NA,"Gravely IV, Warren",1000162866,Right,USA_PRI358,eae6a477-9101-42d4-99ba-de51be6c73b8,55.32017,-133.4491,16.25118,5.3734,-4.36733,-13.050840000000001,-2.21589,4.8844900000000004,-9.4623,NA,NA,NA,NA,NA,NA,NA,NA,NA,NA,NA,NA,NA,NA,NA,NA,NA,NA,NA,NA,NA,NA,NA,NA,NA,NA,NA,NA,NA,NA,NA,NA,NA,NA,NA,NA,NA,NA,NA,NA,NA,NA,NA,NA,NA,NA,NA,NA,NA,NA,High,High,High,NA,NA,NA,NA,NA,NA,NA,NA,NA,NA,NA,NA,NA,NA,NA,NA,NA,NA,NA,NA,NA,NA,NA,NA,NA,NA,NA,NA,NA,NA,NA,NA,NA,NA,NA,NA,NA,NA,NA,NA,NA,NA,NA,NA,NA,NA,NA,NA,NA,NA,NA,NA,NA,NA,NA,NA,NA,NA
NA,NA,NA,NA,NA,NA,NA,NA,NA,NA,NA,NA,NA,NA,NA,NA,3,2025-06-13,10:47:55,1,3,"Flanary, Lyndan",10051521,Right,USA_PRI358,"Vasquez, Reuben",10171288,Left,USA_CBU,Undefined,1,Top,0,1,1,Undefined,Sinker,BallCalled,Undefined,Undefined,Undefined,0,0,NA,92.46612,-0.131852,-1.392925,2380.636798,231.116357,01:45:00,5.52062,1.98151,5.10661,-24.27659,9.55977,10.45473,3.37331,1.54008,83.96784,-4.612456,0.456366,0.418662,NA,NA,NA,NA,NA,NA,NA,NA,NA,NA,NA,-5.5767,5.12729,-1.85865,50,5.48963,2.74818,-134.05865,-1.25628,-10.0952,30.40538,-22.8924,USA_PRI358,USA_CBU,USABBCary0,USA Baseball,USA,20250613-USABBCary0-2,64929470-4865-11f0-a394-69d32a1ead04,90.03079,NA,NA,8.49828,NA,NA,NA,NA,NA,NA,803347a4-030c-48a3-b0f8-f99b918e67d9,2025-06-13,14:47:55,2025-06-13T14:47:55Z,2025-06-13T14:47:55Z,NA,v3,NA,NA,NA,"Gravely IV, Warren",1000162866,Right,USA_PRI358,eee51a3d-63cc-4104-b19f-1a38302555fb,55.39018,-135.27566,15.20269,5.52157,-0.33999,-11.4462,-1.97673,3.15225,-5.0476,NA,NA,NA,NA,NA,NA,NA,NA,NA,NA,NA,NA,NA,NA,NA,NA,NA,NA,NA,NA,NA,NA,NA,NA,NA,NA,NA,NA,NA,NA,NA,NA,NA,NA,NA,NA,NA,NA,NA,NA,NA,NA,NA,NA,NA,NA,NA,NA,NA,NA,High,High,High,NA,NA,NA,NA,NA,NA,NA,NA,NA,NA,NA,NA,NA,NA,NA,NA,NA,NA,NA,NA,NA,NA,NA,NA,NA,NA,NA,NA,NA,NA,NA,NA,NA,NA,NA,NA,NA,NA,NA,NA,NA,NA,NA,NA,NA,NA,NA,NA,NA,NA,NA,NA,NA,NA,NA,NA,NA,NA
NA,NA,NA,NA,NA,NA,NA,NA,NA,NA,NA,NA,NA,NA,NA,NA,4,2025-06-13,10:48:09,1,4,"Flanary, Lyndan",10051521,Right,USA_PRI358,"Vasquez, Reuben",10171288,Left,USA_CBU,Undefined,1,Top,0,2,1,Undefined,Sinker,BallCalled,Undefined,Undefined,Undefined,0,0,NA,91.73896,-0.547668,-1.0125,2397.72899,235.25484,01:45:00,5.35925,2.03183,5.12081,-26.27686,7.97146,9.89296,2.65354,1.90243,83.65712,-5.373674,0.738684,0.421203,NA,NA,NA,NA,NA,NA,NA,NA,NA,NA,NA,-5.17874,4.46343,-1.94455,50,5.28765,1.8726,-133.06628,-2.30756,-9.26523,29.1321,-24.18856,USA_PRI358,USA_CBU,USABBCary0,USA Baseball,USA,20250613-USABBCary0-2,6cf11100-4865-11f0-a394-69d32a1ead04,89.48766,NA,NA,8.08184,NA,NA,NA,NA,NA,NA,803347a4-030c-48a3-b0f8-f99b918e67d9,2025-06-13,14:48:09,2025-06-13T14:48:09Z,2025-06-13T14:48:09Z,NA,v3,NA,NA,NA,"Gravely IV, Warren",1000162866,Right,USA_PRI358,64d5240e-7074-4c73-9ac7-7224e049ee23,55.37633,-134.23815,14.56605,5.36091,-1.33454,-12.09428,-2.02738,2.24531,-4.63261,NA,NA,NA,NA,NA,NA,NA,NA,NA,NA,NA,NA,NA,NA,NA,NA,NA,NA,NA,NA,NA,NA,NA,NA,NA,NA,NA,NA,NA,NA,NA,NA,NA,NA,NA,NA,NA,NA,NA,NA,NA,NA,NA,NA,NA,NA,NA,NA,NA,NA,High,High,High,NA,NA,NA,NA,NA,NA,NA,NA,NA,NA,NA,NA,NA,NA,NA,NA,NA,NA,NA,NA,NA,NA,NA,NA,NA,NA,NA,NA,NA,NA,NA,NA,NA,NA,NA,NA,NA,NA,NA,NA,NA,NA,NA,NA,NA,NA,NA,NA,NA,NA,NA,NA,NA,NA,NA,NA,NA,NA
NA,NA,NA,NA,NA,NA,NA,NA,NA,NA,NA,NA,NA,NA,NA,NA,5,2025-06-13,10:48:25,1,5,"Flanary, Lyndan",10051521,Right,USA_PRI358,"Vasquez, Reuben",10171288,Left,USA_CBU,Undefined,1,Top,0,3,1,Undefined,Sinker,BallCalled,Walk,Undefined,Undefined,0,0,NA,90.89581,-2.842317,-3.553924,2311.100657,225.423162,01:30:00,5.38791,2.10741,5.19196,-22.92576,12.14599,11.11477,0.79631,-0.31384,82.77688,-7.071305,-1.588435,0.426236,NA,NA,NA,NA,NA,NA,NA,NA,NA,NA,NA,-6.6063,7.24311,-1.78621,50,5.10655,7.64866,-131.4604,-7.38834,-11.50223,29.1876,-19.56307,USA_PRI358,USA_CBU,USABBCary0,USA Baseball,USA,20250613-USABBCary0-2,7694b7c0-4865-11f0-a394-69d32a1ead04,88.43094,NA,NA,8.11893,NA,NA,NA,NA,NA,NA,803347a4-030c-48a3-b0f8-f99b918e67d9,2025-06-13,14:48:25,2025-06-13T14:48:25Z,2025-06-13T14:48:25Z,NA,v3,NA,NA,NA,"Gravely IV, Warren",1000162866,Right,USA_PRI358,f1d790a4-23d1-4ba8-b132-717bac2b60c2,55.30652,-132.63335,14.5938,5.38766,-6.60217,-9.78154,-2.10287,8.11089,-5.75112,NA,NA,NA,NA,NA,NA,NA,NA,NA,NA,NA,NA,NA,NA,NA,NA,NA,NA,NA,NA,NA,NA,NA,NA,NA,NA,NA,NA,NA,NA,NA,NA,NA,NA,NA,NA,NA,NA,NA,NA,NA,NA,NA,NA,NA,NA,NA,NA,NA,NA,High,High,High,NA,NA,NA,NA,NA,NA,NA,NA,NA,NA,NA,NA,NA,NA,NA,NA,NA,NA,NA,NA,NA,NA,NA,NA,NA,NA,NA,NA,NA,NA,NA,NA,NA,NA,NA,NA,NA,NA,NA,NA,NA,NA,NA,NA,NA,NA,NA,NA,NA,NA,NA,NA,NA,NA,NA,NA,NA,NA
NA,NA,NA,NA,NA,NA,NA,NA,NA,NA,NA,NA,NA,NA,NA,NA,6,2025-06-13,10:48:54,2,1,"Flanary, Lyndan",10051521,Right,USA_PRI358,"Ellis, Kaine",10170887,Left,USA_CBU,Undefined,1,Top,0,0,0,Undefined,Four-Seam,StrikeCalled,Undefined,Undefined,Undefined,0,0,NA,91.29831,-1.009976,-1.684417,2360.281767,222.610282,01:30:00,5.51181,2.28981,5.13524,-24.52021,10.12032,8.25465,2.51686,1.39104,83.12366,-5.529732,-0.223466,0.423608,NA,NA,NA,NA,NA,NA,NA,NA,NA,NA,NA,-4.57481,5.67233,-2.13844,50,5.39849,3.49584,-132.3514,-3.27422,-8.08426,29.23482,-22.15031,USA_PRI358,USA_CBU,USABBCary0,USA Baseball,USA,20250613-USABBCary0-2,87ea2050-4865-11f0-a394-69d32a1ead04,88.97962,NA,NA,8.17465,NA,NA,NA,NA,NA,NA,803347a4-030c-48a3-b0f8-f99b918e67d9,2025-06-13,14:48:54,2025-06-13T14:48:54Z,2025-06-13T14:48:54Z,NA,v3,NA,NA,NA,"Gravely IV, Warren",1000162866,Right,USA_PRI358,b58a5a82-89aa-4421-b440-07319b8a4223,55.36163,-133.53046,14.61741,5.51253,-2.38088,-11.07516,-2.28601,3.82188,-4.04213,NA,NA,NA,NA,NA,NA,NA,NA,NA,NA,NA,NA,NA,NA,NA,NA,NA,NA,NA,NA,NA,NA,NA,NA,NA,NA,NA,NA,NA,NA,NA,NA,NA,NA,NA,NA,NA,NA,NA,NA,NA,NA,NA,NA,NA,NA,NA,NA,NA,NA,High,High,High,NA,NA,NA,NA,NA,NA,NA,NA,NA,NA,NA,NA,NA,NA,NA,NA,NA,NA,NA,NA,NA,NA,NA,NA,NA,NA,NA,NA,NA,NA,NA,NA,NA,NA,NA,NA,NA,NA,NA,NA,NA,NA,NA,NA,NA,NA,NA,NA,NA,NA,NA,NA,NA,NA,NA,NA,NA,NA
NA,NA,NA,NA,NA,NA,NA,NA,NA,NA,NA,NA,NA,NA,NA,NA,7,2025-06-13,10:49:11,2,2,"Flanary, Lyndan",10051521,Right,USA_PRI358,"Ellis, Kaine",10170887,Left,USA_CBU,Undefined,1,Top,0,0,1,Undefined,Four-Seam,FoulBallNotFieldable,Undefined,Undefined,Undefined,0,0,NA,90.99556,-2.558811,-3.171695,2312.868933,217.366063,01:15:00,5.52417,2.07362,5.13095,-19.59064,15.74934,11.03276,1.47651,0.00297,82.0569,-6.223229,-1.222582,0.427863,87.34436,-5.88834,56.940221,NA,NA,NA,NA,14.57143,13.98816,52.383838,0.108838,-6.53457,9.03434,-1.78483,50,5.26912,6.77121,-131.54239,-6.5798,-11.28647,31.61138,-16.57002,USA_PRI358,USA_CBU,USABBCary0,USA Baseball,USA,20250613-USABBCary0-2,91b4b000-4865-11f0-a394-69d32a1ead04,88.0947,1.54555,NA,8.93866,NA,NA,NA,1.58231,1.54555,-0.05635,803347a4-030c-48a3-b0f8-f99b918e67d9,2025-06-13,14:49:11,2025-06-13T14:49:11Z,2025-06-13T14:49:11Z,GroundBall,v3,NA,NA,NA,"Gravely IV, Warren",1000162866,Right,USA_PRI358,6d996999-3951-41c4-baad-346b9bd576d1,55.36657,-132.82578,15.80569,5.5226,-5.90707,-8.28501,-2.06904,7.22943,-5.64324,265.97761,1.58249,69.4921,-21.28248,NA,NA,NA,NA,NA,NA,1.54556,-13.14315,-9.71621,NA,NA,NA,NA,NA,NA,-0.05643,106.80777,-2.19067,NA,NA,NA,NA,NA,NA,NA,NA,NA,NA,NA,NA,NA,NA,NA,NA,NA,NA,NA,NA,NA,NA,NA,NA,NA,NA,NA,NA,High,High,High,High,High,NA,NA,NA,NA,NA,NA,NA,NA,NA,NA,NA,NA,NA,NA,NA,NA,NA,NA,NA,NA,NA,NA,NA,NA,NA,NA,NA,NA,NA,NA,NA,NA,NA,NA,NA,NA,NA,NA,NA,NA,NA,NA,NA,NA,NA,NA,NA,NA,NA,NA,NA,NA,NA,NA,NA,NA
NA,NA,NA,NA,NA,NA,NA,NA,NA,NA,NA,NA,NA,NA,NA,NA,8,2025-06-13,10:49:45,2,3,"Flanary, Lyndan",10051521,Right,USA_PRI358,"Ellis, Kaine",10170887,Left,USA_CBU,Undefined,1,Top,0,0,2,Undefined,Sinker,StrikeSwinging,Strikeout,Undefined,Undefined,0,0,NA,91.92215,0.135469,-2.35171,2320.606005,261.654884,02:45:00,5.51241,2.39922,4.78797,-30.86246,4.39146,20.66505,3.06904,1.89121,82.17189,-5.513658,1.281912,0.427341,NA,NA,NA,NA,NA,NA,NA,NA,NA,NA,NA,-10.83115,2.53067,-2.18312,50,5.49969,4.39418,-132.89672,-0.98633,-18.94664,34.29146,-27.74717,USA_PRI358,USA_CBU,USABBCary0,USA Baseball,USA,20250613-USABBCary0-2,a6408b70-4865-11f0-a394-69d32a1ead04,88.20216,NA,NA,9.75027,NA,NA,NA,NA,NA,NA,803347a4-030c-48a3-b0f8-f99b918e67d9,2025-06-13,14:49:45,2025-06-13T14:49:45Z,2025-06-13T14:49:45Z,NA,v3,NA,NA,NA,"Gravely IV, Warren",1000162866,Right,USA_PRI358,97c7bf44-4042-4db7-b2d6-6ac924cf82e3,55.7071,-134.36126,17.14573,5.51651,0.19871,-13.87359,-2.38807,5.20337,-9.47332,NA,NA,NA,NA,NA,NA,NA,NA,NA,NA,NA,NA,NA,NA,NA,NA,NA,NA,NA,NA,NA,NA,NA,NA,NA,NA,NA,NA,77.0169,NA,0.79017,NA,-1.9573,2.73145,-1.97338,-0.83913,5.93359,-0.55729,NA,NA,NA,-0.7656,111.53505,-10.31735,5.9439,5.55278,-11.52358,-0.60067,-7.28443,4.42808,High,High,High,NA,NA,High,Medium,Medium,NA,NA,NA,NA,NA,NA,NA,NA,NA,NA,NA,NA,NA,NA,NA,NA,NA,NA,NA,NA,NA,NA,NA,NA,NA,NA,NA,NA,NA,NA,NA,NA,NA,NA,NA,NA,NA,NA,NA,NA,NA,NA,NA,NA,NA,NA,NA,NA,NA,NA,NA,NA,NA
NA,NA,NA,NA,NA,NA,NA,NA,NA,NA,NA,NA,NA,NA,NA,NA,9,2025-06-13,10:50:32,3,1,"Flanary, Lyndan",10051521,Right,USA_PRI358,"Lawson, Joseph",10144711,Right,USA_CBU,Undefined,1,Top,1,0,0,Undefined,Four-Seam,StrikeCalled,Undefined,Undefined,Undefined,0,0,NA,92.7945,-1.0063,-3.719958,2337.691389,215.535355,01:15:00,5.62528,1.84263,4.93778,-19.82064,14.01414,9.21217,3.02036,-0.91051,84.43415,-4.678435,-2.100616,0.418652,NA,NA,NA,NA,NA,NA,NA,NA,NA,NA,NA,-5.58622,7.53115,-1.48854,50,5.51139,8.27307,-134.2815,-3.11765,-10.18271,29.53105,-18.44607,USA_PRI358,USA_CBU,USABBCary0,USA Baseball,USA,20250613-USABBCary0-2,c1c511e0-4865-11f0-a394-69d32a1ead04,90.03287,NA,NA,8.36035,NA,NA,NA,NA,NA,NA,803347a4-030c-48a3-b0f8-f99b918e67d9,2025-06-13,14:50:32,2025-06-13T14:50:32Z,2025-06-13T14:50:32Z,NA,v3,NA,NA,NA,"Gravely IV, Warren",1000162866,Right,USA_PRI358,fc4607b8-ee45-4e9c-9b7b-f9c624c9a710,55.55935,-135.49859,14.76553,5.62422,-2.35742,-9.22304,-1.83815,8.69274,-5.09136,NA,NA,NA,NA,NA,NA,NA,NA,NA,NA,NA,NA,NA,NA,NA,NA,NA,NA,NA,NA,NA,NA,NA,NA,NA,NA,NA,NA,NA,NA,NA,NA,NA,NA,NA,NA,NA,NA,NA,NA,NA,NA,NA,NA,NA,NA,NA,NA,NA,NA,High,High,High,NA,NA,NA,NA,NA,NA,NA,NA,NA,NA,NA,NA,NA,NA,NA,NA,NA,NA,NA,NA,NA,NA,NA,NA,NA,NA,NA,NA,NA,NA,NA,NA,NA,NA,NA,NA,NA,NA,NA,NA,NA,NA,NA,NA,NA,NA,NA,NA,NA,NA,NA,NA,NA,NA,NA,NA,NA,NA
NA,NA,NA,NA,NA,NA,NA,NA,NA,NA,NA,NA,NA,NA,NA,NA,10,2025-06-13,10:50:49,3,2,"Flanary, Lyndan",10051521,Right,USA_PRI358,"Lawson, Joseph",10144711,Right,USA_CBU,Undefined,1,Top,1,0,1,Undefined,Curveball,BallCalled,Undefined,Undefined,Undefined,0,0,NA,81.62484,-0.525077,-3.515398,2492.473736,13.946778,06:30:00,5.37972,2.05666,5.0518,-49.17333,-5.77685,-1.76591,0.78577,-1.4102,75.2892,-9.36098,-3.827206,0.474131,NA,NA,NA,NA,NA,NA,NA,NA,NA,NA,NA,-0.10437,-2.31039,-1.72008,50,5.29029,7.34116,-118.28027,-2.93625,-0.14784,22.62552,-35.44606,USA_PRI358,USA_CBU,USABBCary0,USA Baseball,USA,20250613-USABBCary0-2,cbf9d510-4865-11f0-a394-69d32a1ead04,79.49788,NA,NA,6.33564,NA,NA,NA,NA,NA,NA,803347a4-030c-48a3-b0f8-f99b918e67d9,2025-06-13,14:50:49,2025-06-13T14:50:49Z,2025-06-13T14:50:49Z,NA,v3,NA,NA,NA,"Gravely IV, Warren",1000162866,Right,USA_PRI358,495db221-02cd-4982-bd61-a07b12b038f4,55.44876,-119.31799,11.31276,5.38767,-1.31051,-17.72303,-2.05694,7.34794,-0.07392,NA,NA,NA,NA,NA,NA,NA,NA,NA,NA,NA,NA,NA,NA,NA,NA,NA,NA,NA,NA,NA,NA,NA,NA,NA,NA,NA,NA,NA,NA,NA,NA,NA,NA,NA,NA,NA,NA,NA,NA,NA,NA,NA,NA,NA,NA,NA,NA,NA,NA,High,High,High,NA,NA,NA,NA,NA,NA,NA,NA,NA,NA,NA,NA,NA,NA,NA,NA,NA,NA,NA,NA,NA,NA,NA,NA,NA,NA,NA,NA,NA,NA,NA,NA,NA,NA,NA,NA,NA,NA,NA,NA,NA,NA,NA,NA,NA,NA,NA,NA,NA,NA,NA,NA,NA,NA,NA,NA,NA,NA
NA,NA,NA,NA,NA,NA,NA,NA,NA,NA,NA,NA,NA,NA,NA,NA,11,2025-06-13,10:51:05,3,3,"Flanary, Lyndan",10051521,Right,USA_PRI358,"Lawson, Joseph",10144711,Right,USA_CBU,Undefined,1,Top,1,1,1,Undefined,Slider,BallCalled,Undefined,Undefined,Undefined,0,0,NA,83.12616,-1.33123,-3.86338,2662.523528,48.831383,07:45:00,5.43241,2.16352,4.92144,-42.68967,-0.14532,-1.83476,0.61327,-1.64745,75.82944,-9.023861,-4.186167,0.469453,NA,NA,NA,NA,NA,NA,NA,NA,NA,NA,NA,-0.28772,0.79244,-1.78474,50,5.26698,8.19681,-120.17282,-4.43452,-0.41638,25.53732,-31.02719,USA_PRI358,USA_CBU,USABBCary0,USA Baseball,USA,20250613-USABBCary0-2,d5e31050-4865-11f0-a394-69d32a1ead04,80.29009,NA,NA,7.29672,NA,NA,NA,NA,NA,NA,803347a4-030c-48a3-b0f8-f99b918e67d9,2025-06-13,14:51:05,2025-06-13T14:51:05Z,2025-06-13T14:51:05Z,NA,v3,NA,NA,NA,"Gravely IV, Warren",1000162866,Right,USA_PRI358,b2da1729-a354-4484-ba93-430cc8edbda5,55.57594,-121.35195,12.76866,5.43866,-3.00191,-15.51359,-2.16365,8.21603,-0.20819,NA,NA,NA,NA,NA,NA,NA,NA,NA,NA,NA,NA,NA,NA,NA,NA,NA,NA,NA,NA,NA,NA,NA,NA,NA,NA,NA,NA,NA,NA,NA,NA,NA,NA,NA,NA,NA,NA,NA,NA,NA,NA,NA,NA,NA,NA,NA,NA,NA,NA,High,High,High,NA,NA,NA,NA,NA,NA,NA,NA,NA,NA,NA,NA,NA,NA,NA,NA,NA,NA,NA,NA,NA,NA,NA,NA,NA,NA,NA,NA,NA,NA,NA,NA,NA,NA,NA,NA,NA,NA,NA,NA,NA,NA,NA,NA,NA,NA,NA,NA,NA,NA,NA,NA,NA,NA,NA,NA,NA,NA
NA,NA,NA,NA,NA,NA,NA,NA,NA,NA,NA,NA,NA,NA,NA,NA,12,2025-06-13,10:51:31,3,4,"Flanary, Lyndan",10051521,Right,USA_PRI358,"Lawson, Joseph",10144711,Right,USA_CBU,Undefined,1,Top,1,2,1,Undefined,Four-Seam,FoulBallNotFieldable,Undefined,Undefined,Undefined,0,0,NA,92.53493,-1.714376,-2.232927,2370.451875,222.157817,01:30:00,5.47428,2.12479,4.97961,-19.02788,14.98276,12.51784,2.26784,1.05808,84.02575,-5.254793,-0.025154,0.419739,NA,NA,NA,NA,NA,NA,NA,NA,NA,NA,NA,-6.743,8.22426,-1.91958,50,5.29373,4.58707,-133.97782,-4.71465,-12.20245,30.13267,-17.29101,USA_PRI358,USA_CBU,USABBCary0,USA Baseball,USA,20250613-USABBCary0-2,e54fbbb0-4865-11f0-a394-69d32a1ead04,89.79981,NA,NA,8.50918,NA,NA,NA,NA,NA,NA,803347a4-030c-48a3-b0f8-f99b918e67d9,2025-06-13,14:51:31,2025-06-13T14:51:31Z,2025-06-13T14:51:31Z,NA,v3,NA,NA,NA,"Gravely IV, Warren",1000162866,Right,USA_PRI358,26135c85-f085-401b-b0f8-1422fa03c891,55.51504,-135.21251,15.06634,5.4724,-4.00615,-8.64551,-2.11778,5.08707,-6.10123,NA,NA,NA,NA,NA,NA,NA,NA,NA,NA,NA,NA,NA,NA,NA,NA,NA,NA,NA,NA,NA,NA,NA,NA,NA,NA,NA,NA,NA,NA,NA,NA,NA,NA,NA,NA,NA,NA,NA,NA,NA,NA,NA,NA,NA,NA,NA,NA,NA,NA,High,High,High,NA,NA,NA,NA,NA,NA,NA,NA,NA,NA,NA,NA,NA,NA,NA,NA,NA,NA,NA,NA,NA,NA,NA,NA,NA,NA,NA,NA,NA,NA,NA,NA,NA,NA,NA,NA,NA,NA,NA,NA,NA,NA,NA,NA,NA,NA,NA,NA,NA,NA,NA,NA,NA,NA,NA,NA,NA,NA
NA,NA,NA,NA,NA,NA,NA,NA,NA,NA,NA,NA,NA,NA,NA,NA,13,2025-06-13,10:52:34,3,5,"Flanary, Lyndan",10051521,Right,USA_PRI358,"Lawson, Joseph",10144711,Right,USA_CBU,Undefined,1,Top,1,2,2,Undefined,Slider,StrikeCalled,Strikeout,Undefined,Undefined,0,0,NA,82.35975,0.62028,-3.168197,2554.406235,22.014467,06:45:00,5.46681,2.33404,4.86572,-43.51754,0.01654,-0.62272,2.4283,-0.71927,74.48434,-7.270028,-3.277655,0.474882,NA,NA,NA,NA,NA,NA,NA,NA,NA,NA,NA,-0.71043,0.29457,-2.02124,50,5.49136,6.62018,-119.09785,-0.37306,-1.00559,25.97075,-31.75708,USA_PRI358,USA_CBU,USABBCary0,USA Baseball,USA,20250613-USABBCary0-2,0b1bca00-4866-11f0-a394-69d32a1ead04,79.37218,NA,NA,7.8754,NA,NA,NA,NA,NA,NA,803347a4-030c-48a3-b0f8-f99b918e67d9,2025-06-13,14:52:34,2025-06-13T14:52:34Z,2025-06-13T14:52:34Z,NA,v3,NA,NA,NA,"Gravely IV, Warren",1000162866,Right,USA_PRI358,dddcea30-d698-44e3-b17a-49eb2b3bfd1b,55.63057,-120.3194,12.98538,5.47378,1.12065,-15.87854,-2.33374,6.66747,-0.5028,NA,NA,NA,NA,NA,NA,NA,NA,NA,NA,NA,NA,NA,NA,NA,NA,NA,NA,NA,NA,NA,NA,NA,NA,NA,NA,NA,NA,NA,NA,NA,NA,NA,NA,NA,NA,NA,NA,NA,NA,NA,NA,NA,NA,NA,NA,NA,NA,NA,NA,High,High,High,NA,NA,NA,NA,NA,NA,NA,NA,NA,NA,NA,NA,NA,NA,NA,NA,NA,NA,NA,NA,NA,NA,NA,NA,NA,NA,NA,NA,NA,NA,NA,NA,NA,NA,NA,NA,NA,NA,NA,NA,NA,NA,NA,NA,NA,NA,NA,NA,NA,NA,NA,NA,NA,NA,NA,NA,NA,NA
NA,NA,NA,NA,NA,NA,NA,NA,NA,NA,NA,NA,NA,NA,NA,NA,14,2025-06-13,10:52:57,4,1,"Flanary, Lyndan",10051521,Right,USA_PRI358,"Carrillo, Mills",10148197,Right,USA_CBU,Undefined,1,Top,2,0,0,Undefined,Slider,BallCalled,Undefined,Undefined,Undefined,0,0,NA,82.18647,1.414473,-0.69965,2569.212369,73.661981,08:30:00,5.38784,2.24979,4.75937,-43.41471,0.31902,-4.19044,3.11159,1.23711,74.27823,-6.462647,-1.436366,0.47597,NA,NA,NA,NA,NA,NA,NA,NA,NA,NA,NA,1.81894,0.20724,-2.17574,50,5.49196,1.64368,-118.9803,1.25546,2.5736,25.59196,-31.8808,USA_PRI358,USA_CBU,USABBCary0,USA Baseball,USA,20250613-USABBCary0-2,18a2ec80-4866-11f0-a394-69d32a1ead04,79.19079,NA,NA,7.90824,NA,NA,NA,NA,NA,NA,803347a4-030c-48a3-b0f8-f99b918e67d9,2025-06-13,14:52:57,2025-06-13T14:52:57Z,2025-06-13T14:52:57Z,NA,v3,NA,NA,NA,"Gravely IV, Warren",1000162866,Right,USA_PRI358,350a9062-f68a-4d99-85d9-949e418210d3,55.73661,-120.20788,12.79598,5.39507,2.78469,-15.9404,-2.25162,1.52024,1.2868,NA,NA,NA,NA,NA,NA,NA,NA,NA,NA,NA,NA,NA,NA,NA,NA,NA,NA,NA,NA,NA,NA,NA,NA,NA,NA,NA,NA,NA,NA,NA,NA,NA,NA,NA,NA,NA,NA,NA,NA,NA,NA,NA,NA,NA,NA,NA,NA,NA,NA,High,High,High,NA,NA,NA,NA,NA,NA,NA,NA,NA,NA,NA,NA,NA,NA,NA,NA,NA,NA,NA,NA,NA,NA,NA,NA,NA,NA,NA,NA,NA,NA,NA,NA,NA,NA,NA,NA,NA,NA,NA,NA,NA,NA,NA,NA,NA,NA,NA,NA,NA,NA,NA,NA,NA,NA,NA,NA,NA,NA
NA,NA,NA,NA,NA,NA,NA,NA,NA,NA,NA,NA,NA,NA,NA,NA,15,2025-06-13,10:53:30,4,2,"Flanary, Lyndan",10051521,Right,USA_PRI358,"Carrillo, Mills",10148197,Right,USA_CBU,Undefined,1,Top,2,1,0,Undefined,Slider,BallCalled,Undefined,Undefined,Undefined,0,0,NA,82.64686,-1.157528,-3.108067,2612.306701,64.843079,08:15:00,5.39422,2.16645,4.85814,-42.40144,0.90244,-1.40862,0.76337,-0.89569,74.94025,-8.820033,-3.355957,0.473625,NA,NA,NA,NA,NA,NA,NA,NA,NA,NA,NA,-0.31646,1.30634,-1.85848,50,5.24422,6.55095,-119.48311,-4.04071,-0.45029,26.39635,-30.31526,USA_PRI358,USA_CBU,USABBCary0,USA Baseball,USA,20250613-USABBCary0-2,2c3a55d0-4866-11f0-a394-69d32a1ead04,79.58283,NA,NA,7.70661,NA,NA,NA,NA,NA,NA,803347a4-030c-48a3-b0f8-f99b918e67d9,2025-06-13,14:53:30,2025-06-13T14:53:30Z,2025-06-13T14:53:30Z,NA,v3,NA,NA,NA,"Gravely IV, Warren",1000162866,Right,USA_PRI358,6aab171d-419e-4eef-b417-308424d7a5fa,55.63791,-120.72222,13.19818,5.4005,-2.61764,-15.15763,-2.16649,6.57209,-0.22514,NA,NA,NA,NA,NA,NA,NA,NA,NA,NA,NA,NA,NA,NA,NA,NA,NA,NA,NA,NA,NA,NA,NA,NA,NA,NA,NA,NA,NA,NA,NA,NA,NA,NA,NA,NA,NA,NA,NA,NA,NA,NA,NA,NA,NA,NA,NA,NA,NA,NA,High,High,High,NA,NA,NA,NA,NA,NA,NA,NA,NA,NA,NA,NA,NA,NA,NA,NA,NA,NA,NA,NA,NA,NA,NA,NA,NA,NA,NA,NA,NA,NA,NA,NA,NA,NA,NA,NA,NA,NA,NA,NA,NA,NA,NA,NA,NA,NA,NA,NA,NA,NA,NA,NA,NA,NA,NA,NA,NA,NA
NA,NA,NA,NA,NA,NA,NA,NA,NA,NA,NA,NA,NA,NA,NA,NA,16,2025-06-13,10:53:47,4,3,"Flanary, Lyndan",10051521,Right,USA_PRI358,"Carrillo, Mills",10148197,Right,USA_CBU,Undefined,1,Top,2,2,0,Undefined,Slider,BallCalled,Undefined,Undefined,Undefined,0,0,NA,82.56847,-1.310381,-2.753817,2527.127552,55.916255,07:45:00,5.41108,2.05993,4.79903,-43.25105,0.25945,-1.95937,0.56351,-0.71476,74.83685,-9.113665,-3.098557,0.474754,NA,NA,NA,NA,NA,NA,NA,NA,NA,NA,NA,0.05724,1.04685,-1.7836,50,5.24321,5.83016,-119.37584,-4.40321,0.08121,26.60717,-30.68898,USA_PRI358,USA_CBU,USABBCary0,USA Baseball,USA,20250613-USABBCary0-2,368f7240-4866-11f0-a394-69d32a1ead04,79.39365,NA,NA,7.73161,NA,NA,NA,NA,NA,NA,803347a4-030c-48a3-b0f8-f99b918e67d9,2025-06-13,14:53:47,2025-06-13T14:53:47Z,2025-06-13T14:53:47Z,NA,v3,NA,NA,NA,"Gravely IV, Warren",1000162866,Right,USA_PRI358,483471ee-5948-4ddb-aa38-ad4a15326b5e,55.69704,-120.63894,13.30358,5.41766,-2.94633,-15.34449,-2.06029,5.82631,0.0406,NA,NA,NA,NA,NA,NA,NA,NA,NA,NA,NA,NA,NA,NA,NA,NA,NA,NA,NA,NA,NA,NA,NA,NA,NA,NA,NA,NA,NA,NA,NA,NA,NA,NA,NA,NA,NA,NA,NA,NA,NA,NA,NA,NA,NA,NA,NA,NA,NA,NA,High,High,High,NA,NA,NA,NA,NA,NA,NA,NA,NA,NA,NA,NA,NA,NA,NA,NA,NA,NA,NA,NA,NA,NA,NA,NA,NA,NA,NA,NA,NA,NA,NA,NA,NA,NA,NA,NA,NA,NA,NA,NA,NA,NA,NA,NA,NA,NA,NA,NA,NA,NA,NA,NA,NA,NA,NA,NA,NA,NA
NA,NA,NA,NA,NA,NA,NA,NA,NA,NA,NA,NA,NA,NA,NA,NA,17,2025-06-13,10:54:17,4,4,"Flanary, Lyndan",10051521,Right,USA_PRI358,"Carrillo, Mills",10148197,Right,USA_CBU,Undefined,1,Top,2,3,0,Undefined,Slider,BallCalled,Walk,Undefined,Undefined,0,0,NA,82.23237,-0.409775,-2.275736,2529.811388,32.667145,07:00:00,5.30909,2.15096,4.69532,-46.00967,-1.94831,-2.29158,1.08561,-0.20165,74.32222,-8.705589,-2.678322,0.47775,NA,NA,NA,NA,NA,NA,NA,NA,NA,NA,NA,0.35937,-0.31311,-1.91785,50,5.22649,4.83014,-118.92286,-2.65657,0.50502,26.78975,-32.61403,USA_PRI358,USA_CBU,USABBCary0,USA Baseball,USA,20250613-USABBCary0-2,486ccf80-4866-11f0-a394-69d32a1ead04,78.89581,NA,NA,7.91015,NA,NA,NA,NA,NA,NA,803347a4-030c-48a3-b0f8-f99b918e67d9,2025-06-13,14:54:17,2025-06-13T14:54:17Z,2025-06-13T14:54:17Z,NA,v3,NA,NA,NA,"Gravely IV, Warren",1000162866,Right,USA_PRI358,91ec14e6-5be7-4ccc-a20e-0e19ac9a847a,55.80082,-120.22251,13.39487,5.31699,-1.07437,-16.30701,-2.15158,4.80564,0.25251,NA,NA,NA,NA,NA,NA,NA,NA,NA,NA,NA,NA,NA,NA,NA,NA,NA,NA,NA,NA,NA,NA,NA,NA,NA,NA,NA,NA,NA,NA,NA,NA,NA,NA,NA,NA,NA,NA,NA,NA,NA,NA,NA,NA,NA,NA,NA,NA,NA,NA,High,High,High,NA,NA,NA,NA,NA,NA,NA,NA,NA,NA,NA,NA,NA,NA,NA,NA,NA,NA,NA,NA,NA,NA,NA,NA,NA,NA,NA,NA,NA,NA,NA,NA,NA,NA,NA,NA,NA,NA,NA,NA,NA,NA,NA,NA,NA,NA,NA,NA,NA,NA,NA,NA,NA,NA,NA,NA,NA,NA
NA,NA,NA,NA,NA,NA,NA,NA,NA,NA,NA,NA,NA,NA,NA,NA,18,2025-06-13,10:54:44,5,1,"Flanary, Lyndan",10051521,Right,USA_PRI358,"Knierim, James",10929696,Left,USA_CBU,Undefined,1,Top,2,0,0,Undefined,Four-Seam,BallCalled,Undefined,Undefined,Undefined,0,0,NA,90.16351,1.62475,-0.781597,2379.796355,229.085036,01:45:00,5.51746,2.17029,5.3308,-26.85789,8.42221,8.38276,4.80432,2.13545,81.80285,-3.346884,0.706769,0.4275,NA,NA,NA,NA,NA,NA,NA,NA,NA,NA,NA,-4.39709,4.09941,-2.10581,50,5.64527,1.39114,-130.74087,2.70589,-7.57494,28.77499,-25.11193,USA_PRI358,USA_CBU,USABBCary0,USA Baseball,USA,20250613-USABBCary0-2,585b7c20-4866-11f0-a394-69d32a1ead04,88.1694,NA,NA,8.36066,NA,NA,NA,NA,NA,NA,803347a4-030c-48a3-b0f8-f99b918e67d9,2025-06-13,14:54:44,2025-06-13T14:54:44Z,2025-06-13T14:54:44Z,NA,v3,NA,NA,NA,"Gravely IV, Warren",1000162866,Right,USA_PRI358,3d4b04e5-b9c0-4d47-a727-2178b163308f,55.16566,-131.87289,14.3875,5.51939,3.69381,-12.55596,-2.1664,1.68914,-3.78747,NA,NA,NA,NA,NA,NA,NA,NA,NA,NA,NA,NA,NA,NA,NA,NA,NA,NA,NA,NA,NA,NA,NA,NA,NA,NA,NA,NA,NA,NA,NA,NA,NA,NA,NA,NA,NA,NA,NA,NA,NA,NA,NA,NA,NA,NA,NA,NA,NA,NA,High,High,High,NA,NA,NA,NA,NA,NA,NA,NA,NA,NA,NA,NA,NA,NA,NA,NA,NA,NA,NA,NA,NA,NA,NA,NA,NA,NA,NA,NA,NA,NA,NA,NA,NA,NA,NA,NA,NA,NA,NA,NA,NA,NA,NA,NA,NA,NA,NA,NA,NA,NA,NA,NA,NA,NA,NA,NA,NA,NA
NA,NA,NA,NA,NA,NA,NA,NA,NA,NA,NA,NA,NA,NA,NA,NA,19,2025-06-13,10:55:16,5,2,"Flanary, Lyndan",10051521,Right,USA_PRI358,"Knierim, James",10929696,Left,USA_CBU,Undefined,1,Top,2,1,0,Undefined,Sinker,BallCalled,Undefined,Undefined,Undefined,0,0,NA,91.04073,-0.002545,-0.97264,2145.574269,253.027457,02:30:00,5.39732,2.25343,5.19332,-29.84198,5.09366,12.73339,2.9081,2.39952,82.43483,-5.485498,1.284627,0.425408,NA,NA,NA,NA,NA,NA,NA,NA,NA,NA,NA,-6.6091,2.91315,-2.17313,50,5.37484,1.63032,-131.97735,-1.18325,-11.5373,30.77694,-27.08863,USA_PRI358,USA_CBU,USABBCary0,USA Baseball,USA,20250613-USABBCary0-2,6b7c7cf0-4866-11f0-a394-69d32a1ead04,88.60301,NA,NA,8.6059,NA,NA,NA,NA,NA,NA,803347a4-030c-48a3-b0f8-f99b918e67d9,2025-06-13,14:55:16,2025-06-13T14:55:16Z,2025-06-13T14:55:16Z,NA,v3,NA,NA,NA,"Gravely IV, Warren",1000162866,Right,USA_PRI358,6f413d0b-ca8d-4f90-8285-61b8330a761c,55.30342,-133.20836,15.38847,5.4005,-0.09976,-13.54431,-2.24757,2.09178,-5.76865,NA,NA,NA,NA,NA,NA,NA,NA,NA,NA,NA,NA,NA,NA,NA,NA,NA,NA,NA,NA,NA,NA,NA,NA,NA,NA,NA,NA,NA,NA,NA,NA,NA,NA,NA,NA,NA,NA,NA,NA,NA,NA,NA,NA,NA,NA,NA,NA,NA,NA,High,High,High,NA,NA,NA,NA,NA,NA,NA,NA,NA,NA,NA,NA,NA,NA,NA,NA,NA,NA,NA,NA,NA,NA,NA,NA,NA,NA,NA,NA,NA,NA,NA,NA,NA,NA,NA,NA,NA,NA,NA,NA,NA,NA,NA,NA,NA,NA,NA,NA,NA,NA,NA,NA,NA,NA,NA,NA,NA,NA
NA,NA,NA,NA,NA,NA,NA,NA,NA,NA,NA,NA,NA,NA,NA,NA,20,2025-06-13,10:55:29,5,3,"Flanary, Lyndan",10051521,Right,USA_PRI358,"Knierim, James",10929696,Left,USA_CBU,Undefined,1,Top,2,2,0,Undefined,Sinker,InPlay,Undefined,LineDrive,Single,0,1,NA,90.98195,-1.129821,-1.874501,2384.795583,235.694837,01:45:00,5.43865,1.91855,5.45813,-27.54041,6.87607,8.43843,2.08533,0.86649,83.05486,-6.203656,-0.371682,0.422235,102.88159,7.714411,8.576441,932.050191,108.45012,4.59683,18.39957,141.62806,139.63715,10.093595,1.094073,-4.81036,4.11252,-1.75936,50,5.32021,3.94059,-131.99658,-3.63268,-8.45856,28.96759,-24.94256,USA_PRI358,USA_CBU,USABBCary0,USA Baseball,USA,20250613-USABBCary0-2,73127960-4866-11f0-a394-69d32a1ead04,89.26882,6.72443,NA,7.92709,NA,NA,NA,0.96974,2.08301,-0.86765,803347a4-030c-48a3-b0f8-f99b918e67d9,2025-06-13,14:55:29,2025-06-13T14:55:29Z,2025-06-13T14:55:29Z,LineDrive,v3,NA,NA,NA,"Gravely IV, Warren",1000162866,Right,USA_PRI358,de24046b-21ea-4539-8542-709e01c29878,55.04095,-133.09826,14.4838,5.44033,-2.68408,-12.47128,-1.91535,4.26228,-4.22928,304.20833,0.96974,147.85505,-22.52663,3.38639,-0.60122,0.06007,1.5e-4,-9.5e-4,1.9e-4,2.08301,20.25515,-23.78291,4.04918,-0.96403,0.23864,-0.05053,0.00941,-0.00108,-0.86765,22.29879,3.38099,-2.87767,0.94552,-0.27546,0.06557,-0.01311,0.00154,NA,NA,NA,NA,NA,NA,NA,NA,NA,NA,NA,NA,NA,NA,NA,NA,NA,NA,NA,NA,NA,NA,High,High,High,High,High,NA,NA,NA,NA,NA,NA,NA,NA,NA,NA,NA,NA,NA,NA,NA,NA,NA,NA,NA,NA,NA,NA,NA,NA,NA,NA,NA,NA,NA,NA,NA,NA,NA,NA,NA,NA,NA,NA,NA,NA,NA,NA,NA,NA,NA,NA,NA,NA,NA,NA,NA,NA,NA,NA,NA,NA
NA,NA,NA,NA,NA,NA,NA,NA,NA,NA,NA,NA,NA,NA,NA,NA,21,2025-06-13,10:56:10,6,1,"Flanary, Lyndan",10051521,Right,USA_PRI358,"Chung, Rodney",10172484,Right,USA_CBU,Undefined,1,Top,2,0,0,Undefined,Slider,FoulBallNotFieldable,Undefined,Undefined,Undefined,0,0,NA,81.9269,-0.061073,-1.623659,2525.368131,56.038657,07:45:00,5.36347,1.99682,4.95881,-45.09384,-0.84532,-3.8291,1.54793,0.14333,73.44565,-8.267128,-2.299812,0.478763,NA,NA,NA,NA,NA,NA,NA,NA,NA,NA,NA,1.31984,0.04898,-1.83619,50,5.32066,3.52526,-118.49843,-1.80785,1.82528,28.42029,-32.10632,USA_PRI358,USA_CBU,USABBCary0,USA Baseball,USA,20250613-USABBCary0-2,8b8d1b30-4866-11f0-a394-69d32a1ead04,78.72879,NA,NA,8.48125,NA,NA,NA,NA,NA,NA,803347a4-030c-48a3-b0f8-f99b918e67d9,2025-06-13,14:56:10,2025-06-13T14:56:10Z,2025-06-13T14:56:10Z,NA,v3,NA,NA,NA,"Gravely IV, Warren",1000162866,Right,USA_PRI358,06769c14-d264-4796-9aa3-c46019bbcdae,55.53785,-119.81925,14.21015,5.37001,-0.31572,-16.05316,-1.99805,3.44043,0.91264,NA,NA,NA,NA,NA,NA,NA,NA,NA,NA,NA,NA,NA,NA,NA,NA,NA,NA,NA,NA,NA,NA,NA,NA,NA,NA,NA,NA,NA,NA,NA,NA,NA,NA,NA,NA,NA,NA,NA,NA,NA,NA,NA,NA,NA,NA,NA,NA,NA,NA,High,High,High,NA,NA,NA,NA,NA,NA,NA,NA,NA,NA,NA,NA,NA,NA,NA,NA,NA,NA,NA,NA,NA,NA,NA,NA,NA,NA,NA,NA,NA,NA,NA,NA,NA,NA,NA,NA,NA,NA,NA,NA,NA,NA,NA,NA,NA,NA,NA,NA,NA,NA,NA,NA,NA,NA,NA,NA,NA,NA
NA,NA,NA,NA,NA,NA,NA,NA,NA,NA,NA,NA,NA,NA,NA,NA,22,2025-06-13,10:56:26,6,2,"Flanary, Lyndan",10051521,Right,USA_PRI358,"Chung, Rodney",10172484,Right,USA_CBU,Undefined,1,Top,2,0,1,Undefined,Slider,StrikeCalled,Undefined,Undefined,Undefined,0,0,NA,82.15199,1.008398,-1.361738,2615.680466,82.657855,08:45:00,5.39568,2.18106,4.83577,-42.26506,1.36721,-1.34051,2.82884,0.77966,74.31997,-6.67131,-1.597702,0.475418,NA,NA,NA,NA,NA,NA,NA,NA,NA,NA,NA,0.22598,0.85421,-2.04506,50,5.45973,2.88786,-118.93742,0.4774,0.3197,25.46725,-30.96569,USA_PRI358,USA_CBU,USABBCary0,USA Baseball,USA,20250613-USABBCary0-2,9543adb0-4866-11f0-a394-69d32a1ead04,79.28279,NA,NA,7.83202,NA,NA,NA,NA,NA,NA,803347a4-030c-48a3-b0f8-f99b918e67d9,2025-06-13,14:56:26,2025-06-13T14:56:26Z,2025-06-13T14:56:26Z,NA,v3,NA,NA,NA,"Gravely IV, Warren",1000162866,Right,USA_PRI358,9f85353b-07e8-4f47-9f6b-90e4f098ea07,55.65989,-120.14322,12.73363,5.40242,1.94354,-15.48284,-2.18143,2.87273,0.15985,NA,NA,NA,NA,NA,NA,NA,NA,NA,NA,NA,NA,NA,NA,NA,NA,NA,NA,NA,NA,NA,NA,NA,NA,NA,NA,NA,NA,NA,NA,NA,NA,NA,NA,NA,NA,NA,NA,NA,NA,NA,NA,NA,NA,NA,NA,NA,NA,NA,NA,High,High,High,NA,NA,NA,NA,NA,NA,NA,NA,NA,NA,NA,NA,NA,NA,NA,NA,NA,NA,NA,NA,NA,NA,NA,NA,NA,NA,NA,NA,NA,NA,NA,NA,NA,NA,NA,NA,NA,NA,NA,NA,NA,NA,NA,NA,NA,NA,NA,NA,NA,NA,NA,NA,NA,NA,NA,NA,NA,NA
NA,NA,NA,NA,NA,NA,NA,NA,NA,NA,NA,NA,NA,NA,NA,NA,23,2025-06-13,10:56:41,6,3,"Flanary, Lyndan",10051521,Right,USA_PRI358,"Chung, Rodney",10172484,Right,USA_CBU,Undefined,1,Top,2,0,2,Undefined,Slider,StrikeCalled,Strikeout,Undefined,Undefined,0,0,NA,82.09152,1.229116,-2.008638,2591.094552,88.786823,09:00:00,5.42111,1.97846,4.70212,-42.44018,1.49055,-2.46351,3.05206,-0.13431,74.27143,-6.46237,-2.440841,0.477041,NA,NA,NA,NA,NA,NA,NA,NA,NA,NA,NA,0.57016,0.82913,-1.77256,50,5.50808,4.27813,-118.78601,0.90561,0.80492,25.29398,-31.00353,USA_PRI358,USA_CBU,USABBCary0,USA Baseball,USA,20250613-USABBCary0-2,9dcae7f0-4866-11f0-a394-69d32a1ead04,79.013,NA,NA,7.82008,NA,NA,NA,NA,NA,NA,803347a4-030c-48a3-b0f8-f99b918e67d9,2025-06-13,14:56:41,2025-06-13T14:56:41Z,2025-06-13T14:56:41Z,NA,v3,NA,NA,NA,"Gravely IV, Warren",1000162866,Right,USA_PRI358,1cd59356-ce3f-4ee9-b862-6d351cc48cf0,55.79392,-120.01342,12.64699,5.42763,2.41007,-15.50177,-1.97921,4.23907,0.40246,NA,NA,NA,NA,NA,NA,NA,NA,NA,NA,NA,NA,NA,NA,NA,NA,NA,NA,NA,NA,NA,NA,NA,NA,NA,NA,NA,NA,NA,NA,NA,NA,NA,NA,NA,NA,NA,NA,NA,NA,NA,NA,NA,NA,NA,NA,NA,NA,NA,NA,High,High,High,NA,NA,NA,NA,NA,NA,NA,NA,NA,NA,NA,NA,NA,NA,NA,NA,NA,NA,NA,NA,NA,NA,NA,NA,NA,NA,NA,NA,NA,NA,NA,NA,NA,NA,NA,NA,NA,NA,NA,NA,NA,NA,NA,NA,NA,NA,NA,NA,NA,NA,NA,NA,NA,NA,NA,NA,NA,NA
NA,NA,NA,NA,NA,NA,NA,NA,NA,NA,NA,NA,NA,NA,NA,NA,24,2025-06-13,10:59:44,1,1,"Nguyen, Aiden",10100607,Left,USA_CBU,"Condon, Trevor",1000396090,Left,USA_PRI358,Undefined,1,Bottom,0,0,0,Undefined,Sinker,StrikeCalled,Undefined,Undefined,Undefined,0,0,NA,86.60469,0.763482,3.528292,2357.509531,136.032908,10:30:00,4.83969,-1.53545,5.76688,-22.34741,15.65517,-13.79091,3.68934,0.60313,77.93236,-3.470751,1.065737,0.443688,NA,NA,NA,NA,NA,NA,NA,NA,NA,NA,NA,8.04705,8.10087,1.25126,50,4.88964,-7.12986,-125.36928,0.99352,12.64594,28.32715,-19.44353,USA_PRI358,USA_CBU,USABBCary0,USA Baseball,USA,20250613-USABBCary0-2,0ac88470-4867-11f0-a394-69d32a1ead04,84.95251,NA,NA,8.67233,NA,NA,NA,NA,NA,NA,803347a4-030c-48a3-b0f8-f99b918e67d9,2025-06-13,14:59:44,2025-06-13T14:59:44Z,2025-06-13T14:59:44Z,NA,v3,NA,NA,NA,"Ellis, Kaine",10170887,Right,USA_CBU,066c7f87-872a-49c7-9459-4a9e27b57023,54.72793,-126.43304,14.16358,4.83862,1.72368,-9.72177,1.52792,-7.60475,6.32297,NA,NA,NA,NA,NA,NA,NA,NA,NA,NA,NA,NA,NA,NA,NA,NA,NA,NA,NA,NA,NA,NA,NA,NA,NA,NA,NA,NA,NA,NA,NA,NA,NA,NA,NA,NA,NA,NA,NA,NA,NA,NA,NA,NA,NA,NA,NA,NA,NA,NA,High,High,High,NA,NA,NA,NA,NA,NA,NA,NA,NA,NA,NA,NA,NA,NA,NA,NA,NA,NA,NA,NA,NA,NA,NA,NA,NA,NA,NA,NA,NA,NA,NA,NA,NA,NA,NA,NA,NA,NA,NA,NA,NA,NA,NA,NA,NA,NA,NA,NA,NA,NA,NA,NA,NA,NA,NA,NA,NA,NA
NA,NA,NA,NA,NA,NA,NA,NA,NA,NA,NA,NA,NA,NA,NA,NA,25,2025-06-13,11:00:02,1,2,"Nguyen, Aiden",10100607,Left,USA_CBU,"Condon, Trevor",1000396090,Left,USA_PRI358,Undefined,1,Bottom,0,0,1,Undefined,Sinker,BallCalled,Undefined,Undefined,Undefined,0,0,NA,86.51023,-0.054762,1.716661,2324.140606,137.185301,10:30:00,4.9094,-1.76319,5.63577,-23.35493,14.79064,-12.45099,2.91204,-1.19872,78.06975,-4.454311,-0.50659,0.444522,NA,NA,NA,NA,NA,NA,NA,NA,NA,NA,NA,6.92504,7.9139,1.62564,50,4.89017,-3.2415,-125.45991,-0.86573,10.88564,28.64253,-19.73405,USA_PRI358,USA_CBU,USABBCary0,USA Baseball,USA,20250613-USABBCary0-2,15a5bca0-4867-11f0-a394-69d32a1ead04,84.79317,NA,NA,8.44047,NA,NA,NA,NA,NA,NA,803347a4-030c-48a3-b0f8-f99b918e67d9,2025-06-13,15:00:02,2025-06-13T15:00:02Z,2025-06-13T15:00:02Z,NA,v3,NA,NA,NA,"Ellis, Kaine",10170887,Right,USA_CBU,ecfab94c-35cd-4a91-90ad-85f48b8d289c,54.86288,-126.56524,14.32126,4.90889,-0.10418,-9.86703,1.75884,-3.66158,5.44282,NA,NA,NA,NA,NA,NA,NA,NA,NA,NA,NA,NA,NA,NA,NA,NA,NA,NA,NA,NA,NA,NA,NA,NA,NA,NA,NA,NA,NA,NA,NA,NA,NA,NA,NA,NA,NA,NA,NA,NA,NA,NA,NA,NA,NA,NA,NA,NA,NA,NA,High,High,High,NA,NA,NA,NA,NA,NA,NA,NA,NA,NA,NA,NA,NA,NA,NA,NA,NA,NA,NA,NA,NA,NA,NA,NA,NA,NA,NA,NA,NA,NA,NA,NA,NA,NA,NA,NA,NA,NA,NA,NA,NA,NA,NA,NA,NA,NA,NA,NA,NA,NA,NA,NA,NA,NA,NA,NA,NA,NA
NA,NA,NA,NA,NA,NA,NA,NA,NA,NA,NA,NA,NA,NA,NA,NA,26,2025-06-13,11:00:15,1,3,"Nguyen, Aiden",10100607,Left,USA_CBU,"Condon, Trevor",1000396090,Left,USA_PRI358,Undefined,1,Bottom,0,1,1,Undefined,Curveball,InPlay,Undefined,Popup,Out,1,0,NA,71.57799,3.125236,1.376723,2598.293765,304.700649,04:15:00,4.50221,-2.03094,5.12811,-64.90444,-7.82776,14.19835,2.04068,0.44913,64.92713,-8.653684,3.887644,0.543752,64.88521,73.33109,-50.202401,NA,NA,NA,NA,83.81579,36.32465,-77.1103,4.847054,-6.648,-4.41256,1.88994,50,4.74528,-3.01665,-103.61996,3.55594,-7.1083,19.98883,-36.89216,USA_PRI358,USA_CBU,USABBCary0,USA Baseball,USA,20250613-USABBCary0-2,1e046040-4867-11f0-a394-69d32a1ead04,69.3192,99.53711,NA,6.65086,NA,NA,NA,1.06706,1.94078,-0.26604,803347a4-030c-48a3-b0f8-f99b918e67d9,2025-06-13,15:00:15,2025-06-13T15:00:15Z,2025-06-13T15:00:15Z,Popup,v3,NA,NA,NA,"Ellis, Kaine",10170887,Right,USA_CBU,2eb8f323-8dbd-4b2d-a74d-cd6f90769ea3,55.37302,-104.65131,9.99442,4.5127,5.45944,-18.44608,2.03613,-2.64989,-3.55415,165.616444,1.05378,17.71368,-11.1917,4.85241,-1.55682,0.31457,-0.02277,-0.00244,3.6e-4,1.9363,91.24151,-25.99831,3.0882,-0.58709,0.07031,-2.2e-4,-0.00146,1.5e-4,-0.2745,-20.79061,0.27093,1.44664,-1.18706,0.50164,-0.11599,0.01376,-6.5e-4,NA,NA,NA,NA,NA,NA,NA,NA,NA,NA,NA,NA,NA,NA,NA,NA,NA,NA,NA,NA,NA,NA,High,High,High,Medium,Low,NA,NA,NA,NA,NA,NA,NA,NA,NA,NA,NA,NA,NA,NA,NA,NA,NA,NA,NA,NA,NA,NA,NA,NA,NA,NA,NA,NA,NA,NA,NA,NA,NA,NA,NA,NA,NA,NA,NA,NA,NA,NA,NA,NA,NA,NA,NA,NA,NA,NA,NA,NA,NA,NA,NA,NA
NA,NA,NA,NA,NA,NA,NA,NA,NA,NA,NA,NA,NA,NA,NA,NA,27,2025-06-13,11:00:44,2,1,"Nguyen, Aiden",10100607,Left,USA_CBU,"Borthwick, Coleman",10116144,Right,USA_PRI358,Undefined,1,Bottom,1,0,0,Undefined,Changeup,BallCalled,Undefined,Undefined,Undefined,0,0,NA,74.29474,0.618949,3.819269,1412.387422,102.141361,09:30:00,4.17677,-2.01777,5.83433,-46.83892,4.58677,-12.92812,0.85014,0.46012,67.504,-8.037677,1.5058,0.516133,NA,NA,NA,NA,NA,NA,NA,NA,NA,NA,NA,7.78445,2.68347,1.71351,50,4.19998,-6.71975,-107.59955,-0.21818,9.02021,20.69289,-29.06458,USA_PRI358,USA_CBU,USABBCary0,USA Baseball,USA,20250613-USABBCary0-2,2eb01b50-4867-11f0-a394-69d32a1ead04,73.02855,NA,NA,6.79075,NA,NA,NA,NA,NA,NA,803347a4-030c-48a3-b0f8-f99b918e67d9,2025-06-13,15:00:44,2025-06-13T15:00:44Z,2025-06-13T15:00:44Z,NA,v3,NA,NA,NA,"Ellis, Kaine",10170887,Right,USA_CBU,c29334a5-b473-4f84-84b0-e8672d185e88,54.66366,-108.49273,10.34644,4.18233,1.03636,-14.53229,2.01197,-7.10909,4.51011,NA,NA,NA,NA,NA,NA,NA,NA,NA,NA,NA,NA,NA,NA,NA,NA,NA,NA,NA,NA,NA,NA,NA,NA,NA,NA,NA,NA,NA,NA,NA,NA,NA,NA,NA,NA,NA,NA,NA,NA,NA,NA,NA,NA,NA,NA,NA,NA,NA,NA,High,High,High,NA,NA,NA,NA,NA,NA,NA,NA,NA,NA,NA,NA,NA,NA,NA,NA,NA,NA,NA,NA,NA,NA,NA,NA,NA,NA,NA,NA,NA,NA,NA,NA,NA,NA,NA,NA,NA,NA,NA,NA,NA,NA,NA,NA,NA,NA,NA,NA,NA,NA,NA,NA,NA,NA,NA,NA,NA,NA
NA,NA,NA,NA,NA,NA,NA,NA,NA,NA,NA,NA,NA,NA,NA,NA,28,2025-06-13,11:01:04,2,2,"Nguyen, Aiden",10100607,Left,USA_CBU,"Borthwick, Coleman",10116144,Right,USA_PRI358,Undefined,1,Bottom,1,1,0,Undefined,Four-Seam,FoulBallNotFieldable,Undefined,Undefined,Undefined,0,0,NA,86.72486,-0.584129,2.663261,2361.079721,133.392915,10:30:00,4.93075,-1.56396,5.62901,-20.46619,17.3206,-16.96284,2.6796,-0.49073,78.66595,-4.452786,-0.363131,0.442427,72.16982,47.879289,84.629895,NA,NA,NA,NA,NA,63.00879,NA,NA,9.39985,9.3296500000000009,1.34827,50,4.86815,-5.12764,-125.75482,-1.91498,14.94997,27.12617,-17.33571,USA_PRI358,USA_CBU,USABBCary0,USA Baseball,USA,20250613-USABBCary0-2,3acd9bb0-4867-11f0-a394-69d32a1ead04,85.19475,69.79001,NA,8.05891,NA,NA,NA,NA,NA,NA,803347a4-030c-48a3-b0f8-f99b918e67d9,2025-06-13,15:01:04,2025-06-13T15:01:04Z,2025-06-13T15:01:04Z,NA,v3,NA,NA,NA,"Ellis, Kaine",10170887,Right,USA_CBU,0f0c2dd3-c3b6-456d-86b6-9b2bc799d907,54.86936,-126.80082,13.56308,4.9291,-1.2465,-8.66786,1.55711,-5.70412,7.47498,NA,2.38589,6.64409,-7.52624,2.70582,-0.74388,0.1865,-0.04876,0.01273,-0.00213,6.89377,78.51167,-20.85717,1.37094,-0.05934,-0.04156,0.01413,-8.9e-4,-3.4e-4,-0.51717,70.68072,-15.63835,4.24221,-0.95441,0.21045,-0.0605,0.02096,-0.00433,NA,NA,NA,NA,NA,NA,NA,NA,NA,NA,NA,NA,NA,NA,NA,NA,NA,NA,NA,NA,NA,NA,High,High,High,Low,Undefined,NA,NA,NA,NA,NA,NA,NA,NA,NA,NA,NA,NA,NA,NA,NA,NA,NA,NA,NA,NA,NA,NA,NA,NA,NA,NA,NA,NA,NA,NA,NA,NA,NA,NA,NA,NA,NA,NA,NA,NA,NA,NA,NA,NA,NA,NA,NA,NA,NA,NA,NA,NA,NA,NA,NA,NA
NA,NA,NA,NA,NA,NA,NA,NA,NA,NA,NA,NA,NA,NA,NA,NA,29,2025-06-13,11:01:21,2,3,"Nguyen, Aiden",10100607,Left,USA_CBU,"Borthwick, Coleman",10116144,Right,USA_PRI358,Undefined,1,Bottom,1,1,1,Undefined,Changeup,InPlay,Undefined,FlyBall,Out,1,0,NA,86.33124,-0.194598,2.992874,2353.799054,121.454608,10:00:00,4.88304,-1.60117,5.77789,-25.12462,13.03993,-19.08383,2.60801,-0.40416,77.87163,-4.92137,-0.420898,0.444633,95.5221,31.576213,5.075973,3885.53422,108.62574,63.54528,17.33251,342.75898,339.15988,15.077693,4.987935,10.67843,7.09717,1.36567,50,4.85204,-5.74201,-125.11496,-1.22329,16.69771,28.42619,-21.07627,USA_PRI358,USA_CBU,USABBCary0,USA Baseball,USA,20250613-USABBCary0-2,448e6760-4867-11f0-a394-69d32a1ead04,84.77208,85.11976,NA,8.45961,NA,NA,NA,1.08363,2.60264,0.40513,803347a4-030c-48a3-b0f8-f99b918e67d9,2025-06-13,15:01:21,2025-06-13T15:01:21Z,2025-06-13T15:01:21Z,FlyBall,v3,NA,NA,NA,"Ellis, Kaine",10170887,Right,USA_CBU,806d5c15-d042-4f06-9af7-c4e0fe65aaa1,54.72014,-126.18282,14.21309,4.88312,-0.43154,-10.53814,1.59316,-6.36928,8.34886,209.163717,1.08753,118.80607,-26.53129,6.6522,-1.16548,0.10844,7.3e-4,-8.8e-4,4e-5,2.60187,73.36925,-17.24254,-0.10854,0.53549,-0.23799,0.06128,-0.00827,4.4e-4,0.4039,10.58853,6.09937,-2.41159,0.60207,-0.09558,0.00853,-3.5e-4,0,NA,NA,NA,NA,NA,NA,NA,NA,NA,NA,NA,NA,NA,NA,NA,NA,NA,NA,NA,NA,NA,NA,High,High,High,High,Medium,NA,NA,NA,NA,NA,NA,NA,NA,NA,NA,NA,NA,NA,NA,NA,NA,NA,NA,NA,NA,NA,NA,NA,NA,NA,NA,NA,NA,NA,NA,NA,NA,NA,NA,NA,NA,NA,NA,NA,NA,NA,NA,NA,NA,NA,NA,NA,NA,NA,NA,NA,NA,NA,NA,NA,NA
NA,NA,NA,NA,NA,NA,NA,NA,NA,NA,NA,NA,NA,NA,NA,NA,30,2025-06-13,11:01:55,3,1,"Nguyen, Aiden",10100607,Left,USA_CBU,"Rojas, Gio",1000271810,Right,USA_PRI358,Undefined,1,Bottom,2,0,0,Undefined,Changeup,StrikeCalled,Undefined,Undefined,Undefined,0,0,NA,73.6105,1.829723,3.621757,1390.422058,88.135402,09:00:00,4.38236,-2.11339,5.7889099999999996,-51.11361,1.21398,-17.51131,1.82904,-0.19891,66.96038,-7.593309,0.490344,0.520639,NA,NA,NA,NA,NA,NA,NA,NA,NA,NA,NA,9.96174,0.63854,1.82518,50,4.50303,-6.11536,-106.63075,1.8773,11.37367,19.76396,-31.44501,USA_PRI358,USA_CBU,USABBCary0,USA Baseball,USA,20250613-USABBCary0-2,590497f0-4867-11f0-a394-69d32a1ead04,72.39648,NA,NA,6.65012,NA,NA,NA,NA,NA,NA,803347a4-030c-48a3-b0f8-f99b918e67d9,2025-06-13,15:01:55,2025-06-13T15:01:55Z,2025-06-13T15:01:55Z,NA,v3,NA,NA,NA,"Ellis, Kaine",10170887,Right,USA_CBU,5be71011-0b3c-419a-8527-b71535eb7b92,54.71008,-107.50022,9.88198,4.39002,3.26064,-15.72251,2.10521,-6.61572,5.68684,NA,NA,NA,NA,NA,NA,NA,NA,NA,NA,NA,NA,NA,NA,NA,NA,NA,NA,NA,NA,NA,NA,NA,NA,NA,NA,NA,NA,NA,NA,NA,NA,NA,NA,NA,NA,NA,NA,NA,NA,NA,NA,NA,NA,NA,NA,NA,NA,NA,NA,High,High,High,NA,NA,NA,NA,NA,NA,NA,NA,NA,NA,NA,NA,NA,NA,NA,NA,NA,NA,NA,NA,NA,NA,NA,NA,NA,NA,NA,NA,NA,NA,NA,NA,NA,NA,NA,NA,NA,NA,NA,NA,NA,NA,NA,NA,NA,NA,NA,NA,NA,NA,NA,NA,NA,NA,NA,NA,NA,NA
NA,NA,NA,NA,NA,NA,NA,NA,NA,NA,NA,NA,NA,NA,NA,NA,31,2025-06-13,11:02:08,3,2,"Nguyen, Aiden",10100607,Left,USA_CBU,"Rojas, Gio",1000271810,Right,USA_PRI358,Undefined,1,Bottom,2,0,1,Undefined,Changeup,InPlay,Undefined,GroundBall,Out,1,0,NA,73.35353,1.072982,1.956299,1379.054884,108.243604,09:30:00,4.27947,-1.88809,5.52883,-47.34318,5.83772,-12.12926,1.33796,-1.06936,66.69505,-7.644976,-0.20655,0.524867,48.36371,-70.412753,73.860058,NA,NA,NA,NA,3.14195,3.14195,30.089764,0.022204,6.77237,3.10732,1.72657,50,4.34121,-3.19606,-106.35782,0.56149,7.67146,20.12901,-28.6542,USA_PRI358,USA_CBU,USABBCary0,USA Baseball,USA,20250613-USABBCary0-2,60f3b0e0-4867-11f0-a394-69d32a1ead04,71.81333,1.49079,NA,6.65848,NA,NA,NA,2.57108,1.49079,1.06567,803347a4-030c-48a3-b0f8-f99b918e67d9,2025-06-13,15:02:08,2025-06-13T15:02:08Z,2025-06-13T15:02:08Z,GroundBall,v3,NA,NA,NA,"Ellis, Kaine",10170887,Right,USA_CBU,d6fb78fa-171e-4ce9-bede-f873c98a743a,54.97001,-107.29431,10.0645,4.28407,1.8946,-14.3271,1.88357,-3.55297,3.83573,NA,2.57096,6.64125,NA,NA,NA,NA,NA,NA,NA,1.49191,-67.14025,NA,NA,NA,NA,NA,NA,NA,1.06529,22.94909,NA,NA,NA,NA,NA,NA,NA,NA,NA,NA,NA,NA,NA,NA,NA,NA,NA,NA,NA,NA,NA,NA,NA,NA,NA,NA,NA,NA,NA,High,High,High,Estimated,Estimated,NA,NA,NA,NA,NA,NA,NA,NA,NA,NA,NA,NA,NA,NA,NA,NA,NA,NA,NA,NA,NA,NA,NA,NA,NA,NA,NA,NA,NA,NA,NA,NA,NA,NA,NA,NA,NA,NA,NA,NA,NA,NA,NA,NA,NA,NA,NA,NA,NA,NA,NA,NA,NA,NA,NA,NA
NA,NA,NA,NA,NA,NA,NA,NA,NA,NA,NA,NA,NA,NA,NA,NA,32,2025-06-13,11:03:52,1,1,"Flanary, Lyndan",10051521,Right,USA_PRI358,"Murtagh, Cannon",10172271,Right,USA_CBU,Undefined,2,Top,0,0,0,Undefined,Four-Seam,BallCalled,Undefined,Undefined,Undefined,0,0,NA,89.08838,-0.269269,-2.106967,2486.174334,207.816684,01:00:00,5.47604,2.11497,5.21705,-21.81749,14.96804,7.1713,3.40456,0.73059,79.88441,-4.366801,-0.837033,0.436526,NA,NA,NA,NA,NA,NA,NA,NA,NA,NA,NA,-4.23181,7.93079,-1.92584,50,5.43546,4.40146,-128.91399,-1.35779,-6.99584,31.20698,-19.06323,USA_PRI358,USA_CBU,USABBCary0,USA Baseball,USA,20250613-USABBCary0-2,9eccf930-4867-11f0-a394-69d32a1ead04,86.34641,NA,NA,9.20397,NA,NA,NA,NA,NA,NA,803347a4-030c-48a3-b0f8-f99b918e67d9,2025-06-13,15:03:52,2025-06-13T15:03:52Z,2025-06-13T15:03:52Z,NA,v3,NA,NA,NA,"Gravely IV, Warren",1000162866,Right,USA_PRI358,722fc6b7-b238-4d3a-8878-7801d2403fc2,55.2762,-130.18496,15.60349,5.47495,-0.58139,-9.53161,-2.1109,4.68638,-3.49792,NA,NA,NA,NA,NA,NA,NA,NA,NA,NA,NA,NA,NA,NA,NA,NA,NA,NA,NA,NA,NA,NA,NA,NA,NA,NA,NA,NA,NA,NA,NA,NA,NA,NA,NA,NA,NA,NA,NA,NA,NA,NA,NA,NA,NA,NA,NA,NA,NA,NA,High,High,High,NA,NA,NA,NA,NA,NA,NA,NA,NA,NA,NA,NA,NA,NA,NA,NA,NA,NA,NA,NA,NA,NA,NA,NA,NA,NA,NA,NA,NA,NA,NA,NA,NA,NA,NA,NA,NA,NA,NA,NA,NA,NA,NA,NA,NA,NA,NA,NA,NA,NA,NA,NA,NA,NA,NA,NA,NA,NA
NA,NA,NA,NA,NA,NA,NA,NA,NA,NA,NA,NA,NA,NA,NA,NA,33,2025-06-13,11:04:03,1,2,"Flanary, Lyndan",10051521,Right,USA_PRI358,"Murtagh, Cannon",10172271,Right,USA_CBU,Undefined,2,Top,0,1,0,Undefined,Four-Seam,InPlay,Undefined,GroundBall,Out,1,0,NA,89.20928,-0.625825,-2.204094,2470.444394,208.346568,01:00:00,5.34433,1.93094,5.68666,-25.07997,10.61859,5.06847,2.67057,0.29794,80.89121,-5.307147,-1.298501,0.430028,63.99157,-11.069915,-4.879529,NA,NA,NA,NA,15.64861,15.50505,-5.313458,0.147321,-3.26685,5.93878,-1.74874,50,5.27609,4.76211,-129.37609,-2.26882,-5.48364,29.42081,-22.20538,USA_PRI358,USA_CBU,USABBCary0,USA Baseball,USA,20250613-USABBCary0-2,a59ebb40-4867-11f0-a394-69d32a1ead04,87.65111,2.80609,NA,8.31808,NA,NA,NA,2.28906,2.80609,-0.3171,803347a4-030c-48a3-b0f8-f99b918e67d9,2025-06-13,15:04:03,2025-06-13T15:04:03Z,2025-06-13T15:04:03Z,GroundBall,v3,NA,NA,NA,"Gravely IV, Warren",1000162866,Right,USA_PRI358,5d82c4c1-fafb-49dc-8b52-45bf4bf9558e,54.81169,-130.46571,14.7104,5.34489,-1.44644,-11.10269,-1.92887,4.96519,-2.74182,181.058236,2.28933,91.74951,-10.35945,NA,NA,NA,NA,NA,NA,2.80602,-18.01443,-7.0063,NA,NA,NA,NA,NA,NA,-0.31713,-7.83234,1.00874,NA,NA,NA,NA,NA,NA,NA,NA,NA,NA,NA,NA,NA,NA,NA,NA,NA,NA,NA,NA,NA,NA,NA,NA,NA,NA,NA,NA,High,High,High,High,High,NA,NA,NA,NA,NA,NA,NA,NA,NA,NA,NA,NA,NA,NA,NA,NA,NA,NA,NA,NA,NA,NA,NA,NA,NA,NA,NA,NA,NA,NA,NA,NA,NA,NA,NA,NA,NA,NA,NA,NA,NA,NA,NA,NA,NA,NA,NA,NA,NA,NA,NA,NA,NA,NA,NA,NA
NA,NA,NA,NA,NA,NA,NA,NA,NA,NA,NA,NA,NA,NA,NA,NA,34,2025-06-13,11:04:29,2,1,"Flanary, Lyndan",10051521,Right,USA_PRI358,"Perez, Isaiah",10143372,Right,USA_CBU,Undefined,2,Top,1,0,0,Undefined,Slider,BallCalled,Undefined,Undefined,Undefined,0,0,NA,81.61044,1.636769,-0.444337,2609.598595,36.739013,07:15:00,5.25327,2.08492,4.65613,-48.38251,-3.85008,-4.05,2.77689,1.32527,73.80798,-7.097308,-1.155371,0.480297,NA,NA,NA,NA,NA,NA,NA,NA,NA,NA,NA,1.8213,-1.86815,-2.0356900000000002,50,5.3767,1.10152,-118.13649,1.46062,2.53983,25.28655,-34.77917,USA_PRI358,USA_CBU,USABBCary0,USA Baseball,USA,20250613-USABBCary0-2,b5076f00-4867-11f0-a394-69d32a1ead04,78.47741,NA,NA,7.80246,NA,NA,NA,NA,NA,NA,803347a4-030c-48a3-b0f8-f99b918e67d9,2025-06-13,15:04:29,2025-06-13T15:04:29Z,2025-06-13T15:04:29Z,NA,v3,NA,NA,NA,"Gravely IV, Warren",1000162866,Right,USA_PRI358,76dd15bf-e939-4542-998a-6e68f746e97e,55.8406,-119.3801,12.64327,5.2628,3.17107,-17.38958,-2.08678,0.9766,1.26991,NA,NA,NA,NA,NA,NA,NA,NA,NA,NA,NA,NA,NA,NA,NA,NA,NA,NA,NA,NA,NA,NA,NA,NA,NA,NA,NA,NA,NA,NA,NA,NA,NA,NA,NA,NA,NA,NA,NA,NA,NA,NA,NA,NA,NA,NA,NA,NA,NA,NA,High,High,High,NA,NA,NA,NA,NA,NA,NA,NA,NA,NA,NA,NA,NA,NA,NA,NA,NA,NA,NA,NA,NA,NA,NA,NA,NA,NA,NA,NA,NA,NA,NA,NA,NA,NA,NA,NA,NA,NA,NA,NA,NA,NA,NA,NA,NA,NA,NA,NA,NA,NA,NA,NA,NA,NA,NA,NA,NA,NA
NA,NA,NA,NA,NA,NA,NA,NA,NA,NA,NA,NA,NA,NA,NA,NA,35,2025-06-13,11:04:40,2,2,"Flanary, Lyndan",10051521,Right,USA_PRI358,"Perez, Isaiah",10143372,Right,USA_CBU,Undefined,2,Top,1,1,0,Undefined,Four-Seam,BallCalled,Undefined,Undefined,Undefined,0,0,NA,89.78622,0.175326,-1.204557,2492.068756,219.177056,01:15:00,5.39811,1.97436,5.42291,-23.18466,12.52032,9.17142,3.63031,1.61021,80.95726,-4.164785,0.426969,0.430067,55.5774,-1.27466,-172.303,2583.5982,NA,NA,NA,43.14921,24.6432,-168.225924,0.491925,-4.93335,6.60241,-1.8738,50,5.3979799999999996,2.30596,-130.11806,-0.41066,-8.35381,30.43511,-20.99401,USA_PRI358,USA_CBU,USABBCary0,USA Baseball,USA,20250613-USABBCary0-2,bb3e50a0-4867-11f0-a394-69d32a1ead04,87.64326,3.12375,NA,8.82896,NA,NA,NA,NA,NA,NA,803347a4-030c-48a3-b0f8-f99b918e67d9,2025-06-13,15:04:40,2025-06-13T15:04:40Z,2025-06-13T15:04:40Z,GroundBall,v3,NA,NA,NA,"Gravely IV, Warren",1000162866,Right,USA_PRI358,0130ac69-3b3a-4db3-8d04-8d87efabed66,55.07141,-131.29892,15.21755,5.39811,0.4039,-10.497,-1.96956,2.63009,-4.17691,231.803016,-3.1913,-80.75865,2.79816,NA,NA,NA,NA,NA,NA,3.12386,-1.81553,-9.22007,NA,NA,NA,NA,NA,NA,-1.47345,-10.95462,-8.03256,NA,NA,NA,NA,NA,NA,NA,NA,NA,NA,NA,NA,NA,NA,NA,NA,NA,NA,NA,NA,NA,NA,NA,NA,NA,NA,NA,NA,High,High,High,Medium,Low,NA,NA,NA,NA,NA,NA,NA,NA,NA,NA,NA,NA,NA,NA,NA,NA,NA,NA,NA,NA,NA,NA,NA,NA,NA,NA,NA,NA,NA,NA,NA,NA,NA,NA,NA,NA,NA,NA,NA,NA,NA,NA,NA,NA,NA,NA,NA,NA,NA,NA,NA,NA,NA,NA,NA,NA
NA,NA,NA,NA,NA,NA,NA,NA,NA,NA,NA,NA,NA,NA,NA,NA,36,2025-06-13,11:04:56,2,3,"Flanary, Lyndan",10051521,Right,USA_PRI358,"Perez, Isaiah",10143372,Right,USA_CBU,Undefined,2,Top,1,2,0,Undefined,Sinker,BallCalled,Undefined,Undefined,Undefined,0,0,NA,89.83904,0.707865,-1.908349,2466.485914,236.492784,02:00:00,5.42554,1.87248,5.42142,-26.32458,9.13422,12.00627,3.89528,1.0848,81.48517,-4.176493,0.226561,0.428582,NA,NA,NA,NA,NA,NA,NA,NA,NA,NA,NA,-6.55918,4.74091,-1.71149,50,5.47039,3.78654,-130.26636,0.65021,-11.20271,28.90698,-24.07686,USA_PRI358,USA_CBU,USABBCary0,USA Baseball,USA,20250613-USABBCary0-2,c4af9cc0-4867-11f0-a394-69d32a1ead04,87.94696,NA,NA,8.35386,NA,NA,NA,NA,NA,NA,803347a4-030c-48a3-b0f8-f99b918e67d9,2025-06-13,15:04:56,2025-06-13T15:04:56Z,2025-06-13T15:04:56Z,NA,v3,NA,NA,NA,"Gravely IV, Warren",1000162866,Right,USA_PRI358,d0cb2685-3009-4564-9f9d-e1a910252853,55.07537,-131.38779,14.45349,5.42705,1.58427,-12.03843,-1.86682,4.22115,-5.60136,NA,NA,NA,NA,NA,NA,NA,NA,NA,NA,NA,NA,NA,NA,NA,NA,NA,NA,NA,NA,NA,NA,NA,NA,NA,NA,NA,NA,NA,NA,NA,NA,NA,NA,NA,NA,NA,NA,NA,NA,NA,NA,NA,NA,NA,NA,NA,NA,NA,NA,High,High,High,NA,NA,NA,NA,NA,NA,NA,NA,NA,NA,NA,NA,NA,NA,NA,NA,NA,NA,NA,NA,NA,NA,NA,NA,NA,NA,NA,NA,NA,NA,NA,NA,NA,NA,NA,NA,NA,NA,NA,NA,NA,NA,NA,NA,NA,NA,NA,NA,NA,NA,NA,NA,NA,NA,NA,NA,NA,NA
NA,NA,NA,NA,NA,NA,NA,NA,NA,NA,NA,NA,NA,NA,NA,NA,37,2025-06-13,11:05:09,2,4,"Flanary, Lyndan",10051521,Right,USA_PRI358,"Perez, Isaiah",10143372,Right,USA_CBU,Undefined,2,Top,1,3,0,Undefined,Sinker,BallCalled,Walk,Undefined,Undefined,0,0,NA,89.52562,0.628982,-1.876494,2436.871947,237.894829,02:00:00,5.45833,2.02151,5.29108,-26.24635,9.63607,13.44335,3.86207,1.37919,81.20049,-4.232132,0.508321,0.431134,NA,NA,NA,NA,NA,NA,NA,NA,NA,NA,NA,-7.21863,4.9991,-1.86058,50,5.49681,3.62152,-129.78539,0.45562,-12.24101,28.63469,-23.69682,USA_PRI358,USA_CBU,USABBCary0,USA Baseball,USA,20250613-USABBCary0-2,cce338c0-4867-11f0-a394-69d32a1ead04,87.42628,NA,NA,8.32513,NA,NA,NA,NA,NA,NA,803347a4-030c-48a3-b0f8-f99b918e67d9,2025-06-13,15:05:09,2025-06-13T15:05:09Z,2025-06-13T15:05:09Z,NA,v3,NA,NA,NA,"Gravely IV, Warren",1000162866,Right,USA_PRI358,858d97d8-38c4-4cf4-9d7e-dd06e26b36a9,55.20537,-130.92882,14.31735,5.45973,1.40187,-11.84841,-2.01496,4.11032,-6.12051,NA,NA,NA,NA,NA,NA,NA,NA,NA,NA,NA,NA,NA,NA,NA,NA,NA,NA,NA,NA,NA,NA,NA,NA,NA,NA,NA,NA,NA,NA,NA,NA,NA,NA,NA,NA,NA,NA,NA,NA,NA,NA,NA,NA,NA,NA,NA,NA,NA,NA,High,High,High,NA,NA,NA,NA,NA,NA,NA,NA,NA,NA,NA,NA,NA,NA,NA,NA,NA,NA,NA,NA,NA,NA,NA,NA,NA,NA,NA,NA,NA,NA,NA,NA,NA,NA,NA,NA,NA,NA,NA,NA,NA,NA,NA,NA,NA,NA,NA,NA,NA,NA,NA,NA,NA,NA,NA,NA,NA,NA
NA,NA,NA,NA,NA,NA,NA,NA,NA,NA,NA,NA,NA,NA,NA,NA,38,2025-06-13,11:05:37,3,1,"Flanary, Lyndan",10051521,Right,USA_PRI358,"Fernandez, Isaiah",10144922,Right,USA_CBU,Undefined,2,Top,1,0,0,Undefined,Sinker,BallCalled,Undefined,Undefined,Undefined,0,0,NA,88.63585,0.856802,-1.850706,2409.984492,235.489832,01:45:00,5.51651,1.89955,5.35294,-29.12663,7.28721,8.88095,3.89336,0.90327,80.66707,-4.516256,-0.273489,0.434315,NA,NA,NA,NA,NA,NA,NA,NA,NA,NA,NA,-4.94839,3.78044,-1.73944,50,5.57312,3.7461,-128.54416,0.84195,-8.2573,27.31492,-25.86572,USA_PRI358,USA_CBU,USABBCary0,USA Baseball,USA,20250613-USABBCary0-2,dda8bd60-4867-11f0-a394-69d32a1ead04,86.786,NA,NA,7.96877,NA,NA,NA,NA,NA,NA,803347a4-030c-48a3-b0f8-f99b918e67d9,2025-06-13,15:05:37,2025-06-13T15:05:37Z,2025-06-13T15:05:37Z,NA,v3,NA,NA,NA,"Gravely IV, Warren",1000162866,Right,USA_PRI358,e5044866-7bef-42a0-9534-1e3e79e77509,55.14389,-129.6326,13.65746,5.51904,1.87264,-12.93286,-1.89527,4.07513,-4.12865,NA,NA,NA,NA,NA,NA,NA,NA,NA,NA,NA,NA,NA,NA,NA,NA,NA,NA,NA,NA,NA,NA,NA,NA,NA,NA,NA,NA,NA,NA,NA,NA,NA,NA,NA,NA,NA,NA,NA,NA,NA,NA,NA,NA,NA,NA,NA,NA,NA,NA,High,High,High,NA,NA,NA,NA,NA,NA,NA,NA,NA,NA,NA,NA,NA,NA,NA,NA,NA,NA,NA,NA,NA,NA,NA,NA,NA,NA,NA,NA,NA,NA,NA,NA,NA,NA,NA,NA,NA,NA,NA,NA,NA,NA,NA,NA,NA,NA,NA,NA,NA,NA,NA,NA,NA,NA,NA,NA,NA,NA
NA,NA,NA,NA,NA,NA,NA,NA,NA,NA,NA,NA,NA,NA,NA,NA,39,2025-06-13,11:06:12,3,2,"Flanary, Lyndan",10051521,Right,USA_PRI358,"Fernandez, Isaiah",10144922,Right,USA_CBU,Undefined,2,Top,1,1,0,Undefined,Four-Seam,FoulBallNotFieldable,Undefined,Undefined,Undefined,0,0,NA,88.63395,-1.454349,-3.355777,2360.851282,227.764145,01:30:00,5.55019,1.99338,5.22932,-24.39852,12.33615,12.22583,2.14718,-0.146,80.65218,-5.968295,-1.19215,0.436224,64.18077,66.85088,111.640756,4953.180987,NA,NA,NA,NA,19.43084,NA,NA,-7.09465,6.94756,-1.69352,50,5.39811,6.97085,-128.34117,-4.1434,-11.77972,27.68676,-20.63855,USA_PRI358,USA_CBU,USABBCary0,USA Baseball,USA,20250613-USABBCary0-2,f20ee860-4867-11f0-a394-69d32a1ead04,86.40618,42.79917,NA,7.98177,NA,NA,NA,0.71353,2.30238,0.21244,803347a4-030c-48a3-b0f8-f99b918e67d9,2025-06-13,15:06:12,2025-06-13T15:06:12Z,2025-06-13T15:06:12Z,NA,v3,NA,NA,NA,"Gravely IV, Warren",1000162866,Right,USA_PRI358,74392f7e-3dc7-43ee-8044-db5b4aba841a,55.26891,-129.47283,13.84338,5.55023,-3.29983,-10.31928,-1.98829,7.45234,-5.88986,335.414662,0.71353,-13.64712,-6.13586,2.69337,-0.76658,0.19125,-0.05165,0.01523,-0.00253,2.30238,86.55261,-26.33057,2.96042,-0.49183,0.0618,-0.01052,3.8e-4,0.00338,0.21244,34.39719,-7.02509,2.23584,-0.53493,0.11991,-0.03059,0.00732,5.2e-4,NA,NA,NA,NA,NA,NA,NA,NA,NA,NA,NA,NA,NA,NA,NA,NA,NA,NA,NA,NA,NA,NA,High,High,High,High,Undefined,NA,NA,NA,NA,NA,NA,NA,NA,NA,NA,NA,NA,NA,NA,NA,NA,NA,NA,NA,NA,NA,NA,NA,NA,NA,NA,NA,NA,NA,NA,NA,NA,NA,NA,NA,NA,NA,NA,NA,NA,NA,NA,NA,NA,NA,NA,NA,NA,NA,NA,NA,NA,NA,NA,NA,NA
NA,NA,NA,NA,NA,NA,NA,NA,NA,NA,NA,NA,NA,NA,NA,NA,40,2025-06-13,11:06:42,3,3,"Flanary, Lyndan",10051521,Right,USA_PRI358,"Fernandez, Isaiah",10144922,Right,USA_CBU,Undefined,2,Top,1,1,1,Undefined,Four-Seam,FoulBallNotFieldable,Undefined,Undefined,Undefined,0,0,NA,88.54953,-0.892629,-2.055411,2467.733709,208.121261,01:00:00,5.48907,1.82,5.27501,-20.6595,16.43111,8.04745,2.92844,0.55924,79.58399,-4.784172,-0.628531,0.438332,69.87964,46.070223,168.651344,3555.074088,NA,NA,NA,NA,52.45307,NA,NA,-4.70528,8.90201,-1.63845,50,5.39303,4.23493,-128.20405,-2.6894,-7.69889,30.68307,-17.60838,USA_PRI358,USA_CBU,USABBCary0,USA Baseball,USA,20250613-USABBCary0-2,0439f070-4868-11f0-a394-69d32a1ead04,85.99055,44.90241,NA,8.96554,NA,NA,NA,1.04519,3.07299,-0.52778,803347a4-030c-48a3-b0f8-f99b918e67d9,2025-06-13,15:06:42,2025-06-13T15:06:42Z,2025-06-13T15:06:42Z,NA,v3,NA,NA,NA,"Gravely IV, Warren",1000162866,Right,USA_PRI358,e3b6fd35-6abd-4186-84a3-b8dec38901a2,55.22117,-129.4476,15.34154,5.48756,-1.97575,-8.80419,-1.81642,4.54696,-3.84945,328.667461,1.04519,-69.7145,3.50932,0.51634,-0.53668,0.58625,-0.18093,-0.26252,0.17859,3.07299,73.81267,-29.13736,3.77851,-1.03597,0.36537,0.35973,-0.72904,0.32996,-0.52778,13.99243,-6.38822,2.00157,-0.82112,0.56534,0.1318,-0.64835,0.33047,NA,NA,NA,NA,NA,NA,NA,NA,NA,NA,NA,NA,NA,NA,NA,NA,NA,NA,NA,NA,NA,NA,High,High,High,High,Undefined,NA,NA,NA,NA,NA,NA,NA,NA,NA,NA,NA,NA,NA,NA,NA,NA,NA,NA,NA,NA,NA,NA,NA,NA,NA,NA,NA,NA,NA,NA,NA,NA,NA,NA,NA,NA,NA,NA,NA,NA,NA,NA,NA,NA,NA,NA,NA,NA,NA,NA,NA,NA,NA,NA,NA,NA
NA,NA,NA,NA,NA,NA,NA,NA,NA,NA,NA,NA,NA,NA,NA,NA,41,2025-06-13,11:07:05,3,4,"Flanary, Lyndan",10051521,Right,USA_PRI358,"Fernandez, Isaiah",10144922,Right,USA_CBU,Undefined,2,Top,1,1,2,Undefined,Slider,InPlay,Undefined,GroundBall,Out,1,0,NA,80.92985,1.640428,-1.01792,2535.098303,34.322327,07:15:00,5.40617,2.00494,4.79777,-46.69841,-1.34102,-2.07508,3.06974,0.86736,72.69556,-6.84333,-1.38298,0.484725,55.5351,-39.391539,-36.918568,NA,NA,NA,NA,4.28557,3.55238,-44.571499,0.056607,0.67516,-0.74047,-1.90158,50,5.52931,2.17161,-117.07641,1.58561,0.9178,26.3451,-33.18062,USA_PRI358,USA_CBU,USABBCary0,USA Baseball,USA,20250613-USABBCary0-2,121a2f70-4868-11f0-a394-69d32a1ead04,77.76045,2.9462,NA,8.23428,NA,NA,NA,0.18449,2.9462,-0.85247,803347a4-030c-48a3-b0f8-f99b918e67d9,2025-06-13,15:07:05,2025-06-13T15:07:05Z,2025-06-13T15:07:05Z,GroundBall,v3,NA,NA,NA,"Gravely IV, Warren",1000162866,Right,USA_PRI358,d660a7db-f104-4e0e-81b7-a491d7bec776,55.69896,-118.35187,13.17255,5.41366,3.192,-16.59031,-2.00564,2.12718,0.4589,180,0.18133,50.67293,NA,NA,NA,NA,NA,NA,NA,2.94944,-52.04653,NA,NA,NA,NA,NA,NA,NA,-0.8501,-38.072,NA,NA,NA,NA,NA,NA,NA,NA,NA,NA,NA,NA,NA,NA,NA,NA,NA,NA,NA,NA,NA,NA,NA,NA,NA,NA,NA,NA,NA,High,High,High,Low,Low,NA,NA,NA,NA,NA,NA,NA,NA,NA,NA,NA,NA,NA,NA,NA,NA,NA,NA,NA,NA,NA,NA,NA,NA,NA,NA,NA,NA,NA,NA,NA,NA,NA,NA,NA,NA,NA,NA,NA,NA,NA,NA,NA,NA,NA,NA,NA,NA,NA,NA,NA,NA,NA,NA,NA,NA
NA,NA,NA,NA,NA,NA,NA,NA,NA,NA,NA,NA,NA,NA,NA,NA,42,2025-06-13,11:07:42,4,1,"Flanary, Lyndan",10051521,Right,USA_PRI358,"Carrion, Kobe",10249456,Right,USA_CBU,Undefined,2,Top,2,0,0,Undefined,Four-Seam,StrikeSwinging,Undefined,Undefined,Undefined,0,0,NA,88.76459,-1.381436,-3.40343,2293.502179,207.603994,01:00:00,5.5697,1.69836,5.39744,-22.42974,14.32229,6.78744,2.40346,-0.92918,80.01174,-5.580363,-2.19935,0.436327,NA,NA,NA,NA,NA,NA,NA,NA,NA,NA,NA,-4.4502,8.0089,-1.39926,50,5.431,7.31927,-128.36992,-3.86129,-7.32493,29.94231,-18.99154,USA_PRI358,USA_CBU,USABBCary0,USA Baseball,USA,20250613-USABBCary0-2,2813cbb0-4868-11f0-a394-69d32a1ead04,86.38578,NA,NA,8.75284,NA,NA,NA,NA,NA,NA,803347a4-030c-48a3-b0f8-f99b918e67d9,2025-06-13,15:07:42,2025-06-13T15:07:42Z,2025-06-13T15:07:42Z,NA,v3,NA,NA,NA,"Gravely IV, Warren",1000162866,Right,USA_PRI358,e9d885f2-2d3a-48dc-8e1a-b74406ecc05a,55.09639,-129.5532,14.97116,5.56876,-3.11077,-9.49577,-1.69423,7.60874,-3.66247,NA,NA,NA,NA,NA,NA,NA,NA,NA,NA,NA,NA,NA,NA,NA,NA,NA,NA,NA,NA,NA,NA,NA,NA,NA,NA,NA,NA,NA,NA,NA,NA,NA,NA,NA,NA,NA,NA,NA,NA,NA,NA,NA,NA,NA,NA,NA,NA,NA,NA,High,High,High,NA,NA,NA,NA,NA,NA,NA,NA,NA,NA,NA,NA,NA,NA,NA,NA,NA,NA,NA,NA,NA,NA,NA,NA,NA,NA,NA,NA,NA,NA,NA,NA,NA,NA,NA,NA,NA,NA,NA,NA,NA,NA,NA,NA,NA,NA,NA,NA,NA,NA,NA,NA,NA,NA,NA,NA,NA,NA
NA,NA,NA,NA,NA,NA,NA,NA,NA,NA,NA,NA,NA,NA,NA,NA,43,2025-06-13,11:07:58,4,2,"Flanary, Lyndan",10051521,Right,USA_PRI358,"Carrion, Kobe",10249456,Right,USA_CBU,Undefined,2,Top,2,0,1,Undefined,Slider,FoulBallNotFieldable,Undefined,Undefined,Undefined,0,0,NA,90.63142,-0.984943,-3.561067,2381.782377,214.968701,01:15:00,5.50112,2.01218,5.04467,-27.61828,7.93922,4.68973,2.26864,-0.96039,82.14764,-6.049421,-2.734588,0.429177,83.20694,-0.223153,167.530502,NA,NA,NA,NA,88.77711,52.95447,174.550606,0.896887,-3.3398,4.64394,-1.67591,50,5.38567,7.91809,-131.03525,-3.35124,-5.76321,29.63074,-24.16047,USA_PRI358,USA_CBU,USABBCary0,USA Baseball,USA,20250613-USABBCary0-2,3169c7a0-4868-11f0-a394-69d32a1ead04,87.82484,3.03108,NA,8.48378,NA,NA,NA,1.76906,3.03108,0.15017,803347a4-030c-48a3-b0f8-f99b918e67d9,2025-06-13,15:07:58,2025-06-13T15:07:58Z,2025-06-13T15:07:58Z,GroundBall,v3,NA,NA,NA,"Gravely IV, Warren",1000162866,Right,USA_PRI358,a1846255-b358-4016-bf27-e4434d0b0337,55.44752,-132.26135,14.81537,5.50366,-2.3515,-12.08023,-2.00848,8.15657,-2.8816,NA,1.76906,-119.15703,23.6031,-3.41171,0.27744,0.065310000000000007,-0.04274,0.01295,-0.00196,3.03108,-0.4753,-1.41105,-2.67797,0.89001,-0.24224,0.06242,-0.01333,0.00169,0.15017,26.34993,-24.43494,7.48292,-2.08966,0.54322,-0.13482,0.02859,-0.00363,NA,NA,NA,NA,NA,NA,NA,NA,NA,NA,NA,NA,NA,NA,NA,NA,NA,NA,NA,NA,NA,NA,High,High,High,Low,Low,NA,NA,NA,NA,NA,NA,NA,NA,NA,NA,NA,NA,NA,NA,NA,NA,NA,NA,NA,NA,NA,NA,NA,NA,NA,NA,NA,NA,NA,NA,NA,NA,NA,NA,NA,NA,NA,NA,NA,NA,NA,NA,NA,NA,NA,NA,NA,NA,NA,NA,NA,NA,NA,NA,NA,NA
NA,NA,NA,NA,NA,NA,NA,NA,NA,NA,NA,NA,NA,NA,NA,NA,44,2025-06-13,11:08:48,4,3,"Flanary, Lyndan",10051521,Right,USA_PRI358,"Carrion, Kobe",10249456,Right,USA_CBU,Undefined,2,Top,2,0,2,Undefined,Slider,BallCalled,Undefined,Undefined,Undefined,0,0,NA,81.12364,3.865566,-1.400925,2533.599155,38.514732,07:15:00,5.34699,1.96917,4.74213,-46.8979,-1.16618,-2.37032,5.1122,0.44253,71.97854,-4.679167,-1.816529,0.486721,NA,NA,NA,NA,NA,NA,NA,NA,NA,NA,NA,0.64161,-1.3032300000000001,-1.82602,50,5.69602,2.97062,-116.95978,6.09189,0.86557,27.41985,-33.93222,USA_PRI358,USA_CBU,USABBCary0,USA Baseball,USA,20250613-USABBCary0-2,4f012880-4868-11f0-a394-69d32a1ead04,77.44157,NA,NA,9.1451,NA,NA,NA,NA,NA,NA,803347a4-030c-48a3-b0f8-f99b918e67d9,2025-06-13,15:08:48,2025-06-13T15:08:48Z,2025-06-13T15:08:48Z,NA,v3,NA,NA,NA,"Gravely IV, Warren",1000162866,Right,USA_PRI358,17127091-3f0d-4a57-9214-c9f83db41be7,55.74987,-118.30009,13.70992,5.35771,7.75053,-16.96611,-1.97019,2.92831,0.43279,NA,NA,NA,NA,NA,NA,NA,NA,NA,NA,NA,NA,NA,NA,NA,NA,NA,NA,NA,NA,NA,NA,NA,NA,NA,NA,NA,NA,NA,NA,NA,NA,NA,NA,NA,NA,NA,NA,NA,NA,NA,NA,NA,NA,NA,NA,NA,NA,NA,NA,High,High,High,NA,NA,NA,NA,NA,NA,NA,NA,NA,NA,NA,NA,NA,NA,NA,NA,NA,NA,NA,NA,NA,NA,NA,NA,NA,NA,NA,NA,NA,NA,NA,NA,NA,NA,NA,NA,NA,NA,NA,NA,NA,NA,NA,NA,NA,NA,NA,NA,NA,NA,NA,NA,NA,NA,NA,NA,NA,NA
NA,NA,NA,NA,NA,NA,NA,NA,NA,NA,NA,NA,NA,NA,NA,NA,45,2025-06-13,11:09:04,4,4,"Flanary, Lyndan",10051521,Right,USA_PRI358,"Carrion, Kobe",10249456,Right,USA_CBU,Undefined,2,Top,2,1,2,Undefined,Slider,BallCalled,Undefined,Undefined,Undefined,0,0,NA,79.99467,3.627585,0.065751,2601.408905,41.502964,07:30:00,5.27318,2.18388,4.74009,-48.56849,-2.26248,-3.44504,4.6715,1.95916,72.04769,-5.176932,-0.538869,0.489768,NA,NA,NA,NA,NA,NA,NA,NA,NA,NA,NA,1.68528,-1.66847,-2.18732,50,5.59623,0.02256,-115.62631,5.47011,2.25431,23.95914,-34.40585,USA_PRI358,USA_CBU,USABBCary0,USA Baseball,USA,20250613-USABBCary0-2,58a4cf40-4868-11f0-a394-69d32a1ead04,76.95984,NA,NA,7.94698,NA,NA,NA,NA,NA,NA,803347a4-030c-48a3-b0f8-f99b918e67d9,2025-06-13,15:09:04,2025-06-13T15:09:04Z,2025-06-13T15:09:04Z,NA,v3,NA,NA,NA,"Gravely IV, Warren",1000162866,Right,USA_PRI358,25bfe490-6462-4946-9b79-e1fb6606c37a,55.75567,-116.81286,11.97957,5.28313,7.17403,-17.20293,-2.18568,-0.08908,1.12716,NA,NA,NA,NA,NA,NA,NA,NA,NA,NA,NA,NA,NA,NA,NA,NA,NA,NA,NA,NA,NA,NA,NA,NA,NA,NA,NA,NA,NA,NA,NA,NA,NA,NA,NA,NA,NA,NA,NA,NA,NA,NA,NA,NA,NA,NA,NA,NA,NA,NA,High,High,High,NA,NA,NA,NA,NA,NA,NA,NA,NA,NA,NA,NA,NA,NA,NA,NA,NA,NA,NA,NA,NA,NA,NA,NA,NA,NA,NA,NA,NA,NA,NA,NA,NA,NA,NA,NA,NA,NA,NA,NA,NA,NA,NA,NA,NA,NA,NA,NA,NA,NA,NA,NA,NA,NA,NA,NA,NA,NA
NA,NA,NA,NA,NA,NA,NA,NA,NA,NA,NA,NA,NA,NA,NA,NA,46,2025-06-13,11:09:29,4,5,"Flanary, Lyndan",10051521,Right,USA_PRI358,"Carrion, Kobe",10249456,Right,USA_CBU,Undefined,2,Top,2,2,2,Undefined,Slider,FoulBallNotFieldable,Undefined,Undefined,Undefined,0,0,NA,80.53374,-0.439311,-2.089307,2386.630636,20.987144,06:45:00,5.39143,2.0626,5.06118,-47.20184,-1.58543,-1.29075,1.0434,-0.01602,72.36236,-9.024653,-2.317716,0.486107,NA,NA,NA,NA,NA,NA,NA,NA,NA,NA,NA,-0.10374,-0.1539,-1.86285,50,5.31241,4.304,-116.47919,-2.60902,-0.1387,27.34726,-32.37979,USA_PRI358,USA_CBU,USABBCary0,USA Baseball,USA,20250613-USABBCary0-2,67cca970-4868-11f0-a394-69d32a1ead04,77.53938,NA,NA,8.17138,NA,NA,NA,NA,NA,NA,803347a4-030c-48a3-b0f8-f99b918e67d9,2025-06-13,15:09:29,2025-06-13T15:09:29Z,2025-06-13T15:09:29Z,NA,v3,NA,NA,NA,"Gravely IV, Warren",1000162866,Right,USA_PRI358,4a2303c2-8465-420a-8eed-5624b9a11771,55.43541,-117.74841,13.67363,5.39863,-1.10623,-16.1899,-2.06276,4.31043,-0.06935,NA,NA,NA,NA,NA,NA,NA,NA,NA,NA,NA,NA,NA,NA,NA,NA,NA,NA,NA,NA,NA,NA,NA,NA,NA,NA,NA,NA,NA,NA,NA,NA,NA,NA,NA,NA,NA,NA,NA,NA,NA,NA,NA,NA,NA,NA,NA,NA,NA,NA,High,High,High,NA,NA,NA,NA,NA,NA,NA,NA,NA,NA,NA,NA,NA,NA,NA,NA,NA,NA,NA,NA,NA,NA,NA,NA,NA,NA,NA,NA,NA,NA,NA,NA,NA,NA,NA,NA,NA,NA,NA,NA,NA,NA,NA,NA,NA,NA,NA,NA,NA,NA,NA,NA,NA,NA,NA,NA,NA,NA
NA,NA,NA,NA,NA,NA,NA,NA,NA,NA,NA,NA,NA,NA,NA,NA,47,2025-06-13,11:09:54,4,6,"Flanary, Lyndan",10051521,Right,USA_PRI358,"Carrion, Kobe",10249456,Right,USA_CBU,Undefined,2,Top,2,2,2,Undefined,Slider,InPlay,Undefined,GroundBall,Out,1,0,NA,80.81943,0.365468,-2.646512,2541.961883,38.199113,07:15:00,5.3568,1.92312,4.86823,-45.81113,-0.42535,-1.66433,1.88544,-0.72188,72.85513,-7.945156,-2.939433,0.484877,75.39488,-10.045744,-25.226275,NA,NA,NA,NA,12.71948,12.02646,-19.311043,0.108358,-0.07063,0.10906,-1.66098,50,5.35407,5.47458,-116.88527,-0.95815,-0.09572,26.22397,-32.02628,USA_PRI358,USA_CBU,USABBCary0,USA Baseball,USA,20250613-USABBCary0-2,770154e0-4868-11f0-a394-69d32a1ead04,77.73613,2.00623,NA,7.96429,NA,NA,NA,1.53591,2.00623,0.73013,803347a4-030c-48a3-b0f8-f99b918e67d9,2025-06-13,15:09:54,2025-06-13T15:09:54Z,2025-06-13T15:09:54Z,GroundBall,v3,NA,NA,NA,"Gravely IV, Warren",1000162866,Right,USA_PRI358,57520a19-e76e-441c-9a7b-c05406d9ffd8,55.62916,-118.14145,13.11199,5.36322,0.57598,-16.01314,-1.92333,5.47916,-0.04786,178.825546,1.53613,98.47316,-17.279419999999998,NA,NA,NA,NA,NA,NA,2.00588,-19.24654,6.82113,NA,NA,NA,NA,NA,NA,0.73003,-46.39419,7.74804,NA,NA,NA,NA,NA,NA,NA,NA,NA,NA,NA,NA,NA,NA,NA,NA,NA,NA,NA,NA,NA,NA,NA,NA,NA,NA,NA,NA,High,High,High,High,High,NA,NA,NA,NA,NA,NA,NA,NA,NA,NA,NA,NA,NA,NA,NA,NA,NA,NA,NA,NA,NA,NA,NA,NA,NA,NA,NA,NA,NA,NA,NA,NA,NA,NA,NA,NA,NA,NA,NA,NA,NA,NA,NA,NA,NA,NA,NA,NA,NA,NA,NA,NA,NA,NA,NA,NA
NA,NA,NA,NA,NA,NA,NA,NA,NA,NA,NA,NA,NA,NA,NA,NA,48,2025-06-13,11:12:13,1,1,"Nguyen, Aiden",10100607,Left,USA_CBU,"Stowers, John",10150077,Left,USA_PRI358,Undefined,2,Bottom,0,0,0,Undefined,Changeup,InPlay,Undefined,GroundBall,Out,1,0,NA,85.10833,-0.47018,3.095587,2178.61116,120.0582,10:00:00,4.96893,-1.677,5.3998,-28.38486,11.45123,-17.32202,2.16228,-0.21688,76.86879,-5.745709,0.018549,0.454266,56.04128,-5.404263,-9.365955,NA,NA,NA,NA,17.54008,17.32153,-7.929829,0.195497,9.73815,6.30303,1.41367,50,4.90741,-5.92883,-123.25925,-1.97973,14.78594,27.48482,-22.60387,USA_PRI358,USA_CBU,USABBCary0,USA Baseball,USA,20250613-USABBCary0-2,c9801b20-4868-11f0-a394-69d32a1ead04,82.97446,2.22382,NA,8.23953,NA,NA,NA,1.9651,2.22382,0.21256,803347a4-030c-48a3-b0f8-f99b918e67d9,2025-06-13,15:12:13,2025-06-13T15:12:13Z,2025-06-13T15:12:13Z,GroundBall,v3,NA,NA,NA,"Ellis, Kaine",10170887,Right,USA_CBU,aa7acb63-e9a8-45c4-8f2c-9d367694ad7e,55.09881,-124.391,13.74241,4.96977,-1.04896,-11.30193,1.67034,-6.53768,7.39297,32.851646,1.96534,80.72083,-9.78321,NA,NA,NA,NA,NA,NA,2.22443,-7.78256,-18.40865,NA,NA,NA,NA,NA,NA,0.21267,-13.32446,-0.72552,NA,NA,NA,NA,NA,NA,NA,NA,NA,NA,NA,NA,NA,NA,NA,NA,NA,NA,NA,NA,NA,NA,NA,NA,NA,NA,NA,NA,High,High,High,High,High,NA,NA,NA,NA,NA,NA,NA,NA,NA,NA,NA,NA,NA,NA,NA,NA,NA,NA,NA,NA,NA,NA,NA,NA,NA,NA,NA,NA,NA,NA,NA,NA,NA,NA,NA,NA,NA,NA,NA,NA,NA,NA,NA,NA,NA,NA,NA,NA,NA,NA,NA,NA,NA,NA,NA,NA
NA,NA,NA,NA,NA,NA,NA,NA,NA,NA,NA,NA,NA,NA,NA,NA,49,2025-06-13,11:12:47,2,1,"Nguyen, Aiden",10100607,Left,USA_CBU,"Marchand, Taj",1000239950,Right,USA_PRI358,Undefined,2,Bottom,1,0,0,Undefined,Four-Seam,StrikeSwinging,Undefined,Undefined,Undefined,0,0,NA,85.33123,-0.626919,3.421886,2295.423178,141.152125,10:45:00,4.97291,-1.68698,5.55372,-21.62541,18.14198,-13.37536,2.58394,0.39957,76.31584,-4.73855,1.042004,0.453874,NA,NA,NA,NA,NA,NA,NA,NA,NA,NA,NA,7.80638,9.7691,1.39945,50,4.90478,-6.78216,-123.37426,-1.9981,11.78913,29.1657,-17.42083,USA_PRI358,USA_CBU,USABBCary0,USA Baseball,USA,20250613-USABBCary0-2,dd8672e0-4868-11f0-a394-69d32a1ead04,83.04613,NA,NA,9.01538,NA,NA,NA,NA,NA,NA,803347a4-030c-48a3-b0f8-f99b918e67d9,2025-06-13,15:12:47,2025-06-13T15:12:47Z,2025-06-13T15:12:47Z,NA,v3,NA,NA,NA,"Ellis, Kaine",10170887,Right,USA_CBU,01bd7f08-4bf2-42b2-ad91-9a07f41d1388,54.93892,-124.53635,14.58285,4.97057,-1.30398,-8.71041,1.67903,-7.25189,5.89456,NA,NA,NA,NA,NA,NA,NA,NA,NA,NA,NA,NA,NA,NA,NA,NA,NA,NA,NA,NA,NA,NA,NA,NA,NA,NA,NA,NA,NA,NA,NA,NA,NA,NA,NA,NA,NA,NA,NA,NA,NA,NA,NA,NA,NA,NA,NA,NA,NA,NA,High,High,High,NA,NA,NA,NA,NA,NA,NA,NA,NA,NA,NA,NA,NA,NA,NA,NA,NA,NA,NA,NA,NA,NA,NA,NA,NA,NA,NA,NA,NA,NA,NA,NA,NA,NA,NA,NA,NA,NA,NA,NA,NA,NA,NA,NA,NA,NA,NA,NA,NA,NA,NA,NA,NA,NA,NA,NA,NA,NA
NA,NA,NA,NA,NA,NA,NA,NA,NA,NA,NA,NA,NA,NA,NA,NA,50,2025-06-13,11:12:59,2,2,"Nguyen, Aiden",10100607,Left,USA_CBU,"Marchand, Taj",1000239950,Right,USA_PRI358,Undefined,2,Bottom,1,0,1,Undefined,Changeup,InPlay,Undefined,Popup,Out,1,0,NA,72.51314,2.648189,2.071685,1413.937505,87.390725,09:00:00,4.39753,-2.00815,5.76287,-52.93062,1.26756,-14.23745,2.45479,-1.26557,65.5887,-7.134244,-0.475783,0.529863,64.17964,50.743516,12.660349,NA,104.18067,70.7531,35.30364,172.97857,171.03799,19.716145,4.354531,7.9265,0.32398,1.84544,50,4.58503,-3.29967,-105.06127,3.30672,8.73046,20.21745,-31.8172,USA_PRI358,USA_CBU,USABBCary0,USA Baseball,USA,20250613-USABBCary0-2,e516ca00-4868-11f0-a394-69d32a1ead04,71.13619,73.79024,NA,6.92443,NA,NA,NA,1.67708,2.55607,1.27061,803347a4-030c-48a3-b0f8-f99b918e67d9,2025-06-13,15:12:59,2025-06-13T15:12:59Z,2025-06-13T15:12:59Z,Popup,v3,NA,NA,NA,"Ellis, Kaine",10170887,Right,USA_CBU,b7c78d7a-9a01-4e87-9b1e-652c314de4f3,54.73608,-105.96874,10.10873,4.40456,4.73485,-15.9086,2.00234,-3.69154,4.36523,197.569856,1.67865,58.07108,-13.33492,3.71235,-0.42693,-0.11616,0.05889,-0.00942,5.2e-4,2.55626,72.87633,-21.22797,1.37728,0.22222,-0.28656,0.11148,-0.02032,0.0014,1.27077,13.05172,0.69977,-0.42258,0.12366,-0.01781,-0.00156,8.9e-4,-8e-5,NA,NA,NA,NA,NA,NA,NA,NA,NA,NA,NA,NA,NA,NA,NA,NA,NA,NA,NA,NA,NA,NA,High,High,High,High,Medium,NA,NA,NA,NA,NA,NA,NA,NA,NA,NA,NA,NA,NA,NA,NA,NA,NA,NA,NA,NA,NA,NA,NA,NA,NA,NA,NA,NA,NA,NA,NA,NA,NA,NA,NA,NA,NA,NA,NA,NA,NA,NA,NA,NA,NA,NA,NA,NA,NA,NA,NA,NA,NA,NA,NA,NA
NA,NA,NA,NA,NA,NA,NA,NA,NA,NA,NA,NA,NA,NA,NA,NA,51,2025-06-13,11:13:27,3,1,"Nguyen, Aiden",10100607,Left,USA_CBU,"Tillery, Ty",1000148419,Right,USA_PRI358,Undefined,2,Bottom,2,0,0,Undefined,Changeup,BallCalled,Undefined,Undefined,Undefined,0,0,NA,70.41117,1.549567,4.376159,1419.737168,116.590029,10:00:00,4.24001,-1.84642,5.88247,-48.80786,8.59382,-13.04194,1.61626,1.13859,63.72406,-7.514119,2.045208,0.545298,NA,NA,NA,NA,NA,NA,NA,NA,NA,NA,NA,8.03319,4.5152,1.50001,50,4.33766,-7.34789,-101.83329,1.42897,8.32038,18.85086,-27.49742,USA_PRI358,USA_CBU,USABBCary0,USA Baseball,USA,20250613-USABBCary0-2,f588d770-4868-11f0-a394-69d32a1ead04,69.12265,NA,NA,6.68711,NA,NA,NA,NA,NA,NA,803347a4-030c-48a3-b0f8-f99b918e67d9,2025-06-13,15:13:27,2025-06-13T15:13:27Z,2025-06-13T15:13:27Z,NA,v3,NA,NA,NA,"Ellis, Kaine",10170887,Right,USA_CBU,90b80e14-8c77-4f6e-975a-5374476c2192,54.61402,-102.68386,9.42543,4.24519,2.66968,-13.74871,1.84003,-7.72331,4.16019,NA,NA,NA,NA,NA,NA,NA,NA,NA,NA,NA,NA,NA,NA,NA,NA,NA,NA,NA,NA,NA,NA,NA,NA,NA,NA,NA,NA,NA,NA,NA,NA,NA,NA,NA,NA,NA,NA,NA,NA,NA,NA,NA,NA,NA,NA,NA,NA,NA,NA,High,High,High,NA,NA,NA,NA,NA,NA,NA,NA,NA,NA,NA,NA,NA,NA,NA,NA,NA,NA,NA,NA,NA,NA,NA,NA,NA,NA,NA,NA,NA,NA,NA,NA,NA,NA,NA,NA,NA,NA,NA,NA,NA,NA,NA,NA,NA,NA,NA,NA,NA,NA,NA,NA,NA,NA,NA,NA,NA,NA
NA,NA,NA,NA,NA,NA,NA,NA,NA,NA,NA,NA,NA,NA,NA,NA,52,2025-06-13,11:13:39,3,2,"Nguyen, Aiden",10100607,Left,USA_CBU,"Tillery, Ty",1000148419,Right,USA_PRI358,Undefined,2,Bottom,2,1,0,Undefined,Sinker,FoulBallNotFieldable,Undefined,Undefined,Undefined,0,0,NA,85.62907,-0.68326,2.243447,2234.792938,128.570786,10:15:00,4.99013,-1.36366,5.68481,-25.70017,13.43351,-15.00013,2.21107,-0.52149,76.89128,-5.518283,-0.437491,0.450243,61.52627,34.929274,136.581683,3736.463207,-86.83209,25.53114,67.52873,148.09168,54.50488,145.285927,2.535657,8.38461,7.46697,1.18444,50,4.91685,-4.22918,-124.04818,-2.29906,12.80665,29.38707,-20.76899,USA_PRI358,USA_CBU,USABBCary0,USA Baseball,USA,20250613-USABBCary0-2,fcaa4020-4868-11f0-a394-69d32a1ead04,83.71585,30.96387,NA,8.73779,NA,NA,NA,0.16496,2.15931,0.49438,803347a4-030c-48a3-b0f8-f99b918e67d9,2025-06-13,15:13:39,2025-06-13T15:13:39Z,2025-06-13T15:13:39Z,FlyBall,v3,NA,NA,NA,"Ellis, Kaine",10170887,Right,USA_CBU,14603793-50df-43d7-84e8-f268f64de2c8,54.81197,-125.18294,14.69353,4.99014,-1.49707,-10.3845,1.3573,-4.7237,6.40332,326.71688,0.16479,-53.72904,1.25557,0.81055,-0.54283,0.35888,-0.13642,0.0258,-0.00191,2.15942,51.66092,-26.00457,2.88857,-0.23322,-0.25822,0.18239,-0.04923,0.00489,0.4948,50.8269,-6.76894,-0.70954,1.12757,-0.92306,0.38575,-0.07882,0.00633,NA,NA,NA,NA,NA,NA,NA,NA,NA,NA,NA,NA,NA,NA,NA,NA,NA,NA,NA,NA,NA,NA,High,High,High,High,Medium,NA,NA,NA,NA,NA,NA,NA,NA,NA,NA,NA,NA,NA,NA,NA,NA,NA,NA,NA,NA,NA,NA,NA,NA,NA,NA,NA,NA,NA,NA,NA,NA,NA,NA,NA,NA,NA,NA,NA,NA,NA,NA,NA,NA,NA,NA,NA,NA,NA,NA,NA,NA,NA,NA,NA,NA
NA,NA,NA,NA,NA,NA,NA,NA,NA,NA,NA,NA,NA,NA,NA,NA,53,2025-06-13,11:13:55,3,3,"Nguyen, Aiden",10100607,Left,USA_CBU,"Tillery, Ty",1000148419,Right,USA_PRI358,Undefined,2,Bottom,2,1,1,Undefined,Changeup,FoulBallNotFieldable,Undefined,Undefined,Undefined,0,0,NA,86.19445,0.457936,3.527061,2333.285155,125.389579,10:15:00,4.70556,-1.95676,5.70163,-26.251830000000002,12.45839,-15.47143,2.94544,0.04465,77.14124,-4.484205,0.766857,0.4478,77.80624,14.806542,40.813438,3299.059308,77.67122,15.09055,77.89182,173.73181,172.86637,47.608176,1.983474,9.01142,6.58496,1.67031,50,4.72808,-7.02167,-124.71013,0.15344,13.90627,29.78505,-22.01226,USA_PRI358,USA_CBU,USABBCary0,USA Baseball,USA,20250613-USABBCary0-2,06915880-4869-11f0-a394-69d32a1ead04,84.17249,15.88837,NA,9.0532,NA,NA,NA,0.05444,2.86652,-0.10507,803347a4-030c-48a3-b0f8-f99b918e67d9,2025-06-13,15:13:55,2025-06-13T15:13:55Z,2025-06-13T15:13:55Z,LineDrive,v3,NA,NA,NA,"Ellis, Kaine",10170887,Right,USA_CBU,26fc0a4a-2e95-4470-8eed-bfe90060fc3d,54.79406,-125.84991,14.89253,4.70609,0.99577,-11.00613,1.94918,-7.55382,6.95313,246.448559,0.05442,83.50214,-17.34842,3.82603,-1.17932,0.57512,-0.2711,0.07438,-0.00848,2.86653,29.16207,-17.2433,1.08851,-0.02051,-0.13083,0.08858,-0.02612,0.00305,-0.10506,72.10744,-3.73242,-0.29822,0.45225,-0.36094,0.18663,-0.05244,0.00607,NA,NA,NA,NA,NA,NA,NA,NA,NA,NA,NA,NA,NA,NA,NA,NA,NA,NA,NA,NA,NA,NA,High,High,High,High,High,NA,NA,NA,NA,NA,NA,NA,NA,NA,NA,NA,NA,NA,NA,NA,NA,NA,NA,NA,NA,NA,NA,NA,NA,NA,NA,NA,NA,NA,NA,NA,NA,NA,NA,NA,NA,NA,NA,NA,NA,NA,NA,NA,NA,NA,NA,NA,NA,NA,NA,NA,NA,NA,NA,NA,NA
NA,NA,NA,NA,NA,NA,NA,NA,NA,NA,NA,NA,NA,NA,NA,NA,54,2025-06-13,11:14:18,3,4,"Nguyen, Aiden",10100607,Left,USA_CBU,"Tillery, Ty",1000148419,Right,USA_PRI358,Undefined,2,Bottom,2,1,2,Undefined,Changeup,BallCalled,Undefined,Undefined,Undefined,0,0,NA,73.24703,1.409009,5.286322,1400.610111,109.25774,09:45:00,4.30955,-2.20483,5.57145,-47.25908,6.51378,-13.10658,1.69331,1.65484,66.24526,-7.299127,2.962622,0.52778,NA,NA,NA,NA,NA,NA,NA,NA,NA,NA,NA,8.2489,3.43484,1.7569,50,4.40088,-9.3002300000000009,-105.75527,1.18948,9.22512,20.14164,-28.33271,USA_PRI358,USA_CBU,USABBCary0,USA Baseball,USA,20250613-USABBCary0-2,14645110-4869-11f0-a394-69d32a1ead04,71.41695,NA,NA,7.00177,NA,NA,NA,NA,NA,NA,803347a4-030c-48a3-b0f8-f99b918e67d9,2025-06-13,15:14:18,2025-06-13T15:14:18Z,2025-06-13T15:14:18Z,NA,v3,NA,NA,NA,"Ellis, Kaine",10170887,Right,USA_CBU,4e205c22-b075-490a-98e0-a418cc4fbc6e,54.92509,-106.68915,10.07082,4.31527,2.50315,-14.16636,2.19803,-9.72796,4.61256,NA,NA,NA,NA,NA,NA,NA,NA,NA,NA,NA,NA,NA,NA,NA,NA,NA,NA,NA,NA,NA,NA,NA,NA,NA,NA,NA,NA,NA,NA,NA,NA,NA,NA,NA,NA,NA,NA,NA,NA,NA,NA,NA,NA,NA,NA,NA,NA,NA,NA,High,High,High,NA,NA,NA,NA,NA,NA,NA,NA,NA,NA,NA,NA,NA,NA,NA,NA,NA,NA,NA,NA,NA,NA,NA,NA,NA,NA,NA,NA,NA,NA,NA,NA,NA,NA,NA,NA,NA,NA,NA,NA,NA,NA,NA,NA,NA,NA,NA,NA,NA,NA,NA,NA,NA,NA,NA,NA,NA,NA
NA,NA,NA,NA,NA,NA,NA,NA,NA,NA,NA,NA,NA,NA,NA,NA,55,2025-06-13,11:14:32,3,5,"Nguyen, Aiden",10100607,Left,USA_CBU,"Tillery, Ty",1000148419,Right,USA_PRI358,Undefined,2,Bottom,2,2,2,Undefined,Changeup,BallCalled,Undefined,Undefined,Undefined,0,0,NA,73.12684,0.486072,4.154327,1396.012193,98.645914,09:15:00,4.22518,-1.97164,5.57438,-49.43613,4.12488,-14.87209,0.56072,0.67608,66.60106,-8.588481,1.506526,0.526739,NA,NA,NA,NA,NA,NA,NA,NA,NA,NA,NA,8.82213,2.45543,1.62353,50,4.23478,-7.15408,-105.85502,-0.59406,9.9103,19.75012,-29.41575,USA_PRI358,USA_CBU,USABBCary0,USA Baseball,USA,20250613-USABBCary0-2,1c89e350-4869-11f0-a394-69d32a1ead04,71.55804,NA,NA,6.52578,NA,NA,NA,NA,NA,NA,803347a4-030c-48a3-b0f8-f99b918e67d9,2025-06-13,15:14:32,2025-06-13T15:14:32Z,2025-06-13T15:14:32Z,NA,v3,NA,NA,NA,"Ellis, Kaine",10170887,Right,USA_CBU,dfa83378-0613-4ba9-af35-6d060da619a3,54.92472,-106.76991,9.87506,4.23074,0.76856,-14.70788,1.96556,-7.61316,4.95515,NA,NA,NA,NA,NA,NA,NA,NA,NA,NA,NA,NA,NA,NA,NA,NA,NA,NA,NA,NA,NA,NA,NA,NA,NA,NA,NA,NA,NA,NA,NA,NA,NA,NA,NA,NA,NA,NA,NA,NA,NA,NA,NA,NA,NA,NA,NA,NA,NA,NA,High,High,High,NA,NA,NA,NA,NA,NA,NA,NA,NA,NA,NA,NA,NA,NA,NA,NA,NA,NA,NA,NA,NA,NA,NA,NA,NA,NA,NA,NA,NA,NA,NA,NA,NA,NA,NA,NA,NA,NA,NA,NA,NA,NA,NA,NA,NA,NA,NA,NA,NA,NA,NA,NA,NA,NA,NA,NA,NA,NA
NA,NA,NA,NA,NA,NA,NA,NA,NA,NA,NA,NA,NA,NA,NA,NA,56,2025-06-13,11:14:47,3,6,"Nguyen, Aiden",10100607,Left,USA_CBU,"Tillery, Ty",1000148419,Right,USA_PRI358,Undefined,2,Bottom,2,3,2,Undefined,Changeup,FoulBallNotFieldable,Undefined,Undefined,Undefined,0,0,NA,86.16383,-0.467413,3.993757,2355.507411,120.804503,10:00:00,4.83052,-1.59606,5.83357,-26.16529,12.10331,-18.00595,2.21455,0.62167,77.79633,-5.379283,0.774155,0.445239,60.34956,53.658699,154.339068,3508.504193,-98.61421,51.73566,48.73634,162.7374,70.57664,153.787605,3.516934,10.49662,6.7167,1.28076,50,4.77705,-7.97315,-124.77182,-1.85139,16.3391,28.05031,-21.71883,USA_PRI358,USA_CBU,USABBCary0,USA Baseball,USA,20250613-USABBCary0-2,25abafe0-4869-11f0-a394-69d32a1ead04,84.65671,58.2332,NA,8.36751,NA,NA,NA,1.81847,2.47565,-0.56191,803347a4-030c-48a3-b0f8-f99b918e67d9,2025-06-13,15:14:47,2025-06-13T15:14:47Z,2025-06-13T15:14:47Z,Popup,v3,NA,NA,NA,"Ellis, Kaine",10170887,Right,USA_CBU,25bae690-9d89-46d2-9ed5-6443e37ffda0,54.66523,-125.81625,14.02515,4.83093,-1.04271,-10.85942,1.58896,-8.58153,8.16955,3.121333,1.81888,-47.29325,1.11264,0.04216,0.1969,-0.1819,0.07594,-0.01484,0.0011,2.47576,71.29578,-26.39988,3.07763,-0.72811,0.19054,-0.05209,0.00984,-7.9e-4,-0.56215,22.7221,-0.06218,-0.1959,-0.06124,0.0848,-0.03755,0.0074400000000000004,-5.5e-4,NA,NA,NA,NA,NA,NA,NA,NA,NA,NA,NA,NA,NA,NA,NA,NA,NA,NA,NA,NA,NA,NA,High,High,High,High,Medium,NA,NA,NA,NA,NA,NA,NA,NA,NA,NA,NA,NA,NA,NA,NA,NA,NA,NA,NA,NA,NA,NA,NA,NA,NA,NA,NA,NA,NA,NA,NA,NA,NA,NA,NA,NA,NA,NA,NA,NA,NA,NA,NA,NA,NA,NA,NA,NA,NA,NA,NA,NA,NA,NA,NA,NA
NA,NA,NA,NA,NA,NA,NA,NA,NA,NA,NA,NA,NA,NA,NA,NA,57,2025-06-13,11:15:09,3,7,"Nguyen, Aiden",10100607,Left,USA_CBU,"Tillery, Ty",1000148419,Right,USA_PRI358,Undefined,2,Bottom,2,3,2,Undefined,Four-Seam,InPlay,Undefined,Popup,Out,1,0,NA,85.80658,0.522331,2.427177,2303.304933,136.87579,10:30:00,4.99015,-1.70136,5.82848,-21.971,16.75525,-14.34985,3.64524,-0.63954,76.93736,-3.665109,-0.142368,0.447893,76.19769,68.690508,-0.554818,NA,NA,NA,NA,104.93736,45.95718,6.262305,5.706741,8.17985,8.79445,1.51184,50,5.02022,-4.68257,-124.34371,0.48623,12.56194,29.37407,-18.66822,USA_PRI358,USA_CBU,USABBCary0,USA Baseball,USA,20250613-USABBCary0-2,32576680-4869-11f0-a394-69d32a1ead04,84.15508,135.52023,NA,8.86922,NA,NA,NA,1.55019,4.32183,-0.09269,803347a4-030c-48a3-b0f8-f99b918e67d9,2025-06-13,15:15:09,2025-06-13T15:15:09Z,2025-06-13T15:15:09Z,Popup,v3,NA,NA,NA,"Ellis, Kaine",10170887,Right,USA_CBU,0ef9c660-733a-40aa-abaf-a9c4630b9fae,54.66897,-125.44183,14.68703,4.989,1.18412,-9.33411,1.69567,-5.15218,6.28097,NA,1.54563,40.67491,-14.02177,4.27552,-0.83711,0.10307,-0.00518,-3.9e-4,5e-5,4.30888,104.34886,-26.26407,3.99115,-1.4242,0.44882,-0.09191,0.01002,-4.4e-4,-0.09047,-0.43179,2.01157,-0.83817,0.26228,-0.06556,0.01119,-0.00107,4e-5,NA,NA,NA,NA,NA,NA,NA,NA,NA,NA,NA,NA,NA,NA,NA,NA,NA,NA,NA,NA,NA,NA,High,High,High,Medium,Low,NA,NA,NA,NA,NA,NA,NA,NA,NA,NA,NA,NA,NA,NA,NA,NA,NA,NA,NA,NA,NA,NA,NA,NA,NA,NA,NA,NA,NA,NA,NA,NA,NA,NA,NA,NA,NA,NA,NA,NA,NA,NA,NA,NA,NA,NA,NA,NA,NA,NA,NA,NA,NA,NA,NA,NA
NA,NA,NA,NA,NA,NA,NA,NA,NA,NA,NA,NA,NA,NA,NA,NA,58,2025-06-13,11:17:14,1,1,"Flanary, Lyndan",10051521,Right,USA_PRI358,"Vasquez, Reuben",10171288,Left,USA_CBU,Undefined,3,Top,0,0,0,Undefined,Sinker,BallCalled,Undefined,Undefined,Undefined,0,0,NA,89.85344,1.357822,-0.666864,2407.093082,228.222228,01:30:00,5.42381,1.84573,5.25071,-28.74568,6.89166,6.39811,4.30458,1.75224,81.54231,-3.941964,0.467654,0.429659,NA,NA,NA,NA,NA,NA,NA,NA,NA,NA,NA,-3.3737,3.4052,-1.78942,50,5.5274,1.21661,-130.29211,1.99163,-5.76914,28.70772,-26.351,USA_PRI358,USA_CBU,USABBCary0,USA Baseball,USA,20250613-USABBCary0-2,7cd81fb0-4869-11f0-a394-69d32a1ead04,87.72638,NA,NA,8.31113,NA,NA,NA,NA,NA,NA,803347a4-030c-48a3-b0f8-f99b918e67d9,2025-06-13,15:17:14,2025-06-13T15:17:14Z,2025-06-13T15:17:14Z,NA,v3,NA,NA,NA,"Gravely IV, Warren",1000162866,Right,USA_PRI358,9e1300e2-c3cb-4cf8-a51c-5f561ae8a033,55.24599,-131.44289,14.35386,5.42638,3.04795,-13.1755,-1.84283,1.44787,-2.88457,NA,NA,NA,NA,NA,NA,NA,NA,NA,NA,NA,NA,NA,NA,NA,NA,NA,NA,NA,NA,NA,NA,NA,NA,NA,NA,NA,NA,NA,NA,NA,NA,NA,NA,NA,NA,NA,NA,NA,NA,NA,NA,NA,NA,NA,NA,NA,NA,NA,NA,High,High,High,NA,NA,NA,NA,NA,NA,NA,NA,NA,NA,NA,NA,NA,NA,NA,NA,NA,NA,NA,NA,NA,NA,NA,NA,NA,NA,NA,NA,NA,NA,NA,NA,NA,NA,NA,NA,NA,NA,NA,NA,NA,NA,NA,NA,NA,NA,NA,NA,NA,NA,NA,NA,NA,NA,NA,NA,NA,NA
NA,NA,NA,NA,NA,NA,NA,NA,NA,NA,NA,NA,NA,NA,NA,NA,59,2025-06-13,11:17:25,1,2,"Flanary, Lyndan",10051521,Right,USA_PRI358,"Vasquez, Reuben",10171288,Left,USA_CBU,Undefined,3,Top,0,1,0,Undefined,Slider,InPlay,Undefined,GroundBall,Out,1,0,NA,88.75149,-0.796415,-2.064793,2394.02123,219.366112,01:15:00,5.41375,1.92927,5.57784,-28.94053,7.12241,4.86988,2.25768,0.40581,80.91032,-6.142996,-1.195923,0.432217,86.13101,-3.869571,-10.855874,NA,NA,NA,NA,20.99751,20.51921,-12.472664,0.172246,-3.0815,4.17776,-1.75488,50,5.32631,4.43157,-128.75592,-2.82481,-5.14661,28.00215,-25.1965,USA_PRI358,USA_CBU,USABBCary0,USA Baseball,USA,20250613-USABBCary0-2,83714590-4869-11f0-a394-69d32a1ead04,87.20719,2.05483,NA,7.84117,NA,NA,NA,-0.28332,2.05483,-0.36552,803347a4-030c-48a3-b0f8-f99b918e67d9,2025-06-13,15:17:25,2025-06-13T15:17:25Z,2025-06-13T15:17:25Z,GroundBall,v3,NA,NA,NA,"Gravely IV, Warren",1000162866,Right,USA_PRI358,5d34ac35-96b6-439f-97cb-939b2c033bf0,54.92094,-129.82173,14.00108,5.41558,-1.86579,-12.59825,-1.92728,4.62746,-2.57331,50.039522,-0.28277,123.73871,-17.84045,NA,NA,NA,NA,NA,NA,2.05541,-8.56978,-19.54513,NA,NA,NA,NA,NA,NA,-0.36527,-23.75707,-2.62346,NA,NA,NA,NA,NA,NA,NA,NA,NA,NA,NA,NA,NA,NA,NA,NA,NA,NA,NA,NA,NA,NA,NA,NA,NA,NA,NA,NA,High,High,High,High,High,NA,NA,NA,NA,NA,NA,NA,NA,NA,NA,NA,NA,NA,NA,NA,NA,NA,NA,NA,NA,NA,NA,NA,NA,NA,NA,NA,NA,NA,NA,NA,NA,NA,NA,NA,NA,NA,NA,NA,NA,NA,NA,NA,NA,NA,NA,NA,NA,NA,NA,NA,NA,NA,NA,NA,NA
NA,NA,NA,NA,NA,NA,NA,NA,NA,NA,NA,NA,NA,NA,NA,NA,60,2025-06-13,11:17:54,2,1,"Flanary, Lyndan",10051521,Right,USA_PRI358,"Ellis, Kaine",10170887,Left,USA_CBU,Undefined,3,Top,1,0,0,Undefined,Sinker,BallCalled,Undefined,Undefined,Undefined,0,0,NA,91.19513,-1.201672,-1.53693,2435.280626,233.024847,01:45:00,5.49198,2.0482,5.08458,-24.43765,10.47008,12.31879,2.32227,1.62574,82.75955,-5.709685,0.641926,0.425238,NA,NA,NA,NA,NA,NA,NA,NA,NA,NA,NA,-6.53205,5.91575,-1.91269,50,5.35944,2.94632,-132.13898,-3.71095,-11.46461,30.08136,-21.79108,USA_PRI358,USA_CBU,USABBCary0,USA Baseball,USA,20250613-USABBCary0-2,94b15160-4869-11f0-a394-69d32a1ead04,88.63841,NA,NA,8.43558,NA,NA,NA,NA,NA,NA,803347a4-030c-48a3-b0f8-f99b918e67d9,2025-06-13,15:17:54,2025-06-13T15:17:54Z,2025-06-13T15:17:54Z,NA,v3,NA,NA,NA,"Gravely IV, Warren",1000162866,Right,USA_PRI358,3995f068-9810-43f0-b768-3b94ad2aa73c,55.41163,-133.36525,15.04068,5.49261,-2.82263,-10.89554,-2.04232,3.41367,-5.73231,NA,NA,NA,NA,NA,NA,NA,NA,NA,NA,NA,NA,NA,NA,NA,NA,NA,NA,NA,NA,NA,NA,NA,NA,NA,NA,NA,NA,NA,NA,NA,NA,NA,NA,NA,NA,NA,NA,NA,NA,NA,NA,NA,NA,NA,NA,NA,NA,NA,NA,High,High,High,NA,NA,NA,NA,NA,NA,NA,NA,NA,NA,NA,NA,NA,NA,NA,NA,NA,NA,NA,NA,NA,NA,NA,NA,NA,NA,NA,NA,NA,NA,NA,NA,NA,NA,NA,NA,NA,NA,NA,NA,NA,NA,NA,NA,NA,NA,NA,NA,NA,NA,NA,NA,NA,NA,NA,NA,NA,NA
NA,NA,NA,NA,NA,NA,NA,NA,NA,NA,NA,NA,NA,NA,NA,NA,61,2025-06-13,11:18:05,2,2,"Flanary, Lyndan",10051521,Right,USA_PRI358,"Ellis, Kaine",10170887,Left,USA_CBU,Undefined,3,Top,1,1,0,Undefined,Slider,StrikeCalled,Undefined,Undefined,Undefined,0,0,NA,82.0612,2.279921,-0.601149,2701.206724,43.476872,07:30:00,5.31539,2.03524,4.89815,-47.2868,-3.46099,-4.79299,3.5325,1.06722,73.85207,-6.31204,-1.445731,0.476471,NA,NA,NA,NA,NA,NA,NA,NA,NA,NA,NA,2.14339,-1.91622,-1.97221,50,5.49936,1.46218,-118.73858,2.90254,3.00858,26.29897,-34.86379,USA_PRI358,USA_CBU,USABBCary0,USA Baseball,USA,20250613-USABBCary0-2,9b873220-4869-11f0-a394-69d32a1ead04,79.10754,NA,NA,8.20914,NA,NA,NA,NA,NA,NA,803347a4-030c-48a3-b0f8-f99b918e67d9,2025-06-13,15:18:05,2025-06-13T15:18:05Z,2025-06-13T15:18:05Z,NA,v3,NA,NA,NA,"Gravely IV, Warren",1000162866,Right,USA_PRI358,8b635d87-36d0-473d-bf32-12d0412593d3,55.59797,-119.97205,13.14949,5.32488,4.53771,-17.4319,-2.03748,1.32107,1.50429,NA,NA,NA,NA,NA,NA,NA,NA,NA,NA,NA,NA,NA,NA,NA,NA,NA,NA,NA,NA,NA,NA,NA,NA,NA,NA,NA,NA,NA,NA,NA,NA,NA,NA,NA,NA,NA,NA,NA,NA,NA,NA,NA,NA,NA,NA,NA,NA,NA,NA,High,High,High,NA,NA,NA,NA,NA,NA,NA,NA,NA,NA,NA,NA,NA,NA,NA,NA,NA,NA,NA,NA,NA,NA,NA,NA,NA,NA,NA,NA,NA,NA,NA,NA,NA,NA,NA,NA,NA,NA,NA,NA,NA,NA,NA,NA,NA,NA,NA,NA,NA,NA,NA,NA,NA,NA,NA,NA,NA,NA
NA,NA,NA,NA,NA,NA,NA,NA,NA,NA,NA,NA,NA,NA,NA,NA,62,2025-06-13,11:18:17,2,3,"Flanary, Lyndan",10051521,Right,USA_PRI358,"Ellis, Kaine",10170887,Left,USA_CBU,Undefined,3,Top,1,1,1,Undefined,Slider,InPlay,Undefined,GroundBall,Single,0,0,NA,80.7521,2.233369,-1.341433,2597.278636,55.853491,07:45:00,5.29096,1.99921,4.97225,-47.31884,-2.38225,-5.81772,3.45887,0.24714,73.05266,-6.366365,-2.367338,0.482471,68.13983,10.92167,-0.547533,1219.030199,NA,NA,NA,110.28241,110.28241,-3.48515,1.251111,2.45717,-1.44323,-1.86455,50,5.46808,2.98745,-116.92288,2.8053,3.35847,24.65193,-34.14665,USA_PRI358,USA_CBU,USABBCary0,USA Baseball,USA,20250613-USABBCary0-2,a26ca340-4869-11f0-a394-69d32a1ead04,78.1237,8.36711,NA,7.69943,NA,NA,NA,0.75815,3.40502,-0.20208,803347a4-030c-48a3-b0f8-f99b918e67d9,2025-06-13,15:18:17,2025-06-13T15:18:17Z,2025-06-13T15:18:17Z,GroundBall,v3,NA,NA,NA,"Gravely IV, Warren",1000162866,Right,USA_PRI358,a574ab74-d8bc-4a6e-843f-becae51d33a0,55.52614,-118.08226,12.32597,5.29839,4.41122,-17.07333,-2.00134,2.8295,1.67924,83.294516,0.75815,98.12361,-10.76611,2.16864,-0.41641,0.07323,-0.01312,0.0017,-4e-5,3.40502,18.93498,-18.70894,1.36863,-0.24661,0.04388,-0.0074,0.00196,-3e-4,-0.20208,-0.93772,-4.51108,1.14996,-0.26618000000000003,0.05353,-0.00954,9.8e-4,5e-5,NA,NA,NA,NA,NA,NA,NA,NA,NA,NA,NA,NA,NA,NA,NA,NA,NA,NA,NA,NA,NA,NA,High,High,High,High,High,NA,NA,NA,NA,NA,NA,NA,NA,NA,NA,NA,NA,NA,NA,NA,NA,NA,NA,NA,NA,NA,NA,NA,NA,NA,NA,NA,NA,NA,NA,NA,NA,NA,NA,NA,NA,NA,NA,NA,NA,NA,NA,NA,NA,NA,NA,NA,NA,NA,NA,NA,NA,NA,NA,NA,NA
NA,NA,NA,NA,NA,NA,NA,NA,NA,NA,NA,NA,NA,NA,NA,NA,63,2025-06-13,11:18:56,3,1,"Flanary, Lyndan",10051521,Right,USA_PRI358,"Lawson, Joseph",10144711,Right,USA_CBU,Undefined,3,Top,1,0,0,Undefined,Four-Seam,BallCalled,Undefined,Undefined,Undefined,0,0,NA,88.65331,0.511743,-2.664777,2338.862763,220.687238,01:15:00,5.6394,1.80794,5.26034,-27.67501,8.95437,6.65508,3.81447,-0.14285,80.53925,-4.596721,-1.486096,0.435598,NA,NA,NA,NA,NA,NA,NA,NA,NA,NA,NA,-4.08788,4.69142,-1.56883,50,5.66618,5.67282,-128.46225,0.1238,-6.79975,27.75051,-24.37033,USA_PRI358,USA_CBU,USABBCary0,USA Baseball,USA,20250613-USABBCary0-2,b9ee6620-4869-11f0-a394-69d32a1ead04,86.53029,NA,NA,8.11406,NA,NA,NA,NA,NA,NA,803347a4-030c-48a3-b0f8-f99b918e67d9,2025-06-13,15:18:56,2025-06-13T15:18:56Z,2025-06-13T15:18:56Z,NA,v3,NA,NA,NA,"Gravely IV, Warren",1000162866,Right,USA_PRI358,549b71d1-c6c3-4a57-ba5c-a6c5fa18b0fc,55.23648,-129.5885,13.87526,5.64108,1.11286,-12.18517,-1.80466,5.94879,-3.39988,NA,NA,NA,NA,NA,NA,NA,NA,NA,NA,NA,NA,NA,NA,NA,NA,NA,NA,NA,NA,NA,NA,NA,NA,NA,NA,NA,NA,NA,NA,NA,NA,NA,NA,NA,NA,NA,NA,NA,NA,NA,NA,NA,NA,NA,NA,NA,NA,NA,NA,High,High,High,NA,NA,NA,NA,NA,NA,NA,NA,NA,NA,NA,NA,NA,NA,NA,NA,NA,NA,NA,NA,NA,NA,NA,NA,NA,NA,NA,NA,NA,NA,NA,NA,NA,NA,NA,NA,NA,NA,NA,NA,NA,NA,NA,NA,NA,NA,NA,NA,NA,NA,NA,NA,NA,NA,NA,NA,NA,NA
NA,NA,NA,NA,NA,NA,NA,NA,NA,NA,NA,NA,NA,NA,NA,NA,64,2025-06-13,11:19:11,3,2,"Flanary, Lyndan",10051521,Right,USA_PRI358,"Lawson, Joseph",10144711,Right,USA_CBU,Undefined,3,Top,1,1,0,Undefined,Curveball,InPlay,Undefined,Popup,Out,1,0,NA,80.87569,1.485783,-1.1935,2612.185433,10.820655,06:15:00,5.37494,1.84365,5.081,-47.24436,-3.00776,-0.84976,2.83908,0.64763,73.81998,-7.088583,-1.343807,0.478699,57.58992,65.355813,58.139741,NA,NA,NA,NA,107.07634,50.152589999999996,73.041596,4.314043,0.07504,-1.56386,-1.72989,50,5.47811,2.47907,-117.29412,1.31324,0.10397,23.26874,-34.34131,USA_PRI358,USA_CBU,USABBCary0,USA Baseball,USA,20250613-USABBCary0-2,c2899d90-4869-11f0-a394-69d32a1ead04,78.73938,77.22348,NA,7.0557,NA,NA,NA,1.56498,3.26292,-0.35926,803347a4-030c-48a3-b0f8-f99b918e67d9,2025-06-13,15:19:11,2025-06-13T15:19:11Z,2025-06-13T15:19:11Z,Popup,v3,NA,NA,NA,"Gravely IV, Warren",1000162866,Right,USA_PRI358,3efa3cd6-ac47-4979-89d2-934220af0ef3,55.4192,-118.36429,11.63437,5.38139,2.89267,-17.17065,-1.8438,2.47429,0.05199,202.121769,1.56439,18.54293,-8.06109,1.41966,1.30549,-1.17549,0.41506,-0.06864,0.00436,3.25556,76.94688,-23.94174,3.60394,-1.51363,0.51552,-0.0995,0.00863,-2e-4,-0.36086,29.95938,-2.51274,0.73488,-0.51578,0.29247,-0.09296,0.01499,-9.6e-4,NA,NA,NA,NA,NA,NA,NA,NA,NA,NA,NA,NA,NA,NA,NA,NA,NA,NA,NA,NA,NA,NA,High,High,High,High,Low,NA,NA,NA,NA,NA,NA,NA,NA,NA,NA,NA,NA,NA,NA,NA,NA,NA,NA,NA,NA,NA,NA,NA,NA,NA,NA,NA,NA,NA,NA,NA,NA,NA,NA,NA,NA,NA,NA,NA,NA,NA,NA,NA,NA,NA,NA,NA,NA,NA,NA,NA,NA,NA,NA,NA,NA
NA,NA,NA,NA,NA,NA,NA,NA,NA,NA,NA,NA,NA,NA,NA,NA,65,2025-06-13,11:21:17,4,1,"Flanary, Lyndan",10051521,Right,USA_PRI358,"Carrillo, Mills",10148197,Right,USA_CBU,Undefined,3,Top,2,0,0,Undefined,Slider,StrikeCalled,Undefined,Undefined,Undefined,0,0,NA,81.46803,1.208,-1.941562,2645.727535,58.342431,08:00:00,5.39615,1.95773,4.76633,-46.53538,-1.41496,-5.16717,2.66437,-0.31443,72.83026,-7.245455,-2.849492,0.483457,NA,NA,NA,NA,NA,NA,NA,NA,NA,NA,NA,1.81669,-0.53976,-1.7584,50,5.4771,4.22613,-117.70433,0.68745,2.48177,27.80032,-32.9114,USA_PRI358,USA_CBU,USABBCary0,USA Baseball,USA,20250613-USABBCary0-2,0de17ce0-486a-11f0-a394-69d32a1ead04,77.96438,NA,NA,8.63777,NA,NA,NA,NA,NA,NA,803347a4-030c-48a3-b0f8-f99b918e67d9,2025-06-13,15:21:17,2025-06-13T15:21:17Z,2025-06-13T15:21:17Z,NA,v3,NA,NA,NA,"Gravely IV, Warren",1000162866,Right,USA_PRI358,aabf7449-b946-46cb-a9c1-311f0876a248,55.72741,-119.04939,13.90016,5.40532,2.2798,-16.4557,-1.95996,4.10605,1.24088,NA,NA,NA,NA,NA,NA,NA,NA,NA,NA,NA,NA,NA,NA,NA,NA,NA,NA,NA,NA,NA,NA,NA,NA,NA,NA,NA,NA,NA,NA,NA,NA,NA,NA,NA,NA,NA,NA,NA,NA,NA,NA,NA,NA,NA,NA,NA,NA,NA,NA,High,High,High,NA,NA,NA,NA,NA,NA,NA,NA,NA,NA,NA,NA,NA,NA,NA,NA,NA,NA,NA,NA,NA,NA,NA,NA,NA,NA,NA,NA,NA,NA,NA,NA,NA,NA,NA,NA,NA,NA,NA,NA,NA,NA,NA,NA,NA,NA,NA,NA,NA,NA,NA,NA,NA,NA,NA,NA,NA,NA
NA,NA,NA,NA,NA,NA,NA,NA,NA,NA,NA,NA,NA,NA,NA,NA,66,2025-06-13,11:21:30,4,2,"Flanary, Lyndan",10051521,Right,USA_PRI358,"Carrillo, Mills",10148197,Right,USA_CBU,Undefined,3,Top,2,0,1,Undefined,Slider,StrikeCalled,Undefined,Undefined,Undefined,0,0,NA,80.26127,2.025257,-0.874761,2545.507277,68.735709,08:15:00,5.2957,2.05858,4.84082,-46.24845,-0.16776,-4.87929,3.36026,0.82365,72.00145,-6.396227,-1.733535,0.488575,NA,NA,NA,NA,NA,NA,NA,NA,NA,NA,NA,2.08508,-0.22126,-1.96768,50,5.45699,1.98839,-116.06844,2.37315,2.78612,25.87386,-32.4697,USA_PRI358,USA_CBU,USABBCary0,USA Baseball,USA,20250613-USABBCary0-2,155f3660-486a-11f0-a394-69d32a1ead04,77.14778,NA,NA,8.25982,NA,NA,NA,NA,NA,NA,803347a4-030c-48a3-b0f8-f99b918e67d9,2025-06-13,15:21:30,2025-06-13T15:21:30Z,2025-06-13T15:21:30Z,NA,v3,NA,NA,NA,"Gravely IV, Warren",1000162866,Right,USA_PRI358,06d392cb-05d1-41ea-b6ae-17e28535239a,55.65425,-117.3221,12.93693,5.30389,3.94641,-16.23485,-2.06076,1.85339,1.39306,NA,NA,NA,NA,NA,NA,NA,NA,NA,NA,NA,NA,NA,NA,NA,NA,NA,NA,NA,NA,NA,NA,NA,NA,NA,NA,NA,NA,NA,NA,NA,NA,NA,NA,NA,NA,NA,NA,NA,NA,NA,NA,NA,NA,NA,NA,NA,NA,NA,NA,High,High,High,NA,NA,NA,NA,NA,NA,NA,NA,NA,NA,NA,NA,NA,NA,NA,NA,NA,NA,NA,NA,NA,NA,NA,NA,NA,NA,NA,NA,NA,NA,NA,NA,NA,NA,NA,NA,NA,NA,NA,NA,NA,NA,NA,NA,NA,NA,NA,NA,NA,NA,NA,NA,NA,NA,NA,NA,NA,NA
NA,NA,NA,NA,NA,NA,NA,NA,NA,NA,NA,NA,NA,NA,NA,NA,67,2025-06-13,11:21:44,4,3,"Flanary, Lyndan",10051521,Right,USA_PRI358,"Carrillo, Mills",10148197,Right,USA_CBU,Undefined,3,Top,2,0,2,Undefined,Slider,BallCalled,Undefined,Undefined,Undefined,0,0,NA,80.43474,2.051509,-3.440786,2567.961259,50.86843,07:45:00,5.27432,2.18563,4.86,-48.55503,-2.60248,-5.28559,3.17415,-1.51544,72.32949,-6.753546,-4.368086,0.487895,NA,NA,NA,NA,NA,NA,NA,NA,NA,NA,NA,1.4178,-1.37827,-1.84147,50,5.43626,7.21909,-116.14401,2.32833,1.89929,25.66165,-34.0204,USA_PRI358,USA_CBU,USABBCary0,USA Baseball,USA,20250613-USABBCary0-2,1dcc0ad0-486a-11f0-a394-69d32a1ead04,77.25528,NA,NA,8.10525,NA,NA,NA,NA,NA,NA,803347a4-030c-48a3-b0f8-f99b918e67d9,2025-06-13,15:21:44,2025-06-13T15:21:44Z,2025-06-13T15:21:44Z,NA,v3,NA,NA,NA,"Gravely IV, Warren",1000162866,Right,USA_PRI358,0f2e34d1-efaf-44f2-912b-944092ac7a9a,55.63502,-117.38244,12.83083,5.28428,3.97016,-17.0102,-2.18765,7.12743,0.94965,NA,NA,NA,NA,NA,NA,NA,NA,NA,NA,NA,NA,NA,NA,NA,NA,NA,NA,NA,NA,NA,NA,NA,NA,NA,NA,NA,NA,NA,NA,NA,NA,NA,NA,NA,NA,NA,NA,NA,NA,NA,NA,NA,NA,NA,NA,NA,NA,NA,NA,High,High,High,NA,NA,NA,NA,NA,NA,NA,NA,NA,NA,NA,NA,NA,NA,NA,NA,NA,NA,NA,NA,NA,NA,NA,NA,NA,NA,NA,NA,NA,NA,NA,NA,NA,NA,NA,NA,NA,NA,NA,NA,NA,NA,NA,NA,NA,NA,NA,NA,NA,NA,NA,NA,NA,NA,NA,NA,NA,NA
NA,NA,NA,NA,NA,NA,NA,NA,NA,NA,NA,NA,NA,NA,NA,NA,68,2025-06-13,11:21:58,4,4,"Flanary, Lyndan",10051521,Right,USA_PRI358,"Carrillo, Mills",10148197,Right,USA_CBU,Undefined,3,Top,2,1,2,Undefined,Slider,InPlay,Undefined,GroundBall,Out,1,0,NA,81.07955,1.072082,-1.452956,2541.979707,66.448476,08:15:00,5.41941,1.93134,4.95458,-45.0838,-0.07992,-4.10055,2.67582,0.21652,72.78925,-7.146067,-2.176385,0.482832,79.08647,-51.299982,-12.141904,NA,NA,NA,NA,2.2667,2.2667,-15.233825,0.027784,1.52036,0.09453,-1.78695,50,5.48659,3.15449,-117.29667,0.52242,2.07066,26.82203,-32.04532,USA_PRI358,USA_CBU,USABBCary0,USA Baseball,USA,20250613-USABBCary0-2,26691700-486a-11f0-a394-69d32a1ead04,78.06527,2.52244,NA,8.29031,NA,NA,NA,0.2114,2.52244,-0.17054,803347a4-030c-48a3-b0f8-f99b918e67d9,2025-06-13,15:21:58,2025-06-13T15:21:58Z,2025-06-13T15:21:58Z,GroundBall,v3,NA,NA,NA,"Gravely IV, Warren",1000162866,Right,USA_PRI358,1cb488f7-58f1-4c61-8998-6ba7c36f08f6,55.54118,-118.55699,13.41101,5.42666,2.02818,-16.02266,-1.93289,3.05719,1.03533,NA,0.21048,71.10771,NA,NA,NA,NA,NA,NA,NA,2.52362,-90.78782,NA,NA,NA,NA,NA,NA,NA,-0.17034,-15.29858,NA,NA,NA,NA,NA,NA,NA,NA,NA,NA,NA,NA,NA,NA,NA,NA,NA,NA,NA,NA,NA,NA,NA,NA,NA,NA,NA,NA,NA,High,High,High,Estimated,Estimated,NA,NA,NA,NA,NA,NA,NA,NA,NA,NA,NA,NA,NA,NA,NA,NA,NA,NA,NA,NA,NA,NA,NA,NA,NA,NA,NA,NA,NA,NA,NA,NA,NA,NA,NA,NA,NA,NA,NA,NA,NA,NA,NA,NA,NA,NA,NA,NA,NA,NA,NA,NA,NA,NA,NA,NA
NA,NA,NA,NA,NA,NA,NA,NA,NA,NA,NA,NA,NA,NA,NA,NA,69,2025-06-13,11:24:20,1,1,"Nguyen, Aiden",10100607,Left,USA_CBU,"Prosek, Cole",1000165647,Left,USA_PRI358,Undefined,3,Bottom,0,0,0,Undefined,Curveball,StrikeCalled,Undefined,Undefined,Undefined,0,0,NA,69.64514,3.321865,0.551548,2438.103777,294.108503,03:45:00,4.6051,-2.0675,5.26171,-65.96448,-5.74866,17.73958,2.23255,-0.07102,62.93366,-8.708279,3.697442,0.558505,NA,NA,NA,NA,NA,NA,NA,NA,NA,NA,NA,-8.59233,-3.25118,2.00362,50,4.86147,-1.62507,-100.78533,3.78619,-8.66039,19.44678,-35.451,USA_PRI358,USA_CBU,USABBCary0,USA Baseball,USA,20250613-USABBCary0-2,7b0c9200-486a-11f0-a394-69d32a1ead04,67.48814,NA,NA,6.71148,NA,NA,NA,NA,NA,NA,803347a4-030c-48a3-b0f8-f99b918e67d9,2025-06-13,15:24:20,2025-06-13T15:24:20Z,2025-06-13T15:24:20Z,NA,v3,NA,NA,NA,"Ellis, Kaine",10170887,Right,USA_CBU,f74eb35e-952d-456b-97f9-8c55e143e7cd,55.23724,-101.79086,9.72339,4.61831,5.61923,-17.7255,2.07607,-1.17728,-4.33019,NA,NA,NA,NA,NA,NA,NA,NA,NA,NA,NA,NA,NA,NA,NA,NA,NA,NA,NA,NA,NA,NA,NA,NA,NA,NA,NA,NA,NA,NA,NA,NA,NA,NA,NA,NA,NA,NA,NA,NA,NA,NA,NA,NA,NA,NA,NA,NA,NA,NA,High,High,High,NA,NA,NA,NA,NA,NA,NA,NA,NA,NA,NA,NA,NA,NA,NA,NA,NA,NA,NA,NA,NA,NA,NA,NA,NA,NA,NA,NA,NA,NA,NA,NA,NA,NA,NA,NA,NA,NA,NA,NA,NA,NA,NA,NA,NA,NA,NA,NA,NA,NA,NA,NA,NA,NA,NA,NA,NA,NA
NA,NA,NA,NA,NA,NA,NA,NA,NA,NA,NA,NA,NA,NA,NA,NA,70,2025-06-13,11:24:33,1,2,"Nguyen, Aiden",10100607,Left,USA_CBU,"Prosek, Cole",1000165647,Left,USA_PRI358,Undefined,3,Bottom,0,0,1,Undefined,Four-Seam,StrikeCalled,Undefined,Undefined,Undefined,0,0,NA,85.04335,0.026848,3.572469,2381.215147,145.928709,10:45:00,5.03375,-1.42783,5.73007,-18.84989,20.75745,-13.04544,3.48798,0.81644,76.27832,-3.597161,1.244981,0.452959,NA,NA,NA,NA,NA,NA,NA,NA,NA,NA,NA,7.70229,10.90875,1.13733,50,5.02458,-7.11838,-123.04515,-0.44911,11.6184,28.07795,-15.71891,USA_PRI358,USA_CBU,USABBCary0,USA Baseball,USA,20250613-USABBCary0-2,8253ab20-486a-11f0-a394-69d32a1ead04,83.21375,NA,NA,8.76503,NA,NA,NA,NA,NA,NA,803347a4-030c-48a3-b0f8-f99b918e67d9,2025-06-13,15:24:33,2025-06-13T15:24:33Z,2025-06-13T15:24:33Z,NA,v3,NA,NA,NA,"Ellis, Kaine",10170887,Right,USA_CBU,03edcb71-9593-4290-a159-1eed83f06319,54.76353,-124.12739,14.03898,5.03021,0.15676,-7.85946,1.42033,-7.56619,5.8092,NA,NA,NA,NA,NA,NA,NA,NA,NA,NA,NA,NA,NA,NA,NA,NA,NA,NA,NA,NA,NA,NA,NA,NA,NA,NA,NA,NA,NA,NA,NA,NA,NA,NA,NA,NA,NA,NA,NA,NA,NA,NA,NA,NA,NA,NA,NA,NA,NA,NA,High,High,High,NA,NA,NA,NA,NA,NA,NA,NA,NA,NA,NA,NA,NA,NA,NA,NA,NA,NA,NA,NA,NA,NA,NA,NA,NA,NA,NA,NA,NA,NA,NA,NA,NA,NA,NA,NA,NA,NA,NA,NA,NA,NA,NA,NA,NA,NA,NA,NA,NA,NA,NA,NA,NA,NA,NA,NA,NA,NA
NA,NA,NA,NA,NA,NA,NA,NA,NA,NA,NA,NA,NA,NA,NA,NA,71,2025-06-13,11:24:44,1,3,"Nguyen, Aiden",10100607,Left,USA_CBU,"Prosek, Cole",1000165647,Left,USA_PRI358,Undefined,3,Bottom,0,0,2,Undefined,Curveball,BallCalled,Undefined,Undefined,Undefined,0,0,NA,70.1155,4.738695,-0.314709,2364.089458,294.528691,03:45:00,4.5909,-1.81897,5.33399,-64.895,-5.9426,17.44206,3.63916,-0.66074,63.484610000000004,-7.107074,2.778566,0.552614,NA,NA,NA,NA,NA,NA,NA,NA,NA,NA,NA,-8.7263,-3.73079,1.83469,50,4.97358,-0.08884,-101.39787,6.37319,-8.98184,18.33826,-36.01407,USA_PRI358,USA_CBU,USABBCary0,USA Baseball,USA,20250613-USABBCary0-2,893599d0-486a-11f0-a394-69d32a1ead04,68.20749,NA,NA,6.63089,NA,NA,NA,NA,NA,NA,803347a4-030c-48a3-b0f8-f99b918e67d9,2025-06-13,15:24:44,2025-06-13T15:24:44Z,2025-06-13T15:24:44Z,NA,v3,NA,NA,NA,"Ellis, Kaine",10170887,Right,USA_CBU,c6ea27fd-c7c5-4b02-9dec-c44dd559f0c9,55.16596,-102.3279,9.16913,4.60405,8.19964,-18.00703,1.82764,0.36668,-4.49092,NA,NA,NA,NA,NA,NA,NA,NA,NA,NA,NA,NA,NA,NA,NA,NA,NA,NA,NA,NA,NA,NA,NA,NA,NA,NA,NA,NA,NA,NA,NA,NA,NA,NA,NA,NA,NA,NA,NA,NA,NA,NA,NA,NA,NA,NA,NA,NA,NA,NA,High,High,High,NA,NA,NA,NA,NA,NA,NA,NA,NA,NA,NA,NA,NA,NA,NA,NA,NA,NA,NA,NA,NA,NA,NA,NA,NA,NA,NA,NA,NA,NA,NA,NA,NA,NA,NA,NA,NA,NA,NA,NA,NA,NA,NA,NA,NA,NA,NA,NA,NA,NA,NA,NA,NA,NA,NA,NA,NA,NA
NA,NA,NA,NA,NA,NA,NA,NA,NA,NA,NA,NA,NA,NA,NA,NA,72,2025-06-13,11:24:58,1,4,"Nguyen, Aiden",10100607,Left,USA_CBU,"Prosek, Cole",1000165647,Left,USA_PRI358,Undefined,3,Bottom,0,1,2,Undefined,Curveball,InPlay,Undefined,LineDrive,Double,0,0,NA,71.88968,3.351862,1.359439,2390.93065,295.913125,03:45:00,4.41267,-1.97267,5.34915,-61.78586,-6.01744,16.17091,2.41223,0.65023,65.54252,-7.902192,4.228957,0.537484,94.7052,22.230087,-7.970058,2490.349495,107.83345,39.70488,-21.72287,333.78374,332.01727,-17.016139,3.928084,-7.72835,-3.56567,1.83808,50,4.67031,-3.05734,-104.15844,4.15477,-8.40677,19.09916,-36.0527,USA_PRI358,USA_CBU,USABBCary0,USA Baseball,USA,20250613-USABBCary0-2,91736f00-486a-11f0-a394-69d32a1ead04,70.12755,50.25141,NA,6.34716,NA,NA,NA,1.63269,2.49417,-0.64772,803347a4-030c-48a3-b0f8-f99b918e67d9,2025-06-13,15:24:58,2025-06-13T15:24:58Z,2025-06-13T15:24:58Z,LineDrive,v3,NA,NA,NA,"Ellis, Kaine",10170887,Right,USA_CBU,a01760a3-faf1-49a1-adc5-84b1a8a9aaac,55.15254,-105.09899,9.54958,4.42199,5.93022,-18.02635,1.97845,-2.64334,-4.20338,140.398246,1.63175,127.3625,-23.29582,5.58675,-1.33407,0.33475,-0.07598,0.01121,-7.1e-4,2.49547,52.51148,-14.75877,-0.25406,0.48155,-0.22015,0.06053,-0.00851,4.6e-4,-0.64805,-17.8166,-5.65077,2.30529,-0.64153,0.13191,-0.02019,0.00203,-1e-4,NA,NA,NA,NA,NA,NA,NA,NA,NA,NA,NA,NA,NA,NA,NA,NA,NA,NA,NA,NA,NA,NA,High,High,High,High,High,NA,NA,NA,NA,NA,NA,NA,NA,NA,NA,NA,NA,NA,NA,NA,NA,NA,NA,NA,NA,NA,NA,NA,NA,NA,NA,NA,NA,NA,NA,NA,NA,NA,NA,NA,NA,NA,NA,NA,NA,NA,NA,NA,NA,NA,NA,NA,NA,NA,NA,NA,NA,NA,NA,NA,NA
NA,NA,NA,NA,NA,NA,NA,NA,NA,NA,NA,NA,NA,NA,NA,NA,73,2025-06-13,11:25:45,2,1,"Nguyen, Aiden",10100607,Left,USA_CBU,"Guillot, Colton",10150581,Right,USA_PRI358,Undefined,3,Bottom,0,0,0,Undefined,Changeup,BallCalled,Undefined,Undefined,Undefined,0,0,NA,85.83661,1.611093,0.363468,2408.452704,131.042262,10:15:00,5.01782,-1.77139,5.77231,-22.92816,15.79414,-16.53836,4.6068,-2.81135,77.03889,-2.744531,-2.596649,0.44787,NA,NA,NA,NA,NA,NA,NA,NA,NA,NA,NA,8.44233,7.89709,1.75098,50,5.13739,-0.07518,-124.404,2.80974,13.00276,28.96179,-20.01111,USA_PRI358,USA_CBU,USABBCary0,USA Baseball,USA,20250613-USABBCary0-2,ad8b82e0-486a-11f0-a394-69d32a1ead04,84.1593,NA,NA,8.79772,NA,NA,NA,NA,NA,NA,803347a4-030c-48a3-b0f8-f99b918e67d9,2025-06-13,15:25:45,2025-06-13T15:25:45Z,2025-06-13T15:25:45Z,NA,v3,NA,NA,NA,"Ellis, Kaine",10170887,Right,USA_CBU,90e142a2-9495-46df-a3ac-70b8c8b6b88a,54.72217,-125.49853,14.4809,5.01691,3.566,-10.00555,1.76311,-0.56658,6.50138,NA,NA,NA,NA,NA,NA,NA,NA,NA,NA,NA,NA,NA,NA,NA,NA,NA,NA,NA,NA,NA,NA,NA,NA,NA,NA,NA,NA,NA,NA,NA,NA,NA,NA,NA,NA,NA,NA,NA,NA,NA,NA,NA,NA,NA,NA,NA,NA,NA,NA,High,High,High,NA,NA,NA,NA,NA,NA,NA,NA,NA,NA,NA,NA,NA,NA,NA,NA,NA,NA,NA,NA,NA,NA,NA,NA,NA,NA,NA,NA,NA,NA,NA,NA,NA,NA,NA,NA,NA,NA,NA,NA,NA,NA,NA,NA,NA,NA,NA,NA,NA,NA,NA,NA,NA,NA,NA,NA,NA,NA
NA,NA,NA,NA,NA,NA,NA,NA,NA,NA,NA,NA,NA,NA,NA,NA,74,2025-06-13,11:26:06,2,2,"Nguyen, Aiden",10100607,Left,USA_CBU,"Guillot, Colton",10150581,Right,USA_PRI358,Undefined,3,Bottom,0,1,0,Undefined,Four-Seam,FoulBallNotFieldable,Undefined,Undefined,Undefined,0,0,NA,85.37011,0.406708,1.567605,2379.183853,136.455736,10:30:00,4.90873,-1.65192,5.63898,-21.1758,18.05824,-15.82603,3.52365,-1.50798,76.83812,-3.619501,-1.25825,0.45082,NA,NA,NA,NA,NA,NA,NA,NA,NA,NA,NA,8.57107,9.43756,1.52926,50,4.93025,-2.72768,-123.78059,0.24425,13.09363,28.24692,-17.75672,USA_PRI358,USA_CBU,USABBCary0,USA Baseball,USA,20250613-USABBCary0-2,ba1de520-486a-11f0-a394-69d32a1ead04,83.60868,NA,NA,8.53199,NA,NA,NA,NA,NA,NA,803347a4-030c-48a3-b0f8-f99b918e67d9,2025-06-13,15:26:06,2025-06-13T15:26:06Z,2025-06-13T15:26:06Z,NA,v3,NA,NA,NA,"Ellis, Kaine",10170887,Right,USA_CBU,7626583d-50ae-4569-925f-02f96352328f,54.85878,-124.88445,14.12346,4.90714,0.93817,-8.87836,1.64585,-3.23936,6.54682,NA,NA,NA,NA,NA,NA,NA,NA,NA,NA,NA,NA,NA,NA,NA,NA,NA,NA,NA,NA,NA,NA,NA,NA,NA,NA,NA,NA,NA,NA,NA,NA,NA,NA,NA,NA,NA,NA,NA,NA,NA,NA,NA,NA,NA,NA,NA,NA,NA,NA,High,High,High,NA,NA,NA,NA,NA,NA,NA,NA,NA,NA,NA,NA,NA,NA,NA,NA,NA,NA,NA,NA,NA,NA,NA,NA,NA,NA,NA,NA,NA,NA,NA,NA,NA,NA,NA,NA,NA,NA,NA,NA,NA,NA,NA,NA,NA,NA,NA,NA,NA,NA,NA,NA,NA,NA,NA,NA,NA,NA
NA,NA,NA,NA,NA,NA,NA,NA,NA,NA,NA,NA,NA,NA,NA,NA,75,2025-06-13,11:26:42,2,3,"Nguyen, Aiden",10100607,Left,USA_CBU,"Guillot, Colton",10150581,Right,USA_PRI358,Undefined,3,Bottom,0,1,1,Undefined,Changeup,FoulBallNotFieldable,Undefined,Undefined,Undefined,0,0,NA,84.18149,-0.836105,3.06364,2259.201049,130.14603,10:15:00,4.87312,-1.89202,5.60009,-25.51954,15.12237,-16.11438,1.96475,-0.37201,75.61696,-5.638276,0.190856,0.458837,NA,NA,NA,NA,NA,NA,NA,NA,NA,NA,NA,9.26812,8.37205,1.64051,50,4.78532,-5.86423,-121.87957,-2.58116,13.67094,28.28147,-19.82488,USA_PRI358,USA_CBU,USABBCary0,USA Baseball,USA,20250613-USABBCary0-2,cf988d60-486a-11f0-a394-69d32a1ead04,82.14774,NA,NA,8.56453,NA,NA,NA,NA,NA,NA,803347a4-030c-48a3-b0f8-f99b918e67d9,2025-06-13,15:26:42,2025-06-13T15:26:42Z,2025-06-13T15:26:42Z,NA,v3,NA,NA,NA,"Ellis, Kaine",10170887,Right,USA_CBU,b36fa93a-d4cc-4604-95c0-6c5fec0c8dbb,54.89814,-123.01091,14.14074,4.87271,-1.78811,-9.91244,1.88603,-6.41111,6.83547,NA,NA,NA,NA,NA,NA,NA,NA,NA,NA,NA,NA,NA,NA,NA,NA,NA,NA,NA,NA,NA,NA,NA,NA,NA,NA,NA,NA,NA,NA,NA,NA,NA,NA,NA,NA,NA,NA,NA,NA,NA,NA,NA,NA,NA,NA,NA,NA,NA,NA,High,High,High,NA,NA,NA,NA,NA,NA,NA,NA,NA,NA,NA,NA,NA,NA,NA,NA,NA,NA,NA,NA,NA,NA,NA,NA,NA,NA,NA,NA,NA,NA,NA,NA,NA,NA,NA,NA,NA,NA,NA,NA,NA,NA,NA,NA,NA,NA,NA,NA,NA,NA,NA,NA,NA,NA,NA,NA,NA,NA
NA,NA,NA,NA,NA,NA,NA,NA,NA,NA,NA,NA,NA,NA,NA,NA,76,2025-06-13,11:27:20,2,4,"Nguyen, Aiden",10100607,Left,USA_CBU,"Guillot, Colton",10150581,Right,USA_PRI358,Undefined,3,Bottom,0,1,2,Undefined,Changeup,BallCalled,Undefined,Undefined,Undefined,0,0,NA,73.47242,-0.735714,4.334958,1650.717257,115.643884,09:45:00,4.21268,-2.10767,5.63448,-43.79073,9.41497,-15.55867,-0.12496,0.64792,66.6675,-8.816077,1.562139,0.524989,NA,NA,NA,NA,NA,NA,NA,NA,NA,NA,NA,9.32989,5.5391,1.74876,50,4.12209,-7.50143,-106.2753,-2.65252,10.51393,20.70564,-25.93199,USA_PRI358,USA_CBU,USABBCary0,USA Baseball,USA,20250613-USABBCary0-2,e60b9f60-486a-11f0-a394-69d32a1ead04,71.79659,NA,NA,6.80492,NA,NA,NA,NA,NA,NA,803347a4-030c-48a3-b0f8-f99b918e67d9,2025-06-13,15:27:20,2025-06-13T15:27:20Z,2025-06-13T15:27:20Z,NA,v3,NA,NA,NA,"Ellis, Kaine",10170887,Right,USA_CBU,1453023b-1cdb-4de0-8a45-3fd7ace35da9,54.86383,-107.21873,10.35282,4.21603,-1.47095,-12.96599,2.10147,-7.98049,5.25697,NA,NA,NA,NA,NA,NA,NA,NA,NA,NA,NA,NA,NA,NA,NA,NA,NA,NA,NA,NA,NA,NA,NA,NA,NA,NA,NA,NA,NA,NA,NA,NA,NA,NA,NA,NA,NA,NA,NA,NA,NA,NA,NA,NA,NA,NA,NA,NA,NA,NA,High,High,High,NA,NA,NA,NA,NA,NA,NA,NA,NA,NA,NA,NA,NA,NA,NA,NA,NA,NA,NA,NA,NA,NA,NA,NA,NA,NA,NA,NA,NA,NA,NA,NA,NA,NA,NA,NA,NA,NA,NA,NA,NA,NA,NA,NA,NA,NA,NA,NA,NA,NA,NA,NA,NA,NA,NA,NA,NA,NA
NA,NA,NA,NA,NA,NA,NA,NA,NA,NA,NA,NA,NA,NA,NA,NA,77,2025-06-13,11:27:55,2,5,"Nguyen, Aiden",10100607,Left,USA_CBU,"Guillot, Colton",10150581,Right,USA_PRI358,Undefined,3,Bottom,0,2,2,Undefined,Four-Seam,InPlay,Undefined,LineDrive,Single,0,1,NA,85.23189,-0.693901,1.639179,2333.983236,135.944484,10:30:00,4.87974,-1.72522,5.61886,-22.01115,17.72375,-15.65611,2.3976,-1.49971,76.18859,-4.881918,-1.156079,0.453688,73.59019,23.570597,32.375355,4241.101694,86.45826,31.18863,68.00689,209.72887,205.39983,42.451259,2.895086,8.49288,9.64737,1.59569,50,4.8069,-2.86562,-123.43507,-2.15526,12.79248,29.99741,-17.6426,USA_PRI358,USA_CBU,USABBCary0,USA Baseball,USA,20250613-USABBCary0-2,faee4d60-486a-11f0-a394-69d32a1ead04,83.08005,31.25195,NA,9.0433,NA,NA,NA,0.83184,2.35819,1.46574,803347a4-030c-48a3-b0f8-f99b918e67d9,2025-06-13,15:27:55,2025-06-13T15:27:55Z,2025-06-13T15:27:55Z,LineDrive,v3,NA,NA,NA,"Ellis, Kaine",10170887,Right,USA_CBU,94d47ee2-adb9-4ff3-8bbe-0cba0263f115,54.87669,-124.61458,14.99871,4.87801,-1.46155,-8.8213,1.71825,-3.36863,6.39624,229.786948,0.83189,83.54758,-18.59288,4.64763,-0.95805,0.13744,-0.00605,-0.00232,4e-4,2.35811,43.16344,-16.96256,0.64025,-0.0472,0.05648,-0.03557,0.01024,-0.00109,1.46576,52.97131,-1.4234,-0.3865,0.24884,-0.08827,0.02336,-0.00397,3.1e-4,NA,NA,NA,NA,NA,NA,NA,NA,NA,NA,NA,NA,NA,NA,NA,NA,NA,NA,NA,NA,NA,NA,High,High,High,High,High,NA,NA,NA,NA,NA,NA,NA,NA,NA,NA,NA,NA,NA,NA,NA,NA,NA,NA,NA,NA,NA,NA,NA,NA,NA,NA,NA,NA,NA,NA,NA,NA,NA,NA,NA,NA,NA,NA,NA,NA,NA,NA,NA,NA,NA,NA,NA,NA,NA,NA,NA,NA,NA,NA,NA,NA
NA,NA,NA,NA,NA,NA,NA,NA,NA,NA,NA,NA,NA,NA,NA,NA,78,2025-06-13,11:28:29,3,1,"Nguyen, Aiden",10100607,Left,USA_CBU,"Granse, Parker",1000187765,Left,USA_PRI358,Undefined,3,Bottom,0,0,0,Undefined,Curveball,BallCalled,Undefined,Undefined,Undefined,0,0,NA,70.21086,2.709583,3.743144,2520.237407,313.512282,04:30:00,4.47333,-2.14702,5.45046,-70.61716,-11.27339,14.20713,1.13257,2.54619,63.46964,-10.136603,6.262679,0.554446,NA,NA,NA,NA,NA,NA,NA,NA,NA,NA,NA,-5.81815,-6.03965,1.80608,50,4.6647,-7.14133,-101.46175,2.64592,-5.89977,20.81335,-38.29844,USA_PRI358,USA_CBU,USABBCary0,USA Baseball,USA,20250613-USABBCary0-2,0f35ccd0-486b-11f0-a394-69d32a1ead04,67.98222,NA,NA,6.74123,NA,NA,NA,NA,NA,NA,803347a4-030c-48a3-b0f8-f99b918e67d9,2025-06-13,15:28:29,2025-06-13T15:28:29Z,2025-06-13T15:28:29Z,NA,v3,NA,NA,NA,"Ellis, Kaine",10170887,Right,USA_CBU,3cd0d768-e248-4861-a025-4a61152bd946,55.05025,-102.4925,10.40667,4.48671,4.54259,-19.14922,2.1525,-6.84915,-2.94989,NA,NA,NA,NA,NA,NA,NA,NA,NA,NA,NA,NA,NA,NA,NA,NA,NA,NA,NA,NA,NA,NA,NA,NA,NA,NA,NA,NA,NA,NA,NA,NA,NA,NA,NA,NA,NA,NA,NA,NA,NA,NA,NA,NA,NA,NA,NA,NA,NA,NA,High,High,High,NA,NA,NA,NA,NA,NA,NA,NA,NA,NA,NA,NA,NA,NA,NA,NA,NA,NA,NA,NA,NA,NA,NA,NA,NA,NA,NA,NA,NA,NA,NA,NA,NA,NA,NA,NA,NA,NA,NA,NA,NA,NA,NA,NA,NA,NA,NA,NA,NA,NA,NA,NA,NA,NA,NA,NA,NA,NA
NA,NA,NA,NA,NA,NA,NA,NA,NA,NA,NA,NA,NA,NA,NA,NA,79,2025-06-13,11:28:46,3,2,"Nguyen, Aiden",10100607,Left,USA_CBU,"Granse, Parker",1000187765,Left,USA_PRI358,Undefined,3,Bottom,0,1,0,Undefined,Four-Seam,StrikeCalled,Undefined,Undefined,Undefined,0,0,NA,85.47139,-1.202421,3.641632,2283.400549,140.679335,10:45:00,4.83691,-1.94761,5.76391,-22.62722,16.5004,-12.33194,1.82977,0.41863,76.95277,-5.485205,1.439223,0.450208,NA,NA,NA,NA,NA,NA,NA,NA,NA,NA,NA,7.38949,9.18705,1.65305,50,4.72369,-7.34431,-123.6687,-3.27897,11.27257,28.10793,-18.15935,USA_PRI358,USA_CBU,USABBCary0,USA Baseball,USA,20250613-USABBCary0-2,19410f00-486b-11f0-a394-69d32a1ead04,83.72231,NA,NA,8.51862,NA,NA,NA,NA,NA,NA,803347a4-030c-48a3-b0f8-f99b918e67d9,2025-06-13,15:28:46,2025-06-13T15:28:46Z,2025-06-13T15:28:46Z,NA,v3,NA,NA,NA,"Ellis, Kaine",10170887,Right,USA_CBU,907958d5-1b03-4550-be88-8b4682513d96,54.7308,-124.73931,14.05396,4.83541,-2.5873,-9.07968,1.94096,-7.77367,5.63629,NA,NA,NA,NA,NA,NA,NA,NA,NA,NA,NA,NA,NA,NA,NA,NA,NA,NA,NA,NA,NA,NA,NA,NA,NA,NA,NA,NA,NA,NA,NA,NA,NA,NA,NA,NA,NA,NA,NA,NA,NA,NA,NA,NA,NA,NA,NA,NA,NA,NA,High,High,High,NA,NA,NA,NA,NA,NA,NA,NA,NA,NA,NA,NA,NA,NA,NA,NA,NA,NA,NA,NA,NA,NA,NA,NA,NA,NA,NA,NA,NA,NA,NA,NA,NA,NA,NA,NA,NA,NA,NA,NA,NA,NA,NA,NA,NA,NA,NA,NA,NA,NA,NA,NA,NA,NA,NA,NA,NA,NA
NA,NA,NA,NA,NA,NA,NA,NA,NA,NA,NA,NA,NA,NA,NA,NA,80,2025-06-13,11:29:15,3,3,"Nguyen, Aiden",10100607,Left,USA_CBU,"Granse, Parker",1000187765,Left,USA_PRI358,Undefined,3,Bottom,0,1,1,Undefined,Four-Seam,FoulBallNotFieldable,Undefined,Undefined,Undefined,0,0,NA,85.62779,-0.331528,3.069407,2345.097678,140.469811,10:45:00,5.05405,-2.09281,5.59783,-20.68828,18.86757,-14.27442,3.02006,-0.41395,76.24927,-4.290793,0.526126,0.452665,NA,NA,NA,NA,NA,NA,NA,NA,NA,NA,NA,8.3452,10.10953,1.83928,50,5.01285,-6.03598,-123.86537,-1.32662,12.62645,30.76335,-16.87812,USA_PRI358,USA_CBU,USABBCary0,USA Baseball,USA,20250613-USABBCary0-2,2af2ef70-486b-11f0-a394-69d32a1ead04,83.26789,NA,NA,9.37853,NA,NA,NA,NA,NA,NA,803347a4-030c-48a3-b0f8-f99b918e67d9,2025-06-13,15:29:15,2025-06-13T15:29:15Z,2025-06-13T15:29:15Z,NA,v3,NA,NA,NA,"Ellis, Kaine",10170887,Right,USA_CBU,db30b167-cb58-46eb-b5d3-e07d8e5b58c8,54.89822,-125.07598,15.38168,5.05199,-0.66242,-8.43906,2.08658,-6.53286,6.31322,NA,NA,NA,NA,NA,NA,NA,NA,NA,NA,NA,NA,NA,NA,NA,NA,NA,NA,NA,NA,NA,NA,NA,NA,NA,NA,NA,NA,NA,NA,NA,NA,NA,NA,NA,NA,NA,NA,NA,NA,NA,NA,NA,NA,NA,NA,NA,NA,NA,NA,High,High,High,NA,NA,NA,NA,NA,NA,NA,NA,NA,NA,NA,NA,NA,NA,NA,NA,NA,NA,NA,NA,NA,NA,NA,NA,NA,NA,NA,NA,NA,NA,NA,NA,NA,NA,NA,NA,NA,NA,NA,NA,NA,NA,NA,NA,NA,NA,NA,NA,NA,NA,NA,NA,NA,NA,NA,NA,NA,NA
NA,NA,NA,NA,NA,NA,NA,NA,NA,NA,NA,NA,NA,NA,NA,NA,81,2025-06-13,11:29:39,3,4,"Nguyen, Aiden",10100607,Left,USA_CBU,"Granse, Parker",1000187765,Left,USA_PRI358,Undefined,3,Bottom,0,1,2,Undefined,Changeup,StrikeCalled,Strikeout,Undefined,Undefined,0,0,NA,83.73752,0.834617,4.502963,2314.257721,123.120413,10:00:00,4.83537,-2.02969,5.8561,-27.52651,13.01162,-17.73158,3.31941,0.68506,75.46623,-4.341471,1.336259,0.458251,NA,NA,NA,NA,NA,NA,NA,NA,NA,NA,NA,10.38249,6.80126,1.67353,50,4.88748,-8.80943,-121.13762,0.92639,15.25129,26.188,-22.18334,USA_PRI358,USA_CBU,USABBCary0,USA Baseball,USA,20250613-USABBCary0-2,394c7d20-486b-11f0-a394-69d32a1ead04,82.25286,NA,NA,8.27129,NA,NA,NA,NA,NA,NA,803347a4-030c-48a3-b0f8-f99b918e67d9,2025-06-13,15:29:39,2025-06-13T15:29:39Z,2025-06-13T15:29:39Z,NA,v3,NA,NA,NA,"Ellis, Kaine",10170887,Right,USA_CBU,57933fee-65ae-47df-bbbb-e199db6ac1e4,54.64034,-122.13667,13.094,4.836,1.77266,-11.09167,2.0207,-9.39125,7.62565,NA,NA,NA,NA,NA,NA,NA,NA,NA,NA,NA,NA,NA,NA,NA,NA,NA,NA,NA,NA,NA,NA,NA,NA,NA,NA,NA,NA,NA,NA,NA,NA,NA,NA,NA,NA,NA,NA,NA,NA,NA,NA,NA,NA,NA,NA,NA,NA,NA,NA,High,High,High,NA,NA,NA,NA,NA,NA,NA,NA,NA,NA,NA,NA,NA,NA,NA,NA,NA,NA,NA,NA,NA,NA,NA,NA,NA,NA,NA,NA,NA,NA,NA,NA,NA,NA,NA,NA,NA,NA,NA,NA,NA,NA,NA,NA,NA,NA,NA,NA,NA,NA,NA,NA,NA,NA,NA,NA,NA,NA
NA,NA,NA,NA,NA,NA,NA,NA,NA,NA,NA,NA,NA,NA,NA,NA,82,2025-06-13,11:30:14,4,1,"Nguyen, Aiden",10100607,Left,USA_CBU,"Gravely IV, Warren",1000162866,Right,USA_PRI358,Undefined,3,Bottom,1,0,0,Undefined,Changeup,BallCalled,Undefined,Undefined,Undefined,0,0,NA,73.31537,1.032296,5.207134,1606.48064,115.137121,09:45:00,4.33607,-2.16658,5.60025,-42.42888,10.95512,-19.33635,1.76815,1.09673,66.4451,-6.819649,1.774526,0.525868,NA,NA,NA,NA,NA,NA,NA,NA,NA,NA,NA,11.31186,5.78666,1.73216,50,4.39767,-8.94256,-105.93517,0.67133,12.74219,19.57264,-25.65571,USA_PRI358,USA_CBU,USABBCary0,USA Baseball,USA,20250613-USABBCary0-2,4dc5e200-486b-11f0-a394-69d32a1ead04,71.67657,NA,NA,6.87027,NA,NA,NA,NA,NA,NA,803347a4-030c-48a3-b0f8-f99b918e67d9,2025-06-13,15:30:14,2025-06-13T15:30:14Z,2025-06-13T15:30:14Z,NA,v3,NA,NA,NA,"Ellis, Kaine",10170887,Right,USA_CBU,9b51bb9f-c851-4143-8a7a-77bd99d322dd,54.89707,-106.83612,9.78632,4.33959,1.8523,-12.82785,2.1573,-9.5291,6.3711,NA,NA,NA,NA,NA,NA,NA,NA,NA,NA,NA,NA,NA,NA,NA,NA,NA,NA,NA,NA,NA,NA,NA,NA,NA,NA,NA,NA,NA,NA,NA,NA,NA,NA,NA,NA,NA,NA,NA,NA,NA,NA,NA,NA,NA,NA,NA,NA,NA,NA,High,High,High,NA,NA,NA,NA,NA,NA,NA,NA,NA,NA,NA,NA,NA,NA,NA,NA,NA,NA,NA,NA,NA,NA,NA,NA,NA,NA,NA,NA,NA,NA,NA,NA,NA,NA,NA,NA,NA,NA,NA,NA,NA,NA,NA,NA,NA,NA,NA,NA,NA,NA,NA,NA,NA,NA,NA,NA,NA,NA
NA,NA,NA,NA,NA,NA,NA,NA,NA,NA,NA,NA,NA,NA,NA,NA,83,2025-06-13,11:30:31,4,2,"Nguyen, Aiden",10100607,Left,USA_CBU,"Gravely IV, Warren",1000162866,Right,USA_PRI358,Undefined,3,Bottom,1,1,0,Undefined,Changeup,InPlay,Undefined,LineDrive,Out,1,0,NA,85.36855,-0.101297,2.985305,2357.886171,126.116336,10:15:00,4.82382,-1.8508,5.94798,-23.47887,15.28485,-19.05284,2.77317,-0.66714,77.00152,-4.552722,-0.433368,0.448109,90.5139,29.912433,-2.414209,2183.430633,109.98338,56.63662,-1.90502,335.62949,331.8841,0.499435,4.636807,10.74969,8.2704,1.62393,50,4.80274,-5.68759,-123.76508,-0.91438,16.44825,27.81824,-19.5194,USA_PRI358,USA_CBU,USABBCary0,USA Baseball,USA,20250613-USABBCary0-2,583e16d0-486b-11f0-a394-69d32a1ead04,84.11436,73.29239,NA,8.36703,NA,NA,NA,1.53881,2.79867,0.6631,803347a4-030c-48a3-b0f8-f99b918e67d9,2025-06-13,15:30:31,2025-06-13T15:30:31Z,2025-06-13T15:30:31Z,FlyBall,v3,NA,NA,NA,"Ellis, Kaine",10170887,Right,USA_CBU,0f3b5b97-2373-4596-8cf2-9285233a5aa5,54.55045,-124.78367,13.90912,4.82313,-0.19966,-9.7597,1.84322,-6.28987,8.22413,191.432581,1.5387,114.97203,-20.63785,5.04519,-1.15785,0.26756,-0.0532,0.00676,-3.7e-4,2.79986,66.17124,-16.80052,0.44905,0.26533,-0.17037,0.04827,-0.00665,3.6e-4,0.66295,-4.84354,3.07718,-0.90808,0.20986,-0.03798,0.00498,-4.4e-4,2e-5,NA,NA,NA,NA,NA,NA,NA,NA,NA,NA,NA,NA,NA,NA,NA,NA,NA,NA,NA,NA,NA,NA,High,High,High,High,High,NA,NA,NA,NA,NA,NA,NA,NA,NA,NA,NA,NA,NA,NA,NA,NA,NA,NA,NA,NA,NA,NA,NA,NA,NA,NA,NA,NA,NA,NA,NA,NA,NA,NA,NA,NA,NA,NA,NA,NA,NA,NA,NA,NA,NA,NA,NA,NA,NA,NA,NA,NA,NA,NA,NA,NA
NA,NA,NA,NA,NA,NA,NA,NA,NA,NA,NA,NA,NA,NA,NA,NA,84,2025-06-13,11:31:01,5,1,"Nguyen, Aiden",10100607,Left,USA_CBU,"Condon, Trevor",1000396090,Left,USA_PRI358,Undefined,3,Bottom,2,0,0,Undefined,Changeup,BallCalled,Undefined,Undefined,Undefined,1,0,NA,86.51002,0.557916,3.417105,2407.994045,125.051636,10:15:00,5.08587,-1.60414,5.50923,-23.99021,14.37316,-18.5597,3.60938,0.04857,78.02509,-3.9462,0.116985,0.445789,NA,NA,NA,NA,NA,NA,NA,NA,NA,NA,NA,10.32493,7.45626,1.31823,50,5.11886,-6.65424,-125.25327,0.43723,16.23003,27.77944,-20.45336,USA_PRI358,USA_CBU,USABBCary0,USA Baseball,USA,20250613-USABBCary0-2,698a0980-486b-11f0-a394-69d32a1ead04,84.55212,NA,NA,8.48493,NA,NA,NA,NA,NA,NA,803347a4-030c-48a3-b0f8-f99b918e67d9,2025-06-13,15:31:01,2025-06-13T15:31:01Z,2025-06-13T15:31:01Z,NA,v3,NA,NA,NA,"Ellis, Kaine",10170887,Right,USA_CBU,89732343-3614-4330-8f86-49199a984918,54.98705,-126.35449,13.88972,5.08546,1.24803,-10.22668,1.59477,-7.29762,8.11501,NA,NA,NA,NA,NA,NA,NA,NA,NA,NA,NA,NA,NA,NA,NA,NA,NA,NA,NA,NA,NA,NA,NA,NA,NA,NA,NA,NA,NA,NA,NA,NA,NA,NA,NA,NA,NA,NA,NA,NA,NA,NA,NA,NA,NA,NA,NA,NA,NA,NA,High,High,High,NA,NA,NA,NA,NA,NA,NA,NA,NA,NA,NA,NA,NA,NA,NA,NA,NA,NA,NA,NA,NA,NA,NA,NA,NA,NA,NA,NA,NA,NA,NA,NA,NA,NA,NA,NA,NA,NA,NA,NA,NA,NA,NA,NA,NA,NA,NA,NA,NA,NA,NA,NA,NA,NA,NA,NA,NA,NA
NA,NA,NA,NA,NA,NA,NA,NA,NA,NA,NA,NA,NA,NA,NA,NA,85,2025-06-13,11:33:28,1,1,"Flanary, Lyndan",10051521,Right,USA_PRI358,"Knierim, James",10929696,Left,USA_CBU,Undefined,4,Top,0,0,0,Undefined,Four-Seam,BallCalled,Undefined,Undefined,Undefined,0,0,NA,89.801,-0.362316,-1.288865,2475.804085,218.51053,01:15:00,5.50341,1.95684,5.35506,-24.20399,11.31516,8.06548,3.14653,1.42,81.64174,-4.856571,0.144443,0.428946,NA,NA,NA,NA,NA,NA,NA,NA,NA,NA,NA,-4.39288,6.13441,-1.84677,50,5.4539,2.55596,-130.24374,-1.69712,-7.51025,28.55633,-21.68636,USA_PRI358,USA_CBU,USABBCary0,USA Baseball,USA,20250613-USABBCary0-2,c14f36e0-486b-11f0-a394-69d32a1ead04,87.87223,NA,NA,8.15926,NA,NA,NA,NA,NA,NA,803347a4-030c-48a3-b0f8-f99b918e67d9,2025-06-13,15:33:28,2025-06-13T15:33:28Z,2025-06-13T15:33:28Z,NA,v3,NA,NA,NA,"Gravely IV, Warren",1000162866,Right,USA_PRI358,c962df06-c55a-4b7e-94e7-54147b935f31,55.1412,-131.36612,14.27816,5.50385,-0.84476,-10.84318,-1.95302,2.85115,-3.75512,NA,NA,NA,NA,NA,NA,NA,NA,NA,NA,NA,NA,NA,NA,NA,NA,NA,NA,NA,NA,NA,NA,NA,NA,NA,NA,NA,NA,NA,NA,NA,NA,NA,NA,NA,NA,NA,NA,NA,NA,NA,NA,NA,NA,NA,NA,NA,NA,NA,NA,High,High,High,NA,NA,NA,NA,NA,NA,NA,NA,NA,NA,NA,NA,NA,NA,NA,NA,NA,NA,NA,NA,NA,NA,NA,NA,NA,NA,NA,NA,NA,NA,NA,NA,NA,NA,NA,NA,NA,NA,NA,NA,NA,NA,NA,NA,NA,NA,NA,NA,NA,NA,NA,NA,NA,NA,NA,NA,NA,NA
NA,NA,NA,NA,NA,NA,NA,NA,NA,NA,NA,NA,NA,NA,NA,NA,86,2025-06-13,11:33:42,1,2,"Flanary, Lyndan",10051521,Right,USA_PRI358,"Knierim, James",10929696,Left,USA_CBU,Undefined,4,Top,0,1,0,Undefined,Slider,InPlay,Undefined,LineDrive,Single,0,0,NA,88.72968,-1.695047,-2.68485,2428.094742,213.953905,01:15:00,5.41252,1.91743,5.3552,-26.94143,9.42914,5.55059,1.57549,-0.13986,81.0806,-6.653927,-1.699252,0.434057,87.21763,16.456218,19.464569,916.069786,102.42713,19.31787,40.10794,211.22386,211.15375,23.251042,2.141363,-3.56567,5.56512,-1.68,50,5.24086,5.78454,-128.60003,-4.79046,-5.95576,27.31246,-22.87854,USA_PRI358,USA_CBU,USABBCary0,USA Baseball,USA,20250613-USABBCary0-2,c9bb4800-486b-11f0-a394-69d32a1ead04,86.83763,19.32491,NA,7.64908,NA,NA,NA,1.39546,1.62617,0.15964,803347a4-030c-48a3-b0f8-f99b918e67d9,2025-06-13,15:33:42,2025-06-13T15:33:42Z,2025-06-13T15:33:42Z,LineDrive,v3,NA,NA,NA,"Gravely IV, Warren",1000162866,Right,USA_PRI358,22661cb4-bdfb-4f13-87c9-16f7bf18f542,55.14349,-129.68782,13.65623,5.4135,-3.87926,-11.43927,-1.91511,6.02174,-2.97788,258.486558,1.39545,115.66867,-16.41552,2.97939,-0.48737,-0.01945,0.04441,-0.01382,0.00158,1.62617,36.23696,-20.06855,1.82967,-0.37539,0.09161,-0.02201,0.00447,-4.5e-4,0.15967,40.87774,-0.0962,-0.61364,0.02601,0.13547,-0.08511,0.02354,-0.00259,NA,NA,NA,NA,NA,NA,NA,NA,NA,NA,NA,NA,NA,NA,NA,NA,NA,NA,NA,NA,NA,NA,High,High,High,High,High,NA,NA,NA,NA,NA,NA,NA,NA,NA,NA,NA,NA,NA,NA,NA,NA,NA,NA,NA,NA,NA,NA,NA,NA,NA,NA,NA,NA,NA,NA,NA,NA,NA,NA,NA,NA,NA,NA,NA,NA,NA,NA,NA,NA,NA,NA,NA,NA,NA,NA,NA,NA,NA,NA,NA,NA
NA,NA,NA,NA,NA,NA,NA,NA,NA,NA,NA,NA,NA,NA,NA,NA,87,2025-06-13,11:34:17,2,1,"Flanary, Lyndan",10051521,Right,USA_PRI358,"Chung, Rodney",10172484,Right,USA_CBU,Undefined,4,Top,0,0,0,Undefined,Curveball,FoulBallNotFieldable,Undefined,Undefined,Undefined,0,0,NA,79.33229,1.178718,-1.964003,2499.26235,349.691296,05:45:00,5.36693,2.01211,4.64509,-50.21534,-3.27402,0.88453,2.30321,0.2188,72.22973,-7.860377,-1.808828,0.493116,82.51988,-40.737766,-79.794247,NA,NA,NA,NA,4.19417,2.72524,-45.243608,0.031156,-1.03362,-1.57961,-1.81197,50,5.44139,3.90227,-114.89843,0.46527,-1.36925,23.08416,-34.26661,USA_PRI358,USA_CBU,USABBCary0,USA Baseball,USA,20250613-USABBCary0-2,dea68180-486b-11f0-a394-69d32a1ead04,76.43725,2.46718,NA,7.10256,NA,NA,NA,2.44554,2.46718,-0.1591,803347a4-030c-48a3-b0f8-f99b918e67d9,2025-06-13,15:34:17,2025-06-13T15:34:17Z,2025-06-13T15:34:17Z,GroundBall,v3,NA,NA,NA,"Gravely IV, Warren",1000162866,Right,USA_PRI358,78ba7646-2789-4fea-ba9d-406aaad5a218,55.85484,-116.06876,11.54208,5.37377,2.20253,-17.13331,-2.01157,3.97169,-0.68463,NA,2.44533,16.29055,NA,NA,NA,NA,NA,NA,NA,2.4682,-79.18783,NA,NA,NA,NA,NA,NA,NA,-0.15792,-90.48697,NA,NA,NA,NA,NA,NA,NA,NA,NA,NA,NA,NA,NA,NA,NA,NA,NA,NA,NA,NA,NA,NA,NA,NA,NA,NA,NA,NA,NA,High,High,High,Low,Low,NA,NA,NA,NA,NA,NA,NA,NA,NA,NA,NA,NA,NA,NA,NA,NA,NA,NA,NA,NA,NA,NA,NA,NA,NA,NA,NA,NA,NA,NA,NA,NA,NA,NA,NA,NA,NA,NA,NA,NA,NA,NA,NA,NA,NA,NA,NA,NA,NA,NA,NA,NA,NA,NA,NA,NA
NA,NA,NA,NA,NA,NA,NA,NA,NA,NA,NA,NA,NA,NA,NA,NA,88,2025-06-13,11:34:41,2,2,"Flanary, Lyndan",10051521,Right,USA_PRI358,"Chung, Rodney",10172484,Right,USA_CBU,Undefined,4,Top,0,0,1,Undefined,Curveball,BallCalled,Undefined,Undefined,Undefined,0,0,NA,80.90806,2.563222,-1.768079,2550.383167,44.139332,07:30:00,5.27685,2.04504,4.67212,-48.08026,-2.76929,-4.22197,3.70742,0.01341,73.12132,-6.126267,-2.508026,0.484477,NA,NA,NA,NA,NA,NA,NA,NA,NA,NA,NA,1.49386,-1.62449,-1.86092,50,5.49492,3.80342,-117.01563,3.36613,2.0471,24.48527,-34.40018,USA_PRI358,USA_CBU,USABBCary0,USA Baseball,USA,20250613-USABBCary0-2,ed26f820-486b-11f0-a394-69d32a1ead04,77.80029,NA,NA,7.78673,NA,NA,NA,NA,NA,NA,803347a4-030c-48a3-b0f8-f99b918e67d9,2025-06-13,15:34:41,2025-06-13T15:34:41Z,2025-06-13T15:34:41Z,NA,v3,NA,NA,NA,"Gravely IV, Warren",1000162866,Right,USA_PRI358,9944723b-d296-4c1f-b57b-f16c592b7b3f,55.82455,-118.22812,12.24263,5.28605,5.0696,-17.20009,-2.04676,3.70205,1.02355,NA,NA,NA,NA,NA,NA,NA,NA,NA,NA,NA,NA,NA,NA,NA,NA,NA,NA,NA,NA,NA,NA,NA,NA,NA,NA,NA,NA,NA,NA,NA,NA,NA,NA,NA,NA,NA,NA,NA,NA,NA,NA,NA,NA,NA,NA,NA,NA,NA,NA,High,High,High,NA,NA,NA,NA,NA,NA,NA,NA,NA,NA,NA,NA,NA,NA,NA,NA,NA,NA,NA,NA,NA,NA,NA,NA,NA,NA,NA,NA,NA,NA,NA,NA,NA,NA,NA,NA,NA,NA,NA,NA,NA,NA,NA,NA,NA,NA,NA,NA,NA,NA,NA,NA,NA,NA,NA,NA,NA,NA
NA,NA,NA,NA,NA,NA,NA,NA,NA,NA,NA,NA,NA,NA,NA,NA,89,2025-06-13,11:34:59,2,3,"Flanary, Lyndan",10051521,Right,USA_PRI358,"Chung, Rodney",10172484,Right,USA_CBU,Undefined,4,Top,0,1,1,Undefined,Slider,StrikeSwinging,Undefined,Undefined,Undefined,0,0,NA,79.93108,-0.349006,-2.901742,2569.082984,29.525357,07:00:00,5.39148,1.93446,5.1385,-47.15703,-2.1274,-1.98953,1.13267,-0.96605,73.68675,-8.863382,-3.253772,0.48297,NA,NA,NA,NA,NA,NA,NA,NA,NA,NA,NA,0.18713,-0.52677,-1.66076,50,5.32228,5.95697,-115.90014,-2.41038,0.25466,21.55691,-32.89092,USA_PRI358,USA_CBU,USABBCary0,USA Baseball,USA,20250613-USABBCary0-2,f7a4f950-486b-11f0-a394-69d32a1ead04,78.04296,NA,NA,6.24433,NA,NA,NA,NA,NA,NA,803347a4-030c-48a3-b0f8-f99b918e67d9,2025-06-13,15:34:59,2025-06-13T15:34:59Z,2025-06-13T15:34:59Z,NA,v3,NA,NA,NA,"Gravely IV, Warren",1000162866,Right,USA_PRI358,d823dc0f-ea55-4d9b-a25d-eed7c7d2e8e0,55.3612,-116.89305,10.77845,5.39841,-0.89543,-16.44546,-1.93486,5.94524,0.12733,NA,NA,NA,NA,NA,NA,NA,NA,NA,NA,NA,NA,NA,NA,NA,NA,NA,NA,NA,NA,NA,NA,NA,NA,NA,NA,NA,NA,NA,NA,NA,NA,NA,NA,NA,NA,NA,NA,NA,NA,NA,NA,NA,NA,NA,NA,NA,NA,NA,NA,High,High,High,NA,NA,NA,NA,NA,NA,NA,NA,NA,NA,NA,NA,NA,NA,NA,NA,NA,NA,NA,NA,NA,NA,NA,NA,NA,NA,NA,NA,NA,NA,NA,NA,NA,NA,NA,NA,NA,NA,NA,NA,NA,NA,NA,NA,NA,NA,NA,NA,NA,NA,NA,NA,NA,NA,NA,NA,NA,NA
NA,NA,NA,NA,NA,NA,NA,NA,NA,NA,NA,NA,NA,NA,NA,NA,90,2025-06-13,11:35:16,2,4,"Flanary, Lyndan",10051521,Right,USA_PRI358,"Chung, Rodney",10172484,Right,USA_CBU,Undefined,4,Top,0,1,2,Undefined,Slider,BallCalled,Undefined,Undefined,Undefined,0,0,NA,81.18709,0.596338,-0.352561,2628.281068,38.338439,07:15:00,5.28459,1.97569,4.51855,-47.7055,-3.20709,-3.60992,1.87715,1.33906,74.72524,-7.943505,-0.98525,0.480113,NA,NA,NA,NA,NA,NA,NA,NA,NA,NA,NA,1.66256,-1.31555,-1.9352,50,5.3013,0.88636,-117.78318,-0.67094,2.3414,21.84482,-34.02673,USA_PRI358,USA_CBU,USABBCary0,USA Baseball,USA,20250613-USABBCary0-2,0240bbb0-486c-11f0-a394-69d32a1ead04,78.50739,NA,NA,6.46186,NA,NA,NA,NA,NA,NA,803347a4-030c-48a3-b0f8-f99b918e67d9,2025-06-13,15:35:16,2025-06-13T15:35:16Z,2025-06-13T15:35:16Z,NA,v3,NA,NA,NA,"Gravely IV, Warren",1000162866,Right,USA_PRI358,2472d0c9-66ae-4b30-8c53-24b50f8649f1,55.98157,-118.88738,10.92241,5.29175,1.04903,-17.01337,-1.97701,0.76801,1.1707,NA,NA,NA,NA,NA,NA,NA,NA,NA,NA,NA,NA,NA,NA,NA,NA,NA,NA,NA,NA,NA,NA,NA,NA,NA,NA,NA,NA,NA,NA,NA,NA,NA,NA,NA,NA,NA,NA,NA,NA,NA,NA,NA,NA,NA,NA,NA,NA,NA,NA,High,High,High,NA,NA,NA,NA,NA,NA,NA,NA,NA,NA,NA,NA,NA,NA,NA,NA,NA,NA,NA,NA,NA,NA,NA,NA,NA,NA,NA,NA,NA,NA,NA,NA,NA,NA,NA,NA,NA,NA,NA,NA,NA,NA,NA,NA,NA,NA,NA,NA,NA,NA,NA,NA,NA,NA,NA,NA,NA,NA
NA,NA,NA,NA,NA,NA,NA,NA,NA,NA,NA,NA,NA,NA,NA,NA,91,2025-06-13,11:35:40,2,5,"Flanary, Lyndan",10051521,Right,USA_PRI358,"Chung, Rodney",10172484,Right,USA_CBU,Undefined,4,Top,0,2,2,Undefined,Slider,InPlay,Undefined,FlyBall,Out,1,0,NA,81.74718,0.94829,-1.620588,2552.715162,76.547979,08:30:00,5.36871,2.00528,4.84339,-42.58853,0.86181,-2.01193,2.71794,0.30287,74.99655,-6.750992,-1.97472,0.474425,76.41683,37.498215,27.673838,4922.63855,91.37709,65.3681,61.23854,248.4105,165.1982,40.899938,4.389799,0.55217,0.51598,-1.84321,50,5.42583,3.4412,-118.57532,0.35574,0.78687,22.46975,-31.43872,USA_PRI358,USA_CBU,USABBCary0,USA Baseball,USA,20250613-USABBCary0-2,104572a0-486c-11f0-a394-69d32a1ead04,79.44859,69.20408,NA,6.75063,NA,NA,NA,1.16812,2.91714,-0.60339,803347a4-030c-48a3-b0f8-f99b918e67d9,2025-06-13,15:35:40,2025-06-13T15:35:40Z,2025-06-13T15:35:40Z,FlyBall,v3,NA,NA,NA,"Gravely IV, Warren",1000162866,Right,USA_PRI358,e6f53bec-1a27-4778-847f-bf62e79b7270,55.65678,-119.64247,11.23488,5.37348,1.84885,-15.71936,-2.00575,3.40383,0.39344,218.033392,1.17114,78.67746,-18.22056,4.2588,-0.60415,7.5e-4,0.00905,4.6e-4,-1.7e-4,2.91794,68.19971,-19.43341,0.79684,0.38091,-0.29444,0.09829,-0.01559,9.4e-4,-0.60249,41.2751,0.21192,-1.16671,0.59955,-0.21613,0.05224,-0.00704,3.9e-4,NA,NA,NA,NA,NA,NA,NA,NA,NA,NA,NA,NA,NA,NA,NA,NA,NA,NA,NA,NA,NA,NA,High,High,High,High,Medium,NA,NA,NA,NA,NA,NA,NA,NA,NA,NA,NA,NA,NA,NA,NA,NA,NA,NA,NA,NA,NA,NA,NA,NA,NA,NA,NA,NA,NA,NA,NA,NA,NA,NA,NA,NA,NA,NA,NA,NA,NA,NA,NA,NA,NA,NA,NA,NA,NA,NA,NA,NA,NA,NA,NA,NA
NA,NA,NA,NA,NA,NA,NA,NA,NA,NA,NA,NA,NA,NA,NA,NA,92,2025-06-13,11:36:12,3,1,"Flanary, Lyndan",10051521,Right,USA_PRI358,"Murtagh, Cannon",10172271,Right,USA_CBU,Undefined,4,Top,1,0,0,Undefined,Curveball,FoulBallNotFieldable,Undefined,Undefined,Undefined,0,0,NA,81.35029,0.954383,-2.242898,2595.982819,5.387799,06:15:00,5.29098,2.06393,4.75866,-46.16869,-1.97441,-0.31937,2.34938,-0.09063,74.45403,-7.365544,-2.299012,0.47847,NA,NA,NA,NA,NA,NA,NA,NA,NA,NA,NA,-0.48201,-0.84732,-1.8385,50,5.34597,4.63152,-117.89801,0.19255,-0.67679,22.91817,-33.36382,USA_PRI358,USA_CBU,USABBCary0,USA Baseball,USA,20250613-USABBCary0-2,233180c0-486c-11f0-a394-69d32a1ead04,78.77707,NA,NA,6.89626,NA,NA,NA,NA,NA,NA,803347a4-030c-48a3-b0f8-f99b918e67d9,2025-06-13,15:36:12,2025-06-13T15:36:12Z,2025-06-13T15:36:12Z,NA,v3,NA,NA,NA,"Gravely IV, Warren",1000162866,Right,USA_PRI358,c3c76433-e98d-4d33-bedc-c5ed04dc8989,55.741,-119.00877,11.45909,5.29745,1.80957,-16.68191,-2.06377,4.66432,-0.3384,NA,NA,NA,NA,NA,NA,NA,NA,NA,NA,NA,NA,NA,NA,NA,NA,NA,NA,NA,NA,NA,NA,NA,NA,NA,NA,NA,NA,NA,NA,NA,NA,NA,NA,NA,NA,NA,NA,NA,NA,NA,NA,NA,NA,NA,NA,NA,NA,NA,NA,High,High,High,NA,NA,NA,NA,NA,NA,NA,NA,NA,NA,NA,NA,NA,NA,NA,NA,NA,NA,NA,NA,NA,NA,NA,NA,NA,NA,NA,NA,NA,NA,NA,NA,NA,NA,NA,NA,NA,NA,NA,NA,NA,NA,NA,NA,NA,NA,NA,NA,NA,NA,NA,NA,NA,NA,NA,NA,NA,NA
NA,NA,NA,NA,NA,NA,NA,NA,NA,NA,NA,NA,NA,NA,NA,NA,93,2025-06-13,11:36:26,3,2,"Flanary, Lyndan",10051521,Right,USA_PRI358,"Murtagh, Cannon",10172271,Right,USA_CBU,Undefined,4,Top,1,0,1,Undefined,Four-Seam,InPlay,Undefined,LineDrive,Single,0,0,NA,90.01378,-0.602292,-2.495583,2470.824893,217.088643,01:15:00,5.526,1.76733,5.46137,-25.88934,9.56871,6.29473,2.80426,-0.04544,81.42584,-5.410802,-1.375853,0.428577,87.15525,17.856683,-25.473572,2291.536167,96.75408,26.50676,-52.33194,243.10235,242.14346,-32.364915,2.748478,-3.96973,5.35949,-1.55198,50,5.45543,5.40419,-130.43691,-2.30277,-6.75903,30.43697,-23.04878,USA_PRI358,USA_CBU,USABBCary0,USA Baseball,USA,20250613-USABBCary0-2,2b639620-486c-11f0-a394-69d32a1ead04,87.94787,27.43279,NA,8.58794,NA,NA,NA,1.92028,2.88345,0.08316,803347a4-030c-48a3-b0f8-f99b918e67d9,2025-06-13,15:36:26,2025-06-13T15:36:26Z,2025-06-13T15:36:26Z,LineDrive,v3,NA,NA,NA,"Gravely IV, Warren",1000162866,Right,USA_PRI358,97a6c394-9ff9-460d-992e-26e735c08b90,55.03666,-131.60695,15.21848,5.52693,-1.41675,-11.52439,-1.76471,5.66402,-3.37951,127.657691,1.92033,109.83897,-21.85792,5.27679,-1.10208,0.15148,-0.00208,-0.00412,6.1e-4,2.8834,39.19903,-16.49283,0.6581,-0.00393,0.02688,-0.02203,0.00711,-8e-4,0.08315,-52.32915,0.80247,1.08091,-0.50789,0.15855,-0.03797,0.00593,-4.4e-4,NA,NA,NA,NA,NA,NA,NA,NA,NA,NA,NA,NA,NA,NA,NA,NA,NA,NA,NA,NA,NA,NA,High,High,High,High,High,NA,NA,NA,NA,NA,NA,NA,NA,NA,NA,NA,NA,NA,NA,NA,NA,NA,NA,NA,NA,NA,NA,NA,NA,NA,NA,NA,NA,NA,NA,NA,NA,NA,NA,NA,NA,NA,NA,NA,NA,NA,NA,NA,NA,NA,NA,NA,NA,NA,NA,NA,NA,NA,NA,NA,NA
NA,NA,NA,NA,NA,NA,NA,NA,NA,NA,NA,NA,NA,NA,NA,NA,94,2025-06-13,11:37:05,4,1,"Flanary, Lyndan",10051521,Right,USA_PRI358,"Perez, Isaiah",10143372,Right,USA_CBU,Undefined,4,Top,1,0,0,Undefined,Slider,BallCalled,Undefined,Undefined,Undefined,0,0,NA,82.44123,-0.486639,-3.311401,2489.972366,10.136801,06:15:00,5.33991,2.061,4.66727,-46.61132,-2.46996,-0.74284,0.99261,-1.14977,74.23263,-8.884764,-3.441637,0.478183,NA,NA,NA,NA,NA,NA,NA,NA,NA,NA,NA,-0.78028,-0.47433,-1.72243,50,5.24854,6.92204,-119.04143,-2.86227,-1.0945,27.63531,-32.83939,USA_PRI358,USA_CBU,USABBCary0,USA Baseball,USA,20250613-USABBCary0-2,429a4640-486c-11f0-a394-69d32a1ead04,78.82428,NA,NA,8.2086,NA,NA,NA,NA,NA,NA,803347a4-030c-48a3-b0f8-f99b918e67d9,2025-06-13,15:37:05,2025-06-13T15:37:05Z,2025-06-13T15:37:05Z,NA,v3,NA,NA,NA,"Gravely IV, Warren",1000162866,Right,USA_PRI358,3ddd95de-5c02-4f5c-8f97-ae6b34b3e488,55.8273,-120.38663,13.81766,5.34896,-1.26375,-16.4197,-2.06067,6.97532,-0.54725,NA,NA,NA,NA,NA,NA,NA,NA,NA,NA,NA,NA,NA,NA,NA,NA,NA,NA,NA,NA,NA,NA,NA,NA,NA,NA,NA,NA,NA,NA,NA,NA,NA,NA,NA,NA,NA,NA,NA,NA,NA,NA,NA,NA,NA,NA,NA,NA,NA,NA,High,High,High,NA,NA,NA,NA,NA,NA,NA,NA,NA,NA,NA,NA,NA,NA,NA,NA,NA,NA,NA,NA,NA,NA,NA,NA,NA,NA,NA,NA,NA,NA,NA,NA,NA,NA,NA,NA,NA,NA,NA,NA,NA,NA,NA,NA,NA,NA,NA,NA,NA,NA,NA,NA,NA,NA,NA,NA,NA,NA
NA,NA,NA,NA,NA,NA,NA,NA,NA,NA,NA,NA,NA,NA,NA,NA,95,2025-06-13,11:37:30,4,2,"Flanary, Lyndan",10051521,Right,USA_PRI358,"Perez, Isaiah",10143372,Right,USA_CBU,Undefined,4,Top,1,1,0,Undefined,Sinker,InPlay,Undefined,LineDrive,Out,1,0,NA,89.68113,-1.432672,-2.810198,2531.204507,228.999881,01:45:00,5.42455,2.00972,5.43413,-26.91423,8.69504,8.62485,1.83814,0.09467,81.63287,-6.401561,-1.276575,0.42949,91.30324,15.638492,17.324559,NA,102.84379,23.0322,39.02675,253.53077,238.10723,25.594141,2.666076,-5.1763,5.15118,-1.76692,50,5.2791,5.99164,-129.94991,-4.23555,-8.79885,28.74105,-23.41788,USA_PRI358,USA_CBU,USABBCary0,USA Baseball,USA,20250613-USABBCary0-2,52017360-486c-11f0-a394-69d32a1ead04,87.76092,24.27682,NA,8.04827,NA,NA,NA,0.63409,1.74963,-0.06563,803347a4-030c-48a3-b0f8-f99b918e67d9,2025-06-13,15:37:30,2025-06-13T15:37:30Z,2025-06-13T15:37:30Z,LineDrive,v3,NA,NA,NA,"Gravely IV, Warren",1000162866,Right,USA_PRI358,6fe35881-0a58-4735-8960-f011297bdb49,55.06392,-131.06511,14.37053,5.42582,-3.3269,-11.70894,-2.00603,6.33305,-4.39942,232.686227,0.63406,123.10477,-22.32144,4.86709,-1.02058,0.18579,-0.02256,3.8e-4,2e-4,1.74967,36.09649,-15.08858,0.48404,0.0226,-5.3e-4,-0.01247,0.00549,-6.9e-4,-0.06558,38.39898,2.93362,-1.41054,0.43841,-0.08711,0.0018600000000000001,0.00358,-5.5e-4,NA,NA,NA,NA,NA,NA,NA,NA,NA,NA,NA,NA,NA,NA,NA,NA,NA,NA,NA,NA,NA,NA,High,High,High,High,High,NA,NA,NA,NA,NA,NA,NA,NA,NA,NA,NA,NA,NA,NA,NA,NA,NA,NA,NA,NA,NA,NA,NA,NA,NA,NA,NA,NA,NA,NA,NA,NA,NA,NA,NA,NA,NA,NA,NA,NA,NA,NA,NA,NA,NA,NA,NA,NA,NA,NA,NA,NA,NA,NA,NA,NA
NA,NA,NA,NA,NA,NA,NA,NA,NA,NA,NA,NA,NA,NA,NA,NA,96,2025-06-13,11:38:05,5,1,"Flanary, Lyndan",10051521,Right,USA_PRI358,"Fernandez, Isaiah",10144922,Right,USA_CBU,Undefined,4,Top,2,0,0,Undefined,Cutter,BallCalled,Undefined,Undefined,Undefined,0,0,NA,89.60145,1.308102,-1.453202,2424.269781,212.075758,01:00:00,5.50065,1.77758,5.48362,-28.08092,7.49552,3.95457,4.38505,0.7472,81.22995,-3.897044,-0.749263,0.429292,NA,NA,NA,NA,NA,NA,NA,NA,NA,NA,NA,-2.40327,3.76032,-1.65282,50,5.59664,3.11369,-129.91505,1.93897,-4.08197,28.78875,-25.78714,USA_PRI358,USA_CBU,USABBCary0,USA Baseball,USA,20250613-USABBCary0-2,668586a0-486c-11f0-a394-69d32a1ead04,87.80146,NA,NA,8.3715,NA,NA,NA,NA,NA,NA,803347a4-030c-48a3-b0f8-f99b918e67d9,2025-06-13,15:38:05,2025-06-13T15:38:05Z,2025-06-13T15:38:05Z,NA,v3,NA,NA,NA,"Gravely IV, Warren",1000162866,Right,USA_PRI358,9a03b1a6-1218-4ac1-bab8-53e0edeafc30,55.01213,-131.02101,14.39437,5.50312,2.92963,-12.89357,-1.77545,3.27051,-2.04098,NA,NA,NA,NA,NA,NA,NA,NA,NA,NA,NA,NA,NA,NA,NA,NA,NA,NA,NA,NA,NA,NA,NA,NA,NA,NA,NA,NA,NA,NA,NA,NA,NA,NA,NA,NA,NA,NA,NA,NA,NA,NA,NA,NA,NA,NA,NA,NA,NA,NA,High,High,High,NA,NA,NA,NA,NA,NA,NA,NA,NA,NA,NA,NA,NA,NA,NA,NA,NA,NA,NA,NA,NA,NA,NA,NA,NA,NA,NA,NA,NA,NA,NA,NA,NA,NA,NA,NA,NA,NA,NA,NA,NA,NA,NA,NA,NA,NA,NA,NA,NA,NA,NA,NA,NA,NA,NA,NA,NA,NA
NA,NA,NA,NA,NA,NA,NA,NA,NA,NA,NA,NA,NA,NA,NA,NA,97,2025-06-13,11:38:21,5,2,"Flanary, Lyndan",10051521,Right,USA_PRI358,"Fernandez, Isaiah",10144922,Right,USA_CBU,Undefined,4,Top,2,1,0,Undefined,Slider,StrikeCalled,Undefined,Undefined,Undefined,0,0,NA,80.29795,1.863601,-1.615003,2449.342792,55.425766,07:45:00,5.43755,2.18494,4.78596,-47.82404,-2.13622,-5.37697,3.21984,0.20577,72.82013,-6.790018,-2.560028,0.486487,NA,NA,NA,NA,NA,NA,NA,NA,NA,NA,NA,2.12,-1.09291,-2.01876,50,5.58239,3.516,-116.24021,1.96016,2.8709,23.87412,-33.65405,USA_PRI358,USA_CBU,USABBCary0,USA Baseball,USA,20250613-USABBCary0-2,70308060-486c-11f0-a394-69d32a1ead04,77.47876,NA,NA,7.47783,NA,NA,NA,NA,NA,NA,803347a4-030c-48a3-b0f8-f99b918e67d9,2025-06-13,15:38:21,2025-06-13T15:38:21Z,2025-06-13T15:38:21Z,NA,v3,NA,NA,NA,"Gravely IV, Warren",1000162866,Right,USA_PRI358,17f5259f-ac24-4b99-a092-5fb6d24971ca,55.71093,-117.4073,11.93706,5.44635,3.60534,-16.82703,-2.1872,3.37566,1.43545,NA,NA,NA,NA,NA,NA,NA,NA,NA,NA,NA,NA,NA,NA,NA,NA,NA,NA,NA,NA,NA,NA,NA,NA,NA,NA,NA,NA,NA,NA,NA,NA,NA,NA,NA,NA,NA,NA,NA,NA,NA,NA,NA,NA,NA,NA,NA,NA,NA,NA,High,High,High,NA,NA,NA,NA,NA,NA,NA,NA,NA,NA,NA,NA,NA,NA,NA,NA,NA,NA,NA,NA,NA,NA,NA,NA,NA,NA,NA,NA,NA,NA,NA,NA,NA,NA,NA,NA,NA,NA,NA,NA,NA,NA,NA,NA,NA,NA,NA,NA,NA,NA,NA,NA,NA,NA,NA,NA,NA,NA
NA,NA,NA,NA,NA,NA,NA,NA,NA,NA,NA,NA,NA,NA,NA,NA,98,2025-06-13,11:38:39,5,3,"Flanary, Lyndan",10051521,Right,USA_PRI358,"Fernandez, Isaiah",10144922,Right,USA_CBU,Undefined,4,Top,2,1,1,Undefined,Curveball,StrikeSwinging,Undefined,Undefined,Undefined,0,0,NA,80.61402,0.167931,-2.842899,2553.749304,39.425473,07:15:00,5.19229,1.97067,4.94027,-52.67538,-7.64406,-7.51741,0.96159,-1.34479,73.72357,-9.302894,-4.168382,0.48298,NA,NA,NA,NA,NA,NA,NA,NA,NA,NA,NA,2.83016,-3.34146,-1.68778,50,5.16506,6.12185,-116.75898,-1.65651,3.86803,24.02484,-36.74086,USA_PRI358,USA_CBU,USABBCary0,USA Baseball,USA,20250613-USABBCary0-2,7afd64e0-486c-11f0-a394-69d32a1ead04,78.04148,NA,NA,6.89045,NA,NA,NA,NA,NA,NA,803347a4-030c-48a3-b0f8-f99b918e67d9,2025-06-13,15:38:39,2025-06-13T15:38:39Z,2025-06-13T15:38:39Z,NA,v3,NA,NA,NA,"Gravely IV, Warren",1000162866,Right,USA_PRI358,70c26031-ecbf-453e-8f2a-51665c99e06e,55.55927,-117.89733,12.01242,5.20231,0.08436,-18.37043,-1.9735,5.93858,1.93402,NA,NA,NA,NA,NA,NA,NA,NA,NA,NA,NA,NA,NA,NA,NA,NA,NA,NA,NA,NA,NA,NA,NA,NA,NA,NA,NA,NA,NA,NA,NA,NA,NA,NA,NA,NA,NA,NA,NA,NA,NA,NA,NA,NA,NA,NA,NA,NA,NA,NA,High,High,High,NA,NA,NA,NA,NA,NA,NA,NA,NA,NA,NA,NA,NA,NA,NA,NA,NA,NA,NA,NA,NA,NA,NA,NA,NA,NA,NA,NA,NA,NA,NA,NA,NA,NA,NA,NA,NA,NA,NA,NA,NA,NA,NA,NA,NA,NA,NA,NA,NA,NA,NA,NA,NA,NA,NA,NA,NA,NA
NA,NA,NA,NA,NA,NA,NA,NA,NA,NA,NA,NA,NA,NA,NA,NA,99,2025-06-13,11:39:00,5,4,"Flanary, Lyndan",10051521,Right,USA_PRI358,"Fernandez, Isaiah",10144922,Right,USA_CBU,Undefined,4,Top,2,1,2,Undefined,Slider,InPlay,Undefined,Popup,Single,0,1,NA,80.82113,1.561281,-2.503431,2543.773191,32.500876,07:00:00,5.26774,2.1862,4.63035,-47.56325,-2.18854,-2.38516,2.78992,-0.39359,73.35365,-7.012269,-2.921107,0.484817,66.0812,24.273511,-10.227796,2536.213874,108.50864,31.3327,-18.05054,204.79349,204.45334,-9.296703,3.081083,0.3965,-1.11382,-1.92694,50,5.38436,5.2187,-116.94702,1.34895,0.54352,24.14502,-33.70094,USA_PRI358,USA_CBU,USABBCary0,USA Baseball,USA,20250613-USABBCary0-2,879e4610-486c-11f0-a394-69d32a1ead04,77.74563,31.33373,NA,7.46748,NA,NA,NA,0.69672,2.76205,0.4196,803347a4-030c-48a3-b0f8-f99b918e67d9,2025-06-13,15:39:00,2025-06-13T15:39:00Z,2025-06-13T15:39:00Z,LineDrive,v3,NA,NA,NA,"Gravely IV, Warren",1000162866,Right,USA_PRI358,5a989f86-4441-42ab-946e-c93c249bb04d,55.86809,-118.15234,12.07251,5.27503,3.0313,-16.85047,-2.18678,5.19157,0.27176,186.383236,0.69651,86.95623,-11.72195,2.61231,-0.76215,0.32645,-0.12079,0.02563,-0.00219,2.76244,39.8264,-14.41663,0.13472,0.46319,-0.37153,0.15392,-0.03167,0.00254,0.41966,-15.69048,2.89344,-0.80476,0.2592,-0.09867,0.03138,-0.00599,4.8e-4,NA,NA,NA,NA,NA,NA,NA,NA,NA,NA,NA,NA,NA,NA,NA,NA,NA,NA,NA,NA,NA,NA,High,High,High,High,High,NA,NA,NA,NA,NA,NA,NA,NA,NA,NA,NA,NA,NA,NA,NA,NA,NA,NA,NA,NA,NA,NA,NA,NA,NA,NA,NA,NA,NA,NA,NA,NA,NA,NA,NA,NA,NA,NA,NA,NA,NA,NA,NA,NA,NA,NA,NA,NA,NA,NA,NA,NA,NA,NA,NA,NA
NA,NA,NA,NA,NA,NA,NA,NA,NA,NA,NA,NA,NA,NA,NA,NA,100,2025-06-13,11:39:54,6,1,"Flanary, Lyndan",10051521,Right,USA_PRI358,"Carrion, Kobe",10249456,Right,USA_CBU,Undefined,4,Top,2,0,0,Undefined,Four-Seam,StrikeSwinging,Undefined,Undefined,Undefined,0,0,NA,89.17218,-1.756601,-3.026993,2450.454413,207.755634,01:00:00,5.65937,1.69085,5.27125,-21.14729,15.21269,7.34032,2.24427,-0.54341,80.85394,-5.703508,-1.726979,0.433993,NA,NA,NA,NA,NA,NA,NA,NA,NA,NA,NA,-4.55284,8.49493,-1.41951,50,5.4835,6.48293,-129.05829,-4.69222,-7.6203,28.76959,-17.95567,USA_PRI358,USA_CBU,USABBCary0,USA Baseball,USA,20250613-USABBCary0-2,a77a18b0-486c-11f0-a394-69d32a1ead04,86.85026,NA,NA,8.31824,NA,NA,NA,NA,NA,NA,803347a4-030c-48a3-b0f8-f99b918e67d9,2025-06-13,15:39:54,2025-06-13T15:39:54Z,2025-06-13T15:39:54Z,NA,v3,NA,NA,NA,"Gravely IV, Warren",1000162866,Right,USA_PRI358,274dd8bd-d8cd-493a-b924-752f4141998a,55.22431,-130.21768,14.38479,5.65801,-3.96863,-8.97783,-1.68696,6.79002,-3.81015,NA,NA,NA,NA,NA,NA,NA,NA,NA,NA,NA,NA,NA,NA,NA,NA,NA,NA,NA,NA,NA,NA,NA,NA,NA,NA,NA,NA,NA,NA,NA,NA,NA,NA,NA,NA,NA,NA,NA,NA,NA,NA,NA,NA,NA,NA,NA,NA,NA,NA,High,High,High,NA,NA,NA,NA,NA,NA,NA,NA,NA,NA,NA,NA,NA,NA,NA,NA,NA,NA,NA,NA,NA,NA,NA,NA,NA,NA,NA,NA,NA,NA,NA,NA,NA,NA,NA,NA,NA,NA,NA,NA,NA,NA,NA,NA,NA,NA,NA,NA,NA,NA,NA,NA,NA,NA,NA,NA,NA,NA
NA,NA,NA,NA,NA,NA,NA,NA,NA,NA,NA,NA,NA,NA,NA,NA,101,2025-06-13,11:40:12,6,2,"Flanary, Lyndan",10051521,Right,USA_PRI358,"Carrion, Kobe",10249456,Right,USA_CBU,Undefined,4,Top,2,0,1,Undefined,Four-Seam,StrikeSwinging,Undefined,Undefined,Undefined,0,0,NA,90.33792,-0.841836,-2.588823,2509.783567,204.718683,12:45:00,5.56637,1.87344,5.15885,-21.71781,13.49367,5.69859,2.96328,-0.09013,82.56781,-4.863907,-1.581278,0.427084,NA,NA,NA,NA,NA,NA,NA,NA,NA,NA,NA,-3.53225,7.28367,-1.63614,50,5.47143,5.65192,-130.95777,-2.71999,-6.14428,27.226,-19.50422,USA_PRI358,USA_CBU,USABBCary0,USA Baseball,USA,20250613-USABBCary0-2,b277d130-486c-11f0-a394-69d32a1ead04,88.25528,NA,NA,7.77012,NA,NA,NA,NA,NA,NA,803347a4-030c-48a3-b0f8-f99b918e67d9,2025-06-13,15:40:12,2025-06-13T15:40:12Z,2025-06-13T15:40:12Z,NA,v3,NA,NA,NA,"Gravely IV, Warren",1000162866,Right,USA_PRI358,d859f1df-25c1-4faa-b19a-3f21b3b69722,55.33825,-132.06292,13.613,5.56577,-1.92828,-9.75211,-1.87063,5.90133,-3.07214,NA,NA,NA,NA,NA,NA,NA,NA,NA,NA,NA,NA,NA,NA,NA,NA,NA,NA,NA,NA,NA,NA,NA,NA,NA,NA,NA,NA,NA,NA,NA,NA,NA,NA,NA,NA,NA,NA,NA,NA,NA,NA,NA,NA,NA,NA,NA,NA,NA,NA,High,High,High,NA,NA,NA,NA,NA,NA,NA,NA,NA,NA,NA,NA,NA,NA,NA,NA,NA,NA,NA,NA,NA,NA,NA,NA,NA,NA,NA,NA,NA,NA,NA,NA,NA,NA,NA,NA,NA,NA,NA,NA,NA,NA,NA,NA,NA,NA,NA,NA,NA,NA,NA,NA,NA,NA,NA,NA,NA,NA
NA,NA,NA,NA,NA,NA,NA,NA,NA,NA,NA,NA,NA,NA,NA,NA,102,2025-06-13,11:40:29,6,3,"Flanary, Lyndan",10051521,Right,USA_PRI358,"Carrion, Kobe",10249456,Right,USA_CBU,Undefined,4,Top,2,0,2,Undefined,Four-Seam,StrikeCalled,Strikeout,Undefined,Undefined,0,0,NA,90.45325,-1.624671,-4.010271,2425.84646,216.459303,01:15:00,5.55655,1.89318,5.24229,-20.79182,14.71186,9.93957,2.29283,-1.05363,81.79421,-5.507289,-2.253837,0.428853,NA,NA,NA,NA,NA,NA,NA,NA,NA,NA,NA,-6.15422,8.19953,-1.53168,50,5.3919,8.69583,-130.75942,-4.44711,-10.55486,29.9943,-18.11137,USA_PRI358,USA_CBU,USABBCary0,USA Baseball,USA,20250613-USABBCary0-2,bca36ca0-486c-11f0-a394-69d32a1ead04,87.89136,NA,NA,8.65904,NA,NA,NA,NA,NA,NA,803347a4-030c-48a3-b0f8-f99b918e67d9,2025-06-13,15:40:29,2025-06-13T15:40:29Z,2025-06-13T15:40:29Z,NA,v3,NA,NA,NA,"Gravely IV, Warren",1000162866,Right,USA_PRI358,e6387be8-1387-4374-bb75-6fbf38820f22,55.25335,-131.95896,14.99715,5.55527,-3.72279,-9.05569,-1.88789,9.11795,-5.27743,NA,NA,NA,NA,NA,NA,NA,NA,NA,NA,NA,NA,NA,NA,NA,NA,NA,NA,NA,NA,NA,NA,NA,NA,NA,NA,NA,NA,NA,NA,NA,NA,NA,NA,NA,NA,NA,NA,NA,NA,NA,NA,NA,NA,NA,NA,NA,NA,NA,NA,High,High,High,NA,NA,NA,NA,NA,NA,NA,NA,NA,NA,NA,NA,NA,NA,NA,NA,NA,NA,NA,NA,NA,NA,NA,NA,NA,NA,NA,NA,NA,NA,NA,NA,NA,NA,NA,NA,NA,NA,NA,NA,NA,NA,NA,NA,NA,NA,NA,NA,NA,NA,NA,NA,NA,NA,NA,NA,NA,NA
NA,NA,NA,NA,NA,NA,NA,NA,NA,NA,NA,NA,NA,NA,NA,NA,103,2025-06-13,11:42:34,1,1,"Nguyen, Aiden",10100607,Left,USA_CBU,"Condon, Trevor",1000396090,Left,USA_PRI358,Undefined,4,Bottom,0,0,0,Undefined,Sinker,BallCalled,Undefined,Undefined,Undefined,0,0,NA,86.25922,-1.043204,4.775716,2320.834837,130.737523,10:15:00,4.9943,-1.45536,5.73693,-23.06084,15.21229,-16.10973,2.09765,1.65958,78.12128,-5.38134,1.906074,0.445265,NA,NA,NA,NA,NA,NA,NA,NA,NA,NA,NA,9.54859,8.42961,1.06655,50,4.89317,-9.72972,-124.7452,-2.9967800000000002,14.93565,26.81559,-18.98867,USA_PRI358,USA_CBU,USABBCary0,USA Baseball,USA,20250613-USABBCary0-2,0741e700-486d-11f0-a394-69d32a1ead04,84.65173,NA,NA,8.13795,NA,NA,NA,NA,NA,NA,803347a4-030c-48a3-b0f8-f99b918e67d9,2025-06-13,15:42:34,2025-06-13T15:42:34Z,2025-06-13T15:42:34Z,NA,v3,NA,NA,NA,"Ellis, Kaine",10170887,Right,USA_CBU,d749b9c7-10dd-4e4b-b14e-2e7f2f1511d1,54.75953,-125.76416,13.4078,4.99333,-2.27523,-9.49433,1.44704,-10.29726,7.46783,NA,NA,NA,NA,NA,NA,NA,NA,NA,NA,NA,NA,NA,NA,NA,NA,NA,NA,NA,NA,NA,NA,NA,NA,NA,NA,NA,NA,NA,NA,NA,NA,NA,NA,NA,NA,NA,NA,NA,NA,NA,NA,NA,NA,NA,NA,NA,NA,NA,NA,High,High,High,NA,NA,NA,NA,NA,NA,NA,NA,NA,NA,NA,NA,NA,NA,NA,NA,NA,NA,NA,NA,NA,NA,NA,NA,NA,NA,NA,NA,NA,NA,NA,NA,NA,NA,NA,NA,NA,NA,NA,NA,NA,NA,NA,NA,NA,NA,NA,NA,NA,NA,NA,NA,NA,NA,NA,NA,NA,NA
NA,NA,NA,NA,NA,NA,NA,NA,NA,NA,NA,NA,NA,NA,NA,NA,104,2025-06-13,11:42:45,1,2,"Nguyen, Aiden",10100607,Left,USA_CBU,"Condon, Trevor",1000396090,Left,USA_PRI358,Undefined,4,Bottom,0,1,0,Undefined,Changeup,StrikeCalled,Undefined,Undefined,Undefined,0,0,NA,86.12821,-0.221047,3.847345,2326.193747,121.238896,10:00:00,4.81343,-1.62387,5.82411,-24.86564,13.42453,-19.88206,2.53533,0.30143,77.72674,-4.903517,0.292273,0.445364,NA,NA,NA,NA,NA,NA,NA,NA,NA,NA,NA,11.22359,7.30914,1.32027,50,4.78081,-7.53419,-124.71098,-1.26059,17.4765,27.72066,-20.7928,USA_PRI358,USA_CBU,USABBCary0,USA Baseball,USA,20250613-USABBCary0-2,0d78c8a0-486d-11f0-a394-69d32a1ead04,84.63287,NA,NA,8.40147,NA,NA,NA,NA,NA,NA,803347a4-030c-48a3-b0f8-f99b918e67d9,2025-06-13,15:42:45,2025-06-13T15:42:45Z,2025-06-13T15:42:45Z,NA,v3,NA,NA,NA,"Ellis, Kaine",10170887,Right,USA_CBU,7a944bd6-68f9-4951-a9c5-778ea755b6e0,54.67225,-125.74524,13.86033,4.81337,-0.48482,-10.3964,1.61353,-8.18623,8.73825,NA,NA,NA,NA,NA,NA,NA,NA,NA,NA,NA,NA,NA,NA,NA,NA,NA,NA,NA,NA,NA,NA,NA,NA,NA,NA,NA,NA,NA,NA,NA,NA,NA,NA,NA,NA,NA,NA,NA,NA,NA,NA,NA,NA,NA,NA,NA,NA,NA,NA,High,High,High,NA,NA,NA,NA,NA,NA,NA,NA,NA,NA,NA,NA,NA,NA,NA,NA,NA,NA,NA,NA,NA,NA,NA,NA,NA,NA,NA,NA,NA,NA,NA,NA,NA,NA,NA,NA,NA,NA,NA,NA,NA,NA,NA,NA,NA,NA,NA,NA,NA,NA,NA,NA,NA,NA,NA,NA,NA,NA
NA,NA,NA,NA,NA,NA,NA,NA,NA,NA,NA,NA,NA,NA,NA,NA,105,2025-06-13,11:43:00,1,3,"Nguyen, Aiden",10100607,Left,USA_CBU,"Condon, Trevor",1000396090,Left,USA_PRI358,Undefined,4,Bottom,0,1,1,Undefined,Changeup,StrikeCalled,Undefined,Undefined,Undefined,0,0,NA,85.95951,-0.892958,4.426981,2342.296275,126.346942,10:15:00,4.79488,-1.6891,5.74814,-24.19277,14.40682,-17.70076,1.94493,0.96554,77.63681,-5.443999,1.270153,0.44716,NA,NA,NA,NA,NA,NA,NA,NA,NA,NA,NA,10.28725,7.99898,1.33127,50,4.70594,-8.86708,-124.34556,-2.70105,15.93531,27.40675,-19.78335,USA_PRI358,USA_CBU,USABBCary0,USA Baseball,USA,20250613-USABBCary0-2,165d1700-486d-11f0-a394-69d32a1ead04,84.293,NA,NA,8.32269,NA,NA,NA,NA,NA,NA,803347a4-030c-48a3-b0f8-f99b918e67d9,2025-06-13,15:43:00,2025-06-13T15:43:00Z,2025-06-13T15:43:00Z,NA,v3,NA,NA,NA,"Ellis, Kaine",10170887,Right,USA_CBU,703dfd33-2137-44c6-90a0-138ceda2d229,54.74812,-125.38772,13.70338,4.79435,-1.94878,-9.89167,1.67996,-9.47303,7.96765,NA,NA,NA,NA,NA,NA,NA,NA,NA,NA,NA,NA,NA,NA,NA,NA,NA,NA,NA,NA,NA,NA,NA,NA,NA,NA,NA,NA,NA,NA,NA,NA,NA,NA,NA,NA,NA,NA,NA,NA,NA,NA,NA,NA,NA,NA,NA,NA,NA,NA,High,High,High,NA,NA,NA,NA,NA,NA,NA,NA,NA,NA,NA,NA,NA,NA,NA,NA,NA,NA,NA,NA,NA,NA,NA,NA,NA,NA,NA,NA,NA,NA,NA,NA,NA,NA,NA,NA,NA,NA,NA,NA,NA,NA,NA,NA,NA,NA,NA,NA,NA,NA,NA,NA,NA,NA,NA,NA,NA,NA
NA,NA,NA,NA,NA,NA,NA,NA,NA,NA,NA,NA,NA,NA,NA,NA,106,2025-06-13,11:43:14,1,4,"Nguyen, Aiden",10100607,Left,USA_CBU,"Condon, Trevor",1000396090,Left,USA_PRI358,Undefined,4,Bottom,0,1,2,Undefined,Curveball,StrikeSwinging,Strikeout,Undefined,Undefined,0,0,NA,70.29442,2.634622,1.271943,2413.036757,300.944245,04:00:00,4.44907,-2.02004,5.02382,-68.21606,-8.49241,17.82367,1.25289,0.66571,63.61155,-9.718147,4.420383,0.556217,NA,NA,NA,NA,NA,NA,NA,NA,NA,NA,NA,-8.36024,-4.44524,1.88327,50,4.64679,-2.92942,-101.72362,2.46124,-8.56112,20.217,-36.72611,USA_PRI358,USA_CBU,USABBCary0,USA Baseball,USA,20250613-USABBCary0-2,1eebf260-486d-11f0-a394-69d32a1ead04,67.76567,NA,NA,6.68287,NA,NA,NA,NA,NA,NA,803347a4-030c-48a3-b0f8-f99b918e67d9,2025-06-13,15:43:14,2025-06-13T15:43:14Z,2025-06-13T15:43:14Z,NA,v3,NA,NA,NA,"Ellis, Kaine",10170887,Right,USA_CBU,33bab562-6415-42de-bf9c-60d6b2ec118e,55.47629,-102.80624,10.1085,4.46233,4.42792,-18.36306,2.02787,-2.47097,-4.28056,NA,NA,NA,NA,NA,NA,NA,NA,NA,NA,NA,NA,NA,NA,NA,NA,NA,NA,NA,NA,NA,NA,NA,NA,NA,NA,NA,NA,NA,NA,NA,NA,NA,NA,NA,NA,NA,NA,NA,NA,NA,NA,NA,NA,NA,NA,NA,NA,NA,NA,High,High,High,NA,NA,NA,NA,NA,NA,NA,NA,NA,NA,NA,NA,NA,NA,NA,NA,NA,NA,NA,NA,NA,NA,NA,NA,NA,NA,NA,NA,NA,NA,NA,NA,NA,NA,NA,NA,NA,NA,NA,NA,NA,NA,NA,NA,NA,NA,NA,NA,NA,NA,NA,NA,NA,NA,NA,NA,NA,NA
NA,NA,NA,NA,NA,NA,NA,NA,NA,NA,NA,NA,NA,NA,NA,NA,107,2025-06-13,11:43:39,2,1,"Nguyen, Aiden",10100607,Left,USA_CBU,"Borthwick, Coleman",10116144,Right,USA_PRI358,Undefined,4,Bottom,1,0,0,Undefined,Changeup,StrikeCalled,Undefined,Undefined,Undefined,0,0,NA,87.29715,-0.420777,1.682434,2415.900288,124.671602,10:15:00,4.93992,-1.63375,5.46446,-22.61076,15.07288,-19.86552,2.6617,-1.71409,78.84734,-4.667857,-1.854484,0.441822,NA,NA,NA,NA,NA,NA,NA,NA,NA,NA,NA,10.43154,8.0963,1.49923,50,4.88781,-2.82132,-126.54368,-1.67201,16.71455,28.67735,-19.20126,USA_PRI358,USA_CBU,USABBCary0,USA Baseball,USA,20250613-USABBCary0-2,2da50530-486d-11f0-a394-69d32a1ead04,85.31128,NA,NA,8.44981,NA,NA,NA,NA,NA,NA,803347a4-030c-48a3-b0f8-f99b918e67d9,2025-06-13,15:43:39,2025-06-13T15:43:39Z,2025-06-13T15:43:39Z,NA,v3,NA,NA,NA,"Ellis, Kaine",10170887,Right,USA_CBU,a700e842-c61f-4822-9f2b-411bcb900311,55.03174,-127.67888,14.33867,4.93896,-0.91193,-9.60063,1.62401,-3.48297,8.35728,NA,NA,NA,NA,NA,NA,NA,NA,NA,NA,NA,NA,NA,NA,NA,NA,NA,NA,NA,NA,NA,NA,NA,NA,NA,NA,NA,NA,NA,NA,NA,NA,NA,NA,NA,NA,NA,NA,NA,NA,NA,NA,NA,NA,NA,NA,NA,NA,NA,NA,High,High,High,NA,NA,NA,NA,NA,NA,NA,NA,NA,NA,NA,NA,NA,NA,NA,NA,NA,NA,NA,NA,NA,NA,NA,NA,NA,NA,NA,NA,NA,NA,NA,NA,NA,NA,NA,NA,NA,NA,NA,NA,NA,NA,NA,NA,NA,NA,NA,NA,NA,NA,NA,NA,NA,NA,NA,NA,NA,NA
NA,NA,NA,NA,NA,NA,NA,NA,NA,NA,NA,NA,NA,NA,NA,NA,108,2025-06-13,11:43:51,2,2,"Nguyen, Aiden",10100607,Left,USA_CBU,"Borthwick, Coleman",10116144,Right,USA_PRI358,Undefined,4,Bottom,1,0,1,Undefined,Changeup,FoulBallNotFieldable,Undefined,Undefined,Undefined,0,0,NA,73.08937,2.910151,1.880624,1504.928523,92.125042,09:00:00,4.33382,-1.97451,5.59726,-50.81881,2.41776,-18.26458,2.81972,-1.74013,66.57345,-6.441196,-1.376895,0.525142,58.9629,17.687791,162.34022,2416.324638,NA,NA,NA,95.13043,53.88864,161.242478,1.232186,9.59682,1.0489,1.82443,50,4.55154,-2.78051,-105.91819,3.81139,10.85643,18.79772,-30.98746,USA_PRI358,USA_CBU,USABBCary0,USA Baseball,USA,20250613-USABBCary0-2,347d08d0-486d-11f0-a394-69d32a1ead04,71.77576,9.70115,NA,6.51592,NA,NA,NA,0.85647,2.71698,1.72598,803347a4-030c-48a3-b0f8-f99b918e67d9,2025-06-13,15:43:51,2025-06-13T15:43:51Z,2025-06-13T15:43:51Z,GroundBall,v3,NA,NA,NA,"Ellis, Kaine",10170887,Right,USA_CBU,1c734ec6-3ffe-4c84-9e32-cc7139cb7643,54.89972,-106.78423,9.39886,4.34306,5.23902,-15.49373,1.96405,-3.28068,5.42822,359.222205,0.85646,-78.50511,5.00957,-0.79632,-1.33074,2.93322,-3.00075,1.50943,-0.299,2.71697,26.27528,-26.30674,3.35266,-0.95119,0.61218,-0.50721,0.24666,-0.04871,1.72599,24.99269,-1.69449,0.19209,0.84257,-1.75526,1.78698,-0.89837,0.17797,NA,NA,NA,NA,NA,NA,NA,NA,NA,NA,NA,NA,NA,NA,NA,NA,NA,NA,NA,NA,NA,NA,High,High,High,Medium,Medium,NA,NA,NA,NA,NA,NA,NA,NA,NA,NA,NA,NA,NA,NA,NA,NA,NA,NA,NA,NA,NA,NA,NA,NA,NA,NA,NA,NA,NA,NA,NA,NA,NA,NA,NA,NA,NA,NA,NA,NA,NA,NA,NA,NA,NA,NA,NA,NA,NA,NA,NA,NA,NA,NA,NA,NA
NA,NA,NA,NA,NA,NA,NA,NA,NA,NA,NA,NA,NA,NA,NA,NA,109,2025-06-13,11:44:06,2,3,"Nguyen, Aiden",10100607,Left,USA_CBU,"Borthwick, Coleman",10116144,Right,USA_PRI358,Undefined,4,Bottom,1,0,2,Undefined,Changeup,InPlay,Undefined,FlyBall,Out,1,0,NA,73.6106,1.521611,3.637515,1534.409018,101.406236,09:30:00,4.2535,-2.14156,5.6008,-47.27585,5.36177,-17.73343,1.73757,-0.21892,66.98671,-7.186957,0.478481,0.522179,91.94914,30.67573,-29.108473,3316.487307,96.67371,62.62843,-52.48013,347.22498,266.51726,-30.602468,5.183232,10.13308,2.72705,1.84181,50,4.35331,-6.14503,-106.63046,1.41759,11.57835,19.62988,-29.05805,USA_PRI358,USA_CBU,USABBCary0,USA Baseball,USA,20250613-USABBCary0-2,3dfbc270-486d-11f0-a394-69d32a1ead04,72.18295,86.93156,NA,6.62389,NA,NA,NA,2.95106,3.49108,1.12766,803347a4-030c-48a3-b0f8-f99b918e67d9,2025-06-13,15:44:06,2025-06-13T15:44:06Z,2025-06-13T15:44:06Z,FlyBall,v3,NA,NA,NA,"Ellis, Kaine",10170887,Right,USA_CBU,0baf4191-54e9-423a-99e4-8bd2b78d8f1b,54.89929,-107.52861,9.81494,4.25804,2.74711,-14.52902,2.13509,-6.67478,5.78917,174.317791,2.95374,101.28387,-20.68355,4.75313,-0.81066,0.10421,-0.01179,0.00125,-7e-5,3.49062,68.80657,-14.83296,0.09407,0.23216,-0.13038,0.03689,-0.00505,2.6e-4,1.12635,-56.39782,9.99939,-2.19948,0.35819,-0.04364,0.00502,-5.9e-4,4e-5,NA,NA,NA,NA,NA,NA,NA,NA,NA,NA,NA,NA,NA,NA,NA,NA,NA,NA,NA,NA,NA,NA,High,High,High,Medium,Low,NA,NA,NA,NA,NA,NA,NA,NA,NA,NA,NA,NA,NA,NA,NA,NA,NA,NA,NA,NA,NA,NA,NA,NA,NA,NA,NA,NA,NA,NA,NA,NA,NA,NA,NA,NA,NA,NA,NA,NA,NA,NA,NA,NA,NA,NA,NA,NA,NA,NA,NA,NA,NA,NA,NA,NA
NA,NA,NA,NA,NA,NA,NA,NA,NA,NA,NA,NA,NA,NA,NA,NA,110,2025-06-13,11:44:39,3,1,"Nguyen, Aiden",10100607,Left,USA_CBU,"Rojas, Gio",1000271810,Right,USA_PRI358,Undefined,4,Bottom,2,0,0,Undefined,Changeup,BallCalled,Undefined,Undefined,Undefined,0,0,NA,87.57431,1.316456,2.567536,2389.243406,118.098801,10:00:00,4.8284,-1.67984,5.75314,-26.25608,10.79516,-17.80332,3.86734,-0.77171,79.00526,-3.60722,-0.61563,0.4381,NA,NA,NA,NA,NA,NA,NA,NA,NA,NA,NA,9.77201,5.46512,1.4773,50,4.922,-4.91333,-126.92168,2.0499,15.76582,28.63126,-23.35683,USA_PRI358,USA_CBU,USABBCary0,USA Baseball,USA,20250613-USABBCary0-2,5139e830-486d-11f0-a394-69d32a1ead04,86.03622,NA,NA,8.56904,NA,NA,NA,NA,NA,NA,803347a4-030c-48a3-b0f8-f99b918e67d9,2025-06-13,15:44:39,2025-06-13T15:44:39Z,2025-06-13T15:44:39Z,NA,v3,NA,NA,NA,"Ellis, Kaine",10170887,Right,USA_CBU,c26743bb-f32a-4980-bb5d-0124ae408404,54.74345,-127.98725,14.31563,4.82954,2.91917,-11.67842,1.67108,-5.50008,7.88291,NA,NA,NA,NA,NA,NA,NA,NA,NA,NA,NA,NA,NA,NA,NA,NA,NA,NA,NA,NA,NA,NA,NA,NA,NA,NA,NA,NA,NA,NA,NA,NA,NA,NA,NA,NA,NA,NA,NA,NA,NA,NA,NA,NA,NA,NA,NA,NA,NA,NA,High,High,High,NA,NA,NA,NA,NA,NA,NA,NA,NA,NA,NA,NA,NA,NA,NA,NA,NA,NA,NA,NA,NA,NA,NA,NA,NA,NA,NA,NA,NA,NA,NA,NA,NA,NA,NA,NA,NA,NA,NA,NA,NA,NA,NA,NA,NA,NA,NA,NA,NA,NA,NA,NA,NA,NA,NA,NA,NA,NA
NA,NA,NA,NA,NA,NA,NA,NA,NA,NA,NA,NA,NA,NA,NA,NA,111,2025-06-13,11:44:52,3,2,"Nguyen, Aiden",10100607,Left,USA_CBU,"Rojas, Gio",1000271810,Right,USA_PRI358,Undefined,4,Bottom,2,1,0,Undefined,Changeup,BallCalled,Undefined,Undefined,Undefined,0,0,NA,86.50049,-0.914344,2.6696,2385.475494,120.356182,10:00:00,4.736,-1.78576,5.59434,-26.14938,11.8267,-18.02501,1.70218,-0.7935,78.73416,-5.781614,-0.546,0.443533,NA,NA,NA,NA,NA,NA,NA,NA,NA,NA,NA,9.8663,6.63181,1.56856,50,4.64073,-5.07131,-125.43294,-2.88177,15.6426,26.51912,-21.65959,USA_PRI358,USA_CBU,USABBCary0,USA Baseball,USA,20250613-USABBCary0-2,59230db0-486d-11f0-a394-69d32a1ead04,84.98218,NA,NA,7.76632,NA,NA,NA,NA,NA,NA,803347a4-030c-48a3-b0f8-f99b918e67d9,2025-06-13,15:44:52,2025-06-13T15:44:52Z,2025-06-13T15:44:52Z,NA,v3,NA,NA,NA,"Ellis, Kaine",10170887,Right,USA_CBU,125d3d86-0c06-4b0a-8eeb-87036220e09c,54.90381,-126.46546,13.25956,4.73651,-2.03846,-10.82979,1.77786,-5.68035,7.8213,NA,NA,NA,NA,NA,NA,NA,NA,NA,NA,NA,NA,NA,NA,NA,NA,NA,NA,NA,NA,NA,NA,NA,NA,NA,NA,NA,NA,NA,NA,NA,NA,NA,NA,NA,NA,NA,NA,NA,NA,NA,NA,NA,NA,NA,NA,NA,NA,NA,NA,High,High,High,NA,NA,NA,NA,NA,NA,NA,NA,NA,NA,NA,NA,NA,NA,NA,NA,NA,NA,NA,NA,NA,NA,NA,NA,NA,NA,NA,NA,NA,NA,NA,NA,NA,NA,NA,NA,NA,NA,NA,NA,NA,NA,NA,NA,NA,NA,NA,NA,NA,NA,NA,NA,NA,NA,NA,NA,NA,NA
NA,NA,NA,NA,NA,NA,NA,NA,NA,NA,NA,NA,NA,NA,NA,NA,112,2025-06-13,11:45:07,3,3,"Nguyen, Aiden",10100607,Left,USA_CBU,"Rojas, Gio",1000271810,Right,USA_PRI358,Undefined,4,Bottom,2,2,0,Undefined,Changeup,InPlay,Undefined,GroundBall,Single,0,0,NA,74.82655,2.385184,2.705984,1553.43994,85.911035,08:45:00,4.2112,-1.95242,5.71431,-50.14015,0.44409,-17.08186,2.25862,-0.85318,68.17949,-6.845383,-0.346703,0.511893,76.32235,-16.555826,-2.243883,NA,NA,NA,NA,9.30972,9.19227,2.582522,0.073607,9.51209,-0.02276,1.73689,50,4.37983,-4.51075,-108.48756,2.98654,11.27088,20.00414,-32.20102,USA_PRI358,USA_CBU,USABBCary0,USA Baseball,USA,20250613-USABBCary0-2,61e2e420-486d-11f0-a394-69d32a1ead04,73.63344,2.35429,NA,6.64706,NA,NA,NA,1.38675,2.35429,0.72956,803347a4-030c-48a3-b0f8-f99b918e67d9,2025-06-13,15:45:07,2025-06-13T15:45:07Z,2025-06-13T15:45:07Z,GroundBall,v3,NA,NA,NA,"Ellis, Kaine",10170887,Right,USA_CBU,37b90bd7-88c8-4077-9375-0390039a2b49,54.78636,-109.36657,10.00207,4.21751,4.40148,-16.10051,1.94598,-5.006,5.63544,180,1.38326,107.51097,NA,NA,NA,NA,NA,NA,NA,2.35532,-31.98471,NA,NA,NA,NA,NA,NA,NA,0.72969,-4.21262,NA,NA,NA,NA,NA,NA,NA,NA,NA,NA,NA,NA,NA,NA,NA,NA,NA,NA,NA,NA,NA,NA,NA,NA,NA,NA,NA,NA,NA,High,High,High,High,High,NA,NA,NA,NA,NA,NA,NA,NA,NA,NA,NA,NA,NA,NA,NA,NA,NA,NA,NA,NA,NA,NA,NA,NA,NA,NA,NA,NA,NA,NA,NA,NA,NA,NA,NA,NA,NA,NA,NA,NA,NA,NA,NA,NA,NA,NA,NA,NA,NA,NA,NA,NA,NA,NA,NA,NA
NA,NA,NA,NA,NA,NA,NA,NA,NA,NA,NA,NA,NA,NA,NA,NA,113,2025-06-13,11:45:42,4,1,"Nguyen, Aiden",10100607,Left,USA_CBU,"Stowers, John",10150077,Left,USA_PRI358,Undefined,4,Bottom,2,0,0,Undefined,Changeup,FoulBallNotFieldable,Undefined,Undefined,Undefined,0,0,NA,85.3533,0.217218,1.897887,2354.708893,129.115883,10:15:00,4.99024,-1.93662,5.8092,-24.02005,14.75513,-16.51946,3.19068,-1.5477,77.32386,-4.311483,-1.061229,0.448176,NA,NA,NA,NA,NA,NA,NA,NA,NA,NA,NA,9.03658,7.85126,1.79106,50,4.99394,-3.43036,-123.85343,-0.26877,13.90687,26.8702,-20.09132,USA_PRI358,USA_CBU,USABBCary0,USA Baseball,USA,20250613-USABBCary0-2,76f30ac0-486d-11f0-a394-69d32a1ead04,84.10194,NA,NA,8.02944,NA,NA,NA,NA,NA,NA,803347a4-030c-48a3-b0f8-f99b918e67d9,2025-06-13,15:45:42,2025-06-13T15:45:42Z,2025-06-13T15:45:42Z,NA,v3,NA,NA,NA,"Ellis, Kaine",10170887,Right,USA_CBU,750776c4-d88c-43a6-89c4-73643b3ba6bc,54.68932,-124.86664,13.4351,4.98979,0.48883,-10.04566,1.9303,-3.95475,6.95344,NA,NA,NA,NA,NA,NA,NA,NA,NA,NA,NA,NA,NA,NA,NA,NA,NA,NA,NA,NA,NA,NA,NA,NA,NA,NA,NA,NA,NA,NA,NA,NA,NA,NA,NA,NA,NA,NA,NA,NA,NA,NA,NA,NA,NA,NA,NA,NA,NA,NA,High,High,High,NA,NA,NA,NA,NA,NA,NA,NA,NA,NA,NA,NA,NA,NA,NA,NA,NA,NA,NA,NA,NA,NA,NA,NA,NA,NA,NA,NA,NA,NA,NA,NA,NA,NA,NA,NA,NA,NA,NA,NA,NA,NA,NA,NA,NA,NA,NA,NA,NA,NA,NA,NA,NA,NA,NA,NA,NA,NA
NA,NA,NA,NA,NA,NA,NA,NA,NA,NA,NA,NA,NA,NA,NA,NA,114,2025-06-13,11:46:16,4,2,"Nguyen, Aiden",10100607,Left,USA_CBU,"Stowers, John",10150077,Left,USA_PRI358,Undefined,4,Bottom,2,0,1,Undefined,Curveball,StrikeSwinging,Undefined,Undefined,Undefined,0,0,NA,70.33174,3.570774,1.12201,2359.574825,284.372708,03:30:00,4.54152,-2.10376,5.23314,-60.58771,-1.57221,14.35339,2.85401,0.14716,63.53039,-7.499885,3.662956,0.55291,NA,NA,NA,NA,NA,NA,NA,NA,NA,NA,NA,-6.71583,-1.23772,1.98957,50,4.82617,-2.53035,-101.72046,4.4467,-6.9194,19.27556,-33.44929,USA_PRI358,USA_CBU,USABBCary0,USA Baseball,USA,20250613-USABBCary0-2,8b739b90-486d-11f0-a394-69d32a1ead04,68.17103,NA,NA,6.80135,NA,NA,NA,NA,NA,NA,803347a4-030c-48a3-b0f8-f99b918e67d9,2025-06-13,15:46:16,2025-06-13T15:46:16Z,2025-06-13T15:46:16Z,NA,v3,NA,NA,NA,"Ellis, Kaine",10170887,Right,USA_CBU,edc71f6c-65b9-4ace-b055-5603eabcd805,55.26397,-102.71311,9.63778,4.55282,6.16928,-16.72465,2.1107,-2.17402,-3.4597,NA,NA,NA,NA,NA,NA,NA,NA,NA,NA,NA,NA,NA,NA,NA,NA,NA,NA,NA,NA,NA,NA,NA,NA,NA,NA,NA,NA,68.43733,2.678359,1.692006,0.986353,-2.04936,2.37257,-0.37403,-2.36106,5.62995,1.32228,61.85103,5.70791,63.11126,-2.31064,72.75695,-7.88219,5.65706,14.22222,-14.40573,1.34049,66.54162,-3.99517,High,High,High,NA,NA,High,Medium,High,NA,NA,NA,NA,NA,NA,NA,NA,NA,NA,NA,NA,NA,NA,NA,NA,NA,NA,NA,NA,NA,NA,NA,NA,NA,NA,NA,NA,NA,NA,NA,NA,NA,NA,NA,NA,NA,NA,NA,NA,NA,NA,NA,NA,NA,NA,NA,NA,NA,NA,NA,NA,NA
NA,NA,NA,NA,NA,NA,NA,NA,NA,NA,NA,NA,NA,NA,NA,NA,115,2025-06-13,11:46:40,4,3,"Nguyen, Aiden",10100607,Left,USA_CBU,"Stowers, John",10150077,Left,USA_PRI358,Undefined,4,Bottom,2,0,2,Undefined,Changeup,BallCalled,Undefined,Undefined,Undefined,0,0,NA,87.0886,0.83317,4.015887,2325.855786,130.267075,10:15:00,5.03038,-1.71858,5.74435,-21.81092,15.99359,-17.22229,3.99051,0.59139,77.99387,-3.312047,0.944058,0.44253,NA,NA,NA,NA,NA,NA,NA,NA,NA,NA,NA,9.96587,8.23536,1.39446,50,5.08674,-8.08379,-125.95011,1.17535,15.73886,29.60098,-19.16811,USA_PRI358,USA_CBU,USABBCary0,USA Baseball,USA,20250613-USABBCary0-2,9989deb0-486d-11f0-a394-69d32a1ead04,85.17481,NA,NA,9.09473,NA,NA,NA,NA,NA,NA,803347a4-030c-48a3-b0f8-f99b918e67d9,2025-06-13,15:46:40,2025-06-13T15:46:40Z,2025-06-13T15:46:40Z,NA,v3,NA,NA,NA,"Ellis, Kaine",10170887,Right,USA_CBU,f8d01217-0712-4c84-9be2-ab6c3f5ce12a,54.75038,-127.06165,14.80049,5.02909,1.89512,-9.58406,1.7091,-8.67479,7.86943,NA,NA,NA,NA,NA,NA,NA,NA,NA,NA,NA,NA,NA,NA,NA,NA,NA,NA,NA,NA,NA,NA,NA,NA,NA,NA,NA,NA,NA,NA,NA,NA,NA,NA,NA,NA,NA,NA,NA,NA,NA,NA,NA,NA,NA,NA,NA,NA,NA,NA,High,High,High,NA,NA,NA,NA,NA,NA,NA,NA,NA,NA,NA,NA,NA,NA,NA,NA,NA,NA,NA,NA,NA,NA,NA,NA,NA,NA,NA,NA,NA,NA,NA,NA,NA,NA,NA,NA,NA,NA,NA,NA,NA,NA,NA,NA,NA,NA,NA,NA,NA,NA,NA,NA,NA,NA,NA,NA,NA,NA
NA,NA,NA,NA,NA,NA,NA,NA,NA,NA,NA,NA,NA,NA,NA,NA,116,2025-06-13,11:47:04,4,4,"Nguyen, Aiden",10100607,Left,USA_CBU,"Stowers, John",10150077,Left,USA_PRI358,Undefined,4,Bottom,2,1,2,Undefined,Curveball,InPlay,Undefined,FlyBall,Out,1,0,NA,71.24042,1.616796,1.943342,2448.987494,291.871778,03:45:00,4.49311,-2.18207,5.41255,-61.29503,-4.73607,16.41139,0.90116,1.00686,65.33642,-9.525134,4.862133,0.54128,77.59997,32.038183,-10.263544,4091.60556,106.41105,52.96575,-27.86822,263.9892,258.72508,-19.644062,4.15501,-7.73221,-2.43902,1.99711,50,4.5938,-4.08147,-103.33317,1.03551,-8.27319,18.89388,-34.7837,USA_PRI358,USA_CBU,USABBCary0,USA Baseball,USA,20250613-USABBCary0-2,a7d6e940-486d-11f0-a394-69d32a1ead04,69.63573,58.42876,NA,5.90399,NA,NA,NA,2.94065,1.24629,-0.87199,803347a4-030c-48a3-b0f8-f99b918e67d9,2025-06-13,15:47:04,2025-06-13T15:47:04Z,2025-06-13T15:47:04Z,FlyBall,v3,NA,NA,NA,"Ellis, Kaine",10170887,Right,USA_CBU,e31361a2-5e5f-41b6-a7d8-2ca43d896f68,55.0894,-104.25958,9.44694,4.50121,2.74104,-17.39185,2.18728,-3.67582,-4.1366,146.173747,2.94177,94.90829,-17.7713,4.07874,-0.72188,0.09176,-0.0144,0.00313,-2.9e-4,1.24667,60.36142,-17.09108,0.38227,0.36501,-0.24652,0.0837,-0.0139,8.9e-4,-0.87191,-17.19239,-3.63755,1.60491,-0.47554,0.10961,-0.02046,0.00263,-1.5e-4,NA,NA,NA,NA,NA,NA,NA,NA,NA,NA,NA,NA,NA,NA,NA,NA,NA,NA,NA,NA,NA,NA,High,High,High,High,High,NA,NA,NA,NA,NA,NA,NA,NA,NA,NA,NA,NA,NA,NA,NA,NA,NA,NA,NA,NA,NA,NA,NA,NA,NA,NA,NA,NA,NA,NA,NA,NA,NA,NA,NA,NA,NA,NA,NA,NA,NA,NA,NA,NA,NA,NA,NA,NA,NA,NA,NA,NA,NA,NA,NA,NA
NA,NA,NA,NA,NA,NA,NA,NA,NA,NA,NA,NA,NA,NA,NA,NA,117,2025-06-13,11:49:42,1,1,"Delaney, Kieran",1000162477,Right,USA_PRI358,"Vasquez, Reuben",10171288,Left,USA_CBU,Undefined,5,Top,0,0,0,Undefined,Four-Seam,InPlay,Undefined,Popup,Out,1,0,NA,85.27279,-1.870853,-3.095645,2131.414276,205.077747,12:45:00,6.21968,1.78159,5.71854,-21.49438,17.75985,7.64851,2.68259,-0.46747,77.07419,-5.935292,-1.729863,0.450936,59.54558,37.864547,2.399196,3394.08322,109.99633,44.94173,-0.89849,174.34324,170.45579,-2.383477,3.523772,-4.87827,10.03768,-1.5275,50,6.0501,6.3611,-123.46235,-4.68042,-7.43211,27.55139,-16.88144,USA_PRI358,USA_CBU,USABBCary0,USA Baseball,USA,20250613-USABBCary0-2,063bf340-486e-11f0-a394-69d32a1ead04,83.58716,46.21009,NA,8.1986,NA,NA,NA,1.10988,2.64884,0.4752,803347a4-030c-48a3-b0f8-f99b918e67d9,2025-06-13,15:49:42,2025-06-13T15:49:42Z,2025-06-13T15:49:42Z,LineDrive,v3,NA,NA,NA,"Gravely IV, Warren",1000162866,Right,USA_PRI358,68060fcc-7701-4a9d-83b5-cea81daab060,54.77844,-124.52412,13.7757,6.21793,-4.02984,-8.44072,-1.77817,6.64752,-3.71605,160.501755,1.10962,68.8961,-10.46224,2.5155,-0.69805,0.26005,-0.08405,0.01558,-0.00116,2.64927,53.59005,-17.92063,0.96537,0.07996,-0.16424,0.06644,-0.01204,8.3e-4,0.47513,2.88915,-2.63711,0.62247,-0.17912,0.07111,-0.0238,0.00446,-3.3e-4,NA,NA,NA,NA,NA,NA,NA,NA,NA,NA,NA,NA,NA,NA,NA,NA,NA,NA,NA,NA,NA,NA,High,High,High,High,High,NA,NA,NA,NA,NA,NA,NA,NA,NA,NA,NA,NA,NA,NA,NA,NA,NA,NA,NA,NA,NA,NA,NA,NA,NA,NA,NA,NA,NA,NA,NA,NA,NA,NA,NA,NA,NA,NA,NA,NA,NA,NA,NA,NA,NA,NA,NA,NA,NA,NA,NA,NA,NA,NA,NA,NA
NA,NA,NA,NA,NA,NA,NA,NA,NA,NA,NA,NA,NA,NA,NA,NA,118,2025-06-13,11:50:14,2,1,"Delaney, Kieran",1000162477,Right,USA_PRI358,"Ellis, Kaine",10170887,Left,USA_CBU,Undefined,5,Top,1,0,0,Undefined,Changeup,BallCalled,Undefined,Undefined,Undefined,0,0,NA,85.72754,0.196282,-2.882373,2031.780553,215.20601,01:15:00,6.15987,1.66626,5.50398,-24.26757,14.78745,9.46434,4.3213800000000004,-0.24308,77.40407,-4.357091,-1.199062,0.44979,NA,NA,NA,NA,NA,NA,NA,NA,NA,NA,NA,-5.60614,7.78426,-1.42068,50,6.16106,5.83184,-124.14444,-0.3605,-8.65797,27.26672,-20.15227,USA_PRI358,USA_CBU,USABBCary0,USA Baseball,USA,20250613-USABBCary0-2,18d09290-486e-11f0-a394-69d32a1ead04,83.80005,NA,NA,8.32346,NA,NA,NA,NA,NA,NA,803347a4-030c-48a3-b0f8-f99b918e67d9,2025-06-13,15:50:14,2025-06-13T15:50:14Z,2025-06-13T15:50:14Z,NA,v3,NA,NA,NA,"Gravely IV, Warren",1000162866,Right,USA_PRI358,dea86b1c-652f-4c66-a0c4-4c0eda98d275,54.9905,-125.23574,13.63336,6.15935,0.44606,-10.07613,-1.66103,6.17836,-4.32899,NA,NA,NA,NA,NA,NA,NA,NA,NA,NA,NA,NA,NA,NA,NA,NA,NA,NA,NA,NA,NA,NA,NA,NA,NA,NA,NA,NA,NA,NA,NA,NA,NA,NA,NA,NA,NA,NA,NA,NA,NA,NA,NA,NA,NA,NA,NA,NA,NA,NA,High,High,High,NA,NA,NA,NA,NA,NA,NA,NA,NA,NA,NA,NA,NA,NA,NA,NA,NA,NA,NA,NA,NA,NA,NA,NA,NA,NA,NA,NA,NA,NA,NA,NA,NA,NA,NA,NA,NA,NA,NA,NA,NA,NA,NA,NA,NA,NA,NA,NA,NA,NA,NA,NA,NA,NA,NA,NA,NA,NA
NA,NA,NA,NA,NA,NA,NA,NA,NA,NA,NA,NA,NA,NA,NA,NA,119,2025-06-13,11:50:28,2,2,"Delaney, Kieran",1000162477,Right,USA_PRI358,"Ellis, Kaine",10170887,Left,USA_CBU,Undefined,5,Top,1,1,0,Undefined,Curveball,BallCalled,Undefined,Undefined,Undefined,0,0,NA,71.60593,3.06306,-0.284703,2464.502834,61.95597,08:00:00,6.15071,1.80846,4.88543,-63.29846,-5.33961,-14.13698,3.77645,0.36103,64.38419,-8.422251,-2.775462,0.547938,NA,NA,NA,NA,NA,NA,NA,NA,NA,NA,NA,6.77847,-2.92595,-1.76816,50,6.39884,1.07706,-103.51322,3.39794,7.18678,20.95507,-35.27624,USA_PRI358,USA_CBU,USABBCary0,USA Baseball,USA,20250613-USABBCary0-2,21cb7630-486e-11f0-a394-69d32a1ead04,68.78964,NA,NA,7.22174,NA,NA,NA,NA,NA,NA,803347a4-030c-48a3-b0f8-f99b918e67d9,2025-06-13,15:50:28,2025-06-13T15:50:28Z,2025-06-13T15:50:28Z,NA,v3,NA,NA,NA,"Gravely IV, Warren",1000162866,Right,USA_PRI358,44f71d44-353b-489b-b903-c33b615ff107,55.61146,-104.64303,10.47753,6.16436,5.29989,-17.63812,-1.81578,0.68958,3.59339,NA,NA,NA,NA,NA,NA,NA,NA,NA,NA,NA,NA,NA,NA,NA,NA,NA,NA,NA,NA,NA,NA,NA,NA,NA,NA,NA,NA,NA,NA,NA,NA,NA,NA,NA,NA,NA,NA,NA,NA,NA,NA,NA,NA,NA,NA,NA,NA,NA,NA,High,High,High,NA,NA,NA,NA,NA,NA,NA,NA,NA,NA,NA,NA,NA,NA,NA,NA,NA,NA,NA,NA,NA,NA,NA,NA,NA,NA,NA,NA,NA,NA,NA,NA,NA,NA,NA,NA,NA,NA,NA,NA,NA,NA,NA,NA,NA,NA,NA,NA,NA,NA,NA,NA,NA,NA,NA,NA,NA,NA
NA,NA,NA,NA,NA,NA,NA,NA,NA,NA,NA,NA,NA,NA,NA,NA,120,2025-06-13,11:50:43,2,3,"Delaney, Kieran",1000162477,Right,USA_PRI358,"Ellis, Kaine",10170887,Left,USA_CBU,Undefined,5,Top,1,2,0,Undefined,Four-Seam,StrikeCalled,Undefined,Undefined,Undefined,0,0,NA,86.31336,-3.163797,-2.616487,2329.069449,213.574938,01:00:00,6.16404,1.93913,5.67503,-19.57722,19.23233,11.74422,1.57702,0.47685,77.30309,-6.894636,-0.518792,0.448374,NA,NA,NA,NA,NA,NA,NA,NA,NA,NA,NA,-6.79863,11.25355,-1.7256,50,5.88476,5.18572,-124.72288,-7.46279,-10.46871,30.33475,-14.84553,USA_PRI358,USA_CBU,USABBCary0,USA Baseball,USA,20250613-USABBCary0-2,2a7e0630-486e-11f0-a394-69d32a1ead04,84.06469,NA,NA,9.01027,NA,NA,NA,NA,NA,NA,803347a4-030c-48a3-b0f8-f99b918e67d9,2025-06-13,15:50:43,2025-06-13T15:50:43Z,2025-06-13T15:50:43Z,NA,v3,NA,NA,NA,"Gravely IV, Warren",1000162866,Right,USA_PRI358,e1e8c93e-c1c7-487c-a219-977e6c46d409,54.81839,-125.88934,15.16738,6.16075,-6.89194,-7.42277,-1.93274,5.58827,-5.23436,NA,NA,NA,NA,NA,NA,NA,NA,NA,NA,NA,NA,NA,NA,NA,NA,NA,NA,NA,NA,NA,NA,NA,NA,NA,NA,NA,NA,NA,NA,NA,NA,NA,NA,NA,NA,NA,NA,NA,NA,NA,NA,NA,NA,NA,NA,NA,NA,NA,NA,High,High,High,NA,NA,NA,NA,NA,NA,NA,NA,NA,NA,NA,NA,NA,NA,NA,NA,NA,NA,NA,NA,NA,NA,NA,NA,NA,NA,NA,NA,NA,NA,NA,NA,NA,NA,NA,NA,NA,NA,NA,NA,NA,NA,NA,NA,NA,NA,NA,NA,NA,NA,NA,NA,NA,NA,NA,NA,NA,NA
NA,NA,NA,NA,NA,NA,NA,NA,NA,NA,NA,NA,NA,NA,NA,NA,121,2025-06-13,11:51:01,2,4,"Delaney, Kieran",1000162477,Right,USA_PRI358,"Ellis, Kaine",10170887,Left,USA_CBU,Undefined,5,Top,1,2,1,Undefined,Curveball,BallCalled,Undefined,Undefined,Undefined,0,0,NA,74.79842,-0.801681,-1.025525,2550.266532,80.580679,08:45:00,6.07451,1.83706,5.31987,-52.74589,-0.69858,-15.79568,0.9265,-0.44177,67.9378,-10.392826,-3.837818,0.519243,NA,NA,NA,NA,NA,NA,NA,NA,NA,NA,NA,7.7202,0.29976,-1.7319,50,5.96354,2.51882,-108.40098,-3.20639,8.9721,23.06516,-31.82567,USA_PRI358,USA_CBU,USABBCary0,USA Baseball,USA,20250613-USABBCary0-2,353edcc0-486e-11f0-a394-69d32a1ead04,72.59116,NA,NA,6.86062,NA,NA,NA,NA,NA,NA,803347a4-030c-48a3-b0f8-f99b918e67d9,2025-06-13,15:51:01,2025-06-13T15:51:01Z,2025-06-13T15:51:01Z,NA,v3,NA,NA,NA,"Gravely IV, Warren",1000162866,Right,USA_PRI358,d6246611-fad9-4b01-8097-e188a89043cd,55.18073,-109.49777,11.53258,6.08003,-1.69303,-15.91284,-1.84153,2.09219,4.48605,NA,NA,NA,NA,NA,NA,NA,NA,NA,NA,NA,NA,NA,NA,NA,NA,NA,NA,NA,NA,NA,NA,NA,NA,NA,NA,NA,NA,NA,NA,NA,NA,NA,NA,NA,NA,NA,NA,NA,NA,NA,NA,NA,NA,NA,NA,NA,NA,NA,NA,High,High,High,NA,NA,NA,NA,NA,NA,NA,NA,NA,NA,NA,NA,NA,NA,NA,NA,NA,NA,NA,NA,NA,NA,NA,NA,NA,NA,NA,NA,NA,NA,NA,NA,NA,NA,NA,NA,NA,NA,NA,NA,NA,NA,NA,NA,NA,NA,NA,NA,NA,NA,NA,NA,NA,NA,NA,NA,NA,NA
NA,NA,NA,NA,NA,NA,NA,NA,NA,NA,NA,NA,NA,NA,NA,NA,122,2025-06-13,11:51:18,2,5,"Delaney, Kieran",1000162477,Right,USA_PRI358,"Ellis, Kaine",10170887,Left,USA_CBU,Undefined,5,Top,1,3,1,Undefined,Changeup,FoulBallNotFieldable,Undefined,Undefined,Undefined,0,0,NA,82.64468,-1.277617,-2.581186,2241.292445,217.808127,01:15:00,6.07977,1.75993,5.83595,-23.14651,18.80682,13.32142,2.962,0.46932,73.9675,-5.692483,-0.194917,0.466181,72.38351,36.412011,45.727278,4043.788613,70.56479,58.69616,84.38328,241.90576,154.04878,55.692009,4.269393,-7.73441,10.51772,-1.55746,50,5.9623100000000004,4.86649,-119.65773,-3.31992,-10.9479,28.19025,-17.28644,USA_PRI358,USA_CBU,USABBCary0,USA Baseball,USA,20250613-USABBCary0-2,3f5dce00-486e-11f0-a394-69d32a1ead04,80.85364,60.72447,NA,8.67717,NA,NA,NA,2.98034,3.09099,-0.52448,803347a4-030c-48a3-b0f8-f99b918e67d9,2025-06-13,15:51:18,2025-06-13T15:51:18Z,2025-06-13T15:51:18Z,FlyBall,v3,NA,NA,NA,"Gravely IV, Warren",1000162866,Right,USA_PRI358,9b62acd7-4578-4b2d-b5fc-56de966384a0,54.66049,-120.7507,14.09512,6.07803,-2.6497,-8.64322,-1.75437,5.29096,-5.47395,219.982627,2.98779,59.44982,-14.50921,2.49561,0.75819,-0.72514,0.21416,-0.02753,0.00128,3.09106,63.01012,-19.58897,1.32236,0.14945,-0.22706,0.09934,-0.01912,0.00134,-0.52112,61.07668,-4.60121,-0.91844,1.42706,-0.81319,0.24964,-0.03847,0.00233,NA,NA,NA,NA,NA,NA,NA,NA,NA,NA,NA,NA,NA,NA,NA,NA,NA,NA,NA,NA,NA,NA,High,High,High,High,Medium,NA,NA,NA,NA,NA,NA,NA,NA,NA,NA,NA,NA,NA,NA,NA,NA,NA,NA,NA,NA,NA,NA,NA,NA,NA,NA,NA,NA,NA,NA,NA,NA,NA,NA,NA,NA,NA,NA,NA,NA,NA,NA,NA,NA,NA,NA,NA,NA,NA,NA,NA,NA,NA,NA,NA,NA
NA,NA,NA,NA,NA,NA,NA,NA,NA,NA,NA,NA,NA,NA,NA,NA,123,2025-06-13,11:51:43,2,6,"Delaney, Kieran",1000162477,Right,USA_PRI358,"Ellis, Kaine",10170887,Left,USA_CBU,Undefined,5,Top,1,3,2,Undefined,Four-Seam,BallCalled,Walk,Undefined,Undefined,0,0,NA,84.81566,1.274026,-1.571944,2216.761639,198.697365,12:30:00,6.1039,1.90603,5.60591,-20.10265,20.07202,6.27209,5.6186,0.96096,75.59291,-2.58822,-0.45329,0.456192,NA,NA,NA,NA,NA,NA,NA,NA,NA,NA,NA,-3.65587,10.08914,-1.77542,50,6.20029,3.08975,-122.72767,2.17197,-5.45208,29.31735,-17.1279,USA_PRI358,USA_CBU,USABBCary0,USA Baseball,USA,20250613-USABBCary0-2,4e1a6340-486e-11f0-a394-69d32a1ead04,82.62408,NA,NA,9.22275,NA,NA,NA,NA,NA,NA,803347a4-030c-48a3-b0f8-f99b918e67d9,2025-06-13,15:51:43,2025-06-13T15:51:43Z,2025-06-13T15:51:43Z,NA,v3,NA,NA,NA,"Gravely IV, Warren",1000162866,Right,USA_PRI358,2811c4cc-400b-4e4f-b047-031b514c6010,54.88486,-123.88908,14.65868,6.10081,2.85049,-8.56395,-1.9021,3.30574,-2.72604,NA,NA,NA,NA,NA,NA,NA,NA,NA,NA,NA,NA,NA,NA,NA,NA,NA,NA,NA,NA,NA,NA,NA,NA,NA,NA,NA,NA,NA,NA,NA,NA,NA,NA,NA,NA,NA,NA,NA,NA,NA,NA,NA,NA,NA,NA,NA,NA,NA,NA,High,High,High,NA,NA,NA,NA,NA,NA,NA,NA,NA,NA,NA,NA,NA,NA,NA,NA,NA,NA,NA,NA,NA,NA,NA,NA,NA,NA,NA,NA,NA,NA,NA,NA,NA,NA,NA,NA,NA,NA,NA,NA,NA,NA,NA,NA,NA,NA,NA,NA,NA,NA,NA,NA,NA,NA,NA,NA,NA,NA
NA,NA,NA,NA,NA,NA,NA,NA,NA,NA,NA,NA,NA,NA,NA,NA,124,2025-06-13,11:52:15,3,1,"Delaney, Kieran",1000162477,Right,USA_PRI358,"Lawson, Joseph",10144711,Right,USA_CBU,Undefined,5,Top,1,0,0,Undefined,Curveball,BallCalled,Undefined,Undefined,Undefined,1,0,NA,72.07103,-1.443003,-1.048148,2547.996472,57.023049,08:00:00,6.18583,1.49827,4.95986,-60.01354,-3.64154,-8.59922,-0.17909,-0.20868,66.3075,-12.197709,-2.572115,0.540385,NA,NA,NA,NA,NA,NA,NA,NA,NA,NA,NA,3.96835,-0.88205,-1.38926,50,5.99647,2.23049,-104.44806,-4.6096,4.32473,19.80448,-33.13529,USA_PRI358,USA_CBU,USABBCary0,USA Baseball,USA,20250613-USABBCary0-2,6151f950-486e-11f0-a394-69d32a1ead04,69.75111,NA,NA,5.76353,NA,NA,NA,NA,NA,NA,803347a4-030c-48a3-b0f8-f99b918e67d9,2025-06-13,15:52:15,2025-06-13T15:52:15Z,2025-06-13T15:52:15Z,NA,v3,NA,NA,NA,"Gravely IV, Warren",1000162866,Right,USA_PRI358,4c57704e-958e-4345-b91c-4ec33a0a5aa7,55.54073,-105.49341,9.90224,6.19362,-2.8606,-16.56764,-1.50096,2.00221,2.16236,NA,NA,NA,NA,NA,NA,NA,NA,NA,NA,NA,NA,NA,NA,NA,NA,NA,NA,NA,NA,NA,NA,NA,NA,NA,NA,NA,NA,NA,NA,NA,NA,NA,NA,NA,NA,NA,NA,NA,NA,NA,NA,NA,NA,NA,NA,NA,NA,NA,NA,High,High,High,NA,NA,NA,NA,NA,NA,NA,NA,NA,NA,NA,NA,NA,NA,NA,NA,NA,NA,NA,NA,NA,NA,NA,NA,NA,NA,NA,NA,NA,NA,NA,NA,NA,NA,NA,NA,NA,NA,NA,NA,NA,NA,NA,NA,NA,NA,NA,NA,NA,NA,NA,NA,NA,NA,NA,NA,NA,NA
NA,NA,NA,NA,NA,NA,NA,NA,NA,NA,NA,NA,NA,NA,NA,NA,125,2025-06-13,11:52:45,3,2,"Delaney, Kieran",1000162477,Right,USA_PRI358,"Lawson, Joseph",10144711,Right,USA_CBU,Undefined,5,Top,2,1,0,Undefined,Four-Seam,StrikeSwinging,Undefined,Undefined,Undefined,0,0,NA,85.88358,-1.50332,-1.667646,2167.33669,197.125793,12:30:00,6.19437,1.55067,5.64769,-18.7904,19.9754,5.72174,3.22537,0.47155,77.46593,-5.088281,-0.645849,0.448122,NA,NA,NA,NA,NA,NA,NA,NA,NA,NA,NA,-3.40634,10.98426,-1.41281,50,6.05514,3.37509,-124.42841,-3.80229,-5.2684,28.10431,-15.1853,USA_PRI358,USA_CBU,USABBCary0,USA Baseball,USA,20250613-USABBCary0-2,73007e60-486e-11f0-a394-69d32a1ead04,84.11209,NA,NA,8.41765,NA,NA,NA,NA,NA,NA,803347a4-030c-48a3-b0f8-f99b918e67d9,2025-06-13,15:52:45,2025-06-13T15:52:45Z,2025-06-13T15:52:45Z,NA,v3,NA,NA,NA,"Gravely IV, Warren",1000162866,Right,USA_PRI358,d04de20d-3108-45cc-b8a9-23b5b9391dfa,54.84677,-125.51836,14.05215,6.19118,-3.21337,-7.59265,-1.54766,3.57941,-2.6342,NA,NA,NA,NA,NA,NA,NA,NA,NA,NA,NA,NA,NA,NA,NA,NA,NA,NA,NA,NA,NA,NA,NA,NA,NA,NA,NA,NA,NA,NA,NA,NA,NA,NA,NA,NA,NA,NA,NA,NA,NA,NA,NA,NA,NA,NA,NA,NA,NA,NA,High,High,High,NA,NA,NA,NA,NA,NA,NA,NA,NA,NA,NA,NA,NA,NA,NA,NA,NA,NA,NA,NA,NA,NA,NA,NA,NA,NA,NA,NA,NA,NA,NA,NA,NA,NA,NA,NA,NA,NA,NA,NA,NA,NA,NA,NA,NA,NA,NA,NA,NA,NA,NA,NA,NA,NA,NA,NA,NA,NA
NA,NA,NA,NA,NA,NA,NA,NA,NA,NA,NA,NA,NA,NA,NA,NA,126,2025-06-13,11:53:01,3,3,"Delaney, Kieran",1000162477,Right,USA_PRI358,"Lawson, Joseph",10144711,Right,USA_CBU,Undefined,5,Top,2,1,1,Undefined,Curveball,BallCalled,Undefined,Undefined,Undefined,0,0,NA,74.06325,-2.218852,-2.014623,2417.943696,96.587346,09:15:00,6.19159,1.73497,4.9157,-50.58648,2.85351,-8.9576,-0.12427,-0.91715,68.12097,-11.293684,-3.597149,0.526144,NA,NA,NA,NA,NA,NA,NA,NA,NA,NA,NA,3.84355,2.57795,-1.53035,50,5.93267,4.11636,-107.2267,-5.8572,4.42881,20.32227,-29.20358,USA_PRI358,USA_CBU,USABBCary0,USA Baseball,USA,20250613-USABBCary0-2,7cd5e380-486e-11f0-a394-69d32a1ead04,71.63902,NA,NA,5.94229,NA,NA,NA,NA,NA,NA,803347a4-030c-48a3-b0f8-f99b918e67d9,2025-06-13,15:53:01,2025-06-13T15:53:01Z,2025-06-13T15:53:01Z,NA,v3,NA,NA,NA,"Gravely IV, Warren",1000162866,Right,USA_PRI358,77b24395-f04e-443b-b4a6-094fb1be70d5,55.58347,-108.27974,10.16113,6.19697,-4.34395,-14.60179,-1.7377,3.88687,2.2144,NA,NA,NA,NA,NA,NA,NA,NA,NA,NA,NA,NA,NA,NA,NA,NA,NA,NA,NA,NA,NA,NA,NA,NA,NA,NA,NA,NA,NA,NA,NA,NA,NA,NA,NA,NA,NA,NA,NA,NA,NA,NA,NA,NA,NA,NA,NA,NA,NA,NA,High,High,High,NA,NA,NA,NA,NA,NA,NA,NA,NA,NA,NA,NA,NA,NA,NA,NA,NA,NA,NA,NA,NA,NA,NA,NA,NA,NA,NA,NA,NA,NA,NA,NA,NA,NA,NA,NA,NA,NA,NA,NA,NA,NA,NA,NA,NA,NA,NA,NA,NA,NA,NA,NA,NA,NA,NA,NA,NA,NA
NA,NA,NA,NA,NA,NA,NA,NA,NA,NA,NA,NA,NA,NA,NA,NA,127,2025-06-13,11:53:17,3,4,"Delaney, Kieran",1000162477,Right,USA_PRI358,"Lawson, Joseph",10144711,Right,USA_CBU,Undefined,5,Top,2,2,1,Undefined,Four-Seam,StrikeSwinging,Undefined,Undefined,Undefined,0,0,NA,85.6926,-1.453565,-1.218766,2278.704279,191.652649,12:30:00,6.22779,1.4779,5.90483,-16.39454,22.13737,4.27843,3.51171,0.70293,77.28916,-4.626833,-0.450919,0.446767,NA,NA,NA,NA,NA,NA,NA,NA,NA,NA,NA,-2.56414,12.17075,-1.38238,50,6.10169,2.4651,-124.24312,-3.56378,-3.95312,28.07012,-13.41029,USA_PRI358,USA_CBU,USABBCary0,USA Baseball,USA,20250613-USABBCary0-2,8659f450-486e-11f0-a394-69d32a1ead04,84.36702,NA,NA,8.40344,NA,NA,NA,NA,NA,NA,803347a4-030c-48a3-b0f8-f99b918e67d9,2025-06-13,15:53:17,2025-06-13T15:53:17Z,2025-06-13T15:53:17Z,NA,v3,NA,NA,NA,"Gravely IV, Warren",1000162866,Right,USA_PRI358,52128f42-174a-4c74-88c0-c92881073ed8,54.59016,-125.27588,14.03506,6.22373,-3.07039,-6.70514,-1.47575,2.61054,-1.97656,NA,NA,NA,NA,NA,NA,NA,NA,NA,NA,NA,NA,NA,NA,NA,NA,NA,NA,NA,NA,NA,NA,NA,NA,NA,NA,NA,NA,NA,NA,NA,NA,NA,NA,NA,NA,NA,NA,NA,NA,NA,NA,NA,NA,NA,NA,NA,NA,NA,NA,High,High,High,NA,NA,NA,NA,NA,NA,NA,NA,NA,NA,NA,NA,NA,NA,NA,NA,NA,NA,NA,NA,NA,NA,NA,NA,NA,NA,NA,NA,NA,NA,NA,NA,NA,NA,NA,NA,NA,NA,NA,NA,NA,NA,NA,NA,NA,NA,NA,NA,NA,NA,NA,NA,NA,NA,NA,NA,NA,NA
NA,NA,NA,NA,NA,NA,NA,NA,NA,NA,NA,NA,NA,NA,NA,NA,128,2025-06-13,11:53:35,3,5,"Delaney, Kieran",1000162477,Right,USA_PRI358,"Lawson, Joseph",10144711,Right,USA_CBU,Undefined,5,Top,2,2,2,Undefined,Four-Seam,BallCalled,Undefined,Undefined,Undefined,0,0,NA,85.82661,-1.524115,-3.659869,2210.85218,186.419778,12:15:00,6.26612,1.28986,5.69143,-17.06328,21.91765,2.30319,3.42049,-1.9338,77.18312,-4.807629,-3.249618,0.449363,NA,NA,NA,NA,NA,NA,NA,NA,NA,NA,NA,-2.35347,12.00981,-0.98327,50,6.12738,7.84009,-124.11717,-3.76093,-3.61153,28.6111,-13.74437,USA_PRI358,USA_CBU,USABBCary0,USA Baseball,USA,20250613-USABBCary0-2,912c3000-486e-11f0-a394-69d32a1ead04,83.87966,NA,NA,8.64348,NA,NA,NA,NA,NA,NA,803347a4-030c-48a3-b0f8-f99b918e67d9,2025-06-13,15:53:35,2025-06-13T15:53:35Z,2025-06-13T15:53:35Z,NA,v3,NA,NA,NA,"Gravely IV, Warren",1000162866,Right,USA_PRI358,fb65231e-113a-41a7-993c-5921c015fb27,54.80274,-125.21939,14.30555,6.26207,-3.23144,-6.87219,-1.28799,7.97922,-1.80576,NA,NA,NA,NA,NA,NA,NA,NA,NA,NA,NA,NA,NA,NA,NA,NA,NA,NA,NA,NA,NA,NA,NA,NA,NA,NA,NA,NA,NA,NA,NA,NA,NA,NA,NA,NA,NA,NA,NA,NA,NA,NA,NA,NA,NA,NA,NA,NA,NA,NA,High,High,High,NA,NA,NA,NA,NA,NA,NA,NA,NA,NA,NA,NA,NA,NA,NA,NA,NA,NA,NA,NA,NA,NA,NA,NA,NA,NA,NA,NA,NA,NA,NA,NA,NA,NA,NA,NA,NA,NA,NA,NA,NA,NA,NA,NA,NA,NA,NA,NA,NA,NA,NA,NA,NA,NA,NA,NA,NA,NA
NA,NA,NA,NA,NA,NA,NA,NA,NA,NA,NA,NA,NA,NA,NA,NA,129,2025-06-13,11:53:51,3,6,"Delaney, Kieran",1000162477,Right,USA_PRI358,"Lawson, Joseph",10144711,Right,USA_CBU,Undefined,5,Top,2,3,2,Undefined,Changeup,StrikeSwinging,Strikeout,Undefined,Undefined,0,0,NA,85.70038,-2.246971,-2.513661,2136.850842,219.034685,01:15:00,6.23424,1.41306,5.80317,-23.62194,14.92965,11.02008,2.1729,-0.00788,77.87987,-6.678323,-0.539869,0.446882,NA,NA,NA,NA,NA,NA,NA,NA,NA,NA,NA,-6.36516,8.68906,-1.21314,50,6.03557,4.9939,-124.18306,-5.60774,-9.8578,26.78216,-18.71723,USA_PRI358,USA_CBU,USABBCary0,USA Baseball,USA,20250613-USABBCary0-2,9aa0d780-486e-11f0-a394-69d32a1ead04,84.34545,NA,NA,7.82051,NA,NA,NA,NA,NA,NA,803347a4-030c-48a3-b0f8-f99b918e67d9,2025-06-13,15:53:51,2025-06-13T15:53:51Z,2025-06-13T15:53:51Z,NA,v3,NA,NA,NA,"Gravely IV, Warren",1000162866,Right,USA_PRI358,00738fa3-cb11-4be7-86b0-949b9d888108,54.69375,-125.19126,13.39108,6.23341,-4.90315,-9.35862,-1.40812,5.36499,-4.9289,NA,NA,NA,NA,NA,NA,NA,NA,NA,NA,NA,NA,NA,NA,NA,NA,NA,NA,NA,NA,NA,NA,NA,NA,NA,NA,NA,NA,NA,NA,NA,NA,NA,NA,NA,NA,NA,NA,NA,NA,NA,NA,NA,NA,NA,NA,NA,NA,NA,NA,High,High,High,NA,NA,NA,NA,NA,NA,NA,NA,NA,NA,NA,NA,NA,NA,NA,NA,NA,NA,NA,NA,NA,NA,NA,NA,NA,NA,NA,NA,NA,NA,NA,NA,NA,NA,NA,NA,NA,NA,NA,NA,NA,NA,NA,NA,NA,NA,NA,NA,NA,NA,NA,NA,NA,NA,NA,NA,NA,NA
NA,NA,NA,NA,NA,NA,NA,NA,NA,NA,NA,NA,NA,NA,NA,NA,130,2025-06-13,11:56:15,1,1,"Nguyen, Aiden",10100607,Left,USA_CBU,"Marchand, Taj",1000239950,Right,USA_PRI358,Undefined,5,Bottom,0,0,0,Undefined,Changeup,BallCalled,Undefined,Undefined,Undefined,0,0,NA,83.7526,-1.654661,3.444653,2206.77578,115.118863,09:45:00,4.7869,-1.64607,5.57061,-30.59002,9.7313,-18.05635,0.6889,0.07074,76.94857,-7.289148,0.226122,0.457024,NA,NA,NA,NA,NA,NA,NA,NA,NA,NA,NA,10.08831,5.75174,1.36119,50,4.624,-6.57173,-121.43753,-4.54105,15.10589,23.17351,-23.56162,USA_PRI358,USA_CBU,USABBCary0,USA Baseball,USA,20250613-USABBCary0-2,f026c340-486e-11f0-a394-69d32a1ead04,82.4737,NA,NA,6.80403,NA,NA,NA,NA,NA,NA,803347a4-030c-48a3-b0f8-f99b918e67d9,2025-06-13,15:56:15,2025-06-13T15:56:15Z,2025-06-13T15:56:15Z,NA,v3,NA,NA,NA,"Ellis, Kaine",10170887,Right,USA_CBU,0c4d86e3-fb9c-4738-9870-4087629df6a6,54.92957,-122.37461,11.58676,4.78836,-3.58828,-11.78081,1.63929,-7.18258,7.55295,NA,NA,NA,NA,NA,NA,NA,NA,NA,NA,NA,NA,NA,NA,NA,NA,NA,NA,NA,NA,NA,NA,NA,NA,NA,NA,NA,NA,NA,NA,NA,NA,NA,NA,NA,NA,NA,NA,NA,NA,NA,NA,NA,NA,NA,NA,NA,NA,NA,NA,High,High,High,NA,NA,NA,NA,NA,NA,NA,NA,NA,NA,NA,NA,NA,NA,NA,NA,NA,NA,NA,NA,NA,NA,NA,NA,NA,NA,NA,NA,NA,NA,NA,NA,NA,NA,NA,NA,NA,NA,NA,NA,NA,NA,NA,NA,NA,NA,NA,NA,NA,NA,NA,NA,NA,NA,NA,NA,NA,NA
NA,NA,NA,NA,NA,NA,NA,NA,NA,NA,NA,NA,NA,NA,NA,NA,131,2025-06-13,11:56:26,1,2,"Nguyen, Aiden",10100607,Left,USA_CBU,"Marchand, Taj",1000239950,Right,USA_PRI358,Undefined,5,Bottom,0,1,0,Undefined,Changeup,BallCalled,Undefined,Undefined,Undefined,0,0,NA,82.84463,0.644318,1.743079,2245.065607,113.543452,09:45:00,4.66162,-1.73796,5.90662,-31.09364,9.81111,-19.40182,2.66886,-1.73631,75.32892,-5.16377,-1.739832,0.460318,NA,NA,NA,NA,NA,NA,NA,NA,NA,NA,NA,10.3541,5.25591,1.60855,50,4.69583,-2.87469,-120.25375,0.37758,15.06715,24.67795,-24.52569,USA_PRI358,USA_CBU,USABBCary0,USA Baseball,USA,20250613-USABBCary0-2,f6e376b0-486e-11f0-a394-69d32a1ead04,81.88343,NA,NA,7.51571,NA,NA,NA,NA,NA,NA,803347a4-030c-48a3-b0f8-f99b918e67d9,2025-06-13,15:56:26,2025-06-13T15:56:26Z,2025-06-13T15:56:26Z,NA,v3,NA,NA,NA,"Ellis, Kaine",10170887,Right,USA_CBU,86899b42-b025-4277-8bb5-a77559043c01,54.59087,-121.1922,12.33898,4.66374,1.31024,-12.26284,1.72876,-3.44766,7.53357,NA,NA,NA,NA,NA,NA,NA,NA,NA,NA,NA,NA,NA,NA,NA,NA,NA,NA,NA,NA,NA,NA,NA,NA,NA,NA,NA,NA,NA,NA,NA,NA,NA,NA,NA,NA,NA,NA,NA,NA,NA,NA,NA,NA,NA,NA,NA,NA,NA,NA,High,High,High,NA,NA,NA,NA,NA,NA,NA,NA,NA,NA,NA,NA,NA,NA,NA,NA,NA,NA,NA,NA,NA,NA,NA,NA,NA,NA,NA,NA,NA,NA,NA,NA,NA,NA,NA,NA,NA,NA,NA,NA,NA,NA,NA,NA,NA,NA,NA,NA,NA,NA,NA,NA,NA,NA,NA,NA,NA,NA
NA,NA,NA,NA,NA,NA,NA,NA,NA,NA,NA,NA,NA,NA,NA,NA,132,2025-06-13,11:56:39,1,3,"Nguyen, Aiden",10100607,Left,USA_CBU,"Marchand, Taj",1000239950,Right,USA_PRI358,Undefined,5,Bottom,0,2,0,Undefined,Changeup,FoulBallNotFieldable,Undefined,Undefined,Undefined,0,0,NA,83.90696,0.305685,2.717859,2272.42306,111.276662,09:45:00,4.69854,-1.78814,5.89389,-30.84021,8.99126,-19.74659,2.41266,-0.9084,76.4621,-5.441403,-0.824169,0.454239,73.94861,2.7827,169.493209,1125.98758,NA,NA,NA,96.56574,55.33755,170.984363,1.036546,10.66627,4.95485,1.57915,50,4.70588,-4.94172,-121.73175,-0.34624,15.96289,24.48516,-24.75874,USA_PRI358,USA_CBU,USABBCary0,USA Baseball,USA,20250613-USABBCary0-2,fe6f39f0-486e-11f0-a394-69d32a1ead04,82.97929,3.8393,NA,7.44486,NA,NA,NA,-0.17513,3.06435,0.32724,803347a4-030c-48a3-b0f8-f99b918e67d9,2025-06-13,15:56:39,2025-06-13T15:56:39Z,2025-06-13T15:56:39Z,GroundBall,v3,NA,NA,NA,"Ellis, Kaine",10170887,Right,USA_CBU,e33e64e7-0191-499d-ae4f-611469d4964f,54.6022,-122.65394,12.24258,4.70136,0.58626,-12.37937,1.77659,-5.54294,7.98144,NA,-0.17514,-106.5143,15.429,-1.81846,4.16129,-10.28327,12.14924,-7.11667,1.66601,3.06435,5.26458,-9.37522,1.22963,2.34012,-5.99946,6.83563,-3.91867,0.90489,0.32724,19.75454,-5.46309,0.37011,-1.54525,3.84569,-4.49462,2.61603,-0.60995,NA,NA,NA,NA,NA,NA,NA,NA,NA,NA,NA,NA,NA,NA,NA,NA,NA,NA,NA,NA,NA,NA,High,High,High,Medium,Low,NA,NA,NA,NA,NA,NA,NA,NA,NA,NA,NA,NA,NA,NA,NA,NA,NA,NA,NA,NA,NA,NA,NA,NA,NA,NA,NA,NA,NA,NA,NA,NA,NA,NA,NA,NA,NA,NA,NA,NA,NA,NA,NA,NA,NA,NA,NA,NA,NA,NA,NA,NA,NA,NA,NA,NA
NA,NA,NA,NA,NA,NA,NA,NA,NA,NA,NA,NA,NA,NA,NA,NA,133,2025-06-13,11:56:53,1,4,"Nguyen, Aiden",10100607,Left,USA_CBU,"Marchand, Taj",1000239950,Right,USA_PRI358,Undefined,5,Bottom,0,2,1,Undefined,Changeup,InPlay,Undefined,LineDrive,Single,0,0,NA,73.37838,1.862806,3.732041,1429.307291,90.074566,09:00:00,4.38331,-1.69716,5.84974,-50.86731,1.88732,-18.24158,1.87962,0.25551,66.48251,-7.54158,0.467234,0.522759,90.54179,6.382126,-33.472089,2495.429286,NA,NA,NA,100.93342,97.75859,-35.981195,0.84116,10.54414,0.86598,1.40444,50,4.50526,-6.29528,-106.26591,1.97757,11.89891,20.43837,-31.19681,USA_PRI358,USA_CBU,USABBCary0,USA Baseball,USA,20250613-USABBCary0-2,06dc5c80-486f-11f0-a394-69d32a1ead04,72.10286,4.59745,NA,6.89587,NA,NA,NA,2.06677,2.09911,-0.24792,803347a4-030c-48a3-b0f8-f99b918e67d9,2025-06-13,15:56:53,2025-06-13T15:56:53Z,2025-06-13T15:56:53Z,GroundBall,v3,NA,NA,NA,"Ellis, Kaine",10170887,Right,USA_CBU,01db06e6-c95c-438c-b41f-bfea4da7ed9b,54.65022,-107.15657,10.21918,4.38946,3.33705,-15.59841,1.69007,-6.8138,5.94945,NA,2.14608,108.79561,-17.0393,NA,NA,NA,NA,NA,NA,2.16386,13.70971,-19.44014,NA,NA,NA,NA,NA,NA,-0.23485,-73.0057,3.29723,NA,NA,NA,NA,NA,NA,NA,NA,NA,NA,NA,NA,NA,NA,NA,NA,NA,NA,NA,NA,NA,NA,NA,NA,NA,NA,NA,NA,High,High,High,High,High,NA,NA,NA,NA,NA,NA,NA,NA,NA,NA,NA,NA,NA,NA,NA,NA,NA,NA,NA,NA,NA,NA,NA,NA,NA,NA,NA,NA,NA,NA,NA,NA,NA,NA,NA,NA,NA,NA,NA,NA,NA,NA,NA,NA,NA,NA,NA,NA,NA,NA,NA,NA,NA,NA,NA,NA
NA,NA,NA,NA,NA,NA,NA,NA,NA,NA,NA,NA,NA,NA,NA,NA,134,2025-06-13,11:57:24,2,1,"Nguyen, Aiden",10100607,Left,USA_CBU,"Tillery, Ty",1000148419,Right,USA_PRI358,Undefined,5,Bottom,0,0,0,Undefined,Changeup,StrikeCalled,Undefined,Undefined,Undefined,0,0,NA,85.21288,0.289158,1.562154,2284.359064,122.53934,10:00:00,4.82361,-1.68831,5.7435600000000004,-25.72167,13.57776,-19.03485,2.94946,-1.81971,76.64235,-4.558064,-1.844262,0.451195,NA,NA,NA,NA,NA,NA,NA,NA,NA,NA,NA,10.09386,7.22225,1.56975,50,4.83225,-2.55352,-123.52635,-0.18317,15.33606,28.43357,-21.20094,USA_PRI358,USA_CBU,USABBCary0,USA Baseball,USA,20250613-USABBCary0-2,19b5a5f0-486f-11f0-a394-69d32a1ead04,83.53905,NA,NA,8.57052,NA,NA,NA,NA,NA,NA,803347a4-030c-48a3-b0f8-f99b918e67d9,2025-06-13,15:57:24,2025-06-13T15:57:24Z,2025-06-13T15:57:24Z,NA,v3,NA,NA,NA,"Ellis, Kaine",10170887,Right,USA_CBU,ea971f65-cbf0-45ef-9116-c7626ed9bcdb,54.75189,-124.61535,14.21679,4.82371,0.62882,-10.60047,1.6788,-3.14089,7.66803,NA,NA,NA,NA,NA,NA,NA,NA,NA,NA,NA,NA,NA,NA,NA,NA,NA,NA,NA,NA,NA,NA,NA,NA,NA,NA,NA,NA,NA,NA,NA,NA,NA,NA,NA,NA,NA,NA,NA,NA,NA,NA,NA,NA,NA,NA,NA,NA,NA,NA,High,High,High,NA,NA,NA,NA,NA,NA,NA,NA,NA,NA,NA,NA,NA,NA,NA,NA,NA,NA,NA,NA,NA,NA,NA,NA,NA,NA,NA,NA,NA,NA,NA,NA,NA,NA,NA,NA,NA,NA,NA,NA,NA,NA,NA,NA,NA,NA,NA,NA,NA,NA,NA,NA,NA,NA,NA,NA,NA,NA
NA,NA,NA,NA,NA,NA,NA,NA,NA,NA,NA,NA,NA,NA,NA,NA,135,2025-06-13,11:57:41,2,2,"Nguyen, Aiden",10100607,Left,USA_CBU,"Tillery, Ty",1000148419,Right,USA_PRI358,Undefined,5,Bottom,0,0,1,Undefined,Changeup,StrikeCalled,Undefined,Undefined,Undefined,0,0,NA,83.51491,0.246548,2.521742,2249.991551,122.928015,10:00:00,4.70921,-1.93765,5.74756,-27.09116,13.69989,-18.91517,2.68138,-1.16465,75.37355,-4.845352,-0.861241,0.459678,NA,NA,NA,NA,NA,NA,NA,NA,NA,NA,NA,10.3454,7.31185,1.73945,50,4.71345,-4.54536,-121.05193,-0.31795,15.15659,26.41994,-21.46175,USA_PRI358,USA_CBU,USABBCary0,USA Baseball,USA,20250613-USABBCary0-2,23d35eb0-486f-11f0-a394-69d32a1ead04,81.99746,NA,NA,8.14136,NA,NA,NA,NA,NA,NA,803347a4-030c-48a3-b0f8-f99b918e67d9,2025-06-13,15:57:41,2025-06-13T15:57:41Z,2025-06-13T15:57:41Z,NA,v3,NA,NA,NA,"Ellis, Kaine",10170887,Right,USA_CBU,4788d295-4628-475f-80b7-16847cc65b1b,54.74891,-122.084,13.20997,4.70949,0.52043,-10.73088,1.92858,-5.13744,7.57829,NA,NA,NA,NA,NA,NA,NA,NA,NA,NA,NA,NA,NA,NA,NA,NA,NA,NA,NA,NA,NA,NA,NA,NA,NA,NA,NA,NA,NA,NA,NA,NA,NA,NA,NA,NA,NA,NA,NA,NA,NA,NA,NA,NA,NA,NA,NA,NA,NA,NA,High,High,High,NA,NA,NA,NA,NA,NA,NA,NA,NA,NA,NA,NA,NA,NA,NA,NA,NA,NA,NA,NA,NA,NA,NA,NA,NA,NA,NA,NA,NA,NA,NA,NA,NA,NA,NA,NA,NA,NA,NA,NA,NA,NA,NA,NA,NA,NA,NA,NA,NA,NA,NA,NA,NA,NA,NA,NA,NA,NA
NA,NA,NA,NA,NA,NA,NA,NA,NA,NA,NA,NA,NA,NA,NA,NA,136,2025-06-13,11:57:56,2,3,"Nguyen, Aiden",10100607,Left,USA_CBU,"Tillery, Ty",1000148419,Right,USA_PRI358,Undefined,5,Bottom,0,0,2,Undefined,Changeup,StrikeCalled,Strikeout,Undefined,Undefined,0,0,NA,83.7932,-0.639586,1.956017,2303.962156,134.071177,10:30:00,4.88279,-1.90836,5.36381,-24.37017,16.7967,-15.80706,2.25183,-1.39074,75.54958,-5.213976,-0.852373,0.461791,NA,NA,NA,NA,NA,NA,NA,NA,NA,NA,NA,8.48721,9.04693,1.74412,50,4.80859,-3.45539,-121.37177,-2.13184,12.48553,26.81319,-18.86512,USA_PRI358,USA_CBU,USABBCary0,USA Baseball,USA,20250613-USABBCary0-2,2cc76480-486f-11f0-a394-69d32a1ead04,81.62231,NA,NA,8.24362,NA,NA,NA,NA,NA,NA,803347a4-030c-48a3-b0f8-f99b918e67d9,2025-06-13,15:57:56,2025-06-13T15:57:56Z,2025-06-13T15:57:56Z,NA,v3,NA,NA,NA,"Ellis, Kaine",10170887,Right,USA_CBU,3eb5d38a-6e70-4969-a462-e17de6ab964e,55.13138,-122.50013,13.40659,4.8816,-1.33795,-9.43256,1.90059,-3.98082,6.24277,NA,NA,NA,NA,NA,NA,NA,NA,NA,NA,NA,NA,NA,NA,NA,NA,NA,NA,NA,NA,NA,NA,NA,NA,NA,NA,NA,NA,NA,NA,NA,NA,NA,NA,NA,NA,NA,NA,NA,NA,NA,NA,NA,NA,NA,NA,NA,NA,NA,NA,High,High,High,NA,NA,NA,NA,NA,NA,NA,NA,NA,NA,NA,NA,NA,NA,NA,NA,NA,NA,NA,NA,NA,NA,NA,NA,NA,NA,NA,NA,NA,NA,NA,NA,NA,NA,NA,NA,NA,NA,NA,NA,NA,NA,NA,NA,NA,NA,NA,NA,NA,NA,NA,NA,NA,NA,NA,NA,NA,NA
NA,NA,NA,NA,NA,NA,NA,NA,NA,NA,NA,NA,NA,NA,NA,NA,137,2025-06-13,11:58:25,3,1,"Nguyen, Aiden",10100607,Left,USA_CBU,"Prosek, Cole",1000165647,Left,USA_PRI358,Undefined,5,Bottom,1,0,0,Undefined,Curveball,BallCalled,Undefined,Undefined,Undefined,0,0,NA,71.30589,3.633332,2.774112,2500.350451,309.116595,04:15:00,4.41505,-2.22082,5.30492,-67.28393,-9.68359,14.49154,2.22736,1.59298,64.36204,-8.611854,5.338545,0.546241,NA,NA,NA,NA,NA,NA,NA,NA,NA,NA,NA,-6.23437,-5.365,1.95804,50,4.69746,-5.53717,-103.04364,4.38914,-6.55614,20.62196,-37.81594,USA_PRI358,USA_CBU,USABBCary0,USA Baseball,USA,20250613-USABBCary0-2,3dd40440-486f-11f0-a394-69d32a1ead04,69.00337,NA,NA,6.94384,NA,NA,NA,NA,NA,NA,803347a4-030c-48a3-b0f8-f99b918e67d9,2025-06-13,15:58:25,2025-06-13T15:58:25Z,2025-06-13T15:58:25Z,NA,v3,NA,NA,NA,"Ellis, Kaine",10170887,Right,USA_CBU,6346982a-b569-4094-9853-5d89f2df6026,55.19455,-104.07802,10.31098,4.42973,6.28596,-18.90797,2.22753,-5.20832,-3.27807,NA,NA,NA,NA,NA,NA,NA,NA,NA,NA,NA,NA,NA,NA,NA,NA,NA,NA,NA,NA,NA,NA,NA,NA,NA,NA,NA,NA,NA,NA,NA,NA,NA,NA,NA,NA,NA,NA,NA,NA,NA,NA,NA,NA,NA,NA,NA,NA,NA,NA,High,High,High,NA,NA,NA,NA,NA,NA,NA,NA,NA,NA,NA,NA,NA,NA,NA,NA,NA,NA,NA,NA,NA,NA,NA,NA,NA,NA,NA,NA,NA,NA,NA,NA,NA,NA,NA,NA,NA,NA,NA,NA,NA,NA,NA,NA,NA,NA,NA,NA,NA,NA,NA,NA,NA,NA,NA,NA,NA,NA
NA,NA,NA,NA,NA,NA,NA,NA,NA,NA,NA,NA,NA,NA,NA,NA,138,2025-06-13,11:58:39,3,2,"Nguyen, Aiden",10100607,Left,USA_CBU,"Prosek, Cole",1000165647,Left,USA_PRI358,Undefined,5,Bottom,1,1,0,Undefined,Four-Seam,StrikeCalled,Undefined,Undefined,Undefined,0,0,NA,84.56859,-0.713086,3.827055,2332.809546,137.245909,10:30:00,4.91567,-2.1246,5.67861,-22.19753,17.78371,-15.10871,2.39961,0.18927,76.27575,-4.916656,1.13403,0.455092,NA,NA,NA,NA,NA,NA,NA,NA,NA,NA,NA,8.77237,9.63756,1.81088,50,4.84174,-7.53909,-122.37652,-2.18404,13.148,26.7785,-17.7293,USA_PRI358,USA_CBU,USABBCary0,USA Baseball,USA,20250613-USABBCary0-2,4622a250-486f-11f0-a394-69d32a1ead04,82.82373,NA,NA,8.29284,NA,NA,NA,NA,NA,NA,803347a4-030c-48a3-b0f8-f99b918e67d9,2025-06-13,15:58:39,2025-06-13T15:58:39Z,2025-06-13T15:58:39Z,NA,v3,NA,NA,NA,"Ellis, Kaine",10170887,Right,USA_CBU,1856a3fd-aa2a-47da-b577-7809714847ee,54.81637,-123.42594,13.38925,4.91372,-1.48925,-8.86465,2.11643,-8.05435,6.574,NA,NA,NA,NA,NA,NA,NA,NA,NA,NA,NA,NA,NA,NA,NA,NA,NA,NA,NA,NA,NA,NA,NA,NA,NA,NA,NA,NA,NA,NA,NA,NA,NA,NA,NA,NA,NA,NA,NA,NA,NA,NA,NA,NA,NA,NA,NA,NA,NA,NA,High,High,High,NA,NA,NA,NA,NA,NA,NA,NA,NA,NA,NA,NA,NA,NA,NA,NA,NA,NA,NA,NA,NA,NA,NA,NA,NA,NA,NA,NA,NA,NA,NA,NA,NA,NA,NA,NA,NA,NA,NA,NA,NA,NA,NA,NA,NA,NA,NA,NA,NA,NA,NA,NA,NA,NA,NA,NA,NA,NA
NA,NA,NA,NA,NA,NA,NA,NA,NA,NA,NA,NA,NA,NA,NA,NA,139,2025-06-13,11:58:53,3,3,"Nguyen, Aiden",10100607,Left,USA_CBU,"Prosek, Cole",1000165647,Left,USA_PRI358,Undefined,5,Bottom,1,1,1,Undefined,Changeup,BallCalled,Undefined,Undefined,Undefined,0,0,NA,73.69944,1.067693,4.554563,1688.121006,112.128555,09:45:00,4.26046,-2.29343,5.59515,-43.66467,8.75717,-17.27489,1.62188,0.52841,67.26484,-6.97995,1.483218,0.521108,NA,NA,NA,NA,NA,NA,NA,NA,NA,NA,NA,9.99107,4.66244,1.91349,50,4.32414,-7.85992,-106.66159,0.68463,11.48219,18.75644,-26.81574,USA_PRI358,USA_CBU,USABBCary0,USA Baseball,USA,20250613-USABBCary0-2,4e6866c0-486f-11f0-a394-69d32a1ead04,72.33135,NA,NA,6.4346,NA,NA,NA,NA,NA,NA,803347a4-030c-48a3-b0f8-f99b918e67d9,2025-06-13,15:58:53,2025-06-13T15:58:53Z,2025-06-13T15:58:53Z,NA,v3,NA,NA,NA,"Ellis, Kaine",10170887,Right,USA_CBU,74f8d7b5-33b3-41be-be4c-69b389aa37b2,54.90292,-107.52031,9.37822,4.2647,1.91233,-13.40787,2.28538,-8.3856,5.7411,NA,NA,NA,NA,NA,NA,NA,NA,NA,NA,NA,NA,NA,NA,NA,NA,NA,NA,NA,NA,NA,NA,NA,NA,NA,NA,NA,NA,NA,NA,NA,NA,NA,NA,NA,NA,NA,NA,NA,NA,NA,NA,NA,NA,NA,NA,NA,NA,NA,NA,High,High,High,NA,NA,NA,NA,NA,NA,NA,NA,NA,NA,NA,NA,NA,NA,NA,NA,NA,NA,NA,NA,NA,NA,NA,NA,NA,NA,NA,NA,NA,NA,NA,NA,NA,NA,NA,NA,NA,NA,NA,NA,NA,NA,NA,NA,NA,NA,NA,NA,NA,NA,NA,NA,NA,NA,NA,NA,NA,NA
NA,NA,NA,NA,NA,NA,NA,NA,NA,NA,NA,NA,NA,NA,NA,NA,140,2025-06-13,11:59:10,3,4,"Nguyen, Aiden",10100607,Left,USA_CBU,"Prosek, Cole",1000165647,Left,USA_PRI358,Undefined,5,Bottom,1,2,1,Undefined,Changeup,StrikeSwinging,Undefined,Undefined,Undefined,0,0,NA,85.79597,0.34524,3.659932,2331.458842,127.831272,10:15:00,4.81131,-1.6269,5.8968,-23.54489,14.7969,-17.35603,3.17042,0.32927,77.62252,-4.103365,0.552663,0.445664,NA,NA,NA,NA,NA,NA,NA,NA,NA,NA,NA,9.87815,7.84048,1.34148,50,4.82573,-7.21743,-124.29947,0.03982,15.33439,26.72277,-20.00286,USA_PRI358,USA_CBU,USABBCary0,USA Baseball,USA,20250613-USABBCary0-2,58ce4c10-486f-11f0-a394-69d32a1ead04,84.57591,NA,NA,8.17345,NA,NA,NA,NA,NA,NA,803347a4-030c-48a3-b0f8-f99b918e67d9,2025-06-13,15:59:10,2025-06-13T15:59:10Z,2025-06-13T15:59:10Z,NA,v3,NA,NA,NA,"Ellis, Kaine",10170887,Right,USA_CBU,1e2eedeb-f44b-4e2f-8d96-20a517bef0dd,54.59947,-125.28439,13.36138,4.81067,0.77707,-10.00143,1.61791,-7.78262,7.6672,NA,NA,NA,NA,NA,NA,NA,NA,NA,NA,NA,NA,NA,NA,NA,NA,NA,NA,NA,NA,NA,NA,NA,NA,NA,NA,NA,NA,NA,NA,NA,NA,NA,NA,NA,NA,NA,NA,NA,NA,NA,NA,NA,NA,NA,NA,NA,NA,NA,NA,High,High,High,NA,NA,NA,NA,NA,NA,NA,NA,NA,NA,NA,NA,NA,NA,NA,NA,NA,NA,NA,NA,NA,NA,NA,NA,NA,NA,NA,NA,NA,NA,NA,NA,NA,NA,NA,NA,NA,NA,NA,NA,NA,NA,NA,NA,NA,NA,NA,NA,NA,NA,NA,NA,NA,NA,NA,NA,NA,NA
NA,NA,NA,NA,NA,NA,NA,NA,NA,NA,NA,NA,NA,NA,NA,NA,141,2025-06-13,11:59:27,3,5,"Nguyen, Aiden",10100607,Left,USA_CBU,"Prosek, Cole",1000165647,Left,USA_PRI358,Undefined,5,Bottom,1,2,2,Undefined,Changeup,InPlay,Undefined,GroundBall,Out,2,0,NA,85.60113,-0.25068,4.801248,2343.973984,119.712902,10:00:00,4.82203,-1.76665,5.89095,-25.35119,13.4269,-21.07104,2.47586,0.94586,77.14754,-5.028841,1.035802,0.448193,89.07454,-8.49903,-2.861138,NA,NA,NA,NA,20.99694,20.99694,-5.660185,0.153916,12.26949,7.34579,1.39111,50,4.78736,-9.53257,-123.82861,-1.32355,18.81151,27.62279,-20.91153,USA_PRI358,USA_CBU,USABBCary0,USA Baseball,USA,20250613-USABBCary0-2,62f46940-486f-11f0-a394-69d32a1ead04,84.09877,2.686,NA,8.45359,NA,NA,NA,1.05484,2.686,-0.99673,803347a4-030c-48a3-b0f8-f99b918e67d9,2025-06-13,15:59:27,2025-06-13T15:59:27Z,2025-06-13T15:59:27Z,GroundBall,v3,NA,NA,NA,"Ellis, Kaine",10170887,Right,USA_CBU,f163b812-6fa3-487b-aeea-28ae3e5fa09b,54.6072,-124.85212,13.8114,4.82204,-0.54871,-10.45576,1.75723,-10.2296,9.40575,172.884093,1.05456,129.07089,-1.08754,NA,NA,NA,NA,NA,NA,2.68588,-19.29755,12.00713,NA,NA,NA,NA,NA,NA,-0.99669,-6.45314,-3.41947,NA,NA,NA,NA,NA,NA,NA,NA,NA,NA,NA,NA,NA,NA,NA,NA,NA,NA,NA,NA,NA,NA,NA,NA,NA,NA,NA,NA,High,High,High,Medium,High,NA,NA,NA,NA,NA,NA,NA,NA,NA,NA,NA,NA,NA,NA,NA,NA,NA,NA,NA,NA,NA,NA,NA,NA,NA,NA,NA,NA,NA,NA,NA,NA,NA,NA,NA,NA,NA,NA,NA,NA,NA,NA,NA,NA,NA,NA,NA,NA,NA,NA,NA,NA,NA,NA,NA,NA
NA,NA,NA,NA,NA,NA,NA,NA,NA,NA,NA,NA,NA,NA,NA,NA,142,2025-06-13,12:01:17,1,1,"Delaney, Kieran",1000162477,Right,USA_PRI358,"Carrillo, Mills",10148197,Right,USA_CBU,Undefined,6,Top,0,0,0,Undefined,Four-Seam,InPlay,Undefined,GroundBall,Single,0,0,NA,82.94785,-2.005424,-1.625685,2140.310237,195.646595,12:30:00,6.36373,1.38159,5.37651,-20.69407,21.33596,5.54315,2.75766,0.31907,74.86048,-5.923189,-0.640676,0.466607,92.47285,4.3759,-20.104427,1119.052885,NA,NA,NA,87.01274,83.65477,-22.314718,0.699364,-3.30091,11.79406,-1.24007,50,6.17009,3.17428,-120.09886,-4.81703,-4.75268,26.34124,-15.19275,USA_PRI358,USA_CBU,USABBCary0,USA Baseball,USA,20250613-USABBCary0-2,a483b4b0-486f-11f0-a394-69d32a1ead04,80.77985,3.82322,NA,8.08737,NA,NA,NA,0.63668,2.55661,-0.19334,803347a4-030c-48a3-b0f8-f99b918e67d9,2025-06-13,16:01:17,2025-06-13T16:01:17Z,2025-06-13T16:01:17Z,GroundBall,v3,NA,NA,NA,"Gravely IV, Warren",1000162866,Right,USA_PRI358,ca494fba-0b2c-49b2-bad4-265596765bc1,55.11909,-121.21643,13.17062,6.36078,-4.17246,-7.59637,-1.37902,3.37592,-2.37634,65.455379,0.67775,126.19575,-17.32934,NA,NA,NA,NA,NA,NA,2.59158,9.67089,-19.19301,NA,NA,NA,NA,NA,NA,-0.17901,-46.76424,-0.3412,NA,NA,NA,NA,NA,NA,NA,NA,NA,NA,NA,NA,NA,NA,NA,NA,NA,NA,NA,NA,NA,NA,NA,NA,NA,NA,NA,NA,High,High,High,High,High,NA,NA,NA,NA,NA,NA,NA,NA,NA,NA,NA,NA,NA,NA,NA,NA,NA,NA,NA,NA,NA,NA,NA,NA,NA,NA,NA,NA,NA,NA,NA,NA,NA,NA,NA,NA,NA,NA,NA,NA,NA,NA,NA,NA,NA,NA,NA,NA,NA,NA,NA,NA,NA,NA,NA,NA
NA,NA,NA,NA,NA,NA,NA,NA,NA,NA,NA,NA,NA,NA,NA,NA,143,2025-06-13,12:01:50,2,1,"Delaney, Kieran",1000162477,Right,USA_PRI358,"Knierim, James",10929696,Left,USA_CBU,Undefined,6,Top,0,0,0,Undefined,Changeup,StrikeSwinging,Undefined,Undefined,Undefined,0,0,NA,77.14683,-1.925665,-1.510323,1377.988617,260.328904,02:45:00,6.07842,1.82018,5.52548,-44.188720000000004,4.26284,14.53143,0.59446,1.61884,70.06991,-10.016797,1.087417,0.500986,NA,NA,NA,NA,NA,NA,NA,NA,NA,NA,NA,-7.85048,3.30673,-1.69884,50,5.88167,2.38865,-111.75456,-5.1771,-9.74417,23.62087,-28.06967,USA_PRI358,USA_CBU,USABBCary0,USA Baseball,USA,20250613-USABBCary0-2,b81b9330-486f-11f0-a394-69d32a1ead04,75.23657,NA,NA,7.07692,NA,NA,NA,NA,NA,NA,803347a4-030c-48a3-b0f8-f99b918e67d9,2025-06-13,16:01:50,2025-06-13T16:01:50Z,2025-06-13T16:01:50Z,NA,v3,NA,NA,NA,"Gravely IV, Warren",1000162866,Right,USA_PRI358,d226d2f4-5772-4c9c-a0b6-8e2ae137bb41,54.97211,-112.80059,11.81044,6.08342,-3.93406,-14.03483,-1.81417,2.82016,-4.87208,NA,NA,NA,NA,NA,NA,NA,NA,NA,NA,NA,NA,NA,NA,NA,NA,NA,NA,NA,NA,NA,NA,NA,NA,NA,NA,NA,NA,NA,NA,NA,NA,NA,NA,NA,NA,NA,NA,NA,NA,NA,NA,NA,NA,NA,NA,NA,NA,NA,NA,High,High,High,NA,NA,NA,NA,NA,NA,NA,NA,NA,NA,NA,NA,NA,NA,NA,NA,NA,NA,NA,NA,NA,NA,NA,NA,NA,NA,NA,NA,NA,NA,NA,NA,NA,NA,NA,NA,NA,NA,NA,NA,NA,NA,NA,NA,NA,NA,NA,NA,NA,NA,NA,NA,NA,NA,NA,NA,NA,NA
NA,NA,NA,NA,NA,NA,NA,NA,NA,NA,NA,NA,NA,NA,NA,NA,144,2025-06-13,12:02:08,2,2,"Delaney, Kieran",1000162477,Right,USA_PRI358,"Knierim, James",10929696,Left,USA_CBU,Undefined,6,Top,0,0,1,Undefined,Four-Seam,BallCalled,Undefined,Undefined,Undefined,0,0,NA,83.6003,-2.558323,-3.893253,2211.858451,192.8707,12:30:00,6.08078,1.63565,5.51485,-19.99249,21.71336,4.58311,2.01541,-1.62848,74.81821,-6.37099,-3.079545,0.464804,NA,NA,NA,NA,NA,NA,NA,NA,NA,NA,NA,-3.61492,12.24532,-1.29894,50,5.84433,8.01044,-120.63885,-5.95594,-5.20981,28.29757,-14.52615,USA_PRI358,USA_CBU,USABBCary0,USA Baseball,USA,20250613-USABBCary0-2,c2c426d0-486f-11f0-a394-69d32a1ead04,81.09322,NA,NA,8.78209,NA,NA,NA,NA,NA,NA,803347a4-030c-48a3-b0f8-f99b918e67d9,2025-06-13,16:02:08,2025-06-13T16:02:08Z,2025-06-13T16:02:08Z,NA,v3,NA,NA,NA,"Gravely IV, Warren",1000162866,Right,USA_PRI358,e62bbbed-c880-4541-bf94-171f17b9fafc,54.97668,-121.80061,14.14879,6.07661,-5.35957,-7.26307,-1.6322,8.22432,-2.6049,NA,NA,NA,NA,NA,NA,NA,NA,NA,NA,NA,NA,NA,NA,NA,NA,NA,NA,NA,NA,NA,NA,NA,NA,NA,NA,NA,NA,NA,NA,NA,NA,NA,NA,NA,NA,NA,NA,NA,NA,NA,NA,NA,NA,NA,NA,NA,NA,NA,NA,High,High,High,NA,NA,NA,NA,NA,NA,NA,NA,NA,NA,NA,NA,NA,NA,NA,NA,NA,NA,NA,NA,NA,NA,NA,NA,NA,NA,NA,NA,NA,NA,NA,NA,NA,NA,NA,NA,NA,NA,NA,NA,NA,NA,NA,NA,NA,NA,NA,NA,NA,NA,NA,NA,NA,NA,NA,NA,NA,NA
NA,NA,NA,NA,NA,NA,NA,NA,NA,NA,NA,NA,NA,NA,NA,NA,145,2025-06-13,12:02:53,2,3,"Delaney, Kieran",1000162477,Right,USA_PRI358,"Knierim, James",10929696,Left,USA_CBU,Undefined,6,Top,0,1,1,Undefined,Changeup,BallCalled,Undefined,Undefined,Undefined,0,0,NA,74.82817,1.981089,-1.614476,1294.80979,202.005562,12:45:00,6.12074,1.73436,5.5333,-40.51463,11.19615,3.73343,4.59781,0.53596,67.02433,-5.569822,-0.949548,0.517562,NA,NA,NA,NA,NA,NA,NA,NA,NA,NA,NA,-2.40701,5.56733,-1.59664,50,6.26664,2.906,-108.25582,2.52782,-2.79684,22.57409,-25.70512,USA_PRI358,USA_CBU,USABBCary0,USA Baseball,USA,20250613-USABBCary0-2,dd648ed0-486f-11f0-a394-69d32a1ead04,72.82697,NA,NA,7.80384,NA,NA,NA,NA,NA,NA,803347a4-030c-48a3-b0f8-f99b918e67d9,2025-06-13,16:02:53,2025-06-13T16:02:53Z,2025-06-13T16:02:53Z,NA,v3,NA,NA,NA,"Gravely IV, Warren",1000162866,Right,USA_PRI358,5f2f2b32-279a-4a64-a256-2ee7d8ef4bf3,54.95892,-109.28498,11.28704,6.12468,3.69973,-12.85256,-1.73203,3.03351,-1.39842,NA,NA,NA,NA,NA,NA,NA,NA,NA,NA,NA,NA,NA,NA,NA,NA,NA,NA,NA,NA,NA,NA,NA,NA,NA,NA,NA,NA,NA,NA,NA,NA,NA,NA,NA,NA,NA,NA,NA,NA,NA,NA,NA,NA,NA,NA,NA,NA,NA,NA,High,High,High,NA,NA,NA,NA,NA,NA,NA,NA,NA,NA,NA,NA,NA,NA,NA,NA,NA,NA,NA,NA,NA,NA,NA,NA,NA,NA,NA,NA,NA,NA,NA,NA,NA,NA,NA,NA,NA,NA,NA,NA,NA,NA,NA,NA,NA,NA,NA,NA,NA,NA,NA,NA,NA,NA,NA,NA,NA,NA
NA,NA,NA,NA,NA,NA,NA,NA,NA,NA,NA,NA,NA,NA,NA,NA,146,2025-06-13,12:03:10,2,4,"Delaney, Kieran",1000162477,Right,USA_PRI358,"Knierim, James",10929696,Left,USA_CBU,Undefined,6,Top,0,2,1,Undefined,Changeup,FoulBallNotFieldable,Undefined,Undefined,Undefined,0,0,NA,83.89292,-1.856237,-2.11244,2063.604088,229.146688,01:45:00,6.13192,1.57642,5.70796,-26.9999,13.64438,14.04209,2.1507,0.77756,75.72648,-6.910899,0.399939,0.45885,80.94641,44.58308,-47.872475,4731.361907,59.49113,80.79267,-92.52417,247.24674,93.12226,-65.547907,4.579668,-7.83949,7.97359,-1.40835,50,5.95985,3.90811,-121.52807,-4.78784,-11.52922,27.51059,-20.44762,USA_PRI358,USA_CBU,USABBCary0,USA Baseball,USA,20250613-USABBCary0-2,e7f072b0-486f-11f0-a394-69d32a1ead04,82.14538,86.14475,NA,8.16644,NA,NA,NA,0.5441,2.85393,-1.37378,803347a4-030c-48a3-b0f8-f99b918e67d9,2025-06-13,16:03:10,2025-06-13T16:03:10Z,2025-06-13T16:03:10Z,FlyBall,v3,NA,NA,NA,"Gravely IV, Warren",1000162866,Right,USA_PRI358,7818841d-1ba0-49cc-8728-c35764a8f059,54.78901,-122.60738,13.7553,6.13195,-3.98563,-10.22381,-1.57055,4.36043,-5.76461,NA,0.52117,57.31384,-21.17638,11.11041,-7.08373,3.38074,-0.96587,0.14451,-0.00865,2.83844,83.66415,-26.08897,4.85922,-2.34084,0.89971,-0.20395,0.02375,-0.00109,-1.3672,-62.82654,3.43793,-0.00526,-0.10897,0.11072,-0.05703,0.01277,-0.00101,NA,NA,NA,NA,NA,NA,NA,NA,NA,NA,NA,NA,NA,NA,NA,NA,NA,NA,NA,NA,NA,NA,High,High,High,Medium,Low,NA,NA,NA,NA,NA,NA,NA,NA,NA,NA,NA,NA,NA,NA,NA,NA,NA,NA,NA,NA,NA,NA,NA,NA,NA,NA,NA,NA,NA,NA,NA,NA,NA,NA,NA,NA,NA,NA,NA,NA,NA,NA,NA,NA,NA,NA,NA,NA,NA,NA,NA,NA,NA,NA,NA,NA
NA,NA,NA,NA,NA,NA,NA,NA,NA,NA,NA,NA,NA,NA,NA,NA,147,2025-06-13,12:03:31,2,5,"Delaney, Kieran",1000162477,Right,USA_PRI358,"Knierim, James",10929696,Left,USA_CBU,Undefined,6,Top,0,2,2,Undefined,Splitter,BallCalled,Undefined,Undefined,Undefined,0,0,NA,78.07514,2.016227,-1.472072,1148.542748,267.867005,03:00:00,6.02886,1.73543,5.79904,-44.68101,1.82614,6.01559,4.18214,0.86724,70.73287,-6.251648,-0.394605,0.49083,NA,NA,NA,NA,NA,NA,NA,NA,NA,NA,NA,-3.49481,0.83665,-1.61795,50,6.16843,2.6760100000000002,-113.19731,2.56649,-4.4846,22.78865,-31.100460000000002,USA_PRI358,USA_CBU,USABBCary0,USA Baseball,USA,20250613-USABBCary0-2,f4449370-486f-11f0-a394-69d32a1ead04,76.79324,NA,NA,7.34227,NA,NA,NA,NA,NA,NA,803347a4-030c-48a3-b0f8-f99b918e67d9,2025-06-13,16:03:31,2025-06-13T16:03:31Z,2025-06-13T16:03:31Z,NA,v3,NA,NA,NA,"Gravely IV, Warren",1000162866,Right,USA_PRI358,e6a72d41-257d-4f6e-9506-0439b2ad3ca0,54.69751,-114.13908,11.39433,6.0358,3.85176,-15.550230000000001,-1.73237,2.86134,-2.2423,NA,NA,NA,NA,NA,NA,NA,NA,NA,NA,NA,NA,NA,NA,NA,NA,NA,NA,NA,NA,NA,NA,NA,NA,NA,NA,NA,NA,NA,NA,NA,NA,NA,NA,NA,NA,NA,NA,NA,NA,NA,NA,NA,NA,NA,NA,NA,NA,NA,NA,High,High,High,NA,NA,NA,NA,NA,NA,NA,NA,NA,NA,NA,NA,NA,NA,NA,NA,NA,NA,NA,NA,NA,NA,NA,NA,NA,NA,NA,NA,NA,NA,NA,NA,NA,NA,NA,NA,NA,NA,NA,NA,NA,NA,NA,NA,NA,NA,NA,NA,NA,NA,NA,NA,NA,NA,NA,NA,NA,NA
NA,NA,NA,NA,NA,NA,NA,NA,NA,NA,NA,NA,NA,NA,NA,NA,148,2025-06-13,12:03:48,2,6,"Delaney, Kieran",1000162477,Right,USA_PRI358,"Knierim, James",10929696,Left,USA_CBU,Undefined,6,Top,0,3,2,Undefined,Four-Seam,StrikeSwinging,Strikeout,Undefined,Undefined,0,0,NA,85.6796,-0.760453,-1.449045,2341.038677,212.273947,01:00:00,6.14792,1.64231,5.74468,-20.19194,18.57942,10.8526,3.75697,1.19726,77.26216,-4.607073,0.492973,0.448154,NA,NA,NA,NA,NA,NA,NA,NA,NA,NA,NA,-5.9167,10.06693,-1.52825,50,6.07252,2.67408,-124.20026,-2.22981,-9.11923,27.95846,-16.6582,USA_PRI358,USA_CBU,USABBCary0,USA Baseball,USA,20250613-USABBCary0-2,fe9c47f0-486f-11f0-a394-69d32a1ead04,84.10607,NA,NA,8.41744,NA,NA,NA,NA,NA,NA,803347a4-030c-48a3-b0f8-f99b918e67d9,2025-06-13,16:03:48,2025-06-13T16:03:48Z,2025-06-13T16:03:48Z,NA,v3,NA,NA,NA,"Gravely IV, Warren",1000162866,Right,USA_PRI358,b9720d41-6dd8-4a65-b11a-5a016136fba8,54.74956,-125.26486,13.97923,6.14535,-1.5955,-8.3291,-1.63669,3.02133,-4.55961,NA,NA,NA,NA,NA,NA,NA,NA,NA,NA,NA,NA,NA,NA,NA,NA,NA,NA,NA,NA,NA,NA,NA,NA,NA,NA,NA,NA,NA,NA,NA,NA,NA,NA,NA,NA,NA,NA,NA,NA,NA,NA,NA,NA,NA,NA,NA,NA,NA,NA,High,High,High,NA,NA,NA,NA,NA,NA,NA,NA,NA,NA,NA,NA,NA,NA,NA,NA,NA,NA,NA,NA,NA,NA,NA,NA,NA,NA,NA,NA,NA,NA,NA,NA,NA,NA,NA,NA,NA,NA,NA,NA,NA,NA,NA,NA,NA,NA,NA,NA,NA,NA,NA,NA,NA,NA,NA,NA,NA,NA
NA,NA,NA,NA,NA,NA,NA,NA,NA,NA,NA,NA,NA,NA,NA,NA,149,2025-06-13,12:04:14,3,1,"Delaney, Kieran",1000162477,Right,USA_PRI358,"Chung, Rodney",10172484,Right,USA_CBU,Undefined,6,Top,1,0,0,Undefined,Curveball,BallCalled,Undefined,Undefined,Undefined,0,0,NA,70.35122,4.065599,0.721588,2497.653413,48.16001,07:30:00,6.19796,1.52731,4.92731,-66.43606,-7.41583,-10.4306,4.51169,1.34026,64.16728,-7.938505,-1.116113,0.552932,NA,NA,NA,NA,NA,NA,NA,NA,NA,NA,NA,5.30925,-4.17197,-1.58855,50,6.53938,-0.88213,-101.82205,5.03121,5.54675,17.47868,-36.53264,USA_PRI358,USA_CBU,USABBCary0,USA Baseball,USA,20250613-USABBCary0-2,0d9d8750-4870-11f0-a394-69d32a1ead04,68.16827,NA,NA,6.18394,NA,NA,NA,NA,NA,NA,803347a4-030c-48a3-b0f8-f99b918e67d9,2025-06-13,16:04:14,2025-06-13T16:04:14Z,2025-06-13T16:04:14Z,NA,v3,NA,NA,NA,"Gravely IV, Warren",1000162866,Right,USA_PRI358,0de4a775-66e9-446e-96f8-1db21a51462d,55.57332,-102.77431,8.73934,6.21106,7.02155,-18.26632,-1.53226,-1.18432,2.77338,NA,NA,NA,NA,NA,NA,NA,NA,NA,NA,NA,NA,NA,NA,NA,NA,NA,NA,NA,NA,NA,NA,NA,NA,NA,NA,NA,NA,NA,NA,NA,NA,NA,NA,NA,NA,NA,NA,NA,NA,NA,NA,NA,NA,NA,NA,NA,NA,NA,NA,High,High,High,NA,NA,NA,NA,NA,NA,NA,NA,NA,NA,NA,NA,NA,NA,NA,NA,NA,NA,NA,NA,NA,NA,NA,NA,NA,NA,NA,NA,NA,NA,NA,NA,NA,NA,NA,NA,NA,NA,NA,NA,NA,NA,NA,NA,NA,NA,NA,NA,NA,NA,NA,NA,NA,NA,NA,NA,NA,NA
NA,NA,NA,NA,NA,NA,NA,NA,NA,NA,NA,NA,NA,NA,NA,NA,150,2025-06-13,12:05:17,3,2,"Delaney, Kieran",1000162477,Right,USA_PRI358,"Chung, Rodney",10172484,Right,USA_CBU,Undefined,6,Top,1,1,0,Undefined,Four-Seam,StrikeSwinging,Undefined,Undefined,Undefined,0,0,NA,84.89277,-1.808171,-2.471905,2165.879889,201.479393,12:45:00,6.21649,1.37051,5.76377,-20.1271,19.26973,7.03622,2.85421,-0.34523,76.90508,-5.629877,-1.213486,0.451754,NA,NA,NA,NA,NA,NA,NA,NA,NA,NA,NA,-4.31469,10.75453,-1.16995,50,6.05458,5.01474,-122.99333,-4.46025,-6.5459,26.57799,-15.8582,USA_PRI358,USA_CBU,USABBCary0,USA Baseball,USA,20250613-USABBCary0-2,3370e8a0-4870-11f0-a394-69d32a1ead04,83.43575,NA,NA,7.98769,NA,NA,NA,NA,NA,NA,803347a4-030c-48a3-b0f8-f99b918e67d9,2025-06-13,16:05:17,2025-06-13T16:05:17Z,2025-06-13T16:05:17Z,NA,v3,NA,NA,NA,"Gravely IV, Warren",1000162866,Right,USA_PRI358,4235f49f-bddb-4097-aa93-cca477bcd466,54.73158,-124.01158,13.28899,6.21382,-3.85269,-7.9291,-1.36688,5.26553,-3.27295,NA,NA,NA,NA,NA,NA,NA,NA,NA,NA,NA,NA,NA,NA,NA,NA,NA,NA,NA,NA,NA,NA,NA,NA,NA,NA,NA,NA,NA,NA,NA,NA,NA,NA,NA,NA,NA,NA,NA,NA,NA,NA,NA,NA,NA,NA,NA,NA,NA,NA,High,High,High,NA,NA,NA,NA,NA,NA,NA,NA,NA,NA,NA,NA,NA,NA,NA,NA,NA,NA,NA,NA,NA,NA,NA,NA,NA,NA,NA,NA,NA,NA,NA,NA,NA,NA,NA,NA,NA,NA,NA,NA,NA,NA,NA,NA,NA,NA,NA,NA,NA,NA,NA,NA,NA,NA,NA,NA,NA,NA
NA,NA,NA,NA,NA,NA,NA,NA,NA,NA,NA,NA,NA,NA,NA,NA,151,2025-06-13,12:05:34,3,3,"Delaney, Kieran",1000162477,Right,USA_PRI358,"Chung, Rodney",10172484,Right,USA_CBU,Undefined,6,Top,1,1,1,Undefined,Four-Seam,BallCalled,Undefined,Undefined,Undefined,0,0,NA,86.03522,-0.199802,-1.040262,2238.563617,203.479056,12:45:00,6.15832,1.30088,5.59875,-18.86111,19.77304,7.99099,4.4,0.99549,77.54682,-3.801726,0.385793,0.44736,NA,NA,NA,NA,NA,NA,NA,NA,NA,NA,NA,-4.32756,10.43075,-1.21686,50,6.12926,1.91363,-124.71375,-0.97691,-6.72936,28.0472,-15.95419,USA_PRI358,USA_CBU,USABBCary0,USA Baseball,USA,20250613-USABBCary0-2,3d8811b0-4870-11f0-a394-69d32a1ead04,84.25529,NA,NA,8.4884,NA,NA,NA,NA,NA,NA,803347a4-030c-48a3-b0f8-f99b918e67d9,2025-06-13,16:05:34,2025-06-13T16:05:34Z,2025-06-13T16:05:34Z,NA,v3,NA,NA,NA,"Gravely IV, Warren",1000162866,Right,USA_PRI358,a49a15a2-588e-439d-955f-00934c3167bb,54.89531,-125.80986,14.0236,6.15526,-0.35341,-7.97709,-1.29678,2.17661,-3.36468,NA,NA,NA,NA,NA,NA,NA,NA,NA,NA,NA,NA,NA,NA,NA,NA,NA,NA,NA,NA,NA,NA,NA,NA,NA,NA,NA,NA,NA,NA,NA,NA,NA,NA,NA,NA,NA,NA,NA,NA,NA,NA,NA,NA,NA,NA,NA,NA,NA,NA,High,High,High,NA,NA,NA,NA,NA,NA,NA,NA,NA,NA,NA,NA,NA,NA,NA,NA,NA,NA,NA,NA,NA,NA,NA,NA,NA,NA,NA,NA,NA,NA,NA,NA,NA,NA,NA,NA,NA,NA,NA,NA,NA,NA,NA,NA,NA,NA,NA,NA,NA,NA,NA,NA,NA,NA,NA,NA,NA,NA
NA,NA,NA,NA,NA,NA,NA,NA,NA,NA,NA,NA,NA,NA,NA,NA,152,2025-06-13,12:05:51,3,4,"Delaney, Kieran",1000162477,Right,USA_PRI358,"Chung, Rodney",10172484,Right,USA_CBU,Undefined,6,Top,1,2,1,Undefined,Four-Seam,StrikeSwinging,Undefined,Undefined,Undefined,0,0,NA,86.16597,-1.943538,-1.948325,2166.41973,197.107651,12:30:00,6.2632,1.17817,5.65564,-18.8817,19.56666,5.5991,2.87542,-0.17297,77.91454,-5.534488,-0.94844,0.446283,NA,NA,NA,NA,NA,NA,NA,NA,NA,NA,NA,-3.43949,10.92237,-1.01673,50,6.08684,4.00756,-124.83602,-4.78719,-5.36424,27.8731,-15.13955,USA_PRI358,USA_CBU,USABBCary0,USA Baseball,USA,20250613-USABBCary0-2,47d6c580-4870-11f0-a394-69d32a1ead04,84.45862,NA,NA,8.25144,NA,NA,NA,NA,NA,NA,803347a4-030c-48a3-b0f8-f99b918e67d9,2025-06-13,16:05:51,2025-06-13T16:05:51Z,2025-06-13T16:05:51Z,NA,v3,NA,NA,NA,"Gravely IV, Warren",1000162866,Right,USA_PRI358,de523616-00a1-45b1-8590-5a6a57ad7f08,54.84017,-125.91209,13.93655,6.26037,-4.20271,-7.56977,-1.17544,4.21465,-2.68212,NA,NA,NA,NA,NA,NA,NA,NA,NA,NA,NA,NA,NA,NA,NA,NA,NA,NA,NA,NA,NA,NA,NA,NA,NA,NA,NA,NA,NA,NA,NA,NA,NA,NA,NA,NA,NA,NA,NA,NA,NA,NA,NA,NA,NA,NA,NA,NA,NA,NA,High,High,High,NA,NA,NA,NA,NA,NA,NA,NA,NA,NA,NA,NA,NA,NA,NA,NA,NA,NA,NA,NA,NA,NA,NA,NA,NA,NA,NA,NA,NA,NA,NA,NA,NA,NA,NA,NA,NA,NA,NA,NA,NA,NA,NA,NA,NA,NA,NA,NA,NA,NA,NA,NA,NA,NA,NA,NA,NA,NA
NA,NA,NA,NA,NA,NA,NA,NA,NA,NA,NA,NA,NA,NA,NA,NA,153,2025-06-13,12:06:12,3,5,"Delaney, Kieran",1000162477,Right,USA_PRI358,"Chung, Rodney",10172484,Right,USA_CBU,Undefined,6,Top,1,2,2,Undefined,Four-Seam,InPlay,Undefined,LineDrive,Double,0,0,NA,85.3499,-3.267559,-2.642471,2241.450346,206.717822,01:00:00,6.16381,1.34357,5.8285,-17.909300000000002,21.23938,9.95666,1.62734,-0.28487,77.03222,-6.696039,-0.859567,0.450329,87.45308,18.322574,30.071979,4570.193295,90.84068,26.72297,62.03198,259.91697,241.04066,40.037182,2.919712,-5.93111,12.3141,-1.1336,50,5.88614,5.28906,-123.48198,-7.53829,-9.021,28.01296,-13.44478,USA_PRI358,USA_CBU,USABBCary0,USA Baseball,USA,20250613-USABBCary0-2,544e9ae0-4870-11f0-a394-69d32a1ead04,83.69976,28.42199,NA,8.31769,NA,NA,NA,0.68638,1.53848,0.25434,803347a4-030c-48a3-b0f8-f99b918e67d9,2025-06-13,16:06:12,2025-06-13T16:06:12Z,2025-06-13T16:06:12Z,LineDrive,v3,NA,NA,NA,"Gravely IV, Warren",1000162866,Right,USA_PRI358,531a5dc5-da46-46ff-8790-7833ead6ca77,54.66787,-124.53642,14.00648,6.16036,-7.03221,-6.72239,-1.33907,5.62862,-4.5105,237.377128,0.68633,105.37377,-20.91921,4.70016,-1.02305,0.1737,-0.01743,-0.00108,4.2e-4,1.5385,40.3217,-16.18212,0.82827,-0.04672,0.02383,-0.01729,0.00634,-8.2e-4,0.25432,61.0139,0.24423,-1.39918,0.55802,-0.15349,0.0331,-0.00494,3.8e-4,NA,NA,NA,NA,NA,NA,NA,NA,NA,NA,NA,NA,NA,NA,NA,NA,NA,NA,NA,NA,NA,NA,High,High,High,High,Medium,NA,NA,NA,NA,NA,NA,NA,NA,NA,NA,NA,NA,NA,NA,NA,NA,NA,NA,NA,NA,NA,NA,NA,NA,NA,NA,NA,NA,NA,NA,NA,NA,NA,NA,NA,NA,NA,NA,NA,NA,NA,NA,NA,NA,NA,NA,NA,NA,NA,NA,NA,NA,NA,NA,NA,NA
NA,NA,NA,NA,NA,NA,NA,NA,NA,NA,NA,NA,NA,NA,NA,NA,154,2025-06-13,12:07:14,4,1,"Delaney, Kieran",1000162477,Right,USA_PRI358,"Murtagh, Cannon",10172271,Right,USA_CBU,Undefined,6,Top,1,0,0,Undefined,Four-Seam,StrikeCalled,Undefined,Undefined,Undefined,0,0,NA,87.75827,-2.160638,-3.357582,2129.616377,205.786211,12:45:00,6.23332,1.30589,5.75682,-18.4408,18.38044,8.2689800000000009,2.68096,-1.13398,79.71485,-5.658066,-1.880723,0.436738,NA,NA,NA,NA,NA,NA,NA,NA,NA,NA,NA,-5.1763,10.3543,-1.03219,50,6.0427,7.09804,-127.07188,-5.34444,-8.41211,27.51941,-15.34706,USA_PRI358,USA_CBU,USABBCary0,USA Baseball,USA,20250613-USABBCary0-2,78f2f210-4870-11f0-a394-69d32a1ead04,86.3045,NA,NA,8.04342,NA,NA,NA,NA,NA,NA,803347a4-030c-48a3-b0f8-f99b918e67d9,2025-06-13,16:07:14,2025-06-13T16:07:14Z,2025-06-13T16:07:14Z,NA,v3,NA,NA,NA,"Gravely IV, Warren",1000162866,Right,USA_PRI358,a29b9a2b-a776-44e6-8c68-ce1db4669471,54.73936,-128.09415,13.75971,6.23064,-4.77433,-7.67353,-1.30166,7.41053,-4.20605,NA,NA,NA,NA,NA,NA,NA,NA,NA,NA,NA,NA,NA,NA,NA,NA,NA,NA,NA,NA,NA,NA,NA,NA,NA,NA,NA,NA,NA,NA,NA,NA,NA,NA,NA,NA,NA,NA,NA,NA,NA,NA,NA,NA,NA,NA,NA,NA,NA,NA,High,High,High,NA,NA,NA,NA,NA,NA,NA,NA,NA,NA,NA,NA,NA,NA,NA,NA,NA,NA,NA,NA,NA,NA,NA,NA,NA,NA,NA,NA,NA,NA,NA,NA,NA,NA,NA,NA,NA,NA,NA,NA,NA,NA,NA,NA,NA,NA,NA,NA,NA,NA,NA,NA,NA,NA,NA,NA,NA,NA
NA,NA,NA,NA,NA,NA,NA,NA,NA,NA,NA,NA,NA,NA,NA,NA,155,2025-06-13,12:07:31,4,2,"Delaney, Kieran",1000162477,Right,USA_PRI358,"Murtagh, Cannon",10172271,Right,USA_CBU,Undefined,6,Top,1,0,1,Undefined,Curveball,StrikeCalled,Undefined,Undefined,Undefined,0,0,NA,75.54529,1.342461,-1.624518,2557.224252,78.454425,08:30:00,6.08247,1.2482,5.1473,-50.92101,-0.65134,-10.62398,3.10369,-1.16699,69.60909,-7.885446,-3.504864,0.510299,NA,NA,NA,NA,NA,NA,NA,NA,NA,NA,NA,4.8465,-0.22264,-1.08769,50,6.16884,3.5237,-109.63113,0.84341,5.90803,19.08548,-32.44544,USA_PRI358,USA_CBU,USABBCary0,USA Baseball,USA,20250613-USABBCary0-2,832df6d0-4870-11f0-a394-69d32a1ead04,73.86349,NA,NA,5.9362,NA,NA,NA,NA,NA,NA,803347a4-030c-48a3-b0f8-f99b918e67d9,2025-06-13,16:07:31,2025-06-13T16:07:31Z,2025-06-13T16:07:31Z,NA,v3,NA,NA,NA,"Gravely IV, Warren",1000162866,Right,USA_PRI358,eb65610b-39b0-4e8f-818f-b7995599ee31,55.35289,-110.55908,9.54274,6.08948,2.42093,-16.22272,-1.25203,3.23644,2.95402,NA,NA,NA,NA,NA,NA,NA,NA,NA,NA,NA,NA,NA,NA,NA,NA,NA,NA,NA,NA,NA,NA,NA,NA,NA,NA,NA,NA,NA,NA,NA,NA,NA,NA,NA,NA,NA,NA,NA,NA,NA,NA,NA,NA,NA,NA,NA,NA,NA,NA,High,High,High,NA,NA,NA,NA,NA,NA,NA,NA,NA,NA,NA,NA,NA,NA,NA,NA,NA,NA,NA,NA,NA,NA,NA,NA,NA,NA,NA,NA,NA,NA,NA,NA,NA,NA,NA,NA,NA,NA,NA,NA,NA,NA,NA,NA,NA,NA,NA,NA,NA,NA,NA,NA,NA,NA,NA,NA,NA,NA
NA,NA,NA,NA,NA,NA,NA,NA,NA,NA,NA,NA,NA,NA,NA,NA,156,2025-06-13,12:07:47,4,3,"Delaney, Kieran",1000162477,Right,USA_PRI358,"Murtagh, Cannon",10172271,Right,USA_CBU,Undefined,6,Top,1,0,2,Undefined,Four-Seam,StrikeCalled,Strikeout,Undefined,Undefined,0,0,NA,88.75992,-2.937227,-3.267055,2404.32832,203.888227,12:45:00,6.19467,1.11476,6.09783,-16.41292,18.93241,7.87496,2.1035,-1.25394,81.14926,-6.067466,-1.851341,0.427895,NA,NA,NA,NA,NA,NA,NA,NA,NA,NA,NA,-4.96256,10.92812,-0.86709,50,5.9593,7.01818,-128.62179,-7.05633,-8.31141,26.73452,-13.8714,USA_PRI358,USA_CBU,USABBCary0,USA Baseball,USA,20250613-USABBCary0-2,8cf48ee0-4870-11f0-a394-69d32a1ead04,88.08803,NA,NA,7.61066,NA,NA,NA,NA,NA,NA,803347a4-030c-48a3-b0f8-f99b918e67d9,2025-06-13,16:07:47,2025-06-13T16:07:47Z,2025-06-13T16:07:47Z,NA,v3,NA,NA,NA,"Gravely IV, Warren",1000162866,Right,USA_PRI358,14d293b0-bd09-4d93-86a7-89d6427bcef4,54.40004,-129.53312,13.36726,6.19178,-6.58348,-6.9357,-1.11116,7.3015,-4.1557,NA,NA,NA,NA,NA,NA,NA,NA,NA,NA,NA,NA,NA,NA,NA,NA,NA,NA,NA,NA,NA,NA,NA,NA,NA,NA,NA,NA,NA,NA,NA,NA,NA,NA,NA,NA,NA,NA,NA,NA,NA,NA,NA,NA,NA,NA,NA,NA,NA,NA,High,High,High,NA,NA,NA,NA,NA,NA,NA,NA,NA,NA,NA,NA,NA,NA,NA,NA,NA,NA,NA,NA,NA,NA,NA,NA,NA,NA,NA,NA,NA,NA,NA,NA,NA,NA,NA,NA,NA,NA,NA,NA,NA,NA,NA,NA,NA,NA,NA,NA,NA,NA,NA,NA,NA,NA,NA,NA,NA,NA
NA,NA,NA,NA,NA,NA,NA,NA,NA,NA,NA,NA,NA,NA,NA,NA,157,2025-06-13,12:08:11,5,1,"Delaney, Kieran",1000162477,Right,USA_PRI358,"Perez, Isaiah",10143372,Right,USA_CBU,Undefined,6,Top,2,0,0,Undefined,Four-Seam,StrikeCalled,Undefined,Undefined,Undefined,0,0,NA,87.56833,-1.710479,-2.557811,2348.677475,203.962518,12:45:00,6.26092,0.90528,5.87536,-17.71532,19.06194,7.90953,3.19394,-0.81279,79.45128,-5.092405,-1.140492,0.436477,NA,NA,NA,NA,NA,NA,NA,NA,NA,NA,NA,-4.7739,10.60579,-0.7028,50,6.11222,5.33171,-126.9266,-4.2892,-7.73281,27.69395,-14.99469,USA_PRI358,USA_CBU,USABBCary0,USA Baseball,USA,20250613-USABBCary0-2,9ac9f870-4870-11f0-a394-69d32a1ead04,86.35614,NA,NA,8.11705,NA,NA,NA,NA,NA,NA,803347a4-030c-48a3-b0f8-f99b918e67d9,2025-06-13,16:08:11,2025-06-13T16:08:11Z,2025-06-13T16:08:11Z,NA,v3,NA,NA,NA,"Gravely IV, Warren",1000162866,Right,USA_PRI358,405a0cc7-f398-44c1-89c1-48f49f1d79c6,54.62029,-127.93072,13.84697,6.25788,-3.74552,-7.49734,-0.9012,5.61208,-3.86641,NA,NA,NA,NA,NA,NA,NA,NA,NA,NA,NA,NA,NA,NA,NA,NA,NA,NA,NA,NA,NA,NA,NA,NA,NA,NA,NA,NA,NA,NA,NA,NA,NA,NA,NA,NA,NA,NA,NA,NA,NA,NA,NA,NA,NA,NA,NA,NA,NA,NA,High,High,High,NA,NA,NA,NA,NA,NA,NA,NA,NA,NA,NA,NA,NA,NA,NA,NA,NA,NA,NA,NA,NA,NA,NA,NA,NA,NA,NA,NA,NA,NA,NA,NA,NA,NA,NA,NA,NA,NA,NA,NA,NA,NA,NA,NA,NA,NA,NA,NA,NA,NA,NA,NA,NA,NA,NA,NA,NA,NA
NA,NA,NA,NA,NA,NA,NA,NA,NA,NA,NA,NA,NA,NA,NA,NA,158,2025-06-13,12:08:29,5,2,"Delaney, Kieran",1000162477,Right,USA_PRI358,"Perez, Isaiah",10143372,Right,USA_CBU,Undefined,6,Top,2,0,1,Undefined,Four-Seam,FoulBallNotFieldable,Undefined,Undefined,Undefined,0,0,NA,89.36927,-1.49813,-1.984412,2133.387307,216.305543,01:15:00,6.18707,1.14442,5.6275,-19.06938,16.64406,11.30591,3.1989,0.23418,80.85482,-5.107154,0.034012,0.430118,74.06638,48.954313,102.382953,4193.303089,NA,NA,NA,NA,26.29563,NA,NA,-6.34016,9.26193,-0.98278,50,6.04748,3.98954,-129.54137,-3.99059,-10.6589,29.7473,-16.6031,USA_PRI358,USA_CBU,USABBCary0,USA Baseball,USA,20250613-USABBCary0-2,a6015e90-4870-11f0-a394-69d32a1ead04,87.63287,31.52158,NA,8.51445,NA,NA,NA,0.06026,3.03552,-0.2925,803347a4-030c-48a3-b0f8-f99b918e67d9,2025-06-13,16:08:29,2025-06-13T16:08:29Z,2025-06-13T16:08:29Z,NA,v3,NA,NA,NA,"Gravely IV, Warren",1000162866,Right,USA_PRI358,6f7ac717-5de5-4a61-863a-b5c03654d07c,54.86959,-130.65481,14.87365,6.18522,-3.36914,-8.30155,-1.13958,4.3885,-5.32945,316.480342,0.06806,-15.56338,-5.20703,NA,NA,NA,NA,NA,NA,3.04471,81.61704,-24.70078,NA,NA,NA,NA,NA,NA,-0.28296,69.35106,-11.72382,NA,NA,NA,NA,NA,NA,NA,NA,NA,NA,NA,NA,NA,NA,NA,NA,NA,NA,NA,NA,NA,NA,NA,NA,NA,NA,NA,NA,High,High,High,High,Undefined,NA,NA,NA,NA,NA,NA,NA,NA,NA,NA,NA,NA,NA,NA,NA,NA,NA,NA,NA,NA,NA,NA,NA,NA,NA,NA,NA,NA,NA,NA,NA,NA,NA,NA,NA,NA,NA,NA,NA,NA,NA,NA,NA,NA,NA,NA,NA,NA,NA,NA,NA,NA,NA,NA,NA,NA
NA,NA,NA,NA,NA,NA,NA,NA,NA,NA,NA,NA,NA,NA,NA,NA,159,2025-06-13,12:08:56,5,3,"Delaney, Kieran",1000162477,Right,USA_PRI358,"Perez, Isaiah",10143372,Right,USA_CBU,Undefined,6,Top,2,0,2,Undefined,Four-Seam,FoulBallNotFieldable,Undefined,Undefined,Undefined,0,0,NA,89.12636,-2.093005,-1.918876,2209.149198,203.928707,12:45:00,6.24025,1.06284,5.67095,-17.52371,18.58899,7.64894,2.82658,-0.08946,80.13744,-5.441671,-0.552373,0.432515,74.24856,9.342003,168.625393,2290.685526,NA,NA,NA,112.42028,55.74037,171.943916,1.192201,-4.49075,10.49036,-0.90566,50,6.05272,3.98279,-129.04483,-5.23393,-7.44215,31.16493,-14.78915,USA_PRI358,USA_CBU,USABBCary0,USA Baseball,USA,20250613-USABBCary0-2,b614d140-4870-11f0-a394-69d32a1ead04,87.14707,6.90548,NA,8.98892,NA,NA,NA,0.68249,2.62069,-0.05286,803347a4-030c-48a3-b0f8-f99b918e67d9,2025-06-13,16:08:56,2025-06-13T16:08:56Z,2025-06-13T16:08:56Z,GroundBall,v3,NA,NA,NA,"Gravely IV, Warren",1000162866,Right,USA_PRI358,10aa2ef6-de8a-4373-abbe-6d7225d2147a,54.824,-130.20464,15.58246,6.23726,-4.68355,-7.39457,-1.05904,4.25975,-3.72107,290.222755,0.68251,-105.34545,9.94216,-0.42468,0.19737,0.58946,-1.46359,1.06831,-0.26735,2.62069,17.67758,-19.49632,2.80634,-0.72524,0.78033,-0.69182,0.30928,-0.05588,-0.05287,21.19403,-6.72551,0.1,-0.07808,-0.47602,1.07984,-0.77224,0.19149,NA,NA,NA,NA,NA,NA,NA,NA,NA,NA,NA,NA,NA,NA,NA,NA,NA,NA,NA,NA,NA,NA,High,High,High,High,Low,NA,NA,NA,NA,NA,NA,NA,NA,NA,NA,NA,NA,NA,NA,NA,NA,NA,NA,NA,NA,NA,NA,NA,NA,NA,NA,NA,NA,NA,NA,NA,NA,NA,NA,NA,NA,NA,NA,NA,NA,NA,NA,NA,NA,NA,NA,NA,NA,NA,NA,NA,NA,NA,NA,NA,NA
NA,NA,NA,NA,NA,NA,NA,NA,NA,NA,NA,NA,NA,NA,NA,NA,160,2025-06-13,12:09:26,5,4,"Delaney, Kieran",1000162477,Right,USA_PRI358,"Perez, Isaiah",10143372,Right,USA_CBU,Undefined,6,Top,2,0,2,Undefined,Curveball,BallCalled,Undefined,Undefined,Undefined,0,0,NA,76.79651,2.938984,-0.370036,2520.165877,60.524074,08:00:00,5.99843,1.27283,5.08323,-54.22944,-4.63099,-11.29194,4.25208,-0.01696,69.38392,-6.92961,-2.365876,0.50688,NA,NA,NA,NA,NA,NA,NA,NA,NA,NA,NA,5.42949,-2.63732,-1.22865,50,6.23458,1.18595,-111.16202,3.78851,6.69521,22.62451,-35.42618,USA_PRI358,USA_CBU,USABBCary0,USA Baseball,USA,20250613-USABBCary0-2,c778dfd0-4870-11f0-a394-69d32a1ead04,74.3616,NA,NA,7.41259,NA,NA,NA,NA,NA,NA,803347a4-030c-48a3-b0f8-f99b918e67d9,2025-06-13,16:09:26,2025-06-13T16:09:26Z,2025-06-13T16:09:26Z,NA,v3,NA,NA,NA,"Gravely IV, Warren",1000162866,Right,USA_PRI358,002d3b79-971d-45ff-91c3-1358ea78485e,55.41446,-112.2586,11.31225,6.00934,5.50557,-17.71309,-1.27826,0.86145,3.34761,NA,NA,NA,NA,NA,NA,NA,NA,NA,NA,NA,NA,NA,NA,NA,NA,NA,NA,NA,NA,NA,NA,NA,NA,NA,NA,NA,NA,NA,NA,NA,NA,NA,NA,NA,NA,NA,NA,NA,NA,NA,NA,NA,NA,NA,NA,NA,NA,NA,NA,High,High,High,NA,NA,NA,NA,NA,NA,NA,NA,NA,NA,NA,NA,NA,NA,NA,NA,NA,NA,NA,NA,NA,NA,NA,NA,NA,NA,NA,NA,NA,NA,NA,NA,NA,NA,NA,NA,NA,NA,NA,NA,NA,NA,NA,NA,NA,NA,NA,NA,NA,NA,NA,NA,NA,NA,NA,NA,NA,NA
NA,NA,NA,NA,NA,NA,NA,NA,NA,NA,NA,NA,NA,NA,NA,NA,161,2025-06-13,12:09:45,5,5,"Delaney, Kieran",1000162477,Right,USA_PRI358,"Perez, Isaiah",10143372,Right,USA_CBU,Undefined,6,Top,2,1,2,Undefined,Four-Seam,InPlay,Undefined,LineDrive,Triple,0,2,NA,90.40964,-2.342935,-1.757792,2214.611816,211.299121,01:00:00,6.26532,0.92428,5.62195,-17.89836,17.31725,9.71768,2.58512,0.09321,81.20104,-5.750339,-0.022668,0.427109,96.91869,23.941485,7.647026,3106.163248,108.27475,45.42352,19.40333,342.21441,342.21441,15.705422,4.18986,-5.50752,9.93327,-0.78077,50,6.0543,3.58013,-130.88142,-5.91033,-9.37066,32.54749,-15.27324,USA_PRI358,USA_CBU,USABBCary0,USA Baseball,USA,20250613-USABBCary0-2,d2de81e0-4870-11f0-a394-69d32a1ead04,88.25013,59.98544,NA,9.2086,NA,NA,NA,0.86784,2.59172,-0.08157,803347a4-030c-48a3-b0f8-f99b918e67d9,2025-06-13,16:09:45,2025-06-13T16:09:45Z,2025-06-13T16:09:45Z,FlyBall,v3,NA,NA,NA,"Gravely IV, Warren",1000162866,Right,USA_PRI358,5b5ef1d0-bdd4-41d4-b9a7-23e618bccba4,54.87395,-132.08791,16.27374,6.26289,-5.34418,-7.63662,-0.91992,3.92749,-4.68533,206.87858,0.86756,128.77013,-26.20007,6.58685,-1.4506,0.31079,-0.05813,0.00707,-3.7e-4,2.59193,57.67478,-14.67444,-0.18228,0.27305,-0.1065,0.02416,-0.00263,1e-4,-0.08165,17.28928,3.11232,-0.98143,0.23721,-0.05035,0.00904,-0.0011,6e-5,NA,NA,NA,NA,NA,NA,NA,NA,NA,NA,NA,NA,NA,NA,NA,NA,NA,NA,NA,NA,NA,NA,High,High,High,High,High,NA,NA,NA,NA,NA,NA,NA,NA,NA,NA,NA,NA,NA,NA,NA,NA,NA,NA,NA,NA,NA,NA,NA,NA,NA,NA,NA,NA,NA,NA,NA,NA,NA,NA,NA,NA,NA,NA,NA,NA,NA,NA,NA,NA,NA,NA,NA,NA,NA,NA,NA,NA,NA,NA,NA,NA
NA,NA,NA,NA,NA,NA,NA,NA,NA,NA,NA,NA,NA,NA,NA,NA,162,2025-06-13,12:10:35,6,1,"Delaney, Kieran",1000162477,Right,USA_PRI358,"Fernandez, Isaiah",10144922,Right,USA_CBU,Undefined,6,Top,2,0,0,Undefined,Curveball,BallCalled,Undefined,Undefined,Undefined,0,0,NA,76.47169,2.722796,0.429458,2622.108728,75.663957,08:30:00,6.11505,1.0687,4.76656,-52.44814,-1.27063,-12.78414,4.32794,0.41054,68.30133,-6.820565,-1.817426,0.514886,NA,NA,NA,NA,NA,NA,NA,NA,NA,NA,NA,6.32103,-0.88988,-1.10008,50,6.3429,-0.27333,-110.46866,3.34871,7.61643,24.24712,-33.24631,USA_PRI358,USA_CBU,USABBCary0,USA Baseball,USA,20250613-USABBCary0-2,f0dcbae0-4870-11f0-a394-69d32a1ead04,73.20545,NA,NA,8.17036,NA,NA,NA,NA,NA,NA,803347a4-030c-48a3-b0f8-f99b918e67d9,2025-06-13,16:10:35,2025-06-13T16:10:35Z,2025-06-13T16:10:35Z,NA,v3,NA,NA,NA,"Gravely IV, Warren",1000162866,Right,USA_PRI358,35570010-4b32-41df-aade-45c00b218c4c,55.7274,-111.71871,12.12356,6.12607,5.06272,-16.62316,-1.07587,-0.66599,3.80822,NA,NA,NA,NA,NA,NA,NA,NA,NA,NA,NA,NA,NA,NA,NA,NA,NA,NA,NA,NA,NA,NA,NA,NA,NA,NA,NA,NA,NA,NA,NA,NA,NA,NA,NA,NA,NA,NA,NA,NA,NA,NA,NA,NA,NA,NA,NA,NA,NA,NA,High,High,High,NA,NA,NA,NA,NA,NA,NA,NA,NA,NA,NA,NA,NA,NA,NA,NA,NA,NA,NA,NA,NA,NA,NA,NA,NA,NA,NA,NA,NA,NA,NA,NA,NA,NA,NA,NA,NA,NA,NA,NA,NA,NA,NA,NA,NA,NA,NA,NA,NA,NA,NA,NA,NA,NA,NA,NA,NA,NA
NA,NA,NA,NA,NA,NA,NA,NA,NA,NA,NA,NA,NA,NA,NA,NA,163,2025-06-13,12:10:48,6,2,"Delaney, Kieran",1000162477,Right,USA_PRI358,"Fernandez, Isaiah",10144922,Right,USA_CBU,Undefined,6,Top,2,1,0,Undefined,Four-Seam,InPlay,Undefined,LineDrive,Out,1,0,NA,88.95389,-1.664928,-2.082919,2181.877366,211.092513,01:00:00,6.19012,1.16983,5.57787,-18.97359,17.30056,9.63453,3.05254,0.02648,80.16931,-5.263932,-0.364758,0.433481,86.48851,18.948175,-0.894116,2278.216485,109.98188,31.71789,1.9844,285.96514,273.87568,3.524909,3.374151,-5.53209,9.66001,-0.99701,50,6.03476,4.25765,-128.84397,-4.33864,-9.16308,30.43275,-16.17368,USA_PRI358,USA_CBU,USABBCary0,USA Baseball,USA,20250613-USABBCary0-2,f8924d40-4870-11f0-a394-69d32a1ead04,86.95292,35.41502,NA,8.78457,NA,NA,NA,0.44422,3.03754,-0.01631,803347a4-030c-48a3-b0f8-f99b918e67d9,2025-06-13,16:10:48,2025-06-13T16:10:48Z,2025-06-13T16:10:48Z,LineDrive,v3,NA,NA,NA,"Gravely IV, Warren",1000162866,Right,USA_PRI358,983a44f3-1441-4c00-a087-4f20d43e415d,54.91823,-130.00046,15.21638,6.18796,-3.72401,-8.08684,-1.16543,4.60586,-4.58154,207.756491,0.44387,119.9731,-18.4179,4.09907,-0.98295,0.27361,-0.07136,0.01195,-8.4e-4,3.03794,41.17624,-13.2194,-0.27573,0.4317,-0.20971,0.06472,-0.01016,6e-4,-0.01628,-1.87324,5.07394,-1.85899,0.54501,-0.13416,0.02732,-0.00373,2.3e-4,NA,NA,NA,NA,NA,NA,NA,NA,NA,NA,NA,NA,NA,NA,NA,NA,NA,NA,NA,NA,NA,NA,High,High,High,High,High,NA,NA,NA,NA,NA,NA,NA,NA,NA,NA,NA,NA,NA,NA,NA,NA,NA,NA,NA,NA,NA,NA,NA,NA,NA,NA,NA,NA,NA,NA,NA,NA,NA,NA,NA,NA,NA,NA,NA,NA,NA,NA,NA,NA,NA,NA,NA,NA,NA,NA,NA,NA,NA,NA,NA,NA
NA,NA,NA,NA,NA,NA,NA,NA,NA,NA,NA,NA,NA,NA,NA,NA,164,2025-06-13,12:12:47,1,1,"Nguyen, Aiden",10100607,Left,USA_CBU,"Moton, Jalen",10171797,Left,USA_PRI358,Undefined,6,Bottom,0,0,0,Undefined,Curveball,InPlay,Undefined,GroundBall,Out,1,0,NA,73.80494,1.659926,1.885515,2257.745626,320.519201,04:45:00,4.48701,-1.85434,4.95532,-58.75153,-5.83713,6.08567,1.16069,0.43493,68.30277,-8.907384,2.959336,0.52355,70.2186,-22.821727,46.736812,NA,NA,NA,NA,5.58464,5.58464,21.57297,0.034806,-2.53854,-2.96839,1.66622,50,4.59877,-3.75737,-107.11874,1.10551,-2.96188,17.77764,-35.63747,USA_PRI358,USA_CBU,USABBCary0,USA Baseball,USA,20250613-USABBCary0-2,3fae3090-4871-11f0-a394-69d32a1ead04,71.99394,1.3931,NA,5.50217,NA,NA,NA,2.92456,1.3931,-0.35738,803347a4-030c-48a3-b0f8-f99b918e67d9,2025-06-13,16:12:47,2025-06-13T16:12:47Z,2025-06-13T16:12:47Z,GroundBall,v3,NA,NA,NA,"Ellis, Kaine",10170887,Right,USA_CBU,14d61951-f86e-4e9a-a555-4464e6c7cf39,55.54738,-108.03547,8.88882,4.49438,2.94321,-17.81874,1.85604,-3.60464,-1.48094,NA,2.92384,65.18585,NA,NA,NA,NA,NA,NA,NA,1.39354,-40.02433,NA,NA,NA,NA,NA,NA,NA,-0.35815,69.26265,NA,NA,NA,NA,NA,NA,NA,NA,NA,NA,NA,NA,NA,NA,NA,NA,NA,NA,NA,NA,NA,NA,NA,NA,NA,NA,NA,NA,NA,High,High,High,Estimated,Estimated,NA,NA,NA,NA,NA,NA,NA,NA,NA,NA,NA,NA,NA,NA,NA,NA,NA,NA,NA,NA,NA,NA,NA,NA,NA,NA,NA,NA,NA,NA,NA,NA,NA,NA,NA,NA,NA,NA,NA,NA,NA,NA,NA,NA,NA,NA,NA,NA,NA,NA,NA,NA,NA,NA,NA,NA
NA,NA,NA,NA,NA,NA,NA,NA,NA,NA,NA,NA,NA,NA,NA,NA,165,2025-06-13,12:13:14,2,1,"Nguyen, Aiden",10100607,Left,USA_CBU,"Fladebo, Jacob",10171793,Right,USA_PRI358,Undefined,6,Bottom,1,0,0,Undefined,Changeup,BallCalled,Undefined,Undefined,Undefined,0,0,NA,72.82556,4.244807,1.965868,1522.254292,98.188587,09:15:00,4.35002,-2.00556,5.48368,-49.78207,4.24323,-17.21694,4.18262,-1.6003,66.055179999999993,-4.91607,-1.093774,0.529018,NA,NA,NA,NA,NA,NA,NA,NA,NA,NA,NA,9.14162,1.48536,1.84484,50,4.6897,-2.96827,-105.35836,6.29227,10.23013,18.63719,-30.51182,USA_PRI358,USA_CBU,USABBCary0,USA Baseball,USA,20250613-USABBCary0-2,4fe753b0-4871-11f0-a394-69d32a1ead04,71.24988,NA,NA,6.77039,NA,NA,NA,NA,NA,NA,803347a4-030c-48a3-b0f8-f99b918e67d9,2025-06-13,16:13:14,2025-06-13T16:13:14Z,2025-06-13T16:13:14Z,NA,v3,NA,NA,NA,"Ellis, Kaine",10170887,Right,USA_CBU,53bfe2b3-9197-49f6-a864-6af4830add44,55.01399,-106.2416,9.3186,4.35724,7.73826,-15.25591,1.997,-3.45308,5.11507,NA,NA,NA,NA,NA,NA,NA,NA,NA,NA,NA,NA,NA,NA,NA,NA,NA,NA,NA,NA,NA,NA,NA,NA,NA,NA,NA,NA,NA,NA,NA,NA,NA,NA,NA,NA,NA,NA,NA,NA,NA,NA,NA,NA,NA,NA,NA,NA,NA,NA,High,High,High,NA,NA,NA,NA,NA,NA,NA,NA,NA,NA,NA,NA,NA,NA,NA,NA,NA,NA,NA,NA,NA,NA,NA,NA,NA,NA,NA,NA,NA,NA,NA,NA,NA,NA,NA,NA,NA,NA,NA,NA,NA,NA,NA,NA,NA,NA,NA,NA,NA,NA,NA,NA,NA,NA,NA,NA,NA,NA
NA,NA,NA,NA,NA,NA,NA,NA,NA,NA,NA,NA,NA,NA,NA,NA,166,2025-06-13,12:13:30,2,2,"Nguyen, Aiden",10100607,Left,USA_CBU,"Fladebo, Jacob",10171793,Right,USA_PRI358,Undefined,6,Bottom,1,1,0,Undefined,Four-Seam,FoulBallNotFieldable,Undefined,Undefined,Undefined,0,0,NA,85.33876,-0.277022,2.856255,2330.483191,140.47473,10:45:00,4.85013,-1.67371,5.71488,-23.45147,15.72784,-11.81355,2.63745,0.00485,76.92436,-4.70642,0.74617,0.450505,64.46569,68.081446,146.604125,4505.762005,NA,NA,NA,NA,33.95211,NA,NA,6.92146,8.48851,1.44213,50,4.81274,-5.67625,-123.63892,-1.31919,10.56415,27.86567,-19.21812,USA_PRI358,USA_CBU,USABBCary0,USA Baseball,USA,20250613-USABBCary0-2,58e0fed0-4871-11f0-a394-69d32a1ead04,83.66704,61.35371,NA,8.4144,NA,NA,NA,0.77188,2.78879,0.02097,803347a4-030c-48a3-b0f8-f99b918e67d9,2025-06-13,16:13:30,2025-06-13T16:13:30Z,2025-06-13T16:13:30Z,NA,v3,NA,NA,NA,"Ellis, Kaine",10170887,Right,USA_CBU,581a4da9-46a1-4eed-869c-5c5d1ab9baa1,54.78199,-124.71202,13.93284,4.84929,-0.5791,-9.60906,1.66855,-6.08308,5.28208,354.281094,0.77187,-29.46506,-3.52776,2.66363,-2.54511,4.32078,-4.72732,2.69153,-0.62264,2.78878,87.71598,-30.26168,4.25664,-1.80543,2.2839,-2.35735,1.29883,-0.29262,0.02097,19.42698,-0.16706,0.43789,-0.47549,0.81891,-0.89911,0.51341,-0.11906,NA,NA,NA,NA,NA,NA,NA,NA,NA,NA,NA,NA,NA,NA,NA,NA,NA,NA,NA,NA,NA,NA,High,High,High,High,Undefined,NA,NA,NA,NA,NA,NA,NA,NA,NA,NA,NA,NA,NA,NA,NA,NA,NA,NA,NA,NA,NA,NA,NA,NA,NA,NA,NA,NA,NA,NA,NA,NA,NA,NA,NA,NA,NA,NA,NA,NA,NA,NA,NA,NA,NA,NA,NA,NA,NA,NA,NA,NA,NA,NA,NA,NA
NA,NA,NA,NA,NA,NA,NA,NA,NA,NA,NA,NA,NA,NA,NA,NA,167,2025-06-13,12:13:44,2,3,"Nguyen, Aiden",10100607,Left,USA_CBU,"Fladebo, Jacob",10171793,Right,USA_PRI358,Undefined,6,Bottom,1,1,1,Undefined,Changeup,FoulBallNotFieldable,Undefined,Undefined,Undefined,0,0,NA,85.81602,-0.987837,2.907092,2327.95941,127.436606,10:15:00,4.95667,-1.47495,5.55864,-24.00387,14.78548,-17.55469,2.03213,-0.21941,77.79015,-5.484599,-0.220882,0.448258,67.63623,17.738183,167.373561,1629.005426,NA,NA,NA,120.4192,56.03604,165.384626,1.407789,9.50138,8.14201,1.23414,50,4.85568,-5.50805,-124.2897,-2.91871,14.76189,26.48875,-19.52417,USA_PRI358,USA_CBU,USABBCary0,USA Baseball,USA,20250613-USABBCary0-2,61b21350-4871-11f0-a394-69d32a1ead04,84.08652,11.40547,NA,8.02587,NA,NA,NA,0.53712,1.91225,0.24039,803347a4-030c-48a3-b0f8-f99b918e67d9,2025-06-13,16:13:44,2025-06-13T16:13:44Z,2025-06-13T16:13:44Z,LineDrive,v3,NA,NA,NA,"Ellis, Kaine",10170887,Right,USA_CBU,0fcaed79-49b2-4dcb-b57f-2d657698f46c,54.93437,-125.33691,13.24438,4.95581,-2.14684,-9.76208,1.46343,-6.09165,7.38095,22.159609,0.53712,-92.19858,6.41683,0.05803,-0.10184,0.05588,-0.00548,-0.00106,1.6e-4,1.91225,30.22295,-25.75648,3.05676,-0.64323,0.1305,-0.02543,0.007,-0.00105,0.24039,20.65349,1.64321,-1.07198,0.28665,-0.07299,0.01346,-0.00271,3.9e-4,NA,NA,NA,NA,NA,NA,NA,NA,NA,NA,NA,NA,NA,NA,NA,NA,NA,NA,NA,NA,NA,NA,High,High,High,Medium,Low,NA,NA,NA,NA,NA,NA,NA,NA,NA,NA,NA,NA,NA,NA,NA,NA,NA,NA,NA,NA,NA,NA,NA,NA,NA,NA,NA,NA,NA,NA,NA,NA,NA,NA,NA,NA,NA,NA,NA,NA,NA,NA,NA,NA,NA,NA,NA,NA,NA,NA,NA,NA,NA,NA,NA,NA
NA,NA,NA,NA,NA,NA,NA,NA,NA,NA,NA,NA,NA,NA,NA,NA,168,2025-06-13,12:14:02,2,4,"Nguyen, Aiden",10100607,Left,USA_CBU,"Fladebo, Jacob",10171793,Right,USA_PRI358,Undefined,6,Bottom,1,1,2,Undefined,Changeup,BallCalled,Undefined,Undefined,Undefined,0,0,NA,87.00053,0.992066,0.97733,2412.109427,119.990257,10:00:00,4.95957,-1.65048,5.74859,-25.17163,12.19449,-18.96399,3.78576,-2.32084,78.86102,-3.730629,-2.416415,0.439957,NA,NA,NA,NA,NA,NA,NA,NA,NA,NA,NA,9.85634,6.27815,1.58058,50,5.02681,-1.33227,-126.25341,1.36819,15.78315,27.60283,-22.12076,USA_PRI358,USA_CBU,USABBCary0,USA Baseball,USA,20250613-USABBCary0-2,6c1b7b10-4871-11f0-a394-69d32a1ead04,85.67294,NA,NA,8.13951,NA,NA,NA,NA,NA,NA,803347a4-030c-48a3-b0f8-f99b918e67d9,2025-06-13,16:14:02,2025-06-13T16:14:02Z,2025-06-13T16:14:02Z,NA,v3,NA,NA,NA,"Ellis, Kaine",10170887,Right,USA_CBU,d31696a0-a879-48ee-b743-fe95d15eb26b,54.74841,-127.28732,13.80142,4.96005,2.19676,-11.06038,1.64156,-1.92345,7.89158,NA,NA,NA,NA,NA,NA,NA,NA,NA,NA,NA,NA,NA,NA,NA,NA,NA,NA,NA,NA,NA,NA,NA,NA,NA,NA,NA,NA,NA,NA,NA,NA,NA,NA,NA,NA,NA,NA,NA,NA,NA,NA,NA,NA,NA,NA,NA,NA,NA,NA,High,High,High,NA,NA,NA,NA,NA,NA,NA,NA,NA,NA,NA,NA,NA,NA,NA,NA,NA,NA,NA,NA,NA,NA,NA,NA,NA,NA,NA,NA,NA,NA,NA,NA,NA,NA,NA,NA,NA,NA,NA,NA,NA,NA,NA,NA,NA,NA,NA,NA,NA,NA,NA,NA,NA,NA,NA,NA,NA,NA
NA,NA,NA,NA,NA,NA,NA,NA,NA,NA,NA,NA,NA,NA,NA,NA,169,2025-06-13,12:14:14,2,5,"Nguyen, Aiden",10100607,Left,USA_CBU,"Fladebo, Jacob",10171793,Right,USA_PRI358,Undefined,6,Bottom,1,2,2,Undefined,Changeup,FoulBallNotFieldable,Undefined,Undefined,Undefined,0,0,NA,73.563,1.04921,2.663872,1540.402461,108.025256,09:30:00,4.2549,-2.08539,5.6307,-45.74845,6.89949,-15.64584,1.42266,-0.90191,66.91129,-7.396326,-0.129051,0.52223,NA,NA,NA,NA,NA,NA,NA,NA,NA,NA,NA,8.76843,3.6837,1.86893,50,4.31509,-4.39897,-106.64209,0.59168,10.00157,19.96737,-27.97226,USA_PRI358,USA_CBU,USABBCary0,USA Baseball,USA,20250613-USABBCary0-2,734659a0-4871-11f0-a394-69d32a1ead04,72.17589,NA,NA,6.65171,NA,NA,NA,NA,NA,NA,803347a4-030c-48a3-b0f8-f99b918e67d9,2025-06-13,16:14:14,2025-06-13T16:14:14Z,2025-06-13T16:14:14Z,NA,v3,NA,NA,NA,"Ellis, Kaine",10170887,Right,USA_CBU,e12fc018-d9c3-4a2f-b54b-6300744253c2,54.86805,-107.54971,9.98368,4.25929,1.86317,-13.98613,2.07922,-4.85359,5.00079,NA,NA,NA,NA,NA,NA,NA,NA,NA,NA,NA,NA,NA,NA,NA,NA,NA,NA,NA,NA,NA,NA,NA,NA,NA,NA,NA,NA,NA,NA,NA,NA,NA,NA,NA,NA,NA,NA,NA,NA,NA,NA,NA,NA,NA,NA,NA,NA,NA,NA,High,High,High,NA,NA,NA,NA,NA,NA,NA,NA,NA,NA,NA,NA,NA,NA,NA,NA,NA,NA,NA,NA,NA,NA,NA,NA,NA,NA,NA,NA,NA,NA,NA,NA,NA,NA,NA,NA,NA,NA,NA,NA,NA,NA,NA,NA,NA,NA,NA,NA,NA,NA,NA,NA,NA,NA,NA,NA,NA,NA
NA,NA,NA,NA,NA,NA,NA,NA,NA,NA,NA,NA,NA,NA,NA,NA,170,2025-06-13,12:14:33,2,6,"Nguyen, Aiden",10100607,Left,USA_CBU,"Fladebo, Jacob",10171793,Right,USA_PRI358,Undefined,6,Bottom,1,2,2,Undefined,Sinker,StrikeSwinging,Strikeout,Undefined,Undefined,0,0,NA,88.75778,-0.303286,3.003595,2257.117038,121.596627,10:00:00,4.99718,-1.43401,5.73041,-23.08686,12.89969,-18.96997,2.79043,-0.21502,80.42896,-4.639186,-0.386673,0.431759,NA,NA,NA,NA,NA,NA,NA,NA,NA,NA,NA,10.48288,7.00906,1.19494,50,4.95784,-5.91702,-128.67363,-1.43921,17.44224,28.58471,-20.51182,USA_PRI358,USA_CBU,USABBCary0,USA Baseball,USA,20250613-USABBCary0-2,7efeaf90-4871-11f0-a394-69d32a1ead04,87.2997,NA,NA,8.32882,NA,NA,NA,NA,NA,NA,803347a4-030c-48a3-b0f8-f99b918e67d9,2025-06-13,16:14:33,2025-06-13T16:14:33Z,2025-06-13T16:14:33Z,NA,v3,NA,NA,NA,"Ellis, Kaine",10170887,Right,USA_CBU,f34937b8-96d0-4fcd-9a5f-b87563684b10,54.76717,-129.72833,14.29236,4.99698,-0.68238,-10.25591,1.42514,-6.56059,8.72112,NA,NA,NA,NA,NA,NA,NA,NA,NA,NA,NA,NA,NA,NA,NA,NA,NA,NA,NA,NA,NA,NA,NA,NA,NA,NA,NA,NA,70.61782,NA,NA,0.936426,NA,NA,NA,-1.04076,5.6624,-2.86914,69.04774,5.92146,-55.93359,-1.01662,78.85886,-4.30455,5.70109,13.46787,-14.11807,-2.9507,-64.31058,8.23115,High,High,High,NA,NA,High,High,High,NA,NA,NA,NA,NA,NA,NA,NA,NA,NA,NA,NA,NA,NA,NA,NA,NA,NA,NA,NA,NA,NA,NA,NA,NA,NA,NA,NA,NA,NA,NA,NA,NA,NA,NA,NA,NA,NA,NA,NA,NA,NA,NA,NA,NA,NA,NA,NA,NA,NA,NA,NA,NA
NA,NA,NA,NA,NA,NA,NA,NA,NA,NA,NA,NA,NA,NA,NA,NA,171,2025-06-13,12:15:07,3,1,"Nguyen, Aiden",10100607,Left,USA_CBU,"Gravely IV, Warren",1000162866,Right,USA_PRI358,Undefined,6,Bottom,2,0,0,Undefined,Sinker,BallCalled,Undefined,Undefined,Undefined,0,0,NA,87.47648,0.559619,1.053048,2163.19794,127.127542,10:15:00,5.00762,-1.62864,5.62369,-22.95895,14.27572,-17.16099,3.6167,-2.07594,79.06829,-3.761929,-2.011112,0.439183,NA,NA,NA,NA,NA,NA,NA,NA,NA,NA,NA,8.92819,7.42453,1.54972,50,5.04085,-1.57025,-126.87582,0.49738,14.40181,28.48056,-20.19773,USA_PRI358,USA_CBU,USABBCary0,USA Baseball,USA,20250613-USABBCary0-2,92d4a880-4871-11f0-a394-69d32a1ead04,85.82407,NA,NA,8.4082,NA,NA,NA,NA,NA,NA,803347a4-030c-48a3-b0f8-f99b918e67d9,2025-06-13,16:15:07,2025-06-13T16:15:07Z,2025-06-13T16:15:07Z,NA,v3,NA,NA,NA,"Ellis, Kaine",10170887,Right,USA_CBU,79c30776-2847-477a-895d-3446fa7416d7,54.87224,-127.96485,14.24028,5.00707,1.26969,-10.09887,1.62029,-2.12094,7.20091,NA,NA,NA,NA,NA,NA,NA,NA,NA,NA,NA,NA,NA,NA,NA,NA,NA,NA,NA,NA,NA,NA,NA,NA,NA,NA,NA,NA,NA,NA,NA,NA,NA,NA,NA,NA,NA,NA,NA,NA,NA,NA,NA,NA,NA,NA,NA,NA,NA,NA,High,High,High,NA,NA,NA,NA,NA,NA,NA,NA,NA,NA,NA,NA,NA,NA,NA,NA,NA,NA,NA,NA,NA,NA,NA,NA,NA,NA,NA,NA,NA,NA,NA,NA,NA,NA,NA,NA,NA,NA,NA,NA,NA,NA,NA,NA,NA,NA,NA,NA,NA,NA,NA,NA,NA,NA,NA,NA,NA,NA
NA,NA,NA,NA,NA,NA,NA,NA,NA,NA,NA,NA,NA,NA,NA,NA,172,2025-06-13,12:15:18,3,2,"Nguyen, Aiden",10100607,Left,USA_CBU,"Gravely IV, Warren",1000162866,Right,USA_PRI358,Undefined,6,Bottom,2,1,0,Undefined,Changeup,BallCalled,Undefined,Undefined,Undefined,0,0,NA,85.74656,-1.054623,3.887083,2237.9073,118.561123,10:00:00,4.76794,-1.6011,5.92739,-27.3471,10.92186,-17.6845,1.5081,0.53742,77.99625,-6.166124,0.717853,0.44524,NA,NA,NA,NA,NA,NA,NA,NA,NA,NA,NA,10.10938,6.30189,1.29946,50,4.66811,-7.70271,-124.23142,-3.1627,15.71643,26.10106,-22.37688,USA_PRI358,USA_CBU,USABBCary0,USA Baseball,USA,20250613-USABBCary0-2,9987bf00-4871-11f0-a394-69d32a1ead04,84.65636,NA,NA,7.75031,NA,NA,NA,NA,NA,NA,803347a4-030c-48a3-b0f8-f99b918e67d9,2025-06-13,16:15:18,2025-06-13T16:15:18Z,2025-06-13T16:15:18Z,NA,v3,NA,NA,NA,"Ellis, Kaine",10170887,Right,USA_CBU,f006707f-98b1-4179-ba0f-39b3444e9ac4,54.56989,-125.18788,13.05053,4.76898,-2.34271,-11.18844,1.59227,-8.27863,7.85822,NA,NA,NA,NA,NA,NA,NA,NA,NA,NA,NA,NA,NA,NA,NA,NA,NA,NA,NA,NA,NA,NA,NA,NA,NA,NA,NA,NA,NA,NA,NA,NA,NA,NA,NA,NA,NA,NA,NA,NA,NA,NA,NA,NA,NA,NA,NA,NA,NA,NA,High,High,High,NA,NA,NA,NA,NA,NA,NA,NA,NA,NA,NA,NA,NA,NA,NA,NA,NA,NA,NA,NA,NA,NA,NA,NA,NA,NA,NA,NA,NA,NA,NA,NA,NA,NA,NA,NA,NA,NA,NA,NA,NA,NA,NA,NA,NA,NA,NA,NA,NA,NA,NA,NA,NA,NA,NA,NA,NA,NA
NA,NA,NA,NA,NA,NA,NA,NA,NA,NA,NA,NA,NA,NA,NA,NA,173,2025-06-13,12:15:34,3,3,"Nguyen, Aiden",10100607,Left,USA_CBU,"Gravely IV, Warren",1000162866,Right,USA_PRI358,Undefined,6,Bottom,2,2,0,Undefined,Changeup,InPlay,Undefined,Popup,Out,1,0,NA,85.71587,0.128745,3.594096,2259.091048,117.955152,10:00:00,4.73437,-1.73584,5.80257,-27.30907,11.1369,-18.54753,2.5786,0.06559,77.82708,-4.976278,0.27779,0.446269,81.61485,66.949678,30.43607,NA,73.11299,126.20777,82.18567,154.39847,63.93597,50.359532,5.89405,10.56225,6.01622,1.45179,50,4.72874,-7.04699,-124.257,-0.60076,16.41132,26.33624,-22.82621,USA_PRI358,USA_CBU,USABBCary0,USA Baseball,USA,20250613-USABBCary0-2,a3324390-4871-11f0-a394-69d32a1ead04,84.46126,143.40686,NA,7.8888,NA,NA,NA,1.5762,2.38956,-0.80115,803347a4-030c-48a3-b0f8-f99b918e67d9,2025-06-13,16:15:34,2025-06-13T16:15:34Z,2025-06-13T16:15:34Z,Popup,v3,NA,NA,NA,"Ellis, Kaine",10170887,Right,USA_CBU,89156299-da85-4334-b6d7-b5a0a3b5097e,54.69693,-125.24855,13.16812,4.73518,0.25865,-11.4131,1.72874,-7.66487,8.20566,NA,1.57385,40.3852,-13.6427,3.38093,-0.20859,-0.1594,0.05595,-0.00755,3.7e-4,2.36672,110.53483,-28.49503,5.12162,-1.88058,0.55048,-0.10011,0.00964,-3.7e-4,-0.79439,23.64526,0.04941,-0.64305,0.28286,-0.06539,0.00752,-2.9e-4,-1e-5,NA,NA,NA,NA,NA,NA,NA,NA,NA,NA,NA,NA,NA,NA,NA,NA,NA,NA,NA,NA,NA,NA,High,High,High,Medium,Low,NA,NA,NA,NA,NA,NA,NA,NA,NA,NA,NA,NA,NA,NA,NA,NA,NA,NA,NA,NA,NA,NA,NA,NA,NA,NA,NA,NA,NA,NA,NA,NA,NA,NA,NA,NA,NA,NA,NA,NA,NA,NA,NA,NA,NA,NA,NA,NA,NA,NA,NA,NA,NA,NA,NA,NA
NA,NA,NA,NA,NA,NA,NA,NA,NA,NA,NA,NA,NA,NA,NA,NA,174,2025-06-13,12:17:26,1,1,"Delaney, Kieran",1000162477,Right,USA_PRI358,"Carrion, Kobe",10249456,Right,USA_CBU,Undefined,7,Top,0,0,0,Undefined,Four-Seam,BallCalled,Undefined,Undefined,Undefined,0,0,NA,87.61288,-4.127914,-2.884834,2218.673488,213.624373,01:00:00,6.20866,1.1804,5.84402,-21.16737,16.1921,9.81532,0.59703,-0.68485,78.94021,-8.11816,-1.125943,0.439918,NA,NA,NA,NA,NA,NA,NA,NA,NA,NA,NA,-5.94177,10.04851,-0.95109,50,5.85954,5.95659,-126.54806,-9.78217,-9.45696,30.28378,-16.18078,USA_PRI358,USA_CBU,USABBCary0,USA Baseball,USA,20250613-USABBCary0-2,e5b84b10-4871-11f0-a394-69d32a1ead04,85.6806,NA,NA,8.67267,NA,NA,NA,NA,NA,NA,803347a4-030c-48a3-b0f8-f99b918e67d9,2025-06-13,16:17:26,2025-06-13T16:17:26Z,2025-06-13T16:17:26Z,NA,v3,NA,NA,NA,"Gravely IV, Warren",1000162866,Right,USA_PRI358,85ba2003-4e8c-404a-a3fe-727a07fc4578,54.65092,-127.65621,15.14189,6.20666,-9.19008,-8.09039,-1.17538,6.30264,-4.72848,NA,NA,NA,NA,NA,NA,NA,NA,NA,NA,NA,NA,NA,NA,NA,NA,NA,NA,NA,NA,NA,NA,NA,NA,NA,NA,NA,NA,NA,NA,NA,NA,NA,NA,NA,NA,NA,NA,NA,NA,NA,NA,NA,NA,NA,NA,NA,NA,NA,NA,High,High,High,NA,NA,NA,NA,NA,NA,NA,NA,NA,NA,NA,NA,NA,NA,NA,NA,NA,NA,NA,NA,NA,NA,NA,NA,NA,NA,NA,NA,NA,NA,NA,NA,NA,NA,NA,NA,NA,NA,NA,NA,NA,NA,NA,NA,NA,NA,NA,NA,NA,NA,NA,NA,NA,NA,NA,NA,NA,NA
NA,NA,NA,NA,NA,NA,NA,NA,NA,NA,NA,NA,NA,NA,NA,NA,175,2025-06-13,12:17:38,1,2,"Delaney, Kieran",1000162477,Right,USA_PRI358,"Carrion, Kobe",10249456,Right,USA_CBU,Undefined,7,Top,0,1,0,Undefined,Four-Seam,StrikeCalled,Undefined,Undefined,Undefined,0,0,NA,87.3322,-2.612196,-2.966908,2256.360461,200.98407,12:45:00,6.26195,1.14832,5.6226,-18.13977,19.678,6.99374,2.30768,-1.04002,78.45353,-6.074725,-1.720209,0.442608,NA,NA,NA,NA,NA,NA,NA,NA,NA,NA,NA,-4.4813,11.20327,-0.89959,50,6.0275,6.23136,-126.24889,-6.28689,-7.10308,29.9976,-14.41625,USA_PRI358,USA_CBU,USABBCary0,USA Baseball,USA,20250613-USABBCary0-2,ed356850-4871-11f0-a394-69d32a1ead04,85.15987,NA,NA,8.87867,NA,NA,NA,NA,NA,NA,803347a4-030c-48a3-b0f8-f99b918e67d9,2025-06-13,16:17:38,2025-06-13T16:17:38Z,2025-06-13T16:17:38Z,NA,v3,NA,NA,NA,"Gravely IV, Warren",1000162866,Right,USA_PRI358,fc9cbced-8cb9-48e8-b0a2-fa4cb4d3ba4f,54.87068,-127.40094,14.9988,6.25831,-5.73324,-7.20812,-1.14414,6.50415,-3.55154,NA,NA,NA,NA,NA,NA,NA,NA,NA,NA,NA,NA,NA,NA,NA,NA,NA,NA,NA,NA,NA,NA,NA,NA,NA,NA,NA,NA,NA,NA,NA,NA,NA,NA,NA,NA,NA,NA,NA,NA,NA,NA,NA,NA,NA,NA,NA,NA,NA,NA,High,High,High,NA,NA,NA,NA,NA,NA,NA,NA,NA,NA,NA,NA,NA,NA,NA,NA,NA,NA,NA,NA,NA,NA,NA,NA,NA,NA,NA,NA,NA,NA,NA,NA,NA,NA,NA,NA,NA,NA,NA,NA,NA,NA,NA,NA,NA,NA,NA,NA,NA,NA,NA,NA,NA,NA,NA,NA,NA,NA
NA,NA,NA,NA,NA,NA,NA,NA,NA,NA,NA,NA,NA,NA,NA,NA,176,2025-06-13,12:17:52,1,3,"Delaney, Kieran",1000162477,Right,USA_PRI358,"Carrion, Kobe",10249456,Right,USA_CBU,Undefined,7,Top,0,1,1,Undefined,Curveball,StrikeSwinging,Undefined,Undefined,Undefined,0,0,NA,76.61891,-0.681109,-2.280677,2509.413842,71.432308,08:30:00,6.05324,1.49257,4.89776,-51.45609,-1.69059,-9.87497,1.12048,-1.48863,70.41536,-9.927028,-4.022217,0.507733,NA,NA,NA,NA,NA,NA,NA,NA,NA,NA,NA,4.17677,-0.09803,-1.26059,50,5.94356,4.8268,-111.0149,-3.15865,5.17745,21.121,-32.29555,USA_PRI358,USA_CBU,USABBCary0,USA Baseball,USA,20250613-USABBCary0-2,f56ed0b0-4871-11f0-a394-69d32a1ead04,74.23671,NA,NA,6.20355,NA,NA,NA,NA,NA,NA,803347a4-030c-48a3-b0f8-f99b918e67d9,2025-06-13,16:17:52,2025-06-13T16:17:52Z,2025-06-13T16:17:52Z,NA,v3,NA,NA,NA,"Gravely IV, Warren",1000162866,Right,USA_PRI358,c2d8bde5-b21e-46ed-b399-7db1b791ddf9,55.60085,-112.07541,10.5605,6.06144,-1.53704,-16.14778,-1.49642,4.56683,2.58873,NA,NA,NA,NA,NA,NA,NA,NA,NA,NA,NA,NA,NA,NA,NA,NA,NA,NA,NA,NA,NA,NA,NA,NA,NA,NA,NA,NA,NA,NA,NA,NA,NA,NA,NA,NA,NA,NA,NA,NA,NA,NA,NA,NA,NA,NA,NA,NA,NA,NA,High,High,High,NA,NA,NA,NA,NA,NA,NA,NA,NA,NA,NA,NA,NA,NA,NA,NA,NA,NA,NA,NA,NA,NA,NA,NA,NA,NA,NA,NA,NA,NA,NA,NA,NA,NA,NA,NA,NA,NA,NA,NA,NA,NA,NA,NA,NA,NA,NA,NA,NA,NA,NA,NA,NA,NA,NA,NA,NA,NA
NA,NA,NA,NA,NA,NA,NA,NA,NA,NA,NA,NA,NA,NA,NA,NA,177,2025-06-13,12:18:08,1,4,"Delaney, Kieran",1000162477,Right,USA_PRI358,"Carrion, Kobe",10249456,Right,USA_CBU,Undefined,7,Top,0,1,2,Undefined,Four-Seam,BallCalled,Undefined,Undefined,Undefined,0,0,NA,88.37381,-2.047908,-3.199089,2303.34848,197.420741,12:30:00,6.3455,0.97926,5.69895,-17.29757,19.38651,5.65882,2.9919,-1.53335,79.60034,-5.355882,-2.189541,0.435923,NA,NA,NA,NA,NA,NA,NA,NA,NA,NA,NA,-3.87646,10.86497,-0.71401,50,6.16279,6.89534,-127.85276,-5.0719,-6.32224,29.97034,-14.45398,USA_PRI358,USA_CBU,USABBCary0,USA Baseball,USA,20250613-USABBCary0-2,fef79c70-4871-11f0-a394-69d32a1ead04,86.46574,NA,NA,8.77347,NA,NA,NA,NA,NA,NA,803347a4-030c-48a3-b0f8-f99b918e67d9,2025-06-13,16:18:08,2025-06-13T16:18:08Z,2025-06-13T16:18:08Z,NA,v3,NA,NA,NA,"Gravely IV, Warren",1000162866,Right,USA_PRI358,13874a41-8a1e-42c2-9e15-8d0b0979bf82,54.79547,-128.97199,14.98517,6.34211,-4.53212,-7.22699,-0.97592,7.13144,-3.16112,NA,NA,NA,NA,NA,NA,NA,NA,NA,NA,NA,NA,NA,NA,NA,NA,NA,NA,NA,NA,NA,NA,NA,NA,NA,NA,NA,NA,NA,NA,NA,NA,NA,NA,NA,NA,NA,NA,NA,NA,NA,NA,NA,NA,NA,NA,NA,NA,NA,NA,High,High,High,NA,NA,NA,NA,NA,NA,NA,NA,NA,NA,NA,NA,NA,NA,NA,NA,NA,NA,NA,NA,NA,NA,NA,NA,NA,NA,NA,NA,NA,NA,NA,NA,NA,NA,NA,NA,NA,NA,NA,NA,NA,NA,NA,NA,NA,NA,NA,NA,NA,NA,NA,NA,NA,NA,NA,NA,NA,NA
NA,NA,NA,NA,NA,NA,NA,NA,NA,NA,NA,NA,NA,NA,NA,NA,178,2025-06-13,12:18:27,1,5,"Delaney, Kieran",1000162477,Right,USA_PRI358,"Carrion, Kobe",10249456,Right,USA_CBU,Undefined,7,Top,0,2,2,Undefined,Four-Seam,BallCalled,Undefined,Undefined,Undefined,0,0,NA,87.21802,-5.3360900000000004,-3.307569,2200.394857,196.915857,12:30:00,6.21239,1.06258,5.83406,-16.44154,21.17607,6.01776,-0.14029,-1.51372,79.06756,-8.462594,-2.231074,0.441435,NA,NA,NA,NA,NA,NA,NA,NA,NA,NA,NA,-4.1287,12.92241,-0.79619,50,5.76585,7.02402,-125.82218,-12.22071,-6.53787,28.43606,-11.71119,USA_PRI358,USA_CBU,USABBCary0,USA Baseball,USA,20250613-USABBCary0-2,0a1efd00-4872-11f0-a394-69d32a1ead04,85.38609,NA,NA,8.15046,NA,NA,NA,NA,NA,NA,803347a4-030c-48a3-b0f8-f99b918e67d9,2025-06-13,16:18:27,2025-06-13T16:18:27Z,2025-06-13T16:18:27Z,NA,v3,NA,NA,NA,"Gravely IV, Warren",1000162866,Right,USA_PRI358,4508c03c-ce0f-497f-b02c-931f526accab,54.66366,-126.8718,14.21803,6.20895,-11.78843,-5.85559,-1.05991,7.26534,-3.26893,NA,NA,NA,NA,NA,NA,NA,NA,NA,NA,NA,NA,NA,NA,NA,NA,NA,NA,NA,NA,NA,NA,NA,NA,NA,NA,NA,NA,NA,NA,NA,NA,NA,NA,NA,NA,NA,NA,NA,NA,NA,NA,NA,NA,NA,NA,NA,NA,NA,NA,High,High,High,NA,NA,NA,NA,NA,NA,NA,NA,NA,NA,NA,NA,NA,NA,NA,NA,NA,NA,NA,NA,NA,NA,NA,NA,NA,NA,NA,NA,NA,NA,NA,NA,NA,NA,NA,NA,NA,NA,NA,NA,NA,NA,NA,NA,NA,NA,NA,NA,NA,NA,NA,NA,NA,NA,NA,NA,NA,NA
NA,NA,NA,NA,NA,NA,NA,NA,NA,NA,NA,NA,NA,NA,NA,NA,179,2025-06-13,12:18:46,1,6,"Delaney, Kieran",1000162477,Right,USA_PRI358,"Carrion, Kobe",10249456,Right,USA_CBU,Undefined,7,Top,0,3,2,Undefined,Four-Seam,BallCalled,Walk,Undefined,Undefined,0,0,NA,86.99782,-0.889167,-2.957952,2323.668427,202.755371,12:45:00,6.25647,1.05395,5.88753,-16.83107,20.85655,8.14914,4.02707,-1.01604,77.93233,-4.151022,-1.498507,0.441846,NA,NA,NA,NA,NA,NA,NA,NA,NA,NA,NA,-5.10469,11.3189,-0.81971,50,6.17504,6.15447,-125.93026,-2.38719,-8.04051,30.13332,-14.34532,USA_PRI358,USA_CBU,USABBCary0,USA Baseball,USA,20250613-USABBCary0-2,158ed840-4872-11f0-a394-69d32a1ead04,85.30677,NA,NA,9.06549,NA,NA,NA,NA,NA,NA,803347a4-030c-48a3-b0f8-f99b918e67d9,2025-06-13,16:18:46,2025-06-13T16:18:46Z,2025-06-13T16:18:46Z,NA,v3,NA,NA,NA,"Gravely IV, Warren",1000162866,Right,USA_PRI358,bedbc918-bad2-4397-9d08-3d2aab50a08c,54.60571,-127.02756,15.06666,6.25246,-1.86481,-7.17266,-1.04916,6.44727,-4.02025,NA,NA,NA,NA,NA,NA,NA,NA,NA,NA,NA,NA,NA,NA,NA,NA,NA,NA,NA,NA,NA,NA,NA,NA,NA,NA,NA,NA,NA,NA,NA,NA,NA,NA,NA,NA,NA,NA,NA,NA,NA,NA,NA,NA,NA,NA,NA,NA,NA,NA,High,High,High,NA,NA,NA,NA,NA,NA,NA,NA,NA,NA,NA,NA,NA,NA,NA,NA,NA,NA,NA,NA,NA,NA,NA,NA,NA,NA,NA,NA,NA,NA,NA,NA,NA,NA,NA,NA,NA,NA,NA,NA,NA,NA,NA,NA,NA,NA,NA,NA,NA,NA,NA,NA,NA,NA,NA,NA,NA,NA
NA,NA,NA,NA,NA,NA,NA,NA,NA,NA,NA,NA,NA,NA,NA,NA,180,2025-06-13,12:19:14,2,1,"Delaney, Kieran",1000162477,Right,USA_PRI358,"Vasquez, Reuben",10171288,Left,USA_CBU,Undefined,7,Top,0,0,0,Undefined,Four-Seam,BallCalled,Undefined,Undefined,Undefined,0,0,NA,85.63202,0.339175,-1.120687,2082.502718,208.466076,01:00:00,6.18537,1.41043,5.39152,-21.07852,18.41914,9.19402,4.74678,1.12614,76.79751,-3.660972,0.513585,0.452332,NA,NA,NA,NA,NA,NA,NA,NA,NA,NA,NA,-4.93607,9.52434,-1.31687,50,6.20142,2.01375,-124.01523,0.08571,-7.55354,28.82462,-17.59914,USA_PRI358,USA_CBU,USABBCary0,USA Baseball,USA,20250613-USABBCary0-2,26813940-4872-11f0-a394-69d32a1ead04,83.32921,NA,NA,8.83451,NA,NA,NA,NA,NA,NA,803347a4-030c-48a3-b0f8-f99b918e67d9,2025-06-13,16:19:14,2025-06-13T16:19:14Z,2025-06-13T16:19:14Z,NA,v3,NA,NA,NA,"Gravely IV, Warren",1000162866,Right,USA_PRI358,940f213e-a7a1-42b2-bb38-f24fcd464177,55.10188,-125.19544,14.41231,6.18316,0.8063,-8.79957,-1.40565,2.32303,-3.77677,NA,NA,NA,NA,NA,NA,NA,NA,NA,NA,NA,NA,NA,NA,NA,NA,NA,NA,NA,NA,NA,NA,NA,NA,NA,NA,NA,NA,NA,NA,NA,NA,NA,NA,NA,NA,NA,NA,NA,NA,NA,NA,NA,NA,NA,NA,NA,NA,NA,NA,High,High,High,NA,NA,NA,NA,NA,NA,NA,NA,NA,NA,NA,NA,NA,NA,NA,NA,NA,NA,NA,NA,NA,NA,NA,NA,NA,NA,NA,NA,NA,NA,NA,NA,NA,NA,NA,NA,NA,NA,NA,NA,NA,NA,NA,NA,NA,NA,NA,NA,NA,NA,NA,NA,NA,NA,NA,NA,NA,NA
NA,NA,NA,NA,NA,NA,NA,NA,NA,NA,NA,NA,NA,NA,NA,NA,181,2025-06-13,12:19:35,2,2,"Delaney, Kieran",1000162477,Right,USA_PRI358,"Vasquez, Reuben",10171288,Left,USA_CBU,Undefined,7,Top,0,1,0,Undefined,Four-Seam,StrikeSwinging,Undefined,Undefined,Undefined,0,0,NA,86.34957,-2.666481,-2.521631,2042.787194,208.794495,01:00:00,6.12497,1.54311,5.46503,-20.94052,17.57694,8.91646,1.88005,-0.07546,78.37574,-6.594857,-0.935212,0.446684,NA,NA,NA,NA,NA,NA,NA,NA,NA,NA,NA,-5.24233,10.05316,-1.32732,50,5.87603,5.11613,-124.99739,-6.49009,-8.22383,27.18635,-16.40325,USA_PRI358,USA_CBU,USABBCary0,USA Baseball,USA,20250613-USABBCary0-2,32c81390-4872-11f0-a394-69d32a1ead04,84.38279,NA,NA,7.97383,NA,NA,NA,NA,NA,NA,803347a4-030c-48a3-b0f8-f99b918e67d9,2025-06-13,16:19:35,2025-06-13T16:19:35Z,2025-06-13T16:19:35Z,NA,v3,NA,NA,NA,"Gravely IV, Warren",1000162866,Right,USA_PRI358,97fc1b37-bb5b-4cc1-a31a-325b1144049d,55.0314,-126.08695,13.59318,6.12296,-5.83269,-8.20162,-1.53897,5.44572,-4.11192,NA,NA,NA,NA,NA,NA,NA,NA,NA,NA,NA,NA,NA,NA,NA,NA,NA,NA,NA,NA,NA,NA,NA,NA,NA,NA,NA,NA,NA,NA,NA,NA,NA,NA,NA,NA,NA,NA,NA,NA,NA,NA,NA,NA,NA,NA,NA,NA,NA,NA,High,High,High,NA,NA,NA,NA,NA,NA,NA,NA,NA,NA,NA,NA,NA,NA,NA,NA,NA,NA,NA,NA,NA,NA,NA,NA,NA,NA,NA,NA,NA,NA,NA,NA,NA,NA,NA,NA,NA,NA,NA,NA,NA,NA,NA,NA,NA,NA,NA,NA,NA,NA,NA,NA,NA,NA,NA,NA,NA,NA
NA,NA,NA,NA,NA,NA,NA,NA,NA,NA,NA,NA,NA,NA,NA,NA,182,2025-06-13,12:19:54,2,3,"Delaney, Kieran",1000162477,Right,USA_PRI358,"Vasquez, Reuben",10171288,Left,USA_CBU,Undefined,7,Top,0,1,1,Undefined,Changeup,StrikeCalled,Undefined,Undefined,Undefined,0,0,NA,84.67271,-0.808954,-1.104468,1930.613999,227.047976,01:30:00,6.07681,1.48372,5.76156,-27.41899,12.03709,11.48225,3.03876,1.41246,76.91851,-5.931073,0.952448,0.452094,NA,NA,NA,NA,NA,NA,NA,NA,NA,NA,NA,-6.14658,6.77969,-1.39911,50,5.99336,1.89002,-122.85285,-2.61233,-9.31505,26.24511,-21.89956,USA_PRI358,USA_CBU,USABBCary0,USA Baseball,USA,20250613-USABBCary0-2,3e4bc4f0-4872-11f0-a394-69d32a1ead04,83.37306,NA,NA,7.7542,NA,NA,NA,NA,NA,NA,803347a4-030c-48a3-b0f8-f99b918e67d9,2025-06-13,16:19:54,2025-06-13T16:19:54Z,2025-06-13T16:19:54Z,NA,v3,NA,NA,NA,"Gravely IV, Warren",1000162866,Right,USA_PRI358,0891c9a2-ed3d-4091-be05-aabb76fa43f4,54.73482,-123.86022,13.12255,6.0775,-1.77176,-10.94978,-1.47852,2.24756,-4.65752,NA,NA,NA,NA,NA,NA,NA,NA,NA,NA,NA,NA,NA,NA,NA,NA,NA,NA,NA,NA,NA,NA,NA,NA,NA,NA,NA,NA,NA,NA,NA,NA,NA,NA,NA,NA,NA,NA,NA,NA,NA,NA,NA,NA,NA,NA,NA,NA,NA,NA,High,High,High,NA,NA,NA,NA,NA,NA,NA,NA,NA,NA,NA,NA,NA,NA,NA,NA,NA,NA,NA,NA,NA,NA,NA,NA,NA,NA,NA,NA,NA,NA,NA,NA,NA,NA,NA,NA,NA,NA,NA,NA,NA,NA,NA,NA,NA,NA,NA,NA,NA,NA,NA,NA,NA,NA,NA,NA,NA,NA
NA,NA,NA,NA,NA,NA,NA,NA,NA,NA,NA,NA,NA,NA,NA,NA,183,2025-06-13,12:20:17,2,4,"Delaney, Kieran",1000162477,Right,USA_PRI358,"Vasquez, Reuben",10171288,Left,USA_CBU,Undefined,7,Top,0,1,2,Undefined,Four-Seam,FoulBallNotFieldable,Undefined,Undefined,Undefined,0,0,NA,86.71522,-1.668381,-2.89823,2048.736014,211.798533,01:00:00,6.07671,1.39293,5.70497,-20.68159,17.13375,9.80512,2.7963,-0.4927,78.61132,-5.574987,-1.147169,0.442594,60.03425,62.139412,-110.124917,5086.212189,NA,NA,NA,NA,14.77693,NA,NA,-5.89512,9.61426,-1.15616,50,5.92411,5.95205,-125.64676,-4.2974,-9.33631,27.6697,-16.94764,USA_PRI358,USA_CBU,USABBCary0,USA Baseball,USA,20250613-USABBCary0-2,4bc61630-4872-11f0-a394-69d32a1ead04,85.1626,27.19037,NA,8.1039,NA,NA,NA,0.28771,2.45833,0.61749,803347a4-030c-48a3-b0f8-f99b918e67d9,2025-06-13,16:20:17,2025-06-13T16:20:17Z,2025-06-13T16:20:17Z,NA,v3,NA,NA,NA,"Gravely IV, Warren",1000162866,Right,USA_PRI358,bea1cb46-d501-472d-b1f0-dc3f041393ca,54.79313,-126.69789,13.83485,6.07514,-3.65358,-8.47382,-1.38901,6.30673,-4.66816,241.843389,0.2868,-14.12393,2.65635,NA,NA,NA,NA,NA,NA,2.45925,77.81075,-22.46405,NA,NA,NA,NA,NA,NA,0.62348,-38.86034,-7.86077,NA,NA,NA,NA,NA,NA,NA,NA,NA,NA,NA,NA,NA,NA,NA,NA,NA,NA,NA,NA,NA,NA,NA,NA,NA,NA,NA,NA,High,High,High,Medium,Undefined,NA,NA,NA,NA,NA,NA,NA,NA,NA,NA,NA,NA,NA,NA,NA,NA,NA,NA,NA,NA,NA,NA,NA,NA,NA,NA,NA,NA,NA,NA,NA,NA,NA,NA,NA,NA,NA,NA,NA,NA,NA,NA,NA,NA,NA,NA,NA,NA,NA,NA,NA,NA,NA,NA,NA,NA
NA,NA,NA,NA,NA,NA,NA,NA,NA,NA,NA,NA,NA,NA,NA,NA,184,2025-06-13,12:20:41,2,5,"Delaney, Kieran",1000162477,Right,USA_PRI358,"Vasquez, Reuben",10171288,Left,USA_CBU,Undefined,7,Top,0,1,2,Undefined,Splitter,InPlay,Undefined,GroundBall,Out,1,0,NA,79.1015,1.177334,-2.413903,894.35945,305.677123,04:15:00,5.98899,1.56349,5.33699,-49.17577,-3.11898,6.53067,2.99669,-0.15828,71.95527,-7.791278,-1.253799,0.488448,64.51464,-46.407025,11.761236,NA,NA,NA,NA,3.09667,3.09667,13.716518,0.041372,-4.02512,-1.49287,-1.35047,50,6.05989,4.5713,-114.64681,0.65193,-5.30283,23.20557,-34.14083,USA_PRI358,USA_CBU,USABBCary0,USA Baseball,USA,20250613-USABBCary0-2,5a8c9680-4872-11f0-a394-69d32a1ead04,77.16778,2.84924,NA,7.14623,NA,NA,NA,0.35268,2.84924,0.18135,803347a4-030c-48a3-b0f8-f99b918e67d9,2025-06-13,16:20:41,2025-06-13T16:20:41Z,2025-06-13T16:20:41Z,GroundBall,v3,NA,NA,NA,"Gravely IV, Warren",1000162866,Right,USA_PRI358,68681048-cd2a-4082-ac07-eff338b66abc,55.16247,-115.68703,11.60279,5.99636,2.18232,-17.07042,-1.56071,4.809,-2.65142,NA,0.35057,64.19038,NA,NA,NA,NA,NA,NA,NA,2.8515,-68.86895,NA,NA,NA,NA,NA,NA,NA,0.18091,13.36475,NA,NA,NA,NA,NA,NA,NA,NA,NA,NA,NA,NA,NA,NA,NA,NA,NA,NA,NA,NA,NA,NA,NA,NA,NA,NA,NA,NA,NA,High,High,High,Estimated,Estimated,NA,NA,NA,NA,NA,NA,NA,NA,NA,NA,NA,NA,NA,NA,NA,NA,NA,NA,NA,NA,NA,NA,NA,NA,NA,NA,NA,NA,NA,NA,NA,NA,NA,NA,NA,NA,NA,NA,NA,NA,NA,NA,NA,NA,NA,NA,NA,NA,NA,NA,NA,NA,NA,NA,NA,NA
NA,NA,NA,NA,NA,NA,NA,NA,NA,NA,NA,NA,NA,NA,NA,NA,185,2025-06-13,12:21:26,3,1,"Delaney, Kieran",1000162477,Right,USA_PRI358,"Ellis, Kaine",10170887,Left,USA_CBU,Undefined,7,Top,1,0,0,Undefined,Changeup,FoulBallNotFieldable,Undefined,Undefined,Undefined,0,0,NA,77.80336,0.478708,-2.258782,1294.90902,262.78767,02:45:00,5.93002,1.5491,5.59027,-44.62199,2.31158,6.06437,2.65888,-0.05576,71.105,-7.710922,-1.176231,0.493075,77.14148,0.494762,68.620657,3937.413006,NA,NA,NA,61.68915,58.67413,67.075761,0.58335,-3.78044,1.39646,-1.35938,50,5.94176,4.22767,-112.89186,-0.48526,-4.84736,21.78466,-30.38346,USA_PRI358,USA_CBU,USABBCary0,USA Baseball,USA,20250613-USABBCary0-2,755769e0-4872-11f0-a394-69d32a1ead04,76.4436,3.27878,NA,6.69836,NA,NA,NA,3.17465,3.25775,-0.07227,803347a4-030c-48a3-b0f8-f99b918e67d9,2025-06-13,16:21:26,2025-06-13T16:21:26Z,2025-06-13T16:21:26Z,GroundBall,v3,NA,NA,NA,"Gravely IV, Warren",1000162866,Right,USA_PRI358,83c99151-3cda-4b98-97e6-3a61137029c2,54.91019,-113.83543,10.89233,5.93428,0.83076,-15.19173,-1.54705,4.43762,-2.42368,NA,3.17465,41.24288,-10.64323,2.38001,-0.53843,0.11369,-0.02397,0.00489,-7e-4,3.25775,0.97698,-11.295,0.04033,0.0788,-0.02046,0.00663,-0.00158,2.6e-4,-0.07227,105.35121,-14.73664,2.48391,-0.43118,0.06902,-0.00734,-0.00276,0.00181,NA,NA,NA,NA,NA,NA,NA,NA,NA,NA,NA,NA,NA,NA,NA,NA,NA,NA,NA,NA,NA,NA,High,High,High,High,High,NA,NA,NA,NA,NA,NA,NA,NA,NA,NA,NA,NA,NA,NA,NA,NA,NA,NA,NA,NA,NA,NA,NA,NA,NA,NA,NA,NA,NA,NA,NA,NA,NA,NA,NA,NA,NA,NA,NA,NA,NA,NA,NA,NA,NA,NA,NA,NA,NA,NA,NA,NA,NA,NA,NA,NA
NA,NA,NA,NA,NA,NA,NA,NA,NA,NA,NA,NA,NA,NA,NA,NA,186,2025-06-13,12:21:51,3,2,"Delaney, Kieran",1000162477,Right,USA_PRI358,"Ellis, Kaine",10170887,Left,USA_CBU,Undefined,7,Top,1,0,1,Undefined,Four-Seam,BallCalled,Undefined,Undefined,Undefined,0,0,NA,85.02438,-0.063188,-0.662241,2157.390217,210.895372,01:00:00,6.08198,1.68345,5.86711,-21.89092,17.15792,9.45567,4.19904,1.85623,76.89282,-4.220616,1.034007,0.449755,NA,NA,NA,NA,NA,NA,NA,NA,NA,NA,NA,-4.99024,9.16882,-1.63509,50,6.06425,1.02999,-123.35781,-0.77037,-7.60864,26.9455,-18.19426,USA_PRI358,USA_CBU,USABBCary0,USA Baseball,USA,20250613-USABBCary0-2,83ed3d40-4872-11f0-a394-69d32a1ead04,83.80669,NA,NA,8.13157,NA,NA,NA,NA,NA,NA,803347a4-030c-48a3-b0f8-f99b918e67d9,2025-06-13,16:21:51,2025-06-13T16:21:51Z,2025-06-13T16:21:51Z,NA,v3,NA,NA,NA,"Gravely IV, Warren",1000162866,Right,USA_PRI358,19c72022-a1a9-4265-b13c-070f7c02bbba,54.62777,-124.36456,13.47275,6.08033,-0.09059,-9.09713,-1.67888,1.31427,-3.80432,NA,NA,NA,NA,NA,NA,NA,NA,NA,NA,NA,NA,NA,NA,NA,NA,NA,NA,NA,NA,NA,NA,NA,NA,NA,NA,NA,NA,NA,NA,NA,NA,NA,NA,NA,NA,NA,NA,NA,NA,NA,NA,NA,NA,NA,NA,NA,NA,NA,NA,High,High,High,NA,NA,NA,NA,NA,NA,NA,NA,NA,NA,NA,NA,NA,NA,NA,NA,NA,NA,NA,NA,NA,NA,NA,NA,NA,NA,NA,NA,NA,NA,NA,NA,NA,NA,NA,NA,NA,NA,NA,NA,NA,NA,NA,NA,NA,NA,NA,NA,NA,NA,NA,NA,NA,NA,NA,NA,NA,NA
NA,NA,NA,NA,NA,NA,NA,NA,NA,NA,NA,NA,NA,NA,NA,NA,187,2025-06-13,12:22:15,3,3,"Delaney, Kieran",1000162477,Right,USA_PRI358,"Ellis, Kaine",10170887,Left,USA_CBU,Undefined,7,Top,1,1,1,Undefined,Four-Seam,FoulBallNotFieldable,Undefined,Undefined,Undefined,0,0,NA,86.1874,-1.521719,-2.371527,2217.617317,219.744458,01:15:00,6.07377,1.74289,5.69525,-23.32442,14.82918,11.25619,2.7104,0.46957,78.40079,-5.893363,-0.359749,0.444569,66.8298,35.69819,-36.879944,4377.026381,79.76566,47.30638,-75.74581,194.6229,167.44513,-48.018517,3.485133,-6.44437,8.37217,-1.55088,50,5.93149,4.70769,-124.9774,-4.06316,-10.12741,26.69073,-19.01707,USA_PRI358,USA_CBU,USABBCary0,USA Baseball,USA,20250613-USABBCary0-2,921533a0-4872-11f0-a394-69d32a1ead04,84.78422,47.34663,NA,7.78661,NA,NA,NA,0.8913,2.56955,-0.3683,803347a4-030c-48a3-b0f8-f99b918e67d9,2025-06-13,16:22:15,2025-06-13T16:22:15Z,2025-06-13T16:22:15Z,FlyBall,v3,NA,NA,NA,"Gravely IV, Warren",1000162866,Right,USA_PRI358,def12721-f981-4221-b672-16f575e5d9cc,54.80305,-125.99898,13.34537,6.07308,-3.33528,-9.50853,-1.73848,5.09532,-5.06371,134.790855,0.89067,63.69672,-14.95761,4.22172,-1.33489,0.49271,-0.15552,0.02848,-0.00208,2.56999,57.178,-20.07185,1.21378,0.08949,-0.15814,0.0587,-0.00922,5.1e-4,-0.36816,-47.77522,1.86438,0.20616,-0.0279,-0.07582,0.04396,-0.01025,8.8e-4,NA,NA,NA,NA,NA,NA,NA,NA,NA,NA,NA,NA,NA,NA,NA,NA,NA,NA,NA,NA,NA,NA,High,High,High,High,Medium,NA,NA,NA,NA,NA,NA,NA,NA,NA,NA,NA,NA,NA,NA,NA,NA,NA,NA,NA,NA,NA,NA,NA,NA,NA,NA,NA,NA,NA,NA,NA,NA,NA,NA,NA,NA,NA,NA,NA,NA,NA,NA,NA,NA,NA,NA,NA,NA,NA,NA,NA,NA,NA,NA,NA,NA
NA,NA,NA,NA,NA,NA,NA,NA,NA,NA,NA,NA,NA,NA,NA,NA,188,2025-06-13,12:22:51,3,4,"Delaney, Kieran",1000162477,Right,USA_PRI358,"Ellis, Kaine",10170887,Left,USA_CBU,Undefined,7,Top,1,1,2,Undefined,Splitter,FoulBallNotFieldable,Undefined,Undefined,Undefined,0,0,NA,80.51311,-1.08754,-1.571731,1127.796791,264.949821,02:45:00,5.92678,1.78328,5.79299,-41.22258,2.04437,7.76292,1.47942,0.96779,74.09968,-8.649401,-0.178291,0.473423,NA,NA,NA,NA,NA,NA,NA,NA,NA,NA,NA,-4.44032,1.71134,-1.65879,50,5.8123,2.91721,-116.94402,-3.55349,-6.13995,22.35873,-29.80766,USA_PRI358,USA_CBU,USABBCary0,USA Baseball,USA,20250613-USABBCary0-2,a7556af0-4872-11f0-a394-69d32a1ead04,79.61679,NA,NA,6.41344,NA,NA,NA,NA,NA,NA,803347a4-030c-48a3-b0f8-f99b918e67d9,2025-06-13,16:22:51,2025-06-13T16:22:51Z,2025-06-13T16:22:51Z,NA,v3,NA,NA,NA,"Gravely IV, Warren",1000162866,Right,USA_PRI358,142a1bc1-4374-4eaf-b1aa-069add3310d0,54.7076,-117.84064,11.17937,5.93084,-2.35816,-14.90383,-1.78071,3.16343,-3.06997,NA,NA,NA,NA,NA,NA,NA,NA,NA,NA,NA,NA,NA,NA,NA,NA,NA,NA,NA,NA,NA,NA,NA,NA,NA,NA,NA,NA,NA,NA,NA,NA,NA,NA,NA,NA,NA,NA,NA,NA,NA,NA,NA,NA,NA,NA,NA,NA,NA,NA,High,High,High,NA,NA,NA,NA,NA,NA,NA,NA,NA,NA,NA,NA,NA,NA,NA,NA,NA,NA,NA,NA,NA,NA,NA,NA,NA,NA,NA,NA,NA,NA,NA,NA,NA,NA,NA,NA,NA,NA,NA,NA,NA,NA,NA,NA,NA,NA,NA,NA,NA,NA,NA,NA,NA,NA,NA,NA,NA,NA
NA,NA,NA,NA,NA,NA,NA,NA,NA,NA,NA,NA,NA,NA,NA,NA,189,2025-06-13,12:23:17,3,5,"Delaney, Kieran",1000162477,Right,USA_PRI358,"Ellis, Kaine",10170887,Left,USA_CBU,Undefined,7,Top,1,1,2,Undefined,Four-Seam,InPlay,Undefined,LineDrive,Out,2,0,NA,87.48683,-0.853704,-1.493262,2009.367438,214.158613,01:15:00,6.06293,1.50022,5.45838,-23.76722,13.8928,8.49504,3.28289,0.81006,78.82103,-5.308202,0.01914,0.441684,88.68503,11.114791,15.923981,2589.402282,105.33351,10.3931,31.69912,165.70701,145.50729,17.769994,1.544833,-4.78252,7.66819,-1.37473,50,5.97185,2.93359,-126.77547,-2.68603,-7.65887,29.7856,-19.894,USA_PRI358,USA_CBU,USABBCary0,USA Baseball,USA,20250613-USABBCary0-2,b7599b60-4872-11f0-a394-69d32a1ead04,85.33802,11.59928,NA,8.6658,NA,NA,NA,1.37137,3.26148,-0.79846,803347a4-030c-48a3-b0f8-f99b918e67d9,2025-06-13,16:23:17,2025-06-13T16:23:17Z,2025-06-13T16:23:17Z,LineDrive,v3,NA,NA,NA,"Gravely IV, Warren",1000162866,Right,USA_PRI358,24fef802-2059-4068-92c7-9d6871dde425,55.03863,-127.95381,14.8928,6.06255,-1.89901,-9.947,-1.49678,3.23658,-3.82944,278.282636,1.37137,122.73375,-16.86609,2.58386,-0.56258,0.11218,-0.02191,0.00368,-3.3e-4,3.26148,25.0745,-20.06701,2.04831,-0.40075,0.09143,-0.01677,0.00261,-2.4e-4,-0.79846,35.01717,-1.15495,0.03269,-0.0178,0.00213,-5.8e-4,1.2e-4,-1e-5,NA,NA,NA,NA,NA,NA,NA,NA,NA,NA,NA,NA,NA,NA,NA,NA,NA,NA,NA,NA,NA,NA,High,High,High,High,High,NA,NA,NA,NA,NA,NA,NA,NA,NA,NA,NA,NA,NA,NA,NA,NA,NA,NA,NA,NA,NA,NA,NA,NA,NA,NA,NA,NA,NA,NA,NA,NA,NA,NA,NA,NA,NA,NA,NA,NA,NA,NA,NA,NA,NA,NA,NA,NA,NA,NA,NA,NA,NA,NA,NA,NA
NA,NA,NA,NA,NA,NA,NA,NA,NA,NA,NA,NA,NA,NA,NA,NA,190,2025-06-13,12:25:44,1,1,"Nguyen, Aiden",10100607,Left,USA_CBU,"Condon, Trevor",1000396090,Left,USA_PRI358,Undefined,7,Bottom,0,0,0,Undefined,Sinker,BallCalled,Undefined,Undefined,Undefined,0,0,NA,85.85175,1.140698,1.979437,2174.866398,131.056884,10:15:00,5.03858,-1.47738,5.61448,-23.22332,15.75273,-16.44324,4.16872,-0.99945,76.97657,-3.256733,-0.954187,0.449335,NA,NA,NA,NA,NA,NA,NA,NA,NA,NA,NA,8.85418,7.98689,1.3186,50,5.12145,-3.56916,-124.33518,1.75689,13.62561,28.86925,-19.88312,USA_PRI358,USA_CBU,USABBCary0,USA Baseball,USA,20250613-USABBCary0-2,0e5cff60-4873-11f0-a394-69d32a1ead04,83.88493,NA,NA,8.87518,NA,NA,NA,NA,NA,NA,803347a4-030c-48a3-b0f8-f99b918e67d9,2025-06-13,16:25:44,2025-06-13T16:25:44Z,2025-06-13T16:25:44Z,NA,v3,NA,NA,NA,"Ellis, Kaine",10170887,Right,USA_CBU,11cd4615-26d4-440e-845f-fe59804943bc,54.87947,-125.46303,14.43463,5.03764,2.53367,-9.94156,1.46844,-4.10148,6.81281,NA,NA,NA,NA,NA,NA,NA,NA,NA,NA,NA,NA,NA,NA,NA,NA,NA,NA,NA,NA,NA,NA,NA,NA,NA,NA,NA,NA,NA,NA,NA,NA,NA,NA,NA,NA,NA,NA,NA,NA,NA,NA,NA,NA,NA,NA,NA,NA,NA,NA,High,High,High,NA,NA,NA,NA,NA,NA,NA,NA,NA,NA,NA,NA,NA,NA,NA,NA,NA,NA,NA,NA,NA,NA,NA,NA,NA,NA,NA,NA,NA,NA,NA,NA,NA,NA,NA,NA,NA,NA,NA,NA,NA,NA,NA,NA,NA,NA,NA,NA,NA,NA,NA,NA,NA,NA,NA,NA,NA,NA
NA,NA,NA,NA,NA,NA,NA,NA,NA,NA,NA,NA,NA,NA,NA,NA,191,2025-06-13,12:25:55,1,2,"Nguyen, Aiden",10100607,Left,USA_CBU,"Condon, Trevor",1000396090,Left,USA_PRI358,Undefined,7,Bottom,0,1,0,Undefined,Four-Seam,BallCalled,Undefined,Undefined,Undefined,0,0,NA,87.7446,-0.35063,4.996692,2296.532705,136.338739,10:30:00,4.92258,-1.5157,5.79562,-17.99757,19.44973,-17.15761,3.09539,1.71406,78.18429,-3.82436,1.939861,0.440435,NA,NA,NA,NA,NA,NA,NA,NA,NA,NA,NA,10.31587,10.38288,1.11358,50,4.88303,-10.30952,-126.67205,-1.26635,16.39636,31.12715,-15.67118,USA_PRI358,USA_CBU,USABBCary0,USA Baseball,USA,20250613-USABBCary0-2,1547c7b0-4873-11f0-a394-69d32a1ead04,85.58003,NA,NA,9.56031,NA,NA,NA,NA,NA,NA,803347a4-030c-48a3-b0f8-f99b918e67d9,2025-06-13,16:25:55,2025-06-13T16:25:55Z,2025-06-13T16:25:55Z,NA,v3,NA,NA,NA,"Ellis, Kaine",10170887,Right,USA_CBU,63ce1b00-8566-494e-bc47-8e12ff93e90a,54.69773,-127.82121,15.56357,4.91911,-0.6878,-7.83559,1.50537,-10.91485,8.19818,NA,NA,NA,NA,NA,NA,NA,NA,NA,NA,NA,NA,NA,NA,NA,NA,NA,NA,NA,NA,NA,NA,NA,NA,NA,NA,NA,NA,NA,NA,NA,NA,NA,NA,NA,NA,NA,NA,NA,NA,NA,NA,NA,NA,NA,NA,NA,NA,NA,NA,High,High,High,NA,NA,NA,NA,NA,NA,NA,NA,NA,NA,NA,NA,NA,NA,NA,NA,NA,NA,NA,NA,NA,NA,NA,NA,NA,NA,NA,NA,NA,NA,NA,NA,NA,NA,NA,NA,NA,NA,NA,NA,NA,NA,NA,NA,NA,NA,NA,NA,NA,NA,NA,NA,NA,NA,NA,NA,NA,NA
NA,NA,NA,NA,NA,NA,NA,NA,NA,NA,NA,NA,NA,NA,NA,NA,192,2025-06-13,12:26:09,1,3,"Nguyen, Aiden",10100607,Left,USA_CBU,"Condon, Trevor",1000396090,Left,USA_PRI358,Undefined,7,Bottom,0,2,0,Undefined,Four-Seam,StrikeCalled,Undefined,Undefined,Undefined,0,0,NA,86.40853,-1.237015,3.158778,2366.39169,145.236952,10:45:00,4.94437,-1.68569,5.73125,-19.42962,18.83816,-12.10115,2.17129,0.2506,77.80645,-4.943492,0.997561,0.445234,NA,NA,NA,NA,NA,NA,NA,NA,NA,NA,NA,7.09709,10.3467,1.42939,50,4.82936,-6.37758,-125.08419,-3.26263,11.08512,28.55902,-16.01328,USA_PRI358,USA_CBU,USABBCary0,USA Baseball,USA,20250613-USABBCary0-2,1d821a70-4873-11f0-a394-69d32a1ead04,84.65763,NA,NA,8.60209,NA,NA,NA,NA,NA,NA,803347a4-030c-48a3-b0f8-f99b918e67d9,2025-06-13,16:26:09,2025-06-13T16:26:09Z,2025-06-13T16:26:09Z,NA,v3,NA,NA,NA,"Ellis, Kaine",10170887,Right,USA_CBU,d4c67b5b-cbaf-4c0b-87f1-418ae0d9fb8e,54.76332,-126.16705,14.27951,4.94156,-2.65546,-8.00664,1.67918,-6.79789,5.54256,NA,NA,NA,NA,NA,NA,NA,NA,NA,NA,NA,NA,NA,NA,NA,NA,NA,NA,NA,NA,NA,NA,NA,NA,NA,NA,NA,NA,NA,NA,NA,NA,NA,NA,NA,NA,NA,NA,NA,NA,NA,NA,NA,NA,NA,NA,NA,NA,NA,NA,High,High,High,NA,NA,NA,NA,NA,NA,NA,NA,NA,NA,NA,NA,NA,NA,NA,NA,NA,NA,NA,NA,NA,NA,NA,NA,NA,NA,NA,NA,NA,NA,NA,NA,NA,NA,NA,NA,NA,NA,NA,NA,NA,NA,NA,NA,NA,NA,NA,NA,NA,NA,NA,NA,NA,NA,NA,NA,NA,NA
NA,NA,NA,NA,NA,NA,NA,NA,NA,NA,NA,NA,NA,NA,NA,NA,193,2025-06-13,12:26:22,1,4,"Nguyen, Aiden",10100607,Left,USA_CBU,"Condon, Trevor",1000396090,Left,USA_PRI358,Undefined,7,Bottom,0,2,1,Undefined,Sinker,InPlay,Undefined,GroundBall,Single,0,0,NA,86.3672,0.017108,4.108703,2279.814888,129.728193,10:15:00,4.88752,-1.79524,5.62624,-23.21895,15.37859,-16.77304,2.96861,0.64751,77.47217,-4.369885,1.123407,0.447148,95.80919,-17.8028,-45.043106,NA,NA,NA,NA,8.96822,8.84214,-50.917578,0.066747,9.78024,8.17985,1.45548,50,4.87447,-8.24046,-124.89854,-0.69148,15.19161,29.06755,-19.46834,USA_PRI358,USA_CBU,USABBCary0,USA Baseball,USA,20250613-USABBCary0-2,2510c3e0-4873-11f0-a394-69d32a1ead04,84.29523,2.87364,NA,8.89502,NA,NA,NA,-0.66911,2.87364,-0.62895,803347a4-030c-48a3-b0f8-f99b918e67d9,2025-06-13,16:26:22,2025-06-13T16:26:22Z,2025-06-13T16:26:22Z,GroundBall,v3,NA,NA,NA,"Ellis, Kaine",10170887,Right,USA_CBU,127fea36-3988-4e39-a959-b019e9f8f8a5,54.86945,-126.02671,14.53378,4.88664,0.06412,-9.73417,1.78675,-8.83008,7.59581,180,-0.67124,94.73145,NA,NA,NA,NA,NA,NA,NA,2.8746,-43.05285,NA,NA,NA,NA,NA,NA,NA,-0.62682,-94.8741,NA,NA,NA,NA,NA,NA,NA,NA,NA,NA,NA,NA,NA,NA,NA,NA,NA,NA,NA,NA,NA,NA,NA,NA,NA,NA,NA,NA,NA,High,High,High,High,High,NA,NA,NA,NA,NA,NA,NA,NA,NA,NA,NA,NA,NA,NA,NA,NA,NA,NA,NA,NA,NA,NA,NA,NA,NA,NA,NA,NA,NA,NA,NA,NA,NA,NA,NA,NA,NA,NA,NA,NA,NA,NA,NA,NA,NA,NA,NA,NA,NA,NA,NA,NA,NA,NA,NA,NA
NA,NA,NA,NA,NA,NA,NA,NA,NA,NA,NA,NA,NA,NA,NA,NA,194,2025-06-13,12:27:03,2,1,"Nguyen, Aiden",10100607,Left,USA_CBU,"Borthwick, Coleman",10116144,Right,USA_PRI358,Undefined,7,Bottom,0,0,0,Undefined,Four-Seam,InPlay,Undefined,LineDrive,Single,0,0,NA,88.19901,-0.398808,3.338672,2260.830151,135.966186,10:30:00,4.88355,-1.73,5.67937,-19.54533,17.49773,-15.53658,2.88237,0.0911,78.79651,-4.135785,0.567204,0.438051,72.2112,24.436009,26.102284,4063.566793,94.6503,33.93423,56.04741,212.44595,210.54561,34.936032,3.075502,8.9993,9.40603,1.45829,50,4.83805,-6.76048,-127.61023,-1.47494,14.51727,31.57597,-17.00068,USA_PRI358,USA_CBU,USABBCary0,USA Baseball,USA,20250613-USABBCary0-2,3e07c1a0-4873-11f0-a394-69d32a1ead04,86.04576,34.06114,NA,9.4025,NA,NA,NA,0.44309,2.91682,-0.06521,803347a4-030c-48a3-b0f8-f99b918e67d9,2025-06-13,16:27:03,2025-06-13T16:27:03Z,2025-06-13T16:27:03Z,LineDrive,v3,NA,NA,NA,"Ellis, Kaine",10170887,Right,USA_CBU,3d8e723c-3f75-4e32-bd09-6e075fc179c4,54.81617,-128.79644,15.78799,4.88147,-0.83628,-8.50034,1.7225,-7.30584,7.25864,221.321316,0.44311,86.58769,-17.12528,3.91413,-0.75114,0.09809,0.00158,-0.0036,4.7e-4,2.91683,43.81272,-16.35974,0.77307,-0.13587,0.07945,-0.04085,0.01076,-0.00107,-0.06514,42.4211,-0.98863,-0.1118,0.11543,-0.0457,0.01117,-0.0016,1e-4,NA,NA,NA,NA,NA,NA,NA,NA,NA,NA,NA,NA,NA,NA,NA,NA,NA,NA,NA,NA,NA,NA,High,High,High,High,High,NA,NA,NA,NA,NA,NA,NA,NA,NA,NA,NA,NA,NA,NA,NA,NA,NA,NA,NA,NA,NA,NA,NA,NA,NA,NA,NA,NA,NA,NA,NA,NA,NA,NA,NA,NA,NA,NA,NA,NA,NA,NA,NA,NA,NA,NA,NA,NA,NA,NA,NA,NA,NA,NA,NA,NA
NA,NA,NA,NA,NA,NA,NA,NA,NA,NA,NA,NA,NA,NA,NA,NA,195,2025-06-13,12:27:51,3,1,"Nguyen, Aiden",10100607,Left,USA_CBU,"Rojas, Gio",1000271810,Right,USA_PRI358,Undefined,7,Bottom,0,0,0,Undefined,Changeup,StrikeCalled,Undefined,Undefined,Undefined,0,0,NA,74.34388,1.917563,3.704043,1522.192482,90.323356,09:00:00,4.30556,-2.01776,5.59616,-49.97707,1.94311,-17.56202,1.93555,-0.01817,67.27692,-7.283792,0.576039,0.518608,NA,NA,NA,NA,NA,NA,NA,NA,NA,NA,NA,9.9517,0.99201,1.71116,50,4.43842,-6.29782,-107.57909,2.04817,11.51852,20.81333,-31.02584,USA_PRI358,USA_CBU,USABBCary0,USA Baseball,USA,20250613-USABBCary0-2,5a81cba0-4873-11f0-a394-69d32a1ead04,72.67997,NA,NA,7.06696,NA,NA,NA,NA,NA,NA,803347a4-030c-48a3-b0f8-f99b918e67d9,2025-06-13,16:27:51,2025-06-13T16:27:51Z,2025-06-13T16:27:51Z,NA,v3,NA,NA,NA,"Ellis, Kaine",10170887,Right,USA_CBU,588d3346-0a94-4166-b81c-7ed6bf8d843b,54.90129,-108.5232,10.40666,4.31359,3.45552,-15.51292,2.00869,-6.82031,5.75926,NA,NA,NA,NA,NA,NA,NA,NA,NA,NA,NA,NA,NA,NA,NA,NA,NA,NA,NA,NA,NA,NA,NA,NA,NA,NA,NA,NA,NA,NA,NA,NA,NA,NA,NA,NA,NA,NA,NA,NA,NA,NA,NA,NA,NA,NA,NA,NA,NA,NA,High,High,High,NA,NA,NA,NA,NA,NA,NA,NA,NA,NA,NA,NA,NA,NA,NA,NA,NA,NA,NA,NA,NA,NA,NA,NA,NA,NA,NA,NA,NA,NA,NA,NA,NA,NA,NA,NA,NA,NA,NA,NA,NA,NA,NA,NA,NA,NA,NA,NA,NA,NA,NA,NA,NA,NA,NA,NA,NA,NA
NA,NA,NA,NA,NA,NA,NA,NA,NA,NA,NA,NA,NA,NA,NA,NA,196,2025-06-13,12:28:06,3,2,"Nguyen, Aiden",10100607,Left,USA_CBU,"Rojas, Gio",1000271810,Right,USA_PRI358,Undefined,7,Bottom,0,0,1,Undefined,Curveball,BallCalled,Undefined,Undefined,Undefined,0,0,NA,72.52492,2.740003,-0.494285,2401.656402,303.89568,04:15:00,4.4055,-2.21167,4.88326,-60.20106,-4.63288,9.62689,1.98311,-1.87708,66.18529,-8.140397,1.202412,0.536518,NA,NA,NA,NA,NA,NA,NA,NA,NA,NA,NA,-4.85792,-2.48162,2.2517,50,4.62394,0.52641,-105.06849,2.97088,-5.39651,18.83974,-34.93081,USA_PRI358,USA_CBU,USABBCary0,USA Baseball,USA,20250613-USABBCary0-2,636afc00-4873-11f0-a394-69d32a1ead04,70.25379,NA,NA,6.33964,NA,NA,NA,NA,NA,NA,803347a4-030c-48a3-b0f8-f99b918e67d9,2025-06-13,16:28:06,2025-06-13T16:28:06Z,2025-06-13T16:28:06Z,NA,v3,NA,NA,NA,"Ellis, Kaine",10170887,Right,USA_CBU,e99b1d34-345b-4881-a2ff-bcb7c1b85295,55.61614,-106.07074,9.41987,4.41646,4.82914,-17.46541,2.21606,0.8135,-2.69826,NA,NA,NA,NA,NA,NA,NA,NA,NA,NA,NA,NA,NA,NA,NA,NA,NA,NA,NA,NA,NA,NA,NA,NA,NA,NA,NA,NA,NA,NA,NA,NA,NA,NA,NA,NA,NA,NA,NA,NA,NA,NA,NA,NA,NA,NA,NA,NA,NA,NA,High,High,High,NA,NA,NA,NA,NA,NA,NA,NA,NA,NA,NA,NA,NA,NA,NA,NA,NA,NA,NA,NA,NA,NA,NA,NA,NA,NA,NA,NA,NA,NA,NA,NA,NA,NA,NA,NA,NA,NA,NA,NA,NA,NA,NA,NA,NA,NA,NA,NA,NA,NA,NA,NA,NA,NA,NA,NA,NA,NA
NA,NA,NA,NA,NA,NA,NA,NA,NA,NA,NA,NA,NA,NA,NA,NA,197,2025-06-13,12:28:24,3,3,"Nguyen, Aiden",10100607,Left,USA_CBU,"Rojas, Gio",1000271810,Right,USA_PRI358,Undefined,7,Bottom,0,1,1,Undefined,Sinker,StrikeSwinging,Undefined,Undefined,Undefined,0,0,NA,87.08621,-1.174761,2.694554,2253.916363,131.585318,10:30:00,4.86373,-1.50842,5.57815,-22.85639,14.87032,-15.25095,1.86048,-0.26087,78.756,-5.46737,-0.02444,0.442075,NA,NA,NA,NA,NA,NA,NA,NA,NA,NA,NA,8.49851,8.26579,1.28649,50,4.74792,-5.26762,-126.16189,-3.32928,13.54961,28.25325,-18.99548,USA_PRI358,USA_CBU,USABBCary0,USA Baseball,USA,20250613-USABBCary0-2,6dd267f0-4873-11f0-a394-69d32a1ead04,85.26254,NA,NA,8.33022,NA,NA,NA,NA,NA,NA,803347a4-030c-48a3-b0f8-f99b918e67d9,2025-06-13,16:28:24,2025-06-13T16:28:24Z,2025-06-13T16:28:24Z,NA,v3,NA,NA,NA,"Ellis, Kaine",10170887,Right,USA_CBU,13c1fa28-60da-407e-a567-3e0e6bcbdcee,54.91822,-127.25853,14.12662,4.86284,-2.59198,-9.49774,1.50116,-5.79355,6.7748100000000004,NA,NA,NA,NA,NA,NA,NA,NA,NA,NA,NA,NA,NA,NA,NA,NA,NA,NA,NA,NA,NA,NA,NA,NA,NA,NA,NA,NA,NA,NA,NA,NA,NA,NA,NA,NA,NA,NA,NA,NA,NA,NA,NA,NA,NA,NA,NA,NA,NA,NA,High,High,High,NA,NA,NA,NA,NA,NA,NA,NA,NA,NA,NA,NA,NA,NA,NA,NA,NA,NA,NA,NA,NA,NA,NA,NA,NA,NA,NA,NA,NA,NA,NA,NA,NA,NA,NA,NA,NA,NA,NA,NA,NA,NA,NA,NA,NA,NA,NA,NA,NA,NA,NA,NA,NA,NA,NA,NA,NA,NA
NA,NA,NA,NA,NA,NA,NA,NA,NA,NA,NA,NA,NA,NA,NA,NA,198,2025-06-13,12:28:43,3,4,"Nguyen, Aiden",10100607,Left,USA_CBU,"Rojas, Gio",1000271810,Right,USA_PRI358,Undefined,7,Bottom,0,1,2,Undefined,Four-Seam,StrikeCalled,Strikeout,Undefined,Undefined,0,0,NA,89.20052,-1.552425,2.861489,2364.763231,152.384664,11:00:00,4.97612,-1.71466,5.77756,-17.68863,18.00698,-8.76063,2.05541,0.22006,80.6544,-4.92523,1.295061,0.43001,NA,NA,NA,NA,NA,NA,NA,NA,NA,NA,NA,5.29752,9.99004,1.4834,50,4.83722,-6.06948,-129.2069,-4.02296,8.86535,29.44821,-15.45582,USA_PRI358,USA_CBU,USABBCary0,USA Baseball,USA,20250613-USABBCary0-2,793e2480-4873-11f0-a394-69d32a1ead04,87.65473,NA,NA,8.54612,NA,NA,NA,NA,NA,NA,803347a4-030c-48a3-b0f8-f99b918e67d9,2025-06-13,16:28:43,2025-06-13T16:28:43Z,2025-06-13T16:28:43Z,NA,v3,NA,NA,NA,"Ellis, Kaine",10170887,Right,USA_CBU,2bb7f462-3428-42a6-80c2-cb1fc2b47ac6,54.71751,-130.27765,14.7241,4.97328,-3.46098,-7.72791,1.70995,-6.39183,4.43268,NA,NA,NA,NA,NA,NA,NA,NA,NA,NA,NA,NA,NA,NA,NA,NA,NA,NA,NA,NA,NA,NA,NA,NA,NA,NA,NA,NA,NA,NA,NA,NA,NA,NA,NA,NA,NA,NA,NA,NA,NA,NA,NA,NA,NA,NA,NA,NA,NA,NA,High,High,High,NA,NA,NA,NA,NA,NA,NA,NA,NA,NA,NA,NA,NA,NA,NA,NA,NA,NA,NA,NA,NA,NA,NA,NA,NA,NA,NA,NA,NA,NA,NA,NA,NA,NA,NA,NA,NA,NA,NA,NA,NA,NA,NA,NA,NA,NA,NA,NA,NA,NA,NA,NA,NA,NA,NA,NA,NA,NA
NA,NA,NA,NA,NA,NA,NA,NA,NA,NA,NA,NA,NA,NA,NA,NA,199,2025-06-13,12:29:10,4,1,"Nguyen, Aiden",10100607,Left,USA_CBU,"Stowers, John",10150077,Left,USA_PRI358,Undefined,7,Bottom,1,0,0,Undefined,Curveball,StrikeCalled,Undefined,Undefined,Undefined,0,0,NA,73.32328,3.928473,2.037186,2378.765428,298.694046,04:00:00,4.31938,-2.19105,5.095,-59.39491,-4.69851,12.1589,3.08012,0.74283,66.08555,-6.881025,4.181071,0.532293,NA,NA,NA,NA,NA,NA,NA,NA,NA,NA,NA,-5.30063,-2.94815,1.98874,50,4.64521,-4.25029,-105.93561,5.28227,-5.92066,20.98076,-35.46703,USA_PRI358,USA_CBU,USABBCary0,USA Baseball,USA,20250613-USABBCary0-2,8949a7f0-4873-11f0-a394-69d32a1ead04,70.81144,NA,NA,7.23773,NA,NA,NA,NA,NA,NA,803347a4-030c-48a3-b0f8-f99b918e67d9,2025-06-13,16:29:10,2025-06-13T16:29:10Z,2025-06-13T16:29:10Z,NA,v3,NA,NA,NA,"Ellis, Kaine",10170887,Right,USA_CBU,7b36ede0-24c2-49cc-bca6-0f5f3d7d778f,55.4025,-107.00024,10.49038,4.33151,7.08198,-17.73352,2.19678,-3.94986,-2.96033,NA,NA,NA,NA,NA,NA,NA,NA,NA,NA,NA,NA,NA,NA,NA,NA,NA,NA,NA,NA,NA,NA,NA,NA,NA,NA,NA,NA,NA,NA,NA,NA,NA,NA,NA,NA,NA,NA,NA,NA,NA,NA,NA,NA,NA,NA,NA,NA,NA,NA,High,High,High,NA,NA,NA,NA,NA,NA,NA,NA,NA,NA,NA,NA,NA,NA,NA,NA,NA,NA,NA,NA,NA,NA,NA,NA,NA,NA,NA,NA,NA,NA,NA,NA,NA,NA,NA,NA,NA,NA,NA,NA,NA,NA,NA,NA,NA,NA,NA,NA,NA,NA,NA,NA,NA,NA,NA,NA,NA,NA
NA,NA,NA,NA,NA,NA,NA,NA,NA,NA,NA,NA,NA,NA,NA,NA,200,2025-06-13,12:29:24,4,2,"Nguyen, Aiden",10100607,Left,USA_CBU,"Stowers, John",10150077,Left,USA_PRI358,Undefined,7,Bottom,1,0,1,Undefined,Curveball,StrikeSwinging,Undefined,Undefined,Undefined,0,0,NA,69.27179,2.315356,0.804601,2420.978648,295.653972,03:45:00,4.44585,-2.25407,5.29041,-68.35504,-6.98792,19.58639,0.92508,0.13368,62.25941,-10.153874,4.284661,0.563818,NA,NA,NA,NA,NA,NA,NA,NA,NA,NA,NA,-9.48682,-3.66945,2.16589,50,4.60726,-2.11359,-100.23355,1.95015,-9.34282,21.02307,-35.78781,USA_PRI358,USA_CBU,USABBCary0,USA Baseball,USA,20250613-USABBCary0-2,91cc2740-4873-11f0-a394-69d32a1ead04,66.85209,NA,NA,7.01238,NA,NA,NA,NA,NA,NA,803347a4-030c-48a3-b0f8-f99b918e67d9,2025-06-13,16:29:24,2025-06-13T16:29:24Z,2025-06-13T16:29:24Z,NA,v3,NA,NA,NA,"Ellis, Kaine",10170887,Right,USA_CBU,cd6d66f9-e505-4fd9-8b9b-1e79e6c690bb,55.20862,-101.32012,10.51153,4.45867,3.79984,-17.89391,2.26265,-1.63071,-4.67141,NA,NA,NA,NA,NA,NA,NA,NA,NA,NA,NA,NA,NA,NA,NA,NA,NA,NA,NA,NA,NA,NA,NA,NA,NA,NA,NA,NA,NA,NA,NA,NA,NA,NA,NA,NA,NA,NA,NA,NA,NA,NA,NA,NA,NA,NA,NA,NA,NA,NA,High,High,High,NA,NA,NA,NA,NA,NA,NA,NA,NA,NA,NA,NA,NA,NA,NA,NA,NA,NA,NA,NA,NA,NA,NA,NA,NA,NA,NA,NA,NA,NA,NA,NA,NA,NA,NA,NA,NA,NA,NA,NA,NA,NA,NA,NA,NA,NA,NA,NA,NA,NA,NA,NA,NA,NA,NA,NA,NA,NA
NA,NA,NA,NA,NA,NA,NA,NA,NA,NA,NA,NA,NA,NA,NA,NA,201,2025-06-13,12:29:44,4,3,"Nguyen, Aiden",10100607,Left,USA_CBU,"Stowers, John",10150077,Left,USA_PRI358,Undefined,7,Bottom,1,0,2,Undefined,Four-Seam,StrikeSwinging,Strikeout,Undefined,Undefined,0,0,NA,88.59163,-0.149101,2.815172,2288.790734,143.809305,10:45:00,5.00749,-1.63748,5.78751,-16.42851,20.13659,-13.69981,3.49957,-0.15805,79.04592,-3.337685,0.365144,0.435216,NA,NA,NA,NA,NA,NA,NA,NA,NA,NA,NA,7.83776,10.64532,1.41324,50,4.98546,-5.6878,-128.21404,-0.76631,12.76132,31.91601,-14.84149,USA_PRI358,USA_CBU,USABBCary0,USA Baseball,USA,20250613-USABBCary0-2,9de22d90-4873-11f0-a394-69d32a1ead04,86.60628,NA,NA,9.54571,NA,NA,NA,NA,NA,NA,803347a4-030c-48a3-b0f8-f99b918e67d9,2025-06-13,16:29:44,2025-06-13T16:29:44Z,2025-06-13T16:29:44Z,NA,v3,NA,NA,NA,"Ellis, Kaine",10170887,Right,USA_CBU,e4a0a951-5eb8-4596-9222-85a68bd7cfa8,54.70536,-129.38003,15.95801,5.00355,-0.2241,-7.42074,1.62955,-6.15401,6.38066,NA,NA,NA,NA,NA,NA,NA,NA,NA,NA,NA,NA,NA,NA,NA,NA,NA,NA,NA,NA,NA,NA,NA,NA,NA,NA,NA,NA,NA,NA,NA,NA,NA,NA,NA,NA,NA,NA,NA,NA,NA,NA,NA,NA,NA,NA,NA,NA,NA,NA,High,High,High,NA,NA,NA,NA,NA,NA,NA,NA,NA,NA,NA,NA,NA,NA,NA,NA,NA,NA,NA,NA,NA,NA,NA,NA,NA,NA,NA,NA,NA,NA,NA,NA,NA,NA,NA,NA,NA,NA,NA,NA,NA,NA,NA,NA,NA,NA,NA,NA,NA,NA,NA,NA,NA,NA,NA,NA,NA,NA
NA,NA,NA,NA,NA,NA,NA,NA,NA,NA,NA,NA,NA,NA,NA,NA,202,2025-06-13,12:30:08,5,1,"Nguyen, Aiden",10100607,Left,USA_CBU,"Marchand, Taj",1000239950,Right,USA_PRI358,Undefined,7,Bottom,2,0,0,Undefined,Changeup,FoulBallNotFieldable,Undefined,Undefined,Undefined,0,0,NA,72.84869,2.519269,4.105263,1551.177464,113.433697,09:45:00,4.22645,-2.32698,5.58271,-44.82613,9.53733,-17.42032,2.85121,0.06173,65.51943,-5.797719,1.009416,0.53067,68.30258,82.814032,-114.606426,5166.02693,NA,NA,NA,NA,3.57391,NA,NA,10.17993,4.53512,1.98554,50,4.41463,-6.9298,-105.28308,3.33643,11.2443,20.52946,-27.16474,USA_PRI358,USA_CBU,USABBCary0,USA Baseball,USA,20250613-USABBCary0-2,ac627d20-4873-11f0-a394-69d32a1ead04,71.02797,33.85666,NA,7.32926,NA,NA,NA,2.73547,3.19679,-0.02319,803347a4-030c-48a3-b0f8-f99b918e67d9,2025-06-13,16:30:08,2025-06-13T16:30:08Z,2025-06-13T16:30:08Z,NA,v3,NA,NA,NA,"Ellis, Kaine",10170887,Right,USA_CBU,fc31e65c-dab6-4178-8dbc-e3d0e5d645da,54.91524,-106.2372,10.26473,4.23023,4.59892,-13.58237,2.31975,-7.45238,5.62215,7.200223,2.73961,-5.38292,-6.22428,NA,NA,NA,NA,NA,NA,3.1999,99.26702,-22.85421,NA,NA,NA,NA,NA,NA,-0.02436,-11.34668,2.28995,NA,NA,NA,NA,NA,NA,NA,NA,NA,NA,NA,NA,NA,NA,NA,NA,NA,NA,NA,NA,NA,NA,NA,NA,NA,NA,NA,NA,High,High,High,Medium,Undefined,NA,NA,NA,NA,NA,NA,NA,NA,NA,NA,NA,NA,NA,NA,NA,NA,NA,NA,NA,NA,NA,NA,NA,NA,NA,NA,NA,NA,NA,NA,NA,NA,NA,NA,NA,NA,NA,NA,NA,NA,NA,NA,NA,NA,NA,NA,NA,NA,NA,NA,NA,NA,NA,NA,NA,NA
NA,NA,NA,NA,NA,NA,NA,NA,NA,NA,NA,NA,NA,NA,NA,NA,203,2025-06-13,12:30:49,5,2,"Nguyen, Aiden",10100607,Left,USA_CBU,"Marchand, Taj",1000239950,Right,USA_PRI358,Undefined,7,Bottom,2,0,1,Undefined,Changeup,FoulBallNotFieldable,Undefined,Undefined,Undefined,0,0,NA,73.63369,2.877989,3.825881,1563.063193,85.404769,08:45:00,4.34376,-2.47919,5.64174,-51.60617,0.09791,-16.95013,2.73624,-0.31741,68.02216,-6.556703,0.807288,0.517528,NA,NA,NA,NA,NA,NA,NA,NA,NA,NA,NA,9.61284,-0.28988,2.1653,50,4.55527,-6.54794,-106.77285,3.80775,11.22091,16.46449,-32.51243,USA_PRI358,USA_CBU,USABBCary0,USA Baseball,USA,20250613-USABBCary0-2,c4b04290-4873-11f0-a394-69d32a1ead04,72.83167,NA,NA,5.61154,NA,NA,NA,NA,NA,NA,803347a4-030c-48a3-b0f8-f99b918e67d9,2025-06-13,16:30:49,2025-06-13T16:30:49Z,2025-06-13T16:30:49Z,NA,v3,NA,NA,NA,"Ellis, Kaine",10170887,Right,USA_CBU,a3fab53b-7568-420a-8840-a10a2ec0c5a9,54.86131,-107.51986,8.23224,4.34904,5.28286,-16.25621,2.47393,-7.05704,5.61045,NA,NA,NA,NA,NA,NA,NA,NA,NA,NA,NA,NA,NA,NA,NA,NA,NA,NA,NA,NA,NA,NA,NA,NA,NA,NA,NA,NA,NA,NA,NA,NA,NA,NA,NA,NA,NA,NA,NA,NA,NA,NA,NA,NA,NA,NA,NA,NA,NA,NA,High,High,High,NA,NA,NA,NA,NA,NA,NA,NA,NA,NA,NA,NA,NA,NA,NA,NA,NA,NA,NA,NA,NA,NA,NA,NA,NA,NA,NA,NA,NA,NA,NA,NA,NA,NA,NA,NA,NA,NA,NA,NA,NA,NA,NA,NA,NA,NA,NA,NA,NA,NA,NA,NA,NA,NA,NA,NA,NA,NA
NA,NA,NA,NA,NA,NA,NA,NA,NA,NA,NA,NA,NA,NA,NA,NA,204,2025-06-13,12:31:27,5,3,"Nguyen, Aiden",10100607,Left,USA_CBU,"Marchand, Taj",1000239950,Right,USA_PRI358,Undefined,7,Bottom,2,0,2,Undefined,Sinker,FoulBallNotFieldable,Undefined,Undefined,Undefined,0,0,NA,89.82159,-1.841995,2.504271,2346.459692,127.989629,10:15:00,5.06177,-1.69444,5.56819,-21.12867,13.69709,-16.21721,1.57814,-0.70506,82.77228,-5.767467,-0.387648,0.424739,66.6445,20.212812,141.673745,2834.239944,-90.40663,11.01031,62.6627,142.47982,54.8679,146.346126,1.772533,8.84977,7.71996,1.48939,50,4.88897,-4.99183,-130.39561,-4.92074,15.36656,25.23459,-18.76928,USA_PRI358,USA_CBU,USABBCary0,USA Baseball,USA,20250613-USABBCary0-2,db13c430-4873-11f0-a394-69d32a1ead04,88.74266,15.12386,NA,7.0493,NA,NA,NA,-0.43683,1.3354,0.6041,803347a4-030c-48a3-b0f8-f99b918e67d9,2025-06-13,16:31:27,2025-06-13T16:31:27Z,2025-06-13T16:31:27Z,LineDrive,v3,NA,NA,NA,"Ellis, Kaine",10170887,Right,USA_CBU,c52f051d-41aa-46cd-982e-973addce4215,54.93205,-131.34661,12.61729,5.06109,-4.21339,-9.38464,1.68843,-5.57094,7.68328,304.268395,-0.43682,-71.95871,2.91131,0.0653,-0.10645,0.16264,-0.12288,0.0464,-0.00677,1.3354,33.77146,-22.1004,2.01696,-0.46298,0.17823,-0.09041,0.03049,-0.00424,0.60411,56.882,-9.1173,1.57305,-0.4273,0.24403,-0.16091,0.05698,-0.008,NA,NA,NA,NA,NA,NA,NA,NA,NA,NA,NA,NA,NA,NA,NA,NA,NA,NA,NA,NA,NA,NA,High,High,High,High,Medium,NA,NA,NA,NA,NA,NA,NA,NA,NA,NA,NA,NA,NA,NA,NA,NA,NA,NA,NA,NA,NA,NA,NA,NA,NA,NA,NA,NA,NA,NA,NA,NA,NA,NA,NA,NA,NA,NA,NA,NA,NA,NA,NA,NA,NA,NA,NA,NA,NA,NA,NA,NA,NA,NA,NA,NA
NA,NA,NA,NA,NA,NA,NA,NA,NA,NA,NA,NA,NA,NA,NA,NA,205,2025-06-13,12:31:48,5,4,"Nguyen, Aiden",10100607,Left,USA_CBU,"Marchand, Taj",1000239950,Right,USA_PRI358,Undefined,7,Bottom,2,0,2,Undefined,Sinker,BallCalled,Undefined,Undefined,Undefined,0,0,NA,89.43039,1.003603,1.602703,2319.768429,119.507976,10:00:00,5.01066,-1.71546,5.79202,-23.97604,11.21489,-17.79655,3.9467,-1.70724,81.28273,-3.490434,-1.584189,0.42696,NA,NA,NA,NA,NA,NA,NA,NA,NA,NA,NA,9.48969,5.7674,1.59409,50,5.07902,-2.85407,-129.81718,1.47486,16.12454,28.26518,-22.37424,USA_PRI358,USA_CBU,USABBCary0,USA Baseball,USA,20250613-USABBCary0-2,e7a9cff0-4873-11f0-a394-69d32a1ead04,88.28106,NA,NA,8.14766,NA,NA,NA,NA,NA,NA,803347a4-030c-48a3-b0f8-f99b918e67d9,2025-06-13,16:31:48,2025-06-13T16:31:48Z,2025-06-13T16:31:48Z,NA,v3,NA,NA,NA,"Ellis, Kaine",10170887,Right,USA_CBU,b442f5eb-c0f1-4c3b-b43a-e19ff399c452,54.70614,-130.83784,14.13259,5.01117,2.28279,-11.18712,1.70767,-3.43633,8.06227,NA,NA,NA,NA,NA,NA,NA,NA,NA,NA,NA,NA,NA,NA,NA,NA,NA,NA,NA,NA,NA,NA,NA,NA,NA,NA,NA,NA,NA,NA,NA,NA,NA,NA,NA,NA,NA,NA,NA,NA,NA,NA,NA,NA,NA,NA,NA,NA,NA,NA,High,High,High,NA,NA,NA,NA,NA,NA,NA,NA,NA,NA,NA,NA,NA,NA,NA,NA,NA,NA,NA,NA,NA,NA,NA,NA,NA,NA,NA,NA,NA,NA,NA,NA,NA,NA,NA,NA,NA,NA,NA,NA,NA,NA,NA,NA,NA,NA,NA,NA,NA,NA,NA,NA,NA,NA,NA,NA,NA,NA
NA,NA,NA,NA,NA,NA,NA,NA,NA,NA,NA,NA,NA,NA,NA,NA,206,2025-06-13,12:32:07,5,5,"Nguyen, Aiden",10100607,Left,USA_CBU,"Marchand, Taj",1000239950,Right,USA_PRI358,Undefined,7,Bottom,2,1,2,Undefined,Changeup,FoulBallNotFieldable,Undefined,Undefined,Undefined,0,0,NA,74.58654,0.952728,3.231539,1652.728176,95.660716,09:15:00,4.31392,-2.08617,5.39348,-47.98581,3.58295,-18.67072,1.20949,-0.61031,68.0443,-7.832892,-0.086121,0.51685,74.20487,-53.790037,-67.130873,NA,NA,NA,NA,3.2613,3.2613,-5.931378,0.015944,10.4006,1.97697,1.81137,50,4.36524,-5.40956,-108.09399,0.28095,12.22381,20.0108,-29.85054,USA_PRI358,USA_CBU,USABBCary0,USA Baseball,USA,20250613-USABBCary0-2,f2d74b00-4873-11f0-a394-69d32a1ead04,72.92719,1.40271,NA,6.54224,NA,NA,NA,2.84471,1.40271,0.60926,803347a4-030c-48a3-b0f8-f99b918e67d9,2025-06-13,16:32:07,2025-06-13T16:32:07Z,2025-06-13T16:32:07Z,GroundBall,v3,NA,NA,NA,"Ellis, Kaine",10170887,Right,USA_CBU,3827badf-ef62-4746-b3be-9cbfd562ef4f,55.10693,-109.03531,10.0054,4.319,1.68514,-14.92527,2.07936,-5.98458,6.11191,NA,2.8446,25.03212,NA,NA,NA,NA,NA,NA,NA,1.40313,-87.97518,NA,NA,NA,NA,NA,NA,NA,0.60954,-59.34851,NA,NA,NA,NA,NA,NA,NA,NA,NA,NA,NA,NA,NA,NA,NA,NA,NA,NA,NA,NA,NA,NA,NA,NA,NA,NA,NA,NA,NA,High,High,High,Estimated,Estimated,NA,NA,NA,NA,NA,NA,NA,NA,NA,NA,NA,NA,NA,NA,NA,NA,NA,NA,NA,NA,NA,NA,NA,NA,NA,NA,NA,NA,NA,NA,NA,NA,NA,NA,NA,NA,NA,NA,NA,NA,NA,NA,NA,NA,NA,NA,NA,NA,NA,NA,NA,NA,NA,NA,NA,NA
NA,NA,NA,NA,NA,NA,NA,NA,NA,NA,NA,NA,NA,NA,NA,NA,207,2025-06-13,12:32:30,5,6,"Nguyen, Aiden",10100607,Left,USA_CBU,"Marchand, Taj",1000239950,Right,USA_PRI358,Undefined,7,Bottom,2,1,2,Undefined,Four-Seam,FoulBallNotFieldable,Undefined,Undefined,Undefined,0,0,NA,89.71128,-0.13373,2.504803,2281.008975,136.21856,10:30:00,4.98691,-1.74646,5.62604,-18.48529,16.97741,-15.07654,3.32157,-0.66405,80.95465,-3.648394,-0.184815,0.428605,81.3537,46.946525,86.397401,3927.255655,NA,NA,NA,NA,60.86137,NA,NA,8.39922,8.99611,1.54281,50,4.96398,-5.01595,-130.03236,-0.87876,14.21958,30.11836,-16.94392,USA_PRI358,USA_CBU,USABBCary0,USA Baseball,USA,20250613-USABBCary0-2,009e35a0-4874-11f0-a394-69d32a1ead04,87.94217,69.32494,NA,8.75664,NA,NA,NA,NA,NA,NA,803347a4-030c-48a3-b0f8-f99b918e67d9,2025-06-13,16:32:30,2025-06-13T16:32:30Z,2025-06-13T16:32:30Z,NA,v3,NA,NA,NA,"Ellis, Kaine",10170887,Right,USA_CBU,091b2a7e-6988-457c-8602-6b3dd15eda73,54.87107,-131.15575,15.05918,4.98497,-0.24677,-8.47196,1.73979,-5.54633,7.10979,NA,1.4585,5.11838,-6.75234,2.48154,-0.70573,0.18248,-0.04459,0.00922,-0.00114,6.74041,87.18809,-20.79136,1.10298,0.08538,-0.09931,0.03649,-0.00913,0.0013,0.44544,81.29551,-20.18107,5.68669,-1.3347,0.29474,-0.0636,0.01182,-0.00135,NA,NA,NA,NA,NA,NA,NA,NA,NA,NA,NA,NA,NA,NA,NA,NA,NA,NA,NA,NA,NA,NA,High,High,High,Low,Undefined,NA,NA,NA,NA,NA,NA,NA,NA,NA,NA,NA,NA,NA,NA,NA,NA,NA,NA,NA,NA,NA,NA,NA,NA,NA,NA,NA,NA,NA,NA,NA,NA,NA,NA,NA,NA,NA,NA,NA,NA,NA,NA,NA,NA,NA,NA,NA,NA,NA,NA,NA,NA,NA,NA,NA,NA
NA,NA,NA,NA,NA,NA,NA,NA,NA,NA,NA,NA,NA,NA,NA,NA,208,2025-06-13,12:33:04,5,7,"Nguyen, Aiden",10100607,Left,USA_CBU,"Marchand, Taj",1000239950,Right,USA_PRI358,Undefined,7,Bottom,2,1,2,Undefined,Sinker,BallCalled,Undefined,Undefined,Undefined,0,0,NA,89.09892,-0.880739,1.545457,2311.605501,124.032186,10:15:00,4.89171,-1.95915,5.62005,-22.49001,13.15796,-17.76343,2.19525,-1.99682,81.22579,-5.08431,-1.627052,0.429723,NA,NA,NA,NA,NA,NA,NA,NA,NA,NA,NA,9.40134,7.26552,1.83878,50,4.80226,-2.70196,-129.32096,-2.7441,15.87172,27.74619,-19.90809,USA_PRI358,USA_CBU,USABBCary0,USA Baseball,USA,20250613-USABBCary0-2,15462490-4874-11f0-a394-69d32a1ead04,87.7133,NA,NA,7.87314,NA,NA,NA,NA,NA,NA,803347a4-030c-48a3-b0f8-f99b918e67d9,2025-06-13,16:33:04,2025-06-13T16:33:04Z,2025-06-13T16:33:04Z,NA,v3,NA,NA,NA,"Ellis, Kaine",10170887,Right,USA_CBU,ceadcf85-71b0-46c9-9d87-555033ff916a,54.87814,-130.36338,13.8731,4.89131,-1.99616,-9.95405,1.95149,-3.29826,7.93586,NA,NA,NA,NA,NA,NA,NA,NA,NA,NA,NA,NA,NA,NA,NA,NA,NA,NA,NA,NA,NA,NA,NA,NA,NA,NA,NA,NA,NA,NA,NA,NA,NA,NA,NA,NA,NA,NA,NA,NA,NA,NA,NA,NA,NA,NA,NA,NA,NA,NA,High,High,High,NA,NA,NA,NA,NA,NA,NA,NA,NA,NA,NA,NA,NA,NA,NA,NA,NA,NA,NA,NA,NA,NA,NA,NA,NA,NA,NA,NA,NA,NA,NA,NA,NA,NA,NA,NA,NA,NA,NA,NA,NA,NA,NA,NA,NA,NA,NA,NA,NA,NA,NA,NA,NA,NA,NA,NA,NA,NA
NA,NA,NA,NA,NA,NA,NA,NA,NA,NA,NA,NA,NA,NA,NA,NA,209,2025-06-13,12:33:21,5,8,"Nguyen, Aiden",10100607,Left,USA_CBU,"Marchand, Taj",1000239950,Right,USA_PRI358,Undefined,7,Bottom,2,2,2,Undefined,Changeup,BallCalled,Undefined,Undefined,Undefined,0,0,NA,73.91602,1.749086,1.698286,1512.897393,87.68473,09:00:00,4.19427,-2.19157,5.38475,-51.69546,1.05504,-19.41143,1.52703,-2.21686,67.09165,-7.723967,-1.754724,0.522739,NA,NA,NA,NA,NA,NA,NA,NA,NA,NA,NA,10.19705,0.58287,2.05358,50,4.31478,-2.43138,-107.12639,1.61416,11.70476,20.61907,-31.50498,USA_PRI358,USA_CBU,USABBCary0,USA Baseball,USA,20250613-USABBCary0-2,1f37c440-4874-11f0-a394-69d32a1ead04,72.10571,NA,NA,6.82438,NA,NA,NA,NA,NA,NA,803347a4-030c-48a3-b0f8-f99b918e67d9,2025-06-13,16:33:21,2025-06-13T16:33:21Z,2025-06-13T16:33:21Z,NA,v3,NA,NA,NA,"Ellis, Kaine",10170887,Right,USA_CBU,3053f858-62f8-415b-9193-30a84e403419,55.11351,-108.10613,10.30953,4.20251,3.11115,-15.75249,2.18232,-2.98754,5.85238,NA,NA,NA,NA,NA,NA,NA,NA,NA,NA,NA,NA,NA,NA,NA,NA,NA,NA,NA,NA,NA,NA,NA,NA,NA,NA,NA,NA,NA,NA,NA,NA,NA,NA,NA,NA,NA,NA,NA,NA,NA,NA,NA,NA,NA,NA,NA,NA,NA,NA,High,High,High,NA,NA,NA,NA,NA,NA,NA,NA,NA,NA,NA,NA,NA,NA,NA,NA,NA,NA,NA,NA,NA,NA,NA,NA,NA,NA,NA,NA,NA,NA,NA,NA,NA,NA,NA,NA,NA,NA,NA,NA,NA,NA,NA,NA,NA,NA,NA,NA,NA,NA,NA,NA,NA,NA,NA,NA,NA,NA
NA,NA,NA,NA,NA,NA,NA,NA,NA,NA,NA,NA,NA,NA,NA,NA,210,2025-06-13,12:33:38,5,9,"Nguyen, Aiden",10100607,Left,USA_CBU,"Marchand, Taj",1000239950,Right,USA_PRI358,Undefined,7,Bottom,2,3,2,Undefined,Sinker,InPlay,Undefined,LineDrive,Triple,0,2,NA,88.14266,-0.632637,2.64111,2340.497797,134.946043,10:30:00,5.00941,-1.64951,5.60244,-21.02533,15.50946,-14.32371,2.66606,-0.37583,80.14902,-4.585723,0.086832,0.435035,97.84813,25.73051,15.470825,3862.560253,103.69836,49.83488,36.69664,360.51711,354.27498,27.772754,4.668152,8.05359,8.40189,1.43295,50,4.94184,-5.28176,-127.83962,-2.09334,13.26752,27.46829,-18.33271,USA_PRI358,USA_CBU,USABBCary0,USA Baseball,USA,20250613-USABBCary0-2,28f5f7e0-4874-11f0-a394-69d32a1ead04,86.64223,69.15021,NA,7.99364,NA,NA,NA,1.27747,2.70943,0.38781,803347a4-030c-48a3-b0f8-f99b918e67d9,2025-06-13,16:33:38,2025-06-13T16:33:38Z,2025-06-13T16:33:38Z,FlyBall,v3,NA,NA,NA,"Ellis, Kaine",10170887,Right,USA_CBU,c2a269fe-40ca-4f51-9ab9-c68880284338,54.89648,-128.88741,13.73414,5.00836,-1.39403,-9.16636,1.64408,-5.78786,6.63376,217.314613,1.2782,124.58626,-27.04025,6.63409,-1.44151,0.2838,-0.05063,0.00655,-3.8e-4,2.71079,62.26424,-14.7944,-0.61989,0.73078,-0.3167,0.08227,-0.01118,6e-4,0.38773,34.48508,3.65676,-2.15239,0.70064,-0.16121,0.02591,-0.00253,1.1e-4,NA,NA,NA,NA,NA,NA,NA,NA,NA,NA,NA,NA,NA,NA,NA,NA,NA,NA,NA,NA,NA,NA,High,High,High,High,Medium,NA,NA,NA,NA,NA,NA,NA,NA,NA,NA,NA,NA,NA,NA,NA,NA,NA,NA,NA,NA,NA,NA,NA,NA,NA,NA,NA,NA,NA,NA,NA,NA,NA,NA,NA,NA,NA,NA,NA,NA,NA,NA,NA,NA,NA,NA,NA,NA,NA,NA,NA,NA,NA,NA,NA,NA
NA,NA,NA,NA,NA,NA,NA,NA,NA,NA,NA,NA,NA,NA,NA,NA,211,2025-06-13,12:35:04,6,1,"Nguyen, Aiden",10100607,Left,USA_CBU,"Tillery, Ty",1000148419,Right,USA_PRI358,Undefined,7,Bottom,2,0,0,Undefined,Changeup,BallCalled,Undefined,Undefined,Undefined,0,0,NA,72.33364,0.748856,4.506544,1416.215573,93.884935,09:15:00,4.35243,-1.99364,5.53195,-51.63133,3.08067,-17.98497,0.75204,0.72889,66.04953,-8.705155,1.308866,0.532369,NA,NA,NA,NA,NA,NA,NA,NA,NA,NA,NA,10.39949,1.89429,1.61384,50,4.38339,-7.60037,-104.6855,-0.19645,11.46533,18.74712,-30.08559,USA_PRI358,USA_CBU,USABBCary0,USA Baseball,USA,20250613-USABBCary0-2,5cb11240-4874-11f0-a394-69d32a1ead04,70.80135,NA,NA,6.28411,NA,NA,NA,NA,NA,NA,803347a4-030c-48a3-b0f8-f99b918e67d9,2025-06-13,16:35:04,2025-06-13T16:35:04Z,2025-06-13T16:35:04Z,NA,v3,NA,NA,NA,"Ellis, Kaine",10170887,Right,USA_CBU,af852e5b-ed5e-49f6-93b9-d9da22f6563a,54.96744,-105.57132,9.37356,4.35909,1.22513,-15.0428,1.98576,-8.14212,5.73266,NA,NA,NA,NA,NA,NA,NA,NA,NA,NA,NA,NA,NA,NA,NA,NA,NA,NA,NA,NA,NA,NA,NA,NA,NA,NA,NA,NA,NA,NA,NA,NA,NA,NA,NA,NA,NA,NA,NA,NA,NA,NA,NA,NA,NA,NA,NA,NA,NA,NA,High,High,High,NA,NA,NA,NA,NA,NA,NA,NA,NA,NA,NA,NA,NA,NA,NA,NA,NA,NA,NA,NA,NA,NA,NA,NA,NA,NA,NA,NA,NA,NA,NA,NA,NA,NA,NA,NA,NA,NA,NA,NA,NA,NA,NA,NA,NA,NA,NA,NA,NA,NA,NA,NA,NA,NA,NA,NA,NA,NA
NA,NA,NA,NA,NA,NA,NA,NA,NA,NA,NA,NA,NA,NA,NA,NA,212,2025-06-13,12:35:17,6,2,"Nguyen, Aiden",10100607,Left,USA_CBU,"Tillery, Ty",1000148419,Right,USA_PRI358,Undefined,7,Bottom,2,1,0,Undefined,Changeup,InPlay,Undefined,GroundBall,Out,1,0,NA,86.40136,0.084926,3.144545,2223.865301,126.068425,10:15:00,4.88547,-1.64796,5.75459,-24.73442,13.05469,-16.22099,2.90344,-0.06957,78.6185,-4.54852,0.245602,0.44244,98.127,1.361682,-11.479638,4507.494335,NA,NA,NA,61.116,61.116,-11.769033,0.439037,9.22166,6.98961,1.39718,50,4.87757,-6.21841,-125.32278,-0.60814,14.61066,26.21743,-21.09981,USA_PRI358,USA_CBU,USABBCary0,USA Baseball,USA,20250613-USABBCary0-2,6430a080-4874-11f0-a394-69d32a1ead04,85.19215,3.04018,NA,7.78286,NA,NA,NA,1.60217,2.91971,0.06556,803347a4-030c-48a3-b0f8-f99b918e67d9,2025-06-13,16:35:17,2025-06-13T16:35:17Z,2025-06-13T16:35:17Z,GroundBall,v3,NA,NA,NA,"Ellis, Kaine",10170887,Right,USA_CBU,b182fe53-112a-40e4-b56d-75742fd5b7ec,54.74509,-126.31155,13.10871,4.8855,0.18762,-10.54991,1.64209,-6.76944,7.30533,27.619277,1.61162,140.71257,-18.50775,NA,NA,NA,NA,NA,NA,2.93175,3.05252,-22.22201,NA,NA,NA,NA,NA,NA,0.06727,-28.68721,0.31251,NA,NA,NA,NA,NA,NA,NA,NA,NA,NA,NA,NA,NA,NA,NA,NA,NA,NA,NA,NA,NA,NA,NA,NA,NA,NA,NA,NA,High,High,High,High,High,NA,NA,NA,NA,NA,NA,NA,NA,NA,NA,NA,NA,NA,NA,NA,NA,NA,NA,NA,NA,NA,NA,NA,NA,NA,NA,NA,NA,NA,NA,NA,NA,NA,NA,NA,NA,NA,NA,NA,NA,NA,NA,NA,NA,NA,NA,NA,NA,NA,NA,NA,NA,NA,NA,NA,NA
