player_name,display_name,active,notes,id,pitcher,date,rel_speed,horz_break,induced_vert_break,original_pitch_type,new_pitch_type,new_pitcher,modified_at,pitch_key,created_at,PitchNo,Date,Time,PAofInning,PitchofPA,Pitcher,PitcherId,PitcherThrows,PitcherTeam,Batter,BatterId,BatterSide,BatterTeam,PitcherSet,Inning,Top/Bottom,Outs,Balls,Strikes,TaggedPitchType,AutoPitchType,PitchCall,KorBB,TaggedHitType,PlayResult,OutsOnPlay,RunsScored,Notes,RelSpeed,VertRelAngle,HorzRelAngle,SpinRate,SpinAxis,Tilt,RelHeight,RelSide,Extension,VertBreak,InducedVertBreak,HorzBreak,PlateLocHeight,PlateLocSide,ZoneSpeed,VertApprAngle,HorzApprAngle,ZoneTime,ExitSpeed,Angle,Direction,HitSpinRate,PositionAt110X,PositionAt110Y,PositionAt110Z,Distance,LastTrackedDistance,Bearing,HangTime,pfxx,pfxz,x0,y0,z0,vx0,vy0,vz0,ax0,ay0,az0,HomeTeam,AwayTeam,Stadium,Level,League,GameID,PitchUID,EffectiveVelo,MaxHeight,MeasuredDuration,SpeedDrop,PitchLastMeasuredX,PitchLastMeasuredY,PitchLastMeasuredZ,ContactPositionX,ContactPositionY,ContactPositionZ,GameUID,UTCDate,UTCTime,LocalDateTime,UTCDateTime,AutoHitType,System,HomeTeamForeignID,AwayTeamForeignID,GameForeignID,Catcher,CatcherId,CatcherThrows,CatcherTeam,PlayID,PitchTrajectoryXc0,PitchTrajectoryXc1,PitchTrajectoryXc2,PitchTrajectoryYc0,PitchTrajectoryYc1,PitchTrajectoryYc2,PitchTrajectoryZc0,PitchTrajectoryZc1,PitchTrajectoryZc2,HitSpinAxis,HitTrajectoryXc0,HitTrajectoryXc1,HitTrajectoryXc2,HitTrajectoryXc3,HitTrajectoryXc4,HitTrajectoryXc5,HitTrajectoryXc6,HitTrajectoryXc7,HitTrajectoryXc8,HitTrajectoryYc0,HitTrajectoryYc1,HitTrajectoryYc2,HitTrajectoryYc3,HitTrajectoryYc4,HitTrajectoryYc5,HitTrajectoryYc6,HitTrajectoryYc7,HitTrajectoryYc8,HitTrajectoryZc0,HitTrajectoryZc1,HitTrajectoryZc2,HitTrajectoryZc3,HitTrajectoryZc4,HitTrajectoryZc5,HitTrajectoryZc6,HitTrajectoryZc7,HitTrajectoryZc8,ThrowSpeed,PopTime,ExchangeTime,TimeToBase,CatchPositionX,CatchPositionY,CatchPositionZ,ThrowPositionX,ThrowPositionY,ThrowPositionZ,BasePositionX,BasePositionY,BasePositionZ,ThrowTrajectoryXc0,ThrowTrajectoryXc1,ThrowTrajectoryXc2,ThrowTrajectoryYc0,ThrowTrajectoryYc1,ThrowTrajectoryYc2,ThrowTrajectoryZc0,ThrowTrajectoryZc1,ThrowTrajectoryZc2,PitchReleaseConfidence,PitchLocationConfidence,PitchMovementConfidence,HitLaunchConfidence,HitLandingConfidence,CatcherThrowCatchConfidence,CatcherThrowReleaseConfidence,CatcherThrowLocationConfidence,SpinAxis3dTransverseAngle,SpinAxis3dLongitudinalAngle,SpinAxis3dActiveSpinRate,SpinAxis3dSpinEfficiency,SpinAxis3dTilt,SpinAxis3dVectorX,SpinAxis3dVectorY,SpinAxis3dVectorZ,SpinAxis3dSeamOrientationRotationX,SpinAxis3dSeamOrientationRotationY,SpinAxis3dSeamOrientationRotationZ,SpinAxis3dSeamOrientationBallYAmb1,SpinAxis3dSeamOrientationBallAngleHorizontalAmb1,SpinAxis3dSeamOrientationBallZAmb1,SpinAxis3dSeamOrientationBallAngleVerticalAmb2,SpinAxis3dSeamOrientationBallZAmb2,SpinAxis3dSeamOrientationBallXAmb4,SpinAxis3dSeamOrientationBallYAmb4,SpinAxis3dSeamOrientationBallAngleHorizontalAmb2,SpinAxis3dSeamOrientationBallAngleVerticalAmb1,SpinAxis3dSeamOrientationBallXAmb1,SpinAxis3dSeamOrientationBallYAmb2,SpinAxis3dSeamOrientationBallAngleHorizontalAmb4,SpinAxis3dSeamOrientationBallAngleVerticalAmb4,SpinAxis3dSeamOrientationBallXAmb2,SpinAxis3dSeamOrientationBallAngleVerticalAmb3,SpinAxis3dSeamOrientationBallAngleHorizontalAmb3,SpinAxis3dSeamOrientationBallXAmb3,SpinAxis3dSeamOrientationBallYAmb3,SpinAxis3dSeamOrientationBallZAmb3,SpinAxis3dSeamOrientationBallZAmb4,PitchSession,Flag,CalibrationId,EffVelocity,PracticeType,Device,HitType,SessionId,BatSpeed,VerticalAttackAngle,HorizontalAttackAngle,session_id,play_id,camera_slot,camera_name,camera_target,video_type,azure_blob,azure_md5,cloudinary_url,cloudinary_public_id,uploaded_at
NA,NA,NA,NA,NA,NA,NA,NA,NA,NA,NA,NA,NA,NA,NA,NA,1,2025-06-03,18:05:11,1,1,"Dearing, Tate",1000336151,Right,EDM_RIV,"McKay, Curtis",1000235202,Right,VIC_HAR,Undefined,1,Top,0,0,0,Fastball,Four-Seam,StrikeCalled,Undefined,Undefined,Undefined,0,0,NA,91.01615,-2.984599,-2.416049,2020.008628,214.801104,01:15:00,5.90337,0.97832,6.49511,-19.07261,15.03761,9.45878,1.56933,-0.4526,80.81483,-6.670964,-0.699672,0.420352,NA,NA,NA,NA,NA,NA,NA,NA,NA,NA,NA,-5.75737,9.35292,-0.81226,50,5.68558,5.14553,-131.61804,-7.37087,-9.77243,36.35507,-16.29862,EDM_RIV,VIC_HAR,ReMaxField,WCL,WCL,20250603-ReMaxField-1,f882c610-40df-11f0-a7a5-433c097ba25c,89.66866,NA,NA,10.20133,NA,NA,NA,NA,NA,NA,0bdbd4b3-898e-42a4-aa80-c2a84fb0bbcf,2025-06-04,01:05:11,2025-06-04T01:05:11Z,2025-06-04T01:05:11Z,NA,v3,NA,NA,NA,"Green, Jason",1000435054,Right,EDM_RIV,2e34416f-8c50-4be9-8bd1-55d6101da011,53.99576,-132.71715,18.17754,5.90097,-6.87812,-8.14931,-0.97229,5.44098,-4.88622,NA,NA,NA,NA,NA,NA,NA,NA,NA,NA,NA,NA,NA,NA,NA,NA,NA,NA,NA,NA,NA,NA,NA,NA,NA,NA,NA,NA,NA,NA,NA,NA,NA,NA,NA,NA,NA,NA,NA,NA,NA,NA,NA,NA,NA,NA,NA,NA,NA,NA,High,High,High,NA,NA,NA,NA,NA,NA,NA,NA,NA,NA,NA,NA,NA,NA,NA,NA,NA,NA,NA,NA,NA,NA,NA,NA,NA,NA,NA,NA,NA,NA,NA,NA,NA,NA,NA,NA,NA,NA,NA,NA,NA,NA,NA,NA,NA,NA,NA,NA,NA,NA,NA,NA,NA,NA,NA,NA,NA,NA
NA,NA,NA,NA,NA,NA,NA,NA,NA,NA,NA,NA,NA,NA,NA,NA,2,2025-06-03,18:05:29,1,2,"Dearing, Tate",1000336151,Right,EDM_RIV,"McKay, Curtis",1000235202,Right,VIC_HAR,Undefined,1,Top,0,0,1,Slider,Curveball,InPlay,Undefined,GroundBall,Out,1,0,NA,75.11548,0.880844,-0.675415,2508.618069,46.916561,07:30:00,5.81705,1.10441,5.99956,-63.42311,-12.27449,-15.40103,1.34811,-0.80489,67.10007,-10.812292,-3.454695,0.514741,59.97189,-12.164451,-22.241095,NA,NA,NA,NA,10.08001,8.97591,-12.979498,0.090564,7.65327,-6.09256,-1.04287,50,5.85226,1.83589,-108.84492,-0.26877,8.79693,26.54166,-39.17704,EDM_RIV,VIC_HAR,ReMaxField,WCL,WCL,20250603-ReMaxField-1,03506de0-40e0-11f0-a7a5-433c097ba25c,73.22609,1.68387,NA,8.01541,NA,NA,NA,2.59201,1.68387,0.69276,0bdbd4b3-898e-42a4-aa80-c2a84fb0bbcf,2025-06-04,01:05:29,2025-06-04T01:05:29Z,2025-06-04T01:05:29Z,GroundBall,v3,NA,NA,NA,"Green, Jason",1000435054,Right,EDM_RIV,a53fcc12-d520-4e6e-a4ed-9201bca7fae7,54.49944,-109.93663,13.27083,5.83017,1.34266,-19.58852,-1.11094,1.47406,4.39846,180,2.58834,79.8382,NA,NA,NA,NA,NA,NA,NA,1.68472,-18.59313,NA,NA,NA,NA,NA,NA,NA,0.69426,-32.64819,NA,NA,NA,NA,NA,NA,NA,NA,NA,NA,NA,NA,NA,NA,NA,NA,NA,NA,NA,NA,NA,NA,NA,NA,NA,NA,NA,NA,NA,High,High,High,High,High,NA,NA,NA,NA,NA,NA,NA,NA,NA,NA,NA,NA,NA,NA,NA,NA,NA,NA,NA,NA,NA,NA,NA,NA,NA,NA,NA,NA,NA,NA,NA,NA,NA,NA,NA,NA,NA,NA,NA,NA,NA,NA,NA,NA,NA,NA,NA,NA,NA,NA,NA,NA,NA,NA,NA,NA
NA,NA,NA,NA,NA,NA,NA,NA,NA,NA,NA,NA,NA,NA,NA,NA,3,2025-06-03,18:06:05,2,1,"Dearing, Tate",1000336151,Right,EDM_RIV,"Johnson, Jack",1000112313,Right,VIC_HAR,Undefined,1,Top,1,0,0,Fastball,Four-Seam,BallCalled,Undefined,Undefined,Undefined,0,0,NA,90.48979,-4.395141,-3.09003,2099.062049,209.962928,01:00:00,6.01648,0.93459,6.20862,-18.48792,16.46946,8.65335,0.40539,-1.19904,80.60473,-7.941552,-1.529627,0.425541,NA,NA,NA,NA,NA,NA,NA,NA,NA,NA,NA,-5.60406,10.55237,-0.70665,50,5.67651,6.68253,-130.58258,-10.56013,-9.37882,35.37176,-14.51386,EDM_RIV,VIC_HAR,ReMaxField,WCL,WCL,20250603-ReMaxField-1,18d2b740-40e0-11f0-a7a5-433c097ba25c,88.57543,NA,NA,9.88507,NA,NA,NA,NA,NA,NA,0bdbd4b3-898e-42a4-aa80-c2a84fb0bbcf,2025-06-04,01:06:05,2025-06-04T01:06:05Z,2025-06-04T01:06:05Z,NA,v3,NA,NA,NA,"Green, Jason",1000435054,Right,EDM_RIV,0a0fa703-6b55-4bd0-8ef6-e0ab5ff707c1,54.28563,-131.73834,17.68588,6.01381,-10.0859,-7.25693,-0.93001,6.98898,-4.68941,NA,NA,NA,NA,NA,NA,NA,NA,NA,NA,NA,NA,NA,NA,NA,NA,NA,NA,NA,NA,NA,NA,NA,NA,NA,NA,NA,NA,NA,NA,NA,NA,NA,NA,NA,NA,NA,NA,NA,NA,NA,NA,NA,NA,NA,NA,NA,NA,NA,NA,High,High,High,NA,NA,NA,NA,NA,NA,NA,NA,NA,NA,NA,NA,NA,NA,NA,NA,NA,NA,NA,NA,NA,NA,NA,NA,NA,NA,NA,NA,NA,NA,NA,NA,NA,NA,NA,NA,NA,NA,NA,NA,NA,NA,NA,NA,NA,NA,NA,NA,NA,NA,NA,NA,NA,NA,NA,NA,NA,NA
NA,NA,NA,NA,NA,NA,NA,NA,NA,NA,NA,NA,NA,NA,NA,NA,4,2025-06-03,18:06:24,2,2,"Dearing, Tate",1000336151,Right,EDM_RIV,"Johnson, Jack",1000112313,Right,VIC_HAR,Undefined,1,Top,1,1,0,Fastball,Sinker,InPlay,Undefined,GroundBall,Out,1,0,NA,91.26872,-1.979361,-2.803186,1976.460342,237.227303,02:00:00,5.80224,1.16123,6.24209,-22.904419999999998,10.19402,14.22265,2.06492,-0.2412,83.67531,-6.273927,-0.234979,0.414071,99.63016,-23.176841,26.748882,NA,NA,NA,NA,6.39045,6.39045,22.339205,0.036144,-8.16815,6.15138,-0.95927,50,5.6433,5.90799,-132.50557,-5.31249,-14.53755,28.03162,-21.22592,EDM_RIV,VIC_HAR,ReMaxField,WCL,WCL,20250603-ReMaxField-1,23cee920-40e0-11f0-a7a5-433c097ba25c,91.02885,2.08161,NA,7.5934,NA,NA,NA,1.56898,2.08161,0.24056,0bdbd4b3-898e-42a4-aa80-c2a84fb0bbcf,2025-06-04,01:06:24,2025-06-04T01:06:24Z,2025-06-04T01:06:24Z,GroundBall,v3,NA,NA,NA,"Green, Jason",1000435054,Right,EDM_RIV,8a30f5f1-f7e3-4861-a23e-16f567e25303,54.25799,-133.40331,14.01581,5.80255,-4.63271,-10.61296,-1.15594,6.37357,-7.26877,NA,1.56798,120.12815,NA,NA,NA,NA,NA,NA,NA,2.08209,-57.59265,NA,NA,NA,NA,NA,NA,NA,0.24006,60.54663,NA,NA,NA,NA,NA,NA,NA,NA,NA,NA,NA,NA,NA,NA,NA,NA,NA,NA,NA,NA,NA,NA,NA,NA,NA,NA,NA,NA,NA,High,High,High,Estimated,Estimated,NA,NA,NA,NA,NA,NA,NA,NA,NA,NA,NA,NA,NA,NA,NA,NA,NA,NA,NA,NA,NA,NA,NA,NA,NA,NA,NA,NA,NA,NA,NA,NA,NA,NA,NA,NA,NA,NA,NA,NA,NA,NA,NA,NA,NA,NA,NA,NA,NA,NA,NA,NA,NA,NA,NA,NA
NA,NA,NA,NA,NA,NA,NA,NA,NA,NA,NA,NA,NA,NA,NA,NA,5,2025-06-03,18:07:02,3,1,"Dearing, Tate",1000336151,Right,EDM_RIV,"McAfee, Xander",830171,Right,VIC_HAR,Undefined,1,Top,2,0,0,Undefined,Curveball,BallCalled,Undefined,Undefined,Undefined,0,0,NA,75.31215,0.428476,-1.858111,2441.443397,37.242878,07:15:00,5.82505,1.14865,5.99044,-62.01995,-11.94205,-10.46162,1.05404,-1.44579,68.45604,-10.940367,-3.744404,0.509324,NA,NA,NA,NA,NA,NA,NA,NA,NA,NA,NA,4.72811,-5.75,-0.99646,50,5.82525,3.91712,-109.26754,-1.09106,5.57867,23.57433,-38.95844,EDM_RIV,VIC_HAR,ReMaxField,WCL,WCL,20250603-ReMaxField-1,3a686ee0-40e0-11f0-a7a5-433c097ba25c,74.00478,NA,NA,6.85611,NA,NA,NA,NA,NA,NA,0bdbd4b3-898e-42a4-aa80-c2a84fb0bbcf,2025-06-04,01:07:02,2025-06-04T01:07:02Z,2025-06-04T01:07:02Z,NA,v3,NA,NA,NA,"Green, Jason",1000435054,Right,EDM_RIV,9d46b02c-ab0d-40c7-86e8-84fb1ed92b28,54.51036,-110.23635,11.78717,5.83719,0.50998,-19.47922,-1.15272,3.68786,2.78933,NA,NA,NA,NA,NA,NA,NA,NA,NA,NA,NA,NA,NA,NA,NA,NA,NA,NA,NA,NA,NA,NA,NA,NA,NA,NA,NA,NA,NA,NA,NA,NA,NA,NA,NA,NA,NA,NA,NA,NA,NA,NA,NA,NA,NA,NA,NA,NA,NA,NA,High,High,High,NA,NA,NA,NA,NA,NA,NA,NA,NA,NA,NA,NA,NA,NA,NA,NA,NA,NA,NA,NA,NA,NA,NA,NA,NA,NA,NA,NA,NA,NA,NA,NA,NA,NA,NA,NA,NA,NA,NA,NA,NA,NA,NA,NA,NA,NA,NA,NA,NA,NA,NA,NA,NA,NA,NA,NA,NA,NA
NA,NA,NA,NA,NA,NA,NA,NA,NA,NA,NA,NA,NA,NA,NA,NA,6,2025-06-03,18:07:16,3,2,"Dearing, Tate",1000336151,Right,EDM_RIV,"McAfee, Xander",830171,Right,VIC_HAR,Undefined,1,Top,2,1,0,Undefined,Sinker,BallCalled,Undefined,Undefined,Undefined,0,0,NA,91.0846,-2.837047,-2.279791,1979.793072,235.954455,01:45:00,5.8078,1.12349,6.29088,-23.24143,10.25067,13.47513,1.2524,0.14444,82.89641,-7.204189,0.158003,0.416526,NA,NA,NA,NA,NA,NA,NA,NA,NA,NA,NA,-7.65898,6.53237,-0.96167,50,5.58754,4.6981,-132.07968,-7.27822,-13.41732,30.31043,-20.73037,EDM_RIV,VIC_HAR,ReMaxField,WCL,WCL,20250603-ReMaxField-1,431c1050-40e0-11f0-a7a5-433c097ba25c,90.49232,NA,NA,8.18819,NA,NA,NA,NA,NA,NA,0bdbd4b3-898e-42a4-aa80-c2a84fb0bbcf,2025-06-04,01:07:16,2025-06-04T01:07:16Z,2025-06-04T01:07:16Z,NA,v3,NA,NA,NA,"Green, Jason",1000435054,Right,EDM_RIV,678f5cfe-b344-4a54-938b-6cdb3c7ab031,54.20691,-133.04161,15.15521,5.80808,-6.62033,-10.36519,-1.11752,5.12391,-6.70866,NA,NA,NA,NA,NA,NA,NA,NA,NA,NA,NA,NA,NA,NA,NA,NA,NA,NA,NA,NA,NA,NA,NA,NA,NA,NA,NA,NA,NA,NA,NA,NA,NA,NA,NA,NA,NA,NA,NA,NA,NA,NA,NA,NA,NA,NA,NA,NA,NA,NA,High,High,High,NA,NA,NA,NA,NA,NA,NA,NA,NA,NA,NA,NA,NA,NA,NA,NA,NA,NA,NA,NA,NA,NA,NA,NA,NA,NA,NA,NA,NA,NA,NA,NA,NA,NA,NA,NA,NA,NA,NA,NA,NA,NA,NA,NA,NA,NA,NA,NA,NA,NA,NA,NA,NA,NA,NA,NA,NA,NA
NA,NA,NA,NA,NA,NA,NA,NA,NA,NA,NA,NA,NA,NA,NA,NA,7,2025-06-03,18:07:32,3,3,"Dearing, Tate",1000336151,Right,EDM_RIV,"McAfee, Xander",830171,Right,VIC_HAR,Undefined,1,Top,2,2,0,Undefined,Sinker,InPlay,Undefined,GroundBall,Single,0,0,NA,91.69937,-1.568415,-2.140958,1991.181981,229.939082,01:45:00,5.76727,1.18348,6.29717,-20.75399,12.32788,13.28103,2.59125,0.3166,83.00102,-5.509336,0.260649,0.413968,76.4587,-10.787704,0.68367,NA,NA,NA,NA,15.08736,15.0216,-0.657736,0.126958,-7.58571,7.24016,-1.03228,50,5.64195,4.42668,-133.06899,-4.27343,-13.43605,31.7978,-19.35003,EDM_RIV,VIC_HAR,ReMaxField,WCL,WCL,20250603-ReMaxField-1,4c6ed7f0-40e0-11f0-a7a5-433c097ba25c,91.05165,2.62583,NA,8.69835,NA,NA,NA,1.19713,2.62583,-0.3612,0bdbd4b3-898e-42a4-aa80-c2a84fb0bbcf,2025-06-04,01:07:32,2025-06-04T01:07:32Z,2025-06-04T01:07:32Z,GroundBall,v3,NA,NA,NA,"Green, Jason",1000435054,Right,EDM_RIV,60766712-d95a-4374-8c19-91a4480ce059,54.20114,-134.06913,15.8989,5.76679,-3.66481,-9.67502,-1.17815,4.84929,-6.71803,184.579161,1.19715,110.14685,-5.8861,NA,NA,NA,NA,NA,NA,2.62571,-20.97569,2.32478,NA,NA,NA,NA,NA,NA,-0.36122,1.31607,1.30023,NA,NA,NA,NA,NA,NA,NA,NA,NA,NA,NA,NA,NA,NA,NA,NA,NA,NA,NA,NA,NA,NA,NA,NA,NA,NA,NA,NA,High,High,High,High,High,NA,NA,NA,NA,NA,NA,NA,NA,NA,NA,NA,NA,NA,NA,NA,NA,NA,NA,NA,NA,NA,NA,NA,NA,NA,NA,NA,NA,NA,NA,NA,NA,NA,NA,NA,NA,NA,NA,NA,NA,NA,NA,NA,NA,NA,NA,NA,NA,NA,NA,NA,NA,NA,NA,NA,NA
NA,NA,NA,NA,NA,NA,NA,NA,NA,NA,NA,NA,NA,NA,NA,NA,8,2025-06-03,18:08:12,4,1,"Dearing, Tate",1000336151,Right,EDM_RIV,"Hepburn, Kyle",1000133394,Right,VIC_HAR,Undefined,1,Top,2,0,0,Undefined,Four-Seam,InPlay,Undefined,GroundBall,Out,1,0,NA,90.73579,-1.726562,-1.949216,2063.067191,222.350075,01:30:00,5.87098,1.06882,6.6228,-19.79233,13.15524,11.05717,2.63916,0.20461,83.17387,-5.490729,0.062705,0.413127,62.97856,-78.755382,-40.16865,NA,NA,NA,NA,1.57023,1.11242,-19.753352,0.028774,-6.37363,7.72071,-0.94083,50,5.74549,4.06581,-131.89891,-4.52964,-11.23846,27.81532,-18.56035,EDM_RIV,VIC_HAR,ReMaxField,WCL,WCL,20250603-ReMaxField-1,643963a0-40e0-11f0-a7a5-433c097ba25c,91.23703,2.61931,NA,7.56192,NA,NA,NA,1.07989,2.61931,-0.19478,0bdbd4b3-898e-42a4-aa80-c2a84fb0bbcf,2025-06-04,01:08:12,2025-06-04T01:08:12Z,2025-06-04T01:08:12Z,GroundBall,v3,NA,NA,NA,"Green, Jason",1000435054,Right,EDM_RIV,98f22a41-90f6-45a1-a630-61c1309c8aff,53.87701,-132.71399,13.90766,5.87025,-3.98576,-9.28017,-1.0648,4.39513,-5.61923,NA,1.07959,13.82982,NA,NA,NA,NA,NA,NA,NA,2.62133,-91.03111,NA,NA,NA,NA,NA,NA,NA,-0.19452,-11.67414,NA,NA,NA,NA,NA,NA,NA,NA,NA,NA,NA,NA,NA,NA,NA,NA,NA,NA,NA,NA,NA,NA,NA,NA,NA,NA,NA,NA,NA,High,High,High,Low,Low,NA,NA,NA,NA,NA,NA,NA,NA,NA,NA,NA,NA,NA,NA,NA,NA,NA,NA,NA,NA,NA,NA,NA,NA,NA,NA,NA,NA,NA,NA,NA,NA,NA,NA,NA,NA,NA,NA,NA,NA,NA,NA,NA,NA,NA,NA,NA,NA,NA,NA,NA,NA,NA,NA,NA,NA
NA,NA,NA,NA,NA,NA,NA,NA,NA,NA,NA,NA,NA,NA,NA,NA,9,2025-06-03,18:10:52,1,1,"Burks, Carson",1000098032,Left,VIC_HAR,"Phelps, Robert",1000435056,Right,EDM_RIV,Undefined,1,Bottom,0,0,0,Undefined,Changeup,FoulBallNotFieldable,Undefined,Undefined,Undefined,0,0,NA,74.2699,0.220143,0.552029,1733.158006,160.813989,11:15:00,5.78011,-1.39811,4.89885,-38.59955,14.95532,-4.50107,2.77171,-1.25106,66.86044,-6.893391,-0.241354,0.526709,59.17255,53.585673,64.858274,5191.902272,NA,NA,NA,136.87152,103.53724,73.582762,3.615048,2.40847,7.86701,1.3481,50,5.77027,-0.85648,-107.48071,-0.82144,2.76381,21.93174,-23.14639,EDM_RIV,VIC_HAR,ReMaxField,WCL,WCL,20250603-ReMaxField-1,c3bb9d70-40e0-11f0-a7a5-433c097ba25c,71.56215,58.98424,NA,7.40946,NA,NA,NA,3.03814,2.1453700000000002,1.0573,0bdbd4b3-898e-42a4-aa80-c2a84fb0bbcf,2025-06-04,01:10:52,2025-06-04T01:10:52Z,2025-06-04T01:10:52Z,Popup,v3,NA,NA,NA,"Berezowski, Jai",1000335502,Right,VIC_HAR,e14a06dd-3e2d-4b52-bbfc-d0b62766e4ca,55.5961,-108.61661,10.96587,5.78177,0.37737,-11.5732,1.39617,-0.99962,1.3819,219.673031,3.03748,21.91263,-6.71141,2.11386,-0.94339,0.46338,-0.15831,0.02903,-0.00211,2.14523,69.84539,-24.73671,2.73004,-0.63337,0.14196,-0.02945,0.00403,-2.3e-4,1.05705,46.64601,-3.83034,0.51895,-0.19483,0.11053,-0.04055,0.00672,-4e-4,NA,NA,NA,NA,NA,NA,NA,NA,NA,NA,NA,NA,NA,NA,NA,NA,NA,NA,NA,NA,NA,NA,High,High,High,High,Medium,NA,NA,NA,NA,NA,NA,NA,NA,NA,NA,NA,NA,NA,NA,NA,NA,NA,NA,NA,NA,NA,NA,NA,NA,NA,NA,NA,NA,NA,NA,NA,NA,NA,NA,NA,NA,NA,NA,NA,NA,NA,NA,NA,NA,NA,NA,NA,NA,NA,NA,NA,NA,NA,NA,NA,NA
NA,NA,NA,NA,NA,NA,NA,NA,NA,NA,NA,NA,NA,NA,NA,NA,10,2025-06-03,18:11:16,1,2,"Burks, Carson",1000098032,Left,VIC_HAR,"Phelps, Robert",1000435056,Right,EDM_RIV,Undefined,1,Bottom,0,0,1,Undefined,Four-Seam,InPlay,Undefined,LineDrive,HomeRun,0,1,NA,82.7716,-0.891649,2.481607,2283.10963,147.660963,11:00:00,5.888,-1.12647,5.24063,-27.05072,15.20292,-8.68579,2.7949,0.48352,74.99423,-5.91921,0.942774,0.467846,97.98809,26.915334,-22.025918,2060.933078,100.30718,51.37724,-45.1494,391.55168,356.97557,-28.54882,4.73928,5.11788,8.29989,0.90505,50,5.78639,-4.82825,-119.88557,-2.76369,7.37305,25.36637,-20.21685,EDM_RIV,VIC_HAR,ReMaxField,WCL,WCL,20250603-ReMaxField-1,d237f560-40e0-11f0-a7a5-433c097ba25c,80.56583,73.03114,NA,7.77737,NA,NA,NA,1.5686,2.85634,-0.49505,0bdbd4b3-898e-42a4-aa80-c2a84fb0bbcf,2025-06-04,01:11:16,2025-06-04T01:11:16Z,2025-06-04T01:11:16Z,FlyBall,v3,NA,NA,NA,"Berezowski, Jai",1000335502,Right,VIC_HAR,2bd6487f-43e0-4503-9ce2-d35d25c1f35b,55.25667,-120.9927,12.68319,5.88776,-1.88131,-10.10843,1.12281,-5.15005,3.68653,150.912561,1.57133,118.73317,-22.03517,4.96105,-0.76784,0.05475,7.8e-4,1.4e-4,-5e-5,2.85588,65.06313,-16.14504,0.40781,0.16023,-0.12149,0.04237,-0.00681,4e-4,-0.4951,-48.06083,2.27253,0.11674,-0.11295,0.02638,-0.00328,1.4e-4,0,NA,NA,NA,NA,NA,NA,NA,NA,NA,NA,NA,NA,NA,NA,NA,NA,NA,NA,NA,NA,NA,NA,High,High,High,High,High,NA,NA,NA,NA,NA,NA,NA,NA,NA,NA,NA,NA,NA,NA,NA,NA,NA,NA,NA,NA,NA,NA,NA,NA,NA,NA,NA,NA,NA,NA,NA,NA,NA,NA,NA,NA,NA,NA,NA,NA,NA,NA,NA,NA,NA,NA,NA,NA,NA,NA,NA,NA,NA,NA,NA,NA
NA,NA,NA,NA,NA,NA,NA,NA,NA,NA,NA,NA,NA,NA,NA,NA,11,2025-06-03,18:12:03,2,1,"Burks, Carson",1000098032,Left,VIC_HAR,"Yip, Kyle",1000435045,Right,EDM_RIV,Undefined,1,Bottom,0,0,0,Undefined,Cutter,BallCalled,Undefined,Undefined,Undefined,0,0,NA,82.36411,1.229163,-0.175674,2215.353828,171.97436,11:45:00,5.9633,-1.39848,4.94427,-30.11261,12.753,-1.59953,4.61569,-1.6978,74.85266,-4.318164,-0.457661,0.471222,NA,NA,NA,NA,NA,NA,NA,NA,NA,NA,NA,0.73272,6.36693,1.41691,50,6.05839,0.43747,-119.36701,1.49531,1.05348,23.72017,-23.01963,EDM_RIV,VIC_HAR,ReMaxField,WCL,WCL,20250603-ReMaxField-1,ee3f6770-40e0-11f0-a7a5-433c097ba25c,79.98865,NA,NA,7.51145,NA,NA,NA,NA,NA,NA,0bdbd4b3-898e-42a4-aa80-c2a84fb0bbcf,2025-06-04,01:12:03,2025-06-04T01:12:03Z,2025-06-04T01:12:03Z,NA,v3,NA,NA,NA,"Berezowski, Jai",1000335502,Right,VIC_HAR,11cf7de3-c5e5-45ad-bcba-d98381b8912f,55.55092,-120.46502,11.86009,5.9645,2.56089,-11.50982,1.39779,0.3887,0.52674,NA,NA,NA,NA,NA,NA,NA,NA,NA,NA,NA,NA,NA,NA,NA,NA,NA,NA,NA,NA,NA,NA,NA,NA,NA,NA,NA,NA,NA,NA,NA,NA,NA,NA,NA,NA,NA,NA,NA,NA,NA,NA,NA,NA,NA,NA,NA,NA,NA,NA,High,High,High,NA,NA,NA,NA,NA,NA,NA,NA,NA,NA,NA,NA,NA,NA,NA,NA,NA,NA,NA,NA,NA,NA,NA,NA,NA,NA,NA,NA,NA,NA,NA,NA,NA,NA,NA,NA,NA,NA,NA,NA,NA,NA,NA,NA,NA,NA,NA,NA,NA,NA,NA,NA,NA,NA,NA,NA,NA,NA
NA,NA,NA,NA,NA,NA,NA,NA,NA,NA,NA,NA,NA,NA,NA,NA,12,2025-06-03,18:12:21,2,2,"Burks, Carson",1000098032,Left,VIC_HAR,"Yip, Kyle",1000435045,Right,EDM_RIV,Undefined,1,Bottom,0,1,0,Undefined,Cutter,InPlay,Undefined,FlyBall,Out,1,0,NA,82.29478,-0.431774,1.720028,2243.403808,170.453309,11:45:00,5.9157400000000004,-1.43208,5.12451,-30.95403,11.71575,-1.73209,2.92937,0.04413,75.0077,-6.126155,1.413629,0.470145,101.20835,28.998997,-7.651189,2533.943156,109.36952,58.28456,-11.75938,377.74685,373.54744,-3.632193,5.016309,1.36784,6.36713,1.27187,50,5.85153,-3.5094,-119.30969,-1.97385,1.96215,23.98344,-23.04039,EDM_RIV,VIC_HAR,ReMaxField,WCL,WCL,20250603-ReMaxField-1,f8d22920-40e0-11f0-a7a5-433c097ba25c,80.17197,85.51948,NA,7.28708,NA,NA,NA,1.55705,2.95689,-0.01981,0bdbd4b3-898e-42a4-aa80-c2a84fb0bbcf,2025-06-04,01:12:21,2025-06-04T01:12:21Z,2025-06-04T01:12:21Z,FlyBall,v3,NA,NA,NA,"Berezowski, Jai",1000335502,Right,VIC_HAR,46a4b8b9-b7b9-4edc-a4d6-18f3e203a862,55.37344,-120.385,11.99172,5.91687,-0.94082,-11.52019,1.43119,-3.59738,0.98108,196.18395,1.55821,128.65051,-25.48934,6.23723,-1.34948,0.27634,-0.04835,0.00556,-2.8e-4,2.95854,71.9244,-16.83392,0.18101,0.43708,-0.23197,0.05999,-0.00765,3.8e-4,-0.02062,-17.26794,7.24237,-2.18204,0.51788,-0.10229,0.01564,-0.00157,7e-5,NA,NA,NA,NA,NA,NA,NA,NA,NA,NA,NA,NA,NA,NA,NA,NA,NA,NA,NA,NA,NA,NA,High,High,High,High,High,NA,NA,NA,NA,NA,NA,NA,NA,NA,NA,NA,NA,NA,NA,NA,NA,NA,NA,NA,NA,NA,NA,NA,NA,NA,NA,NA,NA,NA,NA,NA,NA,NA,NA,NA,NA,NA,NA,NA,NA,NA,NA,NA,NA,NA,NA,NA,NA,NA,NA,NA,NA,NA,NA,NA,NA
NA,NA,NA,NA,NA,NA,NA,NA,NA,NA,NA,NA,NA,NA,NA,NA,13,2025-06-03,18:13:10,3,1,"Burks, Carson",1000098032,Left,VIC_HAR,"Stagg, Max",1000435060,Right,EDM_RIV,Undefined,1,Bottom,1,0,0,Undefined,Changeup,StrikeCalled,Undefined,Undefined,Undefined,0,0,NA,75.72971,-0.528814,1.471034,1766.579305,155.222307,11:15:00,5.78156,-1.27169,5.15123,-36.13081,15.4332,-6.14906,2.27264,-0.39896,67.55282,-7.248393,0.382175,0.516826,NA,NA,NA,NA,NA,NA,NA,NA,NA,NA,NA,3.56122,8.46752,1.13902,50,5.70548,-2.55966,-109.4513,-2.1349,4.19701,24.44034,-22.19483,EDM_RIV,VIC_HAR,ReMaxField,WCL,WCL,20250603-ReMaxField-1,1657fdd0-40e1-11f0-a7a5-433c097ba25c,72.93056,NA,NA,8.17689,NA,NA,NA,NA,NA,NA,0bdbd4b3-898e-42a4-aa80-c2a84fb0bbcf,2025-06-04,01:13:10,2025-06-04T01:13:10Z,2025-06-04T01:13:10Z,NA,v3,NA,NA,NA,"Berezowski, Jai",1000335502,Right,VIC_HAR,5605d998-fd3b-45af-9291-83e454d9c949,55.33991,-110.63727,12.22017,5.78294,-1.05789,-11.09742,1.26816,-2.76332,2.0985,NA,NA,NA,NA,NA,NA,NA,NA,NA,NA,NA,NA,NA,NA,NA,NA,NA,NA,NA,NA,NA,NA,NA,NA,NA,NA,NA,NA,NA,NA,NA,NA,NA,NA,NA,NA,NA,NA,NA,NA,NA,NA,NA,NA,NA,NA,NA,NA,NA,NA,High,High,High,NA,NA,NA,NA,NA,NA,NA,NA,NA,NA,NA,NA,NA,NA,NA,NA,NA,NA,NA,NA,NA,NA,NA,NA,NA,NA,NA,NA,NA,NA,NA,NA,NA,NA,NA,NA,NA,NA,NA,NA,NA,NA,NA,NA,NA,NA,NA,NA,NA,NA,NA,NA,NA,NA,NA,NA,NA,NA
NA,NA,NA,NA,NA,NA,NA,NA,NA,NA,NA,NA,NA,NA,NA,NA,14,2025-06-03,18:13:27,3,2,"Burks, Carson",1000098032,Left,VIC_HAR,"Stagg, Max",1000435060,Right,EDM_RIV,Undefined,1,Bottom,1,0,1,Undefined,Changeup,InPlay,Undefined,GroundBall,Out,1,0,NA,75.33928,-0.229879,0.530676,1679.558854,179.688732,12:00:00,5.75018,-1.51448,4.90225,-35.50742,16.63249,-0.07949,2.57381,-1.0192,67.6867,-6.795554,0.516665,0.519705,71.25178,-40.637066,-37.669512,NA,NA,NA,NA,4.29758,2.43005,-10.737794,0.038564,0.21909,8.84272,1.46264,50,5.69907,-1.00634,-108.99657,-1.57143,0.25809,22.87654,-21.75772,EDM_RIV,VIC_HAR,ReMaxField,WCL,WCL,20250603-ReMaxField-1,1ffa4500-40e1-11f0-a7a5-433c097ba25c,72.52667,2.6344,NA,7.65259,NA,NA,NA,1.79261,2.6344,1.07514,0bdbd4b3-898e-42a4-aa80-c2a84fb0bbcf,2025-06-04,01:13:27,2025-06-04T01:13:27Z,2025-06-04T01:13:27Z,GroundBall,v3,NA,NA,NA,"Berezowski, Jai",1000335502,Right,VIC_HAR,40270c93-2540-4b07-8f1b-cfdc12515db5,55.59195,-110.16397,11.43827,5.75093,-0.46112,-10.87886,1.51433,-1.01951,0.12905,NA,1.79115,63.0051,NA,NA,NA,NA,NA,NA,NA,2.63597,-68.31245,NA,NA,NA,NA,NA,NA,NA,1.07626,-48.64234,NA,NA,NA,NA,NA,NA,NA,NA,NA,NA,NA,NA,NA,NA,NA,NA,NA,NA,NA,NA,NA,NA,NA,NA,NA,NA,NA,NA,NA,High,High,High,Low,Low,NA,NA,NA,NA,NA,NA,NA,NA,NA,NA,NA,NA,NA,NA,NA,NA,NA,NA,NA,NA,NA,NA,NA,NA,NA,NA,NA,NA,NA,NA,NA,NA,NA,NA,NA,NA,NA,NA,NA,NA,NA,NA,NA,NA,NA,NA,NA,NA,NA,NA,NA,NA,NA,NA,NA,NA
NA,NA,NA,NA,NA,NA,NA,NA,NA,NA,NA,NA,NA,NA,NA,NA,15,2025-06-03,18:14:08,4,1,"Burks, Carson",1000098032,Left,VIC_HAR,"Green, Jason",1000435054,Left,EDM_RIV,Undefined,1,Bottom,2,0,0,Undefined,Cutter,InPlay,Undefined,LineDrive,Single,0,0,NA,83.13283,-0.881444,1.877385,2299.716504,172.748334,11:45:00,6.06159,-1.05878,5.0055,-29.68143,12.25694,-1.3852,2.75558,0.59859,75.92745,-6.32671,1.632909,0.466098,102.39759,11.305781,-13.076149,1450.104485,105.35434,13.31928,-31.63002,195.12904,194.0227,-19.187741,1.664727,1.22433,6.72922,0.87964,50,5.95332,-3.8897,-120.50202,-2.91015,1.79554,23.982,-22.3052,EDM_RIV,VIC_HAR,ReMaxField,WCL,WCL,20250603-ReMaxField-1,3879efe0-40e1-11f0-a7a5-433c097ba25c,80.8681,13.43742,NA,7.20537,NA,NA,NA,0.20146,2.68265,-0.64439,0bdbd4b3-898e-42a4-aa80-c2a84fb0bbcf,2025-06-04,01:14:08,2025-06-04T01:14:08Z,2025-06-04T01:14:08Z,LineDrive,v3,NA,NA,NA,"Berezowski, Jai",1000335502,Right,VIC_HAR,5451dc7a-a051-4479-a214-8f8ef2fdf021,55.49232,-121.59017,11.991,6.06241,-1.89808,-11.1526,1.05798,-3.97116,0.89777,88.476137,0.20146,143.45052,-26.08307,5.25203,-1.15901,0.22884,-0.03875,0.00404,-1.1e-4,2.68265,29.44249,-21.75189,2.52108,-0.55029,0.12567,-0.02682,0.00488,-4.8e-4,-0.6444,-33.31726,-5.83969,2.73708,-0.83034,0.1883,-0.02248,-0.00178,7.5e-4,NA,NA,NA,NA,NA,NA,NA,NA,NA,NA,NA,NA,NA,NA,NA,NA,NA,NA,NA,NA,NA,NA,High,High,High,High,High,NA,NA,NA,NA,NA,NA,NA,NA,NA,NA,NA,NA,NA,NA,NA,NA,NA,NA,NA,NA,NA,NA,NA,NA,NA,NA,NA,NA,NA,NA,NA,NA,NA,NA,NA,NA,NA,NA,NA,NA,NA,NA,NA,NA,NA,NA,NA,NA,NA,NA,NA,NA,NA,NA,NA,NA
NA,NA,NA,NA,NA,NA,NA,NA,NA,NA,NA,NA,NA,NA,NA,NA,16,2025-06-03,18:14:41,5,1,"Burks, Carson",1000098032,Left,VIC_HAR,"Middlemiss, Mitchell",1000120734,Right,EDM_RIV,Undefined,1,Bottom,2,0,0,Undefined,Changeup,InPlay,Undefined,FlyBall,Out,1,0,NA,74.80419,0.117831,1.663031,1720.78174,188.723797,12:15:00,5.85153,-1.22686,4.83463,-34.43962,18.47509,2.53087,3.09319,0.55928,67.33766,-6.25184,2.108068,0.523552,93.45093,54.408179,-28.221664,4805.94925,94.06279,149.09873,-57.02798,207.59656,96.51963,-33.326048,6.240021,-0.70134,9.61032,1.05984,50,5.83489,-3.24307,-108.21437,-0.86764,-0.81646,22.09889,-20.98618,EDM_RIV,VIC_HAR,ReMaxField,WCL,WCL,20250603-ReMaxField-1,4c2b49d0-40e1-11f0-a7a5-433c097ba25c,71.99373,154.87301,NA,7.46653,NA,NA,NA,2.45916,3.83302,-0.39812,0bdbd4b3-898e-42a4-aa80-c2a84fb0bbcf,2025-06-04,01:14:41,2025-06-04T01:14:41Z,2025-06-04T01:14:41Z,FlyBall,v3,NA,NA,NA,"Berezowski, Jai",1000335502,Right,VIC_HAR,dfada5e7-601e-4456-9995-7b06064f6042,55.6608,-109.36428,11.04945,5.85163,0.22437000000000001,-10.49309,1.22749,-3.20059,-0.40823,174.373484,2.47698,69.97762,-23.61171,6.30879,-0.84253,-0.0361,0.03269,-0.00457,2.1e-4,3.81232,111.75952,-25.69263,2.79636,-0.5636,0.09095,-0.00576,-5.6e-4,7e-5,-0.40838,-37.5504,9.6642,-2.17218,0.13009,0.07667,-0.0235,0.00273,-1.2e-4,NA,NA,NA,NA,NA,NA,NA,NA,NA,NA,NA,NA,NA,NA,NA,NA,NA,NA,NA,NA,NA,NA,High,High,High,High,Low,NA,NA,NA,NA,NA,NA,NA,NA,NA,NA,NA,NA,NA,NA,NA,NA,NA,NA,NA,NA,NA,NA,NA,NA,NA,NA,NA,NA,NA,NA,NA,NA,NA,NA,NA,NA,NA,NA,NA,NA,NA,NA,NA,NA,NA,NA,NA,NA,NA,NA,NA,NA,NA,NA,NA,NA
NA,NA,NA,NA,NA,NA,NA,NA,NA,NA,NA,NA,NA,NA,NA,NA,17,2025-06-03,18:17:30,1,1,"Dearing, Tate",1000336151,Right,EDM_RIV,"Shepherd, Logan",10291002,Right,VIC_HAR,Undefined,2,Top,0,0,0,Undefined,Sinker,BallCalled,Undefined,Undefined,Undefined,0,0,NA,89.9138,-0.771102,-1.18841,1988.307557,230.703868,01:45:00,6.05866,1.17585,6.15943,-21.64808,12.71099,14.14202,3.5421,1.25633,81.79693,-4.864046,1.363249,0.421883,NA,NA,NA,NA,NA,NA,NA,NA,NA,NA,NA,-7.59079,7.13571,-1.09229,50,5.98903,2.10866,-130.58404,-2.42075,-13.03301,28.94962,-19.92235,EDM_RIV,VIC_HAR,ReMaxField,WCL,WCL,20250603-ReMaxField-1,b0c25370-40e1-11f0-a7a5-433c097ba25c,89.34328,NA,NA,8.11687,NA,NA,NA,NA,NA,NA,0bdbd4b3-898e-42a4-aa80-c2a84fb0bbcf,2025-06-04,01:17:30,2025-06-04T01:17:30Z,2025-06-04T01:17:30Z,NA,v3,NA,NA,NA,"Green, Jason",1000435054,Right,EDM_RIV,b159e21a-aedd-4cf1-805d-5b30c8fe02b8,54.33752,-131.54212,14.47481,6.05824,-1.76142,-9.96117,-1.16921,2.53998,-6.5165,NA,NA,NA,NA,NA,NA,NA,NA,NA,NA,NA,NA,NA,NA,NA,NA,NA,NA,NA,NA,NA,NA,NA,NA,NA,NA,NA,NA,NA,NA,NA,NA,NA,NA,NA,NA,NA,NA,NA,NA,NA,NA,NA,NA,NA,NA,NA,NA,NA,NA,High,High,High,NA,NA,NA,NA,NA,NA,NA,NA,NA,NA,NA,NA,NA,NA,NA,NA,NA,NA,NA,NA,NA,NA,NA,NA,NA,NA,NA,NA,NA,NA,NA,NA,NA,NA,NA,NA,NA,NA,NA,NA,NA,NA,NA,NA,NA,NA,NA,NA,NA,NA,NA,NA,NA,NA,NA,NA,NA,NA
NA,NA,NA,NA,NA,NA,NA,NA,NA,NA,NA,NA,NA,NA,NA,NA,18,2025-06-03,18:17:45,1,2,"Dearing, Tate",1000336151,Right,EDM_RIV,"Shepherd, Logan",10291002,Right,VIC_HAR,Undefined,2,Top,0,1,0,Undefined,Four-Seam,StrikeCalled,Undefined,Undefined,Undefined,0,0,NA,89.29207,-2.836139,-2.501217,2070.773879,200.850368,12:45:00,6.03345,0.94381,5.97388,-18.13847,17.56658,6.17115,1.88799,-0.86217,80.21094,-6.306588,-1.393017,0.430067,NA,NA,NA,NA,NA,NA,NA,NA,NA,NA,NA,-3.96918,10.32697,-0.74903,50,5.79866,5.37367,-129.18681,-6.91665,-6.5786,31.74433,-15.05784,EDM_RIV,VIC_HAR,ReMaxField,WCL,WCL,20250603-ReMaxField-1,b9cc7950-40e1-11f0-a7a5-433c097ba25c,87.64313,NA,NA,9.08114,NA,NA,NA,NA,NA,NA,0bdbd4b3-898e-42a4-aa80-c2a84fb0bbcf,2025-06-04,01:17:45,2025-06-04T01:17:45Z,2025-06-04T01:17:45Z,NA,v3,NA,NA,NA,"Green, Jason",1000435054,Right,EDM_RIV,ea9b4939-1d78-4bfe-953a-0a8527456c34,54.51993,-130.29273,15.87217,6.03049,-6.39206,-7.52892,-0.94023,5.60286,-3.2893,NA,NA,NA,NA,NA,NA,NA,NA,NA,NA,NA,NA,NA,NA,NA,NA,NA,NA,NA,NA,NA,NA,NA,NA,NA,NA,NA,NA,NA,NA,NA,NA,NA,NA,NA,NA,NA,NA,NA,NA,NA,NA,NA,NA,NA,NA,NA,NA,NA,NA,High,High,High,NA,NA,NA,NA,NA,NA,NA,NA,NA,NA,NA,NA,NA,NA,NA,NA,NA,NA,NA,NA,NA,NA,NA,NA,NA,NA,NA,NA,NA,NA,NA,NA,NA,NA,NA,NA,NA,NA,NA,NA,NA,NA,NA,NA,NA,NA,NA,NA,NA,NA,NA,NA,NA,NA,NA,NA,NA,NA
NA,NA,NA,NA,NA,NA,NA,NA,NA,NA,NA,NA,NA,NA,NA,NA,19,2025-06-03,18:18:01,1,3,"Dearing, Tate",1000336151,Right,EDM_RIV,"Shepherd, Logan",10291002,Right,VIC_HAR,Undefined,2,Top,0,1,1,Undefined,Four-Seam,InPlay,Undefined,GroundBall,Out,1,0,NA,90.31425,-1.531876,-2.705255,2077.497597,209.205571,01:00:00,6.01126,1.08485,5.95403,-18.77812,15.9665,8.21335,3.02383,-0.74143,81.31405,-5.113911,-1.231347,0.424243,97.16714,-16.605441,-7.422,NA,NA,NA,NA,11.62381,11.39937,-2.821764,0.074926,-5.10209,9.05898,-0.87436,50,5.87904,5.83181,-130.84957,-4.06421,-8.70127,31.8166,-16.72461,EDM_RIV,VIC_HAR,ReMaxField,WCL,WCL,20250603-ReMaxField-1,c35bfbd0-40e1-11f0-a7a5-433c097ba25c,88.84625,3.05805,NA,9.0002,NA,NA,NA,1.44115,3.05805,0.7524,0bdbd4b3-898e-42a4-aa80-c2a84fb0bbcf,2025-06-04,01:18:01,2025-06-04T01:18:01Z,2025-06-04T01:18:01Z,GroundBall,v3,NA,NA,NA,"Green, Jason",1000435054,Right,EDM_RIV,1a38ef4a-cb2b-487a-a577-76ce7e461b65,54.54294,-131.94958,15.9083,6.00956,-3.48599,-8.36231,-1.08118,6.13264,-4.35063,180,1.43764,135.7147,NA,NA,NA,NA,NA,NA,NA,3.05911,-40.8143,NA,NA,NA,NA,NA,NA,NA,0.75286,-17.67925,NA,NA,NA,NA,NA,NA,NA,NA,NA,NA,NA,NA,NA,NA,NA,NA,NA,NA,NA,NA,NA,NA,NA,NA,NA,NA,NA,NA,NA,High,High,High,High,High,NA,NA,NA,NA,NA,NA,NA,NA,NA,NA,NA,NA,NA,NA,NA,NA,NA,NA,NA,NA,NA,NA,NA,NA,NA,NA,NA,NA,NA,NA,NA,NA,NA,NA,NA,NA,NA,NA,NA,NA,NA,NA,NA,NA,NA,NA,NA,NA,NA,NA,NA,NA,NA,NA,NA,NA
NA,NA,NA,NA,NA,NA,NA,NA,NA,NA,NA,NA,NA,NA,NA,NA,20,2025-06-03,18:18:33,2,1,"Dearing, Tate",1000336151,Right,EDM_RIV,"Beltowski, Tanner",10282482,Right,VIC_HAR,Undefined,2,Top,1,0,0,Undefined,Curveball,BallCalled,Undefined,Undefined,Undefined,0,0,NA,76.63101,0.49118,-1.697668,2427.816354,44.186689,07:30:00,5.8298,1.29728,5.79434,-56.642,-8.38056,-9.72772,1.56674,-1.09298,70.08671,-9.861966,-3.443798,0.500002,NA,NA,NA,NA,NA,NA,NA,NA,NA,NA,NA,4.41752,-3.91945,-1.1518,50,5.83662,3.65708,-111.231,-0.86352,5.46119,22.41464,-37.01951,EDM_RIV,VIC_HAR,ReMaxField,WCL,WCL,20250603-ReMaxField-1,d6d15e30-40e1-11f0-a7a5-433c097ba25c,75.38461,NA,NA,6.5443,NA,NA,NA,NA,NA,NA,0bdbd4b3-898e-42a4-aa80-c2a84fb0bbcf,2025-06-04,01:18:33,2025-06-04T01:18:33Z,2025-06-04T01:18:33Z,NA,v3,NA,NA,NA,"Green, Jason",1000435054,Right,EDM_RIV,d9aeef49-d8b0-4edb-a94a-e0a4b015c1b5,54.70629,-112.17538,11.20732,5.84015,0.69618,-18.50975,-1.30103,3.42699,2.7306,NA,NA,NA,NA,NA,NA,NA,NA,NA,NA,NA,NA,NA,NA,NA,NA,NA,NA,NA,NA,NA,NA,NA,NA,NA,NA,NA,NA,NA,NA,NA,NA,NA,NA,NA,NA,NA,NA,NA,NA,NA,NA,NA,NA,NA,NA,NA,NA,NA,NA,High,High,High,NA,NA,NA,NA,NA,NA,NA,NA,NA,NA,NA,NA,NA,NA,NA,NA,NA,NA,NA,NA,NA,NA,NA,NA,NA,NA,NA,NA,NA,NA,NA,NA,NA,NA,NA,NA,NA,NA,NA,NA,NA,NA,NA,NA,NA,NA,NA,NA,NA,NA,NA,NA,NA,NA,NA,NA,NA,NA
NA,NA,NA,NA,NA,NA,NA,NA,NA,NA,NA,NA,NA,NA,NA,NA,21,2025-06-03,18:18:47,2,2,"Dearing, Tate",1000336151,Right,EDM_RIV,"Beltowski, Tanner",10282482,Right,VIC_HAR,Undefined,2,Top,1,1,0,Undefined,Four-Seam,FoulBallNotFieldable,Undefined,Undefined,Undefined,0,0,NA,90.9172,-2.335405,-1.317827,2116.986483,218.441743,01:15:00,5.88218,1.10026,6.33041,-20.30548,13.50615,9.73048,2.03777,0.69742,81.9304,-6.205025,0.444024,0.418509,83.25132,-26.51587,-65.268531,NA,NA,NA,NA,6.22977,6.22977,-47.52182,0.039262,-5.52599,8.17056,-1.00868,50,5.70223,2.63886,-131.86073,-5.97123,-9.54889,32.88764,-18.05538,EDM_RIV,VIC_HAR,ReMaxField,WCL,WCL,20250603-ReMaxField-1,def569d0-40e1-11f0-a7a5-433c097ba25c,90.0637,2.14487,NA,8.9868,NA,NA,NA,2.40848,2.14487,-0.69002,0bdbd4b3-898e-42a4-aa80-c2a84fb0bbcf,2025-06-04,01:18:47,2025-06-04T01:18:47Z,2025-06-04T01:18:47Z,GroundBall,v3,NA,NA,NA,"Green, Jason",1000435054,Right,EDM_RIV,e52baa6d-ef44-4a8c-b885-d6049a6a0cb1,54.1673,-132.89604,16.44382,5.88126,-5.40284,-9.02769,-1.09648,2.93947,-4.77445,NA,2.40786,45.8089,NA,NA,NA,NA,NA,NA,NA,2.14561,-54.62996,NA,NA,NA,NA,NA,NA,NA,-0.68866,-99.45176,NA,NA,NA,NA,NA,NA,NA,NA,NA,NA,NA,NA,NA,NA,NA,NA,NA,NA,NA,NA,NA,NA,NA,NA,NA,NA,NA,NA,NA,High,High,High,Estimated,Estimated,NA,NA,NA,NA,NA,NA,NA,NA,NA,NA,NA,NA,NA,NA,NA,NA,NA,NA,NA,NA,NA,NA,NA,NA,NA,NA,NA,NA,NA,NA,NA,NA,NA,NA,NA,NA,NA,NA,NA,NA,NA,NA,NA,NA,NA,NA,NA,NA,NA,NA,NA,NA,NA,NA,NA,NA
NA,NA,NA,NA,NA,NA,NA,NA,NA,NA,NA,NA,NA,NA,NA,NA,22,2025-06-03,18:19:08,2,3,"Dearing, Tate",1000336151,Right,EDM_RIV,"Beltowski, Tanner",10282482,Right,VIC_HAR,Undefined,2,Top,1,1,1,Undefined,Curveball,BallCalled,Undefined,Undefined,Undefined,0,0,NA,75.95855,-0.325314,-1.508286,2463.423207,34.063904,07:15:00,5.73758,1.15704,5.86818,-60.05858,-10.84953,-8.49827,0.43041,-0.95252,69.42009,-11.287698,-3.038653,0.504887,NA,NA,NA,NA,NA,NA,NA,NA,NA,NA,NA,3.86441,-4.98953,-1.0299,50,5.67646,3.20771,-110.25096,-2.50948,4.66613,23.07441,-38.19872,EDM_RIV,VIC_HAR,ReMaxField,WCL,WCL,20250603-ReMaxField-1,eb8a3d10-40e1-11f0-a7a5-433c097ba25c,74.65527,NA,NA,6.53846,NA,NA,NA,NA,NA,NA,0bdbd4b3-898e-42a4-aa80-c2a84fb0bbcf,2025-06-04,01:19:08,2025-06-04T01:19:08Z,2025-06-04T01:19:08Z,NA,v3,NA,NA,NA,"Green, Jason",1000435054,Right,EDM_RIV,370f18d8-3ef3-4e3b-b74c-01ca1656fe3e,54.63319,-111.21642,11.53721,5.74803,-0.91122,-19.09936,-1.16003,3.01248,2.33306,NA,NA,NA,NA,NA,NA,NA,NA,NA,NA,NA,NA,NA,NA,NA,NA,NA,NA,NA,NA,NA,NA,NA,NA,NA,NA,NA,NA,NA,NA,NA,NA,NA,NA,NA,NA,NA,NA,NA,NA,NA,NA,NA,NA,NA,NA,NA,NA,NA,NA,High,High,High,NA,NA,NA,NA,NA,NA,NA,NA,NA,NA,NA,NA,NA,NA,NA,NA,NA,NA,NA,NA,NA,NA,NA,NA,NA,NA,NA,NA,NA,NA,NA,NA,NA,NA,NA,NA,NA,NA,NA,NA,NA,NA,NA,NA,NA,NA,NA,NA,NA,NA,NA,NA,NA,NA,NA,NA,NA,NA
NA,NA,NA,NA,NA,NA,NA,NA,NA,NA,NA,NA,NA,NA,NA,NA,23,2025-06-03,18:19:25,2,4,"Dearing, Tate",1000336151,Right,EDM_RIV,"Beltowski, Tanner",10282482,Right,VIC_HAR,Undefined,2,Top,1,2,1,Undefined,Four-Seam,BallCalled,Undefined,Undefined,Undefined,0,0,NA,90.34916,0.009863,-0.999678,2026.007381,220.920802,01:15:00,5.95653,1.11579,5.8505,-19.48261,15.42123,12.24012,4.34215,1.2068,80.96186,-3.710218,1.195346,0.425214,NA,NA,NA,NA,NA,NA,NA,NA,NA,NA,NA,-6.49008,8.21626,-1.04124,50,5.94609,1.72787,-130.94835,-0.56846,-11.05342,32.58803,-18.18077,EDM_RIV,VIC_HAR,ReMaxField,WCL,WCL,20250603-ReMaxField-1,f5a20260-40e1-11f0-a7a5-433c097ba25c,88.64338,NA,NA,9.38731,NA,NA,NA,NA,NA,NA,0bdbd4b3-898e-42a4-aa80-c2a84fb0bbcf,2025-06-04,01:19:25,2025-06-04T01:19:25Z,2025-06-04T01:19:25Z,NA,v3,NA,NA,NA,"Green, Jason",1000435054,Right,EDM_RIV,d9cf86ea-0590-4e00-ab7c-6436d97d5c36,54.64283,-132.09872,16.29402,5.95483,0.07332,-9.09038,-1.10912,2.11806,-5.52671,NA,NA,NA,NA,NA,NA,NA,NA,NA,NA,NA,NA,NA,NA,NA,NA,NA,NA,NA,NA,NA,NA,NA,NA,NA,NA,NA,NA,NA,NA,NA,NA,NA,NA,NA,NA,NA,NA,NA,NA,NA,NA,NA,NA,NA,NA,NA,NA,NA,NA,High,High,High,NA,NA,NA,NA,NA,NA,NA,NA,NA,NA,NA,NA,NA,NA,NA,NA,NA,NA,NA,NA,NA,NA,NA,NA,NA,NA,NA,NA,NA,NA,NA,NA,NA,NA,NA,NA,NA,NA,NA,NA,NA,NA,NA,NA,NA,NA,NA,NA,NA,NA,NA,NA,NA,NA,NA,NA,NA,NA
NA,NA,NA,NA,NA,NA,NA,NA,NA,NA,NA,NA,NA,NA,NA,NA,24,2025-06-03,18:19:42,2,5,"Dearing, Tate",1000336151,Right,EDM_RIV,"Beltowski, Tanner",10282482,Right,VIC_HAR,Undefined,2,Top,1,3,1,Undefined,Sinker,InPlay,Undefined,GroundBall,Out,1,0,NA,91.08033,-1.422248,-2.675156,2043.153109,224.84924,01:30:00,5.7227,1.32682,6.21146,-17.83324,15.84749,14.577209999999999,2.92229,0.07087,82.28732,-4.840364,-0.045601,0.417698,85.7721,-28.03888,0.580772,NA,NA,NA,NA,6.53814,6.53473,-0.154845,0.047508,-8.40044,9.00563,-1.13324,50,5.60701,5.56585,-132.10062,-3.79073,-14.65855,31.42261,-16.45946,EDM_RIV,VIC_HAR,ReMaxField,WCL,WCL,20250603-ReMaxField-1,ff954fc0-40e1-11f0-a7a5-433c097ba25c,90.23858,2.81688,NA,8.79301,NA,NA,NA,1.24927,2.81688,-0.07128,0bdbd4b3-898e-42a4-aa80-c2a84fb0bbcf,2025-06-04,01:19:42,2025-06-04T01:19:42Z,2025-06-04T01:19:42Z,GroundBall,v3,NA,NA,NA,"Green, Jason",1000435054,Right,EDM_RIV,d32a4258-a922-4aa6-b90d-5e820b5cf1ee,54.28668,-133.11639,15.7113,5.72095,-3.25866,-8.22973,-1.32082,6.0397,-7.32928,180,1.24699,111.32602,NA,NA,NA,NA,NA,NA,NA,2.81809,-59.29308,NA,NA,NA,NA,NA,NA,NA,-0.07131,1.12848,NA,NA,NA,NA,NA,NA,NA,NA,NA,NA,NA,NA,NA,NA,NA,NA,NA,NA,NA,NA,NA,NA,NA,NA,NA,NA,NA,NA,NA,High,High,High,Medium,High,NA,NA,NA,NA,NA,NA,NA,NA,NA,NA,NA,NA,NA,NA,NA,NA,NA,NA,NA,NA,NA,NA,NA,NA,NA,NA,NA,NA,NA,NA,NA,NA,NA,NA,NA,NA,NA,NA,NA,NA,NA,NA,NA,NA,NA,NA,NA,NA,NA,NA,NA,NA,NA,NA,NA,NA
NA,NA,NA,NA,NA,NA,NA,NA,NA,NA,NA,NA,NA,NA,NA,NA,25,2025-06-03,18:20:15,3,1,"Dearing, Tate",1000336151,Right,EDM_RIV,"Afework, Isaiah",10269851,Right,VIC_HAR,Undefined,2,Top,2,0,0,Undefined,Sinker,InPlay,Undefined,LineDrive,Single,0,0,NA,90.09079,-1.144093,-2.493045,2015.645086,231.709966,01:45:00,5.94152,0.99334,6.09866,-20.00474,14.90757,17.1795,3.21517,0.11775,80.60317,-4.97379,0.600512,0.425266,103.28883,14.987779,7.526964,1291.471573,108.57777,24.75981,17.62936,282.5283,282.5283,12.169651,2.720578,-9.68997,8.4558700000000009,-0.81016,50,5.84303,4.95018,-130.53166,-3.1962,-16.33596,33.33793,-17.91865,EDM_RIV,VIC_HAR,ReMaxField,WCL,WCL,20250603-ReMaxField-1,135c0670-40e2-11f0-a7a5-433c097ba25c,88.63264,27.29145,NA,9.48762,NA,NA,NA,0.57807,3.19596,-0.12461,0bdbd4b3-898e-42a4-aa80-c2a84fb0bbcf,2025-06-04,01:20:15,2025-06-04T01:20:15Z,2025-06-04T01:20:15Z,LineDrive,v3,NA,NA,NA,"Green, Jason",1000435054,Right,EDM_RIV,d1ee4e0e-1150-44df-b4de-900aa28800b0,54.39761,-131.65002,16.66897,5.94017,-2.5951,-8.95932,-0.98541,5.4982,-8.16798,226.717092,0.57808,145.07517000000001,-25.69826,5.74965,-1.30511,0.28004,-0.05202,0.00676,-4.2e-4,3.19596,39.17728,-17.21233,1.23277,-0.19782,0.03218,-0.00406,5.6e-4,-4e-5,-0.12461,19.16921,2.77896,-1.26106,0.39503,-0.10044,0.02003,-0.00266,1.7e-4,NA,NA,NA,NA,NA,NA,NA,NA,NA,NA,NA,NA,NA,NA,NA,NA,NA,NA,NA,NA,NA,NA,High,High,High,High,High,NA,NA,NA,NA,NA,NA,NA,NA,NA,NA,NA,NA,NA,NA,NA,NA,NA,NA,NA,NA,NA,NA,NA,NA,NA,NA,NA,NA,NA,NA,NA,NA,NA,NA,NA,NA,NA,NA,NA,NA,NA,NA,NA,NA,NA,NA,NA,NA,NA,NA,NA,NA,NA,NA,NA,NA
NA,NA,NA,NA,NA,NA,NA,NA,NA,NA,NA,NA,NA,NA,NA,NA,26,2025-06-03,18:20:55,4,1,"Dearing, Tate",1000336151,Right,EDM_RIV,"Berezowski, Jai",1000335502,Right,VIC_HAR,Undefined,2,Top,2,0,0,Undefined,Sinker,BallCalled,Undefined,Undefined,Undefined,0,0,NA,90.3775,0.425363,-1.938515,2062.460779,233.103242,01:45:00,5.9481,0.93078,6.25025,-22.18631,11.55556,13.97788,4.49176,0.30716,82.46204,-3.766814,0.58597,0.418077,NA,NA,NA,NA,NA,NA,NA,NA,NA,NA,NA,-7.72748,6.19784,-0.79292,50,5.96876,3.85762,-131.30554,0.29269,-13.48313,27.95385,-21.35993,EDM_RIV,VIC_HAR,ReMaxField,WCL,WCL,20250603-ReMaxField-1,2b458bd0-40e2-11f0-a7a5-433c097ba25c,90.15675,NA,NA,7.91545,NA,NA,NA,NA,NA,NA,0bdbd4b3-898e-42a4-aa80-c2a84fb0bbcf,2025-06-04,01:20:55,2025-06-04T01:20:55Z,2025-06-04T01:20:55Z,NA,v3,NA,NA,NA,"Green, Jason",1000435054,Right,EDM_RIV,590df9f2-3398-4174-b001-9229e47b7ecc,54.24756,-132.20672,13.97692,5.94822,0.98129,-10.67997,-0.92428,4.29229,-6.74157,NA,NA,NA,NA,NA,NA,NA,NA,NA,NA,NA,NA,NA,NA,NA,NA,NA,NA,NA,NA,NA,NA,NA,NA,NA,NA,NA,NA,NA,NA,NA,NA,NA,NA,NA,NA,NA,NA,NA,NA,NA,NA,NA,NA,NA,NA,NA,NA,NA,NA,High,High,High,NA,NA,NA,NA,NA,NA,NA,NA,NA,NA,NA,NA,NA,NA,NA,NA,NA,NA,NA,NA,NA,NA,NA,NA,NA,NA,NA,NA,NA,NA,NA,NA,NA,NA,NA,NA,NA,NA,NA,NA,NA,NA,NA,NA,NA,NA,NA,NA,NA,NA,NA,NA,NA,NA,NA,NA,NA,NA
NA,NA,NA,NA,NA,NA,NA,NA,NA,NA,NA,NA,NA,NA,NA,NA,27,2025-06-03,18:21:33,4,2,"Dearing, Tate",1000336151,Right,EDM_RIV,"Berezowski, Jai",1000335502,Right,VIC_HAR,Undefined,2,Top,2,1,0,Undefined,Sinker,BallCalled,Undefined,Undefined,Undefined,0,0,NA,90.31184,-0.039037,-0.98293,2057.54757,227.23451,01:30:00,5.89483,1.09953,6.41428,-20.06497,13.94107,13.76627,4.18685,1.34295,81.39284,-3.886362,1.512303,0.41971,NA,NA,NA,NA,NA,NA,NA,NA,NA,NA,NA,-7.40182,7.62351,-1.03457,50,5.88279,1.67089,-131.11265,-0.65067,-12.69455,31.53424,-19.0993,EDM_RIV,VIC_HAR,ReMaxField,WCL,WCL,20250603-ReMaxField-1,41a5d920-40e2-11f0-a7a5-433c097ba25c,89.80592,NA,NA,8.91901,NA,NA,NA,NA,NA,NA,0bdbd4b3-898e-42a4-aa80-c2a84fb0bbcf,2025-06-04,01:21:33,2025-06-04T01:21:33Z,2025-06-04T01:21:33Z,NA,v3,NA,NA,NA,"Green, Jason",1000435054,Right,EDM_RIV,f8bd4bf3-414c-4d93-aeb3-a8eeca5436df,54.0808,-132.09049,15.76712,5.89378,-0.05842,-9.54965,-1.09248,2.06453,-6.34728,NA,NA,NA,NA,NA,NA,NA,NA,NA,NA,NA,NA,NA,NA,NA,NA,NA,NA,NA,NA,NA,NA,NA,NA,NA,NA,NA,NA,NA,NA,NA,NA,NA,NA,NA,NA,NA,NA,NA,NA,NA,NA,NA,NA,NA,NA,NA,NA,NA,NA,High,High,High,NA,NA,NA,NA,NA,NA,NA,NA,NA,NA,NA,NA,NA,NA,NA,NA,NA,NA,NA,NA,NA,NA,NA,NA,NA,NA,NA,NA,NA,NA,NA,NA,NA,NA,NA,NA,NA,NA,NA,NA,NA,NA,NA,NA,NA,NA,NA,NA,NA,NA,NA,NA,NA,NA,NA,NA,NA,NA
NA,NA,NA,NA,NA,NA,NA,NA,NA,NA,NA,NA,NA,NA,NA,NA,28,2025-06-03,18:21:54,4,3,"Dearing, Tate",1000336151,Right,EDM_RIV,"Berezowski, Jai",1000335502,Right,VIC_HAR,Undefined,2,Top,2,2,0,Undefined,Sinker,StrikeCalled,Undefined,Undefined,Undefined,0,0,NA,89.71137,-2.766382,-2.321712,2049.08977,229.821887,01:45:00,6.0094900000000004,0.92101,6.23164,-21.06824,14.03682,15.00493,1.69757,0.02834,80.42767,-6.781157,0.388755,0.426438,NA,NA,NA,NA,NA,NA,NA,NA,NA,NA,NA,-8.47717,8.6065,-0.75428,50,5.79238,4.62283,-129.8645,-6.89208,-14.14782,32.95603,-17.81036,EDM_RIV,VIC_HAR,ReMaxField,WCL,WCL,20250603-ReMaxField-1,4e1215c0-40e2-11f0-a7a5-433c097ba25c,88.38894,NA,NA,9.2837,NA,NA,NA,NA,NA,NA,0bdbd4b3-898e-42a4-aa80-c2a84fb0bbcf,2025-06-04,01:21:54,2025-06-04T01:21:54Z,2025-06-04T01:21:54Z,NA,v3,NA,NA,NA,"Green, Jason",1000435054,Right,EDM_RIV,eaa1c971-2666-4752-806d-e6f3cc31bab4,54.26258,-130.94175,16.47802,6.00815,-6.3099,-8.90518,-0.91295,5.08529,-7.07391,NA,NA,NA,NA,NA,NA,NA,NA,NA,NA,NA,NA,NA,NA,NA,NA,NA,NA,NA,NA,NA,NA,NA,NA,NA,NA,NA,NA,NA,NA,NA,NA,NA,NA,NA,NA,NA,NA,NA,NA,NA,NA,NA,NA,NA,NA,NA,NA,NA,NA,High,High,High,NA,NA,NA,NA,NA,NA,NA,NA,NA,NA,NA,NA,NA,NA,NA,NA,NA,NA,NA,NA,NA,NA,NA,NA,NA,NA,NA,NA,NA,NA,NA,NA,NA,NA,NA,NA,NA,NA,NA,NA,NA,NA,NA,NA,NA,NA,NA,NA,NA,NA,NA,NA,NA,NA,NA,NA,NA,NA
NA,NA,NA,NA,NA,NA,NA,NA,NA,NA,NA,NA,NA,NA,NA,NA,29,2025-06-03,18:22:09,4,4,"Dearing, Tate",1000336151,Right,EDM_RIV,"Berezowski, Jai",1000335502,Right,VIC_HAR,Undefined,2,Top,2,2,1,Undefined,Sinker,FoulBallNotFieldable,Undefined,Undefined,Undefined,0,0,NA,89.03531,-1.181776,-2.029365,2154.360952,231.508463,01:45:00,5.94428,0.78629,5.98079,-22.40548,13.43564,15.18308,2.98088,0.16967,79.83973,-5.433338,0.700046,0.430886,66.02281,61.161695,147.852089,5697.343235,-101.41789,73.67472,42.59532,178.8663,47.93342,157.307819,4.126514,-8.47863,7.6867,-0.63425,50,5.83867,3.92684,-129.02943,-3.35458,-13.98644,32.22646,-19.49395,EDM_RIV,VIC_HAR,ReMaxField,WCL,WCL,20250603-ReMaxField-1,57256360-40e2-11f0-a7a5-433c097ba25c,87.47662,78.60753,NA,9.19558,NA,NA,NA,0.7635,2.93365,-0.18627,0bdbd4b3-898e-42a4-aa80-c2a84fb0bbcf,2025-06-04,01:22:09,2025-06-04T01:22:09Z,2025-06-04T01:22:09Z,Popup,v3,NA,NA,NA,"Green, Jason",1000435054,Right,EDM_RIV,99355e8e-fa36-458c-8fd5-b2c0816aa3b6,54.51571,-130.15239,16.11323,5.94373,-2.6753,-9.74698,-0.77958,4.41421,-6.99322,334.867402,0.76476,-39.58571,-2.52932,0.88884,0.30134,-0.33656,0.11823,-0.0192,0.0012,2.93583,84.76962,-28.4122,3.07004,-0.18578,-0.11241,0.034,-0.00359,1e-4,-0.1851,24.81678,-6.73497,2.0373,0.00153,-0.23058,0.08466,-0.01328,7.9e-4,NA,NA,NA,NA,NA,NA,NA,NA,NA,NA,NA,NA,NA,NA,NA,NA,NA,NA,NA,NA,NA,NA,High,High,High,High,Low,NA,NA,NA,NA,NA,NA,NA,NA,NA,NA,NA,NA,NA,NA,NA,NA,NA,NA,NA,NA,NA,NA,NA,NA,NA,NA,NA,NA,NA,NA,NA,NA,NA,NA,NA,NA,NA,NA,NA,NA,NA,NA,NA,NA,NA,NA,NA,NA,NA,NA,NA,NA,NA,NA,NA,NA
NA,NA,NA,NA,NA,NA,NA,NA,NA,NA,NA,NA,NA,NA,NA,NA,30,2025-06-03,18:22:32,4,5,"Dearing, Tate",1000336151,Right,EDM_RIV,"Berezowski, Jai",1000335502,Right,VIC_HAR,Undefined,2,Top,2,2,2,Undefined,Curveball,BallinDirt,Undefined,Undefined,Undefined,1,0,NA,75.78725,-1.226741,-1.871277,2529.819332,35.356578,07:15:00,5.75518,1.05858,6.26812,-61.36117,-12.15457,-9.93386,-0.48998,-1.49503,68.90083,-12.48541,-3.675517,0.504874,NA,NA,NA,NA,NA,NA,NA,NA,NA,NA,NA,4.52914,-5.48477,-0.91526,50,5.63475,3.92482,-109.95315,-4.14388,5.37546,25.03409,-38.68372,EDM_RIV,VIC_HAR,ReMaxField,WCL,WCL,20250603-ReMaxField-1,64da9ac0-40e2-11f0-a7a5-433c097ba25c,74.65711,NA,NA,6.88642,NA,NA,NA,NA,NA,NA,0bdbd4b3-898e-42a4-aa80-c2a84fb0bbcf,2025-06-04,01:22:32,2025-06-04T01:22:32Z,2025-06-04T01:22:32Z,NA,v3,NA,NA,NA,"Green, Jason",1000435054,Right,EDM_RIV,d1892f6a-0c93-4801-8947-490c36628828,54.23324,-110.91278,12.51705,5.76518,-2.66102,-19.34186,-1.06176,3.71876,2.68773,NA,NA,NA,NA,NA,NA,NA,NA,NA,NA,NA,NA,NA,NA,NA,NA,NA,NA,NA,NA,NA,NA,NA,NA,NA,NA,NA,NA,NA,NA,NA,NA,NA,NA,NA,NA,NA,NA,NA,NA,NA,NA,NA,NA,NA,NA,NA,NA,NA,NA,High,High,High,NA,NA,NA,NA,NA,NA,NA,NA,NA,NA,NA,NA,NA,NA,NA,NA,NA,NA,NA,NA,NA,NA,NA,NA,NA,NA,NA,NA,NA,NA,NA,NA,NA,NA,NA,NA,NA,NA,NA,NA,NA,NA,NA,NA,NA,NA,NA,NA,NA,NA,NA,NA,NA,NA,NA,NA,NA,NA
NA,NA,NA,NA,NA,NA,NA,NA,NA,NA,NA,NA,NA,NA,NA,NA,31,2025-06-03,18:25:22,1,1,"Burks, Carson",1000098032,Left,VIC_HAR,"Fox, Jaxon",1000435053,Right,EDM_RIV,Undefined,2,Bottom,0,0,0,Undefined,Changeup,BallCalled,Undefined,Undefined,Undefined,0,0,NA,74.23123,-1.611181,2.541915,1709.006013,162.133761,11:30:00,5.82777,-1.32262,4.64322,-40.8112,13.24776,-3.62532,0.89385,0.79239,67.35843,-9.022298,1.906079,0.529182,NA,NA,NA,NA,NA,NA,NA,NA,NA,NA,NA,2.59917,7.55386,1.06586,50,5.62632,-4.61716,-107.29661,-4.38966,2.98462,21.16083,-23.49999,EDM_RIV,VIC_HAR,ReMaxField,WCL,WCL,20250603-ReMaxField-1,ca88e0c0-40e2-11f0-a7a5-433c097ba25c,71.2277,NA,NA,6.8728,NA,NA,NA,NA,NA,NA,0bdbd4b3-898e-42a4-aa80-c2a84fb0bbcf,2025-06-04,01:25:22,2025-06-04T01:25:22Z,2025-06-04T01:25:22Z,NA,v3,NA,NA,NA,"Berezowski, Jai",1000335502,Right,VIC_HAR,ac205678-e358-415f-bfaa-195c516fd967,55.85289,-108.44476,10.58041,5.8299,-3.11459,-11.74999,1.32077,-4.77909,1.49231,NA,NA,NA,NA,NA,NA,NA,NA,NA,NA,NA,NA,NA,NA,NA,NA,NA,NA,NA,NA,NA,NA,NA,NA,NA,NA,NA,NA,NA,NA,NA,NA,NA,NA,NA,NA,NA,NA,NA,NA,NA,NA,NA,NA,NA,NA,NA,NA,NA,NA,High,High,High,NA,NA,NA,NA,NA,NA,NA,NA,NA,NA,NA,NA,NA,NA,NA,NA,NA,NA,NA,NA,NA,NA,NA,NA,NA,NA,NA,NA,NA,NA,NA,NA,NA,NA,NA,NA,NA,NA,NA,NA,NA,NA,NA,NA,NA,NA,NA,NA,NA,NA,NA,NA,NA,NA,NA,NA,NA,NA
NA,NA,NA,NA,NA,NA,NA,NA,NA,NA,NA,NA,NA,NA,NA,NA,32,2025-06-03,18:25:38,1,2,"Burks, Carson",1000098032,Left,VIC_HAR,"Fox, Jaxon",1000435053,Right,EDM_RIV,Undefined,2,Bottom,0,1,0,Undefined,Changeup,BallCalled,Undefined,Undefined,Undefined,0,0,NA,82.39911,-1.471151,0.463066,2239.908647,131.825696,10:30:00,5.87575,-1.40414,5.0493,-32.68545,10.64465,-10.05375,1.76404,-1.80518,74.17558,-7.486461,-1.3156080000000001,0.473769,NA,NA,NA,NA,NA,NA,NA,NA,NA,NA,NA,5.10461,6.2591,1.36832,50,5.71031,-0.51785,-119.22831,-4.21565,7.20208,27.16401,-23.34306,EDM_RIV,VIC_HAR,ReMaxField,WCL,WCL,20250603-ReMaxField-1,d3f65c50-40e2-11f0-a7a5-433c097ba25c,79.55873,NA,NA,8.22354,NA,NA,NA,NA,NA,NA,0bdbd4b3-898e-42a4-aa80-c2a84fb0bbcf,2025-06-04,01:25:38,2025-06-04T01:25:38Z,2025-06-04T01:25:38Z,NA,v3,NA,NA,NA,"Berezowski, Jai",1000335502,Right,VIC_HAR,cc7b4801-9618-435a-9205-2aa2ec292e9a,55.44477,-120.46242,13.582,5.87774,-3.15514,-11.67153,1.39928,-0.84506,3.60104,NA,NA,NA,NA,NA,NA,NA,NA,NA,NA,NA,NA,NA,NA,NA,NA,NA,NA,NA,NA,NA,NA,NA,NA,NA,NA,NA,NA,NA,NA,NA,NA,NA,NA,NA,NA,NA,NA,NA,NA,NA,NA,NA,NA,NA,NA,NA,NA,NA,NA,High,High,High,NA,NA,NA,NA,NA,NA,NA,NA,NA,NA,NA,NA,NA,NA,NA,NA,NA,NA,NA,NA,NA,NA,NA,NA,NA,NA,NA,NA,NA,NA,NA,NA,NA,NA,NA,NA,NA,NA,NA,NA,NA,NA,NA,NA,NA,NA,NA,NA,NA,NA,NA,NA,NA,NA,NA,NA,NA,NA
NA,NA,NA,NA,NA,NA,NA,NA,NA,NA,NA,NA,NA,NA,NA,NA,33,2025-06-03,18:25:54,1,3,"Burks, Carson",1000098032,Left,VIC_HAR,"Fox, Jaxon",1000435053,Right,EDM_RIV,Undefined,2,Bottom,0,2,0,Undefined,Slider,InPlay,Undefined,LineDrive,Single,0,0,NA,81.36146,-0.759651,1.686409,2218.419345,179.193081,12:00:00,5.97908,-1.30939,5.16548,-32.3925,10.968,-0.13524,2.5644,0.26699,74.63345,-6.695245,1.662464,0.473935,95.8028,17.17151,-15.364492,860.942143,105.20798,25.68615,-32.11345,263.31428,262.61156,-18.847331,2.62677,0.53335,6.0802,1.15223,50,5.88368,-3.46951,-118.03292,-2.68207,0.75293,22.32409,-23.59073,EDM_RIV,VIC_HAR,ReMaxField,WCL,WCL,20250603-ReMaxField-1,dd82d190-40e2-11f0-a7a5-433c097ba25c,79.53086,27.29996,NA,6.72801,NA,NA,NA,1.8426,2.61594,-0.24747,0bdbd4b3-898e-42a4-aa80-c2a84fb0bbcf,2025-06-04,01:25:54,2025-06-04T01:25:54Z,2025-06-04T01:25:54Z,LineDrive,v3,NA,NA,NA,"Berezowski, Jai",1000335502,Right,VIC_HAR,e8ad72a9-a4d2-4824-9487-d161ce5ec6d4,55.33327,-119.03735,11.16204,5.98048,-1.62065,-11.79536,1.3091,-3.50339,0.37647,124.001763,1.84247,129.457,-21.15314,4.85466,-1.24579,0.35933,-0.0967,0.01632,-0.00118,2.616,41.47958,-18.81494,1.28405,-0.07256,-0.06047,0.03105,-0.0061,4.6e-4,-0.24759,-35.56249,-0.19946,1.35804,-0.68017,0.28642,-0.08783,0.01556,-0.00117,NA,NA,NA,NA,NA,NA,NA,NA,NA,NA,NA,NA,NA,NA,NA,NA,NA,NA,NA,NA,NA,NA,High,High,High,High,High,NA,NA,NA,NA,NA,NA,NA,NA,NA,NA,NA,NA,NA,NA,NA,NA,NA,NA,NA,NA,NA,NA,NA,NA,NA,NA,NA,NA,NA,NA,NA,NA,NA,NA,NA,NA,NA,NA,NA,NA,NA,NA,NA,NA,NA,NA,NA,NA,NA,NA,NA,NA,NA,NA,NA,NA
NA,NA,NA,NA,NA,NA,NA,NA,NA,NA,NA,NA,NA,NA,NA,NA,34,2025-06-03,18:26:30,2,1,"Burks, Carson",1000098032,Left,VIC_HAR,"Kodama, Anthony",1000134814,Left,EDM_RIV,Undefined,2,Bottom,0,0,0,Undefined,Slider,BallCalled,Undefined,Undefined,Undefined,0,0,NA,80.97717,0.669305,1.518901,2147.003248,175.351649,11:45:00,6.11283,-0.97652,4.92759,-33.24777,11.44946,-0.80327,3.97514,0.39272,73.21986,-5.446462,1.377355,0.481184,NA,NA,NA,NA,NA,NA,NA,NA,NA,NA,NA,0.86394,5.90898,0.82927,50,6.1511,-3.0736,-117.24455,0.19909,1.18959,24.40267,-24.03789,EDM_RIV,VIC_HAR,ReMaxField,WCL,WCL,20250603-ReMaxField-1,f2bd3c80-40e2-11f0-a7a5-433c097ba25c,78.33262,NA,NA,7.75731,NA,NA,NA,NA,NA,NA,0bdbd4b3-898e-42a4-aa80-c2a84fb0bbcf,2025-06-04,01:26:30,2025-06-04T01:26:30Z,2025-06-04T01:26:30Z,NA,v3,NA,NA,NA,"Berezowski, Jai",1000335502,Right,VIC_HAR,28e032b3-64b0-4b9f-b646-3c0b832765fe,55.56722,-118.39761,12.20133,6.11486,1.33492,-12.01894,0.97583,-3.12981,0.5948,NA,NA,NA,NA,NA,NA,NA,NA,NA,NA,NA,NA,NA,NA,NA,NA,NA,NA,NA,NA,NA,NA,NA,NA,NA,NA,NA,NA,NA,NA,NA,NA,NA,NA,NA,NA,NA,NA,NA,NA,NA,NA,NA,NA,NA,NA,NA,NA,NA,NA,High,High,High,NA,NA,NA,NA,NA,NA,NA,NA,NA,NA,NA,NA,NA,NA,NA,NA,NA,NA,NA,NA,NA,NA,NA,NA,NA,NA,NA,NA,NA,NA,NA,NA,NA,NA,NA,NA,NA,NA,NA,NA,NA,NA,NA,NA,NA,NA,NA,NA,NA,NA,NA,NA,NA,NA,NA,NA,NA,NA
NA,NA,NA,NA,NA,NA,NA,NA,NA,NA,NA,NA,NA,NA,NA,NA,35,2025-06-03,18:27:05,2,2,"Burks, Carson",1000098032,Left,VIC_HAR,"Kodama, Anthony",1000134814,Left,EDM_RIV,Undefined,2,Bottom,0,1,0,Undefined,Cutter,FoulBallNotFieldable,Undefined,Undefined,Undefined,0,0,NA,82.31708,-1.090264,1.072728,2192.088082,176.629741,12:00:00,6.00918,-1.16844,5.25726,-28.57155,14.06954,-0.74083,2.60354,-0.22216,74.69536,-6.384824,0.941282,0.469987,70.62807,71.518235,-53.342469,NA,NA,NA,NA,93.73292,41.16805,-75.189437,5.301122,0.70488,7.80221,1.07072,50,5.88861,-2.20352,-119.32016,-3.22216,1.00544,25.23169,-21.04507,EDM_RIV,VIC_HAR,ReMaxField,WCL,WCL,20250603-ReMaxField-1,0811e630-40e3-11f0-a7a5-433c097ba25c,80.19897,117.29102,NA,7.62173,NA,NA,NA,2.86827,2.47676,0.59198,0bdbd4b3-898e-42a4-aa80-c2a84fb0bbcf,2025-06-04,01:27:05,2025-06-04T01:27:05Z,2025-06-04T01:27:05Z,Popup,v3,NA,NA,NA,"Berezowski, Jai",1000335502,Right,VIC_HAR,55b52438-38d8-4599-9506-2d04cb3e37c7,55.24069,-120.42327,12.61584,6.00937,-2.30209,-10.52254,1.16802,-2.24747,0.50272,167.61946,2.8554,19.83181,-11.86008,4.84866,-1.50814,0.3398,-0.0457,0.00284,-4e-5,2.46136,98.55009,-26.86091,4.66721,-1.96238,0.692,-0.15108,0.01729,-7.9e-4,0.59073,-26.31121,4.63515,-0.94192,-0.04343,0.09822,-0.03005,0.00409,-2.1e-4,NA,NA,NA,NA,NA,NA,NA,NA,NA,NA,NA,NA,NA,NA,NA,NA,NA,NA,NA,NA,NA,NA,High,High,High,High,Low,NA,NA,NA,NA,NA,NA,NA,NA,NA,NA,NA,NA,NA,NA,NA,NA,NA,NA,NA,NA,NA,NA,NA,NA,NA,NA,NA,NA,NA,NA,NA,NA,NA,NA,NA,NA,NA,NA,NA,NA,NA,NA,NA,NA,NA,NA,NA,NA,NA,NA,NA,NA,NA,NA,NA,NA
NA,NA,NA,NA,NA,NA,NA,NA,NA,NA,NA,NA,NA,NA,NA,NA,36,2025-06-03,18:27:39,2,3,"Burks, Carson",1000098032,Left,VIC_HAR,"Kodama, Anthony",1000134814,Left,EDM_RIV,Undefined,2,Bottom,0,1,1,Undefined,Slider,FoulBallNotFieldable,Undefined,Undefined,Undefined,0,0,NA,81.63234,-1.264361,0.910322,2222.706046,142.802295,10:45:00,5.95468,-1.32732,5.22359,-34.77514,8.67497,-5.42851,1.86771,-0.92379,74.18425,-7.646045,-0.053235,0.474424,NA,NA,NA,NA,NA,NA,NA,NA,NA,NA,NA,3.0148,5.14748,1.24769,50,5.81229,-1.65533,-118.31886,-3.81204,4.22454,24.99943,-24.96102,EDM_RIV,VIC_HAR,ReMaxField,WCL,WCL,20250603-ReMaxField-1,1bf04390-40e3-11f0-a7a5-433c097ba25c,79.44881,NA,NA,7.44809,NA,NA,NA,NA,NA,NA,0bdbd4b3-898e-42a4-aa80-c2a84fb0bbcf,2025-06-04,01:27:39,2025-06-04T01:27:39Z,2025-06-04T01:27:39Z,NA,v3,NA,NA,NA,"Berezowski, Jai",1000335502,Right,VIC_HAR,916e5255-6381-4a60-9f06-e3fa4d75cb28,55.27455,-119.42811,12.49971,5.95686,-2.70449,-12.48051,1.3253,-1.84278,2.11227,NA,NA,NA,NA,NA,NA,NA,NA,NA,NA,NA,NA,NA,NA,NA,NA,NA,NA,NA,NA,NA,NA,NA,NA,NA,NA,NA,NA,NA,NA,NA,NA,NA,NA,NA,NA,NA,NA,NA,NA,NA,NA,NA,NA,NA,NA,NA,NA,NA,NA,High,High,High,NA,NA,NA,NA,NA,NA,NA,NA,NA,NA,NA,NA,NA,NA,NA,NA,NA,NA,NA,NA,NA,NA,NA,NA,NA,NA,NA,NA,NA,NA,NA,NA,NA,NA,NA,NA,NA,NA,NA,NA,NA,NA,NA,NA,NA,NA,NA,NA,NA,NA,NA,NA,NA,NA,NA,NA,NA,NA
NA,NA,NA,NA,NA,NA,NA,NA,NA,NA,NA,NA,NA,NA,NA,NA,37,2025-06-03,18:28:17,2,4,"Burks, Carson",1000098032,Left,VIC_HAR,"Kodama, Anthony",1000134814,Left,EDM_RIV,Undefined,2,Bottom,0,1,2,Undefined,Curveball,HitByPitch,Undefined,Undefined,Undefined,0,0,NA,71.2608,3.7216,-0.604657,2408.366714,330.296763,05:00:00,5.7125,-1.35428,4.20095,-71.24106,-11.38398,7.75319,3.34626,-1.28746,64.27431,-8.997675,0.744729,0.556838,NA,NA,NA,NA,NA,NA,NA,NA,NA,NA,NA,-3.9587,-6.23929,1.41195,50,6.04715,0.77259,-102.92479,4.12217,-4.16559,20.11949,-38.73941,EDM_RIV,VIC_HAR,ReMaxField,WCL,WCL,20250603-ReMaxField-1,32c042a0-40e3-11f0-a7a5-433c097ba25c,67.69011,NA,NA,6.98649,NA,NA,NA,NA,NA,NA,0bdbd4b3-898e-42a4-aa80-c2a84fb0bbcf,2025-06-04,01:28:17,2025-06-04T01:28:17Z,2025-06-04T01:28:17Z,NA,v3,NA,NA,NA,"Berezowski, Jai",1000335502,Right,VIC_HAR,bdc57319-df77-41a7-aa9e-61a986945ffc,56.30043,-104.1491,10.05974,5.72458,6.47953,-19.3697,1.35722,1.02607,-2.0828,NA,NA,NA,NA,NA,NA,NA,NA,NA,NA,NA,NA,NA,NA,NA,NA,NA,NA,NA,NA,NA,NA,NA,NA,NA,NA,NA,NA,NA,NA,NA,NA,NA,NA,NA,NA,NA,NA,NA,NA,NA,NA,NA,NA,NA,NA,NA,NA,NA,NA,High,High,High,NA,NA,NA,NA,NA,NA,NA,NA,NA,NA,NA,NA,NA,NA,NA,NA,NA,NA,NA,NA,NA,NA,NA,NA,NA,NA,NA,NA,NA,NA,NA,NA,NA,NA,NA,NA,NA,NA,NA,NA,NA,NA,NA,NA,NA,NA,NA,NA,NA,NA,NA,NA,NA,NA,NA,NA,NA,NA
NA,NA,NA,NA,NA,NA,NA,NA,NA,NA,NA,NA,NA,NA,NA,NA,38,2025-06-03,18:29:40,3,1,"Burks, Carson",1000098032,Left,VIC_HAR,"Waters, Stephen",1000435058,Right,EDM_RIV,Undefined,2,Bottom,0,0,0,Undefined,Slider,BallCalled,Undefined,Undefined,Undefined,0,0,NA,80.93052,0.761979,0.415619,2281.465858,163.575571,11:30:00,6.13104,-1.39308,4.98522,-34.4351,10.2476,-2.55327,3.98106,-1.21337,73.09937,-5.574168,-0.035059,0.481106,NA,NA,NA,NA,NA,NA,NA,NA,NA,NA,NA,1.38618,5.29953,1.3552,50,6.17707,-0.73892,-117.21145,0.34706,1.90461,24.7059,-24.89249,EDM_RIV,VIC_HAR,ReMaxField,WCL,WCL,20250603-ReMaxField-1,641188f0-40e3-11f0-a7a5-433c097ba25c,78.34535,NA,NA,7.83116,NA,NA,NA,NA,NA,NA,0bdbd4b3-898e-42a4-aa80-c2a84fb0bbcf,2025-06-04,01:29:40,2025-06-04T01:29:40Z,2025-06-04T01:29:40Z,NA,v3,NA,NA,NA,"Berezowski, Jai",1000335502,Right,VIC_HAR,dcbc5dfd-29a6-428a-b4bf-79f83e03ca99,55.50974,-118.3671,12.35295,6.13361,1.51143,-12.44625,1.39184,-0.82801,0.9523,NA,NA,NA,NA,NA,NA,NA,NA,NA,NA,NA,NA,NA,NA,NA,NA,NA,NA,NA,NA,NA,NA,NA,NA,NA,NA,NA,NA,NA,NA,NA,NA,NA,NA,NA,NA,NA,NA,NA,NA,NA,NA,NA,NA,NA,NA,NA,NA,NA,NA,High,High,High,NA,NA,NA,NA,NA,NA,NA,NA,NA,NA,NA,NA,NA,NA,NA,NA,NA,NA,NA,NA,NA,NA,NA,NA,NA,NA,NA,NA,NA,NA,NA,NA,NA,NA,NA,NA,NA,NA,NA,NA,NA,NA,NA,NA,NA,NA,NA,NA,NA,NA,NA,NA,NA,NA,NA,NA,NA,NA
NA,NA,NA,NA,NA,NA,NA,NA,NA,NA,NA,NA,NA,NA,NA,NA,39,2025-06-03,18:30:00,3,2,"Burks, Carson",1000098032,Left,VIC_HAR,"Waters, Stephen",1000435058,Right,EDM_RIV,Undefined,2,Bottom,0,1,0,Undefined,Slider,FoulBallFieldable,Undefined,Undefined,Undefined,0,0,NA,79.41696,-0.83196,2.546276,2101.421884,150.680266,11:00:00,5.90346,-1.1731,5.15742,-37.98041,7.81737,-3.53933,1.95447,0.93035,72.62976,-7.764917,1.919808,0.487072,NA,NA,NA,NA,NA,NA,NA,NA,NA,NA,NA,2.52406,4.55252,0.93811,50,5.79668,-4.97614,-115.09825,-2.9711,3.36939,22.33806,-26.09686,EDM_RIV,VIC_HAR,ReMaxField,WCL,WCL,20250603-ReMaxField-1,70485db0-40e3-11f0-a7a5-433c097ba25c,77.38569,NA,NA,6.7872,NA,NA,NA,NA,NA,NA,0bdbd4b3-898e-42a4-aa80-c2a84fb0bbcf,2025-06-04,01:30:00,2025-06-04T01:30:00Z,2025-06-04T01:30:00Z,NA,v3,NA,NA,NA,"Berezowski, Jai",1000335502,Right,VIC_HAR,b71ed9fa-3b54-434f-8329-84d7974f910a,55.34173,-116.13034,11.16903,5.9061,-1.76534,-13.04843,1.17161,-5.13182,1.68469,NA,NA,NA,NA,NA,NA,NA,NA,NA,NA,NA,NA,NA,NA,NA,NA,NA,NA,NA,NA,NA,NA,NA,NA,NA,NA,NA,NA,NA,NA,NA,NA,NA,NA,NA,NA,NA,NA,NA,NA,NA,NA,NA,NA,NA,NA,NA,NA,NA,NA,High,High,High,NA,NA,NA,NA,NA,NA,NA,NA,NA,NA,NA,NA,NA,NA,NA,NA,NA,NA,NA,NA,NA,NA,NA,NA,NA,NA,NA,NA,NA,NA,NA,NA,NA,NA,NA,NA,NA,NA,NA,NA,NA,NA,NA,NA,NA,NA,NA,NA,NA,NA,NA,NA,NA,NA,NA,NA,NA,NA
NA,NA,NA,NA,NA,NA,NA,NA,NA,NA,NA,NA,NA,NA,NA,NA,40,2025-06-03,18:30:32,3,3,"Burks, Carson",1000098032,Left,VIC_HAR,"Waters, Stephen",1000435058,Right,EDM_RIV,Undefined,2,Bottom,0,1,1,Undefined,Slider,StrikeCalled,Undefined,Undefined,Undefined,0,0,NA,80.86733,-0.374429,1.017524,2189.884634,177.01976,12:00:00,5.93309,-1.43848,5.34795,-33.66183,10.143980000000001,-0.45252,2.77668,-0.52167,73.76401,-6.576326,0.937082,0.476362,NA,NA,NA,NA,NA,NA,NA,NA,NA,NA,NA,0.52331,5.63926,1.34719,50,5.87563,-2.06459,-117.29622,-1.89613,0.72554,23.18595,-24.35545,EDM_RIV,VIC_HAR,ReMaxField,WCL,WCL,20250603-ReMaxField-1,82b8ac20-40e3-11f0-a7a5-433c097ba25c,79.1256,NA,NA,7.10332,NA,NA,NA,NA,NA,NA,0bdbd4b3-898e-42a4-aa80-c2a84fb0bbcf,2025-06-04,01:30:32,2025-06-04T01:30:32Z,2025-06-04T01:30:32Z,NA,v3,NA,NA,NA,"Berezowski, Jai",1000335502,Right,VIC_HAR,86d6b16f-6928-40ae-bd2c-49d557c782e7,55.14873,-118.3096,11.59298,5.93524,-0.83164,-12.17772,1.43811,-2.0963,0.36277,NA,NA,NA,NA,NA,NA,NA,NA,NA,NA,NA,NA,NA,NA,NA,NA,NA,NA,NA,NA,NA,NA,NA,NA,NA,NA,NA,NA,NA,NA,NA,NA,NA,NA,NA,NA,NA,NA,NA,NA,NA,NA,NA,NA,NA,NA,NA,NA,NA,NA,High,High,High,NA,NA,NA,NA,NA,NA,NA,NA,NA,NA,NA,NA,NA,NA,NA,NA,NA,NA,NA,NA,NA,NA,NA,NA,NA,NA,NA,NA,NA,NA,NA,NA,NA,NA,NA,NA,NA,NA,NA,NA,NA,NA,NA,NA,NA,NA,NA,NA,NA,NA,NA,NA,NA,NA,NA,NA,NA,NA
NA,NA,NA,NA,NA,NA,NA,NA,NA,NA,NA,NA,NA,NA,NA,NA,41,2025-06-03,18:30:49,3,4,"Burks, Carson",1000098032,Left,VIC_HAR,"Waters, Stephen",1000435058,Right,EDM_RIV,Undefined,2,Bottom,0,1,2,Undefined,Changeup,BallCalled,Undefined,Undefined,Undefined,0,0,NA,75.57433,1.185949,0.365206,1763.840581,148.21514,11:00:00,5.79701,-1.4701,4.78226,-38.27297,13.59115,-7.23831,3.73188,-1.72712,68.01374,-5.853798,-0.907351,0.518328,NA,NA,NA,NA,NA,NA,NA,NA,NA,NA,NA,3.64189,6.84248,1.44023,50,5.8832,-0.39353,-109.33092,0.98731,4.33742,22.15911,-24.02478,EDM_RIV,VIC_HAR,ReMaxField,WCL,WCL,20250603-ReMaxField-1,8e33aaf0-40e3-11f0-a7a5-433c097ba25c,72.71923,NA,NA,7.56059,NA,NA,NA,NA,NA,NA,0bdbd4b3-898e-42a4-aa80-c2a84fb0bbcf,2025-06-04,01:30:49,2025-06-04T01:30:49Z,2025-06-04T01:30:49Z,NA,v3,NA,NA,NA,"Berezowski, Jai",1000335502,Right,VIC_HAR,6d17bceb-6e31-4168-83fe-d665fcf49341,55.711,-110.48235,11.07955,5.79946,2.23569,-12.01239,1.46653,-0.61891,2.16871,NA,NA,NA,NA,NA,NA,NA,NA,NA,NA,NA,NA,NA,NA,NA,NA,NA,NA,NA,NA,NA,NA,NA,NA,NA,NA,NA,NA,NA,NA,NA,NA,NA,NA,NA,NA,NA,NA,NA,NA,NA,NA,NA,NA,NA,NA,NA,NA,NA,NA,High,High,High,NA,NA,NA,NA,NA,NA,NA,NA,NA,NA,NA,NA,NA,NA,NA,NA,NA,NA,NA,NA,NA,NA,NA,NA,NA,NA,NA,NA,NA,NA,NA,NA,NA,NA,NA,NA,NA,NA,NA,NA,NA,NA,NA,NA,NA,NA,NA,NA,NA,NA,NA,NA,NA,NA,NA,NA,NA,NA
NA,NA,NA,NA,NA,NA,NA,NA,NA,NA,NA,NA,NA,NA,NA,NA,42,2025-06-03,18:31:08,3,5,"Burks, Carson",1000098032,Left,VIC_HAR,"Waters, Stephen",1000435058,Right,EDM_RIV,Undefined,2,Bottom,0,2,2,Undefined,Cutter,FoulBallNotFieldable,Undefined,Undefined,Undefined,0,0,NA,82.11809,-0.423539,0.212381,2253.824933,186.905434,12:15:00,5.99877,-1.28239,5.24466,-29.32868,13.21261,1.43236,3.15667,-0.96344,74.96943,-5.841166,0.466494,0.469436,67.56379,18.373446,160.157401,1540.251069,NA,NA,NA,134.97744,50.71267,162.56469,1.708006,-0.65728,7.13579,1.26177,50,5.93844,-0.50155,-119.14775,-1.86928,-0.94227,23.48468,-21.94458,EDM_RIV,VIC_HAR,ReMaxField,WCL,WCL,20250603-ReMaxField-1,98a1f4b0-40e3-11f0-a7a5-433c097ba25c,80.29297,14.64828,NA,7.14866,NA,NA,NA,0.66063,2.96934,0.93598,0bdbd4b3-898e-42a4-aa80-c2a84fb0bbcf,2025-06-04,01:31:08,2025-06-04T01:31:08Z,2025-06-04T01:31:08Z,LineDrive,v3,NA,NA,NA,"Berezowski, Jai",1000335502,Right,VIC_HAR,c7bdd34a-16b9-49ee-86a7-0511256301fb,55.25315,-120.17871,11.74234,5.99935,-0.90593,-10.97229,1.28288,-0.46018,-0.47114,325.406497,0.66054,-88.45023,7.26961,0.48357,-1.08129,1.2941,-0.76008,0.20587,-0.02012,2.96934,31.23463,-22.38276,2.13567,-0.16606,-0.18023,0.21001,-0.09186,0.0145,0.93603,31.91574,-5.14051,-0.25927,0.72571,-0.88069,0.52029,-0.14194,0.01404,NA,NA,NA,NA,NA,NA,NA,NA,NA,NA,NA,NA,NA,NA,NA,NA,NA,NA,NA,NA,NA,NA,High,High,High,High,Low,NA,NA,NA,NA,NA,NA,NA,NA,NA,NA,NA,NA,NA,NA,NA,NA,NA,NA,NA,NA,NA,NA,NA,NA,NA,NA,NA,NA,NA,NA,NA,NA,NA,NA,NA,NA,NA,NA,NA,NA,NA,NA,NA,NA,NA,NA,NA,NA,NA,NA,NA,NA,NA,NA,NA,NA
NA,NA,NA,NA,NA,NA,NA,NA,NA,NA,NA,NA,NA,NA,NA,NA,43,2025-06-03,18:31:32,3,6,"Burks, Carson",1000098032,Left,VIC_HAR,"Waters, Stephen",1000435058,Right,EDM_RIV,Undefined,2,Bottom,0,2,2,Undefined,Slider,StrikeSwinging,Strikeout,Undefined,Undefined,0,0,NA,81.83901,-0.656867,1.200048,2284.311176,167.340621,11:30:00,5.9623,-1.16254,5.14612,-28.94364,14.37603,-2.88917,2.93172,-0.27329,74.20009,-6.016009,0.68858,0.473712,NA,NA,NA,NA,NA,NA,NA,NA,NA,NA,NA,1.79646,7.79902,1.05254,50,5.87915,-2.35907,-118.57389,-2.33388,2.53363,24.65751,-21.17474,EDM_RIV,VIC_HAR,ReMaxField,WCL,WCL,20250603-ReMaxField-1,a710b810-40e3-11f0-a7a5-433c097ba25c,79.56831,NA,NA,7.63892,NA,NA,NA,NA,NA,NA,0bdbd4b3-898e-42a4-aa80-c2a84fb0bbcf,2025-06-04,01:31:32,2025-06-04T01:31:32Z,2025-06-04T01:31:32Z,NA,v3,NA,NA,NA,"Berezowski, Jai",1000335502,Right,VIC_HAR,4fdba7bf-3d44-40b2-9aa6-7f841c0df8ce,55.34904,-119.68105,12.32875,5.9626,-1.3831,-10.58737,1.16102,-2.47283,1.26681,NA,NA,NA,NA,NA,NA,NA,NA,NA,NA,NA,NA,NA,NA,NA,NA,NA,NA,NA,NA,NA,NA,NA,NA,NA,NA,NA,NA,NA,NA,NA,NA,NA,NA,NA,NA,NA,NA,NA,NA,NA,NA,NA,NA,NA,NA,NA,NA,NA,NA,High,High,High,NA,NA,NA,NA,NA,NA,NA,NA,NA,NA,NA,NA,NA,NA,NA,NA,NA,NA,NA,NA,NA,NA,NA,NA,NA,NA,NA,NA,NA,NA,NA,NA,NA,NA,NA,NA,NA,NA,NA,NA,NA,NA,NA,NA,NA,NA,NA,NA,NA,NA,NA,NA,NA,NA,NA,NA,NA,NA
NA,NA,NA,NA,NA,NA,NA,NA,NA,NA,NA,NA,NA,NA,NA,NA,44,2025-06-03,18:32:04,4,1,"Burks, Carson",1000098032,Left,VIC_HAR,"Yzermans, Grant",1000325816,Right,EDM_RIV,Undefined,2,Bottom,1,0,0,Undefined,Slider,StrikeCalled,Undefined,Undefined,Undefined,0,0,NA,81.21964,-0.713822,0.25078,2207.305768,185.244497,12:15:00,6.0473,-1.29886,4.91693,-31.24561,12.56516,1.02827,2.76854,-0.97606,74.58013,-6.423889,0.432147,0.476389,NA,NA,NA,NA,NA,NA,NA,NA,NA,NA,NA,-0.43972,6.81351,1.2735,50,5.95202,-0.56016,-117.83568,-2.57526,-0.62026,21.70651,-22.56281,EDM_RIV,VIC_HAR,ReMaxField,WCL,WCL,20250603-ReMaxField-1,b9b02cd0-40e3-11f0-a7a5-433c097ba25c,79.12114,NA,NA,6.63952,NA,NA,NA,NA,NA,NA,0bdbd4b3-898e-42a4-aa80-c2a84fb0bbcf,2025-06-04,01:32:04,2025-06-04T01:32:04Z,2025-06-04T01:32:04Z,NA,v3,NA,NA,NA,"Berezowski, Jai",1000335502,Right,VIC_HAR,10458dff-a739-4cd0-8563-4b8040246851,55.5805,-118.85922,10.85326,6.04837,-1.51134,-11.28141,1.29922,-0.53091,-0.31013,NA,NA,NA,NA,NA,NA,NA,NA,NA,NA,NA,NA,NA,NA,NA,NA,NA,NA,NA,NA,NA,NA,NA,NA,NA,NA,NA,NA,NA,NA,NA,NA,NA,NA,NA,NA,NA,NA,NA,NA,NA,NA,NA,NA,NA,NA,NA,NA,NA,NA,High,High,High,NA,NA,NA,NA,NA,NA,NA,NA,NA,NA,NA,NA,NA,NA,NA,NA,NA,NA,NA,NA,NA,NA,NA,NA,NA,NA,NA,NA,NA,NA,NA,NA,NA,NA,NA,NA,NA,NA,NA,NA,NA,NA,NA,NA,NA,NA,NA,NA,NA,NA,NA,NA,NA,NA,NA,NA,NA,NA
NA,NA,NA,NA,NA,NA,NA,NA,NA,NA,NA,NA,NA,NA,NA,NA,45,2025-06-03,18:32:22,4,2,"Burks, Carson",1000098032,Left,VIC_HAR,"Yzermans, Grant",1000325816,Right,EDM_RIV,Undefined,2,Bottom,1,0,1,Undefined,Slider,BallCalled,Undefined,Undefined,Undefined,0,0,NA,81.71648,1.009344,0.222604,2206.292282,212.089256,01:00:00,6.00469,-1.275,4.89722,-34.75722,8.80591,4.63473,4.06304,-0.67822,74.46802,-5.34499,1.03928,0.475041,NA,NA,NA,NA,NA,NA,NA,NA,NA,NA,NA,-2.21039,4.48906,1.24914,50,6.07479,-0.66485,-118.46630999999999,0.82097,-3.13314,23.17397,-25.81099,EDM_RIV,VIC_HAR,ReMaxField,WCL,WCL,20250603-ReMaxField-1,c4ac37a0-40e3-11f0-a7a5-433c097ba25c,79.34566,NA,NA,7.24846,NA,NA,NA,NA,NA,NA,0bdbd4b3-898e-42a4-aa80-c2a84fb0bbcf,2025-06-04,01:32:22,2025-06-04T01:32:22Z,2025-06-04T01:32:22Z,NA,v3,NA,NA,NA,"Berezowski, Jai",1000335502,Right,VIC_HAR,b0ee08c3-59f5-4503-a5a1-631d37983046,55.59931,-119.55661,11.58699,6.00759,2.03534,-12.90549,1.27696,-0.51743,-1.56657,NA,NA,NA,NA,NA,NA,NA,NA,NA,NA,NA,NA,NA,NA,NA,NA,NA,NA,NA,NA,NA,NA,NA,NA,NA,NA,NA,NA,NA,NA,NA,NA,NA,NA,NA,NA,NA,NA,NA,NA,NA,NA,NA,NA,NA,NA,NA,NA,NA,NA,High,High,High,NA,NA,NA,NA,NA,NA,NA,NA,NA,NA,NA,NA,NA,NA,NA,NA,NA,NA,NA,NA,NA,NA,NA,NA,NA,NA,NA,NA,NA,NA,NA,NA,NA,NA,NA,NA,NA,NA,NA,NA,NA,NA,NA,NA,NA,NA,NA,NA,NA,NA,NA,NA,NA,NA,NA,NA,NA,NA
NA,NA,NA,NA,NA,NA,NA,NA,NA,NA,NA,NA,NA,NA,NA,NA,46,2025-06-03,18:32:40,4,3,"Burks, Carson",1000098032,Left,VIC_HAR,"Yzermans, Grant",1000325816,Right,EDM_RIV,Undefined,2,Bottom,1,1,1,Undefined,Slider,BallinDirt,Undefined,Undefined,Undefined,0,0,NA,76.94657,-3.396075,2.589305,1961.820157,174.524743,11:45:00,5.97172,-1.12548,5.50506,-36.26041,12.2778,-1.01358,-0.23309,1.21332,70.41354,-10.034367,2.408586,0.501433,NA,NA,NA,NA,NA,NA,NA,NA,NA,NA,NA,1.31709,7.72166,0.90001,50,5.65035,-4.99745,-111.33555,-7.72859,1.63599,21.92747,-22.58264,EDM_RIV,VIC_HAR,ReMaxField,WCL,WCL,20250603-ReMaxField-1,cf475dc0-40e3-11f0-a7a5-433c097ba25c,75.16938,NA,NA,6.53303,NA,NA,NA,NA,NA,NA,0bdbd4b3-898e-42a4-aa80-c2a84fb0bbcf,2025-06-04,01:32:40,2025-06-04T01:32:40Z,2025-06-04T01:32:40Z,NA,v3,NA,NA,NA,"Berezowski, Jai",1000335502,Right,VIC_HAR,f02216da-8f4f-4ba7-acca-c0f17bcfa96d,54.9939,-112.31479,10.96374,5.97298,-6.72009,-11.29132,1.12482,-5.07051,0.818,NA,NA,NA,NA,NA,NA,NA,NA,NA,NA,NA,NA,NA,NA,NA,NA,NA,NA,NA,NA,NA,NA,NA,NA,NA,NA,NA,NA,NA,NA,NA,NA,NA,NA,NA,NA,NA,NA,NA,NA,NA,NA,NA,NA,NA,NA,NA,NA,NA,NA,High,High,High,NA,NA,NA,NA,NA,NA,NA,NA,NA,NA,NA,NA,NA,NA,NA,NA,NA,NA,NA,NA,NA,NA,NA,NA,NA,NA,NA,NA,NA,NA,NA,NA,NA,NA,NA,NA,NA,NA,NA,NA,NA,NA,NA,NA,NA,NA,NA,NA,NA,NA,NA,NA,NA,NA,NA,NA,NA,NA
NA,NA,NA,NA,NA,NA,NA,NA,NA,NA,NA,NA,NA,NA,NA,NA,47,2025-06-03,18:33:03,4,4,"Burks, Carson",1000098032,Left,VIC_HAR,"Yzermans, Grant",1000325816,Right,EDM_RIV,Undefined,2,Bottom,1,2,1,Undefined,Slider,FoulBallNotFieldable,Undefined,Undefined,Undefined,0,0,NA,81.94685,-0.290526,1.036184,2131.522782,177.34422,12:00:00,5.89473,-1.34311,5.34366,-35.16966,7.72894,-0.28933,2.69135,-0.39512,74.37013,-6.766926,0.984753,0.471404,NA,NA,NA,NA,NA,NA,NA,NA,NA,NA,NA,0.46969,4.36796,1.24994,50,5.84352,-2.13742,-118.82855,-1.80318,0.66371,25.24809,-26.0015,EDM_RIV,VIC_HAR,ReMaxField,WCL,WCL,20250603-ReMaxField-1,dce00c70-40e3-11f0-a7a5-433c097ba25c,79.95787,NA,NA,7.57672,NA,NA,NA,NA,NA,NA,0bdbd4b3-898e-42a4-aa80-c2a84fb0bbcf,2025-06-04,01:33:03,2025-06-04T01:33:03Z,2025-06-04T01:33:03Z,NA,v3,NA,NA,NA,"Berezowski, Jai",1000335502,Right,VIC_HAR,fac31482-9f28-441a-8a55-884916527499,55.15489,-119.91883,12.62405,5.89714,-0.68036,-13.00075,1.34286,-2.16608,0.33186,NA,NA,NA,NA,NA,NA,NA,NA,NA,NA,NA,NA,NA,NA,NA,NA,NA,NA,NA,NA,NA,NA,NA,NA,NA,NA,NA,NA,NA,NA,NA,NA,NA,NA,NA,NA,NA,NA,NA,NA,NA,NA,NA,NA,NA,NA,NA,NA,NA,NA,High,High,High,NA,NA,NA,NA,NA,NA,NA,NA,NA,NA,NA,NA,NA,NA,NA,NA,NA,NA,NA,NA,NA,NA,NA,NA,NA,NA,NA,NA,NA,NA,NA,NA,NA,NA,NA,NA,NA,NA,NA,NA,NA,NA,NA,NA,NA,NA,NA,NA,NA,NA,NA,NA,NA,NA,NA,NA,NA,NA
NA,NA,NA,NA,NA,NA,NA,NA,NA,NA,NA,NA,NA,NA,NA,NA,48,2025-06-03,18:33:44,4,5,"Burks, Carson",1000098032,Left,VIC_HAR,"Yzermans, Grant",1000325816,Right,EDM_RIV,Undefined,2,Bottom,1,2,2,Undefined,Changeup,InPlay,Undefined,GroundBall,Single,0,0,NA,76.00128,-0.355863,1.334736,1741.513668,165.269893,11:30:00,5.78728,-1.21194,4.91164,-32.67829,19.5017,-4.52213,2.72749,-0.32643,67.02371,-6.482589,0.537817,0.519904,47.90075,-15.356065,35.458935,NA,NA,NA,NA,11.80571,11.80571,28.054257,0.134816,2.76835,10.37831,1.08563,50,5.72694,-2.37056,-109.69817,-1.68952,3.2397,26.55424,-20.02858,EDM_RIV,VIC_HAR,ReMaxField,WCL,WCL,20250603-ReMaxField-1,f56b7720-40e3-11f0-a7a5-433c097ba25c,72.49879,2.83004,NA,8.97757,NA,NA,NA,3.13688,2.83004,0.30239,0bdbd4b3-898e-42a4-aa80-c2a84fb0bbcf,2025-06-04,01:33:44,2025-06-04T01:33:44Z,2025-06-04T01:33:44Z,GroundBall,v3,NA,NA,NA,"Berezowski, Jai",1000335502,Right,VIC_HAR,0ac3710d-822c-4961-b8c0-5551c5efb9e1,55.58059,-111.04083,13.27712,5.78677,-0.67682,-10.01429,1.20964,-2.53437,1.61985,323.342573,3.13692,55.17783,-8.65131,NA,NA,NA,NA,NA,NA,2.83022,-18.62282,-17.59275,NA,NA,NA,NA,NA,NA,0.30236,39.30337,-2.68219,NA,NA,NA,NA,NA,NA,NA,NA,NA,NA,NA,NA,NA,NA,NA,NA,NA,NA,NA,NA,NA,NA,NA,NA,NA,NA,NA,NA,High,High,High,High,High,NA,NA,NA,NA,NA,NA,NA,NA,NA,NA,NA,NA,NA,NA,NA,NA,NA,NA,NA,NA,NA,NA,NA,NA,NA,NA,NA,NA,NA,NA,NA,NA,NA,NA,NA,NA,NA,NA,NA,NA,NA,NA,NA,NA,NA,NA,NA,NA,NA,NA,NA,NA,NA,NA,NA,NA
NA,NA,NA,NA,NA,NA,NA,NA,NA,NA,NA,NA,NA,NA,NA,NA,49,2025-06-03,18:34:23,5,1,"Burks, Carson",1000098032,Left,VIC_HAR,"Phelps, Robert",1000435056,Right,EDM_RIV,Undefined,2,Bottom,1,0,0,Undefined,Changeup,BallCalled,Undefined,Undefined,Undefined,0,0,NA,73.44618,3.327188,-0.51545,1591.409811,196.431338,12:30:00,5.86016,-1.40669,4.61054,-38.56833,16.87123,4.37981,5.81348,-1.53183,65.79799,-3.781133,0.250975,0.535897,NA,NA,NA,NA,NA,NA,NA,NA,NA,NA,NA,-2.27236,7.72241,1.4555,50,6.16884,0.77027,-106.03054,4.91261,-2.54761,20.69753,-23.51618,EDM_RIV,VIC_HAR,ReMaxField,WCL,WCL,20250603-ReMaxField-1,0cc084b0-40e4-11f0-a7a5-433c097ba25c,70.33524,NA,NA,7.64819,NA,NA,NA,NA,NA,NA,0bdbd4b3-898e-42a4-aa80-c2a84fb0bbcf,2025-06-04,01:34:23,2025-06-04T01:34:23Z,2025-06-04T01:34:23Z,NA,v3,NA,NA,NA,"Berezowski, Jai",1000335502,Right,VIC_HAR,024b5bcd-5d03-41fc-8186-9df840170d64,55.8807,-107.17232,10.34876,5.86205,6.20989,-11.75809,1.40913,0.91081,-1.27381,NA,NA,NA,NA,NA,NA,NA,NA,NA,NA,NA,NA,NA,NA,NA,NA,NA,NA,NA,NA,NA,NA,NA,NA,NA,NA,NA,NA,NA,NA,NA,NA,NA,NA,NA,NA,NA,NA,NA,NA,NA,NA,NA,NA,NA,NA,NA,NA,NA,NA,High,High,High,NA,NA,NA,NA,NA,NA,NA,NA,NA,NA,NA,NA,NA,NA,NA,NA,NA,NA,NA,NA,NA,NA,NA,NA,NA,NA,NA,NA,NA,NA,NA,NA,NA,NA,NA,NA,NA,NA,NA,NA,NA,NA,NA,NA,NA,NA,NA,NA,NA,NA,NA,NA,NA,NA,NA,NA,NA,NA
NA,NA,NA,NA,NA,NA,NA,NA,NA,NA,NA,NA,NA,NA,NA,NA,50,2025-06-03,18:34:43,5,2,"Burks, Carson",1000098032,Left,VIC_HAR,"Phelps, Robert",1000435056,Right,EDM_RIV,Undefined,2,Bottom,1,1,0,Undefined,Slider,BallCalled,Undefined,Undefined,Undefined,0,0,NA,82.19418,-1.620071,2.176243,2181.639803,174.655914,11:45:00,5.79463,-1.26505,5.12015,-33.99451,8.60985,-0.67969,1.43422,0.72922,75.55334,-7.810851,2.055968,0.469784,NA,NA,NA,NA,NA,NA,NA,NA,NA,NA,NA,0.93933,5.13051,1.0609,50,5.61591,-4.49979,-119.16617,-4.581,1.35186,22.71342,-24.79021,EDM_RIV,VIC_HAR,ReMaxField,WCL,WCL,20250603-ReMaxField-1,19038e70-40e4-11f0-a7a5-433c097ba25c,80.23351,NA,NA,6.64084,NA,NA,NA,NA,NA,NA,0bdbd4b3-898e-42a4-aa80-c2a84fb0bbcf,2025-06-04,01:34:43,2025-06-04T01:34:43Z,2025-06-04T01:34:43Z,NA,v3,NA,NA,NA,"Berezowski, Jai",1000335502,Right,VIC_HAR,d0210bde-902c-4c8f-9279-ce940f8b6b04,55.37859,-120.18697,11.35671,5.79675,-3.46687,-12.39511,1.2645,-4.56055,0.67593,NA,NA,NA,NA,NA,NA,NA,NA,NA,NA,NA,NA,NA,NA,NA,NA,NA,NA,NA,NA,NA,NA,NA,NA,NA,NA,NA,NA,NA,NA,NA,NA,NA,NA,NA,NA,NA,NA,NA,NA,NA,NA,NA,NA,NA,NA,NA,NA,NA,NA,High,High,High,NA,NA,NA,NA,NA,NA,NA,NA,NA,NA,NA,NA,NA,NA,NA,NA,NA,NA,NA,NA,NA,NA,NA,NA,NA,NA,NA,NA,NA,NA,NA,NA,NA,NA,NA,NA,NA,NA,NA,NA,NA,NA,NA,NA,NA,NA,NA,NA,NA,NA,NA,NA,NA,NA,NA,NA,NA,NA
NA,NA,NA,NA,NA,NA,NA,NA,NA,NA,NA,NA,NA,NA,NA,NA,51,2025-06-03,18:35:02,5,3,"Burks, Carson",1000098032,Left,VIC_HAR,"Phelps, Robert",1000435056,Right,EDM_RIV,Undefined,2,Bottom,1,2,0,Undefined,Slider,InPlay,Undefined,LineDrive,Sacrifice,1,1,NA,81.61524,-0.725948,1.24433,2163.032962,188.741229,12:15:00,6.02069,-1.28595,4.71899,-34.54675,9.70469,1.25591,2.4527,-2.9e-4,74.15046,-7.018775,1.465003,0.478779,100.28959,17.171887,-1.237796,1588.753243,109.99606,29.52752,-0.92878,298.71145,292.11504,1.112467,3.296982,-0.23787,5.41485,1.15904,50,5.91711,-2.62276,-118.19889,-2.77136,-0.33332,24.51514,-24.58594,EDM_RIV,VIC_HAR,ReMaxField,WCL,WCL,20250603-ReMaxField-1,241cbe30-40e4-11f0-a7a5-433c097ba25c,78.72618,35.27664,NA,7.46478,NA,NA,NA,1.20731,2.47089,-0.01208,0bdbd4b3-898e-42a4-aa80-c2a84fb0bbcf,2025-06-04,01:35:02,2025-06-04T01:35:02Z,2025-06-04T01:35:02Z,LineDrive,v3,NA,NA,NA,"Berezowski, Jai",1000335502,Right,VIC_HAR,45ec30ad-ecfd-4fda-8613-42f1a7a96c3d,55.77816,-119.39131,12.25757,6.02283,-1.5755,-12.29297,1.28621,-2.60655,-0.16666,194.481275,1.20729,140.50299,-26.674,6.12562,-1.47006,0.36647,-0.07923,0.01113,-7e-4,2.47136,43.40579,-15.75604,0.90484,0.29237,-0.33893,0.12906,-0.02312,0.00164,-0.01195,-3.04169,2.79332,-0.81603,0.33605,-0.15367,0.04742,-0.00796,5.5e-4,NA,NA,NA,NA,NA,NA,NA,NA,NA,NA,NA,NA,NA,NA,NA,NA,NA,NA,NA,NA,NA,NA,High,High,High,Medium,High,NA,NA,NA,NA,NA,NA,NA,NA,NA,NA,NA,NA,NA,NA,NA,NA,NA,NA,NA,NA,NA,NA,NA,NA,NA,NA,NA,NA,NA,NA,NA,NA,NA,NA,NA,NA,NA,NA,NA,NA,NA,NA,NA,NA,NA,NA,NA,NA,NA,NA,NA,NA,NA,NA,NA,NA
NA,NA,NA,NA,NA,NA,NA,NA,NA,NA,NA,NA,NA,NA,NA,NA,52,2025-06-03,18:35:43,6,1,"Burks, Carson",1000098032,Left,VIC_HAR,"Yip, Kyle",1000435045,Right,EDM_RIV,Undefined,2,Bottom,2,0,0,Undefined,Changeup,StrikeCalled,Undefined,Undefined,Undefined,0,0,NA,74.78077,0.563503,1.347497,1771.676684,164.237369,11:30:00,5.79679,-1.3436,4.7549,-38.83014,15.21556,-3.64087,3.0955,-0.36889,66.16009,-6.631242,0.707783,0.529117,NA,NA,NA,NA,NA,NA,NA,NA,NA,NA,NA,2.26453,7.89882,1.21162,50,5.82091,-2.38198,-107.88247,-0.20235,2.57774,24.73098,-23.18275,EDM_RIV,VIC_HAR,ReMaxField,WCL,WCL,20250603-ReMaxField-1,3c869720-40e4-11f0-a7a5-433c097ba25c,71.23645,NA,NA,8.62067,NA,NA,NA,NA,NA,NA,0bdbd4b3-898e-42a4-aa80-c2a84fb0bbcf,2025-06-04,01:35:43,2025-06-04T01:35:43Z,2025-06-04T01:35:43Z,NA,v3,NA,NA,NA,"Berezowski, Jai",1000335502,Right,VIC_HAR,e202d007-b419-478b-8a0c-20913a87dd50,55.73283,-109.18875,12.36549,5.79926,1.02216,-11.59138,1.34103,-2.51813,1.28887,NA,NA,NA,NA,NA,NA,NA,NA,NA,NA,NA,NA,NA,NA,NA,NA,NA,NA,NA,NA,NA,NA,NA,NA,NA,NA,NA,NA,NA,NA,NA,NA,NA,NA,NA,NA,NA,NA,NA,NA,NA,NA,NA,NA,NA,NA,NA,NA,NA,NA,High,High,High,NA,NA,NA,NA,NA,NA,NA,NA,NA,NA,NA,NA,NA,NA,NA,NA,NA,NA,NA,NA,NA,NA,NA,NA,NA,NA,NA,NA,NA,NA,NA,NA,NA,NA,NA,NA,NA,NA,NA,NA,NA,NA,NA,NA,NA,NA,NA,NA,NA,NA,NA,NA,NA,NA,NA,NA,NA,NA
NA,NA,NA,NA,NA,NA,NA,NA,NA,NA,NA,NA,NA,NA,NA,NA,53,2025-06-03,18:36:04,6,2,"Burks, Carson",1000098032,Left,VIC_HAR,"Yip, Kyle",1000435045,Right,EDM_RIV,Undefined,2,Bottom,2,0,1,Undefined,Cutter,FoulBallNotFieldable,Undefined,Undefined,Undefined,0,0,NA,81.74442,0.069306,1.143942,2268.21654,189.380717,12:15:00,5.95231,-1.48243,4.97261,-31.51718,11.83741,1.72488,3.39136,-0.25806,74.66177,-5.710837,1.448262,0.473902,NA,NA,NA,NA,NA,NA,NA,NA,NA,NA,NA,-0.52862,6.25855,1.37045,50,5.93369,-2.44192,-118.53164,-0.97185,-0.75116,22.91012,-23.28079,EDM_RIV,VIC_HAR,ReMaxField,WCL,WCL,20250603-ReMaxField-1,494b05e0-40e4-11f0-a7a5-433c097ba25c,79.53629,NA,NA,7.08265,NA,NA,NA,NA,NA,NA,0bdbd4b3-898e-42a4-aa80-c2a84fb0bbcf,2025-06-04,01:36:04,2025-06-04T01:36:04Z,2025-06-04T01:36:04Z,NA,v3,NA,NA,NA,"Berezowski, Jai",1000335502,Right,VIC_HAR,e712d4d3-fdff-4105-b005-c853a7ba3f86,55.52408,-119.59458,11.45506,5.95372,0.10829,-11.6404,1.48294,-2.40707,-0.37558,NA,NA,NA,NA,NA,NA,NA,NA,NA,NA,NA,NA,NA,NA,NA,NA,NA,NA,NA,NA,NA,NA,NA,NA,NA,NA,NA,NA,NA,NA,NA,NA,NA,NA,NA,NA,NA,NA,NA,NA,NA,NA,NA,NA,NA,NA,NA,NA,NA,NA,High,High,High,NA,NA,NA,NA,NA,NA,NA,NA,NA,NA,NA,NA,NA,NA,NA,NA,NA,NA,NA,NA,NA,NA,NA,NA,NA,NA,NA,NA,NA,NA,NA,NA,NA,NA,NA,NA,NA,NA,NA,NA,NA,NA,NA,NA,NA,NA,NA,NA,NA,NA,NA,NA,NA,NA,NA,NA,NA,NA
NA,NA,NA,NA,NA,NA,NA,NA,NA,NA,NA,NA,NA,NA,NA,NA,54,2025-06-03,18:36:33,6,3,"Burks, Carson",1000098032,Left,VIC_HAR,"Yip, Kyle",1000435045,Right,EDM_RIV,Undefined,2,Bottom,2,0,2,Undefined,Changeup,BallCalled,Undefined,Undefined,Undefined,0,0,NA,83.74301,-0.675869,0.7994,2321.667417,130.964515,10:15:00,5.9428,-1.17774,5.02447,-27.10537,15.21517,-15.54961,3.04616,-1.71916,74.54838,-5.739753,-1.947826,0.468217,NA,NA,NA,NA,NA,NA,NA,NA,NA,NA,NA,7.89016,8.24815,1.11408,50,5.8574,-0.97349,-121.0611,-2.34993,11.38318,29.76731,-20.2744,EDM_RIV,VIC_HAR,ReMaxField,WCL,WCL,20250603-ReMaxField-1,5a151e60-40e4-11f0-a7a5-433c097ba25c,80.50209,NA,NA,9.19463,NA,NA,NA,NA,NA,NA,0bdbd4b3-898e-42a4-aa80-c2a84fb0bbcf,2025-06-04,01:36:33,2025-06-04T01:36:33Z,2025-06-04T01:36:33Z,NA,v3,NA,NA,NA,"Berezowski, Jai",1000335502,Right,VIC_HAR,42815e73-efaa-46f2-99d6-b574c294d9e6,55.46743,-122.39808,14.88366,5.9425,-1.43932,-10.1372,1.16929,-1.48476,5.69159,NA,NA,NA,NA,NA,NA,NA,NA,NA,NA,NA,NA,NA,NA,NA,NA,NA,NA,NA,NA,NA,NA,NA,NA,NA,NA,NA,NA,NA,NA,NA,NA,NA,NA,NA,NA,NA,NA,NA,NA,NA,NA,NA,NA,NA,NA,NA,NA,NA,NA,High,High,High,NA,NA,NA,NA,NA,NA,NA,NA,NA,NA,NA,NA,NA,NA,NA,NA,NA,NA,NA,NA,NA,NA,NA,NA,NA,NA,NA,NA,NA,NA,NA,NA,NA,NA,NA,NA,NA,NA,NA,NA,NA,NA,NA,NA,NA,NA,NA,NA,NA,NA,NA,NA,NA,NA,NA,NA,NA,NA
NA,NA,NA,NA,NA,NA,NA,NA,NA,NA,NA,NA,NA,NA,NA,NA,55,2025-06-03,18:36:52,6,4,"Burks, Carson",1000098032,Left,VIC_HAR,"Yip, Kyle",1000435045,Right,EDM_RIV,Undefined,2,Bottom,2,1,2,Undefined,Changeup,FoulBallNotFieldable,Undefined,Undefined,Undefined,0,0,NA,82.57912,-0.430192,1.10079,2258.366292,144.078318,10:45:00,5.84492,-1.25204,5.11357,-29.13675,13.958,-8.90965,3.0115,-0.95736,73.98338,-5.851429,-0.475801,0.47248,63.88592,51.469048,130.74765,2793.796293,-80.23943,57.98319,75.24371,174.61345,70.33397,138.658079,3.58857,4.79485,7.55071,1.15569,50,5.78255,-1.90641,-119.50225,-1.88388,6.78206,27.7257,-21.49399,EDM_RIV,VIC_HAR,ReMaxField,WCL,WCL,20250603-ReMaxField-1,65d0f6c0-40e4-11f0-a7a5-433c097ba25c,79.77573,60.55182,NA,8.59574,NA,NA,NA,1.17659,2.89759,0.94805,0bdbd4b3-898e-42a4-aa80-c2a84fb0bbcf,2025-06-04,01:36:52,2025-06-04T01:36:52Z,2025-06-04T01:36:52Z,Popup,v3,NA,NA,NA,"Berezowski, Jai",1000335502,Right,VIC_HAR,45954956-a8a1-4bd9-bf2a-bd4da3673d86,55.38098,-120.74424,13.86285,5.84537,-0.92104,-10.747,1.24789,-2.21022,3.39103,332.028941,1.17685,-38.11176,-3.15509,1.85959,-0.2124,-0.19051,0.11338,-0.02409,0.00183,2.89856,73.2672,-27.15077,2.90885,-0.18168,-0.17117,0.06468,-0.00876,3.8e-4,0.94877,44.19937,-5.41332,0.80014,0.01463,-0.04048,-0.00504,0.00481,-5.8e-4,NA,NA,NA,NA,NA,NA,NA,NA,NA,NA,NA,NA,NA,NA,NA,NA,NA,NA,NA,NA,NA,NA,High,High,High,High,Low,NA,NA,NA,NA,NA,NA,NA,NA,NA,NA,NA,NA,NA,NA,NA,NA,NA,NA,NA,NA,NA,NA,NA,NA,NA,NA,NA,NA,NA,NA,NA,NA,NA,NA,NA,NA,NA,NA,NA,NA,NA,NA,NA,NA,NA,NA,NA,NA,NA,NA,NA,NA,NA,NA,NA,NA
NA,NA,NA,NA,NA,NA,NA,NA,NA,NA,NA,NA,NA,NA,NA,NA,56,2025-06-03,18:37:14,6,5,"Burks, Carson",1000098032,Left,VIC_HAR,"Yip, Kyle",1000435045,Right,EDM_RIV,Undefined,2,Bottom,2,1,2,Undefined,Changeup,InPlay,Undefined,FlyBall,Out,1,0,NA,83.29028,-0.393371,1.089117,2287.938511,127.338764,10:15:00,5.96079,-1.09766,5.02824,-32.58332,9.0115,-10.08205,2.87428,-0.91006,76.26568,-6.349133,-0.692812,0.464185,88.37731,31.203212,20.687369,4301.094944,98.85604,58.21815,48.24398,292.50859,285.08888,34.04495,4.513298,5.31748,4.96658,1.00206,50,5.89726,-1.86015,-120.84302,-2.01319,7.86233,23.56639,-24.83054,EDM_RIV,VIC_HAR,ReMaxField,WCL,WCL,20250603-ReMaxField-1,72a32120-40e4-11f0-a7a5-433c097ba25c,81.20134,69.84121,NA,7.0246,NA,NA,NA,0.93612,2.90521,0.93683,0bdbd4b3-898e-42a4-aa80-c2a84fb0bbcf,2025-06-04,01:37:14,2025-06-04T01:37:14Z,2025-06-04T01:37:14Z,FlyBall,v3,NA,NA,NA,"Berezowski, Jai",1000335502,Right,VIC_HAR,a51b7c93-c075-42a8-b8b9-70c789e594e8,55.47061,-121.90521,11.78319,5.96277,-0.89402,-12.41527,1.09389,-2.21452,3.93116,219.460494,0.93645,103.7208,-24.02143,6.03038,-1.43447,0.33557,-0.07322,0.01065,-6.5e-4,2.9059,67.12909,-18.48126,0.64089,0.30249,-0.19771,0.05942,-0.00857,4.7e-4,0.93723,39.15505,1.6997,-1.81716,0.66203,-0.15831,0.02407,-0.00182,4e-5,NA,NA,NA,NA,NA,NA,NA,NA,NA,NA,NA,NA,NA,NA,NA,NA,NA,NA,NA,NA,NA,NA,High,High,High,High,Medium,NA,NA,NA,NA,NA,NA,NA,NA,NA,NA,NA,NA,NA,NA,NA,NA,NA,NA,NA,NA,NA,NA,NA,NA,NA,NA,NA,NA,NA,NA,NA,NA,NA,NA,NA,NA,NA,NA,NA,NA,NA,NA,NA,NA,NA,NA,NA,NA,NA,NA,NA,NA,NA,NA,NA,NA
NA,NA,NA,NA,NA,NA,NA,NA,NA,NA,NA,NA,NA,NA,NA,NA,57,2025-06-03,18:39:50,1,1,"Dearing, Tate",1000336151,Right,EDM_RIV,"Berezowski, Jai",1000335502,Right,VIC_HAR,Undefined,3,Top,0,0,0,Undefined,Sinker,InPlay,Undefined,Popup,Out,1,0,NA,88.07042,-1.166878,-1.519379,1987.838454,239.013645,02:00:00,6.0918,1.05716,6.32432,-25.80037,10.05367,14.63131,2.86662,0.87685,79.69929,-6.037191,1.129652,0.430963,54.67986,56.44428,-17.803156,4067.763686,NA,NA,NA,122.171,119.49677,-20.922971,4.199857,-8.09792,5.97441,-0.95283,50,5.99442,2.81021,-127.85316,-3.38475,-13.2157,29.81764,-22.42388,EDM_RIV,VIC_HAR,ReMaxField,WCL,WCL,20250603-ReMaxField-1,cfdfd7c0-40e4-11f0-a7a5-433c097ba25c,87.46088,67.18124,NA,8.37113,NA,NA,NA,1.11593,2.92588,-0.89266,0bdbd4b3-898e-42a4-aa80-c2a84fb0bbcf,2025-06-04,01:39:50,2025-06-04T01:39:50Z,2025-06-04T01:39:50Z,Popup,v3,NA,NA,NA,"Green, Jason",1000435054,Right,EDM_RIV,e0606002-bf7c-4664-8cae-763f982e1995,54.17369,-128.82286,14.90882,6.09264,-2.65551,-11.21194,-1.05121,3.24,-6.60785,174.652622,1.11621,42.19157,-9.83569,2.77343,-0.32649,-0.09768,0.05193,-0.00873,5.1e-4,2.92546,66.84215,-19.45929,1.34014,-0.09463,-0.09869,0.0596,-0.01357,0.00108,-0.89276,-13.54909,2.00154,-0.50286,0.03301,0.03174,-0.01287,0.00196,-1e-4,NA,NA,NA,NA,NA,NA,NA,NA,NA,NA,NA,NA,NA,NA,NA,NA,NA,NA,NA,NA,NA,NA,High,High,High,High,Medium,NA,NA,NA,NA,NA,NA,NA,NA,NA,NA,NA,NA,NA,NA,NA,NA,NA,NA,NA,NA,NA,NA,NA,NA,NA,NA,NA,NA,NA,NA,NA,NA,NA,NA,NA,NA,NA,NA,NA,NA,NA,NA,NA,NA,NA,NA,NA,NA,NA,NA,NA,NA,NA,NA,NA,NA
NA,NA,NA,NA,NA,NA,NA,NA,NA,NA,NA,NA,NA,NA,NA,NA,58,2025-06-03,18:40:22,2,1,"Dearing, Tate",1000336151,Right,EDM_RIV,"Biello, Dominic",1000435364,Right,VIC_HAR,Undefined,3,Top,1,0,0,Undefined,Sinker,BallCalled,Undefined,Undefined,Undefined,0,0,NA,88.75571,-0.241256,-1.746724,2026.017762,242.547272,02:00:00,6.02753,1.11361,6.24847,-25.86667,9.70764,16.16824,3.64937,0.84952,79.8081,-5.135077,1.174981,0.429279,NA,NA,NA,NA,NA,NA,NA,NA,NA,NA,NA,-8.8502,5.50733,-0.99073,50,5.99715,3.24232,-128.74583,-1.34464,-14.58388,31.27208,-23.09877,EDM_RIV,VIC_HAR,ReMaxField,WCL,WCL,20250603-ReMaxField-1,e25de1d0-40e4-11f0-a7a5-433c097ba25c,87.80409,NA,NA,8.9476,NA,NA,NA,NA,NA,NA,0bdbd4b3-898e-42a4-aa80-c2a84fb0bbcf,2025-06-04,01:40:22,2025-06-04T01:40:22Z,2025-06-04T01:40:22Z,NA,v3,NA,NA,NA,"Green, Jason",1000435054,Right,EDM_RIV,79dd7af7-129f-42c2-b1c3-80d3b5b8664f,54.24669,-129.77324,15.63604,6.02886,-0.58575,-11.54938,-1.10513,3.72146,-7.29194,NA,NA,NA,NA,NA,NA,NA,NA,NA,NA,NA,NA,NA,NA,NA,NA,NA,NA,NA,NA,NA,NA,NA,NA,NA,NA,NA,NA,NA,NA,NA,NA,NA,NA,NA,NA,NA,NA,NA,NA,NA,NA,NA,NA,NA,NA,NA,NA,NA,NA,High,High,High,NA,NA,NA,NA,NA,NA,NA,NA,NA,NA,NA,NA,NA,NA,NA,NA,NA,NA,NA,NA,NA,NA,NA,NA,NA,NA,NA,NA,NA,NA,NA,NA,NA,NA,NA,NA,NA,NA,NA,NA,NA,NA,NA,NA,NA,NA,NA,NA,NA,NA,NA,NA,NA,NA,NA,NA,NA,NA
NA,NA,NA,NA,NA,NA,NA,NA,NA,NA,NA,NA,NA,NA,NA,NA,59,2025-06-03,18:40:37,2,2,"Dearing, Tate",1000336151,Right,EDM_RIV,"Biello, Dominic",1000435364,Right,VIC_HAR,Undefined,3,Top,1,1,0,Undefined,Sinker,BallCalled,Undefined,Undefined,Undefined,0,0,NA,89.086,-0.036901,-2.431068,2054.729837,231.658317,01:45:00,6.00787,1.04487,6.16655,-24.13155,10.87138,12.28709,3.9628,-0.17812,81.0146,-4.583926,-0.216152,0.425817,NA,NA,NA,NA,NA,NA,NA,NA,NA,NA,NA,-6.99296,5.98307,-0.86629,50,5.99282,4.97185,-129.31016,-0.83817,-11.78572,28.12627,-22.09032,EDM_RIV,VIC_HAR,ReMaxField,WCL,WCL,20250603-ReMaxField-1,ebbeb330-40e4-11f0-a7a5-433c097ba25c,88.51785,NA,NA,8.0714,NA,NA,NA,NA,NA,NA,0bdbd4b3-898e-42a4-aa80-c2a84fb0bbcf,2025-06-04,01:40:37,2025-06-04T01:40:37Z,2025-06-04T01:40:37Z,NA,v3,NA,NA,NA,"Green, Jason",1000435054,Right,EDM_RIV,089b62b3-1c49-4a8d-8578-3e8c84863835,54.33018,-130.24861,14.06313,6.00849,-0.10111,-11.04516,-1.03874,5.36509,-5.89286,NA,NA,NA,NA,NA,NA,NA,NA,NA,NA,NA,NA,NA,NA,NA,NA,NA,NA,NA,NA,NA,NA,NA,NA,NA,NA,NA,NA,NA,NA,NA,NA,NA,NA,NA,NA,NA,NA,NA,NA,NA,NA,NA,NA,NA,NA,NA,NA,NA,NA,High,High,High,NA,NA,NA,NA,NA,NA,NA,NA,NA,NA,NA,NA,NA,NA,NA,NA,NA,NA,NA,NA,NA,NA,NA,NA,NA,NA,NA,NA,NA,NA,NA,NA,NA,NA,NA,NA,NA,NA,NA,NA,NA,NA,NA,NA,NA,NA,NA,NA,NA,NA,NA,NA,NA,NA,NA,NA,NA,NA
NA,NA,NA,NA,NA,NA,NA,NA,NA,NA,NA,NA,NA,NA,NA,NA,60,2025-06-03,18:40:54,2,3,"Dearing, Tate",1000336151,Right,EDM_RIV,"Biello, Dominic",1000435364,Right,VIC_HAR,Undefined,3,Top,1,2,0,Undefined,Sinker,StrikeCalled,Undefined,Undefined,Undefined,0,0,NA,88.91382,-1.042539,-1.389337,2018.772017,226.173,01:30:00,6.15123,0.9738,6.33841,-21.82107,12.97961,12.35272,3.37257,0.72379,81.15628,-5.174582,0.846949,0.424586,NA,NA,NA,NA,NA,NA,NA,NA,NA,NA,NA,-6.7654,7.39166,-0.87784,50,6.06495,2.6284,-129.18183,-2.99023,-11.40328,27.55012,-19.71524,EDM_RIV,VIC_HAR,ReMaxField,WCL,WCL,20250603-ReMaxField-1,f61703f0-40e4-11f0-a7a5-433c097ba25c,88.77461,NA,NA,7.75753,NA,NA,NA,NA,NA,NA,0bdbd4b3-898e-42a4-aa80-c2a84fb0bbcf,2025-06-04,01:40:54,2025-06-04T01:40:54Z,2025-06-04T01:40:54Z,NA,v3,NA,NA,NA,"Green, Jason",1000435054,Right,EDM_RIV,7babf05d-3869-41d3-88ab-b4046a7e77dd,54.15877,-130.06574,13.77506,6.15074,-2.3577,-9.85762,-0.96804,2.99426,-5.70164,NA,NA,NA,NA,NA,NA,NA,NA,NA,NA,NA,NA,NA,NA,NA,NA,NA,NA,NA,NA,NA,NA,NA,NA,NA,NA,NA,NA,NA,NA,NA,NA,NA,NA,NA,NA,NA,NA,NA,NA,NA,NA,NA,NA,NA,NA,NA,NA,NA,NA,High,High,High,NA,NA,NA,NA,NA,NA,NA,NA,NA,NA,NA,NA,NA,NA,NA,NA,NA,NA,NA,NA,NA,NA,NA,NA,NA,NA,NA,NA,NA,NA,NA,NA,NA,NA,NA,NA,NA,NA,NA,NA,NA,NA,NA,NA,NA,NA,NA,NA,NA,NA,NA,NA,NA,NA,NA,NA,NA,NA
NA,NA,NA,NA,NA,NA,NA,NA,NA,NA,NA,NA,NA,NA,NA,NA,61,2025-06-03,18:41:12,2,4,"Dearing, Tate",1000336151,Right,EDM_RIV,"Biello, Dominic",1000435364,Right,VIC_HAR,Undefined,3,Top,1,2,1,Undefined,Sinker,InPlay,Undefined,GroundBall,Out,1,0,NA,89.83609,-1.677372,-2.0037,2043.756478,237.87392,02:00:00,6.12211,0.80463,6.0382,-23.91816,10.95087,15.46324,2.57441,0.23719,81.26371,-6.175923,0.780217,0.425002,83.16425,-33.837045,1.980922,NA,NA,NA,NA,4.43767,4.43767,-1.526443,0.036682,-8.56725,6.53201,-0.65641,50,5.97839,3.901,-130.28252,-4.58484,-14.52836,30.7808,-21.09702,EDM_RIV,VIC_HAR,ReMaxField,WCL,WCL,20250603-ReMaxField-1,009bbbe0-40e5-11f0-a7a5-433c097ba25c,88.68759,2.49777,NA,8.57238,NA,NA,NA,0.71242,2.49777,-0.247,0bdbd4b3-898e-42a4-aa80-c2a84fb0bbcf,2025-06-04,01:41:12,2025-06-04T01:41:12Z,2025-06-04T01:41:12Z,GroundBall,v3,NA,NA,NA,"Green, Jason",1000435054,Right,EDM_RIV,2bedcd78-1c17-433f-a54a-eef50c82a041,54.45921,-131.33184,15.3904,6.12243,-3.86565,-10.54851,-0.79784,4.39627,-7.26418,NA,0.71089,101.51345,NA,NA,NA,NA,NA,NA,NA,2.4988,-68.09312,NA,NA,NA,NA,NA,NA,NA,-0.24706,3.51109,NA,NA,NA,NA,NA,NA,NA,NA,NA,NA,NA,NA,NA,NA,NA,NA,NA,NA,NA,NA,NA,NA,NA,NA,NA,NA,NA,NA,NA,High,High,High,Estimated,Estimated,NA,NA,NA,NA,NA,NA,NA,NA,NA,NA,NA,NA,NA,NA,NA,NA,NA,NA,NA,NA,NA,NA,NA,NA,NA,NA,NA,NA,NA,NA,NA,NA,NA,NA,NA,NA,NA,NA,NA,NA,NA,NA,NA,NA,NA,NA,NA,NA,NA,NA,NA,NA,NA,NA,NA,NA
NA,NA,NA,NA,NA,NA,NA,NA,NA,NA,NA,NA,NA,NA,NA,NA,62,2025-06-03,18:41:54,3,1,"Dearing, Tate",1000336151,Right,EDM_RIV,"McKay, Curtis",1000235202,Right,VIC_HAR,Undefined,3,Top,2,0,0,Undefined,Curveball,BallCalled,Undefined,Undefined,Undefined,0,0,NA,74.66556,0.571075,-2.102501,2466.115039,33.25983,07:00:00,5.85856,1.29758,5.4548,-61.3174,-10.04355,-7.66965,1.28375,-1.31062,68.71625,-10.534371,-3.470494,0.51537,NA,NA,NA,NA,NA,NA,NA,NA,NA,NA,NA,3.23988,-4.76418,-1.10667,50,5.86666,4.26242,-108.36273,-0.92618,3.82083,20.38292,-37.79252,EDM_RIV,VIC_HAR,ReMaxField,WCL,WCL,20250603-ReMaxField-1,19d5dd20-40e5-11f0-a7a5-433c097ba25c,73.13662,NA,NA,5.94931,NA,NA,NA,NA,NA,NA,0bdbd4b3-898e-42a4-aa80-c2a84fb0bbcf,2025-06-04,01:41:54,2025-06-04T01:41:54Z,2025-06-04T01:41:54Z,NA,v3,NA,NA,NA,"Green, Jason",1000435054,Right,EDM_RIV,6974e1ed-5848-4fe5-ae1e-32911409fc8e,55.04735,-109.30801,10.19146,5.86897,0.82649,-18.89626,-1.30023,4.08523,1.91041,NA,NA,NA,NA,NA,NA,NA,NA,NA,NA,NA,NA,NA,NA,NA,NA,NA,NA,NA,NA,NA,NA,NA,NA,NA,NA,NA,NA,NA,NA,NA,NA,NA,NA,NA,NA,NA,NA,NA,NA,NA,NA,NA,NA,NA,NA,NA,NA,NA,NA,High,High,High,NA,NA,NA,NA,NA,NA,NA,NA,NA,NA,NA,NA,NA,NA,NA,NA,NA,NA,NA,NA,NA,NA,NA,NA,NA,NA,NA,NA,NA,NA,NA,NA,NA,NA,NA,NA,NA,NA,NA,NA,NA,NA,NA,NA,NA,NA,NA,NA,NA,NA,NA,NA,NA,NA,NA,NA,NA,NA
NA,NA,NA,NA,NA,NA,NA,NA,NA,NA,NA,NA,NA,NA,NA,NA,63,2025-06-03,18:42:10,3,2,"Dearing, Tate",1000336151,Right,EDM_RIV,"McKay, Curtis",1000235202,Right,VIC_HAR,Undefined,3,Top,2,1,0,Undefined,Sinker,BallCalled,Undefined,Undefined,Undefined,0,0,NA,89.68929,-2.708852,-2.543816,2089.191491,246.078347,02:15:00,5.84269,1.03675,6.44179,-25.61478,8.73638,17.04399,1.21468,0.11806,81.66269,-7.520019,0.548861,0.421835,NA,NA,NA,NA,NA,NA,NA,NA,NA,NA,NA,-9.67438,5.74662,-0.86323,50,5.63873,5.1045,-130.10174,-6.94439,-16.43088,29.61354,-22.41405,EDM_RIV,VIC_HAR,ReMaxField,WCL,WCL,20250603-ReMaxField-1,23252250-40e5-11f0-a7a5-433c097ba25c,89.35362,NA,NA,8.0266,NA,NA,NA,NA,NA,NA,0bdbd4b3-898e-42a4-aa80-c2a84fb0bbcf,2025-06-04,01:42:10,2025-06-04T01:42:10Z,2025-06-04T01:42:10Z,NA,v3,NA,NA,NA,"Green, Jason",1000435054,Right,EDM_RIV,e983f1db-c9bc-44c0-893e-dfa625a30fd0,54.0572,-131.02198,14.80677,5.84371,-6.24787,-11.20703,-1.02978,5.61509,-8.21544,NA,NA,NA,NA,NA,NA,NA,NA,NA,NA,NA,NA,NA,NA,NA,NA,NA,NA,NA,NA,NA,NA,NA,NA,NA,NA,NA,NA,NA,NA,NA,NA,NA,NA,NA,NA,NA,NA,NA,NA,NA,NA,NA,NA,NA,NA,NA,NA,NA,NA,High,High,High,NA,NA,NA,NA,NA,NA,NA,NA,NA,NA,NA,NA,NA,NA,NA,NA,NA,NA,NA,NA,NA,NA,NA,NA,NA,NA,NA,NA,NA,NA,NA,NA,NA,NA,NA,NA,NA,NA,NA,NA,NA,NA,NA,NA,NA,NA,NA,NA,NA,NA,NA,NA,NA,NA,NA,NA,NA,NA
NA,NA,NA,NA,NA,NA,NA,NA,NA,NA,NA,NA,NA,NA,NA,NA,64,2025-06-03,18:42:28,3,3,"Dearing, Tate",1000336151,Right,EDM_RIV,"McKay, Curtis",1000235202,Right,VIC_HAR,Undefined,3,Top,2,2,0,Undefined,Sinker,FoulBallNotFieldable,Undefined,Undefined,Undefined,0,0,NA,90.19997,-1.305494,-2.408063,2116.599768,240.970691,02:00:00,5.95572,1.0847,6.47218,-24.26009,9.90851,15.58611,2.73387,0.17078,81.21528,-5.911136,0.419858,0.420712,NA,NA,NA,NA,NA,NA,NA,NA,NA,NA,NA,-8.97489,5.97941,-0.92153,50,5.85304,4.88332,-130.86053,-3.70759,-15.2685,32.48424,-22.00161,EDM_RIV,VIC_HAR,ReMaxField,WCL,WCL,20250603-ReMaxField-1,2dd55710-40e5-11f0-a7a5-433c097ba25c,89.59198,NA,NA,8.98469,NA,NA,NA,NA,NA,NA,0bdbd4b3-898e-42a4-aa80-c2a84fb0bbcf,2025-06-04,01:42:28,2025-06-04T01:42:28Z,2025-06-04T01:42:28Z,NA,v3,NA,NA,NA,"Green, Jason",1000435054,Right,EDM_RIV,2213f8ab-9c19-4ff6-add4-c5a172e667b5,54.0259,-131.85611,16.24212,5.95634,-3.03327,-11.00081,-1.07837,5.35127,-7.63425,NA,NA,NA,NA,NA,NA,NA,NA,NA,NA,NA,NA,NA,NA,NA,NA,NA,NA,NA,NA,NA,NA,NA,NA,NA,NA,NA,NA,NA,NA,NA,NA,NA,NA,NA,NA,NA,NA,NA,NA,NA,NA,NA,NA,NA,NA,NA,NA,NA,NA,High,High,High,NA,NA,NA,NA,NA,NA,NA,NA,NA,NA,NA,NA,NA,NA,NA,NA,NA,NA,NA,NA,NA,NA,NA,NA,NA,NA,NA,NA,NA,NA,NA,NA,NA,NA,NA,NA,NA,NA,NA,NA,NA,NA,NA,NA,NA,NA,NA,NA,NA,NA,NA,NA,NA,NA,NA,NA,NA,NA
NA,NA,NA,NA,NA,NA,NA,NA,NA,NA,NA,NA,NA,NA,NA,NA,65,2025-06-03,18:42:52,3,4,"Dearing, Tate",1000336151,Right,EDM_RIV,"McKay, Curtis",1000235202,Right,VIC_HAR,Undefined,3,Top,2,2,1,Undefined,Sinker,BallCalled,Undefined,Undefined,Undefined,0,0,NA,89.98489,-0.053022,-2.402562,1991.036147,227.488687,01:30:00,5.87728,1.00702,6.28497,-21.24918,12.99079,12.91032,4.05761,-0.13268,81.57526,-4.092939,-0.070241,0.421151,NA,NA,NA,NA,NA,NA,NA,NA,NA,NA,NA,-7.34485,7.09701,-0.83537,50,5.86303,4.93538,-130.60482,-0.7491,-12.59182,29.42344,-20.00713,EDM_RIV,VIC_HAR,ReMaxField,WCL,WCL,20250603-ReMaxField-1,3bdfda60-40e5-11f0-a7a5-433c097ba25c,89.49854,NA,NA,8.40964,NA,NA,NA,NA,NA,NA,0bdbd4b3-898e-42a4-aa80-c2a84fb0bbcf,2025-06-04,01:42:52,2025-06-04T01:42:52Z,2025-06-04T01:42:52Z,NA,v3,NA,NA,NA,"Green, Jason",1000435054,Right,EDM_RIV,139eaf8c-96d2-4154-924d-8bafb4280f8e,54.21125,-131.55013,14.71172,5.87677,-0.10631,-10.00356,-1.00044,5.33992,-6.29591,NA,NA,NA,NA,NA,NA,NA,NA,NA,NA,NA,NA,NA,NA,NA,NA,NA,NA,NA,NA,NA,NA,NA,NA,NA,NA,NA,NA,NA,NA,NA,NA,NA,NA,NA,NA,NA,NA,NA,NA,NA,NA,NA,NA,NA,NA,NA,NA,NA,NA,High,High,High,NA,NA,NA,NA,NA,NA,NA,NA,NA,NA,NA,NA,NA,NA,NA,NA,NA,NA,NA,NA,NA,NA,NA,NA,NA,NA,NA,NA,NA,NA,NA,NA,NA,NA,NA,NA,NA,NA,NA,NA,NA,NA,NA,NA,NA,NA,NA,NA,NA,NA,NA,NA,NA,NA,NA,NA,NA,NA
NA,NA,NA,NA,NA,NA,NA,NA,NA,NA,NA,NA,NA,NA,NA,NA,66,2025-06-03,18:43:09,3,5,"Dearing, Tate",1000336151,Right,EDM_RIV,"McKay, Curtis",1000235202,Right,VIC_HAR,Undefined,3,Top,2,3,1,Undefined,Sinker,FoulBallNotFieldable,Undefined,Undefined,Undefined,0,0,NA,89.935,-1.928463,-2.01031,2033.236278,226.219486,01:30:00,5.97787,0.98662,6.27196,-21.57363,12.80887,12.12233,2.40054,0.14284,81.59037,-6.014923,0.18118,0.422027,NA,NA,NA,NA,NA,NA,NA,NA,NA,NA,NA,-6.89496,7.59595,-0.84353,50,5.82469,4.08262,-130.49037,-5.0407400000000004,-11.76803,30.05778,-19.20965,EDM_RIV,VIC_HAR,ReMaxField,WCL,WCL,20250603-ReMaxField-1,466afaf0-40e5-11f0-a7a5-433c097ba25c,89.31289,NA,NA,8.34463,NA,NA,NA,NA,NA,NA,0bdbd4b3-898e-42a4-aa80-c2a84fb0bbcf,2025-06-04,01:43:09,2025-06-04T01:43:09Z,2025-06-04T01:43:09Z,NA,v3,NA,NA,NA,"Green, Jason",1000435054,Right,EDM_RIV,8312144a-6553-40e9-b7e1-153dfe556d5e,54.22558,-131.46011,15.02889,5.97732,-4.42099,-9.60482,-0.98137,4.46228,-5.88401,NA,NA,NA,NA,NA,NA,NA,NA,NA,NA,NA,NA,NA,NA,NA,NA,NA,NA,NA,NA,NA,NA,NA,NA,NA,NA,NA,NA,NA,NA,NA,NA,NA,NA,NA,NA,NA,NA,NA,NA,NA,NA,NA,NA,NA,NA,NA,NA,NA,NA,High,High,High,NA,NA,NA,NA,NA,NA,NA,NA,NA,NA,NA,NA,NA,NA,NA,NA,NA,NA,NA,NA,NA,NA,NA,NA,NA,NA,NA,NA,NA,NA,NA,NA,NA,NA,NA,NA,NA,NA,NA,NA,NA,NA,NA,NA,NA,NA,NA,NA,NA,NA,NA,NA,NA,NA,NA,NA,NA,NA
NA,NA,NA,NA,NA,NA,NA,NA,NA,NA,NA,NA,NA,NA,NA,NA,67,2025-06-03,18:43:31,3,6,"Dearing, Tate",1000336151,Right,EDM_RIV,"McKay, Curtis",1000235202,Right,VIC_HAR,Undefined,3,Top,2,3,2,Undefined,Sinker,InPlay,Undefined,LineDrive,Single,0,0,NA,91.03922,-2.24943,-1.915675,2071.433123,231.543694,01:45:00,5.88114,1.11078,6.58441,-20.30804,13.03166,14.88332,2.12521,0.59488,82.17424,-6.133142,0.791505,0.415578,96.34922,13.511097,-5.170851,4641.685461,109.72348,17.02254,-7.79479,217.14349,217.14349,-3.535828,2.054758,-8.44048,7.93453,-0.98521,50,5.71841,3.8273,-132.0931,-5.75625,-14.66591,32.48738,-18.3872,EDM_RIV,VIC_HAR,ReMaxField,WCL,WCL,20250603-ReMaxField-1,53970520-40e5-11f0-a7a5-433c097ba25c,90.69889,17.05355,NA,8.86498,NA,NA,NA,1.32083,2.08895,-0.48049,0bdbd4b3-898e-42a4-aa80-c2a84fb0bbcf,2025-06-04,01:43:31,2025-06-04T01:43:31Z,2025-06-04T01:43:31Z,LineDrive,v3,NA,NA,NA,"Green, Jason",1000435054,Right,EDM_RIV,f2d84c94-fd49-4ca4-8fdf-354b41487abd,53.91332,-133.05207,16.24369,5.88031,-5.21349,-9.1936,-1.10458,4.26021,-7.33295,257.911399,1.32083,136.84187,-20.97097,3.78059,-0.71409,0.08967,-0.00896,6.8e-4,-3e-5,2.08895,33.01522,-20.02646,2.31228,-0.43762,0.08504,-0.012070000000000001,0.00118,-7e-5,-0.4805,-12.38332,7.13535,-3.4968,1.12623,-0.29172,0.0607,-0.00922,6.6e-4,NA,NA,NA,NA,NA,NA,NA,NA,NA,NA,NA,NA,NA,NA,NA,NA,NA,NA,NA,NA,NA,NA,High,High,High,High,High,NA,NA,NA,NA,NA,NA,NA,NA,NA,NA,NA,NA,NA,NA,NA,NA,NA,NA,NA,NA,NA,NA,NA,NA,NA,NA,NA,NA,NA,NA,NA,NA,NA,NA,NA,NA,NA,NA,NA,NA,NA,NA,NA,NA,NA,NA,NA,NA,NA,NA,NA,NA,NA,NA,NA,NA
NA,NA,NA,NA,NA,NA,NA,NA,NA,NA,NA,NA,NA,NA,NA,NA,68,2025-06-03,18:44:04,4,1,"Dearing, Tate",1000336151,Right,EDM_RIV,"Johnson, Jack",1000112313,Right,VIC_HAR,Undefined,3,Top,2,0,0,Undefined,Sinker,InPlay,Undefined,FlyBall,Out,1,0,NA,90.16394,-1.499726,-1.865957,2028.480496,221.24913,01:15:00,5.91637,1.09268,6.46963,-17.86454,16.07615,13.06406,3.04926,0.46704,81.65847,-4.936269,0.503948,0.419307,75.6596,39.789755,20.089634,5044.682112,99.62205,71.1877,46.64158,235.61295,214.20715,31.931237,4.550663,-7.44744,9.2352,-0.96671,50,5.80258,3.75297,-130.92321,-3.90653,-12.77931,30.578,-16.327,EDM_RIV,VIC_HAR,ReMaxField,WCL,WCL,20250603-ReMaxField-1,66cf5e80-40e5-11f0-a7a5-433c097ba25c,89.89232,75.10997,NA,8.50546,NA,NA,NA,2.24863,3.23121,-0.44485,0bdbd4b3-898e-42a4-aa80-c2a84fb0bbcf,2025-06-04,01:44:04,2025-06-04T01:44:04Z,2025-06-04T01:44:04Z,FlyBall,v3,NA,NA,NA,"Green, Jason",1000435054,Right,EDM_RIV,bd5c0d08-1f0a-4e5a-ac3e-3c4cbdc358ac,54.02918,-131.8609,15.289,5.9147,-3.40586,-8.1635,-1.0878,4.14485,-6.38965,210.18733,2.25004,80.05043,-17.179,3.92235,-0.74667,0.1248,-0.02316,0.00371,-2.6e-4,3.23205,70.9905,-19.81094,1.23756,0.08719,-0.15645,0.0551,-0.00855,5e-4,-0.44471,29.28526,0.36187,-0.56413,0.20272,-0.04636,0.00685,-5.9e-4,2e-5,NA,NA,NA,NA,NA,NA,NA,NA,NA,NA,NA,NA,NA,NA,NA,NA,NA,NA,NA,NA,NA,NA,High,High,High,High,Medium,NA,NA,NA,NA,NA,NA,NA,NA,NA,NA,NA,NA,NA,NA,NA,NA,NA,NA,NA,NA,NA,NA,NA,NA,NA,NA,NA,NA,NA,NA,NA,NA,NA,NA,NA,NA,NA,NA,NA,NA,NA,NA,NA,NA,NA,NA,NA,NA,NA,NA,NA,NA,NA,NA,NA,NA
NA,NA,NA,NA,NA,NA,NA,NA,NA,NA,NA,NA,NA,NA,NA,NA,69,2025-06-03,18:46:30,1,1,"Burks, Carson",1000098032,Left,VIC_HAR,"Stagg, Max",1000435060,Right,EDM_RIV,Undefined,3,Bottom,0,0,0,Undefined,Changeup,StrikeCalled,Undefined,Undefined,Undefined,0,0,NA,73.86341,0.078174,0.73189,1727.717055,166.223008,11:30:00,5.87981,-1.3231,4.71712,-37.32947,17.5095,-3.76047,2.84322,-0.94188,66.10145,-6.815132,0.071332,0.532986,NA,NA,NA,NA,NA,NA,NA,NA,NA,NA,NA,2.07973,9.15623,1.25267,50,5.85594,-1.20802,-106.74249,-1.05057,2.34282,22.41933,-21.85954,EDM_RIV,VIC_HAR,ReMaxField,WCL,WCL,20250603-ReMaxField-1,be4a3c70-40e5-11f0-a7a5-433c097ba25c,70.71934,NA,NA,7.76196,NA,NA,NA,NA,NA,NA,0bdbd4b3-898e-42a4-aa80-c2a84fb0bbcf,2025-06-04,01:46:30,2025-06-04T01:46:30Z,2025-06-04T01:46:30Z,NA,v3,NA,NA,NA,"Berezowski, Jai",1000335502,Right,VIC_HAR,eb45e9fe-8814-4517-b93b-9b7a64fc53e0,55.77417,-107.94844,11.20967,5.88082,0.12526,-10.92977,1.32104,-1.33405,1.17141,NA,NA,NA,NA,NA,NA,NA,NA,NA,NA,NA,NA,NA,NA,NA,NA,NA,NA,NA,NA,NA,NA,NA,NA,NA,NA,NA,NA,NA,NA,NA,NA,NA,NA,NA,NA,NA,NA,NA,NA,NA,NA,NA,NA,NA,NA,NA,NA,NA,NA,High,High,High,NA,NA,NA,NA,NA,NA,NA,NA,NA,NA,NA,NA,NA,NA,NA,NA,NA,NA,NA,NA,NA,NA,NA,NA,NA,NA,NA,NA,NA,NA,NA,NA,NA,NA,NA,NA,NA,NA,NA,NA,NA,NA,NA,NA,NA,NA,NA,NA,NA,NA,NA,NA,NA,NA,NA,NA,NA,NA
NA,NA,NA,NA,NA,NA,NA,NA,NA,NA,NA,NA,NA,NA,NA,NA,70,2025-06-03,18:46:44,1,2,"Burks, Carson",1000098032,Left,VIC_HAR,"Stagg, Max",1000435060,Right,EDM_RIV,Undefined,3,Bottom,0,0,1,Undefined,Changeup,BallCalled,Undefined,Undefined,Undefined,0,0,NA,82.46486,-1.06408,0.200502,2261.695892,135.33071,10:30:00,5.96143,-1.30793,5.05034,-28.00942,15.73812,-13.76005,2.62358,-2.2655,73.26579,-6.299368,-2.231971,0.476045,NA,NA,NA,NA,NA,NA,NA,NA,NA,NA,NA,6.82174,8.69288,1.30015,50,5.83892,0.2029,-119.1687,-3.14569,9.50261,29.57717,-20.06493,EDM_RIV,VIC_HAR,ReMaxField,WCL,WCL,20250603-ReMaxField-1,c67b8e80-40e5-11f0-a7a5-433c097ba25c,79.17827,NA,NA,9.19907,NA,NA,NA,NA,NA,NA,0bdbd4b3-898e-42a4-aa80-c2a84fb0bbcf,2025-06-04,01:46:44,2025-06-04T01:46:44Z,2025-06-04T01:46:44Z,NA,v3,NA,NA,NA,"Berezowski, Jai",1000335502,Right,VIC_HAR,ba67d8b2-0636-425b-8b24-d8b14aa26930,55.44113,-120.5116,14.78858,5.96106,-2.23468,-10.03247,1.30073,-0.22855,4.75131,NA,NA,NA,NA,NA,NA,NA,NA,NA,NA,NA,NA,NA,NA,NA,NA,NA,NA,NA,NA,NA,NA,NA,NA,NA,NA,NA,NA,NA,NA,NA,NA,NA,NA,NA,NA,NA,NA,NA,NA,NA,NA,NA,NA,NA,NA,NA,NA,NA,NA,High,High,High,NA,NA,NA,NA,NA,NA,NA,NA,NA,NA,NA,NA,NA,NA,NA,NA,NA,NA,NA,NA,NA,NA,NA,NA,NA,NA,NA,NA,NA,NA,NA,NA,NA,NA,NA,NA,NA,NA,NA,NA,NA,NA,NA,NA,NA,NA,NA,NA,NA,NA,NA,NA,NA,NA,NA,NA,NA,NA
NA,NA,NA,NA,NA,NA,NA,NA,NA,NA,NA,NA,NA,NA,NA,NA,71,2025-06-03,18:47:00,1,3,"Burks, Carson",1000098032,Left,VIC_HAR,"Stagg, Max",1000435060,Right,EDM_RIV,Undefined,3,Bottom,0,1,1,Undefined,Changeup,BallCalled,Undefined,Undefined,Undefined,0,0,NA,74.31475,-2.106068,3.398627,1696.504443,155.0627,11:15:00,5.84428,-1.32483,4.93464,-34.20277,19.530639999999998,-8.10233,0.999,1.21611,66.95188,-8.418407,1.972412,0.527586,NA,NA,NA,NA,NA,NA,NA,NA,NA,NA,NA,5.16189,10.9506,1.00108,50,5.61184,-6.05132,-107.28272,-5.00785,5.89412,22.06589,-19.67004,EDM_RIV,VIC_HAR,ReMaxField,WCL,WCL,20250603-ReMaxField-1,d00fcbf0-40e5-11f0-a7a5-433c097ba25c,71.44317,NA,NA,7.36287,NA,NA,NA,NA,NA,NA,0bdbd4b3-898e-42a4-aa80-c2a84fb0bbcf,2025-06-04,01:47:00,2025-06-04T01:47:00Z,2025-06-04T01:47:00Z,NA,v3,NA,NA,NA,"Berezowski, Jai",1000335502,Right,VIC_HAR,c9f2625b-f343-44ca-9786-2d74489555b7,55.56026,-108.42032,11.03294,5.84388,-3.99377,-9.83502,1.32089,-6.35519,2.94706,NA,NA,NA,NA,NA,NA,NA,NA,NA,NA,NA,NA,NA,NA,NA,NA,NA,NA,NA,NA,NA,NA,NA,NA,NA,NA,NA,NA,NA,NA,NA,NA,NA,NA,NA,NA,NA,NA,NA,NA,NA,NA,NA,NA,NA,NA,NA,NA,NA,NA,High,High,High,NA,NA,NA,NA,NA,NA,NA,NA,NA,NA,NA,NA,NA,NA,NA,NA,NA,NA,NA,NA,NA,NA,NA,NA,NA,NA,NA,NA,NA,NA,NA,NA,NA,NA,NA,NA,NA,NA,NA,NA,NA,NA,NA,NA,NA,NA,NA,NA,NA,NA,NA,NA,NA,NA,NA,NA,NA,NA
NA,NA,NA,NA,NA,NA,NA,NA,NA,NA,NA,NA,NA,NA,NA,NA,72,2025-06-03,18:47:16,1,4,"Burks, Carson",1000098032,Left,VIC_HAR,"Stagg, Max",1000435060,Right,EDM_RIV,Undefined,3,Bottom,0,2,1,Undefined,Four-Seam,InPlay,Undefined,GroundBall,Single,0,0,NA,81.85227,-1.982177,1.623625,2209.251393,141.467789,10:45:00,5.88296,-1.28942,5.27361,-27.54549,16.39938,-11.62579,1.72419,-0.73279,73.01193,-7.140453,-0.440144,0.477118,47.97829,-43.372941,-63.838999,NA,NA,NA,NA,3.26702,3.26702,-18.015507,0.037617,6.40831,9.41902,1.15006,50,5.68242,-2.86044,-118.3176,-4.97446,8.82151,28.6525,-19.20803,EDM_RIV,VIC_HAR,ReMaxField,WCL,WCL,20250603-ReMaxField-1,d9b6ce10-40e5-11f0-a7a5-433c097ba25c,79.0003,1.82834,NA,8.84034,NA,NA,NA,2.25361,1.82834,0.72659,0bdbd4b3-898e-42a4-aa80-c2a84fb0bbcf,2025-06-04,01:47:16,2025-06-04T01:47:16Z,2025-06-04T01:47:16Z,GroundBall,v3,NA,NA,NA,"Berezowski, Jai",1000335502,Right,VIC_HAR,a3f383f9-0a55-4898-a588-9a12fc7d625a,55.22084,-119.57523,14.32625,5.88226,-4.13137,-9.60402,1.2841,-3.24763,4.41075,NA,2.25282,22.6821,NA,NA,NA,NA,NA,NA,NA,1.83003,-48.60367,NA,NA,NA,NA,NA,NA,NA,0.7282,-46.17543,NA,NA,NA,NA,NA,NA,NA,NA,NA,NA,NA,NA,NA,NA,NA,NA,NA,NA,NA,NA,NA,NA,NA,NA,NA,NA,NA,NA,NA,High,High,High,Estimated,Estimated,NA,NA,NA,NA,NA,NA,NA,NA,NA,NA,NA,NA,NA,NA,NA,NA,NA,NA,NA,NA,NA,NA,NA,NA,NA,NA,NA,NA,NA,NA,NA,NA,NA,NA,NA,NA,NA,NA,NA,NA,NA,NA,NA,NA,NA,NA,NA,NA,NA,NA,NA,NA,NA,NA,NA,NA
NA,NA,NA,NA,NA,NA,NA,NA,NA,NA,NA,NA,NA,NA,NA,NA,73,2025-06-03,18:48:04,2,1,"Burks, Carson",1000098032,Left,VIC_HAR,"Green, Jason",1000435054,Left,EDM_RIV,Undefined,3,Bottom,0,0,0,Undefined,Curveball,StrikeSwinging,Undefined,Undefined,Undefined,0,0,NA,68.74449,3.588826,1.557246,2187.206377,325.851458,04:45:00,5.74658,-1.34336,4.41509,-73.76697,-11.16331,8.86374,3.02977,0.88167,63.38137,-9.546348,3.104766,0.56947,NA,NA,NA,NA,NA,NA,NA,NA,NA,NA,NA,-3.84567,-5.75969,1.16851,50,6.05579,-3.05051,-99.54933,3.69662,-3.86272,15.84107,-37.95926,EDM_RIV,VIC_HAR,ReMaxField,WCL,WCL,20250603-ReMaxField-1,f63dd060-40e5-11f0-a7a5-433c097ba25c,66.18857,NA,NA,5.36312,NA,NA,NA,NA,NA,NA,0bdbd4b3-898e-42a4-aa80-c2a84fb0bbcf,2025-06-04,01:48:04,2025-06-04T01:48:04Z,2025-06-04T01:48:04Z,NA,v3,NA,NA,NA,"Berezowski, Jai",1000335502,Right,VIC_HAR,286e7290-7577-4028-ba35-e6dc9bb4e840,56.08839,-100.51349,7.92054,5.76049,6.007,-18.97963,1.34703,-2.8154,-1.93136,NA,NA,NA,NA,NA,NA,NA,NA,NA,NA,NA,NA,NA,NA,NA,NA,NA,NA,NA,NA,NA,NA,NA,NA,NA,NA,NA,NA,NA,NA,NA,NA,NA,NA,NA,NA,NA,NA,NA,NA,NA,NA,NA,NA,NA,NA,NA,NA,NA,NA,High,High,High,NA,NA,NA,NA,NA,NA,NA,NA,NA,NA,NA,NA,NA,NA,NA,NA,NA,NA,NA,NA,NA,NA,NA,NA,NA,NA,NA,NA,NA,NA,NA,NA,NA,NA,NA,NA,NA,NA,NA,NA,NA,NA,NA,NA,NA,NA,NA,NA,NA,NA,NA,NA,NA,NA,NA,NA,NA,NA
NA,NA,NA,NA,NA,NA,NA,NA,NA,NA,NA,NA,NA,NA,NA,NA,74,2025-06-03,18:48:22,2,2,"Burks, Carson",1000098032,Left,VIC_HAR,"Green, Jason",1000435054,Left,EDM_RIV,Undefined,3,Bottom,0,0,1,Undefined,Slider,BallCalled,Undefined,Undefined,Undefined,0,0,NA,80.7836,-2.17804,1.550225,2171.521503,177.894587,12:00:00,6.11816,-1.07438,5.01185,-34.50486,9.41512,-0.29909,1.18528,0.36423,74.95274,-8.421203,1.497352,0.476982,NA,NA,NA,NA,NA,NA,NA,NA,NA,NA,NA,0.53744,5.60457,0.92592,50,5.88128,-3.15986,-117.21699,-5.68626,0.75496,20.154419999999998,-24.30115,EDM_RIV,VIC_HAR,ReMaxField,WCL,WCL,20250603-ReMaxField-1,00aa6c70-40e6-11f0-a7a5-433c097ba25c,79.02269,NA,NA,5.83086,NA,NA,NA,NA,NA,NA,0bdbd4b3-898e-42a4-aa80-c2a84fb0bbcf,2025-06-04,01:48:22,2025-06-04T01:48:22Z,2025-06-04T01:48:22Z,NA,v3,NA,NA,NA,"Berezowski, Jai",1000335502,Right,VIC_HAR,8e605b71-7714-43a8-9b84-f41307f11ce4,55.48791,-118.15681,10.077209999999999,6.12002,-4.55306,-12.15058,1.07409,-3.19506,0.37748,NA,NA,NA,NA,NA,NA,NA,NA,NA,NA,NA,NA,NA,NA,NA,NA,NA,NA,NA,NA,NA,NA,NA,NA,NA,NA,NA,NA,NA,NA,NA,NA,NA,NA,NA,NA,NA,NA,NA,NA,NA,NA,NA,NA,NA,NA,NA,NA,NA,NA,High,High,High,NA,NA,NA,NA,NA,NA,NA,NA,NA,NA,NA,NA,NA,NA,NA,NA,NA,NA,NA,NA,NA,NA,NA,NA,NA,NA,NA,NA,NA,NA,NA,NA,NA,NA,NA,NA,NA,NA,NA,NA,NA,NA,NA,NA,NA,NA,NA,NA,NA,NA,NA,NA,NA,NA,NA,NA,NA,NA
NA,NA,NA,NA,NA,NA,NA,NA,NA,NA,NA,NA,NA,NA,NA,NA,75,2025-06-03,18:48:55,2,3,"Burks, Carson",1000098032,Left,VIC_HAR,"Green, Jason",1000435054,Left,EDM_RIV,Undefined,3,Bottom,0,1,1,Undefined,Curveball,BallCalled,Undefined,Undefined,Undefined,0,0,NA,68.1737,2.306856,2.025474,2215.100458,332.468439,05:00:00,5.70081,-1.25907,4.36944,-75.21662,-10.7217,6.74189,1.63851,1.23801,62.40336,-11.084691,3.203305,0.578008,NA,NA,NA,NA,NA,NA,NA,NA,NA,NA,NA,-2.62555,-5.28248,1.03482,50,5.87286,-3.7474,-98.64225,1.40829,-2.55418,17.54499,-37.31295,EDM_RIV,VIC_HAR,ReMaxField,WCL,WCL,20250603-ReMaxField-1,14e4a570-40e6-11f0-a7a5-433c097ba25c,65.2109,NA,NA,5.77034,NA,NA,NA,NA,NA,NA,0bdbd4b3-898e-42a4-aa80-c2a84fb0bbcf,2025-06-04,01:48:55,2025-06-04T01:48:55Z,2025-06-04T01:48:55Z,NA,v3,NA,NA,NA,"Berezowski, Jai",1000335502,Right,VIC_HAR,40a6d504-19e9-4c22-b2f6-e0cbd7b4d5fa,56.13236,-99.72702,8.7725,5.71447,3.71527,-18.65648,1.26163,-3.58948,-1.27709,NA,NA,NA,NA,NA,NA,NA,NA,NA,NA,NA,NA,NA,NA,NA,NA,NA,NA,NA,NA,NA,NA,NA,NA,NA,NA,NA,NA,NA,NA,NA,NA,NA,NA,NA,NA,NA,NA,NA,NA,NA,NA,NA,NA,NA,NA,NA,NA,NA,NA,High,High,High,NA,NA,NA,NA,NA,NA,NA,NA,NA,NA,NA,NA,NA,NA,NA,NA,NA,NA,NA,NA,NA,NA,NA,NA,NA,NA,NA,NA,NA,NA,NA,NA,NA,NA,NA,NA,NA,NA,NA,NA,NA,NA,NA,NA,NA,NA,NA,NA,NA,NA,NA,NA,NA,NA,NA,NA,NA,NA
NA,NA,NA,NA,NA,NA,NA,NA,NA,NA,NA,NA,NA,NA,NA,NA,76,2025-06-03,18:49:14,2,4,"Burks, Carson",1000098032,Left,VIC_HAR,"Green, Jason",1000435054,Left,EDM_RIV,Undefined,3,Bottom,0,2,1,Undefined,Slider,BallCalled,Undefined,Undefined,Undefined,0,0,NA,80.79317,0.787541,1.358042,2177.589958,199.49324,12:45:00,6.05923,-1.16988,5.11508,-33.81994,10.37044,3.16685,3.98305,0.3736,73.71447,-5.424218,1.917983,0.478449,NA,NA,NA,NA,NA,NA,NA,NA,NA,NA,NA,-1.1782300000000001,5.37571,1.03952,50,6.10747,-2.91267,-117.14055,0.43743,-1.63411,22.50552,-24.71824,EDM_RIV,VIC_HAR,ReMaxField,WCL,WCL,20250603-ReMaxField-1,1fb385c0-40e6-11f0-a7a5-433c097ba25c,78.78055,NA,NA,7.0787,NA,NA,NA,NA,NA,NA,0bdbd4b3-898e-42a4-aa80-c2a84fb0bbcf,2025-06-04,01:49:14,2025-06-04T01:49:14Z,2025-06-04T01:49:14Z,NA,v3,NA,NA,NA,"Berezowski, Jai",1000335502,Right,VIC_HAR,62a79cd9-fd99-4031-9fe2-1214ebc0c84d,55.38092,-118.16983,11.25276,6.06162,1.56791,-12.35912,1.17103,-2.83793,-0.81706,NA,NA,NA,NA,NA,NA,NA,NA,NA,NA,NA,NA,NA,NA,NA,NA,NA,NA,NA,NA,NA,NA,NA,NA,NA,NA,NA,NA,NA,NA,NA,NA,NA,NA,NA,NA,NA,NA,NA,NA,NA,NA,NA,NA,NA,NA,NA,NA,NA,NA,High,High,High,NA,NA,NA,NA,NA,NA,NA,NA,NA,NA,NA,NA,NA,NA,NA,NA,NA,NA,NA,NA,NA,NA,NA,NA,NA,NA,NA,NA,NA,NA,NA,NA,NA,NA,NA,NA,NA,NA,NA,NA,NA,NA,NA,NA,NA,NA,NA,NA,NA,NA,NA,NA,NA,NA,NA,NA,NA,NA
NA,NA,NA,NA,NA,NA,NA,NA,NA,NA,NA,NA,NA,NA,NA,NA,77,2025-06-03,18:49:33,2,5,"Burks, Carson",1000098032,Left,VIC_HAR,"Green, Jason",1000435054,Left,EDM_RIV,Undefined,3,Bottom,0,3,1,Undefined,Slider,BallCalled,Walk,Undefined,Undefined,0,0,NA,80.12282,-0.375862,0.334603,2137.233012,149.54247,11:00:00,5.88509,-1.48951,5.0754,-36.74167,8.20083,-3.96984,2.46893,-1.50489,73.35191,-7.084589,-0.36794,0.482503,NA,NA,NA,NA,NA,NA,NA,NA,NA,NA,NA,2.10941,4.54075,1.4612,50,5.82045,-0.52042,-116.27905,-2.03534,2.87832,22.48812,-25.97812,EDM_RIV,VIC_HAR,ReMaxField,WCL,WCL,20250603-ReMaxField-1,2b4fc830-40e6-11f0-a7a5-433c097ba25c,78.11856,NA,NA,6.77091,NA,NA,NA,NA,NA,NA,0bdbd4b3-898e-42a4-aa80-c2a84fb0bbcf,2025-06-04,01:49:33,2025-06-04T01:49:33Z,2025-06-04T01:49:33Z,NA,v3,NA,NA,NA,"Berezowski, Jai",1000335502,Right,VIC_HAR,8331c50a-bd20-40a1-9b9f-576be5b0d3de,55.42556,-117.32365,11.24406,5.88697,-0.82863,-12.98906,1.48848,-0.65412,1.43916,NA,NA,NA,NA,NA,NA,NA,NA,NA,NA,NA,NA,NA,NA,NA,NA,NA,NA,NA,NA,NA,NA,NA,NA,NA,NA,NA,NA,NA,NA,NA,NA,NA,NA,NA,NA,NA,NA,NA,NA,NA,NA,NA,NA,NA,NA,NA,NA,NA,NA,High,High,High,NA,NA,NA,NA,NA,NA,NA,NA,NA,NA,NA,NA,NA,NA,NA,NA,NA,NA,NA,NA,NA,NA,NA,NA,NA,NA,NA,NA,NA,NA,NA,NA,NA,NA,NA,NA,NA,NA,NA,NA,NA,NA,NA,NA,NA,NA,NA,NA,NA,NA,NA,NA,NA,NA,NA,NA,NA,NA
NA,NA,NA,NA,NA,NA,NA,NA,NA,NA,NA,NA,NA,NA,NA,NA,78,2025-06-03,18:50:04,3,1,"Burks, Carson",1000098032,Left,VIC_HAR,"Middlemiss, Mitchell",1000120734,Right,EDM_RIV,Undefined,3,Bottom,0,0,0,Undefined,Changeup,BallCalled,Undefined,Undefined,Undefined,0,0,NA,81.93813,-0.224302,0.085861,2178.657266,129.536831,10:15:00,5.86395,-1.4106,5.06458,-30.69057,12.78678,-13.61056,3.0949,-2.46386,74.06282,-5.893952,-2.320451,0.474573,NA,NA,NA,NA,NA,NA,NA,NA,NA,NA,NA,6.73059,6.87205,1.41358,50,5.81903,0.42,-118.7,-1.52371,9.47619,25.51438,-22.49867,EDM_RIV,VIC_HAR,ReMaxField,WCL,WCL,20250603-ReMaxField-1,3d6bdc20-40e6-11f0-a7a5-433c097ba25c,79.4239,NA,NA,7.87531,NA,NA,NA,NA,NA,NA,0bdbd4b3-898e-42a4-aa80-c2a84fb0bbcf,2025-06-04,01:50:04,2025-06-04T01:50:04Z,2025-06-04T01:50:04Z,NA,v3,NA,NA,NA,"Berezowski, Jai",1000335502,Right,VIC_HAR,1850bf8f-663a-4abb-a091-24f94dd74c1f,55.43055,-119.8616,12.75719,5.86508,-0.49941,-11.24934,1.40428,-0.01142,4.73809,NA,NA,NA,NA,NA,NA,NA,NA,NA,NA,NA,NA,NA,NA,NA,NA,NA,NA,NA,NA,NA,NA,NA,NA,NA,NA,NA,NA,NA,NA,NA,NA,NA,NA,NA,NA,NA,NA,NA,NA,NA,NA,NA,NA,NA,NA,NA,NA,NA,NA,High,High,High,NA,NA,NA,NA,NA,NA,NA,NA,NA,NA,NA,NA,NA,NA,NA,NA,NA,NA,NA,NA,NA,NA,NA,NA,NA,NA,NA,NA,NA,NA,NA,NA,NA,NA,NA,NA,NA,NA,NA,NA,NA,NA,NA,NA,NA,NA,NA,NA,NA,NA,NA,NA,NA,NA,NA,NA,NA,NA
NA,NA,NA,NA,NA,NA,NA,NA,NA,NA,NA,NA,NA,NA,NA,NA,79,2025-06-03,18:50:21,3,2,"Burks, Carson",1000098032,Left,VIC_HAR,"Middlemiss, Mitchell",1000120734,Right,EDM_RIV,Undefined,3,Bottom,0,1,0,Undefined,Slider,FoulBallNotFieldable,Undefined,Undefined,Undefined,0,0,NA,80.36416,0.462351,0.8041,2022.976488,216.085217,01:15:00,5.94037,-1.30462,5.03228,-38.39372,5.71374,3.2802,3.17717,-0.27256,74.54939,-6.499777,1.383755,0.478,NA,NA,NA,NA,NA,NA,NA,NA,NA,NA,NA,-1.43319,3.11496,1.22504,50,5.95374,-1.77621,-116.76587,-0.43977,-2.00546,19.19785,-27.81529,EDM_RIV,VIC_HAR,ReMaxField,WCL,WCL,20250603-ReMaxField-1,47ce8d20-40e6-11f0-a7a5-433c097ba25c,78.85456,NA,NA,5.81478,NA,NA,NA,NA,NA,NA,0bdbd4b3-898e-42a4-aa80-c2a84fb0bbcf,2025-06-04,01:50:21,2025-06-04T01:50:21Z,2025-06-04T01:50:21Z,NA,v3,NA,NA,NA,"Berezowski, Jai",1000335502,Right,VIC_HAR,12956a3a-1d19-4ee7-9a64-538f70b56dbd,55.46732,-117.66134,9.59893,5.94399,0.85764,-13.90764,1.30571,-1.68267,-1.00273,NA,NA,NA,NA,NA,NA,NA,NA,NA,NA,NA,NA,NA,NA,NA,NA,NA,NA,NA,NA,NA,NA,NA,NA,NA,NA,NA,NA,NA,NA,NA,NA,NA,NA,NA,NA,NA,NA,NA,NA,NA,NA,NA,NA,NA,NA,NA,NA,NA,NA,High,High,High,NA,NA,NA,NA,NA,NA,NA,NA,NA,NA,NA,NA,NA,NA,NA,NA,NA,NA,NA,NA,NA,NA,NA,NA,NA,NA,NA,NA,NA,NA,NA,NA,NA,NA,NA,NA,NA,NA,NA,NA,NA,NA,NA,NA,NA,NA,NA,NA,NA,NA,NA,NA,NA,NA,NA,NA,NA,NA
NA,NA,NA,NA,NA,NA,NA,NA,NA,NA,NA,NA,NA,NA,NA,NA,80,2025-06-03,18:50:43,3,3,"Burks, Carson",1000098032,Left,VIC_HAR,"Middlemiss, Mitchell",1000120734,Right,EDM_RIV,Undefined,3,Bottom,0,1,1,Undefined,Slider,BallCalled,Undefined,Undefined,Undefined,0,0,NA,80.67802,2.441314,0.972625,2130.522765,194.730905,12:30:00,5.99574,-1.23602,5.01906,-37.76045,6.87367,1.4228,5.15468,-0.19948,73.26045,-4.473797,1.223652,0.480845,NA,NA,NA,NA,NA,NA,NA,NA,NA,NA,NA,-0.41626,3.1615,1.14167,50,6.1998,-2.04574,-116.85094,3.631,-0.57321,22.849240000000002,-27.82053,EDM_RIV,VIC_HAR,ReMaxField,WCL,WCL,20250603-ReMaxField-1,5518f4c0-40e6-11f0-a7a5-433c097ba25c,78.38796,NA,NA,7.41757,NA,NA,NA,NA,NA,NA,0bdbd4b3-898e-42a4-aa80-c2a84fb0bbcf,2025-06-04,01:50:43,2025-06-04T01:50:43Z,2025-06-04T01:50:43Z,NA,v3,NA,NA,NA,"Berezowski, Jai",1000335502,Right,VIC_HAR,9b46232b-04e3-4bfa-ab86-5ea60a13c401,55.47672,-117.917,11.424620000000001,6.00011,4.92901,-13.91027,1.23649,-2.019,-0.2866,NA,NA,NA,NA,NA,NA,NA,NA,NA,NA,NA,NA,NA,NA,NA,NA,NA,NA,NA,NA,NA,NA,NA,NA,NA,NA,NA,NA,NA,NA,NA,NA,NA,NA,NA,NA,NA,NA,NA,NA,NA,NA,NA,NA,NA,NA,NA,NA,NA,NA,High,High,High,NA,NA,NA,NA,NA,NA,NA,NA,NA,NA,NA,NA,NA,NA,NA,NA,NA,NA,NA,NA,NA,NA,NA,NA,NA,NA,NA,NA,NA,NA,NA,NA,NA,NA,NA,NA,NA,NA,NA,NA,NA,NA,NA,NA,NA,NA,NA,NA,NA,NA,NA,NA,NA,NA,NA,NA,NA,NA
NA,NA,NA,NA,NA,NA,NA,NA,NA,NA,NA,NA,NA,NA,NA,NA,81,2025-06-03,18:51:02,3,4,"Burks, Carson",1000098032,Left,VIC_HAR,"Middlemiss, Mitchell",1000120734,Right,EDM_RIV,Undefined,3,Bottom,0,2,1,Undefined,Slider,InPlay,Undefined,LineDrive,Double,0,1,NA,78.99841,0.021831,1.972687,2066.562139,149.521959,11:00:00,5.80454,-1.46253,5.2271,-37.69301,8.00886,-3.9024,2.684,0.0675,72.76595,-6.862002,1.28099,0.486562,106.27944,16.670555,-18.252368,1387.101353,102.7136,29.59932,-39.36685,330.81751,330.52398,-26.666047,3.305344,2.49138,4.38055,1.28379,50,5.77829,-3.79604,-114.67711,-1.2288,3.33293,20.29456,-26.31382,EDM_RIV,VIC_HAR,ReMaxField,WCL,WCL,20250603-ReMaxField-1,5ff801b0-40e6-11f0-a7a5-433c097ba25c,77.46684,36.97509,NA,6.23246,NA,NA,NA,2.36395,2.74295,-0.02776,0bdbd4b3-898e-42a4-aa80-c2a84fb0bbcf,2025-06-04,01:51:02,2025-06-04T01:51:02Z,2025-06-04T01:51:02Z,LineDrive,v3,NA,NA,NA,"Berezowski, Jai",1000335502,Right,VIC_HAR,8f5a989d-e7fa-4b15-94aa-9093fd0bc96c,55.27313,-115.60654,10.14728,5.80697,-0.02371,-13.15691,1.46113,-3.94868,1.66646,131.060315,2.36408,141.8065,-30.01165,7.54717,-1.63772,0.27341,-0.02936,9.5e-4,1.2e-4,2.74277,44.72263,-14.82169,-0.19856,0.30311,-0.05529,-0.00415,0.00365,-4.3e-4,-0.02774,-46.7699,-2.46554,2.44706,-0.94919,0.26352,-0.05304,0.00665,-3.8e-4,NA,NA,NA,NA,NA,NA,NA,NA,NA,NA,NA,NA,NA,NA,NA,NA,NA,NA,NA,NA,NA,NA,High,High,High,High,High,NA,NA,NA,NA,NA,NA,NA,NA,NA,NA,NA,NA,NA,NA,NA,NA,NA,NA,NA,NA,NA,NA,NA,NA,NA,NA,NA,NA,NA,NA,NA,NA,NA,NA,NA,NA,NA,NA,NA,NA,NA,NA,NA,NA,NA,NA,NA,NA,NA,NA,NA,NA,NA,NA,NA,NA
NA,NA,NA,NA,NA,NA,NA,NA,NA,NA,NA,NA,NA,NA,NA,NA,82,2025-06-03,18:51:54,4,1,"Burks, Carson",1000098032,Left,VIC_HAR,"Fox, Jaxon",1000435053,Right,EDM_RIV,Undefined,3,Bottom,0,0,0,Undefined,Changeup,StrikeCalled,Undefined,Undefined,Undefined,0,0,NA,73.67826,1.122907,0.967111,1631.558929,161.077482,11:15:00,5.82432,-1.29928,4.7669,-40.85534,13.44702,-3.95508,3.48465,-0.71185,66.73044,-6.360104,0.272009,0.530372,NA,NA,NA,NA,NA,NA,NA,NA,NA,NA,NA,2.2239,6.82008,1.20603,50,5.90196,-1.63933,-106.6455,0.74822,2.53513,20.08297,-24.39957,EDM_RIV,VIC_HAR,ReMaxField,WCL,WCL,20250603-ReMaxField-1,7ef693b0-40e6-11f0-a7a5-433c097ba25c,71.06789,NA,NA,6.94782,NA,NA,NA,NA,NA,NA,0bdbd4b3-898e-42a4-aa80-c2a84fb0bbcf,2025-06-04,01:51:54,2025-06-04T01:51:54Z,2025-06-04T01:51:54Z,NA,v3,NA,NA,NA,"Berezowski, Jai",1000335502,Right,VIC_HAR,b59cac18-88e7-4696-83ba-16f4e19a3e4c,55.72713,-107.71861,10.04149,5.82715,2.05198,-12.19979,1.29724,-1.77479,1.26757,NA,NA,NA,NA,NA,NA,NA,NA,NA,NA,NA,NA,NA,NA,NA,NA,NA,NA,NA,NA,NA,NA,NA,NA,NA,NA,NA,NA,NA,NA,NA,NA,NA,NA,NA,NA,NA,NA,NA,NA,NA,NA,NA,NA,NA,NA,NA,NA,NA,NA,High,High,High,NA,NA,NA,NA,NA,NA,NA,NA,NA,NA,NA,NA,NA,NA,NA,NA,NA,NA,NA,NA,NA,NA,NA,NA,NA,NA,NA,NA,NA,NA,NA,NA,NA,NA,NA,NA,NA,NA,NA,NA,NA,NA,NA,NA,NA,NA,NA,NA,NA,NA,NA,NA,NA,NA,NA,NA,NA,NA
NA,NA,NA,NA,NA,NA,NA,NA,NA,NA,NA,NA,NA,NA,NA,NA,83,2025-06-03,18:52:11,4,2,"Burks, Carson",1000098032,Left,VIC_HAR,"Fox, Jaxon",1000435053,Right,EDM_RIV,Undefined,3,Bottom,0,0,1,Undefined,Slider,FoulBallNotFieldable,Undefined,Undefined,Undefined,0,0,NA,80.70525,-0.039278,1.594813,2158.214901,189.090071,12:15:00,5.8908,-1.39312,5.23611,-33.58683,10.27792,1.42827,3.05497,0.2253,74.10306,-6.19958,1.847998,0.476683,60.54145,55.415549,51.776539,4649.834342,56.22821,61.30351,94.54303,154.28469,146.93185,60.722981,4.036135,-0.28508,5.54646,1.24525,50,5.8623,-3.31936,-117.13155,-1.22281,-0.397,21.6256,-24.44995,EDM_RIV,VIC_HAR,ReMaxField,WCL,WCL,20250603-ReMaxField-1,89c1f190-40e6-11f0-a7a5-433c097ba25c,79.07242,69.8963,NA,6.60219,NA,NA,NA,1.21533,2.90216,-0.29024,0bdbd4b3-898e-42a4-aa80-c2a84fb0bbcf,2025-06-04,01:52:11,2025-06-04T01:52:11Z,2025-06-04T01:52:11Z,Popup,v3,NA,NA,NA,"Berezowski, Jai",1000335502,Right,VIC_HAR,aa55473b-25b6-4dbe-a547-4fa20ed03a3e,55.26285,-118.09921,10.8128,5.89254,-0.12877,-12.22497,1.39339,-3.3016,-0.1985,217.00688,1.2187,31.12179,-6.67328,1.54885,-0.43726,0.31536,-0.16217,0.03744,-0.0031,2.8958,73.28006,-23.85378,4.22205,-2.54859,1.26247,-0.37927,0.05973,-0.00378,-0.29637,39.7546,-2.52828,1.70356,-1.62977,0.87367,-0.25053,0.03564,-0.00197,NA,NA,NA,NA,NA,NA,NA,NA,NA,NA,NA,NA,NA,NA,NA,NA,NA,NA,NA,NA,NA,NA,High,High,High,High,Medium,NA,NA,NA,NA,NA,NA,NA,NA,NA,NA,NA,NA,NA,NA,NA,NA,NA,NA,NA,NA,NA,NA,NA,NA,NA,NA,NA,NA,NA,NA,NA,NA,NA,NA,NA,NA,NA,NA,NA,NA,NA,NA,NA,NA,NA,NA,NA,NA,NA,NA,NA,NA,NA,NA,NA,NA
NA,NA,NA,NA,NA,NA,NA,NA,NA,NA,NA,NA,NA,NA,NA,NA,84,2025-06-03,18:52:41,4,3,"Burks, Carson",1000098032,Left,VIC_HAR,"Fox, Jaxon",1000435053,Right,EDM_RIV,Undefined,3,Bottom,0,0,2,Undefined,Slider,BallCalled,Undefined,Undefined,Undefined,0,0,NA,81.12997,1.055852,1.498495,2118.288116,174.999911,11:45:00,6.09163,-1.30311,5.04608,-37.38014,6.68721,-0.45748,3.97301,0.07254,73.82921,-5.782199,1.417702,0.477782,NA,NA,NA,NA,NA,NA,NA,NA,NA,NA,NA,0.66303,3.46221,1.16064,50,6.16289,-3.05599,-117.57755,0.82665,0.92367,23.30226,-27.35088,EDM_RIV,VIC_HAR,ReMaxField,WCL,WCL,20250603-ReMaxField-1,9b2eb2b0-40e6-11f0-a7a5-433c097ba25c,78.89045,NA,NA,7.30076,NA,NA,NA,NA,NA,NA,0bdbd4b3-898e-42a4-aa80-c2a84fb0bbcf,2025-06-04,01:52:41,2025-06-04T01:52:41Z,2025-06-04T01:52:41Z,NA,v3,NA,NA,NA,"Berezowski, Jai",1000335502,Right,VIC_HAR,577a2f93-a7e6-4965-9aae-52f50290af4d,55.45031,-118.65281,11.65113,6.09562,2.08873,-13.67544,1.30263,-3.09861,0.46183,NA,NA,NA,NA,NA,NA,NA,NA,NA,NA,NA,NA,NA,NA,NA,NA,NA,NA,NA,NA,NA,NA,NA,NA,NA,NA,NA,NA,NA,NA,NA,NA,NA,NA,NA,NA,NA,NA,NA,NA,NA,NA,NA,NA,NA,NA,NA,NA,NA,NA,High,High,High,NA,NA,NA,NA,NA,NA,NA,NA,NA,NA,NA,NA,NA,NA,NA,NA,NA,NA,NA,NA,NA,NA,NA,NA,NA,NA,NA,NA,NA,NA,NA,NA,NA,NA,NA,NA,NA,NA,NA,NA,NA,NA,NA,NA,NA,NA,NA,NA,NA,NA,NA,NA,NA,NA,NA,NA,NA,NA
NA,NA,NA,NA,NA,NA,NA,NA,NA,NA,NA,NA,NA,NA,NA,NA,85,2025-06-03,18:52:59,4,4,"Burks, Carson",1000098032,Left,VIC_HAR,"Fox, Jaxon",1000435053,Right,EDM_RIV,Undefined,3,Bottom,0,1,2,Undefined,Curveball,FoulBallNotFieldable,Undefined,Undefined,Undefined,0,0,NA,70.41025,1.435859,1.195253,2333.316682,330.141096,05:00:00,5.65442,-1.50711,4.38315,-72.70445,-12.15016,8.20445,0.96729,0.31801,64.31659,-11.504958,2.632019,0.560072,NA,NA,NA,NA,NA,NA,NA,NA,NA,NA,NA,-3.61374,-5.86847,1.37057,50,5.73511,-2.44689,-101.93839,0.00768,-3.73777,19.41865,-38.24394,EDM_RIV,VIC_HAR,ReMaxField,WCL,WCL,20250603-ReMaxField-1,a62147a0-40e6-11f0-a7a5-433c097ba25c,67.29928,NA,NA,6.09366,NA,NA,NA,NA,NA,NA,0bdbd4b3-898e-42a4-aa80-c2a84fb0bbcf,2025-06-04,01:52:59,2025-06-04T01:52:59Z,2025-06-04T01:52:59Z,NA,v3,NA,NA,NA,"Berezowski, Jai",1000335502,Right,VIC_HAR,7634dddc-5f37-40d0-8d56-bead1949e50f,56.11909,-103.09745,9.70932,5.66652,2.29038,-19.12197,1.50996,-2.22379,-1.86889,NA,NA,NA,NA,NA,NA,NA,NA,NA,NA,NA,NA,NA,NA,NA,NA,NA,NA,NA,NA,NA,NA,NA,NA,NA,NA,NA,NA,NA,NA,NA,NA,NA,NA,NA,NA,NA,NA,NA,NA,NA,NA,NA,NA,NA,NA,NA,NA,NA,NA,High,High,High,NA,NA,NA,NA,NA,NA,NA,NA,NA,NA,NA,NA,NA,NA,NA,NA,NA,NA,NA,NA,NA,NA,NA,NA,NA,NA,NA,NA,NA,NA,NA,NA,NA,NA,NA,NA,NA,NA,NA,NA,NA,NA,NA,NA,NA,NA,NA,NA,NA,NA,NA,NA,NA,NA,NA,NA,NA,NA
NA,NA,NA,NA,NA,NA,NA,NA,NA,NA,NA,NA,NA,NA,NA,NA,86,2025-06-03,18:53:30,4,5,"Burks, Carson",1000098032,Left,VIC_HAR,"Fox, Jaxon",1000435053,Right,EDM_RIV,Undefined,3,Bottom,0,1,2,Undefined,Slider,FoulBallNotFieldable,Undefined,Undefined,Undefined,0,0,NA,80.25213,-0.680487,1.187924,2229.19086,171.686491,11:45:00,5.97694,-1.49857,5.08793,-30.27269,14.86902,-1.94236,2.81267,-0.54063,72.81133,-6.275459,0.844429,0.483571,50.95634,5.045045,172.734479,2473.898865,NA,NA,NA,40.57291,40.57291,173.139432,0.549222,1.31795,8.0552,1.38777,50,5.88945,-2.32745,-116.25562,-2.39072,1.78772,23.60199,-21.24784,EDM_RIV,VIC_HAR,ReMaxField,WCL,WCL,20250603-ReMaxField-1,b89629f0-40e6-11f0-a7a5-433c097ba25c,77.94598,3.15127,NA,7.44079,NA,NA,NA,-0.88737,2.64691,0.60822,0bdbd4b3-898e-42a4-aa80-c2a84fb0bbcf,2025-06-04,01:53:30,2025-06-04T01:53:30Z,2025-06-04T01:53:30Z,GroundBall,v3,NA,NA,NA,"Berezowski, Jai",1000335502,Right,VIC_HAR,f675c395-b9a1-478f-9eaf-74ceb8dd02f4,55.40656,-117.34811,11.80099,5.97735,-1.40719,-10.62392,1.49741,-2.41021,0.89386,329.435527,-0.88737,-73.84858,4.31374,-0.91132,0.20844,-0.22307,0.37835,-0.32776,0.0876,2.64691,6.57218,-21.68823,1.91391,-0.35523,-0.04374,0.20095,-0.20597,0.073,0.60822,9.41513,-3.63304,1.14747,-0.55336,1.15531,-2.13312,1.92218,-0.56201,NA,NA,NA,NA,NA,NA,NA,NA,NA,NA,NA,NA,NA,NA,NA,NA,NA,NA,NA,NA,NA,NA,High,High,High,High,High,NA,NA,NA,NA,NA,NA,NA,NA,NA,NA,NA,NA,NA,NA,NA,NA,NA,NA,NA,NA,NA,NA,NA,NA,NA,NA,NA,NA,NA,NA,NA,NA,NA,NA,NA,NA,NA,NA,NA,NA,NA,NA,NA,NA,NA,NA,NA,NA,NA,NA,NA,NA,NA,NA,NA,NA
NA,NA,NA,NA,NA,NA,NA,NA,NA,NA,NA,NA,NA,NA,NA,NA,87,2025-06-03,18:53:59,4,6,"Burks, Carson",1000098032,Left,VIC_HAR,"Fox, Jaxon",1000435053,Right,EDM_RIV,Undefined,3,Bottom,0,1,2,Undefined,Changeup,FoulBallNotFieldable,Undefined,Undefined,Undefined,0,0,NA,74.13648,0.239526,0.960421,1625.680211,178.394651,12:00:00,5.78621,-1.32051,4.78162,-37.28569,16.83914,-0.41354,2.90614,-0.44454,66.55243,-6.640865,0.887712,0.529504,59.03961,38.719138,156.839084,3932.700981,-102.74759,28.01571,39.2799,143.08781,93.21113,159.812509,2.736916,0.53063,8.76497,1.22492,50,5.77887,-1.78084,-107.22036,-0.74486,0.60457,22.22045,-22.18801,EDM_RIV,VIC_HAR,ReMaxField,WCL,WCL,20250603-ReMaxField-1,ca086950-40e6-11f0-a7a5-433c097ba25c,71.18436,36.1047,NA,7.58405,NA,NA,NA,1.96295,2.93699,0.44587,0bdbd4b3-898e-42a4-aa80-c2a84fb0bbcf,2025-06-04,01:53:59,2025-06-04T01:53:59Z,2025-06-04T01:53:59Z,LineDrive,v3,NA,NA,NA,"Berezowski, Jai",1000335502,Right,VIC_HAR,ee780c3f-ab02-4252-a94e-0a5aed183795,55.71287,-108.39783,11.11023,5.78718,0.4309,-11.09401,1.32013,-1.81287,0.30228,330.046801,1.96291,-62.11491,4.40307,-0.12419,0.28005,-0.30896,0.18218,-0.05037,0.00522,2.93703,54.16175,-24.56547,2.37757,-0.31322,-0.0649,0.05211,-0.01109,7.9e-4,0.44587,26.57363,-4.57738,0.83572,-0.20629,0.08819,-0.04843,0.01477,-0.00167,NA,NA,NA,NA,NA,NA,NA,NA,NA,NA,NA,NA,NA,NA,NA,NA,NA,NA,NA,NA,NA,NA,High,High,High,High,Medium,NA,NA,NA,NA,NA,NA,NA,NA,NA,NA,NA,NA,NA,NA,NA,NA,NA,NA,NA,NA,NA,NA,NA,NA,NA,NA,NA,NA,NA,NA,NA,NA,NA,NA,NA,NA,NA,NA,NA,NA,NA,NA,NA,NA,NA,NA,NA,NA,NA,NA,NA,NA,NA,NA,NA,NA
NA,NA,NA,NA,NA,NA,NA,NA,NA,NA,NA,NA,NA,NA,NA,NA,88,2025-06-03,18:54:28,4,7,"Burks, Carson",1000098032,Left,VIC_HAR,"Fox, Jaxon",1000435053,Right,EDM_RIV,Undefined,3,Bottom,0,1,2,Undefined,Slider,StrikeSwinging,Strikeout,Undefined,Undefined,0,0,NA,81.03509,0.144505,1.073214,2064.523002,166.290505,11:30:00,5.98648,-1.39001,4.76197,-33.29262,11.54052,-2.43366,3.34914,-0.57507,73.42017,-5.953859,0.645429,0.481916,NA,NA,NA,NA,NA,NA,NA,NA,NA,NA,NA,1.51642,6.07977,1.28464,50,5.97247,-2.09011,-117.34722,-0.90502,2.09453,24.16399,-23.77655,EDM_RIV,VIC_HAR,ReMaxField,WCL,WCL,20250603-ReMaxField-1,dab81c00-40e6-11f0-a7a5-433c097ba25c,78.21377,NA,NA,7.61492,NA,NA,NA,NA,NA,NA,0bdbd4b3-898e-42a4-aa80-c2a84fb0bbcf,2025-06-04,01:54:28,2025-06-04T01:54:28Z,2025-06-04T01:54:28Z,NA,v3,NA,NA,NA,"Berezowski, Jai",1000335502,Right,VIC_HAR,05f22f5f-9966-4b61-9df6-12d232c44c00,55.73331,-118.52193,12.082,5.98837,0.25086,-11.88827,1.38872,-2.19193,1.04726,NA,NA,NA,NA,NA,NA,NA,NA,NA,NA,NA,NA,NA,NA,NA,NA,NA,NA,NA,NA,NA,NA,NA,NA,NA,NA,NA,NA,NA,NA,NA,NA,NA,NA,NA,NA,NA,NA,NA,NA,NA,NA,NA,NA,NA,NA,NA,NA,NA,NA,High,High,High,NA,NA,NA,NA,NA,NA,NA,NA,NA,NA,NA,NA,NA,NA,NA,NA,NA,NA,NA,NA,NA,NA,NA,NA,NA,NA,NA,NA,NA,NA,NA,NA,NA,NA,NA,NA,NA,NA,NA,NA,NA,NA,NA,NA,NA,NA,NA,NA,NA,NA,NA,NA,NA,NA,NA,NA,NA,NA
NA,NA,NA,NA,NA,NA,NA,NA,NA,NA,NA,NA,NA,NA,NA,NA,89,2025-06-03,18:54:57,5,1,"Burks, Carson",1000098032,Left,VIC_HAR,"Kodama, Anthony",1000134814,Left,EDM_RIV,Undefined,3,Bottom,1,0,0,Undefined,Slider,InPlay,Undefined,FlyBall,Sacrifice,1,1,NA,80.65098,-1.062318,0.572393,2163.542408,188.192512,12:15:00,6.11646,-1.14291,4.78223,-33.8177,11.32989,1.40717,2.29124,-0.48308,73.39155,-7.2332,0.820055,0.483603,89.20345,30.710469,13.205185,1998.905128,107.08471,57.40538,25.1567,315.15001,310.19134,12.539665,4.57267,-0.52256,6.32977,1.0844,50,5.98137,-1.22783,-116.8438,-3.37888,-0.71635,23.74628,-23.4971,EDM_RIV,VIC_HAR,ReMaxField,WCL,WCL,20250603-ReMaxField-1,eca64220-40e6-11f0-a7a5-433c097ba25c,77.94095,72.38057,NA,7.25943,NA,NA,NA,2.40176,2.55026,0.54099,0bdbd4b3-898e-42a4-aa80-c2a84fb0bbcf,2025-06-04,01:54:57,2025-06-04T01:54:57Z,2025-06-04T01:54:57Z,FlyBall,v3,NA,NA,NA,"Berezowski, Jai",1000335502,Right,VIC_HAR,ae38eb9f-6b38-4d52-939b-7577c31b0ed8,55.71534,-117.99961,11.87314,6.118,-2.23519,-11.74855,1.14331,-1.19297,-0.35818,181.405589,2.40105,109.53132,-20.89714,5.26841,-1.26901,0.30361,-0.06047,0.00757,-4.1e-4,2.55197,66.76894,-17.4019,0.56543,0.25081,-0.16919,0.04776,-0.0065,3.4e-4,0.54067,25.70329,-4.63328,0.9672,-0.23591,0.07107,-0.01745,0.00243,-1.4e-4,NA,NA,NA,NA,NA,NA,NA,NA,NA,NA,NA,NA,NA,NA,NA,NA,NA,NA,NA,NA,NA,NA,High,High,High,High,High,NA,NA,NA,NA,NA,NA,NA,NA,NA,NA,NA,NA,NA,NA,NA,NA,NA,NA,NA,NA,NA,NA,NA,NA,NA,NA,NA,NA,NA,NA,NA,NA,NA,NA,NA,NA,NA,NA,NA,NA,NA,NA,NA,NA,NA,NA,NA,NA,NA,NA,NA,NA,NA,NA,NA,NA
NA,NA,NA,NA,NA,NA,NA,NA,NA,NA,NA,NA,NA,NA,NA,NA,90,2025-06-03,18:55:43,6,1,"Burks, Carson",1000098032,Left,VIC_HAR,"Waters, Stephen",1000435058,Right,EDM_RIV,Undefined,3,Bottom,2,0,0,Undefined,Changeup,StrikeSwinging,Undefined,Undefined,Undefined,0,0,NA,73.93191,1.11089,1.002469,1615.910867,176.336849,12:00:00,5.84757,-1.40709,4.72623,-39.43904,15.15536,-0.83571,3.61532,-0.52546,66.24488,-6.154401,0.855743,0.531796,NA,NA,NA,NA,NA,NA,NA,NA,NA,NA,NA,0.7428,7.65457,1.30671,50,5.926,-1.83468,-106.84364,0.78602,0.84103000000000006,21.9247,-23.50702,EDM_RIV,VIC_HAR,ReMaxField,WCL,WCL,20250603-ReMaxField-1,079120a0-40e7-11f0-a7a5-433c097ba25c,70.87757,NA,NA,7.68703,NA,NA,NA,NA,NA,NA,0bdbd4b3-898e-42a4-aa80-c2a84fb0bbcf,2025-06-04,01:55:43,2025-06-04T01:55:43Z,2025-06-04T01:55:43Z,NA,v3,NA,NA,NA,"Berezowski, Jai",1000335502,Right,VIC_HAR,0979cf85-9302-4342-81ef-531f9f89eb8f,55.76466,-108.02009,10.96235,5.84998,2.04737,-11.75351,1.40637,-1.87981,0.42052,NA,NA,NA,NA,NA,NA,NA,NA,NA,NA,NA,NA,NA,NA,NA,NA,NA,NA,NA,NA,NA,NA,NA,NA,NA,NA,NA,NA,NA,NA,NA,NA,NA,NA,NA,NA,NA,NA,NA,NA,NA,NA,NA,NA,NA,NA,NA,NA,NA,NA,High,High,High,NA,NA,NA,NA,NA,NA,NA,NA,NA,NA,NA,NA,NA,NA,NA,NA,NA,NA,NA,NA,NA,NA,NA,NA,NA,NA,NA,NA,NA,NA,NA,NA,NA,NA,NA,NA,NA,NA,NA,NA,NA,NA,NA,NA,NA,NA,NA,NA,NA,NA,NA,NA,NA,NA,NA,NA,NA,NA
NA,NA,NA,NA,NA,NA,NA,NA,NA,NA,NA,NA,NA,NA,NA,NA,91,2025-06-03,18:56:03,6,2,"Burks, Carson",1000098032,Left,VIC_HAR,"Waters, Stephen",1000435058,Right,EDM_RIV,Undefined,3,Bottom,2,0,1,Undefined,Changeup,StrikeSwinging,Undefined,Undefined,Undefined,0,0,NA,81.18213,-0.386525,1.217157,2179.623753,146.198495,10:45:00,5.84569,-1.30932,5.02535,-29.03356,16.358,-9.6439800000000009,3.06141,-0.96428,71.70849,-5.833354,-0.486279,0.484908,NA,NA,NA,NA,NA,NA,NA,NA,NA,NA,NA,5.16878,8.76993,1.2008,50,5.78668,-2.05616,-117.21242,-1.74013,6.93797,29.40315,-20.4023,EDM_RIV,VIC_HAR,ReMaxField,WCL,WCL,20250603-ReMaxField-1,13e2d060-40e7-11f0-a7a5-433c097ba25c,77.73119,NA,NA,9.47364,NA,NA,NA,NA,NA,NA,0bdbd4b3-898e-42a4-aa80-c2a84fb0bbcf,2025-06-04,01:56:03,2025-06-04T01:56:03Z,2025-06-04T01:56:03Z,NA,v3,NA,NA,NA,"Berezowski, Jai",1000335502,Right,VIC_HAR,2c5b76ec-d425-401a-aae5-c503c2b376ba,55.46388,-118.57513,14.70158,5.84542,-0.79458,-10.20115,1.30355,-2.37771,3.46899,NA,NA,NA,NA,NA,NA,NA,NA,NA,NA,NA,NA,NA,NA,NA,NA,NA,NA,NA,NA,NA,NA,NA,NA,NA,NA,NA,NA,NA,NA,NA,NA,NA,NA,NA,NA,NA,NA,NA,NA,NA,NA,NA,NA,NA,NA,NA,NA,NA,NA,High,High,High,NA,NA,NA,NA,NA,NA,NA,NA,NA,NA,NA,NA,NA,NA,NA,NA,NA,NA,NA,NA,NA,NA,NA,NA,NA,NA,NA,NA,NA,NA,NA,NA,NA,NA,NA,NA,NA,NA,NA,NA,NA,NA,NA,NA,NA,NA,NA,NA,NA,NA,NA,NA,NA,NA,NA,NA,NA,NA
NA,NA,NA,NA,NA,NA,NA,NA,NA,NA,NA,NA,NA,NA,NA,NA,92,2025-06-03,18:56:23,6,3,"Burks, Carson",1000098032,Left,VIC_HAR,"Waters, Stephen",1000435058,Right,EDM_RIV,Undefined,3,Bottom,2,0,2,Undefined,Changeup,BallCalled,Undefined,Undefined,Undefined,0,0,NA,80.99757,0.5564,-0.173457,2157.075399,143.640015,10:45:00,5.95304,-1.24799,4.78061,-30.90372,14.86816,-9.56166,3.90515,-2.20921,71.85577,-5.190173,-1.854414,0.486935,NA,NA,NA,NA,NA,NA,NA,NA,NA,NA,NA,4.56055,7.61107,1.274,50,5.98305,0.79235,-116.98598,0.06945,6.13173,28.1955,-21.94083,EDM_RIV,VIC_HAR,ReMaxField,WCL,WCL,20250603-ReMaxField-1,1f6aa070-40e7-11f0-a7a5-433c097ba25c,77.4076,NA,NA,9.14181,NA,NA,NA,NA,NA,NA,0bdbd4b3-898e-42a4-aa80-c2a84fb0bbcf,2025-06-04,01:56:23,2025-06-04T01:56:23Z,2025-06-04T01:56:23Z,NA,v3,NA,NA,NA,"Berezowski, Jai",1000335502,Right,VIC_HAR,f8e51fda-20c5-42fc-8fe1-13c7207926e3,55.7094,-118.35404,14.09775,5.95386,1.13403,-10.97041,1.24278,0.49483,3.06586,NA,NA,NA,NA,NA,NA,NA,NA,NA,NA,NA,NA,NA,NA,NA,NA,NA,NA,NA,NA,NA,NA,NA,NA,NA,NA,NA,NA,NA,NA,NA,NA,NA,NA,NA,NA,NA,NA,NA,NA,NA,NA,NA,NA,NA,NA,NA,NA,NA,NA,High,High,High,NA,NA,NA,NA,NA,NA,NA,NA,NA,NA,NA,NA,NA,NA,NA,NA,NA,NA,NA,NA,NA,NA,NA,NA,NA,NA,NA,NA,NA,NA,NA,NA,NA,NA,NA,NA,NA,NA,NA,NA,NA,NA,NA,NA,NA,NA,NA,NA,NA,NA,NA,NA,NA,NA,NA,NA,NA,NA
NA,NA,NA,NA,NA,NA,NA,NA,NA,NA,NA,NA,NA,NA,NA,NA,93,2025-06-03,18:56:40,6,4,"Burks, Carson",1000098032,Left,VIC_HAR,"Waters, Stephen",1000435058,Right,EDM_RIV,Undefined,3,Bottom,2,1,2,Undefined,Changeup,BallCalled,Undefined,Undefined,Undefined,0,0,NA,74.03907,1.184268,0.464925,1664.356456,154.833123,11:15:00,5.78591,-1.4499,4.72927,-43.78093,10.13804,-3.86256,3.2613,-1.33065,67.01246,-6.805599,-0.213719,0.528496,NA,NA,NA,NA,NA,NA,NA,NA,NA,NA,NA,2.02354,5.1776,1.40661,50,5.86733,-0.71084,-107.16128,0.73834,2.3252100000000002,20.5631,-26.22464,EDM_RIV,VIC_HAR,ReMaxField,WCL,WCL,20250603-ReMaxField-1,29e8efc0-40e7-11f0-a7a5-433c097ba25c,71.32014,NA,NA,7.02662,NA,NA,NA,NA,NA,NA,0bdbd4b3-898e-42a4-aa80-c2a84fb0bbcf,2025-06-04,01:56:40,2025-06-04T01:56:40Z,2025-06-04T01:56:40Z,NA,v3,NA,NA,NA,"Berezowski, Jai",1000335502,Right,VIC_HAR,ddb08050-8890-4bee-8303-f4571efc09f6,55.76501,-108.26187,10.28155,5.79025,2.14195,-13.11232,1.44799,-0.8353,1.16261,NA,NA,NA,NA,NA,NA,NA,NA,NA,NA,NA,NA,NA,NA,NA,NA,NA,NA,NA,NA,NA,NA,NA,NA,NA,NA,NA,NA,NA,NA,NA,NA,NA,NA,NA,NA,NA,NA,NA,NA,NA,NA,NA,NA,NA,NA,NA,NA,NA,NA,High,High,High,NA,NA,NA,NA,NA,NA,NA,NA,NA,NA,NA,NA,NA,NA,NA,NA,NA,NA,NA,NA,NA,NA,NA,NA,NA,NA,NA,NA,NA,NA,NA,NA,NA,NA,NA,NA,NA,NA,NA,NA,NA,NA,NA,NA,NA,NA,NA,NA,NA,NA,NA,NA,NA,NA,NA,NA,NA,NA
NA,NA,NA,NA,NA,NA,NA,NA,NA,NA,NA,NA,NA,NA,NA,NA,94,2025-06-03,18:56:59,6,5,"Burks, Carson",1000098032,Left,VIC_HAR,"Waters, Stephen",1000435058,Right,EDM_RIV,Undefined,3,Bottom,2,2,2,Undefined,Changeup,BallCalled,Undefined,Undefined,Undefined,0,0,NA,81.43249,-0.634516,0.091526,2169.522925,159.383104,11:15:00,5.87781,-1.29183,4.84866,-28.36856,17.13536,-5.69803,2.91304,-1.68002,71.7975,-5.950752,-0.911882,0.485507,NA,NA,NA,NA,NA,NA,NA,NA,NA,NA,NA,2.7924,9.19945,1.28782,50,5.79247,0.07499,-117.50738,-2.24511,3.76004,29.92321,-19.78672,EDM_RIV,VIC_HAR,ReMaxField,WCL,WCL,20250603-ReMaxField-1,3502e2d0-40e7-11f0-a7a5-433c097ba25c,77.63514,NA,NA,9.63499,NA,NA,NA,NA,NA,NA,0bdbd4b3-898e-42a4-aa80-c2a84fb0bbcf,2025-06-04,01:56:59,2025-06-04T01:56:59Z,2025-06-04T01:56:59Z,NA,v3,NA,NA,NA,"Berezowski, Jai",1000335502,Right,VIC_HAR,97077771-89ea-4998-852d-3e02c80320e0,55.63931,-118.93475,14.9616,5.87705,-1.30125,-9.89336,1.28852,-0.10437,1.88002,NA,NA,NA,NA,NA,NA,NA,NA,NA,NA,NA,NA,NA,NA,NA,NA,NA,NA,NA,NA,NA,NA,NA,NA,NA,NA,NA,NA,NA,NA,NA,NA,NA,NA,NA,NA,NA,NA,NA,NA,NA,NA,NA,NA,NA,NA,NA,NA,NA,NA,High,High,High,NA,NA,NA,NA,NA,NA,NA,NA,NA,NA,NA,NA,NA,NA,NA,NA,NA,NA,NA,NA,NA,NA,NA,NA,NA,NA,NA,NA,NA,NA,NA,NA,NA,NA,NA,NA,NA,NA,NA,NA,NA,NA,NA,NA,NA,NA,NA,NA,NA,NA,NA,NA,NA,NA,NA,NA,NA,NA
NA,NA,NA,NA,NA,NA,NA,NA,NA,NA,NA,NA,NA,NA,NA,NA,95,2025-06-03,18:57:21,6,6,"Burks, Carson",1000098032,Left,VIC_HAR,"Waters, Stephen",1000435058,Right,EDM_RIV,Undefined,3,Bottom,2,3,2,Undefined,Slider,FoulBallNotFieldable,Undefined,Undefined,Undefined,0,0,NA,80.44787,0.041163,0.880629,2011.83326,184.335653,12:15:00,6.01299,-1.22358,4.84491,-37.07663,8.38374,0.51299,2.96224,-0.34702,72.81682,-6.733932,0.97098,0.485275,64.3759,10.239374,173.749163,2027.468195,NA,NA,NA,84.11001,50.83874,173.700971,0.995838,0.02457,4.55957,1.13607,50,5.98584,-1.81298,-116.51712,-1.24808,0.03335,24.5812,-25.98834,EDM_RIV,VIC_HAR,ReMaxField,WCL,WCL,20250603-ReMaxField-1,42520560-40e7-11f0-a7a5-433c097ba25c,77.67234,6.32963,NA,7.63105,NA,NA,NA,1.94163,2.90408,0.33769,0bdbd4b3-898e-42a4-aa80-c2a84fb0bbcf,2025-06-04,01:57:21,2025-06-04T01:57:21Z,2025-06-04T01:57:21Z,GroundBall,v3,NA,NA,NA,"Berezowski, Jai",1000335502,Right,VIC_HAR,5a19cc0c-d0dd-40d1-ae8a-0fe035aa0fc5,55.6523,-117.70352,12.2906,6.01581,0.00624,-12.99417,1.22362,-1.81458,0.01667,351.341625,1.94163,-92.36165,6.84851,-0.4875,0.11047,0.06337,-0.07937,0.03698,-0.00617,2.90408,16.78409,-21.18394,1.6347,-0.27469,-0.14733,0.50349,-0.44481,0.13516,0.33769,10.11668,-1.33685,0.17209,-0.03048,-0.0428,0.11324,-0.09817,0.02965,NA,NA,NA,NA,NA,NA,NA,NA,NA,NA,NA,NA,NA,NA,NA,NA,NA,NA,NA,NA,NA,NA,High,High,High,High,Medium,NA,NA,NA,NA,NA,NA,NA,NA,NA,NA,NA,NA,NA,NA,NA,NA,NA,NA,NA,NA,NA,NA,NA,NA,NA,NA,NA,NA,NA,NA,NA,NA,NA,NA,NA,NA,NA,NA,NA,NA,NA,NA,NA,NA,NA,NA,NA,NA,NA,NA,NA,NA,NA,NA,NA,NA
NA,NA,NA,NA,NA,NA,NA,NA,NA,NA,NA,NA,NA,NA,NA,NA,96,2025-06-03,18:57:42,6,7,"Burks, Carson",1000098032,Left,VIC_HAR,"Waters, Stephen",1000435058,Right,EDM_RIV,Undefined,3,Bottom,2,3,2,Undefined,Slider,InPlay,Undefined,GroundBall,Out,1,0,NA,81.57018,-0.919782,1.769739,2173.349688,166.365739,11:30:00,5.94613,-1.2485,5.2788,-30.06037,13.42717,-2.88252,2.57677,0.17393,73.89512,-6.488528,1.258321,0.474629,97.2405,-0.090014,-30.441688,2364.676029,NA,NA,NA,53.86893,49.82264,-31.219976,0.382047,2.00374,7.44937,1.0892,50,5.84059,-3.53207,-118.18025,-2.89293,2.79936,25.07669,-21.76671,EDM_RIV,VIC_HAR,ReMaxField,WCL,WCL,20250603-ReMaxField-1,4ea9cfa0-40e7-11f0-a7a5-433c097ba25c,79.41461,2.71092,NA,7.67506,NA,NA,NA,2.02408,2.71092,-0.18993,0bdbd4b3-898e-42a4-aa80-c2a84fb0bbcf,2025-06-04,01:57:42,2025-06-04T01:57:42Z,2025-06-04T01:57:42Z,GroundBall,v3,NA,NA,NA,"Berezowski, Jai",1000335502,Right,VIC_HAR,6bc349c4-fb2e-4b57-a6d8-015f4c32aee3,55.2183,-119.28239,12.53834,5.94671,-1.93627,-10.88335,1.24714,-3.65511,1.39968,79.16824,2.03118,122.71068,-19.53575,NA,NA,NA,NA,NA,NA,2.71526,-0.37569,-17.65041,NA,NA,NA,NA,NA,NA,-0.18674,-72.37144,-0.6072,NA,NA,NA,NA,NA,NA,NA,NA,NA,NA,NA,NA,NA,NA,NA,NA,NA,NA,NA,NA,NA,NA,NA,NA,NA,NA,NA,NA,High,High,High,High,High,NA,NA,NA,NA,NA,NA,NA,NA,NA,NA,NA,NA,NA,NA,NA,NA,NA,NA,NA,NA,NA,NA,NA,NA,NA,NA,NA,NA,NA,NA,NA,NA,NA,NA,NA,NA,NA,NA,NA,NA,NA,NA,NA,NA,NA,NA,NA,NA,NA,NA,NA,NA,NA,NA,NA,NA
NA,NA,NA,NA,NA,NA,NA,NA,NA,NA,NA,NA,NA,NA,NA,NA,97,2025-06-03,19:00:01,1,1,"Dearing, Tate",1000336151,Right,EDM_RIV,"McAfee, Xander",830171,Right,VIC_HAR,Undefined,4,Top,0,0,0,Undefined,Changeup,HitByPitch,Undefined,Undefined,Undefined,0,0,NA,87.15283,0.418231,-0.796488,1931.038098,237.304662,02:00:00,6.10422,1.06541,6.24515,-25.13072,11.76603,16.22544,4.39578,1.68287,78.30191,-4.356039,2.135354,0.437185,NA,NA,NA,NA,NA,NA,NA,NA,NA,NA,NA,-8.7239,6.34654,-1.01406,50,6.12307,1.11806,-126.50086,0.17994,-13.85158,30.65282,-22.09719,EDM_RIV,VIC_HAR,ReMaxField,WCL,WCL,20250603-ReMaxField-1,a15ec110-40e7-11f0-a7a5-433c097ba25c,86.21622,NA,NA,8.85092,NA,NA,NA,NA,NA,NA,0bdbd4b3-898e-42a4-aa80-c2a84fb0bbcf,2025-06-04,02:00:01,2025-06-04T02:00:01Z,2025-06-04T02:00:01Z,NA,v3,NA,NA,NA,"Green, Jason",1000435054,Right,EDM_RIV,f793827b-ae5c-4936-b69c-7bd1be7aab31,54.25287,-127.52722,15.32641,6.10466,0.91983,-11.0486,-1.05927,1.58186,-6.92579,NA,NA,NA,NA,NA,NA,NA,NA,NA,NA,NA,NA,NA,NA,NA,NA,NA,NA,NA,NA,NA,NA,NA,NA,NA,NA,NA,NA,NA,NA,NA,NA,NA,NA,NA,NA,NA,NA,NA,NA,NA,NA,NA,NA,NA,NA,NA,NA,NA,NA,High,High,High,NA,NA,NA,NA,NA,NA,NA,NA,NA,NA,NA,NA,NA,NA,NA,NA,NA,NA,NA,NA,NA,NA,NA,NA,NA,NA,NA,NA,NA,NA,NA,NA,NA,NA,NA,NA,NA,NA,NA,NA,NA,NA,NA,NA,NA,NA,NA,NA,NA,NA,NA,NA,NA,NA,NA,NA,NA,NA
NA,NA,NA,NA,NA,NA,NA,NA,NA,NA,NA,NA,NA,NA,NA,NA,98,2025-06-03,19:00:32,2,1,"Dearing, Tate",1000336151,Right,EDM_RIV,"Hepburn, Kyle",1000133394,Right,VIC_HAR,Undefined,4,Top,0,0,0,Undefined,Four-Seam,BallCalled,Undefined,Undefined,Undefined,0,0,NA,88.41225,0.745207,-1.952473,1961.406025,216.050336,01:15:00,6.08008,0.77907,6.0756,-22.30438,13.41162,8.89646,4.91135,-0.28684,80.16897,-3.478603,-0.351606,0.430133,NA,NA,NA,NA,NA,NA,NA,NA,NA,NA,NA,-5.1041,7.03347,-0.63232,50,6.1259,3.99443,-128.29806,0.99329,-8.45473,28.07908,-20.5234,EDM_RIV,VIC_HAR,ReMaxField,WCL,WCL,20250603-ReMaxField-1,b3ea1190-40e7-11f0-a7a5-433c097ba25c,87.6297,NA,NA,8.24327,NA,NA,NA,NA,NA,NA,0bdbd4b3-898e-42a4-aa80-c2a84fb0bbcf,2025-06-04,02:00:32,2025-06-04T02:00:32Z,2025-06-04T02:00:32Z,NA,v3,NA,NA,NA,"Green, Jason",1000435054,Right,EDM_RIV,76a27402-d7b2-44eb-addb-53048bcdf352,54.41991,-129.26178,14.03954,6.07972,1.69768,-10.2617,-0.77439,4.28461,-4.22737,NA,NA,NA,NA,NA,NA,NA,NA,NA,NA,NA,NA,NA,NA,NA,NA,NA,NA,NA,NA,NA,NA,NA,NA,NA,NA,NA,NA,NA,NA,NA,NA,NA,NA,NA,NA,NA,NA,NA,NA,NA,NA,NA,NA,NA,NA,NA,NA,NA,NA,High,High,High,NA,NA,NA,NA,NA,NA,NA,NA,NA,NA,NA,NA,NA,NA,NA,NA,NA,NA,NA,NA,NA,NA,NA,NA,NA,NA,NA,NA,NA,NA,NA,NA,NA,NA,NA,NA,NA,NA,NA,NA,NA,NA,NA,NA,NA,NA,NA,NA,NA,NA,NA,NA,NA,NA,NA,NA,NA,NA
NA,NA,NA,NA,NA,NA,NA,NA,NA,NA,NA,NA,NA,NA,NA,NA,99,2025-06-03,19:00:48,2,2,"Dearing, Tate",1000336151,Right,EDM_RIV,"Hepburn, Kyle",1000133394,Right,VIC_HAR,Undefined,4,Top,0,1,0,Undefined,Four-Seam,FoulBallNotFieldable,Undefined,Undefined,Undefined,0,0,NA,87.34883,-1.551675,-1.800797,1963.968623,212.37046900000001,01:00:00,6.21324,0.796,6.05909,-21.29265,15.24091,8.89579,3.00161,-0.12999,79.6204,-5.575995,-0.19939,0.435028,49.62683,-40.330618,-50.635076,NA,NA,NA,NA,5.06281,5.06281,-31.684078,0.06439,-5.13441,8.67485,-0.66099,50,6.08132,3.63182,-126.80901,-4.06924,-8.3207,27.08312,-18.11581,EDM_RIV,VIC_HAR,ReMaxField,WCL,WCL,20250603-ReMaxField-1,bdca2510-40e7-11f0-a7a5-433c097ba25c,86.64364,3.06041,NA,7.72843,NA,NA,NA,2.02186,3.06041,0.12779,0bdbd4b3-898e-42a4-aa80-c2a84fb0bbcf,2025-06-04,02:00:48,2025-06-04T02:00:48Z,2025-06-04T02:00:48Z,GroundBall,v3,NA,NA,NA,"Green, Jason",1000435054,Right,EDM_RIV,d29b3119-4636-4cf4-b827-4df3c42ca857,54.4399,-127.75374,13.54156,6.21225,-3.43732,-9.0579,-0.79274,3.92207,-4.16035,NA,2.01859,35.50852,NA,NA,NA,NA,NA,NA,NA,3.06479,-47.52969,NA,NA,NA,NA,NA,NA,NA,0.13178,-43.28278,NA,NA,NA,NA,NA,NA,NA,NA,NA,NA,NA,NA,NA,NA,NA,NA,NA,NA,NA,NA,NA,NA,NA,NA,NA,NA,NA,NA,NA,High,High,High,Estimated,Estimated,NA,NA,NA,NA,NA,NA,NA,NA,NA,NA,NA,NA,NA,NA,NA,NA,NA,NA,NA,NA,NA,NA,NA,NA,NA,NA,NA,NA,NA,NA,NA,NA,NA,NA,NA,NA,NA,NA,NA,NA,NA,NA,NA,NA,NA,NA,NA,NA,NA,NA,NA,NA,NA,NA,NA,NA
NA,NA,NA,NA,NA,NA,NA,NA,NA,NA,NA,NA,NA,NA,NA,NA,100,2025-06-03,19:01:16,2,3,"Dearing, Tate",1000336151,Right,EDM_RIV,"Hepburn, Kyle",1000133394,Right,VIC_HAR,Undefined,4,Top,0,1,1,Undefined,Curveball,BallinDirt,Undefined,Undefined,Undefined,0,0,NA,74.69888,-0.508729,-1.925862,2550.351889,37.308948,07:15:00,5.81027,1.20289,5.81312,-62.14267,-11.43733,-9.98564,0.15839,-1.42071,68.82188,-11.799909,-3.722143,0.512505,NA,NA,NA,NA,NA,NA,NA,NA,NA,NA,NA,4.53441,-5.28662,-1.03896,50,5.73139,3.99597,-108.46869,-2.88557,5.33255,21.25595,-38.39119,EDM_RIV,VIC_HAR,ReMaxField,WCL,WCL,20250603-ReMaxField-1,ce2db390-40e7-11f0-a7a5-433c097ba25c,73.54549,NA,NA,5.87701,NA,NA,NA,NA,NA,NA,0bdbd4b3-898e-42a4-aa80-c2a84fb0bbcf,2025-06-04,02:01:16,2025-06-04T02:01:16Z,2025-06-04T02:01:16Z,NA,v3,NA,NA,NA,"Green, Jason",1000435054,Right,EDM_RIV,9b7f1ba7-328a-46f0-9d83-d4f6a00d5b94,54.68976,-109.38386,10.62798,5.82005,-1.23266,-19.1956,-1.20606,3.76638,2.66627,NA,NA,NA,NA,NA,NA,NA,NA,NA,NA,NA,NA,NA,NA,NA,NA,NA,NA,NA,NA,NA,NA,NA,NA,NA,NA,NA,NA,NA,NA,NA,NA,NA,NA,NA,NA,NA,NA,NA,NA,NA,NA,NA,NA,NA,NA,NA,NA,NA,NA,High,High,High,NA,NA,NA,NA,NA,NA,NA,NA,NA,NA,NA,NA,NA,NA,NA,NA,NA,NA,NA,NA,NA,NA,NA,NA,NA,NA,NA,NA,NA,NA,NA,NA,NA,NA,NA,NA,NA,NA,NA,NA,NA,NA,NA,NA,NA,NA,NA,NA,NA,NA,NA,NA,NA,NA,NA,NA,NA,NA
NA,NA,NA,NA,NA,NA,NA,NA,NA,NA,NA,NA,NA,NA,NA,NA,101,2025-06-03,19:01:35,2,4,"Dearing, Tate",1000336151,Right,EDM_RIV,"Hepburn, Kyle",1000133394,Right,VIC_HAR,Undefined,4,Top,0,2,1,Undefined,Curveball,StrikeSwinging,Undefined,Undefined,Undefined,0,0,NA,74.53543,-0.484691,-1.235832,2502.708287,30.419379,07:00:00,5.7298,1.12231,5.98756,-64.29673,-13.48304,-8.94245,-0.07759,-0.76846,68.3841,-12.213337,-2.852039,0.513052,NA,NA,NA,NA,NA,NA,NA,NA,NA,NA,NA,4.22677,-6.38118,-1.01979,50,5.65598,2.64078,-108.2575,-2.85452,4.92212,22.20054,-39.605,EDM_RIV,VIC_HAR,ReMaxField,WCL,WCL,20250603-ReMaxField-1,d9759470-40e7-11f0-a7a5-433c097ba25c,73.46702,NA,NA,6.15133,NA,NA,NA,NA,NA,NA,0bdbd4b3-898e-42a4-aa80-c2a84fb0bbcf,2025-06-04,02:01:35,2025-06-04T02:01:35Z,2025-06-04T02:01:35Z,NA,v3,NA,NA,NA,"Green, Jason",1000435054,Right,EDM_RIV,953f4dbe-00cd-467b-864d-f07ac7f4834c,54.51532,-109.17954,11.10027,5.74038,-1.20965,-19.8025,-1.12522,2.43636,2.46106,NA,NA,NA,NA,NA,NA,NA,NA,NA,NA,NA,NA,NA,NA,NA,NA,NA,NA,NA,NA,NA,NA,NA,NA,NA,NA,NA,NA,NA,NA,NA,NA,NA,NA,NA,NA,NA,NA,NA,NA,NA,NA,NA,NA,NA,NA,NA,NA,NA,NA,High,High,High,NA,NA,NA,NA,NA,NA,NA,NA,NA,NA,NA,NA,NA,NA,NA,NA,NA,NA,NA,NA,NA,NA,NA,NA,NA,NA,NA,NA,NA,NA,NA,NA,NA,NA,NA,NA,NA,NA,NA,NA,NA,NA,NA,NA,NA,NA,NA,NA,NA,NA,NA,NA,NA,NA,NA,NA,NA,NA
NA,NA,NA,NA,NA,NA,NA,NA,NA,NA,NA,NA,NA,NA,NA,NA,102,2025-06-03,19:01:55,2,5,"Dearing, Tate",1000336151,Right,EDM_RIV,"Hepburn, Kyle",1000133394,Right,VIC_HAR,Undefined,4,Top,0,2,2,Undefined,Sinker,BallCalled,Undefined,Undefined,Undefined,1,0,NA,88.56472,-0.752051,-2.56036,1978.781185,224.058671,01:30:00,5.94265,0.93916,6.10301,-23.07765,12.16938,10.72741,3.32328,-0.5363,81.19839,-5.084944,-0.62907,0.4273,NA,NA,NA,NA,NA,NA,NA,NA,NA,NA,NA,-6.19579,6.81607,-0.74759,50,5.8726,5.3091,-128.62421,-2.40918,-10.41353,25.86266,-20.71797,EDM_RIV,VIC_HAR,ReMaxField,WCL,WCL,20250603-ReMaxField-1,e57d42e0-40e7-11f0-a7a5-433c097ba25c,88.21076,NA,NA,7.36632,NA,NA,NA,NA,NA,NA,0bdbd4b3-898e-42a4-aa80-c2a84fb0bbcf,2025-06-04,02:01:55,2025-06-04T02:01:55Z,2025-06-04T02:01:55Z,NA,v3,NA,NA,NA,"Green, Jason",1000435054,Right,EDM_RIV,bae7cd44-dcad-4351-9006-cb7364d64d30,54.39538,-129.50498,12.93133,5.94263,-1.70362,-10.35899,-0.93443,5.66375,-5.20676,NA,NA,NA,NA,NA,NA,NA,NA,NA,NA,NA,NA,NA,NA,NA,NA,NA,NA,NA,NA,NA,NA,NA,NA,NA,NA,NA,NA,78.99896,2.068865,0.743987,1.324878,-1.69251,3.03873,0.56736,-1.40901,6.57819,1.97467,127.28641,6.2161,3.81236,-1.17746,112.46579,-11.8772,6.57925,14.194,-10.92677,1.94892,0.18647,0.93979,High,High,High,NA,NA,High,Medium,Medium,NA,NA,NA,NA,NA,NA,NA,NA,NA,NA,NA,NA,NA,NA,NA,NA,NA,NA,NA,NA,NA,NA,NA,NA,NA,NA,NA,NA,NA,NA,NA,NA,NA,NA,NA,NA,NA,NA,NA,NA,NA,NA,NA,NA,NA,NA,NA,NA,NA,NA,NA,NA,NA
NA,NA,NA,NA,NA,NA,NA,NA,NA,NA,NA,NA,NA,NA,NA,NA,103,2025-06-03,19:02:25,2,6,"Dearing, Tate",1000336151,Right,EDM_RIV,"Hepburn, Kyle",1000133394,Right,VIC_HAR,Undefined,4,Top,1,3,2,Undefined,Curveball,FoulBallNotFieldable,Undefined,Undefined,Undefined,0,0,NA,75.71192,2.671196,-0.779145,2403.745452,54.612232,07:45:00,5.61802,1.34694,5.98072,-55.67739,-6.84512,-11.83603,3.45629,-0.36166,69.21512,-7.581102,-2.907123,0.50295,83.23088,53.014164,51.677614,4919.562466,49.93577,114.86663,98.01208,225.97156,99.58686,69.407391,5.475104,5.86859,-3.88677,-1.27874,50,5.79827,1.91211,-109.93115,3.43463,7.13407,20.68948,-36.89894,EDM_RIV,VIC_HAR,ReMaxField,WCL,WCL,20250603-ReMaxField-1,f78a3ba0-40e7-11f0-a7a5-433c097ba25c,74.94271,118.01298,NA,6.4968,NA,NA,NA,1.41463,3.96482,0.27784,0bdbd4b3-898e-42a4-aa80-c2a84fb0bbcf,2025-06-04,02:02:25,2025-06-04T02:02:25Z,2025-06-04T02:02:25Z,FlyBall,v3,NA,NA,NA,"Green, Jason",1000435054,Right,EDM_RIV,7544a0c1-7f22-43ac-932a-85e3b0bfaea8,54.52119,-110.77879,10.34474,5.62659,4.94636,-18.44947,-1.35109,1.61983,3.56703,207.708375,1.43199,45.15233,-17.13083,3.15079,0.94255,-0.79756,0.21762,-0.02719,0.0013,3.94705,97.81527,-26.23596,3.76626,-1.13411,0.26166,-0.029,4.6e-4,9e-5,0.27304,57.68885,-7.63392,1.50409,-0.23956,0.01396,0.00499,-0.00113,7e-5,NA,NA,NA,NA,NA,NA,NA,NA,NA,NA,NA,NA,NA,NA,NA,NA,NA,NA,NA,NA,NA,NA,High,High,High,High,Low,NA,NA,NA,NA,NA,NA,NA,NA,NA,NA,NA,NA,NA,NA,NA,NA,NA,NA,NA,NA,NA,NA,NA,NA,NA,NA,NA,NA,NA,NA,NA,NA,NA,NA,NA,NA,NA,NA,NA,NA,NA,NA,NA,NA,NA,NA,NA,NA,NA,NA,NA,NA,NA,NA,NA,NA
NA,NA,NA,NA,NA,NA,NA,NA,NA,NA,NA,NA,NA,NA,NA,NA,104,2025-06-03,19:02:50,2,7,"Dearing, Tate",1000336151,Right,EDM_RIV,"Hepburn, Kyle",1000133394,Right,VIC_HAR,Undefined,4,Top,1,3,2,Undefined,Curveball,BallCalled,Walk,Undefined,Undefined,0,0,NA,73.4331,1.205021,-0.884548,2386.812385,42.286909,07:30:00,5.65828,1.22598,6.0981,-63.45696,-11.1004,-11.8154,1.48501,-0.57681,66.71505,-10.478369,-3.019387,0.520783,NA,NA,NA,NA,NA,NA,NA,NA,NA,NA,NA,5.75941,-5.50969,-1.15201,50,5.71872,2.05662,-106.59498,0.36071,6.47769,22.16112,-38.37087,EDM_RIV,VIC_HAR,ReMaxField,WCL,WCL,20250603-ReMaxField-1,063fa4f0-40e8-11f0-a7a5-433c097ba25c,72.37645,NA,NA,6.71805,NA,NA,NA,NA,NA,NA,0bdbd4b3-898e-42a4-aa80-c2a84fb0bbcf,2025-06-04,02:02:50,2025-06-04T02:02:50Z,2025-06-04T02:02:50Z,NA,v3,NA,NA,NA,"Green, Jason",1000435054,Right,EDM_RIV,d26e57f9-139f-4cdf-95f7-b2ac1824b2f8,54.40245,-107.50635,11.08056,5.67144,1.93871,-19.18544,-1.23111,1.79023,3.23885,NA,NA,NA,NA,NA,NA,NA,NA,NA,NA,NA,NA,NA,NA,NA,NA,NA,NA,NA,NA,NA,NA,NA,NA,NA,NA,NA,NA,NA,NA,NA,NA,NA,NA,NA,NA,NA,NA,NA,NA,NA,NA,NA,NA,NA,NA,NA,NA,NA,NA,High,High,High,NA,NA,NA,NA,NA,NA,NA,NA,NA,NA,NA,NA,NA,NA,NA,NA,NA,NA,NA,NA,NA,NA,NA,NA,NA,NA,NA,NA,NA,NA,NA,NA,NA,NA,NA,NA,NA,NA,NA,NA,NA,NA,NA,NA,NA,NA,NA,NA,NA,NA,NA,NA,NA,NA,NA,NA,NA,NA
NA,NA,NA,NA,NA,NA,NA,NA,NA,NA,NA,NA,NA,NA,NA,NA,105,2025-06-03,19:03:19,3,1,"Dearing, Tate",1000336151,Right,EDM_RIV,"Shepherd, Logan",10291002,Right,VIC_HAR,Undefined,4,Top,1,0,0,Undefined,Sinker,BallCalled,Undefined,Undefined,Undefined,0,0,NA,88.10676,-0.318982,-2.018466,1960.839018,228.973905,01:45:00,5.86488,0.9232,6.39049,-22.65422,12.94076,13.47792,3.68344,0.18904,79.86248,-4.628412,0.422557,0.429404,NA,NA,NA,NA,NA,NA,NA,NA,NA,NA,NA,-7.56248,7.20036,-0.78347,50,5.83147,3.96057,-127.92044,-1.36115,-12.41952,28.57909,-20.349240000000002,EDM_RIV,VIC_HAR,ReMaxField,WCL,WCL,20250603-ReMaxField-1,17710ac0-40e8-11f0-a7a5-433c097ba25c,87.77858,NA,NA,8.24428,NA,NA,NA,NA,NA,NA,0bdbd4b3-898e-42a4-aa80-c2a84fb0bbcf,2025-06-04,02:03:19,2025-06-04T02:03:19Z,2025-06-04T02:03:19Z,NA,v3,NA,NA,NA,"Green, Jason",1000435054,Right,EDM_RIV,3301b278-8bf8-4988-93fb-a42ca917cc05,54.10576,-128.83446,14.28955,5.86459,-0.71034,-10.174620000000001,-0.91649,4.35777,-6.20976,NA,NA,NA,NA,NA,NA,NA,NA,NA,NA,NA,NA,NA,NA,NA,NA,NA,NA,NA,NA,NA,NA,NA,NA,NA,NA,NA,NA,NA,NA,NA,NA,NA,NA,NA,NA,NA,NA,NA,NA,NA,NA,NA,NA,NA,NA,NA,NA,NA,NA,High,High,High,NA,NA,NA,NA,NA,NA,NA,NA,NA,NA,NA,NA,NA,NA,NA,NA,NA,NA,NA,NA,NA,NA,NA,NA,NA,NA,NA,NA,NA,NA,NA,NA,NA,NA,NA,NA,NA,NA,NA,NA,NA,NA,NA,NA,NA,NA,NA,NA,NA,NA,NA,NA,NA,NA,NA,NA,NA,NA
NA,NA,NA,NA,NA,NA,NA,NA,NA,NA,NA,NA,NA,NA,NA,NA,106,2025-06-03,19:03:34,3,2,"Dearing, Tate",1000336151,Right,EDM_RIV,"Shepherd, Logan",10291002,Right,VIC_HAR,Undefined,4,Top,1,1,0,Undefined,Sinker,BallinDirt,Undefined,Undefined,Undefined,0,0,NA,88.0259,-4.706635,-3.648799,2028.20496,227.898185,01:30:00,5.96226,0.69877,6.51016,-22.83828,12.88418,12.89977,-0.27873,-1.57927,80.40915,-9.000117,-1.309038,0.430172,NA,NA,NA,NA,NA,NA,NA,NA,NA,NA,NA,-7.91138,8.53536,-0.44938,50,5.62252,7.63914,-127.3136,-11.14739,-12.89266,27.87332,-18.26452,EDM_RIV,VIC_HAR,ReMaxField,WCL,WCL,20250603-ReMaxField-1,20383430-40e8-11f0-a7a5-433c097ba25c,87.62183,NA,NA,7.61674,NA,NA,NA,NA,NA,NA,0bdbd4b3-898e-42a4-aa80-c2a84fb0bbcf,2025-06-04,02:03:34,2025-06-04T02:03:34Z,2025-06-04T02:03:34Z,NA,v3,NA,NA,NA,"Green, Jason",1000435054,Right,EDM_RIV,4e8f9a46-cd90-4c61-817e-96680051193b,53.98983,-128.18413,13.93666,5.96177,-10.57696,-9.13226,-0.69425,8.0418,-6.44633,NA,NA,NA,NA,NA,NA,NA,NA,NA,NA,NA,NA,NA,NA,NA,NA,NA,NA,NA,NA,NA,NA,NA,NA,NA,NA,NA,NA,NA,NA,NA,NA,NA,NA,NA,NA,NA,NA,NA,NA,NA,NA,NA,NA,NA,NA,NA,NA,NA,NA,High,High,High,NA,NA,NA,NA,NA,NA,NA,NA,NA,NA,NA,NA,NA,NA,NA,NA,NA,NA,NA,NA,NA,NA,NA,NA,NA,NA,NA,NA,NA,NA,NA,NA,NA,NA,NA,NA,NA,NA,NA,NA,NA,NA,NA,NA,NA,NA,NA,NA,NA,NA,NA,NA,NA,NA,NA,NA,NA,NA
NA,NA,NA,NA,NA,NA,NA,NA,NA,NA,NA,NA,NA,NA,NA,NA,107,2025-06-03,19:04:06,3,3,"Dearing, Tate",1000336151,Right,EDM_RIV,"Shepherd, Logan",10291002,Right,VIC_HAR,Undefined,4,Top,1,2,0,Undefined,Sinker,StrikeCalled,Undefined,Undefined,Undefined,0,0,NA,89.62752,-2.489139,-3.107288,2027.766379,230.439233,01:45:00,5.97337,0.89035,6.45912,-21.45796,12.97072,14.24997,1.8939,-0.77927,81.36296,-6.563841,-0.524755,0.42231,NA,NA,NA,NA,NA,NA,NA,NA,NA,NA,NA,-8.35071,7.89603,-0.67622,50,5.78752,6.4792,-129.93117,-6.26956,-14.14102,29.61744,-18.80302,EDM_RIV,VIC_HAR,ReMaxField,WCL,WCL,20250603-ReMaxField-1,33a05020-40e8-11f0-a7a5-433c097ba25c,89.25294,NA,NA,8.26456,NA,NA,NA,NA,NA,NA,0bdbd4b3-898e-42a4-aa80-c2a84fb0bbcf,2025-06-04,02:04:06,2025-06-04T02:04:06Z,2025-06-04T02:04:06Z,NA,v3,NA,NA,NA,"Green, Jason",1000435054,Right,EDM_RIV,7d7dda77-b224-4f2f-aceb-68d7afa2ad54,54.0382,-130.84843,14.80872,5.97267,-5.68722,-9.40151,-0.88366,6.91715,-7.07051,NA,NA,NA,NA,NA,NA,NA,NA,NA,NA,NA,NA,NA,NA,NA,NA,NA,NA,NA,NA,NA,NA,NA,NA,NA,NA,NA,NA,NA,NA,NA,NA,NA,NA,NA,NA,NA,NA,NA,NA,NA,NA,NA,NA,NA,NA,NA,NA,NA,NA,High,High,High,NA,NA,NA,NA,NA,NA,NA,NA,NA,NA,NA,NA,NA,NA,NA,NA,NA,NA,NA,NA,NA,NA,NA,NA,NA,NA,NA,NA,NA,NA,NA,NA,NA,NA,NA,NA,NA,NA,NA,NA,NA,NA,NA,NA,NA,NA,NA,NA,NA,NA,NA,NA,NA,NA,NA,NA,NA,NA
NA,NA,NA,NA,NA,NA,NA,NA,NA,NA,NA,NA,NA,NA,NA,NA,108,2025-06-03,19:04:24,3,4,"Dearing, Tate",1000336151,Right,EDM_RIV,"Shepherd, Logan",10291002,Right,VIC_HAR,Undefined,4,Top,1,2,1,Undefined,Sinker,InPlay,Undefined,FlyBall,Out,1,0,NA,88.51189,-1.214514,-2.281535,2028.029095,229.58841,01:45:00,5.91387,1.1032,6.56723,-21.82119,13.24355,14.13765,2.98104,0.18875,80.27647,-5.378426,0.287563,0.426193,101.71425,26.528589,5.342436,3281.856709,109.01609,53.25375,14.67602,352.63837,348.34688,12.967925,4.850872,-8.13323,7.68607,-0.95173,50,5.82096,4.57895,-128.53252,-3.32758,-13.46562,29.20541,-19.44877,EDM_RIV,VIC_HAR,ReMaxField,WCL,WCL,20250603-ReMaxField-1,3e7bb390-40e8-11f0-a7a5-433c097ba25c,88.43977,76.47673,NA,8.23542,NA,NA,NA,1.00456,2.98937,-0.20503,0bdbd4b3-898e-42a4-aa80-c2a84fb0bbcf,2025-06-04,02:04:24,2025-06-04T02:04:24Z,2025-06-04T02:04:24Z,FlyBall,v3,NA,NA,NA,"Green, Jason",1000435054,Right,EDM_RIV,bb766d24-8389-4d75-a374-17f270139961,53.93129,-129.42271,14.60271,5.91335,-2.73477,-9.72438,-1.09755,4.98939,-6.73281,205.652953,1.00468,132.89058,-28.97389,7.06434,-1.61992,0.3579,-0.06686,0.00807,-4.2e-4,2.99156,66.58437,-15.96731,-0.00335,0.48459,-0.24268,0.06343,-0.00823,4.2e-4,-0.20552,12.44189,4.15423,-1.82706,0.5081,-0.10588,0.01606,-0.00152,7e-5,NA,NA,NA,NA,NA,NA,NA,NA,NA,NA,NA,NA,NA,NA,NA,NA,NA,NA,NA,NA,NA,NA,High,High,High,High,High,NA,NA,NA,NA,NA,NA,NA,NA,NA,NA,NA,NA,NA,NA,NA,NA,NA,NA,NA,NA,NA,NA,NA,NA,NA,NA,NA,NA,NA,NA,NA,NA,NA,NA,NA,NA,NA,NA,NA,NA,NA,NA,NA,NA,NA,NA,NA,NA,NA,NA,NA,NA,NA,NA,NA,NA
NA,NA,NA,NA,NA,NA,NA,NA,NA,NA,NA,NA,NA,NA,NA,NA,109,2025-06-03,19:05:15,4,1,"Dearing, Tate",1000336151,Right,EDM_RIV,"Beltowski, Tanner",10282482,Right,VIC_HAR,Undefined,4,Top,2,0,0,Undefined,Sinker,FoulBallNotFieldable,Undefined,Undefined,Undefined,0,0,NA,87.75268,-1.244933,-2.113881,1934.472351,225.653772,01:30:00,6.09117,0.8975,6.24914,-22.76501,13.29245,12.34528,3.04499,-0.024140000000000002,79.71865,-5.555307,0.116342,0.432184,62.57346,52.291871,142.460707,5907.483859,-95.45222,53.56422,54.67043,155.55391,70.60086,152.177777,3.575305,-7.07477,7.63969,-0.74635,50,5.98738,4.21689,-127.39383,-3.43943,-11.52661,28.2698,-19.72704,EDM_RIV,VIC_HAR,ReMaxField,WCL,WCL,20250603-ReMaxField-1,5c7a61c0-40e8-11f0-a7a5-433c097ba25c,87.2138,60.24718,NA,8.03403,NA,NA,NA,1.58442,3.03851,0.01526,0bdbd4b3-898e-42a4-aa80-c2a84fb0bbcf,2025-06-04,02:05:15,2025-06-04T02:05:15Z,2025-06-04T02:05:15Z,Popup,v3,NA,NA,NA,"Green, Jason",1000435054,Right,EDM_RIV,c1d2d8b8-b9be-42ee-a3ce-1d580372ed8c,54.24974,-128.33342,14.1349,6.0908,-2.78377,-9.86352,-0.89287,4.59999,-5.76331,328.467815,1.58453,-44.51533,-0.68398,1.05559,-0.0277,-0.18051,0.09543,-0.02003,0.00153,3.0394,72.57856,-26.62512,2.72374,-0.21506,-0.11941,0.04607,-0.00583,2.1e-4,0.01614,34.17651,-6.59401,1.12173,0.0235,-0.09275,0.01781,5.3e-4,-2.8e-4,NA,NA,NA,NA,NA,NA,NA,NA,NA,NA,NA,NA,NA,NA,NA,NA,NA,NA,NA,NA,NA,NA,High,High,High,High,Medium,NA,NA,NA,NA,NA,NA,NA,NA,NA,NA,NA,NA,NA,NA,NA,NA,NA,NA,NA,NA,NA,NA,NA,NA,NA,NA,NA,NA,NA,NA,NA,NA,NA,NA,NA,NA,NA,NA,NA,NA,NA,NA,NA,NA,NA,NA,NA,NA,NA,NA,NA,NA,NA,NA,NA,NA
NA,NA,NA,NA,NA,NA,NA,NA,NA,NA,NA,NA,NA,NA,NA,NA,110,2025-06-03,19:05:34,4,2,"Dearing, Tate",1000336151,Right,EDM_RIV,"Beltowski, Tanner",10282482,Right,VIC_HAR,Undefined,4,Top,2,0,1,Undefined,Four-Seam,FoulBallFieldable,Undefined,Undefined,Undefined,0,0,NA,88.20518,-1.196853,-1.401126,1974.170703,218.042697,01:15:00,6.02999,0.87249,6.11563,-20.81694,14.90808,10.74646,3.18817,0.47232,80.37199,-5.139094,0.535961,0.430187,NA,NA,NA,NA,NA,NA,NA,NA,NA,NA,NA,-5.91095,8.38587,-0.77033,50,5.92728,2.68618,-128.07743,-3.29021,-9.77998,27.41996,-18.29919,EDM_RIV,VIC_HAR,ReMaxField,WCL,WCL,20250603-ReMaxField-1,681396f0-40e8-11f0-a7a5-433c097ba25c,87.61869,NA,NA,7.8332,NA,NA,NA,NA,NA,NA,0bdbd4b3-898e-42a4-aa80-c2a84fb0bbcf,2025-06-04,02:05:34,2025-06-04T02:05:34Z,2025-06-04T02:05:34Z,NA,v3,NA,NA,NA,"Green, Jason",1000435054,Right,EDM_RIV,6a6f1871-810e-4f65-a95b-01303fed8a02,54.38132,-129.01201,13.70998,6.02879,-2.6665,-9.14959,-0.86757,3.01952,-4.88999,NA,NA,NA,NA,NA,NA,NA,NA,NA,NA,NA,NA,NA,NA,NA,NA,NA,NA,NA,NA,NA,NA,NA,NA,NA,NA,NA,NA,NA,NA,NA,NA,NA,NA,NA,NA,NA,NA,NA,NA,NA,NA,NA,NA,NA,NA,NA,NA,NA,NA,High,High,High,NA,NA,NA,NA,NA,NA,NA,NA,NA,NA,NA,NA,NA,NA,NA,NA,NA,NA,NA,NA,NA,NA,NA,NA,NA,NA,NA,NA,NA,NA,NA,NA,NA,NA,NA,NA,NA,NA,NA,NA,NA,NA,NA,NA,NA,NA,NA,NA,NA,NA,NA,NA,NA,NA,NA,NA,NA,NA
NA,NA,NA,NA,NA,NA,NA,NA,NA,NA,NA,NA,NA,NA,NA,NA,111,2025-06-03,19:05:55,4,3,"Dearing, Tate",1000336151,Right,EDM_RIV,"Beltowski, Tanner",10282482,Right,VIC_HAR,Undefined,4,Top,2,0,2,Undefined,Sinker,InPlay,Undefined,FlyBall,Out,1,0,NA,88.66038,-0.854516,-1.301523,1972.016816,224.046887,01:30:00,5.95393,0.88217,6.30157,-21.59722,13.40229,11.88627,3.3666,0.67335,81.00409,-4.943497,0.848746,0.425797,92.7888,32.78834,-27.546534,3035.320732,96.20321,65.69852,-53.33763,332.68451,328.78016,-32.471391,5.111116,-6.58933,7.55556,-0.79228,50,5.88074,2.46438,-128.87278,-2.55638,-11.05674,27.34317,-19.49602,EDM_RIV,VIC_HAR,ReMaxField,WCL,WCL,20250603-ReMaxField-1,74b143d0-40e8-11f0-a7a5-433c097ba25c,88.52212,88.46835,NA,7.65629,NA,NA,NA,2.13021,3.50369,-0.68775,0bdbd4b3-898e-42a4-aa80-c2a84fb0bbcf,2025-06-04,02:05:55,2025-06-04T02:05:55Z,2025-06-04T02:05:55Z,FlyBall,v3,NA,NA,NA,"Green, Jason",1000435054,Right,EDM_RIV,b9d00de8-1f68-4adc-b29f-498b22e7c42d,54.19825,-129.76047,13.67159,5.95345,-1.92344,-9.74801,-0.87811,2.82334,-5.52837,164.618573,2.13219,101.395,-21.36254,4.91154,-0.92385,0.14948,-0.02215,0.00251,-1.3e-4,3.50373,73.69834,-18.13285,1.24409,-0.12847,-0.03601,0.01939,-0.00315,1.8e-4,-0.68798,-52.90806,7.49701,-1.59086,0.33303,-0.07339,0.01447,-0.0018,1e-4,NA,NA,NA,NA,NA,NA,NA,NA,NA,NA,NA,NA,NA,NA,NA,NA,NA,NA,NA,NA,NA,NA,High,High,High,High,Medium,NA,NA,NA,NA,NA,NA,NA,NA,NA,NA,NA,NA,NA,NA,NA,NA,NA,NA,NA,NA,NA,NA,NA,NA,NA,NA,NA,NA,NA,NA,NA,NA,NA,NA,NA,NA,NA,NA,NA,NA,NA,NA,NA,NA,NA,NA,NA,NA,NA,NA,NA,NA,NA,NA,NA,NA
NA,NA,NA,NA,NA,NA,NA,NA,NA,NA,NA,NA,NA,NA,NA,NA,112,2025-06-03,19:08:55,1,1,"Lindsey, Austin",1000250969,Right,VIC_HAR,"Yzermans, Grant",1000325816,Right,EDM_RIV,Undefined,4,Bottom,0,0,0,Undefined,Four-Seam,InPlay,Undefined,GroundBall,Out,1,0,NA,88.84887,-2.798758,-3.523239,2126.674645,212.706955,01:00:00,5.71902,2.23784,6.50598,-18.88001,16.52572,9.73902,1.57015,-0.18818,79.77131,-6.43754,-1.758949,0.428261,95.69598,5.193532,-14.994943,1492.378633,NA,NA,NA,95.36009,91.13719,-18.133928,0.746137,-6.30189,9.99867,-1.99541,50,5.51475,7.53487,-128.59374,-6.78512,-10.32699,31.97634,-15.78909,EDM_RIV,VIC_HAR,ReMaxField,WCL,WCL,20250603-ReMaxField-1,dfd390a0-40e8-11f0-a7a5-433c097ba25c,88.01281,3.49008,NA,9.07756,NA,NA,NA,1.38424,1.55886,0.15746,0bdbd4b3-898e-42a4-aa80-c2a84fb0bbcf,2025-06-04,02:08:55,2025-06-04T02:08:55Z,2025-06-04T02:08:55Z,GroundBall,v3,NA,NA,NA,"Berezowski, Jai",1000335502,Right,VIC_HAR,f807e84b-4554-48b8-aab6-534691c73306,53.99053,-129.58224,15.98817,5.71696,-6.29703,-7.89454,-2.23327,7.85411,-5.16349,75.102864,1.44195,133.96922,-19.45483,NA,NA,NA,NA,NA,NA,1.60175,11.923400000000001,-18.92827,NA,NA,NA,NA,NA,NA,0.19678,-36.88892,-4.28883,NA,NA,NA,NA,NA,NA,NA,NA,NA,NA,NA,NA,NA,NA,NA,NA,NA,NA,NA,NA,NA,NA,NA,NA,NA,NA,NA,NA,High,High,High,High,High,NA,NA,NA,NA,NA,NA,NA,NA,NA,NA,NA,NA,NA,NA,NA,NA,NA,NA,NA,NA,NA,NA,NA,NA,NA,NA,NA,NA,NA,NA,NA,NA,NA,NA,NA,NA,NA,NA,NA,NA,NA,NA,NA,NA,NA,NA,NA,NA,NA,NA,NA,NA,NA,NA,NA,NA
NA,NA,NA,NA,NA,NA,NA,NA,NA,NA,NA,NA,NA,NA,NA,NA,113,2025-06-03,19:09:26,2,1,"Lindsey, Austin",1000250969,Right,VIC_HAR,"Phelps, Robert",1000435056,Right,EDM_RIV,Undefined,4,Bottom,1,0,0,Undefined,Curveball,BallCalled,Undefined,Undefined,Undefined,0,0,NA,75.42178,0.818676,-1.038728,2502.570444,59.198309,08:00:00,5.21157,2.62371,5.9072,-56.88322,-6.79697,-14.49276,1.23139,0.45171,68.28799,-9.645316,-3.645685,0.509367,NA,NA,NA,NA,NA,NA,NA,NA,NA,NA,NA,7.04961,-3.21177,-2.53212,50,5.24535,2.50933,-109.40702,-0.19175,8.34078,23.59505,-35.97409,EDM_RIV,VIC_HAR,ReMaxField,WCL,WCL,20250603-ReMaxField-1,f2a9a5c0-40e8-11f0-a7a5-433c097ba25c,73.99861,NA,NA,7.13379,NA,NA,NA,NA,NA,NA,0bdbd4b3-898e-42a4-aa80-c2a84fb0bbcf,2025-06-04,02:09:26,2025-06-04T02:09:26Z,2025-06-04T02:09:26Z,NA,v3,NA,NA,NA,"Berezowski, Jai",1000335502,Right,VIC_HAR,0117c528-4f22-4b26-9244-74a8b12de622,54.59218,-110.39294,11.79752,5.22196,1.31143,-17.98704,-2.62969,2.16081,4.17039,NA,NA,NA,NA,NA,NA,NA,NA,NA,NA,NA,NA,NA,NA,NA,NA,NA,NA,NA,NA,NA,NA,NA,NA,NA,NA,NA,NA,NA,NA,NA,NA,NA,NA,NA,NA,NA,NA,NA,NA,NA,NA,NA,NA,NA,NA,NA,NA,NA,NA,High,High,High,NA,NA,NA,NA,NA,NA,NA,NA,NA,NA,NA,NA,NA,NA,NA,NA,NA,NA,NA,NA,NA,NA,NA,NA,NA,NA,NA,NA,NA,NA,NA,NA,NA,NA,NA,NA,NA,NA,NA,NA,NA,NA,NA,NA,NA,NA,NA,NA,NA,NA,NA,NA,NA,NA,NA,NA,NA,NA
NA,NA,NA,NA,NA,NA,NA,NA,NA,NA,NA,NA,NA,NA,NA,NA,114,2025-06-03,19:09:42,2,2,"Lindsey, Austin",1000250969,Right,VIC_HAR,"Phelps, Robert",1000435056,Right,EDM_RIV,Undefined,4,Bottom,1,1,0,Undefined,Four-Seam,BallCalled,Undefined,Undefined,Undefined,0,0,NA,89.8123,-3.269456,-3.37814,2122.427983,211.119585,01:00:00,5.7276300000000004,2.30444,6.39515,-17.64391,17.02863,9.50095,1.24187,-0.0143,80.97283,-6.661829,-1.660174,0.423803,NA,NA,NA,NA,NA,NA,NA,NA,NA,NA,NA,-6.04756,10.3189,-2.06578,50,5.48413,7.28785,-129.97132,-7.9004,-10.17301,31.45718,-14.81596,EDM_RIV,VIC_HAR,ReMaxField,WCL,WCL,20250603-ReMaxField-1,fc266390-40e8-11f0-a7a5-433c097ba25c,88.93851,NA,NA,8.83947,NA,NA,NA,NA,NA,NA,0bdbd4b3-898e-42a4-aa80-c2a84fb0bbcf,2025-06-04,02:09:42,2025-06-04T02:09:42Z,2025-06-04T02:09:42Z,NA,v3,NA,NA,NA,"Berezowski, Jai",1000335502,Right,VIC_HAR,db414dcb-ded7-43de-ab1a-289f9e14ac9a,54.10145,-130.96024,15.72859,5.72517,-7.43463,-7.40798,-2.29991,7.60766,-5.0865,NA,NA,NA,NA,NA,NA,NA,NA,NA,NA,NA,NA,NA,NA,NA,NA,NA,NA,NA,NA,NA,NA,NA,NA,NA,NA,NA,NA,NA,NA,NA,NA,NA,NA,NA,NA,NA,NA,NA,NA,NA,NA,NA,NA,NA,NA,NA,NA,NA,NA,High,High,High,NA,NA,NA,NA,NA,NA,NA,NA,NA,NA,NA,NA,NA,NA,NA,NA,NA,NA,NA,NA,NA,NA,NA,NA,NA,NA,NA,NA,NA,NA,NA,NA,NA,NA,NA,NA,NA,NA,NA,NA,NA,NA,NA,NA,NA,NA,NA,NA,NA,NA,NA,NA,NA,NA,NA,NA,NA,NA
NA,NA,NA,NA,NA,NA,NA,NA,NA,NA,NA,NA,NA,NA,NA,NA,115,2025-06-03,19:10:02,2,3,"Lindsey, Austin",1000250969,Right,VIC_HAR,"Phelps, Robert",1000435056,Right,EDM_RIV,Undefined,4,Bottom,1,2,0,Undefined,Changeup,StrikeCalled,Undefined,Undefined,Undefined,0,0,NA,86.95742,-0.883335,-4.312321,2006.867605,222.003621,01:30:00,5.64539,2.32041,6.54667,-21.66529,15.11816,12.38209,3.02752,-0.60989,78.13789,-5.045338,-2.071255,0.436513,NA,NA,NA,NA,NA,NA,NA,NA,NA,NA,NA,-7.82646,8.59398,-2.0261,50,5.57477,9.00057,-125.88407,-2.51119,-12.34194,29.66983,-18.62177,EDM_RIV,VIC_HAR,ReMaxField,WCL,WCL,20250603-ReMaxField-1,079f1870-40e9-11f0-a7a5-433c097ba25c,86.34888,NA,NA,8.81953,NA,NA,NA,NA,NA,NA,0bdbd4b3-898e-42a4-aa80-c2a84fb0bbcf,2025-06-04,02:10:02,2025-06-04T02:10:02Z,2025-06-04T02:10:02Z,NA,v3,NA,NA,NA,"Berezowski, Jai",1000335502,Right,VIC_HAR,9c443b4d-5e5d-4278-82cb-fa0e6b975e92,53.94801,-126.81117,14.83492,5.64415,-1.92931,-9.31089,-2.31336,9.38622,-6.17097,NA,NA,NA,NA,NA,NA,NA,NA,NA,NA,NA,NA,NA,NA,NA,NA,NA,NA,NA,NA,NA,NA,NA,NA,NA,NA,NA,NA,NA,NA,NA,NA,NA,NA,NA,NA,NA,NA,NA,NA,NA,NA,NA,NA,NA,NA,NA,NA,NA,NA,High,High,High,NA,NA,NA,NA,NA,NA,NA,NA,NA,NA,NA,NA,NA,NA,NA,NA,NA,NA,NA,NA,NA,NA,NA,NA,NA,NA,NA,NA,NA,NA,NA,NA,NA,NA,NA,NA,NA,NA,NA,NA,NA,NA,NA,NA,NA,NA,NA,NA,NA,NA,NA,NA,NA,NA,NA,NA,NA,NA
NA,NA,NA,NA,NA,NA,NA,NA,NA,NA,NA,NA,NA,NA,NA,NA,116,2025-06-03,19:10:20,2,4,"Lindsey, Austin",1000250969,Right,VIC_HAR,"Phelps, Robert",1000435056,Right,EDM_RIV,Undefined,4,Bottom,1,2,1,Undefined,Four-Seam,BallCalled,Undefined,Undefined,Undefined,0,0,NA,88.59181,-4.488186,-4.386307,2172.826507,214.371827,01:15:00,5.67661,2.10355,6.43995,-18.15741,17.63611,11.12898,0.01861,-1.0076,79.85927,-7.971306,-2.375652,0.430599,NA,NA,NA,NA,NA,NA,NA,NA,NA,NA,NA,-7.26437,11.09532,-1.79627,50,5.34818,9.37118,-127.87602,-10.53234,-11.814,30.75879,-14.12989,EDM_RIV,VIC_HAR,ReMaxField,WCL,WCL,20250603-ReMaxField-1,126c4b10-40e9-11f0-a7a5-433c097ba25c,87.53481,NA,NA,8.73255,NA,NA,NA,NA,NA,NA,0bdbd4b3-898e-42a4-aa80-c2a84fb0bbcf,2025-06-04,02:10:20,2025-06-04T02:10:20Z,2025-06-04T02:10:20Z,NA,v3,NA,NA,NA,"Berezowski, Jai",1000335502,Right,VIC_HAR,9c4a20b3-d716-4674-bd96-2325baa36c9d,54.05707,-128.8482,15.37939,5.67402,-10.08575,-7.06494,-2.09836,9.74458,-5.907,NA,NA,NA,NA,NA,NA,NA,NA,NA,NA,NA,NA,NA,NA,NA,NA,NA,NA,NA,NA,NA,NA,NA,NA,NA,NA,NA,NA,NA,NA,NA,NA,NA,NA,NA,NA,NA,NA,NA,NA,NA,NA,NA,NA,NA,NA,NA,NA,NA,NA,High,High,High,NA,NA,NA,NA,NA,NA,NA,NA,NA,NA,NA,NA,NA,NA,NA,NA,NA,NA,NA,NA,NA,NA,NA,NA,NA,NA,NA,NA,NA,NA,NA,NA,NA,NA,NA,NA,NA,NA,NA,NA,NA,NA,NA,NA,NA,NA,NA,NA,NA,NA,NA,NA,NA,NA,NA,NA,NA,NA
NA,NA,NA,NA,NA,NA,NA,NA,NA,NA,NA,NA,NA,NA,NA,NA,117,2025-06-03,19:10:40,2,5,"Lindsey, Austin",1000250969,Right,VIC_HAR,"Phelps, Robert",1000435056,Right,EDM_RIV,Undefined,4,Bottom,1,3,1,Undefined,Sinker,BallCalled,Walk,Undefined,Undefined,0,0,NA,88.00352,-3.940824,-3.577385,2139.752966,223.118867,01:30:00,5.57539,2.42359,6.37761,-19.9617,15.98111,13.77623,0.2735,0.2761,79.99271,-7.732727,-1.086271,0.431497,NA,NA,NA,NA,NA,NA,NA,NA,NA,NA,NA,-8.3165,9.92583,-2.17167,50,5.28106,7.43103,-127.3493,-9.33764,-13.5266,28.49444,-16.02997,EDM_RIV,VIC_HAR,ReMaxField,WCL,WCL,20250603-ReMaxField-1,1e238f90-40e9-11f0-a7a5-433c097ba25c,87.3528,NA,NA,8.01082,NA,NA,NA,NA,NA,NA,0bdbd4b3-898e-42a4-aa80-c2a84fb0bbcf,2025-06-04,02:10:40,2025-06-04T02:10:40Z,2025-06-04T02:10:40Z,NA,v3,NA,NA,NA,"Berezowski, Jai",1000335502,Right,VIC_HAR,6dfffde3-5d13-4d16-ae4a-9ef547455969,54.12151,-128.26817,14.24722,5.57384,-8.82072,-8.01498,-2.41833,7.86722,-6.7633,NA,NA,NA,NA,NA,NA,NA,NA,NA,NA,NA,NA,NA,NA,NA,NA,NA,NA,NA,NA,NA,NA,NA,NA,NA,NA,NA,NA,NA,NA,NA,NA,NA,NA,NA,NA,NA,NA,NA,NA,NA,NA,NA,NA,NA,NA,NA,NA,NA,NA,High,High,High,NA,NA,NA,NA,NA,NA,NA,NA,NA,NA,NA,NA,NA,NA,NA,NA,NA,NA,NA,NA,NA,NA,NA,NA,NA,NA,NA,NA,NA,NA,NA,NA,NA,NA,NA,NA,NA,NA,NA,NA,NA,NA,NA,NA,NA,NA,NA,NA,NA,NA,NA,NA,NA,NA,NA,NA,NA,NA
NA,NA,NA,NA,NA,NA,NA,NA,NA,NA,NA,NA,NA,NA,NA,NA,118,2025-06-03,19:11:12,3,1,"Lindsey, Austin",1000250969,Right,VIC_HAR,"Yip, Kyle",1000435045,Right,EDM_RIV,Undefined,4,Bottom,1,0,0,Undefined,Changeup,BallCalled,Undefined,Undefined,Undefined,0,0,NA,84.76772,-2.891537,-3.455752,2075.031328,228.072865,01:30:00,5.70935,2.40699,6.47289,-24.48612,14.62572,14.55115,1.00631,0.44216,75.93287,-7.564553,-0.818532,0.450117,NA,NA,NA,NA,NA,NA,NA,NA,NA,NA,NA,-8.81493,9.11386,-2.16925,50,5.49449,6.85156,-122.63077,-6.85697,-13.07854,30.05326,-18.65194,EDM_RIV,VIC_HAR,ReMaxField,WCL,WCL,20250603-ReMaxField-1,319f0c70-40e9-11f0-a7a5-433c097ba25c,83.73917,NA,NA,8.83485,NA,NA,NA,NA,NA,NA,0bdbd4b3-898e-42a4-aa80-c2a84fb0bbcf,2025-06-04,02:11:12,2025-06-04T02:11:12Z,2025-06-04T02:11:12Z,NA,v3,NA,NA,NA,"Berezowski, Jai",1000335502,Right,VIC_HAR,4dcbcb8c-ac80-4aee-9128-62f0ad082b2e,54.02295,-123.61275,15.02663,5.70858,-6.24752,-9.32597,-2.4001,7.27889,-6.53927,NA,NA,NA,NA,NA,NA,NA,NA,NA,NA,NA,NA,NA,NA,NA,NA,NA,NA,NA,NA,NA,NA,NA,NA,NA,NA,NA,NA,NA,NA,NA,NA,NA,NA,NA,NA,NA,NA,NA,NA,NA,NA,NA,NA,NA,NA,NA,NA,NA,NA,High,High,High,NA,NA,NA,NA,NA,NA,NA,NA,NA,NA,NA,NA,NA,NA,NA,NA,NA,NA,NA,NA,NA,NA,NA,NA,NA,NA,NA,NA,NA,NA,NA,NA,NA,NA,NA,NA,NA,NA,NA,NA,NA,NA,NA,NA,NA,NA,NA,NA,NA,NA,NA,NA,NA,NA,NA,NA,NA,NA
NA,NA,NA,NA,NA,NA,NA,NA,NA,NA,NA,NA,NA,NA,NA,NA,119,2025-06-03,19:11:48,3,2,"Lindsey, Austin",1000250969,Right,VIC_HAR,"Yip, Kyle",1000435045,Right,EDM_RIV,Undefined,4,Bottom,1,1,0,Undefined,Changeup,FoulBallNotFieldable,Undefined,Undefined,Undefined,0,0,NA,85.83579,-1.437251,-3.40614,2028.242098,242.863653,02:00:00,5.6929,2.41402,6.55601,-28.46671,9.55233,15.67969,2.00026,0.5939,76.68365,-6.848664,-0.559433,0.443784,NA,NA,NA,NA,NA,NA,NA,NA,NA,NA,NA,-9.48402,5.95323,-2.18505,50,5.58173,6.80925,-124.32537,-3.92765,-14.42147,31.5346,-23.12149,EDM_RIV,VIC_HAR,ReMaxField,WCL,WCL,20250603-ReMaxField-1,46bd3cd0-40e9-11f0-a7a5-433c097ba25c,84.93411,NA,NA,9.15214,NA,NA,NA,NA,NA,NA,0bdbd4b3-898e-42a4-aa80-c2a84fb0bbcf,2025-06-04,02:11:48,2025-06-04T02:11:48Z,2025-06-04T02:11:48Z,NA,v3,NA,NA,NA,"Berezowski, Jai",1000335502,Right,VIC_HAR,12faff6c-fc26-4135-802d-da54aeced60c,53.94099,-125.321,15.7673,5.69421,-3.19765,-11.56075,-2.40722,7.26457,-7.21074,NA,NA,NA,NA,NA,NA,NA,NA,NA,NA,NA,NA,NA,NA,NA,NA,NA,NA,NA,NA,NA,NA,NA,NA,NA,NA,NA,NA,NA,NA,NA,NA,NA,NA,NA,NA,NA,NA,NA,NA,NA,NA,NA,NA,NA,NA,NA,NA,NA,NA,High,High,High,NA,NA,NA,NA,NA,NA,NA,NA,NA,NA,NA,NA,NA,NA,NA,NA,NA,NA,NA,NA,NA,NA,NA,NA,NA,NA,NA,NA,NA,NA,NA,NA,NA,NA,NA,NA,NA,NA,NA,NA,NA,NA,NA,NA,NA,NA,NA,NA,NA,NA,NA,NA,NA,NA,NA,NA,NA,NA
NA,NA,NA,NA,NA,NA,NA,NA,NA,NA,NA,NA,NA,NA,NA,NA,120,2025-06-03,19:12:11,3,3,"Lindsey, Austin",1000250969,Right,VIC_HAR,"Yip, Kyle",1000435045,Right,EDM_RIV,Undefined,4,Bottom,1,1,1,Undefined,Changeup,BallCalled,Undefined,Undefined,Undefined,0,0,NA,78.97899,-2.102781,-5.452474,1340.47159,248.675072,02:15:00,5.68926,2.28186,6.32229,-37.3627,7.35985,14.90646,0.62942,-1.51274,72.1444,-9.04759,-2.767737,0.481321,NA,NA,NA,NA,NA,NA,NA,NA,NA,NA,NA,-9.37237,4.93339,-1.88908,50,5.51739,10.3701,-114.19156,-5.27332,-12.28477,22.46489,-25.70767,EDM_RIV,VIC_HAR,ReMaxField,WCL,WCL,20250603-ReMaxField-1,5488e260-40e9-11f0-a7a5-433c097ba25c,78.31042,NA,NA,6.83459,NA,NA,NA,NA,NA,NA,0bdbd4b3-898e-42a4-aa80-c2a84fb0bbcf,2025-06-04,02:12:11,2025-06-04T02:12:11Z,2025-06-04T02:12:11Z,NA,v3,NA,NA,NA,"Berezowski, Jai",1000335502,Right,VIC_HAR,e95ce26e-47e7-4c09-a971-0f0d7d7d7734,54.17633,-115.01024,11.23244,5.69249,-4.33647,-12.85383,-2.27515,10.81779,-6.14239,NA,NA,NA,NA,NA,NA,NA,NA,NA,NA,NA,NA,NA,NA,NA,NA,NA,NA,NA,NA,NA,NA,NA,NA,NA,NA,NA,NA,74.94787,NA,NA,0.900415,NA,NA,NA,-2.93594,5.33982,4.99025,66.62702,4.27646,58.15046,-2.86803,87.22948,-11.30346,5.33905,8.43266,-10.67775,5.02195,64.38457,-6.04307,High,High,High,NA,NA,High,Low,Low,NA,NA,NA,NA,NA,NA,NA,NA,NA,NA,NA,NA,NA,NA,NA,NA,NA,NA,NA,NA,NA,NA,NA,NA,NA,NA,NA,NA,NA,NA,NA,NA,NA,NA,NA,NA,NA,NA,NA,NA,NA,NA,NA,NA,NA,NA,NA,NA,NA,NA,NA,NA,NA
NA,NA,NA,NA,NA,NA,NA,NA,NA,NA,NA,NA,NA,NA,NA,NA,121,2025-06-03,19:12:31,3,4,"Lindsey, Austin",1000250969,Right,VIC_HAR,"Yip, Kyle",1000435045,Right,EDM_RIV,Undefined,4,Bottom,1,2,1,Undefined,Sinker,InPlay,Undefined,LineDrive,Double,0,1,NA,88.08555,-1.396702,-3.346402,2164.028562,226.691172,01:30:00,5.77257,2.3683,6.56389,-18.92721,16.98241,16.54505,2.91242,0.67572,78.83027,-5.069756,-0.344411,0.431297,100.9459,9.793677,-36.147381,2383.482658,84.92885,9.67637,-69.90663,171.50549,170.12229,-41.465902,1.390399,-9.8393,9.78674,-2.14412,50,5.66814,6.82139,-127.64181,-3.58848,-15.8582,31.92268,-16.40058,EDM_RIV,VIC_HAR,ReMaxField,WCL,WCL,20250603-ReMaxField-1,60c55c70-40e9-11f0-a7a5-433c097ba25c,87.39317,10.50704,NA,9.25528,NA,NA,NA,2.08534,3.04432,-0.9093,0bdbd4b3-898e-42a4-aa80-c2a84fb0bbcf,2025-06-04,02:12:31,2025-06-04T02:12:31Z,2025-06-04T02:12:31Z,LineDrive,v3,NA,NA,NA,"Berezowski, Jai",1000335502,Right,VIC_HAR,c841d6b0-b8c2-4b03-80c7-b97a9add60c6,53.9331,-128.62169,15.96134,5.77057,-3.08505,-8.20029,-2.36098,7.30817,-7.9291,NA,2.08534,117.81145,-25.25662,5.69572,-1.31997,0.26443,-0.05105,0.00814,-7.1e-4,3.04432,25.18405,-22.76977,2.85193,-0.59126,0.12158,-0.02227,0.00364,-3.5e-4,-0.9093,-86.05892,1.99316,1.99467,-0.88756,0.29258,-0.07561,0.01477,-0.0015,NA,NA,NA,NA,NA,NA,NA,NA,NA,NA,NA,NA,NA,NA,NA,NA,NA,NA,NA,NA,NA,NA,High,High,High,High,High,NA,NA,NA,NA,NA,NA,NA,NA,NA,NA,NA,NA,NA,NA,NA,NA,NA,NA,NA,NA,NA,NA,NA,NA,NA,NA,NA,NA,NA,NA,NA,NA,NA,NA,NA,NA,NA,NA,NA,NA,NA,NA,NA,NA,NA,NA,NA,NA,NA,NA,NA,NA,NA,NA,NA,NA
NA,NA,NA,NA,NA,NA,NA,NA,NA,NA,NA,NA,NA,NA,NA,NA,122,2025-06-03,19:13:23,4,1,"Lindsey, Austin",1000250969,Right,VIC_HAR,"Stagg, Max",1000435060,Right,EDM_RIV,Undefined,4,Bottom,1,0,0,Undefined,Curveball,StrikeCalled,Undefined,Undefined,Undefined,0,0,NA,73.46138,2.956515,-2.063593,2580.395891,36.017104,07:15:00,5.51544,2.45637,6.46824,-65.44972,-13.3506,-11.15512,2.78082,-0.3693,66.01076,-9.214312,-4.086724,0.519501,NA,NA,NA,NA,NA,NA,NA,NA,NA,NA,NA,5.01579,-7.34103,-2.3066,50,5.69731,4.21441,-106.46904,3.64928,5.58409,23.40349,-40.34685,EDM_RIV,VIC_HAR,ReMaxField,WCL,WCL,20250603-ReMaxField-1,7f890850-40e9-11f0-a7a5-433c097ba25c,72.55507,NA,NA,7.45062,NA,NA,NA,NA,NA,NA,0bdbd4b3-898e-42a4-aa80-c2a84fb0bbcf,2025-06-04,02:13:23,2025-06-04T02:13:23Z,2025-06-04T02:13:23Z,NA,v3,NA,NA,NA,"Berezowski, Jai",1000335502,Right,VIC_HAR,8ab13b1f-80ad-4ac6-b17c-8a9c342c87df,54.03151,-107.35157,11.70174,5.53101,5.17073,-20.17342,-2.46156,4.00383,2.79204,NA,NA,NA,NA,NA,NA,NA,NA,NA,NA,NA,NA,NA,NA,NA,NA,NA,NA,NA,NA,NA,NA,NA,NA,NA,NA,NA,NA,NA,NA,NA,NA,NA,NA,NA,NA,NA,NA,NA,NA,NA,NA,NA,NA,NA,NA,NA,NA,NA,NA,High,High,High,NA,NA,NA,NA,NA,NA,NA,NA,NA,NA,NA,NA,NA,NA,NA,NA,NA,NA,NA,NA,NA,NA,NA,NA,NA,NA,NA,NA,NA,NA,NA,NA,NA,NA,NA,NA,NA,NA,NA,NA,NA,NA,NA,NA,NA,NA,NA,NA,NA,NA,NA,NA,NA,NA,NA,NA,NA,NA
NA,NA,NA,NA,NA,NA,NA,NA,NA,NA,NA,NA,NA,NA,NA,NA,123,2025-06-03,19:13:40,4,2,"Lindsey, Austin",1000250969,Right,VIC_HAR,"Stagg, Max",1000435060,Right,EDM_RIV,Undefined,4,Bottom,1,0,1,Undefined,Four-Seam,BallCalled,Undefined,Undefined,Undefined,0,0,NA,88.61666,-3.254723,-4.66632,2165.770302,212.761737,01:00:00,5.76881,2.20467,6.52135,-16.00056,19.88099,11.85749,1.43606,-1.09805,79.05682,-6.390234,-2.523118,0.431129,NA,NA,NA,NA,NA,NA,NA,NA,NA,NA,NA,-7.75898,11.91131,-1.88345,50,5.53401,9.95231,-127.9156,-7.64759,-12.52946,32.62348,-12.93932,EDM_RIV,VIC_HAR,ReMaxField,WCL,WCL,20250603-ReMaxField-1,89c62ff0-40e9-11f0-a7a5-433c097ba25c,87.42729,NA,NA,9.55984,NA,NA,NA,NA,NA,NA,0bdbd4b3-898e-42a4-aa80-c2a84fb0bbcf,2025-06-04,02:13:40,2025-06-04T02:13:40Z,2025-06-04T02:13:40Z,NA,v3,NA,NA,NA,"Berezowski, Jai",1000335502,Right,VIC_HAR,47df7350-5b6a-4121-90cb-e03b340d943b,53.97153,-128.92452,16.31174,5.76433,-7.24743,-6.46966,-2.19723,10.33979,-6.26473,NA,NA,NA,NA,NA,NA,NA,NA,NA,NA,NA,NA,NA,NA,NA,NA,NA,NA,NA,NA,NA,NA,NA,NA,NA,NA,NA,NA,NA,NA,NA,NA,NA,NA,NA,NA,NA,NA,NA,NA,NA,NA,NA,NA,NA,NA,NA,NA,NA,NA,High,High,High,NA,NA,NA,NA,NA,NA,NA,NA,NA,NA,NA,NA,NA,NA,NA,NA,NA,NA,NA,NA,NA,NA,NA,NA,NA,NA,NA,NA,NA,NA,NA,NA,NA,NA,NA,NA,NA,NA,NA,NA,NA,NA,NA,NA,NA,NA,NA,NA,NA,NA,NA,NA,NA,NA,NA,NA,NA,NA
NA,NA,NA,NA,NA,NA,NA,NA,NA,NA,NA,NA,NA,NA,NA,NA,124,2025-06-03,19:13:59,4,3,"Lindsey, Austin",1000250969,Right,VIC_HAR,"Stagg, Max",1000435060,Right,EDM_RIV,Undefined,4,Bottom,1,1,1,Undefined,Curveball,BallCalled,Undefined,Undefined,Undefined,0,0,NA,72.90537,1.9555,-2.009965,2528.535014,48.985016,07:45:00,5.42262,2.49941,6.46909,-65.6713,-12.30816,-16.66143,1.74778,-0.73578,65.16994,-10.263409,-5.034782,0.525765,NA,NA,NA,NA,NA,NA,NA,NA,NA,NA,NA,7.82556,-6.45642,-2.3514,50,5.53383,4.27018,-105.64657,1.77234,8.48261,24.84417,-39.17258,EDM_RIV,VIC_HAR,ReMaxField,WCL,WCL,20250603-ReMaxField-1,950cd850-40e9-11f0-a7a5-433c097ba25c,71.6906,NA,NA,7.73543,NA,NA,NA,NA,NA,NA,0bdbd4b3-898e-42a4-aa80-c2a84fb0bbcf,2025-06-04,02:13:59,2025-06-04T02:13:59Z,2025-06-04T02:13:59Z,NA,v3,NA,NA,NA,"Berezowski, Jai",1000335502,Right,VIC_HAR,54933012-d645-43a0-81f4-9b7fea3ad94a,54.02939,-106.58992,12.42208,5.43829,3.25975,-19.58629,-2.50743,3.94809,4.24131,NA,NA,NA,NA,NA,NA,NA,NA,NA,NA,NA,NA,NA,NA,NA,NA,NA,NA,NA,NA,NA,NA,NA,NA,NA,NA,NA,NA,NA,NA,NA,NA,NA,NA,NA,NA,NA,NA,NA,NA,NA,NA,NA,NA,NA,NA,NA,NA,NA,NA,High,High,High,NA,NA,NA,NA,NA,NA,NA,NA,NA,NA,NA,NA,NA,NA,NA,NA,NA,NA,NA,NA,NA,NA,NA,NA,NA,NA,NA,NA,NA,NA,NA,NA,NA,NA,NA,NA,NA,NA,NA,NA,NA,NA,NA,NA,NA,NA,NA,NA,NA,NA,NA,NA,NA,NA,NA,NA,NA,NA
NA,NA,NA,NA,NA,NA,NA,NA,NA,NA,NA,NA,NA,NA,NA,NA,125,2025-06-03,19:14:17,4,4,"Lindsey, Austin",1000250969,Right,VIC_HAR,"Stagg, Max",1000435060,Right,EDM_RIV,Undefined,4,Bottom,1,2,1,Undefined,Four-Seam,BallCalled,Undefined,Undefined,Undefined,0,0,NA,88.49089,-3.266995,-4.709033,2230.064421,219.445566,01:15:00,5.65092,2.35619,6.58289,-19.3454,16.41493,12.35296,1.03144,-0.93962,79.34262,-6.995902,-2.472842,0.4304,NA,NA,NA,NA,NA,NA,NA,NA,NA,NA,NA,-8.00126,10.10733,-2.03706,50,5.41782,10.02767,-127.79754,-7.80394,-12.94834,31.61085,-15.8175,EDM_RIV,VIC_HAR,ReMaxField,WCL,WCL,20250603-ReMaxField-1,9fe359c0-40e9-11f0-a7a5-433c097ba25c,87.57539,NA,NA,9.14827,NA,NA,NA,NA,NA,NA,0bdbd4b3-898e-42a4-aa80-c2a84fb0bbcf,2025-06-04,02:14:17,2025-06-04T02:14:17Z,2025-06-04T02:14:17Z,NA,v3,NA,NA,NA,"Berezowski, Jai",1000335502,Right,VIC_HAR,dae9d758-3b3c-4214-8f2d-29d153e1f490,53.91104,-128.76131,15.80542,5.64839,-7.32168,-7.90875,-2.34881,10.42245,-6.47417,NA,NA,NA,NA,NA,NA,NA,NA,NA,NA,NA,NA,NA,NA,NA,NA,NA,NA,NA,NA,NA,NA,NA,NA,NA,NA,NA,NA,NA,NA,NA,NA,NA,NA,NA,NA,NA,NA,NA,NA,NA,NA,NA,NA,NA,NA,NA,NA,NA,NA,High,High,High,NA,NA,NA,NA,NA,NA,NA,NA,NA,NA,NA,NA,NA,NA,NA,NA,NA,NA,NA,NA,NA,NA,NA,NA,NA,NA,NA,NA,NA,NA,NA,NA,NA,NA,NA,NA,NA,NA,NA,NA,NA,NA,NA,NA,NA,NA,NA,NA,NA,NA,NA,NA,NA,NA,NA,NA,NA,NA
NA,NA,NA,NA,NA,NA,NA,NA,NA,NA,NA,NA,NA,NA,NA,NA,126,2025-06-03,19:14:37,4,5,"Lindsey, Austin",1000250969,Right,VIC_HAR,"Stagg, Max",1000435060,Right,EDM_RIV,Undefined,4,Bottom,1,3,1,Undefined,Changeup,FoulBallNotFieldable,Undefined,Undefined,Undefined,0,0,NA,86.86176,-2.462726,-4.044304,2016.52065,230.437644,01:45:00,5.68806,2.17028,6.41919,-23.50426,13.97599,15.06115,1.45838,-0.29867,77.4213,-6.959683,-1.320865,0.440628,65.5078,27.154679,151.550134,4756.979329,-101.45151,19.43875,42.51491,151.23235,49.27861,159.65065,2.197606,-9.30619,8.61823,-1.88752,50,5.50128,8.28162,-125.56381,-6.05879,-14.42352,32.33832,-18.81676,EDM_RIV,VIC_HAR,ReMaxField,WCL,WCL,20250603-ReMaxField-1,abfeb740-40e9-11f0-a7a5-433c097ba25c,85.54245,23.31322,NA,9.44046,NA,NA,NA,1.40137,1.4104,0.30598,0bdbd4b3-898e-42a4-aa80-c2a84fb0bbcf,2025-06-04,02:14:37,2025-06-04T02:14:37Z,2025-06-04T02:14:37Z,FlyBall,v3,NA,NA,NA,"Berezowski, Jai",1000335502,Right,VIC_HAR,140d6454-bf19-48b3-b813-bfb8c8be7eb6,54.07609,-126.60923,16.16916,5.68731,-5.45048,-9.40838,-2.16278,8.7479,-7.21176,302.011475,1.40136,-75.16316,4.65098,0.05125,-0.16409,0.11133,-0.04697,0.01307,-0.00156,1.4104,43.84953,-24.10005,2.58148,-0.54673,0.10833,-0.02028,0.00355,-3.2e-4,0.30599,40.72498,-10.98321,2.28078,-0.46653,0.04022,0.01516,-0.00755,0.00111,NA,NA,NA,NA,NA,NA,NA,NA,NA,NA,NA,NA,NA,NA,NA,NA,NA,NA,NA,NA,NA,NA,High,High,High,High,Low,NA,NA,NA,NA,NA,NA,NA,NA,NA,NA,NA,NA,NA,NA,NA,NA,NA,NA,NA,NA,NA,NA,NA,NA,NA,NA,NA,NA,NA,NA,NA,NA,NA,NA,NA,NA,NA,NA,NA,NA,NA,NA,NA,NA,NA,NA,NA,NA,NA,NA,NA,NA,NA,NA,NA,NA
NA,NA,NA,NA,NA,NA,NA,NA,NA,NA,NA,NA,NA,NA,NA,NA,127,2025-06-03,19:15:01,4,6,"Lindsey, Austin",1000250969,Right,VIC_HAR,"Stagg, Max",1000435060,Right,EDM_RIV,Undefined,4,Bottom,1,3,2,Undefined,Four-Seam,BallCalled,Walk,Undefined,Undefined,0,0,NA,88.49691,-2.809248,-5.124989,2143.997661,218.471801,01:15:00,5.60071,2.2761,6.4627,-19.78194,16.10721,11.69579,1.35942,-1.46927,79.40378,-6.609285,-3.015291,0.431174,NA,NA,NA,NA,NA,NA,NA,NA,NA,NA,NA,-7.76646,9.74146,-1.91777,50,5.39251,10.98216,-127.77228,-6.81105,-12.58169,31.24895,-16.39281,EDM_RIV,VIC_HAR,ReMaxField,WCL,WCL,20250603-ReMaxField-1,b9c2bbb0-40e9-11f0-a7a5-433c097ba25c,87.41807,NA,NA,9.09313,NA,NA,NA,NA,NA,NA,0bdbd4b3-898e-42a4-aa80-c2a84fb0bbcf,2025-06-04,02:15:01,2025-06-04T02:15:01Z,2025-06-04T02:15:01Z,NA,v3,NA,NA,NA,"Berezowski, Jai",1000335502,Right,VIC_HAR,1e1932ca-567f-48d7-8ecb-f0f4fc052c01,54.03166,-128.75451,15.62448,5.5985,-6.29578,-8.19641,-2.26919,11.37763,-6.29085,NA,NA,NA,NA,NA,NA,NA,NA,NA,NA,NA,NA,NA,NA,NA,NA,NA,NA,NA,NA,NA,NA,NA,NA,NA,NA,NA,NA,NA,NA,NA,NA,NA,NA,NA,NA,NA,NA,NA,NA,NA,NA,NA,NA,NA,NA,NA,NA,NA,NA,High,High,High,NA,NA,NA,NA,NA,NA,NA,NA,NA,NA,NA,NA,NA,NA,NA,NA,NA,NA,NA,NA,NA,NA,NA,NA,NA,NA,NA,NA,NA,NA,NA,NA,NA,NA,NA,NA,NA,NA,NA,NA,NA,NA,NA,NA,NA,NA,NA,NA,NA,NA,NA,NA,NA,NA,NA,NA,NA,NA
NA,NA,NA,NA,NA,NA,NA,NA,NA,NA,NA,NA,NA,NA,NA,NA,128,2025-06-03,19:16:19,5,1,"Lindsey, Austin",1000250969,Right,VIC_HAR,"Green, Jason",1000435054,Left,EDM_RIV,Undefined,4,Bottom,1,0,0,Undefined,Sinker,InPlay,Undefined,LineDrive,Single,0,0,NA,88.53928,-2.623464,-2.876821,2034.037308,226.594251,01:30:00,5.6579,2.4132,6.38089,-21.60915,14.31044,13.62831,1.43894,0.90013,79.22678,-6.757337,-0.409904,0.431357,79.06669,21.065765,-11.876963,2153.958147,105.99304,30.49225,-29.41838,248.20024,247.40201,-19.133863,3.109103,-8.10508,8.78575,-2.21172,50,5.45869,5.89221,-128.1675,-6.48138,-13.13781,32.79064,-17.93289,EDM_RIV,VIC_HAR,ReMaxField,WCL,WCL,20250603-ReMaxField-1,e842e0a0-40e9-11f0-a7a5-433c097ba25c,87.381,31.95222,NA,9.3125,NA,NA,NA,1.46592,1.51151,-0.9075,0bdbd4b3-898e-42a4-aa80-c2a84fb0bbcf,2025-06-04,02:16:19,2025-06-04T02:16:19Z,2025-06-04T02:16:19Z,LineDrive,v3,NA,NA,NA,"Berezowski, Jai",1000335502,Right,VIC_HAR,67ceb084-3ece-4a3b-a130-4e9a04db0764,54.11502,-129.216,16.39532,5.65678,-5.90796,-8.96645,-2.40684,6.31231,-6.56891,140.208324,1.46576,105.90373,-17.12262,3.81813,-0.76036,0.1271,-0.01638,0.00108,5e-5,1.51166,41.67567,-14.75712,0.27895,0.02753,0.02599,-0.0213,0.00684,-7.9e-4,-0.90759,-22.26705,-3.11428,1.2706,-0.34183,0.06203,-0.00731,4.3e-4,0,NA,NA,NA,NA,NA,NA,NA,NA,NA,NA,NA,NA,NA,NA,NA,NA,NA,NA,NA,NA,NA,NA,High,High,High,High,High,NA,NA,NA,NA,NA,NA,NA,NA,NA,NA,NA,NA,NA,NA,NA,NA,NA,NA,NA,NA,NA,NA,NA,NA,NA,NA,NA,NA,NA,NA,NA,NA,NA,NA,NA,NA,NA,NA,NA,NA,NA,NA,NA,NA,NA,NA,NA,NA,NA,NA,NA,NA,NA,NA,NA,NA
NA,NA,NA,NA,NA,NA,NA,NA,NA,NA,NA,NA,NA,NA,NA,NA,129,2025-06-03,19:17:05,6,1,"Lindsey, Austin",1000250969,Right,VIC_HAR,"Middlemiss, Mitchell",1000120734,Right,EDM_RIV,Undefined,4,Bottom,1,0,0,Undefined,Curveball,StrikeCalled,Undefined,Undefined,Undefined,0,0,NA,74.39457,1.610245,-1.139757,2478.134686,49.017206,07:45:00,5.40211,2.37342,6.27453,-62.11381,-10.67713,-14.68914,1.71098,0.09855,66.55088,-9.917908,-3.800094,0.516188,NA,NA,NA,NA,NA,NA,NA,NA,NA,NA,NA,7.13402,-5.49796,-2.28266,50,5.49248,2.65899,-107.83812,1.2164,8.08427,25.32598,-38.40431,EDM_RIV,VIC_HAR,ReMaxField,WCL,WCL,20250603-ReMaxField-1,0420f8c0-40ea-11f0-a7a5-433c097ba25c,73.02075,NA,NA,7.8437,NA,NA,NA,NA,NA,NA,0bdbd4b3-898e-42a4-aa80-c2a84fb0bbcf,2025-06-04,02:17:05,2025-06-04T02:17:05Z,2025-06-04T02:17:05Z,NA,v3,NA,NA,NA,"Berezowski, Jai",1000335502,Right,VIC_HAR,6fb7528d-bed5-42b7-9423-b82cc0044fc9,54.22375,-108.82555,12.66299,5.41586,2.71375,-19.20216,-2.38019,2.34379,4.04214,NA,NA,NA,NA,NA,NA,NA,NA,NA,NA,NA,NA,NA,NA,NA,NA,NA,NA,NA,NA,NA,NA,NA,NA,NA,NA,NA,NA,NA,NA,NA,NA,NA,NA,NA,NA,NA,NA,NA,NA,NA,NA,NA,NA,NA,NA,NA,NA,NA,NA,High,High,High,NA,NA,NA,NA,NA,NA,NA,NA,NA,NA,NA,NA,NA,NA,NA,NA,NA,NA,NA,NA,NA,NA,NA,NA,NA,NA,NA,NA,NA,NA,NA,NA,NA,NA,NA,NA,NA,NA,NA,NA,NA,NA,NA,NA,NA,NA,NA,NA,NA,NA,NA,NA,NA,NA,NA,NA,NA,NA
NA,NA,NA,NA,NA,NA,NA,NA,NA,NA,NA,NA,NA,NA,NA,NA,130,2025-06-03,19:17:21,6,2,"Lindsey, Austin",1000250969,Right,VIC_HAR,"Middlemiss, Mitchell",1000120734,Right,EDM_RIV,Undefined,4,Bottom,1,0,1,Undefined,Curveball,BallCalled,Undefined,Undefined,Undefined,0,0,NA,72.78817,3.128717,0.493928,2373.72126,47.409633,07:30:00,5.40955,2.44134,6.47907,-66.56571,-12.70654,-16.37517,2.73828,1.5303,64.31029,-9.323659,-2.481669,0.528203,NA,NA,NA,NA,NA,NA,NA,NA,NA,NA,NA,8.6115,-7.02748,-2.47027,50,5.60353,-0.33749,-105.36729,3.8727,9.23281,25.60967,-39.70857,EDM_RIV,VIC_HAR,ReMaxField,WCL,WCL,20250603-ReMaxField-1,0d756e10-40ea-11f0-a7a5-433c097ba25c,71.35971,NA,NA,8.47788,NA,NA,NA,NA,NA,NA,0bdbd4b3-898e-42a4-aa80-c2a84fb0bbcf,2025-06-04,02:17:21,2025-06-04T02:17:21Z,2025-06-04T02:17:21Z,NA,v3,NA,NA,NA,"Berezowski, Jai",1000335502,Right,VIC_HAR,c2014f65-3f0a-4556-8102-176fcb53842e,54.01743,-106.33925,12.80483,5.42795,5.37975,-19.85429,-2.45081,-0.6879,4.6164,NA,NA,NA,NA,NA,NA,NA,NA,NA,NA,NA,NA,NA,NA,NA,NA,NA,NA,NA,NA,NA,NA,NA,NA,NA,NA,NA,NA,NA,NA,NA,NA,NA,NA,NA,NA,NA,NA,NA,NA,NA,NA,NA,NA,NA,NA,NA,NA,NA,NA,High,High,High,NA,NA,NA,NA,NA,NA,NA,NA,NA,NA,NA,NA,NA,NA,NA,NA,NA,NA,NA,NA,NA,NA,NA,NA,NA,NA,NA,NA,NA,NA,NA,NA,NA,NA,NA,NA,NA,NA,NA,NA,NA,NA,NA,NA,NA,NA,NA,NA,NA,NA,NA,NA,NA,NA,NA,NA,NA,NA
NA,NA,NA,NA,NA,NA,NA,NA,NA,NA,NA,NA,NA,NA,NA,NA,131,2025-06-03,19:17:40,6,3,"Lindsey, Austin",1000250969,Right,VIC_HAR,"Middlemiss, Mitchell",1000120734,Right,EDM_RIV,Undefined,4,Bottom,1,1,1,Undefined,Four-Seam,FoulBallNotFieldable,Undefined,Undefined,Undefined,0,0,NA,89.18423,-2.923608,-3.151496,2120.895253,206.126071,12:45:00,5.66606,2.20039,6.57243,-14.89816,20.55155,9.34634,1.73835,0.08765,79.07626,-5.875879,-1.455818,0.428526,64.83161,46.788555,134.202312,5433.582876,-88.35507,52.01707,65.52373,181.26161,82.50869,146.214595,3.410991,-6.09107,12.30095,-1.98729,50,5.45834,6.73007,-128.9772,-6.90937,-9.914,35.25344,-12.15268,EDM_RIV,VIC_HAR,ReMaxField,WCL,WCL,20250603-ReMaxField-1,1882de00-40ea-11f0-a7a5-433c097ba25c,87.95825,54.14433,NA,10.10796,NA,NA,NA,1.63388,1.7436,-0.10492,0bdbd4b3-898e-42a4-aa80-c2a84fb0bbcf,2025-06-04,02:17:40,2025-06-04T02:17:40Z,2025-06-04T02:17:40Z,Popup,v3,NA,NA,NA,"Berezowski, Jai",1000335502,Right,VIC_HAR,e041b6a9-b920-4826-b4cf-ee8ba4a41e74,53.92221,-130.04484,17.62672,5.66202,-6.54133,-6.07634,-2.19566,7.03031,-4.957,314.656679,1.63185,-45.32084,-1.97049,2.25644,-1.77211,1.08554,-0.40628,0.07997,-0.0063,1.74389,69.28622,-26.43381,2.63865,0.0182,-0.36078,0.17946,-0.04116,0.00368,-0.10854,46.79027,-12.11571,5.14904,-2.84406,1.53465,-0.53057,0.09623,-0.00693,NA,NA,NA,NA,NA,NA,NA,NA,NA,NA,NA,NA,NA,NA,NA,NA,NA,NA,NA,NA,NA,NA,High,High,High,High,Low,NA,NA,NA,NA,NA,NA,NA,NA,NA,NA,NA,NA,NA,NA,NA,NA,NA,NA,NA,NA,NA,NA,NA,NA,NA,NA,NA,NA,NA,NA,NA,NA,NA,NA,NA,NA,NA,NA,NA,NA,NA,NA,NA,NA,NA,NA,NA,NA,NA,NA,NA,NA,NA,NA,NA,NA
NA,NA,NA,NA,NA,NA,NA,NA,NA,NA,NA,NA,NA,NA,NA,NA,132,2025-06-03,19:18:02,6,4,"Lindsey, Austin",1000250969,Right,VIC_HAR,"Middlemiss, Mitchell",1000120734,Right,EDM_RIV,Undefined,4,Bottom,1,1,2,Undefined,Sinker,InPlay,Undefined,LineDrive,Single,0,1,NA,89.17576,-0.582769,-3.647064,2179.648931,234.108271,01:45:00,5.75054,2.25466,6.49957,-23.38966,11.34237,14.00465,3.26539,0.06961,80.70393,-5.028447,-1.11052,0.424167,86.85826,18.534992,16.140792,2855.111705,103.74907,27.89709,36.553,235.07165,235.07165,23.634159,2.735281,-8.46587,6.47363,-2.00491,50,5.69947,7.69552,-129.33611,-1.99374,-14.18322,29.72925,-21.32854,EDM_RIV,VIC_HAR,ReMaxField,WCL,WCL,20250603-ReMaxField-1,26093d30-40ea-11f0-a7a5-433c097ba25c,88.86231,28.65106,NA,8.47183,NA,NA,NA,1.44532,3.36682,-0.02672,0bdbd4b3-898e-42a4-aa80-c2a84fb0bbcf,2025-06-04,02:18:02,2025-06-04T02:18:02Z,2025-06-04T02:18:02Z,LineDrive,v3,NA,NA,NA,"Berezowski, Jai",1000335502,Right,VIC_HAR,a89deb72-e673-4597-846c-c37de79f92a0,53.99884,-130.25204,14.86462,5.75077,-1.33663,-10.66427,-2.24874,8.13249,-7.09161,230.74028,1.44536,116.0212,-22.86844,5.30352,-1.11448,0.20111,-0.02923,0.00302,-1.6e-4,3.36678,40.49801,-17.23717,0.92115,-0.12069,0.0376,-0.0128,0.0025,-1.7e-4,-0.02676,33.57974,1.7505,-1.05029,0.30745,-0.05263,0.0037200000000000002,1.1e-4,-1e-5,NA,NA,NA,NA,NA,NA,NA,NA,NA,NA,NA,NA,NA,NA,NA,NA,NA,NA,NA,NA,NA,NA,High,High,High,High,High,NA,NA,NA,NA,NA,NA,NA,NA,NA,NA,NA,NA,NA,NA,NA,NA,NA,NA,NA,NA,NA,NA,NA,NA,NA,NA,NA,NA,NA,NA,NA,NA,NA,NA,NA,NA,NA,NA,NA,NA,NA,NA,NA,NA,NA,NA,NA,NA,NA,NA,NA,NA,NA,NA,NA,NA
NA,NA,NA,NA,NA,NA,NA,NA,NA,NA,NA,NA,NA,NA,NA,NA,133,2025-06-03,19:18:45,7,1,"Lindsey, Austin",1000250969,Right,VIC_HAR,"Fox, Jaxon",1000435053,Right,EDM_RIV,Undefined,4,Bottom,1,0,0,Undefined,Sinker,FoulBallNotFieldable,Undefined,Undefined,Undefined,0,0,NA,87.62251,-0.843338,-3.983455,2105.5061690000002,241.862621,02:00:00,5.75741,2.24476,6.43673,-25.52411,10.83623,17.72501,2.85346,0.05523,78.75201,-5.692326,-0.777212,0.433996,66.49856,62.179468,118.108894,2919.767394,NA,NA,NA,NA,41.77185,NA,NA,-10.57166,6.32866,-1.96874,50,5.68596,8.14263,-126.93076,-2.61365,-16.92413,30.51894,-22.04252,EDM_RIV,VIC_HAR,ReMaxField,WCL,WCL,20250603-ReMaxField-1,3f8a7990-40ea-11f0-a7a5-433c097ba25c,86.84984,63.60488,NA,8.8705,NA,NA,NA,1.23838,2.90599,-0.01769,0bdbd4b3-898e-42a4-aa80-c2a84fb0bbcf,2025-06-04,02:18:45,2025-06-04T02:18:45Z,2025-06-04T02:18:45Z,NA,v3,NA,NA,NA,"Berezowski, Jai",1000335502,Right,VIC_HAR,d1d87233-80a2-4152-a261-dd32ac0344ca,54.06093,-127.90343,15.25947,5.75807,-1.91113,-11.02126,-2.23685,8.68202,-8.46206,332.428748,1.23838,-21.44729,-6.57809,2.46805,0.80196,-2.41787,2.35122,-1.18441,0.24912,2.90599,86.25773,-28.35106,3.46202,-0.58997,0.07294,-0.02002,0.01526,-0.00505,-0.01769,40.14873,-7.89405,1.9527,0.24648,-1.03997,1.00855,-0.50337,0.10486,NA,NA,NA,NA,NA,NA,NA,NA,NA,NA,NA,NA,NA,NA,NA,NA,NA,NA,NA,NA,NA,NA,High,High,High,High,Undefined,NA,NA,NA,NA,NA,NA,NA,NA,NA,NA,NA,NA,NA,NA,NA,NA,NA,NA,NA,NA,NA,NA,NA,NA,NA,NA,NA,NA,NA,NA,NA,NA,NA,NA,NA,NA,NA,NA,NA,NA,NA,NA,NA,NA,NA,NA,NA,NA,NA,NA,NA,NA,NA,NA,NA,NA
NA,NA,NA,NA,NA,NA,NA,NA,NA,NA,NA,NA,NA,NA,NA,NA,134,2025-06-03,19:19:08,7,2,"Lindsey, Austin",1000250969,Right,VIC_HAR,"Fox, Jaxon",1000435053,Right,EDM_RIV,Undefined,4,Bottom,1,0,1,Undefined,Four-Seam,BallCalled,Undefined,Undefined,Undefined,0,0,NA,88.86201,-2.312873,-5.152183,2233.579448,219.21833,01:15:00,5.70752,2.12657,6.72298,-18.11647,17.04627,12.81611,2.07416,-1.52715,79.75117,-5.829985,-2.829307,0.426789,NA,NA,NA,NA,NA,NA,NA,NA,NA,NA,NA,-8.42008,10.13111,-1.78935,50,5.54662,11.07698,-128.43361,-5.63658,-13.79492,31.34903,-15.57594,EDM_RIV,VIC_HAR,ReMaxField,WCL,WCL,20250603-ReMaxField-1,4ceef8e0-40ea-11f0-a7a5-433c097ba25c,88.31642,NA,NA,9.11084,NA,NA,NA,NA,NA,NA,0bdbd4b3-898e-42a4-aa80-c2a84fb0bbcf,2025-06-04,02:19:08,2025-06-04T02:19:08Z,2025-06-04T02:19:08Z,NA,v3,NA,NA,NA,"Berezowski, Jai",1000335502,Right,VIC_HAR,b555f38e-74b8-4f22-991c-951d93813d42,53.7723,-129.3511,15.67451,5.70492,-5.18072,-7.78797,-2.11945,11.48072,-6.89746,NA,NA,NA,NA,NA,NA,NA,NA,NA,NA,NA,NA,NA,NA,NA,NA,NA,NA,NA,NA,NA,NA,NA,NA,NA,NA,NA,NA,NA,NA,NA,NA,NA,NA,NA,NA,NA,NA,NA,NA,NA,NA,NA,NA,NA,NA,NA,NA,NA,NA,High,High,High,NA,NA,NA,NA,NA,NA,NA,NA,NA,NA,NA,NA,NA,NA,NA,NA,NA,NA,NA,NA,NA,NA,NA,NA,NA,NA,NA,NA,NA,NA,NA,NA,NA,NA,NA,NA,NA,NA,NA,NA,NA,NA,NA,NA,NA,NA,NA,NA,NA,NA,NA,NA,NA,NA,NA,NA,NA,NA
NA,NA,NA,NA,NA,NA,NA,NA,NA,NA,NA,NA,NA,NA,NA,NA,135,2025-06-03,19:19:26,7,3,"Lindsey, Austin",1000250969,Right,VIC_HAR,"Fox, Jaxon",1000435053,Right,EDM_RIV,Undefined,4,Bottom,1,1,1,Undefined,Curveball,BallCalled,Undefined,Undefined,Undefined,0,0,NA,73.62148,0.766372,-1.798045,2531.182192,39.712049,07:15:00,5.59959,2.28821,6.53787,-66.30382,-14.39768,-13.65642,0.77759,-0.49955,66.3281,-11.528315,-4.286532,0.518538,NA,NA,NA,NA,NA,NA,NA,NA,NA,NA,NA,6.46843,-7.27532,-2.15833,50,5.62588,3.79882,-106.83447,-0.40298,7.19687,24.79641,-40.26867,EDM_RIV,VIC_HAR,ReMaxField,WCL,WCL,20250603-ReMaxField-1,57f2cbe0-40ea-11f0-a7a5-433c097ba25c,72.68982,NA,NA,7.29338,NA,NA,NA,NA,NA,NA,0bdbd4b3-898e-42a4-aa80-c2a84fb0bbcf,2025-06-04,02:19:26,2025-06-04T02:19:26Z,2025-06-04T02:19:26Z,NA,v3,NA,NA,NA,"Berezowski, Jai",1000335502,Right,VIC_HAR,8516cb76-7fb5-4263-ab46-5ea58014fa3e,53.96278,-107.75031,12.3982,5.6133,1.08432,-20.13433,-2.29373,3.53301,3.59844,NA,NA,NA,NA,NA,NA,NA,NA,NA,NA,NA,NA,NA,NA,NA,NA,NA,NA,NA,NA,NA,NA,NA,NA,NA,NA,NA,NA,NA,NA,NA,NA,NA,NA,NA,NA,NA,NA,NA,NA,NA,NA,NA,NA,NA,NA,NA,NA,NA,NA,High,High,High,NA,NA,NA,NA,NA,NA,NA,NA,NA,NA,NA,NA,NA,NA,NA,NA,NA,NA,NA,NA,NA,NA,NA,NA,NA,NA,NA,NA,NA,NA,NA,NA,NA,NA,NA,NA,NA,NA,NA,NA,NA,NA,NA,NA,NA,NA,NA,NA,NA,NA,NA,NA,NA,NA,NA,NA,NA,NA
NA,NA,NA,NA,NA,NA,NA,NA,NA,NA,NA,NA,NA,NA,NA,NA,136,2025-06-03,19:19:47,7,4,"Lindsey, Austin",1000250969,Right,VIC_HAR,"Fox, Jaxon",1000435053,Right,EDM_RIV,Undefined,4,Bottom,1,2,1,Undefined,Four-Seam,InPlay,Undefined,LineDrive,Single,0,1,NA,88.78454,-2.513139,-3.717365,2258.568136,220.249617,01:15:00,5.66192,2.1246,6.59091,-19.00048,16.25249,12.63363,1.76946,-0.23356,79.85066,-6.178257,-1.425409,0.427336,90.85645,15.823832,-2.414916,1380.188416,109.99839,22.59512,-0.57232,246.47445,246.47445,1.521311,2.595013,-7.86693,9.75638,-1.8749,50,5.48159,7.86088,-128.55553,-6.13726,-12.91657,31.34432,-16.15524,EDM_RIV,VIC_HAR,ReMaxField,WCL,WCL,20250603-ReMaxField-1,64545a20-40ea-11f0-a7a5-433c097ba25c,88.20335,23.5478,NA,8.93388,NA,NA,NA,1.33775,1.76425,0.24078,0bdbd4b3-898e-42a4-aa80-c2a84fb0bbcf,2025-06-04,02:19:47,2025-06-04T02:19:47Z,2025-06-04T02:19:47Z,LineDrive,v3,NA,NA,NA,"Berezowski, Jai",1000335502,Right,VIC_HAR,0497b548-bb29-462c-bd17-d0c4dd25e258,53.90595,-129.50438,15.67216,5.65998,-5.64822,-8.07762,-2.11877,8.25188,-6.45828,225.639023,1.33776,128.092,-19.71363,4.02043,-0.78234,0.12249,-0.01619,0.00164,-7e-5,1.76425,36.33648,-15.95794,0.66419,0.0153,-0.01986,0.00618,-5.4e-4,-1e-5,0.24078,-5.40183,6.68393,-2.66047,0.79436,-0.18756,0.0357,-0.00458,2.8e-4,NA,NA,NA,NA,NA,NA,NA,NA,NA,NA,NA,NA,NA,NA,NA,NA,NA,NA,NA,NA,NA,NA,High,High,High,High,High,NA,NA,NA,NA,NA,NA,NA,NA,NA,NA,NA,NA,NA,NA,NA,NA,NA,NA,NA,NA,NA,NA,NA,NA,NA,NA,NA,NA,NA,NA,NA,NA,NA,NA,NA,NA,NA,NA,NA,NA,NA,NA,NA,NA,NA,NA,NA,NA,NA,NA,NA,NA,NA,NA,NA,NA
NA,NA,NA,NA,NA,NA,NA,NA,NA,NA,NA,NA,NA,NA,NA,NA,137,2025-06-03,19:20:29,8,1,"Lindsey, Austin",1000250969,Right,VIC_HAR,"Kodama, Anthony",1000134814,Left,EDM_RIV,Undefined,4,Bottom,1,0,0,Undefined,Changeup,BallCalled,Undefined,Undefined,Undefined,0,0,NA,78.94182,1.169772,-1.342454,1240.537051,273.975506,03:15:00,5.62582,2.51795,6.20765,-43.90416,0.72705,11.11359,3.04725,2.2048,71.84011,-6.995473,0.665444,0.480829,NA,NA,NA,NA,NA,NA,NA,NA,NA,NA,NA,-6.11607,0.52894,-2.4223,50,5.69229,2.27522,-114.63371,1.01281,-8.06318,23.01764,-31.47674,EDM_RIV,VIC_HAR,ReMaxField,WCL,WCL,20250603-ReMaxField-1,7d961c80-40ea-11f0-a7a5-433c097ba25c,78.39049,NA,NA,7.10171,NA,NA,NA,NA,NA,NA,0bdbd4b3-898e-42a4-aa80-c2a84fb0bbcf,2025-06-04,02:20:29,2025-06-04T02:20:29Z,2025-06-04T02:20:29Z,NA,v3,NA,NA,NA,"Berezowski, Jai",1000335502,Right,VIC_HAR,cf9f4cfe-5e19-4c42-80f3-0c2536989e7e,54.29033,-115.49197,11.50882,5.63264,2.18648,-15.73837,-2.51274,2.57587,-4.03159,NA,NA,NA,NA,NA,NA,NA,NA,NA,NA,NA,NA,NA,NA,NA,NA,NA,NA,NA,NA,NA,NA,NA,NA,NA,NA,NA,NA,NA,NA,NA,NA,NA,NA,NA,NA,NA,NA,NA,NA,NA,NA,NA,NA,NA,NA,NA,NA,NA,NA,High,High,High,NA,NA,NA,NA,NA,NA,NA,NA,NA,NA,NA,NA,NA,NA,NA,NA,NA,NA,NA,NA,NA,NA,NA,NA,NA,NA,NA,NA,NA,NA,NA,NA,NA,NA,NA,NA,NA,NA,NA,NA,NA,NA,NA,NA,NA,NA,NA,NA,NA,NA,NA,NA,NA,NA,NA,NA,NA,NA
NA,NA,NA,NA,NA,NA,NA,NA,NA,NA,NA,NA,NA,NA,NA,NA,138,2025-06-03,19:20:47,8,2,"Lindsey, Austin",1000250969,Right,VIC_HAR,"Kodama, Anthony",1000134814,Left,EDM_RIV,Undefined,4,Bottom,1,1,0,Undefined,Curveball,BallCalled,Undefined,Undefined,Undefined,0,0,NA,72.5457,2.435837,0.8458,2436.079802,45.003474,07:30:00,5.46782,2.8357,6.54289,-65.27708,-11.87115,-14.01123,2.26363,2.44386,64.93121,-9.748997,-1.705463,0.525976,NA,NA,NA,NA,NA,NA,NA,NA,NA,NA,NA,7.53567,-6.27351,-2.88956,50,5.61169,-1.07543,-105.19839,2.65528,8.15388,23.56481,-38.96222,EDM_RIV,VIC_HAR,ReMaxField,WCL,WCL,20250603-ReMaxField-1,88390ad0-40ea-11f0-a7a5-433c097ba25c,71.66186,NA,NA,7.61449,NA,NA,NA,NA,NA,NA,0bdbd4b3-898e-42a4-aa80-c2a84fb0bbcf,2025-06-04,02:20:47,2025-06-04T02:20:47Z,2025-06-04T02:20:47Z,NA,v3,NA,NA,NA,"Berezowski, Jai",1000335502,Right,VIC_HAR,427bcd60-7b03-45be-842e-c0fe262d09d2,53.95515,-106.08066,11.78241,5.48497,4.11403,-19.48111,-2.84358,-1.38071,4.07694,NA,NA,NA,NA,NA,NA,NA,NA,NA,NA,NA,NA,NA,NA,NA,NA,NA,NA,NA,NA,NA,NA,NA,NA,NA,NA,NA,NA,NA,NA,NA,NA,NA,NA,NA,NA,NA,NA,NA,NA,NA,NA,NA,NA,NA,NA,NA,NA,NA,NA,High,High,High,NA,NA,NA,NA,NA,NA,NA,NA,NA,NA,NA,NA,NA,NA,NA,NA,NA,NA,NA,NA,NA,NA,NA,NA,NA,NA,NA,NA,NA,NA,NA,NA,NA,NA,NA,NA,NA,NA,NA,NA,NA,NA,NA,NA,NA,NA,NA,NA,NA,NA,NA,NA,NA,NA,NA,NA,NA,NA
NA,NA,NA,NA,NA,NA,NA,NA,NA,NA,NA,NA,NA,NA,NA,NA,139,2025-06-03,19:21:06,8,3,"Lindsey, Austin",1000250969,Right,VIC_HAR,"Kodama, Anthony",1000134814,Left,EDM_RIV,Undefined,4,Bottom,1,2,0,Undefined,Four-Seam,StrikeCalled,Undefined,Undefined,Undefined,0,0,NA,88.93325,-3.029942,-3.2713,2200.250349,214.536551,01:15:00,5.78577,2.36608,6.61338,-16.57588,18.97513,12.03788,1.62222,0.36981,79.00478,-6.284031,-1.085147,0.429138,NA,NA,NA,NA,NA,NA,NA,NA,NA,NA,NA,-7.50591,11.49434,-2.14777,50,5.57224,6.8707,-128.60765,-7.18968,-12.171569999999999,34.56996,-13.53485,EDM_RIV,VIC_HAR,ReMaxField,WCL,WCL,20250603-ReMaxField-1,935520c0-40ea-11f0-a7a5-433c097ba25c,87.83284,NA,NA,9.92847,NA,NA,NA,NA,NA,NA,0bdbd4b3-898e-42a4-aa80-c2a84fb0bbcf,2025-06-04,02:21:06,2025-06-04T02:21:06Z,2025-06-04T02:21:06Z,NA,v3,NA,NA,NA,"Berezowski, Jai",1000335502,Right,VIC_HAR,30eef2e7-024c-46ff-8ee6-7384761feb9d,53.88078,-129.64662,17.28498,5.78221,-6.78291,-6.76742,-2.35976,7.23651,-6.08578,NA,NA,NA,NA,NA,NA,NA,NA,NA,NA,NA,NA,NA,NA,NA,NA,NA,NA,NA,NA,NA,NA,NA,NA,NA,NA,NA,NA,NA,NA,NA,NA,NA,NA,NA,NA,NA,NA,NA,NA,NA,NA,NA,NA,NA,NA,NA,NA,NA,NA,High,High,High,NA,NA,NA,NA,NA,NA,NA,NA,NA,NA,NA,NA,NA,NA,NA,NA,NA,NA,NA,NA,NA,NA,NA,NA,NA,NA,NA,NA,NA,NA,NA,NA,NA,NA,NA,NA,NA,NA,NA,NA,NA,NA,NA,NA,NA,NA,NA,NA,NA,NA,NA,NA,NA,NA,NA,NA,NA,NA
NA,NA,NA,NA,NA,NA,NA,NA,NA,NA,NA,NA,NA,NA,NA,NA,140,2025-06-03,19:21:22,8,4,"Lindsey, Austin",1000250969,Right,VIC_HAR,"Kodama, Anthony",1000134814,Left,EDM_RIV,Undefined,4,Bottom,1,2,1,Undefined,Four-Seam,InPlay,Undefined,FlyBall,Sacrifice,1,1,NA,88.80351,-2.279243,-3.004001,2141.085119,212.6962,01:00:00,5.78975,2.57114,6.41586,-17.81151,18.09749,10.65355,2.20606,0.6947,78.78435,-5.753432,-1.075929,0.431294,80.7352,47.84857,-22.330501,NA,95.07548,94.25111,-55.32268,237.88636,237.04564,-35.736265,5.09623,-6.69973,10.72174,-2.36103,50,5.61865,6.31534,-128.48475,-5.56207,-10.82641,34.87801,-14.8483,EDM_RIV,VIC_HAR,ReMaxField,WCL,WCL,20250603-ReMaxField-1,9d2ef2b0-40ea-11f0-a7a5-433c097ba25c,87.39389,99.27168,NA,10.01916,NA,NA,NA,2.14313,2.43085,-0.74576,0bdbd4b3-898e-42a4-aa80-c2a84fb0bbcf,2025-06-04,02:21:22,2025-06-04T02:21:22Z,2025-06-04T02:21:22Z,FlyBall,v3,NA,NA,NA,"Berezowski, Jai",1000335502,Right,VIC_HAR,d81d97ad-8b86-43da-99dd-9e65477d2ad1,54.07933,-129.58738,17.43901,5.78707,-5.09266,-7.42415,-2.56609,6.65761,-5.41321,148.875635,2.16554,73.04457,-16.92264,1.94311,1.54883,-0.98446,0.25156,-0.03043,0.00143,2.42854,87.79945,-23.38668,1.71283,0.23033,-0.30253,0.1041,-0.01593,9.1e-4,-0.73989,-30.29655,-1.02083,0.80673,-0.06674,-0.03508,0.00719,4e-5,-6e-5,NA,NA,NA,NA,NA,NA,NA,NA,NA,NA,NA,NA,NA,NA,NA,NA,NA,NA,NA,NA,NA,NA,High,High,High,High,Medium,NA,NA,NA,NA,NA,NA,NA,NA,NA,NA,NA,NA,NA,NA,NA,NA,NA,NA,NA,NA,NA,NA,NA,NA,NA,NA,NA,NA,NA,NA,NA,NA,NA,NA,NA,NA,NA,NA,NA,NA,NA,NA,NA,NA,NA,NA,NA,NA,NA,NA,NA,NA,NA,NA,NA,NA
NA,NA,NA,NA,NA,NA,NA,NA,NA,NA,NA,NA,NA,NA,NA,NA,141,2025-06-03,19:22:09,9,1,"Lindsey, Austin",1000250969,Right,VIC_HAR,"Waters, Stephen",1000435058,Left,EDM_RIV,Undefined,4,Bottom,2,0,0,Undefined,Curveball,StrikeCalled,Undefined,Undefined,Undefined,0,0,NA,74.28393,2.054862,-0.813857,2474.097693,50.536924,07:45:00,5.49681,2.41842,6.44103,-61.19216,-10.56587,-15.09139,2.28669,0.4129,67.15243,-9.315498,-3.554561,0.512105,NA,NA,NA,NA,NA,NA,NA,NA,NA,NA,NA,7.54745,-5.61099,-2.35466,50,5.61679,2.04292,-107.83555,2.13153,8.66654,23.09018,-38.617,EDM_RIV,VIC_HAR,ReMaxField,WCL,WCL,20250603-ReMaxField-1,b9040a20-40ea-11f0-a7a5-433c097ba25c,73.60289,NA,NA,7.1315,NA,NA,NA,NA,NA,NA,0bdbd4b3-898e-42a4-aa80-c2a84fb0bbcf,2025-06-04,02:22:09,2025-06-04T02:22:09Z,2025-06-04T02:22:09Z,NA,v3,NA,NA,NA,"Berezowski, Jai",1000335502,Right,VIC_HAR,f27003f4-3f8a-45e0-a430-3bb98b8ec4d0,54.0593,-108.70127,11.54509,5.50973,3.57939,-19.3085,-2.42516,1.71799,4.33327,NA,NA,NA,NA,NA,NA,NA,NA,NA,NA,NA,NA,NA,NA,NA,NA,NA,NA,NA,NA,NA,NA,NA,NA,NA,NA,NA,NA,NA,NA,NA,NA,NA,NA,NA,NA,NA,NA,NA,NA,NA,NA,NA,NA,NA,NA,NA,NA,NA,NA,High,High,High,NA,NA,NA,NA,NA,NA,NA,NA,NA,NA,NA,NA,NA,NA,NA,NA,NA,NA,NA,NA,NA,NA,NA,NA,NA,NA,NA,NA,NA,NA,NA,NA,NA,NA,NA,NA,NA,NA,NA,NA,NA,NA,NA,NA,NA,NA,NA,NA,NA,NA,NA,NA,NA,NA,NA,NA,NA,NA
NA,NA,NA,NA,NA,NA,NA,NA,NA,NA,NA,NA,NA,NA,NA,NA,142,2025-06-03,19:22:27,9,2,"Lindsey, Austin",1000250969,Right,VIC_HAR,"Waters, Stephen",1000435058,Left,EDM_RIV,Undefined,4,Bottom,2,0,1,Undefined,Curveball,BallCalled,Undefined,Undefined,Undefined,0,0,NA,72.69129,1.624903,-0.18016,2404.328263,46.845721,07:30:00,5.48926,2.48918,6.46387,-64.1087,-11.07772,-13.9752,1.63975,1.1591,65.57004,-10.2919,-2.722811,0.524127,NA,NA,NA,NA,NA,NA,NA,NA,NA,NA,NA,7.21154,-5.74583,-2.4709,50,5.57702,0.79189,-105.52427,1.22371,7.88883,22.948,-38.45951,EDM_RIV,VIC_HAR,ReMaxField,WCL,WCL,20250603-ReMaxField-1,c3acc4d0-40ea-11f0-a7a5-433c097ba25c,71.91476,NA,NA,7.12125,NA,NA,NA,NA,NA,NA,0bdbd4b3-898e-42a4-aa80-c2a84fb0bbcf,2025-06-04,02:22:27,2025-06-04T02:22:27Z,2025-06-04T02:22:27Z,NA,v3,NA,NA,NA,"Berezowski, Jai",1000335502,Right,VIC_HAR,7f7bc9ee-a31c-43a3-a6c7-9fdf27900185,54.03626,-106.3984,11.474,5.5025,2.68871,-19.22976,-2.49534,0.49139,3.94441,NA,NA,NA,NA,NA,NA,NA,NA,NA,NA,NA,NA,NA,NA,NA,NA,NA,NA,NA,NA,NA,NA,NA,NA,NA,NA,NA,NA,NA,NA,NA,NA,NA,NA,NA,NA,NA,NA,NA,NA,NA,NA,NA,NA,NA,NA,NA,NA,NA,NA,High,High,High,NA,NA,NA,NA,NA,NA,NA,NA,NA,NA,NA,NA,NA,NA,NA,NA,NA,NA,NA,NA,NA,NA,NA,NA,NA,NA,NA,NA,NA,NA,NA,NA,NA,NA,NA,NA,NA,NA,NA,NA,NA,NA,NA,NA,NA,NA,NA,NA,NA,NA,NA,NA,NA,NA,NA,NA,NA,NA
NA,NA,NA,NA,NA,NA,NA,NA,NA,NA,NA,NA,NA,NA,NA,NA,143,2025-06-03,19:22:45,9,3,"Lindsey, Austin",1000250969,Right,VIC_HAR,"Waters, Stephen",1000435058,Left,EDM_RIV,Undefined,4,Bottom,2,1,1,Undefined,Curveball,StrikeCalled,Undefined,Undefined,Undefined,0,0,NA,74.16441,2.239905,-1.066307,2500.171489,41.1066,07:15:00,5.50975,2.40727,6.45822,-63.11807,-12.47902,-12.47489,2.3089,0.38807,67.21685,-9.474535,-3.332552,0.51217,NA,NA,NA,NA,NA,NA,NA,NA,NA,NA,NA,6.11402,-6.6652,-2.327,50,5.64166,2.42403,-107.68102,2.41848,7.01924,22.57011,-39.82608,EDM_RIV,VIC_HAR,ReMaxField,WCL,WCL,20250603-ReMaxField-1,cea96be0-40ea-11f0-a7a5-433c097ba25c,73.59363,NA,NA,6.94756,NA,NA,NA,NA,NA,NA,0bdbd4b3-898e-42a4-aa80-c2a84fb0bbcf,2025-06-04,02:22:45,2025-06-04T02:22:45Z,2025-06-04T02:22:45Z,NA,v3,NA,NA,NA,"Berezowski, Jai",1000335502,Right,VIC_HAR,1ffc21b1-3e12-460a-a7b1-68df2269b442,54.04289,-108.52511,11.28506,5.52336,3.90792,-19.91304,-2.41275,2.16152,3.50962,NA,NA,NA,NA,NA,NA,NA,NA,NA,NA,NA,NA,NA,NA,NA,NA,NA,NA,NA,NA,NA,NA,NA,NA,NA,NA,NA,NA,NA,NA,NA,NA,NA,NA,NA,NA,NA,NA,NA,NA,NA,NA,NA,NA,NA,NA,NA,NA,NA,NA,High,High,High,NA,NA,NA,NA,NA,NA,NA,NA,NA,NA,NA,NA,NA,NA,NA,NA,NA,NA,NA,NA,NA,NA,NA,NA,NA,NA,NA,NA,NA,NA,NA,NA,NA,NA,NA,NA,NA,NA,NA,NA,NA,NA,NA,NA,NA,NA,NA,NA,NA,NA,NA,NA,NA,NA,NA,NA,NA,NA
NA,NA,NA,NA,NA,NA,NA,NA,NA,NA,NA,NA,NA,NA,NA,NA,144,2025-06-03,19:23:04,9,4,"Lindsey, Austin",1000250969,Right,VIC_HAR,"Waters, Stephen",1000435058,Left,EDM_RIV,Undefined,4,Bottom,2,1,2,Undefined,Curveball,BallCalled,Undefined,Undefined,Undefined,0,0,NA,72.99955,3.27888,0.202165,2387.736743,37.820799,07:15:00,5.54112,2.40062,6.33403,-65.96165,-13.24572,-11.79938,3.06673,1.60349,65.78384,-8.961827,-1.935476,0.522568,NA,NA,NA,NA,NA,NA,NA,NA,NA,NA,NA,6.26717,-7.65063,-2.40974,50,5.74909,0.00887,-105.88934,4.22624,6.93613,22.33262,-40.64132,EDM_RIV,VIC_HAR,ReMaxField,WCL,WCL,20250603-ReMaxField-1,da2702c0-40ea-11f0-a7a5-433c097ba25c,72.12931,NA,NA,7.21571,NA,NA,NA,NA,NA,NA,0bdbd4b3-898e-42a4-aa80-c2a84fb0bbcf,2025-06-04,02:23:04,2025-06-04T02:23:04Z,2025-06-04T02:23:04Z,NA,v3,NA,NA,NA,"Berezowski, Jai",1000335502,Right,VIC_HAR,6f0801b6-49be-4fef-9202-92764cbd1a71,54.16836,-106.76485,11.16631,5.55218,5.8195,-20.32066,-2.40476,-0.26305,3.46806,NA,NA,NA,NA,NA,NA,NA,NA,NA,NA,NA,NA,NA,NA,NA,NA,NA,NA,NA,NA,NA,NA,NA,NA,NA,NA,NA,NA,NA,NA,NA,NA,NA,NA,NA,NA,NA,NA,NA,NA,NA,NA,NA,NA,NA,NA,NA,NA,NA,NA,High,High,High,NA,NA,NA,NA,NA,NA,NA,NA,NA,NA,NA,NA,NA,NA,NA,NA,NA,NA,NA,NA,NA,NA,NA,NA,NA,NA,NA,NA,NA,NA,NA,NA,NA,NA,NA,NA,NA,NA,NA,NA,NA,NA,NA,NA,NA,NA,NA,NA,NA,NA,NA,NA,NA,NA,NA,NA,NA,NA
NA,NA,NA,NA,NA,NA,NA,NA,NA,NA,NA,NA,NA,NA,NA,NA,145,2025-06-03,19:23:24,9,5,"Lindsey, Austin",1000250969,Right,VIC_HAR,"Waters, Stephen",1000435058,Left,EDM_RIV,Undefined,4,Bottom,2,2,2,Undefined,Four-Seam,StrikeCalled,Strikeout,Undefined,Undefined,0,0,NA,89.43017,-2.911526,-3.616932,2173.437334,213.079747,01:00:00,5.81346,2.23928,6.52351,-16.96568,18.09851,10.883,1.7208,-0.17661,79.95119,-6.213584,-1.64524,0.42619,NA,NA,NA,NA,NA,NA,NA,NA,NA,NA,NA,-6.92402,10.87256,-1.99154,50,5.60289,7.7348,-129.34586,-6.99792,-11.442,33.15578,-14.20707,EDM_RIV,VIC_HAR,ReMaxField,WCL,WCL,20250603-ReMaxField-1,e5fd6800-40ea-11f0-a7a5-433c097ba25c,88.44045,NA,NA,9.47898,NA,NA,NA,NA,NA,NA,0bdbd4b3-898e-42a4-aa80-c2a84fb0bbcf,2025-06-04,02:23:24,2025-06-04T02:23:24Z,2025-06-04T02:23:24Z,NA,v3,NA,NA,NA,"Berezowski, Jai",1000335502,Right,VIC_HAR,7903dfa6-a9ea-4123-b4fd-55b24809387c,53.97112,-130.35982,16.57789,5.81026,-6.56345,-7.10353,-2.23343,8.08472,-5.721,NA,NA,NA,NA,NA,NA,NA,NA,NA,NA,NA,NA,NA,NA,NA,NA,NA,NA,NA,NA,NA,NA,NA,NA,NA,NA,NA,NA,59.64189,NA,NA,1.166357,NA,NA,NA,3.10184,5.1749,5.3172,81.37283,2.33114,-43.4048,3.12365,72.1726,-4.45744,5.19302,13.98982,-14.19174,5.29477,-46.4984,4.16904,High,High,High,NA,NA,High,Medium,Medium,NA,NA,NA,NA,NA,NA,NA,NA,NA,NA,NA,NA,NA,NA,NA,NA,NA,NA,NA,NA,NA,NA,NA,NA,NA,NA,NA,NA,NA,NA,NA,NA,NA,NA,NA,NA,NA,NA,NA,NA,NA,NA,NA,NA,NA,NA,NA,NA,NA,NA,NA,NA,NA
NA,NA,NA,NA,NA,NA,NA,NA,NA,NA,NA,NA,NA,NA,NA,NA,146,2025-06-03,19:25:39,1,1,"Dearing, Tate",1000336151,Right,EDM_RIV,"Afework, Isaiah",10269851,Right,VIC_HAR,Undefined,5,Top,0,0,0,Undefined,Curveball,FoulBallNotFieldable,Undefined,Undefined,Undefined,0,0,NA,73.22389,1.861817,-0.595803,2365.025089,41.911728,07:30:00,5.90111,1.37588,5.76051,-62.72425,-9.77914,-10.39339,2.40773,-0.04481,66.8268,-9.620272,-2.460204,0.523702,NA,NA,NA,NA,NA,NA,NA,NA,NA,NA,NA,5.13008,-5.11504,-1.32001,50,6.01708,1.46996,-106.28934,1.53668,5.78673,20.59252,-37.94384,EDM_RIV,VIC_HAR,ReMaxField,WCL,WCL,20250603-ReMaxField-1,365e7e60-40eb-11f0-a7a5-433c097ba25c,71.97303,NA,NA,6.39708,NA,NA,NA,NA,NA,NA,0bdbd4b3-898e-42a4-aa80-c2a84fb0bbcf,2025-06-04,02:25:39,2025-06-04T02:25:39Z,2025-06-04T02:25:39Z,NA,v3,NA,NA,NA,"Green, Jason",1000435054,Right,EDM_RIV,9966353a-2250-4f5c-83ba-d9af81bbc728,54.7415,-107.20402,10.29626,5.91139,3.22208,-18.97192,-1.37959,1.21293,2.89336,NA,NA,NA,NA,NA,NA,NA,NA,NA,NA,NA,NA,NA,NA,NA,NA,NA,NA,NA,NA,NA,NA,NA,NA,NA,NA,NA,NA,NA,NA,NA,NA,NA,NA,NA,NA,NA,NA,NA,NA,NA,NA,NA,NA,NA,NA,NA,NA,NA,NA,High,High,High,NA,NA,NA,NA,NA,NA,NA,NA,NA,NA,NA,NA,NA,NA,NA,NA,NA,NA,NA,NA,NA,NA,NA,NA,NA,NA,NA,NA,NA,NA,NA,NA,NA,NA,NA,NA,NA,NA,NA,NA,NA,NA,NA,NA,NA,NA,NA,NA,NA,NA,NA,NA,NA,NA,NA,NA,NA,NA
NA,NA,NA,NA,NA,NA,NA,NA,NA,NA,NA,NA,NA,NA,NA,NA,147,2025-06-03,19:25:57,1,2,"Dearing, Tate",1000336151,Right,EDM_RIV,"Afework, Isaiah",10269851,Right,VIC_HAR,Undefined,5,Top,0,0,1,Undefined,Curveball,StrikeCalled,Undefined,Undefined,Undefined,0,0,NA,74.0377,2.876095,-0.246779,2374.253562,44.879547,07:30:00,5.97779,1.21511,5.65178,-61.51873,-9.39619,-11.15253,3.53597,0.05556,67.22504,-8.391281,-2.241019,0.519618,NA,NA,NA,NA,NA,NA,NA,NA,NA,NA,NA,5.49898,-4.97225,-1.18734,50,6.18364,0.88444,-107.33593,3.41183,6.32597,20.99008,-37.89408,EDM_RIV,VIC_HAR,ReMaxField,WCL,WCL,20250603-ReMaxField-1,412f0c60-40eb-11f0-a7a5-433c097ba25c,72.53873,NA,NA,6.81266,NA,NA,NA,NA,NA,NA,0bdbd4b3-898e-42a4-aa80-c2a84fb0bbcf,2025-06-04,02:25:57,2025-06-04T02:25:57Z,2025-06-04T02:25:57Z,NA,v3,NA,NA,NA,"Green, Jason",1000435054,Right,EDM_RIV,b12441ce-8c93-4cc0-8c08-e0ebd4be9612,54.84793,-108.27981,10.49504,5.9919,5.11586,-18.94704,-1.22072,0.59997,3.16299,NA,NA,NA,NA,NA,NA,NA,NA,NA,NA,NA,NA,NA,NA,NA,NA,NA,NA,NA,NA,NA,NA,NA,NA,NA,NA,NA,NA,NA,NA,NA,NA,NA,NA,NA,NA,NA,NA,NA,NA,NA,NA,NA,NA,NA,NA,NA,NA,NA,NA,High,High,High,NA,NA,NA,NA,NA,NA,NA,NA,NA,NA,NA,NA,NA,NA,NA,NA,NA,NA,NA,NA,NA,NA,NA,NA,NA,NA,NA,NA,NA,NA,NA,NA,NA,NA,NA,NA,NA,NA,NA,NA,NA,NA,NA,NA,NA,NA,NA,NA,NA,NA,NA,NA,NA,NA,NA,NA,NA,NA
NA,NA,NA,NA,NA,NA,NA,NA,NA,NA,NA,NA,NA,NA,NA,NA,148,2025-06-03,19:26:13,1,3,"Dearing, Tate",1000336151,Right,EDM_RIV,"Afework, Isaiah",10269851,Right,VIC_HAR,Undefined,5,Top,0,0,2,Undefined,Curveball,FoulBallNotFieldable,Undefined,Undefined,Undefined,0,0,NA,75.46408,1.507811,0.174392,2406.884168,44.347568,07:30:00,5.8655,1.17155,5.77753,-59.66361,-10.13886,-11.47953,2.29685,0.37719,69.18629,-9.401598,-1.886605,0.506503,NA,NA,NA,NA,NA,NA,NA,NA,NA,NA,NA,5.95134,-5.2524,-1.17873,50,5.95352,0.07532,-109.63577,1.01205,7.18257,20.9094,-38.51311,EDM_RIV,VIC_HAR,ReMaxField,WCL,WCL,20250603-ReMaxField-1,4a907a00-40eb-11f0-a7a5-433c097ba25c,74.41694,NA,NA,6.27778,NA,NA,NA,NA,NA,NA,0bdbd4b3-898e-42a4-aa80-c2a84fb0bbcf,2025-06-04,02:26:13,2025-06-04T02:26:13Z,2025-06-04T02:26:13Z,NA,v3,NA,NA,NA,"Green, Jason",1000435054,Right,EDM_RIV,761c94dc-ca58-4569-a379-ad23ba79bcfe,54.72542,-110.53331,10.4547,5.87459,2.66524,-19.25656,-1.17535,-0.23299,3.59129,NA,NA,NA,NA,NA,NA,NA,NA,NA,NA,NA,NA,NA,NA,NA,NA,NA,NA,NA,NA,NA,NA,NA,NA,NA,NA,NA,NA,NA,NA,NA,NA,NA,NA,NA,NA,NA,NA,NA,NA,NA,NA,NA,NA,NA,NA,NA,NA,NA,NA,High,High,High,NA,NA,NA,NA,NA,NA,NA,NA,NA,NA,NA,NA,NA,NA,NA,NA,NA,NA,NA,NA,NA,NA,NA,NA,NA,NA,NA,NA,NA,NA,NA,NA,NA,NA,NA,NA,NA,NA,NA,NA,NA,NA,NA,NA,NA,NA,NA,NA,NA,NA,NA,NA,NA,NA,NA,NA,NA,NA
NA,NA,NA,NA,NA,NA,NA,NA,NA,NA,NA,NA,NA,NA,NA,NA,149,2025-06-03,19:26:32,1,4,"Dearing, Tate",1000336151,Right,EDM_RIV,"Afework, Isaiah",10269851,Right,VIC_HAR,Undefined,5,Top,0,0,2,Undefined,Sinker,BallCalled,Undefined,Undefined,Undefined,0,0,NA,89.27312,1.355828,-1.887823,2003.177289,242.053254,02:00:00,5.87818,1.15802,6.01794,-26.33159,9.01312,14.64135,4.94068,0.62884,80.41462,-3.599937,0.744451,0.427891,NA,NA,NA,NA,NA,NA,NA,NA,NA,NA,NA,-8.03225,4.5804,-1.01748,50,5.97039,3.62933,-129.45477,2.20242,-13.44883,30.387,-24.50483,EDM_RIV,VIC_HAR,ReMaxField,WCL,WCL,20250603-ReMaxField-1,55eb94c0-40eb-11f0-a7a5-433c097ba25c,88.08883,NA,NA,8.8585,NA,NA,NA,NA,NA,NA,0bdbd4b3-898e-42a4-aa80-c2a84fb0bbcf,2025-06-04,02:26:32,2025-06-04T02:26:32Z,2025-06-04T02:26:32Z,NA,v3,NA,NA,NA,"Green, Jason",1000435054,Right,EDM_RIV,6b1f5555-62e3-4d3f-8018-7a2bfb06541e,54.47779,-130.50162,15.1935,5.87997,3.04662,-12.25241,-1.15049,4.09265,-6.72442,NA,NA,NA,NA,NA,NA,NA,NA,NA,NA,NA,NA,NA,NA,NA,NA,NA,NA,NA,NA,NA,NA,NA,NA,NA,NA,NA,NA,NA,NA,NA,NA,NA,NA,NA,NA,NA,NA,NA,NA,NA,NA,NA,NA,NA,NA,NA,NA,NA,NA,High,High,High,NA,NA,NA,NA,NA,NA,NA,NA,NA,NA,NA,NA,NA,NA,NA,NA,NA,NA,NA,NA,NA,NA,NA,NA,NA,NA,NA,NA,NA,NA,NA,NA,NA,NA,NA,NA,NA,NA,NA,NA,NA,NA,NA,NA,NA,NA,NA,NA,NA,NA,NA,NA,NA,NA,NA,NA,NA,NA
NA,NA,NA,NA,NA,NA,NA,NA,NA,NA,NA,NA,NA,NA,NA,NA,150,2025-06-03,19:26:49,1,5,"Dearing, Tate",1000336151,Right,EDM_RIV,"Afework, Isaiah",10269851,Right,VIC_HAR,Undefined,5,Top,0,1,2,Undefined,Curveball,HitByPitch,Undefined,Undefined,Undefined,0,0,NA,72.42282,3.987976,2.024785,2334.473293,43.260608,07:30:00,5.93597,1.05383,5.77129,-65.21952,-10.45756,-11.7515,4.22052,1.95957,65.11848,-8.007953,-0.077664,0.532612,NA,NA,NA,NA,NA,NA,NA,NA,NA,NA,NA,6.70831,-6.21319,-1.21381,50,6.22653,-3.29355,-104.79434,5.34273,7.29809,21.28892,-38.93348,EDM_RIV,VIC_HAR,ReMaxField,WCL,WCL,20250603-ReMaxField-1,5fdb86c0-40eb-11f0-a7a5-433c097ba25c,70.76906,NA,NA,7.30434,NA,NA,NA,NA,NA,NA,0bdbd4b3-898e-42a4-aa80-c2a84fb0bbcf,2025-06-04,02:26:49,2025-06-04T02:26:49Z,2025-06-04T02:26:49Z,NA,v3,NA,NA,NA,"Green, Jason",1000435054,Right,EDM_RIV,8098d5ce-b936-4bfa-b57b-31e02bcefa46,54.73012,-105.7509,10.64446,5.94717,7.0921,-19.46674,-1.05845,-3.62147,3.64904,NA,NA,NA,NA,NA,NA,NA,NA,NA,NA,NA,NA,NA,NA,NA,NA,NA,NA,NA,NA,NA,NA,NA,NA,NA,NA,NA,NA,NA,NA,NA,NA,NA,NA,NA,NA,NA,NA,NA,NA,NA,NA,NA,NA,NA,NA,NA,NA,NA,NA,High,High,High,NA,NA,NA,NA,NA,NA,NA,NA,NA,NA,NA,NA,NA,NA,NA,NA,NA,NA,NA,NA,NA,NA,NA,NA,NA,NA,NA,NA,NA,NA,NA,NA,NA,NA,NA,NA,NA,NA,NA,NA,NA,NA,NA,NA,NA,NA,NA,NA,NA,NA,NA,NA,NA,NA,NA,NA,NA,NA
NA,NA,NA,NA,NA,NA,NA,NA,NA,NA,NA,NA,NA,NA,NA,NA,151,2025-06-03,19:27:20,2,1,"Dearing, Tate",1000336151,Right,EDM_RIV,"Berezowski, Jai",1000335502,Right,VIC_HAR,Undefined,5,Top,0,0,0,Undefined,Sinker,FoulBallNotFieldable,Undefined,Undefined,Undefined,0,0,NA,88.65074,-0.352678,-1.889738,2052.30664,226.06065,01:30:00,5.97344,1.20401,6.15674,-21.67198,13.70765,13.00135,3.84143,0.54096,80.54058,-4.460395,0.454579,0.428103,72.28478,43.908274,-168.602806,4349.835928,NA,NA,NA,NA,50.21429,NA,NA,-7.31225,7.54548,-1.06713,50,5.93553,3.72408,-128.74179,-1.44126,-12.18758,28.45309,-19.59776,EDM_RIV,VIC_HAR,ReMaxField,WCL,WCL,20250603-ReMaxField-1,72c43980-40eb-11f0-a7a5-433c097ba25c,88.04531,41.45896,NA,8.11017,NA,NA,NA,1.70711,3.8142,-0.52264,0bdbd4b3-898e-42a4-aa80-c2a84fb0bbcf,2025-06-04,02:27:20,2025-06-04T02:27:20Z,2025-06-04T02:27:20Z,NA,v3,NA,NA,NA,"Green, Jason",1000435054,Right,EDM_RIV,e91a62d7-8590-4204-a003-919cd8201ad9,54.34226,-129.69791,14.22654,5.9729,-0.7827,-9.79888,-1.19915,4.13363,-6.09379,359.892186,1.70711,-74.87423,3.5028,-0.07127,-0.06566,0.03118,-0.00907,0.00286,-5.4e-4,3.8142,73.52378,-30.79711,4.30804,-0.97856,0.20913,-0.04483,0.00763,-4.9e-4,-0.52264,-15.0935,0.68821,-0.55919,0.16882,-0.04629,0.01136,-0.00255,3.3e-4,NA,NA,NA,NA,NA,NA,NA,NA,NA,NA,NA,NA,NA,NA,NA,NA,NA,NA,NA,NA,NA,NA,High,High,High,High,Undefined,NA,NA,NA,NA,NA,NA,NA,NA,NA,NA,NA,NA,NA,NA,NA,NA,NA,NA,NA,NA,NA,NA,NA,NA,NA,NA,NA,NA,NA,NA,NA,NA,NA,NA,NA,NA,NA,NA,NA,NA,NA,NA,NA,NA,NA,NA,NA,NA,NA,NA,NA,NA,NA,NA,NA,NA
NA,NA,NA,NA,NA,NA,NA,NA,NA,NA,NA,NA,NA,NA,NA,NA,152,2025-06-03,19:27:42,2,2,"Dearing, Tate",1000336151,Right,EDM_RIV,"Berezowski, Jai",1000335502,Right,VIC_HAR,Undefined,5,Top,0,0,1,Undefined,Sinker,FoulBallNotFieldable,Undefined,Undefined,Undefined,0,0,NA,88.4358,-1.438214,-2.057188,1934.192687,232.333233,01:45:00,6.12326,0.76626,6.07376,-23.55678,11.96914,14.02753,2.82826,0.03086,80.85203,-5.858365,0.469294,0.428987,NA,NA,NA,NA,NA,NA,NA,NA,NA,NA,NA,-7.82457,6.92339,-0.61442,50,5.99933,4.04222,-128.42118,-3.96416,-13.04466,27.01755,-20.63177,EDM_RIV,VIC_HAR,ReMaxField,WCL,WCL,20250603-ReMaxField-1,7fc95ac0-40eb-11f0-a7a5-433c097ba25c,87.86384,NA,NA,7.58377,NA,NA,NA,NA,NA,NA,0bdbd4b3-898e-42a4-aa80-c2a84fb0bbcf,2025-06-04,02:27:42,2025-06-04T02:27:42Z,2025-06-04T02:27:42Z,NA,v3,NA,NA,NA,"Green, Jason",1000435054,Right,EDM_RIV,6b90fb8f-6daf-4858-bbd0-c8038b1f6bc3,54.42557,-129.34889,13.50878,6.12329,-3.25573,-10.31589,-0.76091,4.49014,-6.52233,NA,NA,NA,NA,NA,NA,NA,NA,NA,NA,NA,NA,NA,NA,NA,NA,NA,NA,NA,NA,NA,NA,NA,NA,NA,NA,NA,NA,NA,NA,NA,NA,NA,NA,NA,NA,NA,NA,NA,NA,NA,NA,NA,NA,NA,NA,NA,NA,NA,NA,High,High,High,NA,NA,NA,NA,NA,NA,NA,NA,NA,NA,NA,NA,NA,NA,NA,NA,NA,NA,NA,NA,NA,NA,NA,NA,NA,NA,NA,NA,NA,NA,NA,NA,NA,NA,NA,NA,NA,NA,NA,NA,NA,NA,NA,NA,NA,NA,NA,NA,NA,NA,NA,NA,NA,NA,NA,NA,NA,NA
NA,NA,NA,NA,NA,NA,NA,NA,NA,NA,NA,NA,NA,NA,NA,NA,153,2025-06-03,19:28:27,2,3,"Dearing, Tate",1000336151,Right,EDM_RIV,"Berezowski, Jai",1000335502,Right,VIC_HAR,Undefined,5,Top,0,0,2,Undefined,Sinker,StrikeCalled,Strikeout,Undefined,Undefined,0,0,NA,88.45671,0.246396,-1.599597,2046.008212,241.141273,02:00:00,5.98799,0.81128,6.21255,-25.99604,9.46686,15.04103,4.04914,0.58806,80.36277,-4.647244,1.116209,0.428606,NA,NA,NA,NA,NA,NA,NA,NA,NA,NA,NA,-8.20615,5.19201,-0.69827,50,5.99359,2.96626,-128.46925,-0.26222,-13.62077,28.31143,-23.55619,EDM_RIV,VIC_HAR,ReMaxField,WCL,WCL,20250603-ReMaxField-1,9a6afb40-40eb-11f0-a7a5-433c097ba25c,87.94188,NA,NA,8.09394,NA,NA,NA,NA,NA,NA,0bdbd4b3-898e-42a4-aa80-c2a84fb0bbcf,2025-06-04,02:28:27,2025-06-04T02:28:27Z,2025-06-04T02:28:27Z,NA,v3,NA,NA,NA,"Green, Jason",1000435054,Right,EDM_RIV,2c5b930d-a37f-4f49-bff0-404356e342ad,54.28497,-129.41011,14.15571,5.98929,0.5206,-11.77809,-0.80437,3.41891,-6.81039,NA,NA,NA,NA,NA,NA,NA,NA,NA,NA,NA,NA,NA,NA,NA,NA,NA,NA,NA,NA,NA,NA,NA,NA,NA,NA,NA,NA,NA,NA,NA,NA,NA,NA,NA,NA,NA,NA,NA,NA,NA,NA,NA,NA,NA,NA,NA,NA,NA,NA,High,High,High,NA,NA,NA,NA,NA,NA,NA,NA,NA,NA,NA,NA,NA,NA,NA,NA,NA,NA,NA,NA,NA,NA,NA,NA,NA,NA,NA,NA,NA,NA,NA,NA,NA,NA,NA,NA,NA,NA,NA,NA,NA,NA,NA,NA,NA,NA,NA,NA,NA,NA,NA,NA,NA,NA,NA,NA,NA,NA
NA,NA,NA,NA,NA,NA,NA,NA,NA,NA,NA,NA,NA,NA,NA,NA,154,2025-06-03,19:28:58,3,1,"Dearing, Tate",1000336151,Right,EDM_RIV,"Biello, Dominic",1000435364,Right,VIC_HAR,Undefined,5,Top,1,0,0,Undefined,Sinker,BallinDirt,Undefined,Undefined,Undefined,0,0,NA,87.8292,-4.128324,-2.354573,2021.069887,222.867545,01:30:00,6.1733,0.67194,6.06213,-20.32663,16.20497,13.82961,0.64872,-0.35601,79.76861,-7.964206,0.135818,0.435016,NA,NA,NA,NA,NA,NA,NA,NA,NA,NA,NA,-7.86134,10.0165,-0.4965,50,5.84141,4.66318,-127.10401,-9.77456,-12.72068,28.69506,-15.96605,EDM_RIV,VIC_HAR,ReMaxField,WCL,WCL,20250603-ReMaxField-1,acd88a90-40eb-11f0-a7a5-433c097ba25c,86.646,NA,NA,8.06059,NA,NA,NA,NA,NA,NA,0bdbd4b3-898e-42a4-aa80-c2a84fb0bbcf,2025-06-04,02:28:58,2025-06-04T02:28:58Z,2025-06-04T02:28:58Z,NA,v3,NA,NA,NA,"Green, Jason",1000435054,Right,EDM_RIV,4dc3a84a-dae8-40e5-8e93-e0bdb528ec5d,54.43589,-128.10154,14.34753,6.17156,-9.21952,-7.98302,-0.6663,5.10539,-6.36034,NA,NA,NA,NA,NA,NA,NA,NA,NA,NA,NA,NA,NA,NA,NA,NA,NA,NA,NA,NA,NA,NA,NA,NA,NA,NA,NA,NA,NA,NA,NA,NA,NA,NA,NA,NA,NA,NA,NA,NA,NA,NA,NA,NA,NA,NA,NA,NA,NA,NA,High,High,High,NA,NA,NA,NA,NA,NA,NA,NA,NA,NA,NA,NA,NA,NA,NA,NA,NA,NA,NA,NA,NA,NA,NA,NA,NA,NA,NA,NA,NA,NA,NA,NA,NA,NA,NA,NA,NA,NA,NA,NA,NA,NA,NA,NA,NA,NA,NA,NA,NA,NA,NA,NA,NA,NA,NA,NA,NA,NA
NA,NA,NA,NA,NA,NA,NA,NA,NA,NA,NA,NA,NA,NA,NA,NA,155,2025-06-03,19:29:22,3,2,"Dearing, Tate",1000336151,Right,EDM_RIV,"Biello, Dominic",1000435364,Right,VIC_HAR,Undefined,5,Top,1,1,0,Undefined,Four-Seam,BallCalled,Undefined,Undefined,Undefined,0,0,NA,87.46669,-0.49053,-2.10011,2025.15008,220.813444,01:15:00,6.14104,0.8982,6.03812,-21.67863,14.87666,11.7826,3.87997,-0.06535,79.39258,-4.598006,0.019297,0.435158,NA,NA,NA,NA,NA,NA,NA,NA,NA,NA,NA,-6.63414,8.15615,-0.74032,50,6.09104,4.16065,-126.92584,-1.73156,-10.74962,27.61027,-18.95819,EDM_RIV,VIC_HAR,ReMaxField,WCL,WCL,20250603-ReMaxField-1,bb7d2b00-40eb-11f0-a7a5-433c097ba25c,86.6179,NA,NA,8.07411,NA,NA,NA,NA,NA,NA,0bdbd4b3-898e-42a4-aa80-c2a84fb0bbcf,2025-06-04,02:29:22,2025-06-04T02:29:22Z,2025-06-04T02:29:22Z,NA,v3,NA,NA,NA,"Green, Jason",1000435054,Right,EDM_RIV,86cee6e1-cfc0-4c7c-b7f4-3605ca71c202,54.45825,-127.89197,13.80513,6.14003,-1.06818,-9.47909,-0.89249,4.5368,-5.37481,NA,NA,NA,NA,NA,NA,NA,NA,NA,NA,NA,NA,NA,NA,NA,NA,NA,NA,NA,NA,NA,NA,NA,NA,NA,NA,NA,NA,NA,NA,NA,NA,NA,NA,NA,NA,NA,NA,NA,NA,NA,NA,NA,NA,NA,NA,NA,NA,NA,NA,High,High,High,NA,NA,NA,NA,NA,NA,NA,NA,NA,NA,NA,NA,NA,NA,NA,NA,NA,NA,NA,NA,NA,NA,NA,NA,NA,NA,NA,NA,NA,NA,NA,NA,NA,NA,NA,NA,NA,NA,NA,NA,NA,NA,NA,NA,NA,NA,NA,NA,NA,NA,NA,NA,NA,NA,NA,NA,NA,NA
NA,NA,NA,NA,NA,NA,NA,NA,NA,NA,NA,NA,NA,NA,NA,NA,156,2025-06-03,19:29:42,3,3,"Dearing, Tate",1000336151,Right,EDM_RIV,"Biello, Dominic",1000435364,Right,VIC_HAR,Undefined,5,Top,1,2,0,Undefined,Changeup,FoulBallFieldable,Undefined,Undefined,Undefined,0,0,NA,86.17924,-1.913735,-2.242602,1940.561804,215.116267,01:15:00,6.24971,0.79185,5.89165,-21.11155,16.80836,10.90678,2.71151,-0.38255,78.32658,-5.904582,-0.285956,0.443205,83.83714,47.720149,34.975865,NA,77.28588,102.07218,78.27427,221.88413,123.33221,51.730595,5.307537,-6.2576,9.56245,-0.61743,50,6.08336,4.44761,-124.96958,-4.80378,-9.82329,26.91014,-17.16274,EDM_RIV,VIC_HAR,ReMaxField,WCL,WCL,20250603-ReMaxField-1,c73c85d0-40eb-11f0-a7a5-433c097ba25c,85.04509,105.92479,NA,7.85266,NA,NA,NA,0.58053,3.1738,0.51744,0bdbd4b3-898e-42a4-aa80-c2a84fb0bbcf,2025-06-04,02:29:42,2025-06-04T02:29:42Z,2025-06-04T02:29:42Z,FlyBall,v3,NA,NA,NA,"Green, Jason",1000435054,Right,EDM_RIV,84ad7d59-6736-4c92-b862-cb7a26ebde76,54.60615,-125.95754,13.45507,6.24816,-4.17368,-8.58137,-0.78733,4.80825,-4.91164,206.376208,0.58999,67.5535,-23.40553,5.76304,-0.21143,-0.41979,0.14438,-0.01979,0.001,3.15876,91.25452,-24.83235,3.30981,-1.0794,0.30809,-0.04809,0.00328,-6e-5,0.51424,47.47876,-4.87568,0.58552,-0.09391,0.03111,-0.00679,7e-4,-3e-5,NA,NA,NA,NA,NA,NA,NA,NA,NA,NA,NA,NA,NA,NA,NA,NA,NA,NA,NA,NA,NA,NA,High,High,High,High,Low,NA,NA,NA,NA,NA,NA,NA,NA,NA,NA,NA,NA,NA,NA,NA,NA,NA,NA,NA,NA,NA,NA,NA,NA,NA,NA,NA,NA,NA,NA,NA,NA,NA,NA,NA,NA,NA,NA,NA,NA,NA,NA,NA,NA,NA,NA,NA,NA,NA,NA,NA,NA,NA,NA,NA,NA
NA,NA,NA,NA,NA,NA,NA,NA,NA,NA,NA,NA,NA,NA,NA,NA,157,2025-06-03,19:30:23,3,4,"Dearing, Tate",1000336151,Right,EDM_RIV,"Biello, Dominic",1000435364,Right,VIC_HAR,Undefined,5,Top,1,2,1,Undefined,Changeup,FoulBallNotFieldable,Undefined,Undefined,Undefined,0,0,NA,86.38154,-1.402411,-1.640571,1937.426868,220.199088,01:15:00,6.20862,0.81548,6.22762,-21.55505,15.23926,11.93367,3.11767,0.2959,79.39354,-5.471105,0.514974,0.436578,72.77316,7.318521,174.828132,1929.502737,NA,NA,NA,60.12017,49.21619,174.966348,0.572847,-6.51126,8.59823,-0.69786,50,6.09283,3.1047,-125.50599,-3.68782,-10.44324,24.08181,-18.38357,EDM_RIV,VIC_HAR,ReMaxField,WCL,WCL,20250603-ReMaxField-1,df6d4d60-40eb-11f0-a7a5-433c097ba25c,86.3361,4.04651,NA,6.98799,NA,NA,NA,-0.40382,2.6084,-0.03999,0bdbd4b3-898e-42a4-aa80-c2a84fb0bbcf,2025-06-04,02:30:23,2025-06-04T02:30:23Z,2025-06-04T02:30:23Z,GroundBall,v3,NA,NA,NA,"Green, Jason",1000435054,Right,EDM_RIV,d73ce58e-b2d8-4879-9a7c-abe25b93209a,54.26857,-126.32238,12.04091,6.20728,-3.06461,-9.19178,-0.80911,3.45874,-5.22162,359.219908,-0.37871,-106.01226,3.64005,NA,NA,NA,NA,NA,NA,2.61849,13.36357,-31.33842,NA,NA,NA,NA,NA,NA,-0.04213,9.59216,-0.53517,NA,NA,NA,NA,NA,NA,NA,NA,NA,NA,NA,NA,NA,NA,NA,NA,NA,NA,NA,NA,NA,NA,NA,NA,NA,NA,NA,NA,High,High,High,Medium,Medium,NA,NA,NA,NA,NA,NA,NA,NA,NA,NA,NA,NA,NA,NA,NA,NA,NA,NA,NA,NA,NA,NA,NA,NA,NA,NA,NA,NA,NA,NA,NA,NA,NA,NA,NA,NA,NA,NA,NA,NA,NA,NA,NA,NA,NA,NA,NA,NA,NA,NA,NA,NA,NA,NA,NA,NA
NA,NA,NA,NA,NA,NA,NA,NA,NA,NA,NA,NA,NA,NA,NA,NA,158,2025-06-03,19:30:49,3,5,"Dearing, Tate",1000336151,Right,EDM_RIV,"Biello, Dominic",1000435364,Right,VIC_HAR,Undefined,5,Top,1,2,2,Undefined,Curveball,BallinDirt,Undefined,Undefined,Undefined,0,0,NA,74.39326,0.622486,-2.113218,2510.07386,39.360014,07:15:00,5.88144,0.99836,6.12343,-61.39673,-10.08528,-9.8643,1.34091,-1.7781,67.28501,-10.687745,-3.894873,0.515559,NA,NA,NA,NA,NA,NA,NA,NA,NA,NA,NA,4.29681,-4.77725,-0.83182,50,5.89847,4.32861,-107.86884,-0.66271,4.91912,23.71812,-37.64319,EDM_RIV,VIC_HAR,ReMaxField,WCL,WCL,20250603-ReMaxField-1,ef0e0110-40eb-11f0-a7a5-433c097ba25c,73.10982,NA,NA,7.10825,NA,NA,NA,NA,NA,NA,0bdbd4b3-898e-42a4-aa80-c2a84fb0bbcf,2025-06-04,02:30:49,2025-06-04T02:30:49Z,2025-06-04T02:30:49Z,NA,v3,NA,NA,NA,"Green, Jason",1000435054,Right,EDM_RIV,576dfe65-3825-4a43-a033-e9270104f2ed,54.37543,-108.82666,11.85906,5.89453,0.85744,-18.8216,-1.00261,4.12996,2.45956,NA,NA,NA,NA,NA,NA,NA,NA,NA,NA,NA,NA,NA,NA,NA,NA,NA,NA,NA,NA,NA,NA,NA,NA,NA,NA,NA,NA,NA,NA,NA,NA,NA,NA,NA,NA,NA,NA,NA,NA,NA,NA,NA,NA,NA,NA,NA,NA,NA,NA,High,High,High,NA,NA,NA,NA,NA,NA,NA,NA,NA,NA,NA,NA,NA,NA,NA,NA,NA,NA,NA,NA,NA,NA,NA,NA,NA,NA,NA,NA,NA,NA,NA,NA,NA,NA,NA,NA,NA,NA,NA,NA,NA,NA,NA,NA,NA,NA,NA,NA,NA,NA,NA,NA,NA,NA,NA,NA,NA,NA
NA,NA,NA,NA,NA,NA,NA,NA,NA,NA,NA,NA,NA,NA,NA,NA,159,2025-06-03,19:31:14,3,6,"Dearing, Tate",1000336151,Right,EDM_RIV,"Biello, Dominic",1000435364,Right,VIC_HAR,Undefined,5,Top,1,3,2,Undefined,Curveball,InPlay,Undefined,LineDrive,Single,0,0,NA,74.83655,1.668013,-1.243419,2456.439615,34.829092,07:15:00,5.82001,1.16004,5.83546,-63.40129,-11.89938,-9.69745,2.08774,-0.80398,67.14136,-9.989,-2.985634,0.516515,89.41996,12.42859,-18.032808,1054.893241,104.17532,14.73095,-35.31975,201.86134,199.83985,-20.127092,1.960954,4.48256,-6.13181,-1.0529,50,5.91922,2.70716,-108.42398,1.17375,5.15829,24.83427,-39.23021,EDM_RIV,VIC_HAR,ReMaxField,WCL,WCL,20250603-ReMaxField-1,fe23d9e0-40eb-11f0-a7a5-433c097ba25c,72.97451,14.75046,NA,7.69519,NA,NA,NA,1.71907,2.18396,0.75899,0bdbd4b3-898e-42a4-aa80-c2a84fb0bbcf,2025-06-04,02:31:14,2025-06-04T02:31:14Z,2025-06-04T02:31:14Z,LineDrive,v3,NA,NA,NA,"Green, Jason",1000435054,Right,EDM_RIV,9de86be2-29b5-467d-8320-a39822c25eb6,54.66382,-109.487,12.41714,5.83304,2.853,-19.61511,-1.16405,2.48636,2.57914,131.017508,1.71907,121.78442,-17.87991,3.35896,-0.70612,0.13603,-0.02511,0.00371,-2.8e-4,2.18396,28.22624,-16.81754,1.23805,-0.21638,0.04455,-0.00668,9.4e-4,-8e-5,0.75899,-39.64728,1.89445,0.1539,-0.10498,0.03231,-0.00711,0.00106,-8e-5,NA,NA,NA,NA,NA,NA,NA,NA,NA,NA,NA,NA,NA,NA,NA,NA,NA,NA,NA,NA,NA,NA,High,High,High,High,High,NA,NA,NA,NA,NA,NA,NA,NA,NA,NA,NA,NA,NA,NA,NA,NA,NA,NA,NA,NA,NA,NA,NA,NA,NA,NA,NA,NA,NA,NA,NA,NA,NA,NA,NA,NA,NA,NA,NA,NA,NA,NA,NA,NA,NA,NA,NA,NA,NA,NA,NA,NA,NA,NA,NA,NA
NA,NA,NA,NA,NA,NA,NA,NA,NA,NA,NA,NA,NA,NA,NA,NA,160,2025-06-03,19:32:03,4,1,"Dearing, Tate",1000336151,Right,EDM_RIV,"McKay, Curtis",1000235202,Right,VIC_HAR,Undefined,5,Top,1,0,0,Undefined,Sinker,FoulBallNotFieldable,Undefined,Undefined,Undefined,0,0,NA,88.17326,-1.406223,-2.181274,1972.259689,227.345077,01:30:00,6.05044,0.8984,6.09528,-23.00844,12.92741,12.70241,2.8312,-0.06158,80.10409,-5.745806,0.106913,0.431455,55.70653,14.477409,163.067643,3714.807008,NA,NA,NA,86.94238,49.37706,167.034987,1.166535,-7.13646,7.45028,-0.73654,50,5.92998,4.33758,-127.91793,-3.84578,-11.73718,28.20738,-19.92073,EDM_RIV,VIC_HAR,ReMaxField,WCL,WCL,20250603-ReMaxField-1,1add36d0-40ec-11f0-a7a5-433c097ba25c,87.36124,7.59811,NA,8.06917,NA,NA,NA,NA,NA,NA,0bdbd4b3-898e-42a4-aa80-c2a84fb0bbcf,2025-06-04,02:32:03,2025-06-04T02:32:03Z,2025-06-04T02:32:03Z,GroundBall,v3,NA,NA,NA,"Green, Jason",1000435054,Right,EDM_RIV,f3dd2784-d308-41b8-ad64-bb1c318ec6a9,54.40103,-128.88475,14.10369,6.0501,-3.16299,-9.96037,-0.8921,4.73988,-5.86859,304.60674,-2.73392,-75.67899,4.73294,-0.11884,-0.00418,0.02551,-0.00484,0.00132,-2.6e-4,2.41057,20.42556,-20.89567,1.70079,-0.33375,0.05756,-0.00229,-0.00164,4.7e-4,0.08389,23.03974,-6.55577,1.19366,-0.26881,0.03103,0.00491,-0.00474,0.00119,NA,NA,NA,NA,NA,NA,NA,NA,NA,NA,NA,NA,NA,NA,NA,NA,NA,NA,NA,NA,NA,NA,High,High,High,High,Medium,NA,NA,NA,NA,NA,NA,NA,NA,NA,NA,NA,NA,NA,NA,NA,NA,NA,NA,NA,NA,NA,NA,NA,NA,NA,NA,NA,NA,NA,NA,NA,NA,NA,NA,NA,NA,NA,NA,NA,NA,NA,NA,NA,NA,NA,NA,NA,NA,NA,NA,NA,NA,NA,NA,NA,NA
NA,NA,NA,NA,NA,NA,NA,NA,NA,NA,NA,NA,NA,NA,NA,NA,161,2025-06-03,19:32:25,4,2,"Dearing, Tate",1000336151,Right,EDM_RIV,"McKay, Curtis",1000235202,Right,VIC_HAR,Undefined,5,Top,1,0,1,Undefined,Curveball,InPlay,Undefined,FlyBall,Sacrifice,1,1,NA,73.88948,2.179908,-0.371147,2350.630612,31.482349,07:00:00,5.80631,1.04296,5.68483,-65.7063,-13.1754,-9.23453,2.36371,-0.07253,66.95218,-9.839502,-2.026028,0.52165,96.45,27.33422,-5.815861,1841.379511,109.55512,51.9256,-9.88294,352.5399,348.11829,-5.243774,4.65018,4.57055,-6.91465,-1.00578,50,5.94868,1.02892,-107.15767,2.00303,5.20053,22.21626,-40.04177,EDM_RIV,VIC_HAR,ReMaxField,WCL,WCL,20250603-ReMaxField-1,28316270-40ec-11f0-a7a5-433c097ba25c,72.25624,71.26593,NA,6.93731,NA,NA,NA,2.00198,2.6129,0.06134,0bdbd4b3-898e-42a4-aa80-c2a84fb0bbcf,2025-06-04,02:32:25,2025-06-04T02:32:25Z,2025-06-04T02:32:25Z,FlyBall,v3,NA,NA,NA,"Green, Jason",1000435054,Right,EDM_RIV,81d67b3b-4801-4467-b787-501958252ef3,54.81675,-108.15169,11.10813,5.81898,3.79461,-20.02088,-1.04661,0.79624,2.60027,188.500642,2.0016,125.02854,-23.14983,5.54141,-1.30384,0.30499,-0.0603,0.00762,-4.2e-4,2.61444,64.91786,-16.59217,0.37152,0.32924,-0.19656,0.05546,-0.00766,4.1e-4,0.061,-12.72567,4.00297,-1.42219,0.36052,-0.065310000000000007,0.00796,-6.1e-4,2e-5,NA,NA,NA,NA,NA,NA,NA,NA,NA,NA,NA,NA,NA,NA,NA,NA,NA,NA,NA,NA,NA,NA,High,High,High,High,High,NA,NA,NA,NA,NA,NA,NA,NA,NA,NA,NA,NA,NA,NA,NA,NA,NA,NA,NA,NA,NA,NA,NA,NA,NA,NA,NA,NA,NA,NA,NA,NA,NA,NA,NA,NA,NA,NA,NA,NA,NA,NA,NA,NA,NA,NA,NA,NA,NA,NA,NA,NA,NA,NA,NA,NA
NA,NA,NA,NA,NA,NA,NA,NA,NA,NA,NA,NA,NA,NA,NA,NA,162,2025-06-03,19:33:04,5,1,"Dearing, Tate",1000336151,Right,EDM_RIV,"Johnson, Jack",1000112313,Right,VIC_HAR,Undefined,5,Top,2,0,0,Undefined,Curveball,BallCalled,Undefined,Undefined,Undefined,0,0,NA,73.53193,2.679151,-1.374571,2403.926012,52.289412,07:45:00,5.77078,1.13585,5.96504,-61.49826,-9.23071,-14.2595,3.13259,-1.3272,66.85785,-8.639459,-3.937038,0.52034,NA,NA,NA,NA,NA,NA,NA,NA,NA,NA,NA,6.78426,-4.91032,-1.01945,50,5.95035,3.07302,-106.6509,3.12055,7.69377,20.97485,-37.74262,EDM_RIV,VIC_HAR,ReMaxField,WCL,WCL,20250603-ReMaxField-1,3f964e80-40ec-11f0-a7a5-433c097ba25c,72.43806,NA,NA,6.67408,NA,NA,NA,NA,NA,NA,0bdbd4b3-898e-42a4-aa80-c2a84fb0bbcf,2025-06-04,02:33:04,2025-06-04T02:33:04Z,2025-06-04T02:33:04Z,NA,v3,NA,NA,NA,"Green, Jason",1000435054,Right,EDM_RIV,31536b1d-80c4-41fe-9932-b107b244f076,54.53522,-107.53913,10.48742,5.78436,4.71886,-18.87131,-1.14268,2.74721,3.84688,NA,NA,NA,NA,NA,NA,NA,NA,NA,NA,NA,NA,NA,NA,NA,NA,NA,NA,NA,NA,NA,NA,NA,NA,NA,NA,NA,NA,NA,NA,NA,NA,NA,NA,NA,NA,NA,NA,NA,NA,NA,NA,NA,NA,NA,NA,NA,NA,NA,NA,High,High,High,NA,NA,NA,NA,NA,NA,NA,NA,NA,NA,NA,NA,NA,NA,NA,NA,NA,NA,NA,NA,NA,NA,NA,NA,NA,NA,NA,NA,NA,NA,NA,NA,NA,NA,NA,NA,NA,NA,NA,NA,NA,NA,NA,NA,NA,NA,NA,NA,NA,NA,NA,NA,NA,NA,NA,NA,NA,NA
NA,NA,NA,NA,NA,NA,NA,NA,NA,NA,NA,NA,NA,NA,NA,NA,163,2025-06-03,19:33:20,5,2,"Dearing, Tate",1000336151,Right,EDM_RIV,"Johnson, Jack",1000112313,Right,VIC_HAR,Undefined,5,Top,2,1,0,Undefined,Sinker,FoulBallNotFieldable,Undefined,Undefined,Undefined,0,0,NA,88.50849,-0.975856,-2.245399,1947.915805,222.838355,01:30:00,6.0339,0.83181,6.5047,-21.45832,13.60083,11.52008,3.3493,-0.27004,80.4412,-5.065925,-0.154786,0.42616,70.35041,41.536468,157.228367,4618.277382,NA,NA,NA,NA,50.21187,NA,NA,-6.73725,7.77351,-0.67968,50,5.95622,4.60086,-128.55818,-2.78815,-11.18776,28.57945,-19.26545,EDM_RIV,VIC_HAR,ReMaxField,WCL,WCL,20250603-ReMaxField-1,492ed1b0-40ec-11f0-a7a5-433c097ba25c,88.44678,39.31309,NA,8.06729,NA,NA,NA,2.0768,3.37879,0.25333,0bdbd4b3-898e-42a4-aa80-c2a84fb0bbcf,2025-06-04,02:33:20,2025-06-04T02:33:20Z,2025-06-04T02:33:20Z,NA,v3,NA,NA,NA,"Green, Jason",1000435054,Right,EDM_RIV,a0457dc1-dd36-4862-9b7b-e51ac30ab64d,53.99435,-129.4431,14.28972,6.03332,-2.19162,-9.63273,-0.8275,4.94728,-5.59388,320.048844,2.0768,-71.21402,2.8069,0.54501,-0.17748,0.06199,-0.01292,0.00238,-2.6e-4,3.37879,68.41859,-27.18326,3.27516,-0.70171,0.14419,-0.02618,0.0049,-4.7e-4,0.25333,29.89414,-8.21254,1.01671,-0.18864,0.02049,-0.00357,7.1e-4,-4e-5,NA,NA,NA,NA,NA,NA,NA,NA,NA,NA,NA,NA,NA,NA,NA,NA,NA,NA,NA,NA,NA,NA,High,High,High,High,Undefined,NA,NA,NA,NA,NA,NA,NA,NA,NA,NA,NA,NA,NA,NA,NA,NA,NA,NA,NA,NA,NA,NA,NA,NA,NA,NA,NA,NA,NA,NA,NA,NA,NA,NA,NA,NA,NA,NA,NA,NA,NA,NA,NA,NA,NA,NA,NA,NA,NA,NA,NA,NA,NA,NA,NA,NA
NA,NA,NA,NA,NA,NA,NA,NA,NA,NA,NA,NA,NA,NA,NA,NA,164,2025-06-03,19:33:42,5,3,"Dearing, Tate",1000336151,Right,EDM_RIV,"Johnson, Jack",1000112313,Right,VIC_HAR,Undefined,5,Top,2,1,1,Undefined,Four-Seam,BallCalled,Undefined,Undefined,Undefined,0,0,NA,88.15475,-0.01525,-2.814879,2026.884019,219.083744,01:15:00,6.01382,0.85851,6.38106,-18.76442,16.92217,12.73272,4.43608,-0.67205,79.60104,-3.630086,-0.512097,0.429956,NA,NA,NA,NA,NA,NA,NA,NA,NA,NA,NA,-7.4128,9.15252,-0.66062,50,6.00373,5.76279,-127.87231,-0.52047,-12.1408,29.03213,-17.18386,EDM_RIV,VIC_HAR,ReMaxField,WCL,WCL,20250603-ReMaxField-1,564a1300-40ec-11f0-a7a5-433c097ba25c,87.66583,NA,NA,8.55372,NA,NA,NA,NA,NA,NA,0bdbd4b3-898e-42a4-aa80-c2a84fb0bbcf,2025-06-04,02:33:42,2025-06-04T02:33:42Z,2025-06-04T02:33:42Z,NA,v3,NA,NA,NA,"Green, Jason",1000435054,Right,EDM_RIV,e4b5a2ee-d04e-4561-bbc0-3f32ddd54103,54.11408,-128.80299,14.51606,6.01159,0.03038,-8.59193,-0.8516,6.15198,-6.0704,NA,NA,NA,NA,NA,NA,NA,NA,NA,NA,NA,NA,NA,NA,NA,NA,NA,NA,NA,NA,NA,NA,NA,NA,NA,NA,NA,NA,NA,NA,NA,NA,NA,NA,NA,NA,NA,NA,NA,NA,NA,NA,NA,NA,NA,NA,NA,NA,NA,NA,High,High,High,NA,NA,NA,NA,NA,NA,NA,NA,NA,NA,NA,NA,NA,NA,NA,NA,NA,NA,NA,NA,NA,NA,NA,NA,NA,NA,NA,NA,NA,NA,NA,NA,NA,NA,NA,NA,NA,NA,NA,NA,NA,NA,NA,NA,NA,NA,NA,NA,NA,NA,NA,NA,NA,NA,NA,NA,NA,NA
NA,NA,NA,NA,NA,NA,NA,NA,NA,NA,NA,NA,NA,NA,NA,NA,165,2025-06-03,19:34:00,5,4,"Dearing, Tate",1000336151,Right,EDM_RIV,"Johnson, Jack",1000112313,Right,VIC_HAR,Undefined,5,Top,2,2,1,Undefined,Curveball,StrikeCalled,Undefined,Undefined,Undefined,0,0,NA,73.23165,3.109763,-0.479081,2355.223829,40.494913,07:15:00,5.82933,1.02962,6.09057,-63.32078,-10.15489,-10.43717,3.43212,-0.28331,65.60772,-8.621685,-2.360593,0.524793,NA,NA,NA,NA,NA,NA,NA,NA,NA,NA,NA,5.10575,-5.52469,-0.98781,50,6.03798,1.26633,-106.06232,3.85795,5.64738,23.03835,-38.28481,EDM_RIV,VIC_HAR,ReMaxField,WCL,WCL,20250603-ReMaxField-1,610c7030-40ec-11f0-a7a5-433c097ba25c,71.82346,NA,NA,7.62393,NA,NA,NA,NA,NA,NA,0bdbd4b3-898e-42a4-aa80-c2a84fb0bbcf,2025-06-04,02:34:00,2025-06-04T02:34:00Z,2025-06-04T02:34:00Z,NA,v3,NA,NA,NA,"Green, Jason",1000435054,Right,EDM_RIV,301a692c-6b9f-4980-8988-0b11b0a2d0b7,54.40668,-107.01523,11.51918,5.84565,5.4415,-19.14241,-1.03536,1.03274,2.82369,NA,NA,NA,NA,NA,NA,NA,NA,NA,NA,NA,NA,NA,NA,NA,NA,NA,NA,NA,NA,NA,NA,NA,NA,NA,NA,NA,NA,NA,NA,NA,NA,NA,NA,NA,NA,NA,NA,NA,NA,NA,NA,NA,NA,NA,NA,NA,NA,NA,NA,High,High,High,NA,NA,NA,NA,NA,NA,NA,NA,NA,NA,NA,NA,NA,NA,NA,NA,NA,NA,NA,NA,NA,NA,NA,NA,NA,NA,NA,NA,NA,NA,NA,NA,NA,NA,NA,NA,NA,NA,NA,NA,NA,NA,NA,NA,NA,NA,NA,NA,NA,NA,NA,NA,NA,NA,NA,NA,NA,NA
NA,NA,NA,NA,NA,NA,NA,NA,NA,NA,NA,NA,NA,NA,NA,NA,166,2025-06-03,19:34:18,5,5,"Dearing, Tate",1000336151,Right,EDM_RIV,"Johnson, Jack",1000112313,Right,VIC_HAR,Undefined,5,Top,2,2,2,Undefined,Curveball,InPlay,Undefined,GroundBall,Out,1,0,NA,74.50358,1.048032,-0.36786,2478.024239,31.347989,07:00:00,5.81285,0.90565,5.95845,-64.17177,-12.37568,-8.80902,1.4372,-0.16957,66.82826,-10.768964,-1.956682,0.517988,65.0465,-14.095545,-38.41579,NA,NA,NA,NA,10.00162,10.00162,-26.07557,0.078711,4.40484,-6.26422,-0.87143,50,5.86044,1.0041,-108.00542,0.02647,5.01383,25.17852,-39.3043,EDM_RIV,VIC_HAR,ReMaxField,WCL,WCL,20250603-ReMaxField-1,6c0100f0-40ec-11f0-a7a5-433c097ba25c,72.76698,1.83415,NA,7.67531,NA,NA,NA,3.26039,1.83415,0.14246,0bdbd4b3-898e-42a4-aa80-c2a84fb0bbcf,2025-06-04,02:34:18,2025-06-04T02:34:18Z,2025-06-04T02:34:18Z,GroundBall,v3,NA,NA,NA,"Green, Jason",1000435054,Right,EDM_RIV,8368af93-60fe-4a85-90fe-783616d57943,54.54141,-109.05898,12.58926,5.82492,1.67112,-19.65215,-0.90906,0.7943,2.50691,180,3.25768,72.71222,NA,NA,NA,NA,NA,NA,NA,1.83502,-23.30251,NA,NA,NA,NA,NA,NA,NA,0.14461,-57.66363,NA,NA,NA,NA,NA,NA,NA,NA,NA,NA,NA,NA,NA,NA,NA,NA,NA,NA,NA,NA,NA,NA,NA,NA,NA,NA,NA,NA,NA,High,High,High,High,High,NA,NA,NA,NA,NA,NA,NA,NA,NA,NA,NA,NA,NA,NA,NA,NA,NA,NA,NA,NA,NA,NA,NA,NA,NA,NA,NA,NA,NA,NA,NA,NA,NA,NA,NA,NA,NA,NA,NA,NA,NA,NA,NA,NA,NA,NA,NA,NA,NA,NA,NA,NA,NA,NA,NA,NA
NA,NA,NA,NA,NA,NA,NA,NA,NA,NA,NA,NA,NA,NA,NA,NA,167,2025-06-03,19:36:44,1,1,"Lindsey, Austin",1000250969,Right,VIC_HAR,"Yzermans, Grant",1000325816,Right,EDM_RIV,Undefined,5,Bottom,0,0,0,Undefined,Curveball,BallCalled,Undefined,Undefined,Undefined,0,0,NA,72.66372,1.551067,1.015869,2426.545259,54.804536,07:45:00,5.51736,1.94607,6.1466,-61.62917,-8.47583,-14.67367,1.81542,1.66207,66.11333,-9.826954,-1.63701,0.524731,NA,NA,NA,NA,NA,NA,NA,NA,NA,NA,NA,7.89248,-4.29835,-2.01615,50,5.60449,-1.37241,-105.50864,1.08047,8.73853,20.92828,-36.93316,EDM_RIV,VIC_HAR,ReMaxField,WCL,WCL,20250603-ReMaxField-1,c2d73a70-40ec-11f0-a7a5-433c097ba25c,71.83194,NA,NA,6.55039,NA,NA,NA,NA,NA,NA,0bdbd4b3-898e-42a4-aa80-c2a84fb0bbcf,2025-06-04,02:36:44,2025-06-04T02:36:44Z,2025-06-04T02:36:44Z,NA,v3,NA,NA,NA,"Berezowski, Jai",1000335502,Right,VIC_HAR,04557a30-6473-4ea8-8cc7-f7d43b67414c,54.35437,-106.36885,10.46414,5.52887,2.59852,-18.46658,-1.95236,-1.73159,4.36927,NA,NA,NA,NA,NA,NA,NA,NA,NA,NA,NA,NA,NA,NA,NA,NA,NA,NA,NA,NA,NA,NA,NA,NA,NA,NA,NA,NA,NA,NA,NA,NA,NA,NA,NA,NA,NA,NA,NA,NA,NA,NA,NA,NA,NA,NA,NA,NA,NA,NA,High,High,High,NA,NA,NA,NA,NA,NA,NA,NA,NA,NA,NA,NA,NA,NA,NA,NA,NA,NA,NA,NA,NA,NA,NA,NA,NA,NA,NA,NA,NA,NA,NA,NA,NA,NA,NA,NA,NA,NA,NA,NA,NA,NA,NA,NA,NA,NA,NA,NA,NA,NA,NA,NA,NA,NA,NA,NA,NA,NA
NA,NA,NA,NA,NA,NA,NA,NA,NA,NA,NA,NA,NA,NA,NA,NA,168,2025-06-03,19:36:58,1,2,"Lindsey, Austin",1000250969,Right,VIC_HAR,"Yzermans, Grant",1000325816,Right,EDM_RIV,Undefined,5,Bottom,0,1,0,Undefined,Curveball,BallCalled,Undefined,Undefined,Undefined,0,0,NA,74.85834,-0.045571,-3.639432,2429.371125,52.988011,07:45:00,5.5025,2.04665,6.50261,-56.8205,-7.21965,-11.84257,0.72554,-2.2851,68.44092,-10.539941,-5.786389,0.506893,NA,NA,NA,NA,NA,NA,NA,NA,NA,NA,NA,4.9665,-3.19492,-1.78742,50,5.47591,7.29828,-108.5733,-1.66945,5.81609,22.36756,-35.91551,EDM_RIV,VIC_HAR,ReMaxField,WCL,WCL,20250603-ReMaxField-1,cb351ac0-40ec-11f0-a7a5-433c097ba25c,74.3598,NA,NA,6.41742,NA,NA,NA,NA,NA,NA,0bdbd4b3-898e-42a4-aa80-c2a84fb0bbcf,2025-06-04,02:36:58,2025-06-04T02:36:58Z,2025-06-04T02:36:58Z,NA,v3,NA,NA,NA,"Berezowski, Jai",1000335502,Right,VIC_HAR,6c940c39-6eae-41b1-8872-44b4f0cc91d4,53.99734,-109.39371,11.18378,5.51298,-0.35212,-17.95775,-2.0512,7.08496,2.90804,NA,NA,NA,NA,NA,NA,NA,NA,NA,NA,NA,NA,NA,NA,NA,NA,NA,NA,NA,NA,NA,NA,NA,NA,NA,NA,NA,NA,NA,NA,NA,NA,NA,NA,NA,NA,NA,NA,NA,NA,NA,NA,NA,NA,NA,NA,NA,NA,NA,NA,High,High,High,NA,NA,NA,NA,NA,NA,NA,NA,NA,NA,NA,NA,NA,NA,NA,NA,NA,NA,NA,NA,NA,NA,NA,NA,NA,NA,NA,NA,NA,NA,NA,NA,NA,NA,NA,NA,NA,NA,NA,NA,NA,NA,NA,NA,NA,NA,NA,NA,NA,NA,NA,NA,NA,NA,NA,NA,NA,NA
NA,NA,NA,NA,NA,NA,NA,NA,NA,NA,NA,NA,NA,NA,NA,NA,169,2025-06-03,19:37:15,1,3,"Lindsey, Austin",1000250969,Right,VIC_HAR,"Yzermans, Grant",1000325816,Right,EDM_RIV,Undefined,5,Bottom,0,2,0,Undefined,Changeup,InPlay,Undefined,LineDrive,Out,1,0,NA,86.19279,-1.811827,-2.041061,2144.718739,217.505467,01:15:00,5.68621,1.86364,6.7411,-21.98088,14.98898,10.46957,2.19746,0.87046,77.7924,-6.035725,-0.131777,0.437618,102.21236,8.023876,-33.34032,3038.0497,NA,NA,NA,132.39478,111.5945,-37.13918,1.030033,-6.22307,8.91477,-1.73307,50,5.55839,4.07877,-125.10923,-4.51294,-9.69332,29.29881,-18.28802,EDM_RIV,VIC_HAR,ReMaxField,WCL,WCL,20250603-ReMaxField-1,d5838070-40ec-11f0-a7a5-433c097ba25c,86.13085,6.54158,NA,8.40039,NA,NA,NA,1.73538,2.02704,-0.67144,0bdbd4b3-898e-42a4-aa80-c2a84fb0bbcf,2025-06-04,02:37:15,2025-06-04T02:37:15Z,2025-06-04T02:37:15Z,LineDrive,v3,NA,NA,NA,"Berezowski, Jai",1000335502,Right,VIC_HAR,ee785373-e2a4-42a1-a295-bb6abb373d65,53.75665,-125.98591,14.64941,5.68524,-3.96572,-9.14401,-1.85945,4.36882,-4.84666,69.451766,1.93842,121.27976,-20.26215,NA,NA,NA,NA,NA,NA,2.17999,18.86283,-20.49409,NA,NA,NA,NA,NA,NA,-0.65078,-81.88717,4.75834,NA,NA,NA,NA,NA,NA,NA,NA,NA,NA,NA,NA,NA,NA,NA,NA,NA,NA,NA,NA,NA,NA,NA,NA,NA,NA,NA,NA,High,High,High,High,Medium,NA,NA,NA,NA,NA,NA,NA,NA,NA,NA,NA,NA,NA,NA,NA,NA,NA,NA,NA,NA,NA,NA,NA,NA,NA,NA,NA,NA,NA,NA,NA,NA,NA,NA,NA,NA,NA,NA,NA,NA,NA,NA,NA,NA,NA,NA,NA,NA,NA,NA,NA,NA,NA,NA,NA,NA
NA,NA,NA,NA,NA,NA,NA,NA,NA,NA,NA,NA,NA,NA,NA,NA,170,2025-06-03,19:37:49,2,1,"Lindsey, Austin",1000250969,Right,VIC_HAR,"Phelps, Robert",1000435056,Right,EDM_RIV,Undefined,5,Bottom,1,0,0,Undefined,Four-Seam,BallCalled,Undefined,Undefined,Undefined,0,0,NA,87.21637,-3.6841,-3.919422,2277.946311,216.359333,01:15:00,5.69753,1.62913,6.57752,-18.25092,18.73686,12.67611,0.78748,-0.91238,77.80868,-7.232539,-1.620992,0.437724,NA,NA,NA,NA,NA,NA,NA,NA,NA,NA,NA,-7.96268,11.54284,-1.36413,50,5.43591,8.12116,-125.95767,-8.54973,-12.44236,32.10466,-14.13742,EDM_RIV,VIC_HAR,ReMaxField,WCL,WCL,20250603-ReMaxField-1,e94ecb00-40ec-11f0-a7a5-433c097ba25c,86.11002,NA,NA,9.40769,NA,NA,NA,NA,NA,NA,0bdbd4b3-898e-42a4-aa80-c2a84fb0bbcf,2025-06-04,02:37:49,2025-06-04T02:37:49Z,2025-06-04T02:37:49Z,NA,v3,NA,NA,NA,"Berezowski, Jai",1000335502,Right,VIC_HAR,762fb5f7-c5d2-4464-b085-007d31542866,53.91541,-126.95173,16.05233,5.69386,-8.11199,-7.06871,-1.62155,8.50641,-6.22118,NA,NA,NA,NA,NA,NA,NA,NA,NA,NA,NA,NA,NA,NA,NA,NA,NA,NA,NA,NA,NA,NA,NA,NA,NA,NA,NA,NA,NA,NA,NA,NA,NA,NA,NA,NA,NA,NA,NA,NA,NA,NA,NA,NA,NA,NA,NA,NA,NA,NA,High,High,High,NA,NA,NA,NA,NA,NA,NA,NA,NA,NA,NA,NA,NA,NA,NA,NA,NA,NA,NA,NA,NA,NA,NA,NA,NA,NA,NA,NA,NA,NA,NA,NA,NA,NA,NA,NA,NA,NA,NA,NA,NA,NA,NA,NA,NA,NA,NA,NA,NA,NA,NA,NA,NA,NA,NA,NA,NA,NA
NA,NA,NA,NA,NA,NA,NA,NA,NA,NA,NA,NA,NA,NA,NA,NA,171,2025-06-03,19:38:09,2,2,"Lindsey, Austin",1000250969,Right,VIC_HAR,"Phelps, Robert",1000435056,Right,EDM_RIV,Undefined,5,Bottom,1,1,0,Undefined,Curveball,BallCalled,Undefined,Undefined,Undefined,0,0,NA,75.31258,-0.075503,-1.360742,2469.039113,47.033451,07:30:00,5.50403,1.84717,6.45815,-57.86515,-8.94371,-11.43461,0.61256,-0.35593,68.78425,-10.772999,-3.441726,0.503409,NA,NA,NA,NA,NA,NA,NA,NA,NA,NA,NA,5.56181,-4.22075,-1.74613,50,5.47347,2.97291,-109.43748,-1.76626,6.61262,22.85094,-37.19222,EDM_RIV,VIC_HAR,ReMaxField,WCL,WCL,20250603-ReMaxField-1,f56100c0-40ec-11f0-a7a5-433c097ba25c,74.87438,NA,NA,6.52833,NA,NA,NA,NA,NA,NA,0bdbd4b3-898e-42a4-aa80-c2a84fb0bbcf,2025-06-04,02:38:09,2025-06-04T02:38:09Z,2025-06-04T02:38:09Z,NA,v3,NA,NA,NA,"Berezowski, Jai",1000335502,Right,VIC_HAR,1845718a-456e-4e8f-b9c8-3786fbb8afc2,54.04334,-110.27852,11.42547,5.51328,-0.3974,-18.59611,-1.85107,2.72953,3.30631,NA,NA,NA,NA,NA,NA,NA,NA,NA,NA,NA,NA,NA,NA,NA,NA,NA,NA,NA,NA,NA,NA,NA,NA,NA,NA,NA,NA,NA,NA,NA,NA,NA,NA,NA,NA,NA,NA,NA,NA,NA,NA,NA,NA,NA,NA,NA,NA,NA,NA,High,High,High,NA,NA,NA,NA,NA,NA,NA,NA,NA,NA,NA,NA,NA,NA,NA,NA,NA,NA,NA,NA,NA,NA,NA,NA,NA,NA,NA,NA,NA,NA,NA,NA,NA,NA,NA,NA,NA,NA,NA,NA,NA,NA,NA,NA,NA,NA,NA,NA,NA,NA,NA,NA,NA,NA,NA,NA,NA,NA
NA,NA,NA,NA,NA,NA,NA,NA,NA,NA,NA,NA,NA,NA,NA,NA,172,2025-06-03,19:38:25,2,3,"Lindsey, Austin",1000250969,Right,VIC_HAR,"Phelps, Robert",1000435056,Right,EDM_RIV,Undefined,5,Bottom,1,2,0,Undefined,Four-Seam,BallCalled,Undefined,Undefined,Undefined,0,0,NA,86.69532,-2.773283,-4.717992,2182.656218,221.116946,01:15:00,5.73421,1.81953,6.72701,-21.26737,15.68139,12.44839,1.41679,-1.46469,77.89311,-6.865927,-2.458214,0.437493,NA,NA,NA,NA,NA,NA,NA,NA,NA,NA,NA,-8.08709,9.60729,-1.51134,50,5.542,9.86464,-125.32312,-6.61601,-12.60477,30.04297,-17.19986,EDM_RIV,VIC_HAR,ReMaxField,WCL,WCL,20250603-ReMaxField-1,ff309980-40ec-11f0-a7a5-433c097ba25c,86.15548,NA,NA,8.8022,NA,NA,NA,NA,NA,NA,0bdbd4b3-898e-42a4-aa80-c2a84fb0bbcf,2025-06-04,02:38:25,2025-06-04T02:38:25Z,2025-06-04T02:38:25Z,NA,v3,NA,NA,NA,"Berezowski, Jai",1000335502,Right,VIC_HAR,00d2dc10-5c2d-4b22-9f6a-eddccc937278,53.76777,-126.22311,15.02148,5.73248,-6.10075,-8.59993,-1.81251,10.24224,-6.30239,NA,NA,NA,NA,NA,NA,NA,NA,NA,NA,NA,NA,NA,NA,NA,NA,NA,NA,NA,NA,NA,NA,NA,NA,NA,NA,NA,NA,NA,NA,NA,NA,NA,NA,NA,NA,NA,NA,NA,NA,NA,NA,NA,NA,NA,NA,NA,NA,NA,NA,High,High,High,NA,NA,NA,NA,NA,NA,NA,NA,NA,NA,NA,NA,NA,NA,NA,NA,NA,NA,NA,NA,NA,NA,NA,NA,NA,NA,NA,NA,NA,NA,NA,NA,NA,NA,NA,NA,NA,NA,NA,NA,NA,NA,NA,NA,NA,NA,NA,NA,NA,NA,NA,NA,NA,NA,NA,NA,NA,NA
NA,NA,NA,NA,NA,NA,NA,NA,NA,NA,NA,NA,NA,NA,NA,NA,173,2025-06-03,19:38:41,2,4,"Lindsey, Austin",1000250969,Right,VIC_HAR,"Phelps, Robert",1000435056,Right,EDM_RIV,Undefined,5,Bottom,1,3,0,Undefined,Sinker,StrikeCalled,Undefined,Undefined,Undefined,0,0,NA,86.53718,-2.264107,-4.477025,2210.230044,227.781789,01:30:00,5.67581,2.10387,6.67617,-22.26982,15.00005,14.89989,1.74137,-0.7584,77.3709,-6.552828,-1.772732,0.43939,NA,NA,NA,NA,NA,NA,NA,NA,NA,NA,NA,-9.36186,9.11107,-1.80883,50,5.51492,9.22491,-125.13809,-5.52591,-14.47391,31.13522,-18.08789,EDM_RIV,VIC_HAR,ReMaxField,WCL,WCL,20250603-ReMaxField-1,087641c0-40ed-11f0-a7a5-433c097ba25c,85.78352,NA,NA,9.16628,NA,NA,NA,NA,NA,NA,0bdbd4b3-898e-42a4-aa80-c2a84fb0bbcf,2025-06-04,02:38:41,2025-06-04T02:38:41Z,2025-06-04T02:38:41Z,NA,v3,NA,NA,NA,"Berezowski, Jai",1000335502,Right,VIC_HAR,9029137c-bbf6-47d8-9803-9195e9abf6c2,53.8189,-126.08468,15.56761,5.67456,-4.97599,-9.04394,-2.09598,9.66495,-7.23696,NA,NA,NA,NA,NA,NA,NA,NA,NA,NA,NA,NA,NA,NA,NA,NA,NA,NA,NA,NA,NA,NA,NA,NA,NA,NA,NA,NA,NA,NA,NA,NA,NA,NA,NA,NA,NA,NA,NA,NA,NA,NA,NA,NA,NA,NA,NA,NA,NA,NA,High,High,High,NA,NA,NA,NA,NA,NA,NA,NA,NA,NA,NA,NA,NA,NA,NA,NA,NA,NA,NA,NA,NA,NA,NA,NA,NA,NA,NA,NA,NA,NA,NA,NA,NA,NA,NA,NA,NA,NA,NA,NA,NA,NA,NA,NA,NA,NA,NA,NA,NA,NA,NA,NA,NA,NA,NA,NA,NA,NA
NA,NA,NA,NA,NA,NA,NA,NA,NA,NA,NA,NA,NA,NA,NA,NA,174,2025-06-03,19:39:07,2,5,"Lindsey, Austin",1000250969,Right,VIC_HAR,"Phelps, Robert",1000435056,Right,EDM_RIV,Undefined,5,Bottom,1,3,1,Undefined,Changeup,BallCalled,Walk,Undefined,Undefined,0,0,NA,86.42718,-2.930973,-3.585616,2034.228504,219.330108,01:15:00,5.76212,1.95257,6.67166,-22.96206,13.93461,10.33379,1.15953,-0.47097,78.33818,-7.30419,-1.706823,0.437185,NA,NA,NA,NA,NA,NA,NA,NA,NA,NA,NA,-6.60044,8.66918,-1.71601,50,5.55608,7.46723,-125.20662,-7.02599,-10.3376,28.43434,-18.59632,EDM_RIV,VIC_HAR,ReMaxField,WCL,WCL,20250603-ReMaxField-1,17fbf360-40ed-11f0-a7a5-433c097ba25c,86.21625,NA,NA,8.08901,NA,NA,NA,NA,NA,NA,0bdbd4b3-898e-42a4-aa80-c2a84fb0bbcf,2025-06-04,02:39:07,2025-06-04T02:39:07Z,2025-06-04T02:39:07Z,NA,v3,NA,NA,NA,"Berezowski, Jai",1000335502,Right,VIC_HAR,51b2372a-67ba-4ce1-8f36-4485f7888881,53.82643,-126.07261,14.21717,5.76144,-6.45963,-9.29816,-1.94823,7.78207,-5.1688,NA,NA,NA,NA,NA,NA,NA,NA,NA,NA,NA,NA,NA,NA,NA,NA,NA,NA,NA,NA,NA,NA,NA,NA,NA,NA,NA,NA,NA,NA,NA,NA,NA,NA,NA,NA,NA,NA,NA,NA,NA,NA,NA,NA,NA,NA,NA,NA,NA,NA,High,High,High,NA,NA,NA,NA,NA,NA,NA,NA,NA,NA,NA,NA,NA,NA,NA,NA,NA,NA,NA,NA,NA,NA,NA,NA,NA,NA,NA,NA,NA,NA,NA,NA,NA,NA,NA,NA,NA,NA,NA,NA,NA,NA,NA,NA,NA,NA,NA,NA,NA,NA,NA,NA,NA,NA,NA,NA,NA,NA
NA,NA,NA,NA,NA,NA,NA,NA,NA,NA,NA,NA,NA,NA,NA,NA,175,2025-06-03,19:39:35,3,1,"Lindsey, Austin",1000250969,Right,VIC_HAR,"Yip, Kyle",1000435045,Right,EDM_RIV,Undefined,5,Bottom,1,0,0,Undefined,Four-Seam,BallCalled,Undefined,Undefined,Undefined,0,0,NA,86.79569,-3.706073,-4.714388,2180.716321,218.927835,01:15:00,5.70253,2.01864,6.73578,-20.58281,16.56824,12.1626,0.5846,-1.28536,77.57714,-7.680155,-2.505864,0.438689,NA,NA,NA,NA,NA,NA,NA,NA,NA,NA,NA,-8.05611,10.48997,-1.71143,50,5.44927,9.86754,-125.29033,-8.63692,-12.46232,31.63656,-15.9467,EDM_RIV,VIC_HAR,ReMaxField,WCL,WCL,20250603-ReMaxField-1,288f1d60-40ed-11f0-a7a5-433c097ba25c,85.9206,NA,NA,9.21855,NA,NA,NA,NA,NA,NA,0bdbd4b3-898e-42a4-aa80-c2a84fb0bbcf,2025-06-04,02:39:35,2025-06-04T02:39:35Z,2025-06-04T02:39:35Z,NA,v3,NA,NA,NA,"Berezowski, Jai",1000335502,Right,VIC_HAR,455a0c11-add2-49d1-8418-97dcbd2bf12c,53.75873,-126.23586,15.81828,5.70028,-8.16031,-7.97335,-2.01191,10.24,-6.23116,NA,NA,NA,NA,NA,NA,NA,NA,NA,NA,NA,NA,NA,NA,NA,NA,NA,NA,NA,NA,NA,NA,NA,NA,NA,NA,NA,NA,NA,NA,NA,NA,NA,NA,NA,NA,NA,NA,NA,NA,NA,NA,NA,NA,NA,NA,NA,NA,NA,NA,High,High,High,NA,NA,NA,NA,NA,NA,NA,NA,NA,NA,NA,NA,NA,NA,NA,NA,NA,NA,NA,NA,NA,NA,NA,NA,NA,NA,NA,NA,NA,NA,NA,NA,NA,NA,NA,NA,NA,NA,NA,NA,NA,NA,NA,NA,NA,NA,NA,NA,NA,NA,NA,NA,NA,NA,NA,NA,NA,NA
NA,NA,NA,NA,NA,NA,NA,NA,NA,NA,NA,NA,NA,NA,NA,NA,176,2025-06-03,19:39:55,3,2,"Lindsey, Austin",1000250969,Right,VIC_HAR,"Yip, Kyle",1000435045,Right,EDM_RIV,Undefined,5,Bottom,1,1,0,Undefined,Changeup,InPlay,Undefined,GroundBall,Out,1,0,NA,85.79793,-1.654638,-4.103341,2140.648509,232.677051,01:45:00,5.6217,2.23582,6.58193,-24.96391,12.89824,15.00938,2.02067,-0.28032,76.98532,-6.422454,-1.381611,0.442868,77.05463,-32.432364,-54.849224,NA,NA,NA,NA,4.89006,2.71103,-29.158178,0.035141,-9.29851,7.75583,-1.96,50,5.49761,8.34872,-124.22038,-4.26888,-14.20763,30.01571,-20.32352,EDM_RIV,VIC_HAR,ReMaxField,WCL,WCL,20250603-ReMaxField-1,34417fe0-40ed-11f0-a7a5-433c097ba25c,85.10996,2.13534,NA,8.81261,NA,NA,NA,2.3356,2.13534,0.36519,0bdbd4b3-898e-42a4-aa80-c2a84fb0bbcf,2025-06-04,02:39:55,2025-06-04T02:39:55Z,2025-06-04T02:39:55Z,GroundBall,v3,NA,NA,NA,"Berezowski, Jai",1000335502,Right,VIC_HAR,b43fb653-6f80-4440-91a6-9acfcf74f290,53.91525,-125.16286,15.00785,5.62163,-3.63074,-10.16176,-2.22915,8.79484,-7.10382,NA,2.33481,55.05697,NA,NA,NA,NA,NA,NA,NA,2.13622,-60.76434,NA,NA,NA,NA,NA,NA,NA,0.36631,-78.19076,NA,NA,NA,NA,NA,NA,NA,NA,NA,NA,NA,NA,NA,NA,NA,NA,NA,NA,NA,NA,NA,NA,NA,NA,NA,NA,NA,NA,NA,High,High,High,Low,Low,NA,NA,NA,NA,NA,NA,NA,NA,NA,NA,NA,NA,NA,NA,NA,NA,NA,NA,NA,NA,NA,NA,NA,NA,NA,NA,NA,NA,NA,NA,NA,NA,NA,NA,NA,NA,NA,NA,NA,NA,NA,NA,NA,NA,NA,NA,NA,NA,NA,NA,NA,NA,NA,NA,NA,NA
NA,NA,NA,NA,NA,NA,NA,NA,NA,NA,NA,NA,NA,NA,NA,NA,177,2025-06-03,19:40:32,4,1,"Lindsey, Austin",1000250969,Right,VIC_HAR,"Stagg, Max",1000435060,Right,EDM_RIV,Undefined,5,Bottom,2,0,0,Undefined,Changeup,StrikeCalled,Undefined,Undefined,Undefined,0,0,NA,85.43124,-1.959636,-4.312735,2098.595624,225.760816,01:30:00,5.71386,1.91889,6.65898,-23.74832,14.0695,13.04469,1.93578,-0.9481,77.2449,-6.493366,-1.945431,0.442608,NA,NA,NA,NA,NA,NA,NA,NA,NA,NA,NA,-8.17315,8.42859,-1.633,50,5.57217,8.83608,-123.70554,-4.86215,-12.4974,27.7269,-19.28608,EDM_RIV,VIC_HAR,ReMaxField,WCL,WCL,20250603-ReMaxField-1,4a54bea0-40ed-11f0-a7a5-433c097ba25c,85.1598,NA,NA,8.18633,NA,NA,NA,NA,NA,NA,0bdbd4b3-898e-42a4-aa80-c2a84fb0bbcf,2025-06-04,02:40:32,2025-06-04T02:40:32Z,2025-06-04T02:40:32Z,NA,v3,NA,NA,NA,"Berezowski, Jai",1000335502,Right,VIC_HAR,09907f3d-3c5d-49e1-9d75-551134de7f65,53.83712,-124.56261,13.86345,5.71324,-4.266,-9.64304,-1.9121,9.22239,-6.2487,NA,NA,NA,NA,NA,NA,NA,NA,NA,NA,NA,NA,NA,NA,NA,NA,NA,NA,NA,NA,NA,NA,NA,NA,NA,NA,NA,NA,NA,NA,NA,NA,NA,NA,NA,NA,NA,NA,NA,NA,NA,NA,NA,NA,NA,NA,NA,NA,NA,NA,High,High,High,NA,NA,NA,NA,NA,NA,NA,NA,NA,NA,NA,NA,NA,NA,NA,NA,NA,NA,NA,NA,NA,NA,NA,NA,NA,NA,NA,NA,NA,NA,NA,NA,NA,NA,NA,NA,NA,NA,NA,NA,NA,NA,NA,NA,NA,NA,NA,NA,NA,NA,NA,NA,NA,NA,NA,NA,NA,NA
NA,NA,NA,NA,NA,NA,NA,NA,NA,NA,NA,NA,NA,NA,NA,NA,178,2025-06-03,19:40:49,4,2,"Lindsey, Austin",1000250969,Right,VIC_HAR,"Stagg, Max",1000435060,Right,EDM_RIV,Undefined,5,Bottom,2,0,1,Undefined,Changeup,InPlay,Undefined,GroundBall,Single,0,1,NA,86.29968,-1.91789,-3.36748,2084.178881,234.307678,01:45:00,5.86377,1.92124,6.65305,-25.20104,11.3669,14.17883,2.00474,0.01733,78.97587,-6.682337,-0.789075,0.435233,96.33637,-6.118307,-25.878892,NA,NA,NA,NA,19.14114,18.17327,-24.670915,0.126675,-8.49296,6.89252,-1.69996,50,5.72417,6.86557,-125.28833,-4.89549,-13.46597,25.90135,-21.24564,EDM_RIV,VIC_HAR,ReMaxField,WCL,WCL,20250603-ReMaxField-1,54ca5b60-40ed-11f0-a7a5-433c097ba25c,86.60296,2.14046,NA,7.32381,NA,NA,NA,1.75722,2.14046,-0.11673,0bdbd4b3-898e-42a4-aa80-c2a84fb0bbcf,2025-06-04,02:40:49,2025-06-04T02:40:49Z,2025-06-04T02:40:49Z,GroundBall,v3,NA,NA,NA,"Berezowski, Jai",1000335502,Right,VIC_HAR,723b196f-86da-4dc2-8398-2868cf5cafb9,53.84751,-126.08123,12.95068,5.86407,-4.24511,-10.62282,-1.91644,7.27779,-6.73299,85.547871,1.75751,126.36966,-23.1633,NA,NA,NA,NA,NA,NA,2.14058,-15.07177,-14.42632,NA,NA,NA,NA,NA,NA,-0.11648,-61.34496,-6.39004,NA,NA,NA,NA,NA,NA,NA,NA,NA,NA,NA,NA,NA,NA,NA,NA,NA,NA,NA,NA,NA,NA,NA,NA,NA,NA,NA,NA,High,High,High,High,High,NA,NA,NA,NA,NA,NA,NA,NA,NA,NA,NA,NA,NA,NA,NA,NA,NA,NA,NA,NA,NA,NA,NA,NA,NA,NA,NA,NA,NA,NA,NA,NA,NA,NA,NA,NA,NA,NA,NA,NA,NA,NA,NA,NA,NA,NA,NA,NA,NA,NA,NA,NA,NA,NA,NA,NA
NA,NA,NA,NA,NA,NA,NA,NA,NA,NA,NA,NA,NA,NA,NA,NA,179,2025-06-03,19:41:34,5,1,"Lindsey, Austin",1000250969,Right,VIC_HAR,"Green, Jason",1000435054,Left,EDM_RIV,Undefined,5,Bottom,2,0,0,Undefined,Curveball,BallCalled,Undefined,Undefined,Undefined,0,0,NA,73.90241,0.975777,0.206263,2474.743233,50.438615,07:45:00,5.50537,2.15676,6.00548,-57.37649,-6.80292,-9.9952,1.62815,1.51493,68.61221,-9.532588,-1.596175,0.511839,NA,NA,NA,NA,NA,NA,NA,NA,NA,NA,NA,5.19607,-3.2926,-2.16757,50,5.5507,-0.04515,-107.52807,0.1225,6.11107,17.85642,-36.04642,EDM_RIV,VIC_HAR,ReMaxField,WCL,WCL,20250603-ReMaxField-1,6f5fedf0-40ed-11f0-a7a5-433c097ba25c,73.64121,NA,NA,5.29021,NA,NA,NA,NA,NA,NA,0bdbd4b3-898e-42a4-aa80-c2a84fb0bbcf,2025-06-04,02:41:34,2025-06-04T02:41:34Z,2025-06-04T02:41:34Z,NA,v3,NA,NA,NA,"Berezowski, Jai",1000335502,Right,VIC_HAR,65a9bafc-63f8-4abb-b054-d6d02708626a,54.4974,-108.27235,8.92821,5.51428,1.62495,-18.02321,-2.16037,-0.29987,3.05553,NA,NA,NA,NA,NA,NA,NA,NA,NA,NA,NA,NA,NA,NA,NA,NA,NA,NA,NA,NA,NA,NA,NA,NA,NA,NA,NA,NA,NA,NA,NA,NA,NA,NA,NA,NA,NA,NA,NA,NA,NA,NA,NA,NA,NA,NA,NA,NA,NA,NA,High,High,High,NA,NA,NA,NA,NA,NA,NA,NA,NA,NA,NA,NA,NA,NA,NA,NA,NA,NA,NA,NA,NA,NA,NA,NA,NA,NA,NA,NA,NA,NA,NA,NA,NA,NA,NA,NA,NA,NA,NA,NA,NA,NA,NA,NA,NA,NA,NA,NA,NA,NA,NA,NA,NA,NA,NA,NA,NA,NA
NA,NA,NA,NA,NA,NA,NA,NA,NA,NA,NA,NA,NA,NA,NA,NA,180,2025-06-03,19:41:53,5,2,"Lindsey, Austin",1000250969,Right,VIC_HAR,"Green, Jason",1000435054,Left,EDM_RIV,Undefined,5,Bottom,2,1,0,Undefined,Changeup,InPlay,Undefined,GroundBall,Error,0,0,NA,86.18252,-1.995283,-2.96971,1956.716155,237.949426,02:00:00,5.75859,2.3021,6.56231,-26.67616,10.76308,14.93056,1.70313,0.82128,77.55635,-7.059415,-0.256908,0.440388,93.48552,-5.720259,14.707765,NA,NA,NA,NA,17.71901,8.56193,10.781744,0.118738,-8.86906,6.73323,-2.10333,50,5.60979,5.92083,-124.92212,-5.10395,-13.71727,30.15116,-21.76012,EDM_RIV,VIC_HAR,ReMaxField,WCL,WCL,20250603-ReMaxField-1,7ac05fe0-40ed-11f0-a7a5-433c097ba25c,85.58925,1.62425,NA,8.62618,NA,NA,NA,1.72268,1.62425,-0.80211,0bdbd4b3-898e-42a4-aa80-c2a84fb0bbcf,2025-06-04,02:41:53,2025-06-04T02:41:53Z,2025-06-04T02:41:53Z,GroundBall,v3,NA,NA,NA,"Berezowski, Jai",1000335502,Right,VIC_HAR,2f43ec67-4a2c-4aa2-a017-841ff783fc82,53.9354,-125.86838,15.07558,5.75926,-4.42103,-10.88006,-2.2959,6.35134,-6.85864,180,1.72026,132.08558,NA,NA,NA,NA,NA,NA,NA,1.6245,-13.67929,NA,NA,NA,NA,NA,NA,NA,-0.80274,34.67114,NA,NA,NA,NA,NA,NA,NA,NA,NA,NA,NA,NA,NA,NA,NA,NA,NA,NA,NA,NA,NA,NA,NA,NA,NA,NA,NA,NA,NA,High,High,High,High,Medium,NA,NA,NA,NA,NA,NA,NA,NA,NA,NA,NA,NA,NA,NA,NA,NA,NA,NA,NA,NA,NA,NA,NA,NA,NA,NA,NA,NA,NA,NA,NA,NA,NA,NA,NA,NA,NA,NA,NA,NA,NA,NA,NA,NA,NA,NA,NA,NA,NA,NA,NA,NA,NA,NA,NA,NA
NA,NA,NA,NA,NA,NA,NA,NA,NA,NA,NA,NA,NA,NA,NA,NA,181,2025-06-03,19:42:32,6,1,"Lindsey, Austin",1000250969,Right,VIC_HAR,"Middlemiss, Mitchell",1000120734,Right,EDM_RIV,Undefined,5,Bottom,2,0,0,Undefined,Changeup,BallCalled,Undefined,Undefined,Undefined,0,0,NA,85.29723,-2.664354,-3.176959,2098.515073,221.219511,01:15:00,5.60558,2.05762,6.68747,-22.94545,15.36284,12.11886,1.25113,0.1589,76.31066,-7.078358,-0.971482,0.445469,NA,NA,NA,NA,NA,NA,NA,NA,NA,NA,NA,-7.49725,9.48154,-1.84971,50,5.41841,6.40082,-123.48332,-6.328,-11.26661,30.71368,-17.92552,EDM_RIV,VIC_HAR,ReMaxField,WCL,WCL,20250603-ReMaxField-1,91e3d620-40ed-11f0-a7a5-433c097ba25c,84.61291,NA,NA,8.98656,NA,NA,NA,NA,NA,NA,0bdbd4b3-898e-42a4-aa80-c2a84fb0bbcf,2025-06-04,02:42:32,2025-06-04T02:42:32Z,2025-06-04T02:42:32Z,NA,v3,NA,NA,NA,"Berezowski, Jai",1000335502,Right,VIC_HAR,0529b709-de76-4db2-ae21-7619bf1932f7,53.80777,-124.42681,15.35684,5.60434,-5.77735,-8.96276,-2.05166,6.74692,-5.63331,NA,NA,NA,NA,NA,NA,NA,NA,NA,NA,NA,NA,NA,NA,NA,NA,NA,NA,NA,NA,NA,NA,NA,NA,NA,NA,NA,NA,NA,NA,NA,NA,NA,NA,NA,NA,NA,NA,NA,NA,NA,NA,NA,NA,NA,NA,NA,NA,NA,NA,High,High,High,NA,NA,NA,NA,NA,NA,NA,NA,NA,NA,NA,NA,NA,NA,NA,NA,NA,NA,NA,NA,NA,NA,NA,NA,NA,NA,NA,NA,NA,NA,NA,NA,NA,NA,NA,NA,NA,NA,NA,NA,NA,NA,NA,NA,NA,NA,NA,NA,NA,NA,NA,NA,NA,NA,NA,NA,NA,NA
NA,NA,NA,NA,NA,NA,NA,NA,NA,NA,NA,NA,NA,NA,NA,NA,182,2025-06-03,19:42:50,6,2,"Lindsey, Austin",1000250969,Right,VIC_HAR,"Middlemiss, Mitchell",1000120734,Right,EDM_RIV,Undefined,5,Bottom,2,1,0,Undefined,Sinker,StrikeSwinging,Undefined,Undefined,Undefined,0,0,NA,86.31173,-2.524764,-2.530825,2041.22586,228.641967,01:30:00,5.79348,2.03559,6.62438,-22.51285,14.67324,15.08182,1.60172,0.97342,77.75092,-6.83507,0.213361,0.438896,NA,NA,NA,NA,NA,NA,NA,NA,NA,NA,NA,-8.75189,8.96615,-1.86937,50,5.61281,4.95896,-125.11812,-6.10732,-13.60551,29.78968,-18.23546,EDM_RIV,VIC_HAR,ReMaxField,WCL,WCL,20250603-ReMaxField-1,9ca262c0-40ed-11f0-a7a5-433c097ba25c,85.88014,NA,NA,8.56081,NA,NA,NA,NA,NA,NA,0bdbd4b3-898e-42a4-aa80-c2a84fb0bbcf,2025-06-04,02:42:50,2025-06-04T02:42:50Z,2025-06-04T02:42:50Z,NA,v3,NA,NA,NA,"Berezowski, Jai",1000335502,Right,VIC_HAR,4ee5c8ff-9727-43de-8bee-b88649c471ab,53.87227,-126.0367,14.89484,5.79246,-5.54501,-9.11773,-2.02875,5.3785,-6.80276,NA,NA,NA,NA,NA,NA,NA,NA,NA,NA,NA,NA,NA,NA,NA,NA,NA,NA,NA,NA,NA,NA,NA,NA,NA,NA,NA,NA,NA,NA,NA,NA,NA,NA,NA,NA,NA,NA,NA,NA,NA,NA,NA,NA,NA,NA,NA,NA,NA,NA,High,High,High,NA,NA,NA,NA,NA,NA,NA,NA,NA,NA,NA,NA,NA,NA,NA,NA,NA,NA,NA,NA,NA,NA,NA,NA,NA,NA,NA,NA,NA,NA,NA,NA,NA,NA,NA,NA,NA,NA,NA,NA,NA,NA,NA,NA,NA,NA,NA,NA,NA,NA,NA,NA,NA,NA,NA,NA,NA,NA
NA,NA,NA,NA,NA,NA,NA,NA,NA,NA,NA,NA,NA,NA,NA,NA,183,2025-06-03,19:43:06,6,3,"Lindsey, Austin",1000250969,Right,VIC_HAR,"Middlemiss, Mitchell",1000120734,Right,EDM_RIV,Undefined,5,Bottom,2,1,1,Undefined,Changeup,BallinDirt,Undefined,Undefined,Undefined,0,0,NA,78.89974,-2.991639,-3.472225,1466.679014,250.087325,02:15:00,5.72523,2.0248,6.51087,-37.98959,6.33587,13.33079,-0.1935,-0.05461,72.33673,-10.053075,-1.050017,0.479179,NA,NA,NA,NA,NA,NA,NA,NA,NA,NA,NA,-8.13111,4.63138,-1.7881,50,5.49944,6.49965,-114.3699,-7.02321,-10.67393,22.84868,-26.09432,EDM_RIV,VIC_HAR,ReMaxField,WCL,WCL,20250603-ReMaxField-1,a6adf310-40ed-11f0-a7a5-433c097ba25c,78.66043,NA,NA,6.56301,NA,NA,NA,NA,NA,NA,0bdbd4b3-898e-42a4-aa80-c2a84fb0bbcf,2025-06-04,02:43:06,2025-06-04T02:43:06Z,2025-06-04T02:43:06Z,NA,v3,NA,NA,NA,"Berezowski, Jai",1000335502,Right,VIC_HAR,06052a8a-dbb8-4b59-81c7-02f0ca1578eb,53.98982,-115.16422,11.42434,5.72782,-6.11606,-13.04716,-2.02051,6.87072,-5.33697,NA,NA,NA,NA,NA,NA,NA,NA,NA,NA,NA,NA,NA,NA,NA,NA,NA,NA,NA,NA,NA,NA,NA,NA,NA,NA,NA,NA,NA,NA,NA,NA,NA,NA,NA,NA,NA,NA,NA,NA,NA,NA,NA,NA,NA,NA,NA,NA,NA,NA,High,High,High,NA,NA,NA,NA,NA,NA,NA,NA,NA,NA,NA,NA,NA,NA,NA,NA,NA,NA,NA,NA,NA,NA,NA,NA,NA,NA,NA,NA,NA,NA,NA,NA,NA,NA,NA,NA,NA,NA,NA,NA,NA,NA,NA,NA,NA,NA,NA,NA,NA,NA,NA,NA,NA,NA,NA,NA,NA,NA
NA,NA,NA,NA,NA,NA,NA,NA,NA,NA,NA,NA,NA,NA,NA,NA,184,2025-06-03,19:43:36,6,4,"Lindsey, Austin",1000250969,Right,VIC_HAR,"Middlemiss, Mitchell",1000120734,Right,EDM_RIV,Undefined,5,Bottom,2,2,1,Undefined,Changeup,StrikeSwinging,Undefined,Undefined,Undefined,0,0,NA,86.50758,-1.057984,-3.907643,2226.50208,227.907803,01:30:00,5.7816,2.06411,6.57597,-23.2697,13.77048,13.73725,2.8704,-0.37822,77.89966,-5.510109,-1.416978,0.438034,NA,NA,NA,NA,NA,NA,NA,NA,NA,NA,NA,-8.54146,7.97437,-1.80109,50,5.69903,8.0533,-125.37127,-2.9428,-13.35793,29.46277,-19.70296,EDM_RIV,VIC_HAR,ReMaxField,WCL,WCL,20250603-ReMaxField-1,b8632ee0-40ed-11f0-a7a5-433c097ba25c,86.0491,NA,NA,8.60792,NA,NA,NA,NA,NA,NA,0bdbd4b3-898e-42a4-aa80-c2a84fb0bbcf,2025-06-04,02:43:36,2025-06-04T02:43:36Z,2025-06-04T02:43:36Z,NA,v3,NA,NA,NA,"Berezowski, Jai",1000335502,Right,VIC_HAR,b10a91e0-e478-40f7-9adc-4875a237d9a6,53.92241,-126.28969,14.73138,5.78118,-2.32862,-9.85148,-2.05862,8.4697,-6.67897,NA,NA,NA,NA,NA,NA,NA,NA,NA,NA,NA,NA,NA,NA,NA,NA,NA,NA,NA,NA,NA,NA,NA,NA,NA,NA,NA,NA,NA,NA,NA,NA,NA,NA,NA,NA,NA,NA,NA,NA,NA,NA,NA,NA,NA,NA,NA,NA,NA,NA,High,High,High,NA,NA,NA,NA,NA,NA,NA,NA,NA,NA,NA,NA,NA,NA,NA,NA,NA,NA,NA,NA,NA,NA,NA,NA,NA,NA,NA,NA,NA,NA,NA,NA,NA,NA,NA,NA,NA,NA,NA,NA,NA,NA,NA,NA,NA,NA,NA,NA,NA,NA,NA,NA,NA,NA,NA,NA,NA,NA
NA,NA,NA,NA,NA,NA,NA,NA,NA,NA,NA,NA,NA,NA,NA,NA,185,2025-06-03,19:43:59,6,5,"Lindsey, Austin",1000250969,Right,VIC_HAR,"Middlemiss, Mitchell",1000120734,Right,EDM_RIV,Undefined,5,Bottom,2,2,2,Undefined,Curveball,BallCalled,Undefined,Undefined,Undefined,0,0,NA,72.12628,4.550288,1.021664,2345.436729,40.87129,07:15:00,5.72182,1.89064,6.60343,-65.37102,-11.51524,-11.77579,4.45206,1.84533,64.40271,-7.682048,-1.118636,0.528187,NA,NA,NA,NA,NA,NA,NA,NA,NA,NA,NA,6.45693,-6.88705,-1.95637,50,6.00809,-1.46851,-104.41131,6.53039,6.92245,22.30031,-39.55759,EDM_RIV,VIC_HAR,ReMaxField,WCL,WCL,20250603-ReMaxField-1,c62e8650-40ed-11f0-a7a5-433c097ba25c,71.36192,NA,NA,7.72357,NA,NA,NA,NA,NA,NA,0bdbd4b3-898e-42a4-aa80-c2a84fb0bbcf,2025-06-04,02:43:59,2025-06-04T02:43:59Z,2025-06-04T02:43:59Z,NA,v3,NA,NA,NA,"Berezowski, Jai",1000335502,Right,VIC_HAR,cdfe869e-fa3c-485e-9948-af16c1c293e0,53.89542,-105.24001,11.15016,5.73811,8.00038,-19.7788,-1.89702,-1.72576,3.46123,NA,NA,NA,NA,NA,NA,NA,NA,NA,NA,NA,NA,NA,NA,NA,NA,NA,NA,NA,NA,NA,NA,NA,NA,NA,NA,NA,NA,NA,NA,NA,NA,NA,NA,NA,NA,NA,NA,NA,NA,NA,NA,NA,NA,NA,NA,NA,NA,NA,NA,High,High,High,NA,NA,NA,NA,NA,NA,NA,NA,NA,NA,NA,NA,NA,NA,NA,NA,NA,NA,NA,NA,NA,NA,NA,NA,NA,NA,NA,NA,NA,NA,NA,NA,NA,NA,NA,NA,NA,NA,NA,NA,NA,NA,NA,NA,NA,NA,NA,NA,NA,NA,NA,NA,NA,NA,NA,NA,NA,NA
NA,NA,NA,NA,NA,NA,NA,NA,NA,NA,NA,NA,NA,NA,NA,NA,186,2025-06-03,19:44:21,6,6,"Lindsey, Austin",1000250969,Right,VIC_HAR,"Middlemiss, Mitchell",1000120734,Right,EDM_RIV,Undefined,5,Bottom,2,3,2,Undefined,Changeup,FoulBallNotFieldable,Undefined,Undefined,Undefined,0,0,NA,86.38729,-1.923187,-3.176443,2113.502842,227.166658,01:30:00,5.69675,1.88308,6.7765,-23.1756,13.84351,13.40127,2.00613,0.09664,77.53729,-6.377867,-0.733508,0.43791,NA,NA,NA,NA,NA,NA,NA,NA,NA,NA,NA,-8.22378,8.39985,-1.68063,50,5.56246,6.46376,-125.22991,-4.80008,-12.7575,30.74178,-19.14345,EDM_RIV,VIC_HAR,ReMaxField,WCL,WCL,20250603-ReMaxField-1,d32ddb30-40ed-11f0-a7a5-433c097ba25c,86.07355,NA,NA,8.85,NA,NA,NA,NA,NA,NA,0bdbd4b3-898e-42a4-aa80-c2a84fb0bbcf,2025-06-04,02:44:21,2025-06-04T02:44:21Z,2025-06-04T02:44:21Z,NA,v3,NA,NA,NA,"Berezowski, Jai",1000335502,Right,VIC_HAR,f0a631fe-4d32-42ce-b9c7-71d98439ae73,53.72112,-126.14007,15.37089,5.69619,-4.23331,-9.57173,-1.87759,6.84147,-6.37875,NA,NA,NA,NA,NA,NA,NA,NA,NA,NA,NA,NA,NA,NA,NA,NA,NA,NA,NA,NA,NA,NA,NA,NA,NA,NA,NA,NA,NA,NA,NA,NA,NA,NA,NA,NA,NA,NA,NA,NA,NA,NA,NA,NA,NA,NA,NA,NA,NA,NA,High,High,High,NA,NA,NA,NA,NA,NA,NA,NA,NA,NA,NA,NA,NA,NA,NA,NA,NA,NA,NA,NA,NA,NA,NA,NA,NA,NA,NA,NA,NA,NA,NA,NA,NA,NA,NA,NA,NA,NA,NA,NA,NA,NA,NA,NA,NA,NA,NA,NA,NA,NA,NA,NA,NA,NA,NA,NA,NA,NA
NA,NA,NA,NA,NA,NA,NA,NA,NA,NA,NA,NA,NA,NA,NA,NA,187,2025-06-03,19:44:44,6,7,"Lindsey, Austin",1000250969,Right,VIC_HAR,"Middlemiss, Mitchell",1000120734,Right,EDM_RIV,Undefined,5,Bottom,2,3,2,Undefined,Sinker,InPlay,Undefined,FlyBall,Out,1,0,NA,86.36341,-0.695385,-3.590901,2074.849869,230.024522,01:45:00,5.72886,1.94419,6.76905,-22.33249,14.71308,15.85887,3.23153,-0.01766,77.33123,-5.009861,-0.703354,0.438066,91.51104,37.502952,11.568584,4305.1082050000005,105.50579,78.53579,31.12082,273.63454,254.14223,25.009426,5.147301,-9.65221,8.42674,-1.71499,50,5.67481,7.27648,-125.2011,-2.07873,-14.96755,30.71104,-19.10682,EDM_RIV,VIC_HAR,ReMaxField,WCL,WCL,20250603-ReMaxField-1,e090d3e0-40ed-11f0-a7a5-433c097ba25c,86.04282,95.98273,NA,9.03218,NA,NA,NA,2.06427,3.24824,0.01919,0bdbd4b3-898e-42a4-aa80-c2a84fb0bbcf,2025-06-04,02:44:44,2025-06-04T02:44:44Z,2025-06-04T02:44:44Z,FlyBall,v3,NA,NA,NA,"Berezowski, Jai",1000335502,Right,VIC_HAR,4ce82498-0bdf-47be-affe-35300629ede8,53.72847,-126.11235,15.35552,5.72808,-1.5118,-9.55341,-1.93748,7.7206,-7.48378,206.567559,2.0679,104.24251,-27.04649,6.68652,-1.36927,0.24956,-0.04092,0.00483,-2.6e-4,3.25057,81.65765,-20.41135,0.9433,0.34113,-0.24274,0.06704,-0.00873,4.4e-4,0.01829,21.37244,2.74006,-1.39566,0.40851,-0.09153,0.01531,-0.00162,8e-5,NA,NA,NA,NA,NA,NA,NA,NA,NA,NA,NA,NA,NA,NA,NA,NA,NA,NA,NA,NA,NA,NA,High,High,High,High,Medium,NA,NA,NA,NA,NA,NA,NA,NA,NA,NA,NA,NA,NA,NA,NA,NA,NA,NA,NA,NA,NA,NA,NA,NA,NA,NA,NA,NA,NA,NA,NA,NA,NA,NA,NA,NA,NA,NA,NA,NA,NA,NA,NA,NA,NA,NA,NA,NA,NA,NA,NA,NA,NA,NA,NA,NA
NA,NA,NA,NA,NA,NA,NA,NA,NA,NA,NA,NA,NA,NA,NA,NA,188,2025-06-03,19:47:32,1,1,"Chamberlain, Myles",1000332456,Right,EDM_RIV,"McAfee, Xander",830171,Right,VIC_HAR,Undefined,6,Top,0,0,0,Undefined,Four-Seam,StrikeSwinging,Undefined,Undefined,Undefined,0,0,NA,88.83785,-1.228026,-2.907268,2199.903988,215.662549,01:15:00,5.83782,1.20175,5.99273,-18.12855,17.46812,11.65363,3.18742,-0.52367,80.49619,-4.690397,-0.815013,0.429414,NA,NA,NA,NA,NA,NA,NA,NA,NA,NA,NA,-6.78591,9.67012,-0.97846,50,5.73084,6.03586,-128.77611,-3.27646,-11.30773,28.65715,-16.06023,EDM_RIV,VIC_HAR,ReMaxField,WCL,WCL,20250603-ReMaxField-1,44877ed0-40ee-11f0-a7a5-433c097ba25c,87.77643,NA,NA,8.34166,NA,NA,NA,NA,NA,NA,0bdbd4b3-898e-42a4-aa80-c2a84fb0bbcf,2025-06-04,02:47:32,2025-06-04T02:47:32Z,2025-06-04T02:47:32Z,NA,v3,NA,NA,NA,"Green, Jason",1000435054,Right,EDM_RIV,f1c06a5f-be68-48a5-adc7-7affaef313a2,54.50284,-129.77428,14.32857,5.83522,-2.71706,-8.03012,-1.19556,6.42972,-5.65387,NA,NA,NA,NA,NA,NA,NA,NA,NA,NA,NA,NA,NA,NA,NA,NA,NA,NA,NA,NA,NA,NA,NA,NA,NA,NA,NA,NA,NA,NA,NA,NA,NA,NA,NA,NA,NA,NA,NA,NA,NA,NA,NA,NA,NA,NA,NA,NA,NA,NA,High,High,High,NA,NA,NA,NA,NA,NA,NA,NA,NA,NA,NA,NA,NA,NA,NA,NA,NA,NA,NA,NA,NA,NA,NA,NA,NA,NA,NA,NA,NA,NA,NA,NA,NA,NA,NA,NA,NA,NA,NA,NA,NA,NA,NA,NA,NA,NA,NA,NA,NA,NA,NA,NA,NA,NA,NA,NA,NA,NA
NA,NA,NA,NA,NA,NA,NA,NA,NA,NA,NA,NA,NA,NA,NA,NA,189,2025-06-03,19:47:47,1,2,"Chamberlain, Myles",1000332456,Right,EDM_RIV,"McAfee, Xander",830171,Right,VIC_HAR,Undefined,6,Top,0,0,1,Undefined,Sinker,BallCalled,Undefined,Undefined,Undefined,0,0,NA,89.37571,-1.003001,-4.546429,2379.751568,239.421434,02:00:00,5.90717,0.93382,6.03745,-23.63958,11.84272,17.81584,3.00546,-1.80013,80.36917,-5.469671,-1.352124,0.428723,NA,NA,NA,NA,NA,NA,NA,NA,NA,NA,NA,-10.5069,6.79347,-0.58727,50,5.81609,9.49996,-129.26391,-3.01404,-17.50274,30.82973,-20.8573,EDM_RIV,VIC_HAR,ReMaxField,WCL,WCL,20250603-ReMaxField-1,4dd76040-40ee-11f0-a7a5-433c097ba25c,87.91784,NA,NA,9.00654,NA,NA,NA,NA,NA,NA,0bdbd4b3-898e-42a4-aa80-c2a84fb0bbcf,2025-06-04,02:47:47,2025-06-04T02:47:47Z,2025-06-04T02:47:47Z,NA,v3,NA,NA,NA,"Green, Jason",1000435054,Right,EDM_RIV,9f64bc2b-8661-4e52-b7fe-0a4e61b09866,54.45807,-130.32283,15.41487,5.90731,-2.29765,-10.42865,-0.92389,10.10114,-8.75137,NA,NA,NA,NA,NA,NA,NA,NA,NA,NA,NA,NA,NA,NA,NA,NA,NA,NA,NA,NA,NA,NA,NA,NA,NA,NA,NA,NA,NA,NA,NA,NA,NA,NA,NA,NA,NA,NA,NA,NA,NA,NA,NA,NA,NA,NA,NA,NA,NA,NA,High,High,High,NA,NA,NA,NA,NA,NA,NA,NA,NA,NA,NA,NA,NA,NA,NA,NA,NA,NA,NA,NA,NA,NA,NA,NA,NA,NA,NA,NA,NA,NA,NA,NA,NA,NA,NA,NA,NA,NA,NA,NA,NA,NA,NA,NA,NA,NA,NA,NA,NA,NA,NA,NA,NA,NA,NA,NA,NA,NA
NA,NA,NA,NA,NA,NA,NA,NA,NA,NA,NA,NA,NA,NA,NA,NA,190,2025-06-03,19:48:03,1,3,"Chamberlain, Myles",1000332456,Right,EDM_RIV,"McAfee, Xander",830171,Right,VIC_HAR,Undefined,6,Top,0,1,1,Undefined,Sinker,StrikeCalled,Undefined,Undefined,Undefined,0,0,NA,88.31177,-0.874556,-3.423264,2331.478613,238.789405,02:00:00,5.88234,1.03166,5.90132,-23.54545,13.1117,19.29741,3.10683,-0.5419,78.9891,-5.335483,0.035439,0.435763,NA,NA,NA,NA,NA,NA,NA,NA,NA,NA,NA,-10.90808,7.40311,-0.76657,50,5.7987,6.79309,-127.79097,-2.69045,-17.64571,31.67374,-20.1982,EDM_RIV,VIC_HAR,ReMaxField,WCL,WCL,20250603-ReMaxField-1,5767a610-40ee-11f0-a7a5-433c097ba25c,86.49751,NA,NA,9.32268,NA,NA,NA,NA,NA,NA,0bdbd4b3-898e-42a4-aa80-c2a84fb0bbcf,2025-06-04,02:48:03,2025-06-04T02:48:03Z,2025-06-04T02:48:03Z,NA,v3,NA,NA,NA,"Green, Jason",1000435054,Right,EDM_RIV,c29f65e2-c04a-4522-b4ab-1934bc7aadb4,54.59328,-128.92441,15.83687,5.88205,-1.96765,-10.0991,-1.02096,7.42454,-8.82286,NA,NA,NA,NA,NA,NA,NA,NA,NA,NA,NA,NA,NA,NA,NA,NA,NA,NA,NA,NA,NA,NA,NA,NA,NA,NA,NA,NA,NA,NA,NA,NA,NA,NA,NA,NA,NA,NA,NA,NA,NA,NA,NA,NA,NA,NA,NA,NA,NA,NA,High,High,High,NA,NA,NA,NA,NA,NA,NA,NA,NA,NA,NA,NA,NA,NA,NA,NA,NA,NA,NA,NA,NA,NA,NA,NA,NA,NA,NA,NA,NA,NA,NA,NA,NA,NA,NA,NA,NA,NA,NA,NA,NA,NA,NA,NA,NA,NA,NA,NA,NA,NA,NA,NA,NA,NA,NA,NA,NA,NA
NA,NA,NA,NA,NA,NA,NA,NA,NA,NA,NA,NA,NA,NA,NA,NA,191,2025-06-03,19:48:20,1,4,"Chamberlain, Myles",1000332456,Right,EDM_RIV,"McAfee, Xander",830171,Right,VIC_HAR,Undefined,6,Top,0,1,2,Undefined,Slider,InPlay,Undefined,GroundBall,Single,0,0,NA,82.05728,0.244835,-1.87036,2609.923738,191.58498,12:30:00,5.24765,1.60205,5.64639,-38.38038,4.22937,0.54705,2.27779,-0.0976,73.99239,-6.855429,-1.772619,0.469814,98.48467,-5.229695,-24.919228,NA,NA,NA,NA,21.55927,21.12065,-22.340016,0.140498,-0.90146,2.49004,-1.44369,50,5.24418,3.86136,-118.91793,-0.76927,-1.26657,26.80188,-28.67541,EDM_RIV,VIC_HAR,ReMaxField,WCL,WCL,20250603-ReMaxField-1,6190a970-40ee-11f0-a7a5-433c097ba25c,80.22845,2.35094,NA,8.06489,NA,NA,NA,2.17172,2.35094,0.14902,0bdbd4b3-898e-42a4-aa80-c2a84fb0bbcf,2025-06-04,02:48:20,2025-06-04T02:48:20Z,2025-06-04T02:48:20Z,GroundBall,v3,NA,NA,NA,"Green, Jason",1000435054,Right,EDM_RIV,799d376a-746d-46fa-aedd-d0a8a71bccb7,54.85093,-120.00626,13.40094,5.25178,0.39513,-14.3377,-1.60153,3.91279,-0.63328,19.720662,2.17246,130.38157,-27.88193,NA,NA,NA,NA,NA,NA,2.35171,-13.2377,-24.95672,NA,NA,NA,NA,NA,NA,0.14889,-60.59401,8.60429,NA,NA,NA,NA,NA,NA,NA,NA,NA,NA,NA,NA,NA,NA,NA,NA,NA,NA,NA,NA,NA,NA,NA,NA,NA,NA,NA,NA,High,High,High,High,High,NA,NA,NA,NA,NA,NA,NA,NA,NA,NA,NA,NA,NA,NA,NA,NA,NA,NA,NA,NA,NA,NA,NA,NA,NA,NA,NA,NA,NA,NA,NA,NA,NA,NA,NA,NA,NA,NA,NA,NA,NA,NA,NA,NA,NA,NA,NA,NA,NA,NA,NA,NA,NA,NA,NA,NA
NA,NA,NA,NA,NA,NA,NA,NA,NA,NA,NA,NA,NA,NA,NA,NA,192,2025-06-03,19:48:55,2,1,"Chamberlain, Myles",1000332456,Right,EDM_RIV,"Hepburn, Kyle",1000133394,Right,VIC_HAR,Undefined,6,Top,0,0,0,Undefined,Four-Seam,StrikeCalled,Undefined,Undefined,Undefined,0,0,NA,88.31617,-1.91448,-2.935601,2222.820445,216.71289,01:15:00,5.89792,0.93638,5.89827,-20.30596,15.95517,10.9415,2.4254,-0.87955,79.94291,-5.761216,-0.974189,0.433403,NA,NA,NA,NA,NA,NA,NA,NA,NA,NA,NA,-6.44217,9.1126,-0.70601,50,5.73208,6.08561,-127.92446,-4.89072,-10.56716,28.88441,-17.22652,EDM_RIV,VIC_HAR,ReMaxField,WCL,WCL,20250603-ReMaxField-1,7614bcb0-40ee-11f0-a7a5-433c097ba25c,86.96855,NA,NA,8.37326,NA,NA,NA,NA,NA,NA,0bdbd4b3-898e-42a4-aa80-c2a84fb0bbcf,2025-06-04,02:48:55,2025-06-04T02:48:55Z,2025-06-04T02:48:55Z,NA,v3,NA,NA,NA,"Green, Jason",1000435054,Right,EDM_RIV,843ab215-a74f-4dcc-af25-39379589dd73,54.59709,-128.95827,14.44221,5.8961,-4.27415,-8.61326,-0.93059,6.46383,-5.28358,NA,NA,NA,NA,NA,NA,NA,NA,NA,NA,NA,NA,NA,NA,NA,NA,NA,NA,NA,NA,NA,NA,NA,NA,NA,NA,NA,NA,NA,NA,NA,NA,NA,NA,NA,NA,NA,NA,NA,NA,NA,NA,NA,NA,NA,NA,NA,NA,NA,NA,High,High,High,NA,NA,NA,NA,NA,NA,NA,NA,NA,NA,NA,NA,NA,NA,NA,NA,NA,NA,NA,NA,NA,NA,NA,NA,NA,NA,NA,NA,NA,NA,NA,NA,NA,NA,NA,NA,NA,NA,NA,NA,NA,NA,NA,NA,NA,NA,NA,NA,NA,NA,NA,NA,NA,NA,NA,NA,NA,NA
NA,NA,NA,NA,NA,NA,NA,NA,NA,NA,NA,NA,NA,NA,NA,NA,193,2025-06-03,19:49:13,2,2,"Chamberlain, Myles",1000332456,Right,EDM_RIV,"Hepburn, Kyle",1000133394,Right,VIC_HAR,Undefined,6,Top,0,0,1,Undefined,Sinker,StrikeCalled,Undefined,Undefined,Undefined,0,0,NA,87.85068,-2.241164,-2.926669,2211.85606,224.901015,01:30:00,5.8322,1.08218,5.75945,-21.90812,14.77583,13.47965,1.91666,-0.52102,79.93493,-6.352013,-0.515569,0.435923,NA,NA,NA,NA,NA,NA,NA,NA,NA,NA,NA,-7.69741,8.5526,-0.84763,50,5.63299,5.92872,-127.28453,-5.68251,-12.55641,27.50909,-18.2226,EDM_RIV,VIC_HAR,ReMaxField,WCL,WCL,20250603-ReMaxField-1,80dda990-40ee-11f0-a7a5-433c097ba25c,86.46585,NA,NA,7.91575,NA,NA,NA,NA,NA,NA,0bdbd4b3-898e-42a4-aa80-c2a84fb0bbcf,2025-06-04,02:49:13,2025-06-04T02:49:13Z,2025-06-04T02:49:13Z,NA,v3,NA,NA,NA,"Green, Jason",1000435054,Right,EDM_RIV,da926369-2401-4baa-9d89-f17d2b22e5b0,54.738,-128.30443,13.75454,5.83114,-5.00691,-9.1113,-1.07607,6.39425,-6.27821,NA,NA,NA,NA,NA,NA,NA,NA,NA,NA,NA,NA,NA,NA,NA,NA,NA,NA,NA,NA,NA,NA,NA,NA,NA,NA,NA,NA,NA,NA,NA,NA,NA,NA,NA,NA,NA,NA,NA,NA,NA,NA,NA,NA,NA,NA,NA,NA,NA,NA,High,High,High,NA,NA,NA,NA,NA,NA,NA,NA,NA,NA,NA,NA,NA,NA,NA,NA,NA,NA,NA,NA,NA,NA,NA,NA,NA,NA,NA,NA,NA,NA,NA,NA,NA,NA,NA,NA,NA,NA,NA,NA,NA,NA,NA,NA,NA,NA,NA,NA,NA,NA,NA,NA,NA,NA,NA,NA,NA,NA
NA,NA,NA,NA,NA,NA,NA,NA,NA,NA,NA,NA,NA,NA,NA,NA,194,2025-06-03,19:49:31,2,3,"Chamberlain, Myles",1000332456,Right,EDM_RIV,"Hepburn, Kyle",1000133394,Right,VIC_HAR,Undefined,6,Top,0,0,2,Undefined,Sinker,BallCalled,Undefined,Undefined,Undefined,0,0,NA,89.10268,-2.049876,-4.338607,2131.585166,227.551088,01:30:00,5.90699,0.80029,6.04499,-20.91391,14.42918,14.46009,2.26009,-2.01914,81.01977,-5.999279,-1.744974,0.427882,NA,NA,NA,NA,NA,NA,NA,NA,NA,NA,NA,-8.60851,8.3676,-0.46889,50,5.73551,9.16155,-128.96607,-5.26198,-14.43249,27.95862,-18.14545,EDM_RIV,VIC_HAR,ReMaxField,WCL,WCL,20250603-ReMaxField-1,8c351ad0-40ee-11f0-a7a5-433c097ba25c,88.09079,NA,NA,8.0829,NA,NA,NA,NA,NA,NA,0bdbd4b3-898e-42a4-aa80-c2a84fb0bbcf,2025-06-04,02:49:31,2025-06-04T02:49:31Z,2025-06-04T02:49:31Z,NA,v3,NA,NA,NA,"Green, Jason",1000435054,Right,EDM_RIV,6db56fe3-0c29-49b6-a302-3bc817022929,54.45137,-129.9275,13.97931,5.90573,-4.638,-9.07273,-0.79247,9.65785,-7.21624,NA,NA,NA,NA,NA,NA,NA,NA,NA,NA,NA,NA,NA,NA,NA,NA,NA,NA,NA,NA,NA,NA,NA,NA,NA,NA,NA,NA,NA,NA,NA,NA,NA,NA,NA,NA,NA,NA,NA,NA,NA,NA,NA,NA,NA,NA,NA,NA,NA,NA,High,High,High,NA,NA,NA,NA,NA,NA,NA,NA,NA,NA,NA,NA,NA,NA,NA,NA,NA,NA,NA,NA,NA,NA,NA,NA,NA,NA,NA,NA,NA,NA,NA,NA,NA,NA,NA,NA,NA,NA,NA,NA,NA,NA,NA,NA,NA,NA,NA,NA,NA,NA,NA,NA,NA,NA,NA,NA,NA,NA
NA,NA,NA,NA,NA,NA,NA,NA,NA,NA,NA,NA,NA,NA,NA,NA,195,2025-06-03,19:49:50,2,4,"Chamberlain, Myles",1000332456,Right,EDM_RIV,"Hepburn, Kyle",1000133394,Right,VIC_HAR,Undefined,6,Top,0,1,2,Undefined,Curveball,BallCalled,Undefined,Undefined,Undefined,0,0,NA,77.93624,-0.642245,-3.479105,2482.730957,53.225692,07:45:00,5.89508,1.02208,5.35236,-53.20393,-4.00823,-8.25493,0.85792,-2.93291,69.13568,-10.3599,-4.944688,0.504818,NA,NA,NA,NA,NA,NA,NA,NA,NA,NA,NA,2.64626,-1.00886,-0.70282,50,5.80053,7.17583,-112.39045,-3.09807,3.23211,28.91076,-33.40623,EDM_RIV,VIC_HAR,ReMaxField,WCL,WCL,20250603-ReMaxField-1,978d7670-40ee-11f0-a7a5-433c097ba25c,74.66537,NA,NA,8.80056,NA,NA,NA,NA,NA,NA,0bdbd4b3-898e-42a4-aa80-c2a84fb0bbcf,2025-06-04,02:49:50,2025-06-04T02:49:50Z,2025-06-04T02:49:50Z,NA,v3,NA,NA,NA,"Green, Jason",1000435054,Right,EDM_RIV,a5a73a53-839f-440f-9b59-180494c1632e,55.13945,-113.70482,14.45538,5.90686,-1.57933,-16.70312,-1.02572,7.02889,1.61606,NA,NA,NA,NA,NA,NA,NA,NA,NA,NA,NA,NA,NA,NA,NA,NA,NA,NA,NA,NA,NA,NA,NA,NA,NA,NA,NA,NA,NA,NA,NA,NA,NA,NA,NA,NA,NA,NA,NA,NA,NA,NA,NA,NA,NA,NA,NA,NA,NA,NA,High,High,High,NA,NA,NA,NA,NA,NA,NA,NA,NA,NA,NA,NA,NA,NA,NA,NA,NA,NA,NA,NA,NA,NA,NA,NA,NA,NA,NA,NA,NA,NA,NA,NA,NA,NA,NA,NA,NA,NA,NA,NA,NA,NA,NA,NA,NA,NA,NA,NA,NA,NA,NA,NA,NA,NA,NA,NA,NA,NA
NA,NA,NA,NA,NA,NA,NA,NA,NA,NA,NA,NA,NA,NA,NA,NA,196,2025-06-03,19:50:13,2,5,"Chamberlain, Myles",1000332456,Right,EDM_RIV,"Hepburn, Kyle",1000133394,Right,VIC_HAR,Undefined,6,Top,0,2,2,Undefined,Sinker,InPlay,Undefined,GroundBall,FieldersChoice,1,0,NA,88.94094,-1.649473,-2.629305,2101.749905,228.343099,01:30:00,5.9183,0.96407,5.84585,-19.93785,16.26095,16.69855,2.72194,-0.08949,79.58644,-5.454279,0.36306,0.43303,74.78294,-42.025864,-36.461385,NA,NA,NA,NA,4.97396,2.6243,-20.453192,0.036999,-9.44831,9.2728,-0.75998,50,5.77259,5.19574,-128.76898,-4.31044,-15.49964,32.46573,-16.96235,EDM_RIV,VIC_HAR,ReMaxField,WCL,WCL,20250603-ReMaxField-1,a5373c20-40ee-11f0-a7a5-433c097ba25c,87.0434,2.72627,NA,9.35449,NA,NA,NA,2.22744,2.72627,0.05964,0bdbd4b3-898e-42a4-aa80-c2a84fb0bbcf,2025-06-04,02:50:13,2025-06-04T02:50:13Z,2025-06-04T02:50:13Z,GroundBall,v3,NA,NA,NA,"Green, Jason",1000435054,Right,EDM_RIV,485c13e6-4d46-4f20-b346-9e7210993cee,54.65088,-129.93629,16.23287,5.9166,-3.70056,-8.48117,-0.95681,5.75303,-7.74982,NA,2.22607,65.75705,NA,NA,NA,NA,NA,NA,NA,2.7278,-73.68495,NA,NA,NA,NA,NA,NA,NA,0.06065,-48.58911,NA,NA,NA,NA,NA,NA,NA,NA,NA,NA,NA,NA,NA,NA,NA,NA,NA,NA,NA,NA,NA,NA,NA,NA,NA,NA,NA,NA,NA,High,High,High,Low,Low,NA,NA,NA,NA,NA,NA,NA,NA,NA,NA,NA,NA,NA,NA,NA,NA,NA,NA,NA,NA,NA,NA,NA,NA,NA,NA,NA,NA,NA,NA,NA,NA,NA,NA,NA,NA,NA,NA,NA,NA,NA,NA,NA,NA,NA,NA,NA,NA,NA,NA,NA,NA,NA,NA,NA,NA
NA,NA,NA,NA,NA,NA,NA,NA,NA,NA,NA,NA,NA,NA,NA,NA,197,2025-06-03,19:50:53,3,1,"Chamberlain, Myles",1000332456,Right,EDM_RIV,"Shepherd, Logan",10291002,Right,VIC_HAR,Undefined,6,Top,1,0,0,Undefined,Four-Seam,StrikeCalled,Undefined,Undefined,Undefined,0,0,NA,87.41292,-1.621663,-3.671127,2276.609404,218.307073,01:15:00,5.93323,0.94926,5.80779,-20.5721,16.53458,12.03918,2.70731,-1.46614,79.22313,-5.512551,-1.51938,0.438427,NA,NA,NA,NA,NA,NA,NA,NA,NA,NA,NA,-7.17906,9.28126,-0.65466,50,5.78776,7.59805,-126.55292,-4.2097,-11.55171,27.71055,-17.23972,EDM_RIV,VIC_HAR,ReMaxField,WCL,WCL,20250603-ReMaxField-1,bcb3a7d0-40ee-11f0-a7a5-433c097ba25c,85.97198,NA,NA,8.18979,NA,NA,NA,NA,NA,NA,0bdbd4b3-898e-42a4-aa80-c2a84fb0bbcf,2025-06-04,02:50:53,2025-06-04T02:50:53Z,2025-06-04T02:50:53Z,NA,v3,NA,NA,NA,"Green, Jason",1000435054,Right,EDM_RIV,a03f1c8e-7bc0-477b-a46e-83b55697bcb8,54.68791,-127.57527,13.85528,5.93134,-3.57365,-8.61986,-0.94284,8.02425,-5.77585,NA,NA,NA,NA,NA,NA,NA,NA,NA,NA,NA,NA,NA,NA,NA,NA,NA,NA,NA,NA,NA,NA,NA,NA,NA,NA,NA,NA,NA,NA,NA,NA,NA,NA,NA,NA,NA,NA,NA,NA,NA,NA,NA,NA,NA,NA,NA,NA,NA,NA,High,High,High,NA,NA,NA,NA,NA,NA,NA,NA,NA,NA,NA,NA,NA,NA,NA,NA,NA,NA,NA,NA,NA,NA,NA,NA,NA,NA,NA,NA,NA,NA,NA,NA,NA,NA,NA,NA,NA,NA,NA,NA,NA,NA,NA,NA,NA,NA,NA,NA,NA,NA,NA,NA,NA,NA,NA,NA,NA,NA
NA,NA,NA,NA,NA,NA,NA,NA,NA,NA,NA,NA,NA,NA,NA,NA,198,2025-06-03,19:51:48,3,2,"Chamberlain, Myles",1000332456,Right,EDM_RIV,"Shepherd, Logan",10291002,Right,VIC_HAR,Undefined,6,Top,1,0,1,Undefined,Sinker,BallCalled,Undefined,Undefined,Undefined,1,0,NA,88.73855,-3.43497,-4.201167,2416.900964,229.527738,01:45:00,5.98644,0.90446,5.75428,-21.76399,14.76765,15.67654,0.96274,-1.707,79.89862,-7.530907,-1.402261,0.435017,NA,NA,NA,NA,NA,NA,NA,NA,NA,NA,NA,-9.24308,9.02591,-0.56449,50,5.68741,8.70744,-128.0915,-8.39586,-15.10245,30.54473,-17.42644,EDM_RIV,VIC_HAR,ReMaxField,WCL,WCL,20250603-ReMaxField-1,ddc00b30-40ee-11f0-a7a5-433c097ba25c,86.64593,NA,NA,8.83993,NA,NA,NA,NA,NA,NA,0bdbd4b3-898e-42a4-aa80-c2a84fb0bbcf,2025-06-04,02:51:48,2025-06-04T02:51:48Z,2025-06-04T02:51:48Z,NA,v3,NA,NA,NA,"Green, Jason",1000435054,Right,EDM_RIV,d2632b0a-7de5-4103-8ad5-45a55792e19e,54.74032,-129.21693,15.27237,5.98493,-7.75378,-8.71322,-0.89558,9.2639,-7.55122,NA,NA,NA,NA,NA,NA,NA,NA,NA,NA,NA,NA,NA,NA,NA,NA,NA,NA,NA,NA,NA,NA,NA,NA,NA,NA,NA,NA,NA,NA,NA,NA,NA,NA,NA,NA,NA,NA,NA,NA,NA,NA,NA,NA,NA,NA,NA,NA,NA,NA,High,High,High,NA,NA,NA,NA,NA,NA,NA,NA,NA,NA,NA,NA,NA,NA,NA,NA,NA,NA,NA,NA,NA,NA,NA,NA,NA,NA,NA,NA,NA,NA,NA,NA,NA,NA,NA,NA,NA,NA,NA,NA,NA,NA,NA,NA,NA,NA,NA,NA,NA,NA,NA,NA,NA,NA,NA,NA,NA,NA
NA,NA,NA,NA,NA,NA,NA,NA,NA,NA,NA,NA,NA,NA,NA,NA,199,2025-06-03,19:52:06,3,3,"Chamberlain, Myles",1000332456,Right,EDM_RIV,"Shepherd, Logan",10291002,Right,VIC_HAR,Undefined,6,Top,2,1,1,Undefined,Four-Seam,FoulBallNotFieldable,Undefined,Undefined,Undefined,0,0,NA,89.27302,-0.960427,-2.911736,2354.4072,217.470774,01:15:00,5.80066,1.11341,5.86613,-18.36162,17.16131,12.19111,3.37711,-0.57781,80.6208,-4.464069,-0.728201,0.428969,71.43914,22.657826,172.139777,3382.977404,-109.66965,18.6526,8.51488,160.12747,50.5488,176.909903,2.044324,-7.13618,9.4352,-0.88449,50,5.71226,6.05802,-129.38367,-2.71434,-11.95621,29.92005,-16.36596,EDM_RIV,VIC_HAR,ReMaxField,WCL,WCL,20250603-ReMaxField-1,e8505be0-40ee-11f0-a7a5-433c097ba25c,87.86752,21.25567,NA,8.65222,NA,NA,NA,1.66484,3.2605,0.57582,0bdbd4b3-898e-42a4-aa80-c2a84fb0bbcf,2025-06-04,02:52:06,2025-06-04T02:52:06Z,2025-06-04T02:52:06Z,LineDrive,v3,NA,NA,NA,"Green, Jason",1000435054,Right,EDM_RIV,a7c5453d-9436-4dad-aa6c-6aa84ff58a35,54.63117,-130.45024,14.96003,5.79862,-2.13094,-8.18298,-1.10804,6.48422,-5.9781,306.454875,1.66488,-95.78525,9.26862,-0.73405,0.17358,-0.13641,0.08261,-0.01648,1.9e-4,3.2605,40.36345,-25.08216,3.22974,-0.72709,0.19381,-0.06817,0.02012,-0.0026,0.57581,13.22414,-8.18333,2.90472,-0.89484,0.29161,-0.10472,0.02855,-0.00326,NA,NA,NA,NA,NA,NA,NA,NA,NA,NA,NA,NA,NA,NA,NA,NA,NA,NA,NA,NA,NA,NA,High,High,High,High,Low,NA,NA,NA,NA,NA,NA,NA,NA,NA,NA,NA,NA,NA,NA,NA,NA,NA,NA,NA,NA,NA,NA,NA,NA,NA,NA,NA,NA,NA,NA,NA,NA,NA,NA,NA,NA,NA,NA,NA,NA,NA,NA,NA,NA,NA,NA,NA,NA,NA,NA,NA,NA,NA,NA,NA,NA
NA,NA,NA,NA,NA,NA,NA,NA,NA,NA,NA,NA,NA,NA,NA,NA,200,2025-06-03,19:52:30,3,4,"Chamberlain, Myles",1000332456,Right,EDM_RIV,"Shepherd, Logan",10291002,Right,VIC_HAR,Undefined,6,Top,2,1,2,Undefined,Slider,BallCalled,Undefined,Undefined,Undefined,0,0,NA,81.45475,-0.140491,-3.782347,2652.482472,308.662216,04:15:00,5.38003,1.66115,5.60638,-42.79428,1.0532300000000001,0.84173,1.68242,-1.80455,72.96126,-8.02527,-3.632441,0.476589,NA,NA,NA,NA,NA,NA,NA,NA,NA,NA,NA,-1.77768,1.14957,-1.33771,50,5.3411,7.746,-117.69916,-1.75108,-2.42588,27.9968,-30.60529,EDM_RIV,VIC_HAR,ReMaxField,WCL,WCL,20250603-ReMaxField-1,f6af40c0-40ee-11f0-a7a5-433c097ba25c,79.08797,NA,NA,8.49349,NA,NA,NA,NA,NA,NA,0bdbd4b3-898e-42a4-aa80-c2a84fb0bbcf,2025-06-04,02:52:30,2025-06-04T02:52:30Z,2025-06-04T02:52:30Z,NA,v3,NA,NA,NA,"Green, Jason",1000435054,Right,EDM_RIV,099d0544-b93c-412a-8bee-49fab2922246,54.88741,-118.85603,13.9984,5.38733,-0.48642,-15.30264,-1.65986,7.84624,-1.21294,NA,NA,NA,NA,NA,NA,NA,NA,NA,NA,NA,NA,NA,NA,NA,NA,NA,NA,NA,NA,NA,NA,NA,NA,NA,NA,NA,NA,NA,NA,NA,NA,NA,NA,NA,NA,NA,NA,NA,NA,NA,NA,NA,NA,NA,NA,NA,NA,NA,NA,High,High,High,NA,NA,NA,NA,NA,NA,NA,NA,NA,NA,NA,NA,NA,NA,NA,NA,NA,NA,NA,NA,NA,NA,NA,NA,NA,NA,NA,NA,NA,NA,NA,NA,NA,NA,NA,NA,NA,NA,NA,NA,NA,NA,NA,NA,NA,NA,NA,NA,NA,NA,NA,NA,NA,NA,NA,NA,NA,NA
NA,NA,NA,NA,NA,NA,NA,NA,NA,NA,NA,NA,NA,NA,NA,NA,201,2025-06-03,19:52:49,3,5,"Chamberlain, Myles",1000332456,Right,EDM_RIV,"Shepherd, Logan",10291002,Right,VIC_HAR,Undefined,6,Top,2,2,2,Undefined,Sinker,StrikeCalled,Strikeout,Undefined,Undefined,0,0,NA,88.6939,-0.844137,-4.063944,2433.754534,239.385689,02:00:00,5.87902,0.98747,6.28688,-24.34442,12.06804,17.72048,3.07035,-1.28742,78.14985,-5.510817,-0.868455,0.434306,NA,NA,NA,NA,NA,NA,NA,NA,NA,NA,NA,-10.55489,7.02555,-0.69455,50,5.80532,8.32249,-128.10404,-2.60583,-16.88915,35.59449,-20.93228,EDM_RIV,VIC_HAR,ReMaxField,WCL,WCL,20250603-ReMaxField-1,021e31a0-40ef-11f0-a7a5-433c097ba25c,86.78765,NA,NA,10.54404,NA,NA,NA,NA,NA,NA,0bdbd4b3-898e-42a4-aa80-c2a84fb0bbcf,2025-06-04,02:52:49,2025-06-04T02:52:49Z,2025-06-04T02:52:49Z,NA,v3,NA,NA,NA,"Green, Jason",1000435054,Right,EDM_RIV,a4a93145-ceb3-4946-b028-ce592993a5d9,54.20322,-129.26665,17.79724,5.87927,-1.92212,-10.46614,-0.9754,8.87414,-8.44457,NA,NA,NA,NA,NA,NA,NA,NA,NA,NA,NA,NA,NA,NA,NA,NA,NA,NA,NA,NA,NA,NA,NA,NA,NA,NA,NA,NA,69.64969,NA,NA,1.021948,NA,NA,NA,-3.15657,5.97758,4.90392,78.82569,5.24495,45.95014,-3.10219,90.70538,-10.59017,5.98846,12.14026,-12.65642,4.91658,43.2908,-3.13762,High,High,High,NA,NA,High,Medium,Medium,NA,NA,NA,NA,NA,NA,NA,NA,NA,NA,NA,NA,NA,NA,NA,NA,NA,NA,NA,NA,NA,NA,NA,NA,NA,NA,NA,NA,NA,NA,NA,NA,NA,NA,NA,NA,NA,NA,NA,NA,NA,NA,NA,NA,NA,NA,NA,NA,NA,NA,NA,NA,NA
NA,NA,NA,NA,NA,NA,NA,NA,NA,NA,NA,NA,NA,NA,NA,NA,202,2025-06-03,19:55:39,1,1,"Ondus, John",1000301829,Right,VIC_HAR,"Fox, Jaxon",1000435053,Right,EDM_RIV,Undefined,6,Bottom,0,0,0,Undefined,Changeup,FoulBallNotFieldable,Undefined,Undefined,Undefined,0,0,NA,86.57921,-2.06726,-2.477148,2155.846608,222.253089,01:30:00,5.49002,1.6315,6.23216,-22.74958,14.618,12.04335,1.68446,0.3484,78.20037,-6.387107,-0.302595,0.439966,101.85908,-37.781655,-106.208835,NA,NA,NA,NA,2.87132,2.87132,-61.350739,0.0191,-7.05654,8.64386,-1.4524,50,5.32436,4.95538,-125.50897,-5.1839,-11.08139,29.07678,-18.59995,EDM_RIV,VIC_HAR,ReMaxField,WCL,WCL,20250603-ReMaxField-1,67a17000-40ef-11f0-a7a5-433c097ba25c,85.67129,1.75024,NA,8.37884,NA,NA,NA,2.00691,1.75024,-0.35165,0bdbd4b3-898e-42a4-aa80-c2a84fb0bbcf,2025-06-04,02:55:39,2025-06-04T02:55:39Z,2025-06-04T02:55:39Z,GroundBall,v3,NA,NA,NA,"Berezowski, Jai",1000335502,Right,VIC_HAR,87af2bb5-3765-4be3-9f74-a242c02d9afe,54.26536,-126.49327,14.53839,5.48919,-4.55426,-9.29998,-1.62649,5.33051,-5.5407,NA,2.00703,-32.99806,NA,NA,NA,NA,NA,NA,NA,1.75058,-91.6353,NA,NA,NA,NA,NA,NA,NA,-0.35123,-113.51473,NA,NA,NA,NA,NA,NA,NA,NA,NA,NA,NA,NA,NA,NA,NA,NA,NA,NA,NA,NA,NA,NA,NA,NA,NA,NA,NA,NA,NA,High,High,High,Estimated,Estimated,NA,NA,NA,NA,NA,NA,NA,NA,NA,NA,NA,NA,NA,NA,NA,NA,NA,NA,NA,NA,NA,NA,NA,NA,NA,NA,NA,NA,NA,NA,NA,NA,NA,NA,NA,NA,NA,NA,NA,NA,NA,NA,NA,NA,NA,NA,NA,NA,NA,NA,NA,NA,NA,NA,NA,NA
NA,NA,NA,NA,NA,NA,NA,NA,NA,NA,NA,NA,NA,NA,NA,NA,203,2025-06-03,19:56:14,1,2,"Ondus, John",1000301829,Right,VIC_HAR,"Fox, Jaxon",1000435053,Right,EDM_RIV,Undefined,6,Bottom,0,0,1,Undefined,Four-Seam,InPlay,Undefined,LineDrive,Double,0,0,NA,86.73919,-2.483582,-2.607594,2211.253302,215.428249,01:15:00,5.45184,1.43602,6.19307,-19.45788,17.99966,11.79607,1.53362,0.00995,78.00034,-6.2177,-0.480125,0.440495,98.43455,16.033657,7.182668,1646.042636,108.67441,24.53257,17.02486,281.27284,281.27284,12.378852,2.841743,-6.96685,10.54839,-1.24529,50,5.25477,5.24699,-125.62219,-5.97391,-10.91985,29.9912,-15.64051,EDM_RIV,VIC_HAR,ReMaxField,WCL,WCL,20250603-ReMaxField-1,7c166810-40ef-11f0-a7a5-433c097ba25c,85.56835,27.34584,NA,8.73884,NA,NA,NA,1.28603,1.58548,-0.02407,0bdbd4b3-898e-42a4-aa80-c2a84fb0bbcf,2025-06-04,02:56:14,2025-06-04T02:56:14Z,2025-06-04T02:56:14Z,LineDrive,v3,NA,NA,NA,"Berezowski, Jai",1000335502,Right,VIC_HAR,074ce5d4-2d99-432a-bf3e-1df2df468db2,54.30322,-126.64537,14.9956,5.44948,-5.44032,-7.82025,-1.43065,5.61953,-5.45992,223.020561,1.28604,137.66508,-23.02505,4.85576,-1.07118,0.22487,-0.04069,0.00513,-3.1e-4,1.58548,39.87524,-17.04201,1.57331,-0.34687,0.07584,-0.01296,0.00164,-1e-4,-0.02408,17.34895,2.43133,-0.62771,0.14771,-0.03206,0.00567,-7.2e-4,4e-5,NA,NA,NA,NA,NA,NA,NA,NA,NA,NA,NA,NA,NA,NA,NA,NA,NA,NA,NA,NA,NA,NA,High,High,High,High,High,NA,NA,NA,NA,NA,NA,NA,NA,NA,NA,NA,NA,NA,NA,NA,NA,NA,NA,NA,NA,NA,NA,NA,NA,NA,NA,NA,NA,NA,NA,NA,NA,NA,NA,NA,NA,NA,NA,NA,NA,NA,NA,NA,NA,NA,NA,NA,NA,NA,NA,NA,NA,NA,NA,NA,NA
NA,NA,NA,NA,NA,NA,NA,NA,NA,NA,NA,NA,NA,NA,NA,NA,204,2025-06-03,19:57:00,2,1,"Ondus, John",1000301829,Right,VIC_HAR,"Kodama, Anthony",1000134814,Left,EDM_RIV,Undefined,6,Bottom,0,0,0,Undefined,Changeup,BallCalled,Undefined,Undefined,Undefined,0,0,NA,85.3734,0.512585,-1.148177,2107.16472,213.639702,01:00:00,5.68768,1.5213,6.2183,-21.98568,16.36938,9.98367,4.32866,1.29361,76.89804,-3.696557,0.654237,0.445741,NA,NA,NA,NA,NA,NA,NA,NA,NA,NA,NA,-5.46398,8.68638,-1.4397200000000001,50,5.71501,2.07462,-123.86459,0.51158,-8.3681,28.02131,-18.87082,EDM_RIV,VIC_HAR,ReMaxField,WCL,WCL,20250603-ReMaxField-1,97622b40-40ef-11f0-a7a5-433c097ba25c,84.56127,NA,NA,8.47536,NA,NA,NA,NA,NA,NA,0bdbd4b3-898e-42a4-aa80-c2a84fb0bbcf,2025-06-04,02:57:00,2025-06-04T02:57:00Z,2025-06-04T02:57:00Z,NA,v3,NA,NA,NA,"Berezowski, Jai",1000335502,Right,VIC_HAR,4d1b7947-4c00-407a-a118-6417e49f32a6,54.27569,-124.82811,14.01065,5.68627,1.16046,-9.43541,-1.516,2.36236,-4.18405,NA,NA,NA,NA,NA,NA,NA,NA,NA,NA,NA,NA,NA,NA,NA,NA,NA,NA,NA,NA,NA,NA,NA,NA,NA,NA,NA,NA,NA,NA,NA,NA,NA,NA,NA,NA,NA,NA,NA,NA,NA,NA,NA,NA,NA,NA,NA,NA,NA,NA,High,High,High,NA,NA,NA,NA,NA,NA,NA,NA,NA,NA,NA,NA,NA,NA,NA,NA,NA,NA,NA,NA,NA,NA,NA,NA,NA,NA,NA,NA,NA,NA,NA,NA,NA,NA,NA,NA,NA,NA,NA,NA,NA,NA,NA,NA,NA,NA,NA,NA,NA,NA,NA,NA,NA,NA,NA,NA,NA,NA
NA,NA,NA,NA,NA,NA,NA,NA,NA,NA,NA,NA,NA,NA,NA,NA,205,2025-06-03,19:57:16,2,2,"Ondus, John",1000301829,Right,VIC_HAR,"Kodama, Anthony",1000134814,Left,EDM_RIV,Undefined,6,Bottom,0,1,0,Undefined,Four-Seam,BallCalled,Undefined,Undefined,Undefined,0,0,NA,86.31798,-3.429275,-3.251222,2120.046963,206.345183,01:00:00,5.54091,1.49067,6.14214,-20.55552,17.54654,7.95536,0.64999,-0.85412,77.54437,-7.351016,-1.819126,0.444269,NA,NA,NA,NA,NA,NA,NA,NA,NA,NA,NA,-5.24311,10.6743,-1.24683,50,5.26851,6.77402,-124.79996,-8.0543,-8.08668,30.28205,-15.71067,EDM_RIV,VIC_HAR,ReMaxField,WCL,WCL,20250603-ReMaxField-1,a1111ca0-40ef-11f0-a7a5-433c097ba25c,84.84156,NA,NA,8.77361,NA,NA,NA,NA,NA,NA,0bdbd4b3-898e-42a4-aa80-c2a84fb0bbcf,2025-06-04,02:57:16,2025-06-04T02:57:16Z,2025-06-04T02:57:16Z,NA,v3,NA,NA,NA,"Berezowski, Jai",1000335502,Right,VIC_HAR,37ae6aeb-86ed-4780-a44a-647fe535b5a4,54.35457,-125.85213,15.14102,5.53888,-7.50842,-7.85533,-1.48708,7.055,-4.04334,NA,NA,NA,NA,NA,NA,NA,NA,NA,NA,NA,NA,NA,NA,NA,NA,NA,NA,NA,NA,NA,NA,NA,NA,NA,NA,NA,NA,NA,NA,NA,NA,NA,NA,NA,NA,NA,NA,NA,NA,NA,NA,NA,NA,NA,NA,NA,NA,NA,NA,High,High,High,NA,NA,NA,NA,NA,NA,NA,NA,NA,NA,NA,NA,NA,NA,NA,NA,NA,NA,NA,NA,NA,NA,NA,NA,NA,NA,NA,NA,NA,NA,NA,NA,NA,NA,NA,NA,NA,NA,NA,NA,NA,NA,NA,NA,NA,NA,NA,NA,NA,NA,NA,NA,NA,NA,NA,NA,NA,NA
NA,NA,NA,NA,NA,NA,NA,NA,NA,NA,NA,NA,NA,NA,NA,NA,206,2025-06-03,19:57:33,2,3,"Ondus, John",1000301829,Right,VIC_HAR,"Kodama, Anthony",1000134814,Left,EDM_RIV,Undefined,6,Bottom,0,2,0,Undefined,Four-Seam,StrikeCalled,Undefined,Undefined,Undefined,0,0,NA,87.56121,-1.506137,-1.64601,2211.533724,197.568291,12:30:00,5.54259,1.51053,6.24925,-20.17119,16.79584,4.84485,2.47173,0.39582,77.9509,-5.397859,-0.770782,0.437601,NA,NA,NA,NA,NA,NA,NA,NA,NA,NA,NA,-3.07221,9.64249,-1.39026,50,5.4207,3.4395,-126.79483,-3.87115,-4.85846,32.82881,-16.92524,EDM_RIV,VIC_HAR,ReMaxField,WCL,WCL,20250603-ReMaxField-1,ab31e2a0-40ef-11f0-a7a5-433c097ba25c,86.13417,NA,NA,9.61031,NA,NA,NA,NA,NA,NA,0bdbd4b3-898e-42a4-aa80-c2a84fb0bbcf,2025-06-04,02:57:33,2025-06-04T02:57:33Z,2025-06-04T02:57:33Z,NA,v3,NA,NA,NA,"Berezowski, Jai",1000335502,Right,VIC_HAR,3d26a3ea-c6d9-4171-9fb2-d81dd03e1c0b,54.2425,-127.88855,16.4144,5.54027,-3.30727,-8.46262,-1.50755,3.60136,-2.42923,NA,NA,NA,NA,NA,NA,NA,NA,NA,NA,NA,NA,NA,NA,NA,NA,NA,NA,NA,NA,NA,NA,NA,NA,NA,NA,NA,NA,NA,NA,NA,NA,NA,NA,NA,NA,NA,NA,NA,NA,NA,NA,NA,NA,NA,NA,NA,NA,NA,NA,High,High,High,NA,NA,NA,NA,NA,NA,NA,NA,NA,NA,NA,NA,NA,NA,NA,NA,NA,NA,NA,NA,NA,NA,NA,NA,NA,NA,NA,NA,NA,NA,NA,NA,NA,NA,NA,NA,NA,NA,NA,NA,NA,NA,NA,NA,NA,NA,NA,NA,NA,NA,NA,NA,NA,NA,NA,NA,NA,NA
NA,NA,NA,NA,NA,NA,NA,NA,NA,NA,NA,NA,NA,NA,NA,NA,207,2025-06-03,19:57:49,2,4,"Ondus, John",1000301829,Right,VIC_HAR,"Kodama, Anthony",1000134814,Left,EDM_RIV,Undefined,6,Bottom,0,2,1,Undefined,Four-Seam,InPlay,Undefined,LineDrive,Single,0,0,NA,87.29675,-0.943479,-2.448255,2140.267533,209.893948,01:00:00,5.61925,1.54351,6.21788,-20.84678,15.67446,8.29193,3.01051,-0.02612,79.16808,-4.913788,-0.952391,0.434955,96.51604,13.94482,2.322391,780.367493,109.97412,21.11229,2.3604,254.02662,254.02662,-0.418806,2.47436,-5.06004,8.78552,-1.36421,50,5.53815,5.08982,-126.68383,-2.67824,-8.14698,28.11731,-18.02884,EDM_RIV,VIC_HAR,ReMaxField,WCL,WCL,20250603-ReMaxField-1,b4ccafc0-40ef-11f0-a7a5-433c097ba25c,86.65831,22.02928,NA,8.12867,NA,NA,NA,1.90544,3.09001,0.01049,0bdbd4b3-898e-42a4-aa80-c2a84fb0bbcf,2025-06-04,02:57:49,2025-06-04T02:57:49Z,2025-06-04T02:57:49Z,LineDrive,v3,NA,NA,NA,"Berezowski, Jai",1000335502,Right,VIC_HAR,0f581386-3fe4-4b5e-8274-7bf401ca20e1,54.28035,-127.63031,14.05865,5.61809,-2.07136,-9.01442,-1.54016,5.36407,-4.07349,147.066584,1.90545,137.27171,-21.47195,4.48632,-0.98269,0.20808,-0.03936,0.00531,-3.5e-4,3.09001,34.1133,-16.70889,1.49239,-0.33116,0.07302,-0.01318,0.00182,-1.3e-4,0.01049,5.56711,-3.92525,0.85541,-0.18872,0.04058,-0.00759,0.00102,-7e-5,NA,NA,NA,NA,NA,NA,NA,NA,NA,NA,NA,NA,NA,NA,NA,NA,NA,NA,NA,NA,NA,NA,High,High,High,High,High,NA,NA,NA,NA,NA,NA,NA,NA,NA,NA,NA,NA,NA,NA,NA,NA,NA,NA,NA,NA,NA,NA,NA,NA,NA,NA,NA,NA,NA,NA,NA,NA,NA,NA,NA,NA,NA,NA,NA,NA,NA,NA,NA,NA,NA,NA,NA,NA,NA,NA,NA,NA,NA,NA,NA,NA
NA,NA,NA,NA,NA,NA,NA,NA,NA,NA,NA,NA,NA,NA,NA,NA,208,2025-06-03,19:58:40,3,1,"Ondus, John",1000301829,Right,VIC_HAR,"Waters, Stephen",1000435058,Left,EDM_RIV,Undefined,6,Bottom,0,0,0,Undefined,Curveball,BallCalled,Undefined,Undefined,Undefined,0,0,NA,78.00629,0.329853,-0.31542,2285.707489,57.943437,08:00:00,5.58271,1.70142,5.2754200000000004,-52.67109,-4.41744,-10.08473,1.50328,0.56477,70.02959,-9.284609,-2.109304,0.499961,NA,NA,NA,NA,NA,NA,NA,NA,NA,NA,NA,4.89398,-1.72075,-1.66504,50,5.57476,1.03617,-112.9241,-1.18801,6.13747,26.07748,-34.33204,EDM_RIV,VIC_HAR,ReMaxField,WCL,WCL,20250603-ReMaxField-1,d30b7430-40ef-11f0-a7a5-433c097ba25c,75.39071,NA,NA,7.9767,NA,NA,NA,NA,NA,NA,0bdbd4b3-898e-42a4-aa80-c2a84fb0bbcf,2025-06-04,02:58:40,2025-06-04T02:58:40Z,2025-06-04T02:58:40Z,NA,v3,NA,NA,NA,"Berezowski, Jai",1000335502,Right,VIC_HAR,2f98140b-2b3f-4c14-ab01-b3a7f0b92abe,55.22061,-114.12332,13.03874,5.59309,0.39081,-17.16602,-1.7062,0.75393,3.06873,NA,NA,NA,NA,NA,NA,NA,NA,NA,NA,NA,NA,NA,NA,NA,NA,NA,NA,NA,NA,NA,NA,NA,NA,NA,NA,NA,NA,NA,NA,NA,NA,NA,NA,NA,NA,NA,NA,NA,NA,NA,NA,NA,NA,NA,NA,NA,NA,NA,NA,High,High,High,NA,NA,NA,NA,NA,NA,NA,NA,NA,NA,NA,NA,NA,NA,NA,NA,NA,NA,NA,NA,NA,NA,NA,NA,NA,NA,NA,NA,NA,NA,NA,NA,NA,NA,NA,NA,NA,NA,NA,NA,NA,NA,NA,NA,NA,NA,NA,NA,NA,NA,NA,NA,NA,NA,NA,NA,NA,NA
NA,NA,NA,NA,NA,NA,NA,NA,NA,NA,NA,NA,NA,NA,NA,NA,209,2025-06-03,19:58:52,3,2,"Ondus, John",1000301829,Right,VIC_HAR,"Waters, Stephen",1000435058,Left,EDM_RIV,Undefined,6,Bottom,0,1,0,Undefined,Four-Seam,BallCalled,Undefined,Undefined,Undefined,0,0,NA,85.99989,-0.979092,-3.849854,2072.349981,196.367102,12:30:00,5.59338,1.45634,6.28469,-21.16513,16.54194,4.47201,2.92512,-1.72449,77.86603,-5.016551,-3.044329,0.44196,NA,NA,NA,NA,NA,NA,NA,NA,NA,NA,NA,-3.48051,9.25985,-1.17412,50,5.51067,8.20335,-124.57326,-2.70446,-5.41458,27.36359,-17.76868,EDM_RIV,VIC_HAR,ReMaxField,WCL,WCL,20250603-ReMaxField-1,da517be0-40ef-11f0-a7a5-433c097ba25c,85.28478,NA,NA,8.13386,NA,NA,NA,NA,NA,NA,0bdbd4b3-898e-42a4-aa80-c2a84fb0bbcf,2025-06-04,02:58:52,2025-06-04T02:58:52Z,2025-06-04T02:58:52Z,NA,v3,NA,NA,NA,"Berezowski, Jai",1000335502,Right,VIC_HAR,e355dc2c-319e-4e8c-ac2a-ce27c5112e47,54.21026,-125.49467,13.6818,5.59166,-2.10613,-8.88434,-1.45343,8.38567,-2.70729,NA,NA,NA,NA,NA,NA,NA,NA,NA,NA,NA,NA,NA,NA,NA,NA,NA,NA,NA,NA,NA,NA,NA,NA,NA,NA,NA,NA,NA,NA,NA,NA,NA,NA,NA,NA,NA,NA,NA,NA,NA,NA,NA,NA,NA,NA,NA,NA,NA,NA,High,High,High,NA,NA,NA,NA,NA,NA,NA,NA,NA,NA,NA,NA,NA,NA,NA,NA,NA,NA,NA,NA,NA,NA,NA,NA,NA,NA,NA,NA,NA,NA,NA,NA,NA,NA,NA,NA,NA,NA,NA,NA,NA,NA,NA,NA,NA,NA,NA,NA,NA,NA,NA,NA,NA,NA,NA,NA,NA,NA
NA,NA,NA,NA,NA,NA,NA,NA,NA,NA,NA,NA,NA,NA,NA,NA,210,2025-06-03,19:59:10,3,3,"Ondus, John",1000301829,Right,VIC_HAR,"Waters, Stephen",1000435058,Left,EDM_RIV,Undefined,6,Bottom,0,2,0,Undefined,Four-Seam,FoulBallNotFieldable,Undefined,Undefined,Undefined,0,0,NA,86.92458,-0.57238,-1.99976,2106.444205,199.671123,12:45:00,5.53369,1.48276,6.20233,-21.11848,15.58229,5.13819,3.24513,0.06428,79.10056,-4.58579,-1.072834,0.436023,74.5564,21.861883,37.131938,3961.843116,81.84257,30.45362,73.49668,210.9048,157.0945,47.054244,2.930339,-3.25429,8.60441,-1.335,50,5.48001,4.20508,-126.22335,-1.86283,-5.22218,26.97341,-18.36654,EDM_RIV,VIC_HAR,ReMaxField,WCL,WCL,20250603-ReMaxField-1,e519a570-40ef-11f0-a7a5-433c097ba25c,86.44607,30.55453,NA,7.82402,NA,NA,NA,0.5752,3.26763,-0.00818,0bdbd4b3-898e-42a4-aa80-c2a84fb0bbcf,2025-06-04,02:59:10,2025-06-04T02:59:10Z,2025-06-04T02:59:10Z,LineDrive,v3,NA,NA,NA,"Berezowski, Jai",1000335502,Right,VIC_HAR,bdc6c034-b270-4a39-8ceb-7f73574dbae4,54.29584,-127.13804,13.48671,5.53262,-1.24001,-9.18327,-1.4806,4.38217,-2.61109,227.331663,0.57519,80.91101,-17.9381,3.89157,-0.76665,0.10957,-0.00648,-0.00105,1.9e-4,3.26765,40.71594,-16.16984,0.86071,-0.15215,0.05728,-0.01996,0.00453,-4.3e-4,-0.00813,61.25851,-3.86972,0.3547,0.01143,-0.01685,0.00526,-9.7e-4,9e-5,NA,NA,NA,NA,NA,NA,NA,NA,NA,NA,NA,NA,NA,NA,NA,NA,NA,NA,NA,NA,NA,NA,High,High,High,High,Medium,NA,NA,NA,NA,NA,NA,NA,NA,NA,NA,NA,NA,NA,NA,NA,NA,NA,NA,NA,NA,NA,NA,NA,NA,NA,NA,NA,NA,NA,NA,NA,NA,NA,NA,NA,NA,NA,NA,NA,NA,NA,NA,NA,NA,NA,NA,NA,NA,NA,NA,NA,NA,NA,NA,NA,NA
NA,NA,NA,NA,NA,NA,NA,NA,NA,NA,NA,NA,NA,NA,NA,NA,211,2025-06-03,19:59:39,3,4,"Ondus, John",1000301829,Right,VIC_HAR,"Waters, Stephen",1000435058,Left,EDM_RIV,Undefined,6,Bottom,0,2,1,Undefined,Changeup,InPlay,Undefined,GroundBall,FieldersChoice,1,1,NA,86.62611,-1.298281,-1.91486,2061.604369,219.428394,01:15:00,5.5626,1.38306,6.30725,-23.52671,13.17351,9.86193,2.40514,0.44019,79.18388,-5.739825,-0.131004,0.436019,66.70033,-25.056037,-6.324349,NA,NA,NA,NA,5.98836,5.98836,-9.550555,0.056588,-5.68437,7.58059,-1.24721,50,5.45602,3.82735,-125.8404,-3.53597,-9.09481,26.07002,-20.04536,EDM_RIV,VIC_HAR,ReMaxField,WCL,WCL,20250603-ReMaxField-1,f6598a30-40ef-11f0-a7a5-433c097ba25c,86.44673,2.35321,NA,7.44223,NA,NA,NA,0.90239,2.35321,-0.43909,0bdbd4b3-898e-42a4-aa80-c2a84fb0bbcf,2025-06-04,02:59:39,2025-06-04T02:59:39Z,2025-06-04T02:59:39Z,GroundBall,v3,NA,NA,NA,"Berezowski, Jai",1000335502,Right,VIC_HAR,a659946e-827a-4dfe-852e-ddd82e8160f5,54.19168,-126.70581,13.03501,5.56235,-2.87056,-10.02268,-1.37927,4.12926,-4.54741,NA,0.89939,88.41066,NA,NA,NA,NA,NA,NA,NA,2.35461,-41.58497,NA,NA,NA,NA,NA,NA,NA,-0.43876,-9.79866,NA,NA,NA,NA,NA,NA,NA,NA,NA,NA,NA,NA,NA,NA,NA,NA,NA,NA,NA,NA,NA,NA,NA,NA,NA,NA,NA,NA,NA,High,High,High,Estimated,Estimated,NA,NA,NA,NA,NA,NA,NA,NA,NA,NA,NA,NA,NA,NA,NA,NA,NA,NA,NA,NA,NA,NA,NA,NA,NA,NA,NA,NA,NA,NA,NA,NA,NA,NA,NA,NA,NA,NA,NA,NA,NA,NA,NA,NA,NA,NA,NA,NA,NA,NA,NA,NA,NA,NA,NA,NA
NA,NA,NA,NA,NA,NA,NA,NA,NA,NA,NA,NA,NA,NA,NA,NA,212,2025-06-03,20:00:19,4,1,"Ondus, John",1000301829,Right,VIC_HAR,"Yzermans, Grant",1000325816,Right,EDM_RIV,Undefined,6,Bottom,1,0,0,Undefined,Slider,StrikeCalled,Undefined,Undefined,Undefined,0,0,NA,77.50213,1.63687,-1.393978,2353.55658,69.218979,08:15:00,5.52984,1.5767,5.58399,-50.22444,-2.38591,-10.7919,2.87395,-0.62467,70.09722,-7.588096,-3.31967,0.497806,NA,NA,NA,NA,NA,NA,NA,NA,NA,NA,NA,4.9513,-1.16579,-1.44991,50,5.63842,3.15892,-112.31174,1.54775,6.21444,23.6354,-33.63726,EDM_RIV,VIC_HAR,ReMaxField,WCL,WCL,20250603-ReMaxField-1,0e217dd0-40f0-11f0-a7a5-433c097ba25c,75.71708,NA,NA,7.4049,NA,NA,NA,NA,NA,NA,0bdbd4b3-898e-42a4-aa80-c2a84fb0bbcf,2025-06-04,03:00:19,2025-06-04T03:00:19Z,2025-06-04T03:00:19Z,NA,v3,NA,NA,NA,"Berezowski, Jai",1000335502,Right,VIC_HAR,3ea42aa8-c590-4461-893e-d6d1b68e6d5d,54.91313,-113.34096,11.8177,5.53912,3.01252,-16.81863,-1.58158,2.88831,3.10722,NA,NA,NA,NA,NA,NA,NA,NA,NA,NA,NA,NA,NA,NA,NA,NA,NA,NA,NA,NA,NA,NA,NA,NA,NA,NA,NA,NA,NA,NA,NA,NA,NA,NA,NA,NA,NA,NA,NA,NA,NA,NA,NA,NA,NA,NA,NA,NA,NA,NA,High,High,High,NA,NA,NA,NA,NA,NA,NA,NA,NA,NA,NA,NA,NA,NA,NA,NA,NA,NA,NA,NA,NA,NA,NA,NA,NA,NA,NA,NA,NA,NA,NA,NA,NA,NA,NA,NA,NA,NA,NA,NA,NA,NA,NA,NA,NA,NA,NA,NA,NA,NA,NA,NA,NA,NA,NA,NA,NA,NA
NA,NA,NA,NA,NA,NA,NA,NA,NA,NA,NA,NA,NA,NA,NA,NA,213,2025-06-03,20:00:36,4,2,"Ondus, John",1000301829,Right,VIC_HAR,"Yzermans, Grant",1000325816,Right,EDM_RIV,Undefined,6,Bottom,1,0,1,Undefined,Four-Seam,InPlay,Undefined,FlyBall,Out,1,0,NA,87.07367,-2.053753,-1.960235,2228.668124,214.754085,01:15:00,5.51362,1.57606,6.36318,-19.97804,16.83107,10.73323,1.95688,0.66586,78.45127,-5.888316,-0.016989,0.436666,99.30738,21.773381,-10.397736,1615.304385,108.31797,39.25228,-19.16275,338.70915,331.08572,-10.110417,3.956583,-6.25429,9.8463,-1.43905,50,5.35562,3.90423,-126.27256,-5.06095,-9.91744,30.00127,-16.56078,EDM_RIV,VIC_HAR,ReMaxField,WCL,WCL,20250603-ReMaxField-1,185137f0-40f0-11f0-a7a5-433c097ba25c,86.31875,51.56118,NA,8.6224,NA,NA,NA,1.38984,1.92535,-0.6656,0bdbd4b3-898e-42a4-aa80-c2a84fb0bbcf,2025-06-04,03:00:36,2025-06-04T03:00:36Z,2025-06-04T03:00:36Z,LineDrive,v3,NA,NA,NA,"Berezowski, Jai",1000335502,Right,VIC_HAR,03e43b12-2232-4eb0-acb1-79b02b788481,54.1341,-127.251,15.00064,5.51186,-4.52085,-8.28039,-1.57165,4.22767,-4.95872,192.002408,1.38915,133.05822,-24.40019,5.7472,-1.33527,0.3231,-0.0688,0.00935,-5.4e-4,1.92624,54.00055,-15.30671,0.09139,0.30254,-0.15256,0.04087,-0.00516,2.3e-4,-0.66526,-24.42345,6.7565,-2.46016,0.72276,-0.19114,0.04047,-0.00532,3e-4,NA,NA,NA,NA,NA,NA,NA,NA,NA,NA,NA,NA,NA,NA,NA,NA,NA,NA,NA,NA,NA,NA,High,High,High,High,High,NA,NA,NA,NA,NA,NA,NA,NA,NA,NA,NA,NA,NA,NA,NA,NA,NA,NA,NA,NA,NA,NA,NA,NA,NA,NA,NA,NA,NA,NA,NA,NA,NA,NA,NA,NA,NA,NA,NA,NA,NA,NA,NA,NA,NA,NA,NA,NA,NA,NA,NA,NA,NA,NA,NA,NA
NA,NA,NA,NA,NA,NA,NA,NA,NA,NA,NA,NA,NA,NA,NA,NA,214,2025-06-03,20:01:16,5,1,"Ondus, John",1000301829,Right,VIC_HAR,"Phelps, Robert",1000435056,Right,EDM_RIV,Undefined,6,Bottom,2,0,0,Undefined,Four-Seam,StrikeCalled,Undefined,Undefined,Undefined,0,0,NA,86.726,-1.322069,-2.647317,2167.479832,217.128064,01:15:00,5.66399,1.58496,6.30619,-20.90796,16.48765,11.38961,2.70218,0.09351,77.6454,-5.342234,-0.589174,0.440131,NA,NA,NA,NA,NA,NA,NA,NA,NA,NA,NA,-6.74032,9.40382,-1.39544,50,5.55686,5.33868,-125.62322,-3.45768,-10.53344,30.68287,-17.47821,EDM_RIV,VIC_HAR,ReMaxField,WCL,WCL,20250603-ReMaxField-1,30648c70-40f0-11f0-a7a5-433c097ba25c,85.63916,NA,NA,9.08059,NA,NA,NA,NA,NA,NA,0bdbd4b3-898e-42a4-aa80-c2a84fb0bbcf,2025-06-04,03:01:16,2025-06-04T03:01:16Z,2025-06-04T03:01:16Z,NA,v3,NA,NA,NA,"Berezowski, Jai",1000335502,Right,VIC_HAR,60029f18-546b-4763-9a52-b18df6f33139,54.18708,-126.64177,15.34144,5.66201,-2.87748,-8.7391,-1.57846,5.68835,-5.26672,NA,NA,NA,NA,NA,NA,NA,NA,NA,NA,NA,NA,NA,NA,NA,NA,NA,NA,NA,NA,NA,NA,NA,NA,NA,NA,NA,NA,NA,NA,NA,NA,NA,NA,NA,NA,NA,NA,NA,NA,NA,NA,NA,NA,NA,NA,NA,NA,NA,NA,High,High,High,NA,NA,NA,NA,NA,NA,NA,NA,NA,NA,NA,NA,NA,NA,NA,NA,NA,NA,NA,NA,NA,NA,NA,NA,NA,NA,NA,NA,NA,NA,NA,NA,NA,NA,NA,NA,NA,NA,NA,NA,NA,NA,NA,NA,NA,NA,NA,NA,NA,NA,NA,NA,NA,NA,NA,NA,NA,NA
NA,NA,NA,NA,NA,NA,NA,NA,NA,NA,NA,NA,NA,NA,NA,NA,215,2025-06-03,20:01:39,5,2,"Ondus, John",1000301829,Right,VIC_HAR,"Phelps, Robert",1000435056,Right,EDM_RIV,Undefined,6,Bottom,2,0,1,Undefined,Curveball,InPlay,Undefined,GroundBall,Out,1,0,NA,75.82289,2.466448,-0.039779,2186.926735,49.868013,07:45:00,5.50923,1.61754,5.56473,-58.10275,-7.65989,-11.38532,2.97291,0.63161,68.01428,-8.20227,-2.072781,0.511177,95.47841,3.961552,-35.575592,2560.601409,NA,NA,NA,77.96486,73.9963,-37.347196,0.590459,5.74079,-4.21595,-1.60636,50,5.68405,0.50993,-109.8026,2.83476,6.82059,24.30369,-37.18297,EDM_RIV,VIC_HAR,ReMaxField,WCL,WCL,20250603-ReMaxField-1,3de34a80-40f0-11f0-a7a5-433c097ba25c,73.73658,4.04006,NA,7.80861,NA,NA,NA,1.91055,3.18096,-0.84699,0bdbd4b3-898e-42a4-aa80-c2a84fb0bbcf,2025-06-04,03:01:39,2025-06-04T03:01:39Z,2025-06-04T03:01:39Z,GroundBall,v3,NA,NA,NA,"Berezowski, Jai",1000335502,Right,VIC_HAR,57daccd9-d742-43ab-99ef-9ca70629f170,54.93412,-110.88934,12.15185,5.52012,4.4974,-18.59148,-1.62235,0.20495,3.4103,NA,1.93714,113.01801,-19.25905,NA,NA,NA,NA,NA,NA,3.2173,8.84235,-24.30067,NA,NA,NA,NA,NA,NA,-0.84025,-81.43195,4.64549,NA,NA,NA,NA,NA,NA,NA,NA,NA,NA,NA,NA,NA,NA,NA,NA,NA,NA,NA,NA,NA,NA,NA,NA,NA,NA,NA,NA,High,High,High,High,High,NA,NA,NA,NA,NA,NA,NA,NA,NA,NA,NA,NA,NA,NA,NA,NA,NA,NA,NA,NA,NA,NA,NA,NA,NA,NA,NA,NA,NA,NA,NA,NA,NA,NA,NA,NA,NA,NA,NA,NA,NA,NA,NA,NA,NA,NA,NA,NA,NA,NA,NA,NA,NA,NA,NA,NA
NA,NA,NA,NA,NA,NA,NA,NA,NA,NA,NA,NA,NA,NA,NA,NA,216,2025-06-03,20:04:09,1,1,"Chamberlain, Myles",1000332456,Right,EDM_RIV,"Beltowski, Tanner",10282482,Right,VIC_HAR,Undefined,7,Top,0,0,0,Undefined,Sinker,BallCalled,Undefined,Undefined,Undefined,0,0,NA,87.57389,-3.017498,-3.033338,2146.04201,237.30293,02:00:00,5.85557,1.10792,5.78304,-24.32364,13.00119,18.07296,1.01462,-0.21081,78.99139,-7.574536,0.202792,0.439714,NA,NA,NA,NA,NA,NA,NA,NA,NA,NA,NA,-10.18524,8.02012,-0.86853,50,5.59184,5.94045,-126.6793,-7.46811,-16.26727,30.01493,-19.36476,EDM_RIV,VIC_HAR,ReMaxField,WCL,WCL,20250603-ReMaxField-1,96ef9de0-40f0-11f0-a7a5-433c097ba25c,85.72035,NA,NA,8.58249,NA,NA,NA,NA,NA,NA,0bdbd4b3-898e-42a4-aa80-c2a84fb0bbcf,2025-06-04,03:04:09,2025-06-04T03:04:09Z,2025-06-04T03:04:09Z,NA,v3,NA,NA,NA,"Green, Jason",1000435054,Right,EDM_RIV,7179e560-1308-4505-9c96-1c7445282309,54.71409,-127.79136,15.00747,5.85524,-6.75064,-9.68238,-1.09979,6.54315,-8.13364,NA,NA,NA,NA,NA,NA,NA,NA,NA,NA,NA,NA,NA,NA,NA,NA,NA,NA,NA,NA,NA,NA,NA,NA,NA,NA,NA,NA,NA,NA,NA,NA,NA,NA,NA,NA,NA,NA,NA,NA,NA,NA,NA,NA,NA,NA,NA,NA,NA,NA,High,High,High,NA,NA,NA,NA,NA,NA,NA,NA,NA,NA,NA,NA,NA,NA,NA,NA,NA,NA,NA,NA,NA,NA,NA,NA,NA,NA,NA,NA,NA,NA,NA,NA,NA,NA,NA,NA,NA,NA,NA,NA,NA,NA,NA,NA,NA,NA,NA,NA,NA,NA,NA,NA,NA,NA,NA,NA,NA,NA
NA,NA,NA,NA,NA,NA,NA,NA,NA,NA,NA,NA,NA,NA,NA,NA,217,2025-06-03,20:04:22,1,2,"Chamberlain, Myles",1000332456,Right,EDM_RIV,"Beltowski, Tanner",10282482,Right,VIC_HAR,Undefined,7,Top,0,1,0,Undefined,Sinker,InPlay,Undefined,LineDrive,Single,0,0,NA,87.26367,-0.826153,-3.261019,2227.639207,244.20249,02:15:00,5.80478,1.10386,6.06341,-25.99974,11.48032,20.63997,2.87224,-0.19745,77.7473,-5.755057,0.451291,0.440627,103.45022,10.504197,-16.580261,1147.459923,103.99271,15.7664,-35.85351,238.62445,236.30279,-22.813588,2.112987,-11.85953,6.62355,-0.86184,50,5.72697,6.35459,-126.32857,-2.62196,-18.61769,32.58227,-21.7761,EDM_RIV,VIC_HAR,ReMaxField,WCL,WCL,20250603-ReMaxField-1,9f17a120-40f0-11f0-a7a5-433c097ba25c,85.54265,16.07964,NA,9.51637,NA,NA,NA,2.02518,2.97957,0.1905,0bdbd4b3-898e-42a4-aa80-c2a84fb0bbcf,2025-06-04,03:04:22,2025-06-04T03:04:22Z,2025-06-04T03:04:22Z,LineDrive,v3,NA,NA,NA,"Green, Jason",1000435054,Right,EDM_RIV,a432f669-19b8-4c4e-b4f6-371c13577f98,54.43407,-127.46706,16.29113,5.8053,-1.86106,-10.88805,-1.09524,7.00513,-9.30885,117.968312,2.02518,142.98105,-26.44226,5.29027,-1.15425,0.23688,-0.04605,0.00698,-5.5e-4,2.97957,27.66092,-15.49268,1.06221,-0.16656,0.03144,-0.0038,3.3e-4,-1e-5,0.1905,-42.57095,-2.88284,1.90149,-0.6328,0.1726,-0.03909,0.00642,-5.4e-4,NA,NA,NA,NA,NA,NA,NA,NA,NA,NA,NA,NA,NA,NA,NA,NA,NA,NA,NA,NA,NA,NA,High,High,High,High,High,NA,NA,NA,NA,NA,NA,NA,NA,NA,NA,NA,NA,NA,NA,NA,NA,NA,NA,NA,NA,NA,NA,NA,NA,NA,NA,NA,NA,NA,NA,NA,NA,NA,NA,NA,NA,NA,NA,NA,NA,NA,NA,NA,NA,NA,NA,NA,NA,NA,NA,NA,NA,NA,NA,NA,NA
NA,NA,NA,NA,NA,NA,NA,NA,NA,NA,NA,NA,NA,NA,NA,NA,218,2025-06-03,20:04:54,2,1,"Chamberlain, Myles",1000332456,Right,EDM_RIV,"Afework, Isaiah",10269851,Right,VIC_HAR,Undefined,7,Top,0,0,0,Undefined,Changeup,InPlay,Undefined,LineDrive,Out,2,0,NA,86.40948,-0.81512,-1.712651,2129.478864,236.754827,02:00:00,5.99691,1.02235,5.49222,-26.66446,11.80839,15.91603,3.01196,0.74609,78.07572,-5.784658,1.123456,0.446425,94.45459,9.518565,3.934209,1517.717275,109.01769,9.07012,14.66773,161.04312,141.24012,9.753266,1.48129,-8.59898,6.60752,-0.88366,50,5.90783,3.0605,-125.25897,-2.68625,-13.47254,28.56996,-21.82167,EDM_RIV,VIC_HAR,ReMaxField,WCL,WCL,20250603-ReMaxField-1,b22b8290-40f0-11f0-a7a5-433c097ba25c,84.43172,10.25092,NA,8.33375,NA,NA,NA,0.95852,2.96261,-0.74483,0bdbd4b3-898e-42a4-aa80-c2a84fb0bbcf,2025-06-04,03:04:54,2025-06-04T03:04:54Z,2025-06-04T03:04:54Z,LineDrive,v3,NA,NA,NA,"Green, Jason",1000435054,Right,EDM_RIV,28dcd408-5551-47de-bc56-8104d81312a1,55.00582,-126.39558,14.28498,5.99743,-1.81812,-10.91083,-1.01608,3.59648,-6.73627,264.737982,0.95852,136.3039,-25.23947,4.46332,-0.82526,0.11594,-0.01366,0.00105,-2e-5,2.96261,22.90884,-19.16192,2.02061,-0.38847,0.07993,-0.0141,0.00223,-2.2e-4,-0.74483,9.37401,10.95692,-4.52255,1.40815,-0.3792,0.08878,-0.01597,0.00152,NA,NA,NA,NA,NA,NA,NA,NA,NA,NA,NA,NA,NA,NA,NA,NA,NA,NA,NA,NA,NA,NA,High,High,High,High,Medium,NA,NA,NA,NA,NA,NA,NA,NA,NA,NA,NA,NA,NA,NA,NA,NA,NA,NA,NA,NA,NA,NA,NA,NA,NA,NA,NA,NA,NA,NA,NA,NA,NA,NA,NA,NA,NA,NA,NA,NA,NA,NA,NA,NA,NA,NA,NA,NA,NA,NA,NA,NA,NA,NA,NA,NA
NA,NA,NA,NA,NA,NA,NA,NA,NA,NA,NA,NA,NA,NA,NA,NA,219,2025-06-03,20:05:39,3,1,"Chamberlain, Myles",1000332456,Right,EDM_RIV,"Berezowski, Jai",1000335502,Right,VIC_HAR,Undefined,7,Top,2,0,0,Undefined,Curveball,InPlay,Undefined,FlyBall,Out,1,0,NA,77.261,1.317339,-0.809728,2486.259942,56.269881,08:00:00,5.79921,1.19579,5.42445,-51.85353,-2.35051,-6.70272,2.7123,-0.12125,68.40151,-8.240712,-2.003673,0.506393,95.14317,21.548459,-20.685316,1776.318789,102.18552,38.49785,-40.71807,329.7723,319.9721,-24.844167,3.841502,3.03992,-1.11437,-1.11913,50,5.88068,1.84639,-111.69104,0.84002,3.68419,27.71158,-33.52457,EDM_RIV,VIC_HAR,ReMaxField,WCL,WCL,20250603-ReMaxField-1,cc9486e0-40f0-11f0-a7a5-433c097ba25c,74.43323,48.55404,NA,8.85949,NA,NA,NA,2.26068,2.86614,0.10317,0bdbd4b3-898e-42a4-aa80-c2a84fb0bbcf,2025-06-04,03:05:39,2025-06-04T03:05:39Z,2025-06-04T03:05:39Z,LineDrive,v3,NA,NA,NA,"Green, Jason",1000435054,Right,EDM_RIV,431b193a-b156-47ae-8e21-d31d783697a2,55.0701,-112.94197,13.85579,5.8086,2.35335,-16.76229,-1.19872,1.68009,1.84209,156.584008,2.26067,121.42338,-22.24411,5.19994,-1.1022,0.20025,-0.02712,0.00209,-4e-5,2.8661,51.25313,-15.16639,0.45017,-0.0144,0.01647,-0.01113,0.00299,-2.8e-4,0.10319,-45.84611,3.92567,-0.48308,0.0184,0.01286,-0.00502,9.8e-4,-8e-5,NA,NA,NA,NA,NA,NA,NA,NA,NA,NA,NA,NA,NA,NA,NA,NA,NA,NA,NA,NA,NA,NA,High,High,High,High,High,NA,NA,NA,NA,NA,NA,NA,NA,NA,NA,NA,NA,NA,NA,NA,NA,NA,NA,NA,NA,NA,NA,NA,NA,NA,NA,NA,NA,NA,NA,NA,NA,NA,NA,NA,NA,NA,NA,NA,NA,NA,NA,NA,NA,NA,NA,NA,NA,NA,NA,NA,NA,NA,NA,NA,NA
NA,NA,NA,NA,NA,NA,NA,NA,NA,NA,NA,NA,NA,NA,NA,NA,220,2025-06-03,20:08:20,1,1,"Ondus, John",1000301829,Right,VIC_HAR,"Yip, Kyle",1000435045,Right,EDM_RIV,Undefined,7,Bottom,0,0,0,Undefined,Four-Seam,BallCalled,Undefined,Undefined,Undefined,0,0,NA,86.64495,-3.092994,-3.903499,2187.714624,217.158138,01:15:00,5.5409,1.48717,6.31952,-21.20541,16.00068,11.11749,0.91567,-1.18716,78.55343,-7.122581,-1.897382,0.439014,NA,NA,NA,NA,NA,NA,NA,NA,NA,NA,NA,-6.91311,9.65111,-1.20604,50,5.30388,8.10369,-125.35153,-7.36748,-10.88517,27.79631,-16.97768,EDM_RIV,VIC_HAR,ReMaxField,WCL,WCL,20250603-ReMaxField-1,2ca25ee0-40f1-11f0-a7a5-433c097ba25c,85.85706,NA,NA,8.09152,NA,NA,NA,NA,NA,NA,0bdbd4b3-898e-42a4-aa80-c2a84fb0bbcf,2025-06-04,03:08:20,2025-06-04T03:08:20Z,2025-06-04T03:08:20Z,NA,v3,NA,NA,NA,"Berezowski, Jai",1000335502,Right,VIC_HAR,0ebe6eff-878a-4c4e-9f62-3b0dd068e099,54.17576,-126.2741,13.89816,5.53906,-6.80399,-8.48884,-1.481,8.46497,-5.44259,NA,NA,NA,NA,NA,NA,NA,NA,NA,NA,NA,NA,NA,NA,NA,NA,NA,NA,NA,NA,NA,NA,NA,NA,NA,NA,NA,NA,NA,NA,NA,NA,NA,NA,NA,NA,NA,NA,NA,NA,NA,NA,NA,NA,NA,NA,NA,NA,NA,NA,High,High,High,NA,NA,NA,NA,NA,NA,NA,NA,NA,NA,NA,NA,NA,NA,NA,NA,NA,NA,NA,NA,NA,NA,NA,NA,NA,NA,NA,NA,NA,NA,NA,NA,NA,NA,NA,NA,NA,NA,NA,NA,NA,NA,NA,NA,NA,NA,NA,NA,NA,NA,NA,NA,NA,NA,NA,NA,NA,NA
NA,NA,NA,NA,NA,NA,NA,NA,NA,NA,NA,NA,NA,NA,NA,NA,221,2025-06-03,20:08:36,1,2,"Ondus, John",1000301829,Right,VIC_HAR,"Yip, Kyle",1000435045,Right,EDM_RIV,Undefined,7,Bottom,0,1,0,Undefined,Four-Seam,StrikeCalled,Undefined,Undefined,Undefined,0,0,NA,86.73725,-1.982191,-3.394512,2263.104687,217.932088,01:15:00,5.54614,1.54677,6.18866,-21.84568,15.1758,10.8517,1.89155,-0.68677,78.95482,-6.116646,-1.439785,0.437923,NA,NA,NA,NA,NA,NA,NA,NA,NA,NA,NA,-6.5904,8.80737,-1.29582,50,5.38533,7.02208,-125.7221,-4.98617,-10.48994,26.80058,-18.15534,EDM_RIV,VIC_HAR,ReMaxField,WCL,WCL,20250603-ReMaxField-1,3659dbc0-40f1-11f0-a7a5-433c097ba25c,86.07084,NA,NA,7.78244,NA,NA,NA,NA,NA,NA,0bdbd4b3-898e-42a4-aa80-c2a84fb0bbcf,2025-06-04,03:08:36,2025-06-04T03:08:36Z,2025-06-04T03:08:36Z,NA,v3,NA,NA,NA,"Berezowski, Jai",1000335502,Right,VIC_HAR,e773b279-d930-4a19-8ea4-5e5546fb350c,54.30872,-126.63727,13.40029,5.54501,-4.36621,-9.07767,-1.54172,7.38029,-5.24497,NA,NA,NA,NA,NA,NA,NA,NA,NA,NA,NA,NA,NA,NA,NA,NA,NA,NA,NA,NA,NA,NA,NA,NA,NA,NA,NA,NA,NA,NA,NA,NA,NA,NA,NA,NA,NA,NA,NA,NA,NA,NA,NA,NA,NA,NA,NA,NA,NA,NA,High,High,High,NA,NA,NA,NA,NA,NA,NA,NA,NA,NA,NA,NA,NA,NA,NA,NA,NA,NA,NA,NA,NA,NA,NA,NA,NA,NA,NA,NA,NA,NA,NA,NA,NA,NA,NA,NA,NA,NA,NA,NA,NA,NA,NA,NA,NA,NA,NA,NA,NA,NA,NA,NA,NA,NA,NA,NA,NA,NA
NA,NA,NA,NA,NA,NA,NA,NA,NA,NA,NA,NA,NA,NA,NA,NA,222,2025-06-03,20:09:00,1,3,"Ondus, John",1000301829,Right,VIC_HAR,"Yip, Kyle",1000435045,Right,EDM_RIV,Undefined,7,Bottom,0,1,1,Undefined,Slider,BallCalled,Undefined,Undefined,Undefined,0,0,NA,76.7793,-0.991694,-1.054556,2223.553124,130.216672,10:15:00,5.56916,1.62837,5.75727,-44.59782,4.03496,-2.59595,0.92933,0.43031,69.37346,-9.223402,-1.520285,0.501922,NA,NA,NA,NA,NA,NA,NA,NA,NA,NA,NA,0.96189,2.90921,-1.53933,50,5.4601,2.1447,-111.27098,-3.29879,1.1782300000000001,24.24324,-28.6105,EDM_RIV,VIC_HAR,ReMaxField,WCL,WCL,20250603-ReMaxField-1,447268d0-40f1-11f0-a7a5-433c097ba25c,75.09625,NA,NA,7.40584,NA,NA,NA,NA,NA,NA,0bdbd4b3-898e-42a4-aa80-c2a84fb0bbcf,2025-06-04,03:09:00,2025-06-04T03:09:00Z,2025-06-04T03:09:00Z,NA,v3,NA,NA,NA,"Berezowski, Jai",1000335502,Right,VIC_HAR,6339fab4-a106-441f-b202-83fdbf277d27,54.73951,-112.29886,12.12162,5.57425,-2.08575,-14.30525,-1.6292,2.09474,0.58912,NA,NA,NA,NA,NA,NA,NA,NA,NA,NA,NA,NA,NA,NA,NA,NA,NA,NA,NA,NA,NA,NA,NA,NA,NA,NA,NA,NA,NA,NA,NA,NA,NA,NA,NA,NA,NA,NA,NA,NA,NA,NA,NA,NA,NA,NA,NA,NA,NA,NA,High,High,High,NA,NA,NA,NA,NA,NA,NA,NA,NA,NA,NA,NA,NA,NA,NA,NA,NA,NA,NA,NA,NA,NA,NA,NA,NA,NA,NA,NA,NA,NA,NA,NA,NA,NA,NA,NA,NA,NA,NA,NA,NA,NA,NA,NA,NA,NA,NA,NA,NA,NA,NA,NA,NA,NA,NA,NA,NA,NA
NA,NA,NA,NA,NA,NA,NA,NA,NA,NA,NA,NA,NA,NA,NA,NA,223,2025-06-03,20:09:25,1,4,"Ondus, John",1000301829,Right,VIC_HAR,"Yip, Kyle",1000435045,Right,EDM_RIV,Undefined,7,Bottom,0,2,1,Undefined,Slider,BallCalled,Undefined,Undefined,Undefined,0,0,NA,82.75004,-0.55536,-3.021083,2398.522118,199.896163,12:45:00,5.55223,1.63807,5.83612,-34.59124,7.13591,2.0202,2.15271,-1.00416,74.53904,-6.990875,-2.659382,0.464923,NA,NA,NA,NA,NA,NA,NA,NA,NA,NA,NA,-2.02327,4.33122,-1.39268,50,5.48715,6.23766,-119.77913,-2.2839,-2.88413,27.19066,-25.99994,EDM_RIV,VIC_HAR,ReMaxField,WCL,WCL,20250603-ReMaxField-1,5394c4c0-40f1-11f0-a7a5-433c097ba25c,81.0725,NA,NA,8.21099,NA,NA,NA,NA,NA,NA,0bdbd4b3-898e-42a4-aa80-c2a84fb0bbcf,2025-06-04,03:09:25,2025-06-04T03:09:25Z,2025-06-04T03:09:25Z,NA,v3,NA,NA,NA,"Berezowski, Jai",1000335502,Right,VIC_HAR,c8721942-34b0-4ff4-8c98-1bd08cad935c,54.65719,-120.83171,13.59533,5.55608,-1.27741,-12.99997,-1.63631,6.34931,-1.44206,NA,NA,NA,NA,NA,NA,NA,NA,NA,NA,NA,NA,NA,NA,NA,NA,NA,NA,NA,NA,NA,NA,NA,NA,NA,NA,NA,NA,NA,NA,NA,NA,NA,NA,NA,NA,NA,NA,NA,NA,NA,NA,NA,NA,NA,NA,NA,NA,NA,NA,High,High,High,NA,NA,NA,NA,NA,NA,NA,NA,NA,NA,NA,NA,NA,NA,NA,NA,NA,NA,NA,NA,NA,NA,NA,NA,NA,NA,NA,NA,NA,NA,NA,NA,NA,NA,NA,NA,NA,NA,NA,NA,NA,NA,NA,NA,NA,NA,NA,NA,NA,NA,NA,NA,NA,NA,NA,NA,NA,NA
NA,NA,NA,NA,NA,NA,NA,NA,NA,NA,NA,NA,NA,NA,NA,NA,224,2025-06-03,20:09:44,1,5,"Ondus, John",1000301829,Right,VIC_HAR,"Yip, Kyle",1000435045,Right,EDM_RIV,Undefined,7,Bottom,0,3,1,Undefined,Four-Seam,BallCalled,Walk,Undefined,Undefined,0,0,NA,85.60507,-0.50625,-4.030659,2213.881737,203.790541,12:45:00,5.57186,1.55914,6.29349,-23.34234,14.87064,5.94725,3.159,-1.66555,77.16153,-4.95143,-2.959478,0.444915,NA,NA,NA,NA,NA,NA,NA,NA,NA,NA,NA,-4.3337,8.27386,-1.26471,50,5.52328,8.49155,-123.92874,-1.74345,-6.64368,28.0605,-19.49001,EDM_RIV,VIC_HAR,ReMaxField,WCL,WCL,20250603-ReMaxField-1,5ee16090-40f1-11f0-a7a5-433c097ba25c,84.71834,NA,NA,8.44354,NA,NA,NA,NA,NA,NA,0bdbd4b3-898e-42a4-aa80-c2a84fb0bbcf,2025-06-04,03:09:44,2025-06-04T03:09:44Z,2025-06-04T03:09:44Z,NA,v3,NA,NA,NA,"Berezowski, Jai",1000335502,Right,VIC_HAR,6e7b5ecf-fbb3-4f57-8b06-f9145981e180,54.20029,-124.87617,14.03025,5.57103,-1.0854,-9.74501,-1.55521,8.71586,-3.32184,NA,NA,NA,NA,NA,NA,NA,NA,NA,NA,NA,NA,NA,NA,NA,NA,NA,NA,NA,NA,NA,NA,NA,NA,NA,NA,NA,NA,NA,NA,NA,NA,NA,NA,NA,NA,NA,NA,NA,NA,NA,NA,NA,NA,NA,NA,NA,NA,NA,NA,High,High,High,NA,NA,NA,NA,NA,NA,NA,NA,NA,NA,NA,NA,NA,NA,NA,NA,NA,NA,NA,NA,NA,NA,NA,NA,NA,NA,NA,NA,NA,NA,NA,NA,NA,NA,NA,NA,NA,NA,NA,NA,NA,NA,NA,NA,NA,NA,NA,NA,NA,NA,NA,NA,NA,NA,NA,NA,NA,NA
NA,NA,NA,NA,NA,NA,NA,NA,NA,NA,NA,NA,NA,NA,NA,NA,225,2025-06-03,20:10:32,2,1,"Ondus, John",1000301829,Right,VIC_HAR,"Stagg, Max",1000435060,Right,EDM_RIV,Undefined,7,Bottom,0,0,0,Undefined,Slider,BallCalled,Undefined,Undefined,Undefined,0,0,NA,79.96214,-1.748827,-2.871141,2126.656364,177.081825,12:00:00,5.57867,1.556,5.68835,-37.42746,8.22918,-0.32161,0.82719,-1.14906,71.23945,-8.703814,-2.92863,0.486321,NA,NA,NA,NA,NA,NA,NA,NA,NA,NA,NA,-0.93547,5.39571,-1.31413,50,5.40862,5.80627,-115.51494,-4.71093,-1.21962,28.55001,-25.13938,EDM_RIV,VIC_HAR,ReMaxField,WCL,WCL,20250603-ReMaxField-1,7b9ce060-40f1-11f0-a7a5-433c097ba25c,77.5052,NA,NA,8.72268,NA,NA,NA,NA,NA,NA,0bdbd4b3-898e-42a4-aa80-c2a84fb0bbcf,2025-06-04,03:10:32,2025-06-04T03:10:32Z,2025-06-04T03:10:32Z,NA,v3,NA,NA,NA,"Berezowski, Jai",1000335502,Right,VIC_HAR,9eb86949-dca3-4468-88ce-d0095718084e,54.80477,-116.69642,14.275,5.58204,-3.67059,-12.56969,-1.55546,5.85674,-0.60981,NA,NA,NA,NA,NA,NA,NA,NA,NA,NA,NA,NA,NA,NA,NA,NA,NA,NA,NA,NA,NA,NA,NA,NA,NA,NA,NA,NA,NA,NA,NA,NA,NA,NA,NA,NA,NA,NA,NA,NA,NA,NA,NA,NA,NA,NA,NA,NA,NA,NA,High,High,High,NA,NA,NA,NA,NA,NA,NA,NA,NA,NA,NA,NA,NA,NA,NA,NA,NA,NA,NA,NA,NA,NA,NA,NA,NA,NA,NA,NA,NA,NA,NA,NA,NA,NA,NA,NA,NA,NA,NA,NA,NA,NA,NA,NA,NA,NA,NA,NA,NA,NA,NA,NA,NA,NA,NA,NA,NA,NA
NA,NA,NA,NA,NA,NA,NA,NA,NA,NA,NA,NA,NA,NA,NA,NA,226,2025-06-03,20:10:48,2,2,"Ondus, John",1000301829,Right,VIC_HAR,"Stagg, Max",1000435060,Right,EDM_RIV,Undefined,7,Bottom,0,1,0,Undefined,Changeup,BallCalled,Undefined,Undefined,Undefined,0,0,NA,86.18394,-0.318023,-4.067783,2151.308196,218.097855,01:15:00,5.57932,1.62151,6.34555,-22.04903,15.37414,11.03717,3.4484,-1.2097,77.9901,-4.523851,-2.077283,0.440293,NA,NA,NA,NA,NA,NA,NA,NA,NA,NA,NA,-6.90701,8.46185,-1.33005,50,5.54565,8.43547,-124.85852,-1.29533,-10.80618,27.23477,-18.9353,EDM_RIV,VIC_HAR,ReMaxField,WCL,WCL,20250603-ReMaxField-1,84f10790-40f1-11f0-a7a5-433c097ba25c,85.60761,NA,NA,8.19384,NA,NA,NA,NA,NA,NA,0bdbd4b3-898e-42a4-aa80-c2a84fb0bbcf,2025-06-04,03:10:48,2025-06-04T03:10:48Z,2025-06-04T03:10:48Z,NA,v3,NA,NA,NA,"Berezowski, Jai",1000335502,Right,VIC_HAR,f749cb2c-264b-4d15-996e-91e24ca12263,54.1498,-125.76044,13.61739,5.57816,-0.66826,-9.46765,-1.61532,8.79333,-5.40309,NA,NA,NA,NA,NA,NA,NA,NA,NA,NA,NA,NA,NA,NA,NA,NA,NA,NA,NA,NA,NA,NA,NA,NA,NA,NA,NA,NA,NA,NA,NA,NA,NA,NA,NA,NA,NA,NA,NA,NA,NA,NA,NA,NA,NA,NA,NA,NA,NA,NA,High,High,High,NA,NA,NA,NA,NA,NA,NA,NA,NA,NA,NA,NA,NA,NA,NA,NA,NA,NA,NA,NA,NA,NA,NA,NA,NA,NA,NA,NA,NA,NA,NA,NA,NA,NA,NA,NA,NA,NA,NA,NA,NA,NA,NA,NA,NA,NA,NA,NA,NA,NA,NA,NA,NA,NA,NA,NA,NA,NA
NA,NA,NA,NA,NA,NA,NA,NA,NA,NA,NA,NA,NA,NA,NA,NA,227,2025-06-03,20:11:03,2,3,"Ondus, John",1000301829,Right,VIC_HAR,"Stagg, Max",1000435060,Right,EDM_RIV,Undefined,7,Bottom,0,2,0,Undefined,Four-Seam,BallCalled,Undefined,Undefined,Undefined,0,0,NA,85.42137,-2.936509,-3.662943,2147.544604,210.643861,01:00:00,5.53299,1.57544,6.22437,-22.09092,16.61308,8.96603,0.97469,-1.06174,76.86779,-7.143284,-2.047472,0.447764,NA,NA,NA,NA,NA,NA,NA,NA,NA,NA,NA,-5.80748,9.99296,-1.30525,50,5.30188,7.5423,-123.50331,-6.94854,-8.80182,28.89357,-17.0287,EDM_RIV,VIC_HAR,ReMaxField,WCL,WCL,20250603-ReMaxField-1,8dddba60-40f1-11f0-a7a5-433c097ba25c,84.17923,NA,NA,8.55358,NA,NA,NA,NA,NA,NA,0bdbd4b3-898e-42a4-aa80-c2a84fb0bbcf,2025-06-04,03:11:03,2025-06-04T03:11:03Z,2025-06-04T03:11:03Z,NA,v3,NA,NA,NA,"Berezowski, Jai",1000335502,Right,VIC_HAR,e77c8b2e-399f-4e3d-8bc5-77403b1fc62f,54.26942,-124.49814,14.44679,5.53103,-6.36223,-8.51435,-1.57015,7.84535,-4.40091,NA,NA,NA,NA,NA,NA,NA,NA,NA,NA,NA,NA,NA,NA,NA,NA,NA,NA,NA,NA,NA,NA,NA,NA,NA,NA,NA,NA,NA,NA,NA,NA,NA,NA,NA,NA,NA,NA,NA,NA,NA,NA,NA,NA,NA,NA,NA,NA,NA,NA,High,High,High,NA,NA,NA,NA,NA,NA,NA,NA,NA,NA,NA,NA,NA,NA,NA,NA,NA,NA,NA,NA,NA,NA,NA,NA,NA,NA,NA,NA,NA,NA,NA,NA,NA,NA,NA,NA,NA,NA,NA,NA,NA,NA,NA,NA,NA,NA,NA,NA,NA,NA,NA,NA,NA,NA,NA,NA,NA,NA
NA,NA,NA,NA,NA,NA,NA,NA,NA,NA,NA,NA,NA,NA,NA,NA,228,2025-06-03,20:11:19,2,4,"Ondus, John",1000301829,Right,VIC_HAR,"Stagg, Max",1000435060,Right,EDM_RIV,Undefined,7,Bottom,0,3,0,Undefined,Changeup,BallCalled,Walk,Undefined,Undefined,0,0,NA,84.61928,-2.338181,-4.205112,2167.063434,219.052222,01:15:00,5.55497,1.55381,6.26404,-23.13493,15.99461,11.82808,1.46426,-1.34457,76.57001,-6.730662,-2.074442,0.450219,NA,NA,NA,NA,NA,NA,NA,NA,NA,NA,NA,-7.38666,9.43378,-1.247,50,5.36992,8.53197,-122.42538,-5.64481,-11.07662,26.8665,-18.02767,EDM_RIV,VIC_HAR,ReMaxField,WCL,WCL,20250603-ReMaxField-1,9765c2d0-40f1-11f0-a7a5-433c097ba25c,83.72024,NA,NA,8.04927,NA,NA,NA,NA,NA,NA,0bdbd4b3-898e-42a4-aa80-c2a84fb0bbcf,2025-06-04,03:11:19,2025-06-04T03:11:19Z,2025-06-04T03:11:19Z,NA,v3,NA,NA,NA,"Berezowski, Jai",1000335502,Right,VIC_HAR,b070cda5-557b-4697-87ba-110f8ed57743,54.23128,-123.35045,13.43325,5.5536,-5.02408,-9.01383,-1.54734,8.91336,-5.53831,NA,NA,NA,NA,NA,NA,NA,NA,NA,NA,NA,NA,NA,NA,NA,NA,NA,NA,NA,NA,NA,NA,NA,NA,NA,NA,NA,NA,NA,NA,NA,NA,NA,NA,NA,NA,NA,NA,NA,NA,NA,NA,NA,NA,NA,NA,NA,NA,NA,NA,High,High,High,NA,NA,NA,NA,NA,NA,NA,NA,NA,NA,NA,NA,NA,NA,NA,NA,NA,NA,NA,NA,NA,NA,NA,NA,NA,NA,NA,NA,NA,NA,NA,NA,NA,NA,NA,NA,NA,NA,NA,NA,NA,NA,NA,NA,NA,NA,NA,NA,NA,NA,NA,NA,NA,NA,NA,NA,NA,NA
NA,NA,NA,NA,NA,NA,NA,NA,NA,NA,NA,NA,NA,NA,NA,NA,229,2025-06-03,20:12:02,3,1,"Ondus, John",1000301829,Right,VIC_HAR,"Green, Jason",1000435054,Left,EDM_RIV,Undefined,7,Bottom,0,0,0,Undefined,Splitter,StrikeSwinging,Undefined,Undefined,Undefined,0,0,NA,79.76433,0.838936,-1.604368,1061.645063,273.771067,03:15:00,5.44885,1.5271,5.6662,-44.11546,1.2211,8.00945,2.55517,0.69821,71.50837,-7.322068,-0.171933,0.484614,NA,NA,NA,NA,NA,NA,NA,NA,NA,NA,NA,-4.56622,0.92051,-1.39641,50,5.49278,2.90677,-115.49955,0.2227,-6.01882,26.36728,-30.96068,EDM_RIV,VIC_HAR,ReMaxField,WCL,WCL,20250603-ReMaxField-1,b17d4bc0-40f1-11f0-a7a5-433c097ba25c,77.77832,NA,NA,8.25595,NA,NA,NA,NA,NA,NA,0bdbd4b3-898e-42a4-aa80-c2a84fb0bbcf,2025-06-04,03:12:02,2025-06-04T03:12:02Z,2025-06-04T03:12:02Z,NA,v3,NA,NA,NA,"Carrion, Enrico",1000133295,Right,VIC_HAR,df60b8fd-bfc9-4826-803c-358f3671ceee,54.82784,-116.59649,13.18364,5.45672,1.51073,-15.48034,-1.52255,3.15717,-3.00941,NA,NA,NA,NA,NA,NA,NA,NA,NA,NA,NA,NA,NA,NA,NA,NA,NA,NA,NA,NA,NA,NA,NA,NA,NA,NA,NA,NA,NA,NA,NA,NA,NA,NA,NA,NA,NA,NA,NA,NA,NA,NA,NA,NA,NA,NA,NA,NA,NA,NA,High,High,High,NA,NA,NA,NA,NA,NA,NA,NA,NA,NA,NA,NA,NA,NA,NA,NA,NA,NA,NA,NA,NA,NA,NA,NA,NA,NA,NA,NA,NA,NA,NA,NA,NA,NA,NA,NA,NA,NA,NA,NA,NA,NA,NA,NA,NA,NA,NA,NA,NA,NA,NA,NA,NA,NA,NA,NA,NA,NA
NA,NA,NA,NA,NA,NA,NA,NA,NA,NA,NA,NA,NA,NA,NA,NA,230,2025-06-03,20:12:20,3,2,"Ondus, John",1000301829,Right,VIC_HAR,"Green, Jason",1000435054,Left,EDM_RIV,Undefined,7,Bottom,0,0,1,Undefined,Four-Seam,BallCalled,Undefined,Undefined,Undefined,0,0,NA,86.72786,-2.177014,-3.747318,2178.545252,211.757633,01:00:00,5.59867,1.494,6.38223,-22.90726,14.20052,7.95489,1.68177,-1.29529,78.36103,-6.530228,-2.310137,0.438434,NA,NA,NA,NA,NA,NA,NA,NA,NA,NA,NA,-5.30398,8.48776,-1.22706,50,5.43094,7.90578,-125.55869,-5.42021,-8.34627,28.80763,-18.81779,EDM_RIV,VIC_HAR,ReMaxField,WCL,WCL,20250603-ReMaxField-1,bbfb4cf0-40f1-11f0-a7a5-433c097ba25c,85.9707,NA,NA,8.36683,NA,NA,NA,NA,NA,NA,0bdbd4b3-898e-42a4-aa80-c2a84fb0bbcf,2025-06-04,03:12:20,2025-06-04T03:12:20Z,2025-06-04T03:12:20Z,NA,v3,NA,NA,NA,"Carrion, Enrico",1000133295,Right,VIC_HAR,263fd6fd-b0a0-4045-9c09-90bc286c43f9,54.11288,-126.49882,14.40382,5.5978,-4.80611,-9.40889,-1.4895,8.17816,-4.17313,NA,NA,NA,NA,NA,NA,NA,NA,NA,NA,NA,NA,NA,NA,NA,NA,NA,NA,NA,NA,NA,NA,NA,NA,NA,NA,NA,NA,NA,NA,NA,NA,NA,NA,NA,NA,NA,NA,NA,NA,NA,NA,NA,NA,NA,NA,NA,NA,NA,NA,High,High,High,NA,NA,NA,NA,NA,NA,NA,NA,NA,NA,NA,NA,NA,NA,NA,NA,NA,NA,NA,NA,NA,NA,NA,NA,NA,NA,NA,NA,NA,NA,NA,NA,NA,NA,NA,NA,NA,NA,NA,NA,NA,NA,NA,NA,NA,NA,NA,NA,NA,NA,NA,NA,NA,NA,NA,NA,NA,NA
NA,NA,NA,NA,NA,NA,NA,NA,NA,NA,NA,NA,NA,NA,NA,NA,231,2025-06-03,20:12:45,3,3,"Ondus, John",1000301829,Right,VIC_HAR,"Green, Jason",1000435054,Left,EDM_RIV,Undefined,7,Bottom,0,1,1,Undefined,Changeup,BallCalled,Undefined,Undefined,Undefined,0,0,NA,84.58278,-1.653512,-4.177571,2014.67198,215.784298,01:15:00,5.63814,1.42689,6.33711,-23.87407,15.54694,10.0969,2.12174,-1.58489,75.74783,-6.215296,-2.356691,0.451893,NA,NA,NA,NA,NA,NA,NA,NA,NA,NA,NA,-6.59111,9.07504,-1.12627,50,5.50622,8.52371,-122.29104,-4.17935,-9.76041,29.092,-18.73531,EDM_RIV,VIC_HAR,ReMaxField,WCL,WCL,20250603-ReMaxField-1,caeef7c0-40f1-11f0-a7a5-433c097ba25c,83.41017,NA,NA,8.83495,NA,NA,NA,NA,NA,NA,0bdbd4b3-898e-42a4-aa80-c2a84fb0bbcf,2025-06-04,03:12:45,2025-06-04T03:12:45Z,2025-06-04T03:12:45Z,NA,v3,NA,NA,NA,"Carrion, Enrico",1000133295,Right,VIC_HAR,bb132c03-dc15-483e-95d6-f3c722834065,54.15513,-123.27554,14.546,5.63693,-3.54533,-9.36765,-1.42031,8.85401,-4.8802,NA,NA,NA,NA,NA,NA,NA,NA,NA,NA,NA,NA,NA,NA,NA,NA,NA,NA,NA,NA,NA,NA,NA,NA,NA,NA,NA,NA,NA,NA,NA,NA,NA,NA,NA,NA,NA,NA,NA,NA,NA,NA,NA,NA,NA,NA,NA,NA,NA,NA,High,High,High,NA,NA,NA,NA,NA,NA,NA,NA,NA,NA,NA,NA,NA,NA,NA,NA,NA,NA,NA,NA,NA,NA,NA,NA,NA,NA,NA,NA,NA,NA,NA,NA,NA,NA,NA,NA,NA,NA,NA,NA,NA,NA,NA,NA,NA,NA,NA,NA,NA,NA,NA,NA,NA,NA,NA,NA,NA,NA
NA,NA,NA,NA,NA,NA,NA,NA,NA,NA,NA,NA,NA,NA,NA,NA,232,2025-06-03,20:13:26,3,4,"Ondus, John",1000301829,Right,VIC_HAR,"Green, Jason",1000435054,Left,EDM_RIV,Undefined,7,Bottom,0,2,1,Undefined,Splitter,BallCalled,Undefined,Undefined,Undefined,0,0,NA,78.56748,2.576372,-1.46876,1171.029173,288.670018,03:30:00,5.5546,1.53461,5.60792,-48.39829,-0.88469,8.59146,3.92871,0.87926,69.35318,-6.403638,0.064531,0.496113,NA,NA,NA,NA,NA,NA,NA,NA,NA,NA,NA,-4.8163,-0.70976,-1.41427,50,5.74529,2.54976,-113.48275,3.48358,-6.05042,27.85451,-33.0657,EDM_RIV,VIC_HAR,ReMaxField,WCL,WCL,20250603-ReMaxField-1,e365c900-40f1-11f0-a7a5-433c097ba25c,75.97553,NA,NA,9.2143,NA,NA,NA,NA,NA,NA,0bdbd4b3-898e-42a4-aa80-c2a84fb0bbcf,2025-06-04,03:13:26,2025-06-04T03:13:26Z,2025-06-04T03:13:26Z,NA,v3,NA,NA,NA,"Carrion, Enrico",1000133295,Right,VIC_HAR,4564f3ac-74b5-4b83-b732-069b22849d0e,54.88285,-114.67499,13.92726,5.56589,4.89887,-16.53285,-1.52894,2.80874,-3.02521,NA,NA,NA,NA,NA,NA,NA,NA,NA,NA,NA,NA,NA,NA,NA,NA,NA,NA,NA,NA,NA,NA,NA,NA,NA,NA,NA,NA,NA,NA,NA,NA,NA,NA,NA,NA,NA,NA,NA,NA,NA,NA,NA,NA,NA,NA,NA,NA,NA,NA,High,High,High,NA,NA,NA,NA,NA,NA,NA,NA,NA,NA,NA,NA,NA,NA,NA,NA,NA,NA,NA,NA,NA,NA,NA,NA,NA,NA,NA,NA,NA,NA,NA,NA,NA,NA,NA,NA,NA,NA,NA,NA,NA,NA,NA,NA,NA,NA,NA,NA,NA,NA,NA,NA,NA,NA,NA,NA,NA,NA
NA,NA,NA,NA,NA,NA,NA,NA,NA,NA,NA,NA,NA,NA,NA,NA,233,2025-06-03,20:13:42,3,5,"Ondus, John",1000301829,Right,VIC_HAR,"Green, Jason",1000435054,Left,EDM_RIV,Undefined,7,Bottom,0,3,1,Undefined,Changeup,StrikeCalled,Undefined,Undefined,Undefined,0,0,NA,85.5437,-0.623264,-3.521902,2093.001384,212.876986,01:00:00,5.55608,1.62397,6.1768,-23.9882,14.2608,8.3513,2.98036,-0.93672,77.40208,-5.168602,-2.019001,0.445124,NA,NA,NA,NA,NA,NA,NA,NA,NA,NA,NA,-5.36339,7.95544,-1.36135,50,5.49674,7.2907400000000004,-123.95161,-2.04174,-8.2565,27.20678,-19.92734,EDM_RIV,VIC_HAR,ReMaxField,WCL,WCL,20250603-ReMaxField-1,ec801b80-40f1-11f0-a7a5-433c097ba25c,84.67845,NA,NA,8.14162,NA,NA,NA,NA,NA,NA,0bdbd4b3-898e-42a4-aa80-c2a84fb0bbcf,2025-06-04,03:13:42,2025-06-04T03:13:42Z,2025-06-04T03:13:42Z,NA,v3,NA,NA,NA,"Carrion, Enrico",1000133295,Right,VIC_HAR,62348d5e-217b-4b03-9cbb-4737db040551,54.31857,-124.89592,13.60339,5.5556,-1.35009,-9.96367,-1.61937,7.57731,-4.12825,NA,NA,NA,NA,NA,NA,NA,NA,NA,NA,NA,NA,NA,NA,NA,NA,NA,NA,NA,NA,NA,NA,NA,NA,NA,NA,NA,NA,NA,NA,NA,NA,NA,NA,NA,NA,NA,NA,NA,NA,NA,NA,NA,NA,NA,NA,NA,NA,NA,NA,High,High,High,NA,NA,NA,NA,NA,NA,NA,NA,NA,NA,NA,NA,NA,NA,NA,NA,NA,NA,NA,NA,NA,NA,NA,NA,NA,NA,NA,NA,NA,NA,NA,NA,NA,NA,NA,NA,NA,NA,NA,NA,NA,NA,NA,NA,NA,NA,NA,NA,NA,NA,NA,NA,NA,NA,NA,NA,NA,NA
NA,NA,NA,NA,NA,NA,NA,NA,NA,NA,NA,NA,NA,NA,NA,NA,234,2025-06-03,20:14:01,3,6,"Ondus, John",1000301829,Right,VIC_HAR,"Green, Jason",1000435054,Left,EDM_RIV,Undefined,7,Bottom,0,3,2,Undefined,Changeup,FoulBallNotFieldable,Undefined,Undefined,Undefined,0,0,NA,84.33371,-1.073845,-2.455943,1946.196271,214.863402,01:15:00,5.52963,1.51629,6.12552,-25.81431,14.17154,8.76308,2.38474,-0.02514,75.26997,-5.985099,-0.87727,0.455119,62.57835,46.428812,-45.024669,5316.779929,63.29271,57.34109,-89.96667,176.70025,109.74156,-59.392931,3.819813,-5.39303,8.14599,-1.33277,50,5.43428,4.88866,-122.1183,-3.03016,-7.92063,30.19151,-20.21019,EDM_RIV,VIC_HAR,ReMaxField,WCL,WCL,20250603-ReMaxField-1,f83e16c0-40f1-11f0-a7a5-433c097ba25c,82.81894,59.20368,NA,9.06373,NA,NA,NA,1.27615,2.54342,-0.03064,0bdbd4b3-898e-42a4-aa80-c2a84fb0bbcf,2025-06-04,03:14:01,2025-06-04T03:14:01Z,2025-06-04T03:14:01Z,Popup,v3,NA,NA,NA,"Carrion, Enrico",1000133295,Right,VIC_HAR,fe3e785d-cc31-484b-a3c8-9e69c9715865,54.36915,-123.19376,15.09576,5.5294,-2.31025,-10.10509,-1.51194,5.17081,-3.96032,136.713374,1.2689,44.93526,-13.17426,6.06023,-3.97882,2.19104,-0.73978,0.13078,-0.0092,2.54495,66.45869,-21.9306,1.64118,-0.09492,-0.02889,-0.00692,0.00652,-8.8e-4,-0.03447,-44.64576,0.36661,1.55858,-1.28707,0.6312,-0.17634,0.02497,-0.00136,NA,NA,NA,NA,NA,NA,NA,NA,NA,NA,NA,NA,NA,NA,NA,NA,NA,NA,NA,NA,NA,NA,High,High,High,High,Medium,NA,NA,NA,NA,NA,NA,NA,NA,NA,NA,NA,NA,NA,NA,NA,NA,NA,NA,NA,NA,NA,NA,NA,NA,NA,NA,NA,NA,NA,NA,NA,NA,NA,NA,NA,NA,NA,NA,NA,NA,NA,NA,NA,NA,NA,NA,NA,NA,NA,NA,NA,NA,NA,NA,NA,NA
NA,NA,NA,NA,NA,NA,NA,NA,NA,NA,NA,NA,NA,NA,NA,NA,235,2025-06-03,20:14:29,3,7,"Ondus, John",1000301829,Right,VIC_HAR,"Green, Jason",1000435054,Left,EDM_RIV,Undefined,7,Bottom,0,3,2,Undefined,Changeup,InPlay,Undefined,FlyBall,Single,0,1,NA,77.32337,2.631126,-2.536225,1157.943537,287.012015,03:30:00,5.6185,1.56688,5.37617,-50.42979,-1.0528,10.15579,3.88682,0.03396,68.47874,-6.669184,-0.733224,0.505747,70.19849,37.019636,-7.800755,3637.595511,107.20418,60.75653,-24.64262,228.41731,228.41731,-18.839552,4.125767,-6.04339,-0.9528,-1.34712,50,5.8193,4.53714,-111.65607,3.44958,-7.36793,26.51515,-33.33569,EDM_RIV,VIC_HAR,ReMaxField,WCL,WCL,20250603-ReMaxField-1,09eb8a60-40f2-11f0-a7a5-433c097ba25c,74.52819,62.00759,NA,8.84464,NA,NA,NA,1.02011,3.89825,-0.03993,0bdbd4b3-898e-42a4-aa80-c2a84fb0bbcf,2025-06-04,03:14:29,2025-06-04T03:14:29Z,2025-06-04T03:14:29Z,FlyBall,v3,NA,NA,NA,"Carrion, Enrico",1000133295,Right,VIC_HAR,d3f5cbc9-9033-4a06-baf8-2c5b7ae84c37,55.11912,-112.86517,13.25758,5.62734,4.96969,-16.66785,-1.56167,4.87312,-3.68396,152.336803,1.02018,81.44434,-15.04783,3.69805,-0.84348,0.20841,-0.04896,0.00759,-5e-4,3.89927,61.95948,-18.07266,0.75884,0.25783,-0.22493,0.0747,-0.01177,7.2e-4,-0.03989,-11.15781,-2.81263,0.45892,-0.07632,0.02651,-0.00987,0.00189,-1.3e-4,NA,NA,NA,NA,NA,NA,NA,NA,NA,NA,NA,NA,NA,NA,NA,NA,NA,NA,NA,NA,NA,NA,High,High,High,High,High,NA,NA,NA,NA,NA,NA,NA,NA,NA,NA,NA,NA,NA,NA,NA,NA,NA,NA,NA,NA,NA,NA,NA,NA,NA,NA,NA,NA,NA,NA,NA,NA,NA,NA,NA,NA,NA,NA,NA,NA,NA,NA,NA,NA,NA,NA,NA,NA,NA,NA,NA,NA,NA,NA,NA,NA
NA,NA,NA,NA,NA,NA,NA,NA,NA,NA,NA,NA,NA,NA,NA,NA,236,2025-06-03,20:15:12,4,1,"Ondus, John",1000301829,Right,VIC_HAR,"Middlemiss, Mitchell",1000120734,Right,EDM_RIV,Undefined,7,Bottom,0,0,0,Undefined,Four-Seam,BallCalled,Undefined,Undefined,Undefined,0,0,NA,84.91299,0.751663,-4.171886,2094.409936,202.368772,12:45:00,5.53949,1.52562,6.2847,-24.13104,14.7128,5.4854,4.22321,-1.86901,76.47463,-3.843673,-3.184837,0.448572,NA,NA,NA,NA,NA,NA,NA,NA,NA,NA,NA,-4.1354,7.78902,-1.21995,50,5.58336,8.74467,-122.90553,0.95033,-6.23958,27.44888,-20.42176,EDM_RIV,VIC_HAR,ReMaxField,WCL,WCL,20250603-ReMaxField-1,226fa210-40f2-11f0-a7a5-433c097ba25c,84.02756,NA,NA,8.43836,NA,NA,NA,NA,NA,NA,0bdbd4b3-898e-42a4-aa80-c2a84fb0bbcf,2025-06-04,03:15:12,2025-06-04T03:15:12Z,2025-06-04T03:15:12Z,NA,v3,NA,NA,NA,"Carrion, Enrico",1000133295,Right,VIC_HAR,d8fb89ce-e5eb-472d-839d-98f93259d67f,54.20925,-123.84203,13.72444,5.53905,1.64708,-10.21088,-1.52193,8.95755,-3.11979,NA,NA,NA,NA,NA,NA,NA,NA,NA,NA,NA,NA,NA,NA,NA,NA,NA,NA,NA,NA,NA,NA,NA,NA,NA,NA,NA,NA,NA,NA,NA,NA,NA,NA,NA,NA,NA,NA,NA,NA,NA,NA,NA,NA,NA,NA,NA,NA,NA,NA,High,High,High,NA,NA,NA,NA,NA,NA,NA,NA,NA,NA,NA,NA,NA,NA,NA,NA,NA,NA,NA,NA,NA,NA,NA,NA,NA,NA,NA,NA,NA,NA,NA,NA,NA,NA,NA,NA,NA,NA,NA,NA,NA,NA,NA,NA,NA,NA,NA,NA,NA,NA,NA,NA,NA,NA,NA,NA,NA,NA
NA,NA,NA,NA,NA,NA,NA,NA,NA,NA,NA,NA,NA,NA,NA,NA,237,2025-06-03,20:15:28,4,2,"Ondus, John",1000301829,Right,VIC_HAR,"Middlemiss, Mitchell",1000120734,Right,EDM_RIV,Undefined,7,Bottom,0,1,0,Undefined,Changeup,FoulBallNotFieldable,Undefined,Undefined,Undefined,0,0,NA,84.80399,-1.213805,-2.843378,2079.961888,211.01364,01:00:00,5.57786,1.59345,6.23237,-24.21978,14.9358,8.08678,2.43821,-0.35794,76.14412,-5.827077,-1.384543,0.450369,75.50585,58.130673,87.090088,5988.076748,NA,NA,NA,NA,51.89683,NA,NA,-5.15559,8.57713,-1.38501,50,5.47531,5.78666,-122.86562,-3.28225,-7.7156,29.10631,-19.33794,EDM_RIV,VIC_HAR,ReMaxField,WCL,WCL,20250603-ReMaxField-1,2bf1b710-40f2-11f0-a7a5-433c097ba25c,83.69244,71.71053,NA,8.65987,NA,NA,NA,1.80425,2.16728,0.27598,0bdbd4b3-898e-42a4-aa80-c2a84fb0bbcf,2025-06-04,03:15:28,2025-06-04T03:15:28Z,2025-06-04T03:15:28Z,NA,v3,NA,NA,NA,"Carrion, Enrico",1000133295,Right,VIC_HAR,e4bf5a18-a75d-400e-b7f5-c3fd1ae6f292,54.2636,-123.87153,14.55316,5.5772,-2.61394,-9.66897,-1.5896,6.05331,-3.8578,211.564704,1.80425,2.96826,-14.26458,6.12017,-1.91464,0.53599,-0.14886,0.03861,-0.00636,2.16728,94.04792,-30.66646,4.10551,-0.66636,0.08106,-0.02337,0.01613,-0.0048,0.27598,58.39445,-11.91434,2.66186,-0.50543,0.09222,-0.03639,0.02016,-0.00538,NA,NA,NA,NA,NA,NA,NA,NA,NA,NA,NA,NA,NA,NA,NA,NA,NA,NA,NA,NA,NA,NA,High,High,High,High,Undefined,NA,NA,NA,NA,NA,NA,NA,NA,NA,NA,NA,NA,NA,NA,NA,NA,NA,NA,NA,NA,NA,NA,NA,NA,NA,NA,NA,NA,NA,NA,NA,NA,NA,NA,NA,NA,NA,NA,NA,NA,NA,NA,NA,NA,NA,NA,NA,NA,NA,NA,NA,NA,NA,NA,NA,NA
NA,NA,NA,NA,NA,NA,NA,NA,NA,NA,NA,NA,NA,NA,NA,NA,238,2025-06-03,20:15:47,4,3,"Ondus, John",1000301829,Right,VIC_HAR,"Middlemiss, Mitchell",1000120734,Right,EDM_RIV,Undefined,7,Bottom,0,1,1,Undefined,Four-Seam,BallCalled,Undefined,Undefined,Undefined,0,0,NA,84.94906,1.811628,-2.758815,2173.162022,207.959258,01:00:00,5.63782,1.56069,6.10443,-24.91427,14.30068,6.81977,5.23948,-0.42427,75.99924,-2.933917,-1.532732,0.45071,NA,NA,NA,NA,NA,NA,NA,NA,NA,NA,NA,-4.3852,7.16949,-1.35176,50,5.76432,5.64319,-122.97841,3.17912,-6.5872,28.73769,-21.40441,EDM_RIV,VIC_HAR,ReMaxField,WCL,WCL,20250603-ReMaxField-1,36e22920-40f2-11f0-a7a5-433c097ba25c,83.62902,NA,NA,8.94982,NA,NA,NA,NA,NA,NA,0bdbd4b3-898e-42a4-aa80-c2a84fb0bbcf,2025-06-04,03:15:47,2025-06-04T03:15:47Z,2025-06-04T03:15:47Z,NA,v3,NA,NA,NA,"Carrion, Enrico",1000133295,Right,VIC_HAR,9d02a3af-b9c9-420b-9277-9ed8dc11848d,54.38848,-123.99968,14.36884,5.63782,3.93977,-10.7022,-1.55647,5.87728,-3.2936,NA,NA,NA,NA,NA,NA,NA,NA,NA,NA,NA,NA,NA,NA,NA,NA,NA,NA,NA,NA,NA,NA,NA,NA,NA,NA,NA,NA,NA,NA,NA,NA,NA,NA,NA,NA,NA,NA,NA,NA,NA,NA,NA,NA,NA,NA,NA,NA,NA,NA,High,High,High,NA,NA,NA,NA,NA,NA,NA,NA,NA,NA,NA,NA,NA,NA,NA,NA,NA,NA,NA,NA,NA,NA,NA,NA,NA,NA,NA,NA,NA,NA,NA,NA,NA,NA,NA,NA,NA,NA,NA,NA,NA,NA,NA,NA,NA,NA,NA,NA,NA,NA,NA,NA,NA,NA,NA,NA,NA,NA
NA,NA,NA,NA,NA,NA,NA,NA,NA,NA,NA,NA,NA,NA,NA,NA,239,2025-06-03,20:16:05,4,4,"Ondus, John",1000301829,Right,VIC_HAR,"Middlemiss, Mitchell",1000120734,Right,EDM_RIV,Undefined,7,Bottom,0,2,1,Undefined,Four-Seam,BallCalled,Undefined,Undefined,Undefined,0,0,NA,85.01484,-0.739209,-4.948142,2176.260014,202.168431,12:45:00,5.60796,1.45764,6.33617,-24.68301,13.83828,5.10323,2.86784,-2.68437,77.18551,-5.407503,-4.030368,0.446706,NA,NA,NA,NA,NA,NA,NA,NA,NA,NA,NA,-4.10776,7.81075,-1.09864,50,5.54227,10.44871,-123.01318,-2.28439,-6.24793,26.08163,-20.29386,EDM_RIV,VIC_HAR,ReMaxField,WCL,WCL,20250603-ReMaxField-1,41feb440-40f2-11f0-a7a5-433c097ba25c,84.37864,NA,NA,7.82933,NA,NA,NA,NA,NA,NA,0bdbd4b3-898e-42a4-aa80-c2a84fb0bbcf,2025-06-04,03:16:05,2025-06-04T03:16:05Z,2025-06-04T03:16:05Z,NA,v3,NA,NA,NA,"Carrion, Enrico",1000133295,Right,VIC_HAR,d115fe17-dee8-4013-a9bf-8d05d18d2ea3,54.15903,-123.89185,13.04082,5.60771,-1.60071,-10.14693,-1.45419,10.6592,-3.12397,NA,NA,NA,NA,NA,NA,NA,NA,NA,NA,NA,NA,NA,NA,NA,NA,NA,NA,NA,NA,NA,NA,NA,NA,NA,NA,NA,NA,NA,NA,NA,NA,NA,NA,NA,NA,NA,NA,NA,NA,NA,NA,NA,NA,NA,NA,NA,NA,NA,NA,High,High,High,NA,NA,NA,NA,NA,NA,NA,NA,NA,NA,NA,NA,NA,NA,NA,NA,NA,NA,NA,NA,NA,NA,NA,NA,NA,NA,NA,NA,NA,NA,NA,NA,NA,NA,NA,NA,NA,NA,NA,NA,NA,NA,NA,NA,NA,NA,NA,NA,NA,NA,NA,NA,NA,NA,NA,NA,NA,NA
NA,NA,NA,NA,NA,NA,NA,NA,NA,NA,NA,NA,NA,NA,NA,NA,240,2025-06-03,20:16:26,4,5,"Ondus, John",1000301829,Right,VIC_HAR,"Middlemiss, Mitchell",1000120734,Right,EDM_RIV,Undefined,7,Bottom,0,3,1,Undefined,Changeup,BallCalled,Walk,Undefined,Undefined,0,0,NA,84.5344,2.855033,-2.964461,2123.589341,213.518858,01:00:00,5.57837,1.63978,6.20761,-23.32832,16.53269,9.90741,6.27519,-0.27318,74.84554,-1.639908,-1.180699,0.454407,NA,NA,NA,NA,NA,NA,NA,NA,NA,NA,NA,-6.06933,7.91926,-1.42123,50,5.78141,5.9091,-122.15159,5.48508,-8.91784,30.23068,-20.5381,EDM_RIV,VIC_HAR,ReMaxField,WCL,WCL,20250603-ReMaxField-1,4eb2a840-40f2-11f0-a7a5-433c097ba25c,82.94856,NA,NA,9.68886,NA,NA,NA,NA,NA,NA,0bdbd4b3-898e-42a4-aa80-c2a84fb0bbcf,2025-06-04,03:16:26,2025-06-04T03:16:26Z,2025-06-04T03:16:26Z,NA,v3,NA,NA,NA,"Carrion, Enrico",1000133295,Right,VIC_HAR,770c38e1-82f1-4831-9af2-a514a86405a6,54.28216,-123.2068,15.11534,5.57744,6.20197,-10.26905,-1.63292,6.22038,-4.45892,NA,NA,NA,NA,NA,NA,NA,NA,NA,NA,NA,NA,NA,NA,NA,NA,NA,NA,NA,NA,NA,NA,NA,NA,NA,NA,NA,NA,NA,NA,NA,NA,NA,NA,NA,NA,NA,NA,NA,NA,NA,NA,NA,NA,NA,NA,NA,NA,NA,NA,High,High,High,NA,NA,NA,NA,NA,NA,NA,NA,NA,NA,NA,NA,NA,NA,NA,NA,NA,NA,NA,NA,NA,NA,NA,NA,NA,NA,NA,NA,NA,NA,NA,NA,NA,NA,NA,NA,NA,NA,NA,NA,NA,NA,NA,NA,NA,NA,NA,NA,NA,NA,NA,NA,NA,NA,NA,NA,NA,NA
NA,NA,NA,NA,NA,NA,NA,NA,NA,NA,NA,NA,NA,NA,NA,NA,241,2025-06-03,20:17:08,5,1,"Ondus, John",1000301829,Right,VIC_HAR,"Fox, Jaxon",1000435053,Right,EDM_RIV,Undefined,7,Bottom,0,0,0,Undefined,Changeup,StrikeCalled,Undefined,Undefined,Undefined,0,0,NA,85.47256,-1.696839,-2.980355,2166.216236,217.396944,01:15:00,5.44851,1.77375,6.3249,-22.53033,16.20863,11.18898,2.00574,-0.04101,76.14014,-6.027449,-0.958313,0.447966,NA,NA,NA,NA,NA,NA,NA,NA,NA,NA,NA,-6.8217,9.46323,-1.56065,50,5.31383,5.986,-123.68403,-4.26565,-10.267150000000001,31.19302,-17.93115,EDM_RIV,VIC_HAR,ReMaxField,WCL,WCL,20250603-ReMaxField-1,676bd9b0-40f2-11f0-a7a5-433c097ba25c,84.14127,NA,NA,9.33242,NA,NA,NA,NA,NA,NA,0bdbd4b3-898e-42a4-aa80-c2a84fb0bbcf,2025-06-04,03:17:08,2025-06-04T03:17:08Z,2025-06-04T03:17:08Z,NA,v3,NA,NA,NA,"Carrion, Enrico",1000133295,Right,VIC_HAR,bd42f705-76d8-4805-b691-a45d96da5f3b,54.16778,-124.73072,15.59651,5.44686,-3.66397,-8.96558,-1.76729,6.33052,-5.13358,NA,NA,NA,NA,NA,NA,NA,NA,NA,NA,NA,NA,NA,NA,NA,NA,NA,NA,NA,NA,NA,NA,NA,NA,NA,NA,NA,NA,NA,NA,NA,NA,NA,NA,NA,NA,NA,NA,NA,NA,NA,NA,NA,NA,NA,NA,NA,NA,NA,NA,High,High,High,NA,NA,NA,NA,NA,NA,NA,NA,NA,NA,NA,NA,NA,NA,NA,NA,NA,NA,NA,NA,NA,NA,NA,NA,NA,NA,NA,NA,NA,NA,NA,NA,NA,NA,NA,NA,NA,NA,NA,NA,NA,NA,NA,NA,NA,NA,NA,NA,NA,NA,NA,NA,NA,NA,NA,NA,NA,NA
NA,NA,NA,NA,NA,NA,NA,NA,NA,NA,NA,NA,NA,NA,NA,NA,242,2025-06-03,20:17:24,5,2,"Ondus, John",1000301829,Right,VIC_HAR,"Fox, Jaxon",1000435053,Right,EDM_RIV,Undefined,7,Bottom,0,0,1,Undefined,Four-Seam,BallCalled,Undefined,Undefined,Undefined,0,0,NA,85.17332,-1.903442,-4.355007,2161.986959,210.103405,01:00:00,5.54416,1.61448,6.32529,-22.29041,16.50347,8.71201,1.92798,-1.67789,76.51836,-6.165295,-2.785155,0.448284,NA,NA,NA,NA,NA,NA,NA,NA,NA,NA,NA,-5.92941,9.6226,-1.29962,50,5.39416,9.03015,-123.15273,-4.69545,-8.93255,28.80871,-17.67783,EDM_RIV,VIC_HAR,ReMaxField,WCL,WCL,20250603-ReMaxField-1,71540380-40f2-11f0-a7a5-433c097ba25c,84.08166,NA,NA,8.65496,NA,NA,NA,NA,NA,NA,0bdbd4b3-898e-42a4-aa80-c2a84fb0bbcf,2025-06-04,03:17:24,2025-06-04T03:17:24Z,2025-06-04T03:17:24Z,NA,v3,NA,NA,NA,"Carrion, Enrico",1000133295,Right,VIC_HAR,e51ba9e1-81d8-4b97-a4e1-5182e73ee596,54.16849,-124.12402,14.40435,5.54242,-4.09944,-8.83892,-1.60915,9.33131,-4.46627,NA,NA,NA,NA,NA,NA,NA,NA,NA,NA,NA,NA,NA,NA,NA,NA,NA,NA,NA,NA,NA,NA,NA,NA,NA,NA,NA,NA,NA,NA,NA,NA,NA,NA,NA,NA,NA,NA,NA,NA,NA,NA,NA,NA,NA,NA,NA,NA,NA,NA,High,High,High,NA,NA,NA,NA,NA,NA,NA,NA,NA,NA,NA,NA,NA,NA,NA,NA,NA,NA,NA,NA,NA,NA,NA,NA,NA,NA,NA,NA,NA,NA,NA,NA,NA,NA,NA,NA,NA,NA,NA,NA,NA,NA,NA,NA,NA,NA,NA,NA,NA,NA,NA,NA,NA,NA,NA,NA,NA,NA
NA,NA,NA,NA,NA,NA,NA,NA,NA,NA,NA,NA,NA,NA,NA,NA,243,2025-06-03,20:17:40,5,3,"Ondus, John",1000301829,Right,VIC_HAR,"Fox, Jaxon",1000435053,Right,EDM_RIV,Undefined,7,Bottom,0,1,1,Undefined,Changeup,FoulBallNotFieldable,Undefined,Undefined,Undefined,0,0,NA,85.02414,-1.639499,-2.274622,1997.939004,214.866497,01:15:00,5.43188,1.76677,6.22593,-25.06726,14.04257,8.71493,1.82865,0.39322,76.10219,-6.409035,-0.701033,0.450106,81.84787,-6.223571,-48.679595,NA,NA,NA,NA,20.17855,20.17855,-43.761909,0.150914,-5.32134,8.29016,-1.60092,50,5.297,4.55042,-123.16699,-4.23794,-7.96529,30.29072,-19.76483,EDM_RIV,VIC_HAR,ReMaxField,WCL,WCL,20250603-ReMaxField-1,7a72c2d0-40f2-11f0-a7a5-433c097ba25c,83.74131,1.96718,NA,8.92195,NA,NA,NA,2.66269,1.96718,-0.40887,0bdbd4b3-898e-42a4-aa80-c2a84fb0bbcf,2025-06-04,03:17:40,2025-06-04T03:17:40Z,2025-06-04T03:17:40Z,GroundBall,v3,NA,NA,NA,"Carrion, Enrico",1000133295,Right,VIC_HAR,116c98f5-c310-466d-baac-6e9f4c6e6e63,54.2697,-124.21261,15.14536,5.43152,-3.55567,-9.88242,-1.76274,4.82538,-3.98264,NA,2.65954,78.92366,NA,NA,NA,NA,NA,NA,NA,1.9677,-13.03515,NA,NA,NA,NA,NA,NA,NA,-0.40528,-89.77241,NA,NA,NA,NA,NA,NA,NA,NA,NA,NA,NA,NA,NA,NA,NA,NA,NA,NA,NA,NA,NA,NA,NA,NA,NA,NA,NA,NA,NA,High,High,High,Estimated,Estimated,NA,NA,NA,NA,NA,NA,NA,NA,NA,NA,NA,NA,NA,NA,NA,NA,NA,NA,NA,NA,NA,NA,NA,NA,NA,NA,NA,NA,NA,NA,NA,NA,NA,NA,NA,NA,NA,NA,NA,NA,NA,NA,NA,NA,NA,NA,NA,NA,NA,NA,NA,NA,NA,NA,NA,NA
NA,NA,NA,NA,NA,NA,NA,NA,NA,NA,NA,NA,NA,NA,NA,NA,244,2025-06-03,20:18:10,5,4,"Ondus, John",1000301829,Right,VIC_HAR,"Fox, Jaxon",1000435053,Right,EDM_RIV,Undefined,7,Bottom,0,1,2,Undefined,Changeup,BallCalled,Undefined,Undefined,Undefined,0,0,NA,85.42523,-2.318499,-4.27099,1986.895448,215.265655,01:15:00,5.55427,1.63888,6.43521,-22.6745,15.16442,9.82804,1.52692,-1.47446,77.9296,-6.615216,-2.495383,0.442732,NA,NA,NA,NA,NA,NA,NA,NA,NA,NA,NA,-6.36532,8.9776,-1.33889,50,5.3786,8.86975,-123.73907,-5.63853,-9.82776,25.65398,-18.31302,EDM_RIV,VIC_HAR,ReMaxField,WCL,WCL,20250603-ReMaxField-1,8cb6f830-40f2-11f0-a7a5-433c097ba25c,85.13605,NA,NA,7.49563,NA,NA,NA,NA,NA,NA,0bdbd4b3-898e-42a4-aa80-c2a84fb0bbcf,2025-06-04,03:18:10,2025-06-04T03:18:10Z,2025-06-04T03:18:10Z,NA,v3,NA,NA,NA,"Carrion, Enrico",1000133295,Right,VIC_HAR,a884283d-49d9-4270-a11c-fadce38dbfe9,54.06277,-124.57853,12.82699,5.5533,-5.03928,-9.15651,-1.63439,9.19134,-4.91388,NA,NA,NA,NA,NA,NA,NA,NA,NA,NA,NA,NA,NA,NA,NA,NA,NA,NA,NA,NA,NA,NA,NA,NA,NA,NA,NA,NA,NA,NA,NA,NA,NA,NA,NA,NA,NA,NA,NA,NA,NA,NA,NA,NA,NA,NA,NA,NA,NA,NA,High,High,High,NA,NA,NA,NA,NA,NA,NA,NA,NA,NA,NA,NA,NA,NA,NA,NA,NA,NA,NA,NA,NA,NA,NA,NA,NA,NA,NA,NA,NA,NA,NA,NA,NA,NA,NA,NA,NA,NA,NA,NA,NA,NA,NA,NA,NA,NA,NA,NA,NA,NA,NA,NA,NA,NA,NA,NA,NA,NA
NA,NA,NA,NA,NA,NA,NA,NA,NA,NA,NA,NA,NA,NA,NA,NA,245,2025-06-03,20:18:31,5,5,"Ondus, John",1000301829,Right,VIC_HAR,"Fox, Jaxon",1000435053,Right,EDM_RIV,Undefined,7,Bottom,0,2,2,Undefined,Changeup,InPlay,Undefined,GroundBall,Single,0,1,NA,84.48061,-1.848948,-3.105028,2080.442461,219.875144,01:15:00,5.53511,1.75884,6.35335,-23.88789,14.99209,11.39489,1.83953,-0.15236,76.71279,-6.380732,-1.044756,0.448781,85.54776,8.101539,-18.177925,964.009951,NA,NA,NA,122.58247,119.49072,-21.128109,1.120011,-6.91154,8.77934,-1.53871,50,5.38961,6.21999,-122.51093,-4.61584,-10.40047,26.43486,-18.96291,EDM_RIV,VIC_HAR,ReMaxField,WCL,WCL,20250603-ReMaxField-1,98cb77e0-40f2-11f0-a7a5-433c097ba25c,83.98848,6.18036,NA,7.76782,NA,NA,NA,1.76303,1.8641,0.15209,0bdbd4b3-898e-42a4-aa80-c2a84fb0bbcf,2025-06-04,03:18:31,2025-06-04T03:18:31Z,2025-06-04T03:18:31Z,GroundBall,v3,NA,NA,NA,"Carrion, Enrico",1000133295,Right,VIC_HAR,7cd27a1e-f182-4376-8797-c671c7c93498,54.14509,-123.4021,13.21743,5.53444,-3.97657,-9.48146,-1.75431,6.57061,-5.20023,89.643693,1.76303,118.01823,-18.43664,3.10796,-0.63981,0.11348,-0.02152,0.00381,-4e-4,1.8641,17.68219,-18.89998,1.75533,-0.33902,0.07345,-0.01343,0.00238,-2.8e-4,0.15209,-38.75204,-1.79044,1.26615,-0.38703,0.10079,-0.0226,0.00426,-4.6e-4,NA,NA,NA,NA,NA,NA,NA,NA,NA,NA,NA,NA,NA,NA,NA,NA,NA,NA,NA,NA,NA,NA,High,High,High,High,High,NA,NA,NA,NA,NA,NA,NA,NA,NA,NA,NA,NA,NA,NA,NA,NA,NA,NA,NA,NA,NA,NA,NA,NA,NA,NA,NA,NA,NA,NA,NA,NA,NA,NA,NA,NA,NA,NA,NA,NA,NA,NA,NA,NA,NA,NA,NA,NA,NA,NA,NA,NA,NA,NA,NA,NA
NA,NA,NA,NA,NA,NA,NA,NA,NA,NA,NA,NA,NA,NA,NA,NA,246,2025-06-03,20:19:05,6,1,"Ondus, John",1000301829,Right,VIC_HAR,"Kodama, Anthony",1000134814,Left,EDM_RIV,Undefined,7,Bottom,0,0,0,Undefined,Splitter,StrikeCalled,Undefined,Undefined,Undefined,0,0,NA,77.21696,1.799575,-2.915223,1067.292371,256.85194,02:30:00,5.43044,1.6171,5.70151,-44.56711,3.58571,7.73418,3.3961,-0.45717,69.45133,-6.4558160000000004,-1.534404,0.499439,NA,NA,NA,NA,NA,NA,NA,NA,NA,NA,NA,-4.82705,1.83567,-1.37698,50,5.55473,5.38325,-111.72969,2.09916,-5.99297,23.48017,-29.89498,EDM_RIV,VIC_HAR,ReMaxField,WCL,WCL,20250603-ReMaxField-1,ad210110-40f2-11f0-a7a5-433c097ba25c,75.46956,NA,NA,7.76563,NA,NA,NA,NA,NA,NA,0bdbd4b3-898e-42a4-aa80-c2a84fb0bbcf,2025-06-04,03:19:05,2025-06-04T03:19:05Z,2025-06-04T03:19:05Z,NA,v3,NA,NA,NA,"Carrion, Enrico",1000133295,Right,VIC_HAR,ec75daf7-375b-4967-96b6-6d7dfdd1c034,54.79253,-112.73235,11.74009,5.43783,3.37574,-14.94749,-1.61232,5.63916,-2.99649,NA,NA,NA,NA,NA,NA,NA,NA,NA,NA,NA,NA,NA,NA,NA,NA,NA,NA,NA,NA,NA,NA,NA,NA,NA,NA,NA,NA,NA,NA,NA,NA,NA,NA,NA,NA,NA,NA,NA,NA,NA,NA,NA,NA,NA,NA,NA,NA,NA,NA,High,High,High,NA,NA,NA,NA,NA,NA,NA,NA,NA,NA,NA,NA,NA,NA,NA,NA,NA,NA,NA,NA,NA,NA,NA,NA,NA,NA,NA,NA,NA,NA,NA,NA,NA,NA,NA,NA,NA,NA,NA,NA,NA,NA,NA,NA,NA,NA,NA,NA,NA,NA,NA,NA,NA,NA,NA,NA,NA,NA
NA,NA,NA,NA,NA,NA,NA,NA,NA,NA,NA,NA,NA,NA,NA,NA,247,2025-06-03,20:19:22,6,2,"Ondus, John",1000301829,Right,VIC_HAR,"Kodama, Anthony",1000134814,Left,EDM_RIV,Undefined,7,Bottom,0,0,1,Undefined,Changeup,InPlay,Undefined,GroundBall,FieldersChoice,1,1,NA,84.66646,-1.589223,-3.070618,2009.675488,219.129744,01:15:00,5.50541,1.83341,6.3893,-24.04352,14.90009,10.94713,2.03753,-0.0814,76.28415,-6.172695,-1.09005,0.449148,96.64232,-4.547845,13.315561,NA,NA,NA,NA,26.33912,26.07834,13.428116,0.178728,-6.73264,8.71284,-1.61733,50,5.37996,6.16864,-122.70945,-4.06029,-10.08131,28.34614,-19.12767,EDM_RIV,VIC_HAR,ReMaxField,WCL,WCL,20250603-ReMaxField-1,b71b2c40-40f2-11f0-a7a5-433c097ba25c,83.91986,2.30034,NA,8.38231,NA,NA,NA,1.77766,2.30034,0.14821,0bdbd4b3-898e-42a4-aa80-c2a84fb0bbcf,2025-06-04,03:19:22,2025-06-04T03:19:22Z,2025-06-04T03:19:22Z,GroundBall,v3,NA,NA,NA,"Carrion, Enrico",1000133295,Right,VIC_HAR,1abe97e6-ee79-4a5e-b193-2c58b4da56d1,54.10777,-123.65472,14.17307,5.50473,-3.42244,-9.56384,-1.82864,6.50482,-5.04066,244.890029,1.77882,137.41138,-22.5461,NA,NA,NA,NA,NA,NA,2.30029,-11.23533,-9.14648,NA,NA,NA,NA,NA,NA,0.14771,32.57905,4.58854,NA,NA,NA,NA,NA,NA,NA,NA,NA,NA,NA,NA,NA,NA,NA,NA,NA,NA,NA,NA,NA,NA,NA,NA,NA,NA,NA,NA,High,High,High,High,High,NA,NA,NA,NA,NA,NA,NA,NA,NA,NA,NA,NA,NA,NA,NA,NA,NA,NA,NA,NA,NA,NA,NA,NA,NA,NA,NA,NA,NA,NA,NA,NA,NA,NA,NA,NA,NA,NA,NA,NA,NA,NA,NA,NA,NA,NA,NA,NA,NA,NA,NA,NA,NA,NA,NA,NA
NA,NA,NA,NA,NA,NA,NA,NA,NA,NA,NA,NA,NA,NA,NA,NA,248,2025-06-03,20:20:02,7,1,"Ondus, John",1000301829,Right,VIC_HAR,"Waters, Stephen",1000435058,Left,EDM_RIV,Undefined,7,Bottom,1,0,0,Undefined,Changeup,InPlay,Undefined,GroundBall,Out,2,0,NA,84.07317,-1.328183,-2.772416,2071.166087,224.569584,01:30:00,5.43377,1.65445,6.36207,-24.5843,14.76308,13.1569,2.16113,0.19747,76.03661,-6.003182,-0.391973,0.45147,87.2582,-2.129754,-6.307295,1174.911665,NA,NA,NA,28.61951,27.95803,-6.37061,0.220328,-7.73741,8.52406,-1.45956,50,5.32609,5.40904,-121.9394,-3.50097,-11.49122,27.02668,-19.51455,EDM_RIV,VIC_HAR,ReMaxField,WCL,WCL,20250603-ReMaxField-1,cf1ccd80-40f2-11f0-a7a5-433c097ba25c,83.48816,2.18908,NA,8.03656,NA,NA,NA,1.18211,2.18908,-0.20929,0bdbd4b3-898e-42a4-aa80-c2a84fb0bbcf,2025-06-04,03:20:02,2025-06-04T03:20:02Z,2025-06-04T03:20:02Z,GroundBall,v3,NA,NA,NA,"Carrion, Enrico",1000133295,Right,VIC_HAR,879925a5-30b3-44b8-a950-885b7f845ebc,54.13547,-122.85257,13.51334,5.43324,-2.84162,-9.75727,-1.64888,5.7973,-5.74561,353.363315,1.18273,127.07874,-15.23573,NA,NA,NA,NA,NA,NA,2.19056,-4.84458,-23.17024,NA,NA,NA,NA,NA,NA,-0.20947,-14.03963,2.62381,NA,NA,NA,NA,NA,NA,NA,NA,NA,NA,NA,NA,NA,NA,NA,NA,NA,NA,NA,NA,NA,NA,NA,NA,NA,NA,NA,NA,High,High,High,High,High,NA,NA,NA,NA,NA,NA,NA,NA,NA,NA,NA,NA,NA,NA,NA,NA,NA,NA,NA,NA,NA,NA,NA,NA,NA,NA,NA,NA,NA,NA,NA,NA,NA,NA,NA,NA,NA,NA,NA,NA,NA,NA,NA,NA,NA,NA,NA,NA,NA,NA,NA,NA,NA,NA,NA,NA
NA,NA,NA,NA,NA,NA,NA,NA,NA,NA,NA,NA,NA,NA,NA,NA,249,2025-06-03,20:22:46,1,1,"Heinrich, Mitchell",1000313081,Right,EDM_RIV,"Biello, Dominic",1000435364,Right,VIC_HAR,Undefined,8,Top,0,0,0,Undefined,Four-Seam,StrikeSwinging,Undefined,Undefined,Undefined,0,0,NA,85.81083,-2.437395,-0.710882,1997.44359,204.020409,12:45:00,7.17124,0.61292,5.72401,-18.44828,20.69407,8.52961,3.36211,0.66156,76.7106,-5.98287,0.815605,0.450293,NA,NA,NA,NA,NA,NA,NA,NA,NA,NA,NA,-4.52394,11.75827,-0.55863,50,6.95655,1.16738,-124.15876,-5.78234,-6.89235,30.41666,-14.26001,EDM_RIV,VIC_HAR,ReMaxField,WCL,WCL,20250603-ReMaxField-1,30babb60-40f3-11f0-a7a5-433c097ba25c,83.70655,NA,NA,9.10023,NA,NA,NA,NA,NA,NA,0bdbd4b3-898e-42a4-aa80-c2a84fb0bbcf,2025-06-04,03:22:46,2025-06-04T03:22:46Z,2025-06-04T03:22:46Z,NA,v3,NA,NA,NA,"Green, Jason",1000435054,Right,EDM_RIV,9b76039c-54e9-4c9d-a5b2-7b66725dfa82,54.7681,-125.32141,15.20833,7.16716,-5.23726,-7.13001,-0.60828,1.43084,-3.44617,NA,NA,NA,NA,NA,NA,NA,NA,NA,NA,NA,NA,NA,NA,NA,NA,NA,NA,NA,NA,NA,NA,NA,NA,NA,NA,NA,NA,NA,NA,NA,NA,NA,NA,NA,NA,NA,NA,NA,NA,NA,NA,NA,NA,NA,NA,NA,NA,NA,NA,High,High,High,NA,NA,NA,NA,NA,NA,NA,NA,NA,NA,NA,NA,NA,NA,NA,NA,NA,NA,NA,NA,NA,NA,NA,NA,NA,NA,NA,NA,NA,NA,NA,NA,NA,NA,NA,NA,NA,NA,NA,NA,NA,NA,NA,NA,NA,NA,NA,NA,NA,NA,NA,NA,NA,NA,NA,NA,NA,NA
NA,NA,NA,NA,NA,NA,NA,NA,NA,NA,NA,NA,NA,NA,NA,NA,250,2025-06-03,20:22:57,1,2,"Heinrich, Mitchell",1000313081,Right,EDM_RIV,"Biello, Dominic",1000435364,Right,VIC_HAR,Undefined,8,Top,0,0,1,Undefined,Four-Seam,BallCalled,Undefined,Undefined,Undefined,0,0,NA,87.18432,-1.461179,-0.857749,2180.398039,200.446611,12:45:00,7.16749,0.44593,5.69855,-17.63832,20.35375,7.02174,4.33557,0.23172,77.67552,-4.868218,0.398005,0.443627,NA,NA,NA,NA,NA,NA,NA,NA,NA,NA,NA,-3.80229,11.20831,-0.37807,50,7.03408,1.57119,-126.16239,-3.69155,-5.97142,31.79342,-14.57164,EDM_RIV,VIC_HAR,ReMaxField,WCL,WCL,20250603-ReMaxField-1,37933430-40f3-11f0-a7a5-433c097ba25c,84.96428,NA,NA,9.5088,NA,NA,NA,NA,NA,NA,0bdbd4b3-898e-42a4-aa80-c2a84fb0bbcf,2025-06-04,03:22:57,2025-06-04T03:22:57Z,2025-06-04T03:22:57Z,NA,v3,NA,NA,NA,"Green, Jason",1000435054,Right,EDM_RIV,7ee2886a-139c-421c-baf8-19301fefa94f,54.79207,-127.36428,15.89671,7.16322,-3.14069,-7.28582,-0.44173,1.79693,-2.98571,NA,NA,NA,NA,NA,NA,NA,NA,NA,NA,NA,NA,NA,NA,NA,NA,NA,NA,NA,NA,NA,NA,NA,NA,NA,NA,NA,NA,NA,NA,NA,NA,NA,NA,NA,NA,NA,NA,NA,NA,NA,NA,NA,NA,NA,NA,NA,NA,NA,NA,High,High,High,NA,NA,NA,NA,NA,NA,NA,NA,NA,NA,NA,NA,NA,NA,NA,NA,NA,NA,NA,NA,NA,NA,NA,NA,NA,NA,NA,NA,NA,NA,NA,NA,NA,NA,NA,NA,NA,NA,NA,NA,NA,NA,NA,NA,NA,NA,NA,NA,NA,NA,NA,NA,NA,NA,NA,NA,NA,NA
NA,NA,NA,NA,NA,NA,NA,NA,NA,NA,NA,NA,NA,NA,NA,NA,251,2025-06-03,20:23:09,1,3,"Heinrich, Mitchell",1000313081,Right,EDM_RIV,"Biello, Dominic",1000435364,Right,VIC_HAR,Undefined,8,Top,0,1,1,Undefined,Four-Seam,FoulBallNotFieldable,Undefined,Undefined,Undefined,0,0,NA,84.78218,-3.542676,-1.513415,2057.574751,199.032854,12:45:00,7.23288,0.44328,5.85884,-22.26237,17.02843,5.40744,2.08096,-0.51248,77.3103,-7.717851,-0.542978,0.451146,69.00374,65.31323,124.300814,5014.628061,-82.88081,71.21632,72.32406,144.70229,45.40899,139.956023,4.398441,-3.2348,10.18312,-0.32372,50,6.9322,3.03051,-122.83039,-8.26849,-4.90626,25.96951,-16.72915,EDM_RIV,VIC_HAR,ReMaxField,WCL,WCL,20250603-ReMaxField-1,3ee522c0-40f3-11f0-a7a5-433c097ba25c,83.54828,87.94056,NA,7.47189,NA,NA,NA,2.19152,1.88355,0.48565,0bdbd4b3-898e-42a4-aa80-c2a84fb0bbcf,2025-06-04,03:23:09,2025-06-04T03:23:09Z,2025-06-04T03:23:09Z,Popup,v3,NA,NA,NA,"Green, Jason",1000435054,Right,EDM_RIV,ee0e84e0-d49e-4298-af50-f693e339f524,54.6395,-123.80741,12.98476,7.23143,-7.6391,-8.36458,-0.44121,3.2151,-2.45313,338.082179,2.18898,-23.77268,-6.72365,3.6258,-0.9993,0.10413,0.03088,-0.01002,7.9e-4,1.88843,91.82609,-29.70109,2.78932,0.56721,-0.5936,0.18309,-0.02604,0.00143,0.48902,34.83243,-5.89544,0.57502,0.51186,-0.33924,0.09161,-0.01176,5.9e-4,NA,NA,NA,NA,NA,NA,NA,NA,NA,NA,NA,NA,NA,NA,NA,NA,NA,NA,NA,NA,NA,NA,High,High,High,High,Low,NA,NA,NA,NA,NA,NA,NA,NA,NA,NA,NA,NA,NA,NA,NA,NA,NA,NA,NA,NA,NA,NA,NA,NA,NA,NA,NA,NA,NA,NA,NA,NA,NA,NA,NA,NA,NA,NA,NA,NA,NA,NA,NA,NA,NA,NA,NA,NA,NA,NA,NA,NA,NA,NA,NA,NA
NA,NA,NA,NA,NA,NA,NA,NA,NA,NA,NA,NA,NA,NA,NA,NA,252,2025-06-03,20:23:27,1,4,"Heinrich, Mitchell",1000313081,Right,EDM_RIV,"Biello, Dominic",1000435364,Right,VIC_HAR,Undefined,8,Top,0,1,2,Undefined,Changeup,BallCalled,Undefined,Undefined,Undefined,0,0,NA,78.93303,0.018606,-1.794391,1769.111322,221.604985,01:30:00,7.10286,0.6071,6.27908,-29.03722,15.44296,12.37839,4.70025,-0.01585,71.74025,-5.477431,0.443003,0.480015,NA,NA,NA,NA,NA,NA,NA,NA,NA,NA,NA,-6.88996,8.46075,-0.47994,50,7.09018,3.1325,-114.58961,-0.7341,-9.09478,22.60609,-21.00583,EDM_RIV,VIC_HAR,ReMaxField,WCL,WCL,20250603-ReMaxField-1,49b080a0-40f3-11f0-a7a5-433c097ba25c,78.52348,NA,NA,7.19278,NA,NA,NA,NA,NA,NA,0bdbd4b3-898e-42a4-aa80-c2a84fb0bbcf,2025-06-04,03:23:27,2025-06-04T03:23:27Z,2025-06-04T03:23:27Z,NA,v3,NA,NA,NA,"Green, Jason",1000435054,Right,EDM_RIV,02b1ceeb-d9f9-46ed-8bbb-6aa06b3a7781,54.21637,-115.41841,11.30304,7.10297,0.03603,-10.50291,-0.60091,3.46594,-4.54739,NA,NA,NA,NA,NA,NA,NA,NA,NA,NA,NA,NA,NA,NA,NA,NA,NA,NA,NA,NA,NA,NA,NA,NA,NA,NA,NA,NA,NA,NA,NA,NA,NA,NA,NA,NA,NA,NA,NA,NA,NA,NA,NA,NA,NA,NA,NA,NA,NA,NA,High,High,High,NA,NA,NA,NA,NA,NA,NA,NA,NA,NA,NA,NA,NA,NA,NA,NA,NA,NA,NA,NA,NA,NA,NA,NA,NA,NA,NA,NA,NA,NA,NA,NA,NA,NA,NA,NA,NA,NA,NA,NA,NA,NA,NA,NA,NA,NA,NA,NA,NA,NA,NA,NA,NA,NA,NA,NA,NA,NA
NA,NA,NA,NA,NA,NA,NA,NA,NA,NA,NA,NA,NA,NA,NA,NA,253,2025-06-03,20:23:42,1,5,"Heinrich, Mitchell",1000313081,Right,EDM_RIV,"Biello, Dominic",1000435364,Right,VIC_HAR,Undefined,8,Top,0,2,2,Undefined,Changeup,StrikeSwinging,Strikeout,Undefined,Undefined,0,0,NA,77.05834,-1.405845,-1.052489,1582.103555,212.893462,01:00:00,7.0593,0.44418,6.5843,-31.15313,15.63186,8.94859,3.17442,0.22528,69.33718,-7.343602,0.576202,0.492294,NA,NA,NA,NA,NA,NA,NA,NA,NA,NA,NA,-4.98902,9.21875,-0.37503,50,6.95019,1.73671,-111.75457,-3.50248,-6.16976,24.29365,-20.77349,EDM_RIV,VIC_HAR,ReMaxField,WCL,WCL,20250603-ReMaxField-1,5258fe80-40f3-11f0-a7a5-433c097ba25c,76.56487,NA,NA,7.72116,NA,NA,NA,NA,NA,NA,0bdbd4b3-898e-42a4-aa80-c2a84fb0bbcf,2025-06-04,03:23:42,2025-06-04T03:23:42Z,2025-06-04T03:23:42Z,NA,v3,NA,NA,NA,"Green, Jason",1000435054,Right,EDM_RIV,0d0fe286-4cba-4d45-bd2c-4f1195d1c2a9,53.90811,-112.60093,12.14682,7.0596,-2.77876,-10.38675,-0.43928,1.95165,-3.08488,NA,NA,NA,NA,NA,NA,NA,NA,NA,NA,NA,NA,NA,NA,NA,NA,NA,NA,NA,NA,NA,NA,NA,NA,NA,NA,NA,NA,52.11265,3.2512,1.847245,1.403955,-3.25839,2.54646,-0.27823,-6.47663,5.52168,5.47292,69.40429,6.43984,55.37744,-6.37378,61.68886,-5.51471,5.64797,23.2145,-16.16006,5.44318,36.57707,-0.71334,High,High,High,NA,NA,High,High,High,NA,NA,NA,NA,NA,NA,NA,NA,NA,NA,NA,NA,NA,NA,NA,NA,NA,NA,NA,NA,NA,NA,NA,NA,NA,NA,NA,NA,NA,NA,NA,NA,NA,NA,NA,NA,NA,NA,NA,NA,NA,NA,NA,NA,NA,NA,NA,NA,NA,NA,NA,NA,NA
NA,NA,NA,NA,NA,NA,NA,NA,NA,NA,NA,NA,NA,NA,NA,NA,254,2025-06-03,20:24:18,2,1,"Heinrich, Mitchell",1000313081,Right,EDM_RIV,"McKay, Curtis",1000235202,Right,VIC_HAR,Undefined,8,Top,1,0,0,Undefined,Four-Seam,InPlay,Undefined,LineDrive,Double,0,0,NA,84.69156,-3.179987,-0.741682,1999.389239,205.350853,12:45:00,7.13624,0.46312,5.82324,-21.68812,17.96643,7.82622,2.36922,0.42573,76.66674,-7.273862,0.662214,0.453229,91.31865,24.263813,-26.257268,1779.99042,94.45918,37.94244,-56.36848,281.2258,224.22647,-37.655729,3.255633,-4.25343,10.62505,-0.40725,50,6.86345,1.27314,-122.67938,-7.4494,-6.38817,27.55506,-16.21647,EDM_RIV,VIC_HAR,ReMaxField,WCL,WCL,20250603-ReMaxField-1,681e1d40-40f3-11f0-a7a5-433c097ba25c,83.16417,41.91516,NA,8.02481,NA,NA,NA,2.52148,2.59414,-0.43398,0bdbd4b3-898e-42a4-aa80-c2a84fb0bbcf,2025-06-04,03:24:18,2025-06-04T03:24:18Z,2025-06-04T03:24:18Z,LineDrive,v3,NA,NA,NA,"Green, Jason",1000435054,Right,EDM_RIV,415aa9e6-2291-4778-9a16-d07ef167101f,54.67413,-123.72478,13.77753,7.1344,-6.83417,-8.10824,-0.46015,1.5155,-3.19408,113.359131,2.52104,109.5196,-23.68059,6.34389,-1.77406,0.52685,-0.14101,0.02336,-0.00161,2.59437,55.03043,-21.55709,1.71601,-0.00721,-0.11498,0.04449,-0.00708,3.8e-4,-0.43383,-54.02408,-2.98539,2.60549,-0.88911,0.19464,-0.02595,0.0015,0,NA,NA,NA,NA,NA,NA,NA,NA,NA,NA,NA,NA,NA,NA,NA,NA,NA,NA,NA,NA,NA,NA,High,High,High,High,Medium,NA,NA,NA,NA,NA,NA,NA,NA,NA,NA,NA,NA,NA,NA,NA,NA,NA,NA,NA,NA,NA,NA,NA,NA,NA,NA,NA,NA,NA,NA,NA,NA,NA,NA,NA,NA,NA,NA,NA,NA,NA,NA,NA,NA,NA,NA,NA,NA,NA,NA,NA,NA,NA,NA,NA,NA
NA,NA,NA,NA,NA,NA,NA,NA,NA,NA,NA,NA,NA,NA,NA,NA,255,2025-06-03,20:24:59,3,1,"Heinrich, Mitchell",1000313081,Right,EDM_RIV,"Johnson, Jack",1000112313,Right,VIC_HAR,Undefined,8,Top,1,0,0,Undefined,Changeup,BallCalled,Undefined,Undefined,Undefined,0,0,NA,84.2279,-5.279032,-2.031973,2007.695324,208.148053,01:00:00,7.11253,0.47279,6.18066,-20.92733,19.64659,9.57201,0.47677,-0.60675,74.97614,-9.282928,-0.303932,0.458453,NA,NA,NA,NA,NA,NA,NA,NA,NA,NA,NA,-5.71426,12.65761,-0.32395,50,6.70217,3.93097,-121.4367,-11.76054,-8.23933,31.39698,-13.92317,EDM_RIV,VIC_HAR,ReMaxField,WCL,WCL,20250603-ReMaxField-1,808cff40-40f3-11f0-a7a5-433c097ba25c,82.2166,NA,NA,9.25177,NA,NA,NA,NA,NA,NA,0bdbd4b3-898e-42a4-aa80-c2a84fb0bbcf,2025-06-04,03:24:59,2025-06-04T03:24:59Z,2025-06-04T03:24:59Z,NA,v3,NA,NA,NA,"Green, Jason",1000435054,Right,EDM_RIV,3d98f267-271d-44fe-96e4-6e75689a2cb7,54.31317,-122.54678,15.69849,7.10928,-11.26827,-6.96158,-0.46809,4.22228,-4.11967,NA,NA,NA,NA,NA,NA,NA,NA,NA,NA,NA,NA,NA,NA,NA,NA,NA,NA,NA,NA,NA,NA,NA,NA,NA,NA,NA,NA,NA,NA,NA,NA,NA,NA,NA,NA,NA,NA,NA,NA,NA,NA,NA,NA,NA,NA,NA,NA,NA,NA,High,High,High,NA,NA,NA,NA,NA,NA,NA,NA,NA,NA,NA,NA,NA,NA,NA,NA,NA,NA,NA,NA,NA,NA,NA,NA,NA,NA,NA,NA,NA,NA,NA,NA,NA,NA,NA,NA,NA,NA,NA,NA,NA,NA,NA,NA,NA,NA,NA,NA,NA,NA,NA,NA,NA,NA,NA,NA,NA,NA
NA,NA,NA,NA,NA,NA,NA,NA,NA,NA,NA,NA,NA,NA,NA,NA,256,2025-06-03,20:25:23,3,2,"Heinrich, Mitchell",1000313081,Right,EDM_RIV,"Johnson, Jack",1000112313,Right,VIC_HAR,Undefined,8,Top,1,1,0,Undefined,Four-Seam,InPlay,Undefined,LineDrive,Single,0,1,NA,86.5914,-2.903336,-1.167429,2144.818966,198.190004,12:30:00,7.1138,0.73633,5.78494,-18.94639,19.52304,5.90351,2.83093,0.14202,77.29104,-6.536581,-0.109728,0.446405,96.29809,7.955564,-1.958135,1262.009563,109.96494,5.42432,-2.77424,142.379,142.379,-1.31693,1.184659,-3.44087,11.4428,-0.64376,50,6.86339,2.30504,-125.26439,-6.88597,-5.31543,31.84455,-14.49718,EDM_RIV,VIC_HAR,ReMaxField,WCL,WCL,20250603-ReMaxField-1,8e7c3260-40f3-11f0-a7a5-433c097ba25c,84.43547,7.76656,NA,9.30036,NA,NA,NA,2.0274,2.93651,-0.18297,0bdbd4b3-898e-42a4-aa80-c2a84fb0bbcf,2025-06-04,03:25:23,2025-06-04T03:25:23Z,2025-06-04T03:25:23Z,LineDrive,v3,NA,NA,NA,"Green, Jason",1000435054,Right,EDM_RIV,a73d8357-feb6-4973-8faa-557689f1d13c,54.71051,-126.45622,15.92227,7.11095,-6.34339,-7.24859,-0.73375,2.50397,-2.65772,306.555441,2.0274,139.79598,-21.74335,3.973,-0.8779,0.18503,-0.0401,0.00741,-7.8e-4,2.93651,19.54791,-20.82387,2.36546,-0.52355,0.12313,-0.02621,0.00492,-5.4e-4,-0.18297,-4.77951,3.02881,-1.37469,0.40872000000000003,-0.10954,0.02643,-0.00521,5.7e-4,NA,NA,NA,NA,NA,NA,NA,NA,NA,NA,NA,NA,NA,NA,NA,NA,NA,NA,NA,NA,NA,NA,High,High,High,High,High,NA,NA,NA,NA,NA,NA,NA,NA,NA,NA,NA,NA,NA,NA,NA,NA,NA,NA,NA,NA,NA,NA,NA,NA,NA,NA,NA,NA,NA,NA,NA,NA,NA,NA,NA,NA,NA,NA,NA,NA,NA,NA,NA,NA,NA,NA,NA,NA,NA,NA,NA,NA,NA,NA,NA,NA
NA,NA,NA,NA,NA,NA,NA,NA,NA,NA,NA,NA,NA,NA,NA,NA,257,2025-06-03,20:25:53,4,1,"Heinrich, Mitchell",1000313081,Right,EDM_RIV,"McAfee, Xander",830171,Right,VIC_HAR,Undefined,8,Top,1,0,0,Undefined,Four-Seam,BallCalled,Undefined,Undefined,Undefined,0,0,NA,85.3496,-4.082109,-0.937004,1987.287267,193.407834,12:30:00,7.18335,0.52724,5.82948,-22.44269,17.22099,3.71776,1.51156,-0.03404,76.32893,-8.326694,-0.269839,0.453281,NA,NA,NA,NA,NA,NA,NA,NA,NA,NA,NA,-2.21331,10.69942,-0.45284,50,6.83661,1.85771,-123.27128,-9.45074,-3.31209,30.77667,-16.16281,EDM_RIV,VIC_HAR,ReMaxField,WCL,WCL,20250603-ReMaxField-1,a0735930-40f3-11f0-a7a5-433c097ba25c,83.15461,NA,NA,9.02067,NA,NA,NA,NA,NA,NA,0bdbd4b3-898e-42a4-aa80-c2a84fb0bbcf,2025-06-04,03:25:53,2025-06-04T03:25:53Z,2025-06-04T03:25:53Z,NA,v3,NA,NA,NA,"Green, Jason",1000435054,Right,EDM_RIV,3e563c7a-70f0-4443-bef8-6724eeafbae5,54.66265,-124.42994,15.38834,7.18095,-8.84225,-8.08141,-0.52513,1.9824,-1.65605,NA,NA,NA,NA,NA,NA,NA,NA,NA,NA,NA,NA,NA,NA,NA,NA,NA,NA,NA,NA,NA,NA,NA,NA,NA,NA,NA,NA,NA,NA,NA,NA,NA,NA,NA,NA,NA,NA,NA,NA,NA,NA,NA,NA,NA,NA,NA,NA,NA,NA,High,High,High,NA,NA,NA,NA,NA,NA,NA,NA,NA,NA,NA,NA,NA,NA,NA,NA,NA,NA,NA,NA,NA,NA,NA,NA,NA,NA,NA,NA,NA,NA,NA,NA,NA,NA,NA,NA,NA,NA,NA,NA,NA,NA,NA,NA,NA,NA,NA,NA,NA,NA,NA,NA,NA,NA,NA,NA,NA,NA
NA,NA,NA,NA,NA,NA,NA,NA,NA,NA,NA,NA,NA,NA,NA,NA,258,2025-06-03,20:26:08,4,2,"Heinrich, Mitchell",1000313081,Right,EDM_RIV,"McAfee, Xander",830171,Right,VIC_HAR,Undefined,8,Top,1,1,0,Undefined,Four-Seam,InPlay,Undefined,GroundBall,Double,0,0,NA,85.7404,-3.929486,-1.406577,2081.043082,204.331473,12:45:00,7.09934,0.71198,6.01577,-20.19371,18.78887,7.77717,1.76974,0.05687,76.65933,-7.788863,-0.006787,0.449373,88.65722,-7.69454,-43.82038,NA,NA,NA,NA,16.38292,16.17947,-37.778785,0.111373,-4.51181,11.52879,-0.60594,50,6.78004,2.72817,-123.94107,-9.06526,-6.82209,31.21671,-14.74187,EDM_RIV,VIC_HAR,ReMaxField,WCL,WCL,20250603-ReMaxField-1,a92f3800-40f3-11f0-a7a5-433c097ba25c,83.87793,1.94181,NA,9.08107,NA,NA,NA,2.57901,1.94181,-0.08509,0bdbd4b3-898e-42a4-aa80-c2a84fb0bbcf,2025-06-04,03:26:08,2025-06-04T03:26:08Z,2025-06-04T03:26:08Z,GroundBall,v3,NA,NA,NA,"Green, Jason",1000435054,Right,EDM_RIV,bd52bb59-4ace-4c3a-b0cd-2e759e99ef09,54.47947,-125.06421,15.60835,7.09666,-8.53486,-7.37094,-0.70851,2.97362,-3.41105,180,2.5766,93.10814,NA,NA,NA,NA,NA,NA,NA,1.94226,-17.43512,NA,NA,NA,NA,NA,NA,NA,-0.08278,-89.35109,NA,NA,NA,NA,NA,NA,NA,NA,NA,NA,NA,NA,NA,NA,NA,NA,NA,NA,NA,NA,NA,NA,NA,NA,NA,NA,NA,NA,NA,High,High,High,Low,High,NA,NA,NA,NA,NA,NA,NA,NA,NA,NA,NA,NA,NA,NA,NA,NA,NA,NA,NA,NA,NA,NA,NA,NA,NA,NA,NA,NA,NA,NA,NA,NA,NA,NA,NA,NA,NA,NA,NA,NA,NA,NA,NA,NA,NA,NA,NA,NA,NA,NA,NA,NA,NA,NA,NA,NA
NA,NA,NA,NA,NA,NA,NA,NA,NA,NA,NA,NA,NA,NA,NA,NA,259,2025-06-03,20:27:31,5,1,"Heinrich, Mitchell",1000313081,Right,EDM_RIV,"Hepburn, Kyle",1000133394,Right,VIC_HAR,Undefined,8,Top,1,0,0,Undefined,Four-Seam,FoulBallNotFieldable,Undefined,Undefined,Undefined,0,0,NA,86.43997,-3.507206,-1.360291,2070.081469,187.705626,12:15:00,7.12945,0.56265,6.01296,-18.95198,19.27816,2.40225,2.29615,-0.49752999999999997,77.40389,-7.141257,-0.92809,0.445015,70.59857,46.53258,123.195441,5918.821964,-72.15591,64.31684,83.02716,206.91442,67.68723,134.525942,3.758446,-1.71213,11.57323,-0.45723,50,6.84383,2.87022,-125.03056,-8.17354,-2.64209,31.11626,-14.31464,EDM_RIV,VIC_HAR,ReMaxField,WCL,WCL,20250603-ReMaxField-1,db3a0a50-40f3-11f0-a7a5-433c097ba25c,84.69931,64.36217,NA,9.03608,NA,NA,NA,1.89769,2.11795,0.35657,0bdbd4b3-898e-42a4-aa80-c2a84fb0bbcf,2025-06-04,03:27:31,2025-06-04T03:27:31Z,2025-06-04T03:27:31Z,Popup,v3,NA,NA,NA,"Green, Jason",1000435054,Right,EDM_RIV,77e43473-493c-41b8-8ebe-857f11558dfc,54.48186,-126.14102,15.55813,7.1264,-7.66268,-7.15732,-0.56135,2.9645,-1.32105,312.907301,1.89571,-38.93095,-2.94054,2.59778,-1.81313,1.04849,-0.37867,0.07204,-0.00546,2.11411,75.25455,-27.14862,4.16951,-1.7168,0.72081,-0.19764,0.02809,-0.00154,0.34881,59.84642,-14.04777,6.88898,-4.51911,2.50013,-0.84183,0.14819,-0.01043,NA,NA,NA,NA,NA,NA,NA,NA,NA,NA,NA,NA,NA,NA,NA,NA,NA,NA,NA,NA,NA,NA,High,High,High,High,Low,NA,NA,NA,NA,NA,NA,NA,NA,NA,NA,NA,NA,NA,NA,NA,NA,NA,NA,NA,NA,NA,NA,NA,NA,NA,NA,NA,NA,NA,NA,NA,NA,NA,NA,NA,NA,NA,NA,NA,NA,NA,NA,NA,NA,NA,NA,NA,NA,NA,NA,NA,NA,NA,NA,NA,NA
NA,NA,NA,NA,NA,NA,NA,NA,NA,NA,NA,NA,NA,NA,NA,NA,260,2025-06-03,20:27:48,5,2,"Heinrich, Mitchell",1000313081,Right,EDM_RIV,"Hepburn, Kyle",1000133394,Right,VIC_HAR,Undefined,8,Top,1,0,1,Undefined,Changeup,BallCalled,Undefined,Undefined,Undefined,0,0,NA,77.25464,-4.645721,-1.790437,1724.242943,207.775307,01:00:00,6.98814,0.56687,6.19118,-30.10695,16.08997,7.73674,0.17848,-0.44198,71.84569,-10.202707,-0.391748,0.48919,NA,NA,NA,NA,NA,NA,NA,NA,NA,NA,NA,-4.51268,9.98182,-0.43596,50,6.62186,3.24162,-111.97924,-9.91839,-5.77332,18.78718,-19.40381,EDM_RIV,VIC_HAR,ReMaxField,WCL,WCL,20250603-ReMaxField-1,e510a7f0-40f3-11f0-a7a5-433c097ba25c,77.05068,NA,NA,5.40896,NA,NA,NA,NA,NA,NA,0bdbd4b3-898e-42a4-aa80-c2a84fb0bbcf,2025-06-04,03:27:48,2025-06-04T03:27:48Z,2025-06-04T03:27:48Z,NA,v3,NA,NA,NA,"Green, Jason",1000435054,Right,EDM_RIV,4dec5c04-79f6-4e3d-916c-ddefb8b1bfff,54.30937,-112.69992,9.39359,6.98806,-9.17405,-9.7019,-0.56455,3.46309,-2.88666,NA,NA,NA,NA,NA,NA,NA,NA,NA,NA,NA,NA,NA,NA,NA,NA,NA,NA,NA,NA,NA,NA,NA,NA,NA,NA,NA,NA,NA,NA,NA,NA,NA,NA,NA,NA,NA,NA,NA,NA,NA,NA,NA,NA,NA,NA,NA,NA,NA,NA,High,High,High,NA,NA,NA,NA,NA,NA,NA,NA,NA,NA,NA,NA,NA,NA,NA,NA,NA,NA,NA,NA,NA,NA,NA,NA,NA,NA,NA,NA,NA,NA,NA,NA,NA,NA,NA,NA,NA,NA,NA,NA,NA,NA,NA,NA,NA,NA,NA,NA,NA,NA,NA,NA,NA,NA,NA,NA,NA,NA
NA,NA,NA,NA,NA,NA,NA,NA,NA,NA,NA,NA,NA,NA,NA,NA,261,2025-06-03,20:28:05,5,3,"Heinrich, Mitchell",1000313081,Right,EDM_RIV,"Hepburn, Kyle",1000133394,Right,VIC_HAR,Undefined,8,Top,1,1,1,Undefined,Four-Seam,InPlay,Undefined,FlyBall,Sacrifice,1,1,NA,85.81543,-3.287757,-0.603383,2129.208747,196.271296,12:30:00,7.22475,0.46781,5.85974,-15.81233,22.51415,6.18264,2.84905,0.42244,78.02171,-6.322404,0.505767,0.445575,102.72825,40.635995,-6.567088,3111.942065,105.79283,92.54981,-30.13079,313.64894,272.96599,-25.102636,5.945832,-3.36099,12.92182,-0.42258,50,6.94883,1.06064,-124.39043,-7.55936,-5.22493,26.76701,-12.08594,EDM_RIV,VIC_HAR,ReMaxField,WCL,WCL,20250603-ReMaxField-1,ef62de30-40f3-11f0-a7a5-433c097ba25c,84.59282,127.04915,NA,7.79372,NA,NA,NA,NA,NA,NA,0bdbd4b3-898e-42a4-aa80-c2a84fb0bbcf,2025-06-04,03:28:05,2025-06-04T03:28:05Z,2025-06-04T03:28:05Z,FlyBall,v3,NA,NA,NA,"Green, Jason",1000435054,Right,EDM_RIV,2b55ef69-5c3d-461e-b9ac-f075b9f891ff,54.63855,-125.38461,13.38351,7.22126,-7.11046,-6.04297,-0.46558,1.2547,-2.61247,150.417373,2.12672,113.27658,-32.64097,7.96753,-0.94936,-0.11672,0.06072,-0.00809,3.7e-4,2.42515,98.39752,-22.94868,1.83821,-0.29643,0.04241,0.00206,-0.00133,1e-4,-5.2616,-13.26264,-8.61628,3.38923,-0.64323,0.02439,0.01303,-0.00219,1.1e-4,NA,NA,NA,NA,NA,NA,NA,NA,NA,NA,NA,NA,NA,NA,NA,NA,NA,NA,NA,NA,NA,NA,High,High,High,Low,Low,NA,NA,NA,NA,NA,NA,NA,NA,NA,NA,NA,NA,NA,NA,NA,NA,NA,NA,NA,NA,NA,NA,NA,NA,NA,NA,NA,NA,NA,NA,NA,NA,NA,NA,NA,NA,NA,NA,NA,NA,NA,NA,NA,NA,NA,NA,NA,NA,NA,NA,NA,NA,NA,NA,NA,NA
NA,NA,NA,NA,NA,NA,NA,NA,NA,NA,NA,NA,NA,NA,NA,NA,262,2025-06-03,20:28:45,6,1,"Heinrich, Mitchell",1000313081,Right,EDM_RIV,"Shepherd, Logan",10291002,Right,VIC_HAR,Undefined,8,Top,2,0,0,Undefined,Four-Seam,InPlay,Undefined,GroundBall,Out,1,0,NA,85.9396,-3.435837,-1.744273,2167.137702,192.780017,12:30:00,7.17513,0.47211,5.92375,-17.4178,20.91938,4.43063,2.53012,-0.77773,77.82835,-6.76741,-0.948834,0.445637,66.69557,-28.602435,-11.10602,NA,NA,NA,NA,7.1057,6.76671,-1.888248,0.057646,-2.82937,12.22469,-0.3351,50,6.89018,3.61125,-124.45103,-7.94234,-4.3819,27.88923,-13.24135,EDM_RIV,VIC_HAR,ReMaxField,WCL,WCL,20250603-ReMaxField-1,06c6dfe0-40f4-11f0-a7a5-433c097ba25c,84.58099,2.71119,NA,8.11125,NA,NA,NA,2.22279,2.71119,0.72363,0bdbd4b3-898e-42a4-aa80-c2a84fb0bbcf,2025-06-04,03:28:45,2025-06-04T03:28:45Z,2025-06-04T03:28:45Z,GroundBall,v3,NA,NA,NA,"Green, Jason",1000435054,Right,EDM_RIV,233dd835-6113-4de2-bc22-422dad4c8334,54.57374,-125.47181,13.94461,7.17201,-7.45769,-6.62068,-0.47022,3.77163,-2.19095,180,2.2194,84.63884,NA,NA,NA,NA,NA,NA,NA,2.71307,-47.03206,NA,NA,NA,NA,NA,NA,NA,0.72429,-16.61472,NA,NA,NA,NA,NA,NA,NA,NA,NA,NA,NA,NA,NA,NA,NA,NA,NA,NA,NA,NA,NA,NA,NA,NA,NA,NA,NA,NA,NA,High,High,High,High,High,NA,NA,NA,NA,NA,NA,NA,NA,NA,NA,NA,NA,NA,NA,NA,NA,NA,NA,NA,NA,NA,NA,NA,NA,NA,NA,NA,NA,NA,NA,NA,NA,NA,NA,NA,NA,NA,NA,NA,NA,NA,NA,NA,NA,NA,NA,NA,NA,NA,NA,NA,NA,NA,NA,NA,NA
NA,NA,NA,NA,NA,NA,NA,NA,NA,NA,NA,NA,NA,NA,NA,NA,263,2025-06-03,20:31:24,1,1,"Ondus, John",1000301829,Right,VIC_HAR,"Yzermans, Grant",1000325816,Right,EDM_RIV,Undefined,8,Bottom,0,0,0,Undefined,Changeup,FoulBallNotFieldable,Undefined,Undefined,Undefined,0,0,NA,84.29339,-0.791126,-3.170902,2079.04086,218.809446,01:15:00,5.6017,1.79107,6.22084,-25.24403,13.95213,10.14182,2.76685,-0.2927,76.51571,-5.564615,-1.342547,0.450602,72.51292,62.152618,84.676604,NA,NA,NA,NA,NA,10.11758,NA,NA,-6.223,7.86713,-1.55855,50,5.52986,6.38429,-122.25449,-2.41112,-9.33647,26.05553,-20.37084,EDM_RIV,VIC_HAR,ReMaxField,WCL,WCL,20250603-ReMaxField-1,65db8ad0-40f4-11f0-a7a5-433c097ba25c,83.64905,20.91474,NA,7.77768,NA,NA,NA,0.76213,2.88047,0.32943,0bdbd4b3-898e-42a4-aa80-c2a84fb0bbcf,2025-06-04,03:31:24,2025-06-04T03:31:24Z,2025-06-04T03:31:24Z,NA,v3,NA,NA,NA,"Carrion, Enrico",1000133295,Right,VIC_HAR,d7c86989-dd0f-4294-9ef4-68a148f69d19,54.27705,-123.16267,13.02777,5.60152,-1.70108,-10.18542,-1.78675,6.70972,-4.66824,207.08097,0.76375,4.50303,-9.8832,NA,NA,NA,NA,NA,NA,2.88164,93.95931,-25.62403,NA,NA,NA,NA,NA,NA,0.33028,49.40937,-8.05048,NA,NA,NA,NA,NA,NA,NA,NA,NA,NA,NA,NA,NA,NA,NA,NA,NA,NA,NA,NA,NA,NA,NA,NA,NA,NA,NA,NA,High,High,High,Low,Undefined,NA,NA,NA,NA,NA,NA,NA,NA,NA,NA,NA,NA,NA,NA,NA,NA,NA,NA,NA,NA,NA,NA,NA,NA,NA,NA,NA,NA,NA,NA,NA,NA,NA,NA,NA,NA,NA,NA,NA,NA,NA,NA,NA,NA,NA,NA,NA,NA,NA,NA,NA,NA,NA,NA,NA,NA
NA,NA,NA,NA,NA,NA,NA,NA,NA,NA,NA,NA,NA,NA,NA,NA,264,2025-06-03,20:31:44,1,2,"Ondus, John",1000301829,Right,VIC_HAR,"Yzermans, Grant",1000325816,Right,EDM_RIV,Undefined,8,Bottom,0,0,1,Undefined,Changeup,FoulBallNotFieldable,Undefined,Undefined,Undefined,0,0,NA,83.29621,0.362227,-2.726257,2109.451885,223.995592,01:30:00,5.63673,1.63711,6.24376,-26.38395,14.30938,12.29241,3.77255,0.14503,74.38004,-4.674393,-0.50843,0.459127,64.03548,49.914285,128.703425,5007.173447,-88.83795,55.16797,64.86764,157.43842,81.694,150.179675,3.633589,-7.2854,7.73162,-1.43974,50,5.65091,5.26474,-120.665,0.03412,-10.47827,28.83719,-21.05398,EDM_RIV,VIC_HAR,ReMaxField,WCL,WCL,20250603-ReMaxField-1,71758350-40f4-11f0-a7a5-433c097ba25c,82.09584,61.09429,NA,8.91617,NA,NA,NA,0.32575,3.66469,-0.14397,0bdbd4b3-898e-42a4-aa80-c2a84fb0bbcf,2025-06-04,03:31:44,2025-06-04T03:31:44Z,2025-06-04T03:31:44Z,Popup,v3,NA,NA,NA,"Carrion, Enrico",1000133295,Right,VIC_HAR,637a9248-a93b-416b-bad6-78fc77501329,54.25088,-121.67666,14.4186,5.63676,0.77273,-10.52699,-1.63088,5.63234,-5.23913,313.307109,0.32547,-37.8086,-2.04769,1.11185,-0.18367,-0.02502,0.01946,-0.00382,3e-4,3.66512,71.84158,-26.16503,2.89764,-0.40736,-0.03318,0.03316,-0.00697,5.2e-4,-0.14471,47.21869,-12.46084,2.9112,-0.78586,0.24728,-0.06799,0.01036,-5.9e-4,NA,NA,NA,NA,NA,NA,NA,NA,NA,NA,NA,NA,NA,NA,NA,NA,NA,NA,NA,NA,NA,NA,High,High,High,High,Low,NA,NA,NA,NA,NA,NA,NA,NA,NA,NA,NA,NA,NA,NA,NA,NA,NA,NA,NA,NA,NA,NA,NA,NA,NA,NA,NA,NA,NA,NA,NA,NA,NA,NA,NA,NA,NA,NA,NA,NA,NA,NA,NA,NA,NA,NA,NA,NA,NA,NA,NA,NA,NA,NA,NA,NA
NA,NA,NA,NA,NA,NA,NA,NA,NA,NA,NA,NA,NA,NA,NA,NA,265,2025-06-03,20:32:07,1,3,"Ondus, John",1000301829,Right,VIC_HAR,"Yzermans, Grant",1000325816,Right,EDM_RIV,Undefined,8,Bottom,0,0,2,Undefined,Changeup,BallCalled,Undefined,Undefined,Undefined,0,0,NA,84.84919,-2.537966,-5.131174,2146.35354,221.847459,01:30:00,5.63714,1.52676,6.56875,-23.32529,14.69761,12.07981,1.35599,-2.18282,77.8615,-6.947092,-2.947234,0.443807,NA,NA,NA,NA,NA,NA,NA,NA,NA,NA,NA,-7.6917,8.77709,-1.17752,50,5.45181,10.58108,-122.82569,-6.08541,-11.78149,23.71826,-18.73002,EDM_RIV,VIC_HAR,ReMaxField,WCL,WCL,20250603-ReMaxField-1,7f200c50-40f4-11f0-a7a5-433c097ba25c,84.92982,NA,NA,6.98769,NA,NA,NA,NA,NA,NA,0bdbd4b3-898e-42a4-aa80-c2a84fb0bbcf,2025-06-04,03:32:07,2025-06-04T03:32:07Z,2025-06-04T03:32:07Z,NA,v3,NA,NA,NA,"Carrion, Enrico",1000133295,Right,VIC_HAR,e56d9b79-181d-43eb-8f5f-b30653fa34f3,53.92948,-123.58216,11.85913,5.63637,-5.48803,-9.36501,-1.52098,10.95684,-5.89074,NA,NA,NA,NA,NA,NA,NA,NA,NA,NA,NA,NA,NA,NA,NA,NA,NA,NA,NA,NA,NA,NA,NA,NA,NA,NA,NA,NA,NA,NA,NA,NA,NA,NA,NA,NA,NA,NA,NA,NA,NA,NA,NA,NA,NA,NA,NA,NA,NA,NA,High,High,High,NA,NA,NA,NA,NA,NA,NA,NA,NA,NA,NA,NA,NA,NA,NA,NA,NA,NA,NA,NA,NA,NA,NA,NA,NA,NA,NA,NA,NA,NA,NA,NA,NA,NA,NA,NA,NA,NA,NA,NA,NA,NA,NA,NA,NA,NA,NA,NA,NA,NA,NA,NA,NA,NA,NA,NA,NA,NA
NA,NA,NA,NA,NA,NA,NA,NA,NA,NA,NA,NA,NA,NA,NA,NA,266,2025-06-03,20:32:23,1,4,"Ondus, John",1000301829,Right,VIC_HAR,"Yzermans, Grant",1000325816,Right,EDM_RIV,Undefined,8,Bottom,0,1,2,Undefined,Changeup,InPlay,Undefined,LineDrive,Single,0,0,NA,84.9057,0.940839,-2.555822,2141.074567,226.241438,01:30:00,5.50211,1.76067,6.41115,-25.81584,12.48489,11.69182,4.21676,0.38354,76.93854,-3.960841,-0.439593,0.445425,76.40224,22.071222,9.493602,2702.515332,107.67433,32.60831,22.49974,218.04371,218.04371,15.011249,3.021141,-6.85697,6.61146,-1.58277,50,5.55765,5.05614,-123.24229,1.30261,-10.45751,26.41425,-22.09096,EDM_RIV,VIC_HAR,ReMaxField,WCL,WCL,20250603-ReMaxField-1,892ed0f0-40f4-11f0-a7a5-433c097ba25c,84.62124,32.9072,NA,7.96715,NA,NA,NA,0.36481,4.20458,-0.36531,0bdbd4b3-898e-42a4-aa80-c2a84fb0bbcf,2025-06-04,03:32:23,2025-06-04T03:32:23Z,2025-06-04T03:32:23Z,LineDrive,v3,NA,NA,NA,"Carrion, Enrico",1000133295,Right,VIC_HAR,79128588-cc41-4728-9305-a79d2d78b860,54.08645,-124.11504,13.20712,5.50255,2.03252,-11.04548,-1.75553,5.40167,-5.22876,210.850215,0.3648,102.42379,-17.79959,3.75988,-0.83525,0.21804,-0.05558,0.00923,-6.7e-4,4.20481,42.09406,-16.82416,1.06439,0.18167,-0.29332,0.12358,-0.02409,0.0018600000000000001,-0.36532,17.12841,0.88811,-0.16712,0.01651,0.00712,-0.00395,8.2e-4,-7e-5,NA,NA,NA,NA,NA,NA,NA,NA,NA,NA,NA,NA,NA,NA,NA,NA,NA,NA,NA,NA,NA,NA,High,High,High,High,High,NA,NA,NA,NA,NA,NA,NA,NA,NA,NA,NA,NA,NA,NA,NA,NA,NA,NA,NA,NA,NA,NA,NA,NA,NA,NA,NA,NA,NA,NA,NA,NA,NA,NA,NA,NA,NA,NA,NA,NA,NA,NA,NA,NA,NA,NA,NA,NA,NA,NA,NA,NA,NA,NA,NA,NA
NA,NA,NA,NA,NA,NA,NA,NA,NA,NA,NA,NA,NA,NA,NA,NA,267,2025-06-03,20:33:03,2,1,"Ondus, John",1000301829,Right,VIC_HAR,"Phelps, Robert",1000435056,Right,EDM_RIV,Undefined,8,Bottom,0,0,0,Undefined,Changeup,FoulBallNotFieldable,Undefined,Undefined,Undefined,0,0,NA,84.0854,-0.48088,-3.47779,2120.068896,216.23349,01:15:00,5.70912,1.65324,6.33737,-24.06549,15.65647,10.3639,3.26009,-0.68908,75.3456,-5.087499,-1.606738,0.453614,NA,NA,NA,NA,NA,NA,NA,NA,NA,NA,NA,-6.55485,8.73398,-1.40437,50,5.66277,7.00049,-121.78133,-1.66731,-9.63289,28.69333,-19.33871,EDM_RIV,VIC_HAR,ReMaxField,WCL,WCL,20250603-ReMaxField-1,a1089ee0-40f4-11f0-a7a5-433c097ba25c,83.0936,NA,NA,8.7398,NA,NA,NA,NA,NA,NA,0bdbd4b3-898e-42a4-aa80-c2a84fb0bbcf,2025-06-04,03:33:03,2025-06-04T03:33:03Z,2025-06-04T03:33:03Z,NA,v3,NA,NA,NA,"Carrion, Enrico",1000133295,Right,VIC_HAR,3442bd7e-70b7-4520-91a2-0426415ca04f,54.15797,-122.75709,14.34666,5.70828,-1.00967,-9.66935,-1.64801,7.32807,-4.81645,NA,NA,NA,NA,NA,NA,NA,NA,NA,NA,NA,NA,NA,NA,NA,NA,NA,NA,NA,NA,NA,NA,NA,NA,NA,NA,NA,NA,NA,NA,NA,NA,NA,NA,NA,NA,NA,NA,NA,NA,NA,NA,NA,NA,NA,NA,NA,NA,NA,NA,High,High,High,NA,NA,NA,NA,NA,NA,NA,NA,NA,NA,NA,NA,NA,NA,NA,NA,NA,NA,NA,NA,NA,NA,NA,NA,NA,NA,NA,NA,NA,NA,NA,NA,NA,NA,NA,NA,NA,NA,NA,NA,NA,NA,NA,NA,NA,NA,NA,NA,NA,NA,NA,NA,NA,NA,NA,NA,NA,NA
NA,NA,NA,NA,NA,NA,NA,NA,NA,NA,NA,NA,NA,NA,NA,NA,268,2025-06-03,20:33:25,2,2,"Ondus, John",1000301829,Right,VIC_HAR,"Phelps, Robert",1000435056,Right,EDM_RIV,Undefined,8,Bottom,0,0,1,Undefined,Changeup,FoulBallNotFieldable,Undefined,Undefined,Undefined,0,0,NA,85.33284,-0.479906,-3.071757,2012.569869,216.833137,01:15:00,5.65168,1.71037,6.41271,-24.66352,12.8567,8.77315,3.15452,-0.3854,78.31161,-5.133434,-1.484472,0.440863,78.99208,53.551953,51.734129,5467.190925,NA,NA,NA,NA,65.38354,NA,NA,-5.41752,7.19662,-1.49449,50,5.60595,6.32623,-123.96009,-1.73704,-8.45754,24.00865,-20.93911,EDM_RIV,VIC_HAR,ReMaxField,WCL,WCL,20250603-ReMaxField-1,add942a0-40f4-11f0-a7a5-433c097ba25c,85.49685,80.97915,NA,7.02122,NA,NA,NA,0.82606,2.9661,0.38182,0bdbd4b3-898e-42a4-aa80-c2a84fb0bbcf,2025-06-04,03:33:25,2025-06-04T03:33:25Z,2025-06-04T03:33:25Z,NA,v3,NA,NA,NA,"Carrion, Enrico",1000133295,Right,VIC_HAR,452fa386-698c-4436-b946-b647720d909f,54.0868,-124.74911,12.00432,5.65173,-1.04889,-10.46955,-1.70696,6.60418,-4.22877,208.874825,0.82606,42.62637,-20.0585,6.87612,-1.91601,0.5026,-0.13934,0.03649,-0.00571,2.9661,93.19318,-26.53737,2.72694,-0.28387,-0.015,0.00775,0.00264,-0.00119,0.38182,54.0405,-7.0082700000000004,0.96154,-0.01969,-0.03347,0.0037,0.00432,-0.00146,NA,NA,NA,NA,NA,NA,NA,NA,NA,NA,NA,NA,NA,NA,NA,NA,NA,NA,NA,NA,NA,NA,High,High,High,Medium,Undefined,NA,NA,NA,NA,NA,NA,NA,NA,NA,NA,NA,NA,NA,NA,NA,NA,NA,NA,NA,NA,NA,NA,NA,NA,NA,NA,NA,NA,NA,NA,NA,NA,NA,NA,NA,NA,NA,NA,NA,NA,NA,NA,NA,NA,NA,NA,NA,NA,NA,NA,NA,NA,NA,NA,NA,NA
NA,NA,NA,NA,NA,NA,NA,NA,NA,NA,NA,NA,NA,NA,NA,NA,269,2025-06-03,20:33:51,2,3,"Ondus, John",1000301829,Right,VIC_HAR,"Phelps, Robert",1000435056,Right,EDM_RIV,Undefined,8,Bottom,0,0,2,Undefined,Four-Seam,InPlay,Undefined,FlyBall,Out,1,0,NA,85.36733,-0.219834,-2.482625,2087.470207,210.86595,01:00:00,5.64467,1.73622,6.4007,-24.18072,13.57245,7.37453,3.42725,0.06629,77.75542,-4.805994,-1.147847,0.44223,85.02812,25.636653,6.237849,2590.252409,108.55583,43.97665,17.76455,273.83457,266.43544,13.690931,3.736031,-4.57996,7.51819,-1.56141,50,5.61773,5.09813,-123.97913,-1.15074,-7.09477,25.88377,-20.52773,EDM_RIV,VIC_HAR,ReMaxField,WCL,WCL,20250603-ReMaxField-1,bd546cf0-40f4-11f0-a7a5-433c097ba25c,85.23269,49.08171,NA,7.6119,NA,NA,NA,0.82952,3.40699,-0.05702,0bdbd4b3-898e-42a4-aa80-c2a84fb0bbcf,2025-06-04,03:33:51,2025-06-04T03:33:51Z,2025-06-04T03:33:51Z,LineDrive,v3,NA,NA,NA,"Carrion, Enrico",1000133295,Right,VIC_HAR,3f692117-ba2c-4151-b733-df63dfcedfff,54.09774,-124.8317,12.94189,5.6445,-0.47458,-10.26387,-1.73318,5.33182,-3.54738,216.469041,0.82873,111.78708,-20.49951,4.78738,-1.17648,0.32455,-0.08052,0.01241,-7.9e-4,3.40785,53.93321,-17.17288,0.70996,0.11949,-0.11327,0.03647,-0.00501,2.3e-4,-0.05674,12.21038,4.17711,-1.62769,0.43089,-0.08699,0.01311,-0.00116,4e-5,NA,NA,NA,NA,NA,NA,NA,NA,NA,NA,NA,NA,NA,NA,NA,NA,NA,NA,NA,NA,NA,NA,High,High,High,High,High,NA,NA,NA,NA,NA,NA,NA,NA,NA,NA,NA,NA,NA,NA,NA,NA,NA,NA,NA,NA,NA,NA,NA,NA,NA,NA,NA,NA,NA,NA,NA,NA,NA,NA,NA,NA,NA,NA,NA,NA,NA,NA,NA,NA,NA,NA,NA,NA,NA,NA,NA,NA,NA,NA,NA,NA
NA,NA,NA,NA,NA,NA,NA,NA,NA,NA,NA,NA,NA,NA,NA,NA,270,2025-06-03,20:34:31,3,1,"Ondus, John",1000301829,Right,VIC_HAR,"Ossanna, David",1000435044,Right,EDM_RIV,Undefined,8,Bottom,1,0,0,Undefined,Changeup,StrikeCalled,Undefined,Undefined,Undefined,0,0,NA,83.88637,-0.464661,-1.542623,2030.395907,215.521147,01:15:00,5.58265,1.80375,6.35916,-27.24919,11.7943,7.52756,2.88408,1.01098,76.66728,-5.599773,-0.179452,0.449724,NA,NA,NA,NA,NA,NA,NA,NA,NA,NA,NA,-4.33126,6.66528,-1.6952,50,5.53629,2.99547,-121.88661,-1.76811,-6.50281,24.4019,-22.16704,EDM_RIV,VIC_HAR,ReMaxField,WCL,WCL,20250603-ReMaxField-1,d5711040-40f4-11f0-a7a5-433c097ba25c,83.81244,NA,NA,7.2191,NA,NA,NA,NA,NA,NA,0bdbd4b3-898e-42a4-aa80-c2a84fb0bbcf,2025-06-04,03:34:31,2025-06-04T03:34:31Z,2025-06-04T03:34:31Z,NA,v3,NA,NA,NA,"Carrion, Enrico",1000133295,Right,VIC_HAR,13696233-30a8-43ed-8514-f3e17b4b897f,54.1379,-122.71223,12.20095,5.58342,-1.0181,-11.08352,-1.80027,3.21548,-3.25141,NA,NA,NA,NA,NA,NA,NA,NA,NA,NA,NA,NA,NA,NA,NA,NA,NA,NA,NA,NA,NA,NA,NA,NA,NA,NA,NA,NA,NA,NA,NA,NA,NA,NA,NA,NA,NA,NA,NA,NA,NA,NA,NA,NA,NA,NA,NA,NA,NA,NA,High,High,High,NA,NA,NA,NA,NA,NA,NA,NA,NA,NA,NA,NA,NA,NA,NA,NA,NA,NA,NA,NA,NA,NA,NA,NA,NA,NA,NA,NA,NA,NA,NA,NA,NA,NA,NA,NA,NA,NA,NA,NA,NA,NA,NA,NA,NA,NA,NA,NA,NA,NA,NA,NA,NA,NA,NA,NA,NA,NA
NA,NA,NA,NA,NA,NA,NA,NA,NA,NA,NA,NA,NA,NA,NA,NA,271,2025-06-03,20:34:51,3,2,"Ondus, John",1000301829,Right,VIC_HAR,"Ossanna, David",1000435044,Right,EDM_RIV,Undefined,8,Bottom,1,0,1,Undefined,Changeup,FoulBallNotFieldable,Undefined,Undefined,Undefined,0,0,NA,84.35505,-0.632848,-1.759827,2079.10532,220.501374,01:15:00,5.57095,1.79245,6.25135,-23.9693,15.58698,12.01764,2.98959,1.17048,75.54705,-5.217668,0.411406,0.452667,41.62577,44.283323,128.815597,4959.999652,NA,NA,NA,91.45036,50.93595,139.049951,2.46913,-6.84441,8.73359,-1.66739,50,5.51229,3.29182,-122.31426,-2.00683,-10.12599,29.3917,-19.25308,EDM_RIV,VIC_HAR,ReMaxField,WCL,WCL,20250603-ReMaxField-1,e0ffe530-40f4-11f0-a7a5-433c097ba25c,83.26744,26.97669,NA,8.808,NA,NA,NA,1.72389,2.9534,-1.18862,0bdbd4b3-898e-42a4-aa80-c2a84fb0bbcf,2025-06-04,03:34:51,2025-06-04T03:34:51Z,2025-06-04T03:34:51Z,Popup,v3,NA,NA,NA,"Carrion, Enrico",1000133295,Right,VIC_HAR,4967115c-f579-4866-9406-a1388d3cd6aa,54.2447,-123.33002,14.69585,5.57015,-1.34145,-9.62654,-1.7872,3.64178,-5.063,308.52627,1.72399,-27.40135,-1.69302,0.74279,0.10389,-0.32426,0.2007,-0.05958,0.00706,2.95326,42.63378,-20.42575,1.78511,-0.72441,0.48786,-0.2536,0.07148,-0.00792,-1.1887,34.0587,-6.6398,1.93769,-0.49896,0.11823,-0.01025,-0.00939,0.00261,NA,NA,NA,NA,NA,NA,NA,NA,NA,NA,NA,NA,NA,NA,NA,NA,NA,NA,NA,NA,NA,NA,High,High,High,High,Medium,NA,NA,NA,NA,NA,NA,NA,NA,NA,NA,NA,NA,NA,NA,NA,NA,NA,NA,NA,NA,NA,NA,NA,NA,NA,NA,NA,NA,NA,NA,NA,NA,NA,NA,NA,NA,NA,NA,NA,NA,NA,NA,NA,NA,NA,NA,NA,NA,NA,NA,NA,NA,NA,NA,NA,NA
NA,NA,NA,NA,NA,NA,NA,NA,NA,NA,NA,NA,NA,NA,NA,NA,272,2025-06-03,20:35:16,3,3,"Ondus, John",1000301829,Right,VIC_HAR,"Ossanna, David",1000435044,Right,EDM_RIV,Undefined,8,Bottom,1,0,2,Undefined,Changeup,InPlay,Undefined,FlyBall,Out,1,0,NA,84.42248,-0.97087,-2.185925,2021.222956,216.374262,01:15:00,5.59819,1.70106,6.30302,-22.86336,16.34312,10.9793,2.7977,0.60111,76.04648,-5.342612,-0.201067,0.450661,81.48512,48.031128,-17.086229,4037.842368,106.65527,104.29872,-26.91921,226.869,225.47146,-12.610124,5.529808,-6.43744,9.23123,-1.5457,50,5.51597,4.25575,-122.45778,-2.69075,-9.60572,28.09308,-18.39951,EDM_RIV,VIC_HAR,ReMaxField,WCL,WCL,20250603-ReMaxField-1,f0250040-40f4-11f0-a7a5-433c097ba25c,83.63806,111.77133,NA,8.376,NA,NA,NA,2.62495,2.89526,-0.60973,0bdbd4b3-898e-42a4-aa80-c2a84fb0bbcf,2025-06-04,03:35:16,2025-06-04T03:35:16Z,2025-06-04T03:35:16Z,FlyBall,v3,NA,NA,NA,"Carrion, Enrico",1000133295,Right,VIC_HAR,09941b35-3268-4593-b9d7-3a139540f89a,54.19408,-123.41619,14.04654,5.59706,-2.06304,-9.19976,-1.69648,4.58346,-4.80286,191.418106,2.63125,76.27178,-16.718139999999998,3.50291,-0.33832,-0.05817,0.02421,-0.003,1.3e-4,2.89119,88.92105,-21.52079,1.96749,-0.32205,0.01366,0.01018,-0.00219,1.3e-4,-0.61305,-23.41676,8.00832,-2.08415,0.29903,0.00397,-0.00991,0.00147,-7e-5,NA,NA,NA,NA,NA,NA,NA,NA,NA,NA,NA,NA,NA,NA,NA,NA,NA,NA,NA,NA,NA,NA,High,High,High,High,Medium,NA,NA,NA,NA,NA,NA,NA,NA,NA,NA,NA,NA,NA,NA,NA,NA,NA,NA,NA,NA,NA,NA,NA,NA,NA,NA,NA,NA,NA,NA,NA,NA,NA,NA,NA,NA,NA,NA,NA,NA,NA,NA,NA,NA,NA,NA,NA,NA,NA,NA,NA,NA,NA,NA,NA,NA
NA,NA,NA,NA,NA,NA,NA,NA,NA,NA,NA,NA,NA,NA,NA,NA,273,2025-06-03,20:35:54,4,1,"Ondus, John",1000301829,Right,VIC_HAR,"Sato, Shiryu",1000435057,Right,EDM_RIV,Undefined,8,Bottom,2,0,0,Undefined,Changeup,HitByPitch,Undefined,Undefined,Undefined,0,0,NA,83.82345,0.570789,-0.795684,2078.110355,224.557729,01:30:00,5.71623,1.7672,6.43512,-25.41281,13.66304,12.20178,4.12313,2.05273,76.28734,-4.256066,1.41675,0.44991,NA,NA,NA,NA,NA,NA,NA,NA,NA,NA,NA,-6.63776,7.35323,-1.71595,50,5.74527,1.2465,-121.8448,0.52051,-9.91873,25.28442,-21.18617,EDM_RIV,VIC_HAR,ReMaxField,WCL,WCL,20250603-ReMaxField-1,06a95050-40f5-11f0-a7a5-433c097ba25c,83.77775,NA,NA,7.53612,NA,NA,NA,NA,NA,NA,0bdbd4b3-898e-42a4-aa80-c2a84fb0bbcf,2025-06-04,03:35:54,2025-06-04T03:35:54Z,2025-06-04T03:35:54Z,NA,v3,NA,NA,NA,"Carrion, Enrico",1000133295,Right,VIC_HAR,78365fc3-53eb-4d9e-95af-96383a072b0c,54.06388,-122.68521,12.64221,5.71626,1.2247,-10.59309,-1.76286,1.57618,-4.95936,NA,NA,NA,NA,NA,NA,NA,NA,NA,NA,NA,NA,NA,NA,NA,NA,NA,NA,NA,NA,NA,NA,NA,NA,NA,NA,NA,NA,NA,NA,NA,NA,NA,NA,NA,NA,NA,NA,NA,NA,NA,NA,NA,NA,NA,NA,NA,NA,NA,NA,High,High,High,NA,NA,NA,NA,NA,NA,NA,NA,NA,NA,NA,NA,NA,NA,NA,NA,NA,NA,NA,NA,NA,NA,NA,NA,NA,NA,NA,NA,NA,NA,NA,NA,NA,NA,NA,NA,NA,NA,NA,NA,NA,NA,NA,NA,NA,NA,NA,NA,NA,NA,NA,NA,NA,NA,NA,NA,NA,NA
NA,NA,NA,NA,NA,NA,NA,NA,NA,NA,NA,NA,NA,NA,NA,NA,274,2025-06-03,20:36:39,5,1,"Ondus, John",1000301829,Right,VIC_HAR,"Green, Jason",1000435054,Left,EDM_RIV,Undefined,8,Bottom,2,0,0,Undefined,Splitter,FoulBallNotFieldable,Undefined,Undefined,Undefined,0,0,NA,77.07389,1.029194,-1.569129,1066.53749,260.55232,02:45:00,5.61064,1.90098,5.79239,-45.19199,3.47,8.94213,2.80249,1.18615,68.65092,-7.384033,0.033742,0.502072,63.84387,16.165125,-165.803144,1841.831459,NA,NA,NA,107.64813,49.92044,-165.082695,1.353233,-4.97272,2.17563,-1.77632,50,5.6703,2.6833,-111.47502,0.56473,-6.07185,25.57131,-29.51752,EDM_RIV,VIC_HAR,ReMaxField,WCL,WCL,20250603-ReMaxField-1,215e03a0-40f5-11f0-a7a5-433c097ba25c,75.07372,10.35322,NA,8.42297,NA,NA,NA,1.3292,2.55118,-1.21653,0bdbd4b3-898e-42a4-aa80-c2a84fb0bbcf,2025-06-04,03:36:39,2025-06-04T03:36:39Z,2025-06-04T03:36:39Z,LineDrive,v3,NA,NA,NA,"Carrion, Enrico",1000133295,Right,VIC_HAR,72d12347-503a-429d-bfe9-0c1c600814b0,54.69557,-112.54699,12.78566,5.62069,1.80212,-14.75876,-1.89413,2.93784,-3.03592,3.960953,1.3292,-87.18868,7.98783,-1.07176,0.23612,-0.03612,0.00778,-0.00134,8e-5,2.55118,26.0693,-22.92685,2.13964,-0.4392,0.08749,-0.0148,0.0028,-3.1e-4,-1.21653,-22.05703,2.32886,-0.46011,0.08681,-0.01687,0.00306,-6e-4,6e-5,NA,NA,NA,NA,NA,NA,NA,NA,NA,NA,NA,NA,NA,NA,NA,NA,NA,NA,NA,NA,NA,NA,High,High,High,Medium,Low,NA,NA,NA,NA,NA,NA,NA,NA,NA,NA,NA,NA,NA,NA,NA,NA,NA,NA,NA,NA,NA,NA,NA,NA,NA,NA,NA,NA,NA,NA,NA,NA,NA,NA,NA,NA,NA,NA,NA,NA,NA,NA,NA,NA,NA,NA,NA,NA,NA,NA,NA,NA,NA,NA,NA,NA
NA,NA,NA,NA,NA,NA,NA,NA,NA,NA,NA,NA,NA,NA,NA,NA,275,2025-06-03,20:37:04,5,2,"Ondus, John",1000301829,Right,VIC_HAR,"Green, Jason",1000435054,Left,EDM_RIV,Undefined,8,Bottom,2,0,1,Undefined,Changeup,BallCalled,Undefined,Undefined,Undefined,0,0,NA,83.92243,-2.067678,-4.169068,2022.035646,217.375226,01:15:00,5.46585,1.60622,6.56288,-24.31883,15.35131,10.55158,1.53783,-1.34335,75.3002,-6.723003,-2.257457,0.453318,NA,NA,NA,NA,NA,NA,NA,NA,NA,NA,NA,-6.94244,9.20292,-1.32262,50,5.31279,8.45513,-121.41512,-5.0179,-10.13106,28.73763,-18.74426,EDM_RIV,VIC_HAR,ReMaxField,WCL,WCL,20250603-ReMaxField-1,30590170-40f5-11f0-a7a5-433c097ba25c,83.14784,NA,NA,8.62223,NA,NA,NA,NA,NA,NA,0bdbd4b3-898e-42a4-aa80-c2a84fb0bbcf,2025-06-04,03:37:04,2025-06-04T03:37:04Z,2025-06-04T03:37:04Z,NA,v3,NA,NA,NA,"Carrion, Enrico",1000133295,Right,VIC_HAR,f1bae597-0feb-411c-866c-f0c28782ad51,53.93235,-122.34232,14.36882,5.46493,-4.41312,-9.37213,-1.60069,8.782,-5.06553,NA,NA,NA,NA,NA,NA,NA,NA,NA,NA,NA,NA,NA,NA,NA,NA,NA,NA,NA,NA,NA,NA,NA,NA,NA,NA,NA,NA,NA,NA,NA,NA,NA,NA,NA,NA,NA,NA,NA,NA,NA,NA,NA,NA,NA,NA,NA,NA,NA,NA,High,High,High,NA,NA,NA,NA,NA,NA,NA,NA,NA,NA,NA,NA,NA,NA,NA,NA,NA,NA,NA,NA,NA,NA,NA,NA,NA,NA,NA,NA,NA,NA,NA,NA,NA,NA,NA,NA,NA,NA,NA,NA,NA,NA,NA,NA,NA,NA,NA,NA,NA,NA,NA,NA,NA,NA,NA,NA,NA,NA
NA,NA,NA,NA,NA,NA,NA,NA,NA,NA,NA,NA,NA,NA,NA,NA,276,2025-06-03,20:37:25,5,3,"Ondus, John",1000301829,Right,VIC_HAR,"Green, Jason",1000435054,Left,EDM_RIV,Undefined,8,Bottom,2,1,1,Undefined,Changeup,InPlay,Undefined,FlyBall,Out,1,0,NA,83.02104,-1.333066,-2.118804,1909.157107,222.590674,01:30:00,5.61216,1.82472,6.24141,-28.80112,11.80524,9.49678,1.9814,0.66087,75.03645,-6.762789,-0.402804,0.458636,95.36911,32.592607,-11.959394,3749.247572,106.16623,64.50422,-28.78728,332.22926,327.10414,-23.128302,5.059874,-5.633,6.98233,-1.67151,50,5.49873,4.09833,-120.41857,-3.6324,-8.13552,26.95994,-22.08968,EDM_RIV,VIC_HAR,ReMaxField,WCL,WCL,20250603-ReMaxField-1,3cf8d130-40f5-11f0-a7a5-433c097ba25c,82.18376,87.84363,NA,7.98459,NA,NA,NA,1.71065,2.15601,-0.7147,0bdbd4b3-898e-42a4-aa80-c2a84fb0bbcf,2025-06-04,03:37:25,2025-06-04T03:37:25Z,2025-06-04T03:37:25Z,FlyBall,v3,NA,NA,NA,"Carrion, Enrico",1000133295,Right,VIC_HAR,e17200de-b4a7-4fff-a3e3-0e4da206877a,54.25607,-121.3677,13.47997,5.61292,-2.85473,-11.04484,-1.82083,4.38474,-4.06776,155.967505,1.71001,115.30383,-25.50032,6.42285,-1.56119,0.35901,-0.06484,0.00716,-3.4e-4,2.15875,75.28747,-18.79951,1.04727,0.12137,-0.12632,0.03434,-0.00425,2e-4,-0.71469,-24.42058,-0.70433,0.21562,-0.05317,0.01016,-0.00131,1e-4,-0,NA,NA,NA,NA,NA,NA,NA,NA,NA,NA,NA,NA,NA,NA,NA,NA,NA,NA,NA,NA,NA,NA,High,High,High,High,Medium,NA,NA,NA,NA,NA,NA,NA,NA,NA,NA,NA,NA,NA,NA,NA,NA,NA,NA,NA,NA,NA,NA,NA,NA,NA,NA,NA,NA,NA,NA,NA,NA,NA,NA,NA,NA,NA,NA,NA,NA,NA,NA,NA,NA,NA,NA,NA,NA,NA,NA,NA,NA,NA,NA,NA,NA
NA,NA,NA,NA,NA,NA,NA,NA,NA,NA,NA,NA,NA,NA,NA,NA,277,2025-06-03,20:40:04,1,1,"Craven, Brandon",1000323203,Right,EDM_RIV,"Beltowski, Tanner",10282482,Right,VIC_HAR,Undefined,9,Top,0,0,0,Undefined,Four-Seam,StrikeCalled,Undefined,Undefined,Undefined,0,0,NA,88.29146,-1.931003,-3.780132,2165.368145,219.062597,01:15:00,5.09924,2.76957,6.55166,-20.09607,16.19147,11.88288,1.64936,0.2885,78.08649,-5.837399,-1.626503,0.433561,NA,NA,NA,NA,NA,NA,NA,NA,NA,NA,NA,-7.61508,9.63705,-2.51245,50,4.95699,7.9499,-127.63113,-4.81564,-12.11383,34.97388,-16.84375,EDM_RIV,VIC_HAR,ReMaxField,WCL,WCL,20250603-ReMaxField-1,9b9788d0-40f5-11f0-a7a5-433c097ba25c,86.93691,NA,NA,10.20497,NA,NA,NA,NA,NA,NA,0bdbd4b3-898e-42a4-aa80-c2a84fb0bbcf,2025-06-04,03:40:04,2025-06-04T03:40:04Z,2025-06-04T03:40:04Z,NA,v3,NA,NA,NA,"Green, Jason",1000435054,Right,EDM_RIV,242f23be-470c-4348-b7cc-a471e9ae7069,53.94088,-128.70649,17.48694,5.0971,-4.29774,-8.42187,-2.76262,8.32237,-6.05691,NA,NA,NA,NA,NA,NA,NA,NA,NA,NA,NA,NA,NA,NA,NA,NA,NA,NA,NA,NA,NA,NA,NA,NA,NA,NA,NA,NA,NA,NA,NA,NA,NA,NA,NA,NA,NA,NA,NA,NA,NA,NA,NA,NA,NA,NA,NA,NA,NA,NA,High,High,High,NA,NA,NA,NA,NA,NA,NA,NA,NA,NA,NA,NA,NA,NA,NA,NA,NA,NA,NA,NA,NA,NA,NA,NA,NA,NA,NA,NA,NA,NA,NA,NA,NA,NA,NA,NA,NA,NA,NA,NA,NA,NA,NA,NA,NA,NA,NA,NA,NA,NA,NA,NA,NA,NA,NA,NA,NA,NA
NA,NA,NA,NA,NA,NA,NA,NA,NA,NA,NA,NA,NA,NA,NA,NA,278,2025-06-03,20:40:20,1,2,"Craven, Brandon",1000323203,Right,EDM_RIV,"Beltowski, Tanner",10282482,Right,VIC_HAR,Undefined,9,Top,0,0,1,Undefined,Sinker,BallCalled,Undefined,Undefined,Undefined,0,0,NA,88.16219,-3.174815,-2.423718,2260.88658,224.288298,01:30:00,5.48277,2.33525,6.16413,-21.22875,14.89068,13.25469,0.77539,1.19959,79.84508,-7.193516,-0.032695,0.432555,NA,NA,NA,NA,NA,NA,NA,NA,NA,NA,NA,-7.63252,9.09079,-2.15807,50,5.23088,4.87015,-127.7103,-7.70956,-12.43781,29.56649,-17.35987,EDM_RIV,VIC_HAR,ReMaxField,WCL,WCL,20250603-ReMaxField-1,a590c9a0-40f5-11f0-a7a5-433c097ba25c,87.13898,NA,NA,8.31711,NA,NA,NA,NA,NA,NA,0bdbd4b3-898e-42a4-aa80-c2a84fb0bbcf,2025-06-04,03:40:20,2025-06-04T03:40:20Z,2025-06-04T03:40:20Z,NA,v3,NA,NA,NA,"Green, Jason",1000435054,Right,EDM_RIV,9f23f2e1-e80c-4077-9560-b0bf00050df2,54.33371,-128.7097,14.78324,5.48156,-7.12277,-8.67993,-2.3298,5.29057,-6.2189,NA,NA,NA,NA,NA,NA,NA,NA,NA,NA,NA,NA,NA,NA,NA,NA,NA,NA,NA,NA,NA,NA,NA,NA,NA,NA,NA,NA,NA,NA,NA,NA,NA,NA,NA,NA,NA,NA,NA,NA,NA,NA,NA,NA,NA,NA,NA,NA,NA,NA,High,High,High,NA,NA,NA,NA,NA,NA,NA,NA,NA,NA,NA,NA,NA,NA,NA,NA,NA,NA,NA,NA,NA,NA,NA,NA,NA,NA,NA,NA,NA,NA,NA,NA,NA,NA,NA,NA,NA,NA,NA,NA,NA,NA,NA,NA,NA,NA,NA,NA,NA,NA,NA,NA,NA,NA,NA,NA,NA,NA
NA,NA,NA,NA,NA,NA,NA,NA,NA,NA,NA,NA,NA,NA,NA,NA,279,2025-06-03,20:40:36,1,3,"Craven, Brandon",1000323203,Right,EDM_RIV,"Beltowski, Tanner",10282482,Right,VIC_HAR,Undefined,9,Top,0,1,1,Undefined,Four-Seam,InPlay,Undefined,FlyBall,Out,1,0,NA,87.95526,-0.97619,-5.043465,2226.01074,221.515612,01:30:00,5.25817,2.54518,6.44278,-18.67926,17.61312,14.35324,2.801,-0.90502,78.66058,-4.597134,-2.455345,0.43359,95.49469,17.116782,24.624092,3204.204703,97.04932,29.00886,51.78224,275.43221,265.49463,33.422386,3.11554,-9.1952,9.91709,-2.19243,50,5.18016,10.6526,-127.16286,-2.6442,-14.7343,31.27802,-16.28302,EDM_RIV,VIC_HAR,ReMaxField,WCL,WCL,20250603-ReMaxField-1,af07e220-40f5-11f0-a7a5-433c097ba25c,86.93107,32.70091,NA,9.29468,NA,NA,NA,1.07741,2.82811,0.94147,0bdbd4b3-898e-42a4-aa80-c2a84fb0bbcf,2025-06-04,03:40:36,2025-06-04T03:40:36Z,2025-06-04T03:40:36Z,LineDrive,v3,NA,NA,NA,"Green, Jason",1000435054,Right,EDM_RIV,fdcf7c09-bf53-463f-a7e8-2016a655ed5c,54.05351,-128.15601,15.63901,5.25591,-2.12717,-8.14151,-2.5381,11.12045,-7.36715,223.63699,1.07745,121.68099,-27.01382,6.37701,-1.43507,0.2969,-0.05229,0.00639,-3.7e-4,2.82808,41.22299,-14.78198,0.31139,0.09105,-0.04188,0.01059,-0.00133,7e-5,0.94144,55.7733,-2.41109,-0.31273,0.22944,-0.0708,0.01467,-0.00189,1.1e-4,NA,NA,NA,NA,NA,NA,NA,NA,NA,NA,NA,NA,NA,NA,NA,NA,NA,NA,NA,NA,NA,NA,High,High,High,High,High,NA,NA,NA,NA,NA,NA,NA,NA,NA,NA,NA,NA,NA,NA,NA,NA,NA,NA,NA,NA,NA,NA,NA,NA,NA,NA,NA,NA,NA,NA,NA,NA,NA,NA,NA,NA,NA,NA,NA,NA,NA,NA,NA,NA,NA,NA,NA,NA,NA,NA,NA,NA,NA,NA,NA,NA
NA,NA,NA,NA,NA,NA,NA,NA,NA,NA,NA,NA,NA,NA,NA,NA,280,2025-06-03,20:41:07,2,1,"Craven, Brandon",1000323203,Right,EDM_RIV,"Afework, Isaiah",10269851,Right,VIC_HAR,Undefined,9,Top,1,0,0,Undefined,Four-Seam,BallCalled,Undefined,Undefined,Undefined,0,0,NA,89.07292,-1.762902,-5.964966,2197.41709,222.006838,01:30:00,5.42088,2.35058,6.38498,-19.71288,15.8841,13.06115,2.14714,-2.06795,79.71879,-5.552641,-3.618647,0.429416,NA,NA,NA,NA,NA,NA,NA,NA,NA,NA,NA,-8.73032,9.23808,-1.92504,50,5.2841,12.88016,-128.49017,-4.50106,-14.29833,31.67221,-17.04408,EDM_RIV,VIC_HAR,ReMaxField,WCL,WCL,20250603-ReMaxField-1,c13c6010-40f5-11f0-a7a5-433c097ba25c,87.77612,NA,NA,9.35413,NA,NA,NA,NA,NA,NA,0bdbd4b3-898e-42a4-aa80-c2a84fb0bbcf,2025-06-04,03:41:07,2025-06-04T03:41:07Z,2025-06-04T03:41:07Z,NA,v3,NA,NA,NA,"Green, Jason",1000435054,Right,EDM_RIV,e867f45a-e46d-42f9-b541-215991ea1d23,54.10918,-129.49911,15.83611,5.41884,-3.95811,-8.52204,-2.3426,13.33564,-7.14917,NA,NA,NA,NA,NA,NA,NA,NA,NA,NA,NA,NA,NA,NA,NA,NA,NA,NA,NA,NA,NA,NA,NA,NA,NA,NA,NA,NA,NA,NA,NA,NA,NA,NA,NA,NA,NA,NA,NA,NA,NA,NA,NA,NA,NA,NA,NA,NA,NA,NA,High,High,High,NA,NA,NA,NA,NA,NA,NA,NA,NA,NA,NA,NA,NA,NA,NA,NA,NA,NA,NA,NA,NA,NA,NA,NA,NA,NA,NA,NA,NA,NA,NA,NA,NA,NA,NA,NA,NA,NA,NA,NA,NA,NA,NA,NA,NA,NA,NA,NA,NA,NA,NA,NA,NA,NA,NA,NA,NA,NA
NA,NA,NA,NA,NA,NA,NA,NA,NA,NA,NA,NA,NA,NA,NA,NA,281,2025-06-03,20:41:24,2,2,"Craven, Brandon",1000323203,Right,EDM_RIV,"Afework, Isaiah",10269851,Right,VIC_HAR,Undefined,9,Top,1,1,0,Undefined,Four-Seam,StrikeCalled,Undefined,Undefined,Undefined,0,0,NA,88.40758,-1.910146,-4.440115,2279.250981,218.794435,01:15:00,5.18809,2.5417,6.41158,-19.34981,16.74123,12.30056,1.81344,-0.52377,78.87796,-5.650391,-2.219917,0.432386,NA,NA,NA,NA,NA,NA,NA,NA,NA,NA,NA,-7.90977,9.78556,-2.22854,50,5.04217,9.41623,-127.78312,-4.77269,-12.74877,32.51351,-16.40197,EDM_RIV,VIC_HAR,ReMaxField,WCL,WCL,20250603-ReMaxField-1,cb1f80d0-40f5-11f0-a7a5-433c097ba25c,87.17323,NA,NA,9.52963,NA,NA,NA,NA,NA,NA,0bdbd4b3-898e-42a4-aa80-c2a84fb0bbcf,2025-06-04,03:41:24,2025-06-04T03:41:24Z,2025-06-04T03:41:24Z,NA,v3,NA,NA,NA,"Green, Jason",1000435054,Right,EDM_RIV,33c08e12-eabc-48ce-ae39-21302d36de0e,54.0823,-128.81764,16.25676,5.18573,-4.25081,-8.20098,-2.5346,9.82188,-6.37439,NA,NA,NA,NA,NA,NA,NA,NA,NA,NA,NA,NA,NA,NA,NA,NA,NA,NA,NA,NA,NA,NA,NA,NA,NA,NA,NA,NA,NA,NA,NA,NA,NA,NA,NA,NA,NA,NA,NA,NA,NA,NA,NA,NA,NA,NA,NA,NA,NA,NA,High,High,High,NA,NA,NA,NA,NA,NA,NA,NA,NA,NA,NA,NA,NA,NA,NA,NA,NA,NA,NA,NA,NA,NA,NA,NA,NA,NA,NA,NA,NA,NA,NA,NA,NA,NA,NA,NA,NA,NA,NA,NA,NA,NA,NA,NA,NA,NA,NA,NA,NA,NA,NA,NA,NA,NA,NA,NA,NA,NA
NA,NA,NA,NA,NA,NA,NA,NA,NA,NA,NA,NA,NA,NA,NA,NA,282,2025-06-03,20:41:42,2,3,"Craven, Brandon",1000323203,Right,EDM_RIV,"Afework, Isaiah",10269851,Right,VIC_HAR,Undefined,9,Top,1,1,1,Undefined,Four-Seam,InPlay,Undefined,Popup,Out,1,0,NA,88.96091,-1.18625,-2.265265,2290.896104,218.588635,01:15:00,5.43336,2.4973,5.94449,-18.67485,17.58154,12.85347,2.77578,1.46614,79.05322,-4.790032,0.042378,0.433375,41.45882,38.670808,35.111996,4798.412008,NA,NA,NA,93.7404,85.32205,40.768034,2.549399,-7.40819,9.84969,-2.32403,50,5.32865,4.54126,-128.77064,-3.19412,-12.06966,34.13502,-16.12665,EDM_RIV,VIC_HAR,ReMaxField,WCL,WCL,20250603-ReMaxField-1,d5fabd30-40f5-11f0-a7a5-433c097ba25c,86.97421,25.22583,NA,9.90769,NA,NA,NA,1.3024,2.87841,-1.44157,0bdbd4b3-898e-42a4-aa80-c2a84fb0bbcf,2025-06-04,03:41:42,2025-06-04T03:41:42Z,2025-06-04T03:41:42Z,GroundBall,v3,NA,NA,NA,"Green, Jason",1000435054,Right,EDM_RIV,3b831137-95b5-490c-a6bb-ba059522655f,54.55041,-129.97129,17.06751,5.43102,-2.62689,-8.06332,-2.49122,4.96579,-6.03483,210.407463,1.3024,38.83679,-6.99565,1.59238,-0.49001,0.25629,-0.13311,0.03896,-0.00441,2.87847,37.99047,-16.98618,0.72285,0.1348,-0.24769,0.14469,-0.03852,0.00387,-1.44158,27.30664,-1.45624,0.20206,-0.07308,0.07243,-0.04437,0.01336,-0.00153,NA,NA,NA,NA,NA,NA,NA,NA,NA,NA,NA,NA,NA,NA,NA,NA,NA,NA,NA,NA,NA,NA,High,High,High,High,High,NA,NA,NA,NA,NA,NA,NA,NA,NA,NA,NA,NA,NA,NA,NA,NA,NA,NA,NA,NA,NA,NA,NA,NA,NA,NA,NA,NA,NA,NA,NA,NA,NA,NA,NA,NA,NA,NA,NA,NA,NA,NA,NA,NA,NA,NA,NA,NA,NA,NA,NA,NA,NA,NA,NA,NA
NA,NA,NA,NA,NA,NA,NA,NA,NA,NA,NA,NA,NA,NA,NA,NA,283,2025-06-03,20:42:18,3,1,"Craven, Brandon",1000323203,Right,EDM_RIV,"Carrion, Enrico",1000133295,Right,VIC_HAR,Undefined,9,Top,2,0,0,Undefined,Sinker,BallCalled,Undefined,Undefined,Undefined,0,0,NA,88.41669,-1.240342,-2.329285,2201.321261,230.791602,01:45:00,5.51429,2.41837,6.16122,-19.22729,17.42418,19.4369,2.76508,1.88517,78.06855,-4.975035,1.175311,0.43573,NA,NA,NA,NA,NA,NA,NA,NA,NA,NA,NA,-11.0552,9.94103,-2.25174,50,5.41065,4.41526,-127.99356,-3.29146,-17.63762,35.82138,-16.31401,EDM_RIV,VIC_HAR,ReMaxField,WCL,WCL,20250603-ReMaxField-1,eb57cb50-40f5-11f0-a7a5-433c097ba25c,86.5042,NA,NA,10.34814,NA,NA,NA,NA,NA,NA,0bdbd4b3-898e-42a4-aa80-c2a84fb0bbcf,2025-06-04,03:42:18,2025-06-04T03:42:18Z,2025-06-04T03:42:18Z,NA,v3,NA,NA,NA,"Green, Jason",1000435054,Right,EDM_RIV,8a1d4f31-30be-434f-9e8a-70aefff3df13,54.33549,-129.20123,17.91069,5.51235,-2.74146,-8.157,-2.41061,5.00989,-8.81881,NA,NA,NA,NA,NA,NA,NA,NA,NA,NA,NA,NA,NA,NA,NA,NA,NA,NA,NA,NA,NA,NA,NA,NA,NA,NA,NA,NA,NA,NA,NA,NA,NA,NA,NA,NA,NA,NA,NA,NA,NA,NA,NA,NA,NA,NA,NA,NA,NA,NA,High,High,High,NA,NA,NA,NA,NA,NA,NA,NA,NA,NA,NA,NA,NA,NA,NA,NA,NA,NA,NA,NA,NA,NA,NA,NA,NA,NA,NA,NA,NA,NA,NA,NA,NA,NA,NA,NA,NA,NA,NA,NA,NA,NA,NA,NA,NA,NA,NA,NA,NA,NA,NA,NA,NA,NA,NA,NA,NA,NA
NA,NA,NA,NA,NA,NA,NA,NA,NA,NA,NA,NA,NA,NA,NA,NA,284,2025-06-03,20:42:36,3,2,"Craven, Brandon",1000323203,Right,EDM_RIV,"Carrion, Enrico",1000133295,Right,VIC_HAR,Undefined,9,Top,2,1,0,Undefined,Sinker,BallCalled,Undefined,Undefined,Undefined,0,0,NA,87.73274,-1.523828,-3.083862,2119.45353,232.911154,01:45:00,5.06441,2.6691,6.17083,-22.85379,14.08457,16.66473,1.75012,1.20676,78.19317,-5.889065,-0.080397,0.437432,NA,NA,NA,NA,NA,NA,NA,NA,NA,NA,NA,-9.6056,8.23229,-2.44314,50,4.93744,6.13242,-126.95405,-4.04353,-15.25121,32.56437,-19.10329,EDM_RIV,VIC_HAR,ReMaxField,WCL,WCL,20250603-ReMaxField-1,f61df910-40f5-11f0-a7a5-433c097ba25c,86.16762,NA,NA,9.53957,NA,NA,NA,NA,NA,NA,0bdbd4b3-898e-42a4-aa80-c2a84fb0bbcf,2025-06-04,03:42:36,2025-06-04T03:42:36Z,2025-06-04T03:42:36Z,NA,v3,NA,NA,NA,"Green, Jason",1000435054,Right,EDM_RIV,3618840e-bcd5-4e2d-9472-08a4a734ab6c,54.32281,-128.05807,16.28219,5.06355,-3.39587,-9.55164,-2.65981,6.64948,-7.6256,NA,NA,NA,NA,NA,NA,NA,NA,NA,NA,NA,NA,NA,NA,NA,NA,NA,NA,NA,NA,NA,NA,NA,NA,NA,NA,NA,NA,NA,NA,NA,NA,NA,NA,NA,NA,NA,NA,NA,NA,NA,NA,NA,NA,NA,NA,NA,NA,NA,NA,High,High,High,NA,NA,NA,NA,NA,NA,NA,NA,NA,NA,NA,NA,NA,NA,NA,NA,NA,NA,NA,NA,NA,NA,NA,NA,NA,NA,NA,NA,NA,NA,NA,NA,NA,NA,NA,NA,NA,NA,NA,NA,NA,NA,NA,NA,NA,NA,NA,NA,NA,NA,NA,NA,NA,NA,NA,NA,NA,NA
NA,NA,NA,NA,NA,NA,NA,NA,NA,NA,NA,NA,NA,NA,NA,NA,285,2025-06-03,20:42:54,3,3,"Craven, Brandon",1000323203,Right,EDM_RIV,"Carrion, Enrico",1000133295,Right,VIC_HAR,Undefined,9,Top,2,2,0,Undefined,Four-Seam,BallCalled,Undefined,Undefined,Undefined,0,0,NA,87.19722,-0.653098,-5.773929,2245.575138,215.711971,01:15:00,5.37377,2.39737,6.60129,-19.63005,16.92934,11.21138,3.13655,-1.97586,78.46103,-4.440883,-3.751515,0.435182,NA,NA,NA,NA,NA,NA,NA,NA,NA,NA,NA,-7.64229,9.45134,-2.00605,50,5.32048,12.29348,-125.98765,-1.92297,-12.11141,28.9409,-17.19569,EDM_RIV,VIC_HAR,ReMaxField,WCL,WCL,20250603-ReMaxField-1,00ed0070-40f6-11f0-a7a5-433c097ba25c,86.61304,NA,NA,8.73619,NA,NA,NA,NA,NA,NA,0bdbd4b3-898e-42a4-aa80-c2a84fb0bbcf,2025-06-04,03:42:54,2025-06-04T03:42:54Z,2025-06-04T03:42:54Z,NA,v3,NA,NA,NA,"Green, Jason",1000435054,Right,EDM_RIV,c35f28f0-6c62-49d2-ac0b-e1c04a863690,53.89308,-126.87879,14.47045,5.37154,-1.39349,-8.59784,-2.39033,12.66641,-6.05571,NA,NA,NA,NA,NA,NA,NA,NA,NA,NA,NA,NA,NA,NA,NA,NA,NA,NA,NA,NA,NA,NA,NA,NA,NA,NA,NA,NA,NA,NA,NA,NA,NA,NA,NA,NA,NA,NA,NA,NA,NA,NA,NA,NA,NA,NA,NA,NA,NA,NA,High,High,High,NA,NA,NA,NA,NA,NA,NA,NA,NA,NA,NA,NA,NA,NA,NA,NA,NA,NA,NA,NA,NA,NA,NA,NA,NA,NA,NA,NA,NA,NA,NA,NA,NA,NA,NA,NA,NA,NA,NA,NA,NA,NA,NA,NA,NA,NA,NA,NA,NA,NA,NA,NA,NA,NA,NA,NA,NA,NA
NA,NA,NA,NA,NA,NA,NA,NA,NA,NA,NA,NA,NA,NA,NA,NA,286,2025-06-03,20:43:13,3,4,"Craven, Brandon",1000323203,Right,EDM_RIV,"Carrion, Enrico",1000133295,Right,VIC_HAR,Undefined,9,Top,2,3,0,Undefined,Four-Seam,StrikeCalled,Undefined,Undefined,Undefined,0,0,NA,87.31394,-0.253331,-3.534346,2270.780832,216.450196,01:15:00,5.15137,2.64774,6.44456,-19.8084,16.72796,11.36422,3.26746,0.34313,78.44156,-4.075131,-1.478948,0.435045,NA,NA,NA,NA,NA,NA,NA,NA,NA,NA,NA,-7.0028,9.17347,-2.40106,50,5.12424,7.3514099999999996,-126.5039,-1.06638,-11.16112,29.77119,-17.55332,EDM_RIV,VIC_HAR,ReMaxField,WCL,WCL,20250603-ReMaxField-1,0c525460-40f6-11f0-a7a5-433c097ba25c,86.64038,NA,NA,8.87238,NA,NA,NA,NA,NA,NA,0bdbd4b3-898e-42a4-aa80-c2a84fb0bbcf,2025-06-04,03:43:13,2025-06-04T03:43:13Z,2025-06-04T03:43:13Z,NA,v3,NA,NA,NA,"Green, Jason",1000435054,Right,EDM_RIV,5ee40cdb-b1b5-4f08-ab2f-cc61a1cd23f6,54.04961,-127.45336,14.88559,5.14932,-0.50656,-8.77666,-2.64119,7.70737,-5.58056,NA,NA,NA,NA,NA,NA,NA,NA,NA,NA,NA,NA,NA,NA,NA,NA,NA,NA,NA,NA,NA,NA,NA,NA,NA,NA,NA,NA,NA,NA,NA,NA,NA,NA,NA,NA,NA,NA,NA,NA,NA,NA,NA,NA,NA,NA,NA,NA,NA,NA,High,High,High,NA,NA,NA,NA,NA,NA,NA,NA,NA,NA,NA,NA,NA,NA,NA,NA,NA,NA,NA,NA,NA,NA,NA,NA,NA,NA,NA,NA,NA,NA,NA,NA,NA,NA,NA,NA,NA,NA,NA,NA,NA,NA,NA,NA,NA,NA,NA,NA,NA,NA,NA,NA,NA,NA,NA,NA,NA,NA
NA,NA,NA,NA,NA,NA,NA,NA,NA,NA,NA,NA,NA,NA,NA,NA,287,2025-06-03,20:43:30,3,5,"Craven, Brandon",1000323203,Right,EDM_RIV,"Carrion, Enrico",1000133295,Right,VIC_HAR,Undefined,9,Top,2,3,1,Undefined,Four-Seam,InPlay,Undefined,GroundBall,Single,0,0,NA,87.16727,0.124823,-3.416473,2169.275449,216.122781,01:15:00,5.19421,2.56305,6.3239,-20.06568,17.43414,11.56737,3.63723,0.37688,76.8929,-3.783225,-1.328852,0.440744,86.92364,-3.77743,-0.066477,1737.199914,NA,NA,NA,33.35786,33.35786,0.158376,0.267127,-7.27008,9.4228,-2.31827,50,5.19388,7.04906,-126.06329,-0.23435,-11.2818,34.13652,-17.55164,EDM_RIV,VIC_HAR,ReMaxField,WCL,WCL,20250603-ReMaxField-1,169d5eb0-40f6-11f0-a7a5-433c097ba25c,85.52012,3.52141,NA,10.27436,NA,NA,NA,0.72042,3.52141,-0.37243,0bdbd4b3-898e-42a4-aa80-c2a84fb0bbcf,2025-06-04,03:43:30,2025-06-04T03:43:30Z,2025-06-04T03:43:30Z,GroundBall,v3,NA,NA,NA,"Green, Jason",1000435054,Right,EDM_RIV,f4b0b68b-71fe-470c-b96c-e79463714017,54.16859,-127.18709,17.06826,5.19208,0.34347,-8.77582,-2.55645,7.42046,-5.6409,296.349554,0.72291,127.08724,-18.44283,NA,NA,NA,NA,NA,NA,3.52335,-8.49546,-17.59976,NA,NA,NA,NA,NA,NA,-0.37412,-0.06357,6.7958,NA,NA,NA,NA,NA,NA,NA,NA,NA,NA,NA,NA,NA,NA,NA,NA,NA,NA,NA,NA,NA,NA,NA,NA,NA,NA,NA,NA,High,High,High,High,High,NA,NA,NA,NA,NA,NA,NA,NA,NA,NA,NA,NA,NA,NA,NA,NA,NA,NA,NA,NA,NA,NA,NA,NA,NA,NA,NA,NA,NA,NA,NA,NA,NA,NA,NA,NA,NA,NA,NA,NA,NA,NA,NA,NA,NA,NA,NA,NA,NA,NA,NA,NA,NA,NA,NA,NA
NA,NA,NA,NA,NA,NA,NA,NA,NA,NA,NA,NA,NA,NA,NA,NA,288,2025-06-03,20:44:02,4,1,"Craven, Brandon",1000323203,Right,EDM_RIV,"Biello, Dominic",1000435364,Right,VIC_HAR,Undefined,9,Top,2,0,0,Undefined,Sinker,BallCalled,Undefined,Undefined,Undefined,0,0,NA,87.4241,-2.215311,-3.659717,2150.1384,222.569379,01:30:00,5.34287,2.59127,6.26663,-21.26029,15.62666,13.05221,1.52359,0.30029,78.45473,-6.28034,-1.305796,0.437127,NA,NA,NA,NA,NA,NA,NA,NA,NA,NA,NA,-7.95028,9.24902,-2.32584,50,5.16816,7.55533,-126.49261,-5.49058,-12.61807,30.71499,-17.49476,EDM_RIV,VIC_HAR,ReMaxField,WCL,WCL,20250603-ReMaxField-1,29bf9800-40f6-11f0-a7a5-433c097ba25c,86.2276,NA,NA,8.96938,NA,NA,NA,NA,NA,NA,0bdbd4b3-898e-42a4-aa80-c2a84fb0bbcf,2025-06-04,03:44:02,2025-06-04T03:44:02Z,2025-06-04T03:44:02Z,NA,v3,NA,NA,NA,"Green, Jason",1000435054,Right,EDM_RIV,5dd0413c-50da-4ffb-bdd1-b028914d5252,54.22836,-127.51521,15.3575,5.34127,-4.90812,-8.74738,-2.58438,7.97542,-6.30904,NA,NA,NA,NA,NA,NA,NA,NA,NA,NA,NA,NA,NA,NA,NA,NA,NA,NA,NA,NA,NA,NA,NA,NA,NA,NA,NA,NA,NA,NA,NA,NA,NA,NA,NA,NA,NA,NA,NA,NA,NA,NA,NA,NA,NA,NA,NA,NA,NA,NA,High,High,High,NA,NA,NA,NA,NA,NA,NA,NA,NA,NA,NA,NA,NA,NA,NA,NA,NA,NA,NA,NA,NA,NA,NA,NA,NA,NA,NA,NA,NA,NA,NA,NA,NA,NA,NA,NA,NA,NA,NA,NA,NA,NA,NA,NA,NA,NA,NA,NA,NA,NA,NA,NA,NA,NA,NA,NA,NA,NA
NA,NA,NA,NA,NA,NA,NA,NA,NA,NA,NA,NA,NA,NA,NA,NA,289,2025-06-03,20:44:18,4,2,"Craven, Brandon",1000323203,Right,EDM_RIV,"Biello, Dominic",1000435364,Right,VIC_HAR,Undefined,9,Top,2,1,0,Undefined,Changeup,StrikeSwinging,Undefined,Undefined,Undefined,0,0,NA,86.27162,-0.307717,-3.862632,2111.877734,220.737994,01:15:00,5.12604,2.66328,6.62597,-21.8232,15.67178,12.22784,3.02503,0.13998,76.91719,-4.530396,-1.64441,0.440715,NA,NA,NA,NA,NA,NA,NA,NA,NA,NA,NA,-7.68721,8.73934,-2.4051,50,5.09604,7.94725,-124.88717,-1.21586,-11.83534,31.04633,-18.7188,EDM_RIV,VIC_HAR,ReMaxField,WCL,WCL,20250603-ReMaxField-1,33008550-40f6-11f0-a7a5-433c097ba25c,85.52563,NA,NA,9.35442,NA,NA,NA,NA,NA,NA,0bdbd4b3-898e-42a4-aa80-c2a84fb0bbcf,2025-06-04,03:44:18,2025-06-04T03:44:18Z,2025-06-04T03:44:18Z,NA,v3,NA,NA,NA,"Green, Jason",1000435054,Right,EDM_RIV,a4feebd9-950a-4261-ae00-9316b945150d,53.86692,-125.8448,15.52316,5.12464,-0.63847,-9.3594,-2.65586,8.31232,-5.91767,NA,NA,NA,NA,NA,NA,NA,NA,NA,NA,NA,NA,NA,NA,NA,NA,NA,NA,NA,NA,NA,NA,NA,NA,NA,NA,NA,NA,NA,NA,NA,NA,NA,NA,NA,NA,NA,NA,NA,NA,NA,NA,NA,NA,NA,NA,NA,NA,NA,NA,High,High,High,NA,NA,NA,NA,NA,NA,NA,NA,NA,NA,NA,NA,NA,NA,NA,NA,NA,NA,NA,NA,NA,NA,NA,NA,NA,NA,NA,NA,NA,NA,NA,NA,NA,NA,NA,NA,NA,NA,NA,NA,NA,NA,NA,NA,NA,NA,NA,NA,NA,NA,NA,NA,NA,NA,NA,NA,NA,NA
NA,NA,NA,NA,NA,NA,NA,NA,NA,NA,NA,NA,NA,NA,NA,NA,290,2025-06-03,20:44:34,4,3,"Craven, Brandon",1000323203,Right,EDM_RIV,"Biello, Dominic",1000435364,Right,VIC_HAR,Undefined,9,Top,2,1,1,Undefined,Four-Seam,StrikeSwinging,Undefined,Undefined,Undefined,0,0,NA,87.88329,-1.328906,-4.270458,2255.511684,222.027081,01:30:00,5.27414,2.48402,6.42231,-19.80611,16.82304,13.80501,2.39844,-0.29838,78.03142,-5.170401,-1.777191,0.435597,NA,NA,NA,NA,NA,NA,NA,NA,NA,NA,NA,-8.64245,9.64312,-2.18418,50,5.17002,8.90993,-127.02404,-3.45661,-13.70636,33.1262,-16.88069,EDM_RIV,VIC_HAR,ReMaxField,WCL,WCL,20250603-ReMaxField-1,3ccce9c0-40f6-11f0-a7a5-433c097ba25c,86.53055,NA,NA,9.85187,NA,NA,NA,NA,NA,NA,0bdbd4b3-898e-42a4-aa80-c2a84fb0bbcf,2025-06-04,03:44:34,2025-06-04T03:44:34Z,2025-06-04T03:44:34Z,NA,v3,NA,NA,NA,"Green, Jason",1000435054,Right,EDM_RIV,d26832d1-ea6e-4c48-857b-423fc76aa54c,54.06998,-128.08104,16.5631,5.27172,-2.91798,-8.44034,-2.47545,9.34727,-6.85318,NA,NA,NA,NA,NA,NA,NA,NA,NA,NA,NA,NA,NA,NA,NA,NA,NA,NA,NA,NA,NA,NA,NA,NA,NA,NA,NA,NA,NA,NA,NA,NA,NA,NA,NA,NA,NA,NA,NA,NA,NA,NA,NA,NA,NA,NA,NA,NA,NA,NA,High,High,High,NA,NA,NA,NA,NA,NA,NA,NA,NA,NA,NA,NA,NA,NA,NA,NA,NA,NA,NA,NA,NA,NA,NA,NA,NA,NA,NA,NA,NA,NA,NA,NA,NA,NA,NA,NA,NA,NA,NA,NA,NA,NA,NA,NA,NA,NA,NA,NA,NA,NA,NA,NA,NA,NA,NA,NA,NA,NA
NA,NA,NA,NA,NA,NA,NA,NA,NA,NA,NA,NA,NA,NA,NA,NA,291,2025-06-03,20:44:53,4,4,"Craven, Brandon",1000323203,Right,EDM_RIV,"Biello, Dominic",1000435364,Right,VIC_HAR,Undefined,9,Top,2,1,2,Undefined,Sinker,BallCalled,Undefined,Undefined,Undefined,0,0,NA,88.26249,-2.637973,-6.235345,2280.887294,224.053861,01:30:00,5.27881,2.23252,6.65579,-21.95793,13.78398,12.05524,1.01875,-2.49181,79.61322,-6.828353,-4.059719,0.430289,NA,NA,NA,NA,NA,NA,NA,NA,NA,NA,NA,-8.23445,8.47874,-1.81535,50,5.09133,13.42652,-127.30673,-6.48154,-13.3219,29.59768,-18.45689,EDM_RIV,VIC_HAR,ReMaxField,WCL,WCL,20250603-ReMaxField-1,47db9230-40f6-11f0-a7a5-433c097ba25c,87.59796,NA,NA,8.64927,NA,NA,NA,NA,NA,NA,0bdbd4b3-898e-42a4-aa80-c2a84fb0bbcf,2025-06-04,03:44:53,2025-06-04T03:44:53Z,2025-06-04T03:44:53Z,NA,v3,NA,NA,NA,"Green, Jason",1000435054,Right,EDM_RIV,cfca6882-c9e2-4297-905b-9e7cd3f8a48e,53.83858,-128.19605,14.79884,5.27775,-5.92696,-9.22845,-2.2248,13.82681,-6.66095,NA,NA,NA,NA,NA,NA,NA,NA,NA,NA,NA,NA,NA,NA,NA,NA,NA,NA,NA,NA,NA,NA,NA,NA,NA,NA,NA,NA,NA,NA,NA,NA,NA,NA,NA,NA,NA,NA,NA,NA,NA,NA,NA,NA,NA,NA,NA,NA,NA,NA,High,High,High,NA,NA,NA,NA,NA,NA,NA,NA,NA,NA,NA,NA,NA,NA,NA,NA,NA,NA,NA,NA,NA,NA,NA,NA,NA,NA,NA,NA,NA,NA,NA,NA,NA,NA,NA,NA,NA,NA,NA,NA,NA,NA,NA,NA,NA,NA,NA,NA,NA,NA,NA,NA,NA,NA,NA,NA,NA,NA
NA,NA,NA,NA,NA,NA,NA,NA,NA,NA,NA,NA,NA,NA,NA,NA,292,2025-06-03,20:45:24,4,5,"Craven, Brandon",1000323203,Right,EDM_RIV,"Biello, Dominic",1000435364,Right,VIC_HAR,Undefined,9,Top,2,2,2,Undefined,Sinker,InPlay,Undefined,FlyBall,Out,1,0,NA,87.20154,-1.979638,-3.646293,2066.499989,221.826209,01:30:00,5.38761,2.34344,6.16,-21.62852,15.42922,12.57977,1.75199,0.01872,78.567,-6.096172,-1.382196,0.438138,95.68561,21.841184,-12.726765,1607.827291,106.08402,38.41261,-29.088,300.19831,296.66193,-19.963459,3.681118,-7.70796,9.02048,-2.07279,50,5.22608,7.54085,-126.25013,-4.99133,-12.2335,29.69548,-17.85742,EDM_RIV,VIC_HAR,ReMaxField,WCL,WCL,20250603-ReMaxField-1,5a2daa40-40f6-11f0-a7a5-433c097ba25c,86.02866,46.90137,NA,8.63454,NA,NA,NA,1.87601,1.82465,-0.06355,0bdbd4b3-898e-42a4-aa80-c2a84fb0bbcf,2025-06-04,03:45:24,2025-06-04T03:45:24Z,2025-06-04T03:45:24Z,LineDrive,v3,NA,NA,NA,"Green, Jason",1000435054,Right,EDM_RIV,34f6c7e5-a30b-4093-8070-dd8c18c13553,54.3374,-127.26624,14.84774,5.38642,-4.38029,-8.92871,-2.33798,7.95946,-6.11675,146.472005,1.87656,127.04983,-27.35592,6.64345,-1.34625,0.23098,-0.03316,0.00329,-1.4e-4,1.82391,52.23098,-15.71226,0.30623,-0.01339,0.03767,-0.0181,0.0041,-3.5e-4,-0.06323,-28.70532,-1.55502,1.22344,-0.40238,0.10612,-0.02362,0.00349,-2.3e-4,NA,NA,NA,NA,NA,NA,NA,NA,NA,NA,NA,NA,NA,NA,NA,NA,NA,NA,NA,NA,NA,NA,High,High,High,High,High,NA,NA,NA,NA,NA,NA,NA,NA,NA,NA,NA,NA,NA,NA,NA,NA,NA,NA,NA,NA,NA,NA,NA,NA,NA,NA,NA,NA,NA,NA,NA,NA,NA,NA,NA,NA,NA,NA,NA,NA,NA,NA,NA,NA,NA,NA,NA,NA,NA,NA,NA,NA,NA,NA,NA,NA
