player_name,display_name,active,notes,id,pitcher,date,rel_speed,horz_break,induced_vert_break,original_pitch_type,new_pitch_type,new_pitcher,modified_at,pitch_key,created_at,PitchNo,Date,Time,PAofInning,PitchofPA,Pitcher,PitcherId,PitcherThrows,PitcherTeam,Batter,BatterId,BatterSide,BatterTeam,PitcherSet,Inning,Top/Bottom,Outs,Balls,Strikes,TaggedPitchType,AutoPitchType,PitchCall,KorBB,TaggedHitType,PlayResult,OutsOnPlay,RunsScored,Notes,RelSpeed,VertRelAngle,HorzRelAngle,SpinRate,SpinAxis,Tilt,RelHeight,RelSide,Extension,VertBreak,InducedVertBreak,HorzBreak,PlateLocHeight,PlateLocSide,ZoneSpeed,VertApprAngle,HorzApprAngle,ZoneTime,ExitSpeed,Angle,Direction,HitSpinRate,PositionAt110X,PositionAt110Y,PositionAt110Z,Distance,LastTrackedDistance,Bearing,HangTime,pfxx,pfxz,x0,y0,z0,vx0,vy0,vz0,ax0,ay0,az0,HomeTeam,AwayTeam,Stadium,Level,League,GameID,PitchUID,EffectiveVelo,MaxHeight,MeasuredDuration,SpeedDrop,PitchLastMeasuredX,PitchLastMeasuredY,PitchLastMeasuredZ,ContactPositionX,ContactPositionY,ContactPositionZ,GameUID,UTCDate,UTCTime,LocalDateTime,UTCDateTime,AutoHitType,System,HomeTeamForeignID,AwayTeamForeignID,GameForeignID,Catcher,CatcherId,CatcherThrows,CatcherTeam,PlayID,PitchTrajectoryXc0,PitchTrajectoryXc1,PitchTrajectoryXc2,PitchTrajectoryYc0,PitchTrajectoryYc1,PitchTrajectoryYc2,PitchTrajectoryZc0,PitchTrajectoryZc1,PitchTrajectoryZc2,HitSpinAxis,HitTrajectoryXc0,HitTrajectoryXc1,HitTrajectoryXc2,HitTrajectoryXc3,HitTrajectoryXc4,HitTrajectoryXc5,HitTrajectoryXc6,HitTrajectoryXc7,HitTrajectoryXc8,HitTrajectoryYc0,HitTrajectoryYc1,HitTrajectoryYc2,HitTrajectoryYc3,HitTrajectoryYc4,HitTrajectoryYc5,HitTrajectoryYc6,HitTrajectoryYc7,HitTrajectoryYc8,HitTrajectoryZc0,HitTrajectoryZc1,HitTrajectoryZc2,HitTrajectoryZc3,HitTrajectoryZc4,HitTrajectoryZc5,HitTrajectoryZc6,HitTrajectoryZc7,HitTrajectoryZc8,ThrowSpeed,PopTime,ExchangeTime,TimeToBase,CatchPositionX,CatchPositionY,CatchPositionZ,ThrowPositionX,ThrowPositionY,ThrowPositionZ,BasePositionX,BasePositionY,BasePositionZ,ThrowTrajectoryXc0,ThrowTrajectoryXc1,ThrowTrajectoryXc2,ThrowTrajectoryYc0,ThrowTrajectoryYc1,ThrowTrajectoryYc2,ThrowTrajectoryZc0,ThrowTrajectoryZc1,ThrowTrajectoryZc2,PitchReleaseConfidence,PitchLocationConfidence,PitchMovementConfidence,HitLaunchConfidence,HitLandingConfidence,CatcherThrowCatchConfidence,CatcherThrowReleaseConfidence,CatcherThrowLocationConfidence,SpinAxis3dTransverseAngle,SpinAxis3dLongitudinalAngle,SpinAxis3dActiveSpinRate,SpinAxis3dSpinEfficiency,SpinAxis3dTilt,SpinAxis3dVectorX,SpinAxis3dVectorY,SpinAxis3dVectorZ,SpinAxis3dSeamOrientationRotationX,SpinAxis3dSeamOrientationRotationY,SpinAxis3dSeamOrientationRotationZ,SpinAxis3dSeamOrientationBallYAmb1,SpinAxis3dSeamOrientationBallAngleHorizontalAmb1,SpinAxis3dSeamOrientationBallZAmb1,SpinAxis3dSeamOrientationBallAngleVerticalAmb2,SpinAxis3dSeamOrientationBallZAmb2,SpinAxis3dSeamOrientationBallXAmb4,SpinAxis3dSeamOrientationBallYAmb4,SpinAxis3dSeamOrientationBallAngleHorizontalAmb2,SpinAxis3dSeamOrientationBallAngleVerticalAmb1,SpinAxis3dSeamOrientationBallXAmb1,SpinAxis3dSeamOrientationBallYAmb2,SpinAxis3dSeamOrientationBallAngleHorizontalAmb4,SpinAxis3dSeamOrientationBallAngleVerticalAmb4,SpinAxis3dSeamOrientationBallXAmb2,SpinAxis3dSeamOrientationBallAngleVerticalAmb3,SpinAxis3dSeamOrientationBallAngleHorizontalAmb3,SpinAxis3dSeamOrientationBallXAmb3,SpinAxis3dSeamOrientationBallYAmb3,SpinAxis3dSeamOrientationBallZAmb3,SpinAxis3dSeamOrientationBallZAmb4,PitchSession,Flag,CalibrationId,EffVelocity,PracticeType,Device,HitType,SessionId,BatSpeed,VerticalAttackAngle,HorizontalAttackAngle,session_id,play_id,camera_slot,camera_name,camera_target,video_type,azure_blob,azure_md5,cloudinary_url,cloudinary_public_id,uploaded_at
NA,NA,NA,NA,NA,NA,NA,NA,NA,NA,NA,NA,NA,NA,NA,NA,1,2025-07-08,08:05:53,1,1,"Mata III, Artemio",10922084,Right,CHA_14U4,"Marll Jr., Jason",1000351105,Right,CHA_14U9,Undefined,1,Top,0,0,0,Undefined,Changeup,BallCalled,Undefined,Undefined,Undefined,0,0,NA,81.69884,0.804318,-5.22617,2099.058117,227.641182,01:30:00,4.96434,1.56166,5.42193,-30.92435,12.59831,12.07198,3.1439,-2.34129,73.47969,-4.947785,-3.092909,0.47482,NA,NA,NA,NA,NA,NA,NA,NA,NA,NA,NA,-7.67658,6.53363,-1.10503,50,5.01504,10.27427,-117.91368,0.65704,-10.66006,25.28013,-23.10116,CHA_14U4,CHA_14U9,USABBCary3,USA Baseball,USA,20250708-USABBCary3-1,e5ea1830-5bf3-11f0-99ca-3994f1733be8,79.38257,NA,NA,8.21915,NA,NA,NA,NA,NA,NA,13b4cefc-5421-4f51-81c6-689dca042000,2025-07-08,12:05:53,2025-07-08T12:05:53Z,2025-07-08T12:05:53Z,NA,v3,NA,NA,NA,"Silva, Diego",1000333001,Right,CHA_14U4,7b10530b-b012-4fac-9d84-8d6820462496,55.07338,-118.99641,12.64007,4.96571,1.64646,-11.55058,-1.55485,10.73083,-5.33003,NA,NA,NA,NA,NA,NA,NA,NA,NA,NA,NA,NA,NA,NA,NA,NA,NA,NA,NA,NA,NA,NA,NA,NA,NA,NA,NA,NA,NA,NA,NA,NA,NA,NA,NA,NA,NA,NA,NA,NA,NA,NA,NA,NA,NA,NA,NA,NA,NA,NA,High,High,High,NA,NA,NA,NA,NA,NA,NA,NA,NA,NA,NA,NA,NA,NA,NA,NA,NA,NA,NA,NA,NA,NA,NA,NA,NA,NA,NA,NA,NA,NA,NA,NA,NA,NA,NA,NA,NA,NA,NA,NA,NA,NA,NA,NA,NA,NA,NA,NA,NA,NA,NA,NA,NA,NA,NA,NA,NA,NA
NA,NA,NA,NA,NA,NA,NA,NA,NA,NA,NA,NA,NA,NA,NA,NA,2,2025-07-08,08:06:06,1,2,"Mata III, Artemio",10922084,Right,CHA_14U4,"Marll Jr., Jason",1000351105,Right,CHA_14U9,Undefined,1,Top,0,1,0,Undefined,Changeup,BallCalled,Undefined,Undefined,Undefined,0,0,NA,81.72333,0.648998,-4.647364,2170.240013,222.822276,01:30:00,4.94124,1.56627,5.27165,-29.63537,14.10131,11.56938,3.08328,-1.84456,73.40831,-4.867847,-2.605552,0.475986,NA,NA,NA,NA,NA,NA,NA,NA,NA,NA,NA,-7.22095,7.29662,-1.14935,50,4.9796,9.09199,-117.99566,0.36923,-10.02792,25.59036,-22.04102,CHA_14U4,CHA_14U9,USABBCary3,USA Baseball,USA,20250708-USABBCary3-1,ed6846e0-5bf3-11f0-99ca-3994f1733be8,79.18809,NA,NA,8.31502,NA,NA,NA,NA,NA,NA,13b4cefc-5421-4f51-81c6-689dca042000,2025-07-08,12:06:06,2025-07-08T12:06:06Z,2025-07-08T12:06:06Z,NA,v3,NA,NA,NA,"Silva, Diego",1000333001,Right,CHA_14U4,022aa4ae-65c4-4d60-8543-e0cc39372875,55.2229,-119.12299,12.79518,4.94195,1.34021,-11.02051,-1.55961,9.53375,-5.01396,NA,NA,NA,NA,NA,NA,NA,NA,NA,NA,NA,NA,NA,NA,NA,NA,NA,NA,NA,NA,NA,NA,NA,NA,NA,NA,NA,NA,NA,NA,NA,NA,NA,NA,NA,NA,NA,NA,NA,NA,NA,NA,NA,NA,NA,NA,NA,NA,NA,NA,High,High,High,NA,NA,NA,NA,NA,NA,NA,NA,NA,NA,NA,NA,NA,NA,NA,NA,NA,NA,NA,NA,NA,NA,NA,NA,NA,NA,NA,NA,NA,NA,NA,NA,NA,NA,NA,NA,NA,NA,NA,NA,NA,NA,NA,NA,NA,NA,NA,NA,NA,NA,NA,NA,NA,NA,NA,NA,NA,NA
NA,NA,NA,NA,NA,NA,NA,NA,NA,NA,NA,NA,NA,NA,NA,NA,3,2025-07-08,08:06:21,1,3,"Mata III, Artemio",10922084,Right,CHA_14U4,"Marll Jr., Jason",1000351105,Right,CHA_14U9,Undefined,1,Top,0,2,0,Undefined,Changeup,InPlay,Undefined,FlyBall,Out,1,0,NA,82.23167,-0.094815,-3.746818,2118.029461,224.730243,01:30:00,5.10588,1.47668,5.29052,-27.47411,15.83898,14.02284,2.72715,-0.878,73.51328,-5.244678,-1.265132,0.473676,90.48239,47.046968,-22.9284,4028.358188,101.26021,111.62152,-42.96942,279.88211,136.28704,-24.324486,5.98493,-8.33902,8.42402,-1.14594,50,5.07792,7.19299,-118.84384,-1.07937,-11.66007,27.51704,-20.39512,CHA_14U4,CHA_14U9,USABBCary3,USA Baseball,USA,20250708-USABBCary3-1,f697cf10-5bf3-11f0-99ca-3994f1733be8,79.57439,133.85294,NA,8.7184,NA,NA,NA,2.42949,3.39903,0.59099,13b4cefc-5421-4f51-81c6-689dca042000,2025-07-08,12:06:21,2025-07-08T12:06:21Z,2025-07-08T12:06:21Z,FlyBall,v3,NA,NA,NA,"Silva, Diego",1000333001,Right,CHA_14U4,29af4178-9d59-49c6-a9b7-d3b2af2994f8,55.20628,-120.04324,13.75852,5.1056,-0.19039,-10.19756,-1.47054,7.70123,-5.83003,176.851137,2.43569,83.16352,-20.41248,4.8676,-0.64769,0.01396,0.00885,-0.0011,4e-5,3.39996,97.10653,-21.04121,1.35987,0.00673,-0.09982,0.03185,-0.00429,2.1e-4,0.58855,-35.18287,7.59594,-1.74461,0.22289,-0.0037,-0.00293,3.2e-4,-1e-5,NA,NA,NA,NA,NA,NA,NA,NA,NA,NA,NA,NA,NA,NA,NA,NA,NA,NA,NA,NA,NA,NA,High,High,High,Medium,Low,NA,NA,NA,NA,NA,NA,NA,NA,NA,NA,NA,NA,NA,NA,NA,NA,NA,NA,NA,NA,NA,NA,NA,NA,NA,NA,NA,NA,NA,NA,NA,NA,NA,NA,NA,NA,NA,NA,NA,NA,NA,NA,NA,NA,NA,NA,NA,NA,NA,NA,NA,NA,NA,NA,NA,NA
NA,NA,NA,NA,NA,NA,NA,NA,NA,NA,NA,NA,NA,NA,NA,NA,4,2025-07-08,08:06:55,2,1,"Mata III, Artemio",10922084,Right,CHA_14U4,"Erickson, Cole",1000417583,Left,CHA_14U9,Undefined,1,Top,1,0,0,Undefined,Changeup,BallCalled,Undefined,Undefined,Undefined,0,0,NA,80.76089,1.173263,-1.641155,1816.229278,237.249381,02:00:00,5.06558,1.49659,5.10991,-32.84604,12.54446,16.65981,3.43439,1.33828,71.75962,-4.946849,1.304279,0.484902,NA,NA,NA,NA,NA,NA,NA,NA,NA,NA,NA,-8.75689,6.32611,-1.35527,50,5.15156,2.60937,-116.72292,1.28751,-11.7441,27.67757,-23.68993,CHA_14U4,CHA_14U9,USABBCary3,USA Baseball,USA,20250708-USABBCary3-1,0a98f6b0-5bf4-11f0-99ca-3994f1733be8,77.73207,NA,NA,9.00127,NA,NA,NA,NA,NA,NA,13b4cefc-5421-4f51-81c6-689dca042000,2025-07-08,12:06:55,2025-07-08T12:06:55Z,2025-07-08T12:06:55Z,NA,v3,NA,NA,NA,"Silva, Diego",1000333001,Right,CHA_14U4,f2199ce3-6e41-4222-a419-2ef433d2b474,55.38263,-117.99236,13.83878,5.06759,2.37406,-11.84497,-1.4873,3.14802,-5.87205,NA,NA,NA,NA,NA,NA,NA,NA,NA,NA,NA,NA,NA,NA,NA,NA,NA,NA,NA,NA,NA,NA,NA,NA,NA,NA,NA,NA,NA,NA,NA,NA,NA,NA,NA,NA,NA,NA,NA,NA,NA,NA,NA,NA,NA,NA,NA,NA,NA,NA,High,High,High,NA,NA,NA,NA,NA,NA,NA,NA,NA,NA,NA,NA,NA,NA,NA,NA,NA,NA,NA,NA,NA,NA,NA,NA,NA,NA,NA,NA,NA,NA,NA,NA,NA,NA,NA,NA,NA,NA,NA,NA,NA,NA,NA,NA,NA,NA,NA,NA,NA,NA,NA,NA,NA,NA,NA,NA,NA,NA
NA,NA,NA,NA,NA,NA,NA,NA,NA,NA,NA,NA,NA,NA,NA,NA,5,2025-07-08,08:07:08,2,2,"Mata III, Artemio",10922084,Right,CHA_14U4,"Erickson, Cole",1000417583,Left,CHA_14U9,Undefined,1,Top,1,1,0,Undefined,Changeup,StrikeCalled,Undefined,Undefined,Undefined,0,0,NA,79.8468,-0.160804,-3.116057,1956.676848,259.063327,02:45:00,5.0272,1.59228,5.36838,-40.03644,5.91083,21.07867,1.53983,0.42425,71.36908,-7.556858,0.629489,0.487867,NA,NA,NA,NA,NA,NA,NA,NA,NA,NA,NA,-11.67603,3.5376,-1.32811,50,4.98486,5.41708,-115.46029,-1.66773,-15.33156,26.96163,-27.52886,CHA_14U4,CHA_14U9,USABBCary3,USA Baseball,USA,20250708-USABBCary3-1,129f8f40-5bf4-11f0-99ca-3994f1733be8,77.2597,NA,NA,8.47772,NA,NA,NA,NA,NA,NA,13b4cefc-5421-4f51-81c6-689dca042000,2025-07-08,12:07:08,2025-07-08T12:07:08Z,2025-07-08T12:07:08Z,NA,v3,NA,NA,NA,"Silva, Diego",1000333001,Right,CHA_14U4,9632cea4-3ae2-42ce-8928-c3b346e223d8,55.12855,-116.65173,13.48082,5.03168,-0.45122,-13.76443,-1.58246,6.09458,-7.66578,NA,NA,NA,NA,NA,NA,NA,NA,NA,NA,NA,NA,NA,NA,NA,NA,NA,NA,NA,NA,NA,NA,NA,NA,NA,NA,NA,NA,NA,NA,NA,NA,NA,NA,NA,NA,NA,NA,NA,NA,NA,NA,NA,NA,NA,NA,NA,NA,NA,NA,High,High,High,NA,NA,NA,NA,NA,NA,NA,NA,NA,NA,NA,NA,NA,NA,NA,NA,NA,NA,NA,NA,NA,NA,NA,NA,NA,NA,NA,NA,NA,NA,NA,NA,NA,NA,NA,NA,NA,NA,NA,NA,NA,NA,NA,NA,NA,NA,NA,NA,NA,NA,NA,NA,NA,NA,NA,NA,NA,NA
NA,NA,NA,NA,NA,NA,NA,NA,NA,NA,NA,NA,NA,NA,NA,NA,6,2025-07-08,08:07:22,2,3,"Mata III, Artemio",10922084,Right,CHA_14U4,"Erickson, Cole",1000417583,Left,CHA_14U9,Undefined,1,Top,1,1,1,Undefined,Changeup,InPlay,Undefined,FlyBall,Out,1,0,NA,81.75312,0.482567,-3.004129,2150.524044,225.407489,01:30:00,4.99457,1.65073,5.30309,-28.35202,15.18843,13.76446,3.08556,-0.025,73.40145,-4.818933,-0.565146,0.474917,79.47471,50.959454,-1.589841,NA,109.26219,111.40783,-12.71759,227.82021,106.60063,-9.267912,5.486006,-7.92044,7.8976,-1.38826,50,5.0185,5.63614,-118.3028,0.08363,-11.02588,26.29973,-21.17995,CHA_14U4,CHA_14U9,USABBCary3,USA Baseball,USA,20250708-USABBCary3-1,1afb9ad0-5bf4-11f0-99ca-3994f1733be8,79.36636,115.56127,NA,8.35167,NA,NA,NA,2.41857,4.61382,-0.35862,13b4cefc-5421-4f51-81c6-689dca042000,2025-07-08,12:07:22,2025-07-08T12:07:22Z,2025-07-08T12:07:22Z,FlyBall,v3,NA,NA,NA,"Silva, Diego",1000333001,Right,CHA_14U4,082b2be9-5c62-4130-9791-6409b95e08ca,55.1944,-119.45198,13.14987,4.99463,1.0091,-10.58998,-1.64506,6.11792,-5.51294,165.825057,2.42107,73.33149,-17.11981,4.18832,-0.5178,-0.03072,0.02138,-0.00277,1.2e-4,4.61386,90.52776,-21.43156,1.52305,-0.07159,-0.07881,0.03123,-0.00486,2.7e-4,-0.35856,-2.04374,-3.52555,1.14311,-0.17421,-0.00875,0.00899,-0.00143,8e-5,NA,NA,NA,NA,NA,NA,NA,NA,NA,NA,NA,NA,NA,NA,NA,NA,NA,NA,NA,NA,NA,NA,High,High,High,Medium,Low,NA,NA,NA,NA,NA,NA,NA,NA,NA,NA,NA,NA,NA,NA,NA,NA,NA,NA,NA,NA,NA,NA,NA,NA,NA,NA,NA,NA,NA,NA,NA,NA,NA,NA,NA,NA,NA,NA,NA,NA,NA,NA,NA,NA,NA,NA,NA,NA,NA,NA,NA,NA,NA,NA,NA,NA
NA,NA,NA,NA,NA,NA,NA,NA,NA,NA,NA,NA,NA,NA,NA,NA,7,2025-07-08,08:07:54,3,1,"Mata III, Artemio",10922084,Right,CHA_14U4,"Freeze, Jaden",1000408243,Right,CHA_14U9,Undefined,1,Top,2,0,0,Undefined,Changeup,StrikeCalled,Undefined,Undefined,Undefined,0,0,NA,82.47338,0.066671,-4.646096,2168.793351,232.23783,01:45:00,5.03247,1.3891,5.3341,-30.02923,13.28316,14.87587,2.59279,-1.73992,73.32829,-5.549202,-2.015898,0.473672,NA,NA,NA,NA,NA,NA,NA,NA,NA,NA,NA,-9.02449,7.11772,-0.97957,50,5.01772,9.01718,-118.95768,-0.84507,-12.58853,28.45788,-22.24535,CHA_14U4,CHA_14U9,USABBCary3,USA Baseball,USA,20250708-USABBCary3-1,2e10b4c0-5bf4-11f0-99ca-3994f1733be8,79.57503,NA,NA,9.14508,NA,NA,NA,NA,NA,NA,13b4cefc-5421-4f51-81c6-689dca042000,2025-07-08,12:07:54,2025-07-08T12:07:54Z,2025-07-08T12:07:54Z,NA,v3,NA,NA,NA,"Silva, Diego",1000333001,Right,CHA_14U4,ada78031-0dbd-4886-ad43-f15788dcf2b8,55.15916,-120.18555,14.22894,5.03347,0.11475,-11.12267,-1.38035,9.56034,-6.29427,NA,NA,NA,NA,NA,NA,NA,NA,NA,NA,NA,NA,NA,NA,NA,NA,NA,NA,NA,NA,NA,NA,NA,NA,NA,NA,NA,NA,NA,NA,NA,NA,NA,NA,NA,NA,NA,NA,NA,NA,NA,NA,NA,NA,NA,NA,NA,NA,NA,NA,High,High,High,NA,NA,NA,NA,NA,NA,NA,NA,NA,NA,NA,NA,NA,NA,NA,NA,NA,NA,NA,NA,NA,NA,NA,NA,NA,NA,NA,NA,NA,NA,NA,NA,NA,NA,NA,NA,NA,NA,NA,NA,NA,NA,NA,NA,NA,NA,NA,NA,NA,NA,NA,NA,NA,NA,NA,NA,NA,NA
NA,NA,NA,NA,NA,NA,NA,NA,NA,NA,NA,NA,NA,NA,NA,NA,8,2025-07-08,08:08:06,3,2,"Mata III, Artemio",10922084,Right,CHA_14U4,"Freeze, Jaden",1000408243,Right,CHA_14U9,Undefined,1,Top,2,0,1,Undefined,Curveball,StrikeSwinging,Undefined,Undefined,Undefined,0,0,NA,69.05662,3.561217,-1.449864,2100.512815,39.981472,07:15:00,4.99913,1.11442,5.06077,-74.97315,-13.15646,-12.92146,2.115,-1.32988,62.50603,-10.00278,-3.733159,0.56588,NA,NA,NA,NA,NA,NA,NA,NA,NA,NA,NA,5.87079,-6.99811,-0.96587,50,5.27883,3.00787,-99.88239,3.80159,5.8033,19.31276,-39.09171,CHA_14U4,CHA_14U9,USABBCary3,USA Baseball,USA,20250708-USABBCary3-1,3550a1f0-5bf4-11f0-99ca-3994f1733be8,66.60855,NA,NA,6.55058,NA,NA,NA,NA,NA,NA,13b4cefc-5421-4f51-81c6-689dca042000,2025-07-08,12:08:06,2025-07-08T12:08:06Z,2025-07-08T12:08:06Z,NA,v3,NA,NA,NA,"Silva, Diego",1000333001,Right,CHA_14U4,3f46d9f9-397a-467d-be52-1bcb682cd0be,55.44098,-100.92895,9.65638,5.01543,5.91997,-19.54585,-1.12034,2.69339,2.90165,NA,NA,NA,NA,NA,NA,NA,NA,NA,NA,NA,NA,NA,NA,NA,NA,NA,NA,NA,NA,NA,NA,NA,NA,NA,NA,NA,NA,NA,NA,NA,NA,NA,NA,NA,NA,NA,NA,NA,NA,NA,NA,NA,NA,NA,NA,NA,NA,NA,NA,High,High,High,NA,NA,NA,NA,NA,NA,NA,NA,NA,NA,NA,NA,NA,NA,NA,NA,NA,NA,NA,NA,NA,NA,NA,NA,NA,NA,NA,NA,NA,NA,NA,NA,NA,NA,NA,NA,NA,NA,NA,NA,NA,NA,NA,NA,NA,NA,NA,NA,NA,NA,NA,NA,NA,NA,NA,NA,NA,NA
NA,NA,NA,NA,NA,NA,NA,NA,NA,NA,NA,NA,NA,NA,NA,NA,9,2025-07-08,08:08:23,3,3,"Mata III, Artemio",10922084,Right,CHA_14U4,"Freeze, Jaden",1000408243,Right,CHA_14U9,Undefined,1,Top,2,0,2,Undefined,Changeup,BallCalled,Undefined,Undefined,Undefined,0,0,NA,81.93612,-2.173192,-4.5699,1948.706656,237.521329,02:00:00,5.01039,1.43085,5.4384,-31.81529,11.1789,15.16304,0.31665,-1.59395,74.45576,-8.039506,-1.87965,0.471929,NA,NA,NA,NA,NA,NA,NA,NA,NA,NA,NA,-8.99209,6.74185,-1.03642,50,4.79579,8.83289,-118.39673,-5.56179,-12.64851,24.51076,-22.69078,CHA_14U4,CHA_14U9,USABBCary3,USA Baseball,USA,20250708-USABBCary3-1,3f803500-5bf4-11f0-99ca-3994f1733be8,79.86895,NA,NA,7.48036,NA,NA,NA,NA,NA,NA,13b4cefc-5421-4f51-81c6-689dca042000,2025-07-08,12:08:23,2025-07-08T12:08:23Z,2025-07-08T12:08:23Z,NA,v3,NA,NA,NA,"Silva, Diego",1000333001,Right,CHA_14U4,b09bbd29-bdb5-4784-85bf-3ec3b357c4c1,55.05909,-119.43948,12.25538,5.01187,-4.59647,-11.34539,-1.42364,9.37099,-6.32426,NA,NA,NA,NA,NA,NA,NA,NA,NA,NA,NA,NA,NA,NA,NA,NA,NA,NA,NA,NA,NA,NA,NA,NA,NA,NA,NA,NA,NA,NA,NA,NA,NA,NA,NA,NA,NA,NA,NA,NA,NA,NA,NA,NA,NA,NA,NA,NA,NA,NA,High,High,High,NA,NA,NA,NA,NA,NA,NA,NA,NA,NA,NA,NA,NA,NA,NA,NA,NA,NA,NA,NA,NA,NA,NA,NA,NA,NA,NA,NA,NA,NA,NA,NA,NA,NA,NA,NA,NA,NA,NA,NA,NA,NA,NA,NA,NA,NA,NA,NA,NA,NA,NA,NA,NA,NA,NA,NA,NA,NA
NA,NA,NA,NA,NA,NA,NA,NA,NA,NA,NA,NA,NA,NA,NA,NA,10,2025-07-08,08:08:40,3,4,"Mata III, Artemio",10922084,Right,CHA_14U4,"Freeze, Jaden",1000408243,Right,CHA_14U9,Undefined,1,Top,2,1,2,Undefined,Curveball,InPlay,Undefined,FlyBall,Out,1,0,NA,69.06768,3.497062,-0.524795,1939.035435,53.243298,07:45:00,5.06381,1.40263,5.19602,-70.36149,-9.31804,-15.30434,2.49405,-0.36638,62.80504,-9.27507,-3.236564,0.56233,88.27653,29.316011,-7.823964,2953.471214,109.52217,53.72749,-10.24079,316.79595,313.03285,-1.061939,4.550618,7.52268,-5.29382,-1.34157,50,5.33449,1.45598,-100.02567,3.93462,7.50631,18.40773,-37.45635,CHA_14U4,CHA_14U9,USABBCary3,USA Baseball,USA,20250708-USABBCary3-1,49ad5710-5bf4-11f0-99ca-3994f1733be8,67.02909,68.31174,NA,6.26264,NA,NA,NA,3.72962,2.93554,0.23988,13b4cefc-5421-4f51-81c6-689dca042000,2025-07-08,12:08:40,2025-07-08T12:08:40Z,2025-07-08T12:08:40Z,LineDrive,v3,NA,NA,NA,"Silva, Diego",1000333001,Right,CHA_14U4,04b4802d-788e-4599-8867-1a6e3497f664,55.30687,-100.99758,9.20386,5.07454,5.91226,-18.72818,-1.40798,1.05966,3.75315,203.355505,3.72891,111.85893,-19.39483,4.49738,-1.11142,0.28993,-0.06278,0.00829,-4.6e-4,2.93685,63.36011,-16.96086,0.77832,0.14715,-0.14243,0.04498,-0.00656,3.6e-4,0.23986,-15.36742,6.92654,-1.77412,0.4177,-0.08922,0.01548,-0.00178,1e-4,NA,NA,NA,NA,NA,NA,NA,NA,NA,NA,NA,NA,NA,NA,NA,NA,NA,NA,NA,NA,NA,NA,High,High,High,High,High,NA,NA,NA,NA,NA,NA,NA,NA,NA,NA,NA,NA,NA,NA,NA,NA,NA,NA,NA,NA,NA,NA,NA,NA,NA,NA,NA,NA,NA,NA,NA,NA,NA,NA,NA,NA,NA,NA,NA,NA,NA,NA,NA,NA,NA,NA,NA,NA,NA,NA,NA,NA,NA,NA,NA,NA
NA,NA,NA,NA,NA,NA,NA,NA,NA,NA,NA,NA,NA,NA,NA,NA,11,2025-07-08,08:11:54,1,1,"Head, Paris",10318891,Right,CHA_14U9,"Mata III, Artemio",10922084,Right,CHA_14U4,Undefined,1,Bottom,0,0,0,Undefined,Cutter,BallCalled,Undefined,Undefined,Undefined,0,0,NA,85.18651,-0.208586,-2.294464,2309.654555,192.144549,12:30:00,5.78329,1.14285,5.0127,-20.52907,20.08887,3.99138,3.87551,-0.69129,76.25829,-4.091388,-1.590753,0.458702,NA,NA,NA,NA,NA,NA,NA,NA,NA,NA,NA,-2.71799,10.41264,-0.92602,50,5.74772,4.74962,-123.17205,-1.10095,-4.09731,28.74071,-16.47729,CHA_14U4,CHA_14U9,USABBCary3,USA Baseball,USA,20250708-USABBCary3-1,bccf85b0-5bf4-11f0-99ca-3994f1733be8,82.17199,NA,NA,8.92822,NA,NA,NA,NA,NA,NA,13b4cefc-5421-4f51-81c6-689dca042000,2025-07-08,12:11:54,2025-07-08T12:11:54Z,2025-07-08T12:11:54Z,NA,v3,NA,NA,NA,"Williams, Asher",10907595,Right,CHA_14U9,9d181243-f6b0-4a6f-803f-1218bfa84da5,55.4801,-124.4442,14.37035,5.78031,-0.37162,-8.23865,-1.14027,4.93098,-2.04866,NA,NA,NA,NA,NA,NA,NA,NA,NA,NA,NA,NA,NA,NA,NA,NA,NA,NA,NA,NA,NA,NA,NA,NA,NA,NA,NA,NA,NA,NA,NA,NA,NA,NA,NA,NA,NA,NA,NA,NA,NA,NA,NA,NA,NA,NA,NA,NA,NA,NA,High,High,High,NA,NA,NA,NA,NA,NA,NA,NA,NA,NA,NA,NA,NA,NA,NA,NA,NA,NA,NA,NA,NA,NA,NA,NA,NA,NA,NA,NA,NA,NA,NA,NA,NA,NA,NA,NA,NA,NA,NA,NA,NA,NA,NA,NA,NA,NA,NA,NA,NA,NA,NA,NA,NA,NA,NA,NA,NA,NA
NA,NA,NA,NA,NA,NA,NA,NA,NA,NA,NA,NA,NA,NA,NA,NA,12,2025-07-08,08:12:07,1,2,"Head, Paris",10318891,Right,CHA_14U9,"Mata III, Artemio",10922084,Right,CHA_14U4,Undefined,1,Bottom,0,1,0,Undefined,Curveball,BallCalled,Undefined,Undefined,Undefined,0,0,NA,68.35576,5.750327,1.228422,3020.053439,30.258126,07:00:00,5.66116,1.45197,4.59029,-84.44544,-19.71265,-12.94394,4.11351,1.54197,61.25576,-9.401316,-1.036273,0.579073,NA,NA,NA,NA,NA,NA,NA,NA,NA,NA,NA,6.63095,-10.64127,-1.56607,50,6.17837,-1.60113,-98.50382,7.0174,6.35976,19.124389999999998,-42.3801,CHA_14U4,CHA_14U9,USABBCary3,USA Baseball,USA,20250708-USABBCary3-1,c50ff2f0-5bf4-11f0-99ca-3994f1733be8,65.09096,NA,NA,7.1,NA,NA,NA,NA,NA,NA,13b4cefc-5421-4f51-81c6-689dca042000,2025-07-08,12:12:07,2025-07-08T12:12:07Z,2025-07-08T12:12:07Z,NA,v3,NA,NA,NA,"Williams, Asher",10907595,Right,CHA_14U9,2683509d-7f83-463c-a92e-d46807d002a9,55.9132,-99.64525,9.5622,5.68406,9.54683,-21.19005,-1.45918,-1.98071,3.17988,NA,NA,NA,NA,NA,NA,NA,NA,NA,NA,NA,NA,NA,NA,NA,NA,NA,NA,NA,NA,NA,NA,NA,NA,NA,NA,NA,NA,NA,NA,NA,NA,NA,NA,NA,NA,NA,NA,NA,NA,NA,NA,NA,NA,NA,NA,NA,NA,NA,NA,High,High,High,NA,NA,NA,NA,NA,NA,NA,NA,NA,NA,NA,NA,NA,NA,NA,NA,NA,NA,NA,NA,NA,NA,NA,NA,NA,NA,NA,NA,NA,NA,NA,NA,NA,NA,NA,NA,NA,NA,NA,NA,NA,NA,NA,NA,NA,NA,NA,NA,NA,NA,NA,NA,NA,NA,NA,NA,NA,NA
NA,NA,NA,NA,NA,NA,NA,NA,NA,NA,NA,NA,NA,NA,NA,NA,13,2025-07-08,08:12:22,1,3,"Head, Paris",10318891,Right,CHA_14U9,"Mata III, Artemio",10922084,Right,CHA_14U4,Undefined,1,Bottom,0,2,0,Undefined,Four-Seam,StrikeCalled,Undefined,Undefined,Undefined,0,0,NA,83.05029,-1.62413,-1.675518,2264.717621,196.356063,12:30:00,5.72592,1.38849,5.20064,-20.82915,21.86277,5.91146,2.4615,0.30475,74.05357,-5.590052,-0.628583,0.470267,NA,NA,NA,NA,NA,NA,NA,NA,NA,NA,NA,-3.51303,11.9191,-1.23786,50,5.56069,3.24951,-120.0441,-4.01807,-4.99613,28.7381,-15.22314,CHA_14U4,CHA_14U9,USABBCary3,USA Baseball,USA,20250708-USABBCary3-1,ce1780c0-5bf4-11f0-99ca-3994f1733be8,80.15117,NA,NA,8.99672,NA,NA,NA,NA,NA,NA,13b4cefc-5421-4f51-81c6-689dca042000,2025-07-08,12:12:22,2025-07-08T12:12:22Z,2025-07-08T12:12:22Z,NA,v3,NA,NA,NA,"Williams, Asher",10907595,Right,CHA_14U9,3bf70974-62ba-4cf9-8a0c-e4afccb34597,55.29191,-121.30434,14.36905,5.72226,-3.3505,-7.61157,-1.38517,3.4686,-2.49806,NA,NA,NA,NA,NA,NA,NA,NA,NA,NA,NA,NA,NA,NA,NA,NA,NA,NA,NA,NA,NA,NA,NA,NA,NA,NA,NA,NA,NA,NA,NA,NA,NA,NA,NA,NA,NA,NA,NA,NA,NA,NA,NA,NA,NA,NA,NA,NA,NA,NA,High,High,High,NA,NA,NA,NA,NA,NA,NA,NA,NA,NA,NA,NA,NA,NA,NA,NA,NA,NA,NA,NA,NA,NA,NA,NA,NA,NA,NA,NA,NA,NA,NA,NA,NA,NA,NA,NA,NA,NA,NA,NA,NA,NA,NA,NA,NA,NA,NA,NA,NA,NA,NA,NA,NA,NA,NA,NA,NA,NA
NA,NA,NA,NA,NA,NA,NA,NA,NA,NA,NA,NA,NA,NA,NA,NA,14,2025-07-08,08:12:34,1,4,"Head, Paris",10318891,Right,CHA_14U9,"Mata III, Artemio",10922084,Right,CHA_14U4,Undefined,1,Bottom,0,2,1,Undefined,Curveball,StrikeCalled,Undefined,Undefined,Undefined,0,0,NA,69.08781,3.580698,0.031593,2958.438277,39.241457,07:15:00,5.55,1.37499,4.53893,-80.43701,-17.61013,-16.23749,2.26056,0.05194,62.69664,-10.804527,-2.815742,0.570485,NA,NA,NA,NA,NA,NA,NA,NA,NA,NA,NA,7.88087,-9.07079,-1.36188,50,5.84683,0.57596,-99.92991,3.48134,7.8099,19.10202,-41.16313,CHA_14U4,CHA_14U9,USABBCary3,USA Baseball,USA,20250708-USABBCary3-1,d4dbfc60-5bf4-11f0-99ca-3994f1733be8,66.07088,NA,NA,6.39117,NA,NA,NA,NA,NA,NA,13b4cefc-5421-4f51-81c6-689dca042000,2025-07-08,12:12:34,2025-07-08T12:12:34Z,2025-07-08T12:12:34Z,NA,v3,NA,NA,NA,"Williams, Asher",10907595,Right,CHA_14U9,7bbc047a-6f0c-4512-9e0c-da28ea81b2fe,55.96541,-101.0638,9.55101,5.56766,5.92474,-20.58157,-1.38231,0.11238,3.90495,NA,NA,NA,NA,NA,NA,NA,NA,NA,NA,NA,NA,NA,NA,NA,NA,NA,NA,NA,NA,NA,NA,NA,NA,NA,NA,NA,NA,NA,NA,NA,NA,NA,NA,NA,NA,NA,NA,NA,NA,NA,NA,NA,NA,NA,NA,NA,NA,NA,NA,High,High,High,NA,NA,NA,NA,NA,NA,NA,NA,NA,NA,NA,NA,NA,NA,NA,NA,NA,NA,NA,NA,NA,NA,NA,NA,NA,NA,NA,NA,NA,NA,NA,NA,NA,NA,NA,NA,NA,NA,NA,NA,NA,NA,NA,NA,NA,NA,NA,NA,NA,NA,NA,NA,NA,NA,NA,NA,NA,NA
NA,NA,NA,NA,NA,NA,NA,NA,NA,NA,NA,NA,NA,NA,NA,NA,15,2025-07-08,08:12:48,1,5,"Head, Paris",10318891,Right,CHA_14U9,"Mata III, Artemio",10922084,Right,CHA_14U4,Undefined,1,Bottom,0,2,2,Undefined,Curveball,BallCalled,Undefined,Undefined,Undefined,0,0,NA,67.52058,6.989837,1.638386,2993.713767,42.951307,07:30:00,5.57618,1.35875,4.77035,-84.84178,-18.58158,-19.69603,5.16866,1.27114,60.17246,-8.292399,-1.811813,0.585865,NA,NA,NA,NA,NA,NA,NA,NA,NA,NA,NA,10.05048,-10.54934,-1.50459,50,6.20536,-2.01679,-97.08323,9.08863,9.35699,18.6711,-41.99548,CHA_14U4,CHA_14U9,USABBCary3,USA Baseball,USA,20250708-USABBCary3-1,dd18c020-5bf4-11f0-99ca-3994f1733be8,64.33636,NA,NA,7.34812,NA,NA,NA,NA,NA,NA,13b4cefc-5421-4f51-81c6-689dca042000,2025-07-08,12:12:48,2025-07-08T12:12:48Z,2025-07-08T12:12:48Z,NA,v3,NA,NA,NA,"Williams, Asher",10907595,Right,CHA_14U9,1fe7e943-3f6d-4d34-9e15-bc450ce27afb,55.73347,-98.1797,9.33555,5.59921,11.55484,-20.99774,-1.37002,-2.56629,4.67849,NA,NA,NA,NA,NA,NA,NA,NA,NA,NA,NA,NA,NA,NA,NA,NA,NA,NA,NA,NA,NA,NA,NA,NA,NA,NA,NA,NA,NA,NA,NA,NA,NA,NA,NA,NA,NA,NA,NA,NA,NA,NA,NA,NA,NA,NA,NA,NA,NA,NA,High,High,High,NA,NA,NA,NA,NA,NA,NA,NA,NA,NA,NA,NA,NA,NA,NA,NA,NA,NA,NA,NA,NA,NA,NA,NA,NA,NA,NA,NA,NA,NA,NA,NA,NA,NA,NA,NA,NA,NA,NA,NA,NA,NA,NA,NA,NA,NA,NA,NA,NA,NA,NA,NA,NA,NA,NA,NA,NA,NA
NA,NA,NA,NA,NA,NA,NA,NA,NA,NA,NA,NA,NA,NA,NA,NA,16,2025-07-08,08:13:07,1,6,"Head, Paris",10318891,Right,CHA_14U9,"Mata III, Artemio",10922084,Right,CHA_14U4,Undefined,1,Bottom,0,3,2,Undefined,Four-Seam,InPlay,Undefined,GroundBall,Out,1,0,NA,83.40081,-0.949972,-2.014702,2299.886088,200.52653,12:45:00,5.74691,1.20322,5.05319,-20.82863,21.2832,7.38768,3.1146,-0.08205,75.06167,-4.882491,-0.710402,0.467061,85.53317,6.545345,-32.100986,3346.242354,NA,NA,NA,76.53252,76.53252,-31.755015,0.66485,-4.33713,11.32304,-1.01765,50,5.64095,3.9252,-120.72033,-2.65706,-6.30115,26.89918,-15.7235,CHA_14U4,CHA_14U9,USABBCary3,USA Baseball,USA,20250708-USABBCary3-1,e8773640-5bf4-11f0-99ca-3994f1733be8,80.70135,4.71737,NA,8.33914,NA,NA,NA,2.39207,3.06351,0.2103,13b4cefc-5421-4f51-81c6-689dca042000,2025-07-08,12:13:07,2025-07-08T12:13:07Z,2025-07-08T12:13:07Z,GroundBall,v3,NA,NA,NA,"Williams, Asher",10907595,Right,CHA_14U9,196a6353-1838-4763-ae85-21cda5498487,55.44379,-121.92729,13.44959,5.74435,-1.95155,-7.86175,-1.20011,4.20793,-3.15058,13.341065,2.41864,105.03574,-16.28901,NA,NA,NA,NA,NA,NA,3.13295,12.87427,-26.59513,NA,NA,NA,NA,NA,NA,0.20483,-66.12201,7.88081,NA,NA,NA,NA,NA,NA,NA,NA,NA,NA,NA,NA,NA,NA,NA,NA,NA,NA,NA,NA,NA,NA,NA,NA,NA,NA,NA,NA,High,High,High,High,High,NA,NA,NA,NA,NA,NA,NA,NA,NA,NA,NA,NA,NA,NA,NA,NA,NA,NA,NA,NA,NA,NA,NA,NA,NA,NA,NA,NA,NA,NA,NA,NA,NA,NA,NA,NA,NA,NA,NA,NA,NA,NA,NA,NA,NA,NA,NA,NA,NA,NA,NA,NA,NA,NA,NA,NA
NA,NA,NA,NA,NA,NA,NA,NA,NA,NA,NA,NA,NA,NA,NA,NA,17,2025-07-08,08:13:42,2,1,"Head, Paris",10318891,Right,CHA_14U9,"Holder, Carter",1000339176,Right,CHA_14U4,Undefined,1,Bottom,1,0,0,Undefined,Four-Seam,BallCalled,Undefined,Undefined,Undefined,0,0,NA,84.01942,-0.185761,-1.271934,2296.152717,194.708348,12:30:00,5.87144,0.92073,5.19804,-20.25273,20.87926,5.095,4.00894,0.14873,75.74355,-4.021255,-0.369669,0.461595,NA,NA,NA,NA,NA,NA,NA,NA,NA,NA,NA,-2.92142,10.86654,-0.80681,50,5.83968,2.47603,-121.70251,-1.01218,-4.32818,26.60272,-16.07489,CHA_14U4,CHA_14U9,USABBCary3,USA Baseball,USA,20250708-USABBCary3-1,fda0b140-5bf4-11f0-99ca-3994f1733be8,81.65692,NA,NA,8.27587,NA,NA,NA,NA,NA,NA,13b4cefc-5421-4f51-81c6-689dca042000,2025-07-08,12:13:42,2025-07-08T12:13:42Z,2025-07-08T12:13:42Z,NA,v3,NA,NA,NA,"Williams, Asher",10907595,Right,CHA_14U9,154a6b37-1af7-468a-9ecd-10942629b9d8,55.29672,-122.85485,13.30136,5.86845,-0.31587,-8.03745,-0.91812,2.66351,-2.16409,NA,NA,NA,NA,NA,NA,NA,NA,NA,NA,NA,NA,NA,NA,NA,NA,NA,NA,NA,NA,NA,NA,NA,NA,NA,NA,NA,NA,NA,NA,NA,NA,NA,NA,NA,NA,NA,NA,NA,NA,NA,NA,NA,NA,NA,NA,NA,NA,NA,NA,High,High,High,NA,NA,NA,NA,NA,NA,NA,NA,NA,NA,NA,NA,NA,NA,NA,NA,NA,NA,NA,NA,NA,NA,NA,NA,NA,NA,NA,NA,NA,NA,NA,NA,NA,NA,NA,NA,NA,NA,NA,NA,NA,NA,NA,NA,NA,NA,NA,NA,NA,NA,NA,NA,NA,NA,NA,NA,NA,NA
NA,NA,NA,NA,NA,NA,NA,NA,NA,NA,NA,NA,NA,NA,NA,NA,18,2025-07-08,08:13:55,2,2,"Head, Paris",10318891,Right,CHA_14U9,"Holder, Carter",1000339176,Right,CHA_14U4,Undefined,1,Bottom,1,1,0,Undefined,Curveball,StrikeCalled,Undefined,Undefined,Undefined,0,0,NA,68.59834,2.690864,-0.369487,2992.364884,26.185903,06:45:00,5.69333,1.25657,4.71204,-79.85087,-17.17107,-9.46918,1.59489,0.11679,62.98272,-11.584345,-2.037357,0.569817,NA,NA,NA,NA,NA,NA,NA,NA,NA,NA,NA,4.52796,-8.65843,-1.21019,50,5.8935,0.99468,-99.42803,2.00669,4.48112,17.63628,-40.74291,CHA_14U4,CHA_14U9,USABBCary3,USA Baseball,USA,20250708-USABBCary3-1,052ee580-5bf5-11f0-99ca-3994f1733be8,66.14834,NA,NA,5.61563,NA,NA,NA,NA,NA,NA,13b4cefc-5421-4f51-81c6-689dca042000,2025-07-08,12:13:55,2025-07-08T12:13:55Z,2025-07-08T12:13:55Z,NA,v3,NA,NA,NA,"Williams, Asher",10907595,Right,CHA_14U9,76db2598-0847-43c4-b08a-c9cea039aef2,55.79318,-100.45036,8.81814,5.70873,4.36843,-20.37146,-1.26032,0.73492,2.24056,NA,NA,NA,NA,NA,NA,NA,NA,NA,NA,NA,NA,NA,NA,NA,NA,NA,NA,NA,NA,NA,NA,NA,NA,NA,NA,NA,NA,NA,NA,NA,NA,NA,NA,NA,NA,NA,NA,NA,NA,NA,NA,NA,NA,NA,NA,NA,NA,NA,NA,High,High,High,NA,NA,NA,NA,NA,NA,NA,NA,NA,NA,NA,NA,NA,NA,NA,NA,NA,NA,NA,NA,NA,NA,NA,NA,NA,NA,NA,NA,NA,NA,NA,NA,NA,NA,NA,NA,NA,NA,NA,NA,NA,NA,NA,NA,NA,NA,NA,NA,NA,NA,NA,NA,NA,NA,NA,NA,NA,NA
NA,NA,NA,NA,NA,NA,NA,NA,NA,NA,NA,NA,NA,NA,NA,NA,19,2025-07-08,08:14:10,2,3,"Head, Paris",10318891,Right,CHA_14U9,"Holder, Carter",1000339176,Right,CHA_14U4,Undefined,1,Bottom,1,1,1,Undefined,Curveball,BallCalled,Undefined,Undefined,Undefined,0,0,NA,69.61118,2.582391,1.221755,3009.162662,32.272047,07:00:00,5.59902,1.24437,4.52741,-81.27804,-19.31072,-13.63442,1.28731,1.27183,63.245,-11.924645,-1.173275,0.566569,NA,NA,NA,NA,NA,NA,NA,NA,NA,NA,NA,7.05843,-9.66028,-1.35802,50,5.7908,-1.61917,-100.73751,1.72447,7.0897,19.80382,-41.87712,CHA_14U4,CHA_14U9,USABBCary3,USA Baseball,USA,20250708-USABBCary3-1,0e24c010-5bf5-11f0-99ca-3994f1733be8,66.52754,NA,NA,6.36618,NA,NA,NA,NA,NA,NA,13b4cefc-5421-4f51-81c6-689dca042000,2025-07-08,12:14:10,2025-07-08T12:14:10Z,2025-07-08T12:14:10Z,NA,v3,NA,NA,NA,"Williams, Asher",10907595,Right,CHA_14U9,69bb70f5-9e9e-492c-b5c9-62e03fc1b3f2,55.97716,-101.90578,9.90191,5.6162,4.19488,-20.93856,-1.25017,-2.0374,3.54485,NA,NA,NA,NA,NA,NA,NA,NA,NA,NA,NA,NA,NA,NA,NA,NA,NA,NA,NA,NA,NA,NA,NA,NA,NA,NA,NA,NA,NA,NA,NA,NA,NA,NA,NA,NA,NA,NA,NA,NA,NA,NA,NA,NA,NA,NA,NA,NA,NA,NA,High,High,High,NA,NA,NA,NA,NA,NA,NA,NA,NA,NA,NA,NA,NA,NA,NA,NA,NA,NA,NA,NA,NA,NA,NA,NA,NA,NA,NA,NA,NA,NA,NA,NA,NA,NA,NA,NA,NA,NA,NA,NA,NA,NA,NA,NA,NA,NA,NA,NA,NA,NA,NA,NA,NA,NA,NA,NA,NA,NA
NA,NA,NA,NA,NA,NA,NA,NA,NA,NA,NA,NA,NA,NA,NA,NA,20,2025-07-08,08:14:26,2,4,"Head, Paris",10318891,Right,CHA_14U9,"Holder, Carter",1000339176,Right,CHA_14U4,Undefined,1,Bottom,1,2,1,Undefined,Curveball,BallCalled,Undefined,Undefined,Undefined,0,0,NA,67.67098,4.40072,1.538608,2936.658548,32.432338,07:00:00,5.49247,1.36479,4.49584,-86.01851,-20.42769,-14.47556,2.52731,1.62492,61.42935,-10.956849,-0.99611,0.582898,NA,NA,NA,NA,NA,NA,NA,NA,NA,NA,NA,7.48398,-10.57276,-1.51145,50,5.87205,-2.06879,-97.79469,4.58967,7.11983,17.96125,-42.23236,CHA_14U4,CHA_14U9,USABBCary3,USA Baseball,USA,20250708-USABBCary3-1,17a4d940-5bf5-11f0-99ca-3994f1733be8,64.66383,NA,NA,6.24164,NA,NA,NA,NA,NA,NA,13b4cefc-5421-4f51-81c6-689dca042000,2025-07-08,12:14:26,2025-07-08T12:14:26Z,2025-07-08T12:14:26Z,NA,v3,NA,NA,NA,"Williams, Asher",10907595,Right,CHA_14U9,fdd126b2-b9f8-4aad-a0d8-d5f9a0b3a636,56.01008,-98.89236,8.98063,5.51269,7.17062,-21.11618,-1.37172,-2.50391,3.55991,NA,NA,NA,NA,NA,NA,NA,NA,NA,NA,NA,NA,NA,NA,NA,NA,NA,NA,NA,NA,NA,NA,NA,NA,NA,NA,NA,NA,NA,NA,NA,NA,NA,NA,NA,NA,NA,NA,NA,NA,NA,NA,NA,NA,NA,NA,NA,NA,NA,NA,High,High,High,NA,NA,NA,NA,NA,NA,NA,NA,NA,NA,NA,NA,NA,NA,NA,NA,NA,NA,NA,NA,NA,NA,NA,NA,NA,NA,NA,NA,NA,NA,NA,NA,NA,NA,NA,NA,NA,NA,NA,NA,NA,NA,NA,NA,NA,NA,NA,NA,NA,NA,NA,NA,NA,NA,NA,NA,NA,NA
NA,NA,NA,NA,NA,NA,NA,NA,NA,NA,NA,NA,NA,NA,NA,NA,21,2025-07-08,08:14:42,2,5,"Head, Paris",10318891,Right,CHA_14U9,"Holder, Carter",1000339176,Right,CHA_14U4,Undefined,1,Bottom,1,3,1,Undefined,Four-Seam,StrikeSwinging,Undefined,Undefined,Undefined,0,0,NA,83.59055,-0.308072,-0.770201,2270.957075,194.183908,12:30:00,5.79955,0.98934,4.84922,-21.55111,20.63985,4.82681,3.71195,0.66239,75.20957,-4.357793,0.079321,0.4675,NA,NA,NA,NA,NA,NA,NA,NA,NA,NA,NA,-2.60791,10.67682,-0.9176,50,5.7519,1.40583,-120.99403,-1.35256,-3.81094,26.74388,-16.57199,CHA_14U4,CHA_14U9,USABBCary3,USA Baseball,USA,20250708-USABBCary3-1,212ce1b0-5bf5-11f0-99ca-3994f1733be8,80.62562,NA,NA,8.38098,NA,NA,NA,NA,NA,NA,13b4cefc-5421-4f51-81c6-689dca042000,2025-07-08,12:14:42,2025-07-08T12:14:42Z,2025-07-08T12:14:42Z,NA,v3,NA,NA,NA,"Williams, Asher",10907595,Right,CHA_14U9,3accdcaa-8733-499c-aac8-215b055bc3a2,55.64517,-122.23544,13.37194,5.79683,-0.58332,-8.28599,-0.98696,1.58273,-1.90547,NA,NA,NA,NA,NA,NA,NA,NA,NA,NA,NA,NA,NA,NA,NA,NA,NA,NA,NA,NA,NA,NA,NA,NA,NA,NA,NA,NA,NA,NA,NA,NA,NA,NA,NA,NA,NA,NA,NA,NA,NA,NA,NA,NA,NA,NA,NA,NA,NA,NA,High,High,High,NA,NA,NA,NA,NA,NA,NA,NA,NA,NA,NA,NA,NA,NA,NA,NA,NA,NA,NA,NA,NA,NA,NA,NA,NA,NA,NA,NA,NA,NA,NA,NA,NA,NA,NA,NA,NA,NA,NA,NA,NA,NA,NA,NA,NA,NA,NA,NA,NA,NA,NA,NA,NA,NA,NA,NA,NA,NA
NA,NA,NA,NA,NA,NA,NA,NA,NA,NA,NA,NA,NA,NA,NA,NA,22,2025-07-08,08:14:55,2,6,"Head, Paris",10318891,Right,CHA_14U9,"Holder, Carter",1000339176,Right,CHA_14U4,Undefined,1,Bottom,1,3,2,Undefined,Curveball,StrikeCalled,Strikeout,Undefined,Undefined,0,0,NA,67.94324,4.572502,1.699501,3035.889154,37.924113,07:15:00,5.59515,1.33439,4.7536,-85.92631,-20.81855,-18.19721,2.78215,1.43016,61.06273,-10.876354,-1.501545,0.580748,NA,NA,NA,NA,NA,NA,NA,NA,NA,NA,NA,9.4204,-10.91619,-1.48818,50,5.97962,-2.21244,-98.09298,4.9681,8.92317,19.54199,-42.51407,CHA_14U4,CHA_14U9,USABBCary3,USA Baseball,USA,20250708-USABBCary3-1,29343d90-5bf5-11f0-99ca-3994f1733be8,64.90326,NA,NA,6.88051,NA,NA,NA,NA,NA,NA,13b4cefc-5421-4f51-81c6-689dca042000,2025-07-08,12:14:55,2025-07-08T12:14:55Z,2025-07-08T12:14:55Z,NA,v3,NA,NA,NA,"Williams, Asher",10907595,Right,CHA_14U9,0d488eff-9789-4c02-8e74-616ca0be8182,55.75107,-99.23209,9.771,5.61781,7.44626,-21.25704,-1.34405,-2.73258,4.46158,NA,NA,NA,NA,NA,NA,NA,NA,NA,NA,NA,NA,NA,NA,NA,NA,NA,NA,NA,NA,NA,NA,NA,NA,NA,NA,NA,NA,58.58606,2.635127,1.414912,1.220215,-0.93638,2.31444,-1.36559,-0.63238,5.59479,0.62369,73.65668,7.81519,-51.31689,-0.59802,65.51585,-3.83255,5.67061,20.44514,-15.34292,0.52764,-49.82051,6.04242,High,High,High,NA,NA,High,High,High,NA,NA,NA,NA,NA,NA,NA,NA,NA,NA,NA,NA,NA,NA,NA,NA,NA,NA,NA,NA,NA,NA,NA,NA,NA,NA,NA,NA,NA,NA,NA,NA,NA,NA,NA,NA,NA,NA,NA,NA,NA,NA,NA,NA,NA,NA,NA,NA,NA,NA,NA,NA,NA
NA,NA,NA,NA,NA,NA,NA,NA,NA,NA,NA,NA,NA,NA,NA,NA,23,2025-07-08,08:15:20,3,1,"Head, Paris",10318891,Right,CHA_14U9,"Bryant, Maddox",10908861,Left,CHA_14U4,Undefined,1,Bottom,2,0,0,Undefined,Four-Seam,BallCalled,Undefined,Undefined,Undefined,0,0,NA,82.51021,1.35111,0.041662,2191.822905,210.052873,01:00:00,5.84758,1.26432,5.19738,-22.46478,20.24623,10.83768,5.24662,2.20665,74.23029,-2.894742,1.960652,0.470372,NA,NA,NA,NA,NA,NA,NA,NA,NA,NA,NA,-5.35036,10.07548,-1.27661,50,5.95663,-0.56019,-119.49891,2.13083,-7.63096,25.9614,-17.80382,CHA_14U4,CHA_14U9,USABBCary3,USA Baseball,USA,20250708-USABBCary3-1,3792ad40-5bf5-11f0-99ca-3994f1733be8,80.13328,NA,NA,8.27992,NA,NA,NA,NA,NA,NA,13b4cefc-5421-4f51-81c6-689dca042000,2025-07-08,12:15:20,2025-07-08T12:15:20Z,2025-07-08T12:15:20Z,NA,v3,NA,NA,NA,"Williams, Asher",10907595,Right,CHA_14U9,972343f9-954f-4530-889a-ec94747522f0,55.29736,-120.64429,12.9807,5.8453,2.9163,-8.90191,-1.25932,-0.22352,-3.81548,NA,NA,NA,NA,NA,NA,NA,NA,NA,NA,NA,NA,NA,NA,NA,NA,NA,NA,NA,NA,NA,NA,NA,NA,NA,NA,NA,NA,NA,NA,NA,NA,NA,NA,NA,NA,NA,NA,NA,NA,NA,NA,NA,NA,NA,NA,NA,NA,NA,NA,High,High,High,NA,NA,NA,NA,NA,NA,NA,NA,NA,NA,NA,NA,NA,NA,NA,NA,NA,NA,NA,NA,NA,NA,NA,NA,NA,NA,NA,NA,NA,NA,NA,NA,NA,NA,NA,NA,NA,NA,NA,NA,NA,NA,NA,NA,NA,NA,NA,NA,NA,NA,NA,NA,NA,NA,NA,NA,NA,NA
NA,NA,NA,NA,NA,NA,NA,NA,NA,NA,NA,NA,NA,NA,NA,NA,24,2025-07-08,08:15:33,3,2,"Head, Paris",10318891,Right,CHA_14U9,"Bryant, Maddox",10908861,Left,CHA_14U4,Undefined,1,Bottom,2,1,0,Undefined,Curveball,BallCalled,Undefined,Undefined,Undefined,0,0,NA,69.40211,1.422896,0.336658,2983.180061,24.163803,06:45:00,5.62559,1.22874,4.20842,-83.39162,-20.35745,-10.16666,0.03955,0.704,63.37771,-13.323974,-1.443052,0.571425,NA,NA,NA,NA,NA,NA,NA,NA,NA,NA,NA,5.07981,-9.92969,-1.25421,50,5.69342,-0.1966,-100.46819,-0.4479,5.06993,19.84694,-42.08448,CHA_14U4,CHA_14U9,USABBCary3,USA Baseball,USA,20250708-USABBCary3-1,3f9ffc90-5bf5-11f0-99ca-3994f1733be8,65.96214,NA,NA,6.0244,NA,NA,NA,NA,NA,NA,13b4cefc-5421-4f51-81c6-689dca042000,2025-07-08,12:15:33,2025-07-08T12:15:33Z,2025-07-08T12:15:33Z,NA,v3,NA,NA,NA,"Williams, Asher",10907595,Right,CHA_14U9,75a5ed28-62e3-4cee-ab9e-28e70c078006,56.29677,-101.70447,9.92347,5.63968,2.17359,-21.04224,-1.23213,-0.51241,2.53496,NA,NA,NA,NA,NA,NA,NA,NA,NA,NA,NA,NA,NA,NA,NA,NA,NA,NA,NA,NA,NA,NA,NA,NA,NA,NA,NA,NA,NA,NA,NA,NA,NA,NA,NA,NA,NA,NA,NA,NA,NA,NA,NA,NA,NA,NA,NA,NA,NA,NA,High,High,High,NA,NA,NA,NA,NA,NA,NA,NA,NA,NA,NA,NA,NA,NA,NA,NA,NA,NA,NA,NA,NA,NA,NA,NA,NA,NA,NA,NA,NA,NA,NA,NA,NA,NA,NA,NA,NA,NA,NA,NA,NA,NA,NA,NA,NA,NA,NA,NA,NA,NA,NA,NA,NA,NA,NA,NA,NA,NA
NA,NA,NA,NA,NA,NA,NA,NA,NA,NA,NA,NA,NA,NA,NA,NA,25,2025-07-08,08:15:53,3,3,"Head, Paris",10318891,Right,CHA_14U9,"Bryant, Maddox",10908861,Left,CHA_14U4,Undefined,1,Bottom,2,2,0,Undefined,Changeup,BallCalled,Undefined,Undefined,Undefined,0,0,NA,81.03582,1.287071,-0.289123,2214.305517,201.575309,12:45:00,5.70708,1.49154,5.13037,-25.67269,18.86694,6.81402,4.78005,1.78708,72.68438,-3.539364,0.916041,0.480336,NA,NA,NA,NA,NA,NA,NA,NA,NA,NA,NA,-3.44126,9.39965,-1.46979,50,5.80889,0.29347,-117.28281,1.83028,-4.7143,25.58745,-19.29711,CHA_14U4,CHA_14U9,USABBCary3,USA Baseball,USA,20250708-USABBCary3-1,4b585280-5bf5-11f0-99ca-3994f1733be8,78.47105,NA,NA,8.35144,NA,NA,NA,NA,NA,NA,13b4cefc-5421-4f51-81c6-689dca042000,2025-07-08,12:15:53,2025-07-08T12:15:53Z,2025-07-08T12:15:53Z,NA,v3,NA,NA,NA,"Williams, Asher",10907595,Right,CHA_14U9,e64e60cd-f731-49d3-9ccd-8d1b4062c07b,55.36243,-118.44695,12.79372,5.70565,2.70823,-9.64856,-1.48802,0.50796,-2.35715,NA,NA,NA,NA,NA,NA,NA,NA,NA,NA,NA,NA,NA,NA,NA,NA,NA,NA,NA,NA,NA,NA,NA,NA,NA,NA,NA,NA,NA,NA,NA,NA,NA,NA,NA,NA,NA,NA,NA,NA,NA,NA,NA,NA,NA,NA,NA,NA,NA,NA,High,High,High,NA,NA,NA,NA,NA,NA,NA,NA,NA,NA,NA,NA,NA,NA,NA,NA,NA,NA,NA,NA,NA,NA,NA,NA,NA,NA,NA,NA,NA,NA,NA,NA,NA,NA,NA,NA,NA,NA,NA,NA,NA,NA,NA,NA,NA,NA,NA,NA,NA,NA,NA,NA,NA,NA,NA,NA,NA,NA
NA,NA,NA,NA,NA,NA,NA,NA,NA,NA,NA,NA,NA,NA,NA,NA,26,2025-07-08,08:16:07,3,4,"Head, Paris",10318891,Right,CHA_14U9,"Bryant, Maddox",10908861,Left,CHA_14U4,Undefined,1,Bottom,2,3,0,Undefined,Four-Seam,BallCalled,Walk,Undefined,Undefined,0,0,NA,83.52161,0.754394,0.021445,2268.139515,206.318797,01:00:00,5.76195,1.38401,4.9513,-23.01789,19.2769,8.75016,4.5566700000000004,2.13345,74.76066,-3.578283,1.564075,0.468074,NA,NA,NA,NA,NA,NA,NA,NA,NA,NA,NA,-4.2665,9.688,-1.39355,50,5.81722,-0.44692,-120.8395,0.84468,-6.18987,27.67882,-18.11866,CHA_14U4,CHA_14U9,USABBCary3,USA Baseball,USA,20250708-USABBCary3-1,53d9c060-5bf5-11f0-99ca-3994f1733be8,80.5266,NA,NA,8.76095,NA,NA,NA,NA,NA,NA,13b4cefc-5421-4f51-81c6-689dca042000,2025-07-08,12:16:07,2025-07-08T12:16:07Z,2025-07-08T12:16:07Z,NA,v3,NA,NA,NA,"Williams, Asher",10907595,Right,CHA_14U9,fc2ec381-6dc2-42be-b3a8-2f7b5504374b,55.54153,-122.10222,13.83941,5.75983,1.67125,-9.05933,-1.3796,-0.16453,-3.09493,NA,NA,NA,NA,NA,NA,NA,NA,NA,NA,NA,NA,NA,NA,NA,NA,NA,NA,NA,NA,NA,NA,NA,NA,NA,NA,NA,NA,NA,NA,NA,NA,NA,NA,NA,NA,NA,NA,NA,NA,NA,NA,NA,NA,NA,NA,NA,NA,NA,NA,High,High,High,NA,NA,NA,NA,NA,NA,NA,NA,NA,NA,NA,NA,NA,NA,NA,NA,NA,NA,NA,NA,NA,NA,NA,NA,NA,NA,NA,NA,NA,NA,NA,NA,NA,NA,NA,NA,NA,NA,NA,NA,NA,NA,NA,NA,NA,NA,NA,NA,NA,NA,NA,NA,NA,NA,NA,NA,NA,NA
NA,NA,NA,NA,NA,NA,NA,NA,NA,NA,NA,NA,NA,NA,NA,NA,27,2025-07-08,08:16:40,4,1,"Head, Paris",10318891,Right,CHA_14U9,"Adame, Steven",1000339165,Left,CHA_14U4,Undefined,1,Bottom,2,0,0,Undefined,Four-Seam,BallCalled,Undefined,Undefined,Undefined,0,0,NA,82.7474,1.434749,-2.031364,2252.364565,199.46358,12:45:00,5.78081,1.14602,5.15039,-23.14336,19.75379,6.40615,5.20405,-0.23333,73.86255,-2.946086,-0.899024,0.471396,NA,NA,NA,NA,NA,NA,NA,NA,NA,NA,NA,-3.83669,9.76556,-0.96106,50,5.89822,3.95746,-119.63616,2.28432,-5.44764,27.45383,-18.30821,CHA_14U4,CHA_14U9,USABBCary3,USA Baseball,USA,20250708-USABBCary3-1,67ae80d0-5bf5-11f0-99ca-3994f1733be8,79.95921,NA,NA,8.88486,NA,NA,NA,NA,NA,NA,13b4cefc-5421-4f51-81c6-689dca042000,2025-07-08,12:16:40,2025-07-08T12:16:40Z,2025-07-08T12:16:40Z,NA,v3,NA,NA,NA,"Williams, Asher",10907595,Right,CHA_14U9,84ddae9b-b003-48ec-8c89-c269dff1addc,55.34217,-120.85585,13.72692,5.77866,3.0977,-9.1541,-1.14226,4.19949,-2.72382,NA,NA,NA,NA,NA,NA,NA,NA,NA,NA,NA,NA,NA,NA,NA,NA,NA,NA,NA,NA,NA,NA,NA,NA,NA,NA,NA,NA,NA,NA,NA,NA,NA,NA,NA,NA,NA,NA,NA,NA,NA,NA,NA,NA,NA,NA,NA,NA,NA,NA,High,High,High,NA,NA,NA,NA,NA,NA,NA,NA,NA,NA,NA,NA,NA,NA,NA,NA,NA,NA,NA,NA,NA,NA,NA,NA,NA,NA,NA,NA,NA,NA,NA,NA,NA,NA,NA,NA,NA,NA,NA,NA,NA,NA,NA,NA,NA,NA,NA,NA,NA,NA,NA,NA,NA,NA,NA,NA,NA,NA
NA,NA,NA,NA,NA,NA,NA,NA,NA,NA,NA,NA,NA,NA,NA,NA,28,2025-07-08,08:17:04,4,2,"Head, Paris",10318891,Right,CHA_14U9,"Adame, Steven",1000339165,Left,CHA_14U4,Undefined,1,Bottom,2,1,0,Undefined,Curveball,BallCalled,Undefined,Undefined,Undefined,0,0,NA,67.39806,5.648147,0.92286,3025.308621,35.748821,07:15:00,5.59726,1.39593,4.60787,-84.95969,-18.29371,-15.03867,3.90629,1.02033,60.32868,-9.616232,-1.710239,0.587657,NA,NA,NA,NA,NA,NA,NA,NA,NA,NA,NA,7.55587,-9.97607,-1.47615,50,6.10201,-0.98231,-97.12185,6.74856,7.02759,18.93116,-41.45261,CHA_14U4,CHA_14U9,USABBCary3,USA Baseball,USA,20250708-USABBCary3-1,761c32c0-5bf5-11f0-99ca-3994f1733be8,64.14025,NA,NA,7.06938,NA,NA,NA,NA,NA,NA,13b4cefc-5421-4f51-81c6-689dca042000,2025-07-08,12:17:04,2025-07-08T12:17:04Z,2025-07-08T12:17:04Z,NA,v3,NA,NA,NA,"Williams, Asher",10907595,Right,CHA_14U9,3bb7980e-a2d8-44c7-9369-ee565127cda3,55.8951,-98.26421,9.46558,5.61932,9.24994,-20.72631,-1.40408,-1.40637,3.51379,NA,NA,NA,NA,NA,NA,NA,NA,NA,NA,NA,NA,NA,NA,NA,NA,NA,NA,NA,NA,NA,NA,NA,NA,NA,NA,NA,NA,NA,NA,NA,NA,NA,NA,NA,NA,NA,NA,NA,NA,NA,NA,NA,NA,NA,NA,NA,NA,NA,NA,High,High,High,NA,NA,NA,NA,NA,NA,NA,NA,NA,NA,NA,NA,NA,NA,NA,NA,NA,NA,NA,NA,NA,NA,NA,NA,NA,NA,NA,NA,NA,NA,NA,NA,NA,NA,NA,NA,NA,NA,NA,NA,NA,NA,NA,NA,NA,NA,NA,NA,NA,NA,NA,NA,NA,NA,NA,NA,NA,NA
NA,NA,NA,NA,NA,NA,NA,NA,NA,NA,NA,NA,NA,NA,NA,NA,29,2025-07-08,08:17:22,4,3,"Head, Paris",10318891,Right,CHA_14U9,"Adame, Steven",1000339165,Left,CHA_14U4,Undefined,1,Bottom,2,2,0,Undefined,Four-Seam,StrikeCalled,Undefined,Undefined,Undefined,0,0,NA,82.51259,-1.185824,-1.02282,2226.970249,205.673722,12:45:00,5.60889,1.29825,5.35033,-22.31497,20.38659,9.01689,2.63674,1.09021,74.03511,-5.413261,0.579301,0.47032,NA,NA,NA,NA,NA,NA,NA,NA,NA,NA,NA,-4.8287,11.05737,-1.21275,50,5.48693,1.74391,-119.44688,-3.13621,-6.84082,27.17136,-16.50906,CHA_14U4,CHA_14U9,USABBCary3,USA Baseball,USA,20250708-USABBCary3-1,80562610-5bf5-11f0-99ca-3994f1733be8,80.14214,NA,NA,8.47747,NA,NA,NA,NA,NA,NA,13b4cefc-5421-4f51-81c6-689dca042000,2025-07-08,12:17:22,2025-07-08T12:17:22Z,2025-07-08T12:17:22Z,NA,v3,NA,NA,NA,"Williams, Asher",10907595,Right,CHA_14U9,1b7820c9-8611-4c39-b7d1-d84f29def2c4,55.14359,-120.61125,13.58568,5.60616,-2.42875,-8.25453,-1.29376,2.03705,-3.42041,NA,NA,NA,NA,NA,NA,NA,NA,NA,NA,NA,NA,NA,NA,NA,NA,NA,NA,NA,NA,NA,NA,NA,NA,NA,NA,NA,NA,NA,NA,NA,NA,NA,NA,NA,NA,NA,NA,NA,NA,NA,NA,NA,NA,NA,NA,NA,NA,NA,NA,High,High,High,NA,NA,NA,NA,NA,NA,NA,NA,NA,NA,NA,NA,NA,NA,NA,NA,NA,NA,NA,NA,NA,NA,NA,NA,NA,NA,NA,NA,NA,NA,NA,NA,NA,NA,NA,NA,NA,NA,NA,NA,NA,NA,NA,NA,NA,NA,NA,NA,NA,NA,NA,NA,NA,NA,NA,NA,NA,NA
NA,NA,NA,NA,NA,NA,NA,NA,NA,NA,NA,NA,NA,NA,NA,NA,30,2025-07-08,08:18:09,4,4,"Head, Paris",10318891,Right,CHA_14U9,"Adame, Steven",1000339165,Left,CHA_14U4,Undefined,1,Bottom,2,2,1,Undefined,Four-Seam,StrikeSwinging,Undefined,Undefined,Undefined,0,0,NA,83.00167,-1.201498,-1.793545,2105.559836,198.055037,12:30:00,5.5071,1.1239,5.40187,-20.91757,21.31257,6.41307,2.6374,-0.02285,74.28446,-5.188491,-0.653685,0.467717,NA,NA,NA,NA,NA,NA,NA,NA,NA,NA,NA,-3.80788,11.54918,-0.96861,50,5.38605,3.48369,-120.09471,-3.12184,-5.44188,27.91239,-15.66909,CHA_14U4,CHA_14U9,USABBCary3,USA Baseball,USA,20250708-USABBCary3-1,9c8a2660-5bf5-11f0-99ca-3994f1733be8,80.58821,NA,NA,8.71721,NA,NA,NA,NA,NA,NA,13b4cefc-5421-4f51-81c6-689dca042000,2025-07-08,12:18:09,2025-07-08T12:18:09Z,2025-07-08T12:18:09Z,NA,v3,NA,NA,NA,"Williams, Asher",10907595,Right,CHA_14U9,f791ef61-02e5-4a91-ba10-0a77aa339478,55.09164,-121.27233,13.95619,5.50382,-2.46076,-7.83454,-1.12043,3.71329,-2.72094,NA,NA,NA,NA,NA,NA,NA,NA,NA,NA,NA,NA,NA,NA,NA,NA,NA,NA,NA,NA,NA,NA,NA,NA,NA,NA,NA,NA,NA,NA,NA,NA,NA,NA,NA,NA,NA,NA,NA,NA,NA,NA,NA,NA,NA,NA,NA,NA,NA,NA,High,High,High,NA,NA,NA,NA,NA,NA,NA,NA,NA,NA,NA,NA,NA,NA,NA,NA,NA,NA,NA,NA,NA,NA,NA,NA,NA,NA,NA,NA,NA,NA,NA,NA,NA,NA,NA,NA,NA,NA,NA,NA,NA,NA,NA,NA,NA,NA,NA,NA,NA,NA,NA,NA,NA,NA,NA,NA,NA,NA
NA,NA,NA,NA,NA,NA,NA,NA,NA,NA,NA,NA,NA,NA,NA,NA,31,2025-07-08,08:18:26,4,5,"Head, Paris",10318891,Right,CHA_14U9,"Adame, Steven",1000339165,Left,CHA_14U4,Undefined,1,Bottom,2,2,2,Undefined,Four-Seam,InPlay,Undefined,GroundBall,Single,0,0,NA,83.58211,-0.065744,-1.434986,2216.784818,207.383298,01:00:00,5.57698,1.11718,5.33709,-22.72415,18.98434,9.00422,3.6216,0.52098,74.74226,-4.372942,0.163781,0.464819,86.74492,-8.191027,19.848132,NA,NA,NA,NA,21.63756,21.63756,16.744122,0.163654,-5.01441,9.98878,-0.99446,50,5.55558,2.64564,-121.00382,-0.83727,-7.26978,28.4921,-17.69257,CHA_14U4,CHA_14U9,USABBCary3,USA Baseball,USA,20250708-USABBCary3-1,a6b2b490-5bf5-11f0-99ca-3994f1733be8,81.09063,3.61325,NA,8.83985,NA,NA,NA,1.97605,3.61325,-0.60922,13b4cefc-5421-4f51-81c6-689dca042000,2025-07-08,12:18:26,2025-07-08T12:18:26Z,2025-07-08T12:18:26Z,GroundBall,v3,NA,NA,NA,"Williams, Asher",10907595,Right,CHA_14U9,25155a2c-cdc7-46e1-9b31-0f111c83fbc2,55.15864,-122.21246,14.24605,5.57517,-0.08675,-8.84629,-1.11323,2.95402,-3.63489,346.598798,1.97684,118.3834,-23.57515,NA,NA,NA,NA,NA,NA,3.61429,-18.21025,-23.7145,NA,NA,NA,NA,NA,NA,-0.60912,42.74829,-5.71903,NA,NA,NA,NA,NA,NA,NA,NA,NA,NA,NA,NA,NA,NA,NA,NA,NA,NA,NA,NA,NA,NA,NA,NA,NA,NA,NA,NA,High,High,High,High,High,NA,NA,NA,NA,NA,NA,NA,NA,NA,NA,NA,NA,NA,NA,NA,NA,NA,NA,NA,NA,NA,NA,NA,NA,NA,NA,NA,NA,NA,NA,NA,NA,NA,NA,NA,NA,NA,NA,NA,NA,NA,NA,NA,NA,NA,NA,NA,NA,NA,NA,NA,NA,NA,NA,NA,NA
NA,NA,NA,NA,NA,NA,NA,NA,NA,NA,NA,NA,NA,NA,NA,NA,32,2025-07-08,08:19:13,5,1,"Head, Paris",10318891,Right,CHA_14U9,"Patlan, Elijah",1000339175,Right,CHA_14U4,Undefined,1,Bottom,2,0,0,Undefined,Changeup,BallCalled,Undefined,Undefined,Undefined,0,0,NA,83.13205,0.311841,-0.646056,2089.832169,201.96022,12:45:00,5.8177,0.90153,5.19974,-22.05127,20.93178,7.70075,4.27342,0.93556,73.26473,-3.912534,0.717979,0.471867,NA,NA,NA,NA,NA,NA,NA,NA,NA,NA,NA,-3.94067,10.69524,-0.84709,50,5.83076,0.98598,-120.01095,0.01862,-5.5565,30.39889,-17.09345,CHA_14U4,CHA_14U9,USABBCary3,USA Baseball,USA,20250708-USABBCary3-1,c2951270-5bf5-11f0-99ca-3994f1733be8,79.87931,NA,NA,9.86731,NA,NA,NA,NA,NA,NA,13b4cefc-5421-4f51-81c6-689dca042000,2025-07-08,12:19:13,2025-07-08T12:19:13Z,2025-07-08T12:19:13Z,NA,v3,NA,NA,NA,"Williams, Asher",10907595,Right,CHA_14U9,f8cdf1f4-699f-4529-9fb5-2a9ab210ebb8,55.28388,-121.34198,15.19945,5.81356,0.76706,-8.54673,-0.89559,1.22928,-2.77825,NA,NA,NA,NA,NA,NA,NA,NA,NA,NA,NA,NA,NA,NA,NA,NA,NA,NA,NA,NA,NA,NA,NA,NA,NA,NA,NA,NA,NA,NA,NA,NA,NA,NA,NA,NA,NA,NA,NA,NA,NA,NA,NA,NA,NA,NA,NA,NA,NA,NA,High,High,High,NA,NA,NA,NA,NA,NA,NA,NA,NA,NA,NA,NA,NA,NA,NA,NA,NA,NA,NA,NA,NA,NA,NA,NA,NA,NA,NA,NA,NA,NA,NA,NA,NA,NA,NA,NA,NA,NA,NA,NA,NA,NA,NA,NA,NA,NA,NA,NA,NA,NA,NA,NA,NA,NA,NA,NA,NA,NA
NA,NA,NA,NA,NA,NA,NA,NA,NA,NA,NA,NA,NA,NA,NA,NA,33,2025-07-08,08:20:02,5,2,"Head, Paris",10318891,Right,CHA_14U9,"Patlan, Elijah",1000339175,Right,CHA_14U4,Undefined,1,Bottom,2,1,0,Undefined,Curveball,BallCalled,Undefined,Undefined,Undefined,0,0,NA,67.66876,1.704974,-1.73985,2871.494922,29.877748,07:00:00,5.56222,1.19835,4.63424,-83.94615,-18.59985,-12.04532,0.18842,-1.45956,61.8741,-13.249613,-3.860539,0.581811,NA,NA,NA,NA,NA,NA,NA,NA,NA,NA,NA,5.28788,-9.02591,-1.00821,50,5.65969,3.42329,-97.9679,0.13293,5.01625,18.92592,-40.73633,CHA_14U4,CHA_14U9,USABBCary3,USA Baseball,USA,20250708-USABBCary3-1,dff6bd50-5bf5-11f0-99ca-3994f1733be8,64.7847,NA,NA,5.79465,NA,NA,NA,NA,NA,NA,13b4cefc-5421-4f51-81c6-689dca042000,2025-07-08,12:20:02,2025-07-08T12:20:02Z,2025-07-08T12:20:02Z,NA,v3,NA,NA,NA,"Williams, Asher",10907595,Right,CHA_14U9,245ecad9-7b8e-482c-9366-727dd2a0ec1a,55.87031,-99.09547,9.46296,5.57948,2.55991,-20.36817,-1.20326,3.12443,2.50813,NA,NA,NA,NA,NA,NA,NA,NA,NA,NA,NA,NA,NA,NA,NA,NA,NA,NA,NA,NA,NA,NA,NA,NA,NA,NA,NA,NA,NA,NA,NA,NA,NA,NA,NA,NA,NA,NA,NA,NA,NA,NA,NA,NA,NA,NA,NA,NA,NA,NA,High,High,High,NA,NA,NA,NA,NA,NA,NA,NA,NA,NA,NA,NA,NA,NA,NA,NA,NA,NA,NA,NA,NA,NA,NA,NA,NA,NA,NA,NA,NA,NA,NA,NA,NA,NA,NA,NA,NA,NA,NA,NA,NA,NA,NA,NA,NA,NA,NA,NA,NA,NA,NA,NA,NA,NA,NA,NA,NA,NA
NA,NA,NA,NA,NA,NA,NA,NA,NA,NA,NA,NA,NA,NA,NA,NA,34,2025-07-08,08:20:18,5,3,"Head, Paris",10318891,Right,CHA_14U9,"Patlan, Elijah",1000339175,Right,CHA_14U4,Undefined,1,Bottom,2,2,0,Undefined,Changeup,StrikeSwinging,Undefined,Undefined,Undefined,0,0,NA,81.22759,0.412869,-1.951015,2084.081689,209.515834,01:00:00,5.50501,1.26326,5.20139,-27.54478,16.66635,8.51004,3.59817,0.13671,72.97887,-4.740081,-0.444468,0.478561,NA,NA,NA,NA,NA,NA,NA,NA,NA,NA,NA,-4.85544,8.63209,-1.08917,50,5.52326,3.64007,-117.56982000000001,-0.03688,-6.68371,25.72858,-20.29158,CHA_14U4,CHA_14U9,USABBCary3,USA Baseball,USA,20250708-USABBCary3-1,e9b0ab30-5bf5-11f0-99ca-3994f1733be8,78.76206,NA,NA,8.24872,NA,NA,NA,NA,NA,NA,13b4cefc-5421-4f51-81c6-689dca042000,2025-07-08,12:20:18,2025-07-08T12:20:18Z,2025-07-08T12:20:18Z,NA,v3,NA,NA,NA,"Williams, Asher",10907595,Right,CHA_14U9,5385d120-4596-4790-8054-c34a081f1615,55.29326,-118.72253,12.86429,5.50454,0.87224,-10.14579,-1.25897,3.93951,-3.34186,NA,NA,NA,NA,NA,NA,NA,NA,NA,NA,NA,NA,NA,NA,NA,NA,NA,NA,NA,NA,NA,NA,NA,NA,NA,NA,NA,NA,NA,NA,NA,NA,NA,NA,NA,NA,NA,NA,NA,NA,NA,NA,NA,NA,NA,NA,NA,NA,NA,NA,High,High,High,NA,NA,NA,NA,NA,NA,NA,NA,NA,NA,NA,NA,NA,NA,NA,NA,NA,NA,NA,NA,NA,NA,NA,NA,NA,NA,NA,NA,NA,NA,NA,NA,NA,NA,NA,NA,NA,NA,NA,NA,NA,NA,NA,NA,NA,NA,NA,NA,NA,NA,NA,NA,NA,NA,NA,NA,NA,NA
NA,NA,NA,NA,NA,NA,NA,NA,NA,NA,NA,NA,NA,NA,NA,NA,35,2025-07-08,08:20:36,5,4,"Head, Paris",10318891,Right,CHA_14U9,"Patlan, Elijah",1000339175,Right,CHA_14U4,Undefined,1,Bottom,2,2,1,Undefined,Changeup,BallCalled,Undefined,Undefined,Undefined,0,0,NA,80.32677,-2.479278,-1.62169,2104.052365,208.396158,01:00:00,5.58441,0.94534,5.47285,-26.69005,18.35647,8.96583,1.03774,0.1745,72.12465,-7.489134,-0.024353,0.483061,NA,NA,NA,NA,NA,NA,NA,NA,NA,NA,NA,-5.07835,10.60457,-0.80914,50,5.34884,2.92563,-116.18693,-5.83182,-6.78347,26.39963,-18.00887,CHA_14U4,CHA_14U9,USABBCary3,USA Baseball,USA,20250708-USABBCary3-1,f4694460-5bf5-11f0-99ca-3994f1733be8,78.02829,NA,NA,8.20212,NA,NA,NA,NA,NA,NA,13b4cefc-5421-4f51-81c6-689dca042000,2025-07-08,12:20:36,2025-07-08T12:20:36Z,2025-07-08T12:20:36Z,NA,v3,NA,NA,NA,"Williams, Asher",10907595,Right,CHA_14U9,705561e9-1048-4bf7-bfd9-4751c77498be,55.02242,-117.32256,13.19982,5.58305,-5.05713,-9.00443,-0.94127,3.21743,-3.39174,NA,NA,NA,NA,NA,NA,NA,NA,NA,NA,NA,NA,NA,NA,NA,NA,NA,NA,NA,NA,NA,NA,NA,NA,NA,NA,NA,NA,NA,NA,NA,NA,NA,NA,NA,NA,NA,NA,NA,NA,NA,NA,NA,NA,NA,NA,NA,NA,NA,NA,High,High,High,NA,NA,NA,NA,NA,NA,NA,NA,NA,NA,NA,NA,NA,NA,NA,NA,NA,NA,NA,NA,NA,NA,NA,NA,NA,NA,NA,NA,NA,NA,NA,NA,NA,NA,NA,NA,NA,NA,NA,NA,NA,NA,NA,NA,NA,NA,NA,NA,NA,NA,NA,NA,NA,NA,NA,NA,NA,NA
NA,NA,NA,NA,NA,NA,NA,NA,NA,NA,NA,NA,NA,NA,NA,NA,36,2025-07-08,08:20:54,5,5,"Head, Paris",10318891,Right,CHA_14U9,"Patlan, Elijah",1000339175,Right,CHA_14U4,Undefined,1,Bottom,2,3,1,Undefined,Four-Seam,BallCalled,Walk,Undefined,Undefined,1,0,NA,82.42705,-0.893504,-3.988269,2246.920172,202.959428,12:45:00,5.51578,1.05748,5.29459,-23.18084,20.09249,7.78044,2.74302,-2.04486,73.51258,-5.284423,-2.612727,0.473458,NA,NA,NA,NA,NA,NA,NA,NA,NA,NA,NA,-5.23701,10.80997,-0.69981,50,5.41824,7.95402,-118.97233,-2.55367,-7.32701,27.90104,-17.04998,CHA_14U4,CHA_14U9,USABBCary3,USA Baseball,USA,20250708-USABBCary3-1,ff161dc0-5bf5-11f0-99ca-3994f1733be8,79.61093,NA,NA,8.91447,NA,NA,NA,NA,NA,NA,13b4cefc-5421-4f51-81c6-689dca042000,2025-07-08,12:20:54,2025-07-08T12:20:54Z,2025-07-08T12:20:54Z,NA,v3,NA,NA,NA,"Williams, Asher",10907595,Right,CHA_14U9,8ea10c21-e6cf-4ec6-9a16-9dd48e1c9646,55.19769,-120.18509,13.95052,5.51313,-1.81256,-8.52499,-1.05247,8.2725,-3.6635,NA,NA,NA,NA,NA,NA,NA,NA,NA,NA,NA,NA,NA,NA,NA,NA,NA,NA,NA,NA,NA,NA,NA,NA,NA,NA,NA,NA,NA,NA,NA,NA,NA,NA,NA,NA,NA,NA,NA,NA,NA,NA,NA,NA,NA,NA,NA,NA,NA,NA,High,High,High,NA,NA,NA,NA,NA,NA,NA,NA,NA,NA,NA,NA,NA,NA,NA,NA,NA,NA,NA,NA,NA,NA,NA,NA,NA,NA,NA,NA,NA,NA,NA,NA,NA,NA,NA,NA,NA,NA,NA,NA,NA,NA,NA,NA,NA,NA,NA,NA,NA,NA,NA,NA,NA,NA,NA,NA,NA,NA
NA,NA,NA,NA,NA,NA,NA,NA,NA,NA,NA,NA,NA,NA,NA,NA,37,2025-07-08,08:23:05,1,1,"Mata III, Artemio",10922084,Right,CHA_14U4,"De La Rosa, Sandy",1000306753,Right,CHA_14U9,Undefined,2,Top,0,0,0,Undefined,Changeup,StrikeCalled,Undefined,Undefined,Undefined,0,0,NA,81.42205,1.087345,-4.120111,2223.890993,225.036635,01:30:00,5.04798,1.68493,5.22102,-30.55785,13.82871,12.11969,3.52658,-1.18552,72.64411,-4.613107,-1.980707,0.479509,NA,NA,NA,NA,NA,NA,NA,NA,NA,NA,NA,-7.39571,7.00575,-1.31349,50,5.12648,7.93965,-117.53071,1.23136,-10.11954,26.7977,-22.5881,CHA_14U4,CHA_14U9,USABBCary3,USA Baseball,USA,20250708-USABBCary3-1,4d414150-5bf6-11f0-99ca-3994f1733be8,78.60624,NA,NA,8.77794,NA,NA,NA,NA,NA,NA,13b4cefc-5421-4f51-81c6-689dca042000,2025-07-08,12:23:05,2025-07-08T12:23:05Z,2025-07-08T12:23:05Z,NA,v3,NA,NA,NA,"Silva, Diego",1000333001,Right,CHA_14U4,de41b53d-5b52-4833-9709-2c1ae03028bd,55.27264,-118.72681,13.39885,5.04902,2.23957,-11.29405,-1.67795,8.39133,-5.05977,NA,NA,NA,NA,NA,NA,NA,NA,NA,NA,NA,NA,NA,NA,NA,NA,NA,NA,NA,NA,NA,NA,NA,NA,NA,NA,NA,NA,NA,NA,NA,NA,NA,NA,NA,NA,NA,NA,NA,NA,NA,NA,NA,NA,NA,NA,NA,NA,NA,NA,High,High,High,NA,NA,NA,NA,NA,NA,NA,NA,NA,NA,NA,NA,NA,NA,NA,NA,NA,NA,NA,NA,NA,NA,NA,NA,NA,NA,NA,NA,NA,NA,NA,NA,NA,NA,NA,NA,NA,NA,NA,NA,NA,NA,NA,NA,NA,NA,NA,NA,NA,NA,NA,NA,NA,NA,NA,NA,NA,NA
NA,NA,NA,NA,NA,NA,NA,NA,NA,NA,NA,NA,NA,NA,NA,NA,38,2025-07-08,08:23:18,1,2,"Mata III, Artemio",10922084,Right,CHA_14U4,"De La Rosa, Sandy",1000306753,Right,CHA_14U9,Undefined,2,Top,0,0,1,Undefined,Curveball,InPlay,Undefined,Popup,Out,1,0,NA,67.30802,4.752857,0.837713,1995.326353,53.259067,07:45:00,5.035,1.36542,4.90734,-75.22417,-9.41835,-15.97493,3.2718,0.82644,60.40176,-8.882003,-1.974873,0.583853,47.5756,40.186708,32.050173,3110.810623,NA,NA,NA,129.17494,113.76089,38.325879,2.932452,8.11878,-5.53744,-1.43307,50,5.43768,-0.83153,-97.14891,5.69685,7.57379,18.60563,-37.33977,CHA_14U4,CHA_14U9,USABBCary3,USA Baseball,USA,20250708-USABBCary3-1,54edfa10-5bf6-11f0-99ca-3994f1733be8,64.558090000000007,33.60324,NA,6.90626,NA,NA,NA,0.58642,3.25948,-0.74629,13b4cefc-5421-4f51-81c6-689dca042000,2025-07-08,12:23:18,2025-07-08T12:23:18Z,2025-07-08T12:23:18Z,LineDrive,v3,NA,NA,NA,"Silva, Diego",1000333001,Right,CHA_14U4,82d13f50-626d-46ba-aaa1-bb23a2ea3d39,55.59311,-98.21424,9.30282,5.05027,7.83487,-18.66989,-1.37304,-1.2652,3.7869,215.577151,0.5868,45.16393,-5.94199,0.91461,0.32927,-0.39162,0.1494,-0.02479,0.00149,3.25937,45.03027,-17.83033,1.06927,-0.24519,0.03421,0.02148,-0.00929,9.9e-4,-0.74637,28.29092,-0.71838,0.39694,-0.16408,0.07565,-0.03312,0.00783,-6.9e-4,NA,NA,NA,NA,NA,NA,NA,NA,NA,NA,NA,NA,NA,NA,NA,NA,NA,NA,NA,NA,NA,NA,High,High,High,High,High,NA,NA,NA,NA,NA,NA,NA,NA,NA,NA,NA,NA,NA,NA,NA,NA,NA,NA,NA,NA,NA,NA,NA,NA,NA,NA,NA,NA,NA,NA,NA,NA,NA,NA,NA,NA,NA,NA,NA,NA,NA,NA,NA,NA,NA,NA,NA,NA,NA,NA,NA,NA,NA,NA,NA,NA
NA,NA,NA,NA,NA,NA,NA,NA,NA,NA,NA,NA,NA,NA,NA,NA,39,2025-07-08,08:23:58,2,1,"Mata III, Artemio",10922084,Right,CHA_14U4,"Brown, Andrew",10870674,Right,CHA_14U9,Undefined,2,Top,1,0,0,Undefined,Changeup,StrikeCalled,Undefined,Undefined,Undefined,0,0,NA,80.50509,-0.479962,-2.272979,2138.42681,228.538169,01:30:00,5.12634,1.43608,5.25814,-32.10285,12.83387,12.63024,1.99978,0.3519,72.4953,-6.435505,-0.033317,0.482472,NA,NA,NA,NA,NA,NA,NA,NA,NA,NA,NA,-7.00008,7.05756,-1.23728,50,5.05927,4.08797,-116.5165,-2.03627,-9.46161,25.3206,-22.63473,CHA_14U4,CHA_14U9,USABBCary3,USA Baseball,USA,20250708-USABBCary3-1,6ca991a0-5bf6-11f0-99ca-3994f1733be8,78.12358,NA,NA,8.00979,NA,NA,NA,NA,NA,NA,13b4cefc-5421-4f51-81c6-689dca042000,2025-07-08,12:23:58,2025-07-08T12:23:58Z,2025-07-08T12:23:58Z,NA,v3,NA,NA,NA,"Silva, Diego",1000333001,Right,CHA_14U4,318e2fb1-c850-4cf5-a9c3-60304cd9031a,55.2366,-117.64898,12.6603,5.12771,-1.02391,-11.31736,-1.42958,4.51115,-4.7308,NA,NA,NA,NA,NA,NA,NA,NA,NA,NA,NA,NA,NA,NA,NA,NA,NA,NA,NA,NA,NA,NA,NA,NA,NA,NA,NA,NA,NA,NA,NA,NA,NA,NA,NA,NA,NA,NA,NA,NA,NA,NA,NA,NA,NA,NA,NA,NA,NA,NA,High,High,High,NA,NA,NA,NA,NA,NA,NA,NA,NA,NA,NA,NA,NA,NA,NA,NA,NA,NA,NA,NA,NA,NA,NA,NA,NA,NA,NA,NA,NA,NA,NA,NA,NA,NA,NA,NA,NA,NA,NA,NA,NA,NA,NA,NA,NA,NA,NA,NA,NA,NA,NA,NA,NA,NA,NA,NA,NA,NA
NA,NA,NA,NA,NA,NA,NA,NA,NA,NA,NA,NA,NA,NA,NA,NA,40,2025-07-08,08:24:15,2,2,"Mata III, Artemio",10922084,Right,CHA_14U4,"Brown, Andrew",10870674,Right,CHA_14U9,Undefined,2,Top,1,0,1,Undefined,Changeup,FoulBallNotFieldable,Undefined,Undefined,Undefined,0,0,NA,79.73174,1.196375,-2.218461,2062.56335,227.046322,01:30:00,5.07964,1.34191,5.31193,-31.28411,14.89812,14.02115,3.59657,0.42701,70.89964,-4.672209,0.268258,0.489113,NA,NA,NA,NA,NA,NA,NA,NA,NA,NA,NA,-7.84544,7.52867,-1.15143,50,5.16638,3.89155,-115.29256,1.42509,-10.26492,27.01312,-22.3236,CHA_14U4,CHA_14U9,USABBCary3,USA Baseball,USA,20250708-USABBCary3-1,76b82f30-5bf6-11f0-99ca-3994f1733be8,77.0629,NA,NA,8.8321,NA,NA,NA,NA,NA,NA,13b4cefc-5421-4f51-81c6-689dca042000,2025-07-08,12:24:15,2025-07-08T12:24:15Z,2025-07-08T12:24:15Z,NA,v3,NA,NA,NA,"Silva, Diego",1000333001,Right,CHA_14U4,f6f27435-149a-4789-8c8c-c0093ca0339f,55.1838,-116.50079,13.50656,5.08032,2.42357,-11.1618,-1.33575,4.35067,-5.13246,NA,NA,NA,NA,NA,NA,NA,NA,NA,NA,NA,NA,NA,NA,NA,NA,NA,NA,NA,NA,NA,NA,NA,NA,NA,NA,NA,NA,NA,NA,NA,NA,NA,NA,NA,NA,NA,NA,NA,NA,NA,NA,NA,NA,NA,NA,NA,NA,NA,NA,High,High,High,NA,NA,NA,NA,NA,NA,NA,NA,NA,NA,NA,NA,NA,NA,NA,NA,NA,NA,NA,NA,NA,NA,NA,NA,NA,NA,NA,NA,NA,NA,NA,NA,NA,NA,NA,NA,NA,NA,NA,NA,NA,NA,NA,NA,NA,NA,NA,NA,NA,NA,NA,NA,NA,NA,NA,NA,NA,NA
NA,NA,NA,NA,NA,NA,NA,NA,NA,NA,NA,NA,NA,NA,NA,NA,41,2025-07-08,08:24:41,2,3,"Mata III, Artemio",10922084,Right,CHA_14U4,"Brown, Andrew",10870674,Right,CHA_14U9,Undefined,2,Top,1,0,2,Undefined,Changeup,BallCalled,Undefined,Undefined,Undefined,0,0,NA,81.36114,0.473008,-5.193664,2138.257522,227.936538,01:30:00,5.10303,1.30488,5.58734,-30.50506,12.56068,12.35481,3.00447,-2.52876,74.1047,-5.187163,-3.003043,0.472321,NA,NA,NA,NA,NA,NA,NA,NA,NA,NA,NA,-7.67886,6.64315,-0.8658,50,5.12413,10.19052,-117.64161,0.00497,-10.74806,22.56983,-22.87565,CHA_14U4,CHA_14U9,USABBCary3,USA Baseball,USA,20250708-USABBCary3-1,86887e60-5bf6-11f0-99ca-3994f1733be8,79.80255,NA,NA,7.25644,NA,NA,NA,NA,NA,NA,13b4cefc-5421-4f51-81c6-689dca042000,2025-07-08,12:24:41,2025-07-08T12:24:41Z,2025-07-08T12:24:41Z,NA,v3,NA,NA,NA,"Silva, Diego",1000333001,Right,CHA_14U4,6690facb-1395-4165-a4c2-bda62001c300,54.91031,-118.57992,11.28492,5.10416,0.95599,-11.43783,-1.29875,10.63736,-5.37403,NA,NA,NA,NA,NA,NA,NA,NA,NA,NA,NA,NA,NA,NA,NA,NA,NA,NA,NA,NA,NA,NA,NA,NA,NA,NA,NA,NA,NA,NA,NA,NA,NA,NA,NA,NA,NA,NA,NA,NA,NA,NA,NA,NA,NA,NA,NA,NA,NA,NA,High,High,High,NA,NA,NA,NA,NA,NA,NA,NA,NA,NA,NA,NA,NA,NA,NA,NA,NA,NA,NA,NA,NA,NA,NA,NA,NA,NA,NA,NA,NA,NA,NA,NA,NA,NA,NA,NA,NA,NA,NA,NA,NA,NA,NA,NA,NA,NA,NA,NA,NA,NA,NA,NA,NA,NA,NA,NA,NA,NA
NA,NA,NA,NA,NA,NA,NA,NA,NA,NA,NA,NA,NA,NA,NA,NA,42,2025-07-08,08:25:02,2,4,"Mata III, Artemio",10922084,Right,CHA_14U4,"Brown, Andrew",10870674,Right,CHA_14U9,Undefined,2,Top,1,1,2,Undefined,Changeup,BallCalled,Undefined,Undefined,Undefined,0,0,NA,81.04245,1.434611,-1.850711,2219.500248,229.286715,01:45:00,5.2175,1.19779,5.22949,-30.40687,13.67891,14.12032,4.0332,0.63411,73.21628,-4.215747,0.650279,0.477882,NA,NA,NA,NA,NA,NA,NA,NA,NA,NA,NA,-7.54445,6.83307,-1.03801,50,5.32761,3.18651,-117.37871,1.93553,-10.42514,24.19743,-22.73194,CHA_14U4,CHA_14U9,USABBCary3,USA Baseball,USA,20250708-USABBCary3-1,92a1b900-5bf6-11f0-99ca-3994f1733be8,78.87397,NA,NA,7.82617,NA,NA,NA,NA,NA,NA,13b4cefc-5421-4f51-81c6-689dca042000,2025-07-08,12:25:02,2025-07-08T12:25:02Z,2025-07-08T12:25:02Z,NA,v3,NA,NA,NA,"Silva, Diego",1000333001,Right,CHA_14U4,accf8269-6220-4394-bfc2-f9e66f716432,55.2661,-118.45933,12.09871,5.21851,2.95071,-11.36597,-1.19071,3.65208,-5.21257,NA,NA,NA,NA,NA,NA,NA,NA,NA,NA,NA,NA,NA,NA,NA,NA,NA,NA,NA,NA,NA,NA,NA,NA,NA,NA,NA,NA,NA,NA,NA,NA,NA,NA,NA,NA,NA,NA,NA,NA,NA,NA,NA,NA,NA,NA,NA,NA,NA,NA,High,High,High,NA,NA,NA,NA,NA,NA,NA,NA,NA,NA,NA,NA,NA,NA,NA,NA,NA,NA,NA,NA,NA,NA,NA,NA,NA,NA,NA,NA,NA,NA,NA,NA,NA,NA,NA,NA,NA,NA,NA,NA,NA,NA,NA,NA,NA,NA,NA,NA,NA,NA,NA,NA,NA,NA,NA,NA,NA,NA
NA,NA,NA,NA,NA,NA,NA,NA,NA,NA,NA,NA,NA,NA,NA,NA,43,2025-07-08,08:25:27,2,5,"Mata III, Artemio",10922084,Right,CHA_14U4,"Brown, Andrew",10870674,Right,CHA_14U9,Undefined,2,Top,1,2,2,Undefined,Changeup,FoulBallNotFieldable,Undefined,Undefined,Undefined,0,0,NA,81.72095,-0.10001,-4.72861,2147.590529,227.897883,01:30:00,5.17559,1.29761,5.38009,-28.29624,15.61147,15.34332,2.7235,-1.86659,72.86637,-5.410443,-2.014246,0.476916,NA,NA,NA,NA,NA,NA,NA,NA,NA,NA,NA,-9.31871,8.34619,-0.88475,50,5.14736,9.106,-117.92865,-1.09834,-12.80963,27.42161,-20.70126,CHA_14U4,CHA_14U9,USABBCary3,USA Baseball,USA,20250708-USABBCary3-1,a1f7cf20-5bf6-11f0-99ca-3994f1733be8,79.03373,NA,NA,8.85458,NA,NA,NA,NA,NA,NA,13b4cefc-5421-4f51-81c6-689dca042000,2025-07-08,12:25:27,2025-07-08T12:25:27Z,2025-07-08T12:25:27Z,NA,v3,NA,NA,NA,"Silva, Diego",1000333001,Right,CHA_14U4,a32a106b-49ac-43e3-8705-5ec99ef967bf,55.11502,-119.11209,13.71081,5.17548,-0.20493,-10.35063,-1.28967,9.65883,-6.40481,NA,NA,NA,NA,NA,NA,NA,NA,NA,NA,NA,NA,NA,NA,NA,NA,NA,NA,NA,NA,NA,NA,NA,NA,NA,NA,NA,NA,NA,NA,NA,NA,NA,NA,NA,NA,NA,NA,NA,NA,NA,NA,NA,NA,NA,NA,NA,NA,NA,NA,High,High,High,NA,NA,NA,NA,NA,NA,NA,NA,NA,NA,NA,NA,NA,NA,NA,NA,NA,NA,NA,NA,NA,NA,NA,NA,NA,NA,NA,NA,NA,NA,NA,NA,NA,NA,NA,NA,NA,NA,NA,NA,NA,NA,NA,NA,NA,NA,NA,NA,NA,NA,NA,NA,NA,NA,NA,NA,NA,NA
NA,NA,NA,NA,NA,NA,NA,NA,NA,NA,NA,NA,NA,NA,NA,NA,44,2025-07-08,08:26:02,2,6,"Mata III, Artemio",10922084,Right,CHA_14U4,"Brown, Andrew",10870674,Right,CHA_14U9,Undefined,2,Top,1,2,2,Undefined,Curveball,StrikeSwinging,Strikeout,Undefined,Undefined,0,0,NA,69.46605,1.252451,-2.247255,2076.983715,48.479431,07:30:00,5.02449,1.19043,5.05642,-67.38043,-7.02496,-10.20225,0.59171,-1.78018,63.82566,-10.884313,-4.05189,0.559152,NA,NA,NA,NA,NA,NA,NA,NA,NA,NA,NA,4.35744,-3.23697,-0.9681,50,5.09029,4.32412,-100.67378,0.04686,4.42477,17.95593,-35.46104,CHA_14U4,CHA_14U9,USABBCary3,USA Baseball,USA,20250708-USABBCary3-1,b6554790-5bf6-11f0-99ca-3994f1733be8,67.41003,NA,NA,5.64039,NA,NA,NA,NA,NA,NA,13b4cefc-5421-4f51-81c6-689dca042000,2025-07-08,12:26:02,2025-07-08T12:26:02Z,2025-07-08T12:26:02Z,NA,v3,NA,NA,NA,"Silva, Diego",1000333001,Right,CHA_14U4,fe86d6e1-0190-436c-95ad-f6a92189828f,55.44471,-101.64024,8.97797,5.0364,1.95552,-17.73052,-1.19443,4.08596,2.21239,NA,NA,NA,NA,NA,NA,NA,NA,NA,NA,NA,NA,NA,NA,NA,NA,NA,NA,NA,NA,NA,NA,NA,NA,NA,NA,NA,NA,NA,NA,NA,NA,NA,NA,NA,NA,NA,NA,NA,NA,NA,NA,NA,NA,NA,NA,NA,NA,NA,NA,High,High,High,NA,NA,NA,NA,NA,NA,NA,NA,NA,NA,NA,NA,NA,NA,NA,NA,NA,NA,NA,NA,NA,NA,NA,NA,NA,NA,NA,NA,NA,NA,NA,NA,NA,NA,NA,NA,NA,NA,NA,NA,NA,NA,NA,NA,NA,NA,NA,NA,NA,NA,NA,NA,NA,NA,NA,NA,NA,NA
NA,NA,NA,NA,NA,NA,NA,NA,NA,NA,NA,NA,NA,NA,NA,NA,45,2025-07-08,08:26:31,3,1,"Mata III, Artemio",10922084,Right,CHA_14U4,"Watson, Chase",1000356084,Right,CHA_14U9,Undefined,2,Top,2,0,0,Undefined,Changeup,StrikeCalled,Undefined,Undefined,Undefined,0,0,NA,81.73848,-1.077082,-3.828531,2163.164313,238.970339,02:00:00,5.09134,1.29463,5.3185,-31.01628,12.37922,17.96725,1.49343,-0.80653,73.92347,-6.819897,-0.644215,0.474126,NA,NA,NA,NA,NA,NA,NA,NA,NA,NA,NA,-10.15296,6.99445,-0.96078,50,4.97163,7.15116,-118.22789,-3.2602,-14.19872,25.05566,-22.39248,CHA_14U4,CHA_14U9,USABBCary3,USA Baseball,USA,20250708-USABBCary3-1,c7a977a0-5bf6-11f0-99ca-3994f1733be8,79.49879,NA,NA,7.81501,NA,NA,NA,NA,NA,NA,13b4cefc-5421-4f51-81c6-689dca042000,2025-07-08,12:26:31,2025-07-08T12:26:31Z,2025-07-08T12:26:31Z,NA,v3,NA,NA,NA,"Silva, Diego",1000333001,Right,CHA_14U4,909d825c-77db-43b9-ac96-15f9ff2a9a62,55.17863,-119.32034,12.52783,5.09249,-2.28387,-11.19624,-1.28607,7.77023,-7.09936,NA,NA,NA,NA,NA,NA,NA,NA,NA,NA,NA,NA,NA,NA,NA,NA,NA,NA,NA,NA,NA,NA,NA,NA,NA,NA,NA,NA,NA,NA,NA,NA,NA,NA,NA,NA,NA,NA,NA,NA,NA,NA,NA,NA,NA,NA,NA,NA,NA,NA,High,High,High,NA,NA,NA,NA,NA,NA,NA,NA,NA,NA,NA,NA,NA,NA,NA,NA,NA,NA,NA,NA,NA,NA,NA,NA,NA,NA,NA,NA,NA,NA,NA,NA,NA,NA,NA,NA,NA,NA,NA,NA,NA,NA,NA,NA,NA,NA,NA,NA,NA,NA,NA,NA,NA,NA,NA,NA,NA,NA
NA,NA,NA,NA,NA,NA,NA,NA,NA,NA,NA,NA,NA,NA,NA,NA,46,2025-07-08,08:26:44,3,2,"Mata III, Artemio",10922084,Right,CHA_14U4,"Watson, Chase",1000356084,Right,CHA_14U9,Undefined,2,Top,2,0,1,Undefined,Changeup,FoulBallNotFieldable,Undefined,Undefined,Undefined,0,0,NA,80.99684,1.204765,-3.758842,2104.593964,231.564689,01:45:00,4.97896,1.56758,5.32167,-31.51785,12.88871,14.16142,3.48568,-0.78483,72.65528,-4.665054,-1.252241,0.479617,88.06512,28.304075,31.118875,4647.845205,88.36752,49.90744,65.50646,309.06365,216.84998,45.444469,4.11662,-8.31953,6.51929,-1.23761,50,5.06607,7.1012,-117.08809,1.43999,-11.35117,25.64993,-23.27914,CHA_14U4,CHA_14U9,USABBCary3,USA Baseball,USA,20250708-USABBCary3-1,cff7c790-5bf6-11f0-99ca-3994f1733be8,78.58858,58.80697,NA,8.34156,NA,NA,NA,1.12612,3.58123,0.86583,13b4cefc-5421-4f51-81c6-689dca042000,2025-07-08,12:26:44,2025-07-08T12:26:44Z,2025-07-08T12:26:44Z,FlyBall,v3,NA,NA,NA,"Silva, Diego",1000333001,Right,CHA_14U4,efe863ae-8a3b-4232-bf08-b5f7e9178bc7,55.17487,-118.21629,12.82496,4.98021,2.46391,-11.63957,-1.56093,7.60047,-5.67559,231.002722,1.1268,97.34041,-21.94746,5.37275,-1.20078,0.2473,-0.05237,0.00819,-5.4e-4,3.58114,61.2413,-18.86477,1.06917,0.08109,-0.11896,0.04554,-0.00777,5e-4,0.86582,58.77424,0.33683,-1.45563,0.53083,-0.10672,0.00885,8e-4,-1.5e-4,NA,NA,NA,NA,NA,NA,NA,NA,NA,NA,NA,NA,NA,NA,NA,NA,NA,NA,NA,NA,NA,NA,High,High,High,High,Medium,NA,NA,NA,NA,NA,NA,NA,NA,NA,NA,NA,NA,NA,NA,NA,NA,NA,NA,NA,NA,NA,NA,NA,NA,NA,NA,NA,NA,NA,NA,NA,NA,NA,NA,NA,NA,NA,NA,NA,NA,NA,NA,NA,NA,NA,NA,NA,NA,NA,NA,NA,NA,NA,NA,NA,NA
NA,NA,NA,NA,NA,NA,NA,NA,NA,NA,NA,NA,NA,NA,NA,NA,47,2025-07-08,08:27:38,3,3,"Mata III, Artemio",10922084,Right,CHA_14U4,"Watson, Chase",1000356084,Right,CHA_14U9,Undefined,2,Top,2,0,2,Undefined,Curveball,BallCalled,Undefined,Undefined,Undefined,0,0,NA,69.9972,2.546515,-2.945183,2018.85075,41.657809,07:30:00,4.97794,1.30668,5.30986,-65.98228,-7.25894,-8.11697,1.87444,-2.13667,64.31232,-9.409093,-4.383455,0.55154,NA,NA,NA,NA,NA,NA,NA,NA,NA,NA,NA,3.19587,-3.81288,-1.03318,50,5.1614,5.50733,-101.41162,2.46208,3.31016,17.42248,-36.12328,CHA_14U4,CHA_14U9,USABBCary3,USA Baseball,USA,20250708-USABBCary3-1,efd6a770-5bf6-11f0-99ca-3994f1733be8,68.3404,NA,NA,5.68488,NA,NA,NA,NA,NA,NA,13b4cefc-5421-4f51-81c6-689dca042000,2025-07-08,12:27:38,2025-07-08T12:27:38Z,2025-07-08T12:27:38Z,NA,v3,NA,NA,NA,"Silva, Diego",1000333001,Right,CHA_14U4,73158765-a9b0-4f28-b6a0-2268fc313f06,55.19204,-102.29972,8.71124,4.98897,4.30345,-18.06164,-1.30961,5.3386,1.65508,NA,NA,NA,NA,NA,NA,NA,NA,NA,NA,NA,NA,NA,NA,NA,NA,NA,NA,NA,NA,NA,NA,NA,NA,NA,NA,NA,NA,NA,NA,NA,NA,NA,NA,NA,NA,NA,NA,NA,NA,NA,NA,NA,NA,NA,NA,NA,NA,NA,NA,High,High,High,NA,NA,NA,NA,NA,NA,NA,NA,NA,NA,NA,NA,NA,NA,NA,NA,NA,NA,NA,NA,NA,NA,NA,NA,NA,NA,NA,NA,NA,NA,NA,NA,NA,NA,NA,NA,NA,NA,NA,NA,NA,NA,NA,NA,NA,NA,NA,NA,NA,NA,NA,NA,NA,NA,NA,NA,NA,NA
NA,NA,NA,NA,NA,NA,NA,NA,NA,NA,NA,NA,NA,NA,NA,NA,48,2025-07-08,08:27:53,3,4,"Mata III, Artemio",10922084,Right,CHA_14U4,"Watson, Chase",1000356084,Right,CHA_14U9,Undefined,2,Top,2,1,2,Undefined,Curveball,StrikeSwinging,Strikeout,Undefined,Undefined,0,0,NA,69.74703,1.047903,-2.115498,1940.841481,47.701678,07:30:00,4.92677,1.16554,5.40046,-67.18236,-7.97319,-10.96075,0.31097,-1.73112,64.01192,-11.125973,-4.067716,0.553816,NA,NA,NA,NA,NA,NA,NA,NA,NA,NA,NA,4.83673,-3.73603,-0.969,50,4.97327,4.12216,-101.14094,-0.20941,4.94231,18.57893,-35.9916,CHA_14U4,CHA_14U9,USABBCary3,USA Baseball,USA,20250708-USABBCary3-1,f8be5130-5bf6-11f0-99ca-3994f1733be8,68.05944,NA,NA,5.7351,NA,NA,NA,NA,NA,NA,13b4cefc-5421-4f51-81c6-689dca042000,2025-07-08,12:27:53,2025-07-08T12:27:53Z,2025-07-08T12:27:53Z,NA,v3,NA,NA,NA,"Silva, Diego",1000333001,Right,CHA_14U4,c0381739-5865-40b6-b34a-fe3169d6e2fb,55.10107,-102.07368,9.28947,4.93842,1.59751,-17.9958,-1.16972,3.87404,2.47115,NA,NA,NA,NA,NA,NA,NA,NA,NA,NA,NA,NA,NA,NA,NA,NA,NA,NA,NA,NA,NA,NA,NA,NA,NA,NA,NA,NA,NA,NA,NA,NA,NA,NA,NA,NA,NA,NA,NA,NA,NA,NA,NA,NA,NA,NA,NA,NA,NA,NA,High,High,High,NA,NA,NA,NA,NA,NA,NA,NA,NA,NA,NA,NA,NA,NA,NA,NA,NA,NA,NA,NA,NA,NA,NA,NA,NA,NA,NA,NA,NA,NA,NA,NA,NA,NA,NA,NA,NA,NA,NA,NA,NA,NA,NA,NA,NA,NA,NA,NA,NA,NA,NA,NA,NA,NA,NA,NA,NA,NA
NA,NA,NA,NA,NA,NA,NA,NA,NA,NA,NA,NA,NA,NA,NA,NA,49,2025-07-08,08:31:06,1,1,"Head, Paris",10318891,Right,CHA_14U9,"West, Mason",10922102,Left,CHA_14U4,Undefined,2,Bottom,0,0,0,Undefined,Curveball,BallCalled,Undefined,Undefined,Undefined,0,0,NA,67.52219,1.970961,-0.179528,2813.240535,45.64698,07:30:00,5.57843,1.29394,4.543,-80.86079,-14.6617,-17.60316,0.7172,-0.34391,61.19936,-12.481684,-3.273558,0.585595,NA,NA,NA,NA,NA,NA,NA,NA,NA,NA,NA,8.45182,-7.02756,-1.25766,50,5.70755,0.97825,-97.6726,0.65084,7.92763,19.54283,-38.76576,CHA_14U4,CHA_14U9,USABBCary3,USA Baseball,USA,20250708-USABBCary3-1,6b878a60-5bf7-11f0-99ca-3994f1733be8,64.36604,NA,NA,6.32283,NA,NA,NA,NA,NA,NA,13b4cefc-5421-4f51-81c6-689dca042000,2025-07-08,12:31:06,2025-07-08T12:31:06Z,2025-07-08T12:31:06Z,NA,v3,NA,NA,NA,"Williams, Asher",10907595,Right,CHA_14U9,ea20f874-67e5-4480-9512-8624bc5dedf0,55.95903,-98.85772,9.77141,5.5968,3.00169,-19.38288,-1.30241,0.4975,3.96382,NA,NA,NA,NA,NA,NA,NA,NA,NA,NA,NA,NA,NA,NA,NA,NA,NA,NA,NA,NA,NA,NA,NA,NA,NA,NA,NA,NA,NA,NA,NA,NA,NA,NA,NA,NA,NA,NA,NA,NA,NA,NA,NA,NA,NA,NA,NA,NA,NA,NA,High,High,High,NA,NA,NA,NA,NA,NA,NA,NA,NA,NA,NA,NA,NA,NA,NA,NA,NA,NA,NA,NA,NA,NA,NA,NA,NA,NA,NA,NA,NA,NA,NA,NA,NA,NA,NA,NA,NA,NA,NA,NA,NA,NA,NA,NA,NA,NA,NA,NA,NA,NA,NA,NA,NA,NA,NA,NA,NA,NA
NA,NA,NA,NA,NA,NA,NA,NA,NA,NA,NA,NA,NA,NA,NA,NA,50,2025-07-08,08:31:18,1,2,"Head, Paris",10318891,Right,CHA_14U9,"West, Mason",10922102,Left,CHA_14U4,Undefined,2,Bottom,0,1,0,Undefined,Changeup,BallCalled,Undefined,Undefined,Undefined,0,0,NA,80.55361,-2.907809,-1.719472,2213.161765,198.704987,12:30:00,5.70545,1.18041,5.07637,-24.45312,20.61163,6.42,0.92283,0.09393,72.98305,-7.46049,-0.584446,0.483159,NA,NA,NA,NA,NA,NA,NA,NA,NA,NA,NA,-3.72166,11.61875,-1.02269,50,5.41107,3.22529,-116.50475,-6.68901,-5.05412,24.32711,-16.3954,CHA_14U4,CHA_14U9,USABBCary3,USA Baseball,USA,20250708-USABBCary3-1,72df4550-5bf7-11f0-99ca-3994f1733be8,78.01253,NA,NA,7.57057,NA,NA,NA,NA,NA,NA,13b4cefc-5421-4f51-81c6-689dca042000,2025-07-08,12:31:18,2025-07-08T12:31:18Z,2025-07-08T12:31:18Z,NA,v3,NA,NA,NA,"Williams, Asher",10907595,Right,CHA_14U9,b868cf4d-cc86-42fc-86f4-f5e98fa9f8b5,55.41943,-117.63092,12.16355,5.70315,-5.93001,-8.1977,-1.17741,3.45926,-2.52706,NA,NA,NA,NA,NA,NA,NA,NA,NA,NA,NA,NA,NA,NA,NA,NA,NA,NA,NA,NA,NA,NA,NA,NA,NA,NA,NA,NA,NA,NA,NA,NA,NA,NA,NA,NA,NA,NA,NA,NA,NA,NA,NA,NA,NA,NA,NA,NA,NA,NA,High,High,High,NA,NA,NA,NA,NA,NA,NA,NA,NA,NA,NA,NA,NA,NA,NA,NA,NA,NA,NA,NA,NA,NA,NA,NA,NA,NA,NA,NA,NA,NA,NA,NA,NA,NA,NA,NA,NA,NA,NA,NA,NA,NA,NA,NA,NA,NA,NA,NA,NA,NA,NA,NA,NA,NA,NA,NA,NA,NA
NA,NA,NA,NA,NA,NA,NA,NA,NA,NA,NA,NA,NA,NA,NA,NA,51,2025-07-08,08:31:31,1,3,"Head, Paris",10318891,Right,CHA_14U9,"West, Mason",10922102,Left,CHA_14U4,Undefined,2,Bottom,0,2,0,Undefined,Changeup,InPlay,Undefined,GroundBall,Out,1,0,NA,80.49737,-2.021649,-1.363416,2153.812304,209.53706,01:00:00,5.57775,1.30407,5.08244,-26.60982,18.55529,9.56501,1.45329,0.81573,72.70975,-6.972056,0.328343,0.483696,60.68779,-0.865935,-14.505588,2995.024157,NA,NA,NA,24.1744,23.70405,-15.966034,0.254498,-5.21394,10.35382,-1.18297,50,5.36616,2.37243,-116.50646,-4.96909,-7.05616,25.03284,-18.16198,CHA_14U4,CHA_14U9,USABBCary3,USA Baseball,USA,20250708-USABBCary3-1,7aac0930-5bf7-11f0-99ca-3994f1733be8,77.92583,1.51857,NA,7.78762,NA,NA,NA,2.06938,1.51857,-0.81921,13b4cefc-5421-4f51-81c6-689dca042000,2025-07-08,12:31:31,2025-07-08T12:31:31Z,2025-07-08T12:31:31Z,GroundBall,v3,NA,NA,NA,"Williams, Asher",10907595,Right,CHA_14U9,0c0cc82b-835b-4c28-8e29-f002fba7ab90,55.41443,-117.66407,12.51642,5.57653,-4.12922,-9.08099,-1.30022,2.69874,-3.52808,64.580531,2.07035,86.11074,-11.49339,NA,NA,NA,NA,NA,NA,1.5199,-1.4143,-17.9291,NA,NA,NA,NA,NA,NA,-0.81854,-22.32694,-2.30885,NA,NA,NA,NA,NA,NA,NA,NA,NA,NA,NA,NA,NA,NA,NA,NA,NA,NA,NA,NA,NA,NA,NA,NA,NA,NA,NA,NA,High,High,High,High,High,NA,NA,NA,NA,NA,NA,NA,NA,NA,NA,NA,NA,NA,NA,NA,NA,NA,NA,NA,NA,NA,NA,NA,NA,NA,NA,NA,NA,NA,NA,NA,NA,NA,NA,NA,NA,NA,NA,NA,NA,NA,NA,NA,NA,NA,NA,NA,NA,NA,NA,NA,NA,NA,NA,NA,NA
NA,NA,NA,NA,NA,NA,NA,NA,NA,NA,NA,NA,NA,NA,NA,NA,52,2025-07-08,08:32:03,2,1,"Head, Paris",10318891,Right,CHA_14U9,"Silva, Diego",1000333001,Right,CHA_14U4,Undefined,2,Bottom,1,0,0,Undefined,Changeup,BallCalled,Undefined,Undefined,Undefined,0,0,NA,82.00423,-1.515254,-0.217072,2261.426369,203.024664,12:45:00,5.80197,1.09967,4.98005,-27.45395,15.90981,6.12134,2.08278,1.40477,74.51862,-6.583514,0.863843,0.473953,NA,NA,NA,NA,NA,NA,NA,NA,NA,NA,NA,-3.08433,8.76835,-1.08395,50,5.63407,0.18224,-118.79783,-4.07958,-4.3727,24.44952,-19.74313,CHA_14U4,CHA_14U9,USABBCary3,USA Baseball,USA,20250708-USABBCary3-1,8d8f64c0-5bf7-11f0-99ca-3994f1733be8,79.52785,NA,NA,7.48561,NA,NA,NA,NA,NA,NA,13b4cefc-5421-4f51-81c6-689dca042000,2025-07-08,12:32:03,2025-07-08T12:32:03Z,2025-07-08T12:32:03Z,NA,v3,NA,NA,NA,"Williams, Asher",10907595,Right,CHA_14U9,a46ef385-9cf8-48c2-a175-cb853834ab6b,55.51599,-119.92769,12.22476,5.80152,-3.16721,-9.87156,-1.09704,0.38431,-2.18635,NA,NA,NA,NA,NA,NA,NA,NA,NA,NA,NA,NA,NA,NA,NA,NA,NA,NA,NA,NA,NA,NA,NA,NA,NA,NA,NA,NA,NA,NA,NA,NA,NA,NA,NA,NA,NA,NA,NA,NA,NA,NA,NA,NA,NA,NA,NA,NA,NA,NA,High,High,High,NA,NA,NA,NA,NA,NA,NA,NA,NA,NA,NA,NA,NA,NA,NA,NA,NA,NA,NA,NA,NA,NA,NA,NA,NA,NA,NA,NA,NA,NA,NA,NA,NA,NA,NA,NA,NA,NA,NA,NA,NA,NA,NA,NA,NA,NA,NA,NA,NA,NA,NA,NA,NA,NA,NA,NA,NA,NA
NA,NA,NA,NA,NA,NA,NA,NA,NA,NA,NA,NA,NA,NA,NA,NA,53,2025-07-08,08:32:18,2,2,"Head, Paris",10318891,Right,CHA_14U9,"Silva, Diego",1000333001,Right,CHA_14U4,Undefined,2,Bottom,1,1,0,Undefined,Curveball,BallCalled,Undefined,Undefined,Undefined,0,0,NA,68.73464,0.267222,-1.52514,2940.853848,47.549645,07:30:00,5.41301,1.30606,4.88473,-73.46713,-11.60087,-14.86457,-0.45635,-1.37589,63.6914,-12.83782,-4.154963,0.566107,NA,NA,NA,NA,NA,NA,NA,NA,NA,NA,NA,6.96059,-5.40146,-1.14296,50,5.37641,3.18263,-99.72482,-1.8898,6.93858,17.55344,-37.55845,CHA_14U4,CHA_14U9,USABBCary3,USA Baseball,USA,20250708-USABBCary3-1,968ba7f0-5bf7-11f0-99ca-3994f1733be8,66.58185,NA,NA,5.04324,NA,NA,NA,NA,NA,NA,13b4cefc-5421-4f51-81c6-689dca042000,2025-07-08,12:32:18,2025-07-08T12:32:18Z,2025-07-08T12:32:18Z,NA,v3,NA,NA,NA,"Williams, Asher",10907595,Right,CHA_14U9,f7db9cd7-d9da-4a63-aeeb-00828ac9bb2c,55.61991,-100.70917,8.77672,5.42333,0.21638,-18.77922,-1.31052,2.79353,3.46929,NA,NA,NA,NA,NA,NA,NA,NA,NA,NA,NA,NA,NA,NA,NA,NA,NA,NA,NA,NA,NA,NA,NA,NA,NA,NA,NA,NA,NA,NA,NA,NA,NA,NA,NA,NA,NA,NA,NA,NA,NA,NA,NA,NA,NA,NA,NA,NA,NA,NA,High,High,High,NA,NA,NA,NA,NA,NA,NA,NA,NA,NA,NA,NA,NA,NA,NA,NA,NA,NA,NA,NA,NA,NA,NA,NA,NA,NA,NA,NA,NA,NA,NA,NA,NA,NA,NA,NA,NA,NA,NA,NA,NA,NA,NA,NA,NA,NA,NA,NA,NA,NA,NA,NA,NA,NA,NA,NA,NA,NA
NA,NA,NA,NA,NA,NA,NA,NA,NA,NA,NA,NA,NA,NA,NA,NA,54,2025-07-08,08:32:37,2,3,"Head, Paris",10318891,Right,CHA_14U9,"Silva, Diego",1000333001,Right,CHA_14U4,Undefined,2,Bottom,1,2,0,Undefined,Cutter,BallCalled,Undefined,Undefined,Undefined,0,0,NA,82.33668,-3.324726,-2.897768,2217.389403,189.1432,12:15:00,5.62528,1.26738,5.25759,-24.99828,17.93265,2.63457,0.41078,-1.23803,74.68838,-7.963584,-2.431081,0.471581,NA,NA,NA,NA,NA,NA,NA,NA,NA,NA,NA,-2.21303,10.45111,-1.00365,50,5.30207,5.90933,-118.96981,-7.71846,-3.1353,25.27505,-17.36761,CHA_14U4,CHA_14U9,USABBCary3,USA Baseball,USA,20250708-USABBCary3-1,a22f3d60-5bf7-11f0-99ca-3994f1733be8,79.92778,NA,NA,7.64831,NA,NA,NA,NA,NA,NA,13b4cefc-5421-4f51-81c6-689dca042000,2025-07-08,12:32:37,2025-07-08T12:32:37Z,2025-07-08T12:32:37Z,NA,v3,NA,NA,NA,"Williams, Asher",10907595,Right,CHA_14U9,08ab4f07-0de0-4ca9-bc6e-b6902f16789c,55.23758,-120.07738,12.63753,5.62362,-6.95741,-8.6838,-1.2656,6.04672,-1.56765,NA,NA,NA,NA,NA,NA,NA,NA,NA,NA,NA,NA,NA,NA,NA,NA,NA,NA,NA,NA,NA,NA,NA,NA,NA,NA,NA,NA,NA,NA,NA,NA,NA,NA,NA,NA,NA,NA,NA,NA,NA,NA,NA,NA,NA,NA,NA,NA,NA,NA,High,High,High,NA,NA,NA,NA,NA,NA,NA,NA,NA,NA,NA,NA,NA,NA,NA,NA,NA,NA,NA,NA,NA,NA,NA,NA,NA,NA,NA,NA,NA,NA,NA,NA,NA,NA,NA,NA,NA,NA,NA,NA,NA,NA,NA,NA,NA,NA,NA,NA,NA,NA,NA,NA,NA,NA,NA,NA,NA,NA
NA,NA,NA,NA,NA,NA,NA,NA,NA,NA,NA,NA,NA,NA,NA,NA,55,2025-07-08,08:32:54,2,4,"Head, Paris",10318891,Right,CHA_14U9,"Silva, Diego",1000333001,Right,CHA_14U4,Undefined,2,Bottom,1,3,0,Undefined,Changeup,BallCalled,Walk,Undefined,Undefined,0,0,NA,81.90948,-0.545252,-0.32339,2182.295421,207.990044,01:00:00,5.68042,1.29412,5.16004,-26.50643,16.60548,8.04178,2.9583,1.65987,74.37213,-5.472943,1.100773,0.472574,NA,NA,NA,NA,NA,NA,NA,NA,NA,NA,NA,-4.08803,8.86284,-1.27033,50,5.60985,0.32504,-118.74197,-2.00109,-5.79354,24.30445,-19.61367,CHA_14U4,CHA_14U9,USABBCary3,USA Baseball,USA,20250708-USABBCary3-1,ac58b5f0-5bf7-11f0-99ca-3994f1733be8,79.75984,NA,NA,7.53735,NA,NA,NA,NA,NA,NA,13b4cefc-5421-4f51-81c6-689dca042000,2025-07-08,12:32:54,2025-07-08T12:32:54Z,2025-07-08T12:32:54Z,NA,v3,NA,NA,NA,"Williams, Asher",10907595,Right,CHA_14U9,73abe030-97a9-4ccc-bf58-d190b9fdc8d5,55.33622,-119.82922,12.15222,5.67974,-1.12368,-9.80684,-1.29067,0.58421,-2.89677,NA,NA,NA,NA,NA,NA,NA,NA,NA,NA,NA,NA,NA,NA,NA,NA,NA,NA,NA,NA,NA,NA,NA,NA,NA,NA,NA,NA,NA,NA,NA,NA,NA,NA,NA,NA,NA,NA,NA,NA,NA,NA,NA,NA,NA,NA,NA,NA,NA,NA,High,High,High,NA,NA,NA,NA,NA,NA,NA,NA,NA,NA,NA,NA,NA,NA,NA,NA,NA,NA,NA,NA,NA,NA,NA,NA,NA,NA,NA,NA,NA,NA,NA,NA,NA,NA,NA,NA,NA,NA,NA,NA,NA,NA,NA,NA,NA,NA,NA,NA,NA,NA,NA,NA,NA,NA,NA,NA,NA,NA
NA,NA,NA,NA,NA,NA,NA,NA,NA,NA,NA,NA,NA,NA,NA,NA,56,2025-07-08,08:33:38,3,1,"Head, Paris",10318891,Right,CHA_14U9,"Munoz, Leonardo",10922082,Right,CHA_14U4,Undefined,2,Bottom,1,0,0,Undefined,Changeup,StrikeCalled,Undefined,Undefined,Undefined,0,0,NA,79.76033,-1.406541,-2.393141,2073.258202,212.031196,01:00:00,5.54808,1.13985,5.29266,-29.12305,16.51706,9.28252,1.79907,-0.33495,72.05436,-6.826711,-0.746462,0.486233,NA,NA,NA,NA,NA,NA,NA,NA,NA,NA,NA,-5.41177,9.19906,-0.92899,50,5.39933,4.44397,-115.44575,-3.75565,-7.19626,24.43845,-19.94167,CHA_14U4,CHA_14U9,USABBCary3,USA Baseball,USA,20250708-USABBCary3-1,c6843c10-5bf7-11f0-99ca-3994f1733be8,77.51926,NA,NA,7.70598,NA,NA,NA,NA,NA,NA,13b4cefc-5421-4f51-81c6-689dca042000,2025-07-08,12:33:38,2025-07-08T12:33:38Z,2025-07-08T12:33:38Z,NA,v3,NA,NA,NA,"Williams, Asher",10907595,Right,CHA_14U9,182c6dfd-b1b6-4cea-8126-5e38ac1b3032,55.20346,-116.54205,12.21922,5.54774,-2.86107,-9.97084,-1.13559,4.76679,-3.59813,NA,NA,NA,NA,NA,NA,NA,NA,NA,NA,NA,NA,NA,NA,NA,NA,NA,NA,NA,NA,NA,NA,NA,NA,NA,NA,NA,NA,NA,NA,NA,NA,NA,NA,NA,NA,NA,NA,NA,NA,NA,NA,NA,NA,NA,NA,NA,NA,NA,NA,High,High,High,NA,NA,NA,NA,NA,NA,NA,NA,NA,NA,NA,NA,NA,NA,NA,NA,NA,NA,NA,NA,NA,NA,NA,NA,NA,NA,NA,NA,NA,NA,NA,NA,NA,NA,NA,NA,NA,NA,NA,NA,NA,NA,NA,NA,NA,NA,NA,NA,NA,NA,NA,NA,NA,NA,NA,NA,NA,NA
NA,NA,NA,NA,NA,NA,NA,NA,NA,NA,NA,NA,NA,NA,NA,NA,57,2025-07-08,08:34:20,3,2,"Head, Paris",10318891,Right,CHA_14U9,"Munoz, Leonardo",10922082,Right,CHA_14U4,Undefined,2,Bottom,1,0,1,Undefined,Changeup,FoulBallNotFieldable,Undefined,Undefined,Undefined,0,0,NA,80.45625,-0.731493,-2.28241,2194.247776,209.370244,01:00:00,5.59723,0.90906,5.49535,-26.63537,17.91903,9.15524,2.69279,-0.46412,72.45187,-5.740236,-0.65264,0.480415,67.08193,22.596476,159.988609,2463.308663,-105.54526,17.24727,30.98698,154.95151,54.90573,165.987591,2.105914,-5.28237,9.72229,-0.71536,50,5.51571,4.25704,-116.46552,-2.28544,-7.14416,25.00383,-19.02512,CHA_14U4,CHA_14U9,USABBCary3,USA Baseball,USA,20250708-USABBCary3-1,df9355b0-5bf7-11f0-99ca-3994f1733be8,78.45805,20.22957,NA,8.00438,NA,NA,NA,1.34711,2.67007,0.47367,13b4cefc-5421-4f51-81c6-689dca042000,2025-07-08,12:34:20,2025-07-08T12:34:20Z,2025-07-08T12:34:20Z,LineDrive,v3,NA,NA,NA,"Williams, Asher",10907595,Right,CHA_14U9,706aafd7-b233-4efd-bbca-12034278a932,54.99751,-117.53353,12.50191,5.59597,-1.4728,-9.51256,-0.90371,4.56219,-3.57208,305.598238,1.34715,-85.34979,5.93966,0.39697,-0.5809,0.83302,-0.57364,0.18374,-0.02268,2.67003,37.80685,-22.21202,2.32327,-0.56668,0.26644,-0.08309,0.01045,-9e-5,0.47363,31.08475,-6.98241,0.2482,0.36375,-0.67509,0.49158,-0.16164,0.02027,NA,NA,NA,NA,NA,NA,NA,NA,NA,NA,NA,NA,NA,NA,NA,NA,NA,NA,NA,NA,NA,NA,High,High,High,High,Medium,NA,NA,NA,NA,NA,NA,NA,NA,NA,NA,NA,NA,NA,NA,NA,NA,NA,NA,NA,NA,NA,NA,NA,NA,NA,NA,NA,NA,NA,NA,NA,NA,NA,NA,NA,NA,NA,NA,NA,NA,NA,NA,NA,NA,NA,NA,NA,NA,NA,NA,NA,NA,NA,NA,NA,NA
NA,NA,NA,NA,NA,NA,NA,NA,NA,NA,NA,NA,NA,NA,NA,NA,58,2025-07-08,08:34:44,3,3,"Head, Paris",10318891,Right,CHA_14U9,"Munoz, Leonardo",10922082,Right,CHA_14U4,Undefined,2,Bottom,1,0,2,Undefined,Curveball,BallCalled,Undefined,Undefined,Undefined,0,0,NA,66.98851,1.04232,-1.58496,2857.662574,36.356248,07:15:00,5.50951,0.93808,4.70074,-86.22225,-19.1156,-15.98647,-0.68573,-1.89908,60.99316,-14.320633,-4.407786,0.589595,NA,NA,NA,NA,NA,NA,NA,NA,NA,NA,NA,7.32796,-9.27686,-0.76198,50,5.53709,3.25461,-96.93858,-1.00592,6.73413,19.98416,-40.69915,CHA_14U4,CHA_14U9,USABBCary3,USA Baseball,USA,20250708-USABBCary3-1,edd5b1e0-5bf7-11f0-99ca-3994f1733be8,63.92932,NA,NA,5.99535,NA,NA,NA,NA,NA,NA,13b4cefc-5421-4f51-81c6-689dca042000,2025-07-08,12:34:44,2025-07-08T12:34:44Z,2025-07-08T12:34:44Z,NA,v3,NA,NA,NA,"Williams, Asher",10907595,Right,CHA_14U9,4206a613-efee-428a-9ac6-305bd2291333,55.80371,-98.12773,9.99208,5.5249,1.41589,-20.34958,-0.94372,2.85389,3.36706,NA,NA,NA,NA,NA,NA,NA,NA,NA,NA,NA,NA,NA,NA,NA,NA,NA,NA,NA,NA,NA,NA,NA,NA,NA,NA,NA,NA,NA,NA,NA,NA,NA,NA,NA,NA,NA,NA,NA,NA,NA,NA,NA,NA,NA,NA,NA,NA,NA,NA,High,High,High,NA,NA,NA,NA,NA,NA,NA,NA,NA,NA,NA,NA,NA,NA,NA,NA,NA,NA,NA,NA,NA,NA,NA,NA,NA,NA,NA,NA,NA,NA,NA,NA,NA,NA,NA,NA,NA,NA,NA,NA,NA,NA,NA,NA,NA,NA,NA,NA,NA,NA,NA,NA,NA,NA,NA,NA,NA,NA
NA,NA,NA,NA,NA,NA,NA,NA,NA,NA,NA,NA,NA,NA,NA,NA,59,2025-07-08,08:35:22,3,4,"Head, Paris",10318891,Right,CHA_14U9,"Munoz, Leonardo",10922082,Right,CHA_14U4,Undefined,2,Bottom,1,1,2,Undefined,Curveball,InPlay,Undefined,GroundBall,Out,1,0,NA,66.827,4.564929,0.174603,2606.175821,36.842668,07:15:00,5.55447,1.07123,4.75059,-84.79654,-17.89788,-15.26182,2.82672,-0.03499,60.42761,-10.675868,-2.509257,0.588681,81.20204,9.723848,-12.327203,2216.472801,NA,NA,NA,105.13921,105.13921,-12.036317,0.984706,7.59579,-9.8167,-1.07412,50,5.93794,0.25635,-96.56857,4.99158,7.01267,18.16652,-41.23712,CHA_14U4,CHA_14U9,USABBCary3,USA Baseball,USA,20250708-USABBCary3-1,043a6c00-5bf8-11f0-99ca-3994f1733be8,64.02861,7.01525,NA,6.39938,NA,NA,NA,2.25344,2.97039,7.8e-4,13b4cefc-5421-4f51-81c6-689dca042000,2025-07-08,12:35:22,2025-07-08T12:35:22Z,2025-07-08T12:35:22Z,LineDrive,v3,NA,NA,NA,"Williams, Asher",10907595,Right,CHA_14U9,e073c1b4-cee9-4c74-be2b-db462dd1fb20,55.75432,-97.64508,9.08326,5.56975,7.4352,-20.61856,-1.077,-0.15921,3.50634,359.28758,2.25344,114.67872,-13.9944,1.55101,-0.32109,0.05034,-0.00863,0.00168,-1.8e-4,2.97039,20.11529,-26.28824,3.42322,-0.7331,0.17283,-0.03549,0.00673,-8.1e-4,7.8e-4,-25.06105,3.15453,-0.39036,0.08216,-0.01419,0.00259,-4.9e-4,5e-5,NA,NA,NA,NA,NA,NA,NA,NA,NA,NA,NA,NA,NA,NA,NA,NA,NA,NA,NA,NA,NA,NA,High,High,High,High,High,NA,NA,NA,NA,NA,NA,NA,NA,NA,NA,NA,NA,NA,NA,NA,NA,NA,NA,NA,NA,NA,NA,NA,NA,NA,NA,NA,NA,NA,NA,NA,NA,NA,NA,NA,NA,NA,NA,NA,NA,NA,NA,NA,NA,NA,NA,NA,NA,NA,NA,NA,NA,NA,NA,NA,NA
NA,NA,NA,NA,NA,NA,NA,NA,NA,NA,NA,NA,NA,NA,NA,NA,60,2025-07-08,08:36:06,4,1,"Head, Paris",10318891,Right,CHA_14U9,"Vera, Jose",10922090,Right,CHA_14U4,Undefined,2,Bottom,2,0,0,Undefined,Curveball,BallCalled,Undefined,Undefined,Undefined,0,0,NA,68.894,1.635801,-2.16412,2863.732595,46.079806,07:30:00,5.44049,1.00382,4.80843,-78.15906,-15.10784,-18.16753,0.47852,-2.56141,62.53905,-12.368949,-5.366105,0.571502,NA,NA,NA,NA,NA,NA,NA,NA,NA,NA,NA,8.09245,-7.24717,-0.77202,50,5.53607,4.45289,-99.65317,0.25584,7.89495,20.46329,-39.24434,CHA_14U4,CHA_14U9,USABBCary3,USA Baseball,USA,20250708-USABBCary3-1,1eaac350-5bf8-11f0-99ca-3994f1733be8,65.95324,NA,NA,6.35495,NA,NA,NA,NA,NA,NA,13b4cefc-5421-4f51-81c6-689dca042000,2025-07-08,12:36:06,2025-07-08T12:36:06Z,2025-07-08T12:36:06Z,NA,v3,NA,NA,NA,"Williams, Asher",10907595,Right,CHA_14U9,e2c0bf43-1822-4ba3-b84c-637d8903f4b9,55.69372,-100.81556,10.23164,5.45823,2.48508,-19.62217,-1.01222,4.00443,3.94748,NA,NA,NA,NA,NA,NA,NA,NA,NA,NA,NA,NA,NA,NA,NA,NA,NA,NA,NA,NA,NA,NA,NA,NA,NA,NA,NA,NA,NA,NA,NA,NA,NA,NA,NA,NA,NA,NA,NA,NA,NA,NA,NA,NA,NA,NA,NA,NA,NA,NA,High,High,High,NA,NA,NA,NA,NA,NA,NA,NA,NA,NA,NA,NA,NA,NA,NA,NA,NA,NA,NA,NA,NA,NA,NA,NA,NA,NA,NA,NA,NA,NA,NA,NA,NA,NA,NA,NA,NA,NA,NA,NA,NA,NA,NA,NA,NA,NA,NA,NA,NA,NA,NA,NA,NA,NA,NA,NA,NA,NA
NA,NA,NA,NA,NA,NA,NA,NA,NA,NA,NA,NA,NA,NA,NA,NA,61,2025-07-08,08:36:23,4,2,"Head, Paris",10318891,Right,CHA_14U9,"Vera, Jose",10922090,Right,CHA_14U4,Undefined,2,Bottom,2,1,0,Undefined,Changeup,BallCalled,Undefined,Undefined,Undefined,0,0,NA,81.00485,-1.178923,-3.645615,2135.269305,193.68814,12:30:00,5.50943,1.17861,5.38608,-26.87509,17.54595,3.85918,2.16241,-1.92152,72.73674,-6.216234,-2.961666,0.479696,NA,NA,NA,NA,NA,NA,NA,NA,NA,NA,NA,-3.1502,9.67993,-0.8551,50,5.38558,7.29579,-117.04816,-3.2403,-4.28426,26.14588,-19.00934,CHA_14U4,CHA_14U9,USABBCary3,USA Baseball,USA,20250708-USABBCary3-1,289e10b0-5bf8-11f0-99ca-3994f1733be8,78.57573,NA,NA,8.26811,NA,NA,NA,NA,NA,NA,13b4cefc-5421-4f51-81c6-689dca042000,2025-07-08,12:36:23,2025-07-08T12:36:23Z,2025-07-08T12:36:23Z,NA,v3,NA,NA,NA,"Williams, Asher",10907595,Right,CHA_14U9,f44ba509-93f9-4722-9e12-cba6ab264d7b,55.10785,-118.18363,13.07294,5.50838,-2.41476,-9.50467,-1.17598,7.48185,-2.14213,NA,NA,NA,NA,NA,NA,NA,NA,NA,NA,NA,NA,NA,NA,NA,NA,NA,NA,NA,NA,NA,NA,NA,NA,NA,NA,NA,NA,NA,NA,NA,NA,NA,NA,NA,NA,NA,NA,NA,NA,NA,NA,NA,NA,NA,NA,NA,NA,NA,NA,High,High,High,NA,NA,NA,NA,NA,NA,NA,NA,NA,NA,NA,NA,NA,NA,NA,NA,NA,NA,NA,NA,NA,NA,NA,NA,NA,NA,NA,NA,NA,NA,NA,NA,NA,NA,NA,NA,NA,NA,NA,NA,NA,NA,NA,NA,NA,NA,NA,NA,NA,NA,NA,NA,NA,NA,NA,NA,NA,NA
NA,NA,NA,NA,NA,NA,NA,NA,NA,NA,NA,NA,NA,NA,NA,NA,62,2025-07-08,08:36:41,4,3,"Head, Paris",10318891,Right,CHA_14U9,"Vera, Jose",10922090,Right,CHA_14U4,Undefined,2,Bottom,2,2,0,Undefined,Four-Seam,StrikeCalled,Undefined,Undefined,Undefined,0,0,NA,81.86153,-0.477868,-2.018054,2146.330774,185.385537,12:15:00,5.67474,0.93732,5.24028,-24.66253,19.01828,1.63417,3.17011,-0.82398,73.27947,-5.125444,-1.728606,0.475682,NA,NA,NA,NA,NA,NA,NA,NA,NA,NA,NA,-1.49295,10.10997,-0.75297,50,5.61329,4.1008,-118.40145,-1.74933,-2.07481,27.03546,-18.1239,CHA_14U4,CHA_14U9,USABBCary3,USA Baseball,USA,20250708-USABBCary3-1,337359a0-5bf8-11f0-99ca-3994f1733be8,79.23873,NA,NA,8.58207,NA,NA,NA,NA,NA,NA,13b4cefc-5421-4f51-81c6-689dca042000,2025-07-08,12:36:41,2025-07-08T12:36:41Z,2025-07-08T12:36:41Z,NA,v3,NA,NA,NA,"Williams, Asher",10907595,Right,CHA_14U9,618ef374-69e7-4e25-95c5-adcb9a3b5aff,55.25229,-119.59472,13.51773,5.67285,-0.94938,-9.06195,-0.93599,4.19237,-1.0374,NA,NA,NA,NA,NA,NA,NA,NA,NA,NA,NA,NA,NA,NA,NA,NA,NA,NA,NA,NA,NA,NA,NA,NA,NA,NA,NA,NA,NA,NA,NA,NA,NA,NA,NA,NA,NA,NA,NA,NA,NA,NA,NA,NA,NA,NA,NA,NA,NA,NA,High,High,High,NA,NA,NA,NA,NA,NA,NA,NA,NA,NA,NA,NA,NA,NA,NA,NA,NA,NA,NA,NA,NA,NA,NA,NA,NA,NA,NA,NA,NA,NA,NA,NA,NA,NA,NA,NA,NA,NA,NA,NA,NA,NA,NA,NA,NA,NA,NA,NA,NA,NA,NA,NA,NA,NA,NA,NA,NA,NA
NA,NA,NA,NA,NA,NA,NA,NA,NA,NA,NA,NA,NA,NA,NA,NA,63,2025-07-08,08:37:03,4,4,"Head, Paris",10318891,Right,CHA_14U9,"Vera, Jose",10922090,Right,CHA_14U4,Undefined,2,Bottom,2,2,1,Undefined,Curveball,BallCalled,Undefined,Undefined,Undefined,0,0,NA,69.56198,1.122624,-1.422253,2889.050101,40.640697,07:15:00,5.42346,1.131,4.92442,-77.5302,-16.07442,-15.78946,0.02438,-1.52962,63.23213,-12.787511,-4.217108,0.564226,NA,NA,NA,NA,NA,NA,NA,NA,NA,NA,NA,7.28784,-7.70319,-0.97853,50,5.46827,3.08789,-100.71897,-0.57446,7.26573,20.84638,-39.85386,CHA_14U4,CHA_14U9,USABBCary3,USA Baseball,USA,20250708-USABBCary3-1,408db090-5bf8-11f0-99ca-3994f1733be8,66.80384,NA,NA,6.32985,NA,NA,NA,NA,NA,NA,13b4cefc-5421-4f51-81c6-689dca042000,2025-07-08,12:37:03,2025-07-08T12:37:03Z,2025-07-08T12:37:03Z,NA,v3,NA,NA,NA,"Williams, Asher",10907595,Right,CHA_14U9,7aa92c48-c3eb-4c15-812b-5db93dd31f6c,55.57837,-101.86701,10.42319,5.43947,1.62036,-19.92693,-1.13757,2.68776,3.63286,NA,NA,NA,NA,NA,NA,NA,NA,NA,NA,NA,NA,NA,NA,NA,NA,NA,NA,NA,NA,NA,NA,NA,NA,NA,NA,NA,NA,NA,NA,NA,NA,NA,NA,NA,NA,NA,NA,NA,NA,NA,NA,NA,NA,NA,NA,NA,NA,NA,NA,High,High,High,NA,NA,NA,NA,NA,NA,NA,NA,NA,NA,NA,NA,NA,NA,NA,NA,NA,NA,NA,NA,NA,NA,NA,NA,NA,NA,NA,NA,NA,NA,NA,NA,NA,NA,NA,NA,NA,NA,NA,NA,NA,NA,NA,NA,NA,NA,NA,NA,NA,NA,NA,NA,NA,NA,NA,NA,NA,NA
NA,NA,NA,NA,NA,NA,NA,NA,NA,NA,NA,NA,NA,NA,NA,NA,64,2025-07-08,08:37:20,4,5,"Head, Paris",10318891,Right,CHA_14U9,"Vera, Jose",10922090,Right,CHA_14U4,Undefined,2,Bottom,2,3,1,Undefined,Changeup,FoulBallNotFieldable,Undefined,Undefined,Undefined,0,0,NA,81.91334,-0.82624,-1.708141,2166.576822,208.055408,01:00:00,5.49384,1.16694,5.25693,-28.40147,14.77926,7.05394,2.35034,0.14936,74.094220000000007,-6.104412,-0.457064,0.472951,NA,NA,NA,NA,NA,NA,NA,NA,NA,NA,NA,-4.01874,8.0913,-1.01563,50,5.39769,3.23197,-118.6305,-2.64678,-5.66114,25.12838,-20.77598,CHA_14U4,CHA_14U9,USABBCary3,USA Baseball,USA,20250708-USABBCary3-1,4ae2f410-5bf8-11f0-99ca-3994f1733be8,79.69621,NA,NA,7.81912,NA,NA,NA,NA,NA,NA,13b4cefc-5421-4f51-81c6-689dca042000,2025-07-08,12:37:20,2025-07-08T12:37:20Z,2025-07-08T12:37:20Z,NA,v3,NA,NA,NA,"Williams, Asher",10907595,Right,CHA_14U9,a058abfe-9e1e-449f-86f1-fc3952aa126d,55.23734,-119.73473,12.56419,5.49394,-1.7338,-10.38799,-1.16313,3.48074,-2.83057,NA,NA,NA,NA,NA,NA,NA,NA,NA,NA,NA,NA,NA,NA,NA,NA,NA,NA,NA,NA,NA,NA,NA,NA,NA,NA,NA,NA,NA,NA,NA,NA,NA,NA,NA,NA,NA,NA,NA,NA,NA,NA,NA,NA,NA,NA,NA,NA,NA,NA,High,High,High,NA,NA,NA,NA,NA,NA,NA,NA,NA,NA,NA,NA,NA,NA,NA,NA,NA,NA,NA,NA,NA,NA,NA,NA,NA,NA,NA,NA,NA,NA,NA,NA,NA,NA,NA,NA,NA,NA,NA,NA,NA,NA,NA,NA,NA,NA,NA,NA,NA,NA,NA,NA,NA,NA,NA,NA,NA,NA
NA,NA,NA,NA,NA,NA,NA,NA,NA,NA,NA,NA,NA,NA,NA,NA,65,2025-07-08,08:38:04,4,6,"Head, Paris",10318891,Right,CHA_14U9,"Vera, Jose",10922090,Right,CHA_14U4,Undefined,2,Bottom,2,3,2,Undefined,Four-Seam,StrikeCalled,Strikeout,Undefined,Undefined,0,0,NA,84.62701,-2.083762,-2.513323,2311.558297,194.451121,12:30:00,5.59197,1.04996,5.14952,-20.81911,20.08474,4.7778,1.8925399999999999,-0.91958,76.12316,-6.006247,-1.668685,0.46031300000000003,NA,NA,NA,NA,NA,NA,NA,NA,NA,NA,NA,-3.18063,11.09375,-0.81858,50,5.38169,5.15507,-122.34429,-5.1082,-4.74106,27.86268,-15.63765,CHA_14U4,CHA_14U9,USABBCary3,USA Baseball,USA,20250708-USABBCary3-1,65074e40-5bf8-11f0-99ca-3994f1733be8,81.88433,NA,NA,8.50384,NA,NA,NA,NA,NA,NA,13b4cefc-5421-4f51-81c6-689dca042000,2025-07-08,12:38:04,2025-07-08T12:38:04Z,2025-07-08T12:38:04Z,NA,v3,NA,NA,NA,"Williams, Asher",10907595,Right,CHA_14U9,18e54752-7233-4e15-b7ff-9cf3df7c07eb,55.3446,-123.55548,13.93134,5.58897,-4.42844,-7.81883,-1.04715,5.36116,-2.37053,NA,NA,NA,NA,NA,NA,NA,NA,NA,NA,NA,NA,NA,NA,NA,NA,NA,NA,NA,NA,NA,NA,NA,NA,NA,NA,NA,NA,54.09104,NA,NA,1.342822,NA,NA,NA,-0.35908,5.09515,3.03103,76.5306,2.60248,-48.4599,-0.35101,61.27315,-3.00185,5.16347,19.89787,-16.34821,2.97428,-45.1598,5.18664,High,High,High,NA,NA,High,High,High,NA,NA,NA,NA,NA,NA,NA,NA,NA,NA,NA,NA,NA,NA,NA,NA,NA,NA,NA,NA,NA,NA,NA,NA,NA,NA,NA,NA,NA,NA,NA,NA,NA,NA,NA,NA,NA,NA,NA,NA,NA,NA,NA,NA,NA,NA,NA,NA,NA,NA,NA,NA,NA
NA,NA,NA,NA,NA,NA,NA,NA,NA,NA,NA,NA,NA,NA,NA,NA,66,2025-07-08,08:40:39,1,1,"Mata III, Artemio",10922084,Right,CHA_14U4,"Williams, Asher",10907595,Right,CHA_14U9,Undefined,3,Top,0,0,0,Undefined,Changeup,BallCalled,Undefined,Undefined,Undefined,0,0,NA,80.91184,1.843787,-3.096762,2076.897104,235.376386,01:45:00,5.13183,1.39883,5.27519,-33.43651,10.63461,13.25843,4.08038,-0.40779,73.32222,-4.335251,-0.750013,0.477803,NA,NA,NA,NA,NA,NA,NA,NA,NA,NA,NA,-7.49741,5.21441,-1.12578,50,5.27635,5.77733,-117.13233,2.64994,-10.35721,23.2918,-24.97061,CHA_14U4,CHA_14U9,USABBCary3,USA Baseball,USA,20250708-USABBCary3-1,c174f510-5bf8-11f0-99ca-3994f1733be8,78.88705,NA,NA,7.58962,NA,NA,NA,NA,NA,NA,13b4cefc-5421-4f51-81c6-689dca042000,2025-07-08,12:40:39,2025-07-08T12:40:39Z,2025-07-08T12:40:39Z,NA,v3,NA,NA,NA,"Silva, Diego",1000333001,Right,CHA_14U4,ed6c1972-ed64-4758-8f94-9d33e26ad730,55.22185,-118.16614,11.6459,5.13413,3.75826,-12.48531,-1.39241,6.23703,-5.17861,NA,NA,NA,NA,NA,NA,NA,NA,NA,NA,NA,NA,NA,NA,NA,NA,NA,NA,NA,NA,NA,NA,NA,NA,NA,NA,NA,NA,NA,NA,NA,NA,NA,NA,NA,NA,NA,NA,NA,NA,NA,NA,NA,NA,NA,NA,NA,NA,NA,NA,High,High,High,NA,NA,NA,NA,NA,NA,NA,NA,NA,NA,NA,NA,NA,NA,NA,NA,NA,NA,NA,NA,NA,NA,NA,NA,NA,NA,NA,NA,NA,NA,NA,NA,NA,NA,NA,NA,NA,NA,NA,NA,NA,NA,NA,NA,NA,NA,NA,NA,NA,NA,NA,NA,NA,NA,NA,NA,NA,NA
NA,NA,NA,NA,NA,NA,NA,NA,NA,NA,NA,NA,NA,NA,NA,NA,67,2025-07-08,08:40:52,1,2,"Mata III, Artemio",10922084,Right,CHA_14U4,"Williams, Asher",10907595,Right,CHA_14U9,Undefined,3,Top,0,1,0,Undefined,Changeup,StrikeCalled,Undefined,Undefined,Undefined,0,0,NA,80.20736,0.608675,-4.335241,2014.414262,230.026788,01:45:00,5.00897,1.34075,5.25358,-32.39132,12.95048,13.4656,2.88329,-1.61844,72.18417,-5.400008,-1.957029,0.484642,NA,NA,NA,NA,NA,NA,NA,NA,NA,NA,NA,-8.04945,6.75382,-0.95271,50,5.04159,8.21461,-115.87923,0.17091,-10.7927,24.46622,-23.11855,CHA_14U4,CHA_14U9,USABBCary3,USA Baseball,USA,20250708-USABBCary3-1,c91f3cd0-5bf8-11f0-99ca-3994f1733be8,77.77384,NA,NA,8.02319,NA,NA,NA,NA,NA,NA,13b4cefc-5421-4f51-81c6-689dca042000,2025-07-08,12:40:52,2025-07-08T12:40:52Z,2025-07-08T12:40:52Z,NA,v3,NA,NA,NA,"Silva, Diego",1000333001,Right,CHA_14U4,16aceb4e-b06a-4b6d-818c-c118ecfd182e,55.24167,-116.98069,12.23311,5.01047,1.21171,-11.55928,-1.33347,8.70049,-5.39635,NA,NA,NA,NA,NA,NA,NA,NA,NA,NA,NA,NA,NA,NA,NA,NA,NA,NA,NA,NA,NA,NA,NA,NA,NA,NA,NA,NA,NA,NA,NA,NA,NA,NA,NA,NA,NA,NA,NA,NA,NA,NA,NA,NA,NA,NA,NA,NA,NA,NA,High,High,High,NA,NA,NA,NA,NA,NA,NA,NA,NA,NA,NA,NA,NA,NA,NA,NA,NA,NA,NA,NA,NA,NA,NA,NA,NA,NA,NA,NA,NA,NA,NA,NA,NA,NA,NA,NA,NA,NA,NA,NA,NA,NA,NA,NA,NA,NA,NA,NA,NA,NA,NA,NA,NA,NA,NA,NA,NA,NA
NA,NA,NA,NA,NA,NA,NA,NA,NA,NA,NA,NA,NA,NA,NA,NA,68,2025-07-08,08:41:06,1,3,"Mata III, Artemio",10922084,Right,CHA_14U4,"Williams, Asher",10907595,Right,CHA_14U9,Undefined,3,Top,0,1,1,Undefined,Changeup,StrikeCalled,Undefined,Undefined,Undefined,0,0,NA,80.24048,-0.17461,-3.924602,2082.274156,238.914773,02:00:00,5.09749,1.15795,5.28505,-34.74029,10.42461,14.55898,2.03811,-1.32011,72.43201,-6.590378,-1.347572,0.483695,NA,NA,NA,NA,NA,NA,NA,NA,NA,NA,NA,-8.45008,5.76551,-0.81051,50,5.05669,7.34304,-116.01573,-1.51764,-11.36432,24.38821,-24.42016,CHA_14U4,CHA_14U9,USABBCary3,USA Baseball,USA,20250708-USABBCary3-1,d1563430-5bf8-11f0-99ca-3994f1733be8,77.92601,NA,NA,7.80846,NA,NA,NA,NA,NA,NA,13b4cefc-5421-4f51-81c6-689dca042000,2025-07-08,12:41:06,2025-07-08T12:41:06Z,2025-07-08T12:41:06Z,NA,v3,NA,NA,NA,"Silva, Diego",1000333001,Right,CHA_14U4,77cf8c98-63bb-4d84-80fc-b020561b062e,55.21045,-117.10592,12.1941,5.10013,-0.42602,-12.21008,-1.15011,7.85104,-5.68216,NA,NA,NA,NA,NA,NA,NA,NA,NA,NA,NA,NA,NA,NA,NA,NA,NA,NA,NA,NA,NA,NA,NA,NA,NA,NA,NA,NA,NA,NA,NA,NA,NA,NA,NA,NA,NA,NA,NA,NA,NA,NA,NA,NA,NA,NA,NA,NA,NA,NA,High,High,High,NA,NA,NA,NA,NA,NA,NA,NA,NA,NA,NA,NA,NA,NA,NA,NA,NA,NA,NA,NA,NA,NA,NA,NA,NA,NA,NA,NA,NA,NA,NA,NA,NA,NA,NA,NA,NA,NA,NA,NA,NA,NA,NA,NA,NA,NA,NA,NA,NA,NA,NA,NA,NA,NA,NA,NA,NA,NA
NA,NA,NA,NA,NA,NA,NA,NA,NA,NA,NA,NA,NA,NA,NA,NA,69,2025-07-08,08:41:19,1,4,"Mata III, Artemio",10922084,Right,CHA_14U4,"Williams, Asher",10907595,Right,CHA_14U9,Undefined,3,Top,0,1,2,Undefined,Curveball,StrikeCalled,Strikeout,Undefined,Undefined,0,0,NA,69.36742,3.469349,-0.685107,1921.577187,68.874864,08:15:00,5.11039,1.24577,5.31826,-63.73011,-4.24414,-15.71024,3.05976,-0.70642,63.73136,-8.117978,-3.472583,0.555109,NA,NA,NA,NA,NA,NA,NA,NA,NA,NA,NA,7.6363,-2.49414,-1.17206,50,5.37896,1.76427,-100.5781,4.13729,7.81485,16.45576,-34.72649,CHA_14U4,CHA_14U9,USABBCary3,USA Baseball,USA,20250708-USABBCary3-1,d95d1ae0-5bf8-11f0-99ca-3994f1733be8,67.90092,NA,NA,5.63606,NA,NA,NA,NA,NA,NA,13b4cefc-5421-4f51-81c6-689dca042000,2025-07-08,12:41:19,2025-07-08T12:41:19Z,2025-07-08T12:41:19Z,NA,v3,NA,NA,NA,"Silva, Diego",1000333001,Right,CHA_14U4,4d7b85fb-fafe-4b1c-8a62-b1aab9e4d8c4,55.18361,-101.42265,8.22788,5.12089,5.91955,-17.36325,-1.25231,1.36319,3.90742,NA,NA,NA,NA,NA,NA,NA,NA,NA,NA,NA,NA,NA,NA,NA,NA,NA,NA,NA,NA,NA,NA,NA,NA,NA,NA,NA,NA,66.6283,NA,NA,0.985962,NA,NA,NA,4.11632,5.3857,0.32998,71.06263,5.08681,-53.90463,4.14621,72.87631,-5.0855,5.43857,14.98327,-15.57098,0.26919,-61.95004,7.11894,High,High,High,NA,NA,High,High,High,NA,NA,NA,NA,NA,NA,NA,NA,NA,NA,NA,NA,NA,NA,NA,NA,NA,NA,NA,NA,NA,NA,NA,NA,NA,NA,NA,NA,NA,NA,NA,NA,NA,NA,NA,NA,NA,NA,NA,NA,NA,NA,NA,NA,NA,NA,NA,NA,NA,NA,NA,NA,NA
NA,NA,NA,NA,NA,NA,NA,NA,NA,NA,NA,NA,NA,NA,NA,NA,70,2025-07-08,08:41:48,2,1,"Mata III, Artemio",10922084,Right,CHA_14U4,"Roy, Jackson",10907312,Right,CHA_14U9,Undefined,3,Top,1,0,0,Undefined,Changeup,InPlay,Undefined,GroundBall,Out,1,0,NA,81.24911,0.471127,-4.424601,1986.69047,250.845783,02:15:00,5.08254,1.29552,5.4494,-35.35947,8.63205,20.07119,2.57832,-1.18251,72.93575,-6.08452,-0.863863,0.477371,77.2069,-17.510035,-10.297207,NA,NA,NA,NA,10.78375,10.78375,-1.637449,0.075346,-11.62489,4.63197,-0.91878,50,5.10022,8.27009,-117.44203,-0.20017,-15.93204,26.12351,-25.8259,CHA_14U4,CHA_14U9,USABBCary3,USA Baseball,USA,20250708-USABBCary3-1,ea39d100-5bf8-11f0-99ca-3994f1733be8,78.95838,2.57459,NA,8.31336,NA,NA,NA,2.7502,2.57459,1.15059,13b4cefc-5421-4f51-81c6-689dca042000,2025-07-08,12:41:48,2025-07-08T12:41:48Z,2025-07-08T12:41:48Z,GroundBall,v3,NA,NA,NA,"Silva, Diego",1000333001,Right,CHA_14U4,08d865b3-9462-4255-8e32-cacd8de39974,55.04934,-118.55988,13.06176,5.08514,0.90493,-12.91295,-1.28725,8.95183,-7.96602,180,2.7464,106.56366,NA,NA,NA,NA,NA,NA,NA,2.57581,-34.17027,NA,NA,NA,NA,NA,NA,NA,1.15128,-19.36054,NA,NA,NA,NA,NA,NA,NA,NA,NA,NA,NA,NA,NA,NA,NA,NA,NA,NA,NA,NA,NA,NA,NA,NA,NA,NA,NA,NA,NA,High,High,High,High,High,NA,NA,NA,NA,NA,NA,NA,NA,NA,NA,NA,NA,NA,NA,NA,NA,NA,NA,NA,NA,NA,NA,NA,NA,NA,NA,NA,NA,NA,NA,NA,NA,NA,NA,NA,NA,NA,NA,NA,NA,NA,NA,NA,NA,NA,NA,NA,NA,NA,NA,NA,NA,NA,NA,NA,NA
NA,NA,NA,NA,NA,NA,NA,NA,NA,NA,NA,NA,NA,NA,NA,NA,71,2025-07-08,08:42:24,3,1,"Mata III, Artemio",10922084,Right,CHA_14U4,"Van Der Post, James",10329532,Right,CHA_14U9,Undefined,3,Top,2,0,0,Undefined,Changeup,FoulBallNotFieldable,Undefined,Undefined,Undefined,0,0,NA,81.38404,1.014253,-2.996815,2021.568378,237.600263,02:00:00,5.08996,1.21943,5.33512,-31.78132,11.99993,16.4045,3.3945,-0.22774,73.23547,-4.895085,-0.087941,0.476229,66.66281,24.047921,162.84657,3652.238763,-107.04309,18.46479,25.33285,155.44588,50.41802,168.114773,2.094611,-9.1139,6.14772,-0.96072,50,5.15937,5.46828,-117.77522,1.03709,-12.61801,25.35577,-23.66264,CHA_14U4,CHA_14U9,USABBCary3,USA Baseball,USA,20250708-USABBCary3-1,ffcd5870-5bf8-11f0-99ca-3994f1733be8,79.14777,21.8946,NA,8.14857,NA,NA,NA,1.45266,3.36963,0.22516,13b4cefc-5421-4f51-81c6-689dca042000,2025-07-08,12:42:24,2025-07-08T12:42:24Z,2025-07-08T12:42:24Z,LineDrive,v3,NA,NA,NA,"Silva, Diego",1000333001,Right,CHA_14U4,7d99d8dd-3141-426d-a8e2-1547f1df8109,55.1609,-118.88112,12.67789,5.09163,2.06914,-11.83132,-1.21122,6.01862,-6.30901,304.200449,1.45267,-85.31456,6.11116,-0.14812,-0.15285,0.14838,-0.08844,0.03531,-0.00577,3.36963,39.84251,-23.38545,2.48801,-0.5355,0.12838,-0.04034,0.01099,-0.00133,0.22515,26.33381,-8.42267,2.3755,-0.62884,0.13455,-0.02236,1.3e-4,8.1e-4,NA,NA,NA,NA,NA,NA,NA,NA,NA,NA,NA,NA,NA,NA,NA,NA,NA,NA,NA,NA,NA,NA,High,High,High,High,Medium,NA,NA,NA,NA,NA,NA,NA,NA,NA,NA,NA,NA,NA,NA,NA,NA,NA,NA,NA,NA,NA,NA,NA,NA,NA,NA,NA,NA,NA,NA,NA,NA,NA,NA,NA,NA,NA,NA,NA,NA,NA,NA,NA,NA,NA,NA,NA,NA,NA,NA,NA,NA,NA,NA,NA,NA
NA,NA,NA,NA,NA,NA,NA,NA,NA,NA,NA,NA,NA,NA,NA,NA,72,2025-07-08,08:42:43,3,2,"Mata III, Artemio",10922084,Right,CHA_14U4,"Van Der Post, James",10329532,Right,CHA_14U9,Undefined,3,Top,2,0,1,Undefined,Changeup,StrikeCalled,Undefined,Undefined,Undefined,0,0,NA,80.69966,0.094401,-3.395389,2143.929812,241.411904,02:00:00,5.07695,1.26441,5.466,-33.88876,10.15571,15.84481,2.3414,-0.59675,73.22435,-6.176991,-0.57888,0.477658,NA,NA,NA,NA,NA,NA,NA,NA,NA,NA,NA,-8.96083,5.54142,-0.97635,50,5.06244,6.28336,-116.87704,-0.91909,-12.29533,23.68217,-24.57056,CHA_14U4,CHA_14U9,USABBCary3,USA Baseball,USA,20250708-USABBCary3-1,0b3e4520-5bf9-11f0-99ca-3994f1733be8,78.91092,NA,NA,7.47531,NA,NA,NA,NA,NA,NA,13b4cefc-5421-4f51-81c6-689dca042000,2025-07-08,12:42:43,2025-07-08T12:42:43Z,2025-07-08T12:42:43Z,NA,v3,NA,NA,NA,"Silva, Diego",1000333001,Right,CHA_14U4,fa1100be-16f7-468e-97ae-e3141052f466,55.03152,-117.89215,11.84108,5.07926,0.13409,-12.28528,-1.25697,6.81038,-6.14766,NA,NA,NA,NA,NA,NA,NA,NA,NA,NA,NA,NA,NA,NA,NA,NA,NA,NA,NA,NA,NA,NA,NA,NA,NA,NA,NA,NA,NA,NA,NA,NA,NA,NA,NA,NA,NA,NA,NA,NA,NA,NA,NA,NA,NA,NA,NA,NA,NA,NA,High,High,High,NA,NA,NA,NA,NA,NA,NA,NA,NA,NA,NA,NA,NA,NA,NA,NA,NA,NA,NA,NA,NA,NA,NA,NA,NA,NA,NA,NA,NA,NA,NA,NA,NA,NA,NA,NA,NA,NA,NA,NA,NA,NA,NA,NA,NA,NA,NA,NA,NA,NA,NA,NA,NA,NA,NA,NA,NA,NA
NA,NA,NA,NA,NA,NA,NA,NA,NA,NA,NA,NA,NA,NA,NA,NA,73,2025-07-08,08:42:58,3,3,"Mata III, Artemio",10922084,Right,CHA_14U4,"Van Der Post, James",10329532,Right,CHA_14U9,Undefined,3,Top,2,0,2,Undefined,Changeup,FoulBallNotFieldable,Undefined,Undefined,Undefined,0,0,NA,79.61207,-0.486486,-2.519728,1832.190842,251.719689,02:30:00,4.94367,1.45466,5.34323,-38.23104,7.09382,16.83221,1.30094,0.49215,72.58425,-7.50132,0.471637,0.484551,NA,NA,NA,NA,NA,NA,NA,NA,NA,NA,NA,-9.283,4.11134,-1.24028,50,4.87242,4.41472,-115.43048,-2.2583,-12.43162,22.97785,-26.66823,CHA_14U4,CHA_14U9,USABBCary3,USA Baseball,USA,20250708-USABBCary3-1,147ac5a0-5bf9-11f0-99ca-3994f1733be8,77.78834,NA,NA,7.02783,NA,NA,NA,NA,NA,NA,13b4cefc-5421-4f51-81c6-689dca042000,2025-07-08,12:42:58,2025-07-08T12:42:58Z,2025-07-08T12:42:58Z,NA,v3,NA,NA,NA,"Silva, Diego",1000333001,Right,CHA_14U4,af13b7a7-6180-4750-a0e4-80c016c6e77f,55.15726,-116.45257,11.48893,4.94649,-1.07206,-13.33412,-1.44895,4.9677,-6.21581,NA,NA,NA,NA,NA,NA,NA,NA,NA,NA,NA,NA,NA,NA,NA,NA,NA,NA,NA,NA,NA,NA,NA,NA,NA,NA,NA,NA,NA,NA,NA,NA,NA,NA,NA,NA,NA,NA,NA,NA,NA,NA,NA,NA,NA,NA,NA,NA,NA,NA,High,High,High,NA,NA,NA,NA,NA,NA,NA,NA,NA,NA,NA,NA,NA,NA,NA,NA,NA,NA,NA,NA,NA,NA,NA,NA,NA,NA,NA,NA,NA,NA,NA,NA,NA,NA,NA,NA,NA,NA,NA,NA,NA,NA,NA,NA,NA,NA,NA,NA,NA,NA,NA,NA,NA,NA,NA,NA,NA,NA
NA,NA,NA,NA,NA,NA,NA,NA,NA,NA,NA,NA,NA,NA,NA,NA,74,2025-07-08,08:43:19,3,4,"Mata III, Artemio",10922084,Right,CHA_14U4,"Van Der Post, James",10329532,Right,CHA_14U9,Undefined,3,Top,2,0,2,Undefined,Curveball,BallCalled,Undefined,Undefined,Undefined,0,0,NA,71.41849,1.61237,-2.828467,2086.389348,62.685558,08:00:00,5.07842,1.18033,5.32759,-62.47503,-5.82618,-14.92682,1.38737,-2.71979,65.41701,-9.714738,-5.475483,0.54171,NA,NA,NA,NA,NA,NA,NA,NA,NA,NA,NA,6.55863,-2.79189,-0.9135,50,5.1798,5.6614,-103.46927,0.93309,7.02593,19.17144,-35.16487,CHA_14U4,CHA_14U9,USABBCary3,USA Baseball,USA,20250708-USABBCary3-1,2096bf60-5bf9-11f0-99ca-3994f1733be8,69.58046,NA,NA,6.00148,NA,NA,NA,NA,NA,NA,13b4cefc-5421-4f51-81c6-689dca042000,2025-07-08,12:43:19,2025-07-08T12:43:19Z,2025-07-08T12:43:19Z,NA,v3,NA,NA,NA,"Silva, Diego",1000333001,Right,CHA_14U4,c6b132f5-1da0-493a-b05a-4152a9bc7ed2,55.17303,-104.42337,9.58572,5.08982,2.68312,-17.58243,-1.18655,5.31175,3.51296,NA,NA,NA,NA,NA,NA,NA,NA,NA,NA,NA,NA,NA,NA,NA,NA,NA,NA,NA,NA,NA,NA,NA,NA,NA,NA,NA,NA,NA,NA,NA,NA,NA,NA,NA,NA,NA,NA,NA,NA,NA,NA,NA,NA,NA,NA,NA,NA,NA,NA,High,High,High,NA,NA,NA,NA,NA,NA,NA,NA,NA,NA,NA,NA,NA,NA,NA,NA,NA,NA,NA,NA,NA,NA,NA,NA,NA,NA,NA,NA,NA,NA,NA,NA,NA,NA,NA,NA,NA,NA,NA,NA,NA,NA,NA,NA,NA,NA,NA,NA,NA,NA,NA,NA,NA,NA,NA,NA,NA,NA
NA,NA,NA,NA,NA,NA,NA,NA,NA,NA,NA,NA,NA,NA,NA,NA,75,2025-07-08,08:43:39,3,5,"Mata III, Artemio",10922084,Right,CHA_14U4,"Van Der Post, James",10329532,Right,CHA_14U9,Undefined,3,Top,2,1,2,Undefined,Curveball,StrikeSwinging,Strikeout,Undefined,Undefined,0,0,NA,69.21114,2.511933,-0.630717,2102.326896,46.007459,07:30:00,5.13778,1.14842,4.98127,-72.96213,-12.07591,-14.58957,1.4315,-0.66304,63.51232,-10.620525,-3.210594,0.561605,NA,NA,NA,NA,NA,NA,NA,NA,NA,NA,NA,6.99886,-6.09272,-1.07516,50,5.32052,1.64399,-100.34936,2.02733,7.06578,17.74496,-38.32502,CHA_14U4,CHA_14U9,USABBCary3,USA Baseball,USA,20250708-USABBCary3-1,2cd7a640-5bf9-11f0-99ca-3994f1733be8,67.11559,NA,NA,5.69882,NA,NA,NA,NA,NA,NA,13b4cefc-5421-4f51-81c6-689dca042000,2025-07-08,12:43:39,2025-07-08T12:43:39Z,2025-07-08T12:43:39Z,NA,v3,NA,NA,NA,"Silva, Diego",1000333001,Right,CHA_14U4,0264d3f6-b0ac-44e0-a145-ec52002db476,55.52227,-101.32117,8.87248,5.15202,4.1262,-19.16251,-1.1546,1.25703,3.53289,NA,NA,NA,NA,NA,NA,NA,NA,NA,NA,NA,NA,NA,NA,NA,NA,NA,NA,NA,NA,NA,NA,NA,NA,NA,NA,NA,NA,NA,NA,NA,NA,NA,NA,NA,NA,NA,NA,NA,NA,NA,NA,NA,NA,NA,NA,NA,NA,NA,NA,High,High,High,NA,NA,NA,NA,NA,NA,NA,NA,NA,NA,NA,NA,NA,NA,NA,NA,NA,NA,NA,NA,NA,NA,NA,NA,NA,NA,NA,NA,NA,NA,NA,NA,NA,NA,NA,NA,NA,NA,NA,NA,NA,NA,NA,NA,NA,NA,NA,NA,NA,NA,NA,NA,NA,NA,NA,NA,NA,NA
NA,NA,NA,NA,NA,NA,NA,NA,NA,NA,NA,NA,NA,NA,NA,NA,76,2025-07-08,08:46:07,1,1,"Head, Paris",10318891,Right,CHA_14U9,"Taylor, Grey",1000339177,Left,CHA_14U4,Undefined,3,Bottom,0,0,0,Undefined,Changeup,StrikeCalled,Undefined,Undefined,Undefined,0,0,NA,80.20113,-1.012327,-1.141,2127.906736,193.023402,12:30:00,5.61331,1.3032300000000001,5.33306,-26.66915,17.89493,3.79378,2.44079,0.5487,73.09181,-5.979021,-0.467108,0.480467,NA,NA,NA,NA,NA,NA,NA,NA,NA,NA,NA,-2.22417,9.70284,-1.20297,50,5.50316,2.15982,-116.29386,-2.88713,-3.03338,22.64893,-18.94107,CHA_14U4,CHA_14U9,USABBCary3,USA Baseball,USA,20250708-USABBCary3-1,84929a70-5bf9-11f0-99ca-3994f1733be8,78.44954,NA,NA,7.10933,NA,NA,NA,NA,NA,NA,13b4cefc-5421-4f51-81c6-689dca042000,2025-07-08,12:46:07,2025-07-08T12:46:07Z,2025-07-08T12:46:07Z,NA,v3,NA,NA,NA,"Williams, Asher",10907595,Right,CHA_14U9,dce211a7-b5af-447a-a522-e1d8862c0ba9,55.16311,-117.2951,11.32447,5.61228,-2.04981,-9.47054,-1.30141,2.29391,-1.51669,NA,NA,NA,NA,NA,NA,NA,NA,NA,NA,NA,NA,NA,NA,NA,NA,NA,NA,NA,NA,NA,NA,NA,NA,NA,NA,NA,NA,NA,NA,NA,NA,NA,NA,NA,NA,NA,NA,NA,NA,NA,NA,NA,NA,NA,NA,NA,NA,NA,NA,High,High,High,NA,NA,NA,NA,NA,NA,NA,NA,NA,NA,NA,NA,NA,NA,NA,NA,NA,NA,NA,NA,NA,NA,NA,NA,NA,NA,NA,NA,NA,NA,NA,NA,NA,NA,NA,NA,NA,NA,NA,NA,NA,NA,NA,NA,NA,NA,NA,NA,NA,NA,NA,NA,NA,NA,NA,NA,NA,NA
NA,NA,NA,NA,NA,NA,NA,NA,NA,NA,NA,NA,NA,NA,NA,NA,77,2025-07-08,08:46:20,1,2,"Head, Paris",10318891,Right,CHA_14U9,"Taylor, Grey",1000339177,Left,CHA_14U4,Undefined,3,Bottom,0,0,1,Undefined,Four-Seam,StrikeCalled,Undefined,Undefined,Undefined,0,0,NA,81.95221,-1.868292,-0.581689,2196.518017,196.439672,12:30:00,5.70717,1.41156,4.87363,-23.79521,19.92411,5.4174,1.95562,1.31256,74.22865,-6.294088,0.372763,0.475892,NA,NA,NA,NA,NA,NA,NA,NA,NA,NA,NA,-2.84374,10.84213,-1.3592,50,5.50429,0.96526,-118.63876,-4.65522,-4.01092,24.89938,-16.88182,CHA_14U4,CHA_14U9,USABBCary3,USA Baseball,USA,20250708-USABBCary3-1,8c71d4e0-5bf9-11f0-99ca-3994f1733be8,79.20381,NA,NA,7.72357,NA,NA,NA,NA,NA,NA,13b4cefc-5421-4f51-81c6-689dca042000,2025-07-08,12:46:20,2025-07-08T12:46:20Z,2025-07-08T12:46:20Z,NA,v3,NA,NA,NA,"Williams, Asher",10907595,Right,CHA_14U9,62690842-7501-4f22-8bb7-6945657ec352,55.62209,-119.81289,12.44969,5.70504,-3.85916,-8.44091,-1.40917,1.1544,-2.00546,NA,NA,NA,NA,NA,NA,NA,NA,NA,NA,NA,NA,NA,NA,NA,NA,NA,NA,NA,NA,NA,NA,NA,NA,NA,NA,NA,NA,NA,NA,NA,NA,NA,NA,NA,NA,NA,NA,NA,NA,NA,NA,NA,NA,NA,NA,NA,NA,NA,NA,High,High,High,NA,NA,NA,NA,NA,NA,NA,NA,NA,NA,NA,NA,NA,NA,NA,NA,NA,NA,NA,NA,NA,NA,NA,NA,NA,NA,NA,NA,NA,NA,NA,NA,NA,NA,NA,NA,NA,NA,NA,NA,NA,NA,NA,NA,NA,NA,NA,NA,NA,NA,NA,NA,NA,NA,NA,NA,NA,NA
NA,NA,NA,NA,NA,NA,NA,NA,NA,NA,NA,NA,NA,NA,NA,NA,78,2025-07-08,08:46:35,1,3,"Head, Paris",10318891,Right,CHA_14U9,"Taylor, Grey",1000339177,Left,CHA_14U4,Undefined,3,Bottom,0,0,2,Undefined,Changeup,BallCalled,Undefined,Undefined,Undefined,0,0,NA,75.94267,-1.523037,-0.61996,1362.147962,265.023006,02:45:00,5.36972,1.52913,5.10089,-47.56951,2.54339,10.39465,-0.02998,1.81115,69.89827,-10.118845,1.224292,0.509502,NA,NA,NA,NA,NA,NA,NA,NA,NA,NA,NA,-5.3928,2.14949,-1.47926,50,5.18863,0.78966,-110.15435,-4.53406,-6.59303,20.47892,-29.54615,CHA_14U4,CHA_14U9,USABBCary3,USA Baseball,USA,20250708-USABBCary3-1,95909430-5bf9-11f0-99ca-3994f1733be8,73.97894,NA,NA,6.0444,NA,NA,NA,NA,NA,NA,13b4cefc-5421-4f51-81c6-689dca042000,2025-07-08,12:46:35,2025-07-08T12:46:35Z,2025-07-08T12:46:35Z,NA,v3,NA,NA,NA,"Williams, Asher",10907595,Right,CHA_14U9,5a41727c-de17-4cb9-9373-e8525e725c6d,55.39949,-111.15365,10.23946,5.3747,-3.09232,-14.77307,-1.52564,1.11137,-3.29652,NA,NA,NA,NA,NA,NA,NA,NA,NA,NA,NA,NA,NA,NA,NA,NA,NA,NA,NA,NA,NA,NA,NA,NA,NA,NA,NA,NA,NA,NA,NA,NA,NA,NA,NA,NA,NA,NA,NA,NA,NA,NA,NA,NA,NA,NA,NA,NA,NA,NA,High,High,High,NA,NA,NA,NA,NA,NA,NA,NA,NA,NA,NA,NA,NA,NA,NA,NA,NA,NA,NA,NA,NA,NA,NA,NA,NA,NA,NA,NA,NA,NA,NA,NA,NA,NA,NA,NA,NA,NA,NA,NA,NA,NA,NA,NA,NA,NA,NA,NA,NA,NA,NA,NA,NA,NA,NA,NA,NA,NA
NA,NA,NA,NA,NA,NA,NA,NA,NA,NA,NA,NA,NA,NA,NA,NA,79,2025-07-08,08:46:52,1,4,"Head, Paris",10318891,Right,CHA_14U9,"Taylor, Grey",1000339177,Left,CHA_14U4,Undefined,3,Bottom,0,1,2,Undefined,Changeup,BallCalled,Undefined,Undefined,Undefined,0,0,NA,81.78173,-1.217878,0.553864,2259.772359,200.78969,12:45:00,5.4948,1.31862,5.26234,-25.99525,17.41379,6.00874,2.18413,2.3397,73.81997,-6.074858,1.619967,0.4742,NA,NA,NA,NA,NA,NA,NA,NA,NA,NA,NA,-2.82083,9.55201,-1.37393,50,5.36482,-1.39956,-118.457,-3.34575,-3.94761,25.81371,-18.80649,CHA_14U4,CHA_14U9,USABBCary3,USA Baseball,USA,20250708-USABBCary3-1,9f689160-5bf9-11f0-99ca-3994f1733be8,79.48635,NA,NA,7.96176,NA,NA,NA,NA,NA,NA,13b4cefc-5421-4f51-81c6-689dca042000,2025-07-08,12:46:52,2025-07-08T12:46:52Z,2025-07-08T12:46:52Z,NA,v3,NA,NA,NA,"Williams, Asher",10907595,Right,CHA_14U9,e00aed39-1f19-4d0b-a6ce-1a4d140e84b2,55.23326,-119.59197,12.90685,5.49374,-2.51887,-9.40325,-1.31621,-1.22599,-1.97381,NA,NA,NA,NA,NA,NA,NA,NA,NA,NA,NA,NA,NA,NA,NA,NA,NA,NA,NA,NA,NA,NA,NA,NA,NA,NA,NA,NA,NA,NA,NA,NA,NA,NA,NA,NA,NA,NA,NA,NA,NA,NA,NA,NA,NA,NA,NA,NA,NA,NA,High,High,High,NA,NA,NA,NA,NA,NA,NA,NA,NA,NA,NA,NA,NA,NA,NA,NA,NA,NA,NA,NA,NA,NA,NA,NA,NA,NA,NA,NA,NA,NA,NA,NA,NA,NA,NA,NA,NA,NA,NA,NA,NA,NA,NA,NA,NA,NA,NA,NA,NA,NA,NA,NA,NA,NA,NA,NA,NA,NA
NA,NA,NA,NA,NA,NA,NA,NA,NA,NA,NA,NA,NA,NA,NA,NA,80,2025-07-08,08:47:06,1,5,"Head, Paris",10318891,Right,CHA_14U9,"Taylor, Grey",1000339177,Left,CHA_14U4,Undefined,3,Bottom,0,2,2,Undefined,Changeup,FoulBallNotFieldable,Undefined,Undefined,Undefined,0,0,NA,81.39666,-0.906798,-0.56047,2177.156162,207.497606,01:00:00,5.61687,1.27397,5.24399,-26.81143,16.84863,7.96788,2.53026,1.41121,73.73237,-5.902386,0.852926,0.475569,62.68738,16.358301,-51.038046,3046.16023,NA,NA,NA,119.81152,119.81152,-55.080527,1.620271,-4.15748,9.14674,-1.22868,50,5.51427,0.8201,-117.9718,-2.72968,-5.79467,24.74454,-19.42541,CHA_14U4,CHA_14U9,USABBCary3,USA Baseball,USA,20250708-USABBCary3-1,a7f8cc50-5bf9-11f0-99ca-3994f1733be8,79.25754,11.79517,NA,7.66429,NA,NA,NA,0.56001,2.36166,-1.3714,13b4cefc-5421-4f51-81c6-689dca042000,2025-07-08,12:47:06,2025-07-08T12:47:06Z,2025-07-08T12:47:06Z,GroundBall,v3,NA,NA,NA,"Williams, Asher",10907595,Right,CHA_14U9,55be4220-5cc5-4799-bd91-65556ccbd527,55.25272,-119.06846,12.37227,5.61617,-1.86876,-9.71271,-1.27072,1.07691,-2.89733,NA,0.56001,55.47278,-10.20652,1.53235,-0.28212,0.04148,-0.00721,0.00121,-1e-4,2.36166,25.89465,-18.69743,1.43469,-0.26239,0.05205,-0.00757,0.00121,-1.3e-4,-1.3714,-68.59626,7.2552,-1.56825,0.36123,-0.06934,0.01308,-0.00207,1.7e-4,NA,NA,NA,NA,NA,NA,NA,NA,NA,NA,NA,NA,NA,NA,NA,NA,NA,NA,NA,NA,NA,NA,High,High,High,Medium,High,NA,NA,NA,NA,NA,NA,NA,NA,NA,NA,NA,NA,NA,NA,NA,NA,NA,NA,NA,NA,NA,NA,NA,NA,NA,NA,NA,NA,NA,NA,NA,NA,NA,NA,NA,NA,NA,NA,NA,NA,NA,NA,NA,NA,NA,NA,NA,NA,NA,NA,NA,NA,NA,NA,NA,NA
NA,NA,NA,NA,NA,NA,NA,NA,NA,NA,NA,NA,NA,NA,NA,NA,81,2025-07-08,08:47:27,1,6,"Head, Paris",10318891,Right,CHA_14U9,"Taylor, Grey",1000339177,Left,CHA_14U4,Undefined,3,Bottom,0,2,2,Undefined,Curveball,BallCalled,Undefined,Undefined,Undefined,0,0,NA,66.5627,5.968789,3.42782,2776.674753,40.954092,07:15:00,5.46205,1.53393,4.67372,-83.66445,-16.61568,-16.34269,4.18968,3.43151,60.59415,-9.000907,0.572023,0.589341,NA,NA,NA,NA,NA,NA,NA,NA,NA,NA,NA,8.88741,-9.03607,-1.86765,50,5.9966,-5.13463,-95.96473,7.3004,8.24856,15.50687,-40.56059,CHA_14U4,CHA_14U9,USABBCary3,USA Baseball,USA,20250708-USABBCary3-1,b45f63a0-5bf9-11f0-99ca-3994f1733be8,63.9569,NA,NA,5.96855,NA,NA,NA,NA,NA,NA,13b4cefc-5421-4f51-81c6-689dca042000,2025-07-08,12:47:27,2025-07-08T12:47:27Z,2025-07-08T12:47:27Z,NA,v3,NA,NA,NA,"Williams, Asher",10907595,Right,CHA_14U9,9e07f8f1-fdbe-4db1-bd2a-108273139133,55.83264,-96.90264,7.75344,5.48086,9.75364,-20.2803,-1.54201,-5.63353,4.12428,NA,NA,NA,NA,NA,NA,NA,NA,NA,NA,NA,NA,NA,NA,NA,NA,NA,NA,NA,NA,NA,NA,NA,NA,NA,NA,NA,NA,NA,NA,NA,NA,NA,NA,NA,NA,NA,NA,NA,NA,NA,NA,NA,NA,NA,NA,NA,NA,NA,NA,High,High,High,NA,NA,NA,NA,NA,NA,NA,NA,NA,NA,NA,NA,NA,NA,NA,NA,NA,NA,NA,NA,NA,NA,NA,NA,NA,NA,NA,NA,NA,NA,NA,NA,NA,NA,NA,NA,NA,NA,NA,NA,NA,NA,NA,NA,NA,NA,NA,NA,NA,NA,NA,NA,NA,NA,NA,NA,NA,NA
NA,NA,NA,NA,NA,NA,NA,NA,NA,NA,NA,NA,NA,NA,NA,NA,82,2025-07-08,08:47:43,1,7,"Head, Paris",10318891,Right,CHA_14U9,"Taylor, Grey",1000339177,Left,CHA_14U4,Undefined,3,Bottom,0,3,2,Undefined,Four-Seam,BallCalled,Walk,Undefined,Undefined,0,0,NA,82.55525,-0.957197,0.296589,2222.179065,188.514808,12:15:00,5.57071,1.43018,5.18133,-22.58568,19.96556,2.76362,2.78785,1.93955,74.68413,-5.198841,0.7861,0.469491,NA,NA,NA,NA,NA,NA,NA,NA,NA,NA,NA,-1.27457,10.65969,-1.4599,50,5.46526,-0.74006,-119.6056,-2.70249,-1.82743,25.27453,-16.8908,CHA_14U4,CHA_14U9,USABBCary3,USA Baseball,USA,20250708-USABBCary3-1,bde57040-5bf9-11f0-99ca-3994f1733be8,80.28357,NA,NA,7.87113,NA,NA,NA,NA,NA,NA,13b4cefc-5421-4f51-81c6-689dca042000,2025-07-08,12:47:43,2025-07-08T12:47:43Z,2025-07-08T12:47:43Z,NA,v3,NA,NA,NA,"Williams, Asher",10907595,Right,CHA_14U9,3a3c00fb-dec9-4b6b-8d24-5e2b3d514363,55.31317,-120.72313,12.63726,5.56824,-1.95565,-8.4454,-1.42897,-0.65926,-0.91371,NA,NA,NA,NA,NA,NA,NA,NA,NA,NA,NA,NA,NA,NA,NA,NA,NA,NA,NA,NA,NA,NA,NA,NA,NA,NA,NA,NA,NA,NA,NA,NA,NA,NA,NA,NA,NA,NA,NA,NA,NA,NA,NA,NA,NA,NA,NA,NA,NA,NA,High,High,High,NA,NA,NA,NA,NA,NA,NA,NA,NA,NA,NA,NA,NA,NA,NA,NA,NA,NA,NA,NA,NA,NA,NA,NA,NA,NA,NA,NA,NA,NA,NA,NA,NA,NA,NA,NA,NA,NA,NA,NA,NA,NA,NA,NA,NA,NA,NA,NA,NA,NA,NA,NA,NA,NA,NA,NA,NA,NA
NA,NA,NA,NA,NA,NA,NA,NA,NA,NA,NA,NA,NA,NA,NA,NA,83,2025-07-08,08:48:14,2,1,"Head, Paris",10318891,Right,CHA_14U9,"Mata III, Artemio",10922084,Right,CHA_14U4,Undefined,3,Bottom,0,0,0,Undefined,Curveball,StrikeCalled,Undefined,Undefined,Undefined,0,0,NA,66.87969,5.183142,-0.061203,2737.857968,27.569825,07:00:00,5.51227,1.02334,4.51443,-85.14485,-18.48698,-10.81028,3.3675,0.06419,61.03188,-10.016039,-1.951912,0.587621,NA,NA,NA,NA,NA,NA,NA,NA,NA,NA,NA,5.21181,-9.85934,-1.00589,50,5.97366,0.51026,-96.65849,5.91823,4.88732,16.30369,-41.41954,CHA_14U4,CHA_14U9,USABBCary3,USA Baseball,USA,20250708-USABBCary3-1,d0c06760-5bf9-11f0-99ca-3994f1733be8,64.14416,NA,NA,5.84781,NA,NA,NA,NA,NA,NA,13b4cefc-5421-4f51-81c6-689dca042000,2025-07-08,12:48:14,2025-07-08T12:48:14Z,2025-07-08T12:48:14Z,NA,v3,NA,NA,NA,"Williams, Asher",10907595,Right,CHA_14U9,7861dce4-466c-4db6-acf5-63e0188cacbf,55.99172,-97.6639,8.15184,5.52993,8.47249,-20.70977,-1.02806,0.20887,2.44366,NA,NA,NA,NA,NA,NA,NA,NA,NA,NA,NA,NA,NA,NA,NA,NA,NA,NA,NA,NA,NA,NA,NA,NA,NA,NA,NA,NA,NA,NA,NA,NA,NA,NA,NA,NA,NA,NA,NA,NA,NA,NA,NA,NA,NA,NA,NA,NA,NA,NA,High,High,High,NA,NA,NA,NA,NA,NA,NA,NA,NA,NA,NA,NA,NA,NA,NA,NA,NA,NA,NA,NA,NA,NA,NA,NA,NA,NA,NA,NA,NA,NA,NA,NA,NA,NA,NA,NA,NA,NA,NA,NA,NA,NA,NA,NA,NA,NA,NA,NA,NA,NA,NA,NA,NA,NA,NA,NA,NA,NA
NA,NA,NA,NA,NA,NA,NA,NA,NA,NA,NA,NA,NA,NA,NA,NA,84,2025-07-08,08:48:30,2,2,"Head, Paris",10318891,Right,CHA_14U9,"Mata III, Artemio",10922084,Right,CHA_14U4,Undefined,3,Bottom,0,0,1,Undefined,Curveball,BallCalled,Undefined,Undefined,Undefined,0,0,NA,68.00153,5.3985,0.154563,2813.008962,22.986016,06:45:00,5.44536,1.12869,4.57184,-81.78689,-17.41414,-8.30024,3.78191,0.58408,61.9058,-9.229462,-1.297914,0.577461,NA,NA,NA,NA,NA,NA,NA,NA,NA,NA,NA,4.05571,-9.36666,-1.13643,50,5.92894,0.0536,-98.23764,6.50817,3.93076,16.75784,-41.25211,CHA_14U4,CHA_14U9,USABBCary3,USA Baseball,USA,20250708-USABBCary3-1,da49a850-5bf9-11f0-99ca-3994f1733be8,65.27273,NA,NA,6.09573,NA,NA,NA,NA,NA,NA,13b4cefc-5421-4f51-81c6-689dca042000,2025-07-08,12:48:30,2025-07-08T12:48:30Z,2025-07-08T12:48:30Z,NA,v3,NA,NA,NA,"Williams, Asher",10907595,Right,CHA_14U9,5546faa7-02e1-4b8e-87ed-23d3b9f5de0c,55.93326,-99.2446,8.37892,5.4634,8.98697,-20.62605,-1.13256,-0.1826,1.96538,NA,NA,NA,NA,NA,NA,NA,NA,NA,NA,NA,NA,NA,NA,NA,NA,NA,NA,NA,NA,NA,NA,NA,NA,NA,NA,NA,NA,68.85303,1.853855,0.875827,0.978027,-1.28905,3.32324,-0.52107,-4.03861,6.26106,3.03496,61.59592,0.42106,63.3566,-3.98039,76.53496,-9.77325,6.29295,8.19498,-14.56116,3.0364,64.29761,-2.68329,High,High,High,NA,NA,High,Medium,Medium,NA,NA,NA,NA,NA,NA,NA,NA,NA,NA,NA,NA,NA,NA,NA,NA,NA,NA,NA,NA,NA,NA,NA,NA,NA,NA,NA,NA,NA,NA,NA,NA,NA,NA,NA,NA,NA,NA,NA,NA,NA,NA,NA,NA,NA,NA,NA,NA,NA,NA,NA,NA,NA
NA,NA,NA,NA,NA,NA,NA,NA,NA,NA,NA,NA,NA,NA,NA,NA,85,2025-07-08,08:49:11,2,3,"Head, Paris",10318891,Right,CHA_14U9,"Mata III, Artemio",10922084,Right,CHA_14U4,Undefined,3,Bottom,0,1,1,Undefined,Changeup,InPlay,Undefined,Bunt,Sacrifice,1,0,NA,80.95058,0.419845,-2.117464,2158.819763,198.999966,12:45:00,5.6499,0.96872,5.14401,-26.19942,17.88269,5.65402,3.86219,-0.5547,73.58171,-4.458478,-1.117931,0.477862,21.60825,18.487191,-8.915908,1008.568106,NA,NA,NA,29.00248,28.97325,-7.537348,0.912767,-3.45579,9.21918,-0.77508,50,5.66971,4.10484,-117.33867,0.01328,-4.79473,23.20616,-19.383,CHA_14U4,CHA_14U9,USABBCary3,USA Baseball,USA,20250708-USABBCary3-1,f29f0ee0-5bf9-11f0-99ca-3994f1733be8,78.87722,5.56217,NA,7.36887,NA,NA,NA,2.8436,3.99996,0.53929,13b4cefc-5421-4f51-81c6-689dca042000,2025-07-08,12:49:11,2025-07-08T12:49:11Z,2025-07-08T12:49:11Z,GroundBall,v3,NA,NA,NA,"Williams, Asher",10907595,Right,CHA_14U9,3d590f96-4830-45aa-9152-af7576fc9138,55.35454,-118.3929,11.60308,5.6491,0.89384,-9.6915,-0.96651,4.32266,-2.39737,128.780338,2.8436,29.69321,-1.71089,0.34329,0.35666,-1.62725,2.47154,-1.6875,0.44809,3.99996,10.0495,-16.35035,0.66339,-0.34732,0.75114,-0.81887,0.43467,-0.09649,0.53929,-4.65832,-0.13489,0.12609,-0.08634,-0.07269,0.06987,-0.02264,0.0052,NA,NA,NA,NA,NA,NA,NA,NA,NA,NA,NA,NA,NA,NA,NA,NA,NA,NA,NA,NA,NA,NA,High,High,High,High,High,NA,NA,NA,NA,NA,NA,NA,NA,NA,NA,NA,NA,NA,NA,NA,NA,NA,NA,NA,NA,NA,NA,NA,NA,NA,NA,NA,NA,NA,NA,NA,NA,NA,NA,NA,NA,NA,NA,NA,NA,NA,NA,NA,NA,NA,NA,NA,NA,NA,NA,NA,NA,NA,NA,NA,NA
NA,NA,NA,NA,NA,NA,NA,NA,NA,NA,NA,NA,NA,NA,NA,NA,86,2025-07-08,08:49:59,3,1,"Head, Paris",10318891,Right,CHA_14U9,"Holder, Carter",1000339176,Right,CHA_14U4,Undefined,3,Bottom,1,0,0,Undefined,Curveball,FoulBallNotFieldable,Undefined,Undefined,Undefined,0,0,NA,67.03501,4.421935,0.300344,2748.397659,28.248038,07:00:00,5.50197,1.30265,4.73187,-86.36509,-19.69989,-11.9326,2.50855,0.59322,60.52861,-11.090712,-1.798527,0.587653,NA,NA,NA,NA,NA,NA,NA,NA,NA,NA,NA,5.99079,-10.66859,-1.3214,50,5.87052,-0.07409,-96.86258,4.69824,5.55011,18.636,-42.05782,CHA_14U4,CHA_14U9,USABBCary3,USA Baseball,USA,20250708-USABBCary3-1,0ee42630-5bfa-11f0-99ca-3994f1733be8,64.14063,NA,NA,6.50641,NA,NA,NA,NA,NA,NA,13b4cefc-5421-4f51-81c6-689dca042000,2025-07-08,12:49:59,2025-07-08T12:49:59Z,2025-07-08T12:49:59Z,NA,v3,NA,NA,NA,"Williams, Asher",10907595,Right,CHA_14U9,f8f55320-fbdf-4fdc-a73e-c0376baae0b0,55.77302,-97.96699,9.318,5.51824,7.19069,-21.02891,-1.30726,-0.40301,2.77505,NA,NA,NA,NA,NA,NA,NA,NA,NA,NA,NA,NA,NA,NA,NA,NA,NA,NA,NA,NA,NA,NA,NA,NA,NA,NA,NA,NA,NA,NA,NA,NA,NA,NA,NA,NA,NA,NA,NA,NA,NA,NA,NA,NA,NA,NA,NA,NA,NA,NA,High,High,High,NA,NA,NA,NA,NA,NA,NA,NA,NA,NA,NA,NA,NA,NA,NA,NA,NA,NA,NA,NA,NA,NA,NA,NA,NA,NA,NA,NA,NA,NA,NA,NA,NA,NA,NA,NA,NA,NA,NA,NA,NA,NA,NA,NA,NA,NA,NA,NA,NA,NA,NA,NA,NA,NA,NA,NA,NA,NA
NA,NA,NA,NA,NA,NA,NA,NA,NA,NA,NA,NA,NA,NA,NA,NA,87,2025-07-08,08:50:30,3,2,"Head, Paris",10318891,Right,CHA_14U9,"Holder, Carter",1000339176,Right,CHA_14U4,Undefined,3,Bottom,1,0,1,Undefined,Curveball,BallCalled,Undefined,Undefined,Undefined,0,0,NA,65.78957,8.009991,1.153045,2704.088514,41.485743,07:30:00,5.57448,1.3483,4.54428,-88.73028,-17.62088,-18.14847,5.85753,0.93379,58.11813,-7.931802,-2.007782,0.606925,NA,NA,NA,NA,NA,NA,NA,NA,NA,NA,NA,9.05823,-10.39205,-1.44994,50,6.32989,-1.1957,-94.26972,10.3371,7.90781,18.31763,-41.24628,CHA_14U4,CHA_14U9,USABBCary3,USA Baseball,USA,20250708-USABBCary3-1,21b3aba0-5bfa-11f0-99ca-3994f1733be8,62.10397,NA,NA,7.67144,NA,NA,NA,NA,NA,NA,13b4cefc-5421-4f51-81c6-689dca042000,2025-07-08,12:50:30,2025-07-08T12:50:30Z,2025-07-08T12:50:30Z,NA,v3,NA,NA,NA,"Williams, Asher",10907595,Right,CHA_14U9,a6281305-b136-4260-be4f-942d69f1e788,55.95774,-95.42035,9.15882,5.59919,12.92801,-20.62314,-1.35924,-1.69243,3.95391,NA,NA,NA,NA,NA,NA,NA,NA,NA,NA,NA,NA,NA,NA,NA,NA,NA,NA,NA,NA,NA,NA,NA,NA,NA,NA,NA,NA,NA,NA,NA,NA,NA,NA,NA,NA,NA,NA,NA,NA,NA,NA,NA,NA,NA,NA,NA,NA,NA,NA,High,High,High,NA,NA,NA,NA,NA,NA,NA,NA,NA,NA,NA,NA,NA,NA,NA,NA,NA,NA,NA,NA,NA,NA,NA,NA,NA,NA,NA,NA,NA,NA,NA,NA,NA,NA,NA,NA,NA,NA,NA,NA,NA,NA,NA,NA,NA,NA,NA,NA,NA,NA,NA,NA,NA,NA,NA,NA,NA,NA
NA,NA,NA,NA,NA,NA,NA,NA,NA,NA,NA,NA,NA,NA,NA,NA,88,2025-07-08,08:50:50,3,3,"Head, Paris",10318891,Right,CHA_14U9,"Holder, Carter",1000339176,Right,CHA_14U4,Undefined,3,Bottom,1,1,1,Undefined,Changeup,FoulBallNotFieldable,Undefined,Undefined,Undefined,0,0,NA,80.36374,0.240333,-0.901002,2091.124067,204.391642,12:45:00,5.54877,1.21405,5.34721,-26.67395,18.45588,7.5791,3.55141,1.00043,71.85509,-4.791397,0.44528,0.483507,NA,NA,NA,NA,NA,NA,NA,NA,NA,NA,NA,-4.07288,9.64158,-1.13841,50,5.55214,1.50901,-116.31497,-0.31952,-5.45619,26.32038,-19.25784,CHA_14U4,CHA_14U9,USABBCary3,USA Baseball,USA,20250708-USABBCary3-1,2d4b0c10-5bfa-11f0-99ca-3994f1733be8,77.95628,NA,NA,8.50865,NA,NA,NA,NA,NA,NA,13b4cefc-5421-4f51-81c6-689dca042000,2025-07-08,12:50:50,2025-07-08T12:50:50Z,2025-07-08T12:50:50Z,NA,v3,NA,NA,NA,"Williams, Asher",10907595,Right,CHA_14U9,322b1f48-9430-415a-a262-94c70f0e314c,55.14573,-117.47361,13.16019,5.54755,0.52822,-9.62892,-1.21012,1.7492,-2.7281,NA,NA,NA,NA,NA,NA,NA,NA,NA,NA,NA,NA,NA,NA,NA,NA,NA,NA,NA,NA,NA,NA,NA,NA,NA,NA,NA,NA,NA,NA,NA,NA,NA,NA,NA,NA,NA,NA,NA,NA,NA,NA,NA,NA,NA,NA,NA,NA,NA,NA,High,High,High,NA,NA,NA,NA,NA,NA,NA,NA,NA,NA,NA,NA,NA,NA,NA,NA,NA,NA,NA,NA,NA,NA,NA,NA,NA,NA,NA,NA,NA,NA,NA,NA,NA,NA,NA,NA,NA,NA,NA,NA,NA,NA,NA,NA,NA,NA,NA,NA,NA,NA,NA,NA,NA,NA,NA,NA,NA,NA
NA,NA,NA,NA,NA,NA,NA,NA,NA,NA,NA,NA,NA,NA,NA,NA,89,2025-07-08,08:51:10,3,4,"Head, Paris",10318891,Right,CHA_14U9,"Holder, Carter",1000339176,Right,CHA_14U4,Undefined,3,Bottom,1,1,2,Undefined,Curveball,BallCalled,Undefined,Undefined,Undefined,0,0,NA,68.54106,2.203983,-0.211753,2840.441126,38.542898,07:15:00,5.60597,1.04563,4.62787,-81.29556,-17.50332,-15.83485,0.9274,-0.47522,62.30653,-12.329162,-2.99945,0.574851,NA,NA,NA,NA,NA,NA,NA,NA,NA,NA,NA,7.64485,-8.61989,-1.00844,50,5.75722,0.96899,-99.21699,1.07563,7.42732,19.62334,-40.54866,CHA_14U4,CHA_14U9,USABBCary3,USA Baseball,USA,20250708-USABBCary3-1,3963d180-5bfa-11f0-99ca-3994f1733be8,65.56905,NA,NA,6.23453,NA,NA,NA,NA,NA,NA,13b4cefc-5421-4f51-81c6-689dca042000,2025-07-08,12:51:10,2025-07-08T12:51:10Z,2025-07-08T12:51:10Z,NA,v3,NA,NA,NA,"Williams, Asher",10907595,Right,CHA_14U9,3e4a3035-71ce-4333-bc4d-0f4685758fec,55.87594,-100.37242,9.81167,5.6236,3.46315,-20.27433,-1.05261,0.53167,3.71366,NA,NA,NA,NA,NA,NA,NA,NA,NA,NA,NA,NA,NA,NA,NA,NA,NA,NA,NA,NA,NA,NA,NA,NA,NA,NA,NA,NA,NA,NA,NA,NA,NA,NA,NA,NA,NA,NA,NA,NA,NA,NA,NA,NA,NA,NA,NA,NA,NA,NA,High,High,High,NA,NA,NA,NA,NA,NA,NA,NA,NA,NA,NA,NA,NA,NA,NA,NA,NA,NA,NA,NA,NA,NA,NA,NA,NA,NA,NA,NA,NA,NA,NA,NA,NA,NA,NA,NA,NA,NA,NA,NA,NA,NA,NA,NA,NA,NA,NA,NA,NA,NA,NA,NA,NA,NA,NA,NA,NA,NA
NA,NA,NA,NA,NA,NA,NA,NA,NA,NA,NA,NA,NA,NA,NA,NA,90,2025-07-08,08:51:32,3,5,"Head, Paris",10318891,Right,CHA_14U9,"Holder, Carter",1000339176,Right,CHA_14U4,Undefined,3,Bottom,1,2,2,Undefined,Curveball,BallCalled,Undefined,Undefined,Undefined,0,0,NA,67.34722,2.136386,-0.495416,2775.842928,49.141837,07:45:00,5.4564,1.41834,4.77217,-80.10028,-15.07288,-19.96107,0.80777,-0.71476,61.90808,-12.186477,-4.016362,0.58039,NA,NA,NA,NA,NA,NA,NA,NA,NA,NA,NA,9.63123,-7.41851,-1.35031,50,5.59985,1.57442,-97.64043,1.04088,9.16018,17.49739,-39.22971,CHA_14U4,CHA_14U9,USABBCary3,USA Baseball,USA,20250708-USABBCary3-1,46b7fd20-5bfa-11f0-99ca-3994f1733be8,64.94335,NA,NA,5.43915,NA,NA,NA,NA,NA,NA,13b4cefc-5421-4f51-81c6-689dca042000,2025-07-08,12:51:32,2025-07-08T12:51:32Z,2025-07-08T12:51:32Z,NA,v3,NA,NA,NA,"Williams, Asher",10907595,Right,CHA_14U9,b3886c07-b4c7-4d83-b2f7-75e3358d1112,55.73327,-98.6625,8.74869,5.47213,3.33239,-19.61485,-1.42665,1.03935,4.58009,NA,NA,NA,NA,NA,NA,NA,NA,NA,NA,NA,NA,NA,NA,NA,NA,NA,NA,NA,NA,NA,NA,NA,NA,NA,NA,NA,NA,69.76986,NA,NA,0.99939,NA,NA,NA,-0.97767,6.35262,2.62711,65.49632,0.39051,-59.46678,-0.96975,70.02569,-3.53059,6.37673,6.91217,-12.93825,2.54028,-72.95278,11.00817,High,High,High,NA,NA,High,High,High,NA,NA,NA,NA,NA,NA,NA,NA,NA,NA,NA,NA,NA,NA,NA,NA,NA,NA,NA,NA,NA,NA,NA,NA,NA,NA,NA,NA,NA,NA,NA,NA,NA,NA,NA,NA,NA,NA,NA,NA,NA,NA,NA,NA,NA,NA,NA,NA,NA,NA,NA,NA,NA
NA,NA,NA,NA,NA,NA,NA,NA,NA,NA,NA,NA,NA,NA,NA,NA,91,2025-07-08,08:51:59,3,6,"Head, Paris",10318891,Right,CHA_14U9,"Holder, Carter",1000339176,Right,CHA_14U4,Undefined,3,Bottom,1,3,2,Undefined,Changeup,FoulBallNotFieldable,Undefined,Undefined,Undefined,0,0,NA,81.12727,0.369622,-1.058926,2149.996466,202.230551,12:45:00,5.54476,1.03851,5.37398,-27.01179,16.67005,6.19563,3.64038,0.56193,73.43704,-4.683636,0.042054,0.475688,66.2978,51.069739,172.021578,3225.38454,NA,NA,NA,NA,41.69163,NA,NA,-3.45374,8.6978,-0.94826,50,5.5593,1.92217,-117.63144,-0.09023,-4.78994,24.43575,-20.11126,CHA_14U4,CHA_14U9,USABBCary3,USA Baseball,USA,20250708-USABBCary3-1,56e1de00-5bfa-11f0-99ca-3994f1733be8,79.2378,45.54152,NA,7.69022,NA,NA,NA,2.19925,3.84087,-0.51137,13b4cefc-5421-4f51-81c6-689dca042000,2025-07-08,12:51:59,2025-07-08T12:51:59Z,2025-07-08T12:51:59Z,NA,v3,NA,NA,NA,"Williams, Asher",10907595,Right,CHA_14U9,e6eba292-800d-4b29-bc74-f87c475bda04,55.12376,-118.69103,12.21788,5.5443,0.78184,-10.05563,-1.03612,2.12988,-2.39497,349.297771,2.19925,-60.50953,0.50294,1.47944,-0.50135,0.14542,-0.03227,0.00794,-0.00125,3.84087,75.64147,-28.01895,3.76275,-0.76673,0.12998,-0.01864,0.00251,2.3e-4,-0.51137,8.48082,-2.20635,-0.3164,0.16606,-0.06046,0.01437,-0.00393,7.2e-4,NA,NA,NA,NA,NA,NA,NA,NA,NA,NA,NA,NA,NA,NA,NA,NA,NA,NA,NA,NA,NA,NA,High,High,High,High,Undefined,NA,NA,NA,NA,NA,NA,NA,NA,NA,NA,NA,NA,NA,NA,NA,NA,NA,NA,NA,NA,NA,NA,NA,NA,NA,NA,NA,NA,NA,NA,NA,NA,NA,NA,NA,NA,NA,NA,NA,NA,NA,NA,NA,NA,NA,NA,NA,NA,NA,NA,NA,NA,NA,NA,NA,NA
NA,NA,NA,NA,NA,NA,NA,NA,NA,NA,NA,NA,NA,NA,NA,NA,92,2025-07-08,08:52:25,3,7,"Head, Paris",10318891,Right,CHA_14U9,"Holder, Carter",1000339176,Right,CHA_14U4,Undefined,3,Bottom,1,3,2,Undefined,Curveball,StrikeSwinging,Strikeout,Undefined,Undefined,0,0,NA,67.95063,4.336619,-0.244428,2742.032416,35.550024,07:15:00,5.40486,1.23105,4.869,-81.72217,-17.30265,-14.07064,2.70651,-0.17282,61.39648,-10.38865,-2.724182,0.57767,NA,NA,NA,NA,NA,NA,NA,NA,NA,NA,NA,6.78981,-9.21126,-1.19441,50,5.76293,0.94547,-98.21729,4.77439,6.4827,18.83015,-40.96867,CHA_14U4,CHA_14U9,USABBCary3,USA Baseball,USA,20250708-USABBCary3-1,660f8490-5bfa-11f0-99ca-3994f1733be8,65.24903,NA,NA,6.55415,NA,NA,NA,NA,NA,NA,13b4cefc-5421-4f51-81c6-689dca042000,2025-07-08,12:52:25,2025-07-08T12:52:25Z,2025-07-08T12:52:25Z,NA,v3,NA,NA,NA,"Williams, Asher",10907595,Right,CHA_14U9,815e7c93-6f47-486d-bf1f-e258f1224bc0,55.63457,-99.29167,9.41508,5.42384,7.11191,-20.48433,-1.2378,0.57559,3.24135,NA,NA,NA,NA,NA,NA,NA,NA,NA,NA,NA,NA,NA,NA,NA,NA,NA,NA,NA,NA,NA,NA,NA,NA,NA,NA,NA,NA,NA,NA,NA,NA,NA,NA,NA,NA,NA,NA,NA,NA,NA,NA,NA,NA,NA,NA,NA,NA,NA,NA,High,High,High,NA,NA,NA,NA,NA,NA,NA,NA,NA,NA,NA,NA,NA,NA,NA,NA,NA,NA,NA,NA,NA,NA,NA,NA,NA,NA,NA,NA,NA,NA,NA,NA,NA,NA,NA,NA,NA,NA,NA,NA,NA,NA,NA,NA,NA,NA,NA,NA,NA,NA,NA,NA,NA,NA,NA,NA,NA,NA
NA,NA,NA,NA,NA,NA,NA,NA,NA,NA,NA,NA,NA,NA,NA,NA,93,2025-07-08,08:52:55,4,1,"Head, Paris",10318891,Right,CHA_14U9,"Bryant, Maddox",10908861,Left,CHA_14U4,Undefined,3,Bottom,2,0,0,Undefined,Curveball,FoulBallNotFieldable,Undefined,Undefined,Undefined,0,0,NA,66.12136,5.039199,-0.839994,2675.434768,37.213305,07:15:00,5.41695,1.54286,4.90095,-85.04591,-17.29048,-14.94965,3.10865,-0.49745,59.99222,-10.275385,-3.472128,0.592439,NA,NA,NA,NA,NA,NA,NA,NA,NA,NA,NA,7.09406,-9.53851,-1.4472,50,5.83908,1.9327,-95.54358,5.76062,6.44102,17.15913,-40.83451,CHA_14U4,CHA_14U9,USABBCary3,USA Baseball,USA,20250708-USABBCary3-1,78054bd0-5bfa-11f0-99ca-3994f1733be8,63.62251,NA,NA,6.12913,NA,NA,NA,NA,NA,NA,13b4cefc-5421-4f51-81c6-689dca042000,2025-07-08,12:52:55,2025-07-08T12:52:55Z,2025-07-08T12:52:55Z,NA,v3,NA,NA,NA,"Williams, Asher",10907595,Right,CHA_14U9,48de2735-1527-435a-bee9-55f324827dfc,55.60422,-96.54482,8.57957,5.43343,8.14334,-20.41726,-1.54901,1.55687,3.22051,NA,NA,NA,NA,NA,NA,NA,NA,NA,NA,NA,NA,NA,NA,NA,NA,NA,NA,NA,NA,NA,NA,NA,NA,NA,NA,NA,NA,NA,NA,NA,NA,NA,NA,NA,NA,NA,NA,NA,NA,NA,NA,NA,NA,NA,NA,NA,NA,NA,NA,High,High,High,NA,NA,NA,NA,NA,NA,NA,NA,NA,NA,NA,NA,NA,NA,NA,NA,NA,NA,NA,NA,NA,NA,NA,NA,NA,NA,NA,NA,NA,NA,NA,NA,NA,NA,NA,NA,NA,NA,NA,NA,NA,NA,NA,NA,NA,NA,NA,NA,NA,NA,NA,NA,NA,NA,NA,NA,NA,NA
NA,NA,NA,NA,NA,NA,NA,NA,NA,NA,NA,NA,NA,NA,NA,NA,94,2025-07-08,08:53:16,4,2,"Head, Paris",10318891,Right,CHA_14U9,"Bryant, Maddox",10908861,Left,CHA_14U4,Undefined,3,Bottom,2,0,1,Undefined,Changeup,BallCalled,Undefined,Undefined,Undefined,0,1,NA,80.61562,-2.429486,-1.638704,2212.970913,191.407318,12:30:00,5.53879,1.09198,5.2491,-26.92757,17.61103,3.23543,1.0095,-0.17873,73.2841,-7.424376,-1.064805,0.48033,NA,NA,NA,NA,NA,NA,NA,NA,NA,NA,NA,-2.10827,9.99922,-0.94402,50,5.29623,3.20347,-116.7083,-5.80997,-2.88182,23.79891,-18.50597,CHA_14U4,CHA_14U9,USABBCary3,USA Baseball,USA,20250708-USABBCary3-1,846af8c0-5bfa-11f0-99ca-3994f1733be8,78.47196,NA,NA,7.33152,NA,NA,NA,NA,NA,NA,13b4cefc-5421-4f51-81c6-689dca042000,2025-07-08,12:53:16,2025-07-08T12:53:16Z,2025-07-08T12:53:16Z,NA,v3,NA,NA,NA,"Williams, Asher",10907595,Right,CHA_14U9,818f3c11-170f-4667-9c1f-a2cb1a53836b,55.24652,-117.7733,11.89945,5.5377,-4.98183,-9.25299,-1.09026,3.33243,-1.44091,NA,NA,NA,NA,NA,NA,NA,NA,NA,NA,NA,NA,NA,NA,NA,NA,NA,NA,NA,NA,NA,NA,NA,NA,NA,NA,NA,NA,NA,NA,NA,NA,NA,NA,NA,NA,NA,NA,NA,NA,NA,NA,NA,NA,NA,NA,NA,NA,NA,NA,High,High,High,NA,NA,NA,NA,NA,NA,NA,NA,NA,NA,NA,NA,NA,NA,NA,NA,NA,NA,NA,NA,NA,NA,NA,NA,NA,NA,NA,NA,NA,NA,NA,NA,NA,NA,NA,NA,NA,NA,NA,NA,NA,NA,NA,NA,NA,NA,NA,NA,NA,NA,NA,NA,NA,NA,NA,NA,NA,NA
NA,NA,NA,NA,NA,NA,NA,NA,NA,NA,NA,NA,NA,NA,NA,NA,95,2025-07-08,08:53:51,4,3,"Head, Paris",10318891,Right,CHA_14U9,"Bryant, Maddox",10908861,Left,CHA_14U4,Undefined,3,Bottom,2,1,1,Undefined,Changeup,BallCalled,Undefined,Undefined,Undefined,0,0,NA,81.27817,1.039458,-0.649941,2099.657793,212.276837,01:00:00,5.62104,1.4719,5.29326,-28.44309,15.49119,8.77575,4.22694,1.59293,73.07261,-4.281655,0.907148,0.47706,NA,NA,NA,NA,NA,NA,NA,NA,NA,NA,NA,-4.56142,7.86481,-1.41928,50,5.69557,0.95972,-117.71029,1.22362,-6.30013,25.59144,-21.31137,CHA_14U4,CHA_14U9,USABBCary3,USA Baseball,USA,20250708-USABBCary3-1,994457f0-5bfa-11f0-99ca-3994f1733be8,79.00983,NA,NA,8.20556,NA,NA,NA,NA,NA,NA,13b4cefc-5421-4f51-81c6-689dca042000,2025-07-08,12:53:51,2025-07-08T12:53:51Z,2025-07-08T12:53:51Z,NA,v3,NA,NA,NA,"Williams, Asher",10907595,Right,CHA_14U9,e58865d2-e083-4eaa-a61c-d76dd2b3b4f4,55.20096,-118.83565,12.79572,5.62116,2.16076,-10.65569,-1.46758,1.23676,-3.15007,NA,NA,NA,NA,NA,NA,NA,NA,NA,NA,NA,NA,NA,NA,NA,NA,NA,NA,NA,NA,NA,NA,NA,NA,NA,NA,NA,NA,NA,NA,NA,NA,NA,NA,NA,NA,NA,NA,NA,NA,NA,NA,NA,NA,NA,NA,NA,NA,NA,NA,High,High,High,NA,NA,NA,NA,NA,NA,NA,NA,NA,NA,NA,NA,NA,NA,NA,NA,NA,NA,NA,NA,NA,NA,NA,NA,NA,NA,NA,NA,NA,NA,NA,NA,NA,NA,NA,NA,NA,NA,NA,NA,NA,NA,NA,NA,NA,NA,NA,NA,NA,NA,NA,NA,NA,NA,NA,NA,NA,NA
NA,NA,NA,NA,NA,NA,NA,NA,NA,NA,NA,NA,NA,NA,NA,NA,96,2025-07-08,08:54:06,4,4,"Head, Paris",10318891,Right,CHA_14U9,"Bryant, Maddox",10908861,Left,CHA_14U4,Undefined,3,Bottom,2,2,1,Undefined,Curveball,BallCalled,Undefined,Undefined,Undefined,0,0,NA,65.99698,5.822708,3.238989,2657.407333,46.450039,07:30:00,5.61124,1.35455,4.49416,-81.87847,-12.75757,-15.98784,4.36451,3.11192,59.65742,-8.831077,0.453808,0.598379,NA,NA,NA,NA,NA,NA,NA,NA,NA,NA,NA,8.66461,-7.13221,-1.67848,50,6.14657,-4.77031,-95.04272,7.00388,7.83459,16.12626,-38.62302,CHA_14U4,CHA_14U9,USABBCary3,USA Baseball,USA,20250708-USABBCary3-1,a26ba2c0-5bfa-11f0-99ca-3994f1733be8,62.99095,NA,NA,6.33957,NA,NA,NA,NA,NA,NA,13b4cefc-5421-4f51-81c6-689dca042000,2025-07-08,12:54:06,2025-07-08T12:54:06Z,2025-07-08T12:54:06Z,NA,v3,NA,NA,NA,"Williams, Asher",10907595,Right,CHA_14U9,7d16af49-2891-468a-8ceb-cb17c623200a,56.00906,-96.05689,8.06313,5.62972,9.43286,-19.31151,-1.36299,-5.26303,3.9173,NA,NA,NA,NA,NA,NA,NA,NA,NA,NA,NA,NA,NA,NA,NA,NA,NA,NA,NA,NA,NA,NA,NA,NA,NA,NA,NA,NA,NA,NA,NA,NA,NA,NA,NA,NA,NA,NA,NA,NA,NA,NA,NA,NA,NA,NA,NA,NA,NA,NA,High,High,High,NA,NA,NA,NA,NA,NA,NA,NA,NA,NA,NA,NA,NA,NA,NA,NA,NA,NA,NA,NA,NA,NA,NA,NA,NA,NA,NA,NA,NA,NA,NA,NA,NA,NA,NA,NA,NA,NA,NA,NA,NA,NA,NA,NA,NA,NA,NA,NA,NA,NA,NA,NA,NA,NA,NA,NA,NA,NA
NA,NA,NA,NA,NA,NA,NA,NA,NA,NA,NA,NA,NA,NA,NA,NA,97,2025-07-08,08:54:22,4,5,"Head, Paris",10318891,Right,CHA_14U9,"Bryant, Maddox",10908861,Left,CHA_14U4,Undefined,3,Bottom,2,3,1,Undefined,Four-Seam,InPlay,Undefined,FlyBall,Out,1,0,NA,83.12609,-2.197999,-1.566657,2131.157051,202.056024,12:45:00,5.61201,1.3374,5.2688,-24.03738,17.6717,6.57996,1.54238,0.41369,75.67658,-6.671591,-0.399153,0.464822,73.97286,44.685637,-25.464983,NA,93.05555,77.85151,-58.65651,244.38333,119.20804,-37.77996,4.629642,-3.76851,9.91953,-1.19923,50,5.39373,3.01652,-120.44187,-5.40176,-5.49995,24.79888,-17.69695,CHA_14U4,CHA_14U9,USABBCary3,USA Baseball,USA,20250708-USABBCary3-1,ac160040-5bfa-11f0-99ca-3994f1733be8,81.09001,81.03551,NA,7.4495,NA,NA,NA,1.7016,2.88585,-1.12505,13b4cefc-5421-4f51-81c6-689dca042000,2025-07-08,12:54:22,2025-07-08T12:54:22Z,2025-07-08T12:54:22Z,FlyBall,v3,NA,NA,NA,"Williams, Asher",10907595,Right,CHA_14U9,8d3893ea-9bdb-4825-9d8a-571c00b71ce5,55.22908,-121.51376,12.39944,5.61069,-4.63684,-8.84847,-1.33475,3.25425,-2.74998,142.420474,1.70915,69.46965,-13.06973,1.98597,0.47731,-0.39625,0.1013,-0.01136,4.6e-4,2.88713,76.25483,-21.25608,1.34459,0.27424,-0.31214,0.10864,-0.01709,0.00101,-1.12513,-33.16019,-0.96927,0.85531,-0.39918,0.16636,-0.04817,0.00752,-4.7e-4,NA,NA,NA,NA,NA,NA,NA,NA,NA,NA,NA,NA,NA,NA,NA,NA,NA,NA,NA,NA,NA,NA,High,High,High,Medium,Low,NA,NA,NA,NA,NA,NA,NA,NA,NA,NA,NA,NA,NA,NA,NA,NA,NA,NA,NA,NA,NA,NA,NA,NA,NA,NA,NA,NA,NA,NA,NA,NA,NA,NA,NA,NA,NA,NA,NA,NA,NA,NA,NA,NA,NA,NA,NA,NA,NA,NA,NA,NA,NA,NA,NA,NA
NA,NA,NA,NA,NA,NA,NA,NA,NA,NA,NA,NA,NA,NA,NA,NA,98,2025-07-08,08:56:52,1,1,"Mata III, Artemio",10922084,Right,CHA_14U4,"Hurn, Logan",10900342,Left,CHA_14U9,Undefined,4,Top,0,0,0,Undefined,Changeup,FoulBallNotFieldable,Undefined,Undefined,Undefined,0,0,NA,78.87186,1.82164,-1.942576,1911.391106,259.72865,02:45:00,4.94128,1.41537,5.06496,-42.34101,4.79835,16.9704,3.1321,0.99716,70.96972,-5.943935,1.055479,0.494155,59.74786,27.062691,-52.683633,3470.264335,NA,NA,NA,123.73071,97.60608,-54.091459,1.927356,-9.06315,2.26095,-1.24506,50,5.08125,3.16532,-114.15211,2.15894,-11.75628,24.33267,-29.24128,CHA_14U4,CHA_14U9,USABBCary3,USA Baseball,USA,20250708-USABBCary3-1,059c65a0-5bfb-11f0-99ca-3994f1733be8,76.27655,19.88069,NA,7.90214,NA,NA,NA,1.70005,3.02603,-0.7868,13b4cefc-5421-4f51-81c6-689dca042000,2025-07-08,12:56:52,2025-07-08T12:56:52Z,2025-07-08T12:56:52Z,LineDrive,v3,NA,NA,NA,"Silva, Diego",1000333001,Right,CHA_14U4,e0c2459f-2aee-4cce-97d9-ccc36e24644f,55.4331,-115.30441,12.16634,4.94622,3.54369,-14.62064,-1.40814,3.72205,-5.87814,NA,1.70005,47.30621,-7.96663,1.80061,-0.36457,0.070930000000000007,-0.00943,-2.1e-4,2.2e-4,3.02602,39.86895,-26.00354,3.39243,-0.80828,0.22931000000000001,-0.08315,0.02418,-0.00332,-0.78681,-62.061279999999996,7.99897,-1.84672,0.34965,-0.03005,-0.02281,0.01257,-0.00213,NA,NA,NA,NA,NA,NA,NA,NA,NA,NA,NA,NA,NA,NA,NA,NA,NA,NA,NA,NA,NA,NA,High,High,High,Medium,Medium,NA,NA,NA,NA,NA,NA,NA,NA,NA,NA,NA,NA,NA,NA,NA,NA,NA,NA,NA,NA,NA,NA,NA,NA,NA,NA,NA,NA,NA,NA,NA,NA,NA,NA,NA,NA,NA,NA,NA,NA,NA,NA,NA,NA,NA,NA,NA,NA,NA,NA,NA,NA,NA,NA,NA,NA
NA,NA,NA,NA,NA,NA,NA,NA,NA,NA,NA,NA,NA,NA,NA,NA,99,2025-07-08,08:57:09,1,2,"Mata III, Artemio",10922084,Right,CHA_14U4,"Hurn, Logan",10900342,Left,CHA_14U9,Undefined,4,Top,0,0,1,Undefined,Changeup,InPlay,Undefined,GroundBall,Out,1,0,NA,73.18997,1.099899,-2.532757,1530.818014,261.935887,02:45:00,4.77178,1.47289,5.45649,-50.11845,3.46847,11.42351,1.62598,0.05241,66.60769,-8.093735,-0.499344,0.526867,79.19172,-11.678524,34.845175,NA,NA,NA,NA,11.17159,11.17159,25.587508,0.075809,-6.58351,1.8813,-1.25779,50,4.83434,4.27987,-106.0803,0.49835,-7.42077,19.97627,-30.05347,CHA_14U4,CHA_14U9,USABBCary3,USA Baseball,USA,20250708-USABBCary3-1,0f8d1af0-5bfb-11f0-99ca-3994f1733be8,71.54074,1.78563,NA,6.58228,NA,NA,NA,2.98612,1.78563,-0.11097,13b4cefc-5421-4f51-81c6-689dca042000,2025-07-08,12:57:09,2025-07-08T12:57:09Z,2025-07-08T12:57:09Z,GroundBall,v3,NA,NA,NA,"Silva, Diego",1000333001,Right,CHA_14U4,3e6aff55-1842-4057-ac77-2932a4b5ef0a,55.04338,-107.02582,9.98813,4.77709,1.92084,-15.02674,-1.46868,4.63111,-3.71039,180,2.98401,93.52186,NA,NA,NA,NA,NA,NA,NA,1.78616,-23.55418,NA,NA,NA,NA,NA,NA,NA,-0.11244,65.1088,NA,NA,NA,NA,NA,NA,NA,NA,NA,NA,NA,NA,NA,NA,NA,NA,NA,NA,NA,NA,NA,NA,NA,NA,NA,NA,NA,NA,NA,High,High,High,High,High,NA,NA,NA,NA,NA,NA,NA,NA,NA,NA,NA,NA,NA,NA,NA,NA,NA,NA,NA,NA,NA,NA,NA,NA,NA,NA,NA,NA,NA,NA,NA,NA,NA,NA,NA,NA,NA,NA,NA,NA,NA,NA,NA,NA,NA,NA,NA,NA,NA,NA,NA,NA,NA,NA,NA,NA
NA,NA,NA,NA,NA,NA,NA,NA,NA,NA,NA,NA,NA,NA,NA,NA,100,2025-07-08,08:57:49,2,1,"Mata III, Artemio",10922084,Right,CHA_14U4,"Marll Jr., Jason",1000351105,Right,CHA_14U9,Undefined,4,Top,1,0,0,Undefined,Changeup,BallCalled,Undefined,Undefined,Undefined,0,0,NA,81.54717,1.540668,-4.30608,2093.870164,230.601535,01:45:00,5.00146,1.34426,5.21258,-30.38844,13.33839,14.38245,3.92231,-1.51407,73.59746,-4.094768,-1.768816,0.475933,NA,NA,NA,NA,NA,NA,NA,NA,NA,NA,NA,-8.41563,6.62382,-0.9567,50,5.12198,8.25344,-117.84875,2.16428,-11.73434,24.17874,-22.93813,CHA_14U4,CHA_14U9,USABBCary3,USA Baseball,USA,20250708-USABBCary3-1,274a8740-5bfb-11f0-99ca-3994f1733be8,79.19702,NA,NA,7.94971,NA,NA,NA,NA,NA,NA,13b4cefc-5421-4f51-81c6-689dca042000,2025-07-08,12:57:49,2025-07-08T12:57:49Z,2025-07-08T12:57:49Z,NA,v3,NA,NA,NA,"Silva, Diego",1000333001,Right,CHA_14U4,5d997477-3217-41c6-8276-27e279b46777,55.28355,-118.92782,12.08937,5.00255,3.18799,-11.46907,-1.33673,8.77713,-5.86717,NA,NA,NA,NA,NA,NA,NA,NA,NA,NA,NA,NA,NA,NA,NA,NA,NA,NA,NA,NA,NA,NA,NA,NA,NA,NA,NA,NA,NA,NA,NA,NA,NA,NA,NA,NA,NA,NA,NA,NA,NA,NA,NA,NA,NA,NA,NA,NA,NA,NA,High,High,High,NA,NA,NA,NA,NA,NA,NA,NA,NA,NA,NA,NA,NA,NA,NA,NA,NA,NA,NA,NA,NA,NA,NA,NA,NA,NA,NA,NA,NA,NA,NA,NA,NA,NA,NA,NA,NA,NA,NA,NA,NA,NA,NA,NA,NA,NA,NA,NA,NA,NA,NA,NA,NA,NA,NA,NA,NA,NA
NA,NA,NA,NA,NA,NA,NA,NA,NA,NA,NA,NA,NA,NA,NA,NA,101,2025-07-08,08:58:04,2,2,"Mata III, Artemio",10922084,Right,CHA_14U4,"Marll Jr., Jason",1000351105,Right,CHA_14U9,Undefined,4,Top,1,1,0,Undefined,Changeup,StrikeCalled,Undefined,Undefined,Undefined,0,0,NA,80.35288,0.258257,-3.904694,2206.605577,232.489293,01:45:00,4.9309,1.42876,5.29258,-33.32636,11.46871,12.91186,2.39676,-1.16726,72.82237,-5.898691,-1.619934,0.481711,NA,NA,NA,NA,NA,NA,NA,NA,NA,NA,NA,-7.59859,6.12233,-1.08251,50,4.93058,7.39505,-116.25221,-0.58215,-10.31426,23.44422,-23.86368,CHA_14U4,CHA_14U9,USABBCary3,USA Baseball,USA,20250708-USABBCary3-1,30030ab0-5bfb-11f0-99ca-3994f1733be8,78.24703,NA,NA,7.5305,NA,NA,NA,NA,NA,NA,13b4cefc-5421-4f51-81c6-689dca042000,2025-07-08,12:58:04,2025-07-08T12:58:04Z,2025-07-08T12:58:04Z,NA,v3,NA,NA,NA,"Silva, Diego",1000333001,Right,CHA_14U4,5d9001f5-5c40-464d-9f18-2afb962ac83e,55.20407,-117.29701,11.72211,4.93282,0.48134,-11.93184,-1.42232,7.85471,-5.15713,NA,NA,NA,NA,NA,NA,NA,NA,NA,NA,NA,NA,NA,NA,NA,NA,NA,NA,NA,NA,NA,NA,NA,NA,NA,NA,NA,NA,NA,NA,NA,NA,NA,NA,NA,NA,NA,NA,NA,NA,NA,NA,NA,NA,NA,NA,NA,NA,NA,NA,High,High,High,NA,NA,NA,NA,NA,NA,NA,NA,NA,NA,NA,NA,NA,NA,NA,NA,NA,NA,NA,NA,NA,NA,NA,NA,NA,NA,NA,NA,NA,NA,NA,NA,NA,NA,NA,NA,NA,NA,NA,NA,NA,NA,NA,NA,NA,NA,NA,NA,NA,NA,NA,NA,NA,NA,NA,NA,NA,NA
NA,NA,NA,NA,NA,NA,NA,NA,NA,NA,NA,NA,NA,NA,NA,NA,102,2025-07-08,08:58:20,2,3,"Mata III, Artemio",10922084,Right,CHA_14U4,"Marll Jr., Jason",1000351105,Right,CHA_14U9,Undefined,4,Top,1,1,1,Undefined,Changeup,StrikeCalled,Undefined,Undefined,Undefined,0,0,NA,80.5605,0.099557,-3.771771,2174.458122,236.10713,01:45:00,4.92235,1.35861,5.2631,-34.63726,10.2563,12.80965,2.12965,-1.1225,72.59655,-6.300362,-1.505268,0.48224,NA,NA,NA,NA,NA,NA,NA,NA,NA,NA,NA,-7.56189,5.58276,-1.02258,50,4.9065,7.13553,-116.47667,-0.96345,-10.23448,24.90208,-24.61819,CHA_14U4,CHA_14U9,USABBCary3,USA Baseball,USA,20250708-USABBCary3-1,39983280-5bfb-11f0-99ca-3994f1733be8,78.1611,NA,NA,7.96396,NA,NA,NA,NA,NA,NA,13b4cefc-5421-4f51-81c6-689dca042000,2025-07-08,12:58:20,2025-07-08T12:58:20Z,2025-07-08T12:58:20Z,NA,v3,NA,NA,NA,"Silva, Diego",1000333001,Right,CHA_14U4,d5ccf823-ecd9-45aa-9831-eb72d04e6c9a,55.2324,-117.59,12.45104,4.92497,0.13719,-12.30909,-1.35183,7.5931,-5.11724,NA,NA,NA,NA,NA,NA,NA,NA,NA,NA,NA,NA,NA,NA,NA,NA,NA,NA,NA,NA,NA,NA,NA,NA,NA,NA,NA,NA,NA,NA,NA,NA,NA,NA,NA,NA,NA,NA,NA,NA,NA,NA,NA,NA,NA,NA,NA,NA,NA,NA,High,High,High,NA,NA,NA,NA,NA,NA,NA,NA,NA,NA,NA,NA,NA,NA,NA,NA,NA,NA,NA,NA,NA,NA,NA,NA,NA,NA,NA,NA,NA,NA,NA,NA,NA,NA,NA,NA,NA,NA,NA,NA,NA,NA,NA,NA,NA,NA,NA,NA,NA,NA,NA,NA,NA,NA,NA,NA,NA,NA
NA,NA,NA,NA,NA,NA,NA,NA,NA,NA,NA,NA,NA,NA,NA,NA,103,2025-07-08,08:58:35,2,4,"Mata III, Artemio",10922084,Right,CHA_14U4,"Marll Jr., Jason",1000351105,Right,CHA_14U9,Undefined,4,Top,1,1,2,Undefined,Curveball,InPlay,Undefined,GroundBall,Out,1,0,NA,69.5809,2.607392,-1.572256,2009.252272,55.420349,07:45:00,4.83338,1.31845,5.43037,-66.43185,-7.0226,-13.08083,1.74195,-1.24448,63.57655,-9.488205,-3.899619,0.554751,69.71741,-16.560484,-37.890624,NA,NA,NA,NA,10.27365,9.23445,-20.95837,0.076192,6.15658,-3.9174,-1.16943,50,5.018,3.21634,-100.87254,2.60216,6.26387,18.32923,-36.15972,CHA_14U4,CHA_14U9,USABBCary3,USA Baseball,USA,20250708-USABBCary3-1,42f31070-5bfb-11f0-99ca-3994f1733be8,67.94476,2.22755,NA,6.00436,NA,NA,NA,3.68213,2.22755,0.9259,13b4cefc-5421-4f51-81c6-689dca042000,2025-07-08,12:58:35,2025-07-08T12:58:35Z,2025-07-08T12:58:35Z,GroundBall,v3,NA,NA,NA,"Silva, Diego",1000333001,Right,CHA_14U4,2503c40d-61c7-4a2f-8dd1-69fd33dbe56c,55.07226,-101.79003,9.16461,4.84244,4.41218,-18.07986,-1.32258,2.90279,3.13194,180,3.67915,77.59144,NA,NA,NA,NA,NA,NA,NA,2.22868,-29.2362,NA,NA,NA,NA,NA,NA,NA,0.92822,-60.3829,NA,NA,NA,NA,NA,NA,NA,NA,NA,NA,NA,NA,NA,NA,NA,NA,NA,NA,NA,NA,NA,NA,NA,NA,NA,NA,NA,NA,NA,High,High,High,High,Medium,NA,NA,NA,NA,NA,NA,NA,NA,NA,NA,NA,NA,NA,NA,NA,NA,NA,NA,NA,NA,NA,NA,NA,NA,NA,NA,NA,NA,NA,NA,NA,NA,NA,NA,NA,NA,NA,NA,NA,NA,NA,NA,NA,NA,NA,NA,NA,NA,NA,NA,NA,NA,NA,NA,NA,NA
NA,NA,NA,NA,NA,NA,NA,NA,NA,NA,NA,NA,NA,NA,NA,NA,104,2025-07-08,08:59:08,3,1,"Mata III, Artemio",10922084,Right,CHA_14U4,"Erickson, Cole",1000417583,Left,CHA_14U9,Undefined,4,Top,2,0,0,Undefined,Changeup,InPlay,Undefined,LineDrive,Out,1,0,NA,79.52104,0.79459900000000006,-2.187681,1879.929376,242.306865,02:00:00,5.06614,1.37323,5.22671,-35.95061,10.4743,16.49631,2.81785,0.69029,71.04583,-5.876187,0.735271,0.490396,77.43377,12.923584,31.707841,2241.709746,90.84835,8.2698,62.01968,145.42882,123.34978,35.920919,1.469833,-9.05626,5.43118,-1.18469,50,5.11314,3.71953,-115.04687,0.40921,-11.83171,26.3593,-25.07838,CHA_14U4,CHA_14U9,USABBCary3,USA Baseball,USA,20250708-USABBCary3-1,561c75b0-5bfb-11f0-99ca-3994f1733be8,76.86122,11.2323,NA,8.47522,NA,NA,NA,3.61245,3.09714,-0.60283,13b4cefc-5421-4f51-81c6-689dca042000,2025-07-08,12:59:08,2025-07-08T12:59:08Z,2025-07-08T12:59:08Z,LineDrive,v3,NA,NA,NA,"Silva, Diego",1000333001,Right,CHA_14U4,864f128b-f6fa-4df3-af77-08b412c9a6dc,55.27048,-116.24816,13.17965,5.06845,1.55212,-12.53919,-1.3665,4.25875,-5.91586,276.712788,3.61245,94.17049,-13.92475,2.42496,-0.50329,0.08984,-0.01752,0.00287,-2.5e-4,3.09714,25.39993,-20.9588,1.97362,-0.39909,0.08119,-0.01418,0.0024,-2.4e-4,-0.60283,58.17868,0.86272,-0.67519,0.20459,-0.05116,0.01071,-0.00182,1.7e-4,NA,NA,NA,NA,NA,NA,NA,NA,NA,NA,NA,NA,NA,NA,NA,NA,NA,NA,NA,NA,NA,NA,High,High,High,High,High,NA,NA,NA,NA,NA,NA,NA,NA,NA,NA,NA,NA,NA,NA,NA,NA,NA,NA,NA,NA,NA,NA,NA,NA,NA,NA,NA,NA,NA,NA,NA,NA,NA,NA,NA,NA,NA,NA,NA,NA,NA,NA,NA,NA,NA,NA,NA,NA,NA,NA,NA,NA,NA,NA,NA,NA
NA,NA,NA,NA,NA,NA,NA,NA,NA,NA,NA,NA,NA,NA,NA,NA,105,2025-07-08,09:01:16,1,1,"Head, Paris",10318891,Right,CHA_14U9,"Adame, Steven",1000339165,Left,CHA_14U4,Undefined,4,Bottom,0,0,0,Undefined,Changeup,InPlay,Undefined,Popup,Out,1,0,NA,78.32623,0.220573,-1.5992170000000001,2144.988832,198.087557,12:30:00,5.69686,1.15621,5.18295,-27.36513,19.9697,5.97311,3.62405,0.14894,70.74735,-4.902893,-0.541953,0.495179,78.52055,71.830804,43.977594,NA,NA,NA,NA,NA,31.64276,NA,NA,-3.50626,10.38237,-1.01243,50,5.69746,2.92949,-113.47857,-0.40081,-4.51453,23.20451,-18.80611,CHA_14U4,CHA_14U9,USABBCary3,USA Baseball,USA,20250708-USABBCary3-1,a2c788f0-5bfb-11f0-99ca-3994f1733be8,76.11889,101.44266,NA,7.57887,NA,NA,NA,NA,NA,NA,13b4cefc-5421-4f51-81c6-689dca042000,2025-07-08,13:01:16,2025-07-08T13:01:16Z,2025-07-08T13:01:16Z,NA,v3,NA,NA,NA,"Williams, Asher",10907595,Right,CHA_14U9,d3f7c5bc-fcc3-4107-996f-ffac2a9970d5,55.3146,-114.56017,11.60225,5.69571,0.47576,-9.40305,-1.15388,3.13992,-2.25727,186.467266,5.37825,25.8435,-11.7654,3.99014,-1.98412,2.0072,-1.39501,0.40018,-0.00525,15.23624,109.42068,-26.74276,2.9868,-0.19649,-0.532,0.50057,-0.18768,0.01955,2.22191,24.93635,-6.9133,2.12356,-0.94318,0.90473,-0.61787,0.17236,-2.5e-4,NA,NA,NA,NA,NA,NA,NA,NA,NA,NA,NA,NA,NA,NA,NA,NA,NA,NA,NA,NA,NA,NA,High,High,High,High,Undefined,NA,NA,NA,NA,NA,NA,NA,NA,NA,NA,NA,NA,NA,NA,NA,NA,NA,NA,NA,NA,NA,NA,NA,NA,NA,NA,NA,NA,NA,NA,NA,NA,NA,NA,NA,NA,NA,NA,NA,NA,NA,NA,NA,NA,NA,NA,NA,NA,NA,NA,NA,NA,NA,NA,NA,NA
NA,NA,NA,NA,NA,NA,NA,NA,NA,NA,NA,NA,NA,NA,NA,NA,106,2025-07-08,09:01:54,2,1,"Head, Paris",10318891,Right,CHA_14U9,"Patlan, Elijah",1000339175,Right,CHA_14U4,Undefined,4,Bottom,1,0,0,Undefined,Curveball,StrikeCalled,Undefined,Undefined,Undefined,0,0,NA,66.02696,3.057542,-1.004596,2741.519848,48.228992,07:30:00,5.64407,1.24544,4.55983,-81.8889,-13.63851,-17.84918,1.7332,-1.19821,60.57449,-11.556022,-4.135251,0.594599,NA,NA,NA,NA,NA,NA,NA,NA,NA,NA,NA,8.3363,-6.85949,-1.12342,50,5.8847,2.33569,-95.6042,2.43408,7.61315,16.56483,-38.43849,CHA_14U4,CHA_14U9,USABBCary3,USA Baseball,USA,20250708-USABBCary3-1,b990d140-5bfb-11f0-99ca-3994f1733be8,63.39139,NA,NA,5.45248,NA,NA,NA,NA,NA,NA,13b4cefc-5421-4f51-81c6-689dca042000,2025-07-08,13:01:54,2025-07-08T13:01:54Z,2025-07-08T13:01:54Z,NA,v3,NA,NA,NA,"Williams, Asher",10907595,Right,CHA_14U9,1a334add-ab1a-415e-891c-417b0b4eeef5,55.94476,-96.62872,8.28241,5.66064,4.81148,-19.21925,-1.25332,1.86482,3.80657,NA,NA,NA,NA,NA,NA,NA,NA,NA,NA,NA,NA,NA,NA,NA,NA,NA,NA,NA,NA,NA,NA,NA,NA,NA,NA,NA,NA,NA,NA,NA,NA,NA,NA,NA,NA,NA,NA,NA,NA,NA,NA,NA,NA,NA,NA,NA,NA,NA,NA,High,High,High,NA,NA,NA,NA,NA,NA,NA,NA,NA,NA,NA,NA,NA,NA,NA,NA,NA,NA,NA,NA,NA,NA,NA,NA,NA,NA,NA,NA,NA,NA,NA,NA,NA,NA,NA,NA,NA,NA,NA,NA,NA,NA,NA,NA,NA,NA,NA,NA,NA,NA,NA,NA,NA,NA,NA,NA,NA,NA
NA,NA,NA,NA,NA,NA,NA,NA,NA,NA,NA,NA,NA,NA,NA,NA,107,2025-07-08,09:02:06,2,2,"Head, Paris",10318891,Right,CHA_14U9,"Patlan, Elijah",1000339175,Right,CHA_14U4,Undefined,4,Bottom,1,0,1,Undefined,Curveball,BallCalled,Undefined,Undefined,Undefined,0,0,NA,67.21375,2.456921,0.18862400000000001,2806.939078,42.307209,07:30:00,5.66135,1.32395,4.49658,-83.70485,-17.28981,-17.91355,1.02846,0.01089,61.34892,-12.4602,-2.957039,0.586549,NA,NA,NA,NA,NA,NA,NA,NA,NA,NA,NA,8.75937,-8.53473,-1.32543,50,5.83856,0.35468,-97.31303,1.36898,8.22095,18.29773,-40.18416,CHA_14U4,CHA_14U9,USABBCary3,USA Baseball,USA,20250708-USABBCary3-1,c0a2d0a0-5bfb-11f0-99ca-3994f1733be8,64.26133,NA,NA,5.86483,NA,NA,NA,NA,NA,NA,13b4cefc-5421-4f51-81c6-689dca042000,2025-07-08,13:02:06,2025-07-08T13:02:06Z,2025-07-08T13:02:06Z,NA,v3,NA,NA,NA,"Williams, Asher",10907595,Right,CHA_14U9,7af8183a-9cfe-417e-88f9-54d261096df2,56.00835,-98.4363,9.14886,5.67881,3.83581,-20.09208,-1.33171,-0.14999,4.11048,NA,NA,NA,NA,NA,NA,NA,NA,NA,NA,NA,NA,NA,NA,NA,NA,NA,NA,NA,NA,NA,NA,NA,NA,NA,NA,NA,NA,NA,NA,NA,NA,NA,NA,NA,NA,NA,NA,NA,NA,NA,NA,NA,NA,NA,NA,NA,NA,NA,NA,High,High,High,NA,NA,NA,NA,NA,NA,NA,NA,NA,NA,NA,NA,NA,NA,NA,NA,NA,NA,NA,NA,NA,NA,NA,NA,NA,NA,NA,NA,NA,NA,NA,NA,NA,NA,NA,NA,NA,NA,NA,NA,NA,NA,NA,NA,NA,NA,NA,NA,NA,NA,NA,NA,NA,NA,NA,NA,NA,NA
NA,NA,NA,NA,NA,NA,NA,NA,NA,NA,NA,NA,NA,NA,NA,NA,108,2025-07-08,09:02:19,2,3,"Head, Paris",10318891,Right,CHA_14U9,"Patlan, Elijah",1000339175,Right,CHA_14U4,Undefined,4,Bottom,1,1,1,Undefined,Changeup,BallCalled,Undefined,Undefined,Undefined,0,0,NA,80.14348,-0.168594,-3.134451,2164.68739,195.525407,12:30:00,5.75278,1.05832,5.12784,-23.76525,21.67312,5.56638,3.61332,-1.43287,72.2757,-4.639462,-2.152175,0.485158,NA,NA,NA,NA,NA,NA,NA,NA,NA,NA,NA,-3.72894,11.27591,-0.7682,50,5.7194,6.11068,-115.9222,-1.05909,-5.01364,24.08039,-17.0134,CHA_14U4,CHA_14U9,USABBCary3,USA Baseball,USA,20250708-USABBCary3-1,c83ec080-5bfb-11f0-99ca-3994f1733be8,77.69111,NA,NA,7.86778,NA,NA,NA,NA,NA,NA,13b4cefc-5421-4f51-81c6-689dca042000,2025-07-08,13:02:19,2025-07-08T13:02:19Z,2025-07-08T13:02:19Z,NA,v3,NA,NA,NA,"Williams, Asher",10907595,Right,CHA_14U9,f91b3d5b-6bf7-44c5-80a9-87940266cef5,55.36655,-117.03168,12.0402,5.75014,-0.27522,-8.5067,-1.05507,6.34167,-2.50682,NA,NA,NA,NA,NA,NA,NA,NA,NA,NA,NA,NA,NA,NA,NA,NA,NA,NA,NA,NA,NA,NA,NA,NA,NA,NA,NA,NA,NA,NA,NA,NA,NA,NA,NA,NA,NA,NA,NA,NA,NA,NA,NA,NA,NA,NA,NA,NA,NA,NA,High,High,High,NA,NA,NA,NA,NA,NA,NA,NA,NA,NA,NA,NA,NA,NA,NA,NA,NA,NA,NA,NA,NA,NA,NA,NA,NA,NA,NA,NA,NA,NA,NA,NA,NA,NA,NA,NA,NA,NA,NA,NA,NA,NA,NA,NA,NA,NA,NA,NA,NA,NA,NA,NA,NA,NA,NA,NA,NA,NA
NA,NA,NA,NA,NA,NA,NA,NA,NA,NA,NA,NA,NA,NA,NA,NA,109,2025-07-08,09:02:36,2,4,"Head, Paris",10318891,Right,CHA_14U9,"Patlan, Elijah",1000339175,Right,CHA_14U4,Undefined,4,Bottom,1,2,1,Undefined,Changeup,BallCalled,Undefined,Undefined,Undefined,0,0,NA,79.72871,0.260053,-2.596061,2260.498981,194.188476,12:30:00,5.58079,1.13347,5.53404,-24.08234,20.80442,4.87701,3.81726,-0.88842,72.34728,-4.284517,-1.728265,0.482204,NA,NA,NA,NA,NA,NA,NA,NA,NA,NA,NA,-3.20764,10.85036,-0.91122,50,5.5877,5.04079,-115.53306,-0.16202,-4.31055,22.6797,-17.59284,CHA_14U4,CHA_14U9,USABBCary3,USA Baseball,USA,20250708-USABBCary3-1,d1fdb770-5bfb-11f0-99ca-3994f1733be8,78.16705,NA,NA,7.38143,NA,NA,NA,NA,NA,NA,13b4cefc-5421-4f51-81c6-689dca042000,2025-07-08,13:02:36,2025-07-08T13:02:36Z,2025-07-08T13:02:36Z,NA,v3,NA,NA,NA,"Williams, Asher",10907595,Right,CHA_14U9,c9d2dcad-2b0f-4761-bcea-53f869cb7ae3,54.96116,-116.50289,11.33985,5.57854,0.59029,-8.79642,-1.13072,5.22511,-2.15528,NA,NA,NA,NA,NA,NA,NA,NA,NA,NA,NA,NA,NA,NA,NA,NA,NA,NA,NA,NA,NA,NA,NA,NA,NA,NA,NA,NA,NA,NA,NA,NA,NA,NA,NA,NA,NA,NA,NA,NA,NA,NA,NA,NA,NA,NA,NA,NA,NA,NA,High,High,High,NA,NA,NA,NA,NA,NA,NA,NA,NA,NA,NA,NA,NA,NA,NA,NA,NA,NA,NA,NA,NA,NA,NA,NA,NA,NA,NA,NA,NA,NA,NA,NA,NA,NA,NA,NA,NA,NA,NA,NA,NA,NA,NA,NA,NA,NA,NA,NA,NA,NA,NA,NA,NA,NA,NA,NA,NA,NA
NA,NA,NA,NA,NA,NA,NA,NA,NA,NA,NA,NA,NA,NA,NA,NA,110,2025-07-08,09:02:54,2,5,"Head, Paris",10318891,Right,CHA_14U9,"Patlan, Elijah",1000339175,Right,CHA_14U4,Undefined,4,Bottom,1,3,1,Undefined,Curveball,StrikeSwinging,Undefined,Undefined,Undefined,0,0,NA,68.00801,1.689402,-0.594204,2587.712618,40.504725,07:15:00,5.54015,1.37368,4.59735,-78.07016,-14.028,-13.81245,0.64162,-0.34251,62.60995,-12.221191,-3.024192,0.575976,NA,NA,NA,NA,NA,NA,NA,NA,NA,NA,NA,6.56296,-6.76174,-1.29878,50,5.64152,1.53802,-98.59001,0.3028,6.38069,17.46089,-38.74801,CHA_14U4,CHA_14U9,USABBCary3,USA Baseball,USA,20250708-USABBCary3-1,dd038640-5bfb-11f0-99ca-3994f1733be8,65.44099,NA,NA,5.39805,NA,NA,NA,NA,NA,NA,13b4cefc-5421-4f51-81c6-689dca042000,2025-07-08,13:02:54,2025-07-08T13:02:54Z,2025-07-08T13:02:54Z,NA,v3,NA,NA,NA,"Williams, Asher",10907595,Right,CHA_14U9,aa568d16-2aa6-404d-a8c1-d40167b1675c,55.90705,-99.63069,8.73045,5.55466,2.6122,-19.374,-1.37912,1.15773,3.19034,NA,NA,NA,NA,NA,NA,NA,NA,NA,NA,NA,NA,NA,NA,NA,NA,NA,NA,NA,NA,NA,NA,NA,NA,NA,NA,NA,NA,NA,NA,NA,NA,NA,NA,NA,NA,NA,NA,NA,NA,NA,NA,NA,NA,NA,NA,NA,NA,NA,NA,High,High,High,NA,NA,NA,NA,NA,NA,NA,NA,NA,NA,NA,NA,NA,NA,NA,NA,NA,NA,NA,NA,NA,NA,NA,NA,NA,NA,NA,NA,NA,NA,NA,NA,NA,NA,NA,NA,NA,NA,NA,NA,NA,NA,NA,NA,NA,NA,NA,NA,NA,NA,NA,NA,NA,NA,NA,NA,NA,NA
NA,NA,NA,NA,NA,NA,NA,NA,NA,NA,NA,NA,NA,NA,NA,NA,111,2025-07-08,09:03:09,2,6,"Head, Paris",10318891,Right,CHA_14U9,"Patlan, Elijah",1000339175,Right,CHA_14U4,Undefined,4,Bottom,1,3,2,Undefined,Curveball,BallCalled,Walk,Undefined,Undefined,0,0,NA,67.63897,2.87247,1.715616,2665.351344,41.833773,07:30:00,5.46866,1.42272,4.57181,-81.02052,-16.50391,-16.62454,1.45371,1.67029,62.36638,-11.562803,-1.204348,0.578106,NA,NA,NA,NA,NA,NA,NA,NA,NA,NA,NA,8.63957,-8.35792,-1.58381,50,5.68959,-2.32136,-98.03827,2.22115,8.36102,16.3188,-40.26247,CHA_14U4,CHA_14U9,USABBCary3,USA Baseball,USA,20250708-USABBCary3-1,e604ab70-5bfb-11f0-99ca-3994f1733be8,65.19991,NA,NA,5.2726,NA,NA,NA,NA,NA,NA,13b4cefc-5421-4f51-81c6-689dca042000,2025-07-08,13:03:09,2025-07-08T13:03:09Z,2025-07-08T13:03:09Z,NA,v3,NA,NA,NA,"Williams, Asher",10907595,Right,CHA_14U9,1d6a7bbe-801e-4a12-a158-655486f0ed4d,55.93488,-99.02122,8.1594,5.48277,4.64633,-20.13124,-1.42882,-2.82499,4.18051,NA,NA,NA,NA,NA,NA,NA,NA,NA,NA,NA,NA,NA,NA,NA,NA,NA,NA,NA,NA,NA,NA,NA,NA,NA,NA,NA,NA,NA,NA,NA,NA,NA,NA,NA,NA,NA,NA,NA,NA,NA,NA,NA,NA,NA,NA,NA,NA,NA,NA,High,High,High,NA,NA,NA,NA,NA,NA,NA,NA,NA,NA,NA,NA,NA,NA,NA,NA,NA,NA,NA,NA,NA,NA,NA,NA,NA,NA,NA,NA,NA,NA,NA,NA,NA,NA,NA,NA,NA,NA,NA,NA,NA,NA,NA,NA,NA,NA,NA,NA,NA,NA,NA,NA,NA,NA,NA,NA,NA,NA
NA,NA,NA,NA,NA,NA,NA,NA,NA,NA,NA,NA,NA,NA,NA,NA,112,2025-07-08,09:03:50,3,1,"Head, Paris",10318891,Right,CHA_14U9,"West, Mason",10922102,Left,CHA_14U4,Undefined,4,Bottom,1,0,0,Undefined,Changeup,StrikeCalled,Undefined,Undefined,Undefined,0,0,NA,79.57566,-0.494421,-3.027038,2081.598897,195.590379,12:30:00,5.5034,1.64503,5.36594,-26.51194,18.83021,4.82721,2.82981,-0.79372,72.37783,-5.445551,-2.171046,0.484644,NA,NA,NA,NA,NA,NA,NA,NA,NA,NA,NA,-3.2954,10.03776,-1.37666,50,5.44063,5.89785,-115.25631,-1.8029,-4.41115,22.39758,-18.73766,CHA_14U4,CHA_14U9,USABBCary3,USA Baseball,USA,20250708-USABBCary3-1,fe778510-5bfb-11f0-99ca-3994f1733be8,77.77353,NA,NA,7.19783,NA,NA,NA,NA,NA,NA,13b4cefc-5421-4f51-81c6-689dca042000,2025-07-08,13:03:50,2025-07-08T13:03:50Z,2025-07-08T13:03:50Z,NA,v3,NA,NA,NA,"Williams, Asher",10907595,Right,CHA_14U9,65614fa1-c679-4f45-9772-c8b4c782c839,55.13001,-116.24894,11.19879,5.50213,-0.97247,-9.36883,-1.64237,6.09335,-2.20557,NA,NA,NA,NA,NA,NA,NA,NA,NA,NA,NA,NA,NA,NA,NA,NA,NA,NA,NA,NA,NA,NA,NA,NA,NA,NA,NA,NA,NA,NA,NA,NA,NA,NA,NA,NA,NA,NA,NA,NA,NA,NA,NA,NA,NA,NA,NA,NA,NA,NA,High,High,High,NA,NA,NA,NA,NA,NA,NA,NA,NA,NA,NA,NA,NA,NA,NA,NA,NA,NA,NA,NA,NA,NA,NA,NA,NA,NA,NA,NA,NA,NA,NA,NA,NA,NA,NA,NA,NA,NA,NA,NA,NA,NA,NA,NA,NA,NA,NA,NA,NA,NA,NA,NA,NA,NA,NA,NA,NA,NA
NA,NA,NA,NA,NA,NA,NA,NA,NA,NA,NA,NA,NA,NA,NA,NA,113,2025-07-08,09:04:12,3,2,"Head, Paris",10318891,Right,CHA_14U9,"West, Mason",10922102,Left,CHA_14U4,Undefined,4,Bottom,1,0,1,Undefined,Curveball,InPlay,Undefined,GroundBall,Out,1,0,NA,64.90733,4.183459,0.65702,2627.545439,41.900784,07:30:00,5.6789,1.1197,4.63606,-88.18942,-17.27013,-17.77903,2.31313,0.26259,59.07971,-11.606642,-2.466134,0.606113,62.67064,-33.63988,28.746257,NA,NA,NA,NA,5.11306,4.65428,16.359639,0.047369,8.90906,-9.14729,-1.16948,50,6.02662,-0.43999,-93.86256,4.06882,7.79775,16.7114,-40.1803,CHA_14U4,CHA_14U9,USABBCary3,USA Baseball,USA,20250708-USABBCary3-1,0b870690-5bfc-11f0-99ca-3994f1733be8,62.18715,2.42268,NA,5.82762,NA,NA,NA,1.71384,2.42268,-0.31086,13b4cefc-5421-4f51-81c6-689dca042000,2025-07-08,13:04:12,2025-07-08T13:04:12Z,2025-07-08T13:04:12Z,GroundBall,v3,NA,NA,NA,"Williams, Asher",10907595,Right,CHA_14U9,448b5048-bb0a-4259-b25f-024bb14b9f57,55.86962,-94.901840000000007,8.3557,5.69588,6.56762,-20.09015,-1.12704,-0.92493,3.89887,NA,1.71158,67.38971,NA,NA,NA,NA,NA,NA,NA,2.42439,-51.14438,NA,NA,NA,NA,NA,NA,NA,-0.3121,36.96553,NA,NA,NA,NA,NA,NA,NA,NA,NA,NA,NA,NA,NA,NA,NA,NA,NA,NA,NA,NA,NA,NA,NA,NA,NA,NA,NA,NA,NA,High,High,High,Low,Low,NA,NA,NA,NA,NA,NA,NA,NA,NA,NA,NA,NA,NA,NA,NA,NA,NA,NA,NA,NA,NA,NA,NA,NA,NA,NA,NA,NA,NA,NA,NA,NA,NA,NA,NA,NA,NA,NA,NA,NA,NA,NA,NA,NA,NA,NA,NA,NA,NA,NA,NA,NA,NA,NA,NA,NA
NA,NA,NA,NA,NA,NA,NA,NA,NA,NA,NA,NA,NA,NA,NA,NA,114,2025-07-08,09:04:55,4,1,"Head, Paris",10318891,Right,CHA_14U9,"Silva, Diego",1000333001,Right,CHA_14U4,Undefined,4,Bottom,2,0,0,Undefined,Curveball,BallCalled,Undefined,Undefined,Undefined,0,0,NA,66.78205,1.994616,-1.412168,2774.017535,35.130833,07:15:00,5.65922,1.19835,4.49729,-85.86942,-19.02025,-14.95989,0.40532,-1.39414,61.58463,-13.236325,-4.039497,0.588463,NA,NA,NA,NA,NA,NA,NA,NA,NA,NA,NA,6.82804,-9.24985,-1.03497,50,5.78568,2.93962,-96.77822,0.51234,6.37772,17.23697,-40.81385,CHA_14U4,CHA_14U9,USABBCary3,USA Baseball,USA,20250708-USABBCary3-1,25702c80-5bfc-11f0-99ca-3994f1733be8,64.0523,NA,NA,5.19742,NA,NA,NA,NA,NA,NA,13b4cefc-5421-4f51-81c6-689dca042000,2025-07-08,13:04:55,2025-07-08T13:04:55Z,2025-07-08T13:04:55Z,NA,v3,NA,NA,NA,"Williams, Asher",10907595,Right,CHA_14U9,a042811f-3fdf-47be-8369-5c3a950937fe,56.00932,-97.84267,8.61848,5.67621,3.03277,-20.40692,-1.20434,2.54577,3.18886,NA,NA,NA,NA,NA,NA,NA,NA,NA,NA,NA,NA,NA,NA,NA,NA,NA,NA,NA,NA,NA,NA,NA,NA,NA,NA,NA,NA,NA,NA,NA,NA,NA,NA,NA,NA,NA,NA,NA,NA,NA,NA,NA,NA,NA,NA,NA,NA,NA,NA,High,High,High,NA,NA,NA,NA,NA,NA,NA,NA,NA,NA,NA,NA,NA,NA,NA,NA,NA,NA,NA,NA,NA,NA,NA,NA,NA,NA,NA,NA,NA,NA,NA,NA,NA,NA,NA,NA,NA,NA,NA,NA,NA,NA,NA,NA,NA,NA,NA,NA,NA,NA,NA,NA,NA,NA,NA,NA,NA,NA
NA,NA,NA,NA,NA,NA,NA,NA,NA,NA,NA,NA,NA,NA,NA,NA,115,2025-07-08,09:05:18,4,2,"Head, Paris",10318891,Right,CHA_14U9,"Silva, Diego",1000333001,Right,CHA_14U4,Undefined,4,Bottom,2,1,0,Undefined,Changeup,FoulBallNotFieldable,Undefined,Undefined,Undefined,0,0,NA,81.48348,-1.020693,-3.28416,2188.309117,204.001023,12:45:00,5.52818,1.40709,5.38714,-24.91852,18.41249,7.53004,2.49327,-1.04703,73.94647,-5.683669,-1.94848,0.473774,65.52686,19.833221,162.75151,2774.161927,-106.80029,10.72195,26.33794,139.91253,47.37305,167.342254,1.802499,-4.75276,9.98575,-1.11874,50,5.41975,6.45592,-117.96438,-2.87344,-6.64781,23.98272,-18.20672,CHA_14U4,CHA_14U9,USABBCary3,USA Baseball,USA,20250708-USABBCary3-1,32e5e9e0-5bfc-11f0-99ca-3994f1733be8,79.5579,15.76874,NA,7.53701,NA,NA,NA,1.93964,2.47977,1.01942,13b4cefc-5421-4f51-81c6-689dca042000,2025-07-08,13:05:18,2025-07-08T13:05:18Z,2025-07-08T13:05:18Z,LineDrive,v3,NA,NA,NA,"Williams, Asher",10907595,Right,CHA_14U9,f2053fb8-6592-462d-a0ff-1367e223fd15,55.10921,-118.99858,11.99136,5.52674,-2.08832,-9.10336,-1.40332,6.74259,-3.32391,295.446013,1.93964,-86.33957,6.16601,-0.62771,0.06803,0.00707,-0.00152,3.3e-4,-3e-5,2.47977,32.60713,-21.31398,1.85785,-0.36647,0.06424,-0.00907,0.00145,-1.5e-4,1.01942,26.80663,-8.00145,1.82802,-0.4225,0.07313,-0.0114,0.00116,-1e-5,NA,NA,NA,NA,NA,NA,NA,NA,NA,NA,NA,NA,NA,NA,NA,NA,NA,NA,NA,NA,NA,NA,High,High,High,High,Low,NA,NA,NA,NA,NA,NA,NA,NA,NA,NA,NA,NA,NA,NA,NA,NA,NA,NA,NA,NA,NA,NA,NA,NA,NA,NA,NA,NA,NA,NA,NA,NA,NA,NA,NA,NA,NA,NA,NA,NA,NA,NA,NA,NA,NA,NA,NA,NA,NA,NA,NA,NA,NA,NA,NA,NA
NA,NA,NA,NA,NA,NA,NA,NA,NA,NA,NA,NA,NA,NA,NA,NA,116,2025-07-08,09:06:19,4,3,"Head, Paris",10318891,Right,CHA_14U9,"Silva, Diego",1000333001,Right,CHA_14U4,Undefined,4,Bottom,2,1,1,Undefined,Curveball,StrikeCalled,Undefined,Undefined,Undefined,0,0,NA,66.2196,4.339952,0.291403,2734.516497,43.168245,07:30:00,5.5693,1.4328,4.78782,-84.33071,-16.09769,-17.52237,2.66292,0.24879,59.74607,-10.845126,-2.792314,0.594523,NA,NA,NA,NA,NA,NA,NA,NA,NA,NA,NA,8.62426,-8.55898,-1.44574,50,5.92985,0.16064,-95.67116,4.55348,7.79,18.2575,-39.90507,CHA_14U4,CHA_14U9,USABBCary3,USA Baseball,USA,20250708-USABBCary3-1,5749dcb0-5bfc-11f0-99ca-3994f1733be8,63.39944,NA,NA,6.47353,NA,NA,NA,NA,NA,NA,13b4cefc-5421-4f51-81c6-689dca042000,2025-07-08,13:06:19,2025-07-08T13:06:19Z,2025-07-08T13:06:19Z,NA,v3,NA,NA,NA,"Williams, Asher",10907595,Right,CHA_14U9,03dd98ab-8c52-4900-8972-a4d66a120556,55.71548,-96.75573,9.12875,5.58894,6.92401,-19.95253,-1.44154,-0.30212,3.895,NA,NA,NA,NA,NA,NA,NA,NA,NA,NA,NA,NA,NA,NA,NA,NA,NA,NA,NA,NA,NA,NA,NA,NA,NA,NA,NA,NA,NA,NA,NA,NA,NA,NA,NA,NA,NA,NA,NA,NA,NA,NA,NA,NA,NA,NA,NA,NA,NA,NA,High,High,High,NA,NA,NA,NA,NA,NA,NA,NA,NA,NA,NA,NA,NA,NA,NA,NA,NA,NA,NA,NA,NA,NA,NA,NA,NA,NA,NA,NA,NA,NA,NA,NA,NA,NA,NA,NA,NA,NA,NA,NA,NA,NA,NA,NA,NA,NA,NA,NA,NA,NA,NA,NA,NA,NA,NA,NA,NA,NA
NA,NA,NA,NA,NA,NA,NA,NA,NA,NA,NA,NA,NA,NA,NA,NA,117,2025-07-08,09:06:38,4,4,"Head, Paris",10318891,Right,CHA_14U9,"Silva, Diego",1000333001,Right,CHA_14U4,Undefined,4,Bottom,2,1,2,Undefined,Curveball,StrikeSwinging,Strikeout,Undefined,Undefined,0,0,NA,67.1947,2.520997,0.062768,2710.262064,31.013962,07:00:00,5.44366,1.41104,4.58768,-85.87745,-19.4771,-13.17654,0.68687,0.37271,61.21819,-12.80521,-2.256016,0.586485,NA,NA,NA,NA,NA,NA,NA,NA,NA,NA,NA,6.43658,-9.65453,-1.40446,50,5.62383,0.38651,-97.27317,1.42445,6.01864,18.68161,-41.20169,CHA_14U4,CHA_14U9,USABBCary3,USA Baseball,USA,20250708-USABBCary3-1,627079f0-5bfc-11f0-99ca-3994f1733be8,64.26842,NA,NA,5.97652,NA,NA,NA,NA,NA,NA,13b4cefc-5421-4f51-81c6-689dca042000,2025-07-08,13:06:38,2025-07-08T13:06:38Z,2025-07-08T13:06:38Z,NA,v3,NA,NA,NA,"Williams, Asher",10907595,Right,CHA_14U9,9a3ffbf2-654a-4054-81e1-5fe353eb48a3,55.91722,-98.40302,9.34081,5.46233,3.91631,-20.60085,-1.41683,0.02251,3.00932,NA,NA,NA,NA,NA,NA,NA,NA,NA,NA,NA,NA,NA,NA,NA,NA,NA,NA,NA,NA,NA,NA,NA,NA,NA,NA,NA,NA,NA,NA,NA,NA,NA,NA,NA,NA,NA,NA,NA,NA,NA,NA,NA,NA,NA,NA,NA,NA,NA,NA,High,High,High,NA,NA,NA,NA,NA,NA,NA,NA,NA,NA,NA,NA,NA,NA,NA,NA,NA,NA,NA,NA,NA,NA,NA,NA,NA,NA,NA,NA,NA,NA,NA,NA,NA,NA,NA,NA,NA,NA,NA,NA,NA,NA,NA,NA,NA,NA,NA,NA,NA,NA,NA,NA,NA,NA,NA,NA,NA,NA
NA,NA,NA,NA,NA,NA,NA,NA,NA,NA,NA,NA,NA,NA,NA,NA,118,2025-07-08,09:09:38,1,1,"Mata III, Artemio",10922084,Right,CHA_14U4,"Freeze, Jaden",1000408243,Right,CHA_14U9,Undefined,5,Top,0,0,0,Undefined,Changeup,InPlay,Undefined,LineDrive,Out,1,0,NA,80.34763,-0.25929,-3.122824,2045.399357,231.859781,01:45:00,5.10316,1.3751,5.20771,-31.28466,13.77198,15.46686,2.2519,-0.27571,72.56784,-6.058416,-0.385731,0.483115,91.57168,15.781969,20.818364,3804.299303,99.87719,23.99207,46.09206,251.74627,223.66983,31.448742,2.725241,-8.76874,7.40878,-1.09844,50,5.05613,5.71208,-116.30606,-1.55562,-11.84948,24.55286,-22.16233,CHA_14U4,CHA_14U9,USABBCary3,USA Baseball,USA,20250708-USABBCary3-1,ce1b0990-5bfc-11f0-99ca-3994f1733be8,78.01956,25.4351,NA,7.77979,NA,NA,NA,2.78796,2.45535,0.31704,13b4cefc-5421-4f51-81c6-689dca042000,2025-07-08,13:09:38,2025-07-08T13:09:38Z,2025-07-08T13:09:38Z,LineDrive,v3,NA,NA,NA,"Silva, Diego",1000333001,Right,CHA_14U4,6c8be624-b72e-4802-85c7-b0e44721f3fb,55.29087,-117.41768,12.27643,5.10385,-0.55223,-11.08117,-1.36919,6.24856,-5.92474,235.940791,2.78791,120.8073,-24.89905,5.3457,-1.11326,0.19538,-0.0259,0.00202,-4e-5,2.45542,36.52305,-15.31123,0.72154,-0.1127,0.04899,-0.01813,0.00405,-3.7e-4,0.31714,45.92741,2.80845,-1.43032,0.3848,-0.05164,-0.00377,0.00264,-3e-4,NA,NA,NA,NA,NA,NA,NA,NA,NA,NA,NA,NA,NA,NA,NA,NA,NA,NA,NA,NA,NA,NA,High,High,High,High,Medium,NA,NA,NA,NA,NA,NA,NA,NA,NA,NA,NA,NA,NA,NA,NA,NA,NA,NA,NA,NA,NA,NA,NA,NA,NA,NA,NA,NA,NA,NA,NA,NA,NA,NA,NA,NA,NA,NA,NA,NA,NA,NA,NA,NA,NA,NA,NA,NA,NA,NA,NA,NA,NA,NA,NA,NA
NA,NA,NA,NA,NA,NA,NA,NA,NA,NA,NA,NA,NA,NA,NA,NA,119,2025-07-08,09:10:10,2,1,"Mata III, Artemio",10922084,Right,CHA_14U4,"De La Rosa, Sandy",1000306753,Right,CHA_14U9,Undefined,5,Top,1,0,0,Undefined,Changeup,InPlay,Undefined,GroundBall,Out,1,0,NA,80.75162,0.530985,-3.449319,2124.702088,242.495639,02:00:00,5.07268,1.19723,5.34554,-34.33833,9.83225,15.97328,2.71015,-0.71114,73.2538,-5.809379,-0.617094,0.478341,93.36766,2.004809,8.849612,1680.066706,NA,NA,NA,64.28366,64.28366,10.883687,0.489674,-9.07052,5.2002,-0.89814,50,5.09628,6.39635,-116.94483,-0.06006,-12.46268,23.66989,-25.02906,CHA_14U4,CHA_14U9,USABBCary3,USA Baseball,USA,20250708-USABBCary3-1,e13d69f0-5bfc-11f0-99ca-3994f1733be8,78.79821,2.94408,NA,7.49782,NA,NA,NA,1.11928,2.68442,0.74131,13b4cefc-5421-4f51-81c6-689dca042000,2025-07-08,13:10:10,2025-07-08T13:10:10Z,2025-07-08T13:10:10Z,GroundBall,v3,NA,NA,NA,"Silva, Diego",1000333001,Right,CHA_14U4,7a9a269a-57fb-4002-b9cb-5bd502ef9cc7,55.1534,-117.98328,11.83494,5.07483,1.03802,-12.51453,-1.19076,6.94312,-6.23134,304.03515,1.13039,134.92217,-17.02177,NA,NA,NA,NA,NA,NA,2.69744,4.43402,-20.35625,NA,NA,NA,NA,NA,NA,0.73368,21.26375,4.16612,NA,NA,NA,NA,NA,NA,NA,NA,NA,NA,NA,NA,NA,NA,NA,NA,NA,NA,NA,NA,NA,NA,NA,NA,NA,NA,NA,NA,High,High,High,Medium,High,NA,NA,NA,NA,NA,NA,NA,NA,NA,NA,NA,NA,NA,NA,NA,NA,NA,NA,NA,NA,NA,NA,NA,NA,NA,NA,NA,NA,NA,NA,NA,NA,NA,NA,NA,NA,NA,NA,NA,NA,NA,NA,NA,NA,NA,NA,NA,NA,NA,NA,NA,NA,NA,NA,NA,NA
NA,NA,NA,NA,NA,NA,NA,NA,NA,NA,NA,NA,NA,NA,NA,NA,120,2025-07-08,09:10:46,3,1,"Mata III, Artemio",10922084,Right,CHA_14U4,"Brown, Andrew",10870674,Right,CHA_14U9,Undefined,5,Top,2,0,0,Undefined,Changeup,StrikeCalled,Undefined,Undefined,Undefined,0,0,NA,79.97023,0.21322,-3.665192,1723.414266,240.888965,02:00:00,5.1182,1.37878,5.29719,-33.81388,11.36812,17.5906,2.50098,-0.60118,72.48719,-6.034639,-0.549674,0.483787,NA,NA,NA,NA,NA,NA,NA,NA,NA,NA,NA,-9.84111,6.0937,-1.05815,50,5.11345,6.67982,-115.74575,-0.68863,-13.24235,23.23599,-23.97425,CHA_14U4,CHA_14U9,USABBCary3,USA Baseball,USA,20250708-USABBCary3-1,f63f11a0-5bfc-11f0-99ca-3994f1733be8,77.91126,NA,NA,7.48305,NA,NA,NA,NA,NA,NA,13b4cefc-5421-4f51-81c6-689dca042000,2025-07-08,13:10:46,2025-07-08T13:10:46Z,2025-07-08T13:10:46Z,NA,v3,NA,NA,NA,"Silva, Diego",1000333001,Right,CHA_14U4,532d956e-b026-4945-832b-9fa950c9809d,55.19991,-116.78497,11.618,5.12027,0.3836,-11.987120000000001,-1.37015,7.27208,-6.62117,NA,NA,NA,NA,NA,NA,NA,NA,NA,NA,NA,NA,NA,NA,NA,NA,NA,NA,NA,NA,NA,NA,NA,NA,NA,NA,NA,NA,NA,NA,NA,NA,NA,NA,NA,NA,NA,NA,NA,NA,NA,NA,NA,NA,NA,NA,NA,NA,NA,NA,High,High,High,NA,NA,NA,NA,NA,NA,NA,NA,NA,NA,NA,NA,NA,NA,NA,NA,NA,NA,NA,NA,NA,NA,NA,NA,NA,NA,NA,NA,NA,NA,NA,NA,NA,NA,NA,NA,NA,NA,NA,NA,NA,NA,NA,NA,NA,NA,NA,NA,NA,NA,NA,NA,NA,NA,NA,NA,NA,NA
NA,NA,NA,NA,NA,NA,NA,NA,NA,NA,NA,NA,NA,NA,NA,NA,121,2025-07-08,09:11:05,3,2,"Mata III, Artemio",10922084,Right,CHA_14U4,"Brown, Andrew",10870674,Right,CHA_14U9,Undefined,5,Top,2,0,1,Undefined,Changeup,FoulBallNotFieldable,Undefined,Undefined,Undefined,0,0,NA,79.53918,0.687487,-2.438975,1871.851049,249.046666,02:15:00,5.16284,1.09342,5.2123,-36.34171,9.59115,20.75084,2.78146,0.52777,71.83417,-6.017329,1.236927,0.48779,NA,NA,NA,NA,NA,NA,NA,NA,NA,NA,NA,-11.13969,5.03044,-0.88433,50,5.19953,4.0523,-115.20312,0.16336,-14.76584,24.13457,-25.50614,CHA_14U4,CHA_14U9,USABBCary3,USA Baseball,USA,20250708-USABBCary3-1,01c7a500-5bfd-11f0-99ca-3994f1733be8,77.2718,NA,NA,7.70501,NA,NA,NA,NA,NA,NA,13b4cefc-5421-4f51-81c6-689dca042000,2025-07-08,13:11:05,2025-07-08T13:11:05Z,2025-07-08T13:11:05Z,NA,v3,NA,NA,NA,"Silva, Diego",1000333001,Right,CHA_14U4,01acb110-2799-4d05-8ec4-ab335e95ff4f,55.28624,-116.3053,12.06729,5.16548,1.32817,-12.75307,-1.08479,4.72662,-7.38292,NA,NA,NA,NA,NA,NA,NA,NA,NA,NA,NA,NA,NA,NA,NA,NA,NA,NA,NA,NA,NA,NA,NA,NA,NA,NA,NA,NA,NA,NA,NA,NA,NA,NA,NA,NA,NA,NA,NA,NA,NA,NA,NA,NA,NA,NA,NA,NA,NA,NA,High,High,High,NA,NA,NA,NA,NA,NA,NA,NA,NA,NA,NA,NA,NA,NA,NA,NA,NA,NA,NA,NA,NA,NA,NA,NA,NA,NA,NA,NA,NA,NA,NA,NA,NA,NA,NA,NA,NA,NA,NA,NA,NA,NA,NA,NA,NA,NA,NA,NA,NA,NA,NA,NA,NA,NA,NA,NA,NA,NA
NA,NA,NA,NA,NA,NA,NA,NA,NA,NA,NA,NA,NA,NA,NA,NA,122,2025-07-08,09:11:28,3,3,"Mata III, Artemio",10922084,Right,CHA_14U4,"Brown, Andrew",10870674,Right,CHA_14U9,Undefined,5,Top,2,0,2,Undefined,Curveball,StrikeSwinging,Strikeout,Undefined,Undefined,0,0,NA,69.34356,2.806089,-1.799697,2090.58357,53.656088,07:45:00,4.91745,1.20975,5.10283,-68.89228,-7.51693,-13.3491,1.82393,-1.59902,62.58791,-9.701103,-4.159628,0.563856,NA,NA,NA,NA,NA,NA,NA,NA,NA,NA,NA,5.9315,-3.92,-1.02921,50,5.12934,3.65097,-100.27072,2.71633,5.8917,19.89468,-36.06773,CHA_14U4,CHA_14U9,USABBCary3,USA Baseball,USA,20250708-USABBCary3-1,0f3c7800-5bfd-11f0-99ca-3994f1733be8,66.8476,NA,NA,6.75565,NA,NA,NA,NA,NA,NA,13b4cefc-5421-4f51-81c6-689dca042000,2025-07-08,13:11:28,2025-07-08T13:11:28Z,2025-07-08T13:11:28Z,NA,v3,NA,NA,NA,"Silva, Diego",1000333001,Right,CHA_14U4,cd251076-357c-414e-8dc6-deb5a0442421,55.39571,-101.33562,9.94734,4.93228,4.64693,-18.03387,-1.2162,3.3356,2.94585,NA,NA,NA,NA,NA,NA,NA,NA,NA,NA,NA,NA,NA,NA,NA,NA,NA,NA,NA,NA,NA,NA,NA,NA,NA,NA,NA,NA,NA,NA,NA,NA,NA,NA,NA,NA,NA,NA,NA,NA,NA,NA,NA,NA,NA,NA,NA,NA,NA,NA,High,High,High,NA,NA,NA,NA,NA,NA,NA,NA,NA,NA,NA,NA,NA,NA,NA,NA,NA,NA,NA,NA,NA,NA,NA,NA,NA,NA,NA,NA,NA,NA,NA,NA,NA,NA,NA,NA,NA,NA,NA,NA,NA,NA,NA,NA,NA,NA,NA,NA,NA,NA,NA,NA,NA,NA,NA,NA,NA,NA
NA,NA,NA,NA,NA,NA,NA,NA,NA,NA,NA,NA,NA,NA,NA,NA,123,2025-07-08,09:13:35,1,1,"Head, Paris",10318891,Right,CHA_14U9,"Munoz, Leonardo",10922082,Right,CHA_14U4,Undefined,5,Bottom,0,0,0,Undefined,Changeup,StrikeCalled,Undefined,Undefined,Undefined,0,0,NA,78.48726,-1.632776,-2.668833,2139.414728,183.689332,12:00:00,5.80643,1.1004,5.10622,-25.90616,21.50651,1.27567,2.10709,-1.3097,71.0217,-6.469385,-2.443592,0.495585,NA,NA,NA,NA,NA,NA,NA,NA,NA,NA,NA,-1.46602,11.68544,-0.84967,50,5.63299,5.23884,-113.52556,-4.0271,-1.89038,23.09976,-17.10611,CHA_14U4,CHA_14U9,USABBCary3,USA Baseball,USA,20250708-USABBCary3-1,5b4b4b40-5bfd-11f0-99ca-3994f1733be8,76.05641,NA,NA,7.46557,NA,NA,NA,NA,NA,NA,13b4cefc-5421-4f51-81c6-689dca042000,2025-07-08,13:13:35,2025-07-08T13:13:35Z,2025-07-08T13:13:35Z,NA,v3,NA,NA,NA,"Williams, Asher",10907595,Right,CHA_14U9,981e0b14-192c-4e91-bf80-05f96adfc369,55.38838,-114.61672,11.54988,5.80413,-3.21906,-8.55305,-1.09925,5.32813,-0.94519,NA,NA,NA,NA,NA,NA,NA,NA,NA,NA,NA,NA,NA,NA,NA,NA,NA,NA,NA,NA,NA,NA,NA,NA,NA,NA,NA,NA,NA,NA,NA,NA,NA,NA,NA,NA,NA,NA,NA,NA,NA,NA,NA,NA,NA,NA,NA,NA,NA,NA,High,High,High,NA,NA,NA,NA,NA,NA,NA,NA,NA,NA,NA,NA,NA,NA,NA,NA,NA,NA,NA,NA,NA,NA,NA,NA,NA,NA,NA,NA,NA,NA,NA,NA,NA,NA,NA,NA,NA,NA,NA,NA,NA,NA,NA,NA,NA,NA,NA,NA,NA,NA,NA,NA,NA,NA,NA,NA,NA,NA
NA,NA,NA,NA,NA,NA,NA,NA,NA,NA,NA,NA,NA,NA,NA,NA,124,2025-07-08,09:13:48,1,2,"Head, Paris",10318891,Right,CHA_14U9,"Munoz, Leonardo",10922082,Right,CHA_14U4,Undefined,5,Bottom,0,0,1,Undefined,Changeup,StrikeSwinging,Undefined,Undefined,Undefined,0,0,NA,79.23637,-0.671387,-2.678922,2284.117361,197.832651,12:30:00,5.65746,1.16714,5.19113,-26.57379,19.49131,5.76272,2.81067,-0.87459,71.99593,-5.624447,-1.659714,0.488492,NA,NA,NA,NA,NA,NA,NA,NA,NA,NA,NA,-3.65481,10.37221,-0.92293,50,5.57564,5.13092,-114.75097,-2.17064,-4.84379,22.43251,-18.4276,CHA_14U4,CHA_14U9,USABBCary3,USA Baseball,USA,20250708-USABBCary3-1,630ec050-5bfd-11f0-99ca-3994f1733be8,77.16079,NA,NA,7.24045,NA,NA,NA,NA,NA,NA,13b4cefc-5421-4f51-81c6-689dca042000,2025-07-08,13:13:48,2025-07-08T13:13:48Z,2025-07-08T13:13:48Z,NA,v3,NA,NA,NA,"Williams, Asher",10907595,Right,CHA_14U9,36542630-ec3c-4395-853d-12c8b2d4ed68,55.30484,-115.78336,11.21625,5.65602,-1.32256,-9.2138,-1.16419,5.35384,-2.42189,NA,NA,NA,NA,NA,NA,NA,NA,NA,NA,NA,NA,NA,NA,NA,NA,NA,NA,NA,NA,NA,NA,NA,NA,NA,NA,NA,NA,NA,NA,NA,NA,NA,NA,NA,NA,NA,NA,NA,NA,NA,NA,NA,NA,NA,NA,NA,NA,NA,NA,High,High,High,NA,NA,NA,NA,NA,NA,NA,NA,NA,NA,NA,NA,NA,NA,NA,NA,NA,NA,NA,NA,NA,NA,NA,NA,NA,NA,NA,NA,NA,NA,NA,NA,NA,NA,NA,NA,NA,NA,NA,NA,NA,NA,NA,NA,NA,NA,NA,NA,NA,NA,NA,NA,NA,NA,NA,NA,NA,NA
NA,NA,NA,NA,NA,NA,NA,NA,NA,NA,NA,NA,NA,NA,NA,NA,125,2025-07-08,09:14:01,1,3,"Head, Paris",10318891,Right,CHA_14U9,"Munoz, Leonardo",10922082,Right,CHA_14U4,Undefined,5,Bottom,0,0,2,Undefined,Curveball,BallCalled,Undefined,Undefined,Undefined,0,0,NA,67.39472,1.088114,-1.199435,2892.523638,34.200688,07:15:00,5.612,1.35939,4.61595,-83.04209,-17.77698,-13.563,-0.27329,-0.9114,62.29519,-13.650581,-3.590036,0.58145,NA,NA,NA,NA,NA,NA,NA,NA,NA,NA,NA,6.29355,-8.53398,-1.22269,50,5.64642,2.53867,-97.72729,-0.87267,5.99666,17.52185,-40.30547,CHA_14U4,CHA_14U9,USABBCary3,USA Baseball,USA,20250708-USABBCary3-1,6aa028e0-5bfd-11f0-99ca-3994f1733be8,64.82495,NA,NA,5.09953,NA,NA,NA,NA,NA,NA,13b4cefc-5421-4f51-81c6-689dca042000,2025-07-08,13:14:01,2025-07-08T13:14:01Z,2025-07-08T13:14:01Z,NA,v3,NA,NA,NA,"Williams, Asher",10907595,Right,CHA_14U9,e7de0986-2d37-4d65-9ae0-cd1a18257357,55.89012,-98.77771,8.76093,5.62631,1.54359,-20.15274,-1.36411,2.17917,2.99833,NA,NA,NA,NA,NA,NA,NA,NA,NA,NA,NA,NA,NA,NA,NA,NA,NA,NA,NA,NA,NA,NA,NA,NA,NA,NA,NA,NA,NA,NA,NA,NA,NA,NA,NA,NA,NA,NA,NA,NA,NA,NA,NA,NA,NA,NA,NA,NA,NA,NA,High,High,High,NA,NA,NA,NA,NA,NA,NA,NA,NA,NA,NA,NA,NA,NA,NA,NA,NA,NA,NA,NA,NA,NA,NA,NA,NA,NA,NA,NA,NA,NA,NA,NA,NA,NA,NA,NA,NA,NA,NA,NA,NA,NA,NA,NA,NA,NA,NA,NA,NA,NA,NA,NA,NA,NA,NA,NA,NA,NA
NA,NA,NA,NA,NA,NA,NA,NA,NA,NA,NA,NA,NA,NA,NA,NA,126,2025-07-08,09:14:16,1,4,"Head, Paris",10318891,Right,CHA_14U9,"Munoz, Leonardo",10922082,Right,CHA_14U4,Undefined,5,Bottom,0,1,2,Undefined,Changeup,BallCalled,Undefined,Undefined,Undefined,0,0,NA,79.40731,1.274938,-1.657746,2294.96377,185.019148,12:15:00,5.73712,1.21902,5.22679,-27.66025,17.84836,1.44071,4.63137,-0.2198,72.39143,-3.872169,-1.402667,0.485532,NA,NA,NA,NA,NA,NA,NA,NA,NA,NA,NA,-1.17693,8.97945,-1.06731,50,5.8345,3.27235,-115.12725,1.69256,-1.57943,21.39678,-20.12388,CHA_14U4,CHA_14U9,USABBCary3,USA Baseball,USA,20250708-USABBCary3-1,735e0380-5bfd-11f0-99ca-3994f1733be8,77.63115,NA,NA,7.01587,NA,NA,NA,NA,NA,NA,13b4cefc-5421-4f51-81c6-689dca042000,2025-07-08,13:14:16,2025-07-08T13:14:16Z,2025-07-08T13:14:16Z,NA,v3,NA,NA,NA,"Williams, Asher",10907595,Right,CHA_14U9,c78b65df-1b8f-4616-9803-6cad23d5a5bc,55.26944,-116.10246,10.69839,5.73646,2.60975,-10.06194,-1.21809,3.34434,-0.78972,NA,NA,NA,NA,NA,NA,NA,NA,NA,NA,NA,NA,NA,NA,NA,NA,NA,NA,NA,NA,NA,NA,NA,NA,NA,NA,NA,NA,NA,NA,NA,NA,NA,NA,NA,NA,NA,NA,NA,NA,NA,NA,NA,NA,NA,NA,NA,NA,NA,NA,High,High,High,NA,NA,NA,NA,NA,NA,NA,NA,NA,NA,NA,NA,NA,NA,NA,NA,NA,NA,NA,NA,NA,NA,NA,NA,NA,NA,NA,NA,NA,NA,NA,NA,NA,NA,NA,NA,NA,NA,NA,NA,NA,NA,NA,NA,NA,NA,NA,NA,NA,NA,NA,NA,NA,NA,NA,NA,NA,NA
NA,NA,NA,NA,NA,NA,NA,NA,NA,NA,NA,NA,NA,NA,NA,NA,127,2025-07-08,09:14:29,1,5,"Head, Paris",10318891,Right,CHA_14U9,"Munoz, Leonardo",10922082,Right,CHA_14U4,Undefined,5,Bottom,0,2,2,Undefined,Curveball,FoulBallNotFieldable,Undefined,Undefined,Undefined,0,0,NA,65.72593,3.478608,-0.351886,2735.543591,39.260911,07:15:00,5.6917,1.42662,4.38931,-87.79434,-18.12418,-16.82229,1.70074,-0.31119,60.03371,-12.142041,-3.295707,0.600751,NA,NA,NA,NA,NA,NA,NA,NA,NA,NA,NA,8.08193,-9.3802,-1.37098,50,5.97542,1.20007,-95.09427,2.89494,7.26325,17.10562,-40.60407,CHA_14U4,CHA_14U9,USABBCary3,USA Baseball,USA,20250708-USABBCary3-1,7b8bd320-5bfd-11f0-99ca-3994f1733be8,62.74217,NA,NA,5.69222,NA,NA,NA,NA,NA,NA,13b4cefc-5421-4f51-81c6-689dca042000,2025-07-08,13:14:29,2025-07-08T13:14:29Z,2025-07-08T13:14:29Z,NA,v3,NA,NA,NA,"Williams, Asher",10907595,Right,CHA_14U9,01553a8f-01ed-49a9-bf69-fc4843a5e7ea,56.11666,-96.18824,8.55281,5.70724,5.49174,-20.30204,-1.43288,0.73555,3.63163,NA,NA,NA,NA,NA,NA,NA,NA,NA,NA,NA,NA,NA,NA,NA,NA,NA,NA,NA,NA,NA,NA,NA,NA,NA,NA,NA,NA,NA,NA,NA,NA,NA,NA,NA,NA,NA,NA,NA,NA,NA,NA,NA,NA,NA,NA,NA,NA,NA,NA,High,High,High,NA,NA,NA,NA,NA,NA,NA,NA,NA,NA,NA,NA,NA,NA,NA,NA,NA,NA,NA,NA,NA,NA,NA,NA,NA,NA,NA,NA,NA,NA,NA,NA,NA,NA,NA,NA,NA,NA,NA,NA,NA,NA,NA,NA,NA,NA,NA,NA,NA,NA,NA,NA,NA,NA,NA,NA,NA,NA
NA,NA,NA,NA,NA,NA,NA,NA,NA,NA,NA,NA,NA,NA,NA,NA,128,2025-07-08,09:14:56,1,6,"Head, Paris",10318891,Right,CHA_14U9,"Munoz, Leonardo",10922082,Right,CHA_14U4,Undefined,5,Bottom,0,2,2,Undefined,Changeup,StrikeCalled,Strikeout,Undefined,Undefined,0,0,NA,79.08111,-0.00384,-3.293705,2203.247503,208.320084,01:00:00,5.77663,1.14477,5.03523,-29.65269,16.94517,8.26705,3.30194,-1.27716,71.74643,-5.493399,-1.837072,0.491309,NA,NA,NA,NA,NA,NA,NA,NA,NA,NA,NA,-5.06642,8.86386,-0.8368,50,5.75325,6.23909,-114.43843,-0.97428,-6.67314,22.4557,-20.49918,CHA_14U4,CHA_14U9,USABBCary3,USA Baseball,USA,20250708-USABBCary3-1,8ba00920-5bfd-11f0-99ca-3994f1733be8,76.71844,NA,NA,7.33468,NA,NA,NA,NA,NA,NA,13b4cefc-5421-4f51-81c6-689dca042000,2025-07-08,13:14:56,2025-07-08T13:14:56Z,2025-07-08T13:14:56Z,NA,v3,NA,NA,NA,"Williams, Asher",10907595,Right,CHA_14U9,9281032e-a397-48d3-845d-730f6130ce93,55.46098,-115.50504,11.22785,5.7764,-6e-4,-10.24959,-1.14067,6.55605,-3.33657,NA,NA,NA,NA,NA,NA,NA,NA,NA,NA,NA,NA,NA,NA,NA,NA,NA,NA,NA,NA,NA,NA,NA,NA,NA,NA,NA,NA,57.75397,2.664494,1.415373,1.249121,-0.48356,3.11539,1.33726,-1.1382,5.32486,0.91161,71.29908,5.38451,-53.674,-1.10541,63.20859,-4.2039,5.44993,20.72146,-16.65264,0.82425,-50.56112,5.5643,High,High,High,NA,NA,High,High,High,NA,NA,NA,NA,NA,NA,NA,NA,NA,NA,NA,NA,NA,NA,NA,NA,NA,NA,NA,NA,NA,NA,NA,NA,NA,NA,NA,NA,NA,NA,NA,NA,NA,NA,NA,NA,NA,NA,NA,NA,NA,NA,NA,NA,NA,NA,NA,NA,NA,NA,NA,NA,NA
NA,NA,NA,NA,NA,NA,NA,NA,NA,NA,NA,NA,NA,NA,NA,NA,129,2025-07-08,09:15:20,2,1,"Head, Paris",10318891,Right,CHA_14U9,"Vera, Jose",10922090,Right,CHA_14U4,Undefined,5,Bottom,1,0,0,Undefined,Curveball,StrikeCalled,Undefined,Undefined,Undefined,0,0,NA,66.50668,3.412535,0.324537,2615.671026,43.807339,07:30:00,5.58014,1.32325,4.76869,-79.61685,-12.98796,-14.60351,2.1847,0.41399,60.90765,-10.87434,-2.246691,0.587493,NA,NA,NA,NA,NA,NA,NA,NA,NA,NA,NA,7.24843,-6.74508,-1.34217,50,5.85203,-0.01515,-96.32303,3.19421,6.73537,16.49125,-38.44169,CHA_14U4,CHA_14U9,USABBCary3,USA Baseball,USA,20250708-USABBCary3-1,99abc4f0-5bfd-11f0-99ca-3994f1733be8,64.1581,NA,NA,5.59903,NA,NA,NA,NA,NA,NA,13b4cefc-5421-4f51-81c6-689dca042000,2025-07-08,13:15:20,2025-07-08T13:15:20Z,2025-07-08T13:15:20Z,NA,v3,NA,NA,NA,"Williams, Asher",10907595,Right,CHA_14U9,7eb157b0-6a09-4db7-990c-9ff6ea31f219,55.7355,-97.30004,8.24563,5.59533,5.47164,-19.22084,-1.32945,-0.41418,3.36769,NA,NA,NA,NA,NA,NA,NA,NA,NA,NA,NA,NA,NA,NA,NA,NA,NA,NA,NA,NA,NA,NA,NA,NA,NA,NA,NA,NA,NA,NA,NA,NA,NA,NA,NA,NA,NA,NA,NA,NA,NA,NA,NA,NA,NA,NA,NA,NA,NA,NA,High,High,High,NA,NA,NA,NA,NA,NA,NA,NA,NA,NA,NA,NA,NA,NA,NA,NA,NA,NA,NA,NA,NA,NA,NA,NA,NA,NA,NA,NA,NA,NA,NA,NA,NA,NA,NA,NA,NA,NA,NA,NA,NA,NA,NA,NA,NA,NA,NA,NA,NA,NA,NA,NA,NA,NA,NA,NA,NA,NA
NA,NA,NA,NA,NA,NA,NA,NA,NA,NA,NA,NA,NA,NA,NA,NA,130,2025-07-08,09:15:33,2,2,"Head, Paris",10318891,Right,CHA_14U9,"Vera, Jose",10922090,Right,CHA_14U4,Undefined,5,Bottom,1,0,1,Undefined,Changeup,BallCalled,Undefined,Undefined,Undefined,0,0,NA,79.46471,-0.684815,-3.938977,2200.936589,189.458854,12:15:00,5.72699,0.99539,5.23808,-28.97655,16.62887,2.52315,2.66706,-2.50245,72.62842,-6.03962,-3.493433,0.486048,NA,NA,NA,NA,NA,NA,NA,NA,NA,NA,NA,-2.36284,8.94319,-0.63451,50,5.64274,7.81595,-115.01234,-2.30432,-3.16223,21.50008,-20.20521,CHA_14U4,CHA_14U9,USABBCary3,USA Baseball,USA,20250708-USABBCary3-1,a16e2890-5bfd-11f0-99ca-3994f1733be8,77.54872,NA,NA,6.83629,NA,NA,NA,NA,NA,NA,13b4cefc-5421-4f51-81c6-689dca042000,2025-07-08,13:15:33,2025-07-08T13:15:33Z,2025-07-08T13:15:33Z,NA,v3,NA,NA,NA,"Williams, Asher",10907595,Right,CHA_14U9,2da8b2b8-3c6d-4633-a5a1-f679d99fdd2d,55.25869,-115.99122,10.75004,5.72671,-1.3844,-10.10261,-0.99365,7.95992,-1.58112,NA,NA,NA,NA,NA,NA,NA,NA,NA,NA,NA,NA,NA,NA,NA,NA,NA,NA,NA,NA,NA,NA,NA,NA,NA,NA,NA,NA,NA,NA,NA,NA,NA,NA,NA,NA,NA,NA,NA,NA,NA,NA,NA,NA,NA,NA,NA,NA,NA,NA,High,High,High,NA,NA,NA,NA,NA,NA,NA,NA,NA,NA,NA,NA,NA,NA,NA,NA,NA,NA,NA,NA,NA,NA,NA,NA,NA,NA,NA,NA,NA,NA,NA,NA,NA,NA,NA,NA,NA,NA,NA,NA,NA,NA,NA,NA,NA,NA,NA,NA,NA,NA,NA,NA,NA,NA,NA,NA,NA,NA
NA,NA,NA,NA,NA,NA,NA,NA,NA,NA,NA,NA,NA,NA,NA,NA,131,2025-07-08,09:15:45,2,3,"Head, Paris",10318891,Right,CHA_14U9,"Vera, Jose",10922090,Right,CHA_14U4,Undefined,5,Bottom,1,1,1,Undefined,Curveball,BallCalled,Undefined,Undefined,Undefined,0,0,NA,67.52357,0.095874,-2.087697,2713.579462,33.529801,07:00:00,5.57602,1.20767,4.41794,-87.20017,-20.34092,-15.193,-1.5991,-2.05141,61.66908,-15.297406,-4.759333,0.588508,NA,NA,NA,NA,NA,NA,NA,NA,NA,NA,NA,6.74441,-9.66823,-0.96953,50,5.49957,4.11007,-97.64294,-2.71918,6.27902,20.47782,-41.17515,CHA_14U4,CHA_14U9,USABBCary3,USA Baseball,USA,20250708-USABBCary3-1,a8daf220-5bfd-11f0-99ca-3994f1733be8,64.04749,NA,NA,5.85449,NA,NA,NA,NA,NA,NA,13b4cefc-5421-4f51-81c6-689dca042000,2025-07-08,13:15:45,2025-07-08T13:15:45Z,2025-07-08T13:15:45Z,NA,v3,NA,NA,NA,"Williams, Asher",10907595,Right,CHA_14U9,ba05c324-4b6e-4f79-a081-57af2293f3ff,56.08709,-98.91129,10.23891,5.58901,-0.16887,-20.58758,-1.21205,3.72116,3.13951,NA,NA,NA,NA,NA,NA,NA,NA,NA,NA,NA,NA,NA,NA,NA,NA,NA,NA,NA,NA,NA,NA,NA,NA,NA,NA,NA,NA,NA,NA,NA,NA,NA,NA,NA,NA,NA,NA,NA,NA,NA,NA,NA,NA,NA,NA,NA,NA,NA,NA,High,High,High,NA,NA,NA,NA,NA,NA,NA,NA,NA,NA,NA,NA,NA,NA,NA,NA,NA,NA,NA,NA,NA,NA,NA,NA,NA,NA,NA,NA,NA,NA,NA,NA,NA,NA,NA,NA,NA,NA,NA,NA,NA,NA,NA,NA,NA,NA,NA,NA,NA,NA,NA,NA,NA,NA,NA,NA,NA,NA
NA,NA,NA,NA,NA,NA,NA,NA,NA,NA,NA,NA,NA,NA,NA,NA,132,2025-07-08,09:16:06,2,4,"Head, Paris",10318891,Right,CHA_14U9,"Vera, Jose",10922090,Right,CHA_14U4,Undefined,5,Bottom,1,2,1,Undefined,Curveball,BallCalled,Undefined,Undefined,Undefined,0,0,NA,66.67512,1.885782,-0.621102,2691.912965,37.602288,07:15:00,5.55967,1.15497,4.39709,-84.42225,-16.53001,-14.64847,0.32537,-0.65865,60.88456,-13.11619,-3.190331,0.593037,NA,NA,NA,NA,NA,NA,NA,NA,NA,NA,NA,6.86819,-7.92071,-1.0733,50,5.67717,1.59887,-96.50194,0.3438,6.32285,18.34243,-39.46585,CHA_14U4,CHA_14U9,USABBCary3,USA Baseball,USA,20250708-USABBCary3-1,b57d8100-5bfd-11f0-99ca-3994f1733be8,63.55836,NA,NA,5.79056,NA,NA,NA,NA,NA,NA,13b4cefc-5421-4f51-81c6-689dca042000,2025-07-08,13:16:06,2025-07-08T13:16:06Z,2025-07-08T13:16:06Z,NA,v3,NA,NA,NA,"Williams, Asher",10907595,Right,CHA_14U9,198e83d4-5135-4c91-a994-5a03a7178e8d,56.10677,-97.65577,9.17122,5.57746,2.82641,-19.73293,-1.16136,1.20113,3.16143,NA,NA,NA,NA,NA,NA,NA,NA,NA,NA,NA,NA,NA,NA,NA,NA,NA,NA,NA,NA,NA,NA,NA,NA,NA,NA,NA,NA,NA,NA,NA,NA,NA,NA,NA,NA,NA,NA,NA,NA,NA,NA,NA,NA,NA,NA,NA,NA,NA,NA,High,High,High,NA,NA,NA,NA,NA,NA,NA,NA,NA,NA,NA,NA,NA,NA,NA,NA,NA,NA,NA,NA,NA,NA,NA,NA,NA,NA,NA,NA,NA,NA,NA,NA,NA,NA,NA,NA,NA,NA,NA,NA,NA,NA,NA,NA,NA,NA,NA,NA,NA,NA,NA,NA,NA,NA,NA,NA,NA,NA
NA,NA,NA,NA,NA,NA,NA,NA,NA,NA,NA,NA,NA,NA,NA,NA,133,2025-07-08,09:16:24,2,5,"Head, Paris",10318891,Right,CHA_14U9,"Vera, Jose",10922090,Right,CHA_14U4,Undefined,5,Bottom,1,3,1,Undefined,Changeup,BallCalled,Walk,Undefined,Undefined,0,0,NA,80.91079,0.789323,-0.888198,1958.150586,193.942219,12:30:00,5.70606,1.32958,5.01894,-29.38883,14.98209,3.35024,4.00203,0.77048,73.44768,-4.64766,-0.296746,0.479425,NA,NA,NA,NA,NA,NA,NA,NA,NA,NA,NA,-1.9089,7.62516,-1.24728,50,5.75867,1.6724,-117.25315,0.62135,-2.64311,23.2908,-21.61605,CHA_14U4,CHA_14U9,USABBCary3,USA Baseball,USA,20250708-USABBCary3-1,bfba0c60-5bfd-11f0-99ca-3994f1733be8,78.6201,NA,NA,7.4631,NA,NA,NA,NA,NA,NA,13b4cefc-5421-4f51-81c6-689dca042000,2025-07-08,13:16:24,2025-07-08T13:16:24Z,2025-07-08T13:16:24Z,NA,v3,NA,NA,NA,"Williams, Asher",10907595,Right,CHA_14U9,41f3face-26ca-4081-ba84-2c5810f072a3,55.47652,-118.33598,11.6454,5.70642,1.62632,-10.80803,-1.32789,1.79528,-1.32155,NA,NA,NA,NA,NA,NA,NA,NA,NA,NA,NA,NA,NA,NA,NA,NA,NA,NA,NA,NA,NA,NA,NA,NA,NA,NA,NA,NA,NA,NA,NA,NA,NA,NA,NA,NA,NA,NA,NA,NA,NA,NA,NA,NA,NA,NA,NA,NA,NA,NA,High,High,High,NA,NA,NA,NA,NA,NA,NA,NA,NA,NA,NA,NA,NA,NA,NA,NA,NA,NA,NA,NA,NA,NA,NA,NA,NA,NA,NA,NA,NA,NA,NA,NA,NA,NA,NA,NA,NA,NA,NA,NA,NA,NA,NA,NA,NA,NA,NA,NA,NA,NA,NA,NA,NA,NA,NA,NA,NA,NA
NA,NA,NA,NA,NA,NA,NA,NA,NA,NA,NA,NA,NA,NA,NA,NA,134,2025-07-08,09:17:49,3,1,"Head, Paris",10318891,Right,CHA_14U9,"Taylor, Grey",1000339177,Left,CHA_14U4,Undefined,5,Bottom,1,0,0,Undefined,Changeup,BallCalled,Undefined,Undefined,Undefined,0,0,NA,78.1935,-1.783566,-0.568638,1977.317692,205.804885,12:45:00,5.51528,1.50445,5.05295,-31.70167,16.34068,7.02158,1.19071,1.55326,70.53701,-7.645307,0.673393,0.498865,NA,NA,NA,NA,NA,NA,NA,NA,NA,NA,NA,-3.68095,9.21666,-1.45624,50,5.3211,0.83465,-113.15445,-4.54795,-4.68421,24.20875,-20.44535,CHA_14U4,CHA_14U9,USABBCary3,USA Baseball,USA,20250708-USABBCary3-1,f2486690-5bfd-11f0-99ca-3994f1733be8,75.55632,NA,NA,7.65648,NA,NA,NA,NA,NA,NA,13b4cefc-5421-4f51-81c6-689dca042000,2025-07-08,13:17:49,2025-07-08T13:17:49Z,2025-07-08T13:17:49Z,NA,v3,NA,NA,NA,"Williams, Asher",10907595,Right,CHA_14U9,a1b341d7-8312-4449-a3bf-b4da6c46f448,55.44282,-114.31297000000001,12.10438,5.51533,-3.56952,-10.22267,-1.50155,1.05881,-2.34211,NA,NA,NA,NA,NA,NA,NA,NA,NA,NA,NA,NA,NA,NA,NA,NA,NA,NA,NA,NA,NA,NA,NA,NA,NA,NA,NA,NA,70.52201,NA,1.041664,NA,1.72893,1.23252,-1.54961,-0.86656,6.00292,-0.40625,NA,NA,NA,-0.76646,101.62272,-8.61746,6.04246,10.6193,-13.04905,-0.47229,-3.31791,3.84492,High,High,High,NA,NA,High,High,Medium,NA,NA,NA,NA,NA,NA,NA,NA,NA,NA,NA,NA,NA,NA,NA,NA,NA,NA,NA,NA,NA,NA,NA,NA,NA,NA,NA,NA,NA,NA,NA,NA,NA,NA,NA,NA,NA,NA,NA,NA,NA,NA,NA,NA,NA,NA,NA,NA,NA,NA,NA,NA,NA
NA,NA,NA,NA,NA,NA,NA,NA,NA,NA,NA,NA,NA,NA,NA,NA,135,2025-07-08,09:18:22,3,2,"Head, Paris",10318891,Right,CHA_14U9,"Taylor, Grey",1000339177,Left,CHA_14U4,Undefined,5,Bottom,1,1,0,Undefined,Changeup,BallCalled,Undefined,Undefined,Undefined,0,0,NA,79.88204,-1.039718,-2.350917,2027.374688,196.879692,12:30:00,5.63196,1.20517,5.69221,-28.57002,15.63505,4.31079,2.2812,-0.62783,73.1115,-6.361749,-1.580757,0.478528,NA,NA,NA,NA,NA,NA,NA,NA,NA,NA,NA,-2.83839,8.66867,-1.01018,50,5.5268,4.58782,-115.87181,-2.96434,-3.85644,21.7803,-20.39611,CHA_14U4,CHA_14U9,USABBCary3,USA Baseball,USA,20250708-USABBCary3-1,06668c10-5bfe-11f0-99ca-3994f1733be8,78.76744,NA,NA,6.77054,NA,NA,NA,NA,NA,NA,13b4cefc-5421-4f51-81c6-689dca042000,2025-07-08,13:18:22,2025-07-08T13:18:22Z,2025-07-08T13:18:22Z,NA,v3,NA,NA,NA,"Williams, Asher",10907595,Right,CHA_14U9,28038ade-5cf2-4b6e-91d3-8404a90f5c4a,54.80471,-116.77146,10.89015,5.63184,-2.12187,-10.19806,-1.20297,4.74712,-1.92822,NA,NA,NA,NA,NA,NA,NA,NA,NA,NA,NA,NA,NA,NA,NA,NA,NA,NA,NA,NA,NA,NA,NA,NA,NA,NA,NA,NA,NA,NA,NA,NA,NA,NA,NA,NA,NA,NA,NA,NA,NA,NA,NA,NA,NA,NA,NA,NA,NA,NA,High,High,High,NA,NA,NA,NA,NA,NA,NA,NA,NA,NA,NA,NA,NA,NA,NA,NA,NA,NA,NA,NA,NA,NA,NA,NA,NA,NA,NA,NA,NA,NA,NA,NA,NA,NA,NA,NA,NA,NA,NA,NA,NA,NA,NA,NA,NA,NA,NA,NA,NA,NA,NA,NA,NA,NA,NA,NA,NA,NA
NA,NA,NA,NA,NA,NA,NA,NA,NA,NA,NA,NA,NA,NA,NA,NA,136,2025-07-08,09:18:45,3,3,"Head, Paris",10318891,Right,CHA_14U9,"Taylor, Grey",1000339177,Left,CHA_14U4,Undefined,5,Bottom,1,2,0,Undefined,Changeup,BallCalled,Undefined,Undefined,Undefined,0,0,NA,78.75422,0.347879,-1.787649,2155.534567,189.362396,12:15:00,5.7057,1.28818,5.29303,-29.09994,17.46025,2.61095,3.60751,-0.17329,71.28073,-5.082139,-1.324662,0.49111,NA,NA,NA,NA,NA,NA,NA,NA,NA,NA,NA,-1.84555,9.0965,-1.12739,50,5.71676,3.45367,-114.09045,-0.20766,-2.40897,22.8932,-20.30065,CHA_14U4,CHA_14U9,USABBCary3,USA Baseball,USA,20250708-USABBCary3-1,13a11530-5bfe-11f0-99ca-3994f1733be8,76.74951,NA,NA,7.47349,NA,NA,NA,NA,NA,NA,13b4cefc-5421-4f51-81c6-689dca042000,2025-07-08,13:18:45,2025-07-08T13:18:45Z,2025-07-08T13:18:45Z,NA,v3,NA,NA,NA,"Williams, Asher",10907595,Right,CHA_14U9,fc4c9a24-56a1-44c4-99fc-17871216f9d6,55.20188,-115.12951,11.4466,5.70527,0.71373,-10.15033,-1.28663,3.56301,-1.20448,NA,NA,NA,NA,NA,NA,NA,NA,NA,NA,NA,NA,NA,NA,NA,NA,NA,NA,NA,NA,NA,NA,NA,NA,NA,NA,NA,NA,NA,NA,NA,NA,NA,NA,NA,NA,NA,NA,NA,NA,NA,NA,NA,NA,NA,NA,NA,NA,NA,NA,High,High,High,NA,NA,NA,NA,NA,NA,NA,NA,NA,NA,NA,NA,NA,NA,NA,NA,NA,NA,NA,NA,NA,NA,NA,NA,NA,NA,NA,NA,NA,NA,NA,NA,NA,NA,NA,NA,NA,NA,NA,NA,NA,NA,NA,NA,NA,NA,NA,NA,NA,NA,NA,NA,NA,NA,NA,NA,NA,NA
NA,NA,NA,NA,NA,NA,NA,NA,NA,NA,NA,NA,NA,NA,NA,NA,137,2025-07-08,09:19:06,3,4,"Head, Paris",10318891,Right,CHA_14U9,"Taylor, Grey",1000339177,Left,CHA_14U4,Undefined,5,Bottom,1,3,0,Undefined,Changeup,StrikeCalled,Undefined,Undefined,Undefined,0,0,NA,77.93169,-0.002749,-1.837013,2174.681086,207.182931,01:00:00,5.52604,1.37087,5.26461,-32.64742,14.99989,6.83823,2.80284,0.21437,70.55899,-6.059913,-0.624407,0.49681,NA,NA,NA,NA,NA,NA,NA,NA,NA,NA,NA,-3.97843,7.98859,-1.20796,50,5.50231,3.34453,-112.89605,-1.03805,-5.07748,22.68892,-21.97862,CHA_14U4,CHA_14U9,USABBCary3,USA Baseball,USA,20250708-USABBCary3-1,203461d0-5bfe-11f0-99ca-3994f1733be8,75.86889,NA,NA,7.3727,NA,NA,NA,NA,NA,NA,13b4cefc-5421-4f51-81c6-689dca042000,2025-07-08,13:19:06,2025-07-08T13:19:06Z,2025-07-08T13:19:06Z,NA,v3,NA,NA,NA,"Williams, Asher",10907595,Right,CHA_14U9,8b68841b-d985-49b1-b312-8bc619d50052,55.23119,-113.94252,11.34446,5.52681,-0.02434,-10.98931,-1.36761,3.57872,-2.53874,NA,NA,NA,NA,NA,NA,NA,NA,NA,NA,NA,NA,NA,NA,NA,NA,NA,NA,NA,NA,NA,NA,NA,NA,NA,NA,NA,NA,NA,NA,NA,NA,NA,NA,NA,NA,NA,NA,NA,NA,NA,NA,NA,NA,NA,NA,NA,NA,NA,NA,High,High,High,NA,NA,NA,NA,NA,NA,NA,NA,NA,NA,NA,NA,NA,NA,NA,NA,NA,NA,NA,NA,NA,NA,NA,NA,NA,NA,NA,NA,NA,NA,NA,NA,NA,NA,NA,NA,NA,NA,NA,NA,NA,NA,NA,NA,NA,NA,NA,NA,NA,NA,NA,NA,NA,NA,NA,NA,NA,NA
NA,NA,NA,NA,NA,NA,NA,NA,NA,NA,NA,NA,NA,NA,NA,NA,138,2025-07-08,09:19:24,3,5,"Head, Paris",10318891,Right,CHA_14U9,"Taylor, Grey",1000339177,Left,CHA_14U4,Undefined,5,Bottom,1,3,1,Undefined,Changeup,StrikeCalled,Undefined,Undefined,Undefined,0,0,NA,78.33153,-0.40097,-3.046771,2135.2579,205.545466,12:45:00,5.5888,1.24259,5.64989,-29.42836,17.39442,7.47918,2.76191,-0.9786,70.50249,-5.93504,-1.713063,0.492493,NA,NA,NA,NA,NA,NA,NA,NA,NA,NA,NA,-4.87925,9.46351,-0.98917,50,5.53653,5.75946,-113.42765,-1.64755,-6.23481,24.45747,-20.0814,CHA_14U4,CHA_14U9,USABBCary3,USA Baseball,USA,20250708-USABBCary3-1,2aedbe50-5bfe-11f0-99ca-3994f1733be8,76.53397,NA,NA,7.82904,NA,NA,NA,NA,NA,NA,13b4cefc-5421-4f51-81c6-689dca042000,2025-07-08,13:19:24,2025-07-08T13:19:24Z,2025-07-08T13:19:24Z,NA,v3,NA,NA,NA,"Williams, Asher",10907595,Right,CHA_14U9,d75e9b6b-6680-4ac2-b139-f30a7ac88803,54.849,-114.46843,12.22873,5.58846,-0.793,-10.0407,-1.23991,6.02477,-3.1174,NA,NA,NA,NA,NA,NA,NA,NA,NA,NA,NA,NA,NA,NA,NA,NA,NA,NA,NA,NA,NA,NA,NA,NA,NA,NA,NA,NA,NA,NA,NA,NA,NA,NA,NA,NA,NA,NA,NA,NA,NA,NA,NA,NA,NA,NA,NA,NA,NA,NA,High,High,High,NA,NA,NA,NA,NA,NA,NA,NA,NA,NA,NA,NA,NA,NA,NA,NA,NA,NA,NA,NA,NA,NA,NA,NA,NA,NA,NA,NA,NA,NA,NA,NA,NA,NA,NA,NA,NA,NA,NA,NA,NA,NA,NA,NA,NA,NA,NA,NA,NA,NA,NA,NA,NA,NA,NA,NA,NA,NA
NA,NA,NA,NA,NA,NA,NA,NA,NA,NA,NA,NA,NA,NA,NA,NA,139,2025-07-08,09:19:45,3,6,"Head, Paris",10318891,Right,CHA_14U9,"Taylor, Grey",1000339177,Left,CHA_14U4,Undefined,5,Bottom,1,3,2,Undefined,Changeup,FoulBallNotFieldable,Undefined,Undefined,Undefined,0,0,NA,81.19233,-1.7560500000000001,-1.54977,2138.37553,210.371507,01:00:00,5.52953,1.43096,5.29584,-27.35683,16.34599,8.69363,1.59992,0.70001,73.87092,-6.83333,-0.00621,0.475802,57.24326,19.878954,-151.532546,2008.542849,NA,NA,NA,NA,38.25221,NA,NA,-4.82599,9.15626,-1.2966,50,5.35026,2.8242,-117.65882,-4.48851,-6.71369,23.91024,-19.43625,CHA_14U4,CHA_14U9,USABBCary3,USA Baseball,USA,20250708-USABBCary3-1,37765c90-5bfe-11f0-99ca-3994f1733be8,79.21878,14.26907,NA,7.32141,NA,NA,NA,1.90088,1.75568,-0.81568,13b4cefc-5421-4f51-81c6-689dca042000,2025-07-08,13:19:45,2025-07-08T13:19:45Z,2025-07-08T13:19:45Z,NA,v3,NA,NA,NA,"Williams, Asher",10907595,Right,CHA_14U9,e660cf96-f480-4fdd-aaf1-c23fb94994ca,55.20164,-118.71118,11.95512,5.52899,-3.63307,-9.71812,-1.42741,3.11969,-3.35684,NA,1.90088,-69.40733,7.65447,-0.85964,0.73217,-2.43049,4.96639,-5.4223,2.44941,1.75568,28.54825,-8.50652,0.68072,0.43947,-2.33407,4.81721,-5.26181,2.37713,-0.81568,-37.63421,-4.1568,0.43404,-0.37681,1.29237,-2.64419,2.88738,-1.30442,NA,NA,NA,NA,NA,NA,NA,NA,NA,NA,NA,NA,NA,NA,NA,NA,NA,NA,NA,NA,NA,NA,High,High,High,Medium,Undefined,NA,NA,NA,NA,NA,NA,NA,NA,NA,NA,NA,NA,NA,NA,NA,NA,NA,NA,NA,NA,NA,NA,NA,NA,NA,NA,NA,NA,NA,NA,NA,NA,NA,NA,NA,NA,NA,NA,NA,NA,NA,NA,NA,NA,NA,NA,NA,NA,NA,NA,NA,NA,NA,NA,NA,NA
NA,NA,NA,NA,NA,NA,NA,NA,NA,NA,NA,NA,NA,NA,NA,NA,140,2025-07-08,09:20:10,3,7,"Head, Paris",10318891,Right,CHA_14U9,"Taylor, Grey",1000339177,Left,CHA_14U4,Undefined,5,Bottom,1,3,2,Undefined,Curveball,InPlay,Undefined,GroundBall,Out,1,1,NA,67.13157,3.352411,0.332885,2692.7555,40.131248,07:15:00,5.44656,1.33691,4.95682,-80.42792,-15.20898,-14.7432,1.91531,0.42283,61.25219,-11.131739,-2.273564,0.581244,65.99239,-12.069397,-15.401678,NA,NA,NA,NA,10.63004,10.63004,-15.183485,0.096586,7.41063,-8.00229,-1.35622,50,5.70477,-0.03944,-97.2305,3.1597,6.97899,17.554,-39.7102,CHA_14U4,CHA_14U9,USABBCary3,USA Baseball,USA,20250708-USABBCary3-1,466d62c0-5bfe-11f0-99ca-3994f1733be8,64.8479,1.93932,NA,5.87938,NA,NA,NA,1.5392,1.93932,-0.403,13b4cefc-5421-4f51-81c6-689dca042000,2025-07-08,13:20:10,2025-07-08T13:20:10Z,2025-07-08T13:20:10Z,GroundBall,v3,NA,NA,NA,"Williams, Asher",10907595,Right,CHA_14U9,94693384-35e9-4a50-8aa8-2121f7d456a9,55.54776,-98.22699,8.777,5.46142,5.41392,-19.8551,-1.34274,-0.43562,3.48949,188.336117,1.53926,91.24162,-9.96987,NA,NA,NA,NA,NA,NA,1.93922,-20.2235,1.52148,NA,NA,NA,NA,NA,NA,-0.40304,-25.13186,4.96713,NA,NA,NA,NA,NA,NA,NA,NA,NA,NA,NA,NA,NA,NA,NA,NA,NA,NA,NA,NA,NA,NA,NA,NA,NA,NA,NA,NA,High,High,High,High,High,NA,NA,NA,NA,NA,NA,NA,NA,NA,NA,NA,NA,NA,NA,NA,NA,NA,NA,NA,NA,NA,NA,NA,NA,NA,NA,NA,NA,NA,NA,NA,NA,NA,NA,NA,NA,NA,NA,NA,NA,NA,NA,NA,NA,NA,NA,NA,NA,NA,NA,NA,NA,NA,NA,NA,NA
NA,NA,NA,NA,NA,NA,NA,NA,NA,NA,NA,NA,NA,NA,NA,NA,141,2025-07-08,09:24:19,4,1,"Van Der Post, James",10329532,Right,CHA_14U9,"Mata III, Artemio",10922084,Right,CHA_14U4,Undefined,5,Bottom,2,0,0,Undefined,Curveball,StrikeCalled,Undefined,Undefined,Undefined,0,0,NA,67.4746,2.641495,-0.42475,2128.00466,32.019137,07:00:00,5.67562,1.07607,5.08118,-77.81485,-14.1269,-10.11969,1.68286,-0.16763,62.14495,-11.36652,-2.2186,0.574381,NA,NA,NA,NA,NA,NA,NA,NA,NA,NA,NA,4.8889,-7.1713,-1.0275,50,5.86427,1.08454,-97.87967,2.07628,4.70442,16.61689,-39.07474,CHA_14U4,CHA_14U9,USABBCary3,USA Baseball,USA,20250708-USABBCary3-1,daa9d770-5bfe-11f0-99ca-3994f1733be8,65.62272,NA,NA,5.32965,NA,NA,NA,NA,NA,NA,13b4cefc-5421-4f51-81c6-689dca042000,2025-07-08,13:24:19,2025-07-08T13:24:19Z,2025-07-08T13:24:19Z,NA,v3,NA,NA,NA,"Williams, Asher",10907595,Right,CHA_14U9,db84472d-4bb1-44e3-b114-bdac59226052,55.42349,-98.79612,8.30845,5.69033,4.23131,-19.53737,-1.08016,0.82509,2.35221,NA,NA,NA,NA,NA,NA,NA,NA,NA,NA,NA,NA,NA,NA,NA,NA,NA,NA,NA,NA,NA,NA,NA,NA,NA,NA,NA,NA,NA,NA,NA,NA,NA,NA,NA,NA,NA,NA,NA,NA,NA,NA,NA,NA,NA,NA,NA,NA,NA,NA,High,High,High,NA,NA,NA,NA,NA,NA,NA,NA,NA,NA,NA,NA,NA,NA,NA,NA,NA,NA,NA,NA,NA,NA,NA,NA,NA,NA,NA,NA,NA,NA,NA,NA,NA,NA,NA,NA,NA,NA,NA,NA,NA,NA,NA,NA,NA,NA,NA,NA,NA,NA,NA,NA,NA,NA,NA,NA,NA,NA
NA,NA,NA,NA,NA,NA,NA,NA,NA,NA,NA,NA,NA,NA,NA,NA,142,2025-07-08,09:24:31,4,2,"Van Der Post, James",10329532,Right,CHA_14U9,"Mata III, Artemio",10922084,Right,CHA_14U4,Undefined,5,Bottom,2,0,1,Undefined,Curveball,StrikeCalled,Undefined,Undefined,Undefined,0,0,NA,69.56001,2.543856,-1.779371,2200.482736,39.979842,07:15:00,5.5168,1.17344,4.5323,-70.87323,-9.60386,-9.73205,2.03578,-1.33246,63.8241,-10.117008,-3.483397,0.563369,NA,NA,NA,NA,NA,NA,NA,NA,NA,NA,NA,4.19366,-4.8174,-0.97804,50,5.71494,3.50581,-100.72532,2.04683,4.27645,17.49102,-37.08657,CHA_14U4,CHA_14U9,USABBCary3,USA Baseball,USA,20250708-USABBCary3-1,e2368510-5bfe-11f0-99ca-3994f1733be8,66.90538,NA,NA,5.73591,NA,NA,NA,NA,NA,NA,13b4cefc-5421-4f51-81c6-689dca042000,2025-07-08,13:24:31,2025-07-08T13:24:31Z,2025-07-08T13:24:31Z,NA,v3,NA,NA,NA,"Williams, Asher",10907595,Right,CHA_14U9,5e7a6c48-371c-44d7-9dc9-de54d94f8c15,55.96993,-101.75673,8.74551,5.52977,4.23373,-18.54328,-1.17733,3.25364,2.13823,NA,NA,NA,NA,NA,NA,NA,NA,NA,NA,NA,NA,NA,NA,NA,NA,NA,NA,NA,NA,NA,NA,NA,NA,NA,NA,NA,NA,NA,NA,NA,NA,NA,NA,NA,NA,NA,NA,NA,NA,NA,NA,NA,NA,NA,NA,NA,NA,NA,NA,High,High,High,NA,NA,NA,NA,NA,NA,NA,NA,NA,NA,NA,NA,NA,NA,NA,NA,NA,NA,NA,NA,NA,NA,NA,NA,NA,NA,NA,NA,NA,NA,NA,NA,NA,NA,NA,NA,NA,NA,NA,NA,NA,NA,NA,NA,NA,NA,NA,NA,NA,NA,NA,NA,NA,NA,NA,NA,NA,NA
NA,NA,NA,NA,NA,NA,NA,NA,NA,NA,NA,NA,NA,NA,NA,NA,143,2025-07-08,09:24:44,4,3,"Van Der Post, James",10329532,Right,CHA_14U9,"Mata III, Artemio",10922084,Right,CHA_14U4,Undefined,5,Bottom,2,0,2,Undefined,Slider,InPlay,Undefined,GroundBall,Out,1,0,NA,80.10478,1.29026,-1.599739,2080.160546,212.993783,01:00:00,5.49612,1.29744,4.98057,-40.67888,4.77622,2.09791,3.32542,-0.03892,72.71332,-6.134434,-1.229647,0.485247,68.44326,2.008451,-32.70538,4146.2277110000005,NA,NA,NA,46.91352,45.16832,-31.796891,0.471957,-1.52957,2.38689,-1.14492,50,5.58758,3.1534,-116.06065,1.16122,-2.06804,23.49651,-28.94688,CHA_14U4,CHA_14U9,USABBCary3,USA Baseball,USA,20250708-USABBCary3-1,ea28d250-5bfe-11f0-99ca-3994f1733be8,77.67685,3.53486,NA,7.39146,NA,NA,NA,2.55968,3.40666,0.00787,13b4cefc-5421-4f51-81c6-689dca042000,2025-07-08,13:24:44,2025-07-08T13:24:44Z,2025-07-08T13:24:44Z,GroundBall,v3,NA,NA,NA,"Williams, Asher",10907595,Right,CHA_14U9,cac207e9-69a4-49b5-b927-93d47cc7b9b0,55.51817,-117.17248,11.74825,5.50022,2.53096,-14.47344,-1.29645,3.25125,-1.03402,26.986459,2.56363,84.30424,-11.14509,NA,NA,NA,NA,NA,NA,3.41952,3.15311,-22.08782,NA,NA,NA,NA,NA,NA,0.00908,-54.24,3.90369,NA,NA,NA,NA,NA,NA,NA,NA,NA,NA,NA,NA,NA,NA,NA,NA,NA,NA,NA,NA,NA,NA,NA,NA,NA,NA,NA,NA,High,High,High,High,High,NA,NA,NA,NA,NA,NA,NA,NA,NA,NA,NA,NA,NA,NA,NA,NA,NA,NA,NA,NA,NA,NA,NA,NA,NA,NA,NA,NA,NA,NA,NA,NA,NA,NA,NA,NA,NA,NA,NA,NA,NA,NA,NA,NA,NA,NA,NA,NA,NA,NA,NA,NA,NA,NA,NA,NA
NA,NA,NA,NA,NA,NA,NA,NA,NA,NA,NA,NA,NA,NA,NA,NA,144,2025-07-08,09:27:48,1,1,"Mata III, Artemio",10922084,Right,CHA_14U4,"Watson, Chase",1000356084,Right,CHA_14U9,Undefined,6,Top,0,0,0,Undefined,Changeup,BallCalled,Undefined,Undefined,Undefined,0,0,NA,77.4883,1.144455,-1.562613,1969.677321,234.622547,01:45:00,5.11132,1.38162,5.35296,-35.94506,12.45446,14.99013,3.18982,1.16486,69.56406,-5.542987,1.099991,0.500716,NA,NA,NA,NA,NA,NA,NA,NA,NA,NA,NA,-7.95804,6.39272,-1.25185,50,5.18939,2.4489899999999998,-112.17147,1.10722,-9.94823,23.85746,-24.18262,CHA_14U4,CHA_14U9,USABBCary3,USA Baseball,USA,20250708-USABBCary3-1,57890130-5bff-11f0-99ca-3994f1733be8,75.27701,NA,NA,7.92424,NA,NA,NA,NA,NA,NA,13b4cefc-5421-4f51-81c6-689dca042000,2025-07-08,13:27:48,2025-07-08T13:27:48Z,2025-07-08T13:27:48Z,NA,v3,NA,NA,NA,"Silva, Diego",1000333001,Right,CHA_14U4,97434013-46fe-4900-b53e-79c6adbeedc1,55.14141,-113.25971,11.92873,5.11373,2.21029,-12.09131,-1.3739,2.90277,-4.97412,NA,NA,NA,NA,NA,NA,NA,NA,NA,NA,NA,NA,NA,NA,NA,NA,NA,NA,NA,NA,NA,NA,NA,NA,NA,NA,NA,NA,NA,NA,NA,NA,NA,NA,NA,NA,NA,NA,NA,NA,NA,NA,NA,NA,NA,NA,NA,NA,NA,NA,High,High,High,NA,NA,NA,NA,NA,NA,NA,NA,NA,NA,NA,NA,NA,NA,NA,NA,NA,NA,NA,NA,NA,NA,NA,NA,NA,NA,NA,NA,NA,NA,NA,NA,NA,NA,NA,NA,NA,NA,NA,NA,NA,NA,NA,NA,NA,NA,NA,NA,NA,NA,NA,NA,NA,NA,NA,NA,NA,NA
NA,NA,NA,NA,NA,NA,NA,NA,NA,NA,NA,NA,NA,NA,NA,NA,145,2025-07-08,09:28:02,1,2,"Mata III, Artemio",10922084,Right,CHA_14U4,"Watson, Chase",1000356084,Right,CHA_14U9,Undefined,6,Top,0,1,0,Undefined,Changeup,InPlay,Undefined,GroundBall,Out,1,0,NA,79.55035,-0.019227,-3.027386,1975.224669,247.443889,02:15:00,5.09199,1.17989,5.41902,-36.0386,9.86256,19.53399,2.07074,-0.03081,71.44699,-6.70438,0.44527,0.487622,86.94439,-4.50551,-25.411317,NA,NA,NA,NA,29.47646,22.7145,-23.435606,0.215867,-10.89355,5.43996,-0.92514,50,5.06561,5.30607,-115.13124,-1.20497,-14.31536,25.5493,-25.02529,CHA_14U4,CHA_14U9,USABBCary3,USA Baseball,USA,20250708-USABBCary3-1,5ffeaf40-5bff-11f0-99ca-3994f1733be8,77.2985,2.16532,NA,8.10336,NA,NA,NA,2.22421,2.16532,0.06841,13b4cefc-5421-4f51-81c6-689dca042000,2025-07-08,13:28:02,2025-07-08T13:28:02Z,2025-07-08T13:28:02Z,GroundBall,v3,NA,NA,NA,"Silva, Diego",1000333001,Right,CHA_14U4,7d54a36a-db4a-4359-968e-3277ac2f2bde,55.07909,-116.2529,12.77465,5.09439,-0.10632,-12.51264,-1.17188,5.93454,-7.15768,180,2.21878,114.98134,NA,NA,NA,NA,NA,NA,NA,2.1658,-10.03083,NA,NA,NA,NA,NA,NA,NA,0.07098,-54.62499,NA,NA,NA,NA,NA,NA,NA,NA,NA,NA,NA,NA,NA,NA,NA,NA,NA,NA,NA,NA,NA,NA,NA,NA,NA,NA,NA,NA,NA,High,High,High,High,Low,NA,NA,NA,NA,NA,NA,NA,NA,NA,NA,NA,NA,NA,NA,NA,NA,NA,NA,NA,NA,NA,NA,NA,NA,NA,NA,NA,NA,NA,NA,NA,NA,NA,NA,NA,NA,NA,NA,NA,NA,NA,NA,NA,NA,NA,NA,NA,NA,NA,NA,NA,NA,NA,NA,NA,NA
NA,NA,NA,NA,NA,NA,NA,NA,NA,NA,NA,NA,NA,NA,NA,NA,146,2025-07-08,09:28:33,2,1,"Mata III, Artemio",10922084,Right,CHA_14U4,"Williams, Asher",10907595,Right,CHA_14U9,Undefined,6,Top,1,0,0,Undefined,Changeup,StrikeCalled,Undefined,Undefined,Undefined,0,0,NA,80.95975,-0.645944,-3.351687,1950.540812,244.23331,02:15:00,5.11283,1.05117,5.33207,-34.2477,9.58016,16.80064,1.65173,-0.69713,73.81821,-6.945942,-0.370906,0.476482,NA,NA,NA,NA,NA,NA,NA,NA,NA,NA,NA,-9.38335,5.42839,-0.76061,50,5.03001,6.17462,-117.2869,-2.48083,-13.0124,23.10604,-24.64621,CHA_14U4,CHA_14U9,USABBCary3,USA Baseball,USA,20250708-USABBCary3-1,724073a0-5bff-11f0-99ca-3994f1733be8,79.10568,NA,NA,7.14155,NA,NA,NA,NA,NA,NA,13b4cefc-5421-4f51-81c6-689dca042000,2025-07-08,13:28:33,2025-07-08T13:28:33Z,2025-07-08T13:28:33Z,NA,v3,NA,NA,NA,"Silva, Diego",1000333001,Right,CHA_14U4,c87c1450-7c6f-4256-9ff1-5916f5d8d496,55.16668,-118.30038,11.55302,5.11511,-1.39979,-12.32311,-1.04396,6.74537,-6.5062,NA,NA,NA,NA,NA,NA,NA,NA,NA,NA,NA,NA,NA,NA,NA,NA,NA,NA,NA,NA,NA,NA,NA,NA,NA,NA,NA,NA,NA,NA,NA,NA,NA,NA,NA,NA,NA,NA,NA,NA,NA,NA,NA,NA,NA,NA,NA,NA,NA,NA,High,High,High,NA,NA,NA,NA,NA,NA,NA,NA,NA,NA,NA,NA,NA,NA,NA,NA,NA,NA,NA,NA,NA,NA,NA,NA,NA,NA,NA,NA,NA,NA,NA,NA,NA,NA,NA,NA,NA,NA,NA,NA,NA,NA,NA,NA,NA,NA,NA,NA,NA,NA,NA,NA,NA,NA,NA,NA,NA,NA
NA,NA,NA,NA,NA,NA,NA,NA,NA,NA,NA,NA,NA,NA,NA,NA,147,2025-07-08,09:28:44,2,2,"Mata III, Artemio",10922084,Right,CHA_14U4,"Williams, Asher",10907595,Right,CHA_14U9,Undefined,6,Top,1,0,1,Undefined,Changeup,BallCalled,Undefined,Undefined,Undefined,0,0,NA,80.72982,0.356705,-5.191647,2047.90046,231.478722,01:45:00,5.17518,1.40157,5.34011,-30.23769,13.79186,15.54521,2.99138,-2.18677,73.68698,-5.23129,-2.446948,0.477577,NA,NA,NA,NA,NA,NA,NA,NA,NA,NA,NA,-9.16839,7.23776,-0.94353,50,5.18608,9.96174,-116.72873,-0.25656,-12.67338,21.59117,-22.16937,CHA_14U4,CHA_14U9,USABBCary3,USA Baseball,USA,20250708-USABBCary3-1,79291910-5bff-11f0-99ca-3994f1733be8,78.9243,NA,NA,7.04284,NA,NA,NA,NA,NA,NA,13b4cefc-5421-4f51-81c6-689dca042000,2025-07-08,13:28:44,2025-07-08T13:28:44Z,2025-07-08T13:28:44Z,NA,v3,NA,NA,NA,"Silva, Diego",1000333001,Right,CHA_14U4,7a5065c4-07f9-428a-b947-92c49760876a,55.15812,-117.67896,10.79558,5.1759,0.71911,-11.08469,-1.39422,10.51949,-6.33669,NA,NA,NA,NA,NA,NA,NA,NA,NA,NA,NA,NA,NA,NA,NA,NA,NA,NA,NA,NA,NA,NA,NA,NA,NA,NA,NA,NA,NA,NA,NA,NA,NA,NA,NA,NA,NA,NA,NA,NA,NA,NA,NA,NA,NA,NA,NA,NA,NA,NA,High,High,High,NA,NA,NA,NA,NA,NA,NA,NA,NA,NA,NA,NA,NA,NA,NA,NA,NA,NA,NA,NA,NA,NA,NA,NA,NA,NA,NA,NA,NA,NA,NA,NA,NA,NA,NA,NA,NA,NA,NA,NA,NA,NA,NA,NA,NA,NA,NA,NA,NA,NA,NA,NA,NA,NA,NA,NA,NA,NA
NA,NA,NA,NA,NA,NA,NA,NA,NA,NA,NA,NA,NA,NA,NA,NA,148,2025-07-08,09:28:58,2,3,"Mata III, Artemio",10922084,Right,CHA_14U4,"Williams, Asher",10907595,Right,CHA_14U9,Undefined,6,Top,1,1,1,Undefined,Changeup,BallCalled,Undefined,Undefined,Undefined,0,0,NA,80.17246,-0.300602,-4.148087,2170.295586,243.078173,02:00:00,5.0493,1.26489,5.27569,-35.84785,8.74831,14.43942,1.7789,-1.43473,73.49102,-6.864525,-1.593458,0.48064,NA,NA,NA,NA,NA,NA,NA,NA,NA,NA,NA,-8.33166,4.89296,-0.89644,50,4.99562,7.82656,-116.1064,-1.83048,-11.3975,21.30415,-25.48062,CHA_14U4,CHA_14U9,USABBCary3,USA Baseball,USA,20250708-USABBCary3-1,815d7860-5bff-11f0-99ca-3994f1733be8,78.4213,NA,NA,6.68144,NA,NA,NA,NA,NA,NA,13b4cefc-5421-4f51-81c6-689dca042000,2025-07-08,13:28:58,2025-07-08T13:28:58Z,2025-07-08T13:28:58Z,NA,v3,NA,NA,NA,"Silva, Diego",1000333001,Right,CHA_14U4,5b4df02d-261c-4fa0-804a-2e5e73c58194,55.22338,-117.0609,10.65208,5.05206,-0.68886,-12.74031,-1.25853,8.3372,-5.69875,NA,NA,NA,NA,NA,NA,NA,NA,NA,NA,NA,NA,NA,NA,NA,NA,NA,NA,NA,NA,NA,NA,NA,NA,NA,NA,NA,NA,NA,NA,NA,NA,NA,NA,NA,NA,NA,NA,NA,NA,NA,NA,NA,NA,NA,NA,NA,NA,NA,NA,High,High,High,NA,NA,NA,NA,NA,NA,NA,NA,NA,NA,NA,NA,NA,NA,NA,NA,NA,NA,NA,NA,NA,NA,NA,NA,NA,NA,NA,NA,NA,NA,NA,NA,NA,NA,NA,NA,NA,NA,NA,NA,NA,NA,NA,NA,NA,NA,NA,NA,NA,NA,NA,NA,NA,NA,NA,NA,NA,NA
NA,NA,NA,NA,NA,NA,NA,NA,NA,NA,NA,NA,NA,NA,NA,NA,149,2025-07-08,09:29:13,2,4,"Mata III, Artemio",10922084,Right,CHA_14U4,"Williams, Asher",10907595,Right,CHA_14U9,Undefined,6,Top,1,2,1,Undefined,Changeup,BallCalled,Undefined,Undefined,Undefined,0,0,NA,79.15961,2.217435,-1.529604,1957.711342,230.455144,01:45:00,5.08381,1.14685,5.19615,-32.08439,14.08485,15.18036,4.4977,0.97274,71.64939,-3.73462,1.15723,0.489044,NA,NA,NA,NA,NA,NA,NA,NA,NA,NA,NA,-7.96166,6.8137,-1.01681,50,5.26585,2.42616,-114.65267,3.39705,-10.52483,22.55876,-23.16672,CHA_14U4,CHA_14U9,USABBCary3,USA Baseball,USA,20250708-USABBCary3-1,89e10920-5bff-11f0-99ca-3994f1733be8,77.07375,NA,NA,7.51022,NA,NA,NA,NA,NA,NA,13b4cefc-5421-4f51-81c6-689dca042000,2025-07-08,13:29:13,2025-07-08T13:29:13Z,2025-07-08T13:29:13Z,NA,v3,NA,NA,NA,"Silva, Diego",1000333001,Right,CHA_14U4,f29fc3d9-98a8-455a-9247-901a181c1aa9,55.30009,-115.6908,11.27938,5.08499,4.46316,-11.58336,-1.13961,2.91051,-5.26241,NA,NA,NA,NA,NA,NA,NA,NA,NA,NA,NA,NA,NA,NA,NA,NA,NA,NA,NA,NA,NA,NA,NA,NA,NA,NA,NA,NA,NA,NA,NA,NA,NA,NA,NA,NA,NA,NA,NA,NA,NA,NA,NA,NA,NA,NA,NA,NA,NA,NA,High,High,High,NA,NA,NA,NA,NA,NA,NA,NA,NA,NA,NA,NA,NA,NA,NA,NA,NA,NA,NA,NA,NA,NA,NA,NA,NA,NA,NA,NA,NA,NA,NA,NA,NA,NA,NA,NA,NA,NA,NA,NA,NA,NA,NA,NA,NA,NA,NA,NA,NA,NA,NA,NA,NA,NA,NA,NA,NA,NA
NA,NA,NA,NA,NA,NA,NA,NA,NA,NA,NA,NA,NA,NA,NA,NA,150,2025-07-08,09:32:43,2,5,"Citty, Layden",1000162200,Left,CHA_14U4,"Williams, Asher",10907595,Right,CHA_14U9,Undefined,6,Top,1,3,1,Undefined,Changeup,BallCalled,Walk,Undefined,Undefined,0,0,NA,74.88851,-0.13041,1.951387,1721.689385,107.497376,09:30:00,5.10024,-1.18287,3.61749,-47.30428,7.308,-17.25666,1.03188,-0.73089,68.37205,-8.523915,-1.0221,0.531884,NA,NA,NA,NA,NA,NA,NA,NA,NA,NA,NA,8.6789,4.02977,0.97105,50,5.02718,-2.90818,-108.29188,-2.10407,10.25229,19.83394,-27.41375,CHA_14U4,CHA_14U9,USABBCary3,USA Baseball,USA,20250708-USABBCary3-1,071b2420-5c00-11f0-99ca-3994f1733be8,70.86595,NA,NA,6.51646,NA,NA,NA,NA,NA,NA,13b4cefc-5421-4f51-81c6-689dca042000,2025-07-08,13:32:43,2025-07-08T13:32:43Z,2025-07-08T13:32:43Z,NA,v3,NA,NA,NA,"Silva, Diego",1000333001,Right,CHA_14U4,540b20c7-8833-46fe-8468-7034c00b6dc4,56.88025,-109.54477,9.91697,5.10539,-0.37237,-13.70687,1.17521,-3.5558,5.12614,NA,NA,NA,NA,NA,NA,NA,NA,NA,NA,NA,NA,NA,NA,NA,NA,NA,NA,NA,NA,NA,NA,NA,NA,NA,NA,NA,NA,NA,NA,NA,NA,NA,NA,NA,NA,NA,NA,NA,NA,NA,NA,NA,NA,NA,NA,NA,NA,NA,NA,High,High,High,NA,NA,NA,NA,NA,NA,NA,NA,NA,NA,NA,NA,NA,NA,NA,NA,NA,NA,NA,NA,NA,NA,NA,NA,NA,NA,NA,NA,NA,NA,NA,NA,NA,NA,NA,NA,NA,NA,NA,NA,NA,NA,NA,NA,NA,NA,NA,NA,NA,NA,NA,NA,NA,NA,NA,NA,NA,NA
NA,NA,NA,NA,NA,NA,NA,NA,NA,NA,NA,NA,NA,NA,NA,NA,151,2025-07-08,09:33:28,3,1,"Citty, Layden",1000162200,Left,CHA_14U4,"Roy, Jackson",10907312,Right,CHA_14U9,Undefined,6,Top,1,0,0,Undefined,Changeup,FoulBallNotFieldable,Undefined,Undefined,Undefined,0,0,NA,75.34013,1.446911,2.916285,1722.628851,105.495036,09:30:00,5.10991,-1.13216,3.72358,-47.07715,7.15323,-18.6784,2.58713,0.13185,67.9952,-6.971523,-0.301328,0.530021,NA,NA,NA,NA,NA,NA,NA,NA,NA,NA,NA,9.83741,3.41032,0.81107,50,5.226,-4.71222,-108.77598,0.93421,11.63031,21.44048,-28.14217,CHA_14U4,CHA_14U9,USABBCary3,USA Baseball,USA,20250708-USABBCary3-1,22789a90-5c00-11f0-99ca-3994f1733be8,71.11504,NA,NA,7.34493,NA,NA,NA,NA,NA,NA,13b4cefc-5421-4f51-81c6-689dca042000,2025-07-08,13:33:28,2025-07-08T13:33:28Z,2025-07-08T13:33:28Z,NA,v3,NA,NA,NA,"Silva, Diego",1000333001,Right,CHA_14U4,b1f5ab42-3ba9-4896-9f1e-6b20423b15ad,56.77545,-110.10337,10.72024,5.11424,2.6765,-14.07109,1.1251,-5.43226,5.81515,NA,NA,NA,NA,NA,NA,NA,NA,NA,NA,NA,NA,NA,NA,NA,NA,NA,NA,NA,NA,NA,NA,NA,NA,NA,NA,NA,NA,NA,NA,NA,NA,NA,NA,NA,NA,NA,NA,NA,NA,NA,NA,NA,NA,NA,NA,NA,NA,NA,NA,High,High,High,NA,NA,NA,NA,NA,NA,NA,NA,NA,NA,NA,NA,NA,NA,NA,NA,NA,NA,NA,NA,NA,NA,NA,NA,NA,NA,NA,NA,NA,NA,NA,NA,NA,NA,NA,NA,NA,NA,NA,NA,NA,NA,NA,NA,NA,NA,NA,NA,NA,NA,NA,NA,NA,NA,NA,NA,NA,NA
NA,NA,NA,NA,NA,NA,NA,NA,NA,NA,NA,NA,NA,NA,NA,NA,152,2025-07-08,09:33:49,3,2,"Citty, Layden",1000162200,Left,CHA_14U4,"Roy, Jackson",10907312,Right,CHA_14U9,Undefined,6,Top,1,0,1,Undefined,Changeup,FoulBallNotFieldable,Undefined,Undefined,Undefined,0,0,NA,75.148,0.940753,1.256333,1850.708037,125.06935,10:15:00,5.22489,-1.4122,3.78612,-41.50042,13.07977,-15.67973,2.67488,-1.50598,67.49621,-6.547511,-1.45078,0.531727,56.68417,47.457069,161.134766,3464.79099,-102.70491,34.62064,39.39161,145.96313,51.84563,158.794441,3.084966,7.89756,6.42902,1.28497,50,5.28814,-1.6848,-108.52723,0.23209,9.24138,22.33552,-24.65107,CHA_14U4,CHA_14U9,USABBCary3,USA Baseball,USA,20250708-USABBCary3-1,2e83cb70-5c00-11f0-99ca-3994f1733be8,70.88677,44.35166,NA,7.65179,NA,NA,NA,2.56706,2.93307,1.51021,13b4cefc-5421-4f51-81c6-689dca042000,2025-07-08,13:33:49,2025-07-08T13:33:49Z,2025-07-08T13:33:49Z,Popup,v3,NA,NA,NA,"Silva, Diego",1000333001,Right,CHA_14U4,2504f1c3-803e-4bcc-8a11-c9a660acbe28,56.71051,-109.89962,11.16776,5.22734,1.74675,-12.32554,1.40594,-2.25263,4.62069,1.972258,2.56637,-53.16453,0.64323,1.74306,-1.10688,0.57452,-0.17201,0.02575,-0.00151,2.93332,61.24052,-25.87025,2.76153,-0.10698,-0.3249,0.17307,-0.03795,0.00311,1.51036,18.16993,0.06066,-0.44505,0.24945,-0.12115,0.03471,-0.00496,2.8e-4,NA,NA,NA,NA,NA,NA,NA,NA,NA,NA,NA,NA,NA,NA,NA,NA,NA,NA,NA,NA,NA,NA,High,High,High,High,Medium,NA,NA,NA,NA,NA,NA,NA,NA,NA,NA,NA,NA,NA,NA,NA,NA,NA,NA,NA,NA,NA,NA,NA,NA,NA,NA,NA,NA,NA,NA,NA,NA,NA,NA,NA,NA,NA,NA,NA,NA,NA,NA,NA,NA,NA,NA,NA,NA,NA,NA,NA,NA,NA,NA,NA,NA
NA,NA,NA,NA,NA,NA,NA,NA,NA,NA,NA,NA,NA,NA,NA,NA,153,2025-07-08,09:34:14,3,3,"Citty, Layden",1000162200,Left,CHA_14U4,"Roy, Jackson",10907312,Right,CHA_14U9,Undefined,6,Top,1,0,2,Undefined,Curveball,StrikeCalled,Strikeout,Undefined,Undefined,0,0,NA,67.48773,3.443638,-1.028019,2123.449757,287.176114,03:30:00,5.06963,-1.0539,3.80802,-69.10039,-1.60587,13.08394,2.63844,-0.95558,61.07859,-8.847108,1.231673,0.591297,NA,NA,NA,NA,NA,NA,NA,NA,NA,NA,NA,-6.49091,-1.12563,1.15751,50,5.39232,1.21612,-97.40589,3.41644,-6.14851,17.30594,-33.24032,CHA_14U4,CHA_14U9,USABBCary3,USA Baseball,USA,20250708-USABBCary3-1,3dd3a000-5c00-11f0-99ca-3994f1733be8,63.74535,NA,NA,6.40914,NA,NA,NA,NA,NA,NA,13b4cefc-5421-4f51-81c6-689dca042000,2025-07-08,13:34:14,2025-07-08T13:34:14Z,2025-07-08T13:34:14Z,NA,v3,NA,NA,NA,"Silva, Diego",1000333001,Right,CHA_14U4,6ecb908e-a51a-4eac-857a-636b0a0b7d99,56.69007,-98.58734,8.65297,5.08163,5.68571,-16.62016,1.06016,1.63587,-3.07425,NA,NA,NA,NA,NA,NA,NA,NA,NA,NA,NA,NA,NA,NA,NA,NA,NA,NA,NA,NA,NA,NA,NA,NA,NA,NA,NA,NA,NA,NA,NA,NA,NA,NA,NA,NA,NA,NA,NA,NA,NA,NA,NA,NA,NA,NA,NA,NA,NA,NA,High,High,High,NA,NA,NA,NA,NA,NA,NA,NA,NA,NA,NA,NA,NA,NA,NA,NA,NA,NA,NA,NA,NA,NA,NA,NA,NA,NA,NA,NA,NA,NA,NA,NA,NA,NA,NA,NA,NA,NA,NA,NA,NA,NA,NA,NA,NA,NA,NA,NA,NA,NA,NA,NA,NA,NA,NA,NA,NA,NA
NA,NA,NA,NA,NA,NA,NA,NA,NA,NA,NA,NA,NA,NA,NA,NA,154,2025-07-08,09:34:39,4,1,"Citty, Layden",1000162200,Left,CHA_14U4,"Van Der Post, James",10329532,Right,CHA_14U9,Undefined,6,Top,2,0,0,Undefined,Changeup,BallCalled,Undefined,Undefined,Undefined,0,0,NA,75.10225,1.252725,1.279894,1855.735064,127.998642,10:15:00,5.16573,-1.40522,3.89575,-38.99691,15.48013,-17.15891,3.12327,-1.60196,67.32545,-5.826973,-1.687614,0.531225,NA,NA,NA,NA,NA,NA,NA,NA,NA,NA,NA,8.50406,7.52441,1.27861,50,5.2678,-1.64556,-108.41956,0.94643,9.93662,22.19914,-23.38209,CHA_14U4,CHA_14U9,USABBCary3,USA Baseball,USA,20250708-USABBCary3-1,4c39b0d0-5c00-11f0-99ca-3994f1733be8,70.95386,NA,NA,7.77681,NA,NA,NA,NA,NA,NA,13b4cefc-5421-4f51-81c6-689dca042000,2025-07-08,13:34:39,2025-07-08T13:34:39Z,2025-07-08T13:34:39Z,NA,v3,NA,NA,NA,"Silva, Diego",1000333001,Right,CHA_14U4,7aecd2af-b908-4c2c-aaf8-2e15e9b87631,56.59744,-109.76208,11.09957,5.1678,2.3605,-11.69104,1.3963,-2.24649,4.96831,NA,NA,NA,NA,NA,NA,NA,NA,NA,NA,NA,NA,NA,NA,NA,NA,NA,NA,NA,NA,NA,NA,NA,NA,NA,NA,NA,NA,NA,NA,NA,NA,NA,NA,NA,NA,NA,NA,NA,NA,NA,NA,NA,NA,NA,NA,NA,NA,NA,NA,High,High,High,NA,NA,NA,NA,NA,NA,NA,NA,NA,NA,NA,NA,NA,NA,NA,NA,NA,NA,NA,NA,NA,NA,NA,NA,NA,NA,NA,NA,NA,NA,NA,NA,NA,NA,NA,NA,NA,NA,NA,NA,NA,NA,NA,NA,NA,NA,NA,NA,NA,NA,NA,NA,NA,NA,NA,NA,NA,NA
NA,NA,NA,NA,NA,NA,NA,NA,NA,NA,NA,NA,NA,NA,NA,NA,155,2025-07-08,09:34:59,4,2,"Citty, Layden",1000162200,Left,CHA_14U4,"Van Der Post, James",10329532,Right,CHA_14U9,Undefined,6,Top,2,1,0,Undefined,Changeup,StrikeCalled,Undefined,Undefined,Undefined,0,0,NA,75.37386,1.781952,2.970468,1907.738238,125.626237,10:15:00,5.14078,-1.14376,4.00859,-40.38656,13.13686,-15.67056,3.4912,0.40862,68.01506,-5.522953,0.259506,0.526555,NA,NA,NA,NA,NA,NA,NA,NA,NA,NA,NA,8.3365,6.26973,0.8252,50,5.29995,-4.94729,-108.82483,1.90436,9.90058,20.82126,-24.72799,CHA_14U4,CHA_14U9,USABBCary3,USA Baseball,USA,20250708-USABBCary3-1,584f9010-5c00-11f0-99ca-3994f1733be8,71.58316,NA,NA,7.3588,NA,NA,NA,NA,NA,NA,13b4cefc-5421-4f51-81c6-689dca042000,2025-07-08,13:34:59,2025-07-08T13:34:59Z,2025-07-08T13:34:59Z,NA,v3,NA,NA,NA,"Silva, Diego",1000333001,Right,CHA_14U4,3a16192c-d2e3-4792-9413-e4ab2e3fea3f,56.48671,-110.05892,10.41063,5.14365,3.37001,-12.364,1.13582,-5.5341,4.95029,NA,NA,NA,NA,NA,NA,NA,NA,NA,NA,NA,NA,NA,NA,NA,NA,NA,NA,NA,NA,NA,NA,NA,NA,NA,NA,NA,NA,NA,NA,NA,NA,NA,NA,NA,NA,NA,NA,NA,NA,NA,NA,NA,NA,NA,NA,NA,NA,NA,NA,High,High,High,NA,NA,NA,NA,NA,NA,NA,NA,NA,NA,NA,NA,NA,NA,NA,NA,NA,NA,NA,NA,NA,NA,NA,NA,NA,NA,NA,NA,NA,NA,NA,NA,NA,NA,NA,NA,NA,NA,NA,NA,NA,NA,NA,NA,NA,NA,NA,NA,NA,NA,NA,NA,NA,NA,NA,NA,NA,NA
NA,NA,NA,NA,NA,NA,NA,NA,NA,NA,NA,NA,NA,NA,NA,NA,156,2025-07-08,09:35:16,4,3,"Citty, Layden",1000162200,Left,CHA_14U4,"Van Der Post, James",10329532,Right,CHA_14U9,Undefined,6,Top,2,1,1,Undefined,Changeup,FoulBallNotFieldable,Undefined,Undefined,Undefined,0,0,NA,76.51932,0.311113,2.771267,1770.306233,122.122184,10:00:00,5.14723,-1.36742,3.90708,-40.05467,11.72867,-15.8604,2.10934,-0.01794,69.62096,-6.881545,0.029035,0.517924,76.21177,52.959971,30.823318,NA,83.07114,99.66751,72.10536,218.59064,94.06079,46.458652,5.056813,8.44437,5.96079,1.06761,50,5.13852,-4.65727,-110.65318,-0.91886,10.41237,20.75477,-24.82406,CHA_14U4,CHA_14U9,USABBCary3,USA Baseball,USA,20250708-USABBCary3-1,625be3b0-5c00-11f0-99ca-3994f1733be8,72.77596,100.68432,NA,6.89836,NA,NA,NA,2.18443,2.33544,-0.10823,13b4cefc-5421-4f51-81c6-689dca042000,2025-07-08,13:35:16,2025-07-08T13:35:16Z,2025-07-08T13:35:16Z,Popup,v3,NA,NA,NA,"Silva, Diego",1000333001,Right,CHA_14U4,12639038-4b80-47ec-90e3-e16af75a6ea2,56.59227,-111.88283,10.37738,5.14939,0.55189,-12.41203,1.36181,-5.27417,5.20618,212.861842,2.20941,57.27188,-12.85823,-0.09203,2.79523,-1.52822,0.38968,-0.04863,0.00239,2.32785,89.33862,-24.4176,2.62997,-0.34993,-0.09608,0.0633,-0.0119,7.6e-4,-0.12028,34.74089,-0.03366,0.59472,-0.96425,0.47458,-0.11219,0.0129,-5.8e-4,NA,NA,NA,NA,NA,NA,NA,NA,NA,NA,NA,NA,NA,NA,NA,NA,NA,NA,NA,NA,NA,NA,High,High,High,High,Low,NA,NA,NA,NA,NA,NA,NA,NA,NA,NA,NA,NA,NA,NA,NA,NA,NA,NA,NA,NA,NA,NA,NA,NA,NA,NA,NA,NA,NA,NA,NA,NA,NA,NA,NA,NA,NA,NA,NA,NA,NA,NA,NA,NA,NA,NA,NA,NA,NA,NA,NA,NA,NA,NA,NA,NA
NA,NA,NA,NA,NA,NA,NA,NA,NA,NA,NA,NA,NA,NA,NA,NA,157,2025-07-08,09:36:01,4,4,"Citty, Layden",1000162200,Left,CHA_14U4,"Van Der Post, James",10329532,Right,CHA_14U9,Undefined,6,Top,2,1,2,Undefined,Curveball,FoulBallNotFieldable,Undefined,Undefined,Undefined,0,0,NA,68.86821,2.160255,0.061384,1890.894597,330.853676,05:00:00,5.10003,-1.29182,3.87416,-67.05011,-3.17874,2.94512,1.59537,-0.98724,63.15844,-9.715502,0.571456,0.575208,71.14047,46.474581,36.344753,NA,77.36348,71.7129,78.19733,206.65302,94.03322,51.434819,4.184067,-1.3961,-1.6584700000000001,1.28103,50,5.27277,-0.224,-99.68205,1.3645,-1.39776,16.76432,-33.8345,CHA_14U4,CHA_14U9,USABBCary3,USA Baseball,USA,20250708-USABBCary3-1,7d780b60-5c00-11f0-99ca-3994f1733be8,65.52841,72.03673,NA,5.70977,NA,NA,NA,2.75483,1.67474,0.92455,13b4cefc-5421-4f51-81c6-689dca042000,2025-07-08,13:36:01,2025-07-08T13:36:01Z,2025-07-08T13:36:01Z,FlyBall,v3,NA,NA,NA,"Silva, Diego",1000333001,Right,CHA_14U4,c7542b97-56ce-4012-9d99-d9fe6b327813,56.62712,-100.79042,8.38216,5.1086,3.60147,-16.91725,1.29279,-0.13159,-0.69888,225.946197,2.73922,58.32215,-16.79559,9.16787,-6.62074,3.52642,-1.10886,0.18145,-0.01184,1.66272,75.94355,-25.02372,4.86233,-2.71635,1.187,-0.30326,0.03983,-0.00207,0.92306,42.58352,1.20685,-2.12802,1.63264,-0.9624,0.34298,-0.06317,0.00457,NA,NA,NA,NA,NA,NA,NA,NA,NA,NA,NA,NA,NA,NA,NA,NA,NA,NA,NA,NA,NA,NA,High,High,High,High,Low,NA,NA,NA,NA,NA,NA,NA,NA,NA,NA,NA,NA,NA,NA,NA,NA,NA,NA,NA,NA,NA,NA,NA,NA,NA,NA,NA,NA,NA,NA,NA,NA,NA,NA,NA,NA,NA,NA,NA,NA,NA,NA,NA,NA,NA,NA,NA,NA,NA,NA,NA,NA,NA,NA,NA,NA
NA,NA,NA,NA,NA,NA,NA,NA,NA,NA,NA,NA,NA,NA,NA,NA,158,2025-07-08,09:36:51,4,5,"Citty, Layden",1000162200,Left,CHA_14U4,"Van Der Post, James",10329532,Right,CHA_14U9,Undefined,6,Top,2,1,2,Undefined,Changeup,BallCalled,Undefined,Undefined,Undefined,0,0,NA,75.8057,2.702753,1.336278,1806.015826,133.766401,10:30:00,5.13768,-1.16875,4.0711,-40.00364,12.55142,-11.24363,4.40205,-0.82229,68.59296,-4.53633,-0.612601,0.52177,NA,NA,NA,NA,NA,NA,NA,NA,NA,NA,NA,5.75548,5.71437,1.03178,50,5.39932,-2.05761,-109.55931,3.70075,6.9529,20.4569,-25.27077,CHA_14U4,CHA_14U9,USABBCary3,USA Baseball,USA,20250708-USABBCary3-1,9aeeebf0-5c00-11f0-99ca-3994f1733be8,72.23962,NA,NA,7.21274,NA,NA,NA,NA,NA,NA,13b4cefc-5421-4f51-81c6-689dca042000,2025-07-08,13:36:51,2025-07-08T13:36:51Z,2025-07-08T13:36:51Z,NA,v3,NA,NA,NA,"Silva, Diego",1000333001,Right,CHA_14U4,9a41cf74-5e35-426e-b8e7-b94a679bd8f1,56.42497,-110.75249,10.22845,5.14049,5.1747,-12.63538,1.16362,-2.46314,3.47645,NA,NA,NA,NA,NA,NA,NA,NA,NA,NA,NA,NA,NA,NA,NA,NA,NA,NA,NA,NA,NA,NA,NA,NA,NA,NA,NA,NA,NA,NA,NA,NA,NA,NA,NA,NA,NA,NA,NA,NA,NA,NA,NA,NA,NA,NA,NA,NA,NA,NA,High,High,High,NA,NA,NA,NA,NA,NA,NA,NA,NA,NA,NA,NA,NA,NA,NA,NA,NA,NA,NA,NA,NA,NA,NA,NA,NA,NA,NA,NA,NA,NA,NA,NA,NA,NA,NA,NA,NA,NA,NA,NA,NA,NA,NA,NA,NA,NA,NA,NA,NA,NA,NA,NA,NA,NA,NA,NA,NA,NA
NA,NA,NA,NA,NA,NA,NA,NA,NA,NA,NA,NA,NA,NA,NA,NA,159,2025-07-08,09:37:13,4,6,"Citty, Layden",1000162200,Left,CHA_14U4,"Van Der Post, James",10329532,Right,CHA_14U9,Undefined,6,Top,2,2,2,Undefined,Changeup,BallCalled,Undefined,Undefined,Undefined,0,0,NA,74.9339,1.891238,-0.755991,1790.924649,129.858025,10:15:00,5.20177,-1.36139,3.73685,-41.36235,13.79276,-14.00398,3.5828700000000002,-3.2588,67.09317,-5.583769,-3.169045,0.53452,NA,NA,NA,NA,NA,NA,NA,NA,NA,NA,NA,6.32197,6.47024,1.46882,50,5.37804,2.06372,-108.10696,2.02426,7.33195,22.36376,-24.67017,CHA_14U4,CHA_14U9,USABBCary3,USA Baseball,USA,20250708-USABBCary3-1,a7fc71a0-5c00-11f0-99ca-3994f1733be8,70.51636,NA,NA,7.84073,NA,NA,NA,NA,NA,NA,13b4cefc-5421-4f51-81c6-689dca042000,2025-07-08,13:37:13,2025-07-08T13:37:13Z,2025-07-08T13:37:13Z,NA,v3,NA,NA,NA,"Silva, Diego",1000333001,Right,CHA_14U4,c03f4d96-bd35-4103-bc0d-5bed6befea49,56.75633,-109.4957,11.18188,5.20478,3.55622,-12.33508,1.3548,1.60843,3.66597,NA,NA,NA,NA,NA,NA,NA,NA,NA,NA,NA,NA,NA,NA,NA,NA,NA,NA,NA,NA,NA,NA,NA,NA,NA,NA,NA,NA,NA,NA,NA,NA,NA,NA,NA,NA,NA,NA,NA,NA,NA,NA,NA,NA,NA,NA,NA,NA,NA,NA,High,High,High,NA,NA,NA,NA,NA,NA,NA,NA,NA,NA,NA,NA,NA,NA,NA,NA,NA,NA,NA,NA,NA,NA,NA,NA,NA,NA,NA,NA,NA,NA,NA,NA,NA,NA,NA,NA,NA,NA,NA,NA,NA,NA,NA,NA,NA,NA,NA,NA,NA,NA,NA,NA,NA,NA,NA,NA,NA,NA
NA,NA,NA,NA,NA,NA,NA,NA,NA,NA,NA,NA,NA,NA,NA,NA,160,2025-07-08,09:37:34,4,7,"Citty, Layden",1000162200,Left,CHA_14U4,"Van Der Post, James",10329532,Right,CHA_14U9,Undefined,6,Top,2,3,2,Undefined,Changeup,BallCalled,Walk,Undefined,Undefined,0,0,NA,76.74691,2.913572,-1.60206,1761.72006,125.046263,10:15:00,5.13043,-1.32436,3.86937,-41.86026,10.3713,-12.06119,4.45368,-3.87391,68.84099,-4.641024,-3.682634,0.520161,NA,NA,NA,NA,NA,NA,NA,NA,NA,NA,NA,5.1376,4.54492,1.52489,50,5.4218,3.65684,-110.68193,4.02969,6.27144,22.69584,-26.62608,CHA_14U4,CHA_14U9,USABBCary3,USA Baseball,USA,20250708-USABBCary3-1,b48780e0-5c00-11f0-99ca-3994f1733be8,72.46302,NA,NA,7.90592,NA,NA,NA,NA,NA,NA,13b4cefc-5421-4f51-81c6-689dca042000,2025-07-08,13:37:34,2025-07-08T13:37:34Z,2025-07-08T13:37:34Z,NA,v3,NA,NA,NA,"Silva, Diego",1000333001,Right,CHA_14U4,499cc692-e3e7-4dca-b17e-b2c794a23846,56.62358,-112.03189,11.34792,5.13501,5.61342,-13.31304,1.31847,3.28381,3.13572,NA,NA,NA,NA,NA,NA,NA,NA,NA,NA,NA,NA,NA,NA,NA,NA,NA,NA,NA,NA,NA,NA,NA,NA,NA,NA,NA,NA,NA,NA,NA,NA,NA,NA,NA,NA,NA,NA,NA,NA,NA,NA,NA,NA,NA,NA,NA,NA,NA,NA,High,High,High,NA,NA,NA,NA,NA,NA,NA,NA,NA,NA,NA,NA,NA,NA,NA,NA,NA,NA,NA,NA,NA,NA,NA,NA,NA,NA,NA,NA,NA,NA,NA,NA,NA,NA,NA,NA,NA,NA,NA,NA,NA,NA,NA,NA,NA,NA,NA,NA,NA,NA,NA,NA,NA,NA,NA,NA,NA,NA
NA,NA,NA,NA,NA,NA,NA,NA,NA,NA,NA,NA,NA,NA,NA,NA,161,2025-07-08,09:38:26,5,1,"Citty, Layden",1000162200,Left,CHA_14U4,"Head, Paris",10318891,Right,CHA_14U9,Undefined,6,Top,2,0,0,Undefined,Curveball,BallCalled,Undefined,Undefined,Undefined,0,0,NA,68.55944,1.857776,1.744147,2191.892744,286.799952,03:30:00,5.05794,-1.34349,3.67763,-65.08059,-0.14252,7.50682,1.43275,0.96943,62.94715,-9.628599,3.037904,0.579991,NA,NA,NA,NA,NA,NA,NA,NA,NA,NA,NA,-3.06051,-0.05843,1.12567,50,5.2007,-3.32381,-99.1638,0.86254,-3.03511,16.45887,-32.23198,CHA_14U4,CHA_14U9,USABBCary3,USA Baseball,USA,20250708-USABBCary3-1,d39c32f0-5c00-11f0-99ca-3994f1733be8,64.988,NA,NA,5.61229,NA,NA,NA,NA,NA,NA,13b4cefc-5421-4f51-81c6-689dca042000,2025-07-08,13:38:26,2025-07-08T13:38:26Z,2025-07-08T13:38:26Z,NA,v3,NA,NA,NA,"Silva, Diego",1000333001,Right,CHA_14U4,6b27f97e-d82c-40d8-aa89-7f82d7c5eb9d,56.82255,-100.28979,8.22944,5.06626,3.06761,-16.11599,1.34595,-3.11617,-1.51755,NA,NA,NA,NA,NA,NA,NA,NA,NA,NA,NA,NA,NA,NA,NA,NA,NA,NA,NA,NA,NA,NA,NA,NA,NA,NA,NA,NA,NA,NA,NA,NA,NA,NA,NA,NA,NA,NA,NA,NA,NA,NA,NA,NA,NA,NA,NA,NA,NA,NA,High,High,High,NA,NA,NA,NA,NA,NA,NA,NA,NA,NA,NA,NA,NA,NA,NA,NA,NA,NA,NA,NA,NA,NA,NA,NA,NA,NA,NA,NA,NA,NA,NA,NA,NA,NA,NA,NA,NA,NA,NA,NA,NA,NA,NA,NA,NA,NA,NA,NA,NA,NA,NA,NA,NA,NA,NA,NA,NA,NA
NA,NA,NA,NA,NA,NA,NA,NA,NA,NA,NA,NA,NA,NA,NA,NA,162,2025-07-08,09:38:50,5,2,"Citty, Layden",1000162200,Left,CHA_14U4,"Head, Paris",10318891,Right,CHA_14U9,Undefined,6,Top,2,1,0,Undefined,Changeup,FoulBallNotFieldable,Undefined,Undefined,Undefined,0,0,NA,76.11407,1.818979,1.839459,1783.839607,124.603333,10:15:00,5.10643,-1.32736,3.9592,-41.98006,10.53162,-12.56926,3.35985,-0.60422,68.74395,-5.749753,-0.335635,0.521554,64.70233,12.9886,167.79823,1323.769685,NA,NA,NA,98.68555,37.44652,167.186491,1.185758,6.56489,4.97036,1.13237,50,5.26852,-2.97213,-109.98856,1.91271,7.95761,21.42015,-26.14925,CHA_14U4,CHA_14U9,USABBCary3,USA Baseball,USA,20250708-USABBCary3-1,e1e45b80-5c00-11f0-99ca-3994f1733be8,72.26948,8.64278,NA,7.37012,NA,NA,NA,1.67607,3.33136,0.57524,13b4cefc-5421-4f51-81c6-689dca042000,2025-07-08,13:38:50,2025-07-08T13:38:50Z,2025-07-08T13:38:50Z,GroundBall,v3,NA,NA,NA,"Silva, Diego",1000333001,Right,CHA_14U4,8455545c-c66b-4389-94c0-c5f10918155c,56.53761,-111.25447,10.71008,5.10982,3.4581,-13.07463,1.32192,-3.44241,3.97881,1.560438,1.66712,-90.26537,6.50284,NA,NA,NA,NA,NA,NA,3.4376,20.10463,-19.46917,NA,NA,NA,NA,NA,NA,0.5758,19.53502,-1.31807,NA,NA,NA,NA,NA,NA,NA,NA,NA,NA,NA,NA,NA,NA,NA,NA,NA,NA,NA,NA,NA,NA,NA,NA,NA,NA,NA,NA,High,High,High,High,Low,NA,NA,NA,NA,NA,NA,NA,NA,NA,NA,NA,NA,NA,NA,NA,NA,NA,NA,NA,NA,NA,NA,NA,NA,NA,NA,NA,NA,NA,NA,NA,NA,NA,NA,NA,NA,NA,NA,NA,NA,NA,NA,NA,NA,NA,NA,NA,NA,NA,NA,NA,NA,NA,NA,NA,NA
NA,NA,NA,NA,NA,NA,NA,NA,NA,NA,NA,NA,NA,NA,NA,NA,163,2025-07-08,09:39:25,5,3,"Citty, Layden",1000162200,Left,CHA_14U4,"Head, Paris",10318891,Right,CHA_14U9,Undefined,6,Top,2,1,1,Undefined,Changeup,FoulBallNotFieldable,Undefined,Undefined,Undefined,0,0,NA,76.35945,0.771252,1.537668,1837.581657,122.119819,10:00:00,5.19004,-1.18914,3.84349,-41.31235,11.1989,-14.78083,2.49133,-0.93783,68.89879,-6.664527,-1.017296,0.521552,62.95745,39.202562,139.156231,3386.094585,NA,NA,NA,NA,46.80549,NA,NA,7.54567,5.58425,1.02892,50,5.23322,-2.29938,-110.34922,-0.08823,9.17285,22.22151,-25.38555,CHA_14U4,CHA_14U9,USABBCary3,USA Baseball,USA,20250708-USABBCary3-1,f6d4ec30-5c00-11f0-99ca-3994f1733be8,72.26976,31.42106,NA,7.46066,NA,NA,NA,1.75662,2.60987,0.96017,13b4cefc-5421-4f51-81c6-689dca042000,2025-07-08,13:39:25,2025-07-08T13:39:25Z,2025-07-08T13:39:25Z,NA,v3,NA,NA,NA,"Silva, Diego",1000333001,Right,CHA_14U4,d8e42d87-73d6-49a6-a4e3-9a95cb1acfc6,56.65371,-111.68107,11.11075,5.19292,1.43326,-12.69278,1.18321,-2.84916,4.58643,335.610761,1.75662,-54.12988,1.22301,-0.22373,-0.19891,0.08756,0.47639,-0.74023,0.33543,2.60987,58.36328,-25.70254,3.10317,-0.78215,0.27736,-3.3e-4,-0.16586,0.09366,0.96018,46.79485,-4.78118,0.83585,1.02817,-0.4539,-2.32033,3.62386,-1.64431,NA,NA,NA,NA,NA,NA,NA,NA,NA,NA,NA,NA,NA,NA,NA,NA,NA,NA,NA,NA,NA,NA,High,High,High,High,Undefined,NA,NA,NA,NA,NA,NA,NA,NA,NA,NA,NA,NA,NA,NA,NA,NA,NA,NA,NA,NA,NA,NA,NA,NA,NA,NA,NA,NA,NA,NA,NA,NA,NA,NA,NA,NA,NA,NA,NA,NA,NA,NA,NA,NA,NA,NA,NA,NA,NA,NA,NA,NA,NA,NA,NA,NA
NA,NA,NA,NA,NA,NA,NA,NA,NA,NA,NA,NA,NA,NA,NA,NA,164,2025-07-08,09:39:56,5,4,"Citty, Layden",1000162200,Left,CHA_14U4,"Head, Paris",10318891,Right,CHA_14U9,Undefined,6,Top,2,1,2,Undefined,Changeup,FoulBallNotFieldable,Undefined,Undefined,Undefined,0,0,NA,72.35808,2.665502,2.704467,1774.581031,92.11667,09:00:00,5.12121,-1.18931,4.25025,-55.11243,2.95354,-20.24702,3.08447,-0.28607,64.93423,-7.272131,-0.816471,0.548444,NA,NA,NA,NA,NA,NA,NA,NA,NA,NA,NA,10.72292,1.06622,0.91659,50,5.3564,-4.102,-104.43837,2.91609,11.60572,20.87904,-31.02004,CHA_14U4,CHA_14U9,USABBCary3,USA Baseball,USA,20250708-USABBCary3-1,09cfc760-5c01-11f0-99ca-3994f1733be8,68.72614,NA,NA,7.42385,NA,NA,NA,NA,NA,NA,13b4cefc-5421-4f51-81c6-689dca042000,2025-07-08,13:39:56,2025-07-08T13:39:56Z,2025-07-08T13:39:56Z,NA,v3,NA,NA,NA,"Silva, Diego",1000333001,Right,CHA_14U4,0bc3eb06-e04b-4239-aafd-6754b8a01a00,56.24866,-105.6802,10.43952,5.12809,4.76108,-15.51002,1.1811,-4.79228,5.80286,NA,NA,NA,NA,NA,NA,NA,NA,NA,NA,NA,NA,NA,NA,NA,NA,NA,NA,NA,NA,NA,NA,NA,NA,NA,NA,NA,NA,NA,NA,NA,NA,NA,NA,NA,NA,NA,NA,NA,NA,NA,NA,NA,NA,NA,NA,NA,NA,NA,NA,High,High,High,NA,NA,NA,NA,NA,NA,NA,NA,NA,NA,NA,NA,NA,NA,NA,NA,NA,NA,NA,NA,NA,NA,NA,NA,NA,NA,NA,NA,NA,NA,NA,NA,NA,NA,NA,NA,NA,NA,NA,NA,NA,NA,NA,NA,NA,NA,NA,NA,NA,NA,NA,NA,NA,NA,NA,NA,NA,NA
NA,NA,NA,NA,NA,NA,NA,NA,NA,NA,NA,NA,NA,NA,NA,NA,165,2025-07-08,09:40:27,5,5,"Citty, Layden",1000162200,Left,CHA_14U4,"Head, Paris",10318891,Right,CHA_14U9,Undefined,6,Top,2,1,2,Undefined,Curveball,BallCalled,Undefined,Undefined,Undefined,0,0,NA,67.74362,3.852642,-2.053544,1909.766675,309.680251,04:15:00,5.02088,-1.17654,3.96369,-68.47555,-1.67315,4.95768,3.02937,-2.74006,61.12824,-8.367987,-1.196262,0.588257,NA,NA,NA,NA,NA,NA,NA,NA,NA,NA,NA,-3.00079,-1.27284,1.40516,50,5.38551,3.30143,-97.6785,4.18491,-2.85586,17.52978,-33.38541,CHA_14U4,CHA_14U9,USABBCary3,USA Baseball,USA,20250708-USABBCary3-1,1bceb660-5c01-11f0-99ca-3994f1733be8,64.07475,NA,NA,6.61537,NA,NA,NA,NA,NA,NA,13b4cefc-5421-4f51-81c6-689dca042000,2025-07-08,13:40:27,2025-07-08T13:40:27Z,2025-07-08T13:40:27Z,NA,v3,NA,NA,NA,"Silva, Diego",1000333001,Right,CHA_14U4,f3e41f3d-12a4-458c-b051-403ded3d68ad,56.53319,-98.84402,8.76489,5.03347,6.40464,-16.69271,1.17934,3.49131,-1.42793,NA,NA,NA,NA,NA,NA,NA,NA,NA,NA,NA,NA,NA,NA,NA,NA,NA,NA,NA,NA,NA,NA,NA,NA,NA,NA,NA,NA,NA,NA,NA,NA,NA,NA,NA,NA,NA,NA,NA,NA,NA,NA,NA,NA,NA,NA,NA,NA,NA,NA,High,High,High,NA,NA,NA,NA,NA,NA,NA,NA,NA,NA,NA,NA,NA,NA,NA,NA,NA,NA,NA,NA,NA,NA,NA,NA,NA,NA,NA,NA,NA,NA,NA,NA,NA,NA,NA,NA,NA,NA,NA,NA,NA,NA,NA,NA,NA,NA,NA,NA,NA,NA,NA,NA,NA,NA,NA,NA,NA,NA
NA,NA,NA,NA,NA,NA,NA,NA,NA,NA,NA,NA,NA,NA,NA,NA,166,2025-07-08,09:40:52,5,6,"Citty, Layden",1000162200,Left,CHA_14U4,"Head, Paris",10318891,Right,CHA_14U9,Undefined,6,Top,2,2,2,Undefined,Changeup,BallCalled,Undefined,Undefined,Undefined,0,0,NA,76.23069,1.77434,0.498508,1689.901757,117.217827,10:00:00,5.15804,-1.29635,3.8756,-43.56014,9.13855,-14.02461,3.23854,-1.98465,68.63973,-6.066922,-1.926466,0.522482,NA,NA,NA,NA,NA,NA,NA,NA,NA,NA,NA,6.76213,4.34414,1.25596,50,5.31478,-0.31418,-110.11462,1.73766,8.18328,22.17464,-26.91693,CHA_14U4,CHA_14U9,USABBCary3,USA Baseball,USA,20250708-USABBCary3-1,2afa8830-5c01-11f0-99ca-3994f1733be8,72.14114,NA,NA,7.59096,NA,NA,NA,NA,NA,NA,13b4cefc-5421-4f51-81c6-689dca042000,2025-07-08,13:40:52,2025-07-08T13:40:52Z,2025-07-08T13:40:52Z,NA,v3,NA,NA,NA,"Silva, Diego",1000333001,Right,CHA_14U4,4b21182a-37f5-46d6-bae7-2becab1394be,56.61885,-111.43953,11.08732,5.16291,3.34593,-13.45846,1.28934,-0.80312,4.09164,NA,NA,NA,NA,NA,NA,NA,NA,NA,NA,NA,NA,NA,NA,NA,NA,NA,NA,NA,NA,NA,NA,NA,NA,NA,NA,NA,NA,NA,NA,NA,NA,NA,NA,NA,NA,NA,NA,NA,NA,NA,NA,NA,NA,NA,NA,NA,NA,NA,NA,High,High,High,NA,NA,NA,NA,NA,NA,NA,NA,NA,NA,NA,NA,NA,NA,NA,NA,NA,NA,NA,NA,NA,NA,NA,NA,NA,NA,NA,NA,NA,NA,NA,NA,NA,NA,NA,NA,NA,NA,NA,NA,NA,NA,NA,NA,NA,NA,NA,NA,NA,NA,NA,NA,NA,NA,NA,NA,NA,NA
NA,NA,NA,NA,NA,NA,NA,NA,NA,NA,NA,NA,NA,NA,NA,NA,167,2025-07-08,09:41:16,5,7,"Citty, Layden",1000162200,Left,CHA_14U4,"Head, Paris",10318891,Right,CHA_14U9,Undefined,6,Top,2,3,2,Undefined,Changeup,BallCalled,Walk,Undefined,Undefined,0,0,NA,76.1455,3.186386,1.566444,1589.01815,121.452875,10:00:00,5.14235,-1.21597,4.14128,-44.43546,7.71898,-9.65142,4.49959,-0.5176,68.687,-4.835452,-0.108109,0.519777,NA,NA,NA,NA,NA,NA,NA,NA,NA,NA,NA,5.08697,3.25205,1.05297,50,5.4504,-2.57946,-109.97406,4.46251,6.17208,21.19149,-28.22826,CHA_14U4,CHA_14U9,USABBCary3,USA Baseball,USA,20250708-USABBCary3-1,39260100-5c01-11f0-99ca-3994f1733be8,72.51656,NA,NA,7.45849,NA,NA,NA,NA,NA,NA,13b4cefc-5421-4f51-81c6-689dca042000,2025-07-08,13:41:16,2025-07-08T13:41:16Z,2025-07-08T13:41:16Z,NA,v3,NA,NA,NA,"Silva, Diego",1000333001,Right,CHA_14U4,f8f80e10-52af-4b99-8525-e20d8e9b9dab,56.35494,-111.19188,10.59575,5.14734,6.08472,-14.11413,1.2114,-2.93415,3.08604,NA,NA,NA,NA,NA,NA,NA,NA,NA,NA,NA,NA,NA,NA,NA,NA,NA,NA,NA,NA,NA,NA,NA,NA,NA,NA,NA,NA,NA,NA,NA,NA,NA,NA,NA,NA,NA,NA,NA,NA,NA,NA,NA,NA,NA,NA,NA,NA,NA,NA,High,High,High,NA,NA,NA,NA,NA,NA,NA,NA,NA,NA,NA,NA,NA,NA,NA,NA,NA,NA,NA,NA,NA,NA,NA,NA,NA,NA,NA,NA,NA,NA,NA,NA,NA,NA,NA,NA,NA,NA,NA,NA,NA,NA,NA,NA,NA,NA,NA,NA,NA,NA,NA,NA,NA,NA,NA,NA,NA,NA
NA,NA,NA,NA,NA,NA,NA,NA,NA,NA,NA,NA,NA,NA,NA,NA,168,2025-07-08,09:42:13,6,1,"Citty, Layden",1000162200,Left,CHA_14U4,"Marll Jr., Jason",1000351105,Right,CHA_14U9,Undefined,6,Top,2,0,0,Undefined,Curveball,BallCalled,Undefined,Undefined,Undefined,0,0,NA,67.18158,3.713596,-2.703996,1924.97247,293.307709,03:45:00,5.0337,-1.14067,3.80654,-69.15268,-1.06705,8.07855,2.86321,-3.07845,60.87365,-8.575086,-1.311765,0.593881,NA,NA,NA,NA,NA,NA,NA,NA,NA,NA,NA,-4.63918,-0.92437,1.44687,50,5.38844,4.2481,-96.8695,3.85918,-4.36047,16.65869,-33.04289,CHA_14U4,CHA_14U9,USABBCary3,USA Baseball,USA,20250708-USABBCary3-1,5b10b670-5c01-11f0-99ca-3994f1733be8,63.46805,NA,NA,6.30793,NA,NA,NA,NA,NA,NA,13b4cefc-5421-4f51-81c6-689dca042000,2025-07-08,13:42:13,2025-07-08T13:42:13Z,2025-07-08T13:42:13Z,NA,v3,NA,NA,NA,"Silva, Diego",1000333001,Right,CHA_14U4,4f422550-6bdb-4d13-9915-b1950cd90932,56.69133,-98.01346,8.32935,5.04552,6.12825,-16.52144,1.14488,4.54754,-2.18024,NA,NA,NA,NA,NA,NA,NA,NA,NA,NA,NA,NA,NA,NA,NA,NA,NA,NA,NA,NA,NA,NA,NA,NA,NA,NA,NA,NA,NA,NA,NA,NA,NA,NA,NA,NA,NA,NA,NA,NA,NA,NA,NA,NA,NA,NA,NA,NA,NA,NA,High,High,High,NA,NA,NA,NA,NA,NA,NA,NA,NA,NA,NA,NA,NA,NA,NA,NA,NA,NA,NA,NA,NA,NA,NA,NA,NA,NA,NA,NA,NA,NA,NA,NA,NA,NA,NA,NA,NA,NA,NA,NA,NA,NA,NA,NA,NA,NA,NA,NA,NA,NA,NA,NA,NA,NA,NA,NA,NA,NA
NA,NA,NA,NA,NA,NA,NA,NA,NA,NA,NA,NA,NA,NA,NA,NA,169,2025-07-08,09:42:53,6,2,"Citty, Layden",1000162200,Left,CHA_14U4,"Marll Jr., Jason",1000351105,Right,CHA_14U9,Undefined,6,Top,2,1,0,Undefined,Changeup,StrikeCalled,Undefined,Undefined,Undefined,0,0,NA,75.82799,1.715232,2.632315,1678.001712,128.120799,10:15:00,5.11259,-0.77686,3.78836,-41.71967,11.89666,-12.60016,3.29375,0.71565,68.05517,-5.807753,0.460239,0.527011,NA,NA,NA,NA,NA,NA,NA,NA,NA,NA,NA,6.7578,5.65559,0.48396,50,5.26658,-4.44742,-109.37255,1.69073,8.05932,22.0718,-25.42925,CHA_14U4,CHA_14U9,USABBCary3,USA Baseball,USA,20250708-USABBCary3-1,72fcacd0-5c01-11f0-99ca-3994f1733be8,71.52111,NA,NA,7.77283,NA,NA,NA,NA,NA,NA,13b4cefc-5421-4f51-81c6-689dca042000,2025-07-08,13:42:53,2025-07-08T13:42:53Z,2025-07-08T13:42:53Z,NA,v3,NA,NA,NA,"Silva, Diego",1000333001,Right,CHA_14U4,966123a5-9d39-4fb7-9e46-a13f9079de2e,56.70508,-110.71739,11.0359,5.11636,3.24014,-12.71462,0.7699,-4.93848,4.02966,NA,NA,NA,NA,NA,NA,NA,NA,NA,NA,NA,NA,NA,NA,NA,NA,NA,NA,NA,NA,NA,NA,NA,NA,NA,NA,NA,NA,NA,NA,NA,NA,NA,NA,NA,NA,NA,NA,NA,NA,NA,NA,NA,NA,NA,NA,NA,NA,NA,NA,High,High,High,NA,NA,NA,NA,NA,NA,NA,NA,NA,NA,NA,NA,NA,NA,NA,NA,NA,NA,NA,NA,NA,NA,NA,NA,NA,NA,NA,NA,NA,NA,NA,NA,NA,NA,NA,NA,NA,NA,NA,NA,NA,NA,NA,NA,NA,NA,NA,NA,NA,NA,NA,NA,NA,NA,NA,NA,NA,NA
NA,NA,NA,NA,NA,NA,NA,NA,NA,NA,NA,NA,NA,NA,NA,NA,170,2025-07-08,09:43:12,6,3,"Citty, Layden",1000162200,Left,CHA_14U4,"Marll Jr., Jason",1000351105,Right,CHA_14U9,Undefined,6,Top,2,1,1,Undefined,Changeup,InPlay,Undefined,FlyBall,Out,1,0,NA,74.07175,-0.029986,1.841708,1559.222255,119.425297,10:00:00,5.25168,-1.15426,3.86797,-43.61176,12.41587,-18.20773,1.58845,-0.89589,66.6995,-7.881503,-1.308508,0.538732,80.5907,32.021289,-26.652628,3688.781146,98.81026,57.03198,-48.33768,289.67953,287.33765,-27.321123,4.499399,9.33914,6.4713,0.96365,50,5.19955,-2.65258,-106.98334,-1.65594,10.61513,21.77488,-24.81861,CHA_14U4,CHA_14U9,USABBCary3,USA Baseball,USA,20250708-USABBCary3-1,7e546c30-5c01-11f0-99ca-3994f1733be8,69.96515,67.11321,NA,7.37224,NA,NA,NA,3.50055,1.96874,0.83916,13b4cefc-5421-4f51-81c6-689dca042000,2025-07-08,13:43:12,2025-07-08T13:43:12Z,2025-07-08T13:43:12Z,FlyBall,v3,NA,NA,NA,"Silva, Diego",1000333001,Right,CHA_14U4,8e63f8e6-5cca-4728-84ea-a838fbd5cac8,56.62928,-108.32423,10.88744,5.25446,-0.12762,-12.4093,1.14712,-3.30625,5.30757,173.309554,3.50127,89.55218,-16.02646,3.73325,-0.73521,0.13398,-0.02393,0.00329,-2.1e-4,1.96929,62.65636,-16.24477,0.48681,0.19687,-0.15082,0.04849,-0.0074400000000000004,4.4e-4,0.83880999999999994,-44.94825,6.76121,-1.36922,0.24401,-0.04927,0.0117,-0.00191,1.3e-4,NA,NA,NA,NA,NA,NA,NA,NA,NA,NA,NA,NA,NA,NA,NA,NA,NA,NA,NA,NA,NA,NA,High,High,High,High,High,NA,NA,NA,NA,NA,NA,NA,NA,NA,NA,NA,NA,NA,NA,NA,NA,NA,NA,NA,NA,NA,NA,NA,NA,NA,NA,NA,NA,NA,NA,NA,NA,NA,NA,NA,NA,NA,NA,NA,NA,NA,NA,NA,NA,NA,NA,NA,NA,NA,NA,NA,NA,NA,NA,NA,NA
NA,NA,NA,NA,NA,NA,NA,NA,NA,NA,NA,NA,NA,NA,NA,NA,171,2025-07-08,09:45:58,1,1,"Van Der Post, James",10329532,Right,CHA_14U9,"Holder, Carter",1000339176,Right,CHA_14U4,Undefined,6,Bottom,0,0,0,Undefined,Curveball,BallCalled,Undefined,Undefined,Undefined,0,0,NA,65.25652,7.861859,2.310456,1909.996025,33.923245,07:15:00,5.74219,1.06522,4.42069,-87.88261,-15.95595,-12.56438,5.97377,2.22395,58.18076,-7.857301,0.129018,0.610402,NA,NA,NA,NA,NA,NA,NA,NA,NA,NA,NA,6.72422,-9.28977,-1.29757,50,6.49682,-3.28956,-93.55795,10.01601,5.8455,16.64319,-40.24981,CHA_14U4,CHA_14U9,USABBCary3,USA Baseball,USA,20250708-USABBCary3-1,e11cd050-5c01-11f0-99ca-3994f1733be8,61.75014,NA,NA,7.07576,NA,NA,NA,NA,NA,NA,13b4cefc-5421-4f51-81c6-689dca042000,2025-07-08,13:45:58,2025-07-08T13:45:58Z,2025-07-08T13:45:58Z,NA,v3,NA,NA,NA,"Williams, Asher",10907595,Right,CHA_14U9,eeab8ea7-5217-491e-b654-f5c29675a0e9,56.08176,-94.63366,8.32159,5.76537,12.61751,-20.12491,-1.07274,-3.66738,2.92275,NA,NA,NA,NA,NA,NA,NA,NA,NA,NA,NA,NA,NA,NA,NA,NA,NA,NA,NA,NA,NA,NA,NA,NA,NA,NA,NA,NA,NA,NA,NA,NA,NA,NA,NA,NA,NA,NA,NA,NA,NA,NA,NA,NA,NA,NA,NA,NA,NA,NA,High,High,High,NA,NA,NA,NA,NA,NA,NA,NA,NA,NA,NA,NA,NA,NA,NA,NA,NA,NA,NA,NA,NA,NA,NA,NA,NA,NA,NA,NA,NA,NA,NA,NA,NA,NA,NA,NA,NA,NA,NA,NA,NA,NA,NA,NA,NA,NA,NA,NA,NA,NA,NA,NA,NA,NA,NA,NA,NA,NA
NA,NA,NA,NA,NA,NA,NA,NA,NA,NA,NA,NA,NA,NA,NA,NA,172,2025-07-08,09:46:15,1,2,"Van Der Post, James",10329532,Right,CHA_14U9,"Holder, Carter",1000339176,Right,CHA_14U4,Undefined,6,Bottom,0,1,0,Undefined,Curveball,BallCalled,Undefined,Undefined,Undefined,0,0,NA,66.97965,0.557965,-1.606308,2087.414897,46.158349,07:30:00,5.59737,1.22416,4.65094,-76.16457,-9.85233,-12.69446,-0.2193,-1.36035,61.55026,-13.014054,-3.842108,0.586095,NA,NA,NA,NA,NA,NA,NA,NA,NA,NA,NA,5.7167,-4.41733,-1.04758,50,5.58469,3.17938,-97.01457,-1.50726,5.34774,17.78941,-36.30627,CHA_14U4,CHA_14U9,USABBCary3,USA Baseball,USA,20250708-USABBCary3-1,ebbb78e0-5c01-11f0-99ca-3994f1733be8,64.31112,NA,NA,5.4294,NA,NA,NA,NA,NA,NA,13b4cefc-5421-4f51-81c6-689dca042000,2025-07-08,13:46:15,2025-07-08T13:46:15Z,2025-07-08T13:46:15Z,NA,v3,NA,NA,NA,"Williams, Asher",10907595,Right,CHA_14U9,b9200931-3b6d-4cd1-8a43-47d1b8b79e11,55.85151,-98.08168,8.89471,5.60978,0.6706,-18.15314,-1.22868,2.85859,2.67387,NA,NA,NA,NA,NA,NA,NA,NA,NA,NA,NA,NA,NA,NA,NA,NA,NA,NA,NA,NA,NA,NA,NA,NA,NA,NA,NA,NA,NA,NA,NA,NA,NA,NA,NA,NA,NA,NA,NA,NA,NA,NA,NA,NA,NA,NA,NA,NA,NA,NA,High,High,High,NA,NA,NA,NA,NA,NA,NA,NA,NA,NA,NA,NA,NA,NA,NA,NA,NA,NA,NA,NA,NA,NA,NA,NA,NA,NA,NA,NA,NA,NA,NA,NA,NA,NA,NA,NA,NA,NA,NA,NA,NA,NA,NA,NA,NA,NA,NA,NA,NA,NA,NA,NA,NA,NA,NA,NA,NA,NA
NA,NA,NA,NA,NA,NA,NA,NA,NA,NA,NA,NA,NA,NA,NA,NA,173,2025-07-08,09:46:29,1,3,"Van Der Post, James",10329532,Right,CHA_14U9,"Holder, Carter",1000339176,Right,CHA_14U4,Undefined,6,Bottom,0,2,0,Undefined,Slider,FoulBallNotFieldable,Undefined,Undefined,Undefined,0,0,NA,79.89912,-1.461466,-1.458384,2010.147123,170.324023,11:45:00,5.62704,1.39146,5.43761,-32.48356,12.44485,-1.85736,1.55079,-0.12927,72.75773,-7.461622,-1.789079,0.482427,52.75907,26.755133,48.766296,5063.296715,NA,NA,NA,131.0393,129.84976,55.381583,2.184265,0.49642,7.15756,-1.26104,50,5.4755,3.02214,-115.83035,-3.99763,0.668,23.56464,-22.5428,CHA_14U4,CHA_14U9,USABBCary3,USA Baseball,USA,20250708-USABBCary3-1,f39c12e0-5c01-11f0-99ca-3994f1733be8,78.1308,19.43829,NA,7.14139,NA,NA,NA,2.77501,1.81818,0.16517,13b4cefc-5421-4f51-81c6-689dca042000,2025-07-08,13:46:29,2025-07-08T13:46:29Z,2025-07-08T13:46:29Z,LineDrive,v3,NA,NA,NA,"Williams, Asher",10907595,Right,CHA_14U9,37eb9096-ef1a-46dd-9f44-c564df2e1e87,55.06073,-116.85538,11.78232,5.62806,-3.01706,-11.2714,-1.39187,2.99308,0.334,242.521351,2.77495,45.54682,-8.68124,2.02508,-0.4669,0.11182,-0.03832,0.00795,-3e-4,1.81821,34.83331,-18.17879,1.10148,-0.19101,0.05536,-0.02448,0.01085,-0.00188,0.16517,51.96182,-1.1921,-0.07501,-0.05343,0.11715,-0.06748,0.01832,-0.00189,NA,NA,NA,NA,NA,NA,NA,NA,NA,NA,NA,NA,NA,NA,NA,NA,NA,NA,NA,NA,NA,NA,High,High,High,High,High,NA,NA,NA,NA,NA,NA,NA,NA,NA,NA,NA,NA,NA,NA,NA,NA,NA,NA,NA,NA,NA,NA,NA,NA,NA,NA,NA,NA,NA,NA,NA,NA,NA,NA,NA,NA,NA,NA,NA,NA,NA,NA,NA,NA,NA,NA,NA,NA,NA,NA,NA,NA,NA,NA,NA,NA
NA,NA,NA,NA,NA,NA,NA,NA,NA,NA,NA,NA,NA,NA,NA,NA,174,2025-07-08,09:47:15,1,4,"Van Der Post, James",10329532,Right,CHA_14U9,"Holder, Carter",1000339176,Right,CHA_14U4,Undefined,6,Bottom,0,2,1,Undefined,Curveball,FoulBallNotFieldable,Undefined,Undefined,Undefined,0,0,NA,67.54768,2.739347,-0.6512,1746.417656,48.640537,07:30:00,5.70449,1.05027,5.054,-69.90185,-5.21114,-8.69461,2.46499,-0.28846,60.9948,-9.958935,-2.189094,0.578885,55.34566,-63.096415,-84.887288,NA,NA,NA,NA,3.13914,2.83541,-20.795033,0.037296,4.11504,-2.95725,-0.98085,50,5.9096,1.41778,-97.72801,2.53874,3.8838,18.86134,-34.96511,CHA_14U4,CHA_14U9,USABBCary3,USA Baseball,USA,20250708-USABBCary3-1,0f678d60-5c02-11f0-99ca-3994f1733be8,65.11213,2.71719,NA,6.55288,NA,NA,NA,2.81178,2.71719,0.25876,13b4cefc-5421-4f51-81c6-689dca042000,2025-07-08,13:47:15,2025-07-08T13:47:15Z,2025-07-08T13:47:15Z,GroundBall,v3,NA,NA,NA,"Williams, Asher",10907595,Right,CHA_14U9,4f416296-36fa-4b55-a491-695d98db399d,55.44597,-98.77348,9.43067,5.71517,4.47683,-17.48256,-1.05347,1.2025,1.9419,NA,2.81165,3.29436,NA,NA,NA,NA,NA,NA,NA,2.71999,-72.85538,NA,NA,NA,NA,NA,NA,NA,0.26018,-36.8203,NA,NA,NA,NA,NA,NA,NA,NA,NA,NA,NA,NA,NA,NA,NA,NA,NA,NA,NA,NA,NA,NA,NA,NA,NA,NA,NA,NA,NA,High,High,High,Low,Low,NA,NA,NA,NA,NA,NA,NA,NA,NA,NA,NA,NA,NA,NA,NA,NA,NA,NA,NA,NA,NA,NA,NA,NA,NA,NA,NA,NA,NA,NA,NA,NA,NA,NA,NA,NA,NA,NA,NA,NA,NA,NA,NA,NA,NA,NA,NA,NA,NA,NA,NA,NA,NA,NA,NA,NA
NA,NA,NA,NA,NA,NA,NA,NA,NA,NA,NA,NA,NA,NA,NA,NA,175,2025-07-08,09:47:49,1,5,"Van Der Post, James",10329532,Right,CHA_14U9,"Holder, Carter",1000339176,Right,CHA_14U4,Undefined,6,Bottom,0,2,2,Undefined,Changeup,FoulBallNotFieldable,Undefined,Undefined,Undefined,0,0,NA,79.34626,0.019635,-3.168617,1604.396878,239.479777,02:00:00,5.44989,1.28239,5.29763,-38.99364,7.09595,9.22237,2.21888,-0.92702,71.77706,-7.149799,-1.53366,0.488622,NA,NA,NA,NA,NA,NA,NA,NA,NA,NA,NA,-5.66339,3.99118,-1.00113,50,5.42348,5.98876,-114.85842,-1.26527,-7.45618,24.14408,-26.91943,CHA_14U4,CHA_14U9,USABBCary3,USA Baseball,USA,20250708-USABBCary3-1,232df5f0-5c02-11f0-99ca-3994f1733be8,77.14032,NA,NA,7.5692,NA,NA,NA,NA,NA,NA,13b4cefc-5421-4f51-81c6-689dca042000,2025-07-08,13:47:49,2025-07-08T13:47:49Z,2025-07-08T13:47:49Z,NA,v3,NA,NA,NA,"Williams, Asher",10907595,Right,CHA_14U9,c10a5089-d0e5-4795-8819-3a8cf26866ec,55.20077,-115.94651,12.07204,5.45316,-0.0521,-13.45972,-1.27859,6.32479,-3.72809,NA,NA,NA,NA,NA,NA,NA,NA,NA,NA,NA,NA,NA,NA,NA,NA,NA,NA,NA,NA,NA,NA,NA,NA,NA,NA,NA,NA,NA,NA,NA,NA,NA,NA,NA,NA,NA,NA,NA,NA,NA,NA,NA,NA,NA,NA,NA,NA,NA,NA,High,High,High,NA,NA,NA,NA,NA,NA,NA,NA,NA,NA,NA,NA,NA,NA,NA,NA,NA,NA,NA,NA,NA,NA,NA,NA,NA,NA,NA,NA,NA,NA,NA,NA,NA,NA,NA,NA,NA,NA,NA,NA,NA,NA,NA,NA,NA,NA,NA,NA,NA,NA,NA,NA,NA,NA,NA,NA,NA,NA
NA,NA,NA,NA,NA,NA,NA,NA,NA,NA,NA,NA,NA,NA,NA,NA,176,2025-07-08,09:48:14,1,6,"Van Der Post, James",10329532,Right,CHA_14U9,"Holder, Carter",1000339176,Right,CHA_14U4,Undefined,6,Bottom,0,2,2,Undefined,Curveball,BallCalled,Undefined,Undefined,Undefined,0,0,NA,65.22803,7.7794,3.442927,1949.475472,38.504067,07:15:00,5.66783,1.01249,4.40421,-85.75851,-13.90524,-13.16741,6.00587,3.2053,58.33155,-7.540286,1.160998,0.610091,NA,NA,NA,NA,NA,NA,NA,NA,NA,NA,NA,7.33949,-8.1991,-1.36576,50,6.4183,-5.11584,-93.47429,9.95644,6.39835,16.01969,-39.32179,CHA_14U4,CHA_14U9,USABBCary3,USA Baseball,USA,20250708-USABBCary3-1,32271f00-5c02-11f0-99ca-3994f1733be8,61.78166,NA,NA,6.89649,NA,NA,NA,NA,NA,NA,13b4cefc-5421-4f51-81c6-689dca042000,2025-07-08,13:48:14,2025-07-08T13:48:14Z,2025-07-08T13:48:14Z,NA,v3,NA,NA,NA,"Williams, Asher",10907595,Right,CHA_14U9,9fbad36e-8e49-4a31-ba84-6a3d9f66e4bc,56.09804,-94.5136,8.00985,5.6896,12.50752,-19.6609,-1.02039,-5.53094,3.19917,NA,NA,NA,NA,NA,NA,NA,NA,NA,NA,NA,NA,NA,NA,NA,NA,NA,NA,NA,NA,NA,NA,NA,NA,NA,NA,NA,NA,NA,NA,NA,NA,NA,NA,NA,NA,NA,NA,NA,NA,NA,NA,NA,NA,NA,NA,NA,NA,NA,NA,High,High,High,NA,NA,NA,NA,NA,NA,NA,NA,NA,NA,NA,NA,NA,NA,NA,NA,NA,NA,NA,NA,NA,NA,NA,NA,NA,NA,NA,NA,NA,NA,NA,NA,NA,NA,NA,NA,NA,NA,NA,NA,NA,NA,NA,NA,NA,NA,NA,NA,NA,NA,NA,NA,NA,NA,NA,NA,NA,NA
NA,NA,NA,NA,NA,NA,NA,NA,NA,NA,NA,NA,NA,NA,NA,NA,177,2025-07-08,09:48:35,1,7,"Van Der Post, James",10329532,Right,CHA_14U9,"Holder, Carter",1000339176,Right,CHA_14U4,Undefined,6,Bottom,0,3,2,Undefined,Changeup,InPlay,Undefined,FlyBall,Out,1,0,NA,79.23499,0.995015,-2.211351,1598.10958,221.49806,01:30:00,5.57806,1.23138,5.59293,-37.21081,8.2034300000000009,5.88953,3.407,-0.34361,71.9175,-5.89522,-1.161095,0.485029,81.73496,44.266123,14.823726,NA,103.99653,94.16978,35.84226,248.59645,136.78471,22.752129,5.314866,-3.66988,4.28095,-1.04562,50,5.63939,4.20803,-114.88019,0.81174,-4.85926,23.10894,-26.50569,CHA_14U4,CHA_14U9,USABBCary3,USA Baseball,USA,20250708-USABBCary3-1,3f25feb0-5c02-11f0-99ca-3994f1733be8,77.71177,102.99925,NA,7.31748,NA,NA,NA,1.76907,3.38398,-0.06004,13b4cefc-5421-4f51-81c6-689dca042000,2025-07-08,13:48:35,2025-07-08T13:48:35Z,2025-07-08T13:48:35Z,FlyBall,v3,NA,NA,NA,"Williams, Asher",10907595,Right,CHA_14U9,c7886d53-768a-4e0c-b2f7-b78769d3d2fb,54.90561,-115.86278,11.55447,5.58091,1.93877,-13.25284,-1.22894,4.41465,-2.42963,195.929915,1.77393,82.88516,-20.97043,5.31778,-0.77746,-0.00111,0.0233,-0.00362,1.8e-4,3.37998,83.74487,-19.90585,1.17719,-0.09437,-0.02012,0.01285,-0.00235,1.4e-4,-0.05957,21.9559,-0.50145,-0.36068,0.17244,-0.04085,0.00505,-2.6e-4,0,NA,NA,NA,NA,NA,NA,NA,NA,NA,NA,NA,NA,NA,NA,NA,NA,NA,NA,NA,NA,NA,NA,High,High,High,Medium,Low,NA,NA,NA,NA,NA,NA,NA,NA,NA,NA,NA,NA,NA,NA,NA,NA,NA,NA,NA,NA,NA,NA,NA,NA,NA,NA,NA,NA,NA,NA,NA,NA,NA,NA,NA,NA,NA,NA,NA,NA,NA,NA,NA,NA,NA,NA,NA,NA,NA,NA,NA,NA,NA,NA,NA,NA
NA,NA,NA,NA,NA,NA,NA,NA,NA,NA,NA,NA,NA,NA,NA,NA,178,2025-07-08,09:49:09,2,1,"Van Der Post, James",10329532,Right,CHA_14U9,"Bryant, Maddox",10908861,Left,CHA_14U4,Undefined,6,Bottom,1,0,0,Undefined,Changeup,BallCalled,Undefined,Undefined,Undefined,0,0,NA,79.32162,1.608356,-2.05782,1846.863448,228.16618,01:30:00,5.43837,1.43148,4.95705,-38.17471,8.55544,7.6717,3.77811,0.12571,71.43378,-5.402747,-0.706089,0.492005,NA,NA,NA,NA,NA,NA,NA,NA,NA,NA,NA,-4.42028,4.21524,-1.23865,50,5.56356,3.79276,-114.75134,1.88715,-5.81042,24.04215,-26.63314,CHA_14U4,CHA_14U9,USABBCary3,USA Baseball,USA,20250708-USABBCary3-1,52f7d8f0-5c02-11f0-99ca-3994f1733be8,76.60981,NA,NA,7.88784,NA,NA,NA,NA,NA,NA,13b4cefc-5421-4f51-81c6-689dca042000,2025-07-08,13:49:09,2025-07-08T13:49:09Z,2025-07-08T13:49:09Z,NA,v3,NA,NA,NA,"Williams, Asher",10907595,Right,CHA_14U9,a0509a39-ae67-440d-8e82-9f28e186e776,55.53817,-115.90586,12.02107,5.44223,3.16609,-13.31657,-1.42748,4.07178,-2.90521,NA,NA,NA,NA,NA,NA,NA,NA,NA,NA,NA,NA,NA,NA,NA,NA,NA,NA,NA,NA,NA,NA,NA,NA,NA,NA,NA,NA,NA,NA,NA,NA,NA,NA,NA,NA,NA,NA,NA,NA,NA,NA,NA,NA,NA,NA,NA,NA,NA,NA,High,High,High,NA,NA,NA,NA,NA,NA,NA,NA,NA,NA,NA,NA,NA,NA,NA,NA,NA,NA,NA,NA,NA,NA,NA,NA,NA,NA,NA,NA,NA,NA,NA,NA,NA,NA,NA,NA,NA,NA,NA,NA,NA,NA,NA,NA,NA,NA,NA,NA,NA,NA,NA,NA,NA,NA,NA,NA,NA,NA
NA,NA,NA,NA,NA,NA,NA,NA,NA,NA,NA,NA,NA,NA,NA,NA,179,2025-07-08,09:49:30,2,2,"Van Der Post, James",10329532,Right,CHA_14U9,"Bryant, Maddox",10908861,Left,CHA_14U4,Undefined,6,Bottom,1,1,0,Undefined,Changeup,InPlay,Undefined,FlyBall,Out,1,0,NA,78.61301,0.546646,-2.412899,1811.563003,221.902649,01:30:00,5.5305,1.3738,5.37402,-35.27274,11.68032,8.91528,3.10407,-0.14677,70.71319,-6.003719,-0.829735,0.493178,89.09522,34.784727,28.481971,NA,94.67561,69.34078,56.00453,326.59185,272.72482,35.94837,5.171965,-5.29075,6.16536,-1.16414,50,5.55503,4.44037,-113.8073,-0.03824,-6.81189,24.45465,-24.2361,CHA_14U4,CHA_14U9,USABBCary3,USA Baseball,USA,20250708-USABBCary3-1,5f688260-5c02-11f0-99ca-3994f1733be8,76.42771,90.39315,NA,7.89982,NA,NA,NA,2.02103,3.282,0.21365,13b4cefc-5421-4f51-81c6-689dca042000,2025-07-08,13:49:30,2025-07-08T13:49:30Z,2025-07-08T13:49:30Z,FlyBall,v3,NA,NA,NA,"Williams, Asher",10907595,Right,CHA_14U9,3cbcfe73-2106-491a-9096-c63dd70083c9,55.12279,-114.9028,12.22733,5.53243,1.04746,-12.11805,-1.3699,4.74553,-3.40594,200.126986,2.02406,94.26924,-19.49359,4.25791,-0.67816,0.07136,-0.00595,6.7e-4,-5e-5,3.28101,74.56793,-18.19069,1.36455,-0.22015,-5.3e-4,0.01201,-0.00238,1.4e-4,0.21436,51.16829,-5.70308,1.12389,-0.19254,0.03225,-0.00599,8.2e-4,-5e-5,NA,NA,NA,NA,NA,NA,NA,NA,NA,NA,NA,NA,NA,NA,NA,NA,NA,NA,NA,NA,NA,NA,High,High,High,High,Medium,NA,NA,NA,NA,NA,NA,NA,NA,NA,NA,NA,NA,NA,NA,NA,NA,NA,NA,NA,NA,NA,NA,NA,NA,NA,NA,NA,NA,NA,NA,NA,NA,NA,NA,NA,NA,NA,NA,NA,NA,NA,NA,NA,NA,NA,NA,NA,NA,NA,NA,NA,NA,NA,NA,NA,NA
NA,NA,NA,NA,NA,NA,NA,NA,NA,NA,NA,NA,NA,NA,NA,NA,180,2025-07-08,09:50:07,3,1,"Van Der Post, James",10329532,Right,CHA_14U9,"Adame, Steven",1000339165,Left,CHA_14U4,Undefined,6,Bottom,2,0,0,Undefined,Curveball,BallCalled,Undefined,Undefined,Undefined,0,0,NA,67.21628,3.282595,1.946795,2122.539631,48.655143,07:30:00,5.56437,1.38693,4.50533,-77.62095,-11.29926,-15.55107,2.2285,1.94641,61.08532,-10.614215,-0.776763,0.586137,NA,NA,NA,NA,NA,NA,NA,NA,NA,NA,NA,8.15245,-5.81335,-1.57507,50,5.8344,-2.71242,-97.17919,2.98905,7.66899,17.54405,-37.64265,CHA_14U4,CHA_14U9,USABBCary3,USA Baseball,USA,20250708-USABBCary3-1,758cff30-5c02-11f0-99ca-3994f1733be8,64.30652,NA,NA,6.13096,NA,NA,NA,NA,NA,NA,13b4cefc-5421-4f51-81c6-689dca042000,2025-07-08,13:50:07,2025-07-08T13:50:07Z,2025-07-08T13:50:07Z,NA,v3,NA,NA,NA,"Williams, Asher",10907595,Right,CHA_14U9,a342b721-47d0-4fe6-bd60-ad1322ae3059,55.997,-98.25588,8.77202,5.58007,5.2992,-18.82133,-1.39416,-3.18308,3.83449,NA,NA,NA,NA,NA,NA,NA,NA,NA,NA,NA,NA,NA,NA,NA,NA,NA,NA,NA,NA,NA,NA,NA,NA,NA,NA,NA,NA,NA,NA,NA,NA,NA,NA,NA,NA,NA,NA,NA,NA,NA,NA,NA,NA,NA,NA,NA,NA,NA,NA,High,High,High,NA,NA,NA,NA,NA,NA,NA,NA,NA,NA,NA,NA,NA,NA,NA,NA,NA,NA,NA,NA,NA,NA,NA,NA,NA,NA,NA,NA,NA,NA,NA,NA,NA,NA,NA,NA,NA,NA,NA,NA,NA,NA,NA,NA,NA,NA,NA,NA,NA,NA,NA,NA,NA,NA,NA,NA,NA,NA
NA,NA,NA,NA,NA,NA,NA,NA,NA,NA,NA,NA,NA,NA,NA,NA,181,2025-07-08,09:50:19,3,2,"Van Der Post, James",10329532,Right,CHA_14U9,"Adame, Steven",1000339165,Left,CHA_14U4,Undefined,6,Bottom,2,1,0,Undefined,Changeup,BallCalled,Undefined,Undefined,Undefined,0,0,NA,80.58639,0.568322,1.036467,1827.731782,232.77538,01:45:00,5.60339,1.31323,5.50985,-34.11352,10.04926,11.19851,3.29217,3.2158,72.95839,-5.758805,3.031254,0.478299,NA,NA,NA,NA,NA,NA,NA,NA,NA,NA,NA,-5.2924,5.355,-1.41124,50,5.63046,-2.57174,-116.82847,0.0505,-7.22226,24.60235,-24.86636,CHA_14U4,CHA_14U9,USABBCary3,USA Baseball,USA,20250708-USABBCary3-1,7d000a50-5c02-11f0-99ca-3994f1733be8,78.80516,NA,NA,7.62801,NA,NA,NA,NA,NA,NA,13b4cefc-5421-4f51-81c6-689dca042000,2025-07-08,13:50:19,2025-07-08T13:50:19Z,2025-07-08T13:50:19Z,NA,v3,NA,NA,NA,"Williams, Asher",10907595,Right,CHA_14U9,ad9440e6-a300-4e8d-9971-206adb038722,54.98635,-117.87385,12.30117,5.60587,1.10709,-12.43318,-1.30848,-2.26486,-3.61113,NA,NA,NA,NA,NA,NA,NA,NA,NA,NA,NA,NA,NA,NA,NA,NA,NA,NA,NA,NA,NA,NA,NA,NA,NA,NA,NA,NA,NA,NA,NA,NA,NA,NA,NA,NA,NA,NA,NA,NA,NA,NA,NA,NA,NA,NA,NA,NA,NA,NA,High,High,High,NA,NA,NA,NA,NA,NA,NA,NA,NA,NA,NA,NA,NA,NA,NA,NA,NA,NA,NA,NA,NA,NA,NA,NA,NA,NA,NA,NA,NA,NA,NA,NA,NA,NA,NA,NA,NA,NA,NA,NA,NA,NA,NA,NA,NA,NA,NA,NA,NA,NA,NA,NA,NA,NA,NA,NA,NA,NA
NA,NA,NA,NA,NA,NA,NA,NA,NA,NA,NA,NA,NA,NA,NA,NA,182,2025-07-08,09:50:37,3,3,"Van Der Post, James",10329532,Right,CHA_14U9,"Adame, Steven",1000339165,Left,CHA_14U4,Undefined,6,Bottom,2,2,0,Undefined,Changeup,BallCalled,Undefined,Undefined,Undefined,0,0,NA,80.49596,-0.501249,-3.868934,1769.182261,198.77957,12:45:00,5.61038,0.90594,5.55749,-32.17864,11.96548,3.55705,2.45941,-2.418,73.21907,-6.462065,-3.236696,0.478198,NA,NA,NA,NA,NA,NA,NA,NA,NA,NA,NA,-3.00099,6.61926,-0.57371,50,5.54589,7.74621,-116.56205,-2.03925,-4.09266,23.69683,-23.14686,CHA_14U4,CHA_14U9,USABBCary3,USA Baseball,USA,20250708-USABBCary3-1,87b5bd50-5c02-11f0-99ca-3994f1733be8,78.82178,NA,NA,7.27689,NA,NA,NA,NA,NA,NA,13b4cefc-5421-4f51-81c6-689dca042000,2025-07-08,13:50:37,2025-07-08T13:50:37Z,2025-07-08T13:50:37Z,NA,v3,NA,NA,NA,"Williams, Asher",10907595,Right,CHA_14U9,adc8b8d1-25ad-4d71-aebd-10bace3212d3,54.94235,-117.56253,11.84842,5.61136,-1.062,-11.57343,-0.9044,7.919,-2.04633,NA,NA,NA,NA,NA,NA,NA,NA,NA,NA,NA,NA,NA,NA,NA,NA,NA,NA,NA,NA,NA,NA,NA,NA,NA,NA,NA,NA,NA,NA,NA,NA,NA,NA,NA,NA,NA,NA,NA,NA,NA,NA,NA,NA,NA,NA,NA,NA,NA,NA,High,High,High,NA,NA,NA,NA,NA,NA,NA,NA,NA,NA,NA,NA,NA,NA,NA,NA,NA,NA,NA,NA,NA,NA,NA,NA,NA,NA,NA,NA,NA,NA,NA,NA,NA,NA,NA,NA,NA,NA,NA,NA,NA,NA,NA,NA,NA,NA,NA,NA,NA,NA,NA,NA,NA,NA,NA,NA,NA,NA
NA,NA,NA,NA,NA,NA,NA,NA,NA,NA,NA,NA,NA,NA,NA,NA,183,2025-07-08,09:51:06,3,4,"Van Der Post, James",10329532,Right,CHA_14U9,"Adame, Steven",1000339165,Left,CHA_14U4,Undefined,6,Bottom,2,3,0,Undefined,Changeup,FoulBallNotFieldable,Undefined,Undefined,Undefined,0,0,NA,79.46392,-0.637397,-2.310777,1682.183542,213.939053,01:15:00,5.5187,1.24531,5.40024,-34.69762,11.02367,6.3102,2.02943,-0.39538,71.91893,-7.054749,-1.188834,0.486666,NA,NA,NA,NA,NA,NA,NA,NA,NA,NA,NA,-3.94276,6.19693,-1.04393,50,5.43783,4.39643,-115.11545,-2.40089,-5.21293,24.29698,-23.98074,CHA_14U4,CHA_14U9,USABBCary3,USA Baseball,USA,20250708-USABBCary3-1,98d96780-5c02-11f0-99ca-3994f1733be8,77.45038,NA,NA,7.545,NA,NA,NA,NA,NA,NA,13b4cefc-5421-4f51-81c6-689dca042000,2025-07-08,13:51:06,2025-07-08T13:51:06Z,2025-07-08T13:51:06Z,NA,v3,NA,NA,NA,"Williams, Asher",10907595,Right,CHA_14U9,9916acec-ad5e-45ad-839b-70799a5062ec,55.09803,-116.18649,12.14849,5.52036,-1.34379,-11.99037,-1.2428,4.62622,-2.60647,NA,NA,NA,NA,NA,NA,NA,NA,NA,NA,NA,NA,NA,NA,NA,NA,NA,NA,NA,NA,NA,NA,NA,NA,NA,NA,NA,NA,NA,NA,NA,NA,NA,NA,NA,NA,NA,NA,NA,NA,NA,NA,NA,NA,NA,NA,NA,NA,NA,NA,High,High,High,NA,NA,NA,NA,NA,NA,NA,NA,NA,NA,NA,NA,NA,NA,NA,NA,NA,NA,NA,NA,NA,NA,NA,NA,NA,NA,NA,NA,NA,NA,NA,NA,NA,NA,NA,NA,NA,NA,NA,NA,NA,NA,NA,NA,NA,NA,NA,NA,NA,NA,NA,NA,NA,NA,NA,NA,NA,NA
NA,NA,NA,NA,NA,NA,NA,NA,NA,NA,NA,NA,NA,NA,NA,NA,184,2025-07-08,09:51:27,3,5,"Van Der Post, James",10329532,Right,CHA_14U9,"Adame, Steven",1000339165,Left,CHA_14U4,Undefined,6,Bottom,2,3,1,Undefined,Changeup,FoulBallNotFieldable,Undefined,Undefined,Undefined,0,0,NA,78.87326,-0.297659,-2.322409,1691.759141,218.554662,01:15:00,5.50475,1.08757,5.30743,-36.20041,9.93741,6.70311,2.20841,-0.53506,72.01794,-6.950791,-1.132749,0.488877,86.26438,-10.690382,76.955656,NA,NA,NA,NA,15.33546,12.5115,62.168569,0.109629,-4.07977,5.48071,-0.8819,50,5.45154,4.37693,-114.37282,-1.78273,-5.37667,22.09262,-24.95105,CHA_14U4,CHA_14U9,USABBCary3,USA Baseball,USA,20250708-USABBCary3-1,a53ec650-5c02-11f0-99ca-3994f1733be8,77.09999,2.48073,NA,6.85532,NA,NA,NA,4.28282,2.48073,0.36817,13b4cefc-5421-4f51-81c6-689dca042000,2025-07-08,13:51:27,2025-07-08T13:51:27Z,2025-07-08T13:51:27Z,GroundBall,v3,NA,NA,NA,"Williams, Asher",10907595,Right,CHA_14U9,9998e2bb-3ba3-4d0d-8518-3167178d46cc,55.19247,-115.37145,11.04631,5.50663,-0.65489,-12.47553,-1.08524,4.61996,-2.68833,261.418466,4.28299,28.04118,-16.44073,NA,NA,NA,NA,NA,NA,2.48055,-23.44821,7.51706,NA,NA,NA,NA,NA,NA,0.3681,121.12502,-7.10214,NA,NA,NA,NA,NA,NA,NA,NA,NA,NA,NA,NA,NA,NA,NA,NA,NA,NA,NA,NA,NA,NA,NA,NA,NA,NA,NA,NA,High,High,High,Low,Low,NA,NA,NA,NA,NA,NA,NA,NA,NA,NA,NA,NA,NA,NA,NA,NA,NA,NA,NA,NA,NA,NA,NA,NA,NA,NA,NA,NA,NA,NA,NA,NA,NA,NA,NA,NA,NA,NA,NA,NA,NA,NA,NA,NA,NA,NA,NA,NA,NA,NA,NA,NA,NA,NA,NA,NA
NA,NA,NA,NA,NA,NA,NA,NA,NA,NA,NA,NA,NA,NA,NA,NA,185,2025-07-08,09:51:52,3,6,"Van Der Post, James",10329532,Right,CHA_14U9,"Adame, Steven",1000339165,Left,CHA_14U4,Undefined,6,Bottom,2,3,2,Undefined,Curveball,BallCalled,Walk,Undefined,Undefined,0,0,NA,65.90428,6.342473,2.272232,2060.037394,33.788521,07:15:00,5.77935,0.8162,4.96253,-83.26036,-15.03631,-11.67961,4.86213,1.99063,59.46743,-8.684765,0.219199,0.594484,NA,NA,NA,NA,NA,NA,NA,NA,NA,NA,NA,6.40788,-8.54906,-1.02615,50,6.32762,-3.3425,-94.96232,7.9516,5.77175,16.38849,-39.87442,CHA_14U4,CHA_14U9,USABBCary3,USA Baseball,USA,20250708-USABBCary3-1,b41f8560-5c02-11f0-99ca-3994f1733be8,63.40363,NA,NA,6.43686,NA,NA,NA,NA,NA,NA,13b4cefc-5421-4f51-81c6-689dca042000,2025-07-08,13:51:52,2025-07-08T13:51:52Z,2025-07-08T13:51:52Z,NA,v3,NA,NA,NA,"Williams, Asher",10907595,Right,CHA_14U9,c989f7cd-0f3b-4987-b314-0780eaa31e08,55.54106,-95.91382,8.19424,5.79875,10.26668,-19.93721,-0.82236,-3.6776,2.88587,NA,NA,NA,NA,NA,NA,NA,NA,NA,NA,NA,NA,NA,NA,NA,NA,NA,NA,NA,NA,NA,NA,NA,NA,NA,NA,NA,NA,NA,NA,NA,NA,NA,NA,NA,NA,NA,NA,NA,NA,NA,NA,NA,NA,NA,NA,NA,NA,NA,NA,High,High,High,NA,NA,NA,NA,NA,NA,NA,NA,NA,NA,NA,NA,NA,NA,NA,NA,NA,NA,NA,NA,NA,NA,NA,NA,NA,NA,NA,NA,NA,NA,NA,NA,NA,NA,NA,NA,NA,NA,NA,NA,NA,NA,NA,NA,NA,NA,NA,NA,NA,NA,NA,NA,NA,NA,NA,NA,NA,NA
NA,NA,NA,NA,NA,NA,NA,NA,NA,NA,NA,NA,NA,NA,NA,NA,186,2025-07-08,09:52:34,4,1,"Van Der Post, James",10329532,Right,CHA_14U9,"Patlan, Elijah",1000339175,Right,CHA_14U4,Undefined,6,Bottom,2,0,0,Undefined,Curveball,StrikeCalled,Undefined,Undefined,Undefined,0,0,NA,68.30701,2.390923,-0.256882,2070.012432,38.464201,07:15:00,5.4308,1.26998,4.69178,-71.7015,-8.51426,-8.44201,1.72705,0.32259,62.60937,-10.470258,-1.741804,0.572119,NA,NA,NA,NA,NA,NA,NA,NA,NA,NA,NA,4.05803,-4.29414,-1.23582,50,5.60871,0.75799,-98.9725,1.77452,3.98813,17.15366,-36.3942,CHA_14U4,CHA_14U9,USABBCary3,USA Baseball,USA,20250708-USABBCary3-1,cd32e4c0-5c02-11f0-99ca-3994f1733be8,65.88222,NA,NA,5.69764,NA,NA,NA,NA,NA,NA,13b4cefc-5421-4f51-81c6-689dca042000,2025-07-08,13:52:34,2025-07-08T13:52:34Z,2025-07-08T13:52:34Z,NA,v3,NA,NA,NA,"Williams, Asher",10907595,Right,CHA_14U9,5be4b69c-332c-4a05-9766-83a423d18686,55.81024,-99.97445,8.57683,5.44298,3.9003,-18.1971,-1.27329,0.52504,1.99407,NA,NA,NA,NA,NA,NA,NA,NA,NA,NA,NA,NA,NA,NA,NA,NA,NA,NA,NA,NA,NA,NA,NA,NA,NA,NA,NA,NA,NA,NA,NA,NA,NA,NA,NA,NA,NA,NA,NA,NA,NA,NA,NA,NA,NA,NA,NA,NA,NA,NA,High,High,High,NA,NA,NA,NA,NA,NA,NA,NA,NA,NA,NA,NA,NA,NA,NA,NA,NA,NA,NA,NA,NA,NA,NA,NA,NA,NA,NA,NA,NA,NA,NA,NA,NA,NA,NA,NA,NA,NA,NA,NA,NA,NA,NA,NA,NA,NA,NA,NA,NA,NA,NA,NA,NA,NA,NA,NA,NA,NA
NA,NA,NA,NA,NA,NA,NA,NA,NA,NA,NA,NA,NA,NA,NA,NA,187,2025-07-08,09:52:53,4,2,"Van Der Post, James",10329532,Right,CHA_14U9,"Patlan, Elijah",1000339175,Right,CHA_14U4,Undefined,6,Bottom,2,0,1,Undefined,Curveball,StrikeCalled,Undefined,Undefined,Undefined,0,0,NA,67.30312,3.020512,-0.189219,2079.876805,48.439934,07:30:00,5.43896,1.30031,4.35234,-73.73516,-7.42422,-11.0002,2.18275,0.20285,61.29859,-10.15856,-2.110564,0.586089,NA,NA,NA,NA,NA,NA,NA,NA,NA,NA,NA,5.24288,-3.85358,-1.26817,50,5.68978,0.743,-97.34632,2.65471,4.962,17.23533,-35.82116,CHA_14U4,CHA_14U9,USABBCary3,USA Baseball,USA,20250708-USABBCary3-1,d8bbed50-5c02-11f0-99ca-3994f1733be8,64.31175,NA,NA,6.00453,NA,NA,NA,NA,NA,NA,13b4cefc-5421-4f51-81c6-689dca042000,2025-07-08,13:52:53,2025-07-08T13:52:53Z,2025-07-08T13:52:53Z,NA,v3,NA,NA,NA,"Williams, Asher",10907595,Right,CHA_14U9,06a6fd6b-4015-4a7b-9c12-206b90e1bc99,56.14843,-98.42889,8.61767,5.45238,4.90468,-17.91058,-1.30505,0.43133,2.481,NA,NA,NA,NA,NA,NA,NA,NA,NA,NA,NA,NA,NA,NA,NA,NA,NA,NA,NA,NA,NA,NA,NA,NA,NA,NA,NA,NA,NA,NA,NA,NA,NA,NA,NA,NA,NA,NA,NA,NA,NA,NA,NA,NA,NA,NA,NA,NA,NA,NA,High,High,High,NA,NA,NA,NA,NA,NA,NA,NA,NA,NA,NA,NA,NA,NA,NA,NA,NA,NA,NA,NA,NA,NA,NA,NA,NA,NA,NA,NA,NA,NA,NA,NA,NA,NA,NA,NA,NA,NA,NA,NA,NA,NA,NA,NA,NA,NA,NA,NA,NA,NA,NA,NA,NA,NA,NA,NA,NA,NA
NA,NA,NA,NA,NA,NA,NA,NA,NA,NA,NA,NA,NA,NA,NA,NA,188,2025-07-08,09:53:09,4,3,"Van Der Post, James",10329532,Right,CHA_14U9,"Patlan, Elijah",1000339175,Right,CHA_14U4,Undefined,6,Bottom,2,0,2,Undefined,Curveball,InPlay,Undefined,GroundBall,Out,1,0,NA,69.53177,2.125592,-1.67551,2104.296455,53.669113,07:45:00,5.50772,1.26575,4.64716,-67.33134,-6.18449,-11.17965,1.91834,-1.25844,63.6894,-9.94727,-3.637045,0.562805,60.16897,-12.281886,4.916361,NA,NA,NA,NA,9.41575,9.41575,11.379103,0.090583,4.98705,-3.16543,-1.08337,50,5.66339,3.36581,-100.70299,1.49677,5.07139,17.83727,-35.39302,CHA_14U4,CHA_14U9,USABBCary3,USA Baseball,USA,20250708-USABBCary3-1,e2522690-5c02-11f0-99ca-3994f1733be8,66.97241,1.8844,NA,5.84237,NA,NA,NA,1.54796,1.8844,1.213,13b4cefc-5421-4f51-81c6-689dca042000,2025-07-08,13:53:09,2025-07-08T13:53:09Z,2025-07-08T13:53:09Z,GroundBall,v3,NA,NA,NA,"Williams, Asher",10907595,Right,CHA_14U9,bdc79a1a-0dd2-4120-b0af-04155d90e4a8,55.85467,-101.73472,8.91864,5.51761,3.5439600000000002,-17.69651,-1.26957,3.07247,2.5356900000000002,12.176203,1.54796,85.91051,-12.11001,NA,NA,NA,NA,NA,NA,1.8845,-18.78651,-22.28446,NA,NA,NA,NA,NA,NA,1.21301,7.38808,-2.99008,NA,NA,NA,NA,NA,NA,NA,NA,NA,NA,NA,NA,NA,NA,NA,NA,NA,NA,NA,NA,NA,NA,NA,NA,NA,NA,NA,NA,High,High,High,High,High,NA,NA,NA,NA,NA,NA,NA,NA,NA,NA,NA,NA,NA,NA,NA,NA,NA,NA,NA,NA,NA,NA,NA,NA,NA,NA,NA,NA,NA,NA,NA,NA,NA,NA,NA,NA,NA,NA,NA,NA,NA,NA,NA,NA,NA,NA,NA,NA,NA,NA,NA,NA,NA,NA,NA,NA
NA,NA,NA,NA,NA,NA,NA,NA,NA,NA,NA,NA,NA,NA,NA,NA,189,2025-07-08,09:55:46,1,1,"Citty, Layden",1000162200,Left,CHA_14U4,"Erickson, Cole",1000417583,Left,CHA_14U9,Undefined,7,Top,0,0,0,Undefined,Changeup,StrikeCalled,Undefined,Undefined,Undefined,0,0,NA,74.13542,1.417255,1.614471,1766.137657,125.46619,10:15:00,5.13519,-1.11615,4.04133,-44.09687,10.72028,-12.46611,2.82295,-0.60341,67.48138,-6.515392,-0.547155,0.53288,NA,NA,NA,NA,NA,NA,NA,NA,NA,NA,NA,6.56221,5.15335,0.94886,50,5.24767,-2.50733,-107.29782,1.05513,7.60599,19.56619,-26.20097,CHA_14U4,CHA_14U9,USABBCary3,USA Baseball,USA,20250708-USABBCary3-1,3fde0ea0-5c03-11f0-99ca-3994f1733be8,70.7334,NA,NA,6.65404,NA,NA,NA,NA,NA,NA,13b4cefc-5421-4f51-81c6-689dca042000,2025-07-08,13:55:46,2025-07-08T13:55:46Z,2025-07-08T13:55:46Z,NA,v3,NA,NA,NA,"Silva, Diego",1000333001,Right,CHA_14U4,dd7d7a35-cdcc-4172-a9a7-022fbd3ad2c6,56.45929,-108.46931,9.7831,5.13754,2.62385,-13.10049,1.11261,-2.96272,3.803,NA,NA,NA,NA,NA,NA,NA,NA,NA,NA,NA,NA,NA,NA,NA,NA,NA,NA,NA,NA,NA,NA,NA,NA,NA,NA,NA,NA,NA,NA,NA,NA,NA,NA,NA,NA,NA,NA,NA,NA,NA,NA,NA,NA,NA,NA,NA,NA,NA,NA,High,High,High,NA,NA,NA,NA,NA,NA,NA,NA,NA,NA,NA,NA,NA,NA,NA,NA,NA,NA,NA,NA,NA,NA,NA,NA,NA,NA,NA,NA,NA,NA,NA,NA,NA,NA,NA,NA,NA,NA,NA,NA,NA,NA,NA,NA,NA,NA,NA,NA,NA,NA,NA,NA,NA,NA,NA,NA,NA,NA
NA,NA,NA,NA,NA,NA,NA,NA,NA,NA,NA,NA,NA,NA,NA,NA,190,2025-07-08,09:56:01,1,2,"Citty, Layden",1000162200,Left,CHA_14U4,"Erickson, Cole",1000417583,Left,CHA_14U9,Undefined,7,Top,0,0,1,Undefined,Curveball,FoulBallNotFieldable,Undefined,Undefined,Undefined,0,0,NA,67.12883,3.270661,0.967254,1841.974036,291.72874,03:45:00,5.07739,-0.97463,3.70729,-68.44673,-0.7826,7.45363,2.53887,0.58156,61.50062,-8.836728,2.251639,0.592039,47.83874,15.072108,-174.772176,2407.354969,NA,NA,NA,65.043450000000007,44.0972,-173.134942,1.077056,-3.28303,-0.80969,0.85004,50,5.38349,-1.93166,-97.05172,3.1358,-3.12228,15.59658,-32.94407,CHA_14U4,CHA_14U9,USABBCary3,USA Baseball,USA,20250708-USABBCary3-1,48b2a590-5c03-11f0-99ca-3994f1733be8,63.66543,7.01241,NA,5.62821,NA,NA,NA,4.00815,2.87278,-0.50562,13b4cefc-5421-4f51-81c6-689dca042000,2025-07-08,13:56:01,2025-07-08T13:56:01Z,2025-07-08T13:56:01Z,GroundBall,v3,NA,NA,NA,"Silva, Diego",1000333001,Right,CHA_14U4,4e1ddf81-61e2-41d5-81e7-db03e0775e61,56.7939,-98.13745,7.79829,5.08537,5.42915,-16.47203,0.97695,-1.7143,-1.56114,345.134423,4.00815,-67.46788,3.77982,-0.34668,0.10237,-0.00725,0.00241,-7.2e-4,0,2.87278,18.24489,-20.67628,1.41585,-0.27983,0.05311,-0.00646,0.00193,-3.5e-4,-0.50562,-6.17309,-0.60051,0.07663,-0.01615,0.0019,-4.2e-4,1.1e-4,-1e-5,NA,NA,NA,NA,NA,NA,NA,NA,NA,NA,NA,NA,NA,NA,NA,NA,NA,NA,NA,NA,NA,NA,High,High,High,High,Medium,NA,NA,NA,NA,NA,NA,NA,NA,NA,NA,NA,NA,NA,NA,NA,NA,NA,NA,NA,NA,NA,NA,NA,NA,NA,NA,NA,NA,NA,NA,NA,NA,NA,NA,NA,NA,NA,NA,NA,NA,NA,NA,NA,NA,NA,NA,NA,NA,NA,NA,NA,NA,NA,NA,NA,NA
NA,NA,NA,NA,NA,NA,NA,NA,NA,NA,NA,NA,NA,NA,NA,NA,191,2025-07-08,09:56:23,1,3,"Citty, Layden",1000162200,Left,CHA_14U4,"Erickson, Cole",1000417583,Left,CHA_14U9,Undefined,7,Top,0,0,2,Undefined,Curveball,StrikeCalled,Strikeout,Undefined,Undefined,0,0,NA,68.32807,3.835902,1.396716,2086.732531,315.75445,04:30:00,5.07965,-0.97138,3.77059,-68.55366,-3.43555,5.35674,3.07712,0.82384,62.58751,-8.292472,2.320115,0.580794,NA,NA,NA,NA,NA,NA,NA,NA,NA,NA,NA,-2.13784,-2.06949,0.80028,50,5.45017,-2.62631,-98.7389,4.14194,-2.11007,15.7536,-34.21666,CHA_14U4,CHA_14U9,USABBCary3,USA Baseball,USA,20250708-USABBCary3-1,55f3e570-5c03-11f0-99ca-3994f1733be8,64.89808,NA,NA,5.74055,NA,NA,NA,NA,NA,NA,13b4cefc-5421-4f51-81c6-689dca042000,2025-07-08,13:56:23,2025-07-08T13:56:23Z,2025-07-08T13:56:23Z,NA,v3,NA,NA,NA,"Silva, Diego",1000333001,Right,CHA_14U4,63643afe-1d0d-42c0-9c58-2ae09dba034a,56.7297,-99.80683,7.8768,5.09077,6.46148,-17.10833,0.97347,-2.48326,-1.05503,NA,NA,NA,NA,NA,NA,NA,NA,NA,NA,NA,NA,NA,NA,NA,NA,NA,NA,NA,NA,NA,NA,NA,NA,NA,NA,NA,NA,64.42867,2.10721,1.035213,1.071997,-1.40319,2.64897,-0.93925,-1.37373,5.45337,-2.23473,72.37412,8.69802,-52.59029,-1.32566,73.69593,-4.60255,5.52591,18.96148,-14.90876,-2.33975,-53.90743,6.53516,High,High,High,NA,NA,High,High,High,NA,NA,NA,NA,NA,NA,NA,NA,NA,NA,NA,NA,NA,NA,NA,NA,NA,NA,NA,NA,NA,NA,NA,NA,NA,NA,NA,NA,NA,NA,NA,NA,NA,NA,NA,NA,NA,NA,NA,NA,NA,NA,NA,NA,NA,NA,NA,NA,NA,NA,NA,NA,NA
NA,NA,NA,NA,NA,NA,NA,NA,NA,NA,NA,NA,NA,NA,NA,NA,192,2025-07-08,09:56:58,2,1,"Citty, Layden",1000162200,Left,CHA_14U4,"Freeze, Jaden",1000408243,Right,CHA_14U9,Undefined,7,Top,1,0,0,Undefined,Curveball,StrikeCalled,Undefined,Undefined,Undefined,0,0,NA,66.80785,4.706076,-0.675073,1679.428424,311.302508,04:30:00,5.0307,-1.07819,3.73447,-71.61713,-3.84512,6.64122,3.61993,-1.177,61.52819,-7.934124,0.468614,0.592511,NA,NA,NA,NA,NA,NA,NA,NA,NA,NA,NA,-3.30851,-2.4404,1.14939,50,5.50209,0.87338,-96.5631,5.40649,-3.14896,13.90637,-34.49676,CHA_14U4,CHA_14U9,USABBCary3,USA Baseball,USA,20250708-USABBCary3-1,6ac5ca90-5c03-11f0-99ca-3994f1733be8,63.61472,NA,NA,5.27965,NA,NA,NA,NA,NA,NA,13b4cefc-5421-4f51-81c6-689dca042000,2025-07-08,13:56:58,2025-07-08T13:56:58Z,2025-07-08T13:56:58Z,NA,v3,NA,NA,NA,"Silva, Diego",1000333001,Right,CHA_14U4,747fdae1-2491-4aa4-ae93-05455f5cc429,56.76752,-97.53284,6.95319,5.0412,7.81208,-17.24838,1.08083,1.09297,-1.57448,NA,NA,NA,NA,NA,NA,NA,NA,NA,NA,NA,NA,NA,NA,NA,NA,NA,NA,NA,NA,NA,NA,NA,NA,NA,NA,NA,NA,NA,NA,NA,NA,NA,NA,NA,NA,NA,NA,NA,NA,NA,NA,NA,NA,NA,NA,NA,NA,NA,NA,High,High,High,NA,NA,NA,NA,NA,NA,NA,NA,NA,NA,NA,NA,NA,NA,NA,NA,NA,NA,NA,NA,NA,NA,NA,NA,NA,NA,NA,NA,NA,NA,NA,NA,NA,NA,NA,NA,NA,NA,NA,NA,NA,NA,NA,NA,NA,NA,NA,NA,NA,NA,NA,NA,NA,NA,NA,NA,NA,NA
NA,NA,NA,NA,NA,NA,NA,NA,NA,NA,NA,NA,NA,NA,NA,NA,193,2025-07-08,09:57:14,2,2,"Citty, Layden",1000162200,Left,CHA_14U4,"Freeze, Jaden",1000408243,Right,CHA_14U9,Undefined,7,Top,1,0,1,Undefined,Changeup,InPlay,Undefined,GroundBall,Single,0,0,NA,73.29503,2.360543,1.61376,1586.962623,101.775431,09:30:00,5.05246,-1.05026,4.14814,-50.48152,5.13099,-16.1595,3.11143,-0.849,67.04922,-6.684656,-1.193276,0.536732,92.81826,9.183831,-16.877667,1430.842745,NA,NA,NA,134.13518,133.02042,-18.748625,1.129522,8.29796,2.23713,0.88981,50,5.26115,-2.32539,-106.12435,2.5462,9.4638,18.15121,-29.62261,CHA_14U4,CHA_14U9,USABBCary3,USA Baseball,USA,20250708-USABBCary3-1,743fa230-5c03-11f0-99ca-3994f1733be8,70.22579,8.42161,NA,6.24582,NA,NA,NA,3.52819,3.39771,0.80764,13b4cefc-5421-4f51-81c6-689dca042000,2025-07-08,13:57:14,2025-07-08T13:57:14Z,2025-07-08T13:57:14Z,LineDrive,v3,NA,NA,NA,"Silva, Diego",1000333001,Right,CHA_14U4,e6910ba7-8d04-4b86-a53f-4926e6786442,56.35299,-107.20544,9.07561,5.05696,4.31053,-14.8113,1.0451,-2.88906,4.7319,51.469658,3.52819,128.59971,-20.1537,3.43664,-0.76041,0.15697,-0.03413,0.00646,-6.9e-4,3.39771,21.72733,-24.89936,3.34433,-0.77806,0.18712,-0.04123,0.008,-9e-4,0.80764,-39.01662,-0.6802,0.95304,-0.29413,0.08528,-0.02093,0.00427,-4.9e-4,NA,NA,NA,NA,NA,NA,NA,NA,NA,NA,NA,NA,NA,NA,NA,NA,NA,NA,NA,NA,NA,NA,High,High,High,High,High,NA,NA,NA,NA,NA,NA,NA,NA,NA,NA,NA,NA,NA,NA,NA,NA,NA,NA,NA,NA,NA,NA,NA,NA,NA,NA,NA,NA,NA,NA,NA,NA,NA,NA,NA,NA,NA,NA,NA,NA,NA,NA,NA,NA,NA,NA,NA,NA,NA,NA,NA,NA,NA,NA,NA,NA
NA,NA,NA,NA,NA,NA,NA,NA,NA,NA,NA,NA,NA,NA,NA,NA,194,2025-07-08,09:57:59,3,1,"Citty, Layden",1000162200,Left,CHA_14U4,"De La Rosa, Sandy",1000306753,Right,CHA_14U9,Undefined,7,Top,1,0,0,Undefined,Changeup,BallCalled,Undefined,Undefined,Undefined,0,0,NA,75.74391,-0.175567,3.772809,1713.674613,133.984558,10:30:00,5.11454,-1.34741,4.02857,-40.98912,11.30323,-9.98961,1.52969,1.45109,69.55719,-7.50794,2.044701,0.520464,NA,NA,NA,NA,NA,NA,NA,NA,NA,NA,NA,5.81677,5.92166,0.93205,50,5.05023,-6.79086,-109.53863,-1.86981,7.0912,18.7376,-24.95499,CHA_14U4,CHA_14U9,USABBCary3,USA Baseball,USA,20250708-USABBCary3-1,8f093d10-5c03-11f0-99ca-3994f1733be8,72.42086,NA,NA,6.18672,NA,NA,NA,NA,NA,NA,13b4cefc-5421-4f51-81c6-689dca042000,2025-07-08,13:57:59,2025-07-08T13:57:59Z,2025-07-08T13:57:59Z,NA,v3,NA,NA,NA,"Silva, Diego",1000333001,Right,CHA_14U4,1e056aec-e0bd-4d3e-ad53-6f7c7c1cb675,56.47048,-110.63993,9.3688,5.11703,-0.40308,-12.47749,1.34344,-7.20765,3.5456,NA,NA,NA,NA,NA,NA,NA,NA,NA,NA,NA,NA,NA,NA,NA,NA,NA,NA,NA,NA,NA,NA,NA,NA,NA,NA,NA,NA,NA,NA,NA,NA,NA,NA,NA,NA,NA,NA,NA,NA,NA,NA,NA,NA,NA,NA,NA,NA,NA,NA,High,High,High,NA,NA,NA,NA,NA,NA,NA,NA,NA,NA,NA,NA,NA,NA,NA,NA,NA,NA,NA,NA,NA,NA,NA,NA,NA,NA,NA,NA,NA,NA,NA,NA,NA,NA,NA,NA,NA,NA,NA,NA,NA,NA,NA,NA,NA,NA,NA,NA,NA,NA,NA,NA,NA,NA,NA,NA,NA,NA
NA,NA,NA,NA,NA,NA,NA,NA,NA,NA,NA,NA,NA,NA,NA,NA,195,2025-07-08,09:58:20,3,2,"Citty, Layden",1000162200,Left,CHA_14U4,"De La Rosa, Sandy",1000306753,Right,CHA_14U9,Undefined,7,Top,1,1,0,Undefined,Changeup,InPlay,Undefined,FlyBall,Out,1,0,NA,75.11551,1.260825,2.336476,1791.315086,129.038146,10:15:00,5.1948,-1.29195,3.94305,-41.82018,11.69028,-12.23528,2.92455,-0.06143,68.46031,-6.251785,0.220188,0.526491,86.55307,43.142888,-7.646251,3767.828034,109.45882,97.68152,-10.89622,264.23819,248.77436,-3.981268,5.584342,6.53772,5.69311,1.0391,50,5.29321,-3.90309,-108.66356,0.83573,7.79877,19.45338,-25.3828,CHA_14U4,CHA_14U9,USABBCary3,USA Baseball,USA,20250708-USABBCary3-1,9b9cb0c0-5c03-11f0-99ca-3994f1733be8,71.59182,113.06971,NA,6.65519,NA,NA,NA,1.48931,3.66463,0.01126,13b4cefc-5421-4f51-81c6-689dca042000,2025-07-08,13:58:20,2025-07-08T13:58:20Z,2025-07-08T13:58:20Z,FlyBall,v3,NA,NA,NA,"Silva, Diego",1000333001,Right,CHA_14U4,ed167ce0-0904-463e-85b1-643b34225d41,56.55568,-109.83091,9.72669,5.19736,2.3589,-12.6914,1.28736,-4.37107,3.89938,186.873645,1.49532,91.68468,-22.96258,5.87706,-0.95836,0.06755,0.00543,-0.00126,6e-5,3.66171,86.85326,-19.07592,0.60521,0.1981,-0.11679,0.03059,-0.00396,2e-4,0.01018,-12.30199,5.3784,-1.62558,0.32939,-0.04084,0.00205,8e-5,-1e-5,NA,NA,NA,NA,NA,NA,NA,NA,NA,NA,NA,NA,NA,NA,NA,NA,NA,NA,NA,NA,NA,NA,High,High,High,Medium,Low,NA,NA,NA,NA,NA,NA,NA,NA,NA,NA,NA,NA,NA,NA,NA,NA,NA,NA,NA,NA,NA,NA,NA,NA,NA,NA,NA,NA,NA,NA,NA,NA,NA,NA,NA,NA,NA,NA,NA,NA,NA,NA,NA,NA,NA,NA,NA,NA,NA,NA,NA,NA,NA,NA,NA,NA
NA,NA,NA,NA,NA,NA,NA,NA,NA,NA,NA,NA,NA,NA,NA,NA,196,2025-07-08,09:59:02,4,1,"Citty, Layden",1000162200,Left,CHA_14U4,"Brown, Andrew",10870674,Right,CHA_14U9,Undefined,7,Top,2,0,0,Undefined,Changeup,InPlay,Undefined,LineDrive,Double,0,1,NA,75.56043,1.76767,1.769403,1644.478742,128.079771,10:15:00,5.09708,-1.43071,3.9972,-41.20565,11.84701,-12.78225,3.36435,-0.79397,68.43556,-5.667169,-0.44417,0.524234,99.83513,19.012223,-21.196224,1509.239043,101.64282,33.26198,-42.0561,322.80367,322.80367,-25.66651,3.420865,6.66449,5.62146,1.24503,50,5.25347,-2.81605,-109.24788,1.84538,7.99097,20.66077,-25.43369,CHA_14U4,CHA_14U9,USABBCary3,USA Baseball,USA,20250708-USABBCary3-1,b4986970-5c03-11f0-99ca-3994f1733be8,71.90007,39.9434,NA,7.12487,NA,NA,NA,1.99998,3.50019,0.77328,13b4cefc-5421-4f51-81c6-689dca042000,2025-07-08,13:59:02,2025-07-08T13:59:02Z,2025-07-08T13:59:02Z,LineDrive,v3,NA,NA,NA,"Silva, Diego",1000333001,Right,CHA_14U4,75b7c2be-5604-40a5-9eeb-eb4dec2069c4,56.50053,-110.47041,10.33038,5.09975,3.35033,-12.71685,1.42565,-3.28888,3.99549,137.010256,1.9995,129.08705,-24.15609,6.21457,-1.65973,0.45511,-0.11117,0.01725,-0.00113,3.5006,47.68759,-16.69239,0.51676,0.29886,-0.1908,0.06182,-0.00973,5.7e-4,0.77349,-50.0611,1.72638,1.0677,-0.44369,0.08263,-0.0035,-0.00142,1.7e-4,NA,NA,NA,NA,NA,NA,NA,NA,NA,NA,NA,NA,NA,NA,NA,NA,NA,NA,NA,NA,NA,NA,High,High,High,High,High,NA,NA,NA,NA,NA,NA,NA,NA,NA,NA,NA,NA,NA,NA,NA,NA,NA,NA,NA,NA,NA,NA,NA,NA,NA,NA,NA,NA,NA,NA,NA,NA,NA,NA,NA,NA,NA,NA,NA,NA,NA,NA,NA,NA,NA,NA,NA,NA,NA,NA,NA,NA,NA,NA,NA,NA
NA,NA,NA,NA,NA,NA,NA,NA,NA,NA,NA,NA,NA,NA,NA,NA,197,2025-07-08,09:59:51,5,1,"Citty, Layden",1000162200,Left,CHA_14U4,"Watson, Chase",1000356084,Right,CHA_14U9,Undefined,7,Top,2,0,0,Undefined,Curveball,StrikeCalled,Undefined,Undefined,Undefined,0,0,NA,66.87134,3.847096,-0.818286,1853.951332,300.552885,04:00:00,5.08573,-1.2996,3.77208,-69.1072,-0.97295,5.42146,3.0471,-1.63792,61.09045,-8.405097,0.116732,0.594093,NA,NA,NA,NA,NA,NA,NA,NA,NA,NA,NA,-2.79032,-0.8961,1.38886,50,5.45704,1.1626,-96.60606,4.06345,-2.6301,15.41482,-33.0187,CHA_14U4,CHA_14U9,USABBCary3,USA Baseball,USA,20250708-USABBCary3-1,d19b7990-5c03-11f0-99ca-3994f1733be8,63.44539,NA,NA,5.78089,NA,NA,NA,NA,NA,NA,13b4cefc-5421-4f51-81c6-689dca042000,2025-07-08,13:59:51,2025-07-08T13:59:51Z,2025-07-08T13:59:51Z,NA,v3,NA,NA,NA,"Silva, Diego",1000333001,Right,CHA_14U4,1500abd4-98c2-4144-afe3-40f46c0d6443,56.72717,-97.67358,7.70741,5.09646,6.35008,-16.50935,1.30204,1.34474,-1.31505,NA,NA,NA,NA,NA,NA,NA,NA,NA,NA,NA,NA,NA,NA,NA,NA,NA,NA,NA,NA,NA,NA,NA,NA,NA,NA,NA,NA,NA,NA,NA,NA,NA,NA,NA,NA,NA,NA,NA,NA,NA,NA,NA,NA,NA,NA,NA,NA,NA,NA,High,High,High,NA,NA,NA,NA,NA,NA,NA,NA,NA,NA,NA,NA,NA,NA,NA,NA,NA,NA,NA,NA,NA,NA,NA,NA,NA,NA,NA,NA,NA,NA,NA,NA,NA,NA,NA,NA,NA,NA,NA,NA,NA,NA,NA,NA,NA,NA,NA,NA,NA,NA,NA,NA,NA,NA,NA,NA,NA,NA
NA,NA,NA,NA,NA,NA,NA,NA,NA,NA,NA,NA,NA,NA,NA,NA,198,2025-07-08,10:00:13,5,2,"Citty, Layden",1000162200,Left,CHA_14U4,"Watson, Chase",1000356084,Right,CHA_14U9,Undefined,7,Top,2,0,1,Undefined,Curveball,StrikeSwinging,Undefined,Undefined,Undefined,0,0,NA,69.0498,3.112746,-0.007802,1708.235016,310.312938,04:15:00,5.01705,-1.2626,3.71053,-64.98437,-1.055,3.70075,2.61332,-0.96174,63.14318,-8.393948,0.630349,0.575469,NA,NA,NA,NA,NA,NA,NA,NA,NA,NA,NA,-1.74953,-0.79008,1.2587,50,5.30855,-0.13926,-99.83464,3.05311,-1.76126,16.45262,-32.96942,CHA_14U4,CHA_14U9,USABBCary3,USA Baseball,USA,20250708-USABBCary3-1,df1332c0-5c03-11f0-99ca-3994f1733be8,65.49868,NA,NA,5.90662,NA,NA,NA,NA,NA,NA,13b4cefc-5421-4f51-81c6-689dca042000,2025-07-08,14:00:13,2025-07-08T14:00:13Z,2025-07-08T14:00:13Z,NA,v3,NA,NA,NA,"Silva, Diego",1000333001,Right,CHA_14U4,f88bfffe-505e-4800-a06e-5a50af69688a,56.78893,-100.94725,8.22631,5.0267,5.28267,-16.48471,1.26409,-0.02015,-0.88063,NA,NA,NA,NA,NA,NA,NA,NA,NA,NA,NA,NA,NA,NA,NA,NA,NA,NA,NA,NA,NA,NA,NA,NA,NA,NA,NA,NA,NA,NA,NA,NA,NA,NA,NA,NA,NA,NA,NA,NA,NA,NA,NA,NA,NA,NA,NA,NA,NA,NA,High,High,High,NA,NA,NA,NA,NA,NA,NA,NA,NA,NA,NA,NA,NA,NA,NA,NA,NA,NA,NA,NA,NA,NA,NA,NA,NA,NA,NA,NA,NA,NA,NA,NA,NA,NA,NA,NA,NA,NA,NA,NA,NA,NA,NA,NA,NA,NA,NA,NA,NA,NA,NA,NA,NA,NA,NA,NA,NA,NA
NA,NA,NA,NA,NA,NA,NA,NA,NA,NA,NA,NA,NA,NA,NA,NA,199,2025-07-08,10:00:39,5,3,"Citty, Layden",1000162200,Left,CHA_14U4,"Watson, Chase",1000356084,Right,CHA_14U9,Undefined,7,Top,2,0,2,Undefined,Curveball,BallCalled,Undefined,Undefined,Undefined,0,0,NA,67.59376,1.934051,-0.74571,1744.220576,307.563356,04:15:00,4.97662,-1.19856,3.93559,-67.95921,-2.01768,5.36855,1.17601,-1.46907,62.25847,-10.100262,0.185328,0.584455,NA,NA,NA,NA,NA,NA,NA,NA,NA,NA,NA,-2.77406,-0.91685,1.27755,50,5.12157,1.06284,-97.87915,0.92509,-2.68748,15.64534,-33.06228,CHA_14U4,CHA_14U9,USABBCary3,USA Baseball,USA,20250708-USABBCary3-1,ee936620-5c03-11f0-99ca-3994f1733be8,64.49164,NA,NA,5.3353,NA,NA,NA,NA,NA,NA,13b4cefc-5421-4f51-81c6-689dca042000,2025-07-08,14:00:39,2025-07-08T14:00:39Z,2025-07-08T14:00:39Z,NA,v3,NA,NA,NA,"Silva, Diego",1000333001,Right,CHA_14U4,3b09525f-dfa2-483a-91fa-e969796551d0,56.56501,-98.92296,7.82267,4.98626,3.1309,-16.53114,1.20066,1.24215,-1.34374,NA,NA,NA,NA,NA,NA,NA,NA,NA,NA,NA,NA,NA,NA,NA,NA,NA,NA,NA,NA,NA,NA,NA,NA,NA,NA,NA,NA,NA,NA,NA,NA,NA,NA,NA,NA,NA,NA,NA,NA,NA,NA,NA,NA,NA,NA,NA,NA,NA,NA,High,High,High,NA,NA,NA,NA,NA,NA,NA,NA,NA,NA,NA,NA,NA,NA,NA,NA,NA,NA,NA,NA,NA,NA,NA,NA,NA,NA,NA,NA,NA,NA,NA,NA,NA,NA,NA,NA,NA,NA,NA,NA,NA,NA,NA,NA,NA,NA,NA,NA,NA,NA,NA,NA,NA,NA,NA,NA,NA,NA
NA,NA,NA,NA,NA,NA,NA,NA,NA,NA,NA,NA,NA,NA,NA,NA,200,2025-07-08,10:01:05,5,4,"Citty, Layden",1000162200,Left,CHA_14U4,"Watson, Chase",1000356084,Right,CHA_14U9,Undefined,7,Top,2,1,2,Undefined,Curveball,BallCalled,Undefined,Undefined,Undefined,0,0,NA,67.95322,1.243635,-0.777428,1889.296336,300.959789,04:00:00,4.9781,-1.08065,3.79992,-69.08783,-3.25768,9.09414,0.42119,-1.07307,62.48275,-10.947797,0.797657,0.583961,NA,NA,NA,NA,NA,NA,NA,NA,NA,NA,NA,-4.55406,-1.30709,1.16015,50,5.04254,0.97083,-98.36329,-0.33391,-4.43415,16.50321,-33.44671,CHA_14U4,CHA_14U9,USABBCary3,USA Baseball,USA,20250708-USABBCary3-1,fd984f00-5c03-11f0-99ca-3994f1733be8,64.54615,NA,NA,5.47046,NA,NA,NA,NA,NA,NA,13b4cefc-5421-4f51-81c6-689dca042000,2025-07-08,14:01:05,2025-07-08T14:01:05Z,2025-07-08T14:01:05Z,NA,v3,NA,NA,NA,"Silva, Diego",1000333001,Right,CHA_14U4,74ac286f-363b-4b21-be30-32ced1746deb,56.70066,-99.48116,8.25161,4.98843,1.93165,-16.72335,1.08422,1.27119,-2.21707,NA,NA,NA,NA,NA,NA,NA,NA,NA,NA,NA,NA,NA,NA,NA,NA,NA,NA,NA,NA,NA,NA,NA,NA,NA,NA,NA,NA,NA,NA,NA,NA,NA,NA,NA,NA,NA,NA,NA,NA,NA,NA,NA,NA,NA,NA,NA,NA,NA,NA,High,High,High,NA,NA,NA,NA,NA,NA,NA,NA,NA,NA,NA,NA,NA,NA,NA,NA,NA,NA,NA,NA,NA,NA,NA,NA,NA,NA,NA,NA,NA,NA,NA,NA,NA,NA,NA,NA,NA,NA,NA,NA,NA,NA,NA,NA,NA,NA,NA,NA,NA,NA,NA,NA,NA,NA,NA,NA,NA,NA
NA,NA,NA,NA,NA,NA,NA,NA,NA,NA,NA,NA,NA,NA,NA,NA,201,2025-07-08,10:01:33,5,5,"Citty, Layden",1000162200,Left,CHA_14U4,"Watson, Chase",1000356084,Right,CHA_14U9,Undefined,7,Top,2,2,2,Undefined,Changeup,BallCalled,Undefined,Undefined,Undefined,0,0,NA,75.95531,0.881846,3.387551,1530.156073,145.61709,10:45:00,5.13919,-1.18694,4.07176,-40.99148,11.35536,-6.54811,2.57158,1.52411,69.0382,-6.497936,2.254109,0.520735,NA,NA,NA,NA,NA,NA,NA,NA,NA,NA,NA,4.10713,5.70366,0.81363,50,5.19493,-6.20428,-109.72971,0.16555,4.98318,20.29986,-25.25383,CHA_14U4,CHA_14U9,USABBCary3,USA Baseball,USA,20250708-USABBCary3-1,0e7f1740-5c04-11f0-99ca-3994f1733be8,72.38318,NA,NA,6.9171,NA,NA,NA,NA,NA,NA,13b4cefc-5421-4f51-81c6-689dca042000,2025-07-08,14:01:33,2025-07-08T14:01:33Z,2025-07-08T14:01:33Z,NA,v3,NA,NA,NA,"Silva, Diego",1000333001,Right,CHA_14U4,b8e2d4b5-baba-4cdd-9439-31a01868e19c,56.42387,-110.91175,10.14993,5.14248,1.63606,-12.62691,1.18334,-6.49444,2.49159,NA,NA,NA,NA,NA,NA,NA,NA,NA,NA,NA,NA,NA,NA,NA,NA,NA,NA,NA,NA,NA,NA,NA,NA,NA,NA,NA,NA,NA,NA,NA,NA,NA,NA,NA,NA,NA,NA,NA,NA,NA,NA,NA,NA,NA,NA,NA,NA,NA,NA,High,High,High,NA,NA,NA,NA,NA,NA,NA,NA,NA,NA,NA,NA,NA,NA,NA,NA,NA,NA,NA,NA,NA,NA,NA,NA,NA,NA,NA,NA,NA,NA,NA,NA,NA,NA,NA,NA,NA,NA,NA,NA,NA,NA,NA,NA,NA,NA,NA,NA,NA,NA,NA,NA,NA,NA,NA,NA,NA,NA
NA,NA,NA,NA,NA,NA,NA,NA,NA,NA,NA,NA,NA,NA,NA,NA,202,2025-07-08,10:02:10,5,6,"Citty, Layden",1000162200,Left,CHA_14U4,"Watson, Chase",1000356084,Right,CHA_14U9,Undefined,7,Top,2,3,2,Undefined,Curveball,InPlay,Undefined,LineDrive,Out,1,0,NA,68.46159,2.588379,0.383546,1988.08754,311.09747,04:15:00,5.08836,-1.26677,3.75682,-67.28059,-2.45465,5.21599,1.98315,-0.46169,62.82568,-9.307834,1.284397,0.57949,82.9257,21.447777,22.77472,3990.690552,97.38766,31.26188,51.14225,247.54477,218.04251,33.969294,2.99557,-2.37492,-1.37232,1.21486,50,5.31337,-0.87299,-99.0613,2.05518,-2.35398,16.1976,-33.53426,CHA_14U4,CHA_14U9,USABBCary3,USA Baseball,USA,20250708-USABBCary3-1,24e09d10-5c04-11f0-99ca-3994f1733be8,65.04416,32.68525,NA,5.63591,NA,NA,NA,1.9365,2.16586,0.52347,13b4cefc-5421-4f51-81c6-689dca042000,2025-07-08,14:02:10,2025-07-08T14:02:10Z,2025-07-08T14:02:10Z,LineDrive,v3,NA,NA,NA,"Silva, Diego",1000333001,Right,CHA_14U4,2bbf415f-ece8-40a0-a873-a30c4b1e215b,56.74412,-100.15797,8.0988,5.09736,4.32563,-16.76713,1.26857,-0.71361,-1.17699,237.779939,1.93651,104.37583,-20.30491,4.4095,-0.72333,-0.00385,0.04568,-0.01284,0.00129,2.16585,44.47235,-17.33079,0.96988,-0.22856,0.14347,-0.06211,0.01464,-0.00138,0.52361,43.81506,3.28255,-1.79864,0.50975,-0.0838,0.00488,8.9e-4,-1.3e-4,NA,NA,NA,NA,NA,NA,NA,NA,NA,NA,NA,NA,NA,NA,NA,NA,NA,NA,NA,NA,NA,NA,High,High,High,High,Medium,NA,NA,NA,NA,NA,NA,NA,NA,NA,NA,NA,NA,NA,NA,NA,NA,NA,NA,NA,NA,NA,NA,NA,NA,NA,NA,NA,NA,NA,NA,NA,NA,NA,NA,NA,NA,NA,NA,NA,NA,NA,NA,NA,NA,NA,NA,NA,NA,NA,NA,NA,NA,NA,NA,NA,NA
