player_name,display_name,active,notes,id,pitcher,date,rel_speed,horz_break,induced_vert_break,original_pitch_type,new_pitch_type,new_pitcher,modified_at,pitch_key,created_at,PitchNo,Date,Time,PAofInning,PitchofPA,Pitcher,PitcherId,PitcherThrows,PitcherTeam,Batter,BatterId,BatterSide,BatterTeam,PitcherSet,Inning,Top/Bottom,Outs,Balls,Strikes,TaggedPitchType,AutoPitchType,PitchCall,KorBB,TaggedHitType,PlayResult,OutsOnPlay,RunsScored,Notes,RelSpeed,VertRelAngle,HorzRelAngle,SpinRate,SpinAxis,Tilt,RelHeight,RelSide,Extension,VertBreak,InducedVertBreak,HorzBreak,PlateLocHeight,PlateLocSide,ZoneSpeed,VertApprAngle,HorzApprAngle,ZoneTime,ExitSpeed,Angle,Direction,HitSpinRate,PositionAt110X,PositionAt110Y,PositionAt110Z,Distance,LastTrackedDistance,Bearing,HangTime,pfxx,pfxz,x0,y0,z0,vx0,vy0,vz0,ax0,ay0,az0,HomeTeam,AwayTeam,Stadium,Level,League,GameID,PitchUID,EffectiveVelo,MaxHeight,MeasuredDuration,SpeedDrop,PitchLastMeasuredX,PitchLastMeasuredY,PitchLastMeasuredZ,ContactPositionX,ContactPositionY,ContactPositionZ,GameUID,UTCDate,UTCTime,LocalDateTime,UTCDateTime,AutoHitType,System,HomeTeamForeignID,AwayTeamForeignID,GameForeignID,Catcher,CatcherId,CatcherThrows,CatcherTeam,PlayID,PitchTrajectoryXc0,PitchTrajectoryXc1,PitchTrajectoryXc2,PitchTrajectoryYc0,PitchTrajectoryYc1,PitchTrajectoryYc2,PitchTrajectoryZc0,PitchTrajectoryZc1,PitchTrajectoryZc2,HitSpinAxis,HitTrajectoryXc0,HitTrajectoryXc1,HitTrajectoryXc2,HitTrajectoryXc3,HitTrajectoryXc4,HitTrajectoryXc5,HitTrajectoryXc6,HitTrajectoryXc7,HitTrajectoryXc8,HitTrajectoryYc0,HitTrajectoryYc1,HitTrajectoryYc2,HitTrajectoryYc3,HitTrajectoryYc4,HitTrajectoryYc5,HitTrajectoryYc6,HitTrajectoryYc7,HitTrajectoryYc8,HitTrajectoryZc0,HitTrajectoryZc1,HitTrajectoryZc2,HitTrajectoryZc3,HitTrajectoryZc4,HitTrajectoryZc5,HitTrajectoryZc6,HitTrajectoryZc7,HitTrajectoryZc8,ThrowSpeed,PopTime,ExchangeTime,TimeToBase,CatchPositionX,CatchPositionY,CatchPositionZ,ThrowPositionX,ThrowPositionY,ThrowPositionZ,BasePositionX,BasePositionY,BasePositionZ,ThrowTrajectoryXc0,ThrowTrajectoryXc1,ThrowTrajectoryXc2,ThrowTrajectoryYc0,ThrowTrajectoryYc1,ThrowTrajectoryYc2,ThrowTrajectoryZc0,ThrowTrajectoryZc1,ThrowTrajectoryZc2,PitchReleaseConfidence,PitchLocationConfidence,PitchMovementConfidence,HitLaunchConfidence,HitLandingConfidence,CatcherThrowCatchConfidence,CatcherThrowReleaseConfidence,CatcherThrowLocationConfidence,SpinAxis3dTransverseAngle,SpinAxis3dLongitudinalAngle,SpinAxis3dActiveSpinRate,SpinAxis3dSpinEfficiency,SpinAxis3dTilt,SpinAxis3dVectorX,SpinAxis3dVectorY,SpinAxis3dVectorZ,SpinAxis3dSeamOrientationRotationX,SpinAxis3dSeamOrientationRotationY,SpinAxis3dSeamOrientationRotationZ,SpinAxis3dSeamOrientationBallYAmb1,SpinAxis3dSeamOrientationBallAngleHorizontalAmb1,SpinAxis3dSeamOrientationBallZAmb1,SpinAxis3dSeamOrientationBallAngleVerticalAmb2,SpinAxis3dSeamOrientationBallZAmb2,SpinAxis3dSeamOrientationBallXAmb4,SpinAxis3dSeamOrientationBallYAmb4,SpinAxis3dSeamOrientationBallAngleHorizontalAmb2,SpinAxis3dSeamOrientationBallAngleVerticalAmb1,SpinAxis3dSeamOrientationBallXAmb1,SpinAxis3dSeamOrientationBallYAmb2,SpinAxis3dSeamOrientationBallAngleHorizontalAmb4,SpinAxis3dSeamOrientationBallAngleVerticalAmb4,SpinAxis3dSeamOrientationBallXAmb2,SpinAxis3dSeamOrientationBallAngleVerticalAmb3,SpinAxis3dSeamOrientationBallAngleHorizontalAmb3,SpinAxis3dSeamOrientationBallXAmb3,SpinAxis3dSeamOrientationBallYAmb3,SpinAxis3dSeamOrientationBallZAmb3,SpinAxis3dSeamOrientationBallZAmb4,PitchSession,Flag,CalibrationId,EffVelocity,PracticeType,Device,HitType,SessionId,BatSpeed,VerticalAttackAngle,HorizontalAttackAngle,session_id,play_id,camera_slot,camera_name,camera_target,video_type,azure_blob,azure_md5,cloudinary_url,cloudinary_public_id,uploaded_at
NA,NA,NA,NA,NA,NA,NA,NA,NA,NA,NA,NA,NA,NA,NA,NA,1,2025-05-29,11:04:50,1,1,"Kruse, Wilson",10090996,Left,NWL_KG,"Kowes, Jacob",1000336232,Left,LAK_C,Undefined,1,Top,0,0,0,Undefined,Cutter,BallCalled,Undefined,Undefined,Undefined,0,0,NA,82.89252,-0.749887,-1.068684,2154.30512,177.229747,12:00:00,6.44775,-1.07824,5.84337,-29.4199,10.68296,-0.46496,3.29904,-2.11026,77.09363,-6.183679,-1.152093,0.455784,NA,NA,NA,NA,NA,NA,NA,NA,NA,NA,NA,-0.01028,5.96744,1.16552,50,6.36913,2.26728,-120.6126,-2.50965,-0.01534,20.17297,-23.25213,NWL_KG,LAK_C,HOMERSTRYKER,NWL,NWL,20250529-HOMERSTRYKER-1,44e987a0-3c9e-11f0-a835-f9cb0487f947,82.69802,NA,NA,5.79889,NA,NA,NA,NA,NA,NA,45d07472-c160-48e7-9a7d-8b154baa4dec,2025-05-29,15:04:50,2025-05-29T15:04:50Z,2025-05-29T15:04:50Z,NA,v3,NA,NA,NA,"Garner, Coleman",90000255834,Right,NWL_KG,339422bc-6410-4f18-a9e4-2f2771b9b67f,54.65814,-121.3892,10.08648,6.44851,-1.61452,-11.62607,1.07823,2.26787,-0.00767,NA,NA,NA,NA,NA,NA,NA,NA,NA,NA,NA,NA,NA,NA,NA,NA,NA,NA,NA,NA,NA,NA,NA,NA,NA,NA,NA,NA,NA,NA,NA,NA,NA,NA,NA,NA,NA,NA,NA,NA,NA,NA,NA,NA,NA,NA,NA,NA,NA,NA,High,High,High,NA,NA,NA,NA,NA,NA,NA,NA,NA,NA,NA,NA,NA,NA,NA,NA,NA,NA,NA,NA,NA,NA,NA,NA,NA,NA,NA,NA,NA,NA,NA,NA,NA,NA,NA,NA,NA,NA,NA,NA,NA,NA,NA,NA,NA,NA,NA,NA,NA,NA,NA,NA,NA,NA,NA,NA,NA,NA
NA,NA,NA,NA,NA,NA,NA,NA,NA,NA,NA,NA,NA,NA,NA,NA,2,2025-05-29,11:05:07,1,2,"Kruse, Wilson",10090996,Left,NWL_KG,"Kowes, Jacob",1000336232,Left,LAK_C,Undefined,1,Top,0,1,0,Undefined,Cutter,InPlay,Undefined,Popup,Out,1,0,NA,83.42464,-1.318768,0.868875,2249.079556,205.122139,12:45:00,6.39373,-0.86866,5.97713,-26.44053,13.10237,5.62461,2.96751,0.40556,77.34323,-6.232847,1.880339,0.452591,73.93629,68.987724,-0.849428,NA,NA,NA,NA,94.96766,41.14905,-12.392133,5.486772,-2.70646,7.41343,0.79673,50,6.27461,-2.0510100000000002,-121.33976,-3.59976,-4.08043,21.24085,-20.99711,NWL_KG,LAK_C,HOMERSTRYKER,NWL,NWL,20250529-HOMERSTRYKER-1,4f00b0b0-3c9e-11f0-a835-f9cb0487f947,83.28149,125.09728,NA,6.08141,NA,NA,NA,2.1371000000000002,2.62634,-0.43431,45d07472-c160-48e7-9a7d-8b154baa4dec,2025-05-29,15:05:07,2025-05-29T15:05:07Z,2025-05-29T15:05:07Z,Popup,v3,NA,NA,NA,"Garner, Coleman",90000255834,Right,NWL_KG,4374ebfe-2a8d-499b-8076-77ca2e53e8f2,54.52336,-122.12902,10.62043,6.39387,-2.81956,-10.49856,0.87013,-1.89939,-2.04022,174.084398,2.13232,38.94926,-14.60528,4.98701,-1.24616,0.23474,-0.0288,0.00179,-3e-5,2.61048,101.5329,-26.72913,4.39944,-1.75309,0.60481,-0.13081,0.01483,-6.7e-4,-0.43776,-0.51353,-2.92753,1.44291,-0.55053,0.16072,-0.03025,0.00311,-1.3e-4,NA,NA,NA,NA,NA,NA,NA,NA,NA,NA,NA,NA,NA,NA,NA,NA,NA,NA,NA,NA,NA,NA,High,High,High,High,Low,NA,NA,NA,NA,NA,NA,NA,NA,NA,NA,NA,NA,NA,NA,NA,NA,NA,NA,NA,NA,NA,NA,NA,NA,NA,NA,NA,NA,NA,NA,NA,NA,NA,NA,NA,NA,NA,NA,NA,NA,NA,NA,NA,NA,NA,NA,NA,NA,NA,NA,NA,NA,NA,NA,NA,NA
NA,NA,NA,NA,NA,NA,NA,NA,NA,NA,NA,NA,NA,NA,NA,NA,3,2025-05-29,11:05:45,2,1,"Kruse, Wilson",10090996,Left,NWL_KG,"Sacchetti, Anthony",10006255,Right,LAK_C,Undefined,1,Top,1,0,0,Undefined,Cutter,StrikeCalled,Undefined,Undefined,Undefined,0,0,NA,83.54301,-1.637919,1.024249,2051.153317,179.279682,12:00:00,6.33888,-1.09134,6.08149,-30.96667,8.43937,-0.09181,2.24232,-0.15128,77.35859,-7.370549,1.007695,0.451807,NA,NA,NA,NA,NA,NA,NA,NA,NA,NA,NA,0.30819,5.12752,1.01228,50,6.19578,-2.16811,-121.46337,-4.43633,0.46418,21.95732,-24.45084,NWL_KG,LAK_C,HOMERSTRYKER,NWL,NWL,20250529-HOMERSTRYKER-1,65c03500-3c9e-11f0-a835-f9cb0487f947,83.42599,NA,NA,6.18442,NA,NA,NA,NA,NA,NA,45d07472-c160-48e7-9a7d-8b154baa4dec,2025-05-29,15:05:45,2025-05-29T15:05:45Z,2025-05-29T15:05:45Z,NA,v3,NA,NA,NA,"Garner, Coleman",90000255834,Right,NWL_KG,233679e6-bd0a-4510-835e-95d0948a6b6c,54.41804,-122.25943,10.97866,6.34055,-3.54987,-12.22542,1.09118,-2.18494,0.23209,NA,NA,NA,NA,NA,NA,NA,NA,NA,NA,NA,NA,NA,NA,NA,NA,NA,NA,NA,NA,NA,NA,NA,NA,NA,NA,NA,NA,NA,NA,NA,NA,NA,NA,NA,NA,NA,NA,NA,NA,NA,NA,NA,NA,NA,NA,NA,NA,NA,NA,High,High,High,NA,NA,NA,NA,NA,NA,NA,NA,NA,NA,NA,NA,NA,NA,NA,NA,NA,NA,NA,NA,NA,NA,NA,NA,NA,NA,NA,NA,NA,NA,NA,NA,NA,NA,NA,NA,NA,NA,NA,NA,NA,NA,NA,NA,NA,NA,NA,NA,NA,NA,NA,NA,NA,NA,NA,NA,NA,NA
NA,NA,NA,NA,NA,NA,NA,NA,NA,NA,NA,NA,NA,NA,NA,NA,4,2025-05-29,11:06:04,2,2,"Kruse, Wilson",10090996,Left,NWL_KG,"Sacchetti, Anthony",10006255,Right,LAK_C,Undefined,1,Top,1,0,1,Undefined,Slider,StrikeCalled,Undefined,Undefined,Undefined,0,0,NA,81.88353,-1.491973,-0.64169,2075.308088,219.083021,01:15:00,6.39241,-0.94084,6.10917,-32.32128,8.81138,6.14748,2.31897,-1.02194,75.53455,-7.489117,0.467806,0.461599,NA,NA,NA,NA,NA,NA,NA,NA,NA,NA,NA,-3.35213,5.33614,0.98692,50,6.26091,1.10453,-119.02445,-4.07924,-4.82708,22.03031,-24.48997,NWL_KG,LAK_C,HOMERSTRYKER,NWL,NWL,20250529-HOMERSTRYKER-1,70fc07f0-3c9e-11f0-a835-f9cb0487f947,81.65626,NA,NA,6.34898,NA,NA,NA,NA,NA,NA,45d07472-c160-48e7-9a7d-8b154baa4dec,2025-05-29,15:06:04,2025-05-29T15:06:04Z,2025-05-29T15:06:04Z,NA,v3,NA,NA,NA,"Garner, Coleman",90000255834,Right,NWL_KG,97c41815-3c4d-43f3-81c8-d3b2ac8b24da,54.38972,-119.83419,11.01516,6.3943,-3.17909,-12.24499,0.94306,1.28196,-2.41354,NA,NA,NA,NA,NA,NA,NA,NA,NA,NA,NA,NA,NA,NA,NA,NA,NA,NA,NA,NA,NA,NA,NA,NA,NA,NA,NA,NA,NA,NA,NA,NA,NA,NA,NA,NA,NA,NA,NA,NA,NA,NA,NA,NA,NA,NA,NA,NA,NA,NA,High,High,High,NA,NA,NA,NA,NA,NA,NA,NA,NA,NA,NA,NA,NA,NA,NA,NA,NA,NA,NA,NA,NA,NA,NA,NA,NA,NA,NA,NA,NA,NA,NA,NA,NA,NA,NA,NA,NA,NA,NA,NA,NA,NA,NA,NA,NA,NA,NA,NA,NA,NA,NA,NA,NA,NA,NA,NA,NA,NA
NA,NA,NA,NA,NA,NA,NA,NA,NA,NA,NA,NA,NA,NA,NA,NA,5,2025-05-29,11:06:23,2,3,"Kruse, Wilson",10090996,Left,NWL_KG,"Sacchetti, Anthony",10006255,Right,LAK_C,Undefined,1,Top,1,0,2,Undefined,Changeup,StrikeSwinging,Strikeout,Undefined,Undefined,0,0,NA,83.42348,-2.901216,2.473928,1926.869189,148.760208,11:00:00,6.26635,-1.20774,6.06902,-32.51143,6.9039,-3.54075,0.86751,0.78796,77.91765,-8.865912,1.835823,0.45186,NA,NA,NA,NA,NA,NA,NA,NA,NA,NA,NA,2.43118,4.56803,1.01796,50,6.0235900000000004,-5.10609,-121.18415,-7.16662,3.66836,20.42656,-25.28144,NWL_KG,LAK_C,HOMERSTRYKER,NWL,NWL,20250529-HOMERSTRYKER-1,7c4ff6c0-3c9e-11f0-a835-f9cb0487f947,83.41613,NA,NA,5.50583,NA,NA,NA,NA,NA,NA,45d07472-c160-48e7-9a7d-8b154baa4dec,2025-05-29,15:06:23,2025-05-29T15:06:23Z,2025-05-29T15:06:23Z,NA,v3,NA,NA,NA,"Garner, Coleman",90000255834,Right,NWL_KG,a73ff91c-4128-4ac1-9474-e9224d3575e1,54.4323,-121.92896,10.21328,6.2681,-6.24479,-12.64072,1.20658,-5.23985,1.83418,NA,NA,NA,NA,NA,NA,NA,NA,NA,NA,NA,NA,NA,NA,NA,NA,NA,NA,NA,NA,NA,NA,NA,NA,NA,NA,NA,NA,NA,NA,NA,NA,NA,NA,NA,NA,NA,NA,NA,NA,NA,NA,NA,NA,NA,NA,NA,NA,NA,NA,High,High,High,NA,NA,NA,NA,NA,NA,NA,NA,NA,NA,NA,NA,NA,NA,NA,NA,NA,NA,NA,NA,NA,NA,NA,NA,NA,NA,NA,NA,NA,NA,NA,NA,NA,NA,NA,NA,NA,NA,NA,NA,NA,NA,NA,NA,NA,NA,NA,NA,NA,NA,NA,NA,NA,NA,NA,NA,NA,NA
NA,NA,NA,NA,NA,NA,NA,NA,NA,NA,NA,NA,NA,NA,NA,NA,6,2025-05-29,11:06:53,3,1,"Kruse, Wilson",10090996,Left,NWL_KG,"Rasmussen, Brody",1000396940,Right,LAK_C,Undefined,1,Top,2,0,0,Undefined,Cutter,BallCalled,Undefined,Undefined,Undefined,0,0,NA,82.85709,-2.19446,-0.080344,2069.593873,191.420989,12:30:00,6.40176,-1.11436,6.18813,-30.28545,9.65378,1.71437,1.85081,-1.04568,76.73235,-7.812155,0.229571,0.454853,NA,NA,NA,NA,NA,NA,NA,NA,NA,NA,NA,-0.90906,5.93981,1.11958,50,6.2209,0.1051,-120.44539,-5.52633,-1.34563,21.71877,-23.38181,NWL_KG,LAK_C,HOMERSTRYKER,NWL,NWL,20250529-HOMERSTRYKER-1,8e20a9d0-3c9e-11f0-a835-f9cb0487f947,82.86727,NA,NA,6.12474,NA,NA,NA,NA,NA,NA,45d07472-c160-48e7-9a7d-8b154baa4dec,2025-05-29,15:06:53,2025-05-29T15:06:53Z,2025-05-29T15:06:53Z,NA,v3,NA,NA,NA,"Garner, Coleman",90000255834,Right,NWL_KG,f13f5d28-cbdd-408c-8390-09eb81690019,54.31069,-121.22021,10.85939,6.40318,-4.69219,-11.69091,1.11498,0.15310000000000001,-0.67282,NA,NA,NA,NA,NA,NA,NA,NA,NA,NA,NA,NA,NA,NA,NA,NA,NA,NA,NA,NA,NA,NA,NA,NA,NA,NA,NA,NA,NA,NA,NA,NA,NA,NA,NA,NA,NA,NA,NA,NA,NA,NA,NA,NA,NA,NA,NA,NA,NA,NA,High,High,High,NA,NA,NA,NA,NA,NA,NA,NA,NA,NA,NA,NA,NA,NA,NA,NA,NA,NA,NA,NA,NA,NA,NA,NA,NA,NA,NA,NA,NA,NA,NA,NA,NA,NA,NA,NA,NA,NA,NA,NA,NA,NA,NA,NA,NA,NA,NA,NA,NA,NA,NA,NA,NA,NA,NA,NA,NA,NA
NA,NA,NA,NA,NA,NA,NA,NA,NA,NA,NA,NA,NA,NA,NA,NA,7,2025-05-29,11:07:08,3,2,"Kruse, Wilson",10090996,Left,NWL_KG,"Rasmussen, Brody",1000396940,Right,LAK_C,Undefined,1,Top,2,1,0,Undefined,Cutter,StrikeSwinging,Undefined,Undefined,Undefined,0,0,NA,82.86221,-1.230179,-0.090293,2136.559114,182.210884,12:00:00,6.38064,-0.9661,6.08397,-30.51506,9.61438,0.3252,2.69948,-1.02254,76.47224,-6.899297,-0.031649,0.455935,NA,NA,NA,NA,NA,NA,NA,NA,NA,NA,NA,-0.19154,5.65827,0.9729,50,6.26946,0.17755,-120.47308,-3.52051,-0.28309,22.15695,-23.81089,NWL_KG,LAK_C,HOMERSTRYKER,NWL,NWL,20250529-HOMERSTRYKER-1,9708c8c0-3c9e-11f0-a835-f9cb0487f947,82.67064,NA,NA,6.38997,NA,NA,NA,NA,NA,NA,45d07472-c160-48e7-9a7d-8b154baa4dec,2025-05-29,15:07:08,2025-05-29T15:07:08Z,2025-05-29T15:07:08Z,NA,v3,NA,NA,NA,"Garner, Coleman",90000255834,Right,NWL_KG,befb0ee1-4159-4f67-a561-c0299d01682a,54.41467,-121.28229,11.07848,6.38215,-2.65089,-11.90545,0.96623,0.18788,-0.14154,NA,NA,NA,NA,NA,NA,NA,NA,NA,NA,NA,NA,NA,NA,NA,NA,NA,NA,NA,NA,NA,NA,NA,NA,NA,NA,NA,NA,NA,NA,NA,NA,NA,NA,NA,NA,NA,NA,NA,NA,NA,NA,NA,NA,NA,NA,NA,NA,NA,NA,High,High,High,NA,NA,NA,NA,NA,NA,NA,NA,NA,NA,NA,NA,NA,NA,NA,NA,NA,NA,NA,NA,NA,NA,NA,NA,NA,NA,NA,NA,NA,NA,NA,NA,NA,NA,NA,NA,NA,NA,NA,NA,NA,NA,NA,NA,NA,NA,NA,NA,NA,NA,NA,NA,NA,NA,NA,NA,NA,NA
NA,NA,NA,NA,NA,NA,NA,NA,NA,NA,NA,NA,NA,NA,NA,NA,8,2025-05-29,11:07:28,3,3,"Kruse, Wilson",10090996,Left,NWL_KG,"Rasmussen, Brody",1000396940,Right,LAK_C,Undefined,1,Top,2,1,1,Undefined,Cutter,BallCalled,Undefined,Undefined,Undefined,0,0,NA,82.28571,-2.489907,-0.772808,2214.604504,203.553244,12:45:00,6.43389,-1.10048,6.03314,-31.31813,9.1639,3.51571,1.5167,-1.52318,76.77376,-8.255093,-0.139005,0.457933,NA,NA,NA,NA,NA,NA,NA,NA,NA,NA,NA,-2.00575,5.65843,1.15889,50,6.22215,1.48455,-119.64934,-6.17028,-2.95076,19.87788,-23.84971,NWL_KG,LAK_C,HOMERSTRYKER,NWL,NWL,20250529-HOMERSTRYKER-1,a2dac130-3c9e-11f0-a835-f9cb0487f947,82.30986,NA,NA,5.51195,NA,NA,NA,NA,NA,NA,45d07472-c160-48e7-9a7d-8b154baa4dec,2025-05-29,15:07:28,2025-05-29T15:07:28Z,2025-05-29T15:07:28Z,NA,v3,NA,NA,NA,"Garner, Coleman",90000255834,Right,NWL_KG,48b1e166-92a0-4a8e-9780-d1e4553a61a4,54.46736,-120.38924,9.93894,6.43529,-5.28254,-11.92486,1.10159,1.59439,-1.47538,NA,NA,NA,NA,NA,NA,NA,NA,NA,NA,NA,NA,NA,NA,NA,NA,NA,NA,NA,NA,NA,NA,NA,NA,NA,NA,NA,NA,NA,NA,NA,NA,NA,NA,NA,NA,NA,NA,NA,NA,NA,NA,NA,NA,NA,NA,NA,NA,NA,NA,High,High,High,NA,NA,NA,NA,NA,NA,NA,NA,NA,NA,NA,NA,NA,NA,NA,NA,NA,NA,NA,NA,NA,NA,NA,NA,NA,NA,NA,NA,NA,NA,NA,NA,NA,NA,NA,NA,NA,NA,NA,NA,NA,NA,NA,NA,NA,NA,NA,NA,NA,NA,NA,NA,NA,NA,NA,NA,NA,NA
NA,NA,NA,NA,NA,NA,NA,NA,NA,NA,NA,NA,NA,NA,NA,NA,9,2025-05-29,11:07:47,3,4,"Kruse, Wilson",10090996,Left,NWL_KG,"Rasmussen, Brody",1000396940,Right,LAK_C,Undefined,1,Top,2,2,1,Undefined,Cutter,BallCalled,Undefined,Undefined,Undefined,0,0,NA,82.12949,0.574236,-0.833222,2141.085825,195.083606,12:30:00,6.41435,-1.06195,5.95589,-32.09962,8.61863,2.02717,4.27198,-1.66577,76.17699,-5.369732,-0.468877,0.459268,NA,NA,NA,NA,NA,NA,NA,NA,NA,NA,NA,-1.23862,4.64453,1.127,50,6.44184,1.66066,-119.48958,0.19198,-1.81658,19.91262,-25.36226,NWL_KG,LAK_C,HOMERSTRYKER,NWL,NWL,20250529-HOMERSTRYKER-1,ae2cb430-3c9e-11f0-a835-f9cb0487f947,82.07072,NA,NA,5.9525,NA,NA,NA,NA,NA,NA,45d07472-c160-48e7-9a7d-8b154baa4dec,2025-05-29,15:07:47,2025-05-29T15:07:47Z,2025-05-29T15:07:47Z,NA,v3,NA,NA,NA,"Garner, Coleman",90000255834,Right,NWL_KG,6851c186-9b17-43fc-bf43-b141ef12a333,54.54355,-120.24436,9.95631,6.41634,1.15334,-12.68113,1.06275,1.72952,-0.90829,NA,NA,NA,NA,NA,NA,NA,NA,NA,NA,NA,NA,NA,NA,NA,NA,NA,NA,NA,NA,NA,NA,NA,NA,NA,NA,NA,NA,NA,NA,NA,NA,NA,NA,NA,NA,NA,NA,NA,NA,NA,NA,NA,NA,NA,NA,NA,NA,NA,NA,High,High,High,NA,NA,NA,NA,NA,NA,NA,NA,NA,NA,NA,NA,NA,NA,NA,NA,NA,NA,NA,NA,NA,NA,NA,NA,NA,NA,NA,NA,NA,NA,NA,NA,NA,NA,NA,NA,NA,NA,NA,NA,NA,NA,NA,NA,NA,NA,NA,NA,NA,NA,NA,NA,NA,NA,NA,NA,NA,NA
NA,NA,NA,NA,NA,NA,NA,NA,NA,NA,NA,NA,NA,NA,NA,NA,10,2025-05-29,11:08:08,3,5,"Kruse, Wilson",10090996,Left,NWL_KG,"Rasmussen, Brody",1000396940,Right,LAK_C,Undefined,1,Top,2,3,1,Undefined,Cutter,StrikeSwinging,Undefined,Undefined,Undefined,0,0,NA,81.91897,-0.291529,0.742346,2251.353586,197.033738,12:30:00,6.47407,-0.97021,5.89297,-30.67309,10.37804,2.83646,3.64728,-0.04456,76.02703,-5.967203,1.25167,0.461141,NA,NA,NA,NA,NA,NA,NA,NA,NA,NA,NA,-1.27894,5.74646,0.90879,50,6.43279,-1.65201,-119.17234,-1.56428,-1.86435,19.97453,-23.79731,NWL_KG,LAK_C,HOMERSTRYKER,NWL,NWL,20250529-HOMERSTRYKER-1,ba860510-3c9e-11f0-a835-f9cb0487f947,81.73729,NA,NA,5.89194,NA,NA,NA,NA,NA,NA,45d07472-c160-48e7-9a7d-8b154baa4dec,2025-05-29,15:08:08,2025-05-29T15:08:08Z,2025-05-29T15:08:08Z,NA,v3,NA,NA,NA,"Garner, Coleman",90000255834,Right,NWL_KG,d47cb03a-4773-4f6e-8282-9a36ecb48acd,54.60651,-119.94195,9.98726,6.47539,-0.64738,-11.89866,0.97106,-1.58018,-0.93218,NA,NA,NA,NA,NA,NA,NA,NA,NA,NA,NA,NA,NA,NA,NA,NA,NA,NA,NA,NA,NA,NA,NA,NA,NA,NA,NA,NA,NA,NA,NA,NA,NA,NA,NA,NA,NA,NA,NA,NA,NA,NA,NA,NA,NA,NA,NA,NA,NA,NA,High,High,High,NA,NA,NA,NA,NA,NA,NA,NA,NA,NA,NA,NA,NA,NA,NA,NA,NA,NA,NA,NA,NA,NA,NA,NA,NA,NA,NA,NA,NA,NA,NA,NA,NA,NA,NA,NA,NA,NA,NA,NA,NA,NA,NA,NA,NA,NA,NA,NA,NA,NA,NA,NA,NA,NA,NA,NA,NA,NA
NA,NA,NA,NA,NA,NA,NA,NA,NA,NA,NA,NA,NA,NA,NA,NA,11,2025-05-29,11:08:26,3,6,"Kruse, Wilson",10090996,Left,NWL_KG,"Rasmussen, Brody",1000396940,Right,LAK_C,Undefined,1,Top,2,3,2,Undefined,Slider,BallCalled,Walk,Undefined,Undefined,0,0,NA,81.78174,-0.144708,-0.351189,2172.692188,208.608704,01:00:00,6.38416,-1.00746,6.14839,-29.42104,11.4665,5.62725,3.7987,-0.86303,75.66617,-5.631749,0.664145,0.460222,NA,NA,NA,NA,NA,NA,NA,NA,NA,NA,NA,-2.9954,6.33615,1.03137,50,6.35788,0.52066,-118.98666,-1.16818,-4.34057,20.52448,-22.99241,NWL_KG,LAK_C,HOMERSTRYKER,NWL,NWL,20250529-HOMERSTRYKER-1,c5a43de0-3c9e-11f0-a835-f9cb0487f947,81.90063,NA,NA,6.11557,NA,NA,NA,NA,NA,NA,45d07472-c160-48e7-9a7d-8b154baa4dec,2025-05-29,15:08:26,2025-05-29T15:08:26Z,2025-05-29T15:08:26Z,NA,v3,NA,NA,NA,"Garner, Coleman",90000255834,Right,NWL_KG,593cdff1-ae4e-49ef-9b8d-28de8d077fba,54.35047,-119.73474,10.26224,6.38518,-0.33015,-11.49621,1.00951,0.67886,-2.17029,NA,NA,NA,NA,NA,NA,NA,NA,NA,NA,NA,NA,NA,NA,NA,NA,NA,NA,NA,NA,NA,NA,NA,NA,NA,NA,NA,NA,NA,NA,NA,NA,NA,NA,NA,NA,NA,NA,NA,NA,NA,NA,NA,NA,NA,NA,NA,NA,NA,NA,High,High,High,NA,NA,NA,NA,NA,NA,NA,NA,NA,NA,NA,NA,NA,NA,NA,NA,NA,NA,NA,NA,NA,NA,NA,NA,NA,NA,NA,NA,NA,NA,NA,NA,NA,NA,NA,NA,NA,NA,NA,NA,NA,NA,NA,NA,NA,NA,NA,NA,NA,NA,NA,NA,NA,NA,NA,NA,NA,NA
NA,NA,NA,NA,NA,NA,NA,NA,NA,NA,NA,NA,NA,NA,NA,NA,12,2025-05-29,11:09:09,4,1,"Kruse, Wilson",10090996,Left,NWL_KG,"Reynolds, Drew",1000120249,Left,LAK_C,Undefined,1,Top,2,0,0,Undefined,Slider,InPlay,Undefined,Popup,Out,1,0,NA,81.27334,-1.022508,0.007259,2121.774301,212.646377,01:00:00,6.31877,-1.05524,6.01049,-35.09529,5.79536,3.12654,2.4468,-0.78798,76.78574,-7.450031,0.570517,0.460239,NA,NA,NA,NA,NA,NA,NA,NA,NA,NA,NA,-1.62654,3.46685,1.0529,50,6.21876,-0.12622,-118.45156,-3.20995,-2.37952,16.31922,-27.10218,NWL_KG,LAK_C,HOMERSTRYKER,NWL,NWL,20250529-HOMERSTRYKER-1,df0e21b0-3c9e-11f0-a835-f9cb0487f947,81.89756,NA,NA,4.4876,NA,NA,NA,NA,NA,NA,45d07472-c160-48e7-9a7d-8b154baa4dec,2025-05-29,15:09:09,2025-05-29T15:09:09Z,2025-05-29T15:09:09Z,NA,v3,NA,NA,NA,"Garner, Coleman",90000255834,Right,NWL_KG,cc05b72c-c86b-49aa-83c1-9db5f1958f94,54.49208,-119.06883,8.15961,6.32079,-2.18482,-13.55109,1.05597,-0.03622,-1.18976,NA,NA,NA,NA,NA,NA,NA,NA,NA,NA,NA,NA,NA,NA,NA,NA,NA,NA,NA,NA,NA,NA,NA,NA,NA,NA,NA,NA,NA,NA,NA,NA,NA,NA,NA,NA,NA,NA,NA,NA,NA,NA,NA,NA,NA,NA,NA,NA,NA,NA,High,High,High,NA,NA,NA,NA,NA,NA,NA,NA,NA,NA,NA,NA,NA,NA,NA,NA,NA,NA,NA,NA,NA,NA,NA,NA,NA,NA,NA,NA,NA,NA,NA,NA,NA,NA,NA,NA,NA,NA,NA,NA,NA,NA,NA,NA,NA,NA,NA,NA,NA,NA,NA,NA,NA,NA,NA,NA,NA,NA
NA,NA,NA,NA,NA,NA,NA,NA,NA,NA,NA,NA,NA,NA,NA,NA,13,2025-05-29,11:12:17,1,1,"Thomas, Koehn",1000322765,Right,LAK_C,"Acres, Brodey",1000233797,Right,NWL_KG,Undefined,1,Bottom,0,0,0,Undefined,Changeup,StrikeCalled,Undefined,Undefined,Undefined,0,0,NA,87.58203,-0.520797,-4.561991,2499.453522,238.210294,02:00:00,5.19387,2.13526,5.87968,-25.18434,11.2543,16.34753,2.60997,-0.7481,80.2891,-5.215171,-1.640422,0.434463,NA,NA,NA,NA,NA,NA,NA,NA,NA,NA,NA,-9.52213,6.24075,-1.77535,50,5.13711,9.44091,-126.92574,-1.9784,-15.61364,24.72634,-21.94098,NWL_KG,LAK_C,HOMERSTRYKER,NWL,NWL,20250529-HOMERSTRYKER-1,4f1c80a0-3c9f-11f0-a835-f9cb0487f947,86.75646,NA,NA,7.29293,NA,NA,NA,NA,NA,NA,45d07472-c160-48e7-9a7d-8b154baa4dec,2025-05-29,15:12:17,2025-05-29T15:12:17Z,2025-05-29T15:12:17Z,NA,v3,NA,NA,NA,"Reynolds, Drew",1000120249,Right,LAK_C,7dfe18d4-bf85-480f-b9fe-87c87712aeda,54.61917,-127.82243,12.36317,5.19443,-1.18272,-10.97049,-2.12799,10.00713,-7.80682,NA,NA,NA,NA,NA,NA,NA,NA,NA,NA,NA,NA,NA,NA,NA,NA,NA,NA,NA,NA,NA,NA,NA,NA,NA,NA,NA,NA,NA,NA,NA,NA,NA,NA,NA,NA,NA,NA,NA,NA,NA,NA,NA,NA,NA,NA,NA,NA,NA,NA,High,High,High,NA,NA,NA,NA,NA,NA,NA,NA,NA,NA,NA,NA,NA,NA,NA,NA,NA,NA,NA,NA,NA,NA,NA,NA,NA,NA,NA,NA,NA,NA,NA,NA,NA,NA,NA,NA,NA,NA,NA,NA,NA,NA,NA,NA,NA,NA,NA,NA,NA,NA,NA,NA,NA,NA,NA,NA,NA,NA
NA,NA,NA,NA,NA,NA,NA,NA,NA,NA,NA,NA,NA,NA,NA,NA,14,2025-05-29,11:12:35,1,2,"Thomas, Koehn",1000322765,Right,LAK_C,"Acres, Brodey",1000233797,Right,NWL_KG,Undefined,1,Bottom,0,0,1,Undefined,Sinker,BallCalled,Undefined,Undefined,Undefined,0,0,NA,89.61821,-0.276422,-3.72219,2545.286802,231.629987,01:45:00,5.36878,2.05056,5.70519,-22.26982,12.64595,14.64371,3.25487,-0.20212,82.22821,-4.430257,-1.110097,0.425287,NA,NA,NA,NA,NA,NA,NA,NA,NA,NA,NA,-8.36859,6.82048,-1.74726,50,5.33174,7.81406,-129.99414,-1.37719,-14.41638,25.53028,-20.42455,NWL_KG,LAK_C,HOMERSTRYKER,NWL,NWL,20250529-HOMERSTRYKER-1,5986f9d0-3c9f-11f0-a835-f9cb0487f947,88.62818,NA,NA,7.39,NA,NA,NA,NA,NA,NA,45d07472-c160-48e7-9a7d-8b154baa4dec,2025-05-29,15:12:35,2025-05-29T15:12:35Z,2025-05-29T15:12:35Z,NA,v3,NA,NA,NA,"Reynolds, Drew",1000120249,Right,LAK_C,21ff0bb7-0b65-4e37-82a3-4b9013039eff,54.79342,-130.93217,12.76514,5.3685600000000004,-0.62676,-10.21227,-2.04409,8.34374,-7.20819,NA,NA,NA,NA,NA,NA,NA,NA,NA,NA,NA,NA,NA,NA,NA,NA,NA,NA,NA,NA,NA,NA,NA,NA,NA,NA,NA,NA,NA,NA,NA,NA,NA,NA,NA,NA,NA,NA,NA,NA,NA,NA,NA,NA,NA,NA,NA,NA,NA,NA,High,High,High,NA,NA,NA,NA,NA,NA,NA,NA,NA,NA,NA,NA,NA,NA,NA,NA,NA,NA,NA,NA,NA,NA,NA,NA,NA,NA,NA,NA,NA,NA,NA,NA,NA,NA,NA,NA,NA,NA,NA,NA,NA,NA,NA,NA,NA,NA,NA,NA,NA,NA,NA,NA,NA,NA,NA,NA,NA,NA
NA,NA,NA,NA,NA,NA,NA,NA,NA,NA,NA,NA,NA,NA,NA,NA,15,2025-05-29,11:12:51,1,3,"Thomas, Koehn",1000322765,Right,LAK_C,"Acres, Brodey",1000233797,Right,NWL_KG,Undefined,1,Bottom,0,1,1,Undefined,Four-Seam,BallCalled,Undefined,Undefined,Undefined,0,0,NA,88.98735,-2.283328,-5.112691,2534.76314,221.089829,01:15:00,5.28487,2.00362,5.84582,-18.47316,16.67123,13.66087,1.61398,-1.62176,82.29875,-5.744253,-2.677057,0.426677,NA,NA,NA,NA,NA,NA,NA,NA,NA,NA,NA,-8.15914,9.37095,-1.5945,50,5.08729,10.94984,-128.85872,-5.72825,-13.92162,23.06377,-16.18473,NWL_KG,LAK_C,HOMERSTRYKER,NWL,NWL,20250529-HOMERSTRYKER-1,63828490-3c9f-11f0-a835-f9cb0487f947,88.33945,NA,NA,6.6886,NA,NA,NA,NA,NA,NA,45d07472-c160-48e7-9a7d-8b154baa4dec,2025-05-29,15:12:51,2025-05-29T15:12:51Z,2025-05-29T15:12:51Z,NA,v3,NA,NA,NA,"Reynolds, Drew",1000120249,Right,LAK_C,7460d312-670a-4003-bbf5-c08e7f142a5a,54.65355,-129.68896,11.53188,5.28301,-5.14564,-8.09237,-1.99769,11.45098,-6.96081,NA,NA,NA,NA,NA,NA,NA,NA,NA,NA,NA,NA,NA,NA,NA,NA,NA,NA,NA,NA,NA,NA,NA,NA,NA,NA,NA,NA,NA,NA,NA,NA,NA,NA,NA,NA,NA,NA,NA,NA,NA,NA,NA,NA,NA,NA,NA,NA,NA,NA,High,High,High,NA,NA,NA,NA,NA,NA,NA,NA,NA,NA,NA,NA,NA,NA,NA,NA,NA,NA,NA,NA,NA,NA,NA,NA,NA,NA,NA,NA,NA,NA,NA,NA,NA,NA,NA,NA,NA,NA,NA,NA,NA,NA,NA,NA,NA,NA,NA,NA,NA,NA,NA,NA,NA,NA,NA,NA,NA,NA
NA,NA,NA,NA,NA,NA,NA,NA,NA,NA,NA,NA,NA,NA,NA,NA,16,2025-05-29,11:13:19,1,4,"Thomas, Koehn",1000322765,Right,LAK_C,"Acres, Brodey",1000233797,Right,NWL_KG,Undefined,1,Bottom,0,2,1,Undefined,Changeup,BallCalled,Undefined,Undefined,Undefined,0,0,NA,87.41589,-2.025247,-3.15193,2538.226525,236.298998,02:00:00,5.259,2.13247,5.65181,-24.01119,12.64075,17.33717,1.36554,0.63456,80.71152,-6.471314,-0.057011,0.435732,NA,NA,NA,NA,NA,NA,NA,NA,NA,NA,NA,-9.63906,7.26158,-1.87659,50,5.07179,6.26351,-126.86413,-5.29895,-15.85891,23.63691,-20.22675,NWL_KG,LAK_C,HOMERSTRYKER,NWL,NWL,20250529-HOMERSTRYKER-1,73e305d0-3c9f-11f0-a835-f9cb0487f947,86.50364,NA,NA,6.70437,NA,NA,NA,NA,NA,NA,45d07472-c160-48e7-9a7d-8b154baa4dec,2025-05-29,15:13:19,2025-05-29T15:13:19Z,2025-05-29T15:13:19Z,NA,v3,NA,NA,NA,"Reynolds, Drew",1000120249,Right,LAK_C,8314c3cf-a925-495e-add7-897907b71830,54.84902,-127.76439,11.81846,5.25894,-4.52857,-10.11338,-2.12665,6.86753,-7.92946,NA,NA,NA,NA,NA,NA,NA,NA,NA,NA,NA,NA,NA,NA,NA,NA,NA,NA,NA,NA,NA,NA,NA,NA,NA,NA,NA,NA,NA,NA,NA,NA,NA,NA,NA,NA,NA,NA,NA,NA,NA,NA,NA,NA,NA,NA,NA,NA,NA,NA,High,High,High,NA,NA,NA,NA,NA,NA,NA,NA,NA,NA,NA,NA,NA,NA,NA,NA,NA,NA,NA,NA,NA,NA,NA,NA,NA,NA,NA,NA,NA,NA,NA,NA,NA,NA,NA,NA,NA,NA,NA,NA,NA,NA,NA,NA,NA,NA,NA,NA,NA,NA,NA,NA,NA,NA,NA,NA,NA,NA
NA,NA,NA,NA,NA,NA,NA,NA,NA,NA,NA,NA,NA,NA,NA,NA,17,2025-05-29,11:13:42,1,5,"Thomas, Koehn",1000322765,Right,LAK_C,"Acres, Brodey",1000233797,Right,NWL_KG,Undefined,1,Bottom,0,3,1,Undefined,Changeup,StrikeCalled,Undefined,Undefined,Undefined,0,0,NA,85.62155,-0.004717,-3.994583,2467.494214,240.634862,02:00:00,5.15734,2.1945,5.84174,-25.93954,12.12961,19.50985,2.99131,0.10192,78.57445,-4.84123,-0.505938,0.444077,NA,NA,NA,NA,NA,NA,NA,NA,NA,NA,NA,-10.9593,6.55213,-1.88008,50,5.14168,7.86995,-124.20341,-0.83965,-17.22989,23.37358,-21.87297,NWL_KG,LAK_C,HOMERSTRYKER,NWL,NWL,20250529-HOMERSTRYKER-1,81b90ba0-3c9f-11f0-a835-f9cb0487f947,84.8782,NA,NA,7.0471,NA,NA,NA,NA,NA,NA,45d07472-c160-48e7-9a7d-8b154baa4dec,2025-05-29,15:13:42,2025-05-29T15:13:42Z,2025-05-29T15:13:42Z,NA,v3,NA,NA,NA,"Reynolds, Drew",1000120249,Right,LAK_C,f64b82b4-973d-40a9-846b-c9de138da1db,54.65775,-125.07687,11.68679,5.15779,-0.02227,-10.93649,-2.18621,8.51382,-8.61494,NA,NA,NA,NA,NA,NA,NA,NA,NA,NA,NA,NA,NA,NA,NA,NA,NA,NA,NA,NA,NA,NA,NA,NA,NA,NA,NA,NA,NA,NA,NA,NA,NA,NA,NA,NA,NA,NA,NA,NA,NA,NA,NA,NA,NA,NA,NA,NA,NA,NA,High,High,High,NA,NA,NA,NA,NA,NA,NA,NA,NA,NA,NA,NA,NA,NA,NA,NA,NA,NA,NA,NA,NA,NA,NA,NA,NA,NA,NA,NA,NA,NA,NA,NA,NA,NA,NA,NA,NA,NA,NA,NA,NA,NA,NA,NA,NA,NA,NA,NA,NA,NA,NA,NA,NA,NA,NA,NA,NA,NA
NA,NA,NA,NA,NA,NA,NA,NA,NA,NA,NA,NA,NA,NA,NA,NA,18,2025-05-29,11:14:01,1,6,"Thomas, Koehn",1000322765,Right,LAK_C,"Acres, Brodey",1000233797,Right,NWL_KG,Undefined,1,Bottom,0,3,2,Undefined,Sinker,FoulBallNotFieldable,Undefined,Undefined,Undefined,0,0,NA,88.37734,-1.620414,-3.081879,2549.922474,232.088291,01:45:00,5.11665,2.21043,6.07343,-20.10981,15.3743,18.31647,1.93888,0.88235,80.9918,-5.417577,0.212852,0.428735,61.67801,-53.551511,-102.368877,NA,NA,NA,NA,2.40426,1.42542,-70.255701,0.026243,-10.30603,8.70776,-1.98152,50,4.9803,6.16794,-128.29214,-4.23496,-17.22028,25.90683,-17.62431,NWL_KG,LAK_C,HOMERSTRYKER,NWL,NWL,20250529-HOMERSTRYKER-1,8d50e140-3c9f-11f0-a835-f9cb0487f947,87.91557,1.91656,NA,7.38554,NA,NA,NA,1.11542,1.91656,-0.88026,45d07472-c160-48e7-9a7d-8b154baa4dec,2025-05-29,15:14:01,2025-05-29T15:14:01Z,2025-05-29T15:14:01Z,GroundBall,v3,NA,NA,NA,"Reynolds, Drew",1000120249,Right,LAK_C,0fd0efbc-9181-436d-9e9f-df3b9c7dd009,54.42663,-129.18294,12.95342,5.1155,-3.62895,-8.81216,-2.20378,6.76006,-8.61014,NA,1.1156,-11.55409,NA,NA,NA,NA,NA,NA,NA,1.91768,-73.03225,NA,NA,NA,NA,NA,NA,NA,-0.87945,-52.68748,NA,NA,NA,NA,NA,NA,NA,NA,NA,NA,NA,NA,NA,NA,NA,NA,NA,NA,NA,NA,NA,NA,NA,NA,NA,NA,NA,NA,NA,High,High,High,Low,Low,NA,NA,NA,NA,NA,NA,NA,NA,NA,NA,NA,NA,NA,NA,NA,NA,NA,NA,NA,NA,NA,NA,NA,NA,NA,NA,NA,NA,NA,NA,NA,NA,NA,NA,NA,NA,NA,NA,NA,NA,NA,NA,NA,NA,NA,NA,NA,NA,NA,NA,NA,NA,NA,NA,NA,NA
NA,NA,NA,NA,NA,NA,NA,NA,NA,NA,NA,NA,NA,NA,NA,NA,19,2025-05-29,11:14:26,1,7,"Thomas, Koehn",1000322765,Right,LAK_C,"Acres, Brodey",1000233797,Right,NWL_KG,Undefined,1,Bottom,0,3,2,Undefined,Sinker,InPlay,Undefined,GroundBall,Out,1,0,NA,88.56789,-1.754664,-4.114079,2550.41912,235.213474,01:45:00,5.22714,2.01165,5.87897,-22.8447,12.58709,16.6254,1.68913,-0.43025,81.72639,-6.008371,-1.139168,0.428418,80.99688,-15.101636,24.976099,NA,NA,NA,NA,6.48917,6.48917,26.867085,0.051204,-9.5489,7.20422,-1.68855,50,5.0717,8.55229,-128.46272,-4.68887,-16.12334,24.01136,-20.00973,NWL_KG,LAK_C,HOMERSTRYKER,NWL,NWL,20250529-HOMERSTRYKER-1,9c36f780-3c9f-11f0-a835-f9cb0487f947,87.98047,1.58733,NA,6.84151,NA,NA,NA,0.45656,1.58733,0.44889,45d07472-c160-48e7-9a7d-8b154baa4dec,2025-05-29,15:14:26,2025-05-29T15:14:26Z,2025-05-29T15:14:26Z,GroundBall,v3,NA,NA,NA,"Reynolds, Drew",1000120249,Right,LAK_C,80eb20f5-1d2c-4ee5-b328-81cfd0698ea1,54.62153,-129.32366,12.00568,5.22696,-3.97141,-10.00487,-2.00556,9.1304,-8.06167,NA,0.45517,104.13569,NA,NA,NA,NA,NA,NA,NA,1.58774,-31.00017,NA,NA,NA,NA,NA,NA,NA,0.44824,48.50639,NA,NA,NA,NA,NA,NA,NA,NA,NA,NA,NA,NA,NA,NA,NA,NA,NA,NA,NA,NA,NA,NA,NA,NA,NA,NA,NA,NA,NA,High,High,High,Estimated,Estimated,NA,NA,NA,NA,NA,NA,NA,NA,NA,NA,NA,NA,NA,NA,NA,NA,NA,NA,NA,NA,NA,NA,NA,NA,NA,NA,NA,NA,NA,NA,NA,NA,NA,NA,NA,NA,NA,NA,NA,NA,NA,NA,NA,NA,NA,NA,NA,NA,NA,NA,NA,NA,NA,NA,NA,NA
NA,NA,NA,NA,NA,NA,NA,NA,NA,NA,NA,NA,NA,NA,NA,NA,20,2025-05-29,11:15:02,2,1,"Thomas, Koehn",1000322765,Right,LAK_C,"Rodriguez, Evan",1000115944,Right,NWL_KG,Undefined,1,Bottom,1,0,0,Undefined,Changeup,BallCalled,Undefined,Undefined,Undefined,0,0,NA,88.05938,0.263853,-4.173842,2513.977731,235.325989,01:45:00,5.26894,2.06824,5.85279,-23.79486,12.18111,16.05009,3.53185,-0.4793,80.78767,-4.179518,-1.305493,0.431696,NA,NA,NA,NA,NA,NA,NA,NA,NA,NA,NA,-9.26603,6.48768,-1.73802,50,5.27646,8.6468,-127.71152,-0.18398,-15.41053,24.5802,-21.38421,NWL_KG,LAK_C,HOMERSTRYKER,NWL,NWL,20250529-HOMERSTRYKER-1,b1a60700-3c9f-11f0-a835-f9cb0487f947,87.31254,NA,NA,7.27172,NA,NA,NA,NA,NA,NA,45d07472-c160-48e7-9a7d-8b154baa4dec,2025-05-29,15:15:02,2025-05-29T15:15:02Z,2025-05-29T15:15:02Z,NA,v3,NA,NA,NA,"Reynolds, Drew",1000120249,Right,LAK_C,0d199f6f-9fce-4b75-87d6-cc0be5613a3e,54.64666,-128.60273,12.2901,5.26908,0.59136,-10.6921,-2.06165,9.20554,-7.70526,NA,NA,NA,NA,NA,NA,NA,NA,NA,NA,NA,NA,NA,NA,NA,NA,NA,NA,NA,NA,NA,NA,NA,NA,NA,NA,NA,NA,NA,NA,NA,NA,NA,NA,NA,NA,NA,NA,NA,NA,NA,NA,NA,NA,NA,NA,NA,NA,NA,NA,High,High,High,NA,NA,NA,NA,NA,NA,NA,NA,NA,NA,NA,NA,NA,NA,NA,NA,NA,NA,NA,NA,NA,NA,NA,NA,NA,NA,NA,NA,NA,NA,NA,NA,NA,NA,NA,NA,NA,NA,NA,NA,NA,NA,NA,NA,NA,NA,NA,NA,NA,NA,NA,NA,NA,NA,NA,NA,NA,NA
NA,NA,NA,NA,NA,NA,NA,NA,NA,NA,NA,NA,NA,NA,NA,NA,21,2025-05-29,11:15:16,2,2,"Thomas, Koehn",1000322765,Right,LAK_C,"Rodriguez, Evan",1000115944,Right,NWL_KG,Undefined,1,Bottom,1,1,0,Undefined,Changeup,BallCalled,Undefined,Undefined,Undefined,0,0,NA,84.60152,0.848092,-4.025823,2391.409523,233.044881,01:45:00,5.20604,2.27436,5.68074,-25.58167,13.69686,16.62336,3.86681,-0.09927,77.48666,-3.921289,-1.06432,0.451075,NA,NA,NA,NA,NA,NA,NA,NA,NA,NA,NA,-9.47115,7.09264,-1.94529,50,5.26163,7.94528,-122.65351,1.00225,-14.51255,22.9262,-21.30605,NWL_KG,LAK_C,HOMERSTRYKER,NWL,NWL,20250529-HOMERSTRYKER-1,b9d424c0-3c9f-11f0-a835-f9cb0487f947,83.5613,NA,NA,7.11486,NA,NA,NA,NA,NA,NA,45d07472-c160-48e7-9a7d-8b154baa4dec,2025-05-29,15:15:16,2025-05-29T15:15:16Z,2025-05-29T15:15:16Z,NA,v3,NA,NA,NA,"Reynolds, Drew",1000120249,Right,LAK_C,bc9562e0-0d32-495c-b6f4-9007a768f90d,54.81821,-123.55084,11.4631,5.20609,1.83616,-10.65303,-2.26738,8.5133,-7.25627,NA,NA,NA,NA,NA,NA,NA,NA,NA,NA,NA,NA,NA,NA,NA,NA,NA,NA,NA,NA,NA,NA,NA,NA,NA,NA,NA,NA,NA,NA,NA,NA,NA,NA,NA,NA,NA,NA,NA,NA,NA,NA,NA,NA,NA,NA,NA,NA,NA,NA,High,High,High,NA,NA,NA,NA,NA,NA,NA,NA,NA,NA,NA,NA,NA,NA,NA,NA,NA,NA,NA,NA,NA,NA,NA,NA,NA,NA,NA,NA,NA,NA,NA,NA,NA,NA,NA,NA,NA,NA,NA,NA,NA,NA,NA,NA,NA,NA,NA,NA,NA,NA,NA,NA,NA,NA,NA,NA,NA,NA
NA,NA,NA,NA,NA,NA,NA,NA,NA,NA,NA,NA,NA,NA,NA,NA,22,2025-05-29,11:15:32,2,3,"Thomas, Koehn",1000322765,Right,LAK_C,"Rodriguez, Evan",1000115944,Right,NWL_KG,Undefined,1,Bottom,1,2,0,Undefined,Four-Seam,StrikeCalled,Undefined,Undefined,Undefined,0,0,NA,86.24551,-1.718362,-3.130933,2436.440272,219.015835,01:15:00,5.19703,2.3009,5.82283,-19.99985,17.54013,13.28056,1.92997,0.49393,79.238,-5.481246,-0.754323,0.440979,NA,NA,NA,NA,NA,NA,NA,NA,NA,NA,NA,-7.61087,9.76461,-2.05268,50,5.04448,6.30306,-125.14262,-4.36035,-12.13904,23.88886,-16.59988,NWL_KG,LAK_C,HOMERSTRYKER,NWL,NWL,20250529-HOMERSTRYKER-1,c3265020-3c9f-11f0-a835-f9cb0487f947,85.47437,NA,NA,7.00751,NA,NA,NA,NA,NA,NA,45d07472-c160-48e7-9a7d-8b154baa4dec,2025-05-29,15:15:32,2025-05-29T15:15:32Z,2025-05-29T15:15:32Z,NA,v3,NA,NA,NA,"Reynolds, Drew",1000120249,Right,LAK_C,63ef535e-5dea-49f5-9816-740a03f2bf79,54.67631,-126.03213,11.94443,5.19533,-3.74225,-8.29994,-2.2958,6.75507,-6.06952,NA,NA,NA,NA,NA,NA,NA,NA,NA,NA,NA,NA,NA,NA,NA,NA,NA,NA,NA,NA,NA,NA,NA,NA,NA,NA,NA,NA,NA,NA,NA,NA,NA,NA,NA,NA,NA,NA,NA,NA,NA,NA,NA,NA,NA,NA,NA,NA,NA,NA,High,High,High,NA,NA,NA,NA,NA,NA,NA,NA,NA,NA,NA,NA,NA,NA,NA,NA,NA,NA,NA,NA,NA,NA,NA,NA,NA,NA,NA,NA,NA,NA,NA,NA,NA,NA,NA,NA,NA,NA,NA,NA,NA,NA,NA,NA,NA,NA,NA,NA,NA,NA,NA,NA,NA,NA,NA,NA,NA,NA
NA,NA,NA,NA,NA,NA,NA,NA,NA,NA,NA,NA,NA,NA,NA,NA,23,2025-05-29,11:15:49,2,4,"Thomas, Koehn",1000322765,Right,LAK_C,"Rodriguez, Evan",1000115944,Right,NWL_KG,Undefined,1,Bottom,1,2,1,Undefined,Changeup,BallCalled,Undefined,Undefined,Undefined,0,0,NA,87.119,-2.395699,-3.644373,2455.127195,237.890077,02:00:00,5.19325,2.15981,5.62512,-25.16923,11.97886,17.26025,0.85448,0.19288,80.14923,-7.050905,-0.566272,0.438672,NA,NA,NA,NA,NA,NA,NA,NA,NA,NA,NA,-9.78056,7.05457,-1.86053,50,4.97247,7.32612,-126.28267,-6.1432,-15.87303,24.51068,-20.72504,NWL_KG,LAK_C,HOMERSTRYKER,NWL,NWL,20250529-HOMERSTRYKER-1,cd9adb70-3c9f-11f0-a835-f9cb0487f947,85.92401,NA,NA,6.96977,NA,NA,NA,NA,NA,NA,45d07472-c160-48e7-9a7d-8b154baa4dec,2025-05-29,15:15:49,2025-05-29T15:15:49Z,2025-05-29T15:15:49Z,NA,v3,NA,NA,NA,"Reynolds, Drew",1000120249,Right,LAK_C,408a4319-491c-4077-be2b-e617060b8455,54.87556,-127.22547,12.25534,5.19344,-5.34602,-10.36252,-2.15407,7.93667,-7.93652,NA,NA,NA,NA,NA,NA,NA,NA,NA,NA,NA,NA,NA,NA,NA,NA,NA,NA,NA,NA,NA,NA,NA,NA,NA,NA,NA,NA,NA,NA,NA,NA,NA,NA,NA,NA,NA,NA,NA,NA,NA,NA,NA,NA,NA,NA,NA,NA,NA,NA,High,High,High,NA,NA,NA,NA,NA,NA,NA,NA,NA,NA,NA,NA,NA,NA,NA,NA,NA,NA,NA,NA,NA,NA,NA,NA,NA,NA,NA,NA,NA,NA,NA,NA,NA,NA,NA,NA,NA,NA,NA,NA,NA,NA,NA,NA,NA,NA,NA,NA,NA,NA,NA,NA,NA,NA,NA,NA,NA,NA
NA,NA,NA,NA,NA,NA,NA,NA,NA,NA,NA,NA,NA,NA,NA,NA,24,2025-05-29,11:16:10,2,5,"Thomas, Koehn",1000322765,Right,LAK_C,"Rodriguez, Evan",1000115944,Right,NWL_KG,Undefined,1,Bottom,1,3,1,Undefined,Changeup,InPlay,Undefined,GroundBall,Out,1,0,NA,87.62254,-1.359133,-3.717839,2496.861274,234.134764,01:45:00,5.25211,2.16658,5.92787,-22.30635,13.87709,17.69206,2.12928,0.18647,80.61108,-5.534055,-0.54712,0.432939,92.8796,-8.131349,39.27945,NA,NA,NA,NA,15.50909,15.48932,36.934329,0.113176,-10.05914,7.80311,-1.87927,50,5.13053,7.54375,-127.15351,-3.72396,-16.58956,24.28344,-19.30511,NWL_KG,LAK_C,HOMERSTRYKER,NWL,NWL,20250529-HOMERSTRYKER-1,da313550-3c9f-11f0-a835-f9cb0487f947,87.06183,2.15191,NA,7.01146,NA,NA,NA,0.85888,2.15191,-0.22972,45d07472-c160-48e7-9a7d-8b154baa4dec,2025-05-29,15:16:10,2025-05-29T15:16:10Z,2025-05-29T15:16:10Z,GroundBall,v3,NA,NA,NA,"Reynolds, Drew",1000120249,Right,LAK_C,b8641c85-bc5f-4275-bac1-3f8c0d740953,54.57259,-128.02379,12.14172,5.2516,-3.03209,-9.65256,-2.16028,8.13829,-8.29478,211.844375,0.85922,104.34678,-21.25677,NA,NA,NA,NA,NA,NA,2.15166,-19.23839,2.02267,NA,NA,NA,NA,NA,NA,-0.22964,85.36709,-8.78455,NA,NA,NA,NA,NA,NA,NA,NA,NA,NA,NA,NA,NA,NA,NA,NA,NA,NA,NA,NA,NA,NA,NA,NA,NA,NA,NA,NA,High,High,High,High,High,NA,NA,NA,NA,NA,NA,NA,NA,NA,NA,NA,NA,NA,NA,NA,NA,NA,NA,NA,NA,NA,NA,NA,NA,NA,NA,NA,NA,NA,NA,NA,NA,NA,NA,NA,NA,NA,NA,NA,NA,NA,NA,NA,NA,NA,NA,NA,NA,NA,NA,NA,NA,NA,NA,NA,NA
NA,NA,NA,NA,NA,NA,NA,NA,NA,NA,NA,NA,NA,NA,NA,NA,25,2025-05-29,11:16:50,3,1,"Thomas, Koehn",1000322765,Right,LAK_C,"Johnson, Trevor",815427,Left,NWL_KG,Undefined,1,Bottom,2,0,0,Undefined,Changeup,BallCalled,Undefined,Undefined,Undefined,0,0,NA,80.26936,-1.100502,-4.156521,1839.692476,244.919866,02:15:00,5.04493,2.23346,6.00961,-34.07085,8.87394,16.26442,1.18335,-0.26865,74.23061,-7.400647,-1.237444,0.471657,NA,NA,NA,NA,NA,NA,NA,NA,NA,NA,NA,-9.47308,5.21929,-1.91577,50,4.93946,7.87329,-116.47201,-3.27251,-13.12945,20.04058,-24.94025,NWL_KG,LAK_C,HOMERSTRYKER,NWL,NWL,20250529-HOMERSTRYKER-1,f1cc9ab0-3c9f-11f0-a835-f9cb0487f947,79.91488,NA,NA,6.03875,NA,NA,NA,NA,NA,NA,45d07472-c160-48e7-9a7d-8b154baa4dec,2025-05-29,15:16:50,2025-05-29T15:16:50Z,2025-05-29T15:16:50Z,NA,v3,NA,NA,NA,"Reynolds, Drew",1000120249,Right,LAK_C,8924f424-580a-4a90-a2e4-dd2b62ccc871,54.49144,-117.24227,10.02029,5.04681,-2.31392,-12.47012,-2.22808,8.37792,-6.56472,NA,NA,NA,NA,NA,NA,NA,NA,NA,NA,NA,NA,NA,NA,NA,NA,NA,NA,NA,NA,NA,NA,NA,NA,NA,NA,NA,NA,NA,NA,NA,NA,NA,NA,NA,NA,NA,NA,NA,NA,NA,NA,NA,NA,NA,NA,NA,NA,NA,NA,High,High,High,NA,NA,NA,NA,NA,NA,NA,NA,NA,NA,NA,NA,NA,NA,NA,NA,NA,NA,NA,NA,NA,NA,NA,NA,NA,NA,NA,NA,NA,NA,NA,NA,NA,NA,NA,NA,NA,NA,NA,NA,NA,NA,NA,NA,NA,NA,NA,NA,NA,NA,NA,NA,NA,NA,NA,NA,NA,NA
NA,NA,NA,NA,NA,NA,NA,NA,NA,NA,NA,NA,NA,NA,NA,NA,26,2025-05-29,11:17:08,3,2,"Thomas, Koehn",1000322765,Right,LAK_C,"Johnson, Trevor",815427,Left,NWL_KG,Undefined,1,Bottom,2,1,0,Undefined,Sinker,StrikeCalled,Undefined,Undefined,Undefined,0,0,NA,88.29925,-0.905923,-3.577042,2517.518805,233.391574,01:45:00,5.33832,2.17506,5.86407,-22.35997,13.38741,16.56276,2.6317,0.22802,81.08721,-5.089263,-0.612126,0.430322,NA,NA,NA,NA,NA,NA,NA,NA,NA,NA,NA,-9.40119,7.41563,-1.89454,50,5.25171,7.31789,-128.13339,-2.74733,-15.7254,24.95607,-19.76991,NWL_KG,LAK_C,HOMERSTRYKER,NWL,NWL,20250529-HOMERSTRYKER-1,fcc30030-3c9f-11f0-a835-f9cb0487f947,87.59125,NA,NA,7.21204,NA,NA,NA,NA,NA,NA,45d07472-c160-48e7-9a7d-8b154baa4dec,2025-05-29,15:17:08,2025-05-29T15:17:08Z,2025-05-29T15:17:08Z,NA,v3,NA,NA,NA,"Reynolds, Drew",1000120249,Right,LAK_C,46257606-28af-42a9-91b2-8ea5bf02ecbb,54.63557,-129.03309,12.47804,5.33791,-2.03461,-9.88496,-2.16858,7.88481,-7.8627,NA,NA,NA,NA,NA,NA,NA,NA,NA,NA,NA,NA,NA,NA,NA,NA,NA,NA,NA,NA,NA,NA,NA,NA,NA,NA,NA,NA,NA,NA,NA,NA,NA,NA,NA,NA,NA,NA,NA,NA,NA,NA,NA,NA,NA,NA,NA,NA,NA,NA,High,High,High,NA,NA,NA,NA,NA,NA,NA,NA,NA,NA,NA,NA,NA,NA,NA,NA,NA,NA,NA,NA,NA,NA,NA,NA,NA,NA,NA,NA,NA,NA,NA,NA,NA,NA,NA,NA,NA,NA,NA,NA,NA,NA,NA,NA,NA,NA,NA,NA,NA,NA,NA,NA,NA,NA,NA,NA,NA,NA
NA,NA,NA,NA,NA,NA,NA,NA,NA,NA,NA,NA,NA,NA,NA,NA,27,2025-05-29,11:17:28,3,3,"Thomas, Koehn",1000322765,Right,LAK_C,"Johnson, Trevor",815427,Left,NWL_KG,Undefined,1,Bottom,2,1,1,Undefined,Sinker,StrikeSwinging,Undefined,Undefined,Undefined,0,0,NA,88.70143,-1.113413,-3.28782,2479.804606,240.32403,02:00:00,5.29088,2.18781,5.84397,-23.69206,11.83816,18.83485,2.27999,0.6986,81.29787,-5.535612,0.085286,0.429013,NA,NA,NA,NA,NA,NA,NA,NA,NA,NA,NA,-10.5254,6.6863,-1.93118,50,5.18619,6.60387,-128.72287,-3.28475,-17.71219,25.97928,-20.92232,NWL_KG,LAK_C,HOMERSTRYKER,NWL,NWL,20250529-HOMERSTRYKER-1,08789700-3ca0-11f0-a835-f9cb0487f947,87.85854,NA,NA,7.40356,NA,NA,NA,NA,NA,NA,45d07472-c160-48e7-9a7d-8b154baa4dec,2025-05-29,15:17:28,2025-05-29T15:17:28Z,2025-05-29T15:17:28Z,NA,v3,NA,NA,NA,"Reynolds, Drew",1000120249,Right,LAK_C,6ae4ce4f-a8a6-4b00-8ffa-932a2b88dd20,54.65601,-129.65916000000001,12.98964,5.29099,-2.53072,-10.46116,-2.18069,7.24221,-8.8561,NA,NA,NA,NA,NA,NA,NA,NA,NA,NA,NA,NA,NA,NA,NA,NA,NA,NA,NA,NA,NA,NA,NA,NA,NA,NA,NA,NA,NA,NA,NA,NA,NA,NA,NA,NA,NA,NA,NA,NA,NA,NA,NA,NA,NA,NA,NA,NA,NA,NA,High,High,High,NA,NA,NA,NA,NA,NA,NA,NA,NA,NA,NA,NA,NA,NA,NA,NA,NA,NA,NA,NA,NA,NA,NA,NA,NA,NA,NA,NA,NA,NA,NA,NA,NA,NA,NA,NA,NA,NA,NA,NA,NA,NA,NA,NA,NA,NA,NA,NA,NA,NA,NA,NA,NA,NA,NA,NA,NA,NA
NA,NA,NA,NA,NA,NA,NA,NA,NA,NA,NA,NA,NA,NA,NA,NA,28,2025-05-29,11:17:53,3,4,"Thomas, Koehn",1000322765,Right,LAK_C,"Johnson, Trevor",815427,Left,NWL_KG,Undefined,1,Bottom,2,1,2,Undefined,Slider,BallCalled,Undefined,Undefined,Undefined,0,0,NA,79.72176,0.949383,-3.091019,2902.319912,126.972569,10:15:00,5.04319,2.14901,4.96939,-39.62435,5.67406,-5.80071,2.63932,-1.25694,73.58238,-6.23079,-4.111476,0.48441,NA,NA,NA,NA,NA,NA,NA,NA,NA,NA,NA,2.13099,2.86134,-1.84483,50,5.10232,6.47503,-115.62779,0.51883,2.9035,20.2657,-28.27546,NWL_KG,LAK_C,HOMERSTRYKER,NWL,NWL,20250529-HOMERSTRYKER-1,17817780-3ca0-11f0-a835-f9cb0487f947,77.81105,NA,NA,6.13938,NA,NA,NA,NA,NA,NA,45d07472-c160-48e7-9a7d-8b154baa4dec,2025-05-29,15:17:53,2025-05-29T15:17:53Z,2025-05-29T15:17:53Z,NA,v3,NA,NA,NA,"Reynolds, Drew",1000120249,Right,LAK_C,ad85e023-d2ba-44f5-92d5-3fb647dcbb7c,55.5324,-116.59341,10.13285,5.0455,1.86609,-14.13773,-2.15006,6.33669,1.45175,NA,NA,NA,NA,NA,NA,NA,NA,NA,NA,NA,NA,NA,NA,NA,NA,NA,NA,NA,NA,NA,NA,NA,NA,NA,NA,NA,NA,NA,NA,NA,NA,NA,NA,NA,NA,NA,NA,NA,NA,NA,NA,NA,NA,NA,NA,NA,NA,NA,NA,High,High,High,NA,NA,NA,NA,NA,NA,NA,NA,NA,NA,NA,NA,NA,NA,NA,NA,NA,NA,NA,NA,NA,NA,NA,NA,NA,NA,NA,NA,NA,NA,NA,NA,NA,NA,NA,NA,NA,NA,NA,NA,NA,NA,NA,NA,NA,NA,NA,NA,NA,NA,NA,NA,NA,NA,NA,NA,NA,NA
NA,NA,NA,NA,NA,NA,NA,NA,NA,NA,NA,NA,NA,NA,NA,NA,29,2025-05-29,11:18:13,3,5,"Thomas, Koehn",1000322765,Right,LAK_C,"Johnson, Trevor",815427,Left,NWL_KG,Undefined,1,Bottom,2,2,2,Undefined,Sinker,BallCalled,Undefined,Undefined,Undefined,0,0,NA,89.26368,-1.034764,-4.800427,2479.249455,224.98632,01:30:00,5.25268,2.08197,5.96191,-18.38757,16.71804,15.58855,2.75741,-1.08066,81.49883,-4.521005,-2.012823,0.426442,NA,NA,NA,NA,NA,NA,NA,NA,NA,NA,NA,-9.2665,9.18536,-1.7088,50,5.15995,10.19459,-129.27213,-2.88627,-15.71193,26.445430000000002,-16.59969,NWL_KG,LAK_C,HOMERSTRYKER,NWL,NWL,20250529-HOMERSTRYKER-1,239beaa0-3ca0-11f0-a835-f9cb0487f947,88.38825,NA,NA,7.76485,NA,NA,NA,NA,NA,NA,45d07472-c160-48e7-9a7d-8b154baa4dec,2025-05-29,15:18:13,2025-05-29T15:18:13Z,2025-05-29T15:18:13Z,NA,v3,NA,NA,NA,"Reynolds, Drew",1000120249,Right,LAK_C,90398221-e1a0-4563-aa9b-716a564bc606,54.53633,-130.19683,13.22272,5.25073,-2.30584,-8.29985,-2.07487,10.74398,-7.85596,NA,NA,NA,NA,NA,NA,NA,NA,NA,NA,NA,NA,NA,NA,NA,NA,NA,NA,NA,NA,NA,NA,NA,NA,NA,NA,NA,NA,NA,NA,NA,NA,NA,NA,NA,NA,NA,NA,NA,NA,NA,NA,NA,NA,NA,NA,NA,NA,NA,NA,High,High,High,NA,NA,NA,NA,NA,NA,NA,NA,NA,NA,NA,NA,NA,NA,NA,NA,NA,NA,NA,NA,NA,NA,NA,NA,NA,NA,NA,NA,NA,NA,NA,NA,NA,NA,NA,NA,NA,NA,NA,NA,NA,NA,NA,NA,NA,NA,NA,NA,NA,NA,NA,NA,NA,NA,NA,NA,NA,NA
NA,NA,NA,NA,NA,NA,NA,NA,NA,NA,NA,NA,NA,NA,NA,NA,30,2025-05-29,11:18:35,3,6,"Thomas, Koehn",1000322765,Right,LAK_C,"Johnson, Trevor",815427,Left,NWL_KG,Undefined,1,Bottom,2,3,2,Undefined,Changeup,FoulBallNotFieldable,Undefined,Undefined,Undefined,0,0,NA,87.78308,-1.34506,-3.23087,2488.786185,237.372104,02:00:00,5.2793,2.36891,5.50349,-24.91116,11.56568,16.42517,1.94317,0.71277,81.10723,-5.940717,-0.307835,0.43469,75.07743,33.351707,-76.686017,4225.053297,13.99849,46.91117,-109.10564,250.79916,97.08539,-90.148972,3.404209,-9.1426,6.49461,-2.09812,50,5.14485,6.49537,-127.42615,-3.86561,-15.2013,23.42785,-21.37553,NWL_KG,LAK_C,HOMERSTRYKER,NWL,NWL,20250529-HOMERSTRYKER-1,303e7980-3ca0-11f0-a835-f9cb0487f947,86.71101,48.30033,NA,6.67585,NA,NA,NA,1.0504,2.0466,-0.73342,45d07472-c160-48e7-9a7d-8b154baa4dec,2025-05-29,15:18:35,2025-05-29T15:18:35Z,2025-05-29T15:18:35Z,FlyBall,v3,NA,NA,NA,"Reynolds, Drew",1000120249,Right,LAK_C,6a24d1c9-521b-4cc8-81e6-8e0bd0bc3804,54.99755,-128.34168,11.71393,5.27959,-3.03028,-10.68776,-2.36356,7.08942,-7.60065,NA,1.05036,21.18148,-11.31155,2.66387,-0.6482,0.198,-0.06313,0.01189,-8.9e-4,2.0468,60.53136,-22.39589,2.11934,-0.32536,-0.00191,0.01731,-0.00343,2e-4,-0.73286,-89.52686,7.02791,-1.35756,0.55621,-0.27821,0.09545,-0.0173,0.00124,NA,NA,NA,NA,NA,NA,NA,NA,NA,NA,NA,NA,NA,NA,NA,NA,NA,NA,NA,NA,NA,NA,High,High,High,High,Low,NA,NA,NA,NA,NA,NA,NA,NA,NA,NA,NA,NA,NA,NA,NA,NA,NA,NA,NA,NA,NA,NA,NA,NA,NA,NA,NA,NA,NA,NA,NA,NA,NA,NA,NA,NA,NA,NA,NA,NA,NA,NA,NA,NA,NA,NA,NA,NA,NA,NA,NA,NA,NA,NA,NA,NA
NA,NA,NA,NA,NA,NA,NA,NA,NA,NA,NA,NA,NA,NA,NA,NA,31,2025-05-29,11:18:53,3,7,"Thomas, Koehn",1000322765,Right,LAK_C,"Johnson, Trevor",815427,Left,NWL_KG,Undefined,1,Bottom,2,3,2,Undefined,Sinker,BallCalled,Walk,Undefined,Undefined,0,0,NA,88.60456,0.990197,-3.053936,2392.687338,228.152852,01:30:00,5.26111,2.32121,5.78389,-21.6608,13.954650000000001,14.3865,4.37869,0.67612,81.11816,-3.072883,-0.482265,0.429527,NA,NA,NA,NA,NA,NA,NA,NA,NA,NA,NA,-8.10583,7.1754,-2.07786,50,5.32981,6.24314,-128.592,1.52878,-13.64585,25.31972,-20.09454,NWL_KG,LAK_C,HOMERSTRYKER,NWL,NWL,20250529-HOMERSTRYKER-1,3b62f3e0-3ca0-11f0-a835-f9cb0487f947,87.75336,NA,NA,7.48639,NA,NA,NA,NA,NA,NA,45d07472-c160-48e7-9a7d-8b154baa4dec,2025-05-29,15:18:53,2025-05-29T15:18:53Z,2025-05-29T15:18:53Z,NA,v3,NA,NA,NA,"Reynolds, Drew",1000120249,Right,LAK_C,ba48b939-025a-499e-98a4-582ab547127a,54.71462,-129.51697,12.65986,5.26055,2.26288,-10.04727,-2.31504,6.74165,-6.82292,NA,NA,NA,NA,NA,NA,NA,NA,NA,NA,NA,NA,NA,NA,NA,NA,NA,NA,NA,NA,NA,NA,NA,NA,NA,NA,NA,NA,NA,NA,NA,NA,NA,NA,NA,NA,NA,NA,NA,NA,NA,NA,NA,NA,NA,NA,NA,NA,NA,NA,High,High,High,NA,NA,NA,NA,NA,NA,NA,NA,NA,NA,NA,NA,NA,NA,NA,NA,NA,NA,NA,NA,NA,NA,NA,NA,NA,NA,NA,NA,NA,NA,NA,NA,NA,NA,NA,NA,NA,NA,NA,NA,NA,NA,NA,NA,NA,NA,NA,NA,NA,NA,NA,NA,NA,NA,NA,NA,NA,NA
NA,NA,NA,NA,NA,NA,NA,NA,NA,NA,NA,NA,NA,NA,NA,NA,32,2025-05-29,11:19:28,4,1,"Thomas, Koehn",1000322765,Right,LAK_C,"Sprockett, Michael",1000119908,Left,NWL_KG,Undefined,1,Bottom,2,0,0,Undefined,Changeup,FoulBallNotFieldable,Undefined,Undefined,Undefined,0,0,NA,85.34503,0.134358,-2.672024,2347.129922,236.012249,01:45:00,5.23006,2.12336,5.78405,-26.7834,12.04658,15.9058,3.12324,0.96109,77.38117,-4.882444,0.174228,0.448492,81.38533,38.840808,-51.00973,3169.380186,62.32488,69.3424,-90.63999,292.29903,117.64171,-61.837944,4.535471,-8.93473,6.48469,-1.91278,50,5.22517,5.12468,-123.77986,-0.56453,-13.74643,26.62771,-22.19709,NWL_KG,LAK_C,HOMERSTRYKER,NWL,NWL,20250529-HOMERSTRYKER-1,5056dff0-3ca0-11f0-a835-f9cb0487f947,84.04256,78.25468,NA,7.96386,NA,NA,NA,1.09124,3.6789,-1.29118,45d07472-c160-48e7-9a7d-8b154baa4dec,2025-05-29,15:19:28,2025-05-29T15:19:28Z,2025-05-29T15:19:28Z,FlyBall,v3,NA,NA,NA,"Reynolds, Drew",1000120249,Right,LAK_C,6b7259ad-e7bd-4346-801f-55fa0dc762ad,54.71418,-124.78986,13.31385,5.23062,0.27742,-11.09855,-2.11704,5.64609,-6.87322,NA,1.09182,58.48269,-13.216,3.00931,-0.56269,0.10756,-0.02895,0.00551,-4e-4,3.6797,74.84,-21.73013,1.88896,-0.18961,-0.06204,0.03293,-0.00545,3.1e-4,-1.293,-72.22474,5.89162,-0.73563,-0.02873,0.04632,-0.00816,2e-5,7e-5,NA,NA,NA,NA,NA,NA,NA,NA,NA,NA,NA,NA,NA,NA,NA,NA,NA,NA,NA,NA,NA,NA,High,High,High,High,Low,NA,NA,NA,NA,NA,NA,NA,NA,NA,NA,NA,NA,NA,NA,NA,NA,NA,NA,NA,NA,NA,NA,NA,NA,NA,NA,NA,NA,NA,NA,NA,NA,NA,NA,NA,NA,NA,NA,NA,NA,NA,NA,NA,NA,NA,NA,NA,NA,NA,NA,NA,NA,NA,NA,NA,NA
NA,NA,NA,NA,NA,NA,NA,NA,NA,NA,NA,NA,NA,NA,NA,NA,33,2025-05-29,11:19:53,4,2,"Thomas, Koehn",1000322765,Right,LAK_C,"Sprockett, Michael",1000119908,Left,NWL_KG,Undefined,1,Bottom,2,0,1,Undefined,Changeup,BallCalled,Undefined,Undefined,Undefined,0,0,NA,84.72054,0.825016,-2.128126,2363.105368,232.555055,01:45:00,5.11881,2.07844,5.90522,-25.58938,13.30394,15.78162,3.75277,1.41723,77.35378,-3.976845,0.702884,0.448858,NA,NA,NA,NA,NA,NA,NA,NA,NA,NA,NA,-8.62264,6.95158,-1.91624,50,5.1705,3.92803,-123.01219,0.98483,-13.21844,24.29372,-21.51735,NWL_KG,LAK_C,HOMERSTRYKER,NWL,NWL,20250529-HOMERSTRYKER-1,5ee0f380-3ca0-11f0-a835-f9cb0487f947,83.97409,NA,NA,7.36676,NA,NA,NA,NA,NA,NA,45d07472-c160-48e7-9a7d-8b154baa4dec,2025-05-29,15:19:53,2025-05-29T15:19:53Z,2025-05-29T15:19:53Z,NA,v3,NA,NA,NA,"Reynolds, Drew",1000120249,Right,LAK_C,53bbfadb-e8cc-47ee-b652-b7b1e7f05ee1,54.59256,-123.91586,12.14686,5.11898,1.78522,-10.75868,-2.0715,4.41973,-6.60922,NA,NA,NA,NA,NA,NA,NA,NA,NA,NA,NA,NA,NA,NA,NA,NA,NA,NA,NA,NA,NA,NA,NA,NA,NA,NA,NA,NA,73.41296,NA,0.884992,NA,-1.98175,3.50607,-1.46429,-2.74857,5.95498,0.41529,NA,NA,NA,-2.6066,105.58362,-9.71203,5.98257,10.02358,-11.9977,0.3511,-1.26973,3.10978,High,High,High,NA,NA,High,High,High,NA,NA,NA,NA,NA,NA,NA,NA,NA,NA,NA,NA,NA,NA,NA,NA,NA,NA,NA,NA,NA,NA,NA,NA,NA,NA,NA,NA,NA,NA,NA,NA,NA,NA,NA,NA,NA,NA,NA,NA,NA,NA,NA,NA,NA,NA,NA,NA,NA,NA,NA,NA,NA
NA,NA,NA,NA,NA,NA,NA,NA,NA,NA,NA,NA,NA,NA,NA,NA,34,2025-05-29,11:20:28,4,3,"Thomas, Koehn",1000322765,Right,LAK_C,"Sprockett, Michael",1000119908,Left,NWL_KG,Undefined,1,Bottom,2,1,1,Undefined,Curveball,BallCalled,Undefined,Undefined,Undefined,0,0,NA,76.28231,3.172663,-1.749985,2668.943562,60.749221,08:00:00,5.03406,2.25933,5.10279,-51.47904,-2.48488,-6.80752,3.73804,0.0426,70.63048,-6.13669,-2.951946,0.503783,NA,NA,NA,NA,NA,NA,NA,NA,NA,NA,NA,2.95748,-1.57413,-2.08869,50,5.29312,3.65078,-110.67999,4.35179,3.71593,17.36574,-34.1519,NWL_KG,LAK_C,HOMERSTRYKER,NWL,NWL,20250529-HOMERSTRYKER-1,73f64a40-3ca0-11f0-a835-f9cb0487f947,74.81878,NA,NA,5.65183,NA,NA,NA,NA,NA,NA,45d07472-c160-48e7-9a7d-8b154baa4dec,2025-05-29,15:20:28,2025-05-29T15:20:28Z,2025-05-29T15:20:28Z,NA,v3,NA,NA,NA,"Reynolds, Drew",1000120249,Right,LAK_C,0a037a72-06bb-42f5-a8ba-28fe6e4c785f,55.39835,-111.52377,8.68287,5.04136,6.01121,-17.07595,-2.26169,3.47023,1.85797,NA,NA,NA,NA,NA,NA,NA,NA,NA,NA,NA,NA,NA,NA,NA,NA,NA,NA,NA,NA,NA,NA,NA,NA,NA,NA,NA,NA,NA,NA,NA,NA,NA,NA,NA,NA,NA,NA,NA,NA,NA,NA,NA,NA,NA,NA,NA,NA,NA,NA,High,High,High,NA,NA,NA,NA,NA,NA,NA,NA,NA,NA,NA,NA,NA,NA,NA,NA,NA,NA,NA,NA,NA,NA,NA,NA,NA,NA,NA,NA,NA,NA,NA,NA,NA,NA,NA,NA,NA,NA,NA,NA,NA,NA,NA,NA,NA,NA,NA,NA,NA,NA,NA,NA,NA,NA,NA,NA,NA,NA
NA,NA,NA,NA,NA,NA,NA,NA,NA,NA,NA,NA,NA,NA,NA,NA,35,2025-05-29,11:20:47,4,4,"Thomas, Koehn",1000322765,Right,LAK_C,"Sprockett, Michael",1000119908,Left,NWL_KG,Undefined,1,Bottom,2,2,1,Undefined,Curveball,BallCalled,Undefined,Undefined,Undefined,0,0,NA,76.92631,0.997192,-0.841681,2806.170603,75.874347,08:30:00,4.9647,2.38502,5.16658,-48.45636,-0.41382,-7.00926,1.86536,1.00872,71.34534,-7.773964,-2.083985,0.498866,NA,NA,NA,NA,NA,NA,NA,NA,NA,NA,NA,3.31236,-0.10122,-2.30088,50,5.02009,1.91311,-111.78608,0.28748,4.23023,18.4008,-32.30334,NWL_KG,LAK_C,HOMERSTRYKER,NWL,NWL,20250529-HOMERSTRYKER-1,7f60ce50-3ca0-11f0-a835-f9cb0487f947,75.55618,NA,NA,5.58097,NA,NA,NA,NA,NA,NA,45d07472-c160-48e7-9a7d-8b154baa4dec,2025-05-29,15:20:47,2025-05-29T15:20:47Z,2025-05-29T15:20:47Z,NA,v3,NA,NA,NA,"Reynolds, Drew",1000120249,Right,LAK_C,5445804d-580f-41a3-82c2-78c0520f7cba,55.3349,-112.66082,9.2004,4.96992,1.82312,-16.15167,-2.38705,1.71202,2.11511,NA,NA,NA,NA,NA,NA,NA,NA,NA,NA,NA,NA,NA,NA,NA,NA,NA,NA,NA,NA,NA,NA,NA,NA,NA,NA,NA,NA,NA,NA,NA,NA,NA,NA,NA,NA,NA,NA,NA,NA,NA,NA,NA,NA,NA,NA,NA,NA,NA,NA,High,High,High,NA,NA,NA,NA,NA,NA,NA,NA,NA,NA,NA,NA,NA,NA,NA,NA,NA,NA,NA,NA,NA,NA,NA,NA,NA,NA,NA,NA,NA,NA,NA,NA,NA,NA,NA,NA,NA,NA,NA,NA,NA,NA,NA,NA,NA,NA,NA,NA,NA,NA,NA,NA,NA,NA,NA,NA,NA,NA
NA,NA,NA,NA,NA,NA,NA,NA,NA,NA,NA,NA,NA,NA,NA,NA,36,2025-05-29,11:21:13,4,5,"Thomas, Koehn",1000322765,Right,LAK_C,"Sprockett, Michael",1000119908,Left,NWL_KG,Undefined,1,Bottom,2,3,1,Undefined,Changeup,StrikeSwinging,Undefined,Undefined,Undefined,0,0,NA,87.2187,0.043199,-2.716125,2460.883201,233.740192,01:45:00,5.18033,2.16492,5.72079,-23.95623,12.86942,16.02174,3.22426,0.96819,79.96529,-4.427383,0.147094,0.436764,NA,NA,NA,NA,NA,NA,NA,NA,NA,NA,NA,-8.82851,6.87555,-1.94774,50,5.16918,5.3243,-126.62558,-0.69006,-14.40541,24.65174,-20.95525,NWL_KG,LAK_C,HOMERSTRYKER,NWL,NWL,20250529-HOMERSTRYKER-1,8e614a60-3ca0-11f0-a835-f9cb0487f947,86.29934,NA,NA,7.2534,NA,NA,NA,NA,NA,NA,45d07472-c160-48e7-9a7d-8b154baa4dec,2025-05-29,15:21:13,2025-05-29T15:21:13Z,2025-05-29T15:21:13Z,NA,v3,NA,NA,NA,"Reynolds, Drew",1000120249,Right,LAK_C,e35a9907-969d-4a52-ba62-b5314d6e8cc2,54.77781,-127.55234,12.32587,5.18031,0.09774,-10.47762,-2.15808,5.86586,-7.2027,NA,NA,NA,NA,NA,NA,NA,NA,NA,NA,NA,NA,NA,NA,NA,NA,NA,NA,NA,NA,NA,NA,NA,NA,NA,NA,NA,NA,NA,NA,NA,NA,NA,NA,NA,NA,NA,NA,NA,NA,NA,NA,NA,NA,NA,NA,NA,NA,NA,NA,High,High,High,NA,NA,NA,NA,NA,NA,NA,NA,NA,NA,NA,NA,NA,NA,NA,NA,NA,NA,NA,NA,NA,NA,NA,NA,NA,NA,NA,NA,NA,NA,NA,NA,NA,NA,NA,NA,NA,NA,NA,NA,NA,NA,NA,NA,NA,NA,NA,NA,NA,NA,NA,NA,NA,NA,NA,NA,NA,NA
NA,NA,NA,NA,NA,NA,NA,NA,NA,NA,NA,NA,NA,NA,NA,NA,37,2025-05-29,11:22:19,4,6,"Thomas, Koehn",1000322765,Right,LAK_C,"Sprockett, Michael",1000119908,Left,NWL_KG,Undefined,1,Bottom,2,3,2,Undefined,Changeup,InPlay,Undefined,LineDrive,Single,0,1,NA,86.8686,-0.708089,-3.148304,2443.407874,235.869496,01:45:00,5.22829,2.10551,5.77671,-23.94033,13.3178,17.87899,2.57336,0.66301,79.3125,-5.188428,0.049471,0.439321,81.0464,14.593437,-0.709546,805.96978,109.87182,10.28354,-5.30858,150.5146,150.5146,-3.230294,1.541893,-10.03882,7.34693,-1.8565,50,5.15536,6.19441,-126.03251,-2.32888,-16.13175,25.83791,-20.36802,NWL_KG,LAK_C,HOMERSTRYKER,NWL,NWL,20250529-HOMERSTRYKER-1,b5c6e470-3ca0-11f0-a835-f9cb0487f947,85.79705,12.74185,NA,7.55611,NA,NA,NA,1.51195,2.52811,-0.66624,45d07472-c160-48e7-9a7d-8b154baa4dec,2025-05-29,15:22:19,2025-05-29T15:22:19Z,2025-05-29T15:22:19Z,LineDrive,v3,NA,NA,NA,"Reynolds, Drew",1000120249,Right,LAK_C,1d600069-4d79-409d-ad23-8cd08abc990b,54.72295,-126.99707,12.91895,5.22811,-1.56852,-10.18401,-2.09898,6.79662,-8.06587,48.188806,1.51195,115.02385,-14.49031,2.10117,-0.31823,-0.11643,0.14699,-0.06542,0.01096,2.52811,29.9495,-23.51318,2.56225,-0.43077,-0.08921,0.16027,-0.07479,0.01282,-0.66624,-1.42503,-3.89631,1.31195,-0.09272,-0.36357,0.38365,-0.17228,0.02952,NA,NA,NA,NA,NA,NA,NA,NA,NA,NA,NA,NA,NA,NA,NA,NA,NA,NA,NA,NA,NA,NA,High,High,High,High,High,NA,NA,NA,NA,NA,NA,NA,NA,NA,NA,NA,NA,NA,NA,NA,NA,NA,NA,NA,NA,NA,NA,NA,NA,NA,NA,NA,NA,NA,NA,NA,NA,NA,NA,NA,NA,NA,NA,NA,NA,NA,NA,NA,NA,NA,NA,NA,NA,NA,NA,NA,NA,NA,NA,NA,NA
NA,NA,NA,NA,NA,NA,NA,NA,NA,NA,NA,NA,NA,NA,NA,NA,38,2025-05-29,11:23:10,5,1,"Thomas, Koehn",1000322765,Right,LAK_C,"Thielman, Avery",1000215893,Right,NWL_KG,Undefined,1,Bottom,2,0,0,Undefined,Changeup,StrikeCalled,Undefined,Undefined,Undefined,0,0,NA,86.92139,-0.977975,-3.698032,2412.904817,232.303729,01:45:00,5.25921,2.04256,5.84461,-21.01501,16.18832,19.36788,2.59714,0.21517,79.19957,-4.944743,-0.232799,0.438998,NA,NA,NA,NA,NA,NA,NA,NA,NA,NA,NA,-10.87323,8.898,-1.75238,50,5.16716,7.32556,-126.00534,-2.79106,-17.45555,25.95645,-17.88944,NWL_KG,LAK_C,HOMERSTRYKER,NWL,NWL,20250529-HOMERSTRYKER-1,d4022670-3ca0-11f0-a835-f9cb0487f947,85.86018,NA,NA,7.72182,NA,NA,NA,NA,NA,NA,45d07472-c160-48e7-9a7d-8b154baa4dec,2025-05-29,15:23:10,2025-05-29T15:23:10Z,2025-05-29T15:23:10Z,NA,v3,NA,NA,NA,"Reynolds, Drew",1000120249,Right,LAK_C,ad830c7f-9f62-49c2-a1e3-c0938377c28f,54.65342,-126.9603,12.97823,5.25774,-2.13289,-8.94472,-2.03371,7.96777,-8.72778,NA,NA,NA,NA,NA,NA,NA,NA,NA,NA,NA,NA,NA,NA,NA,NA,NA,NA,NA,NA,NA,NA,NA,NA,NA,NA,NA,NA,NA,NA,NA,NA,NA,NA,NA,NA,NA,NA,NA,NA,NA,NA,NA,NA,NA,NA,NA,NA,NA,NA,High,High,High,NA,NA,NA,NA,NA,NA,NA,NA,NA,NA,NA,NA,NA,NA,NA,NA,NA,NA,NA,NA,NA,NA,NA,NA,NA,NA,NA,NA,NA,NA,NA,NA,NA,NA,NA,NA,NA,NA,NA,NA,NA,NA,NA,NA,NA,NA,NA,NA,NA,NA,NA,NA,NA,NA,NA,NA,NA,NA
NA,NA,NA,NA,NA,NA,NA,NA,NA,NA,NA,NA,NA,NA,NA,NA,39,2025-05-29,11:23:27,5,2,"Thomas, Koehn",1000322765,Right,LAK_C,"Thielman, Avery",1000215893,Right,NWL_KG,Undefined,1,Bottom,2,0,1,Undefined,Slider,BallCalled,Undefined,Undefined,Undefined,0,0,NA,78.71847,2.915514,-0.779756,2712.886682,77.296899,08:30:00,5.15099,2.29866,4.96025,-46.3888,-0.14634,-6.29398,4.04229,1.03745,72.73172,-5.472195,-1.888999,0.489431,NA,NA,NA,NA,NA,NA,NA,NA,NA,NA,NA,2.9089,-0.34969,-2.21781,50,5.39522,1.81814,-114.23051,4.1307,3.89157,18.57794,-32.64186,NWL_KG,LAK_C,HOMERSTRYKER,NWL,NWL,20250529-HOMERSTRYKER-1,de8de340-3ca0-11f0-a835-f9cb0487f947,77.01271,NA,NA,5.98675,NA,NA,NA,NA,NA,NA,45d07472-c160-48e7-9a7d-8b154baa4dec,2025-05-29,15:23:27,2025-05-29T15:23:27Z,2025-05-29T15:23:27Z,NA,v3,NA,NA,NA,"Reynolds, Drew",1000120249,Right,LAK_C,69006dcd-4b9c-4906-aac6-75941fa93728,55.53963,-115.12792,9.28897,5.1576,5.70748,-16.32093,-2.30109,1.63016,1.94579,NA,NA,NA,NA,NA,NA,NA,NA,NA,NA,NA,NA,NA,NA,NA,NA,NA,NA,NA,NA,NA,NA,NA,NA,NA,NA,NA,NA,NA,NA,NA,NA,NA,NA,NA,NA,NA,NA,NA,NA,NA,NA,NA,NA,NA,NA,NA,NA,NA,NA,High,High,High,NA,NA,NA,NA,NA,NA,NA,NA,NA,NA,NA,NA,NA,NA,NA,NA,NA,NA,NA,NA,NA,NA,NA,NA,NA,NA,NA,NA,NA,NA,NA,NA,NA,NA,NA,NA,NA,NA,NA,NA,NA,NA,NA,NA,NA,NA,NA,NA,NA,NA,NA,NA,NA,NA,NA,NA,NA,NA
NA,NA,NA,NA,NA,NA,NA,NA,NA,NA,NA,NA,NA,NA,NA,NA,40,2025-05-29,11:23:45,5,3,"Thomas, Koehn",1000322765,Right,LAK_C,"Thielman, Avery",1000215893,Right,NWL_KG,Undefined,1,Bottom,2,1,1,Undefined,Sinker,BallCalled,Undefined,Undefined,Undefined,0,0,NA,88.55072,-0.054953,-5.052577,2480.34809,229.406873,01:45:00,5.29322,2.0739,5.79187,-19.90643,16.20292,17.49591,3.58303,-1.18036,80.32707,-3.821236,-1.935786,0.432495,NA,NA,NA,NA,NA,NA,NA,NA,NA,NA,NA,-10.26032,8.60367,-1.66715,50,5.27677,10.55432,-128.09558,-0.72988,-16.99655,27.20295,-17.92179,NWL_KG,LAK_C,HOMERSTRYKER,NWL,NWL,20250529-HOMERSTRYKER-1,e958a4e0-3ca0-11f0-a835-f9cb0487f947,87.1511,NA,NA,8.22365,NA,NA,NA,NA,NA,NA,45d07472-c160-48e7-9a7d-8b154baa4dec,2025-05-29,15:23:45,2025-05-29T15:23:45Z,2025-05-29T15:23:45Z,NA,v3,NA,NA,NA,"Reynolds, Drew",1000120249,Right,LAK_C,bfe02f24-dadc-4d13-a815-f4373690a63f,54.70472,-129.09083,13.60148,5.29148,-0.0742,-8.9609,-2.06467,11.17616,-8.49827,NA,NA,NA,NA,NA,NA,NA,NA,NA,NA,NA,NA,NA,NA,NA,NA,NA,NA,NA,NA,NA,NA,NA,NA,NA,NA,NA,NA,NA,NA,NA,NA,NA,NA,NA,NA,NA,NA,NA,NA,NA,NA,NA,NA,NA,NA,NA,NA,NA,NA,High,High,High,NA,NA,NA,NA,NA,NA,NA,NA,NA,NA,NA,NA,NA,NA,NA,NA,NA,NA,NA,NA,NA,NA,NA,NA,NA,NA,NA,NA,NA,NA,NA,NA,NA,NA,NA,NA,NA,NA,NA,NA,NA,NA,NA,NA,NA,NA,NA,NA,NA,NA,NA,NA,NA,NA,NA,NA,NA,NA
NA,NA,NA,NA,NA,NA,NA,NA,NA,NA,NA,NA,NA,NA,NA,NA,41,2025-05-29,11:24:43,5,4,"Thomas, Koehn",1000322765,Right,LAK_C,"Thielman, Avery",1000215893,Right,NWL_KG,Undefined,1,Bottom,2,2,1,Undefined,Sinker,BallCalled,Undefined,Undefined,Undefined,0,0,NA,87.45664,-2.336075,-4.854977,2430.981912,228.811319,01:45:00,5.26625,1.89766,5.94099,-20.00139,16.85576,17.82194,1.42346,-1.13157,79.54158,-6.122435,-1.66777,0.436951,NA,NA,NA,NA,NA,NA,NA,NA,NA,NA,NA,-10.46965,9.67382,-1.51955,50,5.06804,9.99227,-126.48474,-5.76478,-16.8971,26.70483,-16.56135,NWL_KG,LAK_C,HOMERSTRYKER,NWL,NWL,20250529-HOMERSTRYKER-1,0bb9c2d0-3ca1-11f0-a835-f9cb0487f947,86.26249,NA,NA,7.91506,NA,NA,NA,NA,NA,NA,45d07472-c160-48e7-9a7d-8b154baa4dec,2025-05-29,15:24:43,2025-05-29T15:24:43Z,2025-05-29T15:24:43Z,NA,v3,NA,NA,NA,"Reynolds, Drew",1000120249,Right,LAK_C,dc066c55-ea53-4e18-871c-351ccc225e5a,54.55639,-127.44311,13.35242,5.26426,-5.17044,-8.28068,-1.88903,10.59866,-8.44855,NA,NA,NA,NA,NA,NA,NA,NA,NA,NA,NA,NA,NA,NA,NA,NA,NA,NA,NA,NA,NA,NA,NA,NA,NA,NA,NA,NA,NA,NA,NA,NA,NA,NA,NA,NA,NA,NA,NA,NA,NA,NA,NA,NA,NA,NA,NA,NA,NA,NA,High,High,High,NA,NA,NA,NA,NA,NA,NA,NA,NA,NA,NA,NA,NA,NA,NA,NA,NA,NA,NA,NA,NA,NA,NA,NA,NA,NA,NA,NA,NA,NA,NA,NA,NA,NA,NA,NA,NA,NA,NA,NA,NA,NA,NA,NA,NA,NA,NA,NA,NA,NA,NA,NA,NA,NA,NA,NA,NA,NA
NA,NA,NA,NA,NA,NA,NA,NA,NA,NA,NA,NA,NA,NA,NA,NA,42,2025-05-29,11:25:02,5,5,"Thomas, Koehn",1000322765,Right,LAK_C,"Thielman, Avery",1000215893,Right,NWL_KG,Undefined,1,Bottom,2,3,1,Undefined,Sinker,StrikeSwinging,Undefined,Undefined,Undefined,0,0,NA,86.51671,-1.411974,-4.313318,2409.048084,228.033918,01:30:00,5.08498,2.13467,6.10774,-21.26285,15.94887,16.38068,2.00344,-0.4964,78.93486,-5.435905,-1.371802,0.439047,NA,NA,NA,NA,NA,NA,NA,NA,NA,NA,NA,-9.61008,8.9806,-1.81106,50,4.965,8.79117,-125.3575,-3.71095,-15.28158,25.50345,-17.89348,NWL_KG,LAK_C,HOMERSTRYKER,NWL,NWL,20250529-HOMERSTRYKER-1,174deef0-3ca1-11f0-a835-f9cb0487f947,85.85052,NA,NA,7.58186,NA,NA,NA,NA,NA,NA,45d07472-c160-48e7-9a7d-8b154baa4dec,2025-05-29,15:25:02,2025-05-29T15:25:02Z,2025-05-29T15:25:02Z,NA,v3,NA,NA,NA,"Reynolds, Drew",1000120249,Right,LAK_C,7e953c27-8d23-4062-a845-9e2131a12059,54.39014,-126.24749,12.75173,5.08361,-3.08652,-8.94674,-2.12715,9.32445,-7.64079,NA,NA,NA,NA,NA,NA,NA,NA,NA,NA,NA,NA,NA,NA,NA,NA,NA,NA,NA,NA,NA,NA,NA,NA,NA,NA,NA,NA,NA,NA,NA,NA,NA,NA,NA,NA,NA,NA,NA,NA,NA,NA,NA,NA,NA,NA,NA,NA,NA,NA,High,High,High,NA,NA,NA,NA,NA,NA,NA,NA,NA,NA,NA,NA,NA,NA,NA,NA,NA,NA,NA,NA,NA,NA,NA,NA,NA,NA,NA,NA,NA,NA,NA,NA,NA,NA,NA,NA,NA,NA,NA,NA,NA,NA,NA,NA,NA,NA,NA,NA,NA,NA,NA,NA,NA,NA,NA,NA,NA,NA
NA,NA,NA,NA,NA,NA,NA,NA,NA,NA,NA,NA,NA,NA,NA,NA,43,2025-05-29,11:25:24,5,6,"Thomas, Koehn",1000322765,Right,LAK_C,"Thielman, Avery",1000215893,Right,NWL_KG,Undefined,1,Bottom,2,3,2,Undefined,Four-Seam,FoulBallNotFieldable,Undefined,Undefined,Undefined,0,0,NA,87.37654,-1.647765,-3.412418,2380.517602,220.208289,01:15:00,5.23735,2.00261,5.88195,-19.75954,16.73269,13.20481,2.05738,-0.06969,80.28749,-5.366585,-1.047836,0.434782,77.06265,15.708325,60.660688,5151.638474,43.53446,16.22423,101.01796,177.22461,133.8346,71.138595,2.123808,-7.67748,9.34587,-1.73465,50,5.09266,7.02197,-126.77819,-4.25234,-12.57045,24.46015,-16.8719,NWL_KG,LAK_C,HOMERSTRYKER,NWL,NWL,20250529-HOMERSTRYKER-1,241013c0-3ca1-11f0-a835-f9cb0487f947,86.69271,16.73415,NA,7.08905,NA,NA,NA,0.57052,1.8916,-0.09043,45d07472-c160-48e7-9a7d-8b154baa4dec,2025-05-29,15:25:24,2025-05-29T15:25:24Z,2025-05-29T15:25:24Z,LineDrive,v3,NA,NA,NA,"Reynolds, Drew",1000120249,Right,LAK_C,d97a8327-ab77-4e3c-ab27-d945ed587e9c,54.61776,-127.66602,12.23007,5.23589,-3.63994,-8.43595,-1.99781,7.47823,-6.28522,NA,0.57054,53.31067,-18.32868,3.94412,-0.77777,0.10238,0.00805,-0.00672,8.7e-4,1.89153,30.60539,-17.02336,1.68388,-0.68427,0.40918,-0.18204,0.0425,-0.0038,-0.09043,94.84788,-10.88176,2.34555,-0.49915,0.10079,-0.01575,9.7e-4,7e-5,NA,NA,NA,NA,NA,NA,NA,NA,NA,NA,NA,NA,NA,NA,NA,NA,NA,NA,NA,NA,NA,NA,High,High,High,High,Medium,NA,NA,NA,NA,NA,NA,NA,NA,NA,NA,NA,NA,NA,NA,NA,NA,NA,NA,NA,NA,NA,NA,NA,NA,NA,NA,NA,NA,NA,NA,NA,NA,NA,NA,NA,NA,NA,NA,NA,NA,NA,NA,NA,NA,NA,NA,NA,NA,NA,NA,NA,NA,NA,NA,NA,NA
NA,NA,NA,NA,NA,NA,NA,NA,NA,NA,NA,NA,NA,NA,NA,NA,44,2025-05-29,11:25:49,5,7,"Thomas, Koehn",1000322765,Right,LAK_C,"Thielman, Avery",1000215893,Right,NWL_KG,Undefined,1,Bottom,2,3,2,Undefined,Four-Seam,FoulBallNotFieldable,Undefined,Undefined,Undefined,0,0,NA,87.17108,-1.268771,-3.545146,2432.286883,220.726511,01:15:00,5.25594,1.96863,5.95006,-20.36005,16.66379,13.25513,2.38008,-0.21897,79.10531,-5.131491,-1.169167,0.437937,76.68874,31.163165,64.622983,5430.500583,33.76163,48.52052,104.6905,218.69539,117.3144,82.326755,3.793829,-7.86591,9.30115,-1.69383,50,5.1435,7.28237,-126.32852,-3.4016,-12.62101,27.44378,-17.2502,NWL_KG,LAK_C,HOMERSTRYKER,NWL,NWL,20250529-HOMERSTRYKER-1,331d12f0-3ca1-11f0-a835-f9cb0487f947,86.06808,50.3235,NA,8.06577,NA,NA,NA,0.99679,2.37594,0.04321,45d07472-c160-48e7-9a7d-8b154baa4dec,2025-05-29,15:25:49,2025-05-29T15:25:49Z,2025-05-29T15:25:49Z,FlyBall,v3,NA,NA,NA,"Reynolds, Drew",1000120249,Right,LAK_C,1367791c-0b85-4a10-a45c-776f8fdad6d7,54.54776,-127.31265,13.72189,5.25439,-2.78301,-8.6251,-1.96308,7.73496,-6.31051,NA,0.99801,41.21048,-17.60219,4.47928,-0.73444,-0.0614,0.05759,-0.01109,8.1e-4,2.37531,58.22169,-20.61,2.32272,-0.51979,0.1238,-0.01417,-0.00093000000000000005,2.3e-4,0.04498,86.90592,-9.73621,-0.02189,0.86573,-0.50944,0.15117,-0.02334,0.00146,NA,NA,NA,NA,NA,NA,NA,NA,NA,NA,NA,NA,NA,NA,NA,NA,NA,NA,NA,NA,NA,NA,High,High,High,Medium,Low,NA,NA,NA,NA,NA,NA,NA,NA,NA,NA,NA,NA,NA,NA,NA,NA,NA,NA,NA,NA,NA,NA,NA,NA,NA,NA,NA,NA,NA,NA,NA,NA,NA,NA,NA,NA,NA,NA,NA,NA,NA,NA,NA,NA,NA,NA,NA,NA,NA,NA,NA,NA,NA,NA,NA,NA
NA,NA,NA,NA,NA,NA,NA,NA,NA,NA,NA,NA,NA,NA,NA,NA,45,2025-05-29,11:26:17,5,8,"Thomas, Koehn",1000322765,Right,LAK_C,"Thielman, Avery",1000215893,Right,NWL_KG,Undefined,1,Bottom,2,3,2,Undefined,Four-Seam,FoulBallNotFieldable,Undefined,Undefined,Undefined,0,0,NA,87.35385,0.404993,-2.943702,2322.7517,224.496287,01:30:00,5.27409,2.07061,5.62268,-22.87958,13.97457,12.638,3.74589,0.37437,80.0547,-3.866661,-0.690844,0.436933,76.60905,6.260603,169.398311,2712.693701,NA,NA,NA,120.54048,52.25638,174.224796,1.233144,-7.06689,7.30489,-1.82716,50,5.29399,5.95347,-126.73699,0.14565,-11.56756,24.35104,-20.2169,NWL_KG,LAK_C,HOMERSTRYKER,NWL,NWL,20250529-HOMERSTRYKER-1,440784b0-3ca1-11f0-a835-f9cb0487f947,86.26596,6.65587,NA,7.29915,NA,NA,NA,0.44961,3.67332,-0.51039,45d07472-c160-48e7-9a7d-8b154baa4dec,2025-05-29,15:26:17,2025-05-29T15:26:17Z,2025-05-29T15:26:17Z,GroundBall,v3,NA,NA,NA,"Reynolds, Drew",1000120249,Right,LAK_C,baebfbbe-3c19-4be3-ac11-a0189258b884,54.87333,-127.66991,12.17552,5.27358,0.92018,-10.10845,-2.06374,6.39664,-5.78378,241.224426,0.34641,-108.6369,9.06378,NA,NA,NA,NA,NA,NA,3.6978,11.99557,-12.17606,NA,NA,NA,NA,NA,NA,-0.37956,19.0764,-7.31893,NA,NA,NA,NA,NA,NA,NA,NA,NA,NA,NA,NA,NA,NA,NA,NA,NA,NA,NA,NA,NA,NA,NA,NA,NA,NA,NA,NA,High,High,High,High,Medium,NA,NA,NA,NA,NA,NA,NA,NA,NA,NA,NA,NA,NA,NA,NA,NA,NA,NA,NA,NA,NA,NA,NA,NA,NA,NA,NA,NA,NA,NA,NA,NA,NA,NA,NA,NA,NA,NA,NA,NA,NA,NA,NA,NA,NA,NA,NA,NA,NA,NA,NA,NA,NA,NA,NA,NA
NA,NA,NA,NA,NA,NA,NA,NA,NA,NA,NA,NA,NA,NA,NA,NA,46,2025-05-29,11:26:45,5,9,"Thomas, Koehn",1000322765,Right,LAK_C,"Thielman, Avery",1000215893,Right,NWL_KG,Undefined,1,Bottom,2,3,2,Undefined,Sinker,InPlay,Undefined,GroundBall,Out,1,0,NA,88.19808,-0.896142,-2.849977,2422.47061,227.420502,01:30:00,5.18875,2.08506,6.00316,-20.54576,15.41005,15.46761,2.6452,0.73124,80.20919,-4.788459,-0.071301,0.431574,68.62614,-6.718036,13.623629,NA,NA,NA,NA,18.3572,18.3572,10.986478,0.17629,-8.80811,8.54288,-1.86943,50,5.107,5.73679,-127.97254,-2.62003,-14.53242,27.66519,-18.07919,NWL_KG,LAK_C,HOMERSTRYKER,NWL,NWL,20250529-HOMERSTRYKER-1,54d74280-3ca1-11f0-a835-f9cb0487f947,87.33704,2.60495,NA,7.98889,NA,NA,NA,1.22492,2.60495,-0.74021,45d07472-c160-48e7-9a7d-8b154baa4dec,2025-05-29,15:26:45,2025-05-29T15:26:45Z,2025-05-29T15:26:45Z,GroundBall,v3,NA,NA,NA,"Reynolds, Drew",1000120249,Right,LAK_C,37be0c97-f860-4556-8932-9906902da525,54.49555,-128.94072,13.8326,5.18762,-1.98732,-9.0396,-2.0791,6.24538,-7.26621,294.111285,1.22512,97.13319,-10.56081,NA,NA,NA,NA,NA,NA,2.60526,-11.79802,-16.91675,NA,NA,NA,NA,NA,NA,-0.74037,23.55725,2.76985,NA,NA,NA,NA,NA,NA,NA,NA,NA,NA,NA,NA,NA,NA,NA,NA,NA,NA,NA,NA,NA,NA,NA,NA,NA,NA,NA,NA,High,High,High,High,High,NA,NA,NA,NA,NA,NA,NA,NA,NA,NA,NA,NA,NA,NA,NA,NA,NA,NA,NA,NA,NA,NA,NA,NA,NA,NA,NA,NA,NA,NA,NA,NA,NA,NA,NA,NA,NA,NA,NA,NA,NA,NA,NA,NA,NA,NA,NA,NA,NA,NA,NA,NA,NA,NA,NA,NA
NA,NA,NA,NA,NA,NA,NA,NA,NA,NA,NA,NA,NA,NA,NA,NA,47,2025-05-29,11:29:31,1,1,"Kruse, Wilson",10090996,Left,NWL_KG,"Gray, Nate",1000273598,Right,LAK_C,Undefined,2,Top,0,0,0,Undefined,Slider,BallCalled,Undefined,Undefined,Undefined,0,0,NA,81.46007,-0.528963,0.289968,2152.895588,175.87603,11:45:00,6.41924,-1.11501,6.19019,-28.98277,12.70453,-0.81898,3.51561,-0.91553,74.4529,-5.972795,0.14207,0.464701,NA,NA,NA,NA,NA,NA,NA,NA,NA,NA,NA,0.50504,7.14339,1.09355,50,6.36479,-0.56819,-118.35444,-1.92269,0.71429,23.19333,-22.07071,NWL_KG,LAK_C,HOMERSTRYKER,NWL,NWL,20250529-HOMERSTRYKER-1,b739dff0-3ca1-11f0-a835-f9cb0487f947,81.11122,NA,NA,7.00717,NA,NA,NA,NA,NA,NA,45d07472-c160-48e7-9a7d-8b154baa4dec,2025-05-29,15:29:31,2025-05-29T15:29:31Z,2025-05-29T15:29:31Z,NA,v3,NA,NA,NA,"Garner, Coleman",90000255834,Right,NWL_KG,90cfd67f-d7f2-40de-9143-43c0e2d5fc15,54.30626,-119.19533,11.59667,6.41999,-1.12251,-11.03535,1.11462,-0.59408,0.35715,NA,NA,NA,NA,NA,NA,NA,NA,NA,NA,NA,NA,NA,NA,NA,NA,NA,NA,NA,NA,NA,NA,NA,NA,NA,NA,NA,NA,NA,NA,NA,NA,NA,NA,NA,NA,NA,NA,NA,NA,NA,NA,NA,NA,NA,NA,NA,NA,NA,NA,High,High,High,NA,NA,NA,NA,NA,NA,NA,NA,NA,NA,NA,NA,NA,NA,NA,NA,NA,NA,NA,NA,NA,NA,NA,NA,NA,NA,NA,NA,NA,NA,NA,NA,NA,NA,NA,NA,NA,NA,NA,NA,NA,NA,NA,NA,NA,NA,NA,NA,NA,NA,NA,NA,NA,NA,NA,NA,NA,NA
NA,NA,NA,NA,NA,NA,NA,NA,NA,NA,NA,NA,NA,NA,NA,NA,48,2025-05-29,11:29:46,1,2,"Kruse, Wilson",10090996,Left,NWL_KG,"Gray, Nate",1000273598,Right,LAK_C,Undefined,2,Top,0,1,0,Undefined,Slider,StrikeSwinging,Undefined,Undefined,Undefined,0,0,NA,82.0096,-2.276447,0.740304,2203.297967,187.715209,12:15:00,6.41996,-1.11943,5.90794,-32.45069,8.97831,1.04339,1.60146,-0.34529,75.63811,-8.263697,0.927953,0.463259,NA,NA,NA,NA,NA,NA,NA,NA,NA,NA,NA,-0.33484,5.61827,1.05941,50,6.21861,-1.57882,-119.09054,-5.75374,-0.48205,22.34983,-24.08587,NWL_KG,LAK_C,HOMERSTRYKER,NWL,NWL,20250529-HOMERSTRYKER-1,c06d5fc0-3ca1-11f0-a835-f9cb0487f947,81.36368,NA,NA,6.37149,NA,NA,NA,NA,NA,NA,45d07472-c160-48e7-9a7d-8b154baa4dec,2025-05-29,15:29:46,2025-05-29T15:29:46Z,2025-05-29T15:29:46Z,NA,v3,NA,NA,NA,"Garner, Coleman",90000255834,Right,NWL_KG,3f0a18f0-19fc-47bf-96a7-c7c3def603c1,54.59039,-119.94892,11.17492,6.42183,-4.82868,-12.04294,1.11969,-1.56031,-0.24102,NA,NA,NA,NA,NA,NA,NA,NA,NA,NA,NA,NA,NA,NA,NA,NA,NA,NA,NA,NA,NA,NA,NA,NA,NA,NA,NA,NA,NA,NA,NA,NA,NA,NA,NA,NA,NA,NA,NA,NA,NA,NA,NA,NA,NA,NA,NA,NA,NA,NA,High,High,High,NA,NA,NA,NA,NA,NA,NA,NA,NA,NA,NA,NA,NA,NA,NA,NA,NA,NA,NA,NA,NA,NA,NA,NA,NA,NA,NA,NA,NA,NA,NA,NA,NA,NA,NA,NA,NA,NA,NA,NA,NA,NA,NA,NA,NA,NA,NA,NA,NA,NA,NA,NA,NA,NA,NA,NA,NA,NA
NA,NA,NA,NA,NA,NA,NA,NA,NA,NA,NA,NA,NA,NA,NA,NA,49,2025-05-29,11:30:05,1,3,"Kruse, Wilson",10090996,Left,NWL_KG,"Gray, Nate",1000273598,Right,LAK_C,Undefined,2,Top,0,1,1,Undefined,Cutter,BallCalled,Undefined,Undefined,Undefined,0,0,NA,82.21877,-0.470999,-0.930075,2226.227821,189.181114,12:15:00,6.3578,-1.15058,5.99603,-27.1449,13.7417,2.02496,3.6592,-1.84377,75.71072,-5.543806,-0.565832,0.460216,NA,NA,NA,NA,NA,NA,NA,NA,NA,NA,NA,-1.27937,7.56874,1.22272,50,6.30571,1.86223,-119.51235,-1.79009,-1.86218,21.65618,-21.15735,NWL_KG,LAK_C,HOMERSTRYKER,NWL,NWL,20250529-HOMERSTRYKER-1,cb9f2090-3ca1-11f0-a835-f9cb0487f947,81.90163,NA,NA,6.50805,NA,NA,NA,NA,NA,NA,45d07472-c160-48e7-9a7d-8b154baa4dec,2025-05-29,15:30:05,2025-05-29T15:30:05Z,2025-05-29T15:30:05Z,NA,v3,NA,NA,NA,"Garner, Coleman",90000255834,Right,NWL_KG,1da98bea-bf53-45a6-a86b-3b6e2ce7a4ae,54.50155,-120.32528,10.82809,6.358,-0.99588,-10.57868,1.1515,1.93213,-0.93109,NA,NA,NA,NA,NA,NA,NA,NA,NA,NA,NA,NA,NA,NA,NA,NA,NA,NA,NA,NA,NA,NA,NA,NA,NA,NA,NA,NA,NA,NA,NA,NA,NA,NA,NA,NA,NA,NA,NA,NA,NA,NA,NA,NA,NA,NA,NA,NA,NA,NA,High,High,High,NA,NA,NA,NA,NA,NA,NA,NA,NA,NA,NA,NA,NA,NA,NA,NA,NA,NA,NA,NA,NA,NA,NA,NA,NA,NA,NA,NA,NA,NA,NA,NA,NA,NA,NA,NA,NA,NA,NA,NA,NA,NA,NA,NA,NA,NA,NA,NA,NA,NA,NA,NA,NA,NA,NA,NA,NA,NA
NA,NA,NA,NA,NA,NA,NA,NA,NA,NA,NA,NA,NA,NA,NA,NA,50,2025-05-29,11:30:22,1,4,"Kruse, Wilson",10090996,Left,NWL_KG,"Gray, Nate",1000273598,Right,LAK_C,Undefined,2,Top,0,2,1,Undefined,Slider,FoulBallNotFieldable,Undefined,Undefined,Undefined,0,0,NA,80.35414,-1.118532,1.734292,2143.972086,184.62846,12:15:00,6.48553,-1.1172,5.79402,-32.61939,10.54402,0.75016,2.72619,0.55903,74.23349,-7.140504,1.868715,0.472856,62.39723,15.527419,171.530248,3682.462801,NA,NA,NA,97.36324,55.74347,173.841554,1.269664,0.06591,6.05516,0.97405,50,6.37378,-3.56294,-116.75,-3.29224,0.09153,20.74595,-23.76638,NWL_KG,LAK_C,HOMERSTRYKER,NWL,NWL,20250529-HOMERSTRYKER-1,d5c787b0-3ca1-11f0-a835-f9cb0487f947,79.71226,9.40548,NA,6.12065,NA,NA,NA,2.2192,2.83668,-0.53378,45d07472-c160-48e7-9a7d-8b154baa4dec,2025-05-29,15:30:22,2025-05-29T15:30:22Z,2025-05-29T15:30:22Z,GroundBall,v3,NA,NA,NA,"Garner, Coleman",90000255834,Right,NWL_KG,c445bff4-b7d3-4a08-8292-cc02e97e35a5,54.70578,-117.58322,10.37298,6.48683,-2.33771,-11.88319,1.11721,-3.56661,0.04576,342.602748,2.21922,-87.21639,7.09847,-0.06963,0.92327,-1.79797,1.80701,-0.90344,0.17512,2.83668,24.49916,-24.45824,3.33162,-0.83751,0.54716,-0.44268,0.23117,-0.04999,-0.53379,12.98836,-3.07179,-0.22785,-0.40629,0.89184,-0.90705,0.45306,-0.08745,NA,NA,NA,NA,NA,NA,NA,NA,NA,NA,NA,NA,NA,NA,NA,NA,NA,NA,NA,NA,NA,NA,High,High,High,High,Medium,NA,NA,NA,NA,NA,NA,NA,NA,NA,NA,NA,NA,NA,NA,NA,NA,NA,NA,NA,NA,NA,NA,NA,NA,NA,NA,NA,NA,NA,NA,NA,NA,NA,NA,NA,NA,NA,NA,NA,NA,NA,NA,NA,NA,NA,NA,NA,NA,NA,NA,NA,NA,NA,NA,NA,NA
NA,NA,NA,NA,NA,NA,NA,NA,NA,NA,NA,NA,NA,NA,NA,NA,51,2025-05-29,11:30:42,1,5,"Kruse, Wilson",10090996,Left,NWL_KG,"Gray, Nate",1000273598,Right,LAK_C,Undefined,2,Top,0,2,2,Undefined,Changeup,InPlay,Undefined,Popup,Out,1,0,NA,82.45421,-2.356629,1.316407,1854.645355,140.023389,10:45:00,6.32522,-1.11971,6.01045,-30.90683,10.39016,-7.51709,1.56464,-0.52639,75.16846,-8.108382,-0.037658,0.46252,62.36098,-75.252114,-57.683821,NA,NA,NA,NA,2.84192,2.84192,2.84056,0.019507,4.29799,6.47933,1.02058,50,6.1233,-2.46428,-119.61059,-5.86253,6.16422,25.22606,-22.88135,NWL_KG,LAK_C,HOMERSTRYKER,NWL,NWL,20250529-HOMERSTRYKER-1,e1d41820-3ca1-11f0-a835-f9cb0487f947,81.49363,1.731,NA,7.28575,NA,NA,NA,2.59484,1.731,0.52593,45d07472-c160-48e7-9a7d-8b154baa4dec,2025-05-29,15:30:42,2025-05-29T15:30:42Z,2025-05-29T15:30:42Z,GroundBall,v3,NA,NA,NA,"Garner, Coleman",90000255834,Right,NWL_KG,89570845-d369-4b2c-8d67-440f345058be,54.48778,-120.55336,12.61303,6.32641,-5.0074,-11.44067,1.11698,-2.69465,3.08211,NA,2.59471,12.48746,NA,NA,NA,NA,NA,NA,NA,1.7319,-88.73666,NA,NA,NA,NA,NA,NA,NA,0.52613,-19.74087,NA,NA,NA,NA,NA,NA,NA,NA,NA,NA,NA,NA,NA,NA,NA,NA,NA,NA,NA,NA,NA,NA,NA,NA,NA,NA,NA,NA,NA,High,High,High,Estimated,Estimated,NA,NA,NA,NA,NA,NA,NA,NA,NA,NA,NA,NA,NA,NA,NA,NA,NA,NA,NA,NA,NA,NA,NA,NA,NA,NA,NA,NA,NA,NA,NA,NA,NA,NA,NA,NA,NA,NA,NA,NA,NA,NA,NA,NA,NA,NA,NA,NA,NA,NA,NA,NA,NA,NA,NA,NA
NA,NA,NA,NA,NA,NA,NA,NA,NA,NA,NA,NA,NA,NA,NA,NA,52,2025-05-29,11:31:19,2,1,"Kruse, Wilson",10090996,Left,NWL_KG,"Garcia, Jedvier",10325103,Right,LAK_C,Undefined,2,Top,1,0,0,Undefined,Slider,StrikeSwinging,Undefined,Undefined,Undefined,0,0,NA,81.3984,-2.179298,2.137747,2159.930344,181.875863,12:00:00,6.37631,-1.25417,5.99741,-27.87887,13.79729,0.41228,2.03128,0.76202,75.43075,-7.350784,2.211876,0.464638,NA,NA,NA,NA,NA,NA,NA,NA,NA,NA,NA,0.32382,8.03083,1.08562,50,6.18913,-4.42865,-118.23411,-5.32892,0.4627,20.56245,-20.6993,NWL_KG,LAK_C,HOMERSTRYKER,NWL,NWL,20250529-HOMERSTRYKER-1,f7abd480-3ca1-11f0-a835-f9cb0487f947,81.12208,NA,NA,5.96765,NA,NA,NA,NA,NA,NA,45d07472-c160-48e7-9a7d-8b154baa4dec,2025-05-29,15:31:19,2025-05-29T15:31:19Z,2025-05-29T15:31:19Z,NA,v3,NA,NA,NA,"Garner, Coleman",90000255834,Right,NWL_KG,5657e789-a625-441f-958f-a62e407362e6,54.50204,-119.0145,10.28122,6.37646,-4.54334,-10.34965,1.25403,-4.44622,0.23135,NA,NA,NA,NA,NA,NA,NA,NA,NA,NA,NA,NA,NA,NA,NA,NA,NA,NA,NA,NA,NA,NA,NA,NA,NA,NA,NA,NA,NA,NA,NA,NA,NA,NA,NA,NA,NA,NA,NA,NA,NA,NA,NA,NA,NA,NA,NA,NA,NA,NA,High,High,High,NA,NA,NA,NA,NA,NA,NA,NA,NA,NA,NA,NA,NA,NA,NA,NA,NA,NA,NA,NA,NA,NA,NA,NA,NA,NA,NA,NA,NA,NA,NA,NA,NA,NA,NA,NA,NA,NA,NA,NA,NA,NA,NA,NA,NA,NA,NA,NA,NA,NA,NA,NA,NA,NA,NA,NA,NA,NA
NA,NA,NA,NA,NA,NA,NA,NA,NA,NA,NA,NA,NA,NA,NA,NA,53,2025-05-29,11:31:38,2,2,"Kruse, Wilson",10090996,Left,NWL_KG,"Garcia, Jedvier",10325103,Right,LAK_C,Undefined,2,Top,1,0,1,Undefined,Changeup,BallCalled,Undefined,Undefined,Undefined,0,0,NA,81.24322,0.08591,1.686102,2003.123093,159.098483,11:15:00,6.45502,-1.06736,5.91632,-27.05966,14.6808,-5.16744,4.27981,0.06726,75.22515,-4.957244,0.758659,0.464997,NA,NA,NA,NA,NA,NA,NA,NA,NA,NA,NA,3.05106,7.87532,0.93517,50,6.44634,-3.28129,-118.1356,-0.62811,4.37048,19.63348,-20.89316,NWL_KG,LAK_C,HOMERSTRYKER,NWL,NWL,20250529-HOMERSTRYKER-1,02f87050-3ca2-11f0-a835-f9cb0487f947,81.05956,NA,NA,6.01807,NA,NA,NA,NA,NA,NA,45d07472-c160-48e7-9a7d-8b154baa4dec,2025-05-29,15:31:38,2025-05-29T15:31:38Z,2025-05-29T15:31:38Z,NA,v3,NA,NA,NA,"Garner, Coleman",90000255834,Right,NWL_KG,f0d57a65-80da-4511-986a-da2862f57137,54.58238,-118.89473,9.81674,6.45501,0.17972,-10.44658,1.06531,-3.45027,2.18524,NA,NA,NA,NA,NA,NA,NA,NA,NA,NA,NA,NA,NA,NA,NA,NA,NA,NA,NA,NA,NA,NA,NA,NA,NA,NA,NA,NA,NA,NA,NA,NA,NA,NA,NA,NA,NA,NA,NA,NA,NA,NA,NA,NA,NA,NA,NA,NA,NA,NA,High,High,High,NA,NA,NA,NA,NA,NA,NA,NA,NA,NA,NA,NA,NA,NA,NA,NA,NA,NA,NA,NA,NA,NA,NA,NA,NA,NA,NA,NA,NA,NA,NA,NA,NA,NA,NA,NA,NA,NA,NA,NA,NA,NA,NA,NA,NA,NA,NA,NA,NA,NA,NA,NA,NA,NA,NA,NA,NA,NA
NA,NA,NA,NA,NA,NA,NA,NA,NA,NA,NA,NA,NA,NA,NA,NA,54,2025-05-29,11:31:57,2,3,"Kruse, Wilson",10090996,Left,NWL_KG,"Garcia, Jedvier",10325103,Right,LAK_C,Undefined,2,Top,1,1,1,Undefined,Cutter,FoulBallNotFieldable,Undefined,Undefined,Undefined,0,0,NA,82.96159,-1.696106,0.914691,2216.312837,192.701907,12:30:00,6.43504,-1.13637,5.93898,-27.81151,12.27284,2.51024,2.54334,-0.07859,76.92536,-6.850025,1.365948,0.455679,67.36492,44.583022,126.752875,5171.277775,-78.89644,48.41688,76.65079,168.2307,56.76044,143.163322,3.284764,-1.07,7.07965,1.062,50,6.28393,-2.02095,-120.61838,-4.42936,-1.59356,21.06259,-21.63021,NWL_KG,LAK_C,HOMERSTRYKER,NWL,NWL,20250529-HOMERSTRYKER-1,0e413b90-3ca2-11f0-a835-f9cb0487f947,82.71709,50.43287,NA,6.03623,NA,NA,NA,0.99421,2.43405,0.01948,45d07472-c160-48e7-9a7d-8b154baa4dec,2025-05-29,15:31:57,2025-05-29T15:31:57Z,2025-05-29T15:31:57Z,Popup,v3,NA,NA,NA,"Garner, Coleman",90000255834,Right,NWL_KG,70660e12-e3ec-403b-85dd-5ffbf7a90ef8,54.56072,-121.41217,10.53129,6.4355,-3.61417,-10.81511,1.13703,-1.9609,-0.79678,326.70625,0.99392,-42.09679,-2.89896,1.96491,-0.70524,0.23349,-0.04881,0.00503,-1.7e-4,2.43418,69.34583,-29.79162,4.20135,-0.65211,-0.07081,0.08682,-0.02124,0.00176,0.02068,56.33637,-7.99691,-0.78706,1.23601,-0.79990000000000006,0.26557,-0.04374,0.00287,NA,NA,NA,NA,NA,NA,NA,NA,NA,NA,NA,NA,NA,NA,NA,NA,NA,NA,NA,NA,NA,NA,High,High,High,High,Low,NA,NA,NA,NA,NA,NA,NA,NA,NA,NA,NA,NA,NA,NA,NA,NA,NA,NA,NA,NA,NA,NA,NA,NA,NA,NA,NA,NA,NA,NA,NA,NA,NA,NA,NA,NA,NA,NA,NA,NA,NA,NA,NA,NA,NA,NA,NA,NA,NA,NA,NA,NA,NA,NA,NA,NA
NA,NA,NA,NA,NA,NA,NA,NA,NA,NA,NA,NA,NA,NA,NA,NA,55,2025-05-29,11:32:20,2,4,"Kruse, Wilson",10090996,Left,NWL_KG,"Garcia, Jedvier",10325103,Right,LAK_C,Undefined,2,Top,1,1,2,Undefined,Changeup,StrikeSwinging,Strikeout,Undefined,Undefined,0,0,NA,78.4588,-1.863055,1.740632,1456.693292,139.634761,10:45:00,6.2807,-1.29279,6.17335,-37.02026,7.64217,-5.36709,1.47363,-0.13196,72.68676,-8.704393,0.770784,0.480997,NA,NA,NA,NA,NA,NA,NA,NA,NA,NA,NA,3.26984,4.82512,1.16391,50,6.12058,-3.2817,-114.03247,-4.77894,4.32719,19.97952,-25.78863,NWL_KG,LAK_C,HOMERSTRYKER,NWL,NWL,20250529-HOMERSTRYKER-1,1c48b1a0-3ca2-11f0-a835-f9cb0487f947,78.36311,NA,NA,5.77203,NA,NA,NA,NA,NA,NA,45d07472-c160-48e7-9a7d-8b154baa4dec,2025-05-29,15:32:20,2025-05-29T15:32:20Z,2025-05-29T15:32:20Z,NA,v3,NA,NA,NA,"Garner, Coleman",90000255834,Right,NWL_KG,2133aa78-d9ee-4e7c-b547-4cd0a6e7ef3a,54.32723,-114.78814,9.98976,6.28289,-3.80356,-12.89431,1.2911300000000001,-3.44536,2.16359,NA,NA,NA,NA,NA,NA,NA,NA,NA,NA,NA,NA,NA,NA,NA,NA,NA,NA,NA,NA,NA,NA,NA,NA,NA,NA,NA,NA,56.51426,NA,NA,1.200488,NA,NA,NA,0.97389,6.20947,0.5868,73.47551,3.88683,-51.29565,1.02297,65.12537,-3.97536,6.28125,16.01092,-14.99648,0.54036,-47.28648,3.42103,High,High,High,NA,NA,High,High,High,NA,NA,NA,NA,NA,NA,NA,NA,NA,NA,NA,NA,NA,NA,NA,NA,NA,NA,NA,NA,NA,NA,NA,NA,NA,NA,NA,NA,NA,NA,NA,NA,NA,NA,NA,NA,NA,NA,NA,NA,NA,NA,NA,NA,NA,NA,NA,NA,NA,NA,NA,NA,NA
NA,NA,NA,NA,NA,NA,NA,NA,NA,NA,NA,NA,NA,NA,NA,NA,56,2025-05-29,11:32:48,3,1,"Kruse, Wilson",10090996,Left,NWL_KG,"Preece, Tyler",1000074626,Right,LAK_C,Undefined,2,Top,2,0,0,Undefined,Slider,BallCalled,Undefined,Undefined,Undefined,0,0,NA,79.69601,1.458072,-0.336759,2143.695406,201.773688,12:45:00,6.41115,-1.05484,5.90327,-36.52852,7.01894,2.31146,4.72092,-1.17483,73.55223,-5.302192,0.078214,0.474955,NA,NA,NA,NA,NA,NA,NA,NA,NA,NA,NA,-1.2674,3.62221,1.08058,50,6.50733,0.59431,-115.86559,1.81702,-1.73923,19.73047,-27.20341,NWL_KG,LAK_C,HOMERSTRYKER,NWL,NWL,20250529-HOMERSTRYKER-1,2cc6a5f0-3ca2-11f0-a835-f9cb0487f947,79.35994,NA,NA,6.14378,NA,NA,NA,NA,NA,NA,45d07472-c160-48e7-9a7d-8b154baa4dec,2025-05-29,15:32:48,2025-05-29T15:32:48Z,2025-05-29T15:32:48Z,NA,v3,NA,NA,NA,"Garner, Coleman",90000255834,Right,NWL_KG,29bff3d5-6aca-42cc-a25d-8dc154b84f9a,54.59564,-116.64555,9.86524,6.41425,2.89238,-13.6017,1.05573,0.66306,-0.86961,NA,NA,NA,NA,NA,NA,NA,NA,NA,NA,NA,NA,NA,NA,NA,NA,NA,NA,NA,NA,NA,NA,NA,NA,NA,NA,NA,NA,NA,NA,NA,NA,NA,NA,NA,NA,NA,NA,NA,NA,NA,NA,NA,NA,NA,NA,NA,NA,NA,NA,High,High,High,NA,NA,NA,NA,NA,NA,NA,NA,NA,NA,NA,NA,NA,NA,NA,NA,NA,NA,NA,NA,NA,NA,NA,NA,NA,NA,NA,NA,NA,NA,NA,NA,NA,NA,NA,NA,NA,NA,NA,NA,NA,NA,NA,NA,NA,NA,NA,NA,NA,NA,NA,NA,NA,NA,NA,NA,NA,NA
NA,NA,NA,NA,NA,NA,NA,NA,NA,NA,NA,NA,NA,NA,NA,NA,57,2025-05-29,11:33:04,3,2,"Kruse, Wilson",10090996,Left,NWL_KG,"Preece, Tyler",1000074626,Right,LAK_C,Undefined,2,Top,2,1,0,Undefined,Cutter,BallCalled,Undefined,Undefined,Undefined,0,0,NA,82.60262,-4.498247,1.388346,2190.91643,189.650612,12:15:00,6.37515,-0.94105,6.06422,-26.47883,14.08276,2.18949,-0.00421,0.52653,76.70587,-9.382021,1.783079,0.458383,NA,NA,NA,NA,NA,NA,NA,NA,NA,NA,NA,-0.79205,8.80532,0.83216,50,6.01126,-2.98147,-119.77643,-10.20812,-1.1593,21.50588,-19.28619,NWL_KG,LAK_C,HOMERSTRYKER,NWL,NWL,20250529-HOMERSTRYKER-1,36a69260-3ca2-11f0-a835-f9cb0487f947,82.22907,NA,NA,5.89675,NA,NA,NA,NA,NA,NA,45d07472-c160-48e7-9a7d-8b154baa4dec,2025-05-29,15:33:04,2025-05-29T15:33:04Z,2025-05-29T15:33:04Z,NA,v3,NA,NA,NA,"Garner, Coleman",90000255834,Right,NWL_KG,2b015099-b0e8-43b9-94bf-1a7d75188e26,54.43681,-120.57043,10.75294,6.375,-9.49607,-9.6431,0.94145,-2.93867,-0.57965,NA,NA,NA,NA,NA,NA,NA,NA,NA,NA,NA,NA,NA,NA,NA,NA,NA,NA,NA,NA,NA,NA,NA,NA,NA,NA,NA,NA,NA,NA,NA,NA,NA,NA,NA,NA,NA,NA,NA,NA,NA,NA,NA,NA,NA,NA,NA,NA,NA,NA,High,High,High,NA,NA,NA,NA,NA,NA,NA,NA,NA,NA,NA,NA,NA,NA,NA,NA,NA,NA,NA,NA,NA,NA,NA,NA,NA,NA,NA,NA,NA,NA,NA,NA,NA,NA,NA,NA,NA,NA,NA,NA,NA,NA,NA,NA,NA,NA,NA,NA,NA,NA,NA,NA,NA,NA,NA,NA,NA,NA
NA,NA,NA,NA,NA,NA,NA,NA,NA,NA,NA,NA,NA,NA,NA,NA,58,2025-05-29,11:33:28,3,3,"Kruse, Wilson",10090996,Left,NWL_KG,"Preece, Tyler",1000074626,Right,LAK_C,Undefined,2,Top,2,2,0,Undefined,Slider,BallCalled,Undefined,Undefined,Undefined,0,0,NA,80.32851,0.452056,-0.419756,2166.404252,185.525965,12:15:00,6.44116,-1.05828,5.87891,-32.3499,10.53386,0.90087,4.16518,-1.37305,74.19142,-5.547953,-0.258061,0.471322,NA,NA,NA,NA,NA,NA,NA,NA,NA,NA,NA,-0.56591,5.66823,1.09167,50,6.45888,0.82159,-116.80343,-0.07134,-0.78927,20.02474,-24.26829,NWL_KG,LAK_C,HOMERSTRYKER,NWL,NWL,20250529-HOMERSTRYKER-1,44dbcf30-3ca2-11f0-a835-f9cb0487f947,79.97171,NA,NA,6.13709,NA,NA,NA,NA,NA,NA,45d07472-c160-48e7-9a7d-8b154baa4dec,2025-05-29,15:33:28,2025-05-29T15:33:28Z,2025-05-29T15:33:28Z,NA,v3,NA,NA,NA,"Garner, Coleman",90000255834,Right,NWL_KG,1f128e0a-9cb8-421f-83e0-5905858b16f5,54.61954,-117.59273,10.01237,6.44284,0.88523,-12.13414,1.05867,0.85271,-0.39464,NA,NA,NA,NA,NA,NA,NA,NA,NA,NA,NA,NA,NA,NA,NA,NA,NA,NA,NA,NA,NA,NA,NA,NA,NA,NA,NA,NA,NA,NA,NA,NA,NA,NA,NA,NA,NA,NA,NA,NA,NA,NA,NA,NA,NA,NA,NA,NA,NA,NA,High,High,High,NA,NA,NA,NA,NA,NA,NA,NA,NA,NA,NA,NA,NA,NA,NA,NA,NA,NA,NA,NA,NA,NA,NA,NA,NA,NA,NA,NA,NA,NA,NA,NA,NA,NA,NA,NA,NA,NA,NA,NA,NA,NA,NA,NA,NA,NA,NA,NA,NA,NA,NA,NA,NA,NA,NA,NA,NA,NA
NA,NA,NA,NA,NA,NA,NA,NA,NA,NA,NA,NA,NA,NA,NA,NA,59,2025-05-29,11:33:46,3,4,"Kruse, Wilson",10090996,Left,NWL_KG,"Preece, Tyler",1000074626,Right,LAK_C,Undefined,2,Top,2,3,0,Undefined,Slider,StrikeCalled,Undefined,Undefined,Undefined,0,0,NA,80.87444,-1.309342,0.279509,2156.166656,196.370649,12:30:00,6.45211,-1.12153,5.91066,-32.8262,9.62134,2.45225,2.5011,-0.65774,74.64664,-7.380711,0.720382,0.468919,NA,NA,NA,NA,NA,NA,NA,NA,NA,NA,NA,-1.18516,5.67579,1.09771,50,6.32829,-0.66598,-117.53871,-3.70022,-1.66606,21.25748,-24.19508,NWL_KG,LAK_C,HOMERSTRYKER,NWL,NWL,20250529-HOMERSTRYKER-1,4fac0f10-3ca2-11f0-a835-f9cb0487f947,80.3816,NA,NA,6.22779,NA,NA,NA,NA,NA,NA,45d07472-c160-48e7-9a7d-8b154baa4dec,2025-05-29,15:33:46,2025-05-29T15:33:46Z,2025-05-29T15:33:46Z,NA,v3,NA,NA,NA,"Garner, Coleman",90000255834,Right,NWL_KG,d7ebf306-8e6e-4108-bff2-2052e3435e0c,54.58791,-118.36555,10.62874,6.45391,-2.75912,-12.09754,1.12235,-0.60117,-0.83303,NA,NA,NA,NA,NA,NA,NA,NA,NA,NA,NA,NA,NA,NA,NA,NA,NA,NA,NA,NA,NA,NA,NA,NA,NA,NA,NA,NA,NA,NA,NA,NA,NA,NA,NA,NA,NA,NA,NA,NA,NA,NA,NA,NA,NA,NA,NA,NA,NA,NA,High,High,High,NA,NA,NA,NA,NA,NA,NA,NA,NA,NA,NA,NA,NA,NA,NA,NA,NA,NA,NA,NA,NA,NA,NA,NA,NA,NA,NA,NA,NA,NA,NA,NA,NA,NA,NA,NA,NA,NA,NA,NA,NA,NA,NA,NA,NA,NA,NA,NA,NA,NA,NA,NA,NA,NA,NA,NA,NA,NA
NA,NA,NA,NA,NA,NA,NA,NA,NA,NA,NA,NA,NA,NA,NA,NA,60,2025-05-29,11:34:02,3,5,"Kruse, Wilson",10090996,Left,NWL_KG,"Preece, Tyler",1000074626,Right,LAK_C,Undefined,2,Top,2,3,1,Undefined,Slider,BallCalled,Walk,Undefined,Undefined,0,0,NA,81.03168,-1.608486,-1.656977,2164.094297,198.733594,12:30:00,6.34866,-0.94108,6.10706,-30.18584,11.41619,3.48886,2.34475,-2.18302,75.4674,-7.199766,-1.027929,0.464225,NA,NA,NA,NA,NA,NA,NA,NA,NA,NA,NA,-2.19736,6.64319,1.06653,50,6.20903,3.28265,-117.85188,-4.20502,-3.13749,19.19704,-22.68855,NWL_KG,LAK_C,HOMERSTRYKER,NWL,NWL,20250529-HOMERSTRYKER-1,5937c100-3ca2-11f0-a835-f9cb0487f947,81.19428,NA,NA,5.56429,NA,NA,NA,NA,NA,NA,45d07472-c160-48e7-9a7d-8b154baa4dec,2025-05-29,15:34:02,2025-05-29T15:34:02Z,2025-05-29T15:34:02Z,NA,v3,NA,NA,NA,"Garner, Coleman",90000255834,Right,NWL_KG,02b0597c-4db2-4a5e-b210-22e7c30a9384,54.39275,-118.56526,9.59852,6.34962,-3.36189,-11.34427,0.94238,3.39924,-1.56875,NA,NA,NA,NA,NA,NA,NA,NA,NA,NA,NA,NA,NA,NA,NA,NA,NA,NA,NA,NA,NA,NA,NA,NA,NA,NA,NA,NA,NA,NA,NA,NA,NA,NA,NA,NA,NA,NA,NA,NA,NA,NA,NA,NA,NA,NA,NA,NA,NA,NA,High,High,High,NA,NA,NA,NA,NA,NA,NA,NA,NA,NA,NA,NA,NA,NA,NA,NA,NA,NA,NA,NA,NA,NA,NA,NA,NA,NA,NA,NA,NA,NA,NA,NA,NA,NA,NA,NA,NA,NA,NA,NA,NA,NA,NA,NA,NA,NA,NA,NA,NA,NA,NA,NA,NA,NA,NA,NA,NA,NA
NA,NA,NA,NA,NA,NA,NA,NA,NA,NA,NA,NA,NA,NA,NA,NA,61,2025-05-29,11:34:38,4,1,"Kruse, Wilson",10090996,Left,NWL_KG,"Kasten, Graham",10046464,Left,LAK_C,Undefined,2,Top,2,0,0,Undefined,Slider,BallCalled,Undefined,Undefined,Undefined,0,0,NA,80.75342,0.780886,1.301267,2274.556975,215.018151,01:15:00,6.39369,-1.21398,5.8635,-35.50608,7.15638,4.12941,4.16051,0.33919,74.31596,-5.788974,2.041851,0.470104,NA,NA,NA,NA,NA,NA,NA,NA,NA,NA,NA,-1.77496,3.83394,1.10607,50,6.43622,-2.82193,-117.35548,0.4844,-2.48662,21.26193,-26.80293,NWL_KG,LAK_C,HOMERSTRYKER,NWL,NWL,20250529-HOMERSTRYKER-1,6e37bb00-3ca2-11f0-a835-f9cb0487f947,80.17886,NA,NA,6.43746,NA,NA,NA,NA,NA,NA,45d07472-c160-48e7-9a7d-8b154baa4dec,2025-05-29,15:34:38,2025-05-29T15:34:38Z,2025-05-29T15:34:38Z,NA,v3,NA,NA,NA,"Garner, Coleman",90000255834,Right,NWL_KG,644d88c4-1ece-499d-844e-c4a30df1ff7e,54.63568,-118.19237,10.63096,6.39639,1.53939,-13.40147,1.21521,-2.72405,-1.24331,NA,NA,NA,NA,NA,NA,NA,NA,NA,NA,NA,NA,NA,NA,NA,NA,NA,NA,NA,NA,NA,NA,NA,NA,NA,NA,NA,NA,76.8005,1.984423,0.678246,1.306177,0.41723,4.05793,-0.37494,-0.039,5.83283,-0.05533,127.27914,1.16209,2.59256,0.09571,110.10366,-9.85971,5.89511,14.58673,-13.99756,-0.10006,-0.6911,2.14385,High,High,High,NA,NA,High,High,High,NA,NA,NA,NA,NA,NA,NA,NA,NA,NA,NA,NA,NA,NA,NA,NA,NA,NA,NA,NA,NA,NA,NA,NA,NA,NA,NA,NA,NA,NA,NA,NA,NA,NA,NA,NA,NA,NA,NA,NA,NA,NA,NA,NA,NA,NA,NA,NA,NA,NA,NA,NA,NA
NA,NA,NA,NA,NA,NA,NA,NA,NA,NA,NA,NA,NA,NA,NA,NA,62,2025-05-29,11:35:08,4,2,"Kruse, Wilson",10090996,Left,NWL_KG,"Kasten, Graham",10046464,Left,LAK_C,Undefined,2,Top,2,1,0,Undefined,Slider,StrikeCalled,Undefined,Undefined,Undefined,0,0,NA,80.22074,-1.251729,-0.069263,2160.254732,213.580372,01:00:00,6.40244,-0.88569,6.06012,-33.81809,9.06414,5.16736,2.42555,-0.51918,74.09283,-7.518162,0.862446,0.471314,NA,NA,NA,NA,NA,NA,NA,NA,NA,NA,NA,-2.69221,5.39788,0.88829,50,6.2871,-0.04733,-116.63012,-3.56075,-3.72598,20.95195,-24.70342,NWL_KG,LAK_C,HOMERSTRYKER,NWL,NWL,20250529-HOMERSTRYKER-1,8077d1b0-3ca2-11f0-a835-f9cb0487f947,79.97317,NA,NA,6.1279,NA,NA,NA,NA,NA,NA,45d07472-c160-48e7-9a7d-8b154baa4dec,2025-05-29,15:35:08,2025-05-29T15:35:08Z,2025-05-29T15:35:08Z,NA,v3,NA,NA,NA,"Garner, Coleman",90000255834,Right,NWL_KG,38f328c7-e06f-4929-ad35-c6dd084d1881,54.43904,-117.42486,10.47597,6.40439,-2.62372,-12.35171,0.88741,0.09401,-1.86299,NA,NA,NA,NA,NA,NA,NA,NA,NA,NA,NA,NA,NA,NA,NA,NA,NA,NA,NA,NA,NA,NA,NA,NA,NA,NA,NA,NA,NA,NA,NA,NA,NA,NA,NA,NA,NA,NA,NA,NA,NA,NA,NA,NA,NA,NA,NA,NA,NA,NA,High,High,High,NA,NA,NA,NA,NA,NA,NA,NA,NA,NA,NA,NA,NA,NA,NA,NA,NA,NA,NA,NA,NA,NA,NA,NA,NA,NA,NA,NA,NA,NA,NA,NA,NA,NA,NA,NA,NA,NA,NA,NA,NA,NA,NA,NA,NA,NA,NA,NA,NA,NA,NA,NA,NA,NA,NA,NA,NA,NA
NA,NA,NA,NA,NA,NA,NA,NA,NA,NA,NA,NA,NA,NA,NA,NA,63,2025-05-29,11:35:31,4,3,"Kruse, Wilson",10090996,Left,NWL_KG,"Kasten, Graham",10046464,Left,LAK_C,Undefined,2,Top,2,1,1,Undefined,Cutter,FoulBallNotFieldable,Undefined,Undefined,Undefined,0,0,NA,81.88412,-1.744753,0.940167,2090.477438,188.934155,12:15:00,6.39415,-1.21204,6.0958,-30.21789,10.77721,1.50768,2.26152,-0.21675,75.8374,-7.350024,1.212087,0.460826,69.60881,57.286155,-121.664284,4634.138662,NA,NA,NA,NA,21.61871,NA,NA,-0.5461,6.37296,1.13885,50,6.24366,-2.00848,-119.05887,-4.53034,-0.79014,21.14365,-22.95326,NWL_KG,LAK_C,HOMERSTRYKER,NWL,NWL,20250529-HOMERSTRYKER-1,8e069550-3ca2-11f0-a835-f9cb0487f947,81.79314,35.41123,NA,6.04672,NA,NA,NA,1.77211,2.36151,0.34244,45d07472-c160-48e7-9a7d-8b154baa4dec,2025-05-29,15:35:31,2025-05-29T15:35:31Z,2025-05-29T15:35:31Z,NA,v3,NA,NA,NA,"Garner, Coleman",90000255834,Right,NWL_KG,8b77bfac-5e09-49ed-ba0d-1cafa5fad6f4,54.40439,-119.83849,10.57182,6.3951,-3.68399,-11.47663,1.21237,-1.97935,-0.39507,40.139534,1.78988,-29.50074,-4.42349,NA,NA,NA,NA,NA,NA,2.38184,85.29984,-28.12421,NA,NA,NA,NA,NA,NA,0.31509,-46.14736,15.03178,NA,NA,NA,NA,NA,NA,NA,NA,NA,NA,NA,NA,NA,NA,NA,NA,NA,NA,NA,NA,NA,NA,NA,NA,NA,NA,NA,NA,High,High,High,High,Undefined,NA,NA,NA,NA,NA,NA,NA,NA,NA,NA,NA,NA,NA,NA,NA,NA,NA,NA,NA,NA,NA,NA,NA,NA,NA,NA,NA,NA,NA,NA,NA,NA,NA,NA,NA,NA,NA,NA,NA,NA,NA,NA,NA,NA,NA,NA,NA,NA,NA,NA,NA,NA,NA,NA,NA,NA
NA,NA,NA,NA,NA,NA,NA,NA,NA,NA,NA,NA,NA,NA,NA,NA,64,2025-05-29,11:35:56,4,4,"Kruse, Wilson",10090996,Left,NWL_KG,"Kasten, Graham",10046464,Left,LAK_C,Undefined,2,Top,2,1,2,Undefined,Curveball,BallCalled,Undefined,Undefined,Undefined,0,0,NA,73.27446,-1.419205,1.993524,2477.090797,301.2268,04:00:00,5.98519,-1.44004,5.44758,-62.00251,-8.64701,17.07115,-0.51147,1.84971,67.92023,-12.562079,5.043724,0.525728,NA,NA,NA,NA,NA,NA,NA,NA,NA,NA,NA,-8.17367,-3.68036,1.25137,50,5.8162,-4.29144,-106.34048,-4.57413,-9.25845,20.07353,-36.34288,NWL_KG,LAK_C,HOMERSTRYKER,NWL,NWL,20250529-HOMERSTRYKER-1,9d35c280-3ca2-11f0-a835-f9cb0487f947,71.69573,NA,NA,5.35423,NA,NA,NA,NA,NA,NA,45d07472-c160-48e7-9a7d-8b154baa4dec,2025-05-29,15:35:56,2025-05-29T15:35:56Z,2025-05-29T15:35:56Z,NA,v3,NA,NA,NA,"Garner, Coleman",90000255834,Right,NWL_KG,eb9e422e-088f-46dc-a80b-19e01f70ba68,55.05606,-107.29065,10.03677,5.992,-2.85386,-18.17144,1.44413,-3.8532,-4.62923,NA,NA,NA,NA,NA,NA,NA,NA,NA,NA,NA,NA,NA,NA,NA,NA,NA,NA,NA,NA,NA,NA,NA,NA,NA,NA,NA,NA,NA,NA,NA,NA,NA,NA,NA,NA,NA,NA,NA,NA,NA,NA,NA,NA,NA,NA,NA,NA,NA,NA,High,High,High,NA,NA,NA,NA,NA,NA,NA,NA,NA,NA,NA,NA,NA,NA,NA,NA,NA,NA,NA,NA,NA,NA,NA,NA,NA,NA,NA,NA,NA,NA,NA,NA,NA,NA,NA,NA,NA,NA,NA,NA,NA,NA,NA,NA,NA,NA,NA,NA,NA,NA,NA,NA,NA,NA,NA,NA,NA,NA
NA,NA,NA,NA,NA,NA,NA,NA,NA,NA,NA,NA,NA,NA,NA,NA,65,2025-05-29,11:36:20,4,5,"Kruse, Wilson",10090996,Left,NWL_KG,"Kasten, Graham",10046464,Left,LAK_C,Undefined,2,Top,2,2,2,Undefined,Cutter,BallCalled,Undefined,Undefined,Undefined,0,0,NA,83.10178,-0.876955,2.96164,2172.303969,174.430082,11:45:00,6.32469,-1.063,6.04531,-29.33923,10.43922,-0.91126,3.06672,1.6054,77.12819,-6.313632,2.797891,0.453937,NA,NA,NA,NA,NA,NA,NA,NA,NA,NA,NA,1.18067,5.94764,0.83267,50,6.24037,-6.21225,-120.74487,-2.75356,1.76632,20.56765,-23.2762,NWL_KG,LAK_C,HOMERSTRYKER,NWL,NWL,20250529-HOMERSTRYKER-1,aaffe170-3ca2-11f0-a835-f9cb0487f947,83.03459,NA,NA,5.97359,NA,NA,NA,NA,NA,NA,45d07472-c160-48e7-9a7d-8b154baa4dec,2025-05-29,15:36:20,2025-05-29T15:36:20Z,2025-05-29T15:36:20Z,NA,v3,NA,NA,NA,"Garner, Coleman",90000255834,Right,NWL_KG,db69a2ed-264e-43db-b64c-6e11197ae6eb,54.45378,-121.50115,10.28383,6.32588,-1.89768,-11.6381,1.0623,-6.2772,0.88316,NA,NA,NA,NA,NA,NA,NA,NA,NA,NA,NA,NA,NA,NA,NA,NA,NA,NA,NA,NA,NA,NA,NA,NA,NA,NA,NA,NA,NA,NA,NA,NA,NA,NA,NA,NA,NA,NA,NA,NA,NA,NA,NA,NA,NA,NA,NA,NA,NA,NA,High,High,High,NA,NA,NA,NA,NA,NA,NA,NA,NA,NA,NA,NA,NA,NA,NA,NA,NA,NA,NA,NA,NA,NA,NA,NA,NA,NA,NA,NA,NA,NA,NA,NA,NA,NA,NA,NA,NA,NA,NA,NA,NA,NA,NA,NA,NA,NA,NA,NA,NA,NA,NA,NA,NA,NA,NA,NA,NA,NA
NA,NA,NA,NA,NA,NA,NA,NA,NA,NA,NA,NA,NA,NA,NA,NA,66,2025-05-29,11:36:43,4,6,"Kruse, Wilson",10090996,Left,NWL_KG,"Kasten, Graham",10046464,Left,LAK_C,Undefined,2,Top,2,3,2,Undefined,Slider,BallCalled,Walk,Undefined,Undefined,0,0,NA,81.06984,-2.384591,-0.837551,2178.867359,191.053625,12:15:00,6.37997,-1.1529,6.13357,-28.44683,13.07363,2.33327,1.8039,-1.73263,75.58852,-7.655769,-0.416378,0.46377,NA,NA,NA,NA,NA,NA,NA,NA,NA,NA,NA,-1.40658,7.69178,1.21563,50,6.18288,1.63928,-117.89306,-5.73933,-2.01056,19.12662,-21.17932,NWL_KG,LAK_C,HOMERSTRYKER,NWL,NWL,20250529-HOMERSTRYKER-1,b9496990-3ca2-11f0-a835-f9cb0487f947,81.27404,NA,NA,5.48131,NA,NA,NA,NA,NA,NA,45d07472-c160-48e7-9a7d-8b154baa4dec,2025-05-29,15:36:43,2025-05-29T15:36:43Z,2025-05-29T15:36:43Z,NA,v3,NA,NA,NA,"Garner, Coleman",90000255834,Right,NWL_KG,8191ee93-c388-4c64-a14f-e15705a38212,54.36614,-118.5993,9.56331,6.38036,-4.9573,-10.58966,1.15373,1.71352,-1.00528,NA,NA,NA,NA,NA,NA,NA,NA,NA,NA,NA,NA,NA,NA,NA,NA,NA,NA,NA,NA,NA,NA,NA,NA,NA,NA,NA,NA,NA,NA,NA,NA,NA,NA,NA,NA,NA,NA,NA,NA,NA,NA,NA,NA,NA,NA,NA,NA,NA,NA,High,High,High,NA,NA,NA,NA,NA,NA,NA,NA,NA,NA,NA,NA,NA,NA,NA,NA,NA,NA,NA,NA,NA,NA,NA,NA,NA,NA,NA,NA,NA,NA,NA,NA,NA,NA,NA,NA,NA,NA,NA,NA,NA,NA,NA,NA,NA,NA,NA,NA,NA,NA,NA,NA,NA,NA,NA,NA,NA,NA
NA,NA,NA,NA,NA,NA,NA,NA,NA,NA,NA,NA,NA,NA,NA,NA,67,2025-05-29,11:37:16,5,1,"Kruse, Wilson",10090996,Left,NWL_KG,"Senior, Collin",1000273575,Right,LAK_C,Undefined,2,Top,2,0,0,Undefined,Slider,BallCalled,Undefined,Undefined,Undefined,0,0,NA,78.14667,0.275912,-0.439916,2117.400911,197.223004,12:30:00,6.47643,-1.02789,5.8746,-30.88864,14.68969,4.12394,4.15865,-1.09282,71.77506,-5.489055,0.300131,0.485904,NA,NA,NA,NA,NA,NA,NA,NA,NA,NA,NA,-2.21882,7.87319,1.06111,50,6.48086,0.71762,-113.54804,-0.34828,-2.90798,20.03954,-21.85537,NWL_KG,LAK_C,HOMERSTRYKER,NWL,NWL,20250529-HOMERSTRYKER-1,ccd476d0-3ca2-11f0-a835-f9cb0487f947,77.57177,NA,NA,6.37161,NA,NA,NA,NA,NA,NA,45d07472-c160-48e7-9a7d-8b154baa4dec,2025-05-29,15:37:16,2025-05-29T15:37:16Z,2025-05-29T15:37:16Z,NA,v3,NA,NA,NA,"Garner, Coleman",90000255834,Right,NWL_KG,446c047c-990e-44cb-8593-c0383e9ed8c1,54.6222,-114.36088,10.01977,6.477,0.53822,-10.92768,1.02961,0.83557,-1.45399,NA,NA,NA,NA,NA,NA,NA,NA,NA,NA,NA,NA,NA,NA,NA,NA,NA,NA,NA,NA,NA,NA,NA,NA,NA,NA,NA,NA,NA,NA,NA,NA,NA,NA,NA,NA,NA,NA,NA,NA,NA,NA,NA,NA,NA,NA,NA,NA,NA,NA,High,High,High,NA,NA,NA,NA,NA,NA,NA,NA,NA,NA,NA,NA,NA,NA,NA,NA,NA,NA,NA,NA,NA,NA,NA,NA,NA,NA,NA,NA,NA,NA,NA,NA,NA,NA,NA,NA,NA,NA,NA,NA,NA,NA,NA,NA,NA,NA,NA,NA,NA,NA,NA,NA,NA,NA,NA,NA,NA,NA
NA,NA,NA,NA,NA,NA,NA,NA,NA,NA,NA,NA,NA,NA,NA,NA,68,2025-05-29,11:38:06,5,2,"Kruse, Wilson",10090996,Left,NWL_KG,"Senior, Collin",1000273575,Right,LAK_C,Undefined,2,Top,2,1,0,Undefined,Slider,StrikeCalled,Undefined,Undefined,Undefined,0,0,NA,78.96997,-0.422715,-0.070086,2088.988827,194.214977,12:30:00,6.41795,-1.09317,5.99175,-32.91907,11.37564,2.55091,3.28294,-0.94554,72.89014,-6.538525,0.388967,0.479013,NA,NA,NA,NA,NA,NA,NA,NA,NA,NA,NA,-1.33043,6.36894,1.09729,50,6.36642,0.04719,-114.82156,-1.81717,-1.78782,19.95264,-23.61555,NWL_KG,LAK_C,HOMERSTRYKER,NWL,NWL,20250529-HOMERSTRYKER-1,ea3c6340-3ca2-11f0-a835-f9cb0487f947,78.68772,NA,NA,6.07984,NA,NA,NA,NA,NA,NA,45d07472-c160-48e7-9a7d-8b154baa4dec,2025-05-29,15:38:06,2025-05-29T15:38:06Z,2025-05-29T15:38:06Z,NA,v3,NA,NA,NA,"Garner, Coleman",90000255834,Right,NWL_KG,69a53399-0dde-450a-8075-50c60efa4b3f,54.50662,-115.60202,9.97632,6.41944,-0.89342,-11.80778,1.09408,0.11713,-0.89391,NA,NA,NA,NA,NA,NA,NA,NA,NA,NA,NA,NA,NA,NA,NA,NA,NA,NA,NA,NA,NA,NA,NA,NA,NA,NA,NA,NA,NA,NA,NA,NA,NA,NA,NA,NA,NA,NA,NA,NA,NA,NA,NA,NA,NA,NA,NA,NA,NA,NA,High,High,High,NA,NA,NA,NA,NA,NA,NA,NA,NA,NA,NA,NA,NA,NA,NA,NA,NA,NA,NA,NA,NA,NA,NA,NA,NA,NA,NA,NA,NA,NA,NA,NA,NA,NA,NA,NA,NA,NA,NA,NA,NA,NA,NA,NA,NA,NA,NA,NA,NA,NA,NA,NA,NA,NA,NA,NA,NA,NA
NA,NA,NA,NA,NA,NA,NA,NA,NA,NA,NA,NA,NA,NA,NA,NA,69,2025-05-29,11:38:26,5,3,"Kruse, Wilson",10090996,Left,NWL_KG,"Senior, Collin",1000273575,Right,LAK_C,Undefined,2,Top,2,1,1,Undefined,Slider,BallCalled,Undefined,Undefined,Undefined,0,0,NA,79.07722,0.6811,-0.340885,2072.371859,194.334761,12:30:00,6.45892,-1.08149,5.89005,-32.25856,11.70009,2.69225,4.40315,-1.17366,73.46125,-5.294972,0.142376,0.477192,NA,NA,NA,NA,NA,NA,NA,NA,NA,NA,NA,-1.46122,6.21111,1.1074,50,6.49501,0.58574,-115.05908,0.39875,-1.99062,18.10073,-23.71261,NWL_KG,LAK_C,HOMERSTRYKER,NWL,NWL,20250529-HOMERSTRYKER-1,f6119000-3ca2-11f0-a835-f9cb0487f947,78.98792,NA,NA,5.61598,NA,NA,NA,NA,NA,NA,45d07472-c160-48e7-9a7d-8b154baa4dec,2025-05-29,15:38:26,2025-05-29T15:38:26Z,2025-05-29T15:38:26Z,NA,v3,NA,NA,NA,"Garner, Coleman",90000255834,Right,NWL_KG,b5f74e93-3bfa-478a-a8fe-869dcbcee7ba,54.60941,-115.78195,9.05036,6.46018,1.34573,-11.8563,1.08241,0.66524,-0.99531,NA,NA,NA,NA,NA,NA,NA,NA,NA,NA,NA,NA,NA,NA,NA,NA,NA,NA,NA,NA,NA,NA,NA,NA,NA,NA,NA,NA,NA,NA,NA,NA,NA,NA,NA,NA,NA,NA,NA,NA,NA,NA,NA,NA,NA,NA,NA,NA,NA,NA,High,High,High,NA,NA,NA,NA,NA,NA,NA,NA,NA,NA,NA,NA,NA,NA,NA,NA,NA,NA,NA,NA,NA,NA,NA,NA,NA,NA,NA,NA,NA,NA,NA,NA,NA,NA,NA,NA,NA,NA,NA,NA,NA,NA,NA,NA,NA,NA,NA,NA,NA,NA,NA,NA,NA,NA,NA,NA,NA,NA
NA,NA,NA,NA,NA,NA,NA,NA,NA,NA,NA,NA,NA,NA,NA,NA,70,2025-05-29,11:38:48,5,4,"Kruse, Wilson",10090996,Left,NWL_KG,"Senior, Collin",1000273575,Right,LAK_C,Undefined,2,Top,2,2,1,Undefined,Slider,BallCalled,Undefined,Undefined,Undefined,0,0,NA,77.51211,-1.976918,2.287016,2113.785085,206.555389,01:00:00,6.40182,-0.87678,5.93162,-32.24077,14.14387,6.35363,1.87875,1.77568,71.5272,-7.946547,3.427446,0.490183,NA,NA,NA,NA,NA,NA,NA,NA,NA,NA,NA,-2.66532,8.23544,0.69037,50,6.22548,-4.71802,-112.51088,-4.81066,-3.4233,20.02974,-21.59651,NWL_KG,LAK_C,HOMERSTRYKER,NWL,NWL,20250529-HOMERSTRYKER-1,038d19c0-3ca3-11f0-a835-f9cb0487f947,76.89461,NA,NA,5.98491,NA,NA,NA,NA,NA,NA,45d07472-c160-48e7-9a7d-8b154baa4dec,2025-05-29,15:38:48,2025-05-29T15:38:48Z,2025-05-29T15:38:48Z,NA,v3,NA,NA,NA,"Garner, Coleman",90000255834,Right,NWL_KG,87585457-0ddf-4202-a054-fe2535b07a2c,54.56748,-113.32108,10.01487,6.40241,-3.93707,-10.79826,0.87842,-4.57954,-1.71165,NA,NA,NA,NA,NA,NA,NA,NA,NA,NA,NA,NA,NA,NA,NA,NA,NA,NA,NA,NA,NA,NA,NA,NA,NA,NA,NA,NA,NA,NA,NA,NA,NA,NA,NA,NA,NA,NA,NA,NA,NA,NA,NA,NA,NA,NA,NA,NA,NA,NA,High,High,High,NA,NA,NA,NA,NA,NA,NA,NA,NA,NA,NA,NA,NA,NA,NA,NA,NA,NA,NA,NA,NA,NA,NA,NA,NA,NA,NA,NA,NA,NA,NA,NA,NA,NA,NA,NA,NA,NA,NA,NA,NA,NA,NA,NA,NA,NA,NA,NA,NA,NA,NA,NA,NA,NA,NA,NA,NA,NA
NA,NA,NA,NA,NA,NA,NA,NA,NA,NA,NA,NA,NA,NA,NA,NA,71,2025-05-29,11:39:20,5,5,"Kruse, Wilson",10090996,Left,NWL_KG,"Senior, Collin",1000273575,Right,LAK_C,Undefined,2,Top,2,3,1,Undefined,Slider,InPlay,Undefined,LineDrive,Out,1,0,NA,81.11782,-0.503813,1.858726,2114.729331,189.315958,12:15:00,6.34721,-1.09647,6.0004,-30.53372,11.63658,1.69721,3.33565,0.76784,74.55447,-6.190813,2.163829,0.467385,62.29272,1.886564,-42.440642,2861.62002,NA,NA,NA,50.49612,50.00102,-43.188842,0.559901,-0.37295,6.51012,0.94928,50,6.29071,-3.88733,-117.85574,-1.94809,-0.52561,21.98763,-22.99962,NWL_KG,LAK_C,HOMERSTRYKER,NWL,NWL,20250529-HOMERSTRYKER-1,16d72660-3ca3-11f0-a835-f9cb0487f947,80.64537,3.9898,NA,6.56335,NA,NA,NA,1.95033,3.86712,-0.94495,45d07472-c160-48e7-9a7d-8b154baa4dec,2025-05-29,15:39:20,2025-05-29T15:39:20Z,2025-05-29T15:39:20Z,GroundBall,v3,NA,NA,NA,"Garner, Coleman",90000255834,Right,NWL_KG,d679dd80-4d03-4a2a-9724-23e5212c3e47,54.49874,-118.69207,10.99381,6.34817,-1.07326,-11.49981,1.09676,-3.86734,-0.26281,NA,1.95801,67.20176,-8.8511,NA,NA,NA,NA,NA,NA,3.87749,2.76038,-17.33063,NA,NA,NA,NA,NA,NA,-0.94397,-61.64364,2.86317,NA,NA,NA,NA,NA,NA,NA,NA,NA,NA,NA,NA,NA,NA,NA,NA,NA,NA,NA,NA,NA,NA,NA,NA,NA,NA,NA,NA,High,High,High,High,High,NA,NA,NA,NA,NA,NA,NA,NA,NA,NA,NA,NA,NA,NA,NA,NA,NA,NA,NA,NA,NA,NA,NA,NA,NA,NA,NA,NA,NA,NA,NA,NA,NA,NA,NA,NA,NA,NA,NA,NA,NA,NA,NA,NA,NA,NA,NA,NA,NA,NA,NA,NA,NA,NA,NA,NA
NA,NA,NA,NA,NA,NA,NA,NA,NA,NA,NA,NA,NA,NA,NA,NA,72,2025-05-29,11:42:25,1,1,"Robinson, Aaron",1000160454,Left,LAK_C,"Garner, Coleman",90000255834,Right,NWL_KG,Undefined,2,Bottom,0,0,0,Undefined,Sinker,FoulBallNotFieldable,Undefined,Undefined,Undefined,0,0,NA,89.32626,0.768958,4.013737,2353.988774,99.362641,09:15:00,4.84937,-2.092,5.78297,-32.15797,3.60347,-14.04902,2.88677,0.47767,80.45015,-5.199607,1.504938,0.430407,NA,NA,NA,NA,NA,NA,NA,NA,NA,NA,NA,8.44949,1.95457,1.76918,50,4.8937,-8.46325,-129.29528,0.59601,14.0935,30.64774,-28.91388,NWL_KG,LAK_C,HOMERSTRYKER,NWL,NWL,20250529-HOMERSTRYKER-1,84e48530-3ca3-11f0-a835-f9cb0487f947,87.57403,NA,NA,8.87612,NA,NA,NA,NA,NA,NA,45d07472-c160-48e7-9a7d-8b154baa4dec,2025-05-29,15:42:25,2025-05-29T15:42:25Z,2025-05-29T15:42:25Z,NA,v3,NA,NA,NA,"Reynolds, Drew",1000120249,Right,LAK_C,b316e97f-4a5f-4a7a-8d3b-c72dd5a72b01,54.7148,-130.40808,15.32387,4.853,1.64584,-14.45694,2.08576,-8.97497,7.04675,NA,NA,NA,NA,NA,NA,NA,NA,NA,NA,NA,NA,NA,NA,NA,NA,NA,NA,NA,NA,NA,NA,NA,NA,NA,NA,NA,NA,NA,NA,NA,NA,NA,NA,NA,NA,NA,NA,NA,NA,NA,NA,NA,NA,NA,NA,NA,NA,NA,NA,High,High,High,NA,NA,NA,NA,NA,NA,NA,NA,NA,NA,NA,NA,NA,NA,NA,NA,NA,NA,NA,NA,NA,NA,NA,NA,NA,NA,NA,NA,NA,NA,NA,NA,NA,NA,NA,NA,NA,NA,NA,NA,NA,NA,NA,NA,NA,NA,NA,NA,NA,NA,NA,NA,NA,NA,NA,NA,NA,NA
NA,NA,NA,NA,NA,NA,NA,NA,NA,NA,NA,NA,NA,NA,NA,NA,73,2025-05-29,11:42:49,1,2,"Robinson, Aaron",1000160454,Left,LAK_C,"Garner, Coleman",90000255834,Right,NWL_KG,Undefined,2,Bottom,0,0,1,Undefined,Sinker,BallCalled,Undefined,Undefined,Undefined,0,0,NA,88.44183,-0.34443,3.495823,2351.313829,78.068391,08:30:00,4.81689,-2.07096,5.91605,-38.23947,-2.02646,-15.66371,1.31002,-0.12792,80.06459,-7.401531,0.684691,0.433116,NA,NA,NA,NA,NA,NA,NA,NA,NA,NA,NA,9.07426,-0.49634,1.79913,50,4.76795,-7.15485,-128.15378,-2.14875,14.88211,29.90226,-32.98806,NWL_KG,LAK_C,HOMERSTRYKER,NWL,NWL,20250529-HOMERSTRYKER-1,92d27fd0-3ca3-11f0-a835-f9cb0487f947,87.02627,NA,NA,8.37724,NA,NA,NA,NA,NA,NA,45d07472-c160-48e7-9a7d-8b154baa4dec,2025-05-29,15:42:49,2025-05-29T15:42:49Z,2025-05-29T15:42:49Z,NA,v3,NA,NA,NA,"Reynolds, Drew",1000120249,Right,LAK_C,73ccefe4-b000-4792-9883-4e3c0fe7f47f,54.58179,-129.21843,14.95113,4.82355,-0.97423,-16.49403,2.06331,-7.68471,7.44105,NA,NA,NA,NA,NA,NA,NA,NA,NA,NA,NA,NA,NA,NA,NA,NA,NA,NA,NA,NA,NA,NA,NA,NA,NA,NA,NA,NA,NA,NA,NA,NA,NA,NA,NA,NA,NA,NA,NA,NA,NA,NA,NA,NA,NA,NA,NA,NA,NA,NA,High,High,High,NA,NA,NA,NA,NA,NA,NA,NA,NA,NA,NA,NA,NA,NA,NA,NA,NA,NA,NA,NA,NA,NA,NA,NA,NA,NA,NA,NA,NA,NA,NA,NA,NA,NA,NA,NA,NA,NA,NA,NA,NA,NA,NA,NA,NA,NA,NA,NA,NA,NA,NA,NA,NA,NA,NA,NA,NA,NA
NA,NA,NA,NA,NA,NA,NA,NA,NA,NA,NA,NA,NA,NA,NA,NA,74,2025-05-29,11:43:01,1,3,"Robinson, Aaron",1000160454,Left,LAK_C,"Garner, Coleman",90000255834,Right,NWL_KG,Undefined,2,Bottom,0,1,1,Undefined,Slider,BallCalled,Undefined,Undefined,Undefined,0,0,NA,85.45209,-1.118898,5.420385,2518.213701,214.439281,01:15:00,4.82905,-2.38074,5.55293,-33.46466,5.63536,3.02457,0.99,2.95125,78.45361,-7.231628,5.955547,0.450049,NA,NA,NA,NA,NA,NA,NA,NA,NA,NA,NA,-0.01933,3.43173,1.90853,50,4.70942,-11.84439,-123.57945,-3.5739,-0.0298,25.27541,-26.88208,NWL_KG,LAK_C,HOMERSTRYKER,NWL,NWL,20250529-HOMERSTRYKER-1,9a375a20-3ca3-11f0-a835-f9cb0487f947,83.75184,NA,NA,6.99849,NA,NA,NA,NA,NA,NA,45d07472-c160-48e7-9a7d-8b154baa4dec,2025-05-29,15:43:01,2025-05-29T15:43:01Z,2025-05-29T15:43:01Z,NA,v3,NA,NA,NA,"Reynolds, Drew",1000120249,Right,LAK_C,ce7fcb50-0ea2-4671-a05e-42b7566b805c,54.94911,-124.58757,12.6377,4.83058,-2.5017,-13.44104,2.38092,-11.8432,-0.0149,NA,NA,NA,NA,NA,NA,NA,NA,NA,NA,NA,NA,NA,NA,NA,NA,NA,NA,NA,NA,NA,NA,NA,NA,NA,NA,NA,NA,NA,NA,NA,NA,NA,NA,NA,NA,NA,NA,NA,NA,NA,NA,NA,NA,NA,NA,NA,NA,NA,NA,High,High,High,NA,NA,NA,NA,NA,NA,NA,NA,NA,NA,NA,NA,NA,NA,NA,NA,NA,NA,NA,NA,NA,NA,NA,NA,NA,NA,NA,NA,NA,NA,NA,NA,NA,NA,NA,NA,NA,NA,NA,NA,NA,NA,NA,NA,NA,NA,NA,NA,NA,NA,NA,NA,NA,NA,NA,NA,NA,NA
NA,NA,NA,NA,NA,NA,NA,NA,NA,NA,NA,NA,NA,NA,NA,NA,75,2025-05-29,11:43:22,1,4,"Robinson, Aaron",1000160454,Left,LAK_C,"Garner, Coleman",90000255834,Right,NWL_KG,Undefined,2,Bottom,0,2,1,Undefined,Slider,StrikeSwinging,Undefined,Undefined,Undefined,0,0,NA,84.38456,0.92375,2.665055,2494.338658,214.574721,01:15:00,4.8674,-2.61032,5.31441,-34.51317,5.80977,3.10288,2.85931,0.15136,76.8982,-5.411218,3.214866,0.457033,NA,NA,NA,NA,NA,NA,NA,NA,NA,NA,NA,-0.77437,3.05756,2.36636,50,4.92651,-5.82745,-122.28554,0.73122,-1.16812,24.96498,-27.56171,NWL_KG,LAK_C,HOMERSTRYKER,NWL,NWL,20250529-HOMERSTRYKER-1,a68f2460-3ca3-11f0-a835-f9cb0487f947,82.47203,NA,NA,7.48635,NA,NA,NA,NA,NA,NA,45d07472-c160-48e7-9a7d-8b154baa4dec,2025-05-29,15:43:22,2025-05-29T15:43:22Z,2025-05-29T15:43:22Z,NA,v3,NA,NA,NA,"Reynolds, Drew",1000120249,Right,LAK_C,8e0a5f1c-a494-48e7-9a53-e614a4dcdfe1,55.18202,-123.33893,12.48249,4.87112,1.89418,-13.78085,2.6112,-5.77816,-0.58406,NA,NA,NA,NA,NA,NA,NA,NA,NA,NA,NA,NA,NA,NA,NA,NA,NA,NA,NA,NA,NA,NA,NA,NA,NA,NA,NA,NA,NA,NA,NA,NA,NA,NA,NA,NA,NA,NA,NA,NA,NA,NA,NA,NA,NA,NA,NA,NA,NA,NA,High,High,High,NA,NA,NA,NA,NA,NA,NA,NA,NA,NA,NA,NA,NA,NA,NA,NA,NA,NA,NA,NA,NA,NA,NA,NA,NA,NA,NA,NA,NA,NA,NA,NA,NA,NA,NA,NA,NA,NA,NA,NA,NA,NA,NA,NA,NA,NA,NA,NA,NA,NA,NA,NA,NA,NA,NA,NA,NA,NA
NA,NA,NA,NA,NA,NA,NA,NA,NA,NA,NA,NA,NA,NA,NA,NA,76,2025-05-29,11:43:38,1,5,"Robinson, Aaron",1000160454,Left,LAK_C,"Garner, Coleman",90000255834,Right,NWL_KG,Undefined,2,Bottom,0,2,2,Undefined,Sinker,InPlay,Undefined,GroundBall,Single,0,0,NA,88.01087,0.882701,3.276618,2441.453756,96.244476,09:15:00,4.87034,-2.41077,5.97387,-33.58116,2.8304,-14.25257,2.89163,-0.55759,79.54905,-5.362409,0.718869,0.434301,88.69876,1.745133,-0.346446,808.21123,NA,NA,NA,64.29482,57.56221,1.633025,0.527574,8.3417,1.5435,2.1592,50,4.92177,-6.71012,-127.57469,0.81969,13.58197,29.19495,-29.66091,NWL_KG,LAK_C,HOMERSTRYKER,NWL,NWL,20250529-HOMERSTRYKER-1,b02e5e50-3ca3-11f0-a835-f9cb0487f947,86.78868,3.0542,NA,8.46182,NA,NA,NA,0.66403,2.84327,0.54608,45d07472-c160-48e7-9a7d-8b154baa4dec,2025-05-29,15:43:38,2025-05-29T15:43:38Z,2025-05-29T15:43:38Z,GroundBall,v3,NA,NA,NA,"Reynolds, Drew",1000120249,Right,LAK_C,f559ac95-3d90-4bbc-ba49-4d5428f08a87,54.52444,-128.60592,14.59747,4.87431,1.86738,-14.83046,2.40469,-7.18987,6.79098,287.289785,0.683,129.54459,-17.16086,NA,NA,NA,NA,NA,NA,2.8561,3.63472,-17.19432,NA,NA,NA,NA,NA,NA,0.53496,-0.50107,5.64782,NA,NA,NA,NA,NA,NA,NA,NA,NA,NA,NA,NA,NA,NA,NA,NA,NA,NA,NA,NA,NA,NA,NA,NA,NA,NA,NA,NA,High,High,High,High,High,NA,NA,NA,NA,NA,NA,NA,NA,NA,NA,NA,NA,NA,NA,NA,NA,NA,NA,NA,NA,NA,NA,NA,NA,NA,NA,NA,NA,NA,NA,NA,NA,NA,NA,NA,NA,NA,NA,NA,NA,NA,NA,NA,NA,NA,NA,NA,NA,NA,NA,NA,NA,NA,NA,NA,NA
NA,NA,NA,NA,NA,NA,NA,NA,NA,NA,NA,NA,NA,NA,NA,NA,77,2025-05-29,11:44:12,2,1,"Robinson, Aaron",1000160454,Left,LAK_C,"Dickerson, Gage",10105216,Right,NWL_KG,Undefined,2,Bottom,0,0,0,Undefined,Changeup,BallCalled,Undefined,Undefined,Undefined,1,0,NA,86.39915,1.033144,1.035099,2307.609304,106.405728,09:30:00,4.69331,-2.04952,6.20252,-32.2538,4.77646,-12.23469,2.95941,-2.11352,78.84881,-4.988272,-1.174101,0.437975,NA,NA,NA,NA,NA,NA,NA,NA,NA,NA,NA,6.59252,2.55894,1.97748,50,4.75498,-1.77826,-125.54627,1.22622,10.49372,26.05567,-28.10082,NWL_KG,LAK_C,HOMERSTRYKER,NWL,NWL,20250529-HOMERSTRYKER-1,c47fa1c0-3ca3-11f0-a835-f9cb0487f947,86.06062,NA,NA,7.55034,NA,NA,NA,NA,NA,NA,45d07472-c160-48e7-9a7d-8b154baa4dec,2025-05-29,15:44:12,2025-05-29T15:44:12Z,2025-05-29T15:44:12Z,NA,v3,NA,NA,NA,"Reynolds, Drew",1000120249,Right,LAK_C,dc2a5969-a8b9-49a5-9416-fa6ce1a6f5ae,54.29548,-126.4346,13.02783,4.69684,2.1842800000000002,-14.05041,2.04421,-2.13603,5.24686,NA,NA,NA,NA,NA,NA,NA,NA,NA,NA,NA,NA,NA,NA,NA,NA,NA,NA,NA,NA,NA,NA,NA,NA,NA,NA,NA,NA,75.50177,NA,NA,1.299658,NA,NA,NA,3.07463,5.52929,5.70323,127.28376,3.99855,1.24476,3.23231,107.69321,-9.50681,5.55938,14.69886,-12.25311,5.62709,-7.76834,3.42348,High,High,High,NA,NA,High,High,High,NA,NA,NA,NA,NA,NA,NA,NA,NA,NA,NA,NA,NA,NA,NA,NA,NA,NA,NA,NA,NA,NA,NA,NA,NA,NA,NA,NA,NA,NA,NA,NA,NA,NA,NA,NA,NA,NA,NA,NA,NA,NA,NA,NA,NA,NA,NA,NA,NA,NA,NA,NA,NA
NA,NA,NA,NA,NA,NA,NA,NA,NA,NA,NA,NA,NA,NA,NA,NA,78,2025-05-29,11:44:40,2,2,"Robinson, Aaron",1000160454,Left,LAK_C,"Dickerson, Gage",10105216,Right,NWL_KG,Undefined,2,Bottom,1,1,0,Undefined,Slider,BallCalled,Undefined,Undefined,Undefined,0,0,NA,85.02726,-0.649218,3.971144,2530.771745,159.778611,11:15:00,4.74154,-2.57667,5.45381,-34.22695,5.17048,-1.45299,1.28006,1.0257,78.05367,-6.909719,3.713357,0.451757,NA,NA,NA,NA,NA,NA,NA,NA,NA,NA,NA,1.83941,3.11729,2.22697,50,4.6605,-8.49281,-123.20203,-2.60856,2.82854,24.3679,-27.38051,NWL_KG,LAK_C,HOMERSTRYKER,NWL,NWL,20250529-HOMERSTRYKER-1,d5284f90-3ca3-11f0-a835-f9cb0487f947,83.43513,NA,NA,6.97359,NA,NA,NA,NA,NA,NA,45d07472-c160-48e7-9a7d-8b154baa4dec,2025-05-29,15:44:40,2025-05-29T15:44:40Z,2025-05-29T15:44:40Z,NA,v3,NA,NA,NA,"Reynolds, Drew",1000120249,Right,LAK_C,810f5c96-3cbd-4c6e-813c-e9af3d0f1162,55.04603,-124.19606,12.18395,4.74413,-1.49163,-13.69026,2.57576,-8.60819,1.41427,NA,NA,NA,NA,NA,NA,NA,NA,NA,NA,NA,NA,NA,NA,NA,NA,NA,NA,NA,NA,NA,NA,NA,NA,NA,NA,NA,NA,NA,NA,NA,NA,NA,NA,NA,NA,NA,NA,NA,NA,NA,NA,NA,NA,NA,NA,NA,NA,NA,NA,High,High,High,NA,NA,NA,NA,NA,NA,NA,NA,NA,NA,NA,NA,NA,NA,NA,NA,NA,NA,NA,NA,NA,NA,NA,NA,NA,NA,NA,NA,NA,NA,NA,NA,NA,NA,NA,NA,NA,NA,NA,NA,NA,NA,NA,NA,NA,NA,NA,NA,NA,NA,NA,NA,NA,NA,NA,NA,NA,NA
NA,NA,NA,NA,NA,NA,NA,NA,NA,NA,NA,NA,NA,NA,NA,NA,79,2025-05-29,11:45:18,2,3,"Robinson, Aaron",1000160454,Left,LAK_C,"Dickerson, Gage",10105216,Right,NWL_KG,Undefined,2,Bottom,1,2,0,Undefined,Sinker,StrikeCalled,Undefined,Undefined,Undefined,0,0,NA,87.3206,0.868634,4.608805,2350.694052,82.06296,08:45:00,4.70162,-2.23629,5.90645,-38.33723,-1.01528,-16.99198,2.31582,0.63497,78.6643,-6.223815,1.569362,0.439697,NA,NA,NA,NA,NA,NA,NA,NA,NA,NA,NA,10.13882,-0.37693,1.87502,50,4.75001,-9.46302,-126.32718,0.57004,16.13243,29.42221,-32.77377,NWL_KG,LAK_C,HOMERSTRYKER,NWL,NWL,20250529-HOMERSTRYKER-1,ebc44650-3ca3-11f0-a835-f9cb0487f947,85.72365,NA,NA,8.6563,NA,NA,NA,NA,NA,NA,45d07472-c160-48e7-9a7d-8b154baa4dec,2025-05-29,15:45:18,2025-05-29T15:45:18Z,2025-05-29T15:45:18Z,NA,v3,NA,NA,NA,"Reynolds, Drew",1000120249,Right,LAK_C,bd76a022-d67d-4c49-ab0f-14933fa739e0,54.59158,-127.39209,14.71111,4.70791,1.75625,-16.38689,2.22809,-10.04692,8.06621,NA,NA,NA,NA,NA,NA,NA,NA,NA,NA,NA,NA,NA,NA,NA,NA,NA,NA,NA,NA,NA,NA,NA,NA,NA,NA,NA,NA,NA,NA,NA,NA,NA,NA,NA,NA,NA,NA,NA,NA,NA,NA,NA,NA,NA,NA,NA,NA,NA,NA,High,High,High,NA,NA,NA,NA,NA,NA,NA,NA,NA,NA,NA,NA,NA,NA,NA,NA,NA,NA,NA,NA,NA,NA,NA,NA,NA,NA,NA,NA,NA,NA,NA,NA,NA,NA,NA,NA,NA,NA,NA,NA,NA,NA,NA,NA,NA,NA,NA,NA,NA,NA,NA,NA,NA,NA,NA,NA,NA,NA
NA,NA,NA,NA,NA,NA,NA,NA,NA,NA,NA,NA,NA,NA,NA,NA,80,2025-05-29,11:45:30,2,4,"Robinson, Aaron",1000160454,Left,LAK_C,"Dickerson, Gage",10105216,Right,NWL_KG,Undefined,2,Bottom,1,2,1,Undefined,Sinker,BallCalled,Undefined,Undefined,Undefined,0,0,NA,87.24093,1.167194,2.882144,2329.203348,115.033541,09:45:00,4.84223,-2.14163,5.89994,-29.74494,7.66122,-13.43922,3.44856,-0.58371,78.23006,-4.408693,0.473512,0.440193,NA,NA,NA,NA,NA,NA,NA,NA,NA,NA,NA,7.72615,3.96406,1.91691,50,4.91962,-5.77339,-126.32511,1.58557,12.26043,30.04791,-25.88357,NWL_KG,LAK_C,HOMERSTRYKER,NWL,NWL,20250529-HOMERSTRYKER-1,f316d120-3ca3-11f0-a835-f9cb0487f947,85.62711,NA,NA,9.01087,NA,NA,NA,NA,NA,NA,45d07472-c160-48e7-9a7d-8b154baa4dec,2025-05-29,15:45:30,2025-05-29T15:45:30Z,2025-05-29T15:45:30Z,NA,v3,NA,NA,NA,"Reynolds, Drew",1000120249,Right,LAK_C,cd5b9442-1948-42d9-a4c8-8bc4d8c2a29d,54.59401,-127.41316,15.02396,4.84524,2.52283,-12.94179,2.13401,-6.21734,6.13022,NA,NA,NA,NA,NA,NA,NA,NA,NA,NA,NA,NA,NA,NA,NA,NA,NA,NA,NA,NA,NA,NA,NA,NA,NA,NA,NA,NA,NA,NA,NA,NA,NA,NA,NA,NA,NA,NA,NA,NA,NA,NA,NA,NA,NA,NA,NA,NA,NA,NA,High,High,High,NA,NA,NA,NA,NA,NA,NA,NA,NA,NA,NA,NA,NA,NA,NA,NA,NA,NA,NA,NA,NA,NA,NA,NA,NA,NA,NA,NA,NA,NA,NA,NA,NA,NA,NA,NA,NA,NA,NA,NA,NA,NA,NA,NA,NA,NA,NA,NA,NA,NA,NA,NA,NA,NA,NA,NA,NA,NA
NA,NA,NA,NA,NA,NA,NA,NA,NA,NA,NA,NA,NA,NA,NA,NA,81,2025-05-29,11:45:43,2,5,"Robinson, Aaron",1000160454,Left,LAK_C,"Dickerson, Gage",10105216,Right,NWL_KG,Undefined,2,Bottom,1,3,1,Undefined,Sinker,FoulBallNotFieldable,Undefined,Undefined,Undefined,0,0,NA,87.84699,0.802361,3.553251,2343.679892,112.62167,09:45:00,4.83897,-2.32577,5.87454,-29.87344,6.29138,-12.46442,3.09621,-0.06004,80.5034,-4.735345,1.32248,0.432827,74.59267,24.340929,123.849556,2763.840322,-66.59663,19.68817,87.54881,160.88045,52.59878,128.41347,1.95307,7.3213800000000004,3.33961,2.04541,50,4.8866,-7.39638,-127.46151,0.76997,12.09444,25.18237,-26.65725,NWL_KG,LAK_C,HOMERSTRYKER,NWL,NWL,20250529-HOMERSTRYKER-1,fa9a5700-3ca3-11f0-a835-f9cb0487f947,87.08423,22.22441,NA,7.34358,NA,NA,NA,-0.29945,2.86268,0.1047,45d07472-c160-48e7-9a7d-8b154baa4dec,2025-05-29,15:45:43,2025-05-29T15:45:43Z,2025-05-29T15:45:43Z,LineDrive,v3,NA,NA,NA,"Reynolds, Drew",1000120249,Right,LAK_C,3c80c6fb-d91c-427b-8eae-f492362fa743,54.6249,-128.37199,12.59118,4.84134,1.73378,-13.32863,2.32073,-7.83366,6.04722,NA,-0.29945,-55.5219,1.05056,1.08962,-0.37938,0.10353,-0.01761,0.00217,-1.3e-4,2.86269,45.09176,-29.10356,3.90175,-0.86477,0.16811,-0.02697,0.00328,-1.7e-4,0.1047,82.78239,-12.60784,2.39596,-0.50071,0.08335,-0.01193,7.4e-4,7e-5,NA,NA,NA,NA,NA,NA,NA,NA,NA,NA,NA,NA,NA,NA,NA,NA,NA,NA,NA,NA,NA,NA,High,High,High,High,Low,NA,NA,NA,NA,NA,NA,NA,NA,NA,NA,NA,NA,NA,NA,NA,NA,NA,NA,NA,NA,NA,NA,NA,NA,NA,NA,NA,NA,NA,NA,NA,NA,NA,NA,NA,NA,NA,NA,NA,NA,NA,NA,NA,NA,NA,NA,NA,NA,NA,NA,NA,NA,NA,NA,NA,NA
NA,NA,NA,NA,NA,NA,NA,NA,NA,NA,NA,NA,NA,NA,NA,NA,82,2025-05-29,11:46:00,2,6,"Robinson, Aaron",1000160454,Left,LAK_C,"Dickerson, Gage",10105216,Right,NWL_KG,Undefined,2,Bottom,1,3,2,Undefined,Sinker,InPlay,Undefined,GroundBall,Error,0,0,NA,89.02594,0.045627,4.10847,2325.106723,119.684752,10:00:00,4.81438,-2.23877,6.10993,-27.27187,7.75489,-11.68134,2.58403,0.5933,81.41379,-5.043311,2.010545,0.425963,69.42081,-3.122943,-15.186623,NA,NA,NA,NA,26.01024,26.01024,-15.433375,0.246885,7.19485,4.31044,1.92915,50,4.80353,-8.80436,-129.12105,-0.78547,12.15679,26.67369,-24.89088,NWL_KG,LAK_C,HOMERSTRYKER,NWL,NWL,20250529-HOMERSTRYKER-1,0513c450-3ca4-11f0-a835-f9cb0487f947,88.48767,2.55771,NA,7.61215,NA,NA,NA,1.42179,2.55771,-0.61883,45d07472-c160-48e7-9a7d-8b154baa4dec,2025-05-29,15:46:00,2025-05-29T15:46:00Z,2025-05-29T15:46:00Z,GroundBall,v3,NA,NA,NA,"Reynolds, Drew",1000120249,Right,LAK_C,3edf165d-e5fa-4e38-baa3-a1c7060c4df4,54.3899,-130.02475,13.33685,4.81585,0.05783,-12.44544,2.23442,-9.21623,6.0784,335.517625,1.42216,98.09554,-9.32705,NA,NA,NA,NA,NA,NA,2.55888,-5.60986,-19.27879,NA,NA,NA,NA,NA,NA,-0.61916,-26.61496,4.40562,NA,NA,NA,NA,NA,NA,NA,NA,NA,NA,NA,NA,NA,NA,NA,NA,NA,NA,NA,NA,NA,NA,NA,NA,NA,NA,NA,NA,High,High,High,High,High,NA,NA,NA,NA,NA,NA,NA,NA,NA,NA,NA,NA,NA,NA,NA,NA,NA,NA,NA,NA,NA,NA,NA,NA,NA,NA,NA,NA,NA,NA,NA,NA,NA,NA,NA,NA,NA,NA,NA,NA,NA,NA,NA,NA,NA,NA,NA,NA,NA,NA,NA,NA,NA,NA,NA,NA
NA,NA,NA,NA,NA,NA,NA,NA,NA,NA,NA,NA,NA,NA,NA,NA,83,2025-05-29,11:50:35,3,1,"Robinson, Aaron",1000160454,Left,LAK_C,"Crisp, JD",825759,Right,NWL_KG,Undefined,2,Bottom,1,0,0,Undefined,Changeup,BallCalled,Undefined,Undefined,Undefined,0,0,NA,86.14652,2.94915,-0.568155,2149.640323,120.645639,10:00:00,4.92684,-2.15896,5.84633,-30.53261,7.14788,-10.15662,5.12558,-3.53334,78.70434,-2.725849,-2.387316,0.441804,NA,NA,NA,NA,NA,NA,NA,NA,NA,NA,NA,4.94677,3.24914,2.2106,50,5.14935,1.67701,-124.98842,5.41065,7.85004,24.44534,-27.01798,NWL_KG,LAK_C,HOMERSTRYKER,NWL,NWL,20250529-HOMERSTRYKER-1,a8e15c50-3ca4-11f0-a835-f9cb0487f947,85.31485,NA,NA,7.44218,NA,NA,NA,NA,NA,NA,45d07472-c160-48e7-9a7d-8b154baa4dec,2025-05-29,15:50:35,2025-05-29T15:50:35Z,2025-05-29T15:50:35Z,NA,v3,NA,NA,NA,"Reynolds, Drew",1000120249,Right,LAK_C,d8f3836c-3886-491d-acdc-edfc709b4d7a,54.64946,-125.89448,12.22267,4.93025,6.41206,-13.50899,2.15384,1.38605,3.92502,NA,NA,NA,NA,NA,NA,NA,NA,NA,NA,NA,NA,NA,NA,NA,NA,NA,NA,NA,NA,NA,NA,NA,NA,NA,NA,NA,NA,NA,NA,NA,NA,NA,NA,NA,NA,NA,NA,NA,NA,NA,NA,NA,NA,NA,NA,NA,NA,NA,NA,High,High,High,NA,NA,NA,NA,NA,NA,NA,NA,NA,NA,NA,NA,NA,NA,NA,NA,NA,NA,NA,NA,NA,NA,NA,NA,NA,NA,NA,NA,NA,NA,NA,NA,NA,NA,NA,NA,NA,NA,NA,NA,NA,NA,NA,NA,NA,NA,NA,NA,NA,NA,NA,NA,NA,NA,NA,NA,NA,NA
NA,NA,NA,NA,NA,NA,NA,NA,NA,NA,NA,NA,NA,NA,NA,NA,84,2025-05-29,11:51:10,3,2,"Robinson, Aaron",1000160454,Left,LAK_C,"Crisp, JD",825759,Right,NWL_KG,Undefined,2,Bottom,1,1,0,Undefined,Sinker,BallCalled,Undefined,Undefined,Undefined,0,0,NA,86.18552,0.186228,1.056459,2124.573682,145.856598,10:45:00,4.9197,-2.05003,5.89234,-27.35198,9.88375,-5.98335,2.8133,-1.56764,79.51252,-4.896233,-0.017564,0.439189,NA,NA,NA,NA,NA,NA,NA,NA,NA,NA,NA,3.32201,5.3541,1.96834,50,4.9189,-2.06721,-125.31718,-0.48589,5.33385,23.03032,-23.5774,NWL_KG,LAK_C,HOMERSTRYKER,NWL,NWL,20250529-HOMERSTRYKER-1,bddb14c0-3ca4-11f0-a835-f9cb0487f947,85.82285,NA,NA,6.673,NA,NA,NA,NA,NA,NA,45d07472-c160-48e7-9a7d-8b154baa4dec,2025-05-29,15:51:10,2025-05-29T15:51:10Z,2025-05-29T15:51:10Z,NA,v3,NA,NA,NA,"Reynolds, Drew",1000120249,Right,LAK_C,b968f629-4491-4300-a3c1-5f16c87e8e27,54.60634,-126.16087,11.51516,4.92088,0.37784,-11.7887,2.04765,-2.26261,2.66692,NA,NA,NA,NA,NA,NA,NA,NA,NA,NA,NA,NA,NA,NA,NA,NA,NA,NA,NA,NA,NA,NA,NA,NA,NA,NA,NA,NA,NA,NA,NA,NA,NA,NA,NA,NA,NA,NA,NA,NA,NA,NA,NA,NA,NA,NA,NA,NA,NA,NA,High,High,High,NA,NA,NA,NA,NA,NA,NA,NA,NA,NA,NA,NA,NA,NA,NA,NA,NA,NA,NA,NA,NA,NA,NA,NA,NA,NA,NA,NA,NA,NA,NA,NA,NA,NA,NA,NA,NA,NA,NA,NA,NA,NA,NA,NA,NA,NA,NA,NA,NA,NA,NA,NA,NA,NA,NA,NA,NA,NA
NA,NA,NA,NA,NA,NA,NA,NA,NA,NA,NA,NA,NA,NA,NA,NA,85,2025-05-29,11:51:33,3,3,"Robinson, Aaron",1000160454,Left,LAK_C,"Crisp, JD",825759,Right,NWL_KG,Undefined,2,Bottom,1,2,0,Undefined,Changeup,StrikeCalled,Undefined,Undefined,Undefined,0,0,NA,85.44828,0.071698,4.12512,2226.401753,104.814606,09:30:00,4.75878,-2.07325,6.19276,-33.21494,4.9154,-13.79816,2.05723,0.59192,77.79376,-6.119183,1.641719,0.444433,NA,NA,NA,NA,NA,NA,NA,NA,NA,NA,NA,8.33107,2.91347,1.76878,50,4.74761,-8.39019,-123.86548,-0.89989,12.87403,25.97519,-27.67184,NWL_KG,LAK_C,HOMERSTRYKER,NWL,NWL,20250529-HOMERSTRYKER-1,cb47f880-3ca4-11f0-a835-f9cb0487f947,84.81008,NA,NA,7.65452,NA,NA,NA,NA,NA,NA,45d07472-c160-48e7-9a7d-8b154baa4dec,2025-05-29,15:51:33,2025-05-29T15:51:33Z,2025-05-29T15:51:33Z,NA,v3,NA,NA,NA,"Reynolds, Drew",1000120249,Right,LAK_C,8b57e48a-8322-4bd2-9939-949f9b648da6,54.30565,-124.76513,12.9876,4.76218,0.05852,-13.83592,2.0671,-8.83608,6.43701,NA,NA,NA,NA,NA,NA,NA,NA,NA,NA,NA,NA,NA,NA,NA,NA,NA,NA,NA,NA,NA,NA,NA,NA,NA,NA,NA,NA,NA,NA,NA,NA,NA,NA,NA,NA,NA,NA,NA,NA,NA,NA,NA,NA,NA,NA,NA,NA,NA,NA,High,High,High,NA,NA,NA,NA,NA,NA,NA,NA,NA,NA,NA,NA,NA,NA,NA,NA,NA,NA,NA,NA,NA,NA,NA,NA,NA,NA,NA,NA,NA,NA,NA,NA,NA,NA,NA,NA,NA,NA,NA,NA,NA,NA,NA,NA,NA,NA,NA,NA,NA,NA,NA,NA,NA,NA,NA,NA,NA,NA
NA,NA,NA,NA,NA,NA,NA,NA,NA,NA,NA,NA,NA,NA,NA,NA,86,2025-05-29,11:51:56,3,4,"Robinson, Aaron",1000160454,Left,LAK_C,"Crisp, JD",825759,Right,NWL_KG,Undefined,2,Bottom,1,2,1,Undefined,Slider,StrikeSwinging,Undefined,Undefined,Undefined,0,0,NA,82.65475,0.536711,3.430649,2516.680576,181.729933,12:00:00,4.76449,-2.26128,5.51081,-36.73392,4.78528,0.10606,2.20615,0.9595,75.85085,-6.198226,3.449492,0.463763,NA,NA,NA,NA,NA,NA,NA,NA,NA,NA,NA,0.88453,2.64496,1.96172,50,4.78665,-7.18868,-119.84394,-0.13682,1.28858,22.79945,-28.32093,NWL_KG,LAK_C,HOMERSTRYKER,NWL,NWL,20250529-HOMERSTRYKER-1,d9259f70-3ca4-11f0-a835-f9cb0487f947,81.27526,NA,NA,6.8039,NA,NA,NA,NA,NA,NA,45d07472-c160-48e7-9a7d-8b154baa4dec,2025-05-29,15:51:56,2025-05-29T15:51:56Z,2025-05-29T15:51:56Z,NA,v3,NA,NA,NA,"Reynolds, Drew",1000120249,Right,LAK_C,64206b38-3d6c-47e1-91ef-b61b63a09fe7,54.98808,-120.78916,11.39972,4.76799,1.03731,-14.16046,2.26086,-7.24211,0.64429,NA,NA,NA,NA,NA,NA,NA,NA,NA,NA,NA,NA,NA,NA,NA,NA,NA,NA,NA,NA,NA,NA,NA,NA,NA,NA,NA,NA,NA,NA,NA,NA,NA,NA,NA,NA,NA,NA,NA,NA,NA,NA,NA,NA,NA,NA,NA,NA,NA,NA,High,High,High,NA,NA,NA,NA,NA,NA,NA,NA,NA,NA,NA,NA,NA,NA,NA,NA,NA,NA,NA,NA,NA,NA,NA,NA,NA,NA,NA,NA,NA,NA,NA,NA,NA,NA,NA,NA,NA,NA,NA,NA,NA,NA,NA,NA,NA,NA,NA,NA,NA,NA,NA,NA,NA,NA,NA,NA,NA,NA
NA,NA,NA,NA,NA,NA,NA,NA,NA,NA,NA,NA,NA,NA,NA,NA,87,2025-05-29,11:52:19,3,5,"Robinson, Aaron",1000160454,Left,LAK_C,"Crisp, JD",825759,Right,NWL_KG,Undefined,2,Bottom,1,2,2,Undefined,Slider,FoulBallNotFieldable,Undefined,Undefined,Undefined,0,0,NA,84.46826,0.595785,2.735912,2509.805208,170.027308,11:45:00,4.88551,-2.1253,5.4836,-32.91596,7.14949,-1.02276,2.70058,0.35115,76.80131,-5.479247,2.554066,0.455571,NA,NA,NA,NA,NA,NA,NA,NA,NA,NA,NA,1.33646,3.7941,1.88601,50,4.91552,-5.8089,-122.44521,0.13868,2.01469,25.76847,-26.45453,NWL_KG,LAK_C,HOMERSTRYKER,NWL,NWL,20250529-HOMERSTRYKER-1,e6f7fbc0-3ca4-11f0-a835-f9cb0487f947,82.73665,NA,NA,7.66695,NA,NA,NA,NA,NA,NA,45d07472-c160-48e7-9a7d-8b154baa4dec,2025-05-29,15:52:19,2025-05-29T15:52:19Z,2025-05-29T15:52:19Z,NA,v3,NA,NA,NA,"Reynolds, Drew",1000120249,Right,LAK_C,7b50dd41-a7aa-4d47-b05e-20e569777db3,55.01485,-123.49608,12.88424,4.88786,1.21752,-13.22726,2.12457,-5.89106,1.00735,NA,NA,NA,NA,NA,NA,NA,NA,NA,NA,NA,NA,NA,NA,NA,NA,NA,NA,NA,NA,NA,NA,NA,NA,NA,NA,NA,NA,NA,NA,NA,NA,NA,NA,NA,NA,NA,NA,NA,NA,NA,NA,NA,NA,NA,NA,NA,NA,NA,NA,High,High,High,NA,NA,NA,NA,NA,NA,NA,NA,NA,NA,NA,NA,NA,NA,NA,NA,NA,NA,NA,NA,NA,NA,NA,NA,NA,NA,NA,NA,NA,NA,NA,NA,NA,NA,NA,NA,NA,NA,NA,NA,NA,NA,NA,NA,NA,NA,NA,NA,NA,NA,NA,NA,NA,NA,NA,NA,NA,NA
NA,NA,NA,NA,NA,NA,NA,NA,NA,NA,NA,NA,NA,NA,NA,NA,88,2025-05-29,11:52:48,3,6,"Robinson, Aaron",1000160454,Left,LAK_C,"Crisp, JD",825759,Right,NWL_KG,Undefined,2,Bottom,1,2,2,Undefined,Curveball,StrikeSwinging,Strikeout,Undefined,Undefined,0,0,NA,75.5642,2.27219,1.977703,2259.822959,281.694345,03:30:00,4.39297,-2.35482,5.22213,-51.92019,-1.18469,13.91993,2.20493,0.66529,68.77573,-7.187621,4.440995,0.512658,NA,NA,NA,NA,NA,NA,NA,NA,NA,NA,NA,-6.33028,-0.78158,2.16149,50,4.56401,-4.32442,-109.46197,2.60578,-7.60174,21.17173,-33.11259,NWL_KG,LAK_C,HOMERSTRYKER,NWL,NWL,20250529-HOMERSTRYKER-1,f867ca20-3ca4-11f0-a835-f9cb0487f947,73.52361,NA,NA,6.78848,NA,NA,NA,NA,NA,NA,45d07472-c160-48e7-9a7d-8b154baa4dec,2025-05-29,15:52:48,2025-05-29T15:52:48Z,2025-05-29T15:52:48Z,NA,v3,NA,NA,NA,"Reynolds, Drew",1000120249,Right,LAK_C,4d710af8-9f5b-4f52-bd7c-6a89952910e1,55.27663,-110.47784,10.58587,4.40086,4.19461,-16.5563,2.36024,-3.95967,-3.80087,NA,NA,NA,NA,NA,NA,NA,NA,NA,NA,NA,NA,NA,NA,NA,NA,NA,NA,NA,NA,NA,NA,NA,NA,NA,NA,NA,NA,NA,NA,NA,NA,NA,NA,NA,NA,NA,NA,NA,NA,NA,NA,NA,NA,NA,NA,NA,NA,NA,NA,High,High,High,NA,NA,NA,NA,NA,NA,NA,NA,NA,NA,NA,NA,NA,NA,NA,NA,NA,NA,NA,NA,NA,NA,NA,NA,NA,NA,NA,NA,NA,NA,NA,NA,NA,NA,NA,NA,NA,NA,NA,NA,NA,NA,NA,NA,NA,NA,NA,NA,NA,NA,NA,NA,NA,NA,NA,NA,NA,NA
NA,NA,NA,NA,NA,NA,NA,NA,NA,NA,NA,NA,NA,NA,NA,NA,89,2025-05-29,11:53:25,4,1,"Robinson, Aaron",1000160454,Left,LAK_C,"Williams, Daniel",10019032,Right,NWL_KG,Undefined,2,Bottom,2,0,0,Undefined,Changeup,StrikeSwinging,Undefined,Undefined,Undefined,0,0,NA,85.72908,0.550773,3.514735,2218.626157,99.18679,09:15:00,4.76269,-2.22937,5.89783,-35.45293,3.2174,-11.22445,2.32058,0.10235,77.25655,-6.036576,1.503884,0.447569,NA,NA,NA,NA,NA,NA,NA,NA,NA,NA,NA,6.85615,1.89642,1.95263,50,4.78707,-7.15802,-124.15012,-0.00381,10.52946,28.56738,-29.26161,NWL_KG,LAK_C,HOMERSTRYKER,NWL,NWL,20250529-HOMERSTRYKER-1,0e219e40-3ca5-11f0-a835-f9cb0487f947,84.21588,NA,NA,8.47253,NA,NA,NA,NA,NA,NA,45d07472-c160-48e7-9a7d-8b154baa4dec,2025-05-29,15:53:25,2025-05-29T15:53:25Z,2025-05-29T15:53:25Z,NA,v3,NA,NA,NA,"Reynolds, Drew",1000120249,Right,LAK_C,71a4cdc4-06b7-48e8-971e-51c5d7566b4c,54.59864,-125.2038,14.28369,4.7673,1.07549,-14.6308,2.22381,-7.54639,5.26473,NA,NA,NA,NA,NA,NA,NA,NA,NA,NA,NA,NA,NA,NA,NA,NA,NA,NA,NA,NA,NA,NA,NA,NA,NA,NA,NA,NA,NA,NA,NA,NA,NA,NA,NA,NA,NA,NA,NA,NA,NA,NA,NA,NA,NA,NA,NA,NA,NA,NA,High,High,High,NA,NA,NA,NA,NA,NA,NA,NA,NA,NA,NA,NA,NA,NA,NA,NA,NA,NA,NA,NA,NA,NA,NA,NA,NA,NA,NA,NA,NA,NA,NA,NA,NA,NA,NA,NA,NA,NA,NA,NA,NA,NA,NA,NA,NA,NA,NA,NA,NA,NA,NA,NA,NA,NA,NA,NA,NA,NA
NA,NA,NA,NA,NA,NA,NA,NA,NA,NA,NA,NA,NA,NA,NA,NA,90,2025-05-29,11:53:47,4,2,"Robinson, Aaron",1000160454,Left,LAK_C,"Williams, Daniel",10019032,Right,NWL_KG,Undefined,2,Bottom,2,0,1,Undefined,Slider,InPlay,Undefined,GroundBall,Single,0,0,NA,83.2461,0.129244,3.081749,2396.06907,201.044833,12:45:00,4.70449,-2.29158,5.53844,-34.53695,6.59823,2.02008,1.94739,0.75989,75.92392,-6.23125,3.441149,0.461613,49.64423,-7.194008,-10.32095,NA,NA,NA,NA,12.99362,12.72192,-12.592555,0.166474,-0.11724,3.68949,2.02272,50,4.69287,-6.57891,-120.659,-0.90249,-0.17193,24.6729,-26.7646,NWL_KG,LAK_C,HOMERSTRYKER,NWL,NWL,20250529-HOMERSTRYKER-1,1b29f3d0-3ca5-11f0-a835-f9cb0487f947,81.65373,2.08836,NA,7.32218,NA,NA,NA,1.10773,2.08836,-0.89064,45d07472-c160-48e7-9a7d-8b154baa4dec,2025-05-29,15:53:47,2025-05-29T15:53:47Z,2025-05-29T15:53:47Z,GroundBall,v3,NA,NA,NA,"Reynolds, Drew",1000120249,Right,LAK_C,f7ac34df-1875-4a7c-b54c-7f0036933991,54.95939,-121.66889,12.33645,4.70739,0.19302,-13.3823,2.29186,-6.57187,-0.08596,314.856795,1.10771,71.071,-9.31414,NA,NA,NA,NA,NA,NA,2.08892,-9.16311,-20.35304,NA,NA,NA,NA,NA,NA,-0.89091,-12.92078,7.55325,NA,NA,NA,NA,NA,NA,NA,NA,NA,NA,NA,NA,NA,NA,NA,NA,NA,NA,NA,NA,NA,NA,NA,NA,NA,NA,NA,NA,High,High,High,Medium,High,NA,NA,NA,NA,NA,NA,NA,NA,NA,NA,NA,NA,NA,NA,NA,NA,NA,NA,NA,NA,NA,NA,NA,NA,NA,NA,NA,NA,NA,NA,NA,NA,NA,NA,NA,NA,NA,NA,NA,NA,NA,NA,NA,NA,NA,NA,NA,NA,NA,NA,NA,NA,NA,NA,NA,NA
NA,NA,NA,NA,NA,NA,NA,NA,NA,NA,NA,NA,NA,NA,NA,NA,91,2025-05-29,11:54:38,5,1,"Robinson, Aaron",1000160454,Left,LAK_C,"Acres, Brodey",1000233797,Right,NWL_KG,Undefined,2,Bottom,2,0,0,Undefined,Slider,BallCalled,Undefined,Undefined,Undefined,0,0,NA,81.85983,-0.751937,4.9063040000000004,2408.811853,175.60957,11:45:00,4.78846,-2.07005,5.62072,-39.04541,3.28614,-0.15209,0.83034,2.50712,75.35244,-7.879729,4.879293,0.468278,NA,NA,NA,NA,NA,NA,NA,NA,NA,NA,NA,1.43839,2.21284,1.65076,50,4.6987,-10.16656,-118.50312,-2.8655,2.04635,22.54611,-29.02595,NWL_KG,LAK_C,HOMERSTRYKER,NWL,NWL,20250529-HOMERSTRYKER-1,39b885f0-3ca5-11f0-a835-f9cb0487f947,80.49166,NA,NA,6.50739,NA,NA,NA,NA,NA,NA,45d07472-c160-48e7-9a7d-8b154baa4dec,2025-05-29,15:54:38,2025-05-29T15:54:38Z,2025-05-29T15:54:38Z,NA,v3,NA,NA,NA,"Reynolds, Drew",1000120249,Right,LAK_C,f205e004-e9a7-44f7-aa12-cef126f60907,54.87961,-119.4279,11.27305,4.79181,-1.67494,-14.51298,2.06948,-10.25049,1.02317,NA,NA,NA,NA,NA,NA,NA,NA,NA,NA,NA,NA,NA,NA,NA,NA,NA,NA,NA,NA,NA,NA,NA,NA,NA,NA,NA,NA,NA,NA,NA,NA,NA,NA,NA,NA,NA,NA,NA,NA,NA,NA,NA,NA,NA,NA,NA,NA,NA,NA,High,High,High,NA,NA,NA,NA,NA,NA,NA,NA,NA,NA,NA,NA,NA,NA,NA,NA,NA,NA,NA,NA,NA,NA,NA,NA,NA,NA,NA,NA,NA,NA,NA,NA,NA,NA,NA,NA,NA,NA,NA,NA,NA,NA,NA,NA,NA,NA,NA,NA,NA,NA,NA,NA,NA,NA,NA,NA,NA,NA
NA,NA,NA,NA,NA,NA,NA,NA,NA,NA,NA,NA,NA,NA,NA,NA,92,2025-05-29,11:55:05,5,2,"Robinson, Aaron",1000160454,Left,LAK_C,"Acres, Brodey",1000233797,Right,NWL_KG,Undefined,2,Bottom,2,1,0,Undefined,Changeup,InPlay,Undefined,GroundBall,Out,1,0,NA,86.68387,-1.119073,3.237501,2233.800053,130.580769,10:15:00,4.87673,-2.05611,5.7459,-28.9521,8.48623,-8.52886,1.42037,0.25057,79.43929,-6.475336,1.713161,0.440382,57.17639,-49.615522,-44.560273,NA,NA,NA,NA,2.15127,1.06052,-30.110108,0.021443,5.2513,4.98433,1.79217,50,4.76588,-6.75892,-125.7265,-3.43935,8.41043,25.35269,-24.19119,NWL_KG,LAK_C,HOMERSTRYKER,NWL,NWL,20250529-HOMERSTRYKER-1,49f02270-3ca5-11f0-a835-f9cb0487f947,85.59031,1.37385,NA,7.24459,NA,NA,NA,1.02834,1.37385,-0.25926,45d07472-c160-48e7-9a7d-8b154baa4dec,2025-05-29,15:55:05,2025-05-29T15:55:05Z,2025-05-29T15:55:05Z,GroundBall,v3,NA,NA,NA,"Reynolds, Drew",1000120249,Right,LAK_C,11f42f69-1875-4b57-9bfc-9ccb324e15fe,54.75297,-126.68131,12.67635,4.87826,-2.52828,-12.0956,2.05268,-7.07567,4.20521,NA,1.02793,38.83133,NA,NA,NA,NA,NA,NA,NA,1.37453,-64.07143,NA,NA,NA,NA,NA,NA,NA,-0.25885,-38.23982,NA,NA,NA,NA,NA,NA,NA,NA,NA,NA,NA,NA,NA,NA,NA,NA,NA,NA,NA,NA,NA,NA,NA,NA,NA,NA,NA,NA,NA,High,High,High,Estimated,Estimated,NA,NA,NA,NA,NA,NA,NA,NA,NA,NA,NA,NA,NA,NA,NA,NA,NA,NA,NA,NA,NA,NA,NA,NA,NA,NA,NA,NA,NA,NA,NA,NA,NA,NA,NA,NA,NA,NA,NA,NA,NA,NA,NA,NA,NA,NA,NA,NA,NA,NA,NA,NA,NA,NA,NA,NA
NA,NA,NA,NA,NA,NA,NA,NA,NA,NA,NA,NA,NA,NA,NA,NA,93,2025-05-29,11:58:30,1,1,"Kruse, Wilson",10090996,Left,NWL_KG,"Kowes, Jacob",1000336232,Left,LAK_C,Undefined,3,Top,0,0,0,Undefined,Slider,BallCalled,Undefined,Undefined,Undefined,0,0,NA,80.57064,-1.761086,-0.407645,2125.649343,169.855679,11:45:00,6.45303,-1.01399,5.80382,-27.60553,15.35635,-2.51433,2.51418,-1.60264,74.28434,-6.892242,-0.858533,0.471751,NA,NA,NA,NA,NA,NA,NA,NA,NA,NA,NA,1.20417,8.72315,1.04907,50,6.29194,0.92394,-117.08947,-4.42646,1.67772,21.36427,-20.0204,NWL_KG,LAK_C,HOMERSTRYKER,NWL,NWL,20250529-HOMERSTRYKER-1,c44768d0-3ca5-11f0-a835-f9cb0487f947,79.89898,NA,NA,6.28629,NA,NA,NA,NA,NA,NA,45d07472-c160-48e7-9a7d-8b154baa4dec,2025-05-29,15:58:30,2025-05-29T15:58:30Z,2025-05-29T15:58:30Z,NA,v3,NA,NA,NA,"Garner, Coleman",90000255834,Right,NWL_KG,23b633e2-11da-4d5f-89df-abf73b62e678,54.69747,-117.94346,10.68214,6.45289,-3.62619,-10.0102,1.01348,0.85688,0.83886,NA,NA,NA,NA,NA,NA,NA,NA,NA,NA,NA,NA,NA,NA,NA,NA,NA,NA,NA,NA,NA,NA,NA,NA,NA,NA,NA,NA,NA,NA,NA,NA,NA,NA,NA,NA,NA,NA,NA,NA,NA,NA,NA,NA,NA,NA,NA,NA,NA,NA,High,High,High,NA,NA,NA,NA,NA,NA,NA,NA,NA,NA,NA,NA,NA,NA,NA,NA,NA,NA,NA,NA,NA,NA,NA,NA,NA,NA,NA,NA,NA,NA,NA,NA,NA,NA,NA,NA,NA,NA,NA,NA,NA,NA,NA,NA,NA,NA,NA,NA,NA,NA,NA,NA,NA,NA,NA,NA,NA,NA
NA,NA,NA,NA,NA,NA,NA,NA,NA,NA,NA,NA,NA,NA,NA,NA,94,2025-05-29,11:58:45,1,2,"Kruse, Wilson",10090996,Left,NWL_KG,"Kowes, Jacob",1000336232,Left,LAK_C,Undefined,3,Top,0,1,0,Undefined,Cutter,BallCalled,Undefined,Undefined,Undefined,0,0,NA,83.55222,-3.286319,2.282195,2342.060977,177.926633,12:00:00,6.27251,-0.94766,5.80489,-24.2621,15.68111,-0.525,1.18862,1.13215,77.38633,-7.777781,2.188157,0.454876,NA,NA,NA,NA,NA,NA,NA,NA,NA,NA,NA,0.84925,9.22674,0.76062,50,5.98782,-4.81076,-121.21624,-7.71246,1.27458,21.76143,-18.32642,NWL_KG,LAK_C,HOMERSTRYKER,NWL,NWL,20250529-HOMERSTRYKER-1,ccae70e0-3ca5-11f0-a835-f9cb0487f947,82.86316,NA,NA,6.16589,NA,NA,NA,NA,NA,NA,45d07472-c160-48e7-9a7d-8b154baa4dec,2025-05-29,15:58:45,2025-05-29T15:58:45Z,2025-05-29T15:58:45Z,NA,v3,NA,NA,NA,"Garner, Coleman",90000255834,Right,NWL_KG,913530fa-4def-489b-ad9a-82d5b8636e79,54.69543,-122.05628,10.88072,6.27189,-7.00502,-9.16321,0.94728,-4.85996,0.63729,NA,NA,NA,NA,NA,NA,NA,NA,NA,NA,NA,NA,NA,NA,NA,NA,NA,NA,NA,NA,NA,NA,NA,NA,NA,NA,NA,NA,NA,NA,NA,NA,NA,NA,NA,NA,NA,NA,NA,NA,NA,NA,NA,NA,NA,NA,NA,NA,NA,NA,High,High,High,NA,NA,NA,NA,NA,NA,NA,NA,NA,NA,NA,NA,NA,NA,NA,NA,NA,NA,NA,NA,NA,NA,NA,NA,NA,NA,NA,NA,NA,NA,NA,NA,NA,NA,NA,NA,NA,NA,NA,NA,NA,NA,NA,NA,NA,NA,NA,NA,NA,NA,NA,NA,NA,NA,NA,NA,NA,NA
NA,NA,NA,NA,NA,NA,NA,NA,NA,NA,NA,NA,NA,NA,NA,NA,95,2025-05-29,11:58:59,1,3,"Kruse, Wilson",10090996,Left,NWL_KG,"Kowes, Jacob",1000336232,Left,LAK_C,Undefined,3,Top,0,2,0,Undefined,Four-Seam,BallCalled,Undefined,Undefined,Undefined,0,0,NA,83.19169,-3.832737,1.518167,2252.718627,148.615381,11:00:00,6.42097,-1.12575,6.25225,-24.99427,15.16375,-8.42044,0.79709,-0.42709,76.11411,-8.51872,-0.005105,0.456097,NA,NA,NA,NA,NA,NA,NA,NA,NA,NA,NA,4.85949,9.42615,1.01716,50,6.12357,-2.88856,-120.59583,-8.78071,7.11152,24.82535,-18.37951,NWL_KG,LAK_C,HOMERSTRYKER,NWL,NWL,20250529-HOMERSTRYKER-1,d55d5760-3ca5-11f0-a835-f9cb0487f947,82.64119,NA,NA,7.07758,NA,NA,NA,NA,NA,NA,45d07472-c160-48e7-9a7d-8b154baa4dec,2025-05-29,15:58:59,2025-05-29T15:58:59Z,2025-05-29T15:58:59Z,NA,v3,NA,NA,NA,"Garner, Coleman",90000255834,Right,NWL_KG,8b68b9e1-192f-445f-ade5-bff4df062b2a,54.2466,-121.46687,12.41267,6.42034,-8.13583,-9.18976,1.12289,-3.13808,3.55576,NA,NA,NA,NA,NA,NA,NA,NA,NA,NA,NA,NA,NA,NA,NA,NA,NA,NA,NA,NA,NA,NA,NA,NA,NA,NA,NA,NA,NA,NA,NA,NA,NA,NA,NA,NA,NA,NA,NA,NA,NA,NA,NA,NA,NA,NA,NA,NA,NA,NA,High,High,High,NA,NA,NA,NA,NA,NA,NA,NA,NA,NA,NA,NA,NA,NA,NA,NA,NA,NA,NA,NA,NA,NA,NA,NA,NA,NA,NA,NA,NA,NA,NA,NA,NA,NA,NA,NA,NA,NA,NA,NA,NA,NA,NA,NA,NA,NA,NA,NA,NA,NA,NA,NA,NA,NA,NA,NA,NA,NA
NA,NA,NA,NA,NA,NA,NA,NA,NA,NA,NA,NA,NA,NA,NA,NA,96,2025-05-29,11:59:15,1,4,"Kruse, Wilson",10090996,Left,NWL_KG,"Kowes, Jacob",1000336232,Left,LAK_C,Undefined,3,Top,0,3,0,Undefined,Four-Seam,BallCalled,Walk,Undefined,Undefined,0,0,NA,82.95178,-0.324454,2.343338,2210.271674,174.587548,11:45:00,6.38792,-0.95069,6.10386,-23.49344,16.75273,-1.46847,4.12983,1.09522,75.94161,-4.761358,2.079097,0.456598,NA,NA,NA,NA,NA,NA,NA,NA,NA,NA,NA,1.39752,9.11351,0.77127,50,6.35052,-4.87249,-120.45184,-1.33981,2.05588,23.10614,-18.76722,NWL_KG,LAK_C,HOMERSTRYKER,NWL,NWL,20250529-HOMERSTRYKER-1,df0989a0-3ca5-11f0-a835-f9cb0487f947,82.55068,NA,NA,7.01017,NA,NA,NA,NA,NA,NA,45d07472-c160-48e7-9a7d-8b154baa4dec,2025-05-29,15:59:15,2025-05-29T15:59:15Z,2025-05-29T15:59:15Z,NA,v3,NA,NA,NA,"Garner, Coleman",90000255834,Right,NWL_KG,a3cc095a-d959-4e95-89b7-779aab88375f,54.39293,-121.2916,11.55307,6.38682,-0.65773,-9.38361,0.94971,-4.94721,1.02794,NA,NA,NA,NA,NA,NA,NA,NA,NA,NA,NA,NA,NA,NA,NA,NA,NA,NA,NA,NA,NA,NA,NA,NA,NA,NA,NA,NA,NA,NA,NA,NA,NA,NA,NA,NA,NA,NA,NA,NA,NA,NA,NA,NA,NA,NA,NA,NA,NA,NA,High,High,High,NA,NA,NA,NA,NA,NA,NA,NA,NA,NA,NA,NA,NA,NA,NA,NA,NA,NA,NA,NA,NA,NA,NA,NA,NA,NA,NA,NA,NA,NA,NA,NA,NA,NA,NA,NA,NA,NA,NA,NA,NA,NA,NA,NA,NA,NA,NA,NA,NA,NA,NA,NA,NA,NA,NA,NA,NA,NA
NA,NA,NA,NA,NA,NA,NA,NA,NA,NA,NA,NA,NA,NA,NA,NA,97,2025-05-29,11:59:46,2,1,"Kruse, Wilson",10090996,Left,NWL_KG,"Sacchetti, Anthony",10006255,Right,LAK_C,Undefined,3,Top,0,0,0,Undefined,Slider,BallCalled,Undefined,Undefined,Undefined,0,0,NA,79.91221,-3.459985,0.599601,2146.298747,186.674366,12:15:00,6.51116,-1.00475,6.10864,-30.48474,12.8328,1.34567,0.76726,-0.33814,73.92671,-9.10034,0.842576,0.4737,NA,NA,NA,NA,NA,NA,NA,NA,NA,NA,NA,-0.53913,7.97142,0.95802,50,6.22917,-1.26187,-115.9843,-7.89176,-0.73714,20.93976,-21.27517,NWL_KG,LAK_C,HOMERSTRYKER,NWL,NWL,20250529-HOMERSTRYKER-1,f14bc330-3ca5-11f0-a835-f9cb0487f947,79.57027,NA,NA,5.98551,NA,NA,NA,NA,NA,NA,45d07472-c160-48e7-9a7d-8b154baa4dec,2025-05-29,15:59:46,2025-05-29T15:59:46Z,2025-05-29T15:59:46Z,NA,v3,NA,NA,NA,"Garner, Coleman",90000255834,Right,NWL_KG,4d60a804-3265-432d-889b-af19eec83442,54.39037,-116.77425,10.46988,6.51175,-7.08916,-10.63759,1.0051,-1.23407,-0.36857,NA,NA,NA,NA,NA,NA,NA,NA,NA,NA,NA,NA,NA,NA,NA,NA,NA,NA,NA,NA,NA,NA,NA,NA,NA,NA,NA,NA,NA,NA,NA,NA,NA,NA,NA,NA,NA,NA,NA,NA,NA,NA,NA,NA,NA,NA,NA,NA,NA,NA,High,High,High,NA,NA,NA,NA,NA,NA,NA,NA,NA,NA,NA,NA,NA,NA,NA,NA,NA,NA,NA,NA,NA,NA,NA,NA,NA,NA,NA,NA,NA,NA,NA,NA,NA,NA,NA,NA,NA,NA,NA,NA,NA,NA,NA,NA,NA,NA,NA,NA,NA,NA,NA,NA,NA,NA,NA,NA,NA,NA
NA,NA,NA,NA,NA,NA,NA,NA,NA,NA,NA,NA,NA,NA,NA,NA,98,2025-05-29,12:00:50,2,2,"Kruse, Wilson",10090996,Left,NWL_KG,"Sacchetti, Anthony",10006255,Right,LAK_C,Undefined,3,Top,0,1,0,Undefined,Slider,StrikeCalled,Undefined,Undefined,Undefined,0,0,NA,81.87555,-1.112992,0.49604,2172.202816,168.42984,11:30:00,6.41982,-1.26994,5.90271,-30.60352,10.84882,-1.96433,2.83618,-0.97316,75.42569,-6.790374,0.143055,0.463389,NA,NA,NA,NA,NA,NA,NA,NA,NA,NA,NA,1.13756,6.24835,1.2312,50,6.31284,-0.95442,-118.98194,-3.25954,1.63784,21.89343,-23.17777,NWL_KG,LAK_C,HOMERSTRYKER,NWL,NWL,20250529-HOMERSTRYKER-1,179da350-3ca6-11f0-a835-f9cb0487f947,81.34077,NA,NA,6.44986,NA,NA,NA,NA,NA,NA,45d07472-c160-48e7-9a7d-8b154baa4dec,2025-05-29,16:00:50,2025-05-29T16:00:50Z,2025-05-29T16:00:50Z,NA,v3,NA,NA,NA,"Garner, Coleman",90000255834,Right,NWL_KG,a3e060ab-ecab-45ad-a5e1-af69bf4cacd5,54.59533,-119.82453,10.94671,6.42112,-2.36752,-11.58889,1.26915,-1.01745,0.81892,NA,NA,NA,NA,NA,NA,NA,NA,NA,NA,NA,NA,NA,NA,NA,NA,NA,NA,NA,NA,NA,NA,NA,NA,NA,NA,NA,NA,NA,NA,NA,NA,NA,NA,NA,NA,NA,NA,NA,NA,NA,NA,NA,NA,NA,NA,NA,NA,NA,NA,High,High,High,NA,NA,NA,NA,NA,NA,NA,NA,NA,NA,NA,NA,NA,NA,NA,NA,NA,NA,NA,NA,NA,NA,NA,NA,NA,NA,NA,NA,NA,NA,NA,NA,NA,NA,NA,NA,NA,NA,NA,NA,NA,NA,NA,NA,NA,NA,NA,NA,NA,NA,NA,NA,NA,NA,NA,NA,NA,NA
NA,NA,NA,NA,NA,NA,NA,NA,NA,NA,NA,NA,NA,NA,NA,NA,99,2025-05-29,12:01:05,2,3,"Kruse, Wilson",10090996,Left,NWL_KG,"Sacchetti, Anthony",10006255,Right,LAK_C,Undefined,3,Top,0,1,1,Undefined,Slider,BallCalled,Undefined,Undefined,Undefined,0,0,NA,81.82152,-0.728467,0.218505,2144.986866,199.592684,12:45:00,6.366,-1.08148,5.96252,-27.82131,13.50261,4.3702,3.37204,-0.51469,75.41666,-5.916761,1.004303,0.462671,NA,NA,NA,NA,NA,NA,NA,NA,NA,NA,NA,-2.18669,7.50867,1.06174,50,6.29262,-0.62038,-118.94935,-2.34482,-3.15286,21.45638,-21.34769,NWL_KG,LAK_C,HOMERSTRYKER,NWL,NWL,20250529-HOMERSTRYKER-1,2028ae20-3ca6-11f0-a835-f9cb0487f947,81.46705,NA,NA,6.40486,NA,NA,NA,NA,NA,NA,45d07472-c160-48e7-9a7d-8b154baa4dec,2025-05-29,16:01:05,2025-05-29T16:01:05Z,2025-05-29T16:01:05Z,NA,v3,NA,NA,NA,"Garner, Coleman",90000255834,Right,NWL_KG,70032706-73b3-4af1-9d97-277ce7e57217,54.53563,-119.76471,10.72819,6.36631,-1.5336,-10.67384,1.08303,-0.50057,-1.57643,NA,NA,NA,NA,NA,NA,NA,NA,NA,NA,NA,NA,NA,NA,NA,NA,NA,NA,NA,NA,NA,NA,NA,NA,NA,NA,NA,NA,NA,NA,NA,NA,NA,NA,NA,NA,NA,NA,NA,NA,NA,NA,NA,NA,NA,NA,NA,NA,NA,NA,High,High,High,NA,NA,NA,NA,NA,NA,NA,NA,NA,NA,NA,NA,NA,NA,NA,NA,NA,NA,NA,NA,NA,NA,NA,NA,NA,NA,NA,NA,NA,NA,NA,NA,NA,NA,NA,NA,NA,NA,NA,NA,NA,NA,NA,NA,NA,NA,NA,NA,NA,NA,NA,NA,NA,NA,NA,NA,NA,NA
NA,NA,NA,NA,NA,NA,NA,NA,NA,NA,NA,NA,NA,NA,NA,NA,100,2025-05-29,12:01:36,2,4,"Kruse, Wilson",10090996,Left,NWL_KG,"Sacchetti, Anthony",10006255,Right,LAK_C,Undefined,3,Top,0,2,1,Undefined,Cutter,InPlay,Undefined,FlyBall,Out,1,0,NA,80.86679,-1.21512,1.135298,2039.303206,198.998871,12:45:00,6.33075,-1.3829,5.85007,-31.89328,10.56473,3.21099,2.54349,-0.06025,74.79898,-7.107717,1.711569,0.468977,92.60118,28.147191,-22.356201,3013.986012,100.04382,54.62412,-45.72995,329.83278,323.11152,-31.260812,4.868856,-1.36827,6.08685,1.28866,50,6.2131,-2.44823,-117.55049,-3.47887,-1.92802,20.81339,-23.59718,NWL_KG,LAK_C,HOMERSTRYKER,NWL,NWL,20250529-HOMERSTRYKER-1,32ee2170-3ca6-11f0-a835-f9cb0487f947,80.37167,74.19074,NA,6.06781,NA,NA,NA,3.39212,2.79617,0.10303,45d07472-c160-48e7-9a7d-8b154baa4dec,2025-05-29,16:01:36,2025-05-29T16:01:36Z,2025-05-29T16:01:36Z,FlyBall,v3,NA,NA,NA,"Garner, Coleman",90000255834,Right,NWL_KG,46cc5ae5-11f2-4a65-9d59-d5372bc37130,54.65019,-118.37098,10.40669,6.33191,-2.54863,-11.79859,1.38367,-2.37223,-0.96401,154.488921,3.39359,110.71964,-24.68804,5.7347,-1.13713,0.19957,-0.03233,0.00398,-2.3e-4,2.79719,64.04532,-15.17813,0.09934,0.34021,-0.18722,0.05386,-0.0076,4.1e-4,0.10295,-45.55181,3.00081,-0.07858,-0.06476,0.01359,-1e-4,-3.2e-4,3e-5,NA,NA,NA,NA,NA,NA,NA,NA,NA,NA,NA,NA,NA,NA,NA,NA,NA,NA,NA,NA,NA,NA,High,High,High,High,Medium,NA,NA,NA,NA,NA,NA,NA,NA,NA,NA,NA,NA,NA,NA,NA,NA,NA,NA,NA,NA,NA,NA,NA,NA,NA,NA,NA,NA,NA,NA,NA,NA,NA,NA,NA,NA,NA,NA,NA,NA,NA,NA,NA,NA,NA,NA,NA,NA,NA,NA,NA,NA,NA,NA,NA,NA
NA,NA,NA,NA,NA,NA,NA,NA,NA,NA,NA,NA,NA,NA,NA,NA,101,2025-05-29,12:02:17,3,1,"Kruse, Wilson",10090996,Left,NWL_KG,"Rasmussen, Brody",1000396940,Right,LAK_C,Undefined,3,Top,1,0,0,Undefined,Slider,BallCalled,Undefined,Undefined,Undefined,0,0,NA,81.26965,-1.777505,-0.293369,2091.98093,172.462485,11:45:00,6.39554,-1.12871,6.13209,-28.69698,12.88642,-1.5437,2.36066,-1.52851,75.17476,-7.120947,-0.57198,0.464121,NA,NA,NA,NA,NA,NA,NA,NA,NA,NA,NA,0.72276,7.50654,1.15188,50,6.24481,0.66194,-118.14619,-4.50187,1.02968,20.83592,-21.47972,NWL_KG,LAK_C,HOMERSTRYKER,NWL,NWL,20250529-HOMERSTRYKER-1,4b7371a0-3ca6-11f0-a835-f9cb0487f947,81.21248,NA,NA,6.09489,NA,NA,NA,NA,NA,NA,45d07472-c160-48e7-9a7d-8b154baa4dec,2025-05-29,16:02:17,2025-05-29T16:02:17Z,2025-05-29T16:02:17Z,NA,v3,NA,NA,NA,"Garner, Coleman",90000255834,Right,NWL_KG,35849b1d-81f4-4b9d-9319-f06fb8e51e41,54.36623,-118.91371,10.41796,6.39607,-3.71063,-10.73986,1.1282,0.62401,0.51484,NA,NA,NA,NA,NA,NA,NA,NA,NA,NA,NA,NA,NA,NA,NA,NA,NA,NA,NA,NA,NA,NA,NA,NA,NA,NA,NA,NA,NA,NA,NA,NA,NA,NA,NA,NA,NA,NA,NA,NA,NA,NA,NA,NA,NA,NA,NA,NA,NA,NA,High,High,High,NA,NA,NA,NA,NA,NA,NA,NA,NA,NA,NA,NA,NA,NA,NA,NA,NA,NA,NA,NA,NA,NA,NA,NA,NA,NA,NA,NA,NA,NA,NA,NA,NA,NA,NA,NA,NA,NA,NA,NA,NA,NA,NA,NA,NA,NA,NA,NA,NA,NA,NA,NA,NA,NA,NA,NA,NA,NA
NA,NA,NA,NA,NA,NA,NA,NA,NA,NA,NA,NA,NA,NA,NA,NA,102,2025-05-29,12:02:38,3,2,"Kruse, Wilson",10090996,Left,NWL_KG,"Rasmussen, Brody",1000396940,Right,LAK_C,Undefined,3,Top,1,1,0,Undefined,Slider,InPlay,Undefined,FlyBall,Out,1,0,NA,81.11508,-0.65293,1.367445,2232.708193,180.569491,12:00:00,6.28966,-1.24311,5.62401,-30.57671,12.01284,0.10693,3.13212,0.04208,74.83906,-6.300626,1.386542,0.469703,94.36166,32.869439,-17.607437,2500.089605,103.98925,67.90321,-35.86392,343.27144,322.95046,-21.212335,5.409794,0.29862,6.64567,1.12649,50,6.21433,-2.81748,-117.85592,-2.31864,0.42289,20.95163,-22.76238,NWL_KG,LAK_C,HOMERSTRYKER,NWL,NWL,20250529-HOMERSTRYKER-1,578d6f90-3ca6-11f0-a835-f9cb0487f947,80.24745,94.63409,NA,6.27602,NA,NA,NA,1.46472,3.20943,-0.02458,45d07472-c160-48e7-9a7d-8b154baa4dec,2025-05-29,16:02:38,2025-05-29T16:02:38Z,2025-05-29T16:02:38Z,FlyBall,v3,NA,NA,NA,"Garner, Coleman",90000255834,Right,NWL_KG,ec01c467-9453-48a9-bb18-e0065d4bbcef,54.87514,-118.71943,10.47581,6.29056,-1.3805,-11.38119,1.24297,-2.83491,0.21144,165.719356,1.47089,110.67237,-23.35446,5.07857,-0.66776,-0.00219,0.01628,-0.00214,9e-5,3.20652,75.16015,-17.16568,0.89645,-0.07533,-0.031,0.01787,-0.00311,1.8e-4,-0.02574,-35.14208,3.61938,-0.1639,-0.12716,0.05552,-0.01147,0.00119,-5e-5,NA,NA,NA,NA,NA,NA,NA,NA,NA,NA,NA,NA,NA,NA,NA,NA,NA,NA,NA,NA,NA,NA,High,High,High,High,Medium,NA,NA,NA,NA,NA,NA,NA,NA,NA,NA,NA,NA,NA,NA,NA,NA,NA,NA,NA,NA,NA,NA,NA,NA,NA,NA,NA,NA,NA,NA,NA,NA,NA,NA,NA,NA,NA,NA,NA,NA,NA,NA,NA,NA,NA,NA,NA,NA,NA,NA,NA,NA,NA,NA,NA,NA
NA,NA,NA,NA,NA,NA,NA,NA,NA,NA,NA,NA,NA,NA,NA,NA,103,2025-05-29,12:03:17,4,1,"Kruse, Wilson",10090996,Left,NWL_KG,"Reynolds, Drew",1000120249,Left,LAK_C,Undefined,3,Top,2,0,0,Undefined,Slider,BallCalled,Undefined,Undefined,Undefined,0,0,NA,82.22744,1.246679,0.417392,2186.481457,166.98137,11:30:00,6.18915,-1.29967,5.97554,-28.72509,12.56658,-2.59886,4.9513,-1.1293,74.87652,-4.145545,-0.049683,0.46249,NA,NA,NA,NA,NA,NA,NA,NA,NA,NA,NA,1.44949,6.49378,1.26807,50,6.27188,-0.76839,-119.39953,1.73889,2.08551,23.70269,-22.8308,NWL_KG,LAK_C,HOMERSTRYKER,NWL,NWL,20250529-HOMERSTRYKER-1,6f1f3800-3ca6-11f0-a835-f9cb0487f947,81.49887,NA,NA,7.35092,NA,NA,NA,NA,NA,NA,45d07472-c160-48e7-9a7d-8b154baa4dec,2025-05-29,16:03:17,2025-05-29T16:03:17Z,2025-05-29T16:03:17Z,NA,v3,NA,NA,NA,"Garner, Coleman",90000255834,Right,NWL_KG,7e61dc07-b80b-4217-86d4-a479c3029bdc,54.521,-120.29368,11.85135,6.19004,2.60014,-11.4154,1.29854,-0.84706,1.04275,NA,NA,NA,NA,NA,NA,NA,NA,NA,NA,NA,NA,NA,NA,NA,NA,NA,NA,NA,NA,NA,NA,NA,NA,NA,NA,NA,NA,NA,NA,NA,NA,NA,NA,NA,NA,NA,NA,NA,NA,NA,NA,NA,NA,NA,NA,NA,NA,NA,NA,High,High,High,NA,NA,NA,NA,NA,NA,NA,NA,NA,NA,NA,NA,NA,NA,NA,NA,NA,NA,NA,NA,NA,NA,NA,NA,NA,NA,NA,NA,NA,NA,NA,NA,NA,NA,NA,NA,NA,NA,NA,NA,NA,NA,NA,NA,NA,NA,NA,NA,NA,NA,NA,NA,NA,NA,NA,NA,NA,NA
NA,NA,NA,NA,NA,NA,NA,NA,NA,NA,NA,NA,NA,NA,NA,NA,104,2025-05-29,12:03:37,4,2,"Kruse, Wilson",10090996,Left,NWL_KG,"Reynolds, Drew",1000120249,Left,LAK_C,Undefined,3,Top,2,1,0,Undefined,Slider,BallCalled,Undefined,Undefined,Undefined,0,0,NA,81.33275,1.468421,-0.724744,2119.742494,165.199472,11:30:00,6.29693,-1.36838,5.86363,-28.15431,14.17646,-3.39292,5.31527,-2.32443,74.15701,-3.812732,-1.333019,0.468273,NA,NA,NA,NA,NA,NA,NA,NA,NA,NA,NA,1.51799,7.23764,1.42902,50,6.39966,1.62766,-118.0674,2.18761,2.1403,22.71486,-21.96915,NWL_KG,LAK_C,HOMERSTRYKER,NWL,NWL,20250529-HOMERSTRYKER-1,7b2cb2d0-3ca6-11f0-a835-f9cb0487f947,80.49237,NA,NA,7.17574,NA,NA,NA,NA,NA,NA,45d07472-c160-48e7-9a7d-8b154baa4dec,2025-05-29,16:03:37,2025-05-29T16:03:37Z,2025-05-29T16:03:37Z,NA,v3,NA,NA,NA,"Garner, Coleman",90000255834,Right,NWL_KG,ea08d3ed-dd4d-4cdd-ae1e-9ba3c34f1452,54.63213,-118.95523,11.35743,6.29737,3.04629,-10.98458,1.36704,1.54401,1.07015,NA,NA,NA,NA,NA,NA,NA,NA,NA,NA,NA,NA,NA,NA,NA,NA,NA,NA,NA,NA,NA,NA,NA,NA,NA,NA,NA,NA,NA,NA,NA,NA,NA,NA,NA,NA,NA,NA,NA,NA,NA,NA,NA,NA,NA,NA,NA,NA,NA,NA,High,High,High,NA,NA,NA,NA,NA,NA,NA,NA,NA,NA,NA,NA,NA,NA,NA,NA,NA,NA,NA,NA,NA,NA,NA,NA,NA,NA,NA,NA,NA,NA,NA,NA,NA,NA,NA,NA,NA,NA,NA,NA,NA,NA,NA,NA,NA,NA,NA,NA,NA,NA,NA,NA,NA,NA,NA,NA,NA,NA
NA,NA,NA,NA,NA,NA,NA,NA,NA,NA,NA,NA,NA,NA,NA,NA,105,2025-05-29,12:03:57,4,3,"Kruse, Wilson",10090996,Left,NWL_KG,"Reynolds, Drew",1000120249,Left,LAK_C,Undefined,3,Top,2,2,0,Undefined,Cutter,FoulBallNotFieldable,Undefined,Undefined,Undefined,0,0,NA,82.48277,-2.671375,1.785254,2093.76389,176.504641,12:00:00,6.19309,-1.3455,5.98915,-29.3638,11.45875,-0.62366,1.26733,0.2576,76.14009,-8.106517,1.673033,0.459856,51.82649,-4.098199,-61.429491,NA,NA,NA,NA,15.86663,15.86663,-54.851629,0.189945,0.8035,6.98607,1.20506,50,5.96588,-3.70922,-119.7459,-6.48352,1.17055,22.39889,-21.9965,NWL_KG,LAK_C,HOMERSTRYKER,NWL,NWL,20250529-HOMERSTRYKER-1,86f5aa90-3ca6-11f0-a835-f9cb0487f947,81.96582,1.40999,NA,6.34268,NA,NA,NA,2.51315,1.40999,-0.23008,45d07472-c160-48e7-9a7d-8b154baa4dec,2025-05-29,16:03:57,2025-05-29T16:03:57Z,2025-05-29T16:03:57Z,GroundBall,v3,NA,NA,NA,"Garner, Coleman",90000255834,Right,NWL_KG,a5ec987c-6717-47ec-b482-21105547f36a,54.51077,-120.5867,11.19945,6.19376,-5.65782,-10.99825,1.34512,-3.75316,0.58528,105.330664,2.51319,36.25643,-7.36145,NA,NA,NA,NA,NA,NA,1.41003,-5.43489,-10.47595,NA,NA,NA,NA,NA,NA,-0.23006,-66.58688,-2.65249,NA,NA,NA,NA,NA,NA,NA,NA,NA,NA,NA,NA,NA,NA,NA,NA,NA,NA,NA,NA,NA,NA,NA,NA,NA,NA,NA,NA,High,High,High,High,High,NA,NA,NA,NA,NA,NA,NA,NA,NA,NA,NA,NA,NA,NA,NA,NA,NA,NA,NA,NA,NA,NA,NA,NA,NA,NA,NA,NA,NA,NA,NA,NA,NA,NA,NA,NA,NA,NA,NA,NA,NA,NA,NA,NA,NA,NA,NA,NA,NA,NA,NA,NA,NA,NA,NA,NA
NA,NA,NA,NA,NA,NA,NA,NA,NA,NA,NA,NA,NA,NA,NA,NA,106,2025-05-29,12:04:17,4,4,"Kruse, Wilson",10090996,Left,NWL_KG,"Reynolds, Drew",1000120249,Left,LAK_C,Undefined,3,Top,2,2,1,Undefined,Slider,StrikeSwinging,Undefined,Undefined,Undefined,0,0,NA,81.51872,-2.21262,0.682341,2204.667079,194.472679,12:30:00,6.27792,-1.23515,6.00231,-28.34442,13.38434,3.12425,1.86461,-0.34254,75.15276,-7.482788,1.244839,0.464932,NA,NA,NA,NA,NA,NA,NA,NA,NA,NA,NA,-1.43441,7.87705,1.17976,50,6.08825,-1.5261,-118.41854,-5.41579,-2.04342,21.92846,-20.95271,NWL_KG,LAK_C,HOMERSTRYKER,NWL,NWL,20250529-HOMERSTRYKER-1,92ab4160-3ca6-11f0-a835-f9cb0487f947,81.0709,NA,NA,6.36596,NA,NA,NA,NA,NA,NA,45d07472-c160-48e7-9a7d-8b154baa4dec,2025-05-29,16:04:17,2025-05-29T16:04:17Z,2025-05-29T16:04:17Z,NA,v3,NA,NA,NA,"Garner, Coleman",90000255834,Right,NWL_KG,b7cf4762-3009-425b-b1a4-d0d8e96a386a,54.49674,-119.24833,10.96423,6.27819,-4.62293,-10.47636,1.23605,-1.44878,-1.02171,NA,NA,NA,NA,NA,NA,NA,NA,NA,NA,NA,NA,NA,NA,NA,NA,NA,NA,NA,NA,NA,NA,NA,NA,NA,NA,NA,NA,NA,NA,NA,NA,NA,NA,NA,NA,NA,NA,NA,NA,NA,NA,NA,NA,NA,NA,NA,NA,NA,NA,High,High,High,NA,NA,NA,NA,NA,NA,NA,NA,NA,NA,NA,NA,NA,NA,NA,NA,NA,NA,NA,NA,NA,NA,NA,NA,NA,NA,NA,NA,NA,NA,NA,NA,NA,NA,NA,NA,NA,NA,NA,NA,NA,NA,NA,NA,NA,NA,NA,NA,NA,NA,NA,NA,NA,NA,NA,NA,NA,NA
NA,NA,NA,NA,NA,NA,NA,NA,NA,NA,NA,NA,NA,NA,NA,NA,107,2025-05-29,12:04:35,4,5,"Kruse, Wilson",10090996,Left,NWL_KG,"Reynolds, Drew",1000120249,Left,LAK_C,Undefined,3,Top,2,2,2,Undefined,Cutter,StrikeSwinging,Strikeout,Undefined,Undefined,0,0,NA,82.28058,-0.684186,0.472352,2183.301859,189.969305,12:15:00,6.31291,-1.01234,5.83622,-27.30635,13.6845,2.19579,3.40142,-0.39032,75.94291,-5.763871,0.866214,0.460803,NA,NA,NA,NA,NA,NA,NA,NA,NA,NA,NA,-1.00248,7.54544,0.97254,50,6.241,-1.07156,-119.61376,-2.26742,-1.46459,21.25939,-21.15065,NWL_KG,LAK_C,HOMERSTRYKER,NWL,NWL,20250529-HOMERSTRYKER-1,9d600a00-3ca6-11f0-a835-f9cb0487f947,81.79737,NA,NA,6.33767,NA,NA,NA,NA,NA,NA,45d07472-c160-48e7-9a7d-8b154baa4dec,2025-05-29,16:04:35,2025-05-29T16:04:35Z,2025-05-29T16:04:35Z,NA,v3,NA,NA,NA,"Garner, Coleman",90000255834,Right,NWL_KG,63e0d875-e5ea-49b6-adf2-6b4de428ab1b,54.66209,-120.43952,10.62969,6.31312,-1.44588,-10.57533,1.01306,-1.01468,-0.73229,NA,NA,NA,NA,NA,NA,NA,NA,NA,NA,NA,NA,NA,NA,NA,NA,NA,NA,NA,NA,NA,NA,NA,NA,NA,NA,NA,NA,NA,NA,NA,NA,NA,NA,NA,NA,NA,NA,NA,NA,NA,NA,NA,NA,NA,NA,NA,NA,NA,NA,High,High,High,NA,NA,NA,NA,NA,NA,NA,NA,NA,NA,NA,NA,NA,NA,NA,NA,NA,NA,NA,NA,NA,NA,NA,NA,NA,NA,NA,NA,NA,NA,NA,NA,NA,NA,NA,NA,NA,NA,NA,NA,NA,NA,NA,NA,NA,NA,NA,NA,NA,NA,NA,NA,NA,NA,NA,NA,NA,NA
NA,NA,NA,NA,NA,NA,NA,NA,NA,NA,NA,NA,NA,NA,NA,NA,108,2025-05-29,12:07:15,1,1,"Robinson, Aaron",1000160454,Left,LAK_C,"Rodriguez, Evan",1000115944,Right,NWL_KG,Undefined,3,Bottom,0,0,0,Undefined,Changeup,StrikeCalled,Undefined,Undefined,Undefined,0,0,NA,84.62117,1.076798,2.268716,2240.752296,86.541026,09:00:00,4.7581,-2.06252,6.27851,-37.92955,0.45453,-11.93528,2.59072,-0.96489,77.5801,-5.970391,0.111434,0.44591,NA,NA,NA,NA,NA,NA,NA,NA,NA,NA,NA,6.79555,0.32996,1.90042,50,4.81955,-4.41235,-122.96898,1.10066,10.41676,24.13379,-31.66825,NWL_KG,LAK_C,HOMERSTRYKER,NWL,NWL,20250529-HOMERSTRYKER-1,fcc286d0-3ca6-11f0-a835-f9cb0487f947,84.52932,NA,NA,7.04106,NA,NA,NA,NA,NA,NA,45d07472-c160-48e7-9a7d-8b154baa4dec,2025-05-29,16:07:15,2025-05-29T16:07:15Z,2025-05-29T16:07:15Z,NA,v3,NA,NA,NA,"Duarte, Christian",10064346,R,LAK_C,9150d5c9-cd8d-4880-baf6-07de06469c57,54.22099,-123.79461,12.06689,4.76336,2.18406,-15.83413,2.05746,-4.76871,5.20838,NA,NA,NA,NA,NA,NA,NA,NA,NA,NA,NA,NA,NA,NA,NA,NA,NA,NA,NA,NA,NA,NA,NA,NA,NA,NA,NA,NA,NA,NA,NA,NA,NA,NA,NA,NA,NA,NA,NA,NA,NA,NA,NA,NA,NA,NA,NA,NA,NA,NA,High,High,High,NA,NA,NA,NA,NA,NA,NA,NA,NA,NA,NA,NA,NA,NA,NA,NA,NA,NA,NA,NA,NA,NA,NA,NA,NA,NA,NA,NA,NA,NA,NA,NA,NA,NA,NA,NA,NA,NA,NA,NA,NA,NA,NA,NA,NA,NA,NA,NA,NA,NA,NA,NA,NA,NA,NA,NA,NA,NA
NA,NA,NA,NA,NA,NA,NA,NA,NA,NA,NA,NA,NA,NA,NA,NA,109,2025-05-29,12:07:27,1,2,"Robinson, Aaron",1000160454,Left,LAK_C,"Rodriguez, Evan",1000115944,Right,NWL_KG,Undefined,3,Bottom,0,0,1,Undefined,Changeup,BallCalled,Undefined,Undefined,Undefined,0,0,NA,83.01437,-0.181013,1.528653,1946.225891,118.954755,10:00:00,4.70769,-2.31598,6.02548,-32.11132,8.61918,-13.02473,1.86404,-1.98528,75.27691,-6.184739,-0.816032,0.459337,NA,NA,NA,NA,NA,NA,NA,NA,NA,NA,NA,7.11642,4.92937,2.20308,50,4.67639,-2.69542,-120.46901,-1.3785,10.34255,25.81681,-25.01005,NWL_KG,LAK_C,HOMERSTRYKER,NWL,NWL,20250529-HOMERSTRYKER-1,042f0240-3ca7-11f0-a835-f9cb0487f947,82.05837,NA,NA,7.73746,NA,NA,NA,NA,NA,NA,45d07472-c160-48e7-9a7d-8b154baa4dec,2025-05-29,16:07:27,2025-05-29T16:07:27Z,2025-05-29T16:07:27Z,NA,v3,NA,NA,NA,"Duarte, Christian",10064346,R,LAK_C,42974af5-b4bc-4296-8ae5-54ade5dae4d7,54.47049,-121.42327,12.90841,4.71026,-0.45406,-12.50502,2.30977,-3.07771,5.17128,NA,NA,NA,NA,NA,NA,NA,NA,NA,NA,NA,NA,NA,NA,NA,NA,NA,NA,NA,NA,NA,NA,NA,NA,NA,NA,NA,NA,NA,NA,NA,NA,NA,NA,NA,NA,NA,NA,NA,NA,NA,NA,NA,NA,NA,NA,NA,NA,NA,NA,High,High,High,NA,NA,NA,NA,NA,NA,NA,NA,NA,NA,NA,NA,NA,NA,NA,NA,NA,NA,NA,NA,NA,NA,NA,NA,NA,NA,NA,NA,NA,NA,NA,NA,NA,NA,NA,NA,NA,NA,NA,NA,NA,NA,NA,NA,NA,NA,NA,NA,NA,NA,NA,NA,NA,NA,NA,NA,NA,NA
NA,NA,NA,NA,NA,NA,NA,NA,NA,NA,NA,NA,NA,NA,NA,NA,110,2025-05-29,12:07:40,1,3,"Robinson, Aaron",1000160454,Left,LAK_C,"Rodriguez, Evan",1000115944,Right,NWL_KG,Undefined,3,Bottom,0,1,1,Undefined,Sinker,InPlay,Undefined,FlyBall,Out,1,0,NA,84.86502,-0.452464,4.454432,2213.707183,130.987848,10:15:00,4.78869,-2.35707,6.15077,-25.26308,13.33079,-13.90851,2.2641,0.60792,77.45851,-5.205747,1.956321,0.447127,81.3976,20.140548,-15.56087,1314.891462,104.96757,31.19262,-32.89074,263.20384,253.05294,-19.66872,3.178866,8.49607,7.39134,2.02502,50,4.74114,-9.05342,-123.00966,-1.7173,13.00195,24.67708,-20.86272,NWL_KG,LAK_C,HOMERSTRYKER,NWL,NWL,20250529-HOMERSTRYKER-1,0c11e630-3ca7-11f0-a835-f9cb0487f947,84.29922,33.50615,NA,7.4065,NA,NA,NA,2.15962,2.34707,-0.57765,45d07472-c160-48e7-9a7d-8b154baa4dec,2025-05-29,16:07:40,2025-05-29T16:07:40Z,2025-05-29T16:07:40Z,LineDrive,v3,NA,NA,NA,"Duarte, Christian",10064346,R,LAK_C,3c20b4b5-383b-4ec2-a3b2-817b89e303d0,54.34888,-123.87902,12.33854,4.78869,-0.98232,-10.43136,2.35204,-9.51147,6.50098,156.112504,2.15948,107.9796,-17.5535,4.11987,-0.77199,0.10224,-0.00457,-0.00139,2.3e-4,2.34724,41.10007,-13.65783,-0.01915,0.01826,0.06602,-0.03902,0.00999,-9.8e-4,-0.57769,-30.06608,0.85454,0.02627,-0.03582,0.00596,2e-5,-4e-5,-1e-5,NA,NA,NA,NA,NA,NA,NA,NA,NA,NA,NA,NA,NA,NA,NA,NA,NA,NA,NA,NA,NA,NA,High,High,High,High,High,NA,NA,NA,NA,NA,NA,NA,NA,NA,NA,NA,NA,NA,NA,NA,NA,NA,NA,NA,NA,NA,NA,NA,NA,NA,NA,NA,NA,NA,NA,NA,NA,NA,NA,NA,NA,NA,NA,NA,NA,NA,NA,NA,NA,NA,NA,NA,NA,NA,NA,NA,NA,NA,NA,NA,NA
NA,NA,NA,NA,NA,NA,NA,NA,NA,NA,NA,NA,NA,NA,NA,NA,111,2025-05-29,12:08:15,2,1,"Robinson, Aaron",1000160454,Left,LAK_C,"Johnson, Trevor",815427,Left,NWL_KG,Undefined,3,Bottom,1,0,0,Undefined,Sinker,BallCalled,Undefined,Undefined,Undefined,0,0,NA,86.20566,-0.348098,5.035065,2157.55208,129.535534,10:15:00,4.74194,-3.05688,6.01755,-27.34301,10.50847,-11.18264,2.13967,0.68719,78.31045,-5.463953,3.034809,0.442805,NA,NA,NA,NA,NA,NA,NA,NA,NA,NA,NA,7.23556,5.8839,2.66742,50,4.69972,-10.53864,-124.73788,-1.61921,11.33185,26.49329,-22.95905,NWL_KG,LAK_C,HOMERSTRYKER,NWL,NWL,20250529-HOMERSTRYKER-1,20bf0540-3ca7-11f0-a835-f9cb0487f947,85.12189,NA,NA,7.89521,NA,NA,NA,NA,NA,NA,45d07472-c160-48e7-9a7d-8b154baa4dec,2025-05-29,16:08:15,2025-05-29T16:08:15Z,2025-05-29T16:08:15Z,NA,v3,NA,NA,NA,"Duarte, Christian",10064346,R,LAK_C,9c4de3d7-6102-48cf-981b-713a4b9bc4c9,54.48019,-125.68583,13.24665,4.74296,-0.79772,-11.47953,3.05176,-10.9441,5.66592,NA,NA,NA,NA,NA,NA,NA,NA,NA,NA,NA,NA,NA,NA,NA,NA,NA,NA,NA,NA,NA,NA,NA,NA,NA,NA,NA,NA,NA,NA,NA,NA,NA,NA,NA,NA,NA,NA,NA,NA,NA,NA,NA,NA,NA,NA,NA,NA,NA,NA,High,High,High,NA,NA,NA,NA,NA,NA,NA,NA,NA,NA,NA,NA,NA,NA,NA,NA,NA,NA,NA,NA,NA,NA,NA,NA,NA,NA,NA,NA,NA,NA,NA,NA,NA,NA,NA,NA,NA,NA,NA,NA,NA,NA,NA,NA,NA,NA,NA,NA,NA,NA,NA,NA,NA,NA,NA,NA,NA,NA
NA,NA,NA,NA,NA,NA,NA,NA,NA,NA,NA,NA,NA,NA,NA,NA,112,2025-05-29,12:08:30,2,2,"Robinson, Aaron",1000160454,Left,LAK_C,"Johnson, Trevor",815427,Left,NWL_KG,Undefined,3,Bottom,1,1,0,Undefined,Slider,BallCalled,Undefined,Undefined,Undefined,0,0,NA,81.89645,0.089905,5.287603,2448.349598,191.543024,12:30:00,4.78521,-3.42661,5.41858,-39.1853,4.29524,0.5511,1.60435,1.58653,73.87369,-7.097929,5.38497,0.47459,NA,NA,NA,NA,NA,NA,NA,NA,NA,NA,NA,1.48173,2.58961,2.95534,50,4.76628,-10.96038,-118.1811,-1.16051,2.0571,26.38429,-28.57889,NWL_KG,LAK_C,HOMERSTRYKER,NWL,NWL,20250529-HOMERSTRYKER-1,2971bc50-3ca7-11f0-a835-f9cb0487f947,79.42098,NA,NA,8.02276,NA,NA,NA,NA,NA,NA,45d07472-c160-48e7-9a7d-8b154baa4dec,2025-05-29,16:08:30,2025-05-29T16:08:30Z,2025-05-29T16:08:30Z,NA,v3,NA,NA,NA,"Duarte, Christian",10064346,R,LAK_C,56323df7-d25e-4981-88e6-ef4d589c5644,55.07739,-119.30925,13.19215,4.78978,0.06149,-14.28945,3.42587,-11.04834,1.02855,NA,NA,NA,NA,NA,NA,NA,NA,NA,NA,NA,NA,NA,NA,NA,NA,NA,NA,NA,NA,NA,NA,NA,NA,NA,NA,NA,NA,NA,NA,NA,NA,NA,NA,NA,NA,NA,NA,NA,NA,NA,NA,NA,NA,NA,NA,NA,NA,NA,NA,High,High,High,NA,NA,NA,NA,NA,NA,NA,NA,NA,NA,NA,NA,NA,NA,NA,NA,NA,NA,NA,NA,NA,NA,NA,NA,NA,NA,NA,NA,NA,NA,NA,NA,NA,NA,NA,NA,NA,NA,NA,NA,NA,NA,NA,NA,NA,NA,NA,NA,NA,NA,NA,NA,NA,NA,NA,NA,NA,NA
NA,NA,NA,NA,NA,NA,NA,NA,NA,NA,NA,NA,NA,NA,NA,NA,113,2025-05-29,12:08:44,2,3,"Robinson, Aaron",1000160454,Left,LAK_C,"Johnson, Trevor",815427,Left,NWL_KG,Undefined,3,Bottom,1,2,0,Undefined,Changeup,StrikeCalled,Undefined,Undefined,Undefined,0,0,NA,85.37047,-0.072733,5.567208,2410.036743,105.824245,09:30:00,4.74111,-3.46864,5.60815,-33.74029,5.50894,-14.74469,1.86121,0.51566,77.58862,-6.289422,2.951855,0.450907,NA,NA,NA,NA,NA,NA,NA,NA,NA,NA,NA,9.11256,3.19457,3.00103,50,4.7131,-11.40791,-123.37461,-1.32698,13.96875,25.79718,-27.27703,NWL_KG,LAK_C,HOMERSTRYKER,NWL,NWL,20250529-HOMERSTRYKER-1,320ec880-3ca7-11f0-a835-f9cb0487f947,83.59246,NA,NA,7.78185,NA,NA,NA,NA,NA,NA,45d07472-c160-48e7-9a7d-8b154baa4dec,2025-05-29,16:08:44,2025-05-29T16:08:44Z,2025-05-29T16:08:44Z,NA,v3,NA,NA,NA,"Duarte, Christian",10064346,R,LAK_C,3c7effe0-e7be-49dc-b47c-7fc62430f842,54.89063,-124.39302,12.89859,4.74423,-0.25015,-13.63852,3.46227,-11.95936,6.98437,NA,NA,NA,NA,NA,NA,NA,NA,NA,NA,NA,NA,NA,NA,NA,NA,NA,NA,NA,NA,NA,NA,NA,NA,NA,NA,NA,NA,NA,NA,NA,NA,NA,NA,NA,NA,NA,NA,NA,NA,NA,NA,NA,NA,NA,NA,NA,NA,NA,NA,High,High,High,NA,NA,NA,NA,NA,NA,NA,NA,NA,NA,NA,NA,NA,NA,NA,NA,NA,NA,NA,NA,NA,NA,NA,NA,NA,NA,NA,NA,NA,NA,NA,NA,NA,NA,NA,NA,NA,NA,NA,NA,NA,NA,NA,NA,NA,NA,NA,NA,NA,NA,NA,NA,NA,NA,NA,NA,NA,NA
NA,NA,NA,NA,NA,NA,NA,NA,NA,NA,NA,NA,NA,NA,NA,NA,114,2025-05-29,12:09:03,2,4,"Robinson, Aaron",1000160454,Left,LAK_C,"Johnson, Trevor",815427,Left,NWL_KG,Undefined,3,Bottom,1,2,1,Undefined,Curveball,BallCalled,Undefined,Undefined,Undefined,0,0,NA,76.53511,1.506521,1.326822,2436.88191,255.965873,02:30:00,4.36662,-3.65434,5.21023,-44.34215,5.03642,13.52367,2.08885,-1.27943,69.63506,-6.609093,3.721415,0.505755,NA,NA,NA,NA,NA,NA,NA,NA,NA,NA,NA,-6.31339,2.56914,3.52118,50,4.47298,-3.10996,-110.9219,1.439,-7.79547,21.49449,-29.00178,NWL_KG,LAK_C,HOMERSTRYKER,NWL,NWL,20250529-HOMERSTRYKER-1,3cf85cc0-3ca7-11f0-a835-f9cb0487f947,74.527,NA,NA,6.90005,NA,NA,NA,NA,NA,NA,45d07472-c160-48e7-9a7d-8b154baa4dec,2025-05-29,16:09:03,2025-05-29T16:09:03Z,2025-05-29T16:09:03Z,NA,v3,NA,NA,NA,"Duarte, Christian",10064346,R,LAK_C,94b048d5-a1c1-4f39-89f1-fe4e249a23ef,55.28669,-111.94167,10.74724,4.37207,2.81494,-14.50089,3.65995,-2.74011,-3.89774,NA,NA,NA,NA,NA,NA,NA,NA,NA,NA,NA,NA,NA,NA,NA,NA,NA,NA,NA,NA,NA,NA,NA,NA,NA,NA,NA,NA,NA,NA,NA,NA,NA,NA,NA,NA,NA,NA,NA,NA,NA,NA,NA,NA,NA,NA,NA,NA,NA,NA,High,High,High,NA,NA,NA,NA,NA,NA,NA,NA,NA,NA,NA,NA,NA,NA,NA,NA,NA,NA,NA,NA,NA,NA,NA,NA,NA,NA,NA,NA,NA,NA,NA,NA,NA,NA,NA,NA,NA,NA,NA,NA,NA,NA,NA,NA,NA,NA,NA,NA,NA,NA,NA,NA,NA,NA,NA,NA,NA,NA
NA,NA,NA,NA,NA,NA,NA,NA,NA,NA,NA,NA,NA,NA,NA,NA,115,2025-05-29,12:09:20,2,5,"Robinson, Aaron",1000160454,Left,LAK_C,"Johnson, Trevor",815427,Left,NWL_KG,Undefined,3,Bottom,1,3,1,Undefined,Sinker,StrikeCalled,Undefined,Undefined,Undefined,0,0,NA,86.59168,-0.906743,4.892814,2278.731762,128.73234,10:15:00,4.83662,-3.17492,5.91344,-26.10864,11.38111,-12.66591,1.81621,0.32169,79.02066,-5.779359,2.63012,0.440684,NA,NA,NA,NA,NA,NA,NA,NA,NA,NA,NA,7.88717,6.44992,2.78907,50,4.74879,-10.21689,-125.35636,-2.82431,12.53252,25.67565,-21.92528,NWL_KG,LAK_C,HOMERSTRYKER,NWL,NWL,20250529-HOMERSTRYKER-1,4732ec50-3ca7-11f0-a835-f9cb0487f947,85.53161,NA,NA,7.57102,NA,NA,NA,NA,NA,NA,45d07472-c160-48e7-9a7d-8b154baa4dec,2025-05-29,16:09:20,2025-05-29T16:09:20Z,2025-05-29T16:09:20Z,NA,v3,NA,NA,NA,"Duarte, Christian",10064346,R,LAK_C,12f34a05-d31e-4b2f-9940-108763dd6b2e,54.58539,-126.29205,12.83783,4.83716,-2.02529,-10.96264,3.16973,-10.67361,6.26626,NA,NA,NA,NA,NA,NA,NA,NA,NA,NA,NA,NA,NA,NA,NA,NA,NA,NA,NA,NA,NA,NA,NA,NA,NA,NA,NA,NA,NA,NA,NA,NA,NA,NA,NA,NA,NA,NA,NA,NA,NA,NA,NA,NA,NA,NA,NA,NA,NA,NA,High,High,High,NA,NA,NA,NA,NA,NA,NA,NA,NA,NA,NA,NA,NA,NA,NA,NA,NA,NA,NA,NA,NA,NA,NA,NA,NA,NA,NA,NA,NA,NA,NA,NA,NA,NA,NA,NA,NA,NA,NA,NA,NA,NA,NA,NA,NA,NA,NA,NA,NA,NA,NA,NA,NA,NA,NA,NA,NA,NA
NA,NA,NA,NA,NA,NA,NA,NA,NA,NA,NA,NA,NA,NA,NA,NA,116,2025-05-29,12:09:36,2,6,"Robinson, Aaron",1000160454,Left,LAK_C,"Johnson, Trevor",815427,Left,NWL_KG,Undefined,3,Bottom,1,3,2,Undefined,Curveball,InPlay,Undefined,FlyBall,Out,1,0,NA,77.00668,1.550523,2.0331,2281.310589,282.884767,03:30:00,4.45178,-3.54081,5.21695,-51.9516,-2.8654,19.96162,1.58166,0.0351,69.94532,-7.90004,5.56617,0.504256,93.84803,19.80439,0.687025,2537.897433,109.85742,35.90888,-5.58874,324.57564,316.98707,-10.483396,4.016323,-9.36304,-1.50134,3.3372,50,4.55599,-4.74374,-111.56449,1.25261,-11.60344,23.20111,-34.03463,NWL_KG,LAK_C,HOMERSTRYKER,NWL,NWL,20250529-HOMERSTRYKER-1,51252840-3ca7-11f0-a835-f9cb0487f947,74.74861,46.83451,NA,7.06136,NA,NA,NA,2.07904,1.71433,0.08224,45d07472-c160-48e7-9a7d-8b154baa4dec,2025-05-29,16:09:36,2025-05-29T16:09:36Z,2025-05-29T16:09:36Z,LineDrive,v3,NA,NA,NA,"Duarte, Christian",10064346,R,LAK_C,6fc5cb53-cf7e-4c8a-a95b-a295c5573432,55.28316,-112.65782,11.60056,4.45917,2.85647,-17.01731,3.54786,-4.19693,-5.80172,143.929847,2.07884,129.49711,-24.18307,5.29647,-1.09037,0.22313,-0.0419,0.00538,-3e-4,1.71427,46.641,-11.61494,-0.5984,0.30669,-0.09025,0.02017,-0.00226,8e-5,0.08274,1.53636,-9.82656,2.9525,-0.67208,0.12118,-0.01837,0.00207,-1.1e-4,NA,NA,NA,NA,NA,NA,NA,NA,NA,NA,NA,NA,NA,NA,NA,NA,NA,NA,NA,NA,NA,NA,High,High,High,High,Medium,NA,NA,NA,NA,NA,NA,NA,NA,NA,NA,NA,NA,NA,NA,NA,NA,NA,NA,NA,NA,NA,NA,NA,NA,NA,NA,NA,NA,NA,NA,NA,NA,NA,NA,NA,NA,NA,NA,NA,NA,NA,NA,NA,NA,NA,NA,NA,NA,NA,NA,NA,NA,NA,NA,NA,NA
NA,NA,NA,NA,NA,NA,NA,NA,NA,NA,NA,NA,NA,NA,NA,NA,117,2025-05-29,12:10:17,3,1,"Robinson, Aaron",1000160454,Left,LAK_C,"Sprockett, Michael",1000119908,Left,NWL_KG,Undefined,3,Bottom,2,0,0,Undefined,Slider,BallCalled,Undefined,Undefined,Undefined,0,0,NA,82.18177,-1.095477,3.667637,2501.559909,196.599459,12:30:00,4.76793,-3.48191,5.5327,-35.92463,5.48607,1.31032,0.748,0.06029,76.71182,-7.628439,3.900653,0.463156,NA,NA,NA,NA,NA,NA,NA,NA,NA,NA,NA,0.18126,3.33236,3.16217,50,4.64826,-7.69852,-119.31216,-3.50386,0.26549,19.47886,-27.29288,NWL_KG,LAK_C,HOMERSTRYKER,NWL,NWL,20250529-HOMERSTRYKER-1,691f0150-3ca7-11f0-a835-f9cb0487f947,81.38169,NA,NA,5.46995,NA,NA,NA,NA,NA,NA,45d07472-c160-48e7-9a7d-8b154baa4dec,2025-05-29,16:10:17,2025-05-29T16:10:17Z,2025-05-29T16:10:17Z,NA,v3,NA,NA,NA,"Duarte, Christian",10064346,R,LAK_C,23620e0d-dbcd-49df-a838-c3d8a1f57b55,54.96896,-120.12065,9.73943,4.77019,-2.37104,-13.64644,3.48193,-7.70954,0.13274,NA,NA,NA,NA,NA,NA,NA,NA,NA,NA,NA,NA,NA,NA,NA,NA,NA,NA,NA,NA,NA,NA,NA,NA,NA,NA,NA,NA,NA,NA,NA,NA,NA,NA,NA,NA,NA,NA,NA,NA,NA,NA,NA,NA,NA,NA,NA,NA,NA,NA,High,High,High,NA,NA,NA,NA,NA,NA,NA,NA,NA,NA,NA,NA,NA,NA,NA,NA,NA,NA,NA,NA,NA,NA,NA,NA,NA,NA,NA,NA,NA,NA,NA,NA,NA,NA,NA,NA,NA,NA,NA,NA,NA,NA,NA,NA,NA,NA,NA,NA,NA,NA,NA,NA,NA,NA,NA,NA,NA,NA
NA,NA,NA,NA,NA,NA,NA,NA,NA,NA,NA,NA,NA,NA,NA,NA,118,2025-05-29,12:10:31,3,2,"Robinson, Aaron",1000160454,Left,LAK_C,"Sprockett, Michael",1000119908,Left,NWL_KG,Undefined,3,Bottom,2,1,0,Undefined,Changeup,FoulBallFieldable,Undefined,Undefined,Undefined,0,0,NA,84.96488,0.697766,4.61486,2378.562197,118.927948,10:00:00,4.91188,-3.21043,5.73661,-30.56462,8.45272,-13.09894,3.01672,0.00462,77.7259,-4.961565,2.28184,0.449573,70.83354,56.550862,-34.304409,NA,77.26238,88.00682,-78.29767,156.40551,156.40551,-46.973791,4.968554,7.9543,4.4626,2.83378,50,4.95132,-9.40672,-123.08432,0.4898,12.23377,23.84243,-25.31052,NWL_KG,LAK_C,HOMERSTRYKER,NWL,NWL,20250529-HOMERSTRYKER-1,71f063f0-3ca7-11f0-a835-f9cb0487f947,83.84051,96.82934,NA,7.23898,NA,NA,NA,1.88616,2.32565,0.30743,45d07472-c160-48e7-9a7d-8b154baa4dec,2025-05-29,16:10:31,2025-05-29T16:10:31Z,2025-05-29T16:10:31Z,Popup,v3,NA,NA,NA,"Duarte, Christian",10064346,R,LAK_C,26ade45c-e34e-492f-8d37-8e0288283310,54.76327,-124.00357,11.92122,4.91362,1.46565,-12.65526,3.20555,-9.87839,6.11689,161.525938,1.88649,47.27028,-16.08986,4.6194,-0.61569,-0.11287,0.06637,-0.0108,6.1e-4,2.32099,86.77696,-23.81653,2.56872,-0.55679,0.08614,0.00384,-0.0034,3.1e-4,0.30789,-32.28413,3.65461,-0.64053,0.13393,-0.04848,0.01468,-0.00236,1.5e-4,NA,NA,NA,NA,NA,NA,NA,NA,NA,NA,NA,NA,NA,NA,NA,NA,NA,NA,NA,NA,NA,NA,High,High,High,Medium,Low,NA,NA,NA,NA,NA,NA,NA,NA,NA,NA,NA,NA,NA,NA,NA,NA,NA,NA,NA,NA,NA,NA,NA,NA,NA,NA,NA,NA,NA,NA,NA,NA,NA,NA,NA,NA,NA,NA,NA,NA,NA,NA,NA,NA,NA,NA,NA,NA,NA,NA,NA,NA,NA,NA,NA,NA
NA,NA,NA,NA,NA,NA,NA,NA,NA,NA,NA,NA,NA,NA,NA,NA,119,2025-05-29,12:11:14,3,3,"Robinson, Aaron",1000160454,Left,LAK_C,"Sprockett, Michael",1000119908,Left,NWL_KG,Undefined,3,Bottom,2,1,1,Undefined,Changeup,InPlay,Undefined,GroundBall,Single,0,0,NA,86.31421,-0.242233,4.970864,2308.382489,85.438924,08:45:00,4.72457,-3.19589,6.12682,-37.54719,0.18835,-14.09182,1.37088,0.23632,78.29816,-7.199066,2.441018,0.442127,44.16185,-42.919111,1.6673230000000001,NA,NA,NA,NA,4.1719,4.1719,-1.928664,0.034085,8.84815,0.53252,2.82228,50,4.68654,-10.3097,-124.93194,-1.77275,13.82812,27.79195,-31.34182,NWL_KG,LAK_C,HOMERSTRYKER,NWL,NWL,20250529-HOMERSTRYKER-1,8b1b9110-3ca7-11f0-a835-f9cb0487f947,85.25261,1.51184,NA,8.01605,NA,NA,NA,2.54438,1.51184,-0.18771,45d07472-c160-48e7-9a7d-8b154baa4dec,2025-05-29,16:11:14,2025-05-29T16:11:14Z,2025-05-29T16:11:14Z,GroundBall,v3,NA,NA,NA,"Duarte, Christian",10064346,R,LAK_C,d58a0427-55a0-42d4-8f3d-5ac31a629b61,54.37263,-125.90091,13.89597,4.7293,-0.68002,-15.67091,3.19013,-10.79181,6.91406,NA,2.54291,47.67993,NA,NA,NA,NA,NA,NA,NA,1.51321,-44.35535,NA,NA,NA,NA,NA,NA,NA,-0.18776,1.38789,NA,NA,NA,NA,NA,NA,NA,NA,NA,NA,NA,NA,NA,NA,NA,NA,NA,NA,NA,NA,NA,NA,NA,NA,NA,NA,NA,NA,NA,High,High,High,Estimated,Estimated,NA,NA,NA,NA,NA,NA,NA,NA,NA,NA,NA,NA,NA,NA,NA,NA,NA,NA,NA,NA,NA,NA,NA,NA,NA,NA,NA,NA,NA,NA,NA,NA,NA,NA,NA,NA,NA,NA,NA,NA,NA,NA,NA,NA,NA,NA,NA,NA,NA,NA,NA,NA,NA,NA,NA,NA
NA,NA,NA,NA,NA,NA,NA,NA,NA,NA,NA,NA,NA,NA,NA,NA,120,2025-05-29,12:11:55,4,1,"Robinson, Aaron",1000160454,Left,LAK_C,"Thielman, Avery",1000215893,Right,NWL_KG,Undefined,3,Bottom,2,0,0,Undefined,Sinker,BallCalled,Undefined,Undefined,Undefined,0,0,NA,87.1155,-1.785372,5.271784,2199.740428,143.584143,10:45:00,4.89329,-1.87841,6.18568,-25.86092,10.82603,-7.11902,1.08215,2.40983,79.76418,-6.614528,3.995232,0.43594,NA,NA,NA,NA,NA,NA,NA,NA,NA,NA,NA,5.20575,6.45642,1.48341,50,4.74485,-11.35944,-126.07099,-4.73827,8.37027,25.85725,-21.79285,NWL_KG,LAK_C,HOMERSTRYKER,NWL,NWL,20250529-HOMERSTRYKER-1,a3d5fb00-3ca7-11f0-a835-f9cb0487f947,86.46236,NA,NA,7.35131,NA,NA,NA,NA,NA,NA,45d07472-c160-48e7-9a7d-8b154baa4dec,2025-05-29,16:11:55,2025-05-29T16:11:55Z,2025-05-29T16:11:55Z,NA,v3,NA,NA,NA,"Duarte, Christian",10064346,R,LAK_C,f5b395f2-6456-4d26-b482-924ea75b8a6b,54.3141,-126.95273,12.92863,4.89376,-3.99512,-10.89642,1.87564,-11.64487,4.18513,NA,NA,NA,NA,NA,NA,NA,NA,NA,NA,NA,NA,NA,NA,NA,NA,NA,NA,NA,NA,NA,NA,NA,NA,NA,NA,NA,NA,NA,NA,NA,NA,NA,NA,NA,NA,NA,NA,NA,NA,NA,NA,NA,NA,NA,NA,NA,NA,NA,NA,High,High,High,NA,NA,NA,NA,NA,NA,NA,NA,NA,NA,NA,NA,NA,NA,NA,NA,NA,NA,NA,NA,NA,NA,NA,NA,NA,NA,NA,NA,NA,NA,NA,NA,NA,NA,NA,NA,NA,NA,NA,NA,NA,NA,NA,NA,NA,NA,NA,NA,NA,NA,NA,NA,NA,NA,NA,NA,NA,NA
NA,NA,NA,NA,NA,NA,NA,NA,NA,NA,NA,NA,NA,NA,NA,NA,121,2025-05-29,12:12:13,4,2,"Robinson, Aaron",1000160454,Left,LAK_C,"Thielman, Avery",1000215893,Right,NWL_KG,Undefined,3,Bottom,2,1,0,Undefined,Changeup,StrikeSwinging,Undefined,Undefined,Undefined,0,0,NA,85.48405,-0.286528,4.318209,2235.847317,86.56689,09:00:00,4.78578,-2.11929,6.06277,-38.1638,0.47,-15.24304,1.33953,0.61452,77.32339,-7.361367,1.579939,0.447358,NA,NA,NA,NA,NA,NA,NA,NA,NA,NA,NA,9.24548,0.72949,1.79183,50,4.74329,-8.73907,-123.78251,-1.88744,14.13327,28.10386,-31.05893,NWL_KG,LAK_C,HOMERSTRYKER,NWL,NWL,20250529-HOMERSTRYKER-1,ae985830-3ca7-11f0-a835-f9cb0487f947,84.25565,NA,NA,8.16066,NA,NA,NA,NA,NA,NA,45d07472-c160-48e7-9a7d-8b154baa4dec,2025-05-29,16:12:13,2025-05-29T16:12:13Z,2025-05-29T16:12:13Z,NA,v3,NA,NA,NA,"Duarte, Christian",10064346,R,LAK_C,ea35418a-44e7-4163-8327-61b1cc0e571c,54.43592,-124.78558,14.05193,4.79087,-0.77889,-15.52947,2.11275,-9.24351,7.06663,NA,NA,NA,NA,NA,NA,NA,NA,NA,NA,NA,NA,NA,NA,NA,NA,NA,NA,NA,NA,NA,NA,NA,NA,NA,NA,NA,NA,NA,NA,NA,NA,NA,NA,NA,NA,NA,NA,NA,NA,NA,NA,NA,NA,NA,NA,NA,NA,NA,NA,High,High,High,NA,NA,NA,NA,NA,NA,NA,NA,NA,NA,NA,NA,NA,NA,NA,NA,NA,NA,NA,NA,NA,NA,NA,NA,NA,NA,NA,NA,NA,NA,NA,NA,NA,NA,NA,NA,NA,NA,NA,NA,NA,NA,NA,NA,NA,NA,NA,NA,NA,NA,NA,NA,NA,NA,NA,NA,NA,NA
NA,NA,NA,NA,NA,NA,NA,NA,NA,NA,NA,NA,NA,NA,NA,NA,122,2025-05-29,12:12:34,4,3,"Robinson, Aaron",1000160454,Left,LAK_C,"Thielman, Avery",1000215893,Right,NWL_KG,Undefined,3,Bottom,2,1,1,Undefined,Changeup,StrikeSwinging,Undefined,Undefined,Undefined,0,0,NA,84.61603,-0.570685,4.433546,2192.950847,105.582281,09:30:00,4.73172,-2.32824,6.11439,-33.33104,5.76922,-15.92296,1.42488,0.45228,76.96571,-6.775687,1.572276,0.45005,NA,NA,NA,NA,NA,NA,NA,NA,NA,NA,NA,9.57229,3.52957,1.996,50,4.67046,-8.88764,-122.58561,-2.27684,14.45733,25.91791,-26.84326,NWL_KG,LAK_C,HOMERSTRYKER,NWL,NWL,20250529-HOMERSTRYKER-1,baf5a0b0-3ca7-11f0-a835-f9cb0487f947,83.75158,NA,NA,7.65033,NA,NA,NA,NA,NA,NA,45d07472-c160-48e7-9a7d-8b154baa4dec,2025-05-29,16:12:34,2025-05-29T16:12:34Z,2025-05-29T16:12:34Z,NA,v3,NA,NA,NA,"Duarte, Christian",10064346,R,LAK_C,2514c197-2c63-49c9-8a29-a7ae12c56f51,54.38483,-123.50921,12.95896,4.73455,-1.32027,-13.42163,2.3219,-9.40283,7.22866,NA,NA,NA,NA,NA,NA,NA,NA,NA,NA,NA,NA,NA,NA,NA,NA,NA,NA,NA,NA,NA,NA,NA,NA,NA,NA,NA,NA,NA,NA,NA,NA,NA,NA,NA,NA,NA,NA,NA,NA,NA,NA,NA,NA,NA,NA,NA,NA,NA,NA,High,High,High,NA,NA,NA,NA,NA,NA,NA,NA,NA,NA,NA,NA,NA,NA,NA,NA,NA,NA,NA,NA,NA,NA,NA,NA,NA,NA,NA,NA,NA,NA,NA,NA,NA,NA,NA,NA,NA,NA,NA,NA,NA,NA,NA,NA,NA,NA,NA,NA,NA,NA,NA,NA,NA,NA,NA,NA,NA,NA
NA,NA,NA,NA,NA,NA,NA,NA,NA,NA,NA,NA,NA,NA,NA,NA,123,2025-05-29,12:12:58,4,4,"Robinson, Aaron",1000160454,Left,LAK_C,"Thielman, Avery",1000215893,Right,NWL_KG,Undefined,3,Bottom,2,1,2,Undefined,Slider,StrikeSwinging,Strikeout,Undefined,Undefined,0,0,NA,76.67147,2.192031,2.486262,2318.916275,265.749835,02:45:00,4.59461,-2.47508,5.04079,-47.12566,2.21721,8.72729,2.73824,0.59904,70.05977,-6.373322,4.024299,0.505573,NA,NA,NA,NA,NA,NA,NA,NA,NA,NA,NA,-3.60595,0.95122,2.23046,50,4.76648,-5.17447,-111.05051,2.62758,-4.48938,20.4472,-30.9898,NWL_KG,LAK_C,HOMERSTRYKER,NWL,NWL,20250529-HOMERSTRYKER-1,c91d48f0-3ca7-11f0-a835-f9cb0487f947,74.55395,NA,NA,6.61169,NA,NA,NA,NA,NA,NA,45d07472-c160-48e7-9a7d-8b154baa4dec,2025-05-29,16:12:58,2025-05-29T16:12:58Z,2025-05-29T16:12:58Z,NA,v3,NA,NA,NA,"Duarte, Christian",10064346,R,LAK_C,80bf985f-de52-49ea-9767-9cd42e750cda,55.45732,-112.05083,10.2236,4.60085,4.14367,-15.4949,2.47824,-4.95484,-2.24469,NA,NA,NA,NA,NA,NA,NA,NA,NA,NA,NA,NA,NA,NA,NA,NA,NA,NA,NA,NA,NA,NA,NA,NA,NA,NA,NA,NA,NA,NA,NA,NA,NA,NA,NA,NA,NA,NA,NA,NA,NA,NA,NA,NA,NA,NA,NA,NA,NA,NA,High,High,High,NA,NA,NA,NA,NA,NA,NA,NA,NA,NA,NA,NA,NA,NA,NA,NA,NA,NA,NA,NA,NA,NA,NA,NA,NA,NA,NA,NA,NA,NA,NA,NA,NA,NA,NA,NA,NA,NA,NA,NA,NA,NA,NA,NA,NA,NA,NA,NA,NA,NA,NA,NA,NA,NA,NA,NA,NA,NA
NA,NA,NA,NA,NA,NA,NA,NA,NA,NA,NA,NA,NA,NA,NA,NA,124,2025-05-29,12:15:47,1,1,"Kruse, Wilson",10090996,Left,NWL_KG,"Gray, Nate",1000273598,Right,LAK_C,Undefined,4,Top,0,0,0,Undefined,Cutter,BallCalled,Undefined,Undefined,Undefined,0,0,NA,82.79031,0.693079,0.888592,2150.425588,175.878113,11:45:00,6.27402,-1.42878,5.76474,-26.32379,13.84469,-0.92417,4.72553,-0.67871,77.0388,-4.18883,0.723161,0.456157,NA,NA,NA,NA,NA,NA,NA,NA,NA,NA,NA,0.66823,7.24315,1.3558,50,6.31523,-1.83233,-120.46702,0.63151,1.00173,18.98689,-21.3159,NWL_KG,LAK_C,HOMERSTRYKER,NWL,NWL,20250529-HOMERSTRYKER-1,2de68620-3ca8-11f0-a835-f9cb0487f947,82.63045,NA,NA,5.7515,NA,NA,NA,NA,NA,NA,45d07472-c160-48e7-9a7d-8b154baa4dec,2025-05-29,16:15:47,2025-05-29T16:15:47Z,2025-05-29T16:15:47Z,NA,v3,NA,NA,NA,"Garner, Coleman",90000255834,Right,NWL_KG,09b66e0f-e618-4279-b254-501b7d889b32,54.73479,-121.21097,9.49344,6.27412,1.46673,-10.65795,1.42837,-1.87158,0.50087,NA,NA,NA,NA,NA,NA,NA,NA,NA,NA,NA,NA,NA,NA,NA,NA,NA,NA,NA,NA,NA,NA,NA,NA,NA,NA,NA,NA,NA,NA,NA,NA,NA,NA,NA,NA,NA,NA,NA,NA,NA,NA,NA,NA,NA,NA,NA,NA,NA,NA,High,High,High,NA,NA,NA,NA,NA,NA,NA,NA,NA,NA,NA,NA,NA,NA,NA,NA,NA,NA,NA,NA,NA,NA,NA,NA,NA,NA,NA,NA,NA,NA,NA,NA,NA,NA,NA,NA,NA,NA,NA,NA,NA,NA,NA,NA,NA,NA,NA,NA,NA,NA,NA,NA,NA,NA,NA,NA,NA,NA
NA,NA,NA,NA,NA,NA,NA,NA,NA,NA,NA,NA,NA,NA,NA,NA,125,2025-05-29,12:16:02,1,2,"Kruse, Wilson",10090996,Left,NWL_KG,"Gray, Nate",1000273598,Right,LAK_C,Undefined,4,Top,0,1,0,Undefined,Slider,BallCalled,Undefined,Undefined,Undefined,0,0,NA,81.21075,0.723358,0.913751,2274.810725,193.851402,12:30:00,6.2038,-1.28814,5.80266,-28.05108,13.91103,3.14618,4.53908,-0.17606,75.13059,-4.492479,1.477257,0.46623,NA,NA,NA,NA,NA,NA,NA,NA,NA,NA,NA,-1.38276,7.29634,1.21124,50,6.24635,-2.00525,-118.08437,0.63397,-1.97817,19.70478,-21.73587,NWL_KG,LAK_C,HOMERSTRYKER,NWL,NWL,20250529-HOMERSTRYKER-1,36e25420-3ca8-11f0-a835-f9cb0487f947,80.84517,NA,NA,6.08016,NA,NA,NA,NA,NA,NA,45d07472-c160-48e7-9a7d-8b154baa4dec,2025-05-29,16:16:02,2025-05-29T16:16:02Z,2025-05-29T16:16:02Z,NA,v3,NA,NA,NA,"Garner, Coleman",90000255834,Right,NWL_KG,a2ceb879-37b0-4cae-a6a3-5d1bfe2cbd9a,54.69559,-118.86535,9.85239,6.20415,1.49544,-10.86794,1.28916,-1.92685,-0.98908,NA,NA,NA,NA,NA,NA,NA,NA,NA,NA,NA,NA,NA,NA,NA,NA,NA,NA,NA,NA,NA,NA,NA,NA,NA,NA,NA,NA,NA,NA,NA,NA,NA,NA,NA,NA,NA,NA,NA,NA,NA,NA,NA,NA,NA,NA,NA,NA,NA,NA,High,High,High,NA,NA,NA,NA,NA,NA,NA,NA,NA,NA,NA,NA,NA,NA,NA,NA,NA,NA,NA,NA,NA,NA,NA,NA,NA,NA,NA,NA,NA,NA,NA,NA,NA,NA,NA,NA,NA,NA,NA,NA,NA,NA,NA,NA,NA,NA,NA,NA,NA,NA,NA,NA,NA,NA,NA,NA,NA,NA
NA,NA,NA,NA,NA,NA,NA,NA,NA,NA,NA,NA,NA,NA,NA,NA,126,2025-05-29,12:16:20,1,3,"Kruse, Wilson",10090996,Left,NWL_KG,"Gray, Nate",1000273598,Right,LAK_C,Undefined,4,Top,0,2,0,Undefined,Slider,BallCalled,Undefined,Undefined,Undefined,0,0,NA,79.29713,-2.081759,0.179139,2164.77725,201.314464,12:45:00,6.42194,-1.23559,5.84047,-31.35057,12.74666,4.47748,1.8738,-0.69598,73.59751,-7.865154,0.983107,0.477944,NA,NA,NA,NA,NA,NA,NA,NA,NA,NA,NA,-2.24807,7.44622,1.21836,50,6.23381,-0.52682,-115.23734,-5.13602,-3.05389,19.36482,-22.05875,NWL_KG,LAK_C,HOMERSTRYKER,NWL,NWL,20250529-HOMERSTRYKER-1,41f2d150-3ca8-11f0-a835-f9cb0487f947,78.8637,NA,NA,5.69962,NA,NA,NA,NA,NA,NA,45d07472-c160-48e7-9a7d-8b154baa4dec,2025-05-29,16:16:20,2025-05-29T16:16:20Z,2025-05-29T16:16:20Z,NA,v3,NA,NA,NA,"Garner, Coleman",90000255834,Right,NWL_KG,eabcc98d-90ce-43fc-8779-cb5650f14595,54.65821,-116.01748,9.68241,6.42283,-4.24736,-11.02938,1.23711,-0.40379,-1.52695,NA,NA,NA,NA,NA,NA,NA,NA,NA,NA,NA,NA,NA,NA,NA,NA,NA,NA,NA,NA,NA,NA,NA,NA,NA,NA,NA,NA,NA,NA,NA,NA,NA,NA,NA,NA,NA,NA,NA,NA,NA,NA,NA,NA,NA,NA,NA,NA,NA,NA,High,High,High,NA,NA,NA,NA,NA,NA,NA,NA,NA,NA,NA,NA,NA,NA,NA,NA,NA,NA,NA,NA,NA,NA,NA,NA,NA,NA,NA,NA,NA,NA,NA,NA,NA,NA,NA,NA,NA,NA,NA,NA,NA,NA,NA,NA,NA,NA,NA,NA,NA,NA,NA,NA,NA,NA,NA,NA,NA,NA
NA,NA,NA,NA,NA,NA,NA,NA,NA,NA,NA,NA,NA,NA,NA,NA,127,2025-05-29,12:16:37,1,4,"Kruse, Wilson",10090996,Left,NWL_KG,"Gray, Nate",1000273598,Right,LAK_C,Undefined,4,Top,0,3,0,Undefined,Cutter,BallCalled,Walk,Undefined,Undefined,0,0,NA,82.69455,-0.408481,0.526818,2265.386386,178.110738,12:00:00,6.34208,-1.11822,5.90717,-24.58529,15.5293,-0.47744,3.91412,-0.66899,76.89566,-4.988901,0.44109,0.455851,NA,NA,NA,NA,NA,NA,NA,NA,NA,NA,NA,0.36488,8.40241,1.0762,50,6.29503,-1.08821,-120.33862,-1.5967,0.54461,19.45101,-19.63326,NWL_KG,LAK_C,HOMERSTRYKER,NWL,NWL,20250529-HOMERSTRYKER-1,4bd5cb00-3ca8-11f0-a835-f9cb0487f947,82.68592,NA,NA,5.7989,NA,NA,NA,NA,NA,NA,45d07472-c160-48e7-9a7d-8b154baa4dec,2025-05-29,16:16:37,2025-05-29T16:16:37Z,2025-05-29T16:16:37Z,NA,v3,NA,NA,NA,"Garner, Coleman",90000255834,Right,NWL_KG,cc563b6b-4f25-4fbb-8769-72fb88c8f0f0,54.59213,-121.0786,9.72551,6.34157,-0.84979,-9.81663,1.11799,-1.10892,0.2723,NA,NA,NA,NA,NA,NA,NA,NA,NA,NA,NA,NA,NA,NA,NA,NA,NA,NA,NA,NA,NA,NA,NA,NA,NA,NA,NA,NA,NA,NA,NA,NA,NA,NA,NA,NA,NA,NA,NA,NA,NA,NA,NA,NA,NA,NA,NA,NA,NA,NA,High,High,High,NA,NA,NA,NA,NA,NA,NA,NA,NA,NA,NA,NA,NA,NA,NA,NA,NA,NA,NA,NA,NA,NA,NA,NA,NA,NA,NA,NA,NA,NA,NA,NA,NA,NA,NA,NA,NA,NA,NA,NA,NA,NA,NA,NA,NA,NA,NA,NA,NA,NA,NA,NA,NA,NA,NA,NA,NA,NA
NA,NA,NA,NA,NA,NA,NA,NA,NA,NA,NA,NA,NA,NA,NA,NA,128,2025-05-29,12:17:09,2,1,"Kruse, Wilson",10090996,Left,NWL_KG,"Garcia, Jedvier",10325103,Right,LAK_C,Undefined,4,Top,0,0,0,Undefined,Slider,BallCalled,Undefined,Undefined,Undefined,0,0,NA,79.72059,0.149594,-1.321726,1998.085882,195.908746,12:30:00,6.35087,-1.31639,5.84547,-33.07943,10.22646,2.58925,3.7333,-2.3291,74.18989,-5.956224,-0.857381,0.473636,NA,NA,NA,NA,NA,NA,NA,NA,NA,NA,NA,-1.63087,5.56512,1.42239,50,6.34341,2.57978,-115.98167,-0.71671,-2.25936,18.22156,-24.46425,NWL_KG,LAK_C,HOMERSTRYKER,NWL,NWL,20250529-HOMERSTRYKER-1,5f196f00-3ca8-11f0-a835-f9cb0487f947,79.58099,NA,NA,5.5307,NA,NA,NA,NA,NA,NA,45d07472-c160-48e7-9a7d-8b154baa4dec,2025-05-29,16:17:09,2025-05-29T16:17:09Z,2025-05-29T16:17:09Z,NA,v3,NA,NA,NA,"Garner, Coleman",90000255834,Right,NWL_KG,6af775ad-5a2e-472d-b717-5462bc932f25,54.65427,-116.71059,9.11078,6.35251,0.26195,-12.23212,1.31738,2.67017,-1.12968,NA,NA,NA,NA,NA,NA,NA,NA,NA,NA,NA,NA,NA,NA,NA,NA,NA,NA,NA,NA,NA,NA,NA,NA,NA,NA,NA,NA,NA,NA,NA,NA,NA,NA,NA,NA,NA,NA,NA,NA,NA,NA,NA,NA,NA,NA,NA,NA,NA,NA,High,High,High,NA,NA,NA,NA,NA,NA,NA,NA,NA,NA,NA,NA,NA,NA,NA,NA,NA,NA,NA,NA,NA,NA,NA,NA,NA,NA,NA,NA,NA,NA,NA,NA,NA,NA,NA,NA,NA,NA,NA,NA,NA,NA,NA,NA,NA,NA,NA,NA,NA,NA,NA,NA,NA,NA,NA,NA,NA,NA
NA,NA,NA,NA,NA,NA,NA,NA,NA,NA,NA,NA,NA,NA,NA,NA,129,2025-05-29,12:17:30,2,2,"Kruse, Wilson",10090996,Left,NWL_KG,"Garcia, Jedvier",10325103,Right,LAK_C,Undefined,4,Top,0,1,0,Undefined,Cutter,StrikeCalled,Undefined,Undefined,Undefined,0,0,NA,82.00115,-1.031493,1.534743,2298.97367,198.050809,12:30:00,6.42371,-1.16432,6.03229,-30.56025,10.08745,2.93977,2.92138,0.50222,76.4668,-6.679514,2.063877,0.45887,NA,NA,NA,NA,NA,NA,NA,NA,NA,NA,NA,-1.16717,5.78374,1.04285,50,6.32634,-3.30553,-119.30685,-3.08493,-1.71116,19.26603,-23.69476,NWL_KG,LAK_C,HOMERSTRYKER,NWL,NWL,20250529-HOMERSTRYKER-1,6b5525c0-3ca8-11f0-a835-f9cb0487f947,82.14192,NA,NA,5.53434,NA,NA,NA,NA,NA,NA,45d07472-c160-48e7-9a7d-8b154baa4dec,2025-05-29,16:17:30,2025-05-29T16:17:30Z,2025-05-29T16:17:30Z,NA,v3,NA,NA,NA,"Garner, Coleman",90000255834,Right,NWL_KG,f37b29fd-3b0e-42e0-9b15-bb848a967df8,54.46773,-120.02615,9.63302,6.425,-2.2003,-11.84738,1.16507,-3.24164,-0.85558,NA,NA,NA,NA,NA,NA,NA,NA,NA,NA,NA,NA,NA,NA,NA,NA,NA,NA,NA,NA,NA,NA,NA,NA,NA,NA,NA,NA,NA,NA,NA,NA,NA,NA,NA,NA,NA,NA,NA,NA,NA,NA,NA,NA,NA,NA,NA,NA,NA,NA,High,High,High,NA,NA,NA,NA,NA,NA,NA,NA,NA,NA,NA,NA,NA,NA,NA,NA,NA,NA,NA,NA,NA,NA,NA,NA,NA,NA,NA,NA,NA,NA,NA,NA,NA,NA,NA,NA,NA,NA,NA,NA,NA,NA,NA,NA,NA,NA,NA,NA,NA,NA,NA,NA,NA,NA,NA,NA,NA,NA
NA,NA,NA,NA,NA,NA,NA,NA,NA,NA,NA,NA,NA,NA,NA,NA,130,2025-05-29,12:17:49,2,3,"Kruse, Wilson",10090996,Left,NWL_KG,"Garcia, Jedvier",10325103,Right,LAK_C,Undefined,4,Top,0,1,1,Undefined,Cutter,FoulBallNotFieldable,Undefined,Undefined,Undefined,0,0,NA,83.37383,-1.252392,0.721825,2298.539734,191.938053,12:30:00,6.36511,-0.94016,5.87254,-27.29411,12.50635,2.40433,2.92708,-0.06932,77.17785,-6.315519,1.153443,0.454062,67.66062,49.447118,66.359294,5093.935263,22.40939,72.14931,107.69314,180.03471,84.1126,82.426087,4.297605,-1.05886,7.07331,0.88035,50,6.24783,-1.6198,-121.22839,-3.5023,-1.59171,21.45303,-21.5413,NWL_KG,LAK_C,HOMERSTRYKER,NWL,NWL,20250529-HOMERSTRYKER-1,76f9f3b0-3ca8-11f0-a835-f9cb0487f947,83.01157,73.42537,NA,6.19598,NA,NA,NA,0.32697,3.26608,-0.38584,45d07472-c160-48e7-9a7d-8b154baa4dec,2025-05-29,16:17:49,2025-05-29T16:17:49Z,2025-05-29T16:17:49Z,Popup,v3,NA,NA,NA,"Garner, Coleman",90000255834,Right,NWL_KG,8a98d4cd-fa99-483a-96ef-9a4265ae0428,54.62717,-122.04448,10.72652,6.36548,-2.68285,-10.77065,0.94081,-1.55925,-0.79585,216.521602,0.35563,25.19562,-9.90012,-1.40062,3.91828,-2.10032,0.52913,-0.06299,0.00278,3.27367,75.17929,-22.40707,-0.37827,2.51139,-1.60044,0.50694,-0.07986,0.00494,-0.37464,58.80939,-5.72601,-1.86784,2.86963,-1.58578,0.45656,-0.06647,0.00386,NA,NA,NA,NA,NA,NA,NA,NA,NA,NA,NA,NA,NA,NA,NA,NA,NA,NA,NA,NA,NA,NA,High,High,High,Medium,Low,NA,NA,NA,NA,NA,NA,NA,NA,NA,NA,NA,NA,NA,NA,NA,NA,NA,NA,NA,NA,NA,NA,NA,NA,NA,NA,NA,NA,NA,NA,NA,NA,NA,NA,NA,NA,NA,NA,NA,NA,NA,NA,NA,NA,NA,NA,NA,NA,NA,NA,NA,NA,NA,NA,NA,NA
NA,NA,NA,NA,NA,NA,NA,NA,NA,NA,NA,NA,NA,NA,NA,NA,131,2025-05-29,12:18:14,2,4,"Kruse, Wilson",10090996,Left,NWL_KG,"Garcia, Jedvier",10325103,Right,LAK_C,Undefined,4,Top,0,1,2,Undefined,Changeup,FoulBallNotFieldable,Undefined,Undefined,Undefined,0,0,NA,84.12949,-2.944028,1.444056,2088.077971,135.920505,10:30:00,6.42804,-0.97996,5.93122,-24.43797,15.5758,-13.67434,1.65682,-0.77942,76.21002,-7.538471,-1.014145,0.455277,67.97625,2.555998,137.295921,3677.287786,NA,NA,NA,45.18855,41.64986,138.696796,0.490025,7.47619,9.35339,0.87236,50,6.17904,-2.52746,-121.89132,-6.9922,11.08638,27.16702,-18.30398,NWL_KG,LAK_C,HOMERSTRYKER,NWL,NWL,20250529-HOMERSTRYKER-1,8594d020-3ca8-11f0-a835-f9cb0487f947,82.79005,1.89688,NA,7.91948,NA,NA,NA,0.92548,1.59212,0.63908,45d07472-c160-48e7-9a7d-8b154baa4dec,2025-05-29,16:18:14,2025-05-29T16:18:14Z,2025-05-29T16:18:14Z,GroundBall,v3,NA,NA,NA,"Garner, Coleman",90000255834,Right,NWL_KG,60de112c-36de-40c6-93a4-cf2b3c0585ae,54.56555,-122.90467,13.58351,6.42712,-6.30945,-9.15199,0.97435,-2.94099,5.54319,270.44178,0.9269,-73.23283,4.21016,NA,NA,NA,NA,NA,NA,1.59936,4.24811,-15.35849,NA,NA,NA,NA,NA,NA,0.65651,67.07022,-15.4609,NA,NA,NA,NA,NA,NA,NA,NA,NA,NA,NA,NA,NA,NA,NA,NA,NA,NA,NA,NA,NA,NA,NA,NA,NA,NA,NA,NA,High,High,High,High,High,NA,NA,NA,NA,NA,NA,NA,NA,NA,NA,NA,NA,NA,NA,NA,NA,NA,NA,NA,NA,NA,NA,NA,NA,NA,NA,NA,NA,NA,NA,NA,NA,NA,NA,NA,NA,NA,NA,NA,NA,NA,NA,NA,NA,NA,NA,NA,NA,NA,NA,NA,NA,NA,NA,NA,NA
NA,NA,NA,NA,NA,NA,NA,NA,NA,NA,NA,NA,NA,NA,NA,NA,132,2025-05-29,12:18:34,2,5,"Kruse, Wilson",10090996,Left,NWL_KG,"Garcia, Jedvier",10325103,Right,LAK_C,Undefined,4,Top,0,1,2,Undefined,Changeup,BallCalled,Undefined,Undefined,Undefined,0,0,NA,81.0645,-3.033104,2.048366,1494.793251,145.776921,10:45:00,6.20461,-1.25596,6.25396,-26.26962,15.93084,-9.87323,1.21406,-0.189,74.18416,-7.968598,0.263331,0.467552,NA,NA,NA,NA,NA,NA,NA,NA,NA,NA,NA,5.74957,9.58961,1.10865,50,5.9662,-3.85002,-117.57843,-6.94957,8.00966,23.30528,-18.81488,NWL_KG,LAK_C,HOMERSTRYKER,NWL,NWL,20250529-HOMERSTRYKER-1,91c3b5a0-3ca8-11f0-a835-f9cb0487f947,80.61655,NA,NA,6.88033,NA,NA,NA,NA,NA,NA,45d07472-c160-48e7-9a7d-8b154baa4dec,2025-05-29,16:18:34,2025-05-29T16:18:34Z,2025-05-29T16:18:34Z,NA,v3,NA,NA,NA,"Garner, Coleman",90000255834,Right,NWL_KG,eb36b705-de41-4d6c-bd59-4553912570b2,54.24437,-118.41672,11.65264,6.20401,-6.27281,-9.40744,1.25232,-4.13813,4.00483,NA,NA,NA,NA,NA,NA,NA,NA,NA,NA,NA,NA,NA,NA,NA,NA,NA,NA,NA,NA,NA,NA,NA,NA,NA,NA,NA,NA,NA,NA,NA,NA,NA,NA,NA,NA,NA,NA,NA,NA,NA,NA,NA,NA,NA,NA,NA,NA,NA,NA,High,High,High,NA,NA,NA,NA,NA,NA,NA,NA,NA,NA,NA,NA,NA,NA,NA,NA,NA,NA,NA,NA,NA,NA,NA,NA,NA,NA,NA,NA,NA,NA,NA,NA,NA,NA,NA,NA,NA,NA,NA,NA,NA,NA,NA,NA,NA,NA,NA,NA,NA,NA,NA,NA,NA,NA,NA,NA,NA,NA
NA,NA,NA,NA,NA,NA,NA,NA,NA,NA,NA,NA,NA,NA,NA,NA,133,2025-05-29,12:18:54,2,6,"Kruse, Wilson",10090996,Left,NWL_KG,"Garcia, Jedvier",10325103,Right,LAK_C,Undefined,4,Top,0,2,2,Undefined,Four-Seam,FoulBallNotFieldable,Undefined,Undefined,Undefined,0,0,NA,83.34544,-1.517936,-0.295223,2146.350841,180.773213,12:00:00,6.30171,-0.93792,5.98242,-25.54509,14.09434,0.175,2.76564,-1.19698,77.18426,-6.27565,-0.263736,0.453143,72.7621,50.323091,35.823411,NA,74.33565,87.22022,81.08149,187.65163,159.30434,51.383565,4.79062,-0.16362,7.98402,0.96113,50,6.16754,0.61792,-121.2063,-3.98234,-0.24603,21.31441,-20.16971,NWL_KG,LAK_C,HOMERSTRYKER,NWL,NWL,20250529-HOMERSTRYKER-1,9d8e0cf0-3ca8-11f0-a835-f9cb0487f947,83.18004,87.38221,NA,6.16117,NA,NA,NA,0.7308,2.40175,0.76128,45d07472-c160-48e7-9a7d-8b154baa4dec,2025-05-29,16:18:54,2025-05-29T16:18:54Z,2025-05-29T16:18:54Z,FlyBall,v3,NA,NA,NA,"Garner, Coleman",90000255834,Right,NWL_KG,e9430de1-ea80-4a21-9b24-d817adb0cc5c,54.51735,-121.9981,10.65721,6.30157,-3.23306,-10.08486,0.93801,0.62706,-0.12301,207.999633,0.74116,54.98181,-17.02883,3.09845,1.03716,-0.9455,0.28684,-0.04014,0.00216,2.39116,82.35072,-24.13863,3.31942,-1.13698,0.32003,-0.04434,0.00158,1e-4,0.75787,39.9504,-2.86689,0.32776,-0.20164,0.1075,-0.02666,0.00307,-1.3e-4,NA,NA,NA,NA,NA,NA,NA,NA,NA,NA,NA,NA,NA,NA,NA,NA,NA,NA,NA,NA,NA,NA,High,High,High,Medium,Low,NA,NA,NA,NA,NA,NA,NA,NA,NA,NA,NA,NA,NA,NA,NA,NA,NA,NA,NA,NA,NA,NA,NA,NA,NA,NA,NA,NA,NA,NA,NA,NA,NA,NA,NA,NA,NA,NA,NA,NA,NA,NA,NA,NA,NA,NA,NA,NA,NA,NA,NA,NA,NA,NA,NA,NA
NA,NA,NA,NA,NA,NA,NA,NA,NA,NA,NA,NA,NA,NA,NA,NA,134,2025-05-29,12:19:46,2,7,"Kruse, Wilson",10090996,Left,NWL_KG,"Garcia, Jedvier",10325103,Right,LAK_C,Undefined,4,Top,0,2,2,Undefined,Curveball,BallCalled,Undefined,Undefined,Undefined,0,0,NA,71.55727,0.057134,2.260261,2575.197286,294.061664,03:45:00,5.95824,-1.65527,5.98002,-61.39964,-5.79233,17.52737,0.89461,1.90156,65.15077,-11.200614,5.415487,0.536707,NA,NA,NA,NA,NA,NA,NA,NA,NA,NA,NA,-8.29634,-2.52591,1.46667,50,5.92881,-4.67308,-103.77814,-1.63636,-8.81283,21.56842,-34.8572,NWL_KG,LAK_C,HOMERSTRYKER,NWL,NWL,20250529-HOMERSTRYKER-1,bc8d6240-3ca8-11f0-a835-f9cb0487f947,70.22908,NA,NA,6.4065,NA,NA,NA,NA,NA,NA,45d07472-c160-48e7-9a7d-8b154baa4dec,2025-05-29,16:19:46,2025-05-29T16:19:46Z,2025-05-29T16:19:46Z,NA,v3,NA,NA,NA,"Garner, Coleman",90000255834,Right,NWL_KG,2ab1a8d9-87a4-4547-8a67-c91df3fb53cc,54.52056,-104.71344,10.78421,5.967,-0.1248,-17.4286,1.66103,-4.29092,-4.40642,NA,NA,NA,NA,NA,NA,NA,NA,NA,NA,NA,NA,NA,NA,NA,NA,NA,NA,NA,NA,NA,NA,NA,NA,NA,NA,NA,NA,NA,NA,NA,NA,NA,NA,NA,NA,NA,NA,NA,NA,NA,NA,NA,NA,NA,NA,NA,NA,NA,NA,High,High,High,NA,NA,NA,NA,NA,NA,NA,NA,NA,NA,NA,NA,NA,NA,NA,NA,NA,NA,NA,NA,NA,NA,NA,NA,NA,NA,NA,NA,NA,NA,NA,NA,NA,NA,NA,NA,NA,NA,NA,NA,NA,NA,NA,NA,NA,NA,NA,NA,NA,NA,NA,NA,NA,NA,NA,NA,NA,NA
NA,NA,NA,NA,NA,NA,NA,NA,NA,NA,NA,NA,NA,NA,NA,NA,135,2025-05-29,12:20:08,2,8,"Kruse, Wilson",10090996,Left,NWL_KG,"Garcia, Jedvier",10325103,Right,LAK_C,Undefined,4,Top,0,3,2,Undefined,Slider,StrikeSwinging,Strikeout,Undefined,Undefined,0,0,NA,82.73277,-3.049153,1.113405,2408.566366,189.409423,12:15:00,6.39607,-0.98315,5.95616,-26.71356,13.84213,2.09106,1.33908,0.22376,76.48317,-8.00055,1.489527,0.45835,NA,NA,NA,NA,NA,NA,NA,NA,NA,NA,NA,-0.79035,8.29418,0.89352,50,6.1386,-2.41306,-120.10835,-7.20547,-1.16112,22.01938,-19.98886,NWL_KG,LAK_C,HOMERSTRYKER,NWL,NWL,20250529-HOMERSTRYKER-1,c98b5790-3ca8-11f0-a835-f9cb0487f947,82.23506,NA,NA,6.24959,NA,NA,NA,NA,NA,NA,45d07472-c160-48e7-9a7d-8b154baa4dec,2025-05-29,16:20:08,2025-05-29T16:20:08Z,2025-05-29T16:20:08Z,NA,v3,NA,NA,NA,"Garner, Coleman",90000255834,Right,NWL_KG,feae3f0e-fb2b-42d1-b1c4-00de0737af51,54.54321,-120.93838,11.00969,6.39601,-6.45198,-9.99443,0.98366,-2.36929,-0.58056,NA,NA,NA,NA,NA,NA,NA,NA,NA,NA,NA,NA,NA,NA,NA,NA,NA,NA,NA,NA,NA,NA,NA,NA,NA,NA,NA,NA,NA,NA,NA,NA,NA,NA,NA,NA,NA,NA,NA,NA,NA,NA,NA,NA,NA,NA,NA,NA,NA,NA,High,High,High,NA,NA,NA,NA,NA,NA,NA,NA,NA,NA,NA,NA,NA,NA,NA,NA,NA,NA,NA,NA,NA,NA,NA,NA,NA,NA,NA,NA,NA,NA,NA,NA,NA,NA,NA,NA,NA,NA,NA,NA,NA,NA,NA,NA,NA,NA,NA,NA,NA,NA,NA,NA,NA,NA,NA,NA,NA,NA
NA,NA,NA,NA,NA,NA,NA,NA,NA,NA,NA,NA,NA,NA,NA,NA,136,2025-05-29,12:20:36,3,1,"Kruse, Wilson",10090996,Left,NWL_KG,"Preece, Tyler",1000074626,Right,LAK_C,Undefined,4,Top,1,0,0,Undefined,Four-Seam,BallCalled,Undefined,Undefined,Undefined,0,0,NA,83.42167,-4.866875,2.498574,2288.213359,169.259251,11:45:00,6.27201,-0.99799,6.08803,-21.3434,18.54733,-3.28457,-0.02389,1.04108,77.14947,-8.846239,1.907185,0.454577,NA,NA,NA,NA,NA,NA,NA,NA,NA,NA,NA,2.37764,11.27477,0.80702,50,5.88412,-5.15247,-120.80445,-10.89751,3.53382,22.267,-15.41678,NWL_KG,LAK_C,HOMERSTRYKER,NWL,NWL,20250529-HOMERSTRYKER-1,da78af80-3ca8-11f0-a835-f9cb0487f947,82.91761,NA,NA,6.2722,NA,NA,NA,NA,NA,NA,45d07472-c160-48e7-9a7d-8b154baa4dec,2025-05-29,16:20:36,2025-05-29T16:20:36Z,2025-05-29T16:20:36Z,NA,v3,NA,NA,NA,"Garner, Coleman",90000255834,Right,NWL_KG,24196e9e-f4fa-4f93-8ac9-59d6ff048e4d,54.41283,-121.61512,11.1335,6.27065,-10.33624,-7.70839,0.99695,-5.28113,1.76691,NA,NA,NA,NA,NA,NA,NA,NA,NA,NA,NA,NA,NA,NA,NA,NA,NA,NA,NA,NA,NA,NA,NA,NA,NA,NA,NA,NA,NA,NA,NA,NA,NA,NA,NA,NA,NA,NA,NA,NA,NA,NA,NA,NA,NA,NA,NA,NA,NA,NA,High,High,High,NA,NA,NA,NA,NA,NA,NA,NA,NA,NA,NA,NA,NA,NA,NA,NA,NA,NA,NA,NA,NA,NA,NA,NA,NA,NA,NA,NA,NA,NA,NA,NA,NA,NA,NA,NA,NA,NA,NA,NA,NA,NA,NA,NA,NA,NA,NA,NA,NA,NA,NA,NA,NA,NA,NA,NA,NA,NA
NA,NA,NA,NA,NA,NA,NA,NA,NA,NA,NA,NA,NA,NA,NA,NA,137,2025-05-29,12:20:57,3,2,"Kruse, Wilson",10090996,Left,NWL_KG,"Preece, Tyler",1000074626,Right,LAK_C,Undefined,4,Top,1,1,0,Undefined,Slider,InPlay,Undefined,GroundBall,Out,1,0,NA,81.21086,-2.047271,0.948118,2222.202963,193.094971,12:30:00,6.3691700000000004,-1.11148,5.91886,-26.33828,15.75229,3.36945,2.27336,0.04925,74.94718,-6.952906,1.553493,0.466943,64.00038,-21.329378,-51.032112,NA,NA,NA,NA,7.56929,7.56929,-38.616941,0.069324,-1.49571,9.01957,1.03357,50,6.19012,-2.07725,-117.98929,-4.99265,-2.11977,21.3246,-19.39119,NWL_KG,LAK_C,HOMERSTRYKER,NWL,NWL,20250529-HOMERSTRYKER-1,e7110530-3ca8-11f0-a835-f9cb0487f947,80.72171,2.37652,NA,6.26368,NA,NA,NA,2.08662,2.37652,0.00796,45d07472-c160-48e7-9a7d-8b154baa4dec,2025-05-29,16:20:57,2025-05-29T16:20:57Z,2025-05-29T16:20:57Z,GroundBall,v3,NA,NA,NA,"Garner, Coleman",90000255834,Right,NWL_KG,48ed8330-6f93-4509-aefd-1da9db774b80,54.58073,-118.81429,10.6623,6.36877,-4.24244,-9.69559,1.11234,-1.99524,-1.05989,NA,2.08412,55.21204,NA,NA,NA,NA,NA,NA,NA,2.37807,-34.28115,NA,NA,NA,NA,NA,NA,NA,0.01105,-68.25937,NA,NA,NA,NA,NA,NA,NA,NA,NA,NA,NA,NA,NA,NA,NA,NA,NA,NA,NA,NA,NA,NA,NA,NA,NA,NA,NA,NA,NA,High,High,High,Low,Low,NA,NA,NA,NA,NA,NA,NA,NA,NA,NA,NA,NA,NA,NA,NA,NA,NA,NA,NA,NA,NA,NA,NA,NA,NA,NA,NA,NA,NA,NA,NA,NA,NA,NA,NA,NA,NA,NA,NA,NA,NA,NA,NA,NA,NA,NA,NA,NA,NA,NA,NA,NA,NA,NA,NA,NA
NA,NA,NA,NA,NA,NA,NA,NA,NA,NA,NA,NA,NA,NA,NA,NA,138,2025-05-29,12:21:38,4,1,"Kruse, Wilson",10090996,Left,NWL_KG,"Duarte, Christian",10064346,Right,LAK_C,Undefined,4,Top,2,0,0,Undefined,Four-Seam,BallCalled,Undefined,Undefined,Undefined,0,0,NA,83.93648,-2.84996,3.711733,2173.552818,167.028252,11:30:00,6.24829,-1.2895,6.0644,-25.19505,14.48241,-3.0365,1.50343,1.89736,76.89332,-7.556324,3.166458,0.45336,NA,NA,NA,NA,NA,NA,NA,NA,NA,NA,NA,2.64477,8.68237,1.003,50,6.01322,-7.77284,-121.57947,-6.80648,3.94712,24.48296,-19.21612,NWL_KG,LAK_C,HOMERSTRYKER,NWL,NWL,20250529-HOMERSTRYKER-1,ff9a9b20-3ca8-11f0-a835-f9cb0487f947,83.14019,NA,NA,7.04316,NA,NA,NA,NA,NA,NA,45d07472-c160-48e7-9a7d-8b154baa4dec,2025-05-29,16:21:38,2025-05-29T16:21:38Z,2025-05-29T16:21:38Z,NA,v3,NA,NA,NA,"Garner, Coleman",90000255834,Right,NWL_KG,9ab1bf18-13d6-45c1-9db0-535375db30a0,54.43467,-122.46924,12.24148,6.2479,-6.10812,-9.60806,1.28809,-7.91629,1.97356,NA,NA,NA,NA,NA,NA,NA,NA,NA,NA,NA,NA,NA,NA,NA,NA,NA,NA,NA,NA,NA,NA,NA,NA,NA,NA,NA,NA,NA,NA,NA,NA,NA,NA,NA,NA,NA,NA,NA,NA,NA,NA,NA,NA,NA,NA,NA,NA,NA,NA,High,High,High,NA,NA,NA,NA,NA,NA,NA,NA,NA,NA,NA,NA,NA,NA,NA,NA,NA,NA,NA,NA,NA,NA,NA,NA,NA,NA,NA,NA,NA,NA,NA,NA,NA,NA,NA,NA,NA,NA,NA,NA,NA,NA,NA,NA,NA,NA,NA,NA,NA,NA,NA,NA,NA,NA,NA,NA,NA,NA
NA,NA,NA,NA,NA,NA,NA,NA,NA,NA,NA,NA,NA,NA,NA,NA,139,2025-05-29,12:21:59,4,2,"Kruse, Wilson",10090996,Left,NWL_KG,"Duarte, Christian",10064346,Right,LAK_C,Undefined,4,Top,2,1,0,Undefined,Cutter,InPlay,Undefined,GroundBall,Out,1,0,NA,82.10452,-2.54253,0.882871,2243.26451,188.506901,12:15:00,6.36866,-1.10968,5.95515,-26.57179,14.45753,1.98272,1.79463,-0.12563,76.04078,-7.47396,1.239454,0.461019,88.37101,-38.477657,-72.072656,NA,NA,NA,NA,3.89073,3.89073,-33.82826,0.023934,-0.80406,8.45536,1.03839,50,6.15153,-1.91181,-119.2918,-6.09198,-1.16843,21.13408,-19.8871,NWL_KG,LAK_C,HOMERSTRYKER,NWL,NWL,20250529-HOMERSTRYKER-1,0bb33980-3ca9-11f0-a835-f9cb0487f947,81.759,1.93355,NA,6.06374,NA,NA,NA,2.48324,1.93355,0.14865,45d07472-c160-48e7-9a7d-8b154baa4dec,2025-05-29,16:21:59,2025-05-29T16:21:59Z,2025-05-29T16:21:59Z,GroundBall,v3,NA,NA,NA,"Garner, Coleman",90000255834,Right,NWL_KG,acae51f9-c712-468d-abce-7e571d8670e9,54.54481,-120.09428,10.56704,6.36851,-5.33686,-9.94355,1.11014,-1.86744,-0.58422,NA,2.48303,31.28728,NA,NA,NA,NA,NA,NA,NA,1.93409,-80.78704,NA,NA,NA,NA,NA,NA,NA,0.1493,-96.70947,NA,NA,NA,NA,NA,NA,NA,NA,NA,NA,NA,NA,NA,NA,NA,NA,NA,NA,NA,NA,NA,NA,NA,NA,NA,NA,NA,NA,NA,High,High,High,Estimated,Estimated,NA,NA,NA,NA,NA,NA,NA,NA,NA,NA,NA,NA,NA,NA,NA,NA,NA,NA,NA,NA,NA,NA,NA,NA,NA,NA,NA,NA,NA,NA,NA,NA,NA,NA,NA,NA,NA,NA,NA,NA,NA,NA,NA,NA,NA,NA,NA,NA,NA,NA,NA,NA,NA,NA,NA,NA
NA,NA,NA,NA,NA,NA,NA,NA,NA,NA,NA,NA,NA,NA,NA,NA,140,2025-05-29,12:25:03,1,1,"Robinson, Aaron",1000160454,Left,LAK_C,"Garner, Coleman",90000255834,Right,NWL_KG,Undefined,4,Bottom,0,0,0,Undefined,Changeup,StrikeSwinging,Undefined,Undefined,Undefined,0,0,NA,85.59007,-0.194087,2.732752,2213.452905,85.402903,08:45:00,4.93567,-1.98715,6.21839,-38.02183,0.28547,-13.79355,1.58788,-0.61297,77.25993,-7.274707,0.241092,0.445464,NA,NA,NA,NA,NA,NA,NA,NA,NA,NA,NA,8.01052,0.65315,1.7889,50,4.90272,-5.37381,-124.12205,-1.66277,12.27182,29.0155,-31.17347,NWL_KG,LAK_C,HOMERSTRYKER,NWL,NWL,20250529-HOMERSTRYKER-1,79494570-3ca9-11f0-a835-f9cb0487f947,84.61397,NA,NA,8.33014,NA,NA,NA,NA,NA,NA,45d07472-c160-48e7-9a7d-8b154baa4dec,2025-05-29,16:25:03,2025-05-29T16:25:03Z,2025-05-29T16:25:03Z,NA,v3,NA,NA,NA,"Duarte, Christian",10064346,R,LAK_C,6d2f6653-eedb-4256-b1b5-6ea1a0e9e490,54.27879,-125.11829,14.50775,4.94143,-0.59244,-15.58674,1.98064,-5.79515,6.13591,NA,NA,NA,NA,NA,NA,NA,NA,NA,NA,NA,NA,NA,NA,NA,NA,NA,NA,NA,NA,NA,NA,NA,NA,NA,NA,NA,NA,NA,NA,NA,NA,NA,NA,NA,NA,NA,NA,NA,NA,NA,NA,NA,NA,NA,NA,NA,NA,NA,NA,High,High,High,NA,NA,NA,NA,NA,NA,NA,NA,NA,NA,NA,NA,NA,NA,NA,NA,NA,NA,NA,NA,NA,NA,NA,NA,NA,NA,NA,NA,NA,NA,NA,NA,NA,NA,NA,NA,NA,NA,NA,NA,NA,NA,NA,NA,NA,NA,NA,NA,NA,NA,NA,NA,NA,NA,NA,NA,NA,NA
NA,NA,NA,NA,NA,NA,NA,NA,NA,NA,NA,NA,NA,NA,NA,NA,141,2025-05-29,12:25:18,1,2,"Robinson, Aaron",1000160454,Left,LAK_C,"Garner, Coleman",90000255834,Right,NWL_KG,Undefined,4,Bottom,0,0,1,Undefined,Changeup,BallCalled,Undefined,Undefined,Undefined,0,0,NA,86.60615,0.882709,2.14061,2273.83505,102.724251,09:30:00,4.91816,-2.05661,6.23341,-32.66856,4.13736,-13.16989,3.01073,-1.17843,79.09135,-5.212033,-0.237574,0.436647,NA,NA,NA,NA,NA,NA,NA,NA,NA,NA,NA,7.38556,2.27831,1.9029,50,4.96814,-4.17495,-125.8085,0.88536,11.81783,25.91032,-28.52849,NWL_KG,LAK_C,HOMERSTRYKER,NWL,NWL,20250529-HOMERSTRYKER-1,822dbae0-3ca9-11f0-a835-f9cb0487f947,86.32251,NA,NA,7.5148,NA,NA,NA,NA,NA,NA,45d07472-c160-48e7-9a7d-8b154baa4dec,2025-05-29,16:25:18,2025-05-29T16:25:18Z,2025-05-29T16:25:18Z,NA,v3,NA,NA,NA,"Duarte, Christian",10064346,R,LAK_C,3881f94f-d87c-4654-a6ef-903d2ee567e3,54.26485,-126.68381,12.95516,4.92195,1.84911,-14.26424,2.05069,-4.57418,5.90891,NA,NA,NA,NA,NA,NA,NA,NA,NA,NA,NA,NA,NA,NA,NA,NA,NA,NA,NA,NA,NA,NA,NA,NA,NA,NA,NA,NA,NA,NA,NA,NA,NA,NA,NA,NA,NA,NA,NA,NA,NA,NA,NA,NA,NA,NA,NA,NA,NA,NA,High,High,High,NA,NA,NA,NA,NA,NA,NA,NA,NA,NA,NA,NA,NA,NA,NA,NA,NA,NA,NA,NA,NA,NA,NA,NA,NA,NA,NA,NA,NA,NA,NA,NA,NA,NA,NA,NA,NA,NA,NA,NA,NA,NA,NA,NA,NA,NA,NA,NA,NA,NA,NA,NA,NA,NA,NA,NA,NA,NA
NA,NA,NA,NA,NA,NA,NA,NA,NA,NA,NA,NA,NA,NA,NA,NA,142,2025-05-29,12:25:32,1,3,"Robinson, Aaron",1000160454,Left,LAK_C,"Garner, Coleman",90000255834,Right,NWL_KG,Undefined,4,Bottom,0,1,1,Undefined,Changeup,BallCalled,Undefined,Undefined,Undefined,0,0,NA,84.50429,-0.883375,4.693508,2358.875745,121.882926,10:00:00,4.78197,-2.21568,6.18657,-29.15569,10.11796,-14.03894,1.53387,0.95781,76.5394,-6.355743,2.170344,0.451047,NA,NA,NA,NA,NA,NA,NA,NA,NA,NA,NA,8.7328,5.91118,1.86799,50,4.70047,-9.50058,-122.32054,-2.76729,13.08459,26.61945,-23.31712,NWL_KG,LAK_C,HOMERSTRYKER,NWL,NWL,20250529-HOMERSTRYKER-1,8b0a1a00-3ca9-11f0-a835-f9cb0487f947,83.56652,NA,NA,7.96488,NA,NA,NA,NA,NA,NA,45d07472-c160-48e7-9a7d-8b154baa4dec,2025-05-29,16:25:32,2025-05-29T16:25:32Z,2025-05-29T16:25:32Z,NA,v3,NA,NA,NA,"Duarte, Christian",10064346,R,LAK_C,662ac345-8b3a-4aca-b3e2-5090163c3d3c,54.31137,-123.2552,13.30972,4.78326,-1.94857,-11.65856,2.20964,-9.96002,6.54229,NA,NA,NA,NA,NA,NA,NA,NA,NA,NA,NA,NA,NA,NA,NA,NA,NA,NA,NA,NA,NA,NA,NA,NA,NA,NA,NA,NA,NA,NA,NA,NA,NA,NA,NA,NA,NA,NA,NA,NA,NA,NA,NA,NA,NA,NA,NA,NA,NA,NA,High,High,High,NA,NA,NA,NA,NA,NA,NA,NA,NA,NA,NA,NA,NA,NA,NA,NA,NA,NA,NA,NA,NA,NA,NA,NA,NA,NA,NA,NA,NA,NA,NA,NA,NA,NA,NA,NA,NA,NA,NA,NA,NA,NA,NA,NA,NA,NA,NA,NA,NA,NA,NA,NA,NA,NA,NA,NA,NA,NA
NA,NA,NA,NA,NA,NA,NA,NA,NA,NA,NA,NA,NA,NA,NA,NA,143,2025-05-29,12:25:50,1,4,"Robinson, Aaron",1000160454,Left,LAK_C,"Garner, Coleman",90000255834,Right,NWL_KG,Undefined,4,Bottom,0,2,1,Undefined,Changeup,FoulBallNotFieldable,Undefined,Undefined,Undefined,0,0,NA,85.62835,-0.016484,3.37755,2340.078916,85.394856,08:45:00,4.87369,-2.09933,5.8612,-38.51935,0.2161,-14.51481,1.64841,-0.16747,77.4313,-7.136232,0.775811,0.447946,NA,NA,NA,NA,NA,NA,NA,NA,NA,NA,NA,8.48343,0.53551,1.8336,50,4.85016,-6.72107,-124.06952,-1.36619,13.0284,28.23739,-31.35162,NWL_KG,LAK_C,HOMERSTRYKER,NWL,NWL,20250529-HOMERSTRYKER-1,955d3aa0-3ca9-11f0-a835-f9cb0487f947,84.14506,NA,NA,8.19705,NA,NA,NA,NA,NA,NA,45d07472-c160-48e7-9a7d-8b154baa4dec,2025-05-29,16:25:50,2025-05-29T16:25:50Z,2025-05-29T16:25:50Z,NA,v3,NA,NA,NA,"Duarte, Christian",10064346,R,LAK_C,4ff8678e-ff08-46e7-97f8-64fc6a891293,54.63673,-125.12035,14.11869,4.8793,-0.19946,-15.67581,2.09274,-7.20592,6.5142,NA,NA,NA,NA,NA,NA,NA,NA,NA,NA,NA,NA,NA,NA,NA,NA,NA,NA,NA,NA,NA,NA,NA,NA,NA,NA,NA,NA,NA,NA,NA,NA,NA,NA,NA,NA,NA,NA,NA,NA,NA,NA,NA,NA,NA,NA,NA,NA,NA,NA,High,High,High,NA,NA,NA,NA,NA,NA,NA,NA,NA,NA,NA,NA,NA,NA,NA,NA,NA,NA,NA,NA,NA,NA,NA,NA,NA,NA,NA,NA,NA,NA,NA,NA,NA,NA,NA,NA,NA,NA,NA,NA,NA,NA,NA,NA,NA,NA,NA,NA,NA,NA,NA,NA,NA,NA,NA,NA,NA,NA
NA,NA,NA,NA,NA,NA,NA,NA,NA,NA,NA,NA,NA,NA,NA,NA,144,2025-05-29,12:26:16,1,5,"Robinson, Aaron",1000160454,Left,LAK_C,"Garner, Coleman",90000255834,Right,NWL_KG,Undefined,4,Bottom,0,2,2,Undefined,Curveball,BallCalled,Undefined,Undefined,Undefined,0,0,NA,75.22901,2.213666,-0.35489,2389.439793,266.028943,02:45:00,4.48879,-2.58518,5.16918,-48.51873,2.54173,12.31631,2.52991,-1.89281,68.51099,-6.647176,1.826229,0.514297,NA,NA,NA,NA,NA,NA,NA,NA,NA,NA,NA,-6.19587,1.15807,2.60857,50,4.65841,0.18597,-109.04237,2.59299,-7.41514,20.24805,-30.78807,NWL_KG,LAK_C,HOMERSTRYKER,NWL,NWL,20250529-HOMERSTRYKER-1,a502d050-3ca9-11f0-a835-f9cb0487f947,73.28927,NA,NA,6.71802,NA,NA,NA,NA,NA,NA,45d07472-c160-48e7-9a7d-8b154baa4dec,2025-05-29,16:26:16,2025-05-29T16:26:16Z,2025-05-29T16:26:16Z,NA,v3,NA,NA,NA,"Duarte, Christian",10064346,R,LAK_C,8fc4831b-50c3-4bb6-9eed-30862b6f7264,55.32813,-110.0273,10.12403,4.49586,4.09062,-15.39404,2.59075,0.54667,-3.70757,NA,NA,NA,NA,NA,NA,NA,NA,NA,NA,NA,NA,NA,NA,NA,NA,NA,NA,NA,NA,NA,NA,NA,NA,NA,NA,NA,NA,NA,NA,NA,NA,NA,NA,NA,NA,NA,NA,NA,NA,NA,NA,NA,NA,NA,NA,NA,NA,NA,NA,High,High,High,NA,NA,NA,NA,NA,NA,NA,NA,NA,NA,NA,NA,NA,NA,NA,NA,NA,NA,NA,NA,NA,NA,NA,NA,NA,NA,NA,NA,NA,NA,NA,NA,NA,NA,NA,NA,NA,NA,NA,NA,NA,NA,NA,NA,NA,NA,NA,NA,NA,NA,NA,NA,NA,NA,NA,NA,NA,NA
NA,NA,NA,NA,NA,NA,NA,NA,NA,NA,NA,NA,NA,NA,NA,NA,145,2025-05-29,12:26:32,1,6,"Robinson, Aaron",1000160454,Left,LAK_C,"Garner, Coleman",90000255834,Right,NWL_KG,Undefined,4,Bottom,0,3,2,Undefined,Changeup,InPlay,Undefined,GroundBall,Error,0,0,NA,85.19264,0.844862,2.618059,2183.766151,104.644284,09:30:00,4.92641,-2.04967,6.10046,-33.38647,5.45174,-15.44056,2.92644,-0.91341,76.64502,-5.408014,-0.162035,0.44854,66.95282,12.425173,18.015546,2204.260672,NA,NA,NA,125.98318,125.62466,24.850129,1.575244,8.80961,2.94516,1.85611,50,4.97417,-5.02907,-123.51209,0.75801,13.36742,28.67099,-27.70516,NWL_KG,LAK_C,HOMERSTRYKER,NWL,NWL,20250529-HOMERSTRYKER-1,ae5f34e0-3ca9-11f0-a835-f9cb0487f947,84.03368,10.01903,NA,8.54763,NA,NA,NA,0.44267,2.87887,0.92801,45d07472-c160-48e7-9a7d-8b154baa4dec,2025-05-29,16:26:32,2025-05-29T16:26:32Z,2025-05-29T16:26:32Z,LineDrive,v3,NA,NA,NA,"Duarte, Christian",10064346,R,LAK_C,a787d506-6632-4da0-8f36-d987a0090dfc,54.39666,-124.52851,14.3355,4.92989,1.74019,-13.85258,2.0428,-5.50296,6.68371,250.283398,0.44267,91.19425,-13.27348,0.937,0.23907,-0.70193,0.65549,-0.3063,0.05776,2.87886,21.12955,-16.57803,1.58149,-0.48689,0.50929,-0.41703,0.18948,-0.03531,0.92801,29.65858,2.95269,-0.66564,0.13859,-0.05231,0.02696,-0.01072,0.00189,NA,NA,NA,NA,NA,NA,NA,NA,NA,NA,NA,NA,NA,NA,NA,NA,NA,NA,NA,NA,NA,NA,High,High,High,High,High,NA,NA,NA,NA,NA,NA,NA,NA,NA,NA,NA,NA,NA,NA,NA,NA,NA,NA,NA,NA,NA,NA,NA,NA,NA,NA,NA,NA,NA,NA,NA,NA,NA,NA,NA,NA,NA,NA,NA,NA,NA,NA,NA,NA,NA,NA,NA,NA,NA,NA,NA,NA,NA,NA,NA,NA
NA,NA,NA,NA,NA,NA,NA,NA,NA,NA,NA,NA,NA,NA,NA,NA,146,2025-05-29,12:27:16,2,1,"Robinson, Aaron",1000160454,Left,LAK_C,"Dickerson, Gage",10105216,Right,NWL_KG,Undefined,4,Bottom,0,0,0,Undefined,Changeup,BallCalled,Undefined,Undefined,Undefined,0,0,NA,84.27756,-0.928873,4.3749,2154.833947,86.057245,08:45:00,4.74512,-2.08478,6.3074,-39.14872,0.25843,-16.81497,0.62445,0.5521,76.33413,-8.207859,1.338548,0.451813,NA,NA,NA,NA,NA,NA,NA,NA,NA,NA,NA,10.25382,0.78016,1.77164,50,4.6581,-8.71702,-122.08558,-3.2027,15.22577,27.65903,-31.01561,NWL_KG,LAK_C,HOMERSTRYKER,NWL,NWL,20250529-HOMERSTRYKER-1,c8e02e00-3ca9-11f0-a835-f9cb0487f947,83.42484,NA,NA,7.94344,NA,NA,NA,NA,NA,NA,45d07472-c160-48e7-9a7d-8b154baa4dec,2025-05-29,16:27:16,2025-05-29T16:27:16Z,2025-05-29T16:27:16Z,NA,v3,NA,NA,NA,"Duarte, Christian",10064346,R,LAK_C,1030e951-6613-4025-b1f8-ddd711964d77,54.19275,-123.0318,13.82951,4.74951,-2.14165,-15.50781,2.07876,-9.23789,7.61288,NA,NA,NA,NA,NA,NA,NA,NA,NA,NA,NA,NA,NA,NA,NA,NA,NA,NA,NA,NA,NA,NA,NA,NA,NA,NA,NA,NA,NA,NA,NA,NA,NA,NA,NA,NA,NA,NA,NA,NA,NA,NA,NA,NA,NA,NA,NA,NA,NA,NA,High,High,High,NA,NA,NA,NA,NA,NA,NA,NA,NA,NA,NA,NA,NA,NA,NA,NA,NA,NA,NA,NA,NA,NA,NA,NA,NA,NA,NA,NA,NA,NA,NA,NA,NA,NA,NA,NA,NA,NA,NA,NA,NA,NA,NA,NA,NA,NA,NA,NA,NA,NA,NA,NA,NA,NA,NA,NA,NA,NA
NA,NA,NA,NA,NA,NA,NA,NA,NA,NA,NA,NA,NA,NA,NA,NA,147,2025-05-29,12:27:36,2,2,"Robinson, Aaron",1000160454,Left,LAK_C,"Dickerson, Gage",10105216,Right,NWL_KG,Undefined,4,Bottom,0,1,0,Undefined,Sinker,BallCalled,Undefined,Undefined,Undefined,0,0,NA,84.48793,-1.224846,5.255958,2188.358102,133.68696,10:30:00,4.91324,-2.18817,6.13509,-30.93151,7.86493,-7.02555,1.19862,2.09778,77.94062,-6.952303,3.997037,0.448298,NA,NA,NA,NA,NA,NA,NA,NA,NA,NA,NA,5.03886,4.71725,1.78978,50,4.80314,-10.99666,-122.37859,-3.5847,7.68956,22.73108,-24.97532,NWL_KG,LAK_C,HOMERSTRYKER,NWL,NWL,20250529-HOMERSTRYKER-1,d4c58760-3ca9-11f0-a835-f9cb0487f947,84.07889,NA,NA,6.54731,NA,NA,NA,NA,NA,NA,45d07472-c160-48e7-9a7d-8b154baa4dec,2025-05-29,16:27:36,2025-05-29T16:27:36Z,2025-05-29T16:27:36Z,NA,v3,NA,NA,NA,"Duarte, Christian",10064346,R,LAK_C,44060555-e119-4472-9de6-fbd4a74e5c48,54.36558,-123.1868,11.36554,4.91481,-2.6967,-12.48766,2.18563,-11.27007,3.84478,NA,NA,NA,NA,NA,NA,NA,NA,NA,NA,NA,NA,NA,NA,NA,NA,NA,NA,NA,NA,NA,NA,NA,NA,NA,NA,NA,NA,NA,NA,NA,NA,NA,NA,NA,NA,NA,NA,NA,NA,NA,NA,NA,NA,NA,NA,NA,NA,NA,NA,High,High,High,NA,NA,NA,NA,NA,NA,NA,NA,NA,NA,NA,NA,NA,NA,NA,NA,NA,NA,NA,NA,NA,NA,NA,NA,NA,NA,NA,NA,NA,NA,NA,NA,NA,NA,NA,NA,NA,NA,NA,NA,NA,NA,NA,NA,NA,NA,NA,NA,NA,NA,NA,NA,NA,NA,NA,NA,NA,NA
NA,NA,NA,NA,NA,NA,NA,NA,NA,NA,NA,NA,NA,NA,NA,NA,148,2025-05-29,12:27:59,2,3,"Robinson, Aaron",1000160454,Left,LAK_C,"Dickerson, Gage",10105216,Right,NWL_KG,Undefined,4,Bottom,0,2,0,Undefined,Changeup,BallCalled,Undefined,Undefined,Undefined,0,0,NA,85.4443,-0.092273,2.804973,2222.893496,93.200077,09:00:00,4.78638,-2.17152,6.27335,-36.17478,2.3678,-16.16505,1.68665,-0.93085,76.7034,-6.863928,-0.117269,0.446829,NA,NA,NA,NA,NA,NA,NA,NA,NA,NA,NA,9.29004,1.72362,1.97127,50,4.76261,-5.42047,-123.84951,-1.355,14.10031,29.99285,-29.55799,NWL_KG,LAK_C,HOMERSTRYKER,NWL,NWL,20250529-HOMERSTRYKER-1,e23d4090-3ca9-11f0-a835-f9cb0487f947,84.35533,NA,NA,8.7409,NA,NA,NA,NA,NA,NA,45d07472-c160-48e7-9a7d-8b154baa4dec,2025-05-29,16:27:59,2025-05-29T16:27:59Z,2025-05-29T16:27:59Z,NA,v3,NA,NA,NA,"Duarte, Christian",10064346,R,LAK_C,0ce64850-2c06-4c9d-a650-04ba1433b89e,54.22273,-124.86795,14.99643,4.79158,-0.35132,-14.779,2.16346,-5.89926,7.05015,NA,NA,NA,NA,NA,NA,NA,NA,NA,NA,NA,NA,NA,NA,NA,NA,NA,NA,NA,NA,NA,NA,NA,NA,NA,NA,NA,NA,NA,NA,NA,NA,NA,NA,NA,NA,NA,NA,NA,NA,NA,NA,NA,NA,NA,NA,NA,NA,NA,NA,High,High,High,NA,NA,NA,NA,NA,NA,NA,NA,NA,NA,NA,NA,NA,NA,NA,NA,NA,NA,NA,NA,NA,NA,NA,NA,NA,NA,NA,NA,NA,NA,NA,NA,NA,NA,NA,NA,NA,NA,NA,NA,NA,NA,NA,NA,NA,NA,NA,NA,NA,NA,NA,NA,NA,NA,NA,NA,NA,NA
NA,NA,NA,NA,NA,NA,NA,NA,NA,NA,NA,NA,NA,NA,NA,NA,149,2025-05-29,12:28:24,2,4,"Robinson, Aaron",1000160454,Left,LAK_C,"Dickerson, Gage",10105216,Right,NWL_KG,Undefined,4,Bottom,0,3,0,Undefined,Sinker,BallCalled,Walk,Undefined,Undefined,0,0,NA,86.04856,-0.892839,3.972391,2133.223004,139.9944,10:45:00,5.03892,-2.0077,5.90413,-28.38301,9.47709,-6.9413,1.84282,1.10721,78.73989,-6.166863,2.730251,0.442856,NA,NA,NA,NA,NA,NA,NA,NA,NA,NA,NA,4.68173,5.46457,1.69214,50,4.95077,-8.38241,-124.72641,-2.86819,7.37011,25.24254,-23.57161,NWL_KG,LAK_C,HOMERSTRYKER,NWL,NWL,20250529-HOMERSTRYKER-1,f1658ff0-3ca9-11f0-a835-f9cb0487f947,85.11222,NA,NA,7.30868,NA,NA,NA,NA,NA,NA,45d07472-c160-48e7-9a7d-8b154baa4dec,2025-05-29,16:28:24,2025-05-29T16:28:24Z,2025-05-29T16:28:24Z,NA,v3,NA,NA,NA,"Duarte, Christian",10064346,R,LAK_C,3b1f641a-d513-4bfc-b80c-01a17ee18585,54.59459,-125.65284,12.62127,5.04016,-2.00309,-11.78581,2.00474,-8.6529,3.68506,NA,NA,NA,NA,NA,NA,NA,NA,NA,NA,NA,NA,NA,NA,NA,NA,NA,NA,NA,NA,NA,NA,NA,NA,NA,NA,NA,NA,NA,NA,NA,NA,NA,NA,NA,NA,NA,NA,NA,NA,NA,NA,NA,NA,NA,NA,NA,NA,NA,NA,High,High,High,NA,NA,NA,NA,NA,NA,NA,NA,NA,NA,NA,NA,NA,NA,NA,NA,NA,NA,NA,NA,NA,NA,NA,NA,NA,NA,NA,NA,NA,NA,NA,NA,NA,NA,NA,NA,NA,NA,NA,NA,NA,NA,NA,NA,NA,NA,NA,NA,NA,NA,NA,NA,NA,NA,NA,NA,NA,NA
NA,NA,NA,NA,NA,NA,NA,NA,NA,NA,NA,NA,NA,NA,NA,NA,150,2025-05-29,12:29:08,3,1,"Robinson, Aaron",1000160454,Left,LAK_C,"Crisp, JD",825759,Right,NWL_KG,Undefined,4,Bottom,0,0,0,Undefined,Changeup,BallCalled,Undefined,Undefined,Undefined,0,0,NA,85.28488,-0.527474,2.551843,2199.260061,99.011985,09:15:00,4.77372,-2.31344,6.2531,-34.14384,3.61386,-15.57753,1.44148,-1.25677,78.47116,-6.86802,-0.263875,0.442256,NA,NA,NA,NA,NA,NA,NA,NA,NA,NA,NA,8.78,2.37095,2.13127,50,4.71781,-4.92952,-123.95314,-2.22309,13.70019,24.09282,-28.47448,NWL_KG,LAK_C,HOMERSTRYKER,NWL,NWL,20250529-HOMERSTRYKER-1,0b9cfcf0-3caa-11f0-a835-f9cb0487f947,85.22759,NA,NA,6.81371,NA,NA,NA,NA,NA,NA,45d07472-c160-48e7-9a7d-8b154baa4dec,2025-05-29,16:29:08,2025-05-29T16:29:08Z,2025-05-29T16:29:08Z,NA,v3,NA,NA,NA,"Duarte, Christian",10064346,R,LAK_C,2e4a21e0-c648-47fc-88c4-cfd879f10369,54.24726,-124.77595,12.04641,4.77712,-1.25064,-14.23724,2.30761,-5.39741,6.8501,NA,NA,NA,NA,NA,NA,NA,NA,NA,NA,NA,NA,NA,NA,NA,NA,NA,NA,NA,NA,NA,NA,NA,NA,NA,NA,NA,NA,NA,NA,NA,NA,NA,NA,NA,NA,NA,NA,NA,NA,NA,NA,NA,NA,NA,NA,NA,NA,NA,NA,High,High,High,NA,NA,NA,NA,NA,NA,NA,NA,NA,NA,NA,NA,NA,NA,NA,NA,NA,NA,NA,NA,NA,NA,NA,NA,NA,NA,NA,NA,NA,NA,NA,NA,NA,NA,NA,NA,NA,NA,NA,NA,NA,NA,NA,NA,NA,NA,NA,NA,NA,NA,NA,NA,NA,NA,NA,NA,NA,NA
NA,NA,NA,NA,NA,NA,NA,NA,NA,NA,NA,NA,NA,NA,NA,NA,151,2025-05-29,12:29:29,3,2,"Robinson, Aaron",1000160454,Left,LAK_C,"Crisp, JD",825759,Right,NWL_KG,Undefined,4,Bottom,0,1,0,Undefined,Slider,InPlay,Undefined,Bunt,Single,0,0,NA,81.12766,0.23761,2.606185,2437.995765,160.459194,11:15:00,4.86289,-2.14211,5.32197,-37.97093,5.01075,-1.34768,1.92186,0.19299,75.10833,-6.68024,2.367102,0.47186,NA,NA,NA,NA,NA,NA,NA,NA,NA,NA,NA,1.33378,2.77788,1.90716,50,4.85666,-5.30925,-117.81402,-0.82363,1.89357,20.26849,-28.23036,NWL_KG,LAK_C,HOMERSTRYKER,NWL,NWL,20250529-HOMERSTRYKER-1,1852c5b0-3caa-11f0-a835-f9cb0487f947,79.88057,NA,NA,6.01934,NA,NA,NA,NA,NA,NA,45d07472-c160-48e7-9a7d-8b154baa4dec,2025-05-29,16:29:29,2025-05-29T16:29:29Z,2025-05-29T16:29:29Z,NA,v3,NA,NA,NA,"Duarte, Christian",10064346,R,LAK_C,295af969-ec9b-41b7-bca7-4471b7ee68dd,55.17902,-118.70167,10.13425,4.86566,0.4127,-14.11518,2.14149,-5.39218,0.94679,NA,NA,NA,NA,NA,NA,NA,NA,NA,NA,NA,NA,NA,NA,NA,NA,NA,NA,NA,NA,NA,NA,NA,NA,NA,NA,NA,NA,NA,NA,NA,NA,NA,NA,NA,NA,NA,NA,NA,NA,NA,NA,NA,NA,NA,NA,NA,NA,NA,NA,High,High,High,NA,NA,NA,NA,NA,NA,NA,NA,NA,NA,NA,NA,NA,NA,NA,NA,NA,NA,NA,NA,NA,NA,NA,NA,NA,NA,NA,NA,NA,NA,NA,NA,NA,NA,NA,NA,NA,NA,NA,NA,NA,NA,NA,NA,NA,NA,NA,NA,NA,NA,NA,NA,NA,NA,NA,NA,NA,NA
NA,NA,NA,NA,NA,NA,NA,NA,NA,NA,NA,NA,NA,NA,NA,NA,152,2025-05-29,12:30:15,4,1,"Robinson, Aaron",1000160454,Left,LAK_C,"Williams, Daniel",10019032,Right,NWL_KG,Undefined,4,Bottom,0,0,0,Undefined,Changeup,InPlay,Undefined,FlyBall,Double,0,3,NA,85.53113,0.421792,3.14725,2222.947531,88.06474,09:00:00,4.78657,-2.00579,6.15595,-37.49872,0.93847,-13.33946,2.05196,-0.20683000000000001,77.15969,-6.562396,0.743338,0.446218,89.66615,19.884771,31.161887,3854.006168,88.41561,30.98804,65.44112,254.89662,252.35177,43.995993,3.096315,7.93016,0.74272,1.77328,50,4.79967,-6.29034,-123.99843,-0.3087,12.1366,28.7322,-31.03739,NWL_KG,LAK_C,HOMERSTRYKER,NWL,NWL,20250529-HOMERSTRYKER-1,3387f3a0-3caa-11f0-a835-f9cb0487f947,84.4709,33.30718,NA,8.37143,NA,NA,NA,1.17289,1.9925,0.1493,45d07472-c160-48e7-9a7d-8b154baa4dec,2025-05-29,16:30:15,2025-05-29T16:30:15Z,2025-05-29T16:30:15Z,LineDrive,v3,NA,NA,NA,"Duarte, Christian",10064346,R,LAK_C,5127f23f-9aa4-452c-b925-0b62417d478e,54.34215,-125.00051,14.3661,4.79156,0.77379,-15.5187,2.00005,-6.71363,6.0683,236.965212,1.17296,105.82177,-27.35487,6.96946,-1.54346,0.24156,-0.01546,-0.00296,5.6e-4,1.9924,44.73453,-17.09283,0.75702,0.01239,0.02758,-0.02589,0.00811,-8.8e-4,0.14929,63.99394,-0.2579,-1.92897,0.87056,-0.26798,0.06149,-0.00912,6.4e-4,NA,NA,NA,NA,NA,NA,NA,NA,NA,NA,NA,NA,NA,NA,NA,NA,NA,NA,NA,NA,NA,NA,High,High,High,High,Medium,NA,NA,NA,NA,NA,NA,NA,NA,NA,NA,NA,NA,NA,NA,NA,NA,NA,NA,NA,NA,NA,NA,NA,NA,NA,NA,NA,NA,NA,NA,NA,NA,NA,NA,NA,NA,NA,NA,NA,NA,NA,NA,NA,NA,NA,NA,NA,NA,NA,NA,NA,NA,NA,NA,NA,NA
NA,NA,NA,NA,NA,NA,NA,NA,NA,NA,NA,NA,NA,NA,NA,NA,153,2025-05-29,12:33:56,5,1,"Ciemny, Nate",10065109,Right,LAK_C,"Acres, Brodey",1000233797,Right,NWL_KG,Undefined,4,Bottom,0,0,0,Undefined,Slider,BallCalled,Undefined,Undefined,Undefined,0,0,NA,81.19327,-0.268417,-3.616381,2126.442497,152.374003,11:00:00,5.21015,2.30136,5.5563,-37.00313,5.97359,-2.43595,1.87526,-1.28504,74.66519,-7.048215,-4.049545,0.471833,NA,NA,NA,NA,NA,NA,NA,NA,NA,NA,NA,0.24236,3.50559,-1.98687,50,5.16256,7.53612,-117.69986,-1.79004,0.34056,21.9844,-27.24808,NWL_KG,LAK_C,HOMERSTRYKER,NWL,NWL,20250529-HOMERSTRYKER-1,b7565280-3caa-11f0-a835-f9cb0487f947,79.88518,NA,NA,6.52808,NA,NA,NA,NA,NA,NA,45d07472-c160-48e7-9a7d-8b154baa4dec,2025-05-29,16:33:56,2025-05-29T16:33:56Z,2025-05-29T16:33:56Z,NA,v3,NA,NA,NA,"Duarte, Christian",10064346,R,LAK_C,74a0d981-7999-4247-9baa-954240aed5da,54.94185,-118.61932,10.9922,5.2136,-0.65043,-13.62404,-2.30176,7.52188,0.17028,NA,NA,NA,NA,NA,NA,NA,NA,NA,NA,NA,NA,NA,NA,NA,NA,NA,NA,NA,NA,NA,NA,NA,NA,NA,NA,NA,NA,NA,NA,NA,NA,NA,NA,NA,NA,NA,NA,NA,NA,NA,NA,NA,NA,NA,NA,NA,NA,NA,NA,High,High,High,NA,NA,NA,NA,NA,NA,NA,NA,NA,NA,NA,NA,NA,NA,NA,NA,NA,NA,NA,NA,NA,NA,NA,NA,NA,NA,NA,NA,NA,NA,NA,NA,NA,NA,NA,NA,NA,NA,NA,NA,NA,NA,NA,NA,NA,NA,NA,NA,NA,NA,NA,NA,NA,NA,NA,NA,NA,NA
NA,NA,NA,NA,NA,NA,NA,NA,NA,NA,NA,NA,NA,NA,NA,NA,154,2025-05-29,12:34:20,5,2,"Ciemny, Nate",10065109,Right,LAK_C,"Acres, Brodey",1000233797,Right,NWL_KG,Undefined,4,Bottom,0,1,0,Undefined,Slider,BallCalled,Undefined,Undefined,Undefined,0,0,NA,81.52794,-2.215289,-3.880171,2170.546751,158.103205,11:15:00,5.0946,2.50269,5.6158,-36.16258,6.52898,-2.08437,0.00774,-1.29791,75.10816,-8.817628,-4.251427,0.470265,NA,NA,NA,NA,NA,NA,NA,NA,NA,NA,NA,-0.02346,4.3104,-2.16957,50,4.88156,8.08906,-118.07406,-5.76876,-0.03312,22.67659,-26.09466,NWL_KG,LAK_C,HOMERSTRYKER,NWL,NWL,20250529-HOMERSTRYKER-1,c5c0f730-3caa-11f0-a835-f9cb0487f947,80.15155,NA,NA,6.41978,NA,NA,NA,NA,NA,NA,45d07472-c160-48e7-9a7d-8b154baa4dec,2025-05-29,16:34:20,2025-05-29T16:34:20Z,2025-05-29T16:34:20Z,NA,v3,NA,NA,NA,"Duarte, Christian",10064346,R,LAK_C,5879c6cc-898e-4fe5-b134-3a8a52bd9e2f,54.88373,-119.0083,11.3383,5.09707,-4.6937,-13.04733,-2.50285,8.09042,-0.01656,NA,NA,NA,NA,NA,NA,NA,NA,NA,NA,NA,NA,NA,NA,NA,NA,NA,NA,NA,NA,NA,NA,NA,NA,NA,NA,NA,NA,NA,NA,NA,NA,NA,NA,NA,NA,NA,NA,NA,NA,NA,NA,NA,NA,NA,NA,NA,NA,NA,NA,High,High,High,NA,NA,NA,NA,NA,NA,NA,NA,NA,NA,NA,NA,NA,NA,NA,NA,NA,NA,NA,NA,NA,NA,NA,NA,NA,NA,NA,NA,NA,NA,NA,NA,NA,NA,NA,NA,NA,NA,NA,NA,NA,NA,NA,NA,NA,NA,NA,NA,NA,NA,NA,NA,NA,NA,NA,NA,NA,NA
NA,NA,NA,NA,NA,NA,NA,NA,NA,NA,NA,NA,NA,NA,NA,NA,155,2025-05-29,12:34:46,5,3,"Ciemny, Nate",10065109,Right,LAK_C,"Acres, Brodey",1000233797,Right,NWL_KG,Undefined,4,Bottom,0,2,0,Undefined,Four-Seam,StrikeCalled,Undefined,Undefined,Undefined,0,0,NA,86.97161,-1.294774,-2.370497,2060.768771,205.331212,12:45:00,5.37858,2.21919,6.04966,-19.55548,17.03387,7.53339,2.54912,0.65129,79.8244,-4.993465,-1.015741,0.43536,NA,NA,NA,NA,NA,NA,NA,NA,NA,NA,NA,-4.49484,9.45548,-2.0386,50,5.26711,4.9229,-126.30056,-3.42057,-7.29345,24.62924,-16.83133,NWL_KG,LAK_C,HOMERSTRYKER,NWL,NWL,20250529-HOMERSTRYKER-1,d4e41670-3caa-11f0-a835-f9cb0487f947,86.57759,NA,NA,7.1472,NA,NA,NA,NA,NA,NA,45d07472-c160-48e7-9a7d-8b154baa4dec,2025-05-29,16:34:46,2025-05-29T16:34:46Z,2025-05-29T16:34:46Z,NA,v3,NA,NA,NA,"Duarte, Christian",10064346,R,LAK_C,edadd43f-b990-4407-b08b-790fbec81322,54.44809,-127.165,12.31462,5.37679,-2.82983,-8.41566,-2.21588,5.17888,-3.64673,NA,NA,NA,NA,NA,NA,NA,NA,NA,NA,NA,NA,NA,NA,NA,NA,NA,NA,NA,NA,NA,NA,NA,NA,NA,NA,NA,NA,NA,NA,NA,NA,NA,NA,NA,NA,NA,NA,NA,NA,NA,NA,NA,NA,NA,NA,NA,NA,NA,NA,High,High,High,NA,NA,NA,NA,NA,NA,NA,NA,NA,NA,NA,NA,NA,NA,NA,NA,NA,NA,NA,NA,NA,NA,NA,NA,NA,NA,NA,NA,NA,NA,NA,NA,NA,NA,NA,NA,NA,NA,NA,NA,NA,NA,NA,NA,NA,NA,NA,NA,NA,NA,NA,NA,NA,NA,NA,NA,NA,NA
NA,NA,NA,NA,NA,NA,NA,NA,NA,NA,NA,NA,NA,NA,NA,NA,156,2025-05-29,12:35:07,5,4,"Ciemny, Nate",10065109,Right,LAK_C,"Acres, Brodey",1000233797,Right,NWL_KG,Undefined,4,Bottom,0,2,1,Undefined,Curveball,FoulBallNotFieldable,Undefined,Undefined,Undefined,0,0,NA,72.56089,1.813723,-2.089183,2111.414687,51.682288,07:45:00,5.01691,2.35848,5.4957,-59.20373,-5.58126,-9.01855,1.78151,-0.34814,67.25714,-8.935911,-3.695636,0.527041,55.50304,0.28339,164.140086,1808.139431,NA,NA,NA,29.19097,27.95697,164.083719,0.35938,4.01788,-2.86606,-2.16935,50,5.13521,4.1638,-105.3814,1.48948,4.53874,17.14585,-35.41164,NWL_KG,LAK_C,HOMERSTRYKER,NWL,NWL,20250529-HOMERSTRYKER-1,e14dbb00-3caa-11f0-a835-f9cb0487f947,71.51703,1.57559,NA,5.30376,NA,NA,NA,-0.79937,1.57267,0.51466,45d07472-c160-48e7-9a7d-8b154baa4dec,2025-05-29,16:35:07,2025-05-29T16:35:07Z,2025-05-29T16:35:07Z,GroundBall,v3,NA,NA,NA,"Duarte, Christian",10064346,R,LAK_C,c91b1fbc-ae0c-496f-9f96-0e8427ad8b06,55.00658,-106.19286,8.57293,5.02506,3.1654,-17.70582,-2.36133,3.9489899999999998,2.26937,219.100766,-0.80146,-78.22714,6.54141,NA,NA,NA,NA,NA,NA,1.57376,0.36279,-13.20339,NA,NA,NA,NA,NA,NA,0.516,22.19645,-3.78726,NA,NA,NA,NA,NA,NA,NA,NA,NA,NA,NA,NA,NA,NA,NA,NA,NA,NA,NA,NA,NA,NA,NA,NA,NA,NA,NA,NA,High,High,High,High,High,NA,NA,NA,NA,NA,NA,NA,NA,NA,NA,NA,NA,NA,NA,NA,NA,NA,NA,NA,NA,NA,NA,NA,NA,NA,NA,NA,NA,NA,NA,NA,NA,NA,NA,NA,NA,NA,NA,NA,NA,NA,NA,NA,NA,NA,NA,NA,NA,NA,NA,NA,NA,NA,NA,NA,NA
NA,NA,NA,NA,NA,NA,NA,NA,NA,NA,NA,NA,NA,NA,NA,NA,157,2025-05-29,12:35:35,5,5,"Ciemny, Nate",10065109,Right,LAK_C,"Acres, Brodey",1000233797,Right,NWL_KG,Undefined,4,Bottom,0,2,2,Undefined,Slider,FoulBallNotFieldable,Undefined,Undefined,Undefined,0,0,NA,81.49074,-0.150942,-1.480764,2192.025602,138.666054,10:30:00,5.26307,2.14664,5.46884,-36.88805,5.60847,-3.82957,2.04776,0.44141,75.18926,-6.90174,-2.162871,0.469189,74.41524,54.04903,47.749101,5001.993048,53.33695,94.64369,96.20376,178.73136,84.83878,64.599671,4.962104,1.55307,3.23414,-2.01368,50,5.22448,3.21264,-118.37826,-1.56652,2.21594,21.43716,-27.55961,NWL_KG,LAK_C,HOMERSTRYKER,NWL,NWL,20250529-HOMERSTRYKER-1,f2713e20-3caa-11f0-a835-f9cb0487f947,80.33523,95.86337,NA,6.30147,NA,NA,NA,1.20581,1.56448,-0.86534,45d07472-c160-48e7-9a7d-8b154baa4dec,2025-05-29,16:35:35,2025-05-29T16:35:35Z,2025-05-29T16:35:35Z,Popup,v3,NA,NA,NA,"Duarte, Christian",10064346,R,LAK_C,98204a08-e52c-454a-b98f-d4982e92df41,55.0308,-119.28581,10.71858,5.2661,-0.39978,-13.7798,-2.1477,3.11883,1.10797,206.547674,1.2161,42.80734,-16.13244,2.97026,1.18557,-1.03047,0.30869,-0.04273,0.00227,1.54897,88.66117,-25.94208,4.20792,-1.61052,0.49254,-0.0827,0.00624,-1.3e-4,-0.86999,47.51775,-5.98208,1.29139,-0.37492,0.10362,-0.01754,0.00148,-4e-5,NA,NA,NA,NA,NA,NA,NA,NA,NA,NA,NA,NA,NA,NA,NA,NA,NA,NA,NA,NA,NA,NA,High,High,High,Medium,Low,NA,NA,NA,NA,NA,NA,NA,NA,NA,NA,NA,NA,NA,NA,NA,NA,NA,NA,NA,NA,NA,NA,NA,NA,NA,NA,NA,NA,NA,NA,NA,NA,NA,NA,NA,NA,NA,NA,NA,NA,NA,NA,NA,NA,NA,NA,NA,NA,NA,NA,NA,NA,NA,NA,NA,NA
NA,NA,NA,NA,NA,NA,NA,NA,NA,NA,NA,NA,NA,NA,NA,NA,158,2025-05-29,12:36:15,5,6,"Ciemny, Nate",10065109,Right,LAK_C,"Acres, Brodey",1000233797,Right,NWL_KG,Undefined,4,Bottom,0,2,2,Undefined,Curveball,BallCalled,Undefined,Undefined,Undefined,0,0,NA,73.92852,0.535813,-4.08334,2150.003238,48.196291,07:30:00,5.16533,2.05711,5.61013,-64.33066,-11.00615,-14.56414,0.30585,-2.97441,66.92388,-11.154871,-6.676785,0.525575,NA,NA,NA,NA,NA,NA,NA,NA,NA,NA,NA,5.85681,-5.16488,-1.69808,50,5.17031,8.16621,-106.88515,-1.04114,6.56599,23.7253,-37.96434,NWL_KG,LAK_C,HOMERSTRYKER,NWL,NWL,20250529-HOMERSTRYKER-1,0a49faa0-3cab-11f0-a835-f9cb0487f947,71.71655,NA,NA,7.00464,NA,NA,NA,NA,NA,NA,45d07472-c160-48e7-9a7d-8b154baa4dec,2025-05-29,16:36:15,2025-05-29T16:36:15Z,2025-05-29T16:36:15Z,NA,v3,NA,NA,NA,"Duarte, Christian",10064346,R,LAK_C,e1b6bb26-5515-42f5-952c-27ebbf6080c1,54.88906,-107.96492,11.86265,5.17838,0.68667,-18.98217,-2.06294,7.86738,3.283,NA,NA,NA,NA,NA,NA,NA,NA,NA,NA,NA,NA,NA,NA,NA,NA,NA,NA,NA,NA,NA,NA,NA,NA,NA,NA,NA,NA,NA,NA,NA,NA,NA,NA,NA,NA,NA,NA,NA,NA,NA,NA,NA,NA,NA,NA,NA,NA,NA,NA,High,High,High,NA,NA,NA,NA,NA,NA,NA,NA,NA,NA,NA,NA,NA,NA,NA,NA,NA,NA,NA,NA,NA,NA,NA,NA,NA,NA,NA,NA,NA,NA,NA,NA,NA,NA,NA,NA,NA,NA,NA,NA,NA,NA,NA,NA,NA,NA,NA,NA,NA,NA,NA,NA,NA,NA,NA,NA,NA,NA
NA,NA,NA,NA,NA,NA,NA,NA,NA,NA,NA,NA,NA,NA,NA,NA,159,2025-05-29,12:36:45,5,7,"Ciemny, Nate",10065109,Right,LAK_C,"Acres, Brodey",1000233797,Right,NWL_KG,Undefined,4,Bottom,0,3,2,Undefined,Sinker,InPlay,Undefined,GroundBall,Single,0,1,NA,87.12412,-0.932665,-3.896601,2209.231176,228.963553,01:45:00,5.45711,2.19242,5.89273,-24.10234,13.22241,13.66871,2.58055,-0.29196,78.75381,-5.470336,-1.450246,0.439714,96.61685,-0.439239,25.642724,3135.819276,NA,NA,NA,44.67668,44.67668,27.073061,0.334532,-8.19107,7.43973,-1.88599,50,5.36813,8.02039,-126.15166,-2.81219,-13.05003,28.38027,-20.32103,NWL_KG,LAK_C,HOMERSTRYKER,NWL,NWL,20250529-HOMERSTRYKER-1,1bd12190-3cab-11f0-a835-f9cb0487f947,85.72041,2.45226,NA,8.3703,NA,NA,NA,-0.08127,2.45226,0.22703,45d07472-c160-48e7-9a7d-8b154baa4dec,2025-05-29,16:36:45,2025-05-29T16:36:45Z,2025-05-29T16:36:45Z,GroundBall,v3,NA,NA,NA,"Duarte, Christian",10064346,R,LAK_C,75bc2d90-d613-4397-acf8-21d9872bd1c0,54.60413,-127.18323,14.19013,5.45692,-2.07355,-10.16052,-2.18614,8.49473,-6.52502,291.522118,-0.07169,127.36109,-24.68472,NA,NA,NA,NA,NA,NA,2.45706,-1.27818,-18.1755,NA,NA,NA,NA,NA,NA,0.22659,61.34014,-3.6899,NA,NA,NA,NA,NA,NA,NA,NA,NA,NA,NA,NA,NA,NA,NA,NA,NA,NA,NA,NA,NA,NA,NA,NA,NA,NA,NA,NA,High,High,High,High,High,NA,NA,NA,NA,NA,NA,NA,NA,NA,NA,NA,NA,NA,NA,NA,NA,NA,NA,NA,NA,NA,NA,NA,NA,NA,NA,NA,NA,NA,NA,NA,NA,NA,NA,NA,NA,NA,NA,NA,NA,NA,NA,NA,NA,NA,NA,NA,NA,NA,NA,NA,NA,NA,NA,NA,NA
NA,NA,NA,NA,NA,NA,NA,NA,NA,NA,NA,NA,NA,NA,NA,NA,160,2025-05-29,12:37:22,6,1,"Ciemny, Nate",10065109,Right,LAK_C,"Rodriguez, Evan",1000115944,Right,NWL_KG,Undefined,4,Bottom,0,0,0,Undefined,Sinker,HitByPitch,Undefined,Undefined,Undefined,0,0,NA,87.07982,-0.227591,-1.777878,2112.656795,226.424987,01:30:00,5.72461,2.02851,5.66313,-22.76249,15.10847,14.38249,3.61541,1.5687,78.05943,-4.536586,0.79178,0.442919,NA,NA,NA,NA,NA,NA,NA,NA,NA,NA,NA,-7.8343,8.13422,-1.88721,50,5.69136,3.28335,-126.14879,-1.21632,-12.37663,30.35596,-19.32358,NWL_KG,LAK_C,HOMERSTRYKER,NWL,NWL,20250529-HOMERSTRYKER-1,31a6e220-3cab-11f0-a835-f9cb0487f947,85.09998,NA,NA,9.02039,NA,NA,NA,NA,NA,NA,45d07472-c160-48e7-9a7d-8b154baa4dec,2025-05-29,16:37:22,2025-05-29T16:37:22Z,2025-05-29T16:37:22Z,NA,v3,NA,NA,NA,"Duarte, Christian",10064346,R,LAK_C,ffe67046-45a3-4f90-977f-abc129b7c4d4,54.8313,-127.30607,15.17798,5.72369,-0.47964,-9.66179,-2.02138,3.75519,-6.18832,NA,NA,NA,NA,NA,NA,NA,NA,NA,NA,NA,NA,NA,NA,NA,NA,NA,NA,NA,NA,NA,NA,NA,NA,NA,NA,NA,NA,NA,NA,NA,NA,NA,NA,NA,NA,NA,NA,NA,NA,NA,NA,NA,NA,NA,NA,NA,NA,NA,NA,High,High,High,NA,NA,NA,NA,NA,NA,NA,NA,NA,NA,NA,NA,NA,NA,NA,NA,NA,NA,NA,NA,NA,NA,NA,NA,NA,NA,NA,NA,NA,NA,NA,NA,NA,NA,NA,NA,NA,NA,NA,NA,NA,NA,NA,NA,NA,NA,NA,NA,NA,NA,NA,NA,NA,NA,NA,NA,NA,NA
NA,NA,NA,NA,NA,NA,NA,NA,NA,NA,NA,NA,NA,NA,NA,NA,161,2025-05-29,12:38:03,7,1,"Ciemny, Nate",10065109,Right,LAK_C,"Johnson, Trevor",815427,Left,NWL_KG,Undefined,4,Bottom,0,0,0,Undefined,Sinker,FoulBallNotFieldable,Undefined,Undefined,Undefined,0,0,NA,87.28717,0.054139,-2.561868,2089.712338,221.640514,01:30:00,5.43616,2.28428,5.85732,-19.88855,16.63241,13.81835,3.82913,1.05403,80.08675,-3.697285,-0.086367,0.434953,59.51556,22.42131,-161.160836,1692.200298,NA,NA,NA,125.14166,57.13684,-161.250536,1.806425,-7.79642,8.84378,-2.08466,50,5.42899,5.11492,-126.80203,-0.48584,-12.7643,24.57744,-17.69502,NWL_KG,LAK_C,HOMERSTRYKER,NWL,NWL,20250529-HOMERSTRYKER-1,4a207280-3cab-11f0-a835-f9cb0487f947,86.65859,17.07409,NA,7.20042,NA,NA,NA,2.35719,3.76596,-0.9685,45d07472-c160-48e7-9a7d-8b154baa4dec,2025-05-29,16:38:03,2025-05-29T16:38:03Z,2025-05-29T16:38:03Z,LineDrive,v3,NA,NA,NA,"Duarte, Christian",10064346,R,LAK_C,53386a99-021c-4784-986c-e55bc80100af,54.64297,-127.69879,12.28872,5.43494,0.1598,-8.84751,-2.27978,5.58065,-6.38215,15.543192,2.35723,-76.37235,5.43548,-0.46175,0.67248,-0.75133,0.50823,-0.17319,0.02278,3.76596,33.29346,-22.1257,1.85578,-0.37582,0.11047,-0.04294,0.01701,-0.00306,-0.96848,-26.05746,2.87996,-0.45526,0.27687,-0.25868,0.16924,-0.05779,0.0077,NA,NA,NA,NA,NA,NA,NA,NA,NA,NA,NA,NA,NA,NA,NA,NA,NA,NA,NA,NA,NA,NA,High,High,High,High,Medium,NA,NA,NA,NA,NA,NA,NA,NA,NA,NA,NA,NA,NA,NA,NA,NA,NA,NA,NA,NA,NA,NA,NA,NA,NA,NA,NA,NA,NA,NA,NA,NA,NA,NA,NA,NA,NA,NA,NA,NA,NA,NA,NA,NA,NA,NA,NA,NA,NA,NA,NA,NA,NA,NA,NA,NA
NA,NA,NA,NA,NA,NA,NA,NA,NA,NA,NA,NA,NA,NA,NA,NA,162,2025-05-29,12:38:34,7,2,"Ciemny, Nate",10065109,Right,LAK_C,"Johnson, Trevor",815427,Left,NWL_KG,Undefined,4,Bottom,0,0,1,Undefined,Curveball,StrikeCalled,Undefined,Undefined,Undefined,0,0,NA,74.11732,2.524896,-1.147789,2099.22581,73.978455,08:30:00,5.2266,2.34735,5.32115,-53.1246,-1.49413,-10.31638,3.17103,0.41038,68.50688,-7.130497,-2.978643,0.517159,NA,NA,NA,NA,NA,NA,NA,NA,NA,NA,NA,4.87914,-0.94658,-2.23572,50,5.41666,2.5417,-107.60911,3.01707,5.76424,17.35587,-33.29235,NWL_KG,LAK_C,HOMERSTRYKER,NWL,NWL,20250529-HOMERSTRYKER-1,5d03ce10-3cab-11f0-a835-f9cb0487f947,72.88362,NA,NA,5.61044,NA,NA,NA,NA,NA,NA,45d07472-c160-48e7-9a7d-8b154baa4dec,2025-05-29,16:38:34,2025-05-29T16:38:34Z,2025-05-29T16:38:34Z,NA,v3,NA,NA,NA,"Duarte, Christian",10064346,R,LAK_C,4e2f9bd3-a78d-4f65-b410-04f14a4dde41,55.17983,-108.44133,8.67794,5.23371,4.61344,-16.64618,-2.35097,2.26531,2.88212,NA,NA,NA,NA,NA,NA,NA,NA,NA,NA,NA,NA,NA,NA,NA,NA,NA,NA,NA,NA,NA,NA,NA,NA,NA,NA,NA,NA,NA,NA,NA,NA,NA,NA,NA,NA,NA,NA,NA,NA,NA,NA,NA,NA,NA,NA,NA,NA,NA,NA,High,High,High,NA,NA,NA,NA,NA,NA,NA,NA,NA,NA,NA,NA,NA,NA,NA,NA,NA,NA,NA,NA,NA,NA,NA,NA,NA,NA,NA,NA,NA,NA,NA,NA,NA,NA,NA,NA,NA,NA,NA,NA,NA,NA,NA,NA,NA,NA,NA,NA,NA,NA,NA,NA,NA,NA,NA,NA,NA,NA
NA,NA,NA,NA,NA,NA,NA,NA,NA,NA,NA,NA,NA,NA,NA,NA,163,2025-05-29,12:38:58,7,3,"Ciemny, Nate",10065109,Right,LAK_C,"Johnson, Trevor",815427,Left,NWL_KG,Undefined,4,Bottom,0,0,2,Undefined,Slider,BallCalled,Undefined,Undefined,Undefined,0,0,NA,81.8019,-0.763703,-2.737171,2162.551988,178.602364,12:00:00,5.01282,2.55718,5.59471,-34.21092,7.63016,-0.1574,1.44801,-0.01348,75.84745,-7.030299,-2.765233,0.465557,NA,NA,NA,NA,NA,NA,NA,NA,NA,NA,NA,-0.59894,4.39756,-2.32224,50,4.92478,5.68632,-118.81081,-2.71836,-0.86509,20.52862,-25.82235,NWL_KG,LAK_C,HOMERSTRYKER,NWL,NWL,20250529-HOMERSTRYKER-1,6b405de0-3cab-11f0-a835-f9cb0487f947,80.962,NA,NA,5.95444,NA,NA,NA,NA,NA,NA,45d07472-c160-48e7-9a7d-8b154baa4dec,2025-05-29,16:38:58,2025-05-29T16:38:58Z,2025-05-29T16:38:58Z,NA,v3,NA,NA,NA,"Duarte, Christian",10064346,R,LAK_C,a922c368-71bf-4fa4-b53d-df0f4b969148,54.90587,-119.65547,10.26431,5.01477,-1.65589,-12.91117,-2.55694,5.72191,-0.43254,NA,NA,NA,NA,NA,NA,NA,NA,NA,NA,NA,NA,NA,NA,NA,NA,NA,NA,NA,NA,NA,NA,NA,NA,NA,NA,NA,NA,NA,NA,NA,NA,NA,NA,NA,NA,NA,NA,NA,NA,NA,NA,NA,NA,NA,NA,NA,NA,NA,NA,High,High,High,NA,NA,NA,NA,NA,NA,NA,NA,NA,NA,NA,NA,NA,NA,NA,NA,NA,NA,NA,NA,NA,NA,NA,NA,NA,NA,NA,NA,NA,NA,NA,NA,NA,NA,NA,NA,NA,NA,NA,NA,NA,NA,NA,NA,NA,NA,NA,NA,NA,NA,NA,NA,NA,NA,NA,NA,NA,NA
NA,NA,NA,NA,NA,NA,NA,NA,NA,NA,NA,NA,NA,NA,NA,NA,164,2025-05-29,12:39:24,7,4,"Ciemny, Nate",10065109,Right,LAK_C,"Johnson, Trevor",815427,Left,NWL_KG,Undefined,4,Bottom,0,1,2,Undefined,Slider,BallCalled,Undefined,Undefined,Undefined,0,0,NA,81.54992,-1.529912,-3.685812,2153.507245,145.031754,10:45:00,5.20713,2.4164,5.74396,-35.40821,6.56615,-3.76906,0.82871,-1.33414,75.79997,-8.000933,-4.358592,0.466298,NA,NA,NA,NA,NA,NA,NA,NA,NA,NA,NA,1.00969,4.10138,-2.10727,50,5.05788,7.76657,-118.31232,-4.32004,1.44615,20.35863,-26.29975,NWL_KG,LAK_C,HOMERSTRYKER,NWL,NWL,20250529-HOMERSTRYKER-1,7ac3eca0-3cab-11f0-a835-f9cb0487f947,80.83339,NA,NA,5.74995,NA,NA,NA,NA,NA,NA,45d07472-c160-48e7-9a7d-8b154baa4dec,2025-05-29,16:39:24,2025-05-29T16:39:24Z,2025-05-29T16:39:24Z,NA,v3,NA,NA,NA,"Duarte, Christian",10064346,R,LAK_C,716f6c81-f8ca-4aed-9f5e-4ba8d4b04cf3,54.75563,-119.12784,10.17931,5.20983,-3.26654,-13.14988,-2.41722,7.70865,0.72307,NA,NA,NA,NA,NA,NA,NA,NA,NA,NA,NA,NA,NA,NA,NA,NA,NA,NA,NA,NA,NA,NA,NA,NA,NA,NA,NA,NA,NA,NA,NA,NA,NA,NA,NA,NA,NA,NA,NA,NA,NA,NA,NA,NA,NA,NA,NA,NA,NA,NA,High,High,High,NA,NA,NA,NA,NA,NA,NA,NA,NA,NA,NA,NA,NA,NA,NA,NA,NA,NA,NA,NA,NA,NA,NA,NA,NA,NA,NA,NA,NA,NA,NA,NA,NA,NA,NA,NA,NA,NA,NA,NA,NA,NA,NA,NA,NA,NA,NA,NA,NA,NA,NA,NA,NA,NA,NA,NA,NA,NA
NA,NA,NA,NA,NA,NA,NA,NA,NA,NA,NA,NA,NA,NA,NA,NA,165,2025-05-29,12:39:54,7,5,"Ciemny, Nate",10065109,Right,LAK_C,"Johnson, Trevor",815427,Left,NWL_KG,Undefined,4,Bottom,0,2,2,Undefined,Four-Seam,BallCalled,Undefined,Undefined,Undefined,0,0,NA,87.57571,-0.029192,-1.301811,2097.195336,206.844225,01:00:00,5.47781,2.1764,5.89385,-16.47481,19.81261,9.46642,4.07779,1.7564,80.14174,-3.176855,0.396642,0.43356,NA,NA,NA,NA,NA,NA,NA,NA,NA,NA,NA,-5.18244,10.47997,-2.07695,50,5.46592,2.49671,-127.2442,-0.52057,-8.524,25.32341,-14.93676,NWL_KG,LAK_C,HOMERSTRYKER,NWL,NWL,20250529-HOMERSTRYKER-1,8c7753b0-3cab-11f0-a835-f9cb0487f947,86.93702,NA,NA,7.43397,NA,NA,NA,NA,NA,NA,45d07472-c160-48e7-9a7d-8b154baa4dec,2025-05-29,16:39:54,2025-05-29T16:39:54Z,2025-05-29T16:39:54Z,NA,v3,NA,NA,NA,"Duarte, Christian",10064346,R,LAK_C,4bd26b00-1f05-4250-b4ed-6682258951d2,54.60392,-128.15717,12.6617,5.47498,0.01794,-7.46838,-2.1725,2.80402,-4.262,NA,NA,NA,NA,NA,NA,NA,NA,NA,NA,NA,NA,NA,NA,NA,NA,NA,NA,NA,NA,NA,NA,NA,NA,NA,NA,NA,NA,NA,NA,NA,NA,NA,NA,NA,NA,NA,NA,NA,NA,NA,NA,NA,NA,NA,NA,NA,NA,NA,NA,High,High,High,NA,NA,NA,NA,NA,NA,NA,NA,NA,NA,NA,NA,NA,NA,NA,NA,NA,NA,NA,NA,NA,NA,NA,NA,NA,NA,NA,NA,NA,NA,NA,NA,NA,NA,NA,NA,NA,NA,NA,NA,NA,NA,NA,NA,NA,NA,NA,NA,NA,NA,NA,NA,NA,NA,NA,NA,NA,NA
NA,NA,NA,NA,NA,NA,NA,NA,NA,NA,NA,NA,NA,NA,NA,NA,166,2025-05-29,12:40:18,7,6,"Ciemny, Nate",10065109,Right,LAK_C,"Johnson, Trevor",815427,Left,NWL_KG,Undefined,4,Bottom,0,3,2,Undefined,Changeup,BallCalled,Walk,Undefined,Undefined,0,0,NA,85.69748,-1.363745,-1.382258,2017.693994,217.367451,01:15:00,5.54799,2.22273,5.9383,-21.32694,16.48914,11.70816,2.50504,1.91588,78.70294,-5.376614,0.721242,0.442598,NA,NA,NA,NA,NA,NA,NA,NA,NA,NA,NA,-6.35654,9.17469,-2.11898,50,5.42711,2.53028,-124.50234,-3.59756,-10.01907,24.01711,-17.71302,NWL_KG,LAK_C,HOMERSTRYKER,NWL,NWL,20250529-HOMERSTRYKER-1,9ae61710-3cab-11f0-a835-f9cb0487f947,85.16176,NA,NA,6.99453,NA,NA,NA,NA,NA,NA,45d07472-c160-48e7-9a7d-8b154baa4dec,2025-05-29,16:40:18,2025-05-29T16:40:18Z,2025-05-29T16:40:18Z,NA,v3,NA,NA,NA,"Duarte, Christian",10064346,R,LAK_C,356e2d63-3b5d-4c73-9f90-e1df4f816a22,54.55979,-125.37887,12.00855,5.54661,-2.95111,-8.85651,-2.218,2.89593,-5.00954,NA,NA,NA,NA,NA,NA,NA,NA,NA,NA,NA,NA,NA,NA,NA,NA,NA,NA,NA,NA,NA,NA,NA,NA,NA,NA,NA,NA,NA,NA,NA,NA,NA,NA,NA,NA,NA,NA,NA,NA,NA,NA,NA,NA,NA,NA,NA,NA,NA,NA,High,High,High,NA,NA,NA,NA,NA,NA,NA,NA,NA,NA,NA,NA,NA,NA,NA,NA,NA,NA,NA,NA,NA,NA,NA,NA,NA,NA,NA,NA,NA,NA,NA,NA,NA,NA,NA,NA,NA,NA,NA,NA,NA,NA,NA,NA,NA,NA,NA,NA,NA,NA,NA,NA,NA,NA,NA,NA,NA,NA
NA,NA,NA,NA,NA,NA,NA,NA,NA,NA,NA,NA,NA,NA,NA,NA,167,2025-05-29,12:41:04,8,1,"Ciemny, Nate",10065109,Right,LAK_C,"Sprockett, Michael",1000119908,Left,NWL_KG,Undefined,4,Bottom,0,0,0,Undefined,Curveball,StrikeCalled,Undefined,Undefined,Undefined,0,0,NA,72.14505,1.361804,-0.335141,2126.098773,77.234542,08:30:00,5.34744,2.41679,5.23227,-56.10373,-1.30421,-12.95335,1.95248,1.02231,66.71582,-8.806407,-2.634713,0.532795,NA,NA,NA,NA,NA,NA,NA,NA,NA,NA,NA,6.40674,-0.55114,-2.3758,50,5.43063,1.08592,-104.78824,0.69756,7.14548,17.19865,-32.78873,NWL_KG,LAK_C,HOMERSTRYKER,NWL,NWL,20250529-HOMERSTRYKER-1,b611cf20-3cab-11f0-a835-f9cb0487f947,70.7448,NA,NA,5.4292299999999996,NA,NA,NA,NA,NA,NA,45d07472-c160-48e7-9a7d-8b154baa4dec,2025-05-29,16:41:04,2025-05-29T16:41:04Z,2025-05-29T16:41:04Z,NA,v3,NA,NA,NA,"Duarte, Christian",10064346,R,LAK_C,3d4efc2a-8d21-4524-b095-64f27006e6db,55.26889,-105.64947,8.59932,5.35459,2.33948,-16.39436,-2.42122,0.72811,3.57274,NA,NA,NA,NA,NA,NA,NA,NA,NA,NA,NA,NA,NA,NA,NA,NA,NA,NA,NA,NA,NA,NA,NA,NA,NA,NA,NA,NA,NA,NA,NA,NA,NA,NA,NA,NA,NA,NA,NA,NA,NA,NA,NA,NA,NA,NA,NA,NA,NA,NA,High,High,High,NA,NA,NA,NA,NA,NA,NA,NA,NA,NA,NA,NA,NA,NA,NA,NA,NA,NA,NA,NA,NA,NA,NA,NA,NA,NA,NA,NA,NA,NA,NA,NA,NA,NA,NA,NA,NA,NA,NA,NA,NA,NA,NA,NA,NA,NA,NA,NA,NA,NA,NA,NA,NA,NA,NA,NA,NA,NA
NA,NA,NA,NA,NA,NA,NA,NA,NA,NA,NA,NA,NA,NA,NA,NA,168,2025-05-29,12:41:26,8,2,"Ciemny, Nate",10065109,Right,LAK_C,"Sprockett, Michael",1000119908,Left,NWL_KG,Undefined,4,Bottom,0,0,1,Undefined,Slider,FoulBallNotFieldable,Undefined,Undefined,Undefined,0,0,NA,82.35297,-0.980909,-3.249183,2174.608048,157.842335,11:15:00,5.26332,2.25389,5.59758,-33.46588,8.17729,-2.81299,1.55714,-1.01727,75.8267,-7.124952,-3.750196,0.464455,NA,NA,NA,NA,NA,NA,NA,NA,NA,NA,NA,0.55689,4.76756,-1.97328,50,5.15729,6.89115,-119.4545,-3.15429,0.80633,22.56795,-25.27112,NWL_KG,LAK_C,HOMERSTRYKER,NWL,NWL,20250529-HOMERSTRYKER-1,c3627850-3cab-11f0-a835-f9cb0487f947,81.1542,NA,NA,6.52626,NA,NA,NA,NA,NA,NA,45d07472-c160-48e7-9a7d-8b154baa4dec,2025-05-29,16:41:26,2025-05-29T16:41:26Z,2025-05-29T16:41:26Z,NA,v3,NA,NA,NA,"Duarte, Christian",10064346,R,LAK_C,e831739a-558d-49b2-9325-e31ec6c389e1,54.90239,-120.37712,11.28398,5.26512,-2.12116,-12.63556,-2.25433,6.85818,0.40317,NA,NA,NA,NA,NA,NA,NA,NA,NA,NA,NA,NA,NA,NA,NA,NA,NA,NA,NA,NA,NA,NA,NA,NA,NA,NA,NA,NA,NA,NA,NA,NA,NA,NA,NA,NA,NA,NA,NA,NA,NA,NA,NA,NA,NA,NA,NA,NA,NA,NA,High,High,High,NA,NA,NA,NA,NA,NA,NA,NA,NA,NA,NA,NA,NA,NA,NA,NA,NA,NA,NA,NA,NA,NA,NA,NA,NA,NA,NA,NA,NA,NA,NA,NA,NA,NA,NA,NA,NA,NA,NA,NA,NA,NA,NA,NA,NA,NA,NA,NA,NA,NA,NA,NA,NA,NA,NA,NA,NA,NA
NA,NA,NA,NA,NA,NA,NA,NA,NA,NA,NA,NA,NA,NA,NA,NA,169,2025-05-29,12:41:57,8,3,"Ciemny, Nate",10065109,Right,LAK_C,"Sprockett, Michael",1000119908,Left,NWL_KG,Undefined,4,Bottom,0,0,2,Undefined,Four-Seam,InPlay,Undefined,FlyBall,Single,0,1,NA,88.08668,-3.050178,-2.644631,2139.557789,205.866292,12:45:00,5.75805,1.78701,5.82585,-16.64599,19.51099,8.89851,1.5296400000000001,0.06827,80.7077,-6.205592,-1.051397,0.43278,94.96988,26.76404,-16.635018,3243.001454,102.8497,49.38389,-39.0118,339.61438,332.96608,-30.415416,4.454104,-5.30835,11.18442,-1.5763,50,5.4987,5.53412,-127.70607,-7.2965,-8.7786,25.95595,-13.67792,NWL_KG,LAK_C,HOMERSTRYKER,NWL,NWL,20250529-HOMERSTRYKER-1,d60d85d0-3cab-11f0-a835-f9cb0487f947,87.0937,65.64426,NA,7.37897,NA,NA,NA,1.66229,1.57698,-0.07378,45d07472-c160-48e7-9a7d-8b154baa4dec,2025-05-29,16:41:57,2025-05-29T16:41:57Z,2025-05-29T16:41:57Z,FlyBall,v3,NA,NA,NA,"Duarte, Christian",10064346,R,LAK_C,9ddec63e-a8f6-4405-9b83-5f075b5cb5d0,54.67366,-128.65248,12.97798,5.75566,-6.79778,-6.83896,-1.78392,5.85421,-4.3893,140.580646,1.6612,119.18844,-25.97379,6.48799,-1.62241,0.40289,-0.08099,0.01007,-5.4e-4,1.57892,62.67679,-16.33981,0.14207,0.45304,-0.23552,0.06131,-0.00789,3.9e-4,-0.07385,-35.60081,-3.07805,1.43094,-0.46033,0.11542,-0.02062,0.00224,-1.1e-4,NA,NA,NA,NA,NA,NA,NA,NA,NA,NA,NA,NA,NA,NA,NA,NA,NA,NA,NA,NA,NA,NA,High,High,High,High,High,NA,NA,NA,NA,NA,NA,NA,NA,NA,NA,NA,NA,NA,NA,NA,NA,NA,NA,NA,NA,NA,NA,NA,NA,NA,NA,NA,NA,NA,NA,NA,NA,NA,NA,NA,NA,NA,NA,NA,NA,NA,NA,NA,NA,NA,NA,NA,NA,NA,NA,NA,NA,NA,NA,NA,NA
NA,NA,NA,NA,NA,NA,NA,NA,NA,NA,NA,NA,NA,NA,NA,NA,170,2025-05-29,12:43:16,9,1,"Ciemny, Nate",10065109,Right,LAK_C,"Thielman, Avery",1000215893,Right,NWL_KG,Undefined,4,Bottom,0,0,0,Undefined,Curveball,BallCalled,Undefined,Undefined,Undefined,0,0,NA,73.14471,1.283199,-2.352056,2204.650267,74.810779,08:30:00,5.26346,2.21406,5.26557,-56.33928,-1.7713,-13.83316,1.77519,-1.14949,66.26064,-8.981975,-4.803686,0.531668,NA,NA,NA,NA,NA,NA,NA,NA,NA,NA,NA,6.07815,-0.68126,-1.98837,50,5.34002,4.87832,-105.87222,0.54755,6.75803,21.51475,-32.93152,NWL_KG,LAK_C,HOMERSTRYKER,NWL,NWL,20250529-HOMERSTRYKER-1,04e31dc0-3cac-11f0-a835-f9cb0487f947,70.89472,NA,NA,6.88407,NA,NA,NA,NA,NA,NA,45d07472-c160-48e7-9a7d-8b154baa4dec,2025-05-29,16:43:16,2025-05-29T16:43:16Z,2025-05-29T16:43:16Z,NA,v3,NA,NA,NA,"Duarte, Christian",10064346,R,LAK_C,0186466c-c7d4-4a0e-b5be-07665c035e4e,55.2313,-106.93001,10.75738,5.2733,2.16666,-16.46576,-2.22005,4.54605,3.37902,NA,NA,NA,NA,NA,NA,NA,NA,NA,NA,NA,NA,NA,NA,NA,NA,NA,NA,NA,NA,NA,NA,NA,NA,NA,NA,NA,NA,NA,NA,NA,NA,NA,NA,NA,NA,NA,NA,NA,NA,NA,NA,NA,NA,NA,NA,NA,NA,NA,NA,High,High,High,NA,NA,NA,NA,NA,NA,NA,NA,NA,NA,NA,NA,NA,NA,NA,NA,NA,NA,NA,NA,NA,NA,NA,NA,NA,NA,NA,NA,NA,NA,NA,NA,NA,NA,NA,NA,NA,NA,NA,NA,NA,NA,NA,NA,NA,NA,NA,NA,NA,NA,NA,NA,NA,NA,NA,NA,NA,NA
NA,NA,NA,NA,NA,NA,NA,NA,NA,NA,NA,NA,NA,NA,NA,NA,171,2025-05-29,12:43:35,9,2,"Ciemny, Nate",10065109,Right,LAK_C,"Thielman, Avery",1000215893,Right,NWL_KG,Undefined,4,Bottom,0,1,0,Undefined,Four-Seam,InPlay,Undefined,FlyBall,Sacrifice,1,1,NA,86.61374,-1.702102,-2.361653,2146.170313,207.360345,01:00:00,5.50232,2.12679,5.96844,-17.2193,20.23119,9.80087,2.48748,0.7527,78.57044,-5.006265,-0.601857,0.440454,97.84475,19.569384,1.848378,2221.329116,109.75868,35.56706,7.27417,322.24943,315.6151,7.918098,3.78646,-5.7591,11.29028,-1.94515,50,5.3579,4.78353,-125.61531,-4.19954,-9.12616,27.4014,-14.28288,NWL_KG,LAK_C,HOMERSTRYKER,NWL,NWL,20250529-HOMERSTRYKER-1,103ed4c0-3cac-11f0-a835-f9cb0487f947,85.57641,45.16517,NA,8.0433,NA,NA,NA,1.82921,2.56134,-0.74392,45d07472-c160-48e7-9a7d-8b154baa4dec,2025-05-29,16:43:35,2025-05-29T16:43:35Z,2025-05-29T16:43:35Z,LineDrive,v3,NA,NA,NA,"Duarte, Christian",10064346,R,LAK_C,a45398c3-72d3-4897-8dc2-a373292bb3f6,54.52918,-126.59944,13.7007,5.49951,-3.68656,-7.14144,-2.12284,5.1113,-4.56308,212.051876,1.82883,135.15826,-25.8775,6.03926,-1.32661,0.27323,-0.04906,0.00596,-3.1e-4,2.5617,48.05379,-13.49101,-0.47403,0.40607,-0.12401,0.02242,-0.0015,-4e-5,-0.74385,4.35584,6.53534,-2.82797,0.85495,-0.19689,0.03348,-0.00359,1.7e-4,NA,NA,NA,NA,NA,NA,NA,NA,NA,NA,NA,NA,NA,NA,NA,NA,NA,NA,NA,NA,NA,NA,High,High,High,High,High,NA,NA,NA,NA,NA,NA,NA,NA,NA,NA,NA,NA,NA,NA,NA,NA,NA,NA,NA,NA,NA,NA,NA,NA,NA,NA,NA,NA,NA,NA,NA,NA,NA,NA,NA,NA,NA,NA,NA,NA,NA,NA,NA,NA,NA,NA,NA,NA,NA,NA,NA,NA,NA,NA,NA,NA
NA,NA,NA,NA,NA,NA,NA,NA,NA,NA,NA,NA,NA,NA,NA,NA,172,2025-05-29,12:44:27,10,1,"Ciemny, Nate",10065109,Right,LAK_C,"Garner, Coleman",90000255834,Right,NWL_KG,Undefined,4,Bottom,1,0,0,Undefined,Four-Seam,InPlay,Undefined,GroundBall,Single,0,1,NA,87.29663,-1.348052,-2.65206,2089.297161,212.508853,01:00:00,5.67326,1.92773,5.75322,-18.06135,18.90367,11.27741,2.91167,0.39695,79.58688,-4.777002,-0.635806,0.437589,66.51693,-29.564117,-19.754602,NA,NA,NA,NA,5.61921,5.61921,-21.692087,0.058648,-6.49524,10.37024,-1.71454,50,5.55044,5.39046,-126.62506,-3.51298,-10.52661,26.29196,-15.36738,NWL_KG,LAK_C,HOMERSTRYKER,NWL,NWL,20250529-HOMERSTRYKER-1,2f6ab850-3cac-11f0-a835-f9cb0487f947,86.13653,2.83588,NA,7.70976,NA,NA,NA,0.51616,2.83588,-0.38723,45d07472-c160-48e7-9a7d-8b154baa4dec,2025-05-29,16:44:27,2025-05-29T16:44:27Z,2025-05-29T16:44:27Z,GroundBall,v3,NA,NA,NA,"Duarte, Christian",10064346,R,LAK_C,b7156cb2-9123-43e1-a119-9c06d7a6d3a2,54.74466,-127.60642,13.14598,5.67085,-2.93938,-7.68369,-1.92308,5.78337,-5.2633,NA,0.51272,80.22658,NA,NA,NA,NA,NA,NA,NA,2.83795,-48.35431,NA,NA,NA,NA,NA,NA,NA,-0.38599,-28.81156,NA,NA,NA,NA,NA,NA,NA,NA,NA,NA,NA,NA,NA,NA,NA,NA,NA,NA,NA,NA,NA,NA,NA,NA,NA,NA,NA,NA,NA,High,High,High,Estimated,Estimated,NA,NA,NA,NA,NA,NA,NA,NA,NA,NA,NA,NA,NA,NA,NA,NA,NA,NA,NA,NA,NA,NA,NA,NA,NA,NA,NA,NA,NA,NA,NA,NA,NA,NA,NA,NA,NA,NA,NA,NA,NA,NA,NA,NA,NA,NA,NA,NA,NA,NA,NA,NA,NA,NA,NA,NA
NA,NA,NA,NA,NA,NA,NA,NA,NA,NA,NA,NA,NA,NA,NA,NA,173,2025-05-29,12:45:09,11,1,"Ciemny, Nate",10065109,Right,LAK_C,"Dickerson, Gage",10105216,Left,NWL_KG,Undefined,4,Bottom,1,0,0,Undefined,Slider,StrikeCalled,Undefined,Undefined,Undefined,0,0,NA,81.15033,-0.49226,-2.839266,2278.121047,191.053274,12:15:00,5.45539,2.19311,5.45084,-38.07506,5.29622,0.75811,1.82105,-0.40395,74.2319,-7.468211,-2.70444,0.473993,NA,NA,NA,NA,NA,NA,NA,NA,NA,NA,NA,-1.20736,3.22898,-1.94292,50,5.38582,5.80383,-117.64161,-2.30579,-1.68474,23.20878,-27.66833,NWL_KG,LAK_C,HOMERSTRYKER,NWL,NWL,20250529-HOMERSTRYKER-1,48a4d990-3cac-11f0-a835-f9cb0487f947,79.521,NA,NA,6.91843,NA,NA,NA,NA,NA,NA,45d07472-c160-48e7-9a7d-8b154baa4dec,2025-05-29,16:45:09,2025-05-29T16:45:09Z,2025-05-29T16:45:09Z,NA,v3,NA,NA,NA,"Duarte, Christian",10064346,R,LAK_C,ba68556f-fc46-4580-bfac-23cdb5dcf61a,55.04709,-118.63314,11.60439,5.45907,-1.12374,-13.83417,-2.1924,5.8758,-0.84237,NA,NA,NA,NA,NA,NA,NA,NA,NA,NA,NA,NA,NA,NA,NA,NA,NA,NA,NA,NA,NA,NA,NA,NA,NA,NA,NA,NA,NA,NA,NA,NA,NA,NA,NA,NA,NA,NA,NA,NA,NA,NA,NA,NA,NA,NA,NA,NA,NA,NA,High,High,High,NA,NA,NA,NA,NA,NA,NA,NA,NA,NA,NA,NA,NA,NA,NA,NA,NA,NA,NA,NA,NA,NA,NA,NA,NA,NA,NA,NA,NA,NA,NA,NA,NA,NA,NA,NA,NA,NA,NA,NA,NA,NA,NA,NA,NA,NA,NA,NA,NA,NA,NA,NA,NA,NA,NA,NA,NA,NA
NA,NA,NA,NA,NA,NA,NA,NA,NA,NA,NA,NA,NA,NA,NA,NA,174,2025-05-29,12:45:32,11,2,"Ciemny, Nate",10065109,Right,LAK_C,"Dickerson, Gage",10105216,Left,NWL_KG,Undefined,4,Bottom,1,0,1,Undefined,Curveball,BallCalled,Undefined,Undefined,Undefined,0,0,NA,73.06163,1.47034,-0.379451,2201.628862,66.784879,08:15:00,5.08858,2.23432,5.57149,-57.73889,-4.23024,-14.10119,1.65074,0.70478,66.67859,-9.087686,-2.899268,0.526482,NA,NA,NA,NA,NA,NA,NA,NA,NA,NA,NA,7.03087,-2.09374,-2.19207,50,5.17735,1.20996,-106.0218,0.92883,7.9026,20.24392,-34.52738,NWL_KG,LAK_C,HOMERSTRYKER,NWL,NWL,20250529-HOMERSTRYKER-1,56232270-3cac-11f0-a835-f9cb0487f947,71.59303,NA,NA,6.38304,NA,NA,NA,NA,NA,NA,45d07472-c160-48e7-9a7d-8b154baa4dec,2025-05-29,16:45:32,2025-05-29T16:45:32Z,2025-05-29T16:45:32Z,NA,v3,NA,NA,NA,"Duarte, Christian",10064346,R,LAK_C,b8469c9f-9885-4e72-90ce-6770c835a00f,54.92868,-106.95875,10.12196,5.09738,2.52686,-17.26369,-2.23961,0.84421,3.9513,NA,NA,NA,NA,NA,NA,NA,NA,NA,NA,NA,NA,NA,NA,NA,NA,NA,NA,NA,NA,NA,NA,NA,NA,NA,NA,NA,NA,NA,NA,NA,NA,NA,NA,NA,NA,NA,NA,NA,NA,NA,NA,NA,NA,NA,NA,NA,NA,NA,NA,High,High,High,NA,NA,NA,NA,NA,NA,NA,NA,NA,NA,NA,NA,NA,NA,NA,NA,NA,NA,NA,NA,NA,NA,NA,NA,NA,NA,NA,NA,NA,NA,NA,NA,NA,NA,NA,NA,NA,NA,NA,NA,NA,NA,NA,NA,NA,NA,NA,NA,NA,NA,NA,NA,NA,NA,NA,NA,NA,NA
NA,NA,NA,NA,NA,NA,NA,NA,NA,NA,NA,NA,NA,NA,NA,NA,175,2025-05-29,12:45:55,11,3,"Ciemny, Nate",10065109,Right,LAK_C,"Dickerson, Gage",10105216,Left,NWL_KG,Undefined,4,Bottom,1,1,1,Undefined,Curveball,BallCalled,Undefined,Undefined,Undefined,0,0,NA,73.0845,0.209797,-1.800994,2214.630186,77.149309,08:30:00,5.36906,2.1549,5.48117,-56.20342,-2.04028,-17.54749,0.88183,-0.99303,66.43632,-10.040656,-4.929037,0.529692,NA,NA,NA,NA,NA,NA,NA,NA,NA,NA,NA,8.18351,-0.46197,-1.98491,50,5.34996,3.98336,-105.90135,-1.38131,9.09593,21.67125,-32.68752,NWL_KG,LAK_C,HOMERSTRYKER,NWL,NWL,20250529-HOMERSTRYKER-1,63a19260-3cac-11f0-a835-f9cb0487f947,71.15918,NA,NA,6.64818,NA,NA,NA,NA,NA,NA,45d07472-c160-48e7-9a7d-8b154baa4dec,2025-05-29,16:45:55,2025-05-29T16:45:55Z,2025-05-29T16:45:55Z,NA,v3,NA,NA,NA,"Duarte, Christian",10064346,R,LAK_C,4b74009d-d2dd-43da-8ab8-b1926036c898,55.01645,-106.92297,10.83562,5.37876,0.15964,-16.34376,-2.16259,3.55456,4.54797,NA,NA,NA,NA,NA,NA,NA,NA,NA,NA,NA,NA,NA,NA,NA,NA,NA,NA,NA,NA,NA,NA,NA,NA,NA,NA,NA,NA,NA,NA,NA,NA,NA,NA,NA,NA,NA,NA,NA,NA,NA,NA,NA,NA,NA,NA,NA,NA,NA,NA,High,High,High,NA,NA,NA,NA,NA,NA,NA,NA,NA,NA,NA,NA,NA,NA,NA,NA,NA,NA,NA,NA,NA,NA,NA,NA,NA,NA,NA,NA,NA,NA,NA,NA,NA,NA,NA,NA,NA,NA,NA,NA,NA,NA,NA,NA,NA,NA,NA,NA,NA,NA,NA,NA,NA,NA,NA,NA,NA,NA
NA,NA,NA,NA,NA,NA,NA,NA,NA,NA,NA,NA,NA,NA,NA,NA,176,2025-05-29,12:46:19,11,4,"Ciemny, Nate",10065109,Right,LAK_C,"Dickerson, Gage",10105216,Left,NWL_KG,Undefined,4,Bottom,1,2,1,Undefined,Curveball,StrikeCalled,Undefined,Undefined,Undefined,0,0,NA,72.72136,2.506434,-2.090891,2141.166768,84.19263,08:45:00,5.12445,2.27331,5.4372,-54.50889,0.35016,-16.00304,2.93217,-1.01909,65.68124,-7.495452,-4.932386,0.533084,NA,NA,NA,NA,NA,NA,NA,NA,NA,NA,NA,7.31197,-0.06138,-2.07692,50,5.30931,4.43847,-105.24394,2.91255,8.03888,21.15458,-32.24154,NWL_KG,LAK_C,HOMERSTRYKER,NWL,NWL,20250529-HOMERSTRYKER-1,723dce60-3cac-11f0-a835-f9cb0487f947,70.70641,NA,NA,7.04012,NA,NA,NA,NA,NA,NA,45d07472-c160-48e7-9a7d-8b154baa4dec,2025-05-29,16:46:19,2025-05-29T16:46:19Z,2025-05-29T16:46:19Z,NA,v3,NA,NA,NA,"Duarte, Christian",10064346,R,LAK_C,c34c0f5c-72e7-4d2e-af16-86e2de0f3945,55.05991,-106.25614,10.57729,5.13305,4.45524,-16.12077,-2.28009,4.05383,4.01944,NA,NA,NA,NA,NA,NA,NA,NA,NA,NA,NA,NA,NA,NA,NA,NA,NA,NA,NA,NA,NA,NA,NA,NA,NA,NA,NA,NA,NA,NA,NA,NA,NA,NA,NA,NA,NA,NA,NA,NA,NA,NA,NA,NA,NA,NA,NA,NA,NA,NA,High,High,High,NA,NA,NA,NA,NA,NA,NA,NA,NA,NA,NA,NA,NA,NA,NA,NA,NA,NA,NA,NA,NA,NA,NA,NA,NA,NA,NA,NA,NA,NA,NA,NA,NA,NA,NA,NA,NA,NA,NA,NA,NA,NA,NA,NA,NA,NA,NA,NA,NA,NA,NA,NA,NA,NA,NA,NA,NA,NA
NA,NA,NA,NA,NA,NA,NA,NA,NA,NA,NA,NA,NA,NA,NA,NA,177,2025-05-29,12:46:42,11,5,"Ciemny, Nate",10065109,Right,LAK_C,"Dickerson, Gage",10105216,Left,NWL_KG,Undefined,4,Bottom,1,2,2,Undefined,Slider,BallCalled,Undefined,Undefined,Undefined,0,0,NA,81.07525,0.038235,-4.058891,2328.249212,178.661402,12:00:00,5.26772,2.45226,5.35026,-37.59179,5.88296,-0.10618,2.17103,-1.36993,74.49384,-6.825217,-4.077681,0.474559,NA,NA,NA,NA,NA,NA,NA,NA,NA,NA,NA,-1.05394,3.34146,-2.0863,50,5.24433,8.33792,-117.44129,-1.21328,-1.47484,21.83736,-27.49823,NWL_KG,LAK_C,HOMERSTRYKER,NWL,NWL,20250529-HOMERSTRYKER-1,7fbd76d0-3cac-11f0-a835-f9cb0487f947,79.4263,NA,NA,6.58141,NA,NA,NA,NA,NA,NA,45d07472-c160-48e7-9a7d-8b154baa4dec,2025-05-29,16:46:42,2025-05-29T16:46:42Z,2025-05-29T16:46:42Z,NA,v3,NA,NA,NA,"Duarte, Christian",10064346,R,LAK_C,e9ea8bc4-082e-4382-bcf2-3e463f2d8c17,55.14832,-118.39472,10.91868,5.2711,-0.0127,-13.74911,-2.45174,8.40231,-0.73742,NA,NA,NA,NA,NA,NA,NA,NA,NA,NA,NA,NA,NA,NA,NA,NA,NA,NA,NA,NA,NA,NA,NA,NA,NA,NA,NA,NA,NA,NA,NA,NA,NA,NA,NA,NA,NA,NA,NA,NA,NA,NA,NA,NA,NA,NA,NA,NA,NA,NA,High,High,High,NA,NA,NA,NA,NA,NA,NA,NA,NA,NA,NA,NA,NA,NA,NA,NA,NA,NA,NA,NA,NA,NA,NA,NA,NA,NA,NA,NA,NA,NA,NA,NA,NA,NA,NA,NA,NA,NA,NA,NA,NA,NA,NA,NA,NA,NA,NA,NA,NA,NA,NA,NA,NA,NA,NA,NA,NA,NA
NA,NA,NA,NA,NA,NA,NA,NA,NA,NA,NA,NA,NA,NA,NA,NA,178,2025-05-29,12:48:13,11,6,"Ciemny, Nate",10065109,Right,LAK_C,"Dickerson, Gage",10105216,Left,NWL_KG,Undefined,4,Bottom,1,3,2,Undefined,Four-Seam,BallCalled,Walk,Undefined,Undefined,0,0,NA,87.46098,-3.255707,-2.494248,2143.727435,213.559319,01:00:00,5.42027,2.03496,5.91642,-18.43245,18.49824,11.40796,0.85665,0.66937,79.40028,-6.757285,-0.447102,0.437386,NA,NA,NA,NA,NA,NA,NA,NA,NA,NA,NA,-6.6354,10.86989,-1.84166,50,5.14861,5.05076,-126.66991,-7.74094,-10.67937,28.14918,-14.67948,NWL_KG,LAK_C,HOMERSTRYKER,NWL,NWL,20250529-HOMERSTRYKER-1,b5cf7980-3cac-11f0-a835-f9cb0487f947,86.17657,NA,NA,8.0607,NA,NA,NA,NA,NA,NA,45d07472-c160-48e7-9a7d-8b154baa4dec,2025-05-29,16:48:13,2025-05-29T16:48:13Z,2025-05-29T16:48:13Z,NA,v3,NA,NA,NA,"Duarte, Christian",10064346,R,LAK_C,445c939b-250a-414d-92d6-4395cefda06c,54.58157,-127.68399,14.07459,5.41796,-7.21211,-7.33974,-2.03054,5.43549,-5.33968,NA,NA,NA,NA,NA,NA,NA,NA,NA,NA,NA,NA,NA,NA,NA,NA,NA,NA,NA,NA,NA,NA,NA,NA,NA,NA,NA,NA,NA,NA,NA,NA,NA,NA,NA,NA,NA,NA,NA,NA,NA,NA,NA,NA,NA,NA,NA,NA,NA,NA,High,High,High,NA,NA,NA,NA,NA,NA,NA,NA,NA,NA,NA,NA,NA,NA,NA,NA,NA,NA,NA,NA,NA,NA,NA,NA,NA,NA,NA,NA,NA,NA,NA,NA,NA,NA,NA,NA,NA,NA,NA,NA,NA,NA,NA,NA,NA,NA,NA,NA,NA,NA,NA,NA,NA,NA,NA,NA,NA,NA
NA,NA,NA,NA,NA,NA,NA,NA,NA,NA,NA,NA,NA,NA,NA,NA,179,2025-05-29,12:48:55,12,1,"Ciemny, Nate",10065109,Right,LAK_C,"Crisp, JD",825759,Left,NWL_KG,Undefined,4,Bottom,1,0,0,Undefined,Slider,BallCalled,Undefined,Undefined,Undefined,0,0,NA,83.21039,-1.541682,-3.842233,2279.421333,244.968793,02:15:00,5.29169,2.44312,5.76067,-37.95494,3.00441,3.51075,0.69025,-0.84592,76.09221,-8.50618,-3.214779,0.460626,NA,NA,NA,NA,NA,NA,NA,NA,NA,NA,NA,-2.94496,2.38158,-2.12657,50,5.14061,7.9549,-120.51633,-4.52092,-4.30042,24.97615,-28.69629,NWL_KG,LAK_C,HOMERSTRYKER,NWL,NWL,20250529-HOMERSTRYKER-1,cf1bea40-3cac-11f0-a835-f9cb0487f947,81.8288,NA,NA,7.11818,NA,NA,NA,NA,NA,NA,45d07472-c160-48e7-9a7d-8b154baa4dec,2025-05-29,16:48:55,2025-05-29T16:48:55Z,2025-05-29T16:48:55Z,NA,v3,NA,NA,NA,"Duarte, Christian",10064346,R,LAK_C,38f1d114-a879-48d6-9015-074cfc7f4afd,54.73792,-121.49426,12.48808,5.29563,-3.39733,-14.34814,-2.44134,8.12327,-2.15021,NA,NA,NA,NA,NA,NA,NA,NA,NA,NA,NA,NA,NA,NA,NA,NA,NA,NA,NA,NA,NA,NA,NA,NA,NA,NA,NA,NA,NA,NA,NA,NA,NA,NA,NA,NA,NA,NA,NA,NA,NA,NA,NA,NA,NA,NA,NA,NA,NA,NA,High,High,High,NA,NA,NA,NA,NA,NA,NA,NA,NA,NA,NA,NA,NA,NA,NA,NA,NA,NA,NA,NA,NA,NA,NA,NA,NA,NA,NA,NA,NA,NA,NA,NA,NA,NA,NA,NA,NA,NA,NA,NA,NA,NA,NA,NA,NA,NA,NA,NA,NA,NA,NA,NA,NA,NA,NA,NA,NA,NA
NA,NA,NA,NA,NA,NA,NA,NA,NA,NA,NA,NA,NA,NA,NA,NA,180,2025-05-29,12:49:20,12,2,"Ciemny, Nate",10065109,Right,LAK_C,"Crisp, JD",825759,Left,NWL_KG,Undefined,4,Bottom,1,1,0,Undefined,Four-Seam,BallCalled,Undefined,Undefined,Undefined,0,0,NA,87.88937,-2.191947,-1.232884,2105.122557,217.292288,01:15:00,5.44761,2.14209,5.96065,-16.45304,20.2404,14.37363,2.04252,2.19649,79.08249,-5.36869,1.350404,0.435979,NA,NA,NA,NA,NA,NA,NA,NA,NA,NA,NA,-7.75457,11.4856,-2.05214,50,5.26452,2.135,-127.37999,-5.30781,-12.51664,30.4609,-13.63514,NWL_KG,LAK_C,HOMERSTRYKER,NWL,NWL,20250529-HOMERSTRYKER-1,dde773a0-3cac-11f0-a835-f9cb0487f947,86.45468,NA,NA,8.80687,NA,NA,NA,NA,NA,NA,45d07472-c160-48e7-9a7d-8b154baa4dec,2025-05-29,16:49:20,2025-05-29T16:49:20Z,2025-05-29T16:49:20Z,NA,v3,NA,NA,NA,"Duarte, Christian",10064346,R,LAK_C,449cc316-bb1a-4bae-8332-421830fe837b,54.53515,-128.45992,15.23045,5.44413,-4.8244,-6.81757,-2.1357,2.57875,-6.25832,NA,NA,NA,NA,NA,NA,NA,NA,NA,NA,NA,NA,NA,NA,NA,NA,NA,NA,NA,NA,NA,NA,NA,NA,NA,NA,NA,NA,NA,NA,NA,NA,NA,NA,NA,NA,NA,NA,NA,NA,NA,NA,NA,NA,NA,NA,NA,NA,NA,NA,High,High,High,NA,NA,NA,NA,NA,NA,NA,NA,NA,NA,NA,NA,NA,NA,NA,NA,NA,NA,NA,NA,NA,NA,NA,NA,NA,NA,NA,NA,NA,NA,NA,NA,NA,NA,NA,NA,NA,NA,NA,NA,NA,NA,NA,NA,NA,NA,NA,NA,NA,NA,NA,NA,NA,NA,NA,NA,NA,NA
NA,NA,NA,NA,NA,NA,NA,NA,NA,NA,NA,NA,NA,NA,NA,NA,181,2025-05-29,12:49:43,12,3,"Ciemny, Nate",10065109,Right,LAK_C,"Crisp, JD",825759,Left,NWL_KG,Undefined,4,Bottom,1,2,0,Undefined,Four-Seam,BallCalled,Undefined,Undefined,Undefined,0,0,NA,86.37456,-1.215584,-0.213582,2117.391874,210.872509,01:00:00,5.5109,2.14596,5.78909,-18.8097,19.13871,10.65091,2.81242,2.83485,78.20429,-4.8012,1.694595,0.443372,NA,NA,NA,NA,NA,NA,NA,NA,NA,NA,NA,-5.45166,10.49501,-2.13461,50,5.39963,0.01258,-125.29415,-3.19183,-8.57754,27.73429,-15.66146,NWL_KG,LAK_C,HOMERSTRYKER,NWL,NWL,20250529-HOMERSTRYKER-1,eb43dca0-3cac-11f0-a835-f9cb0487f947,85.01316,NA,NA,8.17027,NA,NA,NA,NA,NA,NA,45d07472-c160-48e7-9a7d-8b154baa4dec,2025-05-29,16:49:43,2025-05-29T16:49:43Z,2025-05-29T16:49:43Z,NA,v3,NA,NA,NA,"Duarte, Christian",10064346,R,LAK_C,11f0e989-a69c-49b8-8c14-5a9b1ed06b17,54.706,-126.33154,13.86715,5.50806,-2.60602,-7.83073,-2.14108,0.33342,-4.28877,NA,NA,NA,NA,NA,NA,NA,NA,NA,NA,NA,NA,NA,NA,NA,NA,NA,NA,NA,NA,NA,NA,NA,NA,NA,NA,NA,NA,NA,NA,NA,NA,NA,NA,NA,NA,NA,NA,NA,NA,NA,NA,NA,NA,NA,NA,NA,NA,NA,NA,High,High,High,NA,NA,NA,NA,NA,NA,NA,NA,NA,NA,NA,NA,NA,NA,NA,NA,NA,NA,NA,NA,NA,NA,NA,NA,NA,NA,NA,NA,NA,NA,NA,NA,NA,NA,NA,NA,NA,NA,NA,NA,NA,NA,NA,NA,NA,NA,NA,NA,NA,NA,NA,NA,NA,NA,NA,NA,NA,NA
NA,NA,NA,NA,NA,NA,NA,NA,NA,NA,NA,NA,NA,NA,NA,NA,182,2025-05-29,12:50:24,12,4,"Ciemny, Nate",10065109,Right,LAK_C,"Crisp, JD",825759,Left,NWL_KG,Undefined,4,Bottom,1,3,0,Undefined,Slider,StrikeCalled,Undefined,Undefined,Undefined,0,0,NA,81.85693,0.62555,-2.478047,2119.708805,192.819846,12:30:00,5.08521,2.56407,5.71569,-33.0199,8.86934,1.72803,2.91686,0.39819,75.10774,-5.483342,-2.169357,0.465825,NA,NA,NA,NA,NA,NA,NA,NA,NA,NA,NA,-1.54658,4.73441,-2.35782,50,5.11716,5.07379,-118.81811,0.23237,-2.21756,22.12579,-25.38557,NWL_KG,LAK_C,HOMERSTRYKER,NWL,NWL,20250529-HOMERSTRYKER-1,03f48290-3cad-11f0-a835-f9cb0487f947,80.91546,NA,NA,6.74919,NA,NA,NA,NA,NA,NA,45d07472-c160-48e7-9a7d-8b154baa4dec,2025-05-29,16:50:24,2025-05-29T16:50:24Z,2025-05-29T16:50:24Z,NA,v3,NA,NA,NA,"Duarte, Christian",10064346,R,LAK_C,e596517b-0652-4cca-9d27-34f455e142e6,54.78241,-119.70535,11.06289,5.08742,1.25033,-12.69279,-2.56306,5.16271,-1.10878,NA,NA,NA,NA,NA,NA,NA,NA,NA,NA,NA,NA,NA,NA,NA,NA,NA,NA,NA,NA,NA,NA,NA,NA,NA,NA,NA,NA,NA,NA,NA,NA,NA,NA,NA,NA,NA,NA,NA,NA,NA,NA,NA,NA,NA,NA,NA,NA,NA,NA,High,High,High,NA,NA,NA,NA,NA,NA,NA,NA,NA,NA,NA,NA,NA,NA,NA,NA,NA,NA,NA,NA,NA,NA,NA,NA,NA,NA,NA,NA,NA,NA,NA,NA,NA,NA,NA,NA,NA,NA,NA,NA,NA,NA,NA,NA,NA,NA,NA,NA,NA,NA,NA,NA,NA,NA,NA,NA,NA,NA
NA,NA,NA,NA,NA,NA,NA,NA,NA,NA,NA,NA,NA,NA,NA,NA,183,2025-05-29,12:50:46,12,5,"Ciemny, Nate",10065109,Right,LAK_C,"Crisp, JD",825759,Left,NWL_KG,Undefined,4,Bottom,1,3,1,Undefined,Slider,FoulBallNotFieldable,Undefined,Undefined,Undefined,0,0,NA,81.18619,0.115864,-2.736641,2225.543572,171.370091,11:45:00,5.21973,2.39597,5.49799,-31.04899,11.77709,-1.59516,2.74082,-0.29864,74.75985,-5.608925,-3.020262,0.471005,58.40467,35.314338,-158.137767,4832.087729,-104.19531,21.35071,-35.26096,140.88308,77.12914,-161.635657,2.460151,0.09654,6.29406,-2.15543,50,5.20892,5.69528,-117.83813,-0.77118,0.13651,21.16334,-23.27221,NWL_KG,LAK_C,HOMERSTRYKER,NWL,NWL,20250529-HOMERSTRYKER-1,10f4e8e0-3cad-11f0-a835-f9cb0487f947,80.02553,29.75647,NA,6.42634,NA,NA,NA,2.3754,2.69316,0.40047,45d07472-c160-48e7-9a7d-8b154baa4dec,2025-05-29,16:50:46,2025-05-29T16:50:46Z,2025-05-29T16:50:46Z,LineDrive,v3,NA,NA,NA,"Duarte, Christian",10064346,R,LAK_C,276c2bcc-177d-4428-978d-6d302a4abdbc,55.00142,-118.73297,10.58167,5.22073,0.21283,-11.63611,-2.39612,5.6895,0.06825,32.283997,2.37546,-64.87609,3.01575,0.4742,0.18353,-0.43793,0.29813,-0.08823,0.00968,2.69321,49.51419,-25.28427,2.88667,-0.52505,0.0551,-0.01345,0.00921,-0.00166,0.40044,-26.02738,5.57803,-1.60808,0.41821,-0.13092,0.0624,-0.02143,0.00281,NA,NA,NA,NA,NA,NA,NA,NA,NA,NA,NA,NA,NA,NA,NA,NA,NA,NA,NA,NA,NA,NA,High,High,High,High,Medium,NA,NA,NA,NA,NA,NA,NA,NA,NA,NA,NA,NA,NA,NA,NA,NA,NA,NA,NA,NA,NA,NA,NA,NA,NA,NA,NA,NA,NA,NA,NA,NA,NA,NA,NA,NA,NA,NA,NA,NA,NA,NA,NA,NA,NA,NA,NA,NA,NA,NA,NA,NA,NA,NA,NA,NA
NA,NA,NA,NA,NA,NA,NA,NA,NA,NA,NA,NA,NA,NA,NA,NA,184,2025-05-29,12:51:13,12,6,"Ciemny, Nate",10065109,Right,LAK_C,"Crisp, JD",825759,Left,NWL_KG,Undefined,4,Bottom,1,3,2,Undefined,Four-Seam,FoulBallNotFieldable,Undefined,Undefined,Undefined,0,0,NA,85.49344,-0.703213,-2.931396,1949.008971,208.405182,01:00:00,5.19026,2.20156,5.85835,-25.17541,12.68327,6.28835,2.43809,-2.5e-4,79.13576,-5.380459,-1.805331,0.442848,NA,NA,NA,NA,NA,NA,NA,NA,NA,NA,NA,-3.94729,6.9954,-1.96733,50,5.1183,6.1125,-124.21153,-2.3281,-6.24527,21.91541,-21.10619,NWL_KG,LAK_C,HOMERSTRYKER,NWL,NWL,20250529-HOMERSTRYKER-1,21083480-3cad-11f0-a835-f9cb0487f947,85.11381,NA,NA,6.35767,NA,NA,NA,NA,NA,NA,45d07472-c160-48e7-9a7d-8b154baa4dec,2025-05-29,16:51:13,2025-05-29T16:51:13Z,2025-05-29T16:51:13Z,NA,v3,NA,NA,NA,"Duarte, Christian",10064346,R,LAK_C,a5ede262-e31c-4540-b1cc-deb95d0cc3b2,54.64184,-125.02784,10.95771,5.19038,-1.54194,-10.5531,-2.19934,6.34512,-3.12263,NA,NA,NA,NA,NA,NA,NA,NA,NA,NA,NA,NA,NA,NA,NA,NA,NA,NA,NA,NA,NA,NA,NA,NA,NA,NA,NA,NA,NA,NA,NA,NA,NA,NA,NA,NA,NA,NA,NA,NA,NA,NA,NA,NA,NA,NA,NA,NA,NA,NA,High,High,High,NA,NA,NA,NA,NA,NA,NA,NA,NA,NA,NA,NA,NA,NA,NA,NA,NA,NA,NA,NA,NA,NA,NA,NA,NA,NA,NA,NA,NA,NA,NA,NA,NA,NA,NA,NA,NA,NA,NA,NA,NA,NA,NA,NA,NA,NA,NA,NA,NA,NA,NA,NA,NA,NA,NA,NA,NA,NA
NA,NA,NA,NA,NA,NA,NA,NA,NA,NA,NA,NA,NA,NA,NA,NA,185,2025-05-29,12:51:42,12,7,"Ciemny, Nate",10065109,Right,LAK_C,"Crisp, JD",825759,Left,NWL_KG,Undefined,4,Bottom,1,3,2,Undefined,Slider,StrikeSwinging,Strikeout,Undefined,Undefined,0,0,NA,80.39965,1.019066,-1.962179,2100.813885,152.183255,11:00:00,5.16133,2.35698,5.64218,-34.15927,9.05977,-4.14107,3.26601,0.18079,74.29883,-5.275064,-2.700986,0.473161,NA,NA,NA,NA,NA,NA,NA,NA,NA,NA,NA,1.61386,4.72874,-2.18765,50,5.22607,4.16316,-116.80427,0.97803,2.25316,19.82142,-25.57212,NWL_KG,LAK_C,HOMERSTRYKER,NWL,NWL,20250529-HOMERSTRYKER-1,327c6fb0-3cad-11f0-a835-f9cb0487f947,79.66091,NA,NA,6.10082,NA,NA,NA,NA,NA,NA,45d07472-c160-48e7-9a7d-8b154baa4dec,2025-05-29,16:51:42,2025-05-29T16:51:42Z,2025-05-29T16:51:42Z,NA,v3,NA,NA,NA,"Duarte, Christian",10064346,R,LAK_C,c55b7bac-51c5-4e11-8da7-cf0c5d006eb0,54.8566,-117.62554,9.91071,5.16359,2.03757,-12.78606,-2.35821,4.0698,1.12658,NA,NA,NA,NA,NA,NA,NA,NA,NA,NA,NA,NA,NA,NA,NA,NA,NA,NA,NA,NA,NA,NA,NA,NA,NA,NA,NA,NA,NA,NA,NA,NA,NA,NA,NA,NA,NA,NA,NA,NA,NA,NA,NA,NA,NA,NA,NA,NA,NA,NA,High,High,High,NA,NA,NA,NA,NA,NA,NA,NA,NA,NA,NA,NA,NA,NA,NA,NA,NA,NA,NA,NA,NA,NA,NA,NA,NA,NA,NA,NA,NA,NA,NA,NA,NA,NA,NA,NA,NA,NA,NA,NA,NA,NA,NA,NA,NA,NA,NA,NA,NA,NA,NA,NA,NA,NA,NA,NA,NA,NA
NA,NA,NA,NA,NA,NA,NA,NA,NA,NA,NA,NA,NA,NA,NA,NA,186,2025-05-29,12:52:21,13,1,"Ciemny, Nate",10065109,Right,LAK_C,"Williams, Daniel",10019032,Right,NWL_KG,Undefined,4,Bottom,2,0,0,Undefined,Slider,StrikeCalled,Undefined,Undefined,Undefined,0,0,NA,80.73891,0.411945,-2.014979,2160.21929,172.002187,11:45:00,5.23709,2.30283,5.26113,-35.09163,8.72674,-1.03654,2.70005,0.32262,74.08648,-6.020279,-2.198691,0.476431,NA,NA,NA,NA,NA,NA,NA,NA,NA,NA,NA,-0.02783,4.66579,-2.11749,50,5.24908,4.16411,-117.14195,-0.36012,-0.03876,21.61165,-25.67467,NWL_KG,LAK_C,HOMERSTRYKER,NWL,NWL,20250529-HOMERSTRYKER-1,49c01820-3cad-11f0-a835-f9cb0487f947,79.11422,NA,NA,6.65244,NA,NA,NA,NA,NA,NA,45d07472-c160-48e7-9a7d-8b154baa4dec,2025-05-29,16:52:21,2025-05-29T16:52:21Z,2025-05-29T16:52:21Z,NA,v3,NA,NA,NA,"Duarte, Christian",10064346,R,LAK_C,73c216ef-4fe9-474d-b28c-6a73489c3a9f,55.23655,-118.10409,10.80583,5.23967,0.78291,-12.83733,-2.30292,4.16583,-0.01938,NA,NA,NA,NA,NA,NA,NA,NA,NA,NA,NA,NA,NA,NA,NA,NA,NA,NA,NA,NA,NA,NA,NA,NA,NA,NA,NA,NA,NA,NA,NA,NA,NA,NA,NA,NA,NA,NA,NA,NA,NA,NA,NA,NA,NA,NA,NA,NA,NA,NA,High,High,High,NA,NA,NA,NA,NA,NA,NA,NA,NA,NA,NA,NA,NA,NA,NA,NA,NA,NA,NA,NA,NA,NA,NA,NA,NA,NA,NA,NA,NA,NA,NA,NA,NA,NA,NA,NA,NA,NA,NA,NA,NA,NA,NA,NA,NA,NA,NA,NA,NA,NA,NA,NA,NA,NA,NA,NA,NA,NA
NA,NA,NA,NA,NA,NA,NA,NA,NA,NA,NA,NA,NA,NA,NA,NA,187,2025-05-29,12:52:42,13,2,"Ciemny, Nate",10065109,Right,LAK_C,"Williams, Daniel",10019032,Right,NWL_KG,Undefined,4,Bottom,2,0,1,Undefined,Slider,StrikeSwinging,Undefined,Undefined,Undefined,0,0,NA,80.88185,-0.421744,-1.970802,2151.693239,169.562291,11:45:00,5.34277,2.23113,5.14373,-33.3677,10.74339,-1.71291,2.1648,0.23207,73.87272,-6.542996,-2.273842,0.478019,NA,NA,NA,NA,NA,NA,NA,NA,NA,NA,NA,0.285,5.90363,-2.04522,50,5.27792,4.10653,-117.24986,-2.0121000000000002,0.39537,22.87988,-23.98394,NWL_KG,LAK_C,HOMERSTRYKER,NWL,NWL,20250529-HOMERSTRYKER-1,56751d90-3cad-11f0-a835-f9cb0487f947,78.85132,NA,NA,7.00912,NA,NA,NA,NA,NA,NA,45d07472-c160-48e7-9a7d-8b154baa4dec,2025-05-29,16:52:42,2025-05-29T16:52:42Z,2025-05-29T16:52:42Z,NA,v3,NA,NA,NA,"Duarte, Christian",10064346,R,LAK_C,8a7b45e8-7cf7-49a2-824a-1eb6bcac3d8f,55.35302,-118.28983,11.43994,5.3446,-0.92195,-11.99197,-2.2314600000000002,4.08855,0.19769,NA,NA,NA,NA,NA,NA,NA,NA,NA,NA,NA,NA,NA,NA,NA,NA,NA,NA,NA,NA,NA,NA,NA,NA,NA,NA,NA,NA,NA,NA,NA,NA,NA,NA,NA,NA,NA,NA,NA,NA,NA,NA,NA,NA,NA,NA,NA,NA,NA,NA,High,High,High,NA,NA,NA,NA,NA,NA,NA,NA,NA,NA,NA,NA,NA,NA,NA,NA,NA,NA,NA,NA,NA,NA,NA,NA,NA,NA,NA,NA,NA,NA,NA,NA,NA,NA,NA,NA,NA,NA,NA,NA,NA,NA,NA,NA,NA,NA,NA,NA,NA,NA,NA,NA,NA,NA,NA,NA,NA,NA
NA,NA,NA,NA,NA,NA,NA,NA,NA,NA,NA,NA,NA,NA,NA,NA,188,2025-05-29,12:53:05,13,3,"Ciemny, Nate",10065109,Right,LAK_C,"Williams, Daniel",10019032,Right,NWL_KG,Undefined,4,Bottom,2,0,2,Undefined,Four-Seam,BallCalled,Undefined,Undefined,Undefined,0,0,NA,87.1324,-0.894868,-3.103829,2148.066948,210.423008,01:00:00,5.61516,1.8737,5.89218,-18.01922,19.02529,10.44229,3.28141,-0.14075,79.14303,-4.334924,-1.233489,0.43806,NA,NA,NA,NA,NA,NA,NA,NA,NA,NA,NA,-6.21154,10.34276,-1.62932,50,5.53261,6.40839,-126.31954,-2.47927,-9.98854,26.87785,-15.54219,NWL_KG,LAK_C,HOMERSTRYKER,NWL,NWL,20250529-HOMERSTRYKER-1,6421f080-3cad-11f0-a835-f9cb0487f947,86.04407,NA,NA,7.98937,NA,NA,NA,NA,NA,NA,45d07472-c160-48e7-9a7d-8b154baa4dec,2025-05-29,16:53:05,2025-05-29T16:53:05Z,2025-05-29T16:53:05Z,NA,v3,NA,NA,NA,"Duarte, Christian",10064346,R,LAK_C,7d5038c2-b975-4bd3-9c68-15b002d65eea,54.60396,-127.29538,13.43892,5.61238,-1.91498,-7.7711,-1.86857,6.77104,-4.99427,NA,NA,NA,NA,NA,NA,NA,NA,NA,NA,NA,NA,NA,NA,NA,NA,NA,NA,NA,NA,NA,NA,NA,NA,NA,NA,NA,NA,NA,NA,NA,NA,NA,NA,NA,NA,NA,NA,NA,NA,NA,NA,NA,NA,NA,NA,NA,NA,NA,NA,High,High,High,NA,NA,NA,NA,NA,NA,NA,NA,NA,NA,NA,NA,NA,NA,NA,NA,NA,NA,NA,NA,NA,NA,NA,NA,NA,NA,NA,NA,NA,NA,NA,NA,NA,NA,NA,NA,NA,NA,NA,NA,NA,NA,NA,NA,NA,NA,NA,NA,NA,NA,NA,NA,NA,NA,NA,NA,NA,NA
NA,NA,NA,NA,NA,NA,NA,NA,NA,NA,NA,NA,NA,NA,NA,NA,189,2025-05-29,12:53:30,13,4,"Ciemny, Nate",10065109,Right,LAK_C,"Williams, Daniel",10019032,Right,NWL_KG,Undefined,4,Bottom,2,1,2,Undefined,Curveball,BallCalled,Undefined,Undefined,Undefined,0,0,NA,74.3378,0.121171,-2.663551,2100.632401,73.836496,08:30:00,5.03711,2.18234,5.49445,-53.71227,-1.85925,-12.35371,0.67455,-1.34046,68.15726,-9.65059,-4.863415,0.518273,NA,NA,NA,NA,NA,NA,NA,NA,NA,NA,NA,5.40988,-0.45268,-1.94064,50,5.01159,5.47087,-107.77367,-1.48012,6.29501,20.59559,-32.70079,NWL_KG,LAK_C,HOMERSTRYKER,NWL,NWL,20250529-HOMERSTRYKER-1,72ef9cc0-3cad-11f0-a835-f9cb0487f947,72.72704,NA,NA,6.18053,NA,NA,NA,NA,NA,NA,45d07472-c160-48e7-9a7d-8b154baa4dec,2025-05-29,16:53:30,2025-05-29T16:53:30Z,2025-05-29T16:53:30Z,NA,v3,NA,NA,NA,"Duarte, Christian",10064346,R,LAK_C,aecb8138-5597-4654-aeca-0458629daffa,55.00467,-108.72586,10.297790000000001,5.04508,0.03173,-16.35039,-2.18684,5.17983,3.14751,NA,NA,NA,NA,NA,NA,NA,NA,NA,NA,NA,NA,NA,NA,NA,NA,NA,NA,NA,NA,NA,NA,NA,NA,NA,NA,NA,NA,NA,NA,NA,NA,NA,NA,NA,NA,NA,NA,NA,NA,NA,NA,NA,NA,NA,NA,NA,NA,NA,NA,High,High,High,NA,NA,NA,NA,NA,NA,NA,NA,NA,NA,NA,NA,NA,NA,NA,NA,NA,NA,NA,NA,NA,NA,NA,NA,NA,NA,NA,NA,NA,NA,NA,NA,NA,NA,NA,NA,NA,NA,NA,NA,NA,NA,NA,NA,NA,NA,NA,NA,NA,NA,NA,NA,NA,NA,NA,NA,NA,NA
NA,NA,NA,NA,NA,NA,NA,NA,NA,NA,NA,NA,NA,NA,NA,NA,190,2025-05-29,12:53:56,13,5,"Ciemny, Nate",10065109,Right,LAK_C,"Williams, Daniel",10019032,Right,NWL_KG,Undefined,4,Bottom,2,2,2,Undefined,Curveball,BallCalled,Undefined,Undefined,Undefined,0,0,NA,73.9223,0.426384,-0.131673,2187.103516,69.403854,08:15:00,5.23802,2.32276,5.12511,-58.13141,-4.72256,-17.6143,0.79534,0.73089,67.32011,-10.101495,-3.256895,0.525991,NA,NA,NA,NA,NA,NA,NA,NA,NA,NA,NA,8.80993,-2.055,-2.2958,50,5.23267,0.91159,-107.18095,-1.13018,10.06293,21.64856,-34.52132,NWL_KG,LAK_C,HOMERSTRYKER,NWL,NWL,20250529-HOMERSTRYKER-1,82353820-3cad-11f0-a835-f9cb0487f947,71.65992,NA,NA,6.60219,NA,NA,NA,NA,NA,NA,45d07472-c160-48e7-9a7d-8b154baa4dec,2025-05-29,16:53:56,2025-05-29T16:53:56Z,2025-05-29T16:53:56Z,NA,v3,NA,NA,NA,"Duarte, Christian",10064346,R,LAK_C,f5a00d3d-ca86-4f93-b910-115bc3d9e73b,55.37557,-108.26127,10.82428,5.24609,0.59253,-17.26066,-2.32876,0.40942,5.03147,NA,NA,NA,NA,NA,NA,NA,NA,NA,NA,NA,NA,NA,NA,NA,NA,NA,NA,NA,NA,NA,NA,NA,NA,NA,NA,NA,NA,NA,NA,NA,NA,NA,NA,NA,NA,NA,NA,NA,NA,NA,NA,NA,NA,NA,NA,NA,NA,NA,NA,High,High,High,NA,NA,NA,NA,NA,NA,NA,NA,NA,NA,NA,NA,NA,NA,NA,NA,NA,NA,NA,NA,NA,NA,NA,NA,NA,NA,NA,NA,NA,NA,NA,NA,NA,NA,NA,NA,NA,NA,NA,NA,NA,NA,NA,NA,NA,NA,NA,NA,NA,NA,NA,NA,NA,NA,NA,NA,NA,NA
NA,NA,NA,NA,NA,NA,NA,NA,NA,NA,NA,NA,NA,NA,NA,NA,191,2025-05-29,12:54:19,13,6,"Ciemny, Nate",10065109,Right,LAK_C,"Williams, Daniel",10019032,Right,NWL_KG,Undefined,4,Bottom,2,3,2,Undefined,Slider,StrikeCalled,Strikeout,Undefined,Undefined,0,0,NA,79.5298,1.018753,-2.156909,2091.440823,149.05418,11:00:00,5.11393,2.34774,5.48226,-38.54782,7.27252,-3.32961,2.85556,0.05125,71.41504,-6.123462,-2.749211,0.487193,NA,NA,NA,NA,NA,NA,NA,NA,NA,NA,NA,0.93457,3.83386,-2.15622,50,5.17773,4.47121,-115.10493,0.7858,1.22769,25.51874,-27.13771,NWL_KG,LAK_C,HOMERSTRYKER,NWL,NWL,20250529-HOMERSTRYKER-1,902b7020-3cad-11f0-a835-f9cb0487f947,77.36662,NA,NA,8.11476,NA,NA,NA,NA,NA,NA,45d07472-c160-48e7-9a7d-8b154baa4dec,2025-05-29,16:54:19,2025-05-29T16:54:19Z,2025-05-29T16:54:19Z,NA,v3,NA,NA,NA,"Duarte, Christian",10064346,R,LAK_C,534ea131-c00d-46f6-be6f-954bb685cb2d,55.01169,-116.21072,12.75937,5.1182,1.96173,-13.56886,-2.34882,4.41801,0.61385,NA,NA,NA,NA,NA,NA,NA,NA,NA,NA,NA,NA,NA,NA,NA,NA,NA,NA,NA,NA,NA,NA,NA,NA,NA,NA,NA,NA,NA,NA,NA,NA,NA,NA,NA,NA,NA,NA,NA,NA,NA,NA,NA,NA,NA,NA,NA,NA,NA,NA,High,High,High,NA,NA,NA,NA,NA,NA,NA,NA,NA,NA,NA,NA,NA,NA,NA,NA,NA,NA,NA,NA,NA,NA,NA,NA,NA,NA,NA,NA,NA,NA,NA,NA,NA,NA,NA,NA,NA,NA,NA,NA,NA,NA,NA,NA,NA,NA,NA,NA,NA,NA,NA,NA,NA,NA,NA,NA,NA,NA
NA,NA,NA,NA,NA,NA,NA,NA,NA,NA,NA,NA,NA,NA,NA,NA,192,2025-05-29,12:57:19,1,1,"Kruse, Wilson",10090996,Left,NWL_KG,"Senior, Collin",1000273575,Right,LAK_C,Undefined,5,Top,0,0,0,Undefined,Four-Seam,InPlay,Undefined,GroundBall,Out,1,0,NA,81.88357,-1.972318,1.758657,2186.655315,176.597909,12:00:00,6.37344,-1.37899,5.742,-24.69836,17.21733,-0.94421,2.47723,0.18031,75.11369,-6.58554,1.589694,0.465972,NA,NA,NA,NA,NA,NA,NA,NA,NA,NA,NA,0.9711,9.7317,1.23331,50,6.19429,-3.61207,-118.83085,-4.8323,1.38912,22.68484,-18.25336,NWL_KG,LAK_C,HOMERSTRYKER,NWL,NWL,20250529-HOMERSTRYKER-1,fb39bfc0-3cad-11f0-a835-f9cb0487f947,80.88992,NA,NA,6.76988,NA,NA,NA,NA,NA,NA,45d07472-c160-48e7-9a7d-8b154baa4dec,2025-05-29,16:57:19,2025-05-29T16:57:19Z,2025-05-29T16:57:19Z,NA,v3,NA,NA,NA,"Garner, Coleman",90000255834,Right,NWL_KG,64fb89c8-e4b1-468d-bc10-9d4f356cc1d9,54.75647,-119.73542,11.34242,6.37247,-4.10444,-9.12668,1.37844,-3.66746,0.69456,NA,NA,NA,NA,NA,NA,NA,NA,NA,NA,NA,NA,NA,NA,NA,NA,NA,NA,NA,NA,NA,NA,NA,NA,NA,NA,NA,NA,NA,NA,NA,NA,NA,NA,NA,NA,NA,NA,NA,NA,NA,NA,NA,NA,NA,NA,NA,NA,NA,NA,High,High,High,NA,NA,NA,NA,NA,NA,NA,NA,NA,NA,NA,NA,NA,NA,NA,NA,NA,NA,NA,NA,NA,NA,NA,NA,NA,NA,NA,NA,NA,NA,NA,NA,NA,NA,NA,NA,NA,NA,NA,NA,NA,NA,NA,NA,NA,NA,NA,NA,NA,NA,NA,NA,NA,NA,NA,NA,NA,NA
NA,NA,NA,NA,NA,NA,NA,NA,NA,NA,NA,NA,NA,NA,NA,NA,193,2025-05-29,12:57:53,2,1,"Kruse, Wilson",10090996,Left,NWL_KG,"Kowes, Jacob",1000336232,Left,LAK_C,Undefined,5,Top,1,0,0,Undefined,Cutter,BallCalled,Undefined,Undefined,Undefined,0,0,NA,82.15489,-0.201348,0.356296,2252.625438,179.610067,12:00:00,6.29218,-1.50502,5.71535,-27.43927,13.93001,-0.08646,3.81801,-1.18031,75.63782,-5.304907,0.340823,0.462925,NA,NA,NA,NA,NA,NA,NA,NA,NA,NA,NA,0.13598,7.52087,1.47528,50,6.25838,-0.73903,-119.39319,-1.27607,0.19762,21.51305,-21.24376,NWL_KG,LAK_C,HOMERSTRYKER,NWL,NWL,20250529-HOMERSTRYKER-1,0f704f40-3cae-11f0-a835-f9cb0487f947,81.42241,NA,NA,6.51707,NA,NA,NA,NA,NA,NA,45d07472-c160-48e7-9a7d-8b154baa4dec,2025-05-29,16:57:53,2025-05-29T16:57:53Z,2025-05-29T16:57:53Z,NA,v3,NA,NA,NA,"Garner, Coleman",90000255834,Right,NWL_KG,283fb9be-a277-4702-8775-2d7e2893ec40,54.78238,-120.25182,10.75653,6.29239,-0.42819,-10.62188,1.50493,-0.74691,0.09881,NA,NA,NA,NA,NA,NA,NA,NA,NA,NA,NA,NA,NA,NA,NA,NA,NA,NA,NA,NA,NA,NA,NA,NA,NA,NA,NA,NA,NA,NA,NA,NA,NA,NA,NA,NA,NA,NA,NA,NA,NA,NA,NA,NA,NA,NA,NA,NA,NA,NA,High,High,High,NA,NA,NA,NA,NA,NA,NA,NA,NA,NA,NA,NA,NA,NA,NA,NA,NA,NA,NA,NA,NA,NA,NA,NA,NA,NA,NA,NA,NA,NA,NA,NA,NA,NA,NA,NA,NA,NA,NA,NA,NA,NA,NA,NA,NA,NA,NA,NA,NA,NA,NA,NA,NA,NA,NA,NA,NA,NA
NA,NA,NA,NA,NA,NA,NA,NA,NA,NA,NA,NA,NA,NA,NA,NA,194,2025-05-29,12:58:06,2,2,"Kruse, Wilson",10090996,Left,NWL_KG,"Kowes, Jacob",1000336232,Left,LAK_C,Undefined,5,Top,1,1,0,Undefined,Slider,BallCalled,Undefined,Undefined,Undefined,0,0,NA,80.8621,0.908103,0.392122,2262.378131,158.666071,11:15:00,6.25577,-1.21089,5.76806,-31.89974,10.81339,-3.72335,4.44267,-1.15624,74.25259,-5.015584,-0.274611,0.470384,NA,NA,NA,NA,NA,NA,NA,NA,NA,NA,NA,1.99504,5.67122,1.18071,50,6.3116,-0.65838,-117.48624,0.86366,2.80138,21.29163,-24.21059,NWL_KG,LAK_C,HOMERSTRYKER,NWL,NWL,20250529-HOMERSTRYKER-1,17862a10-3cae-11f0-a835-f9cb0487f947,80.13127,NA,NA,6.60951,NA,NA,NA,NA,NA,NA,45d07472-c160-48e7-9a7d-8b154baa4dec,2025-05-29,16:58:06,2025-05-29T16:58:06Z,2025-05-29T16:58:06Z,NA,v3,NA,NA,NA,"Garner, Coleman",90000255834,Right,NWL_KG,bc0d2ed0-473e-437e-853f-0dfff6d91440,54.72945,-118.34024,10.64581,6.25748,1.83474,-12.1053,1.20937,-0.77074,1.40069,NA,NA,NA,NA,NA,NA,NA,NA,NA,NA,NA,NA,NA,NA,NA,NA,NA,NA,NA,NA,NA,NA,NA,NA,NA,NA,NA,NA,NA,NA,NA,NA,NA,NA,NA,NA,NA,NA,NA,NA,NA,NA,NA,NA,NA,NA,NA,NA,NA,NA,High,High,High,NA,NA,NA,NA,NA,NA,NA,NA,NA,NA,NA,NA,NA,NA,NA,NA,NA,NA,NA,NA,NA,NA,NA,NA,NA,NA,NA,NA,NA,NA,NA,NA,NA,NA,NA,NA,NA,NA,NA,NA,NA,NA,NA,NA,NA,NA,NA,NA,NA,NA,NA,NA,NA,NA,NA,NA,NA,NA
NA,NA,NA,NA,NA,NA,NA,NA,NA,NA,NA,NA,NA,NA,NA,NA,195,2025-05-29,12:58:23,2,3,"Kruse, Wilson",10090996,Left,NWL_KG,"Kowes, Jacob",1000336232,Left,LAK_C,Undefined,5,Top,1,2,0,Undefined,Slider,BallCalled,Undefined,Undefined,Undefined,0,0,NA,80.60985,1.04965,0.600923,2265.84021,162.815279,11:30:00,6.26987,-1.1885,5.77203,-30.44588,12.44182,-3.45945,4.70966,-0.91757,74.13475,-4.612268,-0.01848,0.471344,NA,NA,NA,NA,NA,NA,NA,NA,NA,NA,NA,1.91717,6.46146,1.14095,50,6.33819,-1.09488,-117.13995,1.2087,2.68211,20.70566,-23.13441,NWL_KG,LAK_C,HOMERSTRYKER,NWL,NWL,20250529-HOMERSTRYKER-1,218c6330-3cae-11f0-a835-f9cb0487f947,79.96807,NA,NA,6.4751,NA,NA,NA,NA,NA,NA,45d07472-c160-48e7-9a7d-8b154baa4dec,2025-05-29,16:58:23,2025-05-29T16:58:23Z,2025-05-29T16:58:23Z,NA,v3,NA,NA,NA,"Garner, Coleman",90000255834,Right,NWL_KG,d9944ecd-f1c9-44cb-bcdf-4437102ec500,54.72598,-117.97236,10.35283,6.27091,2.13874,-11.56721,1.18713,-1.20271,1.34105,NA,NA,NA,NA,NA,NA,NA,NA,NA,NA,NA,NA,NA,NA,NA,NA,NA,NA,NA,NA,NA,NA,NA,NA,NA,NA,NA,NA,NA,NA,NA,NA,NA,NA,NA,NA,NA,NA,NA,NA,NA,NA,NA,NA,NA,NA,NA,NA,NA,NA,High,High,High,NA,NA,NA,NA,NA,NA,NA,NA,NA,NA,NA,NA,NA,NA,NA,NA,NA,NA,NA,NA,NA,NA,NA,NA,NA,NA,NA,NA,NA,NA,NA,NA,NA,NA,NA,NA,NA,NA,NA,NA,NA,NA,NA,NA,NA,NA,NA,NA,NA,NA,NA,NA,NA,NA,NA,NA,NA,NA
NA,NA,NA,NA,NA,NA,NA,NA,NA,NA,NA,NA,NA,NA,NA,NA,196,2025-05-29,12:58:40,2,4,"Kruse, Wilson",10090996,Left,NWL_KG,"Kowes, Jacob",1000336232,Left,LAK_C,Undefined,5,Top,1,3,0,Undefined,Four-Seam,BallCalled,Walk,Undefined,Undefined,0,0,NA,81.01439,-1.271942,0.467809,2073.476377,174.633922,11:45:00,6.37608,-1.26603,6.04724,-25.87753,16.26934,-1.40646,3.04187,-0.95014,74.48585,-6.126428,0.214515,0.467255,NA,NA,NA,NA,NA,NA,NA,NA,NA,NA,NA,0.85236,9.12808,1.23038,50,6.26308,-0.90916,-117.73778,-3.34773,1.20025,21.68688,-19.32026,NWL_KG,LAK_C,HOMERSTRYKER,NWL,NWL,20250529-HOMERSTRYKER-1,2bdf83d0-3cae-11f0-a835-f9cb0487f947,80.66781,NA,NA,6.52854,NA,NA,NA,NA,NA,NA,45d07472-c160-48e7-9a7d-8b154baa4dec,2025-05-29,16:58:40,2025-05-29T16:58:40Z,2025-05-29T16:58:40Z,NA,v3,NA,NA,NA,"Garner, Coleman",90000255834,Right,NWL_KG,ef8f73ad-da85-4d86-b10f-acfa500a4de5,54.45095,-118.55479,10.84344,6.37549,-2.61987,-9.66013,1.26548,-0.95438,0.60012,NA,NA,NA,NA,NA,NA,NA,NA,NA,NA,NA,NA,NA,NA,NA,NA,NA,NA,NA,NA,NA,NA,NA,NA,NA,NA,NA,NA,NA,NA,NA,NA,NA,NA,NA,NA,NA,NA,NA,NA,NA,NA,NA,NA,NA,NA,NA,NA,NA,NA,High,High,High,NA,NA,NA,NA,NA,NA,NA,NA,NA,NA,NA,NA,NA,NA,NA,NA,NA,NA,NA,NA,NA,NA,NA,NA,NA,NA,NA,NA,NA,NA,NA,NA,NA,NA,NA,NA,NA,NA,NA,NA,NA,NA,NA,NA,NA,NA,NA,NA,NA,NA,NA,NA,NA,NA,NA,NA,NA,NA
NA,NA,NA,NA,NA,NA,NA,NA,NA,NA,NA,NA,NA,NA,NA,NA,197,2025-05-29,12:59:14,3,1,"Kruse, Wilson",10090996,Left,NWL_KG,"Sacchetti, Anthony",10006255,Right,LAK_C,Undefined,5,Top,1,0,0,Undefined,Changeup,BallCalled,Undefined,Undefined,Undefined,0,0,NA,79.8474,-1.072511,0.237264,2152.67514,157.956725,11:15:00,6.35754,-1.26593,5.97541,-30.35911,13.10237,-4.77146,2.83325,-1.4436,73.56146,-6.723664,-0.621219,0.474486,NA,NA,NA,NA,NA,NA,NA,NA,NA,NA,NA,2.51102,7.43091,1.24977,50,6.25584,-0.30251,-116.04517,-3.06566,3.43924,20.81753,-21.99632,NWL_KG,LAK_C,HOMERSTRYKER,NWL,NWL,20250529-HOMERSTRYKER-1,3fad1850-3cae-11f0-a835-f9cb0487f947,79.43844,NA,NA,6.28594,NA,NA,NA,NA,NA,NA,45d07472-c160-48e7-9a7d-8b154baa4dec,2025-05-29,16:59:14,2025-05-29T16:59:14Z,2025-05-29T16:59:14Z,NA,v3,NA,NA,NA,"Garner, Coleman",90000255834,Right,NWL_KG,63f8c78a-f387-4238-bf05-f7d0540e8ceb,54.52231,-116.85362,10.40877,6.3583,-2.21144,-10.99816,1.26411,-0.43607,1.71962,NA,NA,NA,NA,NA,NA,NA,NA,NA,NA,NA,NA,NA,NA,NA,NA,NA,NA,NA,NA,NA,NA,NA,NA,NA,NA,NA,NA,NA,NA,NA,NA,NA,NA,NA,NA,NA,NA,NA,NA,NA,NA,NA,NA,NA,NA,NA,NA,NA,NA,High,High,High,NA,NA,NA,NA,NA,NA,NA,NA,NA,NA,NA,NA,NA,NA,NA,NA,NA,NA,NA,NA,NA,NA,NA,NA,NA,NA,NA,NA,NA,NA,NA,NA,NA,NA,NA,NA,NA,NA,NA,NA,NA,NA,NA,NA,NA,NA,NA,NA,NA,NA,NA,NA,NA,NA,NA,NA,NA,NA
NA,NA,NA,NA,NA,NA,NA,NA,NA,NA,NA,NA,NA,NA,NA,NA,198,2025-05-29,12:59:29,3,2,"Kruse, Wilson",10090996,Left,NWL_KG,"Sacchetti, Anthony",10006255,Right,LAK_C,Undefined,5,Top,1,1,0,Undefined,Slider,BallCalled,Undefined,Undefined,Undefined,0,0,NA,79.74173,1.919068,0.568088,2226.376067,179.153081,12:00:00,6.32415,-1.14504,5.75806,-33.46407,10.29316,-0.13394,5.32254,-0.6274,73.48444,-4.281318,0.544123,0.476098,NA,NA,NA,NA,NA,NA,NA,NA,NA,NA,NA,0.2102,5.14965,1.09804,50,6.46282,-1.1438,-115.87105,2.84262,0.28857,19.65305,-25.10398,NWL_KG,LAK_C,HOMERSTRYKER,NWL,NWL,20250529-HOMERSTRYKER-1,4906bdc0-3cae-11f0-a835-f9cb0487f947,79.16952,NA,NA,6.25729,NA,NA,NA,NA,NA,NA,45d07472-c160-48e7-9a7d-8b154baa4dec,2025-05-29,16:59:29,2025-05-29T16:59:29Z,2025-05-29T16:59:29Z,NA,v3,NA,NA,NA,"Garner, Coleman",90000255834,Right,NWL_KG,e1e087c1-8ad3-4b11-b331-afb39d8e99e7,54.74058,-116.67234,9.82653,6.32606,3.86615,-12.55199,1.14492,-1.15556,0.14428,NA,NA,NA,NA,NA,NA,NA,NA,NA,NA,NA,NA,NA,NA,NA,NA,NA,NA,NA,NA,NA,NA,NA,NA,NA,NA,NA,NA,NA,NA,NA,NA,NA,NA,NA,NA,NA,NA,NA,NA,NA,NA,NA,NA,NA,NA,NA,NA,NA,NA,High,High,High,NA,NA,NA,NA,NA,NA,NA,NA,NA,NA,NA,NA,NA,NA,NA,NA,NA,NA,NA,NA,NA,NA,NA,NA,NA,NA,NA,NA,NA,NA,NA,NA,NA,NA,NA,NA,NA,NA,NA,NA,NA,NA,NA,NA,NA,NA,NA,NA,NA,NA,NA,NA,NA,NA,NA,NA,NA,NA
NA,NA,NA,NA,NA,NA,NA,NA,NA,NA,NA,NA,NA,NA,NA,NA,199,2025-05-29,12:59:51,3,3,"Kruse, Wilson",10090996,Left,NWL_KG,"Sacchetti, Anthony",10006255,Right,LAK_C,Undefined,5,Top,1,2,0,Undefined,Slider,BallCalled,Undefined,Undefined,Undefined,0,0,NA,80.00415,0.371998,0.976985,2114.398419,172.625122,11:45:00,6.35301,-1.50166,6.03043,-32.38183,10.62697,-1.21614,3.99908,-0.69817,73.88061,-5.650663,0.758112,0.472009,NA,NA,NA,NA,NA,NA,NA,NA,NA,NA,NA,0.87161,5.77063,1.42597,50,6.36444,-1.93892,-116.33843,-0.20821,1.20535,19.97706,-24.19375,NWL_KG,LAK_C,HOMERSTRYKER,NWL,NWL,20250529-HOMERSTRYKER-1,55cb5390-3cae-11f0-a835-f9cb0487f947,79.85537,NA,NA,6.12355,NA,NA,NA,NA,NA,NA,45d07472-c160-48e7-9a7d-8b154baa4dec,2025-05-29,16:59:51,2025-05-29T16:59:51Z,2025-05-29T16:59:51Z,NA,v3,NA,NA,NA,"Garner, Coleman",90000255834,Right,NWL_KG,acd9ffa2-edbe-4d88-9f45-7c0790c57202,54.46795,-117.10313,9.98853,6.35469,0.7179,-12.09687,1.50107,-1.98506,0.60268,NA,NA,NA,NA,NA,NA,NA,NA,NA,NA,NA,NA,NA,NA,NA,NA,NA,NA,NA,NA,NA,NA,NA,NA,NA,NA,NA,NA,NA,NA,NA,NA,NA,NA,NA,NA,NA,NA,NA,NA,NA,NA,NA,NA,NA,NA,NA,NA,NA,NA,High,High,High,NA,NA,NA,NA,NA,NA,NA,NA,NA,NA,NA,NA,NA,NA,NA,NA,NA,NA,NA,NA,NA,NA,NA,NA,NA,NA,NA,NA,NA,NA,NA,NA,NA,NA,NA,NA,NA,NA,NA,NA,NA,NA,NA,NA,NA,NA,NA,NA,NA,NA,NA,NA,NA,NA,NA,NA,NA,NA
NA,NA,NA,NA,NA,NA,NA,NA,NA,NA,NA,NA,NA,NA,NA,NA,200,2025-05-29,13:00:12,3,4,"Kruse, Wilson",10090996,Left,NWL_KG,"Sacchetti, Anthony",10006255,Right,LAK_C,Undefined,5,Top,1,3,0,Undefined,Slider,StrikeCalled,Undefined,Undefined,Undefined,0,0,NA,79.75126,-0.263691,1.070673,2092.637797,200.171322,12:45:00,6.32263,-1.26001,5.76225,-33.12966,10.69646,3.45642,3.31636,0.02466,73.59645,-6.388848,1.68971,0.476473,NA,NA,NA,NA,NA,NA,NA,NA,NA,NA,NA,-1.48583,5.92457,1.16923,50,6.28065,-2.29766,-115.90298,-1.56243,-2.03488,20.28545,-24.06023,NWL_KG,LAK_C,HOMERSTRYKER,NWL,NWL,20250529-HOMERSTRYKER-1,62644580-3cae-11f0-a835-f9cb0487f947,79.10724,NA,NA,6.15481,NA,NA,NA,NA,NA,NA,45d07472-c160-48e7-9a7d-8b154baa4dec,2025-05-29,17:00:12,2025-05-29T17:00:12Z,2025-05-29T17:00:12Z,NA,v3,NA,NA,NA,"Garner, Coleman",90000255834,Right,NWL_KG,7a73b9b7-2cf5-4d0d-80ad-353f3ed145be,54.73612,-116.72896,10.14272,6.32432,-0.58275,-12.03012,1.26109,-2.21481,-1.01744,NA,NA,NA,NA,NA,NA,NA,NA,NA,NA,NA,NA,NA,NA,NA,NA,NA,NA,NA,NA,NA,NA,NA,NA,NA,NA,NA,NA,NA,NA,NA,NA,NA,NA,NA,NA,NA,NA,NA,NA,NA,NA,NA,NA,NA,NA,NA,NA,NA,NA,High,High,High,NA,NA,NA,NA,NA,NA,NA,NA,NA,NA,NA,NA,NA,NA,NA,NA,NA,NA,NA,NA,NA,NA,NA,NA,NA,NA,NA,NA,NA,NA,NA,NA,NA,NA,NA,NA,NA,NA,NA,NA,NA,NA,NA,NA,NA,NA,NA,NA,NA,NA,NA,NA,NA,NA,NA,NA,NA,NA
NA,NA,NA,NA,NA,NA,NA,NA,NA,NA,NA,NA,NA,NA,NA,NA,201,2025-05-29,13:00:28,3,5,"Kruse, Wilson",10090996,Left,NWL_KG,"Sacchetti, Anthony",10006255,Right,LAK_C,Undefined,5,Top,1,3,1,Undefined,Cutter,BallCalled,Walk,Undefined,Undefined,0,0,NA,82.53279,-3.045701,0.951141,2235.776546,191.427055,12:30:00,6.32833,-1.11657,5.96798,-27.83482,12.7445,2.33862,1.18189,-0.03976,76.61102,-8.187798,1.371997,0.458484,NA,NA,NA,NA,NA,NA,NA,NA,NA,NA,NA,-0.97075,7.68772,1.0399,50,6.07117,-2.07782,-119.86855,-7.22661,-1.42622,21.04543,-20.87924,NWL_KG,LAK_C,HOMERSTRYKER,NWL,NWL,20250529-HOMERSTRYKER-1,6bf85be0-3cae-11f0-a835-f9cb0487f947,82.21111,NA,NA,5.92177,NA,NA,NA,NA,NA,NA,45d07472-c160-48e7-9a7d-8b154baa4dec,2025-05-29,17:00:28,2025-05-29T17:00:28Z,2025-05-29T17:00:28Z,NA,v3,NA,NA,NA,"Garner, Coleman",90000255834,Right,NWL_KG,9f3f4448-fe12-46f8-85e4-10751553285b,54.53157,-120.66154,10.52271,6.32865,-6.43988,-10.43962,1.11718,-2.02408,-0.71311,NA,NA,NA,NA,NA,NA,NA,NA,NA,NA,NA,NA,NA,NA,NA,NA,NA,NA,NA,NA,NA,NA,NA,NA,NA,NA,NA,NA,NA,NA,NA,NA,NA,NA,NA,NA,NA,NA,NA,NA,NA,NA,NA,NA,NA,NA,NA,NA,NA,NA,High,High,High,NA,NA,NA,NA,NA,NA,NA,NA,NA,NA,NA,NA,NA,NA,NA,NA,NA,NA,NA,NA,NA,NA,NA,NA,NA,NA,NA,NA,NA,NA,NA,NA,NA,NA,NA,NA,NA,NA,NA,NA,NA,NA,NA,NA,NA,NA,NA,NA,NA,NA,NA,NA,NA,NA,NA,NA,NA,NA
NA,NA,NA,NA,NA,NA,NA,NA,NA,NA,NA,NA,NA,NA,NA,NA,202,2025-05-29,13:03:46,4,1,"Brassfield, Bryce",1000299025,Right,NWL_KG,"Rasmussen, Brody",1000396940,Right,LAK_C,Undefined,5,Top,1,0,0,Undefined,Four-Seam,FoulBallNotFieldable,Undefined,Undefined,Undefined,0,0,NA,91.44009,-2.392329,-2.61516,2312.444015,190.901822,12:15:00,5.55466,2.12862,6.47311,-11.59969,20.93651,3.84429,2.38749,0.04571,84.07643,-4.653771,-1.918846,0.410539,NA,NA,NA,NA,NA,NA,NA,NA,NA,NA,NA,-2.68291,11.86985,-1.94594,50,5.38028,5.91199,-132.80405,-5.80561,-4.82366,26.65286,-10.8331,NWL_KG,LAK_C,HOMERSTRYKER,NWL,NWL,20250529-HOMERSTRYKER-1,e20ca160-3cae-11f0-a835-f9cb0487f947,91.81203,NA,NA,7.36367,NA,NA,NA,NA,NA,NA,45d07472-c160-48e7-9a7d-8b154baa4dec,2025-05-29,17:03:46,2025-05-29T17:03:46Z,2025-05-29T17:03:46Z,NA,v3,NA,NA,NA,"Garner, Coleman",90000255834,Right,NWL_KG,ce80d1a0-48be-429b-9611-d6f907fa736e,54.02531,-133.60946,13.32643,5.55077,-5.47825,-5.41655,-2.12679,6.05775,-2.41183,NA,NA,NA,NA,NA,NA,NA,NA,NA,NA,NA,NA,NA,NA,NA,NA,NA,NA,NA,NA,NA,NA,NA,NA,NA,NA,NA,NA,NA,NA,NA,NA,NA,NA,NA,NA,NA,NA,NA,NA,NA,NA,NA,NA,NA,NA,NA,NA,NA,NA,High,High,High,NA,NA,NA,NA,NA,NA,NA,NA,NA,NA,NA,NA,NA,NA,NA,NA,NA,NA,NA,NA,NA,NA,NA,NA,NA,NA,NA,NA,NA,NA,NA,NA,NA,NA,NA,NA,NA,NA,NA,NA,NA,NA,NA,NA,NA,NA,NA,NA,NA,NA,NA,NA,NA,NA,NA,NA,NA,NA
NA,NA,NA,NA,NA,NA,NA,NA,NA,NA,NA,NA,NA,NA,NA,NA,203,2025-05-29,13:04:07,4,2,"Brassfield, Bryce",1000299025,Right,NWL_KG,"Rasmussen, Brody",1000396940,Right,LAK_C,Undefined,5,Top,1,0,1,Undefined,Four-Seam,StrikeSwinging,Undefined,Undefined,Undefined,0,0,NA,91.69907,-1.827928,-2.644542,2397.899322,188.085338,12:15:00,5.60469,2.05991,6.60853,-12.24812,19.9706,2.69835,2.90733,-0.13927,84.16711,-4.216168,-2.15458,0.408531,NA,NA,NA,NA,NA,NA,NA,NA,NA,NA,NA,-2.11248,11.27485,-1.88084,50,5.47444,6.04673,-133.22516,-4.52186,-3.81483,27.34048,-11.81329,NWL_KG,LAK_C,HOMERSTRYKER,NWL,NWL,20250529-HOMERSTRYKER-1,ee7de710-3cae-11f0-a835-f9cb0487f947,92.26326,NA,NA,7.53196,NA,NA,NA,NA,NA,NA,45d07472-c160-48e7-9a7d-8b154baa4dec,2025-05-29,17:04:07,2025-05-29T17:04:07Z,2025-05-29T17:04:07Z,NA,v3,NA,NA,NA,"Garner, Coleman",90000255834,Right,NWL_KG,1df289ac-e371-44e6-8c5a-67d56b30ce2f,53.88946,-134.02098,13.67024,5.60106,-4.178,-5.90664,-2.05846,6.15777,-1.90741,NA,NA,NA,NA,NA,NA,NA,NA,NA,NA,NA,NA,NA,NA,NA,NA,NA,NA,NA,NA,NA,NA,NA,NA,NA,NA,NA,NA,NA,NA,NA,NA,NA,NA,NA,NA,NA,NA,NA,NA,NA,NA,NA,NA,NA,NA,NA,NA,NA,NA,High,High,High,NA,NA,NA,NA,NA,NA,NA,NA,NA,NA,NA,NA,NA,NA,NA,NA,NA,NA,NA,NA,NA,NA,NA,NA,NA,NA,NA,NA,NA,NA,NA,NA,NA,NA,NA,NA,NA,NA,NA,NA,NA,NA,NA,NA,NA,NA,NA,NA,NA,NA,NA,NA,NA,NA,NA,NA,NA,NA
NA,NA,NA,NA,NA,NA,NA,NA,NA,NA,NA,NA,NA,NA,NA,NA,204,2025-05-29,13:04:25,4,3,"Brassfield, Bryce",1000299025,Right,NWL_KG,"Rasmussen, Brody",1000396940,Right,LAK_C,Undefined,5,Top,1,0,2,Undefined,Four-Seam,InPlay,Undefined,GroundBall,Out,2,0,NA,91.68377,-2.58143,-2.287695,2272.314854,213.284016,01:00:00,5.67439,1.8867,6.59723,-18.53139,13.553,8.29264,1.7616,0.48073,84.76957,-6.088174,-0.77999,0.407679,96.25692,-11.176756,-35.124478,NA,NA,NA,NA,10.54141,4.4901,-32.134891,0.064364,-4.96335,8.08103,-1.73384,50,5.49003,5.00944,-133.27224,-6.53779,-9.01439,26.00948,-17.49742,NWL_KG,LAK_C,HOMERSTRYKER,NWL,NWL,20250529-HOMERSTRYKER-1,f9967a90-3cae-11f0-a835-f9cb0487f947,92.45619,1.76343,NA,6.9142,NA,NA,NA,1.62668,1.76343,-0.4721,45d07472-c160-48e7-9a7d-8b154baa4dec,2025-05-29,17:04:25,2025-05-29T17:04:25Z,2025-05-29T17:04:25Z,GroundBall,v3,NA,NA,NA,"Garner, Coleman",90000255834,Right,NWL_KG,6b40ff09-608a-4c99-b862-0f2432607b57,53.90334,-134.03185,13.00474,5.67351,-6.02677,-8.74871,-1.88399,5.27271,-4.5072,180,1.62528,113.41367,NA,NA,NA,NA,NA,NA,NA,1.76377,-27.39772,NA,NA,NA,NA,NA,NA,NA,-0.47112,-79.78087,NA,NA,NA,NA,NA,NA,NA,NA,NA,NA,NA,NA,NA,NA,NA,NA,NA,NA,NA,NA,NA,NA,NA,NA,NA,NA,NA,NA,NA,High,High,High,Low,Low,NA,NA,NA,NA,NA,NA,NA,NA,NA,NA,NA,NA,NA,NA,NA,NA,NA,NA,NA,NA,NA,NA,NA,NA,NA,NA,NA,NA,NA,NA,NA,NA,NA,NA,NA,NA,NA,NA,NA,NA,NA,NA,NA,NA,NA,NA,NA,NA,NA,NA,NA,NA,NA,NA,NA,NA
NA,NA,NA,NA,NA,NA,NA,NA,NA,NA,NA,NA,NA,NA,NA,NA,205,2025-05-29,13:07:33,1,1,"Bretza, Zander",1000213092,Right,LAK_C,"Acres, Brodey",1000233797,Right,NWL_KG,Undefined,5,Bottom,0,0,0,Undefined,Four-Seam,StrikeCalled,Undefined,Undefined,Undefined,0,0,NA,89.44291,-1.699591,-2.734953,2164.198388,205.803111,12:45:00,5.40988,1.90675,6.34765,-17.13773,16.77162,7.65508,2.41498,0.02516,82.84217,-4.949044,-1.351208,0.419113,NA,NA,NA,NA,NA,NA,NA,NA,NA,NA,NA,-4.63496,9.44579,-1.71147,50,5.27793,5.90991,-130.01564,-4.33653,-8.04712,23.60839,-15.77449,NWL_KG,LAK_C,HOMERSTRYKER,NWL,NWL,20250529-HOMERSTRYKER-1,695c10b0-3caf-11f0-a835-f9cb0487f947,89.93381,NA,NA,6.60074,NA,NA,NA,NA,NA,NA,45d07472-c160-48e7-9a7d-8b154baa4dec,2025-05-29,17:07:33,2025-05-29T17:07:33Z,2025-05-29T17:07:33Z,NA,v3,NA,NA,NA,"Duarte, Christian",10064346,R,LAK_C,610f7aaf-d465-4529-b517-96bf4667c93e,54.15186,-130.76737,11.80419,5.40802,-3.83425,-7.88724,-1.90373,6.16615,-4.02356,NA,NA,NA,NA,NA,NA,NA,NA,NA,NA,NA,NA,NA,NA,NA,NA,NA,NA,NA,NA,NA,NA,NA,NA,NA,NA,NA,NA,NA,NA,NA,NA,NA,NA,NA,NA,NA,NA,NA,NA,NA,NA,NA,NA,NA,NA,NA,NA,NA,NA,High,High,High,NA,NA,NA,NA,NA,NA,NA,NA,NA,NA,NA,NA,NA,NA,NA,NA,NA,NA,NA,NA,NA,NA,NA,NA,NA,NA,NA,NA,NA,NA,NA,NA,NA,NA,NA,NA,NA,NA,NA,NA,NA,NA,NA,NA,NA,NA,NA,NA,NA,NA,NA,NA,NA,NA,NA,NA,NA,NA
NA,NA,NA,NA,NA,NA,NA,NA,NA,NA,NA,NA,NA,NA,NA,NA,206,2025-05-29,13:07:47,1,2,"Bretza, Zander",1000213092,Right,LAK_C,"Acres, Brodey",1000233797,Right,NWL_KG,Undefined,5,Bottom,0,0,1,Undefined,Curveball,BallCalled,Undefined,Undefined,Undefined,0,0,NA,74.94317,0.70868,-2.209931,2179.517036,77.2735,08:30:00,5.09589,1.94017,5.89025,-50.77038,-0.89575,-10.85091,1.52356,-1.01702,68.975,-8.609071,-4.156805,0.50829,NA,NA,NA,NA,NA,NA,NA,NA,NA,NA,NA,4.90579,-0.15512,-1.7559,50,5.12409,4.58627,-108.81858,-0.18972,5.8627,19.6929,-32.35943,NWL_KG,LAK_C,HOMERSTRYKER,NWL,NWL,20250529-HOMERSTRYKER-1,7191cf90-3caf-11f0-a835-f9cb0487f947,74.15544,NA,NA,5.96817,NA,NA,NA,NA,NA,NA,45d07472-c160-48e7-9a7d-8b154baa4dec,2025-05-29,17:07:47,2025-05-29T17:07:47Z,2025-05-29T17:07:47Z,NA,v3,NA,NA,NA,"Duarte, Christian",10064346,R,LAK_C,d01e9525-ba19-41f4-b24f-2eb3f9350f0d,54.60916,-109.64952,9.84645,5.10329,1.1757,-16.17972,-1.9442,4.33889,2.93135,NA,NA,NA,NA,NA,NA,NA,NA,NA,NA,NA,NA,NA,NA,NA,NA,NA,NA,NA,NA,NA,NA,NA,NA,NA,NA,NA,NA,NA,NA,NA,NA,NA,NA,NA,NA,NA,NA,NA,NA,NA,NA,NA,NA,NA,NA,NA,NA,NA,NA,High,High,High,NA,NA,NA,NA,NA,NA,NA,NA,NA,NA,NA,NA,NA,NA,NA,NA,NA,NA,NA,NA,NA,NA,NA,NA,NA,NA,NA,NA,NA,NA,NA,NA,NA,NA,NA,NA,NA,NA,NA,NA,NA,NA,NA,NA,NA,NA,NA,NA,NA,NA,NA,NA,NA,NA,NA,NA,NA,NA
NA,NA,NA,NA,NA,NA,NA,NA,NA,NA,NA,NA,NA,NA,NA,NA,207,2025-05-29,13:08:00,1,3,"Bretza, Zander",1000213092,Right,LAK_C,"Acres, Brodey",1000233797,Right,NWL_KG,Undefined,5,Bottom,0,1,1,Undefined,Curveball,BallCalled,Undefined,Undefined,Undefined,0,0,NA,76.04127,-0.199789,-2.347214,2340.075741,71.405694,08:30:00,5.20864,1.8489,5.81476,-50.96058,-2.38453,-11.55512,0.776,-1.29775,70.18163,-9.506182,-4.418862,0.501629,NA,NA,NA,NA,NA,NA,NA,NA,NA,NA,NA,5.22516,-0.68484,-1.64975,50,5.16216,4.94418,-110.41342,-1.97285,6.42877,20.27325,-33.01665,NWL_KG,LAK_C,HOMERSTRYKER,NWL,NWL,20250529-HOMERSTRYKER-1,79b713b0-3caf-11f0-a835-f9cb0487f947,75.14011,NA,NA,5.85963,NA,NA,NA,NA,NA,NA,45d07472-c160-48e7-9a7d-8b154baa4dec,2025-05-29,17:08:00,2025-05-29T17:08:00Z,2025-05-29T17:08:00Z,NA,v3,NA,NA,NA,"Duarte, Christian",10064346,R,LAK_C,3251e93d-be9d-483d-abd1-343a43549365,54.68536,-111.27038,10.13662,5.21605,-0.57721,-16.50832,-1.853,4.67243,3.21438,NA,NA,NA,NA,NA,NA,NA,NA,NA,NA,NA,NA,NA,NA,NA,NA,NA,NA,NA,NA,NA,NA,NA,NA,NA,NA,NA,NA,NA,NA,NA,NA,NA,NA,NA,NA,NA,NA,NA,NA,NA,NA,NA,NA,NA,NA,NA,NA,NA,NA,High,High,High,NA,NA,NA,NA,NA,NA,NA,NA,NA,NA,NA,NA,NA,NA,NA,NA,NA,NA,NA,NA,NA,NA,NA,NA,NA,NA,NA,NA,NA,NA,NA,NA,NA,NA,NA,NA,NA,NA,NA,NA,NA,NA,NA,NA,NA,NA,NA,NA,NA,NA,NA,NA,NA,NA,NA,NA,NA,NA
NA,NA,NA,NA,NA,NA,NA,NA,NA,NA,NA,NA,NA,NA,NA,NA,208,2025-05-29,13:08:17,1,4,"Bretza, Zander",1000213092,Right,LAK_C,"Acres, Brodey",1000233797,Right,NWL_KG,Undefined,5,Bottom,0,2,1,Undefined,Changeup,FoulBallNotFieldable,Undefined,Undefined,Undefined,0,0,NA,86.08123,-0.692623,-2.113275,1943.097924,234.12409,01:45:00,5.07904,1.88758,6.00863,-25.5582,12.32698,15.23206,2.30705,1.1982,78.02849,-5.502527,0.626183,0.443002,60.60618,55.203663,124.145363,5787.479938,NA,NA,NA,NA,40.2226,NA,NA,-8.50745,6.93418,-1.73,50,5.01074,3.9984,-124.91448,-2.29701,-13.3004,27.63673,-21.33329,NWL_KG,LAK_C,HOMERSTRYKER,NWL,NWL,20250529-HOMERSTRYKER-1,835cdd50-3caf-11f0-a835-f9cb0487f947,85.08407,47.39297,NA,8.05274,NA,NA,NA,0.6308,2.28769,-1.18186,45d07472-c160-48e7-9a7d-8b154baa4dec,2025-05-29,17:08:17,2025-05-29T17:08:17Z,2025-05-29T17:08:17Z,NA,v3,NA,NA,NA,"Duarte, Christian",10064346,R,LAK_C,86bc8359-130f-4cf3-bbe2-68d019776015,54.48952,-125.90385,13.81837,5.0793,-1.53331,-10.66664,-1.88166,4.47454,-6.6502,329.286068,0.6308,-28.4728,-3.38732,1.59698,0.0827,-0.40068,-0.02823,0.2938,-0.13263,2.28769,72.9938,-26.64859,3.00467,-0.36299,-0.03133,-0.21879,0.29696,-0.11013,-1.18186,41.98124,-6.44783,0.63125,-0.11102,0.12573,-0.15034,0.08682,-0.02098,NA,NA,NA,NA,NA,NA,NA,NA,NA,NA,NA,NA,NA,NA,NA,NA,NA,NA,NA,NA,NA,NA,High,High,High,High,Undefined,NA,NA,NA,NA,NA,NA,NA,NA,NA,NA,NA,NA,NA,NA,NA,NA,NA,NA,NA,NA,NA,NA,NA,NA,NA,NA,NA,NA,NA,NA,NA,NA,NA,NA,NA,NA,NA,NA,NA,NA,NA,NA,NA,NA,NA,NA,NA,NA,NA,NA,NA,NA,NA,NA,NA,NA
NA,NA,NA,NA,NA,NA,NA,NA,NA,NA,NA,NA,NA,NA,NA,NA,209,2025-05-29,13:08:40,1,5,"Bretza, Zander",1000213092,Right,LAK_C,"Acres, Brodey",1000233797,Right,NWL_KG,Undefined,5,Bottom,0,2,2,Undefined,Four-Seam,StrikeSwinging,Strikeout,Undefined,Undefined,0,0,NA,91.99788,-1.223006,-3.372022,2593.563116,202.217241,12:45:00,5.26995,1.87964,6.08445,-11.34607,21.76541,8.42315,3.19089,-0.54156,83.22414,-3.461931,-1.859023,0.414153,NA,NA,NA,NA,NA,NA,NA,NA,NA,NA,NA,-5.30969,11.86245,-1.6232,50,5.16902,7.48336,-133.3175,-3.09106,-9.47945,30.80979,-10.99591,NWL_KG,LAK_C,HOMERSTRYKER,NWL,NWL,20250529-HOMERSTRYKER-1,91394bc0-3caf-11f0-a835-f9cb0487f947,91.01097,NA,NA,8.77374,NA,NA,NA,NA,NA,NA,45d07472-c160-48e7-9a7d-8b154baa4dec,2025-05-29,17:08:40,2025-05-29T17:08:40Z,2025-05-29T17:08:40Z,NA,v3,NA,NA,NA,"Duarte, Christian",10064346,R,LAK_C,d4f1419d-564f-44fe-b677-fcc649d06c1e,54.41085,-134.33298,15.4049,5.26493,-2.72864,-5.49795,-1.875,7.7958,-4.73972,NA,NA,NA,NA,NA,NA,NA,NA,NA,NA,NA,NA,NA,NA,NA,NA,NA,NA,NA,NA,NA,NA,NA,NA,NA,NA,NA,NA,50.16928,NA,NA,1.419238,NA,NA,NA,-2.11728,6.03832,1.18425,70.36115,2.74612,-54.41401,-2.0407,56.881100000000004,-4.1571,6.1195,18.87258,-15.00108,1.1707,-41.19274,1.43255,High,High,High,NA,NA,High,High,High,NA,NA,NA,NA,NA,NA,NA,NA,NA,NA,NA,NA,NA,NA,NA,NA,NA,NA,NA,NA,NA,NA,NA,NA,NA,NA,NA,NA,NA,NA,NA,NA,NA,NA,NA,NA,NA,NA,NA,NA,NA,NA,NA,NA,NA,NA,NA,NA,NA,NA,NA,NA,NA
NA,NA,NA,NA,NA,NA,NA,NA,NA,NA,NA,NA,NA,NA,NA,NA,210,2025-05-29,13:09:12,2,1,"Bretza, Zander",1000213092,Right,LAK_C,"Rodriguez, Evan",1000115944,Right,NWL_KG,Undefined,5,Bottom,1,0,0,Undefined,Changeup,InPlay,Undefined,LineDrive,Single,0,0,NA,80.40474,-0.238157,-3.59879,1758.082322,242.278422,02:00:00,5.05944,1.90758,6.09431,-32.22746,10.47119,17.49158,2.1531,0.03214,74.04232,-6.238534,-0.453059,0.470304,90.52524,6.88709,-0.473827,2644.557237,NA,NA,NA,NA,55.37489,NA,NA,-10.00859,5.84902,-1.63941,50,5.02391,6.70793,-116.74784,-1.43496,-13.8995,20.70117,-24.05119,NWL_KG,LAK_C,HOMERSTRYKER,NWL,NWL,20250529-HOMERSTRYKER-1,a48b2090-3caf-11f0-a835-f9cb0487f947,80.14491,6.26369,NA,6.36242,NA,NA,NA,1.48786,2.2156,-0.06179,45d07472-c160-48e7-9a7d-8b154baa4dec,2025-05-29,17:09:12,2025-05-29T17:09:12Z,2025-05-29T17:09:12Z,NA,v3,NA,NA,NA,"Duarte, Christian",10064346,R,LAK_C,b074840c-8e7e-4ed9-a55f-f7fb2817e442,54.4063,-117.52655,10.35058,5.06087,-0.53024,-12.02559,-1.90157,7.23078,-6.94975,240.181066,1.50191,131.37534,-17.99097,NA,NA,NA,NA,NA,NA,2.21969,15.79591,-14.97617,NA,NA,NA,NA,NA,NA,-0.06674,-0.937,4.18152,NA,NA,NA,NA,NA,NA,NA,NA,NA,NA,NA,NA,NA,NA,NA,NA,NA,NA,NA,NA,NA,NA,NA,NA,NA,NA,NA,NA,High,High,High,High,Undefined,NA,NA,NA,NA,NA,NA,NA,NA,NA,NA,NA,NA,NA,NA,NA,NA,NA,NA,NA,NA,NA,NA,NA,NA,NA,NA,NA,NA,NA,NA,NA,NA,NA,NA,NA,NA,NA,NA,NA,NA,NA,NA,NA,NA,NA,NA,NA,NA,NA,NA,NA,NA,NA,NA,NA,NA
NA,NA,NA,NA,NA,NA,NA,NA,NA,NA,NA,NA,NA,NA,NA,NA,211,2025-05-29,13:09:56,3,1,"Bretza, Zander",1000213092,Right,LAK_C,"Johnson, Trevor",815427,Left,NWL_KG,Undefined,5,Bottom,1,0,0,Undefined,Curveball,StrikeCalled,Undefined,Undefined,Undefined,0,0,NA,73.96488,2.088486,-0.899139,2164.216238,75.513424,08:30:00,5.11444,2.33202,5.35078,-53.73979,-1.63398,-12.48812,2.59607,0.44795,68.01417,-7.696456,-3.118183,0.519535,NA,NA,NA,NA,NA,NA,NA,NA,NA,NA,NA,6.02831,-0.93673,-2.2418,50,5.26388,2.14946,-107.3591,2.18122,7.03553,18.59237,-33.26731,NWL_KG,LAK_C,HOMERSTRYKER,NWL,NWL,20250529-HOMERSTRYKER-1,beaae6e0-3caf-11f0-a835-f9cb0487f947,72.55039,NA,NA,5.95071,NA,NA,NA,NA,NA,NA,45d07472-c160-48e7-9a7d-8b154baa4dec,2025-05-29,17:09:56,2025-05-29T17:09:56Z,2025-05-29T17:09:56Z,NA,v3,NA,NA,NA,"Duarte, Christian",10064346,R,LAK_C,9ee3155f-adee-4855-9291-8f97b575f4bc,55.1498,-108.24726,9.29619,5.12173,3.77041,-16.63366,-2.33646,1.81337,3.51777,NA,NA,NA,NA,NA,NA,NA,NA,NA,NA,NA,NA,NA,NA,NA,NA,NA,NA,NA,NA,NA,NA,NA,NA,NA,NA,NA,NA,NA,NA,NA,NA,NA,NA,NA,NA,NA,NA,NA,NA,NA,NA,NA,NA,NA,NA,NA,NA,NA,NA,High,High,High,NA,NA,NA,NA,NA,NA,NA,NA,NA,NA,NA,NA,NA,NA,NA,NA,NA,NA,NA,NA,NA,NA,NA,NA,NA,NA,NA,NA,NA,NA,NA,NA,NA,NA,NA,NA,NA,NA,NA,NA,NA,NA,NA,NA,NA,NA,NA,NA,NA,NA,NA,NA,NA,NA,NA,NA,NA,NA
NA,NA,NA,NA,NA,NA,NA,NA,NA,NA,NA,NA,NA,NA,NA,NA,212,2025-05-29,13:10:17,3,2,"Bretza, Zander",1000213092,Right,LAK_C,"Johnson, Trevor",815427,Left,NWL_KG,Undefined,5,Bottom,1,0,1,Undefined,Four-Seam,BallCalled,Undefined,Undefined,Undefined,0,0,NA,90.32178,-2.813343,-4.557412,2484.601185,208.511625,01:00:00,5.21525,2.15085,6.20517,-13.42363,20.7932,10.6617,1.48953,-1.17611,82.1075,-5.42161,-2.642109,0.421009,NA,NA,NA,NA,NA,NA,NA,NA,NA,NA,NA,-6.82863,11.91764,-1.81308,50,4.99624,9.97373,-130.67873,-6.76282,-11.75588,28.67665,-11.65713,NWL_KG,LAK_C,HOMERSTRYKER,NWL,NWL,20250529-HOMERSTRYKER-1,cb074500-3caf-11f0-a835-f9cb0487f947,89.52887,NA,NA,8.21429,NA,NA,NA,NA,NA,NA,45d07472-c160-48e7-9a7d-8b154baa4dec,2025-05-29,17:10:17,2025-05-29T17:10:17Z,2025-05-29T17:10:17Z,NA,v3,NA,NA,NA,"Duarte, Christian",10064346,R,LAK_C,1acb3d87-01e4-44a8-9052-190d353f2311,54.29224,-131.61726,14.33832,5.21133,-6.3813,-5.82857,-2.1458,10.35847,-5.87794,NA,NA,NA,NA,NA,NA,NA,NA,NA,NA,NA,NA,NA,NA,NA,NA,NA,NA,NA,NA,NA,NA,NA,NA,NA,NA,NA,NA,NA,NA,NA,NA,NA,NA,NA,NA,NA,NA,NA,NA,NA,NA,NA,NA,NA,NA,NA,NA,NA,NA,High,High,High,NA,NA,NA,NA,NA,NA,NA,NA,NA,NA,NA,NA,NA,NA,NA,NA,NA,NA,NA,NA,NA,NA,NA,NA,NA,NA,NA,NA,NA,NA,NA,NA,NA,NA,NA,NA,NA,NA,NA,NA,NA,NA,NA,NA,NA,NA,NA,NA,NA,NA,NA,NA,NA,NA,NA,NA,NA,NA
NA,NA,NA,NA,NA,NA,NA,NA,NA,NA,NA,NA,NA,NA,NA,NA,213,2025-05-29,13:11:02,3,3,"Bretza, Zander",1000213092,Right,LAK_C,"Johnson, Trevor",815427,Left,NWL_KG,Undefined,5,Bottom,1,1,1,Undefined,Four-Seam,BallCalled,Undefined,Undefined,Undefined,0,0,NA,90.78339,0.82764,-1.842826,2310.622841,199.412977,12:45:00,5.28186,2.23629,5.85837,-16.36462,17.55599,5.81587,4.68753,1.00824,82.7961,-2.292891,-0.800672,0.419182,NA,NA,NA,NA,NA,NA,NA,NA,NA,NA,NA,-3.45811,9.04292,-2.09002,50,5.33942,3.98431,-131.80165,1.42517,-6.08936,27.73877,-16.25035,NWL_KG,LAK_C,HOMERSTRYKER,NWL,NWL,20250529-HOMERSTRYKER-1,e5a0cf30-3caf-11f0-a835-f9cb0487f947,89.91894,NA,NA,7.98729,NA,NA,NA,NA,NA,NA,45d07472-c160-48e7-9a7d-8b154baa4dec,2025-05-29,17:11:02,2025-05-29T17:11:02Z,2025-05-29T17:11:02Z,NA,v3,NA,NA,NA,"Duarte, Christian",10064346,R,LAK_C,ce5953ec-fb1d-48aa-a732-b412d08b6d84,54.63819,-132.77421,13.86939,5.27947,1.99493,-8.12518,-2.23346,4.19782,-3.04468,NA,NA,NA,NA,NA,NA,NA,NA,NA,NA,NA,NA,NA,NA,NA,NA,NA,NA,NA,NA,NA,NA,NA,NA,NA,NA,NA,NA,NA,NA,NA,NA,NA,NA,NA,NA,NA,NA,NA,NA,NA,NA,NA,NA,NA,NA,NA,NA,NA,NA,High,High,High,NA,NA,NA,NA,NA,NA,NA,NA,NA,NA,NA,NA,NA,NA,NA,NA,NA,NA,NA,NA,NA,NA,NA,NA,NA,NA,NA,NA,NA,NA,NA,NA,NA,NA,NA,NA,NA,NA,NA,NA,NA,NA,NA,NA,NA,NA,NA,NA,NA,NA,NA,NA,NA,NA,NA,NA,NA,NA
NA,NA,NA,NA,NA,NA,NA,NA,NA,NA,NA,NA,NA,NA,NA,NA,214,2025-05-29,13:11:26,3,4,"Bretza, Zander",1000213092,Right,LAK_C,"Johnson, Trevor",815427,Left,NWL_KG,Undefined,5,Bottom,1,2,1,Undefined,Changeup,BallCalled,Undefined,Undefined,Undefined,0,0,NA,81.9857,1.463546,-1.216606,1703.837875,245.884551,02:15:00,5.10477,2.42252,5.76113,-33.05502,9.3704,17.51351,3.713,2.74943,73.77164,-4.717334,1.918288,0.468797,NA,NA,NA,NA,NA,NA,NA,NA,NA,NA,NA,-9.19363,4.7652,-2.33194,50,5.20644,1.79806,-118.82925,1.98375,-12.93299,26.20258,-25.47069,NWL_KG,LAK_C,HOMERSTRYKER,NWL,NWL,20250529-HOMERSTRYKER-1,f4537960-3caf-11f0-a835-f9cb0487f947,80.40255,NA,NA,8.21405,NA,NA,NA,NA,NA,NA,45d07472-c160-48e7-9a7d-8b154baa4dec,2025-05-29,17:11:26,2025-05-29T17:11:26Z,2025-05-29T17:11:26Z,NA,v3,NA,NA,NA,"Duarte, Christian",10064346,R,LAK_C,17c89b05-4a8f-4671-bc8f-31e76623b153,54.73358,-119.86849,13.10129,5.10772,2.99396,-12.73535,-2.41343,2.31101,-6.4665,NA,NA,NA,NA,NA,NA,NA,NA,NA,NA,NA,NA,NA,NA,NA,NA,NA,NA,NA,NA,NA,NA,NA,NA,NA,NA,NA,NA,NA,NA,NA,NA,NA,NA,NA,NA,NA,NA,NA,NA,NA,NA,NA,NA,NA,NA,NA,NA,NA,NA,High,High,High,NA,NA,NA,NA,NA,NA,NA,NA,NA,NA,NA,NA,NA,NA,NA,NA,NA,NA,NA,NA,NA,NA,NA,NA,NA,NA,NA,NA,NA,NA,NA,NA,NA,NA,NA,NA,NA,NA,NA,NA,NA,NA,NA,NA,NA,NA,NA,NA,NA,NA,NA,NA,NA,NA,NA,NA,NA,NA
NA,NA,NA,NA,NA,NA,NA,NA,NA,NA,NA,NA,NA,NA,NA,NA,215,2025-05-29,13:11:46,3,5,"Bretza, Zander",1000213092,Right,LAK_C,"Johnson, Trevor",815427,Left,NWL_KG,Undefined,5,Bottom,1,3,1,Undefined,Four-Seam,BallCalled,Walk,Undefined,Undefined,0,0,NA,91.23098,-0.989872,-4.857079,2445.456461,219.454831,01:15:00,5.1752,2.22668,6.14578,-16.11564,17.50796,13.46556,2.91416,-1.15015,82.67862,-4.086672,-2.4419,0.417343,NA,NA,NA,NA,NA,NA,NA,NA,NA,NA,NA,-8.33386,9.64812,-1.86261,50,5.09111,10.64167,-132.03864,-2.72937,-14.62758,29.63006,-15.23966,NWL_KG,LAK_C,HOMERSTRYKER,NWL,NWL,20250529-HOMERSTRYKER-1,004bbe80-3cb0-11f0-a835-f9cb0487f947,90.31515,NA,NA,8.55236,NA,NA,NA,NA,NA,NA,45d07472-c160-48e7-9a7d-8b154baa4dec,2025-05-29,17:11:46,2025-05-29T17:11:46Z,2025-05-29T17:11:46Z,NA,v3,NA,NA,NA,"Duarte, Christian",10064346,R,LAK_C,ba8c288d-61b0-4bca-9b8e-1a22d837652b,54.35093,-133.01142,14.81503,5.1725,-2.22903,-7.61983,-2.21987,11.12191,-7.31379,NA,NA,NA,NA,NA,NA,NA,NA,NA,NA,NA,NA,NA,NA,NA,NA,NA,NA,NA,NA,NA,NA,NA,NA,NA,NA,NA,NA,NA,NA,NA,NA,NA,NA,NA,NA,NA,NA,NA,NA,NA,NA,NA,NA,NA,NA,NA,NA,NA,NA,High,High,High,NA,NA,NA,NA,NA,NA,NA,NA,NA,NA,NA,NA,NA,NA,NA,NA,NA,NA,NA,NA,NA,NA,NA,NA,NA,NA,NA,NA,NA,NA,NA,NA,NA,NA,NA,NA,NA,NA,NA,NA,NA,NA,NA,NA,NA,NA,NA,NA,NA,NA,NA,NA,NA,NA,NA,NA,NA,NA
NA,NA,NA,NA,NA,NA,NA,NA,NA,NA,NA,NA,NA,NA,NA,NA,216,2025-05-29,13:12:24,4,1,"Bretza, Zander",1000213092,Right,LAK_C,"Sprockett, Michael",1000119908,Left,NWL_KG,Undefined,5,Bottom,1,0,0,Undefined,Four-Seam,StrikeSwinging,Undefined,Undefined,Undefined,0,0,NA,91.38477,-0.199595,-3.628182,2343.243563,209.770961,01:00:00,5.12814,2.24281,6.14019,-14.44603,18.86245,10.16906,3.73948,-0.26723,83.06661,-2.991198,-1.800258,0.415383,NA,NA,NA,NA,NA,NA,NA,NA,NA,NA,NA,-6.23508,10.08508,-1.97077,50,5.10511,7.96262,-132.51112,-0.83453,-11.05889,28.96895,-14.28656,NWL_KG,LAK_C,HOMERSTRYKER,NWL,NWL,20250529-HOMERSTRYKER-1,16f65b40-3cb0-11f0-a835-f9cb0487f947,90.74138,NA,NA,8.31816,NA,NA,NA,NA,NA,NA,45d07472-c160-48e7-9a7d-8b154baa4dec,2025-05-29,17:12:24,2025-05-29T17:12:24Z,2025-05-29T17:12:24Z,NA,v3,NA,NA,NA,"Duarte, Christian",10064346,R,LAK_C,f8b6654a-80d9-49e6-967e-cb6785ace5e3,54.35608,-133.46003,14.48448,5.12478,-0.36656,-7.14328,-2.23752,8.32487,-5.52945,NA,NA,NA,NA,NA,NA,NA,NA,NA,NA,NA,NA,NA,NA,NA,NA,NA,NA,NA,NA,NA,NA,NA,NA,NA,NA,NA,NA,NA,NA,NA,NA,NA,NA,NA,NA,NA,NA,NA,NA,NA,NA,NA,NA,NA,NA,NA,NA,NA,NA,High,High,High,NA,NA,NA,NA,NA,NA,NA,NA,NA,NA,NA,NA,NA,NA,NA,NA,NA,NA,NA,NA,NA,NA,NA,NA,NA,NA,NA,NA,NA,NA,NA,NA,NA,NA,NA,NA,NA,NA,NA,NA,NA,NA,NA,NA,NA,NA,NA,NA,NA,NA,NA,NA,NA,NA,NA,NA,NA,NA
NA,NA,NA,NA,NA,NA,NA,NA,NA,NA,NA,NA,NA,NA,NA,NA,217,2025-05-29,13:13:02,4,2,"Bretza, Zander",1000213092,Right,LAK_C,"Sprockett, Michael",1000119908,Left,NWL_KG,Undefined,5,Bottom,1,0,1,Undefined,Four-Seam,BallCalled,Undefined,Undefined,Undefined,0,0,NA,91.72132,-1.606903,-1.825608,2324.603178,219.497144,01:15:00,5.19933,2.10331,5.94307,-17.25792,15.77981,12.16831,2.26948,1.42335,84.10044,-4.870861,0.359937,0.413691,NA,NA,NA,NA,NA,NA,NA,NA,NA,NA,NA,-6.72288,8.8356,-1.96464,50,5.06148,3.7212,-133.22058,-4.27041,-12.12518,27.66124,-16.23843,NWL_KG,LAK_C,HOMERSTRYKER,NWL,NWL,20250529-HOMERSTRYKER-1,2d5ebee0-3cb0-11f0-a835-f9cb0487f947,91.11245,NA,NA,7.62088,NA,NA,NA,NA,NA,NA,45d07472-c160-48e7-9a7d-8b154baa4dec,2025-05-29,17:13:02,2025-05-29T17:13:02Z,2025-05-29T17:13:02Z,NA,v3,NA,NA,NA,"Duarte, Christian",10064346,R,LAK_C,5f6ca391-dcf1-430a-9ee2-eb6d40b31375,54.55562,-134.16315,13.83062,5.19757,-3.71707,-8.11921,-2.09848,4.13437,-6.06259,NA,NA,NA,NA,NA,NA,NA,NA,NA,NA,NA,NA,NA,NA,NA,NA,NA,NA,NA,NA,NA,NA,NA,NA,NA,NA,NA,NA,NA,NA,NA,NA,NA,NA,NA,NA,NA,NA,NA,NA,NA,NA,NA,NA,NA,NA,NA,NA,NA,NA,High,High,High,NA,NA,NA,NA,NA,NA,NA,NA,NA,NA,NA,NA,NA,NA,NA,NA,NA,NA,NA,NA,NA,NA,NA,NA,NA,NA,NA,NA,NA,NA,NA,NA,NA,NA,NA,NA,NA,NA,NA,NA,NA,NA,NA,NA,NA,NA,NA,NA,NA,NA,NA,NA,NA,NA,NA,NA,NA,NA
NA,NA,NA,NA,NA,NA,NA,NA,NA,NA,NA,NA,NA,NA,NA,NA,218,2025-05-29,13:13:25,4,3,"Bretza, Zander",1000213092,Right,LAK_C,"Sprockett, Michael",1000119908,Left,NWL_KG,Undefined,5,Bottom,1,1,1,Undefined,Four-Seam,BallCalled,Undefined,Undefined,Undefined,0,0,NA,90.93358,-1.225652,-4.398722,2329.141894,202.136593,12:45:00,5.1776,2.12047,6.25285,-15.37332,18.098,6.92823,2.7627,-1.36657,83.01088,-4.177299,-3.152993,0.416397,NA,NA,NA,NA,NA,NA,NA,NA,NA,NA,NA,-4.92095,10.13945,-1.7969,50,5.07889,9.87498,-131.84273,-3.25448,-8.64781,28.44807,-14.35547,NWL_KG,LAK_C,HOMERSTRYKER,NWL,NWL,20250529-HOMERSTRYKER-1,3b0fd790-3cb0-11f0-a835-f9cb0487f947,90.52041,NA,NA,7.9227,NA,NA,NA,NA,NA,NA,45d07472-c160-48e7-9a7d-8b154baa4dec,2025-05-29,17:13:25,2025-05-29T17:13:25Z,2025-05-29T17:13:25Z,NA,v3,NA,NA,NA,"Duarte, Christian",10064346,R,LAK_C,3fdcec82-b5b8-49f9-8315-0b06e027e9f6,54.24847,-132.75627,14.22404,5.176,-2.79349,-7.17774,-2.11846,10.15268,-4.3239,NA,NA,NA,NA,NA,NA,NA,NA,NA,NA,NA,NA,NA,NA,NA,NA,NA,NA,NA,NA,NA,NA,NA,NA,NA,NA,NA,NA,NA,NA,NA,NA,NA,NA,NA,NA,NA,NA,NA,NA,NA,NA,NA,NA,NA,NA,NA,NA,NA,NA,High,High,High,NA,NA,NA,NA,NA,NA,NA,NA,NA,NA,NA,NA,NA,NA,NA,NA,NA,NA,NA,NA,NA,NA,NA,NA,NA,NA,NA,NA,NA,NA,NA,NA,NA,NA,NA,NA,NA,NA,NA,NA,NA,NA,NA,NA,NA,NA,NA,NA,NA,NA,NA,NA,NA,NA,NA,NA,NA,NA
NA,NA,NA,NA,NA,NA,NA,NA,NA,NA,NA,NA,NA,NA,NA,NA,219,2025-05-29,13:13:49,4,4,"Bretza, Zander",1000213092,Right,LAK_C,"Sprockett, Michael",1000119908,Left,NWL_KG,Undefined,5,Bottom,1,2,1,Undefined,Four-Seam,BallCalled,Undefined,Undefined,Undefined,0,0,NA,91.88704,-1.500899,-1.481735,2341.01902,219.135289,01:15:00,5.1289,2.11315,6.1588,-17.05812,16.02095,12.09768,2.32005,1.75212,83.1555,-4.768809,0.700456,0.41395,NA,NA,NA,NA,NA,NA,NA,NA,NA,NA,NA,-6.66492,9.06725,-2.00645,50,5.00611,2.92566,-133.33603,-3.98077,-11.87071,31.52146,-16.02461,NWL_KG,LAK_C,HOMERSTRYKER,NWL,NWL,20250529-HOMERSTRYKER-1,49b51440-3cb0-11f0-a835-f9cb0487f947,91.05547,NA,NA,8.73154,NA,NA,NA,NA,NA,NA,45d07472-c160-48e7-9a7d-8b154baa4dec,2025-05-29,17:13:49,2025-05-29T17:13:49Z,2025-05-29T17:13:49Z,NA,v3,NA,NA,NA,"Duarte, Christian",10064346,R,LAK_C,8484c1c6-dbd6-442c-9a8c-5155dae6b553,54.33723,-134.35746,15.76073,5.12669,-3.4615,-8.0123,-2.10749,3.31032,-5.93535,NA,NA,NA,NA,NA,NA,NA,NA,NA,NA,NA,NA,NA,NA,NA,NA,NA,NA,NA,NA,NA,NA,NA,NA,NA,NA,NA,NA,NA,NA,NA,NA,NA,NA,NA,NA,NA,NA,NA,NA,NA,NA,NA,NA,NA,NA,NA,NA,NA,NA,High,High,High,NA,NA,NA,NA,NA,NA,NA,NA,NA,NA,NA,NA,NA,NA,NA,NA,NA,NA,NA,NA,NA,NA,NA,NA,NA,NA,NA,NA,NA,NA,NA,NA,NA,NA,NA,NA,NA,NA,NA,NA,NA,NA,NA,NA,NA,NA,NA,NA,NA,NA,NA,NA,NA,NA,NA,NA,NA,NA
NA,NA,NA,NA,NA,NA,NA,NA,NA,NA,NA,NA,NA,NA,NA,NA,220,2025-05-29,13:14:14,4,5,"Bretza, Zander",1000213092,Right,LAK_C,"Sprockett, Michael",1000119908,Left,NWL_KG,Undefined,5,Bottom,1,3,1,Undefined,Four-Seam,FoulBallNotFieldable,Undefined,Undefined,Undefined,0,0,NA,91.13816,-0.331135,-3.05671,2367.724125,205.35177,12:45:00,5.18325,2.1804,5.93375,-15.93576,17.47588,7.81056,3.54762,-0.00727,83.65243,-3.36036,-1.656955,0.416026,64.49074,71.721952,-122.194786,5368.002636,NA,NA,NA,NA,8.62586,NA,NA,-4.81985,9.37091,-1.94073,50,5.14779,6.73871,-132.34454,-1.24055,-8.60391,26.52823,-15.44608,NWL_KG,LAK_C,HOMERSTRYKER,NWL,NWL,20250529-HOMERSTRYKER-1,5841e6f0-3cb0-11f0-a835-f9cb0487f947,90.60119,28.83747,NA,7.48573,NA,NA,NA,1.34408,3.56198,0.03105,45d07472-c160-48e7-9a7d-8b154baa4dec,2025-05-29,17:14:14,2025-05-29T17:14:14Z,2025-05-29T17:14:14Z,NA,v3,NA,NA,NA,"Duarte, Christian",10064346,R,LAK_C,126fa07a-1c40-4b9a-8297-74ae7ab3513b,54.56585,-133.25662,13.26411,5.18131,-0.70949,-7.72304,-2.1775,7.03452,-4.30195,12.23883,1.34654,-15.91309,-5.06034,NA,NA,NA,NA,NA,NA,3.5638,89.73527,-22.13475,NA,NA,NA,NA,NA,NA,0.03168,-25.13114,-0.43204,NA,NA,NA,NA,NA,NA,NA,NA,NA,NA,NA,NA,NA,NA,NA,NA,NA,NA,NA,NA,NA,NA,NA,NA,NA,NA,NA,NA,High,High,High,High,Undefined,NA,NA,NA,NA,NA,NA,NA,NA,NA,NA,NA,NA,NA,NA,NA,NA,NA,NA,NA,NA,NA,NA,NA,NA,NA,NA,NA,NA,NA,NA,NA,NA,NA,NA,NA,NA,NA,NA,NA,NA,NA,NA,NA,NA,NA,NA,NA,NA,NA,NA,NA,NA,NA,NA,NA,NA
NA,NA,NA,NA,NA,NA,NA,NA,NA,NA,NA,NA,NA,NA,NA,NA,221,2025-05-29,13:14:47,4,6,"Bretza, Zander",1000213092,Right,LAK_C,"Sprockett, Michael",1000119908,Left,NWL_KG,Undefined,5,Bottom,1,3,2,Undefined,Four-Seam,FoulBallNotFieldable,Undefined,Undefined,Undefined,0,0,NA,91.23933,-0.912814,-2.754899,2487.527201,220.573766,01:15:00,5.18389,2.1087,6.00956,-17.94883,15.42776,12.31843,2.84146,0.58106,83.44908,-4.314059,-0.541963,0.415808,59.35468,6.636864,-175.617052,3087.437397,NA,NA,NA,64.07793,51.53167,-176.384526,0.768504,-7.03886,8.48457,-1.89874,50,5.10222,5.83994,-132.4491,-2.65646,-12.5328,27.67396,-17.06715,NWL_KG,LAK_C,HOMERSTRYKER,NWL,NWL,20250529-HOMERSTRYKER-1,6c1dfa60-3cb0-11f0-a835-f9cb0487f947,90.64876,4.13272,NA,7.79024,NA,NA,NA,NA,NA,NA,45d07472-c160-48e7-9a7d-8b154baa4dec,2025-05-29,17:14:47,2025-05-29T17:14:47Z,2025-05-29T17:14:47Z,GroundBall,v3,NA,NA,NA,"Duarte, Christian",10064346,R,LAK_C,429ecdaa-c489-42f6-9552-db19b71c0bdb,54.48809,-133.38355,13.83698,5.18219,-2.08016,-8.53358,-2.10308,6.26312,-6.2664,52.422579,-1.92828,-86.21523,7.05749,0.7137,-3.44134,9.78637,-14.47951,10.5639,-3.04046,2.75955,10.06125,-18.77214,1.3668,0.03714,-0.52247,1.01681,-0.92248,0.3164,-0.68144,-6.60751,2.93372,0.18012,-1.30677,3.74426,-5.55562,4.06527,-1.17348,NA,NA,NA,NA,NA,NA,NA,NA,NA,NA,NA,NA,NA,NA,NA,NA,NA,NA,NA,NA,NA,NA,High,High,High,High,High,NA,NA,NA,NA,NA,NA,NA,NA,NA,NA,NA,NA,NA,NA,NA,NA,NA,NA,NA,NA,NA,NA,NA,NA,NA,NA,NA,NA,NA,NA,NA,NA,NA,NA,NA,NA,NA,NA,NA,NA,NA,NA,NA,NA,NA,NA,NA,NA,NA,NA,NA,NA,NA,NA,NA,NA
NA,NA,NA,NA,NA,NA,NA,NA,NA,NA,NA,NA,NA,NA,NA,NA,222,2025-05-29,13:15:19,4,7,"Bretza, Zander",1000213092,Right,LAK_C,"Sprockett, Michael",1000119908,Left,NWL_KG,Undefined,5,Bottom,1,3,2,Undefined,Four-Seam,BallCalled,Walk,Undefined,Undefined,0,0,NA,91.27579,-2.70935,-3.632732,2459.749452,211.958216,01:00:00,5.11105,2.03351,6.17716,-15.90001,17.1971,10.10268,1.27705,-0.48392,83.96471,-5.730805,-1.814679,0.414063,NA,NA,NA,NA,NA,NA,NA,NA,NA,NA,NA,-6.20599,9.93658,-1.76383,50,4.89758,7.99605,-132.38396,-6.73275,-11.08583,26.52101,-14.42423,NWL_KG,LAK_C,HOMERSTRYKER,NWL,NWL,20250529-HOMERSTRYKER-1,7f074960-3cb0-11f0-a835-f9cb0487f947,91.0307,NA,NA,7.31107,NA,NA,NA,NA,NA,NA,45d07472-c160-48e7-9a7d-8b154baa4dec,2025-05-29,17:15:19,2025-05-29T17:15:19Z,2025-05-29T17:15:19Z,NA,v3,NA,NA,NA,"Duarte, Christian",10064346,R,LAK_C,461922fd-8bad-4d60-b67f-0cd30f212ed7,54.32299,-133.24719,13.26051,5.10908,-6.26326,-7.21212,-2.02997,8.35688,-5.54292,NA,NA,NA,NA,NA,NA,NA,NA,NA,NA,NA,NA,NA,NA,NA,NA,NA,NA,NA,NA,NA,NA,NA,NA,NA,NA,NA,NA,NA,NA,NA,NA,NA,NA,NA,NA,NA,NA,NA,NA,NA,NA,NA,NA,NA,NA,NA,NA,NA,NA,High,High,High,NA,NA,NA,NA,NA,NA,NA,NA,NA,NA,NA,NA,NA,NA,NA,NA,NA,NA,NA,NA,NA,NA,NA,NA,NA,NA,NA,NA,NA,NA,NA,NA,NA,NA,NA,NA,NA,NA,NA,NA,NA,NA,NA,NA,NA,NA,NA,NA,NA,NA,NA,NA,NA,NA,NA,NA,NA,NA
NA,NA,NA,NA,NA,NA,NA,NA,NA,NA,NA,NA,NA,NA,NA,NA,223,2025-05-29,13:15:55,5,1,"Bretza, Zander",1000213092,Right,LAK_C,"Thielman, Avery",1000215893,Right,NWL_KG,Undefined,5,Bottom,1,0,0,Undefined,Four-Seam,InPlay,Undefined,LineDrive,Out,2,0,NA,92.03543,-0.755834,-2.130447,2555.164863,221.801226,01:30:00,5.29204,1.83586,6.09108,-18.56462,14.19859,11.7602,3.04532,0.8443,83.96993,-4.275473,-0.012995,0.411969,96.18603,6.302108,-27.647551,2865.876176,NA,NA,NA,109.34662,84.91905,-31.95531,0.861982,-6.70587,7.863,-1.6779,50,5.22394,4.48187,-133.68261999999999,-2.33719,-12.11322,29.30423,-17.97063,NWL_KG,LAK_C,HOMERSTRYKER,NWL,NWL,20250529-HOMERSTRYKER-1,9453dcc0-3cb0-11f0-a835-f9cb0487f947,91.49337,5.76756,NA,8.0655,NA,NA,NA,1.83931,3.22411,-1.02961,45d07472-c160-48e7-9a7d-8b154baa4dec,2025-05-29,17:15:55,2025-05-29T17:15:55Z,2025-05-29T17:15:55Z,GroundBall,v3,NA,NA,NA,"Duarte, Christian",10064346,R,LAK_C,1b8b39a8-86d1-4081-b9ce-34aba5010e72,54.40827,-134.64548,14.65212,5.29103,-1.74672,-8.98532,-1.8317,4.87988,-6.05661,NA,1.83931,124.2096,-26.06106,6.07182,-1.39135,0.28123,-0.05697,0.0101,-0.00113,3.22411,15.48567,-24.46999,2.91878,-0.54081,0.08944,-0.01244,0.00156,-1.2e-4,-1.02961,-65.06652,-3.11667,3.28949,-1.26893,0.39943,-0.1105,0.02538,-0.00338,NA,NA,NA,NA,NA,NA,NA,NA,NA,NA,NA,NA,NA,NA,NA,NA,NA,NA,NA,NA,NA,NA,High,High,High,High,High,NA,NA,NA,NA,NA,NA,NA,NA,NA,NA,NA,NA,NA,NA,NA,NA,NA,NA,NA,NA,NA,NA,NA,NA,NA,NA,NA,NA,NA,NA,NA,NA,NA,NA,NA,NA,NA,NA,NA,NA,NA,NA,NA,NA,NA,NA,NA,NA,NA,NA,NA,NA,NA,NA,NA,NA
NA,NA,NA,NA,NA,NA,NA,NA,NA,NA,NA,NA,NA,NA,NA,NA,224,2025-05-29,13:18:35,1,1,"Brassfield, Bryce",1000299025,Right,NWL_KG,"Reynolds, Drew",1000120249,Left,LAK_C,Undefined,6,Top,0,0,0,Undefined,Four-Seam,StrikeSwinging,Undefined,Undefined,Undefined,0,0,NA,88.98079,-2.528003,-2.068524,2196.205649,203.278384,12:45:00,5.62244,1.77788,6.48001,-16.3032,18.19273,7.35867,1.93957,0.49093,81.54124,-5.655365,-0.733826,0.422722,NA,NA,NA,NA,NA,NA,NA,NA,NA,NA,NA,-4.44284,10.57457,-1.63558,50,5.43713,4.38771,-129.23518,-6.12693,-7.52063,26.70401,-14.27389,NWL_KG,LAK_C,HOMERSTRYKER,NWL,NWL,20250529-HOMERSTRYKER-1,f42ce920-3cb0-11f0-a835-f9cb0487f947,89.16594,NA,NA,7.43955,NA,NA,NA,NA,NA,NA,45d07472-c160-48e7-9a7d-8b154baa4dec,2025-05-29,17:18:35,2025-05-29T17:18:35Z,2025-05-29T17:18:35Z,NA,v3,NA,NA,NA,"Garner, Coleman",90000255834,Right,NWL_KG,d72cd591-61e1-4328-bed8-41f50d37afd0,54.01924,-130.06303,13.35201,5.62021,-5.68443,-7.13695,-1.77522,4.62085,-3.76032,NA,NA,NA,NA,NA,NA,NA,NA,NA,NA,NA,NA,NA,NA,NA,NA,NA,NA,NA,NA,NA,NA,NA,NA,NA,NA,NA,NA,NA,NA,NA,NA,NA,NA,NA,NA,NA,NA,NA,NA,NA,NA,NA,NA,NA,NA,NA,NA,NA,NA,High,High,High,NA,NA,NA,NA,NA,NA,NA,NA,NA,NA,NA,NA,NA,NA,NA,NA,NA,NA,NA,NA,NA,NA,NA,NA,NA,NA,NA,NA,NA,NA,NA,NA,NA,NA,NA,NA,NA,NA,NA,NA,NA,NA,NA,NA,NA,NA,NA,NA,NA,NA,NA,NA,NA,NA,NA,NA,NA,NA
NA,NA,NA,NA,NA,NA,NA,NA,NA,NA,NA,NA,NA,NA,NA,NA,225,2025-05-29,13:18:47,1,2,"Brassfield, Bryce",1000299025,Right,NWL_KG,"Reynolds, Drew",1000120249,Left,LAK_C,Undefined,6,Top,0,0,1,Undefined,Curveball,BallCalled,Undefined,Undefined,Undefined,0,0,NA,71.39617,1.913168,-2.072101,2636.779387,36.757468,07:15:00,5.81972,1.54694,5.96872,-69.42669,-13.68221,-11.71418,1.80976,-1.3512,64.94399,-10.818451,-4.180529,0.537369,NA,NA,NA,NA,NA,NA,NA,NA,NA,NA,NA,5.26886,-7.00985,-1.37647,50,5.93377,4.14881,-103.5493,1.41233,5.59178,20.92405,-39.61351,NWL_KG,LAK_C,HOMERSTRYKER,NWL,NWL,20250529-HOMERSTRYKER-1,fb2a00f0-3cb0-11f0-a835-f9cb0487f947,70.1426,NA,NA,6.45217,NA,NA,NA,NA,NA,NA,45d07472-c160-48e7-9a7d-8b154baa4dec,2025-05-29,17:18:47,2025-05-29T17:18:47Z,2025-05-29T17:18:47Z,NA,v3,NA,NA,NA,"Garner, Coleman",90000255834,Right,NWL_KG,2d8461eb-b919-4acb-8170-67a79de6e247,54.53253,-104.46116,10.46202,5.8346,3.13868,-19.80676,-1.55196,3.90512,2.79589,NA,NA,NA,NA,NA,NA,NA,NA,NA,NA,NA,NA,NA,NA,NA,NA,NA,NA,NA,NA,NA,NA,NA,NA,NA,NA,NA,NA,NA,NA,NA,NA,NA,NA,NA,NA,NA,NA,NA,NA,NA,NA,NA,NA,NA,NA,NA,NA,NA,NA,High,High,High,NA,NA,NA,NA,NA,NA,NA,NA,NA,NA,NA,NA,NA,NA,NA,NA,NA,NA,NA,NA,NA,NA,NA,NA,NA,NA,NA,NA,NA,NA,NA,NA,NA,NA,NA,NA,NA,NA,NA,NA,NA,NA,NA,NA,NA,NA,NA,NA,NA,NA,NA,NA,NA,NA,NA,NA,NA,NA
NA,NA,NA,NA,NA,NA,NA,NA,NA,NA,NA,NA,NA,NA,NA,NA,226,2025-05-29,13:18:58,1,3,"Brassfield, Bryce",1000299025,Right,NWL_KG,"Reynolds, Drew",1000120249,Left,LAK_C,Undefined,6,Top,0,1,1,Undefined,Four-Seam,FoulBallNotFieldable,Undefined,Undefined,Undefined,0,0,NA,89.75931,-1.982328,-2.677759,2393.06908,201.594086,12:45:00,5.56069,1.84533,6.5794,-13.30757,20.45277,7.67599,2.63225,0.0291,82.16231,-4.575434,-1.284317,0.418191,41.92472,15.746271,177.726158,2613.190422,NA,NA,NA,62.94678,51.46138,179.303524,1.093153,-4.7641,11.61398,-1.6646,50,5.41855,5.8017,-130.36957,-4.81245,-8.21247,26.99304,-12.1536,NWL_KG,LAK_C,HOMERSTRYKER,NWL,NWL,20250529-HOMERSTRYKER-1,01c0dce0-3cb1-11f0-a835-f9cb0487f947,90.13211,6.44634,NA,7.597,NA,NA,NA,NA,NA,NA,45d07472-c160-48e7-9a7d-8b154baa4dec,2025-05-29,17:18:58,2025-05-29T17:18:58Z,2025-05-29T17:18:58Z,GroundBall,v3,NA,NA,NA,"Garner, Coleman",90000255834,Right,NWL_KG,76123417-efb0-49a9-bf26-aa9a2f4cf36e,53.91913,-131.17851,13.49652,5.55732,-4.44823,-6.0768,-1.84216,6.04782,-4.10624,316.760598,-2.15679,-59.13514,2.93857,0.22263,0.57275,-1.36059,1.444,-0.78529,0.17305,2.56678,16.68666,-18.31631,0.91091,-0.26828,0.54408,-0.62281,0.34592,-0.07695,-0.09507,2.34796,-1.43437,0.03337,-0.24991,0.57977,-0.62092,0.33868,-0.07475,NA,NA,NA,NA,NA,NA,NA,NA,NA,NA,NA,NA,NA,NA,NA,NA,NA,NA,NA,NA,NA,NA,High,High,High,High,High,NA,NA,NA,NA,NA,NA,NA,NA,NA,NA,NA,NA,NA,NA,NA,NA,NA,NA,NA,NA,NA,NA,NA,NA,NA,NA,NA,NA,NA,NA,NA,NA,NA,NA,NA,NA,NA,NA,NA,NA,NA,NA,NA,NA,NA,NA,NA,NA,NA,NA,NA,NA,NA,NA,NA,NA
NA,NA,NA,NA,NA,NA,NA,NA,NA,NA,NA,NA,NA,NA,NA,NA,227,2025-05-29,13:19:19,1,4,"Brassfield, Bryce",1000299025,Right,NWL_KG,"Reynolds, Drew",1000120249,Left,LAK_C,Undefined,6,Top,0,1,2,Undefined,Four-Seam,BallCalled,Undefined,Undefined,Undefined,0,0,NA,90.32801,-2.34091,-1.039844,2292.677057,205.035658,12:45:00,5.65407,1.86569,6.47441,-15.47772,17.96375,7.90028,2.21302,1.56904,82.7681,-5.314953,0.393934,0.416211,NA,NA,NA,NA,NA,NA,NA,NA,NA,NA,NA,-4.41122,10.36205,-1.79569,50,5.482,2.06966,-131.25486,-5.75962,-7.70582,27.42666,-14.07287,NWL_KG,LAK_C,HOMERSTRYKER,NWL,NWL,20250529-HOMERSTRYKER-1,0e78c880-3cb1-11f0-a835-f9cb0487f947,90.56081,NA,NA,7.55991,NA,NA,NA,NA,NA,NA,45d07472-c160-48e7-9a7d-8b154baa4dec,2025-05-29,17:19:19,2025-05-29T17:19:19Z,2025-05-29T17:19:19Z,NA,v3,NA,NA,NA,"Garner, Coleman",90000255834,Right,NWL_KG,e193f521-7e80-4625-99d4-1fe77a8449dd,54.02373,-132.09297,13.71333,5.65144,-5.32957,-7.03643,-1.86253,2.30513,-3.85291,NA,NA,NA,NA,NA,NA,NA,NA,NA,NA,NA,NA,NA,NA,NA,NA,NA,NA,NA,NA,NA,NA,NA,NA,NA,NA,NA,NA,NA,NA,NA,NA,NA,NA,NA,NA,NA,NA,NA,NA,NA,NA,NA,NA,NA,NA,NA,NA,NA,NA,High,High,High,NA,NA,NA,NA,NA,NA,NA,NA,NA,NA,NA,NA,NA,NA,NA,NA,NA,NA,NA,NA,NA,NA,NA,NA,NA,NA,NA,NA,NA,NA,NA,NA,NA,NA,NA,NA,NA,NA,NA,NA,NA,NA,NA,NA,NA,NA,NA,NA,NA,NA,NA,NA,NA,NA,NA,NA,NA,NA
NA,NA,NA,NA,NA,NA,NA,NA,NA,NA,NA,NA,NA,NA,NA,NA,228,2025-05-29,13:19:31,1,5,"Brassfield, Bryce",1000299025,Right,NWL_KG,"Reynolds, Drew",1000120249,Left,LAK_C,Undefined,6,Top,0,2,2,Undefined,Curveball,InPlay,Undefined,GroundBall,Out,1,0,NA,72.52711,2.181028,-1.074718,2639.573352,32.639024,07:00:00,5.85843,1.40797,5.91448,-67.95279,-13.94213,-10.163,2.22122,-0.43649,65.8991,-10.284767,-2.903324,0.528946,NA,NA,NA,NA,NA,NA,NA,NA,NA,NA,NA,4.8852,-7.47067,-1.31583,50,5.99434,2.31898,-105.23909,1.9912,5.36253,21.39066,-40.37464,NWL_KG,LAK_C,HOMERSTRYKER,NWL,NWL,20250529-HOMERSTRYKER-1,15acced0-3cb1-11f0-a835-f9cb0487f947,71.25955,NA,NA,6.62801,NA,NA,NA,NA,NA,NA,45d07472-c160-48e7-9a7d-8b154baa4dec,2025-05-29,17:19:31,2025-05-29T17:19:31Z,2025-05-29T17:19:31Z,NA,v3,NA,NA,NA,"Garner, Coleman",90000255834,Right,NWL_KG,40621476-5ce0-4c0d-b7a0-68ac01632ed8,54.5879,-106.16752,10.69533,5.86989,3.7436,-20.18732,-1.41143,2.08622,2.68126,NA,NA,NA,NA,NA,NA,NA,NA,NA,NA,NA,NA,NA,NA,NA,NA,NA,NA,NA,NA,NA,NA,NA,NA,NA,NA,NA,NA,NA,NA,NA,NA,NA,NA,NA,NA,NA,NA,NA,NA,NA,NA,NA,NA,NA,NA,NA,NA,NA,NA,High,High,High,NA,NA,NA,NA,NA,NA,NA,NA,NA,NA,NA,NA,NA,NA,NA,NA,NA,NA,NA,NA,NA,NA,NA,NA,NA,NA,NA,NA,NA,NA,NA,NA,NA,NA,NA,NA,NA,NA,NA,NA,NA,NA,NA,NA,NA,NA,NA,NA,NA,NA,NA,NA,NA,NA,NA,NA,NA,NA
NA,NA,NA,NA,NA,NA,NA,NA,NA,NA,NA,NA,NA,NA,NA,NA,229,2025-05-29,13:20:23,2,1,"Brassfield, Bryce",1000299025,Right,NWL_KG,"Sayles, Dylan",1000279077,Left,LAK_C,Undefined,6,Top,1,0,0,Undefined,Four-Seam,FoulBallNotFieldable,Undefined,Undefined,Undefined,0,0,NA,91.02043,-1.776342,-1.992132,2382.267602,209.234349,01:00:00,5.62156,1.86315,6.31749,-13.56154,19.55942,10.36749,2.85381,0.89151,83.31456,-4.400637,-0.117653,0.414212,70.5214,53.917125,-128.279037,4673.847252,NA,NA,NA,NA,29.04681,NA,NA,-5.95705,10.99418,-1.72226,50,5.4849,4.18369,-132.24584,-4.44357,-10.56699,27.76565,-12.67181,NWL_KG,LAK_C,HOMERSTRYKER,NWL,NWL,20250529-HOMERSTRYKER-1,344fd350-3cb1-11f0-a835-f9cb0487f947,90.99792,36.18955,NA,7.70586,NA,NA,NA,1.41391,2.89222,-1.05558,45d07472-c160-48e7-9a7d-8b154baa4dec,2025-05-29,17:20:23,2025-05-29T17:20:23Z,2025-05-29T17:20:23Z,NA,v3,NA,NA,NA,"Garner, Coleman",90000255834,Right,NWL_KG,ad82f488-8833-4386-b692-e8e917d5f384,54.18178,-133.12093,13.88283,5.61866,-4.0442,-6.3359,-1.85936,4.51673,-5.28349,NA,1.42419,-38.02709,-1.35935,NA,NA,NA,NA,NA,NA,2.91826,82.8658,-29.5962,NA,NA,NA,NA,NA,NA,-1.05668,-47.79173,4.04352,NA,NA,NA,NA,NA,NA,NA,NA,NA,NA,NA,NA,NA,NA,NA,NA,NA,NA,NA,NA,NA,NA,NA,NA,NA,NA,NA,NA,High,High,High,High,Undefined,NA,NA,NA,NA,NA,NA,NA,NA,NA,NA,NA,NA,NA,NA,NA,NA,NA,NA,NA,NA,NA,NA,NA,NA,NA,NA,NA,NA,NA,NA,NA,NA,NA,NA,NA,NA,NA,NA,NA,NA,NA,NA,NA,NA,NA,NA,NA,NA,NA,NA,NA,NA,NA,NA,NA,NA
NA,NA,NA,NA,NA,NA,NA,NA,NA,NA,NA,NA,NA,NA,NA,NA,230,2025-05-29,13:20:38,2,2,"Brassfield, Bryce",1000299025,Right,NWL_KG,"Sayles, Dylan",1000279077,Left,LAK_C,Undefined,6,Top,1,0,1,Undefined,Four-Seam,FoulBallNotFieldable,Undefined,Undefined,Undefined,0,0,NA,90.86512,-1.408908,-2.574251,2284.576105,208.027394,01:00:00,5.60277,1.98781,6.58783,-16.42906,16.38607,8.19493,2.94109,0.31026,83.42725,-4.559036,-1.08586,0.412295,70.38212,23.548077,-153.027684,2237.944526,-101.59034,15.98953,-42.18295,148.34735,56.99434,-159.337787,1.938003,-5.00524,9.30646,-1.81483,50,5.4991,5.62337,-132.07253,-3.68129,-8.87965,26.97257,-15.66376,NWL_KG,LAK_C,HOMERSTRYKER,NWL,NWL,20250529-HOMERSTRYKER-1,3d2554a0-3cb1-11f0-a835-f9cb0487f947,91.42099,20.07337,NA,7.43786,NA,NA,NA,0.91985,2.85674,-0.32076,45d07472-c160-48e7-9a7d-8b154baa4dec,2025-05-29,17:20:38,2025-05-29T17:20:38Z,2025-05-29T17:20:38Z,LineDrive,v3,NA,NA,NA,"Garner, Coleman",90000255834,Right,NWL_KG,ed5edf9b-5322-4fb0-bea3-492307c4b785,53.91162,-132.86898,13.48629,5.60098,-3.21877,-7.83188,-1.98475,5.88557,-4.43982,NA,0.91988,-84.33957,5.2816,0.8432,-0.22171,-0.00499,0.02967,-0.00162,-0.00196,2.85673,41.24169,-27.62908,4.09204,-0.96935,0.29073,-0.10086,0.0305,-0.00432,-0.32073,-42.9229,10.42145,-1.63591,0.47078,-0.20384,0.08721,-0.01851,7e-4,NA,NA,NA,NA,NA,NA,NA,NA,NA,NA,NA,NA,NA,NA,NA,NA,NA,NA,NA,NA,NA,NA,High,High,High,High,Medium,NA,NA,NA,NA,NA,NA,NA,NA,NA,NA,NA,NA,NA,NA,NA,NA,NA,NA,NA,NA,NA,NA,NA,NA,NA,NA,NA,NA,NA,NA,NA,NA,NA,NA,NA,NA,NA,NA,NA,NA,NA,NA,NA,NA,NA,NA,NA,NA,NA,NA,NA,NA,NA,NA,NA,NA
NA,NA,NA,NA,NA,NA,NA,NA,NA,NA,NA,NA,NA,NA,NA,NA,231,2025-05-29,13:20:54,2,3,"Brassfield, Bryce",1000299025,Right,NWL_KG,"Sayles, Dylan",1000279077,Left,LAK_C,Undefined,6,Top,1,0,2,Undefined,Four-Seam,InPlay,Undefined,GroundBall,Error,0,0,NA,91.24727,-1.511416,-1.75778,2370.874135,203.03841,12:45:00,5.67429,1.7531,6.60378,-12.4915,20.01548,8.09201,3.24782,0.81671,83.69307,-3.949556,-0.286644,0.410355,77.07076,-14.328923,23.856818,NA,NA,NA,NA,14.80356,14.80356,17.355518,0.117793,-4.75862,11.27485,-1.63656,50,5.56577,3.76487,-132.70136,-3.78692,-8.51477,27.47639,-11.99958,NWL_KG,LAK_C,HOMERSTRYKER,NWL,NWL,20250529-HOMERSTRYKER-1,46cb4550-3cb1-11f0-a835-f9cb0487f947,91.85325,3.30755,NA,7.5542,NA,NA,NA,2.2872,3.30755,-0.82125,45d07472-c160-48e7-9a7d-8b154baa4dec,2025-05-29,17:20:54,2025-05-29T17:20:54Z,2025-05-29T17:20:54Z,GroundBall,v3,NA,NA,NA,"Garner, Coleman",90000255834,Right,NWL_KG,4f3dde74-5da1-4952-acf6-05bcaaf451b9,53.89624,-133.50566,13.7382,5.67148,-3.43566,-5.99979,-1.75041,4.01412,-4.25739,NA,2.28013,100.53584,NA,NA,NA,NA,NA,NA,NA,3.30953,-28.07946,NA,NA,NA,NA,NA,NA,NA,-0.82437,44.46073,NA,NA,NA,NA,NA,NA,NA,NA,NA,NA,NA,NA,NA,NA,NA,NA,NA,NA,NA,NA,NA,NA,NA,NA,NA,NA,NA,NA,NA,High,High,High,Estimated,Estimated,NA,NA,NA,NA,NA,NA,NA,NA,NA,NA,NA,NA,NA,NA,NA,NA,NA,NA,NA,NA,NA,NA,NA,NA,NA,NA,NA,NA,NA,NA,NA,NA,NA,NA,NA,NA,NA,NA,NA,NA,NA,NA,NA,NA,NA,NA,NA,NA,NA,NA,NA,NA,NA,NA,NA,NA
NA,NA,NA,NA,NA,NA,NA,NA,NA,NA,NA,NA,NA,NA,NA,NA,232,2025-05-29,13:21:37,3,1,"Brassfield, Bryce",1000299025,Right,NWL_KG,"Garcia, Jedvier",10325103,Right,LAK_C,Undefined,6,Top,1,0,0,Undefined,Four-Seam,StrikeCalled,Undefined,Undefined,Undefined,0,0,NA,91.65009,-1.933706,-3.132347,2332.144247,193.291446,12:30:00,5.73887,1.75672,6.55812,-11.78351,20.65237,4.63878,2.98066,-0.73148,83.86238,-4.242494,-2.291441,0.409906,NA,NA,NA,NA,NA,NA,NA,NA,NA,NA,NA,-3.28642,11.6741,-1.54241,50,5.59982,7.09728,-133.05395,-4.74826,-5.9013,28.09759,-11.21123,NWL_KG,LAK_C,HOMERSTRYKER,NWL,NWL,20250529-HOMERSTRYKER-1,60aa5920-3cb1-11f0-a835-f9cb0487f947,91.95383,NA,NA,7.78771,NA,NA,NA,NA,NA,NA,45d07472-c160-48e7-9a7d-8b154baa4dec,2025-05-29,17:21:37,2025-05-29T17:21:37Z,2025-05-29T17:21:37Z,NA,v3,NA,NA,NA,"Garner, Coleman",90000255834,Right,NWL_KG,7afae7f2-46ea-46b6-b757-eaf5e73931e4,53.94004,-133.8834,14.04879,5.73511,-4.4173,-5.60562,-1.7545,7.27149,-2.95065,NA,NA,NA,NA,NA,NA,NA,NA,NA,NA,NA,NA,NA,NA,NA,NA,NA,NA,NA,NA,NA,NA,NA,NA,NA,NA,NA,NA,NA,NA,NA,NA,NA,NA,NA,NA,NA,NA,NA,NA,NA,NA,NA,NA,NA,NA,NA,NA,NA,NA,High,High,High,NA,NA,NA,NA,NA,NA,NA,NA,NA,NA,NA,NA,NA,NA,NA,NA,NA,NA,NA,NA,NA,NA,NA,NA,NA,NA,NA,NA,NA,NA,NA,NA,NA,NA,NA,NA,NA,NA,NA,NA,NA,NA,NA,NA,NA,NA,NA,NA,NA,NA,NA,NA,NA,NA,NA,NA,NA,NA
NA,NA,NA,NA,NA,NA,NA,NA,NA,NA,NA,NA,NA,NA,NA,NA,233,2025-05-29,13:21:58,3,2,"Brassfield, Bryce",1000299025,Right,NWL_KG,"Garcia, Jedvier",10325103,Right,LAK_C,Undefined,6,Top,1,0,1,Undefined,Four-Seam,StrikeSwinging,Undefined,Undefined,Undefined,0,0,NA,90.80897,-1.307574,-2.812434,2455.581334,193.336669,12:30:00,5.73588,1.84954,6.86574,-15.61174,17.07107,3.80185,3.24143,-0.39918,82.97473,-4.333221,-2.118724,0.411463,NA,NA,NA,NA,NA,NA,NA,NA,NA,NA,NA,-2.80185,9.74252,-1.6718,50,5.64648,6.33811,-131.94034,-3.37682,-4.93435,28.31891,-15.01645,NWL_KG,LAK_C,HOMERSTRYKER,NWL,NWL,20250529-HOMERSTRYKER-1,6d3b34c0-3cb1-11f0-a835-f9cb0487f947,91.60583,NA,NA,7.83424,NA,NA,NA,NA,NA,NA,45d07472-c160-48e7-9a7d-8b154baa4dec,2025-05-29,17:21:58,2025-05-29T17:21:58Z,2025-05-29T17:21:58Z,NA,v3,NA,NA,NA,"Garner, Coleman",90000255834,Right,NWL_KG,ccbdad9d-bcda-4057-a757-4f5bdf236b2a,53.63188,-132.71757,14.15945,5.7335,-2.96468,-7.50822,-1.84762,6.47354,-2.46718,NA,NA,NA,NA,NA,NA,NA,NA,NA,NA,NA,NA,NA,NA,NA,NA,NA,NA,NA,NA,NA,NA,NA,NA,NA,NA,NA,NA,NA,NA,NA,NA,NA,NA,NA,NA,NA,NA,NA,NA,NA,NA,NA,NA,NA,NA,NA,NA,NA,NA,High,High,High,NA,NA,NA,NA,NA,NA,NA,NA,NA,NA,NA,NA,NA,NA,NA,NA,NA,NA,NA,NA,NA,NA,NA,NA,NA,NA,NA,NA,NA,NA,NA,NA,NA,NA,NA,NA,NA,NA,NA,NA,NA,NA,NA,NA,NA,NA,NA,NA,NA,NA,NA,NA,NA,NA,NA,NA,NA,NA
NA,NA,NA,NA,NA,NA,NA,NA,NA,NA,NA,NA,NA,NA,NA,NA,234,2025-05-29,13:22:19,3,3,"Brassfield, Bryce",1000299025,Right,NWL_KG,"Garcia, Jedvier",10325103,Right,LAK_C,Undefined,6,Top,1,0,2,Undefined,Four-Seam,BallCalled,Undefined,Undefined,Undefined,0,0,NA,91.61631,-0.536438,-1.917721,2285.944704,198.691336,12:30:00,5.85669,1.18501,6.66065,-13.48123,18.61446,5.97863,4.24209,-0.07226,84.16069,-3.15422,-0.829912,0.407751,NA,NA,NA,NA,NA,NA,NA,NA,NA,NA,NA,-3.63799,10.23426,-1.05832,50,5.81462,4.22854,-133.26946,-1.55941,-6.58494,26.91394,-13.64966,NWL_KG,LAK_C,HOMERSTRYKER,NWL,NWL,20250529-HOMERSTRYKER-1,793f87d0-3cb1-11f0-a835-f9cb0487f947,92.43989,NA,NA,7.45562,NA,NA,NA,NA,NA,NA,45d07472-c160-48e7-9a7d-8b154baa4dec,2025-05-29,17:22:19,2025-05-29T17:22:19Z,2025-05-29T17:22:19Z,NA,v3,NA,NA,NA,"Garner, Coleman",90000255834,Right,NWL_KG,bf4b545f-91d4-4b44-9238-a31f04dc18c1,53.83779,-134.04227,13.45697,5.85377,-1.16747,-6.82483,-1.18246,4.41762,-3.29247,NA,NA,NA,NA,NA,NA,NA,NA,NA,NA,NA,NA,NA,NA,NA,NA,NA,NA,NA,NA,NA,NA,NA,NA,NA,NA,NA,NA,NA,NA,NA,NA,NA,NA,NA,NA,NA,NA,NA,NA,NA,NA,NA,NA,NA,NA,NA,NA,NA,NA,High,High,High,NA,NA,NA,NA,NA,NA,NA,NA,NA,NA,NA,NA,NA,NA,NA,NA,NA,NA,NA,NA,NA,NA,NA,NA,NA,NA,NA,NA,NA,NA,NA,NA,NA,NA,NA,NA,NA,NA,NA,NA,NA,NA,NA,NA,NA,NA,NA,NA,NA,NA,NA,NA,NA,NA,NA,NA,NA,NA
NA,NA,NA,NA,NA,NA,NA,NA,NA,NA,NA,NA,NA,NA,NA,NA,235,2025-05-29,13:22:35,3,4,"Brassfield, Bryce",1000299025,Right,NWL_KG,"Garcia, Jedvier",10325103,Right,LAK_C,Undefined,6,Top,1,1,2,Undefined,Curveball,StrikeCalled,Strikeout,Undefined,Undefined,0,0,NA,72.97132,2.016095,-1.533935,2777.109443,25.046549,06:45:00,5.86657,1.36571,6.06948,-69.53079,-16.44135,-8.57048,1.93944,-0.76831,66.34296,-10.755046,-3.081072,0.524415,NA,NA,NA,NA,NA,NA,NA,NA,NA,NA,NA,3.86626,-8.51193,-1.24254,50,5.98693,3.1333,-105.89886,1.6453,4.29361,21.80409,-41.62687,NWL_KG,LAK_C,HOMERSTRYKER,NWL,NWL,20250529-HOMERSTRYKER-1,82fe0990-3cb1-11f0-a835-f9cb0487f947,71.87515,NA,NA,6.62836,NA,NA,NA,NA,NA,NA,45d07472-c160-48e7-9a7d-8b154baa4dec,2025-05-29,17:22:35,2025-05-29T17:22:35Z,2025-05-29T17:22:35Z,NA,v3,NA,NA,NA,"Garner, Coleman",90000255834,Right,NWL_KG,3f7b70cd-8504-4107-9a87-605917a6d164,54.43247,-106.80759,10.90205,5.88221,3.38017,-20.81344,-1.36939,2.95436,2.1468,NA,NA,NA,NA,NA,NA,NA,NA,NA,NA,NA,NA,NA,NA,NA,NA,NA,NA,NA,NA,NA,NA,NA,NA,NA,NA,NA,NA,NA,NA,NA,NA,NA,NA,NA,NA,NA,NA,NA,NA,NA,NA,NA,NA,NA,NA,NA,NA,NA,NA,High,High,High,NA,NA,NA,NA,NA,NA,NA,NA,NA,NA,NA,NA,NA,NA,NA,NA,NA,NA,NA,NA,NA,NA,NA,NA,NA,NA,NA,NA,NA,NA,NA,NA,NA,NA,NA,NA,NA,NA,NA,NA,NA,NA,NA,NA,NA,NA,NA,NA,NA,NA,NA,NA,NA,NA,NA,NA,NA,NA
NA,NA,NA,NA,NA,NA,NA,NA,NA,NA,NA,NA,NA,NA,NA,NA,236,2025-05-29,13:23:01,4,1,"Brassfield, Bryce",1000299025,Right,NWL_KG,"Preece, Tyler",1000074626,Right,LAK_C,Undefined,6,Top,2,0,0,Undefined,Four-Seam,FoulBallNotFieldable,Undefined,Undefined,Undefined,0,0,NA,91.31177,-1.879766,-2.764899,2413.56599,194.274458,12:30:00,5.86165,1.23989,6.70889,-14.59741,17.65615,4.25319,2.92406,-0.93537,84.16148,-4.690865,-1.991063,0.408752,78.55127,11.565316,169.500356,2217.367372,-109.09623,6.39065,14.0701,138.16941,55.70097,173.762271,1.418324,-2.90146,10.0406,-1.05766,50,5.7302,6.23553,-132.67312,-4.6993,-5.22134,25.82709,-14.10549,NWL_KG,LAK_C,HOMERSTRYKER,NWL,NWL,20250529-HOMERSTRYKER-1,925dbca0-3cb1-11f0-a835-f9cb0487f947,92.21338,10.00403,NA,7.15029,NA,NA,NA,1.60774,2.89063,0.90315,45d07472-c160-48e7-9a7d-8b154baa4dec,2025-05-29,17:23:01,2025-05-29T17:23:01Z,2025-05-29T17:23:01Z,GroundBall,v3,NA,NA,NA,"Garner, Coleman",90000255834,Right,NWL_KG,dca723c5-8c96-4eec-9a08-852b706c7010,53.78723,-133.40833,12.91355,5.85826,-4.29776,-7.05275,-1.23728,6.38417,-2.61067,281.455542,1.60774,-110.97936,10.39447,-1.11402,0.2036,-0.0231,0.0036,-6.5e-4,6e-5,2.89063,23.09753,-19.75402,1.80017,-0.34432,0.07427,-0.01229,0.00187,-1.9e-4,0.90315,20.56809,-9.33732,1.73233,-0.38484,0.07352,-0.01343,0.00227,-2.1e-4,NA,NA,NA,NA,NA,NA,NA,NA,NA,NA,NA,NA,NA,NA,NA,NA,NA,NA,NA,NA,NA,NA,High,High,High,High,Medium,NA,NA,NA,NA,NA,NA,NA,NA,NA,NA,NA,NA,NA,NA,NA,NA,NA,NA,NA,NA,NA,NA,NA,NA,NA,NA,NA,NA,NA,NA,NA,NA,NA,NA,NA,NA,NA,NA,NA,NA,NA,NA,NA,NA,NA,NA,NA,NA,NA,NA,NA,NA,NA,NA,NA,NA
NA,NA,NA,NA,NA,NA,NA,NA,NA,NA,NA,NA,NA,NA,NA,NA,237,2025-05-29,13:23:22,4,2,"Brassfield, Bryce",1000299025,Right,NWL_KG,"Preece, Tyler",1000074626,Right,LAK_C,Undefined,6,Top,2,0,1,Undefined,Curveball,FoulBallNotFieldable,Undefined,Undefined,Undefined,0,0,NA,77.20732,0.593735,-1.95144,2611.018311,97.862608,09:15:00,5.76262,1.4251,5.78597,-43.62628,3.61091,-15.33229,2.6798,-1.66877,70.81711,-7.432901,-4.695041,0.494668,NA,NA,NA,NA,NA,NA,NA,NA,NA,NA,NA,7.3013,2.08177,-1.25475,50,5.78524,4.37689,-112.09649,-0.18235,9.24125,21.25999,-29.53916,NWL_KG,LAK_C,HOMERSTRYKER,NWL,NWL,20250529-HOMERSTRYKER-1,9ef045f0-3cb1-11f0-a835-f9cb0487f947,76.1975,NA,NA,6.39022,NA,NA,NA,NA,NA,NA,45d07472-c160-48e7-9a7d-8b154baa4dec,2025-05-29,17:23:22,2025-05-29T17:23:22Z,2025-05-29T17:23:22Z,NA,v3,NA,NA,NA,"Garner, Coleman",90000255834,Right,NWL_KG,7a733e82-04a8-4ce7-8abe-195bdddd2f31,54.71399,-112.987,10.62999,5.76696,1.05494,-14.76958,-1.42998,3.98981,4.62062,NA,NA,NA,NA,NA,NA,NA,NA,NA,NA,NA,NA,NA,NA,NA,NA,NA,NA,NA,NA,NA,NA,NA,NA,NA,NA,NA,NA,NA,NA,NA,NA,NA,NA,NA,NA,NA,NA,NA,NA,NA,NA,NA,NA,NA,NA,NA,NA,NA,NA,High,High,High,NA,NA,NA,NA,NA,NA,NA,NA,NA,NA,NA,NA,NA,NA,NA,NA,NA,NA,NA,NA,NA,NA,NA,NA,NA,NA,NA,NA,NA,NA,NA,NA,NA,NA,NA,NA,NA,NA,NA,NA,NA,NA,NA,NA,NA,NA,NA,NA,NA,NA,NA,NA,NA,NA,NA,NA,NA,NA
NA,NA,NA,NA,NA,NA,NA,NA,NA,NA,NA,NA,NA,NA,NA,NA,238,2025-05-29,13:23:47,4,3,"Brassfield, Bryce",1000299025,Right,NWL_KG,"Preece, Tyler",1000074626,Right,LAK_C,Undefined,6,Top,2,0,2,Undefined,Four-Seam,FoulBallNotFieldable,Undefined,Undefined,Undefined,0,0,NA,91.58225,-0.69255,-2.390857,2361.185046,209.009875,01:00:00,5.68346,1.69034,6.62716,-16.10773,16.41528,8.51138,3.70644,0.20918,83.28682,-3.806927,-0.8436,0.410456,75.47599,23.811522,145.04568,3683.546464,NA,NA,NA,NA,57.53842,NA,NA,-5.17142,9.15815,-1.53147,50,5.62959,5.21915,-133.04892,-2.01667,-9.22282,29.89853,-15.84123,NWL_KG,LAK_C,HOMERSTRYKER,NWL,NWL,20250529-HOMERSTRYKER-1,ae0ad9b0-3cb1-11f0-a835-f9cb0487f947,91.83059,23.41651,NA,8.29543,NA,NA,NA,0.05141,3.66753,-0.1646,45d07472-c160-48e7-9a7d-8b154baa4dec,2025-05-29,17:23:47,2025-05-29T17:23:47Z,2025-05-29T17:23:47Z,NA,v3,NA,NA,NA,"Garner, Coleman",90000255834,Right,NWL_KG,463b953b-9ebd-4edc-a794-aa04fd865a2d,53.87054,-133.91587,14.94927,5.6814,-1.55732,-7.92062,-1.68669,5.48658,-4.61141,281.276799,0.05141,-83.00622,5.78308,0.01718,0.22445,-1.21243,1.79978,-0.97293,0.04799,3.66753,44.69202,-21.90392,2.19392,-0.4538,0.21804,-0.25744,0.20229,-0.06036,-0.1646,58.02258,-17.58853,3.99795,-0.21219,-1.93377,2.7114,-1.11128,-0.20625,NA,NA,NA,NA,NA,NA,NA,NA,NA,NA,NA,NA,NA,NA,NA,NA,NA,NA,NA,NA,NA,NA,High,High,High,High,Undefined,NA,NA,NA,NA,NA,NA,NA,NA,NA,NA,NA,NA,NA,NA,NA,NA,NA,NA,NA,NA,NA,NA,NA,NA,NA,NA,NA,NA,NA,NA,NA,NA,NA,NA,NA,NA,NA,NA,NA,NA,NA,NA,NA,NA,NA,NA,NA,NA,NA,NA,NA,NA,NA,NA,NA,NA
NA,NA,NA,NA,NA,NA,NA,NA,NA,NA,NA,NA,NA,NA,NA,NA,239,2025-05-29,13:24:18,4,4,"Brassfield, Bryce",1000299025,Right,NWL_KG,"Preece, Tyler",1000074626,Right,LAK_C,Undefined,6,Top,2,0,2,Undefined,Curveball,BallCalled,Undefined,Undefined,Undefined,0,0,NA,72.24818,3.932996,-0.321945,2766.301492,26.018557,06:45:00,5.91497,1.272,6.05066,-68.89181,-14.71709,-8.1226,3.82058,0.29709,65.36993,-8.763775,-1.784626,0.529748,NA,NA,NA,NA,NA,NA,NA,NA,NA,NA,NA,4.02225,-8.12839,-1.24289,50,6.18576,0.87433,-104.71078,5.13789,4.38447,20.68036,-41.0345,NWL_KG,LAK_C,HOMERSTRYKER,NWL,NWL,20250529-HOMERSTRYKER-1,c039d960-3cb1-11f0-a835-f9cb0487f947,71.15159,NA,NA,6.87825,NA,NA,NA,NA,NA,NA,45d07472-c160-48e7-9a7d-8b154baa4dec,2025-05-29,17:24:18,2025-05-29T17:24:18Z,2025-05-29T17:24:18Z,NA,v3,NA,NA,NA,"Garner, Coleman",90000255834,Right,NWL_KG,a3feeab3-6fae-4191-a132-229fdcb00d6f,54.45052,-105.5861,10.34018,5.93154,6.87471,-20.51725,-1.27597,0.68875,2.19224,NA,NA,NA,NA,NA,NA,NA,NA,NA,NA,NA,NA,NA,NA,NA,NA,NA,NA,NA,NA,NA,NA,NA,NA,NA,NA,NA,NA,NA,NA,NA,NA,NA,NA,NA,NA,NA,NA,NA,NA,NA,NA,NA,NA,NA,NA,NA,NA,NA,NA,High,High,High,NA,NA,NA,NA,NA,NA,NA,NA,NA,NA,NA,NA,NA,NA,NA,NA,NA,NA,NA,NA,NA,NA,NA,NA,NA,NA,NA,NA,NA,NA,NA,NA,NA,NA,NA,NA,NA,NA,NA,NA,NA,NA,NA,NA,NA,NA,NA,NA,NA,NA,NA,NA,NA,NA,NA,NA,NA,NA
NA,NA,NA,NA,NA,NA,NA,NA,NA,NA,NA,NA,NA,NA,NA,NA,240,2025-05-29,13:24:37,4,5,"Brassfield, Bryce",1000299025,Right,NWL_KG,"Preece, Tyler",1000074626,Right,LAK_C,Undefined,6,Top,2,1,2,Undefined,Four-Seam,StrikeSwinging,Strikeout,Undefined,Undefined,0,0,NA,90.85137,-1.383367,-3.360138,2375.872701,182.916195,12:00:00,5.69365,1.41931,6.7689,-13.96705,18.61111,0.89933,3.26406,-1.57765,83.59628,-4.087514,-3.196564,0.410804,NA,NA,NA,NA,NA,NA,NA,NA,NA,NA,NA,-1.3439,10.50442,-1.20016,50,5.59728,7.71575,-131.99525,-3.50962,-2.38719,26.29266,-13.51478,NWL_KG,LAK_C,HOMERSTRYKER,NWL,NWL,20250529-HOMERSTRYKER-1,cb75fa70-3cb1-11f0-a835-f9cb0487f947,91.75283,NA,NA,7.25508,NA,NA,NA,NA,NA,NA,45d07472-c160-48e7-9a7d-8b154baa4dec,2025-05-29,17:24:37,2025-05-29T17:24:37Z,2025-05-29T17:24:37Z,NA,v3,NA,NA,NA,"Garner, Coleman",90000255834,Right,NWL_KG,23f4fa5c-6d4d-4dde-9730-5b28a84e96d6,53.7296,-132.73608,13.14633,5.69081,-3.12882,-6.75739,-1.41851,7.78301,-1.1936,NA,NA,NA,NA,NA,NA,NA,NA,NA,NA,NA,NA,NA,NA,NA,NA,NA,NA,NA,NA,NA,NA,NA,NA,NA,NA,NA,NA,NA,NA,NA,NA,NA,NA,NA,NA,NA,NA,NA,NA,NA,NA,NA,NA,NA,NA,NA,NA,NA,NA,High,High,High,NA,NA,NA,NA,NA,NA,NA,NA,NA,NA,NA,NA,NA,NA,NA,NA,NA,NA,NA,NA,NA,NA,NA,NA,NA,NA,NA,NA,NA,NA,NA,NA,NA,NA,NA,NA,NA,NA,NA,NA,NA,NA,NA,NA,NA,NA,NA,NA,NA,NA,NA,NA,NA,NA,NA,NA,NA,NA
NA,NA,NA,NA,NA,NA,NA,NA,NA,NA,NA,NA,NA,NA,NA,NA,241,2025-05-29,13:27:17,1,1,"Bretza, Zander",1000213092,Right,LAK_C,"Garner, Coleman",90000255834,Right,NWL_KG,Undefined,6,Bottom,0,0,0,Undefined,Four-Seam,BallCalled,Undefined,Undefined,Undefined,0,0,NA,90.60982,0.642699,-2.814405,2230.948447,211.542188,01:00:00,5.40038,1.78245,5.8798,-18.94875,15.02292,8.58701,4.41893,-0.11778,82.86195,-2.935151,-1.276516,0.419498,NA,NA,NA,NA,NA,NA,NA,NA,NA,NA,NA,-5.12162,7.81985,-1.55985,50,5.44134,6.0915,-131.51814,0.88439,-9.0043,26.91009,-18.42603,NWL_KG,LAK_C,HOMERSTRYKER,NWL,NWL,20250529-HOMERSTRYKER-1,2b447f80-3cb2-11f0-a835-f9cb0487f947,89.85129,NA,NA,7.74787,NA,NA,NA,NA,NA,NA,45d07472-c160-48e7-9a7d-8b154baa4dec,2025-05-29,17:27:17,2025-05-29T17:27:17Z,2025-05-29T17:27:17Z,NA,v3,NA,NA,NA,"Duarte, Christian",10064346,R,LAK_C,3084e8f9-1102-413a-a486-67da31b11a79,54.61771,-132.4596,13.45504,5.39912,1.52904,-9.21301,-1.77847,6.40652,-4.50215,NA,NA,NA,NA,NA,NA,NA,NA,NA,NA,NA,NA,NA,NA,NA,NA,NA,NA,NA,NA,NA,NA,NA,NA,NA,NA,NA,NA,NA,NA,NA,NA,NA,NA,NA,NA,NA,NA,NA,NA,NA,NA,NA,NA,NA,NA,NA,NA,NA,NA,High,High,High,NA,NA,NA,NA,NA,NA,NA,NA,NA,NA,NA,NA,NA,NA,NA,NA,NA,NA,NA,NA,NA,NA,NA,NA,NA,NA,NA,NA,NA,NA,NA,NA,NA,NA,NA,NA,NA,NA,NA,NA,NA,NA,NA,NA,NA,NA,NA,NA,NA,NA,NA,NA,NA,NA,NA,NA,NA,NA
NA,NA,NA,NA,NA,NA,NA,NA,NA,NA,NA,NA,NA,NA,NA,NA,242,2025-05-29,13:27:30,1,2,"Bretza, Zander",1000213092,Right,LAK_C,"Garner, Coleman",90000255834,Right,NWL_KG,Undefined,6,Bottom,0,1,0,Undefined,Four-Seam,BallCalled,Undefined,Undefined,Undefined,0,0,NA,91.40733,-0.850991,-3.946509,2429.270256,209.663243,01:00:00,5.19477,1.80402,6.18319,-18.38816,14.43402,7.68922,2.87469,-1.20518,84.33259,-4.318577,-2.564044,0.41234,NA,NA,NA,NA,NA,NA,NA,NA,NA,NA,NA,-4.93835,7.9739,-1.50948,50,5.12085,8.83458,-132.68414,-2.53116,-8.90526,25.3191,-17.79484,NWL_KG,LAK_C,HOMERSTRYKER,NWL,NWL,20250529-HOMERSTRYKER-1,32bf2bc0-3cb2-11f0-a835-f9cb0487f947,91.41115,NA,NA,7.07474,NA,NA,NA,NA,NA,NA,45d07472-c160-48e7-9a7d-8b154baa4dec,2025-05-29,17:27:30,2025-05-29T17:27:30Z,2025-05-29T17:27:30Z,NA,v3,NA,NA,NA,"Duarte, Christian",10064346,R,LAK_C,57fb2162-9c9e-4b12-a018-2f750ebfb4ac,54.3158,-133.50516,12.65955,5.19357,-1.95414,-8.89742,-1.80063,9.12335,-4.45263,NA,NA,NA,NA,NA,NA,NA,NA,NA,NA,NA,NA,NA,NA,NA,NA,NA,NA,NA,NA,NA,NA,NA,NA,NA,NA,NA,NA,NA,NA,NA,NA,NA,NA,NA,NA,NA,NA,NA,NA,NA,NA,NA,NA,NA,NA,NA,NA,NA,NA,High,High,High,NA,NA,NA,NA,NA,NA,NA,NA,NA,NA,NA,NA,NA,NA,NA,NA,NA,NA,NA,NA,NA,NA,NA,NA,NA,NA,NA,NA,NA,NA,NA,NA,NA,NA,NA,NA,NA,NA,NA,NA,NA,NA,NA,NA,NA,NA,NA,NA,NA,NA,NA,NA,NA,NA,NA,NA,NA,NA
NA,NA,NA,NA,NA,NA,NA,NA,NA,NA,NA,NA,NA,NA,NA,NA,243,2025-05-29,13:27:43,1,3,"Bretza, Zander",1000213092,Right,LAK_C,"Garner, Coleman",90000255834,Right,NWL_KG,Undefined,6,Bottom,0,2,0,Undefined,Four-Seam,FoulBallNotFieldable,Undefined,Undefined,Undefined,0,0,NA,91.41818,-1.348265,-2.27972,2464.922007,197.575224,12:30:00,5.17877,1.82191,6.16729,-13.97729,18.96757,5.69146,2.76743,0.18937,83.85744,-4.035317,-1.254142,0.41311,76.54199,10.143809,170.04996,2486.095981,-109.42604,6.18222,11.21798,141.31597,54.87691,175.432983,1.486772,-3.56209,10.49756,-1.65206,50,5.06931,5.05415,-132.81929,-3.50347,-6.39138,27.26359,-13.33853,NWL_KG,LAK_C,HOMERSTRYKER,NWL,NWL,20250529-HOMERSTRYKER-1,3ad72970-3cb2-11f0-a835-f9cb0487f947,91.24078,9.05772,NA,7.56074,NA,NA,NA,0.72517,2.71575,-0.15962,45d07472-c160-48e7-9a7d-8b154baa4dec,2025-05-29,17:27:43,2025-05-29T17:27:43Z,2025-05-29T17:27:43Z,GroundBall,v3,NA,NA,NA,"Duarte, Christian",10064346,R,LAK_C,3eadfa4a-a3fe-44d8-ae18-ef003aac3a12,54.332,-133.70555,13.6318,5.17616,-3.06988,-6.66927,-1.81973,5.26192,-3.19569,257.107627,0.72517,-108.84449,9.96266,-0.72149,0.15819,-0.0505,0.02873,-0.01066,0.0016,2.71575,19.77148,-16.20032,1.32199,-0.17696,0.03748,-0.00946,0.00457,-0.00102,-0.15963,19.09463,-9.17034,1.29847,-0.237,0.04588,-0.03916,0.0248,-0.00521,NA,NA,NA,NA,NA,NA,NA,NA,NA,NA,NA,NA,NA,NA,NA,NA,NA,NA,NA,NA,NA,NA,High,High,High,High,Medium,NA,NA,NA,NA,NA,NA,NA,NA,NA,NA,NA,NA,NA,NA,NA,NA,NA,NA,NA,NA,NA,NA,NA,NA,NA,NA,NA,NA,NA,NA,NA,NA,NA,NA,NA,NA,NA,NA,NA,NA,NA,NA,NA,NA,NA,NA,NA,NA,NA,NA,NA,NA,NA,NA,NA,NA
NA,NA,NA,NA,NA,NA,NA,NA,NA,NA,NA,NA,NA,NA,NA,NA,244,2025-05-29,13:28:00,1,4,"Bretza, Zander",1000213092,Right,LAK_C,"Garner, Coleman",90000255834,Right,NWL_KG,Undefined,6,Bottom,0,2,1,Undefined,Four-Seam,StrikeCalled,Undefined,Undefined,Undefined,0,0,NA,92.54214,-1.184437,-2.468497,2499.483832,225.996924,01:30:00,5.09866,1.84452,6.00362,-19.9393,12.4639,11.8728,2.33846,0.54537,84.81859,-4.931638,-0.334623,0.409699,NA,NA,NA,NA,NA,NA,NA,NA,NA,NA,NA,-6.76697,7.03359,-1.65685,50,4.99449,5.2824,-134.39406,-3.42996,-12.41509,28.274,-19.26985,NWL_KG,LAK_C,HOMERSTRYKER,NWL,NWL,20250529-HOMERSTRYKER-1,4466d300-3cb2-11f0-a835-f9cb0487f947,92.00021,NA,NA,7.72355,NA,NA,NA,NA,NA,NA,45d07472-c160-48e7-9a7d-8b154baa4dec,2025-05-29,17:28:00,2025-05-29T17:28:00Z,2025-05-29T17:28:00Z,NA,v3,NA,NA,NA,"Duarte, Christian",10064346,R,LAK_C,005c422b-22b6-401c-8a3c-7a31b3b29f9b,54.49532,-135.33649,14.137,5.09811,-2.78766,-9.63492,-1.83982,5.69622,-6.20754,NA,NA,NA,NA,NA,NA,NA,NA,NA,NA,NA,NA,NA,NA,NA,NA,NA,NA,NA,NA,NA,NA,NA,NA,NA,NA,NA,NA,NA,NA,NA,NA,NA,NA,NA,NA,NA,NA,NA,NA,NA,NA,NA,NA,NA,NA,NA,NA,NA,NA,High,High,High,NA,NA,NA,NA,NA,NA,NA,NA,NA,NA,NA,NA,NA,NA,NA,NA,NA,NA,NA,NA,NA,NA,NA,NA,NA,NA,NA,NA,NA,NA,NA,NA,NA,NA,NA,NA,NA,NA,NA,NA,NA,NA,NA,NA,NA,NA,NA,NA,NA,NA,NA,NA,NA,NA,NA,NA,NA,NA
NA,NA,NA,NA,NA,NA,NA,NA,NA,NA,NA,NA,NA,NA,NA,NA,245,2025-05-29,13:28:13,1,5,"Bretza, Zander",1000213092,Right,LAK_C,"Garner, Coleman",90000255834,Right,NWL_KG,Undefined,6,Bottom,0,2,2,Undefined,Sinker,BallCalled,Undefined,Undefined,Undefined,0,0,NA,92.07911,-1.338751,-1.914441,2449.626469,229.846003,01:45:00,5.06432,1.69545,5.90908,-20.91726,12.05981,13.03827,2.0777,1.00437,84.07945,-5.263786,0.426383,0.413311,NA,NA,NA,NA,NA,NA,NA,NA,NA,NA,NA,-7.25985,6.88063,-1.54941,50,4.94491,3.90998,-133.69962,-3.81952,-13.11403,29.3775,-19.74506,NWL_KG,LAK_C,HOMERSTRYKER,NWL,NWL,20250529-HOMERSTRYKER-1,4cb8cc70-3cb2-11f0-a835-f9cb0487f947,91.19626,NA,NA,7.99966,NA,NA,NA,NA,NA,NA,45d07472-c160-48e7-9a7d-8b154baa4dec,2025-05-29,17:28:13,2025-05-29T17:28:13Z,2025-05-29T17:28:13Z,NA,v3,NA,NA,NA,"Duarte, Christian",10064346,R,LAK_C,59d78f7c-4dfd-48a7-b4ff-856d96f3e3fb,54.59026,-134.70445,14.68875,5.064,-3.14415,-9.87253,-1.69081,4.35853,-6.55701,NA,NA,NA,NA,NA,NA,NA,NA,NA,NA,NA,NA,NA,NA,NA,NA,NA,NA,NA,NA,NA,NA,NA,NA,NA,NA,NA,NA,NA,NA,NA,NA,NA,NA,NA,NA,NA,NA,NA,NA,NA,NA,NA,NA,NA,NA,NA,NA,NA,NA,High,High,High,NA,NA,NA,NA,NA,NA,NA,NA,NA,NA,NA,NA,NA,NA,NA,NA,NA,NA,NA,NA,NA,NA,NA,NA,NA,NA,NA,NA,NA,NA,NA,NA,NA,NA,NA,NA,NA,NA,NA,NA,NA,NA,NA,NA,NA,NA,NA,NA,NA,NA,NA,NA,NA,NA,NA,NA,NA,NA
NA,NA,NA,NA,NA,NA,NA,NA,NA,NA,NA,NA,NA,NA,NA,NA,246,2025-05-29,13:28:28,1,6,"Bretza, Zander",1000213092,Right,LAK_C,"Garner, Coleman",90000255834,Right,NWL_KG,Undefined,6,Bottom,0,3,2,Undefined,Four-Seam,FoulBallNotFieldable,Undefined,Undefined,Undefined,0,0,NA,92.31145,-1.335405,-2.823016,2664.399216,206.547463,01:00:00,5.22928,1.82524,6.02287,-16.10009,16.60977,7.77138,2.64904,-0.14392,84.1839,-4.405671,-1.427102,0.411634,77.35087,5.989128,172.197994,2622.847042,NA,NA,NA,98.34882,51.14042,175.532649,0.975078,-4.79807,9.24201,-1.60835,50,5.11586,6.27156,-133.94639,-3.6011,-8.70355,29.35003,-15.40935,NWL_KG,LAK_C,HOMERSTRYKER,NWL,NWL,20250529-HOMERSTRYKER-1,55809220-3cb2-11f0-a835-f9cb0487f947,91.56793,4.87085,NA,8.12755,NA,NA,NA,0.82049,2.59212,0.17416,45d07472-c160-48e7-9a7d-8b154baa4dec,2025-05-29,17:28:28,2025-05-29T17:28:28Z,2025-05-29T17:28:28Z,GroundBall,v3,NA,NA,NA,"Duarte, Christian",10064346,R,LAK_C,d4617144-d8ec-4f24-9286-d5449088e68c,54.47524,-134.92343,14.67501,5.2272,-3.08813,-7.70468,-1.82195,6.56129,-4.35178,258.414608,0.76862,-111.05932,10.01304,NA,NA,NA,NA,NA,NA,2.62527,11.37907,-14.46399,NA,NA,NA,NA,NA,NA,0.23794,14.41822,-7.04008,NA,NA,NA,NA,NA,NA,NA,NA,NA,NA,NA,NA,NA,NA,NA,NA,NA,NA,NA,NA,NA,NA,NA,NA,NA,NA,NA,NA,High,High,High,High,Medium,NA,NA,NA,NA,NA,NA,NA,NA,NA,NA,NA,NA,NA,NA,NA,NA,NA,NA,NA,NA,NA,NA,NA,NA,NA,NA,NA,NA,NA,NA,NA,NA,NA,NA,NA,NA,NA,NA,NA,NA,NA,NA,NA,NA,NA,NA,NA,NA,NA,NA,NA,NA,NA,NA,NA,NA
NA,NA,NA,NA,NA,NA,NA,NA,NA,NA,NA,NA,NA,NA,NA,NA,247,2025-05-29,13:29:01,1,7,"Bretza, Zander",1000213092,Right,LAK_C,"Garner, Coleman",90000255834,Right,NWL_KG,Undefined,6,Bottom,0,3,2,Undefined,Four-Seam,FoulBallNotFieldable,Undefined,Undefined,Undefined,0,0,NA,92.16632,-1.391478,-2.599493,2565.322722,215.665023,01:15:00,5.11691,1.7273,6.14604,-16.00292,16.15402,10.957090000000001,2.49597,0.2367,85.3077,-4.420647,-0.625791,0.40814,68.78781,57.836232,67.954836,5222.917762,15.02137,74.59852,108.96953,147.81986,76.32596,83.529722,4.772321,-6.30914,8.98158,-1.53499,50,5.00245,5.63384,-133.99968,-3.73486,-11.63542,25.07738,-15.61008,NWL_KG,LAK_C,HOMERSTRYKER,NWL,NWL,20250529-HOMERSTRYKER-1,69592320-3cb2-11f0-a835-f9cb0487f947,92.35179,89.80541,NA,6.85862,NA,NA,NA,2.50944,1.00078,-1.01425,45d07472-c160-48e7-9a7d-8b154baa4dec,2025-05-29,17:29:01,2025-05-29T17:29:01Z,2025-05-29T17:29:01Z,Popup,v3,NA,NA,NA,"Duarte, Christian",10064346,R,LAK_C,3ab8a903-e5f4-49df-aa18-1a68bfe77d33,54.35463,-134.81217,12.53869,5.11527,-3.2291,-7.80504,-1.72363,6.01082,-5.81771,205.434625,2.51292,20.03162,-11.55869,2.67108,0.66464,-0.7548,0.24848,-0.03695,0.00209,0.98924,85.65249,-25.45415,4.04349,-1.59271,0.51341,-0.09216,0.00752,-1.8e-4,-1.01698,49.81831,-9.63349,2.35113,-0.29082,-0.07744,0.04419,-0.0076,4.6e-4,NA,NA,NA,NA,NA,NA,NA,NA,NA,NA,NA,NA,NA,NA,NA,NA,NA,NA,NA,NA,NA,NA,High,High,High,Medium,Low,NA,NA,NA,NA,NA,NA,NA,NA,NA,NA,NA,NA,NA,NA,NA,NA,NA,NA,NA,NA,NA,NA,NA,NA,NA,NA,NA,NA,NA,NA,NA,NA,NA,NA,NA,NA,NA,NA,NA,NA,NA,NA,NA,NA,NA,NA,NA,NA,NA,NA,NA,NA,NA,NA,NA,NA
NA,NA,NA,NA,NA,NA,NA,NA,NA,NA,NA,NA,NA,NA,NA,NA,248,2025-05-29,13:29:23,1,8,"Bretza, Zander",1000213092,Right,LAK_C,"Garner, Coleman",90000255834,Right,NWL_KG,Undefined,6,Bottom,0,3,2,Undefined,Four-Seam,InPlay,Undefined,LineDrive,Single,0,0,NA,91.76392,-1.358497,-1.890774,2508.884402,201.828274,12:45:00,5.09894,1.69414,6.11546,-19.06316,13.38005,5.00551,2.25339,0.36246,85.06093,-4.933072,-0.989013,0.409952,69.20873,18.346957,-1.53554,2888.355429,109.9584,23.08181,3.02383,193.51209,193.51209,4.303599,2.766899,-3.04851,7.528,-1.55181,50,4.98461,4.20158,-133.46932,-3.76954,-5.5788,24.82851,-18.39773,NWL_KG,LAK_C,HOMERSTRYKER,NWL,NWL,20250529-HOMERSTRYKER-1,7600e220-3cb2-11f0-a835-f9cb0487f947,91.94346,23.09839,NA,6.70299,NA,NA,NA,0.90904,2.24881,-0.33614,45d07472-c160-48e7-9a7d-8b154baa4dec,2025-05-29,17:29:23,2025-05-29T17:29:23Z,2025-05-29T17:29:23Z,LineDrive,v3,NA,NA,NA,"Duarte, Christian",10064346,R,LAK_C,d9d4e2be-6ea1-423d-abee-99d8d36ecb60,54.385,-134.28255,12.41426,5.09821,-3.16694,-9.19887,-1.69242,4.38431,-2.7894,208.818933,0.90909,96.30924,-14.99724,2.85153,-0.44342,0.01212,0.02418,-0.00811,9.4e-4,2.24874,31.95385,-12.44181,0.07775,0.06705,-0.00145,-0.01096,0.00575,-8.7e-4,-0.33615,-2.58211,5.16702,-1.48113,0.44766,-0.15734,0.04937,-0.0093,7.3e-4,NA,NA,NA,NA,NA,NA,NA,NA,NA,NA,NA,NA,NA,NA,NA,NA,NA,NA,NA,NA,NA,NA,High,High,High,High,High,NA,NA,NA,NA,NA,NA,NA,NA,NA,NA,NA,NA,NA,NA,NA,NA,NA,NA,NA,NA,NA,NA,NA,NA,NA,NA,NA,NA,NA,NA,NA,NA,NA,NA,NA,NA,NA,NA,NA,NA,NA,NA,NA,NA,NA,NA,NA,NA,NA,NA,NA,NA,NA,NA,NA,NA
NA,NA,NA,NA,NA,NA,NA,NA,NA,NA,NA,NA,NA,NA,NA,NA,249,2025-05-29,13:30:02,2,1,"Bretza, Zander",1000213092,Right,LAK_C,"Dickerson, Gage",10105216,Left,NWL_KG,Undefined,6,Bottom,0,0,0,Undefined,Four-Seam,FoulBallNotFieldable,Undefined,Undefined,Undefined,0,0,NA,88.72235,0.301259,-2.638077,2307.480959,215.657127,01:15:00,5.10503,2.09893,6.10292,-23.70297,10.78902,7.12815,3.40869,0.25154,82.71866,-4.108701,-1.355546,0.422698,71.6744,23.845512,167.451701,3456.316571,-108.85056,23.60869,15.85996,184.13947,58.55043,174.430954,2.228056,-4.27358,5.78996,-1.89984,50,5.11547,5.66894,-129.10516,-0.07973,-7.37355,21.26966,-22.18416,NWL_KG,LAK_C,HOMERSTRYKER,NWL,NWL,20250529-HOMERSTRYKER-1,8d570120-3cb2-11f0-a835-f9cb0487f947,89.17104,24.45234,NA,6.00368,NA,NA,NA,0.8495,3.4369,-0.23323,45d07472-c160-48e7-9a7d-8b154baa4dec,2025-05-29,17:30:02,2025-05-29T17:30:02Z,2025-05-29T17:30:02Z,LineDrive,v3,NA,NA,NA,"Duarte, Christian",10064346,R,LAK_C,fb10e34e-d506-411a-a24f-ffd8a98f8e99,54.39844,-129.82776,10.63483,5.10538,0.67395,-11.09208,-2.09669,5.91945,-3.68678,308.331415,0.84957,-93.85814,4.58398,0.00178,0.57602,-0.73051,0.46438,-0.14323,0.01706,3.43692,42.49599,-23.4619,2.28207,-0.29086,-0.06047,0.04661,-0.00824,2.3e-4,-0.23325,20.89143,-7.79589,1.48878,-0.51142,0.35072,-0.23012,0.07885,-0.0102,NA,NA,NA,NA,NA,NA,NA,NA,NA,NA,NA,NA,NA,NA,NA,NA,NA,NA,NA,NA,NA,NA,High,High,High,High,Medium,NA,NA,NA,NA,NA,NA,NA,NA,NA,NA,NA,NA,NA,NA,NA,NA,NA,NA,NA,NA,NA,NA,NA,NA,NA,NA,NA,NA,NA,NA,NA,NA,NA,NA,NA,NA,NA,NA,NA,NA,NA,NA,NA,NA,NA,NA,NA,NA,NA,NA,NA,NA,NA,NA,NA,NA
NA,NA,NA,NA,NA,NA,NA,NA,NA,NA,NA,NA,NA,NA,NA,NA,250,2025-05-29,13:30:25,2,2,"Bretza, Zander",1000213092,Right,LAK_C,"Dickerson, Gage",10105216,Left,NWL_KG,Undefined,6,Bottom,0,0,1,Undefined,Curveball,BallCalled,Undefined,Undefined,Undefined,0,0,NA,75.92233,-0.454978,-2.896031,2189.921064,61.765579,08:00:00,5.23052,1.77877,5.7479,-52.66267,-3.82032,-9.8917,0.41783,-1.74402,70.24414,-10.034897,-4.666783,0.503002,NA,NA,NA,NA,NA,NA,NA,NA,NA,NA,NA,4.2402,-1.39654,-1.53187,50,5.16037,5.92966,-110.2043,-2.52688,5.20202,20.02753,-33.88738,NWL_KG,LAK_C,HOMERSTRYKER,NWL,NWL,20250529-HOMERSTRYKER-1,9b5c5450-3cb2-11f0-a835-f9cb0487f947,74.93498,NA,NA,5.67819,NA,NA,NA,NA,NA,NA,45d07472-c160-48e7-9a7d-8b154baa4dec,2025-05-29,17:30:25,2025-05-29T17:30:25Z,2025-05-29T17:30:25Z,NA,v3,NA,NA,NA,"Duarte, Christian",10064346,R,LAK_C,321be900-7c9e-49c0-b3ed-2ccbef205588,54.75318,-111.06474,10.01377,5.23766,-1.07098,-16.94369,-1.78183,5.70616,2.60101,NA,NA,NA,NA,NA,NA,NA,NA,NA,NA,NA,NA,NA,NA,NA,NA,NA,NA,NA,NA,NA,NA,NA,NA,NA,NA,NA,NA,NA,NA,NA,NA,NA,NA,NA,NA,NA,NA,NA,NA,NA,NA,NA,NA,NA,NA,NA,NA,NA,NA,High,High,High,NA,NA,NA,NA,NA,NA,NA,NA,NA,NA,NA,NA,NA,NA,NA,NA,NA,NA,NA,NA,NA,NA,NA,NA,NA,NA,NA,NA,NA,NA,NA,NA,NA,NA,NA,NA,NA,NA,NA,NA,NA,NA,NA,NA,NA,NA,NA,NA,NA,NA,NA,NA,NA,NA,NA,NA,NA,NA
NA,NA,NA,NA,NA,NA,NA,NA,NA,NA,NA,NA,NA,NA,NA,NA,251,2025-05-29,13:30:44,2,3,"Bretza, Zander",1000213092,Right,LAK_C,"Dickerson, Gage",10105216,Left,NWL_KG,Undefined,6,Bottom,0,1,1,Undefined,Curveball,StrikeCalled,Undefined,Undefined,Undefined,0,0,NA,76.12188,0.736624,-0.468312,2168.850251,87.088898,09:00:00,5.12026,2.19627,5.47097,-47.94762,0.93134,-11.03969,1.81403,0.83802,70.11987,-8.014239,-2.436514,0.503191,NA,NA,NA,NA,NA,NA,NA,NA,NA,NA,NA,5.46414,0.68524,-2.14724,50,5.15207,1.31657,-110.5806,-0.12935,6.76964,19.61363,-31.32511,NWL_KG,LAK_C,HOMERSTRYKER,NWL,NWL,20250529-HOMERSTRYKER-1,a67758d0-3cb2-11f0-a835-f9cb0487f947,74.90689,NA,NA,6.00201,NA,NA,NA,NA,NA,NA,45d07472-c160-48e7-9a7d-8b154baa4dec,2025-05-29,17:30:44,2025-05-29T17:30:44Z,2025-05-29T17:30:44Z,NA,v3,NA,NA,NA,"Duarte, Christian",10064346,R,LAK_C,377f71ca-1902-40a3-b415-2ee6795ffacc,55.02935,-111.46908,9.80681,5.12579,1.28966,-15.66256,-2.19994,1.00991,3.38482,NA,NA,NA,NA,NA,NA,NA,NA,NA,NA,NA,NA,NA,NA,NA,NA,NA,NA,NA,NA,NA,NA,NA,NA,NA,NA,NA,NA,NA,NA,NA,NA,NA,NA,NA,NA,NA,NA,NA,NA,NA,NA,NA,NA,NA,NA,NA,NA,NA,NA,High,High,High,NA,NA,NA,NA,NA,NA,NA,NA,NA,NA,NA,NA,NA,NA,NA,NA,NA,NA,NA,NA,NA,NA,NA,NA,NA,NA,NA,NA,NA,NA,NA,NA,NA,NA,NA,NA,NA,NA,NA,NA,NA,NA,NA,NA,NA,NA,NA,NA,NA,NA,NA,NA,NA,NA,NA,NA,NA,NA
NA,NA,NA,NA,NA,NA,NA,NA,NA,NA,NA,NA,NA,NA,NA,NA,252,2025-05-29,13:31:03,2,4,"Bretza, Zander",1000213092,Right,LAK_C,"Dickerson, Gage",10105216,Left,NWL_KG,Undefined,6,Bottom,0,1,2,Undefined,Four-Seam,InPlay,Undefined,FlyBall,Out,1,0,NA,89.6631,-1.03583,-3.159906,2406.065366,226.143568,01:30:00,5.09475,2.31602,6.07891,-20.93678,13.37678,12.86264,2.39009,0.46135,82.4876,-4.969328,-0.846997,0.421604,95.84399,23.154813,-8.914596,2402.651073,108.48074,45.68956,-18.21771,336.83062,331.55165,-11.916695,4.690294,-7.48339,7.48658,-2.0785,50,5.00336,6.66844,-130.22338,-3.01039,-12.94193,25.52205,-19.2266,NWL_KG,LAK_C,HOMERSTRYKER,NWL,NWL,20250529-HOMERSTRYKER-1,b212d7f0-3cb2-11f0-a835-f9cb0487f947,89.40255,64.70316,NA,7.17549,NA,NA,NA,1.70898,2.44967,-0.45283,45d07472-c160-48e7-9a7d-8b154baa4dec,2025-05-29,17:31:03,2025-05-29T17:31:03Z,2025-05-29T17:31:03Z,LineDrive,v3,NA,NA,NA,"Duarte, Christian",10064346,R,LAK_C,43e6513a-2640-487f-a173-63584d1083c2,54.42132,-131.08704,12.76102,5.09422,-2.35977,-9.6133,-2.31157,7.10638,-6.47096,176.378549,1.70798,127.70811,-26.8224,6.4644,-1.52417,0.34871,-0.0642,0.00734,-3.6e-4,2.45123,55.2401,-11.80554,-0.82149,0.57007,-0.21427,0.04914,-0.00595,2.9e-4,-0.45299,-20.0246,3.17957,-1.01409,0.25576,-0.05029,0.00702,-6.2e-4,3e-5,NA,NA,NA,NA,NA,NA,NA,NA,NA,NA,NA,NA,NA,NA,NA,NA,NA,NA,NA,NA,NA,NA,High,High,High,High,High,NA,NA,NA,NA,NA,NA,NA,NA,NA,NA,NA,NA,NA,NA,NA,NA,NA,NA,NA,NA,NA,NA,NA,NA,NA,NA,NA,NA,NA,NA,NA,NA,NA,NA,NA,NA,NA,NA,NA,NA,NA,NA,NA,NA,NA,NA,NA,NA,NA,NA,NA,NA,NA,NA,NA,NA
NA,NA,NA,NA,NA,NA,NA,NA,NA,NA,NA,NA,NA,NA,NA,NA,253,2025-05-29,13:31:49,3,1,"Bretza, Zander",1000213092,Right,LAK_C,"Crisp, JD",825759,Left,NWL_KG,Undefined,6,Bottom,1,0,0,Undefined,Changeup,BallCalled,Undefined,Undefined,Undefined,0,0,NA,82.1127,-1.563025,-3.939825,1876.614379,252.312851,02:30:00,4.91982,2.27553,6.08985,-34.51025,6.87181,17.27777,0.59434,0.06515,75.15884,-7.965352,-0.831177,0.462996,NA,NA,NA,NA,NA,NA,NA,NA,NA,NA,NA,-10.17693,4.35654,-1.98087,50,4.78059,7.56929,-119.05661,-4.30774,-14.54603,23.74982,-25.94722,NWL_KG,LAK_C,HOMERSTRYKER,NWL,NWL,20250529-HOMERSTRYKER-1,cd2d7900-3cb2-11f0-a835-f9cb0487f947,81.40979,NA,NA,6.95386,NA,NA,NA,NA,NA,NA,45d07472-c160-48e7-9a7d-8b154baa4dec,2025-05-29,17:31:49,2025-05-29T17:31:49Z,2025-05-29T17:31:49Z,NA,v3,NA,NA,NA,"Duarte, Christian",10064346,R,LAK_C,7c693e73-c089-492c-a003-41cfdbd8e749,54.41117,-119.93334,11.87491,4.92193,-3.3499,-12.97361,-2.2702,8.10626,-7.27301,NA,NA,NA,NA,NA,NA,NA,NA,NA,NA,NA,NA,NA,NA,NA,NA,NA,NA,NA,NA,NA,NA,NA,NA,NA,NA,NA,NA,NA,NA,NA,NA,NA,NA,NA,NA,NA,NA,NA,NA,NA,NA,NA,NA,NA,NA,NA,NA,NA,NA,High,High,High,NA,NA,NA,NA,NA,NA,NA,NA,NA,NA,NA,NA,NA,NA,NA,NA,NA,NA,NA,NA,NA,NA,NA,NA,NA,NA,NA,NA,NA,NA,NA,NA,NA,NA,NA,NA,NA,NA,NA,NA,NA,NA,NA,NA,NA,NA,NA,NA,NA,NA,NA,NA,NA,NA,NA,NA,NA,NA
NA,NA,NA,NA,NA,NA,NA,NA,NA,NA,NA,NA,NA,NA,NA,NA,254,2025-05-29,13:32:14,3,2,"Bretza, Zander",1000213092,Right,LAK_C,"Crisp, JD",825759,Left,NWL_KG,Undefined,6,Bottom,1,1,0,Undefined,Four-Seam,StrikeCalled,Undefined,Undefined,Undefined,0,0,NA,89.60264,-1.481796,-2.526098,2486.537142,222.166711,01:30:00,5.10981,2.19401,6.19012,-17.99615,16.20804,13.75477,2.24039,1.00645,82.41016,-4.89406,-0.045605,0.420931,NA,NA,NA,NA,NA,NA,NA,NA,NA,NA,NA,-7.76957,9.09315,-2.0103,50,4.98875,5.18522,-130.1862,-3.88956,-13.42582,25.57184,-16.46106,NWL_KG,LAK_C,HOMERSTRYKER,NWL,NWL,20250529-HOMERSTRYKER-1,dbe07150-3cb2-11f0-a835-f9cb0487f947,89.5454,NA,NA,7.19248,NA,NA,NA,NA,NA,NA,45d07472-c160-48e7-9a7d-8b154baa4dec,2025-05-29,17:32:14,2025-05-29T17:32:14Z,2025-05-29T17:32:14Z,NA,v3,NA,NA,NA,"Duarte, Christian",10064346,R,LAK_C,0cb820fe-788f-473d-9522-25a26a2f9a59,54.30923,-131.02991,12.78592,5.10812,-3.34645,-8.23053,-2.18868,5.62819,-6.71291,NA,NA,NA,NA,NA,NA,NA,NA,NA,NA,NA,NA,NA,NA,NA,NA,NA,NA,NA,NA,NA,NA,NA,NA,NA,NA,NA,NA,NA,NA,NA,NA,NA,NA,NA,NA,NA,NA,NA,NA,NA,NA,NA,NA,NA,NA,NA,NA,NA,NA,High,High,High,NA,NA,NA,NA,NA,NA,NA,NA,NA,NA,NA,NA,NA,NA,NA,NA,NA,NA,NA,NA,NA,NA,NA,NA,NA,NA,NA,NA,NA,NA,NA,NA,NA,NA,NA,NA,NA,NA,NA,NA,NA,NA,NA,NA,NA,NA,NA,NA,NA,NA,NA,NA,NA,NA,NA,NA,NA,NA
NA,NA,NA,NA,NA,NA,NA,NA,NA,NA,NA,NA,NA,NA,NA,NA,255,2025-05-29,13:32:35,3,3,"Bretza, Zander",1000213092,Right,LAK_C,"Crisp, JD",825759,Left,NWL_KG,Undefined,6,Bottom,1,1,1,Undefined,Changeup,BallCalled,Undefined,Undefined,Undefined,0,0,NA,83.60689,-1.894834,-3.900457,1760.520614,242.133408,02:00:00,5.00258,2.21967,6.11333,-30.80726,8.77091,14.30792,0.67861,-0.2,77.07816,-7.608657,-1.326114,0.452791,NA,NA,NA,NA,NA,NA,NA,NA,NA,NA,NA,-8.50808,5.37803,-1.92788,50,4.84057,7.7417299999999996,-121.2891,-4.96553,-12.73233,22.70116,-24.12581,NWL_KG,LAK_C,HOMERSTRYKER,NWL,NWL,20250529-HOMERSTRYKER-1,e8deb4c0-3cb2-11f0-a835-f9cb0487f947,83.24441,NA,NA,6.52874,NA,NA,NA,NA,NA,NA,45d07472-c160-48e7-9a7d-8b154baa4dec,2025-05-29,17:32:35,2025-05-29T17:32:35Z,2025-05-29T17:32:35Z,NA,v3,NA,NA,NA,"Duarte, Christian",10064346,R,LAK_C,51bbca09-6299-4547-a6c7-a86e124dd790,54.38782,-122.10759,11.35058,5.00392,-4.09568,-12.0629,-2.21529,8.20079,-6.36616,NA,NA,NA,NA,NA,NA,NA,NA,NA,NA,NA,NA,NA,NA,NA,NA,NA,NA,NA,NA,NA,NA,NA,NA,NA,NA,NA,NA,NA,NA,NA,NA,NA,NA,NA,NA,NA,NA,NA,NA,NA,NA,NA,NA,NA,NA,NA,NA,NA,NA,High,High,High,NA,NA,NA,NA,NA,NA,NA,NA,NA,NA,NA,NA,NA,NA,NA,NA,NA,NA,NA,NA,NA,NA,NA,NA,NA,NA,NA,NA,NA,NA,NA,NA,NA,NA,NA,NA,NA,NA,NA,NA,NA,NA,NA,NA,NA,NA,NA,NA,NA,NA,NA,NA,NA,NA,NA,NA,NA,NA
NA,NA,NA,NA,NA,NA,NA,NA,NA,NA,NA,NA,NA,NA,NA,NA,256,2025-05-29,13:33:02,3,4,"Bretza, Zander",1000213092,Right,LAK_C,"Crisp, JD",825759,Left,NWL_KG,Undefined,6,Bottom,1,2,1,Undefined,Curveball,StrikeSwinging,Undefined,Undefined,Undefined,0,0,NA,76.67997,0.531173,-1.894171,2278.140071,64.883897,08:15:00,4.96839,2.32768,5.61276,-51.62337,-3.49473,-10.66075,1.1625,-0.32929,70.57841,-8.881107,-3.798803,0.499313,NA,NA,NA,NA,NA,NA,NA,NA,NA,NA,NA,4.88894,-1.52358,-2.15869,50,4.98021,4.07584,-111.34281,-0.63215,6.11384,20.70541,-34.07939,NWL_KG,LAK_C,HOMERSTRYKER,NWL,NWL,20250529-HOMERSTRYKER-1,f8d354d0-3cb2-11f0-a835-f9cb0487f947,75.48856,NA,NA,6.10156,NA,NA,NA,NA,NA,NA,45d07472-c160-48e7-9a7d-8b154baa4dec,2025-05-29,17:33:02,2025-05-29T17:33:02Z,2025-05-29T17:33:02Z,NA,v3,NA,NA,NA,"Duarte, Christian",10064346,R,LAK_C,ceda765b-f422-420a-a70f-9cab760acc73,54.88818,-112.24814,10.35271,4.97527,0.85795,-17.03969,-2.33106,3.80852,3.05692,NA,NA,NA,NA,NA,NA,NA,NA,NA,NA,NA,NA,NA,NA,NA,NA,NA,NA,NA,NA,NA,NA,NA,NA,NA,NA,NA,NA,NA,NA,NA,NA,NA,NA,NA,NA,NA,NA,NA,NA,NA,NA,NA,NA,NA,NA,NA,NA,NA,NA,High,High,High,NA,NA,NA,NA,NA,NA,NA,NA,NA,NA,NA,NA,NA,NA,NA,NA,NA,NA,NA,NA,NA,NA,NA,NA,NA,NA,NA,NA,NA,NA,NA,NA,NA,NA,NA,NA,NA,NA,NA,NA,NA,NA,NA,NA,NA,NA,NA,NA,NA,NA,NA,NA,NA,NA,NA,NA,NA,NA
NA,NA,NA,NA,NA,NA,NA,NA,NA,NA,NA,NA,NA,NA,NA,NA,257,2025-05-29,13:33:25,3,5,"Bretza, Zander",1000213092,Right,LAK_C,"Crisp, JD",825759,Left,NWL_KG,Undefined,6,Bottom,1,2,2,Undefined,Four-Seam,FoulBallNotFieldable,Undefined,Undefined,Undefined,0,0,NA,89.96399,-0.841699,-2.7269,2441.037745,209.748583,01:00:00,5.07182,2.27951,6.12818,-16.22454,17.86505,9.61737,2.94081,0.55843,82.46619,-3.939786,-0.995804,0.420225,70.20013,72.135078,-77.206921,2573.309881,NA,NA,NA,NA,29.52888,NA,NA,-5.73323,9.79678,-2.07606,50,4.99896,5.83749,-130.68538,-2.38004,-9.95394,26.52815,-15.16502,NWL_KG,LAK_C,HOMERSTRYKER,NWL,NWL,20250529-HOMERSTRYKER-1,0682e6e0-3cb3-11f0-a835-f9cb0487f947,89.69578,77.45846,NA,7.4978,NA,NA,NA,NA,NA,NA,45d07472-c160-48e7-9a7d-8b154baa4dec,2025-05-29,17:33:25,2025-05-29T17:33:25Z,2025-05-29T17:33:25Z,NA,v3,NA,NA,NA,"Duarte, Christian",10064346,R,LAK_C,552bee4a-f731-4b45-991e-22f679820420,54.3717,-131.56981,13.26408,5.06988,-1.87445,-7.58251,-2.27621,6.16935,-4.97697,NA,3.36729,6.99558,-6.13291,2.18499,-1.727,2.5819,-2.35464,1.06536,-0.18314,5.99324,97.99565,-26.04729,3.05021,-0.69067,0.22481,-0.08711,0.00909,0.00518,-0.9835,-30.80089,1.31387,0.06102,-0.44318,0.80489,-0.7606,0.35314,-0.06287,NA,NA,NA,NA,NA,NA,NA,NA,NA,NA,NA,NA,NA,NA,NA,NA,NA,NA,NA,NA,NA,NA,High,High,High,Low,Undefined,NA,NA,NA,NA,NA,NA,NA,NA,NA,NA,NA,NA,NA,NA,NA,NA,NA,NA,NA,NA,NA,NA,NA,NA,NA,NA,NA,NA,NA,NA,NA,NA,NA,NA,NA,NA,NA,NA,NA,NA,NA,NA,NA,NA,NA,NA,NA,NA,NA,NA,NA,NA,NA,NA,NA,NA
NA,NA,NA,NA,NA,NA,NA,NA,NA,NA,NA,NA,NA,NA,NA,NA,258,2025-05-29,13:34:13,3,6,"Bretza, Zander",1000213092,Right,LAK_C,"Crisp, JD",825759,Left,NWL_KG,Undefined,6,Bottom,1,2,2,Undefined,Slider,BallCalled,Undefined,Undefined,Undefined,0,0,NA,76.32546,1.922863,1.873152,2361.155425,74.626101,08:30:00,5.11562,2.12807,5.55836,-51.31318,-2.90795,-15.85643,2.63769,2.55741,70.2715,-7.449035,-0.956309,0.500746,NA,NA,NA,NA,NA,NA,NA,NA,NA,NA,NA,8.50008,-1.51969,-2.27925,50,5.24792,-3.02489,-110.837,2.04663,10.610290000000001,19.17072,-34.07101,NWL_KG,LAK_C,HOMERSTRYKER,NWL,NWL,20250529-HOMERSTRYKER-1,22fd17f0-3cb3-11f0-a835-f9cb0487f947,75.27259,NA,NA,6.05396,NA,NA,NA,NA,NA,NA,45d07472-c160-48e7-9a7d-8b154baa4dec,2025-05-29,17:34:13,2025-05-29T17:34:13Z,2025-05-29T17:34:13Z,NA,v3,NA,NA,NA,"Duarte, Christian",10064346,R,LAK_C,a0196f6e-f5d3-442d-8304-d3a39076f29f,54.9429,-111.68867,9.58536,5.12338,3.56025,-17.03551,-2.1344,-3.49625,5.30514,NA,NA,NA,NA,NA,NA,NA,NA,NA,NA,NA,NA,NA,NA,NA,NA,NA,NA,NA,NA,NA,NA,NA,NA,NA,NA,NA,NA,NA,NA,NA,NA,NA,NA,NA,NA,NA,NA,NA,NA,NA,NA,NA,NA,NA,NA,NA,NA,NA,NA,High,High,High,NA,NA,NA,NA,NA,NA,NA,NA,NA,NA,NA,NA,NA,NA,NA,NA,NA,NA,NA,NA,NA,NA,NA,NA,NA,NA,NA,NA,NA,NA,NA,NA,NA,NA,NA,NA,NA,NA,NA,NA,NA,NA,NA,NA,NA,NA,NA,NA,NA,NA,NA,NA,NA,NA,NA,NA,NA,NA
NA,NA,NA,NA,NA,NA,NA,NA,NA,NA,NA,NA,NA,NA,NA,NA,259,2025-05-29,13:34:36,3,7,"Bretza, Zander",1000213092,Right,LAK_C,"Crisp, JD",825759,Left,NWL_KG,Undefined,6,Bottom,1,3,2,Undefined,Four-Seam,InPlay,Undefined,FlyBall,Out,1,0,NA,89.95274,-1.218069,-3.131783,2460.832632,206.693475,01:00:00,5.18316,2.18062,6.00552,-17.48253,16.75839,7.90847,2.59589,-0.06482,82.62117,-4.528559,-1.712418,0.421157,90.00104,38.707301,20.074871,3090.5469,101.39892999999999,82.18583,42.64061,289.25828,285.0485,27.200763,5.674719,-4.92213,9.278,-1.93883,50,5.07773,6.82368,-130.60103,-3.30392,-8.54928,26.05273,-16.05906,NWL_KG,LAK_C,HOMERSTRYKER,NWL,NWL,20250529-HOMERSTRYKER-1,30e59450-3cb3-11f0-a835-f9cb0487f947,89.49733,105.52031,NA,7.33157,NA,NA,NA,2.95986,2.77425,0.05369,45d07472-c160-48e7-9a7d-8b154baa4dec,2025-05-29,17:34:36,2025-05-29T17:34:36Z,2025-05-29T17:34:36Z,FlyBall,v3,NA,NA,NA,"Duarte, Christian",10064346,R,LAK_C,b5813d36-d3af-409f-9950-2f4083b95af5,54.49451,-131.49456,13.02636,5.1816,-2.75315,-8.02953,-2.17788,7.11689,-4.27464,198.930322,2.97174,96.51865,-22.83679,4.50992,-0.16187000000000001,-0.22618,0.06621,-0.0076,3.2e-4,2.76819,82.64938,-19.17215,1.5516,-0.3755,0.07482,-0.0034,-8.6e-4,8e-5,0.05517,35.3271,-2.53573,-0.49255,0.37517,-0.13285,0.02843,-0.00323,1.5e-4,NA,NA,NA,NA,NA,NA,NA,NA,NA,NA,NA,NA,NA,NA,NA,NA,NA,NA,NA,NA,NA,NA,High,High,High,High,Medium,NA,NA,NA,NA,NA,NA,NA,NA,NA,NA,NA,NA,NA,NA,NA,NA,NA,NA,NA,NA,NA,NA,NA,NA,NA,NA,NA,NA,NA,NA,NA,NA,NA,NA,NA,NA,NA,NA,NA,NA,NA,NA,NA,NA,NA,NA,NA,NA,NA,NA,NA,NA,NA,NA,NA,NA
NA,NA,NA,NA,NA,NA,NA,NA,NA,NA,NA,NA,NA,NA,NA,NA,260,2025-05-29,13:35:21,4,1,"Bretza, Zander",1000213092,Right,LAK_C,"Williams, Daniel",10019032,Right,NWL_KG,Undefined,6,Bottom,2,0,0,Undefined,Sinker,BallCalled,Undefined,Undefined,Undefined,0,0,NA,89.60475,-2.439972,-2.715322,2380.915888,221.711176,01:30:00,5.26791,2.17123,6.06597,-18.33942,16.28753,13.52713,1.47767,0.78374,81.99006,-5.912643,-0.281642,0.423525,NA,NA,NA,NA,NA,NA,NA,NA,NA,NA,NA,-7.77733,9.42701,-1.96801,50,5.06869,5.61739,-130.01061,-6.08944,-13.31014,27.28209,-16.04059,NWL_KG,LAK_C,HOMERSTRYKER,NWL,NWL,20250529-HOMERSTRYKER-1,4ba08930-3cb3-11f0-a835-f9cb0487f947,88.99705,NA,NA,7.6147,NA,NA,NA,NA,NA,NA,45d07472-c160-48e7-9a7d-8b154baa4dec,2025-05-29,17:35:21,2025-05-29T17:35:21Z,2025-05-29T17:35:21Z,NA,v3,NA,NA,NA,"Duarte, Christian",10064346,R,LAK_C,c66f169d-c0c4-4c56-8886-977d7279139a,54.4338,-130.93772,13.64105,5.26636,-5.54434,-8.0203,-2.16658,6.0697,-6.65507,NA,NA,NA,NA,NA,NA,NA,NA,NA,NA,NA,NA,NA,NA,NA,NA,NA,NA,NA,NA,NA,NA,NA,NA,NA,NA,NA,NA,NA,NA,NA,NA,NA,NA,NA,NA,NA,NA,NA,NA,NA,NA,NA,NA,NA,NA,NA,NA,NA,NA,High,High,High,NA,NA,NA,NA,NA,NA,NA,NA,NA,NA,NA,NA,NA,NA,NA,NA,NA,NA,NA,NA,NA,NA,NA,NA,NA,NA,NA,NA,NA,NA,NA,NA,NA,NA,NA,NA,NA,NA,NA,NA,NA,NA,NA,NA,NA,NA,NA,NA,NA,NA,NA,NA,NA,NA,NA,NA,NA,NA
NA,NA,NA,NA,NA,NA,NA,NA,NA,NA,NA,NA,NA,NA,NA,NA,261,2025-05-29,13:35:39,4,2,"Bretza, Zander",1000213092,Right,LAK_C,"Williams, Daniel",10019032,Right,NWL_KG,Undefined,6,Bottom,2,1,0,Undefined,Four-Seam,BallCalled,Undefined,Undefined,Undefined,0,0,NA,89.32899,-0.355479,-4.192215,2473.021779,219.115538,01:15:00,5.17271,2.15008,5.92735,-16.94883,18.21595,13.87595,3.42958,-0.59034,81.23343,-3.593108,-1.709907,0.426801,NA,NA,NA,NA,NA,NA,NA,NA,NA,NA,NA,-8.25441,9.7563,-1.82208,50,5.13456,8.89097,-129.42628,-1.28596,-13.97626,27.46531,-15.65484,NWL_KG,LAK_C,HOMERSTRYKER,NWL,NWL,20250529-HOMERSTRYKER-1,560b9ea0-3cb3-11f0-a835-f9cb0487f947,88.31386,NA,NA,8.09556,NA,NA,NA,NA,NA,NA,45d07472-c160-48e7-9a7d-8b154baa4dec,2025-05-29,17:35:39,2025-05-29T17:35:39Z,2025-05-29T17:35:39Z,NA,v3,NA,NA,NA,"Duarte, Christian",10064346,R,LAK_C,58f126bc-97eb-41a5-b125-8b4487105752,54.56995,-130.39245,13.73265,5.17011,-0.73526,-7.82742,-2.14349,9.38262,-6.98813,NA,NA,NA,NA,NA,NA,NA,NA,NA,NA,NA,NA,NA,NA,NA,NA,NA,NA,NA,NA,NA,NA,NA,NA,NA,NA,NA,NA,NA,NA,NA,NA,NA,NA,NA,NA,NA,NA,NA,NA,NA,NA,NA,NA,NA,NA,NA,NA,NA,NA,High,High,High,NA,NA,NA,NA,NA,NA,NA,NA,NA,NA,NA,NA,NA,NA,NA,NA,NA,NA,NA,NA,NA,NA,NA,NA,NA,NA,NA,NA,NA,NA,NA,NA,NA,NA,NA,NA,NA,NA,NA,NA,NA,NA,NA,NA,NA,NA,NA,NA,NA,NA,NA,NA,NA,NA,NA,NA,NA,NA
NA,NA,NA,NA,NA,NA,NA,NA,NA,NA,NA,NA,NA,NA,NA,NA,262,2025-05-29,13:35:58,4,3,"Bretza, Zander",1000213092,Right,LAK_C,"Williams, Daniel",10019032,Right,NWL_KG,Undefined,6,Bottom,2,2,0,Undefined,Changeup,BallCalled,Undefined,Undefined,Undefined,0,0,NA,84.44066,-1.621404,-2.131524,1875.853623,260.404478,02:45:00,4.94733,2.072,6.32538,-34.26368,4.39414,18.61788,0.59742,1.65964,77.4117,-7.992144,1.242348,0.447497,NA,NA,NA,NA,NA,NA,NA,NA,NA,NA,NA,-10.43638,3.08276,-1.92538,50,4.81247,3.89073,-122.68959,-4.51755,-15.83189,25.35315,-27.49756,NWL_KG,LAK_C,HOMERSTRYKER,NWL,NWL,20250529-HOMERSTRYKER-1,61db2610-3cb3-11f0-a835-f9cb0487f947,84.22949,NA,NA,7.02896,NA,NA,NA,NA,NA,NA,45d07472-c160-48e7-9a7d-8b154baa4dec,2025-05-29,17:35:58,2025-05-29T17:35:58Z,2025-05-29T17:35:58Z,NA,v3,NA,NA,NA,"Duarte, Christian",10064346,R,LAK_C,94bab6e9-9880-4686-988e-e08cbf5456ee,54.17602,-123.54952,12.67658,4.94989,-3.58488,-13.74878,-2.06646,4.42772,-7.91595,NA,NA,NA,NA,NA,NA,NA,NA,NA,NA,NA,NA,NA,NA,NA,NA,NA,NA,NA,NA,NA,NA,NA,NA,NA,NA,NA,NA,NA,NA,NA,NA,NA,NA,NA,NA,NA,NA,NA,NA,NA,NA,NA,NA,NA,NA,NA,NA,NA,NA,High,High,High,NA,NA,NA,NA,NA,NA,NA,NA,NA,NA,NA,NA,NA,NA,NA,NA,NA,NA,NA,NA,NA,NA,NA,NA,NA,NA,NA,NA,NA,NA,NA,NA,NA,NA,NA,NA,NA,NA,NA,NA,NA,NA,NA,NA,NA,NA,NA,NA,NA,NA,NA,NA,NA,NA,NA,NA,NA,NA
NA,NA,NA,NA,NA,NA,NA,NA,NA,NA,NA,NA,NA,NA,NA,NA,263,2025-05-29,13:36:22,4,4,"Bretza, Zander",1000213092,Right,LAK_C,"Williams, Daniel",10019032,Right,NWL_KG,Undefined,6,Bottom,2,3,0,Undefined,Four-Seam,BallCalled,Walk,Undefined,Undefined,0,0,NA,89.36157,-0.845418,-4.787645,2333.549447,216.94241,01:15:00,5.20487,2.00219,6.2358,-19.28698,15.27182,10.68709,2.81496,-1.53402,81.90151,-4.498504,-2.867591,0.423107,NA,NA,NA,NA,NA,NA,NA,NA,NA,NA,NA,-6.76969,8.45717,-1.6494,50,5.13185,10.40822,-129.49696,-2.47344,-11.55409,25.75116,-17.73985,NWL_KG,LAK_C,HOMERSTRYKER,NWL,NWL,20250529-HOMERSTRYKER-1,6fe1ffe0-3cb3-11f0-a835-f9cb0487f947,89.08478,NA,NA,7.46005,NA,NA,NA,NA,NA,NA,45d07472-c160-48e7-9a7d-8b154baa4dec,2025-05-29,17:36:22,2025-05-29T17:36:22Z,2025-05-29T17:36:22Z,NA,v3,NA,NA,NA,"Duarte, Christian",10064346,R,LAK_C,76c247bd-1ccd-4f2f-8bc2-dd699645ae9d,54.26211,-130.34175,12.87558,5.20345,-1.89147,-8.86992,-1.99707,10.78726,-5.77704,NA,NA,NA,NA,NA,NA,NA,NA,NA,NA,NA,NA,NA,NA,NA,NA,NA,NA,NA,NA,NA,NA,NA,NA,NA,NA,NA,NA,NA,NA,NA,NA,NA,NA,NA,NA,NA,NA,NA,NA,NA,NA,NA,NA,NA,NA,NA,NA,NA,NA,High,High,High,NA,NA,NA,NA,NA,NA,NA,NA,NA,NA,NA,NA,NA,NA,NA,NA,NA,NA,NA,NA,NA,NA,NA,NA,NA,NA,NA,NA,NA,NA,NA,NA,NA,NA,NA,NA,NA,NA,NA,NA,NA,NA,NA,NA,NA,NA,NA,NA,NA,NA,NA,NA,NA,NA,NA,NA,NA,NA
NA,NA,NA,NA,NA,NA,NA,NA,NA,NA,NA,NA,NA,NA,NA,NA,264,2025-05-29,13:37:10,5,1,"Bretza, Zander",1000213092,Right,LAK_C,"Acres, Brodey",1000233797,Right,NWL_KG,Undefined,6,Bottom,2,0,0,Undefined,Slider,BallCalled,Undefined,Undefined,Undefined,0,0,NA,78.18526,-0.288664,-2.952438,2348.332413,93.141128,09:00:00,5.13905,1.84783,5.78208,-43.95959,2.31339,-14.90946,1.20682,-2.14399,71.70606,-8.3469,-5.617417,0.489593,NA,NA,NA,NA,NA,NA,NA,NA,NA,NA,NA,6.70091,1.74181,-1.59526,50,5.08902,6.40967,-113.38748,-1.96252,8.65441,22.27141,-29.92448,NWL_KG,LAK_C,HOMERSTRYKER,NWL,NWL,20250529-HOMERSTRYKER-1,8c97b350-3cb3-11f0-a835-f9cb0487f947,76.98729,NA,NA,6.4792,NA,NA,NA,NA,NA,NA,45d07472-c160-48e7-9a7d-8b154baa4dec,2025-05-29,17:37:10,2025-05-29T17:37:10Z,2025-05-29T17:37:10Z,NA,v3,NA,NA,NA,"Duarte, Christian",10064346,R,LAK_C,7be81f3d-640b-449c-80c6-af9428a28462,54.71643,-114.31012,11.13571,5.14465,-0.72283,-14.96224,-1.85337,6.05115,4.3272,NA,NA,NA,NA,NA,NA,NA,NA,NA,NA,NA,NA,NA,NA,NA,NA,NA,NA,NA,NA,NA,NA,NA,NA,NA,NA,NA,NA,NA,NA,NA,NA,NA,NA,NA,NA,NA,NA,NA,NA,NA,NA,NA,NA,NA,NA,NA,NA,NA,NA,High,High,High,NA,NA,NA,NA,NA,NA,NA,NA,NA,NA,NA,NA,NA,NA,NA,NA,NA,NA,NA,NA,NA,NA,NA,NA,NA,NA,NA,NA,NA,NA,NA,NA,NA,NA,NA,NA,NA,NA,NA,NA,NA,NA,NA,NA,NA,NA,NA,NA,NA,NA,NA,NA,NA,NA,NA,NA,NA,NA
NA,NA,NA,NA,NA,NA,NA,NA,NA,NA,NA,NA,NA,NA,NA,NA,265,2025-05-29,13:37:32,5,2,"Bretza, Zander",1000213092,Right,LAK_C,"Acres, Brodey",1000233797,Right,NWL_KG,Undefined,6,Bottom,2,1,0,Undefined,Changeup,FoulBallNotFieldable,Undefined,Undefined,Undefined,0,0,NA,85.73625,-0.678768,-3.585119,1814.088298,239.291358,02:00:00,5.09891,2.00561,6.31219,-26.22108,11.26501,16.94741,2.28733,0.11117,78.3665,-5.61267,-0.525011,0.440663,76.49547,54.741784,64.175438,5200.654436,22.31369,100.54162,107.71293,183.41283,85.03301,82.229002,5.0748,-9.83819,6.40992,-1.75068,50,5.03653,7.15091,-124.44,-2.24895,-15.4139,25.16644,-22.13136,NWL_KG,LAK_C,HOMERSTRYKER,NWL,NWL,20250529-HOMERSTRYKER-1,99857c00-3cb3-11f0-a835-f9cb0487f947,85.53579,101.23151,NA,7.36975,NA,NA,NA,0.82406,1.70357,-1.17403,45d07472-c160-48e7-9a7d-8b154baa4dec,2025-05-29,17:37:32,2025-05-29T17:37:32Z,2025-05-29T17:37:32Z,FlyBall,v3,NA,NA,NA,"Duarte, Christian",10064346,R,LAK_C,fb924d00-7b26-461c-948f-11eb8808aada,54.18738,-125.28398,12.58322,5.0995,-1.50675,-11.06568,-1.99916,7.66783,-7.70695,NA,0.83838,27.85133,-14.06699,2.19085,1.59438,-1.17486,0.33543,-0.04499,0.00233,1.68531,91.96353,-26.74349,4.49516,-1.69316,0.49949,-0.08061,0.00575,-1.1e-4,-1.17677,58.32212,-10.21769,2.07835,-0.06461,-0.16649,0.06251,-0.00943,5.2e-4,NA,NA,NA,NA,NA,NA,NA,NA,NA,NA,NA,NA,NA,NA,NA,NA,NA,NA,NA,NA,NA,NA,High,High,High,Medium,Low,NA,NA,NA,NA,NA,NA,NA,NA,NA,NA,NA,NA,NA,NA,NA,NA,NA,NA,NA,NA,NA,NA,NA,NA,NA,NA,NA,NA,NA,NA,NA,NA,NA,NA,NA,NA,NA,NA,NA,NA,NA,NA,NA,NA,NA,NA,NA,NA,NA,NA,NA,NA,NA,NA,NA,NA
NA,NA,NA,NA,NA,NA,NA,NA,NA,NA,NA,NA,NA,NA,NA,NA,266,2025-05-29,13:38:05,5,3,"Bretza, Zander",1000213092,Right,LAK_C,"Acres, Brodey",1000233797,Right,NWL_KG,Undefined,6,Bottom,2,1,1,Undefined,Slider,FoulBallNotFieldable,Undefined,Undefined,Undefined,0,0,NA,77.71701,0.932911,-0.556604,2311.471974,75.43542,08:30:00,5.05232,2.06941,5.63929,-48.5266,-1.94898,-12.91296,1.87885,0.47406,71.61642,-7.937712,-2.865892,0.491202,61.79717,65.656957,61.274362000000004,4873.057256,NA,NA,NA,107.55908,44.3602,79.912046,4.486836,6.43504,-0.86402,-2.01357,50,5.10029,1.57879,-112.9434,0.26354,8.31664,20.46522,-33.29069,NWL_KG,LAK_C,HOMERSTRYKER,NWL,NWL,20250529-HOMERSTRYKER-1,ad9dfc30-3cb3-11f0-a835-f9cb0487f947,76.73513,83.50329,NA,6.10059,NA,NA,NA,1.09729,1.98912,-0.55076,45d07472-c160-48e7-9a7d-8b154baa4dec,2025-05-29,17:38:05,2025-05-29T17:38:05Z,2025-05-29T17:38:05Z,Popup,v3,NA,NA,NA,"Duarte, Christian",10064346,R,LAK_C,b5855858-5d4b-47b2-a2d2-dc6c59cf5857,54.86193,-113.82096,10.23261,5.05839,1.69107,-16.64535,-2.07362,1.22216,4.15832,201.226008,1.09305,17.97624,-10.29325,2.64467,0.73104,-0.95774,0.35805,-0.05987,0.00378,1.98211,82.73562,-25.54078,3.73534,-1.27097,0.36156,-0.05543,0.00254,1.2e-4,-0.55146,32.77781,-3.87736,0.75076,-0.16957,0.05877,-0.01911,0.00354,-2.6e-4,NA,NA,NA,NA,NA,NA,NA,NA,NA,NA,NA,NA,NA,NA,NA,NA,NA,NA,NA,NA,NA,NA,High,High,High,Medium,Low,NA,NA,NA,NA,NA,NA,NA,NA,NA,NA,NA,NA,NA,NA,NA,NA,NA,NA,NA,NA,NA,NA,NA,NA,NA,NA,NA,NA,NA,NA,NA,NA,NA,NA,NA,NA,NA,NA,NA,NA,NA,NA,NA,NA,NA,NA,NA,NA,NA,NA,NA,NA,NA,NA,NA,NA
NA,NA,NA,NA,NA,NA,NA,NA,NA,NA,NA,NA,NA,NA,NA,NA,267,2025-05-29,13:38:51,5,4,"Bretza, Zander",1000213092,Right,LAK_C,"Acres, Brodey",1000233797,Right,NWL_KG,Undefined,6,Bottom,2,1,2,Undefined,Curveball,InPlay,Undefined,GroundBall,Single,0,0,NA,76.98642,1.298683,0.0696,2309.272751,71.43409,08:30:00,5.19827,2.07117,5.57043,-50.36798,-2.45866,-11.94316,2.21423,1.14092,70.43316,-7.919338,-2.063947,0.498174,82.39317,-12.625507,-38.612806,NA,NA,NA,NA,11.80472,11.11611,-37.255936,0.083113,6.08788,-1.20441,-2.06902,50,5.27693,0.31381,-111.78074,0.89403,7.65463,21.32147,-33.6884,NWL_KG,LAK_C,HOMERSTRYKER,NWL,NWL,20250529-HOMERSTRYKER-1,c910f670-3cb3-11f0-a835-f9cb0487f947,75.66112,2.19997,NA,6.55326,NA,NA,NA,1.72146,2.19997,-1.01712,45d07472-c160-48e7-9a7d-8b154baa4dec,2025-05-29,17:38:51,2025-05-29T17:38:51Z,2025-05-29T17:38:51Z,GroundBall,v3,NA,NA,NA,"Duarte, Christian",10064346,R,LAK_C,e6f4aa06-500f-4509-86ba-7a0c9941df45,54.92986,-112.71716,10.66074,5.20517,2.37359,-16.8442,-2.07542,-0.02238,3.82731,180,1.71885,92.33645,NA,NA,NA,NA,NA,NA,NA,2.20072,-26.46955,NA,NA,NA,NA,NA,NA,NA,-1.01503,-73.74502,NA,NA,NA,NA,NA,NA,NA,NA,NA,NA,NA,NA,NA,NA,NA,NA,NA,NA,NA,NA,NA,NA,NA,NA,NA,NA,NA,NA,NA,High,High,High,Low,Low,NA,NA,NA,NA,NA,NA,NA,NA,NA,NA,NA,NA,NA,NA,NA,NA,NA,NA,NA,NA,NA,NA,NA,NA,NA,NA,NA,NA,NA,NA,NA,NA,NA,NA,NA,NA,NA,NA,NA,NA,NA,NA,NA,NA,NA,NA,NA,NA,NA,NA,NA,NA,NA,NA,NA,NA
NA,NA,NA,NA,NA,NA,NA,NA,NA,NA,NA,NA,NA,NA,NA,NA,268,2025-05-29,13:39:33,6,1,"Bretza, Zander",1000213092,Right,LAK_C,"Rodriguez, Evan",1000115944,Right,NWL_KG,Undefined,6,Bottom,2,0,0,Undefined,Slider,StrikeCalled,Undefined,Undefined,Undefined,0,0,NA,76.94512,0.621136,-0.458881,2275.527198,91.785844,09:00:00,5.24388,1.76088,5.58752,-46.08361,1.98835,-12.23725,1.98363,0.3126,70.21928,-7.839633,-2.645042,0.499019,NA,NA,NA,NA,NA,NA,NA,NA,NA,NA,NA,6.05847,1.29095,-1.7133,50,5.26729,1.35881,-111.67675,-0.26716,7.58141,21.82404,-30.55862,NWL_KG,LAK_C,HOMERSTRYKER,NWL,NWL,20250529-HOMERSTRYKER-1,e1973100-3cb3-11f0-a835-f9cb0487f947,75.53302,NA,NA,6.72585,NA,NA,NA,NA,NA,NA,45d07472-c160-48e7-9a7d-8b154baa4dec,2025-05-29,17:39:33,2025-05-29T17:39:33Z,2025-05-29T17:39:33Z,NA,v3,NA,NA,NA,"Duarte, Christian",10064346,R,LAK_C,9fb80ffb-04b9-467d-94b2-53b23bd0da38,54.91099,-112.63238,10.91202,5.2497,1.07093,-15.27931,-1.76553,1.02684,3.79071,NA,NA,NA,NA,NA,NA,NA,NA,NA,NA,NA,NA,NA,NA,NA,NA,NA,NA,NA,NA,NA,NA,NA,NA,NA,NA,NA,NA,NA,NA,NA,NA,NA,NA,NA,NA,NA,NA,NA,NA,NA,NA,NA,NA,NA,NA,NA,NA,NA,NA,High,High,High,NA,NA,NA,NA,NA,NA,NA,NA,NA,NA,NA,NA,NA,NA,NA,NA,NA,NA,NA,NA,NA,NA,NA,NA,NA,NA,NA,NA,NA,NA,NA,NA,NA,NA,NA,NA,NA,NA,NA,NA,NA,NA,NA,NA,NA,NA,NA,NA,NA,NA,NA,NA,NA,NA,NA,NA,NA,NA
NA,NA,NA,NA,NA,NA,NA,NA,NA,NA,NA,NA,NA,NA,NA,NA,269,2025-05-29,13:39:49,6,2,"Bretza, Zander",1000213092,Right,LAK_C,"Rodriguez, Evan",1000115944,Right,NWL_KG,Undefined,6,Bottom,2,0,1,Undefined,Four-Seam,BallCalled,Undefined,Undefined,Undefined,0,0,NA,90.06858,-1.938248,-1.2610730000000001,2392.449583,214.429848,01:15:00,5.0437,1.83985,5.98871,-17.8778,16.47525,10.53461,1.75642,1.5488,82.29015,-5.327591,0.633388,0.421846,NA,NA,NA,NA,NA,NA,NA,NA,NA,NA,NA,-5.80662,9.36662,-1.74635,50,4.88096,2.4437,-130.79366,-4.96284,-10.04005,28.05971,-15.97849,NWL_KG,LAK_C,HOMERSTRYKER,NWL,NWL,20250529-HOMERSTRYKER-1,eb904ac0-3cb3-11f0-a835-f9cb0487f947,89.35112,NA,NA,7.77842,NA,NA,NA,NA,NA,NA,45d07472-c160-48e7-9a7d-8b154baa4dec,2025-05-29,17:39:49,2025-05-29T17:39:49Z,2025-05-29T17:39:49Z,NA,v3,NA,NA,NA,"Duarte, Christian",10064346,R,LAK_C,b932d871-c27e-4f22-b337-7ad3dda6f46d,54.51047,-131.75776,14.02986,5.04205,-4.41385,-7.98925,-1.83624,2.78866,-5.02002,NA,NA,NA,NA,NA,NA,NA,NA,NA,NA,NA,NA,NA,NA,NA,NA,NA,NA,NA,NA,NA,NA,NA,NA,NA,NA,NA,NA,NA,NA,NA,NA,NA,NA,NA,NA,NA,NA,NA,NA,NA,NA,NA,NA,NA,NA,NA,NA,NA,NA,High,High,High,NA,NA,NA,NA,NA,NA,NA,NA,NA,NA,NA,NA,NA,NA,NA,NA,NA,NA,NA,NA,NA,NA,NA,NA,NA,NA,NA,NA,NA,NA,NA,NA,NA,NA,NA,NA,NA,NA,NA,NA,NA,NA,NA,NA,NA,NA,NA,NA,NA,NA,NA,NA,NA,NA,NA,NA,NA,NA
NA,NA,NA,NA,NA,NA,NA,NA,NA,NA,NA,NA,NA,NA,NA,NA,270,2025-05-29,13:40:09,6,3,"Bretza, Zander",1000213092,Right,LAK_C,"Rodriguez, Evan",1000115944,Right,NWL_KG,Undefined,6,Bottom,2,1,1,Undefined,Four-Seam,FoulBallNotFieldable,Undefined,Undefined,Undefined,0,0,NA,90.54924,-0.211775,-1.720146,2490.097856,206.626687,01:00:00,5.14682,2.01792,6.07334,-19.45379,14.1932,6.61272,3.32962,0.97683,83.10525,-3.884499,-0.529868,0.417489,65.42132,22.097374,154.749747,4131.23513,-105.13382,15.69155,32.35549,148.18523,57.72986,165.910732,2.080953,-3.8763,7.69008,-1.88832,50,5.11999,3.68045,-131.62362,-1.08683,-6.83418,26.63439,-18.61594,NWL_KG,LAK_C,HOMERSTRYKER,NWL,NWL,20250529-HOMERSTRYKER-1,f70ad460-3cb3-11f0-a835-f9cb0487f947,90.28375,19.70291,NA,7.44399,NA,NA,NA,0.58971,3.30119,-0.9483,45d07472-c160-48e7-9a7d-8b154baa4dec,2025-05-29,17:40:09,2025-05-29T17:40:09Z,2025-05-29T17:40:09Z,LineDrive,v3,NA,NA,NA,"Duarte, Christian",10064346,R,LAK_C,c5e36e0b-b3c8-40db-9a59-e73765996a5b,54.42593,-132.51619,13.3172,5.14596,-0.46297,-9.30797,-2.0155,3.90948,-3.41709,289.100921,0.5898,-80.41553,4.74374,0.22582,0.43859,-0.68233,0.45813,-0.14585,0.01787,3.30122,36.09311,-21.77059,2.38573,-0.32612,-0.0873,0.09674,-0.03059,0.00341,-0.94841,37.93176,-12.71215,2.56118,-1.3271,1.03261,-0.60659,0.1909,-0.02373,NA,NA,NA,NA,NA,NA,NA,NA,NA,NA,NA,NA,NA,NA,NA,NA,NA,NA,NA,NA,NA,NA,High,High,High,High,Medium,NA,NA,NA,NA,NA,NA,NA,NA,NA,NA,NA,NA,NA,NA,NA,NA,NA,NA,NA,NA,NA,NA,NA,NA,NA,NA,NA,NA,NA,NA,NA,NA,NA,NA,NA,NA,NA,NA,NA,NA,NA,NA,NA,NA,NA,NA,NA,NA,NA,NA,NA,NA,NA,NA,NA,NA
NA,NA,NA,NA,NA,NA,NA,NA,NA,NA,NA,NA,NA,NA,NA,NA,271,2025-05-29,13:40:35,6,4,"Bretza, Zander",1000213092,Right,LAK_C,"Rodriguez, Evan",1000115944,Right,NWL_KG,Undefined,6,Bottom,2,1,2,Undefined,Curveball,FoulBallNotFieldable,Undefined,Undefined,Undefined,0,0,NA,78.32662,1.687998,-1.450648,2408.709358,56.035442,07:45:00,5.21962,1.79301,5.46966,-53.83078,-7.18315,-12.94477,2.3144,-0.6436,71.51438,-8.121457,-3.756475,0.491571,67.10828,32.269755,123.559568,4348.875978,-71.85441,33.22878,83.28775,172.15139,58.45688,136.351403,2.814964,6.08465,-3.68819,-1.65633,50,5.33128,3.38453,-113.63477,1.51052,7.8797,22.68824,-36.95033,NWL_KG,LAK_C,HOMERSTRYKER,NWL,NWL,20250529-HOMERSTRYKER-1,06aa76a0-3cb4-11f0-a835-f9cb0487f947,76.67751,34.27564,NA,6.81224,NA,NA,NA,0.86516,2.20139,0.6277,45d07472-c160-48e7-9a7d-8b154baa4dec,2025-05-29,17:40:35,2025-05-29T17:40:35Z,2025-05-29T17:40:35Z,FlyBall,v3,NA,NA,NA,"Duarte, Christian",10064346,R,LAK_C,20ddda69-7ddf-4fe3-9e73-6466351e3ade,55.03094,-114.63485,11.34412,5.2288,3.13925,-18.47517,-1.79786,3.03721,3.93985,306.00515,0.86502,-45.99975,-2.40413,1.9435500000000001,-0.7,0.23615,-0.04777,0.00424,-6e-5,2.20138,52.54947,-24.69253,3.15786,-0.5799,0.02019,0.04763,-0.01577,0.0016,0.6284,69.31758,-11.74026,0.49444,0.98812,-0.92152,0.37288,-0.07247,0.00555,NA,NA,NA,NA,NA,NA,NA,NA,NA,NA,NA,NA,NA,NA,NA,NA,NA,NA,NA,NA,NA,NA,High,High,High,High,Low,NA,NA,NA,NA,NA,NA,NA,NA,NA,NA,NA,NA,NA,NA,NA,NA,NA,NA,NA,NA,NA,NA,NA,NA,NA,NA,NA,NA,NA,NA,NA,NA,NA,NA,NA,NA,NA,NA,NA,NA,NA,NA,NA,NA,NA,NA,NA,NA,NA,NA,NA,NA,NA,NA,NA,NA
NA,NA,NA,NA,NA,NA,NA,NA,NA,NA,NA,NA,NA,NA,NA,NA,272,2025-05-29,13:41:03,6,5,"Bretza, Zander",1000213092,Right,LAK_C,"Rodriguez, Evan",1000115944,Right,NWL_KG,Undefined,6,Bottom,2,1,2,Undefined,Curveball,BallCalled,Undefined,Undefined,Undefined,0,0,NA,77.01075,0.501065,0.092692,2342.60804,69.975383,08:15:00,5.09283,1.70061,5.66985,-51.69956,-3.91898,-15.06312,1.25172,0.53177,70.51843,-8.955585,-2.605717,0.497505,NA,NA,NA,NA,NA,NA,NA,NA,NA,NA,NA,7.74835,-1.76595,-1.69848,50,5.10219,0.3723,-111.85649,-0.67867,9.72683,21.90375,-34.39092,NWL_KG,LAK_C,HOMERSTRYKER,NWL,NWL,20250529-HOMERSTRYKER-1,176573f0-3cb4-11f0-a835-f9cb0487f947,75.76298,NA,NA,6.49233,NA,NA,NA,NA,NA,NA,45d07472-c160-48e7-9a7d-8b154baa4dec,2025-05-29,17:41:03,2025-05-29T17:41:03Z,2025-05-29T17:41:03Z,NA,v3,NA,NA,NA,"Duarte, Christian",10064346,R,LAK_C,b9a7efe9-c5de-41db-afad-af7183de40a8,54.83141,-112.79861,10.95188,5.09956,0.80054,-17.19546,-1.7055,-0.04606,4.86342,NA,NA,NA,NA,NA,NA,NA,NA,NA,NA,NA,NA,NA,NA,NA,NA,NA,NA,NA,NA,NA,NA,NA,NA,NA,NA,NA,NA,NA,NA,NA,NA,NA,NA,NA,NA,NA,NA,NA,NA,NA,NA,NA,NA,NA,NA,NA,NA,NA,NA,High,High,High,NA,NA,NA,NA,NA,NA,NA,NA,NA,NA,NA,NA,NA,NA,NA,NA,NA,NA,NA,NA,NA,NA,NA,NA,NA,NA,NA,NA,NA,NA,NA,NA,NA,NA,NA,NA,NA,NA,NA,NA,NA,NA,NA,NA,NA,NA,NA,NA,NA,NA,NA,NA,NA,NA,NA,NA,NA,NA
NA,NA,NA,NA,NA,NA,NA,NA,NA,NA,NA,NA,NA,NA,NA,NA,273,2025-05-29,13:41:25,6,6,"Bretza, Zander",1000213092,Right,LAK_C,"Rodriguez, Evan",1000115944,Right,NWL_KG,Undefined,6,Bottom,2,2,2,Undefined,Four-Seam,InPlay,Undefined,GroundBall,Single,0,1,NA,90.1547,-1.826954,-2.368507,2508.12721,212.404654,01:00:00,5.09464,1.8662,6.1018,-19.06895,14.67182,8.70796,1.81394,0.40018,83.39465,-5.409188,-0.800568,0.41807,35.25677,-17.900196,-30.094913,NA,NA,NA,NA,9.42694,6.40787,-26.619181,0.165309,-5.09693,8.3341,-1.68862,50,4.94384,5.06813,-131.02976,-4.76844,-8.96778,24.56652,-17.51061,NWL_KG,LAK_C,HOMERSTRYKER,NWL,NWL,20250529-HOMERSTRYKER-1,24c02f40-3cb4-11f0-a835-f9cb0487f947,90.15819,2.6673,NA,6.76005,NA,NA,NA,1.2829,2.6673,-0.08296,45d07472-c160-48e7-9a7d-8b154baa4dec,2025-05-29,17:41:25,2025-05-29T17:41:25Z,2025-05-29T17:41:25Z,GroundBall,v3,NA,NA,NA,"Duarte, Christian",10064346,R,LAK_C,f293d342-ce4f-4639-a912-397b8ee1a7e2,54.39849,-131.85185,12.28326,5.09361,-4.18246,-8.75531,-1.86324,5.36823,-4.48389,180,1.26568,43.22101,NA,NA,NA,NA,NA,NA,NA,2.67373,-16.13527,NA,NA,NA,NA,NA,NA,NA,-0.07298,-25.04921,NA,NA,NA,NA,NA,NA,NA,NA,NA,NA,NA,NA,NA,NA,NA,NA,NA,NA,NA,NA,NA,NA,NA,NA,NA,NA,NA,NA,NA,High,High,High,Low,Low,NA,NA,NA,NA,NA,NA,NA,NA,NA,NA,NA,NA,NA,NA,NA,NA,NA,NA,NA,NA,NA,NA,NA,NA,NA,NA,NA,NA,NA,NA,NA,NA,NA,NA,NA,NA,NA,NA,NA,NA,NA,NA,NA,NA,NA,NA,NA,NA,NA,NA,NA,NA,NA,NA,NA,NA
NA,NA,NA,NA,NA,NA,NA,NA,NA,NA,NA,NA,NA,NA,NA,NA,274,2025-05-29,13:42:18,7,1,"Bretza, Zander",1000213092,Right,LAK_C,"Johnson, Trevor",815427,Left,NWL_KG,Undefined,6,Bottom,2,0,0,Undefined,Four-Seam,BallCalled,Undefined,Undefined,Undefined,0,0,NA,89.44657,-1.438008,-4.868275,2403.872364,214.389893,01:15:00,5.04282,1.78251,6.52215,-16.66556,17.42855,11.21788,2.32963,-1.75999,82.07993,-4.631137,-2.842231,0.420253,NA,NA,NA,NA,NA,NA,NA,NA,NA,NA,NA,-7.12248,9.81977,-1.44744,50,4.9348,10.60366,-129.65354,-3.69138,-12.1969,25.57772,-15.35817,NWL_KG,LAK_C,HOMERSTRYKER,NWL,NWL,20250529-HOMERSTRYKER-1,440abe60-3cb4-11f0-a835-f9cb0487f947,89.6898,NA,NA,7.36663,NA,NA,NA,NA,NA,NA,45d07472-c160-48e7-9a7d-8b154baa4dec,2025-05-29,17:42:18,2025-05-29T17:42:18Z,2025-05-29T17:42:18Z,NA,v3,NA,NA,NA,"Duarte, Christian",10064346,R,LAK_C,a9287f56-4cf5-4f71-8d6d-1de489693bfc,53.9763,-130.43562,12.78886,5.04049,-3.22179,-7.67908,-1.77737,10.97659,-6.09845,NA,NA,NA,NA,NA,NA,NA,NA,NA,NA,NA,NA,NA,NA,NA,NA,NA,NA,NA,NA,NA,NA,NA,NA,NA,NA,NA,NA,NA,NA,NA,NA,NA,NA,NA,NA,NA,NA,NA,NA,NA,NA,NA,NA,NA,NA,NA,NA,NA,NA,High,High,High,NA,NA,NA,NA,NA,NA,NA,NA,NA,NA,NA,NA,NA,NA,NA,NA,NA,NA,NA,NA,NA,NA,NA,NA,NA,NA,NA,NA,NA,NA,NA,NA,NA,NA,NA,NA,NA,NA,NA,NA,NA,NA,NA,NA,NA,NA,NA,NA,NA,NA,NA,NA,NA,NA,NA,NA,NA,NA
NA,NA,NA,NA,NA,NA,NA,NA,NA,NA,NA,NA,NA,NA,NA,NA,275,2025-05-29,13:42:42,7,2,"Bretza, Zander",1000213092,Right,LAK_C,"Johnson, Trevor",815427,Left,NWL_KG,Undefined,6,Bottom,2,1,0,Undefined,Four-Seam,BallCalled,Undefined,Undefined,Undefined,0,0,NA,90.03675,-1.630612,-0.822662,2504.909384,202.633234,12:45:00,5.12266,1.93673,6.17789,-17.34084,16.4267,6.44248,2.17118,1.71383,83.06527,-4.914549,0.340114,0.418236,NA,NA,NA,NA,NA,NA,NA,NA,NA,NA,NA,-3.54748,9.22894,-1.87777,50,4.99042,1.61957,-130.93442,-4.23028,-6.21541,25.24901,-16.00441,NWL_KG,LAK_C,HOMERSTRYKER,NWL,NWL,20250529-HOMERSTRYKER-1,525aaf20-3cb4-11f0-a835-f9cb0487f947,90.12247,NA,NA,6.97148,NA,NA,NA,NA,NA,NA,45d07472-c160-48e7-9a7d-8b154baa4dec,2025-05-29,17:42:42,2025-05-29T17:42:42Z,2025-05-29T17:42:42Z,NA,v3,NA,NA,NA,"Duarte, Christian",10064346,R,LAK_C,ed9215cb-253c-4ce3-834c-3f8b947cea8c,54.32138,-131.7651,12.62451,5.12093,-3.70374,-8.0022,-1.93442,1.82405,-3.10771,NA,NA,NA,NA,NA,NA,NA,NA,NA,NA,NA,NA,NA,NA,NA,NA,NA,NA,NA,NA,NA,NA,NA,NA,NA,NA,NA,NA,NA,NA,NA,NA,NA,NA,NA,NA,NA,NA,NA,NA,NA,NA,NA,NA,NA,NA,NA,NA,NA,NA,High,High,High,NA,NA,NA,NA,NA,NA,NA,NA,NA,NA,NA,NA,NA,NA,NA,NA,NA,NA,NA,NA,NA,NA,NA,NA,NA,NA,NA,NA,NA,NA,NA,NA,NA,NA,NA,NA,NA,NA,NA,NA,NA,NA,NA,NA,NA,NA,NA,NA,NA,NA,NA,NA,NA,NA,NA,NA,NA,NA
NA,NA,NA,NA,NA,NA,NA,NA,NA,NA,NA,NA,NA,NA,NA,NA,276,2025-05-29,13:43:05,7,3,"Bretza, Zander",1000213092,Right,LAK_C,"Johnson, Trevor",815427,Left,NWL_KG,Undefined,6,Bottom,2,2,0,Undefined,Changeup,BallCalled,Undefined,Undefined,Undefined,0,0,NA,84.52789,-1.124787,-2.560736,1922.926835,243.434594,02:00:00,4.95062,1.77122,6.21334,-29.73545,8.92115,15.38643,1.43347,0.68863,77.45547,-6.6784230000000004,0.21757,0.44749,NA,NA,NA,NA,NA,NA,NA,NA,NA,NA,NA,-8.74886,5.30008,-1.58694,50,4.8513,4.91335,-122.77637,-3.31435,-13.33781,24.58765,-24.09398,NWL_KG,LAK_C,HOMERSTRYKER,NWL,NWL,20250529-HOMERSTRYKER-1,6041cbf0-3cb4-11f0-a835-f9cb0487f947,84.23085,NA,NA,7.07242,NA,NA,NA,NA,NA,NA,45d07472-c160-48e7-9a7d-8b154baa4dec,2025-05-29,17:43:05,2025-05-29T17:43:05Z,2025-05-29T17:43:05Z,NA,v3,NA,NA,NA,"Duarte, Christian",10064346,R,LAK_C,4d65697b-115c-49ba-b2d6-d1ac32befada,54.28674,-123.63187,12.29383,4.95204,-2.47603,-12.04699,-1.76596,5.37743,-6.6689,NA,NA,NA,NA,NA,NA,NA,NA,NA,NA,NA,NA,NA,NA,NA,NA,NA,NA,NA,NA,NA,NA,NA,NA,NA,NA,NA,NA,NA,NA,NA,NA,NA,NA,NA,NA,NA,NA,NA,NA,NA,NA,NA,NA,NA,NA,NA,NA,NA,NA,High,High,High,NA,NA,NA,NA,NA,NA,NA,NA,NA,NA,NA,NA,NA,NA,NA,NA,NA,NA,NA,NA,NA,NA,NA,NA,NA,NA,NA,NA,NA,NA,NA,NA,NA,NA,NA,NA,NA,NA,NA,NA,NA,NA,NA,NA,NA,NA,NA,NA,NA,NA,NA,NA,NA,NA,NA,NA,NA,NA
NA,NA,NA,NA,NA,NA,NA,NA,NA,NA,NA,NA,NA,NA,NA,NA,277,2025-05-29,13:43:24,7,4,"Bretza, Zander",1000213092,Right,LAK_C,"Johnson, Trevor",815427,Left,NWL_KG,Undefined,6,Bottom,2,3,0,Undefined,Four-Seam,StrikeCalled,Undefined,Undefined,Undefined,0,0,NA,90.72759,-1.001264,-1.539993,2511.853223,203.089026,12:45:00,5.06553,1.78891,5.85154,-18.72832,14.87564,5.93819,2.57405,0.85247,83.81027,-4.512724,-0.475293,0.417221,NA,NA,NA,NA,NA,NA,NA,NA,NA,NA,NA,-3.41843,8.15685,-1.66727,50,4.97311,3.29359,-131.90548,-2.90816,-6.09383,24.95486,-17.63336,NWL_KG,LAK_C,HOMERSTRYKER,NWL,NWL,20250529-HOMERSTRYKER-1,6b424390-3cb4-11f0-a835-f9cb0487f947,90.34157,NA,NA,6.91732,NA,NA,NA,NA,NA,NA,45d07472-c160-48e7-9a7d-8b154baa4dec,2025-05-29,17:43:24,2025-05-29T17:43:24Z,2025-05-29T17:43:24Z,NA,v3,NA,NA,NA,"Duarte, Christian",10064346,R,LAK_C,74a1ff67-4f50-419b-b447-fc827ca2616a,54.64788,-132.78189,12.47743,5.06437,-2.28888,-8.81668,-1.7867,3.5076,-3.04691,NA,NA,NA,NA,NA,NA,NA,NA,NA,NA,NA,NA,NA,NA,NA,NA,NA,NA,NA,NA,NA,NA,NA,NA,NA,NA,NA,NA,NA,NA,NA,NA,NA,NA,NA,NA,NA,NA,NA,NA,NA,NA,NA,NA,NA,NA,NA,NA,NA,NA,High,High,High,NA,NA,NA,NA,NA,NA,NA,NA,NA,NA,NA,NA,NA,NA,NA,NA,NA,NA,NA,NA,NA,NA,NA,NA,NA,NA,NA,NA,NA,NA,NA,NA,NA,NA,NA,NA,NA,NA,NA,NA,NA,NA,NA,NA,NA,NA,NA,NA,NA,NA,NA,NA,NA,NA,NA,NA,NA,NA
NA,NA,NA,NA,NA,NA,NA,NA,NA,NA,NA,NA,NA,NA,NA,NA,278,2025-05-29,13:43:40,7,5,"Bretza, Zander",1000213092,Right,LAK_C,"Johnson, Trevor",815427,Left,NWL_KG,Undefined,6,Bottom,2,3,1,Undefined,Four-Seam,StrikeCalled,Undefined,Undefined,Undefined,0,0,NA,90.17073,-0.984541,-2.086569,2502.399903,207.525314,01:00:00,5.07087,1.80721,5.84474,-17.83694,16.36139,7.99784,2.66883,0.53379,82.89571,-4.348798,-0.653456,0.420895,NA,NA,NA,NA,NA,NA,NA,NA,NA,NA,NA,-4.62244,8.93091,-1.64207,50,4.9802,4.43041,-130.99282,-2.80511,-8.08971,25.79772,-16.5441,NWL_KG,LAK_C,HOMERSTRYKER,NWL,NWL,20250529-HOMERSTRYKER-1,752479f0-3cb4-11f0-a835-f9cb0487f947,89.55302,NA,NA,7.27501,NA,NA,NA,NA,NA,NA,45d07472-c160-48e7-9a7d-8b154baa4dec,2025-05-29,17:43:40,2025-05-29T17:43:40Z,2025-05-29T17:43:40Z,NA,v3,NA,NA,NA,"Duarte, Christian",10064346,R,LAK_C,2c5c900d-76de-4576-ab0d-821b79ddf3a5,54.6539,-131.90618,12.89886,5.06915,-2.21938,-8.27205,-1.804,4.71682,-4.04486,NA,NA,NA,NA,NA,NA,NA,NA,NA,NA,NA,NA,NA,NA,NA,NA,NA,NA,NA,NA,NA,NA,NA,NA,NA,NA,NA,NA,NA,NA,NA,NA,NA,NA,NA,NA,NA,NA,NA,NA,NA,NA,NA,NA,NA,NA,NA,NA,NA,NA,High,High,High,NA,NA,NA,NA,NA,NA,NA,NA,NA,NA,NA,NA,NA,NA,NA,NA,NA,NA,NA,NA,NA,NA,NA,NA,NA,NA,NA,NA,NA,NA,NA,NA,NA,NA,NA,NA,NA,NA,NA,NA,NA,NA,NA,NA,NA,NA,NA,NA,NA,NA,NA,NA,NA,NA,NA,NA,NA,NA
NA,NA,NA,NA,NA,NA,NA,NA,NA,NA,NA,NA,NA,NA,NA,NA,279,2025-05-29,13:44:04,7,6,"Bretza, Zander",1000213092,Right,LAK_C,"Johnson, Trevor",815427,Left,NWL_KG,Undefined,6,Bottom,2,3,2,Undefined,Four-Seam,BallCalled,Walk,Undefined,Undefined,0,1,NA,91.52485,-1.13623,0.030069,2529.144906,213.191847,01:00:00,4.98273,2.00042,6.03328,-16.37808,16.75312,10.27945,2.56559,2.88488,83.68077,-4.255014,1.880037,0.414276,NA,NA,NA,NA,NA,NA,NA,NA,NA,NA,NA,-5.25965,9.24485,-2.00812,50,4.88502,-0.51209,-132.98712,-3.11521,-9.42082,28.47347,-15.61516,NWL_KG,LAK_C,HOMERSTRYKER,NWL,NWL,20250529-HOMERSTRYKER-1,834b37d0-3cb4-11f0-a835-f9cb0487f947,90.98385,NA,NA,7.84408,NA,NA,NA,NA,NA,NA,45d07472-c160-48e7-9a7d-8b154baa4dec,2025-05-29,17:44:04,2025-05-29T17:44:04Z,2025-05-29T17:44:04Z,NA,v3,NA,NA,NA,"Duarte, Christian",10064346,R,LAK_C,17c3e723-7a95-4843-8d95-ab9c86b6ad07,54.46428,-133.93954,14.23674,4.98049,-2.5929,-7.80758,-1.99626,-0.19697,-4.71041,NA,NA,NA,NA,NA,NA,NA,NA,NA,NA,NA,NA,NA,NA,NA,NA,NA,NA,NA,NA,NA,NA,NA,NA,NA,NA,NA,NA,NA,NA,NA,NA,NA,NA,NA,NA,NA,NA,NA,NA,NA,NA,NA,NA,NA,NA,NA,NA,NA,NA,High,High,High,NA,NA,NA,NA,NA,NA,NA,NA,NA,NA,NA,NA,NA,NA,NA,NA,NA,NA,NA,NA,NA,NA,NA,NA,NA,NA,NA,NA,NA,NA,NA,NA,NA,NA,NA,NA,NA,NA,NA,NA,NA,NA,NA,NA,NA,NA,NA,NA,NA,NA,NA,NA,NA,NA,NA,NA,NA,NA
NA,NA,NA,NA,NA,NA,NA,NA,NA,NA,NA,NA,NA,NA,NA,NA,280,2025-05-29,13:47:24,8,1,"Smith, Danny",1000403812,Right,LAK_C,"Sprockett, Michael",1000119908,Left,NWL_KG,Undefined,6,Bottom,2,0,0,Undefined,Changeup,InPlay,Undefined,GroundBall,Out,1,0,NA,80.75436,-2.513663,-0.136431,1938.923138,182.87451,12:00:00,6.15833,0.9206,6.48409,-22.98045,19.19871,0.89161,1.9339,0.86964,73.61937,-6.895426,0.025498,0.467434,82.99889,-2.788628,19.709432,NA,NA,NA,NA,25.83829,25.83829,16.568105,0.201295,-0.51055,11.25709,-0.9114,50,5.97149,0.24822,-117.25618,-5.71059,-0.70511,23.83201,-16.62728,NWL_KG,LAK_C,HOMERSTRYKER,NWL,NWL,20250529-HOMERSTRYKER-1,fa6aabc0-3cb4-11f0-a835-f9cb0487f947,80.63691,2.06624,NA,7.135,NA,NA,NA,2.49034,2.06624,-0.91809,45d07472-c160-48e7-9a7d-8b154baa4dec,2025-05-29,17:47:24,2025-05-29T17:47:24Z,2025-05-29T17:47:24Z,GroundBall,v3,NA,NA,NA,"Duarte, Christian",10064346,R,LAK_C,5c6fbb27-dbb3-4109-b89f-8a014233b02a,54.01361,-118.06912,11.916,6.15661,-5.14341,-8.31364,-0.92028,0.27228,-0.35256,311.891982,2.4913,114.40155,-18.6361,NA,NA,NA,NA,NA,NA,2.0674,-5.99842,-21.25102,NA,NA,NA,NA,NA,NA,-0.91849,41.03195,0.67329,NA,NA,NA,NA,NA,NA,NA,NA,NA,NA,NA,NA,NA,NA,NA,NA,NA,NA,NA,NA,NA,NA,NA,NA,NA,NA,NA,NA,High,High,High,High,High,NA,NA,NA,NA,NA,NA,NA,NA,NA,NA,NA,NA,NA,NA,NA,NA,NA,NA,NA,NA,NA,NA,NA,NA,NA,NA,NA,NA,NA,NA,NA,NA,NA,NA,NA,NA,NA,NA,NA,NA,NA,NA,NA,NA,NA,NA,NA,NA,NA,NA,NA,NA,NA,NA,NA,NA
NA,NA,NA,NA,NA,NA,NA,NA,NA,NA,NA,NA,NA,NA,NA,NA,281,2025-05-29,13:50:26,1,1,"Thompson, Juju",1000337166,Right,NWL_KG,"Duarte, Christian",10064346,Right,LAK_C,Undefined,7,Top,0,0,0,Undefined,Sinker,BallCalled,Undefined,Undefined,Undefined,0,0,NA,86.70059,-0.920917,-4.673947,2208.513228,230.197446,01:45:00,5.49091,2.12266,5.99038,-23.01674,13.89162,15.35335,2.71646,-0.93916,79.77935,-5.229464,-1.925495,0.437254,NA,NA,NA,NA,NA,NA,NA,NA,NA,NA,NA,-9.048,7.71,-1.76174,50,5.40526,9.65293,-125.68253,-2.73562,-14.60252,23.32884,-19.73095,NWL_KG,LAK_C,HOMERSTRYKER,NWL,NWL,20250529-HOMERSTRYKER-1,66eb2900-3cb5-11f0-a835-f9cb0487f947,86.20261,NA,NA,6.92124,NA,NA,NA,NA,NA,NA,45d07472-c160-48e7-9a7d-8b154baa4dec,2025-05-29,17:50:26,2025-05-29T17:50:26Z,2025-05-29T17:50:26Z,NA,v3,NA,NA,NA,"Garner, Coleman",90000255834,Right,NWL_KG,d00274d8-5be6-4289-b309-c62417cfe718,54.50897,-126.5167,11.66442,5.49046,-2.0301,-9.86547,-2.11624,10.17508,-7.30126,NA,NA,NA,NA,NA,NA,NA,NA,NA,NA,NA,NA,NA,NA,NA,NA,NA,NA,NA,NA,NA,NA,NA,NA,NA,NA,NA,NA,NA,NA,NA,NA,NA,NA,NA,NA,NA,NA,NA,NA,NA,NA,NA,NA,NA,NA,NA,NA,NA,NA,High,High,High,NA,NA,NA,NA,NA,NA,NA,NA,NA,NA,NA,NA,NA,NA,NA,NA,NA,NA,NA,NA,NA,NA,NA,NA,NA,NA,NA,NA,NA,NA,NA,NA,NA,NA,NA,NA,NA,NA,NA,NA,NA,NA,NA,NA,NA,NA,NA,NA,NA,NA,NA,NA,NA,NA,NA,NA,NA,NA
NA,NA,NA,NA,NA,NA,NA,NA,NA,NA,NA,NA,NA,NA,NA,NA,282,2025-05-29,13:50:40,1,2,"Thompson, Juju",1000337166,Right,NWL_KG,"Duarte, Christian",10064346,Right,LAK_C,Undefined,7,Top,0,1,0,Undefined,Sinker,BallCalled,Undefined,Undefined,Undefined,0,0,NA,88.05645,-1.898076,-2.458553,2155.164854,228.197333,01:30:00,5.31344,2.21414,6.07477,-22.2467,13.39591,13.76969,1.70103,1.08535,80.9953,-6.068135,0.020452,0.429691,NA,NA,NA,NA,NA,NA,NA,NA,NA,NA,NA,-7.775,7.74741,-2.0312,50,5.15452,4.94003,-127.88778,-4.92783,-12.94017,25.15723,-19.27981,NWL_KG,LAK_C,HOMERSTRYKER,NWL,NWL,20250529-HOMERSTRYKER-1,6f2a84d0-3cb5-11f0-a835-f9cb0487f947,87.71986,NA,NA,7.06115,NA,NA,NA,NA,NA,NA,45d07472-c160-48e7-9a7d-8b154baa4dec,2025-05-29,17:50:40,2025-05-29T17:50:40Z,2025-05-29T17:50:40Z,NA,v3,NA,NA,NA,"Garner, Coleman",90000255834,Right,NWL_KG,e96e7620-456e-4a01-9cba-026f2cb6c1bd,54.42504,-128.75531,12.57862,5.31299,-4.26298,-9.63991,-2.20925,5.38626,-6.47009,NA,NA,NA,NA,NA,NA,NA,NA,NA,NA,NA,NA,NA,NA,NA,NA,NA,NA,NA,NA,NA,NA,NA,NA,NA,NA,NA,NA,NA,NA,NA,NA,NA,NA,NA,NA,NA,NA,NA,NA,NA,NA,NA,NA,NA,NA,NA,NA,NA,NA,High,High,High,NA,NA,NA,NA,NA,NA,NA,NA,NA,NA,NA,NA,NA,NA,NA,NA,NA,NA,NA,NA,NA,NA,NA,NA,NA,NA,NA,NA,NA,NA,NA,NA,NA,NA,NA,NA,NA,NA,NA,NA,NA,NA,NA,NA,NA,NA,NA,NA,NA,NA,NA,NA,NA,NA,NA,NA,NA,NA
NA,NA,NA,NA,NA,NA,NA,NA,NA,NA,NA,NA,NA,NA,NA,NA,283,2025-05-29,13:50:57,1,3,"Thompson, Juju",1000337166,Right,NWL_KG,"Duarte, Christian",10064346,Right,LAK_C,Undefined,7,Top,0,2,0,Undefined,Sinker,FoulBallNotFieldable,Undefined,Undefined,Undefined,0,0,NA,88.09682,-1.917728,-3.532786,2225.712615,232.677357,01:45:00,5.35506,2.3063,6.22846,-22.01785,13.70914,16.4367,1.7469,0.41252,80.38432,-6.076195,-0.568996,0.430199,64.62465,-44.328529,-74.479758,NA,NA,NA,NA,2.96551,1.60815,-46.677194,0.026509,-9.57501,8.01559,-2.05029,50,5.20055,7.24071,-127.76946,-4.93671,-15.77805,27.10462,-18.96563,NWL_KG,LAK_C,HOMERSTRYKER,NWL,NWL,20250529-HOMERSTRYKER-1,79b15fa0-3cb5-11f0-a835-f9cb0487f947,87.61622,1.76108,NA,7.7125,NA,NA,NA,1.55226,1.76108,-0.4203,45d07472-c160-48e7-9a7d-8b154baa4dec,2025-05-29,17:50:57,2025-05-29T17:50:57Z,2025-05-29T17:50:57Z,GroundBall,v3,NA,NA,NA,"Garner, Coleman",90000255834,Right,NWL_KG,2995b529-ae41-490a-8b40-2f15cf7bde87,54.27105,-128.67231,13.55231,5.35447,-4.30497,-9.48282,-2.30023,7.76627,-7.88903,NA,1.55202,18.19776,NA,NA,NA,NA,NA,NA,NA,1.76194,-66.43332,NA,NA,NA,NA,NA,NA,NA,-0.41945,-65.52909,NA,NA,NA,NA,NA,NA,NA,NA,NA,NA,NA,NA,NA,NA,NA,NA,NA,NA,NA,NA,NA,NA,NA,NA,NA,NA,NA,NA,NA,High,High,High,Estimated,Estimated,NA,NA,NA,NA,NA,NA,NA,NA,NA,NA,NA,NA,NA,NA,NA,NA,NA,NA,NA,NA,NA,NA,NA,NA,NA,NA,NA,NA,NA,NA,NA,NA,NA,NA,NA,NA,NA,NA,NA,NA,NA,NA,NA,NA,NA,NA,NA,NA,NA,NA,NA,NA,NA,NA,NA,NA
NA,NA,NA,NA,NA,NA,NA,NA,NA,NA,NA,NA,NA,NA,NA,NA,284,2025-05-29,13:51:27,1,4,"Thompson, Juju",1000337166,Right,NWL_KG,"Duarte, Christian",10064346,Right,LAK_C,Undefined,7,Top,0,2,1,Undefined,Sinker,BallCalled,Undefined,Undefined,Undefined,0,0,NA,87.81258,-2.348945,-5.144769,2074.220375,227.472929,01:30:00,5.34919,2.21353,6.27998,-20.1645,15.78123,15.92946,1.49381,-1.21376,80.26778,-6.171142,-2.280359,0.431514,NA,NA,NA,NA,NA,NA,NA,NA,NA,NA,NA,-9.65394,9.19115,-1.84021,50,5.16515,10.80533,-127.07455,-5.80013,-15.79928,25.82785,-17.13216,NWL_KG,LAK_C,HOMERSTRYKER,NWL,NWL,20250529-HOMERSTRYKER-1,8b923f50-3cb5-11f0-a835-f9cb0487f947,87.34929,NA,NA,7.54479,NA,NA,NA,NA,NA,NA,45d07472-c160-48e7-9a7d-8b154baa4dec,2025-05-29,17:51:27,2025-05-29T17:51:27Z,2025-05-29T17:51:27Z,NA,v3,NA,NA,NA,"Garner, Coleman",90000255834,Right,NWL_KG,3572b41d-5036-4bd0-adb3-fdb613ddef54,54.21844,-127.92908,12.91393,5.34768,-5.23331,-8.56608,-2.20636,11.32805,-7.89964,NA,NA,NA,NA,NA,NA,NA,NA,NA,NA,NA,NA,NA,NA,NA,NA,NA,NA,NA,NA,NA,NA,NA,NA,NA,NA,NA,NA,NA,NA,NA,NA,NA,NA,NA,NA,NA,NA,NA,NA,NA,NA,NA,NA,NA,NA,NA,NA,NA,NA,High,High,High,NA,NA,NA,NA,NA,NA,NA,NA,NA,NA,NA,NA,NA,NA,NA,NA,NA,NA,NA,NA,NA,NA,NA,NA,NA,NA,NA,NA,NA,NA,NA,NA,NA,NA,NA,NA,NA,NA,NA,NA,NA,NA,NA,NA,NA,NA,NA,NA,NA,NA,NA,NA,NA,NA,NA,NA,NA,NA
NA,NA,NA,NA,NA,NA,NA,NA,NA,NA,NA,NA,NA,NA,NA,NA,285,2025-05-29,13:51:44,1,5,"Thompson, Juju",1000337166,Right,NWL_KG,"Duarte, Christian",10064346,Right,LAK_C,Undefined,7,Top,0,3,1,Undefined,Sinker,BallCalled,Walk,Undefined,Undefined,0,0,NA,87.99444,-3.236067,-4.970376,2236.074892,232.707868,01:45:00,5.36625,2.11232,6.23883,-22.36863,13.4043,16.11595,0.50271,-1.14101,80.84408,-7.43105,-2.07164,0.430476,NA,NA,NA,NA,NA,NA,NA,NA,NA,NA,NA,-9.67162,8.16559,-1.7488,50,5.11286,10.43375,-127.31947,-7.89213,-15.94107,25.13044,-18.71527,NWL_KG,LAK_C,HOMERSTRYKER,NWL,NWL,20250529-HOMERSTRYKER-1,95740080-3cb5-11f0-a835-f9cb0487f947,87.55996,NA,NA,7.15036,NA,NA,NA,NA,NA,NA,45d07472-c160-48e7-9a7d-8b154baa4dec,2025-05-29,17:51:44,2025-05-29T17:51:44Z,2025-05-29T17:51:44Z,NA,v3,NA,NA,NA,"Garner, Coleman",90000255834,Right,NWL_KG,14072078-f0e4-4bb9-95a1-74bd81f8d78a,54.26057,-128.15767,12.56522,5.36569,-7.2679,-9.35763,-2.10567,10.96544,-7.97054,NA,NA,NA,NA,NA,NA,NA,NA,NA,NA,NA,NA,NA,NA,NA,NA,NA,NA,NA,NA,NA,NA,NA,NA,NA,NA,NA,NA,NA,NA,NA,NA,NA,NA,NA,NA,NA,NA,NA,NA,NA,NA,NA,NA,NA,NA,NA,NA,NA,NA,High,High,High,NA,NA,NA,NA,NA,NA,NA,NA,NA,NA,NA,NA,NA,NA,NA,NA,NA,NA,NA,NA,NA,NA,NA,NA,NA,NA,NA,NA,NA,NA,NA,NA,NA,NA,NA,NA,NA,NA,NA,NA,NA,NA,NA,NA,NA,NA,NA,NA,NA,NA,NA,NA,NA,NA,NA,NA,NA,NA
NA,NA,NA,NA,NA,NA,NA,NA,NA,NA,NA,NA,NA,NA,NA,NA,286,2025-05-29,13:52:20,2,1,"Thompson, Juju",1000337166,Right,NWL_KG,"Senior, Collin",1000273575,Right,LAK_C,Undefined,7,Top,0,0,0,Undefined,Changeup,InPlay,Undefined,GroundBall,Single,0,0,NA,87.24934,-1.016044,-3.438817,2196.71235,233.226591,01:45:00,5.41053,2.1756,6.30081,-23.38513,12.90638,15.68005,2.52386,0.31013,79.55849,-5.435888,-0.607846,0.433585,90.20682,4.252987,-17.644066,1344.566758,NA,NA,NA,90.50082,89.21109,-19.242444,0.741986,-9.1893,7.35965,-1.93034,50,5.32451,7.00484,-126.61732,-2.93288,-14.86656,26.68373,-20.26753,NWL_KG,LAK_C,HOMERSTRYKER,NWL,NWL,20250529-HOMERSTRYKER-1,aab4fb20-3cb5-11f0-a835-f9cb0487f947,86.93208,3.88111,NA,7.69085,NA,NA,NA,2.16534,2.61036,-0.25337,45d07472-c160-48e7-9a7d-8b154baa4dec,2025-05-29,17:52:20,2025-05-29T17:52:20Z,2025-05-29T17:52:20Z,GroundBall,v3,NA,NA,NA,"Garner, Coleman",90000255834,Right,NWL_KG,2dc34751-658e-4a2d-b461-d29d3da79837,54.19879,-127.49911,13.34186,5.41036,-2.26312,-10.13377,-2.16995,7.49613,-7.43328,75.072299,2.22097,124.71151,-17.00385,NA,NA,NA,NA,NA,NA,2.64471,9.18289,-17.23747,NA,NA,NA,NA,NA,NA,-0.24319,-40.18088,0.40302,NA,NA,NA,NA,NA,NA,NA,NA,NA,NA,NA,NA,NA,NA,NA,NA,NA,NA,NA,NA,NA,NA,NA,NA,NA,NA,NA,NA,High,High,High,High,High,NA,NA,NA,NA,NA,NA,NA,NA,NA,NA,NA,NA,NA,NA,NA,NA,NA,NA,NA,NA,NA,NA,NA,NA,NA,NA,NA,NA,NA,NA,NA,NA,NA,NA,NA,NA,NA,NA,NA,NA,NA,NA,NA,NA,NA,NA,NA,NA,NA,NA,NA,NA,NA,NA,NA,NA
NA,NA,NA,NA,NA,NA,NA,NA,NA,NA,NA,NA,NA,NA,NA,NA,287,2025-05-29,13:53:01,3,1,"Thompson, Juju",1000337166,Right,NWL_KG,"Kowes, Jacob",1000336232,Left,LAK_C,Undefined,7,Top,0,0,0,Undefined,Sinker,BallCalled,Undefined,Undefined,Undefined,0,0,NA,87.06316,-2.695898,-4.071278,2119.71605,223.509593,01:30:00,5.32464,2.50632,6.24863,-20.60592,15.89363,13.97446,1.11304,-0.09023,79.76338,-6.591053,-1.553569,0.434826,NA,NA,NA,NA,NA,NA,NA,NA,NA,NA,NA,-8.46323,9.37044,-2.21031,50,5.11344,8.45217,-126.17876,-6.54296,-13.65179,25.53945,-17.05884,NWL_KG,LAK_C,HOMERSTRYKER,NWL,NWL,20250529-HOMERSTRYKER-1,c32a45c0-3cb5-11f0-a835-f9cb0487f947,86.68404,NA,NA,7.29977,NA,NA,NA,NA,NA,NA,45d07472-c160-48e7-9a7d-8b154baa4dec,2025-05-29,17:53:01,2025-05-29T17:53:01Z,2025-05-29T17:53:01Z,NA,v3,NA,NA,NA,"Garner, Coleman",90000255834,Right,NWL_KG,b17fab91-74b3-4102-aec5-e67e515f4d2b,54.25191,-127.03646,12.76972,5.32355,-5.97007,-8.52942,-2.50186,8.91065,-6.82589,NA,NA,NA,NA,NA,NA,NA,NA,NA,NA,NA,NA,NA,NA,NA,NA,NA,NA,NA,NA,NA,NA,NA,NA,NA,NA,NA,NA,NA,NA,NA,NA,NA,NA,NA,NA,NA,NA,NA,NA,NA,NA,NA,NA,NA,NA,NA,NA,NA,NA,High,High,High,NA,NA,NA,NA,NA,NA,NA,NA,NA,NA,NA,NA,NA,NA,NA,NA,NA,NA,NA,NA,NA,NA,NA,NA,NA,NA,NA,NA,NA,NA,NA,NA,NA,NA,NA,NA,NA,NA,NA,NA,NA,NA,NA,NA,NA,NA,NA,NA,NA,NA,NA,NA,NA,NA,NA,NA,NA,NA
NA,NA,NA,NA,NA,NA,NA,NA,NA,NA,NA,NA,NA,NA,NA,NA,288,2025-05-29,13:53:17,3,2,"Thompson, Juju",1000337166,Right,NWL_KG,"Kowes, Jacob",1000336232,Left,LAK_C,Undefined,7,Top,0,1,0,Undefined,Sinker,StrikeCalled,Undefined,Undefined,Undefined,0,0,NA,88.24325,-0.686341,-5.242588,2243.049543,242.842587,02:00:00,5.3832,2.35204,6.2893,-25.45116,10.22623,17.6154,2.62709,-1.02481,80.27754,-5.47452,-2.074555,0.429901,NA,NA,NA,NA,NA,NA,NA,NA,NA,NA,NA,-10.63414,5.86642,-1.9731,50,5.32019,11.01513,-127.74603,-2.31384,-17.50908,27.20416,-22.51502,NWL_KG,LAK_C,HOMERSTRYKER,NWL,NWL,20250529-HOMERSTRYKER-1,cce80430-3cb5-11f0-a835-f9cb0487f947,87.67712,NA,NA,7.96571,NA,NA,NA,NA,NA,NA,45d07472-c160-48e7-9a7d-8b154baa4dec,2025-05-29,17:53:17,2025-05-29T17:53:17Z,2025-05-29T17:53:17Z,NA,v3,NA,NA,NA,"Garner, Coleman",90000255834,Right,NWL_KG,e48bfa19-37f9-456e-a6a8-e0972672c811,54.20939,-128.63932,13.60208,5.38403,-1.57452,-11.25751,-2.34424,11.59006,-8.75454,NA,NA,NA,NA,NA,NA,NA,NA,NA,NA,NA,NA,NA,NA,NA,NA,NA,NA,NA,NA,NA,NA,NA,NA,NA,NA,NA,NA,NA,NA,NA,NA,NA,NA,NA,NA,NA,NA,NA,NA,NA,NA,NA,NA,NA,NA,NA,NA,NA,NA,High,High,High,NA,NA,NA,NA,NA,NA,NA,NA,NA,NA,NA,NA,NA,NA,NA,NA,NA,NA,NA,NA,NA,NA,NA,NA,NA,NA,NA,NA,NA,NA,NA,NA,NA,NA,NA,NA,NA,NA,NA,NA,NA,NA,NA,NA,NA,NA,NA,NA,NA,NA,NA,NA,NA,NA,NA,NA,NA,NA
NA,NA,NA,NA,NA,NA,NA,NA,NA,NA,NA,NA,NA,NA,NA,NA,289,2025-05-29,13:53:35,3,3,"Thompson, Juju",1000337166,Right,NWL_KG,"Kowes, Jacob",1000336232,Left,LAK_C,Undefined,7,Top,0,1,1,Undefined,Four-Seam,BallCalled,Undefined,Undefined,Undefined,0,0,NA,88.35264,-1.893395,-2.27719,2108.046628,219.383103,01:15:00,5.33446,2.50561,5.93469,-19.90367,15.80989,12.05335,1.91723,1.39632,80.93177,-5.643386,-0.113097,0.430118,NA,NA,NA,NA,NA,NA,NA,NA,NA,NA,NA,-6.80603,8.97099,-2.33061,50,5.17196,4.60005,-128.24613,-4.84871,-11.35277,26.13324,-17.21003,NWL_KG,LAK_C,HOMERSTRYKER,NWL,NWL,20250529-HOMERSTRYKER-1,d7874900-3cb5-11f0-a835-f9cb0487f947,87.63274,NA,NA,7.42087,NA,NA,NA,NA,NA,NA,45d07472-c160-48e7-9a7d-8b154baa4dec,2025-05-29,17:53:35,2025-05-29T17:53:35Z,2025-05-29T17:53:35Z,NA,v3,NA,NA,NA,"Garner, Coleman",90000255834,Right,NWL_KG,a534cb7c-b4c1-4826-a6ce-2dc5ee8f52e1,54.56388,-129.17278,13.06662,5.33306,-4.23846,-8.60501,-2.50086,5.0026,-5.67639,NA,NA,NA,NA,NA,NA,NA,NA,NA,NA,NA,NA,NA,NA,NA,NA,NA,NA,NA,NA,NA,NA,NA,NA,NA,NA,NA,NA,NA,NA,NA,NA,NA,NA,NA,NA,NA,NA,NA,NA,NA,NA,NA,NA,NA,NA,NA,NA,NA,NA,High,High,High,NA,NA,NA,NA,NA,NA,NA,NA,NA,NA,NA,NA,NA,NA,NA,NA,NA,NA,NA,NA,NA,NA,NA,NA,NA,NA,NA,NA,NA,NA,NA,NA,NA,NA,NA,NA,NA,NA,NA,NA,NA,NA,NA,NA,NA,NA,NA,NA,NA,NA,NA,NA,NA,NA,NA,NA,NA,NA
NA,NA,NA,NA,NA,NA,NA,NA,NA,NA,NA,NA,NA,NA,NA,NA,290,2025-05-29,13:53:56,3,4,"Thompson, Juju",1000337166,Right,NWL_KG,"Kowes, Jacob",1000336232,Left,LAK_C,Undefined,7,Top,0,2,1,Undefined,Slider,FoulBallNotFieldable,Undefined,Undefined,Undefined,0,0,NA,80.91551,0.73577,-2.764893,2072.389059,156.307045,11:15:00,5.32631,2.27508,5.81691,-38.83427,3.38055,-0.99374,2.77507,-0.3805,75.26331,-6.38684,-2.942705,0.467632,71.06819,-2.191097,49.927934,4283.242175,NA,NA,NA,33.40386,33.40386,48.266155,0.320685,-0.13906,1.86284,-2.04798,50,5.36309,5.7173,-117.62206,0.26086,-0.19774,19.187,-29.52536,NWL_KG,LAK_C,HOMERSTRYKER,NWL,NWL,20250529-HOMERSTRYKER-1,e4070da0-3cb5-11f0-a835-f9cb0487f947,80.60285,2.87148,NA,5.65219,NA,NA,NA,2.0133,2.87148,0.52923,45d07472-c160-48e7-9a7d-8b154baa4dec,2025-05-29,17:53:56,2025-05-29T17:53:56Z,2025-05-29T17:53:56Z,GroundBall,v3,NA,NA,NA,"Garner, Coleman",90000255834,Right,NWL_KG,d641a099-e39c-40de-853d-93fcb16db5e1,54.6846,-118.38377,9.5935,5.32947,1.43299,-14.76268,-2.27511,5.72515,-0.09887,NA,2.01725,66.88652,-12.00457,NA,NA,NA,NA,NA,NA,2.87394,-4.08742,-15.2232,NA,NA,NA,NA,NA,NA,0.53232,79.57556,-10.95424,NA,NA,NA,NA,NA,NA,NA,NA,NA,NA,NA,NA,NA,NA,NA,NA,NA,NA,NA,NA,NA,NA,NA,NA,NA,NA,NA,NA,High,High,High,Medium,High,NA,NA,NA,NA,NA,NA,NA,NA,NA,NA,NA,NA,NA,NA,NA,NA,NA,NA,NA,NA,NA,NA,NA,NA,NA,NA,NA,NA,NA,NA,NA,NA,NA,NA,NA,NA,NA,NA,NA,NA,NA,NA,NA,NA,NA,NA,NA,NA,NA,NA,NA,NA,NA,NA,NA,NA
NA,NA,NA,NA,NA,NA,NA,NA,NA,NA,NA,NA,NA,NA,NA,NA,291,2025-05-29,13:54:20,3,5,"Thompson, Juju",1000337166,Right,NWL_KG,"Kowes, Jacob",1000336232,Left,LAK_C,Undefined,7,Top,0,2,2,Undefined,Slider,InPlay,Undefined,FlyBall,Out,1,0,NA,79.72842,1.034298,-1.615884,2060.715723,165.43146,11:30:00,5.32387,2.48057,5.72208,-39.36282,4.53087,-0.84957,3.00751,0.90427,73.59776,-6.204213,-1.767836,0.47684,92.90423,35.987782,-2.105294,4579.20427,109.18021,77.71331,-13.40143,279.91284,181.21479,-13.322563,5.394928,0.02051,2.40366,-2.34506,50,5.38572,3.30054,-115.86439,0.82709,0.02807,20.12274,-28.88196,NWL_KG,LAK_C,HOMERSTRYKER,NWL,NWL,20250529-HOMERSTRYKER-1,f2bd8860-3cb5-11f0-a835-f9cb0487f947,79.04634,97.74112,NA,6.13066,NA,NA,NA,0.75543,0.88544,-0.2599,45d07472-c160-48e7-9a7d-8b154baa4dec,2025-05-29,17:54:20,2025-05-29T17:54:20Z,2025-05-29T17:54:20Z,FlyBall,v3,NA,NA,NA,"Garner, Coleman",90000255834,Right,NWL_KG,d775288c-4bc5-4084-8522-d36f78046386,54.77804,-116.69126,10.06137,5.32735,2.0139,-14.44098,-2.48066,3.29939,0.01404,158.938081,0.76173,110.04979,-30.53734,7.92843,-1.37505,0.10491,0.01015,-0.00259,1.4e-4,0.88007,80.16385,-17.69122,0.0341,0.35147,-0.12946,0.03102,-0.00414,2.2e-4,-0.25811,-4.09052,-6.88947,2.76775,-0.68859,0.10424,-0.00746,0,2e-5,NA,NA,NA,NA,NA,NA,NA,NA,NA,NA,NA,NA,NA,NA,NA,NA,NA,NA,NA,NA,NA,NA,High,High,High,Low,Low,NA,NA,NA,NA,NA,NA,NA,NA,NA,NA,NA,NA,NA,NA,NA,NA,NA,NA,NA,NA,NA,NA,NA,NA,NA,NA,NA,NA,NA,NA,NA,NA,NA,NA,NA,NA,NA,NA,NA,NA,NA,NA,NA,NA,NA,NA,NA,NA,NA,NA,NA,NA,NA,NA,NA,NA
NA,NA,NA,NA,NA,NA,NA,NA,NA,NA,NA,NA,NA,NA,NA,NA,292,2025-05-29,13:55:07,4,1,"Thompson, Juju",1000337166,Right,NWL_KG,"Sacchetti, Anthony",10006255,Right,LAK_C,Undefined,7,Top,1,0,0,Undefined,Sinker,StrikeSwinging,Undefined,Undefined,Undefined,0,0,NA,87.34703,-0.031176,-3.96116,2125.171027,223.541061,01:30:00,5.41581,2.23511,6.22895,-21.20674,14.79099,13.04343,3.61975,-0.33832,80.23966,-4.037199,-1.613336,0.431826,NA,NA,NA,NA,NA,NA,NA,NA,NA,NA,NA,-7.7776,8.00662,-1.94517,50,5.40276,8.2663,-126.78181,-0.68374,-12.75375,24.10372,-19.04479,NWL_KG,LAK_C,HOMERSTRYKER,NWL,NWL,20250529-HOMERSTRYKER-1,0e7a35d0-3cb6-11f0-a835-f9cb0487f947,87.28613,NA,NA,7.10736,NA,NA,NA,NA,NA,NA,45d07472-c160-48e7-9a7d-8b154baa4dec,2025-05-29,17:55:07,2025-05-29T17:55:07Z,2025-05-29T17:55:07Z,NA,v3,NA,NA,NA,"Garner, Coleman",90000255834,Right,NWL_KG,bd644282-741f-47ce-ad6a-1a83f1da61d6,54.2704,-127.59112,12.05186,5.41499,-0.04429,-9.5224,-2.22991,8.69452,-6.37687,NA,NA,NA,NA,NA,NA,NA,NA,NA,NA,NA,NA,NA,NA,NA,NA,NA,NA,NA,NA,NA,NA,NA,NA,NA,NA,NA,NA,NA,NA,NA,NA,NA,NA,NA,NA,NA,NA,NA,NA,NA,NA,NA,NA,NA,NA,NA,NA,NA,NA,High,High,High,NA,NA,NA,NA,NA,NA,NA,NA,NA,NA,NA,NA,NA,NA,NA,NA,NA,NA,NA,NA,NA,NA,NA,NA,NA,NA,NA,NA,NA,NA,NA,NA,NA,NA,NA,NA,NA,NA,NA,NA,NA,NA,NA,NA,NA,NA,NA,NA,NA,NA,NA,NA,NA,NA,NA,NA,NA,NA
NA,NA,NA,NA,NA,NA,NA,NA,NA,NA,NA,NA,NA,NA,NA,NA,293,2025-05-29,13:55:27,4,2,"Thompson, Juju",1000337166,Right,NWL_KG,"Sacchetti, Anthony",10006255,Right,LAK_C,Undefined,7,Top,1,0,1,Undefined,Slider,FoulBallNotFieldable,Undefined,Undefined,Undefined,0,0,NA,79.8422,0.658128,-2.474193,2048.688663,156.320934,11:15:00,5.29729,2.2104,6.19331,-38.82947,3.9163,-1.21882,2.66969,-0.1768,74.2545,-6.517659,-2.693939,0.470563,68.26114,12.46049,171.557866,2569.130043,NA,NA,NA,104.52674,54.79512,172.629348,1.21425,0.04346,2.2911,-2.02347,50,5.32755,5.06148,-116.10479,0.15805,0.06021,18.70029,-29,NWL_KG,LAK_C,HOMERSTRYKER,NWL,NWL,20250529-HOMERSTRYKER-1,1a94d000-3cb6-11f0-a835-f9cb0487f947,80.10068,8.40926,NA,5.5877,NA,NA,NA,2.99968,2.80367,0.10097,45d07472-c160-48e7-9a7d-8b154baa4dec,2025-05-29,17:55:27,2025-05-29T17:55:27Z,2025-05-29T17:55:27Z,GroundBall,v3,NA,NA,NA,"Garner, Coleman",90000255834,Right,NWL_KG,cbe8ba71-a627-412d-8733-3e9ae4008efe,54.30569,-116.79622,9.35014,5.30189,1.23031,-14.5,-2.21057,5.05926,0.0301,336.170994,2.99968,-96.69982,7.12,-0.10382,1.02556,-2.19469,2.60583,-1.54897,0.35565,2.80367,21.60156,-21.76344,1.9735,-0.304,0.125,-0.1183,0.09343,-0.02793,0.10097,14.35227,-2.86938,0.16791,-0.37785,0.77053,-0.91261,0.5439,-0.12529,NA,NA,NA,NA,NA,NA,NA,NA,NA,NA,NA,NA,NA,NA,NA,NA,NA,NA,NA,NA,NA,NA,High,High,High,High,Medium,NA,NA,NA,NA,NA,NA,NA,NA,NA,NA,NA,NA,NA,NA,NA,NA,NA,NA,NA,NA,NA,NA,NA,NA,NA,NA,NA,NA,NA,NA,NA,NA,NA,NA,NA,NA,NA,NA,NA,NA,NA,NA,NA,NA,NA,NA,NA,NA,NA,NA,NA,NA,NA,NA,NA,NA
NA,NA,NA,NA,NA,NA,NA,NA,NA,NA,NA,NA,NA,NA,NA,NA,294,2025-05-29,13:55:52,4,3,"Thompson, Juju",1000337166,Right,NWL_KG,"Sacchetti, Anthony",10006255,Right,LAK_C,Undefined,7,Top,1,0,2,Undefined,Sinker,BallCalled,Undefined,Undefined,Undefined,0,0,NA,88.27968,-1.53186,-4.546026,2174.774559,228.791054,01:45:00,5.26199,2.27034,6.75817,-22.70942,11.92272,12.42426,1.96565,-0.85519,81.2151,-5.8329,-2.28858,0.423556,NA,NA,NA,NA,NA,NA,NA,NA,NA,NA,NA,-7.77036,7.03626,-1.97655,50,5.15252,9.73192,-128.09112,-4.05364,-12.98616,24.99215,-20.41475,NWL_KG,LAK_C,HOMERSTRYKER,NWL,NWL,20250529-HOMERSTRYKER-1,29263690-3cb6-11f0-a835-f9cb0487f947,88.9904,NA,NA,7.06458,NA,NA,NA,NA,NA,NA,45d07472-c160-48e7-9a7d-8b154baa4dec,2025-05-29,17:55:52,2025-05-29T17:55:52Z,2025-05-29T17:55:52Z,NA,v3,NA,NA,NA,"Garner, Coleman",90000255834,Right,NWL_KG,ca64ba79-b117-4971-ae62-f72c1e721325,53.74167,-128.8191,12.49607,5.26193,-3.45899,-10.20737,-2.26553,10.11018,-6.49308,NA,NA,NA,NA,NA,NA,NA,NA,NA,NA,NA,NA,NA,NA,NA,NA,NA,NA,NA,NA,NA,NA,NA,NA,NA,NA,NA,NA,NA,NA,NA,NA,NA,NA,NA,NA,NA,NA,NA,NA,NA,NA,NA,NA,NA,NA,NA,NA,NA,NA,High,High,High,NA,NA,NA,NA,NA,NA,NA,NA,NA,NA,NA,NA,NA,NA,NA,NA,NA,NA,NA,NA,NA,NA,NA,NA,NA,NA,NA,NA,NA,NA,NA,NA,NA,NA,NA,NA,NA,NA,NA,NA,NA,NA,NA,NA,NA,NA,NA,NA,NA,NA,NA,NA,NA,NA,NA,NA,NA,NA
NA,NA,NA,NA,NA,NA,NA,NA,NA,NA,NA,NA,NA,NA,NA,NA,295,2025-05-29,13:56:15,4,4,"Thompson, Juju",1000337166,Right,NWL_KG,"Sacchetti, Anthony",10006255,Right,LAK_C,Undefined,7,Top,1,1,2,Undefined,Slider,StrikeCalled,Strikeout,Undefined,Undefined,0,0,NA,78.19836,1.512927,-2.335979,2034.764695,81.484069,08:45:00,5.28549,2.13298,5.94745,-44.45254,0.82866,-3.06626,2.98587,-0.29038,72.27293,-6.667732,-2.886193,0.484318,NA,NA,NA,NA,NA,NA,NA,NA,NA,NA,NA,0.97681,0.43268,-1.94528,50,5.38091,4.74613,-113.6173,1.62571,1.2865,19.34117,-31.6042,NWL_KG,LAK_C,HOMERSTRYKER,NWL,NWL,20250529-HOMERSTRYKER-1,37162d00-3cb6-11f0-a835-f9cb0487f947,77.82581,NA,NA,5.92543,NA,NA,NA,NA,NA,NA,45d07472-c160-48e7-9a7d-8b154baa4dec,2025-05-29,17:56:15,2025-05-29T17:56:15Z,2025-05-29T17:56:15Z,NA,v3,NA,NA,NA,"Garner, Coleman",90000255834,Right,NWL_KG,1ff844dc-a3ca-4eb6-a4ac-54a9e8aed937,54.55282,-114.3897,9.67059,5.29078,2.88784,-15.8021,-2.13379,4.69475,0.64325,NA,NA,NA,NA,NA,NA,NA,NA,NA,NA,NA,NA,NA,NA,NA,NA,NA,NA,NA,NA,NA,NA,NA,NA,NA,NA,NA,NA,NA,NA,NA,NA,NA,NA,NA,NA,NA,NA,NA,NA,NA,NA,NA,NA,NA,NA,NA,NA,NA,NA,High,High,High,NA,NA,NA,NA,NA,NA,NA,NA,NA,NA,NA,NA,NA,NA,NA,NA,NA,NA,NA,NA,NA,NA,NA,NA,NA,NA,NA,NA,NA,NA,NA,NA,NA,NA,NA,NA,NA,NA,NA,NA,NA,NA,NA,NA,NA,NA,NA,NA,NA,NA,NA,NA,NA,NA,NA,NA,NA,NA
NA,NA,NA,NA,NA,NA,NA,NA,NA,NA,NA,NA,NA,NA,NA,NA,296,2025-05-29,13:56:44,5,1,"Thompson, Juju",1000337166,Right,NWL_KG,"Rasmussen, Brody",1000396940,Right,LAK_C,Undefined,7,Top,2,0,0,Undefined,Sinker,BallCalled,Undefined,Undefined,Undefined,0,0,NA,87.40744,-2.373787,-3.187233,2132.010852,242.171413,02:00:00,5.29669,2.30417,6.2668,-27.411,8.60351,14.20205,0.81932,0.54621,80.47341,-7.47898,-0.621324,0.431927,NA,NA,NA,NA,NA,NA,NA,NA,NA,NA,NA,-8.28741,5.43886,-2.07501,50,5.10717,6.52178,-126.86666,-6.11817,-13.5499,25.17928,-23.28148,NWL_KG,LAK_C,HOMERSTRYKER,NWL,NWL,20250529-HOMERSTRYKER-1,482f4fe0-3cb6-11f0-a835-f9cb0487f947,87.2658,NA,NA,6.93403,NA,NA,NA,NA,NA,NA,45d07472-c160-48e7-9a7d-8b154baa4dec,2025-05-29,17:56:44,2025-05-29T17:56:44Z,2025-05-29T17:56:44Z,NA,v3,NA,NA,NA,"Garner, Coleman",90000255834,Right,NWL_KG,09edfa37-7083-41d5-8389-a4132dcee753,54.23378,-127.70418,12.58964,5.29779,-5.34378,-11.64074,-2.29943,6.97247,-6.77495,NA,NA,NA,NA,NA,NA,NA,NA,NA,NA,NA,NA,NA,NA,NA,NA,NA,NA,NA,NA,NA,NA,NA,NA,NA,NA,NA,NA,NA,NA,NA,NA,NA,NA,NA,NA,NA,NA,NA,NA,NA,NA,NA,NA,NA,NA,NA,NA,NA,NA,High,High,High,NA,NA,NA,NA,NA,NA,NA,NA,NA,NA,NA,NA,NA,NA,NA,NA,NA,NA,NA,NA,NA,NA,NA,NA,NA,NA,NA,NA,NA,NA,NA,NA,NA,NA,NA,NA,NA,NA,NA,NA,NA,NA,NA,NA,NA,NA,NA,NA,NA,NA,NA,NA,NA,NA,NA,NA,NA,NA
NA,NA,NA,NA,NA,NA,NA,NA,NA,NA,NA,NA,NA,NA,NA,NA,297,2025-05-29,13:57:07,5,2,"Thompson, Juju",1000337166,Right,NWL_KG,"Rasmussen, Brody",1000396940,Right,LAK_C,Undefined,7,Top,2,1,0,Undefined,Sinker,BallCalled,Undefined,Undefined,Undefined,0,0,NA,88.51395,-1.227086,-4.535002,2274.046039,229.67561,01:45:00,5.35542,1.97859,6.81296,-22.07509,12.51245,13.43284,2.39254,-1.04843,80.86266,-5.43425,-2.091801,0.423283,NA,NA,NA,NA,NA,NA,NA,NA,NA,NA,NA,-8.3628,7.3141,-1.68975,50,5.26764,9.68282,-128.37544,-3.34243,-13.94468,26.77365,-19.97806,NWL_KG,LAK_C,HOMERSTRYKER,NWL,NWL,20250529-HOMERSTRYKER-1,55f0e350-3cb6-11f0-a835-f9cb0487f947,89.04776,NA,NA,7.65129,NA,NA,NA,NA,NA,NA,45d07472-c160-48e7-9a7d-8b154baa4dec,2025-05-29,17:57:07,2025-05-29T17:57:07Z,2025-05-29T17:57:07Z,NA,v3,NA,NA,NA,"Garner, Coleman",90000255834,Right,NWL_KG,2e611bf5-de79-4333-9ebb-cb85c29b04ea,53.68546,-129.14178,13.38682,5.35513,-2.7706,-9.98903,-1.97262,10.08196,-6.97234,NA,NA,NA,NA,NA,NA,NA,NA,NA,NA,NA,NA,NA,NA,NA,NA,NA,NA,NA,NA,NA,NA,NA,NA,NA,NA,NA,NA,NA,NA,NA,NA,NA,NA,NA,NA,NA,NA,NA,NA,NA,NA,NA,NA,NA,NA,NA,NA,NA,NA,High,High,High,NA,NA,NA,NA,NA,NA,NA,NA,NA,NA,NA,NA,NA,NA,NA,NA,NA,NA,NA,NA,NA,NA,NA,NA,NA,NA,NA,NA,NA,NA,NA,NA,NA,NA,NA,NA,NA,NA,NA,NA,NA,NA,NA,NA,NA,NA,NA,NA,NA,NA,NA,NA,NA,NA,NA,NA,NA,NA
NA,NA,NA,NA,NA,NA,NA,NA,NA,NA,NA,NA,NA,NA,NA,NA,298,2025-05-29,13:57:29,5,3,"Thompson, Juju",1000337166,Right,NWL_KG,"Rasmussen, Brody",1000396940,Right,LAK_C,Undefined,7,Top,2,2,0,Undefined,Sinker,BallCalled,Undefined,Undefined,Undefined,0,0,NA,88.8972,0.490591,-4.095942,2162.700011,232.620598,01:45:00,5.47384,2.08954,6.14013,-23.13076,11.71154,14.00005,4.00083,-0.5355,81.71497,-3.847684,-1.580655,0.424839,NA,NA,NA,NA,NA,NA,NA,NA,NA,NA,NA,-8.2678,6.2426,-1.78394,50,5.49923,8.67167,-129.01272,0.38571,-14.0572,24.62941,-21.56019,NWL_KG,LAK_C,HOMERSTRYKER,NWL,NWL,20250529-HOMERSTRYKER-1,630323f0-3cb6-11f0-a835-f9cb0487f947,88.72164,NA,NA,7.18223,NA,NA,NA,NA,NA,NA,45d07472-c160-48e7-9a7d-8b154baa4dec,2025-05-29,17:57:29,2025-05-29T17:57:29Z,2025-05-29T17:57:29Z,NA,v3,NA,NA,NA,"Garner, Coleman",90000255834,Right,NWL_KG,21f4e89e-b549-43bb-afb7-d71563aade6e,54.35963,-129.84234,12.31471,5.47401,1.11194,-10.7801,-2.08401,9.14517,-7.0286,NA,NA,NA,NA,NA,NA,NA,NA,NA,NA,NA,NA,NA,NA,NA,NA,NA,NA,NA,NA,NA,NA,NA,NA,NA,NA,NA,NA,NA,NA,NA,NA,NA,NA,NA,NA,NA,NA,NA,NA,NA,NA,NA,NA,NA,NA,NA,NA,NA,NA,High,High,High,NA,NA,NA,NA,NA,NA,NA,NA,NA,NA,NA,NA,NA,NA,NA,NA,NA,NA,NA,NA,NA,NA,NA,NA,NA,NA,NA,NA,NA,NA,NA,NA,NA,NA,NA,NA,NA,NA,NA,NA,NA,NA,NA,NA,NA,NA,NA,NA,NA,NA,NA,NA,NA,NA,NA,NA,NA,NA
NA,NA,NA,NA,NA,NA,NA,NA,NA,NA,NA,NA,NA,NA,NA,NA,299,2025-05-29,13:57:51,5,4,"Thompson, Juju",1000337166,Right,NWL_KG,"Rasmussen, Brody",1000396940,Right,LAK_C,Undefined,7,Top,2,3,0,Undefined,Sinker,BallCalled,Walk,Undefined,Undefined,0,0,NA,86.49502,-0.993025,-5.246335,2160.627186,239.141765,02:00:00,5.26285,2.24079,6.59786,-24.9943,11.22264,17.01249,2.2663,-1.16145,79.77164,-5.698498,-2.168957,0.433139,NA,NA,NA,NA,NA,NA,NA,NA,NA,NA,NA,-10.24205,6.48244,-1.8883,50,5.18422,10.89042,-125.42157,-2.88575,-16.4825,22.91914,-21.74188,NWL_KG,LAK_C,HOMERSTRYKER,NWL,NWL,20250529-HOMERSTRYKER-1,70417da0-3cb6-11f0-a835-f9cb0487f947,87.02154,NA,NA,6.72339,NA,NA,NA,NA,NA,NA,45d07472-c160-48e7-9a7d-8b154baa4dec,2025-05-29,17:57:51,2025-05-29T17:57:51Z,2025-05-29T17:57:51Z,NA,v3,NA,NA,NA,"Garner, Coleman",90000255834,Right,NWL_KG,a92916dd-3e05-4b82-8190-18190ffa92b5,53.90262,-126.13271,11.45957,5.26329,-2.21114,-10.87094,-2.23415,11.40184,-8.24125,NA,NA,NA,NA,NA,NA,NA,NA,NA,NA,NA,NA,NA,NA,NA,NA,NA,NA,NA,NA,NA,NA,NA,NA,NA,NA,NA,NA,NA,NA,NA,NA,NA,NA,NA,NA,NA,NA,NA,NA,NA,NA,NA,NA,NA,NA,NA,NA,NA,NA,High,High,High,NA,NA,NA,NA,NA,NA,NA,NA,NA,NA,NA,NA,NA,NA,NA,NA,NA,NA,NA,NA,NA,NA,NA,NA,NA,NA,NA,NA,NA,NA,NA,NA,NA,NA,NA,NA,NA,NA,NA,NA,NA,NA,NA,NA,NA,NA,NA,NA,NA,NA,NA,NA,NA,NA,NA,NA,NA,NA
NA,NA,NA,NA,NA,NA,NA,NA,NA,NA,NA,NA,NA,NA,NA,NA,300,2025-05-29,13:58:25,6,1,"Thompson, Juju",1000337166,Right,NWL_KG,"Reynolds, Drew",1000120249,Left,LAK_C,Undefined,7,Top,2,0,0,Undefined,Sinker,StrikeCalled,Undefined,Undefined,Undefined,0,0,NA,88.08003,-1.037606,-3.959764,2202.133755,234.47314,01:45:00,5.27527,2.34748,6.24922,-24.98954,10.27638,12.97772,2.23349,-0.22873,81.36103,-5.706006,-1.621249,0.427414,NA,NA,NA,NA,NA,NA,NA,NA,NA,NA,NA,-7.74957,5.90744,-2.05912,50,5.18551,8.35015,-127.88927,-3.09527,-12.97182,23.73808,-22.28575,NWL_KG,LAK_C,HOMERSTRYKER,NWL,NWL,20250529-HOMERSTRYKER-1,84acd8c0-3cb6-11f0-a835-f9cb0487f947,88.18711,NA,NA,6.719,NA,NA,NA,NA,NA,NA,45d07472-c160-48e7-9a7d-8b154baa4dec,2025-05-29,17:58:25,2025-05-29T17:58:25Z,2025-05-29T17:58:25Z,NA,v3,NA,NA,NA,"Garner, Coleman",90000255834,Right,NWL_KG,124e6663-7542-4b64-9b21-effd6561091f,54.25149,-128.67599,11.86904,5.27585,-2.35668,-11.14287,-2.34298,8.78006,-6.48591,NA,NA,NA,NA,NA,NA,NA,NA,NA,NA,NA,NA,NA,NA,NA,NA,NA,NA,NA,NA,NA,NA,NA,NA,NA,NA,NA,NA,NA,NA,NA,NA,NA,NA,NA,NA,NA,NA,NA,NA,NA,NA,NA,NA,NA,NA,NA,NA,NA,NA,High,High,High,NA,NA,NA,NA,NA,NA,NA,NA,NA,NA,NA,NA,NA,NA,NA,NA,NA,NA,NA,NA,NA,NA,NA,NA,NA,NA,NA,NA,NA,NA,NA,NA,NA,NA,NA,NA,NA,NA,NA,NA,NA,NA,NA,NA,NA,NA,NA,NA,NA,NA,NA,NA,NA,NA,NA,NA,NA,NA
NA,NA,NA,NA,NA,NA,NA,NA,NA,NA,NA,NA,NA,NA,NA,NA,301,2025-05-29,13:58:46,6,2,"Thompson, Juju",1000337166,Right,NWL_KG,"Reynolds, Drew",1000120249,Left,LAK_C,Undefined,7,Top,2,0,1,Undefined,Sinker,InPlay,Undefined,FlyBall,HomeRun,0,4,NA,88.20353,-1.47893,-4.65601,2170.144576,242.041071,02:00:00,5.24974,2.45729,6.33138,-25.13623,10.27071,17.24714,1.78844,-0.40221,80.82085,-6.19578,-1.546277,0.428268,95.69695,27.724674,20.477123,1989.5985,100.23438,48.71869,45.30941,327.92707,315.97333,31.100499,4.26508,-10.3019,6.08426,-2.12535,50,5.12958,9.74963,-127.86659,-4.07423,-17.08702,25.91216,-22.0825,NWL_KG,LAK_C,HOMERSTRYKER,NWL,NWL,20250529-HOMERSTRYKER-1,910677c0-3cb6-11f0-a835-f9cb0487f947,88.01133,62.50804,NA,7.38267,NA,NA,NA,1.33839,1.76942,0.39,45d07472-c160-48e7-9a7d-8b154baa4dec,2025-05-29,17:58:46,2025-05-29T17:58:46Z,2025-05-29T17:58:46Z,FlyBall,v3,NA,NA,NA,"Garner, Coleman",90000255834,Right,NWL_KG,9a86cd92-488b-405e-bc82-8f3c41d7913c,54.1692,-128.7087,12.95608,5.25032,-3.35657,-11.04125,-2.45123,10.30494,-8.54351,232.471354,1.34827,116.14011,-21.67379,2.91409,1.25661,-1.10262,0.35677,-0.05623,0.00355,1.76927,65.30076,-20.29865,1.78663,-0.21696,0.00129,0.01238,-0.00283,1.7e-4,0.38898,43.49591,2.53722,-2.11574,0.42167,0.08042,-0.06803,0.01543,-0.00126,NA,NA,NA,NA,NA,NA,NA,NA,NA,NA,NA,NA,NA,NA,NA,NA,NA,NA,NA,NA,NA,NA,High,High,High,High,Medium,NA,NA,NA,NA,NA,NA,NA,NA,NA,NA,NA,NA,NA,NA,NA,NA,NA,NA,NA,NA,NA,NA,NA,NA,NA,NA,NA,NA,NA,NA,NA,NA,NA,NA,NA,NA,NA,NA,NA,NA,NA,NA,NA,NA,NA,NA,NA,NA,NA,NA,NA,NA,NA,NA,NA,NA
NA,NA,NA,NA,NA,NA,NA,NA,NA,NA,NA,NA,NA,NA,NA,NA,302,2025-05-29,14:00:30,7,1,"Thompson, Juju",1000337166,Right,NWL_KG,"Sayles, Dylan",1000279077,Left,LAK_C,Undefined,7,Top,2,0,0,Undefined,Sinker,FoulBallNotFieldable,Undefined,Undefined,Undefined,0,0,NA,88.23053,-1.298618,-3.88989,2233.088995,240.930964,02:00:00,5.23668,2.3517,5.85829,-25.37257,10.91737,17.40343,1.91281,0.18246,80.13175,-6.042615,-0.775169,0.433575,47.12268,7.59602,-75.886887,5419.110555,NA,NA,NA,38.87191,38.87191,-72.673423,0.577953,-10.1202,6.32969,-2.04615,50,5.11634,7.97014,-127.82845,-3.73504,-16.61904,28.20011,-21.77964,NWL_KG,LAK_C,HOMERSTRYKER,NWL,NWL,20250529-HOMERSTRYKER-1,cf1464a0-3cb6-11f0-a835-f9cb0487f947,86.934,3.0647,NA,8.09878,NA,NA,NA,3.17923,2.16182,-0.32894,45d07472-c160-48e7-9a7d-8b154baa4dec,2025-05-29,18:00:30,2025-05-29T18:00:30Z,2025-05-29T18:00:30Z,GroundBall,v3,NA,NA,NA,"Garner, Coleman",90000255834,Right,NWL_KG,aedc4aa9-219a-4df7-8ddd-7aefed2d8642,54.64108,-128.84825,14.10006,5.23717,-2.94742,-10.88982,-2.34524,8.57114,-8.30952,NA,3.17923,16.70446,-4.06519,0.59081,-0.12326,0.01108,8e-5,1e-4,1.6e-4,2.16182,9.1359,-23.59595,2.54053,-0.50806,0.0987,-0.01114,0.0031,-7.1e-4,-0.32894,-66.43887,4.59759,0.50589,-0.16469,0.07699,-0.01627,0.00463,-0.0017,NA,NA,NA,NA,NA,NA,NA,NA,NA,NA,NA,NA,NA,NA,NA,NA,NA,NA,NA,NA,NA,NA,High,High,High,Medium,High,NA,NA,NA,NA,NA,NA,NA,NA,NA,NA,NA,NA,NA,NA,NA,NA,NA,NA,NA,NA,NA,NA,NA,NA,NA,NA,NA,NA,NA,NA,NA,NA,NA,NA,NA,NA,NA,NA,NA,NA,NA,NA,NA,NA,NA,NA,NA,NA,NA,NA,NA,NA,NA,NA,NA,NA
NA,NA,NA,NA,NA,NA,NA,NA,NA,NA,NA,NA,NA,NA,NA,NA,303,2025-05-29,14:00:55,7,2,"Thompson, Juju",1000337166,Right,NWL_KG,"Sayles, Dylan",1000279077,Left,LAK_C,Undefined,7,Top,2,0,1,Undefined,Slider,StrikeCalled,Undefined,Undefined,Undefined,0,0,NA,79.28926,0.468693,-1.453664,2042.572194,140.55851,10:45:00,5.27334,2.50089,5.6956,-38.25585,6.66977,-4.29055,2.52228,0.78838,72.45493,-6.596406,-2.220902,0.482412,NA,NA,NA,NA,NA,NA,NA,NA,NA,NA,NA,1.76634,3.67229,-2.37604,50,5.28886,3.08436,-115.09644,-0.27174,2.3585,22.28069,-27.27069,NWL_KG,LAK_C,HOMERSTRYKER,NWL,NWL,20250529-HOMERSTRYKER-1,ddba8bb0-3cb6-11f0-a835-f9cb0487f947,78.13324,NA,NA,6.83433,NA,NA,NA,NA,NA,NA,45d07472-c160-48e7-9a7d-8b154baa4dec,2025-05-29,18:00:55,2025-05-29T18:00:55Z,2025-05-29T18:00:55Z,NA,v3,NA,NA,NA,"Garner, Coleman",90000255834,Right,NWL_KG,3b54c218-0a69-4036-9bdd-167e60c4c2f9,54.80271,-116.02244,11.14034,5.2766,0.86164,-13.63534,-2.50219,2.98634,1.17925,NA,NA,NA,NA,NA,NA,NA,NA,NA,NA,NA,NA,NA,NA,NA,NA,NA,NA,NA,NA,NA,NA,NA,NA,NA,NA,NA,NA,NA,NA,NA,NA,NA,NA,NA,NA,NA,NA,NA,NA,NA,NA,NA,NA,NA,NA,NA,NA,NA,NA,High,High,High,NA,NA,NA,NA,NA,NA,NA,NA,NA,NA,NA,NA,NA,NA,NA,NA,NA,NA,NA,NA,NA,NA,NA,NA,NA,NA,NA,NA,NA,NA,NA,NA,NA,NA,NA,NA,NA,NA,NA,NA,NA,NA,NA,NA,NA,NA,NA,NA,NA,NA,NA,NA,NA,NA,NA,NA,NA,NA
NA,NA,NA,NA,NA,NA,NA,NA,NA,NA,NA,NA,NA,NA,NA,NA,304,2025-05-29,14:01:17,7,3,"Thompson, Juju",1000337166,Right,NWL_KG,"Sayles, Dylan",1000279077,Left,LAK_C,Undefined,7,Top,2,0,2,Undefined,Sinker,StrikeSwinging,Strikeout,Undefined,Undefined,0,0,NA,86.77613,-1.872475,-3.973002,2145.383462,244.388201,02:15:00,5.18691,2.45317,6.13978,-26.8508,10.69776,19.35824,1.21411,0.38881,78.07911,-6.929839,-0.488593,0.44103,NA,NA,NA,NA,NA,NA,NA,NA,NA,NA,NA,-11.42359,6.54811,-2.1601,50,5.03005,7.96164,-125.60925,-4.9367,-17.89191,30.1102,-21.91823,NWL_KG,LAK_C,HOMERSTRYKER,NWL,NWL,20250529-HOMERSTRYKER-1,eb321dd0-3cb6-11f0-a835-f9cb0487f947,85.46457,NA,NA,8.69702,NA,NA,NA,NA,NA,NA,45d07472-c160-48e7-9a7d-8b154baa4dec,2025-05-29,18:01:17,2025-05-29T18:01:17Z,2025-05-29T18:01:17Z,NA,v3,NA,NA,NA,"Garner, Coleman",90000255834,Right,NWL_KG,325fbcb6-c0b0-46a0-a66a-37c86a0a096c,54.35897,-126.64984,15.0551,5.18757,-4.17922,-10.95911,-2.44594,8.57997,-8.94595,NA,NA,NA,NA,NA,NA,NA,NA,NA,NA,NA,NA,NA,NA,NA,NA,NA,NA,NA,NA,NA,NA,NA,NA,NA,NA,NA,NA,NA,NA,NA,NA,NA,NA,NA,NA,NA,NA,NA,NA,NA,NA,NA,NA,NA,NA,NA,NA,NA,NA,High,High,High,NA,NA,NA,NA,NA,NA,NA,NA,NA,NA,NA,NA,NA,NA,NA,NA,NA,NA,NA,NA,NA,NA,NA,NA,NA,NA,NA,NA,NA,NA,NA,NA,NA,NA,NA,NA,NA,NA,NA,NA,NA,NA,NA,NA,NA,NA,NA,NA,NA,NA,NA,NA,NA,NA,NA,NA,NA,NA
NA,NA,NA,NA,NA,NA,NA,NA,NA,NA,NA,NA,NA,NA,NA,NA,305,2025-05-29,14:04:07,1,1,"Smith, Danny",1000403812,Right,LAK_C,"Thielman, Avery",1000215893,Right,NWL_KG,Undefined,7,Bottom,0,0,0,Undefined,Changeup,BallCalled,Undefined,Undefined,Undefined,0,0,NA,80.11451,-0.055126,-1.716789,1949.711308,182.16059,12:00:00,6.32196,0.43329,6.05214,-21.92419,21.46962,0.75673,4.44389,-1.09333,72.98338,-4.238175,-1.580696,0.474117,NA,NA,NA,NA,NA,NA,NA,NA,NA,NA,NA,-0.87949,11.47363,-0.30017,50,6.30576,3.4571,-116.30036,-0.66902,-1.2009,22.43465,-16.50757,NWL_KG,LAK_C,HOMERSTRYKER,NWL,NWL,20250529-HOMERSTRYKER-1,506910f0-3cb7-11f0-a835-f9cb0487f947,79.50031,NA,NA,7.13113,NA,NA,NA,NA,NA,NA,45d07472-c160-48e7-9a7d-8b154baa4dec,2025-05-29,18:04:07,2025-05-29T18:04:07Z,2025-05-29T18:04:07Z,NA,v3,NA,NA,NA,"Duarte, Christian",10064346,R,LAK_C,a678c918-440f-4753-9d71-590b1ddc8045,54.44318,-117.15433,11.21733,6.31927,-0.04067,-8.25378,-0.43263,3.50281,-0.60045,NA,NA,NA,NA,NA,NA,NA,NA,NA,NA,NA,NA,NA,NA,NA,NA,NA,NA,NA,NA,NA,NA,NA,NA,NA,NA,NA,NA,NA,NA,NA,NA,NA,NA,NA,NA,NA,NA,NA,NA,NA,NA,NA,NA,NA,NA,NA,NA,NA,NA,High,High,High,NA,NA,NA,NA,NA,NA,NA,NA,NA,NA,NA,NA,NA,NA,NA,NA,NA,NA,NA,NA,NA,NA,NA,NA,NA,NA,NA,NA,NA,NA,NA,NA,NA,NA,NA,NA,NA,NA,NA,NA,NA,NA,NA,NA,NA,NA,NA,NA,NA,NA,NA,NA,NA,NA,NA,NA,NA,NA
NA,NA,NA,NA,NA,NA,NA,NA,NA,NA,NA,NA,NA,NA,NA,NA,306,2025-05-29,14:04:24,1,2,"Smith, Danny",1000403812,Right,LAK_C,"Thielman, Avery",1000215893,Right,NWL_KG,Undefined,7,Bottom,0,1,0,Undefined,Cutter,StrikeSwinging,Undefined,Undefined,Undefined,0,0,NA,79.86633,-3.012433,-0.724291,1958.10339,168.273944,11:30:00,6.21734,0.32547,6.16767,-23.57478,19.89147,-3.83327,1.46751,-0.66301,73.24886,-7.458097,-1.416235,0.474512,NA,NA,NA,NA,NA,NA,NA,NA,NA,NA,NA,1.76976,11.56764,-0.26879,50,5.97681,1.60627,-115.87773,-6.71088,2.40362,21.87953,-16.46331,NWL_KG,LAK_C,HOMERSTRYKER,NWL,NWL,20250529-HOMERSTRYKER-1,5a725750-3cb7-11f0-a835-f9cb0487f947,79.43406,NA,NA,6.61748,NA,NA,NA,NA,NA,NA,45d07472-c160-48e7-9a7d-8b154baa4dec,2025-05-29,18:04:24,2025-05-29T18:04:24Z,2025-05-29T18:04:24Z,NA,v3,NA,NA,NA,"Duarte, Christian",10064346,R,LAK_C,9bef7ba5-3039-4356-ad9b-89779b3fe53c,54.32843,-116.69214,10.93976,6.2152,-6.09807,-8.23165,-0.32691,1.5168,1.20181,NA,NA,NA,NA,NA,NA,NA,NA,NA,NA,NA,NA,NA,NA,NA,NA,NA,NA,NA,NA,NA,NA,NA,NA,NA,NA,NA,NA,NA,NA,NA,NA,NA,NA,NA,NA,NA,NA,NA,NA,NA,NA,NA,NA,NA,NA,NA,NA,NA,NA,High,High,High,NA,NA,NA,NA,NA,NA,NA,NA,NA,NA,NA,NA,NA,NA,NA,NA,NA,NA,NA,NA,NA,NA,NA,NA,NA,NA,NA,NA,NA,NA,NA,NA,NA,NA,NA,NA,NA,NA,NA,NA,NA,NA,NA,NA,NA,NA,NA,NA,NA,NA,NA,NA,NA,NA,NA,NA,NA,NA
NA,NA,NA,NA,NA,NA,NA,NA,NA,NA,NA,NA,NA,NA,NA,NA,307,2025-05-29,14:04:47,1,3,"Smith, Danny",1000403812,Right,LAK_C,"Thielman, Avery",1000215893,Right,NWL_KG,Undefined,7,Bottom,0,1,1,Undefined,Curveball,StrikeCalled,Undefined,Undefined,Undefined,0,0,NA,71.01072,0.560427,-0.73396,1918.729143,99.248461,09:15:00,6.20428,0.97009,5.55317,-53.06944,2.94658,-7.50733,2.30554,-0.34137,65.58032,-9.130356,-2.07491,0.538676,NA,NA,NA,NA,NA,NA,NA,NA,NA,NA,NA,3.59457,1.86815,-0.90156,50,6.21769,1.5836,-103.14282,-0.5729,3.87477,17.05105,-30.16026,NWL_KG,LAK_C,HOMERSTRYKER,NWL,NWL,20250529-HOMERSTRYKER-1,67e9e970-3cb7-11f0-a835-f9cb0487f947,69.97239,NA,NA,5.4304,NA,NA,NA,NA,NA,NA,45d07472-c160-48e7-9a7d-8b154baa4dec,2025-05-29,18:04:47,2025-05-29T18:04:47Z,2025-05-29T18:04:47Z,NA,v3,NA,NA,NA,"Duarte, Christian",10064346,R,LAK_C,a9d6c046-3a73-4a4d-bf61-f42ab9b8065e,54.94587,-103.95723,8.52553,6.21065,0.86765,-15.08013,-0.97278,1.39852,1.93739,NA,NA,NA,NA,NA,NA,NA,NA,NA,NA,NA,NA,NA,NA,NA,NA,NA,NA,NA,NA,NA,NA,NA,NA,NA,NA,NA,NA,NA,NA,NA,NA,NA,NA,NA,NA,NA,NA,NA,NA,NA,NA,NA,NA,NA,NA,NA,NA,NA,NA,High,High,High,NA,NA,NA,NA,NA,NA,NA,NA,NA,NA,NA,NA,NA,NA,NA,NA,NA,NA,NA,NA,NA,NA,NA,NA,NA,NA,NA,NA,NA,NA,NA,NA,NA,NA,NA,NA,NA,NA,NA,NA,NA,NA,NA,NA,NA,NA,NA,NA,NA,NA,NA,NA,NA,NA,NA,NA,NA,NA
NA,NA,NA,NA,NA,NA,NA,NA,NA,NA,NA,NA,NA,NA,NA,NA,308,2025-05-29,14:05:07,1,4,"Smith, Danny",1000403812,Right,LAK_C,"Thielman, Avery",1000215893,Right,NWL_KG,Undefined,7,Bottom,0,1,2,Undefined,Changeup,BallCalled,Undefined,Undefined,Undefined,0,0,NA,80.61812,0.278616,1.05287,1939.499461,183.768924,12:15:00,6.22876,0.37441,6.07278,-21.77167,21.24997,1.30339,4.67231,1.45738,73.04306,-3.89288,1.287457,0.472079,NA,NA,NA,NA,NA,NA,NA,NA,NA,NA,NA,-0.34598,11.25882,-0.45653,50,6.23857,-2.20064,-116.99191,0.02306,-0.47555,23.77905,-16.69903,NWL_KG,LAK_C,HOMERSTRYKER,NWL,NWL,20250529-HOMERSTRYKER-1,74361af0-3cb7-11f0-a835-f9cb0487f947,79.84348,NA,NA,7.57506,NA,NA,NA,NA,NA,NA,45d07472-c160-48e7-9a7d-8b154baa4dec,2025-05-29,18:05:07,2025-05-29T18:05:07Z,2025-05-29T18:05:07Z,NA,v3,NA,NA,NA,"Duarte, Christian",10064346,R,LAK_C,6647f744-f4de-4ae8-b26c-76bf7e592de9,54.42098,-117.88707,11.88952,6.22587,0.65169,-8.34951,-0.37403,-2.18274,-0.23777,NA,NA,NA,NA,NA,NA,NA,NA,NA,NA,NA,NA,NA,NA,NA,NA,NA,NA,NA,NA,NA,NA,NA,NA,NA,NA,NA,NA,NA,NA,NA,NA,NA,NA,NA,NA,NA,NA,NA,NA,NA,NA,NA,NA,NA,NA,NA,NA,NA,NA,High,High,High,NA,NA,NA,NA,NA,NA,NA,NA,NA,NA,NA,NA,NA,NA,NA,NA,NA,NA,NA,NA,NA,NA,NA,NA,NA,NA,NA,NA,NA,NA,NA,NA,NA,NA,NA,NA,NA,NA,NA,NA,NA,NA,NA,NA,NA,NA,NA,NA,NA,NA,NA,NA,NA,NA,NA,NA,NA,NA
NA,NA,NA,NA,NA,NA,NA,NA,NA,NA,NA,NA,NA,NA,NA,NA,309,2025-05-29,14:05:27,1,5,"Smith, Danny",1000403812,Right,LAK_C,"Thielman, Avery",1000215893,Right,NWL_KG,Undefined,7,Bottom,0,2,2,Undefined,Curveball,InPlay,Undefined,FlyBall,Out,1,0,NA,67.74158,0.764948,-0.197982,1839.940118,86.281352,09:00:00,6.14279,0.94258,5.40555,-60.36306,1.22051,-8.89851,1.82931,0.01553,63.04008,-10.182969,-1.78441,0.564812,83.87108,33.38003,15.386921,4044.766629,102.9682,61.73881,38.69807,273.29558,260.0294,29.301026,4.597277,4.46575,0.88862,-0.91837,50,6.16813,0.63402,-98.45468,-0.4363,4.407,14.84206,-31.29713,NWL_KG,LAK_C,HOMERSTRYKER,NWL,NWL,20250529-HOMERSTRYKER-1,8061a510-3cb7-11f0-a835-f9cb0487f947,66.7345,71.86722,NA,4.7015,NA,NA,NA,2.10886,2.01038,-0.01431,45d07472-c160-48e7-9a7d-8b154baa4dec,2025-05-29,18:05:27,2025-05-29T18:05:27Z,2025-05-29T18:05:27Z,FlyBall,v3,NA,NA,NA,"Duarte, Christian",10064346,R,LAK_C,e2e5d8a5-9ed3-4967-b233-6a580f1e85d4,55.09577,-99.21989,7.42103,6.14903,1.17729,-15.64857,-0.9452,0.4068,2.2035,214.603686,2.11046,99.00627,-22.46926,5.18227,-1.00573,0.18432,-0.03746,0.00588,-3.9e-4,2.0112,67.65255,-17.95067,0.63635,0.27414,-0.20659,0.0662,-0.00994,5.6e-4,-0.01465,27.26085,3.02136,-1.50299,0.4199,-0.09073,0.01606,-0.00187,1e-4,NA,NA,NA,NA,NA,NA,NA,NA,NA,NA,NA,NA,NA,NA,NA,NA,NA,NA,NA,NA,NA,NA,High,High,High,High,Medium,NA,NA,NA,NA,NA,NA,NA,NA,NA,NA,NA,NA,NA,NA,NA,NA,NA,NA,NA,NA,NA,NA,NA,NA,NA,NA,NA,NA,NA,NA,NA,NA,NA,NA,NA,NA,NA,NA,NA,NA,NA,NA,NA,NA,NA,NA,NA,NA,NA,NA,NA,NA,NA,NA,NA,NA
NA,NA,NA,NA,NA,NA,NA,NA,NA,NA,NA,NA,NA,NA,NA,NA,310,2025-05-29,14:06:07,2,1,"Smith, Danny",1000403812,Right,LAK_C,"Garner, Coleman",90000255834,Right,NWL_KG,Undefined,7,Bottom,1,0,0,Undefined,Cutter,StrikeCalled,Undefined,Undefined,Undefined,0,0,NA,81.25286,-2.71216,0.397505,1936.832276,177.746848,12:00:00,6.23024,0.43176,6.19943,-22.73422,18.99808,-0.69618,1.83017,0.74069,74.77233,-6.998388,0.271749,0.464952,NA,NA,NA,NA,NA,NA,NA,NA,NA,NA,NA,0.46835,10.98556,-0.4613,50,6.01462,-0.79329,-118.00391,-6.19374,0.66238,21.81782,-16.63698,NWL_KG,LAK_C,HOMERSTRYKER,NWL,NWL,20250529-HOMERSTRYKER-1,97a351b0-3cb7-11f0-a835-f9cb0487f947,81.06745,NA,NA,6.48052,NA,NA,NA,NA,NA,NA,45d07472-c160-48e7-9a7d-8b154baa4dec,2025-05-29,18:06:07,2025-05-29T18:06:07Z,2025-05-29T18:06:07Z,NA,v3,NA,NA,NA,"Duarte, Christian",10064346,R,LAK_C,7822c28e-37fc-4b47-953f-49b0120b6e35,54.29853,-118.79601,10.90891,6.22852,-5.58973,-8.31849,-0.43206,-0.81734,0.33119,NA,NA,NA,NA,NA,NA,NA,NA,NA,NA,NA,NA,NA,NA,NA,NA,NA,NA,NA,NA,NA,NA,NA,NA,NA,NA,NA,NA,NA,NA,NA,NA,NA,NA,NA,NA,NA,NA,NA,NA,NA,NA,NA,NA,NA,NA,NA,NA,NA,NA,High,High,High,NA,NA,NA,NA,NA,NA,NA,NA,NA,NA,NA,NA,NA,NA,NA,NA,NA,NA,NA,NA,NA,NA,NA,NA,NA,NA,NA,NA,NA,NA,NA,NA,NA,NA,NA,NA,NA,NA,NA,NA,NA,NA,NA,NA,NA,NA,NA,NA,NA,NA,NA,NA,NA,NA,NA,NA,NA,NA
NA,NA,NA,NA,NA,NA,NA,NA,NA,NA,NA,NA,NA,NA,NA,NA,311,2025-05-29,14:06:24,2,2,"Smith, Danny",1000403812,Right,LAK_C,"Garner, Coleman",90000255834,Right,NWL_KG,Undefined,7,Bottom,1,0,1,Undefined,Curveball,BallCalled,Undefined,Undefined,Undefined,0,0,NA,70.73213,-0.242505,0.156078,1956.270459,99.877043,09:15:00,6.1566,0.93488,5.50602,-53.10845,3.39693,-9.54457,1.5041,0.28547,65.50207,-9.911802,-1.549217,0.541024,NA,NA,NA,NA,NA,NA,NA,NA,NA,NA,NA,4.88677,2.28307,-0.94182,50,6.09952,0.04925,-102.76091,-2.01552,5.23131,16.84881,-29.73001,NWL_KG,LAK_C,HOMERSTRYKER,NWL,NWL,20250529-HOMERSTRYKER-1,a1e3d4b0-3cb7-11f0-a835-f9cb0487f947,69.66872,NA,NA,5.23005,NA,NA,NA,NA,NA,NA,45d07472-c160-48e7-9a7d-8b154baa4dec,2025-05-29,18:06:24,2025-05-29T18:06:24Z,2025-05-29T18:06:24Z,NA,v3,NA,NA,NA,"Duarte, Christian",10064346,R,LAK_C,b2ac662f-3f1b-41d4-95fd-9e1714f07316,54.99384,-103.57647,8.42441,6.16225,-0.57646,-14.86501,-0.93808,-0.20398,2.61565,NA,NA,NA,NA,NA,NA,NA,NA,NA,NA,NA,NA,NA,NA,NA,NA,NA,NA,NA,NA,NA,NA,NA,NA,NA,NA,NA,NA,NA,NA,NA,NA,NA,NA,NA,NA,NA,NA,NA,NA,NA,NA,NA,NA,NA,NA,NA,NA,NA,NA,High,High,High,NA,NA,NA,NA,NA,NA,NA,NA,NA,NA,NA,NA,NA,NA,NA,NA,NA,NA,NA,NA,NA,NA,NA,NA,NA,NA,NA,NA,NA,NA,NA,NA,NA,NA,NA,NA,NA,NA,NA,NA,NA,NA,NA,NA,NA,NA,NA,NA,NA,NA,NA,NA,NA,NA,NA,NA,NA,NA
NA,NA,NA,NA,NA,NA,NA,NA,NA,NA,NA,NA,NA,NA,NA,NA,312,2025-05-29,14:06:41,2,3,"Smith, Danny",1000403812,Right,LAK_C,"Garner, Coleman",90000255834,Right,NWL_KG,Undefined,7,Bottom,1,1,1,Undefined,Curveball,InPlay,Undefined,GroundBall,Out,1,0,NA,68.41896,1.403216,-0.216616,1911.62117,70.500336,08:15:00,6.07878,0.95348,5.42116,-62.24976,-1.40201,-9.39312,2.20596,-0.03218,63.08854,-9.920791,-1.891179,0.561427,65.81931,1.472636,-32.062621,1909.479987,NA,NA,NA,48.85864,47.90925,-32.208073,0.509014,4.70327,-0.61972,-0.92736,50,6.15962,0.69133,-99.34533,0.6066,4.68428,16.42463,-32.79128,NWL_KG,LAK_C,HOMERSTRYKER,NWL,NWL,20250529-HOMERSTRYKER-1,ac5308d0-3cb7-11f0-a835-f9cb0487f947,67.13679,3.17957,NA,5.33042,NA,NA,NA,2.16975,3.09076,-0.37546,45d07472-c160-48e7-9a7d-8b154baa4dec,2025-05-29,18:06:41,2025-05-29T18:06:41Z,2025-05-29T18:06:41Z,GroundBall,v3,NA,NA,NA,"Duarte, Christian",10064346,R,LAK_C,d997fa50-2833-4cba-baa8-f1ce44a37e86,55.07981,-100.18165,8.21232,6.08623,2.27628,-16.39564,-0.95648,0.45281,2.34214,NA,2.17593,81.62022,-9.21432,NA,NA,NA,NA,NA,NA,3.09744,2.30621,-16.51044,NA,NA,NA,NA,NA,NA,-0.37471,-51.24796,1.6151199999999999,NA,NA,NA,NA,NA,NA,NA,NA,NA,NA,NA,NA,NA,NA,NA,NA,NA,NA,NA,NA,NA,NA,NA,NA,NA,NA,NA,NA,High,High,High,Medium,High,NA,NA,NA,NA,NA,NA,NA,NA,NA,NA,NA,NA,NA,NA,NA,NA,NA,NA,NA,NA,NA,NA,NA,NA,NA,NA,NA,NA,NA,NA,NA,NA,NA,NA,NA,NA,NA,NA,NA,NA,NA,NA,NA,NA,NA,NA,NA,NA,NA,NA,NA,NA,NA,NA,NA,NA
NA,NA,NA,NA,NA,NA,NA,NA,NA,NA,NA,NA,NA,NA,NA,NA,313,2025-05-29,14:07:15,3,1,"Smith, Danny",1000403812,Right,LAK_C,"Dickerson, Gage",10105216,Left,NWL_KG,Undefined,7,Bottom,2,0,0,Undefined,Changeup,InPlay,Undefined,LineDrive,Double,0,0,NA,81.1103,-2.499649,-0.739157,2038.346803,192.045057,12:30:00,6.1501,0.53052,6.0552,-21.24639,21.42379,4.24764,2.06416,0.20026,73.59706,-6.55162,0.025782,0.470147,97.35715,12.247461,-12.807091,710.607188,107.33755,16.6025,-24.05173,229.54746,229.54746,-12.840114,2.140523,-2.42536,12.27048,-0.47537,50,5.94449,1.35843,-117.63115,-5.68272,-3.3599,24.6654,-15.17543,NWL_KG,LAK_C,HOMERSTRYKER,NWL,NWL,20250529-HOMERSTRYKER-1,c09976d0-3cb7-11f0-a835-f9cb0487f947,80.17161,16.82825,NA,7.51324,NA,NA,NA,1.99087,2.1043,-0.20438,45d07472-c160-48e7-9a7d-8b154baa4dec,2025-05-29,18:07:15,2025-05-29T18:07:15Z,2025-05-29T18:07:15Z,LineDrive,v3,NA,NA,NA,"Duarte, Christian",10064346,R,LAK_C,bb1ad50d-d367-4219-bc1b-6ef685db1e5f,54.44155,-118.55881,12.3327,6.14749,-5.11197,-7.58771,-0.52884,1.48479,-1.67995,184.60487,1.99085,136.07049,-21.33154,4.29152,-1.07296,0.35693,-0.12289,0.02778,-0.00275,2.10436,30.28576,-16.71229,1.20822,0.18964,-0.43475,0.24901,-0.06671,0.0071,-0.20428,-30.93976,5.26566,-1.64105,1.0921400000000001,-0.87632,0.43412,-0.1123,0.01181,NA,NA,NA,NA,NA,NA,NA,NA,NA,NA,NA,NA,NA,NA,NA,NA,NA,NA,NA,NA,NA,NA,High,High,High,High,High,NA,NA,NA,NA,NA,NA,NA,NA,NA,NA,NA,NA,NA,NA,NA,NA,NA,NA,NA,NA,NA,NA,NA,NA,NA,NA,NA,NA,NA,NA,NA,NA,NA,NA,NA,NA,NA,NA,NA,NA,NA,NA,NA,NA,NA,NA,NA,NA,NA,NA,NA,NA,NA,NA,NA,NA
NA,NA,NA,NA,NA,NA,NA,NA,NA,NA,NA,NA,NA,NA,NA,NA,314,2025-05-29,14:07:59,4,1,"Smith, Danny",1000403812,Right,LAK_C,"Crisp, JD",825759,Left,NWL_KG,Undefined,7,Bottom,2,0,0,Undefined,Changeup,BallCalled,Undefined,Undefined,Undefined,0,0,NA,80.72055,-3.224026,1.599886,1879.645397,197.111805,12:30:00,6.25436,0.83929,6.11105,-22.43568,20.19355,5.79319,1.3993,2.80178,74.14162,-7.447844,2.643599,0.469921,NA,NA,NA,NA,NA,NA,NA,NA,NA,NA,NA,-2.54528,11.7506,-0.96501,50,5.99483,-3.48429,-117.07868,-7.18922,-3.53277,22.10964,-15.86446,NWL_KG,LAK_C,HOMERSTRYKER,NWL,NWL,20250529-HOMERSTRYKER-1,daca7b30-3cb7-11f0-a835-f9cb0487f947,80.21011,NA,NA,6.57892,NA,NA,NA,NA,NA,NA,45d07472-c160-48e7-9a7d-8b154baa4dec,2025-05-29,18:07:59,2025-05-29T18:07:59Z,2025-05-29T18:07:59Z,NA,v3,NA,NA,NA,"Duarte, Christian",10064346,R,LAK_C,89758d44-efdc-431e-9967-279e99f974cf,54.38621,-117.90408,11.05482,6.25216,-6.59697,-7.93223,-0.8374,-3.3524,-1.76638,NA,NA,NA,NA,NA,NA,NA,NA,NA,NA,NA,NA,NA,NA,NA,NA,NA,NA,NA,NA,NA,NA,NA,NA,NA,NA,NA,NA,NA,NA,NA,NA,NA,NA,NA,NA,NA,NA,NA,NA,NA,NA,NA,NA,NA,NA,NA,NA,NA,NA,High,High,High,NA,NA,NA,NA,NA,NA,NA,NA,NA,NA,NA,NA,NA,NA,NA,NA,NA,NA,NA,NA,NA,NA,NA,NA,NA,NA,NA,NA,NA,NA,NA,NA,NA,NA,NA,NA,NA,NA,NA,NA,NA,NA,NA,NA,NA,NA,NA,NA,NA,NA,NA,NA,NA,NA,NA,NA,NA,NA
NA,NA,NA,NA,NA,NA,NA,NA,NA,NA,NA,NA,NA,NA,NA,NA,315,2025-05-29,14:08:22,4,2,"Smith, Danny",1000403812,Right,LAK_C,"Crisp, JD",825759,Left,NWL_KG,Undefined,7,Bottom,2,1,0,Undefined,Slider,BallCalled,Undefined,Undefined,Undefined,0,0,NA,80.81308,-1.831577,0.883194,2051.282613,172.507382,11:45:00,6.28566,0.67417,6.15112,-22.04092,20.55119,-2.51366,2.75584,1.28079,73.63011,-6.028295,0.429752,0.469717,NA,NA,NA,NA,NA,NA,NA,NA,NA,NA,NA,1.5528,11.58075,-0.74009,50,6.13491,-1.71364,-117.29571,-4.31393,2.15101,23.36252,-16.13167,NWL_KG,LAK_C,HOMERSTRYKER,NWL,NWL,20250529-HOMERSTRYKER-1,e87133a0-3cb7-11f0-a835-f9cb0487f947,80.24506,NA,NA,7.18297,NA,NA,NA,NA,NA,NA,45d07472-c160-48e7-9a7d-8b154baa4dec,2025-05-29,18:08:22,2025-05-29T18:08:22Z,2025-05-29T18:08:22Z,NA,v3,NA,NA,NA,"Duarte, Christian",10064346,R,LAK_C,27e1a640-4c9c-4226-911d-b08ea2d4719b,54.3445,-118.15786,11.68126,6.28313,-3.71862,-8.06583,-0.67539,-1.79302,1.07551,NA,NA,NA,NA,NA,NA,NA,NA,NA,NA,NA,NA,NA,NA,NA,NA,NA,NA,NA,NA,NA,NA,NA,NA,NA,NA,NA,NA,NA,NA,NA,NA,NA,NA,NA,NA,NA,NA,NA,NA,NA,NA,NA,NA,NA,NA,NA,NA,NA,NA,High,High,High,NA,NA,NA,NA,NA,NA,NA,NA,NA,NA,NA,NA,NA,NA,NA,NA,NA,NA,NA,NA,NA,NA,NA,NA,NA,NA,NA,NA,NA,NA,NA,NA,NA,NA,NA,NA,NA,NA,NA,NA,NA,NA,NA,NA,NA,NA,NA,NA,NA,NA,NA,NA,NA,NA,NA,NA,NA,NA
NA,NA,NA,NA,NA,NA,NA,NA,NA,NA,NA,NA,NA,NA,NA,NA,316,2025-05-29,14:08:44,4,3,"Smith, Danny",1000403812,Right,LAK_C,"Crisp, JD",825759,Left,NWL_KG,Undefined,7,Bottom,2,2,0,Undefined,Slider,StrikeSwinging,Undefined,Undefined,Undefined,0,0,NA,80.19222,-1.930802,-0.318148,2032.436948,165.256684,11:30:00,6.25664,0.63865,6.02869,-22.27655,21.53438,-5.24768,2.61145,-0.0933,72.51262,-6.18474,-1.262653,0.47639,NA,NA,NA,NA,NA,NA,NA,NA,NA,NA,NA,2.5861,12.14619,-0.61103,50,6.09368,0.84575,-116.28146,-4.48711,3.4904,24.7012,-15.78048,NWL_KG,LAK_C,HOMERSTRYKER,NWL,NWL,20250529-HOMERSTRYKER-1,f5b866f0-3cb7-11f0-a835-f9cb0487f947,79.12097,NA,NA,7.6796,NA,NA,NA,NA,NA,NA,45d07472-c160-48e7-9a7d-8b154baa4dec,2025-05-29,18:08:44,2025-05-29T18:08:44Z,2025-05-29T18:08:44Z,NA,v3,NA,NA,NA,"Duarte, Christian",10064346,R,LAK_C,18d9c39b-801a-456b-a006-9d047b834f27,54.46598,-117.22631,12.3506,6.25377,-3.88348,-7.89024,-0.64083,0.71224,1.7452,NA,NA,NA,NA,NA,NA,NA,NA,NA,NA,NA,NA,NA,NA,NA,NA,NA,NA,NA,NA,NA,NA,NA,NA,NA,NA,NA,NA,NA,NA,NA,NA,NA,NA,NA,NA,NA,NA,NA,NA,NA,NA,NA,NA,NA,NA,NA,NA,NA,NA,High,High,High,NA,NA,NA,NA,NA,NA,NA,NA,NA,NA,NA,NA,NA,NA,NA,NA,NA,NA,NA,NA,NA,NA,NA,NA,NA,NA,NA,NA,NA,NA,NA,NA,NA,NA,NA,NA,NA,NA,NA,NA,NA,NA,NA,NA,NA,NA,NA,NA,NA,NA,NA,NA,NA,NA,NA,NA,NA,NA
NA,NA,NA,NA,NA,NA,NA,NA,NA,NA,NA,NA,NA,NA,NA,NA,317,2025-05-29,14:09:08,4,4,"Smith, Danny",1000403812,Right,LAK_C,"Crisp, JD",825759,Left,NWL_KG,Undefined,7,Bottom,2,2,1,Undefined,Four-Seam,BallCalled,Undefined,Undefined,Undefined,0,0,NA,82.11352,-3.001949,1.052015,1937.257275,181.683308,12:00:00,6.29202,0.69822,6.03344,-22.41718,18.77139,0.51343,1.64108,1.71529,75.51507,-7.213155,1.144449,0.461913,NA,NA,NA,NA,NA,NA,NA,NA,NA,NA,NA,0.02047,10.89804,-0.78064,50,6.04524,-2.20767,-119.17743,-6.8735,0.02952,22.46228,-16.46796,NWL_KG,LAK_C,HOMERSTRYKER,NWL,NWL,20250529-HOMERSTRYKER-1,03d40140-3cb8-11f0-a835-f9cb0487f947,81.60082,NA,NA,6.59845,NA,NA,NA,NA,NA,NA,45d07472-c160-48e7-9a7d-8b154baa4dec,2025-05-29,18:09:08,2025-05-29T18:09:08Z,2025-05-29T18:09:08Z,NA,v3,NA,NA,NA,"Duarte, Christian",10064346,R,LAK_C,943716eb-1a6b-41cc-9ba0-5c50e64b3dae,54.46502,-120.01603,11.23114,6.29038,-6.25869,-8.23398,-0.6982,-2.20877,0.01476,NA,NA,NA,NA,NA,NA,NA,NA,NA,NA,NA,NA,NA,NA,NA,NA,NA,NA,NA,NA,NA,NA,NA,NA,NA,NA,NA,NA,NA,NA,NA,NA,NA,NA,NA,NA,NA,NA,NA,NA,NA,NA,NA,NA,NA,NA,NA,NA,NA,NA,High,High,High,NA,NA,NA,NA,NA,NA,NA,NA,NA,NA,NA,NA,NA,NA,NA,NA,NA,NA,NA,NA,NA,NA,NA,NA,NA,NA,NA,NA,NA,NA,NA,NA,NA,NA,NA,NA,NA,NA,NA,NA,NA,NA,NA,NA,NA,NA,NA,NA,NA,NA,NA,NA,NA,NA,NA,NA,NA,NA
NA,NA,NA,NA,NA,NA,NA,NA,NA,NA,NA,NA,NA,NA,NA,NA,318,2025-05-29,14:09:32,4,5,"Smith, Danny",1000403812,Right,LAK_C,"Crisp, JD",825759,Left,NWL_KG,Undefined,7,Bottom,2,3,1,Undefined,Changeup,StrikeSwinging,Undefined,Undefined,Undefined,0,0,NA,79.88204,-0.968987,-0.573221,1921.768579,178.164685,12:00:00,6.27363,0.42421,5.90983,-24.38785,19.49922,-0.57839,3.3418,-0.15606,72.86483,-5.576603,-0.677084,0.476804,NA,NA,NA,NA,NA,NA,NA,NA,NA,NA,NA,0.12961,10.69575,-0.37789,50,6.18201,1.18238,-115.96796,-2.62877,0.17583,22.43866,-17.66257,NWL_KG,LAK_C,HOMERSTRYKER,NWL,NWL,20250529-HOMERSTRYKER-1,11d4c090-3cb8-11f0-a835-f9cb0487f947,79.05231,NA,NA,7.01721,NA,NA,NA,NA,NA,NA,45d07472-c160-48e7-9a7d-8b154baa4dec,2025-05-29,18:09:32,2025-05-29T18:09:32Z,2025-05-29T18:09:32Z,NA,v3,NA,NA,NA,"Duarte, Christian",10064346,R,LAK_C,a2372091-c111-4789-a8ab-983f9d385576,54.58592,-116.85193,11.21933,6.27186,-1.93296,-8.83129,-0.42433,1.17545,0.08792,NA,NA,NA,NA,NA,NA,NA,NA,NA,NA,NA,NA,NA,NA,NA,NA,NA,NA,NA,NA,NA,NA,NA,NA,NA,NA,NA,NA,73.93327,2.489097,1.091123,1.397974,-0.84096,3.11683,0.18282,-2.26965,5.86559,1.34873,127.28088,1.97891,-2.40214,-2.06233,104.9879,-8.95688,5.95095,15.91937,-13.43722,1.27961,-5.61839,2.14818,High,High,High,NA,NA,High,High,High,NA,NA,NA,NA,NA,NA,NA,NA,NA,NA,NA,NA,NA,NA,NA,NA,NA,NA,NA,NA,NA,NA,NA,NA,NA,NA,NA,NA,NA,NA,NA,NA,NA,NA,NA,NA,NA,NA,NA,NA,NA,NA,NA,NA,NA,NA,NA,NA,NA,NA,NA,NA,NA
NA,NA,NA,NA,NA,NA,NA,NA,NA,NA,NA,NA,NA,NA,NA,NA,319,2025-05-29,14:10:00,4,6,"Smith, Danny",1000403812,Right,LAK_C,"Crisp, JD",825759,Left,NWL_KG,Undefined,7,Bottom,2,3,2,Undefined,Four-Seam,BallCalled,Walk,Undefined,Undefined,0,0,NA,82.62936,-3.015026,0.997666,1967.926335,188.481219,12:15:00,6.22622,0.57631,6.18438,-20.99489,19.47655,2.71228,1.68966,1.72365,75.91074,-6.982432,1.487259,0.457874,NA,NA,NA,NA,NA,NA,NA,NA,NA,NA,NA,-1.1335,11.31717,-0.65292,50,5.98778,-2.18958,-119.93854,-6.8748,-1.65325,22.9155,-15.66743,NWL_KG,LAK_C,HOMERSTRYKER,NWL,NWL,20250529-HOMERSTRYKER-1,2310d4c0-3cb8-11f0-a835-f9cb0487f947,82.32057,NA,NA,6.71862,NA,NA,NA,NA,NA,NA,45d07472-c160-48e7-9a7d-8b154baa4dec,2025-05-29,18:10:00,2025-05-29T18:10:00Z,2025-05-29T18:10:00Z,NA,v3,NA,NA,NA,"Duarte, Christian",10064346,R,LAK_C,0493b81f-07b6-44b4-8e46-d0205eab35d2,54.31356,-120.75988,11.45775,6.22412,-6.31324,-7.83372,-0.5755,-2.13032,-0.82663,NA,NA,NA,NA,NA,NA,NA,NA,NA,NA,NA,NA,NA,NA,NA,NA,NA,NA,NA,NA,NA,NA,NA,NA,NA,NA,NA,NA,NA,NA,NA,NA,NA,NA,NA,NA,NA,NA,NA,NA,NA,NA,NA,NA,NA,NA,NA,NA,NA,NA,High,High,High,NA,NA,NA,NA,NA,NA,NA,NA,NA,NA,NA,NA,NA,NA,NA,NA,NA,NA,NA,NA,NA,NA,NA,NA,NA,NA,NA,NA,NA,NA,NA,NA,NA,NA,NA,NA,NA,NA,NA,NA,NA,NA,NA,NA,NA,NA,NA,NA,NA,NA,NA,NA,NA,NA,NA,NA,NA,NA
NA,NA,NA,NA,NA,NA,NA,NA,NA,NA,NA,NA,NA,NA,NA,NA,320,2025-05-29,14:10:44,5,1,"Smith, Danny",1000403812,Right,LAK_C,"Williams, Daniel",10019032,Right,NWL_KG,Undefined,7,Bottom,2,0,0,Undefined,Curveball,BallCalled,Undefined,Undefined,Undefined,0,0,NA,69.54663,-0.302507,-0.896185,1955.384911,91.862093,09:00:00,6.06055,0.96265,5.54896,-57.02058,2.49748,-9.94772,1.02612,-0.70385,63.36985,-10.730156,-2.67485,0.555259,NA,NA,NA,NA,NA,NA,NA,NA,NA,NA,NA,4.72134,2.01725,-0.8784,50,5.99715,1.92293,-100.81343,-2.19589,4.76609,19.31029,-30.13768,NWL_KG,LAK_C,HOMERSTRYKER,NWL,NWL,20250529-HOMERSTRYKER-1,3d4de710-3cb8-11f0-a835-f9cb0487f947,67.8826,NA,NA,6.17678,NA,NA,NA,NA,NA,NA,45d07472-c160-48e7-9a7d-8b154baa4dec,2025-05-29,18:10:44,2025-05-29T18:10:44Z,2025-05-29T18:10:44Z,NA,v3,NA,NA,NA,"Duarte, Christian",10064346,R,LAK_C,e8d48291-e593-44f9-8809-ddf95791a7cf,54.94776,-101.75674,9.65515,6.06845,-0.72367,-15.06884,-0.96665,1.69011,2.38305,NA,NA,NA,NA,NA,NA,NA,NA,NA,NA,NA,NA,NA,NA,NA,NA,NA,NA,NA,NA,NA,NA,NA,NA,NA,NA,NA,NA,NA,NA,NA,NA,NA,NA,NA,NA,NA,NA,NA,NA,NA,NA,NA,NA,NA,NA,NA,NA,NA,NA,High,High,High,NA,NA,NA,NA,NA,NA,NA,NA,NA,NA,NA,NA,NA,NA,NA,NA,NA,NA,NA,NA,NA,NA,NA,NA,NA,NA,NA,NA,NA,NA,NA,NA,NA,NA,NA,NA,NA,NA,NA,NA,NA,NA,NA,NA,NA,NA,NA,NA,NA,NA,NA,NA,NA,NA,NA,NA,NA,NA
NA,NA,NA,NA,NA,NA,NA,NA,NA,NA,NA,NA,NA,NA,NA,NA,321,2025-05-29,14:11:07,5,2,"Smith, Danny",1000403812,Right,LAK_C,"Williams, Daniel",10019032,Right,NWL_KG,Undefined,7,Bottom,2,1,0,Undefined,Curveball,BallCalled,Undefined,Undefined,Undefined,0,0,NA,69.46366,-0.760676,-0.0474,1960.846895,91.163942,09:00:00,6.09923,0.93712,5.68217,-56.68078,2.17311,-8.3076,0.66674,0.20063,63.86863,-11.112367,-1.538099,0.552152,NA,NA,NA,NA,NA,NA,NA,NA,NA,NA,NA,4.25138,1.84913,-0.92766,50,5.99943,0.35693,-100.83498,-2.94512,4.32793,18.11823,-30.29164,NWL_KG,LAK_C,HOMERSTRYKER,NWL,NWL,20250529-HOMERSTRYKER-1,4af22e80-3cb8-11f0-a835-f9cb0487f947,68.26455,NA,NA,5.59503,NA,NA,NA,NA,NA,NA,45d07472-c160-48e7-9a7d-8b154baa4dec,2025-05-29,18:11:07,2025-05-29T18:11:07Z,2025-05-29T18:11:07Z,NA,v3,NA,NA,NA,"Duarte, Christian",10064346,R,LAK_C,608f57f8-9f47-45f6-a705-af5c6e59ea17,54.81746,-101.69691,9.05912,6.10526,-1.50407,-15.14582,-0.93975,0.15104,2.16396,NA,NA,NA,NA,NA,NA,NA,NA,NA,NA,NA,NA,NA,NA,NA,NA,NA,NA,NA,NA,NA,NA,NA,NA,NA,NA,NA,NA,NA,NA,NA,NA,NA,NA,NA,NA,NA,NA,NA,NA,NA,NA,NA,NA,NA,NA,NA,NA,NA,NA,High,High,High,NA,NA,NA,NA,NA,NA,NA,NA,NA,NA,NA,NA,NA,NA,NA,NA,NA,NA,NA,NA,NA,NA,NA,NA,NA,NA,NA,NA,NA,NA,NA,NA,NA,NA,NA,NA,NA,NA,NA,NA,NA,NA,NA,NA,NA,NA,NA,NA,NA,NA,NA,NA,NA,NA,NA,NA,NA,NA
NA,NA,NA,NA,NA,NA,NA,NA,NA,NA,NA,NA,NA,NA,NA,NA,322,2025-05-29,14:11:33,5,3,"Smith, Danny",1000403812,Right,LAK_C,"Williams, Daniel",10019032,Right,NWL_KG,Undefined,7,Bottom,2,2,0,Undefined,Changeup,StrikeCalled,Undefined,Undefined,Undefined,0,0,NA,80.0459,-2.849025,-0.45832,1962.597417,188.683759,12:15:00,6.20398,0.55944,6.1867,-22.9271,20.40084,2.8937,1.66053,0.37739,73.18905,-7.19141,0.064248,0.473757,NA,NA,NA,NA,NA,NA,NA,NA,NA,NA,NA,-1.63193,11.83249,-0.52630999999999994,50,5.97732,0.82388,-116.15157,-6.36861,-2.22008,22.60698,-16.07718,NWL_KG,LAK_C,HOMERSTRYKER,NWL,NWL,20250529-HOMERSTRYKER-1,5a57d500-3cb8-11f0-a835-f9cb0487f947,79.56077,NA,NA,6.85685,NA,NA,NA,NA,NA,NA,45d07472-c160-48e7-9a7d-8b154baa4dec,2025-05-29,18:11:33,2025-05-29T18:11:33Z,2025-05-29T18:11:33Z,NA,v3,NA,NA,NA,"Duarte, Christian",10064346,R,LAK_C,de134f63-542a-49f1-a06f-ae1ff3b089dd,54.31022,-116.98747,11.30349,6.20181,-5.77414,-8.03859,-0.55829,0.90597,-1.11004,NA,NA,NA,NA,NA,NA,NA,NA,NA,NA,NA,NA,NA,NA,NA,NA,NA,NA,NA,NA,NA,NA,NA,NA,NA,NA,NA,NA,NA,NA,NA,NA,NA,NA,NA,NA,NA,NA,NA,NA,NA,NA,NA,NA,NA,NA,NA,NA,NA,NA,High,High,High,NA,NA,NA,NA,NA,NA,NA,NA,NA,NA,NA,NA,NA,NA,NA,NA,NA,NA,NA,NA,NA,NA,NA,NA,NA,NA,NA,NA,NA,NA,NA,NA,NA,NA,NA,NA,NA,NA,NA,NA,NA,NA,NA,NA,NA,NA,NA,NA,NA,NA,NA,NA,NA,NA,NA,NA,NA,NA
NA,NA,NA,NA,NA,NA,NA,NA,NA,NA,NA,NA,NA,NA,NA,NA,323,2025-05-29,14:11:52,5,4,"Smith, Danny",1000403812,Right,LAK_C,"Williams, Daniel",10019032,Right,NWL_KG,Undefined,7,Bottom,2,2,1,Undefined,Slider,BallCalled,Undefined,Undefined,Undefined,0,0,NA,80.95226,-3.277808,-1.857947,2066.660617,166.150013,11:30:00,6.26713,0.24719,6.22034,-24.45627,18.06958,-4.09437,1.19963,-1.80902,73.89755,-7.885176,-2.597213,0.469351,NA,NA,NA,NA,NA,NA,NA,NA,NA,NA,NA,1.55976,10.79162,-0.10622,50,6.0093,3.95723,-117.32529,-7.37072,2.1576,23.77285,-17.24621,NWL_KG,LAK_C,HOMERSTRYKER,NWL,NWL,20250529-HOMERSTRYKER-1,655edc50-3cb8-11f0-a835-f9cb0487f947,80.30754,NA,NA,7.0547,NA,NA,NA,NA,NA,NA,45d07472-c160-48e7-9a7d-8b154baa4dec,2025-05-29,18:11:52,2025-05-29T18:11:52Z,2025-05-29T18:11:52Z,NA,v3,NA,NA,NA,"Duarte, Christian",10064346,R,LAK_C,61ea019f-836b-4819-b475-6b557fa9db00,54.27576,-118.18848,11.88642,6.26556,-6.74451,-8.62311,-0.24849,3.87889,1.0788,NA,NA,NA,NA,NA,NA,NA,NA,NA,NA,NA,NA,NA,NA,NA,NA,NA,NA,NA,NA,NA,NA,NA,NA,NA,NA,NA,NA,NA,NA,NA,NA,NA,NA,NA,NA,NA,NA,NA,NA,NA,NA,NA,NA,NA,NA,NA,NA,NA,NA,High,High,High,NA,NA,NA,NA,NA,NA,NA,NA,NA,NA,NA,NA,NA,NA,NA,NA,NA,NA,NA,NA,NA,NA,NA,NA,NA,NA,NA,NA,NA,NA,NA,NA,NA,NA,NA,NA,NA,NA,NA,NA,NA,NA,NA,NA,NA,NA,NA,NA,NA,NA,NA,NA,NA,NA,NA,NA,NA,NA
NA,NA,NA,NA,NA,NA,NA,NA,NA,NA,NA,NA,NA,NA,NA,NA,324,2025-05-29,14:12:15,5,5,"Smith, Danny",1000403812,Right,LAK_C,"Williams, Daniel",10019032,Right,NWL_KG,Undefined,7,Bottom,2,3,1,Undefined,Slider,StrikeSwinging,Undefined,Undefined,Undefined,0,0,NA,79.06564,-1.583571,-0.621719,1924.243012,165.936579,11:30:00,6.23989,0.67739,5.99099,-27.326,17.60674,-4.01843,2.49469,-0.23368,71.87477,-6.73114,-1.344649,0.482451,NA,NA,NA,NA,NA,NA,NA,NA,NA,NA,NA,1.86213,9.99099,-0.62626,50,6.1001,1.3965,-114.70115,-3.92164,2.45684,23.12618,-18.99227,NWL_KG,LAK_C,HOMERSTRYKER,NWL,NWL,20250529-HOMERSTRYKER-1,72eae0d0-3cb8-11f0-a835-f9cb0487f947,78.12703,NA,NA,7.19087,NA,NA,NA,NA,NA,NA,45d07472-c160-48e7-9a7d-8b154baa4dec,2025-05-29,18:12:15,2025-05-29T18:12:15Z,2025-05-29T18:12:15Z,NA,v3,NA,NA,NA,"Duarte, Christian",10064346,R,LAK_C,70fe9fc5-d3ab-40a5-a7a8-28050577b114,54.50384,-115.60566,11.56309,6.23896,-3.17882,-9.49614,-0.679,1.30041,1.22842,NA,NA,NA,NA,NA,NA,NA,NA,NA,NA,NA,NA,NA,NA,NA,NA,NA,NA,NA,NA,NA,NA,NA,NA,NA,NA,NA,NA,NA,NA,NA,NA,NA,NA,NA,NA,NA,NA,NA,NA,NA,NA,NA,NA,NA,NA,NA,NA,NA,NA,High,High,High,NA,NA,NA,NA,NA,NA,NA,NA,NA,NA,NA,NA,NA,NA,NA,NA,NA,NA,NA,NA,NA,NA,NA,NA,NA,NA,NA,NA,NA,NA,NA,NA,NA,NA,NA,NA,NA,NA,NA,NA,NA,NA,NA,NA,NA,NA,NA,NA,NA,NA,NA,NA,NA,NA,NA,NA,NA,NA
NA,NA,NA,NA,NA,NA,NA,NA,NA,NA,NA,NA,NA,NA,NA,NA,325,2025-05-29,14:12:36,5,6,"Smith, Danny",1000403812,Right,LAK_C,"Williams, Daniel",10019032,Right,NWL_KG,Undefined,7,Bottom,2,3,2,Undefined,Four-Seam,StrikeCalled,Strikeout,Undefined,Undefined,0,0,NA,81.7649,-2.886078,-0.594782,1994.776673,183.371151,12:00:00,6.20505,0.48703,6.20909,-18.99312,22.85466,1.25681,1.95621,0.0428,74.03566,-6.543086,-0.367811,0.465594,NA,NA,NA,NA,NA,NA,NA,NA,NA,NA,NA,-0.835,13.17217,-0.44301,50,5.97872,1.18273,-118.52949,-6.42221,-1.17272,25.36156,-13.67471,NWL_KG,LAK_C,HOMERSTRYKER,NWL,NWL,20250529-HOMERSTRYKER-1,7ffbc1e0-3cb8-11f0-a835-f9cb0487f947,80.95554,NA,NA,7.72924,NA,NA,NA,NA,NA,NA,45d07472-c160-48e7-9a7d-8b154baa4dec,2025-05-29,18:12:36,2025-05-29T18:12:36Z,2025-05-29T18:12:36Z,NA,v3,NA,NA,NA,"Duarte, Christian",10064346,R,LAK_C,dddf8b53-bffb-4c26-b464-a9bfc0ef3aa5,54.28578,-119.44299,12.68078,6.20118,-5.92966,-6.83736,-0.48637,1.22497,-0.58636,NA,NA,NA,NA,NA,NA,NA,NA,NA,NA,NA,NA,NA,NA,NA,NA,NA,NA,NA,NA,NA,NA,NA,NA,NA,NA,NA,NA,NA,NA,NA,NA,NA,NA,NA,NA,NA,NA,NA,NA,NA,NA,NA,NA,NA,NA,NA,NA,NA,NA,High,High,High,NA,NA,NA,NA,NA,NA,NA,NA,NA,NA,NA,NA,NA,NA,NA,NA,NA,NA,NA,NA,NA,NA,NA,NA,NA,NA,NA,NA,NA,NA,NA,NA,NA,NA,NA,NA,NA,NA,NA,NA,NA,NA,NA,NA,NA,NA,NA,NA,NA,NA,NA,NA,NA,NA,NA,NA,NA,NA
NA,NA,NA,NA,NA,NA,NA,NA,NA,NA,NA,NA,NA,NA,NA,NA,326,2025-05-29,14:15:21,1,1,"Kollen, Graham",1000161835,Right,NWL_KG,"Garcia, Jedvier",10325103,Right,LAK_C,Undefined,8,Top,0,0,0,Undefined,Four-Seam,BallCalled,Undefined,Undefined,Undefined,0,0,NA,90.35692,0.112053,-0.118979,2187.271233,221.53187,01:30:00,5.46362,0.90467,6.28727,-17.46824,16.08461,13.35355,4.11119,1.90782,82.79434,-3.221208,2.295269,0.416904,NA,NA,NA,NA,NA,NA,NA,NA,NA,NA,NA,-6.92961,8.62737,-0.9018,50,5.46313,-0.27702,-131.40745,-0.23023,-12.15288,27.06909,-17.04366,NWL_KG,LAK_C,HOMERSTRYKER,NWL,NWL,20250529-HOMERSTRYKER-1,e23aaab0-3cb8-11f0-a835-f9cb0487f947,90.41035,NA,NA,7.56258,NA,NA,NA,NA,NA,NA,45d07472-c160-48e7-9a7d-8b154baa4dec,2025-05-29,18:15:21,2025-05-29T18:15:21Z,2025-05-29T18:15:21Z,NA,v3,NA,NA,NA,"Garner, Coleman",90000255834,Right,NWL_KG,ced001cc-58ef-4111-92f3-6ea3150cbd56,54.21074,-132.27199,13.53454,5.46179,0.31411,-8.52183,-0.89915,0.11113,-6.07644,NA,NA,NA,NA,NA,NA,NA,NA,NA,NA,NA,NA,NA,NA,NA,NA,NA,NA,NA,NA,NA,NA,NA,NA,NA,NA,NA,NA,NA,NA,NA,NA,NA,NA,NA,NA,NA,NA,NA,NA,NA,NA,NA,NA,NA,NA,NA,NA,NA,NA,High,High,High,NA,NA,NA,NA,NA,NA,NA,NA,NA,NA,NA,NA,NA,NA,NA,NA,NA,NA,NA,NA,NA,NA,NA,NA,NA,NA,NA,NA,NA,NA,NA,NA,NA,NA,NA,NA,NA,NA,NA,NA,NA,NA,NA,NA,NA,NA,NA,NA,NA,NA,NA,NA,NA,NA,NA,NA,NA,NA
NA,NA,NA,NA,NA,NA,NA,NA,NA,NA,NA,NA,NA,NA,NA,NA,327,2025-05-29,14:15:39,1,2,"Kollen, Graham",1000161835,Right,NWL_KG,"Garcia, Jedvier",10325103,Right,LAK_C,Undefined,8,Top,0,1,0,Undefined,Four-Seam,BallCalled,Undefined,Undefined,Undefined,0,0,NA,91.91517,-2.06446,-3.451649,2334.344106,204.659923,12:45:00,5.42238,0.92255,6.71476,-13.39001,19.14021,8.25252,2.41513,-1.54878,82.96153,-4.699469,-1.951395,0.410502,NA,NA,NA,NA,NA,NA,NA,NA,NA,NA,NA,-5.41099,11.06288,-0.69646,50,5.27957,7.70402,-133.23342,-5.09206,-9.59925,32.1121,-12.54821,NWL_KG,LAK_C,HOMERSTRYKER,NWL,NWL,20250529-HOMERSTRYKER-1,eca6aa80-3cb8-11f0-a835-f9cb0487f947,91.82044,NA,NA,8.95363,NA,NA,NA,NA,NA,NA,45d07472-c160-48e7-9a7d-8b154baa4dec,2025-05-29,18:15:39,2025-05-29T18:15:39Z,2025-05-29T18:15:39Z,NA,v3,NA,NA,NA,"Garner, Coleman",90000255834,Right,NWL_KG,8aaf023e-c08a-4866-bef2-9c8e64f0d1fa,53.78087,-134.14159,16.05605,5.41856,-4.73718,-6.2741,-0.91818,7.97551,-4.79963,NA,NA,NA,NA,NA,NA,NA,NA,NA,NA,NA,NA,NA,NA,NA,NA,NA,NA,NA,NA,NA,NA,NA,NA,NA,NA,NA,NA,NA,NA,NA,NA,NA,NA,NA,NA,NA,NA,NA,NA,NA,NA,NA,NA,NA,NA,NA,NA,NA,NA,High,High,High,NA,NA,NA,NA,NA,NA,NA,NA,NA,NA,NA,NA,NA,NA,NA,NA,NA,NA,NA,NA,NA,NA,NA,NA,NA,NA,NA,NA,NA,NA,NA,NA,NA,NA,NA,NA,NA,NA,NA,NA,NA,NA,NA,NA,NA,NA,NA,NA,NA,NA,NA,NA,NA,NA,NA,NA,NA,NA
NA,NA,NA,NA,NA,NA,NA,NA,NA,NA,NA,NA,NA,NA,NA,NA,328,2025-05-29,14:15:52,1,3,"Kollen, Graham",1000161835,Right,NWL_KG,"Garcia, Jedvier",10325103,Right,LAK_C,Undefined,8,Top,0,2,0,Undefined,Four-Seam,BallCalled,Undefined,Undefined,Undefined,0,0,NA,91.39141,-2.15636,-3.386421,2223.599225,212.695683,01:00:00,5.44421,0.98116,6.5904,-15.66859,17.42584,10.41658,2.15825,-1.25734,82.44333,-5.202072,-1.496365,0.414046,NA,NA,NA,NA,NA,NA,NA,NA,NA,NA,NA,-6.51977,10.17379,-0.75317,50,5.2896,7.41534,-132.44461,-5.37502,-11.41712,32.01886,-14.35814,NWL_KG,LAK_C,HOMERSTRYKER,NWL,NWL,20250529-HOMERSTRYKER-1,f4a66540-3cb8-11f0-a835-f9cb0487f947,91.03434,NA,NA,8.94809,NA,NA,NA,NA,NA,NA,45d07472-c160-48e7-9a7d-8b154baa4dec,2025-05-29,18:15:52,2025-05-29T18:15:52Z,2025-05-29T18:15:52Z,NA,v3,NA,NA,NA,"Garner, Coleman",90000255834,Right,NWL_KG,46d15a4f-e8f6-4b87-9478-5941ec0a417b,53.90557,-133.38545,16.00943,5.44134,-4.95313,-7.17907,-0.97599,7.75082,-5.70856,NA,NA,NA,NA,NA,NA,NA,NA,NA,NA,NA,NA,NA,NA,NA,NA,NA,NA,NA,NA,NA,NA,NA,NA,NA,NA,NA,NA,NA,NA,NA,NA,NA,NA,NA,NA,NA,NA,NA,NA,NA,NA,NA,NA,NA,NA,NA,NA,NA,NA,High,High,High,NA,NA,NA,NA,NA,NA,NA,NA,NA,NA,NA,NA,NA,NA,NA,NA,NA,NA,NA,NA,NA,NA,NA,NA,NA,NA,NA,NA,NA,NA,NA,NA,NA,NA,NA,NA,NA,NA,NA,NA,NA,NA,NA,NA,NA,NA,NA,NA,NA,NA,NA,NA,NA,NA,NA,NA,NA,NA
NA,NA,NA,NA,NA,NA,NA,NA,NA,NA,NA,NA,NA,NA,NA,NA,329,2025-05-29,14:16:05,1,4,"Kollen, Graham",1000161835,Right,NWL_KG,"Garcia, Jedvier",10325103,Right,LAK_C,Undefined,8,Top,0,3,0,Undefined,Four-Seam,StrikeCalled,Undefined,Undefined,Undefined,0,0,NA,90.79331,-1.908243,-2.33656,2271.949474,201.526799,12:45:00,5.33407,0.91187,6.65111,-13.66394,19.42828,7.22993,2.44683,-0.62531,82.61525,-4.578247,-1.021669,0.414033,NA,NA,NA,NA,NA,NA,NA,NA,NA,NA,NA,-4.46272,11.09253,-0.757,50,5.19936,5.09236,-131.83023,-4.69391,-7.81631,29.26879,-12.74591,NWL_KG,LAK_C,HOMERSTRYKER,NWL,NWL,20250529-HOMERSTRYKER-1,fc603d60-3cb8-11f0-a835-f9cb0487f947,91.03739,NA,NA,8.17806,NA,NA,NA,NA,NA,NA,45d07472-c160-48e7-9a7d-8b154baa4dec,2025-05-29,18:16:05,2025-05-29T18:16:05Z,2025-05-29T18:16:05Z,NA,v3,NA,NA,NA,"Garner, Coleman",90000255834,Right,NWL_KG,90dce5b8-f119-4a08-b73a-e4a737bc15e0,53.84554,-132.68126,14.6344,5.33045,-4.32331,-6.37296,-0.90837,5.31963,-3.90815,NA,NA,NA,NA,NA,NA,NA,NA,NA,NA,NA,NA,NA,NA,NA,NA,NA,NA,NA,NA,NA,NA,NA,NA,NA,NA,NA,NA,NA,NA,NA,NA,NA,NA,NA,NA,NA,NA,NA,NA,NA,NA,NA,NA,NA,NA,NA,NA,NA,NA,High,High,High,NA,NA,NA,NA,NA,NA,NA,NA,NA,NA,NA,NA,NA,NA,NA,NA,NA,NA,NA,NA,NA,NA,NA,NA,NA,NA,NA,NA,NA,NA,NA,NA,NA,NA,NA,NA,NA,NA,NA,NA,NA,NA,NA,NA,NA,NA,NA,NA,NA,NA,NA,NA,NA,NA,NA,NA,NA,NA
NA,NA,NA,NA,NA,NA,NA,NA,NA,NA,NA,NA,NA,NA,NA,NA,330,2025-05-29,14:16:16,1,5,"Kollen, Graham",1000161835,Right,NWL_KG,"Garcia, Jedvier",10325103,Right,LAK_C,Undefined,8,Top,0,3,1,Undefined,Four-Seam,BallCalled,Walk,Undefined,Undefined,0,0,NA,90.07184,-3.083836,-0.892269,2148.040621,220.073226,01:15:00,5.44869,0.93181,6.4708,-18.73997,15.45276,11.96005,1.05182,1.10898,81.46355,-6.669094,1.279415,0.420861,NA,NA,NA,NA,NA,NA,NA,NA,NA,NA,NA,-6.57567,9.45524,-0.87402,50,5.22288,1.56553,-130.64681,-7.54753,-11.18778,31.53408,-16.08701,NWL_KG,LAK_C,HOMERSTRYKER,NWL,NWL,20250529-HOMERSTRYKER-1,02dd9de0-3cb9-11f0-a835-f9cb0487f947,89.56036,NA,NA,8.6083,NA,NA,NA,NA,NA,NA,45d07472-c160-48e7-9a7d-8b154baa4dec,2025-05-29,18:16:16,2025-05-29T18:16:16Z,2025-05-29T18:16:16Z,NA,v3,NA,NA,NA,"Garner, Coleman",90000255834,Right,NWL_KG,788acaa8-18f7-4115-af66-d68fdf300d8d,54.02699,-131.6152,15.76704,5.44708,-7.05351,-8.0435,-0.92738,1.90911,-5.59389,NA,NA,NA,NA,NA,NA,NA,NA,NA,NA,NA,NA,NA,NA,NA,NA,NA,NA,NA,NA,NA,NA,NA,NA,NA,NA,NA,NA,NA,NA,NA,NA,NA,NA,NA,NA,NA,NA,NA,NA,NA,NA,NA,NA,NA,NA,NA,NA,NA,NA,High,High,High,NA,NA,NA,NA,NA,NA,NA,NA,NA,NA,NA,NA,NA,NA,NA,NA,NA,NA,NA,NA,NA,NA,NA,NA,NA,NA,NA,NA,NA,NA,NA,NA,NA,NA,NA,NA,NA,NA,NA,NA,NA,NA,NA,NA,NA,NA,NA,NA,NA,NA,NA,NA,NA,NA,NA,NA,NA,NA
NA,NA,NA,NA,NA,NA,NA,NA,NA,NA,NA,NA,NA,NA,NA,NA,331,2025-05-29,14:16:41,2,1,"Kollen, Graham",1000161835,Right,NWL_KG,"Preece, Tyler",1000074626,Right,LAK_C,Undefined,8,Top,0,0,0,Undefined,Four-Seam,FoulBallNotFieldable,Undefined,Undefined,Undefined,0,0,NA,90.99403,-1.10019,-2.527341,2228.081594,220.429368,01:15:00,5.61099,0.80838,6.31047,-17.3041,16.45808,12.96383,3.1544,-0.44093,81.80574,-4.441158,-0.184442,0.418202,71.43544,55.378042,86.560889,6968.070662,NA,NA,NA,NA,77.68306,NA,NA,-7.56461,9.27178,-0.62906,50,5.52201,5.28721,-131.95601,-3.00492,-13.10473,32.65668,-16.11189,NWL_KG,LAK_C,HOMERSTRYKER,NWL,NWL,20250529-HOMERSTRYKER-1,11952a10-3cb9-11f0-a835-f9cb0487f947,90.12964,89.82621,NA,9.18828,NA,NA,NA,NA,NA,NA,45d07472-c160-48e7-9a7d-8b154baa4dec,2025-05-29,18:16:41,2025-05-29T18:16:41Z,2025-05-29T18:16:41Z,NA,v3,NA,NA,NA,"Garner, Coleman",90000255834,Right,NWL_KG,faa58cee-45b4-4f80-a285-6602e7f56e66,54.18611,-132.98796,16.32834,5.60893,-2.49579,-8.05595,-0.80268,5.70133,-6.55237,NA,2.09175,3.57089,-9.07792,3.40031,-0.93831,0.21985,-0.04419,0.00595,-3.7e-4,5.06854,86.21868,-24.0154,2.26675,-0.30677,0.01108,0.00955,-0.00392,6.6e-4,1.19187,59.41986,-11.33586,2.88623,-0.60257,0.1049,-0.01199,-9.1e-4,3.8e-4,NA,NA,NA,NA,NA,NA,NA,NA,NA,NA,NA,NA,NA,NA,NA,NA,NA,NA,NA,NA,NA,NA,High,High,High,Low,Undefined,NA,NA,NA,NA,NA,NA,NA,NA,NA,NA,NA,NA,NA,NA,NA,NA,NA,NA,NA,NA,NA,NA,NA,NA,NA,NA,NA,NA,NA,NA,NA,NA,NA,NA,NA,NA,NA,NA,NA,NA,NA,NA,NA,NA,NA,NA,NA,NA,NA,NA,NA,NA,NA,NA,NA,NA
NA,NA,NA,NA,NA,NA,NA,NA,NA,NA,NA,NA,NA,NA,NA,NA,332,2025-05-29,14:17:14,2,2,"Kollen, Graham",1000161835,Right,NWL_KG,"Preece, Tyler",1000074626,Right,LAK_C,Undefined,8,Top,0,0,1,Undefined,Slider,BallCalled,Undefined,Undefined,Undefined,0,0,NA,82.33066,-0.741683,-2.694424,1886.124021,162.226975,11:30:00,5.43324,0.83011,6.37461,-32.61313,7.47957,-2.03827,2.0323,-1.82059,76.34939,-6.804894,-3.063166,0.455726,NA,NA,NA,NA,NA,NA,NA,NA,NA,NA,NA,0.3937,4.44823,-0.63476,50,5.3645,5.70596,-119.69533,-2.50555,0.57699,20.90408,-25.65518,NWL_KG,LAK_C,HOMERSTRYKER,NWL,NWL,20250529-HOMERSTRYKER-1,25635ad0-3cb9-11f0-a835-f9cb0487f947,82.70851,NA,NA,5.98127,NA,NA,NA,NA,NA,NA,45d07472-c160-48e7-9a7d-8b154baa4dec,2025-05-29,18:17:14,2025-05-29T18:17:14Z,2025-05-29T18:17:14Z,NA,v3,NA,NA,NA,"Garner, Coleman",90000255834,Right,NWL_KG,04741c88-0ff6-4181-9eb2-9e9ce8bc279f,54.12495,-120.41357000000001,10.45204,5.43544,-1.62406,-12.82759,-0.83047,5.68613,0.28849,NA,NA,NA,NA,NA,NA,NA,NA,NA,NA,NA,NA,NA,NA,NA,NA,NA,NA,NA,NA,NA,NA,NA,NA,NA,NA,NA,NA,NA,NA,NA,NA,NA,NA,NA,NA,NA,NA,NA,NA,NA,NA,NA,NA,NA,NA,NA,NA,NA,NA,High,High,High,NA,NA,NA,NA,NA,NA,NA,NA,NA,NA,NA,NA,NA,NA,NA,NA,NA,NA,NA,NA,NA,NA,NA,NA,NA,NA,NA,NA,NA,NA,NA,NA,NA,NA,NA,NA,NA,NA,NA,NA,NA,NA,NA,NA,NA,NA,NA,NA,NA,NA,NA,NA,NA,NA,NA,NA,NA,NA
NA,NA,NA,NA,NA,NA,NA,NA,NA,NA,NA,NA,NA,NA,NA,NA,333,2025-05-29,14:17:30,2,3,"Kollen, Graham",1000161835,Right,NWL_KG,"Preece, Tyler",1000074626,Right,LAK_C,Undefined,8,Top,0,1,1,Undefined,Four-Seam,BallCalled,Undefined,Undefined,Undefined,0,0,NA,90.26506,-0.738103,-1.149247,2080.508537,213.108606,01:00:00,5.43978,1.01563,6.31421,-17.72367,15.6428,9.58552,3.28276,0.7557,83.30232,-4.101502,0.584857,0.415744,NA,NA,NA,NA,NA,NA,NA,NA,NA,NA,NA,-5.26788,8.62264,-0.93585,50,5.37701,2.25064,-131.33605,-2.19742,-9.29759,25.08521,-16.95539,NWL_KG,LAK_C,HOMERSTRYKER,NWL,NWL,20250529-HOMERSTRYKER-1,2ea2e890-3cb9-11f0-a835-f9cb0487f947,90.66252,NA,NA,6.96274,NA,NA,NA,NA,NA,NA,45d07472-c160-48e7-9a7d-8b154baa4dec,2025-05-29,18:17:30,2025-05-29T18:17:30Z,2025-05-29T18:17:30Z,NA,v3,NA,NA,NA,"Garner, Coleman",90000255834,Right,NWL_KG,9ffb22f8-1e66-43f5-82a2-28337621291b,54.18508,-132.13299,12.54261,5.43827,-1.65877,-8.47769,-1.01204,2.54601,-4.64879,NA,NA,NA,NA,NA,NA,NA,NA,NA,NA,NA,NA,NA,NA,NA,NA,NA,NA,NA,NA,NA,NA,NA,NA,NA,NA,NA,NA,NA,NA,NA,NA,NA,NA,NA,NA,NA,NA,NA,NA,NA,NA,NA,NA,NA,NA,NA,NA,NA,NA,High,High,High,NA,NA,NA,NA,NA,NA,NA,NA,NA,NA,NA,NA,NA,NA,NA,NA,NA,NA,NA,NA,NA,NA,NA,NA,NA,NA,NA,NA,NA,NA,NA,NA,NA,NA,NA,NA,NA,NA,NA,NA,NA,NA,NA,NA,NA,NA,NA,NA,NA,NA,NA,NA,NA,NA,NA,NA,NA,NA
NA,NA,NA,NA,NA,NA,NA,NA,NA,NA,NA,NA,NA,NA,NA,NA,334,2025-05-29,14:17:46,2,4,"Kollen, Graham",1000161835,Right,NWL_KG,"Preece, Tyler",1000074626,Right,LAK_C,Undefined,8,Top,0,2,1,Undefined,Four-Seam,BallCalled,Undefined,Undefined,Undefined,0,0,NA,90.09678,0.033756,-2.612112,2125.597453,213.598989,01:00:00,5.54141,0.6623,6.30978,-17.28863,16.19741,10.14386,4.13182,-0.90029,83.15969,-3.252207,-0.779755,0.416489,NA,NA,NA,NA,NA,NA,NA,NA,NA,NA,NA,-5.89382,8.70764,-0.47537,50,5.53527,5.56876,-131.00979,-0.40772,-10.3724,24.41253,-16.84967,NWL_KG,LAK_C,HOMERSTRYKER,NWL,NWL,20250529-HOMERSTRYKER-1,38784db0-3cb9-11f0-a835-f9cb0487f947,90.50051,NA,NA,6.93709,NA,NA,NA,NA,NA,NA,45d07472-c160-48e7-9a7d-8b154baa4dec,2025-05-29,18:17:46,2025-05-29T18:17:46Z,2025-05-29T18:17:46Z,NA,v3,NA,NA,NA,"Garner, Coleman",90000255834,Right,NWL_KG,b1dbd79a-ef6e-46cc-93c6-ff9e88b8ea4d,54.18944,-131.78814,12.20627,5.5397,0.1295,-8.42484,-0.6582,5.89947,-5.1862,NA,NA,NA,NA,NA,NA,NA,NA,NA,NA,NA,NA,NA,NA,NA,NA,NA,NA,NA,NA,NA,NA,NA,NA,NA,NA,NA,NA,NA,NA,NA,NA,NA,NA,NA,NA,NA,NA,NA,NA,NA,NA,NA,NA,NA,NA,NA,NA,NA,NA,High,High,High,NA,NA,NA,NA,NA,NA,NA,NA,NA,NA,NA,NA,NA,NA,NA,NA,NA,NA,NA,NA,NA,NA,NA,NA,NA,NA,NA,NA,NA,NA,NA,NA,NA,NA,NA,NA,NA,NA,NA,NA,NA,NA,NA,NA,NA,NA,NA,NA,NA,NA,NA,NA,NA,NA,NA,NA,NA,NA
NA,NA,NA,NA,NA,NA,NA,NA,NA,NA,NA,NA,NA,NA,NA,NA,335,2025-05-29,14:18:06,2,5,"Kollen, Graham",1000161835,Right,NWL_KG,"Preece, Tyler",1000074626,Right,LAK_C,Undefined,8,Top,0,3,1,Undefined,Four-Seam,StrikeCalled,Undefined,Undefined,Undefined,0,0,NA,90.71687,-1.992145,-2.289165,2168.574709,215.779312,01:15:00,5.37855,0.96213,6.37217,-15.43509,17.57403,11.98386,2.25713,-0.14659,83.77844,-4.937851,-0.120311,0.413512,NA,NA,NA,NA,NA,NA,NA,NA,NA,NA,NA,-6.81552,9.95934,-0.80213,50,5.22712,4.79573,-131.877,-5.00541,-12.13536,25.13962,-14.44093,NWL_KG,LAK_C,HOMERSTRYKER,NWL,NWL,20250529-HOMERSTRYKER-1,44b60040-3cb9-11f0-a835-f9cb0487f947,91.15192,NA,NA,6.93844,NA,NA,NA,NA,NA,NA,45d07472-c160-48e7-9a7d-8b154baa4dec,2025-05-29,18:18:06,2025-05-29T18:18:06Z,2025-05-29T18:18:06Z,NA,v3,NA,NA,NA,"Garner, Coleman",90000255834,Right,NWL_KG,3d984d04-a498-4313-b6db-46fc0a0a990f,54.1277,-132.66153,12.56981,5.37629,-4.55475,-7.22047,-0.9577,5.17443,-6.06768,NA,NA,NA,NA,NA,NA,NA,NA,NA,NA,NA,NA,NA,NA,NA,NA,NA,NA,NA,NA,NA,NA,NA,NA,NA,NA,NA,NA,76.16873,2.140481,0.767898,1.372583,-0.23961,2.11246,0.14908,-1.90183,5.99499,0.31041,127.27665,-1.56513,3.31097,-1.69826,108.93786,-11.08272,6.03114,10.92651,-12.03018,0.24683,-0.97776,2.39177,High,High,High,NA,NA,High,High,High,NA,NA,NA,NA,NA,NA,NA,NA,NA,NA,NA,NA,NA,NA,NA,NA,NA,NA,NA,NA,NA,NA,NA,NA,NA,NA,NA,NA,NA,NA,NA,NA,NA,NA,NA,NA,NA,NA,NA,NA,NA,NA,NA,NA,NA,NA,NA,NA,NA,NA,NA,NA,NA
NA,NA,NA,NA,NA,NA,NA,NA,NA,NA,NA,NA,NA,NA,NA,NA,336,2025-05-29,14:18:41,2,6,"Kollen, Graham",1000161835,Right,NWL_KG,"Preece, Tyler",1000074626,Right,LAK_C,Undefined,8,Top,0,3,2,Undefined,Four-Seam,StrikeSwinging,Strikeout,Undefined,Undefined,0,0,NA,90.50847,-1.660436,-2.767808,2178.710967,212.446176,01:00:00,5.49076,0.85155,6.42744,-12.91324,20.53273,12.37453,2.88629,-0.6632,82.6443,-4.180542,-0.527654,0.41624,NA,NA,NA,NA,NA,NA,NA,NA,NA,NA,NA,-7.20012,11.48792,-0.65941,50,5.36604,5.8535,-131.42008,-4.1036,-12.59432,27.80758,-12.0796,NWL_KG,LAK_C,HOMERSTRYKER,NWL,NWL,20250529-HOMERSTRYKER-1,5911f210-3cb9-11f0-a835-f9cb0487f947,90.55466,NA,NA,7.86417,NA,NA,NA,NA,NA,NA,45d07472-c160-48e7-9a7d-8b154baa4dec,2025-05-29,18:18:41,2025-05-29T18:18:41Z,2025-05-29T18:18:41Z,NA,v3,NA,NA,NA,"Garner, Coleman",90000255834,Right,NWL_KG,1fdd4947-7de2-44fa-88d7-b6ab69e9c1a0,54.07056,-132.27857,13.90379,5.48698,-3.73067,-6.0398,-0.84613,6.24233,-6.29716,NA,NA,NA,NA,NA,NA,NA,NA,NA,NA,NA,NA,NA,NA,NA,NA,NA,NA,NA,NA,NA,NA,NA,NA,NA,NA,NA,NA,NA,NA,NA,NA,NA,NA,NA,NA,NA,NA,NA,NA,NA,NA,NA,NA,NA,NA,NA,NA,NA,NA,High,High,High,NA,NA,NA,NA,NA,NA,NA,NA,NA,NA,NA,NA,NA,NA,NA,NA,NA,NA,NA,NA,NA,NA,NA,NA,NA,NA,NA,NA,NA,NA,NA,NA,NA,NA,NA,NA,NA,NA,NA,NA,NA,NA,NA,NA,NA,NA,NA,NA,NA,NA,NA,NA,NA,NA,NA,NA,NA,NA
NA,NA,NA,NA,NA,NA,NA,NA,NA,NA,NA,NA,NA,NA,NA,NA,337,2025-05-29,14:19:08,3,1,"Kollen, Graham",1000161835,Right,NWL_KG,"Duarte, Christian",10064346,Right,LAK_C,Undefined,8,Top,1,0,0,Undefined,Four-Seam,StrikeSwinging,Undefined,Undefined,Undefined,0,0,NA,90.64961,-1.883511,-2.576289,2196.421222,209.683932,01:00:00,5.53864,0.85614,6.33104,-12.90627,20.79277,11.19627,2.72637,-0.58472,82.23118,-4.411433,-0.552713,0.417811,NA,NA,NA,NA,NA,NA,NA,NA,NA,NA,NA,-6.55555,11.69071,-0.67309,50,5.39467,5.45282,-131.51154,-4.61682,-11.4004,29.71719,-11.84344,NWL_KG,LAK_C,HOMERSTRYKER,NWL,NWL,20250529-HOMERSTRYKER-1,6980f240-3cb9-11f0-a835-f9cb0487f947,90.21404,NA,NA,8.41843,NA,NA,NA,NA,NA,NA,45d07472-c160-48e7-9a7d-8b154baa4dec,2025-05-29,18:19:08,2025-05-29T18:19:08Z,2025-05-29T18:19:08Z,NA,v3,NA,NA,NA,"Garner, Coleman",90000255834,Right,NWL_KG,7422b0fc-ad6f-4085-bfa5-0f1a6eb9b783,54.16562,-132.44948,14.8586,5.53449,-4.24302,-5.92172,-0.85087,5.81265,-5.7002,NA,NA,NA,NA,NA,NA,NA,NA,NA,NA,NA,NA,NA,NA,NA,NA,NA,NA,NA,NA,NA,NA,NA,NA,NA,NA,NA,NA,NA,NA,NA,NA,NA,NA,NA,NA,NA,NA,NA,NA,NA,NA,NA,NA,NA,NA,NA,NA,NA,NA,High,High,High,NA,NA,NA,NA,NA,NA,NA,NA,NA,NA,NA,NA,NA,NA,NA,NA,NA,NA,NA,NA,NA,NA,NA,NA,NA,NA,NA,NA,NA,NA,NA,NA,NA,NA,NA,NA,NA,NA,NA,NA,NA,NA,NA,NA,NA,NA,NA,NA,NA,NA,NA,NA,NA,NA,NA,NA,NA,NA
NA,NA,NA,NA,NA,NA,NA,NA,NA,NA,NA,NA,NA,NA,NA,NA,338,2025-05-29,14:19:29,3,2,"Kollen, Graham",1000161835,Right,NWL_KG,"Duarte, Christian",10064346,Right,LAK_C,Undefined,8,Top,1,0,1,Undefined,Four-Seam,BallCalled,Undefined,Undefined,Undefined,0,0,NA,91.63309,-0.626803,-1.305574,2161.979638,212.328219,01:00:00,5.53927,0.80154,6.50566,-13.7402,18.79088,11.23272,3.81883,0.53918,83.49554,-3.302459,0.733465,0.410507,NA,NA,NA,NA,NA,NA,NA,NA,NA,NA,NA,-6.22398,10.31682,-0.71467,50,5.48902,2.57926,-133.20135,-1.78036,-11.15405,29.2822,-13.68518,NWL_KG,LAK_C,HOMERSTRYKER,NWL,NWL,20250529-HOMERSTRYKER-1,75b6b590-3cb9-11f0-a835-f9cb0487f947,91.81926,NA,NA,8.13755,NA,NA,NA,NA,NA,NA,45d07472-c160-48e7-9a7d-8b154baa4dec,2025-05-29,18:19:29,2025-05-29T18:19:29Z,2025-05-29T18:19:29Z,NA,v3,NA,NA,NA,"Garner, Coleman",90000255834,Right,NWL_KG,298c885b-35f2-4c88-8cb0-ece7bc9006d0,53.99181,-134.07601,14.6411,5.53609,-1.37158,-6.84259,-0.79668,2.91244,-5.57703,NA,NA,NA,NA,NA,NA,NA,NA,NA,NA,NA,NA,NA,NA,NA,NA,NA,NA,NA,NA,NA,NA,NA,NA,NA,NA,NA,NA,NA,NA,NA,NA,NA,NA,NA,NA,NA,NA,NA,NA,NA,NA,NA,NA,NA,NA,NA,NA,NA,NA,High,High,High,NA,NA,NA,NA,NA,NA,NA,NA,NA,NA,NA,NA,NA,NA,NA,NA,NA,NA,NA,NA,NA,NA,NA,NA,NA,NA,NA,NA,NA,NA,NA,NA,NA,NA,NA,NA,NA,NA,NA,NA,NA,NA,NA,NA,NA,NA,NA,NA,NA,NA,NA,NA,NA,NA,NA,NA,NA,NA
NA,NA,NA,NA,NA,NA,NA,NA,NA,NA,NA,NA,NA,NA,NA,NA,339,2025-05-29,14:19:48,3,3,"Kollen, Graham",1000161835,Right,NWL_KG,"Duarte, Christian",10064346,Right,LAK_C,Undefined,8,Top,1,1,1,Undefined,Four-Seam,StrikeCalled,Undefined,Undefined,Undefined,0,0,NA,89.90893,-1.628795,-2.784842,2113.710659,217.966437,01:15:00,5.46823,0.84296,6.67014,-17.15493,16.46343,12.00316,2.54631,-0.70663,82.09676,-4.930388,-0.601322,0.417311,NA,NA,NA,NA,NA,NA,NA,NA,NA,NA,NA,-7.07819,9.45497,-0.66042,50,5.3517,5.88582,-130.58079,-4.1471,-12.20478,27.84456,-15.87101,NWL_KG,LAK_C,HOMERSTRYKER,NWL,NWL,20250529-HOMERSTRYKER-1,8173ed80-3cb9-11f0-a835-f9cb0487f947,90.32221,NA,NA,7.81217,NA,NA,NA,NA,NA,NA,45d07472-c160-48e7-9a7d-8b154baa4dec,2025-05-29,18:19:48,2025-05-29T18:19:48Z,2025-05-29T18:19:48Z,NA,v3,NA,NA,NA,"Garner, Coleman",90000255834,Right,NWL_KG,c6d342f9-2bb0-4427-b8ba-9220d21057e9,53.82762,-131.39444,13.92228,5.46611,-3.68333,-7.93551,-0.83762,6.24245,-6.10239,NA,NA,NA,NA,NA,NA,NA,NA,NA,NA,NA,NA,NA,NA,NA,NA,NA,NA,NA,NA,NA,NA,NA,NA,NA,NA,NA,NA,NA,NA,NA,NA,NA,NA,NA,NA,NA,NA,NA,NA,NA,NA,NA,NA,NA,NA,NA,NA,NA,NA,High,High,High,NA,NA,NA,NA,NA,NA,NA,NA,NA,NA,NA,NA,NA,NA,NA,NA,NA,NA,NA,NA,NA,NA,NA,NA,NA,NA,NA,NA,NA,NA,NA,NA,NA,NA,NA,NA,NA,NA,NA,NA,NA,NA,NA,NA,NA,NA,NA,NA,NA,NA,NA,NA,NA,NA,NA,NA,NA,NA
NA,NA,NA,NA,NA,NA,NA,NA,NA,NA,NA,NA,NA,NA,NA,NA,340,2025-05-29,14:20:10,3,4,"Kollen, Graham",1000161835,Right,NWL_KG,"Duarte, Christian",10064346,Right,LAK_C,Undefined,8,Top,1,1,2,Undefined,Four-Seam,BallCalled,Undefined,Undefined,Undefined,0,0,NA,92.18014,-2.698425,-2.924456,2164.538115,213.368236,01:00:00,5.48616,0.812,6.73044,-12.25713,19.77107,12.3191,1.99375,-0.83623,83.9476,-5.107624,-0.681733,0.407322,NA,NA,NA,NA,NA,NA,NA,NA,NA,NA,NA,-7.35339,11.54839,-0.6233,50,5.30265,6.35479,-133.77472,-6.56899,-13.26987,29.97829,-11.33394,NWL_KG,LAK_C,HOMERSTRYKER,NWL,NWL,20250529-HOMERSTRYKER-1,8e5f6c40-3cb9-11f0-a835-f9cb0487f947,92.5372,NA,NA,8.23254,NA,NA,NA,NA,NA,NA,45d07472-c160-48e7-9a7d-8b154baa4dec,2025-05-29,18:20:10,2025-05-29T18:20:10Z,2025-05-29T18:20:10Z,NA,v3,NA,NA,NA,"Garner, Coleman",90000255834,Right,NWL_KG,586d5f04-27d2-438f-bfd2-4d64dd25c392,53.7681,-134.61648,14.98914,5.48264,-6.25074,-5.66697,-0.80697,6.7274,-6.63493,NA,NA,NA,NA,NA,NA,NA,NA,NA,NA,NA,NA,NA,NA,NA,NA,NA,NA,NA,NA,NA,NA,NA,NA,NA,NA,NA,NA,NA,NA,NA,NA,NA,NA,NA,NA,NA,NA,NA,NA,NA,NA,NA,NA,NA,NA,NA,NA,NA,NA,High,High,High,NA,NA,NA,NA,NA,NA,NA,NA,NA,NA,NA,NA,NA,NA,NA,NA,NA,NA,NA,NA,NA,NA,NA,NA,NA,NA,NA,NA,NA,NA,NA,NA,NA,NA,NA,NA,NA,NA,NA,NA,NA,NA,NA,NA,NA,NA,NA,NA,NA,NA,NA,NA,NA,NA,NA,NA,NA,NA
NA,NA,NA,NA,NA,NA,NA,NA,NA,NA,NA,NA,NA,NA,NA,NA,341,2025-05-29,14:20:52,3,5,"Kollen, Graham",1000161835,Right,NWL_KG,"Duarte, Christian",10064346,Right,LAK_C,Undefined,8,Top,1,2,2,Undefined,Four-Seam,FoulBallNotFieldable,Undefined,Undefined,Undefined,0,0,NA,90.84659,-0.759602,-2.064671,2152.884638,219.380813,01:15:00,5.50095,0.9291,6.52656,-17.29643,15.69961,12.04135,3.36222,0.0376,83.05999,-4.075874,0.121345,0.41343,83.98668,31.814511,65.967848,4717.793377,32.91044,57.60033,104.96132,264.90845,118.42542,84.097263,4.201829,-6.89095,8.76083,-0.79043,50,5.44042,4.28854,-132.06419,-2.21559,-12.17359,28.04519,-16.69707,NWL_KG,LAK_C,HOMERSTRYKER,NWL,NWL,20250529-HOMERSTRYKER-1,a746b290-3cb9-11f0-a835-f9cb0487f947,91.17002,64.10762,NA,7.78659,NA,NA,NA,0.34575,3.29059,-0.1839,45d07472-c160-48e7-9a7d-8b154baa4dec,2025-05-29,18:20:52,2025-05-29T18:20:52Z,2025-05-29T18:20:52Z,FlyBall,v3,NA,NA,NA,"Garner, Coleman",90000255834,Right,NWL_KG,0c2f4d57-2b09-42a1-9934-46557df5be8b,53.97238,-132.90509,14.0226,5.49934,-1.71495,-8.34854,-0.92449,4.65355,-6.08679,NA,0.3456,42.63106,-18.17715,4.61224,-1.09753,0.23578,-0.03968,0.00419,-1.9e-4,3.29085,64.93112,-19.73658,1.64653,-0.25924,0.03447,-0.00534,0.0011,-1e-4,-0.18419,95.60634,-15.42495,3.53705,-0.79692,0.17025,-0.02899,0.00298,-1.2e-4,NA,NA,NA,NA,NA,NA,NA,NA,NA,NA,NA,NA,NA,NA,NA,NA,NA,NA,NA,NA,NA,NA,High,High,High,Medium,Low,NA,NA,NA,NA,NA,NA,NA,NA,NA,NA,NA,NA,NA,NA,NA,NA,NA,NA,NA,NA,NA,NA,NA,NA,NA,NA,NA,NA,NA,NA,NA,NA,NA,NA,NA,NA,NA,NA,NA,NA,NA,NA,NA,NA,NA,NA,NA,NA,NA,NA,NA,NA,NA,NA,NA,NA
NA,NA,NA,NA,NA,NA,NA,NA,NA,NA,NA,NA,NA,NA,NA,NA,342,2025-05-29,14:21:27,3,6,"Kollen, Graham",1000161835,Right,NWL_KG,"Duarte, Christian",10064346,Right,LAK_C,Undefined,8,Top,1,2,2,Undefined,Four-Seam,BallCalled,Undefined,Undefined,Undefined,0,0,NA,90.04663,0.460888,-0.572941,2036.391179,210.726028,01:00:00,5.50657,0.8086,6.361,-16.84332,16.90076,9.43245,4.52714,1.06734,82.31677,-2.771017,1.134762,0.41809,NA,NA,NA,NA,NA,NA,NA,NA,NA,NA,NA,-5.03799,8.97839,-0.7711,50,5.53169,0.92452,-130.92785,0.60477,-8.75868,27.23847,-16.5649,NWL_KG,LAK_C,HOMERSTRYKER,NWL,NWL,20250529-HOMERSTRYKER-1,bc07ced0-3cb9-11f0-a835-f9cb0487f947,90.1538,NA,NA,7.72986,NA,NA,NA,NA,NA,NA,45d07472-c160-48e7-9a7d-8b154baa4dec,2025-05-29,18:21:27,2025-05-29T18:21:27Z,2025-05-29T18:21:27Z,NA,v3,NA,NA,NA,"Garner, Coleman",90000255834,Right,NWL_KG,fdacb723-a082-43c4-85fc-808a2c413f88,54.13628,-131.78556,13.61924,5.50443,1.12638,-8.28245,-0.80455,1.20032,-4.37934,NA,NA,NA,NA,NA,NA,NA,NA,NA,NA,NA,NA,NA,NA,NA,NA,NA,NA,NA,NA,NA,NA,NA,NA,NA,NA,NA,NA,NA,NA,NA,NA,NA,NA,NA,NA,NA,NA,NA,NA,NA,NA,NA,NA,NA,NA,NA,NA,NA,NA,High,High,High,NA,NA,NA,NA,NA,NA,NA,NA,NA,NA,NA,NA,NA,NA,NA,NA,NA,NA,NA,NA,NA,NA,NA,NA,NA,NA,NA,NA,NA,NA,NA,NA,NA,NA,NA,NA,NA,NA,NA,NA,NA,NA,NA,NA,NA,NA,NA,NA,NA,NA,NA,NA,NA,NA,NA,NA,NA,NA
NA,NA,NA,NA,NA,NA,NA,NA,NA,NA,NA,NA,NA,NA,NA,NA,343,2025-05-29,14:21:47,3,7,"Kollen, Graham",1000161835,Right,NWL_KG,"Duarte, Christian",10064346,Right,LAK_C,Undefined,8,Top,1,3,2,Undefined,Four-Seam,StrikeSwinging,Strikeout,Undefined,Undefined,0,0,NA,90.64022,-0.995986,-2.680244,2027.396794,217.839169,01:15:00,5.48797,0.83623,6.45298,-17.61619,15.52001,11.2806,3.10386,-0.68782,83.20415,-4.356738,-0.636585,0.414307,NA,NA,NA,NA,NA,NA,NA,NA,NA,NA,NA,-6.58626,8.68272,-0.65107,50,5.40923,5.71635,-131.72165,-2.77621,-11.6315,26.62251,-16.84014,NWL_KG,LAK_C,HOMERSTRYKER,NWL,NWL,20250529-HOMERSTRYKER-1,c8226900-3cb9-11f0-a835-f9cb0487f947,90.97698,NA,NA,7.43607,NA,NA,NA,NA,NA,NA,45d07472-c160-48e7-9a7d-8b154baa4dec,2025-05-29,18:21:47,2025-05-29T18:21:47Z,2025-05-29T18:21:47Z,NA,v3,NA,NA,NA,"Garner, Coleman",90000255834,Right,NWL_KG,4f848cbe-5bfd-4351-b8e5-867c07932d2b,54.04572,-132.53682,13.31125,5.48634,-2.26058,-8.42007,-0.83155,6.07249,-5.81575,NA,NA,NA,NA,NA,NA,NA,NA,NA,NA,NA,NA,NA,NA,NA,NA,NA,NA,NA,NA,NA,NA,NA,NA,NA,NA,NA,NA,NA,NA,NA,NA,NA,NA,NA,NA,NA,NA,NA,NA,NA,NA,NA,NA,NA,NA,NA,NA,NA,NA,High,High,High,NA,NA,NA,NA,NA,NA,NA,NA,NA,NA,NA,NA,NA,NA,NA,NA,NA,NA,NA,NA,NA,NA,NA,NA,NA,NA,NA,NA,NA,NA,NA,NA,NA,NA,NA,NA,NA,NA,NA,NA,NA,NA,NA,NA,NA,NA,NA,NA,NA,NA,NA,NA,NA,NA,NA,NA,NA,NA
NA,NA,NA,NA,NA,NA,NA,NA,NA,NA,NA,NA,NA,NA,NA,NA,344,2025-05-29,14:22:20,4,1,"Kollen, Graham",1000161835,Right,NWL_KG,"Senior, Collin",1000273575,Right,LAK_C,Undefined,8,Top,2,0,0,Undefined,Four-Seam,StrikeSwinging,Undefined,Undefined,Undefined,0,0,NA,90.27211,-0.593494,-1.348403,2137.178362,213.775883,01:15:00,5.49491,0.91383,6.44614,-15.74619,17.87088,11.22816,3.63725,0.61035,82.23429,-3.635752,0.687589,0.417303,NA,NA,NA,NA,NA,NA,NA,NA,NA,NA,NA,-6.22122,9.81997,-0.82274,50,5.44539,2.63436,-131.19863,-1.7554,-10.81094,28.53876,-15.10944,NWL_KG,LAK_C,HOMERSTRYKER,NWL,NWL,20250529-HOMERSTRYKER-1,dbc82a30-3cb9-11f0-a835-f9cb0487f947,90.32396,NA,NA,8.03782,NA,NA,NA,NA,NA,NA,45d07472-c160-48e7-9a7d-8b154baa4dec,2025-05-29,18:22:20,2025-05-29T18:22:20Z,2025-05-29T18:22:20Z,NA,v3,NA,NA,NA,"Garner, Coleman",90000255834,Right,NWL_KG,6e10b654-c282-47c8-8450-a5eb7d33d81c,54.0511,-132.0769,14.26938,5.49226,-1.29041,-7.55472,-0.90893,2.96707,-5.40547,NA,NA,NA,NA,NA,NA,NA,NA,NA,NA,NA,NA,NA,NA,NA,NA,NA,NA,NA,NA,NA,NA,NA,NA,NA,NA,NA,NA,NA,NA,NA,NA,NA,NA,NA,NA,NA,NA,NA,NA,NA,NA,NA,NA,NA,NA,NA,NA,NA,NA,High,High,High,NA,NA,NA,NA,NA,NA,NA,NA,NA,NA,NA,NA,NA,NA,NA,NA,NA,NA,NA,NA,NA,NA,NA,NA,NA,NA,NA,NA,NA,NA,NA,NA,NA,NA,NA,NA,NA,NA,NA,NA,NA,NA,NA,NA,NA,NA,NA,NA,NA,NA,NA,NA,NA,NA,NA,NA,NA,NA
NA,NA,NA,NA,NA,NA,NA,NA,NA,NA,NA,NA,NA,NA,NA,NA,345,2025-05-29,14:22:42,4,2,"Kollen, Graham",1000161835,Right,NWL_KG,"Senior, Collin",1000273575,Right,LAK_C,Undefined,8,Top,2,0,1,Undefined,Four-Seam,BallCalled,Undefined,Undefined,Undefined,0,0,NA,90.40021,0.53498,-0.909665,1989.532152,210.089924,01:00:00,5.43794,0.78874,6.35206,-18.45296,14.72513,8.00217,4.39269,0.61822,83.42077,-2.965558,0.538817,0.414569,NA,NA,NA,NA,NA,NA,NA,NA,NA,NA,NA,-4.38382,7.83201,-0.72627,50,5.46778,1.76864,-131.56085,0.69824,-7.77272,24.86733,-18.28751,NWL_KG,LAK_C,HOMERSTRYKER,NWL,NWL,20250529-HOMERSTRYKER-1,e905c090-3cb9-11f0-a835-f9cb0487f947,90.91954,NA,NA,6.97943,NA,NA,NA,NA,NA,NA,45d07472-c160-48e7-9a7d-8b154baa4dec,2025-05-29,18:22:42,2025-05-29T18:22:42Z,2025-05-29T18:22:42Z,NA,v3,NA,NA,NA,"Garner, Coleman",90000255834,Right,NWL_KG,9fc9f3f5-04be-4a3c-8af8-f3e571ccd609,54.14705,-132.3424,12.43367,5.4368,1.27299,-9.14376,-0.7857,2.01293,-3.88636,NA,NA,NA,NA,NA,NA,NA,NA,NA,NA,NA,NA,NA,NA,NA,NA,NA,NA,NA,NA,NA,NA,NA,NA,NA,NA,NA,NA,NA,NA,NA,NA,NA,NA,NA,NA,NA,NA,NA,NA,NA,NA,NA,NA,NA,NA,NA,NA,NA,NA,High,High,High,NA,NA,NA,NA,NA,NA,NA,NA,NA,NA,NA,NA,NA,NA,NA,NA,NA,NA,NA,NA,NA,NA,NA,NA,NA,NA,NA,NA,NA,NA,NA,NA,NA,NA,NA,NA,NA,NA,NA,NA,NA,NA,NA,NA,NA,NA,NA,NA,NA,NA,NA,NA,NA,NA,NA,NA,NA,NA
NA,NA,NA,NA,NA,NA,NA,NA,NA,NA,NA,NA,NA,NA,NA,NA,346,2025-05-29,14:23:03,4,3,"Kollen, Graham",1000161835,Right,NWL_KG,"Senior, Collin",1000273575,Right,LAK_C,Undefined,8,Top,2,1,1,Undefined,Four-Seam,InPlay,Undefined,GroundBall,Out,1,0,NA,90.54734,-2.739213,-1.80048,2132.6051,215.303408,01:15:00,5.39765,0.59594,6.48263,-16.81359,16.17517,10.78847,1.47829,-0.15871,83.79449,-5.930499,0.157401,0.413385,59.59323,-46.691404,30.092562,NA,NA,NA,NA,1.90828,1.90828,25.254631,0.021825,-6.11307,9.45772,-0.47399,50,5.19732,3.72249,-131.63251,-6.76151,-10.84807,24.9548,-15.39063,NWL_KG,LAK_C,HOMERSTRYKER,NWL,NWL,20250529-HOMERSTRYKER-1,f5347f00-3cb9-11f0-a835-f9cb0487f947,91.18004,1.39206,NA,6.75285,NA,NA,NA,0.59055,1.39206,0.15621,45d07472-c160-48e7-9a7d-8b154baa4dec,2025-05-29,18:23:03,2025-05-29T18:23:03Z,2025-05-29T18:23:03Z,GroundBall,v3,NA,NA,NA,"Garner, Coleman",90000255834,Right,NWL_KG,18464916-4a74-4a99-811e-78be128fad1c,54.01771,-132.39199,12.4774,5.39597,-6.2931,-7.69532,-0.5923,4.05265,-5.42404,NA,0.59003,52.01926,NA,NA,NA,NA,NA,NA,NA,1.3927,-63.78162,NA,NA,NA,NA,NA,NA,NA,0.15592,30.14549,NA,NA,NA,NA,NA,NA,NA,NA,NA,NA,NA,NA,NA,NA,NA,NA,NA,NA,NA,NA,NA,NA,NA,NA,NA,NA,NA,NA,NA,High,High,High,Estimated,Estimated,NA,NA,NA,NA,NA,NA,NA,NA,NA,NA,NA,NA,NA,NA,NA,NA,NA,NA,NA,NA,NA,NA,NA,NA,NA,NA,NA,NA,NA,NA,NA,NA,NA,NA,NA,NA,NA,NA,NA,NA,NA,NA,NA,NA,NA,NA,NA,NA,NA,NA,NA,NA,NA,NA,NA,NA
NA,NA,NA,NA,NA,NA,NA,NA,NA,NA,NA,NA,NA,NA,NA,NA,347,2025-05-29,14:26:06,1,1,"Smith, Danny",1000403812,Right,LAK_C,"Acres, Brodey",1000233797,Right,NWL_KG,Undefined,8,Bottom,0,0,0,Undefined,Changeup,StrikeCalled,Undefined,Undefined,Undefined,0,0,NA,79.01887,-1.49446,-0.613202,1914.029448,176.833255,12:00:00,6.2729,0.31264,5.95768,-25.8456,18.33257,-0.9437,2.73285,-0.33466,73.14419,-6.324669,-0.782846,0.478383,NA,NA,NA,NA,NA,NA,NA,NA,NA,NA,NA,0.33252,10.19245,-0.26344,50,6.13962,1.26409,-114.86931,-3.71864,0.44904,19.15734,-18.41077,NWL_KG,LAK_C,HOMERSTRYKER,NWL,NWL,20250529-HOMERSTRYKER-1,626bf030-3cba-11f0-a835-f9cb0487f947,78.79142,NA,NA,5.87468,NA,NA,NA,NA,NA,NA,45d07472-c160-48e7-9a7d-8b154baa4dec,2025-05-29,18:26:06,2025-05-29T18:26:06Z,2025-05-29T18:26:06Z,NA,v3,NA,NA,NA,"Duarte, Christian",10064346,R,LAK_C,73eabb0b-ce4d-4843-ac63-78c3611e1c68,54.5403,-115.62404,9.57867,6.27184,-2.99332,-9.20538,-0.31289,1.2464,0.22452,NA,NA,NA,NA,NA,NA,NA,NA,NA,NA,NA,NA,NA,NA,NA,NA,NA,NA,NA,NA,NA,NA,NA,NA,NA,NA,NA,NA,NA,NA,NA,NA,NA,NA,NA,NA,NA,NA,NA,NA,NA,NA,NA,NA,NA,NA,NA,NA,NA,NA,High,High,High,NA,NA,NA,NA,NA,NA,NA,NA,NA,NA,NA,NA,NA,NA,NA,NA,NA,NA,NA,NA,NA,NA,NA,NA,NA,NA,NA,NA,NA,NA,NA,NA,NA,NA,NA,NA,NA,NA,NA,NA,NA,NA,NA,NA,NA,NA,NA,NA,NA,NA,NA,NA,NA,NA,NA,NA,NA,NA
NA,NA,NA,NA,NA,NA,NA,NA,NA,NA,NA,NA,NA,NA,NA,NA,348,2025-05-29,14:26:21,1,2,"Smith, Danny",1000403812,Right,LAK_C,"Acres, Brodey",1000233797,Right,NWL_KG,Undefined,8,Bottom,0,0,1,Undefined,Cutter,StrikeSwinging,Undefined,Undefined,Undefined,0,0,NA,80.51485,-1.546844,0.047701,1918.630326,175.457553,11:45:00,6.34804,0.46705,5.98028,-22.36285,20.30777,-1.51146,3.0503,0.38532,74.17532,-5.762422,-0.224105,0.470149,NA,NA,NA,NA,NA,NA,NA,NA,NA,NA,NA,0.78795,11.23505,-0.47,50,6.2133,-0.04064,-117.00718,-3.76511,1.09962,20.70641,-16.49532,NWL_KG,LAK_C,HOMERSTRYKER,NWL,NWL,20250529-HOMERSTRYKER-1,6b811290-3cba-11f0-a835-f9cb0487f947,80.17121,NA,NA,6.33953,NA,NA,NA,NA,NA,NA,45d07472-c160-48e7-9a7d-8b154baa4dec,2025-05-29,18:26:21,2025-05-29T18:26:21Z,2025-05-29T18:26:21Z,NA,v3,NA,NA,NA,"Duarte, Christian",10064346,R,LAK_C,a6c6606c-89b1-4796-b19e-8ab9fe793eef,54.51724,-117.80387,10.35321,6.34596,-3.13044,-8.24766,-0.46762,-0.08295,0.54981,NA,NA,NA,NA,NA,NA,NA,NA,NA,NA,NA,NA,NA,NA,NA,NA,NA,NA,NA,NA,NA,NA,NA,NA,NA,NA,NA,NA,NA,NA,NA,NA,NA,NA,NA,NA,NA,NA,NA,NA,NA,NA,NA,NA,NA,NA,NA,NA,NA,NA,High,High,High,NA,NA,NA,NA,NA,NA,NA,NA,NA,NA,NA,NA,NA,NA,NA,NA,NA,NA,NA,NA,NA,NA,NA,NA,NA,NA,NA,NA,NA,NA,NA,NA,NA,NA,NA,NA,NA,NA,NA,NA,NA,NA,NA,NA,NA,NA,NA,NA,NA,NA,NA,NA,NA,NA,NA,NA,NA,NA
NA,NA,NA,NA,NA,NA,NA,NA,NA,NA,NA,NA,NA,NA,NA,NA,349,2025-05-29,14:26:38,1,3,"Smith, Danny",1000403812,Right,LAK_C,"Acres, Brodey",1000233797,Right,NWL_KG,Undefined,8,Bottom,0,0,2,Undefined,Changeup,InPlay,Undefined,LineDrive,Single,0,0,NA,80.316,-0.734673,-0.366227,1926.666566,182.211378,12:00:00,6.30536,0.34656,5.96705,-21.1245,21.84399,0.79295,3.86377,0.07308,73.74522,-4.743445,-0.223709,0.471788,93.80515,13.803192,-16.477577,864.003329,103.98177,19.46442,-35.88582,230.6003,230.6003,-22.205636,2.176258,-0.50728,11.83961,-0.31799,50,6.2354,0.71694,-116.73964,-2.05531,-0.70277,21.1708,-15.77152,NWL_KG,LAK_C,HOMERSTRYKER,NWL,NWL,20250529-HOMERSTRYKER-1,75a9c7d0-3cba-11f0-a835-f9cb0487f947,79.89281,19.56445,NA,6.57078,NA,NA,NA,1.02952,3.87236,-0.07823,45d07472-c160-48e7-9a7d-8b154baa4dec,2025-05-29,18:26:38,2025-05-29T18:26:38Z,2025-05-29T18:26:38Z,LineDrive,v3,NA,NA,NA,"Duarte, Christian",10064346,R,LAK_C,12835e5b-60a6-4c71-8871-c01f10c57676,54.53147,-117.55855,10.5854,6.3031,-1.44525,-7.88576,-0.34625,0.74412,-0.35138,106.1419,1.02951,128.12107,-18.68745,3.1782,-0.66592,0.11239,-0.00619,-0.00391,8e-4,3.87236,32.82494,-18.54864,1.68764,-0.32469,0.06691,-0.01033,0.00139,-1.2e-4,-0.07826,-37.89481,-2.52317,1.19604,-0.37271,0.0938,-0.00455,-0.00568,0.00118,NA,NA,NA,NA,NA,NA,NA,NA,NA,NA,NA,NA,NA,NA,NA,NA,NA,NA,NA,NA,NA,NA,High,High,High,High,High,NA,NA,NA,NA,NA,NA,NA,NA,NA,NA,NA,NA,NA,NA,NA,NA,NA,NA,NA,NA,NA,NA,NA,NA,NA,NA,NA,NA,NA,NA,NA,NA,NA,NA,NA,NA,NA,NA,NA,NA,NA,NA,NA,NA,NA,NA,NA,NA,NA,NA,NA,NA,NA,NA,NA,NA
NA,NA,NA,NA,NA,NA,NA,NA,NA,NA,NA,NA,NA,NA,NA,NA,350,2025-05-29,14:27:11,2,1,"Smith, Danny",1000403812,Right,LAK_C,"Rodriguez, Evan",1000115944,Right,NWL_KG,Undefined,8,Bottom,0,0,0,Undefined,Changeup,BallCalled,Undefined,Undefined,Undefined,0,0,NA,79.20763,-0.250807,-0.224094,1845.759012,177.093331,12:00:00,6.29324,0.39915,6.03594,-23.26545,20.95733,-0.99335,4.12221,0.10887,72.46174,-4.667262,-0.402849,0.478624,NA,NA,NA,NA,NA,NA,NA,NA,NA,NA,NA,0.44658,11.26528,-0.38115,50,6.26095,0.48721,-115.07413,-1.10671,0.59927,21.20445,-17.05724,NWL_KG,LAK_C,HOMERSTRYKER,NWL,NWL,20250529-HOMERSTRYKER-1,88f979c0-3cba-11f0-a835-f9cb0487f947,78.75171,NA,NA,6.7459,NA,NA,NA,NA,NA,NA,45d07472-c160-48e7-9a7d-8b154baa4dec,2025-05-29,18:27:11,2025-05-29T18:27:11Z,2025-05-29T18:27:11Z,NA,v3,NA,NA,NA,"Duarte, Christian",10064346,R,LAK_C,bc4ca1e1-7048-4f1a-a31c-b2319be8b391,54.45995,-115.89304,10.60222,6.29097,-0.44796,-8.52862,-0.39952,0.46407,0.29963,NA,NA,NA,NA,NA,NA,NA,NA,NA,NA,NA,NA,NA,NA,NA,NA,NA,NA,NA,NA,NA,NA,NA,NA,NA,NA,NA,NA,NA,NA,NA,NA,NA,NA,NA,NA,NA,NA,NA,NA,NA,NA,NA,NA,NA,NA,NA,NA,NA,NA,High,High,High,NA,NA,NA,NA,NA,NA,NA,NA,NA,NA,NA,NA,NA,NA,NA,NA,NA,NA,NA,NA,NA,NA,NA,NA,NA,NA,NA,NA,NA,NA,NA,NA,NA,NA,NA,NA,NA,NA,NA,NA,NA,NA,NA,NA,NA,NA,NA,NA,NA,NA,NA,NA,NA,NA,NA,NA,NA,NA
NA,NA,NA,NA,NA,NA,NA,NA,NA,NA,NA,NA,NA,NA,NA,NA,351,2025-05-29,14:27:42,2,2,"Smith, Danny",1000403812,Right,LAK_C,"Rodriguez, Evan",1000115944,Right,NWL_KG,Undefined,8,Bottom,0,1,0,Undefined,Changeup,BallCalled,Undefined,Undefined,Undefined,1,0,NA,79.88371,0.026036,0.090995,1901.298549,177.139172,12:00:00,6.28752,0.55123,5.86731,-22.03442,21.73974,-1.01736,4.47551,0.55097,72.99424,-4.158472,-0.091484,0.47619,NA,NA,NA,NA,NA,NA,NA,NA,NA,NA,NA,0.54303,11.51442,-0.55802,50,6.27681,-0.14514,-116.02642,-0.53096,0.74054,21.62014,-16.47102,NWL_KG,LAK_C,HOMERSTRYKER,NWL,NWL,20250529-HOMERSTRYKER-1,9b906300-3cba-11f0-a835-f9cb0487f947,79.15418,NA,NA,6.88947,NA,NA,NA,NA,NA,NA,45d07472-c160-48e7-9a7d-8b154baa4dec,2025-05-29,18:27:42,2025-05-29T18:27:42Z,2025-05-29T18:27:42Z,NA,v3,NA,NA,NA,"Duarte, Christian",10064346,R,LAK_C,6db1e3d4-50df-4d77-8bd4-761e74fd1868,54.62867,-116.88573,10.81007,6.2849,0.1237,-8.23551,-0.55166,-0.17458,0.37027,NA,NA,NA,NA,NA,NA,NA,NA,NA,NA,NA,NA,NA,NA,NA,NA,NA,NA,NA,NA,NA,NA,NA,NA,NA,NA,NA,NA,76.298330000000007,2.047128,0.709018,1.33811,-1.86206,4.2284,-0.54542,-2.0122,5.93241,1.66174,127.27958,0.69722,3.76197,-1.84546,109.44652,-9.78274,5.95757,11.84124,-11.80699,1.59294,-2.23968,2.92793,High,High,High,NA,NA,High,High,High,NA,NA,NA,NA,NA,NA,NA,NA,NA,NA,NA,NA,NA,NA,NA,NA,NA,NA,NA,NA,NA,NA,NA,NA,NA,NA,NA,NA,NA,NA,NA,NA,NA,NA,NA,NA,NA,NA,NA,NA,NA,NA,NA,NA,NA,NA,NA,NA,NA,NA,NA,NA,NA
NA,NA,NA,NA,NA,NA,NA,NA,NA,NA,NA,NA,NA,NA,NA,NA,352,2025-05-29,14:28:15,2,3,"Smith, Danny",1000403812,Right,LAK_C,"Rodriguez, Evan",1000115944,Right,NWL_KG,Undefined,8,Bottom,1,2,0,Undefined,Changeup,StrikeSwinging,Undefined,Undefined,Undefined,0,0,NA,80.63424,-1.828766,-0.131909,1996.177631,175.770818,11:45:00,6.30051,0.39885,6.02556,-20.54399,21.9743,-1.52913,2.89422,0.14925,74.21235,-5.722107,-0.407106,0.469309,NA,NA,NA,NA,NA,NA,NA,NA,NA,NA,NA,0.75118,12.18741,-0.38772,50,6.14611,0.32702,-117.16047,-4.27363,1.05007,20.94898,-15.13708,NWL_KG,LAK_C,HOMERSTRYKER,NWL,NWL,20250529-HOMERSTRYKER-1,af12bdb0-3cba-11f0-a835-f9cb0487f947,80.31469,NA,NA,6.42189,NA,NA,NA,NA,NA,NA,45d07472-c160-48e7-9a7d-8b154baa4dec,2025-05-29,18:28:15,2025-05-29T18:28:15Z,2025-05-29T18:28:15Z,NA,v3,NA,NA,NA,"Duarte, Christian",10064346,R,LAK_C,b8d8c1ea-108b-4668-bcd4-c8ca4b27f511,54.4718,-117.95735,10.47449,6.29772,-3.69783,-7.56854,-0.3994,0.28708,0.52503,NA,NA,NA,NA,NA,NA,NA,NA,NA,NA,NA,NA,NA,NA,NA,NA,NA,NA,NA,NA,NA,NA,NA,NA,NA,NA,NA,NA,NA,NA,NA,NA,NA,NA,NA,NA,NA,NA,NA,NA,NA,NA,NA,NA,NA,NA,NA,NA,NA,NA,High,High,High,NA,NA,NA,NA,NA,NA,NA,NA,NA,NA,NA,NA,NA,NA,NA,NA,NA,NA,NA,NA,NA,NA,NA,NA,NA,NA,NA,NA,NA,NA,NA,NA,NA,NA,NA,NA,NA,NA,NA,NA,NA,NA,NA,NA,NA,NA,NA,NA,NA,NA,NA,NA,NA,NA,NA,NA,NA,NA
NA,NA,NA,NA,NA,NA,NA,NA,NA,NA,NA,NA,NA,NA,NA,NA,353,2025-05-29,14:28:33,2,4,"Smith, Danny",1000403812,Right,LAK_C,"Rodriguez, Evan",1000115944,Right,NWL_KG,Undefined,8,Bottom,1,2,1,Undefined,Changeup,StrikeSwinging,Undefined,Undefined,Undefined,0,0,NA,80.86664,-1.189716,-0.208152,1999.98976,181.535239,12:00:00,6.19305,0.29452,6.23666,-21.22824,20.57726,0.51854,3.3264,0.14572,74.57364,-5.217934,-0.114469,0.465359,NA,NA,NA,NA,NA,NA,NA,NA,NA,NA,NA,-0.32228,11.37119,-0.27926,50,6.09361,0.40849,-117.60362,-2.98427,-0.45494,20.63434,-16.12154,NWL_KG,LAK_C,HOMERSTRYKER,NWL,NWL,20250529-HOMERSTRYKER-1,b9f3c670-3cba-11f0-a835-f9cb0487f947,80.9965,NA,NA,6.293,NA,NA,NA,NA,NA,NA,45d07472-c160-48e7-9a7d-8b154baa4dec,2025-05-29,18:28:33,2025-05-29T18:28:33Z,2025-05-29T18:28:33Z,NA,v3,NA,NA,NA,"Duarte, Christian",10064346,R,LAK_C,67e77ab3-0d8f-4774-b246-a7639523b32c,54.2615,-118.34896,10.31717,6.19089,-2.40193,-8.06077,-0.29431,0.42492,-0.22747,NA,NA,NA,NA,NA,NA,NA,NA,NA,NA,NA,NA,NA,NA,NA,NA,NA,NA,NA,NA,NA,NA,NA,NA,NA,NA,NA,NA,NA,NA,NA,NA,NA,NA,NA,NA,NA,NA,NA,NA,NA,NA,NA,NA,NA,NA,NA,NA,NA,NA,High,High,High,NA,NA,NA,NA,NA,NA,NA,NA,NA,NA,NA,NA,NA,NA,NA,NA,NA,NA,NA,NA,NA,NA,NA,NA,NA,NA,NA,NA,NA,NA,NA,NA,NA,NA,NA,NA,NA,NA,NA,NA,NA,NA,NA,NA,NA,NA,NA,NA,NA,NA,NA,NA,NA,NA,NA,NA,NA,NA
NA,NA,NA,NA,NA,NA,NA,NA,NA,NA,NA,NA,NA,NA,NA,NA,354,2025-05-29,14:28:55,2,5,"Smith, Danny",1000403812,Right,LAK_C,"Rodriguez, Evan",1000115944,Right,NWL_KG,Undefined,8,Bottom,1,2,2,Undefined,Four-Seam,StrikeSwinging,Strikeout,Undefined,Undefined,0,0,NA,81.48988,-1.466639,-0.534461,1954.764399,179.762744,12:00:00,6.17563,0.46076,6.16255,-20.07702,21.64926,-0.08398,3.14738,-0.03997,74.38743,-5.30558,-0.549614,0.464918,NA,NA,NA,NA,NA,NA,NA,NA,NA,NA,NA,-0.10953,12.01949,-0.42019,50,6.05397,1.10718,-118.35112,-3.53065,-0.15491,23.17299,-15.17348,NWL_KG,LAK_C,HOMERSTRYKER,NWL,NWL,20250529-HOMERSTRYKER-1,c76fec70-3cba-11f0-a835-f9cb0487f947,81.07334,NA,NA,7.10244,NA,NA,NA,NA,NA,NA,45d07472-c160-48e7-9a7d-8b154baa4dec,2025-05-29,18:28:55,2025-05-29T18:28:55Z,2025-05-29T18:28:55Z,NA,v3,NA,NA,NA,"Duarte, Christian",10064346,R,LAK_C,097fa12c-bf14-4891-9ab7-62e37ce253f7,54.33384,-119.19666,11.58649,6.1727,-2.977,-7.58674,-0.4607,1.11283,-0.07745,NA,NA,NA,NA,NA,NA,NA,NA,NA,NA,NA,NA,NA,NA,NA,NA,NA,NA,NA,NA,NA,NA,NA,NA,NA,NA,NA,NA,46.22873,3.033239,1.295104,1.738135,-0.90661,2.92754,0.06227,-4.00478,4.68347,2.23066,72.93661,10.43043,-51.82725,-3.88418,49.24657,-2.90711,4.8784,30.95719,-15.97325,2.25466,-32.37034,0.72256,High,High,High,NA,NA,High,High,High,NA,NA,NA,NA,NA,NA,NA,NA,NA,NA,NA,NA,NA,NA,NA,NA,NA,NA,NA,NA,NA,NA,NA,NA,NA,NA,NA,NA,NA,NA,NA,NA,NA,NA,NA,NA,NA,NA,NA,NA,NA,NA,NA,NA,NA,NA,NA,NA,NA,NA,NA,NA,NA
NA,NA,NA,NA,NA,NA,NA,NA,NA,NA,NA,NA,NA,NA,NA,NA,355,2025-05-29,14:29:26,3,1,"Smith, Danny",1000403812,Right,LAK_C,"Johnson, Trevor",815427,Left,NWL_KG,Undefined,8,Bottom,2,0,0,Undefined,Cutter,StrikeCalled,Undefined,Undefined,Undefined,0,0,NA,81.793,-1.762294,0.809502,1955.384797,174.852492,11:45:00,6.21413,0.61214,6.21621,-19.69863,21.32147,-1.8085,2.94563,1.2085,75.26391,-5.511619,0.482915,0.460967,NA,NA,NA,NA,NA,NA,NA,NA,NA,NA,NA,1.14532,11.88985,-0.67191,50,6.07196,-1.61212,-118.86883,-4.1515,1.64818,21.54882,-15.06359,NWL_KG,LAK_C,HOMERSTRYKER,NWL,NWL,20250529-HOMERSTRYKER-1,d96899e0-3cba-11f0-a835-f9cb0487f947,81.76819,NA,NA,6.52909,NA,NA,NA,NA,NA,NA,45d07472-c160-48e7-9a7d-8b154baa4dec,2025-05-29,18:29:26,2025-05-29T18:29:26Z,2025-05-29T18:29:26Z,NA,v3,NA,NA,NA,"Duarte, Christian",10064346,R,LAK_C,17d6e1c2-4245-4dc5-b1e8-ba29c308ea82,54.28095,-119.64237,10.77441,6.21128,-3.61075,-7.53179,-0.61297,-1.67128,0.82409,NA,NA,NA,NA,NA,NA,NA,NA,NA,NA,NA,NA,NA,NA,NA,NA,NA,NA,NA,NA,NA,NA,NA,NA,NA,NA,NA,NA,NA,NA,NA,NA,NA,NA,NA,NA,NA,NA,NA,NA,NA,NA,NA,NA,NA,NA,NA,NA,NA,NA,High,High,High,NA,NA,NA,NA,NA,NA,NA,NA,NA,NA,NA,NA,NA,NA,NA,NA,NA,NA,NA,NA,NA,NA,NA,NA,NA,NA,NA,NA,NA,NA,NA,NA,NA,NA,NA,NA,NA,NA,NA,NA,NA,NA,NA,NA,NA,NA,NA,NA,NA,NA,NA,NA,NA,NA,NA,NA,NA,NA
NA,NA,NA,NA,NA,NA,NA,NA,NA,NA,NA,NA,NA,NA,NA,NA,356,2025-05-29,14:29:41,3,2,"Smith, Danny",1000403812,Right,LAK_C,"Johnson, Trevor",815427,Left,NWL_KG,Undefined,8,Bottom,2,0,1,Undefined,Curveball,BallCalled,Undefined,Undefined,Undefined,0,0,NA,71.84739,-1.964455,-0.223289,1924.752574,95.672899,09:15:00,6.14176,0.94964,5.63954,-51.84082,2.53102,-9.27843,-0.01165,-0.03187,67.03931,-11.357487,-1.887612,0.530711,NA,NA,NA,NA,NA,NA,NA,NA,NA,NA,NA,4.72902,2.19102,-0.92438,50,5.94112,0.71506,-104.40086,-5.1056,5.23906,16.95552,-29.74672,NWL_KG,LAK_C,HOMERSTRYKER,NWL,NWL,20250529-HOMERSTRYKER-1,e2df3d30-3cba-11f0-a835-f9cb0487f947,71.02249,NA,NA,4.80808,NA,NA,NA,NA,NA,NA,45d07472-c160-48e7-9a7d-8b154baa4dec,2025-05-29,18:29:41,2025-05-29T18:29:41Z,2025-05-29T18:29:41Z,NA,v3,NA,NA,NA,"Duarte, Christian",10064346,R,LAK_C,755f0042-08c5-4b02-97bc-6161e3229add,54.86228,-105.18757,8.47776,6.14599,-3.72541,-14.87336,-0.95192,0.47197,2.61953,NA,NA,NA,NA,NA,NA,NA,NA,NA,NA,NA,NA,NA,NA,NA,NA,NA,NA,NA,NA,NA,NA,NA,NA,NA,NA,NA,NA,NA,NA,NA,NA,NA,NA,NA,NA,NA,NA,NA,NA,NA,NA,NA,NA,NA,NA,NA,NA,NA,NA,High,High,High,NA,NA,NA,NA,NA,NA,NA,NA,NA,NA,NA,NA,NA,NA,NA,NA,NA,NA,NA,NA,NA,NA,NA,NA,NA,NA,NA,NA,NA,NA,NA,NA,NA,NA,NA,NA,NA,NA,NA,NA,NA,NA,NA,NA,NA,NA,NA,NA,NA,NA,NA,NA,NA,NA,NA,NA,NA,NA
NA,NA,NA,NA,NA,NA,NA,NA,NA,NA,NA,NA,NA,NA,NA,NA,357,2025-05-29,14:30:03,3,3,"Smith, Danny",1000403812,Right,LAK_C,"Johnson, Trevor",815427,Left,NWL_KG,Undefined,8,Bottom,2,1,1,Undefined,Four-Seam,StrikeCalled,Undefined,Undefined,Undefined,0,0,NA,81.9248,-2.546025,0.114796,2012.965012,185.847796,12:15:00,6.21253,0.7099,6.32443,-20.51572,20.04993,1.9326,2.15663,0.97667,75.82452,-6.426692,0.464652,0.458406,NA,NA,NA,NA,NA,NA,NA,NA,NA,NA,NA,-0.98472,11.47733,-0.71919,50,6.01659,-0.30694,-119.11181,-5.82406,-1.42857,20.77736,-15.52348,NWL_KG,LAK_C,HOMERSTRYKER,NWL,NWL,20250529-HOMERSTRYKER-1,efa53290-3cba-11f0-a835-f9cb0487f947,82.22496,NA,NA,6.10029,NA,NA,NA,NA,NA,NA,45d07472-c160-48e7-9a7d-8b154baa4dec,2025-05-29,18:30:03,2025-05-29T18:30:03Z,2025-05-29T18:30:03Z,NA,v3,NA,NA,NA,"Duarte, Christian",10064346,R,LAK_C,06c70a06-75ac-4a3e-a00d-9d94fcb00ae0,54.17522,-119.83791,10.38868,6.21065,-5.28157,-7.76174,-0.70933,-0.25701,-0.71428,NA,NA,NA,NA,NA,NA,NA,NA,NA,NA,NA,NA,NA,NA,NA,NA,NA,NA,NA,NA,NA,NA,NA,NA,NA,NA,NA,NA,NA,NA,NA,NA,NA,NA,NA,NA,NA,NA,NA,NA,NA,NA,NA,NA,NA,NA,NA,NA,NA,NA,High,High,High,NA,NA,NA,NA,NA,NA,NA,NA,NA,NA,NA,NA,NA,NA,NA,NA,NA,NA,NA,NA,NA,NA,NA,NA,NA,NA,NA,NA,NA,NA,NA,NA,NA,NA,NA,NA,NA,NA,NA,NA,NA,NA,NA,NA,NA,NA,NA,NA,NA,NA,NA,NA,NA,NA,NA,NA,NA,NA
NA,NA,NA,NA,NA,NA,NA,NA,NA,NA,NA,NA,NA,NA,NA,NA,358,2025-05-29,14:30:23,3,4,"Smith, Danny",1000403812,Right,LAK_C,"Johnson, Trevor",815427,Left,NWL_KG,Undefined,8,Bottom,2,1,2,Undefined,Changeup,BallCalled,Undefined,Undefined,Undefined,0,0,NA,72.30067,1.464486,0.845786,1394.191085,141.721306,10:45:00,5.87679,1.05392,5.85163,-43.28487,10.66753,-6.97607,3.63094,1.25853,65.75737,-6.591045,-0.405273,0.52866,NA,NA,NA,NA,NA,NA,NA,NA,NA,NA,NA,3.80036,5.56725,-1.11863,50,5.97081,-1.30302,-104.88717,1.47285,4.19811,19.12933,-26.02417,NWL_KG,LAK_C,HOMERSTRYKER,NWL,NWL,20250529-HOMERSTRYKER-1,fbc0de30-3cba-11f0-a835-f9cb0487f947,71.29802,NA,NA,6.54331,NA,NA,NA,NA,NA,NA,45d07472-c160-48e7-9a7d-8b154baa4dec,2025-05-29,18:30:23,2025-05-29T18:30:23Z,2025-05-29T18:30:23Z,NA,v3,NA,NA,NA,"Duarte, Christian",10064346,R,LAK_C,8067a549-1a64-4890-a61e-131f8e8c6435,54.64393,-105.73074,9.56467,5.88056,2.62047,-13.01208,-1.05708,-1.48814,2.09906,NA,NA,NA,NA,NA,NA,NA,NA,NA,NA,NA,NA,NA,NA,NA,NA,NA,NA,NA,NA,NA,NA,NA,NA,NA,NA,NA,NA,NA,NA,NA,NA,NA,NA,NA,NA,NA,NA,NA,NA,NA,NA,NA,NA,NA,NA,NA,NA,NA,NA,High,High,High,NA,NA,NA,NA,NA,NA,NA,NA,NA,NA,NA,NA,NA,NA,NA,NA,NA,NA,NA,NA,NA,NA,NA,NA,NA,NA,NA,NA,NA,NA,NA,NA,NA,NA,NA,NA,NA,NA,NA,NA,NA,NA,NA,NA,NA,NA,NA,NA,NA,NA,NA,NA,NA,NA,NA,NA,NA,NA
NA,NA,NA,NA,NA,NA,NA,NA,NA,NA,NA,NA,NA,NA,NA,NA,359,2025-05-29,14:30:39,3,5,"Smith, Danny",1000403812,Right,LAK_C,"Johnson, Trevor",815427,Left,NWL_KG,Undefined,8,Bottom,2,2,2,Undefined,Changeup,FoulBallNotFieldable,Undefined,Undefined,Undefined,0,0,NA,81.61255,-2.829837,0.263822,2017.690999,191.246419,12:15:00,6.22783,0.4827,6.1383,-22.11017,19.26741,3.57969,1.76789,1.02483,75.26409,-6.990916,0.909692,0.462971,55.06849,52.184857,-77.047592,4364.243807,19.47431,39.34203,-108.26239,141.79375,76.11747,-79.992172,3.453447,-1.79697,11.12705,-0.5047,50,6.00039,-0.67535,-118.54977,-6.45778,-2.5699,21.61606,-16.26076,NWL_KG,LAK_C,HOMERSTRYKER,NWL,NWL,20250529-HOMERSTRYKER-1,05894b00-3cbb-11f0-a835-f9cb0487f947,81.41421,52.41088,NA,6.34845,NA,NA,NA,2.15902,1.68219,-0.91036,45d07472-c160-48e7-9a7d-8b154baa4dec,2025-05-29,18:30:39,2025-05-29T18:30:39Z,2025-05-29T18:30:39Z,Popup,v3,NA,NA,NA,"Duarte, Christian",10064346,R,LAK_C,3eaaa9b6-572c-4d68-8614-bf59a139ad20,54.36108,-119.34231,10.80803,6.22623,-5.86159,-8.13038,-0.48167,-0.58112,-1.28495,138.071214,2.15953,11.0821,-3.23119,0.68228,0.22716,-0.23771,0.07838,-0.01097,5.2e-4,1.6823,63.80237,-22.49127,1.99618,-0.37998,0.07021,-0.02619,0.0073,-7.3e-4,-0.91043,-48.26054,3.06403,-0.4945,0.29424,-0.23164,0.10669,-0.02296,0.00184,NA,NA,NA,NA,NA,NA,NA,NA,NA,NA,NA,NA,NA,NA,NA,NA,NA,NA,NA,NA,NA,NA,High,High,High,High,Medium,NA,NA,NA,NA,NA,NA,NA,NA,NA,NA,NA,NA,NA,NA,NA,NA,NA,NA,NA,NA,NA,NA,NA,NA,NA,NA,NA,NA,NA,NA,NA,NA,NA,NA,NA,NA,NA,NA,NA,NA,NA,NA,NA,NA,NA,NA,NA,NA,NA,NA,NA,NA,NA,NA,NA,NA
NA,NA,NA,NA,NA,NA,NA,NA,NA,NA,NA,NA,NA,NA,NA,NA,360,2025-05-29,14:31:03,3,6,"Smith, Danny",1000403812,Right,LAK_C,"Johnson, Trevor",815427,Left,NWL_KG,Undefined,8,Bottom,2,2,2,Undefined,Cutter,BallCalled,Undefined,Undefined,Undefined,0,0,NA,81.76354,-1.05396,1.334033,1998.412468,169.78447,11:45:00,6.33581,0.4616,6.18759,-18.55981,23.30308,-3.92732,3.81565,1.36628,73.77212,-4.654711,0.625559,0.465678,NA,NA,NA,NA,NA,NA,NA,NA,NA,NA,NA,2.43461,12.78394,-0.56037,50,6.24668,-2.60943,-118.59676,-2.60444,3.42012,25.57357,-14.21537,NWL_KG,LAK_C,HOMERSTRYKER,NWL,NWL,20250529-HOMERSTRYKER-1,135788a0-3cbb-11f0-a835-f9cb0487f947,80.94093,NA,NA,7.99142,NA,NA,NA,NA,NA,NA,45d07472-c160-48e7-9a7d-8b154baa4dec,2025-05-29,18:31:03,2025-05-29T18:31:03Z,2025-05-29T18:31:03Z,NA,v3,NA,NA,NA,"Duarte, Christian",10064346,R,LAK_C,dea91728-d6b6-4c98-9d7a-62593cbaeede,54.30604,-119.52168,12.78679,6.33158,-2.09031,-7.10769,-0.46376,-2.73313,1.71006,NA,NA,NA,NA,NA,NA,NA,NA,NA,NA,NA,NA,NA,NA,NA,NA,NA,NA,NA,NA,NA,NA,NA,NA,NA,NA,NA,NA,NA,NA,NA,NA,NA,NA,NA,NA,NA,NA,NA,NA,NA,NA,NA,NA,NA,NA,NA,NA,NA,NA,High,High,High,NA,NA,NA,NA,NA,NA,NA,NA,NA,NA,NA,NA,NA,NA,NA,NA,NA,NA,NA,NA,NA,NA,NA,NA,NA,NA,NA,NA,NA,NA,NA,NA,NA,NA,NA,NA,NA,NA,NA,NA,NA,NA,NA,NA,NA,NA,NA,NA,NA,NA,NA,NA,NA,NA,NA,NA,NA,NA
NA,NA,NA,NA,NA,NA,NA,NA,NA,NA,NA,NA,NA,NA,NA,NA,361,2025-05-29,14:31:22,3,7,"Smith, Danny",1000403812,Right,LAK_C,"Johnson, Trevor",815427,Left,NWL_KG,Undefined,8,Bottom,2,3,2,Undefined,Slider,BallCalled,Walk,Undefined,Undefined,0,0,NA,79.56001,-3.317284,-0.96708,2099.979877,166.956354,11:30:00,6.03521,0.76686,6.53845,-21.52891,22.13359,-4.76236,1.1947,-0.51709,72.22965,-7.449415,-1.832483,0.475582,NA,NA,NA,NA,NA,NA,NA,NA,NA,NA,NA,2.1926,13.12918,-0.69801,50,5.79571,2.11251,-115.36227,-7.17098,2.91604,24.08785,-14.71284,NWL_KG,LAK_C,HOMERSTRYKER,NWL,NWL,20250529-HOMERSTRYKER-1,1e900030-3cbb-11f0-a835-f9cb0487f947,79.25534,NA,NA,7.33035,NA,NA,NA,NA,NA,NA,45d07472-c160-48e7-9a7d-8b154baa4dec,2025-05-29,18:31:22,2025-05-29T18:31:22Z,2025-05-29T18:31:22Z,NA,v3,NA,NA,NA,"Duarte, Christian",10064346,R,LAK_C,d9603bbd-42ca-47cb-af81-6a0444a05418,53.95762,-116.18569,12.04393,6.03224,-6.66804,-7.35642,-0.76852,2.01283,1.45802,NA,NA,NA,NA,NA,NA,NA,NA,NA,NA,NA,NA,NA,NA,NA,NA,NA,NA,NA,NA,NA,NA,NA,NA,NA,NA,NA,NA,NA,NA,NA,NA,NA,NA,NA,NA,NA,NA,NA,NA,NA,NA,NA,NA,NA,NA,NA,NA,NA,NA,High,High,High,NA,NA,NA,NA,NA,NA,NA,NA,NA,NA,NA,NA,NA,NA,NA,NA,NA,NA,NA,NA,NA,NA,NA,NA,NA,NA,NA,NA,NA,NA,NA,NA,NA,NA,NA,NA,NA,NA,NA,NA,NA,NA,NA,NA,NA,NA,NA,NA,NA,NA,NA,NA,NA,NA,NA,NA,NA,NA
NA,NA,NA,NA,NA,NA,NA,NA,NA,NA,NA,NA,NA,NA,NA,NA,362,2025-05-29,14:31:55,4,1,"Smith, Danny",1000403812,Right,LAK_C,"Sprockett, Michael",1000119908,Left,NWL_KG,Undefined,8,Bottom,2,0,0,Undefined,Slider,InPlay,Undefined,FlyBall,Out,1,0,NA,79.34686,-2.254402,-0.00351,1979.715015,167.874961,11:30:00,6.22354,0.43522,6.31469,-21.92863,22.25733,-4.44134,2.31856,0.06188,71.92366,-6.461904,-0.807302,0.478425,78.29618,60.443316,-20.115959,NA,91.54978,120.16601,-60.98032,173.84796,172.88397,-35.437932000000004,5.586855,2.31843,12.77064,-0.4329,50,6.04803,0.16416,-115.13761,-5.05274,3.07128,23.99984,-15.2564,NWL_KG,LAK_C,HOMERSTRYKER,NWL,NWL,20250529-HOMERSTRYKER-1,3279a830-3cbb-11f0-a835-f9cb0487f947,78.78449,123.19339,NA,7.4232,NA,NA,NA,1.8706,2.50634,-0.0562,45d07472-c160-48e7-9a7d-8b154baa4dec,2025-05-29,18:31:55,2025-05-29T18:31:55Z,2025-05-29T18:31:55Z,Popup,v3,NA,NA,NA,"Duarte, Christian",10064346,R,LAK_C,3a77a08a-dfe9-4f89-bd69-9959b6e02365,54.18198,-116.00604,11.99992,6.22088,-4.50069,-7.6282,-0.43683,0.05302,1.53564,160.990941,1.84965,53.54184,-18.65524,7.20567,-2.29212,0.51947,-0.06693,0.00378,-4e-5,2.47784,100.44408,-27.5987,5.95784,-2.93478,1.08255,-0.2292,0.0247,-0.00106,-0.06946,-19.24849,-2.53648,2.44708,-1.2388,0.39285,-0.07215,0.00691,-2.7e-4,NA,NA,NA,NA,NA,NA,NA,NA,NA,NA,NA,NA,NA,NA,NA,NA,NA,NA,NA,NA,NA,NA,High,High,High,High,Medium,NA,NA,NA,NA,NA,NA,NA,NA,NA,NA,NA,NA,NA,NA,NA,NA,NA,NA,NA,NA,NA,NA,NA,NA,NA,NA,NA,NA,NA,NA,NA,NA,NA,NA,NA,NA,NA,NA,NA,NA,NA,NA,NA,NA,NA,NA,NA,NA,NA,NA,NA,NA,NA,NA,NA,NA
NA,NA,NA,NA,NA,NA,NA,NA,NA,NA,NA,NA,NA,NA,NA,NA,363,2025-05-29,14:34:37,1,1,"Tober, Donald",1000356037,Right,NWL_KG,"Kowes, Jacob",1000336232,Left,LAK_C,Undefined,9,Top,0,0,0,Undefined,Four-Seam,BallCalled,Undefined,Undefined,Undefined,0,0,NA,94.32121,-3.929408,-2.557625,2274.033883,205.704531,12:45:00,5.76032,0.97206,6.58063,-9.34871,21.40537,9.81666,1.37088,-0.5554,86.10967,-5.788833,-0.775257,0.399138,NA,NA,NA,NA,NA,NA,NA,NA,NA,NA,NA,-5.88398,12.66961,-0.80048,50,5.48599,5.71188,-136.75221,-9.57282,-11.12557,30.58328,-8.21806,NWL_KG,LAK_C,HOMERSTRYKER,NWL,NWL,20250529-HOMERSTRYKER-1,933b66e0-3cbb-11f0-a835-f9cb0487f947,94.43467,NA,NA,8.21154,NA,NA,NA,NA,NA,NA,45d07472-c160-48e7-9a7d-8b154baa4dec,2025-05-29,18:34:37,2025-05-29T18:34:37Z,2025-05-29T18:34:37Z,NA,v3,NA,NA,NA,"Garner, Coleman",90000255834,Right,NWL_KG,3e43c11c-9eb3-48eb-a198-dad8b0b14d6e,53.91827,-137.6257,15.29164,5.75605,-9.3381,-4.10903,-0.96816,6.02964,-5.56279,NA,NA,NA,NA,NA,NA,NA,NA,NA,NA,NA,NA,NA,NA,NA,NA,NA,NA,NA,NA,NA,NA,NA,NA,NA,NA,NA,NA,NA,NA,NA,NA,NA,NA,NA,NA,NA,NA,NA,NA,NA,NA,NA,NA,NA,NA,NA,NA,NA,NA,High,High,High,NA,NA,NA,NA,NA,NA,NA,NA,NA,NA,NA,NA,NA,NA,NA,NA,NA,NA,NA,NA,NA,NA,NA,NA,NA,NA,NA,NA,NA,NA,NA,NA,NA,NA,NA,NA,NA,NA,NA,NA,NA,NA,NA,NA,NA,NA,NA,NA,NA,NA,NA,NA,NA,NA,NA,NA,NA,NA
NA,NA,NA,NA,NA,NA,NA,NA,NA,NA,NA,NA,NA,NA,NA,NA,364,2025-05-29,14:34:50,1,2,"Tober, Donald",1000356037,Right,NWL_KG,"Kowes, Jacob",1000336232,Left,LAK_C,Undefined,9,Top,0,1,0,Undefined,Four-Seam,BallCalled,Undefined,Undefined,Undefined,0,0,NA,94.27935,-3.003188,-4.754251,2367.421568,204.473552,12:45:00,5.75631,0.96164,6.58966,-9.90205,20.88458,9.05603,2.16728,-2.65004,86.15837,-4.964343,-3.116831,0.399349,NA,NA,NA,NA,NA,NA,NA,NA,NA,NA,NA,-6.1728,12.21481,-0.63977,50,5.54593,11.01212,-136.56288,-7.40175,-11.6562,30.09147,-9.10855,NWL_KG,LAK_C,HOMERSTRYKER,NWL,NWL,20250529-HOMERSTRYKER-1,9a9fcc00-3cbb-11f0-a835-f9cb0487f947,94.38474,NA,NA,8.12098,NA,NA,NA,NA,NA,NA,45d07472-c160-48e7-9a7d-8b154baa4dec,2025-05-29,18:34:50,2025-05-29T18:34:50Z,2025-05-29T18:34:50Z,NA,v3,NA,NA,NA,"Garner, Coleman",90000255834,Right,NWL_KG,0feaed34-bd53-480b-92a4-daa2b26a0c01,53.91175,-137.42213,15.04574,5.75357,-7.14166,-4.55428,-0.95897,11.34496,-5.8281,NA,NA,NA,NA,NA,NA,NA,NA,NA,NA,NA,NA,NA,NA,NA,NA,NA,NA,NA,NA,NA,NA,NA,NA,NA,NA,NA,NA,NA,NA,NA,NA,NA,NA,NA,NA,NA,NA,NA,NA,NA,NA,NA,NA,NA,NA,NA,NA,NA,NA,High,High,High,NA,NA,NA,NA,NA,NA,NA,NA,NA,NA,NA,NA,NA,NA,NA,NA,NA,NA,NA,NA,NA,NA,NA,NA,NA,NA,NA,NA,NA,NA,NA,NA,NA,NA,NA,NA,NA,NA,NA,NA,NA,NA,NA,NA,NA,NA,NA,NA,NA,NA,NA,NA,NA,NA,NA,NA,NA,NA
NA,NA,NA,NA,NA,NA,NA,NA,NA,NA,NA,NA,NA,NA,NA,NA,365,2025-05-29,14:35:09,1,3,"Tober, Donald",1000356037,Right,NWL_KG,"Kowes, Jacob",1000336232,Left,LAK_C,Undefined,9,Top,0,2,0,Undefined,Four-Seam,FoulBallNotFieldable,Undefined,Undefined,Undefined,0,0,NA,92.18204,-2.174194,-1.019898,2194.416378,205.373987,12:45:00,5.76279,1.20945,6.33289,-13.4091,19.01277,8.51382,2.64212,0.97973,84.02809,-4.773782,0.520886,0.409817,83.8388,37.726165,-29.639846,NA,89.15178,71.04158,-64.43559,290.36086,161.97489,-43.63521,4.795794,-4.72673,10.84548,-1.13899,50,5.59773,2.03334,-133.88857,-5.41802,-8.54995,29.8524,-12.55615,NWL_KG,LAK_C,HOMERSTRYKER,NWL,NWL,20250529-HOMERSTRYKER-1,a60d3640-3cbb-11f0-a835-f9cb0487f947,91.97377,82.27045,NA,8.15395,NA,NA,NA,0.60128,2.58475,-0.93463,45d07472-c160-48e7-9a7d-8b154baa4dec,2025-05-29,18:35:09,2025-05-29T18:35:09Z,2025-05-29T18:35:09Z,FlyBall,v3,NA,NA,NA,"Garner, Coleman",90000255834,Right,NWL_KG,d22fa38a-6d84-4888-b88a-16c1d70c006b,54.16521,-134.81406,14.9262,5.75967,-5.02875,-6.27807,-1.20613,2.29841,-4.27497,142.811237,0.60651,84.41998,-19.42656,4.15416,-0.39035,-0.08159,0.02728,-0.00222,2e-5,2.58532,75.21847,-20.0871,1.17663,0.13582,-0.18302,0.06426,-0.00993,5.7e-4,-0.9357,-48.07384,0.90906,0.68728,-0.38439,0.1378,-0.03227,0.00412,-2.1e-4,NA,NA,NA,NA,NA,NA,NA,NA,NA,NA,NA,NA,NA,NA,NA,NA,NA,NA,NA,NA,NA,NA,High,High,High,High,Low,NA,NA,NA,NA,NA,NA,NA,NA,NA,NA,NA,NA,NA,NA,NA,NA,NA,NA,NA,NA,NA,NA,NA,NA,NA,NA,NA,NA,NA,NA,NA,NA,NA,NA,NA,NA,NA,NA,NA,NA,NA,NA,NA,NA,NA,NA,NA,NA,NA,NA,NA,NA,NA,NA,NA,NA
NA,NA,NA,NA,NA,NA,NA,NA,NA,NA,NA,NA,NA,NA,NA,NA,366,2025-05-29,14:35:52,1,4,"Tober, Donald",1000356037,Right,NWL_KG,"Kowes, Jacob",1000336232,Left,LAK_C,Undefined,9,Top,0,2,1,Undefined,Four-Seam,FoulBallNotFieldable,Undefined,Undefined,Undefined,0,0,NA,93.81569,-3.708803,-1.966541,2289.498536,206.054669,12:45:00,5.70627,0.8827,6.50487,-10.54075,20.6782,9.59808,1.41724,-0.12302,85.47211,-5.786767,-0.22506,0.402143,NA,NA,NA,NA,NA,NA,NA,NA,NA,NA,NA,-5.62914,12.25851,-0.74932,50,5.44189,4.28652,-136.06987,-9.04793,-10.50544,31.13282,-9.29647,NWL_KG,LAK_C,HOMERSTRYKER,NWL,NWL,20250529-HOMERSTRYKER-1,c005ec90-3cbb-11f0-a835-f9cb0487f947,93.72894,NA,NA,8.34358,NA,NA,NA,NA,NA,NA,45d07472-c160-48e7-9a7d-8b154baa4dec,2025-05-29,18:35:52,2025-05-29T18:35:52Z,2025-05-29T18:35:52Z,NA,v3,NA,NA,NA,"Garner, Coleman",90000255834,Right,NWL_KG,972539ff-20d4-4c34-900a-d7898fcd85b6,53.99432,-136.98072,15.56641,5.70262,-8.77594,-4.64824,-0.87923,4.59387,-5.25272,NA,NA,NA,NA,NA,NA,NA,NA,NA,NA,NA,NA,NA,NA,NA,NA,NA,NA,NA,NA,NA,NA,NA,NA,NA,NA,NA,NA,NA,NA,NA,NA,NA,NA,NA,NA,NA,NA,NA,NA,NA,NA,NA,NA,NA,NA,NA,NA,NA,NA,High,High,High,NA,NA,NA,NA,NA,NA,NA,NA,NA,NA,NA,NA,NA,NA,NA,NA,NA,NA,NA,NA,NA,NA,NA,NA,NA,NA,NA,NA,NA,NA,NA,NA,NA,NA,NA,NA,NA,NA,NA,NA,NA,NA,NA,NA,NA,NA,NA,NA,NA,NA,NA,NA,NA,NA,NA,NA,NA,NA
NA,NA,NA,NA,NA,NA,NA,NA,NA,NA,NA,NA,NA,NA,NA,NA,367,2025-05-29,14:36:36,1,5,"Tober, Donald",1000356037,Right,NWL_KG,"Kowes, Jacob",1000336232,Left,LAK_C,Undefined,9,Top,0,2,2,Undefined,Four-Seam,BallCalled,Undefined,Undefined,Undefined,0,0,NA,93.52906,-0.472221,-2.421455,2282.02834,207.397341,01:00:00,5.63585,1.05013,6.50393,-13.95375,17.29379,8.44638,4.03923,-0.46974,85.21851,-3.178912,-0.889828,0.402327,NA,NA,NA,NA,NA,NA,NA,NA,NA,NA,NA,-5.07831,9.4706,-0.88407,50,5.59628,5.39387,-135.87258,-1.46746,-9.47722,30.24454,-14.49989,NWL_KG,LAK_C,HOMERSTRYKER,NWL,NWL,20250529-HOMERSTRYKER-1,d9f86150-3cbb-11f0-a835-f9cb0487f947,93.68602,NA,NA,8.31055,NA,NA,NA,NA,NA,NA,45d07472-c160-48e7-9a7d-8b154baa4dec,2025-05-29,18:36:36,2025-05-29T18:36:36Z,2025-05-29T18:36:36Z,NA,v3,NA,NA,NA,"Garner, Coleman",90000255834,Right,NWL_KG,ffd80c76-e2f4-4cad-9c6b-1e023763fbd0,53.99319,-136.75855,15.12227,5.63305,-1.04271,-7.24994,-1.04615,5.67149,-4.73861,NA,NA,NA,NA,NA,NA,NA,NA,NA,NA,NA,NA,NA,NA,NA,NA,NA,NA,NA,NA,NA,NA,NA,NA,NA,NA,NA,NA,NA,NA,NA,NA,NA,NA,NA,NA,NA,NA,NA,NA,NA,NA,NA,NA,NA,NA,NA,NA,NA,NA,High,High,High,NA,NA,NA,NA,NA,NA,NA,NA,NA,NA,NA,NA,NA,NA,NA,NA,NA,NA,NA,NA,NA,NA,NA,NA,NA,NA,NA,NA,NA,NA,NA,NA,NA,NA,NA,NA,NA,NA,NA,NA,NA,NA,NA,NA,NA,NA,NA,NA,NA,NA,NA,NA,NA,NA,NA,NA,NA,NA
NA,NA,NA,NA,NA,NA,NA,NA,NA,NA,NA,NA,NA,NA,NA,NA,368,2025-05-29,14:36:52,1,6,"Tober, Donald",1000356037,Right,NWL_KG,"Kowes, Jacob",1000336232,Left,LAK_C,Undefined,9,Top,0,3,2,Undefined,Four-Seam,BallCalled,Walk,Undefined,Undefined,0,0,NA,93.86706,-1.164349,-2.616676,2244.199228,200.375583,12:45:00,5.72105,0.96874,6.54851,-12.40485,18.65044,6.54914,3.61832,-0.88671,85.37812,-3.592671,-1.428498,0.401088,NA,NA,NA,NA,NA,NA,NA,NA,NA,NA,NA,-4.17406,10.40473,-0.79028,50,5.6347,5.9577,-136.303,-3.05407,-7.82054,31.09769,-12.67959,NWL_KG,LAK_C,HOMERSTRYKER,NWL,NWL,20250529-HOMERSTRYKER-1,e3bc8860-3cbb-11f0-a835-f9cb0487f947,93.97558,NA,NA,8.48894,NA,NA,NA,NA,NA,NA,45d07472-c160-48e7-9a7d-8b154baa4dec,2025-05-29,18:36:52,2025-05-29T18:36:52Z,2025-05-29T18:36:52Z,NA,v3,NA,NA,NA,"Garner, Coleman",90000255834,Right,NWL_KG,aca5b232-7ab7-4645-922d-53bdd7e1af1a,53.94847,-137.20089,15.54885,5.7176,-2.68796,-6.3398,-0.96556,6.1835,-3.91027,NA,NA,NA,NA,NA,NA,NA,NA,NA,NA,NA,NA,NA,NA,NA,NA,NA,NA,NA,NA,NA,NA,NA,NA,NA,NA,NA,NA,NA,NA,NA,NA,NA,NA,NA,NA,NA,NA,NA,NA,NA,NA,NA,NA,NA,NA,NA,NA,NA,NA,High,High,High,NA,NA,NA,NA,NA,NA,NA,NA,NA,NA,NA,NA,NA,NA,NA,NA,NA,NA,NA,NA,NA,NA,NA,NA,NA,NA,NA,NA,NA,NA,NA,NA,NA,NA,NA,NA,NA,NA,NA,NA,NA,NA,NA,NA,NA,NA,NA,NA,NA,NA,NA,NA,NA,NA,NA,NA,NA,NA
NA,NA,NA,NA,NA,NA,NA,NA,NA,NA,NA,NA,NA,NA,NA,NA,369,2025-05-29,14:37:21,2,1,"Tober, Donald",1000356037,Right,NWL_KG,"Sacchetti, Anthony",10006255,Right,LAK_C,Undefined,9,Top,0,0,0,Undefined,Four-Seam,InPlay,Undefined,FlyBall,Single,0,0,NA,93.01513,-2.21105,-1.42268,2279.070796,212.926228,01:00:00,5.70303,1.00947,6.44353,-14.36662,17.28564,10.5363,2.47256,0.57999,84.97384,-4.980544,0.488048,0.404924,79.70136,39.190232,4.037367,NA,108.79098,76.2466,16.26388,230.34328,205.32485,14.032376,5.061054,-5.94729,9.99485,-0.91318,50,5.5395,2.93504,-135.14815,-5.59768,-10.97884,29.97404,-13.72335,NWL_KG,LAK_C,HOMERSTRYKER,NWL,NWL,20250529-HOMERSTRYKER-1,f4f1e5d0-3cbb-11f0-a835-f9cb0487f947,93.08518,83.48557,NA,8.04128,NA,NA,NA,2.34868,2.58718,-0.56445,45d07472-c160-48e7-9a7d-8b154baa4dec,2025-05-29,18:37:21,2025-05-29T18:37:21Z,2025-05-29T18:37:21Z,FlyBall,v3,NA,NA,NA,"Garner, Coleman",90000255834,Right,NWL_KG,aac7b66d-cae6-485f-9c19-212c3a16e374,54.056,-136.04474,14.98702,5.7008,-5.18719,-6.86167,-1.00588,3.26344,-5.48942,205.415646,2.35628,90.2153,-20.25879,3.85845,-0.14463,-0.20795,0.06108,-0.00659,2.4e-4,2.58636,73.88017,-19.18037,1.17503,-0.01275,-0.06918,0.02973,-0.00499,2.9e-4,-0.56281,6.34121,5.37804,-2.92146,1.12511,-0.34678,0.07595,-0.00951,4.9e-4,NA,NA,NA,NA,NA,NA,NA,NA,NA,NA,NA,NA,NA,NA,NA,NA,NA,NA,NA,NA,NA,NA,High,High,High,High,Medium,NA,NA,NA,NA,NA,NA,NA,NA,NA,NA,NA,NA,NA,NA,NA,NA,NA,NA,NA,NA,NA,NA,NA,NA,NA,NA,NA,NA,NA,NA,NA,NA,NA,NA,NA,NA,NA,NA,NA,NA,NA,NA,NA,NA,NA,NA,NA,NA,NA,NA,NA,NA,NA,NA,NA,NA
NA,NA,NA,NA,NA,NA,NA,NA,NA,NA,NA,NA,NA,NA,NA,NA,370,2025-05-29,14:38:06,3,1,"Tober, Donald",1000356037,Right,NWL_KG,"Rasmussen, Brody",1000396940,Right,LAK_C,Undefined,9,Top,0,0,0,Undefined,Four-Seam,BallCalled,Undefined,Undefined,Undefined,0,0,NA,92.79174,-0.853769,-1.720378,2250.338764,216.415383,01:15:00,5.79219,0.8899,6.39931,-15.203430000000001,16.63946,11.5254,3.73968,0.26778,84.63161,-3.782186,0.367338,0.406142,NA,NA,NA,NA,NA,NA,NA,NA,NA,NA,NA,-6.46528,9.21508,-0.77131,50,5.72365,3.56881,-134.84261,-2.4138,-11.88564,29.73508,-15.2332,NWL_KG,LAK_C,HOMERSTRYKER,NWL,NWL,20250529-HOMERSTRYKER-1,0fcb3820-3cbc-11f0-a835-f9cb0487f947,92.80612,NA,NA,8.16014,NA,NA,NA,NA,NA,NA,45d07472-c160-48e7-9a7d-8b154baa4dec,2025-05-29,18:38:06,2025-05-29T18:38:06Z,2025-05-29T18:38:06Z,NA,v3,NA,NA,NA,"Garner, Coleman",90000255834,Right,NWL_KG,ccf0201e-8fe4-48b1-afc9-729e66c60bd4,54.09828,-135.74334,14.86754,5.78977,-1.95236,-7.6166,-0.88487,3.92885,-5.94282,NA,NA,NA,NA,NA,NA,NA,NA,NA,NA,NA,NA,NA,NA,NA,NA,NA,NA,NA,NA,NA,NA,NA,NA,NA,NA,NA,NA,NA,NA,NA,NA,NA,NA,NA,NA,NA,NA,NA,NA,NA,NA,NA,NA,NA,NA,NA,NA,NA,NA,High,High,High,NA,NA,NA,NA,NA,NA,NA,NA,NA,NA,NA,NA,NA,NA,NA,NA,NA,NA,NA,NA,NA,NA,NA,NA,NA,NA,NA,NA,NA,NA,NA,NA,NA,NA,NA,NA,NA,NA,NA,NA,NA,NA,NA,NA,NA,NA,NA,NA,NA,NA,NA,NA,NA,NA,NA,NA,NA,NA
NA,NA,NA,NA,NA,NA,NA,NA,NA,NA,NA,NA,NA,NA,NA,NA,371,2025-05-29,14:38:22,3,2,"Tober, Donald",1000356037,Right,NWL_KG,"Rasmussen, Brody",1000396940,Right,LAK_C,Undefined,9,Top,0,1,0,Undefined,Four-Seam,StrikeCalled,Undefined,Undefined,Undefined,0,0,NA,92.99597,-1.885845,-2.274495,2222.031913,199.201162,12:45:00,5.89317,0.80136,6.62476,-11.78713,19.91529,6.55516,3.18208,-0.73619,84.23847,-4.215321,-1.082977,0.405245,NA,NA,NA,NA,NA,NA,NA,NA,NA,NA,NA,-4.10851,11.33249,-0.6494,50,5.75972,5.0906,-134.9737,-4.68255,-7.51098,31.84642,-11.45655,NWL_KG,LAK_C,HOMERSTRYKER,NWL,NWL,20250529-HOMERSTRYKER-1,194b7860-3cbc-11f0-a835-f9cb0487f947,93.01153,NA,NA,8.7575,NA,NA,NA,NA,NA,NA,45d07472-c160-48e7-9a7d-8b154baa4dec,2025-05-29,18:38:22,2025-05-29T18:38:22Z,2025-05-29T18:38:22Z,NA,v3,NA,NA,NA,"Garner, Coleman",90000255834,Right,NWL_KG,92379a7b-1127-466e-9a1f-596ff1459ea7,53.87105,-135.88399,15.92321,5.88888,-4.35508,-5.72827,-0.79798,5.30529,-3.75549,NA,NA,NA,NA,NA,NA,NA,NA,NA,NA,NA,NA,NA,NA,NA,NA,NA,NA,NA,NA,NA,NA,NA,NA,NA,NA,NA,NA,NA,NA,NA,NA,NA,NA,NA,NA,NA,NA,NA,NA,NA,NA,NA,NA,NA,NA,NA,NA,NA,NA,High,High,High,NA,NA,NA,NA,NA,NA,NA,NA,NA,NA,NA,NA,NA,NA,NA,NA,NA,NA,NA,NA,NA,NA,NA,NA,NA,NA,NA,NA,NA,NA,NA,NA,NA,NA,NA,NA,NA,NA,NA,NA,NA,NA,NA,NA,NA,NA,NA,NA,NA,NA,NA,NA,NA,NA,NA,NA,NA,NA
NA,NA,NA,NA,NA,NA,NA,NA,NA,NA,NA,NA,NA,NA,NA,NA,372,2025-05-29,14:38:37,3,3,"Tober, Donald",1000356037,Right,NWL_KG,"Rasmussen, Brody",1000396940,Right,LAK_C,Undefined,9,Top,0,1,1,Undefined,Four-Seam,BallCalled,Undefined,Undefined,Undefined,0,0,NA,93.09097,-0.857947,-3.024411,2295.406248,211.078805,01:00:00,5.79045,1.03616,6.59126,-14.94643,16.33733,9.27701,3.75765,-0.96452,85.33946,-3.736316,-1.340535,0.40256,NA,NA,NA,NA,NA,NA,NA,NA,NA,NA,NA,-5.66315,9.10012,-0.83272,50,5.72507,6.77378,-135.26451,-2.41349,-10.53818,28.29401,-15.24029,NWL_KG,LAK_C,HOMERSTRYKER,NWL,NWL,20250529-HOMERSTRYKER-1,2269e990-3cbc-11f0-a835-f9cb0487f947,93.63181,NA,NA,7.75151,NA,NA,NA,NA,NA,NA,45d07472-c160-48e7-9a7d-8b154baa4dec,2025-05-29,18:38:37,2025-05-29T18:38:37Z,2025-05-29T18:38:37Z,NA,v3,NA,NA,NA,"Garner, Coleman",90000255834,Right,NWL_KG,be11d46c-2b26-4c0c-b015-44f59616ce7e,53.90729,-136.07936,14.14701,5.78825,-1.97458,-7.62014,-1.03217,7.07728,-5.26909,NA,NA,NA,NA,NA,NA,NA,NA,NA,NA,NA,NA,NA,NA,NA,NA,NA,NA,NA,NA,NA,NA,NA,NA,NA,NA,NA,NA,NA,NA,NA,NA,NA,NA,NA,NA,NA,NA,NA,NA,NA,NA,NA,NA,NA,NA,NA,NA,NA,NA,High,High,High,NA,NA,NA,NA,NA,NA,NA,NA,NA,NA,NA,NA,NA,NA,NA,NA,NA,NA,NA,NA,NA,NA,NA,NA,NA,NA,NA,NA,NA,NA,NA,NA,NA,NA,NA,NA,NA,NA,NA,NA,NA,NA,NA,NA,NA,NA,NA,NA,NA,NA,NA,NA,NA,NA,NA,NA,NA,NA
NA,NA,NA,NA,NA,NA,NA,NA,NA,NA,NA,NA,NA,NA,NA,NA,373,2025-05-29,14:38:53,3,4,"Tober, Donald",1000356037,Right,NWL_KG,"Rasmussen, Brody",1000396940,Right,LAK_C,Undefined,9,Top,0,2,1,Undefined,Four-Seam,StrikeSwinging,Undefined,Undefined,Undefined,0,0,NA,93.0321,-2.020109,-1.873986,2294.84871,200.805202,12:45:00,5.76105,0.77261,6.59595,-12.48198,19.02363,6.83922,2.86832,-0.375,84.8184,-4.460315,-0.630885,0.403985,NA,NA,NA,NA,NA,NA,NA,NA,NA,NA,NA,-4.11937,10.87607,-0.64717,50,5.6173400000000004,4.14546,-135.14011,-5.04903,-7.59686,30.21123,-12.11659,NWL_KG,LAK_C,HOMERSTRYKER,NWL,NWL,20250529-HOMERSTRYKER-1,2ba8db10-3cbc-11f0-a835-f9cb0487f947,93.30156,NA,NA,8.21369,NA,NA,NA,NA,NA,NA,45d07472-c160-48e7-9a7d-8b154baa4dec,2025-05-29,18:38:53,2025-05-29T18:38:53Z,2025-05-29T18:38:53Z,NA,v3,NA,NA,NA,"Garner, Coleman",90000255834,Right,NWL_KG,cd52303d-f29d-400d-ba02-e7fa53dab2cb,53.9017,-136.00956,15.10561,5.75763,-4.70032,-6.05829,-0.76961,4.36408,-3.79843,NA,NA,NA,NA,NA,NA,NA,NA,NA,NA,NA,NA,NA,NA,NA,NA,NA,NA,NA,NA,NA,NA,NA,NA,NA,NA,NA,NA,NA,NA,NA,NA,NA,NA,NA,NA,NA,NA,NA,NA,NA,NA,NA,NA,NA,NA,NA,NA,NA,NA,High,High,High,NA,NA,NA,NA,NA,NA,NA,NA,NA,NA,NA,NA,NA,NA,NA,NA,NA,NA,NA,NA,NA,NA,NA,NA,NA,NA,NA,NA,NA,NA,NA,NA,NA,NA,NA,NA,NA,NA,NA,NA,NA,NA,NA,NA,NA,NA,NA,NA,NA,NA,NA,NA,NA,NA,NA,NA,NA,NA
NA,NA,NA,NA,NA,NA,NA,NA,NA,NA,NA,NA,NA,NA,NA,NA,374,2025-05-29,14:39:14,3,5,"Tober, Donald",1000356037,Right,NWL_KG,"Rasmussen, Brody",1000396940,Right,LAK_C,Undefined,9,Top,0,2,2,Undefined,Four-Seam,BallCalled,Undefined,Undefined,Undefined,0,0,NA,93.40373,-3.030712,-2.501052,2270.119074,188.935512,12:15:00,5.82787,0.5887,6.60416,-12.22103,18.96962,2.82835,2.02793,-1.46814,85.57589,-5.406597,-1.987339,0.401961,NA,NA,NA,NA,NA,NA,NA,NA,NA,NA,NA,-2.16268,11.08918,-0.41926,50,5.61542,5.80695,-135.56356,-7.45981,-4.03206,29.11789,-11.49963,NWL_KG,LAK_C,HOMERSTRYKER,NWL,NWL,20250529-HOMERSTRYKER-1,3839b6b0-3cbc-11f0-a835-f9cb0487f947,93.77148,NA,NA,7.82784,NA,NA,NA,NA,NA,NA,45d07472-c160-48e7-9a7d-8b154baa4dec,2025-05-29,18:39:14,2025-05-29T18:39:14Z,2025-05-29T18:39:14Z,NA,v3,NA,NA,NA,"Garner, Coleman",90000255834,Right,NWL_KG,374f4c2d-3359-4924-ac99-d37f4e8ee5cb,53.89357,-136.39731,14.55895,5.8243,-7.13054,-5.74981,-0.58719,5.9224,-2.01603,NA,NA,NA,NA,NA,NA,NA,NA,NA,NA,NA,NA,NA,NA,NA,NA,NA,NA,NA,NA,NA,NA,NA,NA,NA,NA,NA,NA,NA,NA,NA,NA,NA,NA,NA,NA,NA,NA,NA,NA,NA,NA,NA,NA,NA,NA,NA,NA,NA,NA,High,High,High,NA,NA,NA,NA,NA,NA,NA,NA,NA,NA,NA,NA,NA,NA,NA,NA,NA,NA,NA,NA,NA,NA,NA,NA,NA,NA,NA,NA,NA,NA,NA,NA,NA,NA,NA,NA,NA,NA,NA,NA,NA,NA,NA,NA,NA,NA,NA,NA,NA,NA,NA,NA,NA,NA,NA,NA,NA,NA
NA,NA,NA,NA,NA,NA,NA,NA,NA,NA,NA,NA,NA,NA,NA,NA,375,2025-05-29,14:39:33,3,6,"Tober, Donald",1000356037,Right,NWL_KG,"Rasmussen, Brody",1000396940,Right,LAK_C,Undefined,9,Top,0,3,2,Undefined,Four-Seam,FoulBallNotFieldable,Undefined,Undefined,Undefined,0,0,NA,93.10196,-1.86161,-3.281713,2255.751547,202.223549,12:45:00,5.46459,1.10076,6.73093,-12.8591,18.52111,7.1465,2.6884,-1.30593,84.77843,-4.377874,-1.981909,0.40318,71.90551,22.917506,39.988572,4314.99305,75.68615,27.26543,79.82177,194.08222,186.57228,51.360962,2.695335,-4.72914,10.63989,-0.88673,50,5.33621,7.4691,-135.13688,-4.68634,-8.71024,30.55299,-12.57729,NWL_KG,LAK_C,HOMERSTRYKER,NWL,NWL,20250529-HOMERSTRYKER-1,437821b0-3cbc-11f0-a835-f9cb0487f947,93.48776,27.31323,NA,8.32354,NA,NA,NA,-0.05864,2.54449,1.33375,45d07472-c160-48e7-9a7d-8b154baa4dec,2025-05-29,18:39:33,2025-05-29T18:39:33Z,2025-05-29T18:39:33Z,LineDrive,v3,NA,NA,NA,"Garner, Coleman",90000255834,Right,NWL_KG,e5ea0e68-cc15-473d-a4d8-763ba79c5798,53.76737,-135.98598,15.2765,5.46159,-4.3368,-6.28864,-1.09766,7.71117,-4.35512,242.154168,-0.0589,74.4368,-16.36654,3.71347,-1.35932,0.67301,-0.28436,0.06747,-0.00642,2.54463,41.06008,-18.59654,1.3823,0.06422,-0.2309,0.12519,-0.03058,0.00283,1.33365,62.429,-1.56304,-0.76069,0.14876,0.10217,-0.07935,0.02154,-0.00214,NA,NA,NA,NA,NA,NA,NA,NA,NA,NA,NA,NA,NA,NA,NA,NA,NA,NA,NA,NA,NA,NA,High,High,High,High,High,NA,NA,NA,NA,NA,NA,NA,NA,NA,NA,NA,NA,NA,NA,NA,NA,NA,NA,NA,NA,NA,NA,NA,NA,NA,NA,NA,NA,NA,NA,NA,NA,NA,NA,NA,NA,NA,NA,NA,NA,NA,NA,NA,NA,NA,NA,NA,NA,NA,NA,NA,NA,NA,NA,NA,NA
NA,NA,NA,NA,NA,NA,NA,NA,NA,NA,NA,NA,NA,NA,NA,NA,376,2025-05-29,14:40:01,3,7,"Tober, Donald",1000356037,Right,NWL_KG,"Rasmussen, Brody",1000396940,Right,LAK_C,Undefined,9,Top,0,3,2,Undefined,Four-Seam,InPlay,Undefined,FlyBall,Out,1,0,NA,92.16608,-1.501733,-2.065366,2296.568662,205.911452,12:45:00,5.54571,1.13519,6.58349,-11.46075,20.96808,9.62607,3.21324,0.04382,83.13843,-3.784644,-0.316487,0.409861,90.45729,34.331181,-9.220621,2376.423433,108.80734,71.76844,-16.15347,327.6506,325.27518,-6.968309,5.388115,-5.70083,11.81638,-0.99731,50,5.43752,4.43574,-133.7834,-3.73058,-10.19123,32.52988,-11.05019,NWL_KG,LAK_C,HOMERSTRYKER,NWL,NWL,20250529-HOMERSTRYKER-1,541ed3b0-3cbc-11f0-a835-f9cb0487f947,91.96387,96.18381,NA,9.02766,NA,NA,NA,1.06114,3.25372,-0.03954,45d07472-c160-48e7-9a7d-8b154baa4dec,2025-05-29,18:40:01,2025-05-29T18:40:01Z,2025-05-29T18:40:01Z,FlyBall,v3,NA,NA,NA,"Garner, Coleman",90000255834,Right,NWL_KG,26e6e37b-0d4d-49a9-81af-65ea230992bc,53.91329,-134.73156,16.26494,5.54157,-3.40849,-5.5251,-1.13093,4.73279,-5.09562,184.598126,1.0651,108.06973,-22.01478,5.07611,-0.88942,0.12006,-0.01375,0.00134,-7e-5,3.25253,74.83445,-16.34303,0.43191,0.18205,-0.11986,0.03293,-0.0043,2.1e-4,-0.04038,-17.53961,4.77925,-1.1367,0.20709,-0.02938,0.00341,-3.1e-4,2e-5,NA,NA,NA,NA,NA,NA,NA,NA,NA,NA,NA,NA,NA,NA,NA,NA,NA,NA,NA,NA,NA,NA,High,High,High,High,Medium,NA,NA,NA,NA,NA,NA,NA,NA,NA,NA,NA,NA,NA,NA,NA,NA,NA,NA,NA,NA,NA,NA,NA,NA,NA,NA,NA,NA,NA,NA,NA,NA,NA,NA,NA,NA,NA,NA,NA,NA,NA,NA,NA,NA,NA,NA,NA,NA,NA,NA,NA,NA,NA,NA,NA,NA
NA,NA,NA,NA,NA,NA,NA,NA,NA,NA,NA,NA,NA,NA,NA,NA,377,2025-05-29,14:40:51,4,1,"Tober, Donald",1000356037,Right,NWL_KG,"Reynolds, Drew",1000120249,Left,LAK_C,Undefined,9,Top,1,0,0,Undefined,Four-Seam,BallCalled,Undefined,Undefined,Undefined,0,0,NA,94.51745,-2.941519,-3.875325,2401.689517,206.053876,12:45:00,5.54571,1.14153,6.84459,-8.03512,22.66824,10.53308,2.18538,-1.51984,85.12801,-4.601594,-1.957535,0.398808,NA,NA,NA,NA,NA,NA,NA,NA,NA,NA,NA,-6.77729,13.23552,-0.89643,50,5.35311,8.84385,-136.88343,-7.12227,-12.67495,34.24442,-7.42088,NWL_KG,LAK_C,HOMERSTRYKER,NWL,NWL,20250529-HOMERSTRYKER-1,7244e000-3cbc-11f0-a835-f9cb0487f947,94.51265,NA,NA,9.38944,NA,NA,NA,NA,NA,NA,45d07472-c160-48e7-9a7d-8b154baa4dec,2025-05-29,18:40:51,2025-05-29T18:40:51Z,2025-05-29T18:40:51Z,NA,v3,NA,NA,NA,"Garner, Coleman",90000255834,Right,NWL_KG,5863ad2b-8652-4a23-9047-fa097769e25f,53.65146,-137.7939,17.12221,5.53985,-6.92497,-3.71044,-1.13604,9.18085,-6.33748,NA,NA,NA,NA,NA,NA,NA,NA,NA,NA,NA,NA,NA,NA,NA,NA,NA,NA,NA,NA,NA,NA,NA,NA,NA,NA,NA,NA,NA,NA,NA,NA,NA,NA,NA,NA,NA,NA,NA,NA,NA,NA,NA,NA,NA,NA,NA,NA,NA,NA,High,High,High,NA,NA,NA,NA,NA,NA,NA,NA,NA,NA,NA,NA,NA,NA,NA,NA,NA,NA,NA,NA,NA,NA,NA,NA,NA,NA,NA,NA,NA,NA,NA,NA,NA,NA,NA,NA,NA,NA,NA,NA,NA,NA,NA,NA,NA,NA,NA,NA,NA,NA,NA,NA,NA,NA,NA,NA,NA,NA
NA,NA,NA,NA,NA,NA,NA,NA,NA,NA,NA,NA,NA,NA,NA,NA,378,2025-05-29,14:41:07,4,2,"Tober, Donald",1000356037,Right,NWL_KG,"Reynolds, Drew",1000120249,Left,LAK_C,Undefined,9,Top,1,1,0,Undefined,Four-Seam,FoulBallNotFieldable,Undefined,Undefined,Undefined,0,0,NA,93.40988,-2.443423,-2.663577,2377.329095,209.693333,01:00:00,5.47128,1.31346,6.70242,-10.70756,20.59844,11.1356,2.34111,-0.19573,84.7472,-4.574284,-0.637003,0.402703,65.77542,53.77313,-123.080916,4563.821329,NA,NA,NA,NA,24.26021,NA,NA,-6.68985,11.93524,-1.14045,50,5.30408,5.86777,-135.57291,-5.99562,-12.35151,31.84885,-10.13789,NWL_KG,LAK_C,HOMERSTRYKER,NWL,NWL,20250529-HOMERSTRYKER-1,7b5d5dc0-3cbc-11f0-a835-f9cb0487f947,93.59852,31.91117,NA,8.66268,NA,NA,NA,0.76271,2.36428,0.16264,45d07472-c160-48e7-9a7d-8b154baa4dec,2025-05-29,18:41:07,2025-05-29T18:41:07Z,2025-05-29T18:41:07Z,NA,v3,NA,NA,NA,"Garner, Coleman",90000255834,Right,NWL_KG,748a6fa4-44ff-4eee-b6c4-ca9c74934546,53.79602,-136.46176,15.92443,5.46746,-5.71269,-5.06895,-1.30902,6.21248,-6.17575,NA,0.76945,-31.3216,-0.90695,NA,NA,NA,NA,NA,NA,2.38497,77.20776,-27.31566,NA,NA,NA,NA,NA,NA,0.1542,-47.52144,7.09302,NA,NA,NA,NA,NA,NA,NA,NA,NA,NA,NA,NA,NA,NA,NA,NA,NA,NA,NA,NA,NA,NA,NA,NA,NA,NA,NA,NA,High,High,High,High,Undefined,NA,NA,NA,NA,NA,NA,NA,NA,NA,NA,NA,NA,NA,NA,NA,NA,NA,NA,NA,NA,NA,NA,NA,NA,NA,NA,NA,NA,NA,NA,NA,NA,NA,NA,NA,NA,NA,NA,NA,NA,NA,NA,NA,NA,NA,NA,NA,NA,NA,NA,NA,NA,NA,NA,NA,NA
NA,NA,NA,NA,NA,NA,NA,NA,NA,NA,NA,NA,NA,NA,NA,NA,379,2025-05-29,14:41:25,4,3,"Tober, Donald",1000356037,Right,NWL_KG,"Reynolds, Drew",1000120249,Left,LAK_C,Undefined,9,Top,1,1,1,Undefined,Four-Seam,StrikeSwinging,Undefined,Undefined,Undefined,0,0,NA,94.12446,-1.262718,-2.98967,2289.033777,211.866263,01:00:00,5.49824,1.3438,6.54269,-12.26938,18.5341,10.91142,3.31597,-0.4913,85.86773,-3.659727,-1.010784,0.399458,NA,NA,NA,NA,NA,NA,NA,NA,NA,NA,NA,-6.53756,10.35827,-1.14093,50,5.40502,6.68915,-136.68945,-3.30039,-12.36226,30.27632,-12.58703,NWL_KG,LAK_C,HOMERSTRYKER,NWL,NWL,20250529-HOMERSTRYKER-1,862cda50-3cbc-11f0-a835-f9cb0487f947,94.35893,NA,NA,8.25674,NA,NA,NA,NA,NA,NA,45d07472-c160-48e7-9a7d-8b154baa4dec,2025-05-29,18:41:25,2025-05-29T18:41:25Z,2025-05-29T18:41:25Z,NA,v3,NA,NA,NA,"Garner, Coleman",90000255834,Right,NWL_KG,c489efcc-d742-4f8e-980b-5fbe5429cf27,53.95545,-137.56278,15.13816,5.49498,-2.93731,-6.29351,-1.33902,7.04574,-6.18113,NA,NA,NA,NA,NA,NA,NA,NA,NA,NA,NA,NA,NA,NA,NA,NA,NA,NA,NA,NA,NA,NA,NA,NA,NA,NA,NA,NA,NA,NA,NA,NA,NA,NA,NA,NA,NA,NA,NA,NA,NA,NA,NA,NA,NA,NA,NA,NA,NA,NA,High,High,High,NA,NA,NA,NA,NA,NA,NA,NA,NA,NA,NA,NA,NA,NA,NA,NA,NA,NA,NA,NA,NA,NA,NA,NA,NA,NA,NA,NA,NA,NA,NA,NA,NA,NA,NA,NA,NA,NA,NA,NA,NA,NA,NA,NA,NA,NA,NA,NA,NA,NA,NA,NA,NA,NA,NA,NA,NA,NA
NA,NA,NA,NA,NA,NA,NA,NA,NA,NA,NA,NA,NA,NA,NA,NA,380,2025-05-29,14:41:39,4,4,"Tober, Donald",1000356037,Right,NWL_KG,"Reynolds, Drew",1000120249,Left,LAK_C,Undefined,9,Top,1,1,2,Undefined,Four-Seam,FoulBallNotFieldable,Undefined,Undefined,Undefined,0,0,NA,93.47984,-2.959715,-2.498287,2331.916664,210.160035,01:00:00,5.54941,1.13414,6.65353,-12.46375,18.80576,10.31753,1.79708,-0.29392,85.07214,-5.397849,-0.621688,0.402468,91.2219,7.961467,47.181866,4754.869524,NA,NA,NA,116.84296,116.84296,53.862778,0.99542,-6.193,11.1126,-0.9699,50,5.34463,5.51234,-135.65293,-7.30327,-11.47397,31.25576,-11.58539,NWL_KG,LAK_C,HOMERSTRYKER,NWL,NWL,20250529-HOMERSTRYKER-1,8eb721d0-3cbc-11f0-a835-f9cb0487f947,93.65316,5.63345,NA,8.4077,NA,NA,NA,1.78197,1.72868,0.65433,45d07472-c160-48e7-9a7d-8b154baa4dec,2025-05-29,18:41:39,2025-05-29T18:41:39Z,2025-05-29T18:41:39Z,GroundBall,v3,NA,NA,NA,"Garner, Coleman",90000255834,Right,NWL_KG,ce1d18d9-2686-47aa-85c8-e4a54aa42228,53.84535,-136.53607,15.62788,5.54636,-6.97592,-5.79269,-1.13023,5.83654,-5.73699,NA,1.78197,90.05833,-27.34938,5.69996,-1.26344,0.23404,-0.04064,0.00643,-5.9e-4,1.72868,18.53113,-23.4826,3.88298,-0.93954,0.23289,-0.05227,0.0104,-0.00125,0.65433,97.19243,-1.21084,-2.69476,1.12768,-0.37735,0.10313,-0.02294,0.00289,NA,NA,NA,NA,NA,NA,NA,NA,NA,NA,NA,NA,NA,NA,NA,NA,NA,NA,NA,NA,NA,NA,High,High,High,Medium,High,NA,NA,NA,NA,NA,NA,NA,NA,NA,NA,NA,NA,NA,NA,NA,NA,NA,NA,NA,NA,NA,NA,NA,NA,NA,NA,NA,NA,NA,NA,NA,NA,NA,NA,NA,NA,NA,NA,NA,NA,NA,NA,NA,NA,NA,NA,NA,NA,NA,NA,NA,NA,NA,NA,NA,NA
NA,NA,NA,NA,NA,NA,NA,NA,NA,NA,NA,NA,NA,NA,NA,NA,381,2025-05-29,14:42:02,4,5,"Tober, Donald",1000356037,Right,NWL_KG,"Reynolds, Drew",1000120249,Left,LAK_C,Undefined,9,Top,1,1,2,Undefined,Curveball,FoulBallNotFieldable,Undefined,Undefined,Undefined,0,0,NA,75.8304,1.799702,-1.339685,2632.01283,51.825592,07:45:00,5.62753,1.15468,5.89575,-58.40043,-9.15682,-13.80501,2.4327,-1.23974,68.998,-8.925981,-3.819538,0.505064,NA,NA,NA,NA,NA,NA,NA,NA,NA,NA,NA,6.66248,-4.83662,-1.03877,50,5.73889,3.06764,-110.05024,1.64657,8.03593,22.53435,-38.00774,NWL_KG,LAK_C,HOMERSTRYKER,NWL,NWL,20250529-HOMERSTRYKER-1,9c5834f0-3cbc-11f0-a835-f9cb0487f947,74.62903,NA,NA,6.8324,NA,NA,NA,NA,NA,NA,45d07472-c160-48e7-9a7d-8b154baa4dec,2025-05-29,18:42:02,2025-05-29T18:42:02Z,2025-05-29T18:42:02Z,NA,v3,NA,NA,NA,"Garner, Coleman",90000255834,Right,NWL_KG,8264bfb3-6cef-46c4-89b9-c5be2b6a645d,54.60542,-110.98926,11.26717,5.63728,3.23037,-19.00387,-1.15963,2.73278,4.01796,NA,NA,NA,NA,NA,NA,NA,NA,NA,NA,NA,NA,NA,NA,NA,NA,NA,NA,NA,NA,NA,NA,NA,NA,NA,NA,NA,NA,NA,NA,NA,NA,NA,NA,NA,NA,NA,NA,NA,NA,NA,NA,NA,NA,NA,NA,NA,NA,NA,NA,High,High,High,NA,NA,NA,NA,NA,NA,NA,NA,NA,NA,NA,NA,NA,NA,NA,NA,NA,NA,NA,NA,NA,NA,NA,NA,NA,NA,NA,NA,NA,NA,NA,NA,NA,NA,NA,NA,NA,NA,NA,NA,NA,NA,NA,NA,NA,NA,NA,NA,NA,NA,NA,NA,NA,NA,NA,NA,NA,NA
NA,NA,NA,NA,NA,NA,NA,NA,NA,NA,NA,NA,NA,NA,NA,NA,382,2025-05-29,14:42:25,4,6,"Tober, Donald",1000356037,Right,NWL_KG,"Reynolds, Drew",1000120249,Left,LAK_C,Undefined,9,Top,1,1,2,Undefined,Four-Seam,HitByPitch,Undefined,Undefined,Undefined,0,0,NA,93.99808,-0.922563,-3.779965,2321.941737,212.216201,01:00:00,5.67794,1.04671,6.58061,-13.75347,17.0082,10.12422,3.68441,-1.57882,86.06339,-3.582704,-1.945173,0.399187,58.82832,7.736285,-163.819941,2188.448453,NA,NA,NA,68.57336,46.4609,-167.203877,0.861392,-6.33996,9.47839,-0.79126,50,5.60844,8.61108,-136.47943,-2.55017,-11.99914,29.07149,-14.23511,NWL_KG,LAK_C,HOMERSTRYKER,NWL,NWL,20250529-HOMERSTRYKER-1,aa3e8e70-3cbc-11f0-a835-f9cb0487f947,94.42304,5.32125,NA,7.93468,NA,NA,NA,-0.60771,3.53947,1.65776,45d07472-c160-48e7-9a7d-8b154baa4dec,2025-05-29,18:42:25,2025-05-29T18:42:25Z,2025-05-29T18:42:25Z,GroundBall,v3,NA,NA,NA,"Garner, Coleman",90000255834,Right,NWL_KG,9ccca1bf-3091-43f5-93d1-ef2cc28c925b,53.9187,-137.31161,14.53575,5.67561,-2.14269,-7.11756,-1.04267,8.95456,-5.99957,58.290121,-0.60771,-82.10964,6.32895,-0.44315,0.09728,-6.7e-4,3e-5,-2.7e-4,2e-5,3.53947,11.61466,-19.30074,1.39415,-0.24868,0.05286,-0.00666,0.00105,-1.7e-4,1.65776,-23.82407,5.58576,-0.88325,0.19902,-0.0314,0.00455,-0.00101,1.1e-4,NA,NA,NA,NA,NA,NA,NA,NA,NA,NA,NA,NA,NA,NA,NA,NA,NA,NA,NA,NA,NA,NA,High,High,High,High,Medium,NA,NA,NA,NA,NA,NA,NA,NA,NA,NA,NA,NA,NA,NA,NA,NA,NA,NA,NA,NA,NA,NA,NA,NA,NA,NA,NA,NA,NA,NA,NA,NA,NA,NA,NA,NA,NA,NA,NA,NA,NA,NA,NA,NA,NA,NA,NA,NA,NA,NA,NA,NA,NA,NA,NA,NA
NA,NA,NA,NA,NA,NA,NA,NA,NA,NA,NA,NA,NA,NA,NA,NA,383,2025-05-29,14:43:22,5,1,"Tober, Donald",1000356037,Right,NWL_KG,"Sayles, Dylan",1000279077,Left,LAK_C,Undefined,9,Top,1,0,0,Undefined,Four-Seam,FoulBallNotFieldable,Undefined,Undefined,Undefined,0,0,NA,92.78313,-2.245823,-2.55727,2330.360714,192.324273,12:30:00,5.7014,1.03372,6.7712,-12.36654,18.98918,3.93551,2.61702,-0.975,84.99515,-4.661137,-1.840242,0.403023,NA,NA,NA,NA,NA,NA,NA,NA,NA,NA,NA,-2.83925,11.07442,-0.86843,50,5.54995,5.88109,-134.8513,-5.58247,-5.22918,29.27371,-11.77779,NWL_KG,LAK_C,HOMERSTRYKER,NWL,NWL,20250529-HOMERSTRYKER-1,cbe02cf0-3cbc-11f0-a835-f9cb0487f947,93.52431,NA,NA,7.78798,NA,NA,NA,NA,NA,NA,45d07472-c160-48e7-9a7d-8b154baa4dec,2025-05-29,18:43:22,2025-05-29T18:43:22Z,2025-05-29T18:43:22Z,NA,v3,NA,NA,NA,"Garner, Coleman",90000255834,Right,NWL_KG,90f8ebab-727d-4725-ba44-cc5627e5fe63,53.73045,-135.6587,14.63685,5.69944,-5.25763,-5.8889,-1.03262,6.02532,-2.61459,NA,NA,NA,NA,NA,NA,NA,NA,NA,NA,NA,NA,NA,NA,NA,NA,NA,NA,NA,NA,NA,NA,NA,NA,NA,NA,NA,NA,NA,NA,NA,NA,NA,NA,NA,NA,NA,NA,NA,NA,NA,NA,NA,NA,NA,NA,NA,NA,NA,NA,High,High,High,NA,NA,NA,NA,NA,NA,NA,NA,NA,NA,NA,NA,NA,NA,NA,NA,NA,NA,NA,NA,NA,NA,NA,NA,NA,NA,NA,NA,NA,NA,NA,NA,NA,NA,NA,NA,NA,NA,NA,NA,NA,NA,NA,NA,NA,NA,NA,NA,NA,NA,NA,NA,NA,NA,NA,NA,NA,NA
NA,NA,NA,NA,NA,NA,NA,NA,NA,NA,NA,NA,NA,NA,NA,NA,384,2025-05-29,14:44:09,5,2,"Tober, Donald",1000356037,Right,NWL_KG,"Sayles, Dylan",1000279077,Left,LAK_C,Undefined,9,Top,1,0,1,Undefined,Four-Seam,BallCalled,Undefined,Undefined,Undefined,0,0,NA,92.36766,-1.0803,-0.900757,2336.994277,202.793093,12:45:00,5.55639,1.38638,6.48234,-11.31359,20.63537,8.25272,3.62145,1.24699,84.41326,-3.30498,0.596816,0.406818,NA,NA,NA,NA,NA,NA,NA,NA,NA,NA,NA,-4.53236,11.36434,-1.32625,50,5.47482,1.77037,-134.29171,-2.76483,-8.2847,28.82188,-11.40125,NWL_KG,LAK_C,HOMERSTRYKER,NWL,NWL,20250529-HOMERSTRYKER-1,e7a7d6e0-3cbc-11f0-a835-f9cb0487f947,92.65192,NA,NA,7.9544,NA,NA,NA,NA,NA,NA,45d07472-c160-48e7-9a7d-8b154baa4dec,2025-05-29,18:44:09,2025-05-29T18:44:09Z,2025-05-29T18:44:09Z,NA,v3,NA,NA,NA,"Garner, Coleman",90000255834,Right,NWL_KG,18ea917c-e2b4-46f2-96dd-b97646bf6a3c,54.01482,-135.15062,14.41094,5.55215,-2.42507,-5.70063,-1.38268,2.01726,-4.14235,NA,NA,NA,NA,NA,NA,NA,NA,NA,NA,NA,NA,NA,NA,NA,NA,NA,NA,NA,NA,NA,NA,NA,NA,NA,NA,NA,NA,NA,NA,NA,NA,NA,NA,NA,NA,NA,NA,NA,NA,NA,NA,NA,NA,NA,NA,NA,NA,NA,NA,High,High,High,NA,NA,NA,NA,NA,NA,NA,NA,NA,NA,NA,NA,NA,NA,NA,NA,NA,NA,NA,NA,NA,NA,NA,NA,NA,NA,NA,NA,NA,NA,NA,NA,NA,NA,NA,NA,NA,NA,NA,NA,NA,NA,NA,NA,NA,NA,NA,NA,NA,NA,NA,NA,NA,NA,NA,NA,NA,NA
NA,NA,NA,NA,NA,NA,NA,NA,NA,NA,NA,NA,NA,NA,NA,NA,385,2025-05-29,14:44:25,5,3,"Tober, Donald",1000356037,Right,NWL_KG,"Sayles, Dylan",1000279077,Left,LAK_C,Undefined,9,Top,1,1,1,Undefined,Four-Seam,StrikeCalled,Undefined,Undefined,Undefined,0,0,NA,93.18701,-1.944618,-1.117379,2365.552761,211.733617,01:00:00,5.63447,1.16248,6.36394,-15.56245,15.62414,9.12957,2.54705,0.8949,86.29579,-4.898609,0.536105,0.401934,NA,NA,NA,NA,NA,NA,NA,NA,NA,NA,NA,-5.02,8.88918,-1.08566,50,5.48618,2.26998,-135.57023,-5.04802,-9.46952,25.86775,-15.40583,NWL_KG,LAK_C,HOMERSTRYKER,NWL,NWL,20250529-HOMERSTRYKER-1,f1505fa0-3cbc-11f0-a835-f9cb0487f947,93.7776,NA,NA,6.89122,NA,NA,NA,NA,NA,NA,45d07472-c160-48e7-9a7d-8b154baa4dec,2025-05-29,18:44:25,2025-05-29T18:44:25Z,2025-05-29T18:44:25Z,NA,v3,NA,NA,NA,"Garner, Coleman",90000255834,Right,NWL_KG,1302c045-d3ba-4712-af9d-2834ca5d6cc1,54.13567,-136.35706,12.93388,5.6326,-4.57941,-7.70292,-1.15908,2.55802,-4.73476,NA,NA,NA,NA,NA,NA,NA,NA,NA,NA,NA,NA,NA,NA,NA,NA,NA,NA,NA,NA,NA,NA,NA,NA,NA,NA,NA,NA,NA,NA,NA,NA,NA,NA,NA,NA,NA,NA,NA,NA,NA,NA,NA,NA,NA,NA,NA,NA,NA,NA,High,High,High,NA,NA,NA,NA,NA,NA,NA,NA,NA,NA,NA,NA,NA,NA,NA,NA,NA,NA,NA,NA,NA,NA,NA,NA,NA,NA,NA,NA,NA,NA,NA,NA,NA,NA,NA,NA,NA,NA,NA,NA,NA,NA,NA,NA,NA,NA,NA,NA,NA,NA,NA,NA,NA,NA,NA,NA,NA,NA
NA,NA,NA,NA,NA,NA,NA,NA,NA,NA,NA,NA,NA,NA,NA,NA,386,2025-05-29,14:44:45,5,4,"Tober, Donald",1000356037,Right,NWL_KG,"Sayles, Dylan",1000279077,Left,LAK_C,Undefined,9,Top,1,1,2,Undefined,Curveball,HitByPitch,Undefined,Undefined,Undefined,0,1,NA,74.88824,-1.224275,-2.3494,2595.339307,57.544542,08:00:00,5.70326,1.06085,5.9786,-57.27731,-6.96162,-13.60355,-0.20583,-2.25182,68.87232,-11.664795,-4.800919,0.510532,NA,NA,NA,NA,NA,NA,NA,NA,NA,NA,NA,6.448,-3.06343,-0.86689,50,5.57366,4.89944,-108.70437,-3.98777,7.58582,22.04103,-35.77805,NWL_KG,LAK_C,HOMERSTRYKER,NWL,NWL,20250529-HOMERSTRYKER-1,fd5bb790-3cbc-11f0-a835-f9cb0487f947,73.82968,NA,NA,6.01592,NA,NA,NA,NA,NA,NA,45d07472-c160-48e7-9a7d-8b154baa4dec,2025-05-29,18:44:45,2025-05-29T18:44:45Z,2025-05-29T18:44:45Z,NA,v3,NA,NA,NA,"Garner, Coleman",90000255834,Right,NWL_KG,e149e395-1c7b-401b-bd4f-e264f0a3402e,54.52473,-109.61797,11.02052,5.70822,-2.50477,-17.88903,-1.06345,4.58501,3.79291,NA,NA,NA,NA,NA,NA,NA,NA,NA,NA,NA,NA,NA,NA,NA,NA,NA,NA,NA,NA,NA,NA,NA,NA,NA,NA,NA,NA,NA,NA,NA,NA,NA,NA,NA,NA,NA,NA,NA,NA,NA,NA,NA,NA,NA,NA,NA,NA,NA,NA,High,High,High,NA,NA,NA,NA,NA,NA,NA,NA,NA,NA,NA,NA,NA,NA,NA,NA,NA,NA,NA,NA,NA,NA,NA,NA,NA,NA,NA,NA,NA,NA,NA,NA,NA,NA,NA,NA,NA,NA,NA,NA,NA,NA,NA,NA,NA,NA,NA,NA,NA,NA,NA,NA,NA,NA,NA,NA,NA,NA
NA,NA,NA,NA,NA,NA,NA,NA,NA,NA,NA,NA,NA,NA,NA,NA,387,2025-05-29,14:45:20,6,1,"Tober, Donald",1000356037,Right,NWL_KG,"Garcia, Jedvier",10325103,Right,LAK_C,Undefined,9,Top,1,0,0,Undefined,Four-Seam,FoulBallNotFieldable,Undefined,Undefined,Undefined,0,0,NA,92.52395,-1.871399,-1.193877,2272.227297,200.87253,12:45:00,5.6118,1.18233,6.60379,-12.2039,19.44887,7.04453,2.87953,0.67556,84.79184,-4.253146,0.087323,0.404928,81.09716,55.025889,60.724298,4811.645748,31.87436,116.0119,105.28069,189.5582,81.3413,77.260996,5.440527,-4.03874,11.05201,-1.1037,50,5.47878,2.52804,-134.53894,-4.67337,-7.42024,28.53943,-11.86862,NWL_KG,LAK_C,HOMERSTRYKER,NWL,NWL,20250529-HOMERSTRYKER-1,122e6000-3cbd-11f0-a835-f9cb0487f947,93.08439,116.05123,NA,7.73212,NA,NA,NA,0.83532,1.97738,-1.63555,45d07472-c160-48e7-9a7d-8b154baa4dec,2025-05-29,18:45:20,2025-05-29T18:45:20Z,2025-05-29T18:45:20Z,FlyBall,v3,NA,NA,NA,"Garner, Coleman",90000255834,Right,NWL_KG,35c9693b-5dba-4aaf-a4de-25825ff735ad,53.8954,-135.36274,14.26972,5.60874,-4.33078,-5.93431,-1.17977,2.74223,-3.71012,NA,0.83743,33.25434,-16.41135,4.77723,-0.50993,-0.18752,0.08247,-0.0121,6.3e-4,1.96568,97.67745,-25.91727,3.37957,-0.93111,0.21638,-0.02527,4.8e-4,8e-5,-1.63766,59.4923,-12.33086,3.06356,-0.51106,0.02394,0.01018,-0.00196,1e-4,NA,NA,NA,NA,NA,NA,NA,NA,NA,NA,NA,NA,NA,NA,NA,NA,NA,NA,NA,NA,NA,NA,High,High,High,Low,Low,NA,NA,NA,NA,NA,NA,NA,NA,NA,NA,NA,NA,NA,NA,NA,NA,NA,NA,NA,NA,NA,NA,NA,NA,NA,NA,NA,NA,NA,NA,NA,NA,NA,NA,NA,NA,NA,NA,NA,NA,NA,NA,NA,NA,NA,NA,NA,NA,NA,NA,NA,NA,NA,NA,NA,NA
NA,NA,NA,NA,NA,NA,NA,NA,NA,NA,NA,NA,NA,NA,NA,NA,388,2025-05-29,14:45:40,6,2,"Tober, Donald",1000356037,Right,NWL_KG,"Garcia, Jedvier",10325103,Right,LAK_C,Undefined,9,Top,1,0,1,Undefined,Four-Seam,BallCalled,Undefined,Undefined,Undefined,0,0,NA,92.18288,-1.19235,-3.000929,2356.474848,208.685734,01:00:00,5.5059,1.22887,6.74829,-15.25056,16.84422,8.61906,3.14412,-0.79682,83.57125,-4.159423,-1.43176,0.407745,NA,NA,NA,NA,NA,NA,NA,NA,NA,NA,NA,-5.42181,9.56252,-1.03449,50,5.42116,6.66934,-133.80267,-3.14793,-9.74879,31.07371,-14.98001,NWL_KG,LAK_C,HOMERSTRYKER,NWL,NWL,20250529-HOMERSTRYKER-1,1e46fe60-3cbd-11f0-a835-f9cb0487f947,92.44119,NA,NA,8.61163,NA,NA,NA,NA,NA,NA,45d07472-c160-48e7-9a7d-8b154baa4dec,2025-05-29,18:45:40,2025-05-29T18:45:40Z,2025-05-29T18:45:40Z,NA,v3,NA,NA,NA,"Garner, Coleman",90000255834,Right,NWL_KG,c21df3f5-b8ca-465b-8618-0bf415120221,53.74789,-134.67025,15.53685,5.50321,-2.72969,-7.49,-1.2245,6.94153,-4.8744,NA,NA,NA,NA,NA,NA,NA,NA,NA,NA,NA,NA,NA,NA,NA,NA,NA,NA,NA,NA,NA,NA,NA,NA,NA,NA,NA,NA,NA,NA,NA,NA,NA,NA,NA,NA,NA,NA,NA,NA,NA,NA,NA,NA,NA,NA,NA,NA,NA,NA,High,High,High,NA,NA,NA,NA,NA,NA,NA,NA,NA,NA,NA,NA,NA,NA,NA,NA,NA,NA,NA,NA,NA,NA,NA,NA,NA,NA,NA,NA,NA,NA,NA,NA,NA,NA,NA,NA,NA,NA,NA,NA,NA,NA,NA,NA,NA,NA,NA,NA,NA,NA,NA,NA,NA,NA,NA,NA,NA,NA
NA,NA,NA,NA,NA,NA,NA,NA,NA,NA,NA,NA,NA,NA,NA,NA,389,2025-05-29,14:45:54,6,3,"Tober, Donald",1000356037,Right,NWL_KG,"Garcia, Jedvier",10325103,Right,LAK_C,Undefined,9,Top,1,1,1,Undefined,Four-Seam,FoulBallNotFieldable,Undefined,Undefined,Undefined,0,0,NA,92.45699,-2.443976,-1.697647,2379.95507,205.640789,12:45:00,5.59503,1.10075,6.68416,-13.12997,18.72147,8.48016,2.26314,0.25422,84.21267,-5.007738,-0.153221,0.406196,73.88915,35.199702,151.068431,4022.818582,-102.33672,41.94595,40.33843,191.33807,63.18027,165.057039,2.944728,-4.96429,10.90422,-0.99044,50,5.42612,3.64645,-134.2885,-6.02961,-9.02205,30.37185,-12.35689,NWL_KG,LAK_C,HOMERSTRYKER,NWL,NWL,20250529-HOMERSTRYKER-1,26cc15c0-3cbd-11f0-a835-f9cb0487f947,92.79367,42.05982,NA,8.24432,NA,NA,NA,0.66678,2.2544400000000002,-0.22448,45d07472-c160-48e7-9a7d-8b154baa4dec,2025-05-29,18:45:54,2025-05-29T18:45:54Z,2025-05-29T18:45:54Z,FlyBall,v3,NA,NA,NA,"Garner, Coleman",90000255834,Right,NWL_KG,b195f527-18db-4b3d-b1a7-edbb98712d6e,53.81384,-135.14832,15.18592,5.59187,-5.67979,-6.17845,-1.09729,3.90186,-4.51103,311.985053,0.66691,-77.50948,3.46346,0.67405,0.1678,-0.34674,0.19571,-0.04879,0.00455,2.25452,62.46545,-28.38578,3.69047,-0.62396,0.00794,0.03787,-0.00924,7e-4,-0.22461,42.84783,-12.58892,2.29315,-0.76157,0.37838,-0.16743,0.04109,-0.00394,NA,NA,NA,NA,NA,NA,NA,NA,NA,NA,NA,NA,NA,NA,NA,NA,NA,NA,NA,NA,NA,NA,High,High,High,High,Medium,NA,NA,NA,NA,NA,NA,NA,NA,NA,NA,NA,NA,NA,NA,NA,NA,NA,NA,NA,NA,NA,NA,NA,NA,NA,NA,NA,NA,NA,NA,NA,NA,NA,NA,NA,NA,NA,NA,NA,NA,NA,NA,NA,NA,NA,NA,NA,NA,NA,NA,NA,NA,NA,NA,NA,NA
NA,NA,NA,NA,NA,NA,NA,NA,NA,NA,NA,NA,NA,NA,NA,NA,390,2025-05-29,14:46:14,6,4,"Tober, Donald",1000356037,Right,NWL_KG,"Garcia, Jedvier",10325103,Right,LAK_C,Undefined,9,Top,1,1,2,Undefined,Four-Seam,BallCalled,Undefined,Undefined,Undefined,0,0,NA,93.02912,-1.005436,-3.14949,2331.96092,207.799399,01:00:00,5.62866,0.92323,6.70139,-8.98312,22.71399,11.38508,3.95925,-1.01066,83.87161,-2.840692,-1.079245,0.405211,NA,NA,NA,NA,NA,NA,NA,NA,NA,NA,NA,-6.91674,12.54497,-0.71732,50,5.55713,6.95464,-134.96164,-2.47601,-12.60283,32.69382,-9.31612,NWL_KG,LAK_C,HOMERSTRYKER,NWL,NWL,20250529-HOMERSTRYKER-1,32b2a7a0-3cbd-11f0-a835-f9cb0487f947,93.01924,NA,NA,9.15751,NA,NA,NA,NA,NA,NA,45d07472-c160-48e7-9a7d-8b154baa4dec,2025-05-29,18:46:14,2025-05-29T18:46:14Z,2025-05-29T18:46:14Z,NA,v3,NA,NA,NA,"Garner, Coleman",90000255834,Right,NWL_KG,29adfd11-ad1a-4d51-a4ce-e95b14bb1597,53.794,-135.87761,16.34691,5.62284,-2.21501,-4.65806,-0.91712,7.30773,-6.30141,NA,NA,NA,NA,NA,NA,NA,NA,NA,NA,NA,NA,NA,NA,NA,NA,NA,NA,NA,NA,NA,NA,NA,NA,NA,NA,NA,NA,NA,NA,NA,NA,NA,NA,NA,NA,NA,NA,NA,NA,NA,NA,NA,NA,NA,NA,NA,NA,NA,NA,High,High,High,NA,NA,NA,NA,NA,NA,NA,NA,NA,NA,NA,NA,NA,NA,NA,NA,NA,NA,NA,NA,NA,NA,NA,NA,NA,NA,NA,NA,NA,NA,NA,NA,NA,NA,NA,NA,NA,NA,NA,NA,NA,NA,NA,NA,NA,NA,NA,NA,NA,NA,NA,NA,NA,NA,NA,NA,NA,NA
NA,NA,NA,NA,NA,NA,NA,NA,NA,NA,NA,NA,NA,NA,NA,NA,391,2025-05-29,14:46:31,6,5,"Tober, Donald",1000356037,Right,NWL_KG,"Garcia, Jedvier",10325103,Right,LAK_C,Undefined,9,Top,1,2,2,Undefined,Four-Seam,BallCalled,Undefined,Undefined,Undefined,0,0,NA,92.03815,-1.359168,-1.158641,2240.562898,207.12372,01:00:00,5.62791,1.05484,6.54302,-9.97504,22.40706,10.91516,3.54965,0.90168,83.41688,-3.361789,0.824118,0.409566,NA,NA,NA,NA,NA,NA,NA,NA,NA,NA,NA,-6.02489,12.43859,-0.97864,50,5.52881,2.25439,-133.70229,-3.33277,-10.81776,31.00485,-9.8404,NWL_KG,LAK_C,HOMERSTRYKER,NWL,NWL,20250529-HOMERSTRYKER-1,3c9727f0-3cbd-11f0-a835-f9cb0487f947,92.03018,NA,NA,8.62128,NA,NA,NA,NA,NA,NA,45d07472-c160-48e7-9a7d-8b154baa4dec,2025-05-29,18:46:31,2025-05-29T18:46:31Z,2025-05-29T18:46:31Z,NA,v3,NA,NA,NA,"Garner, Coleman",90000255834,Right,NWL_KG,e734ee12-276b-4e75-b398-61b330d0db53,53.95337,-134.61594,15.50243,5.62274,-3.0428,-4.9202,-1.04976,2.57316,-5.40888,NA,NA,NA,NA,NA,NA,NA,NA,NA,NA,NA,NA,NA,NA,NA,NA,NA,NA,NA,NA,NA,NA,NA,NA,NA,NA,NA,NA,NA,NA,NA,NA,NA,NA,NA,NA,NA,NA,NA,NA,NA,NA,NA,NA,NA,NA,NA,NA,NA,NA,High,High,High,NA,NA,NA,NA,NA,NA,NA,NA,NA,NA,NA,NA,NA,NA,NA,NA,NA,NA,NA,NA,NA,NA,NA,NA,NA,NA,NA,NA,NA,NA,NA,NA,NA,NA,NA,NA,NA,NA,NA,NA,NA,NA,NA,NA,NA,NA,NA,NA,NA,NA,NA,NA,NA,NA,NA,NA,NA,NA
NA,NA,NA,NA,NA,NA,NA,NA,NA,NA,NA,NA,NA,NA,NA,NA,392,2025-05-29,14:46:50,6,6,"Tober, Donald",1000356037,Right,NWL_KG,"Garcia, Jedvier",10325103,Right,LAK_C,Undefined,9,Top,1,3,2,Undefined,Four-Seam,BallCalled,Walk,Undefined,Undefined,0,1,NA,92.51677,-1.357047,-3.17776,2312.907216,206.989432,01:00:00,5.54836,0.96495,6.63442,-11.62658,19.99442,9.69508,3.33493,-1.13941,84.83132,-3.635808,-1.417194,0.404724,NA,NA,NA,NA,NA,NA,NA,NA,NA,NA,NA,-5.92107,11.1632,-0.75341,50,5.45108,7.07627,-134.40402,-3.43304,-10.88516,27.76315,-11.65181,NWL_KG,LAK_C,HOMERSTRYKER,NWL,NWL,20250529-HOMERSTRYKER-1,481fbb50-3cbd-11f0-a835-f9cb0487f947,93.13119,NA,NA,7.68544,NA,NA,NA,NA,NA,NA,45d07472-c160-48e7-9a7d-8b154baa4dec,2025-05-29,18:46:50,2025-05-29T18:46:50Z,2025-05-29T18:46:50Z,NA,v3,NA,NA,NA,"Garner, Coleman",90000255834,Right,NWL_KG,1a01dc66-0f34-4043-b677-fb992b295429,53.86416,-135.19986,13.88158,5.5447,-3.09904,-5.82591,-0.96073,7.3883,-5.44258,NA,NA,NA,NA,NA,NA,NA,NA,NA,NA,NA,NA,NA,NA,NA,NA,NA,NA,NA,NA,NA,NA,NA,NA,NA,NA,NA,NA,NA,NA,NA,NA,NA,NA,NA,NA,NA,NA,NA,NA,NA,NA,NA,NA,NA,NA,NA,NA,NA,NA,High,High,High,NA,NA,NA,NA,NA,NA,NA,NA,NA,NA,NA,NA,NA,NA,NA,NA,NA,NA,NA,NA,NA,NA,NA,NA,NA,NA,NA,NA,NA,NA,NA,NA,NA,NA,NA,NA,NA,NA,NA,NA,NA,NA,NA,NA,NA,NA,NA,NA,NA,NA,NA,NA,NA,NA,NA,NA,NA,NA
NA,NA,NA,NA,NA,NA,NA,NA,NA,NA,NA,NA,NA,NA,NA,NA,393,2025-05-29,14:47:22,7,1,"Tober, Donald",1000356037,Right,NWL_KG,"Preece, Tyler",1000074626,Right,LAK_C,Undefined,9,Top,1,0,0,Undefined,Four-Seam,StrikeCalled,Undefined,Undefined,Undefined,0,0,NA,93.05963,-2.973031,-3.252792,2374.512521,204.901704,12:45:00,5.55865,1.05066,6.76996,-8.67701,22.67718,10.04867,2.11391,-1.08544,84.83217,-4.727811,-1.423705,0.403013,NA,NA,NA,NA,NA,NA,NA,NA,NA,NA,NA,-6.1926,13.1015,-0.84135,50,5.35992,7.26984,-134.98508,-7.13173,-11.40673,29.83888,-8.04117,NWL_KG,LAK_C,HOMERSTRYKER,NWL,NWL,20250529-HOMERSTRYKER-1,5b282b10-3cbd-11f0-a835-f9cb0487f947,93.52659,NA,NA,8.22746,NA,NA,NA,NA,NA,NA,45d07472-c160-48e7-9a7d-8b154baa4dec,2025-05-29,18:47:22,2025-05-29T18:47:22Z,2025-05-29T18:47:22Z,NA,v3,NA,NA,NA,"Garner, Coleman",90000255834,Right,NWL_KG,28b01e78-bf83-4b43-9d82-8555125796e0,53.72749,-135.80655,14.91944,5.55322,-6.91035,-4.02059,-1.04581,7.58387,-5.70336,NA,NA,NA,NA,NA,NA,NA,NA,NA,NA,NA,NA,NA,NA,NA,NA,NA,NA,NA,NA,NA,NA,NA,NA,NA,NA,NA,NA,NA,NA,NA,NA,NA,NA,NA,NA,NA,NA,NA,NA,NA,NA,NA,NA,NA,NA,NA,NA,NA,NA,High,High,High,NA,NA,NA,NA,NA,NA,NA,NA,NA,NA,NA,NA,NA,NA,NA,NA,NA,NA,NA,NA,NA,NA,NA,NA,NA,NA,NA,NA,NA,NA,NA,NA,NA,NA,NA,NA,NA,NA,NA,NA,NA,NA,NA,NA,NA,NA,NA,NA,NA,NA,NA,NA,NA,NA,NA,NA,NA,NA
NA,NA,NA,NA,NA,NA,NA,NA,NA,NA,NA,NA,NA,NA,NA,NA,394,2025-05-29,14:47:36,7,2,"Tober, Donald",1000356037,Right,NWL_KG,"Preece, Tyler",1000074626,Right,LAK_C,Undefined,9,Top,1,0,1,Undefined,Four-Seam,InPlay,Undefined,LineDrive,Single,0,1,NA,92.06479,-1.277441,-2.472965,2302.221265,225.876396,01:30:00,5.60778,0.87795,6.53889,-14.81942,17.28422,16.78954,3.19989,0.0075,84.22597,-4.138596,0.574979,0.407801,73.02545,13.932851,-6.007186,737.662217,109.67064,14.87036,-8.50543,175.8895,173.3511,-3.478773,2.111117,-9.51871,9.73725,-0.7134,50,5.51258,5.11908,-133.81741,-3.36571,-17.27891,28.58078,-14.49837,NWL_KG,LAK_C,HOMERSTRYKER,NWL,NWL,20250529-HOMERSTRYKER-1,631e21d0-3cbd-11f0-a835-f9cb0487f947,92.42847,15.52494,NA,7.83882,NA,NA,NA,1.25193,3.19405,-0.01683,45d07472-c160-48e7-9a7d-8b154baa4dec,2025-05-29,18:47:36,2025-05-29T18:47:36Z,2025-05-29T18:47:36Z,LineDrive,v3,NA,NA,NA,"Garner, Coleman",90000255834,Right,NWL_KG,0a801e7c-95cd-4d9c-a349-0f3c609fc055,53.96121,-134.66079,14.29039,5.60558,-2.93788,-7.24919,-0.87198,5.62896,-8.63946,205.70567,1.25193,103.38183,-13.35726,2.33428,-0.44012,0.0763,-0.01241,0.00173,-1.3e-4,3.19405,25.78894,-14.01134,0.59946,-0.06667,0.01306,-5e-4,-6e-5,0,-0.01683,-10.87897,4.00964,-0.87854,0.19627,-0.03948,0.007,-9.9e-4,7e-5,NA,NA,NA,NA,NA,NA,NA,NA,NA,NA,NA,NA,NA,NA,NA,NA,NA,NA,NA,NA,NA,NA,High,High,High,High,High,NA,NA,NA,NA,NA,NA,NA,NA,NA,NA,NA,NA,NA,NA,NA,NA,NA,NA,NA,NA,NA,NA,NA,NA,NA,NA,NA,NA,NA,NA,NA,NA,NA,NA,NA,NA,NA,NA,NA,NA,NA,NA,NA,NA,NA,NA,NA,NA,NA,NA,NA,NA,NA,NA,NA,NA
NA,NA,NA,NA,NA,NA,NA,NA,NA,NA,NA,NA,NA,NA,NA,NA,395,2025-05-29,14:51:12,8,1,"Papenbrock, Tyler",1000161951,Left,NWL_KG,"Duarte, Christian",10064346,Right,LAK_C,Undefined,9,Top,1,0,0,Undefined,Four-Seam,BallCalled,Undefined,Undefined,Undefined,0,0,NA,88.66422,-0.122334,3.72889,2280.626007,145.701305,10:45:00,5.87886,-1.54007,6.3602,-16.87068,18.06324,-11.57764,4.36015,0.9317,80.98002,-3.362745,1.639183,0.425398,NA,NA,NA,NA,NA,NA,NA,NA,NA,NA,NA,7.00957,9.75438,1.27473,50,5.86173,-7.92101,-128.66485,-0.70996,11.7724,26.22576,-15.79178,NWL_KG,LAK_C,HOMERSTRYKER,NWL,NWL,20250529-HOMERSTRYKER-1,e44a5e90-3cbd-11f0-a835-f9cb0487f947,88.60522,NA,NA,7.6842,NA,NA,NA,NA,NA,NA,45d07472-c160-48e7-9a7d-8b154baa4dec,2025-05-29,18:51:12,2025-05-29T18:51:12Z,2025-05-29T18:51:12Z,NA,v3,NA,NA,NA,"Garner, Coleman",90000255834,Right,NWL_KG,130aa90a-16b5-4ab3-9c7e-20891429eb2e,54.13741,-129.50543,13.11288,5.87637,-0.2038,-7.89589,1.53466,-8.29834,5.8862,NA,NA,NA,NA,NA,NA,NA,NA,NA,NA,NA,NA,NA,NA,NA,NA,NA,NA,NA,NA,NA,NA,NA,NA,NA,NA,NA,NA,NA,NA,NA,NA,NA,NA,NA,NA,NA,NA,NA,NA,NA,NA,NA,NA,NA,NA,NA,NA,NA,NA,High,High,High,NA,NA,NA,NA,NA,NA,NA,NA,NA,NA,NA,NA,NA,NA,NA,NA,NA,NA,NA,NA,NA,NA,NA,NA,NA,NA,NA,NA,NA,NA,NA,NA,NA,NA,NA,NA,NA,NA,NA,NA,NA,NA,NA,NA,NA,NA,NA,NA,NA,NA,NA,NA,NA,NA,NA,NA,NA,NA
NA,NA,NA,NA,NA,NA,NA,NA,NA,NA,NA,NA,NA,NA,NA,NA,396,2025-05-29,14:51:29,8,2,"Papenbrock, Tyler",1000161951,Left,NWL_KG,"Duarte, Christian",10064346,Right,LAK_C,Undefined,9,Top,1,1,0,Undefined,Slider,StrikeSwinging,Undefined,Undefined,Undefined,0,0,NA,79.28838,0.439346,3.048494,2503.843724,260.113558,02:45:00,5.41412,-1.99308,5.92199,-41.62518,2.36831,6.67193,2.35364,1.39445,73.64639,-7.197889,4.244007,0.477381,NA,NA,NA,NA,NA,NA,NA,NA,NA,NA,NA,-2.68835,1.44866,1.74504,50,5.42535,-6.3764,-115.2054,-0.41362,-3.64988,19.35623,-30.20723,NWL_KG,LAK_C,HOMERSTRYKER,NWL,NWL,20250529-HOMERSTRYKER-1,ee231f10-3cbd-11f0-a835-f9cb0487f947,78.95665,NA,NA,5.64199,NA,NA,NA,NA,NA,NA,45d07472-c160-48e7-9a7d-8b154baa4dec,2025-05-29,18:51:29,2025-05-29T18:51:29Z,2025-05-29T18:51:29Z,NA,v3,NA,NA,NA,"Garner, Coleman",90000255834,Right,NWL_KG,76ba6797-fd9b-47de-8bab-206f913fd30e,54.57916,-115.97221,9.67811,5.41803,0.78306,-15.10362,1.99478,-6.23181,-1.82494,NA,NA,NA,NA,NA,NA,NA,NA,NA,NA,NA,NA,NA,NA,NA,NA,NA,NA,NA,NA,NA,NA,NA,NA,NA,NA,NA,NA,NA,NA,NA,NA,NA,NA,NA,NA,NA,NA,NA,NA,NA,NA,NA,NA,NA,NA,NA,NA,NA,NA,High,High,High,NA,NA,NA,NA,NA,NA,NA,NA,NA,NA,NA,NA,NA,NA,NA,NA,NA,NA,NA,NA,NA,NA,NA,NA,NA,NA,NA,NA,NA,NA,NA,NA,NA,NA,NA,NA,NA,NA,NA,NA,NA,NA,NA,NA,NA,NA,NA,NA,NA,NA,NA,NA,NA,NA,NA,NA,NA,NA
NA,NA,NA,NA,NA,NA,NA,NA,NA,NA,NA,NA,NA,NA,NA,NA,397,2025-05-29,14:51:46,8,3,"Papenbrock, Tyler",1000161951,Left,NWL_KG,"Duarte, Christian",10064346,Right,LAK_C,Undefined,9,Top,1,1,1,Undefined,Slider,BallCalled,Undefined,Undefined,Undefined,0,0,NA,79.13506,1.856208,0.722126,2522.335389,261.786704,02:45:00,5.45064,-1.96141,5.60892,-41.90561,2.84232,10.86445,3.69187,-0.38196,73.01854,-5.82948,2.661228,0.481457,NA,NA,NA,NA,NA,NA,NA,NA,NA,NA,NA,-5.32205,1.36134,1.8925,50,5.58217,-1.86813,-114.98492,2.34983,-7.18021,19.78086,-30.33738,NWL_KG,LAK_C,HOMERSTRYKER,NWL,NWL,20250529-HOMERSTRYKER-1,f85a5340-3cbd-11f0-a835-f9cb0487f947,78.28821,NA,NA,6.11652,NA,NA,NA,NA,NA,NA,45d07472-c160-48e7-9a7d-8b154baa4dec,2025-05-29,18:51:46,2025-05-29T18:51:46Z,2025-05-29T18:51:46Z,NA,v3,NA,NA,NA,"Garner, Coleman",90000255834,Right,NWL_KG,57219ba8-ecfd-41ce-b017-fdae99e4daa0,54.89111,-115.82329,9.89043,5.45533,3.6356,-15.16869,1.96523,-1.56382,-3.59011,NA,NA,NA,NA,NA,NA,NA,NA,NA,NA,NA,NA,NA,NA,NA,NA,NA,NA,NA,NA,NA,NA,NA,NA,NA,NA,NA,NA,NA,NA,NA,NA,NA,NA,NA,NA,NA,NA,NA,NA,NA,NA,NA,NA,NA,NA,NA,NA,NA,NA,High,High,High,NA,NA,NA,NA,NA,NA,NA,NA,NA,NA,NA,NA,NA,NA,NA,NA,NA,NA,NA,NA,NA,NA,NA,NA,NA,NA,NA,NA,NA,NA,NA,NA,NA,NA,NA,NA,NA,NA,NA,NA,NA,NA,NA,NA,NA,NA,NA,NA,NA,NA,NA,NA,NA,NA,NA,NA,NA,NA
NA,NA,NA,NA,NA,NA,NA,NA,NA,NA,NA,NA,NA,NA,NA,NA,398,2025-05-29,14:52:04,8,4,"Papenbrock, Tyler",1000161951,Left,NWL_KG,"Duarte, Christian",10064346,Right,LAK_C,Undefined,9,Top,1,2,1,Undefined,Slider,StrikeSwinging,Undefined,Undefined,Undefined,0,0,NA,79.44004,-1.124174,2.841117,2521.813922,282.620778,03:30:00,5.39028,-2.02307,5.70845,-45.50778,-0.77252,9.65217,0.54917,1.43046,73.29293,-9.412436,4.567212,0.481389,NA,NA,NA,NA,NA,NA,NA,NA,NA,NA,NA,-4.15544,0.25961,1.77866,50,5.26737,-6.07762,-115.27338,-3.74049,-5.57132,22.14302,-31.82597,NWL_KG,LAK_C,HOMERSTRYKER,NWL,NWL,20250529-HOMERSTRYKER-1,03178050-3cbe-11f0-a835-f9cb0487f947,78.29929,NA,NA,6.14711,NA,NA,NA,NA,NA,NA,45d07472-c160-48e7-9a7d-8b154baa4dec,2025-05-29,18:52:04,2025-05-29T18:52:04Z,2025-05-29T18:52:04Z,NA,v3,NA,NA,NA,"Garner, Coleman",90000255834,Right,NWL_KG,5afcea3d-1e60-44f9-90e1-8391b4b61b41,54.79268,-116.19036,11.07151,5.39498,-2.42251,-15.91299,2.02557,-5.84689,-2.78566,NA,NA,NA,NA,NA,NA,NA,NA,NA,NA,NA,NA,NA,NA,NA,NA,NA,NA,NA,NA,NA,NA,NA,NA,NA,NA,NA,NA,NA,NA,NA,NA,NA,NA,NA,NA,NA,NA,NA,NA,NA,NA,NA,NA,NA,NA,NA,NA,NA,NA,High,High,High,NA,NA,NA,NA,NA,NA,NA,NA,NA,NA,NA,NA,NA,NA,NA,NA,NA,NA,NA,NA,NA,NA,NA,NA,NA,NA,NA,NA,NA,NA,NA,NA,NA,NA,NA,NA,NA,NA,NA,NA,NA,NA,NA,NA,NA,NA,NA,NA,NA,NA,NA,NA,NA,NA,NA,NA,NA,NA
NA,NA,NA,NA,NA,NA,NA,NA,NA,NA,NA,NA,NA,NA,NA,NA,399,2025-05-29,14:52:39,8,5,"Papenbrock, Tyler",1000161951,Left,NWL_KG,"Duarte, Christian",10064346,Right,LAK_C,Undefined,9,Top,1,2,2,Undefined,Slider,StrikeSwinging,Strikeout,Undefined,Undefined,0,0,NA,79.73535,0.868418,0.579405,2508.448995,271.253069,03:00:00,5.36148,-1.91511,5.70854,-42.89388,1.02764,10.91134,2.59618,-0.466,73.67477,-6.993666,2.532424,0.476991,NA,NA,NA,NA,NA,NA,NA,NA,NA,NA,NA,-5.38941,0.71012,1.8598,50,5.40758,-1.59322,-115.91541,0.34384,-7.37928,20.37803,-31.20175,NWL_KG,LAK_C,HOMERSTRYKER,NWL,NWL,20250529-HOMERSTRYKER-1,17bf6f40-3cbe-11f0-a835-f9cb0487f947,79.02131,NA,NA,6.06058,NA,NA,NA,NA,NA,NA,45d07472-c160-48e7-9a7d-8b154baa4dec,2025-05-29,18:52:39,2025-05-29T18:52:39Z,2025-05-29T18:52:39Z,NA,v3,NA,NA,NA,"Garner, Coleman",90000255834,Right,NWL_KG,3c80d92c-086c-4130-b36a-f869cce28c7e,54.79145,-116.75472,10.18902,5.36696,1.62893,-15.60088,1.91916,-1.28929,-3.68964,NA,NA,NA,NA,NA,NA,NA,NA,NA,NA,NA,NA,NA,NA,NA,NA,NA,NA,NA,NA,NA,NA,NA,NA,NA,NA,NA,NA,NA,NA,NA,NA,NA,NA,NA,NA,NA,NA,NA,NA,NA,NA,NA,NA,NA,NA,NA,NA,NA,NA,High,High,High,NA,NA,NA,NA,NA,NA,NA,NA,NA,NA,NA,NA,NA,NA,NA,NA,NA,NA,NA,NA,NA,NA,NA,NA,NA,NA,NA,NA,NA,NA,NA,NA,NA,NA,NA,NA,NA,NA,NA,NA,NA,NA,NA,NA,NA,NA,NA,NA,NA,NA,NA,NA,NA,NA,NA,NA,NA,NA
NA,NA,NA,NA,NA,NA,NA,NA,NA,NA,NA,NA,NA,NA,NA,NA,400,2025-05-29,14:53:09,9,1,"Papenbrock, Tyler",1000161951,Left,NWL_KG,"Senior, Collin",1000273575,Right,LAK_C,Undefined,9,Top,2,0,0,Undefined,Slider,StrikeCalled,Undefined,Undefined,Undefined,0,0,NA,79.79854,0.430061,1.316745,2392.008378,292.842915,03:45:00,5.40986,-1.76511,5.85793,-46.22943,-2.23488,8.58186,1.95708,0.17361,73.28349,-8.057164,2.857627,0.477387,NA,NA,NA,NA,NA,NA,NA,NA,NA,NA,NA,-4.01197,-0.84532,1.65325,50,5.41786,-2.98957,-115.92953,-0.63076,-5.44138,22.3603,-33.32056,NWL_KG,LAK_C,HOMERSTRYKER,NWL,NWL,20250529-HOMERSTRYKER-1,2a2b02c0-3cbe-11f0-a835-f9cb0487f947,78.95565,NA,NA,6.51505,NA,NA,NA,NA,NA,NA,45d07472-c160-48e7-9a7d-8b154baa4dec,2025-05-29,18:53:09,2025-05-29T18:53:09Z,2025-05-29T18:53:09Z,NA,v3,NA,NA,NA,"Garner, Coleman",90000255834,Right,NWL_KG,f2a49cf0-e352-441e-ac50-0c203390b7c5,54.64185,-116.82141,11.18015,5.41652,0.69829,-16.66028,1.76816,-2.77253,-2.72069,NA,NA,NA,NA,NA,NA,NA,NA,NA,NA,NA,NA,NA,NA,NA,NA,NA,NA,NA,NA,NA,NA,NA,NA,NA,NA,NA,NA,NA,NA,NA,NA,NA,NA,NA,NA,NA,NA,NA,NA,NA,NA,NA,NA,NA,NA,NA,NA,NA,NA,High,High,High,NA,NA,NA,NA,NA,NA,NA,NA,NA,NA,NA,NA,NA,NA,NA,NA,NA,NA,NA,NA,NA,NA,NA,NA,NA,NA,NA,NA,NA,NA,NA,NA,NA,NA,NA,NA,NA,NA,NA,NA,NA,NA,NA,NA,NA,NA,NA,NA,NA,NA,NA,NA,NA,NA,NA,NA,NA,NA
NA,NA,NA,NA,NA,NA,NA,NA,NA,NA,NA,NA,NA,NA,NA,NA,401,2025-05-29,14:53:28,9,2,"Papenbrock, Tyler",1000161951,Left,NWL_KG,"Senior, Collin",1000273575,Right,LAK_C,Undefined,9,Top,2,0,1,Undefined,Four-Seam,BallCalled,Undefined,Undefined,Undefined,0,0,NA,89.50388,-3.116398,3.216458,2235.559583,149.998911,11:00:00,5.64757,-1.61543,6.27006,-18.13899,16.47135,-8.84788,1.25568,0.61554,81.72456,-6.563851,1.61992,0.423423,NA,NA,NA,NA,NA,NA,NA,NA,NA,NA,NA,5.54366,9.81001,1.38162,50,5.40764,-6.93906,-129.71855,-7.58312,9.41478,27.968,-15.51379,NWL_KG,LAK_C,HOMERSTRYKER,NWL,NWL,20250529-HOMERSTRYKER-1,353c4340-3cbe-11f0-a835-f9cb0487f947,89.01847,NA,NA,7.77931,NA,NA,NA,NA,NA,NA,45d07472-c160-48e7-9a7d-8b154baa4dec,2025-05-29,18:53:28,2025-05-29T18:53:28Z,2025-05-29T18:53:28Z,NA,v3,NA,NA,NA,"Garner, Coleman",90000255834,Right,NWL_KG,b110ceef-0980-4332-840b-a90e59893a72,54.22876,-130.62711,13.984,5.6458,-7.07914,-7.75689,1.61201,-7.2449,4.70739,NA,NA,NA,NA,NA,NA,NA,NA,NA,NA,NA,NA,NA,NA,NA,NA,NA,NA,NA,NA,NA,NA,NA,NA,NA,NA,NA,NA,NA,NA,NA,NA,NA,NA,NA,NA,NA,NA,NA,NA,NA,NA,NA,NA,NA,NA,NA,NA,NA,NA,High,High,High,NA,NA,NA,NA,NA,NA,NA,NA,NA,NA,NA,NA,NA,NA,NA,NA,NA,NA,NA,NA,NA,NA,NA,NA,NA,NA,NA,NA,NA,NA,NA,NA,NA,NA,NA,NA,NA,NA,NA,NA,NA,NA,NA,NA,NA,NA,NA,NA,NA,NA,NA,NA,NA,NA,NA,NA,NA,NA
NA,NA,NA,NA,NA,NA,NA,NA,NA,NA,NA,NA,NA,NA,NA,NA,402,2025-05-29,14:53:45,9,3,"Papenbrock, Tyler",1000161951,Left,NWL_KG,"Senior, Collin",1000273575,Right,LAK_C,Undefined,9,Top,2,1,1,Undefined,Slider,BallCalled,Undefined,Undefined,Undefined,0,0,NA,79.66666,-0.15264,1.486881,2490.896826,282.480478,03:30:00,5.32251,-1.77908,5.6645,-45.30495,-1.32799,11.51871,1.40472,0.56756,74.07404,-8.402283,3.547614,0.477292,NA,NA,NA,NA,NA,NA,NA,NA,NA,NA,NA,-5.5052,-0.28122,1.64592,50,5.28067,-3.44257,-115.84355,-1.81197,-7.54421,19.92656,-32.55941,NWL_KG,LAK_C,HOMERSTRYKER,NWL,NWL,20250529-HOMERSTRYKER-1,3f728d10-3cbe-11f0-a835-f9cb0487f947,78.97148,NA,NA,5.59262,NA,NA,NA,NA,NA,NA,45d07472-c160-48e7-9a7d-8b154baa4dec,2025-05-29,18:53:45,2025-05-29T18:53:45Z,2025-05-29T18:53:45Z,NA,v3,NA,NA,NA,"Garner, Coleman",90000255834,Right,NWL_KG,27413c5a-4bc3-4d6e-b2ac-f3313f4e242a,54.83716,-116.67264,9.96328,5.32788,-0.45727,-16.27971,1.78262,-3.12868,-3.7721,NA,NA,NA,NA,NA,NA,NA,NA,NA,NA,NA,NA,NA,NA,NA,NA,NA,NA,NA,NA,NA,NA,NA,NA,NA,NA,NA,NA,NA,NA,NA,NA,NA,NA,NA,NA,NA,NA,NA,NA,NA,NA,NA,NA,NA,NA,NA,NA,NA,NA,High,High,High,NA,NA,NA,NA,NA,NA,NA,NA,NA,NA,NA,NA,NA,NA,NA,NA,NA,NA,NA,NA,NA,NA,NA,NA,NA,NA,NA,NA,NA,NA,NA,NA,NA,NA,NA,NA,NA,NA,NA,NA,NA,NA,NA,NA,NA,NA,NA,NA,NA,NA,NA,NA,NA,NA,NA,NA,NA,NA
NA,NA,NA,NA,NA,NA,NA,NA,NA,NA,NA,NA,NA,NA,NA,NA,403,2025-05-29,14:54:05,9,4,"Papenbrock, Tyler",1000161951,Left,NWL_KG,"Senior, Collin",1000273575,Right,LAK_C,Undefined,9,Top,2,2,1,Undefined,Slider,BallCalled,Undefined,Undefined,Undefined,0,0,NA,77.10276,2.1936,-0.187828,2359.205534,276.103729,03:15:00,5.28561,-2.05028,5.73339,-47.47073,-0.07909,14.74158,3.37351,-0.99673,70.50731,-6.542017,2.450548,0.495476,NA,NA,NA,NA,NA,NA,NA,NA,NA,NA,NA,-7.54111,-0.20732,2.05678,50,5.43934,-0.18624,-111.94026,2.77997,-9.53761,20.81698,-32.43626,NWL_KG,LAK_C,HOMERSTRYKER,NWL,NWL,20250529-HOMERSTRYKER-1,4af30a20-3cbe-11f0-a835-f9cb0487f947,76.07325,NA,NA,6.59545,NA,NA,NA,NA,NA,NA,45d07472-c160-48e7-9a7d-8b154baa4dec,2025-05-29,18:54:05,2025-05-29T18:54:05Z,2025-05-29T18:54:05Z,NA,v3,NA,NA,NA,"Garner, Coleman",90000255834,Right,NWL_KG,bd08f366-efb6-4196-aaf2-ded5977235f6,54.76628,-112.82314,10.40849,5.29227,4.15564,-16.21813,2.0561,0.21827,-4.7688,NA,NA,NA,NA,NA,NA,NA,NA,NA,NA,NA,NA,NA,NA,NA,NA,NA,NA,NA,NA,NA,NA,NA,NA,NA,NA,NA,NA,NA,NA,NA,NA,NA,NA,NA,NA,NA,NA,NA,NA,NA,NA,NA,NA,NA,NA,NA,NA,NA,NA,High,High,High,NA,NA,NA,NA,NA,NA,NA,NA,NA,NA,NA,NA,NA,NA,NA,NA,NA,NA,NA,NA,NA,NA,NA,NA,NA,NA,NA,NA,NA,NA,NA,NA,NA,NA,NA,NA,NA,NA,NA,NA,NA,NA,NA,NA,NA,NA,NA,NA,NA,NA,NA,NA,NA,NA,NA,NA,NA,NA
NA,NA,NA,NA,NA,NA,NA,NA,NA,NA,NA,NA,NA,NA,NA,NA,404,2025-05-29,14:54:26,9,5,"Papenbrock, Tyler",1000161951,Left,NWL_KG,"Senior, Collin",1000273575,Right,LAK_C,Undefined,9,Top,2,3,1,Undefined,Slider,FoulBallNotFieldable,Undefined,Undefined,Undefined,0,0,NA,78.17301,0.549194,1.885773,2444.8385,271.045555,03:00:00,5.3537,-2.03186,5.83446,-44.63455,1.12945,13.6645,2.14491,0.86027,72.04691,-7.644683,4.334425,0.486893,NA,NA,NA,NA,NA,NA,NA,NA,NA,NA,NA,-6.51252,0.79717,1.86972,50,5.37196,-4.23587,-113.5771,-0.30653,-8.50446,20.85654,-31.13305,NWL_KG,LAK_C,HOMERSTRYKER,NWL,NWL,20250529-HOMERSTRYKER-1,57c24e50-3cbe-11f0-a835-f9cb0487f947,77.41425,NA,NA,6.1261,NA,NA,NA,NA,NA,NA,45d07472-c160-48e7-9a7d-8b154baa4dec,2025-05-29,18:54:26,2025-05-29T18:54:26Z,2025-05-29T18:54:26Z,NA,v3,NA,NA,NA,"Garner, Coleman",90000255834,Right,NWL_KG,95e97f5d-5bdb-4da2-9c54-759a384c5845,54.66645,-114.43081,10.42827,5.35843,0.96782,-15.56653,2.03598,-3.88776,-4.25223,NA,NA,NA,NA,NA,NA,NA,NA,NA,NA,NA,NA,NA,NA,NA,NA,NA,NA,NA,NA,NA,NA,NA,NA,NA,NA,NA,NA,NA,NA,NA,NA,NA,NA,NA,NA,NA,NA,NA,NA,NA,NA,NA,NA,NA,NA,NA,NA,NA,NA,High,High,High,NA,NA,NA,NA,NA,NA,NA,NA,NA,NA,NA,NA,NA,NA,NA,NA,NA,NA,NA,NA,NA,NA,NA,NA,NA,NA,NA,NA,NA,NA,NA,NA,NA,NA,NA,NA,NA,NA,NA,NA,NA,NA,NA,NA,NA,NA,NA,NA,NA,NA,NA,NA,NA,NA,NA,NA,NA,NA
NA,NA,NA,NA,NA,NA,NA,NA,NA,NA,NA,NA,NA,NA,NA,NA,405,2025-05-29,14:54:53,9,6,"Papenbrock, Tyler",1000161951,Left,NWL_KG,"Senior, Collin",1000273575,Right,LAK_C,Undefined,9,Top,2,3,2,Undefined,Slider,BallCalled,Walk,Undefined,Undefined,0,1,NA,79.98221,0.778358,2.799744,2426.106097,288.921936,03:45:00,5.3204,-1.85416,5.80434,-44.60719,-0.84945,6.28827,2.32793,1.27572,73.70733,-7.397589,3.924805,0.476101,NA,NA,NA,NA,NA,NA,NA,NA,NA,NA,NA,-2.45898,-0.27217,1.62037,50,5.35757,-5.91572,-116.12567,0.12981,-3.3638,21.38413,-32.54639,NWL_KG,LAK_C,HOMERSTRYKER,NWL,NWL,20250529-HOMERSTRYKER-1,67b3e120-3cbe-11f0-a835-f9cb0487f947,79.16904,NA,NA,6.27489,NA,NA,NA,NA,NA,NA,45d07472-c160-48e7-9a7d-8b154baa4dec,2025-05-29,18:54:53,2025-05-29T18:54:53Z,2025-05-29T18:54:53Z,NA,v3,NA,NA,NA,"Garner, Coleman",90000255834,Right,NWL_KG,60c338e2-37e1-40eb-b7e1-b271a1d652a3,54.69605,-116.98723,10.69207,5.32592,1.44111,-16.27319,1.85599,-5.78019,-1.6819,NA,NA,NA,NA,NA,NA,NA,NA,NA,NA,NA,NA,NA,NA,NA,NA,NA,NA,NA,NA,NA,NA,NA,NA,NA,NA,NA,NA,NA,NA,NA,NA,NA,NA,NA,NA,NA,NA,NA,NA,NA,NA,NA,NA,NA,NA,NA,NA,NA,NA,High,High,High,NA,NA,NA,NA,NA,NA,NA,NA,NA,NA,NA,NA,NA,NA,NA,NA,NA,NA,NA,NA,NA,NA,NA,NA,NA,NA,NA,NA,NA,NA,NA,NA,NA,NA,NA,NA,NA,NA,NA,NA,NA,NA,NA,NA,NA,NA,NA,NA,NA,NA,NA,NA,NA,NA,NA,NA,NA,NA
NA,NA,NA,NA,NA,NA,NA,NA,NA,NA,NA,NA,NA,NA,NA,NA,406,2025-05-29,14:55:28,10,1,"Papenbrock, Tyler",1000161951,Left,NWL_KG,"Kowes, Jacob",1000336232,Left,LAK_C,Undefined,9,Top,2,0,0,Undefined,Slider,BallCalled,Undefined,Undefined,Undefined,0,0,NA,77.39658,0.853535,-0.233614,2427.049371,282.912864,03:30:00,5.34426,-1.87933,5.68083,-47.93085,-1.00134,10.65879,2.14572,-1.20886,71.21095,-7.925937,1.674809,0.493054,NA,NA,NA,NA,NA,NA,NA,NA,NA,NA,NA,-5.47339,-0.29122,1.89225,50,5.38609,0.05685,-112.45922,0.12705,-7.00969,20.38864,-32.54701,NWL_KG,LAK_C,HOMERSTRYKER,NWL,NWL,20250529-HOMERSTRYKER-1,7caf2030-3cbe-11f0-a835-f9cb0487f947,76.44691,NA,NA,6.18562,NA,NA,NA,NA,NA,NA,45d07472-c160-48e7-9a7d-8b154baa4dec,2025-05-29,18:55:28,2025-05-29T18:55:28Z,2025-05-29T18:55:28Z,NA,v3,NA,NA,NA,"Garner, Coleman",90000255834,Right,NWL_KG,309b95fb-e46f-4041-949d-49228301b1c9,54.81904,-113.32953,10.19432,5.35102,1.51636,-16.27351,1.88344,0.35607,-3.50484,NA,NA,NA,NA,NA,NA,NA,NA,NA,NA,NA,NA,NA,NA,NA,NA,NA,NA,NA,NA,NA,NA,NA,NA,NA,NA,NA,NA,NA,NA,NA,NA,NA,NA,NA,NA,NA,NA,NA,NA,NA,NA,NA,NA,NA,NA,NA,NA,NA,NA,High,High,High,NA,NA,NA,NA,NA,NA,NA,NA,NA,NA,NA,NA,NA,NA,NA,NA,NA,NA,NA,NA,NA,NA,NA,NA,NA,NA,NA,NA,NA,NA,NA,NA,NA,NA,NA,NA,NA,NA,NA,NA,NA,NA,NA,NA,NA,NA,NA,NA,NA,NA,NA,NA,NA,NA,NA,NA,NA,NA
NA,NA,NA,NA,NA,NA,NA,NA,NA,NA,NA,NA,NA,NA,NA,NA,407,2025-05-29,14:55:44,10,2,"Papenbrock, Tyler",1000161951,Left,NWL_KG,"Kowes, Jacob",1000336232,Left,LAK_C,Undefined,9,Top,2,1,0,Undefined,Slider,BallCalled,Undefined,Undefined,Undefined,0,0,NA,78.61701,1.769924,1.16118,2489.221114,260.991619,02:45:00,5.33846,-1.7407300000000001,5.64692,-42.8529,3.08689,9.92536,3.41915,0.16963,71.56918,-6.130247,2.933458,0.487827,NA,NA,NA,NA,NA,NA,NA,NA,NA,NA,NA,-4.66898,1.50539,1.63586,50,5.4616,-2.69788,-114.04307,2.13671,-6.10372,22.41267,-30.20607,NWL_KG,LAK_C,HOMERSTRYKER,NWL,NWL,20250529-HOMERSTRYKER-1,8609b000-3cbe-11f0-a835-f9cb0487f947,77.26598,NA,NA,7.04783,NA,NA,NA,NA,NA,NA,45d07472-c160-48e7-9a7d-8b154baa4dec,2025-05-29,18:55:44,2025-05-29T18:55:44Z,2025-05-29T18:55:44Z,NA,v3,NA,NA,NA,"Garner, Coleman",90000255834,Right,NWL_KG,fe02b6a0-ddcd-4e0f-9374-ab6d07a9ca49,54.85069,-114.99242,11.20633,5.344,3.41617,-15.10304,1.74466,-2.43934,-3.05186,NA,NA,NA,NA,NA,NA,NA,NA,NA,NA,NA,NA,NA,NA,NA,NA,NA,NA,NA,NA,NA,NA,NA,NA,NA,NA,NA,NA,NA,NA,NA,NA,NA,NA,NA,NA,NA,NA,NA,NA,NA,NA,NA,NA,NA,NA,NA,NA,NA,NA,High,High,High,NA,NA,NA,NA,NA,NA,NA,NA,NA,NA,NA,NA,NA,NA,NA,NA,NA,NA,NA,NA,NA,NA,NA,NA,NA,NA,NA,NA,NA,NA,NA,NA,NA,NA,NA,NA,NA,NA,NA,NA,NA,NA,NA,NA,NA,NA,NA,NA,NA,NA,NA,NA,NA,NA,NA,NA,NA,NA
NA,NA,NA,NA,NA,NA,NA,NA,NA,NA,NA,NA,NA,NA,NA,NA,408,2025-05-29,14:56:02,10,3,"Papenbrock, Tyler",1000161951,Left,NWL_KG,"Kowes, Jacob",1000336232,Left,LAK_C,Undefined,9,Top,2,2,0,Undefined,Four-Seam,FoulBallNotFieldable,Undefined,Undefined,Undefined,0,0,NA,88.29967,-0.977098,3.018447,2332.105328,144.799684,10:45:00,5.56768,-1.49498,6.41048,-22.23119,13.02253,-8.38185,2.81537,0.58434,80.56765,-5.190034,1.501802,0.42734,94.60049,2.897156,-40.693525,5190.149982,NA,NA,NA,101.37147,101.37147,-46.091541,0.828776,5.24638,7.42496,1.28262,50,5.48748,-6.43414,-128.18937,-2.82761,8.7040400000000009,27.22782,-19.8556,NWL_KG,LAK_C,HOMERSTRYKER,NWL,NWL,20250529-HOMERSTRYKER-1,90f56720-3cbe-11f0-a835-f9cb0487f947,88.2024,3.78862,NA,7.73203,NA,NA,NA,-0.41314,2.83544,-0.78787,45d07472-c160-48e7-9a7d-8b154baa4dec,2025-05-29,18:56:02,2025-05-29T18:56:02Z,2025-05-29T18:56:02Z,GroundBall,v3,NA,NA,NA,"Garner, Coleman",90000255834,Right,NWL_KG,c7e05f33-6d3b-4850-b810-065cd65e1ad9,54.0878,-129.05471,13.61391,5.56732,-2.19657,-9.9278,1.4915,-6.71077,4.3520200000000004,NA,-0.28574,102.96038,-21.63224,NA,NA,NA,NA,NA,NA,2.84821,6.80783,-12.37899,NA,NA,NA,NA,NA,NA,-0.77126,-90.64137,4.14466,NA,NA,NA,NA,NA,NA,NA,NA,NA,NA,NA,NA,NA,NA,NA,NA,NA,NA,NA,NA,NA,NA,NA,NA,NA,NA,NA,NA,High,High,High,High,High,NA,NA,NA,NA,NA,NA,NA,NA,NA,NA,NA,NA,NA,NA,NA,NA,NA,NA,NA,NA,NA,NA,NA,NA,NA,NA,NA,NA,NA,NA,NA,NA,NA,NA,NA,NA,NA,NA,NA,NA,NA,NA,NA,NA,NA,NA,NA,NA,NA,NA,NA,NA,NA,NA,NA,NA
NA,NA,NA,NA,NA,NA,NA,NA,NA,NA,NA,NA,NA,NA,NA,NA,409,2025-05-29,14:56:30,10,4,"Papenbrock, Tyler",1000161951,Left,NWL_KG,"Kowes, Jacob",1000336232,Left,LAK_C,Undefined,9,Top,2,2,1,Undefined,Slider,BallCalled,Undefined,Undefined,Undefined,0,0,NA,79.02509,0.268542,0.602033,2493.65167,286.69303,03:30:00,5.30515,-1.8138,5.79554,-46.79345,-1.73925,10.63386,1.65551,-0.36763,72.43989,-8.319056,2.510334,0.483102,NA,NA,NA,NA,NA,NA,NA,NA,NA,NA,NA,-5.28618,-0.58866,1.75771,50,5.29901,-1.60199,-114.80595,-0.96644,-7.01087,22.50206,-32.95479,NWL_KG,LAK_C,HOMERSTRYKER,NWL,NWL,20250529-HOMERSTRYKER-1,a1933f80-3cbe-11f0-a835-f9cb0487f947,78.02166,NA,NA,6.5852,NA,NA,NA,NA,NA,NA,45d07472-c160-48e7-9a7d-8b154baa4dec,2025-05-29,18:56:30,2025-05-29T18:56:30Z,2025-05-29T18:56:30Z,NA,v3,NA,NA,NA,"Garner, Coleman",90000255834,Right,NWL_KG,dd552b6b-5a06-434f-b907-4460fe221b43,54.70487,-115.72443,11.25103,5.311,0.37871,-16.4774,1.81726,-1.31582,-3.50544,NA,NA,NA,NA,NA,NA,NA,NA,NA,NA,NA,NA,NA,NA,NA,NA,NA,NA,NA,NA,NA,NA,NA,NA,NA,NA,NA,NA,NA,NA,NA,NA,NA,NA,NA,NA,NA,NA,NA,NA,NA,NA,NA,NA,NA,NA,NA,NA,NA,NA,High,High,High,NA,NA,NA,NA,NA,NA,NA,NA,NA,NA,NA,NA,NA,NA,NA,NA,NA,NA,NA,NA,NA,NA,NA,NA,NA,NA,NA,NA,NA,NA,NA,NA,NA,NA,NA,NA,NA,NA,NA,NA,NA,NA,NA,NA,NA,NA,NA,NA,NA,NA,NA,NA,NA,NA,NA,NA,NA,NA
NA,NA,NA,NA,NA,NA,NA,NA,NA,NA,NA,NA,NA,NA,NA,NA,410,2025-05-29,14:56:48,10,5,"Papenbrock, Tyler",1000161951,Left,NWL_KG,"Kowes, Jacob",1000336232,Left,LAK_C,Undefined,9,Top,2,3,1,Undefined,Four-Seam,BallCalled,Walk,Undefined,Undefined,0,1,NA,88.23286,-1.555012,1.750774,2238.053842,138.236653,10:30:00,5.4427,-1.78405,6.19127,-22.280639999999998,13.58217,-11.00528,2.14929,-1.08425,79.92117,-5.776713,-0.235858,0.431016,NA,NA,NA,NA,NA,NA,NA,NA,NA,NA,NA,6.20465,7.88059,1.65733,50,5.31429,-3.45931,-128.01188,-4.13615,10.17939,29.21259,-19.2451,NWL_KG,LAK_C,HOMERSTRYKER,NWL,NWL,20250529-HOMERSTRYKER-1,ac443790-3cbe-11f0-a835-f9cb0487f947,87.45021,NA,NA,8.31169,NA,NA,NA,NA,NA,NA,45d07472-c160-48e7-9a7d-8b154baa4dec,2025-05-29,18:56:48,2025-05-29T18:56:48Z,2025-05-29T18:56:48Z,NA,v3,NA,NA,NA,"Garner, Coleman",90000255834,Right,NWL_KG,332ef54e-f3ba-4aa4-a42f-26aa3bbf4b86,54.30473,-128.99049,14.60629,5.44205,-3.49144,-9.62255,1.77893,-3.80032,5.0897,NA,NA,NA,NA,NA,NA,NA,NA,NA,NA,NA,NA,NA,NA,NA,NA,NA,NA,NA,NA,NA,NA,NA,NA,NA,NA,NA,NA,NA,NA,NA,NA,NA,NA,NA,NA,NA,NA,NA,NA,NA,NA,NA,NA,NA,NA,NA,NA,NA,NA,High,High,High,NA,NA,NA,NA,NA,NA,NA,NA,NA,NA,NA,NA,NA,NA,NA,NA,NA,NA,NA,NA,NA,NA,NA,NA,NA,NA,NA,NA,NA,NA,NA,NA,NA,NA,NA,NA,NA,NA,NA,NA,NA,NA,NA,NA,NA,NA,NA,NA,NA,NA,NA,NA,NA,NA,NA,NA,NA,NA
NA,NA,NA,NA,NA,NA,NA,NA,NA,NA,NA,NA,NA,NA,NA,NA,411,2025-05-29,14:57:26,11,1,"Papenbrock, Tyler",1000161951,Left,NWL_KG,"Sacchetti, Anthony",10006255,Right,LAK_C,Undefined,9,Top,2,0,0,Undefined,Slider,BallCalled,Undefined,Undefined,Undefined,0,0,NA,79.38304,-0.138367,1.696901,2498.213144,262.263646,02:45:00,5.3432,-1.89507,5.62132,-41.54727,3.08583,12.9654,1.75175,0.76939,73.31527,-7.735025,4.012189,0.480839,NA,NA,NA,NA,NA,NA,NA,NA,NA,NA,NA,-6.14662,1.99083,1.74174,50,5.30454,-3.91108,-115.32484,-1.63857,-8.29927,20.92867,-29.48597,NWL_KG,LAK_C,HOMERSTRYKER,NWL,NWL,20250529-HOMERSTRYKER-1,c2e51050-3cbe-11f0-a835-f9cb0487f947,78.38885,NA,NA,6.06777,NA,NA,NA,NA,NA,NA,45d07472-c160-48e7-9a7d-8b154baa4dec,2025-05-29,18:57:26,2025-05-29T18:57:26Z,2025-05-29T18:57:26Z,NA,v3,NA,NA,NA,"Garner, Coleman",90000255834,Right,NWL_KG,7cab3de8-60ea-42b2-a935-d80061506ac4,54.87895,-116.20688,10.46433,5.34741,-0.39588,-14.74299,1.89921,-3.56131,-4.14963,NA,NA,NA,NA,NA,NA,NA,NA,NA,NA,NA,NA,NA,NA,NA,NA,NA,NA,NA,NA,NA,NA,NA,NA,NA,NA,NA,NA,NA,NA,NA,NA,NA,NA,NA,NA,NA,NA,NA,NA,NA,NA,NA,NA,NA,NA,NA,NA,NA,NA,High,High,High,NA,NA,NA,NA,NA,NA,NA,NA,NA,NA,NA,NA,NA,NA,NA,NA,NA,NA,NA,NA,NA,NA,NA,NA,NA,NA,NA,NA,NA,NA,NA,NA,NA,NA,NA,NA,NA,NA,NA,NA,NA,NA,NA,NA,NA,NA,NA,NA,NA,NA,NA,NA,NA,NA,NA,NA,NA,NA
NA,NA,NA,NA,NA,NA,NA,NA,NA,NA,NA,NA,NA,NA,NA,NA,412,2025-05-29,14:57:43,11,2,"Papenbrock, Tyler",1000161951,Left,NWL_KG,"Sacchetti, Anthony",10006255,Right,LAK_C,Undefined,9,Top,2,1,0,Undefined,Sinker,FoulBallNotFieldable,Undefined,Undefined,Undefined,0,0,NA,87.78218,-1.046216,3.144554,2254.903108,127.567821,10:15:00,5.57048,-1.41709,6.44913,-22.93785,12.6367,-14.94221,2.69623,0.2297,80.18492,-5.390308,0.438098,0.42928,64.58305,58.072269,129.417245,4770.509486,NA,NA,NA,NA,39.42997,NA,NA,8.76099,7.25185,1.20074,50,5.48589,-6.44019,-127.4771,-2.9868,14.38647,26.7134,-20.26574,NWL_KG,LAK_C,HOMERSTRYKER,NWL,NWL,20250529-HOMERSTRYKER-1,cd5b2240-3cbe-11f0-a835-f9cb0487f947,87.80377,50.89006,NA,7.59727,NA,NA,NA,2.27652,2.78821,-0.20109,45d07472-c160-48e7-9a7d-8b154baa4dec,2025-05-29,18:57:43,2025-05-29T18:57:43Z,2025-05-29T18:57:43Z,NA,v3,NA,NA,NA,"Garner, Coleman",90000255834,Right,NWL_KG,18d8c694-3c6b-4b4f-8d46-9b1134055307,54.05082,-128.32316,13.3567,5.57032,-2.34495,-10.13287,1.41193,-6.89584,7.19323,341.310891,2.27652,-31.8075,-4.11209,2.27713,-0.68288,0.17555,-0.03966,0.00856,-0.00125,2.78821,80.39176,-30.27868,4.24603,-0.88044,0.15698,-0.03752,0.01878,-0.00638,-0.20109,38.69933,-3.31257,-0.59378,0.3343,-0.11387,0.02049,0.00311,-0.00291,NA,NA,NA,NA,NA,NA,NA,NA,NA,NA,NA,NA,NA,NA,NA,NA,NA,NA,NA,NA,NA,NA,High,High,High,High,Undefined,NA,NA,NA,NA,NA,NA,NA,NA,NA,NA,NA,NA,NA,NA,NA,NA,NA,NA,NA,NA,NA,NA,NA,NA,NA,NA,NA,NA,NA,NA,NA,NA,NA,NA,NA,NA,NA,NA,NA,NA,NA,NA,NA,NA,NA,NA,NA,NA,NA,NA,NA,NA,NA,NA,NA,NA
NA,NA,NA,NA,NA,NA,NA,NA,NA,NA,NA,NA,NA,NA,NA,NA,413,2025-05-29,14:58:03,11,3,"Papenbrock, Tyler",1000161951,Left,NWL_KG,"Sacchetti, Anthony",10006255,Right,LAK_C,Undefined,9,Top,2,1,1,Undefined,Cutter,BallCalled,Undefined,Undefined,Undefined,0,1,NA,87.02128,-3.027455,3.094607,2262.329059,154.546264,11:15:00,5.5559,-1.64565,6.48246,-24.34092,12.00186,-5.14118,0.74112,0.77006,79.5976,-7.606188,2.162552,0.433891,NA,NA,NA,NA,NA,NA,NA,NA,NA,NA,NA,3.62118,7.53532,1.43032,50,5.33196,-6.63207,-126.18135,-7.37649,5.80902,26.87399,-20.08605,NWL_KG,LAK_C,HOMERSTRYKER,NWL,NWL,20250529-HOMERSTRYKER-1,d8f9aea0-3cbe-11f0-a835-f9cb0487f947,86.8708,NA,NA,7.42369,NA,NA,NA,NA,NA,NA,45d07472-c160-48e7-9a7d-8b154baa4dec,2025-05-29,18:58:03,2025-05-29T18:58:03Z,2025-05-29T18:58:03Z,NA,v3,NA,NA,NA,"Garner, Coleman",90000255834,Right,NWL_KG,e6d3f8ba-99b9-4671-a49d-8b6f20740c77,54.01672,-127.03395,13.437,5.55588,-6.73925,-10.04303,1.64365,-6.81636,2.90451,NA,NA,NA,NA,NA,NA,NA,NA,NA,NA,NA,NA,NA,NA,NA,NA,NA,NA,NA,NA,NA,NA,NA,NA,NA,NA,NA,NA,NA,NA,NA,NA,NA,NA,NA,NA,NA,NA,NA,NA,NA,NA,NA,NA,NA,NA,NA,NA,NA,NA,High,High,High,NA,NA,NA,NA,NA,NA,NA,NA,NA,NA,NA,NA,NA,NA,NA,NA,NA,NA,NA,NA,NA,NA,NA,NA,NA,NA,NA,NA,NA,NA,NA,NA,NA,NA,NA,NA,NA,NA,NA,NA,NA,NA,NA,NA,NA,NA,NA,NA,NA,NA,NA,NA,NA,NA,NA,NA,NA,NA
NA,NA,NA,NA,NA,NA,NA,NA,NA,NA,NA,NA,NA,NA,NA,NA,414,2025-05-29,14:58:44,11,4,"Papenbrock, Tyler",1000161951,Left,NWL_KG,"Sacchetti, Anthony",10006255,Right,LAK_C,Undefined,9,Top,2,2,1,Undefined,Slider,StrikeSwinging,Undefined,Undefined,Undefined,0,0,NA,79.53525,1.158707,0.838571,2432.641999,266.752648,03:00:00,5.31878,-1.89578,5.59015,-42.38739,1.84606,10.74005,2.8687,-0.21771,73.63089,-6.594264,2.755627,0.478682,NA,NA,NA,NA,NA,NA,NA,NA,NA,NA,NA,-5.22248,1.04465,1.81673,50,5.39055,-2.11024,-115.61872,0.9255,-7.13601,19.64949,-30.74663,NWL_KG,LAK_C,HOMERSTRYKER,NWL,NWL,20250529-HOMERSTRYKER-1,f1798090-3cbe-11f0-a835-f9cb0487f947,78.74217,NA,NA,5.90435,NA,NA,NA,NA,NA,NA,45d07472-c160-48e7-9a7d-8b154baa4dec,2025-05-29,18:58:44,2025-05-29T18:58:44Z,2025-05-29T18:58:44Z,NA,v3,NA,NA,NA,"Garner, Coleman",90000255834,Right,NWL_KG,b50d1a03-c854-4577-918e-20e5c4c9f35d,54.91004,-116.4502,9.82474,5.32386,2.22656,-15.37331,1.89964,-1.80827,-3.56801,NA,NA,NA,NA,NA,NA,NA,NA,NA,NA,NA,NA,NA,NA,NA,NA,NA,NA,NA,NA,NA,NA,NA,NA,NA,NA,NA,NA,NA,NA,NA,NA,NA,NA,NA,NA,NA,NA,NA,NA,NA,NA,NA,NA,NA,NA,NA,NA,NA,NA,High,High,High,NA,NA,NA,NA,NA,NA,NA,NA,NA,NA,NA,NA,NA,NA,NA,NA,NA,NA,NA,NA,NA,NA,NA,NA,NA,NA,NA,NA,NA,NA,NA,NA,NA,NA,NA,NA,NA,NA,NA,NA,NA,NA,NA,NA,NA,NA,NA,NA,NA,NA,NA,NA,NA,NA,NA,NA,NA,NA
NA,NA,NA,NA,NA,NA,NA,NA,NA,NA,NA,NA,NA,NA,NA,NA,415,2025-05-29,14:59:01,11,5,"Papenbrock, Tyler",1000161951,Left,NWL_KG,"Sacchetti, Anthony",10006255,Right,LAK_C,Undefined,9,Top,2,2,2,Undefined,Slider,StrikeSwinging,Strikeout,Undefined,Undefined,0,0,NA,79.5126,-1.092561,2.66811,2453.782923,251.331754,02:30:00,5.29513,-1.90133,5.86368,-39.90967,4.04051,8.26725,0.95315,1.268,73.86593,-8.396094,4.15005,0.477147,NA,NA,NA,NA,NA,NA,NA,NA,NA,NA,NA,-3.58981,2.69339,1.67996,50,5.18292,-5.68215,-115.51324,-3.45442,-4.88485,20.08477,-28.509,NWL_KG,LAK_C,HOMERSTRYKER,NWL,NWL,20250529-HOMERSTRYKER-1,fb761cc0-3cbe-11f0-a835-f9cb0487f947,78.99551,NA,NA,5.64668,NA,NA,NA,NA,NA,NA,45d07472-c160-48e7-9a7d-8b154baa4dec,2025-05-29,18:59:01,2025-05-29T18:59:01Z,2025-05-29T18:59:01Z,NA,v3,NA,NA,NA,"Garner, Coleman",90000255834,Right,NWL_KG,2268b832-742b-4123-9bac-f78eb4ad19ba,54.63743,-116.31678,10.04239,5.2983,-2.31386,-14.2545,1.90338,-5.48672,-2.44242,NA,NA,NA,NA,NA,NA,NA,NA,NA,NA,NA,NA,NA,NA,NA,NA,NA,NA,NA,NA,NA,NA,NA,NA,NA,NA,NA,NA,NA,NA,NA,NA,NA,NA,NA,NA,NA,NA,NA,NA,NA,NA,NA,NA,NA,NA,NA,NA,NA,NA,High,High,High,NA,NA,NA,NA,NA,NA,NA,NA,NA,NA,NA,NA,NA,NA,NA,NA,NA,NA,NA,NA,NA,NA,NA,NA,NA,NA,NA,NA,NA,NA,NA,NA,NA,NA,NA,NA,NA,NA,NA,NA,NA,NA,NA,NA,NA,NA,NA,NA,NA,NA,NA,NA,NA,NA,NA,NA,NA,NA
NA,NA,NA,NA,NA,NA,NA,NA,NA,NA,NA,NA,NA,NA,NA,NA,416,2025-05-29,15:02:00,1,1,"Smith, Danny",1000403812,Right,LAK_C,"Thielman, Avery",1000215893,Right,NWL_KG,Undefined,9,Bottom,0,0,0,Undefined,Slider,StrikeCalled,Undefined,Undefined,Undefined,0,0,NA,71.05288,0.25557,-0.288879,1904.18145,115.501411,09:45:00,6.18237,0.91469,5.4451,-50.64373,5.65437,-8.11315,2.20135,-0.03188,65.4476,-8.99477,-1.735264,0.540031,NA,NA,NA,NA,NA,NA,NA,NA,NA,NA,NA,4.00918,3.31382,-0.8834,50,6.17012,0.80727,-103.16273,-1.05902,4.31398,17.40577,-28.60829,NWL_KG,LAK_C,HOMERSTRYKER,NWL,NWL,20250529-HOMERSTRYKER-1,66141e60-3cbf-11f0-a835-f9cb0487f947,69.79686,NA,NA,5.60528,NA,NA,NA,NA,NA,NA,45d07472-c160-48e7-9a7d-8b154baa4dec,2025-05-29,19:02:00,2025-05-29T19:02:00Z,2025-05-29T19:02:00Z,NA,v3,NA,NA,NA,"Duarte, Christian",10064346,R,LAK_C,fac16bc1-b384-4d0c-8a92-adb8d4294a5b,55.05323,-104.01182,8.70288,6.18774,0.33656,-14.30415,-0.91765,0.59682,2.15699,NA,NA,NA,NA,NA,NA,NA,NA,NA,NA,NA,NA,NA,NA,NA,NA,NA,NA,NA,NA,NA,NA,NA,NA,NA,NA,NA,NA,NA,NA,NA,NA,NA,NA,NA,NA,NA,NA,NA,NA,NA,NA,NA,NA,NA,NA,NA,NA,NA,NA,High,High,High,NA,NA,NA,NA,NA,NA,NA,NA,NA,NA,NA,NA,NA,NA,NA,NA,NA,NA,NA,NA,NA,NA,NA,NA,NA,NA,NA,NA,NA,NA,NA,NA,NA,NA,NA,NA,NA,NA,NA,NA,NA,NA,NA,NA,NA,NA,NA,NA,NA,NA,NA,NA,NA,NA,NA,NA,NA,NA
NA,NA,NA,NA,NA,NA,NA,NA,NA,NA,NA,NA,NA,NA,NA,NA,417,2025-05-29,15:02:16,1,2,"Smith, Danny",1000403812,Right,LAK_C,"Thielman, Avery",1000215893,Right,NWL_KG,Undefined,9,Bottom,0,0,1,Undefined,Slider,BallCalled,Undefined,Undefined,Undefined,0,0,NA,69.05613,-0.363669,-1.932766,1951.592506,113.959605,09:45:00,6.08843,1.01641,5.63011,-53.79235,5.9876,-8.86717,1.26622,-1.52657,63.33732,-10.209573,-3.517954,0.55648,NA,NA,NA,NA,NA,NA,NA,NA,NA,NA,NA,3.8811,3.79866,-0.84617,50,6.02349,3.68232,-100.13064,-2.16393,3.89803,17.78695,-28.35883,NWL_KG,LAK_C,HOMERSTRYKER,NWL,NWL,20250529-HOMERSTRYKER-1,6fb0e750-3cbf-11f0-a835-f9cb0487f947,67.73373,NA,NA,5.71881,NA,NA,NA,NA,NA,NA,45d07472-c160-48e7-9a7d-8b154baa4dec,2025-05-29,19:02:16,2025-05-29T19:02:16Z,2025-05-29T19:02:16Z,NA,v3,NA,NA,NA,"Duarte, Christian",10064346,R,LAK_C,98828126-c543-4d50-934f-cb2a8aeaa7ad,54.86629,-100.99138,8.89347,6.095,-0.79161,-14.17941,-1.0198,3.49368,1.94902,NA,NA,NA,NA,NA,NA,NA,NA,NA,NA,NA,NA,NA,NA,NA,NA,NA,NA,NA,NA,NA,NA,NA,NA,NA,NA,NA,NA,NA,NA,NA,NA,NA,NA,NA,NA,NA,NA,NA,NA,NA,NA,NA,NA,NA,NA,NA,NA,NA,NA,High,High,High,NA,NA,NA,NA,NA,NA,NA,NA,NA,NA,NA,NA,NA,NA,NA,NA,NA,NA,NA,NA,NA,NA,NA,NA,NA,NA,NA,NA,NA,NA,NA,NA,NA,NA,NA,NA,NA,NA,NA,NA,NA,NA,NA,NA,NA,NA,NA,NA,NA,NA,NA,NA,NA,NA,NA,NA,NA,NA
NA,NA,NA,NA,NA,NA,NA,NA,NA,NA,NA,NA,NA,NA,NA,NA,418,2025-05-29,15:02:34,1,3,"Smith, Danny",1000403812,Right,LAK_C,"Thielman, Avery",1000215893,Right,NWL_KG,Undefined,9,Bottom,0,1,1,Undefined,Curveball,StrikeCalled,Undefined,Undefined,Undefined,0,0,NA,67.79331,1.174418,-0.541461,1966.229813,97.335613,09:15:00,6.15595,1.07087,5.36932,-59.3255,3.44886,-9.65945,2.31349,-0.24177,61.83829,-9.668081,-2.260782,0.570246,NA,NA,NA,NA,NA,NA,NA,NA,NA,NA,NA,4.66296,2.02921,-1.01527,50,6.21963,1.26401,-98.27344,0.2854,4.49785,17.55744,-30.21669,NWL_KG,LAK_C,HOMERSTRYKER,NWL,NWL,20250529-HOMERSTRYKER-1,7a8df870-3cbf-11f0-a835-f9cb0487f947,66.09851,NA,NA,5.95501,NA,NA,NA,NA,NA,NA,45d07472-c160-48e7-9a7d-8b154baa4dec,2025-05-29,19:02:34,2025-05-29T19:02:34Z,2025-05-29T19:02:34Z,NA,v3,NA,NA,NA,"Duarte, Christian",10064346,R,LAK_C,d1f7b377-9198-4098-bdcd-5389d38e972d,55.12754,-99.1853,8.77872,6.16406,1.85471,-15.10835,-1.07485,1.03041,2.24892,NA,NA,NA,NA,NA,NA,NA,NA,NA,NA,NA,NA,NA,NA,NA,NA,NA,NA,NA,NA,NA,NA,NA,NA,NA,NA,NA,NA,NA,NA,NA,NA,NA,NA,NA,NA,NA,NA,NA,NA,NA,NA,NA,NA,NA,NA,NA,NA,NA,NA,High,High,High,NA,NA,NA,NA,NA,NA,NA,NA,NA,NA,NA,NA,NA,NA,NA,NA,NA,NA,NA,NA,NA,NA,NA,NA,NA,NA,NA,NA,NA,NA,NA,NA,NA,NA,NA,NA,NA,NA,NA,NA,NA,NA,NA,NA,NA,NA,NA,NA,NA,NA,NA,NA,NA,NA,NA,NA,NA,NA
NA,NA,NA,NA,NA,NA,NA,NA,NA,NA,NA,NA,NA,NA,NA,NA,419,2025-05-29,15:02:56,1,4,"Smith, Danny",1000403812,Right,LAK_C,"Thielman, Avery",1000215893,Right,NWL_KG,Undefined,9,Bottom,0,1,2,Undefined,Curveball,FoulBallNotFieldable,Undefined,Undefined,Undefined,0,0,NA,68.99411,0.952513,-0.001984,1925.257541,69.01085,08:15:00,6.11145,0.91087,5.35269,-62.60015,-2.0937,-10.87103,1.78821,0.00309,63.1662,-10.434552,-1.938592,0.559851,65.06872,43.190196,73.876945,4799.327265,12.01829,59.10149,109.34121,192.75051,95.24877,91.502053,3.901875,5.48705,-0.80736,-0.90252,50,6.15231,0.37938,-100.09137,-0.211,5.49586,18.06526,-32.9827,NWL_KG,LAK_C,HOMERSTRYKER,NWL,NWL,20250529-HOMERSTRYKER-1,8812d100-3cbf-11f0-a835-f9cb0487f947,67.32586,59.20178,NA,5.82791,NA,NA,NA,1.3354,2.06625,0.04789,45d07472-c160-48e7-9a7d-8b154baa4dec,2025-05-29,19:02:56,2025-05-29T19:02:56Z,2025-05-29T19:02:56Z,Popup,v3,NA,NA,NA,"Duarte, Christian",10064346,R,LAK_C,69ce911e-62dc-4acc-9177-f75e33ef7149,55.1472,-101.0161,9.03263,6.1199,1.47734,-16.49135,-0.91473,0.09805,2.74793,224.246227,1.34329,19.09244,-9.85597,0.18869,2.57763,-1.89497,0.66415,-0.11814,0.00851,2.06663,65.30476,-21.00215,1.56314,-0.06281,-0.11067,0.05177,-0.00969,6.6e-4,0.05039,66.77267,-6.34065,0.07599,0.73546,-0.4487,0.13192,-0.01957,0.00118,NA,NA,NA,NA,NA,NA,NA,NA,NA,NA,NA,NA,NA,NA,NA,NA,NA,NA,NA,NA,NA,NA,High,High,High,High,Low,NA,NA,NA,NA,NA,NA,NA,NA,NA,NA,NA,NA,NA,NA,NA,NA,NA,NA,NA,NA,NA,NA,NA,NA,NA,NA,NA,NA,NA,NA,NA,NA,NA,NA,NA,NA,NA,NA,NA,NA,NA,NA,NA,NA,NA,NA,NA,NA,NA,NA,NA,NA,NA,NA,NA,NA
NA,NA,NA,NA,NA,NA,NA,NA,NA,NA,NA,NA,NA,NA,NA,NA,420,2025-05-29,15:03:38,1,5,"Smith, Danny",1000403812,Right,LAK_C,"Thielman, Avery",1000215893,Right,NWL_KG,Undefined,9,Bottom,0,1,2,Undefined,Changeup,FoulBallNotFieldable,Undefined,Undefined,Undefined,0,0,NA,80.92845,-1.149862,0.157942,1833.709626,181.981574,12:00:00,6.27393,0.47815,6.07344,-24.64919,17.46765,0.56035,3.15571,0.671,74.49338,-5.784879,0.258902,0.467089,66.01007,17.310383,163.818788,1827.972316,-107.30915,12.14693,24.17898,150.37895,57.88195,168.365791,1.898236,-0.24882,9.71686,-0.49068,50,6.17175,-0.34483,-117.6506,-3.04707,-0.35041,21.3167,-18.48933,NWL_KG,LAK_C,HOMERSTRYKER,NWL,NWL,20250529-HOMERSTRYKER-1,a0d06f40-3cbf-11f0-a835-f9cb0487f947,80.69654,15.46316,NA,6.43507,NA,NA,NA,1.2045,3.14195,-0.66334,45d07472-c160-48e7-9a7d-8b154baa4dec,2025-05-29,19:03:38,2025-05-29T19:03:38Z,2025-05-29T19:03:38Z,LineDrive,v3,NA,NA,NA,"Duarte, Christian",10064346,R,LAK_C,c729af78-5854-4a5a-9fa3-35738bc8de06,54.42531,-118.44970000000001,10.65835,6.2729799999999996,-2.35397,-9.24466,-0.478,-0.33169,-0.17521,260.860007,1.2045,-88.76791,7.32992,-1.26106,0.19792,-9.7e-4,-0.01415,0.00513,-7e-4,3.14195,28.80669,-17.68445,1.08523,-0.06258,-0.14101,0.11068,-0.03584,0.00456,-0.66334,25.75839,-6.96718,1.56513,-0.54078,0.35879,-0.20793,0.06517,-0.00823,NA,NA,NA,NA,NA,NA,NA,NA,NA,NA,NA,NA,NA,NA,NA,NA,NA,NA,NA,NA,NA,NA,High,High,High,High,Medium,NA,NA,NA,NA,NA,NA,NA,NA,NA,NA,NA,NA,NA,NA,NA,NA,NA,NA,NA,NA,NA,NA,NA,NA,NA,NA,NA,NA,NA,NA,NA,NA,NA,NA,NA,NA,NA,NA,NA,NA,NA,NA,NA,NA,NA,NA,NA,NA,NA,NA,NA,NA,NA,NA,NA,NA
NA,NA,NA,NA,NA,NA,NA,NA,NA,NA,NA,NA,NA,NA,NA,NA,421,2025-05-29,15:04:04,1,6,"Smith, Danny",1000403812,Right,LAK_C,"Thielman, Avery",1000215893,Right,NWL_KG,Undefined,9,Bottom,0,1,2,Undefined,Slider,FoulBallNotFieldable,Undefined,Undefined,Undefined,0,0,NA,69.60049,0.609573,-0.2841,1927.694464,106.12599,09:30:00,6.1758,0.79754,5.60728,-54.47479,4.12374,-7.55536,2.20527,-0.09726,63.86708,-9.374655,-1.635396,0.550953,58.57808,35.861043,128.548763,4091.188259,-77.74259,24.03587,77.82037,144.59359,64.02681,136.949952,2.554769,3.7591,2.45547,-0.76819,50,6.1927,0.75676,-101.03493,-0.4891,3.85796,17.55784,-29.654,NWL_KG,LAK_C,HOMERSTRYKER,NWL,NWL,20250529-HOMERSTRYKER-1,b071e640-3cbf-11f0-a835-f9cb0487f947,68.41314,31.04073,NA,5.73341,NA,NA,NA,1.64023,2.1592,1e-4,45d07472-c160-48e7-9a7d-8b154baa4dec,2025-05-29,19:04:04,2025-05-29T19:04:04Z,2025-05-29T19:04:04Z,LineDrive,v3,NA,NA,NA,"Duarte, Christian",10064346,R,LAK_C,98faae27-c2b4-4ff2-903c-1304b9c640a7,54.89132,-101.88139,8.77892,6.18182,0.94052,-14.827,-0.80019,0.57077,1.92898,314.437474,1.6403,-43.39527,-1.73196,1.48685,-0.26034,-0.11073,0.09734,-0.0256,0.00238,2.15922,50.32962,-24.45387,2.68672,-0.54854,0.10841,-0.03401,0.01055,-0.00132,2e-5,54.46054,-8.46801,1.64733,-0.71316,0.49219,-0.26591,0.07358,-0.00778,NA,NA,NA,NA,NA,NA,NA,NA,NA,NA,NA,NA,NA,NA,NA,NA,NA,NA,NA,NA,NA,NA,High,High,High,High,Medium,NA,NA,NA,NA,NA,NA,NA,NA,NA,NA,NA,NA,NA,NA,NA,NA,NA,NA,NA,NA,NA,NA,NA,NA,NA,NA,NA,NA,NA,NA,NA,NA,NA,NA,NA,NA,NA,NA,NA,NA,NA,NA,NA,NA,NA,NA,NA,NA,NA,NA,NA,NA,NA,NA,NA,NA
NA,NA,NA,NA,NA,NA,NA,NA,NA,NA,NA,NA,NA,NA,NA,NA,422,2025-05-29,15:04:33,1,7,"Smith, Danny",1000403812,Right,LAK_C,"Thielman, Avery",1000215893,Right,NWL_KG,Undefined,9,Bottom,0,1,2,Undefined,Curveball,InPlay,Undefined,GroundBall,Out,1,0,NA,68.60287,1.520685,0.148213,1955.786827,77.078535,08:30:00,6.22019,0.83466,5.07763,-60.8418,-0.22189,-8.42245,2.58392,0.2725,63.86789,-9.453618,-1.343276,0.560375,85.79341,6.915541,5.931469,1740.994041,NA,NA,NA,112.01899,112.01899,9.715269,1.030203,4.26378,-0.05724,-0.8416,50,6.31561,0.03448,-99.67656,0.76981,4.32911,14.64086,-32.232170000000004,NWL_KG,LAK_C,HOMERSTRYKER,NWL,NWL,20250529-HOMERSTRYKER-1,c1736270-3cbf-11f0-a835-f9cb0487f947,67.26284,5.75433,NA,4.73498,NA,NA,NA,1.56551,2.61408,-0.28998,45d07472-c160-48e7-9a7d-8b154baa4dec,2025-05-29,19:04:33,2025-05-29T19:04:33Z,2025-05-29T19:04:33Z,GroundBall,v3,NA,NA,NA,"Duarte, Christian",10064346,R,LAK_C,41ae1080-9255-41e6-8350-b173acb69033,55.42429,-100.47014,7.32043,6.22654,2.51689,-16.11609,-0.83712,-0.20017,2.16455,272.782247,1.71405,122.25253,-16.37359,NA,NA,NA,NA,NA,NA,2.69627,14.0515,-16.2494,NA,NA,NA,NA,NA,NA,-0.3802,14.137,4.51978,NA,NA,NA,NA,NA,NA,NA,NA,NA,NA,NA,NA,NA,NA,NA,NA,NA,NA,NA,NA,NA,NA,NA,NA,NA,NA,NA,NA,High,High,High,High,High,NA,NA,NA,NA,NA,NA,NA,NA,NA,NA,NA,NA,NA,NA,NA,NA,NA,NA,NA,NA,NA,NA,NA,NA,NA,NA,NA,NA,NA,NA,NA,NA,NA,NA,NA,NA,NA,NA,NA,NA,NA,NA,NA,NA,NA,NA,NA,NA,NA,NA,NA,NA,NA,NA,NA,NA
NA,NA,NA,NA,NA,NA,NA,NA,NA,NA,NA,NA,NA,NA,NA,NA,423,2025-05-29,15:05:15,2,1,"Smith, Danny",1000403812,Right,LAK_C,"Garner, Coleman",90000255834,Right,NWL_KG,Undefined,9,Bottom,1,0,0,Undefined,Curveball,BallCalled,Undefined,Undefined,Undefined,0,0,NA,69.26246,-1.521867,-0.599544,1972.058141,83.785414,08:45:00,6.11433,0.78138,5.65229,-58.24972,1.08402,-8.61371,-0.15961,-0.49562,63.86662,-12.11004,-2.145641,0.554399,NA,NA,NA,NA,NA,NA,NA,NA,NA,NA,NA,4.23898,1.52366,-0.72485,50,5.94813,1.33376,-100.50912,-4.3262,4.2842,18.11488,-30.63413,NWL_KG,LAK_C,HOMERSTRYKER,NWL,NWL,20250529-HOMERSTRYKER-1,daaebc30-3cbf-11f0-a835-f9cb0487f947,67.98796,NA,NA,5.39584,NA,NA,NA,NA,NA,NA,45d07472-c160-48e7-9a7d-8b154baa4dec,2025-05-29,19:05:15,2025-05-29T19:05:15Z,2025-05-29T19:05:15Z,NA,v3,NA,NA,NA,"Duarte, Christian",10064346,R,LAK_C,fff8a21c-980e-45dd-9361-400d102499cb,54.84772,-101.37907,9.05744,6.12057,-2.85503,-15.31706,-0.78396,1.12802,2.1421,NA,NA,NA,NA,NA,NA,NA,NA,NA,NA,NA,NA,NA,NA,NA,NA,NA,NA,NA,NA,NA,NA,NA,NA,NA,NA,NA,NA,NA,NA,NA,NA,NA,NA,NA,NA,NA,NA,NA,NA,NA,NA,NA,NA,NA,NA,NA,NA,NA,NA,High,High,High,NA,NA,NA,NA,NA,NA,NA,NA,NA,NA,NA,NA,NA,NA,NA,NA,NA,NA,NA,NA,NA,NA,NA,NA,NA,NA,NA,NA,NA,NA,NA,NA,NA,NA,NA,NA,NA,NA,NA,NA,NA,NA,NA,NA,NA,NA,NA,NA,NA,NA,NA,NA,NA,NA,NA,NA,NA,NA
NA,NA,NA,NA,NA,NA,NA,NA,NA,NA,NA,NA,NA,NA,NA,NA,424,2025-05-29,15:05:38,2,2,"Smith, Danny",1000403812,Right,LAK_C,"Garner, Coleman",90000255834,Right,NWL_KG,Undefined,9,Bottom,1,1,0,Undefined,Curveball,BallCalled,Undefined,Undefined,Undefined,0,0,NA,68.71244,-0.463768,-1.882452,1978.657248,90.526015,09:00:00,6.07417,0.87439,5.53378,-58.09165,1.98173,-11.76918,0.79946,-1.86659,63.73132,-11.003471,-3.984237,0.557844,NA,NA,NA,NA,NA,NA,NA,NA,NA,NA,NA,5.4317,1.69575,-0.7029,50,5.99522,3.67308,-99.74918,-2.48842,5.45927,16.41017,-30.46969,NWL_KG,LAK_C,HOMERSTRYKER,NWL,NWL,20250529-HOMERSTRYKER-1,e88696c0-3cbf-11f0-a835-f9cb0487f947,67.56812,NA,NA,4.98113,NA,NA,NA,NA,NA,NA,45d07472-c160-48e7-9a7d-8b154baa4dec,2025-05-29,19:05:38,2025-05-29T19:05:38Z,2025-05-29T19:05:38Z,NA,v3,NA,NA,NA,"Duarte, Christian",10064346,R,LAK_C,9b3d370d-5007-4368-92c6-1c23dd0bd6c8,54.96598,-100.56283,8.20509,6.08115,-0.97766,-15.23485,-0.87831,3.4024,2.72964,NA,NA,NA,NA,NA,NA,NA,NA,NA,NA,NA,NA,NA,NA,NA,NA,NA,NA,NA,NA,NA,NA,NA,NA,NA,NA,NA,NA,NA,NA,NA,NA,NA,NA,NA,NA,NA,NA,NA,NA,NA,NA,NA,NA,NA,NA,NA,NA,NA,NA,High,High,High,NA,NA,NA,NA,NA,NA,NA,NA,NA,NA,NA,NA,NA,NA,NA,NA,NA,NA,NA,NA,NA,NA,NA,NA,NA,NA,NA,NA,NA,NA,NA,NA,NA,NA,NA,NA,NA,NA,NA,NA,NA,NA,NA,NA,NA,NA,NA,NA,NA,NA,NA,NA,NA,NA,NA,NA,NA,NA
NA,NA,NA,NA,NA,NA,NA,NA,NA,NA,NA,NA,NA,NA,NA,NA,425,2025-05-29,15:05:54,2,3,"Smith, Danny",1000403812,Right,LAK_C,"Garner, Coleman",90000255834,Right,NWL_KG,Undefined,9,Bottom,1,2,0,Undefined,Changeup,BallCalled,Undefined,Undefined,Undefined,0,0,NA,78.36788,-2.643049,-1.517972,2053.571348,181.855604,12:00:00,6.19036,0.5915,6.17775,-25.78112,19.22155,0.57622,1.59852,-0.76264,72.07644,-7.488229,-1.413976,0.482826,NA,NA,NA,NA,NA,NA,NA,NA,NA,NA,NA,-0.71303,11.1178,-0.47707,50,5.97724,2.99365,-113.74548,-5.92603,-0.93559,20.56279,-17.58612,NWL_KG,LAK_C,HOMERSTRYKER,NWL,NWL,20250529-HOMERSTRYKER-1,f20c7c50-3cbf-11f0-a835-f9cb0487f947,78.06632,NA,NA,6.29144,NA,NA,NA,NA,NA,NA,45d07472-c160-48e7-9a7d-8b154baa4dec,2025-05-29,19:05:54,2025-05-29T19:05:54Z,2025-05-29T19:05:54Z,NA,v3,NA,NA,NA,"Duarte, Christian",10064346,R,LAK_C,9ec67519-cc1c-4c90-98b8-c7796c25bad2,54.31912,-114.52363,10.28139,6.1889,-5.26053,-8.79306,-0.59103000000000006,3.02906,-0.4678,NA,NA,NA,NA,NA,NA,NA,NA,NA,NA,NA,NA,NA,NA,NA,NA,NA,NA,NA,NA,NA,NA,NA,NA,NA,NA,NA,NA,NA,NA,NA,NA,NA,NA,NA,NA,NA,NA,NA,NA,NA,NA,NA,NA,NA,NA,NA,NA,NA,NA,High,High,High,NA,NA,NA,NA,NA,NA,NA,NA,NA,NA,NA,NA,NA,NA,NA,NA,NA,NA,NA,NA,NA,NA,NA,NA,NA,NA,NA,NA,NA,NA,NA,NA,NA,NA,NA,NA,NA,NA,NA,NA,NA,NA,NA,NA,NA,NA,NA,NA,NA,NA,NA,NA,NA,NA,NA,NA,NA,NA
NA,NA,NA,NA,NA,NA,NA,NA,NA,NA,NA,NA,NA,NA,NA,NA,426,2025-05-29,15:06:14,2,4,"Smith, Danny",1000403812,Right,LAK_C,"Garner, Coleman",90000255834,Right,NWL_KG,Undefined,9,Bottom,1,3,0,Undefined,Slider,BallCalled,Walk,Undefined,Undefined,0,0,NA,78.88694,-1.62058,-0.840541,1998.885381,149.87239,11:00:00,6.33091,0.43161,6.10145,-26.34226,18.62603,-9.90095,2.63642,-1.17087,71.71458,-6.599988,-2.62473,0.482641,NA,NA,NA,NA,NA,NA,NA,NA,NA,NA,NA,4.80327,10.56174,-0.36218,50,6.19245,2.05046,-114.44929,-3.93345,6.307,23.10164,-18.30582,NWL_KG,LAK_C,HOMERSTRYKER,NWL,NWL,20250529-HOMERSTRYKER-1,fd96bd60-3cbf-11f0-a835-f9cb0487f947,78.09617,NA,NA,7.17236,NA,NA,NA,NA,NA,NA,45d07472-c160-48e7-9a7d-8b154baa4dec,2025-05-29,19:06:14,2025-05-29T19:06:14Z,2025-05-29T19:06:14Z,NA,v3,NA,NA,NA,"Duarte, Christian",10064346,R,LAK_C,5a108e1d-da6c-4977-b12e-a9031f0ddb55,54.39301,-115.33261,11.55082,6.32947,-3.23351,-9.15291,-0.43597,1.8093,3.1535,NA,NA,NA,NA,NA,NA,NA,NA,NA,NA,NA,NA,NA,NA,NA,NA,NA,NA,NA,NA,NA,NA,NA,NA,NA,NA,NA,NA,NA,NA,NA,NA,NA,NA,NA,NA,NA,NA,NA,NA,NA,NA,NA,NA,NA,NA,NA,NA,NA,NA,High,High,High,NA,NA,NA,NA,NA,NA,NA,NA,NA,NA,NA,NA,NA,NA,NA,NA,NA,NA,NA,NA,NA,NA,NA,NA,NA,NA,NA,NA,NA,NA,NA,NA,NA,NA,NA,NA,NA,NA,NA,NA,NA,NA,NA,NA,NA,NA,NA,NA,NA,NA,NA,NA,NA,NA,NA,NA,NA,NA
NA,NA,NA,NA,NA,NA,NA,NA,NA,NA,NA,NA,NA,NA,NA,NA,427,2025-05-29,15:06:53,3,1,"Smith, Danny",1000403812,Right,LAK_C,"Dickerson, Gage",10105216,Left,NWL_KG,Undefined,9,Bottom,1,0,0,Undefined,Slider,BallCalled,Undefined,Undefined,Undefined,0,0,NA,79.80047,-0.370024,-0.181633,1935.773751,152.083275,11:00:00,6.28872,0.45712,6.03895,-24.77399,19.36973,-9.43213,3.8816,-0.49707,72.12839,-5.087093,-1.879088,0.478196,NA,NA,NA,NA,NA,NA,NA,NA,NA,NA,NA,4.74422,10.51981,-0.43822,50,6.24653,0.73094,-115.77596,-1.39845,6.35515,24.2532,-18.0822,NWL_KG,LAK_C,HOMERSTRYKER,NWL,NWL,20250529-HOMERSTRYKER-1,1521a800-3cc0-11f0-a835-f9cb0487f947,78.82215,NA,NA,7.67208,NA,NA,NA,NA,NA,NA,45d07472-c160-48e7-9a7d-8b154baa4dec,2025-05-29,19:06:53,2025-05-29T19:06:53Z,2025-05-29T19:06:53Z,NA,v3,NA,NA,NA,"Duarte, Christian",10064346,R,LAK_C,fa5fd4f5-1653-4631-88fe-b532c43ce3ec,54.45477,-116.70543,12.1266,6.28684,-0.70548,-9.0411,-0.46157,0.48739,3.17757,NA,NA,NA,NA,NA,NA,NA,NA,NA,NA,NA,NA,NA,NA,NA,NA,NA,NA,NA,NA,NA,NA,NA,NA,NA,NA,NA,NA,NA,NA,NA,NA,NA,NA,NA,NA,NA,NA,NA,NA,NA,NA,NA,NA,NA,NA,NA,NA,NA,NA,High,High,High,NA,NA,NA,NA,NA,NA,NA,NA,NA,NA,NA,NA,NA,NA,NA,NA,NA,NA,NA,NA,NA,NA,NA,NA,NA,NA,NA,NA,NA,NA,NA,NA,NA,NA,NA,NA,NA,NA,NA,NA,NA,NA,NA,NA,NA,NA,NA,NA,NA,NA,NA,NA,NA,NA,NA,NA,NA,NA
NA,NA,NA,NA,NA,NA,NA,NA,NA,NA,NA,NA,NA,NA,NA,NA,428,2025-05-29,15:07:15,3,2,"Smith, Danny",1000403812,Right,LAK_C,"Dickerson, Gage",10105216,Left,NWL_KG,Undefined,9,Bottom,1,1,0,Undefined,Slider,BallCalled,Undefined,Undefined,Undefined,0,0,NA,80.094220000000007,-2.990581,-0.356851,2016.266425,170.5934,11:45:00,6.1853,0.55966,6.14511,-24.74682,18.23942,-2.80236,1.35702,-0.00363,73.91911,-7.626178,-0.862666,0.471885,NA,NA,NA,NA,NA,NA,NA,NA,NA,NA,NA,1.36158,10.64902,-0.53105,50,5.94457,0.82487,-116.31017,-6.74758,1.87392,20.85839,-17.51797,NWL_KG,LAK_C,HOMERSTRYKER,NWL,NWL,20250529-HOMERSTRYKER-1,22814550-3cc0-11f0-a835-f9cb0487f947,79.87634,NA,NA,6.17511,NA,NA,NA,NA,NA,NA,45d07472-c160-48e7-9a7d-8b154baa4dec,2025-05-29,19:07:15,2025-05-29T19:07:15Z,2025-05-29T19:07:15Z,NA,v3,NA,NA,NA,"Duarte, Christian",10064346,R,LAK_C,8cff2ff8-845a-4cee-8ba8-04d0fdf031d2,54.3535,-117.0883,10.42919,6.1841,-6.09407,-8.75898,-0.56052,0.75496,0.93696,NA,NA,NA,NA,NA,NA,NA,NA,NA,NA,NA,NA,NA,NA,NA,NA,NA,NA,NA,NA,NA,NA,NA,NA,NA,NA,NA,NA,NA,NA,NA,NA,NA,NA,NA,NA,NA,NA,NA,NA,NA,NA,NA,NA,NA,NA,NA,NA,NA,NA,High,High,High,NA,NA,NA,NA,NA,NA,NA,NA,NA,NA,NA,NA,NA,NA,NA,NA,NA,NA,NA,NA,NA,NA,NA,NA,NA,NA,NA,NA,NA,NA,NA,NA,NA,NA,NA,NA,NA,NA,NA,NA,NA,NA,NA,NA,NA,NA,NA,NA,NA,NA,NA,NA,NA,NA,NA,NA,NA,NA
NA,NA,NA,NA,NA,NA,NA,NA,NA,NA,NA,NA,NA,NA,NA,NA,429,2025-05-29,15:08:22,3,3,"Smith, Danny",1000403812,Right,LAK_C,"Dickerson, Gage",10105216,Left,NWL_KG,Undefined,9,Bottom,1,2,0,Undefined,Slider,StrikeCalled,Undefined,Undefined,Undefined,0,0,NA,80.15891,-2.480894,-0.806466,2037.645377,177.577259,12:00:00,6.21612,0.41403,6.13101,-23.87092,19.51481,-0.76303,1.93211,-0.39503,73.10753,-6.997727,-0.944097,0.474072,NA,NA,NA,NA,NA,NA,NA,NA,NA,NA,NA,0.15366,11.25595,-0.35206,50,6.0141,1.66537,-116.29148,-5.66475,0.20907,23.11482,-16.85887,NWL_KG,LAK_C,HOMERSTRYKER,NWL,NWL,20250529-HOMERSTRYKER-1,4a093470-3cc0-11f0-a835-f9cb0487f947,79.50776,NA,NA,7.05138,NA,NA,NA,NA,NA,NA,45d07472-c160-48e7-9a7d-8b154baa4dec,2025-05-29,19:08:22,2025-05-29T19:08:22Z,2025-05-29T19:08:22Z,NA,v3,NA,NA,NA,"Duarte, Christian",10064346,R,LAK_C,aa23636c-c737-4303-8d82-7d296e361eed,54.36478,-117.15583,11.55741,6.21414,-5.03432,-8.42943,-0.41419,1.65755,0.10453,NA,NA,NA,NA,NA,NA,NA,NA,NA,NA,NA,NA,NA,NA,NA,NA,NA,NA,NA,NA,NA,NA,NA,NA,NA,NA,NA,NA,NA,NA,NA,NA,NA,NA,NA,NA,NA,NA,NA,NA,NA,NA,NA,NA,NA,NA,NA,NA,NA,NA,High,High,High,NA,NA,NA,NA,NA,NA,NA,NA,NA,NA,NA,NA,NA,NA,NA,NA,NA,NA,NA,NA,NA,NA,NA,NA,NA,NA,NA,NA,NA,NA,NA,NA,NA,NA,NA,NA,NA,NA,NA,NA,NA,NA,NA,NA,NA,NA,NA,NA,NA,NA,NA,NA,NA,NA,NA,NA,NA,NA
NA,NA,NA,NA,NA,NA,NA,NA,NA,NA,NA,NA,NA,NA,NA,NA,430,2025-05-29,15:08:42,3,4,"Smith, Danny",1000403812,Right,LAK_C,"Dickerson, Gage",10105216,Left,NWL_KG,Undefined,9,Bottom,1,2,1,Undefined,Changeup,BallCalled,Undefined,Undefined,Undefined,0,0,NA,78.33865,-0.778636,-0.657466,2025.162071,176.452413,12:00:00,6.2831,0.40614,5.84857,-26.04864,19.42332,-1.11626,3.38875,-0.29785,71.88488,-5.670836,-0.857666,0.485337,NA,NA,NA,NA,NA,NA,NA,NA,NA,NA,NA,0.39169,10.57449,-0.35204,50,6.20456,1.3475,-113.79367,-2.26842,0.5148,20.41684,-18.27565,NWL_KG,LAK_C,HOMERSTRYKER,NWL,NWL,20250529-HOMERSTRYKER-1,55db53f0-3cc0-11f0-a835-f9cb0487f947,77.66245,NA,NA,6.45377,NA,NA,NA,NA,NA,NA,45d07472-c160-48e7-9a7d-8b154baa4dec,2025-05-29,19:08:42,2025-05-29T19:08:42Z,2025-05-29T19:08:42Z,NA,v3,NA,NA,NA,"Duarte, Christian",10064346,R,LAK_C,d5a2e3f7-34b6-496a-be1e-1b8ee0b2774d,54.64827,-114.62462,10.20842,6.28175,-1.52461,-9.13783,-0.40645,1.32654,0.2574,NA,NA,NA,NA,NA,NA,NA,NA,NA,NA,NA,NA,NA,NA,NA,NA,NA,NA,NA,NA,NA,NA,NA,NA,NA,NA,NA,NA,NA,NA,NA,NA,NA,NA,NA,NA,NA,NA,NA,NA,NA,NA,NA,NA,NA,NA,NA,NA,NA,NA,High,High,High,NA,NA,NA,NA,NA,NA,NA,NA,NA,NA,NA,NA,NA,NA,NA,NA,NA,NA,NA,NA,NA,NA,NA,NA,NA,NA,NA,NA,NA,NA,NA,NA,NA,NA,NA,NA,NA,NA,NA,NA,NA,NA,NA,NA,NA,NA,NA,NA,NA,NA,NA,NA,NA,NA,NA,NA,NA,NA
NA,NA,NA,NA,NA,NA,NA,NA,NA,NA,NA,NA,NA,NA,NA,NA,431,2025-05-29,15:09:01,3,5,"Smith, Danny",1000403812,Right,LAK_C,"Dickerson, Gage",10105216,Left,NWL_KG,Undefined,9,Bottom,1,3,1,Undefined,Slider,StrikeSwinging,Undefined,Undefined,Undefined,0,0,NA,79.18399,-1.847396,-0.38883,1945.780178,166.809593,11:30:00,6.29437,0.42214,6.07601,-26.79139,17.14548,-3.71142,2.35179,-0.24692,73.15902,-6.857212,-1.057697,0.477074,NA,NA,NA,NA,NA,NA,NA,NA,NA,NA,NA,1.81315,9.73449,-0.39015,50,6.1371,0.91578,-115.08144,-4.4526,2.44929,19.89812,-19.02423,NWL_KG,LAK_C,HOMERSTRYKER,NWL,NWL,20250529-HOMERSTRYKER-1,61353630-3cc0-11f0-a835-f9cb0487f947,79.00746,NA,NA,6.02498,NA,NA,NA,NA,NA,NA,45d07472-c160-48e7-9a7d-8b154baa4dec,2025-05-29,19:09:01,2025-05-29T19:09:01Z,2025-05-29T19:09:01Z,NA,v3,NA,NA,NA,"Duarte, Christian",10064346,R,LAK_C,10c3e8b1-e856-49ab-bb6c-1222d008badb,54.42182,-115.84347,9.94906,6.29366,-3.72404,-9.51212,-0.42343,0.82198,1.22464,NA,NA,NA,NA,NA,NA,NA,NA,NA,NA,NA,NA,NA,NA,NA,NA,NA,NA,NA,NA,NA,NA,NA,NA,NA,NA,NA,NA,NA,NA,NA,NA,NA,NA,NA,NA,NA,NA,NA,NA,NA,NA,NA,NA,NA,NA,NA,NA,NA,NA,High,High,High,NA,NA,NA,NA,NA,NA,NA,NA,NA,NA,NA,NA,NA,NA,NA,NA,NA,NA,NA,NA,NA,NA,NA,NA,NA,NA,NA,NA,NA,NA,NA,NA,NA,NA,NA,NA,NA,NA,NA,NA,NA,NA,NA,NA,NA,NA,NA,NA,NA,NA,NA,NA,NA,NA,NA,NA,NA,NA
NA,NA,NA,NA,NA,NA,NA,NA,NA,NA,NA,NA,NA,NA,NA,NA,432,2025-05-29,15:09:22,3,6,"Smith, Danny",1000403812,Right,LAK_C,"Dickerson, Gage",10105216,Left,NWL_KG,Undefined,9,Bottom,1,3,2,Undefined,Slider,BallCalled,Walk,Undefined,Undefined,0,0,NA,79.28774,-2.552419,-0.829344,1932.314574,152.618158,11:00:00,6.18728,0.57064,6.23094,-26.03529,17.83513,-8.5167,1.6611,-0.90426,72.92843,-7.441147,-2.368387,0.476713,NA,NA,NA,NA,NA,NA,NA,NA,NA,NA,NA,4.17792,10.38827,-0.50476,50,5.98363,1.97272,-115.1291,-5.82128,5.61178,21.22142,-18.22053,NWL_KG,LAK_C,HOMERSTRYKER,NWL,NWL,20250529-HOMERSTRYKER-1,6d9c1ba0-3cc0-11f0-a835-f9cb0487f947,79.06731,NA,NA,6.3593,NA,NA,NA,NA,NA,NA,45d07472-c160-48e7-9a7d-8b154baa4dec,2025-05-29,19:09:22,2025-05-29T19:09:22Z,2025-05-29T19:09:22Z,NA,v3,NA,NA,NA,"Duarte, Christian",10064346,R,LAK_C,61358941-d0e2-4058-9995-d41f4ca5545e,54.26619,-115.91281,10.61071,6.18618,-5.1484,-9.11027,-0.57379,1.76548,2.80589,NA,NA,NA,NA,NA,NA,NA,NA,NA,NA,NA,NA,NA,NA,NA,NA,NA,NA,NA,NA,NA,NA,NA,NA,NA,NA,NA,NA,NA,NA,NA,NA,NA,NA,NA,NA,NA,NA,NA,NA,NA,NA,NA,NA,NA,NA,NA,NA,NA,NA,High,High,High,NA,NA,NA,NA,NA,NA,NA,NA,NA,NA,NA,NA,NA,NA,NA,NA,NA,NA,NA,NA,NA,NA,NA,NA,NA,NA,NA,NA,NA,NA,NA,NA,NA,NA,NA,NA,NA,NA,NA,NA,NA,NA,NA,NA,NA,NA,NA,NA,NA,NA,NA,NA,NA,NA,NA,NA,NA,NA
NA,NA,NA,NA,NA,NA,NA,NA,NA,NA,NA,NA,NA,NA,NA,NA,433,2025-05-29,15:11:59,4,1,"Choi, Ian",1000214137,Right,LAK_C,"Crisp, JD",825759,Left,NWL_KG,Undefined,9,Bottom,1,0,0,Undefined,Four-Seam,BallCalled,Undefined,Undefined,Undefined,0,0,NA,63.71775,-0.111728,-2.836763,1721.127687,203.990141,12:45:00,5.89572,1.9127,4.24055,-50.23333,23.25576,9.25288,1.60252,-0.03408,58.61191,-9.16049,-1.227909,0.616997,NA,NA,NA,NA,NA,NA,NA,NA,NA,NA,NA,-5.28603,11.94532,-1.61257,50,5.83303,4.23792,-92.17526,-1.68515,-4.5457,13.75903,-21.90175,NWL_KG,LAK_C,HOMERSTRYKER,NWL,NWL,20250529-HOMERSTRYKER-1,cbc41ca0-3cc0-11f0-a835-f9cb0487f947,61.09018,NA,NA,5.10584,NA,NA,NA,NA,NA,NA,45d07472-c160-48e7-9a7d-8b154baa4dec,2025-05-29,19:11:59,2025-05-29T19:11:59Z,2025-05-29T19:11:59Z,NA,v3,NA,NA,NA,"Duarte, Christian",10064346,R,LAK_C,f80cb17b-8870-4ec0-9f85-71b5fb4a168e,56.25537,-93.10432,6.87951,5.89689,-0.20627,-10.95087,-1.90909,4.54486,-2.27285,NA,NA,NA,NA,NA,NA,NA,NA,NA,NA,NA,NA,NA,NA,NA,NA,NA,NA,NA,NA,NA,NA,NA,NA,NA,NA,NA,NA,NA,NA,NA,NA,NA,NA,NA,NA,NA,NA,NA,NA,NA,NA,NA,NA,NA,NA,NA,NA,NA,NA,High,High,High,NA,NA,NA,NA,NA,NA,NA,NA,NA,NA,NA,NA,NA,NA,NA,NA,NA,NA,NA,NA,NA,NA,NA,NA,NA,NA,NA,NA,NA,NA,NA,NA,NA,NA,NA,NA,NA,NA,NA,NA,NA,NA,NA,NA,NA,NA,NA,NA,NA,NA,NA,NA,NA,NA,NA,NA,NA,NA
NA,NA,NA,NA,NA,NA,NA,NA,NA,NA,NA,NA,NA,NA,NA,NA,434,2025-05-29,15:12:18,4,2,"Choi, Ian",1000214137,Right,LAK_C,"Crisp, JD",825759,Left,NWL_KG,Undefined,9,Bottom,1,1,0,Undefined,Curveball,InPlay,Undefined,FlyBall,Out,1,0,NA,63.68671,1.61179,-3.186945,1610.697081,225.338574,01:30:00,5.86071,2.17221,4.0206,-57.1292,17.79013,15.28332,2.65191,0.37956,57.9149,-8.664095,-0.542183,0.622972,77.917,30.350715,15.18008,2050.565772,105.87021,53.15687,29.8575,285.16297,278.21703,17.160261,4.344339,-8.34083,8.71733,-1.82948,50,5.98219,4.56139,-91.95207,0.81988,-7.07081,14.88963,-24.78406,NWL_KG,LAK_C,HOMERSTRYKER,NWL,NWL,20250529-HOMERSTRYKER-1,d6ec4080-3cc0-11f0-a835-f9cb0487f947,60.50426,60.98625,NA,5.77181,NA,NA,NA,NA,NA,NA,45d07472-c160-48e7-9a7d-8b154baa4dec,2025-05-29,19:12:18,2025-05-29T19:12:18Z,2025-05-29T19:12:18Z,FlyBall,v3,NA,NA,NA,"Duarte, Christian",10064346,R,LAK_C,8a50cc52-7aa4-4af2-900f-b84a33f9b3fc,56.47556,-92.99474,7.44481,5.86401,2.55542,-12.39203,-2.16624,5.05654,-3.53541,194.334012,5.79995,95.12278,-15.47717,2.96494,-0.12454,-0.19021,0.0674,-0.00932,4.8e-4,4.68728,57.77711,-16.13704,0.95968,-0.31216,0.11375,-0.01772,6.2e-4,5e-5,0.42268,25.79974,-1.68858,-0.35999,0.29541,-0.11842,0.02972,-0.00395,2.1e-4,NA,NA,NA,NA,NA,NA,NA,NA,NA,NA,NA,NA,NA,NA,NA,NA,NA,NA,NA,NA,NA,NA,High,High,High,High,High,NA,NA,NA,NA,NA,NA,NA,NA,NA,NA,NA,NA,NA,NA,NA,NA,NA,NA,NA,NA,NA,NA,NA,NA,NA,NA,NA,NA,NA,NA,NA,NA,NA,NA,NA,NA,NA,NA,NA,NA,NA,NA,NA,NA,NA,NA,NA,NA,NA,NA,NA,NA,NA,NA,NA,NA
NA,NA,NA,NA,NA,NA,NA,NA,NA,NA,NA,NA,NA,NA,NA,NA,435,2025-05-29,15:13:10,5,1,"Choi, Ian",1000214137,Right,LAK_C,"Williams, Daniel",10019032,Right,NWL_KG,Undefined,9,Bottom,2,0,0,Undefined,Curveball,StrikeCalled,Undefined,Undefined,Undefined,0,0,NA,60.1055,1.320406,-4.035082,1638.113399,232.847797,01:45:00,5.78634,1.87726,4.36273,-64.33118,19.31643,21.27966,1.68998,-0.20999,54.5826,-10.303035,-0.331565,0.658261,NA,NA,NA,NA,NA,NA,NA,NA,NA,NA,NA,-11.59883,9.78827,-1.46686,50,5.86592,5.3918,-86.69004,0.19121,-8.69072,13.8591,-24.83992,NWL_KG,LAK_C,HOMERSTRYKER,NWL,NWL,20250529-HOMERSTRYKER-1,f608bac0-3cc0-11f0-a835-f9cb0487f947,57.26063,NA,NA,5.52291,NA,NA,NA,NA,NA,NA,45d07472-c160-48e7-9a7d-8b154baa4dec,2025-05-29,19:13:10,2025-05-29T19:13:10Z,2025-05-29T19:13:10Z,NA,v3,NA,NA,NA,"Duarte, Christian",10064346,R,LAK_C,29961d53-af6e-4de6-9bcf-fc2a164c9499,56.13161,-87.66481,6.92955,5.79103,1.93832,-12.41996,-1.86759,6.00306,-4.34536,NA,NA,NA,NA,NA,NA,NA,NA,NA,NA,NA,NA,NA,NA,NA,NA,NA,NA,NA,NA,NA,NA,NA,NA,NA,NA,NA,NA,NA,NA,NA,NA,NA,NA,NA,NA,NA,NA,NA,NA,NA,NA,NA,NA,NA,NA,NA,NA,NA,NA,High,High,High,NA,NA,NA,NA,NA,NA,NA,NA,NA,NA,NA,NA,NA,NA,NA,NA,NA,NA,NA,NA,NA,NA,NA,NA,NA,NA,NA,NA,NA,NA,NA,NA,NA,NA,NA,NA,NA,NA,NA,NA,NA,NA,NA,NA,NA,NA,NA,NA,NA,NA,NA,NA,NA,NA,NA,NA,NA,NA
NA,NA,NA,NA,NA,NA,NA,NA,NA,NA,NA,NA,NA,NA,NA,NA,436,2025-05-29,15:13:27,5,2,"Choi, Ian",1000214137,Right,LAK_C,"Williams, Daniel",10019032,Right,NWL_KG,Undefined,9,Bottom,2,0,1,Undefined,Curveball,InPlay,Undefined,FlyBall,Out,1,0,NA,58.91277,2.280239,-3.700839,1502.08262,228.868609,01:45:00,5.79437,1.69635,4.08629,-69.67275,20.03269,18.44225,2.18305,-0.32452,52.50204,-10.343726,-0.50881,0.68168,NA,NA,NA,NA,NA,NA,NA,NA,NA,NA,NA,-10.28001,9.70752,-1.30308,50,5.97819,4.84699,-84.70111,1.42116,-7.20864,15.31032,-25.36685,NWL_KG,LAK_C,HOMERSTRYKER,NWL,NWL,20250529-HOMERSTRYKER-1,00200ae0-3cc1-11f0-a835-f9cb0487f947,55.29342,NA,NA,6.41073,NA,NA,NA,NA,NA,NA,45d07472-c160-48e7-9a7d-8b154baa4dec,2025-05-29,19:13:27,2025-05-29T19:13:27Z,2025-05-29T19:13:27Z,NA,v3,NA,NA,NA,"Duarte, Christian",10064346,R,LAK_C,1b878c0c-a3a6-4e73-887b-6c36eb739f1c,56.40544,-85.85113,7.65516,5.79988,3.32657,-12.68343,-1.68749,5.38846,-3.60432,NA,NA,NA,NA,NA,NA,NA,NA,NA,NA,NA,NA,NA,NA,NA,NA,NA,NA,NA,NA,NA,NA,NA,NA,NA,NA,NA,NA,NA,NA,NA,NA,NA,NA,NA,NA,NA,NA,NA,NA,NA,NA,NA,NA,NA,NA,NA,NA,NA,NA,High,High,High,NA,NA,NA,NA,NA,NA,NA,NA,NA,NA,NA,NA,NA,NA,NA,NA,NA,NA,NA,NA,NA,NA,NA,NA,NA,NA,NA,NA,NA,NA,NA,NA,NA,NA,NA,NA,NA,NA,NA,NA,NA,NA,NA,NA,NA,NA,NA,NA,NA,NA,NA,NA,NA,NA,NA,NA,NA,NA
NA,NA,NA,NA,NA,NA,NA,NA,NA,NA,NA,NA,NA,NA,NA,NA,437,2025-05-29,15:16:05,1,1,"Papenbrock, Tyler",1000161951,Left,NWL_KG,"Rasmussen, Brody",1000396940,Right,LAK_C,Undefined,10,Top,0,0,0,Undefined,Four-Seam,BallCalled,Undefined,Undefined,Undefined,0,0,NA,86.73683,-2.832933,4.241439,2331.479193,163.637704,11:30:00,5.69852,-1.41581,6.4398,-12.32764,24.85281,-6.88552,2.05871,1.91506,77.99271,-5.294473,2.998784,0.438863,NA,NA,NA,NA,NA,NA,NA,NA,NA,NA,NA,4.99709,14.32229,1.11712,50,5.49092,-9.03816,-125.44884,-6.44467,7.82374,29.52539,-9.75027,NWL_KG,LAK_C,HOMERSTRYKER,NWL,NWL,20250529-HOMERSTRYKER-1,5e044c20-3cc1-11f0-a835-f9cb0487f947,85.88661,NA,NA,8.74412,NA,NA,NA,NA,NA,NA,45d07472-c160-48e7-9a7d-8b154baa4dec,2025-05-29,19:16:05,2025-05-29T19:16:05Z,2025-05-29T19:16:05Z,NA,v3,NA,NA,NA,"Garner, Coleman",90000255834,Right,NWL_KG,a5107757-4b1a-4638-8d8f-59c85c2eb425,54.05655,-126.39997,14.76269,5.69346,-6.13058,-4.87514,1.41234,-9.29019,3.91187,NA,NA,NA,NA,NA,NA,NA,NA,NA,NA,NA,NA,NA,NA,NA,NA,NA,NA,NA,NA,NA,NA,NA,NA,NA,NA,NA,NA,NA,NA,NA,NA,NA,NA,NA,NA,NA,NA,NA,NA,NA,NA,NA,NA,NA,NA,NA,NA,NA,NA,High,High,High,NA,NA,NA,NA,NA,NA,NA,NA,NA,NA,NA,NA,NA,NA,NA,NA,NA,NA,NA,NA,NA,NA,NA,NA,NA,NA,NA,NA,NA,NA,NA,NA,NA,NA,NA,NA,NA,NA,NA,NA,NA,NA,NA,NA,NA,NA,NA,NA,NA,NA,NA,NA,NA,NA,NA,NA,NA,NA
NA,NA,NA,NA,NA,NA,NA,NA,NA,NA,NA,NA,NA,NA,NA,NA,438,2025-05-29,15:16:20,1,2,"Papenbrock, Tyler",1000161951,Left,NWL_KG,"Rasmussen, Brody",1000396940,Right,LAK_C,Undefined,10,Top,0,1,0,Undefined,Slider,StrikeSwinging,Undefined,Undefined,Undefined,0,0,NA,79.00084,0.418176,2.503002,2542.174952,265.928817,02:45:00,5.37799,-1.90131,5.71568,-43.76345,2.35843,8.72296,2.12097,1.15877,71.10533,-7.666307,4.06167,0.488793,NA,NA,NA,NA,NA,NA,NA,NA,NA,NA,NA,-3.56465,1.54484,1.68639,50,5.38625,-5.33838,-114.39729,-0.56721,-4.60966,25.85345,-30.17629,NWL_KG,LAK_C,HOMERSTRYKER,NWL,NWL,20250529-HOMERSTRYKER-1,67113120-3cc1-11f0-a835-f9cb0487f947,77.11333,NA,NA,7.8955,NA,NA,NA,NA,NA,NA,45d07472-c160-48e7-9a7d-8b154baa4dec,2025-05-29,19:16:20,2025-05-29T19:16:20Z,2025-05-29T19:16:20Z,NA,v3,NA,NA,NA,"Garner, Coleman",90000255834,Right,NWL_KG,adf15aec-e75b-4596-8361-22f0fc7c4d1f,54.78058,-115.47263,12.92673,5.38374,0.68793,-15.08815,1.90445,-5.14664,-2.30483,NA,NA,NA,NA,NA,NA,NA,NA,NA,NA,NA,NA,NA,NA,NA,NA,NA,NA,NA,NA,NA,NA,NA,NA,NA,NA,NA,NA,NA,NA,NA,NA,NA,NA,NA,NA,NA,NA,NA,NA,NA,NA,NA,NA,NA,NA,NA,NA,NA,NA,High,High,High,NA,NA,NA,NA,NA,NA,NA,NA,NA,NA,NA,NA,NA,NA,NA,NA,NA,NA,NA,NA,NA,NA,NA,NA,NA,NA,NA,NA,NA,NA,NA,NA,NA,NA,NA,NA,NA,NA,NA,NA,NA,NA,NA,NA,NA,NA,NA,NA,NA,NA,NA,NA,NA,NA,NA,NA,NA,NA
NA,NA,NA,NA,NA,NA,NA,NA,NA,NA,NA,NA,NA,NA,NA,NA,439,2025-05-29,15:16:36,1,3,"Papenbrock, Tyler",1000161951,Left,NWL_KG,"Rasmussen, Brody",1000396940,Right,LAK_C,Undefined,10,Top,0,1,1,Undefined,Slider,InPlay,Undefined,GroundBall,Out,1,0,NA,79.29489,1.422198,1.22185,2558.807062,276.222316,03:15:00,5.37474,-1.74793,5.44693,-45.93223,0.24803,13.5904,2.87916,0.52873,71.27413,-7.025893,3.640325,0.489102,62.98399,-25.769686,-46.239268,NA,NA,NA,NA,7.30654,3.81716,-41.151435,0.071316,-6.40922,0.12969,1.63035,50,5.4691,-2.99764,-114.8377,1.29726,-8.3591,25.89275,-32.00492,NWL_KG,LAK_C,HOMERSTRYKER,NWL,NWL,20250529-HOMERSTRYKER-1,70b266e0-3cc1-11f0-a835-f9cb0487f947,77.06455,2.87886,NA,8.02076,NA,NA,NA,1.37715,2.87886,-0.50121,45d07472-c160-48e7-9a7d-8b154baa4dec,2025-05-29,19:16:36,2025-05-29T19:16:36Z,2025-05-29T19:16:36Z,GroundBall,v3,NA,NA,NA,"Garner, Coleman",90000255834,Right,NWL_KG,98ee03eb-e1c0-40d1-8053-1bcd7f5748ae,55.04978,-115.9707,12.94638,5.38169,2.69771,-16.00246,1.75351,-2.63187,-4.17955,180,1.37375,57.83369,NA,NA,NA,NA,NA,NA,NA,2.88123,-40.36756,NA,NA,NA,NA,NA,NA,NA,-0.49766,-60.39121,NA,NA,NA,NA,NA,NA,NA,NA,NA,NA,NA,NA,NA,NA,NA,NA,NA,NA,NA,NA,NA,NA,NA,NA,NA,NA,NA,NA,NA,High,High,High,Low,Low,NA,NA,NA,NA,NA,NA,NA,NA,NA,NA,NA,NA,NA,NA,NA,NA,NA,NA,NA,NA,NA,NA,NA,NA,NA,NA,NA,NA,NA,NA,NA,NA,NA,NA,NA,NA,NA,NA,NA,NA,NA,NA,NA,NA,NA,NA,NA,NA,NA,NA,NA,NA,NA,NA,NA,NA
NA,NA,NA,NA,NA,NA,NA,NA,NA,NA,NA,NA,NA,NA,NA,NA,440,2025-05-29,15:17:11,2,1,"Papenbrock, Tyler",1000161951,Left,NWL_KG,"Reynolds, Drew",1000120249,Left,LAK_C,Undefined,10,Top,1,0,0,Undefined,Slider,BallCalled,Undefined,Undefined,Undefined,0,0,NA,78.65277,1.948155,0.680442,2492.444556,275.143198,03:15:00,5.35349,-1.5665,5.72257,-44.86223,0.60307,8.94697,3.43038,-0.1871,72.04567,-6.304467,2.281037,0.485301,NA,NA,NA,NA,NA,NA,NA,NA,NA,NA,NA,-4.34508,0.21252,1.50415,50,5.48866,-1.70002,-114.20177,2.42931,-5.734,21.17746,-31.89359,NWL_KG,LAK_C,HOMERSTRYKER,NWL,NWL,20250529-HOMERSTRYKER-1,858d73c0-3cc1-11f0-a835-f9cb0487f947,77.66813,NA,NA,6.6071,NA,NA,NA,NA,NA,NA,45d07472-c160-48e7-9a7d-8b154baa4dec,2025-05-29,19:17:11,2025-05-29T19:17:11Z,2025-05-29T19:17:11Z,NA,v3,NA,NA,NA,"Garner, Coleman",90000255834,Right,NWL_KG,d553608c-4098-4818-91cd-0c60f47e7947,54.77634,-115.08408,10.58873,5.35977,3.75809,-15.9468,1.57,-1.46112,-2.867,NA,NA,NA,NA,NA,NA,NA,NA,NA,NA,NA,NA,NA,NA,NA,NA,NA,NA,NA,NA,NA,NA,NA,NA,NA,NA,NA,NA,NA,NA,NA,NA,NA,NA,NA,NA,NA,NA,NA,NA,NA,NA,NA,NA,NA,NA,NA,NA,NA,NA,High,High,High,NA,NA,NA,NA,NA,NA,NA,NA,NA,NA,NA,NA,NA,NA,NA,NA,NA,NA,NA,NA,NA,NA,NA,NA,NA,NA,NA,NA,NA,NA,NA,NA,NA,NA,NA,NA,NA,NA,NA,NA,NA,NA,NA,NA,NA,NA,NA,NA,NA,NA,NA,NA,NA,NA,NA,NA,NA,NA
NA,NA,NA,NA,NA,NA,NA,NA,NA,NA,NA,NA,NA,NA,NA,NA,441,2025-05-29,15:17:26,2,2,"Papenbrock, Tyler",1000161951,Left,NWL_KG,"Reynolds, Drew",1000120249,Left,LAK_C,Undefined,10,Top,1,1,0,Undefined,Slider,StrikeCalled,Undefined,Undefined,Undefined,0,0,NA,77.95474,0.843238,1.768407,2451.547426,277.7956,03:15:00,5.32364,-1.64279,5.59202,-46.18896,-0.00988,9.70752,2.26234,0.81788,72.17123,-7.585206,3.500725,0.489096,NA,NA,NA,NA,NA,NA,NA,NA,NA,NA,NA,-4.48378,0.15185,1.4845,50,5.36564,-3.8613,-113.27944,0.16024,-5.8633,19.45916,-31.9755,NWL_KG,LAK_C,HOMERSTRYKER,NWL,NWL,20250529-HOMERSTRYKER-1,8e871ee0-3cc1-11f0-a835-f9cb0487f947,77.06554,NA,NA,5.78352,NA,NA,NA,NA,NA,NA,45d07472-c160-48e7-9a7d-8b154baa4dec,2025-05-29,19:17:26,2025-05-29T19:17:26Z,2025-05-29T19:17:26Z,NA,v3,NA,NA,NA,"Garner, Coleman",90000255834,Right,NWL_KG,5d8db53d-ed9b-4e07-812d-13bf1b867032,54.90901,-114.11959,9.72958,5.32892,1.5408,-15.98775,1.64575,-3.60815,-2.93165,NA,NA,NA,NA,NA,NA,NA,NA,NA,NA,NA,NA,NA,NA,NA,NA,NA,NA,NA,NA,NA,NA,NA,NA,NA,NA,NA,NA,NA,NA,NA,NA,NA,NA,NA,NA,NA,NA,NA,NA,NA,NA,NA,NA,NA,NA,NA,NA,NA,NA,High,High,High,NA,NA,NA,NA,NA,NA,NA,NA,NA,NA,NA,NA,NA,NA,NA,NA,NA,NA,NA,NA,NA,NA,NA,NA,NA,NA,NA,NA,NA,NA,NA,NA,NA,NA,NA,NA,NA,NA,NA,NA,NA,NA,NA,NA,NA,NA,NA,NA,NA,NA,NA,NA,NA,NA,NA,NA,NA,NA
NA,NA,NA,NA,NA,NA,NA,NA,NA,NA,NA,NA,NA,NA,NA,NA,442,2025-05-29,15:17:42,2,3,"Papenbrock, Tyler",1000161951,Left,NWL_KG,"Reynolds, Drew",1000120249,Left,LAK_C,Undefined,10,Top,1,1,1,Undefined,Slider,BallCalled,Undefined,Undefined,Undefined,0,0,NA,77.74329,1.730217,0.336763,2549.453851,253.742779,02:30:00,5.25008,-1.73016,5.66853,-42.28455,4.76886,10.87508,3.34011,-0.50991,70.55586,-6.088798,2.280372,0.493704,NA,NA,NA,NA,NA,NA,NA,NA,NA,NA,NA,-5.39587,2.37496,1.69481,50,5.36983,-1.08156,-112.76376,2.06752,-6.87639,22.46923,-29.14743,NWL_KG,LAK_C,HOMERSTRYKER,NWL,NWL,20250529-HOMERSTRYKER-1,98120d80-3cc1-11f0-a835-f9cb0487f947,76.34618,NA,NA,7.18743,NA,NA,NA,NA,NA,NA,45d07472-c160-48e7-9a7d-8b154baa4dec,2025-05-29,19:17:42,2025-05-29T19:17:42Z,2025-05-29T19:17:42Z,NA,v3,NA,NA,NA,"Garner, Coleman",90000255834,Right,NWL_KG,4e91eaa6-3af6-4206-90c3-6604cf7238f7,54.8285,-113.72181,11.23462,5.25517,3.31032,-14.57371,1.73468,-0.78836,-3.4382,NA,NA,NA,NA,NA,NA,NA,NA,NA,NA,NA,NA,NA,NA,NA,NA,NA,NA,NA,NA,NA,NA,NA,NA,NA,NA,NA,NA,NA,NA,NA,NA,NA,NA,NA,NA,NA,NA,NA,NA,NA,NA,NA,NA,NA,NA,NA,NA,NA,NA,High,High,High,NA,NA,NA,NA,NA,NA,NA,NA,NA,NA,NA,NA,NA,NA,NA,NA,NA,NA,NA,NA,NA,NA,NA,NA,NA,NA,NA,NA,NA,NA,NA,NA,NA,NA,NA,NA,NA,NA,NA,NA,NA,NA,NA,NA,NA,NA,NA,NA,NA,NA,NA,NA,NA,NA,NA,NA,NA,NA
NA,NA,NA,NA,NA,NA,NA,NA,NA,NA,NA,NA,NA,NA,NA,NA,443,2025-05-29,15:18:01,2,4,"Papenbrock, Tyler",1000161951,Left,NWL_KG,"Reynolds, Drew",1000120249,Left,LAK_C,Undefined,10,Top,1,2,1,Undefined,Curveball,BallCalled,Undefined,Undefined,Undefined,0,0,NA,77.95788,-0.513936,3.290575,2420.751884,284.206446,03:30:00,5.35903,-1.56139,5.6094,-46.88266,-0.40445,7.1093,0.97162,2.10589,72.09974,-9.040692,4.558069,0.490677,NA,NA,NA,NA,NA,NA,NA,NA,NA,NA,NA,-2.72851,0.3035,1.27503,50,5.2844,-6.76652,-113.1073,-2.53644,-3.53766,20.46403,-31.78052,NWL_KG,LAK_C,HOMERSTRYKER,NWL,NWL,20250529-HOMERSTRYKER-1,a319b110-3cc1-11f0-a835-f9cb0487f947,76.81714,NA,NA,5.85814,NA,NA,NA,NA,NA,NA,45d07472-c160-48e7-9a7d-8b154baa4dec,2025-05-29,19:18:01,2025-05-29T19:18:01Z,2025-05-29T19:18:01Z,NA,v3,NA,NA,NA,"Garner, Coleman",90000255834,Right,NWL_KG,5f6bc6bc-6980-41bf-998f-bcb61f51fc7f,54.89144,-113.98885,10.23201,5.36418,-1.1674,-15.89026,1.56324,-6.61413,-1.76883,NA,NA,NA,NA,NA,NA,NA,NA,NA,NA,NA,NA,NA,NA,NA,NA,NA,NA,NA,NA,NA,NA,NA,NA,NA,NA,NA,NA,NA,NA,NA,NA,NA,NA,NA,NA,NA,NA,NA,NA,NA,NA,NA,NA,NA,NA,NA,NA,NA,NA,High,High,High,NA,NA,NA,NA,NA,NA,NA,NA,NA,NA,NA,NA,NA,NA,NA,NA,NA,NA,NA,NA,NA,NA,NA,NA,NA,NA,NA,NA,NA,NA,NA,NA,NA,NA,NA,NA,NA,NA,NA,NA,NA,NA,NA,NA,NA,NA,NA,NA,NA,NA,NA,NA,NA,NA,NA,NA,NA,NA
NA,NA,NA,NA,NA,NA,NA,NA,NA,NA,NA,NA,NA,NA,NA,NA,444,2025-05-29,15:18:24,2,5,"Papenbrock, Tyler",1000161951,Left,NWL_KG,"Reynolds, Drew",1000120249,Left,LAK_C,Undefined,10,Top,1,3,1,Undefined,NA,BallIntentional,Walk,Undefined,Undefined,0,0,NA,NA,NA,NA,NA,NA,NA,NA,NA,NA,NA,NA,NA,NA,NA,NA,NA,NA,NA,NA,NA,NA,NA,NA,NA,NA,NA,NA,NA,NA,NA,NA,NA,NA,NA,NA,NA,NA,NA,NA,NA,NWL_KG,LAK_C,HOMERSTRYKER,NWL,NWL,20250529-HOMERSTRYKER-1,7f8b5c80-3d6b-11f0-a905-ff3b706cb1d8,NA,NA,NA,NA,NA,NA,NA,NA,NA,NA,45d07472-c160-48e7-9a7d-8b154baa4dec,2025-05-29,19:18:24,2025-05-29T19:18:24Z,2025-05-29T19:18:24Z,NA,v3,NA,NA,NA,"Garner, Coleman",90000255834,Right,NWL_KG,NA,NA,NA,NA,NA,NA,NA,NA,NA,NA,NA,NA,NA,NA,NA,NA,NA,NA,NA,NA,NA,NA,NA,NA,NA,NA,NA,NA,NA,NA,NA,NA,NA,NA,NA,NA,NA,NA,NA,NA,NA,NA,NA,NA,NA,NA,NA,NA,NA,NA,NA,NA,NA,NA,NA,NA,NA,NA,NA,NA,NA,NA,NA,NA,NA,NA,NA,NA,NA,NA,NA,NA,NA,NA,NA,NA,NA,NA,NA,NA,NA,NA,NA,NA,NA,NA,NA,NA,NA,NA,NA,NA,NA,NA,NA,NA,NA,NA,NA,NA,NA,NA,NA,NA,NA,NA,NA,NA,NA,NA,NA,NA,NA,NA,NA,NA,NA,NA,NA,NA,NA
NA,NA,NA,NA,NA,NA,NA,NA,NA,NA,NA,NA,NA,NA,NA,NA,445,2025-05-29,15:18:47,3,1,"Papenbrock, Tyler",1000161951,Left,NWL_KG,"Sayles, Dylan",1000279077,Left,LAK_C,Undefined,10,Top,1,0,0,Undefined,Slider,StrikeSwinging,Undefined,Undefined,Undefined,0,0,NA,78.10475,0.636347,1.00847,2453.096426,288.713418,03:30:00,5.31409,-1.6441,5.62745,-49.18357,-2.07476,11.2154,1.80935,0.23161,70.60445,-8.399349,3.013965,0.493995,NA,NA,NA,NA,NA,NA,NA,NA,NA,NA,NA,-5.3765,-0.82843,1.55072,50,5.33676,-2.42085,-113.24608,-0.34383,-6.83368,24.77955,-33.227,NWL_KG,LAK_C,HOMERSTRYKER,NWL,NWL,20250529-HOMERSTRYKER-1,be85f490-3cc1-11f0-a835-f9cb0487f947,76.30127,NA,NA,7.50031,NA,NA,NA,NA,NA,NA,45d07472-c160-48e7-9a7d-8b154baa4dec,2025-05-29,19:18:47,2025-05-29T19:18:47Z,2025-05-29T19:18:47Z,NA,v3,NA,NA,NA,"Garner, Coleman",90000255834,Right,NWL_KG,252d6e83-b9fa-478f-b1e0-d605b754bd45,54.87111,-114.30696,12.38977,5.32103,1.07872,-16.6135,1.6481,-2.12828,-3.41684,NA,NA,NA,NA,NA,NA,NA,NA,NA,NA,NA,NA,NA,NA,NA,NA,NA,NA,NA,NA,NA,NA,NA,NA,NA,NA,NA,NA,NA,NA,NA,NA,NA,NA,NA,NA,NA,NA,NA,NA,NA,NA,NA,NA,NA,NA,NA,NA,NA,NA,High,High,High,NA,NA,NA,NA,NA,NA,NA,NA,NA,NA,NA,NA,NA,NA,NA,NA,NA,NA,NA,NA,NA,NA,NA,NA,NA,NA,NA,NA,NA,NA,NA,NA,NA,NA,NA,NA,NA,NA,NA,NA,NA,NA,NA,NA,NA,NA,NA,NA,NA,NA,NA,NA,NA,NA,NA,NA,NA,NA
NA,NA,NA,NA,NA,NA,NA,NA,NA,NA,NA,NA,NA,NA,NA,NA,446,2025-05-29,15:19:02,3,2,"Papenbrock, Tyler",1000161951,Left,NWL_KG,"Sayles, Dylan",1000279077,Left,LAK_C,Undefined,10,Top,1,0,1,Undefined,Curveball,InPlay,Undefined,FlyBall,Out,1,0,NA,79.38399,1.158843,1.184438,2509.855965,297.290927,04:00:00,5.29732,-1.76098,5.65153,-48.09802,-3.3202,9.13796,2.37035,0.10536,72.86623,-7.641066,2.818253,0.481618,79.78037,30.426862,17.989814,2849.163569,103.91854,54.89584,36.06818,281.08022,274.53273,20.927603,4.583938,-4.33981,-1.67559,1.65451,50,5.36458,-2.72975,-115.30617,0.74033,-5.8263,22.00207,-34.42357,NWL_KG,LAK_C,HOMERSTRYKER,NWL,NWL,20250529-HOMERSTRYKER-1,c77a2170-3cc1-11f0-a835-f9cb0487f947,78.26209,64.17647,NA,6.51776,NA,NA,NA,2.48608,2.56989,-0.04115,45d07472-c160-48e7-9a7d-8b154baa4dec,2025-05-29,19:19:02,2025-05-29T19:19:02Z,2025-05-29T19:19:02Z,FlyBall,v3,NA,NA,NA,"Garner, Coleman",90000255834,Right,NWL_KG,8a9c815d-083c-429b-b241-a7108b983a29,54.84959,-116.22785,11.00103,5.30336,2.18236,-17.21179,1.76376,-2.48568,-2.91315,194.874871,2.4887,95.90419,-17.77771,3.59969,-0.3276,-0.11286,0.04577,-0.00615,2.9e-4,2.56794,59.2975,-15.3763,0.7056,-0.19434,0.06689,-0.00651,-6.9e-4,1.1e-4,-0.04006,31.13344,-2.53192,-0.30772,0.31952,-0.12553,0.02931,-0.00359,1.8e-4,NA,NA,NA,NA,NA,NA,NA,NA,NA,NA,NA,NA,NA,NA,NA,NA,NA,NA,NA,NA,NA,NA,High,High,High,High,High,NA,NA,NA,NA,NA,NA,NA,NA,NA,NA,NA,NA,NA,NA,NA,NA,NA,NA,NA,NA,NA,NA,NA,NA,NA,NA,NA,NA,NA,NA,NA,NA,NA,NA,NA,NA,NA,NA,NA,NA,NA,NA,NA,NA,NA,NA,NA,NA,NA,NA,NA,NA,NA,NA,NA,NA
NA,NA,NA,NA,NA,NA,NA,NA,NA,NA,NA,NA,NA,NA,NA,NA,447,2025-05-29,15:19:40,4,1,"Papenbrock, Tyler",1000161951,Left,NWL_KG,"Garcia, Jedvier",10325103,Right,LAK_C,Undefined,10,Top,2,0,0,Undefined,Slider,InPlay,Undefined,FlyBall,Out,1,0,NA,78.86823,1.287072,0.912366,2475.14281,285.651611,03:30:00,5.26804,-1.70543,5.57589,-47.67664,-1.78106,11.90705,2.49746,0.13905,71.75094,-7.456848,3.037954,0.487592,80.67513,45.911503,16.563602,NA,101.42512,96.02541,42.5781,220.99016,212.18508,27.09424,5.221498,-5.75398,-0.8665,1.61885,50,5.34761,-2.28491,-114.42606,0.98438,-7.54012,23.40624,-33.3095,NWL_KG,LAK_C,HOMERSTRYKER,NWL,NWL,20250529-HOMERSTRYKER-1,de6d11d0-3cc1-11f0-a835-f9cb0487f947,77.30322,99.8423,NA,7.11729,NA,NA,NA,1.12582,2.03188,-0.57204,45d07472-c160-48e7-9a7d-8b154baa4dec,2025-05-29,19:19:40,2025-05-29T19:19:40Z,2025-05-29T19:19:40Z,FlyBall,v3,NA,NA,NA,"Garner, Coleman",90000255834,Right,NWL_KG,e0a919e3-8439-46d1-9008-bd7d0e12460f,54.92327,-115.42873,11.70312,5.27488,2.41129,-16.65475,1.70981,-1.96191,-3.77006,198.836416,1.13015,78.80846,-22.53975,5.95118,-0.87924,-0.0255,0.03806,-0.0061,3.2e-4,2.0261,85.09695,-21.46141,1.71379,-0.30796,0.05433,-0.00156,-0.00103,1e-4,-0.57205,23.47273,-0.10857,-0.60998,0.21827,-0.03635,0.00148,3.2e-4,-3e-5,NA,NA,NA,NA,NA,NA,NA,NA,NA,NA,NA,NA,NA,NA,NA,NA,NA,NA,NA,NA,NA,NA,High,High,High,Medium,Low,NA,NA,NA,NA,NA,NA,NA,NA,NA,NA,NA,NA,NA,NA,NA,NA,NA,NA,NA,NA,NA,NA,NA,NA,NA,NA,NA,NA,NA,NA,NA,NA,NA,NA,NA,NA,NA,NA,NA,NA,NA,NA,NA,NA,NA,NA,NA,NA,NA,NA,NA,NA,NA,NA,NA,NA
NA,NA,NA,NA,NA,NA,NA,NA,NA,NA,NA,NA,NA,NA,NA,NA,448,2025-05-29,15:22:39,1,1,"Choi, Ian",1000214137,Right,LAK_C,"Acres, Brodey",1000233797,Right,NWL_KG,Undefined,10,Bottom,0,0,0,Undefined,Four-Seam,InPlay,Undefined,Bunt,Sacrifice,1,0,NA,59.07562,3.514824,-1.862367,1583.198545,221.046838,01:15:00,5.97129,1.68938,4.29635,-65.47043,19.94033,14.98024,3.88275,1.15608,54.21015,-8.286325,0.741843,0.665162,18.65651,10.360986,-37.213258,854.956135,NA,NA,NA,22.02976,21.63114,-36.049075,0.70781,-7.78784,9.39863,-1.50405,50,6.28762,2.28126,-85.38012,3.41544,-5.75309,11.67134,-25.23105,NWL_KG,LAK_C,HOMERSTRYKER,NWL,NWL,20250529-HOMERSTRYKER-1,49534000-3cc2-11f0-a835-f9cb0487f947,56.66652,4.52509,NA,4.86547,NA,NA,NA,2.83267,4.12835,-1.45451,45d07472-c160-48e7-9a7d-8b154baa4dec,2025-05-29,19:22:39,2025-05-29T19:22:39Z,2025-05-29T19:22:39Z,GroundBall,v3,NA,NA,NA,"Duarte, Christian",10064346,R,LAK_C,006efa1d-c303-45f6-8415-5411042d9033,56.19986,-86.22346,5.83567,5.97496,5.23858,-12.61553,-1.6839,2.69697,-2.87655,167.158476,2.83267,21.4361,-0.30938,-0.15706,-0.02228,0.35832,-0.53474,0.4253,-0.13937,4.12835,4.92136,-15.22816,0.07497,0.20423,-0.95598,1.41429,-1.12185,0.36785,-1.45451,-16.27875,0.02243,0.0061,0.0037200000000000002,-0.0255,0.03798,-0.03019,0.0099,NA,NA,NA,NA,NA,NA,NA,NA,NA,NA,NA,NA,NA,NA,NA,NA,NA,NA,NA,NA,NA,NA,High,High,High,High,High,NA,NA,NA,NA,NA,NA,NA,NA,NA,NA,NA,NA,NA,NA,NA,NA,NA,NA,NA,NA,NA,NA,NA,NA,NA,NA,NA,NA,NA,NA,NA,NA,NA,NA,NA,NA,NA,NA,NA,NA,NA,NA,NA,NA,NA,NA,NA,NA,NA,NA,NA,NA,NA,NA,NA,NA
NA,NA,NA,NA,NA,NA,NA,NA,NA,NA,NA,NA,NA,NA,NA,NA,449,2025-05-29,15:23:16,2,1,"Choi, Ian",1000214137,Right,LAK_C,"Rodriguez, Evan",1000115944,Right,NWL_KG,Undefined,10,Bottom,1,0,0,Undefined,Four-Seam,BallCalled,Undefined,Undefined,Undefined,0,0,NA,53.54136,5.185673,-1.89865,1475.019914,203.046775,12:45:00,5.9964,1.55746,4.12949,-81.17784,24.25352,8.85142,4.22224,0.47315,49.05956,-9.388243,-0.368049,0.73902,NA,NA,NA,NA,NA,NA,NA,NA,NA,NA,NA,-4.74744,11.14658,-1.35633,50,6.49097,2.27964,-77.0957,4.9065,-2.85692,9.5974,-25.46627,NWL_KG,LAK_C,HOMERSTRYKER,NWL,NWL,20250529-HOMERSTRYKER-1,5f3cd6b0-3cc2-11f0-a835-f9cb0487f947,51.00326,NA,NA,4.4818,NA,NA,NA,NA,NA,NA,45d07472-c160-48e7-9a7d-8b154baa4dec,2025-05-29,19:23:16,2025-05-29T19:23:16Z,2025-05-29T19:23:16Z,NA,v3,NA,NA,NA,"Duarte, Christian",10064346,R,LAK_C,f1061d67-dc49-4cc9-b26f-37da762bdecd,56.36105,-77.88354,4.7987,6.0024,6.997,-12.73314,-1.55309,2.51416,-1.42846,NA,NA,NA,NA,NA,NA,NA,NA,NA,NA,NA,NA,NA,NA,NA,NA,NA,NA,NA,NA,NA,NA,NA,NA,NA,NA,NA,NA,NA,NA,NA,NA,NA,NA,NA,NA,NA,NA,NA,NA,NA,NA,NA,NA,NA,NA,NA,NA,NA,NA,High,High,High,NA,NA,NA,NA,NA,NA,NA,NA,NA,NA,NA,NA,NA,NA,NA,NA,NA,NA,NA,NA,NA,NA,NA,NA,NA,NA,NA,NA,NA,NA,NA,NA,NA,NA,NA,NA,NA,NA,NA,NA,NA,NA,NA,NA,NA,NA,NA,NA,NA,NA,NA,NA,NA,NA,NA,NA,NA,NA
NA,NA,NA,NA,NA,NA,NA,NA,NA,NA,NA,NA,NA,NA,NA,NA,450,2025-05-29,15:23:29,2,2,"Choi, Ian",1000214137,Right,LAK_C,"Rodriguez, Evan",1000115944,Right,NWL_KG,Undefined,10,Bottom,1,1,0,Undefined,Changeup,FoulBallNotFieldable,Undefined,Undefined,Undefined,0,0,NA,50.72717,5.071609,-2.185083,1342.636952,209.119559,01:00:00,6.03214,1.62491,4.19288,-92.61607,24.36525,11.4506,3.18969,0.48451,46.8808,-11.477574,-0.202542,0.778448,46.73709,69.938337,163.538275,NA,NA,NA,NA,84.71488,37.85693,169.324754,3.573972,-6.14331,11.2965,-1.39722,50,6.49752,2.46016,-73.08497,4.23677,-3.32408,8.58109,-26.06163,NWL_KG,LAK_C,HOMERSTRYKER,NWL,NWL,20250529-HOMERSTRYKER-1,66d39670-3cc2-11f0-a835-f9cb0487f947,48.41997,55.69219,NA,3.84637,NA,NA,NA,2.95449,3.61534,-0.45717,45d07472-c160-48e7-9a7d-8b154baa4dec,2025-05-29,19:23:29,2025-05-29T19:23:29Z,2025-05-29T19:23:29Z,Popup,v3,NA,NA,NA,"Duarte, Christian",10064346,R,LAK_C,c6469c43-54e9-4ede-ad30-722c29287c0b,56.3006,-73.82103,4.29054,6.03822,6.47226,-13.03082,-1.62048,2.7453,-1.66204,354.94523,2.9536,-22.52497,-3.18382,1.80309,-0.5597,0.06878,0.03089,-0.01296,0.00135,3.61594,64.35909,-22.34983,1.48135,0.56165,-0.65338,0.26639,-0.05214,0.00401,-0.45623,6.63329,-0.26575,-0.58551,0.51017,-0.24591,0.06093,-0.00667,2e-4,NA,NA,NA,NA,NA,NA,NA,NA,NA,NA,NA,NA,NA,NA,NA,NA,NA,NA,NA,NA,NA,NA,High,High,High,High,Medium,NA,NA,NA,NA,NA,NA,NA,NA,NA,NA,NA,NA,NA,NA,NA,NA,NA,NA,NA,NA,NA,NA,NA,NA,NA,NA,NA,NA,NA,NA,NA,NA,NA,NA,NA,NA,NA,NA,NA,NA,NA,NA,NA,NA,NA,NA,NA,NA,NA,NA,NA,NA,NA,NA,NA,NA
NA,NA,NA,NA,NA,NA,NA,NA,NA,NA,NA,NA,NA,NA,NA,NA,451,2025-05-29,15:23:51,2,3,"Choi, Ian",1000214137,Right,LAK_C,"Rodriguez, Evan",1000115944,Right,NWL_KG,Undefined,10,Bottom,1,1,1,Undefined,Four-Seam,FoulBallNotFieldable,Undefined,Undefined,Undefined,0,0,NA,63.25463,1.131309,-3.44938,1632.301213,214.243861,01:15:00,5.96652,1.73235,4.29171,-55.71436,18.43698,10.95839,2.40775,-0.65746,58.3916,-8.873342,-1.544627,0.619771,62.89068,50.599772,93.609843,4576.528957,NA,NA,NA,NA,35.38377,NA,NA,-6.2465,9.25867,-1.36983,50,6.03362,5.13164,-91.51384,0.13446,-5.32213,12.91121,-24.285520000000002,NWL_KG,LAK_C,HOMERSTRYKER,NWL,NWL,20250529-HOMERSTRYKER-1,73c9c390-3cc2-11f0-a835-f9cb0487f947,60.81677,42.8436,NA,4.86303,NA,NA,NA,1.78835,4.29303,2.14131,45d07472-c160-48e7-9a7d-8b154baa4dec,2025-05-29,19:23:51,2025-05-29T19:23:51Z,2025-05-29T19:23:51Z,NA,v3,NA,NA,NA,"Duarte, Christian",10064346,R,LAK_C,27c0b21a-c673-4070-9861-9704f0cf7882,56.20562,-92.38521,6.45561,5.96924,1.77347,-12.142760000000001,-1.72828,5.49083,-2.66106,316.814031,1.78835,-3.68627,-4.23865,1.5823,-0.4656,0.09905,-0.01553,3.9e-4,-1.2e-4,4.29303,71.27633,-17.87744,1.18673,-0.15349,0.01951,0.00498,-0.00378,0.00109,2.14131,58.43135,-11.41649,2.14475,-0.41556,0.04247,0.00981,-0.00397,-0.00232,NA,NA,NA,NA,NA,NA,NA,NA,NA,NA,NA,NA,NA,NA,NA,NA,NA,NA,NA,NA,NA,NA,High,High,High,High,Undefined,NA,NA,NA,NA,NA,NA,NA,NA,NA,NA,NA,NA,NA,NA,NA,NA,NA,NA,NA,NA,NA,NA,NA,NA,NA,NA,NA,NA,NA,NA,NA,NA,NA,NA,NA,NA,NA,NA,NA,NA,NA,NA,NA,NA,NA,NA,NA,NA,NA,NA,NA,NA,NA,NA,NA,NA
NA,NA,NA,NA,NA,NA,NA,NA,NA,NA,NA,NA,NA,NA,NA,NA,452,2025-05-29,15:24:13,2,4,"Choi, Ian",1000214137,Right,LAK_C,"Rodriguez, Evan",1000115944,Right,NWL_KG,Undefined,10,Bottom,1,1,2,Undefined,Four-Seam,BallCalled,Undefined,Undefined,Undefined,0,0,NA,57.64926,0.249799,-5.301611,1478.440406,184.957232,12:15:00,6.02343,1.50818,4.88263,-68.04012,19.80655,1.47402,0.59077,-3.39917,53.78139,-11.947103,-5.043667,0.674581,NA,NA,NA,NA,NA,NA,NA,NA,NA,NA,NA,-2.14819,10.55666,-0.98763,50,5.99122,7.67956,-83.23837,-1.38169,-1.51297,10.77034,-24.73903,NWL_KG,LAK_C,HOMERSTRYKER,NWL,NWL,20250529-HOMERSTRYKER-1,81111df0-3cc2-11f0-a835-f9cb0487f947,55.87534,NA,NA,3.86787,NA,NA,NA,NA,NA,NA,45d07472-c160-48e7-9a7d-8b154baa4dec,2025-05-29,19:24:13,2025-05-29T19:24:13Z,2025-05-29T19:24:13Z,NA,v3,NA,NA,NA,"Duarte, Christian",10064346,R,LAK_C,0674b5ef-6b46-4796-8744-730a2acddf1a,55.61206,-83.96139,5.38517,6.02823,0.27904,-12.36951,-1.50657,7.78113,-0.75649,NA,NA,NA,NA,NA,NA,NA,NA,NA,NA,NA,NA,NA,NA,NA,NA,NA,NA,NA,NA,NA,NA,NA,NA,NA,NA,NA,NA,NA,NA,NA,NA,NA,NA,NA,NA,NA,NA,NA,NA,NA,NA,NA,NA,NA,NA,NA,NA,NA,NA,High,High,High,NA,NA,NA,NA,NA,NA,NA,NA,NA,NA,NA,NA,NA,NA,NA,NA,NA,NA,NA,NA,NA,NA,NA,NA,NA,NA,NA,NA,NA,NA,NA,NA,NA,NA,NA,NA,NA,NA,NA,NA,NA,NA,NA,NA,NA,NA,NA,NA,NA,NA,NA,NA,NA,NA,NA,NA,NA,NA
NA,NA,NA,NA,NA,NA,NA,NA,NA,NA,NA,NA,NA,NA,NA,NA,453,2025-05-29,15:24:36,2,5,"Choi, Ian",1000214137,Right,LAK_C,"Rodriguez, Evan",1000115944,Right,NWL_KG,Undefined,10,Bottom,1,2,2,Undefined,Curveball,BallCalled,Undefined,Undefined,Undefined,0,0,NA,50.8732,7.630981,-1.098639,1200.521349,189.148775,12:15:00,6.06118,1.48141,4.68014,-96.11194,19.44033,2.52862,5.34294,0.64871,46.42308,-9.743107,-0.658205,0.773679,NA,NA,NA,NA,NA,NA,NA,NA,NA,NA,NA,-1.53075,8.40867,-1.37214,50,6.75682,1.32715,-72.97753,7.5581,-0.82421,8.71343,-27.64648,NWL_KG,LAK_C,HOMERSTRYKER,NWL,NWL,20250529-HOMERSTRYKER-1,8e6ac7d0-3cc2-11f0-a835-f9cb0487f947,48.71846,NA,NA,4.45012,NA,NA,NA,NA,NA,NA,45d07472-c160-48e7-9a7d-8b154baa4dec,2025-05-29,19:24:36,2025-05-29T19:24:36Z,2025-05-29T19:24:36Z,NA,v3,NA,NA,NA,"Duarte, Christian",10064346,R,LAK_C,a9ef8099-9d85-40a3-9f2d-acdaebaed32c,55.80996,-73.66796,4.35671,6.07114,9.74875,-13.82324,-1.47989,1.39246,-0.4121,NA,NA,NA,NA,NA,NA,NA,NA,NA,NA,NA,NA,NA,NA,NA,NA,NA,NA,NA,NA,NA,NA,NA,NA,NA,NA,NA,NA,NA,NA,NA,NA,NA,NA,NA,NA,NA,NA,NA,NA,NA,NA,NA,NA,NA,NA,NA,NA,NA,NA,High,High,High,NA,NA,NA,NA,NA,NA,NA,NA,NA,NA,NA,NA,NA,NA,NA,NA,NA,NA,NA,NA,NA,NA,NA,NA,NA,NA,NA,NA,NA,NA,NA,NA,NA,NA,NA,NA,NA,NA,NA,NA,NA,NA,NA,NA,NA,NA,NA,NA,NA,NA,NA,NA,NA,NA,NA,NA,NA,NA
NA,NA,NA,NA,NA,NA,NA,NA,NA,NA,NA,NA,NA,NA,NA,NA,454,2025-05-29,15:24:55,2,6,"Choi, Ian",1000214137,Right,LAK_C,"Rodriguez, Evan",1000115944,Right,NWL_KG,Undefined,10,Bottom,1,3,2,Undefined,Four-Seam,FoulBallNotFieldable,Undefined,Undefined,Undefined,0,0,NA,51.59115,5.523431,-1.166648,1296.672325,205.026713,12:45:00,6.05854,1.57524,4.42589,-92.19702,19.91938,7.62567,3.66266,1.0975,47.59987,-11.021936,0.160031,0.762089,NA,NA,NA,NA,NA,NA,NA,NA,NA,NA,NA,-4.02933,9.08099,-1.45956,50,6.55772,1.29528,-74.35398,4.95671,-2.25691,8.86988,-27.08758,NWL_KG,LAK_C,HOMERSTRYKER,NWL,NWL,20250529-HOMERSTRYKER-1,99e77450-3cc2-11f0-a835-f9cb0487f947,49.45934,NA,NA,3.99127,NA,NA,NA,NA,NA,NA,45d07472-c160-48e7-9a7d-8b154baa4dec,2025-05-29,19:24:55,2025-05-29T19:24:55Z,2025-05-29T19:24:55Z,NA,v3,NA,NA,NA,"Duarte, Christian",10064346,R,LAK_C,7b1e6ba5-f029-47e1-a1ea-fd7192c8b126,56.06806,-75.07436,4.43494,6.06581,7.15668,-13.54379,-1.57221,1.47858,-1.12845,NA,NA,NA,NA,NA,NA,NA,NA,NA,NA,NA,NA,NA,NA,NA,NA,NA,NA,NA,NA,NA,NA,NA,NA,NA,NA,NA,NA,NA,NA,NA,NA,NA,NA,NA,NA,NA,NA,NA,NA,NA,NA,NA,NA,NA,NA,NA,NA,NA,NA,High,High,High,NA,NA,NA,NA,NA,NA,NA,NA,NA,NA,NA,NA,NA,NA,NA,NA,NA,NA,NA,NA,NA,NA,NA,NA,NA,NA,NA,NA,NA,NA,NA,NA,NA,NA,NA,NA,NA,NA,NA,NA,NA,NA,NA,NA,NA,NA,NA,NA,NA,NA,NA,NA,NA,NA,NA,NA,NA,NA
NA,NA,NA,NA,NA,NA,NA,NA,NA,NA,NA,NA,NA,NA,NA,NA,455,2025-05-29,15:25:31,2,7,"Choi, Ian",1000214137,Right,LAK_C,"Rodriguez, Evan",1000115944,Right,NWL_KG,Undefined,10,Bottom,1,3,2,Undefined,Changeup,HitByPitch,Undefined,Undefined,Undefined,0,0,NA,47.35685,8.992232,0.045151,1086.92603,201.215045,12:45:00,6.04997,1.48434,4.33117,-114.72817,20.92777,6.46929,5.1546,2.0666,43.44589,-11.514107,1.162165,0.838283,NA,NA,NA,NA,NA,NA,NA,NA,NA,NA,NA,-3.09087,8.72193,-1.49642,50,6.91355,-0.22888,-67.69327,8.14869,-1.43568,7.31836,-28.12278,NWL_KG,LAK_C,HOMERSTRYKER,NWL,NWL,20250529-HOMERSTRYKER-1,afa3e080-3cc2-11f0-a835-f9cb0487f947,44.96385,NA,NA,3.91096,NA,NA,NA,NA,NA,NA,45d07472-c160-48e7-9a7d-8b154baa4dec,2025-05-29,19:25:31,2025-05-29T19:25:31Z,2025-05-29T19:25:31Z,NA,v3,NA,NA,NA,"Duarte, Christian",10064346,R,LAK_C,3c4893ad-8022-4190-a514-fcc618dae364,56.16002,-68.35599,3.65918,6.06033,10.69536,-14.06139,-1.48158,-0.09887,-0.71784,NA,NA,NA,NA,NA,NA,NA,NA,NA,NA,NA,NA,NA,NA,NA,NA,NA,NA,NA,NA,NA,NA,NA,NA,NA,NA,NA,NA,NA,NA,NA,NA,NA,NA,NA,NA,NA,NA,NA,NA,NA,NA,NA,NA,NA,NA,NA,NA,NA,NA,High,High,High,NA,NA,NA,NA,NA,NA,NA,NA,NA,NA,NA,NA,NA,NA,NA,NA,NA,NA,NA,NA,NA,NA,NA,NA,NA,NA,NA,NA,NA,NA,NA,NA,NA,NA,NA,NA,NA,NA,NA,NA,NA,NA,NA,NA,NA,NA,NA,NA,NA,NA,NA,NA,NA,NA,NA,NA,NA,NA
NA,NA,NA,NA,NA,NA,NA,NA,NA,NA,NA,NA,NA,NA,NA,NA,456,2025-05-29,15:26:09,3,1,"Choi, Ian",1000214137,Right,LAK_C,"Johnson, Trevor",815427,Left,NWL_KG,Undefined,10,Bottom,1,0,0,Undefined,Curveball,BallCalled,Undefined,Undefined,Undefined,0,0,NA,49.13786,8.745197,0.287822,1156.510528,198.389882,12:30:00,6.0846,1.43824,4.26286,-107.53305,17.73855,4.67469,5.5576,2.10322,45.22774,-10.431556,1.094449,0.80556,NA,NA,NA,NA,NA,NA,NA,NA,NA,NA,NA,-2.1474,7.37355,-1.47485,50,6.93602,-0.48738,-70.34475,8.27865,-1.08528,7.33509,-28.44748,NWL_KG,LAK_C,HOMERSTRYKER,NWL,NWL,20250529-HOMERSTRYKER-1,c5f7aab0-3cc2-11f0-a835-f9cb0487f947,46.79037,NA,NA,3.91012,NA,NA,NA,NA,NA,NA,45d07472-c160-48e7-9a7d-8b154baa4dec,2025-05-29,19:26:09,2025-05-29T19:26:09Z,2025-05-29T19:26:09Z,NA,v3,NA,NA,NA,"Duarte, Christian",10064346,R,LAK_C,f70bc400-d097-4e38-baa8-56cd3b055da7,56.22852,-70.99125,3.66754,6.09586,10.78595,-14.22374,-1.43611,-0.39173,-0.54264,NA,NA,NA,NA,NA,NA,NA,NA,NA,NA,NA,NA,NA,NA,NA,NA,NA,NA,NA,NA,NA,NA,NA,NA,NA,NA,NA,NA,NA,NA,NA,NA,NA,NA,NA,NA,NA,NA,NA,NA,NA,NA,NA,NA,NA,NA,NA,NA,NA,NA,High,High,High,NA,NA,NA,NA,NA,NA,NA,NA,NA,NA,NA,NA,NA,NA,NA,NA,NA,NA,NA,NA,NA,NA,NA,NA,NA,NA,NA,NA,NA,NA,NA,NA,NA,NA,NA,NA,NA,NA,NA,NA,NA,NA,NA,NA,NA,NA,NA,NA,NA,NA,NA,NA,NA,NA,NA,NA,NA,NA
NA,NA,NA,NA,NA,NA,NA,NA,NA,NA,NA,NA,NA,NA,NA,NA,457,2025-05-29,15:26:14,3,2,"Choi, Ian",1000214137,Right,LAK_C,"Johnson, Trevor",815427,Left,NWL_KG,Undefined,10,Bottom,1,1,0,Undefined,NA,BallIntentional,Undefined,Undefined,Undefined,0,0,NA,NA,NA,NA,NA,NA,NA,NA,NA,NA,NA,NA,NA,NA,NA,NA,NA,NA,NA,NA,NA,NA,NA,NA,NA,NA,NA,NA,NA,NA,NA,NA,NA,NA,NA,NA,NA,NA,NA,NA,NA,NWL_KG,LAK_C,HOMERSTRYKER,NWL,NWL,20250529-HOMERSTRYKER-1,7f8bf8c0-3d6b-11f0-a905-ff3b706cb1d8,NA,NA,NA,NA,NA,NA,NA,NA,NA,NA,45d07472-c160-48e7-9a7d-8b154baa4dec,2025-05-29,19:26:14,2025-05-29T19:26:14Z,2025-05-29T19:26:14Z,NA,v3,NA,NA,NA,"Duarte, Christian",10064346,R,LAK_C,NA,NA,NA,NA,NA,NA,NA,NA,NA,NA,NA,NA,NA,NA,NA,NA,NA,NA,NA,NA,NA,NA,NA,NA,NA,NA,NA,NA,NA,NA,NA,NA,NA,NA,NA,NA,NA,NA,NA,NA,NA,NA,NA,NA,NA,NA,NA,NA,NA,NA,NA,NA,NA,NA,NA,NA,NA,NA,NA,NA,NA,NA,NA,NA,NA,NA,NA,NA,NA,NA,NA,NA,NA,NA,NA,NA,NA,NA,NA,NA,NA,NA,NA,NA,NA,NA,NA,NA,NA,NA,NA,NA,NA,NA,NA,NA,NA,NA,NA,NA,NA,NA,NA,NA,NA,NA,NA,NA,NA,NA,NA,NA,NA,NA,NA,NA,NA,NA,NA,NA,NA
NA,NA,NA,NA,NA,NA,NA,NA,NA,NA,NA,NA,NA,NA,NA,NA,458,2025-05-29,15:26:19,3,3,"Choi, Ian",1000214137,Right,LAK_C,"Johnson, Trevor",815427,Left,NWL_KG,Undefined,10,Bottom,1,2,0,Undefined,NA,BallIntentional,Undefined,Undefined,Undefined,0,0,NA,NA,NA,NA,NA,NA,NA,NA,NA,NA,NA,NA,NA,NA,NA,NA,NA,NA,NA,NA,NA,NA,NA,NA,NA,NA,NA,NA,NA,NA,NA,NA,NA,NA,NA,NA,NA,NA,NA,NA,NA,NWL_KG,LAK_C,HOMERSTRYKER,NWL,NWL,20250529-HOMERSTRYKER-1,7f8bf8c1-3d6b-11f0-a905-ff3b706cb1d8,NA,NA,NA,NA,NA,NA,NA,NA,NA,NA,45d07472-c160-48e7-9a7d-8b154baa4dec,2025-05-29,19:26:19,2025-05-29T19:26:19Z,2025-05-29T19:26:19Z,NA,v3,NA,NA,NA,"Duarte, Christian",10064346,R,LAK_C,NA,NA,NA,NA,NA,NA,NA,NA,NA,NA,NA,NA,NA,NA,NA,NA,NA,NA,NA,NA,NA,NA,NA,NA,NA,NA,NA,NA,NA,NA,NA,NA,NA,NA,NA,NA,NA,NA,NA,NA,NA,NA,NA,NA,NA,NA,NA,NA,NA,NA,NA,NA,NA,NA,NA,NA,NA,NA,NA,NA,NA,NA,NA,NA,NA,NA,NA,NA,NA,NA,NA,NA,NA,NA,NA,NA,NA,NA,NA,NA,NA,NA,NA,NA,NA,NA,NA,NA,NA,NA,NA,NA,NA,NA,NA,NA,NA,NA,NA,NA,NA,NA,NA,NA,NA,NA,NA,NA,NA,NA,NA,NA,NA,NA,NA,NA,NA,NA,NA,NA,NA
NA,NA,NA,NA,NA,NA,NA,NA,NA,NA,NA,NA,NA,NA,NA,NA,459,2025-05-29,15:26:24,3,4,"Choi, Ian",1000214137,Right,LAK_C,"Johnson, Trevor",815427,Left,NWL_KG,Undefined,10,Bottom,1,3,0,Undefined,NA,BallIntentional,Walk,Undefined,Undefined,0,0,NA,NA,NA,NA,NA,NA,NA,NA,NA,NA,NA,NA,NA,NA,NA,NA,NA,NA,NA,NA,NA,NA,NA,NA,NA,NA,NA,NA,NA,NA,NA,NA,NA,NA,NA,NA,NA,NA,NA,NA,NA,NWL_KG,LAK_C,HOMERSTRYKER,NWL,NWL,20250529-HOMERSTRYKER-1,7f8bf8c2-3d6b-11f0-a905-ff3b706cb1d8,NA,NA,NA,NA,NA,NA,NA,NA,NA,NA,45d07472-c160-48e7-9a7d-8b154baa4dec,2025-05-29,19:26:24,2025-05-29T19:26:24Z,2025-05-29T19:26:24Z,NA,v3,NA,NA,NA,"Duarte, Christian",10064346,R,LAK_C,NA,NA,NA,NA,NA,NA,NA,NA,NA,NA,NA,NA,NA,NA,NA,NA,NA,NA,NA,NA,NA,NA,NA,NA,NA,NA,NA,NA,NA,NA,NA,NA,NA,NA,NA,NA,NA,NA,NA,NA,NA,NA,NA,NA,NA,NA,NA,NA,NA,NA,NA,NA,NA,NA,NA,NA,NA,NA,NA,NA,NA,NA,NA,NA,NA,NA,NA,NA,NA,NA,NA,NA,NA,NA,NA,NA,NA,NA,NA,NA,NA,NA,NA,NA,NA,NA,NA,NA,NA,NA,NA,NA,NA,NA,NA,NA,NA,NA,NA,NA,NA,NA,NA,NA,NA,NA,NA,NA,NA,NA,NA,NA,NA,NA,NA,NA,NA,NA,NA,NA,NA
NA,NA,NA,NA,NA,NA,NA,NA,NA,NA,NA,NA,NA,NA,NA,NA,460,2025-05-29,15:26:54,4,1,"Choi, Ian",1000214137,Right,LAK_C,"Sprockett, Michael",1000119908,Left,NWL_KG,Undefined,10,Bottom,1,1,0,Undefined,Changeup,InPlay,Undefined,LineDrive,Single,0,1,NA,47.54171,8.003206,-1.669259,1129.543577,214.015993,01:15:00,6.17609,1.40778,4.41299,-115.98971,17.0371,8.74481,4.20099,0.54311,44.05028,-12.672704,-0.154188,0.83012,88.40113,14.660811,8.529041,2013.764904,108.94854,16.90147,15.17224,190.43371,190.43371,7.627761,1.84361,-4.67547,7.16512,-1.2397,50,6.9201,1.75368,-68.18168,6.98546,-2.21054,7.18905,-28.78641,NWL_KG,LAK_C,HOMERSTRYKER,NWL,NWL,20250529-HOMERSTRYKER-1,e1292f20-3cc2-11f0-a835-f9cb0487f947,45.406,17.24999,NA,3.49143,NA,NA,NA,2.19291,4.36885,-0.51612,45d07472-c160-48e7-9a7d-8b154baa4dec,2025-05-29,19:26:54,2025-05-29T19:26:54Z,2025-05-29T19:26:54Z,LineDrive,v3,NA,NA,NA,"Duarte, Christian",10064346,R,LAK_C,1f8c50e8-9ae1-49c1-90a9-6aefc34bb4d9,56.08153,-68.81992,3.59452,6.18648,9.54113,-14.39321,-1.40411,1.94994,-1.10527,358.827175,2.19291,124.04617,-14.48696,1.59965,-0.33099,0.05319,-0.00791,0.00135,-1.3e-4,4.36885,32.81514,-22.70293,2.58331,-0.4921,0.11149,-0.01847,0.00236,-1.9e-4,-0.51612,18.60311,-2.11569,-0.2633,0.05477,-0.01999,0.00407,-4.6e-4,3e-5,NA,NA,NA,NA,NA,NA,NA,NA,NA,NA,NA,NA,NA,NA,NA,NA,NA,NA,NA,NA,NA,NA,High,High,High,High,High,NA,NA,NA,NA,NA,NA,NA,NA,NA,NA,NA,NA,NA,NA,NA,NA,NA,NA,NA,NA,NA,NA,NA,NA,NA,NA,NA,NA,NA,NA,NA,NA,NA,NA,NA,NA,NA,NA,NA,NA,NA,NA,NA,NA,NA,NA,NA,NA,NA,NA,NA,NA,NA,NA,NA,NA
