player_name,display_name,active,notes,id,pitcher,date,rel_speed,horz_break,induced_vert_break,original_pitch_type,new_pitch_type,new_pitcher,modified_at,pitch_key,created_at,PitchNo,Date,Time,PAofInning,PitchofPA,Pitcher,PitcherId,PitcherThrows,PitcherTeam,Batter,BatterId,BatterSide,BatterTeam,PitcherSet,Inning,Top/Bottom,Outs,Balls,Strikes,TaggedPitchType,AutoPitchType,PitchCall,KorBB,TaggedHitType,PlayResult,OutsOnPlay,RunsScored,Notes,RelSpeed,VertRelAngle,HorzRelAngle,SpinRate,SpinAxis,Tilt,RelHeight,RelSide,Extension,VertBreak,InducedVertBreak,HorzBreak,PlateLocHeight,PlateLocSide,ZoneSpeed,VertApprAngle,HorzApprAngle,ZoneTime,ExitSpeed,Angle,Direction,HitSpinRate,PositionAt110X,PositionAt110Y,PositionAt110Z,Distance,LastTrackedDistance,Bearing,HangTime,pfxx,pfxz,x0,y0,z0,vx0,vy0,vz0,ax0,ay0,az0,HomeTeam,AwayTeam,Stadium,Level,League,GameID,PitchUID,EffectiveVelo,MaxHeight,MeasuredDuration,SpeedDrop,PitchLastMeasuredX,PitchLastMeasuredY,PitchLastMeasuredZ,ContactPositionX,ContactPositionY,ContactPositionZ,GameUID,UTCDate,UTCTime,LocalDateTime,UTCDateTime,AutoHitType,System,HomeTeamForeignID,AwayTeamForeignID,GameForeignID,Catcher,CatcherId,CatcherThrows,CatcherTeam,PlayID,PitchTrajectoryXc0,PitchTrajectoryXc1,PitchTrajectoryXc2,PitchTrajectoryYc0,PitchTrajectoryYc1,PitchTrajectoryYc2,PitchTrajectoryZc0,PitchTrajectoryZc1,PitchTrajectoryZc2,HitSpinAxis,HitTrajectoryXc0,HitTrajectoryXc1,HitTrajectoryXc2,HitTrajectoryXc3,HitTrajectoryXc4,HitTrajectoryXc5,HitTrajectoryXc6,HitTrajectoryXc7,HitTrajectoryXc8,HitTrajectoryYc0,HitTrajectoryYc1,HitTrajectoryYc2,HitTrajectoryYc3,HitTrajectoryYc4,HitTrajectoryYc5,HitTrajectoryYc6,HitTrajectoryYc7,HitTrajectoryYc8,HitTrajectoryZc0,HitTrajectoryZc1,HitTrajectoryZc2,HitTrajectoryZc3,HitTrajectoryZc4,HitTrajectoryZc5,HitTrajectoryZc6,HitTrajectoryZc7,HitTrajectoryZc8,ThrowSpeed,PopTime,ExchangeTime,TimeToBase,CatchPositionX,CatchPositionY,CatchPositionZ,ThrowPositionX,ThrowPositionY,ThrowPositionZ,BasePositionX,BasePositionY,BasePositionZ,ThrowTrajectoryXc0,ThrowTrajectoryXc1,ThrowTrajectoryXc2,ThrowTrajectoryYc0,ThrowTrajectoryYc1,ThrowTrajectoryYc2,ThrowTrajectoryZc0,ThrowTrajectoryZc1,ThrowTrajectoryZc2,PitchReleaseConfidence,PitchLocationConfidence,PitchMovementConfidence,HitLaunchConfidence,HitLandingConfidence,CatcherThrowCatchConfidence,CatcherThrowReleaseConfidence,CatcherThrowLocationConfidence,SpinAxis3dTransverseAngle,SpinAxis3dLongitudinalAngle,SpinAxis3dActiveSpinRate,SpinAxis3dSpinEfficiency,SpinAxis3dTilt,SpinAxis3dVectorX,SpinAxis3dVectorY,SpinAxis3dVectorZ,SpinAxis3dSeamOrientationRotationX,SpinAxis3dSeamOrientationRotationY,SpinAxis3dSeamOrientationRotationZ,SpinAxis3dSeamOrientationBallYAmb1,SpinAxis3dSeamOrientationBallAngleHorizontalAmb1,SpinAxis3dSeamOrientationBallZAmb1,SpinAxis3dSeamOrientationBallAngleVerticalAmb2,SpinAxis3dSeamOrientationBallZAmb2,SpinAxis3dSeamOrientationBallXAmb4,SpinAxis3dSeamOrientationBallYAmb4,SpinAxis3dSeamOrientationBallAngleHorizontalAmb2,SpinAxis3dSeamOrientationBallAngleVerticalAmb1,SpinAxis3dSeamOrientationBallXAmb1,SpinAxis3dSeamOrientationBallYAmb2,SpinAxis3dSeamOrientationBallAngleHorizontalAmb4,SpinAxis3dSeamOrientationBallAngleVerticalAmb4,SpinAxis3dSeamOrientationBallXAmb2,SpinAxis3dSeamOrientationBallAngleVerticalAmb3,SpinAxis3dSeamOrientationBallAngleHorizontalAmb3,SpinAxis3dSeamOrientationBallXAmb3,SpinAxis3dSeamOrientationBallYAmb3,SpinAxis3dSeamOrientationBallZAmb3,SpinAxis3dSeamOrientationBallZAmb4,PitchSession,Flag,CalibrationId,EffVelocity,PracticeType,Device,HitType,SessionId,BatSpeed,VerticalAttackAngle,HorizontalAttackAngle,session_id,play_id,camera_slot,camera_name,camera_target,video_type,azure_blob,azure_md5,cloudinary_url,cloudinary_public_id,uploaded_at
NA,NA,NA,NA,NA,NA,NA,NA,NA,NA,NA,NA,NA,NA,NA,NA,1,2025-07-27,13:37:48,1,1,"Bell, TayShaun",1000350469,Right,202_RBI1,"Harris, Marquise",1000350344,Right,202_RBI4,Undefined,1,Top,0,0,0,Undefined,Changeup,FoulBallNotFieldable,Undefined,Undefined,Undefined,0,0,NA,80.89735,-0.863582,-2.450732,1675.615178,214.607929,01:15:00,6.10369,0.99258,5.25261,-28.41128,16.75371,10.25843,2.92383,-0.45674,71.81207,-6.20356,-0.632682,0.483696,NA,NA,NA,NA,NA,NA,NA,NA,NA,NA,NA,-6.07863,9.21154,-0.77585,50,6.00441,4.57624,-116.89899,-2.65798,-8.13791,28.70649,-19.84187,202_RBI1,202_RBI4,USABBCary1,USA Baseball,USA,20250727-USABBCary1-3,69d4fc20-6b10-11f0-8846-3f6e6eb56ce0,77.92593,NA,NA,9.08528,NA,NA,NA,NA,NA,NA,ff73c667-d689-4199-a12b-e162e8200460,2025-07-27,17:37:48,2025-07-27T17:37:48Z,2025-07-27T17:37:48Z,NA,v3,NA,NA,NA,"Sherrard, Evan",10955458,Right,202_RBI1,b0326dec-984c-479e-b4e5-514bb64d06c7,55.24167,-118.17916,14.35325,6.10321,-1.77313,-9.92094,-0.98802,4.93915,-4.06895,NA,NA,NA,NA,NA,NA,NA,NA,NA,NA,NA,NA,NA,NA,NA,NA,NA,NA,NA,NA,NA,NA,NA,NA,NA,NA,NA,NA,NA,NA,NA,NA,NA,NA,NA,NA,NA,NA,NA,NA,NA,NA,NA,NA,NA,NA,NA,NA,NA,NA,High,High,High,NA,NA,NA,NA,NA,NA,NA,NA,NA,NA,NA,NA,NA,NA,NA,NA,NA,NA,NA,NA,NA,NA,NA,NA,NA,NA,NA,NA,NA,NA,NA,NA,NA,NA,NA,NA,NA,NA,NA,NA,NA,NA,NA,NA,NA,NA,NA,NA,NA,NA,NA,NA,NA,NA,NA,NA,NA,NA
NA,NA,NA,NA,NA,NA,NA,NA,NA,NA,NA,NA,NA,NA,NA,NA,2,2025-07-27,13:38:15,1,2,"Bell, TayShaun",1000350469,Right,202_RBI1,"Harris, Marquise",1000350344,Right,202_RBI4,Undefined,1,Top,0,0,1,Undefined,Changeup,BallCalled,Undefined,Undefined,Undefined,0,0,NA,80.57667,-1.541077,-4.137782,1820.055216,215.253335,01:15:00,6.18574,0.90148,5.95761,-26.2395,17.96426,11.44048,2.56596,-1.98891,71.96753,-6.531297,-2.088883,0.478521,NA,NA,NA,NA,NA,NA,NA,NA,NA,NA,NA,-7.28331,10.24351,-0.57859,50,6.04872,7.97137,-116.4142,-3.85596,-9.7393,27.06258,-18.47633,202_RBI1,202_RBI4,USABBCary1,USA Baseball,USA,20250727-USABBCary1-3,7a1c9e30-6b10-11f0-8846-3f6e6eb56ce0,78.76864,NA,NA,8.60914,NA,NA,NA,NA,NA,NA,ff73c667-d689-4199-a12b-e162e8200460,2025-07-27,17:38:15,2025-07-27T17:38:15Z,2025-07-27T17:38:15Z,NA,v3,NA,NA,NA,"Sherrard, Evan",10955458,Right,202_RBI1,b9490994-f2ee-4404-b20a-e7480dfb71e9,54.53515,-117.46374,13.53129,6.18436,-3.13941,-9.23817,-0.89506,8.34909,-4.86965,NA,NA,NA,NA,NA,NA,NA,NA,NA,NA,NA,NA,NA,NA,NA,NA,NA,NA,NA,NA,NA,NA,NA,NA,NA,NA,NA,NA,NA,NA,NA,NA,NA,NA,NA,NA,NA,NA,NA,NA,NA,NA,NA,NA,NA,NA,NA,NA,NA,NA,High,High,High,NA,NA,NA,NA,NA,NA,NA,NA,NA,NA,NA,NA,NA,NA,NA,NA,NA,NA,NA,NA,NA,NA,NA,NA,NA,NA,NA,NA,NA,NA,NA,NA,NA,NA,NA,NA,NA,NA,NA,NA,NA,NA,NA,NA,NA,NA,NA,NA,NA,NA,NA,NA,NA,NA,NA,NA,NA,NA
NA,NA,NA,NA,NA,NA,NA,NA,NA,NA,NA,NA,NA,NA,NA,NA,3,2025-07-27,13:38:31,1,3,"Bell, TayShaun",1000350469,Right,202_RBI1,"Harris, Marquise",1000350344,Right,202_RBI4,Undefined,1,Top,0,1,1,Undefined,Curveball,BallCalled,Undefined,Undefined,Undefined,0,0,NA,63.96117,4.880948,1.827128,1830.579655,89.196056,09:00:00,5.7642,1.32023,5.25043,-69.35264,2.46689,-15.22339,4.58476,1.76909,57.4391,-7.836095,-0.866064,0.609948,NA,NA,NA,NA,NA,NA,NA,NA,NA,NA,NA,8.09528,0.47783,-1.47638,50,6.16286,-2.41852,-92.27003,5.93282,6.8441,16.20399,-31.77008,202_RBI1,202_RBI4,USABBCary1,USA Baseball,USA,20250727-USABBCary1-3,83ca7e20-6b10-11f0-8846-3f6e6eb56ce0,61.79618,NA,NA,6.52207,NA,NA,NA,NA,NA,NA,ff73c667-d689-4199-a12b-e162e8200460,2025-07-27,17:38:31,2025-07-27T17:38:31Z,2025-07-27T17:38:31Z,NA,v3,NA,NA,NA,"Sherrard, Evan",10955458,Right,202_RBI1,3c5bc7d4-dc86-44d4-a0fb-fe93e877ec05,55.24442,-93.18648,8.10199,5.77651,7.72964,-15.88504,-1.32865,-2.8056,3.42205,NA,NA,NA,NA,NA,NA,NA,NA,NA,NA,NA,NA,NA,NA,NA,NA,NA,NA,NA,NA,NA,NA,NA,NA,NA,NA,NA,NA,NA,NA,NA,NA,NA,NA,NA,NA,NA,NA,NA,NA,NA,NA,NA,NA,NA,NA,NA,NA,NA,NA,High,High,High,NA,NA,NA,NA,NA,NA,NA,NA,NA,NA,NA,NA,NA,NA,NA,NA,NA,NA,NA,NA,NA,NA,NA,NA,NA,NA,NA,NA,NA,NA,NA,NA,NA,NA,NA,NA,NA,NA,NA,NA,NA,NA,NA,NA,NA,NA,NA,NA,NA,NA,NA,NA,NA,NA,NA,NA,NA,NA
NA,NA,NA,NA,NA,NA,NA,NA,NA,NA,NA,NA,NA,NA,NA,NA,4,2025-07-27,13:38:49,1,4,"Bell, TayShaun",1000350469,Right,202_RBI1,"Harris, Marquise",1000350344,Right,202_RBI4,Undefined,1,Top,0,2,1,Undefined,Changeup,StrikeCalled,Undefined,Undefined,Undefined,0,0,NA,79.74494,-2.164419,-3.57428,1692.552552,210.798672,01:00:00,6.02819,1.15119,6.11253,-26.88942,17.69434,9.52457,1.78128,-1.36425,71.75269,-7.262624,-1.861399,0.480573,NA,NA,NA,NA,NA,NA,NA,NA,NA,NA,NA,-6.09548,10.3456,-0.88151,50,5.84795,6.84648,-115.35468,-5.08485,-8.04801,25.48503,-18.51449,202_RBI1,202_RBI4,USABBCary1,USA Baseball,USA,20250727-USABBCary1-3,8e568910-6b10-11f0-8846-3f6e6eb56ce0,78.43223,NA,NA,7.99225,NA,NA,NA,NA,NA,NA,ff73c667-d689-4199-a12b-e162e8200460,2025-07-27,17:38:49,2025-07-27T17:38:49Z,2025-07-27T17:38:49Z,NA,v3,NA,NA,NA,"Sherrard, Evan",10955458,Right,202_RBI1,31dfc47b-cea0-4ee3-9f3c-497c408a898c,54.38154,-116.31865,12.74252,6.02704,-4.38453,-9.25724,-1.14623,7.1509,-4.024,NA,NA,NA,NA,NA,NA,NA,NA,NA,NA,NA,NA,NA,NA,NA,NA,NA,NA,NA,NA,NA,NA,NA,NA,NA,NA,NA,NA,NA,NA,NA,NA,NA,NA,NA,NA,NA,NA,NA,NA,NA,NA,NA,NA,NA,NA,NA,NA,NA,NA,High,High,High,NA,NA,NA,NA,NA,NA,NA,NA,NA,NA,NA,NA,NA,NA,NA,NA,NA,NA,NA,NA,NA,NA,NA,NA,NA,NA,NA,NA,NA,NA,NA,NA,NA,NA,NA,NA,NA,NA,NA,NA,NA,NA,NA,NA,NA,NA,NA,NA,NA,NA,NA,NA,NA,NA,NA,NA,NA,NA
NA,NA,NA,NA,NA,NA,NA,NA,NA,NA,NA,NA,NA,NA,NA,NA,5,2025-07-27,13:39:07,1,5,"Bell, TayShaun",1000350469,Right,202_RBI1,"Harris, Marquise",1000350344,Right,202_RBI4,Undefined,1,Top,0,2,2,Undefined,Changeup,BallCalled,Undefined,Undefined,Undefined,0,0,NA,80.19104,-3.186876,-2.845108,1818.354843,220.016989,01:15:00,6.10649,0.80715,5.51599,-26.79001,18.72324,14.12957,0.88739,-0.67785,71.61416,-8.226949,-0.327809,0.485557,NA,NA,NA,NA,NA,NA,NA,NA,NA,NA,NA,-8.12993,11.1228,-0.56883,50,5.8111,5.17514,-115.7573,-7.23995,-10.71593,27.3607,-17.51323,202_RBI1,202_RBI4,USABBCary1,USA Baseball,USA,20250727-USABBCary1-3,992e6a10-6b10-11f0-8846-3f6e6eb56ce0,77.62721,NA,NA,8.57688,NA,NA,NA,NA,NA,NA,ff73c667-d689-4199-a12b-e162e8200460,2025-07-27,17:39:07,2025-07-27T17:39:07Z,2025-07-27T17:39:07Z,NA,v3,NA,NA,NA,"Sherrard, Evan",10955458,Right,202_RBI1,8ad48402-1f88-49d8-9265-c294e5d57eb5,54.97703,-116.92776,13.68035,6.10479,-6.49075,-8.75662,-0.80002,5.63356,-5.35796,NA,NA,NA,NA,NA,NA,NA,NA,NA,NA,NA,NA,NA,NA,NA,NA,NA,NA,NA,NA,NA,NA,NA,NA,NA,NA,NA,NA,NA,NA,NA,NA,NA,NA,NA,NA,NA,NA,NA,NA,NA,NA,NA,NA,NA,NA,NA,NA,NA,NA,High,High,High,NA,NA,NA,NA,NA,NA,NA,NA,NA,NA,NA,NA,NA,NA,NA,NA,NA,NA,NA,NA,NA,NA,NA,NA,NA,NA,NA,NA,NA,NA,NA,NA,NA,NA,NA,NA,NA,NA,NA,NA,NA,NA,NA,NA,NA,NA,NA,NA,NA,NA,NA,NA,NA,NA,NA,NA,NA,NA
NA,NA,NA,NA,NA,NA,NA,NA,NA,NA,NA,NA,NA,NA,NA,NA,6,2025-07-27,13:39:26,1,6,"Bell, TayShaun",1000350469,Right,202_RBI1,"Harris, Marquise",1000350344,Right,202_RBI4,Undefined,1,Top,0,3,2,Undefined,Changeup,BallCalled,Walk,Undefined,Undefined,0,0,NA,77.34805,-2.989917,-2.589327,1803.433941,237.52444,02:00:00,5.99839,1.00985,5.88069,-34.40344,13.05859,17.80371,0.34943,0.08723,70.37942,-9.374097,0.609006,0.495843,NA,NA,NA,NA,NA,NA,NA,NA,NA,NA,NA,-9.93713,8.14213,-0.81099,50,5.73691,4.4088,-111.99119,-6.85153,-12.44849,22.79701,-21.97417,202_RBI1,202_RBI4,USABBCary1,USA Baseball,USA,20250727-USABBCary1-3,a4cb48c0-6b10-11f0-8846-3f6e6eb56ce0,76.01681,NA,NA,6.96863,NA,NA,NA,NA,NA,NA,ff73c667-d689-4199-a12b-e162e8200460,2025-07-27,17:39:26,2025-07-27T17:39:26Z,2025-07-27T17:39:26Z,NA,v3,NA,NA,NA,"Sherrard, Evan",10955458,Right,202_RBI1,c509480d-6474-4847-85ea-f0263123092f,54.61627,-112.92697,11.3985,5.99964,-5.94952,-10.98709,-1.00245,4.91979,-6.22424,NA,NA,NA,NA,NA,NA,NA,NA,NA,NA,NA,NA,NA,NA,NA,NA,NA,NA,NA,NA,NA,NA,NA,NA,NA,NA,NA,NA,NA,NA,NA,NA,NA,NA,NA,NA,NA,NA,NA,NA,NA,NA,NA,NA,NA,NA,NA,NA,NA,NA,High,High,High,NA,NA,NA,NA,NA,NA,NA,NA,NA,NA,NA,NA,NA,NA,NA,NA,NA,NA,NA,NA,NA,NA,NA,NA,NA,NA,NA,NA,NA,NA,NA,NA,NA,NA,NA,NA,NA,NA,NA,NA,NA,NA,NA,NA,NA,NA,NA,NA,NA,NA,NA,NA,NA,NA,NA,NA,NA,NA
NA,NA,NA,NA,NA,NA,NA,NA,NA,NA,NA,NA,NA,NA,NA,NA,7,2025-07-27,13:40:02,2,1,"Bell, TayShaun",1000350469,Right,202_RBI1,"Sosa, Andy",10955480,Right,202_RBI4,Undefined,1,Top,0,0,0,Undefined,Curveball,BallCalled,Undefined,Undefined,Undefined,0,0,NA,72.23749,0.874223,-1.514867,1640.323364,221.652368,01:30:00,6.10907,0.95313,5.34735,-38.9079,16.80702,13.07989,3.68709,0.62187,64.94481,-6.375677,0.808176,0.537226,NA,NA,NA,NA,NA,NA,NA,NA,NA,NA,NA,-7.02886,8.7302,-0.82633,50,6.16082,2.27418,-104.56704,0.47182,-7.63231,20.80399,-22.69435,202_RBI1,202_RBI4,USABBCary1,USA Baseball,USA,20250727-USABBCary1-3,ba3241f0-6b10-11f0-8846-3f6e6eb56ce0,70.16123,NA,NA,7.29267,NA,NA,NA,NA,NA,NA,ff73c667-d689-4199-a12b-e162e8200460,2025-07-27,17:40:02,2025-07-27T17:40:02Z,2025-07-27T17:40:02Z,NA,v3,NA,NA,NA,"Sherrard, Evan",10955458,Right,202_RBI1,352d3dc6-af2b-47ab-a15a-ef8dd7fd0dcd,55.14593,-105.58588,10.402,6.1105,1.58323,-11.34718,-0.94686,2.64796,-3.81615,NA,NA,NA,NA,NA,NA,NA,NA,NA,NA,NA,NA,NA,NA,NA,NA,NA,NA,NA,NA,NA,NA,NA,NA,NA,NA,NA,NA,NA,NA,NA,NA,NA,NA,NA,NA,NA,NA,NA,NA,NA,NA,NA,NA,NA,NA,NA,NA,NA,NA,High,High,High,NA,NA,NA,NA,NA,NA,NA,NA,NA,NA,NA,NA,NA,NA,NA,NA,NA,NA,NA,NA,NA,NA,NA,NA,NA,NA,NA,NA,NA,NA,NA,NA,NA,NA,NA,NA,NA,NA,NA,NA,NA,NA,NA,NA,NA,NA,NA,NA,NA,NA,NA,NA,NA,NA,NA,NA,NA,NA
NA,NA,NA,NA,NA,NA,NA,NA,NA,NA,NA,NA,NA,NA,NA,NA,8,2025-07-27,13:40:16,2,2,"Bell, TayShaun",1000350469,Right,202_RBI1,"Sosa, Andy",10955480,Right,202_RBI4,Undefined,1,Top,0,1,0,Undefined,Changeup,FoulBallNotFieldable,Undefined,Undefined,Undefined,0,0,NA,71.90728,-1.624612,-1.99521,1586.920729,215.044161,01:15:00,6.08687,1.03749,5.58196,-37.3301,19.01186,11.69284,1.45751,0.14784,64.32846,-8.615384,0.092548,0.540241,NA,NA,NA,NA,NA,NA,NA,NA,NA,NA,NA,-6.68359,10.86347,-0.87394,50,5.92357,3.20619,-103.98754,-3.96468,-7.09407,22.41349,-20.64338,202_RBI1,202_RBI4,USABBCary1,USA Baseball,USA,20250727-USABBCary1-3,c28a7cf0-6b10-11f0-8846-3f6e6eb56ce0,69.7697,NA,NA,7.57882,NA,NA,NA,NA,NA,NA,ff73c667-d689-4199-a12b-e162e8200460,2025-07-27,17:40:16,2025-07-27T17:40:16Z,2025-07-27T17:40:16Z,NA,v3,NA,NA,NA,"Sherrard, Evan",10955458,Right,202_RBI1,b78e8c1f-c580-439d-8e29-b88ebee15736,54.91201,-105.04094,11.20674,6.0871,-2.99447,-10.32169,-1.03246,3.5396,-3.54703,NA,NA,NA,NA,NA,NA,NA,NA,NA,NA,NA,NA,NA,NA,NA,NA,NA,NA,NA,NA,NA,NA,NA,NA,NA,NA,NA,NA,NA,NA,NA,NA,NA,NA,NA,NA,NA,NA,NA,NA,NA,NA,NA,NA,NA,NA,NA,NA,NA,NA,High,High,High,NA,NA,NA,NA,NA,NA,NA,NA,NA,NA,NA,NA,NA,NA,NA,NA,NA,NA,NA,NA,NA,NA,NA,NA,NA,NA,NA,NA,NA,NA,NA,NA,NA,NA,NA,NA,NA,NA,NA,NA,NA,NA,NA,NA,NA,NA,NA,NA,NA,NA,NA,NA,NA,NA,NA,NA,NA,NA
NA,NA,NA,NA,NA,NA,NA,NA,NA,NA,NA,NA,NA,NA,NA,NA,9,2025-07-27,13:40:40,2,3,"Bell, TayShaun",1000350469,Right,202_RBI1,"Sosa, Andy",10955480,Right,202_RBI4,Undefined,1,Top,0,1,1,Undefined,Curveball,BallCalled,Undefined,Undefined,Undefined,0,0,NA,60.65825,5.025297,1.952314,1507.479357,95.600089,09:15:00,6.00613,1.04238,5.17178,-75.80067,4.20114,-12.81198,4.43334,1.81264,54.6933,-8.836615,-0.310072,0.643756,NA,NA,NA,NA,NA,NA,NA,NA,NA,NA,NA,6.94949,1.34709,-1.21405,50,6.41851,-2.56418,-87.4803,5.66961,5.29129,14.35088,-31.14839,202_RBI1,202_RBI4,USABBCary1,USA Baseball,USA,20250727-USABBCary1-3,d0e199a0-6b10-11f0-8846-3f6e6eb56ce0,58.55081,NA,NA,5.96495,NA,NA,NA,NA,NA,NA,ff73c667-d689-4199-a12b-e162e8200460,2025-07-27,17:40:40,2025-07-27T17:40:40Z,2025-07-27T17:40:40Z,NA,v3,NA,NA,NA,"Sherrard, Evan",10955458,Right,202_RBI1,55aaeeb6-68f5-45ab-a570-f7271e5010b4,55.32334,-88.34926,7.17544,6.01811,7.55568,-15.5742,-1.04908,-2.88458,2.64565,NA,NA,NA,NA,NA,NA,NA,NA,NA,NA,NA,NA,NA,NA,NA,NA,NA,NA,NA,NA,NA,NA,NA,NA,NA,NA,NA,NA,NA,NA,NA,NA,NA,NA,NA,NA,NA,NA,NA,NA,NA,NA,NA,NA,NA,NA,NA,NA,NA,NA,High,High,High,NA,NA,NA,NA,NA,NA,NA,NA,NA,NA,NA,NA,NA,NA,NA,NA,NA,NA,NA,NA,NA,NA,NA,NA,NA,NA,NA,NA,NA,NA,NA,NA,NA,NA,NA,NA,NA,NA,NA,NA,NA,NA,NA,NA,NA,NA,NA,NA,NA,NA,NA,NA,NA,NA,NA,NA,NA,NA
NA,NA,NA,NA,NA,NA,NA,NA,NA,NA,NA,NA,NA,NA,NA,NA,10,2025-07-27,13:41:28,2,4,"Bell, TayShaun",1000350469,Right,202_RBI1,"Sosa, Andy",10955480,Right,202_RBI4,Undefined,1,Top,0,2,1,Undefined,Changeup,FoulBallNotFieldable,Undefined,Undefined,Undefined,0,0,NA,72.68407,-1.017517,-1.2327650000000001,1509.259873,227.683623,01:30:00,6.15356,0.80159,5.42612,-38.86801,16.11741,15.36044,1.96123,0.92684,65.48108,-8.237475,1.503199,0.533698,76.18158,4.175062,-54.435531,4229.089717,NA,NA,NA,72.22368,65.98325,-54.101692,0.684515,-8.21571,9.04965,-0.70357,50,6.03702,1.70797,-105.252,-2.98897,-9.00338,21.70694,-22.25678,202_RBI1,202_RBI4,USABBCary1,USA Baseball,USA,20250727-USABBCary1-3,ed221d10-6b10-11f0-8846-3f6e6eb56ce0,70.6251,3.23002,NA,7.20299,NA,NA,NA,3.60362,2.27398,-0.8426,ff73c667-d689-4199-a12b-e162e8200460,2025-07-27,17:41:28,2025-07-27T17:41:28Z,2025-07-27T17:41:28Z,GroundBall,v3,NA,NA,NA,"Sherrard, Evan",10955458,Right,202_RBI1,be9de140-a67d-4547-8b3b-d59fdf9e676a,55.06985,-106.29245,10.85347,6.15471,-1.92217,-11.12839,-0.79578,2.13951,-4.50169,91.043631,3.60362,64.81342,-13.61509,2.70336,-0.56517,0.11813,-0.02745,0.0071,-0.00138,2.27398,8.13461,-17.64287,1.50789,-0.3109,0.0693,-0.01437,0.00321,-5e-4,-0.8426,-90.64914,10.54233,-1.95914,0.39676,-0.08157,0.01952,-0.00529,0.00108,NA,NA,NA,NA,NA,NA,NA,NA,NA,NA,NA,NA,NA,NA,NA,NA,NA,NA,NA,NA,NA,NA,High,High,High,High,High,NA,NA,NA,NA,NA,NA,NA,NA,NA,NA,NA,NA,NA,NA,NA,NA,NA,NA,NA,NA,NA,NA,NA,NA,NA,NA,NA,NA,NA,NA,NA,NA,NA,NA,NA,NA,NA,NA,NA,NA,NA,NA,NA,NA,NA,NA,NA,NA,NA,NA,NA,NA,NA,NA,NA,NA
NA,NA,NA,NA,NA,NA,NA,NA,NA,NA,NA,NA,NA,NA,NA,NA,11,2025-07-27,13:41:53,2,5,"Bell, TayShaun",1000350469,Right,202_RBI1,"Sosa, Andy",10955480,Right,202_RBI4,Undefined,1,Top,0,2,2,Undefined,Changeup,BallCalled,Undefined,Undefined,Undefined,0,0,NA,80.16066,-3.741109,-4.649955,1775.656838,209.550056,01:00:00,6.12934,0.79297,5.56205,-28.47383,16.77206,8.51835,0.24493,-2.85086,72.38954,-9.033274,-3.136386,0.484129,NA,NA,NA,NA,NA,NA,NA,NA,NA,NA,NA,-5.84926,10.22481,-0.3966,50,5.78676,9.05891,-115.54959,-8.43932,-7.76371,25.20014,-18.60262,202_RBI1,202_RBI4,USABBCary1,USA Baseball,USA,20250727-USABBCary1-3,fc2dbcb0-6b10-11f0-8846-3f6e6eb56ce0,77.85623,NA,NA,7.77112,NA,NA,NA,NA,NA,NA,ff73c667-d689-4199-a12b-e162e8200460,2025-07-27,17:41:53,2025-07-27T17:41:53Z,2025-07-27T17:41:53Z,NA,v3,NA,NA,NA,"Sherrard, Evan",10955458,Right,202_RBI1,9dfbc2c6-8c64-4821-9221-ea7f7531082c,54.9328,-116.62042,12.60007,6.12858,-7.64884,-9.30131,-0.78855,9.38882,-3.88186,NA,NA,NA,NA,NA,NA,NA,NA,NA,NA,NA,NA,NA,NA,NA,NA,NA,NA,NA,NA,NA,NA,NA,NA,NA,NA,NA,NA,NA,NA,NA,NA,NA,NA,NA,NA,NA,NA,NA,NA,NA,NA,NA,NA,NA,NA,NA,NA,NA,NA,High,High,High,NA,NA,NA,NA,NA,NA,NA,NA,NA,NA,NA,NA,NA,NA,NA,NA,NA,NA,NA,NA,NA,NA,NA,NA,NA,NA,NA,NA,NA,NA,NA,NA,NA,NA,NA,NA,NA,NA,NA,NA,NA,NA,NA,NA,NA,NA,NA,NA,NA,NA,NA,NA,NA,NA,NA,NA,NA,NA
NA,NA,NA,NA,NA,NA,NA,NA,NA,NA,NA,NA,NA,NA,NA,NA,12,2025-07-27,13:42:13,2,6,"Bell, TayShaun",1000350469,Right,202_RBI1,"Sosa, Andy",10955480,Right,202_RBI4,Undefined,1,Top,0,3,2,Undefined,Curveball,InPlay,Undefined,LineDrive,Out,1,0,NA,70.42733,1.022516,-1.428553,1727.049162,174.362071,11:45:00,5.44327,1.67055,5.46001,-45.74069,11.8393,-0.97988,2.58904,0.25147,64.33276,-7.407724,-1.602979,0.546144,82.83096,18.949964,-19.74526,1989.034813,103.09892,29.37524,-38.34834,251.08627,251.08627,-22.154237,3.02009,0.07484,6.18701,-1.544,50,5.50216,2.58124,-102.15165,0.5113,0.07856,17.83666,-25.67857,202_RBI1,202_RBI4,USABBCary1,USA Baseball,USA,20250727-USABBCary1-3,082b5900-6b11-11f0-8846-3f6e6eb56ce0,69.01559,31.12183,NA,6.09457,NA,NA,NA,3.15859,2.856,-0.30677,ff73c667-d689-4199-a12b-e162e8200460,2025-07-27,17:42:13,2025-07-27T17:42:13Z,2025-07-27T17:42:13Z,LineDrive,v3,NA,NA,NA,"Sherrard, Evan",10955458,Right,202_RBI1,547e9469-b120-4c38-878c-72da3dbb7a90,55.03772,-103.02753,8.91833,5.44609,1.77226,-12.83929,-1.67066,2.57738,0.03928,165.401779,3.15872,108.13961,-18.72544,4.25934,-0.77609,0.11468,-0.01309,8.8e-4,-1e-5,2.85563,39.46645,-14.17996,0.40236,-0.19248,0.12508,-0.04579,0.00882,-6.8e-4,-0.3068,-38.81655,4.41782,-1.01057,0.18377,-0.02651,0.0028,-1.5e-4,0,NA,NA,NA,NA,NA,NA,NA,NA,NA,NA,NA,NA,NA,NA,NA,NA,NA,NA,NA,NA,NA,NA,High,High,High,High,High,NA,NA,NA,NA,NA,NA,NA,NA,NA,NA,NA,NA,NA,NA,NA,NA,NA,NA,NA,NA,NA,NA,NA,NA,NA,NA,NA,NA,NA,NA,NA,NA,NA,NA,NA,NA,NA,NA,NA,NA,NA,NA,NA,NA,NA,NA,NA,NA,NA,NA,NA,NA,NA,NA,NA,NA
NA,NA,NA,NA,NA,NA,NA,NA,NA,NA,NA,NA,NA,NA,NA,NA,13,2025-07-27,13:43:08,3,1,"Bell, TayShaun",1000350469,Right,202_RBI1,"Oliver, Antuan",10955478,Right,202_RBI4,Undefined,1,Top,1,0,0,Undefined,Changeup,StrikeCalled,Undefined,Undefined,Undefined,0,0,NA,73.99701,0.067881,-1.964231,1554.633856,213.727598,01:00:00,6.18708,0.90059,5.94363,-34.90419,16.61773,9.87536,3.3414,-0.09914,67.05756,-6.489818,-0.190667,0.516616,NA,NA,NA,NA,NA,NA,NA,NA,NA,NA,NA,-5.66386,9.03398,-0.74959,50,6.1731,3.33037,-107.30705,-0.80708,-6.52334,20.68634,-21.76919,202_RBI1,202_RBI4,USABBCary1,USA Baseball,USA,20250727-USABBCary1-3,29260920-6b11-11f0-8846-3f6e6eb56ce0,72.96033,NA,NA,6.93944,NA,NA,NA,NA,NA,NA,ff73c667-d689-4199-a12b-e162e8200460,2025-07-27,17:43:08,2025-07-27T17:43:08Z,2025-07-27T17:43:08Z,NA,v3,NA,NA,NA,"Sherrard, Evan",10955458,Right,202_RBI1,e6fc4677-9d81-4914-bef8-b169b13facdf,54.55131,-108.18088,10.34317,6.18777,0.11249,-10.88459,-0.89609,3.60593,-3.26167,NA,NA,NA,NA,NA,NA,NA,NA,NA,NA,NA,NA,NA,NA,NA,NA,NA,NA,NA,NA,NA,NA,NA,NA,NA,NA,NA,NA,75.89449,2.066719,0.769331,1.297388,-0.34576,3.13705,0.1041,2.28114,6.07411,2.91355,127.27988,2.14854,6.26142,2.42838,108.95645,-9.94048,6.09515,12.30054,-11.84965,2.87314,0.07727,1.98919,High,High,High,NA,NA,High,High,High,NA,NA,NA,NA,NA,NA,NA,NA,NA,NA,NA,NA,NA,NA,NA,NA,NA,NA,NA,NA,NA,NA,NA,NA,NA,NA,NA,NA,NA,NA,NA,NA,NA,NA,NA,NA,NA,NA,NA,NA,NA,NA,NA,NA,NA,NA,NA,NA,NA,NA,NA,NA,NA
NA,NA,NA,NA,NA,NA,NA,NA,NA,NA,NA,NA,NA,NA,NA,NA,14,2025-07-27,13:43:39,3,2,"Bell, TayShaun",1000350469,Right,202_RBI1,"Oliver, Antuan",10955478,Right,202_RBI4,Undefined,1,Top,1,0,1,Undefined,Curveball,StrikeCalled,Undefined,Undefined,Undefined,0,0,NA,70.43007,1.056845,-1.724441,1751.059373,85.731813,08:45:00,5.54566,1.47089,5.39131,-57.07641,1.76512,-6.79894,1.78034,-0.71234,63.4648,-9.40985,-2.934156,0.552094,NA,NA,NA,NA,NA,NA,NA,NA,NA,NA,NA,2.7861,1.20768,-1.31201,50,5.60067,3.31649,-101.92484,0.15233,2.85573,20.75598,-30.93619,202_RBI1,202_RBI4,USABBCary1,USA Baseball,USA,20250727-USABBCary1-3,3b79a7d0-6b11-11f0-8846-3f6e6eb56ce0,68.27173,NA,NA,6.96527,NA,NA,NA,NA,NA,NA,ff73c667-d689-4199-a12b-e162e8200460,2025-07-27,17:43:39,2025-07-27T17:43:39Z,2025-07-27T17:43:39Z,NA,v3,NA,NA,NA,"Sherrard, Evan",10955458,Right,202_RBI1,9248ebd5-51c3-48e3-8ec9-d4bfca4f42be,55.1033,-102.95884,10.37799,5.55469,1.69347,-15.46809,-1.47369,3.17423,1.42786,NA,NA,NA,NA,NA,NA,NA,NA,NA,NA,NA,NA,NA,NA,NA,NA,NA,NA,NA,NA,NA,NA,NA,NA,NA,NA,NA,NA,NA,NA,NA,NA,NA,NA,NA,NA,NA,NA,NA,NA,NA,NA,NA,NA,NA,NA,NA,NA,NA,NA,High,High,High,NA,NA,NA,NA,NA,NA,NA,NA,NA,NA,NA,NA,NA,NA,NA,NA,NA,NA,NA,NA,NA,NA,NA,NA,NA,NA,NA,NA,NA,NA,NA,NA,NA,NA,NA,NA,NA,NA,NA,NA,NA,NA,NA,NA,NA,NA,NA,NA,NA,NA,NA,NA,NA,NA,NA,NA,NA,NA
NA,NA,NA,NA,NA,NA,NA,NA,NA,NA,NA,NA,NA,NA,NA,NA,15,2025-07-27,13:43:53,3,3,"Bell, TayShaun",1000350469,Right,202_RBI1,"Oliver, Antuan",10955478,Right,202_RBI4,Undefined,1,Top,1,0,2,Undefined,Changeup,BallCalled,Undefined,Undefined,Undefined,0,0,NA,80.58978,-2.2975,-4.661,1709.189852,227.404716,01:30:00,6.01802,0.84277,5.67578,-29.15309,14.99426,14.56481,1.4385,-2.2983,73.05346,-7.730336,-2.067111,0.478216,NA,NA,NA,NA,NA,NA,NA,NA,NA,NA,NA,-8.8276,8.79355,-0.45824,50,5.80555,8.91564,-116.44229,-5.57171,-11.98291,24.17374,-20.23736,202_RBI1,202_RBI4,USABBCary1,USA Baseball,USA,20250727-USABBCary1-3,438410f0-6b11-11f0-8846-3f6e6eb56ce0,78.81892,NA,NA,7.53632,NA,NA,NA,NA,NA,NA,ff73c667-d689-4199-a12b-e162e8200460,2025-07-27,17:43:53,2025-07-27T17:43:53Z,2025-07-27T17:43:53Z,NA,v3,NA,NA,NA,"Sherrard, Evan",10955458,Right,202_RBI1,00a09a40-47d2-4d56-b774-eb842f949498,54.82039,-117.43875,12.08687,6.01803,-4.73751,-10.11868,-0.83593,9.40958,-5.99146,NA,NA,NA,NA,NA,NA,NA,NA,NA,NA,NA,NA,NA,NA,NA,NA,NA,NA,NA,NA,NA,NA,NA,NA,NA,NA,NA,NA,NA,NA,NA,NA,NA,NA,NA,NA,NA,NA,NA,NA,NA,NA,NA,NA,NA,NA,NA,NA,NA,NA,High,High,High,NA,NA,NA,NA,NA,NA,NA,NA,NA,NA,NA,NA,NA,NA,NA,NA,NA,NA,NA,NA,NA,NA,NA,NA,NA,NA,NA,NA,NA,NA,NA,NA,NA,NA,NA,NA,NA,NA,NA,NA,NA,NA,NA,NA,NA,NA,NA,NA,NA,NA,NA,NA,NA,NA,NA,NA,NA,NA
NA,NA,NA,NA,NA,NA,NA,NA,NA,NA,NA,NA,NA,NA,NA,NA,16,2025-07-27,13:44:07,3,4,"Bell, TayShaun",1000350469,Right,202_RBI1,"Oliver, Antuan",10955478,Right,202_RBI4,Undefined,1,Top,1,1,2,Undefined,Curveball,FoulBallNotFieldable,Undefined,Undefined,Undefined,0,0,NA,70.4735,2.033443,-1.563436,1718.770807,101.66946,09:30:00,5.50566,1.61159,5.48996,-55.01074,3.60264,-6.44666,2.8252,-0.38857,63.24631,-8.114204,-2.711267,0.551023,53.17711,41.516,146.64138,4111.340359,NA,NA,NA,127.12208,47.00861,150.681924,2.590556,2.69772,1.70976,-1.47013,50,5.64702,3.01242,-101.96996,2.00216,2.76512,20.9081,-30.42158,202_RBI1,202_RBI4,USABBCary1,USA Baseball,USA,20250727-USABBCary1-3,4c127720-6b11-11f0-8846-3f6e6eb56ce0,68.40445,32.89437,NA,7.22719,NA,NA,NA,0.77429,2.79422,0.44432,ff73c667-d689-4199-a12b-e162e8200460,2025-07-27,17:44:07,2025-07-27T17:44:07Z,2025-07-27T17:44:07Z,Popup,v3,NA,NA,NA,"Sherrard, Evan",10955458,Right,202_RBI1,ef77d404-736e-41cd-8ce6-3fcd52b65133,55.00552,-102.99119,10.45405,5.51294,3.48806,-15.21079,-1.61397,2.87737,1.38256,330.035639,0.77439,-48.78362,0.97617,0.54287,0.326,-0.49583,0.27306,-0.06917,0.00669,2.7942,51.69691,-24.64652,2.53695,-0.47215,0.08589,-0.03926,0.01498,-0.00199,0.44425,32.11618,-5.00695,1.18565,-0.36153,0.19233,-0.10445,0.03037,-0.00334,NA,NA,NA,NA,NA,NA,NA,NA,NA,NA,NA,NA,NA,NA,NA,NA,NA,NA,NA,NA,NA,NA,High,High,High,High,Medium,NA,NA,NA,NA,NA,NA,NA,NA,NA,NA,NA,NA,NA,NA,NA,NA,NA,NA,NA,NA,NA,NA,NA,NA,NA,NA,NA,NA,NA,NA,NA,NA,NA,NA,NA,NA,NA,NA,NA,NA,NA,NA,NA,NA,NA,NA,NA,NA,NA,NA,NA,NA,NA,NA,NA,NA
NA,NA,NA,NA,NA,NA,NA,NA,NA,NA,NA,NA,NA,NA,NA,NA,17,2025-07-27,13:44:28,3,5,"Bell, TayShaun",1000350469,Right,202_RBI1,"Oliver, Antuan",10955478,Right,202_RBI4,Undefined,1,Top,1,1,2,Undefined,Changeup,FoulBallNotFieldable,Undefined,Undefined,Undefined,0,0,NA,73.63467,0.769311,-3.925076,1536.241991,271.081067,03:00:00,4.81141,2.24855,5.1639,-52.32802,1.69382,16.26517,1.17656,-0.09601,66.5812,-8.774477,-1.049318,0.529,55.39677,40.752136,35.89158,4797.992261,80.72162,36.11077,74.72612,159.14277,159.014,45.493128,3.251842,-9.40363,1.1411,-1.89516,50,4.84346,6.68162,-106.46189,-0.26849,-10.60614,21.22192,-30.88701,202_RBI1,202_RBI4,USABBCary1,USA Baseball,USA,20250727-USABBCary1-3,58c35de0-6b11-11f0-8846-3f6e6eb56ce0,71.25219,41.10781,NA,7.05347,NA,NA,NA,1.18455,1.22993,0.14658,ff73c667-d689-4199-a12b-e162e8200460,2025-07-27,17:44:28,2025-07-27T17:44:28Z,2025-07-27T17:44:28Z,Popup,v3,NA,NA,NA,"Sherrard, Evan",10955458,Right,202_RBI1,e909fb65-cb06-4b79-8c64-f0fe9d95c9fb,55.3339,-107.51988,10.61096,4.81846,1.27134,-15.44351,-2.24145,7.21037,-5.30307,218.434092,1.18459,49.86434,-9.35612,2.36755,-0.60155,0.24542,-0.10483,0.02513,-0.00231,1.23042,53.01771,-19.09798,0.94785,0.31062,-0.37552,0.16003,-0.03152,0.00236,0.14657,36.085,-1.39861,0.6432,-0.21351,0.08919,-0.03495,0.00776,-6.7e-4,NA,NA,NA,NA,NA,NA,NA,NA,NA,NA,NA,NA,NA,NA,NA,NA,NA,NA,NA,NA,NA,NA,High,High,High,High,Medium,NA,NA,NA,NA,NA,NA,NA,NA,NA,NA,NA,NA,NA,NA,NA,NA,NA,NA,NA,NA,NA,NA,NA,NA,NA,NA,NA,NA,NA,NA,NA,NA,NA,NA,NA,NA,NA,NA,NA,NA,NA,NA,NA,NA,NA,NA,NA,NA,NA,NA,NA,NA,NA,NA,NA,NA
NA,NA,NA,NA,NA,NA,NA,NA,NA,NA,NA,NA,NA,NA,NA,NA,18,2025-07-27,13:45:46,3,6,"Bell, TayShaun",1000350469,Right,202_RBI1,"Oliver, Antuan",10955478,Right,202_RBI4,Undefined,1,Top,1,1,2,Undefined,Changeup,InPlay,Undefined,GroundBall,Error,0,0,NA,81.22656,-1.534719,-1.901504,1919.644899,216.069621,01:15:00,6.09296,1.12961,5.55215,-25.16891,18.81946,12.43075,2.56037,0.38808,72.60632,-6.299102,0.315249,0.477354,81.58041,-10.405988,-34.122024,NA,NA,NA,NA,14.0779,14.0779,-30.775734,0.107753,-6.95748,10.54083,-0.97365,50,5.94422,3.39541,-117.53307,-3.88847,-9.48299,27.59195,-17.80698,202_RBI1,202_RBI4,USABBCary1,USA Baseball,USA,20250727-USABBCary1-3,86eed320-6b11-11f0-8846-3f6e6eb56ce0,78.96121,2.60138,NA,8.62025,NA,NA,NA,1.77324,2.60138,-0.41598,ff73c667-d689-4199-a12b-e162e8200460,2025-07-27,17:45:46,2025-07-27T17:45:46Z,2025-07-27T17:45:46Z,GroundBall,v3,NA,NA,NA,"Sherrard, Evan",10955458,Right,202_RBI1,f04044b6-e559-4d4f-81d5-519907f2bb37,54.94221,-118.68763,13.79597,6.09134,-3.14335,-8.90349,-1.12402,3.79221,-4.74149,301.700588,1.77328,97.41888,-15.0825,NA,NA,NA,NA,NA,NA,2.60176,-21.65714,-23.12392,NA,NA,NA,NA,NA,NA,-0.41641,-65.96229,27.65774,NA,NA,NA,NA,NA,NA,NA,NA,NA,NA,NA,NA,NA,NA,NA,NA,NA,NA,NA,NA,NA,NA,NA,NA,NA,NA,NA,NA,High,High,High,Medium,High,NA,NA,NA,NA,NA,NA,NA,NA,NA,NA,NA,NA,NA,NA,NA,NA,NA,NA,NA,NA,NA,NA,NA,NA,NA,NA,NA,NA,NA,NA,NA,NA,NA,NA,NA,NA,NA,NA,NA,NA,NA,NA,NA,NA,NA,NA,NA,NA,NA,NA,NA,NA,NA,NA,NA,NA
NA,NA,NA,NA,NA,NA,NA,NA,NA,NA,NA,NA,NA,NA,NA,NA,19,2025-07-27,13:46:27,4,1,"Bell, TayShaun",1000350469,Right,202_RBI1,"Johnson Jr, Randy",10318691,Right,202_RBI4,Undefined,1,Top,1,0,0,Undefined,Slider,BallCalled,Undefined,Undefined,Undefined,0,0,NA,71.13283,2.998036,-1.242689,1866.22678,122.157314,10:00:00,5.55633,1.7681,5.36924,-50.66432,7.23319,-7.92579,4.14848,-0.05771,63.53376,-6.377751,-2.649121,0.547648,NA,NA,NA,NA,NA,NA,NA,NA,NA,NA,NA,3.47862,3.27858,-1.65103,50,5.79058,2.52974,-102.77817,3.85994,3.62685,21.04769,-28.75579,202_RBI1,202_RBI4,USABBCary1,USA Baseball,USA,20250727-USABBCary1-3,9f72ead0-6b11-11f0-8846-3f6e6eb56ce0,68.82605,NA,NA,7.59907,NA,NA,NA,NA,NA,NA,ff73c667-d689-4199-a12b-e162e8200460,2025-07-27,17:46:27,2025-07-27T17:46:27Z,2025-07-27T17:46:27Z,NA,v3,NA,NA,NA,"Sherrard, Evan",10955458,Right,202_RBI1,68aab909-d271-42a0-8633-f6e4ee02bef1,55.12223,-103.82184,10.52385,5.56383,5.28583,-14.3779,-1.77201,2.3499,1.81343,NA,NA,NA,NA,NA,NA,NA,NA,NA,NA,NA,NA,NA,NA,NA,NA,NA,NA,NA,NA,NA,NA,NA,NA,NA,NA,NA,NA,NA,NA,NA,NA,NA,NA,NA,NA,NA,NA,NA,NA,NA,NA,NA,NA,NA,NA,NA,NA,NA,NA,High,High,High,NA,NA,NA,NA,NA,NA,NA,NA,NA,NA,NA,NA,NA,NA,NA,NA,NA,NA,NA,NA,NA,NA,NA,NA,NA,NA,NA,NA,NA,NA,NA,NA,NA,NA,NA,NA,NA,NA,NA,NA,NA,NA,NA,NA,NA,NA,NA,NA,NA,NA,NA,NA,NA,NA,NA,NA,NA,NA
NA,NA,NA,NA,NA,NA,NA,NA,NA,NA,NA,NA,NA,NA,NA,NA,20,2025-07-27,13:46:38,4,2,"Bell, TayShaun",1000350469,Right,202_RBI1,"Johnson Jr, Randy",10318691,Right,202_RBI4,Undefined,1,Top,1,1,0,Undefined,Changeup,BallCalled,Undefined,Undefined,Undefined,0,0,NA,77.39608,0.911698,-1.844478,1716.513047,217.911671,01:15:00,5.96871,1.26096,5.61393,-31.47769,16.60914,11.52229,4.1969900000000004,0.49906,69.37423,-5.014378,0.211374,0.499096,NA,NA,NA,NA,NA,NA,NA,NA,NA,NA,NA,-6.39662,8.61142,-1.1108,50,6.02688,3.15341,-112.05542,0.87092,-7.97155,23.99886,-21.4424,202_RBI1,202_RBI4,USABBCary1,USA Baseball,USA,20250727-USABBCary1-3,a5cd5a00-6b11-11f0-8846-3f6e6eb56ce0,75.52137,NA,NA,8.02185,NA,NA,NA,NA,NA,NA,ff73c667-d689-4199-a12b-e162e8200460,2025-07-27,17:46:38,2025-07-27T17:46:38Z,2025-07-27T17:46:38Z,NA,v3,NA,NA,NA,"Sherrard, Evan",10955458,Right,202_RBI1,fc409473-503f-4e15-b4cc-bf7fd189d425,54.87873,-113.09547,11.99943,5.969,1.80017,-10.7212,-1.25494,3.49887,-3.98577,NA,NA,NA,NA,NA,NA,NA,NA,NA,NA,NA,NA,NA,NA,NA,NA,NA,NA,NA,NA,NA,NA,NA,NA,NA,NA,NA,NA,NA,NA,NA,NA,NA,NA,NA,NA,NA,NA,NA,NA,NA,NA,NA,NA,NA,NA,NA,NA,NA,NA,High,High,High,NA,NA,NA,NA,NA,NA,NA,NA,NA,NA,NA,NA,NA,NA,NA,NA,NA,NA,NA,NA,NA,NA,NA,NA,NA,NA,NA,NA,NA,NA,NA,NA,NA,NA,NA,NA,NA,NA,NA,NA,NA,NA,NA,NA,NA,NA,NA,NA,NA,NA,NA,NA,NA,NA,NA,NA,NA,NA
NA,NA,NA,NA,NA,NA,NA,NA,NA,NA,NA,NA,NA,NA,NA,NA,21,2025-07-27,13:46:51,4,3,"Bell, TayShaun",1000350469,Right,202_RBI1,"Johnson Jr, Randy",10318691,Right,202_RBI4,Undefined,1,Top,1,2,0,Undefined,Changeup,BallCalled,Undefined,Undefined,Undefined,0,0,NA,76.98686,0.370804,-1.400475,1714.495177,223.684548,01:30:00,5.99578,1.17052,5.67205,-31.93872,17.13867,14.41497,3.68004,1.06583,68.26095,-5.679725,1.175704,0.504211,NA,NA,NA,NA,NA,NA,NA,NA,NA,NA,NA,-7.72784,9.11197,-1.06113,50,6.00774,2.14765,-111.34672,-0.1808,-9.38566,26.05899,-21.10733,202_RBI1,202_RBI4,USABBCary1,USA Baseball,USA,20250727-USABBCary1-3,adcc5170-6b11-11f0-8846-3f6e6eb56ce0,74.75533,NA,NA,8.7259,NA,NA,NA,NA,NA,NA,ff73c667-d689-4199-a12b-e162e8200460,2025-07-27,17:46:51,2025-07-27T17:46:51Z,2025-07-27T17:46:51Z,NA,v3,NA,NA,NA,"Sherrard, Evan",10955458,Right,202_RBI1,e51c51bc-495b-420e-813f-c52b281ccc12,54.81787,-112.46862,13.0295,5.99596,0.72791,-10.55367,-1.16229,2.55173,-4.69283,NA,NA,NA,NA,NA,NA,NA,NA,NA,NA,NA,NA,NA,NA,NA,NA,NA,NA,NA,NA,NA,NA,NA,NA,NA,NA,NA,NA,NA,NA,NA,NA,NA,NA,NA,NA,NA,NA,NA,NA,NA,NA,NA,NA,NA,NA,NA,NA,NA,NA,High,High,High,NA,NA,NA,NA,NA,NA,NA,NA,NA,NA,NA,NA,NA,NA,NA,NA,NA,NA,NA,NA,NA,NA,NA,NA,NA,NA,NA,NA,NA,NA,NA,NA,NA,NA,NA,NA,NA,NA,NA,NA,NA,NA,NA,NA,NA,NA,NA,NA,NA,NA,NA,NA,NA,NA,NA,NA,NA,NA
NA,NA,NA,NA,NA,NA,NA,NA,NA,NA,NA,NA,NA,NA,NA,NA,22,2025-07-27,13:47:10,4,4,"Bell, TayShaun",1000350469,Right,202_RBI1,"Johnson Jr, Randy",10318691,Right,202_RBI4,Undefined,1,Top,1,3,0,Undefined,Changeup,StrikeCalled,Undefined,Undefined,Undefined,0,0,NA,76.0326,-1.499946,-2.797257,1757.427168,221.846744,01:30:00,5.94129,1.23506,5.99286,-31.85088,16.59832,13.39733,1.89506,-0.24281,69.46029,-7.460861,-0.389508,0.500973,NA,NA,NA,NA,NA,NA,NA,NA,NA,NA,NA,-7.67473,9.46016,-1.02172,50,5.80552,4.90506,-110.25626,-3.75849,-9.40168,20.48789,-20.58518,202_RBI1,202_RBI4,USABBCary1,USA Baseball,USA,20250727-USABBCary1-3,b9234d80-6b11-11f0-8846-3f6e6eb56ce0,75.2384,NA,NA,6.57231,NA,NA,NA,NA,NA,NA,ff73c667-d689-4199-a12b-e162e8200460,2025-07-27,17:47:10,2025-07-27T17:47:10Z,2025-07-27T17:47:10Z,NA,v3,NA,NA,NA,"Sherrard, Evan",10955458,Right,202_RBI1,09eaacb3-873d-4821-af72-78e64d2bf927,54.5034,-111.08993,10.24394,5.94141,-2.92086,-10.29259,-1.2291,5.28762,-4.70084,NA,NA,NA,NA,NA,NA,NA,NA,NA,NA,NA,NA,NA,NA,NA,NA,NA,NA,NA,NA,NA,NA,NA,NA,NA,NA,NA,NA,NA,NA,NA,NA,NA,NA,NA,NA,NA,NA,NA,NA,NA,NA,NA,NA,NA,NA,NA,NA,NA,NA,High,High,High,NA,NA,NA,NA,NA,NA,NA,NA,NA,NA,NA,NA,NA,NA,NA,NA,NA,NA,NA,NA,NA,NA,NA,NA,NA,NA,NA,NA,NA,NA,NA,NA,NA,NA,NA,NA,NA,NA,NA,NA,NA,NA,NA,NA,NA,NA,NA,NA,NA,NA,NA,NA,NA,NA,NA,NA,NA,NA
NA,NA,NA,NA,NA,NA,NA,NA,NA,NA,NA,NA,NA,NA,NA,NA,23,2025-07-27,13:47:24,4,5,"Bell, TayShaun",1000350469,Right,202_RBI1,"Johnson Jr, Randy",10318691,Right,202_RBI4,Undefined,1,Top,1,3,1,Undefined,Changeup,InPlay,Undefined,GroundBall,FieldersChoice,1,0,NA,75.94605,-1.765894,-2.447088,1617.989118,226.993738,01:30:00,5.93989,0.95147,5.88957,-34.41868,14.82804,13.9452,1.42999,-0.15997,68.79344,-8.197108,0.056518,0.50508,52.88034,-43.181374,-6.327456,NA,NA,NA,NA,4.87475,4.87475,-0.419003,0.031328,-7.98241,8.68579,-0.76244,50,5.77785,4.20435,-110.03931,-4.35759,-9.62517,22.54651,-21.70075,202_RBI1,202_RBI4,USABBCary1,USA Baseball,USA,20250727-USABBCary1-3,c17d5d40-6b11-11f0-8846-3f6e6eb56ce0,74.62668,1.66988,NA,7.15261,NA,NA,NA,3.10607,1.66988,0.16046,ff73c667-d689-4199-a12b-e162e8200460,2025-07-27,17:47:24,2025-07-27T17:47:24Z,2025-07-27T17:47:24Z,GroundBall,v3,NA,NA,NA,"Sherrard, Evan",10955458,Right,202_RBI1,4bb48076-ccd2-4dc2-9af2-28083cb9524e,54.60737,-110.97933,11.27325,5.94067,-3.45283,-10.85038,-0.94609,4.60565,-4.81259,NA,3.10484,56.45345,NA,NA,NA,NA,NA,NA,NA,1.67103,-53.3035,NA,NA,NA,NA,NA,NA,NA,0.1606,-6.2599,NA,NA,NA,NA,NA,NA,NA,NA,NA,NA,NA,NA,NA,NA,NA,NA,NA,NA,NA,NA,NA,NA,NA,NA,NA,NA,NA,NA,NA,High,High,High,Estimated,Estimated,NA,NA,NA,NA,NA,NA,NA,NA,NA,NA,NA,NA,NA,NA,NA,NA,NA,NA,NA,NA,NA,NA,NA,NA,NA,NA,NA,NA,NA,NA,NA,NA,NA,NA,NA,NA,NA,NA,NA,NA,NA,NA,NA,NA,NA,NA,NA,NA,NA,NA,NA,NA,NA,NA,NA,NA
NA,NA,NA,NA,NA,NA,NA,NA,NA,NA,NA,NA,NA,NA,NA,NA,24,2025-07-27,13:48:08,5,1,"Bell, TayShaun",1000350469,Right,202_RBI1,"Antonio, Kingston",10955473,Right,202_RBI4,Undefined,1,Top,2,0,0,Undefined,Changeup,BallCalled,Undefined,Undefined,Undefined,0,0,NA,76.76338,1.309511,-2.906652,1601.901569,226.194532,01:30:00,5.93605,1.23946,5.79043,-31.82277,16.89985,15.66828,4.5041,-0.16107,68.60193,-4.709385,-0.105104,0.502385,NA,NA,NA,NA,NA,NA,NA,NA,NA,NA,NA,-8.89804,8.68067,-1.00921,50,6.02538,5.03587,-111.06396,1.65775,-10.86994,23.96802,-21.56964,202_RBI1,202_RBI4,USABBCary1,USA Baseball,USA,20250727-USABBCary1-3,db75ec80-6b11-11f0-8846-3f6e6eb56ce0,75.02699,NA,NA,8.16146,NA,NA,NA,NA,NA,NA,ff73c667-d689-4199-a12b-e162e8200460,2025-07-27,17:48:08,2025-07-27T17:48:08Z,2025-07-27T17:48:08Z,NA,v3,NA,NA,NA,"Sherrard, Evan",10955458,Right,202_RBI1,69edc350-31fa-4d92-8343-78539e8e961c,54.70251,-112.07418,11.98401,5.93635,2.56688,-10.78482,-1.23112,5.49402,-5.43497,NA,NA,NA,NA,NA,NA,NA,NA,NA,NA,NA,NA,NA,NA,NA,NA,NA,NA,NA,NA,NA,NA,NA,NA,NA,NA,NA,NA,NA,NA,NA,NA,NA,NA,NA,NA,NA,NA,NA,NA,NA,NA,NA,NA,NA,NA,NA,NA,NA,NA,High,High,High,NA,NA,NA,NA,NA,NA,NA,NA,NA,NA,NA,NA,NA,NA,NA,NA,NA,NA,NA,NA,NA,NA,NA,NA,NA,NA,NA,NA,NA,NA,NA,NA,NA,NA,NA,NA,NA,NA,NA,NA,NA,NA,NA,NA,NA,NA,NA,NA,NA,NA,NA,NA,NA,NA,NA,NA,NA,NA
NA,NA,NA,NA,NA,NA,NA,NA,NA,NA,NA,NA,NA,NA,NA,NA,25,2025-07-27,13:48:37,5,2,"Bell, TayShaun",1000350469,Right,202_RBI1,"Antonio, Kingston",10955473,Right,202_RBI4,Undefined,1,Top,2,1,0,Undefined,Changeup,InPlay,Undefined,LineDrive,Double,0,2,NA,76.55865,0.194686,-2.443244,1523.185367,218.59077,01:15:00,6.04002,1.02963,5.75188,-30.82895,17.68025,12.73442,3.65235,-0.185,69.23781,-5.603267,-0.166015,0.501284,87.81803,16.779437,-13.496648,1031.743224,106.88234,27.27024,-26.00012,265.56713,265.56713,-14.997048,2.921538,-7.29193,9.43934,-0.83485,50,6.03772,4.26795,-110.9813,-0.48641,-8.97887,22.22026,-20.551,202_RBI1,202_RBI4,USABBCary1,USA Baseball,USA,20250727-USABBCary1-3,ed0db540-6b11-11f0-8846-3f6e6eb56ce0,75.19184,29.19131,NA,7.32083,NA,NA,NA,2.44064,3.7766,0.18434,ff73c667-d689-4199-a12b-e162e8200460,2025-07-27,17:48:37,2025-07-27T17:48:37Z,2025-07-27T17:48:37Z,LineDrive,v3,NA,NA,NA,"Sherrard, Evan",10955458,Right,202_RBI1,a97cfea2-8a7b-4f21-b4eb-496f49e72e75,54.74502,-111.9273,11.11013,6.03981,0.38852,-10.2755,-1.02469,4.65022,-4.48944,171.496718,2.44065,119.90973,-19.14256,4.30411,-0.84534,0.14405,-0.01843,0.00122,-0,3.77654,37.18599,-13.94418,0.24773,-0.05232,0.07986,-0.04236,0.01011,-9.1e-4,0.18432,-28.7796,3.37565,-0.92722,0.19079,-0.01706,-0.00542,0.00201,-2e-4,NA,NA,NA,NA,NA,NA,NA,NA,NA,NA,NA,NA,NA,NA,NA,NA,NA,NA,NA,NA,NA,NA,High,High,High,High,High,NA,NA,NA,NA,NA,NA,NA,NA,NA,NA,NA,NA,NA,NA,NA,NA,NA,NA,NA,NA,NA,NA,NA,NA,NA,NA,NA,NA,NA,NA,NA,NA,NA,NA,NA,NA,NA,NA,NA,NA,NA,NA,NA,NA,NA,NA,NA,NA,NA,NA,NA,NA,NA,NA,NA,NA
NA,NA,NA,NA,NA,NA,NA,NA,NA,NA,NA,NA,NA,NA,NA,NA,26,2025-07-27,13:49:33,6,1,"Bell, TayShaun",1000350469,Right,202_RBI1,"Smith, Rahniah",1000350342,Left,202_RBI4,Undefined,1,Top,2,0,0,Undefined,Changeup,StrikeSwinging,Undefined,Undefined,Undefined,0,0,NA,76.43875,-1.853706,-1.900957,1587.581495,229.958352,01:45:00,5.90339,1.26632,5.7865,-32.6938,16.55969,17.3632,1.45282,0.94411,68.56835,-7.994299,1.211624,0.505114,NA,NA,NA,NA,NA,NA,NA,NA,NA,NA,NA,-9.46619,9.65355,-1.11998,50,5.73145,3.01323,-110.627,-4.49869,-11.42978,24.45833,-20.51803,202_RBI1,202_RBI4,USABBCary1,USA Baseball,USA,20250727-USABBCary1-3,0e958a30-6b12-11f0-8846-3f6e6eb56ce0,74.62158,NA,NA,7.8704,NA,NA,NA,NA,NA,NA,ff73c667-d689-4199-a12b-e162e8200460,2025-07-27,17:49:33,2025-07-27T17:49:33Z,2025-07-27T17:49:33Z,NA,v3,NA,NA,NA,"Sherrard, Evan",10955458,Right,202_RBI1,fffed192-4221-468b-a767-cab4f5d192b8,54.70702,-111.66282,12.22916,5.90357,-3.62975,-10.25902,-1.25784,3.49729,-5.71489,NA,NA,NA,NA,NA,NA,NA,NA,NA,NA,NA,NA,NA,NA,NA,NA,NA,NA,NA,NA,NA,NA,NA,NA,NA,NA,NA,NA,NA,NA,NA,NA,NA,NA,NA,NA,NA,NA,NA,NA,NA,NA,NA,NA,NA,NA,NA,NA,NA,NA,High,High,High,NA,NA,NA,NA,NA,NA,NA,NA,NA,NA,NA,NA,NA,NA,NA,NA,NA,NA,NA,NA,NA,NA,NA,NA,NA,NA,NA,NA,NA,NA,NA,NA,NA,NA,NA,NA,NA,NA,NA,NA,NA,NA,NA,NA,NA,NA,NA,NA,NA,NA,NA,NA,NA,NA,NA,NA,NA,NA
NA,NA,NA,NA,NA,NA,NA,NA,NA,NA,NA,NA,NA,NA,NA,NA,27,2025-07-27,13:49:53,6,2,"Bell, TayShaun",1000350469,Right,202_RBI1,"Smith, Rahniah",1000350342,Left,202_RBI4,Undefined,1,Top,2,0,1,Undefined,Changeup,StrikeCalled,Undefined,Undefined,Undefined,0,0,NA,71.21012,3.444437,-3.47629,1435.718926,277.08022,03:15:00,4.72153,2.44711,5.29209,-58.72436,-0.84512,24.69458,3.07184,1.23694,63.75945,-7.32526,0.896243,0.547561,NA,NA,NA,NA,NA,NA,NA,NA,NA,NA,NA,-13.4032,-0.89417,-2.14889,50,4.9937,5.31012,-102.82178,4.35535,-14.03087,20.57136,-33.11011,202_RBI1,202_RBI4,USABBCary1,USA Baseball,USA,20250727-USABBCary1-3,1a3cc920-6b12-11f0-8846-3f6e6eb56ce0,68.83691,NA,NA,7.45067,NA,NA,NA,NA,NA,NA,ff73c667-d689-4199-a12b-e162e8200460,2025-07-27,17:49:53,2025-07-27T17:49:53Z,2025-07-27T17:49:53Z,NA,v3,NA,NA,NA,"Sherrard, Evan",10955458,Right,202_RBI1,4c3007f5-e573-4e87-942d-ee45b6d0007a,55.20546,-103.85801,10.28568,4.7323,6.02318,-16.55506,-2.43417,6.01689,-7.01543,NA,NA,NA,NA,NA,NA,NA,NA,NA,NA,NA,NA,NA,NA,NA,NA,NA,NA,NA,NA,NA,NA,NA,NA,NA,NA,NA,NA,NA,NA,NA,NA,NA,NA,NA,NA,NA,NA,NA,NA,NA,NA,NA,NA,NA,NA,NA,NA,NA,NA,High,High,High,NA,NA,NA,NA,NA,NA,NA,NA,NA,NA,NA,NA,NA,NA,NA,NA,NA,NA,NA,NA,NA,NA,NA,NA,NA,NA,NA,NA,NA,NA,NA,NA,NA,NA,NA,NA,NA,NA,NA,NA,NA,NA,NA,NA,NA,NA,NA,NA,NA,NA,NA,NA,NA,NA,NA,NA,NA,NA
NA,NA,NA,NA,NA,NA,NA,NA,NA,NA,NA,NA,NA,NA,NA,NA,28,2025-07-27,13:50:08,6,3,"Bell, TayShaun",1000350469,Right,202_RBI1,"Smith, Rahniah",1000350342,Left,202_RBI4,Undefined,1,Top,2,0,2,Undefined,Changeup,InPlay,Undefined,GroundBall,Out,1,0,NA,79.5273,-0.68609,-2.251014,1870.953103,231.098455,01:45:00,5.84326,1.16992,5.3686,-29.36533,16.98635,18.70938,2.75235,0.61738,70.83816,-6.207759,1.073514,0.490009,83.05913,-13.905704,34.005021,NA,NA,NA,NA,14.48476,5.71812,24.263225,0.096448,-10.29768,9.29689,-0.98216,50,5.76175,3.77106,-115.03645,-2.27576,-13.38997,27.23284,-20.08542,202_RBI1,202_RBI4,USABBCary1,USA Baseball,USA,20250727-USABBCary1-3,2368f5f0-6b12-11f0-8846-3f6e6eb56ce0,76.92191,2.8313,NA,8.68915,NA,NA,NA,3.72509,2.8313,-0.44347,ff73c667-d689-4199-a12b-e162e8200460,2025-07-27,17:50:08,2025-07-27T17:50:08Z,2025-07-27T17:50:08Z,GroundBall,v3,NA,NA,NA,"Sherrard, Evan",10955458,Right,202_RBI1,eba19391-0549-4a2c-8e82-58bfd2d80432,55.12737,-116.24393,13.61642,5.84291,-1.38519,-10.04271,-1.16253,4.36476,-6.69499,180,3.72096,98.29358,NA,NA,NA,NA,NA,NA,NA,2.83253,-29.35576,NA,NA,NA,NA,NA,NA,NA,-0.44625,66.31239,NA,NA,NA,NA,NA,NA,NA,NA,NA,NA,NA,NA,NA,NA,NA,NA,NA,NA,NA,NA,NA,NA,NA,NA,NA,NA,NA,NA,NA,High,High,High,Low,Low,NA,NA,NA,NA,NA,NA,NA,NA,NA,NA,NA,NA,NA,NA,NA,NA,NA,NA,NA,NA,NA,NA,NA,NA,NA,NA,NA,NA,NA,NA,NA,NA,NA,NA,NA,NA,NA,NA,NA,NA,NA,NA,NA,NA,NA,NA,NA,NA,NA,NA,NA,NA,NA,NA,NA,NA
NA,NA,NA,NA,NA,NA,NA,NA,NA,NA,NA,NA,NA,NA,NA,NA,29,2025-07-27,13:54:13,1,1,"Pineda, Teddy",10955479,Right,202_RBI4,"Williams, Aaron",1000350462,Right,202_RBI1,Undefined,1,Bottom,0,0,0,Undefined,Changeup,BallCalled,Undefined,Undefined,Undefined,0,0,NA,77.33751,1.668966,-3.108585,2031.817319,228.064178,01:30:00,5.31202,1.69846,4.91974,-34.82301,15.6969,15.00387,3.99078,0.00691,67.89744,-4.844293,-0.470197,0.511567,NA,NA,NA,NA,NA,NA,NA,NA,NA,NA,NA,-8.49705,7.68162,-1.40806,50,5.4476,5.39841,-111.42135,2.12922,-10.27699,27.07814,-22.88327,202_RBI1,202_RBI4,USABBCary1,USA Baseball,USA,20250727-USABBCary1-3,b543fb00-6b12-11f0-8846-3f6e6eb56ce0,73.68032,NA,NA,9.44007,NA,NA,NA,NA,NA,NA,ff73c667-d689-4199-a12b-e162e8200460,2025-07-27,17:54:13,2025-07-27T17:54:13Z,2025-07-27T17:54:13Z,NA,v3,NA,NA,NA,"Hagan, Michael",10955475,Right,202_RBI4,11a8b0dc-0367-4fb7-a8b6-3d2bb72f7ac3,55.56858,-112.76653,13.53907,5.31359,3.26601,-11.44164,-1.68892,5.90895,-5.13849,NA,NA,NA,NA,NA,NA,NA,NA,NA,NA,NA,NA,NA,NA,NA,NA,NA,NA,NA,NA,NA,NA,NA,NA,NA,NA,NA,NA,NA,NA,NA,NA,NA,NA,NA,NA,NA,NA,NA,NA,NA,NA,NA,NA,NA,NA,NA,NA,NA,NA,High,High,High,NA,NA,NA,NA,NA,NA,NA,NA,NA,NA,NA,NA,NA,NA,NA,NA,NA,NA,NA,NA,NA,NA,NA,NA,NA,NA,NA,NA,NA,NA,NA,NA,NA,NA,NA,NA,NA,NA,NA,NA,NA,NA,NA,NA,NA,NA,NA,NA,NA,NA,NA,NA,NA,NA,NA,NA,NA,NA
NA,NA,NA,NA,NA,NA,NA,NA,NA,NA,NA,NA,NA,NA,NA,NA,30,2025-07-27,13:54:29,1,2,"Pineda, Teddy",10955479,Right,202_RBI4,"Williams, Aaron",1000350462,Right,202_RBI1,Undefined,1,Bottom,0,1,0,Undefined,Changeup,BallCalled,Undefined,Undefined,Undefined,0,0,NA,77.5864,2.717011,-2.304114,2003.946591,234.905223,01:45:00,5.14432,1.48087,5.18936,-35.67301,13.98745,16.85021,4.73155,0.71632,68.08185,-3.977414,0.675616,0.507197,NA,NA,NA,NA,NA,NA,NA,NA,NA,NA,NA,-9.10851,6.50189,-1.27975,50,5.37116,3.77425,-111.83956,4.18637,-11.10555,27.18278,-24.24661,202_RBI1,202_RBI4,USABBCary1,USA Baseball,USA,20250727-USABBCary1-3,bea3e200-6b12-11f0-8846-3f6e6eb56ce0,74.31517,NA,NA,9.50455,NA,NA,NA,NA,NA,NA,ff73c667-d689-4199-a12b-e162e8200460,2025-07-27,17:54:29,2025-07-27T17:54:29Z,2025-07-27T17:54:29Z,NA,v3,NA,NA,NA,"Hagan, Michael",10955475,Right,202_RBI4,405712f7-6181-4e94-98e1-4cbd78b6a32a,55.2984,-113.12002,13.59139,5.14705,5.32852,-12.1233,-1.46986,4.29738,-5.55277,NA,NA,NA,NA,NA,NA,NA,NA,NA,NA,NA,NA,NA,NA,NA,NA,NA,NA,NA,NA,NA,NA,NA,NA,NA,NA,NA,NA,NA,NA,NA,NA,NA,NA,NA,NA,NA,NA,NA,NA,NA,NA,NA,NA,NA,NA,NA,NA,NA,NA,High,High,High,NA,NA,NA,NA,NA,NA,NA,NA,NA,NA,NA,NA,NA,NA,NA,NA,NA,NA,NA,NA,NA,NA,NA,NA,NA,NA,NA,NA,NA,NA,NA,NA,NA,NA,NA,NA,NA,NA,NA,NA,NA,NA,NA,NA,NA,NA,NA,NA,NA,NA,NA,NA,NA,NA,NA,NA,NA,NA
NA,NA,NA,NA,NA,NA,NA,NA,NA,NA,NA,NA,NA,NA,NA,NA,31,2025-07-27,13:54:46,1,3,"Pineda, Teddy",10955479,Right,202_RBI4,"Williams, Aaron",1000350462,Right,202_RBI1,Undefined,1,Bottom,0,2,0,Undefined,Changeup,StrikeCalled,Undefined,Undefined,Undefined,0,0,NA,75.79631,0.081938,-3.237307,1969.007487,233.286145,01:45:00,4.83824,1.60868,5.10491,-36.51821,15.39095,17.66851,1.87238,0.02758,67.14429,-6.727531,-0.116891,0.518553,NA,NA,NA,NA,NA,NA,NA,NA,NA,NA,NA,-9.91335,8.22016,-1.31752,50,4.8187,5.45967,-109.37545,-0.98236,-11.60852,25.2775,-22.54827,202_RBI1,202_RBI4,USABBCary1,USA Baseball,USA,20250727-USABBCary1-3,c8e59d80-6b12-11f0-8846-3f6e6eb56ce0,72.68769,NA,NA,8.65202,NA,NA,NA,NA,NA,NA,ff73c667-d689-4199-a12b-e162e8200460,2025-07-27,17:54:46,2025-07-27T17:54:46Z,2025-07-27T17:54:46Z,NA,v3,NA,NA,NA,"Hagan, Michael",10955475,Right,202_RBI4,9ff49bc1-08f1-44d3-a7c2-64bfca21fdc2,55.3863,-110.61326,12.63875,4.83977,0.1218,-11.27413,-1.5988,6.02812,-5.80426,NA,NA,NA,NA,NA,NA,NA,NA,NA,NA,NA,NA,NA,NA,NA,NA,NA,NA,NA,NA,NA,NA,NA,NA,NA,NA,NA,NA,NA,NA,NA,NA,NA,NA,NA,NA,NA,NA,NA,NA,NA,NA,NA,NA,NA,NA,NA,NA,NA,NA,High,High,High,NA,NA,NA,NA,NA,NA,NA,NA,NA,NA,NA,NA,NA,NA,NA,NA,NA,NA,NA,NA,NA,NA,NA,NA,NA,NA,NA,NA,NA,NA,NA,NA,NA,NA,NA,NA,NA,NA,NA,NA,NA,NA,NA,NA,NA,NA,NA,NA,NA,NA,NA,NA,NA,NA,NA,NA,NA,NA
NA,NA,NA,NA,NA,NA,NA,NA,NA,NA,NA,NA,NA,NA,NA,NA,32,2025-07-27,13:55:01,1,4,"Pineda, Teddy",10955479,Right,202_RBI4,"Williams, Aaron",1000350462,Right,202_RBI1,Undefined,1,Bottom,0,2,1,Undefined,Changeup,StrikeCalled,Undefined,Undefined,Undefined,0,0,NA,76.21727,0.489286,-3.854804,1924.05834,228.624957,01:30:00,4.86227,1.53858,5.07474,-36.51285,14.86957,14.42375,2.28185,-0.899,67.55055,-6.30926,-1.312722,0.515916,NA,NA,NA,NA,NA,NA,NA,NA,NA,NA,NA,-8.50189,7.79284,-1.1844,50,4.88117,6.80488,-109.90667,-0.21358,-10.07422,25.14856,-22.94001,202_RBI1,202_RBI4,USABBCary1,USA Baseball,USA,20250727-USABBCary1-3,d1f7d9b0-6b12-11f0-8846-3f6e6eb56ce0,73.05929,NA,NA,8.66673,NA,NA,NA,NA,NA,NA,ff73c667-d689-4199-a12b-e162e8200460,2025-07-27,17:55:01,2025-07-27T17:55:01Z,2025-07-27T17:55:01Z,NA,v3,NA,NA,NA,"Hagan, Michael",10955475,Right,202_RBI4,926f3fa3-3be2-431c-a784-579d11af987c,55.41588,-111.13901,12.57428,4.86409,0.91053,-11.47001,-1.52995,7.29854,-5.03711,NA,NA,NA,NA,NA,NA,NA,NA,NA,NA,NA,NA,NA,NA,NA,NA,NA,NA,NA,NA,NA,NA,NA,NA,NA,NA,NA,NA,NA,NA,NA,NA,NA,NA,NA,NA,NA,NA,NA,NA,NA,NA,NA,NA,NA,NA,NA,NA,NA,NA,High,High,High,NA,NA,NA,NA,NA,NA,NA,NA,NA,NA,NA,NA,NA,NA,NA,NA,NA,NA,NA,NA,NA,NA,NA,NA,NA,NA,NA,NA,NA,NA,NA,NA,NA,NA,NA,NA,NA,NA,NA,NA,NA,NA,NA,NA,NA,NA,NA,NA,NA,NA,NA,NA,NA,NA,NA,NA,NA,NA
NA,NA,NA,NA,NA,NA,NA,NA,NA,NA,NA,NA,NA,NA,NA,NA,33,2025-07-27,13:55:18,1,5,"Pineda, Teddy",10955479,Right,202_RBI4,"Williams, Aaron",1000350462,Right,202_RBI1,Undefined,1,Bottom,0,2,2,Undefined,Changeup,BallCalled,Undefined,Undefined,Undefined,0,0,NA,79.4648,1.985205,-1.695896,2074.40396,232.248451,01:45:00,5.04401,1.59507,5.09002,-32.49537,14.78717,16.51749,4.20863,1.37273,70.02674,-4.108608,1.221944,0.494905,NA,NA,NA,NA,NA,NA,NA,NA,NA,NA,NA,-8.68583,7.1289,-1.44787,50,5.2076,2.66516,-114.67763,2.92416,-11.17086,27.96193,-23.00555,202_RBI1,202_RBI4,USABBCary1,USA Baseball,USA,20250727-USABBCary1-3,db9fed40-6b12-11f0-8846-3f6e6eb56ce0,76.16095,NA,NA,9.43806,NA,NA,NA,NA,NA,NA,ff73c667-d689-4199-a12b-e162e8200460,2025-07-27,17:55:18,2025-07-27T17:55:18Z,2025-07-27T17:55:18Z,NA,v3,NA,NA,NA,"Hagan, Michael",10955475,Right,202_RBI4,01064b89-a272-4600-b75a-36c9275ff9da,55.39872,-115.98653,13.98097,5.04551,4.00106,-11.50277,-1.58487,3.18807,-5.58543,NA,NA,NA,NA,NA,NA,NA,NA,NA,NA,NA,NA,NA,NA,NA,NA,NA,NA,NA,NA,NA,NA,NA,NA,NA,NA,NA,NA,NA,NA,NA,NA,NA,NA,NA,NA,NA,NA,NA,NA,NA,NA,NA,NA,NA,NA,NA,NA,NA,NA,High,High,High,NA,NA,NA,NA,NA,NA,NA,NA,NA,NA,NA,NA,NA,NA,NA,NA,NA,NA,NA,NA,NA,NA,NA,NA,NA,NA,NA,NA,NA,NA,NA,NA,NA,NA,NA,NA,NA,NA,NA,NA,NA,NA,NA,NA,NA,NA,NA,NA,NA,NA,NA,NA,NA,NA,NA,NA,NA,NA
NA,NA,NA,NA,NA,NA,NA,NA,NA,NA,NA,NA,NA,NA,NA,NA,34,2025-07-27,13:55:40,1,6,"Pineda, Teddy",10955479,Right,202_RBI4,"Williams, Aaron",1000350462,Right,202_RBI1,Undefined,1,Bottom,0,3,2,Undefined,Changeup,StrikeCalled,Strikeout,Undefined,Undefined,0,0,NA,77.42104,1.770839,-3.123332,1997.143579,234.683076,01:45:00,5.09142,1.55858,5.06751,-35.91612,13.8256,16.60265,3.77109,-0.00566,68.4987,-4.924572,-0.195446,0.507612,NA,NA,NA,NA,NA,NA,NA,NA,NA,NA,NA,-9.27197,6.7754,-1.27538,50,5.2326,5.38792,-111.6912,2.29957,-11.35475,25.83906,-23.87668,202_RBI1,202_RBI4,USABBCary1,USA Baseball,USA,20250727-USABBCary1-3,e931e530-6b12-11f0-8846-3f6e6eb56ce0,74.25445,NA,NA,8.92234,NA,NA,NA,NA,NA,NA,ff73c667-d689-4199-a12b-e162e8200460,2025-07-27,17:55:40,2025-07-27T17:55:40Z,2025-07-27T17:55:40Z,NA,v3,NA,NA,NA,"Hagan, Michael",10955475,Right,202_RBI4,9cb7063c-dbd8-43bc-9747-083d7ec91aaa,55.42322,-112.93886,12.91953,5.09372,3.45248,-11.93834,-1.54878,5.93619,-5.67738,NA,NA,NA,NA,NA,NA,NA,NA,NA,NA,NA,NA,NA,NA,NA,NA,NA,NA,NA,NA,NA,NA,NA,NA,NA,NA,NA,NA,66.5914,2.483783,1.449677,1.034106,-1.04503,3.55128,0.0112,-0.78502,4.8127,1.13849,70.07849,4.45278,-54.69854,-0.76007,72.89091,-4.26955,4.8346,13.2327,-13.17763,1.06849,-62.25745,8.12527,High,High,High,NA,NA,High,High,High,NA,NA,NA,NA,NA,NA,NA,NA,NA,NA,NA,NA,NA,NA,NA,NA,NA,NA,NA,NA,NA,NA,NA,NA,NA,NA,NA,NA,NA,NA,NA,NA,NA,NA,NA,NA,NA,NA,NA,NA,NA,NA,NA,NA,NA,NA,NA,NA,NA,NA,NA,NA,NA
NA,NA,NA,NA,NA,NA,NA,NA,NA,NA,NA,NA,NA,NA,NA,NA,35,2025-07-27,13:56:25,2,1,"Pineda, Teddy",10955479,Right,202_RBI4,"Branch, Deshawn",1000148551,Right,202_RBI1,Undefined,1,Bottom,1,0,0,Undefined,Changeup,BallCalled,Undefined,Undefined,Undefined,0,0,NA,77.10366,1.372185,-5.412315,1983.016077,236.793112,02:00:00,4.95853,2.0101,5.06278,-37.23841,13.07158,16.78788,3.15527,-1.70966,68.33082,-5.537482,-2.4658350000000002,0.510503,NA,NA,NA,NA,NA,NA,NA,NA,NA,NA,NA,-10.15823,6.56851,-1.50812,50,5.06111,9.80138,-110.95819,1.4626,-12.31065,25.01681,-24.21374,202_RBI1,202_RBI4,USABBCary1,USA Baseball,USA,20250727-USABBCary1-3,03ecda10-6b13-11f0-8846-3f6e6eb56ce0,73.83389,NA,NA,8.77283,NA,NA,NA,NA,NA,NA,ff73c667-d689-4199-a12b-e162e8200460,2025-07-27,17:56:25,2025-07-27T17:56:25Z,2025-07-27T17:56:25Z,NA,v3,NA,NA,NA,"Hagan, Michael",10955475,Right,202_RBI4,e2e1c013-65f6-414c-87b7-ee01ddce58b0,55.42844,-112.17542,12.50841,4.96129,2.64075,-12.10687,-1.99959,10.40037,-6.15533,NA,NA,NA,NA,NA,NA,NA,NA,NA,NA,NA,NA,NA,NA,NA,NA,NA,NA,NA,NA,NA,NA,NA,NA,NA,NA,NA,NA,NA,NA,NA,NA,NA,NA,NA,NA,NA,NA,NA,NA,NA,NA,NA,NA,NA,NA,NA,NA,NA,NA,High,High,High,NA,NA,NA,NA,NA,NA,NA,NA,NA,NA,NA,NA,NA,NA,NA,NA,NA,NA,NA,NA,NA,NA,NA,NA,NA,NA,NA,NA,NA,NA,NA,NA,NA,NA,NA,NA,NA,NA,NA,NA,NA,NA,NA,NA,NA,NA,NA,NA,NA,NA,NA,NA,NA,NA,NA,NA,NA,NA
NA,NA,NA,NA,NA,NA,NA,NA,NA,NA,NA,NA,NA,NA,NA,NA,36,2025-07-27,13:56:40,2,2,"Pineda, Teddy",10955479,Right,202_RBI4,"Branch, Deshawn",1000148551,Right,202_RBI1,Undefined,1,Bottom,1,1,0,Undefined,Curveball,StrikeCalled,Undefined,Undefined,Undefined,0,0,NA,68.81231,1.250903,-0.707947,1756.899727,81.822824,08:45:00,5.64652,1.01875,5.26489,-61.13129,0.86032,-10.86804,1.72764,-0.55201,61.99374,-9.928617,-2.638836,0.56668,NA,NA,NA,NA,NA,NA,NA,NA,NA,NA,NA,5.11607,0.78535,-0.94589,50,5.71701,1.62926,-99.57259,0.31688,4.99853,19.98578,-31.40675,202_RBI1,202_RBI4,USABBCary1,USA Baseball,USA,20250727-USABBCary1-3,0cb981c0-6b13-11f0-8846-3f6e6eb56ce0,66.51452,NA,NA,6.81856,NA,NA,NA,NA,NA,NA,ff73c667-d689-4199-a12b-e162e8200460,2025-07-27,17:56:40,2025-07-27T17:56:40Z,2025-07-27T17:56:40Z,NA,v3,NA,NA,NA,"Hagan, Michael",10955475,Right,202_RBI4,fba8ef70-da7f-45f1-b2a2-4b232ed096da,55.22896,-100.61665,9.99289,5.6576,1.95758,-15.70338,-1.02418,1.36813,2.49927,NA,NA,NA,NA,NA,NA,NA,NA,NA,NA,NA,NA,NA,NA,NA,NA,NA,NA,NA,NA,NA,NA,NA,NA,NA,NA,NA,NA,NA,NA,NA,NA,NA,NA,NA,NA,NA,NA,NA,NA,NA,NA,NA,NA,NA,NA,NA,NA,NA,NA,High,High,High,NA,NA,NA,NA,NA,NA,NA,NA,NA,NA,NA,NA,NA,NA,NA,NA,NA,NA,NA,NA,NA,NA,NA,NA,NA,NA,NA,NA,NA,NA,NA,NA,NA,NA,NA,NA,NA,NA,NA,NA,NA,NA,NA,NA,NA,NA,NA,NA,NA,NA,NA,NA,NA,NA,NA,NA,NA,NA
NA,NA,NA,NA,NA,NA,NA,NA,NA,NA,NA,NA,NA,NA,NA,NA,37,2025-07-27,13:56:55,2,3,"Pineda, Teddy",10955479,Right,202_RBI4,"Branch, Deshawn",1000148551,Right,202_RBI1,Undefined,1,Bottom,1,1,1,Undefined,Changeup,BallCalled,Undefined,Undefined,Undefined,0,0,NA,80.4863,1.476822,-2.474536,2107.320449,228.252132,01:30:00,5.11393,1.8017,5.28358,-30.01978,15.8104,15.51446,4.00075,0.7693,70.83256,-4.190759,0.274616,0.487245,NA,NA,NA,NA,NA,NA,NA,NA,NA,NA,NA,-8.56138,7.85607,-1.58737,50,5.22784,4.33821,-116.15257,2.0584,-11.27848,28.98507,-21.82469,202_RBI1,202_RBI4,USABBCary1,USA Baseball,USA,20250727-USABBCary1-3,15cca850-6b13-11f0-8846-3f6e6eb56ce0,77.3583,NA,NA,9.65374,NA,NA,NA,NA,NA,NA,ff73c667-d689-4199-a12b-e162e8200460,2025-07-27,17:56:55,2025-07-27T17:56:55Z,2025-07-27T17:56:55Z,NA,v3,NA,NA,NA,"Hagan, Michael",10955475,Right,202_RBI4,676742d3-a8fd-4fc4-ae21-7987dee96f04,55.20505,-117.44428,14.49253,5.11443,3.031,-10.91235,-1.79189,4.84082,-5.63924,NA,NA,NA,NA,NA,NA,NA,NA,NA,NA,NA,NA,NA,NA,NA,NA,NA,NA,NA,NA,NA,NA,NA,NA,NA,NA,NA,NA,NA,NA,NA,NA,NA,NA,NA,NA,NA,NA,NA,NA,NA,NA,NA,NA,NA,NA,NA,NA,NA,NA,High,High,High,NA,NA,NA,NA,NA,NA,NA,NA,NA,NA,NA,NA,NA,NA,NA,NA,NA,NA,NA,NA,NA,NA,NA,NA,NA,NA,NA,NA,NA,NA,NA,NA,NA,NA,NA,NA,NA,NA,NA,NA,NA,NA,NA,NA,NA,NA,NA,NA,NA,NA,NA,NA,NA,NA,NA,NA,NA,NA
NA,NA,NA,NA,NA,NA,NA,NA,NA,NA,NA,NA,NA,NA,NA,NA,38,2025-07-27,13:57:27,2,4,"Pineda, Teddy",10955479,Right,202_RBI4,"Branch, Deshawn",1000148551,Right,202_RBI1,Undefined,1,Bottom,1,2,1,Undefined,Changeup,BallCalled,Undefined,Undefined,Undefined,0,0,NA,75.25877,-0.758681,-6.474049,1903.680987,236.478765,02:00:00,4.78252,1.62005,5.40332,-37.82762,15.29788,19.32257,0.91473,-2.86188,65.9362,-7.851695,-3.067162,0.524594,NA,NA,NA,NA,NA,NA,NA,NA,NA,NA,NA,-12.10981,8.68162,-1.0542,50,4.68944,11.4575,-107.96926,-2.55797,-13.67801,26.33925,-22.36817,202_RBI1,202_RBI4,USABBCary1,USA Baseball,USA,20250727-USABBCary1-3,28876d40-6b13-11f0-8846-3f6e6eb56ce0,71.85074,NA,NA,9.32257,NA,NA,NA,NA,NA,NA,ff73c667-d689-4199-a12b-e162e8200460,2025-07-27,17:57:27,2025-07-27T17:57:27Z,2025-07-27T17:57:27Z,NA,v3,NA,NA,NA,"Hagan, Michael",10955475,Right,202_RBI4,567a5664-f43f-4367-8261-2d831538fa3a,55.0834,-109.20232,13.16963,4.78468,-1.51081,-11.18408,-1.60556,12.09783,-6.83901,NA,NA,NA,NA,NA,NA,NA,NA,NA,NA,NA,NA,NA,NA,NA,NA,NA,NA,NA,NA,NA,NA,NA,NA,NA,NA,NA,NA,NA,NA,NA,NA,NA,NA,NA,NA,NA,NA,NA,NA,NA,NA,NA,NA,NA,NA,NA,NA,NA,NA,High,High,High,NA,NA,NA,NA,NA,NA,NA,NA,NA,NA,NA,NA,NA,NA,NA,NA,NA,NA,NA,NA,NA,NA,NA,NA,NA,NA,NA,NA,NA,NA,NA,NA,NA,NA,NA,NA,NA,NA,NA,NA,NA,NA,NA,NA,NA,NA,NA,NA,NA,NA,NA,NA,NA,NA,NA,NA,NA,NA
NA,NA,NA,NA,NA,NA,NA,NA,NA,NA,NA,NA,NA,NA,NA,NA,39,2025-07-27,13:57:54,2,5,"Pineda, Teddy",10955479,Right,202_RBI4,"Branch, Deshawn",1000148551,Right,202_RBI1,Undefined,1,Bottom,1,3,1,Undefined,Changeup,BallCalled,Walk,Undefined,Undefined,0,0,NA,76.58258,1.942152,-2.132424,1941.098779,236.475996,02:00:00,5.15098,1.7967,5.14557,-35.59604,15.27635,19.78084,4.01515,1.4365,67.46547,-4.732266,1.364685,0.51334900000000006,NA,NA,NA,NA,NA,NA,NA,NA,NA,NA,NA,-10.49115,7.44418,-1.61262,50,5.30682,3.28022,-110.50682,2.64184,-12.51131,26.21481,-23.29644,202_RBI1,202_RBI4,USABBCary1,USA Baseball,USA,20250727-USABBCary1-3,38d6fe90-6b13-11f0-8846-3f6e6eb56ce0,73.42462,NA,NA,9.11712,NA,NA,NA,NA,NA,NA,ff73c667-d689-4199-a12b-e162e8200460,2025-07-27,17:57:54,2025-07-27T17:57:54Z,2025-07-27T17:57:54Z,NA,v3,NA,NA,NA,"Hagan, Michael",10955475,Right,202_RBI4,e94e3ae5-b896-4ffd-99c1-e282218ceb8d,55.34396,-111.76735,13.1074,5.15285,3.76204,-11.64822,-1.78481,3.88182,-6.25566,NA,NA,NA,NA,NA,NA,NA,NA,NA,NA,NA,NA,NA,NA,NA,NA,NA,NA,NA,NA,NA,NA,NA,NA,NA,NA,NA,NA,NA,NA,NA,NA,NA,NA,NA,NA,NA,NA,NA,NA,NA,NA,NA,NA,NA,NA,NA,NA,NA,NA,High,High,High,NA,NA,NA,NA,NA,NA,NA,NA,NA,NA,NA,NA,NA,NA,NA,NA,NA,NA,NA,NA,NA,NA,NA,NA,NA,NA,NA,NA,NA,NA,NA,NA,NA,NA,NA,NA,NA,NA,NA,NA,NA,NA,NA,NA,NA,NA,NA,NA,NA,NA,NA,NA,NA,NA,NA,NA,NA,NA
NA,NA,NA,NA,NA,NA,NA,NA,NA,NA,NA,NA,NA,NA,NA,NA,40,2025-07-27,13:58:52,3,1,"Pineda, Teddy",10955479,Right,202_RBI4,"Guzman, Eric",10954177,Right,202_RBI1,Undefined,1,Bottom,1,0,0,Undefined,Changeup,BallCalled,Undefined,Undefined,Undefined,0,0,NA,75.52497,2.617216,-1.709818,1888.348231,239.439385,02:00:00,5.21617,1.64699,4.7582700000000004,-38.97108,13.45883,19.36115,4.45322,1.63859,67.32759,-4.577686,1.688652,0.521148,NA,NA,NA,NA,NA,NA,NA,NA,NA,NA,NA,-9.94449,6.27918,-1.49318,50,5.44607,2.42839,-109.0492,3.69061,-11.705870000000001,23.19101,-24.7827,202_RBI1,202_RBI4,USABBCary1,USA Baseball,USA,20250727-USABBCary1-3,5b4e63a0-6b13-11f0-8846-3f6e6eb56ce0,72.3258,NA,NA,8.19739,NA,NA,NA,NA,NA,NA,ff73c667-d689-4199-a12b-e162e8200460,2025-07-27,17:58:52,2025-07-27T17:58:52Z,2025-07-27T17:58:52Z,NA,v3,NA,NA,NA,"Hagan, Michael",10955475,Right,202_RBI4,33948c3c-5130-4250-9d67-5e1db0897507,55.73362,-110.2618,11.59551,5.21922,4.98643,-12.39135,-1.63616,3.04047,-5.85294,NA,NA,NA,NA,NA,NA,NA,NA,NA,NA,NA,NA,NA,NA,NA,NA,NA,NA,NA,NA,NA,NA,NA,NA,NA,NA,NA,NA,NA,NA,NA,NA,NA,NA,NA,NA,NA,NA,NA,NA,NA,NA,NA,NA,NA,NA,NA,NA,NA,NA,High,High,High,NA,NA,NA,NA,NA,NA,NA,NA,NA,NA,NA,NA,NA,NA,NA,NA,NA,NA,NA,NA,NA,NA,NA,NA,NA,NA,NA,NA,NA,NA,NA,NA,NA,NA,NA,NA,NA,NA,NA,NA,NA,NA,NA,NA,NA,NA,NA,NA,NA,NA,NA,NA,NA,NA,NA,NA,NA,NA
NA,NA,NA,NA,NA,NA,NA,NA,NA,NA,NA,NA,NA,NA,NA,NA,41,2025-07-27,13:59:31,3,2,"Pineda, Teddy",10955479,Right,202_RBI4,"Guzman, Eric",10954177,Right,202_RBI1,Undefined,1,Bottom,1,1,0,Undefined,Changeup,BallCalled,Undefined,Undefined,Undefined,0,0,NA,75.32571,0.757921,-5.458029,1918.964261,238.171199,02:00:00,4.98199,1.47871,4.95011,-39.12313,12.79749,17.62769,2.4412,-2.22533,68.12587,-6.415342,-2.369291,0.51861,NA,NA,NA,NA,NA,NA,NA,NA,NA,NA,NA,-10.27422,6.63918,-0.96294,50,5.02431,9.65822,-108.65176,0.16216,-12.17698,20.55397,-24.30531,202_RBI1,202_RBI4,USABBCary1,USA Baseball,USA,20250727-USABBCary1-3,72e953d0-6b13-11f0-8846-3f6e6eb56ce0,72.67968,NA,NA,7.19984,NA,NA,NA,NA,NA,NA,ff73c667-d689-4199-a12b-e162e8200460,2025-07-27,17:59:31,2025-07-27T17:59:31Z,2025-07-27T17:59:31Z,NA,v3,NA,NA,NA,"Hagan, Michael",10955475,Right,202_RBI4,583faefa-cc9c-4aa7-9add-8bbe949efd8c,55.54483,-109.69568,10.27699,4.98473,1.3966,-12.15265,-1.46918,10.27668,-6.08849,NA,NA,NA,NA,NA,NA,NA,NA,NA,NA,NA,NA,NA,NA,NA,NA,NA,NA,NA,NA,NA,NA,NA,NA,NA,NA,NA,NA,NA,NA,NA,NA,NA,NA,NA,NA,NA,NA,NA,NA,NA,NA,NA,NA,NA,NA,NA,NA,NA,NA,High,High,High,NA,NA,NA,NA,NA,NA,NA,NA,NA,NA,NA,NA,NA,NA,NA,NA,NA,NA,NA,NA,NA,NA,NA,NA,NA,NA,NA,NA,NA,NA,NA,NA,NA,NA,NA,NA,NA,NA,NA,NA,NA,NA,NA,NA,NA,NA,NA,NA,NA,NA,NA,NA,NA,NA,NA,NA,NA,NA
NA,NA,NA,NA,NA,NA,NA,NA,NA,NA,NA,NA,NA,NA,NA,NA,42,2025-07-27,14:00:26,3,3,"Pineda, Teddy",10955479,Right,202_RBI4,"Guzman, Eric",10954177,Right,202_RBI1,Undefined,1,Bottom,1,2,0,Undefined,Changeup,StrikeSwinging,Undefined,Undefined,Undefined,0,0,NA,76.12157,1.496273,-2.814608,1944.450622,232.793806,01:45:00,5.20373,1.52696,5.15094,-36.099,14.26725,16.39765,3.6061,0.2416,68.57159,-5.193768,0.08306,0.510789,NA,NA,NA,NA,NA,NA,NA,NA,NA,NA,NA,-8.94126,7.15772,-1.2765,50,5.31684,4.7398,-110.10498,1.73485,-10.8348,21.90053,-23.5005,202_RBI1,202_RBI4,USABBCary1,USA Baseball,USA,20250727-USABBCary1-3,93328e40-6b13-11f0-8846-3f6e6eb56ce0,73.79264,NA,NA,7.54997,NA,NA,NA,NA,NA,NA,ff73c667-d689-4199-a12b-e162e8200460,2025-07-27,18:00:26,2025-07-27T18:00:26Z,2025-07-27T18:00:26Z,NA,v3,NA,NA,NA,"Hagan, Michael",10955475,Right,202_RBI4,a4fdd243-a876-4367-9849-e682e63ce696,55.34248,-111.16255,10.95027,5.20567,2.86968,-11.75025,-1.51802,5.26301,-5.4174,NA,NA,NA,NA,NA,NA,NA,NA,NA,NA,NA,NA,NA,NA,NA,NA,NA,NA,NA,NA,NA,NA,NA,NA,NA,NA,NA,NA,NA,NA,NA,NA,NA,NA,NA,NA,NA,NA,NA,NA,NA,NA,NA,NA,NA,NA,NA,NA,NA,NA,High,High,High,NA,NA,NA,NA,NA,NA,NA,NA,NA,NA,NA,NA,NA,NA,NA,NA,NA,NA,NA,NA,NA,NA,NA,NA,NA,NA,NA,NA,NA,NA,NA,NA,NA,NA,NA,NA,NA,NA,NA,NA,NA,NA,NA,NA,NA,NA,NA,NA,NA,NA,NA,NA,NA,NA,NA,NA,NA,NA
NA,NA,NA,NA,NA,NA,NA,NA,NA,NA,NA,NA,NA,NA,NA,NA,43,2025-07-27,14:00:47,3,4,"Pineda, Teddy",10955479,Right,202_RBI4,"Guzman, Eric",10954177,Right,202_RBI1,Undefined,1,Bottom,1,2,1,Undefined,Changeup,InPlay,Undefined,LineDrive,Single,0,1,NA,79.49841,0.984045,-2.848622,2054.992435,231.387766,01:45:00,5.08445,1.43922,5.16771,-32.05517,14.2167,15.65379,3.3405300000000002,0.06061,71.38938,-4.976631,-0.081052,0.489587,87.99612,12.946379,-9.665022,864.491638,108.90246,16.3727,-15.49734,199.84956,199.84956,-6.944291,2.012648,-8.72737,7.23681,-1.18619,50,5.1525,5.07125,-115.00611,0.93386,-11.48971,24.715,-22.64664,202_RBI1,202_RBI4,USABBCary1,USA Baseball,USA,20250727-USABBCary1-3,a01c8660-6b13-11f0-8846-3f6e6eb56ce0,76.98821,16.43085,NA,8.10903,NA,NA,NA,0.9194,3.33904,-0.02225,ff73c667-d689-4199-a12b-e162e8200460,2025-07-27,18:00:47,2025-07-27T18:00:47Z,2025-07-27T18:00:47Z,LineDrive,v3,NA,NA,NA,"Hagan, Michael",10955475,Right,202_RBI4,4e1f2c4b-1386-48c5-a93d-c40525bb0ccd,55.32782,-116.14542,12.3575,5.08539,1.97783,-11.32332,-1.43218,5.6009,-5.74486,227.491117,0.91939,123.99499,-18.42466,3.92075,-0.79079,0.12129,0.00607,-0.00991,0.00173,3.33905,28.91413,-16.81049,1.06938,-0.2564,0.20023,-0.14617,0.05337,-0.00737,-0.02223,-21.11739,7.03763,-1.84478,0.3702,0.04671,-0.10099,0.04196,-0.00603,NA,NA,NA,NA,NA,NA,NA,NA,NA,NA,NA,NA,NA,NA,NA,NA,NA,NA,NA,NA,NA,NA,High,High,High,High,High,NA,NA,NA,NA,NA,NA,NA,NA,NA,NA,NA,NA,NA,NA,NA,NA,NA,NA,NA,NA,NA,NA,NA,NA,NA,NA,NA,NA,NA,NA,NA,NA,NA,NA,NA,NA,NA,NA,NA,NA,NA,NA,NA,NA,NA,NA,NA,NA,NA,NA,NA,NA,NA,NA,NA,NA
NA,NA,NA,NA,NA,NA,NA,NA,NA,NA,NA,NA,NA,NA,NA,NA,44,2025-07-27,14:01:26,4,1,"Pineda, Teddy",10955479,Right,202_RBI4,"Davis, Desmond",10869320,Right,202_RBI1,Undefined,1,Bottom,1,0,0,Undefined,Changeup,BallCalled,Undefined,Undefined,Undefined,0,0,NA,76.49575,1.950174,-5.533902,1940.685885,240.098673,02:00:00,4.87148,1.64315,5.26441,-39.21644,10.87115,15.67871,3.44478,-2.26521,68.6679,-5.292846,-2.773525,0.509374,NA,NA,NA,NA,NA,NA,NA,NA,NA,NA,NA,-9.54075,5.3437,-1.1472,50,5.02252,10.04974,-110.26145,2.51989,-11.57296,22.29175,-25.69214,202_RBI1,202_RBI4,USABBCary1,USA Baseball,USA,20250727-USABBCary1-3,b72fd000-6b13-11f0-8846-3f6e6eb56ce0,73.99764,NA,NA,7.82784,NA,NA,NA,NA,NA,NA,ff73c667-d689-4199-a12b-e162e8200460,2025-07-27,18:01:26,2025-07-27T18:01:26Z,2025-07-27T18:01:26Z,NA,v3,NA,NA,NA,"Hagan, Michael",10955475,Right,202_RBI4,f9bde455-3b24-4aae-acbf-6855da6a3d72,55.23014,-111.31382,11.14588,4.87492,3.73278,-12.84607,-1.63453,10.59609,-5.78648,NA,NA,NA,NA,NA,NA,NA,NA,NA,NA,NA,NA,NA,NA,NA,NA,NA,NA,NA,NA,NA,NA,NA,NA,NA,NA,NA,NA,NA,NA,NA,NA,NA,NA,NA,NA,NA,NA,NA,NA,NA,NA,NA,NA,NA,NA,NA,NA,NA,NA,High,High,High,NA,NA,NA,NA,NA,NA,NA,NA,NA,NA,NA,NA,NA,NA,NA,NA,NA,NA,NA,NA,NA,NA,NA,NA,NA,NA,NA,NA,NA,NA,NA,NA,NA,NA,NA,NA,NA,NA,NA,NA,NA,NA,NA,NA,NA,NA,NA,NA,NA,NA,NA,NA,NA,NA,NA,NA,NA,NA
NA,NA,NA,NA,NA,NA,NA,NA,NA,NA,NA,NA,NA,NA,NA,NA,45,2025-07-27,14:01:44,4,2,"Pineda, Teddy",10955479,Right,202_RBI4,"Davis, Desmond",10869320,Right,202_RBI1,Undefined,1,Bottom,1,1,0,Undefined,Changeup,BallCalled,Undefined,Undefined,Undefined,0,0,NA,75.82673,1.8346,-1.819821,1804.279462,226.671715,01:30:00,5.103,1.6457,5.1106,-37.07183,14.45772,13.12867,3.74354,1.02471,67.36803,-5.074448,0.500219,0.516654,NA,NA,NA,NA,NA,NA,NA,NA,NA,NA,NA,-7.07851,7.10859,-1.48473,50,5.24819,2.93449,-109.52428,2.34322,-8.36251,24.28202,-23.77603,202_RBI1,202_RBI4,USABBCary1,USA Baseball,USA,20250727-USABBCary1-3,c1f90b00-6b13-11f0-8846-3f6e6eb56ce0,72.95494,NA,NA,8.4587,NA,NA,NA,NA,NA,NA,ff73c667-d689-4199-a12b-e162e8200460,2025-07-27,18:01:44,2025-07-27T18:01:44Z,2025-07-27T18:01:44Z,NA,v3,NA,NA,NA,"Hagan, Michael",10955475,Right,202_RBI4,066c7247-e769-4396-bcef-5ea32df7b307,55.37966,-110.71055,12.14101,5.10534,3.50477,-11.88802,-1.63807,3.34303,-4.18126,NA,NA,NA,NA,NA,NA,NA,NA,NA,NA,NA,NA,NA,NA,NA,NA,NA,NA,NA,NA,NA,NA,NA,NA,NA,NA,NA,NA,NA,NA,NA,NA,NA,NA,NA,NA,NA,NA,NA,NA,NA,NA,NA,NA,NA,NA,NA,NA,NA,NA,High,High,High,NA,NA,NA,NA,NA,NA,NA,NA,NA,NA,NA,NA,NA,NA,NA,NA,NA,NA,NA,NA,NA,NA,NA,NA,NA,NA,NA,NA,NA,NA,NA,NA,NA,NA,NA,NA,NA,NA,NA,NA,NA,NA,NA,NA,NA,NA,NA,NA,NA,NA,NA,NA,NA,NA,NA,NA,NA,NA
NA,NA,NA,NA,NA,NA,NA,NA,NA,NA,NA,NA,NA,NA,NA,NA,46,2025-07-27,14:02:05,4,3,"Pineda, Teddy",10955479,Right,202_RBI4,"Davis, Desmond",10869320,Right,202_RBI1,Undefined,1,Bottom,1,2,0,Undefined,Changeup,BallCalled,Undefined,Undefined,Undefined,0,0,NA,75.15683,3.415627,-4.308299,1848.895946,234.891599,01:45:00,5.12999,1.50756,5.30311,-38.11782,14.40304,17.42237,5.17283,-1.09263,66.3367,-3.713817,-1.231926,0.5216,NA,NA,NA,NA,NA,NA,NA,NA,NA,NA,NA,-10.12816,6.55225,-1.12834,50,5.41482,7.44135,-108.19311,5.32462,-11.65537,23.99995,-24.63381,202_RBI1,202_RBI4,USABBCary1,USA Baseball,USA,20250727-USABBCary1-3,ce4cdda0-6b13-11f0-8846-3f6e6eb56ce0,72.26317,NA,NA,8.82012,NA,NA,NA,NA,NA,NA,ff73c667-d689-4199-a12b-e162e8200460,2025-07-27,18:02:05,2025-07-27T18:02:05Z,2025-07-27T18:02:05Z,NA,v3,NA,NA,NA,"Hagan, Michael",10955475,Right,202_RBI4,03278108-dcf0-4e42-9f21-bc706a501dad,55.18713,-109.3377,11.99998,5.13286,6.49943,-12.31691,-1.49648,7.99721,-5.82768,NA,NA,NA,NA,NA,NA,NA,NA,NA,NA,NA,NA,NA,NA,NA,NA,NA,NA,NA,NA,NA,NA,NA,NA,NA,NA,NA,NA,NA,NA,NA,NA,NA,NA,NA,NA,NA,NA,NA,NA,NA,NA,NA,NA,NA,NA,NA,NA,NA,NA,High,High,High,NA,NA,NA,NA,NA,NA,NA,NA,NA,NA,NA,NA,NA,NA,NA,NA,NA,NA,NA,NA,NA,NA,NA,NA,NA,NA,NA,NA,NA,NA,NA,NA,NA,NA,NA,NA,NA,NA,NA,NA,NA,NA,NA,NA,NA,NA,NA,NA,NA,NA,NA,NA,NA,NA,NA,NA,NA,NA
NA,NA,NA,NA,NA,NA,NA,NA,NA,NA,NA,NA,NA,NA,NA,NA,47,2025-07-27,14:03:53,4,4,"Pineda, Teddy",10955479,Right,202_RBI4,"Davis, Desmond",10869320,Right,202_RBI1,Undefined,1,Bottom,1,3,0,Undefined,Changeup,BallCalled,Walk,Undefined,Undefined,0,0,NA,75.7666,-0.322593,-5.152913,1833.841519,235.802474,01:45:00,5.11722,1.58937,4.92241,-37.23443,15.268980000000001,19.14347,1.70813,-1.70005,67.12374,-7.225497,-1.795402,0.521513,NA,NA,NA,NA,NA,NA,NA,NA,NA,NA,NA,-11.21709,8.27654,-1.10239,50,5.05607,9.02205,-109.02957,-1.81187,-13.07714,24.7906,-22.52509,202_RBI1,202_RBI4,USABBCary1,USA Baseball,USA,20250727-USABBCary1-3,0e91cec0-6b14-11f0-8846-3f6e6eb56ce0,72.27515,NA,NA,8.64286,NA,NA,NA,NA,NA,NA,ff73c667-d689-4199-a12b-e162e8200460,2025-07-27,18:03:53,2025-07-27T18:03:53Z,2025-07-27T18:03:53Z,NA,v3,NA,NA,NA,"Hagan, Michael",10955475,Right,202_RBI4,d79016a1-5e10-4290-a1f7-696544ba9f34,55.56797,-110.28832,12.3953,5.11903,-0.66815,-11.26255,-1.57734,9.68605,-6.53857,NA,NA,NA,NA,NA,NA,NA,NA,NA,NA,NA,NA,NA,NA,NA,NA,NA,NA,NA,NA,NA,NA,NA,NA,NA,NA,NA,NA,NA,NA,NA,NA,NA,NA,NA,NA,NA,NA,NA,NA,NA,NA,NA,NA,NA,NA,NA,NA,NA,NA,High,High,High,NA,NA,NA,NA,NA,NA,NA,NA,NA,NA,NA,NA,NA,NA,NA,NA,NA,NA,NA,NA,NA,NA,NA,NA,NA,NA,NA,NA,NA,NA,NA,NA,NA,NA,NA,NA,NA,NA,NA,NA,NA,NA,NA,NA,NA,NA,NA,NA,NA,NA,NA,NA,NA,NA,NA,NA,NA,NA
NA,NA,NA,NA,NA,NA,NA,NA,NA,NA,NA,NA,NA,NA,NA,NA,48,2025-07-27,14:04:31,5,1,"Pineda, Teddy",10955479,Right,202_RBI4,"Jones, Preston",10313555,Left,202_RBI1,Undefined,1,Bottom,1,0,0,Undefined,Changeup,StrikeSwinging,Undefined,Undefined,Undefined,0,0,NA,75.44186,0.736306,-3.537362,1920.858404,234.979884,01:45:00,4.926,1.72403,5.26924,-37.91317,13.84024,16.76761,2.45957,-0.20568,67.21832,-6.323991,-0.569223,0.517775,NA,NA,NA,NA,NA,NA,NA,NA,NA,NA,NA,-9.52666,7.2504,-1.41284,50,4.96653,6.05577,-108.93626,0.23315,-11.14767,23.81266,-23.68994,202_RBI1,202_RBI4,USABBCary1,USA Baseball,USA,20250727-USABBCary1-3,25ad7cd0-6b14-11f0-8846-3f6e6eb56ce0,72.79698,NA,NA,8.22354,NA,NA,NA,NA,NA,NA,ff73c667-d689-4199-a12b-e162e8200460,2025-07-27,18:04:31,2025-07-27T18:04:31Z,2025-07-27T18:04:31Z,NA,v3,NA,NA,NA,"Hagan, Michael",10955475,Right,202_RBI4,b224913a-8297-443f-af29-8ceb0b9649d2,55.22243,-110.07192,11.90633,4.92846,1.36296,-11.84497,-1.71433,6.58742,-5.57384,NA,NA,NA,NA,NA,NA,NA,NA,NA,NA,NA,NA,NA,NA,NA,NA,NA,NA,NA,NA,NA,NA,NA,NA,NA,NA,NA,NA,NA,NA,NA,NA,NA,NA,NA,NA,NA,NA,NA,NA,NA,NA,NA,NA,NA,NA,NA,NA,NA,NA,High,High,High,NA,NA,NA,NA,NA,NA,NA,NA,NA,NA,NA,NA,NA,NA,NA,NA,NA,NA,NA,NA,NA,NA,NA,NA,NA,NA,NA,NA,NA,NA,NA,NA,NA,NA,NA,NA,NA,NA,NA,NA,NA,NA,NA,NA,NA,NA,NA,NA,NA,NA,NA,NA,NA,NA,NA,NA,NA,NA
NA,NA,NA,NA,NA,NA,NA,NA,NA,NA,NA,NA,NA,NA,NA,NA,49,2025-07-27,14:04:56,5,2,"Pineda, Teddy",10955479,Right,202_RBI4,"Jones, Preston",10313555,Left,202_RBI1,Undefined,1,Bottom,1,0,1,Undefined,Changeup,StrikeCalled,Undefined,Undefined,Undefined,0,0,NA,74.12436,0.744305,-2.518731,1784.125941,237.275503,02:00:00,5.11233,1.7981,4.954,-40.79691,13.49371,17.5345,2.41657,0.87797,65.98355,-6.80446,0.571918,0.530315,NA,NA,NA,NA,NA,NA,NA,NA,NA,NA,NA,-9.50497,7.02012,-1.56901,50,5.15218,3.99628,-107.04985,0.0929,-10.71154,23.44432,-24.26279,202_RBI1,202_RBI4,USABBCary1,USA Baseball,USA,20250727-USABBCary1-3,346e57d0-6b14-11f0-8846-3f6e6eb56ce0,71.07559,NA,NA,8.1408,NA,NA,NA,NA,NA,NA,ff73c667-d689-4199-a12b-e162e8200460,2025-07-27,18:04:56,2025-07-27T18:04:56Z,2025-07-27T18:04:56Z,NA,v3,NA,NA,NA,"Hagan, Michael",10955475,Right,202_RBI4,d2967bb5-834f-4bd4-a528-a49bd8e7e68f,55.53812,-108.25593,11.72216,5.1153,1.34108,-12.13139,-1.78877,4.54733,-5.35577,NA,NA,NA,NA,NA,NA,NA,NA,NA,NA,NA,NA,NA,NA,NA,NA,NA,NA,NA,NA,NA,NA,NA,NA,NA,NA,NA,NA,NA,NA,NA,NA,NA,NA,NA,NA,NA,NA,NA,NA,NA,NA,NA,NA,NA,NA,NA,NA,NA,NA,High,High,High,NA,NA,NA,NA,NA,NA,NA,NA,NA,NA,NA,NA,NA,NA,NA,NA,NA,NA,NA,NA,NA,NA,NA,NA,NA,NA,NA,NA,NA,NA,NA,NA,NA,NA,NA,NA,NA,NA,NA,NA,NA,NA,NA,NA,NA,NA,NA,NA,NA,NA,NA,NA,NA,NA,NA,NA,NA,NA
NA,NA,NA,NA,NA,NA,NA,NA,NA,NA,NA,NA,NA,NA,NA,NA,50,2025-07-27,14:05:17,5,3,"Pineda, Teddy",10955479,Right,202_RBI4,"Jones, Preston",10313555,Left,202_RBI1,Undefined,1,Bottom,1,0,2,Undefined,Changeup,BallCalled,Undefined,Undefined,Undefined,0,0,NA,75.86879,3.908552,-3.156808,1941.236015,229.255945,01:45:00,4.90079,1.81513,5.03133,-36.34226,15.36371,15.5028,5.57131,0.12558,67.30482,-2.856258,-0.428503,0.517537,NA,NA,NA,NA,NA,NA,NA,NA,NA,NA,NA,-8.65953,6.80134,-1.52603,50,5.24746,5.38124,-109.31628,6.33659,-10.23509,23.4447,-24.13522,202_RBI1,202_RBI4,USABBCary1,USA Baseball,USA,20250727-USABBCary1-3,40a9e780-6b14-11f0-8846-3f6e6eb56ce0,72.83036,NA,NA,8.56397,NA,NA,NA,NA,NA,NA,ff73c667-d689-4199-a12b-e162e8200460,2025-07-27,18:05:17,2025-07-27T18:05:17Z,2025-07-27T18:05:17Z,NA,v3,NA,NA,NA,"Hagan, Michael",10955475,Right,202_RBI4,0cbe77ad-6569-4757-8a2d-406a459d3686,55.45988,-110.48104,11.72235,4.90287,7.53565,-12.06761,-1.806,5.88973,-5.11755,NA,NA,NA,NA,NA,NA,NA,NA,NA,NA,NA,NA,NA,NA,NA,NA,NA,NA,NA,NA,NA,NA,NA,NA,NA,NA,NA,NA,NA,NA,NA,NA,NA,NA,NA,NA,NA,NA,NA,NA,NA,NA,NA,NA,NA,NA,NA,NA,NA,NA,High,High,High,NA,NA,NA,NA,NA,NA,NA,NA,NA,NA,NA,NA,NA,NA,NA,NA,NA,NA,NA,NA,NA,NA,NA,NA,NA,NA,NA,NA,NA,NA,NA,NA,NA,NA,NA,NA,NA,NA,NA,NA,NA,NA,NA,NA,NA,NA,NA,NA,NA,NA,NA,NA,NA,NA,NA,NA,NA,NA
NA,NA,NA,NA,NA,NA,NA,NA,NA,NA,NA,NA,NA,NA,NA,NA,51,2025-07-27,14:05:38,5,4,"Pineda, Teddy",10955479,Right,202_RBI4,"Jones, Preston",10313555,Left,202_RBI1,Undefined,1,Bottom,1,1,2,Undefined,Changeup,InPlay,Undefined,GroundBall,Single,0,0,NA,72.91066,0.647925,-2.971747,1830.547361,234.774652,01:45:00,4.89569,1.78539,4.99669,-42.35404,14.39146,16.77757,1.97874,0.37538,64.17931,-7.230592,-0.013543,0.542172,83.93422,-5.55536,2.544274,NA,NA,NA,NA,20.82151,20.33044,1.502997,0.152254,-9.48957,7.53182,-1.51391,50,4.92519,4.79565,-105.1282,-0.11168,-10.17763,24.72535,-24.09613,202_RBI1,202_RBI4,USABBCary1,USA Baseball,USA,20250727-USABBCary1-3,4da1c250-6b14-11f0-8846-3f6e6eb56ce0,69.52116,2.17185,NA,8.73135,NA,NA,NA,2.35914,2.17185,-0.26268,ff73c667-d689-4199-a12b-e162e8200460,2025-07-27,18:05:38,2025-07-27T18:05:38Z,2025-07-27T18:05:38Z,GroundBall,v3,NA,NA,NA,"Hagan, Michael",10955475,Right,202_RBI4,2bdf8e31-3473-4eb6-881a-9ad978ebd0e0,55.49484,-106.4127,12.36268,4.89847,1.14013,-12.04806,-1.77678,5.32438,-5.08881,66.802327,2.35924,122.39648,-7.78091,NA,NA,NA,NA,NA,NA,2.17196,-11.92616,-15.36829,NA,NA,NA,NA,NA,NA,-0.26267,5.43798,-0.82697,NA,NA,NA,NA,NA,NA,NA,NA,NA,NA,NA,NA,NA,NA,NA,NA,NA,NA,NA,NA,NA,NA,NA,NA,NA,NA,NA,NA,High,High,High,Medium,High,NA,NA,NA,NA,NA,NA,NA,NA,NA,NA,NA,NA,NA,NA,NA,NA,NA,NA,NA,NA,NA,NA,NA,NA,NA,NA,NA,NA,NA,NA,NA,NA,NA,NA,NA,NA,NA,NA,NA,NA,NA,NA,NA,NA,NA,NA,NA,NA,NA,NA,NA,NA,NA,NA,NA,NA
NA,NA,NA,NA,NA,NA,NA,NA,NA,NA,NA,NA,NA,NA,NA,NA,52,2025-07-27,14:06:26,6,1,"Pineda, Teddy",10955479,Right,202_RBI4,"Sherrard, Evan",10955458,Right,202_RBI1,Undefined,1,Bottom,1,0,0,Undefined,Changeup,BallCalled,Undefined,Undefined,Undefined,0,0,NA,74.39794,-0.894162,-3.151024,1907.352887,233.496886,01:45:00,5.11046,1.65156,5.07889,-37.82915,15.31013,17.93501,1.11379,0.17279,67.04062,-7.875463,0.017402,0.524662,NA,NA,NA,NA,NA,NA,NA,NA,NA,NA,NA,-9.97032,8.4691,-1.36778,50,4.99665,5.22013,-107.56444,-2.86059,-11.45905,21.96662,-22.44039,202_RBI1,202_RBI4,USABBCary1,USA Baseball,USA,20250727-USABBCary1-3,6a084450-6b14-11f0-8846-3f6e6eb56ce0,71.84144,NA,NA,7.35732,NA,NA,NA,NA,NA,NA,ff73c667-d689-4199-a12b-e162e8200460,2025-07-27,18:06:26,2025-07-27T18:06:26Z,2025-07-27T18:06:26Z,NA,v3,NA,NA,NA,"Hagan, Michael",10955475,Right,202_RBI4,f0d9df25-a968-48f2-b6fd-6f45713b681e,55.41666,-108.66499,10.98331,5.11181,-1.73631,-11.2202,-1.64369,5.79424,-5.72953,NA,NA,NA,NA,NA,NA,NA,NA,NA,NA,NA,NA,NA,NA,NA,NA,NA,NA,NA,NA,NA,NA,NA,NA,NA,NA,NA,NA,NA,NA,NA,NA,NA,NA,NA,NA,NA,NA,NA,NA,NA,NA,NA,NA,NA,NA,NA,NA,NA,NA,High,High,High,NA,NA,NA,NA,NA,NA,NA,NA,NA,NA,NA,NA,NA,NA,NA,NA,NA,NA,NA,NA,NA,NA,NA,NA,NA,NA,NA,NA,NA,NA,NA,NA,NA,NA,NA,NA,NA,NA,NA,NA,NA,NA,NA,NA,NA,NA,NA,NA,NA,NA,NA,NA,NA,NA,NA,NA,NA,NA
NA,NA,NA,NA,NA,NA,NA,NA,NA,NA,NA,NA,NA,NA,NA,NA,53,2025-07-27,14:06:56,6,2,"Pineda, Teddy",10955479,Right,202_RBI4,"Sherrard, Evan",10955458,Right,202_RBI1,Undefined,1,Bottom,1,1,0,Undefined,Changeup,StrikeCalled,Undefined,Undefined,Undefined,0,0,NA,74.67563,1.10316,-4.202882,1856.685646,234.295405,01:45:00,4.90373,1.88636,5.1819,-40.48081,12.55587,14.50977,2.57118,-0.86594,66.57726,-6.401038,-1.642471,0.524155,NA,NA,NA,NA,NA,NA,NA,NA,NA,NA,NA,-8.63378,6.47335,-1.50647,50,4.97676,7.33464,-107.73152,0.81507,-9.89086,23.11404,-24.75818,202_RBI1,202_RBI4,USABBCary1,USA Baseball,USA,20250727-USABBCary1-3,7bf1d690-6b14-11f0-8846-3f6e6eb56ce0,71.9109,NA,NA,8.09837,NA,NA,NA,NA,NA,NA,ff73c667-d689-4199-a12b-e162e8200460,2025-07-27,18:06:56,2025-07-27T18:06:56Z,2025-07-27T18:06:56Z,NA,v3,NA,NA,NA,"Hagan, Michael",10955475,Right,202_RBI4,bee03236-2e37-4210-8033-4886c735b1b6,55.31026,-108.86488,11.55702,4.90703,2.02905,-12.37909,-1.87801,7.81962,-4.94543,NA,NA,NA,NA,NA,NA,NA,NA,NA,NA,NA,NA,NA,NA,NA,NA,NA,NA,NA,NA,NA,NA,NA,NA,NA,NA,NA,NA,NA,NA,NA,NA,NA,NA,NA,NA,NA,NA,NA,NA,NA,NA,NA,NA,NA,NA,NA,NA,NA,NA,High,High,High,NA,NA,NA,NA,NA,NA,NA,NA,NA,NA,NA,NA,NA,NA,NA,NA,NA,NA,NA,NA,NA,NA,NA,NA,NA,NA,NA,NA,NA,NA,NA,NA,NA,NA,NA,NA,NA,NA,NA,NA,NA,NA,NA,NA,NA,NA,NA,NA,NA,NA,NA,NA,NA,NA,NA,NA,NA,NA
NA,NA,NA,NA,NA,NA,NA,NA,NA,NA,NA,NA,NA,NA,NA,NA,54,2025-07-27,14:07:11,6,3,"Pineda, Teddy",10955479,Right,202_RBI4,"Sherrard, Evan",10955458,Right,202_RBI1,Undefined,1,Bottom,1,1,1,Undefined,Changeup,InPlay,Undefined,FlyBall,Out,1,0,NA,75.41802,0.321455,-3.047026,1967.5375,240.651977,02:00:00,4.76575,1.78558,5.20378,-38.70254,13.43788,19.99678,1.8433,0.5836,66.93171,-6.883768,0.492961,0.519707,60.43865,45.018754,23.104096,NA,97.20824,53.62776,51.48355,172.65138,168.80506,31.236832,3.753482,-11.12816,7.1678,-1.51932,50,4.76736,5.00717,-108.92692,-0.58824,-12.92759,25.02825,-23.84719,202_RBI1,202_RBI4,USABBCary1,USA Baseball,USA,20250727-USABBCary1-3,85316450-6b14-11f0-8846-3f6e6eb56ce0,72.52631,55.59777,NA,8.48632,NA,NA,NA,2.46011,2.03879,-0.54388,ff73c667-d689-4199-a12b-e162e8200460,2025-07-27,18:07:11,2025-07-27T18:07:11Z,2025-07-27T18:07:11Z,Popup,v3,NA,NA,NA,"Hagan, Michael",10955475,Right,202_RBI4,04e527e0-d813-4909-abfa-8460cb9a25d7,55.29036,-110.13578,12.51412,4.76796,0.56357,-11.9236,-1.77625,5.63157,-6.46379,213.279522,2.46023,57.63296,-9.55625,2.12222,-0.53437,0.21197,-0.07267,0.01342,-9.7e-4,2.0388,62.69752,-20.8136,1.835,-0.16609,-0.11708,0.058,-0.01057,7.1e-4,-0.54372,24.58351,-0.3618,0.05693,0.00432,-4.9e-4,-9.7e-4,3.1e-4,-3e-5,NA,NA,NA,NA,NA,NA,NA,NA,NA,NA,NA,NA,NA,NA,NA,NA,NA,NA,NA,NA,NA,NA,High,High,High,High,Medium,NA,NA,NA,NA,NA,NA,NA,NA,NA,NA,NA,NA,NA,NA,NA,NA,NA,NA,NA,NA,NA,NA,NA,NA,NA,NA,NA,NA,NA,NA,NA,NA,NA,NA,NA,NA,NA,NA,NA,NA,NA,NA,NA,NA,NA,NA,NA,NA,NA,NA,NA,NA,NA,NA,NA,NA
NA,NA,NA,NA,NA,NA,NA,NA,NA,NA,NA,NA,NA,NA,NA,NA,55,2025-07-27,14:07:52,7,1,"Pineda, Teddy",10955479,Right,202_RBI4,"Blount, Riley",1000350461,Left,202_RBI1,Undefined,1,Bottom,2,0,0,Undefined,Changeup,BallCalled,Undefined,Undefined,Undefined,0,0,NA,77.57415,1.140382,-0.31481,1942.287689,238.634013,02:00:00,5.09091,1.73603,5.02047,-36.69392,12.89009,17.76332,3.1094,2.91922,68.73791,-5.683116,2.821572,0.506807,NA,NA,NA,NA,NA,NA,NA,NA,NA,NA,NA,-8.77186,6.54567,-1.72051,50,5.17189,-0.14967,-112.063,1.0255,-10.78808,26.44626,-24.12382,202_RBI1,202_RBI4,USABBCary1,USA Baseball,USA,20250727-USABBCary1-3,9d714710-6b14-11f0-8846-3f6e6eb56ce0,74.37243,NA,NA,8.83624,NA,NA,NA,NA,NA,NA,ff73c667-d689-4199-a12b-e162e8200460,2025-07-27,18:07:52,2025-07-27T18:07:52Z,2025-07-27T18:07:52Z,NA,v3,NA,NA,NA,"Hagan, Michael",10955475,Right,202_RBI4,7c9864e9-9580-4ffe-97e0-841a901d9311,55.4694,-113.3464,13.22313,5.09371,2.19619,-12.06191,-1.72594,0.37386,-5.39404,NA,NA,NA,NA,NA,NA,NA,NA,NA,NA,NA,NA,NA,NA,NA,NA,NA,NA,NA,NA,NA,NA,NA,NA,NA,NA,NA,NA,NA,NA,NA,NA,NA,NA,NA,NA,NA,NA,NA,NA,NA,NA,NA,NA,NA,NA,NA,NA,NA,NA,High,High,High,NA,NA,NA,NA,NA,NA,NA,NA,NA,NA,NA,NA,NA,NA,NA,NA,NA,NA,NA,NA,NA,NA,NA,NA,NA,NA,NA,NA,NA,NA,NA,NA,NA,NA,NA,NA,NA,NA,NA,NA,NA,NA,NA,NA,NA,NA,NA,NA,NA,NA,NA,NA,NA,NA,NA,NA,NA,NA
NA,NA,NA,NA,NA,NA,NA,NA,NA,NA,NA,NA,NA,NA,NA,NA,56,2025-07-27,14:08:08,7,2,"Pineda, Teddy",10955479,Right,202_RBI4,"Blount, Riley",1000350461,Left,202_RBI1,Undefined,1,Bottom,2,1,0,Undefined,Changeup,BallCalled,Undefined,Undefined,Undefined,0,0,NA,77.04116,0.899175,-1.051487,1973.75986,231.564834,01:45:00,5.07833,1.77823,4.89709,-35.98191,14.433,15.56272,2.93052,2.08048,68.35953,-5.784791,1.690412,0.511035,NA,NA,NA,NA,NA,NA,NA,NA,NA,NA,NA,-7.95044,7.36689,-1.68882,50,5.13755,1.372,-111.27824,0.56458,-9.66346,25.66795,-23.21986,202_RBI1,202_RBI4,USABBCary1,USA Baseball,USA,20250727-USABBCary1-3,a6992e20-6b14-11f0-8846-3f6e6eb56ce0,73.757,NA,NA,8.68162,NA,NA,NA,NA,NA,NA,ff73c667-d689-4199-a12b-e162e8200460,2025-07-27,18:08:08,2025-07-27T18:08:08Z,2025-07-27T18:08:08Z,NA,v3,NA,NA,NA,"Hagan, Michael",10955475,Right,202_RBI4,93087e91-8307-4277-9155-2ba7d6d28d51,55.59295,-112.56095,12.83397,5.08034,1.72495,-11.60993,-1.76945,1.85491,-4.83173,NA,NA,NA,NA,NA,NA,NA,NA,NA,NA,NA,NA,NA,NA,NA,NA,NA,NA,NA,NA,NA,NA,NA,NA,NA,NA,NA,NA,NA,NA,NA,NA,NA,NA,NA,NA,NA,NA,NA,NA,NA,NA,NA,NA,NA,NA,NA,NA,NA,NA,High,High,High,NA,NA,NA,NA,NA,NA,NA,NA,NA,NA,NA,NA,NA,NA,NA,NA,NA,NA,NA,NA,NA,NA,NA,NA,NA,NA,NA,NA,NA,NA,NA,NA,NA,NA,NA,NA,NA,NA,NA,NA,NA,NA,NA,NA,NA,NA,NA,NA,NA,NA,NA,NA,NA,NA,NA,NA,NA,NA
NA,NA,NA,NA,NA,NA,NA,NA,NA,NA,NA,NA,NA,NA,NA,NA,57,2025-07-27,14:08:27,7,3,"Pineda, Teddy",10955479,Right,202_RBI4,"Blount, Riley",1000350461,Left,202_RBI1,Undefined,1,Bottom,2,2,0,Undefined,Changeup,StrikeCalled,Undefined,Undefined,Undefined,0,0,NA,76.40998,1.303677,-1.629403,1917.924384,237.561747,02:00:00,5.02686,1.75711,5.01823,-37.78534,12.95426,17.23324,3.1091,1.65509,68.16701,-5.70038,1.412433,0.512678,NA,NA,NA,NA,NA,NA,NA,NA,NA,NA,NA,-8.9843,6.53579,-1.61526,50,5.1225,2.41592,-110.44345,1.28372,-10.82249,24.20379,-24.30103,202_RBI1,202_RBI4,USABBCary1,USA Baseball,USA,20250727-USABBCary1-3,b1e18430-6b14-11f0-8846-3f6e6eb56ce0,73.52066,NA,NA,8.24297,NA,NA,NA,NA,NA,NA,ff73c667-d689-4199-a12b-e162e8200460,2025-07-27,18:08:27,2025-07-27T18:08:27Z,2025-07-27T18:08:27Z,NA,v3,NA,NA,NA,"Hagan, Michael",10955475,Right,202_RBI4,f03aeac2-d5d9-4dba-87a8-d4aa9e21bbb6,55.47338,-111.6365,12.10189,5.0297,2.48157,-12.15052,-1.74749,2.94938,-5.41125,NA,NA,NA,NA,NA,NA,NA,NA,NA,NA,NA,NA,NA,NA,NA,NA,NA,NA,NA,NA,NA,NA,NA,NA,NA,NA,NA,NA,NA,NA,NA,NA,NA,NA,NA,NA,NA,NA,NA,NA,NA,NA,NA,NA,NA,NA,NA,NA,NA,NA,High,High,High,NA,NA,NA,NA,NA,NA,NA,NA,NA,NA,NA,NA,NA,NA,NA,NA,NA,NA,NA,NA,NA,NA,NA,NA,NA,NA,NA,NA,NA,NA,NA,NA,NA,NA,NA,NA,NA,NA,NA,NA,NA,NA,NA,NA,NA,NA,NA,NA,NA,NA,NA,NA,NA,NA,NA,NA,NA,NA
NA,NA,NA,NA,NA,NA,NA,NA,NA,NA,NA,NA,NA,NA,NA,NA,58,2025-07-27,14:08:44,7,4,"Pineda, Teddy",10955479,Right,202_RBI4,"Blount, Riley",1000350461,Left,202_RBI1,Undefined,1,Bottom,2,2,1,Undefined,Changeup,BallCalled,Undefined,Undefined,Undefined,0,0,NA,76.34999,0.805614,-0.892547,1978.426939,236.474697,02:00:00,4.76516,1.95743,5.01442,-38.90912,11.22103,14.25993,2.28321,2.30331,69.10471,-6.346164,1.625969,0.50959,NA,NA,NA,NA,NA,NA,NA,NA,NA,NA,NA,-7.3002,5.83217,-1.88385,50,4.81172,1.13826,-110.59151,0.26589,-8.93218,21.93895,-25.03807,202_RBI1,202_RBI4,USABBCary1,USA Baseball,USA,20250727-USABBCary1-3,bc4dab10-6b14-11f0-8846-3f6e6eb56ce0,73.96621,NA,NA,7.24527,NA,NA,NA,NA,NA,NA,ff73c667-d689-4199-a12b-e162e8200460,2025-07-27,18:08:44,2025-07-27T18:08:44Z,2025-07-27T18:08:44Z,NA,v3,NA,NA,NA,"Hagan, Michael",10955475,Right,202_RBI4,c97e13f1-68ab-4b86-8628-bbf58b5a8d70,55.48052,-111.67343,10.96947,4.76816,1.50065,-12.51904,-1.95084,1.57876,-4.46609,NA,NA,NA,NA,NA,NA,NA,NA,NA,NA,NA,NA,NA,NA,NA,NA,NA,NA,NA,NA,NA,NA,NA,NA,NA,NA,NA,NA,NA,NA,NA,NA,NA,NA,NA,NA,NA,NA,NA,NA,NA,NA,NA,NA,NA,NA,NA,NA,NA,NA,High,High,High,NA,NA,NA,NA,NA,NA,NA,NA,NA,NA,NA,NA,NA,NA,NA,NA,NA,NA,NA,NA,NA,NA,NA,NA,NA,NA,NA,NA,NA,NA,NA,NA,NA,NA,NA,NA,NA,NA,NA,NA,NA,NA,NA,NA,NA,NA,NA,NA,NA,NA,NA,NA,NA,NA,NA,NA,NA,NA
NA,NA,NA,NA,NA,NA,NA,NA,NA,NA,NA,NA,NA,NA,NA,NA,59,2025-07-27,14:09:06,7,5,"Pineda, Teddy",10955479,Right,202_RBI4,"Blount, Riley",1000350461,Left,202_RBI1,Undefined,1,Bottom,2,3,1,Undefined,Changeup,BallCalled,Walk,Undefined,Undefined,0,1,NA,77.86507,0.913005,-1.637918,1956.665369,239.475385,02:00:00,4.75274,1.82208,5.06786,-36.86557,12.27776,17.33017,2.54186,1.72152,68.96586,-5.943704,1.42461,0.504549,NA,NA,NA,NA,NA,NA,NA,NA,NA,NA,NA,-9.09178,6.33351,-1.68068,50,4.81147,2.47351,-112.46952,0.58106,-11.26272,26.6399,-24.32821,202_RBI1,202_RBI4,USABBCary1,USA Baseball,USA,20250727-USABBCary1-3,c971c600-6b14-11f0-8846-3f6e6eb56ce0,74.70515,NA,NA,8.89921,NA,NA,NA,NA,NA,NA,ff73c667-d689-4199-a12b-e162e8200460,2025-07-27,18:09:06,2025-07-27T18:09:06Z,2025-07-27T18:09:06Z,NA,v3,NA,NA,NA,"Hagan, Michael",10955475,Right,202_RBI4,8ae4344b-4cbc-4688-bc0c-71f171f224d8,55.42272,-113.74671,13.31995,4.75566,1.74742,-12.1641,-1.81221,3.01348,-5.63136,NA,NA,NA,NA,NA,NA,NA,NA,NA,NA,NA,NA,NA,NA,NA,NA,NA,NA,NA,NA,NA,NA,NA,NA,NA,NA,NA,NA,NA,NA,NA,NA,NA,NA,NA,NA,NA,NA,NA,NA,NA,NA,NA,NA,NA,NA,NA,NA,NA,NA,High,High,High,NA,NA,NA,NA,NA,NA,NA,NA,NA,NA,NA,NA,NA,NA,NA,NA,NA,NA,NA,NA,NA,NA,NA,NA,NA,NA,NA,NA,NA,NA,NA,NA,NA,NA,NA,NA,NA,NA,NA,NA,NA,NA,NA,NA,NA,NA,NA,NA,NA,NA,NA,NA,NA,NA,NA,NA,NA,NA
NA,NA,NA,NA,NA,NA,NA,NA,NA,NA,NA,NA,NA,NA,NA,NA,60,2025-07-27,14:09:43,8,1,"Pineda, Teddy",10955479,Right,202_RBI4,"Barber, Makhai",10928300,Right,202_RBI1,Undefined,1,Bottom,2,0,0,Undefined,Changeup,InPlay,Undefined,GroundBall,Out,1,0,NA,76.2325,0.351554,-3.712632,1881.075612,234.346961,01:45:00,4.9378,1.63391,5.13834,-37.32927,13.4189,15.92658,2.15876,-0.53969,68.21074,-6.566173,-0.900759,0.512722,61.16784,-71.814872,-52.242089,NA,NA,NA,NA,1.8932,1.8932,-0.691342,0.025277,-9.19209,7.10508,-1.29857,50,4.94284,6.50402,-110.11622,-0.50933,-11.02781,23.73003,-23.65,202_RBI1,202_RBI4,USABBCary1,USA Baseball,USA,20250727-USABBCary1-3,df5b0e90-6b14-11f0-8846-3f6e6eb56ce0,73.51441,2.1635,NA,8.02175,NA,NA,NA,1.45788,2.1635,0.53904,ff73c667-d689-4199-a12b-e162e8200460,2025-07-27,18:09:43,2025-07-27T18:09:43Z,2025-07-27T18:09:43Z,GroundBall,v3,NA,NA,NA,"Hagan, Michael",10955475,Right,202_RBI4,425b377a-42c7-4028-9039-87c6a75a3764,55.35612,-111.26448,11.86502,4.9398,0.63506,-11.825,-1.62619,7.03763,-5.51391,NA,1.45759,17.21635,NA,NA,NA,NA,NA,NA,NA,2.16496,-85.59106,NA,NA,NA,NA,NA,NA,NA,0.53942,-22.22888,NA,NA,NA,NA,NA,NA,NA,NA,NA,NA,NA,NA,NA,NA,NA,NA,NA,NA,NA,NA,NA,NA,NA,NA,NA,NA,NA,NA,NA,High,High,High,Estimated,Estimated,NA,NA,NA,NA,NA,NA,NA,NA,NA,NA,NA,NA,NA,NA,NA,NA,NA,NA,NA,NA,NA,NA,NA,NA,NA,NA,NA,NA,NA,NA,NA,NA,NA,NA,NA,NA,NA,NA,NA,NA,NA,NA,NA,NA,NA,NA,NA,NA,NA,NA,NA,NA,NA,NA,NA,NA
NA,NA,NA,NA,NA,NA,NA,NA,NA,NA,NA,NA,NA,NA,NA,NA,61,2025-07-27,14:12:56,1,1,"Bell, TayShaun",1000350469,Right,202_RBI1,"Nottingham, Joe",10123642,Right,202_RBI4,Undefined,2,Top,0,0,0,Undefined,Curveball,StrikeSwinging,Undefined,Undefined,Undefined,0,0,NA,70.34602,1.868627,-0.924413,1968.60105,95.772708,09:15:00,5.6039,1.59017,5.21199,-55.62042,2.85303,-8.6102,2.72687,0.00332,64.14156,-8.279961,-2.45068,0.550365,NA,NA,NA,NA,NA,NA,NA,NA,NA,NA,NA,3.99587,1.46917,-1.49805,50,5.73521,1.96126,-101.94511,1.60284,4.16567,18.22975,-30.64244,202_RBI1,202_RBI4,USABBCary1,USA Baseball,USA,20250727-USABBCary1-3,529cd320-6b15-11f0-8846-3f6e6eb56ce0,68.48626,NA,NA,6.20447,NA,NA,NA,NA,NA,NA,ff73c667-d689-4199-a12b-e162e8200460,2025-07-27,18:12:56,2025-07-27T18:12:56Z,2025-07-27T18:12:56Z,NA,v3,NA,NA,NA,"Sherrard, Evan",10955458,Right,202_RBI1,f37e178a-9128-49f0-8fec-993c3e394ee8,55.28478,-102.88579,9.11487,5.6117,3.18404,-15.32122,-1.59371,1.74631,2.08283,NA,NA,NA,NA,NA,NA,NA,NA,NA,NA,NA,NA,NA,NA,NA,NA,NA,NA,NA,NA,NA,NA,NA,NA,NA,NA,NA,NA,NA,NA,NA,NA,NA,NA,NA,NA,NA,NA,NA,NA,NA,NA,NA,NA,NA,NA,NA,NA,NA,NA,High,High,High,NA,NA,NA,NA,NA,NA,NA,NA,NA,NA,NA,NA,NA,NA,NA,NA,NA,NA,NA,NA,NA,NA,NA,NA,NA,NA,NA,NA,NA,NA,NA,NA,NA,NA,NA,NA,NA,NA,NA,NA,NA,NA,NA,NA,NA,NA,NA,NA,NA,NA,NA,NA,NA,NA,NA,NA,NA,NA
NA,NA,NA,NA,NA,NA,NA,NA,NA,NA,NA,NA,NA,NA,NA,NA,62,2025-07-27,14:13:08,1,2,"Bell, TayShaun",1000350469,Right,202_RBI1,"Nottingham, Joe",10123642,Right,202_RBI4,Undefined,2,Top,0,0,1,Undefined,Curveball,InPlay,Undefined,GroundBall,Error,0,0,NA,71.31179,2.643277,-0.68111,1878.260779,90.638509,09:00:00,5.48847,1.52895,5.30881,-55.02755,2.23071,-12.31792,3.3859,-0.1369,64.30751,-7.456058,-2.867087,0.544616,62.32723,-60.02833,-52.403301,NA,NA,NA,NA,4.63675,4.39096,-22.018635,0.046379,5.98807,0.74717,-1.45762,50,5.68858,1.67158,-103.23942,3.08336,6.3342,20.37533,-31.38369,202_RBI1,202_RBI4,USABBCary1,USA Baseball,USA,20250727-USABBCary1-3,59ab7720-6b15-11f0-8846-3f6e6eb56ce0,69.20919,3.69803,NA,7.00428,NA,NA,NA,2.99744,3.69803,-0.04863,ff73c667-d689-4199-a12b-e162e8200460,2025-07-27,18:13:08,2025-07-27T18:13:08Z,2025-07-27T18:13:08Z,GroundBall,v3,NA,NA,NA,"Sherrard, Evan",10955458,Right,202_RBI1,a96f506d-8655-48a4-91ba-1ba905edd351,55.18914,-104.25852,10.18767,5.49511,4.65305,-15.69184,-1.5333,1.35477,3.1671,180,2.99601,28.05398,NA,NA,NA,NA,NA,NA,NA,3.7021,-79.73528,NA,NA,NA,NA,NA,NA,NA,-0.04676,-36.43318,NA,NA,NA,NA,NA,NA,NA,NA,NA,NA,NA,NA,NA,NA,NA,NA,NA,NA,NA,NA,NA,NA,NA,NA,NA,NA,NA,NA,NA,High,High,High,High,High,NA,NA,NA,NA,NA,NA,NA,NA,NA,NA,NA,NA,NA,NA,NA,NA,NA,NA,NA,NA,NA,NA,NA,NA,NA,NA,NA,NA,NA,NA,NA,NA,NA,NA,NA,NA,NA,NA,NA,NA,NA,NA,NA,NA,NA,NA,NA,NA,NA,NA,NA,NA,NA,NA,NA,NA
NA,NA,NA,NA,NA,NA,NA,NA,NA,NA,NA,NA,NA,NA,NA,NA,63,2025-07-27,14:13:58,2,1,"Bell, TayShaun",1000350469,Right,202_RBI1,"Willis, Curtis",1000350345,Right,202_RBI4,Undefined,2,Top,0,0,0,Undefined,Changeup,BallCalled,Undefined,Undefined,Undefined,0,0,NA,77.42951,-0.608166,-2.238199,1830.919014,260.155987,02:45:00,5.13148,2.08106,5.77858,-43.06904,4.78713,16.98402,0.97607,1.4128,69.72093,-8.5856,0.80775,0.497898,NA,NA,NA,NA,NA,NA,NA,NA,NA,NA,NA,-9.4756,3.14788,-1.90683,50,5.05553,3.74991,-112.17903,-2.51575,-11.78253,24.86622,-28.25977,202_RBI1,202_RBI4,USABBCary1,USA Baseball,USA,20250727-USABBCary1-3,7783b190-6b15-11f0-8846-3f6e6eb56ce0,75.70315,NA,NA,7.70858,NA,NA,NA,NA,NA,NA,ff73c667-d689-4199-a12b-e162e8200460,2025-07-27,18:13:58,2025-07-27T18:13:58Z,2025-07-27T18:13:58Z,NA,v3,NA,NA,NA,"Sherrard, Evan",10955458,Right,202_RBI1,0d85bb73-4c14-4f1f-9bb9-44ec62f986b6,54.7186,-113.22015,12.43311,5.13609,-1.33255,-14.12989,-2.07417,4.24323,-5.89127,NA,NA,NA,NA,NA,NA,NA,NA,NA,NA,NA,NA,NA,NA,NA,NA,NA,NA,NA,NA,NA,NA,NA,NA,NA,NA,NA,NA,NA,NA,NA,NA,NA,NA,NA,NA,NA,NA,NA,NA,NA,NA,NA,NA,NA,NA,NA,NA,NA,NA,High,High,High,NA,NA,NA,NA,NA,NA,NA,NA,NA,NA,NA,NA,NA,NA,NA,NA,NA,NA,NA,NA,NA,NA,NA,NA,NA,NA,NA,NA,NA,NA,NA,NA,NA,NA,NA,NA,NA,NA,NA,NA,NA,NA,NA,NA,NA,NA,NA,NA,NA,NA,NA,NA,NA,NA,NA,NA,NA,NA
NA,NA,NA,NA,NA,NA,NA,NA,NA,NA,NA,NA,NA,NA,NA,NA,64,2025-07-27,14:14:10,2,2,"Bell, TayShaun",1000350469,Right,202_RBI1,"Willis, Curtis",1000350345,Right,202_RBI4,Undefined,2,Top,0,1,0,Undefined,Curveball,InPlay,Undefined,FlyBall,Out,1,0,NA,70.16881,1.997162,-1.242122,1786.862751,111.299393,09:45:00,5.56428,1.57102,5.47519,-53.62605,5.09185,-7.55142,2.96548,-0.22076,63.39027,-7.88185,-2.586422,0.551514,87.39807,28.318671,-8.292894,3062.122873,109.45437,51.46693,-10.93772,322.30838,318.12153,-1.918189,4.362814,3.4178,2.44748,-1.45649,50,5.7034,2.4664,-101.62986,1.98171,3.50502,19.67923,-29.66411,202_RBI1,202_RBI4,USABBCary1,USA Baseball,USA,20250727-USABBCary1-3,7e7f42c0-6b15-11f0-8846-3f6e6eb56ce0,68.34354,64.0574,NA,6.77855,NA,NA,NA,3.23846,3.26948,0.14241,ff73c667-d689-4199-a12b-e162e8200460,2025-07-27,18:14:10,2025-07-27T18:14:10Z,2025-07-27T18:14:10Z,LineDrive,v3,NA,NA,NA,"Sherrard, Evan",10955458,Right,202_RBI1,a58b0e80-0137-4a19-8933-cfd73140a67e,55.022,-102.59769,9.83962,5.57006,3.4406,-14.83206,-1.57355,2.29403,1.75251,206.552459,3.23818,111.67264,-18.4493,4.33933,-1.01432,0.25667,-0.05731,0.00807,-4.8e-4,3.27094,60.7665,-16.23377,0.23446,0.43994,-0.26681,0.07864,-0.01144,6.5e-4,0.14248,-16.27873,7.52449,-2.13587,0.55311,-0.13511,0.02676,-0.00339,1.9e-4,NA,NA,NA,NA,NA,NA,NA,NA,NA,NA,NA,NA,NA,NA,NA,NA,NA,NA,NA,NA,NA,NA,High,High,High,High,Medium,NA,NA,NA,NA,NA,NA,NA,NA,NA,NA,NA,NA,NA,NA,NA,NA,NA,NA,NA,NA,NA,NA,NA,NA,NA,NA,NA,NA,NA,NA,NA,NA,NA,NA,NA,NA,NA,NA,NA,NA,NA,NA,NA,NA,NA,NA,NA,NA,NA,NA,NA,NA,NA,NA,NA,NA
NA,NA,NA,NA,NA,NA,NA,NA,NA,NA,NA,NA,NA,NA,NA,NA,65,2025-07-27,14:14:53,3,1,"Bell, TayShaun",1000350469,Right,202_RBI1,"Hagan, Michael",10955475,Right,202_RBI4,Undefined,2,Top,1,0,0,Undefined,Curveball,BallCalled,Undefined,Undefined,Undefined,0,0,NA,69.85997,2.479548,-3.068267,1717.473723,100.220568,09:15:00,5.48815,1.32893,5.55406,-55.44393,3.36855,-7.58241,3.18941,-2.17257,63.55878,-7.701484,-4.415937,0.551958,NA,NA,NA,NA,NA,NA,NA,NA,NA,NA,NA,2.84988,1.58102,-1.05847,50,5.66684,5.68764,-101.09853,2.76146,2.91712,18.17433,-30.55573,202_RBI1,202_RBI4,USABBCary1,USA Baseball,USA,20250727-USABBCary1-3,981a6fc0-6b15-11f0-8846-3f6e6eb56ce0,68.28858,NA,NA,6.3012,NA,NA,NA,NA,NA,NA,ff73c667-d689-4199-a12b-e162e8200460,2025-07-27,18:14:53,2025-07-27T18:14:53Z,2025-07-27T18:14:53Z,NA,v3,NA,NA,NA,"Sherrard, Evan",10955458,Right,202_RBI1,90947988-1946-4681-9db4-11b50699bef6,54.94188,-101.98305,9.08717,5.49626,4.24857,-15.27786,-1.33183,5.54567,1.45856,NA,NA,NA,NA,NA,NA,NA,NA,NA,NA,NA,NA,NA,NA,NA,NA,NA,NA,NA,NA,NA,NA,NA,NA,NA,NA,NA,NA,NA,NA,NA,NA,NA,NA,NA,NA,NA,NA,NA,NA,NA,NA,NA,NA,NA,NA,NA,NA,NA,NA,High,High,High,NA,NA,NA,NA,NA,NA,NA,NA,NA,NA,NA,NA,NA,NA,NA,NA,NA,NA,NA,NA,NA,NA,NA,NA,NA,NA,NA,NA,NA,NA,NA,NA,NA,NA,NA,NA,NA,NA,NA,NA,NA,NA,NA,NA,NA,NA,NA,NA,NA,NA,NA,NA,NA,NA,NA,NA,NA,NA
NA,NA,NA,NA,NA,NA,NA,NA,NA,NA,NA,NA,NA,NA,NA,NA,66,2025-07-27,14:15:09,3,2,"Bell, TayShaun",1000350469,Right,202_RBI1,"Hagan, Michael",10955475,Right,202_RBI4,Undefined,2,Top,1,1,0,Undefined,Changeup,BallCalled,Undefined,Undefined,Undefined,0,0,NA,77.43686,0.299912,-1.805765,1821.777175,218.315646,01:15:00,6.05596,0.96109,5.66641,-31.86718,15.85666,11.15071,3.68014,0.20604,69.7866,-5.68049,0.186322,0.497209,NA,NA,NA,NA,NA,NA,NA,NA,NA,NA,NA,-6.1928,8.44953,-0.81547,50,6.06164,3.10184,-112.19694,-0.34087,-7.77046,23.26001,-21.57195,202_RBI1,202_RBI4,USABBCary1,USA Baseball,USA,20250727-USABBCary1-3,a191fd70-6b15-11f0-8846-3f6e6eb56ce0,75.80802,NA,NA,7.65027,NA,NA,NA,NA,NA,NA,ff73c667-d689-4199-a12b-e162e8200460,2025-07-27,18:15:09,2025-07-27T18:15:09Z,2025-07-27T18:15:09Z,NA,v3,NA,NA,NA,"Sherrard, Evan",10955458,Right,202_RBI1,cc82d395-db17-4e1d-bcba-35ae63f963be,54.82714,-113.19325,11.63001,6.05645,0.58314,-10.78597,-0.95547,3.43468,-3.88523,NA,NA,NA,NA,NA,NA,NA,NA,NA,NA,NA,NA,NA,NA,NA,NA,NA,NA,NA,NA,NA,NA,NA,NA,NA,NA,NA,NA,NA,NA,NA,NA,NA,NA,NA,NA,NA,NA,NA,NA,NA,NA,NA,NA,NA,NA,NA,NA,NA,NA,High,High,High,NA,NA,NA,NA,NA,NA,NA,NA,NA,NA,NA,NA,NA,NA,NA,NA,NA,NA,NA,NA,NA,NA,NA,NA,NA,NA,NA,NA,NA,NA,NA,NA,NA,NA,NA,NA,NA,NA,NA,NA,NA,NA,NA,NA,NA,NA,NA,NA,NA,NA,NA,NA,NA,NA,NA,NA,NA,NA
NA,NA,NA,NA,NA,NA,NA,NA,NA,NA,NA,NA,NA,NA,NA,NA,67,2025-07-27,14:15:24,3,3,"Bell, TayShaun",1000350469,Right,202_RBI1,"Hagan, Michael",10955475,Right,202_RBI4,Undefined,2,Top,1,2,0,Undefined,Changeup,BallCalled,Undefined,Undefined,Undefined,0,0,NA,78.62808,0.043621,-3.58085,1738.341228,224.660129,01:30:00,6.1099,0.92429,6.00434,-30.51836,15.22139,13.39851,3.6072,-1.28119,70.91584,-5.712884,-1.176923,0.486764,NA,NA,NA,NA,NA,NA,NA,NA,NA,NA,NA,-7.97587,8.28607,-0.6496,50,6.09684,6.61709,-113.86112,-0.76425,-10.32034,23.70405,-21.45231,202_RBI1,202_RBI4,USABBCary1,USA Baseball,USA,20250727-USABBCary1-3,aa6d7230-6b15-11f0-8846-3f6e6eb56ce0,77.43474,NA,NA,7.71224,NA,NA,NA,NA,NA,NA,ff73c667-d689-4199-a12b-e162e8200460,2025-07-27,18:15:24,2025-07-27T18:15:24Z,2025-07-27T18:15:24Z,NA,v3,NA,NA,NA,"Sherrard, Evan",10955458,Right,202_RBI1,f38fe3bb-8c08-46de-82f8-fd494c37d850,54.49027,-114.79212,11.85203,6.11031,0.07831,-10.72616,-0.91745,7.02243,-5.16017,NA,NA,NA,NA,NA,NA,NA,NA,NA,NA,NA,NA,NA,NA,NA,NA,NA,NA,NA,NA,NA,NA,NA,NA,NA,NA,NA,NA,NA,NA,NA,NA,NA,NA,NA,NA,NA,NA,NA,NA,NA,NA,NA,NA,NA,NA,NA,NA,NA,NA,High,High,High,NA,NA,NA,NA,NA,NA,NA,NA,NA,NA,NA,NA,NA,NA,NA,NA,NA,NA,NA,NA,NA,NA,NA,NA,NA,NA,NA,NA,NA,NA,NA,NA,NA,NA,NA,NA,NA,NA,NA,NA,NA,NA,NA,NA,NA,NA,NA,NA,NA,NA,NA,NA,NA,NA,NA,NA,NA,NA
NA,NA,NA,NA,NA,NA,NA,NA,NA,NA,NA,NA,NA,NA,NA,NA,68,2025-07-27,14:15:41,3,4,"Bell, TayShaun",1000350469,Right,202_RBI1,"Hagan, Michael",10955475,Right,202_RBI4,Undefined,2,Top,1,3,0,Undefined,Changeup,BallCalled,Walk,Undefined,Undefined,0,0,NA,74.91998,-1.949239,-2.817579,1727.778061,217.46126,01:15:00,6.01536,1.03839,5.80785,-34.32155,16.70962,11.29694,1.33966,-0.64249,67.58641,-8.371568,-0.79373,0.514149,NA,NA,NA,NA,NA,NA,NA,NA,NA,NA,NA,-6.65886,9.7491,-0.81371,50,5.8353,4.91519,-108.39258,-4.64258,-7.76644,22.41731,-20.8034,202_RBI1,202_RBI4,USABBCary1,USA Baseball,USA,20250727-USABBCary1-3,b4e1fd80-6b15-11f0-8846-3f6e6eb56ce0,73.31032,NA,NA,7.33358,NA,NA,NA,NA,NA,NA,ff73c667-d689-4199-a12b-e162e8200460,2025-07-27,18:15:41,2025-07-27T18:15:41Z,2025-07-27T18:15:41Z,NA,v3,NA,NA,NA,"Sherrard, Evan",10955458,Right,202_RBI1,da741b0d-b4ca-4319-a0aa-b83f8956de70,54.68508,-109.35724,11.20866,6.01582,-3.74737,-10.4017,-1.03241,5.2494,-3.88322,NA,NA,NA,NA,NA,NA,NA,NA,NA,NA,NA,NA,NA,NA,NA,NA,NA,NA,NA,NA,NA,NA,NA,NA,NA,NA,NA,NA,NA,NA,NA,NA,NA,NA,NA,NA,NA,NA,NA,NA,NA,NA,NA,NA,NA,NA,NA,NA,NA,NA,High,High,High,NA,NA,NA,NA,NA,NA,NA,NA,NA,NA,NA,NA,NA,NA,NA,NA,NA,NA,NA,NA,NA,NA,NA,NA,NA,NA,NA,NA,NA,NA,NA,NA,NA,NA,NA,NA,NA,NA,NA,NA,NA,NA,NA,NA,NA,NA,NA,NA,NA,NA,NA,NA,NA,NA,NA,NA,NA,NA
NA,NA,NA,NA,NA,NA,NA,NA,NA,NA,NA,NA,NA,NA,NA,NA,69,2025-07-27,14:16:52,4,1,"Bell, TayShaun",1000350469,Right,202_RBI1,"Harris, Marquise",1000350344,Right,202_RBI4,Undefined,2,Top,1,0,0,Undefined,Curveball,BallCalled,Undefined,Undefined,Undefined,0,0,NA,71.87312,2.177547,-2.520534,1687.96137,217.505602,01:15:00,5.96323,1.22158,5.57699,-37.74258,18.59229,12.55123,4.85473,-0.08811,63.93873,-4.937908,-0.285723,0.540207,NA,NA,NA,NA,NA,NA,NA,NA,NA,NA,NA,-7.18898,9.23221,-1.01288,50,6.12699,4.1086,-103.8582,2.93143,-7.64273,21.71615,-22.35911,202_RBI1,202_RBI4,USABBCary1,USA Baseball,USA,20250727-USABBCary1-3,df3541a0-6b15-11f0-8846-3f6e6eb56ce0,69.7741,NA,NA,7.93439,NA,NA,NA,NA,NA,NA,ff73c667-d689-4199-a12b-e162e8200460,2025-07-27,18:16:52,2025-07-27T18:16:52Z,2025-07-27T18:16:52Z,NA,v3,NA,NA,NA,"Sherrard, Evan",10955458,Right,202_RBI1,fc0df892-7bcf-47c4-a1ca-5d085d971d81,54.91452,-104.88076,10.85807,5.96417,3.98427,-11.17956,-1.21482,4.46847,-3.82136,NA,NA,NA,NA,NA,NA,NA,NA,NA,NA,NA,NA,NA,NA,NA,NA,NA,NA,NA,NA,NA,NA,NA,NA,NA,NA,NA,NA,NA,NA,NA,NA,NA,NA,NA,NA,NA,NA,NA,NA,NA,NA,NA,NA,NA,NA,NA,NA,NA,NA,High,High,High,NA,NA,NA,NA,NA,NA,NA,NA,NA,NA,NA,NA,NA,NA,NA,NA,NA,NA,NA,NA,NA,NA,NA,NA,NA,NA,NA,NA,NA,NA,NA,NA,NA,NA,NA,NA,NA,NA,NA,NA,NA,NA,NA,NA,NA,NA,NA,NA,NA,NA,NA,NA,NA,NA,NA,NA,NA,NA
NA,NA,NA,NA,NA,NA,NA,NA,NA,NA,NA,NA,NA,NA,NA,NA,70,2025-07-27,14:17:10,4,2,"Bell, TayShaun",1000350469,Right,202_RBI1,"Harris, Marquise",1000350344,Right,202_RBI4,Undefined,2,Top,1,1,0,Undefined,Curveball,HitByPitch,Undefined,Undefined,Undefined,0,0,NA,71.66195,1.549651,1.080368,1594.699604,220.830931,01:15:00,5.96681,1.27203,5.46944,-40.97561,15.26812,11.42449,4.00303,3.23525,64.61129,-6.078577,3.112425,0.53977,NA,NA,NA,NA,NA,NA,NA,NA,NA,NA,NA,-5.39559,7.76351,-1.37509,50,6.07576,-2.3711,-103.78376,1.64316,-5.78087,20.2333,-23.85617,202_RBI1,202_RBI4,USABBCary1,USA Baseball,USA,20250727-USABBCary1-3,e9fde060-6b15-11f0-8846-3f6e6eb56ce0,69.83061,NA,NA,7.05066,NA,NA,NA,NA,NA,NA,ff73c667-d689-4199-a12b-e162e8200460,2025-07-27,18:17:10,2025-07-27T18:17:10Z,2025-07-27T18:17:10Z,NA,v3,NA,NA,NA,"Sherrard, Evan",10955458,Right,202_RBI1,12df90ef-226f-46e5-a6e3-4744222a9860,55.02509,-104.75885,10.11665,5.96887,2.79285,-11.92808,-1.26753,-2.0925,-2.89044,NA,NA,NA,NA,NA,NA,NA,NA,NA,NA,NA,NA,NA,NA,NA,NA,NA,NA,NA,NA,NA,NA,NA,NA,NA,NA,NA,NA,NA,NA,NA,NA,NA,NA,NA,NA,NA,NA,NA,NA,NA,NA,NA,NA,NA,NA,NA,NA,NA,NA,High,High,High,NA,NA,NA,NA,NA,NA,NA,NA,NA,NA,NA,NA,NA,NA,NA,NA,NA,NA,NA,NA,NA,NA,NA,NA,NA,NA,NA,NA,NA,NA,NA,NA,NA,NA,NA,NA,NA,NA,NA,NA,NA,NA,NA,NA,NA,NA,NA,NA,NA,NA,NA,NA,NA,NA,NA,NA,NA,NA
NA,NA,NA,NA,NA,NA,NA,NA,NA,NA,NA,NA,NA,NA,NA,NA,71,2025-07-27,14:17:51,5,1,"Bell, TayShaun",1000350469,Right,202_RBI1,"Sosa, Andy",10955480,Right,202_RBI4,Undefined,2,Top,1,0,0,Undefined,Changeup,InPlay,Undefined,FlyBall,Sacrifice,1,1,NA,77.17715,-0.402512,-2.16606,1731.687406,212.642251,01:00:00,5.93652,1.13305,5.75833,-29.7236,17.96316,10.42406,3.08462,-0.01542,69.89066,-5.991709,-0.300913,0.497016,83.56588,30.364806,-5.239669,3245.506499,109.81773,56.20888,-6.32237,310.46156,304.85196,-0.682665,4.580889,-6.03146,9.77119,-0.9601,50,5.88539,3.84946,-111.90471,-1.62228,-7.5535,22.52729,-19.9371,202_RBI1,202_RBI4,USABBCary1,USA Baseball,USA,20250727-USABBCary1-3,025b5d40-6b16-11f0-8846-3f6e6eb56ce0,75.83751,68.70479,NA,7.28649,NA,NA,NA,2.73703,3.32027,0.03637,ff73c667-d689-4199-a12b-e162e8200460,2025-07-27,18:17:51,2025-07-27T18:17:51Z,2025-07-27T18:17:51Z,FlyBall,v3,NA,NA,NA,"Sherrard, Evan",10955458,Right,202_RBI1,6e297292-de2e-42ef-8ddc-7e75a5260c98,54.73879,-112.85464,11.26365,5.93607,-0.78158,-9.96855,-1.12913,4.16798,-3.77675,196.96683,2.73862,105.273,-17.81134,3.83677,-0.61219,0.06867,-0.00797,0.00133,-1.1e-4,3.31983,61.96375,-15.77562,0.53587,0.08183,-0.09871,0.03724,-0.0062,3.8e-4,0.03579,-9.6424,4.90086,-1.29974,0.23313,-0.02365,4.7e-4,9e-5,-0,NA,NA,NA,NA,NA,NA,NA,NA,NA,NA,NA,NA,NA,NA,NA,NA,NA,NA,NA,NA,NA,NA,High,High,High,High,Medium,NA,NA,NA,NA,NA,NA,NA,NA,NA,NA,NA,NA,NA,NA,NA,NA,NA,NA,NA,NA,NA,NA,NA,NA,NA,NA,NA,NA,NA,NA,NA,NA,NA,NA,NA,NA,NA,NA,NA,NA,NA,NA,NA,NA,NA,NA,NA,NA,NA,NA,NA,NA,NA,NA,NA,NA
NA,NA,NA,NA,NA,NA,NA,NA,NA,NA,NA,NA,NA,NA,NA,NA,72,2025-07-27,14:18:56,6,1,"Bell, TayShaun",1000350469,Right,202_RBI1,"Oliver, Antuan",10955478,Right,202_RBI4,Undefined,2,Top,2,0,0,Undefined,Curveball,StrikeCalled,Undefined,Undefined,Undefined,0,0,NA,71.22413,0.734307,-1.4647,1768.426514,140.927024,10:45:00,5.54596,1.56207,5.52227,-51.31211,5.57091,-2.81311,1.95674,-0.04204,64.43873,-8.714721,-1.966496,0.542829,NA,NA,NA,NA,NA,NA,NA,NA,NA,NA,NA,0.92276,3.21142,-1.43273,50,5.57617,2.73984,-103.16936,-0.20059,0.97549,20.23123,-28.77909,202_RBI1,202_RBI4,USABBCary1,USA Baseball,USA,20250727-USABBCary1-3,29620e70-6b16-11f0-8846-3f6e6eb56ce0,69.4371,NA,NA,6.7854,NA,NA,NA,NA,NA,NA,ff73c667-d689-4199-a12b-e162e8200460,2025-07-27,18:18:56,2025-07-27T18:18:56Z,2025-07-27T18:18:56Z,NA,v3,NA,NA,NA,"Sherrard, Evan",10955458,Right,202_RBI1,e142ff3f-8390-4f2c-8a5e-bf93867edfc7,54.97222,-104.13983,10.11562,5.55269,1.17991,-14.38955,-1.56303,2.69305,0.48774,NA,NA,NA,NA,NA,NA,NA,NA,NA,NA,NA,NA,NA,NA,NA,NA,NA,NA,NA,NA,NA,NA,NA,NA,NA,NA,NA,NA,NA,NA,NA,NA,NA,NA,NA,NA,NA,NA,NA,NA,NA,NA,NA,NA,NA,NA,NA,NA,NA,NA,High,High,High,NA,NA,NA,NA,NA,NA,NA,NA,NA,NA,NA,NA,NA,NA,NA,NA,NA,NA,NA,NA,NA,NA,NA,NA,NA,NA,NA,NA,NA,NA,NA,NA,NA,NA,NA,NA,NA,NA,NA,NA,NA,NA,NA,NA,NA,NA,NA,NA,NA,NA,NA,NA,NA,NA,NA,NA,NA,NA
NA,NA,NA,NA,NA,NA,NA,NA,NA,NA,NA,NA,NA,NA,NA,NA,73,2025-07-27,14:19:09,6,2,"Bell, TayShaun",1000350469,Right,202_RBI1,"Oliver, Antuan",10955478,Right,202_RBI4,Undefined,2,Top,2,0,1,Undefined,Curveball,BallCalled,Undefined,Undefined,Undefined,0,0,NA,66.87731,1.279416,-0.838817,1635.758495,117.48114700000001,10:00:00,5.17956,1.73788,5.45439,-59.3031,5.17784,-5.48453,1.43564,0.49556,60.82795,-9.59756,-1.816263,0.577946,NA,NA,NA,NA,NA,NA,NA,NA,NA,NA,NA,2.4911,2.85126,-1.66001,50,5.25204,1.60356,-96.9169,0.49663,2.33022,17.48164,-29.50693,202_RBI1,202_RBI4,USABBCary1,USA Baseball,USA,20250727-USABBCary1-3,30acaa00-6b16-11f0-8846-3f6e6eb56ce0,65.21795,NA,NA,6.04936,NA,NA,NA,NA,NA,NA,ff73c667-d689-4199-a12b-e162e8200460,2025-07-27,18:19:09,2025-07-27T18:19:09Z,2025-07-27T18:19:09Z,NA,v3,NA,NA,NA,"Sherrard, Evan",10955458,Right,202_RBI1,d85b8c5b-9632-4bd7-9901-76aa8daee778,55.04194,-97.82213,8.74082,5.18677,2.02455,-14.75347,-1.73992,1.4829,1.16511,NA,NA,NA,NA,NA,NA,NA,NA,NA,NA,NA,NA,NA,NA,NA,NA,NA,NA,NA,NA,NA,NA,NA,NA,NA,NA,NA,NA,NA,NA,NA,NA,NA,NA,NA,NA,NA,NA,NA,NA,NA,NA,NA,NA,NA,NA,NA,NA,NA,NA,High,High,High,NA,NA,NA,NA,NA,NA,NA,NA,NA,NA,NA,NA,NA,NA,NA,NA,NA,NA,NA,NA,NA,NA,NA,NA,NA,NA,NA,NA,NA,NA,NA,NA,NA,NA,NA,NA,NA,NA,NA,NA,NA,NA,NA,NA,NA,NA,NA,NA,NA,NA,NA,NA,NA,NA,NA,NA,NA,NA
NA,NA,NA,NA,NA,NA,NA,NA,NA,NA,NA,NA,NA,NA,NA,NA,74,2025-07-27,14:19:21,6,3,"Bell, TayShaun",1000350469,Right,202_RBI1,"Oliver, Antuan",10955478,Right,202_RBI4,Undefined,2,Top,2,1,1,Undefined,Curveball,BallCalled,Undefined,Undefined,Undefined,0,0,NA,68.11296,4.569356,0.731763,1746.680393,145.330798,10:45:00,5.22364,1.69232,5.45046,-55.36054,6.47918,-3.09414,4.89743,2.11957,61.87015,-5.615991,0.18221300000000001,0.565985,NA,NA,NA,NA,NA,NA,NA,NA,NA,NA,NA,1.75197,2.58244,-1.75475,50,5.59012,-1.14931,-98.50693,6.28541,1.71492,16.20423,-29.64624,202_RBI1,202_RBI4,USABBCary1,USA Baseball,USA,20250727-USABBCary1-3,38397eb0-6b16-11f0-8846-3f6e6eb56ce0,66.59615,NA,NA,6.24282,NA,NA,NA,NA,NA,NA,ff73c667-d689-4199-a12b-e162e8200460,2025-07-27,18:19:21,2025-07-27T18:19:21Z,2025-07-27T18:19:21Z,NA,v3,NA,NA,NA,"Sherrard, Evan",10955458,Right,202_RBI1,615391ad-5089-4204-888a-92d4e786f5ff,55.04488,-99.33334,8.10211,5.23102,7.79735,-14.82312,-1.6939,-1.23677,0.85746,NA,NA,NA,NA,NA,NA,NA,NA,NA,NA,NA,NA,NA,NA,NA,NA,NA,NA,NA,NA,NA,NA,NA,NA,NA,NA,NA,NA,NA,NA,NA,NA,NA,NA,NA,NA,NA,NA,NA,NA,NA,NA,NA,NA,NA,NA,NA,NA,NA,NA,High,High,High,NA,NA,NA,NA,NA,NA,NA,NA,NA,NA,NA,NA,NA,NA,NA,NA,NA,NA,NA,NA,NA,NA,NA,NA,NA,NA,NA,NA,NA,NA,NA,NA,NA,NA,NA,NA,NA,NA,NA,NA,NA,NA,NA,NA,NA,NA,NA,NA,NA,NA,NA,NA,NA,NA,NA,NA,NA,NA
NA,NA,NA,NA,NA,NA,NA,NA,NA,NA,NA,NA,NA,NA,NA,NA,75,2025-07-27,14:19:37,6,4,"Bell, TayShaun",1000350469,Right,202_RBI1,"Oliver, Antuan",10955478,Right,202_RBI4,Undefined,2,Top,2,2,1,Undefined,Changeup,StrikeCalled,Undefined,Undefined,Undefined,0,0,NA,79.50112,-0.496382,-2.58713,1545.021013,229.550731,01:45:00,6.01087,1.00346,5.63936,-32.03722,13.10331,13.50178,2.87756,-0.28651,72.0577,-6.465975,-0.17662,0.483565,NA,NA,NA,NA,NA,NA,NA,NA,NA,NA,NA,-7.61831,7.26489,-0.79226,50,5.94855,4.67152,-115.21087,-1.98453,-10.12839,23.57583,-22.51552,202_RBI1,202_RBI4,USABBCary1,USA Baseball,USA,20250727-USABBCary1-3,41bca520-6b16-11f0-8846-3f6e6eb56ce0,77.947,NA,NA,7.44342,NA,NA,NA,NA,NA,NA,ff73c667-d689-4199-a12b-e162e8200460,2025-07-27,18:19:37,2025-07-27T18:19:37Z,2025-07-27T18:19:37Z,NA,v3,NA,NA,NA,"Sherrard, Evan",10955458,Right,202_RBI1,3befc246-62b1-44be-8fc0-9ce09507b38e,54.85642,-116.20039,11.78791,6.01201,-1.0395,-11.25776,-0.99725,5.09663,-5.0642,NA,NA,NA,NA,NA,NA,NA,NA,NA,NA,NA,NA,NA,NA,NA,NA,NA,NA,NA,NA,NA,NA,NA,NA,NA,NA,NA,NA,NA,NA,NA,NA,NA,NA,NA,NA,NA,NA,NA,NA,NA,NA,NA,NA,NA,NA,NA,NA,NA,NA,High,High,High,NA,NA,NA,NA,NA,NA,NA,NA,NA,NA,NA,NA,NA,NA,NA,NA,NA,NA,NA,NA,NA,NA,NA,NA,NA,NA,NA,NA,NA,NA,NA,NA,NA,NA,NA,NA,NA,NA,NA,NA,NA,NA,NA,NA,NA,NA,NA,NA,NA,NA,NA,NA,NA,NA,NA,NA,NA,NA
NA,NA,NA,NA,NA,NA,NA,NA,NA,NA,NA,NA,NA,NA,NA,NA,76,2025-07-27,14:20:28,6,5,"Bell, TayShaun",1000350469,Right,202_RBI1,"Oliver, Antuan",10955478,Right,202_RBI4,Undefined,2,Top,2,2,2,Undefined,Changeup,BallCalled,Undefined,Undefined,Undefined,0,0,NA,80.87938,-2.490483,-2.995541,1841.377451,236.136512,01:45:00,5.96813,0.87313,5.79994,-32.16297,11.30422,14.53253,0.96691,-0.70446,73.52842,-8.458575,-0.391351,0.474517,NA,NA,NA,NA,NA,NA,NA,NA,NA,NA,NA,-8.32489,7.00788,-0.63551,50,5.74419,5.55756,-117.10316,-6.09393,-11.42662,24.49391,-22.55512,202_RBI1,202_RBI4,USABBCary1,USA Baseball,USA,20250727-USABBCary1-3,5fcb58e0-6b16-11f0-8846-3f6e6eb56ce0,79.4332,NA,NA,7.35096,NA,NA,NA,NA,NA,NA,ff73c667-d689-4199-a12b-e162e8200460,2025-07-27,18:20:28,2025-07-27T18:20:28Z,2025-07-27T18:20:28Z,NA,v3,NA,NA,NA,"Sherrard, Evan",10955458,Right,202_RBI1,9bf60c24-485e-4fcc-a13d-9df0006b8205,54.69645,-118.0814,12.24696,5.96958,-5.19311,-11.27756,-0.86658,6.01392,-5.71331,NA,NA,NA,NA,NA,NA,NA,NA,NA,NA,NA,NA,NA,NA,NA,NA,NA,NA,NA,NA,NA,NA,NA,NA,NA,NA,NA,NA,NA,NA,NA,NA,NA,NA,NA,NA,NA,NA,NA,NA,NA,NA,NA,NA,NA,NA,NA,NA,NA,NA,High,High,High,NA,NA,NA,NA,NA,NA,NA,NA,NA,NA,NA,NA,NA,NA,NA,NA,NA,NA,NA,NA,NA,NA,NA,NA,NA,NA,NA,NA,NA,NA,NA,NA,NA,NA,NA,NA,NA,NA,NA,NA,NA,NA,NA,NA,NA,NA,NA,NA,NA,NA,NA,NA,NA,NA,NA,NA,NA,NA
NA,NA,NA,NA,NA,NA,NA,NA,NA,NA,NA,NA,NA,NA,NA,NA,77,2025-07-27,14:20:42,6,6,"Bell, TayShaun",1000350469,Right,202_RBI1,"Oliver, Antuan",10955478,Right,202_RBI4,Undefined,2,Top,2,3,2,Undefined,Changeup,BallCalled,Walk,Undefined,Undefined,0,0,NA,77.45706,-3.598496,-1.803903,1793.13729,216.645333,01:15:00,5.9923,0.88182,6.02942,-31.33954,15.77816,10.44847,0.04216,0.08142,70.44638,-9.444444,0.078851,0.494042,NA,NA,NA,NA,NA,NA,NA,NA,NA,NA,NA,-5.95855,9.78599,-0.74642,50,5.69384,3.15395,-112.13327,-7.91897,-7.47687,23.01566,-19.89448,202_RBI1,202_RBI4,USABBCary1,USA Baseball,USA,20250727-USABBCary1-3,68359540-6b16-11f0-8846-3f6e6eb56ce0,76.29407,NA,NA,7.01068,NA,NA,NA,NA,NA,NA,ff73c667-d689-4199-a12b-e162e8200460,2025-07-27,18:20:42,2025-07-27T18:20:42Z,2025-07-27T18:20:42Z,NA,v3,NA,NA,NA,"Sherrard, Evan",10955458,Right,202_RBI1,793821a2-1921-42a3-a5b6-3003aad0b3a5,54.46647,-113.04631,11.50783,5.99233,-7.12975,-9.94724,-0.87742,3.45056,-3.73844,NA,NA,NA,NA,NA,NA,NA,NA,NA,NA,NA,NA,NA,NA,NA,NA,NA,NA,NA,NA,NA,NA,NA,NA,NA,NA,NA,NA,NA,NA,NA,NA,NA,NA,NA,NA,NA,NA,NA,NA,NA,NA,NA,NA,NA,NA,NA,NA,NA,NA,High,High,High,NA,NA,NA,NA,NA,NA,NA,NA,NA,NA,NA,NA,NA,NA,NA,NA,NA,NA,NA,NA,NA,NA,NA,NA,NA,NA,NA,NA,NA,NA,NA,NA,NA,NA,NA,NA,NA,NA,NA,NA,NA,NA,NA,NA,NA,NA,NA,NA,NA,NA,NA,NA,NA,NA,NA,NA,NA,NA
NA,NA,NA,NA,NA,NA,NA,NA,NA,NA,NA,NA,NA,NA,NA,NA,78,2025-07-27,14:21:18,7,1,"Bell, TayShaun",1000350469,Right,202_RBI1,"Johnson Jr, Randy",10318691,Right,202_RBI4,Undefined,2,Top,2,0,0,Undefined,Changeup,BallCalled,Undefined,Undefined,Undefined,0,0,NA,78.47218,-2.7701,-3.380038,1598.749389,226.396936,01:30:00,5.96418,0.95264,5.97962,-32.32065,13.6319,12.56662,0.69659,-1.13688,71.3358,-8.793792,-1.122218,0.487895,NA,NA,NA,NA,NA,NA,NA,NA,NA,NA,NA,-7.47638,8.37056,-0.692,50,5.72713,6.23525,-113.55591,-6.43095,-9.64324,23.16096,-21.37752,202_RBI1,202_RBI4,USABBCary1,USA Baseball,USA,20250727-USABBCary1-3,7dbb6110-6b16-11f0-8846-3f6e6eb56ce0,77.25525,NA,NA,7.13638,NA,NA,NA,NA,NA,NA,ff73c667-d689-4199-a12b-e162e8200460,2025-07-27,18:21:18,2025-07-27T18:21:18Z,2025-07-27T18:21:18Z,NA,v3,NA,NA,NA,"Sherrard, Evan",10955458,Right,202_RBI1,cbed5514-5c9f-4242-803f-7a42ddc5ae84,54.51569,-114.47323,11.58048,5.96507,-5.58426,-10.68876,-0.94652,6.61718,-4.82162,NA,NA,NA,NA,NA,NA,NA,NA,NA,NA,NA,NA,NA,NA,NA,NA,NA,NA,NA,NA,NA,NA,NA,NA,NA,NA,NA,NA,NA,NA,NA,NA,NA,NA,NA,NA,NA,NA,NA,NA,NA,NA,NA,NA,NA,NA,NA,NA,NA,NA,High,High,High,NA,NA,NA,NA,NA,NA,NA,NA,NA,NA,NA,NA,NA,NA,NA,NA,NA,NA,NA,NA,NA,NA,NA,NA,NA,NA,NA,NA,NA,NA,NA,NA,NA,NA,NA,NA,NA,NA,NA,NA,NA,NA,NA,NA,NA,NA,NA,NA,NA,NA,NA,NA,NA,NA,NA,NA,NA,NA
NA,NA,NA,NA,NA,NA,NA,NA,NA,NA,NA,NA,NA,NA,NA,NA,79,2025-07-27,14:21:55,7,2,"Bell, TayShaun",1000350469,Right,202_RBI1,"Johnson Jr, Randy",10318691,Right,202_RBI4,Undefined,2,Top,2,1,0,Undefined,Changeup,StrikeSwinging,Undefined,Undefined,Undefined,0,0,NA,77.4505,-1.63213,-3.885257,1634.390019,229.314133,01:45:00,5.85784,1.16936,5.9926,-33.38057,13.92961,14.14867,1.55971,-1.25764,70.00154,-7.884999,-1.345908,0.49505,NA,NA,NA,NA,NA,NA,NA,NA,NA,NA,NA,-8.49225,8.20504,-0.87036,50,5.71085,7.08499,-112.06067,-4.13901,-10.62292,23.32438,-21.91039,202_RBI1,202_RBI4,USABBCary1,USA Baseball,USA,20250727-USABBCary1-3,939a4960-6b16-11f0-8846-3f6e6eb56ce0,76.13872,NA,NA,7.44896,NA,NA,NA,NA,NA,NA,ff73c667-d689-4199-a12b-e162e8200460,2025-07-27,18:21:55,2025-07-27T18:21:55Z,2025-07-27T18:21:55Z,NA,v3,NA,NA,NA,"Sherrard, Evan",10955458,Right,202_RBI1,60f9fee7-fe44-4c3f-a4f3-6ae0b1532586,54.50237,-112.99391,11.66219,5.85892,-3.26235,-10.95519,-1.16235,7.51003,-5.31146,NA,NA,NA,NA,NA,NA,NA,NA,NA,NA,NA,NA,NA,NA,NA,NA,NA,NA,NA,NA,NA,NA,NA,NA,NA,NA,NA,NA,NA,NA,NA,NA,NA,NA,NA,NA,NA,NA,NA,NA,NA,NA,NA,NA,NA,NA,NA,NA,NA,NA,High,High,High,NA,NA,NA,NA,NA,NA,NA,NA,NA,NA,NA,NA,NA,NA,NA,NA,NA,NA,NA,NA,NA,NA,NA,NA,NA,NA,NA,NA,NA,NA,NA,NA,NA,NA,NA,NA,NA,NA,NA,NA,NA,NA,NA,NA,NA,NA,NA,NA,NA,NA,NA,NA,NA,NA,NA,NA,NA,NA
NA,NA,NA,NA,NA,NA,NA,NA,NA,NA,NA,NA,NA,NA,NA,NA,80,2025-07-27,14:22:22,7,3,"Bell, TayShaun",1000350469,Right,202_RBI1,"Johnson Jr, Randy",10318691,Right,202_RBI4,Undefined,2,Top,2,1,1,Undefined,Curveball,BallCalled,Undefined,Undefined,Undefined,0,0,NA,67.72033,4.193044,-0.131329,1703.057562,81.86758,08:45:00,5.6,1.14755,5.51976,-63.31271,-0.12598,-17.0219,4.25134,-0.39373,60.96712,-7.46041,-3.160471,0.572116,NA,NA,NA,NA,NA,NA,NA,NA,NA,NA,NA,8.44315,-0.71177,-1.12469,50,5.92401,0.82182,-97.91528,5.35116,8.03657,18.27907,-32.85154,202_RBI1,202_RBI4,USABBCary1,USA Baseball,USA,20250727-USABBCary1-3,a40a8210-6b16-11f0-8846-3f6e6eb56ce0,65.88248,NA,NA,6.75321,NA,NA,NA,NA,NA,NA,ff73c667-d689-4199-a12b-e162e8200460,2025-07-27,18:22:22,2025-07-27T18:22:22Z,2025-07-27T18:22:22Z,NA,v3,NA,NA,NA,"Sherrard, Evan",10955458,Right,202_RBI1,9f99d4b1-4534-4ee2-8ac9-dd53cdf8827d,54.97671,-98.83998,9.13954,5.61127,7.01304,-16.42577,-1.15598,0.41527,4.01828,NA,NA,NA,NA,NA,NA,NA,NA,NA,NA,NA,NA,NA,NA,NA,NA,NA,NA,NA,NA,NA,NA,NA,NA,NA,NA,NA,NA,NA,NA,NA,NA,NA,NA,NA,NA,NA,NA,NA,NA,NA,NA,NA,NA,NA,NA,NA,NA,NA,NA,High,High,High,NA,NA,NA,NA,NA,NA,NA,NA,NA,NA,NA,NA,NA,NA,NA,NA,NA,NA,NA,NA,NA,NA,NA,NA,NA,NA,NA,NA,NA,NA,NA,NA,NA,NA,NA,NA,NA,NA,NA,NA,NA,NA,NA,NA,NA,NA,NA,NA,NA,NA,NA,NA,NA,NA,NA,NA,NA,NA
NA,NA,NA,NA,NA,NA,NA,NA,NA,NA,NA,NA,NA,NA,NA,NA,81,2025-07-27,14:22:34,7,4,"Bell, TayShaun",1000350469,Right,202_RBI1,"Johnson Jr, Randy",10318691,Right,202_RBI4,Undefined,2,Top,2,2,1,Undefined,Changeup,BallCalled,Undefined,Undefined,Undefined,0,0,NA,76.18425,0.645607,-3.144971,1698.276849,213.294004,01:00:00,5.92702,0.93014,5.95589,-30.20931,18.82985,11.14882,4.00922,-1.06023,68.3191,-5.0911670000000004,-1.146276,0.504014,NA,NA,NA,NA,NA,NA,NA,NA,NA,NA,NA,-6.70343,9.94957,-0.68603,50,5.96177,5.64047,-110.26674,0.4514,-8.09391,23.13697,-20.16062,202_RBI1,202_RBI4,USABBCary1,USA Baseball,USA,20250727-USABBCary1-3,aafdfcf0-6b16-11f0-8846-3f6e6eb56ce0,74.78444,NA,NA,7.86515,NA,NA,NA,NA,NA,NA,ff73c667-d689-4199-a12b-e162e8200460,2025-07-27,18:22:34,2025-07-27T18:22:34Z,2025-07-27T18:22:34Z,NA,v3,NA,NA,NA,"Sherrard, Evan",10955458,Right,202_RBI1,f2f37894-ed55-4d58-ba1e-5fb09e478dde,54.53648,-111.21454,11.56848,5.92636,1.27728,-10.08031,-0.92388,5.97204,-4.04696,NA,NA,NA,NA,NA,NA,NA,NA,NA,NA,NA,NA,NA,NA,NA,NA,NA,NA,NA,NA,NA,NA,NA,NA,NA,NA,NA,NA,NA,NA,NA,NA,NA,NA,NA,NA,NA,NA,NA,NA,NA,NA,NA,NA,NA,NA,NA,NA,NA,NA,High,High,High,NA,NA,NA,NA,NA,NA,NA,NA,NA,NA,NA,NA,NA,NA,NA,NA,NA,NA,NA,NA,NA,NA,NA,NA,NA,NA,NA,NA,NA,NA,NA,NA,NA,NA,NA,NA,NA,NA,NA,NA,NA,NA,NA,NA,NA,NA,NA,NA,NA,NA,NA,NA,NA,NA,NA,NA,NA,NA
NA,NA,NA,NA,NA,NA,NA,NA,NA,NA,NA,NA,NA,NA,NA,NA,82,2025-07-27,14:22:58,7,5,"Bell, TayShaun",1000350469,Right,202_RBI1,"Johnson Jr, Randy",10318691,Right,202_RBI4,Undefined,2,Top,2,3,1,Undefined,Changeup,BallCalled,Walk,Undefined,Undefined,0,1,NA,74.55655,0.313314,-0.798647,1566.730017,236.043712,01:45:00,5.85543,1.10645,5.82183,-39.76329,11.79603,14.54465,2.83314,1.57596,66.88574,-7.129134,1.810056,0.516803,NA,NA,NA,NA,NA,NA,NA,NA,NA,NA,NA,-7.62237,6.50752,-1.04946,50,5.85817,0.96333,-108.01152,-0.54311,-8.78421,23.10695,-24.67464,202_RBI1,202_RBI4,USABBCary1,USA Baseball,USA,20250727-USABBCary1-3,b9754bd0-6b16-11f0-8846-3f6e6eb56ce0,72.93387,NA,NA,7.67082,NA,NA,NA,NA,NA,NA,ff73c667-d689-4199-a12b-e162e8200460,2025-07-27,18:22:58,2025-07-27T18:22:58Z,2025-07-27T18:22:58Z,NA,v3,NA,NA,NA,"Sherrard, Evan",10955458,Right,202_RBI1,c424c021-6bbd-4f7c-a2ae-bb0bd5a72a40,54.67094,-109.00619,11.55347,5.85869,0.51905,-12.33732,-1.09907,1.34146,-4.3921,NA,NA,NA,NA,NA,NA,NA,NA,NA,NA,NA,NA,NA,NA,NA,NA,NA,NA,NA,NA,NA,NA,NA,NA,NA,NA,NA,NA,NA,NA,NA,NA,NA,NA,NA,NA,NA,NA,NA,NA,NA,NA,NA,NA,NA,NA,NA,NA,NA,NA,High,High,High,NA,NA,NA,NA,NA,NA,NA,NA,NA,NA,NA,NA,NA,NA,NA,NA,NA,NA,NA,NA,NA,NA,NA,NA,NA,NA,NA,NA,NA,NA,NA,NA,NA,NA,NA,NA,NA,NA,NA,NA,NA,NA,NA,NA,NA,NA,NA,NA,NA,NA,NA,NA,NA,NA,NA,NA,NA,NA
NA,NA,NA,NA,NA,NA,NA,NA,NA,NA,NA,NA,NA,NA,NA,NA,83,2025-07-27,14:24:54,8,1,"Bell, TayShaun",1000350469,Right,202_RBI1,"Antonio, Kingston",10955473,Right,202_RBI4,Undefined,2,Top,2,0,0,Undefined,Changeup,StrikeCalled,Undefined,Undefined,Undefined,0,0,NA,79.28154,-1.330224,-2.863844,1751.50054,208.492139,01:00:00,6.11101,0.99563,5.54658,-28.3645,17.2384,8.47528,2.50243,-0.97659,71.87174,-6.631729,-1.354381,0.486035,NA,NA,NA,NA,NA,NA,NA,NA,NA,NA,NA,-5.14158,9.58938,-0.75319,50,5.97734,5.40361,-114.79649,-3.51832,-6.78922,23.3294,-19.51172,202_RBI1,202_RBI4,USABBCary1,USA Baseball,USA,20250727-USABBCary1-3,fe6d3db0-6b16-11f0-8846-3f6e6eb56ce0,77.55086,NA,NA,7.40979,NA,NA,NA,NA,NA,NA,ff73c667-d689-4199-a12b-e162e8200460,2025-07-27,18:24:54,2025-07-27T18:24:54Z,2025-07-27T18:24:54Z,NA,v3,NA,NA,NA,"Sherrard, Evan",10955458,Right,202_RBI1,d2a0ba27-37f7-4c6c-8f2e-0e50c1e865f9,54.94799,-115.79767,11.6647,6.11036,-2.68097,-9.75586,-0.99134,5.69497,-3.39461,NA,NA,NA,NA,NA,NA,NA,NA,NA,NA,NA,NA,NA,NA,NA,NA,NA,NA,NA,NA,NA,NA,NA,NA,NA,NA,NA,NA,NA,NA,NA,NA,NA,NA,NA,NA,NA,NA,NA,NA,NA,NA,NA,NA,NA,NA,NA,NA,NA,NA,High,High,High,NA,NA,NA,NA,NA,NA,NA,NA,NA,NA,NA,NA,NA,NA,NA,NA,NA,NA,NA,NA,NA,NA,NA,NA,NA,NA,NA,NA,NA,NA,NA,NA,NA,NA,NA,NA,NA,NA,NA,NA,NA,NA,NA,NA,NA,NA,NA,NA,NA,NA,NA,NA,NA,NA,NA,NA,NA,NA
NA,NA,NA,NA,NA,NA,NA,NA,NA,NA,NA,NA,NA,NA,NA,NA,84,2025-07-27,14:25:06,8,2,"Bell, TayShaun",1000350469,Right,202_RBI1,"Antonio, Kingston",10955473,Right,202_RBI4,Undefined,2,Top,2,0,1,Undefined,Changeup,BallCalled,Undefined,Undefined,Undefined,0,0,NA,78.8424,-2.176193,-4.13795,1713.01675,220.933801,01:15:00,5.99484,1.43061,5.95014,-29.03257,16.17548,12.71064,1.55089,-1.35463,72.08649,-7.600454,-1.860496,0.483926,NA,NA,NA,NA,NA,NA,NA,NA,NA,NA,NA,-7.70926,9.38154,-1.10811,50,5.80503,7.78775,-114.15222,-5.17046,-10.14058,21.62585,-19.8338,202_RBI1,202_RBI4,USABBCary1,USA Baseball,USA,20250727-USABBCary1-3,05b47de0-6b17-11f0-8846-3f6e6eb56ce0,77.88879,NA,NA,6.75591,NA,NA,NA,NA,NA,NA,ff73c667-d689-4199-a12b-e162e8200460,2025-07-27,18:25:06,2025-07-27T18:25:06Z,2025-07-27T18:25:06Z,NA,v3,NA,NA,NA,"Sherrard, Evan",10955458,Right,202_RBI1,e4eaa1c9-c234-42e2-a22a-bfc351abef28,54.54714,-115.01044,10.81293,5.9946,-4.38335,-9.9169,-1.42515,8.19018,-5.07029,NA,NA,NA,NA,NA,NA,NA,NA,NA,NA,NA,NA,NA,NA,NA,NA,NA,NA,NA,NA,NA,NA,NA,NA,NA,NA,NA,NA,NA,NA,NA,NA,NA,NA,NA,NA,NA,NA,NA,NA,NA,NA,NA,NA,NA,NA,NA,NA,NA,NA,High,High,High,NA,NA,NA,NA,NA,NA,NA,NA,NA,NA,NA,NA,NA,NA,NA,NA,NA,NA,NA,NA,NA,NA,NA,NA,NA,NA,NA,NA,NA,NA,NA,NA,NA,NA,NA,NA,NA,NA,NA,NA,NA,NA,NA,NA,NA,NA,NA,NA,NA,NA,NA,NA,NA,NA,NA,NA,NA,NA
NA,NA,NA,NA,NA,NA,NA,NA,NA,NA,NA,NA,NA,NA,NA,NA,85,2025-07-27,14:25:22,8,3,"Bell, TayShaun",1000350469,Right,202_RBI1,"Antonio, Kingston",10955473,Right,202_RBI4,Undefined,2,Top,2,1,1,Undefined,Changeup,FoulBallNotFieldable,Undefined,Undefined,Undefined,0,0,NA,77.15471,-0.693418,-1.51858,1729.179428,227.218458,01:30:00,6.0477,1.30057,5.67794,-33.62793,14.31824,13.60194,2.5987,1.0181,69.84751,-6.968127,0.914158,0.498366,NA,NA,NA,NA,NA,NA,NA,NA,NA,NA,NA,-7.43264,7.98752,-1.18146,50,5.96843,2.45727,-111.86997,-2.34477,-9.27939,22.97477,-22.2019,202_RBI1,202_RBI4,USABBCary1,USA Baseball,USA,20250727-USABBCary1-3,0f185c80-6b17-11f0-8846-3f6e6eb56ce0,75.63205,NA,NA,7.30721,NA,NA,NA,NA,NA,NA,ff73c667-d689-4199-a12b-e162e8200460,2025-07-27,18:25:22,2025-07-27T18:25:22Z,2025-07-27T18:25:22Z,NA,v3,NA,NA,NA,"Sherrard, Evan",10955458,Right,202_RBI1,ee9004ab-d3fd-417f-9c73-07d6aaeae956,54.81894,-112.8553,11.48739,6.04857,-1.39259,-11.10095,-1.29538,2.8552399999999998,-4.63969,NA,NA,NA,NA,NA,NA,NA,NA,NA,NA,NA,NA,NA,NA,NA,NA,NA,NA,NA,NA,NA,NA,NA,NA,NA,NA,NA,NA,NA,NA,NA,NA,NA,NA,NA,NA,NA,NA,NA,NA,NA,NA,NA,NA,NA,NA,NA,NA,NA,NA,High,High,High,NA,NA,NA,NA,NA,NA,NA,NA,NA,NA,NA,NA,NA,NA,NA,NA,NA,NA,NA,NA,NA,NA,NA,NA,NA,NA,NA,NA,NA,NA,NA,NA,NA,NA,NA,NA,NA,NA,NA,NA,NA,NA,NA,NA,NA,NA,NA,NA,NA,NA,NA,NA,NA,NA,NA,NA,NA,NA
NA,NA,NA,NA,NA,NA,NA,NA,NA,NA,NA,NA,NA,NA,NA,NA,86,2025-07-27,14:25:54,8,4,"Bell, TayShaun",1000350469,Right,202_RBI1,"Antonio, Kingston",10955473,Right,202_RBI4,Undefined,2,Top,2,1,2,Undefined,Curveball,BallCalled,Undefined,Undefined,Undefined,0,1,NA,64.75997,8.810917,3.090576,1399.581506,109.152567,09:45:00,5.84317,1.15638,5.45538,-64.79618,5.19579,-8.21788,8.76907,3.36743,57.89598,-3.057463,1.641017,0.602137,NA,NA,NA,NA,NA,NA,NA,NA,NA,NA,NA,4.90209,0.88209,-1.42383,50,6.58427,-4.71055,-92.65474,12.60011,4.23725,14.57801,-31.4116,202_RBI1,202_RBI4,USABBCary1,USA Baseball,USA,20250727-USABBCary1-3,229511e0-6b17-11f0-8846-3f6e6eb56ce0,62.59774,NA,NA,6.86399,NA,NA,NA,NA,NA,NA,ff73c667-d689-4199-a12b-e162e8200460,2025-07-27,18:25:54,2025-07-27T18:25:54Z,2025-07-27T18:25:54Z,NA,v3,NA,NA,NA,"Sherrard, Evan",10955458,Right,202_RBI1,6225162b-89d4-4614-8ddd-28844eb66529,55.0362,-93.44376,7.28901,5.8563,14.300230000000001,-15.7058,-1.16267,-4.93989,2.11863,NA,NA,NA,NA,NA,NA,NA,NA,NA,NA,NA,NA,NA,NA,NA,NA,NA,NA,NA,NA,NA,NA,NA,NA,NA,NA,NA,NA,NA,NA,NA,NA,NA,NA,NA,NA,NA,NA,NA,NA,NA,NA,NA,NA,NA,NA,NA,NA,NA,NA,High,High,High,NA,NA,NA,NA,NA,NA,NA,NA,NA,NA,NA,NA,NA,NA,NA,NA,NA,NA,NA,NA,NA,NA,NA,NA,NA,NA,NA,NA,NA,NA,NA,NA,NA,NA,NA,NA,NA,NA,NA,NA,NA,NA,NA,NA,NA,NA,NA,NA,NA,NA,NA,NA,NA,NA,NA,NA,NA,NA
NA,NA,NA,NA,NA,NA,NA,NA,NA,NA,NA,NA,NA,NA,NA,NA,87,2025-07-27,14:26:37,8,5,"Bell, TayShaun",1000350469,Right,202_RBI1,"Antonio, Kingston",10955473,Right,202_RBI4,Undefined,2,Top,2,2,2,Undefined,Changeup,BallCalled,Undefined,Undefined,Undefined,0,0,NA,71.20652,2.055501,-0.956284,1609.13622,205.348653,12:45:00,5.37148,1.66698,5.71918,-44.54924,10.68611,4.28177,3.57481,1.13295,65.5038,-6.177717,-0.190684,0.534909,NA,NA,NA,NA,NA,NA,NA,NA,NA,NA,NA,-2.42591,5.40485,-1.58975,50,5.51581,1.57785,-103.38431,2.45347,-2.63894,16.41304,-26.29453,202_RBI1,202_RBI4,USABBCary1,USA Baseball,USA,20250727-USABBCary1-3,3bddd920-6b17-11f0-8846-3f6e6eb56ce0,70.46514,NA,NA,5.70272,NA,NA,NA,NA,NA,NA,ff73c667-d689-4199-a12b-e162e8200460,2025-07-27,18:26:37,2025-07-27T18:26:37Z,2025-07-27T18:26:37Z,NA,v3,NA,NA,NA,"Sherrard, Evan",10955458,Right,202_RBI1,4d47cf63-65da-43e2-8f9c-9dd74fd75b6a,54.77806,-104.1401,8.20652,5.37495,3.66428,-13.14726,-1.66521,1.69937,-1.31947,NA,NA,NA,NA,NA,NA,NA,NA,NA,NA,NA,NA,NA,NA,NA,NA,NA,NA,NA,NA,NA,NA,NA,NA,NA,NA,NA,NA,NA,NA,NA,NA,NA,NA,NA,NA,NA,NA,NA,NA,NA,NA,NA,NA,NA,NA,NA,NA,NA,NA,High,High,High,NA,NA,NA,NA,NA,NA,NA,NA,NA,NA,NA,NA,NA,NA,NA,NA,NA,NA,NA,NA,NA,NA,NA,NA,NA,NA,NA,NA,NA,NA,NA,NA,NA,NA,NA,NA,NA,NA,NA,NA,NA,NA,NA,NA,NA,NA,NA,NA,NA,NA,NA,NA,NA,NA,NA,NA,NA,NA
NA,NA,NA,NA,NA,NA,NA,NA,NA,NA,NA,NA,NA,NA,NA,NA,88,2025-07-27,14:26:58,8,6,"Bell, TayShaun",1000350469,Right,202_RBI1,"Antonio, Kingston",10955473,Right,202_RBI4,Undefined,2,Top,2,3,2,Undefined,Changeup,InPlay,Undefined,GroundBall,Error,0,1,NA,75.36386,-1.262212,-2.873318,1516.522439,236.555192,02:00:00,5.95944,0.85169,5.96431,-36.90915,12.92887,16.8078,1.71168,-0.41406,68.29585,-8.1543310000000009,0.147611,0.508103,67.89503,-32.976759,-36.799155,NA,NA,NA,NA,4.8843,4.63067,-14.646899,0.033665,-9.60099,7.56394,-0.63327,50,5.83886,4.88914,-109.21431,-3.43609,-11.41183,22.08757,-23.18349,202_RBI1,202_RBI4,USABBCary1,USA Baseball,USA,20250727-USABBCary1-3,486fed40-6b17-11f0-8846-3f6e6eb56ce0,74.18267,1.82984,NA,7.06801,NA,NA,NA,2.46732,1.82984,0.45428,ff73c667-d689-4199-a12b-e162e8200460,2025-07-27,18:26:58,2025-07-27T18:26:58Z,2025-07-27T18:26:58Z,GroundBall,v3,NA,NA,NA,"Sherrard, Evan",10955458,Right,202_RBI1,3c277b36-1e75-439d-9ec4-20a2984b6bd9,54.53298,-110.12725,11.04379,5.96107,-2.47785,-11.59175,-0.8451,5.36082,-5.70592,180,2.46629,67.08062,NA,NA,NA,NA,NA,NA,NA,1.83067,-54.3547,NA,NA,NA,NA,NA,NA,NA,0.45506,-50.18118,NA,NA,NA,NA,NA,NA,NA,NA,NA,NA,NA,NA,NA,NA,NA,NA,NA,NA,NA,NA,NA,NA,NA,NA,NA,NA,NA,NA,NA,High,High,High,Low,Low,NA,NA,NA,NA,NA,NA,NA,NA,NA,NA,NA,NA,NA,NA,NA,NA,NA,NA,NA,NA,NA,NA,NA,NA,NA,NA,NA,NA,NA,NA,NA,NA,NA,NA,NA,NA,NA,NA,NA,NA,NA,NA,NA,NA,NA,NA,NA,NA,NA,NA,NA,NA,NA,NA,NA,NA
NA,NA,NA,NA,NA,NA,NA,NA,NA,NA,NA,NA,NA,NA,NA,NA,89,2025-07-27,14:27:48,9,1,"Bell, TayShaun",1000350469,Right,202_RBI1,"Smith, Rahniah",1000350342,Left,202_RBI4,Undefined,2,Top,2,0,0,Undefined,Curveball,StrikeSwinging,Undefined,Undefined,Undefined,0,0,NA,70.50487,-0.751121,-2.008192,1509.733186,218.609131,01:15:00,6.0642,0.92256,5.88203,-40.37203,16.05245,11.32426,2.00187,5.9e-4,64.66687,-8.251925,0.024781,0.540636,NA,NA,NA,NA,NA,NA,NA,NA,NA,NA,NA,-6.36835,9.00103,-0.76695,50,5.98037,3.20786,-102.3137,-2.4101,-6.72735,17.42036,-22.66562,202_RBI1,202_RBI4,USABBCary1,USA Baseball,USA,20250727-USABBCary1-3,6687efd0-6b17-11f0-8846-3f6e6eb56ce0,69.71868,NA,NA,5.838,NA,NA,NA,NA,NA,NA,ff73c667-d689-4199-a12b-e162e8200460,2025-07-27,18:27:48,2025-07-27T18:27:48Z,2025-07-27T18:27:48Z,NA,v3,NA,NA,NA,"Sherrard, Evan",10955458,Right,202_RBI1,5c802983-aaa8-4501-9879-421adbdeda57,54.61422,-103.09634,8.71018,6.06577,-1.3918,-11.33281,-0.91785,3.51011,-3.36367,NA,NA,NA,NA,NA,NA,NA,NA,NA,NA,NA,NA,NA,NA,NA,NA,NA,NA,NA,NA,NA,NA,NA,NA,NA,NA,NA,NA,NA,NA,NA,NA,NA,NA,NA,NA,NA,NA,NA,NA,NA,NA,NA,NA,NA,NA,NA,NA,NA,NA,High,High,High,NA,NA,NA,NA,NA,NA,NA,NA,NA,NA,NA,NA,NA,NA,NA,NA,NA,NA,NA,NA,NA,NA,NA,NA,NA,NA,NA,NA,NA,NA,NA,NA,NA,NA,NA,NA,NA,NA,NA,NA,NA,NA,NA,NA,NA,NA,NA,NA,NA,NA,NA,NA,NA,NA,NA,NA,NA,NA
NA,NA,NA,NA,NA,NA,NA,NA,NA,NA,NA,NA,NA,NA,NA,NA,90,2025-07-27,14:28:02,9,2,"Bell, TayShaun",1000350469,Right,202_RBI1,"Smith, Rahniah",1000350342,Left,202_RBI4,Undefined,2,Top,2,0,1,Undefined,Changeup,BallCalled,Undefined,Undefined,Undefined,0,0,NA,66.14489,2.881498,-1.157357,1284.905053,260.973165,02:45:00,4.92863,2.18347,5.38148,-61.41133,4.89481,15.61048,2.51492,2.39931,59.81795,-8.40391,1.617157,0.586068,NA,NA,NA,NA,NA,NA,NA,NA,NA,NA,NA,-8.17646,2.22996,-2.09131,50,5.14385,1.40024,-95.73181,3.08731,-7.45617,17.1706,-30.14054,202_RBI1,202_RBI4,USABBCary1,USA Baseball,USA,20250727-USABBCary1-3,6efa6990-6b17-11f0-8846-3f6e6eb56ce0,64.31407,NA,NA,6.32695,NA,NA,NA,NA,NA,NA,ff73c667-d689-4199-a12b-e162e8200460,2025-07-27,18:28:02,2025-07-27T18:28:02Z,2025-07-27T18:28:02Z,NA,v3,NA,NA,NA,"Sherrard, Evan",10955458,Right,202_RBI1,8970d662-3e7f-4cd2-be39-3d416e836800,55.11466,-96.64483,8.5853,4.93708,4.68998,-15.07027,-2.17631,1.79671,-3.72808,NA,NA,NA,NA,NA,NA,NA,NA,NA,NA,NA,NA,NA,NA,NA,NA,NA,NA,NA,NA,NA,NA,NA,NA,NA,NA,NA,NA,NA,NA,NA,NA,NA,NA,NA,NA,NA,NA,NA,NA,NA,NA,NA,NA,NA,NA,NA,NA,NA,NA,High,High,High,NA,NA,NA,NA,NA,NA,NA,NA,NA,NA,NA,NA,NA,NA,NA,NA,NA,NA,NA,NA,NA,NA,NA,NA,NA,NA,NA,NA,NA,NA,NA,NA,NA,NA,NA,NA,NA,NA,NA,NA,NA,NA,NA,NA,NA,NA,NA,NA,NA,NA,NA,NA,NA,NA,NA,NA,NA,NA
NA,NA,NA,NA,NA,NA,NA,NA,NA,NA,NA,NA,NA,NA,NA,NA,91,2025-07-27,14:28:14,9,3,"Bell, TayShaun",1000350469,Right,202_RBI1,"Smith, Rahniah",1000350342,Left,202_RBI4,Undefined,2,Top,2,1,1,Undefined,Curveball,StrikeCalled,Undefined,Undefined,Undefined,0,0,NA,71.34098,-0.669841,-1.104796,1564.539265,233.58898,01:45:00,5.93478,0.9852,5.74826,-43.80435,12.35749,13.90694,1.66066,1.11544,64.60625,-8.802419,1.388123,0.539377,NA,NA,NA,NA,NA,NA,NA,NA,NA,NA,NA,-7.42855,7.13201,-0.90197,50,5.8529,1.50664,-103.40271,-2.42473,-7.89045,20.28764,-24.59856,202_RBI1,202_RBI4,USABBCary1,USA Baseball,USA,20250727-USABBCary1-3,75fab5b0-6b17-11f0-8846-3f6e6eb56ce0,69.88148,NA,NA,6.73474,NA,NA,NA,NA,NA,NA,ff73c667-d689-4199-a12b-e162e8200460,2025-07-27,18:28:14,2025-07-27T18:28:14Z,2025-07-27T18:28:14Z,NA,v3,NA,NA,NA,"Sherrard, Evan",10955458,Right,202_RBI1,f472f5be-c9f8-4b3d-b9fd-4dfbd43fa843,54.74656,-104.32983,10.14382,5.93802,-1.3006,-12.29928,-0.97906,1.86722,-3.94523,NA,NA,NA,NA,NA,NA,NA,NA,NA,NA,NA,NA,NA,NA,NA,NA,NA,NA,NA,NA,NA,NA,NA,NA,NA,NA,NA,NA,NA,NA,NA,NA,NA,NA,NA,NA,NA,NA,NA,NA,NA,NA,NA,NA,NA,NA,NA,NA,NA,NA,High,High,High,NA,NA,NA,NA,NA,NA,NA,NA,NA,NA,NA,NA,NA,NA,NA,NA,NA,NA,NA,NA,NA,NA,NA,NA,NA,NA,NA,NA,NA,NA,NA,NA,NA,NA,NA,NA,NA,NA,NA,NA,NA,NA,NA,NA,NA,NA,NA,NA,NA,NA,NA,NA,NA,NA,NA,NA,NA,NA
NA,NA,NA,NA,NA,NA,NA,NA,NA,NA,NA,NA,NA,NA,NA,NA,92,2025-07-27,14:28:27,9,4,"Bell, TayShaun",1000350469,Right,202_RBI1,"Smith, Rahniah",1000350342,Left,202_RBI4,Undefined,2,Top,2,1,2,Undefined,Changeup,BallCalled,Undefined,Undefined,Undefined,0,1,NA,67.45134,1.749994,-6.510604,1235.402038,281.993066,03:30:00,4.78274,1.97033,5.49048,-65.35086,-1.11469,16.7232,0.98506,-2.75296,60.99289,-10.175192,-3.556198,0.576848,NA,NA,NA,NA,NA,NA,NA,NA,NA,NA,NA,-10.85107,-0.77744,-1.41039,50,4.89193,10.55295,-97.17867,1.1597,-10.16258,18.15739,-32.90216,202_RBI1,202_RBI4,USABBCary1,USA Baseball,USA,20250727-USABBCary1-3,7d94d0d0-6b17-11f0-8846-3f6e6eb56ce0,65.34208,NA,NA,6.45845,NA,NA,NA,NA,NA,NA,ff73c667-d689-4199-a12b-e162e8200460,2025-07-27,18:28:27,2025-07-27T18:28:27Z,2025-07-27T18:28:27Z,NA,v3,NA,NA,NA,"Sherrard, Evan",10955458,Right,202_RBI1,9f0f818c-6907-4f8b-a907-4c7cdda61f1d,55.01083,-98.11046,9.0787,4.78909,2.84814,-16.45108,-1.96532,11.07446,-5.08129,NA,NA,NA,NA,NA,NA,NA,NA,NA,NA,NA,NA,NA,NA,NA,NA,NA,NA,NA,NA,NA,NA,NA,NA,NA,NA,NA,NA,NA,NA,NA,NA,NA,NA,NA,NA,NA,NA,NA,NA,NA,NA,NA,NA,NA,NA,NA,NA,NA,NA,High,High,High,NA,NA,NA,NA,NA,NA,NA,NA,NA,NA,NA,NA,NA,NA,NA,NA,NA,NA,NA,NA,NA,NA,NA,NA,NA,NA,NA,NA,NA,NA,NA,NA,NA,NA,NA,NA,NA,NA,NA,NA,NA,NA,NA,NA,NA,NA,NA,NA,NA,NA,NA,NA,NA,NA,NA,NA,NA,NA
NA,NA,NA,NA,NA,NA,NA,NA,NA,NA,NA,NA,NA,NA,NA,NA,93,2025-07-27,14:28:54,9,5,"Bell, TayShaun",1000350469,Right,202_RBI1,"Smith, Rahniah",1000350342,Left,202_RBI4,Undefined,2,Top,2,2,2,Undefined,Changeup,InPlay,Undefined,GroundBall,Out,1,0,NA,74.76199,-1.836173,-2.698425,1545.29757,226.017257,01:30:00,5.91838,1.07052,5.88073,-36.07069,14.64013,13.27083,1.20482,-0.33137,67.96691,-8.554846,-0.316572,0.512533,58.41742,-14.476441,25.019947,NA,NA,NA,NA,11.5017,5.01632,15.794872,0.080337,-7.74146,8.59174,-0.86059,50,5.74922,4.6483,-108.34225,-4.47609,-9.07299,21.39567,-22.10454,202_RBI1,202_RBI4,USABBCary1,USA Baseball,USA,20250727-USABBCary1-3,8dbb0830-6b17-11f0-8846-3f6e6eb56ce0,73.5415,1.72665,NA,6.79508,NA,NA,NA,NA,NA,NA,ff73c667-d689-4199-a12b-e162e8200460,2025-07-27,18:28:54,2025-07-27T18:28:54Z,2025-07-27T18:28:54Z,GroundBall,v3,NA,NA,NA,"Sherrard, Evan",10955458,Right,202_RBI1,a5a5f861-68a1-47ba-814c-996d540b6913,54.61755,-109.25033,10.69783,5.91929,-3.53792,-11.05227,-1.06605,5.03338,-4.5365,NA,5.00382,75.43535,NA,NA,NA,NA,NA,NA,NA,1.72761,-21.49268,NA,NA,NA,NA,NA,NA,NA,0.30062,35.20806,NA,NA,NA,NA,NA,NA,NA,NA,NA,NA,NA,NA,NA,NA,NA,NA,NA,NA,NA,NA,NA,NA,NA,NA,NA,NA,NA,NA,NA,High,High,High,Estimated,Estimated,NA,NA,NA,NA,NA,NA,NA,NA,NA,NA,NA,NA,NA,NA,NA,NA,NA,NA,NA,NA,NA,NA,NA,NA,NA,NA,NA,NA,NA,NA,NA,NA,NA,NA,NA,NA,NA,NA,NA,NA,NA,NA,NA,NA,NA,NA,NA,NA,NA,NA,NA,NA,NA,NA,NA,NA
NA,NA,NA,NA,NA,NA,NA,NA,NA,NA,NA,NA,NA,NA,NA,NA,94,2025-07-27,14:32:18,1,1,"Pineda, Teddy",10955479,Right,202_RBI4,"Parker, Isaiah",10955457,Left,202_RBI1,Undefined,2,Bottom,0,0,0,Undefined,Changeup,StrikeCalled,Undefined,Undefined,Undefined,0,0,NA,76.90961,0.579228,-2.291748,1915.522812,241.573478,02:00:00,4.9885,1.81386,4.77385,-38.51108,11.82501,18.27241,2.3288,1.16285,68.97392,-6.496606,0.919385,0.510636,NA,NA,NA,NA,NA,NA,NA,NA,NA,NA,NA,-9.67012,6.16528,-1.60129,50,5.01385,3.66867,-111.17765,-0.19196,-11.85606,23.73043,-24.6151,202_RBI1,202_RBI4,USABBCary1,USA Baseball,USA,20250727-USABBCary1-3,0763e620-6b18-11f0-8846-3f6e6eb56ce0,73.81475,NA,NA,7.93569,NA,NA,NA,NA,NA,NA,ff73c667-d689-4199-a12b-e162e8200460,2025-07-27,18:32:18,2025-07-27T18:32:18Z,2025-07-27T18:32:18Z,NA,v3,NA,NA,NA,"Hagan, Michael",10955475,Right,202_RBI4,cde092b9-7cc1-443e-a966-aa25c37f10c9,55.71988,-112.39191,11.86521,4.99145,1.06756,-12.30755,-1.80453,4.27533,-5.92803,NA,NA,NA,NA,NA,NA,NA,NA,NA,NA,NA,NA,NA,NA,NA,NA,NA,NA,NA,NA,NA,NA,NA,NA,NA,NA,NA,NA,NA,NA,NA,NA,NA,NA,NA,NA,NA,NA,NA,NA,NA,NA,NA,NA,NA,NA,NA,NA,NA,NA,High,High,High,NA,NA,NA,NA,NA,NA,NA,NA,NA,NA,NA,NA,NA,NA,NA,NA,NA,NA,NA,NA,NA,NA,NA,NA,NA,NA,NA,NA,NA,NA,NA,NA,NA,NA,NA,NA,NA,NA,NA,NA,NA,NA,NA,NA,NA,NA,NA,NA,NA,NA,NA,NA,NA,NA,NA,NA,NA,NA
NA,NA,NA,NA,NA,NA,NA,NA,NA,NA,NA,NA,NA,NA,NA,NA,95,2025-07-27,14:32:45,1,2,"Pineda, Teddy",10955479,Right,202_RBI4,"Parker, Isaiah",10955457,Left,202_RBI1,Undefined,2,Bottom,0,0,1,Undefined,Changeup,StrikeCalled,Undefined,Undefined,Undefined,0,0,NA,75.21513,1.48933,-2.261691,1930.294605,242.287362,02:00:00,5.25022,1.7526,4.80718,-40.01313,12.56201,20.09344,3.32821,1.2832,67.38659,-5.876505,1.26996,0.521869,NA,NA,NA,NA,NA,NA,NA,NA,NA,NA,NA,-10.54044,6.24819,-1.54577,50,5.36498,3.4534,-108.70866,1.49936,-12.35969,22.62886,-24.84744,202_RBI1,202_RBI4,USABBCary1,USA Baseball,USA,20250727-USABBCary1-3,17694f10-6b18-11f0-8846-3f6e6eb56ce0,72.22582,NA,NA,7.82854,NA,NA,NA,NA,NA,NA,ff73c667-d689-4199-a12b-e162e8200460,2025-07-27,18:32:45,2025-07-27T18:32:45Z,2025-07-27T18:32:45Z,NA,v3,NA,NA,NA,"Hagan, Michael",10955475,Right,202_RBI4,83e19ab1-5e58-4fb1-9e1b-491df51903ba,55.68647,-109.88598,11.31443,5.25334,2.79212,-12.42372,-1.74218,4.09644,-6.17985,NA,NA,NA,NA,NA,NA,NA,NA,NA,NA,NA,NA,NA,NA,NA,NA,NA,NA,NA,NA,NA,NA,NA,NA,NA,NA,NA,NA,NA,NA,NA,NA,NA,NA,NA,NA,NA,NA,NA,NA,NA,NA,NA,NA,NA,NA,NA,NA,NA,NA,High,High,High,NA,NA,NA,NA,NA,NA,NA,NA,NA,NA,NA,NA,NA,NA,NA,NA,NA,NA,NA,NA,NA,NA,NA,NA,NA,NA,NA,NA,NA,NA,NA,NA,NA,NA,NA,NA,NA,NA,NA,NA,NA,NA,NA,NA,NA,NA,NA,NA,NA,NA,NA,NA,NA,NA,NA,NA,NA,NA
NA,NA,NA,NA,NA,NA,NA,NA,NA,NA,NA,NA,NA,NA,NA,NA,96,2025-07-27,14:35:42,1,3,"Pineda, Teddy",10955479,Right,202_RBI4,"Parker, Isaiah",10955457,Left,202_RBI1,Undefined,2,Bottom,0,0,2,Undefined,Changeup,StrikeSwinging,Strikeout,Undefined,Undefined,0,0,NA,76.33107,0.221831,-2.512335,1944.964636,235.247366,01:45:00,5.10283,1.74853,4.77657,-36.04683,15.45458,19.233,2.30942,0.96821,67.9358,-6.45085,0.866837,0.516513,NA,NA,NA,NA,NA,NA,NA,NA,NA,NA,NA,-10.24091,8.08937,-1.5148,50,5.09495,4.0123,-110.21185,-0.76138,-12.24522,24.66991,-22.50144,202_RBI1,202_RBI4,USABBCary1,USA Baseball,USA,20250727-USABBCary1-3,80dd0180-6b18-11f0-8846-3f6e6eb56ce0,72.97487,NA,NA,8.39527,NA,NA,NA,NA,NA,NA,ff73c667-d689-4199-a12b-e162e8200460,2025-07-27,18:35:42,2025-07-27T18:35:42Z,2025-07-27T18:35:42Z,NA,v3,NA,NA,NA,"Hagan, Michael",10955475,Right,202_RBI4,7efa57c7-c434-41c8-acea-4eea57f3aadc,55.7151,-111.48378,12.33495,5.10429,0.39875,-11.25072,-1.73794,4.64364,-6.12261,NA,NA,NA,NA,NA,NA,NA,NA,NA,NA,NA,NA,NA,NA,NA,NA,NA,NA,NA,NA,NA,NA,NA,NA,NA,NA,NA,NA,64.90805,2.465714,1.435904,1.02981,-1.22066,2.0024,-1.01189,-0.88296,5.25985,-1.94908,74.02593,4.32902,-50.75038,-0.86056,77.06642,-4.264,5.2745,12.60029,-13.15798,-1.98643,-53.41531,5.95698,High,High,High,NA,NA,High,High,High,NA,NA,NA,NA,NA,NA,NA,NA,NA,NA,NA,NA,NA,NA,NA,NA,NA,NA,NA,NA,NA,NA,NA,NA,NA,NA,NA,NA,NA,NA,NA,NA,NA,NA,NA,NA,NA,NA,NA,NA,NA,NA,NA,NA,NA,NA,NA,NA,NA,NA,NA,NA,NA
NA,NA,NA,NA,NA,NA,NA,NA,NA,NA,NA,NA,NA,NA,NA,NA,97,2025-07-27,14:36:09,2,1,"Pineda, Teddy",10955479,Right,202_RBI4,"Williams, Aaron",1000350462,Right,202_RBI1,Undefined,2,Bottom,1,0,0,Undefined,Changeup,BallCalled,Undefined,Undefined,Undefined,0,0,NA,77.67988,-1.175158,-4.598487,1991.542306,226.904921,01:30:00,5.23894,1.55461,5.03348,-32.68474,16.2715,15.38143,1.40277,-1.51142,69.87782,-7.221744,-1.892087,0.503588,NA,NA,NA,NA,NA,NA,NA,NA,NA,NA,NA,-9.06745,8.97898,-1.12724,50,5.10107,8.36998,-112.0806,-3.35966,-11.33731,23.48239,-20.94735,202_RBI1,202_RBI4,USABBCary1,USA Baseball,USA,20250727-USABBCary1-3,90ac8d60-6b18-11f0-8846-3f6e6eb56ce0,74.84775,NA,NA,7.80207,NA,NA,NA,NA,NA,NA,ff73c667-d689-4199-a12b-e162e8200460,2025-07-27,18:36:09,2025-07-27T18:36:09Z,2025-07-27T18:36:09Z,NA,v3,NA,NA,NA,"Hagan, Michael",10955475,Right,202_RBI4,0442a36f-60c2-433c-88de-e02ad76f6d77,55.46003,-113.21877,11.74119,5.2393,-2.34436,-10.47367,-1.54624,8.91949,-5.66866,NA,NA,NA,NA,NA,NA,NA,NA,NA,NA,NA,NA,NA,NA,NA,NA,NA,NA,NA,NA,NA,NA,NA,NA,NA,NA,NA,NA,NA,NA,NA,NA,NA,NA,NA,NA,NA,NA,NA,NA,NA,NA,NA,NA,NA,NA,NA,NA,NA,NA,High,High,High,NA,NA,NA,NA,NA,NA,NA,NA,NA,NA,NA,NA,NA,NA,NA,NA,NA,NA,NA,NA,NA,NA,NA,NA,NA,NA,NA,NA,NA,NA,NA,NA,NA,NA,NA,NA,NA,NA,NA,NA,NA,NA,NA,NA,NA,NA,NA,NA,NA,NA,NA,NA,NA,NA,NA,NA,NA,NA
NA,NA,NA,NA,NA,NA,NA,NA,NA,NA,NA,NA,NA,NA,NA,NA,98,2025-07-27,14:36:25,2,2,"Pineda, Teddy",10955479,Right,202_RBI4,"Williams, Aaron",1000350462,Right,202_RBI1,Undefined,2,Bottom,1,1,0,Undefined,Changeup,BallCalled,Undefined,Undefined,Undefined,0,0,NA,75.63406,1.874652,-2.325172,1918.847346,242.492253,02:00:00,5.00039,1.76115,4.87068,-39.24097,12.90792,20.8221,3.50638,1.29481,67.36856,-5.380681,1.337774,0.519749,NA,NA,NA,NA,NA,NA,NA,NA,NA,NA,NA,-10.9289,6.28969,-1.55067,50,5.15299,3.55479,-109.22709,2.28562,-12.87495,23.69542,-24.76438,202_RBI1,202_RBI4,USABBCary1,USA Baseball,USA,20250727-USABBCary1-3,9a20bfb0-6b18-11f0-8846-3f6e6eb56ce0,72.5204,NA,NA,8.2655,NA,NA,NA,NA,NA,NA,ff73c667-d689-4199-a12b-e162e8200460,2025-07-27,18:36:25,2025-07-27T18:36:25Z,2025-07-27T18:36:25Z,NA,v3,NA,NA,NA,"Hagan, Michael",10955475,Right,202_RBI4,28696c93-d6be-4fa9-8edd-1faf93c8536a,55.62152,-110.43988,11.84771,5.00357,3.55312,-12.38219,-1.74948,4.21376,-6.43748,NA,NA,NA,NA,NA,NA,NA,NA,NA,NA,NA,NA,NA,NA,NA,NA,NA,NA,NA,NA,NA,NA,NA,NA,NA,NA,NA,NA,NA,NA,NA,NA,NA,NA,NA,NA,NA,NA,NA,NA,NA,NA,NA,NA,NA,NA,NA,NA,NA,NA,High,High,High,NA,NA,NA,NA,NA,NA,NA,NA,NA,NA,NA,NA,NA,NA,NA,NA,NA,NA,NA,NA,NA,NA,NA,NA,NA,NA,NA,NA,NA,NA,NA,NA,NA,NA,NA,NA,NA,NA,NA,NA,NA,NA,NA,NA,NA,NA,NA,NA,NA,NA,NA,NA,NA,NA,NA,NA,NA,NA
NA,NA,NA,NA,NA,NA,NA,NA,NA,NA,NA,NA,NA,NA,NA,NA,99,2025-07-27,14:36:41,2,3,"Pineda, Teddy",10955479,Right,202_RBI4,"Williams, Aaron",1000350462,Right,202_RBI1,Undefined,2,Bottom,1,2,0,Undefined,Curveball,BallCalled,Undefined,Undefined,Undefined,0,0,NA,63.57092,2.423644,1.550121,1670.275226,108.154544,09:30:00,5.64479,1.15975,5.02289,-65.47224,7.46469,-14.4108,2.47802,1.42197,57.5092,-9.528782,-0.99509,0.614674,NA,NA,NA,NA,NA,NA,NA,NA,NA,NA,NA,7.61288,3.70126,-1.29598,50,5.82521,-1.99374,-91.92092,2.03793,6.38754,16.08377,-29.06854,202_RBI1,202_RBI4,USABBCary1,USA Baseball,USA,20250727-USABBCary1-3,a3fe8940-6b18-11f0-8846-3f6e6eb56ce0,61.32098,NA,NA,6.06172,NA,NA,NA,NA,NA,NA,ff73c667-d689-4199-a12b-e162e8200460,2025-07-27,18:36:41,2025-07-27T18:36:41Z,2025-07-27T18:36:41Z,NA,v3,NA,NA,NA,"Hagan, Michael",10955475,Right,202_RBI4,321e100f-ee21-490b-8ee3-dd2ae54abbd2,55.4717,-92.87339,8.04188,5.65355,3.75934,-14.53427,-1.16672,-2.37201,3.19377,NA,NA,NA,NA,NA,NA,NA,NA,NA,NA,NA,NA,NA,NA,NA,NA,NA,NA,NA,NA,NA,NA,NA,NA,NA,NA,NA,NA,NA,NA,NA,NA,NA,NA,NA,NA,NA,NA,NA,NA,NA,NA,NA,NA,NA,NA,NA,NA,NA,NA,High,High,High,NA,NA,NA,NA,NA,NA,NA,NA,NA,NA,NA,NA,NA,NA,NA,NA,NA,NA,NA,NA,NA,NA,NA,NA,NA,NA,NA,NA,NA,NA,NA,NA,NA,NA,NA,NA,NA,NA,NA,NA,NA,NA,NA,NA,NA,NA,NA,NA,NA,NA,NA,NA,NA,NA,NA,NA,NA,NA
NA,NA,NA,NA,NA,NA,NA,NA,NA,NA,NA,NA,NA,NA,NA,NA,100,2025-07-27,14:37:03,2,4,"Pineda, Teddy",10955479,Right,202_RBI4,"Williams, Aaron",1000350462,Right,202_RBI1,Undefined,2,Bottom,1,3,0,Undefined,Changeup,StrikeCalled,Undefined,Undefined,Undefined,0,0,NA,77.37598,0.514993,-2.97565,2033.412501,241.948222,02:00:00,4.9385,1.74399,5.12538,-37.02557,12.1091,19.1645,2.33875,0.53589,69.33423,-6.338195,0.411736,0.504505,NA,NA,NA,NA,NA,NA,NA,NA,NA,NA,NA,-10.45678,6.3913,-1.47968,50,4.95907,5.01856,-111.86457,-0.20233,-12.97168,24.13438,-24.2456,202_RBI1,202_RBI4,USABBCary1,USA Baseball,USA,20250727-USABBCary1-3,b157e500-6b18-11f0-8846-3f6e6eb56ce0,74.71174,NA,NA,8.04175,NA,NA,NA,NA,NA,NA,ff73c667-d689-4199-a12b-e162e8200460,2025-07-27,18:37:03,2025-07-27T18:37:03Z,2025-07-27T18:37:03Z,NA,v3,NA,NA,NA,"Hagan, Michael",10955475,Right,202_RBI4,c7a2c44d-6b93-4b9e-87e3-21318751302e,55.36861,-113.01689,12.06719,4.94109,0.9553,-12.1228,-1.73408,5.6379,-6.48584,NA,NA,NA,NA,NA,NA,NA,NA,NA,NA,NA,NA,NA,NA,NA,NA,NA,NA,NA,NA,NA,NA,NA,NA,NA,NA,NA,NA,NA,NA,NA,NA,NA,NA,NA,NA,NA,NA,NA,NA,NA,NA,NA,NA,NA,NA,NA,NA,NA,NA,High,High,High,NA,NA,NA,NA,NA,NA,NA,NA,NA,NA,NA,NA,NA,NA,NA,NA,NA,NA,NA,NA,NA,NA,NA,NA,NA,NA,NA,NA,NA,NA,NA,NA,NA,NA,NA,NA,NA,NA,NA,NA,NA,NA,NA,NA,NA,NA,NA,NA,NA,NA,NA,NA,NA,NA,NA,NA,NA,NA
NA,NA,NA,NA,NA,NA,NA,NA,NA,NA,NA,NA,NA,NA,NA,NA,101,2025-07-27,14:37:20,2,5,"Pineda, Teddy",10955479,Right,202_RBI4,"Williams, Aaron",1000350462,Right,202_RBI1,Undefined,2,Bottom,1,3,1,Undefined,Changeup,InPlay,Undefined,GroundBall,Out,1,0,NA,75.63878,1.279084,-1.656745,1924.809066,236.348619,02:00:00,4.85702,1.65153,5.11799,-37.98057,13.09205,16.87631,2.89755,1.49683,68.1542,-5.744403,1.327522,0.514358,50.1984,-60.44397,63.804563,NA,NA,NA,NA,2.00607,1.98018,-1.174641,0.044615,-8.93221,6.61622,-1.50956,50,4.94854,2.49786,-109.51165,1.23723,-10.67641,22.18071,-24.26585,202_RBI1,202_RBI4,USABBCary1,USA Baseball,USA,20250727-USABBCary1-3,bb75ebe0-6b18-11f0-8846-3f6e6eb56ce0,73.28058,2.88106,NA,7.48458,NA,NA,NA,1.28446,2.88106,-1.50707,ff73c667-d689-4199-a12b-e162e8200460,2025-07-27,18:37:20,2025-07-27T18:37:20Z,2025-07-27T18:37:20Z,GroundBall,v3,NA,NA,NA,"Hagan, Michael",10955475,Right,202_RBI4,5348e7f9-9a8c-4909-8f06-19ee2ae15c53,55.37794,-110.59554,11.09035,4.85911,2.42302,-12.13292,-1.64437,3.01958,-5.33821,NA,1.2835,16.1649,NA,NA,NA,NA,NA,NA,NA,2.88488,-64.57647,NA,NA,NA,NA,NA,NA,NA,-1.50902,32.85801,NA,NA,NA,NA,NA,NA,NA,NA,NA,NA,NA,NA,NA,NA,NA,NA,NA,NA,NA,NA,NA,NA,NA,NA,NA,NA,NA,NA,NA,High,High,High,Estimated,Estimated,NA,NA,NA,NA,NA,NA,NA,NA,NA,NA,NA,NA,NA,NA,NA,NA,NA,NA,NA,NA,NA,NA,NA,NA,NA,NA,NA,NA,NA,NA,NA,NA,NA,NA,NA,NA,NA,NA,NA,NA,NA,NA,NA,NA,NA,NA,NA,NA,NA,NA,NA,NA,NA,NA,NA,NA
NA,NA,NA,NA,NA,NA,NA,NA,NA,NA,NA,NA,NA,NA,NA,NA,102,2025-07-27,14:37:59,3,1,"Pineda, Teddy",10955479,Right,202_RBI4,"Branch, Deshawn",1000148551,Right,202_RBI1,Undefined,2,Bottom,2,0,0,Undefined,Curveball,BallCalled,Undefined,Undefined,Undefined,0,0,NA,67.48352,4.00253,1.011599,1695.652838,97.547039,09:15:00,5.47417,1.20525,4.86721,-61.33078,4.0913,-12.118,4.15786,1.15285,60.46233,-7.195517,-1.119413,0.582148,NA,NA,NA,NA,NA,NA,NA,NA,NA,NA,NA,6.20803,1.47528,-1.29418,50,5.81795,-1.25977,-97.38164,4.90938,5.83715,18.26468,-30.78691,202_RBI1,202_RBI4,USABBCary1,USA Baseball,USA,20250727-USABBCary1-3,d2319fa0-6b18-11f0-8846-3f6e6eb56ce0,64.74714,NA,NA,7.0212,NA,NA,NA,NA,NA,NA,ff73c667-d689-4199-a12b-e162e8200460,2025-07-27,18:37:59,2025-07-27T18:37:59Z,2025-07-27T18:37:59Z,NA,v3,NA,NA,NA,"Hagan, Michael",10955475,Right,202_RBI4,c98167fa-f8f4-4d17-9ad1-23dd8d32e600,55.62552,-98.4311,9.13234,5.48504,6.67834,-15.39346,-1.21216,-1.59516,2.91857,NA,NA,NA,NA,NA,NA,NA,NA,NA,NA,NA,NA,NA,NA,NA,NA,NA,NA,NA,NA,NA,NA,NA,NA,NA,NA,NA,NA,NA,NA,NA,NA,NA,NA,NA,NA,NA,NA,NA,NA,NA,NA,NA,NA,NA,NA,NA,NA,NA,NA,High,High,High,NA,NA,NA,NA,NA,NA,NA,NA,NA,NA,NA,NA,NA,NA,NA,NA,NA,NA,NA,NA,NA,NA,NA,NA,NA,NA,NA,NA,NA,NA,NA,NA,NA,NA,NA,NA,NA,NA,NA,NA,NA,NA,NA,NA,NA,NA,NA,NA,NA,NA,NA,NA,NA,NA,NA,NA,NA,NA
NA,NA,NA,NA,NA,NA,NA,NA,NA,NA,NA,NA,NA,NA,NA,NA,103,2025-07-27,14:38:16,3,2,"Pineda, Teddy",10955479,Right,202_RBI4,"Branch, Deshawn",1000148551,Right,202_RBI1,Undefined,2,Bottom,2,1,0,Undefined,Changeup,StrikeCalled,Undefined,Undefined,Undefined,0,0,NA,75.84637,0.163348,-3.933721,1966.150106,234.351218,01:45:00,5.07754,1.69655,4.91807,-36.64762,14.75135,17.87103,2.17838,-0.53927,68.2527,-6.592393,-0.79219,0.515999,NA,NA,NA,NA,NA,NA,NA,NA,NA,NA,NA,-10.02044,7.7767,-1.32788,50,5.06393,6.79282,-109.55456,-0.88041,-11.98617,22.20399,-22.87178,202_RBI1,202_RBI4,USABBCary1,USA Baseball,USA,20250727-USABBCary1-3,dc704de0-6b18-11f0-8846-3f6e6eb56ce0,73.04754,NA,NA,7.59367,NA,NA,NA,NA,NA,NA,ff73c667-d689-4199-a12b-e162e8200460,2025-07-27,18:38:16,2025-07-27T18:38:16Z,2025-07-27T18:38:16Z,NA,v3,NA,NA,NA,"Hagan, Michael",10955475,Right,202_RBI4,83bfd6f6-6bae-4b84-be73-fd2cabc4ba5a,55.57599,-110.67891,11.102,5.07919,0.27775,-11.43589,-1.68721,7.39976,-5.99308,NA,NA,NA,NA,NA,NA,NA,NA,NA,NA,NA,NA,NA,NA,NA,NA,NA,NA,NA,NA,NA,NA,NA,NA,NA,NA,NA,NA,NA,NA,NA,NA,NA,NA,NA,NA,NA,NA,NA,NA,NA,NA,NA,NA,NA,NA,NA,NA,NA,NA,High,High,High,NA,NA,NA,NA,NA,NA,NA,NA,NA,NA,NA,NA,NA,NA,NA,NA,NA,NA,NA,NA,NA,NA,NA,NA,NA,NA,NA,NA,NA,NA,NA,NA,NA,NA,NA,NA,NA,NA,NA,NA,NA,NA,NA,NA,NA,NA,NA,NA,NA,NA,NA,NA,NA,NA,NA,NA,NA,NA
NA,NA,NA,NA,NA,NA,NA,NA,NA,NA,NA,NA,NA,NA,NA,NA,104,2025-07-27,14:38:34,3,3,"Pineda, Teddy",10955479,Right,202_RBI4,"Branch, Deshawn",1000148551,Right,202_RBI1,Undefined,2,Bottom,2,1,1,Undefined,Changeup,InPlay,Undefined,LineDrive,Single,0,0,NA,74.98888,0.461328,-3.959249,1904.475069,226.685783,01:30:00,4.95721,1.58621,5.07736,-35.67734,16.43462,15.41316,2.42004,-0.86766,67.65427,-6.141156,-1.243101,0.519565,86.45813,8.237327,25.716633,3269.844045,95.75551,8.20178,54.13648,166.32074,166.32074,31.347469,1.588295,-8.9291,8.54485,-1.22343,50,4.97368,6.89731,-108.39323,-0.23563,-10.48059,21.31867,-22.14448,202_RBI1,202_RBI4,USABBCary1,USA Baseball,USA,20250727-USABBCary1-3,e799f860-6b18-11f0-8846-3f6e6eb56ce0,72.54612,8.9864,NA,7.33462,NA,NA,NA,1.39473,2.39953,0.8402,ff73c667-d689-4199-a12b-e162e8200460,2025-07-27,18:38:34,2025-07-27T18:38:34Z,2025-07-27T18:38:34Z,LineDrive,v3,NA,NA,NA,"Hagan, Michael",10955475,Right,202_RBI4,c37a51c5-4fc5-46fe-9ffd-5275032b26f9,55.41872,-109.45379,10.65934,4.95801,0.86602,-11.07224,-1.57952,7.41869,-5.2403,237.152161,1.39473,113.06736,-20.70561,4.40089,-0.83074,0.07788,0.02905,-0.01603,0.00261,2.39954,18.16667,-12.51725,-0.09729,0.10795,0.05008,-0.05851,0.02383,-0.00366,0.84021,54.45452,0.70472,-1.07219,0.33573,-0.00965,-0.04558,0.02126,-0.00337,NA,NA,NA,NA,NA,NA,NA,NA,NA,NA,NA,NA,NA,NA,NA,NA,NA,NA,NA,NA,NA,NA,High,High,High,High,High,NA,NA,NA,NA,NA,NA,NA,NA,NA,NA,NA,NA,NA,NA,NA,NA,NA,NA,NA,NA,NA,NA,NA,NA,NA,NA,NA,NA,NA,NA,NA,NA,NA,NA,NA,NA,NA,NA,NA,NA,NA,NA,NA,NA,NA,NA,NA,NA,NA,NA,NA,NA,NA,NA,NA,NA
NA,NA,NA,NA,NA,NA,NA,NA,NA,NA,NA,NA,NA,NA,NA,NA,105,2025-07-27,14:39:33,4,1,"Pineda, Teddy",10955479,Right,202_RBI4,"Guzman, Eric",10954177,Right,202_RBI1,Undefined,2,Bottom,2,0,0,Undefined,Changeup,StrikeSwinging,Undefined,Undefined,Undefined,0,0,NA,76.24406,1.236991,-2.559982,1991.773634,238.439229,02:00:00,4.93029,1.70485,4.92466,-36.85506,14.18867,19.87135,3.02978,0.93909,68.14839,-5.586037,0.938978,0.514212,NA,NA,NA,NA,NA,NA,NA,NA,NA,NA,NA,-10.55753,7.14134,-1.47246,50,5.02142,4.08686,-110.1719,1.17743,-12.69337,23.54884,-23.58795,202_RBI1,202_RBI4,USABBCary1,USA Baseball,USA,20250727-USABBCary1-3,0a935eb0-6b19-11f0-8846-3f6e6eb56ce0,73.30131,NA,NA,8.09567,NA,NA,NA,NA,NA,NA,ff73c667-d689-4199-a12b-e162e8200460,2025-07-27,18:39:33,2025-07-27T18:39:33Z,2025-07-27T18:39:33Z,NA,v3,NA,NA,NA,"Hagan, Michael",10955475,Right,202_RBI4,55798ef3-1be2-474a-b57a-bc64ad3ff7b0,55.56802,-111.35568,11.77442,4.93242,2.36318,-11.79398,-1.69394,4.72495,-6.34668,NA,NA,NA,NA,NA,NA,NA,NA,NA,NA,NA,NA,NA,NA,NA,NA,NA,NA,NA,NA,NA,NA,NA,NA,NA,NA,NA,NA,NA,NA,NA,NA,NA,NA,NA,NA,NA,NA,NA,NA,NA,NA,NA,NA,NA,NA,NA,NA,NA,NA,High,High,High,NA,NA,NA,NA,NA,NA,NA,NA,NA,NA,NA,NA,NA,NA,NA,NA,NA,NA,NA,NA,NA,NA,NA,NA,NA,NA,NA,NA,NA,NA,NA,NA,NA,NA,NA,NA,NA,NA,NA,NA,NA,NA,NA,NA,NA,NA,NA,NA,NA,NA,NA,NA,NA,NA,NA,NA,NA,NA
NA,NA,NA,NA,NA,NA,NA,NA,NA,NA,NA,NA,NA,NA,NA,NA,106,2025-07-27,14:40:12,4,2,"Pineda, Teddy",10955479,Right,202_RBI4,"Guzman, Eric",10954177,Right,202_RBI1,Undefined,2,Bottom,2,0,1,Undefined,Changeup,BallCalled,Undefined,Undefined,Undefined,0,0,NA,74.12136,-0.405291,-4.564535,1857.070362,241.465193,02:00:00,4.93803,1.58567,5.12446,-40.6425,12.92465,19.98777,1.1682,-1.05699,66.74446,-7.89049,-1.038977,0.52677,NA,NA,NA,NA,NA,NA,NA,NA,NA,NA,NA,-11.34024,7.16363,-1.17199,50,4.8691700000000004,7.74622,-107.00091,-2.03817,-12.9164,21.48719,-24.01473,202_RBI1,202_RBI4,USABBCary1,USA Baseball,USA,20250727-USABBCary1-3,216ea860-6b19-11f0-8846-3f6e6eb56ce0,71.55394,NA,NA,7.3769,NA,NA,NA,NA,NA,NA,ff73c667-d689-4199-a12b-e162e8200460,2025-07-27,18:40:12,2025-07-27T18:40:12Z,2025-07-27T18:40:12Z,NA,v3,NA,NA,NA,"Hagan, Michael",10955475,Right,202_RBI4,97994378-91ee-42d1-becb-671ceada3636,55.36966,-108.07383,10.7436,4.941,-0.83905,-12.00737,-1.57489,8.39118,-6.4582,NA,NA,NA,NA,NA,NA,NA,NA,NA,NA,NA,NA,NA,NA,NA,NA,NA,NA,NA,NA,NA,NA,NA,NA,NA,NA,NA,NA,NA,NA,NA,NA,NA,NA,NA,NA,NA,NA,NA,NA,NA,NA,NA,NA,NA,NA,NA,NA,NA,NA,High,High,High,NA,NA,NA,NA,NA,NA,NA,NA,NA,NA,NA,NA,NA,NA,NA,NA,NA,NA,NA,NA,NA,NA,NA,NA,NA,NA,NA,NA,NA,NA,NA,NA,NA,NA,NA,NA,NA,NA,NA,NA,NA,NA,NA,NA,NA,NA,NA,NA,NA,NA,NA,NA,NA,NA,NA,NA,NA,NA
NA,NA,NA,NA,NA,NA,NA,NA,NA,NA,NA,NA,NA,NA,NA,NA,107,2025-07-27,14:40:35,4,3,"Pineda, Teddy",10955479,Right,202_RBI4,"Guzman, Eric",10954177,Right,202_RBI1,Undefined,2,Bottom,2,1,1,Undefined,Changeup,StrikeCalled,Undefined,Undefined,Undefined,0,0,NA,73.36282,0.995712,-4.602482,1890.209008,244.574059,02:15:00,4.88836,1.81951,5.22578,-42.76077,11.91264,20.55564,2.26416,-0.80364,65.6887,-6.912058,-0.973144,0.532181,NA,NA,NA,NA,NA,NA,NA,NA,NA,NA,NA,-11.68886,6.2341,-1.41013,50,4.94937,7.7125,-105.86279,0.52733,-12.98581,21.6154,-25.24823,202_RBI1,202_RBI4,USABBCary1,USA Baseball,USA,20250727-USABBCary1-3,2f641d10-6b19-11f0-8846-3f6e6eb56ce0,70.82633,NA,NA,7.67412,NA,NA,NA,NA,NA,NA,ff73c667-d689-4199-a12b-e162e8200460,2025-07-27,18:40:35,2025-07-27T18:40:35Z,2025-07-27T18:40:35Z,NA,v3,NA,NA,NA,"Hagan, Michael",10955475,Right,202_RBI4,0bc2694f-7d18-42e0-8bcf-2831beab7957,55.26768,-106.93295,10.8077,4.89232,1.77735,-12.62412,-1.80789,8.35542,-6.4929,NA,NA,NA,NA,NA,NA,NA,NA,NA,NA,NA,NA,NA,NA,NA,NA,NA,NA,NA,NA,NA,NA,NA,NA,NA,NA,NA,NA,63.09674,2.575039,0.87936,1.695679,-1.48677,1.89968,0.848,-3.86458,4.34897,1.91497,127.28301,6.39822,16.66028,-3.69379,87.13195,-5.9,4.4555,25.56781,-14.45137,1.81861,5.29292,2.07822,High,High,High,NA,NA,High,High,High,NA,NA,NA,NA,NA,NA,NA,NA,NA,NA,NA,NA,NA,NA,NA,NA,NA,NA,NA,NA,NA,NA,NA,NA,NA,NA,NA,NA,NA,NA,NA,NA,NA,NA,NA,NA,NA,NA,NA,NA,NA,NA,NA,NA,NA,NA,NA,NA,NA,NA,NA,NA,NA
NA,NA,NA,NA,NA,NA,NA,NA,NA,NA,NA,NA,NA,NA,NA,NA,108,2025-07-27,14:41:13,4,4,"Pineda, Teddy",10955479,Right,202_RBI4,"Guzman, Eric",10954177,Right,202_RBI1,Undefined,2,Bottom,2,1,2,Undefined,Curveball,BallCalled,Undefined,Undefined,Undefined,0,0,NA,67.40906,2.825673,-1.823094,1657.560079,95.71766,09:15:00,5.66921,1.25821,4.95562,-61.77133,3.03803,-7.25268,3.19486,-1.06925,61.09485,-8.41026,-3.100568,0.579416,NA,NA,NA,NA,NA,NA,NA,NA,NA,NA,NA,2.96268,1.34236,-1.07534,50,5.89325,3.36915,-97.46385,2.91275,2.80799,17.41492,-30.90177,202_RBI1,202_RBI4,USABBCary1,USA Baseball,USA,20250727-USABBCary1-3,461a5290-6b19-11f0-8846-3f6e6eb56ce0,65.05248,NA,NA,6.31421,NA,NA,NA,NA,NA,NA,ff73c667-d689-4199-a12b-e162e8200460,2025-07-27,18:41:13,2025-07-27T18:41:13Z,2025-07-27T18:41:13Z,NA,v3,NA,NA,NA,"Hagan, Michael",10955475,Right,202_RBI4,656517b7-27a9-4a86-a73f-8adb682deb1f,55.53921,-98.44863,8.70746,5.67913,4.66017,-15.45088,-1.26137,3.21037,1.40399,NA,NA,NA,NA,NA,NA,NA,NA,NA,NA,NA,NA,NA,NA,NA,NA,NA,NA,NA,NA,NA,NA,NA,NA,NA,NA,NA,NA,NA,NA,NA,NA,NA,NA,NA,NA,NA,NA,NA,NA,NA,NA,NA,NA,NA,NA,NA,NA,NA,NA,High,High,High,NA,NA,NA,NA,NA,NA,NA,NA,NA,NA,NA,NA,NA,NA,NA,NA,NA,NA,NA,NA,NA,NA,NA,NA,NA,NA,NA,NA,NA,NA,NA,NA,NA,NA,NA,NA,NA,NA,NA,NA,NA,NA,NA,NA,NA,NA,NA,NA,NA,NA,NA,NA,NA,NA,NA,NA,NA,NA
NA,NA,NA,NA,NA,NA,NA,NA,NA,NA,NA,NA,NA,NA,NA,NA,109,2025-07-27,14:42:11,4,5,"Pineda, Teddy",10955479,Right,202_RBI4,"Guzman, Eric",10954177,Right,202_RBI1,Undefined,2,Bottom,2,2,2,Undefined,Changeup,BallCalled,Undefined,Undefined,Undefined,0,0,NA,75.76097,-0.716198,-8.994795,1999.03546,231.525394,01:45:00,4.90302,1.52735,5.3073,-36.15533,15.40509,16.93721,1.20939,-5.57448,68.31102,-7.372574,-6.047486,0.516809,NA,NA,NA,NA,NA,NA,NA,NA,NA,NA,NA,-11.05359,8.50839,-0.71626,50,4.81177,16.46677,-108.4204,-2.48025,-13.02256,20.76736,-22.15007,202_RBI1,202_RBI4,USABBCary1,USA Baseball,USA,20250727-USABBCary1-3,688163f0-6b19-11f0-8846-3f6e6eb56ce0,72.93308,NA,NA,7.44995,NA,NA,NA,NA,NA,NA,ff73c667-d689-4199-a12b-e162e8200460,2025-07-27,18:42:11,2025-07-27T18:42:11Z,2025-07-27T18:42:11Z,NA,v3,NA,NA,NA,"Hagan, Michael",10955475,Right,202_RBI4,c5715af9-f624-4b88-9034-15e129bb7ca3,55.1842,-109.4089,10.38368,4.90473,-1.42594,-11.07503,-1.51481,17.08662,-6.51128,NA,NA,NA,NA,NA,NA,NA,NA,NA,NA,NA,NA,NA,NA,NA,NA,NA,NA,NA,NA,NA,NA,NA,NA,NA,NA,NA,NA,NA,NA,NA,NA,NA,NA,NA,NA,NA,NA,NA,NA,NA,NA,NA,NA,NA,NA,NA,NA,NA,NA,High,High,High,NA,NA,NA,NA,NA,NA,NA,NA,NA,NA,NA,NA,NA,NA,NA,NA,NA,NA,NA,NA,NA,NA,NA,NA,NA,NA,NA,NA,NA,NA,NA,NA,NA,NA,NA,NA,NA,NA,NA,NA,NA,NA,NA,NA,NA,NA,NA,NA,NA,NA,NA,NA,NA,NA,NA,NA,NA,NA
NA,NA,NA,NA,NA,NA,NA,NA,NA,NA,NA,NA,NA,NA,NA,NA,110,2025-07-27,14:42:50,4,6,"Pineda, Teddy",10955479,Right,202_RBI4,"Guzman, Eric",10954177,Right,202_RBI1,Undefined,2,Bottom,2,3,2,Undefined,Changeup,InPlay,Undefined,GroundBall,Out,1,0,NA,76.70957,-0.176949,-2.103702,2006.790558,215.13248,01:15:00,5.09523,1.69088,5.00746,-31.89553,18.2058,11.46048,2.27013,0.65932,68.84729,-6.112093,-0.081427,0.509443,64.70391,-22.164813,-17.994072,NA,NA,NA,NA,7.23867,7.23867,-19.360074,0.06292,-6.39158,9.61024,-1.49875,50,5.05355,3.60913,-110.95821,-1.34495,-7.80793,23.58024,-20.4342,202_RBI1,202_RBI4,USABBCary1,USA Baseball,USA,20250727-USABBCary1-3,7fae9e30-6b19-11f0-8846-3f6e6eb56ce0,73.98748,2.26124,NA,7.86228,NA,NA,NA,1.5501,2.26124,-0.68492,ff73c667-d689-4199-a12b-e162e8200460,2025-07-27,18:42:50,2025-07-27T18:42:50Z,2025-07-27T18:42:50Z,GroundBall,v3,NA,NA,NA,"Hagan, Michael",10955475,Right,202_RBI4,6b135ed3-1d3a-470c-90cc-f544d4b9b28f,55.48693,-112.1182,11.79012,5.09498,-0.33972,-10.2171,-1.68574,3.99323,-3.90396,180,1.54689,83.9048,NA,NA,NA,NA,NA,NA,NA,2.26262,-35.93863,NA,NA,NA,NA,NA,NA,NA,-0.68387,-27.25273,NA,NA,NA,NA,NA,NA,NA,NA,NA,NA,NA,NA,NA,NA,NA,NA,NA,NA,NA,NA,NA,NA,NA,NA,NA,NA,NA,NA,NA,High,High,High,High,High,NA,NA,NA,NA,NA,NA,NA,NA,NA,NA,NA,NA,NA,NA,NA,NA,NA,NA,NA,NA,NA,NA,NA,NA,NA,NA,NA,NA,NA,NA,NA,NA,NA,NA,NA,NA,NA,NA,NA,NA,NA,NA,NA,NA,NA,NA,NA,NA,NA,NA,NA,NA,NA,NA,NA,NA
NA,NA,NA,NA,NA,NA,NA,NA,NA,NA,NA,NA,NA,NA,NA,NA,111,2025-07-27,14:45:59,1,1,"Bell, TayShaun",1000350469,Right,202_RBI1,"Nottingham, Joe",10123642,Right,202_RBI4,Undefined,3,Top,0,0,0,Undefined,Slider,BallCalled,Undefined,Undefined,Undefined,0,0,NA,68.5064,5.634411,-1.383312,1795.62725,105.977014,09:30:00,5.59208,2.4823,5.4116,-57.01208,5.35118,-10.71945,6.13833,0.2928,61.22935,-4.887461,-3.281848,0.568376,NA,NA,NA,NA,NA,NA,NA,NA,NA,NA,NA,4.74744,1.69126,-2.35239,50,6.05693,2.78993,-98.68265,8.05978,4.59843,18.30134,-30.53587,202_RBI1,202_RBI4,USABBCary1,USA Baseball,USA,20250727-USABBCary1-3,f0a56150-6b19-11f0-8846-3f6e6eb56ce0,66.31601,NA,NA,7.27705,NA,NA,NA,NA,NA,NA,ff73c667-d689-4199-a12b-e162e8200460,2025-07-27,18:45:59,2025-07-27T18:45:59Z,2025-07-27T18:45:59Z,NA,v3,NA,NA,NA,"Sherrard, Evan",10955458,Right,202_RBI1,75bb183e-abbe-4544-90e4-5455e3728867,55.07772,-99.6199,9.15067,5.60413,9.62358,-15.26794,-2.48924,2.55444,2.29922,NA,NA,NA,NA,NA,NA,NA,NA,NA,NA,NA,NA,NA,NA,NA,NA,NA,NA,NA,NA,NA,NA,NA,NA,NA,NA,NA,NA,NA,NA,NA,NA,NA,NA,NA,NA,NA,NA,NA,NA,NA,NA,NA,NA,NA,NA,NA,NA,NA,NA,High,High,High,NA,NA,NA,NA,NA,NA,NA,NA,NA,NA,NA,NA,NA,NA,NA,NA,NA,NA,NA,NA,NA,NA,NA,NA,NA,NA,NA,NA,NA,NA,NA,NA,NA,NA,NA,NA,NA,NA,NA,NA,NA,NA,NA,NA,NA,NA,NA,NA,NA,NA,NA,NA,NA,NA,NA,NA,NA,NA
NA,NA,NA,NA,NA,NA,NA,NA,NA,NA,NA,NA,NA,NA,NA,NA,112,2025-07-27,14:46:23,1,2,"Bell, TayShaun",1000350469,Right,202_RBI1,"Nottingham, Joe",10123642,Right,202_RBI4,Undefined,3,Top,0,1,0,Undefined,Changeup,BallCalled,Undefined,Undefined,Undefined,0,0,NA,77.8875,-1.582276,-1.100726,1846.795011,216.308986,01:15:00,6.07447,1.29152,5.44427,-31.49683,16.58871,10.76792,1.96762,1.15813,69.70751,-7.47603,0.817448,0.49909,NA,NA,NA,NA,NA,NA,NA,NA,NA,NA,NA,-5.75929,9.45233,-1.20174,50,5.91372,1.72845,-112.66242,-4.05898,-7.20849,25.46169,-20.34327,202_RBI1,202_RBI4,USABBCary1,USA Baseball,USA,20250727-USABBCary1-3,ff178010-6b19-11f0-8846-3f6e6eb56ce0,75.52238,NA,NA,8.17999,NA,NA,NA,NA,NA,NA,ff73c667-d689-4199-a12b-e162e8200460,2025-07-27,18:46:23,2025-07-27T18:46:23Z,2025-07-27T18:46:23Z,NA,v3,NA,NA,NA,"Sherrard, Evan",10955458,Right,202_RBI1,59866d75-da1f-4619-b6de-f31f19d18ee0,55.04742,-113.79742,12.73085,6.07445,-3.15215,-10.17163,-1.28595,2.04978,-3.60425,NA,NA,NA,NA,NA,NA,NA,NA,NA,NA,NA,NA,NA,NA,NA,NA,NA,NA,NA,NA,NA,NA,NA,NA,NA,NA,NA,NA,NA,NA,NA,NA,NA,NA,NA,NA,NA,NA,NA,NA,NA,NA,NA,NA,NA,NA,NA,NA,NA,NA,High,High,High,NA,NA,NA,NA,NA,NA,NA,NA,NA,NA,NA,NA,NA,NA,NA,NA,NA,NA,NA,NA,NA,NA,NA,NA,NA,NA,NA,NA,NA,NA,NA,NA,NA,NA,NA,NA,NA,NA,NA,NA,NA,NA,NA,NA,NA,NA,NA,NA,NA,NA,NA,NA,NA,NA,NA,NA,NA,NA
NA,NA,NA,NA,NA,NA,NA,NA,NA,NA,NA,NA,NA,NA,NA,NA,113,2025-07-27,14:46:37,1,3,"Bell, TayShaun",1000350469,Right,202_RBI1,"Nottingham, Joe",10123642,Right,202_RBI4,Undefined,3,Top,0,2,0,Undefined,Changeup,StrikeSwinging,Undefined,Undefined,Undefined,0,0,NA,77.91445,-0.726528,-2.845486,1814.147412,211.176929,01:00:00,6.03476,1.39194,5.47239,-31.74281,16.59603,8.81497,2.70877,-0.53846,69.20531,-6.697092,-1.277637,0.500403,NA,NA,NA,NA,NA,NA,NA,NA,NA,NA,NA,-5.43992,9.18343,-1.14774,50,5.95012,5.23309,-112.53855,-2.37219,-6.75679,26.41154,-20.76759,202_RBI1,202_RBI4,USABBCary1,USA Baseball,USA,20250727-USABBCary1-3,073e4ad0-6b1a-11f0-8846-3f6e6eb56ce0,75.32424,NA,NA,8.70915,NA,NA,NA,NA,NA,NA,ff73c667-d689-4199-a12b-e162e8200460,2025-07-27,18:46:37,2025-07-27T18:46:37Z,2025-07-27T18:46:37Z,NA,v3,NA,NA,NA,"Sherrard, Evan",10955458,Right,202_RBI1,4976ca64-3179-4472-aa15-4776a2d2edff,55.01759,-113.71002,13.20577,6.0349,-1.45106,-10.38379,-1.3865,5.53278,-3.37839,NA,NA,NA,NA,NA,NA,NA,NA,NA,NA,NA,NA,NA,NA,NA,NA,NA,NA,NA,NA,NA,NA,NA,NA,NA,NA,NA,NA,NA,NA,NA,NA,NA,NA,NA,NA,NA,NA,NA,NA,NA,NA,NA,NA,NA,NA,NA,NA,NA,NA,High,High,High,NA,NA,NA,NA,NA,NA,NA,NA,NA,NA,NA,NA,NA,NA,NA,NA,NA,NA,NA,NA,NA,NA,NA,NA,NA,NA,NA,NA,NA,NA,NA,NA,NA,NA,NA,NA,NA,NA,NA,NA,NA,NA,NA,NA,NA,NA,NA,NA,NA,NA,NA,NA,NA,NA,NA,NA,NA,NA
NA,NA,NA,NA,NA,NA,NA,NA,NA,NA,NA,NA,NA,NA,NA,NA,114,2025-07-27,14:46:52,1,4,"Bell, TayShaun",1000350469,Right,202_RBI1,"Nottingham, Joe",10123642,Right,202_RBI4,Undefined,3,Top,0,2,1,Undefined,Changeup,StrikeSwinging,Undefined,Undefined,Undefined,0,0,NA,75.45001,-1.083181,-3.069961,1811.433074,220.500086,01:15:00,5.98439,1.73911,5.34922,-35.69915,15.64434,11.63489,1.99192,-0.17353,67.74196,-7.720935,-1.004791,0.51572,NA,NA,NA,NA,NA,NA,NA,NA,NA,NA,NA,-6.86839,8.78937,-1.47112,50,5.86204,5.39447,-109.06295,-3.14107,-8.08512,23.23654,-21.82766,202_RBI1,202_RBI4,USABBCary1,USA Baseball,USA,20250727-USABBCary1-3,101ec8a0-6b1a-11f0-8846-3f6e6eb56ce0,73.08702,NA,NA,7.70805,NA,NA,NA,NA,NA,NA,ff73c667-d689-4199-a12b-e162e8200460,2025-07-27,18:46:52,2025-07-27T18:46:52Z,2025-07-27T18:46:52Z,NA,v3,NA,NA,NA,"Sherrard, Evan",10955458,Right,202_RBI1,24efb3cb-3fdf-49b1-9b9f-17f027a8d709,55.14411,-110.15348,11.61827,5.98542,-2.11666,-10.91383,-1.73319,5.77391,-4.04256,NA,NA,NA,NA,NA,NA,NA,NA,NA,NA,NA,NA,NA,NA,NA,NA,NA,NA,NA,NA,NA,NA,NA,NA,NA,NA,NA,NA,NA,NA,NA,NA,NA,NA,NA,NA,NA,NA,NA,NA,NA,NA,NA,NA,NA,NA,NA,NA,NA,NA,High,High,High,NA,NA,NA,NA,NA,NA,NA,NA,NA,NA,NA,NA,NA,NA,NA,NA,NA,NA,NA,NA,NA,NA,NA,NA,NA,NA,NA,NA,NA,NA,NA,NA,NA,NA,NA,NA,NA,NA,NA,NA,NA,NA,NA,NA,NA,NA,NA,NA,NA,NA,NA,NA,NA,NA,NA,NA,NA,NA
NA,NA,NA,NA,NA,NA,NA,NA,NA,NA,NA,NA,NA,NA,NA,NA,115,2025-07-27,14:47:06,1,5,"Bell, TayShaun",1000350469,Right,202_RBI1,"Nottingham, Joe",10123642,Right,202_RBI4,Undefined,3,Top,0,2,2,Undefined,Curveball,BallCalled,Undefined,Undefined,Undefined,0,0,NA,69.29178,4.359863,-0.693759,1631.897148,92.32011,09:00:00,5.37023,2.24792,5.44038,-58.29346,2.68862,-8.06536,4.60302,0.92617,61.80068,-6.405845,-2.126229,0.562047,NA,NA,NA,NA,NA,NA,NA,NA,NA,NA,NA,3.74977,0.58307,-2.181,50,5.7173,1.50701,-100.02254,5.90184,3.7026,19.93736,-31.59831,202_RBI1,202_RBI4,USABBCary1,USA Baseball,USA,20250727-USABBCary1-3,18a03680-6b1a-11f0-8846-3f6e6eb56ce0,67.06281,NA,NA,7.49111,NA,NA,NA,NA,NA,NA,ff73c667-d689-4199-a12b-e162e8200460,2025-07-27,18:47:06,2025-07-27T18:47:06Z,2025-07-27T18:47:06Z,NA,v3,NA,NA,NA,"Sherrard, Evan",10955458,Right,202_RBI1,70fdc813-5db6-480b-9e9d-a82190b37a4c,55.05246,-101.02461,9.96868,5.38076,7.49002,-15.79916,-2.25207,1.32092,1.8513,NA,NA,NA,NA,NA,NA,NA,NA,NA,NA,NA,NA,NA,NA,NA,NA,NA,NA,NA,NA,NA,NA,NA,NA,NA,NA,NA,NA,NA,NA,NA,NA,NA,NA,NA,NA,NA,NA,NA,NA,NA,NA,NA,NA,NA,NA,NA,NA,NA,NA,High,High,High,NA,NA,NA,NA,NA,NA,NA,NA,NA,NA,NA,NA,NA,NA,NA,NA,NA,NA,NA,NA,NA,NA,NA,NA,NA,NA,NA,NA,NA,NA,NA,NA,NA,NA,NA,NA,NA,NA,NA,NA,NA,NA,NA,NA,NA,NA,NA,NA,NA,NA,NA,NA,NA,NA,NA,NA,NA,NA
NA,NA,NA,NA,NA,NA,NA,NA,NA,NA,NA,NA,NA,NA,NA,NA,116,2025-07-27,14:47:20,1,6,"Bell, TayShaun",1000350469,Right,202_RBI1,"Nottingham, Joe",10123642,Right,202_RBI4,Undefined,3,Top,0,3,2,Undefined,Changeup,StrikeSwinging,Strikeout,Undefined,Undefined,0,0,NA,76.71956,-2.227545,-2.373115,1712.255968,205.25663,12:45:00,6.03209,1.33534,5.54426,-31.32781,17.88261,7.53182,1.33687,-0.25605,69.07298,-8.08168,-1.030173,0.504894,NA,NA,NA,NA,NA,NA,NA,NA,NA,NA,NA,-4.61071,10.33839,-1.13484,50,5.81878,4.30866,-110.95979,-5.22844,-5.62554,23.80793,-19.56017,202_RBI1,202_RBI4,USABBCary1,USA Baseball,USA,20250727-USABBCary1-3,20a2fe80-6b1a-11f0-8846-3f6e6eb56ce0,74.6542,NA,NA,7.64658,NA,NA,NA,NA,NA,NA,ff73c667-d689-4199-a12b-e162e8200460,2025-07-27,18:47:20,2025-07-27T18:47:20Z,2025-07-27T18:47:20Z,NA,v3,NA,NA,NA,"Sherrard, Evan",10955458,Right,202_RBI1,eed4908d-34a5-4419-8d59-3b7b95febe4a,54.94968,-112.01678,11.90396,6.03163,-4.36004,-9.78009,-1.33167,4.55841,-2.81277,NA,NA,NA,NA,NA,NA,NA,NA,NA,NA,NA,NA,NA,NA,NA,NA,NA,NA,NA,NA,NA,NA,NA,NA,NA,NA,NA,NA,70.6146,2.501713,1.593242,0.908472,1.0739,1.28804,0.26219,2.01425,5.82808,-1.76091,69.5292,5.01907,-55.24694,2.0494,78.9771,-5.18237,5.82483,8.48354,-10.31371,-1.81275,-65.16002,6.99638,High,High,High,NA,NA,High,High,High,NA,NA,NA,NA,NA,NA,NA,NA,NA,NA,NA,NA,NA,NA,NA,NA,NA,NA,NA,NA,NA,NA,NA,NA,NA,NA,NA,NA,NA,NA,NA,NA,NA,NA,NA,NA,NA,NA,NA,NA,NA,NA,NA,NA,NA,NA,NA,NA,NA,NA,NA,NA,NA
NA,NA,NA,NA,NA,NA,NA,NA,NA,NA,NA,NA,NA,NA,NA,NA,117,2025-07-27,14:47:47,2,1,"Bell, TayShaun",1000350469,Right,202_RBI1,"Willis, Curtis",1000350345,Right,202_RBI4,Undefined,3,Top,1,0,0,Undefined,Curveball,StrikeCalled,Undefined,Undefined,Undefined,0,0,NA,71.20335,2.269522,-1.888608,1831.281358,118.003872,10:00:00,5.63675,2.19107,5.44254,-50.22152,6.80071,-8.95792,3.57888,-0.3244,64.36449,-6.987837,-3.480215,0.543492,NA,NA,NA,NA,NA,NA,NA,NA,NA,NA,NA,3.85681,3.32248,-2.01786,50,5.80358,3.72769,-103.05682,2.58638,4.08261,19.63969,-28.65704,202_RBI1,202_RBI4,USABBCary1,USA Baseball,USA,20250727-USABBCary1-3,309ca7a0-6b1a-11f0-8846-3f6e6eb56ce0,69.35228,NA,NA,6.83886,NA,NA,NA,NA,NA,NA,ff73c667-d689-4199-a12b-e162e8200460,2025-07-27,18:47:47,2025-07-27T18:47:47Z,2025-07-27T18:47:47Z,NA,v3,NA,NA,NA,"Sherrard, Evan",10955458,Right,202_RBI1,a4f7248b-391c-4419-af6a-b267d6cb0b01,55.05179,-104.01509,9.81985,5.64327,3.98464,-14.32852,-2.19489,3.52849,2.04131,NA,NA,NA,NA,NA,NA,NA,NA,NA,NA,NA,NA,NA,NA,NA,NA,NA,NA,NA,NA,NA,NA,NA,NA,NA,NA,NA,NA,NA,NA,NA,NA,NA,NA,NA,NA,NA,NA,NA,NA,NA,NA,NA,NA,NA,NA,NA,NA,NA,NA,High,High,High,NA,NA,NA,NA,NA,NA,NA,NA,NA,NA,NA,NA,NA,NA,NA,NA,NA,NA,NA,NA,NA,NA,NA,NA,NA,NA,NA,NA,NA,NA,NA,NA,NA,NA,NA,NA,NA,NA,NA,NA,NA,NA,NA,NA,NA,NA,NA,NA,NA,NA,NA,NA,NA,NA,NA,NA,NA,NA
NA,NA,NA,NA,NA,NA,NA,NA,NA,NA,NA,NA,NA,NA,NA,NA,118,2025-07-27,14:47:56,2,2,"Bell, TayShaun",1000350469,Right,202_RBI1,"Willis, Curtis",1000350345,Right,202_RBI4,Undefined,3,Top,1,0,1,Undefined,Changeup,BallCalled,Undefined,Undefined,Undefined,0,0,NA,75.67714,1.218542,-1.550052,1680.767511,214.50129,01:15:00,5.99588,1.40821,5.57706,-33.6073,16.58804,10.13843,4.33395,0.80502,68.07008,-5.086857,0.257753,0.509921,NA,NA,NA,NA,NA,NA,NA,NA,NA,NA,NA,-5.57701,8.51481,-1.28141,50,6.07935,2.57272,-109.59761,1.3627,-6.67336,22.30009,-21.98538,202_RBI1,202_RBI4,USABBCary1,USA Baseball,USA,20250727-USABBCary1-3,365cf9b0-6b1a-11f0-8846-3f6e6eb56ce0,73.91818,NA,NA,7.60706,NA,NA,NA,NA,NA,NA,ff73c667-d689-4199-a12b-e162e8200460,2025-07-27,18:47:56,2025-07-27T18:47:56Z,2025-07-27T18:47:56Z,NA,v3,NA,NA,NA,"Sherrard, Evan",10955458,Right,202_RBI1,7e93d120-96e7-4a04-8615-e834cdc602b4,54.91563,-110.59328,11.15005,5.99659,2.34432,-10.99269,-1.40293,2.87068,-3.33668,NA,NA,NA,NA,NA,NA,NA,NA,NA,NA,NA,NA,NA,NA,NA,NA,NA,NA,NA,NA,NA,NA,NA,NA,NA,NA,NA,NA,NA,NA,NA,NA,NA,NA,NA,NA,NA,NA,NA,NA,NA,NA,NA,NA,NA,NA,NA,NA,NA,NA,High,High,High,NA,NA,NA,NA,NA,NA,NA,NA,NA,NA,NA,NA,NA,NA,NA,NA,NA,NA,NA,NA,NA,NA,NA,NA,NA,NA,NA,NA,NA,NA,NA,NA,NA,NA,NA,NA,NA,NA,NA,NA,NA,NA,NA,NA,NA,NA,NA,NA,NA,NA,NA,NA,NA,NA,NA,NA,NA,NA
NA,NA,NA,NA,NA,NA,NA,NA,NA,NA,NA,NA,NA,NA,NA,NA,119,2025-07-27,14:48:28,2,3,"Bell, TayShaun",1000350469,Right,202_RBI1,"Willis, Curtis",1000350345,Right,202_RBI4,Undefined,3,Top,1,1,1,Undefined,Changeup,FoulBallNotFieldable,Undefined,Undefined,Undefined,0,0,NA,78.6756,-2.119714,-1.957013,1698.693993,224.398287,01:30:00,5.96545,1.64059,5.41198,-32.87092,14.03891,11.99308,1.23828,0.80587,70.9721,-8.215025,0.178131,0.49295,86.01494,-9.230451,-83.009917,NA,NA,NA,NA,12.74284,11.69805,-62.555754,0.084142,-6.76733,8.27209,-1.47547,50,5.75436,3.42523,-113.87314,-5.24269,-8.70232,24.93753,-21.5367,202_RBI1,202_RBI4,USABBCary1,USA Baseball,USA,20250727-USABBCary1-3,4976ce90-6b1a-11f0-8846-3f6e6eb56ce0,76.46294,1.70511,NA,7.70351,NA,NA,NA,4.59609,1.70511,-0.89439,ff73c667-d689-4199-a12b-e162e8200460,2025-07-27,18:48:28,2025-07-27T18:48:28Z,2025-07-27T18:48:28Z,GroundBall,v3,NA,NA,NA,"Sherrard, Evan",10955458,Right,202_RBI1,503a5681-689f-434a-9fbc-89959745e276,55.08519,-114.98138,12.46877,5.96608,-4.28559,-10.76835,-1.63628,3.81196,-4.35116,180,4.5958,15.17544,NA,NA,NA,NA,NA,NA,NA,1.7055,-20.2647,NA,NA,NA,NA,NA,NA,NA,-0.89201,-123.77119,NA,NA,NA,NA,NA,NA,NA,NA,NA,NA,NA,NA,NA,NA,NA,NA,NA,NA,NA,NA,NA,NA,NA,NA,NA,NA,NA,NA,NA,High,High,High,High,High,NA,NA,NA,NA,NA,NA,NA,NA,NA,NA,NA,NA,NA,NA,NA,NA,NA,NA,NA,NA,NA,NA,NA,NA,NA,NA,NA,NA,NA,NA,NA,NA,NA,NA,NA,NA,NA,NA,NA,NA,NA,NA,NA,NA,NA,NA,NA,NA,NA,NA,NA,NA,NA,NA,NA,NA
NA,NA,NA,NA,NA,NA,NA,NA,NA,NA,NA,NA,NA,NA,NA,NA,120,2025-07-27,14:48:53,2,4,"Bell, TayShaun",1000350469,Right,202_RBI1,"Willis, Curtis",1000350345,Right,202_RBI4,Undefined,3,Top,1,1,2,Undefined,Changeup,FoulBallNotFieldable,Undefined,Undefined,Undefined,0,0,NA,79.29387,-1.316906,-3.234329,1800.870808,213.226951,01:00:00,5.96798,1.10556,5.55808,-26.42639,19.35985,11.56918,2.53322,-0.95538,71.51565,-6.291868,-1.174626,0.487011,76.31251,-6.42381,-52.557147,NA,NA,NA,NA,21.38926,20.73667,-43.320109,0.17773,-6.95134,10.71296,-0.83403,50,5.83721,6.03751,-114.76753,-3.41104,-9.12256,24.42158,-18.11492,202_RBI1,202_RBI4,USABBCary1,USA Baseball,USA,20250727-USABBCary1-3,586aa070-6b1a-11f0-8846-3f6e6eb56ce0,77.39545,2.84579,NA,7.77822,NA,NA,NA,3.98442,2.84579,0.84385,ff73c667-d689-4199-a12b-e162e8200460,2025-07-27,18:48:53,2025-07-27T18:48:53Z,2025-07-27T18:48:53Z,GroundBall,v3,NA,NA,NA,"Sherrard, Evan",10955458,Right,202_RBI1,3fbcd5ae-6013-4ab5-9250-d79efaa95601,54.93884,-115.81371,12.21079,5.96671,-2.63503,-9.05746,-1.10103,6.4283,-4.56128,63.331063,3.98484,67.58889,-13.8161,NA,NA,NA,NA,NA,NA,2.84632,-12.56165,-19.4489,NA,NA,NA,NA,NA,NA,0.84392,-88.3118,5.60398,NA,NA,NA,NA,NA,NA,NA,NA,NA,NA,NA,NA,NA,NA,NA,NA,NA,NA,NA,NA,NA,NA,NA,NA,NA,NA,NA,NA,High,High,High,High,High,NA,NA,NA,NA,NA,NA,NA,NA,NA,NA,NA,NA,NA,NA,NA,NA,NA,NA,NA,NA,NA,NA,NA,NA,NA,NA,NA,NA,NA,NA,NA,NA,NA,NA,NA,NA,NA,NA,NA,NA,NA,NA,NA,NA,NA,NA,NA,NA,NA,NA,NA,NA,NA,NA,NA,NA
NA,NA,NA,NA,NA,NA,NA,NA,NA,NA,NA,NA,NA,NA,NA,NA,121,2025-07-27,14:49:31,2,5,"Bell, TayShaun",1000350469,Right,202_RBI1,"Willis, Curtis",1000350345,Right,202_RBI4,Undefined,3,Top,1,1,2,Undefined,Curveball,InPlay,Undefined,GroundBall,Out,1,0,NA,73.92234,-0.891422,-2.787712,1820.214347,195.104508,12:30:00,5.46318,1.63477,5.73018,-38.9051,13.69406,3.15154,1.38986,-0.70084,66.63039,-8.139055,-2.224253,0.521988,43.79162,-26.17246,27.096415,NA,NA,NA,NA,7.0248,6.91213,17.906764,0.05973,-2.57799,7.82682,-1.40424,50,5.36522,5.09908,-107.00953,-2.76385,-2.92201,22.34021,-23.30283,202_RBI1,202_RBI4,USABBCary1,USA Baseball,USA,20250727-USABBCary1-3,6f2c95c0-6b1a-11f0-8846-3f6e6eb56ce0,72.20936,1.70291,NA,7.29194,NA,NA,NA,3.59984,1.70291,0.58165,ff73c667-d689-4199-a12b-e162e8200460,2025-07-27,18:49:31,2025-07-27T18:49:31Z,2025-07-27T18:49:31Z,GroundBall,v3,NA,NA,NA,"Sherrard, Evan",10955458,Right,202_RBI1,7d2bc6c0-4eef-4037-a13c-e3f45ddfd0e1,54.76578,-107.9999,11.17011,5.46484,-1.73081,-11.65141,-1.63316,5.22862,-1.461,180,3.59669,51.64314,NA,NA,NA,NA,NA,NA,NA,1.70465,-28.50997,NA,NA,NA,NA,NA,NA,NA,0.58004,26.42306,NA,NA,NA,NA,NA,NA,NA,NA,NA,NA,NA,NA,NA,NA,NA,NA,NA,NA,NA,NA,NA,NA,NA,NA,NA,NA,NA,NA,NA,High,High,High,High,High,NA,NA,NA,NA,NA,NA,NA,NA,NA,NA,NA,NA,NA,NA,NA,NA,NA,NA,NA,NA,NA,NA,NA,NA,NA,NA,NA,NA,NA,NA,NA,NA,NA,NA,NA,NA,NA,NA,NA,NA,NA,NA,NA,NA,NA,NA,NA,NA,NA,NA,NA,NA,NA,NA,NA,NA
NA,NA,NA,NA,NA,NA,NA,NA,NA,NA,NA,NA,NA,NA,NA,NA,122,2025-07-27,14:50:07,3,1,"Bell, TayShaun",1000350469,Right,202_RBI1,"Hagan, Michael",10955475,Right,202_RBI4,Undefined,3,Top,2,0,0,Undefined,Changeup,StrikeSwinging,Undefined,Undefined,Undefined,0,0,NA,76.57136,-0.097528,-3.119462,1746.66507,206.475104,01:00:00,5.96902,1.64415,5.49725,-31.52498,18.63269,8.21284,3.25058,-0.59216,67.75492,-6.060081,-1.65938,0.50973,NA,NA,NA,NA,NA,NA,NA,NA,NA,NA,NA,-5.26618,9.99823,-1.37668,50,5.94017,5.69351,-110.54048,-1.08573,-6.29372,25.96047,-20.22497,202_RBI1,202_RBI4,USABBCary1,USA Baseball,USA,20250727-USABBCary1-3,844f5a00-6b1a-11f0-8846-3f6e6eb56ce0,73.94593,NA,NA,8.81645,NA,NA,NA,NA,NA,NA,ff73c667-d689-4199-a12b-e162e8200460,2025-07-27,18:50:07,2025-07-27T18:50:07Z,2025-07-27T18:50:07Z,NA,v3,NA,NA,NA,"Sherrard, Evan",10955458,Right,202_RBI1,13c844df-766b-4178-956b-c706ac972348,54.99178,-111.70665,12.98024,5.96854,-0.17721,-10.11249,-1.63879,5.97623,-3.14686,NA,NA,NA,NA,NA,NA,NA,NA,NA,NA,NA,NA,NA,NA,NA,NA,NA,NA,NA,NA,NA,NA,NA,NA,NA,NA,NA,NA,NA,NA,NA,NA,NA,NA,NA,NA,NA,NA,NA,NA,NA,NA,NA,NA,NA,NA,NA,NA,NA,NA,High,High,High,NA,NA,NA,NA,NA,NA,NA,NA,NA,NA,NA,NA,NA,NA,NA,NA,NA,NA,NA,NA,NA,NA,NA,NA,NA,NA,NA,NA,NA,NA,NA,NA,NA,NA,NA,NA,NA,NA,NA,NA,NA,NA,NA,NA,NA,NA,NA,NA,NA,NA,NA,NA,NA,NA,NA,NA,NA,NA
NA,NA,NA,NA,NA,NA,NA,NA,NA,NA,NA,NA,NA,NA,NA,NA,123,2025-07-27,14:50:20,3,2,"Bell, TayShaun",1000350469,Right,202_RBI1,"Hagan, Michael",10955475,Right,202_RBI4,Undefined,3,Top,2,0,1,Undefined,Changeup,FoulBallNotFieldable,Undefined,Undefined,Undefined,0,0,NA,76.84789,-0.688335,-2.217353,1717.045357,233.937684,01:45:00,6.0702,1.42418,5.53216,-36.05888,13.30174,15.49973,2.42136,0.64211,68.58916,-7.424994,0.546617,0.505664,82.49961,-3.034678,-49.361857,NA,NA,NA,NA,31.85129,31.0653,-45.194492,0.24742,-8.69579,7.51099,-1.24249,50,5.987,3.71285,-111.18189,-2.41892,-10.5556,25.54653,-23.05664,202_RBI1,202_RBI4,USABBCary1,USA Baseball,USA,20250727-USABBCary1-3,8c4ec6a0-6b1a-11f0-8846-3f6e6eb56ce0,74.54054,2.78416,NA,8.25873,NA,NA,NA,4.15957,2.78416,-0.62855,ff73c667-d689-4199-a12b-e162e8200460,2025-07-27,18:50:20,2025-07-27T18:50:20Z,2025-07-27T18:50:20Z,GroundBall,v3,NA,NA,NA,"Sherrard, Evan",10955458,Right,202_RBI1,f8106f27-79cc-4631-9d3c-7317a0158ef7,54.96326,-112.31652,12.77326,6.0717,-1.39488,-11.52832,-1.4178,4.1816700000000004,-5.2778,62.900956,4.16257,78.53283,-18.79121,NA,NA,NA,NA,NA,NA,2.78639,-6.52615,-19.17561,NA,NA,NA,NA,NA,NA,-0.62955,-91.63649,11.51015,NA,NA,NA,NA,NA,NA,NA,NA,NA,NA,NA,NA,NA,NA,NA,NA,NA,NA,NA,NA,NA,NA,NA,NA,NA,NA,NA,NA,High,High,High,High,High,NA,NA,NA,NA,NA,NA,NA,NA,NA,NA,NA,NA,NA,NA,NA,NA,NA,NA,NA,NA,NA,NA,NA,NA,NA,NA,NA,NA,NA,NA,NA,NA,NA,NA,NA,NA,NA,NA,NA,NA,NA,NA,NA,NA,NA,NA,NA,NA,NA,NA,NA,NA,NA,NA,NA,NA
NA,NA,NA,NA,NA,NA,NA,NA,NA,NA,NA,NA,NA,NA,NA,NA,124,2025-07-27,14:51:35,3,3,"Bell, TayShaun",1000350469,Right,202_RBI1,"Hagan, Michael",10955475,Right,202_RBI4,Undefined,3,Top,2,0,2,Undefined,Changeup,InPlay,Undefined,GroundBall,Out,1,0,NA,78.39346,0.035091,-2.189433,1774.406704,211.068715,01:00:00,6.00847,1.29225,5.5367,-28.69002,18.35056,9.97335,3.65046,0.07596,70.26982,-5.37542,-0.412865,0.493637,66.82865,-13.618548,-38.699326,NA,NA,NA,NA,18.28863,16.9664,-32.984593,0.162634,-5.82949,9.76792,-1.10929,50,5.99312,3.95469,-113.5136,-0.7663,-7.44022,25.00528,-19.70718,202_RBI1,202_RBI4,USABBCary1,USA Baseball,USA,20250727-USABBCary1-3,b8a26ea0-6b1a-11f0-8846-3f6e6eb56ce0,76.3566,3.77472,NA,8.12363,NA,NA,NA,3.181,3.77472,-0.21496,ff73c667-d689-4199-a12b-e162e8200460,2025-07-27,18:51:35,2025-07-27T18:51:35Z,2025-07-27T18:51:35Z,GroundBall,v3,NA,NA,NA,"Sherrard, Evan",10955458,Right,202_RBI1,287653c7-c61b-40e0-9ffb-88b51f901b21,54.95931,-114.60085,12.50264,6.00781,0.09058,-9.85359,-1.28828,4.2782,-3.72011,180,3.16991,74.76776,NA,NA,NA,NA,NA,NA,NA,3.77816,-23.20985,NA,NA,NA,NA,NA,NA,NA,-0.20608,-59.89882,NA,NA,NA,NA,NA,NA,NA,NA,NA,NA,NA,NA,NA,NA,NA,NA,NA,NA,NA,NA,NA,NA,NA,NA,NA,NA,NA,NA,NA,High,High,High,High,Medium,NA,NA,NA,NA,NA,NA,NA,NA,NA,NA,NA,NA,NA,NA,NA,NA,NA,NA,NA,NA,NA,NA,NA,NA,NA,NA,NA,NA,NA,NA,NA,NA,NA,NA,NA,NA,NA,NA,NA,NA,NA,NA,NA,NA,NA,NA,NA,NA,NA,NA,NA,NA,NA,NA,NA,NA
NA,NA,NA,NA,NA,NA,NA,NA,NA,NA,NA,NA,NA,NA,NA,NA,125,2025-07-27,14:54:56,1,1,"Pineda, Teddy",10955479,Right,202_RBI4,"Davis, Desmond",10869320,Right,202_RBI1,Undefined,3,Bottom,0,0,0,Undefined,Changeup,BallCalled,Undefined,Undefined,Undefined,0,0,NA,72.61883,1.698546,-2.646433,1862.23508,245.183568,02:15:00,5.16625,1.80279,4.92171,-44.20156,12.23859,21.63568,3.09079,1.10202,64.83514,-6.453273,1.163061,0.540711,NA,NA,NA,NA,NA,NA,NA,NA,NA,NA,NA,-11.44469,6.10122,-1.56332,50,5.29648,3.97271,-104.87717,1.70776,-12.43761,21.74852,-25.54349,202_RBI1,202_RBI4,USABBCary1,USA Baseball,USA,20250727-USABBCary1-3,30ce97a0-6b1b-11f0-8846-3f6e6eb56ce0,69.70898,NA,NA,7.78369,NA,NA,NA,NA,NA,NA,ff73c667-d689-4199-a12b-e162e8200460,2025-07-27,18:54:56,2025-07-27T18:54:56Z,2025-07-27T18:54:56Z,NA,v3,NA,NA,NA,"Hagan, Michael",10955475,Right,202_RBI4,eefed0a1-16e2-4f86-b521-1e1024b678fd,55.57066,-106.02607,10.87426,5.17062,3.05713,-12.77175,-1.79054,4.62975,-6.2188,NA,NA,NA,NA,NA,NA,NA,NA,NA,NA,NA,NA,NA,NA,NA,NA,NA,NA,NA,NA,NA,NA,NA,NA,NA,NA,NA,NA,NA,NA,NA,NA,NA,NA,NA,NA,NA,NA,NA,NA,NA,NA,NA,NA,NA,NA,NA,NA,NA,NA,High,High,High,NA,NA,NA,NA,NA,NA,NA,NA,NA,NA,NA,NA,NA,NA,NA,NA,NA,NA,NA,NA,NA,NA,NA,NA,NA,NA,NA,NA,NA,NA,NA,NA,NA,NA,NA,NA,NA,NA,NA,NA,NA,NA,NA,NA,NA,NA,NA,NA,NA,NA,NA,NA,NA,NA,NA,NA,NA,NA
NA,NA,NA,NA,NA,NA,NA,NA,NA,NA,NA,NA,NA,NA,NA,NA,126,2025-07-27,14:55:10,1,2,"Pineda, Teddy",10955479,Right,202_RBI4,"Davis, Desmond",10869320,Right,202_RBI1,Undefined,3,Bottom,0,1,0,Undefined,Changeup,BallCalled,Undefined,Undefined,Undefined,0,0,NA,74.38457,-1.271388,-4.318526,1922.068316,242.463996,02:00:00,4.9697,1.68603,5.01637,-41.53467,12.15808,19.18497,0.30499,-0.79859,66.78574,-8.896713,-0.937543,0.527387,NA,NA,NA,NA,NA,NA,NA,NA,NA,NA,NA,-10.95611,7.07678,-1.2877,50,4.81498,7.33655,-107.31386,-3.72018,-12.47567,22.64513,-24.11577,202_RBI1,202_RBI4,USABBCary1,USA Baseball,USA,20250727-USABBCary1-3,39348e40-6b1b-11f0-8846-3f6e6eb56ce0,71.47021,NA,NA,7.59883,NA,NA,NA,NA,NA,NA,ff73c667-d689-4199-a12b-e162e8200460,2025-07-27,18:55:10,2025-07-27T18:55:10Z,2025-07-27T18:55:10Z,NA,v3,NA,NA,NA,"Hagan, Michael",10955475,Right,202_RBI4,da56b460-aef8-4018-bfa9-dff0a5704c69,55.47787,-108.46363,11.32256,4.97278,-2.49574,-12.05789,-1.67629,7.96998,-6.23784,NA,NA,NA,NA,NA,NA,NA,NA,NA,NA,NA,NA,NA,NA,NA,NA,NA,NA,NA,NA,NA,NA,NA,NA,NA,NA,NA,NA,NA,NA,NA,NA,NA,NA,NA,NA,NA,NA,NA,NA,NA,NA,NA,NA,NA,NA,NA,NA,NA,NA,High,High,High,NA,NA,NA,NA,NA,NA,NA,NA,NA,NA,NA,NA,NA,NA,NA,NA,NA,NA,NA,NA,NA,NA,NA,NA,NA,NA,NA,NA,NA,NA,NA,NA,NA,NA,NA,NA,NA,NA,NA,NA,NA,NA,NA,NA,NA,NA,NA,NA,NA,NA,NA,NA,NA,NA,NA,NA,NA,NA
NA,NA,NA,NA,NA,NA,NA,NA,NA,NA,NA,NA,NA,NA,NA,NA,127,2025-07-27,14:55:26,1,3,"Pineda, Teddy",10955479,Right,202_RBI4,"Davis, Desmond",10869320,Right,202_RBI1,Undefined,3,Bottom,0,2,0,Undefined,Changeup,FoulBallNotFieldable,Undefined,Undefined,Undefined,0,0,NA,74.12206,1.510339,-3.253397,1930.169331,234.954742,01:45:00,5.06739,1.46925,4.84221,-41.4125,12.44237,14.92426,3.04897,-0.37068,66.75346,-6.091942,-0.632367,0.528182,58.13417,21.897086,160.327179,4123.125434,NA,NA,NA,115.52951,49.16987,165.60926,1.753004,-8.42705,6.17158,-1.16104,50,5.18232,5.4976,-107.13383,1.47996,-9.64562,21.12852,-25.11005,202_RBI1,202_RBI4,USABBCary1,USA Baseball,USA,20250727-USABBCary1-3,425b15c0-6b1b-11f0-8846-3f6e6eb56ce0,71.36254,15.39243,NA,7.36859,NA,NA,NA,1.9472,3.0642,0.34511,ff73c667-d689-4199-a12b-e162e8200460,2025-07-27,18:55:26,2025-07-27T18:55:26Z,2025-07-27T18:55:26Z,GroundBall,v3,NA,NA,NA,"Hagan, Michael",10955475,Right,202_RBI4,8969a76e-8ed3-469a-8531-56a025eea11a,55.65413,-108.24317,10.56426,5.07001,2.79835,-12.55503,-1.46298,6.00404,-4.82281,305.47666,1.9472,-74.49563,5.11471,0.0282,0.49384,-0.79114,0.6864,-0.29105,0.04704,3.06421,31.79723,-21.85065,1.91727,-0.19686,-0.13021,0.13908,-0.05143,0.00684,0.34511,26.63367,-6.88931,0.84672,-0.50906,0.58851,-0.49329,0.21162,-0.03477,NA,NA,NA,NA,NA,NA,NA,NA,NA,NA,NA,NA,NA,NA,NA,NA,NA,NA,NA,NA,NA,NA,High,High,High,High,Medium,NA,NA,NA,NA,NA,NA,NA,NA,NA,NA,NA,NA,NA,NA,NA,NA,NA,NA,NA,NA,NA,NA,NA,NA,NA,NA,NA,NA,NA,NA,NA,NA,NA,NA,NA,NA,NA,NA,NA,NA,NA,NA,NA,NA,NA,NA,NA,NA,NA,NA,NA,NA,NA,NA,NA,NA
NA,NA,NA,NA,NA,NA,NA,NA,NA,NA,NA,NA,NA,NA,NA,NA,128,2025-07-27,14:55:52,1,4,"Pineda, Teddy",10955479,Right,202_RBI4,"Davis, Desmond",10869320,Right,202_RBI1,Undefined,3,Bottom,0,2,1,Undefined,Changeup,BallCalled,Undefined,Undefined,Undefined,0,0,NA,76.83333,2.222375,-2.066245,1887.181782,230.914666,01:45:00,5.18291,1.82019,4.99043,-33.90163,17.287960000000002,18.47225,4.45858,1.40773,67.18709,-4.159509,1.189532,0.514947,NA,NA,NA,NA,NA,NA,NA,NA,NA,NA,NA,-9.79237,8.24886,-1.63664,50,5.37121,3.19467,-110.71268,3.24481,-11.64868,27.40931,-22.3615,202_RBI1,202_RBI4,USABBCary1,USA Baseball,USA,20250727-USABBCary1-3,51ae1ea0-6b1b-11f0-8846-3f6e6eb56ce0,73.19678,NA,NA,9.64623,NA,NA,NA,NA,NA,NA,ff73c667-d689-4199-a12b-e162e8200460,2025-07-27,18:55:52,2025-07-27T18:55:52Z,2025-07-27T18:55:52Z,NA,v3,NA,NA,NA,"Hagan, Michael",10955475,Right,202_RBI4,a2f250c8-0d57-480c-a067-aeb4ce51689c,55.49688,-112.06529,13.70466,5.18386,4.34832,-11.18075,-1.80847,3.76951,-5.82434,NA,NA,NA,NA,NA,NA,NA,NA,NA,NA,NA,NA,NA,NA,NA,NA,NA,NA,NA,NA,NA,NA,NA,NA,NA,NA,NA,NA,NA,NA,NA,NA,NA,NA,NA,NA,NA,NA,NA,NA,NA,NA,NA,NA,NA,NA,NA,NA,NA,NA,High,High,High,NA,NA,NA,NA,NA,NA,NA,NA,NA,NA,NA,NA,NA,NA,NA,NA,NA,NA,NA,NA,NA,NA,NA,NA,NA,NA,NA,NA,NA,NA,NA,NA,NA,NA,NA,NA,NA,NA,NA,NA,NA,NA,NA,NA,NA,NA,NA,NA,NA,NA,NA,NA,NA,NA,NA,NA,NA,NA
NA,NA,NA,NA,NA,NA,NA,NA,NA,NA,NA,NA,NA,NA,NA,NA,129,2025-07-27,14:56:35,1,5,"Pineda, Teddy",10955479,Right,202_RBI4,"Davis, Desmond",10869320,Right,202_RBI1,Undefined,3,Bottom,0,3,1,Undefined,Curveball,BallCalled,Walk,Undefined,Undefined,0,0,NA,65.86478,0.444512,-4.61161,1629.73508,100.842309,09:15:00,5.56579,1.12317,5.2935,-65.29948,4.40835,-6.06563,0.54289,-3.7216,58.28153,-11.526258,-5.683679,0.600914,NA,NA,NA,NA,NA,NA,NA,NA,NA,NA,NA,0.99882,3.00469,-0.69821,50,5.56063,7.85567,-94.73469,-1.11375,0.86105,21.37841,-29.58376,202_RBI1,202_RBI4,USABBCary1,USA Baseball,USA,20250727-USABBCary1-3,6bb2e2e0-6b1b-11f0-8846-3f6e6eb56ce0,62.7252,NA,NA,7.58325,NA,NA,NA,NA,NA,NA,ff73c667-d689-4199-a12b-e162e8200460,2025-07-27,18:56:35,2025-07-27T18:56:35Z,2025-07-27T18:56:35Z,NA,v3,NA,NA,NA,"Hagan, Michael",10955475,Right,202_RBI4,902ca481-0f10-4ca4-a8e7-a6b6fec95243,55.19504,-95.89987,10.68921,5.57739,0.49864000000000003,-14.79188,-1.12509,7.80874,0.43052,NA,NA,NA,NA,NA,NA,NA,NA,NA,NA,NA,NA,NA,NA,NA,NA,NA,NA,NA,NA,NA,NA,NA,NA,NA,NA,NA,NA,NA,NA,NA,NA,NA,NA,NA,NA,NA,NA,NA,NA,NA,NA,NA,NA,NA,NA,NA,NA,NA,NA,High,High,High,NA,NA,NA,NA,NA,NA,NA,NA,NA,NA,NA,NA,NA,NA,NA,NA,NA,NA,NA,NA,NA,NA,NA,NA,NA,NA,NA,NA,NA,NA,NA,NA,NA,NA,NA,NA,NA,NA,NA,NA,NA,NA,NA,NA,NA,NA,NA,NA,NA,NA,NA,NA,NA,NA,NA,NA,NA,NA
NA,NA,NA,NA,NA,NA,NA,NA,NA,NA,NA,NA,NA,NA,NA,NA,130,2025-07-27,14:58:23,2,1,"Pineda, Teddy",10955479,Right,202_RBI4,"Jones, Preston",10313555,Left,202_RBI1,Undefined,3,Bottom,0,0,0,Undefined,Other,BallCalled,Undefined,Undefined,Undefined,0,0,NA,70.70315,1.811808,-4.896425,1654.855263,236.559186,02:00:00,4.9324,1.98883,5.01646,-47.47884,12.55548,15.18753,2.69256,-1.37785,62.68695,-6.958691,-2.229659,0.557662,NA,NA,NA,NA,NA,NA,NA,NA,NA,NA,NA,-9.50406,6.13118,-1.532,50,5.06935,8.16797,-101.82926,1.8079,-9.64669,21.90753,-25.95085,202_RBI1,202_RBI4,USABBCary1,USA Baseball,USA,20250727-USABBCary1-3,ac2c2a70-6b1b-11f0-8846-3f6e6eb56ce0,67.5901,NA,NA,8.0162,NA,NA,NA,NA,NA,NA,ff73c667-d689-4199-a12b-e162e8200460,2025-07-27,18:58:23,2025-07-27T18:58:23Z,2025-07-27T18:58:23Z,NA,v3,NA,NA,NA,"Hagan, Michael",10955475,Right,202_RBI4,43a94552-a41a-4627-a9df-595b8fb71757,55.47992,-103.00146,10.95376,4.93546,3.19644,-12.97543,-1.98285,8.68413,-4.82335,NA,NA,NA,NA,NA,NA,NA,NA,NA,NA,NA,NA,NA,NA,NA,NA,NA,NA,NA,NA,NA,NA,NA,NA,NA,NA,NA,NA,NA,NA,NA,NA,NA,NA,NA,NA,NA,NA,NA,NA,NA,NA,NA,NA,NA,NA,NA,NA,NA,NA,High,High,High,NA,NA,NA,NA,NA,NA,NA,NA,NA,NA,NA,NA,NA,NA,NA,NA,NA,NA,NA,NA,NA,NA,NA,NA,NA,NA,NA,NA,NA,NA,NA,NA,NA,NA,NA,NA,NA,NA,NA,NA,NA,NA,NA,NA,NA,NA,NA,NA,NA,NA,NA,NA,NA,NA,NA,NA,NA,NA
NA,NA,NA,NA,NA,NA,NA,NA,NA,NA,NA,NA,NA,NA,NA,NA,131,2025-07-27,14:58:43,2,2,"Pineda, Teddy",10955479,Right,202_RBI4,"Jones, Preston",10313555,Left,202_RBI1,Undefined,3,Bottom,0,1,0,Undefined,Changeup,StrikeCalled,Undefined,Undefined,Undefined,0,0,NA,73.6549,1.444715,-4.391362,1654.489418,234.752364,01:45:00,4.90492,1.86548,5.14175,-41.01105,13.90198,16.42895,2.85193,-0.90832,65.29027,-6.178913,-1.496127,0.533346,NA,NA,NA,NA,NA,NA,NA,NA,NA,NA,NA,-9.66489,7.02902,-1.46653,50,5.01023,7.49042,-106.13893,1.42509,-10.69536,23.22811,-24.39561,202_RBI1,202_RBI4,USABBCary1,USA Baseball,USA,20250727-USABBCary1-3,b81d6ab0-6b1b-11f0-8846-3f6e6eb56ce0,70.67165,NA,NA,8.36464,NA,NA,NA,NA,NA,NA,ff73c667-d689-4199-a12b-e162e8200460,2025-07-27,18:58:43,2025-07-27T18:58:43Z,2025-07-27T18:58:43Z,NA,v3,NA,NA,NA,"Hagan, Michael",10955475,Right,202_RBI4,297a933f-2714-4de3-8ac7-82bfa98ebf78,55.34888,-107.30313,11.61406,4.90816,2.6478,-12.1978,-1.85539,8.02647,-5.34768,NA,NA,NA,NA,NA,NA,NA,NA,NA,NA,NA,NA,NA,NA,NA,NA,NA,NA,NA,NA,NA,NA,NA,NA,NA,NA,NA,NA,NA,NA,NA,NA,NA,NA,NA,NA,NA,NA,NA,NA,NA,NA,NA,NA,NA,NA,NA,NA,NA,NA,High,High,High,NA,NA,NA,NA,NA,NA,NA,NA,NA,NA,NA,NA,NA,NA,NA,NA,NA,NA,NA,NA,NA,NA,NA,NA,NA,NA,NA,NA,NA,NA,NA,NA,NA,NA,NA,NA,NA,NA,NA,NA,NA,NA,NA,NA,NA,NA,NA,NA,NA,NA,NA,NA,NA,NA,NA,NA,NA,NA
NA,NA,NA,NA,NA,NA,NA,NA,NA,NA,NA,NA,NA,NA,NA,NA,132,2025-07-27,14:59:05,2,3,"Pineda, Teddy",10955479,Right,202_RBI4,"Jones, Preston",10313555,Left,202_RBI1,Undefined,3,Bottom,0,1,1,Undefined,Other,FoulBallNotFieldable,Undefined,Undefined,Undefined,0,0,NA,72.75808,1.24048,-3.024789,1679.632934,245.479469,02:15:00,4.93163,1.91502,4.97635,-44.61124,12.58135,21.8695,2.38742,0.87804,63.83321,-7.050633,0.82936,0.544304,54.40736,19.602146,-152.855831,2283.130658,NA,NA,NA,NA,31.11867,NA,NA,-11.96662,6.41516,-1.64172,50,5.01664,4.66393,-104.85274,0.88416,-12.73719,24.96458,-25.34579,202_RBI1,202_RBI4,USABBCary1,USA Baseball,USA,20250727-USABBCary1-3,c51f0980-6b1b-11f0-8846-3f6e6eb56ce0,69.24891,10.71881,NA,8.92486,NA,NA,NA,0.75361,2.58128,-0.95786,ff73c667-d689-4199-a12b-e162e8200460,2025-07-27,18:59:05,2025-07-27T18:59:05Z,2025-07-27T18:59:05Z,NA,v3,NA,NA,NA,"Hagan, Michael",10955475,Right,202_RBI4,c8117ca1-a49e-4989-8224-d464dac14065,55.51438,-106.15755,12.48229,4.93581,2.2089,-12.6729,-1.90288,5.32966,-6.3686,81.736489,0.75319,-66.88274,5.49329,NA,NA,NA,NA,NA,NA,2.58879,26.54436,-18.64856,NA,NA,NA,NA,NA,NA,-0.97242,-33.85464,11.954650000000001,NA,NA,NA,NA,NA,NA,NA,NA,NA,NA,NA,NA,NA,NA,NA,NA,NA,NA,NA,NA,NA,NA,NA,NA,NA,NA,NA,NA,High,High,High,Medium,Undefined,NA,NA,NA,NA,NA,NA,NA,NA,NA,NA,NA,NA,NA,NA,NA,NA,NA,NA,NA,NA,NA,NA,NA,NA,NA,NA,NA,NA,NA,NA,NA,NA,NA,NA,NA,NA,NA,NA,NA,NA,NA,NA,NA,NA,NA,NA,NA,NA,NA,NA,NA,NA,NA,NA,NA,NA
NA,NA,NA,NA,NA,NA,NA,NA,NA,NA,NA,NA,NA,NA,NA,NA,133,2025-07-27,14:59:34,2,4,"Pineda, Teddy",10955479,Right,202_RBI4,"Jones, Preston",10313555,Left,202_RBI1,Undefined,3,Bottom,0,1,2,Undefined,Changeup,BallCalled,Undefined,Undefined,Undefined,0,0,NA,74.14417,1.436754,-4.248167,1888.175365,231.752449,01:45:00,4.98635,1.75697,4.89034,-37.99939,17.44678,18.89477,3.18287,-0.69442,64.77238,-5.677255,-0.932825,0.535929,NA,NA,NA,NA,NA,NA,NA,NA,NA,NA,NA,-10.83016,8.68394,-1.35622,50,5.09755,7.11727,-106.60745,1.50922,-11.93199,25.59788,-22.60663,202_RBI1,202_RBI4,USABBCary1,USA Baseball,USA,20250727-USABBCary1-3,d64a7be0-6b1b-11f0-8846-3f6e6eb56ce0,70.33104,NA,NA,9.37179,NA,NA,NA,NA,NA,NA,ff73c667-d689-4199-a12b-e162e8200460,2025-07-27,18:59:34,2025-07-27T18:59:34Z,2025-07-27T18:59:34Z,NA,v3,NA,NA,NA,"Hagan, Michael",10955475,Right,202_RBI4,a3cada45-e541-4d97-ae0b-16942e3d4f75,55.59591,-107.94275,12.79894,4.98806,2.68847,-11.30331,-1.74372,7.73969,-5.96599,NA,NA,NA,NA,NA,NA,NA,NA,NA,NA,NA,NA,NA,NA,NA,NA,NA,NA,NA,NA,NA,NA,NA,NA,NA,NA,NA,NA,68.69753,2.396212,0.883712,1.5125,-1.65247,2.86472,0.73938,-1.52111,5.11866,2.33776,127.27995,2.24815,12.65482,-1.36506,97.1669,-8.13282,5.19721,19.23345,-14.07656,2.2655,3.41012,2.34382,High,High,High,NA,NA,High,High,High,NA,NA,NA,NA,NA,NA,NA,NA,NA,NA,NA,NA,NA,NA,NA,NA,NA,NA,NA,NA,NA,NA,NA,NA,NA,NA,NA,NA,NA,NA,NA,NA,NA,NA,NA,NA,NA,NA,NA,NA,NA,NA,NA,NA,NA,NA,NA,NA,NA,NA,NA,NA,NA
NA,NA,NA,NA,NA,NA,NA,NA,NA,NA,NA,NA,NA,NA,NA,NA,134,2025-07-27,15:00:22,2,5,"Pineda, Teddy",10955479,Right,202_RBI4,"Jones, Preston",10313555,Left,202_RBI1,Undefined,3,Bottom,0,2,2,Undefined,Changeup,InPlay,Undefined,GroundBall,Error,0,0,NA,75.16938,-0.352173,-3.73967,1883.336243,237.089171,02:00:00,5.13578,2.073,5.2056,-38.11833,14.46666,18.89084,1.62734,0.12526,66.71846,-7.448553,-0.398185,0.521918,51.14176,-36.164212,-17.761891,NA,NA,NA,NA,4.92677,4.92677,-10.212178,0.039849,-10.8478,7.94689,-1.74166,50,5.07545,6.34679,-108.4793,-1.83852,-12.49255,24.90462,-23.02226,202_RBI1,202_RBI4,USABBCary1,USA Baseball,USA,20250727-USABBCary1-3,f2bd32e0-6b1b-11f0-8846-3f6e6eb56ce0,72.21907,1.77243,NA,8.45091,NA,NA,NA,2.53941,1.77243,-0.13374,ff73c667-d689-4199-a12b-e162e8200460,2025-07-27,19:00:22,2025-07-27T19:00:22Z,2025-07-27T19:00:22Z,GroundBall,v3,NA,NA,NA,"Hagan, Michael",10955475,Right,202_RBI4,b1a9c15f-f2f8-4265-8f20-a233077cdd4a,55.2883,-109.68667,12.45231,5.13752,-0.72241,-11.51113,-2.06403,6.95242,-6.24627,NA,2.5376,57.95194,NA,NA,NA,NA,NA,NA,NA,1.77383,-44.47905,NA,NA,NA,NA,NA,NA,NA,-0.13316,-18.56382,NA,NA,NA,NA,NA,NA,NA,NA,NA,NA,NA,NA,NA,NA,NA,NA,NA,NA,NA,NA,NA,NA,NA,NA,NA,NA,NA,NA,NA,High,High,High,Estimated,Estimated,NA,NA,NA,NA,NA,NA,NA,NA,NA,NA,NA,NA,NA,NA,NA,NA,NA,NA,NA,NA,NA,NA,NA,NA,NA,NA,NA,NA,NA,NA,NA,NA,NA,NA,NA,NA,NA,NA,NA,NA,NA,NA,NA,NA,NA,NA,NA,NA,NA,NA,NA,NA,NA,NA,NA,NA
NA,NA,NA,NA,NA,NA,NA,NA,NA,NA,NA,NA,NA,NA,NA,NA,135,2025-07-27,15:01:27,3,1,"Pineda, Teddy",10955479,Right,202_RBI4,"Sherrard, Evan",10955458,Right,202_RBI1,Undefined,3,Bottom,0,0,0,Undefined,Curveball,FoulBallNotFieldable,Undefined,Undefined,Undefined,0,0,NA,73.0465,0.097547,-3.814173,1805.142551,238.846378,02:00:00,5.30521,1.69108,5.0239,-43.80109,12.24784,16.33611,1.74737,-0.55205,64.94722,-7.990407,-0.934885,0.538834,NA,NA,NA,NA,NA,NA,NA,NA,NA,NA,NA,-9.59808,6.63851,-1.33978,50,5.28034,6.39822,-105.38803,-1.18363,-10.43533,23.45946,-24.95644,202_RBI1,202_RBI4,USABBCary1,USA Baseball,USA,20250727-USABBCary1-3,19db8ac0-6b1c-11f0-8846-3f6e6eb56ce0,69.95186,NA,NA,8.09928,NA,NA,NA,NA,NA,NA,ff73c667-d689-4199-a12b-e162e8200460,2025-07-27,19:01:27,2025-07-27T19:01:27Z,2025-07-27T19:01:27Z,NA,v3,NA,NA,NA,"Hagan, Michael",10955475,Right,202_RBI4,dc34fdde-14e0-40a2-8a55-e420e1d2ace1,55.47103,-106.59893,11.72973,5.30819,0.10454,-12.47822,-1.68394,6.93685,-5.21766,NA,NA,NA,NA,NA,NA,NA,NA,NA,NA,NA,NA,NA,NA,NA,NA,NA,NA,NA,NA,NA,NA,NA,NA,NA,NA,NA,NA,NA,NA,NA,NA,NA,NA,NA,NA,NA,NA,NA,NA,NA,NA,NA,NA,NA,NA,NA,NA,NA,NA,High,High,High,NA,NA,NA,NA,NA,NA,NA,NA,NA,NA,NA,NA,NA,NA,NA,NA,NA,NA,NA,NA,NA,NA,NA,NA,NA,NA,NA,NA,NA,NA,NA,NA,NA,NA,NA,NA,NA,NA,NA,NA,NA,NA,NA,NA,NA,NA,NA,NA,NA,NA,NA,NA,NA,NA,NA,NA,NA,NA
NA,NA,NA,NA,NA,NA,NA,NA,NA,NA,NA,NA,NA,NA,NA,NA,136,2025-07-27,15:01:56,3,2,"Pineda, Teddy",10955479,Right,202_RBI4,"Sherrard, Evan",10955458,Right,202_RBI1,Undefined,3,Bottom,0,0,1,Undefined,Changeup,BallCalled,Undefined,Undefined,Undefined,0,0,NA,73.76938,2.46447,-4.974533,1855.751352,214.750153,01:15:00,5.12638,1.77925,5.2857,-36.08683,18.35721,11.21064,4.4436,-1.96966,65.392080000000007,-4.300199,-2.999212,0.531064,NA,NA,NA,NA,NA,NA,NA,NA,NA,NA,NA,-7.30174,8.88406,-1.33319,50,5.32664,8.79933,-106.19209,3.54607,-8.11556,22.69997,-22.29977,202_RBI1,202_RBI4,USABBCary1,USA Baseball,USA,20250727-USABBCary1-3,2a999550-6b1c-11f0-8846-3f6e6eb56ce0,70.97538,NA,NA,8.37729,NA,NA,NA,NA,NA,NA,ff73c667-d689-4199-a12b-e162e8200460,2025-07-27,19:01:56,2025-07-27T19:01:56Z,2025-07-27T19:01:56Z,NA,v3,NA,NA,NA,"Hagan, Michael",10955475,Right,202_RBI4,fadee5a1-6992-49b3-a5b7-75e6677517d3,55.20426,-107.2988,11.34999,5.12725,4.6332700000000004,-11.14989,-1.77183,9.19499,-4.05778,NA,NA,NA,NA,NA,NA,NA,NA,NA,NA,NA,NA,NA,NA,NA,NA,NA,NA,NA,NA,NA,NA,NA,NA,NA,NA,NA,NA,NA,NA,NA,NA,NA,NA,NA,NA,NA,NA,NA,NA,NA,NA,NA,NA,NA,NA,NA,NA,NA,NA,High,High,High,NA,NA,NA,NA,NA,NA,NA,NA,NA,NA,NA,NA,NA,NA,NA,NA,NA,NA,NA,NA,NA,NA,NA,NA,NA,NA,NA,NA,NA,NA,NA,NA,NA,NA,NA,NA,NA,NA,NA,NA,NA,NA,NA,NA,NA,NA,NA,NA,NA,NA,NA,NA,NA,NA,NA,NA,NA,NA
NA,NA,NA,NA,NA,NA,NA,NA,NA,NA,NA,NA,NA,NA,NA,NA,137,2025-07-27,15:02:38,3,3,"Pineda, Teddy",10955479,Right,202_RBI4,"Sherrard, Evan",10955458,Right,202_RBI1,Undefined,3,Bottom,0,1,1,Undefined,Changeup,BallCalled,Undefined,Undefined,Undefined,0,0,NA,74.82385,-0.713871,-3.853706,1895.211142,216.124627,01:15:00,5.07709,1.67068,5.04768,-36.17593,17.41501,11.00481,1.38754,-1.05259,66.2408,-7.456531,-1.914662,0.526886,NA,NA,NA,NA,NA,NA,NA,NA,NA,NA,NA,-6.83678,9.54241,-1.31198,50,4.98157,6.80656,-107.80784,-2.45515,-7.76769,24.78125,-21.33232,202_RBI1,202_RBI4,USABBCary1,USA Baseball,USA,20250727-USABBCary1-3,44032b00-6b1c-11f0-8846-3f6e6eb56ce0,71.53806,NA,NA,8.58305,NA,NA,NA,NA,NA,NA,ff73c667-d689-4199-a12b-e162e8200460,2025-07-27,19:02:38,2025-07-27T19:02:38Z,2025-07-27T19:02:38Z,NA,v3,NA,NA,NA,"Hagan, Michael",10955475,Right,202_RBI4,92d17675-46c7-489a-8d67-7d9f0f774b5f,55.44047,-109.05124,12.39063,5.0779,-1.3848,-10.66616,-1.66327,7.1963,-3.88385,NA,NA,NA,NA,NA,NA,NA,NA,NA,NA,NA,NA,NA,NA,NA,NA,NA,NA,NA,NA,NA,NA,NA,NA,NA,NA,NA,NA,NA,NA,NA,NA,NA,NA,NA,NA,NA,NA,NA,NA,NA,NA,NA,NA,NA,NA,NA,NA,NA,NA,High,High,High,NA,NA,NA,NA,NA,NA,NA,NA,NA,NA,NA,NA,NA,NA,NA,NA,NA,NA,NA,NA,NA,NA,NA,NA,NA,NA,NA,NA,NA,NA,NA,NA,NA,NA,NA,NA,NA,NA,NA,NA,NA,NA,NA,NA,NA,NA,NA,NA,NA,NA,NA,NA,NA,NA,NA,NA,NA,NA
NA,NA,NA,NA,NA,NA,NA,NA,NA,NA,NA,NA,NA,NA,NA,NA,138,2025-07-27,15:02:56,3,4,"Pineda, Teddy",10955479,Right,202_RBI4,"Sherrard, Evan",10955458,Right,202_RBI1,Undefined,3,Bottom,0,2,1,Undefined,Curveball,StrikeCalled,Undefined,Undefined,Undefined,0,0,NA,62.25723,2.819201,-0.807393,1652.117494,83.962327,08:45:00,5.57732,1.24091,4.93774,-74.71193,2.03118,-9.00792,2.01824,-0.27289,56.22191,-10.757099,-2.396519,0.630509,NA,NA,NA,NA,NA,NA,NA,NA,NA,NA,NA,4.11079,0.97406,-1.15469,50,5.79093,1.57707,-89.95031,2.29594,3.28298,16.11611,-31.39615,202_RBI1,202_RBI4,USABBCary1,USA Baseball,USA,20250727-USABBCary1-3,4e9c7c60-6b1c-11f0-8846-3f6e6eb56ce0,59.78099,NA,NA,6.03532,NA,NA,NA,NA,NA,NA,ff73c667-d689-4199-a12b-e162e8200460,2025-07-27,19:02:56,2025-07-27T19:02:56Z,2025-07-27T19:02:56Z,NA,v3,NA,NA,NA,"Hagan, Michael",10955475,Right,202_RBI4,6789a56c-aaa7-4f76-a7a1-d204a66f9065,55.55609,-90.94033,8.05805,5.59065,4.22462,-15.69808,-1.24537,1.3754,1.64149,NA,NA,NA,NA,NA,NA,NA,NA,NA,NA,NA,NA,NA,NA,NA,NA,NA,NA,NA,NA,NA,NA,NA,NA,NA,NA,NA,NA,NA,NA,NA,NA,NA,NA,NA,NA,NA,NA,NA,NA,NA,NA,NA,NA,NA,NA,NA,NA,NA,NA,High,High,High,NA,NA,NA,NA,NA,NA,NA,NA,NA,NA,NA,NA,NA,NA,NA,NA,NA,NA,NA,NA,NA,NA,NA,NA,NA,NA,NA,NA,NA,NA,NA,NA,NA,NA,NA,NA,NA,NA,NA,NA,NA,NA,NA,NA,NA,NA,NA,NA,NA,NA,NA,NA,NA,NA,NA,NA,NA,NA
NA,NA,NA,NA,NA,NA,NA,NA,NA,NA,NA,NA,NA,NA,NA,NA,139,2025-07-27,15:03:18,3,5,"Pineda, Teddy",10955479,Right,202_RBI4,"Sherrard, Evan",10955458,Right,202_RBI1,Undefined,3,Bottom,0,2,2,Undefined,Changeup,BallCalled,Undefined,Undefined,Undefined,0,0,NA,77.82019,2.313434,-2.420286,1976.74832,219.746986,01:15:00,5.18087,1.71941,5.0139,-32.68565,16.69119,12.17745,4.64362,0.44857,68.69194,-3.812981,-0.274254,0.505747,NA,NA,NA,NA,NA,NA,NA,NA,NA,NA,NA,-6.8128,7.94977,-1.49731,50,5.37795,4.21445,-112.23249,3.5031,-8.41939,26.19513,-22.34959,202_RBI1,202_RBI4,USABBCary1,USA Baseball,USA,20250727-USABBCary1-3,5bc5a060-6b1c-11f0-8846-3f6e6eb56ce0,74.5283,NA,NA,9.12824,NA,NA,NA,NA,NA,NA,ff73c667-d689-4199-a12b-e162e8200460,2025-07-27,19:03:18,2025-07-27T19:03:18Z,2025-07-27T19:03:18Z,NA,v3,NA,NA,NA,"Hagan, Michael",10955475,Right,202_RBI4,000279aa-9ccd-4483-b0ae-deefd723bd8f,55.47457,-113.50306,13.09757,5.18175,4.58716,-11.1748,-1.71163,4.62282,-4.2097,NA,NA,NA,NA,NA,NA,NA,NA,NA,NA,NA,NA,NA,NA,NA,NA,NA,NA,NA,NA,NA,NA,NA,NA,NA,NA,NA,NA,NA,NA,NA,NA,NA,NA,NA,NA,NA,NA,NA,NA,NA,NA,NA,NA,NA,NA,NA,NA,NA,NA,High,High,High,NA,NA,NA,NA,NA,NA,NA,NA,NA,NA,NA,NA,NA,NA,NA,NA,NA,NA,NA,NA,NA,NA,NA,NA,NA,NA,NA,NA,NA,NA,NA,NA,NA,NA,NA,NA,NA,NA,NA,NA,NA,NA,NA,NA,NA,NA,NA,NA,NA,NA,NA,NA,NA,NA,NA,NA,NA,NA
NA,NA,NA,NA,NA,NA,NA,NA,NA,NA,NA,NA,NA,NA,NA,NA,140,2025-07-27,15:03:38,3,6,"Pineda, Teddy",10955479,Right,202_RBI4,"Sherrard, Evan",10955458,Right,202_RBI1,Undefined,3,Bottom,0,3,2,Undefined,Changeup,BallCalled,Walk,Undefined,Undefined,0,0,NA,75.50818,1.980043,-1.805136,1981.226973,226.38992,01:30:00,5.24153,1.55809,5.0881,-36.92266,15.34032,13.81741,4.03251,1.00763,66.75705,-4.920441,0.63526,0.520318,NA,NA,NA,NA,NA,NA,NA,NA,NA,NA,NA,-7.50418,7.458,-1.39878,50,5.40118,2.87389,-109.01645,2.62414,-8.73264,25.05666,-23.49516,202_RBI1,202_RBI4,USABBCary1,USA Baseball,USA,20250727-USABBCary1-3,67ff8260-6b1c-11f0-8846-3f6e6eb56ce0,72.44122,NA,NA,8.75113,NA,NA,NA,NA,NA,NA,ff73c667-d689-4199-a12b-e162e8200460,2025-07-27,19:03:38,2025-07-27T19:03:38Z,2025-07-27T19:03:38Z,NA,v3,NA,NA,NA,"Hagan, Michael",10955475,Right,202_RBI4,bfc1727d-a213-4cdc-ad1e-75947d5cfaa6,55.40358,-110.25143,12.52833,5.24331,3.78216,-11.74758,-1.55103,3.3043,-4.36632,NA,NA,NA,NA,NA,NA,NA,NA,NA,NA,NA,NA,NA,NA,NA,NA,NA,NA,NA,NA,NA,NA,NA,NA,NA,NA,NA,NA,NA,NA,NA,NA,NA,NA,NA,NA,NA,NA,NA,NA,NA,NA,NA,NA,NA,NA,NA,NA,NA,NA,High,High,High,NA,NA,NA,NA,NA,NA,NA,NA,NA,NA,NA,NA,NA,NA,NA,NA,NA,NA,NA,NA,NA,NA,NA,NA,NA,NA,NA,NA,NA,NA,NA,NA,NA,NA,NA,NA,NA,NA,NA,NA,NA,NA,NA,NA,NA,NA,NA,NA,NA,NA,NA,NA,NA,NA,NA,NA,NA,NA
NA,NA,NA,NA,NA,NA,NA,NA,NA,NA,NA,NA,NA,NA,NA,NA,141,2025-07-27,15:04:54,4,1,"Pineda, Teddy",10955479,Right,202_RBI4,"Blount, Riley",1000350461,Left,202_RBI1,Undefined,3,Bottom,0,0,0,Undefined,Changeup,StrikeCalled,Undefined,Undefined,Undefined,0,0,NA,74.74764,0.802592,-4.030574,1877.350715,214.307898,01:15:00,5.10086,1.80205,5.13907,-36.22451,17.98363,10.53508,2.83981,-1.12154,65.1891,-6.023164,-2.173375,0.529912,NA,NA,NA,NA,NA,NA,NA,NA,NA,NA,NA,-6.79705,9.27402,-1.43203,50,5.15003,7.13282,-107.50481,0.43451,-7.58606,26.661,-21.82353,202_RBI1,202_RBI4,USABBCary1,USA Baseball,USA,20250727-USABBCary1-3,9509a920-6b1c-11f0-8846-3f6e6eb56ce0,71.12965,NA,NA,9.55853,NA,NA,NA,NA,NA,NA,ff73c667-d689-4199-a12b-e162e8200460,2025-07-27,19:04:54,2025-07-27T19:04:54Z,2025-07-27T19:04:54Z,NA,v3,NA,NA,NA,"Hagan, Michael",10955475,Right,202_RBI4,78d3f734-6168-4baa-9057-3287d10dd902,55.34494,-108.82227,13.3305,5.10192,1.51293,-10.91177,-1.79376,7.50769,-3.79303,NA,NA,NA,NA,NA,NA,NA,NA,NA,NA,NA,NA,NA,NA,NA,NA,NA,NA,NA,NA,NA,NA,NA,NA,NA,NA,NA,NA,NA,NA,NA,NA,NA,NA,NA,NA,NA,NA,NA,NA,NA,NA,NA,NA,NA,NA,NA,NA,NA,NA,High,High,High,NA,NA,NA,NA,NA,NA,NA,NA,NA,NA,NA,NA,NA,NA,NA,NA,NA,NA,NA,NA,NA,NA,NA,NA,NA,NA,NA,NA,NA,NA,NA,NA,NA,NA,NA,NA,NA,NA,NA,NA,NA,NA,NA,NA,NA,NA,NA,NA,NA,NA,NA,NA,NA,NA,NA,NA,NA,NA
NA,NA,NA,NA,NA,NA,NA,NA,NA,NA,NA,NA,NA,NA,NA,NA,142,2025-07-27,15:05:12,4,2,"Pineda, Teddy",10955479,Right,202_RBI4,"Blount, Riley",1000350461,Left,202_RBI1,Undefined,3,Bottom,0,0,1,Undefined,Changeup,FoulBallNotFieldable,Undefined,Undefined,Undefined,0,0,NA,75.79045,0.717467,-2.541179,1975.274853,222.719034,01:30:00,5.03604,1.84044,4.99239,-35.56033,16.96902,13.49166,2.7508,0.56386,66.52848,-5.948184,-0.162725,0.521642,NA,NA,NA,NA,NA,NA,NA,NA,NA,NA,NA,-7.65646,8.72752,-1.60733,50,5.07787,4.29016,-109.28143,0.26623,-8.87229,26.73596,-22.0606,202_RBI1,202_RBI4,USABBCary1,USA Baseball,USA,20250727-USABBCary1-3,9f90d210-6b1c-11f0-8846-3f6e6eb56ce0,72.2573,NA,NA,9.26197,NA,NA,NA,NA,NA,NA,ff73c667-d689-4199-a12b-e162e8200460,2025-07-27,19:05:12,2025-07-27T19:05:12Z,2025-07-27T19:05:12Z,NA,v3,NA,NA,NA,"Hagan, Michael",10955475,Right,202_RBI4,360ab8c3-c301-47e9-bd72-e8da57de3c75,55.49736,-110.6182,13.36798,5.03699,1.36923,-11.0303,-1.83292,4.73376,-4.43615,NA,NA,NA,NA,NA,NA,NA,NA,NA,NA,NA,NA,NA,NA,NA,NA,NA,NA,NA,NA,NA,NA,NA,NA,NA,NA,NA,NA,NA,NA,NA,NA,NA,NA,NA,NA,NA,NA,NA,NA,NA,NA,NA,NA,NA,NA,NA,NA,NA,NA,High,High,High,NA,NA,NA,NA,NA,NA,NA,NA,NA,NA,NA,NA,NA,NA,NA,NA,NA,NA,NA,NA,NA,NA,NA,NA,NA,NA,NA,NA,NA,NA,NA,NA,NA,NA,NA,NA,NA,NA,NA,NA,NA,NA,NA,NA,NA,NA,NA,NA,NA,NA,NA,NA,NA,NA,NA,NA,NA,NA
NA,NA,NA,NA,NA,NA,NA,NA,NA,NA,NA,NA,NA,NA,NA,NA,143,2025-07-27,15:05:34,4,3,"Pineda, Teddy",10955479,Right,202_RBI4,"Blount, Riley",1000350461,Left,202_RBI1,Undefined,3,Bottom,0,0,2,Undefined,Changeup,FoulBallNotFieldable,Undefined,Undefined,Undefined,0,0,NA,75.18835,0.088364,-2.320731,1870.689935,234.243208,01:45:00,5.05756,1.94878,5.17405,-37.84734,15.05958,17.64147,1.98684,1.23389,66.23986,-6.989888,0.802848,0.523513,56.38522,11.312732,-160.864843,1406.404635,NA,NA,NA,70.37392,40.52743,-159.377291,0.946053,-9.66752,8.09922,-1.74676,50,5.03828,3.68674,-108.51744,-0.99141,-11.05607,26.21961,-22.91154,202_RBI1,202_RBI4,USABBCary1,USA Baseball,USA,20250727-USABBCary1-3,ad0c34c0-6b1c-11f0-8846-3f6e6eb56ce0,71.99903,5.25171,NA,8.94849,NA,NA,NA,1.15695,1.96693,-1.38529,ff73c667-d689-4199-a12b-e162e8200460,2025-07-27,19:05:34,2025-07-27T19:05:34Z,2025-07-27T19:05:34Z,GroundBall,v3,NA,NA,NA,"Hagan, Michael",10955475,Right,202_RBI4,a6e5c645-185e-4f07-bf30-6489a5bc69d2,55.31691,-109.79458,13.1098,5.05939,0.12459,-11.45577,-1.93946,4.22527,-5.52803,354.81469,1.15695,-76.61099,6.7404,-0.83603,0.18459,-0.02478,0.00487,-0.00112,1e-4,1.96693,16.22241,-20.60172,1.56172,-0.29722,0.05986,-0.0083,0.0017,-2.5e-4,-1.38529,-26.58159,2.0587,-0.15767,0.04927,-0.00381,0.00114,-2.5e-4,0,NA,NA,NA,NA,NA,NA,NA,NA,NA,NA,NA,NA,NA,NA,NA,NA,NA,NA,NA,NA,NA,NA,High,High,High,High,Medium,NA,NA,NA,NA,NA,NA,NA,NA,NA,NA,NA,NA,NA,NA,NA,NA,NA,NA,NA,NA,NA,NA,NA,NA,NA,NA,NA,NA,NA,NA,NA,NA,NA,NA,NA,NA,NA,NA,NA,NA,NA,NA,NA,NA,NA,NA,NA,NA,NA,NA,NA,NA,NA,NA,NA,NA
NA,NA,NA,NA,NA,NA,NA,NA,NA,NA,NA,NA,NA,NA,NA,NA,144,2025-07-27,15:06:03,4,4,"Pineda, Teddy",10955479,Right,202_RBI4,"Blount, Riley",1000350461,Left,202_RBI1,Undefined,3,Bottom,0,0,2,Undefined,Changeup,BallCalled,Undefined,Undefined,Undefined,0,0,NA,76.70713,2.093239,-0.820218,1920.465249,234.528249,01:45:00,5.1113,1.9212,4.91648,-35.50715,15.18351,18.47292,4.13261,2.68504,68.15323,-4.512882,2.433354,0.512431,NA,NA,NA,NA,NA,NA,NA,NA,NA,NA,NA,-9.26477,7.3028,-1.85707,50,5.28735,0.794,-110.79627,2.89872,-11.20323,24.81458,-23.34328,202_RBI1,202_RBI4,USABBCary1,USA Baseball,USA,20250727-USABBCary1-3,bdd87020-6b1c-11f0-8846-3f6e6eb56ce0,73.55614,NA,NA,8.5539,NA,NA,NA,NA,NA,NA,ff73c667-d689-4199-a12b-e162e8200460,2025-07-27,19:06:03,2025-07-27T19:06:03Z,2025-07-27T19:06:03Z,NA,v3,NA,NA,NA,"Hagan, Michael",10955475,Right,202_RBI4,281e5773-3c5f-4882-b67a-54db4c17e2c8,55.57418,-112.03774,12.40729,5.11311,4.06658,-11.67164,-1.91081,1.3545,-5.60161,NA,NA,NA,NA,NA,NA,NA,NA,NA,NA,NA,NA,NA,NA,NA,NA,NA,NA,NA,NA,NA,NA,NA,NA,NA,NA,NA,NA,NA,NA,NA,NA,NA,NA,NA,NA,NA,NA,NA,NA,NA,NA,NA,NA,NA,NA,NA,NA,NA,NA,High,High,High,NA,NA,NA,NA,NA,NA,NA,NA,NA,NA,NA,NA,NA,NA,NA,NA,NA,NA,NA,NA,NA,NA,NA,NA,NA,NA,NA,NA,NA,NA,NA,NA,NA,NA,NA,NA,NA,NA,NA,NA,NA,NA,NA,NA,NA,NA,NA,NA,NA,NA,NA,NA,NA,NA,NA,NA,NA,NA
NA,NA,NA,NA,NA,NA,NA,NA,NA,NA,NA,NA,NA,NA,NA,NA,145,2025-07-27,15:07:14,4,5,"Pineda, Teddy",10955479,Right,202_RBI4,"Blount, Riley",1000350461,Left,202_RBI1,Undefined,3,Bottom,0,1,2,Undefined,Changeup,StrikeSwinging,Strikeout,Undefined,Undefined,0,0,NA,75.72527,0.086513,-4.031634,1950.945351,230.291357,01:45:00,5.02396,1.7499,5.03697,-35.40762,15.78918,16.74828,2.15514,-0.66413,68.32944,-6.455673,-1.08187,0.514983,NA,NA,NA,NA,NA,NA,NA,NA,NA,NA,NA,-9.50126,8.33619,-1.37832,50,5.00477,7.02824,-109.42062,-0.95984,-11.37173,21.61291,-22.19677,202_RBI1,202_RBI4,USABBCary1,USA Baseball,USA,20250727-USABBCary1-3,e897e390-6b1c-11f0-8846-3f6e6eb56ce0,73.19162,NA,NA,7.39583,NA,NA,NA,NA,NA,NA,ff73c667-d689-4199-a12b-e162e8200460,2025-07-27,19:07:14,2025-07-27T19:07:14Z,2025-07-27T19:07:14Z,NA,v3,NA,NA,NA,"Hagan, Michael",10955475,Right,202_RBI4,414d8419-2f1a-46a6-aa3d-77351667dc98,55.45721,-110.49328,10.80645,5.02507,0.14179,-11.09839,-1.74115,7.59262,-5.68586,NA,NA,NA,NA,NA,NA,NA,NA,NA,NA,NA,NA,NA,NA,NA,NA,NA,NA,NA,NA,NA,NA,NA,NA,NA,NA,NA,NA,NA,NA,NA,NA,NA,NA,NA,NA,NA,NA,NA,NA,NA,NA,NA,NA,NA,NA,NA,NA,NA,NA,High,High,High,NA,NA,NA,NA,NA,NA,NA,NA,NA,NA,NA,NA,NA,NA,NA,NA,NA,NA,NA,NA,NA,NA,NA,NA,NA,NA,NA,NA,NA,NA,NA,NA,NA,NA,NA,NA,NA,NA,NA,NA,NA,NA,NA,NA,NA,NA,NA,NA,NA,NA,NA,NA,NA,NA,NA,NA,NA,NA
NA,NA,NA,NA,NA,NA,NA,NA,NA,NA,NA,NA,NA,NA,NA,NA,146,2025-07-27,15:07:42,5,1,"Pineda, Teddy",10955479,Right,202_RBI4,"Barber, Makhai",10928300,Right,202_RBI1,Undefined,3,Bottom,1,0,0,Undefined,Changeup,StrikeCalled,Undefined,Undefined,Undefined,0,0,NA,75.28245,1.186292,-4.109316,1982.499847,222.69693,01:30:00,5.21008,1.72496,4.94191,-35.04427,17.52217,14.24536,3.41388,-0.97813,67.10428,-5.330213,-1.607399,0.521826,NA,NA,NA,NA,NA,NA,NA,NA,NA,NA,NA,-8.36134,8.80922,-1.33743,50,5.29791,7.20696,-108.56903,1.15643,-9.75233,23.04879,-21.89931,202_RBI1,202_RBI4,USABBCary1,USA Baseball,USA,20250727-USABBCary1-3,f90ed300-6b1c-11f0-8846-3f6e6eb56ce0,72.23183,NA,NA,8.17817,NA,NA,NA,NA,NA,NA,ff73c667-d689-4199-a12b-e162e8200460,2025-07-27,19:07:42,2025-07-27T19:07:42Z,2025-07-27T19:07:42Z,NA,v3,NA,NA,NA,"Hagan, Michael",10955475,Right,202_RBI4,df28fd8f-2569-4c70-80b6-d016a6f4418c,55.54919,-109.74078,11.5244,5.21082,2.26974,-10.94966,-1.71642,7.70275,-4.87616,NA,NA,NA,NA,NA,NA,NA,NA,NA,NA,NA,NA,NA,NA,NA,NA,NA,NA,NA,NA,NA,NA,NA,NA,NA,NA,NA,NA,NA,NA,NA,NA,NA,NA,NA,NA,NA,NA,NA,NA,NA,NA,NA,NA,NA,NA,NA,NA,NA,NA,High,High,High,NA,NA,NA,NA,NA,NA,NA,NA,NA,NA,NA,NA,NA,NA,NA,NA,NA,NA,NA,NA,NA,NA,NA,NA,NA,NA,NA,NA,NA,NA,NA,NA,NA,NA,NA,NA,NA,NA,NA,NA,NA,NA,NA,NA,NA,NA,NA,NA,NA,NA,NA,NA,NA,NA,NA,NA,NA,NA
NA,NA,NA,NA,NA,NA,NA,NA,NA,NA,NA,NA,NA,NA,NA,NA,147,2025-07-27,15:07:59,5,2,"Pineda, Teddy",10955479,Right,202_RBI4,"Barber, Makhai",10928300,Right,202_RBI1,Undefined,3,Bottom,1,0,1,Undefined,Curveball,BallCalled,Undefined,Undefined,Undefined,0,1,NA,72.03833,2.698642,0.757643,1855.649116,229.029373,01:45:00,5.09675,1.47289,4.9835,-40.88124,16.2493,16.2078,4.2405,3.53905,64.37481,-4.885617,3.612699,0.544008,NA,NA,NA,NA,NA,NA,NA,NA,NA,NA,NA,-7.50993,7.76311,-1.55873,50,5.32529,-2.04611,-104.01603,3.65386,-8.05307,20.89931,-23.84952,202_RBI1,202_RBI4,USABBCary1,USA Baseball,USA,20250727-USABBCary1-3,03811460-6b1d-11f0-8846-3f6e6eb56ce0,69.28651,NA,NA,7.66353,NA,NA,NA,NA,NA,NA,ff73c667-d689-4199-a12b-e162e8200460,2025-07-27,19:07:59,2025-07-27T19:07:59Z,2025-07-27T19:07:59Z,NA,v3,NA,NA,NA,"Hagan, Michael",10955475,Right,202_RBI4,f726f391-63f6-4239-a0c4-50116e38bf35,55.50309,-105.11592,10.44966,5.09997,4.909,-11.92476,-1.4622,-1.62229,-4.02653,NA,NA,NA,NA,NA,NA,NA,NA,NA,NA,NA,NA,NA,NA,NA,NA,NA,NA,NA,NA,NA,NA,NA,NA,NA,NA,NA,NA,NA,NA,NA,NA,NA,NA,NA,NA,NA,NA,NA,NA,NA,NA,NA,NA,NA,NA,NA,NA,NA,NA,High,High,High,NA,NA,NA,NA,NA,NA,NA,NA,NA,NA,NA,NA,NA,NA,NA,NA,NA,NA,NA,NA,NA,NA,NA,NA,NA,NA,NA,NA,NA,NA,NA,NA,NA,NA,NA,NA,NA,NA,NA,NA,NA,NA,NA,NA,NA,NA,NA,NA,NA,NA,NA,NA,NA,NA,NA,NA,NA,NA
NA,NA,NA,NA,NA,NA,NA,NA,NA,NA,NA,NA,NA,NA,NA,NA,148,2025-07-27,15:08:57,5,3,"Pineda, Teddy",10955479,Right,202_RBI4,"Barber, Makhai",10928300,Right,202_RBI1,Undefined,3,Bottom,1,1,1,Undefined,Changeup,InPlay,Undefined,Popup,Out,1,0,NA,75.08765,-0.07044,-3.188143,1969.865737,222.562384,01:30:00,5.12687,1.50414,5.01188,-35.02659,18.05906,14.50017,2.1414,-0.29969,66.50865,-6.613265,-0.632209,0.524397,51.20624,68.402985,47.553484,NA,NA,NA,NA,81.21903,35.07096,64.770745,4.117879,-8.35583,9.57611,-1.21049,50,5.09327,5.44538,-108.33504,-1.20734,-9.59667,24.84713,-21.1759,202_RBI1,202_RBI4,USABBCary1,USA Baseball,USA,20250727-USABBCary1-3,25cde700-6b1d-11f0-8846-3f6e6eb56ce0,71.8777,68.17787,NA,8.579,NA,NA,NA,0.7003,2.58133,0.50155,ff73c667-d689-4199-a12b-e162e8200460,2025-07-27,19:08:57,2025-07-27T19:08:57Z,2025-07-27T19:08:57Z,Popup,v3,NA,NA,NA,"Hagan, Michael",10955475,Right,202_RBI4,9b6af246-92d0-4055-90ce-da61bbc8dc89,55.47971,-109.58463,12.42357,5.12721,-0.14238,-10.58795,-1.49648,5.92801,-4.79833,196.22473,0.69364,18.8436,-9.31113,5.14931,-2.87857,1.29758,-0.35647,0.05129,-0.00297,2.57824,69.9627,-22.40987,4.34571,-3.20871,1.8877,-0.62522,0.10328,-0.00667,0.50006,20.4334,-1.76276,0.70089,-0.28559,0.08215,-0.01015,-2.3e-4,1e-4,NA,NA,NA,NA,NA,NA,NA,NA,NA,NA,NA,NA,NA,NA,NA,NA,NA,NA,NA,NA,NA,NA,High,High,High,High,Low,NA,NA,NA,NA,NA,NA,NA,NA,NA,NA,NA,NA,NA,NA,NA,NA,NA,NA,NA,NA,NA,NA,NA,NA,NA,NA,NA,NA,NA,NA,NA,NA,NA,NA,NA,NA,NA,NA,NA,NA,NA,NA,NA,NA,NA,NA,NA,NA,NA,NA,NA,NA,NA,NA,NA,NA
NA,NA,NA,NA,NA,NA,NA,NA,NA,NA,NA,NA,NA,NA,NA,NA,149,2025-07-27,15:09:37,6,1,"Pineda, Teddy",10955479,Right,202_RBI4,"Greene, Nathan",1000372949,Left,202_RBI1,Undefined,3,Bottom,2,0,0,Undefined,Changeup,InPlay,Undefined,GroundBall,Out,1,0,NA,74.58646,0.019076,-3.579903,1907.605293,232.150064,01:45:00,5.04953,1.93684,5.15939,-38.31065,14.93883,16.4082,1.87497,-0.06982,66.45989,-7.10075,-0.680345,0.525205,73.09211,-2.583262,-0.044407,NA,NA,NA,NA,21.94666,21.61099,1.573792,0.198269,-9.47886,8.02304,-1.61567,50,5.02297,6.09473,-107.69398,-1.1401,-10.81127,23.72379,-23.02322,202_RBI1,202_RBI4,USABBCary1,USA Baseball,USA,20250727-USABBCary1-3,3d7bea00-6b1d-11f0-8846-3f6e6eb56ce0,71.76707,1.82352,NA,8.12657,NA,NA,NA,1.13576,1.82352,0.21951,ff73c667-d689-4199-a12b-e162e8200460,2025-07-27,19:09:37,2025-07-27T19:09:37Z,2025-07-27T19:09:37Z,GroundBall,v3,NA,NA,NA,"Hagan, Michael",10955475,Right,202_RBI4,a4a47db5-d72c-447f-b79b-c99e10dfcdbc,55.33463,-108.8628,11.8619,5.0512,-0.0058,-11.51161,-1.92907,6.62738,-5.40564,303.210892,1.13568,107.09812,-10.97545,NA,NA,NA,NA,NA,NA,1.82431,-4.88444,-21.7931,NA,NA,NA,NA,NA,NA,0.21887,-0.0403,9.9845,NA,NA,NA,NA,NA,NA,NA,NA,NA,NA,NA,NA,NA,NA,NA,NA,NA,NA,NA,NA,NA,NA,NA,NA,NA,NA,NA,NA,High,High,High,High,High,NA,NA,NA,NA,NA,NA,NA,NA,NA,NA,NA,NA,NA,NA,NA,NA,NA,NA,NA,NA,NA,NA,NA,NA,NA,NA,NA,NA,NA,NA,NA,NA,NA,NA,NA,NA,NA,NA,NA,NA,NA,NA,NA,NA,NA,NA,NA,NA,NA,NA,NA,NA,NA,NA,NA,NA
NA,NA,NA,NA,NA,NA,NA,NA,NA,NA,NA,NA,NA,NA,NA,NA,150,2025-07-27,15:12:47,1,1,"Bell, TayShaun",1000350469,Right,202_RBI1,"Harris, Marquise",1000350344,Right,202_RBI4,Undefined,4,Top,0,0,0,Undefined,Changeup,BallCalled,Undefined,Undefined,Undefined,0,0,NA,77.21897,-3.18552,-4.024797,1641.221059,236.52609,02:00:00,6.00652,1.04428,5.89936,-35.85041,11.34942,14.80339,0.05135,-1.46466,71.05287,-9.7884620000000009,-1.370027,0.494472,NA,NA,NA,NA,NA,NA,NA,NA,NA,NA,NA,-8.77969,7.1778,-0.72887,50,5.72888,7.33664,-111.76695,-7.28432,-11.08447,20.50302,-23.11195,202_RBI1,202_RBI4,USABBCary1,USA Baseball,USA,20250727-USABBCary1-3,af1c81b0-6b1d-11f0-8846-3f6e6eb56ce0,76.22765,NA,NA,6.1661,NA,NA,NA,NA,NA,NA,ff73c667-d689-4199-a12b-e162e8200460,2025-07-27,19:12:47,2025-07-27T19:12:47Z,2025-07-27T19:12:47Z,NA,v3,NA,NA,NA,"Sherrard, Evan",10955458,Right,202_RBI1,307b211a-7de1-4af8-ad2f-2c8a1b2a955b,54.59982,-112.6076,10.25151,6.00812,-6.3367000000000004,-11.55597,-1.039,7.79112,-5.54223,NA,NA,NA,NA,NA,NA,NA,NA,NA,NA,NA,NA,NA,NA,NA,NA,NA,NA,NA,NA,NA,NA,NA,NA,NA,NA,NA,NA,NA,NA,NA,NA,NA,NA,NA,NA,NA,NA,NA,NA,NA,NA,NA,NA,NA,NA,NA,NA,NA,NA,High,High,High,NA,NA,NA,NA,NA,NA,NA,NA,NA,NA,NA,NA,NA,NA,NA,NA,NA,NA,NA,NA,NA,NA,NA,NA,NA,NA,NA,NA,NA,NA,NA,NA,NA,NA,NA,NA,NA,NA,NA,NA,NA,NA,NA,NA,NA,NA,NA,NA,NA,NA,NA,NA,NA,NA,NA,NA,NA,NA
NA,NA,NA,NA,NA,NA,NA,NA,NA,NA,NA,NA,NA,NA,NA,NA,151,2025-07-27,15:12:59,1,2,"Bell, TayShaun",1000350469,Right,202_RBI1,"Harris, Marquise",1000350344,Right,202_RBI4,Undefined,4,Top,0,1,0,Undefined,Curveball,StrikeSwinging,Undefined,Undefined,Undefined,0,0,NA,73.25853,0.469495,-1.349897,1649.984283,214.854692,01:15:00,5.90921,1.42882,5.85811,-35.68923,16.60418,10.36906,3.37144,1.03853,66.88804,-6.203157,0.509829,0.520469,NA,NA,NA,NA,NA,NA,NA,NA,NA,NA,NA,-5.65469,8.87205,-1.32518,50,5.92667,2.13674,-106.32802,-0.09745,-6.45127,18.81828,-22.0522,202_RBI1,202_RBI4,USABBCary1,USA Baseball,USA,20250727-USABBCary1-3,b5e717d0-6b1d-11f0-8846-3f6e6eb56ce0,72.42014,NA,NA,6.37049,NA,NA,NA,NA,NA,NA,ff73c667-d689-4199-a12b-e162e8200460,2025-07-27,19:12:59,2025-07-27T19:12:59Z,2025-07-27T19:12:59Z,NA,v3,NA,NA,NA,"Sherrard, Evan",10955458,Right,202_RBI1,58dcc359-3331-4f12-8a43-59009f37bd7e,54.63702,-107.14555,9.40914,5.9101,0.86057,-11.0261,-1.4241,2.417,-3.22563,NA,NA,NA,NA,NA,NA,NA,NA,NA,NA,NA,NA,NA,NA,NA,NA,NA,NA,NA,NA,NA,NA,NA,NA,NA,NA,NA,NA,NA,NA,NA,NA,NA,NA,NA,NA,NA,NA,NA,NA,NA,NA,NA,NA,NA,NA,NA,NA,NA,NA,High,High,High,NA,NA,NA,NA,NA,NA,NA,NA,NA,NA,NA,NA,NA,NA,NA,NA,NA,NA,NA,NA,NA,NA,NA,NA,NA,NA,NA,NA,NA,NA,NA,NA,NA,NA,NA,NA,NA,NA,NA,NA,NA,NA,NA,NA,NA,NA,NA,NA,NA,NA,NA,NA,NA,NA,NA,NA,NA,NA
NA,NA,NA,NA,NA,NA,NA,NA,NA,NA,NA,NA,NA,NA,NA,NA,152,2025-07-27,15:13:13,1,3,"Bell, TayShaun",1000350469,Right,202_RBI1,"Harris, Marquise",1000350344,Right,202_RBI4,Undefined,4,Top,0,1,1,Undefined,Changeup,FoulBallNotFieldable,Undefined,Undefined,Undefined,0,0,NA,74.35618,1.081274,-1.913842,1680.872382,249.012973,02:15:00,5.80384,1.45014,5.74953,-43.26451,8.47989,17.09497,3.20577,1.09235,66.98031,-6.968944,1.146289,0.51773,35.25167,-55.814444,-95.103963,NA,NA,NA,NA,5.01695,5.01694,-42.86809,0.080177,-9.42815,4.45126,-1.30217,50,5.86742,2.99293,-107.76951,0.77739,-10.86328,22.27024,-27.04524,202_RBI1,202_RBI4,USABBCary1,USA Baseball,USA,20250727-USABBCary1-3,bec39e00-6b1d-11f0-8846-3f6e6eb56ce0,72.80332,3.49886,NA,7.37587,NA,NA,NA,3.88845,3.49886,-1.04596,ff73c667-d689-4199-a12b-e162e8200460,2025-07-27,19:13:13,2025-07-27T19:13:13Z,2025-07-27T19:13:13Z,GroundBall,v3,NA,NA,NA,"Sherrard, Evan",10955458,Right,202_RBI1,2f2081b6-d60a-4122-b85f-301899321502,54.74833,-108.74631,11.13512,5.80731,1.96363,-13.52262,-1.44389,3.4694,-5.43164,NA,3.88913,-2.63698,NA,NA,NA,NA,NA,NA,NA,3.51009,-43.63937,NA,NA,NA,NA,NA,NA,NA,-1.03837,-29.52368,NA,NA,NA,NA,NA,NA,NA,NA,NA,NA,NA,NA,NA,NA,NA,NA,NA,NA,NA,NA,NA,NA,NA,NA,NA,NA,NA,NA,NA,High,High,High,Estimated,Estimated,NA,NA,NA,NA,NA,NA,NA,NA,NA,NA,NA,NA,NA,NA,NA,NA,NA,NA,NA,NA,NA,NA,NA,NA,NA,NA,NA,NA,NA,NA,NA,NA,NA,NA,NA,NA,NA,NA,NA,NA,NA,NA,NA,NA,NA,NA,NA,NA,NA,NA,NA,NA,NA,NA,NA,NA
NA,NA,NA,NA,NA,NA,NA,NA,NA,NA,NA,NA,NA,NA,NA,NA,153,2025-07-27,15:13:54,1,4,"Bell, TayShaun",1000350469,Right,202_RBI1,"Harris, Marquise",1000350344,Right,202_RBI4,Undefined,4,Top,0,1,2,Undefined,Changeup,BallCalled,Undefined,Undefined,Undefined,0,0,NA,77.64414,1.590311,-1.285912,1718.42095,229.929802,01:45:00,5.91593,0.95763,5.70723,-31.35258,16.04985,17.04761,4.78566,1.17998,69.84438,-4.31301,1.761267,0.495532,NA,NA,NA,NA,NA,NA,NA,NA,NA,NA,NA,-8.99008,8.12528,-0.86029,50,6.03015,1.85791,-112.50397,2.22117,-11.34051,23.41474,-21.92443,202_RBI1,202_RBI4,USABBCary1,USA Baseball,USA,20250727-USABBCary1-3,d6d96380-6b1d-11f0-8846-3f6e6eb56ce0,76.0646,NA,NA,7.79975,NA,NA,NA,NA,NA,NA,ff73c667-d689-4199-a12b-e162e8200460,2025-07-27,19:13:54,2025-07-27T19:13:54Z,2025-07-27T19:13:54Z,NA,v3,NA,NA,NA,"Sherrard, Evan",10955458,Right,202_RBI1,c61e2e5b-fc99-4f94-8751-5fd534ddd3ed,54.7868,-113.49584,11.70737,5.91639,3.14991,-10.96222,-0.94917,2.33831,-5.67025,NA,NA,NA,NA,NA,NA,NA,NA,NA,NA,NA,NA,NA,NA,NA,NA,NA,NA,NA,NA,NA,NA,NA,NA,NA,NA,NA,NA,NA,NA,NA,NA,NA,NA,NA,NA,NA,NA,NA,NA,NA,NA,NA,NA,NA,NA,NA,NA,NA,NA,High,High,High,NA,NA,NA,NA,NA,NA,NA,NA,NA,NA,NA,NA,NA,NA,NA,NA,NA,NA,NA,NA,NA,NA,NA,NA,NA,NA,NA,NA,NA,NA,NA,NA,NA,NA,NA,NA,NA,NA,NA,NA,NA,NA,NA,NA,NA,NA,NA,NA,NA,NA,NA,NA,NA,NA,NA,NA,NA,NA
NA,NA,NA,NA,NA,NA,NA,NA,NA,NA,NA,NA,NA,NA,NA,NA,154,2025-07-27,15:14:10,1,5,"Bell, TayShaun",1000350469,Right,202_RBI1,"Harris, Marquise",1000350344,Right,202_RBI4,Undefined,4,Top,0,2,2,Undefined,Curveball,BallCalled,Undefined,Undefined,Undefined,0,0,NA,70.94683,-0.234446,-4.594359,1867.751139,209.254678,01:00:00,5.36119,1.63074,5.78817,-43.40187,13.01359,6.20508,1.52556,-2.13541,64.78942,-8.263153,-3.487903,0.540593,NA,NA,NA,NA,NA,NA,NA,NA,NA,NA,NA,-4.51965,7.29788,-1.2553,50,5.31608,8.03279,-102.63092,-1.61266,-4.78718,18.0846,-24.44418,202_RBI1,202_RBI4,USABBCary1,USA Baseball,USA,20250727-USABBCary1-3,e0988180-6b1d-11f0-8846-3f6e6eb56ce0,69.72423,NA,NA,6.15741,NA,NA,NA,NA,NA,NA,ff73c667-d689-4199-a12b-e162e8200460,2025-07-27,19:14:10,2025-07-27T19:14:10Z,2025-07-27T19:14:10Z,NA,v3,NA,NA,NA,"Sherrard, Evan",10955458,Right,202_RBI1,abdb3e24-ab12-4199-a1c3-c028e9eed654,54.70688,-103.45699,9.0423,5.36424,-0.49609,-12.22209,-1.62721,8.25146,-2.39359,NA,NA,NA,NA,NA,NA,NA,NA,NA,NA,NA,NA,NA,NA,NA,NA,NA,NA,NA,NA,NA,NA,NA,NA,NA,NA,NA,NA,NA,NA,NA,NA,NA,NA,NA,NA,NA,NA,NA,NA,NA,NA,NA,NA,NA,NA,NA,NA,NA,NA,High,High,High,NA,NA,NA,NA,NA,NA,NA,NA,NA,NA,NA,NA,NA,NA,NA,NA,NA,NA,NA,NA,NA,NA,NA,NA,NA,NA,NA,NA,NA,NA,NA,NA,NA,NA,NA,NA,NA,NA,NA,NA,NA,NA,NA,NA,NA,NA,NA,NA,NA,NA,NA,NA,NA,NA,NA,NA,NA,NA
NA,NA,NA,NA,NA,NA,NA,NA,NA,NA,NA,NA,NA,NA,NA,NA,155,2025-07-27,15:14:27,1,6,"Bell, TayShaun",1000350469,Right,202_RBI1,"Harris, Marquise",1000350344,Right,202_RBI4,Undefined,4,Top,0,3,2,Undefined,Changeup,StrikeSwinging,Strikeout,Undefined,Undefined,0,0,NA,73.54566,-2.407188,-2.897072,1555.122786,212.572096,01:00:00,5.9157400000000004,1.89761,6.09206,-33.54273,18.85379,10.75225,0.88975,0.1116,66.43736,-8.721027,-0.960751,0.520982,NA,NA,NA,NA,NA,NA,NA,NA,NA,NA,NA,-6.51733,11.11705,-1.67977,50,5.71253,5.01667,-106.44098,-5.33112,-7.3267,21.6949,-19.67639,202_RBI1,202_RBI4,USABBCary1,USA Baseball,USA,20250727-USABBCary1-3,eac63fd0-6b1d-11f0-8846-3f6e6eb56ce0,72.34885,NA,NA,7.1083,NA,NA,NA,NA,NA,NA,ff73c667-d689-4199-a12b-e162e8200460,2025-07-27,19:14:27,2025-07-27T19:14:27Z,2025-07-27T19:14:27Z,NA,v3,NA,NA,NA,"Sherrard, Evan",10955458,Right,202_RBI1,ca582c83-3376-429f-a8a8-3e62e69e8387,54.40246,-107.33454,10.84745,5.91542,-4.5207,-9.8382,-1.89261,5.31844,-3.66335,NA,NA,NA,NA,NA,NA,NA,NA,NA,NA,NA,NA,NA,NA,NA,NA,NA,NA,NA,NA,NA,NA,NA,NA,NA,NA,NA,NA,NA,NA,NA,NA,NA,NA,NA,NA,NA,NA,NA,NA,NA,NA,NA,NA,NA,NA,NA,NA,NA,NA,High,High,High,NA,NA,NA,NA,NA,NA,NA,NA,NA,NA,NA,NA,NA,NA,NA,NA,NA,NA,NA,NA,NA,NA,NA,NA,NA,NA,NA,NA,NA,NA,NA,NA,NA,NA,NA,NA,NA,NA,NA,NA,NA,NA,NA,NA,NA,NA,NA,NA,NA,NA,NA,NA,NA,NA,NA,NA,NA,NA
NA,NA,NA,NA,NA,NA,NA,NA,NA,NA,NA,NA,NA,NA,NA,NA,156,2025-07-27,15:15:03,2,1,"Bell, TayShaun",1000350469,Right,202_RBI1,"Sosa, Andy",10955480,Right,202_RBI4,Undefined,4,Top,1,0,0,Undefined,Changeup,FoulBallNotFieldable,Undefined,Undefined,Undefined,0,0,NA,74.42235,0.880168,-2.184248,1697.644608,214.588308,01:15:00,5.91865,1.30493,5.84658,-35.04596,15.89552,9.76607,3.81673,0.08804,67.59346,-5.686004,-0.434673,0.513697,56.55662,42.271473,145.846949,4715.255322,-96.58358,27.51284,52.64591,142.18281,43.92269,152.099592,2.756448,-5.66823,8.35985,-1.13308,50,5.96992,3.77178,-107.94209,0.69554,-6.63156,20.25833,-22.39341,202_RBI1,202_RBI4,USABBCary1,USA Baseball,USA,20250727-USABBCary1-3,fff3b270-6b1d-11f0-8846-3f6e6eb56ce0,73.37482,37.91583,NA,6.82889,NA,NA,NA,1.15139,3.83777,-0.08005,ff73c667-d689-4199-a12b-e162e8200460,2025-07-27,19:15:03,2025-07-27T19:15:03Z,2025-07-27T19:15:03Z,Popup,v3,NA,NA,NA,"Sherrard, Evan",10955458,Right,202_RBI1,483ef470-11ae-43c8-8034-79e6737c6d6f,54.65016,-108.81132,10.12916,5.91947,1.65638,-11.1967,-1.30102,4.05632,-3.31578,323.995083,1.15159,-50.80352,0.33547,0.90751,-0.10284,-0.1305,0.07448,-0.01393,7.6e-4,3.83765,55.80152,-25.77818,3.06337,-0.82562,0.31618,-0.12505,0.02905,-0.00266,-0.0802,34.46651,-7.03793,2.23794,-0.80803,0.37969,-0.15552,0.03626,-0.00336,NA,NA,NA,NA,NA,NA,NA,NA,NA,NA,NA,NA,NA,NA,NA,NA,NA,NA,NA,NA,NA,NA,High,High,High,High,Medium,NA,NA,NA,NA,NA,NA,NA,NA,NA,NA,NA,NA,NA,NA,NA,NA,NA,NA,NA,NA,NA,NA,NA,NA,NA,NA,NA,NA,NA,NA,NA,NA,NA,NA,NA,NA,NA,NA,NA,NA,NA,NA,NA,NA,NA,NA,NA,NA,NA,NA,NA,NA,NA,NA,NA,NA
NA,NA,NA,NA,NA,NA,NA,NA,NA,NA,NA,NA,NA,NA,NA,NA,157,2025-07-27,15:15:20,2,2,"Bell, TayShaun",1000350469,Right,202_RBI1,"Sosa, Andy",10955480,Right,202_RBI4,Undefined,4,Top,1,0,1,Undefined,Curveball,BallCalled,Undefined,Undefined,Undefined,0,0,NA,68.19052,-0.173446,-2.373948,1559.811208,128.623808,10:15:00,5.33621,1.71919,5.82644,-53.10719,7.47217,-6.86878,0.74924,-1.06134,62.80628,-9.925297,-3.605355,0.560188,NA,NA,NA,NA,NA,NA,NA,NA,NA,NA,NA,2.81323,4.47,-1.52109,50,5.29081,4.32399,-98.93469,-1.73223,2.77193,16.64994,-27.76966,202_RBI1,202_RBI4,USABBCary1,USA Baseball,USA,20250727-USABBCary1-3,0a4a2e70-6b1e-11f0-8846-3f6e6eb56ce0,67.28534,NA,NA,5.38424,NA,NA,NA,NA,NA,NA,ff73c667-d689-4199-a12b-e162e8200460,2025-07-27,19:15:20,2025-07-27T19:15:20Z,2025-07-27T19:15:20Z,NA,v3,NA,NA,NA,"Sherrard, Evan",10955458,Right,202_RBI1,dcf807b5-2c5a-4341-a75b-6a670c1f6651,54.67084,-99.71766,8.32497,5.34157,-0.42635,-13.88483,-1.72136,4.19364,1.38596,NA,NA,NA,NA,NA,NA,NA,NA,NA,NA,NA,NA,NA,NA,NA,NA,NA,NA,NA,NA,NA,NA,NA,NA,NA,NA,NA,NA,NA,NA,NA,NA,NA,NA,NA,NA,NA,NA,NA,NA,NA,NA,NA,NA,NA,NA,NA,NA,NA,NA,High,High,High,NA,NA,NA,NA,NA,NA,NA,NA,NA,NA,NA,NA,NA,NA,NA,NA,NA,NA,NA,NA,NA,NA,NA,NA,NA,NA,NA,NA,NA,NA,NA,NA,NA,NA,NA,NA,NA,NA,NA,NA,NA,NA,NA,NA,NA,NA,NA,NA,NA,NA,NA,NA,NA,NA,NA,NA,NA,NA
NA,NA,NA,NA,NA,NA,NA,NA,NA,NA,NA,NA,NA,NA,NA,NA,158,2025-07-27,15:15:35,2,3,"Bell, TayShaun",1000350469,Right,202_RBI1,"Sosa, Andy",10955480,Right,202_RBI4,Undefined,4,Top,1,1,1,Undefined,Changeup,StrikeCalled,Undefined,Undefined,Undefined,0,0,NA,74.69472,-1.857342,-2.861421,1624.562186,227.433041,01:30:00,5.76795,1.34495,6.09719,-34.40451,16.12769,15.51934,1.18032,-0.01047,67.68123,-8.315748,-0.06541,0.511629,NA,NA,NA,NA,NA,NA,NA,NA,NA,NA,NA,-8.92745,9.468,-1.13257,50,5.60691,4.86786,-108.21074,-4.41965,-10.41622,21.701,-21.12716,202_RBI1,202_RBI4,USABBCary1,USA Baseball,USA,20250727-USABBCary1-3,130f8320-6b1e-11f0-8846-3f6e6eb56ce0,73.67136,NA,NA,7.01348,NA,NA,NA,NA,NA,NA,ff73c667-d689-4199-a12b-e162e8200460,2025-07-27,19:15:35,2025-07-27T19:15:35Z,2025-07-27T19:15:35Z,NA,v3,NA,NA,NA,"Sherrard, Evan",10955458,Right,202_RBI1,d4e7ae42-ed5e-4d09-b804-b6faeae9ed07,54.39864,-109.08929,10.8505,5.76852,-3.56433,-10.56358,-1.33818,5.28956,-5.20811,NA,NA,NA,NA,NA,NA,NA,NA,NA,NA,NA,NA,NA,NA,NA,NA,NA,NA,NA,NA,NA,NA,NA,NA,NA,NA,NA,NA,NA,NA,NA,NA,NA,NA,NA,NA,NA,NA,NA,NA,NA,NA,NA,NA,NA,NA,NA,NA,NA,NA,High,High,High,NA,NA,NA,NA,NA,NA,NA,NA,NA,NA,NA,NA,NA,NA,NA,NA,NA,NA,NA,NA,NA,NA,NA,NA,NA,NA,NA,NA,NA,NA,NA,NA,NA,NA,NA,NA,NA,NA,NA,NA,NA,NA,NA,NA,NA,NA,NA,NA,NA,NA,NA,NA,NA,NA,NA,NA,NA,NA
NA,NA,NA,NA,NA,NA,NA,NA,NA,NA,NA,NA,NA,NA,NA,NA,159,2025-07-27,15:15:48,2,4,"Bell, TayShaun",1000350469,Right,202_RBI1,"Sosa, Andy",10955480,Right,202_RBI4,Undefined,4,Top,1,1,2,Undefined,Changeup,BallCalled,Undefined,Undefined,Undefined,0,0,NA,79.47497,-2.495333,-2.601881,1880.552881,221.73364,01:30:00,5.82893,1.26664,5.61652,-28.07734,17.47383,14.05505,1.15643,0.00794,71.77084,-7.751746,-0.092601,0.485759,NA,NA,NA,NA,NA,NA,NA,NA,NA,NA,NA,-8.01382,10.16957,-1.05388,50,5.59802,4.68041,-115.01018,-5.84543,-10.5467,24.79789,-18.79024,202_RBI1,202_RBI4,USABBCary1,USA Baseball,USA,20250727-USABBCary1-3,1ad5b750-6b1e-11f0-8846-3f6e6eb56ce0,77.59488,NA,NA,7.70413,NA,NA,NA,NA,NA,NA,ff73c667-d689-4199-a12b-e162e8200460,2025-07-27,19:15:48,2025-07-27T19:15:48Z,2025-07-27T19:15:48Z,NA,v3,NA,NA,NA,"Sherrard, Evan",10955458,Right,202_RBI1,9ca7bc64-ba6a-464f-a28b-b47df4e8adf6,54.87996,-116.0576,12.39894,5.82815,-5.05176,-9.39512,-1.26099,5.12589,-5.27335,NA,NA,NA,NA,NA,NA,NA,NA,NA,NA,NA,NA,NA,NA,NA,NA,NA,NA,NA,NA,NA,NA,NA,NA,NA,NA,NA,NA,NA,NA,NA,NA,NA,NA,NA,NA,NA,NA,NA,NA,NA,NA,NA,NA,NA,NA,NA,NA,NA,NA,High,High,High,NA,NA,NA,NA,NA,NA,NA,NA,NA,NA,NA,NA,NA,NA,NA,NA,NA,NA,NA,NA,NA,NA,NA,NA,NA,NA,NA,NA,NA,NA,NA,NA,NA,NA,NA,NA,NA,NA,NA,NA,NA,NA,NA,NA,NA,NA,NA,NA,NA,NA,NA,NA,NA,NA,NA,NA,NA,NA
NA,NA,NA,NA,NA,NA,NA,NA,NA,NA,NA,NA,NA,NA,NA,NA,160,2025-07-27,15:16:01,2,5,"Bell, TayShaun",1000350469,Right,202_RBI1,"Sosa, Andy",10955480,Right,202_RBI4,Undefined,4,Top,1,2,2,Undefined,Slider,StrikeCalled,Strikeout,Undefined,Undefined,0,0,NA,69.35248,0.701343,-2.563852,1783.815629,141.178009,10:45:00,5.44811,1.6728,5.6072,-48.74814,10.35737,-6.77028,2.04112,-1.2862,63.56411,-8.266903,-3.770582,0.553331,NA,NA,NA,NA,NA,NA,NA,NA,NA,NA,NA,2.66949,5.63445,-1.44899,50,5.47692,4.73358,-100.54091,-0.13497,2.71726,17.14738,-26.43878,202_RBI1,202_RBI4,USABBCary1,USA Baseball,USA,20250727-USABBCary1-3,22b47c90-6b1e-11f0-8846-3f6e6eb56ce0,68.1191,NA,NA,5.78837,NA,NA,NA,NA,NA,NA,ff73c667-d689-4199-a12b-e162e8200460,2025-07-27,19:16:01,2025-07-27T19:16:01Z,2025-07-27T19:16:01Z,NA,v3,NA,NA,NA,"Sherrard, Evan",10955458,Right,202_RBI1,10d14837-3f38-4c5f-8f24-eb2685ae3045,54.88888,-101.37129,8.57369,5.45245,1.14535,-13.21939,-1.67503,4.60199,1.35863,NA,NA,NA,NA,NA,NA,NA,NA,NA,NA,NA,NA,NA,NA,NA,NA,NA,NA,NA,NA,NA,NA,NA,NA,NA,NA,NA,NA,69.01123,NA,NA,0.85542,NA,NA,NA,6.00994,5.0769,-5.74738,68.89786,3.19291,-55.87815,6.0225,76.76002,-3.84087,5.0763,6.85044,-10.58285,-5.77552,-64.89906,7.46922,High,High,High,NA,NA,High,High,High,NA,NA,NA,NA,NA,NA,NA,NA,NA,NA,NA,NA,NA,NA,NA,NA,NA,NA,NA,NA,NA,NA,NA,NA,NA,NA,NA,NA,NA,NA,NA,NA,NA,NA,NA,NA,NA,NA,NA,NA,NA,NA,NA,NA,NA,NA,NA,NA,NA,NA,NA,NA,NA
NA,NA,NA,NA,NA,NA,NA,NA,NA,NA,NA,NA,NA,NA,NA,NA,161,2025-07-27,15:16:30,3,1,"Bell, TayShaun",1000350469,Right,202_RBI1,"Oliver, Antuan",10955478,Right,202_RBI4,Undefined,4,Top,2,0,0,Undefined,Changeup,StrikeSwinging,Undefined,Undefined,Undefined,0,0,NA,76.56069,-2.076121,-2.174066,1656.215345,215.796967,01:15:00,5.84414,1.0747,5.67177,-31.38277,16.91576,11.03241,1.29107,-0.03382,70.10071,-7.904014,-0.20157,0.500194,NA,NA,NA,NA,NA,NA,NA,NA,NA,NA,NA,-6.23898,9.67623,-0.89829,50,5.6492000000000004,3.80488,-111.0045,-4.93697,-7.75744,20.51714,-20.14281,202_RBI1,202_RBI4,USABBCary1,USA Baseball,USA,20250727-USABBCary1-3,3425f8a0-6b1e-11f0-8846-3f6e6eb56ce0,75.35566,NA,NA,6.45999,NA,NA,NA,NA,NA,NA,ff73c667-d689-4199-a12b-e162e8200460,2025-07-27,19:16:30,2025-07-27T19:16:30Z,2025-07-27T19:16:30Z,NA,v3,NA,NA,NA,"Sherrard, Evan",10955458,Right,202_RBI1,919464a8-4409-4a8d-9770-054dd8fc7417,54.82525,-111.89281,10.25857,5.84407,-4.06487,-10.0714,-1.0703,4.14074,-3.87872,NA,NA,NA,NA,NA,NA,NA,NA,NA,NA,NA,NA,NA,NA,NA,NA,NA,NA,NA,NA,NA,NA,NA,NA,NA,NA,NA,NA,NA,NA,NA,NA,NA,NA,NA,NA,NA,NA,NA,NA,NA,NA,NA,NA,NA,NA,NA,NA,NA,NA,High,High,High,NA,NA,NA,NA,NA,NA,NA,NA,NA,NA,NA,NA,NA,NA,NA,NA,NA,NA,NA,NA,NA,NA,NA,NA,NA,NA,NA,NA,NA,NA,NA,NA,NA,NA,NA,NA,NA,NA,NA,NA,NA,NA,NA,NA,NA,NA,NA,NA,NA,NA,NA,NA,NA,NA,NA,NA,NA,NA
NA,NA,NA,NA,NA,NA,NA,NA,NA,NA,NA,NA,NA,NA,NA,NA,162,2025-07-27,15:16:50,3,2,"Bell, TayShaun",1000350469,Right,202_RBI1,"Oliver, Antuan",10955478,Right,202_RBI4,Undefined,4,Top,2,0,1,Undefined,Curveball,BallCalled,Undefined,Undefined,Undefined,0,0,NA,72.62638,-0.378413,-3.894048,1872.746939,187.52765,12:15:00,5.32793,1.69894,5.98241,-45.33447,8.61835,0.8735,1.19849,-1.84321,65.74243,-8.794731,-3.73743,0.528662,NA,NA,NA,NA,NA,NA,NA,NA,NA,NA,NA,-1.74984,5.16937,-1.39147,50,5.27348,7.12185,-105.07525,-1.95163,-1.9186,21.00503,-26.50613,202_RBI1,202_RBI4,USABBCary1,USA Baseball,USA,20250727-USABBCary1-3,3fd61130-6b1e-11f0-8846-3f6e6eb56ce0,71.29774,NA,NA,6.88394,NA,NA,NA,NA,NA,NA,ff73c667-d689-4199-a12b-e162e8200460,2025-07-27,19:16:50,2025-07-27T19:16:50Z,2025-07-27T19:16:50Z,NA,v3,NA,NA,NA,"Sherrard, Evan",10955458,Right,202_RBI1,d7a0419a-d475-4331-aeaf-d276b9af3ae2,54.51162,-105.9733,10.50252,5.3327,-0.81838,-13.25307,-1.69772,7.20388,-0.9593,NA,NA,NA,NA,NA,NA,NA,NA,NA,NA,NA,NA,NA,NA,NA,NA,NA,NA,NA,NA,NA,NA,NA,NA,NA,NA,NA,NA,NA,NA,NA,NA,NA,NA,NA,NA,NA,NA,NA,NA,NA,NA,NA,NA,NA,NA,NA,NA,NA,NA,High,High,High,NA,NA,NA,NA,NA,NA,NA,NA,NA,NA,NA,NA,NA,NA,NA,NA,NA,NA,NA,NA,NA,NA,NA,NA,NA,NA,NA,NA,NA,NA,NA,NA,NA,NA,NA,NA,NA,NA,NA,NA,NA,NA,NA,NA,NA,NA,NA,NA,NA,NA,NA,NA,NA,NA,NA,NA,NA,NA
NA,NA,NA,NA,NA,NA,NA,NA,NA,NA,NA,NA,NA,NA,NA,NA,163,2025-07-27,15:17:58,3,3,"Bell, TayShaun",1000350469,Right,202_RBI1,"Oliver, Antuan",10955478,Right,202_RBI4,Undefined,4,Top,2,1,1,Undefined,Changeup,StrikeCalled,Undefined,Undefined,Undefined,0,0,NA,78.60989,0.008501,-2.957262,1726.706973,233.514245,01:45:00,5.92866,1.05042,6.04113,-32.19206,13.93595,16.3769,3.25387,-0.32531,70.22526,-6.082916,-0.012947,0.488825,NA,NA,NA,NA,NA,NA,NA,NA,NA,NA,NA,-9.38737,7.6843,-0.82809,50,5.91238,5.25196,-113.79345000000001,-0.88229,-11.99447,25.85124,-22.35564,202_RBI1,202_RBI4,USABBCary1,USA Baseball,USA,20250727-USABBCary1-3,685afdf0-6b1e-11f0-8846-3f6e6eb56ce0,77.10818,NA,NA,8.38463,NA,NA,NA,NA,NA,NA,ff73c667-d689-4199-a12b-e162e8200460,2025-07-27,19:17:58,2025-07-27T19:17:58Z,2025-07-27T19:17:58Z,NA,v3,NA,NA,NA,"Sherrard, Evan",10955458,Right,202_RBI1,354cc9ed-2c2c-4a91-bb80-d49406d1769e,54.45215,-114.80042,12.92562,5.92979,-0.01148,-11.17782,-1.04177,5.71917,-5.99724,NA,NA,NA,NA,NA,NA,NA,NA,NA,NA,NA,NA,NA,NA,NA,NA,NA,NA,NA,NA,NA,NA,NA,NA,NA,NA,NA,NA,NA,NA,NA,NA,NA,NA,NA,NA,NA,NA,NA,NA,NA,NA,NA,NA,NA,NA,NA,NA,NA,NA,High,High,High,NA,NA,NA,NA,NA,NA,NA,NA,NA,NA,NA,NA,NA,NA,NA,NA,NA,NA,NA,NA,NA,NA,NA,NA,NA,NA,NA,NA,NA,NA,NA,NA,NA,NA,NA,NA,NA,NA,NA,NA,NA,NA,NA,NA,NA,NA,NA,NA,NA,NA,NA,NA,NA,NA,NA,NA,NA,NA
NA,NA,NA,NA,NA,NA,NA,NA,NA,NA,NA,NA,NA,NA,NA,NA,164,2025-07-27,15:18:15,3,4,"Bell, TayShaun",1000350469,Right,202_RBI1,"Oliver, Antuan",10955478,Right,202_RBI4,Undefined,4,Top,2,1,2,Undefined,Changeup,FoulBallNotFieldable,Undefined,Undefined,Undefined,0,0,NA,80.34723,-1.446788,-3.182954,1791.919754,227.691409,01:30:00,5.79437,0.80426,5.60881,-29.86517,15.24166,14.70662,1.95278,-0.94427,71.60467,-7.062945,-0.560041,0.483384,NA,NA,NA,NA,NA,NA,NA,NA,NA,NA,NA,-8.5926,8.75611,-0.54165,50,5.65184,5.86335,-116.11849,-3.83739,-11.38784,27.68214,-20.56951,202_RBI1,202_RBI4,USABBCary1,USA Baseball,USA,20250727-USABBCary1-3,72a60840-6b1e-11f0-8846-3f6e6eb56ce0,77.97614,NA,NA,8.74256,NA,NA,NA,NA,NA,NA,ff73c667-d689-4199-a12b-e162e8200460,2025-07-27,19:18:15,2025-07-27T19:18:15Z,2025-07-27T19:18:15Z,NA,v3,NA,NA,NA,"Sherrard, Evan",10955458,Right,202_RBI1,89854c24-173f-4a49-b653-78c3f1da82da,54.88496,-117.27726,13.84107,5.79445,-2.97635,-10.28476,-0.79707,6.34004,-5.69392,NA,NA,NA,NA,NA,NA,NA,NA,NA,NA,NA,NA,NA,NA,NA,NA,NA,NA,NA,NA,NA,NA,NA,NA,NA,NA,NA,NA,NA,NA,NA,NA,NA,NA,NA,NA,NA,NA,NA,NA,NA,NA,NA,NA,NA,NA,NA,NA,NA,NA,High,High,High,NA,NA,NA,NA,NA,NA,NA,NA,NA,NA,NA,NA,NA,NA,NA,NA,NA,NA,NA,NA,NA,NA,NA,NA,NA,NA,NA,NA,NA,NA,NA,NA,NA,NA,NA,NA,NA,NA,NA,NA,NA,NA,NA,NA,NA,NA,NA,NA,NA,NA,NA,NA,NA,NA,NA,NA,NA,NA
NA,NA,NA,NA,NA,NA,NA,NA,NA,NA,NA,NA,NA,NA,NA,NA,165,2025-07-27,15:18:40,3,5,"Bell, TayShaun",1000350469,Right,202_RBI1,"Oliver, Antuan",10955478,Right,202_RBI4,Undefined,4,Top,2,1,2,Undefined,Changeup,BallCalled,Undefined,Undefined,Undefined,0,0,NA,79.42672,-1.78961,-0.619133,1811.252659,223.726394,01:30:00,5.91964,0.99563,5.94376,-29.87391,15.39485,13.02221,1.76952,1.5065,71.26315,-7.421035,1.722892,0.484251,NA,NA,NA,NA,NA,NA,NA,NA,NA,NA,NA,-6.86217,9.03154,-0.95346,50,5.76067,0.74194,-115.05096,-4.43936,-8.96547,26.36882,-20.37431,202_RBI1,202_RBI4,USABBCary1,USA Baseball,USA,20250727-USABBCary1-3,81380b10-6b1e-11f0-8846-3f6e6eb56ce0,77.83656,NA,NA,8.16357,NA,NA,NA,NA,NA,NA,ff73c667-d689-4199-a12b-e162e8200460,2025-07-27,19:18:40,2025-07-27T19:18:40Z,2025-07-27T19:18:40Z,NA,v3,NA,NA,NA,"Sherrard, Evan",10955458,Right,202_RBI1,6f1928fe-fd74-4d91-9739-ee90d64752db,54.54988,-116.08908,13.18441,5.91966,-3.63724,-10.18716,-0.98962,1.0949,-4.48274,NA,NA,NA,NA,NA,NA,NA,NA,NA,NA,NA,NA,NA,NA,NA,NA,NA,NA,NA,NA,NA,NA,NA,NA,NA,NA,NA,NA,NA,NA,NA,NA,NA,NA,NA,NA,NA,NA,NA,NA,NA,NA,NA,NA,NA,NA,NA,NA,NA,NA,High,High,High,NA,NA,NA,NA,NA,NA,NA,NA,NA,NA,NA,NA,NA,NA,NA,NA,NA,NA,NA,NA,NA,NA,NA,NA,NA,NA,NA,NA,NA,NA,NA,NA,NA,NA,NA,NA,NA,NA,NA,NA,NA,NA,NA,NA,NA,NA,NA,NA,NA,NA,NA,NA,NA,NA,NA,NA,NA,NA
NA,NA,NA,NA,NA,NA,NA,NA,NA,NA,NA,NA,NA,NA,NA,NA,166,2025-07-27,15:18:55,3,6,"Bell, TayShaun",1000350469,Right,202_RBI1,"Oliver, Antuan",10955478,Right,202_RBI4,Undefined,4,Top,2,2,2,Undefined,Changeup,BallCalled,Undefined,Undefined,Undefined,0,0,NA,78.37062,-3.13077,-0.883612,1854.873104,222.961958,01:30:00,5.82312,1.00906,5.83055,-29.85958,16.75127,13.92371,0.42138,1.34795,70.7354,-8.718935,1.616231,0.491377,NA,NA,NA,NA,NA,NA,NA,NA,NA,NA,NA,-7.47788,10.14823,-0.94549,50,5.5501,1.23462,-113.46028,-7.05235,-9.53251,25.03297,-19.23747,202_RBI1,202_RBI4,USABBCary1,USA Baseball,USA,20250727-USABBCary1-3,8a514c20-6b1e-11f0-8846-3f6e6eb56ce0,76.70778,NA,NA,7.63523,NA,NA,NA,NA,NA,NA,ff73c667-d689-4199-a12b-e162e8200460,2025-07-27,19:18:55,2025-07-27T19:18:55Z,2025-07-27T19:18:55Z,NA,v3,NA,NA,NA,"Sherrard, Evan",10955458,Right,202_RBI1,6b374df1-063a-493f-a6ec-84a9b055a98a,54.66612,-114.48514,12.51649,5.8227,-6.26475,-9.61874,-1.00402,1.62489,-4.76625,NA,NA,NA,NA,NA,NA,NA,NA,NA,NA,NA,NA,NA,NA,NA,NA,NA,NA,NA,NA,NA,NA,NA,NA,NA,NA,NA,NA,NA,NA,NA,NA,NA,NA,NA,NA,NA,NA,NA,NA,NA,NA,NA,NA,NA,NA,NA,NA,NA,NA,High,High,High,NA,NA,NA,NA,NA,NA,NA,NA,NA,NA,NA,NA,NA,NA,NA,NA,NA,NA,NA,NA,NA,NA,NA,NA,NA,NA,NA,NA,NA,NA,NA,NA,NA,NA,NA,NA,NA,NA,NA,NA,NA,NA,NA,NA,NA,NA,NA,NA,NA,NA,NA,NA,NA,NA,NA,NA,NA,NA
NA,NA,NA,NA,NA,NA,NA,NA,NA,NA,NA,NA,NA,NA,NA,NA,167,2025-07-27,15:19:22,3,7,"Bell, TayShaun",1000350469,Right,202_RBI1,"Oliver, Antuan",10955478,Right,202_RBI4,Undefined,4,Top,2,3,2,Undefined,Slider,StrikeCalled,Strikeout,Undefined,Undefined,0,0,NA,70.27519,1.795902,-3.128649,1766.324993,155.122795,11:15:00,5.36051,1.80012,5.83466,-46.90199,10.30142,-3.90355,3.12429,-1.43606,64.12952,-6.896306,-3.826188,0.544355,NA,NA,NA,NA,NA,NA,NA,NA,NA,NA,NA,1.0587,5.30823,-1.5425,50,5.47986,5.69757,-101.80974,1.91574,1.10429,17.68539,-26.63724,202_RBI1,202_RBI4,USABBCary1,USA Baseball,USA,20250727-USABBCary1-3,9a7c1760-6b1e-11f0-8846-3f6e6eb56ce0,69.24235,NA,NA,6.14567,NA,NA,NA,NA,NA,NA,ff73c667-d689-4199-a12b-e162e8200460,2025-07-27,19:19:22,2025-07-27T19:19:22Z,2025-07-27T19:19:22Z,NA,v3,NA,NA,NA,"Sherrard, Evan",10955458,Right,202_RBI1,60a5034f-a87e-472f-8a1b-8b383dede9bc,54.66094,-102.6162,8.84269,5.3648,3.13041,-13.31862,-1.80116,5.64721,0.55215,NA,NA,NA,NA,NA,NA,NA,NA,NA,NA,NA,NA,NA,NA,NA,NA,NA,NA,NA,NA,NA,NA,NA,NA,NA,NA,NA,NA,NA,NA,NA,NA,NA,NA,NA,NA,NA,NA,NA,NA,NA,NA,NA,NA,NA,NA,NA,NA,NA,NA,High,High,High,NA,NA,NA,NA,NA,NA,NA,NA,NA,NA,NA,NA,NA,NA,NA,NA,NA,NA,NA,NA,NA,NA,NA,NA,NA,NA,NA,NA,NA,NA,NA,NA,NA,NA,NA,NA,NA,NA,NA,NA,NA,NA,NA,NA,NA,NA,NA,NA,NA,NA,NA,NA,NA,NA,NA,NA,NA,NA
NA,NA,NA,NA,NA,NA,NA,NA,NA,NA,NA,NA,NA,NA,NA,NA,168,2025-07-27,15:22:51,1,1,"Pineda, Teddy",10955479,Right,202_RBI4,"Williams, Aaron",1000350462,Right,202_RBI1,Undefined,4,Bottom,0,0,0,Undefined,Other,BallCalled,Undefined,Undefined,Undefined,0,0,NA,71.39853,-1.599182,-4.250431,1709.924723,236.968318,02:00:00,5.20076,1.61936,4.74509,-45.67802,13.48001,16.93686,-0.12712,-1.00814,64.0076,-9.934287,-1.279302,0.553577,NA,NA,NA,NA,NA,NA,NA,NA,NA,NA,NA,-9.8956,7.84579,-1.20735,50,5.0003,6.99315,-102.9008,-4.32777,-10.30727,21.61438,-24.00184,202_RBI1,202_RBI4,USABBCary1,USA Baseball,USA,20250727-USABBCary1-3,16ea56e0-6b1f-11f0-8846-3f6e6eb56ce0,68.08884,NA,NA,7.39092,NA,NA,NA,NA,NA,NA,ff73c667-d689-4199-a12b-e162e8200460,2025-07-27,19:22:51,2025-07-27T19:22:51Z,2025-07-27T19:22:51Z,NA,v3,NA,NA,NA,"Hagan, Michael",10955475,Right,202_RBI4,6ef0b7f9-0b9c-4396-96ed-08b8b4bb1ec8,55.74969,-104.10152,10.80719,5.20368,-2.99442,-12.00092,-1.61174,7.56574,-5.15364,NA,NA,NA,NA,NA,NA,NA,NA,NA,NA,NA,NA,NA,NA,NA,NA,NA,NA,NA,NA,NA,NA,NA,NA,NA,NA,NA,NA,NA,NA,NA,NA,NA,NA,NA,NA,NA,NA,NA,NA,NA,NA,NA,NA,NA,NA,NA,NA,NA,NA,High,High,High,NA,NA,NA,NA,NA,NA,NA,NA,NA,NA,NA,NA,NA,NA,NA,NA,NA,NA,NA,NA,NA,NA,NA,NA,NA,NA,NA,NA,NA,NA,NA,NA,NA,NA,NA,NA,NA,NA,NA,NA,NA,NA,NA,NA,NA,NA,NA,NA,NA,NA,NA,NA,NA,NA,NA,NA,NA,NA
NA,NA,NA,NA,NA,NA,NA,NA,NA,NA,NA,NA,NA,NA,NA,NA,169,2025-07-27,15:23:11,1,2,"Pineda, Teddy",10955479,Right,202_RBI4,"Williams, Aaron",1000350462,Right,202_RBI1,Undefined,4,Bottom,0,1,0,Undefined,Changeup,BallCalled,Undefined,Undefined,Undefined,0,0,NA,74.83808,0.623947,-5.275255,1866.092902,238.676269,02:00:00,5.04402,1.45517,4.74351,-40.31329,14.03898,19.1617,2.27895,-1.96588,66.04633,-6.82273,-1.927939,0.530616,NA,NA,NA,NA,NA,NA,NA,NA,NA,NA,NA,-11.26733,7.29693,-0.94097,50,5.07301,9.12142,-107.59767,-0.14489,-12.75777,24.60423,-23.91189,202_RBI1,202_RBI4,USABBCary1,USA Baseball,USA,20250727-USABBCary1-3,22b57180-6b1f-11f0-8846-3f6e6eb56ce0,71.03527,NA,NA,8.79174,NA,NA,NA,NA,NA,NA,ff73c667-d689-4199-a12b-e162e8200460,2025-07-27,19:23:11,2025-07-27T19:23:11Z,2025-07-27T19:23:11Z,NA,v3,NA,NA,NA,"Hagan, Michael",10955475,Right,202_RBI4,969654d4-66bb-4012-b927-edbbd1a45cdf,55.74673,-108.90384,12.30211,5.047,1.12452,-11.95595,-1.44318,9.79869,-6.37888,NA,NA,NA,NA,NA,NA,NA,NA,NA,NA,NA,NA,NA,NA,NA,NA,NA,NA,NA,NA,NA,NA,NA,NA,NA,NA,NA,NA,NA,NA,NA,NA,NA,NA,NA,NA,NA,NA,NA,NA,NA,NA,NA,NA,NA,NA,NA,NA,NA,NA,High,High,High,NA,NA,NA,NA,NA,NA,NA,NA,NA,NA,NA,NA,NA,NA,NA,NA,NA,NA,NA,NA,NA,NA,NA,NA,NA,NA,NA,NA,NA,NA,NA,NA,NA,NA,NA,NA,NA,NA,NA,NA,NA,NA,NA,NA,NA,NA,NA,NA,NA,NA,NA,NA,NA,NA,NA,NA,NA,NA
NA,NA,NA,NA,NA,NA,NA,NA,NA,NA,NA,NA,NA,NA,NA,NA,170,2025-07-27,15:23:28,1,3,"Pineda, Teddy",10955479,Right,202_RBI4,"Williams, Aaron",1000350462,Right,202_RBI1,Undefined,4,Bottom,0,2,0,Undefined,Changeup,StrikeCalled,Undefined,Undefined,Undefined,0,0,NA,76.60901,1.818511,-2.671919,2042.728337,245.817362,02:15:00,5.0032,1.63447,4.96899,-39.40986,11.33843,20.70659,3.43922,0.83434,68.11314,-5.474299,0.976343,0.512722,NA,NA,NA,NA,NA,NA,NA,NA,NA,NA,NA,-11.06257,5.53894,-1.39371,50,5.14802,4.2861,-110.61733,2.20944,-13.33872,24.67141,-25.49547,202_RBI1,202_RBI4,USABBCary1,USA Baseball,USA,20250727-USABBCary1-3,2cf02820-6b1f-11f0-8846-3f6e6eb56ce0,73.51434,NA,NA,8.49587,NA,NA,NA,NA,NA,NA,ff73c667-d689-4199-a12b-e162e8200460,2025-07-27,19:23:28,2025-07-27T19:23:28Z,2025-07-27T19:23:28Z,NA,v3,NA,NA,NA,"Hagan, Michael",10955475,Right,202_RBI4,067e343c-15fe-491e-8426-e18b82e033f8,55.5236,-111.8425,12.3357,5.00686,3.47553,-12.74774,-1.623,4.94849,-6.66936,NA,NA,NA,NA,NA,NA,NA,NA,NA,NA,NA,NA,NA,NA,NA,NA,NA,NA,NA,NA,NA,NA,NA,NA,NA,NA,NA,NA,NA,NA,NA,NA,NA,NA,NA,NA,NA,NA,NA,NA,NA,NA,NA,NA,NA,NA,NA,NA,NA,NA,High,High,High,NA,NA,NA,NA,NA,NA,NA,NA,NA,NA,NA,NA,NA,NA,NA,NA,NA,NA,NA,NA,NA,NA,NA,NA,NA,NA,NA,NA,NA,NA,NA,NA,NA,NA,NA,NA,NA,NA,NA,NA,NA,NA,NA,NA,NA,NA,NA,NA,NA,NA,NA,NA,NA,NA,NA,NA,NA,NA
NA,NA,NA,NA,NA,NA,NA,NA,NA,NA,NA,NA,NA,NA,NA,NA,171,2025-07-27,15:23:43,1,4,"Pineda, Teddy",10955479,Right,202_RBI4,"Williams, Aaron",1000350462,Right,202_RBI1,Undefined,4,Bottom,0,2,1,Undefined,Changeup,BallCalled,Undefined,Undefined,Undefined,0,0,NA,76.0667,1.696403,-4.359489,2004.876914,231.487245,01:45:00,5.14572,1.82972,5.09158,-35.16199,16.15178,17.71568,3.81942,-0.81049,67.62142,-4.858817,-1.240879,0.515571,NA,NA,NA,NA,NA,NA,NA,NA,NA,NA,NA,-10.19087,7.98485,-1.43123,50,5.28009,7.62211,-109.66544,2.16135,-12.10822,23.79661,-22.68691,202_RBI1,202_RBI4,USABBCary1,USA Baseball,USA,20250727-USABBCary1-3,35d0f410-6b1f-11f0-8846-3f6e6eb56ce0,73.10816,NA,NA,8.44528,NA,NA,NA,NA,NA,NA,ff73c667-d689-4199-a12b-e162e8200460,2025-07-27,19:23:43,2025-07-27T19:23:43Z,2025-07-27T19:23:43Z,NA,v3,NA,NA,NA,"Hagan, Michael",10955475,Right,202_RBI4,5e80dbd3-34f3-4010-a57d-e19ba55c1987,55.39982,-110.83097,11.8983,5.14702,3.27252,-11.34345,-1.81907,8.21516,-6.05411,NA,NA,NA,NA,NA,NA,NA,NA,NA,NA,NA,NA,NA,NA,NA,NA,NA,NA,NA,NA,NA,NA,NA,NA,NA,NA,NA,NA,NA,NA,NA,NA,NA,NA,NA,NA,NA,NA,NA,NA,NA,NA,NA,NA,NA,NA,NA,NA,NA,NA,High,High,High,NA,NA,NA,NA,NA,NA,NA,NA,NA,NA,NA,NA,NA,NA,NA,NA,NA,NA,NA,NA,NA,NA,NA,NA,NA,NA,NA,NA,NA,NA,NA,NA,NA,NA,NA,NA,NA,NA,NA,NA,NA,NA,NA,NA,NA,NA,NA,NA,NA,NA,NA,NA,NA,NA,NA,NA,NA,NA
NA,NA,NA,NA,NA,NA,NA,NA,NA,NA,NA,NA,NA,NA,NA,NA,172,2025-07-27,15:24:03,1,5,"Pineda, Teddy",10955479,Right,202_RBI4,"Williams, Aaron",1000350462,Right,202_RBI1,Undefined,4,Bottom,0,3,1,Undefined,Changeup,BallCalled,Walk,Undefined,Undefined,0,0,NA,75.84867,-0.323192,-4.673585,2009.328958,243.154496,02:00:00,4.95417,1.58047,5.11776,-38.28349,13.03536,21.77289,1.45842,-1.01737,68.02058,-7.394479,-0.834917,0.515596,NA,NA,NA,NA,NA,NA,NA,NA,NA,NA,NA,-12.29938,7.16615,-1.15749,50,4.89479,8.05921,-109.45291,-1.84401,-14.61434,23.01273,-23.65909,202_RBI1,202_RBI4,USABBCary1,USA Baseball,USA,20250727-USABBCary1-3,41ed14e0-6b1f-11f0-8846-3f6e6eb56ce0,73.10455,NA,NA,7.82809,NA,NA,NA,NA,NA,NA,ff73c667-d689-4199-a12b-e162e8200460,2025-07-27,19:24:03,2025-07-27T19:24:03Z,2025-07-27T19:24:03Z,NA,v3,NA,NA,NA,"Hagan, Michael",10955475,Right,202_RBI4,167fb3a4-1176-4822-bebb-874f35a1aaac,55.37652,-110.57756,11.50637,4.95665,-0.68778,-11.82955,-1.5688,8.77343,-7.30717,NA,NA,NA,NA,NA,NA,NA,NA,NA,NA,NA,NA,NA,NA,NA,NA,NA,NA,NA,NA,NA,NA,NA,NA,NA,NA,NA,NA,NA,NA,NA,NA,NA,NA,NA,NA,NA,NA,NA,NA,NA,NA,NA,NA,NA,NA,NA,NA,NA,NA,High,High,High,NA,NA,NA,NA,NA,NA,NA,NA,NA,NA,NA,NA,NA,NA,NA,NA,NA,NA,NA,NA,NA,NA,NA,NA,NA,NA,NA,NA,NA,NA,NA,NA,NA,NA,NA,NA,NA,NA,NA,NA,NA,NA,NA,NA,NA,NA,NA,NA,NA,NA,NA,NA,NA,NA,NA,NA,NA,NA
NA,NA,NA,NA,NA,NA,NA,NA,NA,NA,NA,NA,NA,NA,NA,NA,173,2025-07-27,15:24:40,2,1,"Pineda, Teddy",10955479,Right,202_RBI4,"Branch, Deshawn",1000148551,Right,202_RBI1,Undefined,4,Bottom,0,0,0,Undefined,Other,BallCalled,Undefined,Undefined,Undefined,1,0,NA,70.47066,0.175972,-3.268602,1889.039659,249.78775,02:15:00,5.13485,1.88594,5.03447,-48.52239,10.65922,22.93741,1.25761,0.71031,63.76007,-8.704867,0.782004,0.553688,NA,NA,NA,NA,NA,NA,NA,NA,NA,NA,NA,-12.45942,5.84142,-1.59297,50,5.11345,4.96857,-101.93184,-1.17684,-12.88635,19.40533,-26.13248,202_RBI1,202_RBI4,USABBCary1,USA Baseball,USA,20250727-USABBCary1-3,5806bc40-6b1f-11f0-8846-3f6e6eb56ce0,68.07527,NA,NA,6.71059,NA,NA,NA,NA,NA,NA,ff73c667-d689-4199-a12b-e162e8200460,2025-07-27,19:24:40,2025-07-27T19:24:40Z,2025-07-27T19:24:40Z,NA,v3,NA,NA,NA,"Hagan, Michael",10955475,Right,202_RBI4,31e7550f-100c-4f35-871f-901d042bee3a,55.46262,-102.96654,9.70266,5.13905,0.21655,-13.06624,-1.87621,5.65567,-6.44318,NA,NA,NA,NA,NA,NA,NA,NA,NA,NA,NA,NA,NA,NA,NA,NA,NA,NA,NA,NA,NA,NA,NA,NA,NA,NA,NA,NA,68.0424,2.464641,0.963738,1.500903,1.52653,1.27441,-0.70882,-0.86977,5.11309,0.61459,127.27752,-1.63352,4.94953,-0.70532,96.97798,-7.90827,5.17285,14.89831,-12.99391,0.54452,-0.58361,2.38951,High,High,High,NA,NA,High,High,High,NA,NA,NA,NA,NA,NA,NA,NA,NA,NA,NA,NA,NA,NA,NA,NA,NA,NA,NA,NA,NA,NA,NA,NA,NA,NA,NA,NA,NA,NA,NA,NA,NA,NA,NA,NA,NA,NA,NA,NA,NA,NA,NA,NA,NA,NA,NA,NA,NA,NA,NA,NA,NA
NA,NA,NA,NA,NA,NA,NA,NA,NA,NA,NA,NA,NA,NA,NA,NA,174,2025-07-27,15:25:16,2,2,"Pineda, Teddy",10955479,Right,202_RBI4,"Branch, Deshawn",1000148551,Right,202_RBI1,Undefined,4,Bottom,1,1,0,Undefined,Changeup,InPlay,Undefined,GroundBall,Out,1,0,NA,77.37833,-0.709834,-3.216582,1991.35594,236.625278,02:00:00,5.18091,1.72038,5.35811,-35.62222,13.31631,17.2284,1.54563,0.13642,69.18588,-7.338138,-0.157831,0.503497,66.12349,-38.118917,-24.132785,NA,NA,NA,NA,4.356,4.356,-13.325696,0.027645,-9.78686,7.47437,-1.44391,50,5.09239,5.60037,-111.84514,-2.4968,-12.07074,25.11903,-22.95544,202_RBI1,202_RBI4,USABBCary1,USA Baseball,USA,20250727-USABBCary1-3,6d9a43b0-6b1f-11f0-8846-3f6e6eb56ce0,74.86132,1.65949,NA,8.19245,NA,NA,NA,2.30858,1.65949,-0.13928,ff73c667-d689-4199-a12b-e162e8200460,2025-07-27,19:25:16,2025-07-27T19:25:16Z,2025-07-27T19:25:16Z,GroundBall,v3,NA,NA,NA,"Hagan, Michael",10955475,Right,202_RBI4,495fc72b-666a-4863-a8cf-93828a54d85f,55.13664,-112.99288,12.55951,5.18251,-1.44792,-11.47772,-1.7124,6.15191,-6.03537,NA,2.30773,69.8197,NA,NA,NA,NA,NA,NA,NA,1.66022,-60.02942,NA,NA,NA,NA,NA,NA,NA,-0.1389,-31.27982,NA,NA,NA,NA,NA,NA,NA,NA,NA,NA,NA,NA,NA,NA,NA,NA,NA,NA,NA,NA,NA,NA,NA,NA,NA,NA,NA,NA,NA,High,High,High,Estimated,Estimated,NA,NA,NA,NA,NA,NA,NA,NA,NA,NA,NA,NA,NA,NA,NA,NA,NA,NA,NA,NA,NA,NA,NA,NA,NA,NA,NA,NA,NA,NA,NA,NA,NA,NA,NA,NA,NA,NA,NA,NA,NA,NA,NA,NA,NA,NA,NA,NA,NA,NA,NA,NA,NA,NA,NA,NA
NA,NA,NA,NA,NA,NA,NA,NA,NA,NA,NA,NA,NA,NA,NA,NA,175,2025-07-27,15:26:04,3,1,"Pineda, Teddy",10955479,Right,202_RBI4,"Guzman, Eric",10954177,Right,202_RBI1,Undefined,4,Bottom,2,0,0,Undefined,Changeup,FoulBallNotFieldable,Undefined,Undefined,Undefined,0,0,NA,75.63876,0.641288,-3.055756,1880.092267,234.094781,01:45:00,5.3093,1.42006,4.89674,-37.55313,14.4115,17.09028,2.78732,-0.04876,67.65331,-6.298974,-0.048926,0.51883,58.79609,12.662069,174.196338,2511.719389,NA,NA,NA,83.72154,36.256,177.170338,1.120286,-9.4843,7.4417,-1.13594,50,5.34171,5.13623,-109.28011,0.00634,-11.20577,23.3784,-23.38162,202_RBI1,202_RBI4,USABBCary1,USA Baseball,USA,20250727-USABBCary1-3,8a4c9bc0-6b1f-11f0-8846-3f6e6eb56ce0,72.64888,7.17008,NA,7.98545,NA,NA,NA,1.39169,2.70974,0.00974,ff73c667-d689-4199-a12b-e162e8200460,2025-07-27,19:26:04,2025-07-27T19:26:04Z,2025-07-27T19:26:04Z,GroundBall,v3,NA,NA,NA,"Hagan, Michael",10955475,Right,202_RBI4,afedb773-86a3-490c-a24e-004dc7da4370,55.59789,-110.47118,11.6892,5.31105,1.19757,-11.69081,-1.41216,5.70714,-5.60288,303.860896,1.37144,-83.44867,6.78186,NA,NA,NA,NA,NA,NA,2.79886,17.81498,-18.19727,NA,NA,NA,NA,NA,NA,0.05997,7.88542,-3.82838,NA,NA,NA,NA,NA,NA,NA,NA,NA,NA,NA,NA,NA,NA,NA,NA,NA,NA,NA,NA,NA,NA,NA,NA,NA,NA,NA,NA,High,High,High,High,Medium,NA,NA,NA,NA,NA,NA,NA,NA,NA,NA,NA,NA,NA,NA,NA,NA,NA,NA,NA,NA,NA,NA,NA,NA,NA,NA,NA,NA,NA,NA,NA,NA,NA,NA,NA,NA,NA,NA,NA,NA,NA,NA,NA,NA,NA,NA,NA,NA,NA,NA,NA,NA,NA,NA,NA,NA
NA,NA,NA,NA,NA,NA,NA,NA,NA,NA,NA,NA,NA,NA,NA,NA,176,2025-07-27,15:26:34,3,2,"Pineda, Teddy",10955479,Right,202_RBI4,"Guzman, Eric",10954177,Right,202_RBI1,Undefined,4,Bottom,2,0,1,Undefined,Changeup,BallCalled,Undefined,Undefined,Undefined,0,0,NA,75.17557,3.820394,-0.34677,1926.725365,230.240062,01:45:00,5.11214,1.82377,4.74968,-37.98349,15.3054,15.86099,5.57559,2.81663,66.57342,-3.225692,2.43521,0.5254,NA,NA,NA,NA,NA,NA,NA,NA,NA,NA,NA,-7.64658,6.75036,-1.80286,50,5.46476,-0.04733,-108.32307,5.99411,-8.85156,23.46191,-24.35992,202_RBI1,202_RBI4,USABBCary1,USA Baseball,USA,20250727-USABBCary1-3,9bcfa400-6b1f-11f0-8846-3f6e6eb56ce0,71.74052,NA,NA,8.60215,NA,NA,NA,NA,NA,NA,ff73c667-d689-4199-a12b-e162e8200460,2025-07-27,19:26:34,2025-07-27T19:26:34Z,2025-07-27T19:26:34Z,NA,v3,NA,NA,NA,"Hagan, Michael",10955475,Right,202_RBI4,72a66f29-2fd4-4148-a769-921d2dc85674,55.73606,-109.55842,11.73096,5.11538,7.27674,-12.17996,-1.81264,0.41873,-4.42578,NA,NA,NA,NA,NA,NA,NA,NA,NA,NA,NA,NA,NA,NA,NA,NA,NA,NA,NA,NA,NA,NA,NA,NA,NA,NA,NA,NA,NA,NA,NA,NA,NA,NA,NA,NA,NA,NA,NA,NA,NA,NA,NA,NA,NA,NA,NA,NA,NA,NA,High,High,High,NA,NA,NA,NA,NA,NA,NA,NA,NA,NA,NA,NA,NA,NA,NA,NA,NA,NA,NA,NA,NA,NA,NA,NA,NA,NA,NA,NA,NA,NA,NA,NA,NA,NA,NA,NA,NA,NA,NA,NA,NA,NA,NA,NA,NA,NA,NA,NA,NA,NA,NA,NA,NA,NA,NA,NA,NA,NA
NA,NA,NA,NA,NA,NA,NA,NA,NA,NA,NA,NA,NA,NA,NA,NA,177,2025-07-27,15:26:59,3,3,"Pineda, Teddy",10955479,Right,202_RBI4,"Guzman, Eric",10954177,Right,202_RBI1,Undefined,4,Bottom,2,1,1,Undefined,Changeup,FoulBallNotFieldable,Undefined,Undefined,Undefined,0,0,NA,74.72156,0.332778,-3.678393,1938.644382,231.631274,01:45:00,5.17053,1.59836,4.9093,-39.72534,13.79516,14.67024,2.17542,-0.66228,66.62082,-7.003203,-1.099144,0.52654,NA,NA,NA,NA,NA,NA,NA,NA,NA,NA,NA,-8.56016,7.27508,-1.25167,50,5.17101,6.3408,-107.83207,-0.64853,-9.80313,23.5319,-23.84258,202_RBI1,202_RBI4,USABBCary1,USA Baseball,USA,20250727-USABBCary1-3,aace7260-6b1f-11f0-8846-3f6e6eb56ce0,71.58512,NA,NA,8.10074,NA,NA,NA,NA,NA,NA,ff73c667-d689-4199-a12b-e162e8200460,2025-07-27,19:26:59,2025-07-27T19:26:59Z,2025-07-27T19:26:59Z,NA,v3,NA,NA,NA,"Hagan, Michael",10955475,Right,202_RBI4,523ab05f-730d-4326-bf05-dd0bc1f5f2ec,55.58451,-109.04396,11.76595,5.17279,0.57935,-11.92129,-1.59121,6.84565,-4.90157,NA,NA,NA,NA,NA,NA,NA,NA,NA,NA,NA,NA,NA,NA,NA,NA,NA,NA,NA,NA,NA,NA,NA,NA,NA,NA,NA,NA,NA,NA,NA,NA,NA,NA,NA,NA,NA,NA,NA,NA,NA,NA,NA,NA,NA,NA,NA,NA,NA,NA,High,High,High,NA,NA,NA,NA,NA,NA,NA,NA,NA,NA,NA,NA,NA,NA,NA,NA,NA,NA,NA,NA,NA,NA,NA,NA,NA,NA,NA,NA,NA,NA,NA,NA,NA,NA,NA,NA,NA,NA,NA,NA,NA,NA,NA,NA,NA,NA,NA,NA,NA,NA,NA,NA,NA,NA,NA,NA,NA,NA
NA,NA,NA,NA,NA,NA,NA,NA,NA,NA,NA,NA,NA,NA,NA,NA,178,2025-07-27,15:27:42,3,4,"Pineda, Teddy",10955479,Right,202_RBI4,"Guzman, Eric",10954177,Right,202_RBI1,Undefined,4,Bottom,2,1,2,Undefined,Changeup,BallCalled,Undefined,Undefined,Undefined,0,0,NA,79.69342,2.97615,-1.211365,1964.3323,208.58551,01:00:00,5.87461,0.76775,5.02514,-27.60458,18.74143,9.2956,6.38569,0.39917,71.30693,-2.198009,0.428228,0.489979,NA,NA,NA,NA,NA,NA,NA,NA,NA,NA,NA,-4.91118,8.75587,-0.65939,50,6.13845,2.02454,-115.15285,5.11913,-6.49135,24.50117,-20.60102,202_RBI1,202_RBI4,USABBCary1,USA Baseball,USA,20250727-USABBCary1-3,c41c1ba0-6b1f-11f0-8846-3f6e6eb56ce0,76.92662,NA,NA,8.38649,NA,NA,NA,NA,NA,NA,ff73c667-d689-4199-a12b-e162e8200460,2025-07-27,19:27:42,2025-07-27T19:27:42Z,2025-07-27T19:27:42Z,NA,v3,NA,NA,NA,"Hagan, Michael",10955475,Right,202_RBI4,f5b409e1-236a-4d3e-b5c9-838e47be107f,55.46525,-116.30988,12.25059,5.87373,6.09198,-10.30051,-0.76224,2.33109,-3.24567,NA,NA,NA,NA,NA,NA,NA,NA,NA,NA,NA,NA,NA,NA,NA,NA,NA,NA,NA,NA,NA,NA,NA,NA,NA,NA,NA,NA,NA,NA,NA,NA,NA,NA,NA,NA,NA,NA,NA,NA,NA,NA,NA,NA,NA,NA,NA,NA,NA,NA,High,High,High,NA,NA,NA,NA,NA,NA,NA,NA,NA,NA,NA,NA,NA,NA,NA,NA,NA,NA,NA,NA,NA,NA,NA,NA,NA,NA,NA,NA,NA,NA,NA,NA,NA,NA,NA,NA,NA,NA,NA,NA,NA,NA,NA,NA,NA,NA,NA,NA,NA,NA,NA,NA,NA,NA,NA,NA,NA,NA
NA,NA,NA,NA,NA,NA,NA,NA,NA,NA,NA,NA,NA,NA,NA,NA,179,2025-07-27,15:28:07,3,5,"Pineda, Teddy",10955479,Right,202_RBI4,"Guzman, Eric",10954177,Right,202_RBI1,Undefined,4,Bottom,2,2,2,Undefined,Curveball,BallCalled,Undefined,Undefined,Undefined,0,0,NA,63.86291,4.148479,2.248868,1632.031663,122.738948,10:00:00,5.59593,1.25594,4.87338,-62.59854,9.78134,-11.28571,4.31479,2.44454,57.80537,-7.267453,0.266842,0.612323,NA,NA,NA,NA,NA,NA,NA,NA,NA,NA,NA,6.15544,4.35941,-1.46726,50,5.95293,-3.21768,-92.17537,4.87902,5.24623,14.89722,-28.45854,202_RBI1,202_RBI4,USABBCary1,USA Baseball,USA,20250727-USABBCary1-3,d3324290-6b1f-11f0-8846-3f6e6eb56ce0,61.5565,NA,NA,6.05754,NA,NA,NA,NA,NA,NA,ff73c667-d689-4199-a12b-e162e8200460,2025-07-27,19:28:07,2025-07-27T19:28:07Z,2025-07-27T19:28:07Z,NA,v3,NA,NA,NA,"Hagan, Michael",10955475,Right,202_RBI4,3ac4cb66-fba1-4901-8a4e-72ec8cef1c16,55.61941,-93.07914,7.44861,5.60456,6.60551,-14.22927,-1.2624,-3.53595,2.62311,NA,NA,NA,NA,NA,NA,NA,NA,NA,NA,NA,NA,NA,NA,NA,NA,NA,NA,NA,NA,NA,NA,NA,NA,NA,NA,NA,NA,NA,NA,NA,NA,NA,NA,NA,NA,NA,NA,NA,NA,NA,NA,NA,NA,NA,NA,NA,NA,NA,NA,High,High,High,NA,NA,NA,NA,NA,NA,NA,NA,NA,NA,NA,NA,NA,NA,NA,NA,NA,NA,NA,NA,NA,NA,NA,NA,NA,NA,NA,NA,NA,NA,NA,NA,NA,NA,NA,NA,NA,NA,NA,NA,NA,NA,NA,NA,NA,NA,NA,NA,NA,NA,NA,NA,NA,NA,NA,NA,NA,NA
NA,NA,NA,NA,NA,NA,NA,NA,NA,NA,NA,NA,NA,NA,NA,NA,180,2025-07-27,15:28:28,3,6,"Pineda, Teddy",10955479,Right,202_RBI4,"Guzman, Eric",10954177,Right,202_RBI1,Undefined,4,Bottom,2,3,2,Undefined,Changeup,BallCalled,Walk,Undefined,Undefined,0,0,NA,74.80779,0.684616,-1.706582,1936.113645,242.474726,02:00:00,4.94098,1.74686,5.22526,-41.46664,10.91131,17.04123,2.12936,1.56212,67.07705,-6.985814,1.315017,0.52089,NA,NA,NA,NA,NA,NA,NA,NA,NA,NA,NA,-9.05154,5.79248,-1.60275,50,4.9739,2.5526,-108.24466,-0.011,-10.48937,22.9927,-25.46144,202_RBI1,202_RBI4,USABBCary1,USA Baseball,USA,20250727-USABBCary1-3,e02b07c0-6b1f-11f0-8846-3f6e6eb56ce0,72.36168,NA,NA,7.73073,NA,NA,NA,NA,NA,NA,ff73c667-d689-4199-a12b-e162e8200460,2025-07-27,19:28:28,2025-07-27T19:28:28Z,2025-07-27T19:28:28Z,NA,v3,NA,NA,NA,"Hagan, Michael",10955475,Right,202_RBI4,8d65783d-5769-43b4-bbbd-d3280cb53ec4,55.26885,-109.35811,11.49635,4.94458,1.222,-12.73072,-1.73866,3.06055,-5.24469,NA,NA,NA,NA,NA,NA,NA,NA,NA,NA,NA,NA,NA,NA,NA,NA,NA,NA,NA,NA,NA,NA,NA,NA,NA,NA,NA,NA,NA,NA,NA,NA,NA,NA,NA,NA,NA,NA,NA,NA,NA,NA,NA,NA,NA,NA,NA,NA,NA,NA,High,High,High,NA,NA,NA,NA,NA,NA,NA,NA,NA,NA,NA,NA,NA,NA,NA,NA,NA,NA,NA,NA,NA,NA,NA,NA,NA,NA,NA,NA,NA,NA,NA,NA,NA,NA,NA,NA,NA,NA,NA,NA,NA,NA,NA,NA,NA,NA,NA,NA,NA,NA,NA,NA,NA,NA,NA,NA,NA,NA
NA,NA,NA,NA,NA,NA,NA,NA,NA,NA,NA,NA,NA,NA,NA,NA,181,2025-07-27,15:29:40,4,1,"Pineda, Teddy",10955479,Right,202_RBI4,"Davis, Desmond",10869320,Right,202_RBI1,Undefined,4,Bottom,2,0,0,Undefined,Other,StrikeCalled,Undefined,Undefined,Undefined,0,0,NA,70.42431,0.674838,-2.99544,1856.889333,242.27456,02:00:00,5.17615,1.65556,4.98822,-46.59302,13.13721,20.5308,1.93151,0.53544,63.20937,-7.899247,0.625234,0.556248,NA,NA,NA,NA,NA,NA,NA,NA,NA,NA,NA,-11.12469,6.93607,-1.38436,50,5.20439,4.54136,-101.76396,-0.22204,-11.40109,20.2328,-25.06566,202_RBI1,202_RBI4,USABBCary1,USA Baseball,USA,20250727-USABBCary1-3,0af92130-6b20-11f0-8846-3f6e6eb56ce0,67.76191,NA,NA,7.21494,NA,NA,NA,NA,NA,NA,ff73c667-d689-4199-a12b-e162e8200460,2025-07-27,19:29:40,2025-07-27T19:29:40Z,2025-07-27T19:29:40Z,NA,v3,NA,NA,NA,"Hagan, Michael",10955475,Right,202_RBI4,946a55a2-67eb-48d7-b6fb-c53c9ccf652c,55.5057,-102.85279,10.1164,5.18004,1.12686,-12.53283,-1.64526,5.1549,-5.70054,NA,NA,NA,NA,NA,NA,NA,NA,NA,NA,NA,NA,NA,NA,NA,NA,NA,NA,NA,NA,NA,NA,NA,NA,NA,NA,NA,NA,NA,NA,NA,NA,NA,NA,NA,NA,NA,NA,NA,NA,NA,NA,NA,NA,NA,NA,NA,NA,NA,NA,High,High,High,NA,NA,NA,NA,NA,NA,NA,NA,NA,NA,NA,NA,NA,NA,NA,NA,NA,NA,NA,NA,NA,NA,NA,NA,NA,NA,NA,NA,NA,NA,NA,NA,NA,NA,NA,NA,NA,NA,NA,NA,NA,NA,NA,NA,NA,NA,NA,NA,NA,NA,NA,NA,NA,NA,NA,NA,NA,NA
NA,NA,NA,NA,NA,NA,NA,NA,NA,NA,NA,NA,NA,NA,NA,NA,182,2025-07-27,15:30:02,4,2,"Pineda, Teddy",10955479,Right,202_RBI4,"Davis, Desmond",10869320,Right,202_RBI1,Undefined,4,Bottom,2,0,1,Undefined,Changeup,BallCalled,Undefined,Undefined,Undefined,0,0,NA,73.87185,-1.188366,-4.405736,1997.685726,229.424466,01:45:00,5.3104,1.63853,5.06492,-37.11234,17.19269,17.536740000000002,1.09371,-1.06248,66.26443,-8.055249,-1.315604,0.530385,NA,NA,NA,NA,NA,NA,NA,NA,NA,NA,NA,-10.08119,9.55134,-1.23351,50,5.16894,7.50071,-106.54324,-3.35482,-11.33752,21.99208,-21.43238,202_RBI1,202_RBI4,USABBCary1,USA Baseball,USA,20250727-USABBCary1-3,17ae4db0-6b20-11f0-8846-3f6e6eb56ce0,71.06617,NA,NA,7.60742,NA,NA,NA,NA,NA,NA,ff73c667-d689-4199-a12b-e162e8200460,2025-07-27,19:30:02,2025-07-27T19:30:02Z,2025-07-27T19:30:02Z,NA,v3,NA,NA,NA,"Hagan, Michael",10955475,Right,202_RBI4,5410c411-b2f1-47bc-ba33-f4d00e814626,55.42662,-107.65755,10.99604,5.31141,-2.26887,-10.71619,-1.62811,8.07516,-5.66876,NA,NA,NA,NA,NA,NA,NA,NA,NA,NA,NA,NA,NA,NA,NA,NA,NA,NA,NA,NA,NA,NA,NA,NA,NA,NA,NA,NA,NA,NA,NA,NA,NA,NA,NA,NA,NA,NA,NA,NA,NA,NA,NA,NA,NA,NA,NA,NA,NA,NA,High,High,High,NA,NA,NA,NA,NA,NA,NA,NA,NA,NA,NA,NA,NA,NA,NA,NA,NA,NA,NA,NA,NA,NA,NA,NA,NA,NA,NA,NA,NA,NA,NA,NA,NA,NA,NA,NA,NA,NA,NA,NA,NA,NA,NA,NA,NA,NA,NA,NA,NA,NA,NA,NA,NA,NA,NA,NA,NA,NA
NA,NA,NA,NA,NA,NA,NA,NA,NA,NA,NA,NA,NA,NA,NA,NA,183,2025-07-27,15:30:12,4,3,"Pineda, Teddy",10955479,Right,202_RBI4,"Davis, Desmond",10869320,Right,202_RBI1,Undefined,4,Bottom,2,1,1,Undefined,NA,BallCalled,Undefined,Undefined,Undefined,0,0,NA,NA,NA,NA,NA,NA,NA,NA,NA,NA,NA,NA,NA,NA,NA,NA,NA,NA,NA,NA,NA,NA,NA,NA,NA,NA,NA,NA,NA,NA,NA,NA,NA,NA,NA,NA,NA,NA,NA,NA,NA,202_RBI1,202_RBI4,USABBCary1,USA Baseball,USA,20250727-USABBCary1-3,2ca40e80-6b20-11f0-8846-3f6e6eb56ce0,NA,NA,NA,NA,NA,NA,NA,NA,NA,NA,ff73c667-d689-4199-a12b-e162e8200460,2025-07-27,19:30:12,2025-07-27T19:30:12Z,2025-07-27T19:30:12Z,NA,v3,NA,NA,NA,"Hagan, Michael",10955475,Right,202_RBI4,NA,NA,NA,NA,NA,NA,NA,NA,NA,NA,NA,NA,NA,NA,NA,NA,NA,NA,NA,NA,NA,NA,NA,NA,NA,NA,NA,NA,NA,NA,NA,NA,NA,NA,NA,NA,NA,NA,NA,NA,NA,NA,NA,NA,NA,NA,NA,NA,NA,NA,NA,NA,NA,NA,NA,NA,NA,NA,NA,NA,NA,NA,NA,NA,NA,NA,NA,NA,NA,NA,NA,NA,NA,NA,NA,NA,NA,NA,NA,NA,NA,NA,NA,NA,NA,NA,NA,NA,NA,NA,NA,NA,NA,NA,NA,NA,NA,NA,NA,NA,NA,NA,NA,NA,NA,NA,NA,NA,NA,NA,NA,NA,NA,NA,NA,NA,NA,NA,NA,NA,NA
NA,NA,NA,NA,NA,NA,NA,NA,NA,NA,NA,NA,NA,NA,NA,NA,184,2025-07-27,15:31:48,4,4,"Pineda, Teddy",10955479,Right,202_RBI4,"Davis, Desmond",10869320,Right,202_RBI1,Undefined,4,Bottom,2,2,1,Undefined,Other,FoulBallNotFieldable,Undefined,Undefined,Undefined,0,0,NA,71.10327,0.764935,-3.044736,1812.503853,244.497345,02:15:00,5.08462,1.92848,5.01017,-46.96333,11.30453,19.09174,1.89407,0.64293,64.1117,-7.853367,0.32322,0.549396,NA,NA,NA,NA,NA,NA,NA,NA,NA,NA,NA,-10.54666,5.91933,-1.65277,50,5.12078,4.7604,-102.83392,-0.07222,-11.0808,20.04748,-25.95492,202_RBI1,202_RBI4,USABBCary1,USA Baseball,USA,20250727-USABBCary1-3,5700c880-6b20-11f0-8846-3f6e6eb56ce0,68.60699,NA,NA,6.99157,NA,NA,NA,NA,NA,NA,ff73c667-d689-4199-a12b-e162e8200460,2025-07-27,19:31:48,2025-07-27T19:31:48Z,2025-07-27T19:31:48Z,NA,v3,NA,NA,NA,"Hagan, Michael",10955475,Right,202_RBI4,46c263ad-a639-469c-bed0-0b684f43fa46,55.48704,-103.89812,10.02374,5.08805,1.30556,-12.97746,-1.92108,5.34861,-5.5404,NA,NA,NA,NA,NA,NA,NA,NA,NA,NA,NA,NA,NA,NA,NA,NA,NA,NA,NA,NA,NA,NA,NA,NA,NA,NA,NA,NA,NA,NA,NA,NA,NA,NA,NA,NA,NA,NA,NA,NA,NA,NA,NA,NA,NA,NA,NA,NA,NA,NA,High,High,High,NA,NA,NA,NA,NA,NA,NA,NA,NA,NA,NA,NA,NA,NA,NA,NA,NA,NA,NA,NA,NA,NA,NA,NA,NA,NA,NA,NA,NA,NA,NA,NA,NA,NA,NA,NA,NA,NA,NA,NA,NA,NA,NA,NA,NA,NA,NA,NA,NA,NA,NA,NA,NA,NA,NA,NA,NA,NA
NA,NA,NA,NA,NA,NA,NA,NA,NA,NA,NA,NA,NA,NA,NA,NA,185,2025-07-27,15:32:26,4,5,"Pineda, Teddy",10955479,Right,202_RBI4,"Davis, Desmond",10869320,Right,202_RBI1,Undefined,4,Bottom,2,2,2,Undefined,Curveball,FoulBallNotFieldable,Undefined,Undefined,Undefined,0,0,NA,72.17032,1.992694,-3.652839,1681.832695,230.114718,01:45:00,4.93786,1.8485,4.94452,-41.3592,15.99757,16.368,3.37897,-0.24415,64.15377,-5.678718,-0.77578,0.545084,57.43566,48.964474,151.492375,4570.877111,-103.07695,39.28198,38.40694,155.47638,42.5261,161.568479,3.219722,-9.4115,7.80083,-1.50799,50,5.09885,6.01167,-104.09806,2.36673,-10.04392,21.9406,-23.84901,202_RBI1,202_RBI4,USABBCary1,USA Baseball,USA,20250727-USABBCary1-3,6de030e0-6b20-11f0-8846-3f6e6eb56ce0,69.14974,48.38923,NA,8.01655,NA,NA,NA,1.86196,3.47251,0.26121,ff73c667-d689-4199-a12b-e162e8200460,2025-07-27,19:32:26,2025-07-27T19:32:26Z,2025-07-27T19:32:26Z,Popup,v3,NA,NA,NA,"Hagan, Michael",10955475,Right,202_RBI4,16644080-a177-4ee7-a131-9ae71da7cc2b,55.54944,-105.26121,10.9703,4.93987,3.63105,-11.9245,-1.8408,6.54413,-5.02196,324.308535,1.86196,-48.5996,1.2778,-0.29121,0.0553,-0.00969,4.4e-4,2.5e-4,-3e-5,3.47277,63.53172,-26.04734,3.1376,-0.51467,0.01887,0.01346,-0.00347,3e-4,0.26074,26.41361,-6.81517,1.88812,-0.6714,0.27775,-0.0747,0.01045,-5.8e-4,NA,NA,NA,NA,NA,NA,NA,NA,NA,NA,NA,NA,NA,NA,NA,NA,NA,NA,NA,NA,NA,NA,High,High,High,High,Low,NA,NA,NA,NA,NA,NA,NA,NA,NA,NA,NA,NA,NA,NA,NA,NA,NA,NA,NA,NA,NA,NA,NA,NA,NA,NA,NA,NA,NA,NA,NA,NA,NA,NA,NA,NA,NA,NA,NA,NA,NA,NA,NA,NA,NA,NA,NA,NA,NA,NA,NA,NA,NA,NA,NA,NA
NA,NA,NA,NA,NA,NA,NA,NA,NA,NA,NA,NA,NA,NA,NA,NA,186,2025-07-27,15:32:52,4,6,"Pineda, Teddy",10955479,Right,202_RBI4,"Davis, Desmond",10869320,Right,202_RBI1,Undefined,4,Bottom,2,2,2,Undefined,Changeup,FoulBallNotFieldable,Undefined,Undefined,Undefined,0,0,NA,73.5667,2.025825,-2.517114,1933.453309,245.657464,02:15:00,4.89353,1.86405,5.18111,-43.18227,11.62615,20.69387,3.20371,1.21871,65.23282,-5.998445,1.143672,0.532838,NA,NA,NA,NA,NA,NA,NA,NA,NA,NA,NA,-11.27005,5.63284,-1.64673,50,5.05018,3.87133,-106.24942,2.43407,-12.46776,23.66809,-25.94261,202_RBI1,202_RBI4,USABBCary1,USA Baseball,USA,20250727-USABBCary1-3,7d52f6c0-6b20-11f0-8846-3f6e6eb56ce0,70.73904,NA,NA,8.33389,NA,NA,NA,NA,NA,NA,ff73c667-d689-4199-a12b-e162e8200460,2025-07-27,19:32:52,2025-07-27T19:32:52Z,2025-07-27T19:32:52Z,NA,v3,NA,NA,NA,"Hagan, Michael",10955475,Right,202_RBI4,1681277f-ad1a-457f-a9c2-f1fe1667e2fd,55.31355,-107.42655,11.83404,4.89703,3.72432,-12.97131,-1.85469,4.49141,-6.23388,NA,NA,NA,NA,NA,NA,NA,NA,NA,NA,NA,NA,NA,NA,NA,NA,NA,NA,NA,NA,NA,NA,NA,NA,NA,NA,NA,NA,NA,NA,NA,NA,NA,NA,NA,NA,NA,NA,NA,NA,NA,NA,NA,NA,NA,NA,NA,NA,NA,NA,High,High,High,NA,NA,NA,NA,NA,NA,NA,NA,NA,NA,NA,NA,NA,NA,NA,NA,NA,NA,NA,NA,NA,NA,NA,NA,NA,NA,NA,NA,NA,NA,NA,NA,NA,NA,NA,NA,NA,NA,NA,NA,NA,NA,NA,NA,NA,NA,NA,NA,NA,NA,NA,NA,NA,NA,NA,NA,NA,NA
NA,NA,NA,NA,NA,NA,NA,NA,NA,NA,NA,NA,NA,NA,NA,NA,187,2025-07-27,15:33:26,4,7,"Pineda, Teddy",10955479,Right,202_RBI4,"Davis, Desmond",10869320,Right,202_RBI1,Undefined,4,Bottom,2,2,2,Undefined,Other,BallCalled,Undefined,Undefined,Undefined,0,0,NA,72.33568,-0.301128,-4.331704,1727.788121,239.686987,02:00:00,5.03668,1.62474,5.13701,-42.54943,14.11257,20.16655,1.20652,-0.78145,64.65916,-8.167177,-0.772057,0.541773,NA,NA,NA,NA,NA,NA,NA,NA,NA,NA,NA,-11.50737,7.77878,-1.23429,50,4.97657,7.12463,-104.35919,-1.84163,-12.35432,21.89689,-23.82277,202_RBI1,202_RBI4,USABBCary1,USA Baseball,USA,20250727-USABBCary1-3,9155f320-6b20-11f0-8846-3f6e6eb56ce0,69.5724,NA,NA,7.67652,NA,NA,NA,NA,NA,NA,ff73c667-d689-4199-a12b-e162e8200460,2025-07-27,19:33:26,2025-07-27T19:33:26Z,2025-07-27T19:33:26Z,NA,v3,NA,NA,NA,"Hagan, Michael",10955475,Right,202_RBI4,5630a4d8-d86a-471b-9bf3-69483845dd78,55.35634,-105.47708,10.94845,5.03954,-0.62542,-11.91139,-1.61413,7.75535,-6.17716,NA,NA,NA,NA,NA,NA,NA,NA,NA,NA,NA,NA,NA,NA,NA,NA,NA,NA,NA,NA,NA,NA,NA,NA,NA,NA,NA,NA,69.60932,NA,1.124762,NA,0.02754,1.00428,0.79906,-1.48727,5.09613,3.84599,NA,NA,NA,-1.39284,100.2848,-7.86406,5.13496,11.95318,-13.16293,3.79875,-0.03514,2.78112,High,High,High,NA,NA,High,High,High,NA,NA,NA,NA,NA,NA,NA,NA,NA,NA,NA,NA,NA,NA,NA,NA,NA,NA,NA,NA,NA,NA,NA,NA,NA,NA,NA,NA,NA,NA,NA,NA,NA,NA,NA,NA,NA,NA,NA,NA,NA,NA,NA,NA,NA,NA,NA,NA,NA,NA,NA,NA,NA
NA,NA,NA,NA,NA,NA,NA,NA,NA,NA,NA,NA,NA,NA,NA,NA,188,2025-07-27,15:33:58,4,8,"Pineda, Teddy",10955479,Right,202_RBI4,"Davis, Desmond",10869320,Right,202_RBI1,Undefined,4,Bottom,2,3,2,Undefined,Changeup,InPlay,Undefined,GroundBall,Out,1,0,NA,75.58834,0.460001,-4.345248,1935.822573,241.876738,02:00:00,5.0734,1.85754,5.22417,-38.49376,12.59847,20.04052,2.2993,-0.56535,68.14859,-6.651861,-0.804532,0.514457,84.82006,1.359324,-8.620916,1382.13317,NA,NA,NA,50.28022,49.97874,-8.200425,0.405693,-11.45331,6.65433,-1.47219,50,5.08763,7.52488,-109.25299,-0.32865,-13.63576,21.93998,-24.25171,202_RBI1,202_RBI4,USABBCary1,USA Baseball,USA,20250727-USABBCary1-3,a4a5cc20-6b20-11f0-8846-3f6e6eb56ce0,73.26649,2.54035,NA,7.43975,NA,NA,NA,2.33415,2.44684,0.5511,ff73c667-d689-4199-a12b-e162e8200460,2025-07-27,19:33:58,2025-07-27T19:33:58Z,2025-07-27T19:33:58Z,GroundBall,v3,NA,NA,NA,"Hagan, Michael",10955475,Right,202_RBI4,920711c5-26e9-49ff-a8f5-0c4fd4d09dd3,55.27331,-110.30688,10.96999,5.07544,0.83628,-12.12585,-1.84939,8.17987,-6.81788,27.493451,2.33864,122.81474,-14.59368,NA,NA,NA,NA,NA,NA,2.45482,2.68864,-21.58961,NA,NA,NA,NA,NA,NA,0.55269,-18.6947,-0.86077,NA,NA,NA,NA,NA,NA,NA,NA,NA,NA,NA,NA,NA,NA,NA,NA,NA,NA,NA,NA,NA,NA,NA,NA,NA,NA,NA,NA,High,High,High,High,High,NA,NA,NA,NA,NA,NA,NA,NA,NA,NA,NA,NA,NA,NA,NA,NA,NA,NA,NA,NA,NA,NA,NA,NA,NA,NA,NA,NA,NA,NA,NA,NA,NA,NA,NA,NA,NA,NA,NA,NA,NA,NA,NA,NA,NA,NA,NA,NA,NA,NA,NA,NA,NA,NA,NA,NA
NA,NA,NA,NA,NA,NA,NA,NA,NA,NA,NA,NA,NA,NA,NA,NA,189,2025-07-27,15:41:05,1,1,"Bell, TayShaun",1000350469,Right,202_RBI1,"Johnson Jr, Randy",10318691,Right,202_RBI4,Undefined,5,Top,0,0,0,Undefined,Changeup,BallCalled,Undefined,Undefined,Undefined,0,0,NA,76.72787,0.917339,-1.917215,1653.059639,209.979395,01:00:00,5.99601,1.4194,5.34663,-29.6173,20.31111,10.53942,4.38892,0.49868,68.06758,-4.692029,-0.046648,0.508563,NA,NA,NA,NA,NA,NA,NA,NA,NA,NA,NA,-5.87603,10.37048,-1.25412,50,6.05849,3.2738,-110.86371,0.93049,-7.10323,25.11865,-19.63771,202_RBI1,202_RBI4,USABBCary1,USA Baseball,USA,20250727-USABBCary1-3,a30482c0-6b21-11f0-8846-3f6e6eb56ce0,74.11551,NA,NA,8.66029,NA,NA,NA,NA,NA,NA,ff73c667-d689-4199-a12b-e162e8200460,2025-07-27,19:41:05,2025-07-27T19:41:05Z,2025-07-27T19:41:05Z,NA,v3,NA,NA,NA,"Sherrard, Evan",10955458,Right,202_RBI1,5153575a-f3d0-496d-af45-f13d686a34e8,55.1417,-112.02262,12.55932,5.99466,1.83652,-9.81886,-1.41273,3.60153,-3.55161,NA,NA,NA,NA,NA,NA,NA,NA,NA,NA,NA,NA,NA,NA,NA,NA,NA,NA,NA,NA,NA,NA,NA,NA,NA,NA,NA,NA,NA,NA,NA,NA,NA,NA,NA,NA,NA,NA,NA,NA,NA,NA,NA,NA,NA,NA,NA,NA,NA,NA,High,High,High,NA,NA,NA,NA,NA,NA,NA,NA,NA,NA,NA,NA,NA,NA,NA,NA,NA,NA,NA,NA,NA,NA,NA,NA,NA,NA,NA,NA,NA,NA,NA,NA,NA,NA,NA,NA,NA,NA,NA,NA,NA,NA,NA,NA,NA,NA,NA,NA,NA,NA,NA,NA,NA,NA,NA,NA,NA,NA
NA,NA,NA,NA,NA,NA,NA,NA,NA,NA,NA,NA,NA,NA,NA,NA,190,2025-07-27,15:41:17,1,2,"Bell, TayShaun",1000350469,Right,202_RBI1,"Johnson Jr, Randy",10318691,Right,202_RBI4,Undefined,5,Top,0,1,0,Undefined,Other,BallCalled,Undefined,Undefined,Undefined,0,0,NA,72.76156,-0.563988,-1.344858,1641.552282,229.696809,01:45:00,5.89543,1.11829,6.16223,-37.16333,15.28265,15.96095,2.27734,1.20583,66.569,-7.522436,1.536536,0.521228,NA,NA,NA,NA,NA,NA,NA,NA,NA,NA,NA,-8.6265,8.60229,-1.02412,50,5.83375,1.94484,-105.67431,-2.00116,-9.70154,18.92376,-22.49974,202_RBI1,202_RBI4,USABBCary1,USA Baseball,USA,20250727-USABBCary1-3,aa7a25f0-6b21-11f0-8846-3f6e6eb56ce0,72.31472,NA,NA,6.19256,NA,NA,NA,NA,NA,NA,ff73c667-d689-4199-a12b-e162e8200460,2025-07-27,19:41:17,2025-07-27T19:41:17Z,2025-07-27T19:41:17Z,NA,v3,NA,NA,NA,"Sherrard, Evan",10955458,Right,202_RBI1,10f0abe9-3193-4e7c-b3da-e95188bf42f9,54.33446,-106.44768,9.46188,5.89674,-1.08166,-11.24987,-1.1117,2.34132,-4.85077,NA,NA,NA,NA,NA,NA,NA,NA,NA,NA,NA,NA,NA,NA,NA,NA,NA,NA,NA,NA,NA,NA,NA,NA,NA,NA,NA,NA,NA,NA,NA,NA,NA,NA,NA,NA,NA,NA,NA,NA,NA,NA,NA,NA,NA,NA,NA,NA,NA,NA,High,High,High,NA,NA,NA,NA,NA,NA,NA,NA,NA,NA,NA,NA,NA,NA,NA,NA,NA,NA,NA,NA,NA,NA,NA,NA,NA,NA,NA,NA,NA,NA,NA,NA,NA,NA,NA,NA,NA,NA,NA,NA,NA,NA,NA,NA,NA,NA,NA,NA,NA,NA,NA,NA,NA,NA,NA,NA,NA,NA
NA,NA,NA,NA,NA,NA,NA,NA,NA,NA,NA,NA,NA,NA,NA,NA,191,2025-07-27,15:41:31,1,3,"Bell, TayShaun",1000350469,Right,202_RBI1,"Johnson Jr, Randy",10318691,Right,202_RBI4,Undefined,5,Top,0,2,0,Undefined,Changeup,BallCalled,Undefined,Undefined,Undefined,0,0,NA,72.95108,1.081798,-1.460678,1679.43012,221.582162,01:30:00,5.95611,1.1558,5.7859,-35.53632,17.61871,14.02009,4.00162,0.96494,66.20792,-5.582377,1.049427,0.524739,NA,NA,NA,NA,NA,NA,NA,NA,NA,NA,NA,-7.53619,9.18611,-1.04372,50,6.02421,2.19354,-105.79939,1.03801,-8.46937,19.48261,-21.85044,202_RBI1,202_RBI4,USABBCary1,USA Baseball,USA,20250727-USABBCary1-3,b2c9d570-6b21-11f0-8846-3f6e6eb56ce0,71.83081,NA,NA,6.74316,NA,NA,NA,NA,NA,NA,ff73c667-d689-4199-a12b-e162e8200460,2025-07-27,19:41:31,2025-07-27T19:41:31Z,2025-07-27T19:41:31Z,NA,v3,NA,NA,NA,"Sherrard, Evan",10955458,Right,202_RBI1,efd9bea0-6859-491d-a3e1-8fc432c9e624,54.70876,-106.66297,9.74131,5.95674,2.00654,-10.92522,-1.14927,2.56895,-4.23469,NA,NA,NA,NA,NA,NA,NA,NA,NA,NA,NA,NA,NA,NA,NA,NA,NA,NA,NA,NA,NA,NA,NA,NA,NA,NA,NA,NA,NA,NA,NA,NA,NA,NA,NA,NA,NA,NA,NA,NA,NA,NA,NA,NA,NA,NA,NA,NA,NA,NA,High,High,High,NA,NA,NA,NA,NA,NA,NA,NA,NA,NA,NA,NA,NA,NA,NA,NA,NA,NA,NA,NA,NA,NA,NA,NA,NA,NA,NA,NA,NA,NA,NA,NA,NA,NA,NA,NA,NA,NA,NA,NA,NA,NA,NA,NA,NA,NA,NA,NA,NA,NA,NA,NA,NA,NA,NA,NA,NA,NA
NA,NA,NA,NA,NA,NA,NA,NA,NA,NA,NA,NA,NA,NA,NA,NA,192,2025-07-27,15:41:47,1,4,"Bell, TayShaun",1000350469,Right,202_RBI1,"Johnson Jr, Randy",10318691,Right,202_RBI4,Undefined,5,Top,0,3,0,Undefined,Other,BallCalled,Walk,Undefined,Undefined,0,0,NA,72.00931,0.906671,-1.337712,1713.225162,238.572414,02:00:00,5.68742,1.48168,5.81764,-41.87896,12.648,17.62434,3.04081,1.70639,65.46042,-6.893461,1.82167,0.531468,NA,NA,NA,NA,NA,NA,NA,NA,NA,NA,NA,-9.33142,6.753,-1.38239,50,5.73719,1.81442,-104.46021,0.49363,-10.20855,19.22449,-24.78631,202_RBI1,202_RBI4,USABBCary1,USA Baseball,USA,20250727-USABBCary1-3,bc272460-6b21-11f0-8846-3f6e6eb56ce0,70.9214,NA,NA,6.54889,NA,NA,NA,NA,NA,NA,ff73c667-d689-4199-a12b-e162e8200460,2025-07-27,19:41:47,2025-07-27T19:41:47Z,2025-07-27T19:41:47Z,NA,v3,NA,NA,NA,"Sherrard, Evan",10955458,Right,202_RBI1,12318d5a-a2ef-4062-925d-15f68154274a,54.67784,-105.31758,9.61225,5.69053,1.59905,-12.39316,-1.47345,2.2697,-5.10428,NA,NA,NA,NA,NA,NA,NA,NA,NA,NA,NA,NA,NA,NA,NA,NA,NA,NA,NA,NA,NA,NA,NA,NA,NA,NA,NA,NA,NA,NA,NA,NA,NA,NA,NA,NA,NA,NA,NA,NA,NA,NA,NA,NA,NA,NA,NA,NA,NA,NA,High,High,High,NA,NA,NA,NA,NA,NA,NA,NA,NA,NA,NA,NA,NA,NA,NA,NA,NA,NA,NA,NA,NA,NA,NA,NA,NA,NA,NA,NA,NA,NA,NA,NA,NA,NA,NA,NA,NA,NA,NA,NA,NA,NA,NA,NA,NA,NA,NA,NA,NA,NA,NA,NA,NA,NA,NA,NA,NA,NA
