player_name,display_name,active,notes,id,pitcher,date,rel_speed,horz_break,induced_vert_break,original_pitch_type,new_pitch_type,new_pitcher,modified_at,pitch_key,created_at,PitchNo,Date,Time,PAofInning,PitchofPA,Pitcher,PitcherId,PitcherThrows,PitcherTeam,Batter,BatterId,BatterSide,BatterTeam,PitcherSet,Inning,Top/Bottom,Outs,Balls,Strikes,TaggedPitchType,AutoPitchType,PitchCall,KorBB,TaggedHitType,PlayResult,OutsOnPlay,RunsScored,Notes,RelSpeed,VertRelAngle,HorzRelAngle,SpinRate,SpinAxis,Tilt,RelHeight,RelSide,Extension,VertBreak,InducedVertBreak,HorzBreak,PlateLocHeight,PlateLocSide,ZoneSpeed,VertApprAngle,HorzApprAngle,ZoneTime,ExitSpeed,Angle,Direction,HitSpinRate,PositionAt110X,PositionAt110Y,PositionAt110Z,Distance,LastTrackedDistance,Bearing,HangTime,pfxx,pfxz,x0,y0,z0,vx0,vy0,vz0,ax0,ay0,az0,HomeTeam,AwayTeam,Stadium,Level,League,GameID,PitchUID,EffectiveVelo,MaxHeight,MeasuredDuration,SpeedDrop,PitchLastMeasuredX,PitchLastMeasuredY,PitchLastMeasuredZ,ContactPositionX,ContactPositionY,ContactPositionZ,GameUID,UTCDate,UTCTime,LocalDateTime,UTCDateTime,AutoHitType,System,HomeTeamForeignID,AwayTeamForeignID,GameForeignID,Catcher,CatcherId,CatcherThrows,CatcherTeam,PlayID,PitchTrajectoryXc0,PitchTrajectoryXc1,PitchTrajectoryXc2,PitchTrajectoryYc0,PitchTrajectoryYc1,PitchTrajectoryYc2,PitchTrajectoryZc0,PitchTrajectoryZc1,PitchTrajectoryZc2,HitSpinAxis,HitTrajectoryXc0,HitTrajectoryXc1,HitTrajectoryXc2,HitTrajectoryXc3,HitTrajectoryXc4,HitTrajectoryXc5,HitTrajectoryXc6,HitTrajectoryXc7,HitTrajectoryXc8,HitTrajectoryYc0,HitTrajectoryYc1,HitTrajectoryYc2,HitTrajectoryYc3,HitTrajectoryYc4,HitTrajectoryYc5,HitTrajectoryYc6,HitTrajectoryYc7,HitTrajectoryYc8,HitTrajectoryZc0,HitTrajectoryZc1,HitTrajectoryZc2,HitTrajectoryZc3,HitTrajectoryZc4,HitTrajectoryZc5,HitTrajectoryZc6,HitTrajectoryZc7,HitTrajectoryZc8,ThrowSpeed,PopTime,ExchangeTime,TimeToBase,CatchPositionX,CatchPositionY,CatchPositionZ,ThrowPositionX,ThrowPositionY,ThrowPositionZ,BasePositionX,BasePositionY,BasePositionZ,ThrowTrajectoryXc0,ThrowTrajectoryXc1,ThrowTrajectoryXc2,ThrowTrajectoryYc0,ThrowTrajectoryYc1,ThrowTrajectoryYc2,ThrowTrajectoryZc0,ThrowTrajectoryZc1,ThrowTrajectoryZc2,PitchReleaseConfidence,PitchLocationConfidence,PitchMovementConfidence,HitLaunchConfidence,HitLandingConfidence,CatcherThrowCatchConfidence,CatcherThrowReleaseConfidence,CatcherThrowLocationConfidence,SpinAxis3dTransverseAngle,SpinAxis3dLongitudinalAngle,SpinAxis3dActiveSpinRate,SpinAxis3dSpinEfficiency,SpinAxis3dTilt,SpinAxis3dVectorX,SpinAxis3dVectorY,SpinAxis3dVectorZ,SpinAxis3dSeamOrientationRotationX,SpinAxis3dSeamOrientationRotationY,SpinAxis3dSeamOrientationRotationZ,SpinAxis3dSeamOrientationBallYAmb1,SpinAxis3dSeamOrientationBallAngleHorizontalAmb1,SpinAxis3dSeamOrientationBallZAmb1,SpinAxis3dSeamOrientationBallAngleVerticalAmb2,SpinAxis3dSeamOrientationBallZAmb2,SpinAxis3dSeamOrientationBallXAmb4,SpinAxis3dSeamOrientationBallYAmb4,SpinAxis3dSeamOrientationBallAngleHorizontalAmb2,SpinAxis3dSeamOrientationBallAngleVerticalAmb1,SpinAxis3dSeamOrientationBallXAmb1,SpinAxis3dSeamOrientationBallYAmb2,SpinAxis3dSeamOrientationBallAngleHorizontalAmb4,SpinAxis3dSeamOrientationBallAngleVerticalAmb4,SpinAxis3dSeamOrientationBallXAmb2,SpinAxis3dSeamOrientationBallAngleVerticalAmb3,SpinAxis3dSeamOrientationBallAngleHorizontalAmb3,SpinAxis3dSeamOrientationBallXAmb3,SpinAxis3dSeamOrientationBallYAmb3,SpinAxis3dSeamOrientationBallZAmb3,SpinAxis3dSeamOrientationBallZAmb4,PitchSession,Flag,CalibrationId,EffVelocity,PracticeType,Device,HitType,SessionId,BatSpeed,VerticalAttackAngle,HorizontalAttackAngle,session_id,play_id,camera_slot,camera_name,camera_target,video_type,azure_blob,azure_md5,cloudinary_url,cloudinary_public_id,uploaded_at
NA,NA,NA,NA,NA,NA,NA,NA,NA,NA,NA,NA,NA,NA,NA,NA,1,2025-07-30,18:29:31,1,1,"Bean, Jake",814820,Right,ORL_FIR,"Dowd, Brayden",804053,Left,YAR_RED,Undefined,1,Top,0,0,0,Fastball,Four-Seam,InPlay,Undefined,FlyBall,HomeRun,0,1,NA,92.70941,-1.904074,-2.715001,2294.004283,215.686111,01:15:00,5.46073,1.33398,6.08315,-15.40288,17.01044,11.44985,2.41301,-0.22548,84.4355,-4.85248,-0.655136,0.409763,94.28736,26.693556,27.597817,2564.097113,93.57865,45.79722,57.8183,330.86228,317.56861,40.215923,4.021363,-6.72992,9.66225,-1.13042,50,5.30542,5.89748,-134.5174,-4.92322,-12.28475,30.20723,-14.53667,ORL_FIR,YAR_RED,CCBLOrleans,Cape Cod Baseball League,CCBL,20250730-CCBLOrleans-1,aa29f830-6d94-11f0-9893-2bfced202392,91.98587,56.78331,NA,8.27391,NA,NA,NA,2.39897,2.57212,0.24773,e90f2670-dfbc-4d51-82ba-0d5a03d444c7,2025-07-30,22:29:31,2025-07-30T22:29:31Z,2025-07-30T22:29:31Z,FlyBall,v3,6102,6104,NA,"Lavey, Robbie",835215,Right,ORL_FIR,a22d1693-595e-4721-8c43-bb76a8e1512e,54.41554,-135.50533,15.10362,5.45866,-4.4478,-7.26833,-1.32987,6.29925,-6.14238,NA,2.40881,109.22803,-21.24922,2.68149,1.69198,-1.4223,0.47563,-0.07832,0.00518,2.57081,62.15743,-20.60311,2.14459,-0.58821,0.22564,-0.06239,0.01023,-7.6e-4,0.24341,57.35923,1.47922,-0.904,-0.75742,0.76744,-0.29402,0.05446,-0.00401,NA,NA,NA,NA,NA,NA,NA,NA,NA,NA,NA,NA,NA,NA,NA,NA,NA,NA,NA,NA,NA,NA,High,High,High,High,High,NA,NA,NA,NA,NA,NA,NA,NA,NA,NA,NA,NA,NA,NA,NA,NA,NA,NA,NA,NA,NA,NA,NA,NA,NA,NA,NA,NA,NA,NA,NA,NA,NA,NA,NA,NA,NA,NA,NA,NA,NA,NA,NA,NA,NA,NA,NA,NA,NA,NA,NA,NA,NA,NA,NA,NA
NA,NA,NA,NA,NA,NA,NA,NA,NA,NA,NA,NA,NA,NA,NA,NA,2,2025-07-30,18:30:14,2,1,"Bean, Jake",814820,Right,ORL_FIR,"Hacopian, Chris",806680,Right,YAR_RED,Undefined,1,Top,0,0,0,Fastball,Four-Seam,BallCalled,Undefined,Undefined,Undefined,0,0,NA,92.85644,-3.367349,-4.204913,2344.738539,200.448692,12:45:00,5.45988,1.47422,6.20432,-15.07123,17.33859,6.05366,1.08385,-1.90949,84.49053,-6.252169,-3.11664,0.409741,NA,NA,NA,NA,NA,NA,NA,NA,NA,NA,NA,-4.34701,10.27827,-1.16078,50,5.19833,9.61423,-134.30994,-8.33505,-7.8999,30.47789,-13.49513,ORL_FIR,YAR_RED,CCBLOrleans,Cape Cod Baseball League,CCBL,20250730-CCBLOrleans-1,c3b87b00-6d94-11f0-9893-2bfced202392,91.9908,NA,NA,8.36591,NA,NA,NA,NA,NA,NA,e90f2670-dfbc-4d51-82ba-0d5a03d444c7,2025-07-30,22:30:14,2025-07-30T22:30:14Z,2025-07-30T22:30:14Z,NA,v3,6102,6104,NA,"Lavey, Robbie",835215,Right,ORL_FIR,228b39e8-482d-467f-b572-224058393af7,54.29152,-135.28028,15.23894,5.45685,-7.9054,-6.74757,-1.47087,9.86574,-3.94995,NA,NA,NA,NA,NA,NA,NA,NA,NA,NA,NA,NA,NA,NA,NA,NA,NA,NA,NA,NA,NA,NA,NA,NA,NA,NA,NA,NA,NA,NA,NA,NA,NA,NA,NA,NA,NA,NA,NA,NA,NA,NA,NA,NA,NA,NA,NA,NA,NA,NA,High,High,High,NA,NA,NA,NA,NA,NA,NA,NA,NA,NA,NA,NA,NA,NA,NA,NA,NA,NA,NA,NA,NA,NA,NA,NA,NA,NA,NA,NA,NA,NA,NA,NA,NA,NA,NA,NA,NA,NA,NA,NA,NA,NA,NA,NA,NA,NA,NA,NA,NA,NA,NA,NA,NA,NA,NA,NA,NA,NA
NA,NA,NA,NA,NA,NA,NA,NA,NA,NA,NA,NA,NA,NA,NA,NA,3,2025-07-30,18:30:29,2,2,"Bean, Jake",814820,Right,ORL_FIR,"Hacopian, Chris",806680,Right,YAR_RED,Undefined,1,Top,0,1,0,Fastball,Four-Seam,FoulBallNotFieldable,Undefined,Undefined,Undefined,0,0,NA,92.28589,-1.827747,-2.00021,2277.623444,204.210222,12:45:00,5.37665,1.34943,6.1652,-16.78824,15.79099,6.62083,2.28774,0.05282,84.11937,-5.028316,-0.806405,0.410811,82.3954,75.564003,40.085049,5379.043258,NA,NA,NA,NA,23.57318,NA,NA,-4.02847,9.03583,-1.20125,50,5.22947,4.40562,-133.98363,-4.77129,-7.29394,30.0164,-15.81375,ORL_FIR,YAR_RED,CCBLOrleans,Cape Cod Baseball League,CCBL,20250730-CCBLOrleans-1,cc6872f0-6d94-11f0-9893-2bfced202392,91.75134,101.34942,NA,8.16651,NA,NA,NA,2.80029,1.81565,-0.58239,e90f2670-dfbc-4d51-82ba-0d5a03d444c7,2025-07-30,22:30:29,2025-07-30T22:30:29Z,2025-07-30T22:30:29Z,NA,v3,6102,6104,NA,"Lavey, Robbie",835215,Right,ORL_FIR,00f645d0-c9d5-4ea9-ba38-4f7b55d99f20,54.33318,-134.9509,15.0082,5.37502,-4.2617,-7.90688,-1.34701,4.64067,-3.64697,NA,2.80029,23.04971,-15.94173,5.95624,-1.68938,0.44604,-0.11568,0.02607,-0.00341,1.81565,117.03089,-30.23122,3.71253,-0.54953,0.05139,-0.00599,0.00312,-7.9e-4,-0.58239,19.39938,-3.52026,0.85572,-0.16892,0.03362,-0.0083,0.00236,-3.9e-4,NA,NA,NA,NA,NA,NA,NA,NA,NA,NA,NA,NA,NA,NA,NA,NA,NA,NA,NA,NA,NA,NA,High,High,High,Medium,Undefined,NA,NA,NA,NA,NA,NA,NA,NA,NA,NA,NA,NA,NA,NA,NA,NA,NA,NA,NA,NA,NA,NA,NA,NA,NA,NA,NA,NA,NA,NA,NA,NA,NA,NA,NA,NA,NA,NA,NA,NA,NA,NA,NA,NA,NA,NA,NA,NA,NA,NA,NA,NA,NA,NA,NA,NA
NA,NA,NA,NA,NA,NA,NA,NA,NA,NA,NA,NA,NA,NA,NA,NA,4,2025-07-30,18:31:01,2,3,"Bean, Jake",814820,Right,ORL_FIR,"Hacopian, Chris",806680,Right,YAR_RED,Undefined,1,Top,0,1,1,Curveball,Curveball,StrikeCalled,Undefined,Undefined,Undefined,0,0,NA,82.28531,1.498642,0.429232,2180.022415,48.842311,07:45:00,5.46361,1.52332,5.86758,-49.71983,-8.36536,-11.05532,2.71273,1.00076,75.39445,-7.620828,-1.557095,0.462842,NA,NA,NA,NA,NA,NA,NA,NA,NA,NA,NA,5.78729,-4.33591,-1.55158,50,5.55602,-0.46489,-119.57616,1.43418,8.34686,23.88898,-38.42764,ORL_FIR,YAR_RED,CCBLOrleans,Cape Cod Baseball League,CCBL,20250730-CCBLOrleans-1,df8f8e40-6d94-11f0-9893-2bfced202392,81.43696,NA,NA,6.89086,NA,NA,NA,NA,NA,NA,e90f2670-dfbc-4d51-82ba-0d5a03d444c7,2025-07-30,22:31:01,2025-07-30T22:31:01Z,2025-07-30T22:31:01Z,NA,v3,6102,6104,NA,"Lavey, Robbie",835215,Right,ORL_FIR,876cf97d-ad8d-4618-bd31-ddc339fcced9,54.63331,-120.49825,11.94449,5.47203,2.91744,-19.21382,-1.52742,-0.78707,4.17343,NA,NA,NA,NA,NA,NA,NA,NA,NA,NA,NA,NA,NA,NA,NA,NA,NA,NA,NA,NA,NA,NA,NA,NA,NA,NA,NA,NA,NA,NA,NA,NA,NA,NA,NA,NA,NA,NA,NA,NA,NA,NA,NA,NA,NA,NA,NA,NA,NA,NA,High,High,High,NA,NA,NA,NA,NA,NA,NA,NA,NA,NA,NA,NA,NA,NA,NA,NA,NA,NA,NA,NA,NA,NA,NA,NA,NA,NA,NA,NA,NA,NA,NA,NA,NA,NA,NA,NA,NA,NA,NA,NA,NA,NA,NA,NA,NA,NA,NA,NA,NA,NA,NA,NA,NA,NA,NA,NA,NA,NA
NA,NA,NA,NA,NA,NA,NA,NA,NA,NA,NA,NA,NA,NA,NA,NA,5,2025-07-30,18:31:17,2,4,"Bean, Jake",814820,Right,ORL_FIR,"Hacopian, Chris",806680,Right,YAR_RED,Undefined,1,Top,0,1,2,Curveball,Curveball,BallCalled,Undefined,Undefined,Undefined,0,0,NA,82.86641,-0.063785,-1.241779,2395.112693,39.658026,07:15:00,5.35476,1.38024,5.94502,-53.65755,-13.10997,-11.86831,0.82412,-0.76077,76.63285,-9.843309,-3.380397,0.458304,NA,NA,NA,NA,NA,NA,NA,NA,NA,NA,NA,5.795,-6.45481,-1.27453,50,5.31911,3.06044,-120.52493,-1.95195,8.50476,23.91974,-41.64714,ORL_FIR,YAR_RED,CCBLOrleans,Cape Cod Baseball League,CCBL,20250730-CCBLOrleans-1,e91e4d70-6d94-11f0-9893-2bfced202392,82.24327,NA,NA,6.23356,NA,NA,NA,NA,NA,NA,e90f2670-dfbc-4d51-82ba-0d5a03d444c7,2025-07-30,22:31:17,2025-07-30T22:31:17Z,2025-07-30T22:31:17Z,NA,v3,6102,6104,NA,"Lavey, Robbie",835215,Right,ORL_FIR,a55778c0-a8c9-4a0e-8030-84f1686175f9,54.5581,-121.42617,11.95987,5.36309,-0.38277,-20.82357,-1.38381,2.74,4.25238,NA,NA,NA,NA,NA,NA,NA,NA,NA,NA,NA,NA,NA,NA,NA,NA,NA,NA,NA,NA,NA,NA,NA,NA,NA,NA,NA,NA,NA,NA,NA,NA,NA,NA,NA,NA,NA,NA,NA,NA,NA,NA,NA,NA,NA,NA,NA,NA,NA,NA,High,High,High,NA,NA,NA,NA,NA,NA,NA,NA,NA,NA,NA,NA,NA,NA,NA,NA,NA,NA,NA,NA,NA,NA,NA,NA,NA,NA,NA,NA,NA,NA,NA,NA,NA,NA,NA,NA,NA,NA,NA,NA,NA,NA,NA,NA,NA,NA,NA,NA,NA,NA,NA,NA,NA,NA,NA,NA,NA,NA
NA,NA,NA,NA,NA,NA,NA,NA,NA,NA,NA,NA,NA,NA,NA,NA,6,2025-07-30,18:31:33,2,5,"Bean, Jake",814820,Right,ORL_FIR,"Hacopian, Chris",806680,Right,YAR_RED,Undefined,1,Top,0,2,2,Fastball,Four-Seam,InPlay,Undefined,GroundBall,Out,1,0,NA,92.27399,-2.140344,-2.255621,2325.933036,222.494808,01:30:00,5.41339,1.26191,6.30399,-19.25422,12.66505,10.79201,1.83457,0.08212,85.51167,-5.756144,-0.304147,0.406629,97.31338,-5.695828,-1.483412,NA,NA,NA,NA,16.26279,16.26279,-1.160345,0.105945,-6.20036,7.39867,-1.10158,50,5.24679,4.85553,-134.16536,-5.61212,-11.45017,25.44979,-18.51094,ORL_FIR,YAR_RED,CCBLOrleans,Cape Cod Baseball League,CCBL,20250730-CCBLOrleans-1,f2adcff0-6d94-11f0-9893-2bfced202392,92.69497,1.79394,NA,6.76232,NA,NA,NA,1.46085,1.79394,-0.07472,e90f2670-dfbc-4d51-82ba-0d5a03d444c7,2025-07-30,22:31:33,2025-07-30T22:31:33Z,2025-07-30T22:31:33Z,GroundBall,v3,6102,6104,NA,"Lavey, Robbie",835215,Right,ORL_FIR,f6d4297f-ff7e-4edb-9251-83bf4ba4e61c,54.19653,-134.95905,12.7249,5.41281,-5.03483,-9.25547,-1.25858,5.21261,-5.72509,317.190711,1.46094,141.9617,-21.53224,NA,NA,NA,NA,NA,NA,1.79419,-14.19664,-25.87137,NA,NA,NA,NA,NA,NA,-0.07489,-3.65541,11.84915,NA,NA,NA,NA,NA,NA,NA,NA,NA,NA,NA,NA,NA,NA,NA,NA,NA,NA,NA,NA,NA,NA,NA,NA,NA,NA,NA,NA,High,High,High,High,High,NA,NA,NA,NA,NA,NA,NA,NA,NA,NA,NA,NA,NA,NA,NA,NA,NA,NA,NA,NA,NA,NA,NA,NA,NA,NA,NA,NA,NA,NA,NA,NA,NA,NA,NA,NA,NA,NA,NA,NA,NA,NA,NA,NA,NA,NA,NA,NA,NA,NA,NA,NA,NA,NA,NA,NA
NA,NA,NA,NA,NA,NA,NA,NA,NA,NA,NA,NA,NA,NA,NA,NA,7,2025-07-30,18:32:34,3,1,"Bean, Jake",814820,Right,ORL_FIR,"Arcamone, Jack",834921,Left,YAR_RED,Undefined,1,Top,1,0,0,ChangeUp,Changeup,StrikeSwinging,Undefined,Undefined,Undefined,0,0,NA,81.81389,-0.38186,-1.658128,1608.968258,279.703678,03:15:00,5.22387,1.53476,6.09571,-42.67585,-1.50264,15.86954,1.31422,1.32317,75.6387,-8.235946,1.206547,0.461826,NA,NA,NA,NA,NA,NA,NA,NA,NA,NA,NA,-8.66489,-0.32118,-1.41542,50,5.17191,2.85747,-118.9949,-2.15402,-12.47331,21.9844,-32.63637,ORL_FIR,YAR_RED,CCBLOrleans,Cape Cod Baseball League,CCBL,20250730-CCBLOrleans-1,16be99b0-6d95-11f0-9893-2bfced202392,81.61604,NA,NA,6.17519,NA,NA,NA,NA,NA,NA,e90f2670-dfbc-4d51-82ba-0d5a03d444c7,2025-07-30,22:32:34,2025-07-30T22:32:34Z,2025-07-30T22:32:34Z,NA,v3,6102,6104,NA,"Lavey, Robbie",835215,Right,ORL_FIR,c1c207cc-bb1e-4c56-a162-dc40b9329604,54.40544,-119.80605,10.9922,5.22917,-0.94986,-16.31819,-1.52934,3.31769,-6.23666,NA,NA,NA,NA,NA,NA,NA,NA,NA,NA,NA,NA,NA,NA,NA,NA,NA,NA,NA,NA,NA,NA,NA,NA,NA,NA,NA,NA,NA,NA,NA,NA,NA,NA,NA,NA,NA,NA,NA,NA,NA,NA,NA,NA,NA,NA,NA,NA,NA,NA,High,High,High,NA,NA,NA,NA,NA,NA,NA,NA,NA,NA,NA,NA,NA,NA,NA,NA,NA,NA,NA,NA,NA,NA,NA,NA,NA,NA,NA,NA,NA,NA,NA,NA,NA,NA,NA,NA,NA,NA,NA,NA,NA,NA,NA,NA,NA,NA,NA,NA,NA,NA,NA,NA,NA,NA,NA,NA,NA,NA
NA,NA,NA,NA,NA,NA,NA,NA,NA,NA,NA,NA,NA,NA,NA,NA,8,2025-07-30,18:32:50,3,2,"Bean, Jake",814820,Right,ORL_FIR,"Arcamone, Jack",834921,Left,YAR_RED,Undefined,1,Top,1,0,1,ChangeUp,Changeup,FoulBallNotFieldable,Undefined,Undefined,Undefined,0,0,NA,83.13557,-0.763071,-2.582571,1667.927713,270.806385,03:00:00,5.17801,1.64226,6.19544,-38.81998,0.96268,15.92438,1.23781,0.58352,76.74113,-7.933569,0.294595,0.453961,NA,NA,NA,NA,NA,NA,NA,NA,NA,NA,NA,-9.00166,1.0274,-1.45592,50,5.1008,4.86621,-120.84736,-2.83015,-13.36076,22.73905,-30.64911,ORL_FIR,YAR_RED,CCBLOrleans,Cape Cod Baseball League,CCBL,20250730-CCBLOrleans-1,206ceed0-6d95-11f0-9893-2bfced202392,83.03016,NA,NA,6.39444,NA,NA,NA,NA,NA,NA,e90f2670-dfbc-4d51-82ba-0d5a03d444c7,2025-07-30,22:32:50,2025-07-30T22:32:50Z,2025-07-30T22:32:50Z,NA,v3,6102,6104,NA,"Lavey, Robbie",835215,Right,ORL_FIR,42bc8af1-22b0-4482-8b93-0579172b7368,54.30567,-121.65483,11.36953,5.18197,-1.74179,-15.32456,-1.63715,5.34066,-6.68038,NA,NA,NA,NA,NA,NA,NA,NA,NA,NA,NA,NA,NA,NA,NA,NA,NA,NA,NA,NA,NA,NA,NA,NA,NA,NA,NA,NA,NA,NA,NA,NA,NA,NA,NA,NA,NA,NA,NA,NA,NA,NA,NA,NA,NA,NA,NA,NA,NA,NA,High,High,High,NA,NA,NA,NA,NA,NA,NA,NA,NA,NA,NA,NA,NA,NA,NA,NA,NA,NA,NA,NA,NA,NA,NA,NA,NA,NA,NA,NA,NA,NA,NA,NA,NA,NA,NA,NA,NA,NA,NA,NA,NA,NA,NA,NA,NA,NA,NA,NA,NA,NA,NA,NA,NA,NA,NA,NA,NA,NA
NA,NA,NA,NA,NA,NA,NA,NA,NA,NA,NA,NA,NA,NA,NA,NA,9,2025-07-30,18:33:09,3,3,"Bean, Jake",814820,Right,ORL_FIR,"Arcamone, Jack",834921,Left,YAR_RED,Undefined,1,Top,1,0,2,Fastball,Four-Seam,FoulBallNotFieldable,Undefined,Undefined,Undefined,0,0,NA,93.64902,-1.50014,-2.418948,2321.986088,218.125772,01:15:00,5.41168,1.41393,5.84966,-18.088,14.00808,10.1519,2.50884,0.01088,85.13398,-4.918355,-0.599791,0.407753,78.10425,7.192401,-169.037523,1307.068771,NA,NA,NA,120.48367,40.56013,-166.149563,1.202718,-5.92008,7.92536,-1.22331,50,5.27916,5.28898,-135.84741,-4.15083,-11.00039,31.33117,-17.44759,ORL_FIR,YAR_RED,CCBLOrleans,Cape Cod Baseball League,CCBL,20250730-CCBLOrleans-1,2b9e6180-6d95-11f0-9893-2bfced202392,92.43936,6.02307,NA,8.51504,NA,NA,NA,1.60761,2.31405,0.08674,e90f2670-dfbc-4d51-82ba-0d5a03d444c7,2025-07-30,22:33:09,2025-07-30T22:33:09Z,2025-07-30T22:33:09Z,GroundBall,v3,6102,6104,NA,"Lavey, Robbie",835215,Right,ORL_FIR,b226fded-589d-49c1-8fc8-45608d49b3f3,54.64811,-136.91523,15.66558,5.4105,-3.55619,-8.7238,-1.40996,5.66389,-5.50019,235.525722,1.49414,-110.2804,9.86017,NA,NA,NA,NA,NA,NA,2.35061,13.93704,-13.23763,NA,NA,NA,NA,NA,NA,0.12547,-22.06005,-1.7073,NA,NA,NA,NA,NA,NA,NA,NA,NA,NA,NA,NA,NA,NA,NA,NA,NA,NA,NA,NA,NA,NA,NA,NA,NA,NA,NA,NA,High,High,High,High,Low,NA,NA,NA,NA,NA,NA,NA,NA,NA,NA,NA,NA,NA,NA,NA,NA,NA,NA,NA,NA,NA,NA,NA,NA,NA,NA,NA,NA,NA,NA,NA,NA,NA,NA,NA,NA,NA,NA,NA,NA,NA,NA,NA,NA,NA,NA,NA,NA,NA,NA,NA,NA,NA,NA,NA,NA
NA,NA,NA,NA,NA,NA,NA,NA,NA,NA,NA,NA,NA,NA,NA,NA,10,2025-07-30,18:33:29,3,4,"Bean, Jake",814820,Right,ORL_FIR,"Arcamone, Jack",834921,Left,YAR_RED,Undefined,1,Top,1,0,2,ChangeUp,Changeup,InPlay,Undefined,FlyBall,Out,1,0,NA,84.81936,-0.56886,-2.50175,1485.141889,257.910916,02:30:00,5.14821,1.71996,6.1824,-35.40797,3.01914,8.46792,1.67174,0.11404,77.80838,-7.135901,-0.973362,0.44616,81.71307,45.28164,25.037793,NA,97.82396,96.54583,50.30351,249.73197,247.00705,31.387539,5.504289,-5.1365,2.03953,-1.53545,50,5.08711,5.06697,-123.22329,-2.34517,-7.8851,24.846,-29.04314,ORL_FIR,YAR_RED,CCBLOrleans,Cape Cod Baseball League,CCBL,20250730-CCBLOrleans-1,378b5c00-6d95-11f0-9893-2bfced202392,84.48194,108.26306,NA,7.01098,NA,NA,NA,3.14861,1.90632,-0.16505,e90f2670-dfbc-4d51-82ba-0d5a03d444c7,2025-07-30,22:33:29,2025-07-30T22:33:29Z,2025-07-30T22:33:29Z,FlyBall,v3,6102,6104,NA,"Lavey, Robbie",835215,Right,ORL_FIR,2a1c3445-39e8-437d-9ab3-8155209d79d0,54.31754,-124.0908,12.423,5.15129,-1.33112,-14.52157,-1.71717,5.34228,-3.94255,190.39079,3.15433,76.2946,-18.22951,4.17383,-0.59397,0.03147,0.00392,-6.1e-4,2e-5,1.9042,85.18717,-19.60791,1.31445,-0.06729,-0.06424,0.02381,-0.00338,1.7e-4,-0.16321,35.65394,-5.40154,1.13216,-0.13067,-0.00238,0.00284,-3e-4,1e-5,NA,NA,NA,NA,NA,NA,NA,NA,NA,NA,NA,NA,NA,NA,NA,NA,NA,NA,NA,NA,NA,NA,High,High,High,High,Medium,NA,NA,NA,NA,NA,NA,NA,NA,NA,NA,NA,NA,NA,NA,NA,NA,NA,NA,NA,NA,NA,NA,NA,NA,NA,NA,NA,NA,NA,NA,NA,NA,NA,NA,NA,NA,NA,NA,NA,NA,NA,NA,NA,NA,NA,NA,NA,NA,NA,NA,NA,NA,NA,NA,NA,NA
NA,NA,NA,NA,NA,NA,NA,NA,NA,NA,NA,NA,NA,NA,NA,NA,11,2025-07-30,18:34:02,4,1,"Bean, Jake",814820,Right,ORL_FIR,"Briseno, Armando",811577,Right,YAR_RED,Undefined,1,Top,2,0,0,Curveball,Curveball,FoulBallNotFieldable,Undefined,Undefined,Undefined,0,0,NA,83.90159,0.875619,-1.287119,2357.81889,26.227023,06:45:00,5.35156,1.53272,5.87645,-50.9777,-11.39386,-6.19103,1.91691,-0.1788,77.40034,-8.434997,-2.3999,0.452825,NA,NA,NA,NA,NA,NA,NA,NA,NA,NA,NA,2.8252,-5.75248,-1.42507,50,5.39263,2.98386,-121.9964,0.08687,4.26067,23.84811,-40.84927,ORL_FIR,YAR_RED,CCBLOrleans,Cape Cod Baseball League,CCBL,20250730-CCBLOrleans-1,4bb679d0-6d95-11f0-9893-2bfced202392,83.23845,NA,NA,6.50124,NA,NA,NA,NA,NA,NA,e90f2670-dfbc-4d51-82ba-0d5a03d444c7,2025-07-30,22:34:02,2025-07-30T22:34:02Z,2025-07-30T22:34:02Z,NA,v3,6102,6104,NA,"Lavey, Robbie",835215,Right,ORL_FIR,de100681-b2ab-4401-9c8b-5c29dd6aa5d0,54.62556,-122.89729,11.92406,5.3602,1.63,-20.42464,-1.53475,2.82291,2.13033,NA,NA,NA,NA,NA,NA,NA,NA,NA,NA,NA,NA,NA,NA,NA,NA,NA,NA,NA,NA,NA,NA,NA,NA,NA,NA,NA,NA,NA,NA,NA,NA,NA,NA,NA,NA,NA,NA,NA,NA,NA,NA,NA,NA,NA,NA,NA,NA,NA,NA,High,High,High,NA,NA,NA,NA,NA,NA,NA,NA,NA,NA,NA,NA,NA,NA,NA,NA,NA,NA,NA,NA,NA,NA,NA,NA,NA,NA,NA,NA,NA,NA,NA,NA,NA,NA,NA,NA,NA,NA,NA,NA,NA,NA,NA,NA,NA,NA,NA,NA,NA,NA,NA,NA,NA,NA,NA,NA,NA,NA
NA,NA,NA,NA,NA,NA,NA,NA,NA,NA,NA,NA,NA,NA,NA,NA,12,2025-07-30,18:34:23,4,2,"Bean, Jake",814820,Right,ORL_FIR,"Briseno, Armando",811577,Right,YAR_RED,Undefined,1,Top,2,0,1,Cutter,Slider,BallCalled,Undefined,Undefined,Undefined,0,0,NA,87.97366,-0.992426,-4.318812,2480.455901,188.898138,12:15:00,5.17087,1.68397,5.90409,-29.55116,6.26678,0.82634,1.78433,-2.26374,81.58916,-6.428221,-4.171126,0.430746,NA,NA,NA,NA,NA,NA,NA,NA,NA,NA,NA,-1.47177,3.7739,-1.33691,50,5.07391,9.60333,-127.60964,-3.22497,-2.45732,23.17322,-25.87299,ORL_FIR,YAR_RED,CCBLOrleans,Cape Cod Baseball League,CCBL,20250730-CCBLOrleans-1,580199e0-6d95-11f0-9893-2bfced202392,87.50495,NA,NA,6.3845,NA,NA,NA,NA,NA,NA,e90f2670-dfbc-4d51-82ba-0d5a03d444c7,2025-07-30,22:34:23,2025-07-30T22:34:23Z,2025-07-30T22:34:23Z,NA,v3,6102,6104,NA,"Lavey, Robbie",835215,Right,ORL_FIR,70d9e4f5-6292-4bd8-b3e3-096e66ee8646,54.59492,-128.44134,11.58661,5.173,-2.29637,-12.9365,-1.68316,9.69152,-1.22866,NA,NA,NA,NA,NA,NA,NA,NA,NA,NA,NA,NA,NA,NA,NA,NA,NA,NA,NA,NA,NA,NA,NA,NA,NA,NA,NA,NA,NA,NA,NA,NA,NA,NA,NA,NA,NA,NA,NA,NA,NA,NA,NA,NA,NA,NA,NA,NA,NA,NA,High,High,High,NA,NA,NA,NA,NA,NA,NA,NA,NA,NA,NA,NA,NA,NA,NA,NA,NA,NA,NA,NA,NA,NA,NA,NA,NA,NA,NA,NA,NA,NA,NA,NA,NA,NA,NA,NA,NA,NA,NA,NA,NA,NA,NA,NA,NA,NA,NA,NA,NA,NA,NA,NA,NA,NA,NA,NA,NA,NA
NA,NA,NA,NA,NA,NA,NA,NA,NA,NA,NA,NA,NA,NA,NA,NA,13,2025-07-30,18:34:42,4,3,"Bean, Jake",814820,Right,ORL_FIR,"Briseno, Armando",811577,Right,YAR_RED,Undefined,1,Top,2,1,1,Fastball,Four-Seam,BallCalled,Undefined,Undefined,Undefined,0,0,NA,92.59621,-0.488172,-3.255358,2257.099589,213.239451,01:00:00,5.44275,1.36644,6.17979,-16.93021,15.35296,9.39083,3.58036,-0.86037,84.47195,-3.716156,-1.564711,0.40894,NA,NA,NA,NA,NA,NA,NA,NA,NA,NA,NA,-5.7428,8.37977,-1.12489,50,5.39707,7.24146,-134.37675,-1.64199,-10.49977,29.13688,-16.85298,ORL_FIR,YAR_RED,CCBLOrleans,Cape Cod Baseball League,CCBL,20250730-CCBLOrleans-1,63085310-6d95-11f0-9893-2bfced202392,92.17113,NA,NA,8.12426,NA,NA,NA,NA,NA,NA,e90f2670-dfbc-4d51-82ba-0d5a03d444c7,2025-07-30,22:34:42,2025-07-30T22:34:42Z,2025-07-30T22:34:42Z,NA,v3,6102,6104,NA,"Lavey, Robbie",835215,Right,ORL_FIR,c870c196-c106-407d-9f7b-01698a3918a0,54.31722,-135.30961,14.56844,5.441,-1.10242,-8.42649,-1.36212,7.57763,-5.24989,NA,NA,NA,NA,NA,NA,NA,NA,NA,NA,NA,NA,NA,NA,NA,NA,NA,NA,NA,NA,NA,NA,NA,NA,NA,NA,NA,NA,NA,NA,NA,NA,NA,NA,NA,NA,NA,NA,NA,NA,NA,NA,NA,NA,NA,NA,NA,NA,NA,NA,High,High,High,NA,NA,NA,NA,NA,NA,NA,NA,NA,NA,NA,NA,NA,NA,NA,NA,NA,NA,NA,NA,NA,NA,NA,NA,NA,NA,NA,NA,NA,NA,NA,NA,NA,NA,NA,NA,NA,NA,NA,NA,NA,NA,NA,NA,NA,NA,NA,NA,NA,NA,NA,NA,NA,NA,NA,NA,NA,NA
NA,NA,NA,NA,NA,NA,NA,NA,NA,NA,NA,NA,NA,NA,NA,NA,14,2025-07-30,18:35:00,4,4,"Bean, Jake",814820,Right,ORL_FIR,"Briseno, Armando",811577,Right,YAR_RED,Undefined,1,Top,2,2,1,Fastball,Four-Seam,StrikeCalled,Undefined,Undefined,Undefined,0,0,NA,92.59634,-2.383684,-3.593413,2368.782782,215.852125,01:15:00,5.42065,1.40396,6.25226,-16.95997,15.35296,10.33064,1.80353,-1.05327,84.49458,-5.613287,-1.731341,0.409128,NA,NA,NA,NA,NA,NA,NA,NA,NA,NA,NA,-6.34768,8.94949,-1.14155,50,5.23472,7.99051,-134.21713,-6.08739,-11.56052,29.48227,-15.87511,ORL_FIR,YAR_RED,CCBLOrleans,Cape Cod Baseball League,CCBL,20250730-CCBLOrleans-1,6dd05590-6d95-11f0-9893-2bfced202392,92.12862,NA,NA,8.10176,NA,NA,NA,NA,NA,NA,e90f2670-dfbc-4d51-82ba-0d5a03d444c7,2025-07-30,22:35:00,2025-07-30T22:35:00Z,2025-07-30T22:35:00Z,NA,v3,6102,6104,NA,"Lavey, Robbie",835215,Right,ORL_FIR,6d900166-4200-4ec7-8a5e-10e7137c54c6,54.24461,-135.14629,14.74114,5.41868,-5.58707,-7.93756,-1.39911,8.35485,-5.78026,NA,NA,NA,NA,NA,NA,NA,NA,NA,NA,NA,NA,NA,NA,NA,NA,NA,NA,NA,NA,NA,NA,NA,NA,NA,NA,NA,NA,NA,NA,NA,NA,NA,NA,NA,NA,NA,NA,NA,NA,NA,NA,NA,NA,NA,NA,NA,NA,NA,NA,High,High,High,NA,NA,NA,NA,NA,NA,NA,NA,NA,NA,NA,NA,NA,NA,NA,NA,NA,NA,NA,NA,NA,NA,NA,NA,NA,NA,NA,NA,NA,NA,NA,NA,NA,NA,NA,NA,NA,NA,NA,NA,NA,NA,NA,NA,NA,NA,NA,NA,NA,NA,NA,NA,NA,NA,NA,NA,NA,NA
NA,NA,NA,NA,NA,NA,NA,NA,NA,NA,NA,NA,NA,NA,NA,NA,15,2025-07-30,18:35:18,4,5,"Bean, Jake",814820,Right,ORL_FIR,"Briseno, Armando",811577,Right,YAR_RED,Undefined,1,Top,2,2,2,Curveball,Curveball,InPlay,Undefined,GroundBall,Out,1,0,NA,83.57227,1.586591,-0.86309,2413.738375,46.948475,07:30:00,5.38491,1.43039,5.91539,-50.92377,-10.70209,-12.85894,2.61425,-0.44224,76.29162,-7.755954,-3.174621,0.456459,58.61893,-67.451961,-29.348535,NA,NA,NA,NA,2.52354,2.3068,0.864899,0.033947,6.3491,-5.61996,-1.35382,50,5.483,2.33341,-121.39965,1.607,9.38596,25.85545,-40.48212,ORL_FIR,YAR_RED,CCBLOrleans,Cape Cod Baseball League,CCBL,20250730-CCBLOrleans-1,7905e6f0-6d95-11f0-9893-2bfced202392,82.57581,2.71092,NA,7.28064,NA,NA,NA,1.54216,2.71092,0.58975,e90f2670-dfbc-4d51-82ba-0d5a03d444c7,2025-07-30,22:35:18,2025-07-30T22:35:18Z,2025-07-30T22:35:18Z,GroundBall,v3,6102,6104,NA,"Lavey, Robbie",835215,Right,ORL_FIR,5bb09ca3-edf7-4025-8a7a-53e2adf4b55a,54.58575,-122.37242,12.92772,5.39389,3.13007,-20.24106,-1.43497,1.98028,4.69298,180,1.54125,28.90133,NA,NA,NA,NA,NA,NA,NA,2.71341,-79.85831,NA,NA,NA,NA,NA,NA,NA,0.59026,-16.25088,NA,NA,NA,NA,NA,NA,NA,NA,NA,NA,NA,NA,NA,NA,NA,NA,NA,NA,NA,NA,NA,NA,NA,NA,NA,NA,NA,NA,NA,High,High,High,Low,Low,NA,NA,NA,NA,NA,NA,NA,NA,NA,NA,NA,NA,NA,NA,NA,NA,NA,NA,NA,NA,NA,NA,NA,NA,NA,NA,NA,NA,NA,NA,NA,NA,NA,NA,NA,NA,NA,NA,NA,NA,NA,NA,NA,NA,NA,NA,NA,NA,NA,NA,NA,NA,NA,NA,NA,NA
NA,NA,NA,NA,NA,NA,NA,NA,NA,NA,NA,NA,NA,NA,NA,NA,16,2025-07-30,18:38:08,1,1,"Hamilton, Brady",825131,Right,YAR_RED,"Myatt, Tyler",826051,Left,ORL_FIR,Undefined,1,Bottom,0,0,0,Slider,Slider,BallCalled,Undefined,Undefined,Undefined,0,0,NA,80.2897,0.535985,0.505081,2527.670111,72.429833,08:30:00,5.65029,1.14055,4.91402,-45.48636,-0.34831,-5.76481,2.36659,1.13773,73.38206,-7.6988,-0.512531,0.483552,NA,NA,NA,NA,NA,NA,NA,NA,NA,NA,NA,2.98941,0.12169,-1.18479,50,5.66468,-0.77938,-116.44024,-0.60041,4.08484,22.82881,-32.00779,ORL_FIR,YAR_RED,CCBLOrleans,Cape Cod Baseball League,CCBL,20250730-CCBLOrleans-1,de09e330-6d95-11f0-9893-2bfced202392,77.94914,NA,NA,6.90763,NA,NA,NA,NA,NA,NA,e90f2670-dfbc-4d51-82ba-0d5a03d444c7,2025-07-30,22:38:08,2025-07-30T22:38:08Z,2025-07-30T22:38:08Z,NA,v3,6102,6104,NA,"McAndrews, Thomas",836274,Right,YAR_RED,718785e8-2100-4831-a9b0-7fdc0337c759,55.58365,-117.52985,11.4144,5.65687,0.92731,-16.00389,-1.14294,-0.97435,2.04242,NA,NA,NA,NA,NA,NA,NA,NA,NA,NA,NA,NA,NA,NA,NA,NA,NA,NA,NA,NA,NA,NA,NA,NA,NA,NA,NA,NA,NA,NA,NA,NA,NA,NA,NA,NA,NA,NA,NA,NA,NA,NA,NA,NA,NA,NA,NA,NA,NA,NA,High,High,High,NA,NA,NA,NA,NA,NA,NA,NA,NA,NA,NA,NA,NA,NA,NA,NA,NA,NA,NA,NA,NA,NA,NA,NA,NA,NA,NA,NA,NA,NA,NA,NA,NA,NA,NA,NA,NA,NA,NA,NA,NA,NA,NA,NA,NA,NA,NA,NA,NA,NA,NA,NA,NA,NA,NA,NA,NA,NA
NA,NA,NA,NA,NA,NA,NA,NA,NA,NA,NA,NA,NA,NA,NA,NA,17,2025-07-30,18:38:20,1,2,"Hamilton, Brady",825131,Right,YAR_RED,"Myatt, Tyler",826051,Left,ORL_FIR,Undefined,1,Bottom,0,1,0,Sinker,Sinker,InPlay,Undefined,GroundBall,Single,0,0,NA,93.25854,-1.250533,-2.563211,2242.405696,233.456532,01:45:00,5.70874,1.03209,5.63253,-20.29269,12.39953,15.22887,2.84959,-0.0919,84.61446,-5.055833,0.155094,0.411522,100.57094,7.201651,-10.289988,1900.075423,106.99648,6.41916,-25.5281,155.65695,155.46211,-14.986402,1.272371,-8.49331,6.98666,-0.82395,50,5.58948,5.35623,-135.21401,-3.66006,-15.60921,31.49535,-19.33386,ORL_FIR,YAR_RED,CCBLOrleans,Cape Cod Baseball League,CCBL,20250730-CCBLOrleans-1,e57b40a0-6d95-11f0-9893-2bfced202392,91.59266,7.78077,NA,8.64408,NA,NA,NA,0.93303,2.83595,0.09218,e90f2670-dfbc-4d51-82ba-0d5a03d444c7,2025-07-30,22:38:20,2025-07-30T22:38:20Z,2025-07-30T22:38:20Z,LineDrive,v3,6102,6104,NA,"McAndrews, Thomas",836274,Right,YAR_RED,5516d8e1-7cdf-45bb-9245-f986fdbb9c1a,54.86502,-136.34251,15.74767,5.70821,-2.96732,-9.66693,-1.02588,5.91552,-7.8046,96.677114,0.93302,143.98684,-26.11463,5.40565,-1.43729,0.62511,-0.3969,0.18097,-0.03536,2.83595,18.49086,-18.18739,1.87305,-0.22985,-0.30122,0.39492,-0.21263,0.04393,0.09217,-26.13914,-5.92755,1.79497,-1.15657,1.51365,-1.45792,0.74588,-0.15185,NA,NA,NA,NA,NA,NA,NA,NA,NA,NA,NA,NA,NA,NA,NA,NA,NA,NA,NA,NA,NA,NA,High,High,High,High,High,NA,NA,NA,NA,NA,NA,NA,NA,NA,NA,NA,NA,NA,NA,NA,NA,NA,NA,NA,NA,NA,NA,NA,NA,NA,NA,NA,NA,NA,NA,NA,NA,NA,NA,NA,NA,NA,NA,NA,NA,NA,NA,NA,NA,NA,NA,NA,NA,NA,NA,NA,NA,NA,NA,NA,NA
NA,NA,NA,NA,NA,NA,NA,NA,NA,NA,NA,NA,NA,NA,NA,NA,18,2025-07-30,18:39:03,2,1,"Hamilton, Brady",825131,Right,YAR_RED,"Garza, Alejandro",835211,Right,ORL_FIR,Undefined,1,Bottom,0,0,0,Sinker,Sinker,InPlay,Undefined,GroundBall,Single,0,0,NA,92.81186,-2.449289,-1.74614,2305.656559,234.767295,01:45:00,5.67485,1.08209,5.50664,-20.52426,12.50056,16.17064,1.67148,0.79616,84.75659,-6.266936,1.13668,0.413611,90.23877,-2.05369,19.039643,NA,NA,NA,NA,28.00302,27.78242,16.497327,0.202799,-8.74359,7.34079,-0.9412,50,5.44732,3.37636,-134.61144,-6.49197,-15.99515,30.0383,-18.74506,ORL_FIR,YAR_RED,CCBLOrleans,Cape Cod Baseball League,CCBL,20250730-CCBLOrleans-1,fe9d1ef0-6d95-11f0-9893-2bfced202392,91.13025,1.7691,NA,8.05526,NA,NA,NA,2.36964,1.7691,-0.79507,e90f2670-dfbc-4d51-82ba-0d5a03d444c7,2025-07-30,22:39:03,2025-07-30T22:39:03Z,2025-07-30T22:39:03Z,GroundBall,v3,6102,6104,NA,"McAndrews, Thomas",836274,Right,YAR_RED,25e35e64-5425-4e38-9a0f-c65470cde7b4,54.99282,-135.721,15.01915,5.67434,-5.79956,-9.37253,-1.07683,3.9672,-7.99758,302.813754,2.37103,124.93819,-20.89841,NA,NA,NA,NA,NA,NA,1.77014,-4.81111,-19.34205,NA,NA,NA,NA,NA,NA,-0.79539,43.16873,-0.16632,NA,NA,NA,NA,NA,NA,NA,NA,NA,NA,NA,NA,NA,NA,NA,NA,NA,NA,NA,NA,NA,NA,NA,NA,NA,NA,NA,NA,High,High,High,High,High,NA,NA,NA,NA,NA,NA,NA,NA,NA,NA,NA,NA,NA,NA,NA,NA,NA,NA,NA,NA,NA,NA,NA,NA,NA,NA,NA,NA,NA,NA,NA,NA,NA,NA,NA,NA,NA,NA,NA,NA,NA,NA,NA,NA,NA,NA,NA,NA,NA,NA,NA,NA,NA,NA,NA,NA
NA,NA,NA,NA,NA,NA,NA,NA,NA,NA,NA,NA,NA,NA,NA,NA,19,2025-07-30,18:39:39,3,1,"Hamilton, Brady",825131,Right,YAR_RED,"Lavey, Robbie",835215,Left,ORL_FIR,Undefined,1,Bottom,0,0,0,Slider,Curveball,StrikeCalled,Undefined,Undefined,Undefined,0,0,NA,80.11372,0.753184,0.105147,2561.832307,43.662829,07:30:00,5.59282,1.08524,4.99956,-49.3907,-4.12551,-5.36571,2.18801,0.73736,73.17481,-8.18343,-0.843885,0.484232,NA,NA,NA,NA,NA,NA,NA,NA,NA,NA,NA,2.68547,-1.81169,-1.09078,50,5.6251,0.01428,-116.19705,-0.30331,3.64624,23.17339,-34.63394,ORL_FIR,YAR_RED,CCBLOrleans,Cape Cod Baseball League,CCBL,20250730-CCBLOrleans-1,148025f0-6d96-11f0-9893-2bfced202392,77.83961,NA,NA,6.93891,NA,NA,NA,NA,NA,NA,e90f2670-dfbc-4d51-82ba-0d5a03d444c7,2025-07-30,22:39:39,2025-07-30T22:39:39Z,2025-07-30T22:39:39Z,NA,v3,6102,6104,NA,"McAndrews, Thomas",836274,Right,YAR_RED,26a38a00-2d9c-41d6-843f-877d419ce8db,55.49879,-117.28855,11.58669,5.60096,1.32801,-17.31697,-1.08741,-0.15746,1.82312,NA,NA,NA,NA,NA,NA,NA,NA,NA,NA,NA,NA,NA,NA,NA,NA,NA,NA,NA,NA,NA,NA,NA,NA,NA,NA,NA,NA,NA,NA,NA,NA,NA,NA,NA,NA,NA,NA,NA,NA,NA,NA,NA,NA,NA,NA,NA,NA,NA,NA,High,High,High,NA,NA,NA,NA,NA,NA,NA,NA,NA,NA,NA,NA,NA,NA,NA,NA,NA,NA,NA,NA,NA,NA,NA,NA,NA,NA,NA,NA,NA,NA,NA,NA,NA,NA,NA,NA,NA,NA,NA,NA,NA,NA,NA,NA,NA,NA,NA,NA,NA,NA,NA,NA,NA,NA,NA,NA,NA,NA
NA,NA,NA,NA,NA,NA,NA,NA,NA,NA,NA,NA,NA,NA,NA,NA,20,2025-07-30,18:39:55,3,2,"Hamilton, Brady",825131,Right,YAR_RED,"Lavey, Robbie",835215,Left,ORL_FIR,Undefined,1,Bottom,0,0,1,ChangeUp,Splitter,BallCalled,Undefined,Undefined,Undefined,0,0,NA,85.3198,-2.216085,-2.30719,1125.51515,263.935364,02:45:00,5.48145,1.06537,5.82412,-36.60033,2.61725,11.02627,0.36854,-0.16182,77.21047,-8.96446,-0.327263,0.450725,NA,NA,NA,NA,NA,NA,NA,NA,NA,NA,NA,-6.46209,2.44382,-0.88354,50,5.27848,4.53776,-123.59699,-6.02197,-9.80029,29.13282,-28.46779,ORL_FIR,YAR_RED,CCBLOrleans,Cape Cod Baseball League,CCBL,20250730-CCBLOrleans-1,1e161110-6d96-11f0-9893-2bfced202392,83.62622,NA,NA,8.10933,NA,NA,NA,NA,NA,NA,e90f2670-dfbc-4d51-82ba-0d5a03d444c7,2025-07-30,22:39:55,2025-07-30T22:39:55Z,2025-07-30T22:39:55Z,NA,v3,6102,6104,NA,"McAndrews, Thomas",836274,Right,YAR_RED,c171e1f7-68ab-467c-8a5f-5049bca4fb0d,54.6739,-124.6938,14.56641,5.48502,-4.95019,-14.23389,-1.06133,4.90672,-4.90014,NA,NA,NA,NA,NA,NA,NA,NA,NA,NA,NA,NA,NA,NA,NA,NA,NA,NA,NA,NA,NA,NA,NA,NA,NA,NA,NA,NA,NA,NA,NA,NA,NA,NA,NA,NA,NA,NA,NA,NA,NA,NA,NA,NA,NA,NA,NA,NA,NA,NA,High,High,High,NA,NA,NA,NA,NA,NA,NA,NA,NA,NA,NA,NA,NA,NA,NA,NA,NA,NA,NA,NA,NA,NA,NA,NA,NA,NA,NA,NA,NA,NA,NA,NA,NA,NA,NA,NA,NA,NA,NA,NA,NA,NA,NA,NA,NA,NA,NA,NA,NA,NA,NA,NA,NA,NA,NA,NA,NA,NA
NA,NA,NA,NA,NA,NA,NA,NA,NA,NA,NA,NA,NA,NA,NA,NA,21,2025-07-30,18:40:16,3,3,"Hamilton, Brady",825131,Right,YAR_RED,"Lavey, Robbie",835215,Left,ORL_FIR,Undefined,1,Bottom,0,1,1,Sinker,Four-Seam,FoulBallNotFieldable,Undefined,Undefined,Undefined,0,0,NA,92.94247,-2.539691,-2.851445,2380.504995,225.349904,01:30:00,5.62764,0.94616,5.64913,-17.35871,15.53099,14.59473,1.80781,-0.49937,84.53315,-5.813866,-0.246457,0.412764,78.62156,28.686363,-38.742984,5801.858379,77.30851,40.34073,-78.2519,214.21116,146.43095,-52.222057,3.128263,-8.2656,8.95989,-0.71386,50,5.40117,6.04919,-134.66042,-6.5505,-15.09799,30.66787,-15.80782,ORL_FIR,YAR_RED,CCBLOrleans,Cape Cod Baseball League,CCBL,20250730-CCBLOrleans-1,2a3bced0-6d96-11f0-9893-2bfced202392,91.31726,40.72974,NA,8.40932,NA,NA,NA,1.02914,1.81517,0.42029,e90f2670-dfbc-4d51-82ba-0d5a03d444c7,2025-07-30,22:40:16,2025-07-30T22:40:16Z,2025-07-30T22:40:16Z,LineDrive,v3,6102,6104,NA,"McAndrews, Thomas",836274,Right,YAR_RED,76b14762-42de-4ee1-aabe-f128f671e653,54.84895,-135.76024,15.33394,5.62592,-5.9836,-7.90391,-0.94051,6.59063,-7.54899,NA,1.02939,78.89439,-21.62989,5.45282,-1.23494,0.2639,-0.05224,0.00653,-3.1e-4,1.81503,55.35469,-21.95956,1.97089,-0.34882,0.07197,-0.01722,0.00364,-3.4e-4,0.42032,-63.30572,2.6233,0.59901,-0.43081,0.20035,-0.06698,0.013,-0.00107,NA,NA,NA,NA,NA,NA,NA,NA,NA,NA,NA,NA,NA,NA,NA,NA,NA,NA,NA,NA,NA,NA,High,High,High,High,Medium,NA,NA,NA,NA,NA,NA,NA,NA,NA,NA,NA,NA,NA,NA,NA,NA,NA,NA,NA,NA,NA,NA,NA,NA,NA,NA,NA,NA,NA,NA,NA,NA,NA,NA,NA,NA,NA,NA,NA,NA,NA,NA,NA,NA,NA,NA,NA,NA,NA,NA,NA,NA,NA,NA,NA,NA
NA,NA,NA,NA,NA,NA,NA,NA,NA,NA,NA,NA,NA,NA,NA,NA,22,2025-07-30,18:40:38,3,4,"Hamilton, Brady",825131,Right,YAR_RED,"Lavey, Robbie",835215,Left,ORL_FIR,Undefined,1,Bottom,0,1,2,ChangeUp,Splitter,BallCalled,Undefined,Undefined,Undefined,0,0,NA,87.22603,0.543387,0.072968,838.58415,293.778309,03:45:00,5.60219,1.16505,5.77363,-41.96424,-4.28229,12.94804,2.61082,2.31195,78.32194,-7.196518,2.395165,0.441812,NA,NA,NA,NA,NA,NA,NA,NA,NA,NA,NA,-6.48922,-1.85709,-1.17856,50,5.62256,-0.73091,-126.44245,-0.34568,-10.25284,31.56186,-35.10822,ORL_FIR,YAR_RED,CCBLOrleans,Cape Cod Baseball League,CCBL,20250730-CCBLOrleans-1,37c9f630-6d96-11f0-9893-2bfced202392,85.31321,NA,NA,8.9041,NA,NA,NA,NA,NA,NA,e90f2670-dfbc-4d51-82ba-0d5a03d444c7,2025-07-30,22:40:38,2025-07-30T22:40:38Z,2025-07-30T22:40:38Z,NA,v3,6102,6104,NA,"McAndrews, Thomas",836274,Right,YAR_RED,2db3a416-16d4-4eb9-a301-bd94adb318d4,54.72132,-127.61552,15.78093,5.61116,0.9592,-17.55411,-1.15848,-0.34984,-5.12642,NA,NA,NA,NA,NA,NA,NA,NA,NA,NA,NA,NA,NA,NA,NA,NA,NA,NA,NA,NA,NA,NA,NA,NA,NA,NA,NA,NA,NA,NA,NA,NA,NA,NA,NA,NA,NA,NA,NA,NA,NA,NA,NA,NA,NA,NA,NA,NA,NA,NA,High,High,High,NA,NA,NA,NA,NA,NA,NA,NA,NA,NA,NA,NA,NA,NA,NA,NA,NA,NA,NA,NA,NA,NA,NA,NA,NA,NA,NA,NA,NA,NA,NA,NA,NA,NA,NA,NA,NA,NA,NA,NA,NA,NA,NA,NA,NA,NA,NA,NA,NA,NA,NA,NA,NA,NA,NA,NA,NA,NA
NA,NA,NA,NA,NA,NA,NA,NA,NA,NA,NA,NA,NA,NA,NA,NA,23,2025-07-30,18:40:55,3,5,"Hamilton, Brady",825131,Right,YAR_RED,"Lavey, Robbie",835215,Left,ORL_FIR,Undefined,1,Bottom,0,2,2,Sinker,Sinker,BallCalled,Undefined,Undefined,Undefined,0,0,NA,93.54597,-2.826882,-2.034347,2277.75726,241.93107,02:00:00,5.7,1.11644,5.36662,-22.38501,10.54205,17.62107,1.18017,0.67658,84.93946,-6.969786,1.099436,0.412998,NA,NA,NA,NA,NA,NA,NA,NA,NA,NA,NA,-9.50158,6.49044,-0.947,50,5.43048,3.98441,-135.4778,-7.53051,-17.49218,32.21117,-20.22529,ORL_FIR,YAR_RED,CCBLOrleans,Cape Cod Baseball League,CCBL,20250730-CCBLOrleans-1,419a7950-6d96-11f0-9893-2bfced202392,91.26543,NA,NA,8.60651,NA,NA,NA,NA,NA,NA,e90f2670-dfbc-4d51-82ba-0d5a03d444c7,2025-07-30,22:40:55,2025-07-30T22:40:55Z,2025-07-30T22:40:55Z,NA,v3,6102,6104,NA,"McAndrews, Thomas",836274,Right,YAR_RED,2814af2e-6f51-482c-9473-ae7806b1c17b,55.13142,-136.6924,16.10559,5.70006,-6.76787,-10.11264,-1.10968,4.644,-8.74609,NA,NA,NA,NA,NA,NA,NA,NA,NA,NA,NA,NA,NA,NA,NA,NA,NA,NA,NA,NA,NA,NA,NA,NA,NA,NA,NA,NA,NA,NA,NA,NA,NA,NA,NA,NA,NA,NA,NA,NA,NA,NA,NA,NA,NA,NA,NA,NA,NA,NA,High,High,High,NA,NA,NA,NA,NA,NA,NA,NA,NA,NA,NA,NA,NA,NA,NA,NA,NA,NA,NA,NA,NA,NA,NA,NA,NA,NA,NA,NA,NA,NA,NA,NA,NA,NA,NA,NA,NA,NA,NA,NA,NA,NA,NA,NA,NA,NA,NA,NA,NA,NA,NA,NA,NA,NA,NA,NA,NA,NA
NA,NA,NA,NA,NA,NA,NA,NA,NA,NA,NA,NA,NA,NA,NA,NA,24,2025-07-30,18:41:15,3,6,"Hamilton, Brady",825131,Right,YAR_RED,"Lavey, Robbie",835215,Left,ORL_FIR,Undefined,1,Bottom,0,3,2,Sinker,Four-Seam,FoulBallNotFieldable,Undefined,Undefined,Undefined,0,0,NA,93.70635,-1.928555,-1.818169,2292.015257,227.103975,01:30:00,5.66978,0.93169,5.45289,-18.53954,14.00142,13.89288,2.31784,0.38681,85.21351,-5.401272,0.655003,0.41057,72.3437,20.477017,-157.167027,2405.267228,NA,NA,NA,NA,43.66455,NA,NA,-7.55756,7.94678,-0.78126,50,5.48714,3.66624,-135.87141,-5.2297,-14.0492,31.31919,-17.40138,ORL_FIR,YAR_RED,CCBLOrleans,Cape Cod Baseball League,CCBL,20250730-CCBLOrleans-1,4db40210-6d96-11f0-9893-2bfced202392,91.80525,15.43661,NA,8.49284,NA,NA,NA,2.01572,2.30599,-0.47511,e90f2670-dfbc-4d51-82ba-0d5a03d444c7,2025-07-30,22:41:15,2025-07-30T22:41:15Z,2025-07-30T22:41:15Z,NA,v3,6102,6104,NA,"McAndrews, Thomas",836274,Right,YAR_RED,37537611-c8a8-4a5f-bb64-351ea20aabf6,55.04502,-137.02938,15.65959,5.66861,-4.58631,-8.70069,-0.92642,4.18569,-7.0246,NA,2.01117,-91.4829,7.26576,NA,NA,NA,NA,NA,NA,2.31386,36.89739,-19.63239,NA,NA,NA,NA,NA,NA,-0.47899,-38.46222,4.59866,NA,NA,NA,NA,NA,NA,NA,NA,NA,NA,NA,NA,NA,NA,NA,NA,NA,NA,NA,NA,NA,NA,NA,NA,NA,NA,NA,NA,High,High,High,High,Undefined,NA,NA,NA,NA,NA,NA,NA,NA,NA,NA,NA,NA,NA,NA,NA,NA,NA,NA,NA,NA,NA,NA,NA,NA,NA,NA,NA,NA,NA,NA,NA,NA,NA,NA,NA,NA,NA,NA,NA,NA,NA,NA,NA,NA,NA,NA,NA,NA,NA,NA,NA,NA,NA,NA,NA,NA
NA,NA,NA,NA,NA,NA,NA,NA,NA,NA,NA,NA,NA,NA,NA,NA,25,2025-07-30,18:41:36,3,7,"Hamilton, Brady",825131,Right,YAR_RED,"Lavey, Robbie",835215,Left,ORL_FIR,Undefined,1,Bottom,0,3,2,ChangeUp,Splitter,InPlay,Undefined,FlyBall,Out,1,0,NA,85.87881,0.564683,-1.225413,745.691447,276.545738,03:15:00,5.5611,1.05858,5.6333,-38.77404,0.31614,10.23174,2.85691,0.76776,76.98291,-6.602494,0.603779,0.449992,88.11421,32.130438,-19.760062,4572.840895,99.73841,62.0351,-46.39162,296.47232,274.61255,-32.28236,4.729984,-5.62181,0.37114,-0.96111,50,5.58453,2.22657,-124.43834,-0.15364,-8.60253,30.58205,-31.60615,ORL_FIR,YAR_RED,CCBLOrleans,Cape Cod Baseball League,CCBL,20250730-CCBLOrleans-1,59d245c0-6d96-11f0-9893-2bfced202392,83.76239,75.23952,NA,8.8959,NA,NA,NA,1.33589,2.86509,-0.72539,e90f2670-dfbc-4d51-82ba-0d5a03d444c7,2025-07-30,22:41:36,2025-07-30T22:41:36Z,2025-07-30T22:41:36Z,FlyBall,v3,6102,6104,NA,"McAndrews, Thomas",836274,Right,YAR_RED,56576374-ce05-43da-868e-6a56a7b83312,54.8629,-125.62777,15.29103,5.5666,1.07561,-15.80308,-1.05421,2.56115,-4.30127,146.601443,1.33964,102.91444,-25.14273,6.16706,-1.04273,0.07861,0.00403,-6.2e-4,-2e-5,2.86532,68.71989,-17.49893,0.10942,0.54341,-0.28533,0.08199,-0.01192,6.7e-4,-0.72544,-36.99942,-1.06624,1.46599,-0.57169,0.15148,-0.02803,0.00313,-1.5e-4,NA,NA,NA,NA,NA,NA,NA,NA,NA,NA,NA,NA,NA,NA,NA,NA,NA,NA,NA,NA,NA,NA,High,High,High,High,Medium,NA,NA,NA,NA,NA,NA,NA,NA,NA,NA,NA,NA,NA,NA,NA,NA,NA,NA,NA,NA,NA,NA,NA,NA,NA,NA,NA,NA,NA,NA,NA,NA,NA,NA,NA,NA,NA,NA,NA,NA,NA,NA,NA,NA,NA,NA,NA,NA,NA,NA,NA,NA,NA,NA,NA,NA
NA,NA,NA,NA,NA,NA,NA,NA,NA,NA,NA,NA,NA,NA,NA,NA,26,2025-07-30,18:42:18,4,1,"Hamilton, Brady",825131,Right,YAR_RED,"Ickes, Elijah",815314,Right,ORL_FIR,Undefined,1,Bottom,1,0,0,Curveball,Curveball,StrikeCalled,Undefined,Undefined,Undefined,0,0,NA,80.81453,0.279378,0.296177,2508.152645,56.677241,08:00:00,5.60604,1.12598,4.90286,-52.76125,-7.61296,-14.07308,1.47349,0.23333,73.20106,-9.24313,-2.190925,0.483606,NA,NA,NA,NA,NA,NA,NA,NA,NA,NA,NA,7.02571,-3.34866,-1.14257,50,5.58918,0.00798,-117.07725,-1.44349,9.56582,26.0307,-36.73341,ORL_FIR,YAR_RED,CCBLOrleans,Cape Cod Baseball League,CCBL,20250730-CCBLOrleans-1,73078500-6d96-11f0-9893-2bfced202392,77.94034,NA,NA,7.61347,NA,NA,NA,NA,NA,NA,e90f2670-dfbc-4d51-82ba-0d5a03d444c7,2025-07-30,22:42:18,2025-07-30T22:42:18Z,2025-07-30T22:42:18Z,NA,v3,6102,6104,NA,"McAndrews, Thomas",836274,Right,YAR_RED,3813d801-9843-4e8d-9fee-45ce1fdaaa6d,55.59521,-118.31474,13.01535,5.61629,0.3028,-18.3667,-1.13214,-0.44678,4.78291,NA,NA,NA,NA,NA,NA,NA,NA,NA,NA,NA,NA,NA,NA,NA,NA,NA,NA,NA,NA,NA,NA,NA,NA,NA,NA,NA,NA,NA,NA,NA,NA,NA,NA,NA,NA,NA,NA,NA,NA,NA,NA,NA,NA,NA,NA,NA,NA,NA,NA,High,High,High,NA,NA,NA,NA,NA,NA,NA,NA,NA,NA,NA,NA,NA,NA,NA,NA,NA,NA,NA,NA,NA,NA,NA,NA,NA,NA,NA,NA,NA,NA,NA,NA,NA,NA,NA,NA,NA,NA,NA,NA,NA,NA,NA,NA,NA,NA,NA,NA,NA,NA,NA,NA,NA,NA,NA,NA,NA,NA
NA,NA,NA,NA,NA,NA,NA,NA,NA,NA,NA,NA,NA,NA,NA,NA,27,2025-07-30,18:42:36,4,2,"Hamilton, Brady",825131,Right,YAR_RED,"Ickes, Elijah",815314,Right,ORL_FIR,Undefined,1,Bottom,1,0,1,Sinker,Sinker,FoulBallNotFieldable,Undefined,Undefined,Undefined,0,0,NA,91.36616,-1.750122,-1.414957,2279.734456,235.046405,01:45:00,5.78978,0.95761,5.44596,-22.21202,12.24351,15.76316,2.29922,0.94618,82.62655,-5.894558,1.392245,0.422475,95.77945,-16.68271,-85.844485,NA,NA,NA,NA,9.18643,9.18643,-65.272253,0.060968,-8.43489,7.07323,-0.84407,50,5.6202,2.55615,-132.42754,-4.83404,-14.78236,31.74064,-19.77804,ORL_FIR,YAR_RED,CCBLOrleans,Cape Cod Baseball League,CCBL,20250730-CCBLOrleans-1,7db3e930-6d96-11f0-9893-2bfced202392,89.21818,2.46302,NA,8.73961,NA,NA,NA,3.24719,2.46302,-0.14703,e90f2670-dfbc-4d51-82ba-0d5a03d444c7,2025-07-30,22:42:36,2025-07-30T22:42:36Z,2025-07-30T22:42:36Z,GroundBall,v3,6102,6104,NA,"McAndrews, Thomas",836274,Right,YAR_RED,0d158d48-0faf-4106-8ce5-1a248c63d337,55.05169,-133.63287,15.87032,5.78951,-4.08299,-9.88902,-0.95179,3.1175,-7.39118,NA,3.24702,9.76839,NA,NA,NA,NA,NA,NA,NA,2.46372,-40.3987,NA,NA,NA,NA,NA,NA,NA,-0.14468,-134.44926,NA,NA,NA,NA,NA,NA,NA,NA,NA,NA,NA,NA,NA,NA,NA,NA,NA,NA,NA,NA,NA,NA,NA,NA,NA,NA,NA,NA,NA,High,High,High,Low,Low,NA,NA,NA,NA,NA,NA,NA,NA,NA,NA,NA,NA,NA,NA,NA,NA,NA,NA,NA,NA,NA,NA,NA,NA,NA,NA,NA,NA,NA,NA,NA,NA,NA,NA,NA,NA,NA,NA,NA,NA,NA,NA,NA,NA,NA,NA,NA,NA,NA,NA,NA,NA,NA,NA,NA,NA
NA,NA,NA,NA,NA,NA,NA,NA,NA,NA,NA,NA,NA,NA,NA,NA,28,2025-07-30,18:43:02,4,3,"Hamilton, Brady",825131,Right,YAR_RED,"Ickes, Elijah",815314,Right,ORL_FIR,Undefined,1,Bottom,1,0,2,Sinker,Sinker,BallCalled,Undefined,Undefined,Undefined,0,0,NA,92.23734,0.0803,-3.383475,2286.15336,229.606012,01:45:00,5.64578,0.95785,5.57476,-19.7047,13.96087,15.01166,4.07885,-0.95503,83.16303,-3.637746,-0.711161,0.417604,NA,NA,NA,NA,NA,NA,NA,NA,NA,NA,NA,-8.54378,7.3591,-0.676,50,5.64007,7.18584,-133.5535,-0.47479,-15.26818,31.59966,-19.02294,ORL_FIR,YAR_RED,CCBLOrleans,Cape Cod Baseball League,CCBL,20250730-CCBLOrleans-1,8cf65040-6d96-11f0-9893-2bfced202392,90.25884,NA,NA,9.07431,NA,NA,NA,NA,NA,NA,e90f2670-dfbc-4d51-82ba-0d5a03d444c7,2025-07-30,22:43:02,2025-07-30T22:43:02Z,2025-07-30T22:43:02Z,NA,v3,6102,6104,NA,"McAndrews, Thomas",836274,Right,YAR_RED,40b22e80-67f5-4282-afa7-6c948f785a73,54.91986,-134.71254,15.79983,5.64469,0.22295,-9.51147,-0.94984,7.74586,-7.63409,NA,NA,NA,NA,NA,NA,NA,NA,NA,NA,NA,NA,NA,NA,NA,NA,NA,NA,NA,NA,NA,NA,NA,NA,NA,NA,NA,NA,NA,NA,NA,NA,NA,NA,NA,NA,NA,NA,NA,NA,NA,NA,NA,NA,NA,NA,NA,NA,NA,NA,High,High,High,NA,NA,NA,NA,NA,NA,NA,NA,NA,NA,NA,NA,NA,NA,NA,NA,NA,NA,NA,NA,NA,NA,NA,NA,NA,NA,NA,NA,NA,NA,NA,NA,NA,NA,NA,NA,NA,NA,NA,NA,NA,NA,NA,NA,NA,NA,NA,NA,NA,NA,NA,NA,NA,NA,NA,NA,NA,NA
NA,NA,NA,NA,NA,NA,NA,NA,NA,NA,NA,NA,NA,NA,NA,NA,29,2025-07-30,18:43:21,4,4,"Hamilton, Brady",825131,Right,YAR_RED,"Ickes, Elijah",815314,Right,ORL_FIR,Undefined,1,Bottom,1,1,2,Curveball,Slider,FoulBallNotFieldable,Undefined,Undefined,Undefined,0,0,NA,81.3846,-0.85185,-1.173029,2479.196941,64.831061,08:15:00,5.61527,1.00986,4.87674,-47.53593,-3.78138,-10.87048,0.8477,-1.00608,75.19867,-9.376324,-3.092047,0.476083,NA,NA,NA,NA,NA,NA,NA,NA,NA,NA,NA,5.09693,-1.31799,-0.88479,50,5.49084,2.87629,-118.12167,-3.55328,7.20409,22.41646,-34.03693,ORL_FIR,YAR_RED,CCBLOrleans,Cape Cod Baseball League,CCBL,20250730-CCBLOrleans-1,989f8b00-6d96-11f0-9893-2bfced202392,79.17193,NA,NA,6.18593,NA,NA,NA,NA,NA,NA,e90f2670-dfbc-4d51-82ba-0d5a03d444c7,2025-07-30,22:43:21,2025-07-30T22:43:21Z,2025-07-30T22:43:21Z,NA,v3,6102,6104,NA,"McAndrews, Thomas",836274,Right,YAR_RED,29c514dd-9ddc-4aa3-9f60-85e52cf5e930,55.62424,-119.18423,11.20823,5.62103,-1.9399,-17.01847,-1.01303,2.53481,3.60205,NA,NA,NA,NA,NA,NA,NA,NA,NA,NA,NA,NA,NA,NA,NA,NA,NA,NA,NA,NA,NA,NA,NA,NA,NA,NA,NA,NA,NA,NA,NA,NA,NA,NA,NA,NA,NA,NA,NA,NA,NA,NA,NA,NA,NA,NA,NA,NA,NA,NA,High,High,High,NA,NA,NA,NA,NA,NA,NA,NA,NA,NA,NA,NA,NA,NA,NA,NA,NA,NA,NA,NA,NA,NA,NA,NA,NA,NA,NA,NA,NA,NA,NA,NA,NA,NA,NA,NA,NA,NA,NA,NA,NA,NA,NA,NA,NA,NA,NA,NA,NA,NA,NA,NA,NA,NA,NA,NA,NA,NA
NA,NA,NA,NA,NA,NA,NA,NA,NA,NA,NA,NA,NA,NA,NA,NA,30,2025-07-30,18:43:45,4,5,"Hamilton, Brady",825131,Right,YAR_RED,"Ickes, Elijah",815314,Right,ORL_FIR,Undefined,1,Bottom,1,1,2,Sinker,Four-Seam,InPlay,Undefined,GroundBall,FieldersChoice,1,0,NA,92.42984,-1.110416,-1.917777,2254.639248,224.679915,01:30:00,5.64107,0.9217,5.44964,-19.30832,14.46477,13.080870000000001,2.99178,0.21571,83.15532,-4.752057,0.41007,0.41827,74.17426,-22.081515,-34.725106,NA,NA,NA,NA,9.68811,8.61604,-28.820303,0.073064,-7.23989,8.00205,-0.76185,50,5.53023,3.87897,-133.90902,-3.25904,-12.93146,33.31754,-17.88125,ORL_FIR,YAR_RED,CCBLOrleans,Cape Cod Baseball League,CCBL,20250730-CCBLOrleans-1,a7222480-6d96-11f0-9893-2bfced202392,90.11506,2.99942,NA,9.27452,NA,NA,NA,2.4114,2.99942,-0.45864,e90f2670-dfbc-4d51-82ba-0d5a03d444c7,2025-07-30,22:43:45,2025-07-30T22:43:45Z,2025-07-30T22:43:45Z,GroundBall,v3,6102,6104,NA,"McAndrews, Thomas",836274,Right,YAR_RED,5a0ad110-0c62-4bbf-8328-189ad8370122,55.04697,-135.15891,16.65877,5.63991,-2.58823,-8.94062,-0.91647,4.36408,-6.46573,180,2.4077,83.16908,NA,NA,NA,NA,NA,NA,NA,3.00125,-41.05175,NA,NA,NA,NA,NA,NA,NA,-0.45608,-57.64293,NA,NA,NA,NA,NA,NA,NA,NA,NA,NA,NA,NA,NA,NA,NA,NA,NA,NA,NA,NA,NA,NA,NA,NA,NA,NA,NA,NA,NA,High,High,High,Low,Medium,NA,NA,NA,NA,NA,NA,NA,NA,NA,NA,NA,NA,NA,NA,NA,NA,NA,NA,NA,NA,NA,NA,NA,NA,NA,NA,NA,NA,NA,NA,NA,NA,NA,NA,NA,NA,NA,NA,NA,NA,NA,NA,NA,NA,NA,NA,NA,NA,NA,NA,NA,NA,NA,NA,NA,NA
NA,NA,NA,NA,NA,NA,NA,NA,NA,NA,NA,NA,NA,NA,NA,NA,31,2025-07-30,18:44:26,5,1,"Hamilton, Brady",825131,Right,YAR_RED,"Potestio, Anthony",835219,Left,ORL_FIR,Undefined,1,Bottom,2,0,0,Slider,Curveball,BallCalled,Undefined,Undefined,Undefined,0,0,NA,81.21717,-1.022265,-1.841798,2469.116754,27.972772,07:00:00,5.58473,1.13319,4.87749,-49.03853,-4.75571,-3.29508,0.53035,-0.88466,74.54799,-9.825085,-2.423568,0.478949,NA,NA,NA,NA,NA,NA,NA,NA,NA,NA,NA,1.10327,-1.78551,-0.94919,50,5.44213,3.92319,-117.7459,-3.93914,1.53721,23.92767,-34.66183,ORL_FIR,YAR_RED,CCBLOrleans,Cape Cod Baseball League,CCBL,20250730-CCBLOrleans-1,bf55f950-6d96-11f0-9893-2bfced202392,78.69829,NA,NA,6.66919,NA,NA,NA,NA,NA,NA,e90f2670-dfbc-4d51-82ba-0d5a03d444c7,2025-07-30,22:44:26,2025-07-30T22:44:26Z,2025-07-30T22:44:26Z,NA,v3,6102,6104,NA,"McAndrews, Thomas",836274,Right,YAR_RED,f8ba05cd-39b7-4559-8975-9e3a74ae2a74,55.62333,-118.88315,11.96384,5.5902,-2.29171,-17.33092,-1.13392,3.85012,0.76861,NA,NA,NA,NA,NA,NA,NA,NA,NA,NA,NA,NA,NA,NA,NA,NA,NA,NA,NA,NA,NA,NA,NA,NA,NA,NA,NA,NA,NA,NA,NA,NA,NA,NA,NA,NA,NA,NA,NA,NA,NA,NA,NA,NA,NA,NA,NA,NA,NA,NA,High,High,High,NA,NA,NA,NA,NA,NA,NA,NA,NA,NA,NA,NA,NA,NA,NA,NA,NA,NA,NA,NA,NA,NA,NA,NA,NA,NA,NA,NA,NA,NA,NA,NA,NA,NA,NA,NA,NA,NA,NA,NA,NA,NA,NA,NA,NA,NA,NA,NA,NA,NA,NA,NA,NA,NA,NA,NA,NA,NA
NA,NA,NA,NA,NA,NA,NA,NA,NA,NA,NA,NA,NA,NA,NA,NA,32,2025-07-30,18:44:48,5,2,"Hamilton, Brady",825131,Right,YAR_RED,"Potestio, Anthony",835219,Left,ORL_FIR,Undefined,1,Bottom,2,1,0,Slider,Curveball,StrikeCalled,Undefined,Undefined,Undefined,0,0,NA,79.55572,1.560446,0.11012,2520.708732,52.965975,07:45:00,5.48971,1.08381,4.86026,-51.79113,-5.84685,-9.66792,2.65108,0.38238,72.91882,-7.77485,-1.594327,0.487851,NA,NA,NA,NA,NA,NA,NA,NA,NA,NA,NA,4.78843,-2.87764,-1.086,50,5.59921,0.19071,-115.41141,1.19424,6.44583,21.87211,-36.04772,ORL_FIR,YAR_RED,CCBLOrleans,Cape Cod Baseball League,CCBL,20250730-CCBLOrleans-1,cc942bf0-6d96-11f0-9893-2bfced202392,77.26222,NA,NA,6.6369,NA,NA,NA,NA,NA,NA,e90f2670-dfbc-4d51-82ba-0d5a03d444c7,2025-07-30,22:44:48,2025-07-30T22:44:48Z,2025-07-30T22:44:48Z,NA,v3,6102,6104,NA,"McAndrews, Thomas",836274,Right,YAR_RED,83dfbae6-0fdb-4c75-8a6a-fe6c243b6e8c,55.63944,-116.47526,10.93605,5.49848,2.94759,-18.02386,-1.08766,-0.12281,3.22292,NA,NA,NA,NA,NA,NA,NA,NA,NA,NA,NA,NA,NA,NA,NA,NA,NA,NA,NA,NA,NA,NA,NA,NA,NA,NA,NA,NA,NA,NA,NA,NA,NA,NA,NA,NA,NA,NA,NA,NA,NA,NA,NA,NA,NA,NA,NA,NA,NA,NA,High,High,High,NA,NA,NA,NA,NA,NA,NA,NA,NA,NA,NA,NA,NA,NA,NA,NA,NA,NA,NA,NA,NA,NA,NA,NA,NA,NA,NA,NA,NA,NA,NA,NA,NA,NA,NA,NA,NA,NA,NA,NA,NA,NA,NA,NA,NA,NA,NA,NA,NA,NA,NA,NA,NA,NA,NA,NA,NA,NA
NA,NA,NA,NA,NA,NA,NA,NA,NA,NA,NA,NA,NA,NA,NA,NA,33,2025-07-30,18:45:07,5,3,"Hamilton, Brady",825131,Right,YAR_RED,"Potestio, Anthony",835219,Left,ORL_FIR,Undefined,1,Bottom,2,1,1,Sinker,Sinker,InPlay,Undefined,GroundBall,Out,1,0,NA,92.84919,-1.507324,-2.506173,2297.682709,241.049432,02:00:00,5.5224,0.95951,5.49663,-22.65852,10.71485,17.19182,2.22261,0.04648,83.77749,-5.735521,0.55607,0.415788,71.74297,-29.543995,32.963891,NA,NA,NA,NA,5.48236,3.06418,22.729307,0.044316,-9.4878,6.2302,-0.75234,50,5.37548,5.08941,-134.49655,-4.36168,-17.13245,33.03392,-20.92399,ORL_FIR,YAR_RED,CCBLOrleans,Cape Cod Baseball League,CCBL,20250730-CCBLOrleans-1,d7fc17f0-6d96-11f0-9893-2bfced202392,90.6531,2.30665,NA,9.0717,NA,NA,NA,1.64208,2.30665,-0.0961,e90f2670-dfbc-4d51-82ba-0d5a03d444c7,2025-07-30,22:45:07,2025-07-30T22:45:07Z,2025-07-30T22:45:07Z,GroundBall,v3,6102,6104,NA,"McAndrews, Thomas",836274,Right,YAR_RED,588407d5-42e9-4faa-a727-4b72606d1694,55.0005,-135.71917,16.51696,5.52258,-3.58725,-10.462,-0.95244,5.72351,-8.56623,NA,1.64034,77.04887,NA,NA,NA,NA,NA,NA,NA,2.30782,-52.04956,NA,NA,NA,NA,NA,NA,NA,-0.09723,49.96711,NA,NA,NA,NA,NA,NA,NA,NA,NA,NA,NA,NA,NA,NA,NA,NA,NA,NA,NA,NA,NA,NA,NA,NA,NA,NA,NA,NA,NA,High,High,High,Low,Low,NA,NA,NA,NA,NA,NA,NA,NA,NA,NA,NA,NA,NA,NA,NA,NA,NA,NA,NA,NA,NA,NA,NA,NA,NA,NA,NA,NA,NA,NA,NA,NA,NA,NA,NA,NA,NA,NA,NA,NA,NA,NA,NA,NA,NA,NA,NA,NA,NA,NA,NA,NA,NA,NA,NA,NA
NA,NA,NA,NA,NA,NA,NA,NA,NA,NA,NA,NA,NA,NA,NA,NA,34,2025-07-30,18:47:33,1,1,"Bean, Jake",814820,Right,ORL_FIR,"Baker, Will",815345,Left,YAR_RED,Undefined,2,Top,0,0,0,ChangeUp,Changeup,StrikeCalled,Undefined,Undefined,Undefined,0,0,NA,81.30383,-0.351851,-3.147518,1545.36589,261.922481,02:45:00,5.21085,1.78032,5.91926,-38.91408,3.3789,14.35217,1.641,0.05252,74.57274,-7.532292,-0.571143,0.468064,NA,NA,NA,NA,NA,NA,NA,NA,NA,NA,NA,-8.25201,2.23059,-1.53631,50,5.1605,5.94136,-117.99865,-1.97052,-11.62281,22.66655,-29.03231,ORL_FIR,YAR_RED,CCBLOrleans,Cape Cod Baseball League,CCBL,20250730-CCBLOrleans-1,2eab4170-6d97-11f0-9893-2bfced202392,80.52835,NA,NA,6.73109,NA,NA,NA,NA,NA,NA,e90f2670-dfbc-4d51-82ba-0d5a03d444c7,2025-07-30,22:47:33,2025-07-30T22:47:33Z,2025-07-30T22:47:33Z,NA,v3,6102,6104,NA,"Lavey, Robbie",835215,Right,ORL_FIR,4d65f54d-d671-438e-a4de-672cddd1e205,54.57991,-118.87516,11.33327,5.21499,-0.84785,-14.51616,-1.77475,6.39081,-5.8114,NA,NA,NA,NA,NA,NA,NA,NA,NA,NA,NA,NA,NA,NA,NA,NA,NA,NA,NA,NA,NA,NA,NA,NA,NA,NA,NA,NA,NA,NA,NA,NA,NA,NA,NA,NA,NA,NA,NA,NA,NA,NA,NA,NA,NA,NA,NA,NA,NA,NA,High,High,High,NA,NA,NA,NA,NA,NA,NA,NA,NA,NA,NA,NA,NA,NA,NA,NA,NA,NA,NA,NA,NA,NA,NA,NA,NA,NA,NA,NA,NA,NA,NA,NA,NA,NA,NA,NA,NA,NA,NA,NA,NA,NA,NA,NA,NA,NA,NA,NA,NA,NA,NA,NA,NA,NA,NA,NA,NA,NA
NA,NA,NA,NA,NA,NA,NA,NA,NA,NA,NA,NA,NA,NA,NA,NA,35,2025-07-30,18:47:45,1,2,"Bean, Jake",814820,Right,ORL_FIR,"Baker, Will",815345,Left,YAR_RED,Undefined,2,Top,0,0,1,Fastball,Four-Seam,BallCalled,Undefined,Undefined,Undefined,0,0,NA,92.89549,-3.505768,-2.300601,2263.49046,216.061653,01:15:00,5.46417,1.49463,6.06721,-16.02339,16.67446,11.27438,0.87795,0.30403,83.92608,-6.571202,-0.271268,0.411558,NA,NA,NA,NA,NA,NA,NA,NA,NA,NA,NA,-6.55437,10.06308,-1.32229,50,5.18357,4.91718,-134.49822,-8.70966,-11.83643,33.01993,-14.00133,ORL_FIR,YAR_RED,CCBLOrleans,Cape Cod Baseball League,CCBL,20250730-CCBLOrleans-1,36418c00-6d97-11f0-9893-2bfced202392,91.58476,NA,NA,8.96941,NA,NA,NA,NA,NA,NA,e90f2670-dfbc-4d51-82ba-0d5a03d444c7,2025-07-30,22:47:45,2025-07-30T22:47:45Z,2025-07-30T22:47:45Z,NA,v3,6102,6104,NA,"Lavey, Robbie",835215,Right,ORL_FIR,5f87cd5f-f441-4e08-b435-7a0edf924c25,54.42946,-135.58132,16.50996,5.46173,-8.2504,-7.00066,-1.48995,5.30542,-5.91822,NA,NA,NA,NA,NA,NA,NA,NA,NA,NA,NA,NA,NA,NA,NA,NA,NA,NA,NA,NA,NA,NA,NA,NA,NA,NA,NA,NA,NA,NA,NA,NA,NA,NA,NA,NA,NA,NA,NA,NA,NA,NA,NA,NA,NA,NA,NA,NA,NA,NA,High,High,High,NA,NA,NA,NA,NA,NA,NA,NA,NA,NA,NA,NA,NA,NA,NA,NA,NA,NA,NA,NA,NA,NA,NA,NA,NA,NA,NA,NA,NA,NA,NA,NA,NA,NA,NA,NA,NA,NA,NA,NA,NA,NA,NA,NA,NA,NA,NA,NA,NA,NA,NA,NA,NA,NA,NA,NA,NA,NA
NA,NA,NA,NA,NA,NA,NA,NA,NA,NA,NA,NA,NA,NA,NA,NA,36,2025-07-30,18:48:03,1,3,"Bean, Jake",814820,Right,ORL_FIR,"Baker, Will",815345,Left,YAR_RED,Undefined,2,Top,0,1,1,Other,Four-Seam,BallCalled,Undefined,Undefined,Undefined,0,0,NA,88.25726,-0.500045,-3.448217,2169.977939,213.756925,01:15:00,5.33815,1.50215,6.24137,-23.02966,12.7228,7.68654,2.95694,-1.04168,80.01101,-4.860482,-2.063119,0.430353,NA,NA,NA,NA,NA,NA,NA,NA,NA,NA,NA,-5.02701,7.11012,-1.24881,50,5.28951,7.40077,-127.96815,-1.80278,-8.26214,28.58955,-20.48823,ORL_FIR,YAR_RED,CCBLOrleans,Cape Cod Baseball League,CCBL,20250730-CCBLOrleans-1,407b0a20-6d97-11f0-9893-2bfced202392,87.58499,NA,NA,8.24625,NA,NA,NA,NA,NA,NA,e90f2670-dfbc-4d51-82ba-0d5a03d444c7,2025-07-30,22:48:03,2025-07-30T22:48:03Z,2025-07-30T22:48:03Z,NA,v3,6102,6104,NA,"Lavey, Robbie",835215,Right,ORL_FIR,183b4a42-dfc0-42da-8215-c9d91062c36f,54.25499,-128.91526,14.29477,5.338,-1.12405,-10.24412,-1.49851,7.67448,-4.13107,NA,NA,NA,NA,NA,NA,NA,NA,NA,NA,NA,NA,NA,NA,NA,NA,NA,NA,NA,NA,NA,NA,NA,NA,NA,NA,NA,NA,NA,NA,NA,NA,NA,NA,NA,NA,NA,NA,NA,NA,NA,NA,NA,NA,NA,NA,NA,NA,NA,NA,High,High,High,NA,NA,NA,NA,NA,NA,NA,NA,NA,NA,NA,NA,NA,NA,NA,NA,NA,NA,NA,NA,NA,NA,NA,NA,NA,NA,NA,NA,NA,NA,NA,NA,NA,NA,NA,NA,NA,NA,NA,NA,NA,NA,NA,NA,NA,NA,NA,NA,NA,NA,NA,NA,NA,NA,NA,NA,NA,NA
NA,NA,NA,NA,NA,NA,NA,NA,NA,NA,NA,NA,NA,NA,NA,NA,37,2025-07-30,18:48:22,1,4,"Bean, Jake",814820,Right,ORL_FIR,"Baker, Will",815345,Left,YAR_RED,Undefined,2,Top,0,2,1,ChangeUp,Changeup,BallCalled,Undefined,Undefined,Undefined,0,0,NA,81.95382,0.683702,-1.429191,1460.664326,279.617836,03:15:00,5.18094,1.73088,5.85318,-42.979,-0.68213,13.02843,2.23485,1.48838,74.03437,-7.2644,0.910044,0.468086,NA,NA,NA,NA,NA,NA,NA,NA,NA,NA,NA,-7.07307,-0.07016,-1.62219,50,5.21192,2.43999,-118.86103,-0.01779,-9.94484,26.43535,-32.27268,ORL_FIR,YAR_RED,CCBLOrleans,Cape Cod Baseball League,CCBL,20250730-CCBLOrleans-1,4c1ec6a0-6d97-11f0-9893-2bfced202392,80.5246,NA,NA,7.91945,NA,NA,NA,NA,NA,NA,e90f2670-dfbc-4d51-82ba-0d5a03d444c7,2025-07-30,22:48:22,2025-07-30T22:48:22Z,2025-07-30T22:48:22Z,NA,v3,6102,6104,NA,"Lavey, Robbie",835215,Right,ORL_FIR,3cd22d34-a52f-42be-a486-a1767cbe1126,54.64301,-119.88922,13.21767,5.18821,1.23744,-16.13634,-1.72461,2.82679,-4.97242,NA,NA,NA,NA,NA,NA,NA,NA,NA,NA,NA,NA,NA,NA,NA,NA,NA,NA,NA,NA,NA,NA,NA,NA,NA,NA,NA,NA,NA,NA,NA,NA,NA,NA,NA,NA,NA,NA,NA,NA,NA,NA,NA,NA,NA,NA,NA,NA,NA,NA,High,High,High,NA,NA,NA,NA,NA,NA,NA,NA,NA,NA,NA,NA,NA,NA,NA,NA,NA,NA,NA,NA,NA,NA,NA,NA,NA,NA,NA,NA,NA,NA,NA,NA,NA,NA,NA,NA,NA,NA,NA,NA,NA,NA,NA,NA,NA,NA,NA,NA,NA,NA,NA,NA,NA,NA,NA,NA,NA,NA
NA,NA,NA,NA,NA,NA,NA,NA,NA,NA,NA,NA,NA,NA,NA,NA,38,2025-07-30,18:48:39,1,5,"Bean, Jake",814820,Right,ORL_FIR,"Baker, Will",815345,Left,YAR_RED,Undefined,2,Top,0,3,1,Fastball,Four-Seam,BallCalled,Walk,Undefined,Undefined,0,0,NA,92.00072,-2.822853,-3.509944,2355.191098,209.806218,01:00:00,5.31808,1.48514,6.2661,-13.82694,19.30883,10.36276,1.55634,-0.8913,82.90937,-5.51831,-1.641817,0.414305,NA,NA,NA,NA,NA,NA,NA,NA,NA,NA,NA,-6.55571,11.31867,-1.23015,50,5.10194,7.74465,-133.19687,-6.92699,-11.59352,32.7759,-12.15745,ORL_FIR,YAR_RED,CCBLOrleans,Cape Cod Baseball League,CCBL,20250730-CCBLOrleans-1,565585a0-6d97-11f0-9893-2bfced202392,90.97756,NA,NA,9.09135,NA,NA,NA,NA,NA,NA,e90f2670-dfbc-4d51-82ba-0d5a03d444c7,2025-07-30,22:48:39,2025-07-30T22:48:39Z,2025-07-30T22:48:39Z,NA,v3,6102,6104,NA,"Lavey, Robbie",835215,Right,ORL_FIR,1447c450-14f5-4920-a2c1-25044f3dabe9,54.23139,-134.23405,16.38795,5.31506,-6.54227,-6.07872,-1.48103,8.11152,-5.79676,NA,NA,NA,NA,NA,NA,NA,NA,NA,NA,NA,NA,NA,NA,NA,NA,NA,NA,NA,NA,NA,NA,NA,NA,NA,NA,NA,NA,NA,NA,NA,NA,NA,NA,NA,NA,NA,NA,NA,NA,NA,NA,NA,NA,NA,NA,NA,NA,NA,NA,High,High,High,NA,NA,NA,NA,NA,NA,NA,NA,NA,NA,NA,NA,NA,NA,NA,NA,NA,NA,NA,NA,NA,NA,NA,NA,NA,NA,NA,NA,NA,NA,NA,NA,NA,NA,NA,NA,NA,NA,NA,NA,NA,NA,NA,NA,NA,NA,NA,NA,NA,NA,NA,NA,NA,NA,NA,NA,NA,NA
NA,NA,NA,NA,NA,NA,NA,NA,NA,NA,NA,NA,NA,NA,NA,NA,39,2025-07-30,18:49:14,2,1,"Bean, Jake",814820,Right,ORL_FIR,"Tharnish, Jayce",814421,Right,YAR_RED,Undefined,2,Top,0,0,0,Fastball,Four-Seam,FoulBallNotFieldable,Undefined,Undefined,Undefined,0,0,NA,90.21491,-0.920946,-1.804659,2220.658468,218.381356,01:15:00,5.49046,1.67613,6.02986,-18.89438,15.58442,11.393980000000001,3.06259,0.95386,81.61975,-4.521784,0.24504,0.422618,NA,NA,NA,NA,NA,NA,NA,NA,NA,NA,NA,-6.44504,8.66237,-1.54133,50,5.40834,3.6478,-130.91673,-2.66872,-11.06061,30.51991,-17.30827,ORL_FIR,YAR_RED,CCBLOrleans,Cape Cod Baseball League,CCBL,20250730-CCBLOrleans-1,6b410d40-6d97-11f0-9893-2bfced202392,89.18806,NA,NA,8.59516,NA,NA,NA,NA,NA,NA,e90f2670-dfbc-4d51-82ba-0d5a03d444c7,2025-07-30,22:49:14,2025-07-30T22:49:14Z,2025-07-30T22:49:14Z,NA,v3,6102,6104,NA,"Lavey, Robbie",835215,Right,ORL_FIR,6e0a1466-aae4-45b8-8935-3259c901bba1,54.46735,-131.95407,15.25995,5.48905,-2.08043,-8.65414,-1.6717,4.02374,-5.53031,NA,NA,NA,NA,NA,NA,NA,NA,NA,NA,NA,NA,NA,NA,NA,NA,NA,NA,NA,NA,NA,NA,NA,NA,NA,NA,NA,NA,NA,NA,NA,NA,NA,NA,NA,NA,NA,NA,NA,NA,NA,NA,NA,NA,NA,NA,NA,NA,NA,NA,High,High,High,NA,NA,NA,NA,NA,NA,NA,NA,NA,NA,NA,NA,NA,NA,NA,NA,NA,NA,NA,NA,NA,NA,NA,NA,NA,NA,NA,NA,NA,NA,NA,NA,NA,NA,NA,NA,NA,NA,NA,NA,NA,NA,NA,NA,NA,NA,NA,NA,NA,NA,NA,NA,NA,NA,NA,NA,NA,NA
NA,NA,NA,NA,NA,NA,NA,NA,NA,NA,NA,NA,NA,NA,NA,NA,40,2025-07-30,18:49:42,2,2,"Bean, Jake",814820,Right,ORL_FIR,"Tharnish, Jayce",814421,Right,YAR_RED,Undefined,2,Top,0,0,1,Cutter,Sinker,FoulBallNotFieldable,Undefined,Undefined,Undefined,0,0,NA,88.32893,-1.910902,-3.09219,2167.668863,226.457256,01:30:00,5.4909,1.39185,6.08235,-23.73879,11.70556,11.1852,1.74157,-0.53955,81.27849,-6.345246,-1.079829,0.428494,70.73302,20.133324000000002,63.782565,5380.712439,37.89671,20.53397,103.26541,180.64121,87.52588,74.677651,2.373709,-6.60504,6.87504,-1.15883,50,5.33042,6.47829,-128.21328,-5.03154,-11.05178,25.22267,-20.67052,ORL_FIR,YAR_RED,CCBLOrleans,Cape Cod Baseball League,CCBL,20250730-CCBLOrleans-1,7bce6ae0-6d97-11f0-9893-2bfced202392,87.96491,21.01776,NA,7.05044,NA,NA,NA,0.84061,1.68568,0.49328,e90f2670-dfbc-4d51-82ba-0d5a03d444c7,2025-07-30,22:49:42,2025-07-30T22:49:42Z,2025-07-30T22:49:42Z,LineDrive,v3,6102,6104,NA,"Lavey, Robbie",835215,Right,ORL_FIR,1ccc90b1-ddc5-446d-b138-eed5b3da184b,54.41674,-129.07924,12.61134,5.49098,-4.32187,-10.33526,-1.38775,6.85772,-5.52589,NA,0.84062,43.03026,-13.94475,2.61911,-0.53985,0.10428,-0.01862,0.00255,-1.8e-4,1.68568,35.70842,-17.89582,1.5554,-0.31489,0.06637,-0.01068,0.00139,-1e-4,0.49328,87.38198,-8.35033,1.50182,-0.30716,0.05826,-0.0105,0.00143,-1e-4,NA,NA,NA,NA,NA,NA,NA,NA,NA,NA,NA,NA,NA,NA,NA,NA,NA,NA,NA,NA,NA,NA,High,High,High,High,Medium,NA,NA,NA,NA,NA,NA,NA,NA,NA,NA,NA,NA,NA,NA,NA,NA,NA,NA,NA,NA,NA,NA,NA,NA,NA,NA,NA,NA,NA,NA,NA,NA,NA,NA,NA,NA,NA,NA,NA,NA,NA,NA,NA,NA,NA,NA,NA,NA,NA,NA,NA,NA,NA,NA,NA,NA
NA,NA,NA,NA,NA,NA,NA,NA,NA,NA,NA,NA,NA,NA,NA,NA,41,2025-07-30,18:50:07,2,3,"Bean, Jake",814820,Right,ORL_FIR,"Tharnish, Jayce",814421,Right,YAR_RED,Undefined,2,Top,0,0,2,Curveball,Curveball,BallCalled,Undefined,Undefined,Undefined,0,0,NA,82.26362,0.550006,-2.848882,2432.046775,44.184902,07:30:00,5.43326,1.7326,5.82195,-52.46444,-10.90406,-11.84142,1.57321,-1.90495,75.73382,-9.008007,-4.970345,0.463993,NA,NA,NA,NA,NA,NA,NA,NA,NA,NA,NA,5.21595,-5.33189,-1.49252,50,5.44736,6.40699,-119.43404,-0.66345,7.49625,24.08,-39.83696,ORL_FIR,YAR_RED,CCBLOrleans,Cape Cod Baseball League,CCBL,20250730-CCBLOrleans-1,8a62b7a0-6d97-11f0-9893-2bfced202392,81.23501,NA,NA,6.5298,NA,NA,NA,NA,NA,NA,e90f2670-dfbc-4d51-82ba-0d5a03d444c7,2025-07-30,22:50:07,2025-07-30T22:50:07Z,2025-07-30T22:50:07Z,NA,v3,6102,6104,NA,"Lavey, Robbie",835215,Right,ORL_FIR,917a4603-661a-426a-9ced-8285a3ddf045,54.67944,-120.3738,12.04,5.44292,0.89125,-19.91848,-1.73685,6.11444,3.74812,NA,NA,NA,NA,NA,NA,NA,NA,NA,NA,NA,NA,NA,NA,NA,NA,NA,NA,NA,NA,NA,NA,NA,NA,NA,NA,NA,NA,NA,NA,NA,NA,NA,NA,NA,NA,NA,NA,NA,NA,NA,NA,NA,NA,NA,NA,NA,NA,NA,NA,High,High,High,NA,NA,NA,NA,NA,NA,NA,NA,NA,NA,NA,NA,NA,NA,NA,NA,NA,NA,NA,NA,NA,NA,NA,NA,NA,NA,NA,NA,NA,NA,NA,NA,NA,NA,NA,NA,NA,NA,NA,NA,NA,NA,NA,NA,NA,NA,NA,NA,NA,NA,NA,NA,NA,NA,NA,NA,NA,NA
NA,NA,NA,NA,NA,NA,NA,NA,NA,NA,NA,NA,NA,NA,NA,NA,42,2025-07-30,18:50:44,2,4,"Bean, Jake",814820,Right,ORL_FIR,"Tharnish, Jayce",814421,Right,YAR_RED,Undefined,2,Top,0,1,2,Sinker,Sinker,InPlay,Undefined,GroundBall,Single,0,0,NA,91.50601,-2.411379,-3.449561,2306.517365,227.096112,01:30:00,5.50585,1.59394,6.04046,-19.20777,14.20583,14.08402,1.66719,-0.43012,83.36452,-6.040102,-0.919175,0.416038,97.2534,8.18355,22.298298,3082.163442,99.06307,8.8636,47.81655,182.4135,182.4135,28.413521,1.574875,-8.26989,8.35004,-1.33239,50,5.30711,7.39899,-132.61491,-6.19063,-14.66621,29.4588,-17.36565,ORL_FIR,YAR_RED,CCBLOrleans,Cape Cod Baseball League,CCBL,20250730-CCBLOrleans-1,a08dc420-6d97-11f0-9893-2bfced202392,90.59853,9.10596,NA,8.14149,NA,NA,NA,1.21777,1.69212,0.28125,e90f2670-dfbc-4d51-82ba-0d5a03d444c7,2025-07-30,22:50:44,2025-07-30T22:50:44Z,2025-07-30T22:50:44Z,LineDrive,v3,6102,6104,NA,"Lavey, Robbie",835215,Right,ORL_FIR,4652a7b1-7a6f-4d0b-93a9-9a54d3a093fb,54.45775,-133.60148,14.7294,5.5047,-5.60906,-8.68282,-1.5884,7.89016,-7.33311,NA,1.21777,130.62789,-25.6474,5.96233,-1.37243,0.31916,-0.07062,0.01211,-0.0011,1.69212,20.30379,-14.19807,0.3979,0.02579,-0.02877,0.00995,-0.00196,2e-4,0.28125,53.56987,1.1433,-0.23063,0.04644,-0.0096,0.00199,-3.2e-4,3e-5,NA,NA,NA,NA,NA,NA,NA,NA,NA,NA,NA,NA,NA,NA,NA,NA,NA,NA,NA,NA,NA,NA,High,High,High,High,High,NA,NA,NA,NA,NA,NA,NA,NA,NA,NA,NA,NA,NA,NA,NA,NA,NA,NA,NA,NA,NA,NA,NA,NA,NA,NA,NA,NA,NA,NA,NA,NA,NA,NA,NA,NA,NA,NA,NA,NA,NA,NA,NA,NA,NA,NA,NA,NA,NA,NA,NA,NA,NA,NA,NA,NA
NA,NA,NA,NA,NA,NA,NA,NA,NA,NA,NA,NA,NA,NA,NA,NA,43,2025-07-30,18:51:29,3,1,"Bean, Jake",814820,Right,ORL_FIR,"Costello, Nick",801587,Left,YAR_RED,Undefined,2,Top,0,0,0,Fastball,Four-Seam,BallCalled,Undefined,Undefined,Undefined,0,0,NA,91.32243,-1.570251,-3.940819,2342.187775,218.367395,01:15:00,5.43343,1.63664,6.29448,-17.31714,16.00753,11.77115,2.53965,-1.01941,82.84516,-4.887796,-1.818935,0.415484,NA,NA,NA,NA,NA,NA,NA,NA,NA,NA,NA,-7.30646,9.12847,-1.352,50,5.30928,8.63467,-132.34774,-4.1207,-12.86297,30.20464,-16.10343,ORL_FIR,YAR_RED,CCBLOrleans,Cape Cod Baseball League,CCBL,20250730-CCBLOrleans-1,bbb07b80-6d97-11f0-9893-2bfced202392,90.71935,NA,NA,8.47727,NA,NA,NA,NA,NA,NA,e90f2670-dfbc-4d51-82ba-0d5a03d444c7,2025-07-30,22:51:29,2025-07-30T22:51:29Z,2025-07-30T22:51:29Z,NA,v3,6102,6104,NA,"Lavey, Robbie",835215,Right,ORL_FIR,d46f17ba-8009-407c-a673-80c0d0266b53,54.20301,-133.30351,15.10232,5.43161,-3.61114,-8.05171,-1.63167,9.04169,-6.43149,NA,NA,NA,NA,NA,NA,NA,NA,NA,NA,NA,NA,NA,NA,NA,NA,NA,NA,NA,NA,NA,NA,NA,NA,NA,NA,NA,NA,NA,NA,NA,NA,NA,NA,NA,NA,NA,NA,NA,NA,NA,NA,NA,NA,NA,NA,NA,NA,NA,NA,High,High,High,NA,NA,NA,NA,NA,NA,NA,NA,NA,NA,NA,NA,NA,NA,NA,NA,NA,NA,NA,NA,NA,NA,NA,NA,NA,NA,NA,NA,NA,NA,NA,NA,NA,NA,NA,NA,NA,NA,NA,NA,NA,NA,NA,NA,NA,NA,NA,NA,NA,NA,NA,NA,NA,NA,NA,NA,NA,NA
NA,NA,NA,NA,NA,NA,NA,NA,NA,NA,NA,NA,NA,NA,NA,NA,44,2025-07-30,18:51:46,3,2,"Bean, Jake",814820,Right,ORL_FIR,"Costello, Nick",801587,Left,YAR_RED,Undefined,2,Top,0,1,0,Fastball,Four-Seam,FoulBallNotFieldable,Undefined,Undefined,Undefined,0,0,NA,92.93381,-1.973082,-2.849513,2327.34792,226.278416,01:30:00,5.47339,1.57887,6.08995,-17.19702,15.18591,14.72064,2.2122,0.16759,84.34035,-5.250317,-0.200508,0.409571,70.04146,24.465203,-154.292722,3115.452964,-100.98867,21.6572,-43.60308,173.62973,47.32685,-158.303374,2.166895,-8.44934,8.75111,-1.36675,50,5.31199,6.07424,-134.76465,-5.16478,-15.42091,31.36256,-16.20232,ORL_FIR,YAR_RED,CCBLOrleans,Cape Cod Baseball League,CCBL,20250730-CCBLOrleans-1,c5c47040-6d97-11f0-9893-2bfced202392,92.02902,23.12534,NA,8.59346,NA,NA,NA,1.75349,2.22144,-0.25902,e90f2670-dfbc-4d51-82ba-0d5a03d444c7,2025-07-30,22:51:46,2025-07-30T22:51:46Z,2025-07-30T22:51:46Z,LineDrive,v3,6102,6104,NA,"Lavey, Robbie",835215,Right,ORL_FIR,f8773f37-44b1-4066-92a8-c51f8733e258,54.40765,-135.78652,15.68128,5.47168,-4.63687,-8.10116,-1.57284,6.5767,-7.71046,NA,1.75346,-84.2467,4.4431,-0.12889,-0.18008,0.22435,-0.12997,0.04103,-0.0053,2.22143,42.54387,-23.57491,2.35007,-0.52093,0.12538,-0.0349,0.00886,-0.00104,-0.25904,-40.55795,6.85544,-1.17197,0.13234,0.09774,-0.07751,0.02574,-0.00339,NA,NA,NA,NA,NA,NA,NA,NA,NA,NA,NA,NA,NA,NA,NA,NA,NA,NA,NA,NA,NA,NA,High,High,High,High,Low,NA,NA,NA,NA,NA,NA,NA,NA,NA,NA,NA,NA,NA,NA,NA,NA,NA,NA,NA,NA,NA,NA,NA,NA,NA,NA,NA,NA,NA,NA,NA,NA,NA,NA,NA,NA,NA,NA,NA,NA,NA,NA,NA,NA,NA,NA,NA,NA,NA,NA,NA,NA,NA,NA,NA,NA
NA,NA,NA,NA,NA,NA,NA,NA,NA,NA,NA,NA,NA,NA,NA,NA,45,2025-07-30,18:52:09,3,3,"Bean, Jake",814820,Right,ORL_FIR,"Costello, Nick",801587,Left,YAR_RED,Undefined,2,Top,0,1,1,ChangeUp,Changeup,StrikeCalled,Undefined,Undefined,Undefined,0,0,NA,84.17412,0.667894,-2.626218,1363.848329,284.729289,03:30:00,5.18666,1.65565,6.06183,-41.92829,-2.11232,13.5043,2.31145,0.34873,75.98668,-7.107382,-0.194434,0.454151,NA,NA,NA,NA,NA,NA,NA,NA,NA,NA,NA,-7.775,-0.84366,-1.45871,50,5.21666,5.05618,-122.05491,0.02486,-11.52642,27.88827,-33.42478,ORL_FIR,YAR_RED,CCBLOrleans,Cape Cod Baseball League,CCBL,20250730-CCBLOrleans-1,d35c82b0-6d97-11f0-9893-2bfced202392,82.99544,NA,NA,8.18744,NA,NA,NA,NA,NA,NA,e90f2670-dfbc-4d51-82ba-0d5a03d444c7,2025-07-30,22:52:09,2025-07-30T22:52:09Z,2025-07-30T22:52:09Z,NA,v3,6102,6104,NA,"Lavey, Robbie",835215,Right,ORL_FIR,f36bf728-b7cc-450b-9336-54f41b7fd3f7,54.43515,-123.06412,13.94413,5.19387,1.23443,-16.71239,-1.64923,5.47329,-5.76321,NA,NA,NA,NA,NA,NA,NA,NA,NA,NA,NA,NA,NA,NA,NA,NA,NA,NA,NA,NA,NA,NA,NA,NA,NA,NA,NA,NA,81.79143,NA,0.851302,NA,-0.23874,2.10114,-0.34422,-0.59695,6.13192,-0.00769,NA,NA,NA,-0.51183,118.57162,-11.6774,6.1387,4.89909,-11.12559,-0.05204,-4.58781,4.31307,High,High,High,NA,NA,High,Medium,Medium,NA,NA,NA,NA,NA,NA,NA,NA,NA,NA,NA,NA,NA,NA,NA,NA,NA,NA,NA,NA,NA,NA,NA,NA,NA,NA,NA,NA,NA,NA,NA,NA,NA,NA,NA,NA,NA,NA,NA,NA,NA,NA,NA,NA,NA,NA,NA,NA,NA,NA,NA,NA,NA
NA,NA,NA,NA,NA,NA,NA,NA,NA,NA,NA,NA,NA,NA,NA,NA,46,2025-07-30,18:52:36,3,4,"Bean, Jake",814820,Right,ORL_FIR,"Costello, Nick",801587,Left,YAR_RED,Undefined,2,Top,0,1,2,ChangeUp,Changeup,FoulBallNotFieldable,Undefined,Undefined,Undefined,0,0,NA,83.3186,0.647688,-2.009073,1431.349695,271.184638,03:00:00,5.18113,1.74616,6.03124,-39.39577,1.32457,7.90682,2.49833,0.54383,75.08667,-6.680453,-0.585867,0.459279,NA,NA,NA,NA,NA,NA,NA,NA,NA,NA,NA,-4.73992,0.88913,-1.59344,50,5.21067,3.92836,-120.82706,0.09142,-6.87424,27.7066,-30.88458,ORL_FIR,YAR_RED,CCBLOrleans,Cape Cod Baseball League,CCBL,20250730-CCBLOrleans-1,e337a750-6d97-11f0-9893-2bfced202392,82.06863,NA,NA,8.23192,NA,NA,NA,NA,NA,NA,e90f2670-dfbc-4d51-82ba-0d5a03d444c7,2025-07-30,22:52:36,2025-07-30T22:52:36Z,2025-07-30T22:52:36Z,NA,v3,6102,6104,NA,"Lavey, Robbie",835215,Right,ORL_FIR,8d33e565-846d-4697-a190-7dbeba711f64,54.4654,-121.84671,13.8533,5.18639,1.22802,-15.44229,-1.74267,4.18135,-3.43712,NA,NA,NA,NA,NA,NA,NA,NA,NA,NA,NA,NA,NA,NA,NA,NA,NA,NA,NA,NA,NA,NA,NA,NA,NA,NA,NA,NA,NA,NA,NA,NA,NA,NA,NA,NA,NA,NA,NA,NA,NA,NA,NA,NA,NA,NA,NA,NA,NA,NA,High,High,High,NA,NA,NA,NA,NA,NA,NA,NA,NA,NA,NA,NA,NA,NA,NA,NA,NA,NA,NA,NA,NA,NA,NA,NA,NA,NA,NA,NA,NA,NA,NA,NA,NA,NA,NA,NA,NA,NA,NA,NA,NA,NA,NA,NA,NA,NA,NA,NA,NA,NA,NA,NA,NA,NA,NA,NA,NA,NA
NA,NA,NA,NA,NA,NA,NA,NA,NA,NA,NA,NA,NA,NA,NA,NA,47,2025-07-30,18:52:56,3,5,"Bean, Jake",814820,Right,ORL_FIR,"Costello, Nick",801587,Left,YAR_RED,Undefined,2,Top,0,1,2,Curveball,Curveball,StrikeSwinging,Strikeout,Undefined,Undefined,0,0,NA,82.9388,0.427405,-0.273371,2451.239421,35.791033,07:15:00,5.41138,1.54645,5.80734,-55.11873,-13.77154,-10.97926,1.21563,0.37729,75.3549,-9.647272,-2.24772,0.462801,NA,NA,NA,NA,NA,NA,NA,NA,NA,NA,NA,5.51496,-6.74855,-1.51745,50,5.4138,1.0138,-120.40999,-1.04237,7.94242,27.53743,-41.89306,ORL_FIR,YAR_RED,CCBLOrleans,Cape Cod Baseball League,CCBL,20250730-CCBLOrleans-1,ef6c8040-6d97-11f0-9893-2bfced202392,81.44414,NA,NA,7.5839,NA,NA,NA,NA,NA,NA,e90f2670-dfbc-4d51-82ba-0d5a03d444c7,2025-07-30,22:52:56,2025-07-30T22:52:56Z,2025-07-30T22:52:56Z,NA,v3,6102,6104,NA,"Lavey, Robbie",835215,Right,ORL_FIR,10715b02-a3b6-4eef-a62f-d9fecef6a188,54.69295,-121.47851,13.76872,5.42271,0.5832,-20.94653,-1.55081,0.70562,3.97121,NA,NA,NA,NA,NA,NA,NA,NA,NA,NA,NA,NA,NA,NA,NA,NA,NA,NA,NA,NA,NA,NA,NA,NA,NA,NA,NA,NA,NA,NA,NA,NA,NA,NA,NA,NA,NA,NA,NA,NA,NA,NA,NA,NA,NA,NA,NA,NA,NA,NA,High,High,High,NA,NA,NA,NA,NA,NA,NA,NA,NA,NA,NA,NA,NA,NA,NA,NA,NA,NA,NA,NA,NA,NA,NA,NA,NA,NA,NA,NA,NA,NA,NA,NA,NA,NA,NA,NA,NA,NA,NA,NA,NA,NA,NA,NA,NA,NA,NA,NA,NA,NA,NA,NA,NA,NA,NA,NA,NA,NA
NA,NA,NA,NA,NA,NA,NA,NA,NA,NA,NA,NA,NA,NA,NA,NA,48,2025-07-30,18:53:25,4,1,"Bean, Jake",814820,Right,ORL_FIR,"McAndrews, Thomas",836274,Right,YAR_RED,Undefined,2,Top,1,0,0,Curveball,Curveball,BallCalled,Undefined,Undefined,Undefined,0,0,NA,83.06461,-0.922421,-1.249843,2470.820241,40.206724,07:15:00,5.36375,1.58676,5.9937,-50.47255,-10.0056,-9.52686,0.30263,-0.36555,76.54594,-10.137035,-2.9688,0.457848,NA,NA,NA,NA,NA,NA,NA,NA,NA,NA,NA,4.58158,-4.60949,-1.48292,50,5.26295,2.99128,-120.73177,-3.62949,6.7174,24.96411,-38.9324,ORL_FIR,YAR_RED,CCBLOrleans,Cape Cod Baseball League,CCBL,20250730-CCBLOrleans-1,00da2bc0-6d98-11f0-9893-2bfced202392,82.32515,NA,NA,6.51867,NA,NA,NA,NA,NA,NA,e90f2670-dfbc-4d51-82ba-0d5a03d444c7,2025-07-30,22:53:25,2025-07-30T22:53:25Z,2025-07-30T22:53:25Z,NA,v3,6102,6104,NA,"Lavey, Robbie",835215,Right,ORL_FIR,088b6f8d-6048-4ec2-96ce-fa18062b4fb3,54.50813,-121.66036,12.48205,5.37102,-2.18132,-19.4662,-1.58954,2.74141,3.3587,NA,NA,NA,NA,NA,NA,NA,NA,NA,NA,NA,NA,NA,NA,NA,NA,NA,NA,NA,NA,NA,NA,NA,NA,NA,NA,NA,NA,NA,NA,NA,NA,NA,NA,NA,NA,NA,NA,NA,NA,NA,NA,NA,NA,NA,NA,NA,NA,NA,NA,High,High,High,NA,NA,NA,NA,NA,NA,NA,NA,NA,NA,NA,NA,NA,NA,NA,NA,NA,NA,NA,NA,NA,NA,NA,NA,NA,NA,NA,NA,NA,NA,NA,NA,NA,NA,NA,NA,NA,NA,NA,NA,NA,NA,NA,NA,NA,NA,NA,NA,NA,NA,NA,NA,NA,NA,NA,NA,NA,NA
NA,NA,NA,NA,NA,NA,NA,NA,NA,NA,NA,NA,NA,NA,NA,NA,49,2025-07-30,18:53:53,4,2,"Bean, Jake",814820,Right,ORL_FIR,"McAndrews, Thomas",836274,Right,YAR_RED,Undefined,2,Top,1,1,0,Fastball,Four-Seam,FoulBallNotFieldable,Undefined,Undefined,Undefined,0,0,NA,93.80776,-2.866566,-2.327155,2477.240045,201.073241,12:45:00,5.49468,1.36985,6.12268,-12.52725,19.14395,6.96835,1.79637,-0.20196,85.38588,-5.293217,-1.072413,0.405045,91.32939,14.346398,35.83558,5690.198205,82.79385,19.37915,72.42315,220.79529,220.7218,47.199007,2.324157,-4.27957,11.04245,-1.1953,50,5.26844,5.22827,-136.02752,-7.14214,-7.98274,31.08621,-11.5765,ORL_FIR,YAR_RED,CCBLOrleans,Cape Cod Baseball League,CCBL,20250730-CCBLOrleans-1,11547690-6d98-11f0-9893-2bfced202392,93.05733,19.58296,NA,8.42188,NA,NA,NA,1.13207,1.81329,0.14552,e90f2670-dfbc-4d51-82ba-0d5a03d444c7,2025-07-30,22:53:53,2025-07-30T22:53:53Z,2025-07-30T22:53:53Z,LineDrive,v3,6102,6104,NA,"Lavey, Robbie",835215,Right,ORL_FIR,c74e7300-38ad-4bd3-9ae9-19a32882c558,54.37475,-137.02362,15.5431,5.49135,-6.77118,-5.78825,-1.36692,5.48407,-3.99137,NA,1.13207,105.20642,-27.47098,6.57974,-1.51122,0.30349,-0.05423,0.00716,-4.7e-4,1.81329,33.19057,-16.30204,0.72956,0.04403,-0.04107,0.01313,-0.00199,1.3e-4,0.14551,75.9769,-1.0151,-1.77828,0.8074,-0.24705,0.05603,-0.00837,6e-4,NA,NA,NA,NA,NA,NA,NA,NA,NA,NA,NA,NA,NA,NA,NA,NA,NA,NA,NA,NA,NA,NA,High,High,High,High,High,NA,NA,NA,NA,NA,NA,NA,NA,NA,NA,NA,NA,NA,NA,NA,NA,NA,NA,NA,NA,NA,NA,NA,NA,NA,NA,NA,NA,NA,NA,NA,NA,NA,NA,NA,NA,NA,NA,NA,NA,NA,NA,NA,NA,NA,NA,NA,NA,NA,NA,NA,NA,NA,NA,NA,NA
NA,NA,NA,NA,NA,NA,NA,NA,NA,NA,NA,NA,NA,NA,NA,NA,50,2025-07-30,18:54:29,4,3,"Bean, Jake",814820,Right,ORL_FIR,"McAndrews, Thomas",836274,Right,YAR_RED,Undefined,2,Top,1,1,1,Fastball,Four-Seam,InPlay,Undefined,GroundBall,FieldersChoice,1,0,NA,93.31536,-1.5174,-1.522582,2281.143995,206.301523,01:00:00,5.52565,1.49579,6.0445,-16.13316,16.0393,7.38012,2.77558,0.70086,84.53826,-4.604853,-0.194425,0.408238,92.57424,-1.708179,-38.74115,NA,NA,NA,NA,27.4613,21.9018,-35.4134,0.227137,-4.28614,9.06245,-1.38123,50,5.39883,3.2823,-135.42479,-4.06827,-7.88117,32.30367,-15.51052,ORL_FIR,YAR_RED,CCBLOrleans,Cape Cod Baseball League,CCBL,20250730-CCBLOrleans-1,268607e0-6d98-11f0-9893-2bfced202392,92.329580000000007,3.06252,NA,8.7771,NA,NA,NA,NA,NA,NA,e90f2670-dfbc-4d51-82ba-0d5a03d444c7,2025-07-30,22:54:29,2025-07-30T22:54:29Z,2025-07-30T22:54:29Z,GroundBall,v3,6102,6104,NA,"Lavey, Robbie",835215,Right,ORL_FIR,97ec7599-4d2b-4d0c-8c95-5dc194b6ef1c,54.4529,-136.48284,16.15183,5.52376,-3.56025,-7.75526,-1.49296,3.54043,-3.94058,NA,-1.42926,106.00125,-5.12356,NA,NA,NA,NA,NA,NA,3.06589,-4.24317,-40.81081,NA,NA,NA,NA,NA,NA,2.37591,-84.95263,19.51056,NA,NA,NA,NA,NA,NA,NA,NA,NA,NA,NA,NA,NA,NA,NA,NA,NA,NA,NA,NA,NA,NA,NA,NA,NA,NA,NA,NA,High,High,High,Low,Low,NA,NA,NA,NA,NA,NA,NA,NA,NA,NA,NA,NA,NA,NA,NA,NA,NA,NA,NA,NA,NA,NA,NA,NA,NA,NA,NA,NA,NA,NA,NA,NA,NA,NA,NA,NA,NA,NA,NA,NA,NA,NA,NA,NA,NA,NA,NA,NA,NA,NA,NA,NA,NA,NA,NA,NA
NA,NA,NA,NA,NA,NA,NA,NA,NA,NA,NA,NA,NA,NA,NA,NA,51,2025-07-30,18:55:16,5,1,"Bean, Jake",814820,Right,ORL_FIR,"Bell, Jack",806030,Left,YAR_RED,Undefined,2,Top,2,0,0,ChangeUp,Changeup,BallCalled,Undefined,Undefined,Undefined,0,0,NA,83.46681,0.85478,-1.053608,1482.617581,250.959805,02:15:00,5.24596,1.80771,5.9812,-35.30069,5.09362,10.6915,3.09674,1.72196,75.54411,-5.724769,0.869275,0.457437,NA,NA,NA,NA,NA,NA,NA,NA,NA,NA,NA,-5.78347,2.78717,-1.73019,50,5.29429,1.79793,-121.12212,0.66962,-8.48561,26.38188,-28.08464,ORL_FIR,YAR_RED,CCBLOrleans,Cape Cod Baseball League,CCBL,20250730-CCBLOrleans-1,4286ea40-6d98-11f0-9893-2bfced202392,82.39913,NA,NA,7.9227,NA,NA,NA,NA,NA,NA,e90f2670-dfbc-4d51-82ba-0d5a03d444c7,2025-07-30,22:55:16,2025-07-30T22:55:16Z,2025-07-30T22:55:16Z,NA,v3,6102,6104,NA,"Lavey, Robbie",835215,Right,ORL_FIR,89d0f7bd-d9cd-47bb-ba19-08c160b88440,54.51456,-122.10149,13.19094,5.25009,1.7122,-14.04232,-1.80278,2.11294,-4.24281,NA,NA,NA,NA,NA,NA,NA,NA,NA,NA,NA,NA,NA,NA,NA,NA,NA,NA,NA,NA,NA,NA,NA,NA,NA,NA,NA,NA,NA,NA,NA,NA,NA,NA,NA,NA,NA,NA,NA,NA,NA,NA,NA,NA,NA,NA,NA,NA,NA,NA,High,High,High,NA,NA,NA,NA,NA,NA,NA,NA,NA,NA,NA,NA,NA,NA,NA,NA,NA,NA,NA,NA,NA,NA,NA,NA,NA,NA,NA,NA,NA,NA,NA,NA,NA,NA,NA,NA,NA,NA,NA,NA,NA,NA,NA,NA,NA,NA,NA,NA,NA,NA,NA,NA,NA,NA,NA,NA,NA,NA
NA,NA,NA,NA,NA,NA,NA,NA,NA,NA,NA,NA,NA,NA,NA,NA,52,2025-07-30,18:55:56,5,2,"Bean, Jake",814820,Right,ORL_FIR,"Bell, Jack",806030,Left,YAR_RED,Undefined,2,Top,2,1,0,ChangeUp,Changeup,StrikeCalled,Undefined,Undefined,Undefined,0,0,NA,81.98983,0.825905,-2.270465,1377.058504,254.71609,02:30:00,5.19533,1.7251,6.00168,-37.25813,4.71264,11.76926,2.85639,0.60106,74.04737,-6.118917,-0.154356,0.466278,NA,NA,NA,NA,NA,NA,NA,NA,NA,NA,NA,-6.72685,2.62854,-1.55268,50,5.24032,4.24776,-118.88505,0.53474,-9.48676,25.89738,-28.46704,ORL_FIR,YAR_RED,CCBLOrleans,Cape Cod Baseball League,CCBL,20250730-CCBLOrleans-1,5ac6cd00-6d98-11f0-9893-2bfced202392,80.83683,NA,NA,7.94246,NA,NA,NA,NA,NA,NA,e90f2670-dfbc-4d51-82ba-0d5a03d444c7,2025-07-30,22:55:56,2025-07-30T22:55:56Z,2025-07-30T22:55:56Z,NA,v3,6102,6104,NA,"Lavey, Robbie",835215,Right,ORL_FIR,3ebc2aa9-28e4-4995-8034-2277a2e6d9bf,54.49378,-119.85995,12.94869,5.20001,1.60638,-14.23352,-1.7193,4.60489,-4.74338,NA,NA,NA,NA,NA,NA,NA,NA,NA,NA,NA,NA,NA,NA,NA,NA,NA,NA,NA,NA,NA,NA,NA,NA,NA,NA,NA,NA,NA,NA,NA,NA,NA,NA,NA,NA,NA,NA,NA,NA,NA,NA,NA,NA,NA,NA,NA,NA,NA,NA,High,High,High,NA,NA,NA,NA,NA,NA,NA,NA,NA,NA,NA,NA,NA,NA,NA,NA,NA,NA,NA,NA,NA,NA,NA,NA,NA,NA,NA,NA,NA,NA,NA,NA,NA,NA,NA,NA,NA,NA,NA,NA,NA,NA,NA,NA,NA,NA,NA,NA,NA,NA,NA,NA,NA,NA,NA,NA,NA,NA
NA,NA,NA,NA,NA,NA,NA,NA,NA,NA,NA,NA,NA,NA,NA,NA,53,2025-07-30,18:56:16,5,3,"Bean, Jake",814820,Right,ORL_FIR,"Bell, Jack",806030,Left,YAR_RED,Undefined,2,Top,2,1,1,Curveball,Curveball,BallCalled,Undefined,Undefined,Undefined,0,0,NA,81.67749,3.381053,0.126045,2298.439684,26.617655,07:00:00,5.37542,1.65702,5.81394,-55.11223,-12.54099,-7.02351,3.9302,1.18893,73.86694,-6.737384,-1.132869,0.469602,NA,NA,NA,NA,NA,NA,NA,NA,NA,NA,NA,3.57929,-6.88339,-1.66334,50,5.62075,0.02629,-118.39997,5.05752,5.01274,25.43552,-41.81414,ORL_FIR,YAR_RED,CCBLOrleans,Cape Cod Baseball League,CCBL,20250730-CCBLOrleans-1,66b0e150-6d98-11f0-9893-2bfced202392,80.26471,NA,NA,7.81055,NA,NA,NA,NA,NA,NA,e90f2670-dfbc-4d51-82ba-0d5a03d444c7,2025-07-30,22:56:16,2025-07-30T22:56:16Z,2025-07-30T22:56:16Z,NA,v3,6102,6104,NA,"Lavey, Robbie",835215,Right,ORL_FIR,13d1b46e-157d-40ae-b2ac-febc668c1ff2,54.68507,-119.40221,12.71776,5.38901,6.70512,-20.90707,-1.66048,-0.17123,2.50637,NA,NA,NA,NA,NA,NA,NA,NA,NA,NA,NA,NA,NA,NA,NA,NA,NA,NA,NA,NA,NA,NA,NA,NA,NA,NA,NA,NA,NA,NA,NA,NA,NA,NA,NA,NA,NA,NA,NA,NA,NA,NA,NA,NA,NA,NA,NA,NA,NA,NA,High,High,High,NA,NA,NA,NA,NA,NA,NA,NA,NA,NA,NA,NA,NA,NA,NA,NA,NA,NA,NA,NA,NA,NA,NA,NA,NA,NA,NA,NA,NA,NA,NA,NA,NA,NA,NA,NA,NA,NA,NA,NA,NA,NA,NA,NA,NA,NA,NA,NA,NA,NA,NA,NA,NA,NA,NA,NA,NA,NA
NA,NA,NA,NA,NA,NA,NA,NA,NA,NA,NA,NA,NA,NA,NA,NA,54,2025-07-30,18:56:35,5,4,"Bean, Jake",814820,Right,ORL_FIR,"Bell, Jack",806030,Left,YAR_RED,Undefined,2,Top,2,2,1,Fastball,Four-Seam,StrikeCalled,Undefined,Undefined,Undefined,0,0,NA,91.18171,-2.410437,-3.020373,2372.467522,216.708403,01:15:00,5.36319,1.44883,6.10555,-16.76458,16.92954,11.74871,1.7327,-0.36776,82.68006,-5.617159,-0.90645,0.417781,NA,NA,NA,NA,NA,NA,NA,NA,NA,NA,NA,-7.01213,9.82827,-1.22285,50,5.16897,6.48355,-132.1518,-6.05054,-12.28685,30.57077,-14.95274,ORL_FIR,YAR_RED,CCBLOrleans,Cape Cod Baseball League,CCBL,20250730-CCBLOrleans-1,71f00fa0-6d98-11f0-9893-2bfced202392,90.22065,NA,NA,8.50165,NA,NA,NA,NA,NA,NA,e90f2670-dfbc-4d51-82ba-0d5a03d444c7,2025-07-30,22:56:35,2025-07-30T22:56:35Z,2025-07-30T22:56:35Z,NA,v3,6102,6104,NA,"Lavey, Robbie",835215,Right,ORL_FIR,f6c09f0a-ac27-4c6b-b11e-ae385881026f,54.3922,-133.16397,15.28538,5.3611,-5.55547,-7.47637,-1.44425,6.89035,-6.14342,NA,NA,NA,NA,NA,NA,NA,NA,NA,NA,NA,NA,NA,NA,NA,NA,NA,NA,NA,NA,NA,NA,NA,NA,NA,NA,NA,NA,NA,NA,NA,NA,NA,NA,NA,NA,NA,NA,NA,NA,NA,NA,NA,NA,NA,NA,NA,NA,NA,NA,High,High,High,NA,NA,NA,NA,NA,NA,NA,NA,NA,NA,NA,NA,NA,NA,NA,NA,NA,NA,NA,NA,NA,NA,NA,NA,NA,NA,NA,NA,NA,NA,NA,NA,NA,NA,NA,NA,NA,NA,NA,NA,NA,NA,NA,NA,NA,NA,NA,NA,NA,NA,NA,NA,NA,NA,NA,NA,NA,NA
NA,NA,NA,NA,NA,NA,NA,NA,NA,NA,NA,NA,NA,NA,NA,NA,55,2025-07-30,18:56:55,5,5,"Bean, Jake",814820,Right,ORL_FIR,"Bell, Jack",806030,Left,YAR_RED,Undefined,2,Top,2,2,2,ChangeUp,Changeup,InPlay,Undefined,LineDrive,Out,1,0,NA,83.07072,-0.352791,-1.625487,1438.96281,246.517461,02:15:00,5.15474,1.71354,6.11031,-36.45144,4.37949,6.63331,1.79078,0.76289,74.95207,-7.153952,-0.428966,0.459903,79.32804,11.188945,-4.055518,925.92123,109.5231,9.51777,-10.23034,159.78876,142.65731,-5.629889,1.689348,-3.97839,2.79512,-1.59225,50,5.10881,3.16507,-120.50679,-1.88108,-5.73688,27.64664,-28.14344,ORL_FIR,YAR_RED,CCBLOrleans,Cape Cod Baseball League,CCBL,20250730-CCBLOrleans-1,7e09e680-6d98-11f0-9893-2bfced202392,81.95744,10.68348,NA,8.11865,NA,NA,NA,1.76367,1.84908,-0.76386,e90f2670-dfbc-4d51-82ba-0d5a03d444c7,2025-07-30,22:56:55,2025-07-30T22:56:55Z,2025-07-30T22:56:55Z,LineDrive,v3,6102,6104,NA,"Lavey, Robbie",835215,Right,ORL_FIR,1b72387a-2aae-4d58-ac3a-6d7929d1643e,54.38625,-121.50891,13.82332,5.1585,-0.86094,-14.07172,-1.71075,3.37302,-2.86844,155.033774,1.76367,113.85076,-16.77834,3.5685,-0.7072,0.12482,-0.01764,0.00126,5e-5,1.84908,22.57589,-14.7843,0.49773,-0.03249,0.01325,-0.01024,0.00429,-6.4e-4,-0.76386,-8.07162,-0.96843,0.48312,-0.14259,0.02619,-1.2e-4,-0.00141,2.7e-4,NA,NA,NA,NA,NA,NA,NA,NA,NA,NA,NA,NA,NA,NA,NA,NA,NA,NA,NA,NA,NA,NA,High,High,High,High,High,NA,NA,NA,NA,NA,NA,NA,NA,NA,NA,NA,NA,NA,NA,NA,NA,NA,NA,NA,NA,NA,NA,NA,NA,NA,NA,NA,NA,NA,NA,NA,NA,NA,NA,NA,NA,NA,NA,NA,NA,NA,NA,NA,NA,NA,NA,NA,NA,NA,NA,NA,NA,NA,NA,NA,NA
NA,NA,NA,NA,NA,NA,NA,NA,NA,NA,NA,NA,NA,NA,NA,NA,56,2025-07-30,18:58:58,1,1,"Hamilton, Brady",825131,Right,YAR_RED,"Bryce, Dawson",828768,Right,ORL_FIR,Undefined,2,Bottom,0,0,0,Sinker,Sinker,StrikeCalled,Undefined,Undefined,Undefined,0,0,NA,92.21691,-0.805443,-1.662009,2103.321093,238.374612,02:00:00,5.70726,1.20342,5.61095,-23.82919,9.53784,13.68824,2.96936,0.7924,83.87798,-5.239169,0.782513,0.415748,NA,NA,NA,NA,NA,NA,NA,NA,NA,NA,NA,-7.44481,5.3952,-1.07053,50,5.62318,3.26607,-133.8194,-2.73874,-13.4205,30.46458,-22.44834,ORL_FIR,YAR_RED,CCBLOrleans,Cape Cod Baseball League,CCBL,20250730-CCBLOrleans-1,c74156d0-6d98-11f0-9893-2bfced202392,90.66176,NA,NA,8.33893,NA,NA,NA,NA,NA,NA,e90f2670-dfbc-4d51-82ba-0d5a03d444c7,2025-07-30,22:58:58,2025-07-30T22:58:58Z,2025-07-30T22:58:58Z,NA,v3,6102,6104,NA,"McAndrews, Thomas",836274,Right,YAR_RED,ca811418-58ff-476e-b988-ae90b311d133,54.88701,-134.92737,15.23229,5.70794,-1.92231,-11.22417,-1.19819,3.75416,-6.71025,NA,NA,NA,NA,NA,NA,NA,NA,NA,NA,NA,NA,NA,NA,NA,NA,NA,NA,NA,NA,NA,NA,NA,NA,NA,NA,NA,NA,NA,NA,NA,NA,NA,NA,NA,NA,NA,NA,NA,NA,NA,NA,NA,NA,NA,NA,NA,NA,NA,NA,High,High,High,NA,NA,NA,NA,NA,NA,NA,NA,NA,NA,NA,NA,NA,NA,NA,NA,NA,NA,NA,NA,NA,NA,NA,NA,NA,NA,NA,NA,NA,NA,NA,NA,NA,NA,NA,NA,NA,NA,NA,NA,NA,NA,NA,NA,NA,NA,NA,NA,NA,NA,NA,NA,NA,NA,NA,NA,NA,NA
NA,NA,NA,NA,NA,NA,NA,NA,NA,NA,NA,NA,NA,NA,NA,NA,57,2025-07-30,18:59:10,1,2,"Hamilton, Brady",825131,Right,YAR_RED,"Bryce, Dawson",828768,Right,ORL_FIR,Undefined,2,Bottom,0,0,1,Sinker,Sinker,BallCalled,Undefined,Undefined,Undefined,0,0,NA,92.5632,-2.351121,-0.911322,2207.203821,227.545451,01:30:00,5.76524,0.96701,5.46161,-19.04525,14.29544,14.40209,1.97602,1.31413,84.26294,-5.911592,1.654284,0.415584,NA,NA,NA,NA,NA,NA,NA,NA,NA,NA,NA,-7.57737,8.23997,-0.89715,50,5.54541,1.47949,-134.23454,-6.1751,-13.74143,30.71085,-17.23102,ORL_FIR,YAR_RED,CCBLOrleans,Cape Cod Baseball League,CCBL,20250730-CCBLOrleans-1,ce11e060-6d98-11f0-9893-2bfced202392,90.69756,NA,NA,8.30026,NA,NA,NA,NA,NA,NA,e90f2670-dfbc-4d51-82ba-0d5a03d444c7,2025-07-30,22:59:10,2025-07-30T22:59:10Z,2025-07-30T22:59:10Z,NA,v3,6102,6104,NA,"McAndrews, Thomas",836274,Right,YAR_RED,dbcdd3f3-2ee5-4c52-b517-fad1c36fea99,55.03679,-135.38198,15.35542,5.7641,-5.53131,-8.61551,-0.96202,1.9929,-6.87072,NA,NA,NA,NA,NA,NA,NA,NA,NA,NA,NA,NA,NA,NA,NA,NA,NA,NA,NA,NA,NA,NA,NA,NA,NA,NA,NA,NA,NA,NA,NA,NA,NA,NA,NA,NA,NA,NA,NA,NA,NA,NA,NA,NA,NA,NA,NA,NA,NA,NA,High,High,High,NA,NA,NA,NA,NA,NA,NA,NA,NA,NA,NA,NA,NA,NA,NA,NA,NA,NA,NA,NA,NA,NA,NA,NA,NA,NA,NA,NA,NA,NA,NA,NA,NA,NA,NA,NA,NA,NA,NA,NA,NA,NA,NA,NA,NA,NA,NA,NA,NA,NA,NA,NA,NA,NA,NA,NA,NA,NA
NA,NA,NA,NA,NA,NA,NA,NA,NA,NA,NA,NA,NA,NA,NA,NA,58,2025-07-30,18:59:22,1,3,"Hamilton, Brady",825131,Right,YAR_RED,"Bryce, Dawson",828768,Right,ORL_FIR,Undefined,2,Bottom,0,1,1,Sinker,Sinker,FoulBallNotFieldable,Undefined,Undefined,Undefined,0,0,NA,91.98135,-1.449534,-2.254214,2230.371409,244.10846,02:15:00,5.71495,1.14807,5.64897,-23.94856,9.68099,17.56005,2.36591,0.5078,83.4506,-5.909857,0.883539,0.41738,119.90251,-38.53598,-123.891465,NA,NA,NA,NA,3.22219,2.49621,-73.637296,0.022712,-9.63642,5.68839,-0.96848,50,5.57689,4.46633,-133.38288,-4.22842,-17.19646,31.21681,-22.02299,ORL_FIR,YAR_RED,CCBLOrleans,Cape Cod Baseball League,CCBL,20250730-CCBLOrleans-1,d5476d50-6d98-11f0-9893-2bfced202392,90.30719,2.49136,NA,8.53075,NA,NA,NA,2.65201,2.49136,-0.49512,e90f2670-dfbc-4d51-82ba-0d5a03d444c7,2025-07-30,22:59:22,2025-07-30T22:59:22Z,2025-07-30T22:59:22Z,GroundBall,v3,6102,6104,NA,"McAndrews, Thomas",836274,Right,YAR_RED,9f86a977-dc15-494b-b8b0-58b819cd09fe,54.84935,-134.51303,15.6084,5.71554,-3.43111,-11.0115,-1.14144,5.0889,-8.59823,NA,2.65235,-76.79838,NA,NA,NA,NA,NA,NA,NA,2.49185,-109.69263,NA,NA,NA,NA,NA,NA,NA,-0.49462,-114.32482,NA,NA,NA,NA,NA,NA,NA,NA,NA,NA,NA,NA,NA,NA,NA,NA,NA,NA,NA,NA,NA,NA,NA,NA,NA,NA,NA,NA,NA,High,High,High,Estimated,Estimated,NA,NA,NA,NA,NA,NA,NA,NA,NA,NA,NA,NA,NA,NA,NA,NA,NA,NA,NA,NA,NA,NA,NA,NA,NA,NA,NA,NA,NA,NA,NA,NA,NA,NA,NA,NA,NA,NA,NA,NA,NA,NA,NA,NA,NA,NA,NA,NA,NA,NA,NA,NA,NA,NA,NA,NA
NA,NA,NA,NA,NA,NA,NA,NA,NA,NA,NA,NA,NA,NA,NA,NA,59,2025-07-30,18:59:42,1,4,"Hamilton, Brady",825131,Right,YAR_RED,"Bryce, Dawson",828768,Right,ORL_FIR,Undefined,2,Bottom,0,1,2,Curveball,Curveball,BallCalled,Undefined,Undefined,Undefined,0,0,NA,81.18814,-0.490971,-1.601737,2463.038085,50.559986,07:45:00,5.65763,0.98673,4.95149,-50.83487,-6.54099,-9.74146,0.95729,-1.3389,74.33015,-9.632946,-3.323427,0.479009,NA,NA,NA,NA,NA,NA,NA,NA,NA,NA,NA,4.3611,-2.72268,-0.82288,50,5.56772,3.70304,-117.70693,-2.9222,6.0559,24.47298,-35.95484,ORL_FIR,YAR_RED,CCBLOrleans,Cape Cod Baseball League,CCBL,20250730-CCBLOrleans-1,e1803de0-6d98-11f0-9893-2bfced202392,78.68845,NA,NA,6.85799,NA,NA,NA,NA,NA,NA,e90f2670-dfbc-4d51-82ba-0d5a03d444c7,2025-07-30,22:59:42,2025-07-30T22:59:42Z,2025-07-30T22:59:42Z,NA,v3,6102,6104,NA,"McAndrews, Thomas",836274,Right,YAR_RED,17ad3baf-2602-40cf-abab-556307c030a9,55.5484,-118.85492,12.23649,5.66524,-1.2356,-17.97742,-0.98992,3.41897,3.02795,NA,NA,NA,NA,NA,NA,NA,NA,NA,NA,NA,NA,NA,NA,NA,NA,NA,NA,NA,NA,NA,NA,NA,NA,NA,NA,NA,NA,NA,NA,NA,NA,NA,NA,NA,NA,NA,NA,NA,NA,NA,NA,NA,NA,NA,NA,NA,NA,NA,NA,High,High,High,NA,NA,NA,NA,NA,NA,NA,NA,NA,NA,NA,NA,NA,NA,NA,NA,NA,NA,NA,NA,NA,NA,NA,NA,NA,NA,NA,NA,NA,NA,NA,NA,NA,NA,NA,NA,NA,NA,NA,NA,NA,NA,NA,NA,NA,NA,NA,NA,NA,NA,NA,NA,NA,NA,NA,NA,NA,NA
NA,NA,NA,NA,NA,NA,NA,NA,NA,NA,NA,NA,NA,NA,NA,NA,60,2025-07-30,18:59:55,1,5,"Hamilton, Brady",825131,Right,YAR_RED,"Bryce, Dawson",828768,Right,ORL_FIR,Undefined,2,Bottom,0,2,2,Sinker,Sinker,BallCalled,Undefined,Undefined,Undefined,0,0,NA,91.92036,-0.753048,-3.614431,2223.566285,236.491364,02:00:00,5.61505,1.03024,5.5349,-23.21399,10.45638,14.1319,2.97523,-1.175,83.74182,-5.06768,-1.100468,0.417634,NA,NA,NA,NA,NA,NA,NA,NA,NA,NA,NA,-8.14225,5.82288,-0.72583,50,5.5343,7.76526,-133.19934,-2.59087,-14.60129,29.09956,-21.73204,ORL_FIR,YAR_RED,CCBLOrleans,Cape Cod Baseball League,CCBL,20250730-CCBLOrleans-1,e90c9d60-6d98-11f0-9893-2bfced202392,90.2524,NA,NA,8.17854,NA,NA,NA,NA,NA,NA,e90f2670-dfbc-4d51-82ba-0d5a03d444c7,2025-07-30,22:59:55,2025-07-30T22:59:55Z,2025-07-30T22:59:55Z,NA,v3,6102,6104,NA,"McAndrews, Thomas",836274,Right,YAR_RED,3d9a4089-4455-42e7-9b85-0da35aadbe7a,54.96258,-134.27912,14.54978,5.61548,-1.78447,-10.86602,-1.02402,8.30706,-7.30064,NA,NA,NA,NA,NA,NA,NA,NA,NA,NA,NA,NA,NA,NA,NA,NA,NA,NA,NA,NA,NA,NA,NA,NA,NA,NA,NA,NA,NA,NA,NA,NA,NA,NA,NA,NA,NA,NA,NA,NA,NA,NA,NA,NA,NA,NA,NA,NA,NA,NA,High,High,High,NA,NA,NA,NA,NA,NA,NA,NA,NA,NA,NA,NA,NA,NA,NA,NA,NA,NA,NA,NA,NA,NA,NA,NA,NA,NA,NA,NA,NA,NA,NA,NA,NA,NA,NA,NA,NA,NA,NA,NA,NA,NA,NA,NA,NA,NA,NA,NA,NA,NA,NA,NA,NA,NA,NA,NA,NA,NA
NA,NA,NA,NA,NA,NA,NA,NA,NA,NA,NA,NA,NA,NA,NA,NA,61,2025-07-30,19:00:09,1,6,"Hamilton, Brady",825131,Right,YAR_RED,"Bryce, Dawson",828768,Right,ORL_FIR,Undefined,2,Bottom,0,3,2,Curveball,Curveball,BallCalled,Walk,Undefined,Undefined,0,0,NA,79.86245,0.794909,1.551909,2428.303053,60.993141,08:00:00,5.57361,1.1676,5.1805,-49.55377,-4.36481,-10.52949,2.19237,1.75066,73.04784,-8.195488,-0.315905,0.483824,NA,NA,NA,NA,NA,NA,NA,NA,NA,NA,NA,5.718,-1.99441,-1.30346,50,5.6096,-2.70666,-115.86411,-0.17497,7.73017,22.75892,-34.8703,ORL_FIR,YAR_RED,CCBLOrleans,Cape Cod Baseball League,CCBL,20250730-CCBLOrleans-1,f1733040-6d98-11f0-9893-2bfced202392,77.90522,NA,NA,6.81461,NA,NA,NA,NA,NA,NA,e90f2670-dfbc-4d51-82ba-0d5a03d444c7,2025-07-30,23:00:09,2025-07-30T23:00:09Z,2025-07-30T23:00:09Z,NA,v3,6102,6104,NA,"McAndrews, Thomas",836274,Right,YAR_RED,4bc549b6-b367-4d14-8354-ec19b1a65647,55.31906,-116.90425,11.37946,5.58118,1.41869,-17.43515,-1.17169,-3.05995,3.86508,NA,NA,NA,NA,NA,NA,NA,NA,NA,NA,NA,NA,NA,NA,NA,NA,NA,NA,NA,NA,NA,NA,NA,NA,NA,NA,NA,NA,NA,NA,NA,NA,NA,NA,NA,NA,NA,NA,NA,NA,NA,NA,NA,NA,NA,NA,NA,NA,NA,NA,High,High,High,NA,NA,NA,NA,NA,NA,NA,NA,NA,NA,NA,NA,NA,NA,NA,NA,NA,NA,NA,NA,NA,NA,NA,NA,NA,NA,NA,NA,NA,NA,NA,NA,NA,NA,NA,NA,NA,NA,NA,NA,NA,NA,NA,NA,NA,NA,NA,NA,NA,NA,NA,NA,NA,NA,NA,NA,NA,NA
NA,NA,NA,NA,NA,NA,NA,NA,NA,NA,NA,NA,NA,NA,NA,NA,62,2025-07-30,19:00:40,2,1,"Hamilton, Brady",825131,Right,YAR_RED,"Williams, Javar",814191,Left,ORL_FIR,Undefined,2,Bottom,0,0,0,Slider,Curveball,StrikeCalled,Undefined,Undefined,Undefined,1,0,NA,78.98706,0.574121,-0.637331,2391.377066,53.442978,07:45:00,5.53455,1.12093,5.00271,-52.08704,-5.45571,-9.45032,1.73599,-0.26826,72.19283,-8.834975,-2.309117,0.491485,NA,NA,NA,NA,NA,NA,NA,NA,NA,NA,NA,4.54059,-2.53949,-1.0515,50,5.54698,1.6584,-114.57592,-0.73414,5.97922,23.0239,-35.51817,ORL_FIR,YAR_RED,CCBLOrleans,Cape Cod Baseball League,CCBL,20250730-CCBLOrleans-1,03cfa890-6d99-11f0-9893-2bfced202392,76.69095,NA,NA,6.79423,NA,NA,NA,NA,NA,NA,e90f2670-dfbc-4d51-82ba-0d5a03d444c7,2025-07-30,23:00:40,2025-07-30T23:00:40Z,2025-07-30T23:00:40Z,NA,v3,6102,6104,NA,"McAndrews, Thomas",836274,Right,YAR_RED,4c171783-b3ae-4cd3-adac-4abebef75e62,55.49761,-115.67538,11.51195,5.54154,0.96196,-17.75908,-1.12387,1.37287,2.98961,NA,NA,NA,NA,NA,NA,NA,NA,NA,NA,NA,NA,NA,NA,NA,NA,NA,NA,NA,NA,NA,NA,NA,NA,NA,NA,NA,NA,77.78422,2.138744,0.856371,1.282373,1.15078,1.69451,0.279,0.66323,5.72774,1.85729,127.28101,5.5307,-4.32285,0.80182,110.95345,-9.72132,5.7594,16.00112,-12.64579,1.79524,-8.90798,3.27477,High,High,High,NA,NA,High,High,High,NA,NA,NA,NA,NA,NA,NA,NA,NA,NA,NA,NA,NA,NA,NA,NA,NA,NA,NA,NA,NA,NA,NA,NA,NA,NA,NA,NA,NA,NA,NA,NA,NA,NA,NA,NA,NA,NA,NA,NA,NA,NA,NA,NA,NA,NA,NA,NA,NA,NA,NA,NA,NA
NA,NA,NA,NA,NA,NA,NA,NA,NA,NA,NA,NA,NA,NA,NA,NA,63,2025-07-30,19:01:08,2,2,"Hamilton, Brady",825131,Right,YAR_RED,"Williams, Javar",814191,Left,ORL_FIR,Undefined,2,Bottom,1,0,1,Slider,Curveball,FoulBallNotFieldable,Undefined,Undefined,Undefined,0,0,NA,79.78233,0.741708,0.397468,2394.657524,59.258474,08:00:00,5.56424,1.1348800000000001,5.16794,-49.27089,-4.16095,-9.37119,2.15641,0.72802,73.27252,-8.185948,-1.265026,0.483401,65.3068,7.092797,-174.480437,3562.406629,NA,NA,NA,57.49147,43.1728,-174.692793,0.675935,4.81953,-1.93201,-1.16431,50,5.59524,-0.42447,-115.83863,-0.26448,6.53557,22.04189,-34.79397,ORL_FIR,YAR_RED,CCBLOrleans,Cape Cod Baseball League,CCBL,20250730-CCBLOrleans-1,146f7cc0-6d99-11f0-9893-2bfced202392,77.97346,3.73985,NA,6.50981,NA,NA,NA,2.77412,2.24137,-0.72815,e90f2670-dfbc-4d51-82ba-0d5a03d444c7,2025-07-30,23:01:08,2025-07-30T23:01:08Z,2025-07-30T23:01:08Z,GroundBall,v3,6102,6104,NA,"McAndrews, Thomas",836274,Right,YAR_RED,196cd88e-4efa-474c-b12d-92b3e5f59cdc,55.33253,-116.8489,11.02095,5.57081,1.33028,-17.39699,-1.13799,-0.72402,3.26779,24.578291,2.77412,-94.60946,8.64241,-0.0718,0.00149,0.03409,-0.01043,0.00221,-5.8e-4,2.24137,11.82699,-23.97189,2.60997,-0.49456,0.10901,-0.01582,0.00262,-4.1e-4,-0.72815,-9.14246,3.94651,-0.78792,0.16535,-0.03238,0.00481,-0.001,1.7e-4,NA,NA,NA,NA,NA,NA,NA,NA,NA,NA,NA,NA,NA,NA,NA,NA,NA,NA,NA,NA,NA,NA,High,High,High,High,Medium,NA,NA,NA,NA,NA,NA,NA,NA,NA,NA,NA,NA,NA,NA,NA,NA,NA,NA,NA,NA,NA,NA,NA,NA,NA,NA,NA,NA,NA,NA,NA,NA,NA,NA,NA,NA,NA,NA,NA,NA,NA,NA,NA,NA,NA,NA,NA,NA,NA,NA,NA,NA,NA,NA,NA,NA
NA,NA,NA,NA,NA,NA,NA,NA,NA,NA,NA,NA,NA,NA,NA,NA,64,2025-07-30,19:01:30,2,3,"Hamilton, Brady",825131,Right,YAR_RED,"Williams, Javar",814191,Left,ORL_FIR,Undefined,2,Bottom,1,0,2,Sinker,Sinker,BallCalled,Undefined,Undefined,Undefined,0,0,NA,93.09652,-2.560253,-3.54783,2181.770997,233.080222,01:45:00,5.5947,1.03449,5.58482,-18.63005,14.66438,17.84592,1.64517,-0.79565,83.67059,-6.082145,-0.368714,0.415296,NA,NA,NA,NA,NA,NA,NA,NA,NA,NA,NA,-10.2563,8.62969,-0.74162,50,5.36251,7.53185,-134.62252,-6.6546,-18.48669,34.08201,-16.61928,ORL_FIR,YAR_RED,CCBLOrleans,Cape Cod Baseball League,CCBL,20250730-CCBLOrleans-1,219b11c0-6d99-11f0-9893-2bfced202392,90.7605,NA,NA,9.42593,NA,NA,NA,NA,NA,NA,e90f2670-dfbc-4d51-82ba-0d5a03d444c7,2025-07-30,23:01:30,2025-07-30T23:01:30Z,2025-07-30T23:01:30Z,NA,v3,6102,6104,NA,"McAndrews, Thomas",836274,Right,YAR_RED,549c8b7a-3ef2-4a83-994b-1751ab0cf299,54.91258,-135.86053,17.041,5.59327,-6.05091,-8.30964,-1.0274,8.20337,-9.24334,NA,NA,NA,NA,NA,NA,NA,NA,NA,NA,NA,NA,NA,NA,NA,NA,NA,NA,NA,NA,NA,NA,NA,NA,NA,NA,NA,NA,NA,NA,NA,NA,NA,NA,NA,NA,NA,NA,NA,NA,NA,NA,NA,NA,NA,NA,NA,NA,NA,NA,High,High,High,NA,NA,NA,NA,NA,NA,NA,NA,NA,NA,NA,NA,NA,NA,NA,NA,NA,NA,NA,NA,NA,NA,NA,NA,NA,NA,NA,NA,NA,NA,NA,NA,NA,NA,NA,NA,NA,NA,NA,NA,NA,NA,NA,NA,NA,NA,NA,NA,NA,NA,NA,NA,NA,NA,NA,NA,NA,NA
NA,NA,NA,NA,NA,NA,NA,NA,NA,NA,NA,NA,NA,NA,NA,NA,65,2025-07-30,19:01:44,2,4,"Hamilton, Brady",825131,Right,YAR_RED,"Williams, Javar",814191,Left,ORL_FIR,Undefined,2,Bottom,1,1,2,Curveball,Curveball,BallCalled,Undefined,Undefined,Undefined,0,0,NA,81.05717,-2.552506,-1.868556,2529.452755,49.237572,07:45:00,5.53633,1.00697,4.98055,-52.31956,-7.42571,-10.47044,-1.23704,-1.63081,74.03731,-11.908004,-3.723759,0.482242,NA,NA,NA,NA,NA,NA,NA,NA,NA,NA,NA,4.71181,-2.69004,-0.8174,50,5.24637,4.2472,-117.31522,-7.1426,6.42747,26.57694,-35.84358,ORL_FIR,YAR_RED,CCBLOrleans,Cape Cod Baseball League,CCBL,20250730-CCBLOrleans-1,2a26dfe0-6d99-11f0-9893-2bfced202392,78.16089,NA,NA,7.01987,NA,NA,NA,NA,NA,NA,e90f2670-dfbc-4d51-82ba-0d5a03d444c7,2025-07-30,23:01:44,2025-07-30T23:01:44Z,2025-07-30T23:01:44Z,NA,v3,6102,6104,NA,"McAndrews, Thomas",836274,Right,YAR_RED,f0f18103-5c31-42a0-9742-59003fdbc90d,55.52102,-118.55937,13.28847,5.54147,-5.46465,-17.92179,-1.00919,3.94631,3.21373,NA,NA,NA,NA,NA,NA,NA,NA,NA,NA,NA,NA,NA,NA,NA,NA,NA,NA,NA,NA,NA,NA,NA,NA,NA,NA,NA,NA,NA,NA,NA,NA,NA,NA,NA,NA,NA,NA,NA,NA,NA,NA,NA,NA,NA,NA,NA,NA,NA,NA,High,High,High,NA,NA,NA,NA,NA,NA,NA,NA,NA,NA,NA,NA,NA,NA,NA,NA,NA,NA,NA,NA,NA,NA,NA,NA,NA,NA,NA,NA,NA,NA,NA,NA,NA,NA,NA,NA,NA,NA,NA,NA,NA,NA,NA,NA,NA,NA,NA,NA,NA,NA,NA,NA,NA,NA,NA,NA,NA,NA
NA,NA,NA,NA,NA,NA,NA,NA,NA,NA,NA,NA,NA,NA,NA,NA,66,2025-07-30,19:02:03,2,5,"Hamilton, Brady",825131,Right,YAR_RED,"Williams, Javar",814191,Left,ORL_FIR,Undefined,2,Bottom,1,2,2,Sinker,Sinker,FoulBallNotFieldable,Undefined,Undefined,Undefined,0,0,NA,92.69601,-1.597575,-1.494551,2119.15899,227.550484,01:30:00,5.606,1.27229,5.60259,-18.07599,15.13146,15.27202,2.60741,1.14945,83.87972,-5.012697,1.232072,0.414753,70.78092,20.559551,-166.214544,2070.04502,-105.80915,13.09934,-30.07217,147.37318,45.34702,-163.895898,1.78733,-8.21634,8.50004,-1.1546,50,5.45783,2.81134,-134.41274,-4.34886,-14.86701,32.10787,-16.79371,ORL_FIR,YAR_RED,CCBLOrleans,Cape Cod Baseball League,CCBL,20250730-CCBLOrleans-1,358afb50-6d99-11f0-9893-2bfced202392,90.87929,17.1622,NA,8.8163,NA,NA,NA,2.22484,2.59849,-1.28034,e90f2670-dfbc-4d51-82ba-0d5a03d444c7,2025-07-30,23:02:03,2025-07-30T23:02:03Z,2025-07-30T23:02:03Z,LineDrive,v3,6102,6104,NA,"McAndrews, Thomas",836274,Right,YAR_RED,bd94c395-88e0-4374-8a78-baa9aa663d12,54.89469,-135.57691,16.05393,5.60447,-3.73994,-8.39686,-1.2663,3.35039,-7.4335,NA,2.22484,-94.39996,9.7293,-1.54212,0.33619,-0.06061,0.01256,-0.00198,1.3e-4,2.59849,36.45671,-24.6544,2.66332,-0.5714,0.11755,-0.02129,0.00359,-3.2e-4,-1.28034,-23.16145,0.87192,-0.22443,0.04165,-0.00938,0.00166,-2.9e-4,3e-5,NA,NA,NA,NA,NA,NA,NA,NA,NA,NA,NA,NA,NA,NA,NA,NA,NA,NA,NA,NA,NA,NA,High,High,High,High,Medium,NA,NA,NA,NA,NA,NA,NA,NA,NA,NA,NA,NA,NA,NA,NA,NA,NA,NA,NA,NA,NA,NA,NA,NA,NA,NA,NA,NA,NA,NA,NA,NA,NA,NA,NA,NA,NA,NA,NA,NA,NA,NA,NA,NA,NA,NA,NA,NA,NA,NA,NA,NA,NA,NA,NA,NA
NA,NA,NA,NA,NA,NA,NA,NA,NA,NA,NA,NA,NA,NA,NA,NA,67,2025-07-30,19:02:18,2,6,"Hamilton, Brady",825131,Right,YAR_RED,"Williams, Javar",814191,Left,ORL_FIR,Undefined,2,Bottom,1,2,2,ChangeUp,Splitter,BallCalled,Undefined,Undefined,Undefined,0,0,NA,84.82546,-2.617256,-3.159732,792.694362,295.696076,03:45:00,5.47551,1.01545,5.47635,-43.42034,-3.05886,9.47504,-0.59731,-1.15459,76.87486,-10.509948,-1.468883,0.457251,NA,NA,NA,NA,NA,NA,NA,NA,NA,NA,NA,-5.95847,-0.38398,-0.74475,50,5.21528,6.38842,-122.69468,-7.1701,-8.88267,29.26621,-32.74648,ORL_FIR,YAR_RED,CCBLOrleans,Cape Cod Baseball League,CCBL,20250730-CCBLOrleans-1,3e421f30-6d99-11f0-9893-2bfced202392,82.43266,NA,NA,7.9506,NA,NA,NA,NA,NA,NA,e90f2670-dfbc-4d51-82ba-0d5a03d444c7,2025-07-30,23:02:18,2025-07-30T23:02:18Z,2025-07-30T23:02:18Z,NA,v3,6102,6104,NA,"McAndrews, Thomas",836274,Right,YAR_RED,96b79529-d5d4-431a-9087-1db7b184fa26,55.02331,-123.88709,14.63311,5.48023,-5.83589,-16.37324,-1.01241,6.75033,-4.44134,NA,NA,NA,NA,NA,NA,NA,NA,NA,NA,NA,NA,NA,NA,NA,NA,NA,NA,NA,NA,NA,NA,NA,NA,NA,NA,NA,NA,NA,NA,NA,NA,NA,NA,NA,NA,NA,NA,NA,NA,NA,NA,NA,NA,NA,NA,NA,NA,NA,NA,High,High,High,NA,NA,NA,NA,NA,NA,NA,NA,NA,NA,NA,NA,NA,NA,NA,NA,NA,NA,NA,NA,NA,NA,NA,NA,NA,NA,NA,NA,NA,NA,NA,NA,NA,NA,NA,NA,NA,NA,NA,NA,NA,NA,NA,NA,NA,NA,NA,NA,NA,NA,NA,NA,NA,NA,NA,NA,NA,NA
NA,NA,NA,NA,NA,NA,NA,NA,NA,NA,NA,NA,NA,NA,NA,NA,68,2025-07-30,19:02:35,2,7,"Hamilton, Brady",825131,Right,YAR_RED,"Williams, Javar",814191,Left,ORL_FIR,Undefined,2,Bottom,1,3,2,Sinker,Sinker,InPlay,Undefined,GroundBall,Out,1,0,NA,93.52406,-1.408266,-2.389857,2143.218564,239.537752,02:00:00,5.56676,1.05983,5.61951,-21.63883,10.86666,16.60422,2.44789,0.21196,84.94268,-5.447935,0.574442,0.410346,69.7563,-30.280049000000002,51.478556,NA,NA,NA,NA,6.25298,5.72616,28.988774,0.048609,-9.19123,6.25075,-0.86711,50,5.43279,4.91022,-135.63393,-4.1095,-16.99508,31.71614,-20.61608,ORL_FIR,YAR_RED,CCBLOrleans,Cape Cod Baseball League,CCBL,20250730-CCBLOrleans-1,4845e750-6d99-11f0-9893-2bfced202392,91.85535,2.51684,NA,8.58138,NA,NA,NA,2.78496,2.51684,-0.34199,e90f2670-dfbc-4d51-82ba-0d5a03d444c7,2025-07-30,23:02:35,2025-07-30T23:02:35Z,2025-07-30T23:02:35Z,GroundBall,v3,6102,6104,NA,"McAndrews, Thomas",836274,Right,YAR_RED,2e276131-9d97-4389-a2e8-dcf78e37d106,54.87928,-136.77012,15.85807,5.56678,-3.37096,-10.30804,-1.05392,5.51905,-8.49754,180,2.78338,55.22817,NA,NA,NA,NA,NA,NA,NA,2.51832,-51.77675,NA,NA,NA,NA,NA,NA,NA,-0.34398,69.37802,NA,NA,NA,NA,NA,NA,NA,NA,NA,NA,NA,NA,NA,NA,NA,NA,NA,NA,NA,NA,NA,NA,NA,NA,NA,NA,NA,NA,NA,High,High,High,Low,Low,NA,NA,NA,NA,NA,NA,NA,NA,NA,NA,NA,NA,NA,NA,NA,NA,NA,NA,NA,NA,NA,NA,NA,NA,NA,NA,NA,NA,NA,NA,NA,NA,NA,NA,NA,NA,NA,NA,NA,NA,NA,NA,NA,NA,NA,NA,NA,NA,NA,NA,NA,NA,NA,NA,NA,NA
NA,NA,NA,NA,NA,NA,NA,NA,NA,NA,NA,NA,NA,NA,NA,NA,69,2025-07-30,19:03:29,3,1,"Hamilton, Brady",825131,Right,YAR_RED,"Crossland, Michael",835210,Right,ORL_FIR,Undefined,2,Bottom,2,0,0,Fastball,Four-Seam,BallCalled,Undefined,Undefined,Undefined,0,0,NA,91.48589,-1.969198,-3.865685,2158.20077,219.485857,01:15:00,5.52712,1.04531,5.70087,-17.47158,16.45426,12.60808,2.23135,-1.51155,83.1167,-5.276607,-1.617615,0.419215,NA,NA,NA,NA,NA,NA,NA,NA,NA,NA,NA,-7.49906,9.26221,-0.72846,50,5.35081,8.37994,-132.44239,-5.11268,-13.2582,29.50948,-15.79862,ORL_FIR,YAR_RED,CCBLOrleans,Cape Cod Baseball League,CCBL,20250730-CCBLOrleans-1,686a82c0-6d99-11f0-9893-2bfced202392,89.91193,NA,NA,8.3692,NA,NA,NA,NA,NA,NA,e90f2670-dfbc-4d51-82ba-0d5a03d444c7,2025-07-30,23:03:29,2025-07-30T23:03:29Z,2025-07-30T23:03:29Z,NA,v3,6102,6104,NA,"McAndrews, Thomas",836274,Right,YAR_RED,aba1318b-19c9-4026-9a47-e1561799294f,54.79547,-133.50659,14.75474,5.52491,-4.54294,-7.89931,-1.03929,8.85807,-6.6291,NA,NA,NA,NA,NA,NA,NA,NA,NA,NA,NA,NA,NA,NA,NA,NA,NA,NA,NA,NA,NA,NA,NA,NA,NA,NA,NA,NA,NA,NA,NA,NA,NA,NA,NA,NA,NA,NA,NA,NA,NA,NA,NA,NA,NA,NA,NA,NA,NA,NA,High,High,High,NA,NA,NA,NA,NA,NA,NA,NA,NA,NA,NA,NA,NA,NA,NA,NA,NA,NA,NA,NA,NA,NA,NA,NA,NA,NA,NA,NA,NA,NA,NA,NA,NA,NA,NA,NA,NA,NA,NA,NA,NA,NA,NA,NA,NA,NA,NA,NA,NA,NA,NA,NA,NA,NA,NA,NA,NA,NA
NA,NA,NA,NA,NA,NA,NA,NA,NA,NA,NA,NA,NA,NA,NA,NA,70,2025-07-30,19:03:41,3,2,"Hamilton, Brady",825131,Right,YAR_RED,"Crossland, Michael",835210,Right,ORL_FIR,Undefined,2,Bottom,2,1,0,Sinker,Sinker,BallCalled,Undefined,Undefined,Undefined,0,0,NA,92.46214,-2.549998,-2.404953,2197.328971,244.544762,02:15:00,5.54374,1.08386,5.72823,-23.56761,9.59713,17.7928,1.20123,0.32548,84.15606,-6.930521,0.780065,0.414486,NA,NA,NA,NA,NA,NA,NA,NA,NA,NA,NA,-9.89453,5.9737,-0.8948,50,5.31634,4.8575,-134.04315,-6.80492,-17.85899,31.12588,-21.39192,ORL_FIR,YAR_RED,CCBLOrleans,Cape Cod Baseball League,CCBL,20250730-CCBLOrleans-1,6f8fbc00-6d99-11f0-9893-2bfced202392,90.93783,NA,NA,8.30608,NA,NA,NA,NA,NA,NA,e90f2670-dfbc-4d51-82ba-0d5a03d444c7,2025-07-30,23:03:41,2025-07-30T23:03:41Z,2025-07-30T23:03:41Z,NA,v3,6102,6104,NA,"McAndrews, Thomas",836274,Right,YAR_RED,d76ab9fc-2784-4f13-ae9d-d934a4cf789d,54.77152,-135.14659,15.56294,5.54414,-6.04656,-10.69596,-1.07823,5.49061,-8.9295,NA,NA,NA,NA,NA,NA,NA,NA,NA,NA,NA,NA,NA,NA,NA,NA,NA,NA,NA,NA,NA,NA,NA,NA,NA,NA,NA,NA,NA,NA,NA,NA,NA,NA,NA,NA,NA,NA,NA,NA,NA,NA,NA,NA,NA,NA,NA,NA,NA,NA,High,High,High,NA,NA,NA,NA,NA,NA,NA,NA,NA,NA,NA,NA,NA,NA,NA,NA,NA,NA,NA,NA,NA,NA,NA,NA,NA,NA,NA,NA,NA,NA,NA,NA,NA,NA,NA,NA,NA,NA,NA,NA,NA,NA,NA,NA,NA,NA,NA,NA,NA,NA,NA,NA,NA,NA,NA,NA,NA,NA
NA,NA,NA,NA,NA,NA,NA,NA,NA,NA,NA,NA,NA,NA,NA,NA,71,2025-07-30,19:03:54,3,3,"Hamilton, Brady",825131,Right,YAR_RED,"Crossland, Michael",835210,Right,ORL_FIR,Undefined,2,Bottom,2,2,0,Sinker,Sinker,StrikeCalled,Undefined,Undefined,Undefined,0,0,NA,91.42243,-0.144773,-2.098685,2144.029144,239.116902,02:00:00,5.5094,1.12833,5.42136,-23.20304,11.16875,16.67332,3.44011,0.55109,82.6385,-4.473452,0.86668,0.421961,NA,NA,NA,NA,NA,NA,NA,NA,NA,NA,NA,-8.97725,6.00831,-0.95379,50,5.48077,4.07301,-132.51576,-1.17152,-15.79983,31.02152,-21.59951,ORL_FIR,YAR_RED,CCBLOrleans,Cape Cod Baseball League,CCBL,20250730-CCBLOrleans-1,77967ba0-6d99-11f0-9893-2bfced202392,89.32678,NA,NA,8.78392,NA,NA,NA,NA,NA,NA,e90f2670-dfbc-4d51-82ba-0d5a03d444c7,2025-07-30,23:03:54,2025-07-30T23:03:54Z,2025-07-30T23:03:54Z,NA,v3,6102,6104,NA,"McAndrews, Thomas",836274,Right,YAR_RED,d5494b9f-eb83-4416-95b0-07627900f10b,55.07464,-133.69844,15.51076,5.50973,-0.34805,-10.79976,-1.12055,4.67537,-7.89991,NA,NA,NA,NA,NA,NA,NA,NA,NA,NA,NA,NA,NA,NA,NA,NA,NA,NA,NA,NA,NA,NA,NA,NA,NA,NA,NA,NA,NA,NA,NA,NA,NA,NA,NA,NA,NA,NA,NA,NA,NA,NA,NA,NA,NA,NA,NA,NA,NA,NA,High,High,High,NA,NA,NA,NA,NA,NA,NA,NA,NA,NA,NA,NA,NA,NA,NA,NA,NA,NA,NA,NA,NA,NA,NA,NA,NA,NA,NA,NA,NA,NA,NA,NA,NA,NA,NA,NA,NA,NA,NA,NA,NA,NA,NA,NA,NA,NA,NA,NA,NA,NA,NA,NA,NA,NA,NA,NA,NA,NA
NA,NA,NA,NA,NA,NA,NA,NA,NA,NA,NA,NA,NA,NA,NA,NA,72,2025-07-30,19:04:09,3,4,"Hamilton, Brady",825131,Right,YAR_RED,"Crossland, Michael",835210,Right,ORL_FIR,Undefined,2,Bottom,2,2,1,Sinker,Four-Seam,BallCalled,Undefined,Undefined,Undefined,0,0,NA,91.32682,-0.91979,-3.421202,2170.482135,224.043571,01:30:00,5.5395200000000004,1.09425,5.66655,-18.99119,15.12072,13.48953,3.0977,-0.97536,82.7202,-4.507683,-1.015608,0.420363,NA,NA,NA,NA,NA,NA,NA,NA,NA,NA,NA,-7.82327,8.27882,-0.81343,50,5.4499,7.29444,-132.29323,-2.74288,-13.76363,30.13956,-17.60899,ORL_FIR,YAR_RED,CCBLOrleans,Cape Cod Baseball League,CCBL,20250730-CCBLOrleans-1,80ab76f0-6d99-11f0-9893-2bfced202392,89.66643,NA,NA,8.60663,NA,NA,NA,NA,NA,NA,e90f2670-dfbc-4d51-82ba-0d5a03d444c7,2025-07-30,23:04:09,2025-07-30T23:04:09Z,2025-07-30T23:04:09Z,NA,v3,6102,6104,NA,"McAndrews, Thomas",836274,Right,YAR_RED,c538242f-e2e7-4bf1-b9a9-c960f2ed6ccd,54.82932,-133.38892,15.06978,5.53798,-2.10272,-8.8045,-1.0877,7.7948,-6.88182,NA,NA,NA,NA,NA,NA,NA,NA,NA,NA,NA,NA,NA,NA,NA,NA,NA,NA,NA,NA,NA,NA,NA,NA,NA,NA,NA,NA,NA,NA,NA,NA,NA,NA,NA,NA,NA,NA,NA,NA,NA,NA,NA,NA,NA,NA,NA,NA,NA,NA,High,High,High,NA,NA,NA,NA,NA,NA,NA,NA,NA,NA,NA,NA,NA,NA,NA,NA,NA,NA,NA,NA,NA,NA,NA,NA,NA,NA,NA,NA,NA,NA,NA,NA,NA,NA,NA,NA,NA,NA,NA,NA,NA,NA,NA,NA,NA,NA,NA,NA,NA,NA,NA,NA,NA,NA,NA,NA,NA,NA
NA,NA,NA,NA,NA,NA,NA,NA,NA,NA,NA,NA,NA,NA,NA,NA,73,2025-07-30,19:04:24,3,5,"Hamilton, Brady",825131,Right,YAR_RED,"Crossland, Michael",835210,Right,ORL_FIR,Undefined,2,Bottom,2,3,1,Sinker,Four-Seam,StrikeCalled,Undefined,Undefined,Undefined,0,0,NA,93.14247,-1.851602,-3.313888,2134.967977,226.943757,01:30:00,5.55506,1.0476,5.54405,-19.33871,13.60627,13.35154,2.2096,-0.94019,84.50764,-5.478758,-0.937193,0.41311,NA,NA,NA,NA,NA,NA,NA,NA,NA,NA,NA,-7.69689,7.75059,-0.76925,50,5.38182,7.18425,-134.87535,-5.03594,-14.08461,31.14339,-17.99122,ORL_FIR,YAR_RED,CCBLOrleans,Cape Cod Baseball League,CCBL,20250730-CCBLOrleans-1,8931ede0-6d99-11f0-9893-2bfced202392,91.2406,NA,NA,8.63483,NA,NA,NA,NA,NA,NA,e90f2670-dfbc-4d51-82ba-0d5a03d444c7,2025-07-30,23:04:24,2025-07-30T23:04:24Z,2025-07-30T23:04:24Z,NA,v3,6102,6104,NA,"McAndrews, Thomas",836274,Right,YAR_RED,d7b85a1c-c2f8-4197-b390-6a7398ef51c5,54.95225,-136.01404,15.57169,5.55392,-4.37813,-8.99561,-1.04134,7.69923,-7.04231,NA,NA,NA,NA,NA,NA,NA,NA,NA,NA,NA,NA,NA,NA,NA,NA,NA,NA,NA,NA,NA,NA,NA,NA,NA,NA,NA,NA,NA,NA,NA,NA,NA,NA,NA,NA,NA,NA,NA,NA,NA,NA,NA,NA,NA,NA,NA,NA,NA,NA,High,High,High,NA,NA,NA,NA,NA,NA,NA,NA,NA,NA,NA,NA,NA,NA,NA,NA,NA,NA,NA,NA,NA,NA,NA,NA,NA,NA,NA,NA,NA,NA,NA,NA,NA,NA,NA,NA,NA,NA,NA,NA,NA,NA,NA,NA,NA,NA,NA,NA,NA,NA,NA,NA,NA,NA,NA,NA,NA,NA
NA,NA,NA,NA,NA,NA,NA,NA,NA,NA,NA,NA,NA,NA,NA,NA,74,2025-07-30,19:04:43,3,6,"Hamilton, Brady",825131,Right,YAR_RED,"Crossland, Michael",835210,Right,ORL_FIR,Undefined,2,Bottom,2,3,2,Sinker,Sinker,FoulBallNotFieldable,Undefined,Undefined,Undefined,0,0,NA,92.69349,-2.553189,-2.612315,2141.766164,228.295983,01:30:00,5.58077,1.15374,5.67195,-19.27505,13.74422,14.17713,1.5901,-0.10201,84.39251,-6.167124,-0.079615,0.413576,75.668,68.906148,67.495358,5578.857045,13.26218,108.82853,109.19758,152.19616,49.44675,84.644097,5.541072,-8.02311,8.06756,-0.94255,50,5.35306,5.50128,-134.34345,-6.64956,-14.5843,30.55845,-17.50894,ORL_FIR,YAR_RED,CCBLOrleans,Cape Cod Baseball League,CCBL,20250730-CCBLOrleans-1,94f89bb0-6d99-11f0-9893-2bfced202392,91.13788,128.59562,NA,8.30098,NA,NA,NA,3.79481,2.30642,0.19094,e90f2670-dfbc-4d51-82ba-0d5a03d444c7,2025-07-30,23:04:43,2025-07-30T23:04:43Z,2025-07-30T23:04:43Z,Popup,v3,6102,6104,NA,"McAndrews, Thomas",836274,Right,YAR_RED,1010a9ce-fe1f-4cd2-89dc-0d4f5851e914,54.82681,-135.43693,15.27923,5.57979,-6.02304,-8.75447,-1.14874,6.02315,-7.29215,NA,3.78825,15.34988,-8.61976,2.33682,-0.06009,-0.22388,0.0818,-0.01197,6.4e-4,2.30334,103.58155,-26.44275,3.13111,-0.55341,0.05,0.00215,-0.00103,8e-5,0.19948,36.74052,-3.34756,-0.11966,0.53952,-0.2379,0.0507,-0.0054,2.3e-4,NA,NA,NA,NA,NA,NA,NA,NA,NA,NA,NA,NA,NA,NA,NA,NA,NA,NA,NA,NA,NA,NA,High,High,High,Medium,Low,NA,NA,NA,NA,NA,NA,NA,NA,NA,NA,NA,NA,NA,NA,NA,NA,NA,NA,NA,NA,NA,NA,NA,NA,NA,NA,NA,NA,NA,NA,NA,NA,NA,NA,NA,NA,NA,NA,NA,NA,NA,NA,NA,NA,NA,NA,NA,NA,NA,NA,NA,NA,NA,NA,NA,NA
NA,NA,NA,NA,NA,NA,NA,NA,NA,NA,NA,NA,NA,NA,NA,NA,75,2025-07-30,19:05:06,3,7,"Hamilton, Brady",825131,Right,YAR_RED,"Crossland, Michael",835210,Right,ORL_FIR,Undefined,2,Bottom,2,3,2,Sinker,Sinker,InPlay,Undefined,LineDrive,Double,0,0,NA,93.042,-1.534894,-1.284573,2219.334473,231.076823,01:45:00,5.50517,1.11635,5.6849,-20.46678,12.22375,13.78812,2.36826,1.06783,84.65849,-5.367133,1.181532,0.411512,87.40734,17.939303,-35.425016,2151.860893,85.88507,24.8234,-68.72938,245.73968,221.53221,-42.746373,2.603786,-7.42418,6.99024,-1.01722,50,5.3633,2.41129,-135.02578,-4.32672,-13.62294,31.07138,-19.34739,ORL_FIR,YAR_RED,CCBLOrleans,Cape Cod Baseball League,CCBL,20250730-CCBLOrleans-1,a26a8880-6d99-11f0-9893-2bfced202392,91.59499,25.58694,NA,8.38351,NA,NA,NA,2.13234,2.55479,-1.2293,e90f2670-dfbc-4d51-82ba-0d5a03d444c7,2025-07-30,23:05:06,2025-07-30T23:05:06Z,2025-07-30T23:05:06Z,LineDrive,v3,6102,6104,NA,"McAndrews, Thomas",836274,Right,YAR_RED,9f9f9535-e75c-4252-a224-14f1da41375c,54.81342,-136.12891,15.53569,5.50472,-3.63983,-9.67369,-1.11142,2.89495,-6.81147,NA,2.13223,99.39133,-17.89612,3.92451,-1.02538,0.28527,-0.07787,0.01267,-6.8e-4,2.55484,39.48374,-18.44896,1.47615,-0.16945,-0.00295,0.0083,-1.7e-4,-3.1e-4,-1.22926,-70.69724,1.80512,0.91166,-0.37197,0.08374,-0.01152,0.00167,-2.4e-4,NA,NA,NA,NA,NA,NA,NA,NA,NA,NA,NA,NA,NA,NA,NA,NA,NA,NA,NA,NA,NA,NA,High,High,High,High,High,NA,NA,NA,NA,NA,NA,NA,NA,NA,NA,NA,NA,NA,NA,NA,NA,NA,NA,NA,NA,NA,NA,NA,NA,NA,NA,NA,NA,NA,NA,NA,NA,NA,NA,NA,NA,NA,NA,NA,NA,NA,NA,NA,NA,NA,NA,NA,NA,NA,NA,NA,NA,NA,NA,NA,NA
NA,NA,NA,NA,NA,NA,NA,NA,NA,NA,NA,NA,NA,NA,NA,NA,76,2025-07-30,19:05:53,4,1,"Hamilton, Brady",825131,Right,YAR_RED,"Kucherak, Ryan",807725,Right,ORL_FIR,Undefined,2,Bottom,2,0,0,Slider,Slider,StrikeCalled,Undefined,Undefined,Undefined,0,0,NA,80.15103,-0.171467,-0.401894,2499.0372390000002,79.37056,08:45:00,5.54614,1.1655,5.02271,-45.82408,-0.67772,-11.48607,1.56566,-0.17092,73.38312,-8.465269,-2.434215,0.483596,NA,NA,NA,NA,NA,NA,NA,NA,NA,NA,NA,5.59642,0.1289,-1.11729,50,5.49279,1.29526,-116.27447,-2.01693,7.61319,23.09105,-31.99868,ORL_FIR,YAR_RED,CCBLOrleans,Cape Cod Baseball League,CCBL,20250730-CCBLOrleans-1,be4fa580-6d99-11f0-9893-2bfced202392,77.94199,NA,NA,6.7679,NA,NA,NA,NA,NA,NA,e90f2670-dfbc-4d51-82ba-0d5a03d444c7,2025-07-30,23:05:53,2025-07-30T23:05:53Z,2025-07-30T23:05:53Z,NA,v3,6102,6104,NA,"McAndrews, Thomas",836274,Right,YAR_RED,a2c35320-c080-443e-8a64-4688cde329bf,55.47609,-117.35694,11.54553,5.55219,-0.5169,-15.99934,-1.16964,0.93837,3.80659,NA,NA,NA,NA,NA,NA,NA,NA,NA,NA,NA,NA,NA,NA,NA,NA,NA,NA,NA,NA,NA,NA,NA,NA,NA,NA,NA,NA,NA,NA,NA,NA,NA,NA,NA,NA,NA,NA,NA,NA,NA,NA,NA,NA,NA,NA,NA,NA,NA,NA,High,High,High,NA,NA,NA,NA,NA,NA,NA,NA,NA,NA,NA,NA,NA,NA,NA,NA,NA,NA,NA,NA,NA,NA,NA,NA,NA,NA,NA,NA,NA,NA,NA,NA,NA,NA,NA,NA,NA,NA,NA,NA,NA,NA,NA,NA,NA,NA,NA,NA,NA,NA,NA,NA,NA,NA,NA,NA,NA,NA
NA,NA,NA,NA,NA,NA,NA,NA,NA,NA,NA,NA,NA,NA,NA,NA,77,2025-07-30,19:06:09,4,2,"Hamilton, Brady",825131,Right,YAR_RED,"Kucherak, Ryan",807725,Right,ORL_FIR,Undefined,2,Bottom,2,0,1,Sinker,Four-Seam,StrikeSwinging,Undefined,Undefined,Undefined,0,0,NA,92.393,-0.59537,-1.904235,2283.815437,225.632668,01:30:00,5.64184,1.04548,5.47042,-18.68934,14.94044,14.06123,3.52691,0.43456,83.38985,-4.123602,0.598783,0.417382,NA,NA,NA,NA,NA,NA,NA,NA,NA,NA,NA,-7.63729,8.04422,-0.88781,50,5.57712,3.78939,-133.91299,-2.02337,-13.7092,32.01528,-17.73439,ORL_FIR,YAR_RED,CCBLOrleans,Cape Cod Baseball League,CCBL,20250730-CCBLOrleans-1,c7cc8a60-6d99-11f0-9893-2bfced202392,90.30688,NA,NA,9.00316,NA,NA,NA,NA,NA,NA,e90f2670-dfbc-4d51-82ba-0d5a03d444c7,2025-07-30,23:06:09,2025-07-30T23:06:09Z,2025-07-30T23:06:09Z,NA,v3,6102,6104,NA,"McAndrews, Thomas",836274,Right,YAR_RED,8f6c0f39-9121-4e0f-8ba5-93e25c0da12c,55.02506,-135.10902,16.00764,5.64033,-1.36085,-8.8672,-1.03894,4.30154,-6.8546,NA,NA,NA,NA,NA,NA,NA,NA,NA,NA,NA,NA,NA,NA,NA,NA,NA,NA,NA,NA,NA,NA,NA,NA,NA,NA,NA,NA,NA,NA,NA,NA,NA,NA,NA,NA,NA,NA,NA,NA,NA,NA,NA,NA,NA,NA,NA,NA,NA,NA,High,High,High,NA,NA,NA,NA,NA,NA,NA,NA,NA,NA,NA,NA,NA,NA,NA,NA,NA,NA,NA,NA,NA,NA,NA,NA,NA,NA,NA,NA,NA,NA,NA,NA,NA,NA,NA,NA,NA,NA,NA,NA,NA,NA,NA,NA,NA,NA,NA,NA,NA,NA,NA,NA,NA,NA,NA,NA,NA,NA
NA,NA,NA,NA,NA,NA,NA,NA,NA,NA,NA,NA,NA,NA,NA,NA,78,2025-07-30,19:06:27,4,3,"Hamilton, Brady",825131,Right,YAR_RED,"Kucherak, Ryan",807725,Right,ORL_FIR,Undefined,2,Bottom,2,0,2,Slider,Slider,BallCalled,Undefined,Undefined,Undefined,0,0,NA,81.60971,-0.429536,-0.462852,2613.880378,64.010213,08:15:00,5.63866,1.02026,4.83573,-49.48857,-5.34843,-14.08898,1.10786,-0.59211,74.40333,-9.333062,-2.949222,0.478177,NA,NA,NA,NA,NA,NA,NA,NA,NA,NA,NA,6.82146,-2.09354,-0.96163,50,5.55351,1.56741,-118.28964,-2.78693,9.53622,25.3744,-35.10076,ORL_FIR,YAR_RED,CCBLOrleans,Cape Cod Baseball League,CCBL,20250730-CCBLOrleans-1,d2b55b50-6d99-11f0-9893-2bfced202392,78.82536,NA,NA,7.20638,NA,NA,NA,NA,NA,NA,e90f2670-dfbc-4d51-82ba-0d5a03d444c7,2025-07-30,23:06:27,2025-07-30T23:06:27Z,2025-07-30T23:06:27Z,NA,v3,6102,6104,NA,"McAndrews, Thomas",836274,Right,YAR_RED,3b42aee6-0d5b-4625-b153-0861bfdb23f8,55.66342,-119.49833,12.6872,5.64645,-1.11493,-17.55038,-1.02547,1.11316,4.76811,NA,NA,NA,NA,NA,NA,NA,NA,NA,NA,NA,NA,NA,NA,NA,NA,NA,NA,NA,NA,NA,NA,NA,NA,NA,NA,NA,NA,NA,NA,NA,NA,NA,NA,NA,NA,NA,NA,NA,NA,NA,NA,NA,NA,NA,NA,NA,NA,NA,NA,High,High,High,NA,NA,NA,NA,NA,NA,NA,NA,NA,NA,NA,NA,NA,NA,NA,NA,NA,NA,NA,NA,NA,NA,NA,NA,NA,NA,NA,NA,NA,NA,NA,NA,NA,NA,NA,NA,NA,NA,NA,NA,NA,NA,NA,NA,NA,NA,NA,NA,NA,NA,NA,NA,NA,NA,NA,NA,NA,NA
NA,NA,NA,NA,NA,NA,NA,NA,NA,NA,NA,NA,NA,NA,NA,NA,79,2025-07-30,19:06:49,4,4,"Hamilton, Brady",825131,Right,YAR_RED,"Kucherak, Ryan",807725,Right,ORL_FIR,Undefined,2,Bottom,2,1,2,Slider,Slider,StrikeCalled,Strikeout,Undefined,Undefined,0,0,NA,81.25384,1.157978,0.675528,2562.288814,73.699591,08:30:00,5.58382,1.17386,5.01373,-46.40184,-2.34122,-13.06564,2.81012,0.72264,73.95595,-7.263311,-1.634095,0.477746,NA,NA,NA,NA,NA,NA,NA,NA,NA,NA,NA,6.64886,-1.03992,-1.22763,50,5.65752,-0.82272,-117.80864,0.645,9.26652,24.11741,-33.62339,ORL_FIR,YAR_RED,CCBLOrleans,Cape Cod Baseball League,CCBL,20250730-CCBLOrleans-1,dfb65de0-6d99-11f0-9893-2bfced202392,78.89647,NA,NA,7.29789,NA,NA,NA,NA,NA,NA,e90f2670-dfbc-4d51-82ba-0d5a03d444c7,2025-07-30,23:06:49,2025-07-30T23:06:49Z,2025-07-30T23:06:49Z,NA,v3,6102,6104,NA,"McAndrews, Thomas",836274,Right,YAR_RED,75a83821-7aa4-4779-a658-cc1292e5e65d,55.48416,-118.92603,12.0587,5.59155,2.20283,-16.8117,-1.17957,-1.25205,4.63326,NA,NA,NA,NA,NA,NA,NA,NA,NA,NA,NA,NA,NA,NA,NA,NA,NA,NA,NA,NA,NA,NA,NA,NA,NA,NA,NA,NA,NA,NA,NA,NA,NA,NA,NA,NA,NA,NA,NA,NA,NA,NA,NA,NA,NA,NA,NA,NA,NA,NA,High,High,High,NA,NA,NA,NA,NA,NA,NA,NA,NA,NA,NA,NA,NA,NA,NA,NA,NA,NA,NA,NA,NA,NA,NA,NA,NA,NA,NA,NA,NA,NA,NA,NA,NA,NA,NA,NA,NA,NA,NA,NA,NA,NA,NA,NA,NA,NA,NA,NA,NA,NA,NA,NA,NA,NA,NA,NA,NA,NA
NA,NA,NA,NA,NA,NA,NA,NA,NA,NA,NA,NA,NA,NA,NA,NA,80,2025-07-30,19:09:03,1,1,"Bean, Jake",814820,Right,ORL_FIR,"Dowd, Brayden",804053,Left,YAR_RED,Undefined,3,Top,0,0,0,ChangeUp,Changeup,StrikeCalled,Undefined,Undefined,Undefined,0,0,NA,82.31473,-0.585962,-3.629884,1439.230317,247.951311,02:15:00,5.2732,1.55468,5.95782,-34.82163,7.14685,13.77257,1.82691,-0.66817,74.13328,-7.081659,-1.158636,0.466265,NA,NA,NA,NA,NA,NA,NA,NA,NA,NA,NA,-8.32512,4.28835,-1.27405,50,5.20726,7.02999,-119.19169,-2.30592,-11.74228,27.08395,-26.12547,ORL_FIR,YAR_RED,CCBLOrleans,Cape Cod Baseball League,CCBL,20250730-CCBLOrleans-1,2f915450-6d9a-11f0-9893-2bfced202392,80.83905,NA,NA,8.18145,NA,NA,NA,NA,NA,NA,e90f2670-dfbc-4d51-82ba-0d5a03d444c7,2025-07-30,23:09:03,2025-07-30T23:09:03Z,2025-07-30T23:09:03Z,NA,v3,6102,6104,NA,"Lavey, Robbie",835215,Right,ORL_FIR,04730ece-de6f-41fd-8dee-b34ba3d96f4f,54.53931,-120.21873,13.54198,5.27592,-1.31522,-13.06274,-1.54907,7.47527,-5.87114,NA,NA,NA,NA,NA,NA,NA,NA,NA,NA,NA,NA,NA,NA,NA,NA,NA,NA,NA,NA,NA,NA,NA,NA,NA,NA,NA,NA,NA,NA,NA,NA,NA,NA,NA,NA,NA,NA,NA,NA,NA,NA,NA,NA,NA,NA,NA,NA,NA,NA,High,High,High,NA,NA,NA,NA,NA,NA,NA,NA,NA,NA,NA,NA,NA,NA,NA,NA,NA,NA,NA,NA,NA,NA,NA,NA,NA,NA,NA,NA,NA,NA,NA,NA,NA,NA,NA,NA,NA,NA,NA,NA,NA,NA,NA,NA,NA,NA,NA,NA,NA,NA,NA,NA,NA,NA,NA,NA,NA,NA
NA,NA,NA,NA,NA,NA,NA,NA,NA,NA,NA,NA,NA,NA,NA,NA,81,2025-07-30,19:09:18,1,2,"Bean, Jake",814820,Right,ORL_FIR,"Dowd, Brayden",804053,Left,YAR_RED,Undefined,3,Top,0,0,1,ChangeUp,Changeup,FoulBallNotFieldable,Undefined,Undefined,Undefined,0,0,NA,83.15107,-0.766625,-2.64546,1446.241542,264.758636,02:45:00,5.15512,1.65752,5.88594,-38.46262,2.80673,13.60847,1.23724,0.33331,74.87263,-7.898973,-0.201669,0.462365,NA,NA,NA,NA,NA,NA,NA,NA,NA,NA,NA,-7.89544,2.12339,-1.45205,50,5.07125,5.02749,-120.47319,-2.87243,-11.34748,28.22232,-29.12229,ORL_FIR,YAR_RED,CCBLOrleans,Cape Cod Baseball League,CCBL,20250730-CCBLOrleans-1,38efb4b0-6d9a-11f0-9893-2bfced202392,81.5209,NA,NA,8.27843,NA,NA,NA,NA,NA,NA,e90f2670-dfbc-4d51-82ba-0d5a03d444c7,2025-07-30,23:09:18,2025-07-30T23:09:18Z,2025-07-30T23:09:18Z,NA,v3,6102,6104,NA,"Lavey, Robbie",835215,Right,ORL_FIR,c3158bbf-81b4-4f30-9f23-bf3a554d5d0a,54.61099,-121.54857,14.11116,5.15956,-1.76276,-14.56115,-1.65185,5.45987,-5.67374,NA,NA,NA,NA,NA,NA,NA,NA,NA,NA,NA,NA,NA,NA,NA,NA,NA,NA,NA,NA,NA,NA,NA,NA,NA,NA,NA,NA,NA,NA,NA,NA,NA,NA,NA,NA,NA,NA,NA,NA,NA,NA,NA,NA,NA,NA,NA,NA,NA,NA,High,High,High,NA,NA,NA,NA,NA,NA,NA,NA,NA,NA,NA,NA,NA,NA,NA,NA,NA,NA,NA,NA,NA,NA,NA,NA,NA,NA,NA,NA,NA,NA,NA,NA,NA,NA,NA,NA,NA,NA,NA,NA,NA,NA,NA,NA,NA,NA,NA,NA,NA,NA,NA,NA,NA,NA,NA,NA,NA,NA
NA,NA,NA,NA,NA,NA,NA,NA,NA,NA,NA,NA,NA,NA,NA,NA,82,2025-07-30,19:09:43,1,3,"Bean, Jake",814820,Right,ORL_FIR,"Dowd, Brayden",804053,Left,YAR_RED,Undefined,3,Top,0,0,2,Curveball,Curveball,BallCalled,Undefined,Undefined,Undefined,0,0,NA,83.39516,1.325825,0.327963,2463.196105,33.381594,07:00:00,5.37736,1.67059,5.98263,-53.95117,-13.34749,-9.7378,2.11055,1.16309,75.58536,-8.590042,-1.427119,0.458621,NA,NA,NA,NA,NA,NA,NA,NA,NA,NA,NA,5.05788,-6.73071,-1.69143,50,5.45335,-0.29755,-121.06884,0.90872,7.37432,27.53641,-41.98735,ORL_FIR,YAR_RED,CCBLOrleans,Cape Cod Baseball League,CCBL,20250730-CCBLOrleans-1,47609af0-6d9a-11f0-9893-2bfced202392,82.18643,NA,NA,7.8098,NA,NA,NA,NA,NA,NA,e90f2670-dfbc-4d51-82ba-0d5a03d444c7,2025-07-30,23:09:43,2025-07-30T23:09:43Z,2025-07-30T23:09:43Z,NA,v3,6102,6104,NA,"Lavey, Robbie",835215,Right,ORL_FIR,2f2c140b-4308-460c-8228-760bd4de5121,54.51643,-122.09175,13.76821,5.39062,2.46845,-20.99367,-1.67529,-0.57149,3.68716,NA,NA,NA,NA,NA,NA,NA,NA,NA,NA,NA,NA,NA,NA,NA,NA,NA,NA,NA,NA,NA,NA,NA,NA,NA,NA,NA,NA,NA,NA,NA,NA,NA,NA,NA,NA,NA,NA,NA,NA,NA,NA,NA,NA,NA,NA,NA,NA,NA,NA,High,High,High,NA,NA,NA,NA,NA,NA,NA,NA,NA,NA,NA,NA,NA,NA,NA,NA,NA,NA,NA,NA,NA,NA,NA,NA,NA,NA,NA,NA,NA,NA,NA,NA,NA,NA,NA,NA,NA,NA,NA,NA,NA,NA,NA,NA,NA,NA,NA,NA,NA,NA,NA,NA,NA,NA,NA,NA,NA,NA
NA,NA,NA,NA,NA,NA,NA,NA,NA,NA,NA,NA,NA,NA,NA,NA,83,2025-07-30,19:10:00,1,4,"Bean, Jake",814820,Right,ORL_FIR,"Dowd, Brayden",804053,Left,YAR_RED,Undefined,3,Top,0,1,2,ChangeUp,Changeup,FoulBallNotFieldable,Undefined,Undefined,Undefined,0,0,NA,83.72574,-0.348493,-2.319033,1435.042373,250.833155,02:15:00,5.15191,1.61252,6.07593,-34.48057,5.97055,12.72666,1.95582,0.5262,75.13308,-6.803226,-0.026396,0.457759,70.08715,67.295649,-130.234673,4567.76873,NA,NA,NA,NA,11.13148,NA,NA,-7.3754,3.62957,-1.43983,50,5.10691,4.41519,-121.34889,-1.81822,-10.73663,28.99725,-26.89032,ORL_FIR,YAR_RED,CCBLOrleans,Cape Cod Baseball League,CCBL,20250730-CCBLOrleans-1,51af4ec0-6d9a-11f0-9893-2bfced202392,82.34128,27.37468,NA,8.59266,NA,NA,NA,1.86438,1.88226,-0.44831,e90f2670-dfbc-4d51-82ba-0d5a03d444c7,2025-07-30,23:10:00,2025-07-30T23:10:00Z,2025-07-30T23:10:00Z,NA,v3,6102,6104,NA,"Lavey, Robbie",835215,Right,ORL_FIR,cd3bbfa4-8f61-4fc4-af6a-2c42c9e67628,54.42007,-122.40055,14.49863,5.15516,-0.84298,-13.44516,-1.60702,4.80457,-5.36831,16.394407,1.86937,-25.85098,-4.74075,NA,NA,NA,NA,NA,NA,1.89137,94.42492,-33.32124,NA,NA,NA,NA,NA,NA,-0.44994,-30.21703,4.86211,NA,NA,NA,NA,NA,NA,NA,NA,NA,NA,NA,NA,NA,NA,NA,NA,NA,NA,NA,NA,NA,NA,NA,NA,NA,NA,NA,NA,High,High,High,High,Undefined,NA,NA,NA,NA,NA,NA,NA,NA,NA,NA,NA,NA,NA,NA,NA,NA,NA,NA,NA,NA,NA,NA,NA,NA,NA,NA,NA,NA,NA,NA,NA,NA,NA,NA,NA,NA,NA,NA,NA,NA,NA,NA,NA,NA,NA,NA,NA,NA,NA,NA,NA,NA,NA,NA,NA,NA
NA,NA,NA,NA,NA,NA,NA,NA,NA,NA,NA,NA,NA,NA,NA,NA,84,2025-07-30,19:10:19,1,5,"Bean, Jake",814820,Right,ORL_FIR,"Dowd, Brayden",804053,Left,YAR_RED,Undefined,3,Top,0,1,2,Fastball,Four-Seam,BallCalled,Undefined,Undefined,Undefined,0,0,NA,93.18152,-0.405802,-1.698837,2204.002726,199.254407,12:45:00,5.51126,1.36637,5.97494,-12.72434,20.20934,6.60083,4.07454,0.34112,82.77505,-2.924937,-0.513076,0.413039,NA,NA,NA,NA,NA,NA,NA,NA,NA,NA,NA,-3.9176,10.77686,-1.23521,50,5.47182,3.68826,-134.89595,-1.24045,-7.02642,36.62488,-12.84513,ORL_FIR,YAR_RED,CCBLOrleans,Cape Cod Baseball League,CCBL,20250730-CCBLOrleans-1,5d330020-6d9a-11f0-9893-2bfced202392,91.25628,NA,NA,10.40648,NA,NA,NA,NA,NA,NA,e90f2670-dfbc-4d51-82ba-0d5a03d444c7,2025-07-30,23:10:19,2025-07-30T23:10:19Z,2025-07-30T23:10:19Z,NA,v3,6102,6104,NA,"Lavey, Robbie",835215,Right,ORL_FIR,42dc9b43-abad-407b-8a71-771866d7c097,54.51433,-136.11609,18.31244,5.50602,-0.81252,-6.42256,-1.36198,3.92235,-3.51321,NA,NA,NA,NA,NA,NA,NA,NA,NA,NA,NA,NA,NA,NA,NA,NA,NA,NA,NA,NA,NA,NA,NA,NA,NA,NA,NA,NA,NA,NA,NA,NA,NA,NA,NA,NA,NA,NA,NA,NA,NA,NA,NA,NA,NA,NA,NA,NA,NA,NA,High,High,High,NA,NA,NA,NA,NA,NA,NA,NA,NA,NA,NA,NA,NA,NA,NA,NA,NA,NA,NA,NA,NA,NA,NA,NA,NA,NA,NA,NA,NA,NA,NA,NA,NA,NA,NA,NA,NA,NA,NA,NA,NA,NA,NA,NA,NA,NA,NA,NA,NA,NA,NA,NA,NA,NA,NA,NA,NA,NA
NA,NA,NA,NA,NA,NA,NA,NA,NA,NA,NA,NA,NA,NA,NA,NA,85,2025-07-30,19:10:37,1,6,"Bean, Jake",814820,Right,ORL_FIR,"Dowd, Brayden",804053,Left,YAR_RED,Undefined,3,Top,0,2,2,Curveball,Curveball,InPlay,Undefined,GroundBall,Out,1,0,NA,83.81255,0.380127,-0.950074,2518.975694,29.019513,07:00:00,5.42084,1.38268,5.52118,-53.35708,-12.18682,-7.6065,1.32987,-0.13953,75.67266,-9.342548,-2.309699,0.46181,74.52892,-24.335165,53.497006,NA,NA,NA,NA,5.15139,2.76391,31.477071,0.032814,3.53429,-5.93796,-1.29469,50,5.41794,2.3301,-121.51815,-1.1462,5.1559,29.22406,-40.83642,ORL_FIR,YAR_RED,CCBLOrleans,Cape Cod Baseball League,CCBL,20250730-CCBLOrleans-1,6792caf0-6d9a-11f0-9893-2bfced202392,81.61895,1.48083,NA,8.13989,NA,NA,NA,2.44559,1.48083,0.05786,e90f2670-dfbc-4d51-82ba-0d5a03d444c7,2025-07-30,23:10:37,2025-07-30T23:10:37Z,2025-07-30T23:10:37Z,GroundBall,v3,6102,6104,NA,"Lavey, Robbie",835215,Right,ORL_FIR,5a47d52e-df2c-45ad-8169-271a3cee3dcc,54.97818,-122.70952,14.61203,5.43074,0.51857,-20.41821,-1.3854,2.11991,2.57795,NA,2.445,59.35756,NA,NA,NA,NA,NA,NA,NA,1.48127,-45.12763,NA,NA,NA,NA,NA,NA,NA,0.05707,80.20838,NA,NA,NA,NA,NA,NA,NA,NA,NA,NA,NA,NA,NA,NA,NA,NA,NA,NA,NA,NA,NA,NA,NA,NA,NA,NA,NA,NA,NA,High,High,High,Low,Low,NA,NA,NA,NA,NA,NA,NA,NA,NA,NA,NA,NA,NA,NA,NA,NA,NA,NA,NA,NA,NA,NA,NA,NA,NA,NA,NA,NA,NA,NA,NA,NA,NA,NA,NA,NA,NA,NA,NA,NA,NA,NA,NA,NA,NA,NA,NA,NA,NA,NA,NA,NA,NA,NA,NA,NA
NA,NA,NA,NA,NA,NA,NA,NA,NA,NA,NA,NA,NA,NA,NA,NA,86,2025-07-30,19:11:10,2,1,"Bean, Jake",814820,Right,ORL_FIR,"Hacopian, Chris",806680,Right,YAR_RED,Undefined,3,Top,1,0,0,Fastball,Four-Seam,InPlay,Undefined,LineDrive,Out,1,0,NA,92.78038,-0.979062,-1.806541,2296.616503,217.706629,01:15:00,5.39471,1.4237,6.08327,-16.59379,16.42674,11.69422,3.1056,0.72638,82.68555,-4.191512,0.299165,0.413584,65.17428,19.911764,-19.785583,2650.614977,103.31796,14.19473,-37.75431,149.03057,142.80714,-20.200054,1.984638,-6.67835,9.18126,-1.29034,50,5.31051,3.72999,-134.44045,-2.76895,-11.89659,36.39282,-15.81885,ORL_FIR,YAR_RED,CCBLOrleans,Cape Cod Baseball League,CCBL,20250730-CCBLOrleans-1,7b43afb0-6d9a-11f0-9893-2bfced202392,91.13619,17.6403,NA,10.09483,NA,NA,NA,1.72333,3.14141,-0.74913,e90f2670-dfbc-4d51-82ba-0d5a03d444c7,2025-07-30,23:11:10,2025-07-30T23:11:10Z,2025-07-30T23:11:10Z,LineDrive,v3,6102,6104,NA,"Lavey, Robbie",835215,Right,ORL_FIR,7a1bb968-bb89-44d8-ab48-2e8d297c3d18,54.41168,-135.62943,18.19641,5.39253,-2.25214,-7.90943,-1.41856,4.11866,-5.9483,151.402792,1.72333,84.56868,-9.65407,1.52556,-0.30391,0.04935,-0.00907,0.00149,-1.2e-4,3.14141,32.55492,-19.47986,1.56444,-0.30313,0.06009,-0.00856,0.00124,-1.2e-4,-0.74913,-30.42256,3.29558,-0.61037,0.12593,-0.02165,0.00378,-5.9e-4,5e-5,NA,NA,NA,NA,NA,NA,NA,NA,NA,NA,NA,NA,NA,NA,NA,NA,NA,NA,NA,NA,NA,NA,High,High,High,High,High,NA,NA,NA,NA,NA,NA,NA,NA,NA,NA,NA,NA,NA,NA,NA,NA,NA,NA,NA,NA,NA,NA,NA,NA,NA,NA,NA,NA,NA,NA,NA,NA,NA,NA,NA,NA,NA,NA,NA,NA,NA,NA,NA,NA,NA,NA,NA,NA,NA,NA,NA,NA,NA,NA,NA,NA
NA,NA,NA,NA,NA,NA,NA,NA,NA,NA,NA,NA,NA,NA,NA,NA,87,2025-07-30,19:11:42,3,1,"Bean, Jake",814820,Right,ORL_FIR,"Arcamone, Jack",834921,Left,YAR_RED,Undefined,3,Top,2,0,0,Curveball,Curveball,BallCalled,Undefined,Undefined,Undefined,0,0,NA,82.89293,0.335086,-0.55553,2405.465067,44.226611,07:30:00,5.37288,1.45146,5.88288,-55.15905,-13.44324,-14.64095,1.08748,-0.28451,74.61006,-9.781013,-3.191651,0.46486,NA,NA,NA,NA,NA,NA,NA,NA,NA,NA,NA,7.35292,-6.66922,-1.39793,50,5.368,1.73849,-120.24188,-1.19186,10.43509,29.96717,-41.63885,ORL_FIR,YAR_RED,CCBLOrleans,Cape Cod Baseball League,CCBL,20250730-CCBLOrleans-1,8eb4f360-6d9a-11f0-9893-2bfced202392,81.08348,NA,NA,8.28287,NA,NA,NA,NA,NA,NA,e90f2670-dfbc-4d51-82ba-0d5a03d444c7,2025-07-30,23:11:42,2025-07-30T23:11:42Z,2025-07-30T23:11:42Z,NA,v3,6102,6104,NA,"Lavey, Robbie",835215,Right,ORL_FIR,584178eb-5479-40b7-8b94-3e96e0eab1ab,54.61703,-121.3871,14.98358,5.38314,0.3994,-20.81943,-1.45675,1.3397,5.21754,NA,NA,NA,NA,NA,NA,NA,NA,NA,NA,NA,NA,NA,NA,NA,NA,NA,NA,NA,NA,NA,NA,NA,NA,NA,NA,NA,NA,NA,NA,NA,NA,NA,NA,NA,NA,NA,NA,NA,NA,NA,NA,NA,NA,NA,NA,NA,NA,NA,NA,High,High,High,NA,NA,NA,NA,NA,NA,NA,NA,NA,NA,NA,NA,NA,NA,NA,NA,NA,NA,NA,NA,NA,NA,NA,NA,NA,NA,NA,NA,NA,NA,NA,NA,NA,NA,NA,NA,NA,NA,NA,NA,NA,NA,NA,NA,NA,NA,NA,NA,NA,NA,NA,NA,NA,NA,NA,NA,NA,NA
NA,NA,NA,NA,NA,NA,NA,NA,NA,NA,NA,NA,NA,NA,NA,NA,88,2025-07-30,19:11:59,3,2,"Bean, Jake",814820,Right,ORL_FIR,"Arcamone, Jack",834921,Left,YAR_RED,Undefined,3,Top,2,1,0,Curveball,Curveball,BallCalled,Undefined,Undefined,Undefined,0,0,NA,82.56805,-0.89637,-0.547819,2374.538691,31.270637,07:00:00,5.44918,1.49014,5.93797,-59.02629,-16.63591,-11.15453,-0.30131,0.05239,73.97748,-11.696647,-2.56303,0.468603,NA,NA,NA,NA,NA,NA,NA,NA,NA,NA,NA,5.59425,-7.9439,-1.43989,50,5.34414,1.56998,-119.674,-3.8673,7.77435,32.05898,-43.21376,ORL_FIR,YAR_RED,CCBLOrleans,Cape Cod Baseball League,CCBL,20250730-CCBLOrleans-1,98a13be0-6d9a-11f0-9893-2bfced202392,80.43577,NA,NA,8.59057,NA,NA,NA,NA,NA,NA,e90f2670-dfbc-4d51-82ba-0d5a03d444c7,2025-07-30,23:11:59,2025-07-30T23:11:59Z,2025-07-30T23:11:59Z,NA,v3,6102,6104,NA,"Lavey, Robbie",835215,Right,ORL_FIR,4c870c62-bdee-41f2-96df-7ec505b1614b,54.56192,-120.8899,16.02949,5.45973,-2.22834,-21.60688,-1.49384,1.27512,3.88718,NA,NA,NA,NA,NA,NA,NA,NA,NA,NA,NA,NA,NA,NA,NA,NA,NA,NA,NA,NA,NA,NA,NA,NA,NA,NA,NA,NA,NA,NA,NA,NA,NA,NA,NA,NA,NA,NA,NA,NA,NA,NA,NA,NA,NA,NA,NA,NA,NA,NA,High,High,High,NA,NA,NA,NA,NA,NA,NA,NA,NA,NA,NA,NA,NA,NA,NA,NA,NA,NA,NA,NA,NA,NA,NA,NA,NA,NA,NA,NA,NA,NA,NA,NA,NA,NA,NA,NA,NA,NA,NA,NA,NA,NA,NA,NA,NA,NA,NA,NA,NA,NA,NA,NA,NA,NA,NA,NA,NA,NA
NA,NA,NA,NA,NA,NA,NA,NA,NA,NA,NA,NA,NA,NA,NA,NA,89,2025-07-30,19:12:19,3,3,"Bean, Jake",814820,Right,ORL_FIR,"Arcamone, Jack",834921,Left,YAR_RED,Undefined,3,Top,2,2,0,ChangeUp,Changeup,BallCalled,Undefined,Undefined,Undefined,0,0,NA,84.65663,-2.267938,-3.572657,1418.742568,245.085456,02:15:00,5.22052,1.58797,5.97101,-33.1114,6.87965,11.40288,0.35347,-0.77826,75.92592,-8.43763,-1.524572,0.455148,NA,NA,NA,NA,NA,NA,NA,NA,NA,NA,NA,-7.18567,4.75918,-1.31136,50,5.02235,7.19382,-122.42024,-5.91063,-10.60959,30.26039,-25.14714,ORL_FIR,YAR_RED,CCBLOrleans,Cape Cod Baseball League,CCBL,20250730-CCBLOrleans-1,a4799cf0-6d9a-11f0-9893-2bfced202392,82.81359,NA,NA,8.73071,NA,NA,NA,NA,NA,NA,e90f2670-dfbc-4d51-82ba-0d5a03d444c7,2025-07-30,23:12:19,2025-07-30T23:12:19Z,2025-07-30T23:12:19Z,NA,v3,6102,6104,NA,"Lavey, Robbie",835215,Right,ORL_FIR,707a17bc-fc6f-4b59-912d-e4817b2a3d9a,54.52557,-123.53382,15.13019,5.22284,-4.98521,-12.57357,-1.58328,7.58425,-5.3048,NA,NA,NA,NA,NA,NA,NA,NA,NA,NA,NA,NA,NA,NA,NA,NA,NA,NA,NA,NA,NA,NA,NA,NA,NA,NA,NA,NA,NA,NA,NA,NA,NA,NA,NA,NA,NA,NA,NA,NA,NA,NA,NA,NA,NA,NA,NA,NA,NA,NA,High,High,High,NA,NA,NA,NA,NA,NA,NA,NA,NA,NA,NA,NA,NA,NA,NA,NA,NA,NA,NA,NA,NA,NA,NA,NA,NA,NA,NA,NA,NA,NA,NA,NA,NA,NA,NA,NA,NA,NA,NA,NA,NA,NA,NA,NA,NA,NA,NA,NA,NA,NA,NA,NA,NA,NA,NA,NA,NA,NA
NA,NA,NA,NA,NA,NA,NA,NA,NA,NA,NA,NA,NA,NA,NA,NA,90,2025-07-30,19:12:38,3,4,"Bean, Jake",814820,Right,ORL_FIR,"Arcamone, Jack",834921,Left,YAR_RED,Undefined,3,Top,2,3,0,Fastball,Sinker,FoulBallNotFieldable,Undefined,Undefined,Undefined,0,0,NA,92.01359,-2.512425,-2.573285,2271.008388,231.167335,01:45:00,5.40808,1.31116,6.14584,-23.0232,10.20595,11.17784,1.16407,-0.13676,83.11353,-6.845264,-0.557759,0.414888,NA,NA,NA,NA,NA,NA,NA,NA,NA,NA,NA,-6.67363,6.4391,-1.12109,50,5.20479,5.52965,-133.34059,-6.59702,-11.81726,33.07504,-20.77207,ORL_FIR,YAR_RED,CCBLOrleans,Cape Cod Baseball League,CCBL,20250730-CCBLOrleans-1,afae1ce0-6d9a-11f0-9893-2bfced202392,90.84963,NA,NA,8.90005,NA,NA,NA,NA,NA,NA,e90f2670-dfbc-4d51-82ba-0d5a03d444c7,2025-07-30,23:12:38,2025-07-30T23:12:38Z,2025-07-30T23:12:38Z,NA,v3,6102,6104,NA,"Lavey, Robbie",835215,Right,ORL_FIR,6fb823af-b0bc-4bd0-9507-3257d7983fb7,54.35209,-134.41579,16.53752,5.40827,-5.92177,-10.38603,-1.30709,5.9138,-5.90863,NA,NA,NA,NA,NA,NA,NA,NA,NA,NA,NA,NA,NA,NA,NA,NA,NA,NA,NA,NA,NA,NA,NA,NA,NA,NA,NA,NA,NA,NA,NA,NA,NA,NA,NA,NA,NA,NA,NA,NA,NA,NA,NA,NA,NA,NA,NA,NA,NA,NA,High,High,High,NA,NA,NA,NA,NA,NA,NA,NA,NA,NA,NA,NA,NA,NA,NA,NA,NA,NA,NA,NA,NA,NA,NA,NA,NA,NA,NA,NA,NA,NA,NA,NA,NA,NA,NA,NA,NA,NA,NA,NA,NA,NA,NA,NA,NA,NA,NA,NA,NA,NA,NA,NA,NA,NA,NA,NA,NA,NA
NA,NA,NA,NA,NA,NA,NA,NA,NA,NA,NA,NA,NA,NA,NA,NA,91,2025-07-30,19:13:00,3,5,"Bean, Jake",814820,Right,ORL_FIR,"Arcamone, Jack",834921,Left,YAR_RED,Undefined,3,Top,2,3,1,Fastball,Four-Seam,StrikeCalled,Undefined,Undefined,Undefined,0,0,NA,92.6573,-0.637881,-2.936887,2291.798308,210.310289,01:00:00,5.39261,1.28067,6.26194,-16.11761,16.33395,8.88749,3.46054,-0.68893,83.70405,-3.744623,-1.333601,0.410005,NA,NA,NA,NA,NA,NA,NA,NA,NA,NA,NA,-5.4863,8.98378,-1.06692,50,5.33724,6.51116,-134.37397,-1.93938,-9.92271,32.05423,-15.92564,ORL_FIR,YAR_RED,CCBLOrleans,Cape Cod Baseball League,CCBL,20250730-CCBLOrleans-1,bd303650-6d9a-11f0-9893-2bfced202392,91.93166,NA,NA,8.95324,NA,NA,NA,NA,NA,NA,e90f2670-dfbc-4d51-82ba-0d5a03d444c7,2025-07-30,23:13:00,2025-07-30T23:13:00Z,2025-07-30T23:13:00Z,NA,v3,6102,6104,NA,"Lavey, Robbie",835215,Right,ORL_FIR,b66ec72a-d7cb-4e3a-b01f-64a8c637dcba,54.23327,-135.38003,16.02712,5.39027,-1.43954,-7.96282,-1.27616,6.8226,-4.96135,NA,NA,NA,NA,NA,NA,NA,NA,NA,NA,NA,NA,NA,NA,NA,NA,NA,NA,NA,NA,NA,NA,NA,NA,NA,NA,NA,NA,NA,NA,NA,NA,NA,NA,NA,NA,NA,NA,NA,NA,NA,NA,NA,NA,NA,NA,NA,NA,NA,NA,High,High,High,NA,NA,NA,NA,NA,NA,NA,NA,NA,NA,NA,NA,NA,NA,NA,NA,NA,NA,NA,NA,NA,NA,NA,NA,NA,NA,NA,NA,NA,NA,NA,NA,NA,NA,NA,NA,NA,NA,NA,NA,NA,NA,NA,NA,NA,NA,NA,NA,NA,NA,NA,NA,NA,NA,NA,NA,NA,NA
NA,NA,NA,NA,NA,NA,NA,NA,NA,NA,NA,NA,NA,NA,NA,NA,92,2025-07-30,19:13:20,3,6,"Bean, Jake",814820,Right,ORL_FIR,"Arcamone, Jack",834921,Left,YAR_RED,Undefined,3,Top,2,3,2,Fastball,Curveball,StrikeCalled,Strikeout,Undefined,Undefined,0,0,NA,81.32806,1.55987,0.360017,2503.370644,30.787927,07:00:00,5.43971,1.42354,5.85653,-59.11243,-16.25619,-10.57253,1.96332,0.87699,73.89315,-9.259933,-1.541689,0.471171,NA,NA,NA,NA,NA,NA,NA,NA,NA,NA,NA,5.47709,-8.25335,-1.4468,50,5.53273,-0.31928,-118.07691,1.15057,7.6019,26.02527,-43.62925,ORL_FIR,YAR_RED,CCBLOrleans,Cape Cod Baseball League,CCBL,20250730-CCBLOrleans-1,c8be47f0-6d9a-11f0-9893-2bfced202392,79.99737,NA,NA,7.43491,NA,NA,NA,NA,NA,NA,e90f2670-dfbc-4d51-82ba-0d5a03d444c7,2025-07-30,23:13:20,2025-07-30T23:13:20Z,2025-07-30T23:13:20Z,NA,v3,6102,6104,NA,"Lavey, Robbie",835215,Right,ORL_FIR,23f83986-4a0b-411d-83a0-4851c69862b1,54.64419,-119.09613,13.01263,5.45421,2.85922,-21.81463,-1.42846,-0.61699,3.80095,NA,NA,NA,NA,NA,NA,NA,NA,NA,NA,NA,NA,NA,NA,NA,NA,NA,NA,NA,NA,NA,NA,NA,NA,NA,NA,NA,NA,NA,NA,NA,NA,NA,NA,NA,NA,NA,NA,NA,NA,NA,NA,NA,NA,NA,NA,NA,NA,NA,NA,High,High,High,NA,NA,NA,NA,NA,NA,NA,NA,NA,NA,NA,NA,NA,NA,NA,NA,NA,NA,NA,NA,NA,NA,NA,NA,NA,NA,NA,NA,NA,NA,NA,NA,NA,NA,NA,NA,NA,NA,NA,NA,NA,NA,NA,NA,NA,NA,NA,NA,NA,NA,NA,NA,NA,NA,NA,NA,NA,NA
NA,NA,NA,NA,NA,NA,NA,NA,NA,NA,NA,NA,NA,NA,NA,NA,93,2025-07-30,19:15:23,1,1,"Hamilton, Brady",825131,Right,YAR_RED,"Myatt, Tyler",826051,Left,ORL_FIR,Undefined,3,Bottom,0,0,0,ChangeUp,Splitter,BallCalled,Undefined,Undefined,Undefined,0,0,NA,85.83981,-1.895562,-1.699495,727.345697,285.628202,03:30:00,5.54906,1.18978,5.50216,-40.7729,-1.46102,10.50331,0.37703,0.4751,77.50887,-9.349602,0.177105,0.451267,NA,NA,NA,NA,NA,NA,NA,NA,NA,NA,NA,-5.90851,0.30724,-1.04868,50,5.356,3.24032,-124.30282,-5.60327,-9.03602,30.15215,-31.70418,ORL_FIR,YAR_RED,CCBLOrleans,Cape Cod Baseball League,CCBL,20250730-CCBLOrleans-1,1285c340-6d9b-11f0-9893-2bfced202392,83.52589,NA,NA,8.33094,NA,NA,NA,NA,NA,NA,e90f2670-dfbc-4d51-82ba-0d5a03d444c7,2025-07-30,23:15:23,2025-07-30T23:15:23Z,2025-07-30T23:15:23Z,NA,v3,6102,6104,NA,"McAndrews, Thomas",836274,Right,YAR_RED,cf9cc74c-fd34-4e81-81fe-81f00acf69e6,54.99495,-125.50859,15.07607,5.55472,-4.33543,-15.85209,-1.18549,3.60167,-4.51801,NA,NA,NA,NA,NA,NA,NA,NA,NA,NA,NA,NA,NA,NA,NA,NA,NA,NA,NA,NA,NA,NA,NA,NA,NA,NA,NA,NA,NA,NA,NA,NA,NA,NA,NA,NA,NA,NA,NA,NA,NA,NA,NA,NA,NA,NA,NA,NA,NA,NA,High,High,High,NA,NA,NA,NA,NA,NA,NA,NA,NA,NA,NA,NA,NA,NA,NA,NA,NA,NA,NA,NA,NA,NA,NA,NA,NA,NA,NA,NA,NA,NA,NA,NA,NA,NA,NA,NA,NA,NA,NA,NA,NA,NA,NA,NA,NA,NA,NA,NA,NA,NA,NA,NA,NA,NA,NA,NA,NA,NA
NA,NA,NA,NA,NA,NA,NA,NA,NA,NA,NA,NA,NA,NA,NA,NA,94,2025-07-30,19:15:41,1,2,"Hamilton, Brady",825131,Right,YAR_RED,"Myatt, Tyler",826051,Left,ORL_FIR,Undefined,3,Bottom,0,1,0,ChangeUp,Splitter,BallCalled,Undefined,Undefined,Undefined,0,0,NA,86.08601,1.233134,-0.739952,1097.213278,248.558986,02:15:00,5.48934,1.12238,5.633,-30.5336,8.22945,17.31544,4.09564,1.87492,77.23862,-4.467168,2.352532,0.448106,NA,NA,NA,NA,NA,NA,NA,NA,NA,NA,NA,-8.9,4.19717,-1.0702,50,5.57523,0.84459,-124.73596,1.64095,-13.75478,29.55146,-25.68744,ORL_FIR,YAR_RED,CCBLOrleans,Cape Cod Baseball League,CCBL,20250730-CCBLOrleans-1,1cb7a040-6d9b-11f0-9893-2bfced202392,84.11507,NA,NA,8.84739,NA,NA,NA,NA,NA,NA,e90f2670-dfbc-4d51-82ba-0d5a03d444c7,2025-07-30,23:15:41,2025-07-30T23:15:41Z,2025-07-30T23:15:41Z,NA,v3,6102,6104,NA,"McAndrews, Thomas",836274,Right,YAR_RED,b085fab1-08ce-4042-841a-d63ba0f8e314,54.86069,-125.88225,14.77573,5.49225,2.63736,-12.84372,-1.11331,1.37814,-6.87739,NA,NA,NA,NA,NA,NA,NA,NA,NA,NA,NA,NA,NA,NA,NA,NA,NA,NA,NA,NA,NA,NA,NA,NA,NA,NA,NA,NA,NA,NA,NA,NA,NA,NA,NA,NA,NA,NA,NA,NA,NA,NA,NA,NA,NA,NA,NA,NA,NA,NA,High,High,High,NA,NA,NA,NA,NA,NA,NA,NA,NA,NA,NA,NA,NA,NA,NA,NA,NA,NA,NA,NA,NA,NA,NA,NA,NA,NA,NA,NA,NA,NA,NA,NA,NA,NA,NA,NA,NA,NA,NA,NA,NA,NA,NA,NA,NA,NA,NA,NA,NA,NA,NA,NA,NA,NA,NA,NA,NA,NA
NA,NA,NA,NA,NA,NA,NA,NA,NA,NA,NA,NA,NA,NA,NA,NA,95,2025-07-30,19:15:54,1,3,"Hamilton, Brady",825131,Right,YAR_RED,"Myatt, Tyler",826051,Left,ORL_FIR,Undefined,3,Bottom,0,2,0,Sinker,Sinker,BallCalled,Undefined,Undefined,Undefined,0,0,NA,93.06207,0.039023,-1.048356,2112.804218,246.86769,02:15:00,5.52286,1.16696,5.40494,-24.27277,8.82941,18.0404,3.5367,1.68794,84.33805,-4.466132,2.161076,0.414095,NA,NA,NA,NA,NA,NA,NA,NA,NA,NA,NA,-9.32524,4.76252,-1.08641,50,5.50966,1.60688,-134.99268,-0.82367,-17.05971,31.74406,-23.46142,ORL_FIR,YAR_RED,CCBLOrleans,Cape Cod Baseball League,CCBL,20250730-CCBLOrleans-1,24b0cb50-6d9b-11f0-9893-2bfced202392,91.02371,NA,NA,8.72402,NA,NA,NA,NA,NA,NA,e90f2670-dfbc-4d51-82ba-0d5a03d444c7,2025-07-30,23:15:54,2025-07-30T23:15:54Z,2025-07-30T23:15:54Z,NA,v3,6102,6104,NA,"McAndrews, Thomas",836274,Right,YAR_RED,bb5c7253-57a8-4a8c-9b46-1335fa55197e,55.09162,-136.18473,15.87203,5.52405,0.05735,-11.73071,-1.15878,2.24751,-8.52986,NA,NA,NA,NA,NA,NA,NA,NA,NA,NA,NA,NA,NA,NA,NA,NA,NA,NA,NA,NA,NA,NA,NA,NA,NA,NA,NA,NA,NA,NA,NA,NA,NA,NA,NA,NA,NA,NA,NA,NA,NA,NA,NA,NA,NA,NA,NA,NA,NA,NA,High,High,High,NA,NA,NA,NA,NA,NA,NA,NA,NA,NA,NA,NA,NA,NA,NA,NA,NA,NA,NA,NA,NA,NA,NA,NA,NA,NA,NA,NA,NA,NA,NA,NA,NA,NA,NA,NA,NA,NA,NA,NA,NA,NA,NA,NA,NA,NA,NA,NA,NA,NA,NA,NA,NA,NA,NA,NA,NA,NA
NA,NA,NA,NA,NA,NA,NA,NA,NA,NA,NA,NA,NA,NA,NA,NA,96,2025-07-30,19:16:09,1,4,"Hamilton, Brady",825131,Right,YAR_RED,"Myatt, Tyler",826051,Left,ORL_FIR,Undefined,3,Bottom,0,3,0,Sinker,Sinker,FoulBallNotFieldable,Undefined,Undefined,Undefined,0,0,NA,93.20029,-0.752173,-2.182936,2180.857434,247.004052,02:15:00,5.55179,1.1194,5.41757,-23.96867,9.14268,18.80257,2.84926,0.64044,84.25398,-5.205562,1.161982,0.414152,76.97297,46.967718,-44.537174,4427.229919,64.38385,86.02047,-89.18914,234.78068,108.32085,-61.030547,4.77831,-10.15859,5.16536,-0.93913,50,5.46853,4.26779,-135.09743,-2.67183,-18.55296,32.67227,-22.74037,ORL_FIR,YAR_RED,CCBLOrleans,Cape Cod Baseball League,CCBL,20250730-CCBLOrleans-1,2da14eb0-6d9b-11f0-9893-2bfced202392,91.01109,88.72296,NA,8.94631,NA,NA,NA,0.76524,3.4832,-1.09197,e90f2670-dfbc-4d51-82ba-0d5a03d444c7,2025-07-30,23:16:09,2025-07-30T23:16:09Z,2025-07-30T23:16:09Z,FlyBall,v3,6102,6104,NA,"McAndrews, Thomas",836274,Right,YAR_RED,63a42e3b-d122-4cf0-8cd1-da4527844a12,55.08021,-136.3205,16.33614,5.55262,-1.82056,-11.37018,-1.11189,4.9623100000000004,-9.27648,NA,0.78865,54.42612,-15.00635,1.62463,1.4766,-0.88,0.20508,-0.02128,7.7e-4,3.49179,82.30876,-22.35756,0.07168,1.67676,-0.99321,0.28547,-0.04048,0.00224,-1.0976,-53.89257,2.24727,1.58059,-1.51185,0.72397,-0.19374,0.02677,-0.00148,NA,NA,NA,NA,NA,NA,NA,NA,NA,NA,NA,NA,NA,NA,NA,NA,NA,NA,NA,NA,NA,NA,High,High,High,Medium,Low,NA,NA,NA,NA,NA,NA,NA,NA,NA,NA,NA,NA,NA,NA,NA,NA,NA,NA,NA,NA,NA,NA,NA,NA,NA,NA,NA,NA,NA,NA,NA,NA,NA,NA,NA,NA,NA,NA,NA,NA,NA,NA,NA,NA,NA,NA,NA,NA,NA,NA,NA,NA,NA,NA,NA,NA
NA,NA,NA,NA,NA,NA,NA,NA,NA,NA,NA,NA,NA,NA,NA,NA,97,2025-07-30,19:16:30,1,5,"Hamilton, Brady",825131,Right,YAR_RED,"Myatt, Tyler",826051,Left,ORL_FIR,Undefined,3,Bottom,0,3,1,Sinker,Sinker,InPlay,Undefined,LineDrive,Out,1,0,NA,92.5013,-1.395405,-3.018757,2304.01732,252.716188,02:30:00,5.62754,1.18963,5.56496,-26.30183,7.42654,19.78812,2.1301,0.01597,83.09627,-6.28658,0.509811,0.417993,103.51487,7.491811,-4.882899,1626.886255,108.85386,8.51339,-15.83755,188.94034,150.99866,-10.716011,1.52531,-11.00323,4.58315,-0.94243,50,5.49003,6.14377,-133.89359,-4.23597,-19.58656,34.14932,-24.01568,ORL_FIR,YAR_RED,CCBLOrleans,Cape Cod Baseball League,CCBL,20250730-CCBLOrleans-1,39e3bc30-6d9b-11f0-9893-2bfced202392,90.17478,8.70049,NA,9.40502,NA,NA,NA,0.68837,2.06288,-0.00534,e90f2670-dfbc-4d51-82ba-0d5a03d444c7,2025-07-30,23:16:30,2025-07-30T23:16:30Z,2025-07-30T23:16:30Z,GroundBall,v3,6102,6104,NA,"McAndrews, Thomas",836274,Right,YAR_RED,32f4a5f9-a058-475d-bb0f-0baccb2b65fc,54.93165,-135.14555,17.07466,5.62919,-3.35553,-12.00784,-1.18083,6.86184,-9.79328,105.403194,0.68837,149.97925,-23.29102,3.75515,-0.65069,0.0794,-0.00651,8e-5,5e-5,2.06288,19.79517,-15.62529,1.44824,-0.26528,0.06155,-0.01148,0.0018,-1.7e-4,-0.00534,-12.81267,-10.85077,4.01469,-1.18827,0.30311,-0.06722,0.01154,-0.00105,NA,NA,NA,NA,NA,NA,NA,NA,NA,NA,NA,NA,NA,NA,NA,NA,NA,NA,NA,NA,NA,NA,High,High,High,High,High,NA,NA,NA,NA,NA,NA,NA,NA,NA,NA,NA,NA,NA,NA,NA,NA,NA,NA,NA,NA,NA,NA,NA,NA,NA,NA,NA,NA,NA,NA,NA,NA,NA,NA,NA,NA,NA,NA,NA,NA,NA,NA,NA,NA,NA,NA,NA,NA,NA,NA,NA,NA,NA,NA,NA,NA
NA,NA,NA,NA,NA,NA,NA,NA,NA,NA,NA,NA,NA,NA,NA,NA,98,2025-07-30,19:16:58,2,1,"Hamilton, Brady",825131,Right,YAR_RED,"Garza, Alejandro",835211,Right,ORL_FIR,Undefined,3,Bottom,1,0,0,Sinker,Sinker,BallCalled,Undefined,Undefined,Undefined,0,0,NA,91.05889,-0.627663,-1.497486,2246.399947,245.568065,02:15:00,5.56378,1.20447,5.57116,-24.80474,9.59095,18.51328,2.91022,1.34817,82.53632,-5.245025,1.806581,0.422108,NA,NA,NA,NA,NA,NA,NA,NA,NA,NA,NA,-9.8119,5.38961,-1.08789,50,5.49367,2.61442,-132.09727,-2.33433,-17.16662,30.72469,-22.74454,ORL_FIR,YAR_RED,CCBLOrleans,Cape Cod Baseball League,CCBL,20250730-CCBLOrleans-1,4ad7cae0-6d9b-11f0-9893-2bfced202392,89.29579,NA,NA,8.52257,NA,NA,NA,NA,NA,NA,e90f2670-dfbc-4d51-82ba-0d5a03d444c7,2025-07-30,23:16:58,2025-07-30T23:16:58Z,2025-07-30T23:16:58Z,NA,v3,6102,6104,NA,"McAndrews, Thomas",836274,Right,YAR_RED,fc71f310-0e57-47e5-9816-38298546d16a,54.92627,-133.23815,15.36234,5.56467,-1.48977,-11.37227,-1.1968,3.25186,-8.58331,NA,NA,NA,NA,NA,NA,NA,NA,NA,NA,NA,NA,NA,NA,NA,NA,NA,NA,NA,NA,NA,NA,NA,NA,NA,NA,NA,NA,NA,NA,NA,NA,NA,NA,NA,NA,NA,NA,NA,NA,NA,NA,NA,NA,NA,NA,NA,NA,NA,NA,High,High,High,NA,NA,NA,NA,NA,NA,NA,NA,NA,NA,NA,NA,NA,NA,NA,NA,NA,NA,NA,NA,NA,NA,NA,NA,NA,NA,NA,NA,NA,NA,NA,NA,NA,NA,NA,NA,NA,NA,NA,NA,NA,NA,NA,NA,NA,NA,NA,NA,NA,NA,NA,NA,NA,NA,NA,NA,NA,NA
NA,NA,NA,NA,NA,NA,NA,NA,NA,NA,NA,NA,NA,NA,NA,NA,99,2025-07-30,19:17:15,2,2,"Hamilton, Brady",825131,Right,YAR_RED,"Garza, Alejandro",835211,Right,ORL_FIR,Undefined,3,Bottom,1,1,0,Sinker,Sinker,StrikeCalled,Undefined,Undefined,Undefined,0,0,NA,92.15783,-1.243637,-3.23121,2273.076547,245.091611,02:15:00,5.57397,1.17654,5.70101,-23.78907,9.90745,18.67493,2.43071,-0.28125,82.98855,-5.696486,0.10514,0.417796,NA,NA,NA,NA,NA,NA,NA,NA,NA,NA,NA,-10.48449,5.79339,-0.91693,50,5.45496,6.67782,-133.44098,-3.7363,-18.61049,32.88175,-21.89053,ORL_FIR,YAR_RED,CCBLOrleans,Cape Cod Baseball League,CCBL,20250730-CCBLOrleans-1,54d37cb0-6d9b-11f0-9893-2bfced202392,90.2174,NA,NA,9.16928,NA,NA,NA,NA,NA,NA,e90f2670-dfbc-4d51-82ba-0d5a03d444c7,2025-07-30,23:17:15,2025-07-30T23:17:15Z,2025-07-30T23:17:15Z,NA,v3,6102,6104,NA,"McAndrews, Thomas",836274,Right,YAR_RED,f1be72f3-3b17-4c98-9d5f-348ff9da3db7,54.79515,-134.61739,16.44087,5.57463,-2.95312,-10.94527,-1.16776,7.34364,-9.30524,NA,NA,NA,NA,NA,NA,NA,NA,NA,NA,NA,NA,NA,NA,NA,NA,NA,NA,NA,NA,NA,NA,NA,NA,NA,NA,NA,NA,NA,NA,NA,NA,NA,NA,NA,NA,NA,NA,NA,NA,NA,NA,NA,NA,NA,NA,NA,NA,NA,NA,High,High,High,NA,NA,NA,NA,NA,NA,NA,NA,NA,NA,NA,NA,NA,NA,NA,NA,NA,NA,NA,NA,NA,NA,NA,NA,NA,NA,NA,NA,NA,NA,NA,NA,NA,NA,NA,NA,NA,NA,NA,NA,NA,NA,NA,NA,NA,NA,NA,NA,NA,NA,NA,NA,NA,NA,NA,NA,NA,NA
NA,NA,NA,NA,NA,NA,NA,NA,NA,NA,NA,NA,NA,NA,NA,NA,100,2025-07-30,19:17:31,2,3,"Hamilton, Brady",825131,Right,YAR_RED,"Garza, Alejandro",835211,Right,ORL_FIR,Undefined,3,Bottom,1,1,1,Sinker,Sinker,InPlay,Undefined,GroundBall,Out,1,0,NA,91.79845,-2.045313,-2.519897,2229.752504,252.763659,02:30:00,5.63229,1.10074,5.65238,-26.46919,7.63894,20.51229,1.51631,0.4584,82.64429,-6.965773,1.147163,0.42034,40.41998,-78.104738,-128.958032,NA,NA,NA,NA,3.28391,3.28391,-12.461275,0.030098,-11.3491,4.90595,-0.90086,50,5.44216,4.94168,-132.94473,-5.70266,-19.9113,33.73848,-23.56682,ORL_FIR,YAR_RED,CCBLOrleans,Cape Cod Baseball League,CCBL,20250730-CCBLOrleans-1,5e73ef20-6d9b-11f0-9893-2bfced202392,89.67141,1.75975,NA,9.15416,NA,NA,NA,3.43962,1.75975,-0.42035,e90f2670-dfbc-4d51-82ba-0d5a03d444c7,2025-07-30,23:17:31,2025-07-30T23:17:31Z,2025-07-30T23:17:31Z,GroundBall,v3,6102,6104,NA,"McAndrews, Thomas",836274,Right,YAR_RED,944fffe7-9487-4477-9437-8696bbef67e7,54.84597,-134.1689,16.86924,5.63356,-4.84757,-11.78341,-1.09327,5.66414,-9.95565,NA,3.43991,-7.74359,NA,NA,NA,NA,NA,NA,NA,1.76197,-58.46679,NA,NA,NA,NA,NA,NA,NA,-0.41999,-9.57688,NA,NA,NA,NA,NA,NA,NA,NA,NA,NA,NA,NA,NA,NA,NA,NA,NA,NA,NA,NA,NA,NA,NA,NA,NA,NA,NA,NA,NA,High,High,High,Estimated,Estimated,NA,NA,NA,NA,NA,NA,NA,NA,NA,NA,NA,NA,NA,NA,NA,NA,NA,NA,NA,NA,NA,NA,NA,NA,NA,NA,NA,NA,NA,NA,NA,NA,NA,NA,NA,NA,NA,NA,NA,NA,NA,NA,NA,NA,NA,NA,NA,NA,NA,NA,NA,NA,NA,NA,NA,NA
NA,NA,NA,NA,NA,NA,NA,NA,NA,NA,NA,NA,NA,NA,NA,NA,101,2025-07-30,19:18:07,3,1,"Hamilton, Brady",825131,Right,YAR_RED,"Lavey, Robbie",835215,Left,ORL_FIR,Undefined,3,Bottom,2,0,0,Sinker,Sinker,BallCalled,Undefined,Undefined,Undefined,0,0,NA,92.17417,-0.54452,-0.92339,2154.116103,245.146075,02:15:00,5.5741,1.18789,5.5857,-23.92789,9.50729,18.12745,3.07156,1.83616,83.80595,-4.995522,2.313049,0.416172,NA,NA,NA,NA,NA,NA,NA,NA,NA,NA,NA,-9.38989,5.30894,-1.1204,50,5.51196,1.31703,-133.77831,-2.137,-16.9078,30.58168,-22.61456,ORL_FIR,YAR_RED,CCBLOrleans,Cape Cod Baseball League,CCBL,20250730-CCBLOrleans-1,741bc1e0-6d9b-11f0-9893-2bfced202392,90.5693,NA,NA,8.36822,NA,NA,NA,NA,NA,NA,e90f2670-dfbc-4d51-82ba-0d5a03d444c7,2025-07-30,23:18:07,2025-07-30T23:18:07Z,2025-07-30T23:18:07Z,NA,v3,6102,6104,NA,"McAndrews, Thomas",836274,Right,YAR_RED,b708ee20-3a07-4c80-a0f3-61ea19217e3b,54.91126,-134.89635,15.29084,5.57497,-1.31023,-11.30728,-1.17985,1.93516,-8.4539,NA,NA,NA,NA,NA,NA,NA,NA,NA,NA,NA,NA,NA,NA,NA,NA,NA,NA,NA,NA,NA,NA,NA,NA,NA,NA,NA,NA,NA,NA,NA,NA,NA,NA,NA,NA,NA,NA,NA,NA,NA,NA,NA,NA,NA,NA,NA,NA,NA,NA,High,High,High,NA,NA,NA,NA,NA,NA,NA,NA,NA,NA,NA,NA,NA,NA,NA,NA,NA,NA,NA,NA,NA,NA,NA,NA,NA,NA,NA,NA,NA,NA,NA,NA,NA,NA,NA,NA,NA,NA,NA,NA,NA,NA,NA,NA,NA,NA,NA,NA,NA,NA,NA,NA,NA,NA,NA,NA,NA,NA
NA,NA,NA,NA,NA,NA,NA,NA,NA,NA,NA,NA,NA,NA,NA,NA,102,2025-07-30,19:18:20,3,2,"Hamilton, Brady",825131,Right,YAR_RED,"Lavey, Robbie",835215,Left,ORL_FIR,Undefined,3,Bottom,2,1,0,Sinker,Sinker,BallCalled,Undefined,Undefined,Undefined,0,0,NA,90.17824,-0.47472,-0.802916,2146.331754,241.192853,02:00:00,5.55103,1.10319,5.49016,-24.73064,10.60449,16.98965,3.046,1.76783,81.36757,-5.087283,2.224832,0.427833,NA,NA,NA,NA,NA,NA,NA,NA,NA,NA,NA,-8.7328,5.86989,-1.04433,50,5.49313,1.04178,-130.73147,-1.96165,-14.89978,31.19078,-22.15893,ORL_FIR,YAR_RED,CCBLOrleans,Cape Cod Baseball League,CCBL,20250730-CCBLOrleans-1,7bef8aa0-6d9b-11f0-9893-2bfced202392,88.10073,NA,NA,8.81067,NA,NA,NA,NA,NA,NA,e90f2670-dfbc-4d51-82ba-0d5a03d444c7,2025-07-30,23:18:20,2025-07-30T23:18:20Z,2025-07-30T23:18:20Z,NA,v3,6102,6104,NA,"McAndrews, Thomas",836274,Right,YAR_RED,af638333-aee3-4cc6-93e0-fa8cc86b8659,55.0046,-131.9201,15.59539,5.55179,-1.11721,-11.07947,-1.09485,1.60959,-7.44989,NA,NA,NA,NA,NA,NA,NA,NA,NA,NA,NA,NA,NA,NA,NA,NA,NA,NA,NA,NA,NA,NA,NA,NA,NA,NA,NA,NA,NA,NA,NA,NA,NA,NA,NA,NA,NA,NA,NA,NA,NA,NA,NA,NA,NA,NA,NA,NA,NA,NA,High,High,High,NA,NA,NA,NA,NA,NA,NA,NA,NA,NA,NA,NA,NA,NA,NA,NA,NA,NA,NA,NA,NA,NA,NA,NA,NA,NA,NA,NA,NA,NA,NA,NA,NA,NA,NA,NA,NA,NA,NA,NA,NA,NA,NA,NA,NA,NA,NA,NA,NA,NA,NA,NA,NA,NA,NA,NA,NA,NA
NA,NA,NA,NA,NA,NA,NA,NA,NA,NA,NA,NA,NA,NA,NA,NA,103,2025-07-30,19:18:35,3,3,"Hamilton, Brady",825131,Right,YAR_RED,"Lavey, Robbie",835215,Left,ORL_FIR,Undefined,3,Bottom,2,2,0,Sinker,Sinker,InPlay,Undefined,FlyBall,Out,1,0,NA,92.70167,-0.835886,-2.778672,2263.409936,250.974388,02:15:00,5.5486,1.06429,5.76111,-25.23584,8.06044,19.76627,2.66665,0.1232,83.24113,-5.557479,0.758828,0.415307,89.91857,29.579692,-17.029906,4691.39442,102.38638,54.95299,-40.21137,301.39473,298.03468,-29.931644,4.36691,-11.01371,4.73433,-0.8463,50,5.4642,5.62662,-134.2955,-2.85727,-19.72044,34.38912,-23.69704,ORL_FIR,YAR_RED,CCBLOrleans,Cape Cod Baseball League,CCBL,20250730-CCBLOrleans-1,84d3b1f0-6d9b-11f0-9893-2bfced202392,90.75806,66.92886,NA,9.46054,NA,NA,NA,1.25628,2.64718,-0.08554,e90f2670-dfbc-4d51-82ba-0d5a03d444c7,2025-07-30,23:18:35,2025-07-30T23:18:35Z,2025-07-30T23:18:35Z,FlyBall,v3,6102,6104,NA,"McAndrews, Thomas",836274,Right,YAR_RED,4c1b8005-3f62-4fae-aefb-b0e3a383618c,54.73602,-135.50282,17.19456,5.5499,-2.02532,-11.84852,-1.05599,6.31896,-9.86022,143.052421,1.25536,109.68512,-24.76107,6.26775,-1.54804,0.37427,-0.07388,0.00914,-4.9e-4,2.64861,65.06751,-18.03235,0.69381,0.20206,-0.13632,0.03587,-0.00436,1.9e-4,-0.08545,-33.59318,-1.86119,1.01841,-0.30388,0.06018,-0.00741,5.1e-4,-1e-5,NA,NA,NA,NA,NA,NA,NA,NA,NA,NA,NA,NA,NA,NA,NA,NA,NA,NA,NA,NA,NA,NA,High,High,High,High,Medium,NA,NA,NA,NA,NA,NA,NA,NA,NA,NA,NA,NA,NA,NA,NA,NA,NA,NA,NA,NA,NA,NA,NA,NA,NA,NA,NA,NA,NA,NA,NA,NA,NA,NA,NA,NA,NA,NA,NA,NA,NA,NA,NA,NA,NA,NA,NA,NA,NA,NA,NA,NA,NA,NA,NA,NA
NA,NA,NA,NA,NA,NA,NA,NA,NA,NA,NA,NA,NA,NA,NA,NA,104,2025-07-30,19:20:52,1,1,"Bean, Jake",814820,Right,ORL_FIR,"Briseno, Armando",811577,Right,YAR_RED,Undefined,4,Top,0,0,0,Curveball,Curveball,BallCalled,Undefined,Undefined,Undefined,0,0,NA,82.16869,-1.168221,-0.492675,2371.678225,51.978278,07:45:00,5.41448,1.46342,5.65968,-49.62416,-7.51122,-11.40115,0.18955,0.05388,75.28982,-10.194842,-2.537934,0.467067,NA,NA,NA,NA,NA,NA,NA,NA,NA,NA,NA,5.70347,-3.15339,-1.41417,50,5.28381,1.46952,-119.29943,-4.14537,8.11992,25.55054,-36.66348,ORL_FIR,YAR_RED,CCBLOrleans,Cape Cod Baseball League,CCBL,20250730-CCBLOrleans-1,d62d3210-6d9b-11f0-9893-2bfced202392,80.70029,NA,NA,6.87887,NA,NA,NA,NA,NA,NA,e90f2670-dfbc-4d51-82ba-0d5a03d444c7,2025-07-30,23:20:52,2025-07-30T23:20:52Z,2025-07-30T23:20:52Z,NA,v3,6102,6104,NA,"Lavey, Robbie",835215,Right,ORL_FIR,e7ada6c9-d201-40ed-a498-c3325950b0d0,54.84113,-120.3318,12.77527,5.42138,-2.66399,-18.33174,-1.46692,1.14143,4.05996,NA,NA,NA,NA,NA,NA,NA,NA,NA,NA,NA,NA,NA,NA,NA,NA,NA,NA,NA,NA,NA,NA,NA,NA,NA,NA,NA,NA,NA,NA,NA,NA,NA,NA,NA,NA,NA,NA,NA,NA,NA,NA,NA,NA,NA,NA,NA,NA,NA,NA,High,High,High,NA,NA,NA,NA,NA,NA,NA,NA,NA,NA,NA,NA,NA,NA,NA,NA,NA,NA,NA,NA,NA,NA,NA,NA,NA,NA,NA,NA,NA,NA,NA,NA,NA,NA,NA,NA,NA,NA,NA,NA,NA,NA,NA,NA,NA,NA,NA,NA,NA,NA,NA,NA,NA,NA,NA,NA,NA,NA
NA,NA,NA,NA,NA,NA,NA,NA,NA,NA,NA,NA,NA,NA,NA,NA,105,2025-07-30,19:21:11,1,2,"Bean, Jake",814820,Right,ORL_FIR,"Briseno, Armando",811577,Right,YAR_RED,Undefined,4,Top,0,1,0,Fastball,Four-Seam,BallCalled,Undefined,Undefined,Undefined,0,0,NA,90.96495,-3.682087,-3.053557,2272.553856,205.295811,12:45:00,5.46537,1.01879,6.12916,-15.75147,18.12068,8.00705,0.73975,-1.13912,82.66534,-6.695302,-1.612534,0.418883,NA,NA,NA,NA,NA,NA,NA,NA,NA,NA,NA,-5.03193,10.79902,-0.78928,50,5.17503,6.68449,-131.66377,-8.91451,-8.76845,29.86167,-13.35613,ORL_FIR,YAR_RED,CCBLOrleans,Cape Cod Baseball League,CCBL,20250730-CCBLOrleans-1,e170a620-6d9b-11f0-9893-2bfced202392,89.98322,NA,NA,8.29961,NA,NA,NA,NA,NA,NA,e90f2670-dfbc-4d51-82ba-0d5a03d444c7,2025-07-30,23:21:11,2025-07-30T23:21:11Z,2025-07-30T23:21:11Z,NA,v3,6102,6104,NA,"Lavey, Robbie",835215,Right,ORL_FIR,5d3a9359-2152-46a7-b3b7-c9f5d59c01fb,54.3669,-132.6505,14.93083,5.4623100000000004,-8.47318,-6.67806,-1.01495,6.97423,-4.38422,NA,NA,NA,NA,NA,NA,NA,NA,NA,NA,NA,NA,NA,NA,NA,NA,NA,NA,NA,NA,NA,NA,NA,NA,NA,NA,NA,NA,NA,NA,NA,NA,NA,NA,NA,NA,NA,NA,NA,NA,NA,NA,NA,NA,NA,NA,NA,NA,NA,NA,High,High,High,NA,NA,NA,NA,NA,NA,NA,NA,NA,NA,NA,NA,NA,NA,NA,NA,NA,NA,NA,NA,NA,NA,NA,NA,NA,NA,NA,NA,NA,NA,NA,NA,NA,NA,NA,NA,NA,NA,NA,NA,NA,NA,NA,NA,NA,NA,NA,NA,NA,NA,NA,NA,NA,NA,NA,NA,NA,NA
NA,NA,NA,NA,NA,NA,NA,NA,NA,NA,NA,NA,NA,NA,NA,NA,106,2025-07-30,19:21:28,1,3,"Bean, Jake",814820,Right,ORL_FIR,"Briseno, Armando",811577,Right,YAR_RED,Undefined,4,Top,0,2,0,Fastball,Four-Seam,InPlay,Undefined,GroundBall,Out,1,0,NA,90.50726,-1.612579,-2.514575,2279.130869,212.082353,01:00:00,5.41855,1.50621,6.00597,-18.23914,16.15383,9.35993,2.40277,-0.04499,81.77657,-5.092425,-0.832705,0.422091,88.84002,-18.400199,-18.233823,NA,NA,NA,NA,9.37954,9.28888,-14.085389,0.059539,-5.61807,9.1739,-1.31376,50,5.28188,5.3667299999999996,-131.21152,-4.23701,-9.66989,31.05262,-16.38382,ORL_FIR,YAR_RED,CCBLOrleans,Cape Cod Baseball League,CCBL,20250730-CCBLOrleans-1,ebb806f0-6d9b-11f0-9893-2bfced202392,89.29932,2.45394,NA,8.73069,NA,NA,NA,2.09121,2.45394,0.02547,e90f2670-dfbc-4d51-82ba-0d5a03d444c7,2025-07-30,23:21:28,2025-07-30T23:21:28Z,2025-07-30T23:21:28Z,GroundBall,v3,6102,6104,NA,"Lavey, Robbie",835215,Right,ORL_FIR,602a2d79-ad88-4ebc-a9bb-ddc2db5d6443,54.49075,-132.27003,15.52631,5.41679,-3.67853,-8.19191,-1.50231,5.69636,-4.83494,180,2.08884,117.6761,NA,NA,NA,NA,NA,NA,NA,2.45477,-41.21562,NA,NA,NA,NA,NA,NA,NA,0.02625,-38.76692,NA,NA,NA,NA,NA,NA,NA,NA,NA,NA,NA,NA,NA,NA,NA,NA,NA,NA,NA,NA,NA,NA,NA,NA,NA,NA,NA,NA,NA,High,High,High,Low,Low,NA,NA,NA,NA,NA,NA,NA,NA,NA,NA,NA,NA,NA,NA,NA,NA,NA,NA,NA,NA,NA,NA,NA,NA,NA,NA,NA,NA,NA,NA,NA,NA,NA,NA,NA,NA,NA,NA,NA,NA,NA,NA,NA,NA,NA,NA,NA,NA,NA,NA,NA,NA,NA,NA,NA,NA
NA,NA,NA,NA,NA,NA,NA,NA,NA,NA,NA,NA,NA,NA,NA,NA,107,2025-07-30,19:22:05,2,1,"Bean, Jake",814820,Right,ORL_FIR,"Baker, Will",815345,Left,YAR_RED,Undefined,4,Top,1,0,0,Fastball,Four-Seam,StrikeCalled,Undefined,Undefined,Undefined,0,0,NA,91.50997,-2.767543,-2.70324,2172.179148,208.508885,01:00:00,5.50595,1.18649,6.02371,-16.88737,16.80399,8.4689,1.53061,-0.61328,82.72092,-5.994176,-1.181266,0.417764,NA,NA,NA,NA,NA,NA,NA,NA,NA,NA,NA,-5.23843,9.88918,-0.97955,50,5.28002,5.90061,-132.55173,-6.90779,-9.19665,31.83,-14.81248,ORL_FIR,YAR_RED,CCBLOrleans,Cape Cod Baseball League,CCBL,20250730-CCBLOrleans-1,01c79c30-6d9c-11f0-9893-2bfced202392,90.2243,NA,NA,8.78905,NA,NA,NA,NA,NA,NA,e90f2670-dfbc-4d51-82ba-0d5a03d444c7,2025-07-30,23:22:05,2025-07-30T23:22:05Z,2025-07-30T23:22:05Z,NA,v3,6102,6104,NA,"Lavey, Robbie",835215,Right,ORL_FIR,75db8095-18da-4fb1-b317-d94c4bd434a6,54.47347,-133.62164,15.915,5.50384,-6.4099,-7.40624,-1.18308,6.20974,-4.59832,NA,NA,NA,NA,NA,NA,NA,NA,NA,NA,NA,NA,NA,NA,NA,NA,NA,NA,NA,NA,NA,NA,NA,NA,NA,NA,NA,NA,NA,NA,NA,NA,NA,NA,NA,NA,NA,NA,NA,NA,NA,NA,NA,NA,NA,NA,NA,NA,NA,NA,High,High,High,NA,NA,NA,NA,NA,NA,NA,NA,NA,NA,NA,NA,NA,NA,NA,NA,NA,NA,NA,NA,NA,NA,NA,NA,NA,NA,NA,NA,NA,NA,NA,NA,NA,NA,NA,NA,NA,NA,NA,NA,NA,NA,NA,NA,NA,NA,NA,NA,NA,NA,NA,NA,NA,NA,NA,NA,NA,NA
NA,NA,NA,NA,NA,NA,NA,NA,NA,NA,NA,NA,NA,NA,NA,NA,108,2025-07-30,19:22:23,2,2,"Bean, Jake",814820,Right,ORL_FIR,"Baker, Will",815345,Left,YAR_RED,Undefined,4,Top,1,0,1,Curveball,Curveball,BallCalled,Undefined,Undefined,Undefined,0,0,NA,84.51394,-0.563562,-0.707448,2597.985224,52.91543,07:45:00,5.5414,1.38778,5.65286,-49.3877,-9.57441,-14.41513,0.90011,-0.47331,77.3192,-9.549852,-3.291207,0.454135,NA,NA,NA,NA,NA,NA,NA,NA,NA,NA,NA,7.18327,-4.42484,-1.31823,50,5.46181,2.09325,-122.7315,-2.97243,10.81954,27.1254,-38.83882,ORL_FIR,YAR_RED,CCBLOrleans,Cape Cod Baseball League,CCBL,20250730-CCBLOrleans-1,0c4d8ca0-6d9c-11f0-9893-2bfced202392,82.99824,NA,NA,7.19475,NA,NA,NA,NA,NA,NA,e90f2670-dfbc-4d51-82ba-0d5a03d444c7,2025-07-30,23:22:23,2025-07-30T23:22:23Z,2025-07-30T23:22:23Z,NA,v3,6102,6104,NA,"Lavey, Robbie",835215,Right,ORL_FIR,1f988e78-dbcd-4caa-bf32-497191009884,54.84852,-123.79845,13.5627,5.54868,-1.44474,-19.41941,-1.3922,1.66767,5.40977,NA,NA,NA,NA,NA,NA,NA,NA,NA,NA,NA,NA,NA,NA,NA,NA,NA,NA,NA,NA,NA,NA,NA,NA,NA,NA,NA,NA,NA,NA,NA,NA,NA,NA,NA,NA,NA,NA,NA,NA,NA,NA,NA,NA,NA,NA,NA,NA,NA,NA,High,High,High,NA,NA,NA,NA,NA,NA,NA,NA,NA,NA,NA,NA,NA,NA,NA,NA,NA,NA,NA,NA,NA,NA,NA,NA,NA,NA,NA,NA,NA,NA,NA,NA,NA,NA,NA,NA,NA,NA,NA,NA,NA,NA,NA,NA,NA,NA,NA,NA,NA,NA,NA,NA,NA,NA,NA,NA,NA,NA
NA,NA,NA,NA,NA,NA,NA,NA,NA,NA,NA,NA,NA,NA,NA,NA,109,2025-07-30,19:22:40,2,3,"Bean, Jake",814820,Right,ORL_FIR,"Baker, Will",815345,Left,YAR_RED,Undefined,4,Top,1,1,1,Fastball,Four-Seam,InPlay,Undefined,FlyBall,Out,1,0,NA,92.41526,-2.280522,-1.839025,2252.495643,200.674371,12:45:00,5.41218,1.33044,5.9299,-14.44847,18.62828,6.58457,2.09005,0.17231,83.50621,-5.066523,-0.657033,0.413936,96.70254,23.177588,8.830169,2715.432486,108.79466,42.61047,16.23935,346.52421,342.9104,8.008026,4.308253,-3.96162,10.61772,-1.18729,50,5.22186,4.01417,-133.9646,-5.74137,-7.10999,32.29361,-13.11832,ORL_FIR,YAR_RED,CCBLOrleans,Cape Cod Baseball League,CCBL,20250730-CCBLOrleans-1,168f2110-6d9c-11f0-9893-2bfced202392,91.05867,58.01152,NA,8.90905,NA,NA,NA,1.98625,2.11322,-0.19365,e90f2670-dfbc-4d51-82ba-0d5a03d444c7,2025-07-30,23:22:40,2025-07-30T23:22:40Z,2025-07-30T23:22:40Z,LineDrive,v3,6102,6104,NA,"Lavey, Robbie",835215,Right,ORL_FIR,b3dead20-a9c8-467a-86bc-0942340c979d,54.56663,-135.06095,16.1468,5.40921,-5.29601,-6.55916,-1.32766,4.25555,-3.55499,179.597515,1.98556,128.85365,-23.42284,5.52181,-1.30085,0.29947,-0.05565,0.00639,-3.1e-4,2.11405,55.80324,-14.87478,0.43653,0.08623,-0.0576,0.01323,-0.00115,1e-5,-0.19385,20.01951,-3.73079,0.74627,-0.17103,0.0459,-0.01034,0.00135,-7e-5,NA,NA,NA,NA,NA,NA,NA,NA,NA,NA,NA,NA,NA,NA,NA,NA,NA,NA,NA,NA,NA,NA,High,High,High,High,High,NA,NA,NA,NA,NA,NA,NA,NA,NA,NA,NA,NA,NA,NA,NA,NA,NA,NA,NA,NA,NA,NA,NA,NA,NA,NA,NA,NA,NA,NA,NA,NA,NA,NA,NA,NA,NA,NA,NA,NA,NA,NA,NA,NA,NA,NA,NA,NA,NA,NA,NA,NA,NA,NA,NA,NA
NA,NA,NA,NA,NA,NA,NA,NA,NA,NA,NA,NA,NA,NA,NA,NA,110,2025-07-30,19:23:14,3,1,"Bean, Jake",814820,Right,ORL_FIR,"Tharnish, Jayce",814421,Right,YAR_RED,Undefined,4,Top,2,0,0,Fastball,Four-Seam,FoulBallNotFieldable,Undefined,Undefined,Undefined,0,0,NA,90.90494,-2.740267,-2.569955,2255.292855,219.755074,01:15:00,5.48273,1.41964,5.9205,-19.07836,14.92745,11.46768,1.34548,-0.01116,82.83196,-6.337679,-0.511885,0.419709,57.63639,-28.185165,-56.363131,NA,NA,NA,NA,5.27048,5.27048,-26.912639,0.038249,-6.66575,8.80418,-1.22051,50,5.25229,5.43042,-131.77937,-6.91165,-11.6621,29.3288,-16.77063,ORL_FIR,YAR_RED,CCBLOrleans,Cape Cod Baseball League,CCBL,20250730-CCBLOrleans-1,2ad39340-6d9c-11f0-9893-2bfced202392,89.80619,1.53221,NA,8.07298,NA,NA,NA,3.1158,1.53221,-0.00499,e90f2670-dfbc-4d51-82ba-0d5a03d444c7,2025-07-30,23:23:14,2025-07-30T23:23:14Z,2025-07-30T23:23:14Z,GroundBall,v3,6102,6104,NA,"Lavey, Robbie",835215,Right,ORL_FIR,224ca34b-c73f-4b03-8e11-5e15111e27c7,54.57779,-132.79429,14.6644,5.48143,-6.33131,-8.38532,-1.41541,5.83399,-5.83105,NA,3.11496,41.4092,NA,NA,NA,NA,NA,NA,NA,1.53302,-40.05871,NA,NA,NA,NA,NA,NA,NA,-0.00373,-62.23893,NA,NA,NA,NA,NA,NA,NA,NA,NA,NA,NA,NA,NA,NA,NA,NA,NA,NA,NA,NA,NA,NA,NA,NA,NA,NA,NA,NA,NA,High,High,High,Estimated,Estimated,NA,NA,NA,NA,NA,NA,NA,NA,NA,NA,NA,NA,NA,NA,NA,NA,NA,NA,NA,NA,NA,NA,NA,NA,NA,NA,NA,NA,NA,NA,NA,NA,NA,NA,NA,NA,NA,NA,NA,NA,NA,NA,NA,NA,NA,NA,NA,NA,NA,NA,NA,NA,NA,NA,NA,NA
NA,NA,NA,NA,NA,NA,NA,NA,NA,NA,NA,NA,NA,NA,NA,NA,111,2025-07-30,19:24:03,3,2,"Bean, Jake",814820,Right,ORL_FIR,"Tharnish, Jayce",814421,Right,YAR_RED,Undefined,4,Top,2,0,1,Cutter,Slider,InPlay,Undefined,FlyBall,Double,0,0,NA,88.25261,-1.556701,-1.217168,2559.939575,174.732467,11:45:00,5.23366,1.56993,5.89652,-28.68183,7.32603,-0.56693,1.39761,0.39252,80.63226,-6.877107,-1.319018,0.431887,92.59816,24.711386,7.291638,3574.477402,108.2928,43.76942,19.30411,335.84204,335.84204,17.169322,4.211155,-0.06421,4.54713,-1.47166,50,5.0919,2.74548,-128.12415,-4.44855,-0.10621,27.75368,-24.6547,ORL_FIR,YAR_RED,CCBLOrleans,Cape Cod Baseball League,CCBL,20250730-CCBLOrleans-1,484dcf30-6d9c-11f0-9893-2bfced202392,87.27387,56.82042,NA,7.62036,NA,NA,NA,2.26665,1.63511,-0.40713,e90f2670-dfbc-4d51-82ba-0d5a03d444c7,2025-07-30,23:24:03,2025-07-30T23:24:03Z,2025-07-30T23:24:03Z,LineDrive,v3,6102,6104,NA,"Lavey, Robbie",835215,Right,ORL_FIR,65044d0f-4915-4844-9ca2-aea88412d4e6,54.60167,-129.1171,13.87684,5.23527,-3.56648,-12.32735,-1.56996,2.74928,-0.0531,216.151964,2.26578,122.39846,-22.04417,5.16084,-1.26555,0.32198,-0.0685,0.00906,-5.1e-4,1.63617,56.74703,-15.49776,0.2741,0.27499,-0.15875,0.04505,-0.00623,3.3e-4,-0.40721,15.66033,4.94429,-1.60995,0.41795,-0.0861,0.01336,-0.00139,7e-5,NA,NA,NA,NA,NA,NA,NA,NA,NA,NA,NA,NA,NA,NA,NA,NA,NA,NA,NA,NA,NA,NA,High,High,High,High,High,NA,NA,NA,NA,NA,NA,NA,NA,NA,NA,NA,NA,NA,NA,NA,NA,NA,NA,NA,NA,NA,NA,NA,NA,NA,NA,NA,NA,NA,NA,NA,NA,NA,NA,NA,NA,NA,NA,NA,NA,NA,NA,NA,NA,NA,NA,NA,NA,NA,NA,NA,NA,NA,NA,NA,NA
NA,NA,NA,NA,NA,NA,NA,NA,NA,NA,NA,NA,NA,NA,NA,NA,112,2025-07-30,19:28:23,4,1,"Tryba, Cole",835221,Left,ORL_FIR,"Costello, Nick",801587,Left,YAR_RED,Undefined,4,Top,2,0,0,Fastball,Sinker,FoulBallNotFieldable,Undefined,Undefined,Undefined,0,0,NA,91.46427,-0.797452,2.665484,1861.218627,123.731997,10:00:00,4.96317,-1.30679,6.0418,-21.82478,11.62131,-15.71123,2.40527,-0.14643,83.01857,-4.912326,-0.160146,0.41624,72.84119,-27.195015,62.552222,NA,NA,NA,NA,6.05567,2.63038,44.87392,0.049873,8.9367,6.55591,1.10758,50,4.88924,-5.51883,-132.72906,-2.55189,15.81727,30.48821,-20.57058,ORL_FIR,YAR_RED,CCBLOrleans,Cape Cod Baseball League,CCBL,20250730-CCBLOrleans-1,e2ed8cb0-6d9c-11f0-9893-2bfced202392,90.55453,2.44298,NA,8.4457,NA,NA,NA,2.09986,2.44298,0.05325,e90f2670-dfbc-4d51-82ba-0d5a03d444c7,2025-07-30,23:28:23,2025-07-30T23:28:23Z,2025-07-30T23:28:23Z,GroundBall,v3,6102,6104,NA,"Lavey, Robbie",835215,Right,ORL_FIR,ac9cc314-279e-4a30-9a67-a5eac97492d6,54.45677,-133.74888,15.24411,4.96309,-1.86382,-10.28529,1.30103,-6.0479,7.90863,NA,2.09872,43.94269,NA,NA,NA,NA,NA,NA,NA,2.44425,-48.98392,NA,NA,NA,NA,NA,NA,NA,0.05105,84.60131,NA,NA,NA,NA,NA,NA,NA,NA,NA,NA,NA,NA,NA,NA,NA,NA,NA,NA,NA,NA,NA,NA,NA,NA,NA,NA,NA,NA,NA,High,High,High,Low,Low,NA,NA,NA,NA,NA,NA,NA,NA,NA,NA,NA,NA,NA,NA,NA,NA,NA,NA,NA,NA,NA,NA,NA,NA,NA,NA,NA,NA,NA,NA,NA,NA,NA,NA,NA,NA,NA,NA,NA,NA,NA,NA,NA,NA,NA,NA,NA,NA,NA,NA,NA,NA,NA,NA,NA,NA
NA,NA,NA,NA,NA,NA,NA,NA,NA,NA,NA,NA,NA,NA,NA,NA,113,2025-07-30,19:28:52,4,2,"Tryba, Cole",835221,Left,ORL_FIR,"Costello, Nick",801587,Left,YAR_RED,Undefined,4,Top,2,0,1,Fastball,Cutter,BallCalled,Undefined,Undefined,Undefined,0,0,NA,87.31371,-0.303028,3.232398,2248.542254,168.355929,11:30:00,4.89946,-1.33185,5.59489,-26.82427,10.51595,-1.9113,2.38073,1.53002,79.42521,-5.285708,2.89212,0.439805,NA,NA,NA,NA,NA,NA,NA,NA,NA,NA,NA,1.90984,5.78839,1.05573,50,4.85625,-7.06115,-126.50891,-1.58826,3.07894,27.07015,-22.84238,ORL_FIR,YAR_RED,CCBLOrleans,Cape Cod Baseball League,CCBL,20250730-CCBLOrleans-1,f4591550-6d9c-11f0-9893-2bfced202392,85.70268,NA,NA,7.8885,NA,NA,NA,NA,NA,NA,e90f2670-dfbc-4d51-82ba-0d5a03d444c7,2025-07-30,23:28:52,2025-07-30T23:28:52Z,2025-07-30T23:28:52Z,NA,v3,6102,6104,NA,"Lavey, Robbie",835215,Right,ORL_FIR,96173a55-25cd-433d-98c7-e3c182e31241,54.90045,-127.55319,13.53507,4.90053,-0.70707,-11.42119,1.33042,-7.17993,1.53947,NA,NA,NA,NA,NA,NA,NA,NA,NA,NA,NA,NA,NA,NA,NA,NA,NA,NA,NA,NA,NA,NA,NA,NA,NA,NA,NA,NA,NA,NA,NA,NA,NA,NA,NA,NA,NA,NA,NA,NA,NA,NA,NA,NA,NA,NA,NA,NA,NA,NA,High,High,High,NA,NA,NA,NA,NA,NA,NA,NA,NA,NA,NA,NA,NA,NA,NA,NA,NA,NA,NA,NA,NA,NA,NA,NA,NA,NA,NA,NA,NA,NA,NA,NA,NA,NA,NA,NA,NA,NA,NA,NA,NA,NA,NA,NA,NA,NA,NA,NA,NA,NA,NA,NA,NA,NA,NA,NA,NA,NA
NA,NA,NA,NA,NA,NA,NA,NA,NA,NA,NA,NA,NA,NA,NA,NA,114,2025-07-30,19:29:12,4,3,"Tryba, Cole",835221,Left,ORL_FIR,"Costello, Nick",801587,Left,YAR_RED,Undefined,4,Top,2,1,1,Slider,Slider,BallCalled,Undefined,Undefined,Undefined,0,0,NA,76.99883,1.053144,-1.013095,2244.961817,271.239175,03:00:00,4.22352,-1.75091,5.09668,-47.96121,1.38098,19.09229,1.21945,-1.11468,69.584460000000007,-7.701895,2.367146,0.505569,NA,NA,NA,NA,NA,NA,NA,NA,NA,NA,NA,-9.90587,0.77941,1.83052,50,4.28541,1.21421,-111.56312,0.41418,-12.25703,23.48237,-31.20967,ORL_FIR,YAR_RED,CCBLOrleans,Cape Cod Baseball League,CCBL,20250730-CCBLOrleans-1,00b1f100-6d9d-11f0-9893-2bfced202392,74.55446,NA,NA,7.41437,NA,NA,NA,NA,NA,NA,e90f2670-dfbc-4d51-82ba-0d5a03d444c7,2025-07-30,23:29:12,2025-07-30T23:29:12Z,2025-07-30T23:29:12Z,NA,v3,6102,6104,NA,"Lavey, Robbie",835215,Right,ORL_FIR,edcbcb98-b47c-4b45-a828-deed93edb099,55.40198,-112.69442,11.74118,4.22924,1.91776,-15.60483,1.75781,1.80471,-6.12852,NA,NA,NA,NA,NA,NA,NA,NA,NA,NA,NA,NA,NA,NA,NA,NA,NA,NA,NA,NA,NA,NA,NA,NA,NA,NA,NA,NA,NA,NA,NA,NA,NA,NA,NA,NA,NA,NA,NA,NA,NA,NA,NA,NA,NA,NA,NA,NA,NA,NA,High,High,High,NA,NA,NA,NA,NA,NA,NA,NA,NA,NA,NA,NA,NA,NA,NA,NA,NA,NA,NA,NA,NA,NA,NA,NA,NA,NA,NA,NA,NA,NA,NA,NA,NA,NA,NA,NA,NA,NA,NA,NA,NA,NA,NA,NA,NA,NA,NA,NA,NA,NA,NA,NA,NA,NA,NA,NA,NA,NA
NA,NA,NA,NA,NA,NA,NA,NA,NA,NA,NA,NA,NA,NA,NA,NA,115,2025-07-30,19:29:38,4,4,"Tryba, Cole",835221,Left,ORL_FIR,"Costello, Nick",801587,Left,YAR_RED,Undefined,4,Top,2,2,1,Fastball,Four-Seam,InPlay,Undefined,FlyBall,Out,1,0,NA,92.54732,-1.18275,2.770868,1900.229304,127.252468,10:15:00,4.93047,-1.23926,5.86049,-19.89792,13.06371,-15.6841,2.17208,0.02992,83.84708,-4.938522,-0.039868,0.413215,96.91338,19.345814,-1.443223,1394.74318,109.80613,31.80616,-6.5266,309.1119,302.34827,-6.751217,3.30661,8.88997,7.37414,1.02377,50,4.823,-5.80679,-134.20341,-3.42646,16.06497,31.5218,-18.84835,ORL_FIR,YAR_RED,CCBLOrleans,Cape Cod Baseball League,CCBL,20250730-CCBLOrleans-1,0fa15610-6d9d-11f0-9893-2bfced202392,91.21758,37.58217,NA,8.70024,NA,NA,NA,1.34887,2.18417,-0.03911,e90f2670-dfbc-4d51-82ba-0d5a03d444c7,2025-07-30,23:29:38,2025-07-30T23:29:38Z,2025-07-30T23:29:38Z,LineDrive,v3,6102,6104,NA,"Lavey, Robbie",835215,Right,ORL_FIR,904947b9-f02e-45ce-aff3-d1c45d9983c9,54.63742,-135.28827,15.7609,4.92976,-2.77778,-9.42418,1.23313,-6.35969,8.03248,136.719134,1.34899,134.06613,-20.62359,4.09491,-0.73297,0.0614,0.01498,-0.00586,6.2e-4,2.18405,47.09115,-17.07646,1.17452,-0.27037,0.11357,-0.04022,0.00864,-7.7e-4,-0.0391,-3.3781,-5.41156,1.94048,-0.55051,0.12738,-0.02364,0.00295,-1.8e-4,NA,NA,NA,NA,NA,NA,NA,NA,NA,NA,NA,NA,NA,NA,NA,NA,NA,NA,NA,NA,NA,NA,High,High,High,High,High,NA,NA,NA,NA,NA,NA,NA,NA,NA,NA,NA,NA,NA,NA,NA,NA,NA,NA,NA,NA,NA,NA,NA,NA,NA,NA,NA,NA,NA,NA,NA,NA,NA,NA,NA,NA,NA,NA,NA,NA,NA,NA,NA,NA,NA,NA,NA,NA,NA,NA,NA,NA,NA,NA,NA,NA
NA,NA,NA,NA,NA,NA,NA,NA,NA,NA,NA,NA,NA,NA,NA,NA,116,2025-07-30,19:32:40,1,1,"Downs, Chris",835223,Left,YAR_RED,"Ickes, Elijah",815314,Right,ORL_FIR,Undefined,4,Bottom,0,0,0,Sinker,Changeup,InPlay,Undefined,FlyBall,Out,1,0,NA,86.58408,-2.511435,4.109937,2145.045614,117.001931,10:00:00,5.74053,-2.48858,5.43005,-27.74694,10.39501,-17.95127,1.06868,-0.12883,79.27307,-7.617673,0.921813,0.444501,81.06871,30.341226,-6.435125,3128.13112,109.62918,53.51056,-9.02357,299.91164,295.76386,-2.047058,4.472278,10.26808,6.29666,2.13706,50,5.49819,-8.24499,-125.32421,-6.48115,16.31855,25.49947,-22.16707,ORL_FIR,YAR_RED,CCBLOrleans,Cape Cod Baseball League,CCBL,20250730-CCBLOrleans-1,7c1d6680-6d9d-11f0-9893-2bfced202392,84.79717,64.26885,NA,7.311,NA,NA,NA,2.30164,1.21204,0.14301,e90f2670-dfbc-4d51-82ba-0d5a03d444c7,2025-07-30,23:32:40,2025-07-30T23:32:40Z,2025-07-30T23:32:40Z,FlyBall,v3,6102,6104,NA,"McAndrews, Thomas",836274,Right,YAR_RED,e731b9e9-06dd-49e5-93bb-f944a09dd4b9,55.0697,-126.35152,12.74973,5.74131,-5.58809,-11.08353,2.48247,-8.90243,8.15927,192.509365,2.30216,101.95922,-17.00579,3.91365,-0.79669,0.16653,-0.03429,0.00489,-3e-4,1.21292,60.03581,-15.05809,0.12894,0.3518,-0.21129,0.06305,-0.00931,5.3e-4,0.14287,-11.49848,4.3356,-0.99224,0.20096,-0.04201,0.00872,-0.00125,8e-5,NA,NA,NA,NA,NA,NA,NA,NA,NA,NA,NA,NA,NA,NA,NA,NA,NA,NA,NA,NA,NA,NA,High,High,High,High,High,NA,NA,NA,NA,NA,NA,NA,NA,NA,NA,NA,NA,NA,NA,NA,NA,NA,NA,NA,NA,NA,NA,NA,NA,NA,NA,NA,NA,NA,NA,NA,NA,NA,NA,NA,NA,NA,NA,NA,NA,NA,NA,NA,NA,NA,NA,NA,NA,NA,NA,NA,NA,NA,NA,NA,NA
NA,NA,NA,NA,NA,NA,NA,NA,NA,NA,NA,NA,NA,NA,NA,NA,117,2025-07-30,19:33:14,2,1,"Downs, Chris",835223,Left,YAR_RED,"Potestio, Anthony",835219,Left,ORL_FIR,Undefined,4,Bottom,1,0,0,Sinker,Changeup,BallCalled,Undefined,Undefined,Undefined,0,0,NA,86.68082,-2.837904,6.333228,2163.71768,114.182967,09:45:00,5.72704,-2.40864,5.38437,-28.3897,10.02646,-19.45942,0.68267,1.93035,79.22167,-8.04907,2.899473,0.446096,NA,NA,NA,NA,NA,NA,NA,NA,NA,NA,NA,11.50528,6.21768,1.85432,50,5.45178,-13.01408,-124.95768,-7.23864,18.18966,25.19962,-22.34402,ORL_FIR,YAR_RED,CCBLOrleans,Cape Cod Baseball League,CCBL,20250730-CCBLOrleans-1,909b5f40-6d9d-11f0-9893-2bfced202392,84.49399,NA,NA,7.45915,NA,NA,NA,NA,NA,NA,e90f2670-dfbc-4d51-82ba-0d5a03d444c7,2025-07-30,23:33:14,2025-07-30T23:33:14Z,2025-07-30T23:33:14Z,NA,v3,6102,6104,NA,"McAndrews, Thomas",836274,Right,YAR_RED,d6521dd6-26fe-4f37-82d9-ebeeeeb9135e,55.11393,-125.98476,12.59981,5.7282400000000004,-6.32795,-11.17201,2.39985,-13.75545,9.09483,NA,NA,NA,NA,NA,NA,NA,NA,NA,NA,NA,NA,NA,NA,NA,NA,NA,NA,NA,NA,NA,NA,NA,NA,NA,NA,NA,NA,NA,NA,NA,NA,NA,NA,NA,NA,NA,NA,NA,NA,NA,NA,NA,NA,NA,NA,NA,NA,NA,NA,High,High,High,NA,NA,NA,NA,NA,NA,NA,NA,NA,NA,NA,NA,NA,NA,NA,NA,NA,NA,NA,NA,NA,NA,NA,NA,NA,NA,NA,NA,NA,NA,NA,NA,NA,NA,NA,NA,NA,NA,NA,NA,NA,NA,NA,NA,NA,NA,NA,NA,NA,NA,NA,NA,NA,NA,NA,NA,NA,NA
NA,NA,NA,NA,NA,NA,NA,NA,NA,NA,NA,NA,NA,NA,NA,NA,118,2025-07-30,19:33:31,2,2,"Downs, Chris",835223,Left,YAR_RED,"Potestio, Anthony",835219,Left,ORL_FIR,Undefined,4,Bottom,1,1,0,Sinker,Changeup,StrikeCalled,Undefined,Undefined,Undefined,0,0,NA,87.37966,-0.773722,5.086723,2095.846943,116.728045,10:00:00,5.61332,-2.53554,5.39632,-26.88423,10.68961,-18.75997,2.64498,0.68055,79.60397,-5.743817,1.767114,0.441178,NA,NA,NA,NA,NA,NA,NA,NA,NA,NA,NA,10.80308,5.95898,2.09419,50,5.5254,-10.41086,-126.36249,-2.66389,17.45115,25.96912,-22.54799,ORL_FIR,YAR_RED,CCBLOrleans,Cape Cod Baseball League,CCBL,20250730-CCBLOrleans-1,9a978640-6d9d-11f0-9893-2bfced202392,85.43583,NA,NA,7.77569,NA,NA,NA,NA,NA,NA,e90f2670-dfbc-4d51-82ba-0d5a03d444c7,2025-07-30,23:33:31,2025-07-30T23:33:31Z,2025-07-30T23:33:31Z,NA,v3,6102,6104,NA,"McAndrews, Thomas",836274,Right,YAR_RED,8e593914-9af1-4a37-9e77-23c680881be9,55.10139,-127.40658,12.98456,5.61428,-1.75735,-11.274,2.52686,-11.11248,8.72558,NA,NA,NA,NA,NA,NA,NA,NA,NA,NA,NA,NA,NA,NA,NA,NA,NA,NA,NA,NA,NA,NA,NA,NA,NA,NA,NA,NA,NA,NA,NA,NA,NA,NA,NA,NA,NA,NA,NA,NA,NA,NA,NA,NA,NA,NA,NA,NA,NA,NA,High,High,High,NA,NA,NA,NA,NA,NA,NA,NA,NA,NA,NA,NA,NA,NA,NA,NA,NA,NA,NA,NA,NA,NA,NA,NA,NA,NA,NA,NA,NA,NA,NA,NA,NA,NA,NA,NA,NA,NA,NA,NA,NA,NA,NA,NA,NA,NA,NA,NA,NA,NA,NA,NA,NA,NA,NA,NA,NA,NA
NA,NA,NA,NA,NA,NA,NA,NA,NA,NA,NA,NA,NA,NA,NA,NA,119,2025-07-30,19:33:49,2,3,"Downs, Chris",835223,Left,YAR_RED,"Potestio, Anthony",835219,Left,ORL_FIR,Undefined,4,Bottom,1,1,1,Sinker,Changeup,InPlay,Undefined,GroundBall,Out,1,0,NA,87.13887,-1.348246,4.471073,2094.034047,110.323993,09:45:00,5.58859,-2.56064,5.51571,-29.58281,8.08544,-18.39592,1.85862,0.09548,79.35021,-6.806557,1.201939,0.441732,70.09625,-33.327171,58.287388,NA,NA,NA,NA,3.56979,1.53417,35.400554,0.032065,10.62808,4.83906,2.18334,50,5.45104,-9.07198,-126.11222,-4.01971,17.03404,26.79731,-24.41828,ORL_FIR,YAR_RED,CCBLOrleans,Cape Cod Baseball League,CCBL,20250730-CCBLOrleans-1,a5c79960-6d9d-11f0-9893-2bfced202392,85.32871,1.81594,NA,7.78866,NA,NA,NA,1.45813,1.81594,-0.28138,e90f2670-dfbc-4d51-82ba-0d5a03d444c7,2025-07-30,23:33:49,2025-07-30T23:33:49Z,2025-07-30T23:33:49Z,GroundBall,v3,6102,6104,NA,"McAndrews, Thomas",836274,Right,YAR_RED,00df8c0e-a3b0-41a6-94a6-a9e2f2a8eefe,54.98318,-127.16667,13.39866,5.59031,-3.05887,-12.20914,2.5535,-9.74226,8.51702,NA,1.45751,45.27368,NA,NA,NA,NA,NA,NA,NA,1.81671,-56.63367,NA,NA,NA,NA,NA,NA,NA,-0.28238,73.26826,NA,NA,NA,NA,NA,NA,NA,NA,NA,NA,NA,NA,NA,NA,NA,NA,NA,NA,NA,NA,NA,NA,NA,NA,NA,NA,NA,NA,NA,High,High,High,Low,Low,NA,NA,NA,NA,NA,NA,NA,NA,NA,NA,NA,NA,NA,NA,NA,NA,NA,NA,NA,NA,NA,NA,NA,NA,NA,NA,NA,NA,NA,NA,NA,NA,NA,NA,NA,NA,NA,NA,NA,NA,NA,NA,NA,NA,NA,NA,NA,NA,NA,NA,NA,NA,NA,NA,NA,NA
NA,NA,NA,NA,NA,NA,NA,NA,NA,NA,NA,NA,NA,NA,NA,NA,120,2025-07-30,19:34:23,3,1,"Downs, Chris",835223,Left,YAR_RED,"Bryce, Dawson",828768,Right,ORL_FIR,Undefined,4,Bottom,2,0,0,ChangeUp,Changeup,BallCalled,Undefined,Undefined,Undefined,0,0,NA,78.94245,-0.409179,2.849556,1371.201969,77.807963,08:30:00,5.64474,-2.69729,5.26362,-47.45632,-1.47795,-13.56788,1.30517,-1.14877,72.62532,-9.01317,0.440119,0.488032,NA,NA,NA,NA,NA,NA,NA,NA,NA,NA,NA,7.60103,-0.19878,2.4468,50,5.57208,-5.15609,-114.50249,-2.47602,10.08192,21.32298,-32.4377,ORL_FIR,YAR_RED,CCBLOrleans,Cape Cod Baseball League,CCBL,20250730-CCBLOrleans-1,b9b22bc0-6d9d-11f0-9893-2bfced202392,77.23354,NA,NA,6.31713,NA,NA,NA,NA,NA,NA,e90f2670-dfbc-4d51-82ba-0d5a03d444c7,2025-07-30,23:34:23,2025-07-30T23:34:23Z,2025-07-30T23:34:23Z,NA,v3,6102,6104,NA,"McAndrews, Thomas",836274,Right,YAR_RED,351f060a-ce43-42e8-86f6-6adeaace531f,55.2362,-115.47347,10.66149,5.6512,-0.99891,-16.21885,2.69205,-5.61518,5.04096,NA,NA,NA,NA,NA,NA,NA,NA,NA,NA,NA,NA,NA,NA,NA,NA,NA,NA,NA,NA,NA,NA,NA,NA,NA,NA,NA,NA,NA,NA,NA,NA,NA,NA,NA,NA,NA,NA,NA,NA,NA,NA,NA,NA,NA,NA,NA,NA,NA,NA,High,High,High,NA,NA,NA,NA,NA,NA,NA,NA,NA,NA,NA,NA,NA,NA,NA,NA,NA,NA,NA,NA,NA,NA,NA,NA,NA,NA,NA,NA,NA,NA,NA,NA,NA,NA,NA,NA,NA,NA,NA,NA,NA,NA,NA,NA,NA,NA,NA,NA,NA,NA,NA,NA,NA,NA,NA,NA,NA,NA
NA,NA,NA,NA,NA,NA,NA,NA,NA,NA,NA,NA,NA,NA,NA,NA,121,2025-07-30,19:34:37,3,2,"Downs, Chris",835223,Left,YAR_RED,"Bryce, Dawson",828768,Right,ORL_FIR,Undefined,4,Bottom,2,1,0,ChangeUp,Changeup,BallCalled,Undefined,Undefined,Undefined,0,0,NA,80.04006,-0.286101,5.14023,1524.825054,67.089933,08:15:00,5.59455,-2.55892,5.37014,-51.59479,-5.94335,-18.17253,1.02566,0.75903,72.20671,-9.672945,1.917879,0.486294,NA,NA,NA,NA,NA,NA,NA,NA,NA,NA,NA,10.99516,-2.52681,2.11075,50,5.53177,-9.67648,-115.59669,-2.37463,14.55022,25.96888,-35.51782,ORL_FIR,YAR_RED,CCBLOrleans,Cape Cod Baseball League,CCBL,20250730-CCBLOrleans-1,c20a3fb0-6d9d-11f0-9893-2bfced202392,77.50962,NA,NA,7.83335,NA,NA,NA,NA,NA,NA,e90f2670-dfbc-4d51-82ba-0d5a03d444c7,2025-07-30,23:34:37,2025-07-30T23:34:37Z,2025-07-30T23:34:37Z,NA,v3,6102,6104,NA,"McAndrews, Thomas",836274,Right,YAR_RED,333dca87-fa1e-457b-8fb2-db892bea3440,55.12983,-116.74343,12.98444,5.602,-0.80623,-17.75891,2.55223,-10.31899,7.27511,NA,NA,NA,NA,NA,NA,NA,NA,NA,NA,NA,NA,NA,NA,NA,NA,NA,NA,NA,NA,NA,NA,NA,NA,NA,NA,NA,NA,NA,NA,NA,NA,NA,NA,NA,NA,NA,NA,NA,NA,NA,NA,NA,NA,NA,NA,NA,NA,NA,NA,High,High,High,NA,NA,NA,NA,NA,NA,NA,NA,NA,NA,NA,NA,NA,NA,NA,NA,NA,NA,NA,NA,NA,NA,NA,NA,NA,NA,NA,NA,NA,NA,NA,NA,NA,NA,NA,NA,NA,NA,NA,NA,NA,NA,NA,NA,NA,NA,NA,NA,NA,NA,NA,NA,NA,NA,NA,NA,NA,NA
NA,NA,NA,NA,NA,NA,NA,NA,NA,NA,NA,NA,NA,NA,NA,NA,122,2025-07-30,19:34:53,3,3,"Downs, Chris",835223,Left,YAR_RED,"Bryce, Dawson",828768,Right,ORL_FIR,Undefined,4,Bottom,2,2,0,Sinker,Changeup,InPlay,Undefined,FlyBall,Out,1,0,NA,86.8422,-1.590433,4.070402,2193.291092,121.641148,10:00:00,5.54618,-2.5304,5.44243,-25.44486,12.54879,-18.27997,1.93248,-0.23614,79.04774,-6.312984,0.82496100000000006,0.443636,85.88609,26.783229,-24.332684,2163.89481,98.13154,44.3357,-49.70104,302.64895,295.66505,-32.539328,3.881649,10.48253,7.15469,2.18352,50,5.38792,-8.16937,-125.72601,-4.36999,16.69845,26.6268,-20.77673,ORL_FIR,YAR_RED,CCBLOrleans,Cape Cod Baseball League,CCBL,20250730-CCBLOrleans-1,cb810a10-6d9d-11f0-9893-2bfced202392,84.96252,51.80379,NA,7.79445,NA,NA,NA,3.20916,2.20868,0.2252,e90f2670-dfbc-4d51-82ba-0d5a03d444c7,2025-07-30,23:34:53,2025-07-30T23:34:53Z,2025-07-30T23:34:53Z,LineDrive,v3,6102,6104,NA,"McAndrews, Thomas",836274,Right,YAR_RED,3d282385-e9d9-4389-b3b5-7067e22f4196,55.05693,-126.79246,13.3134,5.54629,-3.53784,-10.38837,2.52411,-8.83817,8.34923,136.399355,3.20899,102.47353,-18.48914,4.40858,-1.06423,0.27989000000000003,-0.07481,0.01315,-9.4e-4,2.20927,56.74079,-17.61666,0.6914,0.23608,-0.20105,0.07378,-0.01279,8.4e-4,0.22499,-46.32673,0.1575,0.87564,-0.30471,0.04894,3.2e-4,-0.00158,1.8e-4,NA,NA,NA,NA,NA,NA,NA,NA,NA,NA,NA,NA,NA,NA,NA,NA,NA,NA,NA,NA,NA,NA,High,High,High,High,High,NA,NA,NA,NA,NA,NA,NA,NA,NA,NA,NA,NA,NA,NA,NA,NA,NA,NA,NA,NA,NA,NA,NA,NA,NA,NA,NA,NA,NA,NA,NA,NA,NA,NA,NA,NA,NA,NA,NA,NA,NA,NA,NA,NA,NA,NA,NA,NA,NA,NA,NA,NA,NA,NA,NA,NA
NA,NA,NA,NA,NA,NA,NA,NA,NA,NA,NA,NA,NA,NA,NA,NA,123,2025-07-30,19:37:07,1,1,"Tryba, Cole",835221,Left,ORL_FIR,"McAndrews, Thomas",836274,Right,YAR_RED,Undefined,5,Top,0,0,0,Fastball,Sinker,StrikeSwinging,Undefined,Undefined,Undefined,0,0,NA,92.09991,-0.56979900000000006,1.59078,1885.569653,113.15839,09:45:00,4.83565,-1.31976,5.95307,-24.78903,8.06867,-16.43607,2.24124,-1.21376,84.17962,-5.192664,-1.363708,0.412563,NA,NA,NA,NA,NA,NA,NA,NA,NA,NA,NA,8.8643,4.61992,1.20239,50,4.7765,-3.00062,-133.8008,-2.18764,16.05053,29.18628,-23.80874,ORL_FIR,YAR_RED,CCBLOrleans,Cape Cod Baseball League,CCBL,20250730-CCBLOrleans-1,1b8e3410-6d9e-11f0-9893-2bfced202392,91.36172,NA,NA,7.92029,NA,NA,NA,NA,NA,NA,e90f2670-dfbc-4d51-82ba-0d5a03d444c7,2025-07-30,23:37:07,2025-07-30T23:37:07Z,2025-07-30T23:37:07Z,NA,v3,6102,6104,NA,"Lavey, Robbie",835215,Right,ORL_FIR,99d0ab1f-772f-4fff-93bd-901ec622d5b1,54.54531,-134.78863,14.59314,4.8369,-1.38181,-11.90437,1.31314,-3.54386,8.02527,NA,NA,NA,NA,NA,NA,NA,NA,NA,NA,NA,NA,NA,NA,NA,NA,NA,NA,NA,NA,NA,NA,NA,NA,NA,NA,NA,NA,NA,NA,NA,NA,NA,NA,NA,NA,NA,NA,NA,NA,NA,NA,NA,NA,NA,NA,NA,NA,NA,NA,High,High,High,NA,NA,NA,NA,NA,NA,NA,NA,NA,NA,NA,NA,NA,NA,NA,NA,NA,NA,NA,NA,NA,NA,NA,NA,NA,NA,NA,NA,NA,NA,NA,NA,NA,NA,NA,NA,NA,NA,NA,NA,NA,NA,NA,NA,NA,NA,NA,NA,NA,NA,NA,NA,NA,NA,NA,NA,NA,NA
NA,NA,NA,NA,NA,NA,NA,NA,NA,NA,NA,NA,NA,NA,NA,NA,124,2025-07-30,19:37:23,1,2,"Tryba, Cole",835221,Left,ORL_FIR,"McAndrews, Thomas",836274,Right,YAR_RED,Undefined,5,Top,0,0,1,Fastball,Sinker,BallCalled,Undefined,Undefined,Undefined,0,0,NA,92.84511,1.589784,-0.508004,1851.299406,102.376181,09:30:00,4.78417,-1.19796,5.72012,-27.62962,5.43185,-19.50233,3.96297,-3.29636,83.7102,-3.554839,-3.994361,0.41384,NA,NA,NA,NA,NA,NA,NA,NA,NA,NA,NA,9.52808,2.65614,1.25127,50,4.90056,2.13492,-134.60264,2.70499,17.23675,33.01773,-27.36894,ORL_FIR,YAR_RED,CCBLOrleans,Cape Cod Baseball League,CCBL,20250730-CCBLOrleans-1,24e652e0-6d9e-11f0-9893-2bfced202392,91.07976,NA,NA,9.13491,NA,NA,NA,NA,NA,NA,e90f2670-dfbc-4d51-82ba-0d5a03d444c7,2025-07-30,23:37:23,2025-07-30T23:37:23Z,2025-07-30T23:37:23Z,NA,v3,6102,6104,NA,"Lavey, Robbie",835215,Right,ORL_FIR,3babaa9c-3b24-465b-90db-033216497b1f,54.77341,-135.76849,16.50887,4.78798,3.67139,-13.68447,1.18664,1.52629,8.61837,NA,NA,NA,NA,NA,NA,NA,NA,NA,NA,NA,NA,NA,NA,NA,NA,NA,NA,NA,NA,NA,NA,NA,NA,NA,NA,NA,NA,NA,NA,NA,NA,NA,NA,NA,NA,NA,NA,NA,NA,NA,NA,NA,NA,NA,NA,NA,NA,NA,NA,High,High,High,NA,NA,NA,NA,NA,NA,NA,NA,NA,NA,NA,NA,NA,NA,NA,NA,NA,NA,NA,NA,NA,NA,NA,NA,NA,NA,NA,NA,NA,NA,NA,NA,NA,NA,NA,NA,NA,NA,NA,NA,NA,NA,NA,NA,NA,NA,NA,NA,NA,NA,NA,NA,NA,NA,NA,NA,NA,NA
NA,NA,NA,NA,NA,NA,NA,NA,NA,NA,NA,NA,NA,NA,NA,NA,125,2025-07-30,19:37:45,1,3,"Tryba, Cole",835221,Left,ORL_FIR,"McAndrews, Thomas",836274,Right,YAR_RED,Undefined,5,Top,0,1,1,Slider,Curveball,BallCalled,Undefined,Undefined,Undefined,0,0,NA,76.03644,2.202314,-1.229673,2169.545761,287.312261,03:30:00,4.35745,-1.7117,4.98287,-53.72499,-3.49977,16.44111,1.96159,-1.50301,69.47481,-7.527539,1.673301,0.510073,NA,NA,NA,NA,NA,NA,NA,NA,NA,NA,NA,-8.45689,-1.85134,1.81624,50,4.52606,1.69814,-110.2373,2.34665,-10.36292,20.36412,-34.44265,ORL_FIR,YAR_RED,CCBLOrleans,Cape Cod Baseball League,CCBL,20250730-CCBLOrleans-1,323638c0-6d9e-11f0-9893-2bfced202392,73.89618,NA,NA,6.56164,NA,NA,NA,NA,NA,NA,e90f2670-dfbc-4d51-82ba-0d5a03d444c7,2025-07-30,23:37:45,2025-07-30T23:37:45Z,2025-07-30T23:37:45Z,NA,v3,6102,6104,NA,"Lavey, Robbie",835215,Right,ORL_FIR,566df6b7-6020-4d6c-be43-73259e130b8a,55.5166,-111.25171,10.18206,4.36643,4.06236,-17.22132,1.71879,2.21436,-5.18146,NA,NA,NA,NA,NA,NA,NA,NA,NA,NA,NA,NA,NA,NA,NA,NA,NA,NA,NA,NA,NA,NA,NA,NA,NA,NA,NA,NA,NA,NA,NA,NA,NA,NA,NA,NA,NA,NA,NA,NA,NA,NA,NA,NA,NA,NA,NA,NA,NA,NA,High,High,High,NA,NA,NA,NA,NA,NA,NA,NA,NA,NA,NA,NA,NA,NA,NA,NA,NA,NA,NA,NA,NA,NA,NA,NA,NA,NA,NA,NA,NA,NA,NA,NA,NA,NA,NA,NA,NA,NA,NA,NA,NA,NA,NA,NA,NA,NA,NA,NA,NA,NA,NA,NA,NA,NA,NA,NA,NA,NA
NA,NA,NA,NA,NA,NA,NA,NA,NA,NA,NA,NA,NA,NA,NA,NA,126,2025-07-30,19:38:03,1,4,"Tryba, Cole",835221,Left,ORL_FIR,"McAndrews, Thomas",836274,Right,YAR_RED,Undefined,5,Top,0,2,1,Fastball,Sinker,StrikeCalled,Undefined,Undefined,Undefined,0,0,NA,92.66245,0.400078,2.325815,2014.12048,122.990823,10:00:00,4.81621,-1.23856,5.70093,-22.65218,10.4178,-14.30253,3.30164,-0.26205,83.80665,-3.845317,-0.230036,0.413893,NA,NA,NA,NA,NA,NA,NA,NA,NA,NA,NA,7.90831,5.50488,1.05216,50,4.83591,-4.7938,-134.35998,0.14422,14.3289,31.51076,-22.1999,ORL_FIR,YAR_RED,CCBLOrleans,Cape Cod Baseball League,CCBL,20250730-CCBLOrleans-1,3ce81b30-6d9e-11f0-9893-2bfced202392,91.06805,NA,NA,8.8558,NA,NA,NA,NA,NA,NA,e90f2670-dfbc-4d51-82ba-0d5a03d444c7,2025-07-30,23:38:03,2025-07-30T23:38:03Z,2025-07-30T23:38:03Z,NA,v3,6102,6104,NA,"Lavey, Robbie",835215,Right,ORL_FIR,b2e9c98e-07b1-4d84-997f-a9bf6b50ebce,54.7947,-135.47979,15.75538,4.81676,0.93315,-11.09995,1.23157,-5.30301,7.16445,NA,NA,NA,NA,NA,NA,NA,NA,NA,NA,NA,NA,NA,NA,NA,NA,NA,NA,NA,NA,NA,NA,NA,NA,NA,NA,NA,NA,NA,NA,NA,NA,NA,NA,NA,NA,NA,NA,NA,NA,NA,NA,NA,NA,NA,NA,NA,NA,NA,NA,High,High,High,NA,NA,NA,NA,NA,NA,NA,NA,NA,NA,NA,NA,NA,NA,NA,NA,NA,NA,NA,NA,NA,NA,NA,NA,NA,NA,NA,NA,NA,NA,NA,NA,NA,NA,NA,NA,NA,NA,NA,NA,NA,NA,NA,NA,NA,NA,NA,NA,NA,NA,NA,NA,NA,NA,NA,NA,NA,NA
NA,NA,NA,NA,NA,NA,NA,NA,NA,NA,NA,NA,NA,NA,NA,NA,127,2025-07-30,19:38:23,1,5,"Tryba, Cole",835221,Left,ORL_FIR,"McAndrews, Thomas",836274,Right,YAR_RED,Undefined,5,Top,0,2,2,ChangeUp,Changeup,StrikeSwinging,Strikeout,Undefined,Undefined,0,0,NA,80.78304,1.117165,2.396452,1823.663777,100.430795,09:15:00,4.43235,-1.52088,5.48322,-39.54971,4.51965,-16.04639,2.18282,-0.61464,72.98803,-6.179986,-0.46066,0.477793,NA,NA,NA,NA,NA,NA,NA,NA,NA,NA,NA,8.8213,2.38795,1.32185,50,4.50382,-4.24095,-117.044,0.94822,12.07192,24.87013,-28.90614,ORL_FIR,YAR_RED,CCBLOrleans,Cape Cod Baseball League,CCBL,20250730-CCBLOrleans-1,48b24b70-6d9e-11f0-9893-2bfced202392,78.88862,NA,NA,7.795,NA,NA,NA,NA,NA,NA,e90f2670-dfbc-4d51-82ba-0d5a03d444c7,2025-07-30,23:38:23,2025-07-30T23:38:23Z,2025-07-30T23:38:23Z,NA,v3,6102,6104,NA,"Lavey, Robbie",835215,Right,ORL_FIR,ea4189ce-1c8f-43cb-b1bf-2e57ccd93e08,55.01347,-118.10448,12.43506,4.43711,2.1808,-14.45307,1.51366,-4.7557,6.03596,NA,NA,NA,NA,NA,NA,NA,NA,NA,NA,NA,NA,NA,NA,NA,NA,NA,NA,NA,NA,NA,NA,NA,NA,NA,NA,NA,NA,66.89214,NA,NA,1.029541,NA,NA,NA,1.20635,6.34003,3.78801,72.41429,6.06915,-52.35778,1.24855,73.54549,-4.28788,6.37299,13.12494,-13.02838,3.69417,-61.85811,7.18661,High,High,High,NA,NA,High,High,High,NA,NA,NA,NA,NA,NA,NA,NA,NA,NA,NA,NA,NA,NA,NA,NA,NA,NA,NA,NA,NA,NA,NA,NA,NA,NA,NA,NA,NA,NA,NA,NA,NA,NA,NA,NA,NA,NA,NA,NA,NA,NA,NA,NA,NA,NA,NA,NA,NA,NA,NA,NA,NA
NA,NA,NA,NA,NA,NA,NA,NA,NA,NA,NA,NA,NA,NA,NA,NA,128,2025-07-30,19:38:49,2,1,"Tryba, Cole",835221,Left,ORL_FIR,"Bell, Jack",806030,Left,YAR_RED,Undefined,5,Top,1,0,0,Fastball,Sinker,InPlay,Undefined,GroundBall,Out,1,0,NA,93.11026,-0.885536,2.213043,1966.077738,116.229787,09:45:00,4.70575,-1.30369,6.00067,-22.41438,9.98158,-17.9871,2.0167,-0.75106,84.32407,-5.100904,-1.021673,0.409653,60.93402,-27.426632,-17.261344,NA,NA,NA,NA,3.84488,3.03421,-0.041354,0.041677,9.94725,5.73036,1.1395,50,4.62384,-4.43775,-135.11417,-2.84189,18.1917,32.37921,-21.69428,ORL_FIR,YAR_RED,CCBLOrleans,Cape Cod Baseball League,CCBL,20250730-CCBLOrleans-1,58830fd0-6d9e-11f0-9893-2bfced202392,92.01054,1.72129,NA,8.78619,NA,NA,NA,0.67735,1.72129,0.98146,e90f2670-dfbc-4d51-82ba-0d5a03d444c7,2025-07-30,23:38:49,2025-07-30T23:38:49Z,2025-07-30T23:38:49Z,GroundBall,v3,6102,6104,NA,"Lavey, Robbie",835215,Right,ORL_FIR,dbf938fd-5c9d-45f3-8a84-21b94b242c5e,54.49738,-136.18767,16.18961,4.70614,-2.12264,-10.84714,1.29662,-5.04088,9.09585,180,0.67567,76.00238,NA,NA,NA,NA,NA,NA,NA,1.7222,-41.30086,NA,NA,NA,NA,NA,NA,NA,0.98198,-23.61587,NA,NA,NA,NA,NA,NA,NA,NA,NA,NA,NA,NA,NA,NA,NA,NA,NA,NA,NA,NA,NA,NA,NA,NA,NA,NA,NA,NA,NA,High,High,High,Low,Low,NA,NA,NA,NA,NA,NA,NA,NA,NA,NA,NA,NA,NA,NA,NA,NA,NA,NA,NA,NA,NA,NA,NA,NA,NA,NA,NA,NA,NA,NA,NA,NA,NA,NA,NA,NA,NA,NA,NA,NA,NA,NA,NA,NA,NA,NA,NA,NA,NA,NA,NA,NA,NA,NA,NA,NA
NA,NA,NA,NA,NA,NA,NA,NA,NA,NA,NA,NA,NA,NA,NA,NA,129,2025-07-30,19:40:09,3,1,"Tryba, Cole",835221,Left,ORL_FIR,"Dowd, Brayden",804053,Left,YAR_RED,Undefined,5,Top,2,0,0,Other,NA,BallCalled,Undefined,Undefined,Undefined,0,0,NA,NA,NA,NA,NA,NA,NA,NA,NA,NA,NA,NA,NA,NA,NA,NA,NA,NA,NA,NA,NA,NA,NA,NA,NA,NA,NA,NA,NA,NA,NA,NA,NA,NA,NA,NA,NA,NA,NA,NA,NA,ORL_FIR,YAR_RED,CCBLOrleans,Cape Cod Baseball League,CCBL,20250730-CCBLOrleans-1,806be3a0-6d9e-11f0-9893-2bfced202392,NA,NA,NA,NA,NA,NA,NA,NA,NA,NA,e90f2670-dfbc-4d51-82ba-0d5a03d444c7,2025-07-30,23:40:09,2025-07-30T23:40:09Z,2025-07-30T23:40:09Z,NA,v3,6102,6104,NA,"Lavey, Robbie",835215,Right,ORL_FIR,NA,NA,NA,NA,NA,NA,NA,NA,NA,NA,NA,NA,NA,NA,NA,NA,NA,NA,NA,NA,NA,NA,NA,NA,NA,NA,NA,NA,NA,NA,NA,NA,NA,NA,NA,NA,NA,NA,NA,NA,NA,NA,NA,NA,NA,NA,NA,NA,NA,NA,NA,NA,NA,NA,NA,NA,NA,NA,NA,NA,NA,NA,NA,NA,NA,NA,NA,NA,NA,NA,NA,NA,NA,NA,NA,NA,NA,NA,NA,NA,NA,NA,NA,NA,NA,NA,NA,NA,NA,NA,NA,NA,NA,NA,NA,NA,NA,NA,NA,NA,NA,NA,NA,NA,NA,NA,NA,NA,NA,NA,NA,NA,NA,NA,NA,NA,NA,NA,NA,NA,NA
NA,NA,NA,NA,NA,NA,NA,NA,NA,NA,NA,NA,NA,NA,NA,NA,130,2025-07-30,19:40:10,3,2,"Tryba, Cole",835221,Left,ORL_FIR,"Dowd, Brayden",804053,Left,YAR_RED,Undefined,5,Top,2,1,0,Slider,Slider,BallCalled,Undefined,Undefined,Undefined,0,0,NA,78.46396,0.955569,0.754862,2246.124072,285.024316,03:30:00,4.28751,-1.56498,5.22965,-49.38483,-2.7824,15.81123,1.07053,0.46225,72.03982,-8.0074,3.56045,0.491333,NA,NA,NA,NA,NA,NA,NA,NA,NA,NA,NA,-7.73079,-1.28004,1.483,50,4.33833,-2.1276,-113.91152,0.1817,-10.12186,21.61541,-33.84998,ORL_FIR,YAR_RED,CCBLOrleans,Cape Cod Baseball League,CCBL,20250730-CCBLOrleans-1,8859eb20-6d9e-11f0-9893-2bfced202392,76.71471,NA,NA,6.42414,NA,NA,NA,NA,NA,NA,e90f2670-dfbc-4d51-82ba-0d5a03d444c7,2025-07-30,23:40:10,2025-07-30T23:40:10Z,2025-07-30T23:40:10Z,NA,v3,6102,6104,NA,"Lavey, Robbie",835215,Right,ORL_FIR,2b1800a2-a6cf-47e7-8c8e-f65940739209,55.27087,-114.90734,10.8077,4.29404,1.74118,-16.92499,1.57028,-1.66128,-5.06093,NA,NA,NA,NA,NA,NA,NA,NA,NA,NA,NA,NA,NA,NA,NA,NA,NA,NA,NA,NA,NA,NA,NA,NA,NA,NA,NA,NA,NA,NA,NA,NA,NA,NA,NA,NA,NA,NA,NA,NA,NA,NA,NA,NA,NA,NA,NA,NA,NA,NA,High,High,High,NA,NA,NA,NA,NA,NA,NA,NA,NA,NA,NA,NA,NA,NA,NA,NA,NA,NA,NA,NA,NA,NA,NA,NA,NA,NA,NA,NA,NA,NA,NA,NA,NA,NA,NA,NA,NA,NA,NA,NA,NA,NA,NA,NA,NA,NA,NA,NA,NA,NA,NA,NA,NA,NA,NA,NA,NA,NA
NA,NA,NA,NA,NA,NA,NA,NA,NA,NA,NA,NA,NA,NA,NA,NA,131,2025-07-30,19:40:26,3,3,"Tryba, Cole",835221,Left,ORL_FIR,"Dowd, Brayden",804053,Left,YAR_RED,Undefined,5,Top,2,2,0,Fastball,Sinker,BallCalled,Undefined,Undefined,Undefined,0,0,NA,91.98576,-1.283062,4.730706,2160.30004,119.468636,10:00:00,4.81394,-1.03697,5.88393,-22.60013,10.80772,-17.1008,1.73486,1.94094,83.45067,-5.519095,1.674647,0.416002,NA,NA,NA,NA,NA,NA,NA,NA,NA,NA,NA,10.06091,6.24729,0.66396,50,4.69714,-10.24529,-133.09795,-3.75337,17.94104,30.14231,-21.0336,ORL_FIR,YAR_RED,CCBLOrleans,Cape Cod Baseball League,CCBL,20250730-CCBLOrleans-1,91e1f390-6d9e-11f0-9893-2bfced202392,90.60633,NA,NA,8.53509,NA,NA,NA,NA,NA,NA,e90f2670-dfbc-4d51-82ba-0d5a03d444c7,2025-07-30,23:40:26,2025-07-30T23:40:26Z,2025-07-30T23:40:26Z,NA,v3,6102,6104,NA,"Lavey, Robbie",835215,Right,ORL_FIR,c32a63f7-2fec-4173-a24f-dc4e2439beb7,54.61255,-134.13848,15.07116,4.81418,-3.02729,-10.5168,1.02832,-10.86462,8.97052,NA,NA,NA,NA,NA,NA,NA,NA,NA,NA,NA,NA,NA,NA,NA,NA,NA,NA,NA,NA,NA,NA,NA,NA,NA,NA,NA,NA,NA,NA,NA,NA,NA,NA,NA,NA,NA,NA,NA,NA,NA,NA,NA,NA,NA,NA,NA,NA,NA,NA,High,High,High,NA,NA,NA,NA,NA,NA,NA,NA,NA,NA,NA,NA,NA,NA,NA,NA,NA,NA,NA,NA,NA,NA,NA,NA,NA,NA,NA,NA,NA,NA,NA,NA,NA,NA,NA,NA,NA,NA,NA,NA,NA,NA,NA,NA,NA,NA,NA,NA,NA,NA,NA,NA,NA,NA,NA,NA,NA,NA
NA,NA,NA,NA,NA,NA,NA,NA,NA,NA,NA,NA,NA,NA,NA,NA,132,2025-07-30,19:40:43,3,4,"Tryba, Cole",835221,Left,ORL_FIR,"Dowd, Brayden",804053,Left,YAR_RED,Undefined,5,Top,2,3,0,Fastball,Sinker,StrikeCalled,Undefined,Undefined,Undefined,0,0,NA,90.80601,0.026069,4.19848,1826.990781,111.100261,09:45:00,4.73436,-1.33642,5.82716,-27.00478,7.23599,-15.79178,2.50826,1.2575,82.48987,-4.998799,1.376814,0.421156,NA,NA,NA,NA,NA,NA,NA,NA,NA,NA,NA,9.20441,4.04469,1.00197,50,4.72073,-8.94931,-131.52773,-0.89049,16.05341,29.03651,-25.11972,ORL_FIR,YAR_RED,CCBLOrleans,Cape Cod Baseball League,CCBL,20250730-CCBLOrleans-1,9c3b55c0-6d9e-11f0-9893-2bfced202392,89.49753,NA,NA,8.31614,NA,NA,NA,NA,NA,NA,e90f2670-dfbc-4d51-82ba-0d5a03d444c7,2025-07-30,23:40:43,2025-07-30T23:40:43Z,2025-07-30T23:40:43Z,NA,v3,6102,6104,NA,"Lavey, Robbie",835215,Right,ORL_FIR,14700b95-4fe8-483f-8a3d-fd6b683e026b,54.66952,-132.55458,14.51826,4.73651,-0.00215,-12.55986,1.3285,-9.51703,8.02671,NA,NA,NA,NA,NA,NA,NA,NA,NA,NA,NA,NA,NA,NA,NA,NA,NA,NA,NA,NA,NA,NA,NA,NA,NA,NA,NA,NA,NA,NA,NA,NA,NA,NA,NA,NA,NA,NA,NA,NA,NA,NA,NA,NA,NA,NA,NA,NA,NA,NA,High,High,High,NA,NA,NA,NA,NA,NA,NA,NA,NA,NA,NA,NA,NA,NA,NA,NA,NA,NA,NA,NA,NA,NA,NA,NA,NA,NA,NA,NA,NA,NA,NA,NA,NA,NA,NA,NA,NA,NA,NA,NA,NA,NA,NA,NA,NA,NA,NA,NA,NA,NA,NA,NA,NA,NA,NA,NA,NA,NA
NA,NA,NA,NA,NA,NA,NA,NA,NA,NA,NA,NA,NA,NA,NA,NA,133,2025-07-30,19:41:01,3,5,"Tryba, Cole",835221,Left,ORL_FIR,"Dowd, Brayden",804053,Left,YAR_RED,Undefined,5,Top,2,3,1,Fastball,Sinker,BallCalled,Walk,Undefined,Undefined,0,0,NA,93.61596,-0.010109,1.511777,1987.614322,117.300134,10:00:00,4.8488,-1.22493,5.78008,-22.30934,10.01835,-17.23981,2.98028,-1.25467,84.61814,-4.196821,-1.576129,0.409222,NA,NA,NA,NA,NA,NA,NA,NA,NA,NA,NA,9.20178,5.43811,1.11047,50,4.83471,-2.78975,-135.82305,-0.80527,16.99679,32.85904,-22.12921,ORL_FIR,YAR_RED,CCBLOrleans,Cape Cod Baseball League,CCBL,20250730-CCBLOrleans-1,a6d14bc0-6d9e-11f0-9893-2bfced202392,92.10762,NA,NA,8.99782,NA,NA,NA,NA,NA,NA,e90f2670-dfbc-4d51-82ba-0d5a03d444c7,2025-07-30,23:41:01,2025-07-30T23:41:01Z,2025-07-30T23:41:01Z,NA,v3,6102,6104,NA,"Lavey, Robbie",835215,Right,ORL_FIR,64daf065-c44e-4213-b563-62d85a489868,54.71628,-136.95928,16.42952,4.84933,-0.04006,-11.0646,1.2171,-3.37748,8.49839,NA,NA,NA,NA,NA,NA,NA,NA,NA,NA,NA,NA,NA,NA,NA,NA,NA,NA,NA,NA,NA,NA,NA,NA,NA,NA,NA,NA,NA,NA,NA,NA,NA,NA,NA,NA,NA,NA,NA,NA,NA,NA,NA,NA,NA,NA,NA,NA,NA,NA,High,High,High,NA,NA,NA,NA,NA,NA,NA,NA,NA,NA,NA,NA,NA,NA,NA,NA,NA,NA,NA,NA,NA,NA,NA,NA,NA,NA,NA,NA,NA,NA,NA,NA,NA,NA,NA,NA,NA,NA,NA,NA,NA,NA,NA,NA,NA,NA,NA,NA,NA,NA,NA,NA,NA,NA,NA,NA,NA,NA
NA,NA,NA,NA,NA,NA,NA,NA,NA,NA,NA,NA,NA,NA,NA,NA,134,2025-07-30,20:09:16,4,1,"Tryba, Cole",835221,Left,ORL_FIR,"Hacopian, Chris",806680,Right,YAR_RED,Undefined,5,Top,2,0,0,Other,NA,InPlay,Undefined,FlyBall,Out,1,0,NA,NA,NA,NA,NA,NA,NA,NA,NA,NA,NA,NA,NA,NA,NA,NA,NA,NA,NA,NA,NA,NA,NA,NA,NA,NA,NA,NA,NA,NA,NA,NA,NA,NA,NA,NA,NA,NA,NA,NA,NA,ORL_FIR,YAR_RED,CCBLOrleans,Cape Cod Baseball League,CCBL,20250730-CCBLOrleans-1,da747150-6d9e-11f0-9893-2bfced202392,NA,NA,NA,NA,NA,NA,NA,NA,NA,NA,e90f2670-dfbc-4d51-82ba-0d5a03d444c7,2025-07-31,00:09:16,2025-07-31T00:09:16Z,2025-07-31T00:09:16Z,NA,v3,6102,6104,NA,"Lavey, Robbie",835215,Right,ORL_FIR,NA,NA,NA,NA,NA,NA,NA,NA,NA,NA,NA,NA,NA,NA,NA,NA,NA,NA,NA,NA,NA,NA,NA,NA,NA,NA,NA,NA,NA,NA,NA,NA,NA,NA,NA,NA,NA,NA,NA,NA,NA,NA,NA,NA,NA,NA,NA,NA,NA,NA,NA,NA,NA,NA,NA,NA,NA,NA,NA,NA,NA,NA,NA,NA,NA,NA,NA,NA,NA,NA,NA,NA,NA,NA,NA,NA,NA,NA,NA,NA,NA,NA,NA,NA,NA,NA,NA,NA,NA,NA,NA,NA,NA,NA,NA,NA,NA,NA,NA,NA,NA,NA,NA,NA,NA,NA,NA,NA,NA,NA,NA,NA,NA,NA,NA,NA,NA,NA,NA,NA,NA
NA,NA,NA,NA,NA,NA,NA,NA,NA,NA,NA,NA,NA,NA,NA,NA,135,2025-07-30,20:09:17,1,1,"Downs, Chris",835223,Left,YAR_RED,"Williams, Javar",814191,Left,ORL_FIR,Undefined,5,Bottom,0,0,0,Fastball,NA,FoulBallNotFieldable,Undefined,Undefined,Undefined,0,0,NA,NA,NA,NA,NA,NA,NA,NA,NA,NA,NA,NA,NA,NA,NA,NA,NA,NA,NA,NA,NA,NA,NA,NA,NA,NA,NA,NA,NA,NA,NA,NA,NA,NA,NA,NA,NA,NA,NA,NA,NA,ORL_FIR,YAR_RED,CCBLOrleans,Cape Cod Baseball League,CCBL,20250730-CCBLOrleans-1,217d1ac0-6d9f-11f0-9893-2bfced202392,NA,NA,NA,NA,NA,NA,NA,NA,NA,NA,e90f2670-dfbc-4d51-82ba-0d5a03d444c7,2025-07-31,00:09:17,2025-07-31T00:09:17Z,2025-07-31T00:09:17Z,NA,v3,6102,6104,NA,"McAndrews, Thomas",836274,Right,YAR_RED,NA,NA,NA,NA,NA,NA,NA,NA,NA,NA,NA,NA,NA,NA,NA,NA,NA,NA,NA,NA,NA,NA,NA,NA,NA,NA,NA,NA,NA,NA,NA,NA,NA,NA,NA,NA,NA,NA,NA,NA,NA,NA,NA,NA,NA,NA,NA,NA,NA,NA,NA,NA,NA,NA,NA,NA,NA,NA,NA,NA,NA,NA,NA,NA,NA,NA,NA,NA,NA,NA,NA,NA,NA,NA,NA,NA,NA,NA,NA,NA,NA,NA,NA,NA,NA,NA,NA,NA,NA,NA,NA,NA,NA,NA,NA,NA,NA,NA,NA,NA,NA,NA,NA,NA,NA,NA,NA,NA,NA,NA,NA,NA,NA,NA,NA,NA,NA,NA,NA,NA,NA
NA,NA,NA,NA,NA,NA,NA,NA,NA,NA,NA,NA,NA,NA,NA,NA,136,2025-07-30,20:09:18,1,2,"Downs, Chris",835223,Left,YAR_RED,"Williams, Javar",814191,Left,ORL_FIR,Undefined,5,Bottom,0,0,1,Other,NA,BallCalled,Undefined,Undefined,Undefined,0,0,NA,NA,NA,NA,NA,NA,NA,NA,NA,NA,NA,NA,NA,NA,NA,NA,NA,NA,NA,NA,NA,NA,NA,NA,NA,NA,NA,NA,NA,NA,NA,NA,NA,NA,NA,NA,NA,NA,NA,NA,NA,ORL_FIR,YAR_RED,CCBLOrleans,Cape Cod Baseball League,CCBL,20250730-CCBLOrleans-1,30554e50-6d9f-11f0-9893-2bfced202392,NA,NA,NA,NA,NA,NA,NA,NA,NA,NA,e90f2670-dfbc-4d51-82ba-0d5a03d444c7,2025-07-31,00:09:18,2025-07-31T00:09:18Z,2025-07-31T00:09:18Z,NA,v3,6102,6104,NA,"McAndrews, Thomas",836274,Right,YAR_RED,NA,NA,NA,NA,NA,NA,NA,NA,NA,NA,NA,NA,NA,NA,NA,NA,NA,NA,NA,NA,NA,NA,NA,NA,NA,NA,NA,NA,NA,NA,NA,NA,NA,NA,NA,NA,NA,NA,NA,NA,NA,NA,NA,NA,NA,NA,NA,NA,NA,NA,NA,NA,NA,NA,NA,NA,NA,NA,NA,NA,NA,NA,NA,NA,NA,NA,NA,NA,NA,NA,NA,NA,NA,NA,NA,NA,NA,NA,NA,NA,NA,NA,NA,NA,NA,NA,NA,NA,NA,NA,NA,NA,NA,NA,NA,NA,NA,NA,NA,NA,NA,NA,NA,NA,NA,NA,NA,NA,NA,NA,NA,NA,NA,NA,NA,NA,NA,NA,NA,NA,NA
NA,NA,NA,NA,NA,NA,NA,NA,NA,NA,NA,NA,NA,NA,NA,NA,137,2025-07-30,20:09:19,1,3,"Downs, Chris",835223,Left,YAR_RED,"Williams, Javar",814191,Left,ORL_FIR,Undefined,5,Bottom,0,1,1,Other,NA,StrikeSwinging,Undefined,Undefined,Undefined,0,0,NA,NA,NA,NA,NA,NA,NA,NA,NA,NA,NA,NA,NA,NA,NA,NA,NA,NA,NA,NA,NA,NA,NA,NA,NA,NA,NA,NA,NA,NA,NA,NA,NA,NA,NA,NA,NA,NA,NA,NA,NA,ORL_FIR,YAR_RED,CCBLOrleans,Cape Cod Baseball League,CCBL,20250730-CCBLOrleans-1,55b8d6d0-6d9f-11f0-99b3-77e70546b8d2,NA,NA,NA,NA,NA,NA,NA,NA,NA,NA,e90f2670-dfbc-4d51-82ba-0d5a03d444c7,2025-07-31,00:09:19,2025-07-31T00:09:19Z,2025-07-31T00:09:19Z,NA,v3,6102,6104,NA,"McAndrews, Thomas",836274,Right,YAR_RED,NA,NA,NA,NA,NA,NA,NA,NA,NA,NA,NA,NA,NA,NA,NA,NA,NA,NA,NA,NA,NA,NA,NA,NA,NA,NA,NA,NA,NA,NA,NA,NA,NA,NA,NA,NA,NA,NA,NA,NA,NA,NA,NA,NA,NA,NA,NA,NA,NA,NA,NA,NA,NA,NA,NA,NA,NA,NA,NA,NA,NA,NA,NA,NA,NA,NA,NA,NA,NA,NA,NA,NA,NA,NA,NA,NA,NA,NA,NA,NA,NA,NA,NA,NA,NA,NA,NA,NA,NA,NA,NA,NA,NA,NA,NA,NA,NA,NA,NA,NA,NA,NA,NA,NA,NA,NA,NA,NA,NA,NA,NA,NA,NA,NA,NA,NA,NA,NA,NA,NA,NA
NA,NA,NA,NA,NA,NA,NA,NA,NA,NA,NA,NA,NA,NA,NA,NA,138,2025-07-30,20:09:20,1,4,"Downs, Chris",835223,Left,YAR_RED,"Williams, Javar",814191,Left,ORL_FIR,Undefined,5,Bottom,0,1,2,Other,NA,StrikeSwinging,Strikeout,Undefined,Undefined,0,0,NA,NA,NA,NA,NA,NA,NA,NA,NA,NA,NA,NA,NA,NA,NA,NA,NA,NA,NA,NA,NA,NA,NA,NA,NA,NA,NA,NA,NA,NA,NA,NA,NA,NA,NA,NA,NA,NA,NA,NA,NA,ORL_FIR,YAR_RED,CCBLOrleans,Cape Cod Baseball League,CCBL,20250730-CCBLOrleans-1,5cfda600-6d9f-11f0-99b3-77e70546b8d2,NA,NA,NA,NA,NA,NA,NA,NA,NA,NA,e90f2670-dfbc-4d51-82ba-0d5a03d444c7,2025-07-31,00:09:20,2025-07-31T00:09:20Z,2025-07-31T00:09:20Z,NA,v3,6102,6104,NA,"McAndrews, Thomas",836274,Right,YAR_RED,NA,NA,NA,NA,NA,NA,NA,NA,NA,NA,NA,NA,NA,NA,NA,NA,NA,NA,NA,NA,NA,NA,NA,NA,NA,NA,NA,NA,NA,NA,NA,NA,NA,NA,NA,NA,NA,NA,NA,NA,NA,NA,NA,NA,NA,NA,NA,NA,NA,NA,NA,NA,NA,NA,NA,NA,NA,NA,NA,NA,NA,NA,NA,NA,NA,NA,NA,NA,NA,NA,NA,NA,NA,NA,NA,NA,NA,NA,NA,NA,NA,NA,NA,NA,NA,NA,NA,NA,NA,NA,NA,NA,NA,NA,NA,NA,NA,NA,NA,NA,NA,NA,NA,NA,NA,NA,NA,NA,NA,NA,NA,NA,NA,NA,NA,NA,NA,NA,NA,NA,NA
NA,NA,NA,NA,NA,NA,NA,NA,NA,NA,NA,NA,NA,NA,NA,NA,139,2025-07-30,20:09:21,2,1,"Downs, Chris",835223,Left,YAR_RED,"Crossland, Michael",835210,Right,ORL_FIR,Undefined,5,Bottom,1,0,0,Other,NA,BallCalled,Undefined,Undefined,Undefined,0,0,NA,NA,NA,NA,NA,NA,NA,NA,NA,NA,NA,NA,NA,NA,NA,NA,NA,NA,NA,NA,NA,NA,NA,NA,NA,NA,NA,NA,NA,NA,NA,NA,NA,NA,NA,NA,NA,NA,NA,NA,NA,ORL_FIR,YAR_RED,CCBLOrleans,Cape Cod Baseball League,CCBL,20250730-CCBLOrleans-1,61698ba0-6d9f-11f0-99b3-77e70546b8d2,NA,NA,NA,NA,NA,NA,NA,NA,NA,NA,e90f2670-dfbc-4d51-82ba-0d5a03d444c7,2025-07-31,00:09:21,2025-07-31T00:09:21Z,2025-07-31T00:09:21Z,NA,v3,6102,6104,NA,"McAndrews, Thomas",836274,Right,YAR_RED,NA,NA,NA,NA,NA,NA,NA,NA,NA,NA,NA,NA,NA,NA,NA,NA,NA,NA,NA,NA,NA,NA,NA,NA,NA,NA,NA,NA,NA,NA,NA,NA,NA,NA,NA,NA,NA,NA,NA,NA,NA,NA,NA,NA,NA,NA,NA,NA,NA,NA,NA,NA,NA,NA,NA,NA,NA,NA,NA,NA,NA,NA,NA,NA,NA,NA,NA,NA,NA,NA,NA,NA,NA,NA,NA,NA,NA,NA,NA,NA,NA,NA,NA,NA,NA,NA,NA,NA,NA,NA,NA,NA,NA,NA,NA,NA,NA,NA,NA,NA,NA,NA,NA,NA,NA,NA,NA,NA,NA,NA,NA,NA,NA,NA,NA,NA,NA,NA,NA,NA,NA
NA,NA,NA,NA,NA,NA,NA,NA,NA,NA,NA,NA,NA,NA,NA,NA,140,2025-07-30,20:09:22,2,2,"Downs, Chris",835223,Left,YAR_RED,"Crossland, Michael",835210,Right,ORL_FIR,Undefined,5,Bottom,1,1,0,Other,NA,InPlay,Undefined,GroundBall,Out,1,0,NA,NA,NA,NA,NA,NA,NA,NA,NA,NA,NA,NA,NA,NA,NA,NA,NA,NA,NA,NA,NA,NA,NA,NA,NA,NA,NA,NA,NA,NA,NA,NA,NA,NA,NA,NA,NA,NA,NA,NA,NA,ORL_FIR,YAR_RED,CCBLOrleans,Cape Cod Baseball League,CCBL,20250730-CCBLOrleans-1,6ccf54c0-6d9f-11f0-99b3-77e70546b8d2,NA,NA,NA,NA,NA,NA,NA,NA,NA,NA,e90f2670-dfbc-4d51-82ba-0d5a03d444c7,2025-07-31,00:09:22,2025-07-31T00:09:22Z,2025-07-31T00:09:22Z,NA,v3,6102,6104,NA,"McAndrews, Thomas",836274,Right,YAR_RED,NA,NA,NA,NA,NA,NA,NA,NA,NA,NA,NA,NA,NA,NA,NA,NA,NA,NA,NA,NA,NA,NA,NA,NA,NA,NA,NA,NA,NA,NA,NA,NA,NA,NA,NA,NA,NA,NA,NA,NA,NA,NA,NA,NA,NA,NA,NA,NA,NA,NA,NA,NA,NA,NA,NA,NA,NA,NA,NA,NA,NA,NA,NA,NA,NA,NA,NA,NA,NA,NA,NA,NA,NA,NA,NA,NA,NA,NA,NA,NA,NA,NA,NA,NA,NA,NA,NA,NA,NA,NA,NA,NA,NA,NA,NA,NA,NA,NA,NA,NA,NA,NA,NA,NA,NA,NA,NA,NA,NA,NA,NA,NA,NA,NA,NA,NA,NA,NA,NA,NA,NA
NA,NA,NA,NA,NA,NA,NA,NA,NA,NA,NA,NA,NA,NA,NA,NA,141,2025-07-30,20:09:23,3,1,"Downs, Chris",835223,Left,YAR_RED,"Kucherak, Ryan",807725,Right,ORL_FIR,Undefined,5,Bottom,2,0,0,Other,NA,StrikeCalled,Undefined,Undefined,Undefined,0,0,NA,NA,NA,NA,NA,NA,NA,NA,NA,NA,NA,NA,NA,NA,NA,NA,NA,NA,NA,NA,NA,NA,NA,NA,NA,NA,NA,NA,NA,NA,NA,NA,NA,NA,NA,NA,NA,NA,NA,NA,NA,ORL_FIR,YAR_RED,CCBLOrleans,Cape Cod Baseball League,CCBL,20250730-CCBLOrleans-1,7ef0e6f0-6d9f-11f0-99b3-77e70546b8d2,NA,NA,NA,NA,NA,NA,NA,NA,NA,NA,e90f2670-dfbc-4d51-82ba-0d5a03d444c7,2025-07-31,00:09:23,2025-07-31T00:09:23Z,2025-07-31T00:09:23Z,NA,v3,6102,6104,NA,"McAndrews, Thomas",836274,Right,YAR_RED,NA,NA,NA,NA,NA,NA,NA,NA,NA,NA,NA,NA,NA,NA,NA,NA,NA,NA,NA,NA,NA,NA,NA,NA,NA,NA,NA,NA,NA,NA,NA,NA,NA,NA,NA,NA,NA,NA,NA,NA,NA,NA,NA,NA,NA,NA,NA,NA,NA,NA,NA,NA,NA,NA,NA,NA,NA,NA,NA,NA,NA,NA,NA,NA,NA,NA,NA,NA,NA,NA,NA,NA,NA,NA,NA,NA,NA,NA,NA,NA,NA,NA,NA,NA,NA,NA,NA,NA,NA,NA,NA,NA,NA,NA,NA,NA,NA,NA,NA,NA,NA,NA,NA,NA,NA,NA,NA,NA,NA,NA,NA,NA,NA,NA,NA,NA,NA,NA,NA,NA,NA
NA,NA,NA,NA,NA,NA,NA,NA,NA,NA,NA,NA,NA,NA,NA,NA,142,2025-07-30,20:09:24,3,2,"Downs, Chris",835223,Left,YAR_RED,"Kucherak, Ryan",807725,Right,ORL_FIR,Undefined,5,Bottom,2,0,1,Other,NA,HitByPitch,Undefined,Undefined,Undefined,0,0,NA,NA,NA,NA,NA,NA,NA,NA,NA,NA,NA,NA,NA,NA,NA,NA,NA,NA,NA,NA,NA,NA,NA,NA,NA,NA,NA,NA,NA,NA,NA,NA,NA,NA,NA,NA,NA,NA,NA,NA,NA,ORL_FIR,YAR_RED,CCBLOrleans,Cape Cod Baseball League,CCBL,20250730-CCBLOrleans-1,89c879d0-6d9f-11f0-99b3-77e70546b8d2,NA,NA,NA,NA,NA,NA,NA,NA,NA,NA,e90f2670-dfbc-4d51-82ba-0d5a03d444c7,2025-07-31,00:09:24,2025-07-31T00:09:24Z,2025-07-31T00:09:24Z,NA,v3,6102,6104,NA,"McAndrews, Thomas",836274,Right,YAR_RED,NA,NA,NA,NA,NA,NA,NA,NA,NA,NA,NA,NA,NA,NA,NA,NA,NA,NA,NA,NA,NA,NA,NA,NA,NA,NA,NA,NA,NA,NA,NA,NA,NA,NA,NA,NA,NA,NA,NA,NA,NA,NA,NA,NA,NA,NA,NA,NA,NA,NA,NA,NA,NA,NA,NA,NA,NA,NA,NA,NA,NA,NA,NA,NA,NA,NA,NA,NA,NA,NA,NA,NA,NA,NA,NA,NA,NA,NA,NA,NA,NA,NA,NA,NA,NA,NA,NA,NA,NA,NA,NA,NA,NA,NA,NA,NA,NA,NA,NA,NA,NA,NA,NA,NA,NA,NA,NA,NA,NA,NA,NA,NA,NA,NA,NA,NA,NA,NA,NA,NA,NA
NA,NA,NA,NA,NA,NA,NA,NA,NA,NA,NA,NA,NA,NA,NA,NA,143,2025-07-30,20:09:25,1,1,"Tryba, Cole",835221,Left,ORL_FIR,"Costello, Nick",801587,Left,YAR_RED,Undefined,7,Top,0,0,0,Undefined,NA,FoulBallNotFieldable,Undefined,Undefined,Undefined,0,0,NA,90.98174,0.229841,1.331037,1942.773181,NA,NA,3.61433,-1.15203,5.96677,NA,NA,NA,2.47201,-0.79454,81.91003,-2.906886,-0.559422,0.420161,103.16145,45.133905,66.850688,3686.358442,NA,NA,NA,NA,75.92672,NA,NA,5.85929,9.43564,1.05256,50,3.6237,-2.61986,-132.01521,0.06745,10.18578,32.02216,-15.77111,ORL_FIR,YAR_RED,CCBLOrleans,Cape Cod Baseball League,CCBL,20250730-CCBLOrleans-1,9f7bb6e0-6da2-11f0-ac87-592c80d714ae,89.70949,74.36623,NA,9.07171,NA,NA,NA,2.51087,2.70361,0.6573,e90f2670-dfbc-4d51-82ba-0d5a03d444c7,2025-07-31,00:09:25,2025-07-31T00:09:25Z,2025-07-31T00:09:25Z,NA,v3,6102,6104,NA,"McAndrews, Thomas",836274,Right,ORL_FIR,99e1dd30-adb7-434d-a6e9-ca3a5f8e9fd8,54.53018,-133.10953,16.01108,3.61219,0.60642,-7.88555,1.14803,-2.96795,5.09289,NA,2.51087,41.96149,-19.11718,5.93249,-1.71651,0.69395,-0.52597,0.36101,-0.11136,2.70361,107.23725,-25.70722,2.77443,-0.41676,-0.06359,0.19674,-0.16628,0.05385,0.6573,98.14309,-17.16915,4.02553,-0.90701,0.25331,-0.12823,0.07543,-0.02229,NA,NA,NA,NA,NA,NA,NA,NA,NA,NA,NA,NA,NA,NA,NA,NA,NA,NA,NA,NA,NA,NA,Low,Low,Low,Medium,Undefined,NA,NA,NA,NA,NA,NA,NA,NA,NA,NA,NA,NA,NA,NA,NA,NA,NA,NA,NA,NA,NA,NA,NA,NA,NA,NA,NA,NA,NA,NA,NA,NA,NA,NA,NA,NA,NA,NA,NA,NA,NA,NA,NA,NA,NA,NA,NA,NA,NA,NA,NA,NA,NA,NA,NA,NA
NA,NA,NA,NA,NA,NA,NA,NA,NA,NA,NA,NA,NA,NA,NA,NA,144,2025-07-30,20:09:50,1,2,"Tryba, Cole",835221,Left,ORL_FIR,"Costello, Nick",801587,Left,YAR_RED,Undefined,7,Top,0,0,1,Undefined,NA,InPlay,Undefined,LineDrive,Out,1,0,NA,76.92523,2.388721,0.678134,2295.832413,NA,NA,3.21146,-1.58879,5.46105,NA,NA,NA,1.61324,0.6458,69.79379,-6.073466,4.092993,0.501369,70.54892,19.408542,-1.684771,1589.318616,109.56802,15.97072,-9.73657,166.53073,160.84964,-6.489767,2.001405,-9.48252,0.97004,1.51537,50,3.3905,-2.05827,-111.51945,3.16018,-11.79923,22.28804,-30.96702,ORL_FIR,YAR_RED,CCBLOrleans,Cape Cod Baseball League,CCBL,20250730-CCBLOrleans-1,ae0f1940-6da2-11f0-ac87-592c80d714ae,75.17911,17.30066,NA,7.13144,NA,NA,NA,1.51933,1.4916,-0.54561,e90f2670-dfbc-4d51-82ba-0d5a03d444c7,2025-07-31,00:09:50,2025-07-31T00:09:50Z,2025-07-31T00:09:50Z,LineDrive,v3,6102,6104,NA,"McAndrews, Thomas",836274,Right,ORL_FIR,110dc01e-091c-4de3-bd23-18a99c21b08d,55.03752,-112.52173,11.14402,3.21707,4.55275,-15.48351,1.596,-1.52767,-5.89962,NA,1.51928,97.55356,-9.50655,1.38833,-0.56601,0.38404,-0.21012,0.05695,-0.00554,1.49161,34.3833,-20.01337,1.6551,-0.27912,0.0308,0.00123,0.00139,-6.9e-4,-0.54562,-2.86812,-5.20728,1.72963,-0.57384,0.21408,-0.08629,0.02316,-0.00251,NA,NA,NA,NA,NA,NA,NA,NA,NA,NA,NA,NA,NA,NA,NA,NA,NA,NA,NA,NA,NA,NA,Low,Low,Low,High,High,NA,NA,NA,NA,NA,NA,NA,NA,NA,NA,NA,NA,NA,NA,NA,NA,NA,NA,NA,NA,NA,NA,NA,NA,NA,NA,NA,NA,NA,NA,NA,NA,NA,NA,NA,NA,NA,NA,NA,NA,NA,NA,NA,NA,NA,NA,NA,NA,NA,NA,NA,NA,NA,NA,NA,NA
NA,NA,NA,NA,NA,NA,NA,NA,NA,NA,NA,NA,NA,NA,NA,NA,145,2025-07-30,20:10:24,2,1,"Tryba, Cole",835221,Left,ORL_FIR,"McAndrews, Thomas",836274,Right,YAR_RED,Undefined,7,Top,1,0,0,Fastball,NA,BallCalled,Undefined,Undefined,Undefined,0,0,NA,93.15042,0.147308,1.664866,2059.729491,NA,NA,3.90804,-0.98749,5.86342,NA,NA,NA,2.99207,0.03174,84.55443,-2.305438,0.529515,0.409406,NA,NA,NA,NA,NA,NA,NA,NA,NA,NA,NA,3.69288,10.31666,0.85611,50,3.91253,-3.64125,-135.19793,0.01842,6.8068,30.61449,-13.15813,ORL_FIR,YAR_RED,CCBLOrleans,Cape Cod Baseball League,CCBL,20250730-CCBLOrleans-1,c2108f00-6da2-11f0-ac87-592c80d714ae,92.06609,NA,NA,8.59599,NA,NA,NA,NA,NA,NA,e90f2670-dfbc-4d51-82ba-0d5a03d444c7,2025-07-31,00:10:24,2025-07-31T00:10:24Z,2025-07-31T00:10:24Z,NA,v3,6102,6104,NA,"Lavey, Robbie",835215,Right,ORL_FIR,f3fb3d6a-9641-4945-ab9f-639f90cba7f3,54.63189,-136.24275,15.30725,3.90424,0.46748,-6.57907,0.98434,-3.87355,3.4034,NA,NA,NA,NA,NA,NA,NA,NA,NA,NA,NA,NA,NA,NA,NA,NA,NA,NA,NA,NA,NA,NA,NA,NA,NA,NA,NA,NA,NA,NA,NA,NA,NA,NA,NA,NA,NA,NA,NA,NA,NA,NA,NA,NA,NA,NA,NA,NA,NA,NA,Low,Low,Low,NA,NA,NA,NA,NA,NA,NA,NA,NA,NA,NA,NA,NA,NA,NA,NA,NA,NA,NA,NA,NA,NA,NA,NA,NA,NA,NA,NA,NA,NA,NA,NA,NA,NA,NA,NA,NA,NA,NA,NA,NA,NA,NA,NA,NA,NA,NA,NA,NA,NA,NA,NA,NA,NA,NA,NA,NA,NA
NA,NA,NA,NA,NA,NA,NA,NA,NA,NA,NA,NA,NA,NA,NA,NA,146,2025-07-30,20:10:42,2,2,"Tryba, Cole",835221,Left,ORL_FIR,"McAndrews, Thomas",836274,Right,YAR_RED,Undefined,7,Top,1,1,0,ChangeUp,NA,InPlay,Undefined,GroundBall,Out,1,0,NA,80.69004,0.444202,2.367855,1693.200631,NA,NA,3.28456,-1.31011,5.49465,NA,NA,NA,0.82355,0.36624,74.10342,-5.912139,1.214854,0.47432,66.32605,7.588359,-5.552796,2106.922134,NA,NA,NA,77.04486,77.04486,-3.709119,0.825759,3.94335,4.74351,1.10756,50,3.30001,-4.5918,-117.13677,-0.22452,5.49592,21.48105,-25.5629,ORL_FIR,YAR_RED,CCBLOrleans,Cape Cod Baseball League,CCBL,20250730-CCBLOrleans-1,cd462060-6da2-11f0-ac87-592c80d714ae,79.4662,3.30388,NA,6.58661,NA,NA,NA,3.28625,0.93816,-0.31311,e90f2670-dfbc-4d51-82ba-0d5a03d444c7,2025-07-31,00:10:42,2025-07-31T00:10:42Z,2025-07-31T00:10:42Z,GroundBall,v3,6102,6104,NA,"Lavey, Robbie",835215,Right,ORL_FIR,ca3ccb27-2898-4a6a-98b7-dcc7f8003ba6,55.00481,-118.051,10.74053,3.28641,0.86344,-12.78145,1.30797,-4.82571,2.74796,NA,3.28625,95.97363,-8.7872,0.72076,-0.13997,-0.05999,0.11799,-0.08595,0.02438,0.93816,12.8462,-17.89361,1.32622,-0.41021,0.60297,-0.70364,0.438,-0.11049,-0.31311,-9.33075,4.92473,-0.7332,0.53308,-1.02865,1.25725,-0.78505,0.19766,NA,NA,NA,NA,NA,NA,NA,NA,NA,NA,NA,NA,NA,NA,NA,NA,NA,NA,NA,NA,NA,NA,Low,Low,Low,High,High,NA,NA,NA,NA,NA,NA,NA,NA,NA,NA,NA,NA,NA,NA,NA,NA,NA,NA,NA,NA,NA,NA,NA,NA,NA,NA,NA,NA,NA,NA,NA,NA,NA,NA,NA,NA,NA,NA,NA,NA,NA,NA,NA,NA,NA,NA,NA,NA,NA,NA,NA,NA,NA,NA,NA,NA
NA,NA,NA,NA,NA,NA,NA,NA,NA,NA,NA,NA,NA,NA,NA,NA,147,2025-07-30,20:11:12,3,1,"Tryba, Cole",835221,Left,ORL_FIR,"Bell, Jack",806030,Left,YAR_RED,Undefined,7,Top,2,0,0,Undefined,NA,StrikeSwinging,Undefined,Undefined,Undefined,0,0,NA,NA,NA,NA,NA,NA,NA,NA,NA,NA,NA,NA,NA,NA,NA,NA,NA,NA,NA,NA,NA,NA,NA,NA,NA,NA,NA,NA,NA,NA,NA,NA,NA,NA,NA,NA,NA,NA,NA,NA,NA,ORL_FIR,YAR_RED,CCBLOrleans,Cape Cod Baseball League,CCBL,20250730-CCBLOrleans-1,0a33c430-6e27-11f0-aa7d-0db97e79a1da,NA,NA,NA,NA,NA,NA,NA,NA,NA,NA,e90f2670-dfbc-4d51-82ba-0d5a03d444c7,2025-07-31,00:11:12,2025-07-31T00:11:12Z,2025-07-31T00:11:12Z,NA,v3,6102,6104,NA,"Lavey, Robbie",835215,Right,ORL_FIR,NA,NA,NA,NA,NA,NA,NA,NA,NA,NA,NA,NA,NA,NA,NA,NA,NA,NA,NA,NA,NA,NA,NA,NA,NA,NA,NA,NA,NA,NA,NA,NA,NA,NA,NA,NA,NA,NA,NA,NA,NA,NA,NA,NA,NA,NA,NA,NA,NA,NA,NA,NA,NA,NA,NA,NA,NA,NA,NA,NA,NA,NA,NA,NA,NA,NA,NA,NA,NA,NA,NA,NA,NA,NA,NA,NA,NA,NA,NA,NA,NA,NA,NA,NA,NA,NA,NA,NA,NA,NA,NA,NA,NA,NA,NA,NA,NA,NA,NA,NA,NA,NA,NA,NA,NA,NA,NA,NA,NA,NA,NA,NA,NA,NA,NA,NA,NA,NA,NA,NA,NA
NA,NA,NA,NA,NA,NA,NA,NA,NA,NA,NA,NA,NA,NA,NA,NA,148,2025-07-30,20:11:42,3,2,"Tryba, Cole",835221,Left,ORL_FIR,"Bell, Jack",806030,Left,YAR_RED,Undefined,7,Top,2,0,1,Fastball,Sinker,StrikeCalled,Undefined,Undefined,Undefined,0,0,NA,92.80237,-0.429856,3.345474,1980.210861,103.395071,09:30:00,4.71159,-1.25747,6.07514,-25.65084,6.55016,-23.18226,2.1756,-0.09034,84.90929,-5.20953,-0.828692,0.408419,NA,NA,NA,NA,NA,NA,NA,NA,NA,NA,NA,12.83009,3.81902,1.01036,50,4.6647,-6.87556,-134.74364,-1.90411,23.61768,28.92858,-25.14399,ORL_FIR,YAR_RED,CCBLOrleans,Cape Cod Baseball League,CCBL,20250730-CCBLOrleans-1,f02e96c0-6da2-11f0-ac87-592c80d714ae,92.28863,NA,NA,7.89309,NA,NA,NA,NA,NA,NA,e90f2670-dfbc-4d51-82ba-0d5a03d444c7,2025-07-31,00:11:42,2025-07-31T00:11:42Z,2025-07-31T00:11:42Z,NA,v3,6102,6104,NA,"Lavey, Robbie",835215,Right,ORL_FIR,6c8b518b-093f-481d-9232-db1089a69662,54.42478,-135.69028,14.46429,4.71354,-1.08131,-12.57199,1.248,-7.64841,11.80884,NA,NA,NA,NA,NA,NA,NA,NA,NA,NA,NA,NA,NA,NA,NA,NA,NA,NA,NA,NA,NA,NA,NA,NA,NA,NA,NA,NA,NA,NA,NA,NA,NA,NA,NA,NA,NA,NA,NA,NA,NA,NA,NA,NA,NA,NA,NA,NA,NA,NA,Medium,High,Medium,NA,NA,NA,NA,NA,NA,NA,NA,NA,NA,NA,NA,NA,NA,NA,NA,NA,NA,NA,NA,NA,NA,NA,NA,NA,NA,NA,NA,NA,NA,NA,NA,NA,NA,NA,NA,NA,NA,NA,NA,NA,NA,NA,NA,NA,NA,NA,NA,NA,NA,NA,NA,NA,NA,NA,NA,NA,NA
NA,NA,NA,NA,NA,NA,NA,NA,NA,NA,NA,NA,NA,NA,NA,NA,149,2025-07-30,20:12:13,3,3,"Tryba, Cole",835221,Left,ORL_FIR,"Bell, Jack",806030,Left,YAR_RED,Undefined,7,Top,2,0,2,Undefined,NA,FoulBallNotFieldable,Undefined,Undefined,Undefined,0,0,NA,NA,NA,NA,NA,NA,NA,NA,NA,NA,NA,NA,NA,NA,NA,NA,NA,NA,NA,NA,NA,NA,NA,NA,NA,NA,NA,NA,NA,NA,NA,NA,NA,NA,NA,NA,NA,NA,NA,NA,NA,ORL_FIR,YAR_RED,CCBLOrleans,Cape Cod Baseball League,CCBL,20250730-CCBLOrleans-1,0a33c431-6e27-11f0-aa7d-0db97e79a1da,NA,NA,NA,NA,NA,NA,NA,NA,NA,NA,e90f2670-dfbc-4d51-82ba-0d5a03d444c7,2025-07-31,00:12:13,2025-07-31T00:12:13Z,2025-07-31T00:12:13Z,NA,v3,6102,6104,NA,"Lavey, Robbie",835215,Right,ORL_FIR,NA,NA,NA,NA,NA,NA,NA,NA,NA,NA,NA,NA,NA,NA,NA,NA,NA,NA,NA,NA,NA,NA,NA,NA,NA,NA,NA,NA,NA,NA,NA,NA,NA,NA,NA,NA,NA,NA,NA,NA,NA,NA,NA,NA,NA,NA,NA,NA,NA,NA,NA,NA,NA,NA,NA,NA,NA,NA,NA,NA,NA,NA,NA,NA,NA,NA,NA,NA,NA,NA,NA,NA,NA,NA,NA,NA,NA,NA,NA,NA,NA,NA,NA,NA,NA,NA,NA,NA,NA,NA,NA,NA,NA,NA,NA,NA,NA,NA,NA,NA,NA,NA,NA,NA,NA,NA,NA,NA,NA,NA,NA,NA,NA,NA,NA,NA,NA,NA,NA,NA,NA
NA,NA,NA,NA,NA,NA,NA,NA,NA,NA,NA,NA,NA,NA,NA,NA,150,2025-07-30,20:12:16,3,4,"Tryba, Cole",835221,Left,ORL_FIR,"Bell, Jack",806030,Left,YAR_RED,Undefined,7,Top,2,0,2,Slider,Slider,StrikeSwinging,Strikeout,Undefined,Undefined,0,0,NA,79.5718,1.525651,-0.898653,2300.989479,280.961457,03:15:00,4.46943,-1.36853,5.12485,-47.72971,-1.9361,17.97005,1.92942,-0.7175,72.37381,-7.160081,2.283571,0.48705,NA,NA,NA,NA,NA,NA,NA,NA,NA,NA,NA,-9.25201,-1.01835,1.43815,50,4.57557,1.0705,-115.38866,1.36815,-12.35279,23.41732,-33.53367,ORL_FIR,YAR_RED,CCBLOrleans,Cape Cod Baseball League,CCBL,20250730-CCBLOrleans-1,04d28e10-6da3-11f0-ac87-592c80d714ae,77.38923,NA,NA,7.198,NA,NA,NA,NA,NA,NA,e90f2670-dfbc-4d51-82ba-0d5a03d444c7,2025-07-31,00:12:16,2025-07-31T00:12:16Z,2025-07-31T00:12:16Z,NA,v3,6102,6104,NA,"Lavey, Robbie",835215,Right,ORL_FIR,e459c587-dcbf-47fe-afb9-b10b93f92756,55.37471,-116.47431,11.70866,4.4761,2.92281,-16.76683,1.37524,1.64319,-6.17639,NA,NA,NA,NA,NA,NA,NA,NA,NA,NA,NA,NA,NA,NA,NA,NA,NA,NA,NA,NA,NA,NA,NA,NA,NA,NA,NA,NA,NA,NA,NA,NA,NA,NA,NA,NA,NA,NA,NA,NA,NA,NA,NA,NA,NA,NA,NA,NA,NA,NA,High,High,High,NA,NA,NA,NA,NA,NA,NA,NA,NA,NA,NA,NA,NA,NA,NA,NA,NA,NA,NA,NA,NA,NA,NA,NA,NA,NA,NA,NA,NA,NA,NA,NA,NA,NA,NA,NA,NA,NA,NA,NA,NA,NA,NA,NA,NA,NA,NA,NA,NA,NA,NA,NA,NA,NA,NA,NA,NA,NA
NA,NA,NA,NA,NA,NA,NA,NA,NA,NA,NA,NA,NA,NA,NA,NA,151,2025-07-30,20:14:33,1,1,"Downs, Chris",835223,Left,YAR_RED,"Potestio, Anthony",835219,Left,ORL_FIR,Undefined,7,Bottom,0,0,0,Sinker,Changeup,BallCalled,Undefined,Undefined,Undefined,0,0,NA,86.48382,-0.380604,5.607267,2163.909012,117.05263,10:00:00,5.73581,-2.33106,5.52711,-27.73903,10.26217,-17.76938,3.06671,1.44683,79.19946,-5.502841,2.460399,0.44368,NA,NA,NA,NA,NA,NA,NA,NA,NA,NA,NA,10.38819,5.64733,1.85419,50,5.68417,-11.50697,-125.06934,-1.79457,16.54191,23.9682,-23.18138,ORL_FIR,YAR_RED,CCBLOrleans,Cape Cod Baseball League,CCBL,20250730-CCBLOrleans-1,56656db0-6da3-11f0-ac87-592c80d714ae,84.95407,NA,NA,7.28435,NA,NA,NA,NA,NA,NA,e90f2670-dfbc-4d51-82ba-0d5a03d444c7,2025-07-31,00:14:33,2025-07-31T00:14:33Z,2025-07-31T00:14:33Z,NA,v3,6102,6104,NA,"McAndrews, Thomas",836274,Right,YAR_RED,bdb5d83c-4c70-4514-aee1-3cc11db890c6,54.97107,-126.0184,11.9841,5.73706,-0.87667,-11.59069,2.32279,-12.16197,8.27095,NA,NA,NA,NA,NA,NA,NA,NA,NA,NA,NA,NA,NA,NA,NA,NA,NA,NA,NA,NA,NA,NA,NA,NA,NA,NA,NA,NA,NA,NA,NA,NA,NA,NA,NA,NA,NA,NA,NA,NA,NA,NA,NA,NA,NA,NA,NA,NA,NA,NA,High,High,High,NA,NA,NA,NA,NA,NA,NA,NA,NA,NA,NA,NA,NA,NA,NA,NA,NA,NA,NA,NA,NA,NA,NA,NA,NA,NA,NA,NA,NA,NA,NA,NA,NA,NA,NA,NA,NA,NA,NA,NA,NA,NA,NA,NA,NA,NA,NA,NA,NA,NA,NA,NA,NA,NA,NA,NA,NA,NA
NA,NA,NA,NA,NA,NA,NA,NA,NA,NA,NA,NA,NA,NA,NA,NA,152,2025-07-30,20:14:49,1,2,"Downs, Chris",835223,Left,YAR_RED,"Potestio, Anthony",835219,Left,ORL_FIR,Undefined,7,Bottom,0,1,0,Sinker,Changeup,BallCalled,Undefined,Undefined,Undefined,0,0,NA,84.66847,-2.143843,3.793788,2139.625827,123.676509,10:00:00,5.59812,-2.44572,5.38419,-27.3084,12.3965,-16.75276,1.30758,-0.28055,77.88393,-7.169427,0.820513,0.453517,NA,NA,NA,NA,NA,NA,NA,NA,NA,NA,NA,9.46237,7.16756,2.11852,50,5.38683,-7.43296,-122.67294,-5.53627,14.49217,23.1156,-21.19652,ORL_FIR,YAR_RED,CCBLOrleans,Cape Cod Baseball League,CCBL,20250730-CCBLOrleans-1,5fb10960-6da3-11f0-ac87-592c80d714ae,83.11141,NA,NA,6.78454,NA,NA,NA,NA,NA,NA,e90f2670-dfbc-4d51-82ba-0d5a03d444c7,2025-07-31,00:14:49,2025-07-31T00:14:49Z,2025-07-31T00:14:49Z,NA,v3,6102,6104,NA,"McAndrews, Thomas",836274,Right,YAR_RED,f7d90a1b-04ec-4135-bb03-3ed6afbcc996,55.11527,-123.63307,11.5578,5.5985,-4.65585,-10.59826,2.43975,-8.0349,7.24608,NA,NA,NA,NA,NA,NA,NA,NA,NA,NA,NA,NA,NA,NA,NA,NA,NA,NA,NA,NA,NA,NA,NA,NA,NA,NA,NA,NA,NA,NA,NA,NA,NA,NA,NA,NA,NA,NA,NA,NA,NA,NA,NA,NA,NA,NA,NA,NA,NA,NA,High,High,High,NA,NA,NA,NA,NA,NA,NA,NA,NA,NA,NA,NA,NA,NA,NA,NA,NA,NA,NA,NA,NA,NA,NA,NA,NA,NA,NA,NA,NA,NA,NA,NA,NA,NA,NA,NA,NA,NA,NA,NA,NA,NA,NA,NA,NA,NA,NA,NA,NA,NA,NA,NA,NA,NA,NA,NA,NA,NA
NA,NA,NA,NA,NA,NA,NA,NA,NA,NA,NA,NA,NA,NA,NA,NA,153,2025-07-30,20:15:07,1,3,"Downs, Chris",835223,Left,YAR_RED,"Potestio, Anthony",835219,Left,ORL_FIR,Undefined,7,Bottom,0,2,0,Sinker,Changeup,BallCalled,Undefined,Undefined,Undefined,0,0,NA,85.16537,-1.731938,5.306976,2093.399313,121.937233,10:00:00,5.72467,-2.36396,5.72084,-27.10482,11.82961,-16.99706,1.84528,1.17701,78.10527,-6.755592,2.282237,0.449095,NA,NA,NA,NA,NA,NA,NA,NA,NA,NA,NA,10.01461,6.85898,1.92991,50,5.56268,-10.73551,-123.1892,-4.62602,15.45197,23.53887,-21.59104,ORL_FIR,YAR_RED,CCBLOrleans,Cape Cod Baseball League,CCBL,20250730-CCBLOrleans-1,6a7e3c00-6da3-11f0-ac87-592c80d714ae,83.92973,NA,NA,7.06009,NA,NA,NA,NA,NA,NA,e90f2670-dfbc-4d51-82ba-0d5a03d444c7,2025-07-31,00:15:07,2025-07-31T00:15:07Z,2025-07-31T00:15:07Z,NA,v3,6102,6104,NA,"McAndrews, Thomas",836274,Right,YAR_RED,f5d2fbf9-268e-44f4-bf85-83b4ae2d12e9,54.77718,-124.09867,11.76944,5.7253,-3.79182,-10.79552,2.35623,-11.33252,7.72598,NA,NA,NA,NA,NA,NA,NA,NA,NA,NA,NA,NA,NA,NA,NA,NA,NA,NA,NA,NA,NA,NA,NA,NA,NA,NA,NA,NA,NA,NA,NA,NA,NA,NA,NA,NA,NA,NA,NA,NA,NA,NA,NA,NA,NA,NA,NA,NA,NA,NA,High,High,High,NA,NA,NA,NA,NA,NA,NA,NA,NA,NA,NA,NA,NA,NA,NA,NA,NA,NA,NA,NA,NA,NA,NA,NA,NA,NA,NA,NA,NA,NA,NA,NA,NA,NA,NA,NA,NA,NA,NA,NA,NA,NA,NA,NA,NA,NA,NA,NA,NA,NA,NA,NA,NA,NA,NA,NA,NA,NA
NA,NA,NA,NA,NA,NA,NA,NA,NA,NA,NA,NA,NA,NA,NA,NA,154,2025-07-30,20:15:24,1,4,"Downs, Chris",835223,Left,YAR_RED,"Potestio, Anthony",835219,Left,ORL_FIR,Undefined,7,Bottom,0,3,0,Sinker,Changeup,StrikeCalled,Undefined,Undefined,Undefined,0,0,NA,86.36802,-0.703268,3.713553,2094.500264,112.499757,09:45:00,5.679,-2.41309,5.60559,-29.67537,8.1913,-16.91666,2.54816,-0.35147,79.17027,-6.180031,0.698941,0.442894,NA,NA,NA,NA,NA,NA,NA,NA,NA,NA,NA,9.55666,4.70256,2.10617,50,5.59957,-7.40943,-125.23187,-2.56974,15.21863,24.63432,-24.68535,ORL_FIR,YAR_RED,CCBLOrleans,Cape Cod Baseball League,CCBL,20250730-CCBLOrleans-1,7473fa60-6da3-11f0-ac87-592c80d714ae,85.10486,NA,NA,7.19775,NA,NA,NA,NA,NA,NA,e90f2670-dfbc-4d51-82ba-0d5a03d444c7,2025-07-31,00:15:24,2025-07-31T00:15:24Z,2025-07-31T00:15:24Z,NA,v3,6102,6104,NA,"McAndrews, Thomas",836274,Right,YAR_RED,0cc5ab2b-3043-4d61-aeb4-238be046a71b,54.89312,-126.19073,12.31716,5.6809,-1.6089,-12.34268,2.4061,-8.00179,7.60932,NA,NA,NA,NA,NA,NA,NA,NA,NA,NA,NA,NA,NA,NA,NA,NA,NA,NA,NA,NA,NA,NA,NA,NA,NA,NA,NA,NA,NA,NA,NA,NA,NA,NA,NA,NA,NA,NA,NA,NA,NA,NA,NA,NA,NA,NA,NA,NA,NA,NA,High,High,High,NA,NA,NA,NA,NA,NA,NA,NA,NA,NA,NA,NA,NA,NA,NA,NA,NA,NA,NA,NA,NA,NA,NA,NA,NA,NA,NA,NA,NA,NA,NA,NA,NA,NA,NA,NA,NA,NA,NA,NA,NA,NA,NA,NA,NA,NA,NA,NA,NA,NA,NA,NA,NA,NA,NA,NA,NA,NA
NA,NA,NA,NA,NA,NA,NA,NA,NA,NA,NA,NA,NA,NA,NA,NA,155,2025-07-30,20:15:42,1,5,"Downs, Chris",835223,Left,YAR_RED,"Potestio, Anthony",835219,Left,ORL_FIR,Undefined,7,Bottom,0,3,1,Sinker,Changeup,BallCalled,Walk,Undefined,Undefined,0,0,NA,87.18354,-0.091394,4.030959,2220.967429,119.645966,10:00:00,5.724,-2.33933,5.5822,-26.1962,11.12217,-17.43032,3.45542,-0.02123,79.52541,-4.95868,0.929641,0.439676,NA,NA,NA,NA,NA,NA,NA,NA,NA,NA,NA,9.86851,6.01587,2.00372,50,5.69918,-8.13772,-126.31652,-1.09655,15.95007,25.64581,-22.45086,ORL_FIR,YAR_RED,CCBLOrleans,Cape Cod Baseball League,CCBL,20250730-CCBLOrleans-1,7f59be10-6da3-11f0-ac87-592c80d714ae,85.72774,NA,NA,7.65813,NA,NA,NA,NA,NA,NA,e90f2670-dfbc-4d51-82ba-0d5a03d444c7,2025-07-31,00:15:42,2025-07-31T00:15:42Z,2025-07-31T00:15:42Z,NA,v3,6102,6104,NA,"McAndrews, Thomas",836274,Right,YAR_RED,c7cc98b1-e887-4ac8-91ee-8dfbb4b3f2a1,54.91509,-127.31051,12.82291,5.72482,-0.22639,-11.22543,2.33111,-8.75592,7.97504,NA,NA,NA,NA,NA,NA,NA,NA,NA,NA,NA,NA,NA,NA,NA,NA,NA,NA,NA,NA,NA,NA,NA,NA,NA,NA,NA,NA,NA,NA,NA,NA,NA,NA,NA,NA,NA,NA,NA,NA,NA,NA,NA,NA,NA,NA,NA,NA,NA,NA,High,High,High,NA,NA,NA,NA,NA,NA,NA,NA,NA,NA,NA,NA,NA,NA,NA,NA,NA,NA,NA,NA,NA,NA,NA,NA,NA,NA,NA,NA,NA,NA,NA,NA,NA,NA,NA,NA,NA,NA,NA,NA,NA,NA,NA,NA,NA,NA,NA,NA,NA,NA,NA,NA,NA,NA,NA,NA,NA,NA
NA,NA,NA,NA,NA,NA,NA,NA,NA,NA,NA,NA,NA,NA,NA,NA,156,2025-07-30,20:16:35,2,1,"Downs, Chris",835223,Left,YAR_RED,"Bryce, Dawson",828768,Right,ORL_FIR,Undefined,7,Bottom,0,0,0,ChangeUp,Changeup,StrikeCalled,Undefined,Undefined,Undefined,0,0,NA,80.14632,0.17934,4.436702,1425.720523,90.981403,09:00:00,5.58823,-2.53076,5.58768,-42.22739,1.3961,-11.00816,2.23725,0.70309,74.42196,-7.513892,2.478535,0.47537,NA,NA,NA,NA,NA,NA,NA,NA,NA,NA,NA,6.7017,0.97721,2.15674,50,5.57559,-8.60388,-116.2648,-1.04104,9.29361,19.1171,-30.81891,ORL_FIR,YAR_RED,CCBLOrleans,Cape Cod Baseball League,CCBL,20250730-CCBLOrleans-1,9ecb3620-6da3-11f0-ac87-592c80d714ae,79.29077,NA,NA,5.72437,NA,NA,NA,NA,NA,NA,e90f2670-dfbc-4d51-82ba-0d5a03d444c7,2025-07-31,00:16:35,2025-07-31T00:16:35Z,2025-07-31T00:16:35Z,NA,v3,6102,6104,NA,"McAndrews, Thomas",836274,Right,YAR_RED,1d292037-e338-4d20-8c88-56275791c38a,54.91387,-117.06999,9.55855,5.5921,0.25701,-15.40946,2.52737,-8.99532,4.6468,NA,NA,NA,NA,NA,NA,NA,NA,NA,NA,NA,NA,NA,NA,NA,NA,NA,NA,NA,NA,NA,NA,NA,NA,NA,NA,NA,NA,NA,NA,NA,NA,NA,NA,NA,NA,NA,NA,NA,NA,NA,NA,NA,NA,NA,NA,NA,NA,NA,NA,High,High,High,NA,NA,NA,NA,NA,NA,NA,NA,NA,NA,NA,NA,NA,NA,NA,NA,NA,NA,NA,NA,NA,NA,NA,NA,NA,NA,NA,NA,NA,NA,NA,NA,NA,NA,NA,NA,NA,NA,NA,NA,NA,NA,NA,NA,NA,NA,NA,NA,NA,NA,NA,NA,NA,NA,NA,NA,NA,NA
NA,NA,NA,NA,NA,NA,NA,NA,NA,NA,NA,NA,NA,NA,NA,NA,157,2025-07-30,20:16:52,2,2,"Downs, Chris",835223,Left,YAR_RED,"Bryce, Dawson",828768,Right,ORL_FIR,Undefined,7,Bottom,0,0,1,Sinker,Changeup,FoulBallNotFieldable,Undefined,Undefined,Undefined,0,0,NA,86.50701,-0.643365,3.891519,2125.642543,115.394486,09:45:00,5.73152,-2.29827,5.49927,-27.6486,10.37918,-19.26655,2.8243,-0.25839,78.9732,-5.761048,0.466294,0.443835,71.67312,45.177421,136.600059,4511.614867,NA,NA,NA,NA,31.47425,NA,NA,10.86379,5.77469,1.97136,50,5.65661,-7.71,-125.36588,-2.36591,17.27479,25.54368,-22.99156,ORL_FIR,YAR_RED,CCBLOrleans,Cape Cod Baseball League,CCBL,20250730-CCBLOrleans-1,a958c7b0-6da3-11f0-ac87-592c80d714ae,84.92437,30.38726,NA,7.53382,NA,NA,NA,1.91749,2.88708,0.26156,e90f2670-dfbc-4d51-82ba-0d5a03d444c7,2025-07-31,00:16:52,2025-07-31T00:16:52Z,2025-07-31T00:16:52Z,NA,v3,6102,6104,NA,"McAndrews, Thomas",836274,Right,YAR_RED,3093c675-8382-4f54-99e6-42993014bb59,55.00017,-126.38057,12.77184,5.73246,-1.45259,-11.49578,2.29126,-8.39622,8.6374,NA,1.92407,-54.03885,0.20924,NA,NA,NA,NA,NA,NA,2.90524,74.01931,-28.96155,NA,NA,NA,NA,NA,NA,0.26363,50.85346,-5.07501,NA,NA,NA,NA,NA,NA,NA,NA,NA,NA,NA,NA,NA,NA,NA,NA,NA,NA,NA,NA,NA,NA,NA,NA,NA,NA,NA,NA,High,High,High,High,Undefined,NA,NA,NA,NA,NA,NA,NA,NA,NA,NA,NA,NA,NA,NA,NA,NA,NA,NA,NA,NA,NA,NA,NA,NA,NA,NA,NA,NA,NA,NA,NA,NA,NA,NA,NA,NA,NA,NA,NA,NA,NA,NA,NA,NA,NA,NA,NA,NA,NA,NA,NA,NA,NA,NA,NA,NA
NA,NA,NA,NA,NA,NA,NA,NA,NA,NA,NA,NA,NA,NA,NA,NA,158,2025-07-30,20:17:36,2,3,"Downs, Chris",835223,Left,YAR_RED,"Bryce, Dawson",828768,Right,ORL_FIR,Undefined,7,Bottom,0,0,2,ChangeUp,Changeup,BallCalled,Undefined,Undefined,Undefined,0,0,NA,80.30332,-1.257891,3.42723,1406.90945,73.816033,08:30:00,5.45808,-2.50588,5.45163,-46.72849,-2.71666,-13.9665,0.38417,-0.45750999999999997,74.26793,-9.724212,0.938555,0.477481,NA,NA,NA,NA,NA,NA,NA,NA,NA,NA,NA,8.05044,-0.71858,2.21337,50,5.3142,-6.43617,-116.49269,-4.16869,11.08988,21.37765,-33.16393,ORL_FIR,YAR_RED,CCBLOrleans,Cape Cod Baseball League,CCBL,20250730-CCBLOrleans-1,c35108d0-6da3-11f0-ac87-592c80d714ae,78.94017,NA,NA,6.03539,NA,NA,NA,NA,NA,NA,e90f2670-dfbc-4d51-82ba-0d5a03d444c7,2025-07-31,00:17:36,2025-07-31T00:17:36Z,2025-07-31T00:17:36Z,NA,v3,6102,6104,NA,"McAndrews, Thomas",836274,Right,YAR_RED,db5d64e0-8590-4580-9ce5-b171fd2d6eb4,55.05002,-117.41576,10.68883,5.46329,-2.73669,-16.58197,2.50162,-6.91502,5.54494,NA,NA,NA,NA,NA,NA,NA,NA,NA,NA,NA,NA,NA,NA,NA,NA,NA,NA,NA,NA,NA,NA,NA,NA,NA,NA,NA,NA,NA,NA,NA,NA,NA,NA,NA,NA,NA,NA,NA,NA,NA,NA,NA,NA,NA,NA,NA,NA,NA,NA,High,High,High,NA,NA,NA,NA,NA,NA,NA,NA,NA,NA,NA,NA,NA,NA,NA,NA,NA,NA,NA,NA,NA,NA,NA,NA,NA,NA,NA,NA,NA,NA,NA,NA,NA,NA,NA,NA,NA,NA,NA,NA,NA,NA,NA,NA,NA,NA,NA,NA,NA,NA,NA,NA,NA,NA,NA,NA,NA,NA
NA,NA,NA,NA,NA,NA,NA,NA,NA,NA,NA,NA,NA,NA,NA,NA,159,2025-07-30,20:18:20,2,4,"Downs, Chris",835223,Left,YAR_RED,"Bryce, Dawson",828768,Right,ORL_FIR,Undefined,7,Bottom,0,1,2,Sinker,Sinker,BallCalled,Undefined,Undefined,Undefined,0,0,NA,87.39226,1.114777,4.115013,2213.064972,134.201274,10:30:00,5.79767,-2.26698,5.49232,-20.79722,16.51296,-15.74906,5.11021,0.27658,79.46925,-2.792905,1.320246,0.439628,NA,NA,NA,NA,NA,NA,NA,NA,NA,NA,NA,9.0502,8.35678,1.91715,50,5.88168,-8.4104,-126.54937,1.80077,14.67497,25.84687,-18.62349,ORL_FIR,YAR_RED,CCBLOrleans,Cape Cod Baseball League,CCBL,20250730-CCBLOrleans-1,dd8b34f0-6da3-11f0-ac87-592c80d714ae,85.73719,NA,NA,7.92301,NA,NA,NA,NA,NA,NA,e90f2670-dfbc-4d51-82ba-0d5a03d444c7,2025-07-31,00:18:20,2025-07-31T00:18:20Z,2025-07-31T00:18:20Z,NA,v3,6102,6104,NA,"McAndrews, Thomas",836274,Right,YAR_RED,0c50b6f1-57c4-44ea-be06-e30c71e3906d,55.00478,-127.56747,12.92344,5.7963,2.53435,-9.31175,2.25982,-8.98844,7.33749,NA,NA,NA,NA,NA,NA,NA,NA,NA,NA,NA,NA,NA,NA,NA,NA,NA,NA,NA,NA,NA,NA,NA,NA,NA,NA,NA,NA,NA,NA,NA,NA,NA,NA,NA,NA,NA,NA,NA,NA,NA,NA,NA,NA,NA,NA,NA,NA,NA,NA,High,High,High,NA,NA,NA,NA,NA,NA,NA,NA,NA,NA,NA,NA,NA,NA,NA,NA,NA,NA,NA,NA,NA,NA,NA,NA,NA,NA,NA,NA,NA,NA,NA,NA,NA,NA,NA,NA,NA,NA,NA,NA,NA,NA,NA,NA,NA,NA,NA,NA,NA,NA,NA,NA,NA,NA,NA,NA,NA,NA
NA,NA,NA,NA,NA,NA,NA,NA,NA,NA,NA,NA,NA,NA,NA,NA,160,2025-07-30,20:18:38,2,5,"Downs, Chris",835223,Left,YAR_RED,"Bryce, Dawson",828768,Right,ORL_FIR,Undefined,7,Bottom,0,2,2,ChangeUp,Changeup,FoulBallNotFieldable,Undefined,Undefined,Undefined,0,0,NA,80.64118,-0.643267,4.042931,1507.948245,99.856891,09:15:00,5.54212,-2.46483,5.49873,-40.18455,3.46618,-12.14489,1.59021,0.31086,74.19983,-7.981722,1.883235,0.475518,NA,NA,NA,NA,NA,NA,NA,NA,NA,NA,NA,7.28985,2.28087,2.11961,50,5.45834,-7.78856,-116.88553,-2.66778,10.10606,21.60209,-29.01204,ORL_FIR,YAR_RED,CCBLOrleans,Cape Cod Baseball League,CCBL,20250730-CCBLOrleans-1,e869a5a0-6da3-11f0-ac87-592c80d714ae,79.26602,NA,NA,6.44134,NA,NA,NA,NA,NA,NA,e90f2670-dfbc-4d51-82ba-0d5a03d444c7,2025-07-31,00:18:38,2025-07-31T00:18:38Z,2025-07-31T00:18:38Z,NA,v3,6102,6104,NA,"McAndrews, Thomas",836274,Right,YAR_RED,a5a96d79-200b-46e2-9c22-02f21e2d8bac,55.00146,-117.80625,10.80105,5.5457,-1.43125,-14.50602,2.46074,-8.21929,5.05303,NA,NA,NA,NA,NA,NA,NA,NA,NA,NA,NA,NA,NA,NA,NA,NA,NA,NA,NA,NA,NA,NA,NA,NA,NA,NA,NA,NA,NA,NA,NA,NA,NA,NA,NA,NA,NA,NA,NA,NA,NA,NA,NA,NA,NA,NA,NA,NA,NA,NA,High,High,High,NA,NA,NA,NA,NA,NA,NA,NA,NA,NA,NA,NA,NA,NA,NA,NA,NA,NA,NA,NA,NA,NA,NA,NA,NA,NA,NA,NA,NA,NA,NA,NA,NA,NA,NA,NA,NA,NA,NA,NA,NA,NA,NA,NA,NA,NA,NA,NA,NA,NA,NA,NA,NA,NA,NA,NA,NA,NA
NA,NA,NA,NA,NA,NA,NA,NA,NA,NA,NA,NA,NA,NA,NA,NA,161,2025-07-30,20:19:04,2,6,"Downs, Chris",835223,Left,YAR_RED,"Bryce, Dawson",828768,Right,ORL_FIR,Undefined,7,Bottom,0,2,2,ChangeUp,Changeup,FoulBallNotFieldable,Undefined,Undefined,Undefined,0,0,NA,80.57311,0.916241,3.418087,1445.269955,86.833674,09:00:00,5.38768,-2.59325,5.55965,-42.7501,1.02976,-6.79032,2.68279,0.03809,73.66997,-6.917626,2.209288,0.476221,54.75959,48.587146,156.72664,4603.877095,-100.98153,29.79662,43.6203,139.09413,39.87527,156.838311,2.999543,4.44107,0.62228000000000006,2.30253,50,5.4385,-6.71165,-116.80763,0.43466,6.11715,22.62592,-31.31692,ORL_FIR,YAR_RED,CCBLOrleans,Cape Cod Baseball League,CCBL,20250730-CCBLOrleans-1,f7c2f010-6da3-11f0-ac87-592c80d714ae,79.14905,43.26832,NA,6.90313,NA,NA,NA,2.17988,2.84938,0.00703,e90f2670-dfbc-4d51-82ba-0d5a03d444c7,2025-07-31,00:19:04,2025-07-31T00:19:04Z,2025-07-31T00:19:04Z,Popup,v3,6102,6104,NA,"McAndrews, Thomas",836274,Right,YAR_RED,3383658f-030d-4980-b5d6-a879e88457f5,54.93973,-117.76058,11.31296,5.39241,1.75365,-15.65846,2.59064,-6.96929,3.05858,358.740661,2.1799,-48.80702,0.67045,0.49574,0.12254,-0.22942,0.12591,-0.03097,0.00285,2.84964,60.22121,-25.18332,2.40556,-0.23513,-0.09397,0.0448,-0.00645,2.3e-4,0.00703,20.99261,-0.47282,-0.18805,-0.05965,0.104,-0.0574,0.01422,-0.00131,NA,NA,NA,NA,NA,NA,NA,NA,NA,NA,NA,NA,NA,NA,NA,NA,NA,NA,NA,NA,NA,NA,High,High,High,High,Low,NA,NA,NA,NA,NA,NA,NA,NA,NA,NA,NA,NA,NA,NA,NA,NA,NA,NA,NA,NA,NA,NA,NA,NA,NA,NA,NA,NA,NA,NA,NA,NA,NA,NA,NA,NA,NA,NA,NA,NA,NA,NA,NA,NA,NA,NA,NA,NA,NA,NA,NA,NA,NA,NA,NA,NA
NA,NA,NA,NA,NA,NA,NA,NA,NA,NA,NA,NA,NA,NA,NA,NA,162,2025-07-30,20:19:46,2,7,"Downs, Chris",835223,Left,YAR_RED,"Bryce, Dawson",828768,Right,ORL_FIR,Undefined,7,Bottom,0,2,2,Sinker,Sinker,FoulBallNotFieldable,Undefined,Undefined,Undefined,0,0,NA,89.21035,-0.169977,3.997173,2336.497673,121.391329,10:00:00,5.79387,-2.1530300000000002,5.75505,-23.6245,11.78615,-17.44564,3.66656,0.12001,81.32858,-4.585462,0.883055,0.42829,69.27001,26.600747,160.777573,3406.714221,NA,NA,NA,NA,44.49574,NA,NA,10.05485,6.3876,1.83209,50,5.76542,-8.29672,-129.32138,-1.17338,17.01351,27.17767,-21.36576,ORL_FIR,YAR_RED,CCBLOrleans,Cape Cod Baseball League,CCBL,20250730-CCBLOrleans-1,110dda30-6da4-11f0-ac87-592c80d714ae,88.00676,21.65327,NA,7.88177,NA,NA,NA,1.46375,3.65311,-0.12448,e90f2670-dfbc-4d51-82ba-0d5a03d444c7,2025-07-31,00:19:46,2025-07-31T00:19:46Z,2025-07-31T00:19:46Z,NA,v3,6102,6104,NA,"McAndrews, Thomas",836274,Right,YAR_RED,01749dfb-0b81-4b49-ab7b-6b684c828b0f,54.74425,-130.31459,13.58884,5.79403,-0.39256,-10.68288,2.14666,-8.91848,8.50676,1.980066,1.46375,-85.77712,7.61364,-0.57315,0.12293,-0.00386,-0.00292,0.00387,-0.00199,3.65311,45.49165,-22.69686,2.10172,-0.41237,0.08693,-0.01584,0.00539,-0.00166,-0.12448,29.90841,-2.56584,0.51314,-0.1068,0.02136,-0.00475,0.00197,-6.6e-4,NA,NA,NA,NA,NA,NA,NA,NA,NA,NA,NA,NA,NA,NA,NA,NA,NA,NA,NA,NA,NA,NA,High,High,High,High,Undefined,NA,NA,NA,NA,NA,NA,NA,NA,NA,NA,NA,NA,NA,NA,NA,NA,NA,NA,NA,NA,NA,NA,NA,NA,NA,NA,NA,NA,NA,NA,NA,NA,NA,NA,NA,NA,NA,NA,NA,NA,NA,NA,NA,NA,NA,NA,NA,NA,NA,NA,NA,NA,NA,NA,NA,NA
NA,NA,NA,NA,NA,NA,NA,NA,NA,NA,NA,NA,NA,NA,NA,NA,163,2025-07-30,20:20:12,2,8,"Downs, Chris",835223,Left,YAR_RED,"Bryce, Dawson",828768,Right,ORL_FIR,Undefined,7,Bottom,0,2,2,ChangeUp,Changeup,InPlay,Undefined,FlyBall,Out,1,0,NA,80.56894,0.462594,2.531075,1375.53161,99.632865,09:15:00,5.52199,-2.5734,5.58006,-40.48439,3.15925,-10.39532,2.58075,-1.07434,73.74192,-6.971816,0.676425,0.47548,96.53672,30.770658,14.127861,2930.49989,105.41783,58.73049,31.41607,336.79496,333.3221,23.1754,4.87439,6.01618,1.84626,2.36278,50,5.53518,-4.76257,-116.91421,-0.40329,8.30829,22.50751,-29.6244,ORL_FIR,YAR_RED,CCBLOrleans,Cape Cod Baseball League,CCBL,20250730-CCBLOrleans-1,2070c190-6da4-11f0-ac87-592c80d714ae,79.27244,80.26966,NA,6.82702,NA,NA,NA,2.10595,2.48088,0.97115,e90f2670-dfbc-4d51-82ba-0d5a03d444c7,2025-07-31,00:20:12,2025-07-31T00:20:12Z,2025-07-31T00:20:12Z,FlyBall,v3,6102,6104,NA,"McAndrews, Thomas",836274,Right,YAR_RED,0504967b-4205-464d-8f09-76eea03a6a0f,54.91915,-117.85741,11.25375,5.52607,0.83814,-14.8122,2.56965,-5.11074,4.15414,204.870901,2.10471,118.0039,-24.25392,5.83523,-1.49297,0.38169,-0.07603,0.00899,-4.5e-4,2.48394,72.3623,-19.89583,1.66918,0.05807,-0.17313,0.05403,-0.00725,3.7e-4,0.97109,29.69528,-1.13836,0.25885,-0.06103,0.01433,-0.00284,3.5e-4,-2e-5,NA,NA,NA,NA,NA,NA,NA,NA,NA,NA,NA,NA,NA,NA,NA,NA,NA,NA,NA,NA,NA,NA,High,High,High,Medium,Medium,NA,NA,NA,NA,NA,NA,NA,NA,NA,NA,NA,NA,NA,NA,NA,NA,NA,NA,NA,NA,NA,NA,NA,NA,NA,NA,NA,NA,NA,NA,NA,NA,NA,NA,NA,NA,NA,NA,NA,NA,NA,NA,NA,NA,NA,NA,NA,NA,NA,NA,NA,NA,NA,NA,NA,NA
NA,NA,NA,NA,NA,NA,NA,NA,NA,NA,NA,NA,NA,NA,NA,NA,164,2025-07-30,20:21:16,3,1,"Downs, Chris",835223,Left,YAR_RED,"Williams, Javar",814191,Left,ORL_FIR,Undefined,7,Bottom,1,0,0,ChangeUp,Changeup,BallCalled,Undefined,Undefined,Undefined,0,0,NA,77.12832,-0.391366,3.3633,1387.672153,86.099648,08:45:00,5.57482,-2.35949,5.48838,-46.94916,0.81161,-10.09099,1.29563,-0.05038,71.02903,-8.943337,1.565935,0.497401,NA,NA,NA,NA,NA,NA,NA,NA,NA,NA,NA,6.06213,0.92394,2.07179,50,5.5084,-6.1944,-111.85862,-2.29814,7.6798400000000004,20.19871,-31.00353,ORL_FIR,YAR_RED,CCBLOrleans,Cape Cod Baseball League,CCBL,20250730-CCBLOrleans-1,46a04ca0-6da4-11f0-ac87-592c80d714ae,75.7787,NA,NA,6.09929,NA,NA,NA,NA,NA,NA,e90f2670-dfbc-4d51-82ba-0d5a03d444c7,2025-07-31,00:21:16,2025-07-31T00:21:16Z,2025-07-31T00:21:16Z,NA,v3,6102,6104,NA,"McAndrews, Thomas",836274,Right,YAR_RED,aaec2637-241e-4712-8394-b558a52e1fca,55.01148,-112.75992,10.09935,5.58008,-0.91469,-15.50177,2.35584,-6.53709,3.8399200000000002,NA,NA,NA,NA,NA,NA,NA,NA,NA,NA,NA,NA,NA,NA,NA,NA,NA,NA,NA,NA,NA,NA,NA,NA,NA,NA,NA,NA,NA,NA,NA,NA,NA,NA,NA,NA,NA,NA,NA,NA,NA,NA,NA,NA,NA,NA,NA,NA,NA,NA,High,High,High,NA,NA,NA,NA,NA,NA,NA,NA,NA,NA,NA,NA,NA,NA,NA,NA,NA,NA,NA,NA,NA,NA,NA,NA,NA,NA,NA,NA,NA,NA,NA,NA,NA,NA,NA,NA,NA,NA,NA,NA,NA,NA,NA,NA,NA,NA,NA,NA,NA,NA,NA,NA,NA,NA,NA,NA,NA,NA
NA,NA,NA,NA,NA,NA,NA,NA,NA,NA,NA,NA,NA,NA,NA,NA,165,2025-07-30,20:22:21,3,2,"Downs, Chris",835223,Left,YAR_RED,"Williams, Javar",814191,Left,ORL_FIR,Undefined,7,Bottom,1,1,0,Sinker,Changeup,StrikeCalled,Undefined,Undefined,Undefined,0,0,NA,86.53303,-0.947977,4.697007,2231.33292,117.897282,10:00:00,5.75178,-2.15119,5.75794,-27.10076,10.80532,-17.9621,2.60795,0.73379,78.59956,-5.998886,1.493716,0.443125,NA,NA,NA,NA,NA,NA,NA,NA,NA,NA,NA,10.47737,6.16737,1.77195,50,5.65663,-9.52495,-125.21681,-2.97242,16.54154,26.60757,-22.43708,ORL_FIR,YAR_RED,CCBLOrleans,Cape Cod Baseball League,CCBL,20250730-CCBLOrleans-1,6d361390-6da4-11f0-ac87-592c80d714ae,85.0606,NA,NA,7.93347,NA,NA,NA,NA,NA,NA,e90f2670-dfbc-4d51-82ba-0d5a03d444c7,2025-07-31,00:22:21,2025-07-31T00:22:21Z,2025-07-31T00:22:21Z,NA,v3,6102,6104,NA,"McAndrews, Thomas",836274,Right,YAR_RED,a83796a5-d77d-4902-8e59-ef03ae121501,54.73917,-126.21983,13.30378,5.75274,-2.12661,-11.21854,2.14276,-10.14851,8.27077,NA,NA,NA,NA,NA,NA,NA,NA,NA,NA,NA,NA,NA,NA,NA,NA,NA,NA,NA,NA,NA,NA,NA,NA,NA,NA,NA,NA,NA,NA,NA,NA,NA,NA,NA,NA,NA,NA,NA,NA,NA,NA,NA,NA,NA,NA,NA,NA,NA,NA,High,High,High,NA,NA,NA,NA,NA,NA,NA,NA,NA,NA,NA,NA,NA,NA,NA,NA,NA,NA,NA,NA,NA,NA,NA,NA,NA,NA,NA,NA,NA,NA,NA,NA,NA,NA,NA,NA,NA,NA,NA,NA,NA,NA,NA,NA,NA,NA,NA,NA,NA,NA,NA,NA,NA,NA,NA,NA,NA,NA
NA,NA,NA,NA,NA,NA,NA,NA,NA,NA,NA,NA,NA,NA,NA,NA,166,2025-07-30,20:23:01,3,3,"Downs, Chris",835223,Left,YAR_RED,"Williams, Javar",814191,Left,ORL_FIR,Undefined,7,Bottom,1,1,1,Sinker,Sinker,FoulBallNotFieldable,Undefined,Undefined,Undefined,0,0,NA,86.78953,-0.896153,3.847028,2237.270232,121.53239,10:00:00,5.75908,-2.26944,5.60245,-26.27092,11.37725,-16.54883,2.73131,-0.05182,79.22785,-5.77532,0.899764,0.441615,62.81007,33.456668,-152.181472,4711.61742,NA,NA,NA,NA,41.95984,NA,NA,9.48784,6.37512,1.95083,50,5.66531,-7.75762,-125.77351,-2.85893,15.18217,25.75628,-21.97273,ORL_FIR,YAR_RED,CCBLOrleans,Cape Cod Baseball League,CCBL,20250730-CCBLOrleans-1,84eb90a0-6da4-11f0-ac87-592c80d714ae,85.35143,23.74886,NA,7.56168,NA,NA,NA,1.10339,2.63266,0.01077,e90f2670-dfbc-4d51-82ba-0d5a03d444c7,2025-07-31,00:23:01,2025-07-31T00:23:01Z,2025-07-31T00:23:01Z,NA,v3,6102,6104,NA,"McAndrews, Thomas",836274,Right,YAR_RED,307fd56c-c18b-4efc-b7a9-4b4f610adcd7,54.89624,-126.77221,12.87814,5.75964,-2.00694,-10.98637,2.26305,-8.34631,7.59109,NA,1.10339,-67.9747,1.91559,1.4666,-0.61175,0.19001,-0.04467,0.01537,-0.00452,2.63266,50.78704,-27.18131,3.70775,-0.78397,0.18795,-0.09746,0.05278,-0.01282,0.01077,-35.86709,10.29538,-2.74881,0.68581,-0.1796,0.09311,-0.04728,0.01075,NA,NA,NA,NA,NA,NA,NA,NA,NA,NA,NA,NA,NA,NA,NA,NA,NA,NA,NA,NA,NA,NA,High,High,High,High,Undefined,NA,NA,NA,NA,NA,NA,NA,NA,NA,NA,NA,NA,NA,NA,NA,NA,NA,NA,NA,NA,NA,NA,NA,NA,NA,NA,NA,NA,NA,NA,NA,NA,NA,NA,NA,NA,NA,NA,NA,NA,NA,NA,NA,NA,NA,NA,NA,NA,NA,NA,NA,NA,NA,NA,NA,NA
NA,NA,NA,NA,NA,NA,NA,NA,NA,NA,NA,NA,NA,NA,NA,NA,167,2025-07-30,20:23:25,3,4,"Downs, Chris",835223,Left,YAR_RED,"Williams, Javar",814191,Left,ORL_FIR,Undefined,7,Bottom,1,1,2,ChangeUp,Changeup,InPlay,Undefined,GroundBall,Out,2,0,NA,80.22503,-0.111381,3.14834,1420.684054,74.906692,08:30:00,5.44301,-2.48037,5.62782,-43.954,-0.55799,-6.50804,1.6761,-0.0821,74.59508,-8.115087,1.986492,0.474129,90.29954,-14.019421,16.984652,NA,NA,NA,NA,8.96581,8.96581,14.204449,0.054306,4.10162,0.05886,2.21643,50,5.40479,-6.16416,-116.54353,-1.69468,5.70777,19.48187,-32.09212,ORL_FIR,YAR_RED,CCBLOrleans,Cape Cod Baseball League,CCBL,20250730-CCBLOrleans-1,9360e3b0-6da4-11f0-ac87-592c80d714ae,79.49834,1.74478,NA,5.62995,NA,NA,NA,2.00864,1.74478,0.1588,e90f2670-dfbc-4d51-82ba-0d5a03d444c7,2025-07-31,00:23:25,2025-07-31T00:23:25Z,2025-07-31T00:23:25Z,GroundBall,v3,6102,6104,NA,"McAndrews, Thomas",836274,Right,YAR_RED,ce0f26c9-7ee5-4598-a7e9-cc39c6ddb3a0,54.8735,-117.35538,9.74094,5.44755,-0.35734,-16.04606,2.47826,-6.40201,2.85388,180,2.00713,123.06202,NA,NA,NA,NA,NA,NA,NA,1.74517,-32.12846,NA,NA,NA,NA,NA,NA,NA,0.15834,37.58779,NA,NA,NA,NA,NA,NA,NA,NA,NA,NA,NA,NA,NA,NA,NA,NA,NA,NA,NA,NA,NA,NA,NA,NA,NA,NA,NA,NA,NA,High,High,High,Medium,High,NA,NA,NA,NA,NA,NA,NA,NA,NA,NA,NA,NA,NA,NA,NA,NA,NA,NA,NA,NA,NA,NA,NA,NA,NA,NA,NA,NA,NA,NA,NA,NA,NA,NA,NA,NA,NA,NA,NA,NA,NA,NA,NA,NA,NA,NA,NA,NA,NA,NA,NA,NA,NA,NA,NA,NA
NA,NA,NA,NA,NA,NA,NA,NA,NA,NA,NA,NA,NA,NA,NA,NA,168,2025-07-30,20:25:45,1,1,"Tryba, Cole",835221,Left,ORL_FIR,"Dowd, Brayden",804053,Left,YAR_RED,Undefined,8,Top,0,0,0,Slider,Slider,StrikeCalled,Undefined,Undefined,Undefined,0,0,NA,77.09365,2.516561,0.958796,2372.235699,281.254506,03:30:00,4.37402,-1.61421,5.21193,-49.84507,-1.3565,14.63792,2.58854,0.50729,70.36694,-6.563016,3.551121,0.501177,NA,NA,NA,NA,NA,NA,NA,NA,NA,NA,NA,-6.99473,-0.91618,1.51424,50,4.56937,-2.45819,-111.7676,3.19746,-8.80464,21.06463,-33.32729,ORL_FIR,YAR_RED,CCBLOrleans,Cape Cod Baseball League,CCBL,20250730-CCBLOrleans-1,e6e6b9b0-6da4-11f0-ac87-592c80d714ae,75.20785,NA,NA,6.72671,NA,NA,NA,NA,NA,NA,e90f2670-dfbc-4d51-82ba-0d5a03d444c7,2025-07-31,00:25:45,2025-07-31T00:25:45Z,2025-07-31T00:25:45Z,NA,v3,6102,6104,NA,"Lavey, Robbie",835215,Right,ORL_FIR,d8d2a660-1264-49c8-91e3-f143bc84ba96,55.28663,-112.75956,10.53232,4.38185,4.76688,-16.66364,1.62024,-2.04356,-4.40232,NA,NA,NA,NA,NA,NA,NA,NA,NA,NA,NA,NA,NA,NA,NA,NA,NA,NA,NA,NA,NA,NA,NA,NA,NA,NA,NA,NA,NA,NA,NA,NA,NA,NA,NA,NA,NA,NA,NA,NA,NA,NA,NA,NA,NA,NA,NA,NA,NA,NA,High,High,High,NA,NA,NA,NA,NA,NA,NA,NA,NA,NA,NA,NA,NA,NA,NA,NA,NA,NA,NA,NA,NA,NA,NA,NA,NA,NA,NA,NA,NA,NA,NA,NA,NA,NA,NA,NA,NA,NA,NA,NA,NA,NA,NA,NA,NA,NA,NA,NA,NA,NA,NA,NA,NA,NA,NA,NA,NA,NA
NA,NA,NA,NA,NA,NA,NA,NA,NA,NA,NA,NA,NA,NA,NA,NA,169,2025-07-30,20:26:01,1,2,"Tryba, Cole",835221,Left,ORL_FIR,"Dowd, Brayden",804053,Left,YAR_RED,Undefined,8,Top,0,0,1,Slider,Slider,BallCalled,Undefined,Undefined,Undefined,0,0,NA,78.96534,0.410253,1.197715,2541.644284,291.282299,03:45:00,4.39419,-1.54531,5.13976,-50.34164,-4.53748,15.02434,0.58544,0.83464,73.20565,-8.666104,3.860053,0.487106,NA,NA,NA,NA,NA,NA,NA,NA,NA,NA,NA,-7.25335,-2.06811,1.42078,50,4.3931,-2.99256,-114.73797,-0.96372,-9.71409,20.30755,-34.94379,ORL_FIR,YAR_RED,CCBLOrleans,Cape Cod Baseball League,CCBL,20250730-CCBLOrleans-1,f093d650-6da4-11f0-ac87-592c80d714ae,77.3803,NA,NA,5.75969,NA,NA,NA,NA,NA,NA,e90f2670-dfbc-4d51-82ba-0d5a03d444c7,2025-07-31,00:26:01,2025-07-31T00:26:01Z,2025-07-31T00:26:01Z,NA,v3,6102,6104,NA,"Lavey, Robbie",835215,Right,ORL_FIR,aab183c0-a2e2-48f8-b7f9-9eec3c05c11f,55.36244,-115.68317,10.15377,4.40011,0.66273,-17.47189,1.54954,-2.54042,-4.85705,NA,NA,NA,NA,NA,NA,NA,NA,NA,NA,NA,NA,NA,NA,NA,NA,NA,NA,NA,NA,NA,NA,NA,NA,NA,NA,NA,NA,NA,NA,NA,NA,NA,NA,NA,NA,NA,NA,NA,NA,NA,NA,NA,NA,NA,NA,NA,NA,NA,NA,High,High,High,NA,NA,NA,NA,NA,NA,NA,NA,NA,NA,NA,NA,NA,NA,NA,NA,NA,NA,NA,NA,NA,NA,NA,NA,NA,NA,NA,NA,NA,NA,NA,NA,NA,NA,NA,NA,NA,NA,NA,NA,NA,NA,NA,NA,NA,NA,NA,NA,NA,NA,NA,NA,NA,NA,NA,NA,NA,NA
NA,NA,NA,NA,NA,NA,NA,NA,NA,NA,NA,NA,NA,NA,NA,NA,170,2025-07-30,20:26:24,1,3,"Tryba, Cole",835221,Left,ORL_FIR,"Dowd, Brayden",804053,Left,YAR_RED,Undefined,8,Top,0,1,1,Cutter,Four-Seam,BallCalled,Undefined,Undefined,Undefined,0,0,NA,87.77369,-0.945021,3.463304,2368.721196,135.594635,10:30:00,4.93133,-1.16879,5.7747,-26.13116,9.85623,-8.69264,1.87269,1.33341,81.43144,-5.769585,1.909851,0.431764,NA,NA,NA,NA,NA,NA,NA,NA,NA,NA,NA,5.24996,5.56398,0.88778,50,4.83721,-7.35387,-127.46574,-2.99325,8.77148,22.38969,-22.87798,ORL_FIR,YAR_RED,CCBLOrleans,Cape Cod Baseball League,CCBL,20250730-CCBLOrleans-1,fdd53d40-6da4-11f0-ac87-592c80d714ae,87.29869,NA,NA,6.34225,NA,NA,NA,NA,NA,NA,e90f2670-dfbc-4d51-82ba-0d5a03d444c7,2025-07-31,00:26:24,2025-07-31T00:26:24Z,2025-07-31T00:26:24Z,NA,v3,6102,6104,NA,"Lavey, Robbie",835215,Right,ORL_FIR,34bb25d0-431c-40b2-8c84-c0e3f89bc1f5,54.72475,-128.29297,11.19484,4.93219,-2.14799,-11.43899,1.16547,-7.67795,4.38574,NA,NA,NA,NA,NA,NA,NA,NA,NA,NA,NA,NA,NA,NA,NA,NA,NA,NA,NA,NA,NA,NA,NA,NA,NA,NA,NA,NA,NA,NA,NA,NA,NA,NA,NA,NA,NA,NA,NA,NA,NA,NA,NA,NA,NA,NA,NA,NA,NA,NA,High,High,High,NA,NA,NA,NA,NA,NA,NA,NA,NA,NA,NA,NA,NA,NA,NA,NA,NA,NA,NA,NA,NA,NA,NA,NA,NA,NA,NA,NA,NA,NA,NA,NA,NA,NA,NA,NA,NA,NA,NA,NA,NA,NA,NA,NA,NA,NA,NA,NA,NA,NA,NA,NA,NA,NA,NA,NA,NA,NA
NA,NA,NA,NA,NA,NA,NA,NA,NA,NA,NA,NA,NA,NA,NA,NA,171,2025-07-30,20:26:42,1,4,"Tryba, Cole",835221,Left,ORL_FIR,"Dowd, Brayden",804053,Left,YAR_RED,Undefined,8,Top,0,2,1,Fastball,Four-Seam,BallCalled,Undefined,Undefined,Undefined,0,0,NA,92.52564,-0.250236,2.618857,2003.217906,145.842542,10:45:00,5.06655,-0.9612,5.80528,-15.78339,16.85379,-10.76044,3.5183,0.57928,84.68216,-3.248095,0.69343,0.411176,NA,NA,NA,NA,NA,NA,NA,NA,NA,NA,NA,6.15181,8.95233,0.75249,50,5.03652,-5.66032,-134.32711,-1.06957,11.28975,27.89306,-15.74481,ORL_FIR,YAR_RED,CCBLOrleans,Cape Cod Baseball League,CCBL,20250730-CCBLOrleans-1,08c8bc90-6da5-11f0-ac87-592c80d714ae,91.66983,NA,NA,7.84348,NA,NA,NA,NA,NA,NA,e90f2670-dfbc-4d51-82ba-0d5a03d444c7,2025-07-31,00:26:42,2025-07-31T00:26:42Z,2025-07-31T00:26:42Z,NA,v3,6102,6104,NA,"Lavey, Robbie",835215,Right,ORL_FIR,42d8e321-a42c-48a6-b77c-434d5f4923ca,54.69184,-135.29785999999999,13.94653,5.06421,-0.52161,-7.87241,0.95632,-6.05324,5.64488,NA,NA,NA,NA,NA,NA,NA,NA,NA,NA,NA,NA,NA,NA,NA,NA,NA,NA,NA,NA,NA,NA,NA,NA,NA,NA,NA,NA,NA,NA,NA,NA,NA,NA,NA,NA,NA,NA,NA,NA,NA,NA,NA,NA,NA,NA,NA,NA,NA,NA,High,High,High,NA,NA,NA,NA,NA,NA,NA,NA,NA,NA,NA,NA,NA,NA,NA,NA,NA,NA,NA,NA,NA,NA,NA,NA,NA,NA,NA,NA,NA,NA,NA,NA,NA,NA,NA,NA,NA,NA,NA,NA,NA,NA,NA,NA,NA,NA,NA,NA,NA,NA,NA,NA,NA,NA,NA,NA,NA,NA
NA,NA,NA,NA,NA,NA,NA,NA,NA,NA,NA,NA,NA,NA,NA,NA,172,2025-07-30,20:27:03,1,5,"Tryba, Cole",835221,Left,ORL_FIR,"Dowd, Brayden",804053,Left,YAR_RED,Undefined,8,Top,0,3,1,Fastball,Sinker,StrikeSwinging,Undefined,Undefined,Undefined,0,0,NA,91.53419,-0.65811,2.459999,1883.509602,124.822805,10:15:00,4.79821,-1.17041,5.88774,-20.50166,12.84095,-16.94611,2.47806,-0.29697,83.62415,-4.511922,-0.579396,0.415596,NA,NA,NA,NA,NA,NA,NA,NA,NA,NA,NA,9.30111,7.06863,0.98151,50,4.7333,-4.96206,-132.89338,-2.19838,16.64335,28.3194,-19.52553,ORL_FIR,YAR_RED,CCBLOrleans,Cape Cod Baseball League,CCBL,20250730-CCBLOrleans-1,153917e0-6da5-11f0-ac87-592c80d714ae,90.69492,NA,NA,7.91005,NA,NA,NA,NA,NA,NA,e90f2670-dfbc-4d51-82ba-0d5a03d444c7,2025-07-31,00:27:03,2025-07-31T00:27:03Z,2025-07-31T00:27:03Z,NA,v3,6102,6104,NA,"Lavey, Robbie",835215,Right,ORL_FIR,3d225f8d-d3fc-45ef-a9fc-f543922f64d4,54.60996,-133.87215,14.1597,4.79762,-1.52354,-9.76277,1.16295,-5.53728,8.32167,NA,NA,NA,NA,NA,NA,NA,NA,NA,NA,NA,NA,NA,NA,NA,NA,NA,NA,NA,NA,NA,NA,NA,NA,NA,NA,NA,NA,NA,NA,NA,NA,NA,NA,NA,NA,NA,NA,NA,NA,NA,NA,NA,NA,NA,NA,NA,NA,NA,NA,High,High,High,NA,NA,NA,NA,NA,NA,NA,NA,NA,NA,NA,NA,NA,NA,NA,NA,NA,NA,NA,NA,NA,NA,NA,NA,NA,NA,NA,NA,NA,NA,NA,NA,NA,NA,NA,NA,NA,NA,NA,NA,NA,NA,NA,NA,NA,NA,NA,NA,NA,NA,NA,NA,NA,NA,NA,NA,NA,NA
NA,NA,NA,NA,NA,NA,NA,NA,NA,NA,NA,NA,NA,NA,NA,NA,173,2025-07-30,20:27:22,1,6,"Tryba, Cole",835221,Left,ORL_FIR,"Dowd, Brayden",804053,Left,YAR_RED,Undefined,8,Top,0,3,2,Fastball,Sinker,InPlay,Undefined,FlyBall,Out,1,0,NA,91.56917,-1.098931,1.846619,1994.793574,125.88054700000001,10:15:00,4.96739,-1.09594,5.98526,-20.45005,12.59575,-16.03032,2.24403,-0.71969,84.06811,-4.937086,-1.035654,0.413742,90.68422,32.8814,-0.289103,3199.159343,109.84866,65.86689,-5.76613,321.35515,319.4717,-9.33289,5.111229,8.76209,7.07729,0.95916,50,4.86927,-3.61456,-133.07565,-3.2174,15.77643,27.47081,-19.43117,ORL_FIR,YAR_RED,CCBLOrleans,Cape Cod Baseball League,CCBL,20250730-CCBLOrleans-1,20a570b0-6da5-11f0-ac87-592c80d714ae,91.10133,86.69269,NA,7.50106,NA,NA,NA,1.03891,2.19457,0.72124,e90f2670-dfbc-4d51-82ba-0d5a03d444c7,2025-07-31,00:27:22,2025-07-31T00:27:22Z,2025-07-31T00:27:22Z,FlyBall,v3,6102,6104,NA,"Lavey, Robbie",835215,Right,ORL_FIR,d780a8ac-edb1-44fc-bc7e-6ac4099dd1d9,54.51428,-134.0043,13.73541,4.96693,-2.56053,-9.71559,1.09036,-4.14788,7.88822,158.248653,1.04041,111.66743,-23.06585,5.49971,-1.13777,0.2155,-0.03529,0.00396,-2e-4,2.19601,72.17018,-16.66934,0.26902,0.37359,-0.20397,0.05321,-0.00685,3.4e-4,0.72162,-0.57097,-5.5212,1.65695,-0.3986,0.07712,-0.01091,9.9e-4,-4e-5,NA,NA,NA,NA,NA,NA,NA,NA,NA,NA,NA,NA,NA,NA,NA,NA,NA,NA,NA,NA,NA,NA,High,High,High,High,High,NA,NA,NA,NA,NA,NA,NA,NA,NA,NA,NA,NA,NA,NA,NA,NA,NA,NA,NA,NA,NA,NA,NA,NA,NA,NA,NA,NA,NA,NA,NA,NA,NA,NA,NA,NA,NA,NA,NA,NA,NA,NA,NA,NA,NA,NA,NA,NA,NA,NA,NA,NA,NA,NA,NA,NA
NA,NA,NA,NA,NA,NA,NA,NA,NA,NA,NA,NA,NA,NA,NA,NA,174,2025-07-30,20:28:46,2,1,"Tryba, Cole",835221,Left,ORL_FIR,"Hacopian, Chris",806680,Right,YAR_RED,Undefined,8,Top,1,0,0,Fastball,Sinker,BallCalled,Undefined,Undefined,Undefined,0,0,NA,93.25481,0.776898,1.181877,1949.008267,121.14898,10:00:00,4.99456,-0.90387,5.85131,-20.42048,11.61697,-17.62753,4.01492,-1.2745,85.37695,-3.05352,-1.978975,0.407381,NA,NA,NA,NA,NA,NA,NA,NA,NA,NA,NA,9.24741,6.02221,0.81773,50,5.04573,-1.99501,-135.51281,1.1448,17.25772,28.61346,-20.93529,ORL_FIR,YAR_RED,CCBLOrleans,Cape Cod Baseball League,CCBL,20250730-CCBLOrleans-1,52c99760-6da5-11f0-ac87-592c80d714ae,92.52389,NA,NA,7.87787,NA,NA,NA,NA,NA,NA,e90f2670-dfbc-4d51-82ba-0d5a03d444c7,2025-07-31,00:28:46,2025-07-31T00:28:46Z,2025-07-31T00:28:46Z,NA,v3,6102,6104,NA,"Lavey, Robbie",835215,Right,ORL_FIR,5a586b0e-a915-4cd0-8f7d-4ff5a7305b01,54.64645,-136.49038,14.30673,4.99439,1.86005,-10.46764,0.89596,-2.58462,8.62886,NA,NA,NA,NA,NA,NA,NA,NA,NA,NA,NA,NA,NA,NA,NA,NA,NA,NA,NA,NA,NA,NA,NA,NA,NA,NA,NA,NA,NA,NA,NA,NA,NA,NA,NA,NA,NA,NA,NA,NA,NA,NA,NA,NA,NA,NA,NA,NA,NA,NA,High,High,High,NA,NA,NA,NA,NA,NA,NA,NA,NA,NA,NA,NA,NA,NA,NA,NA,NA,NA,NA,NA,NA,NA,NA,NA,NA,NA,NA,NA,NA,NA,NA,NA,NA,NA,NA,NA,NA,NA,NA,NA,NA,NA,NA,NA,NA,NA,NA,NA,NA,NA,NA,NA,NA,NA,NA,NA,NA,NA
NA,NA,NA,NA,NA,NA,NA,NA,NA,NA,NA,NA,NA,NA,NA,NA,175,2025-07-30,20:29:05,2,2,"Tryba, Cole",835221,Left,ORL_FIR,"Hacopian, Chris",806680,Right,YAR_RED,Undefined,8,Top,1,1,0,ChangeUp,Changeup,BallCalled,Undefined,Undefined,Undefined,0,0,NA,81.73998,-0.178624,3.50158,1755.380796,94.759277,09:15:00,4.52318,-1.38599,5.52846,-39.5549,2.58024,-16.20741,1.05965,0.54079,75.53757,-7.40172,0.6149,0.46719,NA,NA,NA,NA,NA,NA,NA,NA,NA,NA,NA,9.21662,1.63571,1.09303,50,4.4807,-6.63494,-118.6593,-1.71339,13.24174,21.06858,-29.82401,ORL_FIR,YAR_RED,CCBLOrleans,Cape Cod Baseball League,CCBL,20250730-CCBLOrleans-1,5dd6e040-6da5-11f0-ac87-592c80d714ae,80.67906,NA,NA,6.20241,NA,NA,NA,NA,NA,NA,e90f2670-dfbc-4d51-82ba-0d5a03d444c7,2025-07-31,00:29:05,2025-07-31T00:29:05Z,2025-07-31T00:29:05Z,NA,v3,6102,6104,NA,"Lavey, Robbie",835215,Right,ORL_FIR,3436a0f9-d4d0-4b1b-878e-483330c01cdd,54.97348,-119.5391,10.53429,4.52625,-0.46796,-14.91201,1.38165,-7.1879,6.62087,NA,NA,NA,NA,NA,NA,NA,NA,NA,NA,NA,NA,NA,NA,NA,NA,NA,NA,NA,NA,NA,NA,NA,NA,NA,NA,NA,NA,NA,NA,NA,NA,NA,NA,NA,NA,NA,NA,NA,NA,NA,NA,NA,NA,NA,NA,NA,NA,NA,NA,High,High,High,NA,NA,NA,NA,NA,NA,NA,NA,NA,NA,NA,NA,NA,NA,NA,NA,NA,NA,NA,NA,NA,NA,NA,NA,NA,NA,NA,NA,NA,NA,NA,NA,NA,NA,NA,NA,NA,NA,NA,NA,NA,NA,NA,NA,NA,NA,NA,NA,NA,NA,NA,NA,NA,NA,NA,NA,NA,NA
NA,NA,NA,NA,NA,NA,NA,NA,NA,NA,NA,NA,NA,NA,NA,NA,176,2025-07-30,20:29:24,2,3,"Tryba, Cole",835221,Left,ORL_FIR,"Hacopian, Chris",806680,Right,YAR_RED,Undefined,8,Top,1,2,0,Cutter,Slider,BallCalled,Undefined,Undefined,Undefined,0,0,NA,87.6505,-0.485408,3.110762,2319.112738,143.8789,10:45:00,4.95259,-1.07487,5.72794,-29.72994,6.37729,-3.9491,2.02235,1.49604,81.42978,-5.945727,2.405365,0.432482,NA,NA,NA,NA,NA,NA,NA,NA,NA,NA,NA,2.75638,3.64961,0.81774,50,4.89346,-6.76036,-127.35821,-2.117,4.59736,22.35833,-26.08682,ORL_FIR,YAR_RED,CCBLOrleans,Cape Cod Baseball League,CCBL,20250730-CCBLOrleans-1,6934e130-6da5-11f0-ac87-592c80d714ae,87.15369,NA,NA,6.22072,NA,NA,NA,NA,NA,NA,e90f2670-dfbc-4d51-82ba-0d5a03d444c7,2025-07-31,00:29:24,2025-07-31T00:29:24Z,2025-07-31T00:29:24Z,NA,v3,6102,6104,NA,"Lavey, Robbie",835215,Right,ORL_FIR,5a9b477b-4ce8-4a8b-a766-b7f74a53e7b5,54.77257,-128.19332,11.17917,4.95434,-1.14262,-13.04341,1.07345,-6.93207,2.29868,NA,NA,NA,NA,NA,NA,NA,NA,NA,NA,NA,NA,NA,NA,NA,NA,NA,NA,NA,NA,NA,NA,NA,NA,NA,NA,NA,NA,NA,NA,NA,NA,NA,NA,NA,NA,NA,NA,NA,NA,NA,NA,NA,NA,NA,NA,NA,NA,NA,NA,High,High,High,NA,NA,NA,NA,NA,NA,NA,NA,NA,NA,NA,NA,NA,NA,NA,NA,NA,NA,NA,NA,NA,NA,NA,NA,NA,NA,NA,NA,NA,NA,NA,NA,NA,NA,NA,NA,NA,NA,NA,NA,NA,NA,NA,NA,NA,NA,NA,NA,NA,NA,NA,NA,NA,NA,NA,NA,NA,NA
NA,NA,NA,NA,NA,NA,NA,NA,NA,NA,NA,NA,NA,NA,NA,NA,177,2025-07-30,20:29:47,2,4,"Tryba, Cole",835221,Left,ORL_FIR,"Hacopian, Chris",806680,Right,YAR_RED,Undefined,8,Top,1,3,0,Fastball,Sinker,StrikeCalled,Undefined,Undefined,Undefined,0,0,NA,90.63403,-0.953532,3.892144,1935.143209,116.847944,10:00:00,4.96519,-1.13267,5.82452,-24.09344,10.07193,-17.75115,2.06884,1.01195,82.84897,-5.443741,0.717588,0.420692,NA,NA,NA,NA,NA,NA,NA,NA,NA,NA,NA,10.21772,5.72666,0.82514,50,4.87282,-8.19095,-131.43017,-3.01314,17.88033,27.73956,-22.15275,ORL_FIR,YAR_RED,CCBLOrleans,Cape Cod Baseball League,CCBL,20250730-CCBLOrleans-1,76c32fa0-6da5-11f0-ac87-592c80d714ae,89.59626,NA,NA,7.78506,NA,NA,NA,NA,NA,NA,e90f2670-dfbc-4d51-82ba-0d5a03d444c7,2025-07-31,00:29:47,2025-07-31T00:29:47Z,2025-07-31T00:29:47Z,NA,v3,6102,6104,NA,"Lavey, Robbie",835215,Right,ORL_FIR,6af3f4a7-6bb0-4b0b-9c06-3a40cbed35b4,54.6755,-132.4133,13.86978,4.9657,-2.22802,-11.07638,1.12667,-8.82465,8.94016,NA,NA,NA,NA,NA,NA,NA,NA,NA,NA,NA,NA,NA,NA,NA,NA,NA,NA,NA,NA,NA,NA,NA,NA,NA,NA,NA,NA,NA,NA,NA,NA,NA,NA,NA,NA,NA,NA,NA,NA,NA,NA,NA,NA,NA,NA,NA,NA,NA,NA,High,High,High,NA,NA,NA,NA,NA,NA,NA,NA,NA,NA,NA,NA,NA,NA,NA,NA,NA,NA,NA,NA,NA,NA,NA,NA,NA,NA,NA,NA,NA,NA,NA,NA,NA,NA,NA,NA,NA,NA,NA,NA,NA,NA,NA,NA,NA,NA,NA,NA,NA,NA,NA,NA,NA,NA,NA,NA,NA,NA
NA,NA,NA,NA,NA,NA,NA,NA,NA,NA,NA,NA,NA,NA,NA,NA,178,2025-07-30,20:30:04,2,5,"Tryba, Cole",835221,Left,ORL_FIR,"Hacopian, Chris",806680,Right,YAR_RED,Undefined,8,Top,1,3,1,Fastball,Sinker,StrikeCalled,Undefined,Undefined,Undefined,0,0,NA,92.34508,-0.975518,2.010897,1941.58077,116.8259,10:00:00,4.993,-0.97204,5.945,-22.91155,9.58174,-17.0395,2.17823,-0.52604,84.94137,-5.245284,-1.050785,0.410268,NA,NA,NA,NA,NA,NA,NA,NA,NA,NA,NA,9.25902,5.47272,0.82139,50,4.90235,-3.97456,-134.20748,-3.07119,16.98891,27.4073,-22.13239,ORL_FIR,YAR_RED,CCBLOrleans,Cape Cod Baseball League,CCBL,20250730-CCBLOrleans-1,8145ebc0-6da5-11f0-ac87-592c80d714ae,91.87263,NA,NA,7.40371,NA,NA,NA,NA,NA,NA,e90f2670-dfbc-4d51-82ba-0d5a03d444c7,2025-07-31,00:30:04,2025-07-31T00:30:04Z,2025-07-31T00:30:04Z,NA,v3,6102,6104,NA,"Lavey, Robbie",835215,Right,ORL_FIR,a076fa86-dac2-44eb-b07b-1102e58b6e5f,54.55437,-135.13436,13.70365,4.9935600000000004,-2.32271,-11.06619,0.96552,-4.5491,8.49446,NA,NA,NA,NA,NA,NA,NA,NA,NA,NA,NA,NA,NA,NA,NA,NA,NA,NA,NA,NA,NA,NA,NA,NA,NA,NA,NA,NA,NA,NA,NA,NA,NA,NA,NA,NA,NA,NA,NA,NA,NA,NA,NA,NA,NA,NA,NA,NA,NA,NA,High,High,High,NA,NA,NA,NA,NA,NA,NA,NA,NA,NA,NA,NA,NA,NA,NA,NA,NA,NA,NA,NA,NA,NA,NA,NA,NA,NA,NA,NA,NA,NA,NA,NA,NA,NA,NA,NA,NA,NA,NA,NA,NA,NA,NA,NA,NA,NA,NA,NA,NA,NA,NA,NA,NA,NA,NA,NA,NA,NA
NA,NA,NA,NA,NA,NA,NA,NA,NA,NA,NA,NA,NA,NA,NA,NA,179,2025-07-30,20:30:24,2,6,"Tryba, Cole",835221,Left,ORL_FIR,"Hacopian, Chris",806680,Right,YAR_RED,Undefined,8,Top,1,3,2,ChangeUp,Changeup,FoulBallNotFieldable,Undefined,Undefined,Undefined,0,0,NA,82.03464,-0.100377,3.415398,1628.904047,91.621156,09:00:00,4.56448,-1.48289,5.55982,-40.07971,1.73599,-17.77119,1.13056,0.23084,75.73555,-7.423118,0.247478,0.465416,71.69098,8.252076,-43.021478,2813.598861,NA,NA,NA,82.35646,81.10273,-44.843958,0.850786,9.99276,1.20126,1.2002,50,4.52888,-6.41639,-119.09494,-1.57481,14.4472,21.45103,-30.43733,ORL_FIR,YAR_RED,CCBLOrleans,Cape Cod Baseball League,CCBL,20250730-CCBLOrleans-1,8d3d6d90-6da5-11f0-ac87-592c80d714ae,80.98661,3.98083,NA,6.29909,NA,NA,NA,2.69412,1.17123,-0.16862,e90f2670-dfbc-4d51-82ba-0d5a03d444c7,2025-07-31,00:30:24,2025-07-31T00:30:24Z,2025-07-31T00:30:24Z,GroundBall,v3,6102,6104,NA,"Lavey, Robbie",835215,Right,ORL_FIR,93c792ba-b17e-4666-8560-55fb4e941205,54.94206,-119.98179,10.72552,4.56798,-0.31644,-15.21867,1.47782,-7.01368,7.2236,NA,2.74364,75.2803,-11.66374,NA,NA,NA,NA,NA,NA,1.22159,14.28692,-18.5444,NA,NA,NA,NA,NA,NA,-0.16075,-71.12472,3.57782,NA,NA,NA,NA,NA,NA,NA,NA,NA,NA,NA,NA,NA,NA,NA,NA,NA,NA,NA,NA,NA,NA,NA,NA,NA,NA,NA,NA,High,High,High,High,High,NA,NA,NA,NA,NA,NA,NA,NA,NA,NA,NA,NA,NA,NA,NA,NA,NA,NA,NA,NA,NA,NA,NA,NA,NA,NA,NA,NA,NA,NA,NA,NA,NA,NA,NA,NA,NA,NA,NA,NA,NA,NA,NA,NA,NA,NA,NA,NA,NA,NA,NA,NA,NA,NA,NA,NA
NA,NA,NA,NA,NA,NA,NA,NA,NA,NA,NA,NA,NA,NA,NA,NA,180,2025-07-30,20:30:58,2,7,"Tryba, Cole",835221,Left,ORL_FIR,"Hacopian, Chris",806680,Right,YAR_RED,Undefined,8,Top,1,3,2,Fastball,Sinker,FoulBallNotFieldable,Undefined,Undefined,Undefined,0,0,NA,93.084,-0.194087,2.885221,2006.160398,120.608571,10:00:00,4.96307,-1.11435,6.01529,-23.04793,8.77406,-13.288,2.8624,0.4532,85.76537,-4.48995,0.497647,0.406008,73.32031,77.701122,48.625233,NA,NA,NA,NA,NA,18.49264,NA,NA,7.60678,4.8428,0.89544,50,4.93512,-6.25671,-135.27485,-1.24845,14.22546,26.95686,-23.11752,ORL_FIR,YAR_RED,CCBLOrleans,Cape Cod Baseball League,CCBL,20250730-CCBLOrleans-1,a10a3ec0-6da5-11f0-ac87-592c80d714ae,92.83659,92.74543,NA,7.31863,NA,NA,NA,2.26623,2.32674,-1.36953,e90f2670-dfbc-4d51-82ba-0d5a03d444c7,2025-07-31,00:30:58,2025-07-31T00:30:58Z,2025-07-31T00:30:58Z,NA,v3,6102,6104,NA,"Lavey, Robbie",835215,Right,ORL_FIR,328a0f10-b065-48dd-8ec0-dfb4a87cbafb,54.48502,-136.16567,13.47843,4.96376,-0.48451,-11.55876,1.10996,-6.72681,7.11273,NA,2.26622,15.14212,-10.80068,3.57391,-0.16496,-1.64877,2.25578,-1.3547,0.30977,2.32674,105.068,-27.13498,3.15539,-0.59285,0.20247,-0.17859,0.10864,-0.02615,-1.36953,17.18919,-3.06332,0.75849,-0.05727,-0.20608,0.28444,-0.16962,0.03854,NA,NA,NA,NA,NA,NA,NA,NA,NA,NA,NA,NA,NA,NA,NA,NA,NA,NA,NA,NA,NA,NA,High,High,High,Medium,Undefined,NA,NA,NA,NA,NA,NA,NA,NA,NA,NA,NA,NA,NA,NA,NA,NA,NA,NA,NA,NA,NA,NA,NA,NA,NA,NA,NA,NA,NA,NA,NA,NA,NA,NA,NA,NA,NA,NA,NA,NA,NA,NA,NA,NA,NA,NA,NA,NA,NA,NA,NA,NA,NA,NA,NA,NA
NA,NA,NA,NA,NA,NA,NA,NA,NA,NA,NA,NA,NA,NA,NA,NA,181,2025-07-30,20:31:32,2,8,"Tryba, Cole",835221,Left,ORL_FIR,"Hacopian, Chris",806680,Right,YAR_RED,Undefined,8,Top,1,3,2,Fastball,Sinker,InPlay,Undefined,GroundBall,Out,1,0,NA,93.06673,0.60971,2.525911,2008.44675,118.470453,10:00:00,5.00424,-1.02632,5.83292,-22.25659,10.20953,-16.86847,3.71682,-0.08267,84.54736,-3.563495,-0.495442,0.410097,62.18219,-63.406629,-47.710819,NA,NA,NA,NA,3.37619,2.08815,-22.162116,0.044587,9.38382,5.34831,0.83038,50,5.04095,-5.21348,-135.06637,0.67065,17.25333,30.70643,-22.34053,ORL_FIR,YAR_RED,CCBLOrleans,Cape Cod Baseball League,CCBL,20250730-CCBLOrleans-1,b5676910-6da5-11f0-ac87-592c80d714ae,91.91102,3.66113,NA,8.51937,NA,NA,NA,1.8935,3.66113,0.08225,e90f2670-dfbc-4d51-82ba-0d5a03d444c7,2025-07-31,00:31:32,2025-07-31T00:31:32Z,2025-07-31T00:31:32Z,GroundBall,v3,6102,6104,NA,"Lavey, Robbie",835215,Right,ORL_FIR,0da2f77b-4fdf-4894-80f6-5f2781115129,54.66581,-136.12297,15.35322,5.00465,1.43939,-11.17027,1.01999,-5.80717,8.62666,NA,1.89215,27.65971,NA,NA,NA,NA,NA,NA,NA,3.66515,-82.1123,NA,NA,NA,NA,NA,NA,NA,0.08374,-30.40916,NA,NA,NA,NA,NA,NA,NA,NA,NA,NA,NA,NA,NA,NA,NA,NA,NA,NA,NA,NA,NA,NA,NA,NA,NA,NA,NA,NA,NA,High,High,High,Low,Low,NA,NA,NA,NA,NA,NA,NA,NA,NA,NA,NA,NA,NA,NA,NA,NA,NA,NA,NA,NA,NA,NA,NA,NA,NA,NA,NA,NA,NA,NA,NA,NA,NA,NA,NA,NA,NA,NA,NA,NA,NA,NA,NA,NA,NA,NA,NA,NA,NA,NA,NA,NA,NA,NA,NA,NA
NA,NA,NA,NA,NA,NA,NA,NA,NA,NA,NA,NA,NA,NA,NA,NA,182,2025-07-30,20:32:08,3,1,"Tryba, Cole",835221,Left,ORL_FIR,"Arcamone, Jack",834921,Left,YAR_RED,Undefined,8,Top,2,0,0,Slider,Slider,InPlay,Undefined,FlyBall,Out,1,0,NA,78.33242,2.075785,0.589831,2206.148375,302.038064,04:00:00,4.32521,-1.58118,5.19099,-51.47774,-4.65768,9.78638,1.98905,-0.21077,71.76735,-7.269,2.324401,0.492479,94.22469,29.944467,-3.921278,3710.856134,109.18341,58.29568,-13.37563,329.6277,325.23202,-15.842325,4.941802,-4.75063,-2.55421,1.51857,50,4.47833,-1.55848,-113.66969,2.31638,-6.2013,21.28292,-35.50822,ORL_FIR,YAR_RED,CCBLOrleans,Cape Cod Baseball League,CCBL,20250730-CCBLOrleans-1,cb42a7e0-6da5-11f0-ac87-592c80d714ae,76.53619,79.45844,NA,6.56507,NA,NA,NA,1.77055,2.09972,0.28635,e90f2670-dfbc-4d51-82ba-0d5a03d444c7,2025-07-31,00:32:08,2025-07-31T00:32:08Z,2025-07-31T00:32:08Z,FlyBall,v3,6102,6104,NA,"Lavey, Robbie",835215,Right,ORL_FIR,741a3f5f-f9b1-4e96-a740-9d4e2f41a3f4,55.30962,-114.65953,10.64146,4.3322,3.96782,-17.75411,1.58435,-1.27007,-3.10065,152.924424,1.76967,119.48748,-25.06081,6.12168,-1.49543,0.35129,-0.06534,0.0074400000000000004,-3.6e-4,2.10157,68.941,-17.07465,0.75124,0.14873,-0.12508,0.03518,-0.0046,2.3e-4,0.28645,-8.19163,-5.04957,1.37049,-0.32781,0.06662,-0.01022,0.001,-5e-5,NA,NA,NA,NA,NA,NA,NA,NA,NA,NA,NA,NA,NA,NA,NA,NA,NA,NA,NA,NA,NA,NA,High,High,High,Medium,High,NA,NA,NA,NA,NA,NA,NA,NA,NA,NA,NA,NA,NA,NA,NA,NA,NA,NA,NA,NA,NA,NA,NA,NA,NA,NA,NA,NA,NA,NA,NA,NA,NA,NA,NA,NA,NA,NA,NA,NA,NA,NA,NA,NA,NA,NA,NA,NA,NA,NA,NA,NA,NA,NA,NA,NA
NA,NA,NA,NA,NA,NA,NA,NA,NA,NA,NA,NA,NA,NA,NA,NA,183,2025-07-30,20:34:24,1,1,"Downs, Chris",835223,Left,YAR_RED,"Crossland, Michael",835210,Right,ORL_FIR,Undefined,8,Bottom,0,0,0,ChangeUp,Changeup,StrikeCalled,Undefined,Undefined,Undefined,0,0,NA,78.73046,-0.432382,4.003281,1277.411734,72.629186,08:30:00,5.68447,-2.37275,5.53098,-47.23692,-1.56866,-9.43044,1.34288,0.58962,72.74195,-9.018066,2.324124,0.486383,NA,NA,NA,NA,NA,NA,NA,NA,NA,NA,NA,5.90351,-0.35693,2.03126,50,5.61476,-7.63621,-114.1674,-2.43006,7.81602,20.40492,-32.64662,ORL_FIR,YAR_RED,CCBLOrleans,Cape Cod Baseball League,CCBL,20250730-CCBLOrleans-1,1c415dd0-6da6-11f0-ac87-592c80d714ae,77.49532,NA,NA,5.98851,NA,NA,NA,NA,NA,NA,e90f2670-dfbc-4d51-82ba-0d5a03d444c7,2025-07-31,00:34:24,2025-07-31T00:34:24Z,2025-07-31T00:34:24Z,NA,v3,6102,6104,NA,"McAndrews, Thomas",836274,Right,YAR_RED,877712cb-4de6-4643-8e71-f3989a12d061,54.97026,-115.05229,10.20246,5.68944,-1.01428,-16.32331,2.36977,-7.97517,3.90801,NA,NA,NA,NA,NA,NA,NA,NA,NA,NA,NA,NA,NA,NA,NA,NA,NA,NA,NA,NA,NA,NA,NA,NA,NA,NA,NA,NA,NA,NA,NA,NA,NA,NA,NA,NA,NA,NA,NA,NA,NA,NA,NA,NA,NA,NA,NA,NA,NA,NA,High,High,High,NA,NA,NA,NA,NA,NA,NA,NA,NA,NA,NA,NA,NA,NA,NA,NA,NA,NA,NA,NA,NA,NA,NA,NA,NA,NA,NA,NA,NA,NA,NA,NA,NA,NA,NA,NA,NA,NA,NA,NA,NA,NA,NA,NA,NA,NA,NA,NA,NA,NA,NA,NA,NA,NA,NA,NA,NA,NA
NA,NA,NA,NA,NA,NA,NA,NA,NA,NA,NA,NA,NA,NA,NA,NA,184,2025-07-30,20:34:40,1,2,"Downs, Chris",835223,Left,YAR_RED,"Crossland, Michael",835210,Right,ORL_FIR,Undefined,8,Bottom,0,0,1,ChangeUp,Changeup,BallCalled,Undefined,Undefined,Undefined,0,0,NA,79.93757,-1.243339,5.597005,1410.255731,87.79643,09:00:00,5.61778,-2.46702,5.42698,-43.88176,0.74421,-16.14225,0.79072,1.44659,73.84411,-9.198893,2.737484,0.480801,NA,NA,NA,NA,NA,NA,NA,NA,NA,NA,NA,9.79245,0.9598,1.98147,50,5.47582,-10.72443,-115.64357,-3.99857,13.32022,20.66315,-30.86845,ORL_FIR,YAR_RED,CCBLOrleans,Cape Cod Baseball League,CCBL,20250730-CCBLOrleans-1,257b6d50-6da6-11f0-ac87-592c80d714ae,78.39511,NA,NA,6.09346,NA,NA,NA,NA,NA,NA,e90f2670-dfbc-4d51-82ba-0d5a03d444c7,2025-07-31,00:34:40,2025-07-31T00:34:40Z,2025-07-31T00:34:40Z,NA,v3,6102,6104,NA,"McAndrews, Thomas",836274,Right,YAR_RED,504ba5eb-6d25-4c2a-bdbb-35767bf0b68b,55.07547,-116.54692,10.33158,5.62113,-2.64906,-15.43422,2.46305,-11.30676,6.66011,NA,NA,NA,NA,NA,NA,NA,NA,NA,NA,NA,NA,NA,NA,NA,NA,NA,NA,NA,NA,NA,NA,NA,NA,NA,NA,NA,NA,NA,NA,NA,NA,NA,NA,NA,NA,NA,NA,NA,NA,NA,NA,NA,NA,NA,NA,NA,NA,NA,NA,High,High,High,NA,NA,NA,NA,NA,NA,NA,NA,NA,NA,NA,NA,NA,NA,NA,NA,NA,NA,NA,NA,NA,NA,NA,NA,NA,NA,NA,NA,NA,NA,NA,NA,NA,NA,NA,NA,NA,NA,NA,NA,NA,NA,NA,NA,NA,NA,NA,NA,NA,NA,NA,NA,NA,NA,NA,NA,NA,NA
NA,NA,NA,NA,NA,NA,NA,NA,NA,NA,NA,NA,NA,NA,NA,NA,185,2025-07-30,20:34:55,1,3,"Downs, Chris",835223,Left,YAR_RED,"Crossland, Michael",835210,Right,ORL_FIR,Undefined,8,Bottom,0,1,1,Sinker,Changeup,BallCalled,Undefined,Undefined,Undefined,0,0,NA,86.94478,-1.042072,5.400801,2094.848803,115.971662,09:45:00,5.84142,-2.27787,5.63567,-28.14824,9.50823,-16.96115,2.5191,1.3623,79.27147,-6.253034,2.38834,0.441662,NA,NA,NA,NA,NA,NA,NA,NA,NA,NA,NA,10.22898,5.46658,1.82894,50,5.73444,-11.18484,-125.73578,-3.2554,16.33842,26.03026,-23.44246,ORL_FIR,YAR_RED,CCBLOrleans,Cape Cod Baseball League,CCBL,20250730-CCBLOrleans-1,2e627ad0-6da6-11f0-ac87-592c80d714ae,85.34202,NA,NA,7.67332,NA,NA,NA,NA,NA,NA,e90f2670-dfbc-4d51-82ba-0d5a03d444c7,2025-07-31,00:34:55,2025-07-31T00:34:55Z,2025-07-31T00:34:55Z,NA,v3,6102,6104,NA,"McAndrews, Thomas",836274,Right,YAR_RED,015c8c62-0fd7-4e26-8f4e-dd90cd4e31a4,54.86415,-126.73877,13.01513,5.84247,-2.35212,-11.72123,2.27204,-11.81439,8.16921,NA,NA,NA,NA,NA,NA,NA,NA,NA,NA,NA,NA,NA,NA,NA,NA,NA,NA,NA,NA,NA,NA,NA,NA,NA,NA,NA,NA,NA,NA,NA,NA,NA,NA,NA,NA,NA,NA,NA,NA,NA,NA,NA,NA,NA,NA,NA,NA,NA,NA,High,High,High,NA,NA,NA,NA,NA,NA,NA,NA,NA,NA,NA,NA,NA,NA,NA,NA,NA,NA,NA,NA,NA,NA,NA,NA,NA,NA,NA,NA,NA,NA,NA,NA,NA,NA,NA,NA,NA,NA,NA,NA,NA,NA,NA,NA,NA,NA,NA,NA,NA,NA,NA,NA,NA,NA,NA,NA,NA,NA
NA,NA,NA,NA,NA,NA,NA,NA,NA,NA,NA,NA,NA,NA,NA,NA,186,2025-07-30,20:35:10,1,4,"Downs, Chris",835223,Left,YAR_RED,"Crossland, Michael",835210,Right,ORL_FIR,Undefined,8,Bottom,0,2,1,ChangeUp,Changeup,FoulBallNotFieldable,Undefined,Undefined,Undefined,0,0,NA,78.76628,-0.416714,4.583216,1456.452974,81.133314,08:45:00,5.63867,-2.51265,5.46249,-46.422110000000004,-0.67327,-13.1632,1.37888,0.6893,72.77912,-8.846465,2.24501,0.486812,80.44489,0.410775,-61.599615,5698.420704,NA,NA,NA,48.99883,48.87802,-61.532055,0.406854,7.93843,0.08654,2.11799,50,5.56947,-8.65308,-114.14286,-2.3835,10.52147,20.09948,-32.05938,ORL_FIR,YAR_RED,CCBLOrleans,Cape Cod Baseball League,CCBL,20250730-CCBLOrleans-1,37a1e180-6da6-11f0-ac87-592c80d714ae,77.42706,1.98784,NA,5.98716,NA,NA,NA,3.55802,1.97531,-1.07117,e90f2670-dfbc-4d51-82ba-0d5a03d444c7,2025-07-31,00:35:10,2025-07-31T00:35:10Z,2025-07-31T00:35:10Z,GroundBall,v3,6102,6104,NA,"McAndrews, Thomas",836274,Right,YAR_RED,0bdc3c49-f35c-496b-b48f-58789afd3b63,55.03911,-115.02678,10.04974,5.64328,-0.97363,-16.02969,2.5087,-9.11579,5.26074,NA,3.56434,55.91016,-17.89173,NA,NA,NA,NA,NA,NA,1.97694,0.79293,-13.90201,NA,NA,NA,NA,NA,NA,-1.06707,-103.91745,1.62058,NA,NA,NA,NA,NA,NA,NA,NA,NA,NA,NA,NA,NA,NA,NA,NA,NA,NA,NA,NA,NA,NA,NA,NA,NA,NA,NA,NA,High,High,High,High,High,NA,NA,NA,NA,NA,NA,NA,NA,NA,NA,NA,NA,NA,NA,NA,NA,NA,NA,NA,NA,NA,NA,NA,NA,NA,NA,NA,NA,NA,NA,NA,NA,NA,NA,NA,NA,NA,NA,NA,NA,NA,NA,NA,NA,NA,NA,NA,NA,NA,NA,NA,NA,NA,NA,NA,NA
NA,NA,NA,NA,NA,NA,NA,NA,NA,NA,NA,NA,NA,NA,NA,NA,187,2025-07-30,20:35:33,1,5,"Downs, Chris",835223,Left,YAR_RED,"Crossland, Michael",835210,Right,ORL_FIR,Undefined,8,Bottom,0,2,2,ChangeUp,Changeup,BallCalled,Undefined,Undefined,Undefined,0,0,NA,80.00633,-2.107693,4.88527,1511.343185,83.111299,08:45:00,5.65082,-2.39008,5.37919,-44.81439,-0.42535,-14.15965,-0.06759,1.02061,74.44669,-10.187958,2.372542,0.479523,NA,NA,NA,NA,NA,NA,NA,NA,NA,NA,NA,8.51752,0.54535,1.96274,50,5.42892,-9.37026,-115.86702,-5.80514,11.68124,19.85961,-31.42615,ORL_FIR,YAR_RED,CCBLOrleans,Cape Cod Baseball League,CCBL,20250730-CCBLOrleans-1,4577e750-6da6-11f0-ac87-592c80d714ae,78.60403,NA,NA,5.55964,NA,NA,NA,NA,NA,NA,e90f2670-dfbc-4d51-82ba-0d5a03d444c7,2025-07-31,00:35:33,2025-07-31T00:35:33Z,2025-07-31T00:35:33Z,NA,v3,6102,6104,NA,"McAndrews, Thomas",836274,Right,YAR_RED,62f424ff-3396-4939-a93e-25f7bf471995,55.12369,-116.74192,9.92981,5.65416,-4.42069,-15.71307,2.38687,-9.88486,5.84062,NA,NA,NA,NA,NA,NA,NA,NA,NA,NA,NA,NA,NA,NA,NA,NA,NA,NA,NA,NA,NA,NA,NA,NA,NA,NA,NA,NA,NA,NA,NA,NA,NA,NA,NA,NA,NA,NA,NA,NA,NA,NA,NA,NA,NA,NA,NA,NA,NA,NA,High,High,High,NA,NA,NA,NA,NA,NA,NA,NA,NA,NA,NA,NA,NA,NA,NA,NA,NA,NA,NA,NA,NA,NA,NA,NA,NA,NA,NA,NA,NA,NA,NA,NA,NA,NA,NA,NA,NA,NA,NA,NA,NA,NA,NA,NA,NA,NA,NA,NA,NA,NA,NA,NA,NA,NA,NA,NA,NA,NA
NA,NA,NA,NA,NA,NA,NA,NA,NA,NA,NA,NA,NA,NA,NA,NA,188,2025-07-30,20:35:53,1,6,"Downs, Chris",835223,Left,YAR_RED,"Crossland, Michael",835210,Right,ORL_FIR,Undefined,8,Bottom,0,3,2,ChangeUp,Changeup,BallCalled,Walk,Undefined,Undefined,0,0,NA,79.01411,1.438746,2.562328,1389.761115,72.17107,08:30:00,5.5884,-2.46993,5.58366,-47.85392,-2.94457,-13.13324,2.94577,-1.16994,73.08104,-7.289409,0.218889,0.482325,NA,NA,NA,NA,NA,NA,NA,NA,NA,NA,NA,7.30603,-1.46917,2.25848,50,5.68059,-4.63154,-114.78068,1.27797,9.83399,19.46371,-34.15156,ORL_FIR,YAR_RED,CCBLOrleans,Cape Cod Baseball League,CCBL,20250730-CCBLOrleans-1,5110ce60-6da6-11f0-ac87-592c80d714ae,78.1474,NA,NA,5.93308,NA,NA,NA,NA,NA,NA,e90f2670-dfbc-4d51-82ba-0d5a03d444c7,2025-07-31,00:35:53,2025-07-31T00:35:53Z,2025-07-31T00:35:53Z,NA,v3,6102,6104,NA,"McAndrews, Thomas",836274,Right,YAR_RED,576e1307-34bb-4727-9e87-24e5aa20402a,54.91763,-115.61157,9.73185,5.59491,2.73587,-17.07578,2.46516,-5.05134,4.91699,NA,NA,NA,NA,NA,NA,NA,NA,NA,NA,NA,NA,NA,NA,NA,NA,NA,NA,NA,NA,NA,NA,NA,NA,NA,NA,NA,NA,NA,NA,NA,NA,NA,NA,NA,NA,NA,NA,NA,NA,NA,NA,NA,NA,NA,NA,NA,NA,NA,NA,High,High,High,NA,NA,NA,NA,NA,NA,NA,NA,NA,NA,NA,NA,NA,NA,NA,NA,NA,NA,NA,NA,NA,NA,NA,NA,NA,NA,NA,NA,NA,NA,NA,NA,NA,NA,NA,NA,NA,NA,NA,NA,NA,NA,NA,NA,NA,NA,NA,NA,NA,NA,NA,NA,NA,NA,NA,NA,NA,NA
NA,NA,NA,NA,NA,NA,NA,NA,NA,NA,NA,NA,NA,NA,NA,NA,189,2025-07-30,20:36:47,2,1,"Downs, Chris",835223,Left,YAR_RED,"Kucherak, Ryan",807725,Right,ORL_FIR,Undefined,8,Bottom,0,0,0,ChangeUp,Changeup,InPlay,Undefined,GroundBall,Out,1,0,NA,78.69048,0.6267,2.694344,1328.948614,90.031592,09:00:00,5.6642,-2.34935,5.44925,-44.32833,1.36673,-7.0678,2.55756,-0.41404,72.56341,-7.459072,1.436698,0.486526,27.06383,7.699718,41.746146,1385.616144,NA,NA,NA,27.92067,27.5463,38.496502,0.657399,4.3126,0.86547,2.11655,50,5.68863,-5.10658,-114.23667,-0.22677,5.72494,20.14412,-31.02513,ORL_FIR,YAR_RED,CCBLOrleans,Cape Cod Baseball League,CCBL,20250730-CCBLOrleans-1,71396170-6da6-11f0-ac87-592c80d714ae,77.47261,3.26215,NA,6.12707,NA,NA,NA,3.3031,2.77964,0.45207,e90f2670-dfbc-4d51-82ba-0d5a03d444c7,2025-07-31,00:36:47,2025-07-31T00:36:47Z,2025-07-31T00:36:47Z,GroundBall,v3,6102,6104,NA,"McAndrews, Thomas",836274,Right,YAR_RED,13589d8b-4da7-4818-9ee2-9e0453e98032,55.05124,-115.12394,10.07206,5.66852,1.13977,-15.51257,2.34703,-5.35874,2.86247,206.050655,3.3031,29.34833,-1.79813,0.17299,-0.26151,0.74179,-1.17825,1.0047,-0.35469,2.77964,5.31828,-14.7074,0.27891,0.15898,-0.66929,1.06391,-0.90657,0.31996,0.45207,26.19087,-0.77167,0.18944,-0.15513,0.44312,-0.71982,0.61559,-0.21742,NA,NA,NA,NA,NA,NA,NA,NA,NA,NA,NA,NA,NA,NA,NA,NA,NA,NA,NA,NA,NA,NA,High,High,High,High,High,NA,NA,NA,NA,NA,NA,NA,NA,NA,NA,NA,NA,NA,NA,NA,NA,NA,NA,NA,NA,NA,NA,NA,NA,NA,NA,NA,NA,NA,NA,NA,NA,NA,NA,NA,NA,NA,NA,NA,NA,NA,NA,NA,NA,NA,NA,NA,NA,NA,NA,NA,NA,NA,NA,NA,NA
NA,NA,NA,NA,NA,NA,NA,NA,NA,NA,NA,NA,NA,NA,NA,NA,190,2025-07-30,20:37:27,3,1,"Downs, Chris",835223,Left,YAR_RED,"Myatt, Tyler",826051,Left,ORL_FIR,Undefined,8,Bottom,1,0,0,ChangeUp,Changeup,StrikeCalled,Undefined,Undefined,Undefined,0,0,NA,78.53105,-0.097417,4.002302,1354.033006,132.515355,10:30:00,5.5487,-2.46051,5.53678,-38.52825,7.46827,-6.58059,2.24674,0.73802,72.14146,-7.166628,2.832674,0.488128,NA,NA,NA,NA,NA,NA,NA,NA,NA,NA,NA,4.39906,4.25481,2.11726,50,5.51475,-7.70366,-113.78276,-1.4405,5.78055,20.41875,-26.58302,ORL_FIR,YAR_RED,CCBLOrleans,Cape Cod Baseball League,CCBL,20250730-CCBLOrleans-1,88e47e40-6da6-11f0-ac87-592c80d714ae,77.21833,NA,NA,6.38959,NA,NA,NA,NA,NA,NA,e90f2670-dfbc-4d51-82ba-0d5a03d444c7,2025-07-31,00:37:27,2025-07-31T00:37:27Z,2025-07-31T00:37:27Z,NA,v3,6102,6104,NA,"McAndrews, Thomas",836274,Right,YAR_RED,ac919885-548a-4241-8d55-4b3b9f08074e,54.96024,-114.66943,10.20938,5.55224,-0.28614,-13.29151,2.45724,-7.95468,2.89028,NA,NA,NA,NA,NA,NA,NA,NA,NA,NA,NA,NA,NA,NA,NA,NA,NA,NA,NA,NA,NA,NA,NA,NA,NA,NA,NA,NA,NA,NA,NA,NA,NA,NA,NA,NA,NA,NA,NA,NA,NA,NA,NA,NA,NA,NA,NA,NA,NA,NA,High,High,High,NA,NA,NA,NA,NA,NA,NA,NA,NA,NA,NA,NA,NA,NA,NA,NA,NA,NA,NA,NA,NA,NA,NA,NA,NA,NA,NA,NA,NA,NA,NA,NA,NA,NA,NA,NA,NA,NA,NA,NA,NA,NA,NA,NA,NA,NA,NA,NA,NA,NA,NA,NA,NA,NA,NA,NA,NA,NA
NA,NA,NA,NA,NA,NA,NA,NA,NA,NA,NA,NA,NA,NA,NA,NA,191,2025-07-30,20:37:46,3,2,"Downs, Chris",835223,Left,YAR_RED,"Myatt, Tyler",826051,Left,ORL_FIR,Undefined,8,Bottom,1,0,1,Sinker,Sinker,BallCalled,Undefined,Undefined,Undefined,0,0,NA,86.82511,-0.867008,5.960719,2141.216147,122.207,10:00:00,5.81116,-2.24284,5.90585,-25.97057,11.01697,-15.76824,2.83773,1.99607,80.03958,-5.685891,3.151925,0.437723,NA,NA,NA,NA,NA,NA,NA,NA,NA,NA,NA,9.50867,6.1974,1.77142,50,5.72622,-12.46829,-125.62056,-2.75317,15.36979,22.69416,-22.1566,ORL_FIR,YAR_RED,CCBLOrleans,Cape Cod Baseball League,CCBL,20250730-CCBLOrleans-1,947d3e40-6da6-11f0-ac87-592c80d714ae,86.11032,NA,NA,6.78553,NA,NA,NA,NA,NA,NA,e90f2670-dfbc-4d51-82ba-0d5a03d444c7,2025-07-31,00:37:46,2025-07-31T00:37:46Z,2025-07-31T00:37:46Z,NA,v3,6102,6104,NA,"McAndrews, Thomas",836274,Right,YAR_RED,f6143f3f-3732-4c28-9ef2-b49247875c41,54.59324,-126.44764,11.34708,5.81184,-1.94569,-11.0783,2.23602,-13.02843,7.6849,NA,NA,NA,NA,NA,NA,NA,NA,NA,NA,NA,NA,NA,NA,NA,NA,NA,NA,NA,NA,NA,NA,NA,NA,NA,NA,NA,NA,NA,NA,NA,NA,NA,NA,NA,NA,NA,NA,NA,NA,NA,NA,NA,NA,NA,NA,NA,NA,NA,NA,High,High,High,NA,NA,NA,NA,NA,NA,NA,NA,NA,NA,NA,NA,NA,NA,NA,NA,NA,NA,NA,NA,NA,NA,NA,NA,NA,NA,NA,NA,NA,NA,NA,NA,NA,NA,NA,NA,NA,NA,NA,NA,NA,NA,NA,NA,NA,NA,NA,NA,NA,NA,NA,NA,NA,NA,NA,NA,NA,NA
NA,NA,NA,NA,NA,NA,NA,NA,NA,NA,NA,NA,NA,NA,NA,NA,192,2025-07-30,20:38:06,3,3,"Downs, Chris",835223,Left,YAR_RED,"Myatt, Tyler",826051,Left,ORL_FIR,Undefined,8,Bottom,1,1,1,ChangeUp,Changeup,BallCalled,Undefined,Undefined,Undefined,0,0,NA,81.25369,-2.807842,5.46181,1514.757141,85.748029,08:45:00,5.56787,-2.54889,5.72324,-42.34616,0.23126,-13.40887,-0.59026,1.43637,75.67433,-10.477279,3.070591,0.469636,NA,NA,NA,NA,NA,NA,NA,NA,NA,NA,NA,8.32,1.09256,2.10042,50,5.30541,-10.74551,-117.55722,-7.18487,11.75248,20.32128,-30.63077,ORL_FIR,YAR_RED,CCBLOrleans,Cape Cod Baseball League,CCBL,20250730-CCBLOrleans-1,a03e1fb0-6da6-11f0-ac87-592c80d714ae,80.25888,NA,NA,5.57936,NA,NA,NA,NA,NA,NA,e90f2670-dfbc-4d51-82ba-0d5a03d444c7,2025-07-31,00:38:06,2025-07-31T00:38:06Z,2025-07-31T00:38:06Z,NA,v3,6102,6104,NA,"McAndrews, Thomas",836274,Right,YAR_RED,5e4affad-1298-4e21-9b1d-0b62aa218782,54.77913,-118.38047,10.16064,5.57134,-5.94396,-15.31538,2.54539,-11.22162,5.87624,NA,NA,NA,NA,NA,NA,NA,NA,NA,NA,NA,NA,NA,NA,NA,NA,NA,NA,NA,NA,NA,NA,NA,NA,NA,NA,NA,NA,NA,NA,NA,NA,NA,NA,NA,NA,NA,NA,NA,NA,NA,NA,NA,NA,NA,NA,NA,NA,NA,NA,High,High,High,NA,NA,NA,NA,NA,NA,NA,NA,NA,NA,NA,NA,NA,NA,NA,NA,NA,NA,NA,NA,NA,NA,NA,NA,NA,NA,NA,NA,NA,NA,NA,NA,NA,NA,NA,NA,NA,NA,NA,NA,NA,NA,NA,NA,NA,NA,NA,NA,NA,NA,NA,NA,NA,NA,NA,NA,NA,NA
NA,NA,NA,NA,NA,NA,NA,NA,NA,NA,NA,NA,NA,NA,NA,NA,193,2025-07-30,20:38:44,3,4,"Downs, Chris",835223,Left,YAR_RED,"Myatt, Tyler",826051,Left,ORL_FIR,Undefined,8,Bottom,1,2,1,ChangeUp,Changeup,InPlay,Undefined,GroundBall,Out,1,0,NA,79.46098,1.202119,3.07893,1377.367879,104.664765,09:30:00,5.6105,-2.33538,5.62289,-40.98057,3.49996,-8.38906,3.31901,-0.15855,73.21885,-6.314563,1.583329,0.480017,78.62684,9.742093,16.807311,1504.865474,NA,NA,NA,114.43079,114.43079,19.217638,1.143278,5.07717,1.82709,2.07837,50,5.68648,-5.8846,-115.33535,1.08576,6.88505,20.09556,-29.69637,ORL_FIR,YAR_RED,CCBLOrleans,Cape Cod Baseball League,CCBL,20250730-CCBLOrleans-1,b6f7feb0-6da6-11f0-ac87-592c80d714ae,78.52316,7.84864,NA,6.24214,NA,NA,NA,1.28327,3.23424,0.12769,e90f2670-dfbc-4d51-82ba-0d5a03d444c7,2025-07-31,00:38:44,2025-07-31T00:38:44Z,2025-07-31T00:38:44Z,GroundBall,v3,6102,6104,NA,"McAndrews, Thomas",836274,Right,YAR_RED,74166490-c407-4eda-b7af-33b159ae5bdb,54.87705,-116.18201,10.04778,5.61438,2.33691,-14.84819,2.3324,-6.17468,3.44252,295.320196,1.28327,108.80112,-16.20664,2.984,-0.63789,0.12418,-0.02606,0.00474,-5e-4,3.23424,19.51356,-21.57818,2.20212,-0.46008,0.09749,-0.01883,0.00348,-3.8e-4,0.12769,32.86414,0.56321,-0.71769,0.23242,-0.06212,0.01427,-0.00274,3e-4,NA,NA,NA,NA,NA,NA,NA,NA,NA,NA,NA,NA,NA,NA,NA,NA,NA,NA,NA,NA,NA,NA,High,High,High,High,High,NA,NA,NA,NA,NA,NA,NA,NA,NA,NA,NA,NA,NA,NA,NA,NA,NA,NA,NA,NA,NA,NA,NA,NA,NA,NA,NA,NA,NA,NA,NA,NA,NA,NA,NA,NA,NA,NA,NA,NA,NA,NA,NA,NA,NA,NA,NA,NA,NA,NA,NA,NA,NA,NA,NA,NA
NA,NA,NA,NA,NA,NA,NA,NA,NA,NA,NA,NA,NA,NA,NA,NA,194,2025-07-30,20:42:08,4,1,"Overbay, Alex",814099,Right,YAR_RED,"Garza, Alejandro",835211,Right,ORL_FIR,Undefined,8,Bottom,2,0,0,Slider,Curveball,BallCalled,Undefined,Undefined,Undefined,0,0,NA,81.21813,-1.099848,-0.392915,2275.316199,74.910783,08:30:00,6.07208,1.22569,5.11919,-46.41294,-2.31185,-14.21209,1.16818,-0.32877,74.10964,-9.496677,-2.914393,0.477965,NA,NA,NA,NA,NA,NA,NA,NA,NA,NA,NA,6.98189,-0.39217,-1.17711,50,5.93253,1.40206,-117.75139,-3.95586,9.67207,25.13948,-32.71729,ORL_FIR,YAR_RED,CCBLOrleans,Cape Cod Baseball League,CCBL,20250730-CCBLOrleans-1,3098c650-6da7-11f0-ac87-592c80d714ae,78.86025,NA,NA,7.10849,NA,NA,NA,NA,NA,NA,e90f2670-dfbc-4d51-82ba-0d5a03d444c7,2025-07-31,00:42:08,2025-07-31T00:42:08Z,2025-07-31T00:42:08Z,NA,v3,6102,6104,NA,"McAndrews, Thomas",836274,Right,YAR_RED,655aecb5-ad1a-4eaa-953f-544d1b63e88d,55.37956,-118.89435,12.56974,6.07857,-2.46837,-16.35865,-1.23085,0.96232,4.83604,NA,NA,NA,NA,NA,NA,NA,NA,NA,NA,NA,NA,NA,NA,NA,NA,NA,NA,NA,NA,NA,NA,NA,NA,NA,NA,NA,NA,NA,NA,NA,NA,NA,NA,NA,NA,NA,NA,NA,NA,NA,NA,NA,NA,NA,NA,NA,NA,NA,NA,High,High,High,NA,NA,NA,NA,NA,NA,NA,NA,NA,NA,NA,NA,NA,NA,NA,NA,NA,NA,NA,NA,NA,NA,NA,NA,NA,NA,NA,NA,NA,NA,NA,NA,NA,NA,NA,NA,NA,NA,NA,NA,NA,NA,NA,NA,NA,NA,NA,NA,NA,NA,NA,NA,NA,NA,NA,NA,NA,NA
NA,NA,NA,NA,NA,NA,NA,NA,NA,NA,NA,NA,NA,NA,NA,NA,195,2025-07-30,20:42:26,4,2,"Overbay, Alex",814099,Right,YAR_RED,"Garza, Alejandro",835211,Right,ORL_FIR,Undefined,8,Bottom,2,1,0,Slider,Curveball,InPlay,Undefined,GroundBall,Out,1,0,NA,80.9759,0.222779,-0.389226,2326.619655,65.264777,08:15:00,6.0721,1.31395,5.1422,-47.27554,-3.17693,-10.06717,2.34224,0.10854,73.9895,-8.350279,-2.174496,0.477951,89.64756,-3.174193,-12.066466,NA,NA,NA,NA,31.656860000000002,31.16056,-11.344926,0.224379,4.93618,-1.28882,-1.26926,50,6.0562,1.21362,-117.48988,-1.25995,6.84153,24.01366,-33.96033,ORL_FIR,YAR_RED,CCBLOrleans,Cape Cod Baseball League,CCBL,20250730-CCBLOrleans-1,3bae73a0-6da7-11f0-ac87-592c80d714ae,78.86249,2.50024,NA,6.9864,NA,NA,NA,2.98736,2.50024,-0.11507,e90f2670-dfbc-4d51-82ba-0d5a03d444c7,2025-07-31,00:42:26,2025-07-31T00:42:26Z,2025-07-31T00:42:26Z,GroundBall,v3,6102,6104,NA,"McAndrews, Thomas",836274,Right,YAR_RED,9d2bfe46-c216-4404-9235-8cdea89d0530,55.35739,-118.57982,12.00683,6.07841,0.28144,-16.98017,-1.3173,0.9031,3.42076,45.559329,2.98835,128.32202,-14.77314,NA,NA,NA,NA,NA,NA,2.50102,-7.32632,-17.04035,NA,NA,NA,NA,NA,NA,-0.11504,-27.44601,0.91227,NA,NA,NA,NA,NA,NA,NA,NA,NA,NA,NA,NA,NA,NA,NA,NA,NA,NA,NA,NA,NA,NA,NA,NA,NA,NA,NA,NA,High,High,High,High,High,NA,NA,NA,NA,NA,NA,NA,NA,NA,NA,NA,NA,NA,NA,NA,NA,NA,NA,NA,NA,NA,NA,NA,NA,NA,NA,NA,NA,NA,NA,NA,NA,NA,NA,NA,NA,NA,NA,NA,NA,NA,NA,NA,NA,NA,NA,NA,NA,NA,NA,NA,NA,NA,NA,NA,NA
NA,NA,NA,NA,NA,NA,NA,NA,NA,NA,NA,NA,NA,NA,NA,NA,196,2025-07-30,20:44:54,1,1,"Tryba, Cole",835221,Left,ORL_FIR,"Briseno, Armando",811577,Right,YAR_RED,Undefined,9,Top,0,0,0,Sinker,Sinker,FoulBallNotFieldable,Undefined,Undefined,Undefined,0,0,NA,90.26119,-0.121916,1.54044,1915.966629,128.552718,10:15:00,4.79383,-1.33326,5.73897,-22.91182,11.47729,-13.0745,2.77095,-0.98809,82.63543,-4.398635,-0.799333,0.422067,NA,NA,NA,NA,NA,NA,NA,NA,NA,NA,NA,7.08016,6.19839,1.21322,50,4.76969,-2.95865,-131.12176,-1.05835,12.35328,27.15665,-21.35927,ORL_FIR,YAR_RED,CCBLOrleans,Cape Cod Baseball League,CCBL,20250730-CCBLOrleans-1,935cbda0-6da7-11f0-ac87-592c80d714ae,89.30434,NA,NA,7.62576,NA,NA,NA,NA,NA,NA,e90f2670-dfbc-4d51-82ba-0d5a03d444c7,2025-07-31,00:44:54,2025-07-31T00:44:54Z,2025-07-31T00:44:54Z,NA,v3,6102,6104,NA,"Lavey, Robbie",835215,Right,ORL_FIR,b76217e4-e1fc-4320-a77a-a3e51fa1fc44,54.7594,-132.1038,13.57832,4.79399,-0.28595,-10.67964,1.32829,-3.40537,6.17664,NA,NA,NA,NA,NA,NA,NA,NA,NA,NA,NA,NA,NA,NA,NA,NA,NA,NA,NA,NA,NA,NA,NA,NA,NA,NA,NA,NA,NA,NA,NA,NA,NA,NA,NA,NA,NA,NA,NA,NA,NA,NA,NA,NA,NA,NA,NA,NA,NA,NA,High,High,High,NA,NA,NA,NA,NA,NA,NA,NA,NA,NA,NA,NA,NA,NA,NA,NA,NA,NA,NA,NA,NA,NA,NA,NA,NA,NA,NA,NA,NA,NA,NA,NA,NA,NA,NA,NA,NA,NA,NA,NA,NA,NA,NA,NA,NA,NA,NA,NA,NA,NA,NA,NA,NA,NA,NA,NA,NA,NA
NA,NA,NA,NA,NA,NA,NA,NA,NA,NA,NA,NA,NA,NA,NA,NA,197,2025-07-30,20:45:14,1,2,"Tryba, Cole",835221,Left,ORL_FIR,"Briseno, Armando",811577,Right,YAR_RED,Undefined,9,Top,0,0,1,ChangeUp,Changeup,BallCalled,Undefined,Undefined,Undefined,0,0,NA,81.36093,0.552038,1.223702,1702.158831,76.996729,08:30:00,4.58772,-1.49541,5.39803,-45.13495,-1.69736,-13.84934,1.34391,-1.50263,73.92127,-7.70057,-1.243055,0.474356,NA,NA,NA,NA,NA,NA,NA,NA,NA,NA,NA,7.29622,-0.53154,1.39615,50,4.60562,-1.94051,-117.99564,-0.46962,10.16684,24.8909,-32.91473,ORL_FIR,YAR_RED,CCBLOrleans,Cape Cod Baseball League,CCBL,20250730-CCBLOrleans-1,9f4d61a0-6da7-11f0-ac87-592c80d714ae,79.46026,NA,NA,7.43966,NA,NA,NA,NA,NA,NA,e90f2670-dfbc-4d51-82ba-0d5a03d444c7,2025-07-31,00:45:14,2025-07-31T00:45:14Z,2025-07-31T00:45:14Z,NA,v3,6102,6104,NA,"Lavey, Robbie",835215,Right,ORL_FIR,2ed4bd22-3b08-4468-8f46-5febf23cc8f3,55.09923,-119.06645,12.44545,4.59536,0.94638,-16.45737,1.48904,-2.37789,5.08342,NA,NA,NA,NA,NA,NA,NA,NA,NA,NA,NA,NA,NA,NA,NA,NA,NA,NA,NA,NA,NA,NA,NA,NA,NA,NA,NA,NA,NA,NA,NA,NA,NA,NA,NA,NA,NA,NA,NA,NA,NA,NA,NA,NA,NA,NA,NA,NA,NA,NA,High,High,High,NA,NA,NA,NA,NA,NA,NA,NA,NA,NA,NA,NA,NA,NA,NA,NA,NA,NA,NA,NA,NA,NA,NA,NA,NA,NA,NA,NA,NA,NA,NA,NA,NA,NA,NA,NA,NA,NA,NA,NA,NA,NA,NA,NA,NA,NA,NA,NA,NA,NA,NA,NA,NA,NA,NA,NA,NA,NA
NA,NA,NA,NA,NA,NA,NA,NA,NA,NA,NA,NA,NA,NA,NA,NA,198,2025-07-30,20:45:32,1,3,"Tryba, Cole",835221,Left,ORL_FIR,"Briseno, Armando",811577,Right,YAR_RED,Undefined,9,Top,0,1,1,Cutter,Slider,InPlay,Undefined,GroundBall,Single,0,0,NA,86.3455,-0.92549,2.329638,2372.824167,136.058628,10:30:00,4.98621,-1.14973,5.72908,-29.62395,8.27142,-6.76579,1.65485,0.45727,78.75143,-6.416294,1.119274,0.443062,96.5258,-0.677526,-24.045889,2129.805027,NA,NA,NA,43.32719,41.9901,-25.246635,0.307019,4.16193,4.83181,0.95977,50,4.89074,-4.8207700000000004,-125.28013,-3.02243,6.57791,26.61782,-24.5374,ORL_FIR,YAR_RED,CCBLOrleans,Cape Cod Baseball League,CCBL,20250730-CCBLOrleans-1,aa090810-6da7-11f0-ac87-592c80d714ae,85.0726,2.06742,NA,7.59407,NA,NA,NA,1.39358,2.06742,-0.75781,e90f2670-dfbc-4d51-82ba-0d5a03d444c7,2025-07-31,00:45:32,2025-07-31T00:45:32Z,2025-07-31T00:45:32Z,GroundBall,v3,6102,6104,NA,"Lavey, Robbie",835215,Right,ORL_FIR,e134d505-2ecd-4d26-bcf0-36225caa74e7,54.76952,-126.28942,13.30891,4.98771,-2.09202,-12.2687,1.14729,-5.07019,3.28895,NA,1.39787,129.09061,-19.5918,NA,NA,NA,NA,NA,NA,2.06943,-1.76103,-16.23905,NA,NA,NA,NA,NA,NA,-0.75672,-57.72906,-0.00106,NA,NA,NA,NA,NA,NA,NA,NA,NA,NA,NA,NA,NA,NA,NA,NA,NA,NA,NA,NA,NA,NA,NA,NA,NA,NA,NA,NA,High,High,High,Medium,High,NA,NA,NA,NA,NA,NA,NA,NA,NA,NA,NA,NA,NA,NA,NA,NA,NA,NA,NA,NA,NA,NA,NA,NA,NA,NA,NA,NA,NA,NA,NA,NA,NA,NA,NA,NA,NA,NA,NA,NA,NA,NA,NA,NA,NA,NA,NA,NA,NA,NA,NA,NA,NA,NA,NA,NA
NA,NA,NA,NA,NA,NA,NA,NA,NA,NA,NA,NA,NA,NA,NA,NA,199,2025-07-30,20:46:21,2,1,"Tryba, Cole",835221,Left,ORL_FIR,"Carreras, Yomar",827330,Right,YAR_RED,Undefined,9,Top,0,0,0,Fastball,Sinker,InPlay,Undefined,GroundBall,Out,2,0,NA,91.85917,-1.226979,2.726964,1974.729226,116.607498,10:00:00,4.93903,-1.1627,6.03599,-23.41737,9.50469,-16.90847,1.85,-0.04479,84.08451,-5.604659,-0.314578,0.412967,33.69237,-59.389764,131.340919,NA,NA,NA,NA,2.11661,2.11661,25.610253,0.045803,9.49851,5.54366,0.95904,50,4.83048,-5.64197,-133.3857,-3.64229,17.11968,28.57778,-22.18243,ORL_FIR,YAR_RED,CCBLOrleans,Cape Cod Baseball League,CCBL,20250730-CCBLOrleans-1,c72ee270-6da7-11f0-ac87-592c80d714ae,91.27237,1.97264,NA,7.77466,NA,NA,NA,2.67957,1.97264,0.03865,e90f2670-dfbc-4d51-82ba-0d5a03d444c7,2025-07-31,00:46:21,2025-07-31T00:46:21Z,2025-07-31T00:46:21Z,GroundBall,v3,6102,6104,NA,"Lavey, Robbie",835215,Right,ORL_FIR,5047031d-61e9-49a1-9f30-84215de3326f,54.46357,-134.33861,14.28889,4.93959,-2.90263,-11.09121,1.15668,-6.21282,8.55984,NA,2.68112,-16.83103,NA,NA,NA,NA,NA,NA,NA,1.97661,-43.0681,NA,NA,NA,NA,NA,NA,NA,0.03689,19.13078,NA,NA,NA,NA,NA,NA,NA,NA,NA,NA,NA,NA,NA,NA,NA,NA,NA,NA,NA,NA,NA,NA,NA,NA,NA,NA,NA,NA,NA,High,High,High,Estimated,Estimated,NA,NA,NA,NA,NA,NA,NA,NA,NA,NA,NA,NA,NA,NA,NA,NA,NA,NA,NA,NA,NA,NA,NA,NA,NA,NA,NA,NA,NA,NA,NA,NA,NA,NA,NA,NA,NA,NA,NA,NA,NA,NA,NA,NA,NA,NA,NA,NA,NA,NA,NA,NA,NA,NA,NA,NA
NA,NA,NA,NA,NA,NA,NA,NA,NA,NA,NA,NA,NA,NA,NA,NA,200,2025-07-30,20:46:58,3,1,"Tryba, Cole",835221,Left,ORL_FIR,"Tharnish, Jayce",814421,Right,YAR_RED,Undefined,9,Top,2,0,0,Fastball,Sinker,BallCalled,Undefined,Undefined,Undefined,0,0,NA,91.92061,-0.138777,1.172856,1852.316259,115.884331,09:45:00,4.94534,-1.13603,6.15182,-23.74297,9.14965,-16.61698,2.83852,-1.43698,83.56039,-4.604109,-1.825094,0.412782,NA,NA,NA,NA,NA,NA,NA,NA,NA,NA,NA,8.87721,5.10319,1.05485,50,4.92269,-2.01713,-133.52738,-1.10207,15.92129,30.52495,-23.02147,ORL_FIR,YAR_RED,CCBLOrleans,Cape Cod Baseball League,CCBL,20250730-CCBLOrleans-1,dd69f480-6da7-11f0-ac87-592c80d714ae,91.31319,NA,NA,8.36022,NA,NA,NA,NA,NA,NA,e90f2670-dfbc-4d51-82ba-0d5a03d444c7,2025-07-31,00:46:58,2025-07-31T00:46:58Z,2025-07-31T00:46:58Z,NA,v3,6102,6104,NA,"Lavey, Robbie",835215,Right,ORL_FIR,6d32bf06-4b07-424c-b011-fa931cd21dc9,54.34513,-134.51703,15.26247,4.94633,-0.35569,-11.51074,1.12861,-2.53331,7.96065,NA,NA,NA,NA,NA,NA,NA,NA,NA,NA,NA,NA,NA,NA,NA,NA,NA,NA,NA,NA,NA,NA,NA,NA,NA,NA,NA,NA,NA,NA,NA,NA,NA,NA,NA,NA,NA,NA,NA,NA,NA,NA,NA,NA,NA,NA,NA,NA,NA,NA,High,High,High,NA,NA,NA,NA,NA,NA,NA,NA,NA,NA,NA,NA,NA,NA,NA,NA,NA,NA,NA,NA,NA,NA,NA,NA,NA,NA,NA,NA,NA,NA,NA,NA,NA,NA,NA,NA,NA,NA,NA,NA,NA,NA,NA,NA,NA,NA,NA,NA,NA,NA,NA,NA,NA,NA,NA,NA,NA,NA
NA,NA,NA,NA,NA,NA,NA,NA,NA,NA,NA,NA,NA,NA,NA,NA,201,2025-07-30,20:47:16,3,2,"Tryba, Cole",835221,Left,ORL_FIR,"Tharnish, Jayce",814421,Right,YAR_RED,Undefined,9,Top,2,1,0,Fastball,Sinker,BallCalled,Undefined,Undefined,Undefined,0,0,NA,91.33322,0.802513,2.127992,1847.536445,118.428189,10:00:00,4.80097,-1.3909,5.97146,-23.98446,9.3927600000000009,-15.42485,3.54682,-0.70258,83.35823,-3.688325,-0.642867,0.415812,NA,NA,NA,NA,NA,NA,NA,NA,NA,NA,NA,8.45371,4.92158,1.23064,50,4.85123,-4.25473,-132.63828,1.05085,15.06496,28.28207,-23.40357,ORL_FIR,YAR_RED,CCBLOrleans,Cape Cod Baseball League,CCBL,20250730-CCBLOrleans-1,e7e81cc0-6da7-11f0-ac87-592c80d714ae,90.64789,NA,NA,7.97498,NA,NA,NA,NA,NA,NA,e90f2670-dfbc-4d51-82ba-0d5a03d444c7,2025-07-31,00:47:16,2025-07-31T00:47:16Z,2025-07-31T00:47:16Z,NA,v3,6102,6104,NA,"Lavey, Robbie",835215,Right,ORL_FIR,d4b28bc4-cf38-47d2-b1fb-1f704aa5460f,54.52606,-133.59987,14.14103,4.80198,1.84657,-11.70179,1.38401,-4.76694,7.53248,NA,NA,NA,NA,NA,NA,NA,NA,NA,NA,NA,NA,NA,NA,NA,NA,NA,NA,NA,NA,NA,NA,NA,NA,NA,NA,NA,NA,NA,NA,NA,NA,NA,NA,NA,NA,NA,NA,NA,NA,NA,NA,NA,NA,NA,NA,NA,NA,NA,NA,High,High,High,NA,NA,NA,NA,NA,NA,NA,NA,NA,NA,NA,NA,NA,NA,NA,NA,NA,NA,NA,NA,NA,NA,NA,NA,NA,NA,NA,NA,NA,NA,NA,NA,NA,NA,NA,NA,NA,NA,NA,NA,NA,NA,NA,NA,NA,NA,NA,NA,NA,NA,NA,NA,NA,NA,NA,NA,NA,NA
NA,NA,NA,NA,NA,NA,NA,NA,NA,NA,NA,NA,NA,NA,NA,NA,202,2025-07-30,20:47:40,3,3,"Tryba, Cole",835221,Left,ORL_FIR,"Tharnish, Jayce",814421,Right,YAR_RED,Undefined,9,Top,2,2,0,Cutter,Cutter,BallCalled,Undefined,Undefined,Undefined,0,0,NA,88.69073,-1.936098,3.804617,2287.697141,156.129258,11:15:00,4.93279,-1.17614,5.87682,-25.83982,9.49646,-3.75394,0.97671,2.0497,82.05992,-6.708451,3.132964,0.42784,NA,NA,NA,NA,NA,NA,NA,NA,NA,NA,NA,2.9,5.65469,0.87058,50,4.76082,-8.40575,-128.668,-5.22491,4.90829,24.29462,-22.60339,ORL_FIR,YAR_RED,CCBLOrleans,Cape Cod Baseball League,CCBL,20250730-CCBLOrleans-1,f6b21f80-6da7-11f0-ac87-592c80d714ae,88.09933,NA,NA,6.63081,NA,NA,NA,NA,NA,NA,e90f2670-dfbc-4d51-82ba-0d5a03d444c7,2025-07-31,00:47:40,2025-07-31T00:47:40Z,2025-07-31T00:47:40Z,NA,v3,6102,6104,NA,"Lavey, Robbie",835215,Right,ORL_FIR,0ceb5259-8cc5-492f-8f31-9f679eea9ebd,54.62351,-129.53806,12.14731,4.93345,-4.41543,-11.30169,1.17476,-8.58153,2.45414,NA,NA,NA,NA,NA,NA,NA,NA,NA,NA,NA,NA,NA,NA,NA,NA,NA,NA,NA,NA,NA,NA,NA,NA,NA,NA,NA,NA,NA,NA,NA,NA,NA,NA,NA,NA,NA,NA,NA,NA,NA,NA,NA,NA,NA,NA,NA,NA,NA,NA,High,High,High,NA,NA,NA,NA,NA,NA,NA,NA,NA,NA,NA,NA,NA,NA,NA,NA,NA,NA,NA,NA,NA,NA,NA,NA,NA,NA,NA,NA,NA,NA,NA,NA,NA,NA,NA,NA,NA,NA,NA,NA,NA,NA,NA,NA,NA,NA,NA,NA,NA,NA,NA,NA,NA,NA,NA,NA,NA,NA
NA,NA,NA,NA,NA,NA,NA,NA,NA,NA,NA,NA,NA,NA,NA,NA,203,2025-07-30,20:48:02,3,4,"Tryba, Cole",835221,Left,ORL_FIR,"Tharnish, Jayce",814421,Right,YAR_RED,Undefined,9,Top,2,3,0,Fastball,Sinker,BallCalled,Walk,Undefined,Undefined,0,0,NA,90.74456,0.737461,2.107853,1851.677584,118.422859,10:00:00,4.93229,-1.20026,6.03797,-25.09891,8.67847,-14.05548,3.52405,-0.41897,82.72442,-3.963465,-0.420306,0.418297,NA,NA,NA,NA,NA,NA,NA,NA,NA,NA,NA,7.80859,4.58457,1.04321,50,4.97632,-4.25195,-131.7858,0.86091,13.71016,28.43183,-24.12458,ORL_FIR,YAR_RED,CCBLOrleans,Cape Cod Baseball League,CCBL,20250730-CCBLOrleans-1,036aa760-6da8-11f0-ac87-592c80d714ae,90.10936,NA,NA,8.02013,NA,NA,NA,NA,NA,NA,e90f2670-dfbc-4d51-82ba-0d5a03d444c7,2025-07-31,00:48:02,2025-07-31T00:48:02Z,2025-07-31T00:48:02Z,NA,v3,6102,6104,NA,"Lavey, Robbie",835215,Right,ORL_FIR,99cc1d77-1fec-467b-bbc7-41b966bdc1bb,54.45986,-132.7445,14.21592,4.93358,1.67437,-12.06229,1.19438,-4.71424,6.85508,NA,NA,NA,NA,NA,NA,NA,NA,NA,NA,NA,NA,NA,NA,NA,NA,NA,NA,NA,NA,NA,NA,NA,NA,NA,NA,NA,NA,NA,NA,NA,NA,NA,NA,NA,NA,NA,NA,NA,NA,NA,NA,NA,NA,NA,NA,NA,NA,NA,NA,High,High,High,NA,NA,NA,NA,NA,NA,NA,NA,NA,NA,NA,NA,NA,NA,NA,NA,NA,NA,NA,NA,NA,NA,NA,NA,NA,NA,NA,NA,NA,NA,NA,NA,NA,NA,NA,NA,NA,NA,NA,NA,NA,NA,NA,NA,NA,NA,NA,NA,NA,NA,NA,NA,NA,NA,NA,NA,NA,NA
NA,NA,NA,NA,NA,NA,NA,NA,NA,NA,NA,NA,NA,NA,NA,NA,204,2025-07-30,20:49:19,4,1,"Tryba, Cole",835221,Left,ORL_FIR,"Costello, Nick",801587,Left,YAR_RED,Undefined,9,Top,2,0,0,Fastball,Four-Seam,BallCalled,Undefined,Undefined,Undefined,0,0,NA,91.82777,-2.99659,3.674299,2051.712281,135.012646,10:30:00,4.97253,-1.00608,6.18862,-17.98446,14.7415,-13.73347,0.69888,1.24656,84.45877,-6.389981,1.201043,0.411735,NA,NA,NA,NA,NA,NA,NA,NA,NA,NA,NA,8.13256,8.74536,0.73589,50,4.73688,-7.99469,-133.1533,-7.52859,14.68215,27.09504,-16.38555,ORL_FIR,YAR_RED,CCBLOrleans,Cape Cod Baseball League,CCBL,20250730-CCBLOrleans-1,31c7b3f0-6da8-11f0-ac87-592c80d714ae,91.54543,NA,NA,7.36901,NA,NA,NA,NA,NA,NA,e90f2670-dfbc-4d51-82ba-0d5a03d444c7,2025-07-31,00:49:19,2025-07-31T00:49:19Z,2025-07-31T00:49:19Z,NA,v3,6102,6104,NA,"Lavey, Robbie",835215,Right,ORL_FIR,f5342087-6e3d-40fa-bd33-fc6320883bf5,54.31146,-134.02776,13.54752,4.97132,-6.99976,-8.19278,1.00155,-8.46854,7.34108,NA,NA,NA,NA,NA,NA,NA,NA,NA,NA,NA,NA,NA,NA,NA,NA,NA,NA,NA,NA,NA,NA,NA,NA,NA,NA,NA,NA,NA,NA,NA,NA,NA,NA,NA,NA,NA,NA,NA,NA,NA,NA,NA,NA,NA,NA,NA,NA,NA,NA,High,High,High,NA,NA,NA,NA,NA,NA,NA,NA,NA,NA,NA,NA,NA,NA,NA,NA,NA,NA,NA,NA,NA,NA,NA,NA,NA,NA,NA,NA,NA,NA,NA,NA,NA,NA,NA,NA,NA,NA,NA,NA,NA,NA,NA,NA,NA,NA,NA,NA,NA,NA,NA,NA,NA,NA,NA,NA,NA,NA
NA,NA,NA,NA,NA,NA,NA,NA,NA,NA,NA,NA,NA,NA,NA,NA,205,2025-07-30,20:49:39,4,2,"Tryba, Cole",835221,Left,ORL_FIR,"Costello, Nick",801587,Left,YAR_RED,Undefined,9,Top,2,1,0,Fastball,Sinker,FoulBallNotFieldable,Undefined,Undefined,Undefined,0,0,NA,90.67283,-0.735972,2.096383,1828.986949,125.14186,10:15:00,4.97761,-1.20797,6.07284,-21.63706,12.03886,-15.61969,2.49303,-0.56894,83.02121,-4.803904,-0.716005,0.417668,59.88442,8.896269,-84.898659,4249.182405,NA,NA,NA,119.35739,64.68064,-91.71216,1.486631,8.64819,6.72788,1.054,50,4.90906,-4.17427,-131.74694,-2.38265,15.22174,27.61981,-20.33225,ORL_FIR,YAR_RED,CCBLOrleans,Cape Cod Baseball League,CCBL,20250730-CCBLOrleans-1,3d5d66b0-6da8-11f0-ac87-592c80d714ae,90.24496,6.93925,NA,7.65162,NA,NA,NA,0.07195,2.59319,0.38201,e90f2670-dfbc-4d51-82ba-0d5a03d444c7,2025-07-31,00:49:39,2025-07-31T00:49:39Z,2025-07-31T00:49:39Z,GroundBall,v3,6102,6104,NA,"Lavey, Robbie",835215,Right,ORL_FIR,206c4869-6c0d-4c44-afb4-9d0e7677f725,54.42623,-132.67162,13.80991,4.97743,-1.70195,-10.16613,1.20228,-4.68387,7.61087,NA,0.07193,7.7168,-7.7808,0.27807,0.97793,-1.24696,0.87345,-0.32676,0.05065,2.59321,13.58181,-11.0272,1.01782,-1.04519,1.15562,-0.80551,0.30149,-0.04676,0.38202,-86.43089,4.48452,0.00531,-0.85174,1.04637,-0.73045,0.27319,-0.04235,NA,NA,NA,NA,NA,NA,NA,NA,NA,NA,NA,NA,NA,NA,NA,NA,NA,NA,NA,NA,NA,NA,High,High,High,Medium,Medium,NA,NA,NA,NA,NA,NA,NA,NA,NA,NA,NA,NA,NA,NA,NA,NA,NA,NA,NA,NA,NA,NA,NA,NA,NA,NA,NA,NA,NA,NA,NA,NA,NA,NA,NA,NA,NA,NA,NA,NA,NA,NA,NA,NA,NA,NA,NA,NA,NA,NA,NA,NA,NA,NA,NA,NA
NA,NA,NA,NA,NA,NA,NA,NA,NA,NA,NA,NA,NA,NA,NA,NA,206,2025-07-30,20:50:24,4,3,"Tryba, Cole",835221,Left,ORL_FIR,"Costello, Nick",801587,Left,YAR_RED,Undefined,9,Top,2,1,1,Slider,Slider,StrikeSwinging,Undefined,Undefined,Undefined,0,0,NA,78.62359,1.679658,1.786432,2303.496278,295.434085,03:45:00,4.4617000000000004,-1.64137,5.41151,-49.06074,-3.28414,9.68052,1.94812,0.8395,72.62327,-7.240394,3.507509,0.48696,NA,NA,NA,NA,NA,NA,NA,NA,NA,NA,NA,-4.41359,-1.70488,1.47547,50,4.57661,-3.93887,-114.18349,1.67143,-5.85885,19.9448,-34.4372,ORL_FIR,YAR_RED,CCBLOrleans,Cape Cod Baseball League,CCBL,20250730-CCBLOrleans-1,57f51c20-6da8-11f0-ac87-592c80d714ae,77.40359,NA,NA,6.00031,NA,NA,NA,NA,NA,NA,e90f2670-dfbc-4d51-82ba-0d5a03d444c7,2025-07-31,00:50:24,2025-07-31T00:50:24Z,2025-07-31T00:50:24Z,NA,v3,6102,6104,NA,"Lavey, Robbie",835215,Right,ORL_FIR,2a4c4196-e49c-4a1f-b7e0-e1245a6809cb,55.08914,-115.06899,9.9724,4.46846,3.20036,-17.2186,1.64457,-3.67876,-2.92943,NA,NA,NA,NA,NA,NA,NA,NA,NA,NA,NA,NA,NA,NA,NA,NA,NA,NA,NA,NA,NA,NA,NA,NA,NA,NA,NA,NA,NA,NA,NA,NA,NA,NA,NA,NA,NA,NA,NA,NA,NA,NA,NA,NA,NA,NA,NA,NA,NA,NA,High,High,High,NA,NA,NA,NA,NA,NA,NA,NA,NA,NA,NA,NA,NA,NA,NA,NA,NA,NA,NA,NA,NA,NA,NA,NA,NA,NA,NA,NA,NA,NA,NA,NA,NA,NA,NA,NA,NA,NA,NA,NA,NA,NA,NA,NA,NA,NA,NA,NA,NA,NA,NA,NA,NA,NA,NA,NA,NA,NA
NA,NA,NA,NA,NA,NA,NA,NA,NA,NA,NA,NA,NA,NA,NA,NA,207,2025-07-30,20:50:45,4,4,"Tryba, Cole",835221,Left,ORL_FIR,"Costello, Nick",801587,Left,YAR_RED,Undefined,9,Top,2,1,2,Slider,Slider,BallCalled,Undefined,Undefined,Undefined,0,0,NA,78.12734,2.232424,-0.852866,2366.484568,278.798328,03:15:00,4.43635,-1.68132,5.24691,-47.72695,-1.03866,15.63154,2.55826,-1.18021,71.88017,-6.449956,1.919702,0.49178500000000003,NA,NA,NA,NA,NA,NA,NA,NA,NA,NA,NA,-8.07276,-0.72791,1.74737,50,4.60558,1.07133,-113.43389,2.77595,-10.56587,19.87304,-33.12675,ORL_FIR,YAR_RED,CCBLOrleans,Cape Cod Baseball League,CCBL,20250730-CCBLOrleans-1,64c571c0-6da8-11f0-ac87-592c80d714ae,76.64413,NA,NA,6.24716,NA,NA,NA,NA,NA,NA,e90f2670-dfbc-4d51-82ba-0d5a03d444c7,2025-07-31,00:50:45,2025-07-31T00:50:45Z,2025-07-31T00:50:45Z,NA,v3,6102,6104,NA,"Lavey, Robbie",835215,Right,ORL_FIR,19d40e99-fc18-4917-865a-f100f68a20a1,55.25392,-114.35065,9.93652,4.44228,4.30411,-16.56338,1.68671,1.55874,-5.28294,NA,NA,NA,NA,NA,NA,NA,NA,NA,NA,NA,NA,NA,NA,NA,NA,NA,NA,NA,NA,NA,NA,NA,NA,NA,NA,NA,NA,NA,NA,NA,NA,NA,NA,NA,NA,NA,NA,NA,NA,NA,NA,NA,NA,NA,NA,NA,NA,NA,NA,High,High,High,NA,NA,NA,NA,NA,NA,NA,NA,NA,NA,NA,NA,NA,NA,NA,NA,NA,NA,NA,NA,NA,NA,NA,NA,NA,NA,NA,NA,NA,NA,NA,NA,NA,NA,NA,NA,NA,NA,NA,NA,NA,NA,NA,NA,NA,NA,NA,NA,NA,NA,NA,NA,NA,NA,NA,NA,NA,NA
NA,NA,NA,NA,NA,NA,NA,NA,NA,NA,NA,NA,NA,NA,NA,NA,208,2025-07-30,20:51:41,4,5,"Tryba, Cole",835221,Left,ORL_FIR,"Costello, Nick",801587,Left,YAR_RED,Undefined,9,Top,2,2,2,Slider,Slider,BallCalled,Undefined,Undefined,Undefined,0,0,NA,78.3618,1.321299,3.308899,2193.051916,272.380816,03:00:00,4.37014,-1.72356,5.54075,-45.01518,0.66524,13.08792,1.85604,2.46303,72.90761,-6.866467,5.633551,0.486448,NA,NA,NA,NA,NA,NA,NA,NA,NA,NA,NA,-5.79414,0.43177,1.42778,50,4.45495,-7.08147,-113.7611,1.13187,-7.68555,18.48819,-31.60133,ORL_FIR,YAR_RED,CCBLOrleans,Cape Cod Baseball League,CCBL,20250730-CCBLOrleans-1,85fb0800-6da8-11f0-ac87-592c80d714ae,77.48502,NA,NA,5.45419,NA,NA,NA,NA,NA,NA,e90f2670-dfbc-4d51-82ba-0d5a03d444c7,2025-07-31,00:51:41,2025-07-31T00:51:41Z,2025-07-31T00:51:41Z,NA,v3,6102,6104,NA,"Lavey, Robbie",835215,Right,ORL_FIR,5b4882a9-1b82-4223-824d-e497889af7e2,54.9594,-114.56426,9.24409,4.37596,2.50468,-15.80067,1.72816,-6.7476,-3.84278,NA,NA,NA,NA,NA,NA,NA,NA,NA,NA,NA,NA,NA,NA,NA,NA,NA,NA,NA,NA,NA,NA,NA,NA,NA,NA,NA,NA,NA,NA,NA,NA,NA,NA,NA,NA,NA,NA,NA,NA,NA,NA,NA,NA,NA,NA,NA,NA,NA,NA,High,High,High,NA,NA,NA,NA,NA,NA,NA,NA,NA,NA,NA,NA,NA,NA,NA,NA,NA,NA,NA,NA,NA,NA,NA,NA,NA,NA,NA,NA,NA,NA,NA,NA,NA,NA,NA,NA,NA,NA,NA,NA,NA,NA,NA,NA,NA,NA,NA,NA,NA,NA,NA,NA,NA,NA,NA,NA,NA,NA
NA,NA,NA,NA,NA,NA,NA,NA,NA,NA,NA,NA,NA,NA,NA,NA,209,2025-07-30,20:52:02,4,6,"Tryba, Cole",835221,Left,ORL_FIR,"Costello, Nick",801587,Left,YAR_RED,Undefined,9,Top,2,3,2,Fastball,Sinker,FoulBallNotFieldable,Undefined,Undefined,Undefined,0,0,NA,92.10361,-0.227465,1.922747,1799.018984,115.154747,09:45:00,4.94946,-1.13846,6.07511,-24.18151,8.18201,-15.47458,2.72375,-0.64828,85.00005,-4.732487,-0.864135,0.409449,47.00929,44.515601,-74.074283,5526.647041,NA,NA,NA,116.07653,97.6405,-80.018519,2.958288,8.49178,4.56083,0.99797,50,4.91886,-3.85215,-133.96626,-1.35064,15.58424,26.27068,-23.80392,ORL_FIR,YAR_RED,CCBLOrleans,Cape Cod Baseball League,CCBL,20250730-CCBLOrleans-1,93055960-6da8-11f0-ac87-592c80d714ae,92.05658,35.65342,NA,7.10356,NA,NA,NA,0.54613,2.65105,0.66176,e90f2670-dfbc-4d51-82ba-0d5a03d444c7,2025-07-31,00:52:02,2025-07-31T00:52:02Z,2025-07-31T00:52:02Z,Popup,v3,6102,6104,NA,"Lavey, Robbie",835215,Right,ORL_FIR,d76f56ec-3900-4a83-912b-2e82901def43,54.42525,-134.83125,13.13534,4.95043,-0.56687,-11.90196,1.13325,-4.36528,7.79212,NA,0.54621,13.48742,-4.26262,1.0837,-0.28908,0.1497,-0.07636,0.02018,-0.00199,2.65119,48.33225,-19.0931,1.16312,0.02936,-0.21027,0.10643,-0.02278,0.0018,0.66179,-47.27849,4.7735900000000004,-1.09698,0.34084,-0.18977,0.09036,-0.02273,0.0022,NA,NA,NA,NA,NA,NA,NA,NA,NA,NA,NA,NA,NA,NA,NA,NA,NA,NA,NA,NA,NA,NA,High,High,High,High,Medium,NA,NA,NA,NA,NA,NA,NA,NA,NA,NA,NA,NA,NA,NA,NA,NA,NA,NA,NA,NA,NA,NA,NA,NA,NA,NA,NA,NA,NA,NA,NA,NA,NA,NA,NA,NA,NA,NA,NA,NA,NA,NA,NA,NA,NA,NA,NA,NA,NA,NA,NA,NA,NA,NA,NA,NA
NA,NA,NA,NA,NA,NA,NA,NA,NA,NA,NA,NA,NA,NA,NA,NA,210,2025-07-30,20:52:55,4,7,"Tryba, Cole",835221,Left,ORL_FIR,"Costello, Nick",801587,Left,YAR_RED,Undefined,9,Top,2,3,2,Fastball,Sinker,StrikeCalled,Strikeout,Undefined,Undefined,0,0,NA,91.88881,-1.280995,3.101647,1974.871507,132.003511,10:30:00,4.88767,-1.13044,5.98853,-18.558,14.29241,-14.76292,2.15203,0.51668,84.32597,-4.779349,0.451148,0.412517,NA,NA,NA,NA,NA,NA,NA,NA,NA,NA,NA,8.37941,7.9841,0.89364,50,4.77617,-6.59222,-133.39602,-3.57161,15.18158,27.2201,-17.7087,ORL_FIR,YAR_RED,CCBLOrleans,Cape Cod Baseball League,CCBL,20250730-CCBLOrleans-1,b1eae520-6da8-11f0-ac87-592c80d714ae,91.37189,NA,NA,7.56284,NA,NA,NA,NA,NA,NA,e90f2670-dfbc-4d51-82ba-0d5a03d444c7,2025-07-31,00:52:55,2025-07-31T00:52:55Z,2025-07-31T00:52:55Z,NA,v3,6102,6104,NA,"Lavey, Robbie",835215,Right,ORL_FIR,9f1cd5dc-196d-4d88-af4b-42f1e55dc1bf,54.50997,-134.31315,13.61005,4.88646,-2.97496,-8.85435,1.12437,-7.10373,7.59079,NA,NA,NA,NA,NA,NA,NA,NA,NA,NA,NA,NA,NA,NA,NA,NA,NA,NA,NA,NA,NA,NA,NA,NA,NA,NA,NA,NA,NA,NA,NA,NA,NA,NA,NA,NA,NA,NA,NA,NA,NA,NA,NA,NA,NA,NA,NA,NA,NA,NA,High,High,High,NA,NA,NA,NA,NA,NA,NA,NA,NA,NA,NA,NA,NA,NA,NA,NA,NA,NA,NA,NA,NA,NA,NA,NA,NA,NA,NA,NA,NA,NA,NA,NA,NA,NA,NA,NA,NA,NA,NA,NA,NA,NA,NA,NA,NA,NA,NA,NA,NA,NA,NA,NA,NA,NA,NA,NA,NA,NA
NA,NA,NA,NA,NA,NA,NA,NA,NA,NA,NA,NA,NA,NA,NA,NA,211,2025-07-30,20:55:18,1,1,"Overbay, Alex",814099,Right,YAR_RED,"Lavey, Robbie",835215,Left,ORL_FIR,Undefined,9,Bottom,0,0,0,Slider,Slider,StrikeCalled,Undefined,Undefined,Undefined,0,0,NA,81.95393,0.857699,-0.603437,2362.242764,86.172217,08:45:00,6.06123,1.56751,5.0795,-42.43176,0.5513,-12.2365,3.33387,-0.02105,74.9762,-6.85243,-2.768092,0.471867,NA,NA,NA,NA,NA,NA,NA,NA,NA,NA,NA,5.8863,0.46161,-1.50035,50,6.10914,1.7799,-118.90314,0.20812,8.40158,23.43917,-31.51516,ORL_FIR,YAR_RED,CCBLOrleans,Cape Cod Baseball League,CCBL,20250730-CCBLOrleans-1,079f33e0-6da9-11f0-ac87-592c80d714ae,79.8793,NA,NA,6.97773,NA,NA,NA,NA,NA,NA,e90f2670-dfbc-4d51-82ba-0d5a03d444c7,2025-07-31,00:55:18,2025-07-31T00:55:18Z,2025-07-31T00:55:18Z,NA,v3,6102,6104,NA,"McAndrews, Thomas",836274,Right,YAR_RED,ed16cef0-1903-42e5-9717-639c24828b04,55.41848,-119.96652,11.71958,6.06727,1.63789,-15.75758,-1.57245,1.39874,4.20079,NA,NA,NA,NA,NA,NA,NA,NA,NA,NA,NA,NA,NA,NA,NA,NA,NA,NA,NA,NA,NA,NA,NA,NA,NA,NA,NA,NA,NA,NA,NA,NA,NA,NA,NA,NA,NA,NA,NA,NA,NA,NA,NA,NA,NA,NA,NA,NA,NA,NA,High,High,High,NA,NA,NA,NA,NA,NA,NA,NA,NA,NA,NA,NA,NA,NA,NA,NA,NA,NA,NA,NA,NA,NA,NA,NA,NA,NA,NA,NA,NA,NA,NA,NA,NA,NA,NA,NA,NA,NA,NA,NA,NA,NA,NA,NA,NA,NA,NA,NA,NA,NA,NA,NA,NA,NA,NA,NA,NA,NA
NA,NA,NA,NA,NA,NA,NA,NA,NA,NA,NA,NA,NA,NA,NA,NA,212,2025-07-30,20:55:34,1,2,"Overbay, Alex",814099,Right,YAR_RED,"Lavey, Robbie",835215,Left,ORL_FIR,Undefined,9,Bottom,0,0,1,Slider,Curveball,BallCalled,Undefined,Undefined,Undefined,0,0,NA,83.62143,-3.20945,-0.850681,2428.170342,77.6336,08:30:00,5.9582,1.65888,5.36566,-43.69538,-2.09756,-16.43859,-0.69591,-0.5087,76.1764,-11.10195,-3.784514,0.464202,NA,NA,NA,NA,NA,NA,NA,NA,NA,NA,NA,8.16099,0.29354,-1.56998,50,5.63853,2.45722,-121.06473,-8.34515,11.85349,28.33906,-31.74769,ORL_FIR,YAR_RED,CCBLOrleans,Cape Cod Baseball League,CCBL,20250730-CCBLOrleans-1,10c45bd0-6da9-11f0-ac87-592c80d714ae,81.19842,NA,NA,7.44503,NA,NA,NA,NA,NA,NA,e90f2670-dfbc-4d51-82ba-0d5a03d444c7,2025-07-31,00:55:34,2025-07-31T00:55:34Z,2025-07-31T00:55:34Z,NA,v3,6102,6104,NA,"McAndrews, Thomas",836274,Right,YAR_RED,f3b74609-3a40-4a4e-8b0e-feeeb1bb016a,55.13478,-122.26077,14.16953,5.96246,-7.00524,-15.87385,-1.66313,1.95695,5.92675,NA,NA,NA,NA,NA,NA,NA,NA,NA,NA,NA,NA,NA,NA,NA,NA,NA,NA,NA,NA,NA,NA,NA,NA,NA,NA,NA,NA,NA,NA,NA,NA,NA,NA,NA,NA,NA,NA,NA,NA,NA,NA,NA,NA,NA,NA,NA,NA,NA,NA,High,High,High,NA,NA,NA,NA,NA,NA,NA,NA,NA,NA,NA,NA,NA,NA,NA,NA,NA,NA,NA,NA,NA,NA,NA,NA,NA,NA,NA,NA,NA,NA,NA,NA,NA,NA,NA,NA,NA,NA,NA,NA,NA,NA,NA,NA,NA,NA,NA,NA,NA,NA,NA,NA,NA,NA,NA,NA,NA,NA
NA,NA,NA,NA,NA,NA,NA,NA,NA,NA,NA,NA,NA,NA,NA,NA,213,2025-07-30,20:55:57,1,3,"Overbay, Alex",814099,Right,YAR_RED,"Lavey, Robbie",835215,Left,ORL_FIR,Undefined,9,Bottom,0,1,1,Slider,Curveball,InPlay,Undefined,GroundBall,Single,0,0,NA,80.71359,0.627331,-0.61789,2403.43533,43.758508,07:30:00,5.9339,1.77028,5.15064,-51.90633,-7.77827,-8.77052,2.19901,0.4577,74.20638,-8.749206,-2.174172,0.478111,102.3423,-1.914745,4.776889,1435.998563,NA,NA,NA,32.32693,31.77775,3.790083,0.211937,4.22296,-3.71173,-1.70539,50,5.95209,1.62375,-117.19549,-0.61979,5.85675,22.72848,-37.32178,ORL_FIR,YAR_RED,CCBLOrleans,Cape Cod Baseball League,CCBL,20250730-CCBLOrleans-1,1ea3b070-6da9-11f0-ac87-592c80d714ae,78.83617,2.19671,NA,6.50721,NA,NA,NA,1.60457,2.19671,-0.38453,e90f2670-dfbc-4d51-82ba-0d5a03d444c7,2025-07-31,00:55:57,2025-07-31T00:55:57Z,2025-07-31T00:55:57Z,GroundBall,v3,6102,6104,NA,"McAndrews, Thomas",836274,Right,YAR_RED,133097b4-d3b4-45b8-a06b-3f8e97c9d521,55.35038,-118.22857,11.36424,5.94171,1.0766,-18.66089,-1.77315,1.35754,2.92838,4.958142,1.60599,149.4078,-22.6252,NA,NA,NA,NA,NA,NA,2.19862,-5.13526,-24.76262,NA,NA,NA,NA,NA,NA,-0.3843,12.47836,-2.75405,NA,NA,NA,NA,NA,NA,NA,NA,NA,NA,NA,NA,NA,NA,NA,NA,NA,NA,NA,NA,NA,NA,NA,NA,NA,NA,NA,NA,High,High,High,High,High,NA,NA,NA,NA,NA,NA,NA,NA,NA,NA,NA,NA,NA,NA,NA,NA,NA,NA,NA,NA,NA,NA,NA,NA,NA,NA,NA,NA,NA,NA,NA,NA,NA,NA,NA,NA,NA,NA,NA,NA,NA,NA,NA,NA,NA,NA,NA,NA,NA,NA,NA,NA,NA,NA,NA,NA
NA,NA,NA,NA,NA,NA,NA,NA,NA,NA,NA,NA,NA,NA,NA,NA,214,2025-07-30,20:56:49,2,1,"Overbay, Alex",814099,Right,YAR_RED,"Ickes, Elijah",815314,Right,ORL_FIR,Undefined,9,Bottom,0,0,0,Fastball,Four-Seam,FoulBallNotFieldable,Undefined,Undefined,Undefined,0,0,NA,93.3638,-4.534406,0.019903,2256.49229,175.669417,11:45:00,7.02595,0.67753,5.20692,4.92611,38.51215,-2.81721,3.16327,0.46148,83.6116,-3.884874,-0.478549,0.41711,70.39781,-37.202364,-66.192335,NA,NA,NA,NA,5.73395,3.07532,-48.283255,0.050696,1.41787,21.11891,-0.6771,50,6.61128,0.08873,-134.89901,-10.22976,2.56807,34.02243,6.07706,ORL_FIR,YAR_RED,CCBLOrleans,Cape Cod Baseball League,CCBL,20250730-CCBLOrleans-1,3dba3740-6da9-11f0-ac87-592c80d714ae,90.36569,3.1794,NA,9.7522,NA,NA,NA,2.12495,3.1794,-0.44813,e90f2670-dfbc-4d51-82ba-0d5a03d444c7,2025-07-31,00:56:49,2025-07-31T00:56:49Z,2025-07-31T00:56:49Z,GroundBall,v3,6102,6104,NA,"McAndrews, Thomas",836274,Right,YAR_RED,0ff5ea97-7bfb-4c21-84b6-51841a31e999,55.29048,-136.22677,17.01122,7.01513,-10.46692,3.03853,-0.67861,-0.0115,1.28404,NA,2.1237,33.34973,NA,NA,NA,NA,NA,NA,NA,3.18174,-62.71493,NA,NA,NA,NA,NA,NA,NA,-0.44531,-75.58657,NA,NA,NA,NA,NA,NA,NA,NA,NA,NA,NA,NA,NA,NA,NA,NA,NA,NA,NA,NA,NA,NA,NA,NA,NA,NA,NA,NA,NA,Medium,High,Medium,Low,Low,NA,NA,NA,NA,NA,NA,NA,NA,NA,NA,NA,NA,NA,NA,NA,NA,NA,NA,NA,NA,NA,NA,NA,NA,NA,NA,NA,NA,NA,NA,NA,NA,NA,NA,NA,NA,NA,NA,NA,NA,NA,NA,NA,NA,NA,NA,NA,NA,NA,NA,NA,NA,NA,NA,NA,NA
NA,NA,NA,NA,NA,NA,NA,NA,NA,NA,NA,NA,NA,NA,NA,NA,215,2025-07-30,20:57:19,2,2,"Overbay, Alex",814099,Right,YAR_RED,"Ickes, Elijah",815314,Right,ORL_FIR,Undefined,9,Bottom,0,0,1,Slider,Slider,BallCalled,Undefined,Undefined,Undefined,0,0,NA,81.27075,1.733032,-0.27561,2261.518657,77.565655,08:30:00,6.07048,1.21831,5.17426,-43.94746,-0.24567,-7.63284,4.03949,0.32289,73.99478,-6.281487,-1.62784,0.475796,NA,NA,NA,NA,NA,NA,NA,NA,NA,NA,NA,3.70918,-0.18587,-1.18663,50,6.19843,0.89118,-117.84973,1.96839,5.18548,23.63835,-32.43387,ORL_FIR,YAR_RED,CCBLOrleans,Cape Cod Baseball League,CCBL,20250730-CCBLOrleans-1,4fab4390-6da9-11f0-ac87-592c80d714ae,79.21973,NA,NA,7.27598,NA,NA,NA,NA,NA,NA,e90f2670-dfbc-4d51-82ba-0d5a03d444c7,2025-07-31,00:57:19,2025-07-31T00:57:19Z,2025-07-31T00:57:19Z,NA,v3,6102,6104,NA,"McAndrews, Thomas",836274,Right,YAR_RED,427fa573-4629-41f2-b671-6e823a560a05,55.32314,-118.91266,11.81918,6.07712,3.42682,-16.21693,-1.22146,0.65801,2.59274,NA,NA,NA,NA,NA,NA,NA,NA,NA,NA,NA,NA,NA,NA,NA,NA,NA,NA,NA,NA,NA,NA,NA,NA,NA,NA,NA,NA,NA,NA,NA,NA,NA,NA,NA,NA,NA,NA,NA,NA,NA,NA,NA,NA,NA,NA,NA,NA,NA,NA,High,High,High,NA,NA,NA,NA,NA,NA,NA,NA,NA,NA,NA,NA,NA,NA,NA,NA,NA,NA,NA,NA,NA,NA,NA,NA,NA,NA,NA,NA,NA,NA,NA,NA,NA,NA,NA,NA,NA,NA,NA,NA,NA,NA,NA,NA,NA,NA,NA,NA,NA,NA,NA,NA,NA,NA,NA,NA,NA,NA
NA,NA,NA,NA,NA,NA,NA,NA,NA,NA,NA,NA,NA,NA,NA,NA,216,2025-07-30,20:57:59,2,3,"Overbay, Alex",814099,Right,YAR_RED,"Ickes, Elijah",815314,Right,ORL_FIR,Undefined,9,Bottom,0,1,1,Slider,Slider,FoulBallNotFieldable,Undefined,Undefined,Undefined,0,0,NA,81.77879,0.154903,0.324921,2365.773977,57.389129,08:00:00,6.13054,1.43741,5.28903,-46.40404,-3.43654,-7.58839,2.409,1.11015,74.7317,-8.283207,-1.024717,0.471782,89.19071,2.065293,-55.239774,4850.606897,NA,NA,NA,60.13111,59.10014,-56.108111,0.472813,3.92331,-1.40764,-1.46114,50,6.11044,-0.36128,-118.68871,-1.35168,5.55296,24.36487,-34.16637,ORL_FIR,YAR_RED,CCBLOrleans,Cape Cod Baseball League,CCBL,20250730-CCBLOrleans-1,6791e2c0-6da9-11f0-ac87-592c80d714ae,79.89375,2.91274,NA,7.04709,NA,NA,NA,2.47488,2.67339,-1.29015,e90f2670-dfbc-4d51-82ba-0d5a03d444c7,2025-07-31,00:57:59,2025-07-31T00:57:59Z,2025-07-31T00:57:59Z,GroundBall,v3,6102,6104,NA,"McAndrews, Thomas",836274,Right,YAR_RED,71502269-8b0f-4fb2-8470-28597c256164,55.21042,-119.75355,12.18244,6.13689,0.14152,-17.08319,-1.44005,-0.60397,2.77648,NA,2.49191,74.04933,-17.84238,NA,NA,NA,NA,NA,NA,2.68827,4.29126,-21.16408,NA,NA,NA,NA,NA,NA,-1.29125,-107.36942,9.58976,NA,NA,NA,NA,NA,NA,NA,NA,NA,NA,NA,NA,NA,NA,NA,NA,NA,NA,NA,NA,NA,NA,NA,NA,NA,NA,NA,NA,High,High,High,High,High,NA,NA,NA,NA,NA,NA,NA,NA,NA,NA,NA,NA,NA,NA,NA,NA,NA,NA,NA,NA,NA,NA,NA,NA,NA,NA,NA,NA,NA,NA,NA,NA,NA,NA,NA,NA,NA,NA,NA,NA,NA,NA,NA,NA,NA,NA,NA,NA,NA,NA,NA,NA,NA,NA,NA,NA
NA,NA,NA,NA,NA,NA,NA,NA,NA,NA,NA,NA,NA,NA,NA,NA,217,2025-07-30,20:58:28,2,4,"Overbay, Alex",814099,Right,YAR_RED,"Ickes, Elijah",815314,Right,ORL_FIR,Undefined,9,Bottom,0,1,2,Fastball,Four-Seam,BallCalled,Undefined,Undefined,Undefined,0,0,NA,94.05891,-0.951748,-1.750399,2360.41517,196.395424,12:30:00,6.40142,0.88065,5.54519,-12.29898,20.24163,5.60118,4.48658,-0.28888,84.3764,-3.351949,-0.752337,0.410567,NA,NA,NA,NA,NA,NA,NA,NA,NA,NA,NA,-3.37587,10.83481,-0.73275,50,6.31119,3.89319,-136.23073,-2.59317,-6.23713,34.63738,-12.15601,ORL_FIR,YAR_RED,CCBLOrleans,Cape Cod Baseball League,CCBL,20250730-CCBLOrleans-1,78a18fc0-6da9-11f0-ac87-592c80d714ae,91.80574,NA,NA,9.68252,NA,NA,NA,NA,NA,NA,e90f2670-dfbc-4d51-82ba-0d5a03d444c7,2025-07-31,00:58:28,2025-07-31T00:58:28Z,2025-07-31T00:58:28Z,NA,v3,6102,6104,NA,"McAndrews, Thomas",836274,Right,YAR_RED,eb3525a7-c8e2-4395-9360-f8d388304fc7,54.94815,-137.48307,17.31869,6.397,-2.15366,-6.078,-0.87759,4.1187,-3.11856,NA,NA,NA,NA,NA,NA,NA,NA,NA,NA,NA,NA,NA,NA,NA,NA,NA,NA,NA,NA,NA,NA,NA,NA,NA,NA,NA,NA,NA,NA,NA,NA,NA,NA,NA,NA,NA,NA,NA,NA,NA,NA,NA,NA,NA,NA,NA,NA,NA,NA,High,High,High,NA,NA,NA,NA,NA,NA,NA,NA,NA,NA,NA,NA,NA,NA,NA,NA,NA,NA,NA,NA,NA,NA,NA,NA,NA,NA,NA,NA,NA,NA,NA,NA,NA,NA,NA,NA,NA,NA,NA,NA,NA,NA,NA,NA,NA,NA,NA,NA,NA,NA,NA,NA,NA,NA,NA,NA,NA,NA
NA,NA,NA,NA,NA,NA,NA,NA,NA,NA,NA,NA,NA,NA,NA,NA,218,2025-07-30,20:58:51,2,5,"Overbay, Alex",814099,Right,YAR_RED,"Ickes, Elijah",815314,Right,ORL_FIR,Undefined,9,Bottom,0,2,2,Slider,Curveball,InPlay,Undefined,FlyBall,HomeRun,0,2,NA,80.53711,0.957749,-0.484332,2284.688696,58.705426,08:00:00,6.1262,1.47048,5.04939,-48.43963,-3.41799,-8.22327,2.99301,0.32839,73.03549,-7.838585,-1.939375,0.482928,93.35008,31.166335,-24.559159,2319.335955,99.98526,59.43233,-45.85724,331.20589,330.62091,-26.144144,4.875092,3.95571,-1.61772,-1.41736,50,6.17858,1.33008,-116.73344,0.1812,5.37865,24.96572,-34.37368,ORL_FIR,YAR_RED,CCBLOrleans,Cape Cod Baseball League,CCBL,20250730-CCBLOrleans-1,864cb500-6da9-11f0-ac87-592c80d714ae,78.04988,79.36496,NA,7.50162,NA,NA,NA,2.42002,3.10125,-0.34549,e90f2670-dfbc-4d51-82ba-0d5a03d444c7,2025-07-31,00:58:51,2025-07-31T00:58:51Z,2025-07-31T00:58:51Z,FlyBall,v3,6102,6104,NA,"McAndrews, Thomas",836274,Right,YAR_RED,e0a13e0d-f09f-458f-94cc-1ed1bac9e3d1,55.44927,-117.89311,12.48286,6.13308,1.77788,-17.18684,-1.47334,1.08024,2.68932,NA,2.41974,106.5635,-19.81108,4.51867,-1.08539,0.2684,-0.05473,0.0068,-3.6e-4,3.10357,70.8023,-19.26885,1.62637,-0.0639,-0.10005,0.03603,-0.00517,2.8e-4,-0.34537,-48.69619,8.08397,-1.84162,0.4426,-0.10973,0.02246,-0.0028,1.5e-4,NA,NA,NA,NA,NA,NA,NA,NA,NA,NA,NA,NA,NA,NA,NA,NA,NA,NA,NA,NA,NA,NA,High,High,High,High,High,NA,NA,NA,NA,NA,NA,NA,NA,NA,NA,NA,NA,NA,NA,NA,NA,NA,NA,NA,NA,NA,NA,NA,NA,NA,NA,NA,NA,NA,NA,NA,NA,NA,NA,NA,NA,NA,NA,NA,NA,NA,NA,NA,NA,NA,NA,NA,NA,NA,NA,NA,NA,NA,NA,NA,NA
