player_name,display_name,active,notes,id,pitcher,date,rel_speed,horz_break,induced_vert_break,original_pitch_type,new_pitch_type,new_pitcher,modified_at,pitch_key,created_at,PitchNo,Date,Time,PAofInning,PitchofPA,Pitcher,PitcherId,PitcherThrows,PitcherTeam,Batter,BatterId,BatterSide,BatterTeam,PitcherSet,Inning,Top/Bottom,Outs,Balls,Strikes,TaggedPitchType,AutoPitchType,PitchCall,KorBB,TaggedHitType,PlayResult,OutsOnPlay,RunsScored,Notes,RelSpeed,VertRelAngle,HorzRelAngle,SpinRate,SpinAxis,Tilt,RelHeight,RelSide,Extension,VertBreak,InducedVertBreak,HorzBreak,PlateLocHeight,PlateLocSide,ZoneSpeed,VertApprAngle,HorzApprAngle,ZoneTime,ExitSpeed,Angle,Direction,HitSpinRate,PositionAt110X,PositionAt110Y,PositionAt110Z,Distance,LastTrackedDistance,Bearing,HangTime,pfxx,pfxz,x0,y0,z0,vx0,vy0,vz0,ax0,ay0,az0,HomeTeam,AwayTeam,Stadium,Level,League,GameID,PitchUID,EffectiveVelo,MaxHeight,MeasuredDuration,SpeedDrop,PitchLastMeasuredX,PitchLastMeasuredY,PitchLastMeasuredZ,ContactPositionX,ContactPositionY,ContactPositionZ,GameUID,UTCDate,UTCTime,LocalDateTime,UTCDateTime,AutoHitType,System,HomeTeamForeignID,AwayTeamForeignID,GameForeignID,Catcher,CatcherId,CatcherThrows,CatcherTeam,PlayID,PitchTrajectoryXc0,PitchTrajectoryXc1,PitchTrajectoryXc2,PitchTrajectoryYc0,PitchTrajectoryYc1,PitchTrajectoryYc2,PitchTrajectoryZc0,PitchTrajectoryZc1,PitchTrajectoryZc2,HitSpinAxis,HitTrajectoryXc0,HitTrajectoryXc1,HitTrajectoryXc2,HitTrajectoryXc3,HitTrajectoryXc4,HitTrajectoryXc5,HitTrajectoryXc6,HitTrajectoryXc7,HitTrajectoryXc8,HitTrajectoryYc0,HitTrajectoryYc1,HitTrajectoryYc2,HitTrajectoryYc3,HitTrajectoryYc4,HitTrajectoryYc5,HitTrajectoryYc6,HitTrajectoryYc7,HitTrajectoryYc8,HitTrajectoryZc0,HitTrajectoryZc1,HitTrajectoryZc2,HitTrajectoryZc3,HitTrajectoryZc4,HitTrajectoryZc5,HitTrajectoryZc6,HitTrajectoryZc7,HitTrajectoryZc8,ThrowSpeed,PopTime,ExchangeTime,TimeToBase,CatchPositionX,CatchPositionY,CatchPositionZ,ThrowPositionX,ThrowPositionY,ThrowPositionZ,BasePositionX,BasePositionY,BasePositionZ,ThrowTrajectoryXc0,ThrowTrajectoryXc1,ThrowTrajectoryXc2,ThrowTrajectoryYc0,ThrowTrajectoryYc1,ThrowTrajectoryYc2,ThrowTrajectoryZc0,ThrowTrajectoryZc1,ThrowTrajectoryZc2,PitchReleaseConfidence,PitchLocationConfidence,PitchMovementConfidence,HitLaunchConfidence,HitLandingConfidence,CatcherThrowCatchConfidence,CatcherThrowReleaseConfidence,CatcherThrowLocationConfidence,SpinAxis3dTransverseAngle,SpinAxis3dLongitudinalAngle,SpinAxis3dActiveSpinRate,SpinAxis3dSpinEfficiency,SpinAxis3dTilt,SpinAxis3dVectorX,SpinAxis3dVectorY,SpinAxis3dVectorZ,SpinAxis3dSeamOrientationRotationX,SpinAxis3dSeamOrientationRotationY,SpinAxis3dSeamOrientationRotationZ,SpinAxis3dSeamOrientationBallYAmb1,SpinAxis3dSeamOrientationBallAngleHorizontalAmb1,SpinAxis3dSeamOrientationBallZAmb1,SpinAxis3dSeamOrientationBallAngleVerticalAmb2,SpinAxis3dSeamOrientationBallZAmb2,SpinAxis3dSeamOrientationBallXAmb4,SpinAxis3dSeamOrientationBallYAmb4,SpinAxis3dSeamOrientationBallAngleHorizontalAmb2,SpinAxis3dSeamOrientationBallAngleVerticalAmb1,SpinAxis3dSeamOrientationBallXAmb1,SpinAxis3dSeamOrientationBallYAmb2,SpinAxis3dSeamOrientationBallAngleHorizontalAmb4,SpinAxis3dSeamOrientationBallAngleVerticalAmb4,SpinAxis3dSeamOrientationBallXAmb2,SpinAxis3dSeamOrientationBallAngleVerticalAmb3,SpinAxis3dSeamOrientationBallAngleHorizontalAmb3,SpinAxis3dSeamOrientationBallXAmb3,SpinAxis3dSeamOrientationBallYAmb3,SpinAxis3dSeamOrientationBallZAmb3,SpinAxis3dSeamOrientationBallZAmb4,PitchSession,Flag,CalibrationId,EffVelocity,PracticeType,Device,HitType,SessionId,BatSpeed,VerticalAttackAngle,HorizontalAttackAngle,session_id,play_id,camera_slot,camera_name,camera_target,video_type,azure_blob,azure_md5,cloudinary_url,cloudinary_public_id,uploaded_at
NA,NA,NA,NA,NA,NA,NA,NA,NA,NA,NA,NA,NA,NA,NA,NA,1,2025-06-26,18:31:28,1,1,"Serce, Nick",1000334553,Left,MOR_HED,"Manley, Nathan",1000093427,Right,WLM_SHK,Undefined,1,Top,0,0,0,Fastball,Sinker,BallCalled,Undefined,Undefined,Undefined,0,0,NA,85.80824,-0.708512,3.636142,2194.930684,144.183701,10:45:00,5.60769,-1.86521,6.37877,-16.65229,21.36867,-14.38501,3.56683,0.28573,76.88135,-3.971377,1.037846,0.443795,NA,NA,NA,NA,NA,NA,NA,NA,NA,NA,NA,8.58776,11.70839,1.60848,50,5.54833,-7.31374,-124.26169,-1.90283,13.17677,29.23565,-14.2091,MOR_HED,WLM_SHK,BigRockStadium,CPL,CPL,20250626-BigRockStadium-1,4d5d1000-52dd-11f0-91de-9dd0983a3e69,84.93202,NA,NA,8.92689,NA,NA,NA,NA,NA,NA,67bf9003-9d93-49fb-89c2-36bfdacb035e,2025-06-26,22:31:28,2025-06-26T22:31:28Z,2025-06-26T22:31:28Z,NA,v3,NA,NA,NA,"Poppell, Broedy",701435,Right,MOR_HED,1428f636-b588-41aa-a549-e75efda8c25b,54.1148,-125.22606,14.61783,5.60337,-1.43413,-7.10455,1.8569,-7.74839,6.58839,NA,NA,NA,NA,NA,NA,NA,NA,NA,NA,NA,NA,NA,NA,NA,NA,NA,NA,NA,NA,NA,NA,NA,NA,NA,NA,NA,NA,NA,NA,NA,NA,NA,NA,NA,NA,NA,NA,NA,NA,NA,NA,NA,NA,NA,NA,NA,NA,NA,NA,High,High,High,NA,NA,NA,NA,NA,NA,NA,NA,NA,NA,NA,NA,NA,NA,NA,NA,NA,NA,NA,NA,NA,NA,NA,NA,NA,NA,NA,NA,NA,NA,NA,NA,NA,NA,NA,NA,NA,NA,NA,NA,NA,NA,NA,NA,NA,NA,NA,NA,NA,NA,NA,NA,NA,NA,NA,NA,NA,NA
NA,NA,NA,NA,NA,NA,NA,NA,NA,NA,NA,NA,NA,NA,NA,NA,2,2025-06-26,18:31:40,1,2,"Serce, Nick",1000334553,Left,MOR_HED,"Manley, Nathan",1000093427,Right,WLM_SHK,Undefined,1,Top,0,1,0,Fastball,Sinker,StrikeCalled,Undefined,Undefined,Undefined,0,0,NA,86.65895,-2.559666,2.409843,2228.311556,142.906661,10:45:00,5.66986,-1.96172,6.38291,-15.56044,21.49442,-15.2317,2.01484,-1.01287,78.24017,-5.59515,-0.347215,0.438121,NA,NA,NA,NA,NA,NA,NA,NA,NA,NA,NA,8.63776,12.37292,1.79442,50,5.47776,-4.68021,-125.6159,-5.96615,13.61344,28.68329,-12.67386,MOR_HED,WLM_SHK,BigRockStadium,CPL,CPL,20250626-BigRockStadium-1,54cc4a90-52dd-11f0-91de-9dd0983a3e69,86.03203,NA,NA,8.41878,NA,NA,NA,NA,NA,NA,67bf9003-9d93-49fb-89c2-36bfdacb035e,2025-06-26,22:31:40,2025-06-26T22:31:40Z,2025-06-26T22:31:40Z,NA,v3,NA,NA,NA,"Poppell, Broedy",701435,Right,MOR_HED,644e43ce-e678-4c42-9da7-c3a4632fdf6b,54.11301,-126.55158,14.34165,5.66564,-5.55271,-6.33693,1.95433,-5.1243,6.80672,NA,NA,NA,NA,NA,NA,NA,NA,NA,NA,NA,NA,NA,NA,NA,NA,NA,NA,NA,NA,NA,NA,NA,NA,NA,NA,NA,NA,NA,NA,NA,NA,NA,NA,NA,NA,NA,NA,NA,NA,NA,NA,NA,NA,NA,NA,NA,NA,NA,NA,High,High,High,NA,NA,NA,NA,NA,NA,NA,NA,NA,NA,NA,NA,NA,NA,NA,NA,NA,NA,NA,NA,NA,NA,NA,NA,NA,NA,NA,NA,NA,NA,NA,NA,NA,NA,NA,NA,NA,NA,NA,NA,NA,NA,NA,NA,NA,NA,NA,NA,NA,NA,NA,NA,NA,NA,NA,NA,NA,NA
NA,NA,NA,NA,NA,NA,NA,NA,NA,NA,NA,NA,NA,NA,NA,NA,3,2025-06-26,18:31:53,1,3,"Serce, Nick",1000334553,Left,MOR_HED,"Manley, Nathan",1000093427,Right,WLM_SHK,Undefined,1,Top,0,1,1,Fastball,Sinker,StrikeCalled,Undefined,Undefined,Undefined,0,0,NA,86.76791,-2.02569,3.317009,2181.528469,135.851212,10:30:00,5.61035,-1.96667,6.33833,-17.5443,19.59875,-17.68355,2.27939,-0.38295,78.09208,-5.426876,0.121868,0.438642,NA,NA,NA,NA,NA,NA,NA,NA,NA,NA,NA,10.20516,11.22528,1.7326,50,5.45416,-6.57453,-125.69159,-4.87903,16.06104,29.32975,-14.50758,MOR_HED,WLM_SHK,BigRockStadium,CPL,CPL,20250626-BigRockStadium-1,5cb60c50-52dd-11f0-91de-9dd0983a3e69,85.92986,NA,NA,8.67583,NA,NA,NA,NA,NA,NA,67bf9003-9d93-49fb-89c2-36bfdacb035e,2025-06-26,22:31:53,2025-06-26T22:31:53Z,2025-06-26T22:31:53Z,NA,v3,NA,NA,NA,"Poppell, Broedy",701435,Right,MOR_HED,218d7ad8-1db0-4f07-a1cb-3c1e6f296ac2,54.15767,-126.65805,14.66488,5.60706,-4.40098,-7.25379,1.95796,-7.10377,8.03052,NA,NA,NA,NA,NA,NA,NA,NA,NA,NA,NA,NA,NA,NA,NA,NA,NA,NA,NA,NA,NA,NA,NA,NA,NA,NA,NA,NA,NA,NA,NA,NA,NA,NA,NA,NA,NA,NA,NA,NA,NA,NA,NA,NA,NA,NA,NA,NA,NA,NA,High,High,High,NA,NA,NA,NA,NA,NA,NA,NA,NA,NA,NA,NA,NA,NA,NA,NA,NA,NA,NA,NA,NA,NA,NA,NA,NA,NA,NA,NA,NA,NA,NA,NA,NA,NA,NA,NA,NA,NA,NA,NA,NA,NA,NA,NA,NA,NA,NA,NA,NA,NA,NA,NA,NA,NA,NA,NA,NA,NA
NA,NA,NA,NA,NA,NA,NA,NA,NA,NA,NA,NA,NA,NA,NA,NA,4,2025-06-26,18:32:07,1,4,"Serce, Nick",1000334553,Left,MOR_HED,"Manley, Nathan",1000093427,Right,WLM_SHK,Undefined,1,Top,0,1,2,Fastball,Four-Seam,InPlay,Undefined,GroundBall,Out,1,0,NA,88.12539,-2.537645,3.225467,2258.869205,136.53962,10:30:00,5.67706,-1.88968,6.31331,-16.23776,19.79103,-17.49001,1.98118,-0.37298,79.39449,-5.690532,0.066428,0.432012,97.718,-12.441538,-3.125024,NA,NA,NA,NA,9.85327,9.85327,-0.559496,0.067537,10.1163,11.48674,1.66125,50,5.48304,-6.49048,-127.64755,-6.06244,16.429,30.12535,-13.51945,MOR_HED,WLM_SHK,BigRockStadium,CPL,CPL,20250626-BigRockStadium-1,64fd0940-52dd-11f0-91de-9dd0983a3e69,87.2485,2.08824,NA,8.7309,NA,NA,NA,0.40171,2.08824,0.41978,67bf9003-9d93-49fb-89c2-36bfdacb035e,2025-06-26,22:32:07,2025-06-26T22:32:07Z,2025-06-26T22:32:07Z,GroundBall,v3,NA,NA,NA,"Poppell, Broedy",701435,Right,MOR_HED,80092c7d-4bee-43ac-b57e-9a14063c2e50,54.18386,-128.63117,15.06267,5.67378,-5.62102,-6.75972,1.88192,-7.0269,8.2145,180,0.3996,139.93992,NA,NA,NA,NA,NA,NA,NA,2.08871,-30.92014,NA,NA,NA,NA,NA,NA,NA,0.41989,-7.64018,NA,NA,NA,NA,NA,NA,NA,NA,NA,NA,NA,NA,NA,NA,NA,NA,NA,NA,NA,NA,NA,NA,NA,NA,NA,NA,NA,NA,NA,High,High,High,Medium,High,NA,NA,NA,NA,NA,NA,NA,NA,NA,NA,NA,NA,NA,NA,NA,NA,NA,NA,NA,NA,NA,NA,NA,NA,NA,NA,NA,NA,NA,NA,NA,NA,NA,NA,NA,NA,NA,NA,NA,NA,NA,NA,NA,NA,NA,NA,NA,NA,NA,NA,NA,NA,NA,NA,NA,NA
NA,NA,NA,NA,NA,NA,NA,NA,NA,NA,NA,NA,NA,NA,NA,NA,5,2025-06-26,18:32:41,2,1,"Serce, Nick",1000334553,Left,MOR_HED,"Powell, Connor",1000118857,Left,WLM_SHK,Undefined,1,Top,1,0,0,Fastball,Sinker,StrikeCalled,Undefined,Undefined,Undefined,0,0,NA,86.517,-1.580729,3.676327,2238.691176,147.267715,11:00:00,5.64404,-1.83531,6.41429,-15.06001,22.0882,-13.33489,2.93241,0.43798,78.02042,-4.53541,1.266332,0.438672,NA,NA,NA,NA,NA,NA,NA,NA,NA,NA,NA,8.03827,12.35875,1.57761,50,5.52348,-7.52127,-125.34059,-3.78298,12.62568,28.32592,-12.76219,MOR_HED,WLM_SHK,BigRockStadium,CPL,CPL,20250626-BigRockStadium-1,793853b0-52dd-11f0-91de-9dd0983a3e69,85.92389,NA,NA,8.49658,NA,NA,NA,NA,NA,NA,67bf9003-9d93-49fb-89c2-36bfdacb035e,2025-06-26,22:32:41,2025-06-26T22:32:41Z,2025-06-26T22:32:41Z,NA,v3,NA,NA,NA,"Poppell, Broedy",701435,Right,MOR_HED,48b5eb0e-57a0-4591-b737-a1c020e0ca62,54.08098,-126.25949,14.16296,5.63949,-3.36897,-6.38109,1.82824,-7.93085,6.31284,NA,NA,NA,NA,NA,NA,NA,NA,NA,NA,NA,NA,NA,NA,NA,NA,NA,NA,NA,NA,NA,NA,NA,NA,NA,NA,NA,NA,NA,NA,NA,NA,NA,NA,NA,NA,NA,NA,NA,NA,NA,NA,NA,NA,NA,NA,NA,NA,NA,NA,High,High,High,NA,NA,NA,NA,NA,NA,NA,NA,NA,NA,NA,NA,NA,NA,NA,NA,NA,NA,NA,NA,NA,NA,NA,NA,NA,NA,NA,NA,NA,NA,NA,NA,NA,NA,NA,NA,NA,NA,NA,NA,NA,NA,NA,NA,NA,NA,NA,NA,NA,NA,NA,NA,NA,NA,NA,NA,NA,NA
NA,NA,NA,NA,NA,NA,NA,NA,NA,NA,NA,NA,NA,NA,NA,NA,6,2025-06-26,18:32:56,2,2,"Serce, Nick",1000334553,Left,MOR_HED,"Powell, Connor",1000118857,Left,WLM_SHK,Undefined,1,Top,1,0,1,Slider,Curveball,BallCalled,Undefined,Undefined,Undefined,0,0,NA,74.9333,0.644252,3.770323,2010.937204,313.044226,04:30:00,5.49127,-2.00868,5.9604799999999996,-50.95672,-1.13347,2.8689,1.84361,1.73161,69.01029,-8.706774,4.284542,0.508028,NA,NA,NA,NA,NA,NA,NA,NA,NA,NA,NA,-0.40051,-0.25606,1.70753,50,5.51434,-7.26258,-108.66934,-0.30148,-0.47809,19.34611,-32.479730000000004,MOR_HED,WLM_SHK,BigRockStadium,CPL,CPL,20250626-BigRockStadium-1,820bb220-52dd-11f0-91de-9dd0983a3e69,74.19366,NA,NA,5.923,NA,NA,NA,NA,NA,NA,67bf9003-9d93-49fb-89c2-36bfdacb035e,2025-06-26,22:32:56,2025-06-26T22:32:56Z,2025-06-26T22:32:56Z,NA,v3,NA,NA,NA,"Poppell, Broedy",701435,Right,MOR_HED,b1468f2f-97a0-43b3-aff6-2b44f50cee51,54.53881,-109.4744,9.67305,5.49876,1.0501,-16.23987,2.00933,-7.24268,-0.23905,NA,NA,NA,NA,NA,NA,NA,NA,NA,NA,NA,NA,NA,NA,NA,NA,NA,NA,NA,NA,NA,NA,NA,NA,NA,NA,NA,NA,NA,NA,NA,NA,NA,NA,NA,NA,NA,NA,NA,NA,NA,NA,NA,NA,NA,NA,NA,NA,NA,NA,High,High,High,NA,NA,NA,NA,NA,NA,NA,NA,NA,NA,NA,NA,NA,NA,NA,NA,NA,NA,NA,NA,NA,NA,NA,NA,NA,NA,NA,NA,NA,NA,NA,NA,NA,NA,NA,NA,NA,NA,NA,NA,NA,NA,NA,NA,NA,NA,NA,NA,NA,NA,NA,NA,NA,NA,NA,NA,NA,NA
NA,NA,NA,NA,NA,NA,NA,NA,NA,NA,NA,NA,NA,NA,NA,NA,7,2025-06-26,18:33:12,2,3,"Serce, Nick",1000334553,Left,MOR_HED,"Powell, Connor",1000118857,Left,WLM_SHK,Undefined,1,Top,1,1,1,Slider,Curveball,InPlay,Undefined,FlyBall,Single,0,0,NA,72.30294,2.119439,0.997121,2010.861478,292.082497,03:45:00,5.48169,-2.05672,5.81648,-54.95475,-0.9326,6.7239,2.87397,-0.56918,65.97568,-8.001926,2.202555,0.529002,65.68675,43.207335,11.819584,3985.316984,108.45529,68.71877,18.3689,212.7647,212.7647,7.499271,4.344781,-3.14075,-0.62827,1.97099,50,5.6226,-2.05765,-104.91845000000001,2.27428,-3.4688,19.26956,-32.86793,MOR_HED,WLM_SHK,BigRockStadium,CPL,CPL,20250626-BigRockStadium-1,8b833fd0-52dd-11f0-91de-9dd0983a3e69,71.25196,68.92816,NA,6.32726,NA,NA,NA,1.86384,2.9889,0.59948,67bf9003-9d93-49fb-89c2-36bfdacb035e,2025-06-26,22:33:12,2025-06-26T22:33:12Z,2025-06-26T22:33:12Z,Popup,v3,NA,NA,NA,"Poppell, Broedy",701435,Right,MOR_HED,59601cd4-c5a6-4c05-ab50-56993ce0885f,54.68308,-105.77506,9.63478,5.48902,3.73538,-16.43397,2.05904,-1.90344,-1.7344,170.364988,1.86551,68.68683,-11.47317,2.7485,-0.20786,-0.13276,0.05352,-0.00805,4.5e-4,2.98729,65.9957,-18.16241,1.1477,-0.25654,0.04831,0.00124,-0.00192,1.8e-4,0.60024,14.36359,-3.9336700000000002,0.72294,0.02986,-0.07438,0.023,-0.00311,1.6e-4,NA,NA,NA,NA,NA,NA,NA,NA,NA,NA,NA,NA,NA,NA,NA,NA,NA,NA,NA,NA,NA,NA,High,High,High,High,Medium,NA,NA,NA,NA,NA,NA,NA,NA,NA,NA,NA,NA,NA,NA,NA,NA,NA,NA,NA,NA,NA,NA,NA,NA,NA,NA,NA,NA,NA,NA,NA,NA,NA,NA,NA,NA,NA,NA,NA,NA,NA,NA,NA,NA,NA,NA,NA,NA,NA,NA,NA,NA,NA,NA,NA,NA
NA,NA,NA,NA,NA,NA,NA,NA,NA,NA,NA,NA,NA,NA,NA,NA,8,2025-06-26,18:33:49,3,1,"Serce, Nick",1000334553,Left,MOR_HED,"Mitchem, Cam",1000224485,Right,WLM_SHK,Undefined,1,Top,1,0,0,Fastball,Sinker,FoulBallNotFieldable,Undefined,Undefined,Undefined,0,0,NA,86.42385,-1.057001,3.014412,2293.273377,133.834319,10:30:00,5.68366,-1.81342,6.45945,-18.1045,19.13816,-18.49556,3.20256,-0.58319,77.67491,-4.575603,-0.336182,0.43923,73.02277,14.894151,173.318272,1201.420451,NA,NA,NA,135.11867,49.11218,171.21792,1.589059,10.71725,10.7665,1.60823,50,5.60075,-5.89871,-125.34028,-2.75524,16.7364,29.66969,-15.36079,MOR_HED,WLM_SHK,BigRockStadium,CPL,CPL,20250626-BigRockStadium-1,a178bd60-52dd-11f0-91de-9dd0983a3e69,85.81486,12.68815,NA,8.74893,NA,NA,NA,2.37584,3.3073,0.59557,67bf9003-9d93-49fb-89c2-36bfdacb035e,2025-06-26,22:33:49,2025-06-26T22:33:49Z,2025-06-26T22:33:49Z,LineDrive,v3,NA,NA,NA,"Poppell, Broedy",701435,Right,MOR_HED,7fb45f69-8bf0-4d51-9b6b-6df672420982,54.03874,-126.29268,14.83484,5.68128,-2.26215,-7.6804,1.80621,-6.43595,8.3682,58.856663,2.37583,-102.79683,12.88094,-1.61344,-0.07397,0.58974,-0.5065,0.21945,-0.03877,3.3073,27.52864,-21.77658,2.62577,-0.60752,0.22378,-0.1131,0.0444,-0.0076,0.59558,12.04248,2.17781,-1.76069,0.62949,-0.26733,0.13,-0.04995,0.00844,NA,NA,NA,NA,NA,NA,NA,NA,NA,NA,NA,NA,NA,NA,NA,NA,NA,NA,NA,NA,NA,NA,High,High,High,High,Medium,NA,NA,NA,NA,NA,NA,NA,NA,NA,NA,NA,NA,NA,NA,NA,NA,NA,NA,NA,NA,NA,NA,NA,NA,NA,NA,NA,NA,NA,NA,NA,NA,NA,NA,NA,NA,NA,NA,NA,NA,NA,NA,NA,NA,NA,NA,NA,NA,NA,NA,NA,NA,NA,NA,NA,NA
NA,NA,NA,NA,NA,NA,NA,NA,NA,NA,NA,NA,NA,NA,NA,NA,9,2025-06-26,18:34:09,3,2,"Serce, Nick",1000334553,Left,MOR_HED,"Mitchem, Cam",1000224485,Right,WLM_SHK,Undefined,1,Top,1,0,1,Fastball,Sinker,FoulBallNotFieldable,Undefined,Undefined,Undefined,0,0,NA,86.77603,-0.700899,2.639528,2219.653268,138.183888,10:30:00,5.61763,-1.9836,6.4945,-19.69485,16.88249,-13.97954,3.33227,-0.72386,78.62415,-4.488168,0.104543,0.435289,75.70289,7.924985,172.866469,983.45907,NA,NA,NA,114.49919,49.82323,170.975661,1.1656,7.91772,9.3617,1.80287,50,5.5593,-5.22478,-125.90034,-2.03503,12.61118,27.38836,-17.26294,MOR_HED,WLM_SHK,BigRockStadium,CPL,CPL,20250626-BigRockStadium-1,adc11e50-52dd-11f0-91de-9dd0983a3e69,86.59176,6.82312,NA,8.15188,NA,NA,NA,0.43787,3.17742,0.69518,67bf9003-9d93-49fb-89c2-36bfdacb035e,2025-06-26,22:34:09,2025-06-26T22:34:09Z,2025-06-26T22:34:09Z,GroundBall,v3,NA,NA,NA,"Poppell, Broedy",701435,Right,MOR_HED,ecfa6e37-ae09-4ab5-a29e-9cc8fabf7fbb,53.99828,-126.76714,13.69418,5.61507,-1.48868,-8.63147,1.97454,-5.6239,6.30559,112.348124,0.3479,-108.0546,9.27293,NA,NA,NA,NA,NA,NA,3.23645,14.62284,-14.96818,NA,NA,NA,NA,NA,NA,0.67594,13.8853,0.82136,NA,NA,NA,NA,NA,NA,NA,NA,NA,NA,NA,NA,NA,NA,NA,NA,NA,NA,NA,NA,NA,NA,NA,NA,NA,NA,NA,NA,High,High,High,High,Medium,NA,NA,NA,NA,NA,NA,NA,NA,NA,NA,NA,NA,NA,NA,NA,NA,NA,NA,NA,NA,NA,NA,NA,NA,NA,NA,NA,NA,NA,NA,NA,NA,NA,NA,NA,NA,NA,NA,NA,NA,NA,NA,NA,NA,NA,NA,NA,NA,NA,NA,NA,NA,NA,NA,NA,NA
NA,NA,NA,NA,NA,NA,NA,NA,NA,NA,NA,NA,NA,NA,NA,NA,10,2025-06-26,18:34:30,3,3,"Serce, Nick",1000334553,Left,MOR_HED,"Mitchem, Cam",1000224485,Right,WLM_SHK,Undefined,1,Top,1,0,2,Fastball,Four-Seam,FoulBallNotFieldable,Undefined,Undefined,Undefined,0,0,NA,87.16901,-0.840332,2.999922,2180.069693,149.733629,11:00:00,5.67367,-1.81266,6.28348,-16.8421,19.59769,-10.72713,3.49456,0.06081,79.20368,-4.090105,1.064131,0.434469,71.49259,25.005236,171.726651,1619.404889,-109.04836,23.18321,14.43666,170.74684,49.77024,173.364385,2.187456,6.4752,10.80174,1.59644,50,5.60339,-6.212,-126.50332,-2.28556,10.43356,27.17003,-14.76912,MOR_HED,WLM_SHK,BigRockStadium,CPL,CPL,20250626-BigRockStadium-1,ba025350-52dd-11f0-91de-9dd0983a3e69,86.7551,24.90874,NA,7.96533,NA,NA,NA,1.33663,3.57794,-0.05479,67bf9003-9d93-49fb-89c2-36bfdacb035e,2025-06-26,22:34:30,2025-06-26T22:34:30Z,2025-06-26T22:34:30Z,LineDrive,v3,NA,NA,NA,"Poppell, Broedy",701435,Right,MOR_HED,fbfd60d7-023f-4a81-9634-dbea7ca13d40,54.21495,-127.40538,13.58502,5.67113,-1.79522,-7.38456,1.80843,-6.5584,5.21678,353.332332,1.33677,-94.04722,7.95154,-0.8232,0.80046,-0.73273,0.40906,-0.11578,0.0127,3.57791,44.32462,-25.28076,2.69671,-0.46432,0.05365,0.00103,0.00163,-6.8e-4,-0.05484,13.67685,-1.81174,-0.03933,-0.26015,0.29048,-0.16585,0.04663,-0.00506,NA,NA,NA,NA,NA,NA,NA,NA,NA,NA,NA,NA,NA,NA,NA,NA,NA,NA,NA,NA,NA,NA,High,High,High,High,Medium,NA,NA,NA,NA,NA,NA,NA,NA,NA,NA,NA,NA,NA,NA,NA,NA,NA,NA,NA,NA,NA,NA,NA,NA,NA,NA,NA,NA,NA,NA,NA,NA,NA,NA,NA,NA,NA,NA,NA,NA,NA,NA,NA,NA,NA,NA,NA,NA,NA,NA,NA,NA,NA,NA,NA,NA
NA,NA,NA,NA,NA,NA,NA,NA,NA,NA,NA,NA,NA,NA,NA,NA,11,2025-06-26,18:34:54,3,4,"Serce, Nick",1000334553,Left,MOR_HED,"Mitchem, Cam",1000224485,Right,WLM_SHK,Undefined,1,Top,1,0,2,Fastball,Sinker,InPlay,Undefined,FlyBall,Out,1,0,NA,87.08194,-0.681017,3.080511,2229.360027,136.26932,10:30:00,5.61991,-1.77111,6.39856,-18.97997,17.30143,-15.41371,3.41102,-0.21989,79.27669,-4.320142,0.292178,0.433524,83.66669,56.360635,12.480154,NA,104.62245,135.25553,33.97203,208.82956,98.97164,20.43692,5.881462,8.96296,9.58882,1.55686,50,5.56215,-6.21593,-126.4341,-2.00462,14.4518,26.7175,-16.71315,MOR_HED,WLM_SHK,BigRockStadium,CPL,CPL,20250626-BigRockStadium-1,c8267920-52dd-11f0-91de-9dd0983a3e69,86.94425,136.84435,NA,7.80525,NA,NA,NA,1.39483,3.86429,-0.14414,67bf9003-9d93-49fb-89c2-36bfdacb035e,2025-06-26,22:34:54,2025-06-26T22:34:54Z,2025-06-26T22:34:54Z,Popup,v3,NA,NA,NA,"Poppell, Broedy",701435,Right,MOR_HED,d6a6535f-8cd9-4f80-92fe-4925fef822e3,54.10068,-127.29769,13.35875,5.61821,-1.4644,-8.35658,1.76533,-6.68305,7.2259,190.629399,1.405,66.18067,-17.34205,3.82924,-0.13512,-0.17768,0.05079,-0.00585,2.5e-4,3.85757,102.25967,-24.05821,2.61273,-0.52465,0.0614,0.00282,-0.00166,1.2e-4,-0.14158,14.65055,-0.09682,-0.31411,0.1411,-0.03353,0.00405,-1.8e-4,-0,NA,NA,NA,NA,NA,NA,NA,NA,NA,NA,NA,NA,NA,NA,NA,NA,NA,NA,NA,NA,NA,NA,High,High,High,Medium,Low,NA,NA,NA,NA,NA,NA,NA,NA,NA,NA,NA,NA,NA,NA,NA,NA,NA,NA,NA,NA,NA,NA,NA,NA,NA,NA,NA,NA,NA,NA,NA,NA,NA,NA,NA,NA,NA,NA,NA,NA,NA,NA,NA,NA,NA,NA,NA,NA,NA,NA,NA,NA,NA,NA,NA,NA
NA,NA,NA,NA,NA,NA,NA,NA,NA,NA,NA,NA,NA,NA,NA,NA,12,2025-06-26,18:35:49,4,1,"Serce, Nick",1000334553,Left,MOR_HED,"Miller, Brady",1000357366,Right,WLM_SHK,Undefined,1,Top,2,0,0,Fastball,Four-Seam,BallCalled,Undefined,Undefined,Undefined,0,0,NA,86.30396,0.543925,2.814147,2091.521883,148.722237,11:00:00,5.62912,-1.80683,6.3959,-19.31603,17.70572,-10.01245,4.52031,-0.05099,78.3106,-3.169309,1.003336,0.437925,NA,NA,NA,NA,NA,NA,NA,NA,NA,NA,NA,6.01611,9.42028,1.60889,50,5.65904,-5.76533,-125.26016,0.69657,9.50386,26.64697,-17.29244,MOR_HED,WLM_SHK,BigRockStadium,CPL,CPL,20250626-BigRockStadium-1,e95a61b0-52dd-11f0-91de-9dd0983a3e69,86.07048,NA,NA,7.99337,NA,NA,NA,NA,NA,NA,67bf9003-9d93-49fb-89c2-36bfdacb035e,2025-06-26,22:35:49,2025-06-26T22:35:49Z,2025-06-26T22:35:49Z,NA,v3,NA,NA,NA,"Poppell, Broedy",701435,Right,MOR_HED,c2b68cf6-0b6e-4dd5-909d-cd7786338b97,54.10062,-126.12948,13.32348,5.62711,1.26071,-8.64622,1.80204,-6.07538,4.75193,NA,NA,NA,NA,NA,NA,NA,NA,NA,NA,NA,NA,NA,NA,NA,NA,NA,NA,NA,NA,NA,NA,NA,NA,NA,NA,NA,NA,NA,NA,NA,NA,NA,NA,NA,NA,NA,NA,NA,NA,NA,NA,NA,NA,NA,NA,NA,NA,NA,NA,High,High,High,NA,NA,NA,NA,NA,NA,NA,NA,NA,NA,NA,NA,NA,NA,NA,NA,NA,NA,NA,NA,NA,NA,NA,NA,NA,NA,NA,NA,NA,NA,NA,NA,NA,NA,NA,NA,NA,NA,NA,NA,NA,NA,NA,NA,NA,NA,NA,NA,NA,NA,NA,NA,NA,NA,NA,NA,NA,NA
NA,NA,NA,NA,NA,NA,NA,NA,NA,NA,NA,NA,NA,NA,NA,NA,13,2025-06-26,18:36:03,4,2,"Serce, Nick",1000334553,Left,MOR_HED,"Miller, Brady",1000357366,Right,WLM_SHK,Undefined,1,Top,2,1,0,Fastball,Sinker,BallCalled,Undefined,Undefined,Undefined,0,0,NA,86.64896,-0.377088,2.22712,2191.035335,135.100922,10:30:00,5.66324,-1.82121,6.38783,-19.60127,17.24245,-15.91564,3.68268,-1.09792,78.4237,-4.145631,-0.654288,0.436871,NA,NA,NA,NA,NA,NA,NA,NA,NA,NA,NA,8.92036,9.4615,1.66759,50,5.62685,-4.26219,-125.78968,-1.33621,14.14965,27.89905,-17.16607,MOR_HED,WLM_SHK,BigRockStadium,CPL,CPL,20250626-BigRockStadium-1,f1a88a90-52dd-11f0-91de-9dd0983a3e69,86.27824,NA,NA,8.22526,NA,NA,NA,NA,NA,NA,67bf9003-9d93-49fb-89c2-36bfdacb035e,2025-06-26,22:36:03,2025-06-26T22:36:03Z,2025-06-26T22:36:03Z,NA,v3,NA,NA,NA,"Poppell, Broedy",701435,Right,MOR_HED,ad71045d-d929-4789-96cc-b753e708f4d7,54.10882,-126.6977,13.94952,5.66125,-0.77751,-8.58303,1.81381,-4.72271,7.07482,NA,NA,NA,NA,NA,NA,NA,NA,NA,NA,NA,NA,NA,NA,NA,NA,NA,NA,NA,NA,NA,NA,NA,NA,NA,NA,NA,NA,NA,NA,NA,NA,NA,NA,NA,NA,NA,NA,NA,NA,NA,NA,NA,NA,NA,NA,NA,NA,NA,NA,High,High,High,NA,NA,NA,NA,NA,NA,NA,NA,NA,NA,NA,NA,NA,NA,NA,NA,NA,NA,NA,NA,NA,NA,NA,NA,NA,NA,NA,NA,NA,NA,NA,NA,NA,NA,NA,NA,NA,NA,NA,NA,NA,NA,NA,NA,NA,NA,NA,NA,NA,NA,NA,NA,NA,NA,NA,NA,NA,NA
NA,NA,NA,NA,NA,NA,NA,NA,NA,NA,NA,NA,NA,NA,NA,NA,14,2025-06-26,18:36:23,4,3,"Serce, Nick",1000334553,Left,MOR_HED,"Miller, Brady",1000357366,Right,WLM_SHK,Undefined,1,Top,2,2,0,Fastball,Sinker,InPlay,Undefined,LineDrive,Single,0,0,NA,86.53748,-0.779141,3.528688,2099.291609,136.987508,10:30:00,5.62639,-1.67164,6.54982,-21.90174,14.73765,-12.60627,3.08538,0.51773,78.67952,-4.960139,1.243222,0.435658,92.56325,11.379698,-26.680295,1945.014642,96.83143,8.71609,-52.18868,155.15516,155.15516,-29.218576,1.343021,7.68091,8.33284,1.4327,50,5.563,-7.27501,-125.5813,-2.29507,12.18932,26.91599,-18.95014,MOR_HED,WLM_SHK,BigRockStadium,CPL,CPL,20250626-BigRockStadium-1,fd90f130-52dd-11f0-91de-9dd0983a3e69,86.51848,10.65611,NA,7.85796,NA,NA,NA,1.40281,2.9342,-0.20287,67bf9003-9d93-49fb-89c2-36bfdacb035e,2025-06-26,22:36:23,2025-06-26T22:36:23Z,2025-06-26T22:36:23Z,LineDrive,v3,NA,NA,NA,"Poppell, Broedy",701435,Right,MOR_HED,37e90301-a891-409b-9962-9534e1d10b2d,53.94889,-126.42484,13.458,5.62562,-1.70118,-9.47507,1.66668,-7.65702,6.09466,NA,1.40281,118.91966,-18.54216,4.16746,-0.94741,0.22099,-0.05078,0.00928,-0.00093000000000000005,2.9342,26.78664,-24.92057,3.28722,-0.77792,0.18271,-0.04146,0.00777,-7.8e-4,-0.20287,-59.75913,3.5547,-0.92476,0.22293,-0.05219,0.01168,-0.00212,2.1e-4,NA,NA,NA,NA,NA,NA,NA,NA,NA,NA,NA,NA,NA,NA,NA,NA,NA,NA,NA,NA,NA,NA,High,High,High,Medium,High,NA,NA,NA,NA,NA,NA,NA,NA,NA,NA,NA,NA,NA,NA,NA,NA,NA,NA,NA,NA,NA,NA,NA,NA,NA,NA,NA,NA,NA,NA,NA,NA,NA,NA,NA,NA,NA,NA,NA,NA,NA,NA,NA,NA,NA,NA,NA,NA,NA,NA,NA,NA,NA,NA,NA,NA
NA,NA,NA,NA,NA,NA,NA,NA,NA,NA,NA,NA,NA,NA,NA,NA,15,2025-06-26,18:36:57,5,1,"Serce, Nick",1000334553,Left,MOR_HED,"Tobias, Jacob",10041882,Left,WLM_SHK,Undefined,1,Top,2,0,0,Fastball,Sinker,BallCalled,Undefined,Undefined,Undefined,0,0,NA,86.2071,-0.103426,2.427887,2167.511975,136.788254,10:30:00,5.71362,-1.71209,6.29865,-19.50107,17.69296,-15.46493,3.99315,-0.76248,78.3227,-3.841751,-0.366344,0.438943,NA,NA,NA,NA,NA,NA,NA,NA,NA,NA,NA,8.67292,9.5676,1.54034,50,5.6963800000000004,-4.68951,-125.16132,-0.73713,13.68872,26.44368,-17.07322,MOR_HED,WLM_SHK,BigRockStadium,CPL,CPL,20250626-BigRockStadium-1,11c9caa0-52de-11f0-91de-9dd0983a3e69,85.87094,NA,NA,7.88439,NA,NA,NA,NA,NA,NA,67bf9003-9d93-49fb-89c2-36bfdacb035e,2025-06-26,22:36:57,2025-06-26T22:36:57Z,2025-06-26T22:36:57Z,NA,v3,NA,NA,NA,"Poppell, Broedy",701435,Right,MOR_HED,35d6695b-477e-4480-8764-42d9eb6e81ae,54.19812,-126.04516,13.22184,5.71148,-0.16649,-8.53661,1.70472,-5.14703,6.84436,NA,NA,NA,NA,NA,NA,NA,NA,NA,NA,NA,NA,NA,NA,NA,NA,NA,NA,NA,NA,NA,NA,NA,NA,NA,NA,NA,NA,NA,NA,NA,NA,NA,NA,NA,NA,NA,NA,NA,NA,NA,NA,NA,NA,NA,NA,NA,NA,NA,NA,High,High,High,NA,NA,NA,NA,NA,NA,NA,NA,NA,NA,NA,NA,NA,NA,NA,NA,NA,NA,NA,NA,NA,NA,NA,NA,NA,NA,NA,NA,NA,NA,NA,NA,NA,NA,NA,NA,NA,NA,NA,NA,NA,NA,NA,NA,NA,NA,NA,NA,NA,NA,NA,NA,NA,NA,NA,NA,NA,NA
NA,NA,NA,NA,NA,NA,NA,NA,NA,NA,NA,NA,NA,NA,NA,NA,16,2025-06-26,18:37:17,5,2,"Serce, Nick",1000334553,Left,MOR_HED,"Tobias, Jacob",10041882,Left,WLM_SHK,Undefined,1,Top,2,1,0,Fastball,Sinker,BallCalled,Undefined,Undefined,Undefined,0,0,NA,85.94671,-3.64417,4.482869,2174.797066,145.024485,10:45:00,5.67184,-1.86697,6.39295,-16.17839,21.37855,-14.04993,0.95714,1.09369,78.26558,-6.768266,1.947959,0.441079,NA,NA,NA,NA,NA,NA,NA,NA,NA,NA,NA,8.64371,12.60564,1.55062,50,5.40136,-9.21366,-124.31745,-8.32214,13.46415,26.00591,-12.53847,MOR_HED,WLM_SHK,BigRockStadium,CPL,CPL,20250626-BigRockStadium-1,1da93090-52de-11f0-91de-9dd0983a3e69,85.45501,NA,NA,7.68114,NA,NA,NA,NA,NA,NA,67bf9003-9d93-49fb-89c2-36bfdacb035e,2025-06-26,22:37:17,2025-06-26T22:37:17Z,2025-06-26T22:37:17Z,NA,v3,NA,NA,NA,"Poppell, Broedy",701435,Right,MOR_HED,ace99e8e-6666-40cb-87f8-9337dc77cb28,54.10561,-125.17335,13.00296,5.66846,-7.90948,-6.26924,1.86115,-9.65679,6.73208,NA,NA,NA,NA,NA,NA,NA,NA,NA,NA,NA,NA,NA,NA,NA,NA,NA,NA,NA,NA,NA,NA,NA,NA,NA,NA,NA,NA,NA,NA,NA,NA,NA,NA,NA,NA,NA,NA,NA,NA,NA,NA,NA,NA,NA,NA,NA,NA,NA,NA,High,High,High,NA,NA,NA,NA,NA,NA,NA,NA,NA,NA,NA,NA,NA,NA,NA,NA,NA,NA,NA,NA,NA,NA,NA,NA,NA,NA,NA,NA,NA,NA,NA,NA,NA,NA,NA,NA,NA,NA,NA,NA,NA,NA,NA,NA,NA,NA,NA,NA,NA,NA,NA,NA,NA,NA,NA,NA,NA,NA
NA,NA,NA,NA,NA,NA,NA,NA,NA,NA,NA,NA,NA,NA,NA,NA,17,2025-06-26,18:37:42,5,3,"Serce, Nick",1000334553,Left,MOR_HED,"Tobias, Jacob",10041882,Left,WLM_SHK,Undefined,1,Top,2,2,0,Fastball,Sinker,StrikeCalled,Undefined,Undefined,Undefined,0,0,NA,86.57591,-1.006554,3.984801,2173.847797,132.981205,10:30:00,5.65406,-1.74736,6.44022,-21.68592,15.59993,-15.22946,2.91963,0.65111,77.68409,-5.171906,1.231187,0.439484,NA,NA,NA,NA,NA,NA,NA,NA,NA,NA,NA,9.19571,8.86823,1.46998,50,5.57261,-8.12354,-125.35168,-2.78024,14.35456,29.80971,-18.33067,MOR_HED,WLM_SHK,BigRockStadium,CPL,CPL,20250626-BigRockStadium-1,2c4df810-52de-11f0-91de-9dd0983a3e69,85.76517,NA,NA,8.89182,NA,NA,NA,NA,NA,NA,67bf9003-9d93-49fb-89c2-36bfdacb035e,2025-06-26,22:37:42,2025-06-26T22:37:42Z,2025-06-26T22:37:42Z,NA,v3,NA,NA,NA,"Poppell, Broedy",701435,Right,MOR_HED,7d0872a8-451a-4996-9793-c754a9f0cf36,54.05462,-126.31223,14.90485,5.65268,-2.18958,-9.16533,1.7392,-8.58608,7.17728,NA,NA,NA,NA,NA,NA,NA,NA,NA,NA,NA,NA,NA,NA,NA,NA,NA,NA,NA,NA,NA,NA,NA,NA,NA,NA,NA,NA,NA,NA,NA,NA,NA,NA,NA,NA,NA,NA,NA,NA,NA,NA,NA,NA,NA,NA,NA,NA,NA,NA,High,High,High,NA,NA,NA,NA,NA,NA,NA,NA,NA,NA,NA,NA,NA,NA,NA,NA,NA,NA,NA,NA,NA,NA,NA,NA,NA,NA,NA,NA,NA,NA,NA,NA,NA,NA,NA,NA,NA,NA,NA,NA,NA,NA,NA,NA,NA,NA,NA,NA,NA,NA,NA,NA,NA,NA,NA,NA,NA,NA
NA,NA,NA,NA,NA,NA,NA,NA,NA,NA,NA,NA,NA,NA,NA,NA,18,2025-06-26,18:38:06,5,4,"Serce, Nick",1000334553,Left,MOR_HED,"Tobias, Jacob",10041882,Left,WLM_SHK,Undefined,1,Top,2,2,1,Fastball,Sinker,StrikeSwinging,Undefined,Undefined,Undefined,0,0,NA,85.95944,-1.790546,3.030787,2190.928778,141.158968,10:45:00,5.63903,-1.75365,6.38847,-18.10568,19.85533,-14.80217,2.48041,-0.19681,76.95785,-5.313814,0.353101,0.443446,NA,NA,NA,NA,NA,NA,NA,NA,NA,NA,NA,8.77335,11.39008,1.5421,50,5.50173,-6.02098,-124.52641,-4.33273,13.46042,30.34894,-14.69897,MOR_HED,WLM_SHK,BigRockStadium,CPL,CPL,20250626-BigRockStadium-1,3ab149c0-52de-11f0-91de-9dd0983a3e69,84.99902,NA,NA,9.00159,NA,NA,NA,NA,NA,NA,67bf9003-9d93-49fb-89c2-36bfdacb035e,2025-06-26,22:38:06,2025-06-26T22:38:06Z,2025-06-26T22:38:06Z,NA,v3,NA,NA,NA,"Poppell, Broedy",701435,Right,MOR_HED,41797206-5dc8-42a9-9421-f627e460e5f9,54.10797,-125.52359,15.17447,5.63616,-3.84976,-7.34949,1.7472,-6.46326,6.73021,NA,NA,NA,NA,NA,NA,NA,NA,NA,NA,NA,NA,NA,NA,NA,NA,NA,NA,NA,NA,NA,NA,NA,NA,NA,NA,NA,NA,NA,NA,NA,NA,NA,NA,NA,NA,NA,NA,NA,NA,NA,NA,NA,NA,NA,NA,NA,NA,NA,NA,High,High,High,NA,NA,NA,NA,NA,NA,NA,NA,NA,NA,NA,NA,NA,NA,NA,NA,NA,NA,NA,NA,NA,NA,NA,NA,NA,NA,NA,NA,NA,NA,NA,NA,NA,NA,NA,NA,NA,NA,NA,NA,NA,NA,NA,NA,NA,NA,NA,NA,NA,NA,NA,NA,NA,NA,NA,NA,NA,NA
NA,NA,NA,NA,NA,NA,NA,NA,NA,NA,NA,NA,NA,NA,NA,NA,19,2025-06-26,18:38:33,5,5,"Serce, Nick",1000334553,Left,MOR_HED,"Tobias, Jacob",10041882,Left,WLM_SHK,Undefined,1,Top,2,2,2,Fastball,Sinker,FoulBallNotFieldable,Undefined,Undefined,Undefined,0,0,NA,86.40471,-0.278852,2.572288,2154.46466,127.108245,10:15:00,5.74929,-1.80092,6.32808,-23.19671,14.25757,-17.01304,3.55919,-0.84834,77.61823,-4.712188,-0.503891,0.440476,63.36061,62.169878,171.333263,4970.091204,NA,NA,NA,NA,33.65994,NA,NA,9.7115,7.9054,1.62091,50,5.718,-4.96348,-125.31971,-1.25749,15.14992,29.82565,-19.84162,MOR_HED,WLM_SHK,BigRockStadium,CPL,CPL,20250626-BigRockStadium-1,4ad73300-52de-11f0-91de-9dd0983a3e69,85.5721,52.21203,NA,8.78648,NA,NA,NA,1.69392,3.77656,0.87333,67bf9003-9d93-49fb-89c2-36bfdacb035e,2025-06-26,22:38:33,2025-06-26T22:38:33Z,2025-06-26T22:38:33Z,NA,v3,NA,NA,NA,"Poppell, Broedy",701435,Right,MOR_HED,755a1a19-2a51-4b4b-965d-cba353336ee9,54.16906,-126.30804,14.91283,5.74878,-0.60001,-9.92081,1.7937,-5.4655,7.57496,8.285058,1.69392,-42.88924,-0.11088,1.37735,0.46375,-2.45532,3.55922,-2.43717,0.64787,3.77657,82.17952,-31.11834,4.08515,0.05984,-2.27603,3.23701,-2.12618,0.53727,0.87333,6.5377,2.23873,-0.84077,-0.19994,1.10493,-1.57935,1.06732,-0.27958,NA,NA,NA,NA,NA,NA,NA,NA,NA,NA,NA,NA,NA,NA,NA,NA,NA,NA,NA,NA,NA,NA,High,High,High,High,Undefined,NA,NA,NA,NA,NA,NA,NA,NA,NA,NA,NA,NA,NA,NA,NA,NA,NA,NA,NA,NA,NA,NA,NA,NA,NA,NA,NA,NA,NA,NA,NA,NA,NA,NA,NA,NA,NA,NA,NA,NA,NA,NA,NA,NA,NA,NA,NA,NA,NA,NA,NA,NA,NA,NA,NA,NA
NA,NA,NA,NA,NA,NA,NA,NA,NA,NA,NA,NA,NA,NA,NA,NA,20,2025-06-26,18:39:05,5,6,"Serce, Nick",1000334553,Left,MOR_HED,"Tobias, Jacob",10041882,Left,WLM_SHK,Undefined,1,Top,2,2,2,Fastball,Four-Seam,StrikeSwinging,Strikeout,Undefined,Undefined,0,0,NA,86.91474,-2.548219,3.311666,2232.561128,149.450446,11:00:00,5.72591,-1.80011,6.39117,-15.23139,21.33706,-11.86186,2.10739,0.26076,79.08764,-5.504568,1.167373,0.435236,NA,NA,NA,NA,NA,NA,NA,NA,NA,NA,NA,7.1287,12.22536,1.56699,50,5.53506,-6.82802,-125.99855,-5.96551,11.40554,26.73482,-12.61413,MOR_HED,WLM_SHK,BigRockStadium,CPL,CPL,20250626-BigRockStadium-1,5e061680-52de-11f0-91de-9dd0983a3e69,86.60232,NA,NA,7.8271,NA,NA,NA,NA,NA,NA,67bf9003-9d93-49fb-89c2-36bfdacb035e,2025-06-26,22:39:05,2025-06-26T22:39:05Z,2025-06-26T22:39:05Z,NA,v3,NA,NA,NA,"Poppell, Broedy",701435,Right,MOR_HED,4b158052-6f66-43ac-bd6a-d81c71f8d6bf,54.10629,-126.86685,13.36741,5.72216,-5.55582,-6.30706,1.79476,-7.19845,5.70277,NA,NA,NA,NA,NA,NA,NA,NA,NA,NA,NA,NA,NA,NA,NA,NA,NA,NA,NA,NA,NA,NA,NA,NA,NA,NA,NA,NA,60.84418,NA,NA,1.12793,NA,NA,NA,-1.68997,4.93018,-3.90346,68.689,1.95694,56.09569,-1.65865,68.13567,-5.15835,4.95825,14.15229,-14.95167,-3.89741,55.18919,-1.78222,High,High,High,NA,NA,High,High,High,NA,NA,NA,NA,NA,NA,NA,NA,NA,NA,NA,NA,NA,NA,NA,NA,NA,NA,NA,NA,NA,NA,NA,NA,NA,NA,NA,NA,NA,NA,NA,NA,NA,NA,NA,NA,NA,NA,NA,NA,NA,NA,NA,NA,NA,NA,NA,NA,NA,NA,NA,NA,NA
NA,NA,NA,NA,NA,NA,NA,NA,NA,NA,NA,NA,NA,NA,NA,NA,21,2025-06-26,18:41:50,1,1,"Roycraft, Nolan",831160,Left,WLM_SHK,"Mally, Tanner",10021383,Right,MOR_HED,Undefined,1,Bottom,0,0,0,Fastball,Sinker,FoulBallNotFieldable,Undefined,Undefined,Undefined,0,0,NA,87.36533,-1.603417,2.259273,2230.377649,139.487176,10:45:00,5.85167,-1.76373,6.40381,-17.35485,19.36973,-15.32961,2.92949,-0.96261,78.1253,-4.987947,-0.517125,0.436164,69.27183,45.825921,123.580439,4552.384453,NA,NA,NA,NA,33.99152,NA,NA,8.72756,11.04123,1.60815,50,5.72861,-4.37978,-126.62126,-3.95948,13.83233,31.584,-14.67478,MOR_HED,WLM_SHK,BigRockStadium,CPL,CPL,20250626-BigRockStadium-1,c022f860-52de-11f0-91de-9dd0983a3e69,86.41803,30.53106,NA,9.24002,NA,NA,NA,-0.18157,2.75102,1.09295,67bf9003-9d93-49fb-89c2-36bfdacb035e,2025-06-26,22:41:50,2025-06-26T22:41:50Z,2025-06-26T22:41:50Z,NA,v3,NA,NA,NA,"Manley, Nathan",1000093427,Right,WLM_SHK,b31f65a1-2129-472f-810c-0b9140ca5d2b,54.09114,-127.63766,15.792,5.84844,-3.48723,-7.33739,1.75626,-4.82492,6.91616,331.336486,-0.16852,-39.52988,-1.7118,NA,NA,NA,NA,NA,NA,2.77999,72.05763,-30.28721,NA,NA,NA,NA,NA,NA,1.09874,58.82365,-7.5134,NA,NA,NA,NA,NA,NA,NA,NA,NA,NA,NA,NA,NA,NA,NA,NA,NA,NA,NA,NA,NA,NA,NA,NA,NA,NA,NA,NA,High,High,High,High,Undefined,NA,NA,NA,NA,NA,NA,NA,NA,NA,NA,NA,NA,NA,NA,NA,NA,NA,NA,NA,NA,NA,NA,NA,NA,NA,NA,NA,NA,NA,NA,NA,NA,NA,NA,NA,NA,NA,NA,NA,NA,NA,NA,NA,NA,NA,NA,NA,NA,NA,NA,NA,NA,NA,NA,NA,NA
NA,NA,NA,NA,NA,NA,NA,NA,NA,NA,NA,NA,NA,NA,NA,NA,22,2025-06-26,18:42:13,1,2,"Roycraft, Nolan",831160,Left,WLM_SHK,"Mally, Tanner",10021383,Right,MOR_HED,Undefined,1,Bottom,0,0,1,Fastball,Sinker,BallCalled,Undefined,Undefined,Undefined,0,0,NA,86.34013,0.900709,2.442736,2028.681669,130.352811,10:15:00,5.91599,-1.50911,6.11116,-24.04265,13.39182,-14.28505,4.74611,-0.43948,78.24773,-3.649759,-0.128721,0.440359,NA,NA,NA,NA,NA,NA,NA,NA,NA,NA,NA,8.06859,7.00721,1.32878,50,5.9726,-4.76604,-125.28518,1.25667,12.73087,27.03495,-21.11785,MOR_HED,WLM_SHK,BigRockStadium,CPL,CPL,20250626-BigRockStadium-1,cdda0480-52de-11f0-91de-9dd0983a3e69,85.59472,NA,NA,8.0924,NA,NA,NA,NA,NA,NA,67bf9003-9d93-49fb-89c2-36bfdacb035e,2025-06-26,22:42:13,2025-06-26T22:42:13Z,2025-06-26T22:42:13Z,NA,v3,NA,NA,NA,"Manley, Nathan",1000093427,Right,WLM_SHK,fa6d1b16-521e-406a-8d96-a3d4e69518cc,54.38608,-126.2281,13.51747,5.91593,1.99321,-10.55892,1.50275,-5.21006,6.36543,NA,NA,NA,NA,NA,NA,NA,NA,NA,NA,NA,NA,NA,NA,NA,NA,NA,NA,NA,NA,NA,NA,NA,NA,NA,NA,NA,NA,NA,NA,NA,NA,NA,NA,NA,NA,NA,NA,NA,NA,NA,NA,NA,NA,NA,NA,NA,NA,NA,NA,High,High,High,NA,NA,NA,NA,NA,NA,NA,NA,NA,NA,NA,NA,NA,NA,NA,NA,NA,NA,NA,NA,NA,NA,NA,NA,NA,NA,NA,NA,NA,NA,NA,NA,NA,NA,NA,NA,NA,NA,NA,NA,NA,NA,NA,NA,NA,NA,NA,NA,NA,NA,NA,NA,NA,NA,NA,NA,NA,NA
NA,NA,NA,NA,NA,NA,NA,NA,NA,NA,NA,NA,NA,NA,NA,NA,23,2025-06-26,18:42:32,1,3,"Roycraft, Nolan",831160,Left,WLM_SHK,"Mally, Tanner",10021383,Right,MOR_HED,Undefined,1,Bottom,0,1,1,Slider,Slider,InPlay,Undefined,GroundBall,Out,1,0,NA,78.56149,0.685866,1.303592,2073.874557,170.469259,11:45:00,5.63765,-1.57694,6.24457,-35.54596,8.67827,-1.24665,3.30827,-0.47828,72.62944,-5.934264,1.078373,0.478632,87.10945,3.676406,-7.008791,1347.280828,NA,NA,NA,77.5539,56.3065,-7.145163,0.642929,0.97701,4.72189,1.48055,50,5.67103,-2.55705,-114.27755,0.35652,1.30383,19.25321,-25.87266,MOR_HED,WLM_SHK,BigRockStadium,CPL,CPL,20250626-BigRockStadium-1,d94f8510-52de-11f0-91de-9dd0983a3e69,78.75037,3.96789,NA,5.93205,NA,NA,NA,0.37049,3.17881,0.41444,67bf9003-9d93-49fb-89c2-36bfdacb035e,2025-06-26,22:42:32,2025-06-26T22:42:32Z,2025-06-26T22:42:32Z,GroundBall,v3,NA,NA,NA,"Manley, Nathan",1000093427,Right,WLM_SHK,274e7280-8530-4cea-9815-61a8d18e03b5,54.25494,-114.99218,9.62661,5.63997,1.31684,-12.93633,1.57636,-2.60544,0.65192,20.313248,0.3812,126.32022,-11.26025,NA,NA,NA,NA,NA,NA,3.19951,7.76023,-19.85852,NA,NA,NA,NA,NA,NA,0.41658,-15.6023,-0.08192,NA,NA,NA,NA,NA,NA,NA,NA,NA,NA,NA,NA,NA,NA,NA,NA,NA,NA,NA,NA,NA,NA,NA,NA,NA,NA,NA,NA,High,High,High,High,High,NA,NA,NA,NA,NA,NA,NA,NA,NA,NA,NA,NA,NA,NA,NA,NA,NA,NA,NA,NA,NA,NA,NA,NA,NA,NA,NA,NA,NA,NA,NA,NA,NA,NA,NA,NA,NA,NA,NA,NA,NA,NA,NA,NA,NA,NA,NA,NA,NA,NA,NA,NA,NA,NA,NA,NA
NA,NA,NA,NA,NA,NA,NA,NA,NA,NA,NA,NA,NA,NA,NA,NA,24,2025-06-26,18:43:12,2,1,"Roycraft, Nolan",831160,Left,WLM_SHK,"LeJeune, Tyler",1000077446,Left,MOR_HED,Undefined,1,Bottom,1,0,0,Slider,Slider,BallCalled,Undefined,Undefined,Undefined,0,0,NA,77.92731,1.889959,2.226358,2043.866026,202.498847,12:45:00,5.48585,-1.81466,6.38437,-36.8514,9.80308,3.27567,4.1554,0.50734,69.13231,-5.111359,2.818578,0.491607,NA,NA,NA,NA,NA,NA,NA,NA,NA,NA,NA,-0.8452,4.97351,1.65314,50,5.60576,-4.50576,-112.76595,2.72653,-1.05292,26.71558,-25.97825,MOR_HED,WLM_SHK,BigRockStadium,CPL,CPL,20250626-BigRockStadium-1,f11a10c0-52de-11f0-91de-9dd0983a3e69,76.67189,NA,NA,8.795,NA,NA,NA,NA,NA,NA,67bf9003-9d93-49fb-89c2-36bfdacb035e,2025-06-26,22:43:12,2025-06-26T22:43:12Z,2025-06-26T22:43:12Z,NA,v3,NA,NA,NA,"Manley, Nathan",1000093427,Right,WLM_SHK,c534f153-5ae8-4af3-9b6d-0cad58dd74b4,54.1063,-113.73462,13.35779,5.48983,3.66846,-12.98913,1.81582,-4.46759,-0.52646,NA,NA,NA,NA,NA,NA,NA,NA,NA,NA,NA,NA,NA,NA,NA,NA,NA,NA,NA,NA,NA,NA,NA,NA,NA,NA,NA,NA,NA,NA,NA,NA,NA,NA,NA,NA,NA,NA,NA,NA,NA,NA,NA,NA,NA,NA,NA,NA,NA,NA,High,High,High,NA,NA,NA,NA,NA,NA,NA,NA,NA,NA,NA,NA,NA,NA,NA,NA,NA,NA,NA,NA,NA,NA,NA,NA,NA,NA,NA,NA,NA,NA,NA,NA,NA,NA,NA,NA,NA,NA,NA,NA,NA,NA,NA,NA,NA,NA,NA,NA,NA,NA,NA,NA,NA,NA,NA,NA,NA,NA
NA,NA,NA,NA,NA,NA,NA,NA,NA,NA,NA,NA,NA,NA,NA,NA,25,2025-06-26,18:43:29,2,2,"Roycraft, Nolan",831160,Left,WLM_SHK,"LeJeune, Tyler",1000077446,Left,MOR_HED,Undefined,1,Bottom,1,1,0,Curveball,Curveball,StrikeCalled,Undefined,Undefined,Undefined,0,0,NA,75.2774,2.576056,0.938027,2312.089809,304.099463,04:15:00,5.71612,-1.79098,5.99599,-58.62976,-8.62898,15.38627,3.21937,0.36052,68.09296,-8.241756,3.705668,0.508932,NA,NA,NA,NA,NA,NA,NA,NA,NA,NA,NA,-7.51689,-4.66551,1.7091,50,5.88785,-2.34978,-109.16474,3.10323,-8.89059,22.77592,-37.6922,MOR_HED,WLM_SHK,BigRockStadium,CPL,CPL,20250626-BigRockStadium-1,fb5d79f0-52de-11f0-91de-9dd0983a3e69,74.06182,NA,NA,7.18444,NA,NA,NA,NA,NA,NA,67bf9003-9d93-49fb-89c2-36bfdacb035e,2025-06-26,22:43:29,2025-06-26T22:43:29Z,2025-06-26T22:43:29Z,NA,v3,NA,NA,NA,"Manley, Nathan",1000093427,Right,WLM_SHK,76cd7dcd-f4ff-460b-8aae-5bfe11ac4d1e,54.50343,-110.10032,11.38796,5.72858,4.65153,-18.8461,1.79812,-1.98458,-4.44529,NA,NA,NA,NA,NA,NA,NA,NA,NA,NA,NA,NA,NA,NA,NA,NA,NA,NA,NA,NA,NA,NA,NA,NA,NA,NA,NA,NA,NA,NA,NA,NA,NA,NA,NA,NA,NA,NA,NA,NA,NA,NA,NA,NA,NA,NA,NA,NA,NA,NA,High,High,High,NA,NA,NA,NA,NA,NA,NA,NA,NA,NA,NA,NA,NA,NA,NA,NA,NA,NA,NA,NA,NA,NA,NA,NA,NA,NA,NA,NA,NA,NA,NA,NA,NA,NA,NA,NA,NA,NA,NA,NA,NA,NA,NA,NA,NA,NA,NA,NA,NA,NA,NA,NA,NA,NA,NA,NA,NA,NA
NA,NA,NA,NA,NA,NA,NA,NA,NA,NA,NA,NA,NA,NA,NA,NA,26,2025-06-26,18:43:45,2,3,"Roycraft, Nolan",831160,Left,WLM_SHK,"LeJeune, Tyler",1000077446,Left,MOR_HED,Undefined,1,Bottom,1,1,1,Fastball,Changeup,BallCalled,Undefined,Undefined,Undefined,0,0,NA,85.83726,0.862523,2.579018,1961.284689,123.387793,10:00:00,5.69604,-1.55857,6.24496,-27.3684,10.52099,-13.94013,4.21173,-0.33996,77.43984,-4.311387,0.063304,0.443027,NA,NA,NA,NA,NA,NA,NA,NA,NA,NA,NA,8.00654,5.57441,1.37305,50,5.74693,-5.05313,-124.5072,1.0584,12.4032,28.06102,-23.53851,MOR_HED,WLM_SHK,BigRockStadium,CPL,CPL,20250626-BigRockStadium-1,04e7f360-52df-11f0-91de-9dd0983a3e69,85.07931,NA,NA,8.39741,NA,NA,NA,NA,NA,NA,67bf9003-9d93-49fb-89c2-36bfdacb035e,2025-06-26,22:43:45,2025-06-26T22:43:45Z,2025-06-26T22:43:45Z,NA,v3,NA,NA,NA,"Manley, Nathan",1000093427,Right,WLM_SHK,61688be9-25b4-494c-b6d7-439275127504,54.25168,-125.46177,14.03051,5.6973,1.85913,-11.76926,1.55212,-5.47506,6.2016,NA,NA,NA,NA,NA,NA,NA,NA,NA,NA,NA,NA,NA,NA,NA,NA,NA,NA,NA,NA,NA,NA,NA,NA,NA,NA,NA,NA,NA,NA,NA,NA,NA,NA,NA,NA,NA,NA,NA,NA,NA,NA,NA,NA,NA,NA,NA,NA,NA,NA,High,High,High,NA,NA,NA,NA,NA,NA,NA,NA,NA,NA,NA,NA,NA,NA,NA,NA,NA,NA,NA,NA,NA,NA,NA,NA,NA,NA,NA,NA,NA,NA,NA,NA,NA,NA,NA,NA,NA,NA,NA,NA,NA,NA,NA,NA,NA,NA,NA,NA,NA,NA,NA,NA,NA,NA,NA,NA,NA,NA
NA,NA,NA,NA,NA,NA,NA,NA,NA,NA,NA,NA,NA,NA,NA,NA,27,2025-06-26,18:44:04,2,4,"Roycraft, Nolan",831160,Left,WLM_SHK,"LeJeune, Tyler",1000077446,Left,MOR_HED,Undefined,1,Bottom,1,2,1,Slider,Changeup,BallCalled,Undefined,Undefined,Undefined,0,0,NA,81.9958,1.085594,4.06924,1905.997377,145.64682,10:45:00,5.54026,-1.85661,6.34303,-32.55793,8.75863,-5.03441,3.82915,1.47634,74.38638,-5.031837,3.161966,0.46263,NA,NA,NA,NA,NA,NA,NA,NA,NA,NA,NA,3.83673,4.65681,1.56258,50,5.60423,-8.26368,-118.80181,1.31789,5.43785,24.52458,-25.57391,MOR_HED,WLM_SHK,BigRockStadium,CPL,CPL,20250626-BigRockStadium-1,1035c7b0-52df-11f0-91de-9dd0983a3e69,81.47434,NA,NA,7.60942,NA,NA,NA,NA,NA,NA,67bf9003-9d93-49fb-89c2-36bfdacb035e,2025-06-26,22:44:04,2025-06-26T22:44:04Z,2025-06-26T22:44:04Z,NA,v3,NA,NA,NA,"Manley, Nathan",1000093427,Right,WLM_SHK,520eed32-05ef-4218-8f34-5d829333e382,54.15349,-119.65616,12.26229,5.5428,2.20879,-12.78696,1.85376,-8.45312,2.71893,NA,NA,NA,NA,NA,NA,NA,NA,NA,NA,NA,NA,NA,NA,NA,NA,NA,NA,NA,NA,NA,NA,NA,NA,NA,NA,NA,NA,NA,NA,NA,NA,NA,NA,NA,NA,NA,NA,NA,NA,NA,NA,NA,NA,NA,NA,NA,NA,NA,NA,High,High,High,NA,NA,NA,NA,NA,NA,NA,NA,NA,NA,NA,NA,NA,NA,NA,NA,NA,NA,NA,NA,NA,NA,NA,NA,NA,NA,NA,NA,NA,NA,NA,NA,NA,NA,NA,NA,NA,NA,NA,NA,NA,NA,NA,NA,NA,NA,NA,NA,NA,NA,NA,NA,NA,NA,NA,NA,NA,NA
NA,NA,NA,NA,NA,NA,NA,NA,NA,NA,NA,NA,NA,NA,NA,NA,28,2025-06-26,18:44:21,2,5,"Roycraft, Nolan",831160,Left,WLM_SHK,"LeJeune, Tyler",1000077446,Left,MOR_HED,Undefined,1,Bottom,1,3,1,Fastball,Four-Seam,StrikeCalled,Undefined,Undefined,Undefined,0,0,NA,86.8792,-0.823683,1.937296,2010.2452270000001,150.701386,11:00:00,5.79103,-1.7418,6.36387,-19.2769,17.47493,-9.08162,3.42615,-0.71514,78.53462,-4.531775,0.293686,0.436326,NA,NA,NA,NA,NA,NA,NA,NA,NA,NA,NA,5.31473,9.72772,1.60555,50,5.72228,-3.90617,-126.09401,-2.31441,8.45375,28.51976,-16.70079,MOR_HED,WLM_SHK,BigRockStadium,CPL,CPL,20250626-BigRockStadium-1,1a86ec80-52df-11f0-91de-9dd0983a3e69,86.38603,NA,NA,8.34458,NA,NA,NA,NA,NA,NA,67bf9003-9d93-49fb-89c2-36bfdacb035e,2025-06-26,22:44:21,2025-06-26T22:44:21Z,2025-06-26T22:44:21Z,NA,v3,NA,NA,NA,"Manley, Nathan",1000093427,Right,WLM_SHK,9f81cbd8-a798-4d0f-9608-8b8e0873f3d7,54.13221,-127.02519,14.25988,5.78895,-1.76912,-8.35039,1.7376,-4.18219,4.22688,NA,NA,NA,NA,NA,NA,NA,NA,NA,NA,NA,NA,NA,NA,NA,NA,NA,NA,NA,NA,NA,NA,NA,NA,NA,NA,NA,NA,NA,NA,NA,NA,NA,NA,NA,NA,NA,NA,NA,NA,NA,NA,NA,NA,NA,NA,NA,NA,NA,NA,High,High,High,NA,NA,NA,NA,NA,NA,NA,NA,NA,NA,NA,NA,NA,NA,NA,NA,NA,NA,NA,NA,NA,NA,NA,NA,NA,NA,NA,NA,NA,NA,NA,NA,NA,NA,NA,NA,NA,NA,NA,NA,NA,NA,NA,NA,NA,NA,NA,NA,NA,NA,NA,NA,NA,NA,NA,NA,NA,NA
NA,NA,NA,NA,NA,NA,NA,NA,NA,NA,NA,NA,NA,NA,NA,NA,29,2025-06-26,18:44:42,2,6,"Roycraft, Nolan",831160,Left,WLM_SHK,"LeJeune, Tyler",1000077446,Left,MOR_HED,Undefined,1,Bottom,1,3,2,Curveball,Curveball,BallCalled,Walk,Undefined,Undefined,0,0,NA,74.05491,3.342425,0.285926,2221.714086,305.212148,04:15:00,5.59435,-1.60836,6.39904,-59.47409,-9.06115,15.18209,3.7155,-0.08024,67.50309,-7.695614,3.036875,0.511025,NA,NA,NA,NA,NA,NA,NA,NA,NA,NA,NA,-7.79363,-5.20276,1.5815,50,5.80795,-1.04466,-107.52883,4.59893,-9.03332,20.39262,-38.20437,MOR_HED,WLM_SHK,BigRockStadium,CPL,CPL,20250626-BigRockStadium-1,26b38810-52df-11f0-91de-9dd0983a3e69,73.75847,NA,NA,6.55182,NA,NA,NA,NA,NA,NA,67bf9003-9d93-49fb-89c2-36bfdacb035e,2025-06-26,22:44:42,2025-06-26T22:44:42Z,2025-06-26T22:44:42Z,NA,v3,NA,NA,NA,"Manley, Nathan",1000093427,Right,WLM_SHK,debc4346-b34e-4d4e-8474-c94afa9466c3,54.10269,-108.3041,10.19631,5.6055,6.05136,-19.10219,1.61469,-0.70123,-4.51666,NA,NA,NA,NA,NA,NA,NA,NA,NA,NA,NA,NA,NA,NA,NA,NA,NA,NA,NA,NA,NA,NA,NA,NA,NA,NA,NA,NA,NA,NA,NA,NA,NA,NA,NA,NA,NA,NA,NA,NA,NA,NA,NA,NA,NA,NA,NA,NA,NA,NA,High,High,High,NA,NA,NA,NA,NA,NA,NA,NA,NA,NA,NA,NA,NA,NA,NA,NA,NA,NA,NA,NA,NA,NA,NA,NA,NA,NA,NA,NA,NA,NA,NA,NA,NA,NA,NA,NA,NA,NA,NA,NA,NA,NA,NA,NA,NA,NA,NA,NA,NA,NA,NA,NA,NA,NA,NA,NA,NA,NA
NA,NA,NA,NA,NA,NA,NA,NA,NA,NA,NA,NA,NA,NA,NA,NA,30,2025-06-26,18:45:14,3,1,"Roycraft, Nolan",831160,Left,WLM_SHK,"Poppell, Broedy",701435,Right,MOR_HED,Undefined,1,Bottom,1,0,0,Slider,Curveball,FoulBallNotFieldable,Undefined,Undefined,Undefined,0,0,NA,77.0216,0.931014,2.547729,2012.057861,250.657244,02:15:00,5.52466,-2.0063,6.39686,-44.48573,3.34122,3.89063,2.67467,0.66253,68.48748,-7.440728,3.251828,0.497746,56.76616,29.244607,171.635574,3751.661701,NA,NA,NA,120.7381,48.63622,174.910401,1.984278,-1.03941,1.93858,1.82177,50,5.57187,-5.09914,-111.52074,0.57872,-1.26101,26.89593,-29.82218,MOR_HED,WLM_SHK,BigRockStadium,CPL,CPL,20250626-BigRockStadium-1,3a409120-52df-11f0-91de-9dd0983a3e69,75.72627,20.71416,NA,8.53411,NA,NA,NA,1.5644,2.77074,-0.62473,67bf9003-9d93-49fb-89c2-36bfdacb035e,2025-06-26,22:45:14,2025-06-26T22:45:14Z,2025-06-26T22:45:14Z,LineDrive,v3,NA,NA,NA,"Manley, Nathan",1000093427,Right,WLM_SHK,bdd37a28-4189-4d65-9541-bf8973d9c395,54.09758,-112.50463,13.44796,5.53074,1.66966,-14.91109,2.00746,-5.05301,-0.63051,342.31414,1.56444,-71.87689,4.69179,0.12159,0.65642,-0.94504,0.67142,-0.23282,0.03115,2.77073,40.67574,-25.13056,2.69816,-0.50831,0.11996,-0.06131,0.02966,-0.00531,-0.62475,10.56948,-2.74715,0.31114000000000003,-0.28759,0.32838,-0.23079,0.08137,-0.01108,NA,NA,NA,NA,NA,NA,NA,NA,NA,NA,NA,NA,NA,NA,NA,NA,NA,NA,NA,NA,NA,NA,High,High,High,High,Medium,NA,NA,NA,NA,NA,NA,NA,NA,NA,NA,NA,NA,NA,NA,NA,NA,NA,NA,NA,NA,NA,NA,NA,NA,NA,NA,NA,NA,NA,NA,NA,NA,NA,NA,NA,NA,NA,NA,NA,NA,NA,NA,NA,NA,NA,NA,NA,NA,NA,NA,NA,NA,NA,NA,NA,NA
NA,NA,NA,NA,NA,NA,NA,NA,NA,NA,NA,NA,NA,NA,NA,NA,31,2025-06-26,18:45:38,3,2,"Roycraft, Nolan",831160,Left,WLM_SHK,"Poppell, Broedy",701435,Right,MOR_HED,Undefined,1,Bottom,1,0,1,Fastball,Sinker,InPlay,Undefined,GroundBall,Out,2,0,NA,86.47719,-1.371099,2.685354,1951.658479,128.17327,10:15:00,5.63751,-1.80474,6.61849,-23.89852,12.80583,-14.66957,2.3887,-0.56616,78.4418,-5.922845,0.017668,0.436044,88.82023,-19.071527,13.421639,NA,NA,NA,NA,7.33597,6.2512,14.812257,0.051909,8.55745,7.53878,1.62788,50,5.53444,-5.34294,-125.53853,-3.65442,13.50789,27.99455,-20.27411,MOR_HED,WLM_SHK,BigRockStadium,CPL,CPL,20250626-BigRockStadium-1,486700e0-52df-11f0-91de-9dd0983a3e69,86.44182,2.21373,NA,8.03539,NA,NA,NA,0.86392,2.21373,0.38919,67bf9003-9d93-49fb-89c2-36bfdacb035e,2025-06-26,22:45:38,2025-06-26T22:45:38Z,2025-06-26T22:45:38Z,GroundBall,v3,NA,NA,NA,"Manley, Nathan",1000093427,Right,WLM_SHK,60212174-cec3-4845-9b3d-638c8698ff27,53.87974,-126.40074,13.99728,5.63738,-3.02999,-10.13706,1.79884,-5.75897,6.75395,180,0.86201,119.98497,NA,NA,NA,NA,NA,NA,NA,2.2144,-42.6465,NA,NA,NA,NA,NA,NA,NA,0.38874,28.63234,NA,NA,NA,NA,NA,NA,NA,NA,NA,NA,NA,NA,NA,NA,NA,NA,NA,NA,NA,NA,NA,NA,NA,NA,NA,NA,NA,NA,NA,High,High,High,Low,Low,NA,NA,NA,NA,NA,NA,NA,NA,NA,NA,NA,NA,NA,NA,NA,NA,NA,NA,NA,NA,NA,NA,NA,NA,NA,NA,NA,NA,NA,NA,NA,NA,NA,NA,NA,NA,NA,NA,NA,NA,NA,NA,NA,NA,NA,NA,NA,NA,NA,NA,NA,NA,NA,NA,NA,NA
NA,NA,NA,NA,NA,NA,NA,NA,NA,NA,NA,NA,NA,NA,NA,NA,32,2025-06-26,18:47:59,1,1,"Serce, Nick",1000334553,Left,MOR_HED,"Suto, Cameron",1000124567,Right,WLM_SHK,Undefined,2,Top,0,0,0,Fastball,Sinker,StrikeCalled,Undefined,Undefined,Undefined,0,0,NA,85.096,-0.978913,3.640384,2184.33557,137.768786,10:30:00,5.61072,-1.83149,6.26682,-20.16911,18.74529,-15.65493,3.02555,0.22466,76.15914,-4.875519,0.81779,0.448979,NA,NA,NA,NA,NA,NA,NA,NA,NA,NA,NA,9.26205,10.44753,1.5685500000000001,50,5.52818,-7.20503,-123.18395,-2.61744,13.93212,29.27127,-16.45867,MOR_HED,WLM_SHK,BigRockStadium,CPL,CPL,20250626-BigRockStadium-1,9c834a80-52df-11f0-91de-9dd0983a3e69,83.95136,NA,NA,8.93686,NA,NA,NA,NA,NA,NA,67bf9003-9d93-49fb-89c2-36bfdacb035e,2025-06-26,22:47:59,2025-06-26T22:47:59Z,2025-06-26T22:47:59Z,NA,v3,NA,NA,NA,"Poppell, Broedy",701435,Right,MOR_HED,869524f1-4801-4bf7-b932-fb5e312a2861,54.22726,-124.18438,14.63563,5.60803,-2.05491,-8.22934,1.82294,-7.6812,6.96606,NA,NA,NA,NA,NA,NA,NA,NA,NA,NA,NA,NA,NA,NA,NA,NA,NA,NA,NA,NA,NA,NA,NA,NA,NA,NA,NA,NA,NA,NA,NA,NA,NA,NA,NA,NA,NA,NA,NA,NA,NA,NA,NA,NA,NA,NA,NA,NA,NA,NA,High,High,High,NA,NA,NA,NA,NA,NA,NA,NA,NA,NA,NA,NA,NA,NA,NA,NA,NA,NA,NA,NA,NA,NA,NA,NA,NA,NA,NA,NA,NA,NA,NA,NA,NA,NA,NA,NA,NA,NA,NA,NA,NA,NA,NA,NA,NA,NA,NA,NA,NA,NA,NA,NA,NA,NA,NA,NA,NA,NA
NA,NA,NA,NA,NA,NA,NA,NA,NA,NA,NA,NA,NA,NA,NA,NA,33,2025-06-26,18:48:14,1,2,"Serce, Nick",1000334553,Left,MOR_HED,"Suto, Cameron",1000124567,Right,WLM_SHK,Undefined,2,Top,0,0,1,ChangeUp,Slider,StrikeSwinging,Undefined,Undefined,Undefined,0,0,NA,74.47756,0.406476,2.421345,996.257145,163.775594,11:30:00,5.48415,-1.95805,6.34493,-36.07278,14.03442,-3.5724,2.85262,-0.02539,67.5199,-6.401402,1.775434,0.509473,NA,NA,NA,NA,NA,NA,NA,NA,NA,NA,NA,2.61071,7.7037,1.78361,50,5.49693,-4.44708,-108.03858,-0.15229,3.04756,20.99521,-23.1813,MOR_HED,WLM_SHK,BigRockStadium,CPL,CPL,20250626-BigRockStadium-1,a5293050-52df-11f0-91de-9dd0983a3e69,73.98314,NA,NA,6.95766,NA,NA,NA,NA,NA,NA,67bf9003-9d93-49fb-89c2-36bfdacb035e,2025-06-26,22:48:14,2025-06-26T22:48:14Z,2025-06-26T22:48:14Z,NA,v3,NA,NA,NA,"Poppell, Broedy",701435,Right,MOR_HED,02a0ef0b-599d-4444-86f9-4a36ab030e7f,54.15019,-108.8421,10.49761,5.48578,0.7349,-11.59065,1.95604,-4.56371,1.52378,NA,NA,NA,NA,NA,NA,NA,NA,NA,NA,NA,NA,NA,NA,NA,NA,NA,NA,NA,NA,NA,NA,NA,NA,NA,NA,NA,NA,NA,NA,NA,NA,NA,NA,NA,NA,NA,NA,NA,NA,NA,NA,NA,NA,NA,NA,NA,NA,NA,NA,High,High,High,NA,NA,NA,NA,NA,NA,NA,NA,NA,NA,NA,NA,NA,NA,NA,NA,NA,NA,NA,NA,NA,NA,NA,NA,NA,NA,NA,NA,NA,NA,NA,NA,NA,NA,NA,NA,NA,NA,NA,NA,NA,NA,NA,NA,NA,NA,NA,NA,NA,NA,NA,NA,NA,NA,NA,NA,NA,NA
NA,NA,NA,NA,NA,NA,NA,NA,NA,NA,NA,NA,NA,NA,NA,NA,34,2025-06-26,18:48:30,1,3,"Serce, Nick",1000334553,Left,MOR_HED,"Suto, Cameron",1000124567,Right,WLM_SHK,Undefined,2,Top,0,0,2,Fastball,Four-Seam,StrikeSwinging,Strikeout,Undefined,Undefined,0,0,NA,86.59824,-0.835854,3.075081,2235.719079,144.240155,10:45:00,5.72853,-1.95837,6.16566,-19.38489,18.17324,-12.079650000000001,3.33988,-0.12181,77.76161,-4.568402,0.89986,0.441086,NA,NA,NA,NA,NA,NA,NA,NA,NA,NA,NA,7.2204,10.05213,1.73097,50,5.6552,-6.24623,-125.46015,-2.34634,11.30219,29.62322,-16.4393,MOR_HED,WLM_SHK,BigRockStadium,CPL,CPL,20250626-BigRockStadium-1,ae7408b0-52df-11f0-91de-9dd0983a3e69,85.45371,NA,NA,8.83662,NA,NA,NA,NA,NA,NA,67bf9003-9d93-49fb-89c2-36bfdacb035e,2025-06-26,22:48:30,2025-06-26T22:48:30Z,2025-06-26T22:48:30Z,NA,v3,NA,NA,NA,"Poppell, Broedy",701435,Right,MOR_HED,a08ae5ae-479d-4aa4-a133-8e7f31178c74,54.3295,-126.47828,14.81161,5.72614,-1.78133,-8.21965,1.95233,-6.63468,5.6511,NA,NA,NA,NA,NA,NA,NA,NA,NA,NA,NA,NA,NA,NA,NA,NA,NA,NA,NA,NA,NA,NA,NA,NA,NA,NA,NA,NA,52.76396,2.322108,0.914637,1.407471,-0.45984,3.1873,0.0936,-6.37643,4.75666,2.795,71.38338,8.017,53.42165,-6.3001,60.93722,-4.08283,4.89113,24.93018,-16.13658,2.81655,38.62524,-1.89819,High,High,High,NA,NA,High,High,High,NA,NA,NA,NA,NA,NA,NA,NA,NA,NA,NA,NA,NA,NA,NA,NA,NA,NA,NA,NA,NA,NA,NA,NA,NA,NA,NA,NA,NA,NA,NA,NA,NA,NA,NA,NA,NA,NA,NA,NA,NA,NA,NA,NA,NA,NA,NA,NA,NA,NA,NA,NA,NA
NA,NA,NA,NA,NA,NA,NA,NA,NA,NA,NA,NA,NA,NA,NA,NA,35,2025-06-26,18:48:59,2,1,"Serce, Nick",1000334553,Left,MOR_HED,"Nicks, David",10106262,Right,WLM_SHK,Undefined,2,Top,1,0,0,Fastball,Four-Seam,BallCalled,Undefined,Undefined,Undefined,0,0,NA,86.88701,-1.464111,1.567374,2186.730837,142.063461,10:45:00,5.70051,-1.83928,6.27836,-20.2234,16.99072,-12.1376,2.6649,-1.40568,77.90905,-5.354062,-0.627087,0.439061,NA,NA,NA,NA,NA,NA,NA,NA,NA,NA,NA,6.76197,9.69993,1.7288,50,5.58253,-2.94772,-125.95291,-3.75599,10.63106,30.66339,-16.92396,MOR_HED,WLM_SHK,BigRockStadium,CPL,CPL,20250626-BigRockStadium-1,bfee8570-52df-11f0-91de-9dd0983a3e69,85.84776,NA,NA,8.97796,NA,NA,NA,NA,NA,NA,67bf9003-9d93-49fb-89c2-36bfdacb035e,2025-06-26,22:48:59,2025-06-26T22:48:59Z,2025-06-26T22:48:59Z,NA,v3,NA,NA,NA,"Poppell, Broedy",701435,Right,MOR_HED,9e0ded93-4c63-47db-96af-104aaa8472dd,54.21538,-126.975,15.3317,5.69832,-3.19187,-8.46198,1.83297,-3.30208,5.31553,NA,NA,NA,NA,NA,NA,NA,NA,NA,NA,NA,NA,NA,NA,NA,NA,NA,NA,NA,NA,NA,NA,NA,NA,NA,NA,NA,NA,NA,NA,NA,NA,NA,NA,NA,NA,NA,NA,NA,NA,NA,NA,NA,NA,NA,NA,NA,NA,NA,NA,High,High,High,NA,NA,NA,NA,NA,NA,NA,NA,NA,NA,NA,NA,NA,NA,NA,NA,NA,NA,NA,NA,NA,NA,NA,NA,NA,NA,NA,NA,NA,NA,NA,NA,NA,NA,NA,NA,NA,NA,NA,NA,NA,NA,NA,NA,NA,NA,NA,NA,NA,NA,NA,NA,NA,NA,NA,NA,NA,NA
NA,NA,NA,NA,NA,NA,NA,NA,NA,NA,NA,NA,NA,NA,NA,NA,36,2025-06-26,18:49:13,2,2,"Serce, Nick",1000334553,Left,MOR_HED,"Nicks, David",10106262,Right,WLM_SHK,Undefined,2,Top,1,1,0,Fastball,Four-Seam,BallCalled,Undefined,Undefined,Undefined,0,0,NA,86.44828,0.141133,2.086684,2207.723141,142.721849,10:45:00,5.72066,-1.69808,6.19072,-19.49824,18.26505,-12.80418,4.22619,-0.83768,77.2377,-3.631006,-0.222456,0.442289,NA,NA,NA,NA,NA,NA,NA,NA,NA,NA,NA,7.25071,9.76957,1.54661,50,5.72137,-4.03095,-125.2779,-0.19452,11.26636,30.56609,-16.99385,MOR_HED,WLM_SHK,BigRockStadium,CPL,CPL,20250626-BigRockStadium-1,c86aea40-52df-11f0-91de-9dd0983a3e69,85.22129,NA,NA,9.21058,NA,NA,NA,NA,NA,NA,67bf9003-9d93-49fb-89c2-36bfdacb035e,2025-06-26,22:49:13,2025-06-26T22:49:13Z,2025-06-26T22:49:13Z,NA,v3,NA,NA,NA,"Poppell, Broedy",701435,Right,MOR_HED,a1938cb6-b68b-403a-a354-60dbe71c691d,54.30239,-126.32327,15.28305,5.71809,0.38666,-8.49693,1.69105,-4.41627,5.63318,NA,NA,NA,NA,NA,NA,NA,NA,NA,NA,NA,NA,NA,NA,NA,NA,NA,NA,NA,NA,NA,NA,NA,NA,NA,NA,NA,NA,NA,NA,NA,NA,NA,NA,NA,NA,NA,NA,NA,NA,NA,NA,NA,NA,NA,NA,NA,NA,NA,NA,High,High,High,NA,NA,NA,NA,NA,NA,NA,NA,NA,NA,NA,NA,NA,NA,NA,NA,NA,NA,NA,NA,NA,NA,NA,NA,NA,NA,NA,NA,NA,NA,NA,NA,NA,NA,NA,NA,NA,NA,NA,NA,NA,NA,NA,NA,NA,NA,NA,NA,NA,NA,NA,NA,NA,NA,NA,NA,NA,NA
NA,NA,NA,NA,NA,NA,NA,NA,NA,NA,NA,NA,NA,NA,NA,NA,37,2025-06-26,18:49:30,2,3,"Serce, Nick",1000334553,Left,MOR_HED,"Nicks, David",10106262,Right,WLM_SHK,Undefined,2,Top,1,2,0,Fastball,Four-Seam,StrikeCalled,Undefined,Undefined,Undefined,0,0,NA,86.42264,-0.686811,2.966463,2184.929563,147.200868,11:00:00,5.66866,-1.76486,6.30263,-18.06651,19.45615,-11.63528,3.52947,0.00101,77.54297,-4.193711,0.865744,0.440878,NA,NA,NA,NA,NA,NA,NA,NA,NA,NA,NA,6.95961,10.69737,1.55195,50,5.60929,-6.01638,-125.23048,-1.94315,10.8506,29.58952,-15.49594,MOR_HED,WLM_SHK,BigRockStadium,CPL,CPL,20250626-BigRockStadium-1,d242c060-52df-11f0-91de-9dd0983a3e69,85.49406,NA,NA,8.87967,NA,NA,NA,NA,NA,NA,67bf9003-9d93-49fb-89c2-36bfdacb035e,2025-06-26,22:49:30,2025-06-26T22:49:30Z,2025-06-26T22:49:30Z,NA,v3,NA,NA,NA,"Poppell, Broedy",701435,Right,MOR_HED,4d4c6bee-08df-4f25-aca7-f49b0d0cf193,54.19148,-126.21696,14.79476,5.66546,-1.42654,-7.74797,1.75856,-6.37813,5.4253,NA,NA,NA,NA,NA,NA,NA,NA,NA,NA,NA,NA,NA,NA,NA,NA,NA,NA,NA,NA,NA,NA,NA,NA,NA,NA,NA,NA,NA,NA,NA,NA,NA,NA,NA,NA,NA,NA,NA,NA,NA,NA,NA,NA,NA,NA,NA,NA,NA,NA,High,High,High,NA,NA,NA,NA,NA,NA,NA,NA,NA,NA,NA,NA,NA,NA,NA,NA,NA,NA,NA,NA,NA,NA,NA,NA,NA,NA,NA,NA,NA,NA,NA,NA,NA,NA,NA,NA,NA,NA,NA,NA,NA,NA,NA,NA,NA,NA,NA,NA,NA,NA,NA,NA,NA,NA,NA,NA,NA,NA
NA,NA,NA,NA,NA,NA,NA,NA,NA,NA,NA,NA,NA,NA,NA,NA,38,2025-06-26,18:49:45,2,4,"Serce, Nick",1000334553,Left,MOR_HED,"Nicks, David",10106262,Right,WLM_SHK,Undefined,2,Top,1,2,1,Fastball,Sinker,BallCalled,Undefined,Undefined,Undefined,0,0,NA,85.51146,0.482688,1.184693,2230.082636,132.434282,10:30:00,5.6233,-1.97166,6.37319,-23.76135,14.5452,-14.31666,4.08741,-2.07454,76.46782,-4.076163,-1.407836,0.445459,NA,NA,NA,NA,NA,NA,NA,NA,NA,NA,NA,7.77091,7.81276,1.89188,50,5.64716,-1.98903,-124.01929,0.40074,11.82355,30.13914,-20.28678,MOR_HED,WLM_SHK,BigRockStadium,CPL,CPL,20250626-BigRockStadium-1,db2476b0-52df-11f0-91de-9dd0983a3e69,84.6148,NA,NA,9.04364,NA,NA,NA,NA,NA,NA,67bf9003-9d93-49fb-89c2-36bfdacb035e,2025-06-26,22:49:45,2025-06-26T22:49:45Z,2025-06-26T22:49:45Z,NA,v3,NA,NA,NA,"Poppell, Broedy",701435,Right,MOR_HED,8fb329ad-b758-460a-81aa-abea7f4781b4,54.12037,-125.01661,15.06957,5.6228,1.07204,-10.14339,1.96417,-2.38028,5.91178,NA,NA,NA,NA,NA,NA,NA,NA,NA,NA,NA,NA,NA,NA,NA,NA,NA,NA,NA,NA,NA,NA,NA,NA,NA,NA,NA,NA,NA,NA,NA,NA,NA,NA,NA,NA,NA,NA,NA,NA,NA,NA,NA,NA,NA,NA,NA,NA,NA,NA,High,High,High,NA,NA,NA,NA,NA,NA,NA,NA,NA,NA,NA,NA,NA,NA,NA,NA,NA,NA,NA,NA,NA,NA,NA,NA,NA,NA,NA,NA,NA,NA,NA,NA,NA,NA,NA,NA,NA,NA,NA,NA,NA,NA,NA,NA,NA,NA,NA,NA,NA,NA,NA,NA,NA,NA,NA,NA,NA,NA
NA,NA,NA,NA,NA,NA,NA,NA,NA,NA,NA,NA,NA,NA,NA,NA,39,2025-06-26,18:50:02,2,5,"Serce, Nick",1000334553,Left,MOR_HED,"Nicks, David",10106262,Right,WLM_SHK,Undefined,2,Top,1,3,1,Fastball,Four-Seam,StrikeSwinging,Undefined,Undefined,Undefined,0,0,NA,86.61618,-0.950637,2.234441,2233.539407,144.029923,10:45:00,5.6896,-1.73568,6.42941,-18.52887,18.63485,-12.51288,3.27105,-0.7237,77.72617,-4.546787,-0.03256,0.438764,NA,NA,NA,NA,NA,NA,NA,NA,NA,NA,NA,7.21831,10.41705,1.58151,50,5.61327,-4.40168,-125.60394,-2.53577,11.30743,30.0482,-15.85578,MOR_HED,WLM_SHK,BigRockStadium,CPL,CPL,20250626-BigRockStadium-1,e59ea750-52df-11f0-91de-9dd0983a3e69,85.90595,NA,NA,8.89002,NA,NA,NA,NA,NA,NA,67bf9003-9d93-49fb-89c2-36bfdacb035e,2025-06-26,22:50:02,2025-06-26T22:50:02Z,2025-06-26T22:50:02Z,NA,v3,NA,NA,NA,"Poppell, Broedy",701435,Right,MOR_HED,7277fbf8-e1e3-419b-8d77-db8f5d00e4e4,54.06514,-126.5727,15.0241,5.68678,-2.02457,-7.92789,1.7293,-4.76624,5.65371,NA,NA,NA,NA,NA,NA,NA,NA,NA,NA,NA,NA,NA,NA,NA,NA,NA,NA,NA,NA,NA,NA,NA,NA,NA,NA,NA,NA,NA,NA,NA,NA,NA,NA,NA,NA,NA,NA,NA,NA,NA,NA,NA,NA,NA,NA,NA,NA,NA,NA,High,High,High,NA,NA,NA,NA,NA,NA,NA,NA,NA,NA,NA,NA,NA,NA,NA,NA,NA,NA,NA,NA,NA,NA,NA,NA,NA,NA,NA,NA,NA,NA,NA,NA,NA,NA,NA,NA,NA,NA,NA,NA,NA,NA,NA,NA,NA,NA,NA,NA,NA,NA,NA,NA,NA,NA,NA,NA,NA,NA
NA,NA,NA,NA,NA,NA,NA,NA,NA,NA,NA,NA,NA,NA,NA,NA,40,2025-06-26,18:50:18,2,6,"Serce, Nick",1000334553,Left,MOR_HED,"Nicks, David",10106262,Right,WLM_SHK,Undefined,2,Top,1,3,2,Fastball,Sinker,FoulBallNotFieldable,Undefined,Undefined,Undefined,0,0,NA,86.40064,-1.698282,2.145148,2180.683017,138.432435,10:30:00,5.70849,-1.6983,6.36263,-19.79883,17.8521,-14.52103,2.49417,-0.93336,77.24348,-5.526291,-0.483368,0.441631,70.69753,7.09037,177.114781,865.909266,NA,NA,NA,57.61617,49.70485,172.444524,0.566166,8.07996,10.22867,1.54797,50,5.57591,-4.06633,-125.12502,-4.2025,12.51498,30.66119,-16.33097,MOR_HED,WLM_SHK,BigRockStadium,CPL,CPL,20250626-BigRockStadium-1,ef059330-52df-11f0-91de-9dd0983a3e69,85.34833,3.5776,NA,9.15716,NA,NA,NA,-0.08986,2.20534,1.26813,67bf9003-9d93-49fb-89c2-36bfdacb035e,2025-06-26,22:50:18,2025-06-26T22:50:18Z,2025-06-26T22:50:18Z,GroundBall,v3,NA,NA,NA,"Poppell, Broedy",701435,Right,MOR_HED,3c0873dc-a48d-4cdb-98cb-84d320e57350,54.12704,-126.13228,15.3306,5.70515,-3.66601,-8.16548,1.6883,-4.47745,6.25749,39.11485,-0.06445,-103.3594,4.49871,NA,NA,NA,NA,NA,NA,2.21358,12.60724,-29.19896,NA,NA,NA,NA,NA,NA,1.26001,5.36831,10.24629,NA,NA,NA,NA,NA,NA,NA,NA,NA,NA,NA,NA,NA,NA,NA,NA,NA,NA,NA,NA,NA,NA,NA,NA,NA,NA,NA,NA,High,High,High,High,High,NA,NA,NA,NA,NA,NA,NA,NA,NA,NA,NA,NA,NA,NA,NA,NA,NA,NA,NA,NA,NA,NA,NA,NA,NA,NA,NA,NA,NA,NA,NA,NA,NA,NA,NA,NA,NA,NA,NA,NA,NA,NA,NA,NA,NA,NA,NA,NA,NA,NA,NA,NA,NA,NA,NA,NA
NA,NA,NA,NA,NA,NA,NA,NA,NA,NA,NA,NA,NA,NA,NA,NA,41,2025-06-26,18:50:36,2,7,"Serce, Nick",1000334553,Left,MOR_HED,"Nicks, David",10106262,Right,WLM_SHK,Undefined,2,Top,1,3,2,Fastball,Four-Seam,StrikeSwinging,Strikeout,Undefined,Undefined,0,0,NA,86.45988,-0.641519,2.059223,2115.820779,147.813724,11:00:00,5.67357,-1.72585,6.30335,-18.10938,19.45375,-11.34119,3.57302,-0.77297,77.36262,-4.16387,0.009402,0.441115,NA,NA,NA,NA,NA,NA,NA,NA,NA,NA,NA,6.52666,10.69331,1.57951,50,5.61758,-4.04312,-125.32822,-1.84284,10.15552,30.45308,-15.53524,MOR_HED,WLM_SHK,BigRockStadium,CPL,CPL,20250626-BigRockStadium-1,fa0bb020-52df-11f0-91de-9dd0983a3e69,85.44802,NA,NA,9.09726,NA,NA,NA,NA,NA,NA,67bf9003-9d93-49fb-89c2-36bfdacb035e,2025-06-26,22:50:36,2025-06-26T22:50:36Z,2025-06-26T22:50:36Z,NA,v3,NA,NA,NA,"Poppell, Broedy",701435,Right,MOR_HED,fad0fc99-5e04-4c20-86b8-803d5a1ff709,54.19015,-126.34226,15.22654,5.67033,-1.32554,-7.76762,1.71978,-4.38128,5.07776,NA,NA,NA,NA,NA,NA,NA,NA,NA,NA,NA,NA,NA,NA,NA,NA,NA,NA,NA,NA,NA,NA,NA,NA,NA,NA,NA,NA,NA,NA,NA,NA,NA,NA,NA,NA,NA,NA,NA,NA,NA,NA,NA,NA,NA,NA,NA,NA,NA,NA,High,High,High,NA,NA,NA,NA,NA,NA,NA,NA,NA,NA,NA,NA,NA,NA,NA,NA,NA,NA,NA,NA,NA,NA,NA,NA,NA,NA,NA,NA,NA,NA,NA,NA,NA,NA,NA,NA,NA,NA,NA,NA,NA,NA,NA,NA,NA,NA,NA,NA,NA,NA,NA,NA,NA,NA,NA,NA,NA,NA
NA,NA,NA,NA,NA,NA,NA,NA,NA,NA,NA,NA,NA,NA,NA,NA,42,2025-06-26,18:51:07,3,1,"Serce, Nick",1000334553,Left,MOR_HED,"Walker, Conlon",1000115634,Left,WLM_SHK,Undefined,2,Top,2,0,0,Fastball,Four-Seam,BallCalled,Undefined,Undefined,Undefined,0,0,NA,86.70571,-0.239989,2.745039,2201.186725,146.904216,11:00:00,5.73137,-1.70865,6.35984,-16.85402,20.23643,-12.30898,4.10575,-0.20617,77.92888,-3.526974,0.519757,0.438331,NA,NA,NA,NA,NA,NA,NA,NA,NA,NA,NA,7.22213,10.95575,1.51482,50,5.70572,-5.52886,-125.71516,-0.91729,11.37472,29.25536,-14.91896,MOR_HED,WLM_SHK,BigRockStadium,CPL,CPL,20250626-BigRockStadium-1,0bfff0c0-52e0-11f0-91de-9dd0983a3e69,85.99076,NA,NA,8.77684,NA,NA,NA,NA,NA,NA,67bf9003-9d93-49fb-89c2-36bfdacb035e,2025-06-26,22:51:07,2025-06-26T22:51:07Z,2025-06-26T22:51:07Z,NA,v3,NA,NA,NA,"Poppell, Broedy",701435,Right,MOR_HED,fcaa6842-0056-4c79-928f-535df1af6013,54.13458,-126.67367,14.62768,5.72777,-0.42849,-7.45948,1.70207,-5.90154,5.68736,NA,NA,NA,NA,NA,NA,NA,NA,NA,NA,NA,NA,NA,NA,NA,NA,NA,NA,NA,NA,NA,NA,NA,NA,NA,NA,NA,NA,NA,NA,NA,NA,NA,NA,NA,NA,NA,NA,NA,NA,NA,NA,NA,NA,NA,NA,NA,NA,NA,NA,High,High,High,NA,NA,NA,NA,NA,NA,NA,NA,NA,NA,NA,NA,NA,NA,NA,NA,NA,NA,NA,NA,NA,NA,NA,NA,NA,NA,NA,NA,NA,NA,NA,NA,NA,NA,NA,NA,NA,NA,NA,NA,NA,NA,NA,NA,NA,NA,NA,NA,NA,NA,NA,NA,NA,NA,NA,NA,NA,NA
NA,NA,NA,NA,NA,NA,NA,NA,NA,NA,NA,NA,NA,NA,NA,NA,43,2025-06-26,18:51:21,3,2,"Serce, Nick",1000334553,Left,MOR_HED,"Walker, Conlon",1000115634,Left,WLM_SHK,Undefined,2,Top,2,1,0,Fastball,Changeup,BallCalled,Undefined,Undefined,Undefined,0,0,NA,84.67091,-2.677395,4.109137,2090.893077,147.05157,11:00:00,5.64376,-1.81113,6.55146,-22.57438,16.05631,-9.50953,1.29936,1.17084,76.7404,-6.981914,2.386607,0.44734,NA,NA,NA,NA,NA,NA,NA,NA,NA,NA,NA,6.26792,9.67111,1.53062,50,5.44859,-8.4533,-122.57472,-6.32715,9.42049,26.96732,-17.63871,MOR_HED,WLM_SHK,BigRockStadium,CPL,CPL,20250626-BigRockStadium-1,148afb90-52e0-11f0-91de-9dd0983a3e69,84.25906,NA,NA,7.93051,NA,NA,NA,NA,NA,NA,67bf9003-9d93-49fb-89c2-36bfdacb035e,2025-06-26,22:51:21,2025-06-26T22:51:21Z,2025-06-26T22:51:21Z,NA,v3,NA,NA,NA,"Poppell, Broedy",701435,Right,MOR_HED,9e6f02a1-d626-47a3-9bdb-e64cca0d2821,53.94527,-123.43965,13.48366,5.64245,-5.76141,-8.81936,1.8066,-8.75545,4.71024,NA,NA,NA,NA,NA,NA,NA,NA,NA,NA,NA,NA,NA,NA,NA,NA,NA,NA,NA,NA,NA,NA,NA,NA,NA,NA,NA,NA,NA,NA,NA,NA,NA,NA,NA,NA,NA,NA,NA,NA,NA,NA,NA,NA,NA,NA,NA,NA,NA,NA,High,High,High,NA,NA,NA,NA,NA,NA,NA,NA,NA,NA,NA,NA,NA,NA,NA,NA,NA,NA,NA,NA,NA,NA,NA,NA,NA,NA,NA,NA,NA,NA,NA,NA,NA,NA,NA,NA,NA,NA,NA,NA,NA,NA,NA,NA,NA,NA,NA,NA,NA,NA,NA,NA,NA,NA,NA,NA,NA,NA
NA,NA,NA,NA,NA,NA,NA,NA,NA,NA,NA,NA,NA,NA,NA,NA,44,2025-06-26,18:51:38,3,3,"Serce, Nick",1000334553,Left,MOR_HED,"Walker, Conlon",1000115634,Left,WLM_SHK,Undefined,2,Top,2,2,0,Fastball,Four-Seam,StrikeCalled,Undefined,Undefined,Undefined,0,0,NA,85.7603,-1.323642,2.574304,2106.573704,145.276605,10:45:00,5.64813,-1.7348,6.37379,-19.14962,18.75284,-12.03095,2.83304,-0.36724,77.21777,-5.022871,0.397655,0.443103,NA,NA,NA,NA,NA,NA,NA,NA,NA,NA,NA,7.08965,10.5963,1.55416,50,5.54353,-5.12278,-124.35751,-3.3541,10.918,28.79734,-15.85579,MOR_HED,WLM_SHK,BigRockStadium,CPL,CPL,20250626-BigRockStadium-1,1eb70c30-52e0-11f0-91de-9dd0983a3e69,85.06469,NA,NA,8.54252,NA,NA,NA,NA,NA,NA,67bf9003-9d93-49fb-89c2-36bfdacb035e,2025-06-26,22:51:38,2025-06-26T22:51:38Z,2025-06-26T22:51:38Z,NA,v3,NA,NA,NA,"Poppell, Broedy",701435,Right,MOR_HED,48d49a68-1a2d-49a8-856a-c829f88f62da,54.12228,-125.30847,14.39867,5.64565,-2.83051,-7.9279,1.72928,-5.48332,5.459,NA,NA,NA,NA,NA,NA,NA,NA,NA,NA,NA,NA,NA,NA,NA,NA,NA,NA,NA,NA,NA,NA,NA,NA,NA,NA,NA,NA,NA,NA,NA,NA,NA,NA,NA,NA,NA,NA,NA,NA,NA,NA,NA,NA,NA,NA,NA,NA,NA,NA,High,High,High,NA,NA,NA,NA,NA,NA,NA,NA,NA,NA,NA,NA,NA,NA,NA,NA,NA,NA,NA,NA,NA,NA,NA,NA,NA,NA,NA,NA,NA,NA,NA,NA,NA,NA,NA,NA,NA,NA,NA,NA,NA,NA,NA,NA,NA,NA,NA,NA,NA,NA,NA,NA,NA,NA,NA,NA,NA,NA
NA,NA,NA,NA,NA,NA,NA,NA,NA,NA,NA,NA,NA,NA,NA,NA,45,2025-06-26,18:51:53,3,4,"Serce, Nick",1000334553,Left,MOR_HED,"Walker, Conlon",1000115634,Left,WLM_SHK,Undefined,2,Top,2,2,1,Fastball,Four-Seam,InPlay,Undefined,FlyBall,Out,1,0,NA,85.62729,-0.869731,3.037151,2102.783489,143.825267,10:45:00,5.66086,-1.82798,6.43098,-20.37989,17.86206,-11.9706,3.162,-0.03155,76.49754,-4.816684,0.870465,0.445084,90.2639,38.915242,-2.399383,3749.107015,109.57644,79.59011,-9.64252,352.40793,350.96831,-10.214201,5.271216,7.28768,10.04012,1.61665,50,5.58964,-6.11574,-124.05249,-2.39404,11.07826,30.48278,-16.91171,MOR_HED,WLM_SHK,BigRockStadium,CPL,CPL,20250626-BigRockStadium-1,27d8b1b0-52e0-11f0-91de-9dd0983a3e69,84.68621,102.46774,NA,9.12975,NA,NA,NA,0.78143,3.15241,0.02973,67bf9003-9d93-49fb-89c2-36bfdacb035e,2025-06-26,22:51:53,2025-06-26T22:51:53Z,2025-06-26T22:51:53Z,FlyBall,v3,NA,NA,NA,"Poppell, Broedy",701435,Right,MOR_HED,dbc2eacc-cd19-4850-a359-bcff55119e75,54.06393,-125.04711,15.24139,5.65875,-1.84222,-8.45585,1.82209,-6.47721,5.53913,160.976845,0.7862,102.81862,-18.65961,4.265,-0.47691,-0.03547,0.01949,-0.00233,1e-4,3.15094,83.18364,-19.89278,1.41499,-0.16848,-0.02703,0.01799,-0.00305,1.7e-4,0.03066,-4.32979,-3.16153,0.57373,-0.04366,-0.00785,0.00209,-1.3e-4,0,NA,NA,NA,NA,NA,NA,NA,NA,NA,NA,NA,NA,NA,NA,NA,NA,NA,NA,NA,NA,NA,NA,High,High,High,High,Medium,NA,NA,NA,NA,NA,NA,NA,NA,NA,NA,NA,NA,NA,NA,NA,NA,NA,NA,NA,NA,NA,NA,NA,NA,NA,NA,NA,NA,NA,NA,NA,NA,NA,NA,NA,NA,NA,NA,NA,NA,NA,NA,NA,NA,NA,NA,NA,NA,NA,NA,NA,NA,NA,NA,NA,NA
NA,NA,NA,NA,NA,NA,NA,NA,NA,NA,NA,NA,NA,NA,NA,NA,46,2025-06-26,18:54:20,1,1,"Roycraft, Nolan",831160,Left,WLM_SHK,"Pacheco, DJ",1000222093,Right,MOR_HED,Undefined,2,Bottom,0,0,0,ChangeUp,Changeup,StrikeCalled,Undefined,Undefined,Undefined,0,0,NA,79.66798,-1.167948,2.649507,1800.38379,122.381387,10:00:00,5.63202,-1.65257,6.71051,-32.06321,11.43449,-15.45143,1.89107,-0.5163,71.79225,-7.262828,-0.167027,0.474684,NA,NA,NA,NA,NA,NA,NA,NA,NA,NA,NA,9.03225,6.91004,1.4821,50,5.54219,-4.81552,-115.57227,-3.17407,11.96174,25.72753,-23.02283,MOR_HED,WLM_SHK,BigRockStadium,CPL,CPL,20250626-BigRockStadium-1,7f703f60-52e0-11f0-91de-9dd0983a3e69,79.40533,NA,NA,7.87573,NA,NA,NA,NA,NA,NA,67bf9003-9d93-49fb-89c2-36bfdacb035e,2025-06-26,22:54:20,2025-06-26T22:54:20Z,2025-06-26T22:54:20Z,NA,v3,NA,NA,NA,"Manley, Nathan",1000093427,Right,WLM_SHK,7b0bc0f5-c0d3-4dc3-b007-450423928ec4,53.7859,-116.412,12.86376,5.63352,-2.42262,-11.51141,1.64564,-5.20595,5.98087,NA,NA,NA,NA,NA,NA,NA,NA,NA,NA,NA,NA,NA,NA,NA,NA,NA,NA,NA,NA,NA,NA,NA,NA,NA,NA,NA,NA,NA,NA,NA,NA,NA,NA,NA,NA,NA,NA,NA,NA,NA,NA,NA,NA,NA,NA,NA,NA,NA,NA,High,High,High,NA,NA,NA,NA,NA,NA,NA,NA,NA,NA,NA,NA,NA,NA,NA,NA,NA,NA,NA,NA,NA,NA,NA,NA,NA,NA,NA,NA,NA,NA,NA,NA,NA,NA,NA,NA,NA,NA,NA,NA,NA,NA,NA,NA,NA,NA,NA,NA,NA,NA,NA,NA,NA,NA,NA,NA,NA,NA
NA,NA,NA,NA,NA,NA,NA,NA,NA,NA,NA,NA,NA,NA,NA,NA,47,2025-06-26,18:54:40,1,2,"Roycraft, Nolan",831160,Left,WLM_SHK,"Pacheco, DJ",1000222093,Right,MOR_HED,Undefined,2,Bottom,0,0,1,Fastball,Sinker,FoulBallNotFieldable,Undefined,Undefined,Undefined,0,0,NA,87.90077,-1.982694,2.579371,2132.204804,132.790632,10:30:00,5.84661,-1.64964,6.40398,-18.37194,17.70273,-17.67836,2.48986,-0.74939,79.13142,-5.529723,-0.622288,0.432287,79.36985,50.943089,96.947677,5747.631976,NA,NA,NA,NA,50.85353,NA,NA,10.04209,10.26445,1.47227,50,5.6959,-5.03867,-127.44338,-4.8851,16.22823,30.44487,-15.58652,MOR_HED,WLM_SHK,BigRockStadium,CPL,CPL,20250626-BigRockStadium-1,8b0e5690-52e0-11f0-91de-9dd0983a3e69,87.19299,56.3511,NA,8.76934,NA,NA,NA,0.67858,2.41801,0.75769,67bf9003-9d93-49fb-89c2-36bfdacb035e,2025-06-26,22:54:40,2025-06-26T22:54:40Z,2025-06-26T22:54:40Z,NA,v3,NA,NA,NA,"Manley, Nathan",1000093427,Right,WLM_SHK,51193756-bb4e-4d13-92b4-fe873ee6589d,54.09291,-128.41741,15.22243,5.84422,-4.38644,-7.79326,1.64177,-5.55786,8.11411,NA,0.67858,-8.87242,-4.08409,1.05162,-0.26015,0.06113,-0.01309,0.00259,-3.3e-4,2.41801,90.39391,-36.65622,7.92663,-2.0073,0.51883,-0.11957,0.0248,-0.00332,0.75769,72.80973,-17.3513,0.44823,0.33818,-0.21672,0.07808,-0.01965,0.00288,NA,NA,NA,NA,NA,NA,NA,NA,NA,NA,NA,NA,NA,NA,NA,NA,NA,NA,NA,NA,NA,NA,High,High,High,Low,Undefined,NA,NA,NA,NA,NA,NA,NA,NA,NA,NA,NA,NA,NA,NA,NA,NA,NA,NA,NA,NA,NA,NA,NA,NA,NA,NA,NA,NA,NA,NA,NA,NA,NA,NA,NA,NA,NA,NA,NA,NA,NA,NA,NA,NA,NA,NA,NA,NA,NA,NA,NA,NA,NA,NA,NA,NA
NA,NA,NA,NA,NA,NA,NA,NA,NA,NA,NA,NA,NA,NA,NA,NA,48,2025-06-26,18:55:06,1,3,"Roycraft, Nolan",831160,Left,WLM_SHK,"Pacheco, DJ",1000222093,Right,MOR_HED,Undefined,2,Bottom,0,0,2,Slider,Slider,FoulBallNotFieldable,Undefined,Undefined,Undefined,0,0,NA,78.69752,1.032054,1.772733,2212.294248,277.28816,03:15:00,5.53173,-1.85147,5.93573,-45.80719,0.72173,9.19489,2.67248,0.55989,70.07348,-7.494057,3.423994,0.490945,49.22588,-23.509674,-64.208435,NA,NA,NA,NA,6.77871,6.60374,-62.399049,0.088687,-4.02855,0.51366,1.70485,50,5.58886,-3.87643,-113.92406,0.62863,-5.10945,27.73451,-31.52258,MOR_HED,WLM_SHK,BigRockStadium,CPL,CPL,20250626-BigRockStadium-1,9ae2c470-52e0-11f0-91de-9dd0983a3e69,76.77527,2.5735,NA,8.62405,NA,NA,NA,0.56664,2.5735,-0.68068,67bf9003-9d93-49fb-89c2-36bfdacb035e,2025-06-26,22:55:06,2025-06-26T22:55:06Z,2025-06-26T22:55:06Z,GroundBall,v3,NA,NA,NA,"Manley, Nathan",1000093427,Right,WLM_SHK,4e9a2e64-4a38-4462-a41c-2fabf42972d0,54.55928,-115.02865,13.86725,5.53882,1.88409,-15.76129,1.85518,-3.67294,-2.55472,180,0.56354,29.02343,NA,NA,NA,NA,NA,NA,NA,2.57661,-29.01774,NA,NA,NA,NA,NA,NA,NA,-0.67425,-60.06042,NA,NA,NA,NA,NA,NA,NA,NA,NA,NA,NA,NA,NA,NA,NA,NA,NA,NA,NA,NA,NA,NA,NA,NA,NA,NA,NA,NA,NA,High,High,High,High,High,NA,NA,NA,NA,NA,NA,NA,NA,NA,NA,NA,NA,NA,NA,NA,NA,NA,NA,NA,NA,NA,NA,NA,NA,NA,NA,NA,NA,NA,NA,NA,NA,NA,NA,NA,NA,NA,NA,NA,NA,NA,NA,NA,NA,NA,NA,NA,NA,NA,NA,NA,NA,NA,NA,NA,NA
NA,NA,NA,NA,NA,NA,NA,NA,NA,NA,NA,NA,NA,NA,NA,NA,49,2025-06-26,18:55:36,1,4,"Roycraft, Nolan",831160,Left,WLM_SHK,"Pacheco, DJ",1000222093,Right,MOR_HED,Undefined,2,Bottom,0,0,2,Curveball,Curveball,StrikeSwinging,Strikeout,Undefined,Undefined,0,0,NA,75.76633,-0.047489,1.278139,2272.366731,301.102427,04:00:00,5.64033,-1.70553,6.23884,-54.71239,-6.27044,13.05162,1.03715,0.56128,69.50643,-10.12441,3.64181,0.500936,NA,NA,NA,NA,NA,NA,NA,NA,NA,NA,NA,-6.4513,-2.89284,1.60377,50,5.60962,-2.88969,-110.1188,-1.66845,-7.8198,21.89811,-35.68053,MOR_HED,WLM_SHK,BigRockStadium,CPL,CPL,20250626-BigRockStadium-1,acbdfed0-52e0-11f0-91de-9dd0983a3e69,75.24402,NA,NA,6.25991,NA,NA,NA,NA,NA,NA,67bf9003-9d93-49fb-89c2-36bfdacb035e,2025-06-26,22:55:36,2025-06-26T22:55:36Z,2025-06-26T22:55:36Z,NA,v3,NA,NA,NA,"Manley, Nathan",1000093427,Right,WLM_SHK,b0deeba9-e179-4fc5-85b3-c6caea30b7fd,54.26309,-110.96332,10.94906,5.64743,-0.29241,-17.84027,1.70939,-2.58811,-3.9099,NA,NA,NA,NA,NA,NA,NA,NA,NA,NA,NA,NA,NA,NA,NA,NA,NA,NA,NA,NA,NA,NA,NA,NA,NA,NA,NA,NA,NA,NA,NA,NA,NA,NA,NA,NA,NA,NA,NA,NA,NA,NA,NA,NA,NA,NA,NA,NA,NA,NA,High,High,High,NA,NA,NA,NA,NA,NA,NA,NA,NA,NA,NA,NA,NA,NA,NA,NA,NA,NA,NA,NA,NA,NA,NA,NA,NA,NA,NA,NA,NA,NA,NA,NA,NA,NA,NA,NA,NA,NA,NA,NA,NA,NA,NA,NA,NA,NA,NA,NA,NA,NA,NA,NA,NA,NA,NA,NA,NA,NA
NA,NA,NA,NA,NA,NA,NA,NA,NA,NA,NA,NA,NA,NA,NA,NA,50,2025-06-26,18:56:11,2,1,"Roycraft, Nolan",831160,Left,WLM_SHK,"Bloomer, Chase",827167,Right,MOR_HED,Undefined,2,Bottom,1,0,0,Fastball,Sinker,BallCalled,Undefined,Undefined,Undefined,0,0,NA,88.28169,-0.278034,2.463671,2070.539124,129.548767,10:15:00,5.80505,-1.55123,6.52893,-21.76415,14.12505,-15.39087,3.73607,-0.57233,78.66004,-4.47657,-0.329921,0.431175,NA,NA,NA,NA,NA,NA,NA,NA,NA,NA,NA,8.80052,7.88008,1.38528,50,5.77633,-4.86866,-127.94058,-1.20143,14.20111,32.90132,-19.45823,MOR_HED,WLM_SHK,BigRockStadium,CPL,CPL,20250626-BigRockStadium-1,c12b2eb0-52e0-11f0-91de-9dd0983a3e69,87.41801,NA,NA,9.62165,NA,NA,NA,NA,NA,NA,67bf9003-9d93-49fb-89c2-36bfdacb035e,2025-06-26,22:56:11,2025-06-26T22:56:11Z,2025-06-26T22:56:11Z,NA,v3,NA,NA,NA,"Manley, Nathan",1000093427,Right,WLM_SHK,6df8b9c7-3b6d-4d37-b08d-c105ee3d4cd9,53.96369,-128.95586,16.45066,5.80414,-0.60098,-9.72911,1.54228,-5.30688,7.10056,NA,NA,NA,NA,NA,NA,NA,NA,NA,NA,NA,NA,NA,NA,NA,NA,NA,NA,NA,NA,NA,NA,NA,NA,NA,NA,NA,NA,NA,NA,NA,NA,NA,NA,NA,NA,NA,NA,NA,NA,NA,NA,NA,NA,NA,NA,NA,NA,NA,NA,High,High,High,NA,NA,NA,NA,NA,NA,NA,NA,NA,NA,NA,NA,NA,NA,NA,NA,NA,NA,NA,NA,NA,NA,NA,NA,NA,NA,NA,NA,NA,NA,NA,NA,NA,NA,NA,NA,NA,NA,NA,NA,NA,NA,NA,NA,NA,NA,NA,NA,NA,NA,NA,NA,NA,NA,NA,NA,NA,NA
NA,NA,NA,NA,NA,NA,NA,NA,NA,NA,NA,NA,NA,NA,NA,NA,51,2025-06-26,18:56:29,2,2,"Roycraft, Nolan",831160,Left,WLM_SHK,"Bloomer, Chase",827167,Right,MOR_HED,Undefined,2,Bottom,1,1,0,Slider,Curveball,BallCalled,Undefined,Undefined,Undefined,0,0,NA,76.71482,0.761813,3.173356,2108.919568,273.032224,03:00:00,5.53044,-1.78623,6.01554,-47.87286,1.75221,9.07312,2.24784,1.91243,67.51152,-8.185726,4.801605,0.507016,NA,NA,NA,NA,NA,NA,NA,NA,NA,NA,NA,-3.24268,1.30665,1.53272,50,5.56568,-6.48959,-110.74932,0.03303,-3.83227,28.68172,-30.62982,MOR_HED,WLM_SHK,BigRockStadium,CPL,CPL,20250626-BigRockStadium-1,cc867080-52e0-11f0-91de-9dd0983a3e69,74.34165,NA,NA,9.20329,NA,NA,NA,NA,NA,NA,67bf9003-9d93-49fb-89c2-36bfdacb035e,2025-06-26,22:56:29,2025-06-26T22:56:29Z,2025-06-26T22:56:29Z,NA,v3,NA,NA,NA,"Manley, Nathan",1000093427,Right,WLM_SHK,9b1a5a18-ae72-42a1-b00e-616042d0383b,54.47414,-111.90202,14.34086,5.53961,1.26403,-15.31491,1.79044,-6.33557,-1.91614,NA,NA,NA,NA,NA,NA,NA,NA,NA,NA,NA,NA,NA,NA,NA,NA,NA,NA,NA,NA,NA,NA,NA,NA,NA,NA,NA,NA,NA,NA,NA,NA,NA,NA,NA,NA,NA,NA,NA,NA,NA,NA,NA,NA,NA,NA,NA,NA,NA,NA,High,High,High,NA,NA,NA,NA,NA,NA,NA,NA,NA,NA,NA,NA,NA,NA,NA,NA,NA,NA,NA,NA,NA,NA,NA,NA,NA,NA,NA,NA,NA,NA,NA,NA,NA,NA,NA,NA,NA,NA,NA,NA,NA,NA,NA,NA,NA,NA,NA,NA,NA,NA,NA,NA,NA,NA,NA,NA,NA,NA
NA,NA,NA,NA,NA,NA,NA,NA,NA,NA,NA,NA,NA,NA,NA,NA,52,2025-06-26,18:56:50,2,3,"Roycraft, Nolan",831160,Left,WLM_SHK,"Bloomer, Chase",827167,Right,MOR_HED,Undefined,2,Bottom,1,2,0,Fastball,Sinker,InPlay,Undefined,FlyBall,Out,1,0,NA,86.92144,-2.182782,2.947124,2166.292362,133.02747,10:30:00,5.76809,-1.7542,6.55241,-19.17832,17.62379,-17.38387,2.16477,-0.49809,78.08502,-5.893494,-0.208871,0.436624,86.064940000000007,50.634542,17.15057,4254.503805,100.48068,116.6741,44.76173,250.90517,107.98095000000001,28.564689,5.767369,10.09205,10.37579,1.55727,50,5.60885,-5.81651,-125.97353,-5.27952,15.8898,30.40955,-15.83747,MOR_HED,WLM_SHK,BigRockStadium,CPL,CPL,20250626-BigRockStadium-1,d8d9a6e0-52e0-11f0-91de-9dd0983a3e69,86.32696,127.1553,NA,8.83643,NA,NA,NA,0.92135,3.00896,0.81987,67bf9003-9d93-49fb-89c2-36bfdacb035e,2025-06-26,22:56:50,2025-06-26T22:56:50Z,2025-06-26T22:56:50Z,FlyBall,v3,NA,NA,NA,"Manley, Nathan",1000093427,Right,WLM_SHK,7bf78c34-7a63-42e8-82c0-09f00941d68b,53.94429,-126.9221,15.20477,5.76582,-4.78551,-7.91873,1.74643,-6.31216,7.9449,198.821578,0.92492,76.41841,-19.76223,4.77774,-0.54396,-0.06167,0.03135,-0.00406,1.8e-4,3.00615,97.62955,-22.96537,2.09975,-0.31572,0.00317,0.01395,-0.00283,1.7e-4,0.81955,23.61978,0.17384,-0.37313,0.03063,0.03163,-0.01187,0.00167,-9e-5,NA,NA,NA,NA,NA,NA,NA,NA,NA,NA,NA,NA,NA,NA,NA,NA,NA,NA,NA,NA,NA,NA,High,High,High,Medium,Low,NA,NA,NA,NA,NA,NA,NA,NA,NA,NA,NA,NA,NA,NA,NA,NA,NA,NA,NA,NA,NA,NA,NA,NA,NA,NA,NA,NA,NA,NA,NA,NA,NA,NA,NA,NA,NA,NA,NA,NA,NA,NA,NA,NA,NA,NA,NA,NA,NA,NA,NA,NA,NA,NA,NA,NA
NA,NA,NA,NA,NA,NA,NA,NA,NA,NA,NA,NA,NA,NA,NA,NA,53,2025-06-26,18:57:37,3,1,"Roycraft, Nolan",831160,Left,WLM_SHK,"Donohue, Ronan",10108737,Right,MOR_HED,Undefined,2,Bottom,2,0,0,ChangeUp,Changeup,FoulBallNotFieldable,Undefined,Undefined,Undefined,0,0,NA,81.97553,-1.291128,3.351069,1738.068943,102.508429,09:30:00,5.60306,-1.64677,6.81329,-34.92793,6.03658,-20.27572,1.51216,-0.2754,73.9138,-7.897631,-0.351935,0.460654,NA,NA,NA,NA,NA,NA,NA,NA,NA,NA,NA,11.92725,4.07036,1.43715,50,5.50702,-6.26811,-118.91292,-3.6164,16.70674,27.4244,-26.4726,MOR_HED,WLM_SHK,BigRockStadium,CPL,CPL,20250626-BigRockStadium-1,f50f2dd0-52e0-11f0-91de-9dd0983a3e69,81.82367,NA,NA,8.06173,NA,NA,NA,NA,NA,NA,67bf9003-9d93-49fb-89c2-36bfdacb035e,2025-06-26,22:57:37,2025-06-26T22:57:37Z,2025-06-26T22:57:37Z,NA,v3,NA,NA,NA,"Manley, Nathan",1000093427,Right,WLM_SHK,e52f2e7d-722c-4eb9-907b-50b756bd3347,53.68546,-119.75987,13.7122,5.60609,-2.79885,-13.2363,1.63869,-6.78406,8.35337,NA,NA,NA,NA,NA,NA,NA,NA,NA,NA,NA,NA,NA,NA,NA,NA,NA,NA,NA,NA,NA,NA,NA,NA,NA,NA,NA,NA,NA,NA,NA,NA,NA,NA,NA,NA,NA,NA,NA,NA,NA,NA,NA,NA,NA,NA,NA,NA,NA,NA,High,High,High,NA,NA,NA,NA,NA,NA,NA,NA,NA,NA,NA,NA,NA,NA,NA,NA,NA,NA,NA,NA,NA,NA,NA,NA,NA,NA,NA,NA,NA,NA,NA,NA,NA,NA,NA,NA,NA,NA,NA,NA,NA,NA,NA,NA,NA,NA,NA,NA,NA,NA,NA,NA,NA,NA,NA,NA,NA,NA
NA,NA,NA,NA,NA,NA,NA,NA,NA,NA,NA,NA,NA,NA,NA,NA,54,2025-06-26,18:57:59,3,2,"Roycraft, Nolan",831160,Left,WLM_SHK,"Donohue, Ronan",10108737,Right,MOR_HED,Undefined,2,Bottom,2,0,1,Fastball,Sinker,InPlay,Undefined,GroundBall,Out,1,0,NA,87.08498,-1.011952,2.189721,1984.425266,125.020968,10:15:00,5.74112,-1.72767,6.42525,-24.96919,11.57111,-14.66524,2.72942,-0.93606,78.76145,-5.748374,-0.468823,0.435068,89.60602,-22.930498,8.703753,NA,NA,NA,NA,6.34477,6.17745,16.847988,0.050158,8.34343,6.74422,1.57777,50,5.65772,-4.26247,-126.39986,-2.9533,13.31323,29.06023,-21.41265,MOR_HED,WLM_SHK,BigRockStadium,CPL,CPL,20250626-BigRockStadium-1,01d71f00-52e1-11f0-91de-9dd0983a3e69,86.63569,2.57395,NA,8.32353,NA,NA,NA,0.05815,2.57395,0.91821,67bf9003-9d93-49fb-89c2-36bfdacb035e,2025-06-26,22:57:59,2025-06-26T22:57:59Z,2025-06-26T22:57:59Z,GroundBall,v3,NA,NA,NA,"Manley, Nathan",1000093427,Right,WLM_SHK,18aa18ee-54a6-4e81-b91a-202808b4021f,54.07217,-127.33264,14.53012,5.74148,-2.266,-10.70633,1.72144,-4.68981,6.65661,180,0.05601,119.90743,NA,NA,NA,NA,NA,NA,NA,2.57486,-51.31708,NA,NA,NA,NA,NA,NA,NA,0.91788,18.35645,NA,NA,NA,NA,NA,NA,NA,NA,NA,NA,NA,NA,NA,NA,NA,NA,NA,NA,NA,NA,NA,NA,NA,NA,NA,NA,NA,NA,NA,High,High,High,High,High,NA,NA,NA,NA,NA,NA,NA,NA,NA,NA,NA,NA,NA,NA,NA,NA,NA,NA,NA,NA,NA,NA,NA,NA,NA,NA,NA,NA,NA,NA,NA,NA,NA,NA,NA,NA,NA,NA,NA,NA,NA,NA,NA,NA,NA,NA,NA,NA,NA,NA,NA,NA,NA,NA,NA,NA
NA,NA,NA,NA,NA,NA,NA,NA,NA,NA,NA,NA,NA,NA,NA,NA,55,2025-06-26,19:00:11,1,1,"Serce, Nick",1000334553,Left,MOR_HED,"Boyles, Jack",1000076008,Right,WLM_SHK,Undefined,3,Top,0,0,0,Fastball,Sinker,BallCalled,Undefined,Undefined,Undefined,0,0,NA,85.53266,-1.543893,0.485043,2239.214683,146.891945,11:00:00,5.74019,-1.88767,6.27779,-14.21454,24.32297,-14.87154,3.13217,-2.67987,76.34367,-4.369902,-2.203127,0.4468,NA,NA,NA,NA,NA,NA,NA,NA,NA,NA,NA,7.76768,13.50682,1.85805,50,5.61877,-0.43821,-123.9679,-3.60534,11.78179,30.62966,-11.6873,MOR_HED,WLM_SHK,BigRockStadium,CPL,CPL,20250626-BigRockStadium-1,507b1c10-52e1-11f0-91de-9dd0983a3e69,84.36087,NA,NA,9.18899,NA,NA,NA,NA,NA,NA,67bf9003-9d93-49fb-89c2-36bfdacb035e,2025-06-26,23:00:11,2025-06-26T23:00:11Z,2025-06-26T23:00:11Z,NA,v3,NA,NA,NA,"Poppell, Broedy",701435,Right,MOR_HED,f87408c9-77e3-49f1-9dc6-64c19f322599,54.21468,-125.00491,15.31483,5.73414,-3.20965,-5.84365,1.87964,-0.8371,5.8909,NA,NA,NA,NA,NA,NA,NA,NA,NA,NA,NA,NA,NA,NA,NA,NA,NA,NA,NA,NA,NA,NA,NA,NA,NA,NA,NA,NA,NA,NA,NA,NA,NA,NA,NA,NA,NA,NA,NA,NA,NA,NA,NA,NA,NA,NA,NA,NA,NA,NA,High,High,High,NA,NA,NA,NA,NA,NA,NA,NA,NA,NA,NA,NA,NA,NA,NA,NA,NA,NA,NA,NA,NA,NA,NA,NA,NA,NA,NA,NA,NA,NA,NA,NA,NA,NA,NA,NA,NA,NA,NA,NA,NA,NA,NA,NA,NA,NA,NA,NA,NA,NA,NA,NA,NA,NA,NA,NA,NA,NA
NA,NA,NA,NA,NA,NA,NA,NA,NA,NA,NA,NA,NA,NA,NA,NA,56,2025-06-26,19:00:28,1,2,"Serce, Nick",1000334553,Left,MOR_HED,"Boyles, Jack",1000076008,Right,WLM_SHK,Undefined,3,Top,0,1,0,Fastball,Four-Seam,FoulBallNotFieldable,Undefined,Undefined,Undefined,0,0,NA,86.12957,-1.298125,2.588059,2310.831991,146.188254,10:45:00,5.69801,-1.72446,6.3638,-17.24332,20.19729,-12.63615,3.06504,-0.39421,77.81292,-4.642867,0.302537,0.440395,64.49361,53.387705,148.651079,3563.047062,NA,NA,NA,NA,42.24422,NA,NA,7.40705,11.32355,1.54284,50,5.59586,-5.16151,-124.95472,-3.25099,11.56233,28.15947,-14.49809,MOR_HED,WLM_SHK,BigRockStadium,CPL,CPL,20250626-BigRockStadium-1,5b06fff0-52e1-11f0-91de-9dd0983a3e69,85.5877,47.03207,NA,8.31665,NA,NA,NA,1.70314,3.217,0.44242,67bf9003-9d93-49fb-89c2-36bfdacb035e,2025-06-26,23:00:28,2025-06-26T23:00:28Z,2025-06-26T23:00:28Z,NA,v3,NA,NA,NA,"Poppell, Broedy",701435,Right,MOR_HED,b62b363c-f8c0-4324-9980-380bc49b8006,54.13365,-125.88282,14.07974,5.69513,-2.77315,-7.24904,1.71924,-5.54259,5.78116,349.624383,1.70314,-48.17761,-0.12686,1.09956,-0.55646,0.35184,0.291,-0.69632,0.33056,3.217,75.92713,-28.12148,3.44524,-0.89189,0.12711,0.7776,-1.10429,0.46117,0.44242,29.3489,-2.16039,-0.17595,0.19279,-0.18162,-0.01506,0.17977,-0.09715,NA,NA,NA,NA,NA,NA,NA,NA,NA,NA,NA,NA,NA,NA,NA,NA,NA,NA,NA,NA,NA,NA,High,High,High,High,Undefined,NA,NA,NA,NA,NA,NA,NA,NA,NA,NA,NA,NA,NA,NA,NA,NA,NA,NA,NA,NA,NA,NA,NA,NA,NA,NA,NA,NA,NA,NA,NA,NA,NA,NA,NA,NA,NA,NA,NA,NA,NA,NA,NA,NA,NA,NA,NA,NA,NA,NA,NA,NA,NA,NA,NA,NA
NA,NA,NA,NA,NA,NA,NA,NA,NA,NA,NA,NA,NA,NA,NA,NA,57,2025-06-26,19:00:49,1,3,"Serce, Nick",1000334553,Left,MOR_HED,"Boyles, Jack",1000076008,Right,WLM_SHK,Undefined,3,Top,0,1,1,Fastball,Sinker,InPlay,Undefined,GroundBall,Error,0,0,NA,86.40783,-1.918218,3.508475,2182.71802,132.112196,10:30:00,5.6329,-1.77687,6.34794,-21.27678,15.40788,-15.80249,2.09009,0.13992,79.43347,-5.941502,0.652959,0.435927,86.8804,3.916095,-20.184248,4721.496664,NA,NA,NA,83.11092,79.63701,-19.894838,0.68961,9.21902,8.89201,1.52929,50,5.48319,-7.10027,-125.43914,-4.80465,14.75972,24.22901,-17.93786,MOR_HED,WLM_SHK,BigRockStadium,CPL,CPL,20250626-BigRockStadium-1,676050d0-52e1-11f0-91de-9dd0983a3e69,86.46502,3.11961,NA,6.97436,NA,NA,NA,2.02214,2.04037,0.05059,67bf9003-9d93-49fb-89c2-36bfdacb035e,2025-06-26,23:00:49,2025-06-26T23:00:49Z,2025-06-26T23:00:49Z,GroundBall,v3,NA,NA,NA,"Poppell, Broedy",701435,Right,MOR_HED,529f0123-b826-42b7-a2b6-ad892cced81c,54.15276,-126.23871,12.11451,5.63198,-4.21269,-8.96893,1.77164,-7.58735,7.37986,47.536926,2.04844,118.80398,-12.30225,NA,NA,NA,NA,NA,NA,2.05969,8.32545,-16.44216,NA,NA,NA,NA,NA,NA,0.04328,-43.72068,3.85126,NA,NA,NA,NA,NA,NA,NA,NA,NA,NA,NA,NA,NA,NA,NA,NA,NA,NA,NA,NA,NA,NA,NA,NA,NA,NA,NA,NA,High,High,High,High,High,NA,NA,NA,NA,NA,NA,NA,NA,NA,NA,NA,NA,NA,NA,NA,NA,NA,NA,NA,NA,NA,NA,NA,NA,NA,NA,NA,NA,NA,NA,NA,NA,NA,NA,NA,NA,NA,NA,NA,NA,NA,NA,NA,NA,NA,NA,NA,NA,NA,NA,NA,NA,NA,NA,NA,NA
NA,NA,NA,NA,NA,NA,NA,NA,NA,NA,NA,NA,NA,NA,NA,NA,58,2025-06-26,19:01:27,2,1,"Serce, Nick",1000334553,Left,MOR_HED,"Manley, Nathan",1000093427,Right,WLM_SHK,Undefined,3,Top,0,0,0,Fastball,Sinker,InPlay,Undefined,GroundBall,Single,0,0,NA,86.5219,-1.324631,2.408632,2235.424853,143.941084,10:45:00,5.73072,-1.76378,6.21858,-17.07938,19.67474,-13.49788,3.0838,-0.66465,79.30284,-4.594897,-0.026672,0.436339,84.68975,1.655195,-25.651354,2889.345132,NA,NA,NA,55.18233,53.84702,-25.736503,0.461385,7.67563,10.92005,1.59009,50,5.62282,-4.76661,-125.70059,-3.35667,12.31779,24.76211,-14.64963,MOR_HED,WLM_SHK,BigRockStadium,CPL,CPL,20250626-BigRockStadium-1,7df1e750-52e1-11f0-91de-9dd0983a3e69,86.38329,3.12952,NA,7.21906,NA,NA,NA,1.3052,2.98837,0.74968,67bf9003-9d93-49fb-89c2-36bfdacb035e,2025-06-26,23:01:27,2025-06-26T23:01:27Z,2025-06-26T23:01:27Z,GroundBall,v3,NA,NA,NA,"Poppell, Broedy",701435,Right,MOR_HED,afe284cc-b6e6-4ef0-884a-0b333f0e6105,54.2811,-126.54113,12.38105,5.72832,-2.85939,-7.32482,1.75899,-5.18473,6.1589,49.971902,1.3121,111.7229,-14.83347,NA,NA,NA,NA,NA,NA,2.99915,3.27536,-21.23611,NA,NA,NA,NA,NA,NA,0.75313,-53.84863,0.59453,NA,NA,NA,NA,NA,NA,NA,NA,NA,NA,NA,NA,NA,NA,NA,NA,NA,NA,NA,NA,NA,NA,NA,NA,NA,NA,NA,NA,High,High,High,High,High,NA,NA,NA,NA,NA,NA,NA,NA,NA,NA,NA,NA,NA,NA,NA,NA,NA,NA,NA,NA,NA,NA,NA,NA,NA,NA,NA,NA,NA,NA,NA,NA,NA,NA,NA,NA,NA,NA,NA,NA,NA,NA,NA,NA,NA,NA,NA,NA,NA,NA,NA,NA,NA,NA,NA,NA
NA,NA,NA,NA,NA,NA,NA,NA,NA,NA,NA,NA,NA,NA,NA,NA,59,2025-06-26,19:02:04,3,1,"Serce, Nick",1000334553,Left,MOR_HED,"Powell, Connor",1000118857,Left,WLM_SHK,Undefined,3,Top,0,0,0,Fastball,Sinker,StrikeCalled,Undefined,Undefined,Undefined,0,0,NA,86.32093,-1.207243,4.054271,2226.788177,138.907645,10:45:00,5.74778,-1.72581,6.33056,-18.22962,18.90253,-15.403,3.11403,0.73012,78.50432,-4.710241,1.276108,0.438577,NA,NA,NA,NA,NA,NA,NA,NA,NA,NA,NA,9.11504,10.52512,1.43637,50,5.65058,-8.25792,-125.12432,-3.10378,14.39893,26.08792,-15.54764,MOR_HED,WLM_SHK,BigRockStadium,CPL,CPL,20250626-BigRockStadium-1,93e4ccd0-52e1-11f0-91de-9dd0983a3e69,85.94249,NA,NA,7.81661,NA,NA,NA,NA,NA,NA,67bf9003-9d93-49fb-89c2-36bfdacb035e,2025-06-26,23:02:04,2025-06-26T23:02:04Z,2025-06-26T23:02:04Z,NA,v3,NA,NA,NA,"Poppell, Broedy",701435,Right,MOR_HED,f44113fb-ac73-4ed5-bbc9-412fbbdeb3db,54.16657,-125.99003,13.04396,5.74502,-2.58784,-7.77382,1.71833,-8.73574,7.19947,NA,NA,NA,NA,NA,NA,NA,NA,NA,NA,NA,NA,NA,NA,NA,NA,NA,NA,NA,NA,NA,NA,NA,NA,NA,NA,NA,NA,NA,NA,NA,NA,NA,NA,NA,NA,NA,NA,NA,NA,NA,NA,NA,NA,NA,NA,NA,NA,NA,NA,High,High,High,NA,NA,NA,NA,NA,NA,NA,NA,NA,NA,NA,NA,NA,NA,NA,NA,NA,NA,NA,NA,NA,NA,NA,NA,NA,NA,NA,NA,NA,NA,NA,NA,NA,NA,NA,NA,NA,NA,NA,NA,NA,NA,NA,NA,NA,NA,NA,NA,NA,NA,NA,NA,NA,NA,NA,NA,NA,NA
NA,NA,NA,NA,NA,NA,NA,NA,NA,NA,NA,NA,NA,NA,NA,NA,60,2025-06-26,19:02:20,3,2,"Serce, Nick",1000334553,Left,MOR_HED,"Powell, Connor",1000118857,Left,WLM_SHK,Undefined,3,Top,0,0,1,Fastball,Sinker,StrikeCalled,Undefined,Undefined,Undefined,0,0,NA,86.26356,-2.314071,3.822728,2235.753246,138.281781,10:30:00,5.76554,-1.61351,6.20348,-19.34064,18.23973,-15.07906,2.01191,0.66369,78.18648,-6.0127370000000004,1.107507,0.441217,NA,NA,NA,NA,NA,NA,NA,NA,NA,NA,NA,8.94481,10.52945,1.33319,50,5.58147,-7.74622,-124.92387,-5.57524,14.00507,27.32929,-15.6879,MOR_HED,WLM_SHK,BigRockStadium,CPL,CPL,20250626-BigRockStadium-1,9dc55580-52e1-11f0-91de-9dd0983a3e69,85.42839,NA,NA,8.07708,NA,NA,NA,NA,NA,NA,67bf9003-9d93-49fb-89c2-36bfdacb035e,2025-06-26,23:02:20,2025-06-26T23:02:20Z,2025-06-26T23:02:20Z,NA,v3,NA,NA,NA,"Poppell, Broedy",701435,Right,MOR_HED,0e9bd8d9-1847-4465-923c-eaa19dd55139,54.29373,-125.85969,13.66465,5.76318,-5.03805,-7.84395,1.60665,-8.22579,7.00253,NA,NA,NA,NA,NA,NA,NA,NA,NA,NA,NA,NA,NA,NA,NA,NA,NA,NA,NA,NA,NA,NA,NA,NA,NA,NA,NA,NA,NA,NA,NA,NA,NA,NA,NA,NA,NA,NA,NA,NA,NA,NA,NA,NA,NA,NA,NA,NA,NA,NA,High,High,High,NA,NA,NA,NA,NA,NA,NA,NA,NA,NA,NA,NA,NA,NA,NA,NA,NA,NA,NA,NA,NA,NA,NA,NA,NA,NA,NA,NA,NA,NA,NA,NA,NA,NA,NA,NA,NA,NA,NA,NA,NA,NA,NA,NA,NA,NA,NA,NA,NA,NA,NA,NA,NA,NA,NA,NA,NA,NA
NA,NA,NA,NA,NA,NA,NA,NA,NA,NA,NA,NA,NA,NA,NA,NA,61,2025-06-26,19:02:42,3,3,"Serce, Nick",1000334553,Left,MOR_HED,"Powell, Connor",1000118857,Left,WLM_SHK,Undefined,3,Top,0,0,2,Fastball,Sinker,StrikeSwinging,Strikeout,Undefined,Undefined,0,0,NA,86.75177,-1.19077,3.941102,2228.088531,140.895587,10:45:00,5.7678,-1.74144,6.3128,-17.44521,19.57218,-14.84375,3.21441,0.65761,78.39183,-4.565117,1.264359,0.437899,NA,NA,NA,NA,NA,NA,NA,NA,NA,NA,NA,8.86839,10.89347,1.45893,50,5.67181,-8.06306,-125.68222,-3.04707,14.03766,27.94435,-14.93098,MOR_HED,WLM_SHK,BigRockStadium,CPL,CPL,20250626-BigRockStadium-1,aab62b70-52e1-11f0-91de-9dd0983a3e69,86.07557,NA,NA,8.35993,NA,NA,NA,NA,NA,NA,67bf9003-9d93-49fb-89c2-36bfdacb035e,2025-06-26,23:02:42,2025-06-26T23:02:42Z,2025-06-26T23:02:42Z,NA,v3,NA,NA,NA,"Poppell, Broedy",701435,Right,MOR_HED,543c9e09-9f20-47d4-a805-b16697546153,54.18348,-126.60896,13.97218,5.76466,-2.55191,-7.46549,1.73405,-8.5286,7.01883,NA,NA,NA,NA,NA,NA,NA,NA,NA,NA,NA,NA,NA,NA,NA,NA,NA,NA,NA,NA,NA,NA,NA,NA,NA,NA,NA,NA,NA,NA,NA,NA,NA,NA,NA,NA,NA,NA,NA,NA,NA,NA,NA,NA,NA,NA,NA,NA,NA,NA,High,High,High,NA,NA,NA,NA,NA,NA,NA,NA,NA,NA,NA,NA,NA,NA,NA,NA,NA,NA,NA,NA,NA,NA,NA,NA,NA,NA,NA,NA,NA,NA,NA,NA,NA,NA,NA,NA,NA,NA,NA,NA,NA,NA,NA,NA,NA,NA,NA,NA,NA,NA,NA,NA,NA,NA,NA,NA,NA,NA
NA,NA,NA,NA,NA,NA,NA,NA,NA,NA,NA,NA,NA,NA,NA,NA,62,2025-06-26,19:06:00,4,1,"Gipson, Carson",1000213957,Right,MOR_HED,"Mitchem, Cam",1000224485,Right,WLM_SHK,Undefined,3,Top,1,0,0,Curveball,Curveball,StrikeCalled,Undefined,Undefined,Undefined,0,0,NA,77.52775,0.736933,-0.539514,2239.664797,75.973012,08:30:00,6.02078,1.6569,4.98972,-49.32574,-1.16224,-10.76363,2.6062,0.25049,71.15486,-8.184732,-2.441753,0.499494,NA,NA,NA,NA,NA,NA,NA,NA,NA,NA,NA,5.19485,-0.35839,-1.59568,50,6.05143,1.49522,-112.49704,-0.30135,6.6383,20.95077,-32.63204,MOR_HED,WLM_SHK,BigRockStadium,CPL,CPL,20250626-BigRockStadium-1,20ce4180-52e2-11f0-91de-9dd0983a3e69,75.46122,NA,NA,6.37289,NA,NA,NA,NA,NA,NA,67bf9003-9d93-49fb-89c2-36bfdacb035e,2025-06-26,23:06:00,2025-06-26T23:06:00Z,2025-06-26T23:06:00Z,NA,v3,NA,NA,NA,"Poppell, Broedy",701435,Right,MOR_HED,e5204b8f-d44a-4ace-9317-fb67b3ec5ee4,55.51032,-113.51861,10.47538,6.02733,1.28981,-16.31602,-1.6607,1.17154,3.31915,NA,NA,NA,NA,NA,NA,NA,NA,NA,NA,NA,NA,NA,NA,NA,NA,NA,NA,NA,NA,NA,NA,NA,NA,NA,NA,NA,NA,NA,NA,NA,NA,NA,NA,NA,NA,NA,NA,NA,NA,NA,NA,NA,NA,NA,NA,NA,NA,NA,NA,High,High,High,NA,NA,NA,NA,NA,NA,NA,NA,NA,NA,NA,NA,NA,NA,NA,NA,NA,NA,NA,NA,NA,NA,NA,NA,NA,NA,NA,NA,NA,NA,NA,NA,NA,NA,NA,NA,NA,NA,NA,NA,NA,NA,NA,NA,NA,NA,NA,NA,NA,NA,NA,NA,NA,NA,NA,NA,NA,NA
NA,NA,NA,NA,NA,NA,NA,NA,NA,NA,NA,NA,NA,NA,NA,NA,63,2025-06-26,19:06:21,4,2,"Gipson, Carson",1000213957,Right,MOR_HED,"Mitchem, Cam",1000224485,Right,WLM_SHK,Undefined,3,Top,1,0,1,Fastball,Four-Seam,FoulBallNotFieldable,Undefined,Undefined,Undefined,0,0,NA,90.25312,-1.601203,-2.022994,2129.053846,214.503568,01:15:00,6.3361,1.26496,5.36603,-18.81769,16.33481,10.42343,3.26525,0.23591,82.14018,-5.131972,-0.171283,0.426726,69.57916,39.638157,170.334695,3990.35143,-109.66481,42.76045,8.5808,175.53795,54.84926,178.504489,2.908196,-5.8474,9.02186,-1.09118,50,6.1794,4.15215,-130.85963,-4.29581,-10.09688,28.69648,-16.59576,MOR_HED,WLM_SHK,BigRockStadium,CPL,CPL,20250626-BigRockStadium-1,2d10fd20-52e2-11f0-91de-9dd0983a3e69,88.32929,44.25831,NA,8.11294,NA,NA,NA,1.86919,3.37878,-0.21206,67bf9003-9d93-49fb-89c2-36bfdacb035e,2025-06-26,23:06:21,2025-06-26T23:06:21Z,2025-06-26T23:06:21Z,FlyBall,v3,NA,NA,NA,"Poppell, Broedy",701435,Right,MOR_HED,e73ec447-380f-4605-a748-cc4c0366348b,55.13247,-131.98034,14.34824,6.33451,-3.64768,-8.29788,-1.26104,4.54647,-5.04844,329.788915,1.86947,-77.48597,4.97538,0.06943,0.52891,-0.556,0.27349,-0.06431,0.0058,3.3788299999999998,65.09754,-29.9062,3.81667,-0.62241,0.02222,0.01724,-0.00209,-1e-4,-0.21213,13.1967,-6.53663,1.47114,-0.35246,0.11684,-0.04768,0.01228,-0.00124,NA,NA,NA,NA,NA,NA,NA,NA,NA,NA,NA,NA,NA,NA,NA,NA,NA,NA,NA,NA,NA,NA,High,High,High,High,Low,NA,NA,NA,NA,NA,NA,NA,NA,NA,NA,NA,NA,NA,NA,NA,NA,NA,NA,NA,NA,NA,NA,NA,NA,NA,NA,NA,NA,NA,NA,NA,NA,NA,NA,NA,NA,NA,NA,NA,NA,NA,NA,NA,NA,NA,NA,NA,NA,NA,NA,NA,NA,NA,NA,NA,NA
NA,NA,NA,NA,NA,NA,NA,NA,NA,NA,NA,NA,NA,NA,NA,NA,64,2025-06-26,19:06:55,4,3,"Gipson, Carson",1000213957,Right,MOR_HED,"Mitchem, Cam",1000224485,Right,WLM_SHK,Undefined,3,Top,1,0,2,Fastball,Sinker,InPlay,Undefined,GroundBall,Out,1,0,NA,89.04089,-1.372809,-1.691966,2118.089575,241.162136,02:00:00,6.33183,1.16803,5.55189,-26.0632,10.15953,16.0656,2.87632,0.92537,80.36972,-6.225652,1.174821,0.433174,34.99107,-79.24683,36.749884,NA,NA,NA,NA,1.38329,1.18986,-18.825979,0.045843,-8.68071,5.95461,-1.03267,50,6.19612,3.1011,-129.04208,-4.00371,-14.40865,30.76414,-22.29032,MOR_HED,WLM_SHK,BigRockStadium,CPL,CPL,20250626-BigRockStadium-1,41adef90-52e2-11f0-91de-9dd0983a3e69,87.01458,2.34358,NA,8.67117,NA,NA,NA,0.95267,2.34358,-0.71268,67bf9003-9d93-49fb-89c2-36bfdacb035e,2025-06-26,23:06:55,2025-06-26T23:06:55Z,2025-06-26T23:06:55Z,GroundBall,v3,NA,NA,NA,"Poppell, Broedy",701435,Right,MOR_HED,1654a0ad-3157-4dc2-a685-cefa33c502c4,54.94557,-130.21579,15.38207,6.33265,-3.15329,-11.14516,-1.16147,3.65081,-7.20433,NA,0.95188,7.77923,NA,NA,NA,NA,NA,NA,NA,2.34877,-51.12234,NA,NA,NA,NA,NA,NA,NA,-0.71327,5.809,NA,NA,NA,NA,NA,NA,NA,NA,NA,NA,NA,NA,NA,NA,NA,NA,NA,NA,NA,NA,NA,NA,NA,NA,NA,NA,NA,NA,NA,High,High,High,Low,Low,NA,NA,NA,NA,NA,NA,NA,NA,NA,NA,NA,NA,NA,NA,NA,NA,NA,NA,NA,NA,NA,NA,NA,NA,NA,NA,NA,NA,NA,NA,NA,NA,NA,NA,NA,NA,NA,NA,NA,NA,NA,NA,NA,NA,NA,NA,NA,NA,NA,NA,NA,NA,NA,NA,NA,NA
NA,NA,NA,NA,NA,NA,NA,NA,NA,NA,NA,NA,NA,NA,NA,NA,65,2025-06-26,19:07:36,5,1,"Gipson, Carson",1000213957,Right,MOR_HED,"Miller, Brady",1000357366,Right,WLM_SHK,Undefined,3,Top,2,0,0,Curveball,Curveball,BallCalled,Undefined,Undefined,Undefined,0,0,NA,76.10941,2.46264,0.54045,2302.681831,58.664993,08:00:00,6.0902,1.4713,4.72568,-57.20448,-6.29268,-13.18528,3.66135,0.88534,69.17876,-7.849768,-1.777188,0.513547,NA,NA,NA,NA,NA,NA,NA,NA,NA,NA,NA,6.58886,-3.27402,-1.51347,50,6.28794,-0.48526,-110.2239,2.64162,8.025,21.4168,-36.16168,MOR_HED,WLM_SHK,BigRockStadium,CPL,CPL,20250626-BigRockStadium-1,59d938e0-52e2-11f0-91de-9dd0983a3e69,73.39621,NA,NA,6.93065,NA,NA,NA,NA,NA,NA,67bf9003-9d93-49fb-89c2-36bfdacb035e,2025-06-26,23:07:36,2025-06-26T23:07:36Z,2025-06-26T23:07:36Z,NA,v3,NA,NA,NA,"Poppell, Broedy",701435,Right,MOR_HED,8578785c-3ef7-458a-9192-f055c32dec87,55.77371,-111.3401,10.7084,6.10116,4.52629,-18.08084,-1.47728,-0.9035,4.0125,NA,NA,NA,NA,NA,NA,NA,NA,NA,NA,NA,NA,NA,NA,NA,NA,NA,NA,NA,NA,NA,NA,NA,NA,NA,NA,NA,NA,NA,NA,NA,NA,NA,NA,NA,NA,NA,NA,NA,NA,NA,NA,NA,NA,NA,NA,NA,NA,NA,NA,High,High,High,NA,NA,NA,NA,NA,NA,NA,NA,NA,NA,NA,NA,NA,NA,NA,NA,NA,NA,NA,NA,NA,NA,NA,NA,NA,NA,NA,NA,NA,NA,NA,NA,NA,NA,NA,NA,NA,NA,NA,NA,NA,NA,NA,NA,NA,NA,NA,NA,NA,NA,NA,NA,NA,NA,NA,NA,NA,NA
NA,NA,NA,NA,NA,NA,NA,NA,NA,NA,NA,NA,NA,NA,NA,NA,66,2025-06-26,19:07:57,5,2,"Gipson, Carson",1000213957,Right,MOR_HED,"Miller, Brady",1000357366,Right,WLM_SHK,Undefined,3,Top,2,1,0,Fastball,Four-Seam,BallCalled,Undefined,Undefined,Undefined,0,0,NA,89.31714,-0.505295,-2.185584,2111.315436,217.046952,01:15:00,6.33848,1.02944,5.68573,-19.57092,16.11095,11.21619,4.23624,-0.074,80.68256,-4.215283,-0.181797,0.429928,NA,NA,NA,NA,NA,NA,NA,NA,NA,NA,NA,-6.30406,8.67721,-0.85229,50,6.28387,4.43475,-129.46192,-1.75221,-10.58765,29.65419,-17.60069,MOR_HED,WLM_SHK,BigRockStadium,CPL,CPL,20250626-BigRockStadium-1,66223610-52e2-11f0-91de-9dd0983a3e69,87.67161,NA,NA,8.63457,NA,NA,NA,NA,NA,NA,67bf9003-9d93-49fb-89c2-36bfdacb035e,2025-06-26,23:07:57,2025-06-26T23:07:57Z,2025-06-26T23:07:57Z,NA,v3,NA,NA,NA,"Poppell, Broedy",701435,Right,MOR_HED,b8ba909e-64b3-48e3-bff9-dffd413d24a3,54.80908,-130.55882,14.8271,6.33664,-1.10116,-8.80034,-1.02358,4.82638,-5.29383,NA,NA,NA,NA,NA,NA,NA,NA,NA,NA,NA,NA,NA,NA,NA,NA,NA,NA,NA,NA,NA,NA,NA,NA,NA,NA,NA,NA,79.49652,1.49006,0.662374,0.827686,-1.7878,3.99265,0.08081,-3.03089,6.1328,-2.47828,65.57183,6.41273,-59.22613,-3.0007,87.19798,-5.24047,6.14308,10.27386,-12.01336,-2.53772,-75.4121,8.33484,High,High,High,NA,NA,High,High,High,NA,NA,NA,NA,NA,NA,NA,NA,NA,NA,NA,NA,NA,NA,NA,NA,NA,NA,NA,NA,NA,NA,NA,NA,NA,NA,NA,NA,NA,NA,NA,NA,NA,NA,NA,NA,NA,NA,NA,NA,NA,NA,NA,NA,NA,NA,NA,NA,NA,NA,NA,NA,NA
NA,NA,NA,NA,NA,NA,NA,NA,NA,NA,NA,NA,NA,NA,NA,NA,67,2025-06-26,19:08:25,5,3,"Gipson, Carson",1000213957,Right,MOR_HED,"Miller, Brady",1000357366,Right,WLM_SHK,Undefined,3,Top,2,2,0,Fastball,Sinker,FoulBallNotFieldable,Undefined,Undefined,Undefined,0,0,NA,89.55142,-1.014336,-1.408216,1961.011159,220.80047,01:15:00,6.2909,1.30623,5.44917,-22.0245,13.81544,10.828,3.50551,0.88992,80.91129,-5.141392,0.519394,0.430879,73.57414,11.865429,172.940902,2363.260725,NA,NA,NA,132.28021,49.619,177.478541,1.461481,-5.89055,7.64036,-1.18961,50,6.18659,2.70137,-129.80357,-3.05112,-9.92637,30.29224,-19.29907,MOR_HED,WLM_SHK,BigRockStadium,CPL,CPL,20250626-BigRockStadium-1,76b279e0-52e2-11f0-91de-9dd0983a3e69,87.47808,10.33407,NA,8.64013,NA,NA,NA,0.87755,3.45869,-0.89488,67bf9003-9d93-49fb-89c2-36bfdacb035e,2025-06-26,23:08:25,2025-06-26T23:08:25Z,2025-06-26T23:08:25Z,GroundBall,v3,NA,NA,NA,"Poppell, Broedy",701435,Right,MOR_HED,15cb1516-2204-4e8e-bd60-520397e1d658,55.04745,-130.9762,15.14612,6.29024,-2.30404,-9.64953,-1.30162,3.08563,-4.96319,274.412622,0.87755,-104.80245,10.82688,-1.21047,0.17385,-0.00229,0.00381,-0.00236,4.2e-4,3.45869,22.18748,-18.89834,1.78614,-0.31844,0.06597,-0.01051,0.00174,-2.3e-4,-0.89488,12.97787,-8.04552,2.2784,-0.63282,0.13876,-0.03039,0.00649,-7e-4,NA,NA,NA,NA,NA,NA,NA,NA,NA,NA,NA,NA,NA,NA,NA,NA,NA,NA,NA,NA,NA,NA,High,High,High,High,Medium,NA,NA,NA,NA,NA,NA,NA,NA,NA,NA,NA,NA,NA,NA,NA,NA,NA,NA,NA,NA,NA,NA,NA,NA,NA,NA,NA,NA,NA,NA,NA,NA,NA,NA,NA,NA,NA,NA,NA,NA,NA,NA,NA,NA,NA,NA,NA,NA,NA,NA,NA,NA,NA,NA,NA,NA
NA,NA,NA,NA,NA,NA,NA,NA,NA,NA,NA,NA,NA,NA,NA,NA,68,2025-06-26,19:08:55,5,4,"Gipson, Carson",1000213957,Right,MOR_HED,"Miller, Brady",1000357366,Right,WLM_SHK,Undefined,3,Top,2,2,1,Curveball,Curveball,StrikeSwinging,Undefined,Undefined,Undefined,0,0,NA,77.45513,1.770354,-1.230986,2341.978664,42.769501,07:30:00,6.06715,1.42886,5.02524,-57.83243,-9.22406,-10.05138,2.91922,-0.5705,70.59319,-8.678571,-3.007994,0.501796,NA,NA,NA,NA,NA,NA,NA,NA,NA,NA,NA,4.57461,-4.57559,-1.30269,50,6.19016,2.8279,-112.26383,1.37398,5.77322,22.43268,-37.94851,MOR_HED,WLM_SHK,BigRockStadium,CPL,CPL,20250626-BigRockStadium-1,88b7d180-52e2-11f0-91de-9dd0983a3e69,75.11512,NA,NA,6.86194,NA,NA,NA,NA,NA,NA,67bf9003-9d93-49fb-89c2-36bfdacb035e,2025-06-26,23:08:55,2025-06-26T23:08:55Z,2025-06-26T23:08:55Z,NA,v3,NA,NA,NA,"Poppell, Broedy",701435,Right,MOR_HED,013d4be7-a5a4-40dc-becc-13dde0340a26,55.47476,-113.35252,11.21634,6.07879,3.21568,-18.97426,-1.43313,2.54772,2.88661,NA,NA,NA,NA,NA,NA,NA,NA,NA,NA,NA,NA,NA,NA,NA,NA,NA,NA,NA,NA,NA,NA,NA,NA,NA,NA,NA,NA,NA,NA,NA,NA,NA,NA,NA,NA,NA,NA,NA,NA,NA,NA,NA,NA,NA,NA,NA,NA,NA,NA,High,High,High,NA,NA,NA,NA,NA,NA,NA,NA,NA,NA,NA,NA,NA,NA,NA,NA,NA,NA,NA,NA,NA,NA,NA,NA,NA,NA,NA,NA,NA,NA,NA,NA,NA,NA,NA,NA,NA,NA,NA,NA,NA,NA,NA,NA,NA,NA,NA,NA,NA,NA,NA,NA,NA,NA,NA,NA,NA,NA
NA,NA,NA,NA,NA,NA,NA,NA,NA,NA,NA,NA,NA,NA,NA,NA,69,2025-06-26,19:09:21,5,5,"Gipson, Carson",1000213957,Right,MOR_HED,"Miller, Brady",1000357366,Right,WLM_SHK,Undefined,3,Top,2,2,2,Fastball,Four-Seam,InPlay,Undefined,GroundBall,Out,1,0,NA,89.95782,-2.454616,-0.993171,2180.082768,216.123546,01:15:00,6.31173,1.04705,5.54677,-20.44139,14.87261,9.95949,2.31268,0.94879,81.66123,-6.284326,0.783905,0.427706,48.83627,-31.396973,-64.283991,NA,NA,NA,NA,6.2437,6.24369,-46.541679,0.064854,-5.37075,8.63634,-0.96799,50,6.0859,1.82289,-130.39891,-6.27282,-9.15919,29.86311,-17.44571,MOR_HED,WLM_SHK,BigRockStadium,CPL,CPL,20250626-BigRockStadium-1,982f0430-52e2-11f0-91de-9dd0983a3e69,88.12707,2.43781,NA,8.29659,NA,NA,NA,2.56144,2.43781,-0.93351,67bf9003-9d93-49fb-89c2-36bfdacb035e,2025-06-26,23:09:21,2025-06-26T23:09:21Z,2025-06-26T23:09:21Z,GroundBall,v3,NA,NA,NA,"Poppell, Broedy",701435,Right,MOR_HED,9cdcb8c5-5765-4408-b5b5-33d700b7155f,54.95144,-131.52797,14.93156,6.31059,-5.61324,-8.72285,-1.04345,2.16918,-4.5796,NA,2.5594,26.72383,NA,NA,NA,NA,NA,NA,NA,2.44067,-37.5892,NA,NA,NA,NA,NA,NA,NA,-0.92928,-55.48834,NA,NA,NA,NA,NA,NA,NA,NA,NA,NA,NA,NA,NA,NA,NA,NA,NA,NA,NA,NA,NA,NA,NA,NA,NA,NA,NA,NA,NA,High,High,High,Estimated,Estimated,NA,NA,NA,NA,NA,NA,NA,NA,NA,NA,NA,NA,NA,NA,NA,NA,NA,NA,NA,NA,NA,NA,NA,NA,NA,NA,NA,NA,NA,NA,NA,NA,NA,NA,NA,NA,NA,NA,NA,NA,NA,NA,NA,NA,NA,NA,NA,NA,NA,NA,NA,NA,NA,NA,NA,NA
NA,NA,NA,NA,NA,NA,NA,NA,NA,NA,NA,NA,NA,NA,NA,NA,70,2025-06-26,19:11:58,1,1,"Roycraft, Nolan",831160,Left,WLM_SHK,"Meyer, Jack",1000230529,Right,MOR_HED,Undefined,3,Bottom,0,0,0,ChangeUp,Changeup,BallCalled,Undefined,Undefined,Undefined,0,0,NA,80.30401,-0.566055,4.247825,1737.911803,105.030772,09:30:00,5.63577,-1.65351,6.945,-36.48774,5.9891,-16.42351,2.07853,0.85091,72.42305,-7.484438,1.247661,0.469081,NA,NA,NA,NA,NA,NA,NA,NA,NA,NA,NA,10.20619,3.82181,1.3938,50,5.58824,-8.10718,-116.42053,-2.08184,13.72611,25.95179,-27.03418,MOR_HED,WLM_SHK,BigRockStadium,CPL,CPL,20250626-BigRockStadium-1,f62016b0-52e2-11f0-91de-9dd0983a3e69,80.35386,NA,NA,7.88097,NA,NA,NA,NA,NA,NA,67bf9003-9d93-49fb-89c2-36bfdacb035e,2025-06-26,23:11:58,2025-06-26T23:11:58Z,2025-06-26T23:11:58Z,NA,v3,NA,NA,NA,"Manley, Nathan",1000093427,Right,WLM_SHK,02d18d01-52ae-4662-9b8c-338c8aed2f2f,53.55344,-117.20997,12.9759,5.63906,-1.25948,-13.51709,1.64677,-8.52472,6.86305,NA,NA,NA,NA,NA,NA,NA,NA,NA,NA,NA,NA,NA,NA,NA,NA,NA,NA,NA,NA,NA,NA,NA,NA,NA,NA,NA,NA,NA,NA,NA,NA,NA,NA,NA,NA,NA,NA,NA,NA,NA,NA,NA,NA,NA,NA,NA,NA,NA,NA,High,High,High,NA,NA,NA,NA,NA,NA,NA,NA,NA,NA,NA,NA,NA,NA,NA,NA,NA,NA,NA,NA,NA,NA,NA,NA,NA,NA,NA,NA,NA,NA,NA,NA,NA,NA,NA,NA,NA,NA,NA,NA,NA,NA,NA,NA,NA,NA,NA,NA,NA,NA,NA,NA,NA,NA,NA,NA,NA,NA
NA,NA,NA,NA,NA,NA,NA,NA,NA,NA,NA,NA,NA,NA,NA,NA,71,2025-06-26,19:12:17,1,2,"Roycraft, Nolan",831160,Left,WLM_SHK,"Meyer, Jack",1000230529,Right,MOR_HED,Undefined,3,Bottom,0,1,0,Curveball,Curveball,BallCalled,Undefined,Undefined,Undefined,0,0,NA,74.58345,-0.009884,-0.39637,2209.81457,320.784944,04:45:00,5.65671,-1.73817,6.05553,-58.43196,-8.07737,7.97524,0.77823,-1.44046,68.38718,-10.734037,1.045358,0.51073,NA,NA,NA,NA,NA,NA,NA,NA,NA,NA,NA,-4.22024,-3.59795,1.76486,50,5.62533,0.47039,-108.36304,-1.77509,-4.95476,21.16699,-36.39819,MOR_HED,WLM_SHK,BigRockStadium,CPL,CPL,20250626-BigRockStadium-1,0177fd20-52e3-11f0-91de-9dd0983a3e69,73.80117,NA,NA,6.19627,NA,NA,NA,NA,NA,NA,67bf9003-9d93-49fb-89c2-36bfdacb035e,2025-06-26,23:12:17,2025-06-26T23:12:17Z,2025-06-26T23:12:17Z,NA,v3,NA,NA,NA,"Manley, Nathan",1000093427,Right,WLM_SHK,52dc3540-43d5-4875-90cd-5001e3ae8b9a,54.44479,-109.22781,10.5835,5.66748,-0.28806,-18.1991,1.7415,0.67282,-2.47738,NA,NA,NA,NA,NA,NA,NA,NA,NA,NA,NA,NA,NA,NA,NA,NA,NA,NA,NA,NA,NA,NA,NA,NA,NA,NA,NA,NA,NA,NA,NA,NA,NA,NA,NA,NA,NA,NA,NA,NA,NA,NA,NA,NA,NA,NA,NA,NA,NA,NA,High,High,High,NA,NA,NA,NA,NA,NA,NA,NA,NA,NA,NA,NA,NA,NA,NA,NA,NA,NA,NA,NA,NA,NA,NA,NA,NA,NA,NA,NA,NA,NA,NA,NA,NA,NA,NA,NA,NA,NA,NA,NA,NA,NA,NA,NA,NA,NA,NA,NA,NA,NA,NA,NA,NA,NA,NA,NA,NA,NA
NA,NA,NA,NA,NA,NA,NA,NA,NA,NA,NA,NA,NA,NA,NA,NA,72,2025-06-26,19:12:38,1,3,"Roycraft, Nolan",831160,Left,WLM_SHK,"Meyer, Jack",1000230529,Right,MOR_HED,Undefined,3,Bottom,0,2,0,Fastball,Sinker,FoulBallNotFieldable,Undefined,Undefined,Undefined,0,0,NA,86.27471,-1.675721,2.769862,2149.641305,140.279061,10:45:00,5.81396,-1.43904,6.20444,-18.80607,19.18765,-14.70391,2.6978,-0.10572,77.12548,-5.316818,0.118287,0.443637,89.87206,17.870264,-44.571071,4067.494854,74.87533,20.04791,-80.58338,199.07498,199.07498,-49.751907,1.972809,8.60205,10.94697,1.23816,50,5.67865,-5.46173,-124.95841,-4.14238,13.26769,30.93195,-15.28957,MOR_HED,WLM_SHK,BigRockStadium,CPL,CPL,20250626-BigRockStadium-1,0e049300-52e3-11f0-91de-9dd0983a3e69,84.96241,20.13242,NA,9.14923,NA,NA,NA,2.57823,2.81956,0.16177,67bf9003-9d93-49fb-89c2-36bfdacb035e,2025-06-26,23:12:38,2025-06-26T23:12:38Z,2025-06-26T23:12:38Z,LineDrive,v3,NA,NA,NA,"Manley, Nathan",1000093427,Right,WLM_SHK,a6fefbe0-0484-48ea-a40f-eb5b946fd2ae,54.2919,-126.01634,15.46597,5.81139,-3.61945,-7.64479,1.43272,-5.91551,6.63384,NA,2.57823,89.36998,-19.51007,5.13164,-1.27393,0.25082,-0.04028,0.00365,8e-5,2.81956,40.44821,-26.34248,3.6771,-0.75643,0.13578,-0.0187,0.00154,-1e-5,0.16177,-88.04189,4.44217,1.34612,-0.73802,0.26506,-0.06892,0.01342,-0.00122,NA,NA,NA,NA,NA,NA,NA,NA,NA,NA,NA,NA,NA,NA,NA,NA,NA,NA,NA,NA,NA,NA,High,High,High,High,High,NA,NA,NA,NA,NA,NA,NA,NA,NA,NA,NA,NA,NA,NA,NA,NA,NA,NA,NA,NA,NA,NA,NA,NA,NA,NA,NA,NA,NA,NA,NA,NA,NA,NA,NA,NA,NA,NA,NA,NA,NA,NA,NA,NA,NA,NA,NA,NA,NA,NA,NA,NA,NA,NA,NA,NA
NA,NA,NA,NA,NA,NA,NA,NA,NA,NA,NA,NA,NA,NA,NA,NA,73,2025-06-26,19:13:06,1,4,"Roycraft, Nolan",831160,Left,WLM_SHK,"Meyer, Jack",1000230529,Right,MOR_HED,Undefined,3,Bottom,0,2,1,ChangeUp,Changeup,BallCalled,Undefined,Undefined,Undefined,0,0,NA,80.8328,-1.292575,6.133683,1806.02383,137.712442,10:30:00,5.68892,-1.52281,7.15571,-26.78482,15.21721,-12.35253,2.27829,3.02886,72.44769,-6.464886,3.882579,0.466452,NA,NA,NA,NA,NA,NA,NA,NA,NA,NA,NA,9.06563,9.1113,1.1666,50,5.60454,-12.20012,-116.86737,-3.23417,12.20479,27.47662,-19.90779,MOR_HED,WLM_SHK,BigRockStadium,CPL,CPL,20250626-BigRockStadium-1,1e8b60f0-52e3-11f0-91de-9dd0983a3e69,80.80676,NA,NA,8.38511,NA,NA,NA,NA,NA,NA,67bf9003-9d93-49fb-89c2-36bfdacb035e,2025-06-26,23:13:06,2025-06-26T23:13:06Z,2025-06-26T23:13:06Z,NA,v3,NA,NA,NA,"Manley, Nathan",1000093427,Right,WLM_SHK,077e1ce4-39c2-41bc-b957-bc6c2d65c52d,53.3456,-117.65132,13.73831,5.68871,-2.66617,-9.95389,1.51966,-12.54834,6.1024,NA,NA,NA,NA,NA,NA,NA,NA,NA,NA,NA,NA,NA,NA,NA,NA,NA,NA,NA,NA,NA,NA,NA,NA,NA,NA,NA,NA,NA,NA,NA,NA,NA,NA,NA,NA,NA,NA,NA,NA,NA,NA,NA,NA,NA,NA,NA,NA,NA,NA,High,High,High,NA,NA,NA,NA,NA,NA,NA,NA,NA,NA,NA,NA,NA,NA,NA,NA,NA,NA,NA,NA,NA,NA,NA,NA,NA,NA,NA,NA,NA,NA,NA,NA,NA,NA,NA,NA,NA,NA,NA,NA,NA,NA,NA,NA,NA,NA,NA,NA,NA,NA,NA,NA,NA,NA,NA,NA,NA,NA
NA,NA,NA,NA,NA,NA,NA,NA,NA,NA,NA,NA,NA,NA,NA,NA,74,2025-06-26,19:13:29,1,5,"Roycraft, Nolan",831160,Left,WLM_SHK,"Meyer, Jack",1000230529,Right,MOR_HED,Undefined,3,Bottom,0,3,1,Fastball,Four-Seam,BallCalled,Walk,Undefined,Undefined,0,0,NA,85.95131,-0.423766,2.80732,2051.134313,144.920785,10:45:00,5.74177,-1.75096,6.39832,-17.53828,20.25111,-13.23135,3.89006,-0.26977,77.08001,-3.84593,0.413539,0.442442,NA,NA,NA,NA,NA,NA,NA,NA,NA,NA,NA,7.77654,11.07079,1.55488,50,5.70302,-5.58573,-124.6023,-1.32845,11.99499,29.44504,-15.0978,MOR_HED,WLM_SHK,BigRockStadium,CPL,CPL,20250626-BigRockStadium-1,2be90270-52e3-11f0-91de-9dd0983a3e69,85.19181,NA,NA,8.87129,NA,NA,NA,NA,NA,NA,67bf9003-9d93-49fb-89c2-36bfdacb035e,2025-06-26,23:13:29,2025-06-26T23:13:29Z,2025-06-26T23:13:29Z,NA,v3,NA,NA,NA,"Manley, Nathan",1000093427,Right,WLM_SHK,df3c0b7d-f740-4ff1-83b2-013bef87e8dc,54.09654,-125.56663,14.72252,5.73843,-0.834,-7.5489,1.74425,-5.97857,5.99749,NA,NA,NA,NA,NA,NA,NA,NA,NA,NA,NA,NA,NA,NA,NA,NA,NA,NA,NA,NA,NA,NA,NA,NA,NA,NA,NA,NA,NA,NA,NA,NA,NA,NA,NA,NA,NA,NA,NA,NA,NA,NA,NA,NA,NA,NA,NA,NA,NA,NA,High,High,High,NA,NA,NA,NA,NA,NA,NA,NA,NA,NA,NA,NA,NA,NA,NA,NA,NA,NA,NA,NA,NA,NA,NA,NA,NA,NA,NA,NA,NA,NA,NA,NA,NA,NA,NA,NA,NA,NA,NA,NA,NA,NA,NA,NA,NA,NA,NA,NA,NA,NA,NA,NA,NA,NA,NA,NA,NA,NA
NA,NA,NA,NA,NA,NA,NA,NA,NA,NA,NA,NA,NA,NA,NA,NA,75,2025-06-26,19:14:04,2,1,"Roycraft, Nolan",831160,Left,WLM_SHK,"Tabola, Bowen",10067997,Right,MOR_HED,Undefined,3,Bottom,0,0,0,Fastball,Four-Seam,BallCalled,Undefined,Undefined,Undefined,0,0,NA,86.32849,-0.332274,2.351442,2054.164068,154.285643,11:15:00,5.69936,-1.6731,6.38264,-16.50485,21.09001,-9.46386,4.01803,-0.29741,77.15213,-3.573451,0.639178,0.441302,NA,NA,NA,NA,NA,NA,NA,NA,NA,NA,NA,5.67559,11.45611,1.50751,50,5.66741,-4.75467,-125.12226,-1.08848,8.79755,30.47521,-14.41628,MOR_HED,WLM_SHK,BigRockStadium,CPL,CPL,20250626-BigRockStadium-1,40bc4720-52e3-11f0-91de-9dd0983a3e69,85.41195,NA,NA,9.17636,NA,NA,NA,NA,NA,NA,67bf9003-9d93-49fb-89c2-36bfdacb035e,2025-06-26,23:14:04,2025-06-26T23:14:04Z,2025-06-26T23:14:04Z,NA,v3,NA,NA,NA,"Manley, Nathan",1000093427,Right,WLM_SHK,5b5d4ccf-3ffb-4b7e-9240-c8112bc4df4e,54.11042,-126.11944,15.23761,5.69531,-0.61677,-7.20814,1.6678,-5.04253,4.39877,NA,NA,NA,NA,NA,NA,NA,NA,NA,NA,NA,NA,NA,NA,NA,NA,NA,NA,NA,NA,NA,NA,NA,NA,NA,NA,NA,NA,NA,NA,NA,NA,NA,NA,NA,NA,NA,NA,NA,NA,NA,NA,NA,NA,NA,NA,NA,NA,NA,NA,High,High,High,NA,NA,NA,NA,NA,NA,NA,NA,NA,NA,NA,NA,NA,NA,NA,NA,NA,NA,NA,NA,NA,NA,NA,NA,NA,NA,NA,NA,NA,NA,NA,NA,NA,NA,NA,NA,NA,NA,NA,NA,NA,NA,NA,NA,NA,NA,NA,NA,NA,NA,NA,NA,NA,NA,NA,NA,NA,NA
NA,NA,NA,NA,NA,NA,NA,NA,NA,NA,NA,NA,NA,NA,NA,NA,76,2025-06-26,19:14:24,2,2,"Roycraft, Nolan",831160,Left,WLM_SHK,"Tabola, Bowen",10067997,Right,MOR_HED,Undefined,3,Bottom,0,1,0,Curveball,Slider,StrikeSwinging,Undefined,Undefined,Undefined,0,0,NA,77.34323,-0.11568,1.914357,2165.829188,282.242945,03:30:00,5.57283,-1.83281,5.99451,-48.1568,1.13756,5.80457,1.45251,0.42558,67.43179,-9.13449,2.959223,0.505324,NA,NA,NA,NA,NA,NA,NA,NA,NA,NA,NA,-2.10012,1.25402,1.6788,50,5.53815,-3.9511,-111.68944,-1.66966,-2.49098,31.49759,-30.68664,MOR_HED,WLM_SHK,BigRockStadium,CPL,CPL,20250626-BigRockStadium-1,4d3750d0-52e3-11f0-91de-9dd0983a3e69,74.59064,NA,NA,9.91143,NA,NA,NA,NA,NA,NA,67bf9003-9d93-49fb-89c2-36bfdacb035e,2025-06-26,23:14:24,2025-06-26T23:14:24Z,2025-06-26T23:14:24Z,NA,v3,NA,NA,NA,"Manley, Nathan",1000093427,Right,WLM_SHK,57310f18-ed14-493b-a53d-7bdfbbacef63,54.49707,-112.95054,15.74879,5.58041,-0.44103,-15.34332,1.835,-3.85137,-1.24549,NA,NA,NA,NA,NA,NA,NA,NA,NA,NA,NA,NA,NA,NA,NA,NA,NA,NA,NA,NA,NA,NA,NA,NA,NA,NA,NA,NA,NA,NA,NA,NA,NA,NA,NA,NA,NA,NA,NA,NA,NA,NA,NA,NA,NA,NA,NA,NA,NA,NA,High,High,High,NA,NA,NA,NA,NA,NA,NA,NA,NA,NA,NA,NA,NA,NA,NA,NA,NA,NA,NA,NA,NA,NA,NA,NA,NA,NA,NA,NA,NA,NA,NA,NA,NA,NA,NA,NA,NA,NA,NA,NA,NA,NA,NA,NA,NA,NA,NA,NA,NA,NA,NA,NA,NA,NA,NA,NA,NA,NA
NA,NA,NA,NA,NA,NA,NA,NA,NA,NA,NA,NA,NA,NA,NA,NA,77,2025-06-26,19:14:42,2,3,"Roycraft, Nolan",831160,Left,WLM_SHK,"Tabola, Bowen",10067997,Right,MOR_HED,Undefined,3,Bottom,0,1,1,Fastball,Sinker,InPlay,Undefined,GroundBall,FieldersChoice,1,0,NA,85.60923,-1.661538,2.585797,2172.043939,129.384017,10:15:00,5.76525,-1.73483,6.64985,-23.48391,14.2265,-15.61828,2.28555,-0.66809,77.07966,-6.161555,-0.256757,0.441979,73.57909,-26.027469,-9.872586,NA,NA,NA,NA,6.06619,2.13574,-1.025123,0.047885,9.06229,8.45079,1.56616,50,5.6437,-5.02397,-124.17528,-4.2143,13.87991,29.28698,-19.2307,MOR_HED,WLM_SHK,BigRockStadium,CPL,CPL,20250626-BigRockStadium-1,57fa7150-52e3-11f0-91de-9dd0983a3e69,85.28098,2.27423,NA,8.52957,NA,NA,NA,1.47699,2.27423,0.68998,67bf9003-9d93-49fb-89c2-36bfdacb035e,2025-06-26,23:14:42,2025-06-26T23:14:42Z,2025-06-26T23:14:42Z,GroundBall,v3,NA,NA,NA,"Manley, Nathan",1000093427,Right,WLM_SHK,b3bd1e66-9c84-4264-b87f-fc3fafc406c0,53.84671,-125.07924,14.64349,5.76461,-3.62074,-9.61535,1.72784,-5.45238,6.93995,NA,1.47481,95.81812,NA,NA,NA,NA,NA,NA,NA,2.27531,-47.49381,NA,NA,NA,NA,NA,NA,NA,0.69036,-16.6757,NA,NA,NA,NA,NA,NA,NA,NA,NA,NA,NA,NA,NA,NA,NA,NA,NA,NA,NA,NA,NA,NA,NA,NA,NA,NA,NA,NA,NA,High,High,High,Low,Low,NA,NA,NA,NA,NA,NA,NA,NA,NA,NA,NA,NA,NA,NA,NA,NA,NA,NA,NA,NA,NA,NA,NA,NA,NA,NA,NA,NA,NA,NA,NA,NA,NA,NA,NA,NA,NA,NA,NA,NA,NA,NA,NA,NA,NA,NA,NA,NA,NA,NA,NA,NA,NA,NA,NA,NA
NA,NA,NA,NA,NA,NA,NA,NA,NA,NA,NA,NA,NA,NA,NA,NA,78,2025-06-26,19:15:24,3,1,"Roycraft, Nolan",831160,Left,WLM_SHK,"Gustafson, Jaden",813182,Left,MOR_HED,Undefined,3,Bottom,1,0,0,Slider,Slider,StrikeCalled,Undefined,Undefined,Undefined,0,0,NA,78.84266,1.669762,2.456325,2184.869483,264.511468,02:45:00,5.55708,-1.81654,6.21303,-43.65341,2.56788,6.16933,3.46213,0.96585,69.6206,-6.537739,3.568303,0.489319,NA,NA,NA,NA,NA,NA,NA,NA,NA,NA,NA,-2.16662,1.30134,1.62963,50,5.66181,-5.12717,-113.9948,2.02449,-2.73561,28.84169,-30.53098,MOR_HED,WLM_SHK,BigRockStadium,CPL,CPL,20250626-BigRockStadium-1,70a85820-52e3-11f0-91de-9dd0983a3e69,77.03034,NA,NA,9.22206,NA,NA,NA,NA,NA,NA,67bf9003-9d93-49fb-89c2-36bfdacb035e,2025-06-26,23:15:24,2025-06-26T23:15:24Z,2025-06-26T23:15:24Z,NA,v3,NA,NA,NA,"Manley, Nathan",1000093427,Right,WLM_SHK,7287cb51-a516-465d-9b2b-bdecc4af4d4b,54.27806,-115.07209,14.42084,5.5649,3.16489,-15.26549,1.81923,-5.02499,-1.36781,NA,NA,NA,NA,NA,NA,NA,NA,NA,NA,NA,NA,NA,NA,NA,NA,NA,NA,NA,NA,NA,NA,NA,NA,NA,NA,NA,NA,NA,NA,NA,NA,NA,NA,NA,NA,NA,NA,NA,NA,NA,NA,NA,NA,NA,NA,NA,NA,NA,NA,High,High,High,NA,NA,NA,NA,NA,NA,NA,NA,NA,NA,NA,NA,NA,NA,NA,NA,NA,NA,NA,NA,NA,NA,NA,NA,NA,NA,NA,NA,NA,NA,NA,NA,NA,NA,NA,NA,NA,NA,NA,NA,NA,NA,NA,NA,NA,NA,NA,NA,NA,NA,NA,NA,NA,NA,NA,NA,NA,NA
NA,NA,NA,NA,NA,NA,NA,NA,NA,NA,NA,NA,NA,NA,NA,NA,79,2025-06-26,19:15:41,3,2,"Roycraft, Nolan",831160,Left,WLM_SHK,"Gustafson, Jaden",813182,Left,MOR_HED,Undefined,3,Bottom,1,0,1,Curveball,Curveball,InPlay,Undefined,GroundBall,FieldersChoice,1,0,NA,75.33409,1.255291,1.405612,2304.636759,314.497858,04:30:00,5.66253,-1.88886,6.16426,-57.82523,-8.79878,10.57012,2.00385,0.29064,69.09856,-9.390807,3.315476,0.503949,36.42745,-48.145328,103.562807,NA,NA,NA,NA,4.22712,4.2423400000000004,27.221835,0.06134,-5.06969,-4.52819,1.77692,50,5.72822,-3.04482,-109.47558,0.69533,-6.09378,21.04961,-37.61699,MOR_HED,WLM_SHK,BigRockStadium,CPL,CPL,20250626-BigRockStadium-1,7ad3cc80-52e3-11f0-91de-9dd0983a3e69,74.79416,2.47403,NA,6.23553,NA,NA,NA,4.27868,2.47403,-0.22085,67bf9003-9d93-49fb-89c2-36bfdacb035e,2025-06-26,23:15:41,2025-06-26T23:15:41Z,2025-06-26T23:15:41Z,GroundBall,v3,NA,NA,NA,"Manley, Nathan",1000093427,Right,WLM_SHK,c9647d2f-cbe2-4d11-a724-84053383b973,54.33778,-110.30648,10.52481,5.67147,2.18021,-18.80849,1.89237,-2.80428,-3.04689,NA,4.2798,-8.47316,NA,NA,NA,NA,NA,NA,NA,2.47935,-40.33298,NA,NA,NA,NA,NA,NA,NA,-0.22548,35.12358,NA,NA,NA,NA,NA,NA,NA,NA,NA,NA,NA,NA,NA,NA,NA,NA,NA,NA,NA,NA,NA,NA,NA,NA,NA,NA,NA,NA,NA,High,High,High,Low,Low,NA,NA,NA,NA,NA,NA,NA,NA,NA,NA,NA,NA,NA,NA,NA,NA,NA,NA,NA,NA,NA,NA,NA,NA,NA,NA,NA,NA,NA,NA,NA,NA,NA,NA,NA,NA,NA,NA,NA,NA,NA,NA,NA,NA,NA,NA,NA,NA,NA,NA,NA,NA,NA,NA,NA,NA
NA,NA,NA,NA,NA,NA,NA,NA,NA,NA,NA,NA,NA,NA,NA,NA,80,2025-06-26,19:16:40,4,1,"Roycraft, Nolan",831160,Left,WLM_SHK,"Mally, Tanner",10021383,Right,MOR_HED,Undefined,3,Bottom,2,0,0,ChangeUp,Changeup,BallCalled,Undefined,Undefined,Undefined,0,0,NA,80.3186,-2.334619,3.336201,1846.311617,115.266155,09:45:00,5.61499,-1.80211,6.95018,-32.04647,10.18312,-18.35962,0.81514,-0.29266,72.9449,-8.411137,-0.025611,0.467713,NA,NA,NA,NA,NA,NA,NA,NA,NA,NA,NA,10.9376,6.61083,1.60042,50,5.45875,-6.20399,-116.53023,-5.54474,14.80938,25.02663,-23.22304,MOR_HED,WLM_SHK,BigRockStadium,CPL,CPL,20250626-BigRockStadium-1,9e40b520-52e3-11f0-91de-9dd0983a3e69,80.58877,NA,NA,7.37371,NA,NA,NA,NA,NA,NA,67bf9003-9d93-49fb-89c2-36bfdacb035e,2025-06-26,23:16:40,2025-06-26T23:16:40Z,2025-06-26T23:16:40Z,NA,v3,NA,NA,NA,"Manley, Nathan",1000093427,Right,WLM_SHK,19b1e699-922a-4476-8f6a-0c5ee39dcc6d,53.54932,-117.29003,12.51331,5.61638,-4.83971,-11.61152,1.7956,-6.65359,7.40469,NA,NA,NA,NA,NA,NA,NA,NA,NA,NA,NA,NA,NA,NA,NA,NA,NA,NA,NA,NA,NA,NA,NA,NA,NA,NA,NA,NA,NA,NA,NA,NA,NA,NA,NA,NA,NA,NA,NA,NA,NA,NA,NA,NA,NA,NA,NA,NA,NA,NA,High,High,High,NA,NA,NA,NA,NA,NA,NA,NA,NA,NA,NA,NA,NA,NA,NA,NA,NA,NA,NA,NA,NA,NA,NA,NA,NA,NA,NA,NA,NA,NA,NA,NA,NA,NA,NA,NA,NA,NA,NA,NA,NA,NA,NA,NA,NA,NA,NA,NA,NA,NA,NA,NA,NA,NA,NA,NA,NA,NA
NA,NA,NA,NA,NA,NA,NA,NA,NA,NA,NA,NA,NA,NA,NA,NA,81,2025-06-26,19:17:06,4,2,"Roycraft, Nolan",831160,Left,WLM_SHK,"Mally, Tanner",10021383,Right,MOR_HED,Undefined,3,Bottom,2,1,0,Fastball,Four-Seam,StrikeSwinging,Undefined,Undefined,Undefined,0,0,NA,86.37311,-0.715987,2.340268,2011.441696,145.989966,10:45:00,5.86661,-1.72071,6.46193,-17.01902,20.35308,-12.77969,3.79012,-0.63488,77.36749,-4.047777,0.024007,0.439992,NA,NA,NA,NA,NA,NA,NA,NA,NA,NA,NA,7.39406,11.23776,1.56023,50,5.80804,-4.60834,-125.23631,-1.94675,11.50163,30.14116,-14.69341,MOR_HED,WLM_SHK,BigRockStadium,CPL,CPL,20250626-BigRockStadium-1,ad4046d0-52e3-11f0-91de-9dd0983a3e69,85.66611,NA,NA,9.00562,NA,NA,NA,NA,NA,NA,67bf9003-9d93-49fb-89c2-36bfdacb035e,2025-06-26,23:17:06,2025-06-26T23:17:06Z,2025-06-26T23:17:06Z,NA,v3,NA,NA,NA,"Manley, Nathan",1000093427,Right,WLM_SHK,4b528614-7e5e-463f-8f1c-dc09203176fb,54.03208,-126.203,15.07058,5.86292,-1.4755,-7.34671,1.71395,-4.97722,5.75082,NA,NA,NA,NA,NA,NA,NA,NA,NA,NA,NA,NA,NA,NA,NA,NA,NA,NA,NA,NA,NA,NA,NA,NA,NA,NA,NA,NA,NA,NA,NA,NA,NA,NA,NA,NA,NA,NA,NA,NA,NA,NA,NA,NA,NA,NA,NA,NA,NA,NA,High,High,High,NA,NA,NA,NA,NA,NA,NA,NA,NA,NA,NA,NA,NA,NA,NA,NA,NA,NA,NA,NA,NA,NA,NA,NA,NA,NA,NA,NA,NA,NA,NA,NA,NA,NA,NA,NA,NA,NA,NA,NA,NA,NA,NA,NA,NA,NA,NA,NA,NA,NA,NA,NA,NA,NA,NA,NA,NA,NA
NA,NA,NA,NA,NA,NA,NA,NA,NA,NA,NA,NA,NA,NA,NA,NA,82,2025-06-26,19:17:30,4,3,"Roycraft, Nolan",831160,Left,WLM_SHK,"Mally, Tanner",10021383,Right,MOR_HED,Undefined,3,Bottom,2,1,1,Slider,Curveball,InPlay,Undefined,GroundBall,Out,1,0,NA,76.92666,1.059626,1.126454,2025.032019,263.71102,02:45:00,5.48804,-1.93883,6.18925,-45.68191,3.19937,8.99036,2.65987,-0.14946,67.56455,-7.544299,2.74962,0.503202,87.24231,8.781045,-16.337821,1026.578647,NA,NA,NA,129.49167,127.13654,-17.343336,1.128257,-4.11788,1.88028,1.84982,50,5.54613,-2.52477,-111.24869,0.7326,-4.90969,28.97379,-29.9322,MOR_HED,WLM_SHK,BigRockStadium,CPL,CPL,20250626-BigRockStadium-1,bbdcd0f0-52e3-11f0-91de-9dd0983a3e69,74.90513,7.24843,NA,9.3621200000000009,NA,NA,NA,0.75808,2.55674,0.11602,67bf9003-9d93-49fb-89c2-36bfdacb035e,2025-06-26,23:17:30,2025-06-26T23:17:30Z,2025-06-26T23:17:30Z,LineDrive,v3,NA,NA,NA,"Manley, Nathan",1000093427,Right,WLM_SHK,1adf05ff-5334-4efe-8f7c-cef43ff3025c,54.30131,-112.36334,14.48689,5.4958,1.88412,-14.9661,1.94332,-2.33589,-2.45484,42.911803,0.75808,121.34911,-12.59651,1.71066,-0.35424,0.05595,-0.01007,0.00184,-1.7e-4,2.55674,19.5335,-21.2251,2.05373,-0.40805,0.08805,-0.01526,0.00263,-3e-4,0.11602,-35.57193,0.80268,0.35881,-0.10161,0.03006,-0.00604,0.0011,-1.3e-4,NA,NA,NA,NA,NA,NA,NA,NA,NA,NA,NA,NA,NA,NA,NA,NA,NA,NA,NA,NA,NA,NA,High,High,High,High,High,NA,NA,NA,NA,NA,NA,NA,NA,NA,NA,NA,NA,NA,NA,NA,NA,NA,NA,NA,NA,NA,NA,NA,NA,NA,NA,NA,NA,NA,NA,NA,NA,NA,NA,NA,NA,NA,NA,NA,NA,NA,NA,NA,NA,NA,NA,NA,NA,NA,NA,NA,NA,NA,NA,NA,NA
NA,NA,NA,NA,NA,NA,NA,NA,NA,NA,NA,NA,NA,NA,NA,NA,83,2025-06-26,19:20:11,1,1,"Gipson, Carson",1000213957,Right,MOR_HED,"Tobias, Jacob",10041882,Left,WLM_SHK,Undefined,4,Top,0,0,0,Fastball,Sinker,StrikeSwinging,Undefined,Undefined,Undefined,0,0,NA,88.33647,-2.869771,-2.494675,2164.602968,267.603269,03:00:00,6.29972,1.12048,5.54738,-34.80065,2.12831,18.83194,0.7131,0.35708,80.10848,-9.238374,0.870666,0.437376,NA,NA,NA,NA,NA,NA,NA,NA,NA,NA,NA,-10.48327,2.32795,-0.91774,50,6.02771,4.77387,-127.8878,-7.68325,-17.0617,30.62649,-28.38527,MOR_HED,WLM_SHK,BigRockStadium,CPL,CPL,20250626-BigRockStadium-1,1bf30d60-52e4-11f0-91de-9dd0983a3e69,86.17857,NA,NA,8.22798,NA,NA,NA,NA,NA,NA,67bf9003-9d93-49fb-89c2-36bfdacb035e,2025-06-26,23:20:11,2025-06-26T23:20:11Z,2025-06-26T23:20:11Z,NA,v3,NA,NA,NA,"Poppell, Broedy",701435,Right,MOR_HED,0dca9e6e-a7c0-4fbc-97d4-5e284eec9ea8,54.95301,-129.0685,15.31325,6.30282,-6.58896,-14.19263,-1.11446,5.43162,-8.53085,NA,NA,NA,NA,NA,NA,NA,NA,NA,NA,NA,NA,NA,NA,NA,NA,NA,NA,NA,NA,NA,NA,NA,NA,NA,NA,NA,NA,NA,NA,NA,NA,NA,NA,NA,NA,NA,NA,NA,NA,NA,NA,NA,NA,NA,NA,NA,NA,NA,NA,High,High,High,NA,NA,NA,NA,NA,NA,NA,NA,NA,NA,NA,NA,NA,NA,NA,NA,NA,NA,NA,NA,NA,NA,NA,NA,NA,NA,NA,NA,NA,NA,NA,NA,NA,NA,NA,NA,NA,NA,NA,NA,NA,NA,NA,NA,NA,NA,NA,NA,NA,NA,NA,NA,NA,NA,NA,NA,NA,NA
NA,NA,NA,NA,NA,NA,NA,NA,NA,NA,NA,NA,NA,NA,NA,NA,84,2025-06-26,19:20:29,1,2,"Gipson, Carson",1000213957,Right,MOR_HED,"Tobias, Jacob",10041882,Left,WLM_SHK,Undefined,4,Top,0,0,1,Sinker,Changeup,BallCalled,Undefined,Undefined,Undefined,0,0,NA,84.05413,-2.191091,-2.814972,2124.323369,258.785772,02:45:00,5.86534,1.67282,5.16206,-34.98514,6.63229,25.33962,0.88412,1.13281,75.65059,-8.601987,1.677084,0.464311,NA,NA,NA,NA,NA,NA,NA,NA,NA,NA,NA,-13.64414,4.49567,-1.43059,50,5.63423,4.87322,-121.54171,-5.91735,-19.94873,28.83708,-25.60106,MOR_HED,WLM_SHK,BigRockStadium,CPL,CPL,20250626-BigRockStadium-1,26699480-52e4-11f0-91de-9dd0983a3e69,81.17931,NA,NA,8.40354,NA,NA,NA,NA,NA,NA,67bf9003-9d93-49fb-89c2-36bfdacb035e,2025-06-26,23:20:29,2025-06-26T23:20:29Z,2025-06-26T23:20:29Z,NA,v3,NA,NA,NA,"Poppell, Broedy",701435,Right,MOR_HED,8cd476e5-1afb-4514-bfb0-98678f3a2c77,55.33642,-122.8013,14.41854,5.86827,-4.7991,-12.80053,-1.66249,5.74457,-9.97436,NA,NA,NA,NA,NA,NA,NA,NA,NA,NA,NA,NA,NA,NA,NA,NA,NA,NA,NA,NA,NA,NA,NA,NA,NA,NA,NA,NA,NA,NA,NA,NA,NA,NA,NA,NA,NA,NA,NA,NA,NA,NA,NA,NA,NA,NA,NA,NA,NA,NA,High,High,High,NA,NA,NA,NA,NA,NA,NA,NA,NA,NA,NA,NA,NA,NA,NA,NA,NA,NA,NA,NA,NA,NA,NA,NA,NA,NA,NA,NA,NA,NA,NA,NA,NA,NA,NA,NA,NA,NA,NA,NA,NA,NA,NA,NA,NA,NA,NA,NA,NA,NA,NA,NA,NA,NA,NA,NA,NA,NA
NA,NA,NA,NA,NA,NA,NA,NA,NA,NA,NA,NA,NA,NA,NA,NA,85,2025-06-26,19:20:45,1,3,"Gipson, Carson",1000213957,Right,MOR_HED,"Tobias, Jacob",10041882,Left,WLM_SHK,Undefined,4,Top,0,1,1,Fastball,Sinker,BallCalled,Undefined,Undefined,Undefined,0,0,NA,88.49622,-0.921139,-2.872803,2194.911796,226.457114,01:30:00,6.32952,1.04358,5.65417,-21.80344,14.83591,14.17946,3.65233,-0.45631,79.53738,-5.040865,-0.342329,0.435658,NA,NA,NA,NA,NA,NA,NA,NA,NA,NA,NA,-8.06095,8.19993,-0.80898,50,6.23791,5.79452,-128.1228,-2.75929,-13.17814,30.54538,-18.7687,MOR_HED,WLM_SHK,BigRockStadium,CPL,CPL,20250626-BigRockStadium-1,304e8a00-52e4-11f0-91de-9dd0983a3e69,86.51849,NA,NA,8.95884,NA,NA,NA,NA,NA,NA,67bf9003-9d93-49fb-89c2-36bfdacb035e,2025-06-26,23:20:45,2025-06-26T23:20:45Z,2025-06-26T23:20:45Z,NA,v3,NA,NA,NA,"Poppell, Broedy",701435,Right,MOR_HED,2deed17c-6031-4761-8462-74fcd981094d,54.84065,-129.27169,15.27269,6.32842,-2.05335,-9.38435,-1.03625,6.29018,-6.58907,NA,NA,NA,NA,NA,NA,NA,NA,NA,NA,NA,NA,NA,NA,NA,NA,NA,NA,NA,NA,NA,NA,NA,NA,NA,NA,NA,NA,NA,NA,NA,NA,NA,NA,NA,NA,NA,NA,NA,NA,NA,NA,NA,NA,NA,NA,NA,NA,NA,NA,High,High,High,NA,NA,NA,NA,NA,NA,NA,NA,NA,NA,NA,NA,NA,NA,NA,NA,NA,NA,NA,NA,NA,NA,NA,NA,NA,NA,NA,NA,NA,NA,NA,NA,NA,NA,NA,NA,NA,NA,NA,NA,NA,NA,NA,NA,NA,NA,NA,NA,NA,NA,NA,NA,NA,NA,NA,NA,NA,NA
NA,NA,NA,NA,NA,NA,NA,NA,NA,NA,NA,NA,NA,NA,NA,NA,86,2025-06-26,19:21:03,1,4,"Gipson, Carson",1000213957,Right,MOR_HED,"Tobias, Jacob",10041882,Left,WLM_SHK,Undefined,4,Top,0,2,1,Fastball,Four-Seam,FoulBallNotFieldable,Undefined,Undefined,Undefined,0,0,NA,88.55553,-2.585041,-2.512039,2206.205339,221.319107,01:30:00,6.26093,1.12324,5.55899,-22.08245,14.79123,11.7617,2.00157,-0.2451,79.55943,-6.736781,-0.414975,0.437048,80.27473,58.413788,57.911214,3956.812189,57.63901,130.401,93.68954,179.58926,71.70852,59.399631,5.742544,-6.83725,8.75847,-0.91434,50,6.02326,5.10845,-128.10996,-6.51199,-11.12903,31.54324,-17.91781,MOR_HED,WLM_SHK,BigRockStadium,CPL,CPL,20250626-BigRockStadium-1,3b1fb440-52e4-11f0-91de-9dd0983a3e69,86.24315,131.09158,NA,8.9961,NA,NA,NA,3.10683,2.4672,-0.04045,67bf9003-9d93-49fb-89c2-36bfdacb035e,2025-06-26,23:21:03,2025-06-26T23:21:03Z,2025-06-26T23:21:03Z,Popup,v3,NA,NA,NA,"Poppell, Broedy",701435,Right,MOR_HED,99be122e-7c77-4d23-bec0-1ebe2676a1fa,54.93809,-129.32011,15.77162,6.25991,-5.82459,-8.9589,-1.11851,5.53541,-5.56452,184.555826,3.11312,32.64237,-9.58682,2.20889,-0.05195,-0.12651,0.03687,-0.00445,2e-4,2.45939,100.40865,-23.77453,2.49256,-0.49704,0.05964,0.00237,-0.00163,1.3e-4,-0.03006,52.05517,-13.42113,2.88305,0.03925,-0.21066,0.05728,-0.00672,3e-4,NA,NA,NA,NA,NA,NA,NA,NA,NA,NA,NA,NA,NA,NA,NA,NA,NA,NA,NA,NA,NA,NA,High,High,High,Medium,Low,NA,NA,NA,NA,NA,NA,NA,NA,NA,NA,NA,NA,NA,NA,NA,NA,NA,NA,NA,NA,NA,NA,NA,NA,NA,NA,NA,NA,NA,NA,NA,NA,NA,NA,NA,NA,NA,NA,NA,NA,NA,NA,NA,NA,NA,NA,NA,NA,NA,NA,NA,NA,NA,NA,NA,NA
NA,NA,NA,NA,NA,NA,NA,NA,NA,NA,NA,NA,NA,NA,NA,NA,87,2025-06-26,19:21:43,1,5,"Gipson, Carson",1000213957,Right,MOR_HED,"Tobias, Jacob",10041882,Left,WLM_SHK,Undefined,4,Top,0,2,2,Curveball,Curveball,FoulBallNotFieldable,Undefined,Undefined,Undefined,0,0,NA,78.6084,0.224209,-0.663859,2423.854318,40.750348,07:15:00,6.28441,0.97556,4.88831,-57.70452,-10.338,-10.27591,1.68782,-0.50881,71.9563,-10.13688,-2.48015,0.495344,NA,NA,NA,NA,NA,NA,NA,NA,NA,NA,NA,4.91642,-4.83658,-0.90118,50,6.25705,1.74233,-114.01299,-1.68168,6.39651,23.22561,-38.46667,MOR_HED,WLM_SHK,BigRockStadium,CPL,CPL,20250626-BigRockStadium-1,52d49510-52e4-11f0-91de-9dd0983a3e69,76.0934,NA,NA,6.6521,NA,NA,NA,NA,NA,NA,67bf9003-9d93-49fb-89c2-36bfdacb035e,2025-06-26,23:21:43,2025-06-26T23:21:43Z,2025-06-26T23:21:43Z,NA,v3,NA,NA,NA,"Poppell, Broedy",701435,Right,MOR_HED,48779dfb-9b88-4317-8185-4e7817026b54,55.61358,-115.15085,11.6128,6.29327,0.20287,-19.23333,-0.97887,1.42895,3.19826,NA,NA,NA,NA,NA,NA,NA,NA,NA,NA,NA,NA,NA,NA,NA,NA,NA,NA,NA,NA,NA,NA,NA,NA,NA,NA,NA,NA,NA,NA,NA,NA,NA,NA,NA,NA,NA,NA,NA,NA,NA,NA,NA,NA,NA,NA,NA,NA,NA,NA,High,High,High,NA,NA,NA,NA,NA,NA,NA,NA,NA,NA,NA,NA,NA,NA,NA,NA,NA,NA,NA,NA,NA,NA,NA,NA,NA,NA,NA,NA,NA,NA,NA,NA,NA,NA,NA,NA,NA,NA,NA,NA,NA,NA,NA,NA,NA,NA,NA,NA,NA,NA,NA,NA,NA,NA,NA,NA,NA,NA
NA,NA,NA,NA,NA,NA,NA,NA,NA,NA,NA,NA,NA,NA,NA,NA,88,2025-06-26,19:22:07,1,6,"Gipson, Carson",1000213957,Right,MOR_HED,"Tobias, Jacob",10041882,Left,WLM_SHK,Undefined,4,Top,0,2,2,Fastball,Sinker,InPlay,Undefined,FlyBall,Out,1,0,NA,88.651,-1.275898,-2.253096,2135.228612,262.266766,02:45:00,6.08733,1.24596,5.73,-32.53155,3.64071,17.5245,2.18699,0.60693,80.45633,-7.282759,0.885658,0.432872,76.00144,25.495758,24.041328,2744.691489,100.2284,39.64661,45.32292,270.53873,260.11423,25.818672,3.663309,-9.68709,2.59138,-1.06925,50,5.96083,4.31583,-128.56772,-4.02089,-16.0138,29.73133,-27.8902,MOR_HED,WLM_SHK,BigRockStadium,CPL,CPL,20250626-BigRockStadium-1,60c045c0-52e4-11f0-91de-9dd0983a3e69,87.07532,42.90963,NA,8.19467,NA,NA,NA,2.40666,2.29305,-0.59402,67bf9003-9d93-49fb-89c2-36bfdacb035e,2025-06-26,23:22:07,2025-06-26T23:22:07Z,2025-06-26T23:22:07Z,LineDrive,v3,NA,NA,NA,"Poppell, Broedy",701435,Right,MOR_HED,52f7e3c7-baf6-4b9f-bfac-65c6c82e21c9,54.76962,-129.666,14.86567,6.09034,-2.99062,-13.9451,-1.23961,4.90739,-8.0069,195.97399,2.40729,91.86913,-13.27116,2.85811,-0.41879,4.1e-4,0.01006,-3.7e-4,-1.1e-4,2.29279,47.98412,-14.90036,0.37757,0.0993,-0.09993,0.05069,-0.01143,0.00093000000000000005,-0.59375,40.98079,-3.56865,0.31723,0.07688,-0.05064,0.01251,-0.00121,2e-5,NA,NA,NA,NA,NA,NA,NA,NA,NA,NA,NA,NA,NA,NA,NA,NA,NA,NA,NA,NA,NA,NA,High,High,High,High,High,NA,NA,NA,NA,NA,NA,NA,NA,NA,NA,NA,NA,NA,NA,NA,NA,NA,NA,NA,NA,NA,NA,NA,NA,NA,NA,NA,NA,NA,NA,NA,NA,NA,NA,NA,NA,NA,NA,NA,NA,NA,NA,NA,NA,NA,NA,NA,NA,NA,NA,NA,NA,NA,NA,NA,NA
NA,NA,NA,NA,NA,NA,NA,NA,NA,NA,NA,NA,NA,NA,NA,NA,89,2025-06-26,19:22:36,2,1,"Gipson, Carson",1000213957,Right,MOR_HED,"Suto, Cameron",1000124567,Right,WLM_SHK,Undefined,4,Top,1,0,0,Curveball,Curveball,BallCalled,Undefined,Undefined,Undefined,0,0,NA,76.8586,2.760795,-0.976365,2390.539408,64.325792,08:15:00,6.10382,1.40843,4.76412,-58.82365,-8.14544,-20.97155,3.82194,-1.26505,68.91701,-7.876021,-4.660335,0.512368,NA,NA,NA,NA,NA,NA,NA,NA,NA,NA,NA,9.81012,-4.2861,-1.29139,50,6.32968,2.79998,-111.08603,3.17157,11.93478,24.79413,-37.38844,MOR_HED,WLM_SHK,BigRockStadium,CPL,CPL,20250626-BigRockStadium-1,72047040-52e4-11f0-91de-9dd0983a3e69,73.56516,NA,NA,7.94159,NA,NA,NA,NA,NA,NA,67bf9003-9d93-49fb-89c2-36bfdacb035e,2025-06-26,23:22:36,2025-06-26T23:22:36Z,2025-06-26T23:22:36Z,NA,v3,NA,NA,NA,"Poppell, Broedy",701435,Right,MOR_HED,bbca01ba-9053-4101-b196-cc427066028d,55.7335,-112.35845,12.39706,6.11769,5.09032,-18.69422,-1.41937,2.1875,5.96739,NA,NA,NA,NA,NA,NA,NA,NA,NA,NA,NA,NA,NA,NA,NA,NA,NA,NA,NA,NA,NA,NA,NA,NA,NA,NA,NA,NA,NA,NA,NA,NA,NA,NA,NA,NA,NA,NA,NA,NA,NA,NA,NA,NA,NA,NA,NA,NA,NA,NA,High,High,High,NA,NA,NA,NA,NA,NA,NA,NA,NA,NA,NA,NA,NA,NA,NA,NA,NA,NA,NA,NA,NA,NA,NA,NA,NA,NA,NA,NA,NA,NA,NA,NA,NA,NA,NA,NA,NA,NA,NA,NA,NA,NA,NA,NA,NA,NA,NA,NA,NA,NA,NA,NA,NA,NA,NA,NA,NA,NA
NA,NA,NA,NA,NA,NA,NA,NA,NA,NA,NA,NA,NA,NA,NA,NA,90,2025-06-26,19:22:50,2,2,"Gipson, Carson",1000213957,Right,MOR_HED,"Suto, Cameron",1000124567,Right,WLM_SHK,Undefined,4,Top,1,1,0,Curveball,Curveball,StrikeCalled,Undefined,Undefined,Undefined,0,0,NA,76.05639,0.81628,0.291104,2422.248016,72.321905,08:30:00,6.05528,1.4722,5.49984,-53.71389,-3.92906,-17.93147,2.34267,0.25019,68.99572,-9.007493,-2.910632,0.507832,NA,NA,NA,NA,NA,NA,NA,NA,NA,NA,NA,9.13808,-1.73043,-1.4852,50,6.09058,0.12508,-110.30888,-0.18714,11.05019,23.02253,-34.26658,MOR_HED,WLM_SHK,BigRockStadium,CPL,CPL,20250626-BigRockStadium-1,7ac2e720-52e4-11f0-91de-9dd0983a3e69,74.22229,NA,NA,7.06067,NA,NA,NA,NA,NA,NA,67bf9003-9d93-49fb-89c2-36bfdacb035e,2025-06-26,23:22:50,2025-06-26T23:22:50Z,2025-06-26T23:22:50Z,NA,v3,NA,NA,NA,"Poppell, Broedy",701435,Right,MOR_HED,9ad191cc-6034-4a3c-8bdb-be2fb6fbe032,54.99952,-111.34744,11.51127,6.06416,1.35864,-17.13329,-1.4796,-0.37341,5.52509,NA,NA,NA,NA,NA,NA,NA,NA,NA,NA,NA,NA,NA,NA,NA,NA,NA,NA,NA,NA,NA,NA,NA,NA,NA,NA,NA,NA,NA,NA,NA,NA,NA,NA,NA,NA,NA,NA,NA,NA,NA,NA,NA,NA,NA,NA,NA,NA,NA,NA,High,High,High,NA,NA,NA,NA,NA,NA,NA,NA,NA,NA,NA,NA,NA,NA,NA,NA,NA,NA,NA,NA,NA,NA,NA,NA,NA,NA,NA,NA,NA,NA,NA,NA,NA,NA,NA,NA,NA,NA,NA,NA,NA,NA,NA,NA,NA,NA,NA,NA,NA,NA,NA,NA,NA,NA,NA,NA,NA,NA
NA,NA,NA,NA,NA,NA,NA,NA,NA,NA,NA,NA,NA,NA,NA,NA,91,2025-06-26,19:23:05,2,3,"Gipson, Carson",1000213957,Right,MOR_HED,"Suto, Cameron",1000124567,Right,WLM_SHK,Undefined,4,Top,1,1,1,Curveball,Curveball,InPlay,Undefined,GroundBall,Double,0,0,NA,75.90288,1.087703,0.177089,2470.279045,57.818641,08:00:00,6.21708,1.2398,4.80508,-60.39409,-9.16308,-17.43103,2.2149200000000002,-0.045,69.05485,-9.777786,-2.897327,0.515155,104.86003,-12.321191,-52.510956,NA,NA,NA,NA,17.1765,17.1765,-42.734179,0.108949,8.68902,-4.43217,-1.24124,50,6.2725,0.36496,-110.0032,-0.0827,10.46824,22.5668,-37.51377,MOR_HED,WLM_SHK,BigRockStadium,CPL,CPL,20250626-BigRockStadium-1,8359b1c0-52e4-11f0-91de-9dd0983a3e69,73.16719,3.58282,NA,6.84803,NA,NA,NA,2.63322,3.58282,1.35944,67bf9003-9d93-49fb-89c2-36bfdacb035e,2025-06-26,23:23:05,2025-06-26T23:23:05Z,2025-06-26T23:23:05Z,GroundBall,v3,NA,NA,NA,"Poppell, Broedy",701435,Right,MOR_HED,178dd1e1-b389-47e4-927e-3af39e785a59,55.69637,-111.16564,11.2834,6.22699,1.84969,-18.75689,-1.24615,-0.17428,5.23412,180,2.62995,91.63131,NA,NA,NA,NA,NA,NA,NA,3.58399,-32.88538,NA,NA,NA,NA,NA,NA,NA,1.3637,-119.46354,NA,NA,NA,NA,NA,NA,NA,NA,NA,NA,NA,NA,NA,NA,NA,NA,NA,NA,NA,NA,NA,NA,NA,NA,NA,NA,NA,NA,NA,High,High,High,Low,Low,NA,NA,NA,NA,NA,NA,NA,NA,NA,NA,NA,NA,NA,NA,NA,NA,NA,NA,NA,NA,NA,NA,NA,NA,NA,NA,NA,NA,NA,NA,NA,NA,NA,NA,NA,NA,NA,NA,NA,NA,NA,NA,NA,NA,NA,NA,NA,NA,NA,NA,NA,NA,NA,NA,NA,NA
NA,NA,NA,NA,NA,NA,NA,NA,NA,NA,NA,NA,NA,NA,NA,NA,92,2025-06-26,19:23:51,3,1,"Gipson, Carson",1000213957,Right,MOR_HED,"Nicks, David",10106262,Right,WLM_SHK,Undefined,4,Top,1,0,0,Fastball,Sinker,StrikeCalled,Undefined,Undefined,Undefined,0,0,NA,88.68001,-0.722043,-2.516455,2209.654196,228.333631,01:30:00,6.12914,1.21585,5.70686,-21.28958,15.03627,15.40843,3.68159,0.15377,79.82976,-4.750456,0.237217,0.43379,NA,NA,NA,NA,NA,NA,NA,NA,NA,NA,NA,-8.57863,8.24122,-1.01439,50,6.05565,4.96274,-128.47816,-2.29348,-14.1247,30.32921,-18.60492,MOR_HED,WLM_SHK,BigRockStadium,CPL,CPL,20250626-BigRockStadium-1,9ec9ece0-52e4-11f0-91de-9dd0983a3e69,86.89103,NA,NA,8.85025,NA,NA,NA,NA,NA,NA,67bf9003-9d93-49fb-89c2-36bfdacb035e,2025-06-26,23:23:51,2025-06-26T23:23:51Z,2025-06-26T23:23:51Z,NA,v3,NA,NA,NA,"Poppell, Broedy",701435,Right,MOR_HED,de82ee8c-c04f-461d-bb06-85aab9ae4a5a,54.78869,-129.60368,15.1646,6.12795,-1.60305,-9.30246,-1.20828,5.48691,-7.06235,NA,NA,NA,NA,NA,NA,NA,NA,NA,NA,NA,NA,NA,NA,NA,NA,NA,NA,NA,NA,NA,NA,NA,NA,NA,NA,NA,NA,NA,NA,NA,NA,NA,NA,NA,NA,NA,NA,NA,NA,NA,NA,NA,NA,NA,NA,NA,NA,NA,NA,High,High,High,NA,NA,NA,NA,NA,NA,NA,NA,NA,NA,NA,NA,NA,NA,NA,NA,NA,NA,NA,NA,NA,NA,NA,NA,NA,NA,NA,NA,NA,NA,NA,NA,NA,NA,NA,NA,NA,NA,NA,NA,NA,NA,NA,NA,NA,NA,NA,NA,NA,NA,NA,NA,NA,NA,NA,NA,NA,NA
NA,NA,NA,NA,NA,NA,NA,NA,NA,NA,NA,NA,NA,NA,NA,NA,93,2025-06-26,19:24:11,3,2,"Gipson, Carson",1000213957,Right,MOR_HED,"Nicks, David",10106262,Right,WLM_SHK,Undefined,4,Top,1,0,1,Fastball,Sinker,FoulBallNotFieldable,Undefined,Undefined,Undefined,0,0,NA,88.72213,-3.036883,-2.820835,2262.008266,225.203135,01:30:00,6.30195,1.2145,5.83522,-19.59509,16.70493,15.44304,1.84026,-0.12258,79.87209,-6.757041,-0.054064,0.433635,73.1739,56.46954,36.08614,NA,72.75978,98.84295,82.49844,170.92275,68.89835,50.844274,5.091829,-8.82552,9.92819,-0.99356,50,6.04255,5.66527,-128.36373,-7.40665,-14.46249,30.9945,-15.90459,MOR_HED,WLM_SHK,BigRockStadium,CPL,CPL,20250626-BigRockStadium-1,aacc9240-52e4-11f0-91de-9dd0983a3e69,86.92194,102.06122,NA,8.85004,NA,NA,NA,0.67625,2.47905,0.28893,67bf9003-9d93-49fb-89c2-36bfdacb035e,2025-06-26,23:24:11,2025-06-26T23:24:11Z,2025-06-26T23:24:11Z,Popup,v3,NA,NA,NA,"Poppell, Broedy",701435,Right,MOR_HED,b894792f-04e4-4b36-b629-a6a2196d28cd,54.66167,-129.48444,15.49725,6.29997,-6.83157,-7.95229,-1.20786,6.18821,-7.23125,201.332648,0.67729,47.85029,-16.02233,4.30897,-0.3403,-0.24265,0.09827,-0.01468,7.9e-4,2.47113,89.61864,-24.45288,3.02765,-0.856,0.20216,-0.02253,-9e-5,1.3e-4,0.28695,34.96034,-3.20972,0.58309,-0.23482,0.11006,-0.03025,0.0042,-2.3e-4,NA,NA,NA,NA,NA,NA,NA,NA,NA,NA,NA,NA,NA,NA,NA,NA,NA,NA,NA,NA,NA,NA,High,High,High,Medium,Low,NA,NA,NA,NA,NA,NA,NA,NA,NA,NA,NA,NA,NA,NA,NA,NA,NA,NA,NA,NA,NA,NA,NA,NA,NA,NA,NA,NA,NA,NA,NA,NA,NA,NA,NA,NA,NA,NA,NA,NA,NA,NA,NA,NA,NA,NA,NA,NA,NA,NA,NA,NA,NA,NA,NA,NA
NA,NA,NA,NA,NA,NA,NA,NA,NA,NA,NA,NA,NA,NA,NA,NA,94,2025-06-26,19:25:04,3,3,"Gipson, Carson",1000213957,Right,MOR_HED,"Nicks, David",10106262,Right,WLM_SHK,Undefined,4,Top,1,0,2,Fastball,Four-Seam,FoulBallNotFieldable,Undefined,Undefined,Undefined,0,0,NA,89.06295,-1.769105,-2.362459,2038.816525,220.42366,01:15:00,6.36414,0.90428,5.77932,-23.43411,12.29768,9.4189,2.76331,-0.51019,80.80956,-6.156916,-0.676154,0.430228,NA,NA,NA,NA,NA,NA,NA,NA,NA,NA,NA,-5.53445,7.17445,-0.71506,50,6.20405,4.92352,-129.10666,-4.7624,-9.25157,29.29183,-20.18099,MOR_HED,WLM_SHK,BigRockStadium,CPL,CPL,20250626-BigRockStadium-1,ca542a60-52e4-11f0-91de-9dd0983a3e69,87.61039,NA,NA,8.25339,NA,NA,NA,NA,NA,NA,67bf9003-9d93-49fb-89c2-36bfdacb035e,2025-06-26,23:25:04,2025-06-26T23:25:04Z,2025-06-26T23:25:04Z,NA,v3,NA,NA,NA,"Poppell, Broedy",701435,Right,MOR_HED,b16ffca1-94b5-4a83-affd-c102bc841c75,54.71829,-130.17275,14.64592,6.36401,-4.02791,-10.0905,-0.90037,5.26023,-4.62579,NA,NA,NA,NA,NA,NA,NA,NA,NA,NA,NA,NA,NA,NA,NA,NA,NA,NA,NA,NA,NA,NA,NA,NA,NA,NA,NA,NA,NA,NA,NA,NA,NA,NA,NA,NA,NA,NA,NA,NA,NA,NA,NA,NA,NA,NA,NA,NA,NA,NA,High,High,High,NA,NA,NA,NA,NA,NA,NA,NA,NA,NA,NA,NA,NA,NA,NA,NA,NA,NA,NA,NA,NA,NA,NA,NA,NA,NA,NA,NA,NA,NA,NA,NA,NA,NA,NA,NA,NA,NA,NA,NA,NA,NA,NA,NA,NA,NA,NA,NA,NA,NA,NA,NA,NA,NA,NA,NA,NA,NA
NA,NA,NA,NA,NA,NA,NA,NA,NA,NA,NA,NA,NA,NA,NA,NA,95,2025-06-26,19:25:28,3,4,"Gipson, Carson",1000213957,Right,MOR_HED,"Nicks, David",10106262,Right,WLM_SHK,Undefined,4,Top,1,0,2,Fastball,Four-Seam,FoulBallNotFieldable,Undefined,Undefined,Undefined,0,0,NA,89.05128,-0.815264,-2.361446,2105.246243,209.620461,01:00:00,6.46657,1.13919,5.48856,-21.655639999999998,14.32694,7.4617000000000004,3.89854,-0.44944,80.94106,-4.867904,-1.033511,0.431735,71.39473,36.425154,170.154872,3391.45161,-109.49303,41.58895,10.5454,187.16937,57.27758,177.095664,2.832037,-4.4563,7.81863,-0.93747,50,6.38074,4.99284,-129.11387,-2.56965,-7.48303,28.19876,-19.04505,MOR_HED,WLM_SHK,BigRockStadium,CPL,CPL,20250626-BigRockStadium-1,d8e5df10-52e4-11f0-91de-9dd0983a3e69,87.30448,42.15002,NA,8.11023,NA,NA,NA,0.44816,3.95374,0.48526,67bf9003-9d93-49fb-89c2-36bfdacb035e,2025-06-26,23:25:28,2025-06-26T23:25:28Z,2025-06-26T23:25:28Z,FlyBall,v3,NA,NA,NA,"Poppell, Broedy",701435,Right,MOR_HED,5cce298b-ff7a-426d-a2ae-32e28014ea4a,55.00879,-130.2032,14.09938,6.46579,-1.83393,-9.52253,-1.13594,5.28191,-3.74151,323.766391,0.44858,-83.03392,5.98564,-0.38148,0.661,-0.5851,0.26972,-0.06034,0.0052,3.95376,62.17315,-28.9897,3.64645,-0.69228,0.11044,-0.02504,0.00732,-9e-4,0.48523,14.40635,-7.27618,1.89721,-0.38168,0.07136,-0.02202,0.00643,-7.3e-4,NA,NA,NA,NA,NA,NA,NA,NA,NA,NA,NA,NA,NA,NA,NA,NA,NA,NA,NA,NA,NA,NA,High,High,High,High,Low,NA,NA,NA,NA,NA,NA,NA,NA,NA,NA,NA,NA,NA,NA,NA,NA,NA,NA,NA,NA,NA,NA,NA,NA,NA,NA,NA,NA,NA,NA,NA,NA,NA,NA,NA,NA,NA,NA,NA,NA,NA,NA,NA,NA,NA,NA,NA,NA,NA,NA,NA,NA,NA,NA,NA,NA
NA,NA,NA,NA,NA,NA,NA,NA,NA,NA,NA,NA,NA,NA,NA,NA,96,2025-06-26,19:26:00,3,5,"Gipson, Carson",1000213957,Right,MOR_HED,"Nicks, David",10106262,Right,WLM_SHK,Undefined,4,Top,1,0,2,Curveball,Curveball,BallinDirt,Undefined,Undefined,Undefined,0,0,NA,80.05584,-0.969534,-2.394845,2411.680491,41.160483,07:15:00,6.10025,1.29852,4.92237,-52.77294,-6.97933,-7.465,0.78502,-1.58897,73.24817,-10.437044,-3.713195,0.48705,NA,NA,NA,NA,NA,NA,NA,NA,NA,NA,NA,2.97768,-2.82654,-1.05831,50,5.96117,5.15782,-115.96219,-3.91622,3.99975,24.42404,-35.97075,MOR_HED,WLM_SHK,BigRockStadium,CPL,CPL,20250626-BigRockStadium-1,ebcf7c30-52e4-11f0-91de-9dd0983a3e69,77.38922,NA,NA,6.80767,NA,NA,NA,NA,NA,NA,67bf9003-9d93-49fb-89c2-36bfdacb035e,2025-06-26,23:26:00,2025-06-26T23:26:00Z,2025-06-26T23:26:00Z,NA,v3,NA,NA,NA,"Poppell, Broedy",701435,Right,MOR_HED,8d56f29a-4709-4bfb-a42c-018dabe5d370,55.57859,-117.13126,12.21202,6.10741,-2.19446,-17.98537,-1.30061,4.96637,1.99988,NA,NA,NA,NA,NA,NA,NA,NA,NA,NA,NA,NA,NA,NA,NA,NA,NA,NA,NA,NA,NA,NA,NA,NA,NA,NA,NA,NA,NA,NA,NA,NA,NA,NA,NA,NA,NA,NA,NA,NA,NA,NA,NA,NA,NA,NA,NA,NA,NA,NA,High,High,High,NA,NA,NA,NA,NA,NA,NA,NA,NA,NA,NA,NA,NA,NA,NA,NA,NA,NA,NA,NA,NA,NA,NA,NA,NA,NA,NA,NA,NA,NA,NA,NA,NA,NA,NA,NA,NA,NA,NA,NA,NA,NA,NA,NA,NA,NA,NA,NA,NA,NA,NA,NA,NA,NA,NA,NA,NA,NA
NA,NA,NA,NA,NA,NA,NA,NA,NA,NA,NA,NA,NA,NA,NA,NA,97,2025-06-26,19:26:38,3,6,"Gipson, Carson",1000213957,Right,MOR_HED,"Nicks, David",10106262,Right,WLM_SHK,Undefined,4,Top,1,1,2,Slider,Slider,StrikeSwinging,Strikeout,Undefined,Undefined,0,0,NA,80.757320000000007,-1.315388,-2.298159,2186.190521,65.42221,08:15:00,5.85821,1.17258,5.04965,-45.26979,-0.92236,-5.06748,0.84386,-1.41846,74.40863,-9.469105,-3.194541,0.479298,NA,NA,NA,NA,NA,NA,NA,NA,NA,NA,NA,1.88732,0.25917,-0.94927,50,5.69639,4.90713,-117.09529,-4.33693,2.61368,22.63905,-31.81512,MOR_HED,WLM_SHK,BigRockStadium,CPL,CPL,20250626-BigRockStadium-1,026be820-52e5-11f0-91de-9dd0983a3e69,78.64093,NA,NA,6.34868,NA,NA,NA,NA,NA,NA,67bf9003-9d93-49fb-89c2-36bfdacb035e,2025-06-26,23:26:38,2025-06-26T23:26:38Z,2025-06-26T23:26:38Z,NA,v3,NA,NA,NA,"Poppell, Broedy",701435,Right,MOR_HED,974203ae-0e82-4328-af49-154d8d1469db,55.45096,-118.14447,11.31952,5.86322,-2.86249,-15.90756,-1.17388,4.786,1.30684,NA,NA,NA,NA,NA,NA,NA,NA,NA,NA,NA,NA,NA,NA,NA,NA,NA,NA,NA,NA,NA,NA,NA,NA,NA,NA,NA,NA,NA,NA,NA,NA,NA,NA,NA,NA,NA,NA,NA,NA,NA,NA,NA,NA,NA,NA,NA,NA,NA,NA,High,High,High,NA,NA,NA,NA,NA,NA,NA,NA,NA,NA,NA,NA,NA,NA,NA,NA,NA,NA,NA,NA,NA,NA,NA,NA,NA,NA,NA,NA,NA,NA,NA,NA,NA,NA,NA,NA,NA,NA,NA,NA,NA,NA,NA,NA,NA,NA,NA,NA,NA,NA,NA,NA,NA,NA,NA,NA,NA,NA
NA,NA,NA,NA,NA,NA,NA,NA,NA,NA,NA,NA,NA,NA,NA,NA,98,2025-06-26,19:27:09,4,1,"Gipson, Carson",1000213957,Right,MOR_HED,"Walker, Conlon",1000115634,Left,WLM_SHK,Undefined,4,Top,2,0,0,Fastball,Four-Seam,StrikeCalled,Undefined,Undefined,Undefined,0,0,NA,88.74895,-1.167923,-2.900781,2147.119653,220.801359,01:15:00,6.22238,1.11118,5.72085,-21.07407,15.07828,11.90914,3.37678,-0.60068,80.20559,-5.146218,-0.773075,0.432753,NA,NA,NA,NA,NA,NA,NA,NA,NA,NA,NA,-6.93989,8.39784,-0.87609,50,6.11192,5.99533,-128.57656,-3.2927,-11.48541,29.49044,-18.27577,MOR_HED,WLM_SHK,BigRockStadium,CPL,CPL,20250626-BigRockStadium-1,14ca5c40-52e5-11f0-91de-9dd0983a3e69,87.09927,NA,NA,8.54336,NA,NA,NA,NA,NA,NA,67bf9003-9d93-49fb-89c2-36bfdacb035e,2025-06-26,23:27:09,2025-06-26T23:27:09Z,2025-06-26T23:27:09Z,NA,v3,NA,NA,NA,"Poppell, Broedy",701435,Right,MOR_HED,2836ded1-4c70-4a20-bd4f-8716d1820061,54.77564,-129.66728,14.74522,6.2212,-2.61676,-9.13789,-1.10569,6.42012,-5.7427,NA,NA,NA,NA,NA,NA,NA,NA,NA,NA,NA,NA,NA,NA,NA,NA,NA,NA,NA,NA,NA,NA,NA,NA,NA,NA,NA,NA,NA,NA,NA,NA,NA,NA,NA,NA,NA,NA,NA,NA,NA,NA,NA,NA,NA,NA,NA,NA,NA,NA,High,High,High,NA,NA,NA,NA,NA,NA,NA,NA,NA,NA,NA,NA,NA,NA,NA,NA,NA,NA,NA,NA,NA,NA,NA,NA,NA,NA,NA,NA,NA,NA,NA,NA,NA,NA,NA,NA,NA,NA,NA,NA,NA,NA,NA,NA,NA,NA,NA,NA,NA,NA,NA,NA,NA,NA,NA,NA,NA,NA
NA,NA,NA,NA,NA,NA,NA,NA,NA,NA,NA,NA,NA,NA,NA,NA,99,2025-06-26,19:27:29,4,2,"Gipson, Carson",1000213957,Right,MOR_HED,"Walker, Conlon",1000115634,Left,WLM_SHK,Undefined,4,Top,2,0,1,Curveball,Curveball,BallCalled,Undefined,Undefined,Undefined,0,0,NA,77.86145,0.854979,-1.505063,2339.216069,55.543583,07:45:00,6.22554,1.19994,5.0956,-53.69101,-5.76378,-10.74296,2.55734,-1.11397,71.10467,-8.85865,-3.406949,0.498268,NA,NA,NA,NA,NA,NA,NA,NA,NA,NA,NA,4.86268,-2.62362,-1.04902,50,6.26428,3.40553,-112.88525,-0.23248,6.20941,22.54433,-35.5243,MOR_HED,WLM_SHK,BigRockStadium,CPL,CPL,20250626-BigRockStadium-1,20d62960-52e5-11f0-91de-9dd0983a3e69,75.64699,NA,NA,6.75678,NA,NA,NA,NA,NA,NA,67bf9003-9d93-49fb-89c2-36bfdacb035e,2025-06-26,23:27:29,2025-06-26T23:27:29Z,2025-06-26T23:27:29Z,NA,v3,NA,NA,NA,"Poppell, Broedy",701435,Right,MOR_HED,99ace908-23b6-44e2-a5fb-d1af9700b024,55.40384,-113.95934,11.27217,6.23504,1.46002,-17.76215,-1.20423,3.1097,3.1047,NA,NA,NA,NA,NA,NA,NA,NA,NA,NA,NA,NA,NA,NA,NA,NA,NA,NA,NA,NA,NA,NA,NA,NA,NA,NA,NA,NA,NA,NA,NA,NA,NA,NA,NA,NA,NA,NA,NA,NA,NA,NA,NA,NA,NA,NA,NA,NA,NA,NA,High,High,High,NA,NA,NA,NA,NA,NA,NA,NA,NA,NA,NA,NA,NA,NA,NA,NA,NA,NA,NA,NA,NA,NA,NA,NA,NA,NA,NA,NA,NA,NA,NA,NA,NA,NA,NA,NA,NA,NA,NA,NA,NA,NA,NA,NA,NA,NA,NA,NA,NA,NA,NA,NA,NA,NA,NA,NA,NA,NA
NA,NA,NA,NA,NA,NA,NA,NA,NA,NA,NA,NA,NA,NA,NA,NA,100,2025-06-26,19:27:49,4,3,"Gipson, Carson",1000213957,Right,MOR_HED,"Walker, Conlon",1000115634,Left,WLM_SHK,Undefined,4,Top,2,1,1,Fastball,Sinker,BallCalled,Undefined,Undefined,Undefined,0,0,NA,88.32341,-0.872342,-1.814394,2195.936964,264.806066,02:45:00,5.80892,1.67375,5.5982,-33.68809,3.12921,19.60155,2.18669,1.61272,79.687,-7.089818,1.688762,0.436714,NA,NA,NA,NA,NA,NA,NA,NA,NA,NA,NA,-10.42638,2.30551,-1.53084,50,5.71275,3.17391,-128.00183,-3.18567,-16.99375,30.76174,-28.41631,MOR_HED,WLM_SHK,BigRockStadium,CPL,CPL,20250626-BigRockStadium-1,2c7d4140-52e5-11f0-91de-9dd0983a3e69,86.30912,NA,NA,8.63641,NA,NA,NA,NA,NA,NA,67bf9003-9d93-49fb-89c2-36bfdacb035e,2025-06-26,23:27:49,2025-06-26T23:27:49Z,2025-06-26T23:27:49Z,NA,v3,NA,NA,NA,"Poppell, Broedy",701435,Right,MOR_HED,d42f4f1f-aeb6-41bd-a9f4-e30dc658098d,54.89843,-129.17367,15.38087,5.81349,-2.10318,-14.20816,-1.66408,3.82127,-8.49687,NA,NA,NA,NA,NA,NA,NA,NA,NA,NA,NA,NA,NA,NA,NA,NA,NA,NA,NA,NA,NA,NA,NA,NA,NA,NA,NA,NA,NA,NA,NA,NA,NA,NA,NA,NA,NA,NA,NA,NA,NA,NA,NA,NA,NA,NA,NA,NA,NA,NA,High,High,High,NA,NA,NA,NA,NA,NA,NA,NA,NA,NA,NA,NA,NA,NA,NA,NA,NA,NA,NA,NA,NA,NA,NA,NA,NA,NA,NA,NA,NA,NA,NA,NA,NA,NA,NA,NA,NA,NA,NA,NA,NA,NA,NA,NA,NA,NA,NA,NA,NA,NA,NA,NA,NA,NA,NA,NA,NA,NA
NA,NA,NA,NA,NA,NA,NA,NA,NA,NA,NA,NA,NA,NA,NA,NA,101,2025-06-26,19:28:09,4,4,"Gipson, Carson",1000213957,Right,MOR_HED,"Walker, Conlon",1000115634,Left,WLM_SHK,Undefined,4,Top,2,2,1,Curveball,Curveball,StrikeCalled,Undefined,Undefined,Undefined,0,0,NA,76.61375,1.264352,0.562911,2361.452047,50.490747,07:45:00,5.92137,1.52999,5.0399,-62.39484,-11.91158,-16.84174,1.91478,0.65755,68.85481,-10.03377,-2.421789,0.511382,NA,NA,NA,NA,NA,NA,NA,NA,NA,NA,NA,8.49481,-5.70969,-1.56972,50,5.9925,-0.39183,-110.89748,0.19995,10.26664,25.28224,-39.07467,MOR_HED,WLM_SHK,BigRockStadium,CPL,CPL,20250626-BigRockStadium-1,38831af0-52e5-11f0-91de-9dd0983a3e69,73.70707,NA,NA,7.75894,NA,NA,NA,NA,NA,NA,67bf9003-9d93-49fb-89c2-36bfdacb035e,2025-06-26,23:28:09,2025-06-26T23:28:09Z,2025-06-26T23:28:09Z,NA,v3,NA,NA,NA,"Poppell, Broedy",701435,Right,MOR_HED,598f2697-6874-4e9f-bda5-f90d3d391d82,55.45885,-112.13508,12.64112,5.9359,2.1127,-19.53733,-1.53824,-0.8944,5.13332,NA,NA,NA,NA,NA,NA,NA,NA,NA,NA,NA,NA,NA,NA,NA,NA,NA,NA,NA,NA,NA,NA,NA,NA,NA,NA,NA,NA,NA,NA,NA,NA,NA,NA,NA,NA,NA,NA,NA,NA,NA,NA,NA,NA,NA,NA,NA,NA,NA,NA,High,High,High,NA,NA,NA,NA,NA,NA,NA,NA,NA,NA,NA,NA,NA,NA,NA,NA,NA,NA,NA,NA,NA,NA,NA,NA,NA,NA,NA,NA,NA,NA,NA,NA,NA,NA,NA,NA,NA,NA,NA,NA,NA,NA,NA,NA,NA,NA,NA,NA,NA,NA,NA,NA,NA,NA,NA,NA,NA,NA
NA,NA,NA,NA,NA,NA,NA,NA,NA,NA,NA,NA,NA,NA,NA,NA,102,2025-06-26,19:28:54,4,5,"Gipson, Carson",1000213957,Right,MOR_HED,"Walker, Conlon",1000115634,Left,WLM_SHK,Undefined,4,Top,2,2,2,Curveball,Curveball,BallCalled,Undefined,Undefined,Undefined,0,0,NA,77.89472,1.556261,1.244279,2356.473263,45.032844,07:30:00,6.21134,1.34882,4.93862,-54.87101,-6.33437,-8.10796,3.11032,1.84933,70.40052,-8.383512,-0.187397,0.501425,NA,NA,NA,NA,NA,NA,NA,NA,NA,NA,NA,4.36398,-3.00079,-1.46284,50,6.31771,-2.10188,-112.76883,1.0419,5.5232,23.78551,-35.97195,MOR_HED,WLM_SHK,BigRockStadium,CPL,CPL,20250626-BigRockStadium-1,53a3d680-52e5-11f0-91de-9dd0983a3e69,75.17061,NA,NA,7.4942,NA,NA,NA,NA,NA,NA,67bf9003-9d93-49fb-89c2-36bfdacb035e,2025-06-26,23:28:54,2025-06-26T23:28:54Z,2025-06-26T23:28:54Z,NA,v3,NA,NA,NA,"Poppell, Broedy",701435,Right,MOR_HED,06d75ba8-2642-462c-b9a5-47f2678ed3cc,55.55826,-113.93516,11.89275,6.22338,2.8058,-17.98598,-1.35314,-2.37271,2.7616,NA,NA,NA,NA,NA,NA,NA,NA,NA,NA,NA,NA,NA,NA,NA,NA,NA,NA,NA,NA,NA,NA,NA,NA,NA,NA,NA,NA,NA,NA,NA,NA,NA,NA,NA,NA,NA,NA,NA,NA,NA,NA,NA,NA,NA,NA,NA,NA,NA,NA,High,High,High,NA,NA,NA,NA,NA,NA,NA,NA,NA,NA,NA,NA,NA,NA,NA,NA,NA,NA,NA,NA,NA,NA,NA,NA,NA,NA,NA,NA,NA,NA,NA,NA,NA,NA,NA,NA,NA,NA,NA,NA,NA,NA,NA,NA,NA,NA,NA,NA,NA,NA,NA,NA,NA,NA,NA,NA,NA,NA
NA,NA,NA,NA,NA,NA,NA,NA,NA,NA,NA,NA,NA,NA,NA,NA,103,2025-06-26,19:29:17,4,6,"Gipson, Carson",1000213957,Right,MOR_HED,"Walker, Conlon",1000115634,Left,WLM_SHK,Undefined,4,Top,2,3,2,Fastball,Four-Seam,FoulBallNotFieldable,Undefined,Undefined,Undefined,0,0,NA,90.3527,-0.74071,-1.905785,2206.84145,223.667865,01:30:00,6.21256,1.17261,5.6632,-19.69733,15.23351,13.35863,3.88,0.50809,81.55256,-4.468273,0.48074,0.425379,75.8032,12.453267,-175.573449,1442.342041,NA,NA,NA,136.8483,49.83566,-173.684354,1.466465,-7.35174,8.31367,-1.01998,50,6.13774,3.75915,-130.98874,-2.32733,-12.6154,30.85777,-17.90802,MOR_HED,WLM_SHK,BigRockStadium,CPL,CPL,20250626-BigRockStadium-1,61481df0-52e5-11f0-91de-9dd0983a3e69,88.60907,11.23233,NA,8.80014,NA,NA,NA,0.22902,3.82003,-0.49661,67bf9003-9d93-49fb-89c2-36bfdacb035e,2025-06-26,23:29:17,2025-06-26T23:29:17Z,2025-06-26T23:29:17Z,GroundBall,v3,NA,NA,NA,"Poppell, Broedy",701435,Right,MOR_HED,8c62e836-c5f2-4d34-a7f9-2deec0df6f76,54.83322,-132.12243,15.42889,6.21116,-1.66941,-8.95401,-1.1666,4.22262,-6.3077,302.736884,0.062330000000000003,-106.63733,9.5047,NA,NA,NA,NA,NA,NA,4.01355,22.14626,-17.04813,NA,NA,NA,NA,NA,NA,-0.45223,-8.80656,-0.80208,NA,NA,NA,NA,NA,NA,NA,NA,NA,NA,NA,NA,NA,NA,NA,NA,NA,NA,NA,NA,NA,NA,NA,NA,NA,NA,NA,NA,High,High,High,High,Medium,NA,NA,NA,NA,NA,NA,NA,NA,NA,NA,NA,NA,NA,NA,NA,NA,NA,NA,NA,NA,NA,NA,NA,NA,NA,NA,NA,NA,NA,NA,NA,NA,NA,NA,NA,NA,NA,NA,NA,NA,NA,NA,NA,NA,NA,NA,NA,NA,NA,NA,NA,NA,NA,NA,NA,NA
NA,NA,NA,NA,NA,NA,NA,NA,NA,NA,NA,NA,NA,NA,NA,NA,104,2025-06-26,19:29:45,4,7,"Gipson, Carson",1000213957,Right,MOR_HED,"Walker, Conlon",1000115634,Left,WLM_SHK,Undefined,4,Top,2,3,2,ChangeUp,Changeup,FoulBallNotFieldable,Undefined,Undefined,Undefined,0,0,NA,85.19203,-0.983816,-2.667834,2029.728166,263.929132,02:45:00,5.71616,1.72349,5.37547,-36.07778,3.90536,22.74407,1.78627,1.11594,76.82412,-7.615342,1.378487,0.455103,59.61362,-57.627531,120.678173,NA,NA,NA,NA,0.97815,1.59926,6.23372,0.028328,-12.3028,2.71295,-1.50113,50,5.6027,4.75911,-123.36126,-3.42449,-18.60321,28.82933,-28.07178,MOR_HED,WLM_SHK,BigRockStadium,CPL,CPL,20250626-BigRockStadium-1,7235eb10-52e5-11f0-91de-9dd0983a3e69,82.82174,2.10083,NA,8.36791,NA,NA,NA,1.65188,2.10083,-1.03921,67bf9003-9d93-49fb-89c2-36bfdacb035e,2025-06-26,23:29:45,2025-06-26T23:29:45Z,2025-06-26T23:29:45Z,GroundBall,v3,NA,NA,NA,"Poppell, Broedy",701435,Right,MOR_HED,3c64e253-5286-40b7-ba40-fce5e8b24cfc,55.12286,-124.55271,14.41467,5.72025,-2.26434,-14.03589,-1.7137,5.52794,-9.3016,NA,1.65235,-23.98769,NA,NA,NA,NA,NA,NA,NA,2.10228,-74.16228,NA,NA,NA,NA,NA,NA,NA,-1.04,40.43496,NA,NA,NA,NA,NA,NA,NA,NA,NA,NA,NA,NA,NA,NA,NA,NA,NA,NA,NA,NA,NA,NA,NA,NA,NA,NA,NA,NA,NA,High,High,High,Low,Low,NA,NA,NA,NA,NA,NA,NA,NA,NA,NA,NA,NA,NA,NA,NA,NA,NA,NA,NA,NA,NA,NA,NA,NA,NA,NA,NA,NA,NA,NA,NA,NA,NA,NA,NA,NA,NA,NA,NA,NA,NA,NA,NA,NA,NA,NA,NA,NA,NA,NA,NA,NA,NA,NA,NA,NA
NA,NA,NA,NA,NA,NA,NA,NA,NA,NA,NA,NA,NA,NA,NA,NA,105,2025-06-26,19:30:18,4,8,"Gipson, Carson",1000213957,Right,MOR_HED,"Walker, Conlon",1000115634,Left,WLM_SHK,Undefined,4,Top,2,3,2,Curveball,Curveball,FoulBallNotFieldable,Undefined,Undefined,Undefined,0,0,NA,76.26991,2.334324,-0.726626,2350.324125,52.466103,07:45:00,5.97421,1.45859,5.20095,-59.79987,-9.68717,-14.92709,3.18781,-0.46879,69.08395,-8.526626,-3.373673,0.509501,NA,NA,NA,NA,NA,NA,NA,NA,NA,NA,NA,7.23508,-5.15036,-1.37937,50,6.14501,1.98801,-110.50964,2.44202,8.78511,23.01939,-38.42782,MOR_HED,WLM_SHK,BigRockStadium,CPL,CPL,20250626-BigRockStadium-1,8572d850-52e5-11f0-91de-9dd0983a3e69,73.97907,NA,NA,7.18596,NA,NA,NA,NA,NA,NA,67bf9003-9d93-49fb-89c2-36bfdacb035e,2025-06-26,23:30:18,2025-06-26T23:30:18Z,2025-06-26T23:30:18Z,NA,v3,NA,NA,NA,"Poppell, Broedy",701435,Right,MOR_HED,c31630d3-1279-4555-a4c0-0c6619df7712,55.29997,-111.60818,11.5097,5.98471,4.27587,-19.21391,-1.46423,1.56877,4.39256,NA,NA,NA,NA,NA,NA,NA,NA,NA,NA,NA,NA,NA,NA,NA,NA,NA,NA,NA,NA,NA,NA,NA,NA,NA,NA,NA,NA,NA,NA,NA,NA,NA,NA,NA,NA,NA,NA,NA,NA,NA,NA,NA,NA,NA,NA,NA,NA,NA,NA,High,High,High,NA,NA,NA,NA,NA,NA,NA,NA,NA,NA,NA,NA,NA,NA,NA,NA,NA,NA,NA,NA,NA,NA,NA,NA,NA,NA,NA,NA,NA,NA,NA,NA,NA,NA,NA,NA,NA,NA,NA,NA,NA,NA,NA,NA,NA,NA,NA,NA,NA,NA,NA,NA,NA,NA,NA,NA,NA,NA
NA,NA,NA,NA,NA,NA,NA,NA,NA,NA,NA,NA,NA,NA,NA,NA,106,2025-06-26,19:30:50,4,9,"Gipson, Carson",1000213957,Right,MOR_HED,"Walker, Conlon",1000115634,Left,WLM_SHK,Undefined,4,Top,2,3,2,Fastball,Changeup,BallCalled,Walk,Undefined,Undefined,0,0,NA,87.86706,-2.596926,-2.826652,2102.480142,260.434559,02:45:00,5.78324,1.55396,5.94631,-32.16407,4.18437,17.73119,0.68959,0.40762,80.44968,-8.526927,0.362492,0.433925,NA,NA,NA,NA,NA,NA,NA,NA,NA,NA,NA,-10.08323,3.20272,-1.33936,50,5.55782,5.59194,-127.43374,-6.8708,-16.48664,27.57731,-26.9374,MOR_HED,WLM_SHK,BigRockStadium,CPL,CPL,20250626-BigRockStadium-1,98d723b0-52e5-11f0-91de-9dd0983a3e69,86.86402,NA,NA,7.41738,NA,NA,NA,NA,NA,NA,67bf9003-9d93-49fb-89c2-36bfdacb035e,2025-06-26,23:30:50,2025-06-26T23:30:50Z,2025-06-26T23:30:50Z,NA,v3,NA,NA,NA,"Poppell, Broedy",701435,Right,MOR_HED,0a0a4ed5-a00d-4dce-b4a5-c19eb1770be0,54.55535,-128.41576,13.78866,5.7854,-5.91157,-13.4687,-1.54893,6.17902,-8.24332,NA,NA,NA,NA,NA,NA,NA,NA,NA,NA,NA,NA,NA,NA,NA,NA,NA,NA,NA,NA,NA,NA,NA,NA,NA,NA,NA,NA,NA,NA,NA,NA,NA,NA,NA,NA,NA,NA,NA,NA,NA,NA,NA,NA,NA,NA,NA,NA,NA,NA,High,High,High,NA,NA,NA,NA,NA,NA,NA,NA,NA,NA,NA,NA,NA,NA,NA,NA,NA,NA,NA,NA,NA,NA,NA,NA,NA,NA,NA,NA,NA,NA,NA,NA,NA,NA,NA,NA,NA,NA,NA,NA,NA,NA,NA,NA,NA,NA,NA,NA,NA,NA,NA,NA,NA,NA,NA,NA,NA,NA
NA,NA,NA,NA,NA,NA,NA,NA,NA,NA,NA,NA,NA,NA,NA,NA,107,2025-06-26,19:32:31,5,1,"Gipson, Carson",1000213957,Right,MOR_HED,"Boyles, Jack",1000076008,Right,WLM_SHK,Undefined,4,Top,2,0,0,Fastball,Sinker,StrikeCalled,Undefined,Undefined,Undefined,0,0,NA,89.25785,-1.706334,-2.692019,2151.597761,231.02023,01:45:00,6.15454,1.19171,5.61096,-22.11257,13.57926,15.28954,2.71694,-0.0487,81.17912,-5.842145,0.03607,0.429988,NA,NA,NA,NA,NA,NA,NA,NA,NA,NA,NA,-8.49764,7.73319,-0.97146,50,5.99448,5.40284,-129.36997,-4.59779,-14.32414,28.34182,-19.13856,MOR_HED,WLM_SHK,BigRockStadium,CPL,CPL,20250626-BigRockStadium-1,d4f68700-52e5-11f0-91de-9dd0983a3e69,87.65936,NA,NA,8.07873,NA,NA,NA,NA,NA,NA,67bf9003-9d93-49fb-89c2-36bfdacb035e,2025-06-26,23:32:31,2025-06-26T23:32:31Z,2025-06-26T23:32:31Z,NA,v3,NA,NA,NA,"Poppell, Broedy",701435,Right,MOR_HED,ba724a74-374f-4da2-994d-a75fe66f251f,54.8864,-130.43607,14.17091,6.15389,-3.87788,-9.56928,-1.18482,5.94165,-7.16207,NA,NA,NA,NA,NA,NA,NA,NA,NA,NA,NA,NA,NA,NA,NA,NA,NA,NA,NA,NA,NA,NA,NA,NA,NA,NA,NA,NA,NA,NA,NA,NA,NA,NA,NA,NA,NA,NA,NA,NA,NA,NA,NA,NA,NA,NA,NA,NA,NA,NA,High,High,High,NA,NA,NA,NA,NA,NA,NA,NA,NA,NA,NA,NA,NA,NA,NA,NA,NA,NA,NA,NA,NA,NA,NA,NA,NA,NA,NA,NA,NA,NA,NA,NA,NA,NA,NA,NA,NA,NA,NA,NA,NA,NA,NA,NA,NA,NA,NA,NA,NA,NA,NA,NA,NA,NA,NA,NA,NA,NA
NA,NA,NA,NA,NA,NA,NA,NA,NA,NA,NA,NA,NA,NA,NA,NA,108,2025-06-26,19:33:03,5,2,"Gipson, Carson",1000213957,Right,MOR_HED,"Boyles, Jack",1000076008,Right,WLM_SHK,Undefined,4,Top,2,0,1,Fastball,Four-Seam,BallCalled,Undefined,Undefined,Undefined,0,0,NA,88.47442,-1.024621,-1.435393,2146.756934,215.73735,01:15:00,6.20574,1.16986,5.50084,-19.29497,17.16403,11.45997,3.63909,0.78204,80.2926,-4.665486,0.606282,0.434584,NA,NA,NA,NA,NA,NA,NA,NA,NA,NA,NA,-6.1667,9.30973,-1.0522,50,6.10349,2.69955,-128.3047,-2.90842,-10.21315,28.14994,-16.75548,MOR_HED,WLM_SHK,BigRockStadium,CPL,CPL,20250626-BigRockStadium-1,e7dbde60-52e5-11f0-91de-9dd0983a3e69,86.73223,NA,NA,8.18181,NA,NA,NA,NA,NA,NA,67bf9003-9d93-49fb-89c2-36bfdacb035e,2025-06-26,23:33:03,2025-06-26T23:33:03Z,2025-06-26T23:33:03Z,NA,v3,NA,NA,NA,"Poppell, Broedy",701435,Right,MOR_HED,8798794f-1a5e-473c-b6bc-a863d7c9a9dd,54.99521,-129.396,14.07497,6.20365,-2.25886,-8.37774,-1.16453,3.09549,-5.10657,NA,NA,NA,NA,NA,NA,NA,NA,NA,NA,NA,NA,NA,NA,NA,NA,NA,NA,NA,NA,NA,NA,NA,NA,NA,NA,NA,NA,NA,NA,NA,NA,NA,NA,NA,NA,NA,NA,NA,NA,NA,NA,NA,NA,NA,NA,NA,NA,NA,NA,High,High,High,NA,NA,NA,NA,NA,NA,NA,NA,NA,NA,NA,NA,NA,NA,NA,NA,NA,NA,NA,NA,NA,NA,NA,NA,NA,NA,NA,NA,NA,NA,NA,NA,NA,NA,NA,NA,NA,NA,NA,NA,NA,NA,NA,NA,NA,NA,NA,NA,NA,NA,NA,NA,NA,NA,NA,NA,NA,NA
NA,NA,NA,NA,NA,NA,NA,NA,NA,NA,NA,NA,NA,NA,NA,NA,109,2025-06-26,19:33:25,5,3,"Gipson, Carson",1000213957,Right,MOR_HED,"Boyles, Jack",1000076008,Right,WLM_SHK,Undefined,4,Top,2,1,1,Curveball,Curveball,StrikeCalled,Undefined,Undefined,Undefined,0,0,NA,76.16199,1.565703,0.172857,2383.875491,58.897857,08:00:00,6.01238,1.43753,5.21864,-56.38216,-6.76138,-13.86816,2.78637,0.44438,69.75943,-8.658191,-2.289481,0.506994,NA,NA,NA,NA,NA,NA,NA,NA,NA,NA,NA,6.99213,-3.3904,-1.44257,50,6.11432,0.20729,-110.53265,1.08807,8.5959,20.85829,-36.34209,MOR_HED,WLM_SHK,BigRockStadium,CPL,CPL,20250626-BigRockStadium-1,f51ad450-52e5-11f0-91de-9dd0983a3e69,74.34489,NA,NA,6.40255,NA,NA,NA,NA,NA,NA,67bf9003-9d93-49fb-89c2-36bfdacb035e,2025-06-26,23:33:25,2025-06-26T23:33:25Z,2025-06-26T23:33:25Z,NA,v3,NA,NA,NA,"Poppell, Broedy",701435,Right,MOR_HED,3f6c3baf-dc3f-48a6-983d-84b109efa43e,55.28274,-111.52509,10.42914,6.02141,2.81722,-18.17104,-1.4427,-0.2017,4.29795,NA,NA,NA,NA,NA,NA,NA,NA,NA,NA,NA,NA,NA,NA,NA,NA,NA,NA,NA,NA,NA,NA,NA,NA,NA,NA,NA,NA,NA,NA,NA,NA,NA,NA,NA,NA,NA,NA,NA,NA,NA,NA,NA,NA,NA,NA,NA,NA,NA,NA,High,High,High,NA,NA,NA,NA,NA,NA,NA,NA,NA,NA,NA,NA,NA,NA,NA,NA,NA,NA,NA,NA,NA,NA,NA,NA,NA,NA,NA,NA,NA,NA,NA,NA,NA,NA,NA,NA,NA,NA,NA,NA,NA,NA,NA,NA,NA,NA,NA,NA,NA,NA,NA,NA,NA,NA,NA,NA,NA,NA
NA,NA,NA,NA,NA,NA,NA,NA,NA,NA,NA,NA,NA,NA,NA,NA,110,2025-06-26,19:33:49,5,4,"Gipson, Carson",1000213957,Right,MOR_HED,"Boyles, Jack",1000076008,Right,WLM_SHK,Undefined,4,Top,2,1,2,Slider,Curveball,BallCalled,Undefined,Undefined,Undefined,0,0,NA,79.81673,-0.056147,-0.845855,2217.76275,35.978312,07:15:00,5.86615,1.39595,4.92694,-49.18566,-3.53792,-3.64248,1.71426,0.29275,73.19064,-8.923579,-1.489429,0.486274,NA,NA,NA,NA,NA,NA,NA,NA,NA,NA,NA,1.56957,-1.38508,-1.31033,50,5.81933,1.86029,-115.79169,-1.92319,2.11923,22.73138,-34.04421,MOR_HED,WLM_SHK,BigRockStadium,CPL,CPL,20250626-BigRockStadium-1,03a44ba0-52e6-11f0-91de-9dd0983a3e69,77.51276,NA,NA,6.62609,NA,NA,NA,NA,NA,NA,67bf9003-9d93-49fb-89c2-36bfdacb035e,2025-06-26,23:33:49,2025-06-26T23:33:49Z,2025-06-26T23:33:49Z,NA,v3,NA,NA,NA,"Poppell, Broedy",701435,Right,MOR_HED,5e491f45-02ff-4bdd-9c32-f75476744746,55.57368,-116.88076,11.36569,5.8724,-0.29213,-17.0221,-1.39702,1.75876,1.05962,NA,NA,NA,NA,NA,NA,NA,NA,NA,NA,NA,NA,NA,NA,NA,NA,NA,NA,NA,NA,NA,NA,NA,NA,NA,NA,NA,NA,NA,NA,NA,NA,NA,NA,NA,NA,NA,NA,NA,NA,NA,NA,NA,NA,NA,NA,NA,NA,NA,NA,High,High,High,NA,NA,NA,NA,NA,NA,NA,NA,NA,NA,NA,NA,NA,NA,NA,NA,NA,NA,NA,NA,NA,NA,NA,NA,NA,NA,NA,NA,NA,NA,NA,NA,NA,NA,NA,NA,NA,NA,NA,NA,NA,NA,NA,NA,NA,NA,NA,NA,NA,NA,NA,NA,NA,NA,NA,NA,NA,NA
NA,NA,NA,NA,NA,NA,NA,NA,NA,NA,NA,NA,NA,NA,NA,NA,111,2025-06-26,19:34:13,5,5,"Gipson, Carson",1000213957,Right,MOR_HED,"Boyles, Jack",1000076008,Right,WLM_SHK,Undefined,4,Top,2,2,2,Fastball,Sinker,InPlay,Undefined,GroundBall,Out,1,0,NA,88.64814,-1.219016,-1.86679,2186.089996,231.73907,01:45:00,6.31687,0.9077,5.55591,-23.41923,12.67827,14.58501,3.22552,0.37827,80.88905,-5.580916,0.734817,0.432424,70.80091,-27.287645,-38.514993,NA,NA,NA,NA,8.08899,5.34636,-29.963203,0.065882,-7.96839,7.11229,-0.75647,50,6.1962,3.56636,-128.64601,-3.5377,-13.31294,27.44881,-20.2914,MOR_HED,WLM_SHK,BigRockStadium,CPL,CPL,20250626-BigRockStadium-1,11f68650-52e6-11f0-91de-9dd0983a3e69,87.16542,3.15037,NA,7.75909,NA,NA,NA,2.22951,3.15037,-0.23708,67bf9003-9d93-49fb-89c2-36bfdacb035e,2025-06-26,23:34:13,2025-06-26T23:34:13Z,2025-06-26T23:34:13Z,GroundBall,v3,NA,NA,NA,"Poppell, Broedy",701435,Right,MOR_HED,bdeab180-e936-4e79-9e33-6340bfaae68b,54.9437,-129.69655,13.72441,6.31674,-2.7611,-10.1457,-0.90272,4.07588,-6.65647,180,2.22611,72.52891,NA,NA,NA,NA,NA,NA,NA,3.15261,-47.81825,NA,NA,NA,NA,NA,NA,NA,-0.23437,-57.7231,NA,NA,NA,NA,NA,NA,NA,NA,NA,NA,NA,NA,NA,NA,NA,NA,NA,NA,NA,NA,NA,NA,NA,NA,NA,NA,NA,NA,NA,High,High,High,Low,Low,NA,NA,NA,NA,NA,NA,NA,NA,NA,NA,NA,NA,NA,NA,NA,NA,NA,NA,NA,NA,NA,NA,NA,NA,NA,NA,NA,NA,NA,NA,NA,NA,NA,NA,NA,NA,NA,NA,NA,NA,NA,NA,NA,NA,NA,NA,NA,NA,NA,NA,NA,NA,NA,NA,NA,NA
NA,NA,NA,NA,NA,NA,NA,NA,NA,NA,NA,NA,NA,NA,NA,NA,112,2025-06-26,19:36:19,1,1,"Roycraft, Nolan",831160,Left,WLM_SHK,"LeJeune, Tyler",1000077446,Left,MOR_HED,Undefined,4,Bottom,0,0,0,Slider,Curveball,BallCalled,Undefined,Undefined,Undefined,0,0,NA,76.82221,2.857863,1.121956,2006.971236,229.804014,01:45:00,5.63447,-1.77328,6.2344,-42.03242,5.72213,4.67429,4.77085,-0.34862,68.83124,-5.04134,1.965298,0.497369,NA,NA,NA,NA,NA,NA,NA,NA,NA,NA,NA,-2.01122,2.55441,1.68753,50,5.82773,-2.3504,-111.27402,4.36209,-2.46799,23.92953,-29.03951,MOR_HED,WLM_SHK,BigRockStadium,CPL,CPL,20250626-BigRockStadium-1,5d048b60-52e6-11f0-91de-9dd0983a3e69,75.78364,NA,NA,7.99096,NA,NA,NA,NA,NA,NA,67bf9003-9d93-49fb-89c2-36bfdacb035e,2025-06-26,23:36:19,2025-06-26T23:36:19Z,2025-06-26T23:36:19Z,NA,v3,NA,NA,NA,"Manley, Nathan",1000093427,Right,WLM_SHK,d75a6e7c-61cd-4330-b4bb-1929766b774e,54.25951,-112.18629,11.96476,5.64033,5.46917,-14.51976,1.77534,-2.25632,-1.234,NA,NA,NA,NA,NA,NA,NA,NA,NA,NA,NA,NA,NA,NA,NA,NA,NA,NA,NA,NA,NA,NA,NA,NA,NA,NA,NA,NA,NA,NA,NA,NA,NA,NA,NA,NA,NA,NA,NA,NA,NA,NA,NA,NA,NA,NA,NA,NA,NA,NA,High,High,High,NA,NA,NA,NA,NA,NA,NA,NA,NA,NA,NA,NA,NA,NA,NA,NA,NA,NA,NA,NA,NA,NA,NA,NA,NA,NA,NA,NA,NA,NA,NA,NA,NA,NA,NA,NA,NA,NA,NA,NA,NA,NA,NA,NA,NA,NA,NA,NA,NA,NA,NA,NA,NA,NA,NA,NA,NA,NA
NA,NA,NA,NA,NA,NA,NA,NA,NA,NA,NA,NA,NA,NA,NA,NA,113,2025-06-26,19:36:36,1,2,"Roycraft, Nolan",831160,Left,WLM_SHK,"LeJeune, Tyler",1000077446,Left,MOR_HED,Undefined,4,Bottom,0,1,0,Curveball,Curveball,BallCalled,Undefined,Undefined,Undefined,0,0,NA,75.62475,-0.562401,1.888278,2201.017717,330.138998,05:00:00,5.62395,-1.66671,6.17438,-56.82031,-7.66457,5.40508,0.36922,0.52826,68.97223,-11.011838,2.866639,0.504613,NA,NA,NA,NA,NA,NA,NA,NA,NA,NA,NA,-2.21587,-3.53795,1.52098,50,5.55196,-3.79682,-109.79177,-2.71561,-2.64678,23.32217,-36.4,MOR_HED,WLM_SHK,BigRockStadium,CPL,CPL,20250626-BigRockStadium-1,66d312b0-52e6-11f0-91de-9dd0983a3e69,74.69574,NA,NA,6.65251,NA,NA,NA,NA,NA,NA,67bf9003-9d93-49fb-89c2-36bfdacb035e,2025-06-26,23:36:36,2025-06-26T23:36:36Z,2025-06-26T23:36:36Z,NA,v3,NA,NA,NA,"Manley, Nathan",1000093427,Right,WLM_SHK,b0368714-ce4f-4b82-bd49-6ae2045aa8ee,54.32751,-110.70721,11.66108,5.63051,-1.28684,-18.2,1.66798,-3.69293,-1.32339,NA,NA,NA,NA,NA,NA,NA,NA,NA,NA,NA,NA,NA,NA,NA,NA,NA,NA,NA,NA,NA,NA,NA,NA,NA,NA,NA,NA,NA,NA,NA,NA,NA,NA,NA,NA,NA,NA,NA,NA,NA,NA,NA,NA,NA,NA,NA,NA,NA,NA,High,High,High,NA,NA,NA,NA,NA,NA,NA,NA,NA,NA,NA,NA,NA,NA,NA,NA,NA,NA,NA,NA,NA,NA,NA,NA,NA,NA,NA,NA,NA,NA,NA,NA,NA,NA,NA,NA,NA,NA,NA,NA,NA,NA,NA,NA,NA,NA,NA,NA,NA,NA,NA,NA,NA,NA,NA,NA,NA,NA
NA,NA,NA,NA,NA,NA,NA,NA,NA,NA,NA,NA,NA,NA,NA,NA,114,2025-06-26,19:37:01,1,3,"Roycraft, Nolan",831160,Left,WLM_SHK,"LeJeune, Tyler",1000077446,Left,MOR_HED,Undefined,4,Bottom,0,2,0,Curveball,Curveball,BallCalled,Undefined,Undefined,Undefined,0,0,NA,74.78485,-0.830392,0.685834,2205.111185,310.736494,04:15:00,5.63786,-1.61558,6.40403,-58.17582,-9.00268,12.25091,0.02619,0.03601,69.17674,-11.520766,2.91633,0.504702,NA,NA,NA,NA,NA,NA,NA,NA,NA,NA,NA,-6.42689,-4.46882,1.56036,50,5.55057,-1.666,-108.81896,-3.14121,-7.63393,20.77119,-37.48218,MOR_HED,WLM_SHK,BigRockStadium,CPL,CPL,20250626-BigRockStadium-1,75d53c70-52e6-11f0-91de-9dd0983a3e69,74.68251,NA,NA,5.60811,NA,NA,NA,NA,NA,NA,67bf9003-9d93-49fb-89c2-36bfdacb035e,2025-06-26,23:37:01,2025-06-26T23:37:01Z,2025-06-26T23:37:01Z,NA,v3,NA,NA,NA,"Manley, Nathan",1000093427,Right,WLM_SHK,a5bc40fc-bc04-4285-8e7a-fb19a7782bde,54.10065,-109.59889,10.38559,5.6421,-1.73381,-18.74109,1.61753,-1.37936,-3.81697,NA,NA,NA,NA,NA,NA,NA,NA,NA,NA,NA,NA,NA,NA,NA,NA,NA,NA,NA,NA,NA,NA,NA,NA,NA,NA,NA,NA,NA,NA,NA,NA,NA,NA,NA,NA,NA,NA,NA,NA,NA,NA,NA,NA,NA,NA,NA,NA,NA,NA,High,High,High,NA,NA,NA,NA,NA,NA,NA,NA,NA,NA,NA,NA,NA,NA,NA,NA,NA,NA,NA,NA,NA,NA,NA,NA,NA,NA,NA,NA,NA,NA,NA,NA,NA,NA,NA,NA,NA,NA,NA,NA,NA,NA,NA,NA,NA,NA,NA,NA,NA,NA,NA,NA,NA,NA,NA,NA,NA,NA
NA,NA,NA,NA,NA,NA,NA,NA,NA,NA,NA,NA,NA,NA,NA,NA,115,2025-06-26,19:37:25,1,4,"Roycraft, Nolan",831160,Left,WLM_SHK,"LeJeune, Tyler",1000077446,Left,MOR_HED,Undefined,4,Bottom,0,3,0,Fastball,Changeup,StrikeCalled,Undefined,Undefined,Undefined,0,0,NA,84.9915,-0.624544,3.47866,1926.945175,133.697931,10:30:00,5.78349,-1.58608,6.29546,-24.71427,14.49174,-13.51331,3.14741,0.49712,75.65673,-5.356767,1.040012,0.450659,NA,NA,NA,NA,NA,NA,NA,NA,NA,NA,NA,8.21599,8.18638,1.336,50,5.7258,-6.93645,-122.99608,-2.02347,12.23099,30.80192,-19.98713,MOR_HED,WLM_SHK,BigRockStadium,CPL,CPL,20250626-BigRockStadium-1,84372e90-52e6-11f0-91de-9dd0983a3e69,83.63857,NA,NA,9.33476,NA,NA,NA,NA,NA,NA,67bf9003-9d93-49fb-89c2-36bfdacb035e,2025-06-26,23:37:25,2025-06-26T23:37:25Z,2025-06-26T23:37:25Z,NA,v3,NA,NA,NA,"Manley, Nathan",1000093427,Right,WLM_SHK,5d646868-0ad6-42ef-88ea-abae541f9e8c,54.19822,-124.04298,15.40096,5.78303,-1.34415,-9.99356,1.57882,-7.35217,6.1155,NA,NA,NA,NA,NA,NA,NA,NA,NA,NA,NA,NA,NA,NA,NA,NA,NA,NA,NA,NA,NA,NA,NA,NA,NA,NA,NA,NA,NA,NA,NA,NA,NA,NA,NA,NA,NA,NA,NA,NA,NA,NA,NA,NA,NA,NA,NA,NA,NA,NA,High,High,High,NA,NA,NA,NA,NA,NA,NA,NA,NA,NA,NA,NA,NA,NA,NA,NA,NA,NA,NA,NA,NA,NA,NA,NA,NA,NA,NA,NA,NA,NA,NA,NA,NA,NA,NA,NA,NA,NA,NA,NA,NA,NA,NA,NA,NA,NA,NA,NA,NA,NA,NA,NA,NA,NA,NA,NA,NA,NA
NA,NA,NA,NA,NA,NA,NA,NA,NA,NA,NA,NA,NA,NA,NA,NA,116,2025-06-26,19:37:45,1,5,"Roycraft, Nolan",831160,Left,WLM_SHK,"LeJeune, Tyler",1000077446,Left,MOR_HED,Undefined,4,Bottom,0,3,1,Slider,Changeup,StrikeCalled,Undefined,Undefined,Undefined,0,0,NA,78.51995,0.673191,2.64493,1854.569251,175.854038,11:45:00,5.54583,-1.93113,6.3062,-32.33218,13.58603,-0.85177,3.47235,0.43626,69.93594,-5.481473,2.491158,0.487713,NA,NA,NA,NA,NA,NA,NA,NA,NA,NA,NA,1.40276,7.33622,1.73746,50,5.58016,-5.21974,-113.67476,0.47941,1.78176,26.51785,-22.85564,MOR_HED,WLM_SHK,BigRockStadium,CPL,CPL,20250626-BigRockStadium-1,8fc62a90-52e6-11f0-91de-9dd0983a3e69,77.28413,NA,NA,8.58401,NA,NA,NA,NA,NA,NA,67bf9003-9d93-49fb-89c2-36bfdacb035e,2025-06-26,23:37:45,2025-06-26T23:37:45Z,2025-06-26T23:37:45Z,NA,v3,NA,NA,NA,"Manley, Nathan",1000093427,Right,WLM_SHK,8af21ef2-2f8f-4d43-9b86-afa5661214d3,54.18596,-114.6471,13.25892,5.54721,1.31746,-11.42782,1.93005,-5.28508,0.89088,NA,NA,NA,NA,NA,NA,NA,NA,NA,NA,NA,NA,NA,NA,NA,NA,NA,NA,NA,NA,NA,NA,NA,NA,NA,NA,NA,NA,NA,NA,NA,NA,NA,NA,NA,NA,NA,NA,NA,NA,NA,NA,NA,NA,NA,NA,NA,NA,NA,NA,High,High,High,NA,NA,NA,NA,NA,NA,NA,NA,NA,NA,NA,NA,NA,NA,NA,NA,NA,NA,NA,NA,NA,NA,NA,NA,NA,NA,NA,NA,NA,NA,NA,NA,NA,NA,NA,NA,NA,NA,NA,NA,NA,NA,NA,NA,NA,NA,NA,NA,NA,NA,NA,NA,NA,NA,NA,NA,NA,NA
NA,NA,NA,NA,NA,NA,NA,NA,NA,NA,NA,NA,NA,NA,NA,NA,117,2025-06-26,19:38:06,1,6,"Roycraft, Nolan",831160,Left,WLM_SHK,"LeJeune, Tyler",1000077446,Left,MOR_HED,Undefined,4,Bottom,0,3,2,Curveball,Curveball,InPlay,Undefined,GroundBall,Out,1,0,NA,75.00066,0.520932,1.497247,2285.932598,307.379299,04:15:00,5.66486,-1.69111,6.07127,-57.94798,-7.86985,12.59453,1.31809,0.74423,68.36838,-10.136724,3.769971,0.509326,52.27944,-22.949607,41.830405,NA,NA,NA,NA,6.95509,3.79271,23.110125,0.060445,-6.05429,-3.83481,1.56834,50,5.67428,-3.27554,-108.89696000000001,-0.72163,-7.13037,22.54852,-36.69044,MOR_HED,WLM_SHK,BigRockStadium,CPL,CPL,20250626-BigRockStadium-1,9c88c490-52e6-11f0-91de-9dd0983a3e69,74.00461,1.8157,NA,6.63227,NA,NA,NA,3.20186,1.8157,-0.12993,67bf9003-9d93-49fb-89c2-36bfdacb035e,2025-06-26,23:38:06,2025-06-26T23:38:06Z,2025-06-26T23:38:06Z,GroundBall,v3,NA,NA,NA,"Manley, Nathan",1000093427,Right,WLM_SHK,dd86675a-888c-476c-804c-bdcbd7defeca,54.42998,-109.81041,11.27426,5.67341,0.76472,-18.34522,1.69518,-2.98669,-3.56519,NA,3.19944,52.85972,NA,NA,NA,NA,NA,NA,NA,1.81708,-30.03907,NA,NA,NA,NA,NA,NA,NA,-0.13209,47.31255,NA,NA,NA,NA,NA,NA,NA,NA,NA,NA,NA,NA,NA,NA,NA,NA,NA,NA,NA,NA,NA,NA,NA,NA,NA,NA,NA,NA,NA,High,High,High,Low,Low,NA,NA,NA,NA,NA,NA,NA,NA,NA,NA,NA,NA,NA,NA,NA,NA,NA,NA,NA,NA,NA,NA,NA,NA,NA,NA,NA,NA,NA,NA,NA,NA,NA,NA,NA,NA,NA,NA,NA,NA,NA,NA,NA,NA,NA,NA,NA,NA,NA,NA,NA,NA,NA,NA,NA,NA
NA,NA,NA,NA,NA,NA,NA,NA,NA,NA,NA,NA,NA,NA,NA,NA,118,2025-06-26,19:38:47,2,1,"Roycraft, Nolan",831160,Left,WLM_SHK,"Poppell, Broedy",701435,Right,MOR_HED,Undefined,4,Bottom,1,0,0,Slider,Changeup,BallCalled,Undefined,Undefined,Undefined,0,0,NA,79.45111,1.334138,3.493514,1905.421834,174.557741,11:45:00,5.55381,-1.82455,6.45311,-33.08096,11.54068,-0.93217,4.02522,1.3112,70.78603,-4.961306,3.325053,0.480778,NA,NA,NA,NA,NA,NA,NA,NA,NA,NA,NA,1.74457,6.05721,1.57744,50,5.63404,-6.98407,-114.96173,1.80344,2.26906,26.89559,-24.29579,MOR_HED,WLM_SHK,BigRockStadium,CPL,CPL,20250626-BigRockStadium-1,b4b03d50-52e6-11f0-91de-9dd0983a3e69,78.39892,NA,NA,8.66508,NA,NA,NA,NA,NA,NA,67bf9003-9d93-49fb-89c2-36bfdacb035e,2025-06-26,23:38:47,2025-06-26T23:38:47Z,2025-06-26T23:38:47Z,NA,v3,NA,NA,NA,"Manley, Nathan",1000093427,Right,WLM_SHK,43bcc5d7-b603-42a4-9643-4f07412996e3,54.0395,-115.90293,13.4478,5.5560600000000004,2.65366,-12.14789,1.82324,-7.06347,1.13453,NA,NA,NA,NA,NA,NA,NA,NA,NA,NA,NA,NA,NA,NA,NA,NA,NA,NA,NA,NA,NA,NA,NA,NA,NA,NA,NA,NA,NA,NA,NA,NA,NA,NA,NA,NA,NA,NA,NA,NA,NA,NA,NA,NA,NA,NA,NA,NA,NA,NA,High,High,High,NA,NA,NA,NA,NA,NA,NA,NA,NA,NA,NA,NA,NA,NA,NA,NA,NA,NA,NA,NA,NA,NA,NA,NA,NA,NA,NA,NA,NA,NA,NA,NA,NA,NA,NA,NA,NA,NA,NA,NA,NA,NA,NA,NA,NA,NA,NA,NA,NA,NA,NA,NA,NA,NA,NA,NA,NA,NA
NA,NA,NA,NA,NA,NA,NA,NA,NA,NA,NA,NA,NA,NA,NA,NA,119,2025-06-26,19:39:04,2,2,"Roycraft, Nolan",831160,Left,WLM_SHK,"Poppell, Broedy",701435,Right,MOR_HED,Undefined,4,Bottom,1,1,0,Slider,Changeup,BallCalled,Undefined,Undefined,Undefined,0,0,NA,79.52325,-3.446939,4.162454,1865.283829,112.680753,09:45:00,5.6758,-1.64283,6.99386,-33.51667,10.25524,-20.27627,-0.26346,0.45885,71.38415,-9.813959,0.448419,0.476178,NA,NA,NA,NA,NA,NA,NA,NA,NA,NA,NA,12.65241,7.18961,1.39395,50,5.45236,-7.75891,-115.0707,-7.74243,16.42892,27.62991,-22.83844,MOR_HED,WLM_SHK,BigRockStadium,CPL,CPL,20250626-BigRockStadium-1,befca730-52e6-11f0-91de-9dd0983a3e69,79.15622,NA,NA,8.1391,NA,NA,NA,NA,NA,NA,67bf9003-9d93-49fb-89c2-36bfdacb035e,2025-06-26,23:39:04,2025-06-26T23:39:04Z,2025-06-26T23:39:04Z,NA,v3,NA,NA,NA,"Manley, Nathan",1000093427,Right,WLM_SHK,06d6e0ba-4bb4-4a4f-bae1-8f69f8b97686,53.50659,-115.90961,13.81496,5.67691,-7.049,-11.41922,1.6371,-8.25774,8.21446,NA,NA,NA,NA,NA,NA,NA,NA,NA,NA,NA,NA,NA,NA,NA,NA,NA,NA,NA,NA,NA,NA,NA,NA,NA,NA,NA,NA,NA,NA,NA,NA,NA,NA,NA,NA,NA,NA,NA,NA,NA,NA,NA,NA,NA,NA,NA,NA,NA,NA,High,High,High,NA,NA,NA,NA,NA,NA,NA,NA,NA,NA,NA,NA,NA,NA,NA,NA,NA,NA,NA,NA,NA,NA,NA,NA,NA,NA,NA,NA,NA,NA,NA,NA,NA,NA,NA,NA,NA,NA,NA,NA,NA,NA,NA,NA,NA,NA,NA,NA,NA,NA,NA,NA,NA,NA,NA,NA,NA,NA
NA,NA,NA,NA,NA,NA,NA,NA,NA,NA,NA,NA,NA,NA,NA,NA,120,2025-06-26,19:39:30,2,3,"Roycraft, Nolan",831160,Left,WLM_SHK,"Poppell, Broedy",701435,Right,MOR_HED,Undefined,4,Bottom,1,2,0,Fastball,Changeup,InPlay,Undefined,Popup,Out,1,0,NA,85.70386,-1.425207,3.586303,1985.797934,130.35591,10:15:00,5.78768,-1.57086,6.31719,-22.38895,15.86332,-16.94777,2.60639,0.32434,76.87644,-5.713437,0.526164,0.445143,64.46357,67.652365,40.99683,NA,NA,NA,NA,114.39597,55.98238,59.16741,4.846505,10.03823,9.14745,1.31605,50,5.67264,-7.12001,-124.12193,-3.70015,15.33091,29.71269,-18.20359,MOR_HED,WLM_SHK,BigRockStadium,CPL,CPL,20250626-BigRockStadium-1,cebcf0d0-52e6-11f0-91de-9dd0983a3e69,84.67484,97.57251,NA,8.82741,NA,NA,NA,0.92389,3.48913,0.03969,67bf9003-9d93-49fb-89c2-36bfdacb035e,2025-06-26,23:39:30,2025-06-26T23:39:30Z,2025-06-26T23:39:30Z,Popup,v3,NA,NA,NA,"Manley, Nathan",1000093427,Right,WLM_SHK,1831168e-5b79-4798-b810-909b82c15e2d,54.17973,-125.11848,14.85635,5.7865,-3.08961,-9.10179,1.56348,-7.6342,7.66545,198.895376,0.92029,27.16222,-10.20957,2.89809,-0.01998,-0.3677,0.14436,-0.02334,0.0014,3.47667,87.70927,-25.22713,4.19704,-1.81547,0.63435,-0.13276,0.0142,-5.9e-4,0.04224,23.54424,-0.2378,-0.44565,0.10005,0.04485,-0.02846,0.00552,-3.7e-4,NA,NA,NA,NA,NA,NA,NA,NA,NA,NA,NA,NA,NA,NA,NA,NA,NA,NA,NA,NA,NA,NA,High,High,High,Medium,Low,NA,NA,NA,NA,NA,NA,NA,NA,NA,NA,NA,NA,NA,NA,NA,NA,NA,NA,NA,NA,NA,NA,NA,NA,NA,NA,NA,NA,NA,NA,NA,NA,NA,NA,NA,NA,NA,NA,NA,NA,NA,NA,NA,NA,NA,NA,NA,NA,NA,NA,NA,NA,NA,NA,NA,NA
NA,NA,NA,NA,NA,NA,NA,NA,NA,NA,NA,NA,NA,NA,NA,NA,121,2025-06-26,19:40:06,3,1,"Roycraft, Nolan",831160,Left,WLM_SHK,"Pacheco, DJ",1000222093,Right,MOR_HED,Undefined,4,Bottom,2,0,0,ChangeUp,Changeup,StrikeSwinging,Undefined,Undefined,Undefined,0,0,NA,80.23287,-0.64137,2.419912,1714.819175,117.236874,10:00:00,5.58826,-1.66855,7.03175,-33.12415,9.43682,-15.10765,2.24464,-0.72751,71.90038,-6.981202,-0.351446,0.469545,NA,NA,NA,NA,NA,NA,NA,NA,NA,NA,NA,8.82205,5.78292,1.52486,50,5.53907,-4.39906,-116.41678,-2.11395,11.78824,27.21834,-24.44676,MOR_HED,WLM_SHK,BigRockStadium,CPL,CPL,20250626-BigRockStadium-1,e43acd60-52e6-11f0-91de-9dd0983a3e69,80.27438,NA,NA,8.33249,NA,NA,NA,NA,NA,NA,67bf9003-9d93-49fb-89c2-36bfdacb035e,2025-06-26,23:40:06,2025-06-26T23:40:06Z,2025-06-26T23:40:06Z,NA,v3,NA,NA,NA,"Manley, Nathan",1000093427,Right,WLM_SHK,74e452cb-f5ae-4ae3-9dc1-ea4877ee1c1c,53.46228,-117.22347,13.60917,5.59098,-1.3894,-12.22338,1.66042,-4.74843,5.89412,NA,NA,NA,NA,NA,NA,NA,NA,NA,NA,NA,NA,NA,NA,NA,NA,NA,NA,NA,NA,NA,NA,NA,NA,NA,NA,NA,NA,NA,NA,NA,NA,NA,NA,NA,NA,NA,NA,NA,NA,NA,NA,NA,NA,NA,NA,NA,NA,NA,NA,High,High,High,NA,NA,NA,NA,NA,NA,NA,NA,NA,NA,NA,NA,NA,NA,NA,NA,NA,NA,NA,NA,NA,NA,NA,NA,NA,NA,NA,NA,NA,NA,NA,NA,NA,NA,NA,NA,NA,NA,NA,NA,NA,NA,NA,NA,NA,NA,NA,NA,NA,NA,NA,NA,NA,NA,NA,NA,NA,NA
NA,NA,NA,NA,NA,NA,NA,NA,NA,NA,NA,NA,NA,NA,NA,NA,122,2025-06-26,19:40:28,3,2,"Roycraft, Nolan",831160,Left,WLM_SHK,"Pacheco, DJ",1000222093,Right,MOR_HED,Undefined,4,Bottom,2,0,1,Fastball,Four-Seam,BallCalled,Undefined,Undefined,Undefined,0,0,NA,86.97853,-0.092695,3.279444,1973.727452,150.267147,11:00:00,5.74547,-1.70039,6.27279,-17.85095,19.74548,-10.39225,4.1723,0.45999,76.98388,-3.59074,1.40557,0.441311,NA,NA,NA,NA,NA,NA,NA,NA,NA,NA,NA,6.52937,10.65052,1.4622,50,5.72978,-6.77348,-125.81653,-0.62481,10.13654,33.01273,-15.63964,MOR_HED,WLM_SHK,BigRockStadium,CPL,CPL,20250626-BigRockStadium-1,f15c5040-52e6-11f0-91de-9dd0983a3e69,85.41016,NA,NA,9.99465,NA,NA,NA,NA,NA,NA,67bf9003-9d93-49fb-89c2-36bfdacb035e,2025-06-26,23:40:28,2025-06-26T23:40:28Z,2025-06-26T23:40:28Z,NA,v3,NA,NA,NA,"Manley, Nathan",1000093427,Right,WLM_SHK,a9af296f-1bcd-4a13-982e-ef216cd3f99d,54.21851,-126.91859,16.50636,5.74193,-0.10271,-7.81982,1.69397,-7.11187,5.06827,NA,NA,NA,NA,NA,NA,NA,NA,NA,NA,NA,NA,NA,NA,NA,NA,NA,NA,NA,NA,NA,NA,NA,NA,NA,NA,NA,NA,NA,NA,NA,NA,NA,NA,NA,NA,NA,NA,NA,NA,NA,NA,NA,NA,NA,NA,NA,NA,NA,NA,High,High,High,NA,NA,NA,NA,NA,NA,NA,NA,NA,NA,NA,NA,NA,NA,NA,NA,NA,NA,NA,NA,NA,NA,NA,NA,NA,NA,NA,NA,NA,NA,NA,NA,NA,NA,NA,NA,NA,NA,NA,NA,NA,NA,NA,NA,NA,NA,NA,NA,NA,NA,NA,NA,NA,NA,NA,NA,NA,NA
NA,NA,NA,NA,NA,NA,NA,NA,NA,NA,NA,NA,NA,NA,NA,NA,123,2025-06-26,19:40:47,3,3,"Roycraft, Nolan",831160,Left,WLM_SHK,"Pacheco, DJ",1000222093,Right,MOR_HED,Undefined,4,Bottom,2,1,1,ChangeUp,Changeup,FoulBallNotFieldable,Undefined,Undefined,Undefined,0,0,NA,80.3068,-0.958363,2.277282,1718.838558,103.886752,09:30:00,5.6622,-1.82677,7.12407,-36.318600000000004,6.39796,-18.67517,1.76567,-1.31651,71.46361,-7.907144,-1.157474,0.470402,NA,NA,NA,NA,NA,NA,NA,NA,NA,NA,NA,10.82697,4.33126,1.69615,50,5.59515,-4.00564,-116.49535,-2.84207,14.32844,29.41668,-26.44206,MOR_HED,WLM_SHK,BigRockStadium,CPL,CPL,20250626-BigRockStadium-1,fc699920-52e6-11f0-91de-9dd0983a3e69,80.12807,NA,NA,8.84319,NA,NA,NA,NA,NA,NA,67bf9003-9d93-49fb-89c2-36bfdacb035e,2025-06-26,23:40:47,2025-06-26T23:40:47Z,2025-06-26T23:40:47Z,NA,v3,NA,NA,NA,"Manley, Nathan",1000093427,Right,WLM_SHK,f9c8f836-8f72-4411-ace5-06faf03670fb,53.37086,-117.34346,14.70834,5.6661,-2.07973,-13.22103,1.8176,-4.41874,7.16422,NA,NA,NA,NA,NA,NA,NA,NA,NA,NA,NA,NA,NA,NA,NA,NA,NA,NA,NA,NA,NA,NA,NA,NA,NA,NA,NA,NA,NA,NA,NA,NA,NA,NA,NA,NA,NA,NA,NA,NA,NA,NA,NA,NA,NA,NA,NA,NA,NA,NA,High,High,High,NA,NA,NA,NA,NA,NA,NA,NA,NA,NA,NA,NA,NA,NA,NA,NA,NA,NA,NA,NA,NA,NA,NA,NA,NA,NA,NA,NA,NA,NA,NA,NA,NA,NA,NA,NA,NA,NA,NA,NA,NA,NA,NA,NA,NA,NA,NA,NA,NA,NA,NA,NA,NA,NA,NA,NA,NA,NA
NA,NA,NA,NA,NA,NA,NA,NA,NA,NA,NA,NA,NA,NA,NA,NA,124,2025-06-26,19:41:14,3,4,"Roycraft, Nolan",831160,Left,WLM_SHK,"Pacheco, DJ",1000222093,Right,MOR_HED,Undefined,4,Bottom,2,1,2,Fastball,Sinker,BallCalled,Undefined,Undefined,Undefined,0,0,NA,86.62836,-0.038611,3.976784,2021.90068,126.029463,10:15:00,5.82598,-1.47719,6.36721,-23.6421,13.68658,-16.89174,3.82019,0.78044,77.66341,-4.556894,0.926971,0.439737,NA,NA,NA,NA,NA,NA,NA,NA,NA,NA,NA,10.04406,7.5328,1.19642,50,5.81223,-8.04217,-125.4461,-0.74409,15.70164,29.86691,-20.39823,MOR_HED,WLM_SHK,BigRockStadium,CPL,CPL,20250626-BigRockStadium-1,0ccb52e0-52e7-11f0-91de-9dd0983a3e69,85.71591,NA,NA,8.96495,NA,NA,NA,NA,NA,NA,67bf9003-9d93-49fb-89c2-36bfdacb035e,2025-06-26,23:41:14,2025-06-26T23:41:14Z,2025-06-26T23:41:14Z,NA,v3,NA,NA,NA,"Manley, Nathan",1000093427,Right,WLM_SHK,ddc4d2a6-b3df-4f37-b924-61b1eb78d88e,54.12829,-126.42516,14.93346,5.82566,-0.07542,-10.19911,1.46849,-8.55688,7.85082,NA,NA,NA,NA,NA,NA,NA,NA,NA,NA,NA,NA,NA,NA,NA,NA,NA,NA,NA,NA,NA,NA,NA,NA,NA,NA,NA,NA,NA,NA,NA,NA,NA,NA,NA,NA,NA,NA,NA,NA,NA,NA,NA,NA,NA,NA,NA,NA,NA,NA,High,High,High,NA,NA,NA,NA,NA,NA,NA,NA,NA,NA,NA,NA,NA,NA,NA,NA,NA,NA,NA,NA,NA,NA,NA,NA,NA,NA,NA,NA,NA,NA,NA,NA,NA,NA,NA,NA,NA,NA,NA,NA,NA,NA,NA,NA,NA,NA,NA,NA,NA,NA,NA,NA,NA,NA,NA,NA,NA,NA
NA,NA,NA,NA,NA,NA,NA,NA,NA,NA,NA,NA,NA,NA,NA,NA,125,2025-06-26,19:41:36,3,5,"Roycraft, Nolan",831160,Left,WLM_SHK,"Pacheco, DJ",1000222093,Right,MOR_HED,Undefined,4,Bottom,2,2,2,ChangeUp,Changeup,BallCalled,Undefined,Undefined,Undefined,0,0,NA,80.71428,-3.217391,2.812794,1728.693175,114.838344,09:45:00,5.58302,-1.7404,6.90058,-32.98651,8.97945,-16.12233,-0.10313,-0.51976,73.4108,-9.437254,-0.140134,0.466251,NA,NA,NA,NA,NA,NA,NA,NA,NA,NA,NA,9.648,6.23079,1.56874,50,5.36832,-5.24353,-117.06972,-7.4139099999999996,13.16118,25.61711,-23.67439,MOR_HED,WLM_SHK,BigRockStadium,CPL,CPL,20250626-BigRockStadium-1,19e0eee0-52e7-11f0-91de-9dd0983a3e69,80.84144,NA,NA,7.30348,NA,NA,NA,NA,NA,NA,67bf9003-9d93-49fb-89c2-36bfdacb035e,2025-06-26,23:41:36,2025-06-26T23:41:36Z,2025-06-26T23:41:36Z,NA,v3,NA,NA,NA,"Manley, Nathan",1000093427,Right,WLM_SHK,435669e8-d984-4d35-b0b0-727c77d5f70b,53.59987,-117.8548,12.80856,5.58442,-6.68836,-11.8372,1.73562,-5.64689,6.58059,NA,NA,NA,NA,NA,NA,NA,NA,NA,NA,NA,NA,NA,NA,NA,NA,NA,NA,NA,NA,NA,NA,NA,NA,NA,NA,NA,NA,NA,NA,NA,NA,NA,NA,NA,NA,NA,NA,NA,NA,NA,NA,NA,NA,NA,NA,NA,NA,NA,NA,High,High,High,NA,NA,NA,NA,NA,NA,NA,NA,NA,NA,NA,NA,NA,NA,NA,NA,NA,NA,NA,NA,NA,NA,NA,NA,NA,NA,NA,NA,NA,NA,NA,NA,NA,NA,NA,NA,NA,NA,NA,NA,NA,NA,NA,NA,NA,NA,NA,NA,NA,NA,NA,NA,NA,NA,NA,NA,NA,NA
NA,NA,NA,NA,NA,NA,NA,NA,NA,NA,NA,NA,NA,NA,NA,NA,126,2025-06-26,19:42:04,3,6,"Roycraft, Nolan",831160,Left,WLM_SHK,"Pacheco, DJ",1000222093,Right,MOR_HED,Undefined,4,Bottom,2,3,2,Curveball,Curveball,FoulBallNotFieldable,Undefined,Undefined,Undefined,0,0,NA,75.35102,2.148579,1.214613,2133.169287,306.328458,04:15:00,5.57824,-1.75419,6.50987,-54.97385,-6.04555,10.61469,2.9702,0.24518,68.13464,-8.106812,3.14281,0.503444,NA,NA,NA,NA,NA,NA,NA,NA,NA,NA,NA,-5.14831,-3.38811,1.6652,50,5.70519,-2.67237,-109.38092,2.5775,-6.10622,23.06933,-36.19257,MOR_HED,WLM_SHK,BigRockStadium,CPL,CPL,20250626-BigRockStadium-1,2aa2a2f0-52e7-11f0-91de-9dd0983a3e69,74.86913,NA,NA,7.21637,NA,NA,NA,NA,NA,NA,67bf9003-9d93-49fb-89c2-36bfdacb035e,2025-06-26,23:42:04,2025-06-26T23:42:04Z,2025-06-26T23:42:04Z,NA,v3,NA,NA,NA,"Manley, Nathan",1000093427,Right,WLM_SHK,ccb75a89-44b0-43ee-9340-4929044c8589,53.98954,-110.21913,11.53467,5.58764,3.89254,-18.09629,1.75827,-2.45051,-3.05311,NA,NA,NA,NA,NA,NA,NA,NA,NA,NA,NA,NA,NA,NA,NA,NA,NA,NA,NA,NA,NA,NA,NA,NA,NA,NA,NA,NA,NA,NA,NA,NA,NA,NA,NA,NA,NA,NA,NA,NA,NA,NA,NA,NA,NA,NA,NA,NA,NA,NA,High,High,High,NA,NA,NA,NA,NA,NA,NA,NA,NA,NA,NA,NA,NA,NA,NA,NA,NA,NA,NA,NA,NA,NA,NA,NA,NA,NA,NA,NA,NA,NA,NA,NA,NA,NA,NA,NA,NA,NA,NA,NA,NA,NA,NA,NA,NA,NA,NA,NA,NA,NA,NA,NA,NA,NA,NA,NA,NA,NA
NA,NA,NA,NA,NA,NA,NA,NA,NA,NA,NA,NA,NA,NA,NA,NA,127,2025-06-26,19:42:40,3,7,"Roycraft, Nolan",831160,Left,WLM_SHK,"Pacheco, DJ",1000222093,Right,MOR_HED,Undefined,4,Bottom,2,3,2,Fastball,Changeup,FoulBallNotFieldable,Undefined,Undefined,Undefined,0,0,NA,85.95384,-0.80678,3.819092,2085.095453,130.828025,10:15:00,5.75484,-1.63877,6.29053,-22.103,16.02371,-16.84367,3.16776,0.48219,76.9105,-5.048965,0.781105,0.444412,53.50486,67.189585,122.537002,4218.082395,NA,NA,NA,NA,9.83855,NA,NA,10.02926,9.00674,1.36499,50,5.68474,-7.63856,-124.44146,-2.35379,15.37891,30.12217,-18.36307,MOR_HED,WLM_SHK,BigRockStadium,CPL,CPL,20250626-BigRockStadium-1,3fb5afc0-52e7-11f0-91de-9dd0983a3e69,84.81412,25.62522,NA,9.04335,NA,NA,NA,0.36387,3.22117,-0.46598,67bf9003-9d93-49fb-89c2-36bfdacb035e,2025-06-26,23:42:40,2025-06-26T23:42:40Z,2025-06-26T23:42:40Z,NA,v3,NA,NA,NA,"Manley, Nathan",1000093427,Right,WLM_SHK,fd288441-afe4-471a-a9bb-90ab3b791eef,54.20544,-125.4553,15.06109,5.75357,-1.73573,-9.18154,1.63079,-8.15617,7.68946,337.819671,0.36689,-16.47904,-2.09971,NA,NA,NA,NA,NA,NA,3.22757,72.09272,-23.67398,NA,NA,NA,NA,NA,NA,-0.46348,25.55268,-3.83144,NA,NA,NA,NA,NA,NA,NA,NA,NA,NA,NA,NA,NA,NA,NA,NA,NA,NA,NA,NA,NA,NA,NA,NA,NA,NA,NA,NA,High,High,High,High,Undefined,NA,NA,NA,NA,NA,NA,NA,NA,NA,NA,NA,NA,NA,NA,NA,NA,NA,NA,NA,NA,NA,NA,NA,NA,NA,NA,NA,NA,NA,NA,NA,NA,NA,NA,NA,NA,NA,NA,NA,NA,NA,NA,NA,NA,NA,NA,NA,NA,NA,NA,NA,NA,NA,NA,NA,NA
NA,NA,NA,NA,NA,NA,NA,NA,NA,NA,NA,NA,NA,NA,NA,NA,128,2025-06-26,19:43:05,3,8,"Roycraft, Nolan",831160,Left,WLM_SHK,"Pacheco, DJ",1000222093,Right,MOR_HED,Undefined,4,Bottom,2,3,2,Fastball,Changeup,BallCalled,Walk,Undefined,Undefined,0,0,NA,85.88141,-0.335167,1.285956,1973.09816,131.321594,10:30:00,5.67391,-1.62662,6.46851,-21.58663,16.45465,-16.99139,3.56712,-1.86133,76.45007,-4.513902,-1.797002,0.443914,NA,NA,NA,NA,NA,NA,NA,NA,NA,NA,NA,9.22819,9.12406,1.54223,50,5.64064,-2.11333,-124.51646,-1.27513,14.07029,31.71703,-18.2625,MOR_HED,WLM_SHK,BigRockStadium,CPL,CPL,20250626-BigRockStadium-1,4ef64210-52e7-11f0-91de-9dd0983a3e69,84.90933,NA,NA,9.43135,NA,NA,NA,NA,NA,NA,67bf9003-9d93-49fb-89c2-36bfdacb035e,2025-06-26,23:43:05,2025-06-26T23:43:05Z,2025-06-26T23:43:05Z,NA,v3,NA,NA,NA,"Manley, Nathan",1000093427,Right,WLM_SHK,1ffdaeb8-74c2-46ae-bdd1-d87eaed0d780,54.0245,-125.5374,15.85852,5.67222,-0.68728,-9.13125,1.61755,-2.56624,7.03514,NA,NA,NA,NA,NA,NA,NA,NA,NA,NA,NA,NA,NA,NA,NA,NA,NA,NA,NA,NA,NA,NA,NA,NA,NA,NA,NA,NA,NA,NA,NA,NA,NA,NA,NA,NA,NA,NA,NA,NA,NA,NA,NA,NA,NA,NA,NA,NA,NA,NA,High,High,High,NA,NA,NA,NA,NA,NA,NA,NA,NA,NA,NA,NA,NA,NA,NA,NA,NA,NA,NA,NA,NA,NA,NA,NA,NA,NA,NA,NA,NA,NA,NA,NA,NA,NA,NA,NA,NA,NA,NA,NA,NA,NA,NA,NA,NA,NA,NA,NA,NA,NA,NA,NA,NA,NA,NA,NA,NA,NA
NA,NA,NA,NA,NA,NA,NA,NA,NA,NA,NA,NA,NA,NA,NA,NA,129,2025-06-26,19:43:40,4,1,"Roycraft, Nolan",831160,Left,WLM_SHK,"Bloomer, Chase",827167,Right,MOR_HED,Undefined,4,Bottom,2,0,0,Fastball,Changeup,InPlay,Undefined,GroundBall,Single,0,0,NA,84.96404,-0.680386,2.853807,1878.600786,131.501353,10:30:00,5.6789,-1.72781,6.65497,-23.71907,14.68674,-14.94103,3.07885,-0.35904,76.12322,-5.245529,0.136202,0.446036,85.51458,4.626417,-21.651611,2136.934224,NA,NA,NA,78.80068,76.19095,-21.90575,0.670317,8.84288,8.38532,1.5411300000000001,50,5.62349,-5.58829,-123.21498,-2.06836,13.28263,29.71569,-19.57869,MOR_HED,WLM_SHK,BigRockStadium,CPL,CPL,20250626-BigRockStadium-1,63fbba50-52e7-11f0-91de-9dd0983a3e69,84.50541,4.08444,NA,8.84082,NA,NA,NA,1.28641,2.96186,0.54947,67bf9003-9d93-49fb-89c2-36bfdacb035e,2025-06-26,23:43:40,2025-06-26T23:43:40Z,2025-06-26T23:43:40Z,GroundBall,v3,NA,NA,NA,"Manley, Nathan",1000093427,Right,WLM_SHK,8f84d722-4008-4381-b0b3-4f04e5f20d6b,53.84127,-124.13792,14.85784,5.67828,-1.46026,-9.78934,1.72111,-6.00083,6.64132,31.62971,1.30474,115.82265,-13.01618,NA,NA,NA,NA,NA,NA,2.9932,9.48583,-20.87822,NA,NA,NA,NA,NA,NA,0.55184,-46.17321,2.2203,NA,NA,NA,NA,NA,NA,NA,NA,NA,NA,NA,NA,NA,NA,NA,NA,NA,NA,NA,NA,NA,NA,NA,NA,NA,NA,NA,NA,High,High,High,High,High,NA,NA,NA,NA,NA,NA,NA,NA,NA,NA,NA,NA,NA,NA,NA,NA,NA,NA,NA,NA,NA,NA,NA,NA,NA,NA,NA,NA,NA,NA,NA,NA,NA,NA,NA,NA,NA,NA,NA,NA,NA,NA,NA,NA,NA,NA,NA,NA,NA,NA,NA,NA,NA,NA,NA,NA
NA,NA,NA,NA,NA,NA,NA,NA,NA,NA,NA,NA,NA,NA,NA,NA,130,2025-06-26,19:45:37,5,1,"Roycraft, Nolan",831160,Left,WLM_SHK,"Donohue, Ronan",10108737,Right,MOR_HED,Undefined,4,Bottom,2,0,0,Slider,Changeup,BallCalled,Undefined,Undefined,Undefined,0,0,NA,81.46245,0.58619,2.502227,1899.261863,166.645927,11:30:00,5.57238,-2.05539,6.38956,-25.28765,16.86284,-3.62898,4.00478,-0.0548,73.02173,-4.266054,1.845912,0.467275,NA,NA,NA,NA,NA,NA,NA,NA,NA,NA,NA,2.71445,9.02686,1.87692,50,5.60288,-5.02157,-118.06254,0.56681,3.75356,26.72977,-19.69161,MOR_HED,WLM_SHK,BigRockStadium,CPL,CPL,20250626-BigRockStadium-1,a9840550-52e7-11f0-91de-9dd0983a3e69,80.66433,NA,NA,8.44072,NA,NA,NA,NA,NA,NA,67bf9003-9d93-49fb-89c2-36bfdacb035e,2025-06-26,23:45:37,2025-06-26T23:45:37Z,2025-06-26T23:45:37Z,NA,v3,NA,NA,NA,"Manley, Nathan",1000093427,Right,WLM_SHK,aedb05c7-9870-4d4f-a03f-aee9fdb40455,54.10337,-118.98793,13.36489,5.57146,1.24854,-9.84581,2.05302,-5.15151,1.87678,NA,NA,NA,NA,NA,NA,NA,NA,NA,NA,NA,NA,NA,NA,NA,NA,NA,NA,NA,NA,NA,NA,NA,NA,NA,NA,NA,NA,NA,NA,NA,NA,NA,NA,NA,NA,NA,NA,NA,NA,NA,NA,NA,NA,NA,NA,NA,NA,NA,NA,High,High,High,NA,NA,NA,NA,NA,NA,NA,NA,NA,NA,NA,NA,NA,NA,NA,NA,NA,NA,NA,NA,NA,NA,NA,NA,NA,NA,NA,NA,NA,NA,NA,NA,NA,NA,NA,NA,NA,NA,NA,NA,NA,NA,NA,NA,NA,NA,NA,NA,NA,NA,NA,NA,NA,NA,NA,NA,NA,NA
NA,NA,NA,NA,NA,NA,NA,NA,NA,NA,NA,NA,NA,NA,NA,NA,131,2025-06-26,19:46:01,5,2,"Roycraft, Nolan",831160,Left,WLM_SHK,"Donohue, Ronan",10108737,Right,MOR_HED,Undefined,4,Bottom,2,1,0,Fastball,Changeup,BallCalled,Undefined,Undefined,Undefined,0,0,NA,84.51007,-2.118936,1.92813,1956.167767,132.812712,10:30:00,5.77469,-1.97495,6.83764,-23.91419,14.71765,-14.25965,1.84745,-1.40418,75.7623,-6.724367,-0.678383,0.447347,NA,NA,NA,NA,NA,NA,NA,NA,NA,NA,NA,8.16308,8.97536,1.85536,50,5.63001,-3.59982,-122.55323,-5.11757,12.10531,29.84873,-18.86422,MOR_HED,WLM_SHK,BigRockStadium,CPL,CPL,20250626-BigRockStadium-1,b7fd9e20-52e7-11f0-91de-9dd0983a3e69,84.25781,NA,NA,8.74777,NA,NA,NA,NA,NA,NA,67bf9003-9d93-49fb-89c2-36bfdacb035e,2025-06-26,23:46:01,2025-06-26T23:46:01Z,2025-06-26T23:46:01Z,NA,v3,NA,NA,NA,"Manley, Nathan",1000093427,Right,WLM_SHK,b5035da6-8975-4d01-ba97-202b4832813e,53.65667,-123.44062,14.92437,5.77382,-4.55675,-9.43211,1.96773,-3.9597,6.05265,NA,NA,NA,NA,NA,NA,NA,NA,NA,NA,NA,NA,NA,NA,NA,NA,NA,NA,NA,NA,NA,NA,NA,NA,NA,NA,NA,NA,NA,NA,NA,NA,NA,NA,NA,NA,NA,NA,NA,NA,NA,NA,NA,NA,NA,NA,NA,NA,NA,NA,High,High,High,NA,NA,NA,NA,NA,NA,NA,NA,NA,NA,NA,NA,NA,NA,NA,NA,NA,NA,NA,NA,NA,NA,NA,NA,NA,NA,NA,NA,NA,NA,NA,NA,NA,NA,NA,NA,NA,NA,NA,NA,NA,NA,NA,NA,NA,NA,NA,NA,NA,NA,NA,NA,NA,NA,NA,NA,NA,NA
NA,NA,NA,NA,NA,NA,NA,NA,NA,NA,NA,NA,NA,NA,NA,NA,132,2025-06-26,19:46:25,5,3,"Roycraft, Nolan",831160,Left,WLM_SHK,"Donohue, Ronan",10108737,Right,MOR_HED,Undefined,4,Bottom,2,2,0,Slider,Slider,StrikeCalled,Undefined,Undefined,Undefined,0,0,NA,79.06798,-0.083265,3.091188,1954.815543,41.980672,07:30:00,5.50591,-1.8656,6.26484,-45.1281,0.51535,-1.23988,1.66836,0.88384,70.4248,-8.516584,2.867234,0.486251,NA,NA,NA,NA,NA,NA,NA,NA,NA,NA,NA,1.84673,0.79453,1.63711,50,5.47826,-6.13529,-114.43939,-1.49629,2.35836,28.39395,-31.15938,MOR_HED,WLM_SHK,BigRockStadium,CPL,CPL,20250626-BigRockStadium-1,c5d32ec0-52e7-11f0-91de-9dd0983a3e69,77.51641,NA,NA,8.64318,NA,NA,NA,NA,NA,NA,67bf9003-9d93-49fb-89c2-36bfdacb035e,2025-06-26,23:46:25,2025-06-26T23:46:25Z,2025-06-26T23:46:25Z,NA,v3,NA,NA,NA,"Manley, Nathan",1000093427,Right,WLM_SHK,edb73bee-17e1-41fa-9a9f-ddfed5214c78,54.23091,-115.48436,14.19698,5.51222,-0.34954,-15.57969,1.86451,-6.22208,1.17918,NA,NA,NA,NA,NA,NA,NA,NA,NA,NA,NA,NA,NA,NA,NA,NA,NA,NA,NA,NA,NA,NA,NA,NA,NA,NA,NA,NA,NA,NA,NA,NA,NA,NA,NA,NA,NA,NA,NA,NA,NA,NA,NA,NA,NA,NA,NA,NA,NA,NA,High,High,High,NA,NA,NA,NA,NA,NA,NA,NA,NA,NA,NA,NA,NA,NA,NA,NA,NA,NA,NA,NA,NA,NA,NA,NA,NA,NA,NA,NA,NA,NA,NA,NA,NA,NA,NA,NA,NA,NA,NA,NA,NA,NA,NA,NA,NA,NA,NA,NA,NA,NA,NA,NA,NA,NA,NA,NA,NA,NA
NA,NA,NA,NA,NA,NA,NA,NA,NA,NA,NA,NA,NA,NA,NA,NA,133,2025-06-26,19:46:52,5,4,"Roycraft, Nolan",831160,Left,WLM_SHK,"Donohue, Ronan",10108737,Right,MOR_HED,Undefined,4,Bottom,2,2,1,Fastball,Changeup,FoulBallNotFieldable,Undefined,Undefined,Undefined,0,0,NA,85.29972,-1.6118,2.051025,1989.842186,134.930253,10:30:00,5.79361,-1.6889,6.36382,-21.67737,16.61166,-15.24973,2.50258,-1.07146,76.94444,-5.762192,-0.710125,0.445357,68.91413,51.702342,133.126574,3838.093623,NA,NA,NA,NA,36.28296,NA,NA,8.60331,9.58268,1.54721,50,5.66683,-3.84424,-123.7393,-4.05768,13.12088,28.45782,-17.55953,MOR_HED,WLM_SHK,BigRockStadium,CPL,CPL,20250626-BigRockStadium-1,d5fb13d0-52e7-11f0-91de-9dd0983a3e69,84.63416,39.29939,NA,8.35528,NA,NA,NA,0.22909,2.39824,1.07377,67bf9003-9d93-49fb-89c2-36bfdacb035e,2025-06-26,23:46:52,2025-06-26T23:46:52Z,2025-06-26T23:46:52Z,NA,v3,NA,NA,NA,"Manley, Nathan",1000093427,Right,WLM_SHK,f73abcc5-1c26-402c-bfb6-56690372667c,54.13304,-124.6862,14.22891,5.79212,-3.4734,-8.77976,1.68239,-4.28082,6.56044,328.688264,0.22909,-42.82164,-2.60848,1.9397200000000001,-0.66815,0.18952,-0.05076,0.01244,-0.00204,2.39824,79.32296,-31.06246,4.21857,-0.77063,0.114,-0.01489,9.2e-4,1.1e-4,1.07377,45.71768,-9.2626,3.63614,-1.02329,0.2584,-0.06306,0.01352,-0.00183,NA,NA,NA,NA,NA,NA,NA,NA,NA,NA,NA,NA,NA,NA,NA,NA,NA,NA,NA,NA,NA,NA,High,High,High,High,Undefined,NA,NA,NA,NA,NA,NA,NA,NA,NA,NA,NA,NA,NA,NA,NA,NA,NA,NA,NA,NA,NA,NA,NA,NA,NA,NA,NA,NA,NA,NA,NA,NA,NA,NA,NA,NA,NA,NA,NA,NA,NA,NA,NA,NA,NA,NA,NA,NA,NA,NA,NA,NA,NA,NA,NA,NA
NA,NA,NA,NA,NA,NA,NA,NA,NA,NA,NA,NA,NA,NA,NA,NA,134,2025-06-26,19:47:19,5,5,"Roycraft, Nolan",831160,Left,WLM_SHK,"Donohue, Ronan",10108737,Right,MOR_HED,Undefined,4,Bottom,2,2,2,ChangeUp,Changeup,BallCalled,Undefined,Undefined,Undefined,0,0,NA,79.22944,-2.07684,1.301557,1714.887446,108.613897,09:30:00,5.66026,-1.85717,6.94435,-37.54077,5.76461,-12.57686,0.64039,-1.72048,72.16772,-9.147833,-1.006894,0.473633,NA,NA,NA,NA,NA,NA,NA,NA,NA,NA,NA,7.10819,4.21532,1.77969,50,5.51865,-2.20446,-115.0976,-5.12971,9.38869,24.42574,-26.60632,MOR_HED,WLM_SHK,BigRockStadium,CPL,CPL,20250626-BigRockStadium-1,e67c8a90-52e7-11f0-91de-9dd0983a3e69,79.58146,NA,NA,7.06172,NA,NA,NA,NA,NA,NA,67bf9003-9d93-49fb-89c2-36bfdacb035e,2025-06-26,23:47:19,2025-06-26T23:47:19Z,2025-06-26T23:47:19Z,NA,v3,NA,NA,NA,"Manley, Nathan",1000093427,Right,WLM_SHK,3daeaaec-304e-4e69-970f-8df62f824b72,53.55331,-115.84922,12.21287,5.6639,-4.31099,-13.30316,1.85197,-2.49336,4.69434,NA,NA,NA,NA,NA,NA,NA,NA,NA,NA,NA,NA,NA,NA,NA,NA,NA,NA,NA,NA,NA,NA,NA,NA,NA,NA,NA,NA,NA,NA,NA,NA,NA,NA,NA,NA,NA,NA,NA,NA,NA,NA,NA,NA,NA,NA,NA,NA,NA,NA,High,High,High,NA,NA,NA,NA,NA,NA,NA,NA,NA,NA,NA,NA,NA,NA,NA,NA,NA,NA,NA,NA,NA,NA,NA,NA,NA,NA,NA,NA,NA,NA,NA,NA,NA,NA,NA,NA,NA,NA,NA,NA,NA,NA,NA,NA,NA,NA,NA,NA,NA,NA,NA,NA,NA,NA,NA,NA,NA,NA
NA,NA,NA,NA,NA,NA,NA,NA,NA,NA,NA,NA,NA,NA,NA,NA,135,2025-06-26,19:47:47,5,6,"Roycraft, Nolan",831160,Left,WLM_SHK,"Donohue, Ronan",10108737,Right,MOR_HED,Undefined,4,Bottom,2,3,2,Curveball,Curveball,InPlay,Undefined,GroundBall,Out,1,0,NA,74.88056,0.923018,1.438002,2245.850303,326.016756,04:45:00,5.6777,-1.8954,5.98973,-58.24987,-7.96847,6.5439,1.67932,-0.0171,68.27739,-9.784252,2.617021,0.510358,93.45387,3.225316,-31.317027,2083.026902,NA,NA,NA,62.97277,60.14752,-30.740174,0.480405,-2.91004,-3.9374,1.77837,50,5.71845,-2.95704,-108.70899,-0.00224,-3.42613,21.92682,-36.80973,MOR_HED,WLM_SHK,BigRockStadium,CPL,CPL,20250626-BigRockStadium-1,f6e6f6e0-52e7-11f0-91de-9dd0983a3e69,73.85487,2.26779,NA,6.60317,NA,NA,NA,1.73093,1.65751,0.18333,67bf9003-9d93-49fb-89c2-36bfdacb035e,2025-06-26,23:47:47,2025-06-26T23:47:47Z,2025-06-26T23:47:47Z,GroundBall,v3,NA,NA,NA,"Manley, Nathan",1000093427,Right,WLM_SHK,bd969b3c-d0fd-4668-ae65-6acdfc3f5904,54.51087,-109.61506,10.96341,5.68712,1.51884,-18.40487,1.89764,-2.81547,-1.71306,NA,1.74216,116.59643,-15.77865,NA,NA,NA,NA,NA,NA,1.67383,7.25521,-22.42175,NA,NA,NA,NA,NA,NA,0.17937,-71.01988,7.60184,NA,NA,NA,NA,NA,NA,NA,NA,NA,NA,NA,NA,NA,NA,NA,NA,NA,NA,NA,NA,NA,NA,NA,NA,NA,NA,NA,NA,High,High,High,High,High,NA,NA,NA,NA,NA,NA,NA,NA,NA,NA,NA,NA,NA,NA,NA,NA,NA,NA,NA,NA,NA,NA,NA,NA,NA,NA,NA,NA,NA,NA,NA,NA,NA,NA,NA,NA,NA,NA,NA,NA,NA,NA,NA,NA,NA,NA,NA,NA,NA,NA,NA,NA,NA,NA,NA,NA
NA,NA,NA,NA,NA,NA,NA,NA,NA,NA,NA,NA,NA,NA,NA,NA,136,2025-06-26,19:50:27,1,1,"Gipson, Carson",1000213957,Right,MOR_HED,"Manley, Nathan",1000093427,Right,WLM_SHK,Undefined,5,Top,0,0,0,Fastball,NA,StrikeCalled,Undefined,Undefined,Undefined,0,0,NA,NA,NA,NA,NA,NA,NA,NA,NA,NA,NA,NA,NA,NA,NA,NA,NA,NA,NA,NA,NA,NA,NA,NA,NA,NA,NA,NA,NA,NA,NA,NA,NA,NA,NA,NA,NA,NA,NA,NA,NA,MOR_HED,WLM_SHK,BigRockStadium,CPL,CPL,20250626-BigRockStadium-1,546c9d60-52e8-11f0-91de-9dd0983a3e69,NA,NA,NA,NA,NA,NA,NA,NA,NA,NA,67bf9003-9d93-49fb-89c2-36bfdacb035e,2025-06-26,23:50:27,2025-06-26T23:50:27Z,2025-06-26T23:50:27Z,NA,v3,NA,NA,NA,"Poppell, Broedy",701435,Right,MOR_HED,NA,NA,NA,NA,NA,NA,NA,NA,NA,NA,NA,NA,NA,NA,NA,NA,NA,NA,NA,NA,NA,NA,NA,NA,NA,NA,NA,NA,NA,NA,NA,NA,NA,NA,NA,NA,NA,NA,NA,NA,NA,NA,NA,NA,NA,NA,NA,NA,NA,NA,NA,NA,NA,NA,NA,NA,NA,NA,NA,NA,NA,NA,NA,NA,NA,NA,NA,NA,NA,NA,NA,NA,NA,NA,NA,NA,NA,NA,NA,NA,NA,NA,NA,NA,NA,NA,NA,NA,NA,NA,NA,NA,NA,NA,NA,NA,NA,NA,NA,NA,NA,NA,NA,NA,NA,NA,NA,NA,NA,NA,NA,NA,NA,NA,NA,NA,NA,NA,NA,NA,NA
NA,NA,NA,NA,NA,NA,NA,NA,NA,NA,NA,NA,NA,NA,NA,NA,137,2025-06-26,19:50:28,1,2,"Gipson, Carson",1000213957,Right,MOR_HED,"Manley, Nathan",1000093427,Right,WLM_SHK,Undefined,5,Top,0,0,1,Slider,Curveball,StrikeCalled,Undefined,Undefined,Undefined,0,0,NA,79.06721,0.469137,-2.317759,2161.061452,54.723022,07:45:00,5.87984,1.47538,4.99416,-47.38869,-1.16032,-3.65473,2.37409,-1.01869,72.75511,-8.088649,-2.962803,0.489357,NA,NA,NA,NA,NA,NA,NA,NA,NA,NA,NA,1.17358,-0.2889,-1.24914,50,5.88633,4.79229,-114.67544,-0.77533,1.56361,21.09805,-32.55895,MOR_HED,WLM_SHK,BigRockStadium,CPL,CPL,20250626-BigRockStadium-1,56c0c690-52e8-11f0-91de-9dd0983a3e69,77.02446,NA,NA,6.31209,NA,NA,NA,NA,NA,NA,67bf9003-9d93-49fb-89c2-36bfdacb035e,2025-06-26,23:50:28,2025-06-26T23:50:28Z,2025-06-26T23:50:28Z,NA,v3,NA,NA,NA,"Poppell, Broedy",701435,Right,MOR_HED,266af4c5-298f-46e2-9074-30e46451a32e,55.50561,-115.68393,10.54903,5.8862,0.78099,-16.27948,-1.47642,4.71755,0.7818,NA,NA,NA,NA,NA,NA,NA,NA,NA,NA,NA,NA,NA,NA,NA,NA,NA,NA,NA,NA,NA,NA,NA,NA,NA,NA,NA,NA,NA,NA,NA,NA,NA,NA,NA,NA,NA,NA,NA,NA,NA,NA,NA,NA,NA,NA,NA,NA,NA,NA,High,High,High,NA,NA,NA,NA,NA,NA,NA,NA,NA,NA,NA,NA,NA,NA,NA,NA,NA,NA,NA,NA,NA,NA,NA,NA,NA,NA,NA,NA,NA,NA,NA,NA,NA,NA,NA,NA,NA,NA,NA,NA,NA,NA,NA,NA,NA,NA,NA,NA,NA,NA,NA,NA,NA,NA,NA,NA,NA,NA
NA,NA,NA,NA,NA,NA,NA,NA,NA,NA,NA,NA,NA,NA,NA,NA,138,2025-06-26,19:50:42,1,3,"Gipson, Carson",1000213957,Right,MOR_HED,"Manley, Nathan",1000093427,Right,WLM_SHK,Undefined,5,Top,0,0,2,Fastball,Four-Seam,InPlay,Undefined,GroundBall,Out,1,0,NA,86.99137,-1.407932,-1.603695,2166.397096,216.066742,01:15:00,6.27402,1.15032,5.32111,-23.1006,14.84052,9.87796,3.02692,0.46811,79.14405,-5.709354,0.150616,0.443329,70.13513,8.237918,-10.302486,1427.931115,NA,NA,NA,94.20794,94.20794,-9.169746,1.013673,-5.4241,8.22874,-1.01257,50,6.13025,3.09405,-126.1227,-3.88768,-8.68903,26.96168,-18.99218,MOR_HED,WLM_SHK,BigRockStadium,CPL,CPL,20250626-BigRockStadium-1,5f691d60-52e8-11f0-91de-9dd0983a3e69,85.02128,5.92268,NA,7.84732,NA,NA,NA,0.50359,2.9204,-0.45151,67bf9003-9d93-49fb-89c2-36bfdacb035e,2025-06-26,23:50:42,2025-06-26T23:50:42Z,2025-06-26T23:50:42Z,GroundBall,v3,NA,NA,NA,"Poppell, Broedy",701435,Right,MOR_HED,b433ef1c-ccdb-418a-ac73-1190227bcd75,55.17621,-127.22442,13.48084,6.27326,-3.11161,-9.49609,-1.14625,3.4491,-4.34451,293.872061,0.50359,100.16195,-9.68133,1.08782,-0.23745,0.03725,-0.00604,0.00117,-1.2e-4,2.9204,14.73886,-18.63407,1.42363,-0.2324,0.05257,-0.00781,0.00113,-1.4e-4,-0.45151,-18.207,4.29181,-0.59418,0.11555,-0.02006,0.00316,-5.9e-4,7e-5,NA,NA,NA,NA,NA,NA,NA,NA,NA,NA,NA,NA,NA,NA,NA,NA,NA,NA,NA,NA,NA,NA,High,High,High,High,High,NA,NA,NA,NA,NA,NA,NA,NA,NA,NA,NA,NA,NA,NA,NA,NA,NA,NA,NA,NA,NA,NA,NA,NA,NA,NA,NA,NA,NA,NA,NA,NA,NA,NA,NA,NA,NA,NA,NA,NA,NA,NA,NA,NA,NA,NA,NA,NA,NA,NA,NA,NA,NA,NA,NA,NA
NA,NA,NA,NA,NA,NA,NA,NA,NA,NA,NA,NA,NA,NA,NA,NA,139,2025-06-26,19:51:19,2,1,"Gipson, Carson",1000213957,Right,MOR_HED,"Powell, Connor",1000118857,Left,WLM_SHK,Undefined,5,Top,1,0,0,Curveball,Curveball,StrikeCalled,Undefined,Undefined,Undefined,0,0,NA,75.14658,1.869485,1.089168,2436.864559,49.042715,07:45:00,6.01944,1.63868,4.90909,-65.24208,-12.96465,-17.12611,2.35139,1.24158,68.07525,-9.894137,-1.936743,0.52039,NA,NA,NA,NA,NA,NA,NA,NA,NA,NA,NA,8.73134,-6.33414,-1.73025,50,6.14786,-1.36205,-108.83456,1.19739,10.26466,22.63801,-39.62053,MOR_HED,WLM_SHK,BigRockStadium,CPL,CPL,20250626-BigRockStadium-1,755ced40-52e8-11f0-91de-9dd0983a3e69,72.4312,NA,NA,7.07133,NA,NA,NA,NA,NA,NA,67bf9003-9d93-49fb-89c2-36bfdacb035e,2025-06-26,23:51:19,2025-06-26T23:51:19Z,2025-06-26T23:51:19Z,NA,v3,NA,NA,NA,"Poppell, Broedy",701435,Right,MOR_HED,60eeb4ea-5ea6-4716-aa2a-b4e74ac8603d,55.59153,-109.99147,11.319,6.03493,3.22219,-19.81027,-1.64724,-1.88663,5.13233,NA,NA,NA,NA,NA,NA,NA,NA,NA,NA,NA,NA,NA,NA,NA,NA,NA,NA,NA,NA,NA,NA,NA,NA,NA,NA,NA,NA,NA,NA,NA,NA,NA,NA,NA,NA,NA,NA,NA,NA,NA,NA,NA,NA,NA,NA,NA,NA,NA,NA,High,High,High,NA,NA,NA,NA,NA,NA,NA,NA,NA,NA,NA,NA,NA,NA,NA,NA,NA,NA,NA,NA,NA,NA,NA,NA,NA,NA,NA,NA,NA,NA,NA,NA,NA,NA,NA,NA,NA,NA,NA,NA,NA,NA,NA,NA,NA,NA,NA,NA,NA,NA,NA,NA,NA,NA,NA,NA,NA,NA
NA,NA,NA,NA,NA,NA,NA,NA,NA,NA,NA,NA,NA,NA,NA,NA,140,2025-06-26,19:51:33,2,2,"Gipson, Carson",1000213957,Right,MOR_HED,"Powell, Connor",1000118857,Left,WLM_SHK,Undefined,5,Top,1,0,1,Curveball,Curveball,StrikeCalled,Undefined,Undefined,Undefined,0,0,NA,76.18289,1.28302,0.751565,2405.758887,60.206279,08:00:00,6.11436,1.35317,4.83972,-58.63381,-7.96973,-16.98296,2.44334,0.64958,69.36778,-9.281853,-2.244437,0.512297,NA,NA,NA,NA,NA,NA,NA,NA,NA,NA,NA,8.54867,-3.74729,-1.4123000000000001,50,6.19116,-0.74202,-110.40943,0.33952,10.41275,22.08555,-36.73843,MOR_HED,WLM_SHK,BigRockStadium,CPL,CPL,20250626-BigRockStadium-1,7d8b8030-52e8-11f0-91de-9dd0983a3e69,73.57544,NA,NA,6.8151,NA,NA,NA,NA,NA,NA,67bf9003-9d93-49fb-89c2-36bfdacb035e,2025-06-26,23:51:33,2025-06-26T23:51:33Z,2025-06-26T23:51:33Z,NA,v3,NA,NA,NA,"Poppell, Broedy",701435,Right,MOR_HED,a811622a-da15-46d3-b18f-0223d4c3adbf,55.66039,-111.53595,11.04278,6.12605,2.21344,-18.36922,-1.36091,-1.27314,5.20637,NA,NA,NA,NA,NA,NA,NA,NA,NA,NA,NA,NA,NA,NA,NA,NA,NA,NA,NA,NA,NA,NA,NA,NA,NA,NA,NA,NA,NA,NA,NA,NA,NA,NA,NA,NA,NA,NA,NA,NA,NA,NA,NA,NA,NA,NA,NA,NA,NA,NA,High,High,High,NA,NA,NA,NA,NA,NA,NA,NA,NA,NA,NA,NA,NA,NA,NA,NA,NA,NA,NA,NA,NA,NA,NA,NA,NA,NA,NA,NA,NA,NA,NA,NA,NA,NA,NA,NA,NA,NA,NA,NA,NA,NA,NA,NA,NA,NA,NA,NA,NA,NA,NA,NA,NA,NA,NA,NA,NA,NA
NA,NA,NA,NA,NA,NA,NA,NA,NA,NA,NA,NA,NA,NA,NA,NA,141,2025-06-26,19:51:50,2,3,"Gipson, Carson",1000213957,Right,MOR_HED,"Powell, Connor",1000118857,Left,WLM_SHK,Undefined,5,Top,1,0,2,Fastball,Four-Seam,BallCalled,Undefined,Undefined,Undefined,0,0,NA,87.69973,1.260836,-3.04545,2122.779661,218.755937,01:15:00,6.0952,1.19978,5.50961,-22.33111,15.01784,11.00469,5.41521,-0.73381,79.00209,-2.944958,-1.088963,0.439856,NA,NA,NA,NA,NA,NA,NA,NA,NA,NA,NA,-6.42937,7.54406,-0.94127,50,6.19069,6.25643,-126.9545,2.072,-10.37966,28.61449,-19.99488,MOR_HED,WLM_SHK,BigRockStadium,CPL,CPL,20250626-BigRockStadium-1,87d4b5c0-52e8-11f0-91de-9dd0983a3e69,85.69264,NA,NA,8.69764,NA,NA,NA,NA,NA,NA,67bf9003-9d93-49fb-89c2-36bfdacb035e,2025-06-26,23:51:50,2025-06-26T23:51:50Z,2025-06-26T23:51:50Z,NA,v3,NA,NA,NA,"Poppell, Broedy",701435,Right,MOR_HED,a315866c-9061-4477-a87e-4800fcbc8f99,54.98494,-128.07314,14.30725,6.09441,2.85366,-9.99744,-1.19379,6.6622,-5.18983,NA,NA,NA,NA,NA,NA,NA,NA,NA,NA,NA,NA,NA,NA,NA,NA,NA,NA,NA,NA,NA,NA,NA,NA,NA,NA,NA,NA,NA,NA,NA,NA,NA,NA,NA,NA,NA,NA,NA,NA,NA,NA,NA,NA,NA,NA,NA,NA,NA,NA,High,High,High,NA,NA,NA,NA,NA,NA,NA,NA,NA,NA,NA,NA,NA,NA,NA,NA,NA,NA,NA,NA,NA,NA,NA,NA,NA,NA,NA,NA,NA,NA,NA,NA,NA,NA,NA,NA,NA,NA,NA,NA,NA,NA,NA,NA,NA,NA,NA,NA,NA,NA,NA,NA,NA,NA,NA,NA,NA,NA
NA,NA,NA,NA,NA,NA,NA,NA,NA,NA,NA,NA,NA,NA,NA,NA,142,2025-06-26,19:52:07,2,4,"Gipson, Carson",1000213957,Right,MOR_HED,"Powell, Connor",1000118857,Left,WLM_SHK,Undefined,5,Top,1,1,2,Curveball,Curveball,InPlay,Undefined,GroundBall,Single,0,0,NA,77.14274,-0.063953,-0.361128,2407.52885,58.176245,08:00:00,6.20613,1.24359,5.00464,-56.48105,-7.72028,-14.96796,1.43901,-0.34464,70.96738,-10.219106,-3.012277,0.502582,87.78765,3.546239,27.143022,2380.71608,NA,NA,NA,67.01609,63.36328,28.288272,0.539835,7.40276,-3.48355,-1.19594,50,6.15357,1.29561,-111.96901,-2.12406,9.32823,21.61629,-36.56368,MOR_HED,WLM_SHK,BigRockStadium,CPL,CPL,20250626-BigRockStadium-1,923d8140-52e8-11f0-91de-9dd0983a3e69,74.99761,2.20177,NA,6.17536,NA,NA,NA,2.05284,1.4245,0.41393,67bf9003-9d93-49fb-89c2-36bfdacb035e,2025-06-26,23:52:07,2025-06-26T23:52:07Z,2025-06-26T23:52:07Z,GroundBall,v3,NA,NA,NA,"Poppell, Broedy",701435,Right,MOR_HED,94d37d3a-ad13-45a1-bccd-2a271b14617a,55.49787,-113.02542,10.80814,6.21371,-0.33716,-18.28184,-1.24812,0.83973,4.66411,NA,2.06897,113.95438,-15.74378,NA,NA,NA,NA,NA,NA,1.439,7.60361,-19.07016,NA,NA,NA,NA,NA,NA,0.40969,58.73385,-1.21097,NA,NA,NA,NA,NA,NA,NA,NA,NA,NA,NA,NA,NA,NA,NA,NA,NA,NA,NA,NA,NA,NA,NA,NA,NA,NA,NA,NA,High,High,High,Medium,High,NA,NA,NA,NA,NA,NA,NA,NA,NA,NA,NA,NA,NA,NA,NA,NA,NA,NA,NA,NA,NA,NA,NA,NA,NA,NA,NA,NA,NA,NA,NA,NA,NA,NA,NA,NA,NA,NA,NA,NA,NA,NA,NA,NA,NA,NA,NA,NA,NA,NA,NA,NA,NA,NA,NA,NA
NA,NA,NA,NA,NA,NA,NA,NA,NA,NA,NA,NA,NA,NA,NA,NA,143,2025-06-26,19:52:59,3,1,"Gipson, Carson",1000213957,Right,MOR_HED,"Mitchem, Cam",1000224485,Right,WLM_SHK,Undefined,5,Top,1,0,0,Fastball,Four-Seam,FoulBallNotFieldable,Undefined,Undefined,Undefined,0,0,NA,87.71414,-2.206863,-2.670236,2205.989128,208.84918,01:00:00,6.34988,0.97502,5.49759,-19.20351,18.07662,9.2352,2.68211,-0.75484,79.48759,-5.831103,-1.026822,0.439451,71.92232,51.364767,132.125773,5858.2191,NA,NA,NA,NA,34.482170000000004,NA,NA,-5.47607,10.17457,-0.74786,50,6.14412,5.51955,-127.0144,-5.50151,-8.86302,28.26251,-15.706480000000001,MOR_HED,WLM_SHK,BigRockStadium,CPL,CPL,20250626-BigRockStadium-1,b0d9f610-52e8-11f0-91de-9dd0983a3e69,85.77174,39.95927,NA,8.22655,NA,NA,NA,0.71653,2.55549,0.71066,67bf9003-9d93-49fb-89c2-36bfdacb035e,2025-06-26,23:52:59,2025-06-26T23:52:59Z,2025-06-26T23:52:59Z,NA,v3,NA,NA,NA,"Poppell, Broedy",701435,Right,MOR_HED,4d9f6f7b-10c6-4f66-b5e7-f21e7ff00c7d,54.99938,-128.12201,14.13125,6.34766,-4.88598,-7.8532400000000004,-0.97098,5.86689,-4.43151,318.252346,0.71653,-44.17759,-2.54898,1.65969,1.69208,-5.9537,9.03533,-7.30418,2.47625,2.55549,82.39887,-29.10589,3.66311,-0.61324,0.01591,0.02183,0.04774,-0.04443,0.71066,48.84705,-13.03361,3.34407,1.3179,-5.38887,8.12638,-6.50635,2.1817,NA,NA,NA,NA,NA,NA,NA,NA,NA,NA,NA,NA,NA,NA,NA,NA,NA,NA,NA,NA,NA,NA,High,High,High,High,Undefined,NA,NA,NA,NA,NA,NA,NA,NA,NA,NA,NA,NA,NA,NA,NA,NA,NA,NA,NA,NA,NA,NA,NA,NA,NA,NA,NA,NA,NA,NA,NA,NA,NA,NA,NA,NA,NA,NA,NA,NA,NA,NA,NA,NA,NA,NA,NA,NA,NA,NA,NA,NA,NA,NA,NA,NA
NA,NA,NA,NA,NA,NA,NA,NA,NA,NA,NA,NA,NA,NA,NA,NA,144,2025-06-26,19:53:24,3,2,"Gipson, Carson",1000213957,Right,MOR_HED,"Mitchem, Cam",1000224485,Right,WLM_SHK,Undefined,5,Top,1,0,1,Fastball,Sinker,BallCalled,Undefined,Undefined,Undefined,0,0,NA,88.6,-0.14037,-3.549481,2147.091602,222.150255,01:30:00,6.33366,1.00012,5.70335,-21.03033,14.94249,12.47375,4.45009,-1.27195,80.71118,-4.094211,-1.324551,0.431677,NA,NA,NA,NA,NA,NA,NA,NA,NA,NA,NA,-7.28693,7.96918,-0.70984,50,6.30889,7.4188,-128.42654,-0.98846,-12.16186,26.76371,-18.8735,MOR_HED,WLM_SHK,BigRockStadium,CPL,CPL,20250626-BigRockStadium-1,bfaad6a0-52e8-11f0-91de-9dd0983a3e69,87.31634,NA,NA,7.88882,NA,NA,NA,NA,NA,NA,67bf9003-9d93-49fb-89c2-36bfdacb035e,2025-06-26,23:53:24,2025-06-26T23:53:24Z,2025-06-26T23:53:24Z,NA,v3,NA,NA,NA,"Poppell, Broedy",701435,Right,MOR_HED,5978349c-7f92-4484-a199-8050d1aba93b,54.7937,-129.42168,13.38185,6.3326,-0.2867,-9.43675,-0.9941,7.87101,-6.08093,NA,NA,NA,NA,NA,NA,NA,NA,NA,NA,NA,NA,NA,NA,NA,NA,NA,NA,NA,NA,NA,NA,NA,NA,NA,NA,NA,NA,NA,NA,NA,NA,NA,NA,NA,NA,NA,NA,NA,NA,NA,NA,NA,NA,NA,NA,NA,NA,NA,NA,High,High,High,NA,NA,NA,NA,NA,NA,NA,NA,NA,NA,NA,NA,NA,NA,NA,NA,NA,NA,NA,NA,NA,NA,NA,NA,NA,NA,NA,NA,NA,NA,NA,NA,NA,NA,NA,NA,NA,NA,NA,NA,NA,NA,NA,NA,NA,NA,NA,NA,NA,NA,NA,NA,NA,NA,NA,NA,NA,NA
NA,NA,NA,NA,NA,NA,NA,NA,NA,NA,NA,NA,NA,NA,NA,NA,145,2025-06-26,19:53:45,3,3,"Gipson, Carson",1000213957,Right,MOR_HED,"Mitchem, Cam",1000224485,Right,WLM_SHK,Undefined,5,Top,1,1,1,Curveball,Curveball,BallCalled,Undefined,Undefined,Undefined,0,0,NA,74.56327,2.336762,0.855254,2334.232462,44.00792,07:30:00,6.00643,1.37359,5.00708,-62.1681,-9.81438,-11.16079,3.03295,1.25088,68.09066,-8.891821,-1.118272,0.520769,NA,NA,NA,NA,NA,NA,NA,NA,NA,NA,NA,5.89508,-5.33197,-1.44585,50,6.17939,-1.1921,-108.11973,2.29495,6.91412,20.46562,-38.42769,MOR_HED,WLM_SHK,BigRockStadium,CPL,CPL,20250626-BigRockStadium-1,cc368220-52e8-11f0-91de-9dd0983a3e69,72.37842,NA,NA,6.4726,NA,NA,NA,NA,NA,NA,67bf9003-9d93-49fb-89c2-36bfdacb035e,2025-06-26,23:53:45,2025-06-26T23:53:45Z,2025-06-26T23:53:45Z,NA,v3,NA,NA,NA,"Poppell, Broedy",701435,Right,MOR_HED,a38ecc98-5616-4885-bb54-eae8fdffdfbc,55.49602,-109.15509,10.23281,6.01411,4.23902,-19.21385,-1.37669,-1.54188,3.45706,NA,NA,NA,NA,NA,NA,NA,NA,NA,NA,NA,NA,NA,NA,NA,NA,NA,NA,NA,NA,NA,NA,NA,NA,NA,NA,NA,NA,NA,NA,NA,NA,NA,NA,NA,NA,NA,NA,NA,NA,NA,NA,NA,NA,NA,NA,NA,NA,NA,NA,High,High,High,NA,NA,NA,NA,NA,NA,NA,NA,NA,NA,NA,NA,NA,NA,NA,NA,NA,NA,NA,NA,NA,NA,NA,NA,NA,NA,NA,NA,NA,NA,NA,NA,NA,NA,NA,NA,NA,NA,NA,NA,NA,NA,NA,NA,NA,NA,NA,NA,NA,NA,NA,NA,NA,NA,NA,NA,NA,NA
NA,NA,NA,NA,NA,NA,NA,NA,NA,NA,NA,NA,NA,NA,NA,NA,146,2025-06-26,19:54:07,3,4,"Gipson, Carson",1000213957,Right,MOR_HED,"Mitchem, Cam",1000224485,Right,WLM_SHK,Undefined,5,Top,1,2,1,Fastball,Sinker,InPlay,Undefined,FlyBall,Out,1,0,NA,87.18512,-1.745007,-2.664213,2087.732749,218.696118,01:15:00,6.2117000000000004,1.27713,5.70574,-23.06887,13.80973,10.16449,2.66116,-0.35995,80.19281,-6.038559,-0.847699,0.437078,84.17683,37.414096,7.813691,3953.033368,107.70207,71.99447,22.36574,305.6219,301.54772,16.933985,4.932214,-5.89737,7.83087,-1.06028,50,6.05098,5.46739,-126.53779,-4.61274,-9.61384,24.50355,-19.40819,MOR_HED,WLM_SHK,BigRockStadium,CPL,CPL,20250626-BigRockStadium-1,d92caf40-52e8-11f0-91de-9dd0983a3e69,86.23738,86.28718,NA,6.99231,NA,NA,NA,1.52323,2.73591,0.37231,67bf9003-9d93-49fb-89c2-36bfdacb035e,2025-06-26,23:54:07,2025-06-26T23:54:07Z,2025-06-26T23:54:07Z,FlyBall,v3,NA,NA,NA,"Poppell, Broedy",701435,Right,MOR_HED,1241ab00-f15a-4993-8921-9e5fc6f69987,54.79395,-127.46274,12.25178,6.21127,-3.88012,-9.70409,-1.27351,5.83029,-4.80692,207.350894,1.52689,97.07046,-18.10919,3.94938,-0.50448,-0.00273,0.01171,-0.00139,4e-5,2.73502,75.0228,-19.01066,1.18867,-0.02604,-0.0904,0.03579,-0.00568,3.3e-4,0.37151,13.35009,3.25063,-1.02786,0.19644,-0.01994,-0,1.7e-4,-1e-5,NA,NA,NA,NA,NA,NA,NA,NA,NA,NA,NA,NA,NA,NA,NA,NA,NA,NA,NA,NA,NA,NA,High,High,High,High,High,NA,NA,NA,NA,NA,NA,NA,NA,NA,NA,NA,NA,NA,NA,NA,NA,NA,NA,NA,NA,NA,NA,NA,NA,NA,NA,NA,NA,NA,NA,NA,NA,NA,NA,NA,NA,NA,NA,NA,NA,NA,NA,NA,NA,NA,NA,NA,NA,NA,NA,NA,NA,NA,NA,NA,NA
NA,NA,NA,NA,NA,NA,NA,NA,NA,NA,NA,NA,NA,NA,NA,NA,147,2025-06-26,19:54:47,4,1,"Gipson, Carson",1000213957,Right,MOR_HED,"Miller, Brady",1000357366,Right,WLM_SHK,Undefined,5,Top,2,0,0,Curveball,Curveball,StrikeCalled,Undefined,Undefined,Undefined,0,0,NA,73.56951,1.117847,-0.510641,2277.632134,52.114427,07:45:00,6.09207,1.43252,5.18669,-60.08196,-6.31803,-10.56264,2.13707,0.07188,66.95074,-9.782067,-2.386158,0.527736,NA,NA,NA,NA,NA,NA,NA,NA,NA,NA,NA,5.10658,-2.97685,-1.3767,50,6.15025,1.35308,-106.65136,0.08744,5.78475,21.16493,-35.54624,MOR_HED,WLM_SHK,BigRockStadium,CPL,CPL,20250626-BigRockStadium-1,f0ffed80-52e8-11f0-91de-9dd0983a3e69,71.42289,NA,NA,6.61877,NA,NA,NA,NA,NA,NA,67bf9003-9d93-49fb-89c2-36bfdacb035e,2025-06-26,23:54:47,2025-06-26T23:54:47Z,2025-06-26T23:54:47Z,NA,v3,NA,NA,NA,"Poppell, Broedy",701435,Right,MOR_HED,af75085c-d80d-4e91-b795-fcbdb7dda61c,55.31293,-107.70054,10.58247,6.10224,1.84954,-17.77312,-1.43667,1.06632,2.89238,NA,NA,NA,NA,NA,NA,NA,NA,NA,NA,NA,NA,NA,NA,NA,NA,NA,NA,NA,NA,NA,NA,NA,NA,NA,NA,NA,NA,NA,NA,NA,NA,NA,NA,NA,NA,NA,NA,NA,NA,NA,NA,NA,NA,NA,NA,NA,NA,NA,NA,High,High,High,NA,NA,NA,NA,NA,NA,NA,NA,NA,NA,NA,NA,NA,NA,NA,NA,NA,NA,NA,NA,NA,NA,NA,NA,NA,NA,NA,NA,NA,NA,NA,NA,NA,NA,NA,NA,NA,NA,NA,NA,NA,NA,NA,NA,NA,NA,NA,NA,NA,NA,NA,NA,NA,NA,NA,NA,NA,NA
NA,NA,NA,NA,NA,NA,NA,NA,NA,NA,NA,NA,NA,NA,NA,NA,148,2025-06-26,19:55:04,4,2,"Gipson, Carson",1000213957,Right,MOR_HED,"Miller, Brady",1000357366,Right,WLM_SHK,Undefined,5,Top,2,0,1,Fastball,Four-Seam,BallCalled,Undefined,Undefined,Undefined,0,0,NA,87.88014,-0.287749,-2.158534,1988.66851,216.769636,01:15:00,6.22711,1.08919,5.56996,-21.32812,15.43402,10.62949,4.18079,-0.04226,79.93674,-4.294295,-0.263697,0.436387,NA,NA,NA,NA,NA,NA,NA,NA,NA,NA,NA,-5.95233,8.23481,-0.91006,50,6.18852,4.3325,-127.46347,-1.33087,-9.76115,26.98465,-18.66987,MOR_HED,WLM_SHK,BigRockStadium,CPL,CPL,20250626-BigRockStadium-1,fb618d10-52e8-11f0-91de-9dd0983a3e69,86.3739,NA,NA,7.9434,NA,NA,NA,NA,NA,NA,67bf9003-9d93-49fb-89c2-36bfdacb035e,2025-06-26,23:55:04,2025-06-26T23:55:04Z,2025-06-26T23:55:04Z,NA,v3,NA,NA,NA,"Poppell, Broedy",701435,Right,MOR_HED,e79d65ea-9319-4aa3-96af-9749170f529d,54.92625,-128.50215,13.49233,6.22591,-0.61224,-9.33494,-1.08406,4.70822,-4.88057,NA,NA,NA,NA,NA,NA,NA,NA,NA,NA,NA,NA,NA,NA,NA,NA,NA,NA,NA,NA,NA,NA,NA,NA,NA,NA,NA,NA,NA,NA,NA,NA,NA,NA,NA,NA,NA,NA,NA,NA,NA,NA,NA,NA,NA,NA,NA,NA,NA,NA,High,High,High,NA,NA,NA,NA,NA,NA,NA,NA,NA,NA,NA,NA,NA,NA,NA,NA,NA,NA,NA,NA,NA,NA,NA,NA,NA,NA,NA,NA,NA,NA,NA,NA,NA,NA,NA,NA,NA,NA,NA,NA,NA,NA,NA,NA,NA,NA,NA,NA,NA,NA,NA,NA,NA,NA,NA,NA,NA,NA
NA,NA,NA,NA,NA,NA,NA,NA,NA,NA,NA,NA,NA,NA,NA,NA,149,2025-06-26,19:55:24,4,3,"Gipson, Carson",1000213957,Right,MOR_HED,"Miller, Brady",1000357366,Right,WLM_SHK,Undefined,5,Top,2,1,1,Fastball,Four-Seam,BallCalled,Undefined,Undefined,Undefined,0,0,NA,87.60381,-0.328898,-2.951148,2100.486087,215.148275,01:15:00,6.07698,1.3512,5.75002,-22.87919,13.81205,8.89493,3.86379,-0.65738,79.90938,-4.616945,-1.36172,0.435966,NA,NA,NA,NA,NA,NA,NA,NA,NA,NA,NA,-5.33185,7.4752,-1.11136,50,6.03577,6.16881,-127.06072,-1.46649,-8.70952,26.22704,-19.96337,MOR_HED,WLM_SHK,BigRockStadium,CPL,CPL,20250626-BigRockStadium-1,0743d930-52e9-11f0-91de-9dd0983a3e69,86.45729,NA,NA,7.69442,NA,NA,NA,NA,NA,NA,67bf9003-9d93-49fb-89c2-36bfdacb035e,2025-06-26,23:55:24,2025-06-26T23:55:24Z,2025-06-26T23:55:24Z,NA,v3,NA,NA,NA,"Poppell, Broedy",701435,Right,MOR_HED,c39a329f-96bd-4ab6-b1b1-daa5d7377855,54.74701,-128.03682,13.11352,6.07653,-0.72351,-9.98168,-1.34698,6.4929500000000004,-4.35476,NA,NA,NA,NA,NA,NA,NA,NA,NA,NA,NA,NA,NA,NA,NA,NA,NA,NA,NA,NA,NA,NA,NA,NA,NA,NA,NA,NA,NA,NA,NA,NA,NA,NA,NA,NA,NA,NA,NA,NA,NA,NA,NA,NA,NA,NA,NA,NA,NA,NA,High,High,High,NA,NA,NA,NA,NA,NA,NA,NA,NA,NA,NA,NA,NA,NA,NA,NA,NA,NA,NA,NA,NA,NA,NA,NA,NA,NA,NA,NA,NA,NA,NA,NA,NA,NA,NA,NA,NA,NA,NA,NA,NA,NA,NA,NA,NA,NA,NA,NA,NA,NA,NA,NA,NA,NA,NA,NA,NA,NA
NA,NA,NA,NA,NA,NA,NA,NA,NA,NA,NA,NA,NA,NA,NA,NA,150,2025-06-26,19:55:45,4,4,"Gipson, Carson",1000213957,Right,MOR_HED,"Miller, Brady",1000357366,Right,WLM_SHK,Undefined,5,Top,2,2,1,Curveball,Curveball,InPlay,Undefined,FlyBall,Out,1,0,NA,74.4875,1.404,-0.361821,2272.725504,42.303252,07:30:00,5.97022,1.41249,5.14224,-61.89373,-9.27355,-10.15241,2.13466,0.22578,67.65741,-9.809555,-2.163323,0.522093,84.1143,39.105837,6.281108,4111.576792,108.23642,74.92431,19.61726,300.94184,291.25844,15.993808,4.98177,4.95177,-4.58807,-1.37034,50,6.0537,1.07387,-107.96487,0.54593,5.7375,22.01385,-37.49013,MOR_HED,WLM_SHK,BigRockStadium,CPL,CPL,20250626-BigRockStadium-1,13fc12f0-52e9-11f0-91de-9dd0983a3e69,72.19492,88.81181,NA,6.83008,NA,NA,NA,1.38221,2.15659,-0.22175,67bf9003-9d93-49fb-89c2-36bfdacb035e,2025-06-26,23:55:45,2025-06-26T23:55:45Z,2025-06-26T23:55:45Z,FlyBall,v3,NA,NA,NA,"Poppell, Broedy",701435,Right,MOR_HED,bd719edd-34aa-44df-941e-20d67d6f2654,55.35816,-109.05192,11.00692,5.98103,2.3972,-18.74507,-1.41637,0.79055,2.86875,210.268827,1.38639,95.06994,-17.32585,3.6925,-0.4337,-0.02827,0.01825,-0.00223,9e-5,2.15567,77.82375,-20.02551,1.40445,-0.04759,-0.09305,0.0372,-0.00589,3.4e-4,-0.22286,10.49621,4.10026,-1.29901,0.26785,-0.03336,0.00195,-6e-5,1e-5,NA,NA,NA,NA,NA,NA,NA,NA,NA,NA,NA,NA,NA,NA,NA,NA,NA,NA,NA,NA,NA,NA,High,High,High,High,High,NA,NA,NA,NA,NA,NA,NA,NA,NA,NA,NA,NA,NA,NA,NA,NA,NA,NA,NA,NA,NA,NA,NA,NA,NA,NA,NA,NA,NA,NA,NA,NA,NA,NA,NA,NA,NA,NA,NA,NA,NA,NA,NA,NA,NA,NA,NA,NA,NA,NA,NA,NA,NA,NA,NA,NA
NA,NA,NA,NA,NA,NA,NA,NA,NA,NA,NA,NA,NA,NA,NA,NA,151,2025-06-26,19:58:03,1,1,"Roycraft, Nolan",831160,Left,WLM_SHK,"Meyer, Jack",1000230529,Right,MOR_HED,Undefined,5,Bottom,0,0,0,Fastball,Changeup,BallCalled,Undefined,Undefined,Undefined,0,0,NA,82.94997,0.116578,4.805315,2069.57968,123.477451,10:00:00,5.60572,-1.87582,6.71571,-27.52687,12.39977,-16.62914,3.41875,1.1413,74.99556,-5.129725,1.788236,0.454782,NA,NA,NA,NA,NA,NA,NA,NA,NA,NA,NA,10.20544,6.92138,1.56253,50,5.60268,-9.50069,-120.15989,-0.46629,14.75834,25.6487,-22.16487,MOR_HED,WLM_SHK,BigRockStadium,CPL,CPL,20250626-BigRockStadium-1,66214780-52e9-11f0-91de-9dd0983a3e69,82.8803,NA,NA,7.9544,NA,NA,NA,NA,NA,NA,67bf9003-9d93-49fb-89c2-36bfdacb035e,2025-06-26,23:58:03,2025-06-26T23:58:03Z,2025-06-26T23:58:03Z,NA,v3,NA,NA,NA,"Manley, Nathan",1000093427,Right,WLM_SHK,efd353d5-280d-41ba-9dc8-877cc88a9c4d,53.78141,-120.96435,12.82435,5.60641,0.22891,-11.08243,1.86777,-9.96358,7.37917,NA,NA,NA,NA,NA,NA,NA,NA,NA,NA,NA,NA,NA,NA,NA,NA,NA,NA,NA,NA,NA,NA,NA,NA,NA,NA,NA,NA,NA,NA,NA,NA,NA,NA,NA,NA,NA,NA,NA,NA,NA,NA,NA,NA,NA,NA,NA,NA,NA,NA,High,High,High,NA,NA,NA,NA,NA,NA,NA,NA,NA,NA,NA,NA,NA,NA,NA,NA,NA,NA,NA,NA,NA,NA,NA,NA,NA,NA,NA,NA,NA,NA,NA,NA,NA,NA,NA,NA,NA,NA,NA,NA,NA,NA,NA,NA,NA,NA,NA,NA,NA,NA,NA,NA,NA,NA,NA,NA,NA,NA
NA,NA,NA,NA,NA,NA,NA,NA,NA,NA,NA,NA,NA,NA,NA,NA,152,2025-06-26,19:58:21,1,2,"Roycraft, Nolan",831160,Left,WLM_SHK,"Meyer, Jack",1000230529,Right,MOR_HED,Undefined,5,Bottom,0,1,0,Fastball,Changeup,BallCalled,Undefined,Undefined,Undefined,0,0,NA,84.05059,-0.288347,1.620805,2032.425019,141.47159,10:45:00,5.75709,-1.99757,6.37851,-20.80887,18.41647,-13.57072,3.75764,-1.63695,75.97196,-4.292014,-0.836508,0.45077,NA,NA,NA,NA,NA,NA,NA,NA,NA,NA,NA,7.51229,10.06658,1.88629,50,5.72643,-2.92705,-122.01654,-1.13514,11.19124,26.66024,-17.17761,MOR_HED,WLM_SHK,BigRockStadium,CPL,CPL,20250626-BigRockStadium-1,71069600-52e9-11f0-91de-9dd0983a3e69,83.61793,NA,NA,8.07863,NA,NA,NA,NA,NA,NA,67bf9003-9d93-49fb-89c2-36bfdacb035e,2025-06-26,23:58:21,2025-06-26T23:58:21Z,2025-06-26T23:58:21Z,NA,v3,NA,NA,NA,"Manley, Nathan",1000093427,Right,WLM_SHK,7b8ddf15-4474-4547-b0b0-f797b1af6cb4,54.11695,-122.91279,13.33012,5.75489,-0.55768,-8.58881,1.99102,-3.30327,5.59562,NA,NA,NA,NA,NA,NA,NA,NA,NA,NA,NA,NA,NA,NA,NA,NA,NA,NA,NA,NA,NA,NA,NA,NA,NA,NA,NA,NA,NA,NA,NA,NA,NA,NA,NA,NA,NA,NA,NA,NA,NA,NA,NA,NA,NA,NA,NA,NA,NA,NA,High,High,High,NA,NA,NA,NA,NA,NA,NA,NA,NA,NA,NA,NA,NA,NA,NA,NA,NA,NA,NA,NA,NA,NA,NA,NA,NA,NA,NA,NA,NA,NA,NA,NA,NA,NA,NA,NA,NA,NA,NA,NA,NA,NA,NA,NA,NA,NA,NA,NA,NA,NA,NA,NA,NA,NA,NA,NA,NA,NA
NA,NA,NA,NA,NA,NA,NA,NA,NA,NA,NA,NA,NA,NA,NA,NA,153,2025-06-26,19:58:44,1,3,"Roycraft, Nolan",831160,Left,WLM_SHK,"Meyer, Jack",1000230529,Right,MOR_HED,Undefined,5,Bottom,0,2,0,Fastball,Changeup,StrikeCalled,Undefined,Undefined,Undefined,0,0,NA,83.56054,-2.226196,4.071469,2005.518708,125.244207,10:15:00,5.69904,-1.61002,6.29495,-24.94679,15.23548,-19.43977,1.5626,0.52797,75.36731,-6.964638,0.563809,0.456235,NA,NA,NA,NA,NA,NA,NA,NA,NA,NA,NA,11.51599,9.08213,1.3196,50,5.52296,-7.88842,-120.96639,-5.39695,16.77191,27.35942,-18.94682,MOR_HED,WLM_SHK,BigRockStadium,CPL,CPL,20250626-BigRockStadium-1,7e791f10-52e9-11f0-91de-9dd0983a3e69,82.61629,NA,NA,8.19324,NA,NA,NA,NA,NA,NA,67bf9003-9d93-49fb-89c2-36bfdacb035e,2025-06-26,23:58:44,2025-06-26T23:58:44Z,2025-06-26T23:58:44Z,NA,v3,NA,NA,NA,"Manley, Nathan",1000093427,Right,WLM_SHK,f690d600-c10f-4df8-8aff-cbb87e82937a,54.20386,-121.91348,13.67971,5.69843,-4.74107,-9.47341,1.60272,-8.469,8.38595,NA,NA,NA,NA,NA,NA,NA,NA,NA,NA,NA,NA,NA,NA,NA,NA,NA,NA,NA,NA,NA,NA,NA,NA,NA,NA,NA,NA,NA,NA,NA,NA,NA,NA,NA,NA,NA,NA,NA,NA,NA,NA,NA,NA,NA,NA,NA,NA,NA,NA,High,High,High,NA,NA,NA,NA,NA,NA,NA,NA,NA,NA,NA,NA,NA,NA,NA,NA,NA,NA,NA,NA,NA,NA,NA,NA,NA,NA,NA,NA,NA,NA,NA,NA,NA,NA,NA,NA,NA,NA,NA,NA,NA,NA,NA,NA,NA,NA,NA,NA,NA,NA,NA,NA,NA,NA,NA,NA,NA,NA
NA,NA,NA,NA,NA,NA,NA,NA,NA,NA,NA,NA,NA,NA,NA,NA,154,2025-06-26,19:59:01,1,4,"Roycraft, Nolan",831160,Left,WLM_SHK,"Meyer, Jack",1000230529,Right,MOR_HED,Undefined,5,Bottom,0,2,1,ChangeUp,Changeup,StrikeCalled,Undefined,Undefined,Undefined,0,0,NA,78.88227,0.326355,1.837381,1809.338426,128.710726,10:15:00,5.50376,-1.76813,6.61278,-30.65092,13.32237,-14.77426,3.24859,-1.31589,71.6963,-5.495923,-0.850073,0.477272,NA,NA,NA,NA,NA,NA,NA,NA,NA,NA,NA,8.27595,7.35548,1.64842,50,5.51333,-3.16366,-114.60065,-0.12402,10.91396,22.83282,-22.47395,MOR_HED,WLM_SHK,BigRockStadium,CPL,CPL,20250626-BigRockStadium-1,884e0f00-52e9-11f0-91de-9dd0983a3e69,78.97478,NA,NA,7.18597,NA,NA,NA,NA,NA,NA,67bf9003-9d93-49fb-89c2-36bfdacb035e,2025-06-26,23:59:01,2025-06-26T23:59:01Z,2025-06-26T23:59:01Z,NA,v3,NA,NA,NA,"Manley, Nathan",1000093427,Right,WLM_SHK,9d654df4-11e2-40ee-91cb-63e67ada1ab8,53.88405,-115.3719,11.41641,5.5047,0.63511,-11.23697,1.76151,-3.53231,5.45698,NA,NA,NA,NA,NA,NA,NA,NA,NA,NA,NA,NA,NA,NA,NA,NA,NA,NA,NA,NA,NA,NA,NA,NA,NA,NA,NA,NA,NA,NA,NA,NA,NA,NA,NA,NA,NA,NA,NA,NA,NA,NA,NA,NA,NA,NA,NA,NA,NA,NA,High,High,High,NA,NA,NA,NA,NA,NA,NA,NA,NA,NA,NA,NA,NA,NA,NA,NA,NA,NA,NA,NA,NA,NA,NA,NA,NA,NA,NA,NA,NA,NA,NA,NA,NA,NA,NA,NA,NA,NA,NA,NA,NA,NA,NA,NA,NA,NA,NA,NA,NA,NA,NA,NA,NA,NA,NA,NA,NA,NA
NA,NA,NA,NA,NA,NA,NA,NA,NA,NA,NA,NA,NA,NA,NA,NA,155,2025-06-26,19:59:19,1,5,"Roycraft, Nolan",831160,Left,WLM_SHK,"Meyer, Jack",1000230529,Right,MOR_HED,Undefined,5,Bottom,0,2,2,Curveball,Curveball,FoulBallNotFieldable,Undefined,Undefined,Undefined,0,0,NA,74.4305,1.692377,0.918208,2219.435007,300.640294,04:00:00,5.7812,-1.59895,6.24949,-57.34184,-7.05461,14.7795,2.56415,0.47955,67.89941,-8.913555,3.591962,0.510388,84.88345,16.099013,-46.407647,2955.703203,71.85662,16.01563,-83.28568,182.2222,178.30821,-51.104731,1.825271,-7.41363,-3.75929,1.52356,50,5.87904,-2.22606,-108.12662,1.55618,-8.65062,21.38222,-36.56058,MOR_HED,WLM_SHK,BigRockStadium,CPL,CPL,20250626-BigRockStadium-1,93921f50-52e9-11f0-91de-9dd0983a3e69,73.85059,16.56723,NA,6.53108,NA,NA,NA,1.61818,2.70515,-0.47381,67bf9003-9d93-49fb-89c2-36bfdacb035e,2025-06-26,23:59:19,2025-06-26T23:59:19Z,2025-06-26T23:59:19Z,LineDrive,v3,NA,NA,NA,"Manley, Nathan",1000093427,Right,WLM_SHK,85d0840c-ef85-44db-8fd6-1359a181d0a4,54.25195,-108.96421,10.69111,5.79003,2.98834,-18.28029,1.60412,-1.88719,-4.32531,NA,1.61818,82.47612,-16.40486,4.14642,-1.01516,0.19419,-0.03168,0.00283,9e-5,2.70515,34.52239,-23.42193,2.74795,-0.52822,0.09149,-0.01265,0.00139,-1e-4,-0.47381,-86.63162,4.55716,0.71938,-0.45332,0.16435,-0.04165,0.0082,-7.4e-4,NA,NA,NA,NA,NA,NA,NA,NA,NA,NA,NA,NA,NA,NA,NA,NA,NA,NA,NA,NA,NA,NA,High,High,High,High,High,NA,NA,NA,NA,NA,NA,NA,NA,NA,NA,NA,NA,NA,NA,NA,NA,NA,NA,NA,NA,NA,NA,NA,NA,NA,NA,NA,NA,NA,NA,NA,NA,NA,NA,NA,NA,NA,NA,NA,NA,NA,NA,NA,NA,NA,NA,NA,NA,NA,NA,NA,NA,NA,NA,NA,NA
NA,NA,NA,NA,NA,NA,NA,NA,NA,NA,NA,NA,NA,NA,NA,NA,156,2025-06-26,19:59:46,1,6,"Roycraft, Nolan",831160,Left,WLM_SHK,"Meyer, Jack",1000230529,Right,MOR_HED,Undefined,5,Bottom,0,2,2,Curveball,Curveball,InPlay,Undefined,GroundBall,Out,1,0,NA,74.03659,1.645273,0.115474,2259.612708,317.253522,04:30:00,5.63317,-1.85263,6.21534,-63.15181,-12.33867,12.97579,1.88926,-0.66476,67.73091,-9.990895,2.465261,0.51305,71.91508,-36.723274,-54.676774,NA,NA,NA,NA,3.95951,3.95951,-22.320048,0.031776,-6.72252,-6.48839,1.83756,50,5.72509,-0.64901,-107.60762,1.26036,-7.77492,21.04829,-39.6782,MOR_HED,WLM_SHK,BigRockStadium,CPL,CPL,20250626-BigRockStadium-1,a38a41d0-52e9-11f0-91de-9dd0983a3e69,73.46743,2.00967,NA,6.30567,NA,NA,NA,2.10528,2.00967,0.69422,67bf9003-9d93-49fb-89c2-36bfdacb035e,2025-06-26,23:59:46,2025-06-26T23:59:46Z,2025-06-26T23:59:46Z,GroundBall,v3,NA,NA,NA,"Manley, Nathan",1000093427,Right,WLM_SHK,9ff3ef6e-7d22-4671-8cfe-91ff5958598e,54.28757,-108.44304,10.52414,5.64381,2.83521,-19.8391,1.8572,-0.34042,-3.88746,NA,2.10458,49.0172,NA,NA,NA,NA,NA,NA,NA,2.01057,-63.24457,NA,NA,NA,NA,NA,NA,NA,0.6952,-69.17,NA,NA,NA,NA,NA,NA,NA,NA,NA,NA,NA,NA,NA,NA,NA,NA,NA,NA,NA,NA,NA,NA,NA,NA,NA,NA,NA,NA,NA,High,High,High,Estimated,Estimated,NA,NA,NA,NA,NA,NA,NA,NA,NA,NA,NA,NA,NA,NA,NA,NA,NA,NA,NA,NA,NA,NA,NA,NA,NA,NA,NA,NA,NA,NA,NA,NA,NA,NA,NA,NA,NA,NA,NA,NA,NA,NA,NA,NA,NA,NA,NA,NA,NA,NA,NA,NA,NA,NA,NA,NA
NA,NA,NA,NA,NA,NA,NA,NA,NA,NA,NA,NA,NA,NA,NA,NA,157,2025-06-26,20:00:24,2,1,"Roycraft, Nolan",831160,Left,WLM_SHK,"Tabola, Bowen",10067997,Right,MOR_HED,Undefined,5,Bottom,1,0,0,Fastball,Changeup,StrikeCalled,Undefined,Undefined,Undefined,0,0,NA,85.88083,-2.810904,3.554872,2085.170223,130.722611,10:15:00,5.78209,-1.49424,6.34639,-19.96816,18.02674,-19.27556,1.52343,0.1761,77.33692,-6.646985,0.071295,0.443643,NA,NA,NA,NA,NA,NA,NA,NA,NA,NA,NA,11.22894,10.72926,1.24452,50,5.56803,-6.9807,-124.32869,-6.63225,17.26149,29.08814,-15.68069,MOR_HED,WLM_SHK,BigRockStadium,CPL,CPL,20250626-BigRockStadium-1,ba6b57e0-52e9-11f0-91de-9dd0983a3e69,84.96112,NA,NA,8.54391,NA,NA,NA,NA,NA,NA,67bf9003-9d93-49fb-89c2-36bfdacb035e,2025-06-27,00:00:24,2025-06-27T00:00:24Z,2025-06-27T00:00:24Z,NA,v3,NA,NA,NA,"Manley, Nathan",1000093427,Right,WLM_SHK,ddc043f0-4501-4c54-bcf6-5542b0219caf,54.15145,-125.2962,14.54407,5.77996,-6.11069,-7.84034,1.48625,-7.5548400000000004,8.63074,NA,NA,NA,NA,NA,NA,NA,NA,NA,NA,NA,NA,NA,NA,NA,NA,NA,NA,NA,NA,NA,NA,NA,NA,NA,NA,NA,NA,NA,NA,NA,NA,NA,NA,NA,NA,NA,NA,NA,NA,NA,NA,NA,NA,NA,NA,NA,NA,NA,NA,High,High,High,NA,NA,NA,NA,NA,NA,NA,NA,NA,NA,NA,NA,NA,NA,NA,NA,NA,NA,NA,NA,NA,NA,NA,NA,NA,NA,NA,NA,NA,NA,NA,NA,NA,NA,NA,NA,NA,NA,NA,NA,NA,NA,NA,NA,NA,NA,NA,NA,NA,NA,NA,NA,NA,NA,NA,NA,NA,NA
NA,NA,NA,NA,NA,NA,NA,NA,NA,NA,NA,NA,NA,NA,NA,NA,158,2025-06-26,20:00:41,2,2,"Roycraft, Nolan",831160,Left,WLM_SHK,"Tabola, Bowen",10067997,Right,MOR_HED,Undefined,5,Bottom,1,0,1,ChangeUp,Changeup,BallCalled,Undefined,Undefined,Undefined,0,0,NA,77.47818,2.793768,2.635573,1600.836334,106.680719,09:30:00,5.6221,-1.595,6.61484,-38.54478,7.80977,-20.22682,4.97349,-0.86504,69.24258,-4.525183,-1.038016,0.490024,NA,NA,NA,NA,NA,NA,NA,NA,NA,NA,NA,11.393980000000001,3.68303,1.42253,50,5.79704,-4.45063,-112.23894,4.47163,14.20426,24.61826,-27.5826,MOR_HED,WLM_SHK,BigRockStadium,CPL,CPL,20250626-BigRockStadium-1,c4466250-52e9-11f0-91de-9dd0983a3e69,76.91952,NA,NA,8.2356,NA,NA,NA,NA,NA,NA,67bf9003-9d93-49fb-89c2-36bfdacb035e,2025-06-27,00:00:41,2025-06-27T00:00:41Z,2025-06-27T00:00:41Z,NA,v3,NA,NA,NA,"Manley, Nathan",1000093427,Right,WLM_SHK,8ab36ea8-f03c-4de9-ac60-baf608e4a86f,53.88046,-113.08687,12.30913,5.62666,5.42166,-13.7913,1.58425,-4.93987,7.10213,NA,NA,NA,NA,NA,NA,NA,NA,NA,NA,NA,NA,NA,NA,NA,NA,NA,NA,NA,NA,NA,NA,NA,NA,NA,NA,NA,NA,NA,NA,NA,NA,NA,NA,NA,NA,NA,NA,NA,NA,NA,NA,NA,NA,NA,NA,NA,NA,NA,NA,High,High,High,NA,NA,NA,NA,NA,NA,NA,NA,NA,NA,NA,NA,NA,NA,NA,NA,NA,NA,NA,NA,NA,NA,NA,NA,NA,NA,NA,NA,NA,NA,NA,NA,NA,NA,NA,NA,NA,NA,NA,NA,NA,NA,NA,NA,NA,NA,NA,NA,NA,NA,NA,NA,NA,NA,NA,NA,NA,NA
NA,NA,NA,NA,NA,NA,NA,NA,NA,NA,NA,NA,NA,NA,NA,NA,159,2025-06-26,20:00:57,2,3,"Roycraft, Nolan",831160,Left,WLM_SHK,"Tabola, Bowen",10067997,Right,MOR_HED,Undefined,5,Bottom,1,1,1,Curveball,Curveball,StrikeCalled,Undefined,Undefined,Undefined,0,0,NA,72.22449,2.541986,0.125415,2156.436499,316.138025,04:30:00,5.7307,-1.86385,6.1568,-62.30881,-8.30752,9.86386,2.88828,-0.92599,65.34611,-8.993596,1.906872,0.5289,NA,NA,NA,NA,NA,NA,NA,NA,NA,NA,NA,-5.00646,-4.46221,1.84965,50,5.89316,-0.56922,-104.76838,2.85563,-5.45023,21.09168,-37.03177,MOR_HED,WLM_SHK,BigRockStadium,CPL,CPL,20250626-BigRockStadium-1,cdee00b0-52e9-11f0-91de-9dd0983a3e69,71.26574,NA,NA,6.87839,NA,NA,NA,NA,NA,NA,67bf9003-9d93-49fb-89c2-36bfdacb035e,2025-06-27,00:00:57,2025-06-27T00:00:57Z,2025-06-27T00:00:57Z,NA,v3,NA,NA,NA,"Manley, Nathan",1000093427,Right,WLM_SHK,bbc241b9-45f4-4bb6-a421-00e1f9bc016d,54.34213,-105.6389,10.54584,5.74376,4.38407,-18.51589,1.8685,-0.34427,-2.72511,NA,NA,NA,NA,NA,NA,NA,NA,NA,NA,NA,NA,NA,NA,NA,NA,NA,NA,NA,NA,NA,NA,NA,NA,NA,NA,NA,NA,NA,NA,NA,NA,NA,NA,NA,NA,NA,NA,NA,NA,NA,NA,NA,NA,NA,NA,NA,NA,NA,NA,High,High,High,NA,NA,NA,NA,NA,NA,NA,NA,NA,NA,NA,NA,NA,NA,NA,NA,NA,NA,NA,NA,NA,NA,NA,NA,NA,NA,NA,NA,NA,NA,NA,NA,NA,NA,NA,NA,NA,NA,NA,NA,NA,NA,NA,NA,NA,NA,NA,NA,NA,NA,NA,NA,NA,NA,NA,NA,NA,NA
NA,NA,NA,NA,NA,NA,NA,NA,NA,NA,NA,NA,NA,NA,NA,NA,160,2025-06-26,20:01:14,2,4,"Roycraft, Nolan",831160,Left,WLM_SHK,"Tabola, Bowen",10067997,Right,MOR_HED,Undefined,5,Bottom,1,1,2,Fastball,Changeup,FoulBallNotFieldable,Undefined,Undefined,Undefined,0,0,NA,85.52287,-1.617405,2.891261,2105.1340960000002,134.05896,10:30:00,5.63043,-1.53497,6.32385,-19.10068,19.20391,-18.35052,2.54687,-0.39923,76.81002,-5.31189,-0.425581,0.445448,67.91706,16.854068,168.103725,1738.610319,NA,NA,NA,120.68393,49.24354,169.87965,1.474843,10.4969,10.93631,1.33196,50,5.50304,-5.54418,-123.94919,-3.98056,16.01305,29.25987,-15.49065,MOR_HED,WLM_SHK,BigRockStadium,CPL,CPL,20250626-BigRockStadium-1,d7f10580-52e9-11f0-91de-9dd0983a3e69,84.61696,11.97877,NA,8.71285,NA,NA,NA,1.37326,2.62079,0.42397,67bf9003-9d93-49fb-89c2-36bfdacb035e,2025-06-27,00:01:14,2025-06-27T00:01:14Z,2025-06-27T00:01:14Z,LineDrive,v3,NA,NA,NA,"Manley, Nathan",1000093427,Right,WLM_SHK,79ade528-611f-48d3-b4ab-07e3ee307dbc,54.17295,-124.93039,14.62993,5.62782,-3.4611,-7.74533,1.52688,-6.08116,8.00653,336.61893,1.37326,-93.28462,8.04899,-0.02493,-0.26055,0.55883,-0.54643,0.27739,-0.05721,2.62079,28.88107,-23.74229,2.48047,-0.49201,0.2006,-0.10678,0.04539,-0.00858,0.42397,19.65166,-3.92102,0.12043,0.0933,-0.23914,0.23784,-0.12116,0.02502,NA,NA,NA,NA,NA,NA,NA,NA,NA,NA,NA,NA,NA,NA,NA,NA,NA,NA,NA,NA,NA,NA,High,High,High,High,Medium,NA,NA,NA,NA,NA,NA,NA,NA,NA,NA,NA,NA,NA,NA,NA,NA,NA,NA,NA,NA,NA,NA,NA,NA,NA,NA,NA,NA,NA,NA,NA,NA,NA,NA,NA,NA,NA,NA,NA,NA,NA,NA,NA,NA,NA,NA,NA,NA,NA,NA,NA,NA,NA,NA,NA,NA
NA,NA,NA,NA,NA,NA,NA,NA,NA,NA,NA,NA,NA,NA,NA,NA,161,2025-06-26,20:01:34,2,5,"Roycraft, Nolan",831160,Left,WLM_SHK,"Tabola, Bowen",10067997,Right,MOR_HED,Undefined,5,Bottom,1,1,2,Curveball,Curveball,BallCalled,Undefined,Undefined,Undefined,0,0,NA,74.10431,0.121427,2.096048,2257.817096,310.567587,04:15:00,5.58878,-1.57208,5.92392,-61.992,-10.24808,14.10887,0.53553,1.54949,67.64505,-11.210057,4.635669,0.517727,NA,NA,NA,NA,NA,NA,NA,NA,NA,NA,NA,-6.66111,-5.04559,1.39586,50,5.56265,-4.4073,-107.54137,-1.60623,-7.62592,22.54645,-37.95048,MOR_HED,WLM_SHK,BigRockStadium,CPL,CPL,20250626-BigRockStadium-1,e3cc4cc0-52e9-11f0-91de-9dd0983a3e69,72.80367,NA,NA,6.45926,NA,NA,NA,NA,NA,NA,67bf9003-9d93-49fb-89c2-36bfdacb035e,2025-06-27,00:01:34,2025-06-27T00:01:34Z,2025-06-27T00:01:34Z,NA,v3,NA,NA,NA,"Manley, Nathan",1000093427,Right,WLM_SHK,ae59c8fe-eb04-45eb-873b-1a13782499e8,54.57871,-108.49707,11.27323,5.59664,0.00241,-18.97524,1.57582,-4.08406,-3.81296,NA,NA,NA,NA,NA,NA,NA,NA,NA,NA,NA,NA,NA,NA,NA,NA,NA,NA,NA,NA,NA,NA,NA,NA,NA,NA,NA,NA,NA,NA,NA,NA,NA,NA,NA,NA,NA,NA,NA,NA,NA,NA,NA,NA,NA,NA,NA,NA,NA,NA,High,High,High,NA,NA,NA,NA,NA,NA,NA,NA,NA,NA,NA,NA,NA,NA,NA,NA,NA,NA,NA,NA,NA,NA,NA,NA,NA,NA,NA,NA,NA,NA,NA,NA,NA,NA,NA,NA,NA,NA,NA,NA,NA,NA,NA,NA,NA,NA,NA,NA,NA,NA,NA,NA,NA,NA,NA,NA,NA,NA
NA,NA,NA,NA,NA,NA,NA,NA,NA,NA,NA,NA,NA,NA,NA,NA,162,2025-06-26,20:01:59,2,6,"Roycraft, Nolan",831160,Left,WLM_SHK,"Tabola, Bowen",10067997,Right,MOR_HED,Undefined,5,Bottom,1,2,2,Curveball,Curveball,StrikeSwinging,Strikeout,Undefined,Undefined,0,0,NA,72.59909,2.134564,0.817399,2120.099035,296.988583,04:00:00,5.6532,-1.77582,6.38708,-60.89873,-8.09272,19.49792,2.54287,0.60093,66.04163,-9.163041,4.352957,0.523014,NA,NA,NA,NA,NA,NA,NA,NA,NA,NA,NA,-9.95615,-4.47504,1.70829,50,5.77907,-2.12765,-105.45145,2.27271,-10.99627,21.1318,-37.11661,MOR_HED,WLM_SHK,BigRockStadium,CPL,CPL,20250626-BigRockStadium-1,f2deca30-52e9-11f0-91de-9dd0983a3e69,72.06779,NA,NA,6.55746,NA,NA,NA,NA,NA,NA,67bf9003-9d93-49fb-89c2-36bfdacb035e,2025-06-27,00:01:59,2025-06-27T00:01:59Z,2025-06-27T00:01:59Z,NA,v3,NA,NA,NA,"Manley, Nathan",1000093427,Right,WLM_SHK,797bee40-7a53-4f1c-8e34-b2e56b2e1289,54.11497,-106.27287,10.5659,5.66268,3.71547,-18.5583,1.78269,-1.70022,-5.49814,NA,NA,NA,NA,NA,NA,NA,NA,NA,NA,NA,NA,NA,NA,NA,NA,NA,NA,NA,NA,NA,NA,NA,NA,NA,NA,NA,NA,46.66349,2.913904,1.319373,1.594531,2.98699,2.79177,-0.48287,-3.74481,6.11416,0.12491,69.37957,5.72388,-55.41903,-3.68817,49.56129,-2.35572,6.2282,23.93036,-15.23503,0.04912,-38.83717,2.55662,High,High,High,NA,NA,High,High,High,NA,NA,NA,NA,NA,NA,NA,NA,NA,NA,NA,NA,NA,NA,NA,NA,NA,NA,NA,NA,NA,NA,NA,NA,NA,NA,NA,NA,NA,NA,NA,NA,NA,NA,NA,NA,NA,NA,NA,NA,NA,NA,NA,NA,NA,NA,NA,NA,NA,NA,NA,NA,NA
NA,NA,NA,NA,NA,NA,NA,NA,NA,NA,NA,NA,NA,NA,NA,NA,163,2025-06-26,20:02:35,3,1,"Roycraft, Nolan",831160,Left,WLM_SHK,"Gustafson, Jaden",813182,Left,MOR_HED,Undefined,5,Bottom,2,0,0,Curveball,Curveball,BallCalled,Undefined,Undefined,Undefined,0,0,NA,73.24241,0.552711,0.636416,2130.39854,317.11018,04:30:00,5.62154,-1.73214,5.80108,-60.71196,-7.57626,8.81544,1.07632,-0.40558,66.64408,-10.569792,2.221204,0.524644,NA,NA,NA,NA,NA,NA,NA,NA,NA,NA,NA,-4.43851,-3.96358,1.67407,50,5.62949,-1.46889,-106.32639,-0.74877,-4.9681,22.01144,-36.61053,MOR_HED,WLM_SHK,BigRockStadium,CPL,CPL,20250626-BigRockStadium-1,080f9830-52ea-11f0-91de-9dd0983a3e69,71.84385,NA,NA,6.59832,NA,NA,NA,NA,NA,NA,67bf9003-9d93-49fb-89c2-36bfdacb035e,2025-06-27,00:02:35,2025-06-27T00:02:35Z,2025-06-27T00:02:35Z,NA,v3,NA,NA,NA,"Manley, Nathan",1000093427,Right,WLM_SHK,21641ac7-fe18-4b22-9745-9737ccc2e5be,54.70193,-107.29536,11.00572,5.62698,0.86287,-18.30527,1.73392,-1.25019,-2.48405,NA,NA,NA,NA,NA,NA,NA,NA,NA,NA,NA,NA,NA,NA,NA,NA,NA,NA,NA,NA,NA,NA,NA,NA,NA,NA,NA,NA,NA,NA,NA,NA,NA,NA,NA,NA,NA,NA,NA,NA,NA,NA,NA,NA,NA,NA,NA,NA,NA,NA,High,High,High,NA,NA,NA,NA,NA,NA,NA,NA,NA,NA,NA,NA,NA,NA,NA,NA,NA,NA,NA,NA,NA,NA,NA,NA,NA,NA,NA,NA,NA,NA,NA,NA,NA,NA,NA,NA,NA,NA,NA,NA,NA,NA,NA,NA,NA,NA,NA,NA,NA,NA,NA,NA,NA,NA,NA,NA,NA,NA
NA,NA,NA,NA,NA,NA,NA,NA,NA,NA,NA,NA,NA,NA,NA,NA,164,2025-06-26,20:02:54,3,2,"Roycraft, Nolan",831160,Left,WLM_SHK,"Gustafson, Jaden",813182,Left,MOR_HED,Undefined,5,Bottom,2,1,0,Fastball,Changeup,StrikeCalled,Undefined,Undefined,Undefined,0,0,NA,84.67478,-2.318846,4.265509,2027.075075,126.546514,10:15:00,5.61179,-1.86246,6.59544,-23.10206,15.61241,-19.10804,1.55502,0.46051,76.31198,-6.7439,0.799694,0.447825,NA,NA,NA,NA,NA,NA,NA,NA,NA,NA,NA,11.5378,9.39717,1.57842,50,5.4433,-8.45763,-122.60686,-5.56986,17.24933,28.27606,-18.12503,MOR_HED,WLM_SHK,BigRockStadium,CPL,CPL,20250626-BigRockStadium-1,13561980-52ea-11f0-91de-9dd0983a3e69,84.16784,NA,NA,8.36281,NA,NA,NA,NA,NA,NA,67bf9003-9d93-49fb-89c2-36bfdacb035e,2025-06-27,00:02:54,2025-06-27T00:02:54Z,2025-06-27T00:02:54Z,NA,v3,NA,NA,NA,"Manley, Nathan",1000093427,Right,WLM_SHK,0c612294-d3e0-408d-af30-f478f543d110,53.90358,-123.50384,14.13803,5.61087,-4.99489,-9.06252,1.85539,-9.00482,8.62467,NA,NA,NA,NA,NA,NA,NA,NA,NA,NA,NA,NA,NA,NA,NA,NA,NA,NA,NA,NA,NA,NA,NA,NA,NA,NA,NA,NA,NA,NA,NA,NA,NA,NA,NA,NA,NA,NA,NA,NA,NA,NA,NA,NA,NA,NA,NA,NA,NA,NA,High,High,High,NA,NA,NA,NA,NA,NA,NA,NA,NA,NA,NA,NA,NA,NA,NA,NA,NA,NA,NA,NA,NA,NA,NA,NA,NA,NA,NA,NA,NA,NA,NA,NA,NA,NA,NA,NA,NA,NA,NA,NA,NA,NA,NA,NA,NA,NA,NA,NA,NA,NA,NA,NA,NA,NA,NA,NA,NA,NA
NA,NA,NA,NA,NA,NA,NA,NA,NA,NA,NA,NA,NA,NA,NA,NA,165,2025-06-26,20:03:16,3,3,"Roycraft, Nolan",831160,Left,WLM_SHK,"Gustafson, Jaden",813182,Left,MOR_HED,Undefined,5,Bottom,2,1,1,Curveball,Curveball,InPlay,Undefined,LineDrive,Out,1,0,NA,73.42984,1.369596,0.938181,2174.168674,311.733452,04:30:00,5.68555,-1.77951,5.83812,-61.50988,-8.6876,11.86733,1.83307,0.08147,66.69172,-9.918273,3.070654,0.523094,76.85735,14.585978,34.672369,2094.222404,86.92889,10.12061,67.40401,153.08615,114.61617,39.430229,1.603294,-5.79855,-4.47536,1.69581,50,5.76078,-2.15553,-106.54824,0.69787,-6.52531,21.90366,-37.21035,MOR_HED,WLM_SHK,BigRockStadium,CPL,CPL,20250626-BigRockStadium-1,207d8fd0-52ea-11f0-91de-9dd0983a3e69,72.05669,12.22126,NA,6.73812,NA,NA,NA,2.43205,1.96395,0.25376,67bf9003-9d93-49fb-89c2-36bfdacb035e,2025-06-27,00:03:16,2025-06-27T00:03:16Z,2025-06-27T00:03:16Z,LineDrive,v3,NA,NA,NA,"Manley, Nathan",1000093427,Right,WLM_SHK,a508ea9e-19c7-4748-be2a-d5caa30af7db,54.66296,-107.50256,10.95183,5.69506,2.31908,-18.60517,1.78353,-1.87123,-3.26266,NA,2.43205,89.7184,-13.43983,2.17331,-0.45142,0.06375,-0.01032,0.00167,-1.2e-4,1.96395,28.38755,-20.89166,1.96913,-0.38238,0.07428,-0.01098,0.00158,-1.6e-4,0.25376,62.05998,0.08398,-1.01605,0.32667,-0.08816,0.01713,-0.00285,2.4e-4,NA,NA,NA,NA,NA,NA,NA,NA,NA,NA,NA,NA,NA,NA,NA,NA,NA,NA,NA,NA,NA,NA,High,High,High,High,High,NA,NA,NA,NA,NA,NA,NA,NA,NA,NA,NA,NA,NA,NA,NA,NA,NA,NA,NA,NA,NA,NA,NA,NA,NA,NA,NA,NA,NA,NA,NA,NA,NA,NA,NA,NA,NA,NA,NA,NA,NA,NA,NA,NA,NA,NA,NA,NA,NA,NA,NA,NA,NA,NA,NA,NA
NA,NA,NA,NA,NA,NA,NA,NA,NA,NA,NA,NA,NA,NA,NA,NA,166,2025-06-26,20:05:23,1,1,"Gipson, Carson",1000213957,Right,MOR_HED,"Tobias, Jacob",10041882,Left,WLM_SHK,Undefined,6,Top,0,0,0,Fastball,Four-Seam,FoulBallNotFieldable,Undefined,Undefined,Undefined,0,0,NA,87.57153,-2.903159,-2.733611,2178.133672,216.093117,01:15:00,6.20032,1.16521,5.60479,-16.87119,20.96863,14.18009,2.07889,-0.20686,78.21423,-6.15351,-0.204994,0.442737,71.89643,4.294179,-174.424825,1615.037937,NA,NA,NA,76.18365,44.17709,-172.575209,0.797151,-8.18418,12.08312,-0.9408,50,5.94124,5.43254,-126.58015,-6.90047,-12.94435,31.89479,-13.06301,MOR_HED,WLM_SHK,BigRockStadium,CPL,CPL,20250626-BigRockStadium-1,6c3a9990-52ea-11f0-91de-9dd0983a3e69,85.135,3.35397,NA,9.3573,NA,NA,NA,2.08011,2.2103,0.14824,67bf9003-9d93-49fb-89c2-36bfdacb035e,2025-06-27,00:05:23,2025-06-27T00:05:23Z,2025-06-27T00:05:23Z,GroundBall,v3,NA,NA,NA,"Poppell, Broedy",701435,Right,MOR_HED,68c46783-0649-43ec-8b23-d0e5251c7d56,54.89166,-127.80677,15.9474,6.19696,-6.39809,-6.5315,-1.1593,5.93036,-6.47217,234.783526,2.05367,-104.20613,8.64593,NA,NA,NA,NA,NA,NA,2.22031,7.72965,-13.20618,NA,NA,NA,NA,NA,NA,0.1605,-10.42461,-2.68566,NA,NA,NA,NA,NA,NA,NA,NA,NA,NA,NA,NA,NA,NA,NA,NA,NA,NA,NA,NA,NA,NA,NA,NA,NA,NA,NA,NA,High,High,High,High,Medium,NA,NA,NA,NA,NA,NA,NA,NA,NA,NA,NA,NA,NA,NA,NA,NA,NA,NA,NA,NA,NA,NA,NA,NA,NA,NA,NA,NA,NA,NA,NA,NA,NA,NA,NA,NA,NA,NA,NA,NA,NA,NA,NA,NA,NA,NA,NA,NA,NA,NA,NA,NA,NA,NA,NA,NA
NA,NA,NA,NA,NA,NA,NA,NA,NA,NA,NA,NA,NA,NA,NA,NA,167,2025-06-26,20:05:45,1,2,"Gipson, Carson",1000213957,Right,MOR_HED,"Tobias, Jacob",10041882,Left,WLM_SHK,Undefined,6,Top,0,0,1,Fastball,Sinker,BallCalled,Undefined,Undefined,Undefined,0,0,NA,87.88581,-0.049206,-1.360727,2122.447659,245.528771,02:15:00,6.17698,1.21593,5.78682,-27.77962,9.09028,17.02981,3.81622,1.36894,79.14048,-5.24803,1.690737,0.437026,NA,NA,NA,NA,NA,NA,NA,NA,NA,NA,NA,-9.018,5.05591,-1.11363,50,6.15661,2.27563,-127.42544,-1.04608,-14.58301,30.20892,-23.99812,MOR_HED,WLM_SHK,BigRockStadium,CPL,CPL,20250626-BigRockStadium-1,7958e820-52ea-11f0-91de-9dd0983a3e69,86.24755,NA,NA,8.74533,NA,NA,NA,NA,NA,NA,67bf9003-9d93-49fb-89c2-36bfdacb035e,2025-06-27,00:05:45,2025-06-27T00:05:45Z,2025-06-27T00:05:45Z,NA,v3,NA,NA,NA,"Poppell, Broedy",701435,Right,MOR_HED,a6cf85f1-63ee-4892-81c0-ae7eecca2eb4,54.70833,-128.53681,15.10446,6.17886,-0.16321,-11.99906,-1.20722,2.81213,-7.29151,NA,NA,NA,NA,NA,NA,NA,NA,NA,NA,NA,NA,NA,NA,NA,NA,NA,NA,NA,NA,NA,NA,NA,NA,NA,NA,NA,NA,NA,NA,NA,NA,NA,NA,NA,NA,NA,NA,NA,NA,NA,NA,NA,NA,NA,NA,NA,NA,NA,NA,High,High,High,NA,NA,NA,NA,NA,NA,NA,NA,NA,NA,NA,NA,NA,NA,NA,NA,NA,NA,NA,NA,NA,NA,NA,NA,NA,NA,NA,NA,NA,NA,NA,NA,NA,NA,NA,NA,NA,NA,NA,NA,NA,NA,NA,NA,NA,NA,NA,NA,NA,NA,NA,NA,NA,NA,NA,NA,NA,NA
NA,NA,NA,NA,NA,NA,NA,NA,NA,NA,NA,NA,NA,NA,NA,NA,168,2025-06-26,20:06:01,1,3,"Gipson, Carson",1000213957,Right,MOR_HED,"Tobias, Jacob",10041882,Left,WLM_SHK,Undefined,6,Top,0,1,1,Curveball,Curveball,BallCalled,Undefined,Undefined,Undefined,0,0,NA,75.1993,-0.352962,-1.074273,2421.067816,63.997005,08:15:00,6.07454,1.42478,5.07195,-56.43885,-5.05642,-13.86851,1.03847,-0.74386,69.05022,-10.520074,-3.532691,0.515916,NA,NA,NA,NA,NA,NA,NA,NA,NA,NA,NA,6.71492,-2.15102,-1.31097,50,5.99565,2.56369,-109.09772,-2.56952,8.00036,21.24555,-34.73683,MOR_HED,WLM_SHK,BigRockStadium,CPL,CPL,20250626-BigRockStadium-1,833fd970-52ea-11f0-91de-9dd0983a3e69,73.0593,NA,NA,6.14908,NA,NA,NA,NA,NA,NA,67bf9003-9d93-49fb-89c2-36bfdacb035e,2025-06-27,00:06:01,2025-06-27T00:06:01Z,2025-06-27T00:06:01Z,NA,v3,NA,NA,NA,"Poppell, Broedy",701435,Right,MOR_HED,18cac607-7ce6-4fd0-8e1b-fa7e220efeb3,55.43058,-110.15018,10.62278,6.08032,-0.84872,-17.36842,-1.42816,2.16737,4.00018,NA,NA,NA,NA,NA,NA,NA,NA,NA,NA,NA,NA,NA,NA,NA,NA,NA,NA,NA,NA,NA,NA,NA,NA,NA,NA,NA,NA,NA,NA,NA,NA,NA,NA,NA,NA,NA,NA,NA,NA,NA,NA,NA,NA,NA,NA,NA,NA,NA,NA,High,High,High,NA,NA,NA,NA,NA,NA,NA,NA,NA,NA,NA,NA,NA,NA,NA,NA,NA,NA,NA,NA,NA,NA,NA,NA,NA,NA,NA,NA,NA,NA,NA,NA,NA,NA,NA,NA,NA,NA,NA,NA,NA,NA,NA,NA,NA,NA,NA,NA,NA,NA,NA,NA,NA,NA,NA,NA,NA,NA
NA,NA,NA,NA,NA,NA,NA,NA,NA,NA,NA,NA,NA,NA,NA,NA,169,2025-06-26,20:06:19,1,4,"Gipson, Carson",1000213957,Right,MOR_HED,"Tobias, Jacob",10041882,Left,WLM_SHK,Undefined,6,Top,0,2,1,Fastball,Sinker,StrikeCalled,Undefined,Undefined,Undefined,0,0,NA,87.29849,-0.759718,-1.508436,2117.505086,227.861831,01:30:00,6.04938,1.35532,5.5208,-23.83978,13.75453,13.73446,3.35214,1.08921,78.92363,-5.225,0.939816,0.441299,NA,NA,NA,NA,NA,NA,NA,NA,NA,NA,NA,-7.35386,7.56099,-1.23327,50,5.96766,2.72223,-126.55007,-2.47079,-11.78741,28.61791,-20.05461,MOR_HED,WLM_SHK,BigRockStadium,CPL,CPL,20250626-BigRockStadium-1,8daaeee0-52ea-11f0-91de-9dd0983a3e69,85.41257,NA,NA,8.37486,NA,NA,NA,NA,NA,NA,67bf9003-9d93-49fb-89c2-36bfdacb035e,2025-06-27,00:06:19,2025-06-27T00:06:19Z,2025-06-27T00:06:19Z,NA,v3,NA,NA,NA,"Poppell, Broedy",701435,Right,MOR_HED,da47be17-bf74-430c-87d6-87acb8f49db6,54.97495,-127.67014,14.30895,6.049,-1.68587,-10.0273,-1.34885,3.18358,-5.89371,NA,NA,NA,NA,NA,NA,NA,NA,NA,NA,NA,NA,NA,NA,NA,NA,NA,NA,NA,NA,NA,NA,NA,NA,NA,NA,NA,NA,NA,NA,NA,NA,NA,NA,NA,NA,NA,NA,NA,NA,NA,NA,NA,NA,NA,NA,NA,NA,NA,NA,High,High,High,NA,NA,NA,NA,NA,NA,NA,NA,NA,NA,NA,NA,NA,NA,NA,NA,NA,NA,NA,NA,NA,NA,NA,NA,NA,NA,NA,NA,NA,NA,NA,NA,NA,NA,NA,NA,NA,NA,NA,NA,NA,NA,NA,NA,NA,NA,NA,NA,NA,NA,NA,NA,NA,NA,NA,NA,NA,NA
NA,NA,NA,NA,NA,NA,NA,NA,NA,NA,NA,NA,NA,NA,NA,NA,170,2025-06-26,20:06:39,1,5,"Gipson, Carson",1000213957,Right,MOR_HED,"Tobias, Jacob",10041882,Left,WLM_SHK,Undefined,6,Top,0,2,2,Slider,Changeup,BallCalled,Undefined,Undefined,Undefined,0,0,NA,83.2247,-2.007754,-2.884246,2122.144052,262.157982,02:45:00,5.56876,1.81885,5.11792,-37.89593,4.43878,20.80135,0.51631,0.83307,75.27773,-8.917365,0.800376,0.468295,NA,NA,NA,NA,NA,NA,NA,NA,NA,NA,NA,-11.443,3.25579,-1.5648,50,5.35023,5.18609,-120.40522,-5.59778,-16.48829,27.40485,-27.48274,MOR_HED,WLM_SHK,BigRockStadium,CPL,CPL,20250626-BigRockStadium-1,998328e0-52ea-11f0-91de-9dd0983a3e69,80.48861,NA,NA,7.94697,NA,NA,NA,NA,NA,NA,67bf9003-9d93-49fb-89c2-36bfdacb035e,2025-06-27,00:06:39,2025-06-27T00:06:39Z,2025-06-27T00:06:39Z,NA,v3,NA,NA,NA,"Poppell, Broedy",701435,Right,MOR_HED,81b15921-fd96-449a-af58-9fe5c358f96d,55.38187,-121.62399,13.70243,5.572,-4.37554,-13.74137,-1.81175,5.91937,-8.24414,NA,NA,NA,NA,NA,NA,NA,NA,NA,NA,NA,NA,NA,NA,NA,NA,NA,NA,NA,NA,NA,NA,NA,NA,NA,NA,NA,NA,NA,NA,NA,NA,NA,NA,NA,NA,NA,NA,NA,NA,NA,NA,NA,NA,NA,NA,NA,NA,NA,NA,High,High,High,NA,NA,NA,NA,NA,NA,NA,NA,NA,NA,NA,NA,NA,NA,NA,NA,NA,NA,NA,NA,NA,NA,NA,NA,NA,NA,NA,NA,NA,NA,NA,NA,NA,NA,NA,NA,NA,NA,NA,NA,NA,NA,NA,NA,NA,NA,NA,NA,NA,NA,NA,NA,NA,NA,NA,NA,NA,NA
NA,NA,NA,NA,NA,NA,NA,NA,NA,NA,NA,NA,NA,NA,NA,NA,171,2025-06-26,20:07:00,1,6,"Gipson, Carson",1000213957,Right,MOR_HED,"Tobias, Jacob",10041882,Left,WLM_SHK,Undefined,6,Top,0,3,2,Fastball,Four-Seam,InPlay,Undefined,Popup,Out,1,0,NA,88.315,-2.65753,-2.306537,2055.560626,217.606227,01:15:00,6.13504,1.18554,5.62144,-24.02938,12.68705,8.75792,1.64879,-0.23826,79.98973,-7.138449,-0.742576,0.436116,76.43995,71.88543,30.342745,NA,NA,NA,NA,79.75415,78.61965,11.861701,5.647617,-5.2117000000000004,7.65504,-0.99471,50,5.89293,4.77877,-127.89025,-6.74434,-8.51684,29.64895,-19.6643,MOR_HED,WLM_SHK,BigRockStadium,CPL,CPL,20250626-BigRockStadium-1,a634abe0-52ea-11f0-91de-9dd0983a3e69,86.42761,133.52352,NA,8.32527,NA,NA,NA,2.65823,1.76525,-0.01264,67bf9003-9d93-49fb-89c2-36bfdacb035e,2025-06-27,00:07:00,2025-06-27T00:07:00Z,2025-06-27T00:07:00Z,Popup,v3,NA,NA,NA,"Poppell, Broedy",701435,Right,MOR_HED,1206559b-1285-40a9-87c6-37d1953fc250,54.87682,-129.0159,14.82448,6.13481,-5.99777,-9.83215,-1.18228,5.10212,-4.25842,171.089256,2.65383,30.15725,-10.73723,3.70529,-0.98808,0.21203,-0.03167,0.00269,-1e-4,1.75611,106.74011,-27.52143,4.11538,-1.40773,0.46477,-0.10198,0.01183,-5.4e-4,-0.01911,17.7285,-10.72912,4.25734,-1.338,0.34123,-0.05963,0.00588,-2.4e-4,NA,NA,NA,NA,NA,NA,NA,NA,NA,NA,NA,NA,NA,NA,NA,NA,NA,NA,NA,NA,NA,NA,High,High,High,High,Low,NA,NA,NA,NA,NA,NA,NA,NA,NA,NA,NA,NA,NA,NA,NA,NA,NA,NA,NA,NA,NA,NA,NA,NA,NA,NA,NA,NA,NA,NA,NA,NA,NA,NA,NA,NA,NA,NA,NA,NA,NA,NA,NA,NA,NA,NA,NA,NA,NA,NA,NA,NA,NA,NA,NA,NA
NA,NA,NA,NA,NA,NA,NA,NA,NA,NA,NA,NA,NA,NA,NA,NA,172,2025-06-26,20:07:34,2,1,"Gipson, Carson",1000213957,Right,MOR_HED,"Suto, Cameron",1000124567,Right,WLM_SHK,Undefined,6,Top,1,0,0,Fastball,Sinker,FoulBallNotFieldable,Undefined,Undefined,Undefined,0,0,NA,87.39778,-2.485522,-2.067824,2122.260208,226.612036,01:30:00,6.3048400000000004,1.05408,5.59185,-23.57241,13.92977,13.31284,2.01673,0.23188,79.14304,-6.890779,0.308768,0.440758,83.44395,-18.146599,-69.067457,NA,NA,NA,NA,7.99701,7.99701,-52.566639,0.056258,-7.43138,8.2291,-0.88569,50,6.07636,4.00322,-126.59427,-6.27374,-11.90468,28.94431,-18.9915,MOR_HED,WLM_SHK,BigRockStadium,CPL,CPL,20250626-BigRockStadium-1,ba216120-52ea-11f0-91de-9dd0983a3e69,85.5174,2.14887,NA,8.25474,NA,NA,NA,2.51849,2.14887,-0.22641,67bf9003-9d93-49fb-89c2-36bfdacb035e,2025-06-27,00:07:34,2025-06-27T00:07:34Z,2025-06-27T00:07:34Z,GroundBall,v3,NA,NA,NA,"Poppell, Broedy",701435,Right,MOR_HED,4db0554a-c1fe-4205-89dd-1cbd4a0f3a60,54.90614,-127.71107,14.47216,6.30429,-5.54096,-9.49575,-1.04901,4.46255,-5.95234,NA,2.5177,41.63659,NA,NA,NA,NA,NA,NA,NA,2.1496,-38.19655,NA,NA,NA,NA,NA,NA,NA,-0.22434,-108.84991,NA,NA,NA,NA,NA,NA,NA,NA,NA,NA,NA,NA,NA,NA,NA,NA,NA,NA,NA,NA,NA,NA,NA,NA,NA,NA,NA,NA,NA,High,High,High,Estimated,Estimated,NA,NA,NA,NA,NA,NA,NA,NA,NA,NA,NA,NA,NA,NA,NA,NA,NA,NA,NA,NA,NA,NA,NA,NA,NA,NA,NA,NA,NA,NA,NA,NA,NA,NA,NA,NA,NA,NA,NA,NA,NA,NA,NA,NA,NA,NA,NA,NA,NA,NA,NA,NA,NA,NA,NA,NA
NA,NA,NA,NA,NA,NA,NA,NA,NA,NA,NA,NA,NA,NA,NA,NA,173,2025-06-26,20:08:01,2,2,"Gipson, Carson",1000213957,Right,MOR_HED,"Suto, Cameron",1000124567,Right,WLM_SHK,Undefined,6,Top,1,0,1,Slider,Curveball,FoulBallNotFieldable,Undefined,Undefined,Undefined,0,0,NA,79.53901,0.03312,-1.491046,2212.445464,50.021405,07:45:00,5.862,1.5612,4.91839,-50.90822,-4.55803,-7.34611,1.65098,-0.46103,72.47373,-9.150708,-2.788176,0.490001,84.84279,31.417115,45.051105,4733.038653,70.28357,50.70323,84.61736,257.57974,155.9354,59.48994,3.798305,3.1776,-1.85158,-1.40923,50,5.82255,3.30747,-115.26056,-1.81058,4.2181,24.0692,-34.63189,MOR_HED,WLM_SHK,BigRockStadium,CPL,CPL,20250626-BigRockStadium-1,ca827ea0-52ea-11f0-91de-9dd0983a3e69,76.92318,56.00748,NA,7.06527,NA,NA,NA,1.36816,1.5097,0.66767,67bf9003-9d93-49fb-89c2-36bfdacb035e,2025-06-27,00:08:01,2025-06-27T00:08:01Z,2025-06-27T00:08:01Z,FlyBall,v3,NA,NA,NA,"Poppell, Broedy",701435,Right,MOR_HED,ee7b58dd-52ed-40e0-b03e-a90f0eb4122f,55.58111,-116.4202,12.0346,5.86959,-0.14204,-17.31595,-1.56368,3.10424,2.10905,NA,1.36759,75.04183,-19.09987,4.53801,-1.32757,0.42304,-0.11513,0.01868,-0.00125,1.51027,64.84607,-22.20095,2.08525,-0.17293,-0.09699,0.05011,-0.00941,6.4e-4,0.66708,75.17608,-5.10192,0.26192,-0.18069,0.16012,-0.06525,0.01232,-8.9e-4,NA,NA,NA,NA,NA,NA,NA,NA,NA,NA,NA,NA,NA,NA,NA,NA,NA,NA,NA,NA,NA,NA,High,High,High,Medium,Low,NA,NA,NA,NA,NA,NA,NA,NA,NA,NA,NA,NA,NA,NA,NA,NA,NA,NA,NA,NA,NA,NA,NA,NA,NA,NA,NA,NA,NA,NA,NA,NA,NA,NA,NA,NA,NA,NA,NA,NA,NA,NA,NA,NA,NA,NA,NA,NA,NA,NA,NA,NA,NA,NA,NA,NA
NA,NA,NA,NA,NA,NA,NA,NA,NA,NA,NA,NA,NA,NA,NA,NA,174,2025-06-26,20:08:21,2,3,"Gipson, Carson",1000213957,Right,MOR_HED,"Suto, Cameron",1000124567,Right,WLM_SHK,Undefined,6,Top,1,0,2,Slider,Slider,FoulBallNotFieldable,Undefined,Undefined,Undefined,0,0,NA,80.77907,-0.614088,-2.05144,2202.892096,41.012184,07:15:00,5.63157,1.49218,5.28946,-48.69483,-4.27925,-5.07146,0.99665,-0.85756,73.55954,-9.450242,-2.95292,0.479666,NA,NA,NA,NA,NA,NA,NA,NA,NA,NA,NA,1.89976,-1.57634,-1.30137,50,5.53977,4.39866,-117.07134,-2.98514,2.59583,25.28713,-34.32798,MOR_HED,WLM_SHK,BigRockStadium,CPL,CPL,20250626-BigRockStadium-1,d659ce40-52ea-11f0-91de-9dd0983a3e69,78.58057,NA,NA,7.21953,NA,NA,NA,NA,NA,NA,67bf9003-9d93-49fb-89c2-36bfdacb035e,2025-06-27,00:08:21,2025-06-27T00:08:21Z,2025-06-27T00:08:21Z,NA,v3,NA,NA,NA,"Poppell, Broedy",701435,Right,MOR_HED,5b3b1b82-a48e-4ab4-84ce-0314bd4fb106,55.2102,-118.19137,12.64357,5.63831,-1.46467,-17.16399,-1.49365,4.28369,1.29791,NA,NA,NA,NA,NA,NA,NA,NA,NA,NA,NA,NA,NA,NA,NA,NA,NA,NA,NA,NA,NA,NA,NA,NA,NA,NA,NA,NA,NA,NA,NA,NA,NA,NA,NA,NA,NA,NA,NA,NA,NA,NA,NA,NA,NA,NA,NA,NA,NA,NA,High,High,High,NA,NA,NA,NA,NA,NA,NA,NA,NA,NA,NA,NA,NA,NA,NA,NA,NA,NA,NA,NA,NA,NA,NA,NA,NA,NA,NA,NA,NA,NA,NA,NA,NA,NA,NA,NA,NA,NA,NA,NA,NA,NA,NA,NA,NA,NA,NA,NA,NA,NA,NA,NA,NA,NA,NA,NA,NA,NA
NA,NA,NA,NA,NA,NA,NA,NA,NA,NA,NA,NA,NA,NA,NA,NA,175,2025-06-26,20:08:43,2,4,"Gipson, Carson",1000213957,Right,MOR_HED,"Suto, Cameron",1000124567,Right,WLM_SHK,Undefined,6,Top,1,0,2,Fastball,Sinker,BallCalled,Undefined,Undefined,Undefined,0,0,NA,87.63717,0.800282,-2.676353,2113.701506,226.243144,01:30:00,6.01065,1.23832,5.59897,-25.06824,12.04595,11.26115,4.66963,-0.3237,79.31349,-3.889242,-0.669265,0.438472,NA,NA,NA,NA,NA,NA,NA,NA,NA,NA,NA,-6.4752,6.22449,-1.01628,50,6.06327,5.44237,-127.01258,0.93407,-10.49382,27.93833,-22.08654,MOR_HED,WLM_SHK,BigRockStadium,CPL,CPL,20250626-BigRockStadium-1,e3574e60-52ea-11f0-91de-9dd0983a3e69,85.96323,NA,NA,8.32367,NA,NA,NA,NA,NA,NA,67bf9003-9d93-49fb-89c2-36bfdacb035e,2025-06-27,00:08:43,2025-06-27T00:08:43Z,2025-06-27T00:08:43Z,NA,v3,NA,NA,NA,"Poppell, Broedy",701435,Right,MOR_HED,10afc3b6-3142-43f7-8f78-3b1d0552ea7f,54.89746,-128.08532,13.96917,6.01113,1.78212,-11.04327,-1.23298,5.8453,-5.24691,NA,NA,NA,NA,NA,NA,NA,NA,NA,NA,NA,NA,NA,NA,NA,NA,NA,NA,NA,NA,NA,NA,NA,NA,NA,NA,NA,NA,NA,NA,NA,NA,NA,NA,NA,NA,NA,NA,NA,NA,NA,NA,NA,NA,NA,NA,NA,NA,NA,NA,High,High,High,NA,NA,NA,NA,NA,NA,NA,NA,NA,NA,NA,NA,NA,NA,NA,NA,NA,NA,NA,NA,NA,NA,NA,NA,NA,NA,NA,NA,NA,NA,NA,NA,NA,NA,NA,NA,NA,NA,NA,NA,NA,NA,NA,NA,NA,NA,NA,NA,NA,NA,NA,NA,NA,NA,NA,NA,NA,NA
NA,NA,NA,NA,NA,NA,NA,NA,NA,NA,NA,NA,NA,NA,NA,NA,176,2025-06-26,20:09:01,2,5,"Gipson, Carson",1000213957,Right,MOR_HED,"Suto, Cameron",1000124567,Right,WLM_SHK,Undefined,6,Top,1,1,2,Curveball,Curveball,BallCalled,Undefined,Undefined,Undefined,0,0,NA,76.44316,0.212912,-1.898942,2422.473977,69.966419,08:15:00,6.11408,0.96725,5.11697,-54.50696,-4.74563,-17.58347,1.77251,-2.28751,69.98341,-9.628849,-5.011964,0.507712,NA,NA,NA,NA,NA,NA,NA,NA,NA,NA,NA,8.15835,-1.9324,-0.77431,50,6.09178,4.37262,-110.82348,-1.47964,10.02144,22.07895,-34.54775,MOR_HED,WLM_SHK,BigRockStadium,CPL,CPL,20250626-BigRockStadium-1,ee158ce0-52ea-11f0-91de-9dd0983a3e69,74.23982,NA,NA,6.45975,NA,NA,NA,NA,NA,NA,67bf9003-9d93-49fb-89c2-36bfdacb035e,2025-06-27,00:09:01,2025-06-27T00:09:01Z,2025-06-27T00:09:01Z,NA,v3,NA,NA,NA,"Poppell, Broedy",701435,Right,MOR_HED,a6a98e4d-1d63-40b9-be95-f86349ba1f3d,55.38328,-111.89083,11.03948,6.12293,0.19048,-17.27388,-0.97399,3.88816,5.01072,NA,NA,NA,NA,NA,NA,NA,NA,NA,NA,NA,NA,NA,NA,NA,NA,NA,NA,NA,NA,NA,NA,NA,NA,NA,NA,NA,NA,NA,NA,NA,NA,NA,NA,NA,NA,NA,NA,NA,NA,NA,NA,NA,NA,NA,NA,NA,NA,NA,NA,High,High,High,NA,NA,NA,NA,NA,NA,NA,NA,NA,NA,NA,NA,NA,NA,NA,NA,NA,NA,NA,NA,NA,NA,NA,NA,NA,NA,NA,NA,NA,NA,NA,NA,NA,NA,NA,NA,NA,NA,NA,NA,NA,NA,NA,NA,NA,NA,NA,NA,NA,NA,NA,NA,NA,NA,NA,NA,NA,NA
NA,NA,NA,NA,NA,NA,NA,NA,NA,NA,NA,NA,NA,NA,NA,NA,177,2025-06-26,20:09:21,2,6,"Gipson, Carson",1000213957,Right,MOR_HED,"Suto, Cameron",1000124567,Right,WLM_SHK,Undefined,6,Top,1,2,2,Fastball,Four-Seam,InPlay,Undefined,Popup,Out,1,0,NA,88.11574,-1.418571,-2.956585,2195.97561,222.655501,01:30:00,6.07629,1.08017,5.84149,-21.67607,14.42733,12.2291,2.94956,-0.65091,80.566,-5.486426,-0.766588,0.432459,81.87483,70.739416,54.816039,5928.242107,NA,NA,NA,97.11952,38.34306,83.811387,5.812927,-7.10965,8.12245,-0.84664,50,5.94793,6.09786,-127.8424,-3.8559,-11.76449,26.3912,-18.73365,MOR_HED,WLM_SHK,BigRockStadium,CPL,CPL,20250626-BigRockStadium-1,f9f40870-52ea-11f0-91de-9dd0983a3e69,87.15832,143.39815,NA,7.54974,NA,NA,NA,2.37798,3.19105,-0.00752,67bf9003-9d93-49fb-89c2-36bfdacb035e,2025-06-27,00:09:21,2025-06-27T00:09:21Z,2025-06-27T00:09:21Z,Popup,v3,NA,NA,NA,"Poppell, Broedy",701435,Right,MOR_HED,a73838ec-5614-46c5-b57f-a758fde4ad0d,54.65794,-128.80038,13.1956,6.07556,-3.17589,-9.36683,-1.07574,6.5249,-5.88225,NA,2.35464,23.20189,-16.54853,7.27048,-2.5351,0.65803,-0.10847,0.00975,-3.6e-4,3.16966,113.75947,-30.6464,5.66036,-2.15445,0.70388,-0.14397,0.01548,-6.7e-4,-0.01154,32.42512,-8.88419,2.68312,-0.58174,0.07842,-0.00302,-5.7e-4,5e-5,NA,NA,NA,NA,NA,NA,NA,NA,NA,NA,NA,NA,NA,NA,NA,NA,NA,NA,NA,NA,NA,NA,High,High,High,Medium,Low,NA,NA,NA,NA,NA,NA,NA,NA,NA,NA,NA,NA,NA,NA,NA,NA,NA,NA,NA,NA,NA,NA,NA,NA,NA,NA,NA,NA,NA,NA,NA,NA,NA,NA,NA,NA,NA,NA,NA,NA,NA,NA,NA,NA,NA,NA,NA,NA,NA,NA,NA,NA,NA,NA,NA,NA
NA,NA,NA,NA,NA,NA,NA,NA,NA,NA,NA,NA,NA,NA,NA,NA,178,2025-06-26,20:11:01,3,1,"Gipson, Carson",1000213957,Right,MOR_HED,"Nicks, David",10106262,Right,WLM_SHK,Undefined,6,Top,2,0,0,Slider,Changeup,BallCalled,Undefined,Undefined,Undefined,0,0,NA,84.92785,-3.418984,-1.633822,2062.044428,236.781646,02:00:00,6.29814,1.11386,5.3682,-28.35521,11.76087,15.75335,0.72438,0.89431,77.14324,-8.640255,1.17031,0.455859,NA,NA,NA,NA,NA,NA,NA,NA,NA,NA,NA,-8.57075,7.39666,-0.97935,50,5.97121,2.85478,-122.92558,-8.31394,-12.93155,27.53496,-21.01398,MOR_HED,WLM_SHK,BigRockStadium,CPL,CPL,20250626-BigRockStadium-1,35dea020-52eb-11f0-91de-9dd0983a3e69,82.68439,NA,NA,7.78461,NA,NA,NA,NA,NA,NA,67bf9003-9d93-49fb-89c2-36bfdacb035e,2025-06-27,00:11:01,2025-06-27T00:11:01Z,2025-06-27T00:11:01Z,NA,v3,NA,NA,NA,"Poppell, Broedy",701435,Right,MOR_HED,a650b44e-48db-4eb5-b735-3186eed44283,55.13164,-124.06973,13.76748,6.29854,-7.44075,-10.50699,-1.10913,3.39212,-6.46578,NA,NA,NA,NA,NA,NA,NA,NA,NA,NA,NA,NA,NA,NA,NA,NA,NA,NA,NA,NA,NA,NA,NA,NA,NA,NA,NA,NA,NA,NA,NA,NA,NA,NA,NA,NA,NA,NA,NA,NA,NA,NA,NA,NA,NA,NA,NA,NA,NA,NA,High,High,High,NA,NA,NA,NA,NA,NA,NA,NA,NA,NA,NA,NA,NA,NA,NA,NA,NA,NA,NA,NA,NA,NA,NA,NA,NA,NA,NA,NA,NA,NA,NA,NA,NA,NA,NA,NA,NA,NA,NA,NA,NA,NA,NA,NA,NA,NA,NA,NA,NA,NA,NA,NA,NA,NA,NA,NA,NA,NA
NA,NA,NA,NA,NA,NA,NA,NA,NA,NA,NA,NA,NA,NA,NA,NA,179,2025-06-26,20:11:18,3,2,"Gipson, Carson",1000213957,Right,MOR_HED,"Nicks, David",10106262,Right,WLM_SHK,Undefined,6,Top,2,1,0,Curveball,Curveball,BallCalled,Undefined,Undefined,Undefined,0,0,NA,75.14222,2.284751,-1.76088,2354.542335,57.48714,08:00:00,5.92125,1.35215,4.87442,-61.46271,-9.04312,-17.14052,2.96345,-1.74297,68.03856,-8.806758,-4.778427,0.521097,NA,NA,NA,NA,NA,NA,NA,NA,NA,NA,NA,7.79496,-4.58823,-1.16388,50,6.09431,4.04722,-108.73335,2.14269,9.15016,22.53184,-37.55997,MOR_HED,WLM_SHK,BigRockStadium,CPL,CPL,20250626-BigRockStadium-1,3fc8ecd0-52eb-11f0-91de-9dd0983a3e69,72.33293,NA,NA,7.10367,NA,NA,NA,NA,NA,NA,67bf9003-9d93-49fb-89c2-36bfdacb035e,2025-06-27,00:11:18,2025-06-27T00:11:18Z,2025-06-27T00:11:18Z,NA,v3,NA,NA,NA,"Poppell, Broedy",701435,Right,MOR_HED,95bf6181-c588-4947-a576-0e7db4546fd3,55.62498,-109.89278,11.26592,5.93433,4.07543,-18.77998,-1.36002,3.57638,4.57508,NA,NA,NA,NA,NA,NA,NA,NA,NA,NA,NA,NA,NA,NA,NA,NA,NA,NA,NA,NA,NA,NA,NA,NA,NA,NA,NA,NA,NA,NA,NA,NA,NA,NA,NA,NA,NA,NA,NA,NA,NA,NA,NA,NA,NA,NA,NA,NA,NA,NA,High,High,High,NA,NA,NA,NA,NA,NA,NA,NA,NA,NA,NA,NA,NA,NA,NA,NA,NA,NA,NA,NA,NA,NA,NA,NA,NA,NA,NA,NA,NA,NA,NA,NA,NA,NA,NA,NA,NA,NA,NA,NA,NA,NA,NA,NA,NA,NA,NA,NA,NA,NA,NA,NA,NA,NA,NA,NA,NA,NA
NA,NA,NA,NA,NA,NA,NA,NA,NA,NA,NA,NA,NA,NA,NA,NA,180,2025-06-26,20:11:34,3,3,"Gipson, Carson",1000213957,Right,MOR_HED,"Nicks, David",10106262,Right,WLM_SHK,Undefined,6,Top,2,2,0,Fastball,Sinker,StrikeCalled,Undefined,Undefined,Undefined,0,0,NA,87.34453,-1.511976,-1.730347,1988.48949,232.383927,01:45:00,5.94255,1.48563,5.70823,-27.2432,10.04776,11.33894,2.26262,0.81791,79.17796,-6.584163,0.298893,0.439514,NA,NA,NA,NA,NA,NA,NA,NA,NA,NA,NA,-6.32174,5.96024,-1.34791,50,5.79911,3.34608,-126.64687,-4.26022,-10.14565,28.7304,-22.60854,MOR_HED,WLM_SHK,BigRockStadium,CPL,CPL,20250626-BigRockStadium-1,4978efa0-52eb-11f0-91de-9dd0983a3e69,85.75927,NA,NA,8.16656,NA,NA,NA,NA,NA,NA,67bf9003-9d93-49fb-89c2-36bfdacb035e,2025-06-27,00:11:34,2025-06-27T00:11:34Z,2025-06-27T00:11:34Z,NA,v3,NA,NA,NA,"Poppell, Broedy",701435,Right,MOR_HED,c1671e4b-ae53-4a3c-b863-64c3e5e6ca83,54.78944,-127.72875,14.3652,5.94351,-3.40886,-11.30427,-1.4811,3.72812,-5.07282,NA,NA,NA,NA,NA,NA,NA,NA,NA,NA,NA,NA,NA,NA,NA,NA,NA,NA,NA,NA,NA,NA,NA,NA,NA,NA,NA,NA,NA,NA,NA,NA,NA,NA,NA,NA,NA,NA,NA,NA,NA,NA,NA,NA,NA,NA,NA,NA,NA,NA,High,High,High,NA,NA,NA,NA,NA,NA,NA,NA,NA,NA,NA,NA,NA,NA,NA,NA,NA,NA,NA,NA,NA,NA,NA,NA,NA,NA,NA,NA,NA,NA,NA,NA,NA,NA,NA,NA,NA,NA,NA,NA,NA,NA,NA,NA,NA,NA,NA,NA,NA,NA,NA,NA,NA,NA,NA,NA,NA,NA
NA,NA,NA,NA,NA,NA,NA,NA,NA,NA,NA,NA,NA,NA,NA,NA,181,2025-06-26,20:11:49,3,4,"Gipson, Carson",1000213957,Right,MOR_HED,"Nicks, David",10106262,Right,WLM_SHK,Undefined,6,Top,2,2,1,Fastball,Four-Seam,StrikeCalled,Undefined,Undefined,Undefined,0,0,NA,88.25533,-2.000576,-3.499966,2192.180575,215.941788,01:15:00,5.91479,1.38233,5.67613,-21.28159,15.41835,10.22544,2.27205,-1.03245,79.81152,-6.007346,-1.676196,0.436018,NA,NA,NA,NA,NA,NA,NA,NA,NA,NA,NA,-6.24099,8.82048,-1.09327,50,5.73262,7.36035,-127.7068,-5.14385,-10.19193,29.0338,-17.76963,MOR_HED,WLM_SHK,BigRockStadium,CPL,CPL,20250626-BigRockStadium-1,527c37b0-52eb-11f0-91de-9dd0983a3e69,86.44702,NA,NA,8.44381,NA,NA,NA,NA,NA,NA,67bf9003-9d93-49fb-89c2-36bfdacb035e,2025-06-27,00:11:49,2025-06-27T00:11:49Z,2025-06-27T00:11:49Z,NA,v3,NA,NA,NA,"Poppell, Broedy",701435,Right,MOR_HED,cb67edbf-0ccb-401a-b50c-9cd3415ee191,54.81937,-128.79781,14.5169,5.91336,-4.47611,-8.88482,-1.37705,7.74334,-5.09596,NA,NA,NA,NA,NA,NA,NA,NA,NA,NA,NA,NA,NA,NA,NA,NA,NA,NA,NA,NA,NA,NA,NA,NA,NA,NA,NA,NA,NA,NA,NA,NA,NA,NA,NA,NA,NA,NA,NA,NA,NA,NA,NA,NA,NA,NA,NA,NA,NA,NA,High,High,High,NA,NA,NA,NA,NA,NA,NA,NA,NA,NA,NA,NA,NA,NA,NA,NA,NA,NA,NA,NA,NA,NA,NA,NA,NA,NA,NA,NA,NA,NA,NA,NA,NA,NA,NA,NA,NA,NA,NA,NA,NA,NA,NA,NA,NA,NA,NA,NA,NA,NA,NA,NA,NA,NA,NA,NA,NA,NA
NA,NA,NA,NA,NA,NA,NA,NA,NA,NA,NA,NA,NA,NA,NA,NA,182,2025-06-26,20:12:04,3,5,"Gipson, Carson",1000213957,Right,MOR_HED,"Nicks, David",10106262,Right,WLM_SHK,Undefined,6,Top,2,2,2,Slider,Curveball,InPlay,Undefined,GroundBall,Out,1,0,NA,79.36173,-0.244772,-1.436307,2100.6262,36.509233,07:15:00,5.75972,1.3819,4.89983,-49.4081,-2.81504,-3.28319,1.41081,-0.25044,72.28378,-9.163961,-2.015931,0.491283,77.17382,-10.264088,2.308963,NA,NA,NA,NA,5.32932,1.39429,8.761201,0.041585,1.17299,-0.87303,-1.23839,50,5.69422,3.02106,-114.98461,-2.30916,1.55007,23.90013,-33.32772,MOR_HED,WLM_SHK,BigRockStadium,CPL,CPL,20250626-BigRockStadium-1,5b3b98f0-52eb-11f0-91de-9dd0983a3e69,76.72242,0.83947,NA,7.07794,NA,NA,NA,0.63512,0.83947,0.62498,67bf9003-9d93-49fb-89c2-36bfdacb035e,2025-06-27,00:12:04,2025-06-27T00:12:04Z,2025-06-27T00:12:04Z,GroundBall,v3,NA,NA,NA,"Poppell, Broedy",701435,Right,MOR_HED,1f814fd1-5f82-4f99-b619-2b70739a8aee,55.59884,-116.14252,11.95007,5.76698,-0.69449,-16.66386,-1.38294,2.94596,0.77504,NA,0.63445,111.38682,NA,NA,NA,NA,NA,NA,NA,0.83959,-20.18669,NA,NA,NA,NA,NA,NA,NA,0.62495,4.49121,NA,NA,NA,NA,NA,NA,NA,NA,NA,NA,NA,NA,NA,NA,NA,NA,NA,NA,NA,NA,NA,NA,NA,NA,NA,NA,NA,NA,NA,High,High,High,Low,Low,NA,NA,NA,NA,NA,NA,NA,NA,NA,NA,NA,NA,NA,NA,NA,NA,NA,NA,NA,NA,NA,NA,NA,NA,NA,NA,NA,NA,NA,NA,NA,NA,NA,NA,NA,NA,NA,NA,NA,NA,NA,NA,NA,NA,NA,NA,NA,NA,NA,NA,NA,NA,NA,NA,NA,NA
NA,NA,NA,NA,NA,NA,NA,NA,NA,NA,NA,NA,NA,NA,NA,NA,183,2025-06-26,20:15:06,1,1,"Kane, Connor",703475,Right,WLM_SHK,"Mally, Tanner",10021383,Right,MOR_HED,Undefined,6,Bottom,0,0,0,Slider,Slider,StrikeCalled,Undefined,Undefined,Undefined,0,0,NA,83.05536,0.685252,-2.485615,2332.805423,63.598929,08:00:00,5.30162,1.46889,5.5754,-43.11132,-2.10583,-6.76741,2.34968,-1.41809,76.31642,-7.186528,-3.691855,0.460885,NA,NA,NA,NA,NA,NA,NA,NA,NA,NA,NA,2.73307,-0.87378,-1.2503,50,5.33237,5.5086,-120.54695,-0.07683,4.02058,23.48862,-33.45947,MOR_HED,WLM_SHK,BigRockStadium,CPL,CPL,20250626-BigRockStadium-1,c78d16f0-52eb-11f0-91de-9dd0983a3e69,81.78276,NA,NA,6.73894,NA,NA,NA,NA,NA,NA,67bf9003-9d93-49fb-89c2-36bfdacb035e,2025-06-27,00:15:06,2025-06-27T00:15:06Z,2025-06-27T00:15:06Z,NA,v3,NA,NA,NA,"Manley, Nathan",1000093427,Right,WLM_SHK,9b03d5be-0da3-4aef-a90f-40a12fe78e82,54.92449,-121.5027,11.74431,5.30779,1.28463,-16.72973,-1.47112,5.345,2.01029,NA,NA,NA,NA,NA,NA,NA,NA,NA,NA,NA,NA,NA,NA,NA,NA,NA,NA,NA,NA,NA,NA,NA,NA,NA,NA,NA,NA,NA,NA,NA,NA,NA,NA,NA,NA,NA,NA,NA,NA,NA,NA,NA,NA,NA,NA,NA,NA,NA,NA,High,High,High,NA,NA,NA,NA,NA,NA,NA,NA,NA,NA,NA,NA,NA,NA,NA,NA,NA,NA,NA,NA,NA,NA,NA,NA,NA,NA,NA,NA,NA,NA,NA,NA,NA,NA,NA,NA,NA,NA,NA,NA,NA,NA,NA,NA,NA,NA,NA,NA,NA,NA,NA,NA,NA,NA,NA,NA,NA,NA
NA,NA,NA,NA,NA,NA,NA,NA,NA,NA,NA,NA,NA,NA,NA,NA,184,2025-06-26,20:15:27,1,2,"Kane, Connor",703475,Right,WLM_SHK,"Mally, Tanner",10021383,Right,MOR_HED,Undefined,6,Bottom,0,0,1,Slider,Slider,BallCalled,Undefined,Undefined,Undefined,0,0,NA,85.03121,-0.468751,-3.31257,2483.17124,78.182978,08:30:00,5.26264,1.47188,5.57617,-39.36349,0.12244,-5.6578,1.5438,-2.09697,77.62892,-7.666004,-4.320035,0.452265,NA,NA,NA,NA,NA,NA,NA,NA,NA,NA,NA,1.85453,0.61839,-1.18277,50,5.19669,7.36997,-123.20412,-2.42061,2.82732,26.33742,-31.23128,MOR_HED,WLM_SHK,BigRockStadium,CPL,CPL,20250626-BigRockStadium-1,d4120bb0-52eb-11f0-91de-9dd0983a3e69,83.34158,NA,NA,7.40229,NA,NA,NA,NA,NA,NA,67bf9003-9d93-49fb-89c2-36bfdacb035e,2025-06-27,00:15:27,2025-06-27T00:15:27Z,2025-06-27T00:15:27Z,NA,v3,NA,NA,NA,"Manley, Nathan",1000093427,Right,WLM_SHK,e7e2f47e-efb3-4c0b-8d07-bef8a3d80050,54.92166,-124.25177,13.16871,5.26827,-1.17829,-15.61564,-1.4737,7.25751,1.41366,NA,NA,NA,NA,NA,NA,NA,NA,NA,NA,NA,NA,NA,NA,NA,NA,NA,NA,NA,NA,NA,NA,NA,NA,NA,NA,NA,NA,NA,NA,NA,NA,NA,NA,NA,NA,NA,NA,NA,NA,NA,NA,NA,NA,NA,NA,NA,NA,NA,NA,High,High,High,NA,NA,NA,NA,NA,NA,NA,NA,NA,NA,NA,NA,NA,NA,NA,NA,NA,NA,NA,NA,NA,NA,NA,NA,NA,NA,NA,NA,NA,NA,NA,NA,NA,NA,NA,NA,NA,NA,NA,NA,NA,NA,NA,NA,NA,NA,NA,NA,NA,NA,NA,NA,NA,NA,NA,NA,NA,NA
NA,NA,NA,NA,NA,NA,NA,NA,NA,NA,NA,NA,NA,NA,NA,NA,185,2025-06-26,20:15:44,1,3,"Kane, Connor",703475,Right,WLM_SHK,"Mally, Tanner",10021383,Right,MOR_HED,Undefined,6,Bottom,0,1,1,Fastball,Cutter,StrikeSwinging,Undefined,Undefined,Undefined,0,0,NA,89.34165,-0.096971,-1.76056,2330.193497,174.807982,11:45:00,5.28243,1.39752,6.1283,-24.251,10.78942,-0.87055,3.17184,-0.30292,80.85828,-4.671129,-1.917396,0.426045,NA,NA,NA,NA,NA,NA,NA,NA,NA,NA,NA,-0.09969,5.96111,-1.26252,50,5.26255,4.02148,-129.6437,-0.98239,-0.16778,29.92669,-22.14185,MOR_HED,WLM_SHK,BigRockStadium,CPL,CPL,20250626-BigRockStadium-1,de8cb180-52eb-11f0-91de-9dd0983a3e69,88.47048,NA,NA,8.48337,NA,NA,NA,NA,NA,NA,67bf9003-9d93-49fb-89c2-36bfdacb035e,2025-06-27,00:15:44,2025-06-27T00:15:44Z,2025-06-27T00:15:44Z,NA,v3,NA,NA,NA,"Manley, Nathan",1000093427,Right,WLM_SHK,7bb793d5-c30d-4dd6-b14d-ff44e8956631,54.36749,-130.648,14.96334,5.28304,-0.23934,-11.07093,-1.39757,4.02711,-0.08389,NA,NA,NA,NA,NA,NA,NA,NA,NA,NA,NA,NA,NA,NA,NA,NA,NA,NA,NA,NA,NA,NA,NA,NA,NA,NA,NA,NA,NA,NA,NA,NA,NA,NA,NA,NA,NA,NA,NA,NA,NA,NA,NA,NA,NA,NA,NA,NA,NA,NA,High,High,High,NA,NA,NA,NA,NA,NA,NA,NA,NA,NA,NA,NA,NA,NA,NA,NA,NA,NA,NA,NA,NA,NA,NA,NA,NA,NA,NA,NA,NA,NA,NA,NA,NA,NA,NA,NA,NA,NA,NA,NA,NA,NA,NA,NA,NA,NA,NA,NA,NA,NA,NA,NA,NA,NA,NA,NA,NA,NA
NA,NA,NA,NA,NA,NA,NA,NA,NA,NA,NA,NA,NA,NA,NA,NA,186,2025-06-26,20:16:03,1,4,"Kane, Connor",703475,Right,WLM_SHK,"Mally, Tanner",10021383,Right,MOR_HED,Undefined,6,Bottom,0,1,2,Fastball,Four-Seam,FoulBallNotFieldable,Undefined,Undefined,Undefined,0,0,NA,90.24599,-0.190025,-2.676803,2192.723297,178.597435,12:00:00,5.30451,1.22098,6.31634,-18.22903,15.94076,-0.36118,3.61021,-1.27645,81.5111,-3.690906,-2.742003,0.420719,72.27359,19.342945,163.608528,3068.747628,-106.9498,14.19267,25.72395,151.85499,50.63491,168.658533,1.838543,-0.65591,8.6954,-1.02491,50,5.28183,6.13532,-130.91232,-0.9358,-1.1238,30.90918,-17.27549,MOR_HED,WLM_SHK,BigRockStadium,CPL,CPL,20250626-BigRockStadium-1,e9fadf10-52eb-11f0-91de-9dd0983a3e69,89.59045,17.38134,NA,8.7349,NA,NA,NA,0.00244,3.5423,1.36565,67bf9003-9d93-49fb-89c2-36bfdacb035e,2025-06-27,00:16:03,2025-06-27T00:16:03Z,2025-06-27T00:16:03Z,LineDrive,v3,NA,NA,NA,"Manley, Nathan",1000093427,Right,WLM_SHK,c298b9e7-39be-49dc-9cdc-f7dd877a3a89,54.18004,-131.89556,15.45459,5.30286,-0.38625,-8.63774,-1.22064,6.17107,-0.5619,318.29724,0.00237,-95.94759,8.18449,0.09523,-0.23564,0.1048,0.09739,-0.09355,0.02016,3.54234,35.10634,-24.28817,2.68004,-0.01361,-0.44214,0.33216,-0.11067,0.01403,1.36571,28.22061,-7.04084,-0.02545,0.19951,-0.09988,-0.07337,0.07582,-0.01658,NA,NA,NA,NA,NA,NA,NA,NA,NA,NA,NA,NA,NA,NA,NA,NA,NA,NA,NA,NA,NA,NA,High,High,High,High,Medium,NA,NA,NA,NA,NA,NA,NA,NA,NA,NA,NA,NA,NA,NA,NA,NA,NA,NA,NA,NA,NA,NA,NA,NA,NA,NA,NA,NA,NA,NA,NA,NA,NA,NA,NA,NA,NA,NA,NA,NA,NA,NA,NA,NA,NA,NA,NA,NA,NA,NA,NA,NA,NA,NA,NA,NA
NA,NA,NA,NA,NA,NA,NA,NA,NA,NA,NA,NA,NA,NA,NA,NA,187,2025-06-26,20:16:24,1,5,"Kane, Connor",703475,Right,WLM_SHK,"Mally, Tanner",10021383,Right,MOR_HED,Undefined,6,Bottom,0,1,2,Curveball,Curveball,InPlay,Undefined,GroundBall,Out,1,0,NA,79.70344,2.754313,-0.117429,2362.617029,68.4715,08:15:00,5.01467,1.8574,5.61396,-50.29802,-5.28063,-17.31477,3.39585,0.30491,72.16411,-6.479927,-3.208401,0.482905,40.77953,-11.480724,-7.361104,NA,NA,NA,NA,14.21792,3.34478,-7.278895,0.231813,8.71371,-3.08433,-1.83597,50,5.21772,0.92384,-115.55768,3.85023,11.6206,24.29575,-36.28733,MOR_HED,WLM_SHK,BigRockStadium,CPL,CPL,20250626-BigRockStadium-1,f6397c00-52eb-11f0-91de-9dd0983a3e69,78.05357,2.79154,NA,7.53933,NA,NA,NA,0.47206,2.79154,-0.04041,67bf9003-9d93-49fb-89c2-36bfdacb035e,2025-06-27,00:16:24,2025-06-27T00:16:24Z,2025-06-27T00:16:24Z,GroundBall,v3,NA,NA,NA,"Manley, Nathan",1000093427,Right,WLM_SHK,0228572d-5a17-478c-893e-f08bafffc945,54.88594,-116.58041,12.14788,5.02349,5.37775,-18.14367,-1.86457,0.43467,5.8103,180,0.44696,58.80286,NA,NA,NA,NA,NA,NA,NA,2.79668,-12.04222,NA,NA,NA,NA,NA,NA,NA,-0.03717,-7.59657,NA,NA,NA,NA,NA,NA,NA,NA,NA,NA,NA,NA,NA,NA,NA,NA,NA,NA,NA,NA,NA,NA,NA,NA,NA,NA,NA,NA,NA,High,High,High,Low,Low,NA,NA,NA,NA,NA,NA,NA,NA,NA,NA,NA,NA,NA,NA,NA,NA,NA,NA,NA,NA,NA,NA,NA,NA,NA,NA,NA,NA,NA,NA,NA,NA,NA,NA,NA,NA,NA,NA,NA,NA,NA,NA,NA,NA,NA,NA,NA,NA,NA,NA,NA,NA,NA,NA,NA,NA
NA,NA,NA,NA,NA,NA,NA,NA,NA,NA,NA,NA,NA,NA,NA,NA,188,2025-06-26,20:17:04,2,1,"Kane, Connor",703475,Right,WLM_SHK,"LeJeune, Tyler",1000077446,Left,MOR_HED,Undefined,6,Bottom,1,0,0,Fastball,Four-Seam,BallCalled,Undefined,Undefined,Undefined,0,0,NA,90.50697,0.278808,-2.691987,2277.701944,191.226802,12:15:00,5.32133,1.4974,6.25053,-20.8043,13.04701,2.36851,3.84505,-0.78966,82.20336,-3.670461,-2.264858,0.418754,NA,NA,NA,NA,NA,NA,NA,NA,NA,NA,NA,-2.01323,7.01386,-1.29836,50,5.33178,6.07628,-131.34007,0.01815,-3.49662,29.29765,-19.99232,MOR_HED,WLM_SHK,BigRockStadium,CPL,CPL,20250626-BigRockStadium-1,0de7cd20-52ec-11f0-91de-9dd0983a3e69,90.01088,NA,NA,8.3036,NA,NA,NA,NA,NA,NA,67bf9003-9d93-49fb-89c2-36bfdacb035e,2025-06-27,00:17:04,2025-06-27T00:17:04Z,2025-06-27T00:17:04Z,NA,v3,NA,NA,NA,"Manley, Nathan",1000093427,Right,WLM_SHK,6e10e795-46e5-4c3d-809a-aea0e7577d03,54.2457,-132.28376,14.64883,5.32082,0.6621,-9.99616,-1.49589,6.1889,-1.74831,NA,NA,NA,NA,NA,NA,NA,NA,NA,NA,NA,NA,NA,NA,NA,NA,NA,NA,NA,NA,NA,NA,NA,NA,NA,NA,NA,NA,NA,NA,NA,NA,NA,NA,NA,NA,NA,NA,NA,NA,NA,NA,NA,NA,NA,NA,NA,NA,NA,NA,High,High,High,NA,NA,NA,NA,NA,NA,NA,NA,NA,NA,NA,NA,NA,NA,NA,NA,NA,NA,NA,NA,NA,NA,NA,NA,NA,NA,NA,NA,NA,NA,NA,NA,NA,NA,NA,NA,NA,NA,NA,NA,NA,NA,NA,NA,NA,NA,NA,NA,NA,NA,NA,NA,NA,NA,NA,NA,NA,NA
NA,NA,NA,NA,NA,NA,NA,NA,NA,NA,NA,NA,NA,NA,NA,NA,189,2025-06-26,20:17:19,2,2,"Kane, Connor",703475,Right,WLM_SHK,"LeJeune, Tyler",1000077446,Left,MOR_HED,Undefined,6,Bottom,1,1,0,Slider,Slider,StrikeCalled,Undefined,Undefined,Undefined,0,0,NA,84.0331,0.767699,-0.747533,2308.70134,57.956999,08:00:00,5.1577,1.76611,5.76456,-41.43341,-1.76126,-4.75071,2.41952,0.67445,77.16667,-6.838253,-1.598932,0.45333,NA,NA,NA,NA,NA,NA,NA,NA,NA,NA,NA,2.21197,-0.72921,-1.70134,50,5.19613,1.78546,-122.10654,0.19696,3.34135,23.92632,-33.27557,MOR_HED,WLM_SHK,BigRockStadium,CPL,CPL,20250626-BigRockStadium-1,16dd5990-52ec-11f0-91de-9dd0983a3e69,83.14571,NA,NA,6.86643,NA,NA,NA,NA,NA,NA,67bf9003-9d93-49fb-89c2-36bfdacb035e,2025-06-27,00:17:19,2025-06-27T00:17:19Z,2025-06-27T00:17:19Z,NA,v3,NA,NA,NA,"Manley, Nathan",1000093427,Right,WLM_SHK,84a7bb4d-254d-4166-b46b-8ea2c4e295a2,54.73513,-123.03087,11.96316,5.16369,1.48248,-16.63779,-1.76782,1.65637,1.67067,NA,NA,NA,NA,NA,NA,NA,NA,NA,NA,NA,NA,NA,NA,NA,NA,NA,NA,NA,NA,NA,NA,NA,NA,NA,NA,NA,NA,NA,NA,NA,NA,NA,NA,NA,NA,NA,NA,NA,NA,NA,NA,NA,NA,NA,NA,NA,NA,NA,NA,High,High,High,NA,NA,NA,NA,NA,NA,NA,NA,NA,NA,NA,NA,NA,NA,NA,NA,NA,NA,NA,NA,NA,NA,NA,NA,NA,NA,NA,NA,NA,NA,NA,NA,NA,NA,NA,NA,NA,NA,NA,NA,NA,NA,NA,NA,NA,NA,NA,NA,NA,NA,NA,NA,NA,NA,NA,NA,NA,NA
NA,NA,NA,NA,NA,NA,NA,NA,NA,NA,NA,NA,NA,NA,NA,NA,190,2025-06-26,20:17:36,2,3,"Kane, Connor",703475,Right,WLM_SHK,"LeJeune, Tyler",1000077446,Left,MOR_HED,Undefined,6,Bottom,1,1,1,Slider,Slider,BallCalled,Undefined,Undefined,Undefined,0,0,NA,83.39255,0.745121,0.984412,2450.556719,43.161534,07:30:00,5.19427,1.93221,5.51225,-45.15904,-4.16095,-5.17544,2.12793,2.42155,76.03679,-7.509582,0.060777,0.460843,NA,NA,NA,NA,NA,NA,NA,NA,NA,NA,NA,2.89744,-1.88555,-2.01451,50,5.22906,-1.86235,-121.0252,-0.0591,4.26486,25.28986,-34.94948,MOR_HED,WLM_SHK,BigRockStadium,CPL,CPL,20250626-BigRockStadium-1,20e54060-52ec-11f0-91de-9dd0983a3e69,81.79015,NA,NA,7.35577,NA,NA,NA,NA,NA,NA,67bf9003-9d93-49fb-89c2-36bfdacb035e,2025-06-27,00:17:36,2025-06-27T00:17:36Z,2025-06-27T00:17:36Z,NA,v3,NA,NA,NA,"Manley, Nathan",1000093427,Right,WLM_SHK,d00e9db9-024b-4d4e-be07-28fd183a408a,54.98651,-122.06275,12.64493,5.20207,1.37475,-17.47474,-1.93451,-2.03732,2.13243,NA,NA,NA,NA,NA,NA,NA,NA,NA,NA,NA,NA,NA,NA,NA,NA,NA,NA,NA,NA,NA,NA,NA,NA,NA,NA,NA,NA,NA,NA,NA,NA,NA,NA,NA,NA,NA,NA,NA,NA,NA,NA,NA,NA,NA,NA,NA,NA,NA,NA,High,High,High,NA,NA,NA,NA,NA,NA,NA,NA,NA,NA,NA,NA,NA,NA,NA,NA,NA,NA,NA,NA,NA,NA,NA,NA,NA,NA,NA,NA,NA,NA,NA,NA,NA,NA,NA,NA,NA,NA,NA,NA,NA,NA,NA,NA,NA,NA,NA,NA,NA,NA,NA,NA,NA,NA,NA,NA,NA,NA
NA,NA,NA,NA,NA,NA,NA,NA,NA,NA,NA,NA,NA,NA,NA,NA,191,2025-06-26,20:17:55,2,4,"Kane, Connor",703475,Right,WLM_SHK,"LeJeune, Tyler",1000077446,Left,MOR_HED,Undefined,6,Bottom,1,2,1,Fastball,Four-Seam,StrikeSwinging,Undefined,Undefined,Undefined,0,0,NA,90.27825,-0.161349,-1.416376,2289.978246,189.638794,12:15:00,5.16763,1.578,6.22961,-20.35481,13.75387,2.13894,3.32249,0.44925,81.77804,-4.036391,-1.030176,0.420343,NA,NA,NA,NA,NA,NA,NA,NA,NA,NA,NA,-1.53721,7.51788,-1.47325,50,5.14546,3.15192,-131.07523,-0.97081,-2.64906,30.1464,-19.21845,MOR_HED,WLM_SHK,BigRockStadium,CPL,CPL,20250626-BigRockStadium-1,2c763830-52ec-11f0-91de-9dd0983a3e69,89.67066,NA,NA,8.5002,NA,NA,NA,NA,NA,NA,67bf9003-9d93-49fb-89c2-36bfdacb035e,2025-06-27,00:17:55,2025-06-27T00:17:55Z,2025-06-27T00:17:55Z,NA,v3,NA,NA,NA,"Manley, Nathan",1000093427,Right,WLM_SHK,1a4518fd-46f8-4984-89eb-209e9c530b3c,54.26677,-132.05291,15.0732,5.16683,-0.34753,-9.60923,-1.57686,3.23783,-1.32453,NA,NA,NA,NA,NA,NA,NA,NA,NA,NA,NA,NA,NA,NA,NA,NA,NA,NA,NA,NA,NA,NA,NA,NA,NA,NA,NA,NA,NA,NA,NA,NA,NA,NA,NA,NA,NA,NA,NA,NA,NA,NA,NA,NA,NA,NA,NA,NA,NA,NA,High,High,High,NA,NA,NA,NA,NA,NA,NA,NA,NA,NA,NA,NA,NA,NA,NA,NA,NA,NA,NA,NA,NA,NA,NA,NA,NA,NA,NA,NA,NA,NA,NA,NA,NA,NA,NA,NA,NA,NA,NA,NA,NA,NA,NA,NA,NA,NA,NA,NA,NA,NA,NA,NA,NA,NA,NA,NA,NA,NA
NA,NA,NA,NA,NA,NA,NA,NA,NA,NA,NA,NA,NA,NA,NA,NA,192,2025-06-26,20:18:14,2,5,"Kane, Connor",703475,Right,WLM_SHK,"LeJeune, Tyler",1000077446,Left,MOR_HED,Undefined,6,Bottom,1,2,2,Fastball,Four-Seam,StrikeCalled,Strikeout,Undefined,Undefined,0,0,NA,90.54469,-0.671636,-1.22781,2226.750297,206.188858,12:45:00,5.26685,1.51923,5.9952,-17.31513,17.33906,7.87619,3.20136,1.03762,80.96544,-4.013309,0.188321,0.423691,NA,NA,NA,NA,NA,NA,NA,NA,NA,NA,NA,-4.43217,9.4865,-1.42667,50,5.20453,2.46544,-131.22613,-2.02247,-7.55682,33.5204,-15.99959,MOR_HED,WLM_SHK,BigRockStadium,CPL,CPL,20250626-BigRockStadium-1,379386a0-52ec-11f0-91de-9dd0983a3e69,88.96208,NA,NA,9.57925,NA,NA,NA,NA,NA,NA,67bf9003-9d93-49fb-89c2-36bfdacb035e,2025-06-27,00:18:14,2025-06-27T00:18:14Z,2025-06-27T00:18:14Z,NA,v3,NA,NA,NA,"Manley, Nathan",1000093427,Right,WLM_SHK,e812f391-6e0f-4198-99f2-7eb7f4ec381f,54.49858,-132.37026,16.7602,5.26425,-1.47637,-7.99979,-1.51522,2.72338,-3.77841,NA,NA,NA,NA,NA,NA,NA,NA,NA,NA,NA,NA,NA,NA,NA,NA,NA,NA,NA,NA,NA,NA,NA,NA,NA,NA,NA,NA,45.55199,3.342442,1.804698,1.537744,-0.2953,3.07928,-1.04393,-2.87047,6.18897,-0.55283,74.00253,-1.25758,-50.77382,-2.85141,52.82939,-1.86882,6.24231,18.83077,-15.47647,-0.57713,-35.49746,1.87637,High,High,High,NA,NA,High,High,High,NA,NA,NA,NA,NA,NA,NA,NA,NA,NA,NA,NA,NA,NA,NA,NA,NA,NA,NA,NA,NA,NA,NA,NA,NA,NA,NA,NA,NA,NA,NA,NA,NA,NA,NA,NA,NA,NA,NA,NA,NA,NA,NA,NA,NA,NA,NA,NA,NA,NA,NA,NA,NA
NA,NA,NA,NA,NA,NA,NA,NA,NA,NA,NA,NA,NA,NA,NA,NA,193,2025-06-26,20:18:51,3,1,"Kane, Connor",703475,Right,WLM_SHK,"Poppell, Broedy",701435,Left,MOR_HED,Undefined,6,Bottom,2,0,0,Fastball,Four-Seam,BallCalled,Undefined,Undefined,Undefined,0,0,NA,90.68802,0.014005,-1.166632,2255.547299,207.028681,01:00:00,5.22378,1.63436,6.18399,-18.85296,15.06843,7.0879200000000004,3.66564,1.14762,81.93388,-3.592835,0.112286,0.419188,NA,NA,NA,NA,NA,NA,NA,NA,NA,NA,NA,-4.01264,8.12756,-1.54972,50,5.21526,2.38116,-131.64772,-0.51352,-6.96115,30.94291,-18.07429,MOR_HED,WLM_SHK,BigRockStadium,CPL,CPL,20250626-BigRockStadium-1,4e003000-52ec-11f0-91de-9dd0983a3e69,89.91784,NA,NA,8.75413,NA,NA,NA,NA,NA,NA,67bf9003-9d93-49fb-89c2-36bfdacb035e,2025-06-27,00:18:51,2025-06-27T00:18:51Z,2025-06-27T00:18:51Z,NA,v3,NA,NA,NA,"Manley, Nathan",1000093427,Right,WLM_SHK,217a9a9e-4c7f-44c5-90fd-03650e5ba2b8,54.31207,-132.65737,15.47145,5.22239,0.07624,-9.03715,-1.63113,2.6083,-3.48058,NA,NA,NA,NA,NA,NA,NA,NA,NA,NA,NA,NA,NA,NA,NA,NA,NA,NA,NA,NA,NA,NA,NA,NA,NA,NA,NA,NA,NA,NA,NA,NA,NA,NA,NA,NA,NA,NA,NA,NA,NA,NA,NA,NA,NA,NA,NA,NA,NA,NA,High,High,High,NA,NA,NA,NA,NA,NA,NA,NA,NA,NA,NA,NA,NA,NA,NA,NA,NA,NA,NA,NA,NA,NA,NA,NA,NA,NA,NA,NA,NA,NA,NA,NA,NA,NA,NA,NA,NA,NA,NA,NA,NA,NA,NA,NA,NA,NA,NA,NA,NA,NA,NA,NA,NA,NA,NA,NA,NA,NA
NA,NA,NA,NA,NA,NA,NA,NA,NA,NA,NA,NA,NA,NA,NA,NA,194,2025-06-26,20:19:06,3,2,"Kane, Connor",703475,Right,WLM_SHK,"Poppell, Broedy",701435,Left,MOR_HED,Undefined,6,Bottom,2,1,0,Slider,Slider,InPlay,Undefined,FlyBall,Single,0,0,NA,84.28112,0.177765,-0.686168,2463.822572,42.049922,07:30:00,5.26611,1.67849,5.46421,-46.49951,-6.4363,-6.95378,1.55754,0.45677,77.28123,-8.280254,-1.926952,0.455558,100.38335,13.483763,17.884168,1476.099628,103.36964,20.09577,37.61269,270.53229,269.17628,23.772169,2.503206,3.34599,-3.03075,-1.61305,50,5.24936,1.7501,-122.41188,-1.31218,5.05139,25.30396,-36.74956,MOR_HED,WLM_SHK,BigRockStadium,CPL,CPL,20250626-BigRockStadium-1,56f56e50-52ec-11f0-91de-9dd0983a3e69,82.73898,21.71305,NA,6.99989,NA,NA,NA,1.64591,1.60085,-0.47293,67bf9003-9d93-49fb-89c2-36bfdacb035e,2025-06-27,00:19:06,2025-06-27T00:19:06Z,2025-06-27T00:19:06Z,LineDrive,v3,NA,NA,NA,"Manley, Nathan",1000093427,Right,WLM_SHK,a73a5f0b-261c-4995-b324-96d1b4377ea9,55.03742,-123.44878,12.65198,5.27228,0.19374,-18.37478,-1.68053,1.54311,2.5257,234.486466,1.64598,136.24904,-23.48277,5.12055,-1.12215,0.2956,-0.09353,0.02076,-0.00199,1.60077,34.33255,-15.27656,0.53254,0.0499,-0.08647,0.05096,-0.01353,0.0014,-0.47303,43.97123,1.8524,-1.535,0.56496,-0.22496,0.08741,-0.02092,0.0021,NA,NA,NA,NA,NA,NA,NA,NA,NA,NA,NA,NA,NA,NA,NA,NA,NA,NA,NA,NA,NA,NA,High,High,High,High,High,NA,NA,NA,NA,NA,NA,NA,NA,NA,NA,NA,NA,NA,NA,NA,NA,NA,NA,NA,NA,NA,NA,NA,NA,NA,NA,NA,NA,NA,NA,NA,NA,NA,NA,NA,NA,NA,NA,NA,NA,NA,NA,NA,NA,NA,NA,NA,NA,NA,NA,NA,NA,NA,NA,NA,NA
NA,NA,NA,NA,NA,NA,NA,NA,NA,NA,NA,NA,NA,NA,NA,NA,195,2025-06-26,20:19:55,4,1,"Kane, Connor",703475,Right,WLM_SHK,"Pacheco, DJ",1000222093,Right,MOR_HED,Undefined,6,Bottom,2,0,0,Slider,Slider,BallCalled,Undefined,Undefined,Undefined,0,0,NA,85.69567,-0.244432,-2.412063,2384.346678,51.964273,07:45:00,5.06028,1.55025,5.64689,-39.65667,-0.74382,-2.68646,1.52736,-0.92482,77.75017,-7.525926,-2.891959,0.448971,NA,NA,NA,NA,NA,NA,NA,NA,NA,NA,NA,0.59835,0.06268,-1.34377,50,5.01427,5.34476,-124.23176,-1.94064,0.92174,28.21332,-32.07748,MOR_HED,WLM_SHK,BigRockStadium,CPL,CPL,20250626-BigRockStadium-1,745173e0-52ec-11f0-91de-9dd0983a3e69,83.95299,NA,NA,7.9455,NA,NA,NA,NA,NA,NA,67bf9003-9d93-49fb-89c2-36bfdacb035e,2025-06-27,00:19:55,2025-06-27T00:19:55Z,2025-06-27T00:19:55Z,NA,v3,NA,NA,NA,"Manley, Nathan",1000093427,Right,WLM_SHK,4df34255-cb9a-43ee-9c39-e8f8c1e5c657,54.85163,-125.32873,14.10666,5.06548,-0.69342,-16.03874,-1.55089,5.30892,0.46087,NA,NA,NA,NA,NA,NA,NA,NA,NA,NA,NA,NA,NA,NA,NA,NA,NA,NA,NA,NA,NA,NA,NA,NA,NA,NA,NA,NA,NA,NA,NA,NA,NA,NA,NA,NA,NA,NA,NA,NA,NA,NA,NA,NA,NA,NA,NA,NA,NA,NA,High,High,High,NA,NA,NA,NA,NA,NA,NA,NA,NA,NA,NA,NA,NA,NA,NA,NA,NA,NA,NA,NA,NA,NA,NA,NA,NA,NA,NA,NA,NA,NA,NA,NA,NA,NA,NA,NA,NA,NA,NA,NA,NA,NA,NA,NA,NA,NA,NA,NA,NA,NA,NA,NA,NA,NA,NA,NA,NA,NA
NA,NA,NA,NA,NA,NA,NA,NA,NA,NA,NA,NA,NA,NA,NA,NA,196,2025-06-26,20:20:15,4,2,"Kane, Connor",703475,Right,WLM_SHK,"Pacheco, DJ",1000222093,Right,MOR_HED,Undefined,6,Bottom,2,1,0,Slider,Slider,BallCalled,Undefined,Undefined,Undefined,0,0,NA,84.03825,-1.454208,-2.529156,1683.844671,98.573158,09:15:00,5.14513,1.686,5.6399,-38.07742,2.17571,-5.63512,0.6138,-1.14452,76.91242,-8.421669,-3.535792,0.456637,NA,NA,NA,NA,NA,NA,NA,NA,NA,NA,NA,2.13591,1.86173,-1.46722,50,4.99693,5.60646,-121.872,-4.40108,3.18618,25.77856,-29.39686,MOR_HED,WLM_SHK,BigRockStadium,CPL,CPL,20250626-BigRockStadium-1,7ff61ac0-52ec-11f0-91de-9dd0983a3e69,82.54353,NA,NA,7.12582,NA,NA,NA,NA,NA,NA,67bf9003-9d93-49fb-89c2-36bfdacb035e,2025-06-27,00:20:15,2025-06-27T00:20:15Z,2025-06-27T00:20:15Z,NA,v3,NA,NA,NA,"Manley, Nathan",1000093427,Right,WLM_SHK,792ad97b-da79-471d-a176-90e9d1fd3ac9,54.8603,-122.89576,12.88928,5.14853,-3.23362,-14.69843,-1.68737,5.47993,1.59309,NA,NA,NA,NA,NA,NA,NA,NA,NA,NA,NA,NA,NA,NA,NA,NA,NA,NA,NA,NA,NA,NA,NA,NA,NA,NA,NA,NA,NA,NA,NA,NA,NA,NA,NA,NA,NA,NA,NA,NA,NA,NA,NA,NA,NA,NA,NA,NA,NA,NA,High,High,High,NA,NA,NA,NA,NA,NA,NA,NA,NA,NA,NA,NA,NA,NA,NA,NA,NA,NA,NA,NA,NA,NA,NA,NA,NA,NA,NA,NA,NA,NA,NA,NA,NA,NA,NA,NA,NA,NA,NA,NA,NA,NA,NA,NA,NA,NA,NA,NA,NA,NA,NA,NA,NA,NA,NA,NA,NA,NA
NA,NA,NA,NA,NA,NA,NA,NA,NA,NA,NA,NA,NA,NA,NA,NA,197,2025-06-26,20:20:38,4,3,"Kane, Connor",703475,Right,WLM_SHK,"Pacheco, DJ",1000222093,Right,MOR_HED,Undefined,6,Bottom,2,2,0,Fastball,Four-Seam,BallCalled,Undefined,Undefined,Undefined,0,0,NA,91.78816,-0.989195,-3.663842,2345.336916,209.970391,01:00:00,5.16017,1.2906,6.4797,-17.37119,15.39501,8.23095,2.80232,-1.3923,83.16206,-4.328698,-2.174702,0.411988,NA,NA,NA,NA,NA,NA,NA,NA,NA,NA,NA,-5.38276,8.67,-1.03591,50,5.08258,8.18186,-133.08417,-2.76925,-9.57239,30.8093,-16.75582,MOR_HED,WLM_SHK,BigRockStadium,CPL,CPL,20250626-BigRockStadium-1,8d5f7c10-52ec-11f0-91de-9dd0983a3e69,91.48919,NA,NA,8.6261,NA,NA,NA,NA,NA,NA,67bf9003-9d93-49fb-89c2-36bfdacb035e,2025-06-27,00:20:38,2025-06-27T00:20:38Z,2025-06-27T00:20:38Z,NA,v3,NA,NA,NA,"Manley, Nathan",1000093427,Right,WLM_SHK,e457e30d-8a5e-47db-bd22-827c7cf2dfe0,54.01658,-134.01079,15.40465,5.15828,-2.2653,-8.37791,-1.28632,8.46976,-4.78619,NA,NA,NA,NA,NA,NA,NA,NA,NA,NA,NA,NA,NA,NA,NA,NA,NA,NA,NA,NA,NA,NA,NA,NA,NA,NA,NA,NA,NA,NA,NA,NA,NA,NA,NA,NA,NA,NA,NA,NA,NA,NA,NA,NA,NA,NA,NA,NA,NA,NA,High,High,High,NA,NA,NA,NA,NA,NA,NA,NA,NA,NA,NA,NA,NA,NA,NA,NA,NA,NA,NA,NA,NA,NA,NA,NA,NA,NA,NA,NA,NA,NA,NA,NA,NA,NA,NA,NA,NA,NA,NA,NA,NA,NA,NA,NA,NA,NA,NA,NA,NA,NA,NA,NA,NA,NA,NA,NA,NA,NA
NA,NA,NA,NA,NA,NA,NA,NA,NA,NA,NA,NA,NA,NA,NA,NA,198,2025-06-26,20:20:59,4,4,"Kane, Connor",703475,Right,WLM_SHK,"Pacheco, DJ",1000222093,Right,MOR_HED,Undefined,6,Bottom,2,3,0,Slider,Slider,BallCalled,Walk,Undefined,Undefined,0,0,NA,83.61641,-0.203154,-2.911255,2518.44303,53.592783,07:45:00,5.2358,1.57958,5.43966,-43.15069,-2.10315,-4.70973,1.44944,-1.54127,76.3045,-8.066313,-3.748763,0.461121,NA,NA,NA,NA,NA,NA,NA,NA,NA,NA,NA,1.48965,-0.61551,-1.31852,50,5.18796,6.35879,-121.18858,-1.98428,2.19439,25.78007,-33.08076,MOR_HED,WLM_SHK,BigRockStadium,CPL,CPL,20250626-BigRockStadium-1,9a533830-52ec-11f0-91de-9dd0983a3e69,81.74089,NA,NA,7.31191,NA,NA,NA,NA,NA,NA,67bf9003-9d93-49fb-89c2-36bfdacb035e,2025-06-27,00:20:59,2025-06-27T00:20:59Z,2025-06-27T00:20:59Z,NA,v3,NA,NA,NA,"Manley, Nathan",1000093427,Right,WLM_SHK,f53e6755-2395-4ce9-bcf1-50c9d73217c5,55.05942,-122.26012,12.89004,5.24186,-0.6093,-16.54038,-1.58093,6.26758,1.09719,NA,NA,NA,NA,NA,NA,NA,NA,NA,NA,NA,NA,NA,NA,NA,NA,NA,NA,NA,NA,NA,NA,NA,NA,NA,NA,NA,NA,NA,NA,NA,NA,NA,NA,NA,NA,NA,NA,NA,NA,NA,NA,NA,NA,NA,NA,NA,NA,NA,NA,High,High,High,NA,NA,NA,NA,NA,NA,NA,NA,NA,NA,NA,NA,NA,NA,NA,NA,NA,NA,NA,NA,NA,NA,NA,NA,NA,NA,NA,NA,NA,NA,NA,NA,NA,NA,NA,NA,NA,NA,NA,NA,NA,NA,NA,NA,NA,NA,NA,NA,NA,NA,NA,NA,NA,NA,NA,NA,NA,NA
NA,NA,NA,NA,NA,NA,NA,NA,NA,NA,NA,NA,NA,NA,NA,NA,199,2025-06-26,20:21:42,5,1,"Kane, Connor",703475,Right,WLM_SHK,"Bloomer, Chase",827167,Right,MOR_HED,Undefined,6,Bottom,2,0,0,Fastball,Cutter,BallCalled,Undefined,Undefined,Undefined,0,0,NA,88.95412,1.783508,-2.831023,2452.329353,170.317411,11:45:00,5.36526,1.37956,5.67791,-24.02745,11.86194,-1.82299,5.02815,-1.41363,80.64279,-2.714659,-3.155926,0.431176,NA,NA,NA,NA,NA,NA,NA,NA,NA,NA,NA,0.08358,5.84418,-1.13965,50,5.5009,6.45394,-128.87254,3.21207,0.13976,28.19614,-22.40117,MOR_HED,WLM_SHK,BigRockStadium,CPL,CPL,20250626-BigRockStadium-1,b3ef2880-52ec-11f0-91de-9dd0983a3e69,87.41779,NA,NA,8.31134,NA,NA,NA,NA,NA,NA,67bf9003-9d93-49fb-89c2-36bfdacb035e,2025-06-27,00:21:42,2025-06-27T00:21:42Z,2025-06-27T00:21:42Z,NA,v3,NA,NA,NA,"Manley, Nathan",1000093427,Right,WLM_SHK,ed029b20-b16a-400d-a7bc-9bbcbaa99dc2,54.81756,-129.9223,14.09807,5.36579,4.04609,-11.20059,-1.37984,6.44874,0.06988,NA,NA,NA,NA,NA,NA,NA,NA,NA,NA,NA,NA,NA,NA,NA,NA,NA,NA,NA,NA,NA,NA,NA,NA,NA,NA,NA,NA,NA,NA,NA,NA,NA,NA,NA,NA,NA,NA,NA,NA,NA,NA,NA,NA,NA,NA,NA,NA,NA,NA,High,High,High,NA,NA,NA,NA,NA,NA,NA,NA,NA,NA,NA,NA,NA,NA,NA,NA,NA,NA,NA,NA,NA,NA,NA,NA,NA,NA,NA,NA,NA,NA,NA,NA,NA,NA,NA,NA,NA,NA,NA,NA,NA,NA,NA,NA,NA,NA,NA,NA,NA,NA,NA,NA,NA,NA,NA,NA,NA,NA
NA,NA,NA,NA,NA,NA,NA,NA,NA,NA,NA,NA,NA,NA,NA,NA,200,2025-06-26,20:22:05,5,2,"Kane, Connor",703475,Right,WLM_SHK,"Bloomer, Chase",827167,Right,MOR_HED,Undefined,6,Bottom,2,1,0,Slider,Slider,StrikeCalled,Undefined,Undefined,Undefined,0,0,NA,83.56864,1.605205,-2.644317,2507.040551,63.293185,08:00:00,5.13663,1.73313,5.72285,-41.71207,-1.01535,-4.74055,3.15775,-1.12667,75.87079,-6.073793,-3.490785,0.459146,NA,NA,NA,NA,NA,NA,NA,NA,NA,NA,NA,1.58791,-0.57268,-1.50927,50,5.24535,5.78921,-121.12401,1.95217,2.33546,25.86032,-33.01632,MOR_HED,WLM_SHK,BigRockStadium,CPL,CPL,20250626-BigRockStadium-1,c1c10fa0-52ec-11f0-91de-9dd0983a3e69,82.09243,NA,NA,7.69785,NA,NA,NA,NA,NA,NA,67bf9003-9d93-49fb-89c2-36bfdacb035e,2025-06-27,00:22:05,2025-06-27T00:22:05Z,2025-06-27T00:22:05Z,NA,v3,NA,NA,NA,"Manley, Nathan",1000093427,Right,WLM_SHK,556fa617-012f-4f1e-b2d2-b75f2cf485c5,54.77483,-122.13919,12.93016,5.14328,3.24827,-16.50816,-1.73474,5.69752,1.16773,NA,NA,NA,NA,NA,NA,NA,NA,NA,NA,NA,NA,NA,NA,NA,NA,NA,NA,NA,NA,NA,NA,NA,NA,NA,NA,NA,NA,NA,NA,NA,NA,NA,NA,NA,NA,NA,NA,NA,NA,NA,NA,NA,NA,NA,NA,NA,NA,NA,NA,High,High,High,NA,NA,NA,NA,NA,NA,NA,NA,NA,NA,NA,NA,NA,NA,NA,NA,NA,NA,NA,NA,NA,NA,NA,NA,NA,NA,NA,NA,NA,NA,NA,NA,NA,NA,NA,NA,NA,NA,NA,NA,NA,NA,NA,NA,NA,NA,NA,NA,NA,NA,NA,NA,NA,NA,NA,NA,NA,NA
NA,NA,NA,NA,NA,NA,NA,NA,NA,NA,NA,NA,NA,NA,NA,NA,201,2025-06-26,20:22:26,5,3,"Kane, Connor",703475,Right,WLM_SHK,"Bloomer, Chase",827167,Right,MOR_HED,Undefined,6,Bottom,2,1,1,Slider,Slider,InPlay,Undefined,GroundBall,Out,1,0,NA,82.94256,0.954403,-0.972417,2549.1002,49.221726,07:45:00,5.18294,1.64946,5.5193,-45.17373,-3.72095,-5.90449,2.31103,0.24814,75.60886,-7.306898,-2.025845,0.463392,100.97214,6.385756,-32.199694,3146.099709,NA,NA,NA,110.53825,108.04859,-35.029447,0.832111,2.70933,-1.82976,-1.56065,50,5.23549,2.28264,-120.38336,0.40717,3.94161,25.2504,-34.83606,MOR_HED,WLM_SHK,BigRockStadium,CPL,CPL,20250626-BigRockStadium-1,cdf28d30-52ec-11f0-91de-9dd0983a3e69,81.34036,4.99863,NA,7.3337,NA,NA,NA,1.95165,2.25859,-0.11747,67bf9003-9d93-49fb-89c2-36bfdacb035e,2025-06-27,00:22:26,2025-06-27T00:22:26Z,2025-06-27T00:22:26Z,LineDrive,v3,NA,NA,NA,"Manley, Nathan",1000093427,Right,WLM_SHK,916c6c3a-af40-4007-b311-ecf132c299af,54.98088,-121.42361,12.6252,5.18915,1.84231,-17.41803,-1.65135,2.12026,1.97081,NA,2.04288,123.04046,-20.21067,NA,NA,NA,NA,NA,NA,2.34141,15.10832,-21.64645,NA,NA,NA,NA,NA,NA,-0.09493,-78.80554,3.18028,NA,NA,NA,NA,NA,NA,NA,NA,NA,NA,NA,NA,NA,NA,NA,NA,NA,NA,NA,NA,NA,NA,NA,NA,NA,NA,NA,NA,High,High,High,High,High,NA,NA,NA,NA,NA,NA,NA,NA,NA,NA,NA,NA,NA,NA,NA,NA,NA,NA,NA,NA,NA,NA,NA,NA,NA,NA,NA,NA,NA,NA,NA,NA,NA,NA,NA,NA,NA,NA,NA,NA,NA,NA,NA,NA,NA,NA,NA,NA,NA,NA,NA,NA,NA,NA,NA,NA
NA,NA,NA,NA,NA,NA,NA,NA,NA,NA,NA,NA,NA,NA,NA,NA,202,2025-06-26,20:25:03,1,1,"Thompson, Danny",1000109934,Right,MOR_HED,"Walker, Conlon",1000115634,Left,WLM_SHK,Undefined,7,Top,0,0,0,Fastball,Four-Seam,StrikeCalled,Undefined,Undefined,Undefined,0,0,NA,94.27263,-0.775015,-0.984328,2595.285727,191.298443,12:30:00,5.41492,1.42766,5.98825,-14.45292,17.18091,3.21229,3.49208,0.78298,85.14844,-3.563385,-0.406841,0.404806,NA,NA,NA,NA,NA,NA,NA,NA,NA,NA,NA,-1.9439,9.36457,-1.35173,50,5.34578,2.20458,-136.79092,-2.2593,-3.64202,33.32533,-14.62894,MOR_HED,WLM_SHK,BigRockStadium,CPL,CPL,20250626-BigRockStadium-1,2b6d3730-52ed-11f0-91de-9dd0983a3e69,93.1123,NA,NA,9.1242,NA,NA,NA,NA,NA,NA,67bf9003-9d93-49fb-89c2-36bfdacb035e,2025-06-27,00:25:03,2025-06-27T00:25:03Z,2025-06-27T00:25:03Z,NA,v3,NA,NA,NA,"Poppell, Broedy",701435,Right,MOR_HED,8a64629e-e867-42ec-9559-b37ebd3d2926,54.50722,-137.8846,16.66267,5.41205,-1.7792,-7.31447,-1.42604,2.3241,-1.82101,NA,NA,NA,NA,NA,NA,NA,NA,NA,NA,NA,NA,NA,NA,NA,NA,NA,NA,NA,NA,NA,NA,NA,NA,NA,NA,NA,NA,NA,NA,NA,NA,NA,NA,NA,NA,NA,NA,NA,NA,NA,NA,NA,NA,NA,NA,NA,NA,NA,NA,High,High,High,NA,NA,NA,NA,NA,NA,NA,NA,NA,NA,NA,NA,NA,NA,NA,NA,NA,NA,NA,NA,NA,NA,NA,NA,NA,NA,NA,NA,NA,NA,NA,NA,NA,NA,NA,NA,NA,NA,NA,NA,NA,NA,NA,NA,NA,NA,NA,NA,NA,NA,NA,NA,NA,NA,NA,NA,NA,NA
NA,NA,NA,NA,NA,NA,NA,NA,NA,NA,NA,NA,NA,NA,NA,NA,203,2025-06-26,20:25:14,1,2,"Thompson, Danny",1000109934,Right,MOR_HED,"Walker, Conlon",1000115634,Left,WLM_SHK,Undefined,7,Top,0,0,1,Fastball,Four-Seam,FoulBallNotFieldable,Undefined,Undefined,Undefined,0,0,NA,95.37776,-1.55598,-1.304901,2581.283185,195.143578,12:30:00,5.37413,1.38771,6.03268,-14.37426,16.3969,4.15429,2.73468,0.52532,86.482,-4.317219,-0.55747,0.399248,77.91842,29.272945,-136.330216,3153.236662,NA,NA,NA,NA,48.98748,NA,NA,-2.52071,9.20217,-1.28797,50,5.24474,2.96528,-138.41085,-4.17881,-4.85139,33.16879,-14.46354,MOR_HED,WLM_SHK,BigRockStadium,CPL,CPL,20250626-BigRockStadium-1,32054ba0-52ed-11f0-91de-9dd0983a3e69,94.40849,23.10108,NA,8.89575,NA,NA,NA,-1.00678,2.60588,-0.46872,67bf9003-9d93-49fb-89c2-36bfdacb035e,2025-06-27,00:25:14,2025-06-27T00:25:14Z,2025-06-27T00:25:14Z,NA,v3,NA,NA,NA,"Poppell, Broedy",701435,Right,MOR_HED,3fdb97d1-4462-4cac-b9d2-28b07ea7250e,54.46385,-139.47646,16.58439,5.37153,-3.71414,-7.23177,-1.38573,3.12114,-2.4257,NA,-1.00678,-72.10646,4.19873,2.48858,-1.24404,0.46522,-0.14444,0.04064,-0.00736,2.60588,55.87964,-34.98434,6.40898,-1.53337,0.34175,-0.07243,0.01346,-0.00116,-0.46872,-68.83372,20.16089,-5.35359,1.35583,-0.3051,0.06857,-0.01462,0.00213,NA,NA,NA,NA,NA,NA,NA,NA,NA,NA,NA,NA,NA,NA,NA,NA,NA,NA,NA,NA,NA,NA,High,High,High,High,Undefined,NA,NA,NA,NA,NA,NA,NA,NA,NA,NA,NA,NA,NA,NA,NA,NA,NA,NA,NA,NA,NA,NA,NA,NA,NA,NA,NA,NA,NA,NA,NA,NA,NA,NA,NA,NA,NA,NA,NA,NA,NA,NA,NA,NA,NA,NA,NA,NA,NA,NA,NA,NA,NA,NA,NA,NA
NA,NA,NA,NA,NA,NA,NA,NA,NA,NA,NA,NA,NA,NA,NA,NA,204,2025-06-26,20:25:30,1,3,"Thompson, Danny",1000109934,Right,MOR_HED,"Walker, Conlon",1000115634,Left,WLM_SHK,Undefined,7,Top,0,0,2,Fastball,Four-Seam,BallCalled,Undefined,Undefined,Undefined,0,0,NA,95.00325,0.436195,-1.385897,2721.595105,203.686637,12:45:00,5.37422,1.59315,5.80029,-15.03198,16.49194,6.73615,4.52738,0.86525,85.31161,-2.458771,-0.179553,0.404102,NA,NA,NA,NA,NA,NA,NA,NA,NA,NA,NA,-3.83831,8.55579,-1.48314,50,5.40116,3.01045,-137.71244,0.60165,-7.25761,34.97033,-15.9964,MOR_HED,WLM_SHK,BigRockStadium,CPL,CPL,20250626-BigRockStadium-1,3bde3330-52ed-11f0-91de-9dd0983a3e69,93.27448,NA,NA,9.69164,NA,NA,NA,NA,NA,NA,67bf9003-9d93-49fb-89c2-36bfdacb035e,2025-06-27,00:25:30,2025-06-27T00:25:30Z,2025-06-27T00:25:30Z,NA,v3,NA,NA,NA,"Poppell, Broedy",701435,Right,MOR_HED,e1ea879a-8635-47bb-a877-61225d9e9c9b,54.69347,-138.89918,17.48517,5.37153,1.14449,-7.9982,-1.58948,3.25674,-3.62881,NA,NA,NA,NA,NA,NA,NA,NA,NA,NA,NA,NA,NA,NA,NA,NA,NA,NA,NA,NA,NA,NA,NA,NA,NA,NA,NA,NA,NA,NA,NA,NA,NA,NA,NA,NA,NA,NA,NA,NA,NA,NA,NA,NA,NA,NA,NA,NA,NA,NA,High,High,High,NA,NA,NA,NA,NA,NA,NA,NA,NA,NA,NA,NA,NA,NA,NA,NA,NA,NA,NA,NA,NA,NA,NA,NA,NA,NA,NA,NA,NA,NA,NA,NA,NA,NA,NA,NA,NA,NA,NA,NA,NA,NA,NA,NA,NA,NA,NA,NA,NA,NA,NA,NA,NA,NA,NA,NA,NA,NA
NA,NA,NA,NA,NA,NA,NA,NA,NA,NA,NA,NA,NA,NA,NA,NA,205,2025-06-26,20:25:43,1,4,"Thompson, Danny",1000109934,Right,MOR_HED,"Walker, Conlon",1000115634,Left,WLM_SHK,Undefined,7,Top,0,1,2,Fastball,Four-Seam,BallCalled,Undefined,Undefined,Undefined,0,0,NA,95.88969,-3.421187,-1.796416,2687.114752,203.412195,12:45:00,5.42745,1.48549,6.0011,-11.19127,19.5443,7.97867,1.31953,0.48532,86.53046,-5.611501,-0.362249,0.399018,NA,NA,NA,NA,NA,NA,NA,NA,NA,NA,NA,-4.70181,11.49205,-1.34866,50,5.15205,4.00187,-138.88654,-8.59324,-9.05366,35.22056,-10.04525,MOR_HED,WLM_SHK,BigRockStadium,CPL,CPL,20250626-BigRockStadium-1,43939e80-52ed-11f0-91de-9dd0983a3e69,94.46307,NA,NA,9.35922,NA,NA,NA,NA,NA,NA,67bf9003-9d93-49fb-89c2-36bfdacb035e,2025-06-27,00:25:43,2025-06-27T00:25:43Z,2025-06-27T00:25:43Z,NA,v3,NA,NA,NA,"Poppell, Broedy",701435,Right,MOR_HED,858d647e-4d6f-4a04-a4d7-6427e551e573,54.49698,-140.0223,17.61028,5.42393,-8.26931,-5.02262,-1.48242,4.29383,-4.52683,NA,NA,NA,NA,NA,NA,NA,NA,NA,NA,NA,NA,NA,NA,NA,NA,NA,NA,NA,NA,NA,NA,NA,NA,NA,NA,NA,NA,NA,NA,NA,NA,NA,NA,NA,NA,NA,NA,NA,NA,NA,NA,NA,NA,NA,NA,NA,NA,NA,NA,High,High,High,NA,NA,NA,NA,NA,NA,NA,NA,NA,NA,NA,NA,NA,NA,NA,NA,NA,NA,NA,NA,NA,NA,NA,NA,NA,NA,NA,NA,NA,NA,NA,NA,NA,NA,NA,NA,NA,NA,NA,NA,NA,NA,NA,NA,NA,NA,NA,NA,NA,NA,NA,NA,NA,NA,NA,NA,NA,NA
NA,NA,NA,NA,NA,NA,NA,NA,NA,NA,NA,NA,NA,NA,NA,NA,206,2025-06-26,20:25:58,1,5,"Thompson, Danny",1000109934,Right,MOR_HED,"Walker, Conlon",1000115634,Left,WLM_SHK,Undefined,7,Top,0,2,2,Slider,Slider,InPlay,Undefined,GroundBall,Single,0,0,NA,87.97507,-0.998506,-0.707047,2486.761406,126.840744,10:15:00,5.22855,1.50573,5.56763,-32.32974,4.15107,-4.03488,1.6015,0.50898,80.79389,-6.929889,-1.427717,0.434714,59.75885,-31.858233,3.772237,NA,NA,NA,NA,3.00678,1.61608,-9.261845,0.032093000000000003,1.85547,2.70473,-1.44204,50,5.12116,1.74927,-127.77341,-3.40007,3.0693,26.18074,-27.69997,MOR_HED,WLM_SHK,BigRockStadium,CPL,CPL,20250626-BigRockStadium-1,4c63efb0-52ed-11f0-91de-9dd0983a3e69,86.70628,1.48913,NA,7.18118,NA,NA,NA,0.5765,1.48913,-0.64158,67bf9003-9d93-49fb-89c2-36bfdacb035e,2025-06-27,00:25:58,2025-06-27T00:25:58Z,2025-06-27T00:25:58Z,GroundBall,v3,NA,NA,NA,"Poppell, Broedy",701435,Right,MOR_HED,6e5d6f8b-d844-484e-9453-72ca54b34b47,54.93175,-128.77995,13.09037,5.23141,-2.33511,-13.84998,-1.50702,1.63127,1.53465,NA,0.57535,74.50393,NA,NA,NA,NA,NA,NA,NA,1.48984,-46.39982,NA,NA,NA,NA,NA,NA,NA,-0.64166,4.91229,NA,NA,NA,NA,NA,NA,NA,NA,NA,NA,NA,NA,NA,NA,NA,NA,NA,NA,NA,NA,NA,NA,NA,NA,NA,NA,NA,NA,NA,High,High,High,Low,Low,NA,NA,NA,NA,NA,NA,NA,NA,NA,NA,NA,NA,NA,NA,NA,NA,NA,NA,NA,NA,NA,NA,NA,NA,NA,NA,NA,NA,NA,NA,NA,NA,NA,NA,NA,NA,NA,NA,NA,NA,NA,NA,NA,NA,NA,NA,NA,NA,NA,NA,NA,NA,NA,NA,NA,NA
NA,NA,NA,NA,NA,NA,NA,NA,NA,NA,NA,NA,NA,NA,NA,NA,207,2025-06-26,20:26:44,2,1,"Thompson, Danny",1000109934,Right,MOR_HED,"Boyles, Jack",1000076008,Right,WLM_SHK,Undefined,7,Top,0,0,0,Fastball,Four-Seam,BallCalled,Undefined,Undefined,Undefined,0,0,NA,94.29357,-2.341215,-0.980892,2605.336214,203.872428,12:45:00,5.25485,1.66108,6.03327,-14.26095,17.24217,7.15304,1.89692,1.34875,85.55891,-5.081353,0.306473,0.403969,NA,NA,NA,NA,NA,NA,NA,NA,NA,NA,NA,-4.00599,9.92772,-1.58844,50,5.06434,2.03367,-136.82711,-6.00721,-7.5276,32.66933,-13.51895,MOR_HED,WLM_SHK,BigRockStadium,CPL,CPL,20250626-BigRockStadium-1,67a2e1a0-52ed-11f0-91de-9dd0983a3e69,93.30528,NA,NA,8.73466,NA,NA,NA,NA,NA,NA,67bf9003-9d93-49fb-89c2-36bfdacb035e,2025-06-27,00:26:44,2025-06-27T00:26:44Z,2025-06-27T00:26:44Z,NA,v3,NA,NA,NA,"Poppell, Broedy",701435,Right,MOR_HED,a6a8f02f-a27e-4d16-95f7-49bd55a375ef,54.46537,-137.88916,16.33467,5.25248,-5.56772,-6.75948,-1.65853,2.27839,-3.7638,NA,NA,NA,NA,NA,NA,NA,NA,NA,NA,NA,NA,NA,NA,NA,NA,NA,NA,NA,NA,NA,NA,NA,NA,NA,NA,NA,NA,NA,NA,NA,NA,NA,NA,NA,NA,NA,NA,NA,NA,NA,NA,NA,NA,NA,NA,NA,NA,NA,NA,High,High,High,NA,NA,NA,NA,NA,NA,NA,NA,NA,NA,NA,NA,NA,NA,NA,NA,NA,NA,NA,NA,NA,NA,NA,NA,NA,NA,NA,NA,NA,NA,NA,NA,NA,NA,NA,NA,NA,NA,NA,NA,NA,NA,NA,NA,NA,NA,NA,NA,NA,NA,NA,NA,NA,NA,NA,NA,NA,NA
NA,NA,NA,NA,NA,NA,NA,NA,NA,NA,NA,NA,NA,NA,NA,NA,208,2025-06-26,20:27:01,2,2,"Thompson, Danny",1000109934,Right,MOR_HED,"Boyles, Jack",1000076008,Right,WLM_SHK,Undefined,7,Top,0,1,0,Fastball,Four-Seam,InPlay,Undefined,LineDrive,Out,1,0,NA,93.79473,-2.269711,-2.024395,2598.3646,194.473417,12:30:00,5.26634,1.67993,5.99222,-15.5041,16.40729,3.95335,1.8685,0.13253,85.12789,-5.231562,-1.314001,0.406579,84.99291,9.087633,7.767872,3030.976815,107.86493,9.50651,21.56745,179.69981,136.15789,13.717184,1.728286,-2.65603,9.4576,-1.52259,50,5.07887,4.63699,-136.02994,-5.859,-4.93483,32.18232,-14.602,MOR_HED,WLM_SHK,BigRockStadium,CPL,CPL,20250626-BigRockStadium-1,71d61e30-52ed-11f0-91de-9dd0983a3e69,92.70642,9.85803,NA,8.66684,NA,NA,NA,1.74576,1.90055,-0.10923,67bf9003-9d93-49fb-89c2-36bfdacb035e,2025-06-27,00:27:01,2025-06-27T00:27:01Z,2025-06-27T00:27:01Z,LineDrive,v3,NA,NA,NA,"Poppell, Broedy",701435,Right,MOR_HED,18495a49-54bc-465a-af23-5897cb0f24c8,54.50607,-137.09185,16.09116,5.26425,-5.37718,-7.301,-1.67828,4.79982,-2.46741,234.983754,1.74576,121.9615,-16.9382,3.23119,-0.61558,0.16896,-0.07779,0.02645,-0.00378,1.90053,19.69014,-12.23853,-0.00198,0.19703,-0.24852,0.20018,-0.0768,0.01146,-0.10925,16.63841,7.09288,-2.01335,0.58901,-0.33392,0.2199,-0.08145,0.01203,NA,NA,NA,NA,NA,NA,NA,NA,NA,NA,NA,NA,NA,NA,NA,NA,NA,NA,NA,NA,NA,NA,High,High,High,High,Medium,NA,NA,NA,NA,NA,NA,NA,NA,NA,NA,NA,NA,NA,NA,NA,NA,NA,NA,NA,NA,NA,NA,NA,NA,NA,NA,NA,NA,NA,NA,NA,NA,NA,NA,NA,NA,NA,NA,NA,NA,NA,NA,NA,NA,NA,NA,NA,NA,NA,NA,NA,NA,NA,NA,NA,NA
NA,NA,NA,NA,NA,NA,NA,NA,NA,NA,NA,NA,NA,NA,NA,NA,209,2025-06-26,20:29:05,3,1,"Thompson, Danny",1000109934,Right,MOR_HED,"Manley, Nathan",1000093427,Right,WLM_SHK,Undefined,7,Top,1,0,0,Fastball,Four-Seam,StrikeCalled,Undefined,Undefined,Undefined,0,0,NA,94.3701,-1.549724,-2.204356,2568.888366,206.840882,01:00:00,5.29205,1.51356,6.03428,-14.11772,17.25284,8.20126,2.67912,0.15477,85.75928,-4.264593,-0.72979,0.403118,NA,NA,NA,NA,NA,NA,NA,NA,NA,NA,NA,-4.84969,9.63107,-1.34572,50,5.16325,4.90599,-136.93055,-4.10759,-9.16148,31.65454,-13.98011,MOR_HED,WLM_SHK,BigRockStadium,CPL,CPL,20250626-BigRockStadium-1,bbc87a10-52ed-11f0-91de-9dd0983a3e69,93.50221,NA,NA,8.61082,NA,NA,NA,NA,NA,NA,67bf9003-9d93-49fb-89c2-36bfdacb035e,2025-06-27,00:29:05,2025-06-27T00:29:05Z,2025-06-27T00:29:05Z,NA,v3,NA,NA,NA,"Poppell, Broedy",701435,Right,MOR_HED,55d41bcf-b82a-45bd-8a98-0068da788178,54.46294,-137.9584,15.82727,5.28926,-3.65364,-6.99005,-1.50985,5.20347,-4.58074,NA,NA,NA,NA,NA,NA,NA,NA,NA,NA,NA,NA,NA,NA,NA,NA,NA,NA,NA,NA,NA,NA,NA,NA,NA,NA,NA,NA,NA,NA,NA,NA,NA,NA,NA,NA,NA,NA,NA,NA,NA,NA,NA,NA,NA,NA,NA,NA,NA,NA,High,High,High,NA,NA,NA,NA,NA,NA,NA,NA,NA,NA,NA,NA,NA,NA,NA,NA,NA,NA,NA,NA,NA,NA,NA,NA,NA,NA,NA,NA,NA,NA,NA,NA,NA,NA,NA,NA,NA,NA,NA,NA,NA,NA,NA,NA,NA,NA,NA,NA,NA,NA,NA,NA,NA,NA,NA,NA,NA,NA
NA,NA,NA,NA,NA,NA,NA,NA,NA,NA,NA,NA,NA,NA,NA,NA,210,2025-06-26,20:29:35,3,2,"Thompson, Danny",1000109934,Right,MOR_HED,"Manley, Nathan",1000093427,Right,WLM_SHK,Undefined,7,Top,1,0,1,Fastball,Four-Seam,FoulBallNotFieldable,Undefined,Undefined,Undefined,0,0,NA,93.95466,-0.991353,-2.354935,2600.663722,201.611073,12:45:00,5.34207,1.49903,6.07615,-16.21769,15.32666,5.66441,3.07246,-0.2091,85.51878,-4.084456,-1.335895,0.404234,81.3743,7.5934,175.440151,1973.905986,NA,NA,NA,118.31002,48.87823,177.124515,1.122817,-3.52874,8.44359,-1.31938,50,5.2564,5.34383,-136.31392,-2.83793,-6.6252,30.57007,-16.32124,MOR_HED,WLM_SHK,BigRockStadium,CPL,CPL,20250626-BigRockStadium-1,cdeea020-52ed-11f0-91de-9dd0983a3e69,93.24421,6.59315,NA,8.43588,NA,NA,NA,0.59129,2.95982,0.26227,67bf9003-9d93-49fb-89c2-36bfdacb035e,2025-06-27,00:29:35,2025-06-27T00:29:35Z,2025-06-27T00:29:35Z,GroundBall,v3,NA,NA,NA,"Poppell, Broedy",701435,Right,MOR_HED,67152e37-8104-4d50-b984-e7c5255815e8,54.41771,-137.30107,15.28504,5.33953,-2.31089,-8.16062,-1.49539,5.55777,-3.3126,269.46097,0.50984,-116.92986,10.06771,NA,NA,NA,NA,NA,NA,3.02557,14.97514,-15.78535,NA,NA,NA,NA,NA,NA,0.30694,8.85572,-3.4542,NA,NA,NA,NA,NA,NA,NA,NA,NA,NA,NA,NA,NA,NA,NA,NA,NA,NA,NA,NA,NA,NA,NA,NA,NA,NA,NA,NA,High,High,High,High,Medium,NA,NA,NA,NA,NA,NA,NA,NA,NA,NA,NA,NA,NA,NA,NA,NA,NA,NA,NA,NA,NA,NA,NA,NA,NA,NA,NA,NA,NA,NA,NA,NA,NA,NA,NA,NA,NA,NA,NA,NA,NA,NA,NA,NA,NA,NA,NA,NA,NA,NA,NA,NA,NA,NA,NA,NA
NA,NA,NA,NA,NA,NA,NA,NA,NA,NA,NA,NA,NA,NA,NA,NA,211,2025-06-26,20:29:56,3,3,"Thompson, Danny",1000109934,Right,MOR_HED,"Manley, Nathan",1000093427,Right,WLM_SHK,Undefined,7,Top,1,0,2,Fastball,Four-Seam,StrikeSwinging,Strikeout,Undefined,Undefined,0,0,NA,95.80898,-1.266958,-1.561515,2619.72151,188.626353,12:15:00,5.40997,1.38135,6.10503,-11.44095,19.2169,2.74563,3.2843,0.16576,86.11624,-3.52125,-1.067066,0.398513,NA,NA,NA,NA,NA,NA,NA,NA,NA,NA,NA,-1.90965,10.60158,-1.26269,50,5.30638,3.66089,-138.92191,-3.3415,-3.67187,35.79745,-11.78948,MOR_HED,WLM_SHK,BigRockStadium,CPL,CPL,20250626-BigRockStadium-1,da57f690-52ed-11f0-91de-9dd0983a3e69,94.58279,NA,NA,9.69275,NA,NA,NA,NA,NA,NA,67bf9003-9d93-49fb-89c2-36bfdacb035e,2025-06-27,00:29:56,2025-06-27T00:29:56Z,2025-06-27T00:29:56Z,NA,v3,NA,NA,NA,"Poppell, Broedy",701435,Right,MOR_HED,fbed93c8-89bb-4769-9bbb-514d805d51c7,54.38941,-140.04841,17.89873,5.4057,-2.9705,-5.89474,-1.37971,3.77643,-1.83594,NA,NA,NA,NA,NA,NA,NA,NA,NA,NA,NA,NA,NA,NA,NA,NA,NA,NA,NA,NA,NA,NA,NA,NA,NA,NA,NA,NA,NA,NA,NA,NA,NA,NA,NA,NA,NA,NA,NA,NA,NA,NA,NA,NA,NA,NA,NA,NA,NA,NA,High,High,High,NA,NA,NA,NA,NA,NA,NA,NA,NA,NA,NA,NA,NA,NA,NA,NA,NA,NA,NA,NA,NA,NA,NA,NA,NA,NA,NA,NA,NA,NA,NA,NA,NA,NA,NA,NA,NA,NA,NA,NA,NA,NA,NA,NA,NA,NA,NA,NA,NA,NA,NA,NA,NA,NA,NA,NA,NA,NA
NA,NA,NA,NA,NA,NA,NA,NA,NA,NA,NA,NA,NA,NA,NA,NA,212,2025-06-26,20:30:28,4,1,"Thompson, Danny",1000109934,Right,MOR_HED,"Powell, Connor",1000118857,Left,WLM_SHK,Undefined,7,Top,2,0,0,Fastball,Four-Seam,BallCalled,Undefined,Undefined,Undefined,0,0,NA,94.76767,-0.540092,-1.039888,2662.994641,201.680118,12:45:00,5.39648,1.42566,5.88911,-14.96107,16.523,6.12489,3.64813,0.97039,85.40578,-3.418404,0.059187,0.403847,NA,NA,NA,NA,NA,NA,NA,NA,NA,NA,NA,-3.43232,8.92008,-1.34523,50,5.34436,2.20985,-137.45638,-1.73659,-6.48143,34.16911,-15.3299,MOR_HED,WLM_SHK,BigRockStadium,CPL,CPL,20250626-BigRockStadium-1,ed5346f0-52ed-11f0-91de-9dd0983a3e69,93.33348,NA,NA,9.36189,NA,NA,NA,NA,NA,NA,67bf9003-9d93-49fb-89c2-36bfdacb035e,2025-06-27,00:30:28,2025-06-27T00:30:28Z,2025-06-27T00:30:28Z,NA,v3,NA,NA,NA,"Poppell, Broedy",701435,Right,MOR_HED,a3372e93-bd65-4dce-8eb6-b4c55515ce63,54.60568,-138.59654,17.08456,5.39377,-1.22506,-7.66495,-1.42258,2.42612,-3.24072,NA,NA,NA,NA,NA,NA,NA,NA,NA,NA,NA,NA,NA,NA,NA,NA,NA,NA,NA,NA,NA,NA,NA,NA,NA,NA,NA,NA,NA,NA,NA,NA,NA,NA,NA,NA,NA,NA,NA,NA,NA,NA,NA,NA,NA,NA,NA,NA,NA,NA,High,High,High,NA,NA,NA,NA,NA,NA,NA,NA,NA,NA,NA,NA,NA,NA,NA,NA,NA,NA,NA,NA,NA,NA,NA,NA,NA,NA,NA,NA,NA,NA,NA,NA,NA,NA,NA,NA,NA,NA,NA,NA,NA,NA,NA,NA,NA,NA,NA,NA,NA,NA,NA,NA,NA,NA,NA,NA,NA,NA
NA,NA,NA,NA,NA,NA,NA,NA,NA,NA,NA,NA,NA,NA,NA,NA,213,2025-06-26,20:30:42,4,2,"Thompson, Danny",1000109934,Right,MOR_HED,"Powell, Connor",1000118857,Left,WLM_SHK,Undefined,7,Top,2,1,0,Fastball,Four-Seam,StrikeCalled,Undefined,Undefined,Undefined,0,0,NA,94.40194,-2.64781,-2.777372,2572.932796,201.595119,12:45:00,5.11717,1.52785,6.22353,-12.18721,19.19564,7.15579,1.65383,-0.4405,85.30721,-5.030986,-1.487252,0.403197,NA,NA,NA,NA,NA,NA,NA,NA,NA,NA,NA,-4.62748,11.15997,-1.32372,50,4.91292,6.33849,-136.82392,-6.6437,-8.65959,33.80643,-11.29004,MOR_HED,WLM_SHK,BigRockStadium,CPL,CPL,20250626-BigRockStadium-1,f5e72b60-52ed-11f0-91de-9dd0983a3e69,93.48384,NA,NA,9.09473,NA,NA,NA,NA,NA,NA,67bf9003-9d93-49fb-89c2-36bfdacb035e,2025-06-27,00:30:42,2025-06-27T00:30:42Z,2025-06-27T00:30:42Z,NA,v3,NA,NA,NA,"Poppell, Broedy",701435,Right,MOR_HED,924c8926-1246-4b0d-8a6b-0f1406cf2d76,54.27547,-137.87625,16.90322,5.11426,-6.29226,-5.64502,-1.52522,6.60805,-4.3298,NA,NA,NA,NA,NA,NA,NA,NA,NA,NA,NA,NA,NA,NA,NA,NA,NA,NA,NA,NA,NA,NA,NA,NA,NA,NA,NA,NA,NA,NA,NA,NA,NA,NA,NA,NA,NA,NA,NA,NA,NA,NA,NA,NA,NA,NA,NA,NA,NA,NA,High,High,High,NA,NA,NA,NA,NA,NA,NA,NA,NA,NA,NA,NA,NA,NA,NA,NA,NA,NA,NA,NA,NA,NA,NA,NA,NA,NA,NA,NA,NA,NA,NA,NA,NA,NA,NA,NA,NA,NA,NA,NA,NA,NA,NA,NA,NA,NA,NA,NA,NA,NA,NA,NA,NA,NA,NA,NA,NA,NA
NA,NA,NA,NA,NA,NA,NA,NA,NA,NA,NA,NA,NA,NA,NA,NA,214,2025-06-26,20:30:59,4,3,"Thompson, Danny",1000109934,Right,MOR_HED,"Powell, Connor",1000118857,Left,WLM_SHK,Undefined,7,Top,2,1,1,Fastball,Four-Seam,StrikeSwinging,Undefined,Undefined,Undefined,0,0,NA,95.20773,-1.536085,-1.377009,2723.047586,199.271555,12:45:00,5.28576,1.54744,5.73928,-15.93119,15.39769,4.99977,2.52709,0.68165,86.07162,-4.568605,-0.482355,0.40285,NA,NA,NA,NA,NA,NA,NA,NA,NA,NA,NA,-2.95382,8.61603,-1.43588,50,5.14829,3.08278,-138.04198,-4.21202,-5.63868,33.79565,-15.72653,MOR_HED,WLM_SHK,BigRockStadium,CPL,CPL,20250626-BigRockStadium-1,00005040-52ee-11f0-91de-9dd0983a3e69,93.56434,NA,NA,9.13611,NA,NA,NA,NA,NA,NA,67bf9003-9d93-49fb-89c2-36bfdacb035e,2025-06-27,00:30:59,2025-06-27T00:30:59Z,2025-06-27T00:30:59Z,NA,v3,NA,NA,NA,"Poppell, Broedy",701435,Right,MOR_HED,44a49571-34ae-49fd-bdb0-189d4f082e04,54.75637,-139.20157,16.89783,5.28355,-3.67242,-7.86326,-1.54497,3.27626,-2.81934,NA,NA,NA,NA,NA,NA,NA,NA,NA,NA,NA,NA,NA,NA,NA,NA,NA,NA,NA,NA,NA,NA,NA,NA,NA,NA,NA,NA,NA,NA,NA,NA,NA,NA,NA,NA,NA,NA,NA,NA,NA,NA,NA,NA,NA,NA,NA,NA,NA,NA,High,High,High,NA,NA,NA,NA,NA,NA,NA,NA,NA,NA,NA,NA,NA,NA,NA,NA,NA,NA,NA,NA,NA,NA,NA,NA,NA,NA,NA,NA,NA,NA,NA,NA,NA,NA,NA,NA,NA,NA,NA,NA,NA,NA,NA,NA,NA,NA,NA,NA,NA,NA,NA,NA,NA,NA,NA,NA,NA,NA
NA,NA,NA,NA,NA,NA,NA,NA,NA,NA,NA,NA,NA,NA,NA,NA,215,2025-06-26,20:31:20,4,4,"Thompson, Danny",1000109934,Right,MOR_HED,"Powell, Connor",1000118857,Left,WLM_SHK,Undefined,7,Top,2,1,2,Fastball,Four-Seam,FoulBallNotFieldable,Undefined,Undefined,Undefined,0,0,NA,96.78846,-2.350143,-2.663778,2686.471948,193.363577,12:30:00,5.39781,1.33956,5.9582,-13.20808,16.79343,3.74792,2.11421,-0.82008,87.88253,-4.887111,-1.9914,0.394224,63.41952,23.83182,-138.409449,3653.29003,NA,NA,NA,117.51027,48.98196,-146.67646,1.744287,-2.73181,9.64359,-1.1301,50,5.20369,6.36009,-140.31266,-6.15755,-5.4071,33.86943,-13.0864,MOR_HED,WLM_SHK,BigRockStadium,CPL,CPL,20250626-BigRockStadium-1,0c4e5680-52ee-11f0-91de-9dd0983a3e69,95.61175,16.45541,NA,8.90593,NA,NA,NA,0.39509,2.10674,0.77324,67bf9003-9d93-49fb-89c2-36bfdacb035e,2025-06-27,00:31:20,2025-06-27T00:31:20Z,2025-06-27T00:31:20Z,LineDrive,v3,NA,NA,NA,"Poppell, Broedy",701435,Right,MOR_HED,cbb43308-c2b2-4e4e-84b0-3b14df6b20b0,54.54037,-141.40439,16.93472,5.39537,-5.73573,-6.5432,-1.33791,6.53437,-2.70355,NA,0.39508,-63.6343,2.79083,1.18549,-0.52255,0.31298,-0.16595,0.05781,-0.0088,2.10674,37.58311,-27.19807,3.88497,-0.85029,0.19094,-0.03558,0.00671,-8e-4,0.77323,-56.47782,12.71577,-1.32143,0.00772,0.2905,-0.22332,0.08486,-0.01322,NA,NA,NA,NA,NA,NA,NA,NA,NA,NA,NA,NA,NA,NA,NA,NA,NA,NA,NA,NA,NA,NA,High,High,High,High,Medium,NA,NA,NA,NA,NA,NA,NA,NA,NA,NA,NA,NA,NA,NA,NA,NA,NA,NA,NA,NA,NA,NA,NA,NA,NA,NA,NA,NA,NA,NA,NA,NA,NA,NA,NA,NA,NA,NA,NA,NA,NA,NA,NA,NA,NA,NA,NA,NA,NA,NA,NA,NA,NA,NA,NA,NA
NA,NA,NA,NA,NA,NA,NA,NA,NA,NA,NA,NA,NA,NA,NA,NA,216,2025-06-26,20:31:43,4,5,"Thompson, Danny",1000109934,Right,MOR_HED,"Powell, Connor",1000118857,Left,WLM_SHK,Undefined,7,Top,2,1,2,Fastball,Four-Seam,FoulBallNotFieldable,Undefined,Undefined,Undefined,0,0,NA,95.601,-0.38055,-1.349995,2615.05209,181.074563,12:00:00,5.34532,1.45841,5.76499,-16.70643,14.08599,0.24551,3.59884,0.2222,86.99809,-3.541588,-1.306052,0.399386,82.05943,13.74252,-167.515651,6978.623501,-107.76007,12.30957,-22.08355,162.58542,50.7527,-168.846201,1.699614,-0.51354,7.58402,-1.34682,50,5.3038,3.25943,-138.79026,-1.47855,-0.99827,32.04437,-17.43112,MOR_HED,WLM_SHK,BigRockStadium,CPL,CPL,20250626-BigRockStadium-1,19f3d670-52ee-11f0-91de-9dd0983a3e69,94.37589,13.94734,NA,8.60291,NA,NA,NA,-0.41112,3.55627,-0.12118,67bf9003-9d93-49fb-89c2-36bfdacb035e,2025-06-27,00:31:43,2025-06-27T00:31:43Z,2025-06-27T00:31:43Z,LineDrive,v3,NA,NA,NA,"Poppell, Broedy",701435,Right,MOR_HED,019c2df2-a2bc-4a2e-9859-0673d7765625,54.73259,-139.87867,16.02219,5.34397,-0.8865,-8.71556,-1.45811,3.29334,-0.49913,57.412914,-0.77388,-111.12715,10.53329,NA,NA,NA,NA,NA,NA,3.89408,25.821,-16.64052,NA,NA,NA,NA,NA,NA,-0.27521,-23.98548,3.36299,NA,NA,NA,NA,NA,NA,NA,NA,NA,NA,NA,NA,NA,NA,NA,NA,NA,NA,NA,NA,NA,NA,NA,NA,NA,NA,NA,NA,High,High,High,High,Low,NA,NA,NA,NA,NA,NA,NA,NA,NA,NA,NA,NA,NA,NA,NA,NA,NA,NA,NA,NA,NA,NA,NA,NA,NA,NA,NA,NA,NA,NA,NA,NA,NA,NA,NA,NA,NA,NA,NA,NA,NA,NA,NA,NA,NA,NA,NA,NA,NA,NA,NA,NA,NA,NA,NA,NA
NA,NA,NA,NA,NA,NA,NA,NA,NA,NA,NA,NA,NA,NA,NA,NA,217,2025-06-26,20:32:13,4,6,"Thompson, Danny",1000109934,Right,MOR_HED,"Powell, Connor",1000118857,Left,WLM_SHK,Undefined,7,Top,2,1,2,ChangeUp,Sinker,BallCalled,Undefined,Undefined,Undefined,0,0,NA,90.37174,0.485002,-0.178609,2283.584188,254.456451,02:30:00,5.28367,1.53674,5.78102,-29.2899,5.15776,14.5519,3.29411,2.58322,82.35327,-4.945807,2.4286,0.422427,NA,NA,NA,NA,NA,NA,NA,NA,NA,NA,NA,-7.4163,2.8463,-1.53057,50,5.30624,-0.23696,-131.24358,0.05805,-12.87857,28.91818,-27.23136,MOR_HED,WLM_SHK,BigRockStadium,CPL,CPL,20250626-BigRockStadium-1,2bb87b90-52ee-11f0-91de-9dd0983a3e69,89.22836,NA,NA,8.01848,NA,NA,NA,NA,NA,NA,67bf9003-9d93-49fb-89c2-36bfdacb035e,2025-06-27,00:32:13,2025-06-27T00:32:13Z,2025-06-27T00:32:13Z,NA,v3,NA,NA,NA,"Poppell, Broedy",701435,Right,MOR_HED,499d7696-edaa-4522-b04e-4294ca59bbad,54.71672,-132.27878,14.45909,5.28672,1.03287,-13.61568,-1.53034,0.22406,-6.43929,NA,NA,NA,NA,NA,NA,NA,NA,NA,NA,NA,NA,NA,NA,NA,NA,NA,NA,NA,NA,NA,NA,NA,NA,NA,NA,NA,NA,NA,NA,NA,NA,NA,NA,NA,NA,NA,NA,NA,NA,NA,NA,NA,NA,NA,NA,NA,NA,NA,NA,High,High,High,NA,NA,NA,NA,NA,NA,NA,NA,NA,NA,NA,NA,NA,NA,NA,NA,NA,NA,NA,NA,NA,NA,NA,NA,NA,NA,NA,NA,NA,NA,NA,NA,NA,NA,NA,NA,NA,NA,NA,NA,NA,NA,NA,NA,NA,NA,NA,NA,NA,NA,NA,NA,NA,NA,NA,NA,NA,NA
NA,NA,NA,NA,NA,NA,NA,NA,NA,NA,NA,NA,NA,NA,NA,NA,218,2025-06-26,20:32:35,4,7,"Thompson, Danny",1000109934,Right,MOR_HED,"Powell, Connor",1000118857,Left,WLM_SHK,Undefined,7,Top,2,2,2,Fastball,Four-Seam,StrikeSwinging,Strikeout,Undefined,Undefined,0,0,NA,96.0297,-1.886593,-1.555322,2639.537103,197.124053,12:30:00,5.3766,1.38576,6.0378,-13.97296,16.3982,4.73256,2.46405,0.33966,87.06506,-4.572518,-0.70387,0.396645,NA,NA,NA,NA,NA,NA,NA,NA,NA,NA,NA,-2.90343,9.31414,-1.26694,50,5.2218,3.57017,-139.32837,-4.99882,-5.65954,33.74867,-14.01833,MOR_HED,WLM_SHK,BigRockStadium,CPL,CPL,20250626-BigRockStadium-1,38fc7a90-52ee-11f0-91de-9dd0983a3e69,95.02817,NA,NA,8.96464,NA,NA,NA,NA,NA,NA,67bf9003-9d93-49fb-89c2-36bfdacb035e,2025-06-27,00:32:35,2025-06-27T00:32:35Z,2025-06-27T00:32:35Z,NA,v3,NA,NA,NA,"Poppell, Broedy",701435,Right,MOR_HED,743816d6-5d32-4675-8f8f-34be128c69c5,54.45939,-140.40438,16.87434,5.37406,-4.55187,-7.00917,-1.38364,3.75062,-2.82977,NA,NA,NA,NA,NA,NA,NA,NA,NA,NA,NA,NA,NA,NA,NA,NA,NA,NA,NA,NA,NA,NA,NA,NA,NA,NA,NA,NA,60.66346,NA,NA,1.122021,NA,NA,NA,1.85988,5.48312,-4.20318,79.82445,-0.49162,44.95279,1.87639,75.82712,-5.82032,5.49316,10.43533,-14.16358,-4.20195,44.82403,-0.91655,High,High,High,NA,NA,High,High,Medium,NA,NA,NA,NA,NA,NA,NA,NA,NA,NA,NA,NA,NA,NA,NA,NA,NA,NA,NA,NA,NA,NA,NA,NA,NA,NA,NA,NA,NA,NA,NA,NA,NA,NA,NA,NA,NA,NA,NA,NA,NA,NA,NA,NA,NA,NA,NA,NA,NA,NA,NA,NA,NA
NA,NA,NA,NA,NA,NA,NA,NA,NA,NA,NA,NA,NA,NA,NA,NA,219,2025-06-26,20:35:08,1,1,"Miller, Trey",830498,Right,WLM_SHK,"Donohue, Ronan",10108737,Right,MOR_HED,Undefined,7,Bottom,0,0,0,Curveball,Curveball,FoulBallNotFieldable,Undefined,Undefined,Undefined,0,0,NA,71.7582,1.15303,0.744088,2111.857434,17.630634,06:30:00,6.83785,0.58032,5.4395,-67.46303,-11.62107,-4.30591,2.29585,0.91828,65.64916,-11.092388,-0.025258,0.537838,72.7011,20.259283,-46.816829,1842.095895,73.42104,22.00007,-81.91061,191.62854,191.62854,-49.296875,2.366905,2.42067,-5.74937,-0.64301,50,6.89283,-1.19911,-104.13085,-0.02508,2.61782,19.9426,-38.39173,MOR_HED,WLM_SHK,BigRockStadium,CPL,CPL,20250626-BigRockStadium-1,94940cb0-52ee-11f0-91de-9dd0983a3e69,70.08135,22.19149,NA,6.10904,NA,NA,NA,1.192,2.16378,-0.80901,67bf9003-9d93-49fb-89c2-36bfdacb035e,2025-06-27,00:35:08,2025-06-27T00:35:08Z,2025-06-27T00:35:08Z,LineDrive,v3,NA,NA,NA,"Manley, Nathan",1000093427,Right,WLM_SHK,6f221f67-df01-4eb2-a230-9bd9c81521bd,55.06246,-105.09592,9.9713,6.84909,1.83278,-19.19587,-0.58191,-1.3258,1.30891,NA,1.19194,68.45834,-10.23758,2.18794,-0.58131,0.2301,-0.08062,0.01615,-0.00133,2.1639,36.91457,-18.31941,1.29384,0.05627,-0.23033,0.10383,-0.02032,0.0015,-0.80901,-72.93993,7.45226,-1.49641,0.28901,-0.0639,0.01817,-0.00387,3.7e-4,NA,NA,NA,NA,NA,NA,NA,NA,NA,NA,NA,NA,NA,NA,NA,NA,NA,NA,NA,NA,NA,NA,High,High,High,High,High,NA,NA,NA,NA,NA,NA,NA,NA,NA,NA,NA,NA,NA,NA,NA,NA,NA,NA,NA,NA,NA,NA,NA,NA,NA,NA,NA,NA,NA,NA,NA,NA,NA,NA,NA,NA,NA,NA,NA,NA,NA,NA,NA,NA,NA,NA,NA,NA,NA,NA,NA,NA,NA,NA,NA,NA
NA,NA,NA,NA,NA,NA,NA,NA,NA,NA,NA,NA,NA,NA,NA,NA,220,2025-06-26,20:35:27,1,2,"Miller, Trey",830498,Right,WLM_SHK,"Donohue, Ronan",10108737,Right,MOR_HED,Undefined,7,Bottom,0,0,1,Cutter,Slider,StrikeCalled,Undefined,Undefined,Undefined,0,0,NA,80.76063,-2.523678,-0.23808000000000001,2116.261054,186.830169,12:15:00,6.72856,0.76326,5.76757,-33.62022,10.27477,1.03264,1.57668,0.62775,72.99694,-8.762013,-0.052786,0.476847,NA,NA,NA,NA,NA,NA,NA,NA,NA,NA,NA,-0.61209,6.54563,-0.74423,50,6.49955,0.44658,-116.99298,-6.19735,-0.83065,26.35903,-23.29087,MOR_HED,WLM_SHK,BigRockStadium,CPL,CPL,20250626-BigRockStadium-1,9f982dd0-52ee-11f0-91de-9dd0983a3e69,79.04518,NA,NA,7.76368,NA,NA,NA,NA,NA,NA,67bf9003-9d93-49fb-89c2-36bfdacb035e,2025-06-27,00:35:27,2025-06-27T00:35:27Z,2025-06-27T00:35:27Z,NA,v3,NA,NA,NA,"Manley, Nathan",1000093427,Right,WLM_SHK,438fcc97-7196-4c9b-a084-15b4f36f38c7,54.72961,-118.05378,13.17951,6.73009,-5.26003,-11.64544,-0.76287,0.48001,-0.41532,NA,NA,NA,NA,NA,NA,NA,NA,NA,NA,NA,NA,NA,NA,NA,NA,NA,NA,NA,NA,NA,NA,NA,NA,NA,NA,NA,NA,NA,NA,NA,NA,NA,NA,NA,NA,NA,NA,NA,NA,NA,NA,NA,NA,NA,NA,NA,NA,NA,NA,High,High,High,NA,NA,NA,NA,NA,NA,NA,NA,NA,NA,NA,NA,NA,NA,NA,NA,NA,NA,NA,NA,NA,NA,NA,NA,NA,NA,NA,NA,NA,NA,NA,NA,NA,NA,NA,NA,NA,NA,NA,NA,NA,NA,NA,NA,NA,NA,NA,NA,NA,NA,NA,NA,NA,NA,NA,NA,NA,NA
NA,NA,NA,NA,NA,NA,NA,NA,NA,NA,NA,NA,NA,NA,NA,NA,221,2025-06-26,20:35:43,1,3,"Miller, Trey",830498,Right,WLM_SHK,"Donohue, Ronan",10108737,Right,MOR_HED,Undefined,7,Bottom,0,0,2,Fastball,Four-Seam,FoulBallNotFieldable,Undefined,Undefined,Undefined,0,0,NA,87.18737,-2.927431,-0.515206,2243.102879,206.501603,01:00:00,6.8704,0.78657,5.80285,-14.4095,23.11104,10.82422,2.94452,1.20942,78.517080000000007,-5.728404,1.424349,0.440865,NA,NA,NA,NA,NA,NA,NA,NA,NA,NA,NA,-5.68516,13.14501,-0.7508,50,6.62157,0.6774,-126.28392,-6.81253,-9.02596,29.76445,-11.30465,MOR_HED,WLM_SHK,BigRockStadium,CPL,CPL,20250626-BigRockStadium-1,a9496920-52ee-11f0-91de-9dd0983a3e69,85.49653,NA,NA,8.67029,NA,NA,NA,NA,NA,NA,67bf9003-9d93-49fb-89c2-36bfdacb035e,2025-06-27,00:35:43,2025-06-27T00:35:43Z,2025-06-27T00:35:43Z,NA,v3,NA,NA,NA,"Manley, Nathan",1000093427,Right,WLM_SHK,1acf5f68-4122-42c1-9b44-205929ae6449,54.6932,-127.38528,14.88222,6.86591,-6.39423,-5.65233,-0.78204,1.01138,-4.51298,NA,NA,NA,NA,NA,NA,NA,NA,NA,NA,NA,NA,NA,NA,NA,NA,NA,NA,NA,NA,NA,NA,NA,NA,NA,NA,NA,NA,NA,NA,NA,NA,NA,NA,NA,NA,NA,NA,NA,NA,NA,NA,NA,NA,NA,NA,NA,NA,NA,NA,High,High,High,NA,NA,NA,NA,NA,NA,NA,NA,NA,NA,NA,NA,NA,NA,NA,NA,NA,NA,NA,NA,NA,NA,NA,NA,NA,NA,NA,NA,NA,NA,NA,NA,NA,NA,NA,NA,NA,NA,NA,NA,NA,NA,NA,NA,NA,NA,NA,NA,NA,NA,NA,NA,NA,NA,NA,NA,NA,NA
NA,NA,NA,NA,NA,NA,NA,NA,NA,NA,NA,NA,NA,NA,NA,NA,222,2025-06-26,20:36:02,1,4,"Miller, Trey",830498,Right,WLM_SHK,"Donohue, Ronan",10108737,Right,MOR_HED,Undefined,7,Bottom,0,0,2,Cutter,Slider,FoulBallNotFieldable,Undefined,Undefined,Undefined,0,0,NA,80.59993,-1.149745,-0.094897,2194.938183,128.751939,10:15:00,6.70391,0.7681,5.67708,-36.48959,7.64839,-7.4839,2.59114,0.05598,72.78014,-7.909921,-1.434889,0.478165,NA,NA,NA,NA,NA,NA,NA,NA,NA,NA,NA,3.76977,4.74268,-0.75531,50,6.58439,0.49002,-116.82263,-3.51469,5.10672,26.06326,-25.74936,MOR_HED,WLM_SHK,BigRockStadium,CPL,CPL,20250626-BigRockStadium-1,b46b7280-52ee-11f0-91de-9dd0983a3e69,78.82728,NA,NA,7.81979,NA,NA,NA,NA,NA,NA,67bf9003-9d93-49fb-89c2-36bfdacb035e,2025-06-27,00:36:02,2025-06-27T00:36:02Z,2025-06-27T00:36:02Z,NA,v3,NA,NA,NA,"Manley, Nathan",1000093427,Right,WLM_SHK,9cc7ee08-d7a5-4ebc-bd0d-8df6e15fa83d,54.81892,-117.89283,13.03163,6.707,-2.45738,-12.87468,-0.77112,0.28033,2.55336,NA,NA,NA,NA,NA,NA,NA,NA,NA,NA,NA,NA,NA,NA,NA,NA,NA,NA,NA,NA,NA,NA,NA,NA,NA,NA,NA,NA,NA,NA,NA,NA,NA,NA,NA,NA,NA,NA,NA,NA,NA,NA,NA,NA,NA,NA,NA,NA,NA,NA,High,High,High,NA,NA,NA,NA,NA,NA,NA,NA,NA,NA,NA,NA,NA,NA,NA,NA,NA,NA,NA,NA,NA,NA,NA,NA,NA,NA,NA,NA,NA,NA,NA,NA,NA,NA,NA,NA,NA,NA,NA,NA,NA,NA,NA,NA,NA,NA,NA,NA,NA,NA,NA,NA,NA,NA,NA,NA,NA,NA
NA,NA,NA,NA,NA,NA,NA,NA,NA,NA,NA,NA,NA,NA,NA,NA,223,2025-06-26,20:36:23,1,5,"Miller, Trey",830498,Right,WLM_SHK,"Donohue, Ronan",10108737,Right,MOR_HED,Undefined,7,Bottom,0,0,2,Fastball,Four-Seam,FoulBallNotFieldable,Undefined,Undefined,Undefined,0,0,NA,85.84742,-2.009155,-0.843934,2161.443664,198.723264,12:30:00,6.93962,0.47067,5.75226,-17.44292,21.64182,6.80658,3.61471,0.2522,76.60871,-5.384946,0.374614,0.449961,66.4584,76.520493,64.321436,NA,NA,NA,NA,57.36439,19.30125,93.251677,5.152602,-3.7541,12.15217,-0.40482,50,6.76265,1.54155,-124.26943,-4.81813,-5.71797,30.93136,-13.66463,MOR_HED,WLM_SHK,BigRockStadium,CPL,CPL,20250626-BigRockStadium-1,c1261d40-52ee-11f0-91de-9dd0983a3e69,83.76822,112.28488,NA,9.23871,NA,NA,NA,0.59193,3.97928,-1.00521,67bf9003-9d93-49fb-89c2-36bfdacb035e,2025-06-27,00:36:23,2025-06-27T00:36:23Z,2025-06-27T00:36:23Z,Popup,v3,NA,NA,NA,"Manley, Nathan",1000093427,Right,WLM_SHK,fba18a51-aa04-476d-830d-281a31e5f4bb,54.74169,-125.44411,15.46568,6.93577,-4.29919,-6.83232,-0.46749,1.7587,-2.85899,NA,0.58359,10.01636,-8.70238,3.87994,-1.41774,0.42376,-0.08479,0.00937,-4.3e-4,3.97426,94.90356,-25.64463,3.61173,-1.29711,0.46269,-0.11142,0.01423,-7.2e-4,-1.00871,20.54285,-6.02411,2.09602,-0.57411,0.12884,-0.01978,0.00165,-5e-5,NA,NA,NA,NA,NA,NA,NA,NA,NA,NA,NA,NA,NA,NA,NA,NA,NA,NA,NA,NA,NA,NA,High,High,High,Medium,Low,NA,NA,NA,NA,NA,NA,NA,NA,NA,NA,NA,NA,NA,NA,NA,NA,NA,NA,NA,NA,NA,NA,NA,NA,NA,NA,NA,NA,NA,NA,NA,NA,NA,NA,NA,NA,NA,NA,NA,NA,NA,NA,NA,NA,NA,NA,NA,NA,NA,NA,NA,NA,NA,NA,NA,NA
NA,NA,NA,NA,NA,NA,NA,NA,NA,NA,NA,NA,NA,NA,NA,NA,224,2025-06-26,20:37:10,1,6,"Miller, Trey",830498,Right,WLM_SHK,"Donohue, Ronan",10108737,Right,MOR_HED,Undefined,7,Bottom,0,0,2,Fastball,Four-Seam,StrikeCalled,Strikeout,Undefined,Undefined,0,0,NA,84.78871,-4.0944140000000004,-1.11263,2025.676916,205.415889,12:45:00,6.94684,0.58684,5.71139,-17.75123,21.99293,9.76056,1.64586,0.36353,76.84188,-7.471543,0.633788,0.453741,NA,NA,NA,NA,NA,NA,NA,NA,NA,NA,NA,-5.36571,12.94009,-0.50009,50,6.59302,1.99008,-122.70081,-9.27677,-8.07528,27.18288,-12.69948,MOR_HED,WLM_SHK,BigRockStadium,CPL,CPL,20250626-BigRockStadium-1,dcdc8920-52ee-11f0-91de-9dd0983a3e69,83.07037,NA,NA,7.94683,NA,NA,NA,NA,NA,NA,67bf9003-9d93-49fb-89c2-36bfdacb035e,2025-06-27,00:37:10,2025-06-27T00:37:10Z,2025-06-27T00:37:10Z,NA,v3,NA,NA,NA,"Manley, Nathan",1000093427,Right,WLM_SHK,eaf31e2d-bef2-4e2a-8097-b3a61fb2a53b,54.78689,-123.75675,13.59144,6.9438,-8.78345,-6.34974,-0.58348,2.30377,-4.03764,NA,NA,NA,NA,NA,NA,NA,NA,NA,NA,NA,NA,NA,NA,NA,NA,NA,NA,NA,NA,NA,NA,NA,NA,NA,NA,NA,NA,49.67714,3.084118,1.600768,1.48335,4.13053,1.99684,-0.33561,-3.72135,5.87485,2.73346,74.47983,5.2272,-50.31811,-3.69167,55.67935,-2.01553,5.95481,22.00019,-15.18282,2.66642,-40.15571,3.00592,High,High,High,NA,NA,High,High,High,NA,NA,NA,NA,NA,NA,NA,NA,NA,NA,NA,NA,NA,NA,NA,NA,NA,NA,NA,NA,NA,NA,NA,NA,NA,NA,NA,NA,NA,NA,NA,NA,NA,NA,NA,NA,NA,NA,NA,NA,NA,NA,NA,NA,NA,NA,NA,NA,NA,NA,NA,NA,NA
NA,NA,NA,NA,NA,NA,NA,NA,NA,NA,NA,NA,NA,NA,NA,NA,225,2025-06-26,20:37:43,2,1,"Miller, Trey",830498,Right,WLM_SHK,"Meyer, Jack",1000230529,Right,MOR_HED,Undefined,7,Bottom,1,0,0,Cutter,Slider,StrikeSwinging,Undefined,Undefined,Undefined,0,0,NA,81.19472,-3.07626,-0.992556,2139.309573,227.464393,01:30:00,6.70062,0.84621,5.8169,-37.10156,5.91945,4.82079,0.74536,0.32498,74.19794,-9.891368,-0.126028,0.472076,NA,NA,NA,NA,NA,NA,NA,NA,NA,NA,NA,-2.80772,4.37327,-0.76797,50,6.42643,1.85824,-117.69119,-7.50209,-3.88984,24.88896,-26.11529,MOR_HED,WLM_SHK,BigRockStadium,CPL,CPL,20250626-BigRockStadium-1,f07f6420-52ee-11f0-91de-9dd0983a3e69,79.84402,NA,NA,6.99678,NA,NA,NA,NA,NA,NA,67bf9003-9d93-49fb-89c2-36bfdacb035e,2025-06-27,00:37:43,2025-06-27T00:37:43Z,2025-06-27T00:37:43Z,NA,v3,NA,NA,NA,"Manley, Nathan",1000093427,Right,WLM_SHK,dd2d42a3-f5f3-4579-93ef-aaa5d5fe7d28,54.68251,-118.6773,12.44448,6.70317,-6.46739,-13.05764,-0.84464,2.01236,-1.94492,NA,NA,NA,NA,NA,NA,NA,NA,NA,NA,NA,NA,NA,NA,NA,NA,NA,NA,NA,NA,NA,NA,NA,NA,NA,NA,NA,NA,NA,NA,NA,NA,NA,NA,NA,NA,NA,NA,NA,NA,NA,NA,NA,NA,NA,NA,NA,NA,NA,NA,High,High,High,NA,NA,NA,NA,NA,NA,NA,NA,NA,NA,NA,NA,NA,NA,NA,NA,NA,NA,NA,NA,NA,NA,NA,NA,NA,NA,NA,NA,NA,NA,NA,NA,NA,NA,NA,NA,NA,NA,NA,NA,NA,NA,NA,NA,NA,NA,NA,NA,NA,NA,NA,NA,NA,NA,NA,NA,NA,NA
NA,NA,NA,NA,NA,NA,NA,NA,NA,NA,NA,NA,NA,NA,NA,NA,226,2025-06-26,20:38:00,2,2,"Miller, Trey",830498,Right,WLM_SHK,"Meyer, Jack",1000230529,Right,MOR_HED,Undefined,7,Bottom,1,0,1,Curveball,Curveball,BallCalled,Undefined,Undefined,Undefined,0,0,NA,74.38935,-0.173003,1.367478,2188.190099,30.278812,07:00:00,6.78447,0.38656,5.39258,-63.20299,-11.15445,-7.55544,1.35537,1.03878,68.18877,-11.606163,0.017661,0.519249,NA,NA,NA,NA,NA,NA,NA,NA,NA,NA,NA,4.28796,-5.21063,-0.50299,50,6.72386,-2.30159,-107.94541,-2.38261,4.98306,21.43515,-38.22934,MOR_HED,WLM_SHK,BigRockStadium,CPL,CPL,20250626-BigRockStadium-1,fa975080-52ee-11f0-91de-9dd0983a3e69,72.59029,NA,NA,6.20059,NA,NA,NA,NA,NA,NA,67bf9003-9d93-49fb-89c2-36bfdacb035e,2025-06-27,00:38:00,2025-06-27T00:38:00Z,2025-06-27T00:38:00Z,NA,v3,NA,NA,NA,"Manley, Nathan",1000093427,Right,WLM_SHK,ed9673d8-f3eb-4d78-aeff-421a0348d49a,55.10977,-108.95535,10.71757,6.79369,-0.58139,-19.11467,-0.38902,-2.53638,2.49153,NA,NA,NA,NA,NA,NA,NA,NA,NA,NA,NA,NA,NA,NA,NA,NA,NA,NA,NA,NA,NA,NA,NA,NA,NA,NA,NA,NA,NA,NA,NA,NA,NA,NA,NA,NA,NA,NA,NA,NA,NA,NA,NA,NA,NA,NA,NA,NA,NA,NA,High,High,High,NA,NA,NA,NA,NA,NA,NA,NA,NA,NA,NA,NA,NA,NA,NA,NA,NA,NA,NA,NA,NA,NA,NA,NA,NA,NA,NA,NA,NA,NA,NA,NA,NA,NA,NA,NA,NA,NA,NA,NA,NA,NA,NA,NA,NA,NA,NA,NA,NA,NA,NA,NA,NA,NA,NA,NA,NA,NA
NA,NA,NA,NA,NA,NA,NA,NA,NA,NA,NA,NA,NA,NA,NA,NA,227,2025-06-26,20:38:16,2,3,"Miller, Trey",830498,Right,WLM_SHK,"Meyer, Jack",1000230529,Right,MOR_HED,Undefined,7,Bottom,1,1,1,Cutter,Slider,FoulBallNotFieldable,Undefined,Undefined,Undefined,0,0,NA,81.4337,-1.34389,-0.22924,2120.749053,223.554416,01:30:00,6.62873,0.91314,5.6989,-36.70191,6.03469,4.36532,2.3177,1.0633,74.34326,-8.106779,0.552944,0.470513,91.18935,-7.476812,-65.105388,NA,NA,NA,NA,20.70505,20.70505,-60.478439,0.144092,-2.30559,3.87508,-0.89674,50,6.49308,0.30326,-118.18423,-3.96731,-3.23221,24.37687,-26.74158,MOR_HED,WLM_SHK,BigRockStadium,CPL,CPL,20250626-BigRockStadium-1,044111c0-52ef-11f0-91de-9dd0983a3e69,80.10926,2.51205,NA,7.09044,NA,NA,NA,2.14513,2.51205,-0.65466,67bf9003-9d93-49fb-89c2-36bfdacb035e,2025-06-27,00:38:16,2025-06-27T00:38:16Z,2025-06-27T00:38:16Z,GroundBall,v3,NA,NA,NA,"Manley, Nathan",1000093427,Right,WLM_SHK,58fdb0f2-5feb-48dc-b22b-9772271d8f9c,54.79976,-119.17012,12.18844,6.63166,-2.88578,-13.37079,-0.91165,0.43398,-1.61611,180,2.14288,55.91791,NA,NA,NA,NA,NA,NA,NA,2.51275,-17.43367,NA,NA,NA,NA,NA,NA,NA,-0.64982,-120.49449,NA,NA,NA,NA,NA,NA,NA,NA,NA,NA,NA,NA,NA,NA,NA,NA,NA,NA,NA,NA,NA,NA,NA,NA,NA,NA,NA,NA,NA,High,High,High,Low,Low,NA,NA,NA,NA,NA,NA,NA,NA,NA,NA,NA,NA,NA,NA,NA,NA,NA,NA,NA,NA,NA,NA,NA,NA,NA,NA,NA,NA,NA,NA,NA,NA,NA,NA,NA,NA,NA,NA,NA,NA,NA,NA,NA,NA,NA,NA,NA,NA,NA,NA,NA,NA,NA,NA,NA,NA
NA,NA,NA,NA,NA,NA,NA,NA,NA,NA,NA,NA,NA,NA,NA,NA,228,2025-06-26,20:38:39,2,4,"Miller, Trey",830498,Right,WLM_SHK,"Meyer, Jack",1000230529,Right,MOR_HED,Undefined,7,Bottom,1,1,2,Fastball,Four-Seam,BallCalled,Undefined,Undefined,Undefined,0,0,NA,86.18137,-3.510366,-2.467501,2149.790981,196.821423,12:30:00,6.93079,0.41835,5.7467,-18.61607,19.658,5.53733,2.10412,-1.41891,78.35055,-7.033115,-1.477312,0.44527,NA,NA,NA,NA,NA,NA,NA,NA,NA,NA,NA,-3.54855,11.44772,-0.21661,50,6.62734,5.14158,-124.72442,-8.19258,-5.54758,26.85385,-14.27741,MOR_HED,WLM_SHK,BigRockStadium,CPL,CPL,20250626-BigRockStadium-1,1224d330-52ef-11f0-91de-9dd0983a3e69,84.65068,NA,NA,7.83082,NA,NA,NA,NA,NA,NA,67bf9003-9d93-49fb-89c2-36bfdacb035e,2025-06-27,00:38:39,2025-06-27T00:38:39Z,2025-06-27T00:38:39Z,NA,v3,NA,NA,NA,"Manley, Nathan",1000093427,Right,WLM_SHK,1cdefcc7-3800-4ba8-9ef6-8f67992d6340,54.7494,-125.74283,13.42692,6.92777,-7.65112,-7.1387,-0.41559,5.35197,-2.77379,NA,NA,NA,NA,NA,NA,NA,NA,NA,NA,NA,NA,NA,NA,NA,NA,NA,NA,NA,NA,NA,NA,NA,NA,NA,NA,NA,NA,NA,NA,NA,NA,NA,NA,NA,NA,NA,NA,NA,NA,NA,NA,NA,NA,NA,NA,NA,NA,NA,NA,High,High,High,NA,NA,NA,NA,NA,NA,NA,NA,NA,NA,NA,NA,NA,NA,NA,NA,NA,NA,NA,NA,NA,NA,NA,NA,NA,NA,NA,NA,NA,NA,NA,NA,NA,NA,NA,NA,NA,NA,NA,NA,NA,NA,NA,NA,NA,NA,NA,NA,NA,NA,NA,NA,NA,NA,NA,NA,NA,NA
NA,NA,NA,NA,NA,NA,NA,NA,NA,NA,NA,NA,NA,NA,NA,NA,229,2025-06-26,20:38:55,2,5,"Miller, Trey",830498,Right,WLM_SHK,"Meyer, Jack",1000230529,Right,MOR_HED,Undefined,7,Bottom,1,2,2,Curveball,Curveball,FoulBallNotFieldable,Undefined,Undefined,Undefined,0,0,NA,74.55629,0.077436,0.376772,2158.884905,10.848559,06:15:00,6.85116,0.54001,5.87253,-58.71149,-8.18827,-1.8824,2.03046,0.7331,68.62794,-10.651328,0.037707,0.511584,NA,NA,NA,NA,NA,NA,NA,NA,NA,NA,NA,1.08677,-3.84406,-0.56935,50,6.82296,-0.64765,-108.35281,-1.6359,1.28127,20.40071,-36.706,MOR_HED,WLM_SHK,BigRockStadium,CPL,CPL,20250626-BigRockStadium-1,1b59d9a0-52ef-11f0-91de-9dd0983a3e69,73.67792,NA,NA,5.92835,NA,NA,NA,NA,NA,NA,67bf9003-9d93-49fb-89c2-36bfdacb035e,2025-06-27,00:38:55,2025-06-27T00:38:55Z,2025-06-27T00:38:55Z,NA,v3,NA,NA,NA,"Manley, Nathan",1000093427,Right,WLM_SHK,b0330c9d-2ac5-483d-ba77-4a747c2a8ea5,54.62947,-109.22097,10.20036,6.85934,-0.07386,-18.353,-0.54063,-0.70218,0.64063,NA,NA,NA,NA,NA,NA,NA,NA,NA,NA,NA,NA,NA,NA,NA,NA,NA,NA,NA,NA,NA,NA,NA,NA,NA,NA,NA,NA,NA,NA,NA,NA,NA,NA,NA,NA,NA,NA,NA,NA,NA,NA,NA,NA,NA,NA,NA,NA,NA,NA,High,High,High,NA,NA,NA,NA,NA,NA,NA,NA,NA,NA,NA,NA,NA,NA,NA,NA,NA,NA,NA,NA,NA,NA,NA,NA,NA,NA,NA,NA,NA,NA,NA,NA,NA,NA,NA,NA,NA,NA,NA,NA,NA,NA,NA,NA,NA,NA,NA,NA,NA,NA,NA,NA,NA,NA,NA,NA,NA,NA
NA,NA,NA,NA,NA,NA,NA,NA,NA,NA,NA,NA,NA,NA,NA,NA,230,2025-06-26,20:39:14,2,6,"Miller, Trey",830498,Right,WLM_SHK,"Meyer, Jack",1000230529,Right,MOR_HED,Undefined,7,Bottom,1,2,2,Cutter,Slider,StrikeCalled,Strikeout,Undefined,Undefined,0,0,NA,80.56367,-0.277065,-0.281654,2113.653611,176.825757,12:00:00,6.67731,0.86025,5.6784,-36.50301,7.02311,-0.31071,3.37711,0.5718,73.63784,-7.016821,-0.337261,0.474839,NA,NA,NA,NA,NA,NA,NA,NA,NA,NA,NA,0.07594,4.07315,-0.83632,50,6.63113,0.58717,-116.96888,-1.74609,0.10475,23.00177,-26.55676,MOR_HED,WLM_SHK,BigRockStadium,CPL,CPL,20250626-BigRockStadium-1,26c98dd0-52ef-11f0-91de-9dd0983a3e69,79.37938,NA,NA,6.92583,NA,NA,NA,NA,NA,NA,67bf9003-9d93-49fb-89c2-36bfdacb035e,2025-06-27,00:39:14,2025-06-27T00:39:14Z,2025-06-27T00:39:14Z,NA,v3,NA,NA,NA,"Manley, Nathan",1000093427,Right,WLM_SHK,966cf039-b008-475c-86ae-05f7674685a9,54.81935,-117.91279,11.50089,6.68042,-0.6563,-13.27838,-0.86033,0.58287,0.05238,NA,NA,NA,NA,NA,NA,NA,NA,NA,NA,NA,NA,NA,NA,NA,NA,NA,NA,NA,NA,NA,NA,NA,NA,NA,NA,NA,NA,48.03021,3.284122,1.735782,1.54834,0.02553,3.20349,-0.5636,-3.87515,5.96348,3.3017,70.227,6.30852,-54.57473,-3.85256,50.1539,-1.49527,6.05249,23.60006,-15.15296,3.21598,-42.08344,3.08863,High,High,High,NA,NA,High,High,High,NA,NA,NA,NA,NA,NA,NA,NA,NA,NA,NA,NA,NA,NA,NA,NA,NA,NA,NA,NA,NA,NA,NA,NA,NA,NA,NA,NA,NA,NA,NA,NA,NA,NA,NA,NA,NA,NA,NA,NA,NA,NA,NA,NA,NA,NA,NA,NA,NA,NA,NA,NA,NA
NA,NA,NA,NA,NA,NA,NA,NA,NA,NA,NA,NA,NA,NA,NA,NA,231,2025-06-26,20:39:44,3,1,"Miller, Trey",830498,Right,WLM_SHK,"Tabola, Bowen",10067997,Left,MOR_HED,Undefined,7,Bottom,2,0,0,ChangeUp,Changeup,FoulBallNotFieldable,Undefined,Undefined,Undefined,0,0,NA,80.6987,-2.255272,-1.83031,1212.471843,243.48917,02:00:00,6.49991,1.07655,5.71746,-34.38033,9.23461,15.48729,1.53188,0.66159,73.61855,-8.601604,0.94488,0.475323,NA,NA,NA,NA,NA,NA,NA,NA,NA,NA,NA,-8.52315,5.80981,-0.93356,50,6.28998,3.14809,-117.01003,-5.69532,-11.69576,24.18271,-24.20163,MOR_HED,WLM_SHK,BigRockStadium,CPL,CPL,20250626-BigRockStadium-1,38acb770-52ef-11f0-91de-9dd0983a3e69,79.29854,NA,NA,7.08015,NA,NA,NA,NA,NA,NA,67bf9003-9d93-49fb-89c2-36bfdacb035e,2025-06-27,00:39:44,2025-06-27T00:39:44Z,2025-06-27T00:39:44Z,NA,v3,NA,NA,NA,"Manley, Nathan",1000093427,Right,WLM_SHK,c982cb2a-07d7-4f97-b2ad-5d477068b8b1,54.78196,-117.99419,12.09136,6.50172,-4.7104,-12.10081,-1.07136,3.62407,-5.84788,NA,NA,NA,NA,NA,NA,NA,NA,NA,NA,NA,NA,NA,NA,NA,NA,NA,NA,NA,NA,NA,NA,NA,NA,NA,NA,NA,NA,NA,NA,NA,NA,NA,NA,NA,NA,NA,NA,NA,NA,NA,NA,NA,NA,NA,NA,NA,NA,NA,NA,High,High,High,NA,NA,NA,NA,NA,NA,NA,NA,NA,NA,NA,NA,NA,NA,NA,NA,NA,NA,NA,NA,NA,NA,NA,NA,NA,NA,NA,NA,NA,NA,NA,NA,NA,NA,NA,NA,NA,NA,NA,NA,NA,NA,NA,NA,NA,NA,NA,NA,NA,NA,NA,NA,NA,NA,NA,NA,NA,NA
NA,NA,NA,NA,NA,NA,NA,NA,NA,NA,NA,NA,NA,NA,NA,NA,232,2025-06-26,20:40:06,3,2,"Miller, Trey",830498,Right,WLM_SHK,"Tabola, Bowen",10067997,Left,MOR_HED,Undefined,7,Bottom,2,0,1,ChangeUp,Splitter,StrikeCalled,Undefined,Undefined,Undefined,0,0,NA,80.33803,-0.541695,-1.221648,1075.455162,252.187474,02:30:00,6.49792,1.07542,5.71208,-37.63852,6.45,15.23792,2.85659,1.20697,72.91006,-7.50512,1.507821,0.477897,NA,NA,NA,NA,NA,NA,NA,NA,NA,NA,NA,-8.09784,3.92799,-0.98259,50,6.42959,1.88016,-116.53109,-2.3149,-10.98901,24.57867,-26.84364,MOR_HED,WLM_SHK,BigRockStadium,CPL,CPL,20250626-BigRockStadium-1,45b470c0-52ef-11f0-91de-9dd0983a3e69,78.87149,NA,NA,7.42797,NA,NA,NA,NA,NA,NA,67bf9003-9d93-49fb-89c2-36bfdacb035e,2025-06-27,00:40:06,2025-06-27T00:40:06Z,2025-06-27T00:40:06Z,NA,v3,NA,NA,NA,"Manley, Nathan",1000093427,Right,WLM_SHK,73f190ce-185e-4c20-9208-8356ba33fcfc,54.78481,-117.53597,12.28934,6.5018,-1.21742,-13.42182,-1.06865,2.32944,-5.49451,NA,NA,NA,NA,NA,NA,NA,NA,NA,NA,NA,NA,NA,NA,NA,NA,NA,NA,NA,NA,NA,NA,NA,NA,NA,NA,NA,NA,NA,NA,NA,NA,NA,NA,NA,NA,NA,NA,NA,NA,NA,NA,NA,NA,NA,NA,NA,NA,NA,NA,High,High,High,NA,NA,NA,NA,NA,NA,NA,NA,NA,NA,NA,NA,NA,NA,NA,NA,NA,NA,NA,NA,NA,NA,NA,NA,NA,NA,NA,NA,NA,NA,NA,NA,NA,NA,NA,NA,NA,NA,NA,NA,NA,NA,NA,NA,NA,NA,NA,NA,NA,NA,NA,NA,NA,NA,NA,NA,NA,NA
NA,NA,NA,NA,NA,NA,NA,NA,NA,NA,NA,NA,NA,NA,NA,NA,233,2025-06-26,20:40:23,3,3,"Miller, Trey",830498,Right,WLM_SHK,"Tabola, Bowen",10067997,Left,MOR_HED,Undefined,7,Bottom,2,0,2,Fastball,Four-Seam,FoulBallNotFieldable,Undefined,Undefined,Undefined,0,0,NA,85.77426,-3.619324,-1.078004,1995.744073,194.769244,12:30:00,6.92379,0.6758,5.76307,-14.55469,23.9469,5.96111,2.3372,0.16911,78.03354,-6.422646,-0.010833,0.446592,70.93017,58.259884,-115.797555,4589.515257,NA,NA,NA,NA,14.96309,NA,NA,-3.37626,13.70501,-0.5903,50,6.61524,2.09547,-124.26711,-8.23279,-5.24438,26.44565,-10.88589,MOR_HED,WLM_SHK,BigRockStadium,CPL,CPL,20250626-BigRockStadium-1,5014d7d0-52ef-11f0-91de-9dd0983a3e69,84.40024,25.63685,NA,7.74072,NA,NA,NA,1.47479,2.41938,-0.15048,67bf9003-9d93-49fb-89c2-36bfdacb035e,2025-06-27,00:40:23,2025-06-27T00:40:23Z,2025-06-27T00:40:23Z,NA,v3,NA,NA,NA,"Manley, Nathan",1000093427,Right,WLM_SHK,6fcf7cd4-32ed-4eea-af43-0f02320a6a0e,54.73509,-125.27075,13.22282,6.91984,-7.81966,-5.44294,-0.6736,2.2945,-2.62219,NA,1.48258,-24.1732,-8.94225,NA,NA,NA,NA,NA,NA,2.42692,88.13181,-32.36902,NA,NA,NA,NA,NA,NA,-0.15589,-49.02806,12.92595,NA,NA,NA,NA,NA,NA,NA,NA,NA,NA,NA,NA,NA,NA,NA,NA,NA,NA,NA,NA,NA,NA,NA,NA,NA,NA,NA,NA,High,High,High,Medium,Undefined,NA,NA,NA,NA,NA,NA,NA,NA,NA,NA,NA,NA,NA,NA,NA,NA,NA,NA,NA,NA,NA,NA,NA,NA,NA,NA,NA,NA,NA,NA,NA,NA,NA,NA,NA,NA,NA,NA,NA,NA,NA,NA,NA,NA,NA,NA,NA,NA,NA,NA,NA,NA,NA,NA,NA,NA
NA,NA,NA,NA,NA,NA,NA,NA,NA,NA,NA,NA,NA,NA,NA,NA,234,2025-06-26,20:40:45,3,4,"Miller, Trey",830498,Right,WLM_SHK,"Tabola, Bowen",10067997,Left,MOR_HED,Undefined,7,Bottom,2,0,2,Curveball,Curveball,StrikeSwinging,Strikeout,Undefined,Undefined,0,0,NA,77.26805,-0.73374,0.478281,2276.140604,25.971526,06:45:00,6.69896,0.66778,6.03689,-53.265860000000004,-6.83744,-4.01311,1.58067,0.77623,71.59029,-10.474555,-0.246936,0.490415,NA,NA,NA,NA,NA,NA,NA,NA,NA,NA,NA,2.22484,-3.00382,-0.70286,50,6.61249,-0.79966,-112.3836,-3.06609,2.84275,20.54395,-36.01213,MOR_HED,WLM_SHK,BigRockStadium,CPL,CPL,20250626-BigRockStadium-1,5d43ef40-52ef-11f0-91de-9dd0983a3e69,76.85831,NA,NA,5.67776,NA,NA,NA,NA,NA,NA,67bf9003-9d93-49fb-89c2-36bfdacb035e,2025-06-27,00:40:45,2025-06-27T00:40:45Z,2025-06-27T00:40:45Z,NA,v3,NA,NA,NA,"Manley, Nathan",1000093427,Right,WLM_SHK,f3186b76-12c7-4c7d-acf8-b2fdde270cf4,54.46563,-113.19698,10.27198,6.70566,-1.64029,-18.00606,-0.66897,-0.91221,1.42137,NA,NA,NA,NA,NA,NA,NA,NA,NA,NA,NA,NA,NA,NA,NA,NA,NA,NA,NA,NA,NA,NA,NA,NA,NA,NA,NA,NA,NA,NA,NA,NA,NA,NA,NA,NA,NA,NA,NA,NA,NA,NA,NA,NA,NA,NA,NA,NA,NA,NA,High,High,High,NA,NA,NA,NA,NA,NA,NA,NA,NA,NA,NA,NA,NA,NA,NA,NA,NA,NA,NA,NA,NA,NA,NA,NA,NA,NA,NA,NA,NA,NA,NA,NA,NA,NA,NA,NA,NA,NA,NA,NA,NA,NA,NA,NA,NA,NA,NA,NA,NA,NA,NA,NA,NA,NA,NA,NA,NA,NA
NA,NA,NA,NA,NA,NA,NA,NA,NA,NA,NA,NA,NA,NA,NA,NA,235,2025-06-26,20:42:43,1,1,"Thompson, Danny",1000109934,Right,MOR_HED,"Mitchem, Cam",1000224485,Right,WLM_SHK,Undefined,8,Top,0,0,0,Fastball,Four-Seam,StrikeCalled,Undefined,Undefined,Undefined,0,0,NA,94.92345,-0.800035,-1.470606,2583.367933,203.204841,12:45:00,5.34328,1.38753,5.97388,-14.2367,16.5821,6.70162,3.41492,0.58238,86.83462,-3.520495,-0.266399,0.399557,NA,NA,NA,NA,NA,NA,NA,NA,NA,NA,NA,-3.82488,9.01004,-1.27478,50,5.27194,3.23945,-137.9082,-2.34897,-7.3852,29.92467,-14.77716,MOR_HED,WLM_SHK,BigRockStadium,CPL,CPL,20250626-BigRockStadium-1,a38b6b90-52ef-11f0-91de-9dd0983a3e69,94.33546,NA,NA,8.08882,NA,NA,NA,NA,NA,NA,67bf9003-9d93-49fb-89c2-36bfdacb035e,2025-06-27,00:42:43,2025-06-27T00:42:43Z,2025-06-27T00:42:43Z,NA,v3,NA,NA,NA,"Poppell, Broedy",701435,Right,MOR_HED,07a9f818-e01a-4c4d-9d8a-52b619aa88be,54.52396,-138.88638,14.96233,5.34083,-1.86594,-7.38858,-1.38462,3.48086,-3.6926,NA,NA,NA,NA,NA,NA,NA,NA,NA,NA,NA,NA,NA,NA,NA,NA,NA,NA,NA,NA,NA,NA,NA,NA,NA,NA,NA,NA,NA,NA,NA,NA,NA,NA,NA,NA,NA,NA,NA,NA,NA,NA,NA,NA,NA,NA,NA,NA,NA,NA,High,High,High,NA,NA,NA,NA,NA,NA,NA,NA,NA,NA,NA,NA,NA,NA,NA,NA,NA,NA,NA,NA,NA,NA,NA,NA,NA,NA,NA,NA,NA,NA,NA,NA,NA,NA,NA,NA,NA,NA,NA,NA,NA,NA,NA,NA,NA,NA,NA,NA,NA,NA,NA,NA,NA,NA,NA,NA,NA,NA
NA,NA,NA,NA,NA,NA,NA,NA,NA,NA,NA,NA,NA,NA,NA,NA,236,2025-06-26,20:42:54,1,2,"Thompson, Danny",1000109934,Right,MOR_HED,"Mitchem, Cam",1000224485,Right,WLM_SHK,Undefined,8,Top,0,0,1,Fastball,Four-Seam,StrikeCalled,Undefined,Undefined,Undefined,0,0,NA,94.38175,-1.743653,-3.173946,2579.381851,208.41831,01:00:00,5.28192,1.39464,6.0791,-13.56453,17.48863,8.95201,2.53531,-0.79895,86.57501,-4.341203,-1.565154,0.401074,NA,NA,NA,NA,NA,NA,NA,NA,NA,NA,NA,-5.44331,9.76284,-1.15376,50,5.13957,7.20627,-136.9814,-4.56112,-10.39832,28.73037,-13.52423,MOR_HED,WLM_SHK,BigRockStadium,CPL,CPL,20250626-BigRockStadium-1,aa0b3d10-52ef-11f0-91de-9dd0983a3e69,93.9788,NA,NA,7.80674,NA,NA,NA,NA,NA,NA,67bf9003-9d93-49fb-89c2-36bfdacb035e,2025-06-27,00:42:54,2025-06-27T00:42:54Z,2025-06-27T00:42:54Z,NA,v3,NA,NA,NA,"Poppell, Broedy",701435,Right,MOR_HED,8cd34ccd-88cf-41c3-973f-0ffc581f67a4,54.4198,-137.90529,14.36518,5.27925,-4.12621,-6.76212,-1.39088,7.54065,-5.19916,NA,NA,NA,NA,NA,NA,NA,NA,NA,NA,NA,NA,NA,NA,NA,NA,NA,NA,NA,NA,NA,NA,NA,NA,NA,NA,NA,NA,NA,NA,NA,NA,NA,NA,NA,NA,NA,NA,NA,NA,NA,NA,NA,NA,NA,NA,NA,NA,NA,NA,High,High,High,NA,NA,NA,NA,NA,NA,NA,NA,NA,NA,NA,NA,NA,NA,NA,NA,NA,NA,NA,NA,NA,NA,NA,NA,NA,NA,NA,NA,NA,NA,NA,NA,NA,NA,NA,NA,NA,NA,NA,NA,NA,NA,NA,NA,NA,NA,NA,NA,NA,NA,NA,NA,NA,NA,NA,NA,NA,NA
NA,NA,NA,NA,NA,NA,NA,NA,NA,NA,NA,NA,NA,NA,NA,NA,237,2025-06-26,20:43:06,1,3,"Thompson, Danny",1000109934,Right,MOR_HED,"Mitchem, Cam",1000224485,Right,WLM_SHK,Undefined,8,Top,0,0,2,Fastball,Four-Seam,StrikeSwinging,Strikeout,Undefined,Undefined,0,0,NA,95.09055,-0.791235,-2.340996,2614.702905,206.452197,01:00:00,5.4138,1.36616,6.06595,-11.86485,18.62749,8.82028,3.69216,-0.06648,87.30774,-3.081646,-0.754621,0.397436,NA,NA,NA,NA,NA,NA,NA,NA,NA,NA,NA,-5.13256,10.06961,-1.18917,50,5.34584,5.25895,-138.17252,-2.22615,-9.9947,28.68581,-12.56532,MOR_HED,WLM_SHK,BigRockStadium,CPL,CPL,20250626-BigRockStadium-1,b0d49ab0-52ef-11f0-91de-9dd0983a3e69,94.83913,NA,NA,7.78281,NA,NA,NA,NA,NA,NA,67bf9003-9d93-49fb-89c2-36bfdacb035e,2025-06-27,00:43:06,2025-06-27T00:43:06Z,2025-06-27T00:43:06Z,NA,v3,NA,NA,NA,"Poppell, Broedy",701435,Right,MOR_HED,ca3d5827-4604-476b-902b-09c970cf6094,54.43282,-139.08976,14.34291,5.4106,-1.82437,-6.28266,-1.36244,5.57853,-4.99735,NA,NA,NA,NA,NA,NA,NA,NA,NA,NA,NA,NA,NA,NA,NA,NA,NA,NA,NA,NA,NA,NA,NA,NA,NA,NA,NA,NA,49.8334,2.643767,1.167155,1.476611,-1.80608,3.51387,0.10622,-7.08437,3.81027,2.95771,67.82901,5.31118,56.967529999999996,-7.02356,55.78144,-3.4523,3.93357,24.77667,-16.1592,2.96301,38.69139,-1.43493,High,High,High,NA,NA,High,High,High,NA,NA,NA,NA,NA,NA,NA,NA,NA,NA,NA,NA,NA,NA,NA,NA,NA,NA,NA,NA,NA,NA,NA,NA,NA,NA,NA,NA,NA,NA,NA,NA,NA,NA,NA,NA,NA,NA,NA,NA,NA,NA,NA,NA,NA,NA,NA,NA,NA,NA,NA,NA,NA
NA,NA,NA,NA,NA,NA,NA,NA,NA,NA,NA,NA,NA,NA,NA,NA,238,2025-06-26,20:43:33,2,1,"Thompson, Danny",1000109934,Right,MOR_HED,"Miller, Brady",1000357366,Right,WLM_SHK,Undefined,8,Top,1,0,0,Fastball,Four-Seam,StrikeCalled,Undefined,Undefined,Undefined,0,0,NA,94.9308,-2.162807,-3.313258,2563.619107,211.256641,01:00:00,5.30422,1.49717,6.12391,-13.7493,16.86485,9.67827,2.15478,-0.76261,87.24432,-4.788573,-1.572675,0.398229,NA,NA,NA,NA,NA,NA,NA,NA,NA,NA,NA,-5.85752,9.55812,-1.2484,50,5.13111,7.55752,-137.7649,-5.60888,-11.33596,28.60014,-13.67633,MOR_HED,WLM_SHK,BigRockStadium,CPL,CPL,20250626-BigRockStadium-1,c1916cc0-52ef-11f0-91de-9dd0983a3e69,94.65022,NA,NA,7.68648,NA,NA,NA,NA,NA,NA,67bf9003-9d93-49fb-89c2-36bfdacb035e,2025-06-27,00:43:33,2025-06-27T00:43:33Z,2025-06-27T00:43:33Z,NA,v3,NA,NA,NA,"Poppell, Broedy",701435,Right,MOR_HED,67f6be0b-ccc3-4bdc-82bc-df3c2e5aa001,54.3756,-138.6703,14.30007,5.30182,-5.17593,-6.83817,-1.49333,7.91638,-5.66798,NA,NA,NA,NA,NA,NA,NA,NA,NA,NA,NA,NA,NA,NA,NA,NA,NA,NA,NA,NA,NA,NA,NA,NA,NA,NA,NA,NA,NA,NA,NA,NA,NA,NA,NA,NA,NA,NA,NA,NA,NA,NA,NA,NA,NA,NA,NA,NA,NA,NA,High,High,High,NA,NA,NA,NA,NA,NA,NA,NA,NA,NA,NA,NA,NA,NA,NA,NA,NA,NA,NA,NA,NA,NA,NA,NA,NA,NA,NA,NA,NA,NA,NA,NA,NA,NA,NA,NA,NA,NA,NA,NA,NA,NA,NA,NA,NA,NA,NA,NA,NA,NA,NA,NA,NA,NA,NA,NA,NA,NA
NA,NA,NA,NA,NA,NA,NA,NA,NA,NA,NA,NA,NA,NA,NA,NA,239,2025-06-26,20:43:46,2,2,"Thompson, Danny",1000109934,Right,MOR_HED,"Miller, Brady",1000357366,Right,WLM_SHK,Undefined,8,Top,1,0,1,Fastball,Four-Seam,FoulBallNotFieldable,Undefined,Undefined,Undefined,0,0,NA,94.42077,-1.649056,-1.789473,2587.46311,210.683752,01:00:00,5.30817,1.6528,6.04511,-13.54473,17.48481,9.81347,2.65157,0.81335,86.576,-4.24312,-0.02385,0.400921,58.36761,44.558459,43.757635,4585.145898,73.6139,53.03475,81.73719,171.06827,120.58928,49.849751,3.899811,-5.5587,9.75575,-1.51878,50,5.17235,3.86444,-137.18772,-4.34373,-10.63512,29.23549,-13.50898,MOR_HED,WLM_SHK,BigRockStadium,CPL,CPL,20250626-BigRockStadium-1,c93c02a0-52ef-11f0-91de-9dd0983a3e69,94.01459,55.72017,NA,7.84477,NA,NA,NA,0.54378,2.60274,-0.78662,67bf9003-9d93-49fb-89c2-36bfdacb035e,2025-06-27,00:43:46,2025-06-27T00:43:46Z,2025-06-27T00:43:46Z,Popup,v3,NA,NA,NA,"Poppell, Broedy",701435,Right,MOR_HED,25524f19-b0bd-4ff5-8939-7183d0a8b781,54.45476,-138.13379,14.61775,5.30584,-3.90657,-6.75449,-1.6494,4.2086,-5.31756,207.097281,0.54573,43.9986,-8.24106,1.50414,0.34266,-0.40953,0.13504,-0.01931,0.00101,2.60227,60.07488,-18.6905,1.22405,-0.17819,-0.02801,0.03797,-0.00988,8.1e-4,-0.78552,42.14933,-3.30539,-0.09555,0.61293,-0.40792,0.13648,-0.02244,0.00144,NA,NA,NA,NA,NA,NA,NA,NA,NA,NA,NA,NA,NA,NA,NA,NA,NA,NA,NA,NA,NA,NA,High,High,High,High,Medium,NA,NA,NA,NA,NA,NA,NA,NA,NA,NA,NA,NA,NA,NA,NA,NA,NA,NA,NA,NA,NA,NA,NA,NA,NA,NA,NA,NA,NA,NA,NA,NA,NA,NA,NA,NA,NA,NA,NA,NA,NA,NA,NA,NA,NA,NA,NA,NA,NA,NA,NA,NA,NA,NA,NA,NA
NA,NA,NA,NA,NA,NA,NA,NA,NA,NA,NA,NA,NA,NA,NA,NA,240,2025-06-26,20:44:17,2,3,"Thompson, Danny",1000109934,Right,MOR_HED,"Miller, Brady",1000357366,Right,WLM_SHK,Undefined,8,Top,1,0,2,Fastball,Four-Seam,BallCalled,Undefined,Undefined,Undefined,0,0,NA,94.53099,-0.700282,-3.030624,2557.343627,201.871271,12:45:00,5.38272,1.53911,5.95572,-12.21682,19.53714,7.37256,3.71429,-0.65964,84.80167,-3.098683,-1.708836,0.405574,NA,NA,NA,NA,NA,NA,NA,NA,NA,NA,NA,-4.73362,10.53611,-1.30209,50,5.32012,6.90699,-136.90471,-1.97532,-8.83302,34.9628,-12.51346,MOR_HED,WLM_SHK,BigRockStadium,CPL,CPL,20250626-BigRockStadium-1,db33ecc0-52ef-11f0-91de-9dd0983a3e69,92.93598,NA,NA,9.72932,NA,NA,NA,NA,NA,NA,67bf9003-9d93-49fb-89c2-36bfdacb035e,2025-06-27,00:44:17,2025-06-27T00:44:17Z,2025-06-27T00:44:17Z,NA,v3,NA,NA,NA,"Poppell, Broedy",701435,Right,MOR_HED,28b9f598-3d66-41e2-90b0-3cffeca6d3c4,54.5386,-138.05892,17.4814,5.37851,-1.56222,-6.25673,-1.53491,7.19859,-4.41651,NA,NA,NA,NA,NA,NA,NA,NA,NA,NA,NA,NA,NA,NA,NA,NA,NA,NA,NA,NA,NA,NA,NA,NA,NA,NA,NA,NA,NA,NA,NA,NA,NA,NA,NA,NA,NA,NA,NA,NA,NA,NA,NA,NA,NA,NA,NA,NA,NA,NA,High,High,High,NA,NA,NA,NA,NA,NA,NA,NA,NA,NA,NA,NA,NA,NA,NA,NA,NA,NA,NA,NA,NA,NA,NA,NA,NA,NA,NA,NA,NA,NA,NA,NA,NA,NA,NA,NA,NA,NA,NA,NA,NA,NA,NA,NA,NA,NA,NA,NA,NA,NA,NA,NA,NA,NA,NA,NA,NA,NA
NA,NA,NA,NA,NA,NA,NA,NA,NA,NA,NA,NA,NA,NA,NA,NA,241,2025-06-26,20:44:29,2,4,"Thompson, Danny",1000109934,Right,MOR_HED,"Miller, Brady",1000357366,Right,WLM_SHK,Undefined,8,Top,1,1,2,ChangeUp,Cutter,BallinDirt,Undefined,Undefined,Undefined,0,0,NA,88.85394,-3.032178,-2.522202,2662.086529,144.943798,10:45:00,5.36482,1.36775,5.55509,-29.53281,6.72874,-3.85752,0.06522,-1.31188,81.09604,-8.445319,-3.210159,0.433406,NA,NA,NA,NA,NA,NA,NA,NA,NA,NA,NA,1.20185,4.66803,-1.14696,50,5.08283,5.83189,-128.65482,-7.87956,1.99552,29.02215,-24.42327,MOR_HED,WLM_SHK,BigRockStadium,CPL,CPL,20250626-BigRockStadium-1,e2be2960-52ef-11f0-91de-9dd0983a3e69,86.96806,NA,NA,7.75791,NA,NA,NA,NA,NA,NA,67bf9003-9d93-49fb-89c2-36bfdacb035e,2025-06-27,00:44:29,2025-06-27T00:44:29Z,2025-06-27T00:44:29Z,NA,v3,NA,NA,NA,"Poppell, Broedy",701435,Right,MOR_HED,05b922d3-6dd6-49f6-aaae-5758b63c8d89,54.94391,-129.76528,14.51108,5.36644,-6.94506,-12.21163,-1.36864,5.75553,0.99776,NA,NA,NA,NA,NA,NA,NA,NA,NA,NA,NA,NA,NA,NA,NA,NA,NA,NA,NA,NA,NA,NA,NA,NA,NA,NA,NA,NA,NA,NA,NA,NA,NA,NA,NA,NA,NA,NA,NA,NA,NA,NA,NA,NA,NA,NA,NA,NA,NA,NA,High,High,High,NA,NA,NA,NA,NA,NA,NA,NA,NA,NA,NA,NA,NA,NA,NA,NA,NA,NA,NA,NA,NA,NA,NA,NA,NA,NA,NA,NA,NA,NA,NA,NA,NA,NA,NA,NA,NA,NA,NA,NA,NA,NA,NA,NA,NA,NA,NA,NA,NA,NA,NA,NA,NA,NA,NA,NA,NA,NA
NA,NA,NA,NA,NA,NA,NA,NA,NA,NA,NA,NA,NA,NA,NA,NA,242,2025-06-26,20:44:43,2,5,"Thompson, Danny",1000109934,Right,MOR_HED,"Miller, Brady",1000357366,Right,WLM_SHK,Undefined,8,Top,1,2,2,Fastball,Four-Seam,StrikeSwinging,Strikeout,Undefined,Undefined,0,0,NA,95.64233,-2.237894,-3.231258,2662.797097,209.45064,01:00:00,5.35611,1.28623,6.11294,-13.93284,16.96355,8.92575,2.12148,-0.96083,85.893,-4.939474,-1.626157,0.40006,NA,NA,NA,NA,NA,NA,NA,NA,NA,NA,NA,-5.64359,9.80178,-1.04261,50,5.17682,7.4115,-138.4471,-5.80044,-10.75965,36.01791,-13.48665,MOR_HED,WLM_SHK,BigRockStadium,CPL,CPL,20250626-BigRockStadium-1,eb32ed10-52ef-11f0-91de-9dd0983a3e69,94.21695,NA,NA,9.74933,NA,NA,NA,NA,NA,NA,67bf9003-9d93-49fb-89c2-36bfdacb035e,2025-06-27,00:44:43,2025-06-27T00:44:43Z,2025-06-27T00:44:43Z,NA,v3,NA,NA,NA,"Poppell, Broedy",701435,Right,MOR_HED,b8690a6d-1ad4-411e-8c14-3111da9c7910,54.38246,-139.58257,18.00895,5.35298,-5.37527,-6.74333,-1.28161,7.75069,-5.37983,NA,NA,NA,NA,NA,NA,NA,NA,NA,NA,NA,NA,NA,NA,NA,NA,NA,NA,NA,NA,NA,NA,NA,NA,NA,NA,NA,NA,54.0465,2.275745,0.972083,1.303662,-0.19505,1.9807,1.0059,-6.8991,3.60148,2.9322,66.84301,3.88088,57.95021,-6.85839,61.86108,-4.09554,3.67796,21.45939,-16.36077,2.92626,43.76415,-1.19259,High,High,High,NA,NA,High,High,High,NA,NA,NA,NA,NA,NA,NA,NA,NA,NA,NA,NA,NA,NA,NA,NA,NA,NA,NA,NA,NA,NA,NA,NA,NA,NA,NA,NA,NA,NA,NA,NA,NA,NA,NA,NA,NA,NA,NA,NA,NA,NA,NA,NA,NA,NA,NA,NA,NA,NA,NA,NA,NA
NA,NA,NA,NA,NA,NA,NA,NA,NA,NA,NA,NA,NA,NA,NA,NA,243,2025-06-26,20:45:09,3,1,"Thompson, Danny",1000109934,Right,MOR_HED,"Tobias, Jacob",10041882,Left,WLM_SHK,Undefined,8,Top,2,0,0,Fastball,Four-Seam,StrikeSwinging,Undefined,Undefined,Undefined,0,0,NA,95.04037,-1.885374,-1.459098,2598.843968,206.330508,01:00:00,5.33471,1.48602,6.01014,-9.82823,21.67348,10.11859,2.76785,0.97721,84.82826,-3.863951,0.360289,0.40396,NA,NA,NA,NA,NA,NA,NA,NA,NA,NA,NA,-5.63288,12.05804,-1.3766,50,5.1810600000000004,3.03203,-137.65012,-4.71242,-10.55818,37.12443,-9.57273,MOR_HED,WLM_SHK,BigRockStadium,CPL,CPL,20250626-BigRockStadium-1,fa6638f0-52ef-11f0-91de-9dd0983a3e69,93.30733,NA,NA,10.21211,NA,NA,NA,NA,NA,NA,67bf9003-9d93-49fb-89c2-36bfdacb035e,2025-06-27,00:45:09,2025-06-27T00:45:09Z,2025-06-27T00:45:09Z,NA,v3,NA,NA,NA,"Poppell, Broedy",701435,Right,MOR_HED,380a87a3-e522-41a1-b751-3be4ae08e9b4,54.48298,-138.85392,18.56222,5.32884,-4.40202,-4.78637,-1.48047,3.37439,-5.27909,NA,NA,NA,NA,NA,NA,NA,NA,NA,NA,NA,NA,NA,NA,NA,NA,NA,NA,NA,NA,NA,NA,NA,NA,NA,NA,NA,NA,NA,NA,NA,NA,NA,NA,NA,NA,NA,NA,NA,NA,NA,NA,NA,NA,NA,NA,NA,NA,NA,NA,High,High,High,NA,NA,NA,NA,NA,NA,NA,NA,NA,NA,NA,NA,NA,NA,NA,NA,NA,NA,NA,NA,NA,NA,NA,NA,NA,NA,NA,NA,NA,NA,NA,NA,NA,NA,NA,NA,NA,NA,NA,NA,NA,NA,NA,NA,NA,NA,NA,NA,NA,NA,NA,NA,NA,NA,NA,NA,NA,NA
NA,NA,NA,NA,NA,NA,NA,NA,NA,NA,NA,NA,NA,NA,NA,NA,244,2025-06-26,20:45:24,3,2,"Thompson, Danny",1000109934,Right,MOR_HED,"Tobias, Jacob",10041882,Left,WLM_SHK,Undefined,8,Top,2,0,1,Fastball,Four-Seam,StrikeCalled,Undefined,Undefined,Undefined,0,0,NA,95.91809,-1.819175,-1.317211,2607.62423,196.54658,12:30:00,5.25239,1.50095,6.03542,-10.7204,20.11824,5.62618,2.6735,0.74988,85.78417,-3.950356,-0.30506,0.399686,NA,NA,NA,NA,NA,NA,NA,NA,NA,NA,NA,-3.30193,11.23422,-1.40094,50,5.10433,2.93022,-138.95701,-4.64414,-6.31954,37.27839,-10.67308,MOR_HED,WLM_SHK,BigRockStadium,CPL,CPL,20250626-BigRockStadium-1,038aebb0-52f0-11f0-91de-9dd0983a3e69,94.30511,NA,NA,10.13391,NA,NA,NA,NA,NA,NA,67bf9003-9d93-49fb-89c2-36bfdacb035e,2025-06-27,00:45:24,2025-06-27T00:45:24Z,2025-06-27T00:45:24Z,NA,v3,NA,NA,NA,"Poppell, Broedy",701435,Right,MOR_HED,1c53da28-0d6c-4077-b5ca-3c81b00e4a2c,54.4576,-140.14776,18.6392,5.24723,-4.30322,-5.33654,-1.49776,3.13208,-3.15977,NA,NA,NA,NA,NA,NA,NA,NA,NA,NA,NA,NA,NA,NA,NA,NA,NA,NA,NA,NA,NA,NA,NA,NA,NA,NA,NA,NA,NA,NA,NA,NA,NA,NA,NA,NA,NA,NA,NA,NA,NA,NA,NA,NA,NA,NA,NA,NA,NA,NA,High,High,High,NA,NA,NA,NA,NA,NA,NA,NA,NA,NA,NA,NA,NA,NA,NA,NA,NA,NA,NA,NA,NA,NA,NA,NA,NA,NA,NA,NA,NA,NA,NA,NA,NA,NA,NA,NA,NA,NA,NA,NA,NA,NA,NA,NA,NA,NA,NA,NA,NA,NA,NA,NA,NA,NA,NA,NA,NA,NA
NA,NA,NA,NA,NA,NA,NA,NA,NA,NA,NA,NA,NA,NA,NA,NA,245,2025-06-26,20:45:39,3,3,"Thompson, Danny",1000109934,Right,MOR_HED,"Tobias, Jacob",10041882,Left,WLM_SHK,Undefined,8,Top,2,0,2,Fastball,Four-Seam,FoulBallNotFieldable,Undefined,Undefined,Undefined,0,0,NA,96.54165,-1.095783,-1.295218,2635.029989,184.470538,12:15:00,5.39824,1.40479,6.03557,-11.19867,18.97277,1.39976,3.44997,0.32189,87.02698,-3.295782,-1.043432,0.395339,81.27912,7.504978,-178.051391,1655.520455,NA,NA,NA,120.89883,49.96731,-176.957997,1.179659,-1.13347,10.42993,-1.30446,50,5.30673,3.10386,-140.07379,-2.96308,-2.22103,35.69523,-11.73654,MOR_HED,WLM_SHK,BigRockStadium,CPL,CPL,20250626-BigRockStadium-1,0c7d6ae0-52f0-11f0-91de-9dd0983a3e69,95.34214,7.12255,NA,9.51467,NA,NA,NA,0.8555,3.43843,-0.32151,67bf9003-9d93-49fb-89c2-36bfdacb035e,2025-06-27,00:45:39,2025-06-27T00:45:39Z,2025-06-27T00:45:39Z,LineDrive,v3,NA,NA,NA,"Poppell, Broedy",701435,Right,MOR_HED,a3eb649e-b469-4de3-a6ed-6270cf7fa1df,54.46144,-141.20613,17.84761,5.39483,-2.59077,-5.86827,-1.40404,3.17432,-1.11052,241.534711,0.71692,-116.49107,11.56648,NA,NA,NA,NA,NA,NA,3.5151,14.68223,-15.02258,NA,NA,NA,NA,NA,NA,-0.30256,-4.24334,-0.80768,NA,NA,NA,NA,NA,NA,NA,NA,NA,NA,NA,NA,NA,NA,NA,NA,NA,NA,NA,NA,NA,NA,NA,NA,NA,NA,NA,NA,High,High,High,High,Medium,NA,NA,NA,NA,NA,NA,NA,NA,NA,NA,NA,NA,NA,NA,NA,NA,NA,NA,NA,NA,NA,NA,NA,NA,NA,NA,NA,NA,NA,NA,NA,NA,NA,NA,NA,NA,NA,NA,NA,NA,NA,NA,NA,NA,NA,NA,NA,NA,NA,NA,NA,NA,NA,NA,NA,NA
NA,NA,NA,NA,NA,NA,NA,NA,NA,NA,NA,NA,NA,NA,NA,NA,246,2025-06-26,20:46:01,3,4,"Thompson, Danny",1000109934,Right,MOR_HED,"Tobias, Jacob",10041882,Left,WLM_SHK,Undefined,8,Top,2,0,2,Fastball,Four-Seam,BallCalled,Undefined,Undefined,Undefined,0,0,NA,95.62525,-3.324465,-1.639966,2634.517095,209.342941,01:00:00,5.29506,1.51536,6.09308,-9.13859,21.41214,11.45245,1.45377,0.9524,86.88769,-5.138385,0.422233,0.397816,NA,NA,NA,NA,NA,NA,NA,NA,NA,NA,NA,-6.40737,12.35032,-1.39503,50,5.03376,3.46694,-138.65636,-8.25064,-12.39879,32.74378,-8.27515,MOR_HED,WLM_SHK,BigRockStadium,CPL,CPL,20250626-BigRockStadium-1,194227c0-52f0-11f0-91de-9dd0983a3e69,94.74848,NA,NA,8.73757,NA,NA,NA,NA,NA,NA,67bf9003-9d93-49fb-89c2-36bfdacb035e,2025-06-27,00:46:01,2025-06-27T00:46:01Z,2025-06-27T00:46:01Z,NA,v3,NA,NA,NA,"Poppell, Broedy",701435,Right,MOR_HED,dc1e4461-b665-4d0e-83c8-04b6ce956bdc,54.40566,-139.69289,16.37189,5.29079,-7.98868,-4.13757,-1.51099,3.85943,-6.1994,NA,NA,NA,NA,NA,NA,NA,NA,NA,NA,NA,NA,NA,NA,NA,NA,NA,NA,NA,NA,NA,NA,NA,NA,NA,NA,NA,NA,NA,NA,NA,NA,NA,NA,NA,NA,NA,NA,NA,NA,NA,NA,NA,NA,NA,NA,NA,NA,NA,NA,High,High,High,NA,NA,NA,NA,NA,NA,NA,NA,NA,NA,NA,NA,NA,NA,NA,NA,NA,NA,NA,NA,NA,NA,NA,NA,NA,NA,NA,NA,NA,NA,NA,NA,NA,NA,NA,NA,NA,NA,NA,NA,NA,NA,NA,NA,NA,NA,NA,NA,NA,NA,NA,NA,NA,NA,NA,NA,NA,NA
NA,NA,NA,NA,NA,NA,NA,NA,NA,NA,NA,NA,NA,NA,NA,NA,247,2025-06-26,20:46:16,3,5,"Thompson, Danny",1000109934,Right,MOR_HED,"Tobias, Jacob",10041882,Left,WLM_SHK,Undefined,8,Top,2,1,2,ChangeUp,Sinker,StrikeSwinging,Strikeout,Undefined,Undefined,0,0,NA,91.23165,-2.308398,-2.236033,2524.060254,250.762167,02:15:00,5.21393,1.43512,6.04692,-27.36124,6.06008,14.33351,0.79399,0.55846,83.67806,-7.38004,0.346358,0.416086,NA,NA,NA,NA,NA,NA,NA,NA,NA,NA,NA,-8.12859,4.05626,-1.26909,50,5.0191,4.59192,-132.45349,-6.2735900000000004,-14.41695,28.72073,-24.9798,MOR_HED,WLM_SHK,BigRockStadium,CPL,CPL,20250626-BigRockStadium-1,2269e7c0-52f0-11f0-91de-9dd0983a3e69,90.58811,NA,NA,7.55359,NA,NA,NA,NA,NA,NA,67bf9003-9d93-49fb-89c2-36bfdacb035e,2025-06-27,00:46:16,2025-06-27T00:46:16Z,2025-06-27T00:46:16Z,NA,v3,NA,NA,NA,"Poppell, Broedy",701435,Right,MOR_HED,f3db7ece-242a-4ad9-a813-6e087060e306,54.4545,-133.41589,14.36037,5.2153,-5.43655,-12.4899,-1.43106,5.07501,-7.20847,NA,NA,NA,NA,NA,NA,NA,NA,NA,NA,NA,NA,NA,NA,NA,NA,NA,NA,NA,NA,NA,NA,NA,NA,NA,NA,NA,NA,64.8386,NA,NA,1.053687,NA,NA,NA,-2.47716,4.9828,-2.2438,64.16534,3.73236,60.623,-2.4461,68.77561,-5.31372,5.01281,14.62722,-15.07568,-2.22703,63.25267,-3.44213,High,High,High,NA,NA,High,High,High,NA,NA,NA,NA,NA,NA,NA,NA,NA,NA,NA,NA,NA,NA,NA,NA,NA,NA,NA,NA,NA,NA,NA,NA,NA,NA,NA,NA,NA,NA,NA,NA,NA,NA,NA,NA,NA,NA,NA,NA,NA,NA,NA,NA,NA,NA,NA,NA,NA,NA,NA,NA,NA
NA,NA,NA,NA,NA,NA,NA,NA,NA,NA,NA,NA,NA,NA,NA,NA,248,2025-06-26,20:49:04,1,1,"Granzow, Cade",800684,Right,WLM_SHK,"Gustafson, Jaden",813182,Left,MOR_HED,Undefined,8,Bottom,0,0,0,Fastball,Four-Seam,StrikeCalled,Undefined,Undefined,Undefined,0,0,NA,90.9541,-2.123193,-2.244076,2401.873913,221.502279,01:30:00,5.7328,1.60064,5.1958,-16.13773,19.24655,15.83217,2.3884,0.80806,81.53894,-5.20091,0.559233,0.428131,NA,NA,NA,NA,NA,NA,NA,NA,NA,NA,NA,-8.59997,10.6643,-1.40496,50,5.52436,4.39499,-131.54584,-5.39099,-14.78576,32.79973,-13.83908,MOR_HED,WLM_SHK,BigRockStadium,CPL,CPL,20250626-BigRockStadium-1,8670e660-52f0-11f0-91de-9dd0983a3e69,88.03952,NA,NA,9.41516,NA,NA,NA,NA,NA,NA,67bf9003-9d93-49fb-89c2-36bfdacb035e,2025-06-27,00:49:04,2025-06-27T00:49:04Z,2025-06-27T00:49:04Z,NA,v3,NA,NA,NA,"Manley, Nathan",1000093427,Right,WLM_SHK,0ab756b8-ea88-45b3-a4fd-10fe68de6816,55.29942,-132.86063,16.39987,5.72934,-4.83625,-6.91954,-1.59302,4.98768,-7.39288,NA,NA,NA,NA,NA,NA,NA,NA,NA,NA,NA,NA,NA,NA,NA,NA,NA,NA,NA,NA,NA,NA,NA,NA,NA,NA,NA,NA,NA,NA,NA,NA,NA,NA,NA,NA,NA,NA,NA,NA,NA,NA,NA,NA,NA,NA,NA,NA,NA,NA,High,High,High,NA,NA,NA,NA,NA,NA,NA,NA,NA,NA,NA,NA,NA,NA,NA,NA,NA,NA,NA,NA,NA,NA,NA,NA,NA,NA,NA,NA,NA,NA,NA,NA,NA,NA,NA,NA,NA,NA,NA,NA,NA,NA,NA,NA,NA,NA,NA,NA,NA,NA,NA,NA,NA,NA,NA,NA,NA,NA
NA,NA,NA,NA,NA,NA,NA,NA,NA,NA,NA,NA,NA,NA,NA,NA,249,2025-06-26,20:49:21,1,2,"Granzow, Cade",800684,Right,WLM_SHK,"Gustafson, Jaden",813182,Left,MOR_HED,Undefined,8,Bottom,0,0,1,Slider,Slider,BallCalled,Undefined,Undefined,Undefined,0,0,NA,81.71438,1.628436,0.450742,1965.023782,151.169489,11:00:00,5.68917,1.6921,4.92633,-37.92352,5.52233,-2.28067,4.06875,1.92816,74.57858,-5.283805,0.048684,0.474401,NA,NA,NA,NA,NA,NA,NA,NA,NA,NA,NA,1.24677,2.70193,-1.73402,50,5.81656,-0.83193,-118.47708,1.96734,1.7712,22.74724,-28.33565,MOR_HED,WLM_SHK,BigRockStadium,CPL,CPL,20250626-BigRockStadium-1,90a70920-52f0-11f0-91de-9dd0983a3e69,79.45271,NA,NA,7.1358,NA,NA,NA,NA,NA,NA,67bf9003-9d93-49fb-89c2-36bfdacb035e,2025-06-27,00:49:21,2025-06-27T00:49:21Z,2025-06-27T00:49:21Z,NA,v3,NA,NA,NA,"Manley, Nathan",1000093427,Right,WLM_SHK,d2940cd2-b3c1-43aa-90c8-789428218ca3,55.57072,-119.54186,11.37362,5.69343,3.29371,-14.16782,-1.69314,-0.91484,0.8856,NA,NA,NA,NA,NA,NA,NA,NA,NA,NA,NA,NA,NA,NA,NA,NA,NA,NA,NA,NA,NA,NA,NA,NA,NA,NA,NA,NA,NA,NA,NA,NA,NA,NA,NA,NA,NA,NA,NA,NA,NA,NA,NA,NA,NA,NA,NA,NA,NA,NA,High,High,High,NA,NA,NA,NA,NA,NA,NA,NA,NA,NA,NA,NA,NA,NA,NA,NA,NA,NA,NA,NA,NA,NA,NA,NA,NA,NA,NA,NA,NA,NA,NA,NA,NA,NA,NA,NA,NA,NA,NA,NA,NA,NA,NA,NA,NA,NA,NA,NA,NA,NA,NA,NA,NA,NA,NA,NA,NA,NA
NA,NA,NA,NA,NA,NA,NA,NA,NA,NA,NA,NA,NA,NA,NA,NA,250,2025-06-26,20:49:44,1,3,"Granzow, Cade",800684,Right,WLM_SHK,"Gustafson, Jaden",813182,Left,MOR_HED,Undefined,8,Bottom,0,1,1,Slider,Slider,FoulBallNotFieldable,Undefined,Undefined,Undefined,0,0,NA,83.81692,-1.052749,-1.529444,2002.153845,177.681993,12:00:00,5.61283,1.67078,5.26461,-32.32297,8.37634,-0.28736,1.92981,0.20969,76.93001,-6.969814,-1.580445,0.459161,60.78067,33.767902,-117.83914300000001,4982.750255,NA,NA,NA,NA,29.09825,NA,NA,-0.27886,4.84469,-1.53059,50,5.49268,3.25959,-121.63204,-3.37833,-0.41787,23.79636,-24.91434,MOR_HED,WLM_SHK,BigRockStadium,CPL,CPL,20250626-BigRockStadium-1,9e2ccc10-52f0-11f0-91de-9dd0983a3e69,82.08983,17.11194,NA,6.88691,NA,NA,NA,0.09392,1.75533,-0.21698,67bf9003-9d93-49fb-89c2-36bfdacb035e,2025-06-27,00:49:44,2025-06-27T00:49:44Z,2025-06-27T00:49:44Z,NA,v3,NA,NA,NA,"Manley, Nathan",1000093427,Right,WLM_SHK,d6e4e37c-8a52-487a-971b-edb8819c2e17,55.23482,-122.65191,11.89818,5.61459,-2.31053,-12.45717,-1.67068,3.2775,-0.20893,NA,0.10369,-34.93247,-2.92521,NA,NA,NA,NA,NA,NA,1.77133,49.02127,-28.13979,NA,NA,NA,NA,NA,NA,-0.22241,-65.3516,10.59623,NA,NA,NA,NA,NA,NA,NA,NA,NA,NA,NA,NA,NA,NA,NA,NA,NA,NA,NA,NA,NA,NA,NA,NA,NA,NA,NA,NA,High,High,High,High,Undefined,NA,NA,NA,NA,NA,NA,NA,NA,NA,NA,NA,NA,NA,NA,NA,NA,NA,NA,NA,NA,NA,NA,NA,NA,NA,NA,NA,NA,NA,NA,NA,NA,NA,NA,NA,NA,NA,NA,NA,NA,NA,NA,NA,NA,NA,NA,NA,NA,NA,NA,NA,NA,NA,NA,NA,NA
NA,NA,NA,NA,NA,NA,NA,NA,NA,NA,NA,NA,NA,NA,NA,NA,251,2025-06-26,20:50:08,1,4,"Granzow, Cade",800684,Right,WLM_SHK,"Gustafson, Jaden",813182,Left,MOR_HED,Undefined,8,Bottom,0,1,2,Fastball,Four-Seam,FoulBallNotFieldable,Undefined,Undefined,Undefined,0,0,NA,90.16607,-0.472401,-0.921302,2176.406336,212.460478,01:00:00,5.66011,1.51986,5.26171,-19.87781,15.62481,9.15764,3.55974,1.41738,81.56486,-4.204027,0.703185,0.428846,NA,NA,NA,NA,NA,NA,NA,NA,NA,NA,NA,-4.84122,8.30497,-1.4425,50,5.60271,1.67301,-130.70974,-1.76099,-8.29734,29.95247,-17.94029,MOR_HED,WLM_SHK,BigRockStadium,CPL,CPL,20250626-BigRockStadium-1,ac778cb0-52f0-11f0-91de-9dd0983a3e69,87.89268,NA,NA,8.60121,NA,NA,NA,NA,NA,NA,67bf9003-9d93-49fb-89c2-36bfdacb035e,2025-06-27,00:50:08,2025-06-27T00:50:08Z,2025-06-27T00:50:08Z,NA,v3,NA,NA,NA,"Manley, Nathan",1000093427,Right,WLM_SHK,f6e546dd-e846-4163-b8ab-37d79ac2f62d,55.23427,-131.90373,14.97624,5.65866,-1.04584,-8.97014,-1.51578,2.00376,-4.14867,NA,NA,NA,NA,NA,NA,NA,NA,NA,NA,NA,NA,NA,NA,NA,NA,NA,NA,NA,NA,NA,NA,NA,NA,NA,NA,NA,NA,NA,NA,NA,NA,NA,NA,NA,NA,NA,NA,NA,NA,NA,NA,NA,NA,NA,NA,NA,NA,NA,NA,High,High,High,NA,NA,NA,NA,NA,NA,NA,NA,NA,NA,NA,NA,NA,NA,NA,NA,NA,NA,NA,NA,NA,NA,NA,NA,NA,NA,NA,NA,NA,NA,NA,NA,NA,NA,NA,NA,NA,NA,NA,NA,NA,NA,NA,NA,NA,NA,NA,NA,NA,NA,NA,NA,NA,NA,NA,NA,NA,NA
NA,NA,NA,NA,NA,NA,NA,NA,NA,NA,NA,NA,NA,NA,NA,NA,252,2025-06-26,20:50:38,1,5,"Granzow, Cade",800684,Right,WLM_SHK,"Gustafson, Jaden",813182,Left,MOR_HED,Undefined,8,Bottom,0,1,2,Curveball,Curveball,BallCalled,Undefined,Undefined,Undefined,0,0,NA,77.02874,3.224605,0.057483,2257.876752,70.015307,08:15:00,5.82985,1.43902,5.128,-52.74979,-3.59677,-14.59485,4.47422,0.27692,69.63158,-6.388239,-2.523686,0.504599,NA,NA,NA,NA,NA,NA,NA,NA,NA,NA,NA,7.20914,-2.23055,-1.43275,50,6.09233,0.48996,-111.50613,4.42912,8.96007,22.45094,-34.94638,MOR_HED,WLM_SHK,BigRockStadium,CPL,CPL,20250626-BigRockStadium-1,be94b210-52f0-11f0-91de-9dd0983a3e69,74.69779,NA,NA,7.39716,NA,NA,NA,NA,NA,NA,67bf9003-9d93-49fb-89c2-36bfdacb035e,2025-06-27,00:50:38,2025-06-27T00:50:38Z,2025-06-27T00:50:38Z,NA,v3,NA,NA,NA,"Manley, Nathan",1000093427,Right,WLM_SHK,875c7675-f041-4042-a518-e31dc6a93d64,55.37005,-112.58215,11.22547,5.83991,6.10403,-17.47319,-1.44594,0.06053,4.48004,NA,NA,NA,NA,NA,NA,NA,NA,NA,NA,NA,NA,NA,NA,NA,NA,NA,NA,NA,NA,NA,NA,NA,NA,NA,NA,NA,NA,NA,NA,NA,NA,NA,NA,NA,NA,NA,NA,NA,NA,NA,NA,NA,NA,NA,NA,NA,NA,NA,NA,High,High,High,NA,NA,NA,NA,NA,NA,NA,NA,NA,NA,NA,NA,NA,NA,NA,NA,NA,NA,NA,NA,NA,NA,NA,NA,NA,NA,NA,NA,NA,NA,NA,NA,NA,NA,NA,NA,NA,NA,NA,NA,NA,NA,NA,NA,NA,NA,NA,NA,NA,NA,NA,NA,NA,NA,NA,NA,NA,NA
NA,NA,NA,NA,NA,NA,NA,NA,NA,NA,NA,NA,NA,NA,NA,NA,253,2025-06-26,20:50:59,1,6,"Granzow, Cade",800684,Right,WLM_SHK,"Gustafson, Jaden",813182,Left,MOR_HED,Undefined,8,Bottom,0,2,2,Slider,Slider,FoulBallNotFieldable,Undefined,Undefined,Undefined,0,0,NA,83.00457,0.224204,-1.261956,2028.773,147.635813,11:00:00,5.66573,1.50104,5.19679,-37.14183,4.64603,-2.07976,2.78152,0.14052,75.75992,-6.565599,-1.630581,0.465261,68.95415,49.818958,-45.661615,NA,60.88088,73.46884,-91.616,189.81837,85.87308,-60.787536,4.113159,0.67441,2.63717,-1.38241,50,5.65849,2.74053,-120.40573,-0.86767,0.98546,24.39602,-28.32067,MOR_HED,WLM_SHK,BigRockStadium,CPL,CPL,20250626-BigRockStadium-1,cb10cd30-52f0-11f0-91de-9dd0983a3e69,81.01358,73.57874,NA,7.24465,NA,NA,NA,0.31641,3.07569,-0.7888,67bf9003-9d93-49fb-89c2-36bfdacb035e,2025-06-27,00:50:59,2025-06-27T00:50:59Z,2025-06-27T00:50:59Z,Popup,v3,NA,NA,NA,"Manley, Nathan",1000093427,Right,WLM_SHK,a00f7c20-26aa-4422-b813-80226f1b6256,55.30169,-121.47518,12.19801,5.66932,0.37383,-14.16034,-1.5016,2.69733,0.49273,133.751274,0.32001,45.53605,-12.25316,3.34968,-1.04898,0.51616,-0.21477,0.04543,-0.00358,3.06817,77.47406,-25.91732,4.95649,-2.90265,1.43982,-0.43162,0.06738,-0.0042,-0.77982,-46.90125,0.96821,-1.104,1.7949,-1.05533,0.30597,-0.0427,0.00227,NA,NA,NA,NA,NA,NA,NA,NA,NA,NA,NA,NA,NA,NA,NA,NA,NA,NA,NA,NA,NA,NA,High,High,High,Medium,Low,NA,NA,NA,NA,NA,NA,NA,NA,NA,NA,NA,NA,NA,NA,NA,NA,NA,NA,NA,NA,NA,NA,NA,NA,NA,NA,NA,NA,NA,NA,NA,NA,NA,NA,NA,NA,NA,NA,NA,NA,NA,NA,NA,NA,NA,NA,NA,NA,NA,NA,NA,NA,NA,NA,NA,NA
NA,NA,NA,NA,NA,NA,NA,NA,NA,NA,NA,NA,NA,NA,NA,NA,254,2025-06-26,20:51:31,1,7,"Granzow, Cade",800684,Right,WLM_SHK,"Gustafson, Jaden",813182,Left,MOR_HED,Undefined,8,Bottom,0,2,2,Fastball,Four-Seam,FoulBallNotFieldable,Undefined,Undefined,Undefined,0,0,NA,91.51019,-1.540232,-1.642787,2327.285699,221.168939,01:15:00,5.55886,1.65511,5.3552,-18.14182,16.86765,13.50918,2.60159,1.23977,81.36957,-4.998509,0.757495,0.425857,76.49637,4.033557,-172.597923,1240.785069,NA,NA,NA,94.72743,48.44225,-170.823751,0.952637,-7.33122,9.39221,-1.5173,50,5.4081,3.15043,-132.3362,-4.14805,-12.63607,35.62306,-15.98567,MOR_HED,WLM_SHK,BigRockStadium,CPL,CPL,20250626-BigRockStadium-1,ddfc6620-52f0-11f0-91de-9dd0983a3e69,88.50955,3.88842,NA,10.14062,NA,NA,NA,1.10703,2.47939,-1.15463,67bf9003-9d93-49fb-89c2-36bfdacb035e,2025-06-27,00:51:31,2025-06-27T00:51:31Z,2025-06-27T00:51:31Z,GroundBall,v3,NA,NA,NA,"Manley, Nathan",1000093427,Right,WLM_SHK,c3532201-6ab1-4bbe-a77b-cff42ad93c5a,55.13849,-133.71225,17.81153,5.5564,-3.53056,-7.99283,-1.64842,3.63854,-6.31803,200.640609,1.0262,-109.82468,11.18995,NA,NA,NA,NA,NA,NA,2.48249,7.85653,-10.98738,NA,NA,NA,NA,NA,NA,-1.14948,-14.49415,-0.1693,NA,NA,NA,NA,NA,NA,NA,NA,NA,NA,NA,NA,NA,NA,NA,NA,NA,NA,NA,NA,NA,NA,NA,NA,NA,NA,NA,NA,High,High,High,High,Medium,NA,NA,NA,NA,NA,NA,NA,NA,NA,NA,NA,NA,NA,NA,NA,NA,NA,NA,NA,NA,NA,NA,NA,NA,NA,NA,NA,NA,NA,NA,NA,NA,NA,NA,NA,NA,NA,NA,NA,NA,NA,NA,NA,NA,NA,NA,NA,NA,NA,NA,NA,NA,NA,NA,NA,NA
NA,NA,NA,NA,NA,NA,NA,NA,NA,NA,NA,NA,NA,NA,NA,NA,255,2025-06-26,20:52:00,1,8,"Granzow, Cade",800684,Right,WLM_SHK,"Gustafson, Jaden",813182,Left,MOR_HED,Undefined,8,Bottom,0,2,2,Curveball,Curveball,StrikeSwinging,Strikeout,Undefined,Undefined,0,0,NA,78.87661,0.635917,-1.205429,2230.470048,46.318654,07:30:00,5.80298,1.43146,4.80574,-53.17743,-5.85166,-7.84036,1.97418,-0.36414,71.80689,-8.942496,-2.586839,0.495131,NA,NA,NA,NA,NA,NA,NA,NA,NA,NA,NA,3.51425,-2.71917,-1.30419,50,5.81973,2.73142,-114.30019,-0.69962,4.58634,23.72155,-35.72275,MOR_HED,WLM_SHK,BigRockStadium,CPL,CPL,20250626-BigRockStadium-1,ef7d99a0-52f0-11f0-91de-9dd0983a3e69,76.12617,NA,NA,7.06971,NA,NA,NA,NA,NA,NA,67bf9003-9d93-49fb-89c2-36bfdacb035e,2025-06-27,00:52:00,2025-06-27T00:52:00Z,2025-06-27T00:52:00Z,NA,v3,NA,NA,NA,"Manley, Nathan",1000093427,Right,WLM_SHK,09f4f805-dc00-47a1-909f-254f83069eea,55.69462,-115.47599,11.86077,5.81053,1.07104,-17.86137,-1.43395,2.50409,2.29317,NA,NA,NA,NA,NA,NA,NA,NA,NA,NA,NA,NA,NA,NA,NA,NA,NA,NA,NA,NA,NA,NA,NA,NA,NA,NA,NA,NA,45.42629,3.448238,1.766939,1.681299,3.72644,2.32891,0.26099,-4.40766,6.09843,3.10096,71.80433,2.7285,-52.98365,-4.35683,48.56969,-1.95778,6.21015,23.13309,-15.026,3.0154,-37.50985,2.52147,High,High,High,NA,NA,High,High,High,NA,NA,NA,NA,NA,NA,NA,NA,NA,NA,NA,NA,NA,NA,NA,NA,NA,NA,NA,NA,NA,NA,NA,NA,NA,NA,NA,NA,NA,NA,NA,NA,NA,NA,NA,NA,NA,NA,NA,NA,NA,NA,NA,NA,NA,NA,NA,NA,NA,NA,NA,NA,NA
NA,NA,NA,NA,NA,NA,NA,NA,NA,NA,NA,NA,NA,NA,NA,NA,256,2025-06-26,20:52:40,2,1,"Granzow, Cade",800684,Right,WLM_SHK,"Mally, Tanner",10021383,Right,MOR_HED,Undefined,8,Bottom,1,0,0,Slider,Slider,StrikeCalled,Undefined,Undefined,Undefined,0,0,NA,82.22289,-0.080792,-2.968986,1992.057472,191.686321,12:30:00,5.66738,1.57658,5.23861,-34.64541,8.23741,1.39469,2.70423,-1.10019,74.5519,-6.449671,-2.722137,0.471317,NA,NA,NA,NA,NA,NA,NA,NA,NA,NA,NA,-1.61095,4.58666,-1.30444,50,5.63456,6.11405,-119.03313,-1.37698,-2.28697,25.09572,-25.66269,MOR_HED,WLM_SHK,BigRockStadium,CPL,CPL,20250626-BigRockStadium-1,06fe2400-52f1-11f0-91de-9dd0983a3e69,79.97258,NA,NA,7.67099,NA,NA,NA,NA,NA,NA,67bf9003-9d93-49fb-89c2-36bfdacb035e,2025-06-27,00:52:40,2025-06-27T00:52:40Z,2025-06-27T00:52:40Z,NA,v3,NA,NA,NA,"Manley, Nathan",1000093427,Right,WLM_SHK,7c5605b0-77e3-4589-bbdf-91cc81e705d7,55.2572,-120.13639,12.54786,5.6703,-0.2488,-12.83135,-1.57543,6.21459,-1.14348,NA,NA,NA,NA,NA,NA,NA,NA,NA,NA,NA,NA,NA,NA,NA,NA,NA,NA,NA,NA,NA,NA,NA,NA,NA,NA,NA,NA,NA,NA,NA,NA,NA,NA,NA,NA,NA,NA,NA,NA,NA,NA,NA,NA,NA,NA,NA,NA,NA,NA,High,High,High,NA,NA,NA,NA,NA,NA,NA,NA,NA,NA,NA,NA,NA,NA,NA,NA,NA,NA,NA,NA,NA,NA,NA,NA,NA,NA,NA,NA,NA,NA,NA,NA,NA,NA,NA,NA,NA,NA,NA,NA,NA,NA,NA,NA,NA,NA,NA,NA,NA,NA,NA,NA,NA,NA,NA,NA,NA,NA
NA,NA,NA,NA,NA,NA,NA,NA,NA,NA,NA,NA,NA,NA,NA,NA,257,2025-06-26,20:52:59,2,2,"Granzow, Cade",800684,Right,WLM_SHK,"Mally, Tanner",10021383,Right,MOR_HED,Undefined,8,Bottom,1,0,1,Curveball,Curveball,BallCalled,Undefined,Undefined,Undefined,0,0,NA,78.43629,-0.659591,-2.992025,2220.179563,31.591292,07:00:00,5.83768,1.40187,5.26632,-50.56546,-3.47036,-3.1254,1.0034,-1.67184,71.6811,-9.816436,-3.546685,0.493923,NA,NA,NA,NA,NA,NA,NA,NA,NA,NA,NA,0.62654,-1.04886,-1.12558,50,5.74009,6.0631,-113.60183,-3.07109,0.80889,23.15484,-33.52815,MOR_HED,WLM_SHK,BigRockStadium,CPL,CPL,20250626-BigRockStadium-1,1273cba0-52f1-11f0-91de-9dd0983a3e69,76.31236,NA,NA,6.75519,NA,NA,NA,NA,NA,NA,67bf9003-9d93-49fb-89c2-36bfdacb035e,2025-06-27,00:52:59,2025-06-27T00:52:59Z,2025-06-27T00:52:59Z,NA,v3,NA,NA,NA,"Manley, Nathan",1000093427,Right,WLM_SHK,a8fe31d6-1475-4521-8b72-2ff5517a64d4,55.23228,-114.66334,11.57742,5.84565,-1.53403,-16.76407,-1.40269,6.02602,0.40445,NA,NA,NA,NA,NA,NA,NA,NA,NA,NA,NA,NA,NA,NA,NA,NA,NA,NA,NA,NA,NA,NA,NA,NA,NA,NA,NA,NA,NA,NA,NA,NA,NA,NA,NA,NA,NA,NA,NA,NA,NA,NA,NA,NA,NA,NA,NA,NA,NA,NA,High,High,High,NA,NA,NA,NA,NA,NA,NA,NA,NA,NA,NA,NA,NA,NA,NA,NA,NA,NA,NA,NA,NA,NA,NA,NA,NA,NA,NA,NA,NA,NA,NA,NA,NA,NA,NA,NA,NA,NA,NA,NA,NA,NA,NA,NA,NA,NA,NA,NA,NA,NA,NA,NA,NA,NA,NA,NA,NA,NA
NA,NA,NA,NA,NA,NA,NA,NA,NA,NA,NA,NA,NA,NA,NA,NA,258,2025-06-26,20:53:24,2,3,"Granzow, Cade",800684,Right,WLM_SHK,"Mally, Tanner",10021383,Right,MOR_HED,Undefined,8,Bottom,1,1,1,Fastball,Sinker,BallCalled,Undefined,Undefined,Undefined,0,0,NA,92.24044,-3.171651,-3.942443,2343.127121,231.244354,01:45:00,5.62472,1.57104,5.42899,-19.0204,15.13595,17.24851,1.05915,-0.68976,83.00006,-6.750624,-0.8806,0.420637,NA,NA,NA,NA,NA,NA,NA,NA,NA,NA,NA,-9.90327,8.99867,-1.23333,50,5.32997,8.36282,-133.19364,-8.04222,-17.50888,32.83148,-16.2645,MOR_HED,WLM_SHK,BigRockStadium,CPL,CPL,20250626-BigRockStadium-1,2182edb0-52f1-11f0-91de-9dd0983a3e69,89.60804,NA,NA,9.24038,NA,NA,NA,NA,NA,NA,67bf9003-9d93-49fb-89c2-36bfdacb035e,2025-06-27,00:53:24,2025-06-27T00:53:24Z,2025-06-27T00:53:24Z,NA,v3,NA,NA,NA,"Manley, Nathan",1000093427,Right,WLM_SHK,d8e2ccae-6163-4207-ad66-41a4b83f0d12,55.0671,-134.43685,16.41574,5.62284,-7.42634,-8.13225,-1.56255,9.02582,-8.75444,NA,NA,NA,NA,NA,NA,NA,NA,NA,NA,NA,NA,NA,NA,NA,NA,NA,NA,NA,NA,NA,NA,NA,NA,NA,NA,NA,NA,NA,NA,NA,NA,NA,NA,NA,NA,NA,NA,NA,NA,NA,NA,NA,NA,NA,NA,NA,NA,NA,NA,High,High,High,NA,NA,NA,NA,NA,NA,NA,NA,NA,NA,NA,NA,NA,NA,NA,NA,NA,NA,NA,NA,NA,NA,NA,NA,NA,NA,NA,NA,NA,NA,NA,NA,NA,NA,NA,NA,NA,NA,NA,NA,NA,NA,NA,NA,NA,NA,NA,NA,NA,NA,NA,NA,NA,NA,NA,NA,NA,NA
NA,NA,NA,NA,NA,NA,NA,NA,NA,NA,NA,NA,NA,NA,NA,NA,259,2025-06-26,20:53:46,2,4,"Granzow, Cade",800684,Right,WLM_SHK,"Mally, Tanner",10021383,Right,MOR_HED,Undefined,8,Bottom,1,2,1,Slider,Slider,HitByPitch,Undefined,Undefined,Undefined,0,0,NA,81.79017,0.614826,-0.303886,1989.15803,169.720611,11:45:00,5.58063,1.73103,5.08847,-34.6177,8.85146,-1.33173,3.27533,1.33364,74.08041,-5.75046,-0.539441,0.474528,NA,NA,NA,NA,NA,NA,NA,NA,NA,NA,NA,0.57925,4.58418,-1.70115,50,5.61181,0.6838,-118.57972,0.06225,0.81487,25.21237,-25.72517,MOR_HED,WLM_SHK,BigRockStadium,CPL,CPL,20250626-BigRockStadium-1,2e61e950-52f1-11f0-91de-9dd0983a3e69,79.43141,NA,NA,7.70977,NA,NA,NA,NA,NA,NA,67bf9003-9d93-49fb-89c2-36bfdacb035e,2025-06-27,00:53:46,2025-06-27T00:53:46Z,2025-06-27T00:53:46Z,NA,v3,NA,NA,NA,"Manley, Nathan",1000093427,Right,WLM_SHK,3ec17689-35fc-432f-8184-4e135ef9cb68,55.41096,-119.72466,12.60618,5.58246,1.23048,-12.86259,-1.73137,0.6468,0.40744,NA,NA,NA,NA,NA,NA,NA,NA,NA,NA,NA,NA,NA,NA,NA,NA,NA,NA,NA,NA,NA,NA,NA,NA,NA,NA,NA,NA,NA,NA,NA,NA,NA,NA,NA,NA,NA,NA,NA,NA,NA,NA,NA,NA,NA,NA,NA,NA,NA,NA,High,High,High,NA,NA,NA,NA,NA,NA,NA,NA,NA,NA,NA,NA,NA,NA,NA,NA,NA,NA,NA,NA,NA,NA,NA,NA,NA,NA,NA,NA,NA,NA,NA,NA,NA,NA,NA,NA,NA,NA,NA,NA,NA,NA,NA,NA,NA,NA,NA,NA,NA,NA,NA,NA,NA,NA,NA,NA,NA,NA
NA,NA,NA,NA,NA,NA,NA,NA,NA,NA,NA,NA,NA,NA,NA,NA,260,2025-06-26,20:55:32,3,1,"Granzow, Cade",800684,Right,WLM_SHK,"LeJeune, Tyler",1000077446,Left,MOR_HED,Undefined,8,Bottom,1,0,0,Fastball,Sinker,BallCalled,Undefined,Undefined,Undefined,1,0,NA,87.99878,0.286527,-1.68718,2126.400368,222.449068,01:30:00,5.50749,1.73799,5.66064,-22.10974,14.75052,12.29331,3.93232,1.18865,79.29417,-3.889867,0.508808,0.436969,NA,NA,NA,NA,NA,NA,NA,NA,NA,NA,NA,-6.73981,7.76304,-1.60306,50,5.51805,3.2176,-127.57277,-0.06792,-10.95785,29.53639,-19.5526,MOR_HED,WLM_SHK,BigRockStadium,CPL,CPL,20250626-BigRockStadium-1,6db74a50-52f1-11f0-91de-9dd0983a3e69,86.25888,NA,NA,8.70461,NA,NA,NA,NA,NA,NA,67bf9003-9d93-49fb-89c2-36bfdacb035e,2025-06-27,00:55:32,2025-06-27T00:55:32Z,2025-06-27T00:55:32Z,NA,v3,NA,NA,NA,"Manley, Nathan",1000093427,Right,WLM_SHK,45db2ccd-53da-49dd-a4b3-8510a56839e6,54.83513,-128.68735,14.7682,5.50669,0.66992,-9.7763,-1.73228,3.63111,-5.47893,NA,NA,NA,NA,NA,NA,NA,NA,NA,NA,NA,NA,NA,NA,NA,NA,NA,NA,NA,NA,NA,NA,NA,NA,NA,NA,NA,NA,80.94483,1.901213,0.710758,1.190454,-0.00974,3.83369,-1.20205,0.39178,5.40628,-0.77053,127.2774,0.38905,-1.52922,0.48857,117.20283,-9.06958,5.40661,8.42978,-10.62461,-0.80772,-3.9189600000000002,2.81407,High,High,High,NA,NA,High,Medium,Medium,NA,NA,NA,NA,NA,NA,NA,NA,NA,NA,NA,NA,NA,NA,NA,NA,NA,NA,NA,NA,NA,NA,NA,NA,NA,NA,NA,NA,NA,NA,NA,NA,NA,NA,NA,NA,NA,NA,NA,NA,NA,NA,NA,NA,NA,NA,NA,NA,NA,NA,NA,NA,NA
NA,NA,NA,NA,NA,NA,NA,NA,NA,NA,NA,NA,NA,NA,NA,NA,261,2025-06-26,20:56:08,3,2,"Granzow, Cade",800684,Right,WLM_SHK,"LeJeune, Tyler",1000077446,Left,MOR_HED,Undefined,8,Bottom,2,1,0,Slider,Slider,FoulBallNotFieldable,Undefined,Undefined,Undefined,0,0,NA,83.47562,-0.067331,-1.112093,1929.754758,169.706886,11:45:00,5.57119,1.68168,5.1443,-32.90829,8.5278,-1.29949,2.76543,0.52619,76.05443,-6.106008,-1.342169,0.463298,68.97827,21.755855,-168.092583,2587.920351,-107.72353,13.78511,-22.2609,149.61509,50.51119,-169.222905,1.820241,0.32362,4.65634,-1.57653,50,5.53978,2.40573,-121.06335,-1.31838,0.47764,24.85544,-25.30177,MOR_HED,WLM_SHK,BigRockStadium,CPL,CPL,20250626-BigRockStadium-1,8349c050-52f1-11f0-91de-9dd0983a3e69,81.35673,17.75214,NA,7.42118,NA,NA,NA,0.61138,2.84328,-0.62062,67bf9003-9d93-49fb-89c2-36bfdacb035e,2025-06-27,00:56:08,2025-06-27T00:56:08Z,2025-06-27T00:56:08Z,LineDrive,v3,NA,NA,NA,"Manley, Nathan",1000093427,Right,WLM_SHK,9bd26e64-30ee-4928-8a62-9cf149628cf7,55.35373,-122.15758,12.42772,5.5733,-0.20451,-12.65089,-1.68198,2.3847,0.23882,354.118917,0.61142,-91.9444,6.91932,-0.93625,0.7066,-0.78182,0.5521,-0.19521,0.02656,2.84327,37.49908,-25.94355,3.45778,-0.8736,0.35342,-0.18853,0.07149,-0.01115,-0.62059,-19.39054,0.76395,1.21351,0.01254,-0.45455,0.3768,-0.13199,0.01716,NA,NA,NA,NA,NA,NA,NA,NA,NA,NA,NA,NA,NA,NA,NA,NA,NA,NA,NA,NA,NA,NA,High,High,High,High,Low,NA,NA,NA,NA,NA,NA,NA,NA,NA,NA,NA,NA,NA,NA,NA,NA,NA,NA,NA,NA,NA,NA,NA,NA,NA,NA,NA,NA,NA,NA,NA,NA,NA,NA,NA,NA,NA,NA,NA,NA,NA,NA,NA,NA,NA,NA,NA,NA,NA,NA,NA,NA,NA,NA,NA,NA
NA,NA,NA,NA,NA,NA,NA,NA,NA,NA,NA,NA,NA,NA,NA,NA,262,2025-06-26,20:56:31,3,3,"Granzow, Cade",800684,Right,WLM_SHK,"LeJeune, Tyler",1000077446,Left,MOR_HED,Undefined,8,Bottom,2,1,1,Slider,Slider,StrikeCalled,Undefined,Undefined,Undefined,0,0,NA,81.47644,1.128251,-0.879456,1910.711181,144.888986,10:45:00,5.5585,1.76207,5.27412,-39.45561,3.93083,-1.73957,3.33052,0.79099,74.05073,-6.106577,-1.188175,0.474076,NA,NA,NA,NA,NA,NA,NA,NA,NA,NA,NA,0.60327,2.07421,-1.68043,50,5.63282,1.88684,-118.13736,0.93395,0.8461,24.09331,-29.26483,MOR_HED,WLM_SHK,BigRockStadium,CPL,CPL,20250626-BigRockStadium-1,910a9070-52f1-11f0-91de-9dd0983a3e69,79.5071,NA,NA,7.42571,NA,NA,NA,NA,NA,NA,67bf9003-9d93-49fb-89c2-36bfdacb035e,2025-06-27,00:56:31,2025-06-27T00:56:31Z,2025-06-27T00:56:31Z,NA,v3,NA,NA,NA,"Manley, Nathan",1000093427,Right,WLM_SHK,98c010fa-1873-4e65-b03a-9a3eb6706eca,55.22275,-119.19775,12.04666,5.56337,2.22195,-14.63241,-1.76265,1.8496,0.42305,NA,NA,NA,NA,NA,NA,NA,NA,NA,NA,NA,NA,NA,NA,NA,NA,NA,NA,NA,NA,NA,NA,NA,NA,NA,NA,NA,NA,NA,NA,NA,NA,NA,NA,NA,NA,NA,NA,NA,NA,NA,NA,NA,NA,NA,NA,NA,NA,NA,NA,High,High,High,NA,NA,NA,NA,NA,NA,NA,NA,NA,NA,NA,NA,NA,NA,NA,NA,NA,NA,NA,NA,NA,NA,NA,NA,NA,NA,NA,NA,NA,NA,NA,NA,NA,NA,NA,NA,NA,NA,NA,NA,NA,NA,NA,NA,NA,NA,NA,NA,NA,NA,NA,NA,NA,NA,NA,NA,NA,NA
NA,NA,NA,NA,NA,NA,NA,NA,NA,NA,NA,NA,NA,NA,NA,NA,263,2025-06-26,20:56:51,3,4,"Granzow, Cade",800684,Right,WLM_SHK,"LeJeune, Tyler",1000077446,Left,MOR_HED,Undefined,8,Bottom,2,1,2,Fastball,Four-Seam,BallCalled,Undefined,Undefined,Undefined,0,0,NA,92.16906,-2.849412,-2.433123,2295.31354,225.780263,01:30:00,5.58631,1.54906,5.40769,-18.79741,15.50835,14.56363,1.34554,0.48165,82.5728,-6.398338,0.156368,0.421556,NA,NA,NA,NA,NA,NA,NA,NA,NA,NA,NA,-8.2752,9.18292,-1.34338,50,5.31984,5.00302,-133.28469,-7.27757,-14.5437,34.78783,-16.03502,MOR_HED,WLM_SHK,BigRockStadium,CPL,CPL,20250626-BigRockStadium-1,9d0609e0-52f1-11f0-91de-9dd0983a3e69,89.41269,NA,NA,9.59626,NA,NA,NA,NA,NA,NA,67bf9003-9d93-49fb-89c2-36bfdacb035e,2025-06-27,00:56:51,2025-06-27T00:56:51Z,2025-06-27T00:56:51Z,NA,v3,NA,NA,NA,"Manley, Nathan",1000093427,Right,WLM_SHK,15fd503b-7258-40b6-a657-357e2f25a973,55.09073,-134.60684,17.39391,5.58485,-6.66814,-8.01751,-1.54403,5.55576,-7.27185,NA,NA,NA,NA,NA,NA,NA,NA,NA,NA,NA,NA,NA,NA,NA,NA,NA,NA,NA,NA,NA,NA,NA,NA,NA,NA,NA,NA,NA,NA,NA,NA,NA,NA,NA,NA,NA,NA,NA,NA,NA,NA,NA,NA,NA,NA,NA,NA,NA,NA,High,High,High,NA,NA,NA,NA,NA,NA,NA,NA,NA,NA,NA,NA,NA,NA,NA,NA,NA,NA,NA,NA,NA,NA,NA,NA,NA,NA,NA,NA,NA,NA,NA,NA,NA,NA,NA,NA,NA,NA,NA,NA,NA,NA,NA,NA,NA,NA,NA,NA,NA,NA,NA,NA,NA,NA,NA,NA,NA,NA
NA,NA,NA,NA,NA,NA,NA,NA,NA,NA,NA,NA,NA,NA,NA,NA,264,2025-06-26,20:57:15,3,5,"Granzow, Cade",800684,Right,WLM_SHK,"LeJeune, Tyler",1000077446,Left,MOR_HED,Undefined,8,Bottom,2,2,2,Slider,Slider,StrikeSwinging,Strikeout,Undefined,Undefined,0,0,NA,83.94314,1.383802,-1.609825,1997.023551,198.783523,12:45:00,5.58698,1.65836,5.17679,-37.90266,3.52587,0.68602,3.7313,0.20034,75.52084,-5.577783,-1.488385,0.463256,NA,NA,NA,NA,NA,NA,NA,NA,NA,NA,NA,-0.86602,1.76036,-1.50911,50,5.68734,3.38471,-121.51795,1.54143,-1.27329,27.52471,-29.58581,MOR_HED,WLM_SHK,BigRockStadium,CPL,CPL,20250626-BigRockStadium-1,ab619360-52f1-11f0-91de-9dd0983a3e69,81.36416,NA,NA,8.42229,NA,NA,NA,NA,NA,NA,67bf9003-9d93-49fb-89c2-36bfdacb035e,2025-06-27,00:57:15,2025-06-27T00:57:15Z,2025-06-27T00:57:15Z,NA,v3,NA,NA,NA,"Manley, Nathan",1000093427,Right,WLM_SHK,2fb864f2-ba8c-40c9-8855-e417183ae249,55.31851,-122.71672,13.76235,5.59214,2.82997,-14.79291,-1.65773,3.44017,-0.63664,NA,NA,NA,NA,NA,NA,NA,NA,NA,NA,NA,NA,NA,NA,NA,NA,NA,NA,NA,NA,NA,NA,NA,NA,NA,NA,NA,NA,NA,NA,NA,NA,NA,NA,NA,NA,NA,NA,NA,NA,NA,NA,NA,NA,NA,NA,NA,NA,NA,NA,High,High,High,NA,NA,NA,NA,NA,NA,NA,NA,NA,NA,NA,NA,NA,NA,NA,NA,NA,NA,NA,NA,NA,NA,NA,NA,NA,NA,NA,NA,NA,NA,NA,NA,NA,NA,NA,NA,NA,NA,NA,NA,NA,NA,NA,NA,NA,NA,NA,NA,NA,NA,NA,NA,NA,NA,NA,NA,NA,NA
NA,NA,NA,NA,NA,NA,NA,NA,NA,NA,NA,NA,NA,NA,NA,NA,265,2025-06-26,21:00:16,1,1,"Ferguson, Sage",1000298203,Right,MOR_HED,"Suto, Cameron",1000124567,Right,WLM_SHK,Undefined,9,Top,0,0,0,Fastball,Four-Seam,BallCalled,Undefined,Undefined,Undefined,0,0,NA,91.01453,-3.821094,-2.265511,2197.735112,188.306623,12:15:00,5.80226,1.5219800000000001,6.94901,-13.33855,19.70151,2.69681,1.20551,-0.31605,82.04585,-6.452438,-1.772238,0.413706,NA,NA,NA,NA,NA,NA,NA,NA,NA,NA,NA,-2.18906,12.12827,-1.38201,50,5.55932,5.11713,-131.88954,-9.07631,-3.78575,32.80411,-11.19929,MOR_HED,WLM_SHK,BigRockStadium,CPL,CPL,20250626-BigRockStadium-1,16d66d00-52f2-11f0-91de-9dd0983a3e69,91.10923,NA,NA,8.96868,NA,NA,NA,NA,NA,NA,67bf9003-9d93-49fb-89c2-36bfdacb035e,2025-06-27,01:00:16,2025-06-27T01:00:16Z,2025-06-27T01:00:16Z,NA,v3,NA,NA,NA,"Poppell, Broedy",701435,Right,MOR_HED,0c0562a9-00e3-4693-aa5f-213c59b2cfaa,53.54789,-132.76906,16.40206,5.79864,-8.77604,-5.59965,-1.52057,5.21864,-1.89288,NA,NA,NA,NA,NA,NA,NA,NA,NA,NA,NA,NA,NA,NA,NA,NA,NA,NA,NA,NA,NA,NA,NA,NA,NA,NA,NA,NA,NA,NA,NA,NA,NA,NA,NA,NA,NA,NA,NA,NA,NA,NA,NA,NA,NA,NA,NA,NA,NA,NA,High,High,High,NA,NA,NA,NA,NA,NA,NA,NA,NA,NA,NA,NA,NA,NA,NA,NA,NA,NA,NA,NA,NA,NA,NA,NA,NA,NA,NA,NA,NA,NA,NA,NA,NA,NA,NA,NA,NA,NA,NA,NA,NA,NA,NA,NA,NA,NA,NA,NA,NA,NA,NA,NA,NA,NA,NA,NA,NA,NA
NA,NA,NA,NA,NA,NA,NA,NA,NA,NA,NA,NA,NA,NA,NA,NA,266,2025-06-26,21:00:28,1,2,"Ferguson, Sage",1000298203,Right,MOR_HED,"Suto, Cameron",1000124567,Right,WLM_SHK,Undefined,9,Top,0,1,0,Fastball,Four-Seam,BallCalled,Undefined,Undefined,Undefined,0,0,NA,87.68567,-1.070492,-1.285473,2004.025592,211.374436,01:00:00,5.86884,1.54523,7.06302,-20.24647,15.05769,8.39123,3.20923,1.07704,78.90727,-5.005329,0.254576,0.427646,NA,NA,NA,NA,NA,NA,NA,NA,NA,NA,NA,-4.88055,8.77796,-1.46982,50,5.79757,2.55131,-127.37805,-2.84406,-7.86609,30.80559,-18.02644,MOR_HED,WLM_SHK,BigRockStadium,CPL,CPL,20250626-BigRockStadium-1,1e0f5550-52f2-11f0-91de-9dd0983a3e69,88.13936,NA,NA,8.7784,NA,NA,NA,NA,NA,NA,67bf9003-9d93-49fb-89c2-36bfdacb035e,2025-06-27,01:00:28,2025-06-27T01:00:28Z,2025-06-27T01:00:28Z,NA,v3,NA,NA,NA,"Poppell, Broedy",701435,Right,MOR_HED,2d38e300-8931-49b9-a042-e6b314d76988,53.43209,-128.20538,15.4028,5.86745,-2.35993,-9.01322,-1.54118,2.76257,-3.93304,NA,NA,NA,NA,NA,NA,NA,NA,NA,NA,NA,NA,NA,NA,NA,NA,NA,NA,NA,NA,NA,NA,NA,NA,NA,NA,NA,NA,NA,NA,NA,NA,NA,NA,NA,NA,NA,NA,NA,NA,NA,NA,NA,NA,NA,NA,NA,NA,NA,NA,High,High,High,NA,NA,NA,NA,NA,NA,NA,NA,NA,NA,NA,NA,NA,NA,NA,NA,NA,NA,NA,NA,NA,NA,NA,NA,NA,NA,NA,NA,NA,NA,NA,NA,NA,NA,NA,NA,NA,NA,NA,NA,NA,NA,NA,NA,NA,NA,NA,NA,NA,NA,NA,NA,NA,NA,NA,NA,NA,NA
NA,NA,NA,NA,NA,NA,NA,NA,NA,NA,NA,NA,NA,NA,NA,NA,267,2025-06-26,21:00:42,1,3,"Ferguson, Sage",1000298203,Right,MOR_HED,"Suto, Cameron",1000124567,Right,WLM_SHK,Undefined,9,Top,0,2,0,Fastball,Four-Seam,StrikeCalled,Undefined,Undefined,Undefined,0,0,NA,88.32775,-2.112018,-3.061421,2159.46691,197.236987,12:30:00,5.79517,1.42592,7.09044,-17.73265,17.10615,4.90878,2.39705,-0.94609,79.56422,-5.575385,-2.161946,0.424818,NA,NA,NA,NA,NA,NA,NA,NA,NA,NA,NA,-3.61071,10.20524,-1.24423,50,5.66273,6.66985,-128.09893,-5.10561,-5.89325,30.83766,-15.5175,MOR_HED,WLM_SHK,BigRockStadium,CPL,CPL,20250626-BigRockStadium-1,26676940-52f2-11f0-91de-9dd0983a3e69,88.72606,NA,NA,8.76352,NA,NA,NA,NA,NA,NA,67bf9003-9d93-49fb-89c2-36bfdacb035e,2025-06-27,01:00:42,2025-06-27T01:00:42Z,2025-06-27T01:00:42Z,NA,v3,NA,NA,NA,"Poppell, Broedy",701435,Right,MOR_HED,b71c043d-9e5b-47d3-819f-eebe5563a7b6,53.40411,-128.9158,15.41883,5.79253,-4.69455,-7.75875,-1.42297,6.82596,-2.94663,NA,NA,NA,NA,NA,NA,NA,NA,NA,NA,NA,NA,NA,NA,NA,NA,NA,NA,NA,NA,NA,NA,NA,NA,NA,NA,NA,NA,NA,NA,NA,NA,NA,NA,NA,NA,NA,NA,NA,NA,NA,NA,NA,NA,NA,NA,NA,NA,NA,NA,High,High,High,NA,NA,NA,NA,NA,NA,NA,NA,NA,NA,NA,NA,NA,NA,NA,NA,NA,NA,NA,NA,NA,NA,NA,NA,NA,NA,NA,NA,NA,NA,NA,NA,NA,NA,NA,NA,NA,NA,NA,NA,NA,NA,NA,NA,NA,NA,NA,NA,NA,NA,NA,NA,NA,NA,NA,NA,NA,NA
NA,NA,NA,NA,NA,NA,NA,NA,NA,NA,NA,NA,NA,NA,NA,NA,268,2025-06-26,21:00:54,1,4,"Ferguson, Sage",1000298203,Right,MOR_HED,"Suto, Cameron",1000124567,Right,WLM_SHK,Undefined,9,Top,0,2,1,Fastball,Four-Seam,BallCalled,Undefined,Undefined,Undefined,0,0,NA,89.11173,-3.570903,-3.43763,2127.920436,205.291745,12:45:00,5.8564,1.29605,6.90374,-16.17237,18.46206,8.10268,1.24616,-1.16355,80.19015,-6.730247,-1.958701,0.42357,NA,NA,NA,NA,NA,NA,NA,NA,NA,NA,NA,-5.42355,11.36666,-1.08179,50,5.62486,7.44035,-128.98234,-8.40736,-8.96171,31.6166,-13.392150000000001,MOR_HED,WLM_SHK,BigRockStadium,CPL,CPL,20250626-BigRockStadium-1,2df416e0-52f2-11f0-91de-9dd0983a3e69,88.98745,NA,NA,8.92158,NA,NA,NA,NA,NA,NA,67bf9003-9d93-49fb-89c2-36bfdacb035e,2025-06-27,01:00:54,2025-06-27T01:00:54Z,2025-06-27T01:00:54Z,NA,v3,NA,NA,NA,"Poppell, Broedy",701435,Right,MOR_HED,84ce0e82-3e0f-4599-ac4c-4998fff664d4,53.59139,-129.85969,15.8083,5.853,-8.03573,-6.69607,-1.29171,7.68904,-4.48085,NA,NA,NA,NA,NA,NA,NA,NA,NA,NA,NA,NA,NA,NA,NA,NA,NA,NA,NA,NA,NA,NA,NA,NA,NA,NA,NA,NA,NA,NA,NA,NA,NA,NA,NA,NA,NA,NA,NA,NA,NA,NA,NA,NA,NA,NA,NA,NA,NA,NA,High,High,High,NA,NA,NA,NA,NA,NA,NA,NA,NA,NA,NA,NA,NA,NA,NA,NA,NA,NA,NA,NA,NA,NA,NA,NA,NA,NA,NA,NA,NA,NA,NA,NA,NA,NA,NA,NA,NA,NA,NA,NA,NA,NA,NA,NA,NA,NA,NA,NA,NA,NA,NA,NA,NA,NA,NA,NA,NA,NA
NA,NA,NA,NA,NA,NA,NA,NA,NA,NA,NA,NA,NA,NA,NA,NA,269,2025-06-26,21:01:08,1,5,"Ferguson, Sage",1000298203,Right,MOR_HED,"Suto, Cameron",1000124567,Right,WLM_SHK,Undefined,9,Top,0,3,1,Fastball,Four-Seam,StrikeSwinging,Undefined,Undefined,Undefined,0,0,NA,89.01241,-2.920359,-2.537713,2184.058278,190.039375,12:15:00,5.7424,1.63748,7.08052,-14.11127,20.19682,3.35122,1.91064,-0.38833,80.22482,-5.713605,-1.923437,0.42157,NA,NA,NA,NA,NA,NA,NA,NA,NA,NA,NA,-2.61752,12.11709,-1.48639,50,5.56208,5.59839,-129.08912,-6.84587,-4.33994,31.23596,-12.08357,MOR_HED,WLM_SHK,BigRockStadium,CPL,CPL,20250626-BigRockStadium-1,3626ef90-52f2-11f0-91de-9dd0983a3e69,89.40971,NA,NA,8.7876,NA,NA,NA,NA,NA,NA,67bf9003-9d93-49fb-89c2-36bfdacb035e,2025-06-27,01:01:08,2025-06-27T01:01:08Z,2025-06-27T01:01:08Z,NA,v3,NA,NA,NA,"Poppell, Broedy",701435,Right,MOR_HED,f27f4ffc-83ba-4b59-aa9d-469f83e26c44,53.41497,-129.91282,15.61798,5.7384,-6.52722,-6.04178,-1.63553,5.71283,-2.16997,NA,NA,NA,NA,NA,NA,NA,NA,NA,NA,NA,NA,NA,NA,NA,NA,NA,NA,NA,NA,NA,NA,NA,NA,NA,NA,NA,NA,NA,NA,NA,NA,NA,NA,NA,NA,NA,NA,NA,NA,NA,NA,NA,NA,NA,NA,NA,NA,NA,NA,High,High,High,NA,NA,NA,NA,NA,NA,NA,NA,NA,NA,NA,NA,NA,NA,NA,NA,NA,NA,NA,NA,NA,NA,NA,NA,NA,NA,NA,NA,NA,NA,NA,NA,NA,NA,NA,NA,NA,NA,NA,NA,NA,NA,NA,NA,NA,NA,NA,NA,NA,NA,NA,NA,NA,NA,NA,NA,NA,NA
NA,NA,NA,NA,NA,NA,NA,NA,NA,NA,NA,NA,NA,NA,NA,NA,270,2025-06-26,21:01:22,1,6,"Ferguson, Sage",1000298203,Right,MOR_HED,"Suto, Cameron",1000124567,Right,WLM_SHK,Undefined,9,Top,0,3,2,Fastball,Four-Seam,StrikeSwinging,Strikeout,Undefined,Undefined,0,0,NA,90.17403,-1.694348,-2.908472,2135.993764,207.091022,01:00:00,5.91447,1.53619,6.90637,-14.82729,18.7308,8.96028,3.13325,-0.36836,81.28074,-4.611997,-1.271972,0.416937,NA,NA,NA,NA,NA,NA,NA,NA,NA,NA,NA,-5.66488,10.83131,-1.35567,50,5.80191,6.3031,-130.8302,-4.17967,-9.66903,31.52302,-13.68675,MOR_HED,WLM_SHK,BigRockStadium,CPL,CPL,20250626-BigRockStadium-1,3e74a340-52f2-11f0-91de-9dd0983a3e69,90.40328,NA,NA,8.89329,NA,NA,NA,NA,NA,NA,67bf9003-9d93-49fb-89c2-36bfdacb035e,2025-06-27,01:01:22,2025-06-27T01:01:22Z,2025-06-27T01:01:22Z,NA,v3,NA,NA,NA,"Poppell, Broedy",701435,Right,MOR_HED,1e9f4591-14f9-45ca-897e-be27fff1974f,53.58932,-131.69219,15.76151,5.91109,-3.80541,-6.84338,-1.53164,6.5675,-4.83451,NA,NA,NA,NA,NA,NA,NA,NA,NA,NA,NA,NA,NA,NA,NA,NA,NA,NA,NA,NA,NA,NA,NA,NA,NA,NA,NA,NA,69.56803,2.256429,1.306624,0.949805,-0.30596,2.99247,0.40579,-5.24591,5.4765,6.36685,62.2214,6.4608,62.57365,-5.17214,78.59602,-8.02928,5.51595,14.63531,-14.35209,6.38179,61.93694,-2.91893,High,High,High,NA,NA,High,High,High,NA,NA,NA,NA,NA,NA,NA,NA,NA,NA,NA,NA,NA,NA,NA,NA,NA,NA,NA,NA,NA,NA,NA,NA,NA,NA,NA,NA,NA,NA,NA,NA,NA,NA,NA,NA,NA,NA,NA,NA,NA,NA,NA,NA,NA,NA,NA,NA,NA,NA,NA,NA,NA
NA,NA,NA,NA,NA,NA,NA,NA,NA,NA,NA,NA,NA,NA,NA,NA,271,2025-06-26,21:01:50,2,1,"Ferguson, Sage",1000298203,Right,MOR_HED,"Nicks, David",10106262,Right,WLM_SHK,Undefined,9,Top,1,0,0,Fastball,Four-Seam,StrikeSwinging,Undefined,Undefined,Undefined,0,0,NA,88.95982,-1.755512,-1.870369,1978.09645,196.91359,12:30:00,5.86241,1.47409,7.13755,-18.65741,15.33206,4.30469,2.71449,0.13627,80.6563,-5.376259,-1.079559,0.419608,NA,NA,NA,NA,NA,NA,NA,NA,NA,NA,NA,-2.87965,9.1167,-1.365,50,5.75286,4.06617,-129.25873,-4.38329,-4.81613,29.82188,-16.92665,MOR_HED,WLM_SHK,BigRockStadium,CPL,CPL,20250626-BigRockStadium-1,4f184800-52f2-11f0-91de-9dd0983a3e69,89.82778,NA,NA,8.30353,NA,NA,NA,NA,NA,NA,67bf9003-9d93-49fb-89c2-36bfdacb035e,2025-06-27,01:01:50,2025-06-27T01:01:50Z,2025-06-27T01:01:50Z,NA,v3,NA,NA,NA,"Poppell, Broedy",701435,Right,MOR_HED,01756d47-d474-4ab3-b1cb-d01f8d00e177,53.35887,-130.03136,14.91094,5.86074,-3.94475,-8.46333,-1.47196,4.19095,-2.40806,NA,NA,NA,NA,NA,NA,NA,NA,NA,NA,NA,NA,NA,NA,NA,NA,NA,NA,NA,NA,NA,NA,NA,NA,NA,NA,NA,NA,NA,NA,NA,NA,NA,NA,NA,NA,NA,NA,NA,NA,NA,NA,NA,NA,NA,NA,NA,NA,NA,NA,High,High,High,NA,NA,NA,NA,NA,NA,NA,NA,NA,NA,NA,NA,NA,NA,NA,NA,NA,NA,NA,NA,NA,NA,NA,NA,NA,NA,NA,NA,NA,NA,NA,NA,NA,NA,NA,NA,NA,NA,NA,NA,NA,NA,NA,NA,NA,NA,NA,NA,NA,NA,NA,NA,NA,NA,NA,NA,NA,NA
NA,NA,NA,NA,NA,NA,NA,NA,NA,NA,NA,NA,NA,NA,NA,NA,272,2025-06-26,21:02:03,2,2,"Ferguson, Sage",1000298203,Right,MOR_HED,"Nicks, David",10106262,Right,WLM_SHK,Undefined,9,Top,1,0,1,Fastball,Four-Seam,FoulBallNotFieldable,Undefined,Undefined,Undefined,0,0,NA,90.4827,-2.553003,-2.354009,2086.098612,212.06908,01:00:00,5.80702,1.55807,6.69293,-16.73595,16.57406,9.68544,2.07412,0.21123,82.40444,-5.777983,-0.59032,0.415393,72.90176,14.372525,128.569318,4504.911487,-76.86624,8.24398,78.68591,140.04003,47.53814,135.650076,1.650311,-5.79445,9.83028,-1.4046400000000001,50,5.62985,5.02567,-131.3444,-6.27757,-10.06421,29.30741,-15.10012,MOR_HED,WLM_SHK,BigRockStadium,CPL,CPL,20250626-BigRockStadium-1,570fec70-52f2-11f0-91de-9dd0983a3e69,90.73931,11.65075,NA,8.07825,NA,NA,NA,-0.86512,1.81541,-0.14264,67bf9003-9d93-49fb-89c2-36bfdacb035e,2025-06-27,01:02:03,2025-06-27T01:02:03Z,2025-06-27T01:02:03Z,LineDrive,v3,NA,NA,NA,"Poppell, Broedy",701435,Right,MOR_HED,0f6a2a1d-89d4-4402-9642-03e39252adc0,53.80493,-132.19069,14.65371,5.80482,-5.84154,-7.55006,-1.55396,5.31628,-5.0321,NA,-0.82031,-64.99229,2.90256,NA,NA,NA,NA,NA,NA,2.05707,24.51587,-15.6887,NA,NA,NA,NA,NA,NA,0.30661,77.12399,-11.03649,NA,NA,NA,NA,NA,NA,NA,NA,NA,NA,NA,NA,NA,NA,NA,NA,NA,NA,NA,NA,NA,NA,NA,NA,NA,NA,NA,NA,High,High,High,High,Low,NA,NA,NA,NA,NA,NA,NA,NA,NA,NA,NA,NA,NA,NA,NA,NA,NA,NA,NA,NA,NA,NA,NA,NA,NA,NA,NA,NA,NA,NA,NA,NA,NA,NA,NA,NA,NA,NA,NA,NA,NA,NA,NA,NA,NA,NA,NA,NA,NA,NA,NA,NA,NA,NA,NA,NA
NA,NA,NA,NA,NA,NA,NA,NA,NA,NA,NA,NA,NA,NA,NA,NA,273,2025-06-26,21:02:19,2,3,"Ferguson, Sage",1000298203,Right,MOR_HED,"Nicks, David",10106262,Right,WLM_SHK,Undefined,9,Top,1,0,2,Fastball,Four-Seam,BallCalled,Undefined,Undefined,Undefined,0,0,NA,90.54907,-2.790265,-2.664755,2133.815341,186.05011,12:15:00,6.18331,0.94022,6.6527,-12.80934,21.02151,2.09154,2.55742,-1.32603,81.26692,-5.331191,-2.284664,0.418628,NA,NA,NA,NA,NA,NA,NA,NA,NA,NA,NA,-1.98894,12.33064,-0.76153,50,5.9894,6.01971,-131.15869,-6.64034,-3.39442,32.98057,-11.12992,MOR_HED,WLM_SHK,BigRockStadium,CPL,CPL,20250626-BigRockStadium-1,60907ad0-52f2-11f0-91de-9dd0983a3e69,90.03811,NA,NA,9.28216,NA,NA,NA,NA,NA,NA,67bf9003-9d93-49fb-89c2-36bfdacb035e,2025-06-27,01:02:19,2025-06-27T01:02:19Z,2025-06-27T01:02:19Z,NA,v3,NA,NA,NA,"Poppell, Broedy",701435,Right,MOR_HED,537ac1f1-d583-44e4-a200-16c89a108d6a,53.84125,-132.12106,16.49029,6.17843,-6.31557,-5.56496,-0.93863,6.11876,-1.69721,NA,NA,NA,NA,NA,NA,NA,NA,NA,NA,NA,NA,NA,NA,NA,NA,NA,NA,NA,NA,NA,NA,NA,NA,NA,NA,NA,NA,NA,NA,NA,NA,NA,NA,NA,NA,NA,NA,NA,NA,NA,NA,NA,NA,NA,NA,NA,NA,NA,NA,High,High,High,NA,NA,NA,NA,NA,NA,NA,NA,NA,NA,NA,NA,NA,NA,NA,NA,NA,NA,NA,NA,NA,NA,NA,NA,NA,NA,NA,NA,NA,NA,NA,NA,NA,NA,NA,NA,NA,NA,NA,NA,NA,NA,NA,NA,NA,NA,NA,NA,NA,NA,NA,NA,NA,NA,NA,NA,NA,NA
NA,NA,NA,NA,NA,NA,NA,NA,NA,NA,NA,NA,NA,NA,NA,NA,274,2025-06-26,21:02:35,2,4,"Ferguson, Sage",1000298203,Right,MOR_HED,"Nicks, David",10106262,Right,WLM_SHK,Undefined,9,Top,1,1,2,Slider,Curveball,FoulBallNotFieldable,Undefined,Undefined,Undefined,0,0,NA,76.59588,0.796593,-0.234417,2006.024561,115.672738,09:45:00,5.51213,2.29827,6.44867,-40.15286,7.07209,-11.2417,2.89799,1.14609,69.36047,-6.753825,-2.274413,0.494604,NA,NA,NA,NA,NA,NA,NA,NA,NA,NA,NA,5.825,3.9052,-2.27685,50,5.55078,0.83279,-111.25227,0.47237,7.18,23.03337,-27.36045,MOR_HED,WLM_SHK,BigRockStadium,CPL,CPL,20250626-BigRockStadium-1,69e64fb0-52f2-11f0-91de-9dd0983a3e69,76.20736,NA,NA,7.23541,NA,NA,NA,NA,NA,NA,67bf9003-9d93-49fb-89c2-36bfdacb035e,2025-06-27,01:02:35,2025-06-27T01:02:35Z,2025-06-27T01:02:35Z,NA,v3,NA,NA,NA,"Poppell, Broedy",701435,Right,MOR_HED,c3ed6ddf-cf87-4da4-9143-9969c2ad8e4b,54.04924,-112.08748,11.51669,5.51567,1.46448,-13.68022,-2.30233,0.57244,3.59,NA,NA,NA,NA,NA,NA,NA,NA,NA,NA,NA,NA,NA,NA,NA,NA,NA,NA,NA,NA,NA,NA,NA,NA,NA,NA,NA,NA,NA,NA,NA,NA,NA,NA,NA,NA,NA,NA,NA,NA,NA,NA,NA,NA,NA,NA,NA,NA,NA,NA,High,High,High,NA,NA,NA,NA,NA,NA,NA,NA,NA,NA,NA,NA,NA,NA,NA,NA,NA,NA,NA,NA,NA,NA,NA,NA,NA,NA,NA,NA,NA,NA,NA,NA,NA,NA,NA,NA,NA,NA,NA,NA,NA,NA,NA,NA,NA,NA,NA,NA,NA,NA,NA,NA,NA,NA,NA,NA,NA,NA
NA,NA,NA,NA,NA,NA,NA,NA,NA,NA,NA,NA,NA,NA,NA,NA,275,2025-06-26,21:03:13,2,5,"Ferguson, Sage",1000298203,Right,MOR_HED,"Nicks, David",10106262,Right,WLM_SHK,Undefined,9,Top,1,1,2,Fastball,Four-Seam,StrikeSwinging,Strikeout,Undefined,Undefined,0,0,NA,91.13797,-3.489234,-2.746422,2142.807994,202.182941,12:45:00,6.02271,1.09202,7.08885,-11.19796,21.60194,8.30378,1.91518,-0.71054,81.9567,-5.746294,-1.224373,0.4122,NA,NA,NA,NA,NA,NA,NA,NA,NA,NA,NA,-5.32646,13.04694,-0.92989,50,5.80943,6.02226,-132.07315,-8.22113,-9.23208,33.04063,-9.56052,MOR_HED,WLM_SHK,BigRockStadium,CPL,CPL,20250626-BigRockStadium-1,80ea3000-52f2-11f0-91de-9dd0983a3e69,91.44218,NA,NA,9.18127,NA,NA,NA,NA,NA,NA,67bf9003-9d93-49fb-89c2-36bfdacb035e,2025-06-27,01:03:13,2025-06-27T01:03:13Z,2025-06-27T01:03:13Z,NA,v3,NA,NA,NA,"Poppell, Broedy",701435,Right,MOR_HED,f2324681-32da-498d-ba89-7cd6ad5f88b9,53.40673,-132.92268,16.52032,6.01765,-7.97532,-4.78026,-1.08778,6.25963,-4.61604,NA,NA,NA,NA,NA,NA,NA,NA,NA,NA,NA,NA,NA,NA,NA,NA,NA,NA,NA,NA,NA,NA,NA,NA,NA,NA,NA,NA,70.06634,NA,NA,0.960352,NA,NA,NA,-1.39245,6.04797,-0.61282,66.41128,3.56478,58.375,-1.33121,78.00541,-7.78931,6.07063,9.93935,-13.07232,-0.59077,64.85305,-3.6008,High,High,High,NA,NA,High,High,High,NA,NA,NA,NA,NA,NA,NA,NA,NA,NA,NA,NA,NA,NA,NA,NA,NA,NA,NA,NA,NA,NA,NA,NA,NA,NA,NA,NA,NA,NA,NA,NA,NA,NA,NA,NA,NA,NA,NA,NA,NA,NA,NA,NA,NA,NA,NA,NA,NA,NA,NA,NA,NA
NA,NA,NA,NA,NA,NA,NA,NA,NA,NA,NA,NA,NA,NA,NA,NA,276,2025-06-26,21:03:45,3,1,"Ferguson, Sage",1000298203,Right,MOR_HED,"Walker, Conlon",1000115634,Left,WLM_SHK,Undefined,9,Top,2,0,0,Fastball,Four-Seam,StrikeCalled,Undefined,Undefined,Undefined,0,0,NA,91.58535,-3.060762,-3.069338,2286.797017,205.246925,12:45:00,5.80299,1.683,7.048,-12.71757,19.77194,8.75359,1.95645,-0.37809,82.43755,-5.591116,-1.466599,0.410245,NA,NA,NA,NA,NA,NA,NA,NA,NA,NA,NA,-5.7217,11.96162,-1.49992,50,5.61309,6.79909,-132.77912,-7.34584,-10.02526,33.34631,-11.21543,MOR_HED,WLM_SHK,BigRockStadium,CPL,CPL,20250626-BigRockStadium-1,93802ee0-52f2-11f0-91de-9dd0983a3e69,91.87795,NA,NA,9.1478,NA,NA,NA,NA,NA,NA,67bf9003-9d93-49fb-89c2-36bfdacb035e,2025-06-27,01:03:45,2025-06-27T01:03:45Z,2025-06-27T01:03:45Z,NA,v3,NA,NA,NA,"Poppell, Broedy",701435,Right,MOR_HED,cf23cf23-a3c9-4ef8-b8cd-63bfa45b61d2,53.44977,-133.64268,16.67315,5.79956,-7.05539,-5.60772,-1.67936,7.05871,-5.01263,NA,NA,NA,NA,NA,NA,NA,NA,NA,NA,NA,NA,NA,NA,NA,NA,NA,NA,NA,NA,NA,NA,NA,NA,NA,NA,NA,NA,NA,NA,NA,NA,NA,NA,NA,NA,NA,NA,NA,NA,NA,NA,NA,NA,NA,NA,NA,NA,NA,NA,High,High,High,NA,NA,NA,NA,NA,NA,NA,NA,NA,NA,NA,NA,NA,NA,NA,NA,NA,NA,NA,NA,NA,NA,NA,NA,NA,NA,NA,NA,NA,NA,NA,NA,NA,NA,NA,NA,NA,NA,NA,NA,NA,NA,NA,NA,NA,NA,NA,NA,NA,NA,NA,NA,NA,NA,NA,NA,NA,NA
NA,NA,NA,NA,NA,NA,NA,NA,NA,NA,NA,NA,NA,NA,NA,NA,277,2025-06-26,21:03:59,3,2,"Ferguson, Sage",1000298203,Right,MOR_HED,"Walker, Conlon",1000115634,Left,WLM_SHK,Undefined,9,Top,2,0,1,Fastball,Four-Seam,StrikeSwinging,Undefined,Undefined,Undefined,0,0,NA,90.67068,-2.318551,-2.472104,2196.940754,207.813616,01:00:00,5.84875,1.90128,6.67539,-14.28898,19.28666,9.51689,2.53384,0.43145,81.56239,-5.127567,-0.740401,0.417045,NA,NA,NA,NA,NA,NA,NA,NA,NA,NA,NA,-5.80815,11.27272,-1.73911,50,5.68731,5.29896,-131.47408,-5.63663,-9.98508,32.50597,-12.79459,MOR_HED,WLM_SHK,BigRockStadium,CPL,CPL,20250626-BigRockStadium-1,9bc55710-52f2-11f0-91de-9dd0983a3e69,90.37965,NA,NA,9.10829,NA,NA,NA,NA,NA,NA,67bf9003-9d93-49fb-89c2-36bfdacb035e,2025-06-27,01:03:59,2025-06-27T01:03:59Z,2025-06-27T01:03:59Z,NA,v3,NA,NA,NA,"Poppell, Broedy",701435,Right,MOR_HED,1c5e3ad3-5cb4-40fe-97e1-cf99a5562975,53.8205,-132.4153,16.25299,5.84516,-5.26616,-6.39729,-1.89673,5.58808,-4.99254,NA,NA,NA,NA,NA,NA,NA,NA,NA,NA,NA,NA,NA,NA,NA,NA,NA,NA,NA,NA,NA,NA,NA,NA,NA,NA,NA,NA,NA,NA,NA,NA,NA,NA,NA,NA,NA,NA,NA,NA,NA,NA,NA,NA,NA,NA,NA,NA,NA,NA,High,High,High,NA,NA,NA,NA,NA,NA,NA,NA,NA,NA,NA,NA,NA,NA,NA,NA,NA,NA,NA,NA,NA,NA,NA,NA,NA,NA,NA,NA,NA,NA,NA,NA,NA,NA,NA,NA,NA,NA,NA,NA,NA,NA,NA,NA,NA,NA,NA,NA,NA,NA,NA,NA,NA,NA,NA,NA,NA,NA
NA,NA,NA,NA,NA,NA,NA,NA,NA,NA,NA,NA,NA,NA,NA,NA,278,2025-06-26,21:04:16,3,3,"Ferguson, Sage",1000298203,Right,MOR_HED,"Walker, Conlon",1000115634,Left,WLM_SHK,Undefined,9,Top,2,0,2,Fastball,Four-Seam,StrikeSwinging,Strikeout,Undefined,Undefined,0,0,NA,91.39965,-1.751998,-1.756291,2133.74393,203.623979,12:45:00,5.95466,1.62666,6.86802,-13.65737,18.80328,7.7404,3.21844,0.67043,82.91046,-4.435355,-0.341834,0.410062,NA,NA,NA,NA,NA,NA,NA,NA,NA,NA,NA,-4.60347,10.80985,-1.51719,50,5.8376,3.76875,-132.77268,-4.34288,-8.14791,30.67716,-13.04118,MOR_HED,WLM_SHK,BigRockStadium,CPL,CPL,20250626-BigRockStadium-1,a5ef1dc0-52f2-11f0-91de-9dd0983a3e69,91.91879,NA,NA,8.48919,NA,NA,NA,NA,NA,NA,67bf9003-9d93-49fb-89c2-36bfdacb035e,2025-06-27,01:04:16,2025-06-27T01:04:16Z,2025-06-27T01:04:16Z,NA,v3,NA,NA,NA,"Poppell, Broedy",701435,Right,MOR_HED,330ec329-0ae8-43c9-8d1a-3718fd64ef2c,53.62812,-133.60833,15.33858,5.95106,-3.98764,-6.52059,-1.62287,3.9907,-4.07395,NA,NA,NA,NA,NA,NA,NA,NA,NA,NA,NA,NA,NA,NA,NA,NA,NA,NA,NA,NA,NA,NA,NA,NA,NA,NA,NA,NA,NA,NA,NA,NA,NA,NA,NA,NA,NA,NA,NA,NA,NA,NA,NA,NA,NA,NA,NA,NA,NA,NA,High,High,High,NA,NA,NA,NA,NA,NA,NA,NA,NA,NA,NA,NA,NA,NA,NA,NA,NA,NA,NA,NA,NA,NA,NA,NA,NA,NA,NA,NA,NA,NA,NA,NA,NA,NA,NA,NA,NA,NA,NA,NA,NA,NA,NA,NA,NA,NA,NA,NA,NA,NA,NA,NA,NA,NA,NA,NA,NA,NA
NA,NA,NA,NA,NA,NA,NA,NA,NA,NA,NA,NA,NA,NA,NA,NA,279,2025-06-26,21:07:32,1,1,"Mitchell, Jackson",1000441631,Right,WLM_SHK,"Poppell, Broedy",701435,Left,MOR_HED,Undefined,9,Bottom,0,0,0,Fastball,Four-Seam,BallCalled,Undefined,Undefined,Undefined,0,0,NA,89.64496,-2.81302,1.024354,2393.483207,206.539125,01:00:00,6.44584,0.67687,5.21248,-11.1043,25.38202,11.97009,2.87274,2.63772,80.27996,-5.003831,3.143647,0.434747,NA,NA,NA,NA,NA,NA,NA,NA,NA,NA,NA,-5.56658,13.95383,-0.78072,50,6.17819,-2.88866,-129.60739,-6.618,-9.27135,32.35009,-8.93334,MOR_HED,WLM_SHK,BigRockStadium,CPL,CPL,20250626-BigRockStadium-1,1b077710-52f3-11f0-91de-9dd0983a3e69,86.69973,NA,NA,9.36501,NA,NA,NA,NA,NA,NA,67bf9003-9d93-49fb-89c2-36bfdacb035e,2025-06-27,01:07:32,2025-06-27T01:07:32Z,2025-06-27T01:07:32Z,NA,v3,NA,NA,NA,"Manley, Nathan",1000093427,Right,WLM_SHK,c212a03a-da1d-403c-a529-d78966bc0128,55.28102,-130.9189,16.17505,6.43915,-6.25583,-4.46667,-0.67123,-2.51279,-4.63568,NA,NA,NA,NA,NA,NA,NA,NA,NA,NA,NA,NA,NA,NA,NA,NA,NA,NA,NA,NA,NA,NA,NA,NA,NA,NA,NA,NA,NA,NA,NA,NA,NA,NA,NA,NA,NA,NA,NA,NA,NA,NA,NA,NA,NA,NA,NA,NA,NA,NA,High,High,High,NA,NA,NA,NA,NA,NA,NA,NA,NA,NA,NA,NA,NA,NA,NA,NA,NA,NA,NA,NA,NA,NA,NA,NA,NA,NA,NA,NA,NA,NA,NA,NA,NA,NA,NA,NA,NA,NA,NA,NA,NA,NA,NA,NA,NA,NA,NA,NA,NA,NA,NA,NA,NA,NA,NA,NA,NA,NA
NA,NA,NA,NA,NA,NA,NA,NA,NA,NA,NA,NA,NA,NA,NA,NA,280,2025-06-26,21:07:50,1,2,"Mitchell, Jackson",1000441631,Right,WLM_SHK,"Poppell, Broedy",701435,Left,MOR_HED,Undefined,9,Bottom,0,1,0,Fastball,Four-Seam,BallCalled,Undefined,Undefined,Undefined,0,0,NA,90.40925,-1.992581,-0.44026,2414.288349,204.301394,12:45:00,6.51321,0.67865,5.00421,-9.60788,26.49037,11.33005,3.83079,1.20721,80.81158,-3.921566,1.559365,0.432429,NA,NA,NA,NA,NA,NA,NA,NA,NA,NA,NA,-5.7154,14.12489,-0.64592,50,6.31524,0.44949,-130.76651,-4.7449,-9.69219,32.88144,-8.221,MOR_HED,WLM_SHK,BigRockStadium,CPL,CPL,20250626-BigRockStadium-1,258921c0-52f3-11f0-91de-9dd0983a3e69,87.16454,NA,NA,9.59767,NA,NA,NA,NA,NA,NA,67bf9003-9d93-49fb-89c2-36bfdacb035e,2025-06-27,01:07:50,2025-06-27T01:07:50Z,2025-06-27T01:07:50Z,NA,v3,NA,NA,NA,"Manley, Nathan",1000093427,Right,WLM_SHK,dcd1a74f-370f-4592-b56d-23865f1c61e3,55.48969,-132.13969,16.44072,6.50622,-4.40157,-4.1105,-0.67314,0.85425,-4.8461,NA,NA,NA,NA,NA,NA,NA,NA,NA,NA,NA,NA,NA,NA,NA,NA,NA,NA,NA,NA,NA,NA,NA,NA,NA,NA,NA,NA,NA,NA,NA,NA,NA,NA,NA,NA,NA,NA,NA,NA,NA,NA,NA,NA,NA,NA,NA,NA,NA,NA,High,High,High,NA,NA,NA,NA,NA,NA,NA,NA,NA,NA,NA,NA,NA,NA,NA,NA,NA,NA,NA,NA,NA,NA,NA,NA,NA,NA,NA,NA,NA,NA,NA,NA,NA,NA,NA,NA,NA,NA,NA,NA,NA,NA,NA,NA,NA,NA,NA,NA,NA,NA,NA,NA,NA,NA,NA,NA,NA,NA
NA,NA,NA,NA,NA,NA,NA,NA,NA,NA,NA,NA,NA,NA,NA,NA,281,2025-06-26,21:08:06,1,3,"Mitchell, Jackson",1000441631,Right,WLM_SHK,"Poppell, Broedy",701435,Left,MOR_HED,Undefined,9,Bottom,0,2,0,Fastball,Four-Seam,StrikeCalled,Undefined,Undefined,Undefined,0,0,NA,90.03137,-2.274721,-2.101162,2398.841312,206.8743,01:00:00,6.51277,0.6445,5.1309,-12.02182,24.11143,11.52697,3.36613,-0.3746,80.80095,-4.625746,-0.063302,0.432638,NA,NA,NA,NA,NA,NA,NA,NA,NA,NA,NA,-6.38725,13.08694,-0.45656,50,6.29077,4.22602,-130.21187,-5.48633,-10.78484,31.55945,-10.07686,MOR_HED,WLM_SHK,BigRockStadium,CPL,CPL,20250626-BigRockStadium-1,2f57a910-52f3-11f0-91de-9dd0983a3e69,87.12232,NA,NA,9.23042,NA,NA,NA,NA,NA,NA,67bf9003-9d93-49fb-89c2-36bfdacb035e,2025-06-27,01:08:06,2025-06-27T01:08:06Z,2025-06-27T01:08:06Z,NA,v3,NA,NA,NA,"Manley, Nathan",1000093427,Right,WLM_SHK,f6094240-bffb-4b46-88fc-c2c1a758fedb,55.36404,-131.50553,15.77972,6.5072,-5.07326,-5.03843,-0.63885,4.6681,-5.39242,NA,NA,NA,NA,NA,NA,NA,NA,NA,NA,NA,NA,NA,NA,NA,NA,NA,NA,NA,NA,NA,NA,NA,NA,NA,NA,NA,NA,NA,NA,NA,NA,NA,NA,NA,NA,NA,NA,NA,NA,NA,NA,NA,NA,NA,NA,NA,NA,NA,NA,High,High,High,NA,NA,NA,NA,NA,NA,NA,NA,NA,NA,NA,NA,NA,NA,NA,NA,NA,NA,NA,NA,NA,NA,NA,NA,NA,NA,NA,NA,NA,NA,NA,NA,NA,NA,NA,NA,NA,NA,NA,NA,NA,NA,NA,NA,NA,NA,NA,NA,NA,NA,NA,NA,NA,NA,NA,NA,NA,NA
NA,NA,NA,NA,NA,NA,NA,NA,NA,NA,NA,NA,NA,NA,NA,NA,282,2025-06-26,21:08:26,1,4,"Mitchell, Jackson",1000441631,Right,WLM_SHK,"Poppell, Broedy",701435,Left,MOR_HED,Undefined,9,Bottom,0,2,1,Fastball,Four-Seam,InPlay,Undefined,FlyBall,Out,1,0,NA,90.57867,-3.700936,-1.148416,2279.81161,207.789093,01:00:00,6.51019,0.71796,5.16243,-12.30501,23.11863,11.51957,1.99585,0.59687,82.08197,-6.069329,0.890871,0.428369,92.21456,23.4146,18.235139,2461.112536,104.33032,41.98452,34.85886,352.32978,334.73802,21.347054,4.14473,-6.12481,13.04237,-0.62022,50,6.156,2.09348,-131.05975,-8.83288,-10.55701,30.02748,-9.69353,MOR_HED,WLM_SHK,BigRockStadium,CPL,CPL,20250626-BigRockStadium-1,3b61ef90-52f3-11f0-91de-9dd0983a3e69,87.99059,54.78738,NA,8.49671,NA,NA,NA,1.80791,2.04081,-0.57855,67bf9003-9d93-49fb-89c2-36bfdacb035e,2025-06-27,01:08:26,2025-06-27T01:08:26Z,2025-06-27T01:08:26Z,LineDrive,v3,NA,NA,NA,"Manley, Nathan",1000093427,Right,WLM_SHK,843198a7-438e-48b8-9f12-a420fbd4d8d6,55.33576,-132.27659,15.01374,6.50599,-8.44006,-4.84677,-0.71372,2.52129,-5.2785,189.353069,1.80764,117.88817,-19.4755,4.60671,-1.04222,0.26148,-0.06092,0.00907,-5.7e-4,2.04159,53.71794,-13.87927,-0.29548,0.50565,-0.27645,0.08478,-0.01307,7.9e-4,-0.57837,38.83381,-4.60017,1.33869,-0.3157,0.06975,-0.01387,0.0019,-1.2e-4,NA,NA,NA,NA,NA,NA,NA,NA,NA,NA,NA,NA,NA,NA,NA,NA,NA,NA,NA,NA,NA,NA,High,High,High,High,Medium,NA,NA,NA,NA,NA,NA,NA,NA,NA,NA,NA,NA,NA,NA,NA,NA,NA,NA,NA,NA,NA,NA,NA,NA,NA,NA,NA,NA,NA,NA,NA,NA,NA,NA,NA,NA,NA,NA,NA,NA,NA,NA,NA,NA,NA,NA,NA,NA,NA,NA,NA,NA,NA,NA,NA,NA
NA,NA,NA,NA,NA,NA,NA,NA,NA,NA,NA,NA,NA,NA,NA,NA,283,2025-06-26,21:09:07,2,1,"Mitchell, Jackson",1000441631,Right,WLM_SHK,"Pacheco, DJ",1000222093,Right,MOR_HED,Undefined,9,Bottom,1,0,0,Slider,Slider,StrikeCalled,Undefined,Undefined,Undefined,0,0,NA,80.39174,1.255471,-0.308112,3054.382512,73.010714,08:30:00,6.26284,0.78826,4.69504,-46.48593,-0.90654,-8.01028,3.58113,-0.17178,73.11753,-7.141553,-1.715522,0.48591,NA,NA,NA,NA,NA,NA,NA,NA,NA,NA,NA,3.81776,-0.35193,-0.7494,50,6.34857,0.98014,-116.47675,0.77339,5.20116,23.57591,-32.65351,MOR_HED,WLM_SHK,BigRockStadium,CPL,CPL,20250626-BigRockStadium-1,535252c0-52f3-11f0-91de-9dd0983a3e69,77.57086,NA,NA,7.27422,NA,NA,NA,NA,NA,NA,67bf9003-9d93-49fb-89c2-36bfdacb035e,2025-06-27,01:09:07,2025-06-27T01:09:07Z,2025-06-27T01:09:07Z,NA,v3,NA,NA,NA,"Manley, Nathan",1000093427,Right,WLM_SHK,e9edb85e-363f-4993-a2c2-cf3d34ef3ad8,55.80279,-117.64542,11.78795,6.27011,2.39204,-16.32676,-0.79159,0.72232,2.60058,NA,NA,NA,NA,NA,NA,NA,NA,NA,NA,NA,NA,NA,NA,NA,NA,NA,NA,NA,NA,NA,NA,NA,NA,NA,NA,NA,NA,NA,NA,NA,NA,NA,NA,NA,NA,NA,NA,NA,NA,NA,NA,NA,NA,NA,NA,NA,NA,NA,NA,High,High,High,NA,NA,NA,NA,NA,NA,NA,NA,NA,NA,NA,NA,NA,NA,NA,NA,NA,NA,NA,NA,NA,NA,NA,NA,NA,NA,NA,NA,NA,NA,NA,NA,NA,NA,NA,NA,NA,NA,NA,NA,NA,NA,NA,NA,NA,NA,NA,NA,NA,NA,NA,NA,NA,NA,NA,NA,NA,NA
NA,NA,NA,NA,NA,NA,NA,NA,NA,NA,NA,NA,NA,NA,NA,NA,284,2025-06-26,21:09:22,2,2,"Mitchell, Jackson",1000441631,Right,WLM_SHK,"Pacheco, DJ",1000222093,Right,MOR_HED,Undefined,9,Bottom,1,0,1,Slider,Slider,BallinDirt,Undefined,Undefined,Undefined,0,0,NA,81.44673,-2.452873,-2.59052,2941.087965,63.934845,08:15:00,6.29723,0.78894,4.81192,-47.66747,-2.94772,-9.28371,-0.00254,-2.44045,74.30185,-10.97821,-4.226718,0.481306,NA,NA,NA,NA,NA,NA,NA,NA,NA,NA,NA,3.74776,-0.23228,-0.52277,50,6.01182,5.72717,-117.75106,-6.85949,5.16932,26.02824,-32.49444,MOR_HED,WLM_SHK,BigRockStadium,CPL,CPL,20250626-BigRockStadium-1,5ce66920-52f3-11f0-91de-9dd0983a3e69,78.31287,NA,NA,7.14489,NA,NA,NA,NA,NA,NA,67bf9003-9d93-49fb-89c2-36bfdacb035e,2025-06-27,01:09:22,2025-06-27T01:09:22Z,2025-06-27T01:09:22Z,NA,v3,NA,NA,NA,"Manley, Nathan",1000093427,Right,WLM_SHK,f9ca8762-b415-450f-b52d-d454edc3e603,55.68682,-119.00146,13.01412,6.30386,-5.29845,-16.24722,-0.79194,5.47883,2.58466,NA,NA,NA,NA,NA,NA,NA,NA,NA,NA,NA,NA,NA,NA,NA,NA,NA,NA,NA,NA,NA,NA,NA,NA,NA,NA,NA,NA,NA,NA,NA,NA,NA,NA,NA,NA,NA,NA,NA,NA,NA,NA,NA,NA,NA,NA,NA,NA,NA,NA,High,High,High,NA,NA,NA,NA,NA,NA,NA,NA,NA,NA,NA,NA,NA,NA,NA,NA,NA,NA,NA,NA,NA,NA,NA,NA,NA,NA,NA,NA,NA,NA,NA,NA,NA,NA,NA,NA,NA,NA,NA,NA,NA,NA,NA,NA,NA,NA,NA,NA,NA,NA,NA,NA,NA,NA,NA,NA,NA,NA
NA,NA,NA,NA,NA,NA,NA,NA,NA,NA,NA,NA,NA,NA,NA,NA,285,2025-06-26,21:09:43,2,3,"Mitchell, Jackson",1000441631,Right,WLM_SHK,"Pacheco, DJ",1000222093,Right,MOR_HED,Undefined,9,Bottom,1,1,1,Fastball,Four-Seam,BallCalled,Undefined,Undefined,Undefined,0,0,NA,90.95523,-2.877322,-0.736724,2407.996163,215.083379,01:15:00,6.49467,0.57703,5.16029,-13.99304,21.66167,14.20776,2.61779,1.06753,81.1171,-5.580938,1.778894,0.429764,NA,NA,NA,NA,NA,NA,NA,NA,NA,NA,NA,-7.33343,12.20005,-0.51975,50,6.21632,1.0115,-131.46317,-7.01559,-12.5032,34.55906,-11.37343,MOR_HED,WLM_SHK,BigRockStadium,CPL,CPL,20250626-BigRockStadium-1,68d18ee0-52f3-11f0-91de-9dd0983a3e69,87.70498,NA,NA,9.83813,NA,NA,NA,NA,NA,NA,67bf9003-9d93-49fb-89c2-36bfdacb035e,2025-06-27,01:09:43,2025-06-27T01:09:43Z,2025-06-27T01:09:43Z,NA,v3,NA,NA,NA,"Manley, Nathan",1000093427,Right,WLM_SHK,8b2bc47f-bb21-4354-ba29-c2c0c6d0eb4e,55.33468,-132.85815,17.27953,6.49024,-6.5565,-5.68671,-0.57076,1.5162,-6.2516,NA,NA,NA,NA,NA,NA,NA,NA,NA,NA,NA,NA,NA,NA,NA,NA,NA,NA,NA,NA,NA,NA,NA,NA,NA,NA,NA,NA,NA,NA,NA,NA,NA,NA,NA,NA,NA,NA,NA,NA,NA,NA,NA,NA,NA,NA,NA,NA,NA,NA,High,High,High,NA,NA,NA,NA,NA,NA,NA,NA,NA,NA,NA,NA,NA,NA,NA,NA,NA,NA,NA,NA,NA,NA,NA,NA,NA,NA,NA,NA,NA,NA,NA,NA,NA,NA,NA,NA,NA,NA,NA,NA,NA,NA,NA,NA,NA,NA,NA,NA,NA,NA,NA,NA,NA,NA,NA,NA,NA,NA
NA,NA,NA,NA,NA,NA,NA,NA,NA,NA,NA,NA,NA,NA,NA,NA,286,2025-06-26,21:10:01,2,4,"Mitchell, Jackson",1000441631,Right,WLM_SHK,"Pacheco, DJ",1000222093,Right,MOR_HED,Undefined,9,Bottom,1,2,1,Fastball,Four-Seam,InPlay,Undefined,GroundBall,Single,0,0,NA,91.19349,-3.400992,-1.513552,2448.210951,216.122835,01:15:00,6.46464,0.76462,5.20535,-13.72473,21.67686,14.78595,2.11752,0.57301,81.4491,-6.053125,1.106082,0.428236,45.74795,2.075652,-15.150627,2732.014222,NA,NA,NA,35.38569,35.38569,-16.070991,0.53864,-7.92189,12.40572,-0.63635,50,6.14021,2.78132,-131.75435,-8.23119,-13.58643,34.33862,-10.89768,MOR_HED,WLM_SHK,BigRockStadium,CPL,CPL,20250626-BigRockStadium-1,73928c80-52f3-11f0-91de-9dd0983a3e69,88.01795,2.558,NA,9.7444,NA,NA,NA,0.45063,2.44569,-0.73969,67bf9003-9d93-49fb-89c2-36bfdacb035e,2025-06-27,01:10:01,2025-06-27T01:10:01Z,2025-06-27T01:10:01Z,GroundBall,v3,NA,NA,NA,"Manley, Nathan",1000093427,Right,WLM_SHK,566f63ec-73a9-4883-9948-d1d373bd1144,55.2905,-133.12605,17.16931,6.46032,-7.79587,-5.44884,-0.75829,3.32405,-6.79322,181.609484,0.45063,64.72214,-4.71173,0.47269,-0.47751,1.60287,-3.1265,3.25619,-1.40321,2.44569,2.43026,-13.18782,0.42787,0.26322,-1.20832,2.35857,-2.45576,1.0582,-0.73969,-17.52476,1.36046,-0.08143,0.03498,-0.08975,0.16939,-0.17621,0.07596,NA,NA,NA,NA,NA,NA,NA,NA,NA,NA,NA,NA,NA,NA,NA,NA,NA,NA,NA,NA,NA,NA,High,High,High,High,Medium,NA,NA,NA,NA,NA,NA,NA,NA,NA,NA,NA,NA,NA,NA,NA,NA,NA,NA,NA,NA,NA,NA,NA,NA,NA,NA,NA,NA,NA,NA,NA,NA,NA,NA,NA,NA,NA,NA,NA,NA,NA,NA,NA,NA,NA,NA,NA,NA,NA,NA,NA,NA,NA,NA,NA,NA
NA,NA,NA,NA,NA,NA,NA,NA,NA,NA,NA,NA,NA,NA,NA,NA,287,2025-06-26,21:12:50,3,1,"Mitchell, Jackson",1000441631,Right,WLM_SHK,"Bloomer, Chase",827167,Right,MOR_HED,Undefined,9,Bottom,1,0,0,Fastball,Four-Seam,FoulBallNotFieldable,Undefined,Undefined,Undefined,0,0,NA,87.94346,-3.656363,-0.721163,2230.545262,217.176584,01:15:00,6.66425,0.65468,4.97026,-15.70269,22.57426,15.98765,1.89704,1.30576,78.92227,-6.645662,2.100008,0.445287,79.0251,56.492776,-68.979205,2196.248805,NA,NA,NA,NA,75.41534,NA,NA,-8.20394,12.85367,-0.59904,50,6.29891,0.85989,-127.06254,-8.60416,-13.13259,31.09467,-11.59839,MOR_HED,WLM_SHK,BigRockStadium,CPL,CPL,20250626-BigRockStadium-1,d8b7f370-52f3-11f0-91de-9dd0983a3e69,84.64747,95.60594,NA,9.02119,NA,NA,NA,1.67777,2.02332,-1.6689,67bf9003-9d93-49fb-89c2-36bfdacb035e,2025-06-27,01:12:50,2025-06-27T01:12:50Z,2025-06-27T01:12:50Z,NA,v3,NA,NA,NA,"Manley, Nathan",1000093427,Right,WLM_SHK,5730e345-5f5a-4fdf-b901-46e17023a240,55.5266,-128.40788,15.54733,6.66032,-8.10235,-5.7992,-0.64853,1.42808,-6.5663,NA,1.67777,22.95132,-6.40493,1.77588,-0.41264,0.09723,-0.02437,0.0055,-7.1e-4,2.02332,96.64204,-23.75646,2.55663,-0.5096,0.09093,-0.0159,0.00199,-8e-5,-1.6689,-59.72543,9.35038,-2.31954,0.49345,-0.11016,0.0264,-0.00568,7.2e-4,NA,NA,NA,NA,NA,NA,NA,NA,NA,NA,NA,NA,NA,NA,NA,NA,NA,NA,NA,NA,NA,NA,High,High,High,Medium,Undefined,NA,NA,NA,NA,NA,NA,NA,NA,NA,NA,NA,NA,NA,NA,NA,NA,NA,NA,NA,NA,NA,NA,NA,NA,NA,NA,NA,NA,NA,NA,NA,NA,NA,NA,NA,NA,NA,NA,NA,NA,NA,NA,NA,NA,NA,NA,NA,NA,NA,NA,NA,NA,NA,NA,NA,NA
NA,NA,NA,NA,NA,NA,NA,NA,NA,NA,NA,NA,NA,NA,NA,NA,288,2025-06-26,21:13:20,3,2,"Mitchell, Jackson",1000441631,Right,WLM_SHK,"Bloomer, Chase",827167,Right,MOR_HED,Undefined,9,Bottom,1,0,1,Slider,Slider,InPlay,Undefined,FlyBall,Out,1,0,NA,80.64575,-1.082284,-0.472579,2833.922448,98.622889,09:15:00,6.42882,0.91591,4.83342,-42.6999,2.77941,-7.28847,1.84547,-0.13899,72.9998,-8.821091,-1.758049,0.485376,88.92535,21.210394,-30.383931,2365.36913,93.52518,32.23063,-57.90445,278.46824,271.34456,-35.492763,3.132303,3.45134,2.17213,-0.86243,50,6.28526,1.27625,-116.74943,-3.78171,4.67571,25.76268,-29.23136,MOR_HED,WLM_SHK,BigRockStadium,CPL,CPL,20250626-BigRockStadium-1,ea9fd800-52f3-11f0-91de-9dd0983a3e69,77.65618,35.48218,NA,7.64595,NA,NA,NA,1.79272,1.7988,0.33717,67bf9003-9d93-49fb-89c2-36bfdacb035e,2025-06-27,01:13:20,2025-06-27T01:13:20Z,2025-06-27T01:13:20Z,LineDrive,v3,NA,NA,NA,"Manley, Nathan",1000093427,Right,WLM_SHK,9afe2fa8-d1ec-4599-b7bc-7726609a78d2,55.66386,-117.99263,12.88134,6.43372,-2.37113,-14.61568,-0.91857,1.05062,2.33785,NA,1.79263,104.89302,-17.81064,3.91172,-0.92699,0.25648,-0.064,0.00995,-6.7e-4,1.79918,47.16985,-18.31642,1.38673,0.08106,-0.22988,0.09258,-0.01667,0.00118,0.33711,-61.49613,5.14382,-1.03682,0.16374,-0.00675,-0.00457,0.00118,-1e-4,NA,NA,NA,NA,NA,NA,NA,NA,NA,NA,NA,NA,NA,NA,NA,NA,NA,NA,NA,NA,NA,NA,High,High,High,High,High,NA,NA,NA,NA,NA,NA,NA,NA,NA,NA,NA,NA,NA,NA,NA,NA,NA,NA,NA,NA,NA,NA,NA,NA,NA,NA,NA,NA,NA,NA,NA,NA,NA,NA,NA,NA,NA,NA,NA,NA,NA,NA,NA,NA,NA,NA,NA,NA,NA,NA,NA,NA,NA,NA,NA,NA
NA,NA,NA,NA,NA,NA,NA,NA,NA,NA,NA,NA,NA,NA,NA,NA,289,2025-06-26,21:14:04,4,1,"Mitchell, Jackson",1000441631,Right,WLM_SHK,"Donohue, Ronan",10108737,Right,MOR_HED,Undefined,9,Bottom,2,0,0,Slider,Slider,BallCalled,Undefined,Undefined,Undefined,0,0,NA,80.49525,-1.619559,-1.284316,2848.811256,106.552231,09:30:00,6.33103,0.94126,4.70552,-42.43471,3.10795,-5.19111,1.25675,-0.71059,73.51489,-9.259061,-2.197693,0.485714,NA,NA,NA,NA,NA,NA,NA,NA,NA,NA,NA,2.18181,2.40347,-0.80619,50,6.12902,2.8344,-116.57897,-4.87993,2.97122,24.05556,-28.90102,MOR_HED,WLM_SHK,BigRockStadium,CPL,CPL,20250626-BigRockStadium-1,046fa990-52f4-11f0-91de-9dd0983a3e69,77.60215,NA,NA,6.98036,NA,NA,NA,NA,NA,NA,67bf9003-9d93-49fb-89c2-36bfdacb035e,2025-06-27,01:14:04,2025-06-27T01:14:04Z,2025-06-27T01:14:04Z,NA,v3,NA,NA,NA,"Manley, Nathan",1000093427,Right,WLM_SHK,6e3ac0c4-9c87-4257-8cad-ce36557aa826,55.79373,-117.76842,12.02778,6.33498,-3.4509,-14.45051,-0.94271,2.68749,1.48561,NA,NA,NA,NA,NA,NA,NA,NA,NA,NA,NA,NA,NA,NA,NA,NA,NA,NA,NA,NA,NA,NA,NA,NA,NA,NA,NA,NA,NA,NA,NA,NA,NA,NA,NA,NA,NA,NA,NA,NA,NA,NA,NA,NA,NA,NA,NA,NA,NA,NA,High,High,High,NA,NA,NA,NA,NA,NA,NA,NA,NA,NA,NA,NA,NA,NA,NA,NA,NA,NA,NA,NA,NA,NA,NA,NA,NA,NA,NA,NA,NA,NA,NA,NA,NA,NA,NA,NA,NA,NA,NA,NA,NA,NA,NA,NA,NA,NA,NA,NA,NA,NA,NA,NA,NA,NA,NA,NA,NA,NA
NA,NA,NA,NA,NA,NA,NA,NA,NA,NA,NA,NA,NA,NA,NA,NA,290,2025-06-26,21:14:29,4,2,"Mitchell, Jackson",1000441631,Right,WLM_SHK,"Donohue, Ronan",10108737,Right,MOR_HED,Undefined,9,Bottom,2,1,0,Slider,Slider,FoulBallNotFieldable,Undefined,Undefined,Undefined,0,0,NA,80.38677,-0.104919,-0.342065,2772.81831,85.558922,08:45:00,6.33278,0.9564,4.69236,-44.9651,1.12595,-7.68276,2.48607,-0.0086,72.5086,-8.246116,-1.69302,0.488629,90.38328,-62.158571,-80.050044,NA,NA,NA,NA,2.65478,2.65478,-30.585744,0.021938,3.65815,1.05142,-0.91429,50,6.28199,1.03115,-116.33937,-1.9086,4.91191,25.95567,-30.76229,MOR_HED,WLM_SHK,BigRockStadium,CPL,CPL,20250626-BigRockStadium-1,13c99040-52f4-11f0-91de-9dd0983a3e69,77.13912,2.57734,NA,7.87817,NA,NA,NA,2.05021,2.57734,-0.01004,67bf9003-9d93-49fb-89c2-36bfdacb035e,2025-06-27,01:14:29,2025-06-27T01:14:29Z,2025-06-27T01:14:29Z,GroundBall,v3,NA,NA,NA,"Manley, Nathan",1000093427,Right,WLM_SHK,7f77488d-a540-4c00-b137-7efa0e86eb35,55.80446,-117.62723,12.97784,6.33882,-0.38223,-15.38115,-0.95941,0.78743,2.45595,NA,2.05012,10.72162,NA,NA,NA,NA,NA,NA,NA,2.57828,-117.48368,NA,NA,NA,NA,NA,NA,NA,-0.00955,-61.11742,NA,NA,NA,NA,NA,NA,NA,NA,NA,NA,NA,NA,NA,NA,NA,NA,NA,NA,NA,NA,NA,NA,NA,NA,NA,NA,NA,NA,NA,High,High,High,Estimated,Estimated,NA,NA,NA,NA,NA,NA,NA,NA,NA,NA,NA,NA,NA,NA,NA,NA,NA,NA,NA,NA,NA,NA,NA,NA,NA,NA,NA,NA,NA,NA,NA,NA,NA,NA,NA,NA,NA,NA,NA,NA,NA,NA,NA,NA,NA,NA,NA,NA,NA,NA,NA,NA,NA,NA,NA,NA
NA,NA,NA,NA,NA,NA,NA,NA,NA,NA,NA,NA,NA,NA,NA,NA,291,2025-06-26,21:14:59,4,3,"Mitchell, Jackson",1000441631,Right,WLM_SHK,"Donohue, Ronan",10108737,Right,MOR_HED,Undefined,9,Bottom,2,1,1,Fastball,Four-Seam,InPlay,Undefined,Popup,Out,1,0,NA,90.31731,-3.461705,-1.135732,2424.581791,211.950814,01:00:00,6.63815,0.33156,4.98461,-11.77823,24.79907,14.51387,2.38306,0.46842,80.22231,-5.780593,1.425012,0.435289,77.00655,81.909395,61.790418,NA,NA,NA,NA,NA,26.953,NA,NA,-7.59764,13.94867,-0.23469,50,6.296,1.88256,-130.35901,-8.18914,-12.69216,34.85304,-8.87219,MOR_HED,WLM_SHK,BigRockStadium,CPL,CPL,20250626-BigRockStadium-1,257fb670-52f4-11f0-91de-9dd0983a3e69,86.59184,99.17433,NA,10.095,NA,NA,NA,2.02011,2.19691,-0.89902,67bf9003-9d93-49fb-89c2-36bfdacb035e,2025-06-27,01:14:59,2025-06-27T01:14:59Z,2025-06-27T01:14:59Z,NA,v3,NA,NA,NA,"Manley, Nathan",1000093427,Right,WLM_SHK,bd887916-466d-4b8c-99c6-b61509150375,55.51,-131.82394,17.42652,6.63237,-7.81623,-4.43609,-0.32503,2.41604,-6.34608,184.791758,2.02012,7.51205,-9.32463,2.7153,1.32152,-3.76226,3.92865,-2.03059,0.41831,2.19691,111.81857,-28.77542,3.61602,-0.80635,0.38714,-0.2978,0.14934,-0.03144,-0.89902,14.0064,-6.81429,1.86638,0.77858,-2.29435,2.39944,-1.24006,0.25537,NA,NA,NA,NA,NA,NA,NA,NA,NA,NA,NA,NA,NA,NA,NA,NA,NA,NA,NA,NA,NA,NA,High,High,High,Medium,Undefined,NA,NA,NA,NA,NA,NA,NA,NA,NA,NA,NA,NA,NA,NA,NA,NA,NA,NA,NA,NA,NA,NA,NA,NA,NA,NA,NA,NA,NA,NA,NA,NA,NA,NA,NA,NA,NA,NA,NA,NA,NA,NA,NA,NA,NA,NA,NA,NA,NA,NA,NA,NA,NA,NA,NA,NA
NA,NA,NA,NA,NA,NA,NA,NA,NA,NA,NA,NA,NA,NA,NA,NA,292,2025-06-26,21:18:26,1,1,"Bautista, Jonathan",701684,Right,MOR_HED,"Boyles, Jack",1000076008,Right,WLM_SHK,Undefined,10,Top,0,0,0,Sinker,Sinker,BallCalled,Undefined,Undefined,Undefined,0,0,NA,88.73064,-0.079608,-4.855553,2021.037255,248.7972,02:15:00,5.45395,1.66389,6.14593,-27.53868,7.85343,17.25985,3.08523,-1.39532,80.81063,-5.228684,-1.75719,0.428178,NA,NA,NA,NA,NA,NA,NA,NA,NA,NA,NA,-10.25075,4.43591,-1.30192,50,5.43376,10.20431,-128.52219,-1.07115,-17.10924,27.16279,-24.77017,MOR_HED,WLM_SHK,BigRockStadium,CPL,CPL,20250626-BigRockStadium-1,a09b3730-52f4-11f0-91de-9dd0983a3e69,88.0298,NA,NA,7.92001,NA,NA,NA,NA,NA,NA,67bf9003-9d93-49fb-89c2-36bfdacb035e,2025-06-27,01:18:26,2025-06-27T01:18:26Z,2025-06-27T01:18:26Z,NA,v3,NA,NA,NA,"Poppell, Broedy",701435,Right,MOR_HED,e2ba7651-6003-4dfe-a582-289a340669d3,54.35285,-129.43888,13.5814,5.4558,-0.23521,-12.38508,-1.65604,10.78171,-8.55462,NA,NA,NA,NA,NA,NA,NA,NA,NA,NA,NA,NA,NA,NA,NA,NA,NA,NA,NA,NA,NA,NA,NA,NA,NA,NA,NA,NA,78.75951,1.457157,0.628275,0.828882,-1.98651,2.76257,1.4938,-3.80176,5.13707,4.75368,63.67137,-1.10755,61.10231,-3.766,91.06204,-11.85097,5.14028,1.76669,-11.24108,4.75571,70.16837,-2.65095,High,High,High,NA,NA,High,High,High,NA,NA,NA,NA,NA,NA,NA,NA,NA,NA,NA,NA,NA,NA,NA,NA,NA,NA,NA,NA,NA,NA,NA,NA,NA,NA,NA,NA,NA,NA,NA,NA,NA,NA,NA,NA,NA,NA,NA,NA,NA,NA,NA,NA,NA,NA,NA,NA,NA,NA,NA,NA,NA
NA,NA,NA,NA,NA,NA,NA,NA,NA,NA,NA,NA,NA,NA,NA,NA,293,2025-06-26,21:18:52,1,2,"Bautista, Jonathan",701684,Right,MOR_HED,"Boyles, Jack",1000076008,Right,WLM_SHK,Undefined,10,Top,0,1,0,Sinker,Sinker,BallCalled,Undefined,Undefined,Undefined,0,0,NA,89.32589,-2.372081,-4.511549,2078.999654,264.555923,02:45:00,5.53115,1.95275,6.0285,-32.68801,3.28248,19.26379,0.60228,-0.62872,79.87339,-8.454575,-1.051163,0.431663,NA,NA,NA,NA,NA,NA,NA,NA,NA,NA,NA,-11.59249,2.93169,-1.60999,50,5.32755,9.37607,-129.03589,-6.47398,-18.98708,33.99024,-27.37226,MOR_HED,WLM_SHK,BigRockStadium,CPL,CPL,20250626-BigRockStadium-1,b070b680-52f4-11f0-91de-9dd0983a3e69,87.31921,NA,NA,9.4525,NA,NA,NA,NA,NA,NA,67bf9003-9d93-49fb-89c2-36bfdacb035e,2025-06-27,01:18:52,2025-06-27T01:18:52Z,2025-06-27T01:18:52Z,NA,v3,NA,NA,NA,"Poppell, Broedy",701435,Right,MOR_HED,ba29d155-808d-40b2-ad1b-78c930750b06,54.46926,-130.20785,16.99512,5.5345,-5.53021,-13.68613,-1.94455,10.03073,-9.49354,NA,NA,NA,NA,NA,NA,NA,NA,NA,NA,NA,NA,NA,NA,NA,NA,NA,NA,NA,NA,NA,NA,NA,NA,NA,NA,NA,NA,NA,NA,NA,NA,NA,NA,NA,NA,NA,NA,NA,NA,NA,NA,NA,NA,NA,NA,NA,NA,NA,NA,High,High,High,NA,NA,NA,NA,NA,NA,NA,NA,NA,NA,NA,NA,NA,NA,NA,NA,NA,NA,NA,NA,NA,NA,NA,NA,NA,NA,NA,NA,NA,NA,NA,NA,NA,NA,NA,NA,NA,NA,NA,NA,NA,NA,NA,NA,NA,NA,NA,NA,NA,NA,NA,NA,NA,NA,NA,NA,NA,NA
NA,NA,NA,NA,NA,NA,NA,NA,NA,NA,NA,NA,NA,NA,NA,NA,294,2025-06-26,21:19:12,1,3,"Bautista, Jonathan",701684,Right,MOR_HED,"Boyles, Jack",1000076008,Right,WLM_SHK,Undefined,10,Top,0,2,0,Sinker,Sinker,StrikeCalled,Undefined,Undefined,Undefined,0,0,NA,88.73072,-1.827064,-4.402112,2051.606138,249.87728,02:15:00,5.61758,1.69447,5.9324,-27.38639,8.61434,19.99147,1.63469,-0.7318,80.29834,-6.938238,-0.820363,0.431844,NA,NA,NA,NA,NA,NA,NA,NA,NA,NA,NA,-11.62591,5.36142,-1.35367,50,5.45588,9.04231,-128.39649,-5.01775,-19.17431,29.56911,-23.33164,MOR_HED,WLM_SHK,BigRockStadium,CPL,CPL,20250626-BigRockStadium-1,bbf419c0-52f4-11f0-91de-9dd0983a3e69,87.28251,NA,NA,8.43238,NA,NA,NA,NA,NA,NA,67bf9003-9d93-49fb-89c2-36bfdacb035e,2025-06-27,01:19:12,2025-06-27T01:19:12Z,2025-06-27T01:19:12Z,NA,v3,NA,NA,NA,"Poppell, Broedy",701435,Right,MOR_HED,39f491c7-e63b-49a2-b404-e6ed69154e28,54.56626,-129.44381,14.78455,5.61897,-4.19136,-11.66582,-1.68597,9.72145,-9.58716,NA,NA,NA,NA,NA,NA,NA,NA,NA,NA,NA,NA,NA,NA,NA,NA,NA,NA,NA,NA,NA,NA,NA,NA,NA,NA,NA,NA,NA,NA,NA,NA,NA,NA,NA,NA,NA,NA,NA,NA,NA,NA,NA,NA,NA,NA,NA,NA,NA,NA,High,High,High,NA,NA,NA,NA,NA,NA,NA,NA,NA,NA,NA,NA,NA,NA,NA,NA,NA,NA,NA,NA,NA,NA,NA,NA,NA,NA,NA,NA,NA,NA,NA,NA,NA,NA,NA,NA,NA,NA,NA,NA,NA,NA,NA,NA,NA,NA,NA,NA,NA,NA,NA,NA,NA,NA,NA,NA,NA,NA
NA,NA,NA,NA,NA,NA,NA,NA,NA,NA,NA,NA,NA,NA,NA,NA,295,2025-06-26,21:19:31,1,4,"Bautista, Jonathan",701684,Right,MOR_HED,"Boyles, Jack",1000076008,Right,WLM_SHK,Undefined,10,Top,0,2,1,Sinker,Sinker,FoulBallNotFieldable,Undefined,Undefined,Undefined,0,0,NA,90.35236,-1.911698,-3.697451,2241.185779,272.762431,03:00:00,5.45963,1.61116,6.1348,-34.46494,0.15945,23.41033,0.81634,0.13993,81.50711,-8.304603,0.524892,0.423509,NA,NA,NA,NA,NA,NA,NA,NA,NA,NA,NA,-13.4932,1.02606,-1.34115,50,5.29549,7.50668,-130.87564,-5.55889,-22.92004,32.93609,-30.43116,MOR_HED,WLM_SHK,BigRockStadium,CPL,CPL,20250626-BigRockStadium-1,c793dea0-52f4-11f0-91de-9dd0983a3e69,89.00035,NA,NA,8.84525,NA,NA,NA,NA,NA,NA,67bf9003-9d93-49fb-89c2-36bfdacb035e,2025-06-27,01:19:31,2025-06-27T01:19:31Z,2025-06-27T01:19:31Z,NA,v3,NA,NA,NA,"Poppell, Broedy",701435,Right,MOR_HED,1fbd9cb8-e5bf-4c92-b8b6-574835b9c259,54.366,-131.96981,16.46805,5.46337,-4.54793,-15.21558,-1.60318,8.2681,-11.46002,NA,NA,NA,NA,NA,NA,NA,NA,NA,NA,NA,NA,NA,NA,NA,NA,NA,NA,NA,NA,NA,NA,NA,NA,NA,NA,NA,NA,NA,NA,NA,NA,NA,NA,NA,NA,NA,NA,NA,NA,NA,NA,NA,NA,NA,NA,NA,NA,NA,NA,High,High,High,NA,NA,NA,NA,NA,NA,NA,NA,NA,NA,NA,NA,NA,NA,NA,NA,NA,NA,NA,NA,NA,NA,NA,NA,NA,NA,NA,NA,NA,NA,NA,NA,NA,NA,NA,NA,NA,NA,NA,NA,NA,NA,NA,NA,NA,NA,NA,NA,NA,NA,NA,NA,NA,NA,NA,NA,NA,NA
NA,NA,NA,NA,NA,NA,NA,NA,NA,NA,NA,NA,NA,NA,NA,NA,296,2025-06-26,21:20:04,1,5,"Bautista, Jonathan",701684,Right,MOR_HED,"Boyles, Jack",1000076008,Right,WLM_SHK,Undefined,10,Top,0,2,2,Sinker,Sinker,FoulBallNotFieldable,Undefined,Undefined,Undefined,0,0,NA,91.62145,-0.685272,-3.563058,2183.907618,258.14333,02:30:00,5.54464,1.72245,5.70313,-28.44596,5.84776,21.58859,2.53436,0.19724,82.05585,-5.984256,0.293488,0.421482,NA,NA,NA,NA,NA,NA,NA,NA,NA,NA,NA,-12.23225,3.56347,-1.43728,50,5.46958,7.29028,-132.60294,-2.61675,-21.29406,34.2492,-25.97069,MOR_HED,WLM_SHK,BigRockStadium,CPL,CPL,20250626-BigRockStadium-1,db7633a0-52f4-11f0-91de-9dd0983a3e69,89.4284,NA,NA,9.5656,NA,NA,NA,NA,NA,NA,67bf9003-9d93-49fb-89c2-36bfdacb035e,2025-06-27,01:20:04,2025-06-27T01:20:04Z,2025-06-27T01:20:04Z,NA,v3,NA,NA,NA,"Poppell, Broedy",701435,Right,MOR_HED,1d653c0e-6f4f-4e5b-9617-d6e06549d53f,54.79511,-133.83571,17.1246,5.54695,-1.68196,-12.98534,-1.71348,8.05674,-10.64703,NA,NA,NA,NA,NA,NA,NA,NA,NA,NA,NA,NA,NA,NA,NA,NA,NA,NA,NA,NA,NA,NA,NA,NA,NA,NA,NA,NA,NA,NA,NA,NA,NA,NA,NA,NA,NA,NA,NA,NA,NA,NA,NA,NA,NA,NA,NA,NA,NA,NA,High,High,High,NA,NA,NA,NA,NA,NA,NA,NA,NA,NA,NA,NA,NA,NA,NA,NA,NA,NA,NA,NA,NA,NA,NA,NA,NA,NA,NA,NA,NA,NA,NA,NA,NA,NA,NA,NA,NA,NA,NA,NA,NA,NA,NA,NA,NA,NA,NA,NA,NA,NA,NA,NA,NA,NA,NA,NA,NA,NA
NA,NA,NA,NA,NA,NA,NA,NA,NA,NA,NA,NA,NA,NA,NA,NA,297,2025-06-26,21:20:28,1,6,"Bautista, Jonathan",701684,Right,MOR_HED,"Boyles, Jack",1000076008,Right,WLM_SHK,Undefined,10,Top,0,2,2,Sinker,Sinker,BallCalled,Undefined,Undefined,Undefined,0,0,NA,91.90929,-1.652881,-5.56268,2125.4841500000002,244.363318,02:15:00,5.48949,1.62033,5.937,-23.67958,10.0469,18.35292,1.97515,-2.027,82.80784,-6.097291,-2.285638,0.417981,NA,NA,NA,NA,NA,NA,NA,NA,NA,NA,NA,-11.12449,6.03359,-1.18544,50,5.34382,12.11289,-132.72467,-4.64239,-19.57397,32.01111,-21.55774,MOR_HED,WLM_SHK,BigRockStadium,CPL,CPL,20250626-BigRockStadium-1,e988a630-52f4-11f0-91de-9dd0983a3e69,90.17731,NA,NA,9.10145,NA,NA,NA,NA,NA,NA,67bf9003-9d93-49fb-89c2-36bfdacb035e,2025-06-27,01:20:28,2025-06-27T01:20:28Z,2025-06-27T01:20:28Z,NA,v3,NA,NA,NA,"Poppell, Broedy",701435,Right,MOR_HED,3c50f7d9-c75d-4469-9f6d-d9828040abba,54.56025,-133.82001,16.00555,5.49005,-3.90473,-10.77887,-1.61137,12.78266,-9.78699,NA,NA,NA,NA,NA,NA,NA,NA,NA,NA,NA,NA,NA,NA,NA,NA,NA,NA,NA,NA,NA,NA,NA,NA,NA,NA,NA,NA,NA,NA,NA,NA,NA,NA,NA,NA,NA,NA,NA,NA,NA,NA,NA,NA,NA,NA,NA,NA,NA,NA,High,High,High,NA,NA,NA,NA,NA,NA,NA,NA,NA,NA,NA,NA,NA,NA,NA,NA,NA,NA,NA,NA,NA,NA,NA,NA,NA,NA,NA,NA,NA,NA,NA,NA,NA,NA,NA,NA,NA,NA,NA,NA,NA,NA,NA,NA,NA,NA,NA,NA,NA,NA,NA,NA,NA,NA,NA,NA,NA,NA
NA,NA,NA,NA,NA,NA,NA,NA,NA,NA,NA,NA,NA,NA,NA,NA,298,2025-06-26,21:20:50,1,7,"Bautista, Jonathan",701684,Right,MOR_HED,"Boyles, Jack",1000076008,Right,WLM_SHK,Undefined,10,Top,0,3,2,Sinker,Sinker,FoulBallNotFieldable,Undefined,Undefined,Undefined,0,0,NA,91.6011,-0.444521,-3.840433,2211.313443,265.995426,02:45:00,5.5576,1.71666,6.00475,-31.17159,2.93697,22.5119,2.54718,0.02911,81.64542,-6.270193,0.203202,0.420342,NA,NA,NA,NA,NA,NA,NA,NA,NA,NA,NA,-12.96162,2.04217,-1.42681,50,5.50577,7.91604,-132.54762,-2.12807,-22.41219,35.73577,-28.64287,MOR_HED,WLM_SHK,BigRockStadium,CPL,CPL,20250626-BigRockStadium-1,f6d27190-52f4-11f0-91de-9dd0983a3e69,89.6708,NA,NA,9.95568,NA,NA,NA,NA,NA,NA,67bf9003-9d93-49fb-89c2-36bfdacb035e,2025-06-27,01:20:50,2025-06-27T01:20:50Z,2025-06-27T01:20:50Z,NA,v3,NA,NA,NA,"Poppell, Broedy",701435,Right,MOR_HED,00bde428-65a4-4cf4-a18c-3ac18fd1205b,54.49296,-133.75347,17.86789,5.56127,-1.16156,-14.32144,-1.70668,8.6723,-11.2061,NA,NA,NA,NA,NA,NA,NA,NA,NA,NA,NA,NA,NA,NA,NA,NA,NA,NA,NA,NA,NA,NA,NA,NA,NA,NA,NA,NA,NA,NA,NA,NA,NA,NA,NA,NA,NA,NA,NA,NA,NA,NA,NA,NA,NA,NA,NA,NA,NA,NA,High,High,High,NA,NA,NA,NA,NA,NA,NA,NA,NA,NA,NA,NA,NA,NA,NA,NA,NA,NA,NA,NA,NA,NA,NA,NA,NA,NA,NA,NA,NA,NA,NA,NA,NA,NA,NA,NA,NA,NA,NA,NA,NA,NA,NA,NA,NA,NA,NA,NA,NA,NA,NA,NA,NA,NA,NA,NA,NA,NA
NA,NA,NA,NA,NA,NA,NA,NA,NA,NA,NA,NA,NA,NA,NA,NA,299,2025-06-26,21:21:16,1,8,"Bautista, Jonathan",701684,Right,MOR_HED,"Boyles, Jack",1000076008,Right,WLM_SHK,Undefined,10,Top,0,3,2,Sinker,Sinker,BallCalled,Walk,Undefined,Undefined,0,0,NA,91.30439,0.854993,-3.000211,2099.805023,259.664553,02:45:00,5.5291,1.58992,5.8778,-29.35167,4.85811,19.61662,3.87833,0.43572,81.79012,-4.62971,0.515557,0.420965,NA,NA,NA,NA,NA,NA,NA,NA,NA,NA,NA,-10.94075,2.58953,-1.35829,50,5.58168,6.04448,-132.23993,0.93016,-18.98994,33.40892,-27.67936,MOR_HED,WLM_SHK,BigRockStadium,CPL,CPL,20250626-BigRockStadium-1,05cbe8c0-52f5-11f0-91de-9dd0983a3e69,89.5381,NA,NA,9.51427,NA,NA,NA,NA,NA,NA,67bf9003-9d93-49fb-89c2-36bfdacb035e,2025-06-27,01:21:16,2025-06-27T01:21:16Z,2025-06-27T01:21:16Z,NA,v3,NA,NA,NA,"Poppell, Broedy",701435,Right,MOR_HED,04049521-f6b7-4fec-a4f5-2a8df32cab9e,54.61848,-133.40163,16.70446,5.5326,1.89263,-13.83968,-1.57995,6.7048,-9.49497,NA,NA,NA,NA,NA,NA,NA,NA,NA,NA,NA,NA,NA,NA,NA,NA,NA,NA,NA,NA,NA,NA,NA,NA,NA,NA,NA,NA,NA,NA,NA,NA,NA,NA,NA,NA,NA,NA,NA,NA,NA,NA,NA,NA,NA,NA,NA,NA,NA,NA,High,High,High,NA,NA,NA,NA,NA,NA,NA,NA,NA,NA,NA,NA,NA,NA,NA,NA,NA,NA,NA,NA,NA,NA,NA,NA,NA,NA,NA,NA,NA,NA,NA,NA,NA,NA,NA,NA,NA,NA,NA,NA,NA,NA,NA,NA,NA,NA,NA,NA,NA,NA,NA,NA,NA,NA,NA,NA,NA,NA
NA,NA,NA,NA,NA,NA,NA,NA,NA,NA,NA,NA,NA,NA,NA,NA,300,2025-06-26,21:21:52,2,1,"Bautista, Jonathan",701684,Right,MOR_HED,"Manley, Nathan",1000093427,Right,WLM_SHK,Undefined,10,Top,0,0,0,Sinker,Sinker,InPlay,Undefined,LineDrive,Double,0,3,NA,91.93859,-1.074088,-3.192827,2203.617585,257.445219,02:30:00,5.59786,1.90273,5.69596,-27.51612,6.22496,22.57749,2.30224,0.80571,83.13128,-6.182396,0.842578,0.418072,94.05745,8.935502,-40.614316,2867.611462,NA,NA,NA,124.00781,124.00781,-44.01421,1.030209,-12.52324,3.8365,-1.64897,50,5.49047,6.42538,-133.23205,-3.50117,-22.21898,32.07758,-25.36725,MOR_HED,WLM_SHK,BigRockStadium,CPL,CPL,20250626-BigRockStadium-1,1b86a740-52f5-11f0-91de-9dd0983a3e69,90.1578,6.85363,NA,8.80731,NA,NA,NA,1.26348,2.15409,-0.69824,67bf9003-9d93-49fb-89c2-36bfdacb035e,2025-06-27,01:21:52,2025-06-27T01:21:52Z,2025-06-27T01:21:52Z,LineDrive,v3,NA,NA,NA,"Poppell, Broedy",701435,Right,MOR_HED,fc390034-fc45-4d3a-be91-50517fa8a1e0,54.80366,-134.38363,16.03879,5.59981,-2.5905,-12.68363,-1.89396,7.22303,-11.10949,NA,1.26348,103.44867,-21.88172,5.22144,-1.27608,0.32489,-0.08238,0.01736,-0.0021,2.15409,21.42685,-25.93257,3.79885,-0.96176,0.24501,-0.06197,0.01324,-0.00161,-0.69824,-88.71108,6.93431,-1.64001,0.39996,-0.10158,0.02566,-0.00533,6.3e-4,NA,NA,NA,NA,NA,NA,NA,NA,NA,NA,NA,NA,NA,NA,NA,NA,NA,NA,NA,NA,NA,NA,High,High,High,High,High,NA,NA,NA,NA,NA,NA,NA,NA,NA,NA,NA,NA,NA,NA,NA,NA,NA,NA,NA,NA,NA,NA,NA,NA,NA,NA,NA,NA,NA,NA,NA,NA,NA,NA,NA,NA,NA,NA,NA,NA,NA,NA,NA,NA,NA,NA,NA,NA,NA,NA,NA,NA,NA,NA,NA,NA
NA,NA,NA,NA,NA,NA,NA,NA,NA,NA,NA,NA,NA,NA,NA,NA,301,2025-06-26,21:22:37,3,1,"Bautista, Jonathan",701684,Right,MOR_HED,"Powell, Connor",1000118857,Left,WLM_SHK,Undefined,10,Top,0,0,0,Sinker,Sinker,StrikeSwinging,Undefined,Undefined,Undefined,0,0,NA,91.50549,-0.387587,-4.077425,2176.482886,247.333673,02:15:00,5.73017,1.69483,5.71558,-24.17793,10.0293,20.99666,3.35336,-0.36023,82.23906,-4.920851,-0.331179,0.42095,NA,NA,NA,NA,NA,NA,NA,NA,NA,NA,NA,-11.9306,5.5837,-1.36633,50,5.68298,8.48285,-132.4119,-1.73739,-20.85095,32.38914,-22.41548,MOR_HED,WLM_SHK,BigRockStadium,CPL,CPL,20250626-BigRockStadium-1,3673cfb0-52f5-11f0-91de-9dd0983a3e69,89.54142,NA,NA,9.26643,NA,NA,NA,NA,NA,NA,67bf9003-9d93-49fb-89c2-36bfdacb035e,2025-06-27,01:22:37,2025-06-27T01:22:37Z,2025-06-27T01:22:37Z,NA,v3,NA,NA,NA,"Poppell, Broedy",701435,Right,MOR_HED,7ffc9aca-ca16-4ee1-828f-ecb487c0b566,54.78164,-133.57641,16.19457,5.73095,-0.93147,-11.20774,-1.6848,9.23252,-10.42548,NA,NA,NA,NA,NA,NA,NA,NA,NA,NA,NA,NA,NA,NA,NA,NA,NA,NA,NA,NA,NA,NA,NA,NA,NA,NA,NA,NA,NA,NA,NA,NA,NA,NA,NA,NA,NA,NA,NA,NA,NA,NA,NA,NA,NA,NA,NA,NA,NA,NA,High,High,High,NA,NA,NA,NA,NA,NA,NA,NA,NA,NA,NA,NA,NA,NA,NA,NA,NA,NA,NA,NA,NA,NA,NA,NA,NA,NA,NA,NA,NA,NA,NA,NA,NA,NA,NA,NA,NA,NA,NA,NA,NA,NA,NA,NA,NA,NA,NA,NA,NA,NA,NA,NA,NA,NA,NA,NA,NA,NA
NA,NA,NA,NA,NA,NA,NA,NA,NA,NA,NA,NA,NA,NA,NA,NA,302,2025-06-26,21:22:54,3,2,"Bautista, Jonathan",701684,Right,MOR_HED,"Powell, Connor",1000118857,Left,WLM_SHK,Undefined,10,Top,0,0,1,Sinker,Sinker,StrikeSwinging,Undefined,Undefined,Undefined,0,0,NA,91.59612,-1.234264,-3.434486,2175.978421,243.703572,02:00:00,5.67487,1.66995,5.87188,-22.09548,11.63536,21.1408,2.68491,0.2378,82.84114,-5.390948,0.353339,0.418008,NA,NA,NA,NA,NA,NA,NA,NA,NA,NA,NA,-11.84591,6.67607,-1.40404,50,5.56215,7.0324,-132.72776,-3.59837,-20.9046,31.25683,-20.39272,MOR_HED,WLM_SHK,BigRockStadium,CPL,CPL,20250626-BigRockStadium-1,40a6be20-52f5-11f0-91de-9dd0983a3e69,90.17149,NA,NA,8.75498,NA,NA,NA,NA,NA,NA,67bf9003-9d93-49fb-89c2-36bfdacb035e,2025-06-27,01:22:54,2025-06-27T01:22:54Z,2025-06-27T01:22:54Z,NA,v3,NA,NA,NA,"Poppell, Broedy",701435,Right,MOR_HED,9426ddaf-1a5d-47d3-9d8e-c99c06aa0531,54.62653,-133.81285,15.62842,5.67478,-2.89043,-10.19636,-1.66076,7.75811,-10.4523,NA,NA,NA,NA,NA,NA,NA,NA,NA,NA,NA,NA,NA,NA,NA,NA,NA,NA,NA,NA,NA,NA,NA,NA,NA,NA,NA,NA,NA,NA,NA,NA,NA,NA,NA,NA,NA,NA,NA,NA,NA,NA,NA,NA,NA,NA,NA,NA,NA,NA,High,High,High,NA,NA,NA,NA,NA,NA,NA,NA,NA,NA,NA,NA,NA,NA,NA,NA,NA,NA,NA,NA,NA,NA,NA,NA,NA,NA,NA,NA,NA,NA,NA,NA,NA,NA,NA,NA,NA,NA,NA,NA,NA,NA,NA,NA,NA,NA,NA,NA,NA,NA,NA,NA,NA,NA,NA,NA,NA,NA
NA,NA,NA,NA,NA,NA,NA,NA,NA,NA,NA,NA,NA,NA,NA,NA,303,2025-06-26,21:23:10,3,3,"Bautista, Jonathan",701684,Right,MOR_HED,"Powell, Connor",1000118857,Left,WLM_SHK,Undefined,10,Top,0,0,2,Sinker,Sinker,StrikeCalled,Strikeout,Undefined,Undefined,0,0,NA,91.49045,-0.124044,-4.12846,2175.198018,249.975116,02:15:00,5.4883,1.41414,6.0381,-24.80029,9.25886,21.74832,3.30646,-0.6028,81.60892,-4.811433,-0.224755,0.420038,NA,NA,NA,NA,NA,NA,NA,NA,NA,NA,NA,-12.50024,5.18776,-1.10267,50,5.46552,8.5818,-132.34729,-1.10617,-21.64701,34.46945,-23.19028,MOR_HED,WLM_SHK,BigRockStadium,CPL,CPL,20250626-BigRockStadium-1,4a3de1c0-52f5-11f0-91de-9dd0983a3e69,89.73585,NA,NA,9.88153,NA,NA,NA,NA,NA,NA,67bf9003-9d93-49fb-89c2-36bfdacb035e,2025-06-27,01:23:10,2025-06-27T01:23:10Z,2025-06-27T01:23:10Z,NA,v3,NA,NA,NA,"Poppell, Broedy",701435,Right,MOR_HED,539f6ff0-9e41-4d0c-b353-535ac6837c64,54.45753,-133.50319,17.23472,5.48957,-0.32851,-11.59514,-1.40262,9.30771,-10.8235,NA,NA,NA,NA,NA,NA,NA,NA,NA,NA,NA,NA,NA,NA,NA,NA,NA,NA,NA,NA,NA,NA,NA,NA,NA,NA,NA,NA,NA,NA,NA,NA,NA,NA,NA,NA,NA,NA,NA,NA,NA,NA,NA,NA,NA,NA,NA,NA,NA,NA,High,High,High,NA,NA,NA,NA,NA,NA,NA,NA,NA,NA,NA,NA,NA,NA,NA,NA,NA,NA,NA,NA,NA,NA,NA,NA,NA,NA,NA,NA,NA,NA,NA,NA,NA,NA,NA,NA,NA,NA,NA,NA,NA,NA,NA,NA,NA,NA,NA,NA,NA,NA,NA,NA,NA,NA,NA,NA,NA,NA
NA,NA,NA,NA,NA,NA,NA,NA,NA,NA,NA,NA,NA,NA,NA,NA,304,2025-06-26,21:23:42,4,1,"Bautista, Jonathan",701684,Right,MOR_HED,"Mitchem, Cam",1000224485,Right,WLM_SHK,Undefined,10,Top,1,0,0,Sinker,Sinker,BallCalled,Undefined,Undefined,Undefined,0,0,NA,91.07606,-1.567124,-4.650104,2189.555873,243.973679,02:15:00,5.68991,1.58781,6.06871,-23.77978,10.31461,18.5656,2.2529,-1.17772,82.08204,-6.045492,-1.318988,0.420255,NA,NA,NA,NA,NA,NA,NA,NA,NA,NA,NA,-10.96934,6.17859,-1.2362,50,5.55558,9.90525,-131.7292,-4.38732,-19.00071,31.6922,-21.47169,MOR_HED,WLM_SHK,BigRockStadium,CPL,CPL,20250626-BigRockStadium-1,5d199c30-52f5-11f0-91de-9dd0983a3e69,89.6895,NA,NA,8.99402,NA,NA,NA,NA,NA,NA,67bf9003-9d93-49fb-89c2-36bfdacb035e,2025-06-27,01:23:42,2025-06-27T01:23:42Z,2025-06-27T01:23:42Z,NA,v3,NA,NA,NA,"Poppell, Broedy",701435,Right,MOR_HED,a39ea9a9-da38-40b3-82bc-057d7fa3d6dc,54.42804,-132.79025,15.8461,5.69044,-3.66845,-10.73584,-1.57847,10.54139,-9.50035,NA,NA,NA,NA,NA,NA,NA,NA,NA,NA,NA,NA,NA,NA,NA,NA,NA,NA,NA,NA,NA,NA,NA,NA,NA,NA,NA,NA,NA,NA,NA,NA,NA,NA,NA,NA,NA,NA,NA,NA,NA,NA,NA,NA,NA,NA,NA,NA,NA,NA,High,High,High,NA,NA,NA,NA,NA,NA,NA,NA,NA,NA,NA,NA,NA,NA,NA,NA,NA,NA,NA,NA,NA,NA,NA,NA,NA,NA,NA,NA,NA,NA,NA,NA,NA,NA,NA,NA,NA,NA,NA,NA,NA,NA,NA,NA,NA,NA,NA,NA,NA,NA,NA,NA,NA,NA,NA,NA,NA,NA
NA,NA,NA,NA,NA,NA,NA,NA,NA,NA,NA,NA,NA,NA,NA,NA,305,2025-06-26,21:23:56,4,2,"Bautista, Jonathan",701684,Right,MOR_HED,"Mitchem, Cam",1000224485,Right,WLM_SHK,Undefined,10,Top,1,1,0,Sinker,Sinker,InPlay,Undefined,GroundBall,Out,1,0,NA,90.51122,-0.305833,-4.32655,2131.155315,251.984808,02:30:00,5.45441,1.71497,6.14487,-25.89986,8.72044,22.69501,3.01267,-0.39941,80.88865,-5.199134,-0.245588,0.423484,84.61751,-21.559551,-47.289933,NA,NA,NA,NA,9.65498,5.16967,-32.514049,0.067184,-13.22851,4.98067,-1.39654,50,5.4179,8.95222,-130.98006,-1.53519,-22.45156,33.60144,-23.72081,MOR_HED,WLM_SHK,BigRockStadium,CPL,CPL,20250626-BigRockStadium-1,659d5400-52f5-11f0-91de-9dd0983a3e69,89.00563,3.07299,NA,9.62258,NA,NA,NA,2.86625,3.07299,0.52527,67bf9003-9d93-49fb-89c2-36bfdacb035e,2025-06-27,01:23:56,2025-06-27T01:23:56Z,2025-06-27T01:23:56Z,GroundBall,v3,NA,NA,NA,"Poppell, Broedy",701435,Right,MOR_HED,1b30ba5c-7583-4eb6-b9de-94db39449649,54.35312,-132.09208,16.80072,5.45572,-0.75016,-11.86041,-1.7051,9.69524,-11.22578,180,2.86375,78.52141,NA,NA,NA,NA,NA,NA,NA,3.07444,-45.73969,NA,NA,NA,NA,NA,NA,NA,0.52798,-85.06285,NA,NA,NA,NA,NA,NA,NA,NA,NA,NA,NA,NA,NA,NA,NA,NA,NA,NA,NA,NA,NA,NA,NA,NA,NA,NA,NA,NA,NA,High,High,High,Low,Low,NA,NA,NA,NA,NA,NA,NA,NA,NA,NA,NA,NA,NA,NA,NA,NA,NA,NA,NA,NA,NA,NA,NA,NA,NA,NA,NA,NA,NA,NA,NA,NA,NA,NA,NA,NA,NA,NA,NA,NA,NA,NA,NA,NA,NA,NA,NA,NA,NA,NA,NA,NA,NA,NA,NA,NA
NA,NA,NA,NA,NA,NA,NA,NA,NA,NA,NA,NA,NA,NA,NA,NA,306,2025-06-26,21:24:30,5,1,"Bautista, Jonathan",701684,Right,MOR_HED,"Miller, Brady",1000357366,Right,WLM_SHK,Undefined,10,Top,2,0,0,Sinker,Sinker,InPlay,Undefined,FlyBall,Out,1,0,NA,91.75,-0.01946,-3.339271,2150.99151,258.112366,02:30:00,5.50317,1.73993,5.78843,-27.80013,6.07717,22.98812,3.16836,0.5456,82.53977,-5.204039,0.774181,0.418915,77.67576,33.398059,15.127883,3829.466172,103.93152,57.07506,36.03059,266.69718,260.06685,24.771806,4.153516,-12.75938,3.46579,-1.47847,50,5.4851,6.71992,-132.91855,-1.04192,-22.45507,32.8157,-26.07468,MOR_HED,WLM_SHK,BigRockStadium,CPL,CPL,20250626-BigRockStadium-1,798686d0-52f5-11f0-91de-9dd0983a3e69,89.97637,61.97544,NA,9.21023,NA,NA,NA,0.6066,3.10278,-0.5541,67bf9003-9d93-49fb-89c2-36bfdacb035e,2025-06-27,01:24:30,2025-06-27T01:24:30Z,2025-06-27T01:24:30Z,FlyBall,v3,NA,NA,NA,"Poppell, Broedy",701435,Right,MOR_HED,e5292ffa-b005-4816-a5cf-e6a064cca7b8,54.70978,-134.07628,16.40785,5.50563,-0.122,-13.03734,-1.72953,7.51214,-11.22753,216.081989,0.60646,91.82167,-16.51683,3.94507,-0.94365,0.24907,-0.06039,0.00935,-6.1e-4,3.10371,62.68295,-18.384,0.8827,0.1959,-0.19496,0.06656,-0.01056,6.4e-4,-0.55425,24.82575,1.94191,-0.77104,0.19067,-0.02865,0.00184,4e-5,-1e-5,NA,NA,NA,NA,NA,NA,NA,NA,NA,NA,NA,NA,NA,NA,NA,NA,NA,NA,NA,NA,NA,NA,High,High,High,High,High,NA,NA,NA,NA,NA,NA,NA,NA,NA,NA,NA,NA,NA,NA,NA,NA,NA,NA,NA,NA,NA,NA,NA,NA,NA,NA,NA,NA,NA,NA,NA,NA,NA,NA,NA,NA,NA,NA,NA,NA,NA,NA,NA,NA,NA,NA,NA,NA,NA,NA,NA,NA,NA,NA,NA,NA
NA,NA,NA,NA,NA,NA,NA,NA,NA,NA,NA,NA,NA,NA,NA,NA,307,2025-06-26,21:28:03,1,1,"Paxton, Thomas",1000373558,Right,WLM_SHK,"Anderson, Nate",802008,Left,MOR_HED,Undefined,10,Bottom,0,0,0,Fastball,Four-Seam,BallCalled,Undefined,Undefined,Undefined,0,0,NA,93.199,-3.641229,-2.722841,2402.993442,219.295331,01:15:00,5.79824,1.21145,5.82325,-16.95084,15.52371,11.82024,0.99209,-0.3368,85.08004,-6.835236,-0.605777,0.41015,NA,NA,NA,NA,NA,NA,NA,NA,NA,NA,NA,-6.92189,9.33878,-0.99619,50,5.49004,5.91652,-135.00357,-9.14768,-12.72856,30.38458,-15.00108,MOR_HED,WLM_SHK,BigRockStadium,CPL,CPL,20250626-BigRockStadium-1,f88c1300-52f5-11f0-91de-9dd0983a3e69,91.89907,NA,NA,8.11896,NA,NA,NA,NA,NA,NA,67bf9003-9d93-49fb-89c2-36bfdacb035e,2025-06-27,01:28:03,2025-06-27T01:28:03Z,2025-06-27T01:28:03Z,NA,v3,NA,NA,NA,"Manley, Nathan",1000093427,Right,WLM_SHK,e8e583c6-ed53-4588-a6f9-b3a2380d8fcb,54.67747,-136.05224,15.19229,5.79681,-8.62995,-7.50054,-1.20797,6.35582,-6.36428,NA,NA,NA,NA,NA,NA,NA,NA,NA,NA,NA,NA,NA,NA,NA,NA,NA,NA,NA,NA,NA,NA,NA,NA,NA,NA,NA,NA,NA,NA,NA,NA,NA,NA,NA,NA,NA,NA,NA,NA,NA,NA,NA,NA,NA,NA,NA,NA,NA,NA,High,High,High,NA,NA,NA,NA,NA,NA,NA,NA,NA,NA,NA,NA,NA,NA,NA,NA,NA,NA,NA,NA,NA,NA,NA,NA,NA,NA,NA,NA,NA,NA,NA,NA,NA,NA,NA,NA,NA,NA,NA,NA,NA,NA,NA,NA,NA,NA,NA,NA,NA,NA,NA,NA,NA,NA,NA,NA,NA,NA
NA,NA,NA,NA,NA,NA,NA,NA,NA,NA,NA,NA,NA,NA,NA,NA,308,2025-06-26,21:28:22,1,2,"Paxton, Thomas",1000373558,Right,WLM_SHK,"Anderson, Nate",802008,Left,MOR_HED,Undefined,10,Bottom,0,1,0,Fastball,Four-Seam,FoulBallNotFieldable,Undefined,Undefined,Undefined,0,0,NA,92.77654,-2.575395,-2.538335,2481.070608,212.813128,01:00:00,5.77048,1.21426,5.96051,-13.95127,18.81733,11.38575,2.2158,-0.19223,83.93648,-5.269296,-0.494368,0.412003,77.6585,9.982199,-172.526834,1676.353007,NA,NA,NA,132.21921,49.71465,-172.219999,1.360639,-6.64276,10.80075,-1.01915,50,5.55815,5.46387,-134.43791,-6.43723,-12.02659,32.06625,-12.61945,MOR_HED,WLM_SHK,BigRockStadium,CPL,CPL,20250626-BigRockStadium-1,03c91e70-52f6-11f0-91de-9dd0983a3e69,91.48586,8.17276,NA,8.84006,NA,NA,NA,1.13538,2.24386,0.21303,67bf9003-9d93-49fb-89c2-36bfdacb035e,2025-06-27,01:28:22,2025-06-27T01:28:22Z,2025-06-27T01:28:22Z,GroundBall,v3,NA,NA,NA,"Manley, Nathan",1000093427,Right,WLM_SHK,faff8b9d-fadb-4ffd-9751-d6917418c304,54.537350000000004,-135.51584,16.03312,5.76741,-6.01302,-6.30972,-1.20962,5.86815,-6.01329,205.500431,0.98053,-109.63569,9.35858,NA,NA,NA,NA,NA,NA,2.34506,18.72751,-15.08062,NA,NA,NA,NA,NA,NA,0.20236,-14.48081,0.87051,NA,NA,NA,NA,NA,NA,NA,NA,NA,NA,NA,NA,NA,NA,NA,NA,NA,NA,NA,NA,NA,NA,NA,NA,NA,NA,NA,NA,High,High,High,High,Medium,NA,NA,NA,NA,NA,NA,NA,NA,NA,NA,NA,NA,NA,NA,NA,NA,NA,NA,NA,NA,NA,NA,NA,NA,NA,NA,NA,NA,NA,NA,NA,NA,NA,NA,NA,NA,NA,NA,NA,NA,NA,NA,NA,NA,NA,NA,NA,NA,NA,NA,NA,NA,NA,NA,NA,NA
NA,NA,NA,NA,NA,NA,NA,NA,NA,NA,NA,NA,NA,NA,NA,NA,309,2025-06-26,21:28:51,1,3,"Paxton, Thomas",1000373558,Right,WLM_SHK,"Anderson, Nate",802008,Left,MOR_HED,Undefined,10,Bottom,0,1,1,Slider,Slider,InPlay,Undefined,FlyBall,Out,1,0,NA,80.51998,1.335197,-0.31711,2722.611836,64.144842,08:15:00,5.46825,1.36842,5.21303,-46.55443,-2.32618,-7.66016,2.84449,0.43188,73.78858,-7.128065,-1.675943,0.478653,83.94149,42.918797,15.622816,NA,106.25625,90.54469,28.45347,276.80522,274.20699,13.473594,5.350699,3.75453,-1.16795,-1.33304,50,5.55633,0.96005,-116.88031,1.05677,5.18502,22.37318,-33.78701,MOR_HED,WLM_SHK,BigRockStadium,CPL,CPL,20250626-BigRockStadium-1,150ef6a0-52f6-11f0-91de-9dd0983a3e69,78.74683,102.80403,NA,6.7314,NA,NA,NA,1.38098,2.78921,-0.43121,67bf9003-9d93-49fb-89c2-36bfdacb035e,2025-06-27,01:28:51,2025-06-27T01:28:51Z,2025-06-27T01:28:51Z,FlyBall,v3,NA,NA,NA,"Manley, Nathan",1000093427,Right,WLM_SHK,9e80ea31-c056-4f47-a6ed-9f6696b2fc99,55.28738,-117.88807,11.18659,5.47446,2.57865,-16.89351,-1.37102,0.7265,2.59251,180.971081,1.38239,86.78607,-20.51977,5.75041,-1.06511,0.09594,0.0053,-0.00187,1.1e-4,2.78656,83.88758,-20.01471,1.14656,-0.02299,-0.05115,0.02178,-0.00381,2.3e-4,-0.43046,24.26204,-5.44136,1.10126,-0.09998,-0.01996,0.00764,-8.8e-4,3e-5,NA,NA,NA,NA,NA,NA,NA,NA,NA,NA,NA,NA,NA,NA,NA,NA,NA,NA,NA,NA,NA,NA,High,High,High,High,Medium,NA,NA,NA,NA,NA,NA,NA,NA,NA,NA,NA,NA,NA,NA,NA,NA,NA,NA,NA,NA,NA,NA,NA,NA,NA,NA,NA,NA,NA,NA,NA,NA,NA,NA,NA,NA,NA,NA,NA,NA,NA,NA,NA,NA,NA,NA,NA,NA,NA,NA,NA,NA,NA,NA,NA,NA
NA,NA,NA,NA,NA,NA,NA,NA,NA,NA,NA,NA,NA,NA,NA,NA,310,2025-06-26,21:29:46,2,1,"Paxton, Thomas",1000373558,Right,WLM_SHK,"Larson, Connor",1000077392,Right,MOR_HED,Undefined,10,Bottom,1,0,0,Fastball,Four-Seam,InPlay,Undefined,FlyBall,Out,1,0,NA,93.00079,-2.045397,-2.82811,2523.461561,207.153331,01:00:00,5.79981,1.1458,6.23131,-12.26201,20.17576,9.73512,2.88788,-0.65415,83.63975,-4.461228,-1.072644,0.409918,88.92751,27.682282,9.73272,4101.235642,107.39435,52.71826,23.80029,320.33825,317.28647,16.279739,4.458232,-5.96965,11.46898,-0.93928,50,5.6408,6.2423400000000004,-134.76246,-5.10279,-10.7969,33.79499,-11.43089,MOR_HED,WLM_SHK,BigRockStadium,CPL,CPL,20250626-BigRockStadium-1,36352390-52f6-11f0-91de-9dd0983a3e69,91.95122,66.04542,NA,9.36104,NA,NA,NA,0.97982,2.86233,0.67464,67bf9003-9d93-49fb-89c2-36bfdacb035e,2025-06-27,01:29:46,2025-06-27T01:29:46Z,2025-06-27T01:29:46Z,FlyBall,v3,NA,NA,NA,"Manley, Nathan",1000093427,Right,WLM_SHK,0436c6d4-cfe0-48bf-8edd-356b97122821,54.2655,-135.82793,16.8975,5.79599,-4.7424,-5.71544,-1.14145,6.58274,-5.39845,201.034408,0.98023,113.82786,-23.256710000000002,5.97885,-1.30738,0.26329,-0.04749,0.00606,-3.5e-4,2.86327,60.56636,-14.50834,-0.69365,0.70937,-0.30589,0.07973,-0.01103,6.1e-4,0.67447,19.52986,1.30214,-0.71824,0.20561,-0.03618,0.00316,-3e-5,-1e-5,NA,NA,NA,NA,NA,NA,NA,NA,NA,NA,NA,NA,NA,NA,NA,NA,NA,NA,NA,NA,NA,NA,High,High,High,High,High,NA,NA,NA,NA,NA,NA,NA,NA,NA,NA,NA,NA,NA,NA,NA,NA,NA,NA,NA,NA,NA,NA,NA,NA,NA,NA,NA,NA,NA,NA,NA,NA,NA,NA,NA,NA,NA,NA,NA,NA,NA,NA,NA,NA,NA,NA,NA,NA,NA,NA,NA,NA,NA,NA,NA,NA
NA,NA,NA,NA,NA,NA,NA,NA,NA,NA,NA,NA,NA,NA,NA,NA,311,2025-06-26,21:30:34,3,1,"Paxton, Thomas",1000373558,Right,WLM_SHK,"Gustafson, Jaden",813182,Left,MOR_HED,Undefined,10,Bottom,2,0,0,Slider,Curveball,BallCalled,Undefined,Undefined,Undefined,0,0,NA,78.9211,3.37971,2.691613,2618.537598,37.643782,07:15:00,5.58532,1.43742,5.10062,-56.96483,-10.01394,-8.99607,4.03015,3.2259,71.30847,-6.950254,1.103038,0.493166,NA,NA,NA,NA,NA,NA,NA,NA,NA,NA,NA,5.27492,-5.46185,-1.68427,50,5.86039,-4.98473,-114.13291,4.64999,6.87124,23.44726,-39.28878,MOR_HED,WLM_SHK,BigRockStadium,CPL,CPL,20250626-BigRockStadium-1,525ec3a0-52f6-11f0-91de-9dd0983a3e69,76.42948,NA,NA,7.61264,NA,NA,NA,NA,NA,NA,67bf9003-9d93-49fb-89c2-36bfdacb035e,2025-06-27,01:30:34,2025-06-27T01:30:34Z,2025-06-27T01:30:34Z,NA,v3,NA,NA,NA,"Manley, Nathan",1000093427,Right,WLM_SHK,b36e1a9a-2568-41f6-b7f6-fda3edd5cc65,55.39879,-115.23669,11.72363,5.59796,6.49951,-19.64439,-1.442,-5.3082,3.43562,NA,NA,NA,NA,NA,NA,NA,NA,NA,NA,NA,NA,NA,NA,NA,NA,NA,NA,NA,NA,NA,NA,NA,NA,NA,NA,NA,NA,NA,NA,NA,NA,NA,NA,NA,NA,NA,NA,NA,NA,NA,NA,NA,NA,NA,NA,NA,NA,NA,NA,High,High,High,NA,NA,NA,NA,NA,NA,NA,NA,NA,NA,NA,NA,NA,NA,NA,NA,NA,NA,NA,NA,NA,NA,NA,NA,NA,NA,NA,NA,NA,NA,NA,NA,NA,NA,NA,NA,NA,NA,NA,NA,NA,NA,NA,NA,NA,NA,NA,NA,NA,NA,NA,NA,NA,NA,NA,NA,NA,NA
NA,NA,NA,NA,NA,NA,NA,NA,NA,NA,NA,NA,NA,NA,NA,NA,312,2025-06-26,21:31:01,3,2,"Paxton, Thomas",1000373558,Right,WLM_SHK,"Gustafson, Jaden",813182,Left,MOR_HED,Undefined,10,Bottom,2,1,0,Fastball,Four-Seam,StrikeSwinging,Undefined,Undefined,Undefined,0,0,NA,92.40368,-1.675741,-1.684363,2398.162772,211.669095,01:00:00,5.72851,1.36405,6.1146,-14.08867,18.99509,10.94434,3.00396,0.71827,82.80566,-4.426726,0.287553,0.413979,NA,NA,NA,NA,NA,NA,NA,NA,NA,NA,NA,-6.16563,10.68831,-1.24024,50,5.59252,3.45383,-133.91659,-4.27323,-10.9706,34.3632,-13.15623,MOR_HED,WLM_SHK,BigRockStadium,CPL,CPL,20250626-BigRockStadium-1,62f57010-52f6-11f0-91de-9dd0983a3e69,91.04905,NA,NA,9.59802,NA,NA,NA,NA,NA,NA,67bf9003-9d93-49fb-89c2-36bfdacb035e,2025-06-27,01:31:01,2025-06-27T01:31:01Z,2025-06-27T01:31:01Z,NA,v3,NA,NA,NA,"Manley, Nathan",1000093427,Right,WLM_SHK,ec009d01-f53b-4e32-8d97-3ea1e73d7ef3,54.37993,-135.03581,17.1816,5.72472,-3.84472,-6.57812,-1.35855,3.81115,-5.4853,NA,NA,NA,NA,NA,NA,NA,NA,NA,NA,NA,NA,NA,NA,NA,NA,NA,NA,NA,NA,NA,NA,NA,NA,NA,NA,NA,NA,NA,NA,NA,NA,NA,NA,NA,NA,NA,NA,NA,NA,NA,NA,NA,NA,NA,NA,NA,NA,NA,NA,High,High,High,NA,NA,NA,NA,NA,NA,NA,NA,NA,NA,NA,NA,NA,NA,NA,NA,NA,NA,NA,NA,NA,NA,NA,NA,NA,NA,NA,NA,NA,NA,NA,NA,NA,NA,NA,NA,NA,NA,NA,NA,NA,NA,NA,NA,NA,NA,NA,NA,NA,NA,NA,NA,NA,NA,NA,NA,NA,NA
NA,NA,NA,NA,NA,NA,NA,NA,NA,NA,NA,NA,NA,NA,NA,NA,313,2025-06-26,21:31:30,3,3,"Paxton, Thomas",1000373558,Right,WLM_SHK,"Gustafson, Jaden",813182,Left,MOR_HED,Undefined,10,Bottom,2,1,1,Fastball,Four-Seam,FoulBallNotFieldable,Undefined,Undefined,Undefined,0,0,NA,93.0322,-1.436562,-2.315598,2527.534024,205.044089,12:45:00,5.79177,1.21557,5.99817,-11.95749,20.92737,9.183,3.46279,-0.16604,83.07853,-3.806031,-0.666067,0.412733,76.44029,9.275271,-172.477137,1219.19557,NA,NA,NA,121.59692,49.60451,-171.845735,1.296163,-5.49288,11.57851,-1.03817,50,5.67213,5.03633,-134.73515,-3.65414,-9.86592,35.52441,-11.37751,MOR_HED,WLM_SHK,BigRockStadium,CPL,CPL,20250626-BigRockStadium-1,73e475b0-52f6-11f0-91de-9dd0983a3e69,91.32395,8.27437,NA,9.95367,NA,NA,NA,0.55062,3.46171,0.15773,67bf9003-9d93-49fb-89c2-36bfdacb035e,2025-06-27,01:31:30,2025-06-27T01:31:30Z,2025-06-27T01:31:30Z,GroundBall,v3,NA,NA,NA,"Manley, Nathan",1000093427,Right,WLM_SHK,ab55675c-3181-439c-bd46-4c8eba8b4c45,54.49657,-135.91555,17.76221,5.78727,-3.2761,-5.68876,-1.21096,5.36415,-4.93296,234.168371,0.35682,-107.59781,11.25307,NA,NA,NA,NA,NA,NA,3.57605,16.854,-15.19275,NA,NA,NA,NA,NA,NA,0.15273,-14.43367,0.78153,NA,NA,NA,NA,NA,NA,NA,NA,NA,NA,NA,NA,NA,NA,NA,NA,NA,NA,NA,NA,NA,NA,NA,NA,NA,NA,NA,NA,High,High,High,High,Medium,NA,NA,NA,NA,NA,NA,NA,NA,NA,NA,NA,NA,NA,NA,NA,NA,NA,NA,NA,NA,NA,NA,NA,NA,NA,NA,NA,NA,NA,NA,NA,NA,NA,NA,NA,NA,NA,NA,NA,NA,NA,NA,NA,NA,NA,NA,NA,NA,NA,NA,NA,NA,NA,NA,NA,NA
NA,NA,NA,NA,NA,NA,NA,NA,NA,NA,NA,NA,NA,NA,NA,NA,314,2025-06-26,21:32:04,3,4,"Paxton, Thomas",1000373558,Right,WLM_SHK,"Gustafson, Jaden",813182,Left,MOR_HED,Undefined,10,Bottom,2,1,2,Fastball,Four-Seam,FoulBallNotFieldable,Undefined,Undefined,Undefined,0,0,NA,94.6442,-1.18915,-1.285526,2519.864228,213.95026,01:15:00,5.84065,1.24149,6.02611,-14.55839,17.15052,10.7243,3.52569,0.9444,84.56163,-4.018336,0.643948,0.405286,75.83807,19.182633,-169.545842,1722.714872,-108.12993,18.99999,-20.19467,177.20278,50.53104,-170.498836,2.024823,-5.95166,9.57119,-1.14667,50,5.73987,2.59473,-137.17745,-3.25335,-11.07298,37.02487,-14.36701,MOR_HED,WLM_SHK,BigRockStadium,CPL,CPL,20250626-BigRockStadium-1,889cdf60-52f6-11f0-91de-9dd0983a3e69,93.00196,19.9995,NA,10.08257,NA,NA,NA,0.61841,3.60553,-0.96648,67bf9003-9d93-49fb-89c2-36bfdacb035e,2025-06-27,01:32:04,2025-06-27T01:32:04Z,2025-06-27T01:32:04Z,LineDrive,v3,NA,NA,NA,"Manley, Nathan",1000093427,Right,WLM_SHK,50b4e2f0-fed6-4871-a778-f79e26283fb2,54.46932,-138.37848,18.51243,5.83784,-2.7873,-7.1835,-1.23666,2.95393,-5.53649,357.868156,0.6185,-103.31623,10.01901,-1.59967,0.95035,-0.79136,0.46453,-0.14222,0.01699,3.60554,36.54686,-21.95623,2.02454,-0.34275,0.02058,0.01865,-0.00457,7e-5,-0.96643,-19.06586,1.79207,0.33895,0.25028,-0.38793,0.25221,-0.07714,0.00898,NA,NA,NA,NA,NA,NA,NA,NA,NA,NA,NA,NA,NA,NA,NA,NA,NA,NA,NA,NA,NA,NA,High,High,High,High,Low,NA,NA,NA,NA,NA,NA,NA,NA,NA,NA,NA,NA,NA,NA,NA,NA,NA,NA,NA,NA,NA,NA,NA,NA,NA,NA,NA,NA,NA,NA,NA,NA,NA,NA,NA,NA,NA,NA,NA,NA,NA,NA,NA,NA,NA,NA,NA,NA,NA,NA,NA,NA,NA,NA,NA,NA
NA,NA,NA,NA,NA,NA,NA,NA,NA,NA,NA,NA,NA,NA,NA,NA,315,2025-06-26,21:32:37,3,5,"Paxton, Thomas",1000373558,Right,WLM_SHK,"Gustafson, Jaden",813182,Left,MOR_HED,Undefined,10,Bottom,2,1,2,Fastball,Four-Seam,StrikeCalled,Strikeout,Undefined,Undefined,0,0,NA,93.58086,-1.568794,-2.318921,2504.808279,203.042522,12:45:00,5.73818,1.02009,6.14767,-10.41382,21.41541,8.64843,3.41922,-0.40311,84.8167,-3.631639,-0.76114,0.406055,NA,NA,NA,NA,NA,NA,NA,NA,NA,NA,NA,-5.15933,11.85091,-0.8479,50,5.61322,5.1248,-135.78307,-3.94524,-9.56071,31.79051,-10.21322,MOR_HED,WLM_SHK,BigRockStadium,CPL,CPL,20250626-BigRockStadium-1,9c1fd650-52f6-11f0-91de-9dd0983a3e69,92.82603,NA,NA,8.76416,NA,NA,NA,NA,NA,NA,67bf9003-9d93-49fb-89c2-36bfdacb035e,2025-06-27,01:32:37,2025-06-27T01:32:37Z,2025-06-27T01:32:37Z,NA,v3,NA,NA,NA,"Manley, Nathan",1000093427,Right,WLM_SHK,12562ee4-fdc7-41d6-a08d-d77836152e92,54.34994,-136.79771,15.89526,5.73393,-3.61927,-5.10661,-1.01634,5.42995,-4.78035,NA,NA,NA,NA,NA,NA,NA,NA,NA,NA,NA,NA,NA,NA,NA,NA,NA,NA,NA,NA,NA,NA,NA,NA,NA,NA,NA,NA,NA,NA,NA,NA,NA,NA,NA,NA,NA,NA,NA,NA,NA,NA,NA,NA,NA,NA,NA,NA,NA,NA,High,High,High,NA,NA,NA,NA,NA,NA,NA,NA,NA,NA,NA,NA,NA,NA,NA,NA,NA,NA,NA,NA,NA,NA,NA,NA,NA,NA,NA,NA,NA,NA,NA,NA,NA,NA,NA,NA,NA,NA,NA,NA,NA,NA,NA,NA,NA,NA,NA,NA,NA,NA,NA,NA,NA,NA,NA,NA,NA,NA
