player_name,display_name,active,notes,id,pitcher,date,rel_speed,horz_break,induced_vert_break,original_pitch_type,new_pitch_type,new_pitcher,modified_at,pitch_key,created_at,PitchNo,Date,Time,PAofInning,PitchofPA,Pitcher,PitcherId,PitcherThrows,PitcherTeam,Batter,BatterId,BatterSide,BatterTeam,PitcherSet,Inning,Top/Bottom,Outs,Balls,Strikes,TaggedPitchType,AutoPitchType,PitchCall,KorBB,TaggedHitType,PlayResult,OutsOnPlay,RunsScored,Notes,RelSpeed,VertRelAngle,HorzRelAngle,SpinRate,SpinAxis,Tilt,RelHeight,RelSide,Extension,VertBreak,InducedVertBreak,HorzBreak,PlateLocHeight,PlateLocSide,ZoneSpeed,VertApprAngle,HorzApprAngle,ZoneTime,ExitSpeed,Angle,Direction,HitSpinRate,PositionAt110X,PositionAt110Y,PositionAt110Z,Distance,LastTrackedDistance,Bearing,HangTime,pfxx,pfxz,x0,y0,z0,vx0,vy0,vz0,ax0,ay0,az0,HomeTeam,AwayTeam,Stadium,Level,League,GameID,PitchUID,EffectiveVelo,MaxHeight,MeasuredDuration,SpeedDrop,PitchLastMeasuredX,PitchLastMeasuredY,PitchLastMeasuredZ,ContactPositionX,ContactPositionY,ContactPositionZ,GameUID,UTCDate,UTCTime,LocalDateTime,UTCDateTime,AutoHitType,System,HomeTeamForeignID,AwayTeamForeignID,GameForeignID,Catcher,CatcherId,CatcherThrows,CatcherTeam,PlayID,PitchTrajectoryXc0,PitchTrajectoryXc1,PitchTrajectoryXc2,PitchTrajectoryYc0,PitchTrajectoryYc1,PitchTrajectoryYc2,PitchTrajectoryZc0,PitchTrajectoryZc1,PitchTrajectoryZc2,HitSpinAxis,HitTrajectoryXc0,HitTrajectoryXc1,HitTrajectoryXc2,HitTrajectoryXc3,HitTrajectoryXc4,HitTrajectoryXc5,HitTrajectoryXc6,HitTrajectoryXc7,HitTrajectoryXc8,HitTrajectoryYc0,HitTrajectoryYc1,HitTrajectoryYc2,HitTrajectoryYc3,HitTrajectoryYc4,HitTrajectoryYc5,HitTrajectoryYc6,HitTrajectoryYc7,HitTrajectoryYc8,HitTrajectoryZc0,HitTrajectoryZc1,HitTrajectoryZc2,HitTrajectoryZc3,HitTrajectoryZc4,HitTrajectoryZc5,HitTrajectoryZc6,HitTrajectoryZc7,HitTrajectoryZc8,ThrowSpeed,PopTime,ExchangeTime,TimeToBase,CatchPositionX,CatchPositionY,CatchPositionZ,ThrowPositionX,ThrowPositionY,ThrowPositionZ,BasePositionX,BasePositionY,BasePositionZ,ThrowTrajectoryXc0,ThrowTrajectoryXc1,ThrowTrajectoryXc2,ThrowTrajectoryYc0,ThrowTrajectoryYc1,ThrowTrajectoryYc2,ThrowTrajectoryZc0,ThrowTrajectoryZc1,ThrowTrajectoryZc2,PitchReleaseConfidence,PitchLocationConfidence,PitchMovementConfidence,HitLaunchConfidence,HitLandingConfidence,CatcherThrowCatchConfidence,CatcherThrowReleaseConfidence,CatcherThrowLocationConfidence,SpinAxis3dTransverseAngle,SpinAxis3dLongitudinalAngle,SpinAxis3dActiveSpinRate,SpinAxis3dSpinEfficiency,SpinAxis3dTilt,SpinAxis3dVectorX,SpinAxis3dVectorY,SpinAxis3dVectorZ,SpinAxis3dSeamOrientationRotationX,SpinAxis3dSeamOrientationRotationY,SpinAxis3dSeamOrientationRotationZ,SpinAxis3dSeamOrientationBallYAmb1,SpinAxis3dSeamOrientationBallAngleHorizontalAmb1,SpinAxis3dSeamOrientationBallZAmb1,SpinAxis3dSeamOrientationBallAngleVerticalAmb2,SpinAxis3dSeamOrientationBallZAmb2,SpinAxis3dSeamOrientationBallXAmb4,SpinAxis3dSeamOrientationBallYAmb4,SpinAxis3dSeamOrientationBallAngleHorizontalAmb2,SpinAxis3dSeamOrientationBallAngleVerticalAmb1,SpinAxis3dSeamOrientationBallXAmb1,SpinAxis3dSeamOrientationBallYAmb2,SpinAxis3dSeamOrientationBallAngleHorizontalAmb4,SpinAxis3dSeamOrientationBallAngleVerticalAmb4,SpinAxis3dSeamOrientationBallXAmb2,SpinAxis3dSeamOrientationBallAngleVerticalAmb3,SpinAxis3dSeamOrientationBallAngleHorizontalAmb3,SpinAxis3dSeamOrientationBallXAmb3,SpinAxis3dSeamOrientationBallYAmb3,SpinAxis3dSeamOrientationBallZAmb3,SpinAxis3dSeamOrientationBallZAmb4,PitchSession,Flag,CalibrationId,EffVelocity,PracticeType,Device,HitType,SessionId,BatSpeed,VerticalAttackAngle,HorizontalAttackAngle,session_id,play_id,camera_slot,camera_name,camera_target,video_type,azure_blob,azure_md5,cloudinary_url,cloudinary_public_id,uploaded_at
NA,NA,NA,NA,NA,NA,NA,NA,NA,NA,NA,NA,NA,NA,NA,NA,1,2025-06-22,17:07:37,1,1,"Branson, Ashton",830338,Right,HOL_SPR1,"Miller, Brady",1000357366,Right,WLM_SHK,Undefined,1,Top,0,0,0,Fastball,Four-Seam,BallCalled,Undefined,Undefined,Undefined,0,0,NA,88.0709,-4.134081,-3.823825,2089.364106,203.864713,12:45:00,6.18941,1.44316,5.71654,-15.41812,20.904419999999998,8.74721,1.038,-1.39543,81.0652,-7.047447,-2.264219,0.43377,NA,NA,NA,NA,NA,NA,NA,NA,NA,NA,NA,-5.43831,12.05426,-1.12835,50,5.83277,8.14651,-127.40665,-9.67135,-9.00291,24.4229,-12.21868,HOL_SPR1,WLM_SHK,TingStadium,CPL,CPL,20250622-TingStadium-1,ed06cb20-4fac-11f0-94df-5159efd1a280,86.89502,NA,NA,7.00571,NA,NA,NA,NA,NA,NA,7a202cac-ef26-47e8-8964-ed2f034dc92d,2025-06-22,21:07:37,2025-06-22T21:07:37Z,2025-06-22T21:07:37Z,NA,v3,NA,NA,NA,"Bonn, Preston",827396,Right,HOL_SPR1,0c7f34fc-c4a5-42ab-b1c8-882c7845cb6a,54.78501,-128.32062,12.21145,6.18614,-9.21409,-6.10934,-1.43952,8.48343,-4.50146,NA,NA,NA,NA,NA,NA,NA,NA,NA,NA,NA,NA,NA,NA,NA,NA,NA,NA,NA,NA,NA,NA,NA,NA,NA,NA,NA,NA,NA,NA,NA,NA,NA,NA,NA,NA,NA,NA,NA,NA,NA,NA,NA,NA,NA,NA,NA,NA,NA,NA,High,High,High,NA,NA,NA,NA,NA,NA,NA,NA,NA,NA,NA,NA,NA,NA,NA,NA,NA,NA,NA,NA,NA,NA,NA,NA,NA,NA,NA,NA,NA,NA,NA,NA,NA,NA,NA,NA,NA,NA,NA,NA,NA,NA,NA,NA,NA,NA,NA,NA,NA,NA,NA,NA,NA,NA,NA,NA,NA,NA
NA,NA,NA,NA,NA,NA,NA,NA,NA,NA,NA,NA,NA,NA,NA,NA,2,2025-06-22,17:07:54,1,2,"Branson, Ashton",830338,Right,HOL_SPR1,"Miller, Brady",1000357366,Right,WLM_SHK,Undefined,1,Top,0,1,0,Fastball,Four-Seam,StrikeCalled,Undefined,Undefined,Undefined,0,0,NA,87.47351,-3.582955,-2.32321,1967.343468,203.838801,12:45:00,6.12203,1.53181,5.88665,-16.63926,19.71828,8.23059,1.40115,0.05913,80.74393,-6.721095,-0.847317,0.433979,NA,NA,NA,NA,NA,NA,NA,NA,NA,NA,NA,-4.85473,11.39241,-1.34927,50,5.82284,4.82086,-126.88516,-8.43567,-7.98154,23.90521,-13.4441,HOL_SPR1,WLM_SHK,TingStadium,CPL,CPL,20250622-TingStadium-1,f73b6740-4fac-11f0-94df-5159efd1a280,86.85318,NA,NA,6.72959,NA,NA,NA,NA,NA,NA,7a202cac-ef26-47e8-8964-ed2f034dc92d,2025-06-22,21:07:54,2025-06-22T21:07:54Z,2025-06-22T21:07:54Z,NA,v3,NA,NA,NA,"Bonn, Preston",827396,Right,HOL_SPR1,6ab609ab-c963-41b3-aefa-f5fada842a49,54.61676,-127.752,11.95261,6.1199,-7.94816,-6.72205,-1.52932,5.11029,-3.99077,NA,NA,NA,NA,NA,NA,NA,NA,NA,NA,NA,NA,NA,NA,NA,NA,NA,NA,NA,NA,NA,NA,NA,NA,NA,NA,NA,NA,NA,NA,NA,NA,NA,NA,NA,NA,NA,NA,NA,NA,NA,NA,NA,NA,NA,NA,NA,NA,NA,NA,High,High,High,NA,NA,NA,NA,NA,NA,NA,NA,NA,NA,NA,NA,NA,NA,NA,NA,NA,NA,NA,NA,NA,NA,NA,NA,NA,NA,NA,NA,NA,NA,NA,NA,NA,NA,NA,NA,NA,NA,NA,NA,NA,NA,NA,NA,NA,NA,NA,NA,NA,NA,NA,NA,NA,NA,NA,NA,NA,NA
NA,NA,NA,NA,NA,NA,NA,NA,NA,NA,NA,NA,NA,NA,NA,NA,3,2025-06-22,17:08:12,1,3,"Branson, Ashton",830338,Right,HOL_SPR1,"Miller, Brady",1000357366,Right,WLM_SHK,Undefined,1,Top,0,1,1,Fastball,Four-Seam,BallCalled,Undefined,Undefined,Undefined,0,0,NA,88.28304,-3.872071,-1.363882,2058.602329,203.189386,12:45:00,6.19404,1.36549,5.7331,-16.1419,19.71092,7.98776,1.2363,0.76072,81.60151,-6.904831,0.065538,0.430956,NA,NA,NA,NA,NA,NA,NA,NA,NA,NA,NA,-4.47756,11.40548,-1.25704,50,5.86098,2.72673,-128.08203,-9.1618,-7.50761,24.13547,-13.05019,HOL_SPR1,WLM_SHK,TingStadium,CPL,CPL,20250622-TingStadium-1,0256e0f0-4fad-11f0-94df-5159efd1a280,87.46235,NA,NA,6.68152,NA,NA,NA,NA,NA,NA,7a202cac-ef26-47e8-8964-ed2f034dc92d,2025-06-22,21:08:12,2025-06-22T21:08:12Z,2025-06-22T21:08:12Z,NA,v3,NA,NA,NA,"Bonn, Preston",827396,Right,HOL_SPR1,afb4fd2c-ba59-4ccb-8734-c3c430e76dcf,54.77099,-128.97793,12.06773,6.19208,-8.67738,-6.5251,-1.36343,3.00541,-3.75381,NA,NA,NA,NA,NA,NA,NA,NA,NA,NA,NA,NA,NA,NA,NA,NA,NA,NA,NA,NA,NA,NA,NA,NA,NA,NA,NA,NA,NA,NA,NA,NA,NA,NA,NA,NA,NA,NA,NA,NA,NA,NA,NA,NA,NA,NA,NA,NA,NA,NA,High,High,High,NA,NA,NA,NA,NA,NA,NA,NA,NA,NA,NA,NA,NA,NA,NA,NA,NA,NA,NA,NA,NA,NA,NA,NA,NA,NA,NA,NA,NA,NA,NA,NA,NA,NA,NA,NA,NA,NA,NA,NA,NA,NA,NA,NA,NA,NA,NA,NA,NA,NA,NA,NA,NA,NA,NA,NA,NA,NA
NA,NA,NA,NA,NA,NA,NA,NA,NA,NA,NA,NA,NA,NA,NA,NA,4,2025-06-22,17:08:32,1,4,"Branson, Ashton",830338,Right,HOL_SPR1,"Miller, Brady",1000357366,Right,WLM_SHK,Undefined,1,Top,0,2,1,Fastball,Four-Seam,BallCalled,Undefined,Undefined,Undefined,0,0,NA,88.82031,-2.464073,-4.783444,2103.9948,209.505598,01:00:00,6.07934,1.40926,5.89447,-17.2678,18.03958,9.62004,2.3431,-2.24075,81.94129,-5.716429,-3.0662,0.427666,NA,NA,NA,NA,NA,NA,NA,NA,NA,NA,NA,-6.10532,10.17233,-1.02863,50,5.87003,10.36326,-128.62671,-6.06702,-10.34176,23.91221,-14.94326,HOL_SPR1,WLM_SHK,TingStadium,CPL,CPL,20250622-TingStadium-1,0de36bf0-4fad-11f0-94df-5159efd1a280,88.13532,NA,NA,6.87902,NA,NA,NA,NA,NA,NA,7a202cac-ef26-47e8-8964-ed2f034dc92d,2025-06-22,21:08:32,2025-06-22T21:08:32Z,2025-06-22T21:08:32Z,NA,v3,NA,NA,NA,"Bonn, Preston",827396,Right,HOL_SPR1,e863a71e-6c11-4028-ac03-1dd8ef70f741,54.60748,-129.48042,11.95611,6.07711,-5.53351,-7.47163,-1.40521,10.73248,-5.17088,NA,NA,NA,NA,NA,NA,NA,NA,NA,NA,NA,NA,NA,NA,NA,NA,NA,NA,NA,NA,NA,NA,NA,NA,NA,NA,NA,NA,NA,NA,NA,NA,NA,NA,NA,NA,NA,NA,NA,NA,NA,NA,NA,NA,NA,NA,NA,NA,NA,NA,High,High,High,NA,NA,NA,NA,NA,NA,NA,NA,NA,NA,NA,NA,NA,NA,NA,NA,NA,NA,NA,NA,NA,NA,NA,NA,NA,NA,NA,NA,NA,NA,NA,NA,NA,NA,NA,NA,NA,NA,NA,NA,NA,NA,NA,NA,NA,NA,NA,NA,NA,NA,NA,NA,NA,NA,NA,NA,NA,NA
NA,NA,NA,NA,NA,NA,NA,NA,NA,NA,NA,NA,NA,NA,NA,NA,5,2025-06-22,17:08:51,1,5,"Branson, Ashton",830338,Right,HOL_SPR1,"Miller, Brady",1000357366,Right,WLM_SHK,Undefined,1,Top,0,3,1,Fastball,Four-Seam,FoulBallNotFieldable,Undefined,Undefined,Undefined,0,0,NA,88.35236,-3.35013,-2.55262,2089.91534,201.286478,12:45:00,6.18242,1.31033,5.854,-15.60891,20.0371,7.39414,1.76213,-0.44692,81.57165,-6.30129,-1.228167,0.429711,NA,NA,NA,NA,NA,NA,NA,NA,NA,NA,NA,-4.45162,11.45158,-1.10729,50,5.90058,5.41298,-128.16612,-7.96161,-7.47638,24.08474,-12.94132,HOL_SPR1,WLM_SHK,TingStadium,CPL,CPL,20250622-TingStadium-1,192929f0-4fad-11f0-94df-5159efd1a280,87.71574,NA,NA,6.78071,NA,NA,NA,NA,NA,NA,7a202cac-ef26-47e8-8964-ed2f034dc92d,2025-06-22,21:08:51,2025-06-22T21:08:51Z,2025-06-22T21:08:51Z,NA,v3,NA,NA,NA,"Bonn, Preston",827396,Right,HOL_SPR1,930ba7da-6146-472e-b1b8-70bc6c11b693,54.64896,-129.03679,12.04237,6.17994,-7.49378,-6.47066,-1.30786,5.68325,-3.73819,NA,NA,NA,NA,NA,NA,NA,NA,NA,NA,NA,NA,NA,NA,NA,NA,NA,NA,NA,NA,NA,NA,NA,NA,NA,NA,NA,NA,NA,NA,NA,NA,NA,NA,NA,NA,NA,NA,NA,NA,NA,NA,NA,NA,NA,NA,NA,NA,NA,NA,High,High,High,NA,NA,NA,NA,NA,NA,NA,NA,NA,NA,NA,NA,NA,NA,NA,NA,NA,NA,NA,NA,NA,NA,NA,NA,NA,NA,NA,NA,NA,NA,NA,NA,NA,NA,NA,NA,NA,NA,NA,NA,NA,NA,NA,NA,NA,NA,NA,NA,NA,NA,NA,NA,NA,NA,NA,NA,NA,NA
NA,NA,NA,NA,NA,NA,NA,NA,NA,NA,NA,NA,NA,NA,NA,NA,6,2025-06-22,17:09:12,1,6,"Branson, Ashton",830338,Right,HOL_SPR1,"Miller, Brady",1000357366,Right,WLM_SHK,Undefined,1,Top,0,3,2,Fastball,Changeup,BallCalled,Walk,Undefined,Undefined,0,0,NA,87.65228,-3.965205,-3.163507,1886.551407,211.804152,01:00:00,6.04558,1.51992,5.75285,-17.53985,19.0284,11.09473,0.88096,-0.5036,80.70733,-7.258975,-1.180669,0.435235,NA,NA,NA,NA,NA,NA,NA,NA,NA,NA,NA,-6.53906,11.11579,-1.26417,50,5.70485,6.5644,-126.94535,-9.34295,-10.7337,24.54838,-13.92781,HOL_SPR1,WLM_SHK,TingStadium,CPL,CPL,20250622-TingStadium-1,25fb5450-4fad-11f0-94df-5159efd1a280,86.60258,NA,NA,6.94495,NA,NA,NA,NA,NA,NA,7a202cac-ef26-47e8-8964-ed2f034dc92d,2025-06-22,21:09:12,2025-06-22T21:09:12Z,2025-06-22T21:09:12Z,NA,v3,NA,NA,NA,"Bonn, Preston",827396,Right,HOL_SPR1,d2780687-89c1-4c0c-a102-7b8617d224c1,54.7503,-127.86065,12.27419,6.04352,-8.82364,-6.9639,-1.51639,6.96461,-5.36685,NA,NA,NA,NA,NA,NA,NA,NA,NA,NA,NA,NA,NA,NA,NA,NA,NA,NA,NA,NA,NA,NA,NA,NA,NA,NA,NA,NA,NA,NA,NA,NA,NA,NA,NA,NA,NA,NA,NA,NA,NA,NA,NA,NA,NA,NA,NA,NA,NA,NA,High,High,High,NA,NA,NA,NA,NA,NA,NA,NA,NA,NA,NA,NA,NA,NA,NA,NA,NA,NA,NA,NA,NA,NA,NA,NA,NA,NA,NA,NA,NA,NA,NA,NA,NA,NA,NA,NA,NA,NA,NA,NA,NA,NA,NA,NA,NA,NA,NA,NA,NA,NA,NA,NA,NA,NA,NA,NA,NA,NA
NA,NA,NA,NA,NA,NA,NA,NA,NA,NA,NA,NA,NA,NA,NA,NA,7,2025-06-22,17:09:46,2,1,"Branson, Ashton",830338,Right,HOL_SPR1,"Tobias, Jacob",10041882,Left,WLM_SHK,Undefined,1,Top,0,0,0,Fastball,Four-Seam,StrikeCalled,Undefined,Undefined,Undefined,0,0,NA,88.42979,-2.939269,-3.845083,1983.737076,215.963353,01:15:00,5.98858,1.55697,5.79752,-17.31666,18.628,12.68528,1.80292,-0.96789,81.05806,-6.211743,-1.579025,0.431508,NA,NA,NA,NA,NA,NA,NA,NA,NA,NA,NA,-7.58437,10.68119,-1.24831,50,5.73593,8.08923,-128.09206,-7.11165,-12.63464,25.79643,-14.38048,HOL_SPR1,WLM_SHK,TingStadium,CPL,CPL,20250622-TingStadium-1,3a376210-4fad-11f0-94df-5159efd1a280,87.35054,NA,NA,7.37173,NA,NA,NA,NA,NA,NA,7a202cac-ef26-47e8-8964-ed2f034dc92d,2025-06-22,21:09:46,2025-06-22T21:09:46Z,2025-06-22T21:09:46Z,NA,v3,NA,NA,NA,"Bonn, Preston",827396,Right,HOL_SPR1,4bcc29fa-847f-4725-9603-a0938cae4504,54.70557,-129.03623,12.89822,5.98659,-6.58531,-7.19024,-1.55285,8.55167,-6.31732,NA,NA,NA,NA,NA,NA,NA,NA,NA,NA,NA,NA,NA,NA,NA,NA,NA,NA,NA,NA,NA,NA,NA,NA,NA,NA,NA,NA,NA,NA,NA,NA,NA,NA,NA,NA,NA,NA,NA,NA,NA,NA,NA,NA,NA,NA,NA,NA,NA,NA,High,High,High,NA,NA,NA,NA,NA,NA,NA,NA,NA,NA,NA,NA,NA,NA,NA,NA,NA,NA,NA,NA,NA,NA,NA,NA,NA,NA,NA,NA,NA,NA,NA,NA,NA,NA,NA,NA,NA,NA,NA,NA,NA,NA,NA,NA,NA,NA,NA,NA,NA,NA,NA,NA,NA,NA,NA,NA,NA,NA
NA,NA,NA,NA,NA,NA,NA,NA,NA,NA,NA,NA,NA,NA,NA,NA,8,2025-06-22,17:10:06,2,2,"Branson, Ashton",830338,Right,HOL_SPR1,"Tobias, Jacob",10041882,Left,WLM_SHK,Undefined,1,Top,0,0,1,ChangeUp,Changeup,StrikeSwinging,Undefined,Undefined,Undefined,0,0,NA,77.3863,-0.286253,-3.495294,2158.038855,259.491489,02:45:00,5.93852,1.60923,5.68959,-41.84959,5.16725,19.91922,2.18375,0.0073,71.17485,-7.972138,0.06418,0.493512,NA,NA,NA,NA,NA,NA,NA,NA,NA,NA,NA,-11.18194,3.09532,-1.328,50,5.88789,6.13037,-112.28721,-1.86833,-14.29317,20.10738,-28.21748,HOL_SPR1,WLM_SHK,TingStadium,CPL,CPL,20250622-TingStadium-1,465b2400-4fad-11f0-94df-5159efd1a280,76.37586,NA,NA,6.21145,NA,NA,NA,NA,NA,NA,7a202cac-ef26-47e8-8964-ed2f034dc92d,2025-06-22,21:10:06,2025-06-22T21:10:06Z,2025-06-22T21:10:06Z,NA,v3,NA,NA,NA,"Bonn, Preston",827396,Right,HOL_SPR1,b402d99d-bf99-454e-a9a8-73f6eace9eda,54.8146,-113.14608,10.05369,5.94195,-0.66304,-14.10874,-1.60289,6.7409,-7.14658,NA,NA,NA,NA,NA,NA,NA,NA,NA,NA,NA,NA,NA,NA,NA,NA,NA,NA,NA,NA,NA,NA,NA,NA,NA,NA,NA,NA,NA,NA,NA,NA,NA,NA,NA,NA,NA,NA,NA,NA,NA,NA,NA,NA,NA,NA,NA,NA,NA,NA,High,High,High,NA,NA,NA,NA,NA,NA,NA,NA,NA,NA,NA,NA,NA,NA,NA,NA,NA,NA,NA,NA,NA,NA,NA,NA,NA,NA,NA,NA,NA,NA,NA,NA,NA,NA,NA,NA,NA,NA,NA,NA,NA,NA,NA,NA,NA,NA,NA,NA,NA,NA,NA,NA,NA,NA,NA,NA,NA,NA
NA,NA,NA,NA,NA,NA,NA,NA,NA,NA,NA,NA,NA,NA,NA,NA,9,2025-06-22,17:10:41,2,3,"Branson, Ashton",830338,Right,HOL_SPR1,"Tobias, Jacob",10041882,Left,WLM_SHK,Undefined,1,Top,0,0,2,Fastball,Four-Seam,StrikeSwinging,Strikeout,Undefined,Undefined,0,0,NA,88.8527,-1.607273,-2.340306,2032.913615,209.951346,01:00:00,6.03572,1.56739,5.88111,-14.90032,20.60852,11.20512,3.29969,0.32646,80.96697,-4.47184,-0.331763,0.428884,NA,NA,NA,NA,NA,NA,NA,NA,NA,NA,NA,-6.39,11.34296,-1.38472,50,5.89717,4.79413,-128.91998,-4.02114,-10.73206,27.31875,-13.12348,HOL_SPR1,WLM_SHK,TingStadium,CPL,CPL,20250622-TingStadium-1,5ad32950-4fad-11f0-94df-5159efd1a280,87.88495,NA,NA,7.88573,NA,NA,NA,NA,NA,NA,7a202cac-ef26-47e8-8964-ed2f034dc92d,2025-06-22,21:10:41,2025-06-22T21:10:41Z,2025-06-22T21:10:41Z,NA,v3,NA,NA,NA,"Bonn, Preston",827396,Right,HOL_SPR1,3f425d1c-c432-43b8-89a2-b87e53c9ad05,54.6194,-129.89516,13.65937,6.03235,-3.55267,-6.56174,-1.56269,5.17723,-5.36603,NA,NA,NA,NA,NA,NA,NA,NA,NA,NA,NA,NA,NA,NA,NA,NA,NA,NA,NA,NA,NA,NA,NA,NA,NA,NA,NA,NA,NA,NA,NA,NA,NA,NA,NA,NA,NA,NA,NA,NA,NA,NA,NA,NA,NA,NA,NA,NA,NA,NA,High,High,High,NA,NA,NA,NA,NA,NA,NA,NA,NA,NA,NA,NA,NA,NA,NA,NA,NA,NA,NA,NA,NA,NA,NA,NA,NA,NA,NA,NA,NA,NA,NA,NA,NA,NA,NA,NA,NA,NA,NA,NA,NA,NA,NA,NA,NA,NA,NA,NA,NA,NA,NA,NA,NA,NA,NA,NA,NA,NA
NA,NA,NA,NA,NA,NA,NA,NA,NA,NA,NA,NA,NA,NA,NA,NA,10,2025-06-22,17:11:19,3,1,"Branson, Ashton",830338,Right,HOL_SPR1,"Paulick, Jake",1000093630,Right,WLM_SHK,Undefined,1,Top,1,0,0,Slider,Slider,BallCalled,Undefined,Undefined,Undefined,0,0,NA,80.32991,-2.063058,-2.4619780000000002,1960.064792,200.107091,12:45:00,6.01468,1.59261,6.01925,-35.34888,7.6541,2.3237,1.15533,-0.4957,74.23401,-8.579727,-2.043747,0.471977,NA,NA,NA,NA,NA,NA,NA,NA,NA,NA,NA,-1.87347,4.86563,-1.40087,50,5.83329,4.93128,-116.63125,-5.27551,-2.58821,21.32641,-25.45209,HOL_SPR1,WLM_SHK,TingStadium,CPL,CPL,20250622-TingStadium-1,714b6b70-4fad-11f0-94df-5159efd1a280,79.86076,NA,NA,6.0959,NA,NA,NA,NA,NA,NA,7a202cac-ef26-47e8-8964-ed2f034dc92d,2025-06-22,21:11:19,2025-06-22T21:11:19Z,2025-06-22T21:11:19Z,NA,v3,NA,NA,NA,"Bonn, Preston",827396,Right,HOL_SPR1,8da270fe-2b5d-4d04-9429-472a57c85807,54.48373,-117.44826,10.66321,6.01671,-4.30046,-12.72605,-1.59168,5.03043,-1.2941,NA,NA,NA,NA,NA,NA,NA,NA,NA,NA,NA,NA,NA,NA,NA,NA,NA,NA,NA,NA,NA,NA,NA,NA,NA,NA,NA,NA,NA,NA,NA,NA,NA,NA,NA,NA,NA,NA,NA,NA,NA,NA,NA,NA,NA,NA,NA,NA,NA,NA,High,High,High,NA,NA,NA,NA,NA,NA,NA,NA,NA,NA,NA,NA,NA,NA,NA,NA,NA,NA,NA,NA,NA,NA,NA,NA,NA,NA,NA,NA,NA,NA,NA,NA,NA,NA,NA,NA,NA,NA,NA,NA,NA,NA,NA,NA,NA,NA,NA,NA,NA,NA,NA,NA,NA,NA,NA,NA,NA,NA
NA,NA,NA,NA,NA,NA,NA,NA,NA,NA,NA,NA,NA,NA,NA,NA,11,2025-06-22,17:11:36,3,2,"Branson, Ashton",830338,Right,HOL_SPR1,"Paulick, Jake",1000093630,Right,WLM_SHK,Undefined,1,Top,1,1,0,Fastball,Four-Seam,BallCalled,Undefined,Undefined,Undefined,0,0,NA,88.89446,-3.173945,-3.809027,2047.218759,207.090944,01:00:00,6.12832,1.30521,5.93985,-17.14906,18.36796,8.79949,1.74526,-1.50031,81.26193,-6.425016,-2.233248,0.428933,NA,NA,NA,NA,NA,NA,NA,NA,NA,NA,NA,-5.56213,10.64981,-1.00588,50,5.86467,8.19725,-128.68099,-7.64373,-9.32433,26.755,-14.32078,HOL_SPR1,WLM_SHK,TingStadium,CPL,CPL,20250622-TingStadium-1,7b626d70-4fad-11f0-94df-5159efd1a280,87.87481,NA,NA,7.63253,NA,NA,NA,NA,NA,NA,7a202cac-ef26-47e8-8964-ed2f034dc92d,2025-06-22,21:11:36,2025-06-22T21:11:36Z,2025-06-22T21:11:36Z,NA,v3,NA,NA,NA,"Bonn, Preston",827396,Right,HOL_SPR1,32a97a0f-98a5-4b76-a75b-61708812dce5,54.56044,-129.62571,13.3775,6.12565,-7.13806,-7.16039,-1.30114,8.5265,-4.66217,NA,NA,NA,NA,NA,NA,NA,NA,NA,NA,NA,NA,NA,NA,NA,NA,NA,NA,NA,NA,NA,NA,NA,NA,NA,NA,NA,NA,NA,NA,NA,NA,NA,NA,NA,NA,NA,NA,NA,NA,NA,NA,NA,NA,NA,NA,NA,NA,NA,NA,High,High,High,NA,NA,NA,NA,NA,NA,NA,NA,NA,NA,NA,NA,NA,NA,NA,NA,NA,NA,NA,NA,NA,NA,NA,NA,NA,NA,NA,NA,NA,NA,NA,NA,NA,NA,NA,NA,NA,NA,NA,NA,NA,NA,NA,NA,NA,NA,NA,NA,NA,NA,NA,NA,NA,NA,NA,NA,NA,NA
NA,NA,NA,NA,NA,NA,NA,NA,NA,NA,NA,NA,NA,NA,NA,NA,12,2025-06-22,17:11:56,3,3,"Branson, Ashton",830338,Right,HOL_SPR1,"Paulick, Jake",1000093630,Right,WLM_SHK,Undefined,1,Top,1,2,0,ChangeUp,Changeup,FoulBallNotFieldable,Undefined,Undefined,Undefined,0,0,NA,76.49016,-0.088573,-2.874846,2267.155229,260.283442,02:45:00,6.01454,1.54582,5.97862,-42.39742,5.27803,21.92974,2.39921,0.70604,70.20125,-7.927287,1.068462,0.496957,NA,NA,NA,NA,NA,NA,NA,NA,NA,NA,NA,-12.16516,3.1537,-1.33083,50,5.98381,4.8084,-111.07563,-1.42098,-15.16459,20.30782,-28.24276,HOL_SPR1,WLM_SHK,TingStadium,CPL,CPL,20250622-TingStadium-1,87de6180-4fad-11f0-94df-5159efd1a280,75.84645,NA,NA,6.2889099999999996,NA,NA,NA,NA,NA,NA,7a202cac-ef26-47e8-8964-ed2f034dc92d,2025-06-22,21:11:56,2025-06-22T21:11:56Z,2025-06-22T21:11:56Z,NA,v3,NA,NA,NA,"Bonn, Preston",827396,Right,HOL_SPR1,35ac8f9d-9f98-46ea-9cb8-c8cad6d540db,54.52537,-111.89994,10.15391,6.01823,-0.27459,-14.12138,-1.5385,5.42394,-7.5823,NA,NA,NA,NA,NA,NA,NA,NA,NA,NA,NA,NA,NA,NA,NA,NA,NA,NA,NA,NA,NA,NA,NA,NA,NA,NA,NA,NA,NA,NA,NA,NA,NA,NA,NA,NA,NA,NA,NA,NA,NA,NA,NA,NA,NA,NA,NA,NA,NA,NA,High,High,High,NA,NA,NA,NA,NA,NA,NA,NA,NA,NA,NA,NA,NA,NA,NA,NA,NA,NA,NA,NA,NA,NA,NA,NA,NA,NA,NA,NA,NA,NA,NA,NA,NA,NA,NA,NA,NA,NA,NA,NA,NA,NA,NA,NA,NA,NA,NA,NA,NA,NA,NA,NA,NA,NA,NA,NA,NA,NA
NA,NA,NA,NA,NA,NA,NA,NA,NA,NA,NA,NA,NA,NA,NA,NA,13,2025-06-22,17:12:21,3,4,"Branson, Ashton",830338,Right,HOL_SPR1,"Paulick, Jake",1000093630,Right,WLM_SHK,Undefined,1,Top,1,2,1,ChangeUp,Changeup,StrikeSwinging,Undefined,Undefined,Undefined,0,0,NA,76.39989,-2.177084,-3.118137,2232.860109,263.129571,02:45:00,6.04191,1.3825,5.76389,-44.31707,3.73496,18.77135,0.31849,0.04167,70.81134,-10.261,0.248541,0.498916,NA,NA,NA,NA,NA,NA,NA,NA,NA,NA,NA,-10.59032,2.83284,-1.1362,50,5.83375,5.38719,-110.86702,-5.57065,-13.21363,19.36385,-28.63948,HOL_SPR1,WLM_SHK,TingStadium,CPL,CPL,20250622-TingStadium-1,96848890-4fad-11f0-94df-5159efd1a280,75.54868,NA,NA,5.58854,NA,NA,NA,NA,NA,NA,7a202cac-ef26-47e8-8964-ed2f034dc92d,2025-06-22,21:12:21,2025-06-22T21:12:21Z,2025-06-22T21:12:21Z,NA,v3,NA,NA,NA,"Bonn, Preston",827396,Right,HOL_SPR1,43f63466-4c0b-4cef-b670-d69a3a221c88,54.74143,-111.69209,9.68192,6.04511,-4.35037,-14.31974,-1.37773,5.9502,-6.60682,NA,NA,NA,NA,NA,NA,NA,NA,NA,NA,NA,NA,NA,NA,NA,NA,NA,NA,NA,NA,NA,NA,NA,NA,NA,NA,NA,NA,NA,NA,NA,NA,NA,NA,NA,NA,NA,NA,NA,NA,NA,NA,NA,NA,NA,NA,NA,NA,NA,NA,High,High,High,NA,NA,NA,NA,NA,NA,NA,NA,NA,NA,NA,NA,NA,NA,NA,NA,NA,NA,NA,NA,NA,NA,NA,NA,NA,NA,NA,NA,NA,NA,NA,NA,NA,NA,NA,NA,NA,NA,NA,NA,NA,NA,NA,NA,NA,NA,NA,NA,NA,NA,NA,NA,NA,NA,NA,NA,NA,NA
NA,NA,NA,NA,NA,NA,NA,NA,NA,NA,NA,NA,NA,NA,NA,NA,14,2025-06-22,17:12:46,3,5,"Branson, Ashton",830338,Right,HOL_SPR1,"Paulick, Jake",1000093630,Right,WLM_SHK,Undefined,1,Top,1,2,2,ChangeUp,Changeup,StrikeSwinging,Strikeout,Undefined,Undefined,0,0,NA,77.37333,-1.639242,-3.152446,2165.843359,259.695953,02:45:00,5.93411,1.48487,6.14561,-41.43132,4.56327,17.61284,0.96397,0.03649,71.77911,-9.26798,0.026713,0.488118,NA,NA,NA,NA,NA,NA,NA,NA,NA,NA,NA,-10.0806,3.12449,-1.25407,50,5.78718,5.60166,-112.40178,-4.41878,-12.97174,19.26089,-28.15345,HOL_SPR1,WLM_SHK,TingStadium,CPL,CPL,20250622-TingStadium-1,a5728e10-4fad-11f0-94df-5159efd1a280,77.21995,NA,NA,5.59422,NA,NA,NA,NA,NA,NA,7a202cac-ef26-47e8-8964-ed2f034dc92d,2025-06-22,21:12:46,2025-06-22T21:12:46Z,2025-06-22T21:12:46Z,NA,v3,NA,NA,NA,"Bonn, Preston",827396,Right,HOL_SPR1,f4fe0e5f-3f60-4892-b345-063dd8a543c9,54.35968,-113.14638,9.63044,5.93697,-3.33041,-14.07673,-1.48032,6.10313,-6.48587,NA,NA,NA,NA,NA,NA,NA,NA,NA,NA,NA,NA,NA,NA,NA,NA,NA,NA,NA,NA,NA,NA,NA,NA,NA,NA,NA,NA,NA,NA,NA,NA,NA,NA,NA,NA,NA,NA,NA,NA,NA,NA,NA,NA,NA,NA,NA,NA,NA,NA,High,High,High,NA,NA,NA,NA,NA,NA,NA,NA,NA,NA,NA,NA,NA,NA,NA,NA,NA,NA,NA,NA,NA,NA,NA,NA,NA,NA,NA,NA,NA,NA,NA,NA,NA,NA,NA,NA,NA,NA,NA,NA,NA,NA,NA,NA,NA,NA,NA,NA,NA,NA,NA,NA,NA,NA,NA,NA,NA,NA
NA,NA,NA,NA,NA,NA,NA,NA,NA,NA,NA,NA,NA,NA,NA,NA,15,2025-06-22,17:13:24,4,1,"Branson, Ashton",830338,Right,HOL_SPR1,"Carlo IV, Randy",1000091510,Right,WLM_SHK,Undefined,1,Top,2,0,0,Fastball,Four-Seam,StrikeCalled,Undefined,Undefined,Undefined,0,0,NA,88.54354,-3.136035,-2.34616,1999.919588,209.800989,01:00:00,6.08197,1.46671,5.99798,-17.00954,18.33694,9.8906,1.75307,0.11558,81.60074,-6.349549,-0.568761,0.427902,NA,NA,NA,NA,NA,NA,NA,NA,NA,NA,NA,-5.74831,10.60666,-1.28756,50,5.82526,4.87194,-128.5013,-7.54278,-9.67854,24.89109,-14.31541,HOL_SPR1,WLM_SHK,TingStadium,CPL,CPL,20250622-TingStadium-1,bc2456c0-4fad-11f0-94df-5159efd1a280,88.08656,NA,NA,6.9428,NA,NA,NA,NA,NA,NA,7a202cac-ef26-47e8-8964-ed2f034dc92d,2025-06-22,21:13:24,2025-06-22T21:13:24Z,2025-06-22T21:13:24Z,NA,v3,NA,NA,NA,"Bonn, Preston",827396,Right,HOL_SPR1,770b7733-4aeb-4d6c-8ef0-abf81e68b464,54.50541,-129.37106,12.44555,6.08008,-7.04256,-7.1577,-1.4637,5.21014,-4.83927,NA,NA,NA,NA,NA,NA,NA,NA,NA,NA,NA,NA,NA,NA,NA,NA,NA,NA,NA,NA,NA,NA,NA,NA,NA,NA,NA,NA,NA,NA,NA,NA,NA,NA,NA,NA,NA,NA,NA,NA,NA,NA,NA,NA,NA,NA,NA,NA,NA,NA,High,High,High,NA,NA,NA,NA,NA,NA,NA,NA,NA,NA,NA,NA,NA,NA,NA,NA,NA,NA,NA,NA,NA,NA,NA,NA,NA,NA,NA,NA,NA,NA,NA,NA,NA,NA,NA,NA,NA,NA,NA,NA,NA,NA,NA,NA,NA,NA,NA,NA,NA,NA,NA,NA,NA,NA,NA,NA,NA,NA
NA,NA,NA,NA,NA,NA,NA,NA,NA,NA,NA,NA,NA,NA,NA,NA,16,2025-06-22,17:13:45,4,2,"Branson, Ashton",830338,Right,HOL_SPR1,"Carlo IV, Randy",1000091510,Right,WLM_SHK,Undefined,1,Top,2,0,1,Fastball,Four-Seam,FoulBallNotFieldable,Undefined,Undefined,Undefined,0,0,NA,88.91914,-2.802514,-1.84787,2071.282568,210.110753,01:00:00,6.10897,1.39734,5.91753,-15.87032,19.4219,10.61505,2.18206,0.56636,81.49727,-5.821953,0.057533,0.427574,NA,NA,NA,NA,NA,NA,NA,NA,NA,NA,NA,-6.00189,11.09993,-1.25551,50,5.87519,3.73151,-129.04459,-6.77519,-10.13667,26.45436,-13.42725,HOL_SPR1,WLM_SHK,TingStadium,CPL,CPL,20250622-TingStadium-1,c8b27340-4fad-11f0-94df-5159efd1a280,88.15424,NA,NA,7.42187,NA,NA,NA,NA,NA,NA,7a202cac-ef26-47e8-8964-ed2f034dc92d,2025-06-22,21:13:45,2025-06-22T21:13:45Z,2025-06-22T21:13:45Z,NA,v3,NA,NA,NA,"Bonn, Preston",827396,Right,HOL_SPR1,d603ede1-1330-4f5c-89c5-f1fbcc9607a6,54.58523,-129.98117,13.22718,6.10664,-6.29981,-6.71362,-1.39397,4.09039,-5.06834,NA,NA,NA,NA,NA,NA,NA,NA,NA,NA,NA,NA,NA,NA,NA,NA,NA,NA,NA,NA,NA,NA,NA,NA,NA,NA,NA,NA,NA,NA,NA,NA,NA,NA,NA,NA,NA,NA,NA,NA,NA,NA,NA,NA,NA,NA,NA,NA,NA,NA,High,High,High,NA,NA,NA,NA,NA,NA,NA,NA,NA,NA,NA,NA,NA,NA,NA,NA,NA,NA,NA,NA,NA,NA,NA,NA,NA,NA,NA,NA,NA,NA,NA,NA,NA,NA,NA,NA,NA,NA,NA,NA,NA,NA,NA,NA,NA,NA,NA,NA,NA,NA,NA,NA,NA,NA,NA,NA,NA,NA
NA,NA,NA,NA,NA,NA,NA,NA,NA,NA,NA,NA,NA,NA,NA,NA,17,2025-06-22,17:14:09,4,3,"Branson, Ashton",830338,Right,HOL_SPR1,"Carlo IV, Randy",1000091510,Right,WLM_SHK,Undefined,1,Top,2,0,2,ChangeUp,Changeup,BallCalled,Undefined,Undefined,Undefined,0,0,NA,77.51869,-2.313189,-4.273869,2210.923314,260.913363,02:45:00,6.00384,1.5718,5.81259,-42.34908,4.7367,19.73056,0.31652,-0.76569,71.16394,-10.074797,-0.739211,0.493874,NA,NA,NA,NA,NA,NA,NA,NA,NA,NA,NA,-11.46816,3.4963,-1.23323,50,5.78809,7.68285,-112.24423,-5.8415,-14.54691,21.40154,-27.73914,HOL_SPR1,WLM_SHK,TingStadium,CPL,CPL,20250622-TingStadium-1,d6f14d00-4fad-11f0-94df-5159efd1a280,76.31994,NA,NA,6.35475,NA,NA,NA,NA,NA,NA,7a202cac-ef26-47e8-8964-ed2f034dc92d,2025-06-22,21:14:09,2025-06-22T21:14:09Z,2025-06-22T21:14:09Z,NA,v3,NA,NA,NA,"Bonn, Preston",827396,Right,HOL_SPR1,496c4ca1-589a-48a4-b2bd-5ee649081d3a,54.69143,-113.13521,10.70077,6.00724,-4.68668,-13.86957,-1.56568,8.28846,-7.27346,NA,NA,NA,NA,NA,NA,NA,NA,NA,NA,NA,NA,NA,NA,NA,NA,NA,NA,NA,NA,NA,NA,NA,NA,NA,NA,NA,NA,NA,NA,NA,NA,NA,NA,NA,NA,NA,NA,NA,NA,NA,NA,NA,NA,NA,NA,NA,NA,NA,NA,High,High,High,NA,NA,NA,NA,NA,NA,NA,NA,NA,NA,NA,NA,NA,NA,NA,NA,NA,NA,NA,NA,NA,NA,NA,NA,NA,NA,NA,NA,NA,NA,NA,NA,NA,NA,NA,NA,NA,NA,NA,NA,NA,NA,NA,NA,NA,NA,NA,NA,NA,NA,NA,NA,NA,NA,NA,NA,NA,NA
NA,NA,NA,NA,NA,NA,NA,NA,NA,NA,NA,NA,NA,NA,NA,NA,18,2025-06-22,17:14:29,4,4,"Branson, Ashton",830338,Right,HOL_SPR1,"Carlo IV, Randy",1000091510,Right,WLM_SHK,Undefined,1,Top,2,1,2,Slider,Slider,StrikeSwinging,Strikeout,Undefined,Undefined,0,0,NA,82.64041,-2.559059,-0.97109,2066.950868,188.818874,12:15:00,6.14974,1.39271,5.91406,-34.40903,6.31414,0.79008,0.90523,0.55716,76.4806,-8.877849,-0.828926,0.459296,NA,NA,NA,NA,NA,NA,NA,NA,NA,NA,NA,-0.67165,4.24284,-1.3153,50,5.92437,2.00563,-120.04461,-6.45935,-0.98365,22.44424,-25.96019,HOL_SPR1,WLM_SHK,TingStadium,CPL,CPL,20250622-TingStadium-1,e3099d40-4fad-11f0-94df-5159efd1a280,82.06576,NA,NA,6.1598,NA,NA,NA,NA,NA,NA,7a202cac-ef26-47e8-8964-ed2f034dc92d,2025-06-22,21:14:29,2025-06-22T21:14:29Z,2025-06-22T21:14:29Z,NA,v3,NA,NA,NA,"Bonn, Preston",827396,Right,HOL_SPR1,a8cc40f1-3744-46fc-8117-813a4b0a04fa,54.58981,-120.8997,11.22212,6.15162,-5.47031,-12.98009,-1.39243,2.0431,-0.49183,NA,NA,NA,NA,NA,NA,NA,NA,NA,NA,NA,NA,NA,NA,NA,NA,NA,NA,NA,NA,NA,NA,NA,NA,NA,NA,NA,NA,NA,NA,NA,NA,NA,NA,NA,NA,NA,NA,NA,NA,NA,NA,NA,NA,NA,NA,NA,NA,NA,NA,High,High,High,NA,NA,NA,NA,NA,NA,NA,NA,NA,NA,NA,NA,NA,NA,NA,NA,NA,NA,NA,NA,NA,NA,NA,NA,NA,NA,NA,NA,NA,NA,NA,NA,NA,NA,NA,NA,NA,NA,NA,NA,NA,NA,NA,NA,NA,NA,NA,NA,NA,NA,NA,NA,NA,NA,NA,NA,NA,NA
NA,NA,NA,NA,NA,NA,NA,NA,NA,NA,NA,NA,NA,NA,NA,NA,19,2025-06-22,17:17:08,1,1,"Stillson, Tyler",10132173,Right,WLM_SHK,"Lyons, Trenton",806150,Left,HOL_SPR1,Undefined,1,Bottom,0,0,0,ChangeUp,Changeup,BallCalled,Undefined,Undefined,Undefined,0,0,NA,73.86479,2.478175,-0.519313,1310.206661,268.35885,03:00:00,5.65622,1.21318,6.16265,-49.11125,2.01815,10.6165,3.85448,1.61813,67.14976,-6.661121,1.395782,0.514644,NA,NA,NA,NA,NA,NA,NA,NA,NA,NA,NA,-5.62559,0.81807,-1.17899,50,5.81961,0.60645,-107.20135,3.2555,-6.48404,20.18296,-31.23113,HOL_SPR1,WLM_SHK,TingStadium,CPL,CPL,20250622-TingStadium-1,41a8ca10-4fae-11f0-94df-5159efd1a280,73.23986,NA,NA,6.71503,NA,NA,NA,NA,NA,NA,7a202cac-ef26-47e8-8964-ed2f034dc92d,2025-06-22,21:17:08,2025-06-22T21:17:08Z,2025-06-22T21:17:08Z,NA,v3,NA,NA,NA,"Paulick, Jake",1000093630,Right,WLM_SHK,9585b9cf-e700-4345-9bfb-4c1c6a999200,54.33808,-108.01499,10.09148,5.66299,4.51454,-15.61556,-1.2087,0.86784,-3.24202,NA,NA,NA,NA,NA,NA,NA,NA,NA,NA,NA,NA,NA,NA,NA,NA,NA,NA,NA,NA,NA,NA,NA,NA,NA,NA,NA,NA,NA,NA,NA,NA,NA,NA,NA,NA,NA,NA,NA,NA,NA,NA,NA,NA,NA,NA,NA,NA,NA,NA,High,High,High,NA,NA,NA,NA,NA,NA,NA,NA,NA,NA,NA,NA,NA,NA,NA,NA,NA,NA,NA,NA,NA,NA,NA,NA,NA,NA,NA,NA,NA,NA,NA,NA,NA,NA,NA,NA,NA,NA,NA,NA,NA,NA,NA,NA,NA,NA,NA,NA,NA,NA,NA,NA,NA,NA,NA,NA,NA,NA
NA,NA,NA,NA,NA,NA,NA,NA,NA,NA,NA,NA,NA,NA,NA,NA,20,2025-06-22,17:17:23,1,2,"Stillson, Tyler",10132173,Right,WLM_SHK,"Lyons, Trenton",806150,Left,HOL_SPR1,Undefined,1,Bottom,0,1,0,Fastball,Four-Seam,StrikeCalled,Undefined,Undefined,Undefined,0,0,NA,87.4011,-2.54193,-2.092278,2043.980889,205.447126,12:45:00,5.99035,0.78726,6.07579,-18.87651,17.52304,7.77855,2.06211,-0.5014,79.96778,-6.118411,-0.692017,0.434229,NA,NA,NA,NA,NA,NA,NA,NA,NA,NA,NA,-4.62961,10.12642,-0.62952,50,5.78338,4.32668,-126.83441,-6.17511,-7.533,26.21333,-15.69692,HOL_SPR1,WLM_SHK,TingStadium,CPL,CPL,20250622-TingStadium-1,4a49a6d0-4fae-11f0-94df-5159efd1a280,86.80304,NA,NA,7.43331,NA,NA,NA,NA,NA,NA,7a202cac-ef26-47e8-8964-ed2f034dc92d,2025-06-22,21:17:23,2025-06-22T21:17:23Z,2025-06-22T21:17:23Z,NA,v3,NA,NA,NA,"Paulick, Jake",1000093630,Right,WLM_SHK,1b9e4bd8-3d65-4323-beb0-c1c028e37153,54.42611,-127.7459,13.10667,5.98861,-5.6293,-7.84846,-0.78452,4.58861,-3.7665,NA,NA,NA,NA,NA,NA,NA,NA,NA,NA,NA,NA,NA,NA,NA,NA,NA,NA,NA,NA,NA,NA,NA,NA,NA,NA,NA,NA,NA,NA,NA,NA,NA,NA,NA,NA,NA,NA,NA,NA,NA,NA,NA,NA,NA,NA,NA,NA,NA,NA,High,High,High,NA,NA,NA,NA,NA,NA,NA,NA,NA,NA,NA,NA,NA,NA,NA,NA,NA,NA,NA,NA,NA,NA,NA,NA,NA,NA,NA,NA,NA,NA,NA,NA,NA,NA,NA,NA,NA,NA,NA,NA,NA,NA,NA,NA,NA,NA,NA,NA,NA,NA,NA,NA,NA,NA,NA,NA,NA,NA
NA,NA,NA,NA,NA,NA,NA,NA,NA,NA,NA,NA,NA,NA,NA,NA,21,2025-06-22,17:17:39,1,3,"Stillson, Tyler",10132173,Right,WLM_SHK,"Lyons, Trenton",806150,Left,HOL_SPR1,Undefined,1,Bottom,0,1,1,ChangeUp,Changeup,BallCalled,Undefined,Undefined,Undefined,0,0,NA,76.8711,0.247043,-0.723496,1401.134559,227.936737,01:30:00,5.55712,1.28943,5.99519,-37.14782,10.34686,9.65914,2.69043,1.42384,69.87328,-6.688967,1.014445,0.496014,NA,NA,NA,NA,NA,NA,NA,NA,NA,NA,NA,-5.16079,5.73705,-1.23758,50,5.55638,1.05487,-111.5807,-0.58973,-6.44086,21.96174,-25.01398,HOL_SPR1,WLM_SHK,TingStadium,CPL,CPL,20250622-TingStadium-1,53e33b70-4fae-11f0-94df-5159efd1a280,75.9907,NA,NA,6.99782,NA,NA,NA,NA,NA,NA,7a202cac-ef26-47e8-8964-ed2f034dc92d,2025-06-22,21:17:39,2025-06-22T21:17:39Z,2025-06-22T21:17:39Z,NA,v3,NA,NA,NA,"Paulick, Jake",1000093630,Right,WLM_SHK,69c01ee9-5532-43bd-af89-8eec056aa448,54.50356,-112.46362,10.98087,5.55988,0.41589,-12.50699,-1.2852,1.3138,-3.22043,NA,NA,NA,NA,NA,NA,NA,NA,NA,NA,NA,NA,NA,NA,NA,NA,NA,NA,NA,NA,NA,NA,NA,NA,NA,NA,NA,NA,NA,NA,NA,NA,NA,NA,NA,NA,NA,NA,NA,NA,NA,NA,NA,NA,NA,NA,NA,NA,NA,NA,High,High,High,NA,NA,NA,NA,NA,NA,NA,NA,NA,NA,NA,NA,NA,NA,NA,NA,NA,NA,NA,NA,NA,NA,NA,NA,NA,NA,NA,NA,NA,NA,NA,NA,NA,NA,NA,NA,NA,NA,NA,NA,NA,NA,NA,NA,NA,NA,NA,NA,NA,NA,NA,NA,NA,NA,NA,NA,NA,NA
NA,NA,NA,NA,NA,NA,NA,NA,NA,NA,NA,NA,NA,NA,NA,NA,22,2025-06-22,17:17:54,1,4,"Stillson, Tyler",10132173,Right,WLM_SHK,"Lyons, Trenton",806150,Left,HOL_SPR1,Undefined,1,Bottom,0,2,1,Fastball,Four-Seam,InPlay,Undefined,GroundBall,Single,0,0,NA,88.48474,-2.796579,-1.847992,1951.608865,196.815877,12:30:00,6.17974,0.80478,6.1001,-16.42399,19.19887,5.44067,2.22113,-0.45162,80.62592,-5.938612,-0.868167,0.429572,70.71994,19.174684,30.09339,3976.878322,99.98824,10.30075,45.8514,140.19089,139.29508,23.632422,1.672666,-3.37721,11.12024,-0.66546,50,5.9557,3.92505,-128.35784,-6.72235,-5.60365,27.91856,-13.72269,HOL_SPR1,WLM_SHK,TingStadium,CPL,CPL,20250622-TingStadium-1,5d3ae510-4fae-11f0-94df-5159efd1a280,87.74422,14.60882,NA,7.85881,NA,NA,NA,2.01225,1.7324,-0.24237,7a202cac-ef26-47e8-8964-ed2f034dc92d,2025-06-22,21:17:54,2025-06-22T21:17:54Z,2025-06-22T21:17:54Z,LineDrive,v3,NA,NA,NA,"Paulick, Jake",1000093630,Right,WLM_SHK,43867b1c-098c-4c8c-8115-69e7a5392f97,54.40161,-129.31167,13.95928,6.17735,-6.25351,-6.86135,-0.80283,4.1165,-2.80182,59.696221,2.01225,84.76271,-5.75408,-0.02641,0.22184,-0.09415,0.02187,-0.00362,2.3e-4,1.7324,34.06757,-24.29805,2.63512,-0.49878,0.07849,-0.01084,0.00156,-1.6e-4,-0.24237,49.12254,-13.43653,3.67225,-0.91085,0.18367,-0.03417,0.00475,-3e-4,NA,NA,NA,NA,NA,NA,NA,NA,NA,NA,NA,NA,NA,NA,NA,NA,NA,NA,NA,NA,NA,NA,High,High,High,High,High,NA,NA,NA,NA,NA,NA,NA,NA,NA,NA,NA,NA,NA,NA,NA,NA,NA,NA,NA,NA,NA,NA,NA,NA,NA,NA,NA,NA,NA,NA,NA,NA,NA,NA,NA,NA,NA,NA,NA,NA,NA,NA,NA,NA,NA,NA,NA,NA,NA,NA,NA,NA,NA,NA,NA,NA
NA,NA,NA,NA,NA,NA,NA,NA,NA,NA,NA,NA,NA,NA,NA,NA,23,2025-06-22,17:18:55,2,1,"Stillson, Tyler",10132173,Right,WLM_SHK,"Ellis, Hudson",830334,Right,HOL_SPR1,Undefined,1,Bottom,0,0,0,ChangeUp,Slider,StrikeSwinging,Undefined,Undefined,Undefined,0,0,NA,81.10585,-1.847464,-1.744753,2023.438904,204.381941,12:45:00,5.88114,1.26141,5.77137,-33.42565,9.01662,3.51311,1.37497,-0.07006,75.00619,-7.99563,-1.115099,0.46889,NA,NA,NA,NA,NA,NA,NA,NA,NA,NA,NA,-2.27536,5.43973,-1.11934,50,5.70776,3.45799,-117.81303,-4.85875,-3.2153,21.24583,-24.4871,HOL_SPR1,WLM_SHK,TingStadium,CPL,CPL,20250622-TingStadium-1,813b8230-4fae-11f0-94df-5159efd1a280,80.38659,NA,NA,6.09966,NA,NA,NA,NA,NA,NA,7a202cac-ef26-47e8-8964-ed2f034dc92d,2025-06-22,21:18:55,2025-06-22T21:18:55Z,2025-06-22T21:18:55Z,NA,v3,NA,NA,NA,"Paulick, Jake",1000093630,Right,WLM_SHK,1ff3d6ef-74c8-4d77-9efe-aa150bc8a26b,54.73208,-118.66332,10.62291,5.88261,-3.87874,-12.24355,-1.26031,3.58667,-1.60765,NA,NA,NA,NA,NA,NA,NA,NA,NA,NA,NA,NA,NA,NA,NA,NA,NA,NA,NA,NA,NA,NA,NA,NA,NA,NA,NA,NA,NA,NA,NA,NA,NA,NA,NA,NA,NA,NA,NA,NA,NA,NA,NA,NA,NA,NA,NA,NA,NA,NA,High,High,High,NA,NA,NA,NA,NA,NA,NA,NA,NA,NA,NA,NA,NA,NA,NA,NA,NA,NA,NA,NA,NA,NA,NA,NA,NA,NA,NA,NA,NA,NA,NA,NA,NA,NA,NA,NA,NA,NA,NA,NA,NA,NA,NA,NA,NA,NA,NA,NA,NA,NA,NA,NA,NA,NA,NA,NA,NA,NA
NA,NA,NA,NA,NA,NA,NA,NA,NA,NA,NA,NA,NA,NA,NA,NA,24,2025-06-22,17:19:13,2,2,"Stillson, Tyler",10132173,Right,WLM_SHK,"Ellis, Hudson",830334,Right,HOL_SPR1,Undefined,1,Bottom,0,0,1,Fastball,Four-Seam,FoulBallNotFieldable,Undefined,Undefined,Undefined,0,0,NA,88.17796,-3.17445,-2.548132,2188.9584,213.503033,01:00:00,6.26438,0.74728000000000006,5.90841,-16.404419999999998,19.80828,12.29312,1.94477,-0.59513,80.26444,-6.305946,-0.34313,0.433114,80.87298,60.827229,42.144688,NA,NA,NA,NA,NA,39.37716,NA,NA,-7.08835,11.47288,-0.54977,50,5.99977,5.18129,-127.76584,-7.552,-11.64996,27.72978,-13.31802,HOL_SPR1,WLM_SHK,TingStadium,CPL,CPL,20250622-TingStadium-1,8bfa0ed0-4fae-11f0-94df-5159efd1a280,87.02669,64.29809,NA,7.91353,NA,NA,NA,2.2597,1.93312,0.58081,7a202cac-ef26-47e8-8964-ed2f034dc92d,2025-06-22,21:19:13,2025-06-22T21:19:13Z,2025-06-22T21:19:13Z,NA,v3,NA,NA,NA,"Paulick, Jake",1000093630,Right,WLM_SHK,52563f78-5bb4-4634-b82e-93f31a35a3ca,54.59312,-128.75886,13.86489,6.26167,-7.07508,-6.65901,-0.74279,5.59848,-5.82498,204.137735,2.2597,42.86754,-14.55013,4.52277,0.36895,-1.78364,0.8051,0.468,-0.39858,1.93312,103.56815,-28.37492,3.45619,-0.97473,0.74279,-0.50234,0.11939,0.02178,0.58081,38.79583,-2.90795,0.60516,-0.07388,0.00295,-0.03224,0.04711,-0.02006,NA,NA,NA,NA,NA,NA,NA,NA,NA,NA,NA,NA,NA,NA,NA,NA,NA,NA,NA,NA,NA,NA,High,High,High,High,Undefined,NA,NA,NA,NA,NA,NA,NA,NA,NA,NA,NA,NA,NA,NA,NA,NA,NA,NA,NA,NA,NA,NA,NA,NA,NA,NA,NA,NA,NA,NA,NA,NA,NA,NA,NA,NA,NA,NA,NA,NA,NA,NA,NA,NA,NA,NA,NA,NA,NA,NA,NA,NA,NA,NA,NA,NA
NA,NA,NA,NA,NA,NA,NA,NA,NA,NA,NA,NA,NA,NA,NA,NA,25,2025-06-22,17:19:49,2,3,"Stillson, Tyler",10132173,Right,WLM_SHK,"Ellis, Hudson",830334,Right,HOL_SPR1,Undefined,1,Bottom,0,0,2,Slider,Slider,BallCalled,Undefined,Undefined,Undefined,0,0,NA,82.29269,-3.420365,-4.073222,1964.419436,159.409246,11:15:00,5.91424,1.01894,5.87804,-30.86191,10.71989,-3.53276,0.15385,-3.06492,75.86646,-9.085882,-4.705062,0.464112,NA,NA,NA,NA,NA,NA,NA,NA,NA,NA,NA,0.67921,6.85044,-0.68707,50,5.61887,8.61328,-119.0622,-8.09537,0.9746,22.93835,-22.34416,HOL_SPR1,WLM_SHK,TingStadium,CPL,CPL,20250622-TingStadium-1,a173ccb0-4fae-11f0-94df-5159efd1a280,81.21405,NA,NA,6.42623,NA,NA,NA,NA,NA,NA,7a202cac-ef26-47e8-8964-ed2f034dc92d,2025-06-22,21:19:49,2025-06-22T21:19:49Z,2025-06-22T21:19:49Z,NA,v3,NA,NA,NA,"Paulick, Jake",1000093630,Right,WLM_SHK,0cfc90c0-f188-4b0e-94d3-93e3ead0bed1,54.62322,-119.94959,11.46918,5.91532,-7.23096,-11.17208,-1.01955,8.57558,0.4873,NA,NA,NA,NA,NA,NA,NA,NA,NA,NA,NA,NA,NA,NA,NA,NA,NA,NA,NA,NA,NA,NA,NA,NA,NA,NA,NA,NA,NA,NA,NA,NA,NA,NA,NA,NA,NA,NA,NA,NA,NA,NA,NA,NA,NA,NA,NA,NA,NA,NA,High,High,High,NA,NA,NA,NA,NA,NA,NA,NA,NA,NA,NA,NA,NA,NA,NA,NA,NA,NA,NA,NA,NA,NA,NA,NA,NA,NA,NA,NA,NA,NA,NA,NA,NA,NA,NA,NA,NA,NA,NA,NA,NA,NA,NA,NA,NA,NA,NA,NA,NA,NA,NA,NA,NA,NA,NA,NA,NA,NA
NA,NA,NA,NA,NA,NA,NA,NA,NA,NA,NA,NA,NA,NA,NA,NA,26,2025-06-22,17:20:12,2,4,"Stillson, Tyler",10132173,Right,WLM_SHK,"Ellis, Hudson",830334,Right,HOL_SPR1,Undefined,1,Bottom,0,1,2,Slider,Slider,StrikeSwinging,Strikeout,Undefined,Undefined,0,0,NA,81.16763,-1.552476,-0.737497,2055.870311,141.948348,10:45:00,5.945,1.09745,5.57891,-35.2151,7.70359,-4.96937,1.55994,-0.00551,74.63237,-8.015267,-1.625451,0.471514,NA,NA,NA,NA,NA,NA,NA,NA,NA,NA,NA,2.335,4.71402,-1.03056,50,5.78822,1.7097,-117.84862,-4.35065,3.28027,22.61981,-25.55164,HOL_SPR1,WLM_SHK,TingStadium,CPL,CPL,20250622-TingStadium-1,aefa52f0-4fae-11f0-94df-5159efd1a280,79.93914,NA,NA,6.53526,NA,NA,NA,NA,NA,NA,7a202cac-ef26-47e8-8964-ed2f034dc92d,2025-06-22,21:20:12,2025-06-22T21:20:12Z,2025-06-22T21:20:12Z,NA,v3,NA,NA,NA,"Paulick, Jake",1000093630,Right,WLM_SHK,398eab9b-3baa-443a-a861-3dd160b42a6b,54.92343,-118.78986,11.30991,5.94714,-3.28741,-12.77582,-1.09886,1.57321,1.64013,NA,NA,NA,NA,NA,NA,NA,NA,NA,NA,NA,NA,NA,NA,NA,NA,NA,NA,NA,NA,NA,NA,NA,NA,NA,NA,NA,NA,NA,NA,NA,NA,NA,NA,NA,NA,NA,NA,NA,NA,NA,NA,NA,NA,NA,NA,NA,NA,NA,NA,High,High,High,NA,NA,NA,NA,NA,NA,NA,NA,NA,NA,NA,NA,NA,NA,NA,NA,NA,NA,NA,NA,NA,NA,NA,NA,NA,NA,NA,NA,NA,NA,NA,NA,NA,NA,NA,NA,NA,NA,NA,NA,NA,NA,NA,NA,NA,NA,NA,NA,NA,NA,NA,NA,NA,NA,NA,NA,NA,NA
NA,NA,NA,NA,NA,NA,NA,NA,NA,NA,NA,NA,NA,NA,NA,NA,27,2025-06-22,17:20:43,3,1,"Stillson, Tyler",10132173,Right,WLM_SHK,"Kellis, Rom",703450,Right,HOL_SPR1,Undefined,1,Bottom,1,0,0,Fastball,Four-Seam,BallCalled,Undefined,Undefined,Undefined,0,0,NA,88.13987,-4.398951,-3.229785,2080.056579,207.009185,01:00:00,6.22774,0.67555,5.78915,-16.94804,19.44395,9.29528,0.70839,-1.55777,80.67599,-7.597129,-1.567793,0.434184,NA,NA,NA,NA,NA,NA,NA,NA,NA,NA,NA,-5.63122,11.50327,-0.4148,50,5.85395,6.79929,-127.46152,-10.31271,-9.26342,26.21416,-13.25106,HOL_SPR1,WLM_SHK,TingStadium,CPL,CPL,20250622-TingStadium-1,c1cae9d0-4fae-11f0-94df-5159efd1a280,86.81205,NA,NA,7.46388,NA,NA,NA,NA,NA,NA,7a202cac-ef26-47e8-8964-ed2f034dc92d,2025-06-22,21:20:43,2025-06-22T21:20:43Z,2025-06-22T21:20:43Z,NA,v3,NA,NA,NA,"Paulick, Jake",1000093630,Right,WLM_SHK,e156ce37-5f3b-4cf6-9d0c-e1029b8d15a2,54.71127,-128.4268,13.10708,6.22471,-9.82477,-6.62553,-0.67145,7.1404,-4.63171,NA,NA,NA,NA,NA,NA,NA,NA,NA,NA,NA,NA,NA,NA,NA,NA,NA,NA,NA,NA,NA,NA,NA,NA,NA,NA,NA,NA,NA,NA,NA,NA,NA,NA,NA,NA,NA,NA,NA,NA,NA,NA,NA,NA,NA,NA,NA,NA,NA,NA,High,High,High,NA,NA,NA,NA,NA,NA,NA,NA,NA,NA,NA,NA,NA,NA,NA,NA,NA,NA,NA,NA,NA,NA,NA,NA,NA,NA,NA,NA,NA,NA,NA,NA,NA,NA,NA,NA,NA,NA,NA,NA,NA,NA,NA,NA,NA,NA,NA,NA,NA,NA,NA,NA,NA,NA,NA,NA,NA,NA
NA,NA,NA,NA,NA,NA,NA,NA,NA,NA,NA,NA,NA,NA,NA,NA,28,2025-06-22,17:21:01,3,2,"Stillson, Tyler",10132173,Right,WLM_SHK,"Kellis, Rom",703450,Right,HOL_SPR1,Undefined,1,Bottom,1,1,0,Slider,Slider,StrikeSwinging,Undefined,Undefined,Undefined,0,0,NA,80.36737,-1.527422,-1.981222,1998.068972,134.756521,10:30:00,6.04865,0.96797,5.54835,-38.72207,5.74036,-4.19583,1.39321,-1.23392,73.05346,-8.637943,-2.730031,0.479919,NA,NA,NA,NA,NA,NA,NA,NA,NA,NA,NA,1.50024,3.81929,-0.79344,50,5.89074,4.19276,-116.4547,-4.37981,2.02921,24.94024,-27.0081,HOL_SPR1,WLM_SHK,TingStadium,CPL,CPL,20250622-TingStadium-1,cc938890-4fae-11f0-94df-5159efd1a280,78.53917,NA,NA,7.31391,NA,NA,NA,NA,NA,NA,7a202cac-ef26-47e8-8964-ed2f034dc92d,2025-06-22,21:21:01,2025-06-22T21:21:01Z,2025-06-22T21:21:01Z,NA,v3,NA,NA,NA,"Paulick, Jake",1000093630,Right,WLM_SHK,369be995-0088-4f85-b7c9-df4e0da6386a,54.95223,-117.51049,12.47012,6.05195,-3.23647,-13.50405,-0.96912,4.10685,1.0146,NA,NA,NA,NA,NA,NA,NA,NA,NA,NA,NA,NA,NA,NA,NA,NA,NA,NA,NA,NA,NA,NA,NA,NA,NA,NA,NA,NA,76.73569,2.080531,0.800819,1.279712,3.84641,1.75502,1.11878,-0.03245,6.41845,2.32047,127.2738,-1.75113,1.32066,0.07906,110.80586,-9.0214,6.4465,9.27631,-12.28462,2.28337,-3.63149,2.2837,High,High,High,NA,NA,High,High,Medium,NA,NA,NA,NA,NA,NA,NA,NA,NA,NA,NA,NA,NA,NA,NA,NA,NA,NA,NA,NA,NA,NA,NA,NA,NA,NA,NA,NA,NA,NA,NA,NA,NA,NA,NA,NA,NA,NA,NA,NA,NA,NA,NA,NA,NA,NA,NA,NA,NA,NA,NA,NA,NA
NA,NA,NA,NA,NA,NA,NA,NA,NA,NA,NA,NA,NA,NA,NA,NA,29,2025-06-22,17:21:33,3,3,"Stillson, Tyler",10132173,Right,WLM_SHK,"Kellis, Rom",703450,Right,HOL_SPR1,Undefined,1,Bottom,1,1,1,Slider,Slider,InPlay,Undefined,GroundBall,Out,1,0,NA,82.3241,-0.890899,-1.826436,2080.245582,136.904265,10:30:00,5.9649,0.80942,5.59277,-34.01018,7.88315,-6.09532,2.29835,-1.40453,75.28051,-7.155571,-2.914241,0.465848,53.75887,-51.274005,-15.147181,NA,NA,NA,NA,4.87634,3.75178,10.01217,0.040051,2.57803,4.63626,-0.64847,50,5.86627,4.05015,-119.45204,-2.98353,3.70419,24.20466,-25.51256,HOL_SPR1,WLM_SHK,TingStadium,CPL,CPL,20250622-TingStadium-1,dfce52f0-4fae-11f0-94df-5159efd1a280,80.91151,2.47895,NA,7.04359,NA,NA,NA,2.88328,2.47895,1.36721,7a202cac-ef26-47e8-8964-ed2f034dc92d,2025-06-22,21:21:33,2025-06-22T21:21:33Z,2025-06-22T21:21:33Z,GroundBall,v3,NA,NA,NA,"Paulick, Jake",1000093630,Right,WLM_SHK,e5ff8187-ff12-46ae-b7a7-12f76197aa1a,54.90892,-120.44263,12.10233,5.96701,-1.93942,-12.75628,-0.81113,3.89856,1.85209,NA,2.88137,47.90886,NA,NA,NA,NA,NA,NA,NA,2.48142,-61.89482,NA,NA,NA,NA,NA,NA,NA,1.36773,-12.96913,NA,NA,NA,NA,NA,NA,NA,NA,NA,NA,NA,NA,NA,NA,NA,NA,NA,NA,NA,NA,NA,NA,NA,NA,NA,NA,NA,NA,NA,High,High,High,Low,Low,NA,NA,NA,NA,NA,NA,NA,NA,NA,NA,NA,NA,NA,NA,NA,NA,NA,NA,NA,NA,NA,NA,NA,NA,NA,NA,NA,NA,NA,NA,NA,NA,NA,NA,NA,NA,NA,NA,NA,NA,NA,NA,NA,NA,NA,NA,NA,NA,NA,NA,NA,NA,NA,NA,NA,NA
NA,NA,NA,NA,NA,NA,NA,NA,NA,NA,NA,NA,NA,NA,NA,NA,30,2025-06-22,17:22:12,4,1,"Stillson, Tyler",10132173,Right,WLM_SHK,"Bonn, Preston",827396,Right,HOL_SPR1,Undefined,1,Bottom,2,0,0,Fastball,Four-Seam,BallCalled,Undefined,Undefined,Undefined,0,0,NA,89.37184,-2.254522,-2.409645,1976.942092,203.075525,12:45:00,6.39195,0.37421,6.03682,-16.09284,18.91525,7.55741,2.96027,-1.22865,81.33356,-5.336802,-1.051083,0.425849,NA,NA,NA,NA,NA,NA,NA,NA,NA,NA,NA,-4.58622,10.73835,-0.19002,50,6.20698,5.13787,-129.60831,-5.54762,-7.76369,28.30395,-13.99584,HOL_SPR1,WLM_SHK,TingStadium,CPL,CPL,20250622-TingStadium-1,f6b02c50-4fae-11f0-94df-5159efd1a280,88.51127,NA,NA,8.03828,NA,NA,NA,NA,NA,NA,7a202cac-ef26-47e8-8964-ed2f034dc92d,2025-06-22,21:22:12,2025-06-22T21:22:12Z,2025-06-22T21:22:12Z,NA,v3,NA,NA,NA,"Paulick, Jake",1000093630,Right,WLM_SHK,27f18a2c-7991-4fd7-a520-04eb0dc640a8,54.46312,-130.57933,14.15198,6.38906,-5.06747,-6.99792,-0.37085,5.40422,-3.88184,NA,NA,NA,NA,NA,NA,NA,NA,NA,NA,NA,NA,NA,NA,NA,NA,NA,NA,NA,NA,NA,NA,NA,NA,NA,NA,NA,NA,NA,NA,NA,NA,NA,NA,NA,NA,NA,NA,NA,NA,NA,NA,NA,NA,NA,NA,NA,NA,NA,NA,High,High,High,NA,NA,NA,NA,NA,NA,NA,NA,NA,NA,NA,NA,NA,NA,NA,NA,NA,NA,NA,NA,NA,NA,NA,NA,NA,NA,NA,NA,NA,NA,NA,NA,NA,NA,NA,NA,NA,NA,NA,NA,NA,NA,NA,NA,NA,NA,NA,NA,NA,NA,NA,NA,NA,NA,NA,NA,NA,NA
NA,NA,NA,NA,NA,NA,NA,NA,NA,NA,NA,NA,NA,NA,NA,NA,31,2025-06-22,17:22:31,4,2,"Stillson, Tyler",10132173,Right,WLM_SHK,"Bonn, Preston",827396,Right,HOL_SPR1,Undefined,1,Bottom,2,1,0,Slider,Slider,BallCalled,Undefined,Undefined,Undefined,0,0,NA,82.77532,-0.707678,-1.978902,2069.028786,151.285184,11:00:00,6.07519,0.6568,5.77425,-31.38175,9.58508,-4.54898,2.80107,-1.56454,75.9422,-6.516062,-2.793123,0.460668,NA,NA,NA,NA,NA,NA,NA,NA,NA,NA,NA,1.76457,5.48272,-0.49045,50,5.99779,4.3333,-120.16135,-2.49527,2.5801,23.26858,-24.15738,HOL_SPR1,WLM_SHK,TingStadium,CPL,CPL,20250622-TingStadium-1,01d56a00-4faf-11f0-94df-5159efd1a280,81.82135,NA,NA,6.83312,NA,NA,NA,NA,NA,NA,7a202cac-ef26-47e8-8964-ed2f034dc92d,2025-06-22,21:22:31,2025-06-22T21:22:31Z,2025-06-22T21:22:31Z,NA,v3,NA,NA,NA,"Paulick, Jake",1000093630,Right,WLM_SHK,31bcb987-d4f4-49fc-a8cc-19b6c28f545d,54.72595,-121.07305,11.63429,6.07701,-1.54874,-12.07869,-0.65825,4.23221,1.29005,NA,NA,NA,NA,NA,NA,NA,NA,NA,NA,NA,NA,NA,NA,NA,NA,NA,NA,NA,NA,NA,NA,NA,NA,NA,NA,NA,NA,NA,NA,NA,NA,NA,NA,NA,NA,NA,NA,NA,NA,NA,NA,NA,NA,NA,NA,NA,NA,NA,NA,High,High,High,NA,NA,NA,NA,NA,NA,NA,NA,NA,NA,NA,NA,NA,NA,NA,NA,NA,NA,NA,NA,NA,NA,NA,NA,NA,NA,NA,NA,NA,NA,NA,NA,NA,NA,NA,NA,NA,NA,NA,NA,NA,NA,NA,NA,NA,NA,NA,NA,NA,NA,NA,NA,NA,NA,NA,NA,NA,NA
NA,NA,NA,NA,NA,NA,NA,NA,NA,NA,NA,NA,NA,NA,NA,NA,32,2025-06-22,17:22:50,4,3,"Stillson, Tyler",10132173,Right,WLM_SHK,"Bonn, Preston",827396,Right,HOL_SPR1,Undefined,1,Bottom,2,2,0,Slider,Slider,StrikeSwinging,Undefined,Undefined,Undefined,0,0,NA,82.76751,-0.842502,-1.19862,1876.783037,140.345305,10:45:00,6.06237,0.78637,5.62396,-32.15439,9.58268,-6.71508,2.59638,-0.89194,74.97551,-6.807402,-2.398226,0.464978,NA,NA,NA,NA,NA,NA,NA,NA,NA,NA,NA,3.00929,5.56658,-0.6798,50,5.97019,2.78733,-119.98867,-2.81925,4.32656,26.21092,-24.17081,HOL_SPR1,WLM_SHK,TingStadium,CPL,CPL,20250622-TingStadium-1,0d42fb50-4faf-11f0-94df-5159efd1a280,81.06285,NA,NA,7.792,NA,NA,NA,NA,NA,NA,7a202cac-ef26-47e8-8964-ed2f034dc92d,2025-06-22,21:22:50,2025-06-22T21:22:50Z,2025-06-22T21:22:50Z,NA,v3,NA,NA,NA,"Paulick, Jake",1000093630,Right,WLM_SHK,16936483-2e15-4d81-b09f-6e68b34a94f2,54.87433,-121.04876,13.10546,6.06444,-1.84168,-12.0854,-0.789,2.61235,2.16328,NA,NA,NA,NA,NA,NA,NA,NA,NA,NA,NA,NA,NA,NA,NA,NA,NA,NA,NA,NA,NA,NA,NA,NA,NA,NA,NA,NA,NA,NA,NA,NA,NA,NA,NA,NA,NA,NA,NA,NA,NA,NA,NA,NA,NA,NA,NA,NA,NA,NA,High,High,High,NA,NA,NA,NA,NA,NA,NA,NA,NA,NA,NA,NA,NA,NA,NA,NA,NA,NA,NA,NA,NA,NA,NA,NA,NA,NA,NA,NA,NA,NA,NA,NA,NA,NA,NA,NA,NA,NA,NA,NA,NA,NA,NA,NA,NA,NA,NA,NA,NA,NA,NA,NA,NA,NA,NA,NA,NA,NA
NA,NA,NA,NA,NA,NA,NA,NA,NA,NA,NA,NA,NA,NA,NA,NA,33,2025-06-22,17:23:10,4,4,"Stillson, Tyler",10132173,Right,WLM_SHK,"Bonn, Preston",827396,Right,HOL_SPR1,Undefined,1,Bottom,2,2,1,Fastball,Four-Seam,BallCalled,Undefined,Undefined,Undefined,0,0,NA,90.32936,-4.63589,-3.228157,1945.306874,209.836162,01:00:00,6.21322,0.39295,6.2,-14.80906,19.28009,10.41583,0.68333,-1.72229,82.73228,-7.46358,-1.35149,0.420223,NA,NA,NA,NA,NA,NA,NA,NA,NA,NA,NA,-6.2724,11.60115,-0.15492,50,5.85556,6.94258,-130.68972,-11.00304,-10.85583,27.36052,-12.09567,HOL_SPR1,WLM_SHK,TingStadium,CPL,CPL,20250622-TingStadium-1,1928c9e0-4faf-11f0-94df-5159efd1a280,89.69633,NA,NA,7.59707,NA,NA,NA,NA,NA,NA,7a202cac-ef26-47e8-8964-ed2f034dc92d,2025-06-22,21:23:10,2025-06-22T21:23:10Z,2025-06-22T21:23:10Z,NA,v3,NA,NA,NA,"Paulick, Jake",1000093630,Right,WLM_SHK,d033d656-0a6a-4221-a2e9-0efc22231bc2,54.30088,-131.58705,13.68026,6.20991,-10.60634,-6.04783,-0.38845,7.29861,-5.42792,NA,NA,NA,NA,NA,NA,NA,NA,NA,NA,NA,NA,NA,NA,NA,NA,NA,NA,NA,NA,NA,NA,NA,NA,NA,NA,NA,NA,NA,NA,NA,NA,NA,NA,NA,NA,NA,NA,NA,NA,NA,NA,NA,NA,NA,NA,NA,NA,NA,NA,High,High,High,NA,NA,NA,NA,NA,NA,NA,NA,NA,NA,NA,NA,NA,NA,NA,NA,NA,NA,NA,NA,NA,NA,NA,NA,NA,NA,NA,NA,NA,NA,NA,NA,NA,NA,NA,NA,NA,NA,NA,NA,NA,NA,NA,NA,NA,NA,NA,NA,NA,NA,NA,NA,NA,NA,NA,NA,NA,NA
NA,NA,NA,NA,NA,NA,NA,NA,NA,NA,NA,NA,NA,NA,NA,NA,34,2025-06-22,17:23:32,4,5,"Stillson, Tyler",10132173,Right,WLM_SHK,"Bonn, Preston",827396,Right,HOL_SPR1,Undefined,1,Bottom,2,3,1,Fastball,Four-Seam,FoulBallNotFieldable,Undefined,Undefined,Undefined,0,0,NA,90.77399,-1.989505,-2.140816,1969.98048,199.560681,12:45:00,6.33987,0.55934,6.11657,-14.66064,19.20513,6.41532,3.27662,-0.88638,82.43458,-4.81906,-0.985616,0.418843,75.72973,14.314337,168.620111,2153.970709,-108.83571,9.45724,15.95813,145.46812,59.71147,173.022115,1.599212,-3.9604,10.86016,-0.39847,50,6.17951,4.65625,-131.69615,-4.96677,-6.90607,29.82171,-13.23625,HOL_SPR1,WLM_SHK,TingStadium,CPL,CPL,20250622-TingStadium-1,268532e0-4faf-11f0-94df-5159efd1a280,89.99171,12.83049,NA,8.33941,NA,NA,NA,1.73716,3.26307,0.87539,7a202cac-ef26-47e8-8964-ed2f034dc92d,2025-06-22,21:23:32,2025-06-22T21:23:32Z,2025-06-22T21:23:32Z,LineDrive,v3,NA,NA,NA,"Paulick, Jake",1000093630,Right,WLM_SHK,731b7041-9045-4f7c-9c0d-331033496538,54.38399,-132.68516,14.91086,6.33695,-4.5278,-6.61813,-0.55669,4.88528,-3.45303,289.61584,1.73716,-105.50601,9.67991,-0.71056,0.11353,0.00314,-0.00171,9e-5,-1e-5,3.26307,27.46113,-20.9774,2.04093,-0.39494,0.08431,-0.01297,0.0018,-1.7e-4,0.87539,21.23521,-8.59546,1.62453,-0.36629,0.0688,-0.01149,0.00195,-1.8e-4,NA,NA,NA,NA,NA,NA,NA,NA,NA,NA,NA,NA,NA,NA,NA,NA,NA,NA,NA,NA,NA,NA,High,High,High,High,Medium,NA,NA,NA,NA,NA,NA,NA,NA,NA,NA,NA,NA,NA,NA,NA,NA,NA,NA,NA,NA,NA,NA,NA,NA,NA,NA,NA,NA,NA,NA,NA,NA,NA,NA,NA,NA,NA,NA,NA,NA,NA,NA,NA,NA,NA,NA,NA,NA,NA,NA,NA,NA,NA,NA,NA,NA
NA,NA,NA,NA,NA,NA,NA,NA,NA,NA,NA,NA,NA,NA,NA,NA,35,2025-06-22,17:23:55,4,6,"Stillson, Tyler",10132173,Right,WLM_SHK,"Bonn, Preston",827396,Right,HOL_SPR1,Undefined,1,Bottom,2,3,2,Slider,Slider,InPlay,Undefined,LineDrive,Out,1,0,NA,84.44234,-1.95439,-1.753729,2145.018205,166.990449,11:30:00,6.05483,0.81348,5.71443,-29.51974,10.09209,-2.03327,1.77253,-0.99029,77.30418,-7.411951,-2.117567,0.452985,91.55827,10.430007,-12.289236,1596.338673,107.11574,9.81199,-25.02358,173.45599,146.60546,-14.367426,1.550152,0.53449,6.07819,-0.66536,50,5.87288,3.83229,-122.5057,-5.14977,0.809,25.10047,-22.97392,HOL_SPR1,WLM_SHK,TingStadium,CPL,CPL,20250622-TingStadium-1,34420b60-4faf-11f0-94df-5159efd1a280,83.209,10.40449,NA,7.13816,NA,NA,NA,2.46139,1.93281,0.93266,7a202cac-ef26-47e8-8964-ed2f034dc92d,2025-06-22,21:23:55,2025-06-22T21:23:55Z,2025-06-22T21:23:55Z,LineDrive,v3,NA,NA,NA,"Paulick, Jake",1000093630,Right,WLM_SHK,b0767f8c-811a-40a8-827d-5299721c2215,54.78696,-123.48261,12.55024,6.05591,-4.25562,-11.48696,-0.8139,3.8008,0.4045,102.158783,2.46139,129.04019,-18.10228,3.24457,-0.68578,0.13331,-0.02601,0.00423,-3.7e-4,1.93281,24.31022,-18.45441,1.6323,-0.3176,0.06867,-0.01217,0.00196,-1.9e-4,0.93266,-28.10992,-0.90597,0.72875,-0.23002,0.05943,-0.01307,0.00221,-2e-4,NA,NA,NA,NA,NA,NA,NA,NA,NA,NA,NA,NA,NA,NA,NA,NA,NA,NA,NA,NA,NA,NA,High,High,High,High,Medium,NA,NA,NA,NA,NA,NA,NA,NA,NA,NA,NA,NA,NA,NA,NA,NA,NA,NA,NA,NA,NA,NA,NA,NA,NA,NA,NA,NA,NA,NA,NA,NA,NA,NA,NA,NA,NA,NA,NA,NA,NA,NA,NA,NA,NA,NA,NA,NA,NA,NA,NA,NA,NA,NA,NA,NA
NA,NA,NA,NA,NA,NA,NA,NA,NA,NA,NA,NA,NA,NA,NA,NA,36,2025-06-22,17:26:48,1,1,"Branson, Ashton",830338,Right,HOL_SPR1,"Gilkerson, Cameron",1000209112,Left,WLM_SHK,Undefined,2,Top,0,0,0,ChangeUp,Changeup,BallCalled,Undefined,Undefined,Undefined,0,0,NA,74.70218,2.153068,-2.467908,2181.567579,255.683861,02:30:00,6.0503,1.75151,5.23388,-44.76439,7.1239,20.92698,4.34667,1.17413,67.69858,-6.071515,1.238001,0.518449,NA,NA,NA,NA,NA,NA,NA,NA,NA,NA,NA,-11.10788,3.45382,-1.54019,50,6.21587,3.83698,-108.1683,2.62687,-13.04304,20.43922,-28.1185,HOL_SPR1,WLM_SHK,TingStadium,CPL,CPL,20250622-TingStadium-1,9b79fea0-4faf-11f0-94df-5159efd1a280,72.70229,NA,NA,7.00359,NA,NA,NA,NA,NA,NA,7a202cac-ef26-47e8-8964-ed2f034dc92d,2025-06-22,21:26:48,2025-06-22T21:26:48Z,2025-06-22T21:26:48Z,NA,v3,NA,NA,NA,"Bonn, Preston",827396,Right,HOL_SPR1,9a9dd708-b900-49d7-9415-fdfffeb26a3e,55.26606,-109.15883,10.21961,6.05554,3.98955,-14.05925,-1.74146,4.46907,-6.52152,NA,NA,NA,NA,NA,NA,NA,NA,NA,NA,NA,NA,NA,NA,NA,NA,NA,NA,NA,NA,NA,NA,NA,NA,NA,NA,NA,NA,NA,NA,NA,NA,NA,NA,NA,NA,NA,NA,NA,NA,NA,NA,NA,NA,NA,NA,NA,NA,NA,NA,High,High,High,NA,NA,NA,NA,NA,NA,NA,NA,NA,NA,NA,NA,NA,NA,NA,NA,NA,NA,NA,NA,NA,NA,NA,NA,NA,NA,NA,NA,NA,NA,NA,NA,NA,NA,NA,NA,NA,NA,NA,NA,NA,NA,NA,NA,NA,NA,NA,NA,NA,NA,NA,NA,NA,NA,NA,NA,NA,NA
NA,NA,NA,NA,NA,NA,NA,NA,NA,NA,NA,NA,NA,NA,NA,NA,37,2025-06-22,17:27:06,1,2,"Branson, Ashton",830338,Right,HOL_SPR1,"Gilkerson, Cameron",1000209112,Left,WLM_SHK,Undefined,2,Top,0,1,0,Fastball,Four-Seam,StrikeSwinging,Undefined,Undefined,Undefined,0,0,NA,87.39635,-1.387517,-2.35836,2211.244127,210.472622,01:00:00,6.156,1.49272,5.81061,-15.82564,21.13907,11.69524,3.54554,0.27293,79.27989,-4.432313,-0.264789,0.437588,NA,NA,NA,NA,NA,NA,NA,NA,NA,NA,NA,-6.6202,11.53497,-1.30602,50,6.0327,4.71691,-126.72361,-3.49126,-10.69667,27.43753,-13.53624,HOL_SPR1,WLM_SHK,TingStadium,CPL,CPL,20250622-TingStadium-1,a5ab3f60-4faf-11f0-94df-5159efd1a280,86.1369,NA,NA,8.11645,NA,NA,NA,NA,NA,NA,7a202cac-ef26-47e8-8964-ed2f034dc92d,2025-06-22,21:27:06,2025-06-22T21:27:06Z,2025-06-22T21:27:06Z,NA,v3,NA,NA,NA,"Bonn, Preston",827396,Right,HOL_SPR1,aef745b9-bcc0-4421-aead-bfa98b0b2a81,54.6881,-127.73462,13.71876,6.15216,-2.99248,-6.76812,-1.48708,5.11106,-5.34834,NA,NA,NA,NA,NA,NA,NA,NA,NA,NA,NA,NA,NA,NA,NA,NA,NA,NA,NA,NA,NA,NA,NA,NA,NA,NA,NA,NA,NA,NA,NA,NA,NA,NA,NA,NA,NA,NA,NA,NA,NA,NA,NA,NA,NA,NA,NA,NA,NA,NA,High,High,High,NA,NA,NA,NA,NA,NA,NA,NA,NA,NA,NA,NA,NA,NA,NA,NA,NA,NA,NA,NA,NA,NA,NA,NA,NA,NA,NA,NA,NA,NA,NA,NA,NA,NA,NA,NA,NA,NA,NA,NA,NA,NA,NA,NA,NA,NA,NA,NA,NA,NA,NA,NA,NA,NA,NA,NA,NA,NA
NA,NA,NA,NA,NA,NA,NA,NA,NA,NA,NA,NA,NA,NA,NA,NA,38,2025-06-22,17:27:24,1,3,"Branson, Ashton",830338,Right,HOL_SPR1,"Gilkerson, Cameron",1000209112,Left,WLM_SHK,Undefined,2,Top,0,1,1,ChangeUp,Changeup,InPlay,Undefined,GroundBall,Out,1,0,NA,79.15466,-0.552946,-3.049179,2315.44255,263.117685,02:45:00,5.95028,1.75743,5.23872,-41.76656,4.25768,22.46273,1.94925,0.76061,72.29694,-8.172757,0.935123,0.488275,38.89603,-24.244339,5.359763,NA,NA,NA,NA,6.70792,4.17179,-0.848441,0.076725,-12.20138,2.70725,-1.49446,50,5.86817,5.21184,-114.73119,-2.5394,-16.15937,22.49489,-28.58858,HOL_SPR1,WLM_SHK,TingStadium,CPL,CPL,20250622-TingStadium-1,b0ac5340-4faf-11f0-94df-5159efd1a280,77.19508,1.81277,NA,6.85772,NA,NA,NA,2.69952,1.81277,-0.47532,7a202cac-ef26-47e8-8964-ed2f034dc92d,2025-06-22,21:27:24,2025-06-22T21:27:24Z,2025-06-22T21:27:24Z,GroundBall,v3,NA,NA,NA,"Bonn, Preston",827396,Right,HOL_SPR1,ab938c17-41e8-4a6a-987b-ebc68c826036,55.26459,-115.7588,11.24744,5.95434,-1.23343,-14.29429,-1.74941,5.95003,-8.07969,180,2.69402,52.2343,NA,NA,NA,NA,NA,NA,NA,1.81526,-23.62693,NA,NA,NA,NA,NA,NA,NA,-0.47584,4.90059,NA,NA,NA,NA,NA,NA,NA,NA,NA,NA,NA,NA,NA,NA,NA,NA,NA,NA,NA,NA,NA,NA,NA,NA,NA,NA,NA,NA,NA,High,High,High,Low,Low,NA,NA,NA,NA,NA,NA,NA,NA,NA,NA,NA,NA,NA,NA,NA,NA,NA,NA,NA,NA,NA,NA,NA,NA,NA,NA,NA,NA,NA,NA,NA,NA,NA,NA,NA,NA,NA,NA,NA,NA,NA,NA,NA,NA,NA,NA,NA,NA,NA,NA,NA,NA,NA,NA,NA,NA
NA,NA,NA,NA,NA,NA,NA,NA,NA,NA,NA,NA,NA,NA,NA,NA,39,2025-06-22,17:27:58,2,1,"Branson, Ashton",830338,Right,HOL_SPR1,"Albus, Chaise",832754,Left,WLM_SHK,Undefined,2,Top,1,0,0,ChangeUp,Changeup,StrikeCalled,Undefined,Undefined,Undefined,0,0,NA,78.13131,0.288116,-3.82515,2210.766889,262.365905,02:45:00,5.97614,1.56531,5.2992,-42.78317,4.45681,21.24375,2.68198,-0.26105,71.14695,-7.54008,-0.059492,0.494682,NA,NA,NA,NA,NA,NA,NA,NA,NA,NA,NA,-11.80323,2.59654,-1.23327,50,5.97125,6.7216,-113.14799,-0.8661,-15.19515,21.98531,-28.83133,HOL_SPR1,WLM_SHK,TingStadium,CPL,CPL,20250622-TingStadium-1,c4cd37e0-4faf-11f0-94df-5159efd1a280,76.19528,NA,NA,6.98436,NA,NA,NA,NA,NA,NA,7a202cac-ef26-47e8-8964-ed2f034dc92d,2025-06-22,21:27:58,2025-06-22T21:27:58Z,2025-06-22T21:27:58Z,NA,v3,NA,NA,NA,"Bonn, Preston",827396,Right,HOL_SPR1,3facca22-44fb-4d24-b329-f5fe5cd0e7da,55.20331,-114.15455,10.99265,5.98069,0.45389,-14.41566,-1.55693,7.41728,-7.59758,NA,NA,NA,NA,NA,NA,NA,NA,NA,NA,NA,NA,NA,NA,NA,NA,NA,NA,NA,NA,NA,NA,NA,NA,NA,NA,NA,NA,NA,NA,NA,NA,NA,NA,NA,NA,NA,NA,NA,NA,NA,NA,NA,NA,NA,NA,NA,NA,NA,NA,High,High,High,NA,NA,NA,NA,NA,NA,NA,NA,NA,NA,NA,NA,NA,NA,NA,NA,NA,NA,NA,NA,NA,NA,NA,NA,NA,NA,NA,NA,NA,NA,NA,NA,NA,NA,NA,NA,NA,NA,NA,NA,NA,NA,NA,NA,NA,NA,NA,NA,NA,NA,NA,NA,NA,NA,NA,NA,NA,NA
NA,NA,NA,NA,NA,NA,NA,NA,NA,NA,NA,NA,NA,NA,NA,NA,40,2025-06-22,17:28:15,2,2,"Branson, Ashton",830338,Right,HOL_SPR1,"Albus, Chaise",832754,Left,WLM_SHK,Undefined,2,Top,1,0,1,Slider,Slider,BallCalled,Undefined,Undefined,Undefined,0,0,NA,81.61696,-2.324298,-0.03475,2051.260727,182.905589,12:00:00,6.18371,1.38262,5.95975,-35.72108,5.98059,0.23937,1.05035,1.37034,75.46395,-8.892595,0.00837,0.464781,NA,NA,NA,NA,NA,NA,NA,NA,NA,NA,NA,-0.13224,4.09929,-1.37999,50,5.97911,0.06281,-118.55337,-5.94236,-0.18884,21.9318,-26.31977,HOL_SPR1,WLM_SHK,TingStadium,CPL,CPL,20250622-TingStadium-1,cf552420-4faf-11f0-94df-5159efd1a280,81.09723,NA,NA,6.15301,NA,NA,NA,NA,NA,NA,7a202cac-ef26-47e8-8964-ed2f034dc92d,2025-06-22,21:28:15,2025-06-22T21:28:15Z,2025-06-22T21:28:15Z,NA,v3,NA,NA,NA,"Bonn, Preston",827396,Right,HOL_SPR1,3c997fe3-d4b0-481a-81c1-81fc0550926e,54.54158,-119.39058,10.9659,6.18677,-4.93764,-13.15989,-1.38253,0.07002,-0.09442,NA,NA,NA,NA,NA,NA,NA,NA,NA,NA,NA,NA,NA,NA,NA,NA,NA,NA,NA,NA,NA,NA,NA,NA,NA,NA,NA,NA,NA,NA,NA,NA,NA,NA,NA,NA,NA,NA,NA,NA,NA,NA,NA,NA,NA,NA,NA,NA,NA,NA,High,High,High,NA,NA,NA,NA,NA,NA,NA,NA,NA,NA,NA,NA,NA,NA,NA,NA,NA,NA,NA,NA,NA,NA,NA,NA,NA,NA,NA,NA,NA,NA,NA,NA,NA,NA,NA,NA,NA,NA,NA,NA,NA,NA,NA,NA,NA,NA,NA,NA,NA,NA,NA,NA,NA,NA,NA,NA,NA,NA
NA,NA,NA,NA,NA,NA,NA,NA,NA,NA,NA,NA,NA,NA,NA,NA,41,2025-06-22,17:28:35,2,3,"Branson, Ashton",830338,Right,HOL_SPR1,"Albus, Chaise",832754,Left,WLM_SHK,Undefined,2,Top,1,1,1,Fastball,Four-Seam,StrikeSwinging,Undefined,Undefined,Undefined,0,0,NA,88.6802,-2.114741,-2.142039,2238.435678,212.230139,01:00:00,6.09655,1.2953,5.8983,-15.22572,20.36245,12.1093,2.86212,0.31478,80.96332,-5.032442,0.029997,0.429363,NA,NA,NA,NA,NA,NA,NA,NA,NA,NA,NA,-6.79004,11.36005,-1.12976,50,5.91744,4.30229,-128.67263,-5.16817,-11.37555,26.8777,-13.14228,HOL_SPR1,WLM_SHK,TingStadium,CPL,CPL,20250622-TingStadium-1,dadccd20-4faf-11f0-94df-5159efd1a280,87.78697,NA,NA,7.71688,NA,NA,NA,NA,NA,NA,7a202cac-ef26-47e8-8964-ed2f034dc92d,2025-06-22,21:28:35,2025-06-22T21:28:35Z,2025-06-22T21:28:35Z,NA,v3,NA,NA,NA,"Bonn, Preston",827396,Right,HOL_SPR1,14d0e6d3-fe34-4a91-9b10-fe235ad7b996,54.60241,-129.63043,13.43885,6.09326,-4.69984,-6.57114,-1.2903,4.70767,-5.68778,NA,NA,NA,NA,NA,NA,NA,NA,NA,NA,NA,NA,NA,NA,NA,NA,NA,NA,NA,NA,NA,NA,NA,NA,NA,NA,NA,NA,NA,NA,NA,NA,NA,NA,NA,NA,NA,NA,NA,NA,NA,NA,NA,NA,NA,NA,NA,NA,NA,NA,High,High,High,NA,NA,NA,NA,NA,NA,NA,NA,NA,NA,NA,NA,NA,NA,NA,NA,NA,NA,NA,NA,NA,NA,NA,NA,NA,NA,NA,NA,NA,NA,NA,NA,NA,NA,NA,NA,NA,NA,NA,NA,NA,NA,NA,NA,NA,NA,NA,NA,NA,NA,NA,NA,NA,NA,NA,NA,NA,NA
NA,NA,NA,NA,NA,NA,NA,NA,NA,NA,NA,NA,NA,NA,NA,NA,42,2025-06-22,17:28:56,2,4,"Branson, Ashton",830338,Right,HOL_SPR1,"Albus, Chaise",832754,Left,WLM_SHK,Undefined,2,Top,1,1,2,Fastball,Four-Seam,StrikeSwinging,Strikeout,Undefined,Undefined,0,0,NA,89.43251,-1.380965,-2.270074,2189.836297,216.930005,01:15:00,6.07587,1.72649,5.87383,-15.76548,19.22328,13.60426,3.47813,0.75053,81.6273,-4.394741,0.168702,0.425731,NA,NA,NA,NA,NA,NA,NA,NA,NA,NA,NA,-7.57213,10.54627,-1.55057,50,5.95489,4.56334,-129.80607,-3.57604,-12.9163,27.23456,-14.18457,HOL_SPR1,WLM_SHK,TingStadium,CPL,CPL,20250622-TingStadium-1,e74168a0-4faf-11f0-94df-5159efd1a280,88.53573,NA,NA,7.80521,NA,NA,NA,NA,NA,NA,7a202cac-ef26-47e8-8964-ed2f034dc92d,2025-06-22,21:28:56,2025-06-22T21:28:56Z,2025-06-22T21:28:56Z,NA,v3,NA,NA,NA,"Bonn, Preston",827396,Right,HOL_SPR1,da1d16d4-636f-4090-9d4b-6652aa605c7b,54.62692,-130.77324,13.61728,6.07294,-3.07232,-7.09229,-1.72077,5.02203,-6.45815,NA,NA,NA,NA,NA,NA,NA,NA,NA,NA,NA,NA,NA,NA,NA,NA,NA,NA,NA,NA,NA,NA,NA,NA,NA,NA,NA,NA,62.09585,3.063915,1.964134,1.09978,-0.1088,3.3595,-0.75595,-3.48542,5.23786,-4.35339,72.33628,5.69811,-52.46089,-3.45298,73.29612,-3.97914,5.31163,17.25429,-15.35261,-4.42866,-49.64703,5.41585,High,High,High,NA,NA,High,High,High,NA,NA,NA,NA,NA,NA,NA,NA,NA,NA,NA,NA,NA,NA,NA,NA,NA,NA,NA,NA,NA,NA,NA,NA,NA,NA,NA,NA,NA,NA,NA,NA,NA,NA,NA,NA,NA,NA,NA,NA,NA,NA,NA,NA,NA,NA,NA,NA,NA,NA,NA,NA,NA
NA,NA,NA,NA,NA,NA,NA,NA,NA,NA,NA,NA,NA,NA,NA,NA,43,2025-06-22,17:29:28,3,1,"Branson, Ashton",830338,Right,HOL_SPR1,"Suto, Cameron",1000124567,Right,WLM_SHK,Undefined,2,Top,2,0,0,Slider,Slider,BallCalled,Undefined,Undefined,Undefined,0,0,NA,82.27128,-1.192023,-0.005786,2067.230209,150.037253,11:00:00,6.24623,1.38654,6.05753,-36.33049,4.70201,-1.96295,2.11515,1.21761,75.57015,-7.912343,-0.35984,0.461037,NA,NA,NA,NA,NA,NA,NA,NA,NA,NA,NA,1.02114,3.10937,-1.38501,50,6.13392,0.08445,-119.56728,-3.62024,1.47439,23.61849,-27.68458,HOL_SPR1,WLM_SHK,TingStadium,CPL,CPL,20250622-TingStadium-1,fa650180-4faf-11f0-94df-5159efd1a280,81.75586,NA,NA,6.70114,NA,NA,NA,NA,NA,NA,7a202cac-ef26-47e8-8964-ed2f034dc92d,2025-06-22,21:29:28,2025-06-22T21:29:28Z,2025-06-22T21:29:28Z,NA,v3,NA,NA,NA,"Bonn, Preston",827396,Right,HOL_SPR1,3f8aa496-4fca-4076-a95a-cbbf2c54535b,54.44522,-120.44215,11.80925,6.24903,-2.59475,-13.84229,-1.38712,0.02983,0.73719,NA,NA,NA,NA,NA,NA,NA,NA,NA,NA,NA,NA,NA,NA,NA,NA,NA,NA,NA,NA,NA,NA,NA,NA,NA,NA,NA,NA,NA,NA,NA,NA,NA,NA,NA,NA,NA,NA,NA,NA,NA,NA,NA,NA,NA,NA,NA,NA,NA,NA,High,High,High,NA,NA,NA,NA,NA,NA,NA,NA,NA,NA,NA,NA,NA,NA,NA,NA,NA,NA,NA,NA,NA,NA,NA,NA,NA,NA,NA,NA,NA,NA,NA,NA,NA,NA,NA,NA,NA,NA,NA,NA,NA,NA,NA,NA,NA,NA,NA,NA,NA,NA,NA,NA,NA,NA,NA,NA,NA,NA
NA,NA,NA,NA,NA,NA,NA,NA,NA,NA,NA,NA,NA,NA,NA,NA,44,2025-06-22,17:29:46,3,2,"Branson, Ashton",830338,Right,HOL_SPR1,"Suto, Cameron",1000124567,Right,WLM_SHK,Undefined,2,Top,2,1,0,ChangeUp,Changeup,StrikeSwinging,Undefined,Undefined,Undefined,0,0,NA,75.71592,-1.143779,-3.684247,2159.264106,261.66052,02:45:00,6.06593,1.54259,5.59793,-45.01841,4.74359,20.74143,1.24414,-0.17354,69.25628,-9.391491,0.018692,0.507715,NA,NA,NA,NA,NA,NA,NA,NA,NA,NA,NA,-11.76772,3.16036,-1.24074,50,5.93816,6.31772,-109.71365,-3.58504,-14.22241,20.93996,-28.35446,HOL_SPR1,WLM_SHK,TingStadium,CPL,CPL,20250622-TingStadium-1,0556ac10-4fb0-11f0-94df-5159efd1a280,74.23932,NA,NA,6.45964,NA,NA,NA,NA,NA,NA,7a202cac-ef26-47e8-8964-ed2f034dc92d,2025-06-22,21:29:46,2025-06-22T21:29:46Z,2025-06-22T21:29:46Z,NA,v3,NA,NA,NA,"Bonn, Preston",827396,Right,HOL_SPR1,cbb20395-3e44-4aec-aead-e11aa9cc5331,54.90592,-110.64603,10.46998,6.06968,-2.32252,-14.17723,-1.53615,6.95099,-7.11121,NA,NA,NA,NA,NA,NA,NA,NA,NA,NA,NA,NA,NA,NA,NA,NA,NA,NA,NA,NA,NA,NA,NA,NA,NA,NA,NA,NA,NA,NA,NA,NA,NA,NA,NA,NA,NA,NA,NA,NA,NA,NA,NA,NA,NA,NA,NA,NA,NA,NA,High,High,High,NA,NA,NA,NA,NA,NA,NA,NA,NA,NA,NA,NA,NA,NA,NA,NA,NA,NA,NA,NA,NA,NA,NA,NA,NA,NA,NA,NA,NA,NA,NA,NA,NA,NA,NA,NA,NA,NA,NA,NA,NA,NA,NA,NA,NA,NA,NA,NA,NA,NA,NA,NA,NA,NA,NA,NA,NA,NA
NA,NA,NA,NA,NA,NA,NA,NA,NA,NA,NA,NA,NA,NA,NA,NA,45,2025-06-22,17:30:19,3,3,"Branson, Ashton",830338,Right,HOL_SPR1,"Suto, Cameron",1000124567,Right,WLM_SHK,Undefined,2,Top,2,1,1,Slider,Slider,BallCalled,Undefined,Undefined,Undefined,0,0,NA,82.66327,-3.647905,-0.520868,2100.021684,180.882112,12:00:00,6.12333,1.34413,6.0764,-36.05526,4.34138,0.04886,-0.26141,0.86623000000000006,76.96718,-10.239544,-0.512037,0.45745,NA,NA,NA,NA,NA,NA,NA,NA,NA,NA,NA,-0.16358,3.35575,-1.30386,50,5.82075,1.09005,-120.08302,-8.75742,-0.24008,22.1575,-27.24948,HOL_SPR1,WLM_SHK,TingStadium,CPL,CPL,20250622-TingStadium-1,194228d0-4fb0-11f0-94df-5159efd1a280,82.39678,NA,NA,5.6961,NA,NA,NA,NA,NA,NA,7a202cac-ef26-47e8-8964-ed2f034dc92d,2025-06-22,21:30:19,2025-06-22T21:30:19Z,2025-06-22T21:30:19Z,NA,v3,NA,NA,NA,"Bonn, Preston",827396,Right,HOL_SPR1,e211c160-de87-40cc-817e-38d19a7d6c23,54.43058,-120.89778,11.07875,6.12435,-7.75542,-13.62474,-1.34411,1.09887,-0.12004,NA,NA,NA,NA,NA,NA,NA,NA,NA,NA,NA,NA,NA,NA,NA,NA,NA,NA,NA,NA,NA,NA,NA,NA,NA,NA,NA,NA,NA,NA,NA,NA,NA,NA,NA,NA,NA,NA,NA,NA,NA,NA,NA,NA,NA,NA,NA,NA,NA,NA,High,High,High,NA,NA,NA,NA,NA,NA,NA,NA,NA,NA,NA,NA,NA,NA,NA,NA,NA,NA,NA,NA,NA,NA,NA,NA,NA,NA,NA,NA,NA,NA,NA,NA,NA,NA,NA,NA,NA,NA,NA,NA,NA,NA,NA,NA,NA,NA,NA,NA,NA,NA,NA,NA,NA,NA,NA,NA,NA,NA
NA,NA,NA,NA,NA,NA,NA,NA,NA,NA,NA,NA,NA,NA,NA,NA,46,2025-06-22,17:30:41,3,4,"Branson, Ashton",830338,Right,HOL_SPR1,"Suto, Cameron",1000124567,Right,WLM_SHK,Undefined,2,Top,2,2,1,Fastball,Four-Seam,FoulBallNotFieldable,Undefined,Undefined,Undefined,0,0,NA,87.12831,-3.256735,-2.287072,2071.891583,217.090138,01:15:00,6.1408,1.3392,6.09362,-18.83851,18.10804,12.70942,1.55278,0.28164,79.14212,-6.841138,0.001904,0.43748,NA,NA,NA,NA,NA,NA,NA,NA,NA,NA,NA,-7.32493,10.74997,-1.16976,50,5.87953,4.54379,-126.2639,-7.71751,-11.70822,28.07915,-14.99122,HOL_SPR1,WLM_SHK,TingStadium,CPL,CPL,20250622-TingStadium-1,263c74a0-4fb0-11f0-94df-5159efd1a280,86.15807,NA,NA,7.98619,NA,NA,NA,NA,NA,NA,7a202cac-ef26-47e8-8964-ed2f034dc92d,2025-06-22,21:30:41,2025-06-22T21:30:41Z,2025-06-22T21:30:41Z,NA,v3,NA,NA,NA,"Bonn, Preston",827396,Right,HOL_SPR1,6ca5c0de-1925-4cc9-95d7-e69b85e3c0c4,54.40816,-127.24042,14.03958,6.13886,-7.19615,-7.49561,-1.33486,4.95098,-5.85411,NA,NA,NA,NA,NA,NA,NA,NA,NA,NA,NA,NA,NA,NA,NA,NA,NA,NA,NA,NA,NA,NA,NA,NA,NA,NA,NA,NA,NA,NA,NA,NA,NA,NA,NA,NA,NA,NA,NA,NA,NA,NA,NA,NA,NA,NA,NA,NA,NA,NA,High,High,High,NA,NA,NA,NA,NA,NA,NA,NA,NA,NA,NA,NA,NA,NA,NA,NA,NA,NA,NA,NA,NA,NA,NA,NA,NA,NA,NA,NA,NA,NA,NA,NA,NA,NA,NA,NA,NA,NA,NA,NA,NA,NA,NA,NA,NA,NA,NA,NA,NA,NA,NA,NA,NA,NA,NA,NA,NA,NA
NA,NA,NA,NA,NA,NA,NA,NA,NA,NA,NA,NA,NA,NA,NA,NA,47,2025-06-22,17:31:45,3,5,"Branson, Ashton",830338,Right,HOL_SPR1,"Suto, Cameron",1000124567,Right,WLM_SHK,Undefined,2,Top,2,2,2,ChangeUp,Changeup,FoulBallNotFieldable,Undefined,Undefined,Undefined,0,0,NA,77.28612,-0.230676,-4.408407,2189.488287,253.892235,02:30:00,5.97582,1.44327,6.02293,-39.86093,7.16559,19.25159,2.43978,-1.04374,70.41622,-7.632465,-0.953565,0.493563,61.56688,63.251987,142.805725,6747.079737,NA,NA,NA,NA,13.86568,NA,NA,-11.33654,4.17508,-1.10833,50,5.93585,7.95677,-111.97806,-1.61221,-14.28153,21.69728,-26.91434,HOL_SPR1,WLM_SHK,TingStadium,CPL,CPL,20250622-TingStadium-1,4ca1b5b0-4fb0-11f0-94df-5159efd1a280,76.368,30.01968,NA,6.8699,NA,NA,NA,4.26206,2.64797,0.94532,7a202cac-ef26-47e8-8964-ed2f034dc92d,2025-06-22,21:31:45,2025-06-22T21:31:45Z,2025-06-22T21:31:45Z,NA,v3,NA,NA,NA,"Bonn, Preston",827396,Right,HOL_SPR1,37d0a981-4cd5-457d-a9fc-a7613d0f82ae,54.48024,-112.84283,10.84864,5.97873,-0.53951,-13.45717,-1.4368,8.52597,-7.14076,342.28961,4.27439,-32.79068,-4.07607,NA,NA,NA,NA,NA,NA,2.66595,80.03694,-30.58216,NA,NA,NA,NA,NA,NA,0.95019,24.40599,-5.0819,NA,NA,NA,NA,NA,NA,NA,NA,NA,NA,NA,NA,NA,NA,NA,NA,NA,NA,NA,NA,NA,NA,NA,NA,NA,NA,NA,NA,High,High,High,Low,Undefined,NA,NA,NA,NA,NA,NA,NA,NA,NA,NA,NA,NA,NA,NA,NA,NA,NA,NA,NA,NA,NA,NA,NA,NA,NA,NA,NA,NA,NA,NA,NA,NA,NA,NA,NA,NA,NA,NA,NA,NA,NA,NA,NA,NA,NA,NA,NA,NA,NA,NA,NA,NA,NA,NA,NA,NA
NA,NA,NA,NA,NA,NA,NA,NA,NA,NA,NA,NA,NA,NA,NA,NA,48,2025-06-22,17:32:07,3,6,"Branson, Ashton",830338,Right,HOL_SPR1,"Suto, Cameron",1000124567,Right,WLM_SHK,Undefined,2,Top,2,2,2,Fastball,Slider,InPlay,Undefined,LineDrive,Single,0,0,NA,81.00416,-1.653246,-3.113953,2057.441344,193.902159,12:30:00,6.18355,1.47768,6.14177,-35.13159,6.62359,1.35496,1.72536,-1.29005,75.43842,-8.124137,-2.869857,0.465079,84.43216,10.517544,4.22673,1098.60875,109.42848,8.10801,11.19657,156.2044,152.94246,6.157974,1.480994,-1.46878,4.15351,-1.24081,50,6.03877,6.35551,-117.69807,-4.45771,-2.08531,19.80184,-26.27713,HOL_SPR1,WLM_SHK,TingStadium,CPL,CPL,20250622-TingStadium-1,59a77330-4fb0-11f0-94df-5159efd1a280,81.04526,9.4912,NA,5.56574,NA,NA,NA,2.95582,1.94104,1.17165,7a202cac-ef26-47e8-8964-ed2f034dc92d,2025-06-22,21:32:07,2025-06-22T21:32:07Z,2025-06-22T21:32:07Z,LineDrive,v3,NA,NA,NA,"Bonn, Preston",827396,Right,HOL_SPR1,bb17f69e-cd87-43bf-8ac9-2d9d316118c9,54.3624,-118.42974,9.90092,6.18554,-3.48679,-13.13857,-1.47707,6.43256,-1.04266,244.890523,2.95582,121.42197,-16.03149,3.10282,-0.63956,0.12397,-0.02415,0.00397,-3.5e-4,1.94104,22.60417,-17.69431,1.30433,-0.22982,0.04453,-0.00681,0.00116,-1.2e-4,1.17165,8.97363,1.75789,-0.70153,0.20419,-0.0496,0.01074,-0.00182,1.7e-4,NA,NA,NA,NA,NA,NA,NA,NA,NA,NA,NA,NA,NA,NA,NA,NA,NA,NA,NA,NA,NA,NA,High,High,High,High,High,NA,NA,NA,NA,NA,NA,NA,NA,NA,NA,NA,NA,NA,NA,NA,NA,NA,NA,NA,NA,NA,NA,NA,NA,NA,NA,NA,NA,NA,NA,NA,NA,NA,NA,NA,NA,NA,NA,NA,NA,NA,NA,NA,NA,NA,NA,NA,NA,NA,NA,NA,NA,NA,NA,NA,NA
NA,NA,NA,NA,NA,NA,NA,NA,NA,NA,NA,NA,NA,NA,NA,NA,49,2025-06-22,17:32:46,4,1,"Branson, Ashton",830338,Right,HOL_SPR1,"Vidal, Andre",824180,Right,WLM_SHK,Undefined,2,Top,2,0,0,Fastball,Four-Seam,FoulBallNotFieldable,Undefined,Undefined,Undefined,0,0,NA,87.72247,-2.757004,-2.624273,2060.018752,202.209098,12:45:00,6.14899,1.55229,5.98061,-17.2917,19.13765,7.3139,2.14767,-0.27257,79.95088,-6.050954,-1.311096,0.434408,71.53466,39.013254,146.200386,4490.746452,NA,NA,NA,NA,43.99955,NA,NA,-4.52677,11.00386,-1.3488,50,5.92115,5.52906,-127.15235,-6.61191,-7.37959,27.10407,-14.23542,HOL_SPR1,WLM_SHK,TingStadium,CPL,CPL,20250622-TingStadium-1,7098b5e0-4fb0-11f0-94df-5159efd1a280,86.76746,29.99082,NA,7.77159,NA,NA,NA,1.29613,1.89809,0.42244,7a202cac-ef26-47e8-8964-ed2f034dc92d,2025-06-22,21:32:46,2025-06-22T21:32:46Z,2025-06-22T21:32:46Z,NA,v3,NA,NA,NA,"Bonn, Preston",827396,Right,HOL_SPR1,cd203dc1-33c0-4f06-a3f2-59aa73f5084f,54.51997,-128.11221,13.55203,6.14638,-6.10777,-7.11771,-1.54923,5.7904,-3.68979,NA,1.29613,-67.74283,-0.28314,1.84495,-0.62764,0.18129,-0.01906,-0.02301,0.01388,1.89809,66.04547,-31.76335,5.197,-1.1665,0.29089,-0.17701,0.17879,-0.08402,0.42244,45.34921,-7.02497,-0.19294,0.25817,-0.08837,-0.06288,0.11494,-0.05768,NA,NA,NA,NA,NA,NA,NA,NA,NA,NA,NA,NA,NA,NA,NA,NA,NA,NA,NA,NA,NA,NA,High,High,High,High,Undefined,NA,NA,NA,NA,NA,NA,NA,NA,NA,NA,NA,NA,NA,NA,NA,NA,NA,NA,NA,NA,NA,NA,NA,NA,NA,NA,NA,NA,NA,NA,NA,NA,NA,NA,NA,NA,NA,NA,NA,NA,NA,NA,NA,NA,NA,NA,NA,NA,NA,NA,NA,NA,NA,NA,NA,NA
NA,NA,NA,NA,NA,NA,NA,NA,NA,NA,NA,NA,NA,NA,NA,NA,50,2025-06-22,17:33:11,4,2,"Branson, Ashton",830338,Right,HOL_SPR1,"Vidal, Andre",824180,Right,WLM_SHK,Undefined,2,Top,2,0,1,ChangeUp,Changeup,BallCalled,Undefined,Undefined,Undefined,0,0,NA,77.95639,-1.911194,-4.843941,2217.767954,244.703859,02:15:00,5.95076,1.46362,5.85414,-35.79923,10.62036,19.20064,1.18461,-1.448,71.43378,-8.528583,-1.411037,0.490368,NA,NA,NA,NA,NA,NA,NA,NA,NA,NA,NA,-11.18257,6.4389,-1.08041,50,5.77399,8.84719,-112.80832,-4.84917,-14.38207,20.89196,-23.89285,HOL_SPR1,WLM_SHK,TingStadium,CPL,CPL,20250622-TingStadium-1,7f9c6640-4fb0-11f0-94df-5159efd1a280,76.86565,NA,NA,6.52261,NA,NA,NA,NA,NA,NA,7a202cac-ef26-47e8-8964-ed2f034dc92d,2025-06-22,21:33:11,2025-06-22T21:33:11Z,2025-06-22T21:33:11Z,NA,v3,NA,NA,NA,"Bonn, Preston",827396,Right,HOL_SPR1,172b9aea-f996-4882-821f-5fc13be81973,54.64757,-113.66578,10.44598,5.95289,-3.86854,-11.94643,-1.45564,9.43747,-7.19104,NA,NA,NA,NA,NA,NA,NA,NA,NA,NA,NA,NA,NA,NA,NA,NA,NA,NA,NA,NA,NA,NA,NA,NA,NA,NA,NA,NA,NA,NA,NA,NA,NA,NA,NA,NA,NA,NA,NA,NA,NA,NA,NA,NA,NA,NA,NA,NA,NA,NA,High,High,High,NA,NA,NA,NA,NA,NA,NA,NA,NA,NA,NA,NA,NA,NA,NA,NA,NA,NA,NA,NA,NA,NA,NA,NA,NA,NA,NA,NA,NA,NA,NA,NA,NA,NA,NA,NA,NA,NA,NA,NA,NA,NA,NA,NA,NA,NA,NA,NA,NA,NA,NA,NA,NA,NA,NA,NA,NA,NA
NA,NA,NA,NA,NA,NA,NA,NA,NA,NA,NA,NA,NA,NA,NA,NA,51,2025-06-22,17:33:32,4,3,"Branson, Ashton",830338,Right,HOL_SPR1,"Vidal, Andre",824180,Right,WLM_SHK,Undefined,2,Top,2,1,1,Fastball,Four-Seam,BallCalled,Undefined,Undefined,Undefined,0,0,NA,87.88798,-2.649317,-3.995554,2100.830361,208.903314,01:00:00,6.07715,1.27833,6.02833,-20.38899,15.71276,8.04276,1.91668,-1.75792,80.59849,-6.482227,-2.553243,0.43245,NA,NA,NA,NA,NA,NA,NA,NA,NA,NA,NA,-5.20985,9.15201,-0.96959,50,5.85815,8.56208,-127.30347,-6.51397,-8.57086,25.52504,-17.11782,HOL_SPR1,WLM_SHK,TingStadium,CPL,CPL,20250622-TingStadium-1,8c2ca5a0-4fb0-11f0-94df-5159efd1a280,87.16029,NA,NA,7.28949,NA,NA,NA,NA,NA,NA,7a202cac-ef26-47e8-8964-ed2f034dc92d,2025-06-22,21:33:32,2025-06-22T21:33:32Z,2025-06-22T21:33:32Z,NA,v3,NA,NA,NA,"Bonn, Preston",827396,Right,HOL_SPR1,73114f3b-6e35-410e-ae19-f11e2541d1a8,54.47219,-128.19703,12.76252,6.0757,-5.91472,-8.55891,-1.27458,8.8621200000000009,-4.28543,NA,NA,NA,NA,NA,NA,NA,NA,NA,NA,NA,NA,NA,NA,NA,NA,NA,NA,NA,NA,NA,NA,NA,NA,NA,NA,NA,NA,NA,NA,NA,NA,NA,NA,NA,NA,NA,NA,NA,NA,NA,NA,NA,NA,NA,NA,NA,NA,NA,NA,High,High,High,NA,NA,NA,NA,NA,NA,NA,NA,NA,NA,NA,NA,NA,NA,NA,NA,NA,NA,NA,NA,NA,NA,NA,NA,NA,NA,NA,NA,NA,NA,NA,NA,NA,NA,NA,NA,NA,NA,NA,NA,NA,NA,NA,NA,NA,NA,NA,NA,NA,NA,NA,NA,NA,NA,NA,NA,NA,NA
NA,NA,NA,NA,NA,NA,NA,NA,NA,NA,NA,NA,NA,NA,NA,NA,52,2025-06-22,17:33:53,4,4,"Branson, Ashton",830338,Right,HOL_SPR1,"Vidal, Andre",824180,Right,WLM_SHK,Undefined,2,Top,2,2,1,ChangeUp,Changeup,StrikeSwinging,Undefined,Undefined,Undefined,0,0,NA,75.25457,-0.1221,-3.795967,2306.838952,261.173313,02:45:00,5.94759,1.5456,5.87106,-44.92632,4.3211,18.22147,2.09006,-0.46715,69.49822,-8.379238,-0.530283,0.505083,NA,NA,NA,NA,NA,NA,NA,NA,NA,NA,NA,-10.34382,2.69177,-1.2486,50,5.91143,6.6024,-109.21068,-1.57438,-12.5541,18.34607,-28.90709,HOL_SPR1,WLM_SHK,TingStadium,CPL,CPL,20250622-TingStadium-1,987f8de0-4fb0-11f0-94df-5159efd1a280,74.62617,NA,NA,5.75635,NA,NA,NA,NA,NA,NA,7a202cac-ef26-47e8-8964-ed2f034dc92d,2025-06-22,21:33:53,2025-06-22T21:33:53Z,2025-06-22T21:33:53Z,NA,v3,NA,NA,NA,"Bonn, Preston",827396,Right,HOL_SPR1,dc0be59b-715b-4a19-bee0-b5970567288b,54.63256,-109.98614,9.17304,5.95216,-0.35252,-14.45355,-1.53889,7.13304,-6.27705,NA,NA,NA,NA,NA,NA,NA,NA,NA,NA,NA,NA,NA,NA,NA,NA,NA,NA,NA,NA,NA,NA,NA,NA,NA,NA,NA,NA,NA,NA,NA,NA,NA,NA,NA,NA,NA,NA,NA,NA,NA,NA,NA,NA,NA,NA,NA,NA,NA,NA,High,High,High,NA,NA,NA,NA,NA,NA,NA,NA,NA,NA,NA,NA,NA,NA,NA,NA,NA,NA,NA,NA,NA,NA,NA,NA,NA,NA,NA,NA,NA,NA,NA,NA,NA,NA,NA,NA,NA,NA,NA,NA,NA,NA,NA,NA,NA,NA,NA,NA,NA,NA,NA,NA,NA,NA,NA,NA,NA,NA
NA,NA,NA,NA,NA,NA,NA,NA,NA,NA,NA,NA,NA,NA,NA,NA,53,2025-06-22,17:34:13,4,5,"Branson, Ashton",830338,Right,HOL_SPR1,"Vidal, Andre",824180,Right,WLM_SHK,Undefined,2,Top,2,2,2,ChangeUp,Changeup,FoulBallNotFieldable,Undefined,Undefined,Undefined,0,0,NA,75.80367,-0.75537,-3.22567,2256.094555,247.518756,02:15:00,6.05105,1.47131,5.6678,-40.7099,8.26138,16.29162,1.95307,-0.18198,69.87682,-8.233101,-0.314835,0.503665,79.57495,-10.903279,-57.615569,NA,NA,NA,NA,8.19601,7.95764,-44.929168,0.058348,-9.20111,4.83457,-1.20921,50,5.96124,5.61117,-109.99554,-2.69093,-11.30518,18.98524,-26.23394,HOL_SPR1,WLM_SHK,TingStadium,CPL,CPL,20250622-TingStadium-1,a475fe40-4fb0-11f0-94df-5159efd1a280,74.83626,1.28978,NA,5.92686,NA,NA,NA,2.21643,1.28978,-0.13397,7a202cac-ef26-47e8-8964-ed2f034dc92d,2025-06-22,21:34:13,2025-06-22T21:34:13Z,2025-06-22T21:34:13Z,GroundBall,v3,NA,NA,NA,"Bonn, Preston",827396,Right,HOL_SPR1,b24f4f09-4905-483e-840b-b5ea4633469f,54.83524,-110.82696,9.49262,6.05392,-1.54206,-13.11697,-1.46578,6.10626,-5.65259,180,2.21568,61.46146,NA,NA,NA,NA,NA,NA,NA,1.29005,-22.10477,NA,NA,NA,NA,NA,NA,NA,-0.13278,-96.90595,NA,NA,NA,NA,NA,NA,NA,NA,NA,NA,NA,NA,NA,NA,NA,NA,NA,NA,NA,NA,NA,NA,NA,NA,NA,NA,NA,NA,NA,High,High,High,Low,High,NA,NA,NA,NA,NA,NA,NA,NA,NA,NA,NA,NA,NA,NA,NA,NA,NA,NA,NA,NA,NA,NA,NA,NA,NA,NA,NA,NA,NA,NA,NA,NA,NA,NA,NA,NA,NA,NA,NA,NA,NA,NA,NA,NA,NA,NA,NA,NA,NA,NA,NA,NA,NA,NA,NA,NA
NA,NA,NA,NA,NA,NA,NA,NA,NA,NA,NA,NA,NA,NA,NA,NA,54,2025-06-22,17:34:44,4,6,"Branson, Ashton",830338,Right,HOL_SPR1,"Vidal, Andre",824180,Right,WLM_SHK,Undefined,2,Top,2,2,2,Slider,Slider,BallCalled,Undefined,Undefined,Undefined,0,0,NA,80.34633,-2.057208,-0.973285,1955.036101,182.848216,12:00:00,5.95548,1.48528,6.17333,-35.44998,6.86052,0.28319,1.10016,0.60985,74.89134,-8.589725,-0.922094,0.468161,NA,NA,NA,NA,NA,NA,NA,NA,NA,NA,NA,-0.38831,4.36733,-1.41177,50,5.78117,1.97601,-116.88247,-5.24599,-0.54329,19.67732,-26.06351,HOL_SPR1,WLM_SHK,TingStadium,CPL,CPL,20250622-TingStadium-1,b6d73180-4fb0-11f0-94df-5159efd1a280,80.51166,NA,NA,5.45498,NA,NA,NA,NA,NA,NA,7a202cac-ef26-47e8-8964-ed2f034dc92d,2025-06-22,21:34:44,2025-06-22T21:34:44Z,2025-06-22T21:34:44Z,NA,v3,NA,NA,NA,"Bonn, Preston",827396,Right,HOL_SPR1,76edbc0f-e8e6-4333-9553-72f42f6921a7,54.33144,-117.60941,9.83866,5.95719,-4.28312,-13.03176,-1.48514,1.99608,-0.27165,NA,NA,NA,NA,NA,NA,NA,NA,NA,NA,NA,NA,NA,NA,NA,NA,NA,NA,NA,NA,NA,NA,NA,NA,NA,NA,NA,NA,NA,NA,NA,NA,NA,NA,NA,NA,NA,NA,NA,NA,NA,NA,NA,NA,NA,NA,NA,NA,NA,NA,High,High,High,NA,NA,NA,NA,NA,NA,NA,NA,NA,NA,NA,NA,NA,NA,NA,NA,NA,NA,NA,NA,NA,NA,NA,NA,NA,NA,NA,NA,NA,NA,NA,NA,NA,NA,NA,NA,NA,NA,NA,NA,NA,NA,NA,NA,NA,NA,NA,NA,NA,NA,NA,NA,NA,NA,NA,NA,NA,NA
NA,NA,NA,NA,NA,NA,NA,NA,NA,NA,NA,NA,NA,NA,NA,NA,55,2025-06-22,17:35:13,4,7,"Branson, Ashton",830338,Right,HOL_SPR1,"Vidal, Andre",824180,Right,WLM_SHK,Undefined,2,Top,2,3,2,ChangeUp,Changeup,StrikeSwinging,Strikeout,Undefined,Undefined,0,0,NA,74.5947,-1.319024,-3.796547,2143.713376,268.190697,03:00:00,6.00505,1.53827,5.80134,-48.63109,2.40417,19.71977,0.72271,-0.35478,68.20359,-10.239078,-0.261246,0.51417,NA,NA,NA,NA,NA,NA,NA,NA,NA,NA,NA,-11.35859,2.07626,-1.23825,50,5.86709,6.48456,-108.07511,-3.94195,-13.27893,20.86894,-29.74675,HOL_SPR1,WLM_SHK,TingStadium,CPL,CPL,20250622-TingStadium-1,c85ea690-4fb0-11f0-94df-5159efd1a280,73.30739,NA,NA,6.39111,NA,NA,NA,NA,NA,NA,7a202cac-ef26-47e8-8964-ed2f034dc92d,2025-06-22,21:35:13,2025-06-22T21:35:13Z,2025-06-22T21:35:13Z,NA,v3,NA,NA,NA,"Bonn, Preston",827396,Right,HOL_SPR1,82cdad42-3b93-407d-8ffa-897ae0fb1606,54.70217,-108.9793,10.43447,6.00996,-2.65311,-14.87338,-1.53167,7.0599,-6.63947,NA,NA,NA,NA,NA,NA,NA,NA,NA,NA,NA,NA,NA,NA,NA,NA,NA,NA,NA,NA,NA,NA,NA,NA,NA,NA,NA,NA,NA,NA,NA,NA,NA,NA,NA,NA,NA,NA,NA,NA,NA,NA,NA,NA,NA,NA,NA,NA,NA,NA,High,High,High,NA,NA,NA,NA,NA,NA,NA,NA,NA,NA,NA,NA,NA,NA,NA,NA,NA,NA,NA,NA,NA,NA,NA,NA,NA,NA,NA,NA,NA,NA,NA,NA,NA,NA,NA,NA,NA,NA,NA,NA,NA,NA,NA,NA,NA,NA,NA,NA,NA,NA,NA,NA,NA,NA,NA,NA,NA,NA
NA,NA,NA,NA,NA,NA,NA,NA,NA,NA,NA,NA,NA,NA,NA,NA,56,2025-06-22,17:37:22,1,1,"Stillson, Tyler",10132173,Right,WLM_SHK,"Schramm, Lukas",1000064187,Right,HOL_SPR1,Undefined,2,Bottom,0,0,0,Fastball,Four-Seam,StrikeSwinging,Undefined,Undefined,Undefined,0,0,NA,88.50877,-2.305062,-1.443626,2090.216035,200.600474,12:45:00,6.43138,0.40313,5.79136,-16.24674,19.61005,6.93465,2.93129,-0.36225,80.87601,-5.396449,-0.201641,0.43098,NA,NA,NA,NA,NA,NA,NA,NA,NA,NA,NA,-3.92457,10.98064,-0.28837,50,6.23169,2.93868,-128.41552,-5.63387,-6.5516,26.66083,-13.84326,HOL_SPR1,WLM_SHK,TingStadium,CPL,CPL,20250622-TingStadium-1,14d42ae0-4fb1-11f0-94df-5159efd1a280,87.45751,NA,NA,7.63276,NA,NA,NA,NA,NA,NA,7a202cac-ef26-47e8-8964-ed2f034dc92d,2025-06-22,21:37:22,2025-06-22T21:37:22Z,2025-06-22T21:37:22Z,NA,v3,NA,NA,NA,"Paulick, Jake",1000093630,Right,WLM_SHK,7ae8f3ca-9443-4dd7-ae30-b198b75dffcf,54.70838,-129.38935,13.33041,6.42824,-5.12822,-6.92163,-0.40008,3.17799,-3.2758,NA,NA,NA,NA,NA,NA,NA,NA,NA,NA,NA,NA,NA,NA,NA,NA,NA,NA,NA,NA,NA,NA,NA,NA,NA,NA,NA,NA,NA,NA,NA,NA,NA,NA,NA,NA,NA,NA,NA,NA,NA,NA,NA,NA,NA,NA,NA,NA,NA,NA,High,High,High,NA,NA,NA,NA,NA,NA,NA,NA,NA,NA,NA,NA,NA,NA,NA,NA,NA,NA,NA,NA,NA,NA,NA,NA,NA,NA,NA,NA,NA,NA,NA,NA,NA,NA,NA,NA,NA,NA,NA,NA,NA,NA,NA,NA,NA,NA,NA,NA,NA,NA,NA,NA,NA,NA,NA,NA,NA,NA
NA,NA,NA,NA,NA,NA,NA,NA,NA,NA,NA,NA,NA,NA,NA,NA,57,2025-06-22,17:37:38,1,2,"Stillson, Tyler",10132173,Right,WLM_SHK,"Schramm, Lukas",1000064187,Right,HOL_SPR1,Undefined,2,Bottom,0,0,1,Slider,Slider,BallCalled,Undefined,Undefined,Undefined,0,0,NA,81.22597,-2.375192,-2.451502,2028.979798,137.457158,10:30:00,6.0921,0.70056,5.61383,-37.65372,5.76126,-3.89118,0.73403,-1.91328,74.05837,-9.274255,-3.146648,0.474232,NA,NA,NA,NA,NA,NA,NA,NA,NA,NA,NA,1.20079,4.12079,-0.48842,50,5.86479,5.19066,-117.62048,-6.12872,1.66075,24.9631,-26.47481,HOL_SPR1,WLM_SHK,TingStadium,CPL,CPL,20250622-TingStadium-1,1e92d3b0-4fb1-11f0-94df-5159efd1a280,79.48096,NA,NA,7.1676,NA,NA,NA,NA,NA,NA,7a202cac-ef26-47e8-8964-ed2f034dc92d,2025-06-22,21:37:38,2025-06-22T21:37:38Z,2025-06-22T21:37:38Z,NA,v3,NA,NA,NA,"Paulick, Jake",1000093630,Right,WLM_SHK,ac6bcb78-5036-49c0-98af-c7014db86586,54.88575,-118.65287,12.48155,6.09561,-5.03381,-13.23741,-0.70166,5.12198,0.83038,NA,NA,NA,NA,NA,NA,NA,NA,NA,NA,NA,NA,NA,NA,NA,NA,NA,NA,NA,NA,NA,NA,NA,NA,NA,NA,NA,NA,NA,NA,NA,NA,NA,NA,NA,NA,NA,NA,NA,NA,NA,NA,NA,NA,NA,NA,NA,NA,NA,NA,High,High,High,NA,NA,NA,NA,NA,NA,NA,NA,NA,NA,NA,NA,NA,NA,NA,NA,NA,NA,NA,NA,NA,NA,NA,NA,NA,NA,NA,NA,NA,NA,NA,NA,NA,NA,NA,NA,NA,NA,NA,NA,NA,NA,NA,NA,NA,NA,NA,NA,NA,NA,NA,NA,NA,NA,NA,NA,NA,NA
NA,NA,NA,NA,NA,NA,NA,NA,NA,NA,NA,NA,NA,NA,NA,NA,58,2025-06-22,17:37:54,1,3,"Stillson, Tyler",10132173,Right,WLM_SHK,"Schramm, Lukas",1000064187,Right,HOL_SPR1,Undefined,2,Bottom,0,1,1,Fastball,Four-Seam,StrikeCalled,Undefined,Undefined,Undefined,0,0,NA,89.55954,-3.026399,-2.569977,2035.125317,200.76891,12:45:00,6.30637,0.54485,5.87348,-15.56288,19.58395,6.97355,2.19294,-1.26275,81.5044,-6.000331,-1.320458,0.426692,NA,NA,NA,NA,NA,NA,NA,NA,NA,NA,NA,-4.30016,11.23969,-0.34075,50,6.05202,5.52211,-129.73479,-7.29757,-7.29361,28.36022,-13.11004,HOL_SPR1,WLM_SHK,TingStadium,CPL,CPL,20250622-TingStadium-1,282c1a30-4fb1-11f0-94df-5159efd1a280,88.336429999999993,NA,NA,8.05514,NA,NA,NA,NA,NA,NA,7a202cac-ef26-47e8-8964-ed2f034dc92d,2025-06-22,21:37:54,2025-06-22T21:37:54Z,2025-06-22T21:37:54Z,NA,v3,NA,NA,NA,"Paulick, Jake",1000093630,Right,WLM_SHK,2d585d67-a2a7-4a04-8e40-6912f9f1abcb,54.62576,-130.74208,14.18011,6.30294,-6.83193,-6.55502,-0.54148,5.78116,-3.6468,NA,NA,NA,NA,NA,NA,NA,NA,NA,NA,NA,NA,NA,NA,NA,NA,NA,NA,NA,NA,NA,NA,NA,NA,NA,NA,NA,NA,NA,NA,NA,NA,NA,NA,NA,NA,NA,NA,NA,NA,NA,NA,NA,NA,NA,NA,NA,NA,NA,NA,High,High,High,NA,NA,NA,NA,NA,NA,NA,NA,NA,NA,NA,NA,NA,NA,NA,NA,NA,NA,NA,NA,NA,NA,NA,NA,NA,NA,NA,NA,NA,NA,NA,NA,NA,NA,NA,NA,NA,NA,NA,NA,NA,NA,NA,NA,NA,NA,NA,NA,NA,NA,NA,NA,NA,NA,NA,NA,NA,NA
NA,NA,NA,NA,NA,NA,NA,NA,NA,NA,NA,NA,NA,NA,NA,NA,59,2025-06-22,17:38:12,1,4,"Stillson, Tyler",10132173,Right,WLM_SHK,"Schramm, Lukas",1000064187,Right,HOL_SPR1,Undefined,2,Bottom,0,1,2,Slider,Slider,StrikeSwinging,Strikeout,Undefined,Undefined,0,0,NA,82.35504,0.40384,-0.883216,1979.231107,119.916243,10:00:00,6.06268,0.72875,5.3395,-37.72325,4.88646,-5.86874,3.298,-0.58899,74.50293,-6.534521,-1.926146,0.469814,NA,NA,NA,NA,NA,NA,NA,NA,NA,NA,NA,2.64847,2.77819,-0.64472,50,6.07242,2.08963,-119.36046,-0.4838,3.76756,25.96174,-28.22194,HOL_SPR1,WLM_SHK,TingStadium,CPL,CPL,20250622-TingStadium-1,32c23740-4fb1-11f0-94df-5159efd1a280,80.22849,NA,NA,7.85211,NA,NA,NA,NA,NA,NA,7a202cac-ef26-47e8-8964-ed2f034dc92d,2025-06-22,21:38:12,2025-06-22T21:38:12Z,2025-06-22T21:38:12Z,NA,v3,NA,NA,NA,"Paulick, Jake",1000093630,Right,WLM_SHK,c1c29f1f-3f59-4080-b3ad-18f6b138438a,55.15906,-120.47736,12.98087,6.06712,0.73034,-14.11097,-0.73113,1.92755,1.88378,NA,NA,NA,NA,NA,NA,NA,NA,NA,NA,NA,NA,NA,NA,NA,NA,NA,NA,NA,NA,NA,NA,NA,NA,NA,NA,NA,NA,65.46821,NA,NA,1.009058,NA,NA,NA,2.73431,6.06442,2.66536,70.30099,0.30901,-54.47844,2.75079,71.0019,-4.05137,6.08799,8.47992,-14.12557,2.62904,-63.24716,6.65787,High,High,High,NA,NA,High,High,High,NA,NA,NA,NA,NA,NA,NA,NA,NA,NA,NA,NA,NA,NA,NA,NA,NA,NA,NA,NA,NA,NA,NA,NA,NA,NA,NA,NA,NA,NA,NA,NA,NA,NA,NA,NA,NA,NA,NA,NA,NA,NA,NA,NA,NA,NA,NA,NA,NA,NA,NA,NA,NA
NA,NA,NA,NA,NA,NA,NA,NA,NA,NA,NA,NA,NA,NA,NA,NA,60,2025-06-22,17:38:45,2,1,"Stillson, Tyler",10132173,Right,WLM_SHK,"Hausner, Anthony",1000136562,Left,HOL_SPR1,Undefined,2,Bottom,1,0,0,Fastball,Four-Seam,BallCalled,Undefined,Undefined,Undefined,0,0,NA,88.50233,-1.710412,-2.177907,2074.738785,203.2838,12:45:00,6.25677,0.63987,5.90287,-17.94631,17.81131,7.16296,3.17179,-0.78602,80.74413,-5.117802,-0.893164,0.430384,NA,NA,NA,NA,NA,NA,NA,NA,NA,NA,NA,-4.29457,9.96422,-0.46884,50,6.1089,4.58545,-128.42307,-4.36396,-7.15633,27.14481,-15.57,HOL_SPR1,WLM_SHK,TingStadium,CPL,CPL,20250622-TingStadium-1,46c6ba40-4fb1-11f0-94df-5159efd1a280,87.57872,NA,NA,7.7582,NA,NA,NA,NA,NA,NA,7a202cac-ef26-47e8-8964-ed2f034dc92d,2025-06-22,21:38:45,2025-06-22T21:38:45Z,2025-06-22T21:38:45Z,NA,v3,NA,NA,NA,"Paulick, Jake",1000093630,Right,WLM_SHK,fc503896-5b85-4f7a-a4f5-40ab721689ec,54.59784,-129.39127,13.57241,6.25465,-3.80861,-7.785,-0.63694,4.8407,-3.57817,NA,NA,NA,NA,NA,NA,NA,NA,NA,NA,NA,NA,NA,NA,NA,NA,NA,NA,NA,NA,NA,NA,NA,NA,NA,NA,NA,NA,NA,NA,NA,NA,NA,NA,NA,NA,NA,NA,NA,NA,NA,NA,NA,NA,NA,NA,NA,NA,NA,NA,High,High,High,NA,NA,NA,NA,NA,NA,NA,NA,NA,NA,NA,NA,NA,NA,NA,NA,NA,NA,NA,NA,NA,NA,NA,NA,NA,NA,NA,NA,NA,NA,NA,NA,NA,NA,NA,NA,NA,NA,NA,NA,NA,NA,NA,NA,NA,NA,NA,NA,NA,NA,NA,NA,NA,NA,NA,NA,NA,NA
NA,NA,NA,NA,NA,NA,NA,NA,NA,NA,NA,NA,NA,NA,NA,NA,61,2025-06-22,17:39:01,2,2,"Stillson, Tyler",10132173,Right,WLM_SHK,"Hausner, Anthony",1000136562,Left,HOL_SPR1,Undefined,2,Bottom,1,1,0,ChangeUp,Changeup,BallCalled,Undefined,Undefined,Undefined,0,0,NA,76.9233,0.624356,0.050155,1435.49427,265.153098,02:45:00,5.67764,0.96001,5.5362,-45.52975,2.75343,13.06068,2.46713,2.09529,70.04401,-7.738402,2.38125,0.500114,NA,NA,NA,NA,NA,NA,NA,NA,NA,NA,NA,-6.558,1.70831,-0.97319,50,5.70182,-0.60259,-111.60617,-0.25597,-8.18332,22.08674,-30.04236,HOL_SPR1,WLM_SHK,TingStadium,CPL,CPL,20250622-TingStadium-1,4fe3cbe0-4fb1-11f0-94df-5159efd1a280,75.36763,NA,NA,6.87929,NA,NA,NA,NA,NA,NA,7a202cac-ef26-47e8-8964-ed2f034dc92d,2025-06-22,21:39:01,2025-06-22T21:39:01Z,2025-06-22T21:39:01Z,NA,v3,NA,NA,NA,"Paulick, Jake",1000093630,Right,WLM_SHK,8aa36cce-4230-4041-a085-b7f740d48a7d,54.96408,-112.58427,11.04337,5.6837,1.07445,-15.02118,-0.95453,-0.2402,-4.09166,NA,NA,NA,NA,NA,NA,NA,NA,NA,NA,NA,NA,NA,NA,NA,NA,NA,NA,NA,NA,NA,NA,NA,NA,NA,NA,NA,NA,NA,NA,NA,NA,NA,NA,NA,NA,NA,NA,NA,NA,NA,NA,NA,NA,NA,NA,NA,NA,NA,NA,High,High,High,NA,NA,NA,NA,NA,NA,NA,NA,NA,NA,NA,NA,NA,NA,NA,NA,NA,NA,NA,NA,NA,NA,NA,NA,NA,NA,NA,NA,NA,NA,NA,NA,NA,NA,NA,NA,NA,NA,NA,NA,NA,NA,NA,NA,NA,NA,NA,NA,NA,NA,NA,NA,NA,NA,NA,NA,NA,NA
NA,NA,NA,NA,NA,NA,NA,NA,NA,NA,NA,NA,NA,NA,NA,NA,62,2025-06-22,17:39:17,2,3,"Stillson, Tyler",10132173,Right,WLM_SHK,"Hausner, Anthony",1000136562,Left,HOL_SPR1,Undefined,2,Bottom,1,2,0,Slider,Slider,BallCalled,Undefined,Undefined,Undefined,0,0,NA,80.31515,1.316309,0.414361,1982.084915,122.326897,10:00:00,5.86646,1.06445,5.43949,-40.47707,4.1904,-4.10689,3.72624,1.11023,72.523,-6.147642,-0.316779,0.481024,NA,NA,NA,NA,NA,NA,NA,NA,NA,NA,NA,2.18433,2.18165,-1.09823,50,5.95541,-0.67194,-116.39427,1.29907,2.9534,24.78138,-29.224240000000002,HOL_SPR1,WLM_SHK,TingStadium,CPL,CPL,20250622-TingStadium-1,59874b90-4fb1-11f0-94df-5159efd1a280,78.35869,NA,NA,7.79215,NA,NA,NA,NA,NA,NA,7a202cac-ef26-47e8-8964-ed2f034dc92d,2025-06-22,21:39:17,2025-06-22T21:39:17Z,2025-06-22T21:39:17Z,NA,v3,NA,NA,NA,"Paulick, Jake",1000093630,Right,WLM_SHK,63489bb6-78ce-4c50-b2a6-1b4e2c44a04c,55.05862,-117.46636,12.39069,5.87186,2.56336,-14.612120000000001,-1.0664,-0.7997,1.4767,NA,NA,NA,NA,NA,NA,NA,NA,NA,NA,NA,NA,NA,NA,NA,NA,NA,NA,NA,NA,NA,NA,NA,NA,NA,NA,NA,NA,NA,NA,NA,NA,NA,NA,NA,NA,NA,NA,NA,NA,NA,NA,NA,NA,NA,NA,NA,NA,NA,NA,High,High,High,NA,NA,NA,NA,NA,NA,NA,NA,NA,NA,NA,NA,NA,NA,NA,NA,NA,NA,NA,NA,NA,NA,NA,NA,NA,NA,NA,NA,NA,NA,NA,NA,NA,NA,NA,NA,NA,NA,NA,NA,NA,NA,NA,NA,NA,NA,NA,NA,NA,NA,NA,NA,NA,NA,NA,NA,NA,NA
NA,NA,NA,NA,NA,NA,NA,NA,NA,NA,NA,NA,NA,NA,NA,NA,63,2025-06-22,17:39:33,2,4,"Stillson, Tyler",10132173,Right,WLM_SHK,"Hausner, Anthony",1000136562,Left,HOL_SPR1,Undefined,2,Bottom,1,3,0,Fastball,Changeup,StrikeCalled,Undefined,Undefined,Undefined,0,0,NA,87.4242,-2.071358,-2.239522,1671.966674,214.142979,01:15:00,5.95719,0.81992,5.98372,-24.15249,12.48631,7.64099,2.02218,-0.62025,79.75731,-6.594087,-0.86604,0.435654,NA,NA,NA,NA,NA,NA,NA,NA,NA,NA,NA,-4.62,7.38886,-0.64732,50,5.78004,4.65484,-126.83543,-5.34819,-7.48468,27.27183,-20.20367,HOL_SPR1,WLM_SHK,TingStadium,CPL,CPL,20250622-TingStadium-1,62f9f740-4fb1-11f0-94df-5159efd1a280,86.51916,NA,NA,7.66689,NA,NA,NA,NA,NA,NA,7a202cac-ef26-47e8-8964-ed2f034dc92d,2025-06-22,21:39:33,2025-06-22T21:39:33Z,2025-06-22T21:39:33Z,NA,v3,NA,NA,NA,"Paulick, Jake",1000093630,Right,WLM_SHK,873f5630-0b1b-4bbf-9d61-e161cc396d9a,54.51806,-127.8032,13.63592,5.9571,-4.63124,-10.10183,-0.81721,4.92044,-3.74234,NA,NA,NA,NA,NA,NA,NA,NA,NA,NA,NA,NA,NA,NA,NA,NA,NA,NA,NA,NA,NA,NA,NA,NA,NA,NA,NA,NA,NA,NA,NA,NA,NA,NA,NA,NA,NA,NA,NA,NA,NA,NA,NA,NA,NA,NA,NA,NA,NA,NA,High,High,High,NA,NA,NA,NA,NA,NA,NA,NA,NA,NA,NA,NA,NA,NA,NA,NA,NA,NA,NA,NA,NA,NA,NA,NA,NA,NA,NA,NA,NA,NA,NA,NA,NA,NA,NA,NA,NA,NA,NA,NA,NA,NA,NA,NA,NA,NA,NA,NA,NA,NA,NA,NA,NA,NA,NA,NA,NA,NA
NA,NA,NA,NA,NA,NA,NA,NA,NA,NA,NA,NA,NA,NA,NA,NA,64,2025-06-22,17:39:47,2,5,"Stillson, Tyler",10132173,Right,WLM_SHK,"Hausner, Anthony",1000136562,Left,HOL_SPR1,Undefined,2,Bottom,1,3,1,Fastball,Changeup,InPlay,Undefined,LineDrive,Out,1,0,NA,89.94627,-1.128276,-1.738653,1611.224539,214.823484,01:15:00,6.09571,0.81233,5.96387,-22.54241,11.94705,7.54079,3.17034,-0.17197,82.15189,-5.356179,-0.383508,0.422683,90.54771,22.770882,27.769563,1287.009783,95.98471,36.12146,53.73016,289.18099,264.60388,31.035716,3.374443,-4.38815,6.78937,-0.67866,50,5.99357,3.65162,-130.61997,-3.30289,-7.56417,28.09069,-20.47071,HOL_SPR1,WLM_SHK,TingStadium,CPL,CPL,20250622-TingStadium-1,6bb64b40-4fb1-11f0-94df-5159efd1a280,89.17425,40.68625,NA,7.79438,NA,NA,NA,2.13501,3.22213,0.147,7a202cac-ef26-47e8-8964-ed2f034dc92d,2025-06-22,21:39:47,2025-06-22T21:39:47Z,2025-06-22T21:39:47Z,LineDrive,v3,NA,NA,NA,"Paulick, Jake",1000093630,Right,WLM_SHK,f3cf006a-8c49-4c14-bc91-b266f1d9d8e8,54.53776,-131.59223,14.04534,6.09563,-2.59437,-10.23535,-0.80958,3.91343,-3.78209,239.949176,2.13589,108.31441,-16.58894,2.87934,0.04338,-0.44714,0.1887,-0.03433,0.00243,3.22165,51.41836,-20.44972,2.5818,-0.77934,0.29913,-0.08016,0.01125,-6.3e-4,0.14751,57.03341,-2.27243,-1.47738,0.93485,-0.43486,0.12844,-0.02138,0.00149,NA,NA,NA,NA,NA,NA,NA,NA,NA,NA,NA,NA,NA,NA,NA,NA,NA,NA,NA,NA,NA,NA,High,High,High,High,Medium,NA,NA,NA,NA,NA,NA,NA,NA,NA,NA,NA,NA,NA,NA,NA,NA,NA,NA,NA,NA,NA,NA,NA,NA,NA,NA,NA,NA,NA,NA,NA,NA,NA,NA,NA,NA,NA,NA,NA,NA,NA,NA,NA,NA,NA,NA,NA,NA,NA,NA,NA,NA,NA,NA,NA,NA
NA,NA,NA,NA,NA,NA,NA,NA,NA,NA,NA,NA,NA,NA,NA,NA,65,2025-06-22,17:40:22,3,1,"Stillson, Tyler",10132173,Right,WLM_SHK,"McCoy, Parker",815497,Right,HOL_SPR1,Undefined,2,Bottom,2,0,0,Fastball,Four-Seam,BallCalled,Undefined,Undefined,Undefined,0,0,NA,88.73943,0.606308,-1.03923,1956.987491,193.53039,12:30:00,6.31399,0.54227,5.90045,-16.49733,18.9497,4.29355,5.50221,-0.06484,80.91759,-2.549704,-0.268852,0.42851,NA,NA,NA,NA,NA,NA,NA,NA,NA,NA,NA,-2.47268,9.84666,-0.46105,50,6.35322,2.1543,-128.88147,0.903,-4.15974,26.738,-15.60908,HOL_SPR1,WLM_SHK,TingStadium,CPL,CPL,20250622-TingStadium-1,802e9eb0-4fb1-11f0-94df-5159efd1a280,87.96157,NA,NA,7.82184,NA,NA,NA,NA,NA,NA,7a202cac-ef26-47e8-8964-ed2f034dc92d,2025-06-22,21:40:22,2025-06-22T21:40:22Z,2025-06-22T21:40:22Z,NA,v3,NA,NA,NA,"Paulick, Jake",1000093630,Right,WLM_SHK,551cc915-0255-495f-ac5d-a6786e8386fb,54.59876,-129.83203,13.369,6.31125,1.45792,-7.80454,-0.54027,2.30218,-2.07987,NA,NA,NA,NA,NA,NA,NA,NA,NA,NA,NA,NA,NA,NA,NA,NA,NA,NA,NA,NA,NA,NA,NA,NA,NA,NA,NA,NA,NA,NA,NA,NA,NA,NA,NA,NA,NA,NA,NA,NA,NA,NA,NA,NA,NA,NA,NA,NA,NA,NA,High,High,High,NA,NA,NA,NA,NA,NA,NA,NA,NA,NA,NA,NA,NA,NA,NA,NA,NA,NA,NA,NA,NA,NA,NA,NA,NA,NA,NA,NA,NA,NA,NA,NA,NA,NA,NA,NA,NA,NA,NA,NA,NA,NA,NA,NA,NA,NA,NA,NA,NA,NA,NA,NA,NA,NA,NA,NA,NA,NA
NA,NA,NA,NA,NA,NA,NA,NA,NA,NA,NA,NA,NA,NA,NA,NA,66,2025-06-22,17:40:39,3,2,"Stillson, Tyler",10132173,Right,WLM_SHK,"McCoy, Parker",815497,Right,HOL_SPR1,Undefined,2,Bottom,2,1,0,Fastball,Four-Seam,StrikeCalled,Undefined,Undefined,Undefined,0,0,NA,88.53793,-1.512298,-1.9151,1786.033173,200.75001,12:45:00,6.17857,0.57967,5.88763,-19.03194,16.60241,5.86343,3.18715,-0.71074,81.01291,-5.106721,-0.863405,0.429641,NA,NA,NA,NA,NA,NA,NA,NA,NA,NA,NA,-3.52386,9.25485,-0.4285,50,6.04552,4.05114,-128.53056,-3.97031,-5.9007,26.39225,-16.67691,HOL_SPR1,WLM_SHK,TingStadium,CPL,CPL,20250622-TingStadium-1,8aa1ca70-4fb1-11f0-94df-5159efd1a280,87.7301,NA,NA,7.52502,NA,NA,NA,NA,NA,NA,7a202cac-ef26-47e8-8964-ed2f034dc92d,2025-06-22,21:40:39,2025-06-22T21:40:39Z,2025-06-22T21:40:39Z,NA,v3,NA,NA,NA,"Paulick, Jake",1000093630,Right,WLM_SHK,9d28be79-80f4-48ee-a43b-b668eadbe1d1,54.61274,-129.47426,13.19613,6.17682,-3.37399,-8.33845,-0.57713,4.26213,-2.95035,NA,NA,NA,NA,NA,NA,NA,NA,NA,NA,NA,NA,NA,NA,NA,NA,NA,NA,NA,NA,NA,NA,NA,NA,NA,NA,NA,NA,NA,NA,NA,NA,NA,NA,NA,NA,NA,NA,NA,NA,NA,NA,NA,NA,NA,NA,NA,NA,NA,NA,High,High,High,NA,NA,NA,NA,NA,NA,NA,NA,NA,NA,NA,NA,NA,NA,NA,NA,NA,NA,NA,NA,NA,NA,NA,NA,NA,NA,NA,NA,NA,NA,NA,NA,NA,NA,NA,NA,NA,NA,NA,NA,NA,NA,NA,NA,NA,NA,NA,NA,NA,NA,NA,NA,NA,NA,NA,NA,NA,NA
NA,NA,NA,NA,NA,NA,NA,NA,NA,NA,NA,NA,NA,NA,NA,NA,67,2025-06-22,17:40:56,3,3,"Stillson, Tyler",10132173,Right,WLM_SHK,"McCoy, Parker",815497,Right,HOL_SPR1,Undefined,2,Bottom,2,1,1,Slider,Slider,StrikeSwinging,Undefined,Undefined,Undefined,0,0,NA,82.4112,0.160136,-0.351728,1885.372326,128.793048,10:15:00,5.9874,0.84312,5.40772,-37.2349,5.24402,-4.62902,3.03454,0.1278,74.48585,-6.701394,-1.175766,0.469092,NA,NA,NA,NA,NA,NA,NA,NA,NA,NA,NA,2.19945,3.05205,-0.80851,50,5.97604,0.92974,-119.44855,-0.96141,3.13005,26.22799,-27.83066,HOL_SPR1,WLM_SHK,TingStadium,CPL,CPL,20250622-TingStadium-1,94ec3880-4fb1-11f0-94df-5159efd1a280,80.35191,NA,NA,7.92535,NA,NA,NA,NA,NA,NA,7a202cac-ef26-47e8-8964-ed2f034dc92d,2025-06-22,21:40:56,2025-06-22T21:40:56Z,2025-06-22T21:40:56Z,NA,v3,NA,NA,NA,"Paulick, Jake",1000093630,Right,WLM_SHK,0e2319b6-6f5e-4add-86e8-a592450f4551,55.09028,-120.56107,13.11399,5.99178,0.21909,-13.91533,-0.84513,0.79698,1.56502,NA,NA,NA,NA,NA,NA,NA,NA,NA,NA,NA,NA,NA,NA,NA,NA,NA,NA,NA,NA,NA,NA,NA,NA,NA,NA,NA,NA,NA,NA,NA,NA,NA,NA,NA,NA,NA,NA,NA,NA,NA,NA,NA,NA,NA,NA,NA,NA,NA,NA,High,High,High,NA,NA,NA,NA,NA,NA,NA,NA,NA,NA,NA,NA,NA,NA,NA,NA,NA,NA,NA,NA,NA,NA,NA,NA,NA,NA,NA,NA,NA,NA,NA,NA,NA,NA,NA,NA,NA,NA,NA,NA,NA,NA,NA,NA,NA,NA,NA,NA,NA,NA,NA,NA,NA,NA,NA,NA,NA,NA
NA,NA,NA,NA,NA,NA,NA,NA,NA,NA,NA,NA,NA,NA,NA,NA,68,2025-06-22,17:41:18,3,4,"Stillson, Tyler",10132173,Right,WLM_SHK,"McCoy, Parker",815497,Right,HOL_SPR1,Undefined,2,Bottom,2,1,2,Fastball,Four-Seam,InPlay,Undefined,GroundBall,Out,1,0,NA,91.30117,-2.960646,-0.492936,1831.831708,207.613676,01:00:00,6.50631,0.24562,5.74148,-18.27009,15.60272,7.57481,2.22444,0.41784,83.3239,-6.394909,0.863561,0.418887,84.92056,0.433608,-30.84027,2327.485448,NA,NA,NA,35.58593,35.41611,-29.288376,0.278924,-4.0326,9.15737,-0.20945,50,6.24873,0.8127,-132.42474,-7.43855,-7.13053,29.39563,-15.9818,HOL_SPR1,WLM_SHK,TingStadium,CPL,CPL,20250622-TingStadium-1,a19752e0-4fb1-11f0-94df-5159efd1a280,89.98231,2.05929,NA,7.97727,NA,NA,NA,2.3889,2.0527,-0.28202,7a202cac-ef26-47e8-8964-ed2f034dc92d,2025-06-22,21:41:18,2025-06-22T21:41:18Z,2025-06-22T21:41:18Z,GroundBall,v3,NA,NA,NA,"Paulick, Jake",1000093630,Right,WLM_SHK,1fedf689-4db9-451f-89cf-940bc8a069f7,54.76021,-133.47722,14.69782,6.50481,-6.86633,-7.9909,-0.24312,1.068,-3.56527,NA,2.38965,106.90018,-15.04468,NA,NA,NA,NA,NA,NA,2.05781,0.69911,-29.02036,NA,NA,NA,NA,NA,NA,-0.28239,-63.83074,8.71265,NA,NA,NA,NA,NA,NA,NA,NA,NA,NA,NA,NA,NA,NA,NA,NA,NA,NA,NA,NA,NA,NA,NA,NA,NA,NA,NA,NA,High,High,High,Medium,High,NA,NA,NA,NA,NA,NA,NA,NA,NA,NA,NA,NA,NA,NA,NA,NA,NA,NA,NA,NA,NA,NA,NA,NA,NA,NA,NA,NA,NA,NA,NA,NA,NA,NA,NA,NA,NA,NA,NA,NA,NA,NA,NA,NA,NA,NA,NA,NA,NA,NA,NA,NA,NA,NA,NA,NA
NA,NA,NA,NA,NA,NA,NA,NA,NA,NA,NA,NA,NA,NA,NA,NA,69,2025-06-22,17:43:46,1,1,"Branson, Ashton",830338,Right,HOL_SPR1,"Culley, Jason",1000254934,Left,WLM_SHK,Undefined,3,Top,0,0,0,Fastball,Changeup,InPlay,Undefined,LineDrive,Out,1,0,NA,86.46621,-1.957755,-2.187143,1981.486918,212.879146,01:00:00,6.24505,1.34747,5.64913,-20.45222,17.33064,10.41253,2.71253,0.1741,79.05113,-5.799097,-0.327766,0.442404,88.34404,22.030776,0.753391,1900.434741,109.99996,36.5205,-0.08198,296.5118,290.93757,-1.012753,3.50416,-5.93504,9.72571,-1.1688,50,6.06602,4.35943,-125.43591,-4.92828,-9.44791,25.57448,-16.6918,HOL_SPR1,WLM_SHK,TingStadium,CPL,CPL,20250622-TingStadium-1,fa620960-4fb1-11f0-94df-5159efd1a280,85.19919,41.987,NA,7.41508,NA,NA,NA,1.66759,2.73406,-0.19526,7a202cac-ef26-47e8-8964-ed2f034dc92d,2025-06-22,21:43:46,2025-06-22T21:43:46Z,2025-06-22T21:43:46Z,LineDrive,v3,NA,NA,NA,"Bonn, Preston",827396,Right,HOL_SPR1,4a6d7370-2f09-46cf-8a24-ac39efb8fb05,54.85265,-126.42142,12.78724,6.24354,-4.28507,-8.3459,-1.3438,4.7235,-4.72395,167.45777,1.6677,120.09556,-18.42517,3.99793,-0.74482,0.09519,-6.2e-4,-0.00236,2.9e-4,2.7339,48.60843,-16.2885,1.00136,-0.24869,0.10045,-0.03448,0.00698,-5.8e-4,-0.19525,1.57902,-1.86617,0.54555,-0.13486,0.02874,-0.00486,5.9e-4,-4e-5,NA,NA,NA,NA,NA,NA,NA,NA,NA,NA,NA,NA,NA,NA,NA,NA,NA,NA,NA,NA,NA,NA,High,High,High,High,High,NA,NA,NA,NA,NA,NA,NA,NA,NA,NA,NA,NA,NA,NA,NA,NA,NA,NA,NA,NA,NA,NA,NA,NA,NA,NA,NA,NA,NA,NA,NA,NA,NA,NA,NA,NA,NA,NA,NA,NA,NA,NA,NA,NA,NA,NA,NA,NA,NA,NA,NA,NA,NA,NA,NA,NA
NA,NA,NA,NA,NA,NA,NA,NA,NA,NA,NA,NA,NA,NA,NA,NA,70,2025-06-22,17:44:18,2,1,"Branson, Ashton",830338,Right,HOL_SPR1,"Miller, Brady",1000357366,Right,WLM_SHK,Undefined,3,Top,1,0,0,Fastball,Four-Seam,FoulBallNotFieldable,Undefined,Undefined,Undefined,0,0,NA,87.32306,-1.519663,-1.520304,1887.850108,206.487698,01:00:00,6.26461,1.38971,5.86357,-19.7367,17.27536,7.96874,3.2072600000000002,0.64105,79.15957,-5.266474,-0.091057,0.437868,60.51162,38.532470000000004,137.268901,7516.284012,NA,NA,NA,NA,35.09174,NA,NA,-4.54327,9.67678,-1.27111,50,6.12999,3.02972,-126.66712,-3.94485,-7.31059,28.19036,-16.60314,HOL_SPR1,WLM_SHK,TingStadium,CPL,CPL,20250622-TingStadium-1,0d52d270-4fb2-11f0-94df-5159efd1a280,86.0818,26.83044,NA,8.1635,NA,NA,NA,1.54757,2.91105,-0.78527,7a202cac-ef26-47e8-8964-ed2f034dc92d,2025-06-22,21:44:18,2025-06-22T21:44:18Z,2025-06-22T21:44:18Z,NA,v3,NA,NA,NA,"Bonn, Preston",827396,Right,HOL_SPR1,3abb795e-11e5-4aae-92de-68bd2a52721b,54.6361,-127.69474,14.09518,6.26276,-3.33962,-8.30157,-1.3864,3.29622,-3.65529,307.409427,1.54757,-50.99613,0.63618,-0.13785,0.0252,-0.00469,1.3e-4,8.8e-4,-4.6e-4,2.91105,55.28767,-23.28739,2.59606,-0.5534,0.10901,-0.02313,0.00436,-4.6e-4,-0.78527,47.10915,-9.09788,2.05227,-0.39159,0.08001,-0.01499,7.9e-4,6.9e-4,NA,NA,NA,NA,NA,NA,NA,NA,NA,NA,NA,NA,NA,NA,NA,NA,NA,NA,NA,NA,NA,NA,High,High,High,High,Undefined,NA,NA,NA,NA,NA,NA,NA,NA,NA,NA,NA,NA,NA,NA,NA,NA,NA,NA,NA,NA,NA,NA,NA,NA,NA,NA,NA,NA,NA,NA,NA,NA,NA,NA,NA,NA,NA,NA,NA,NA,NA,NA,NA,NA,NA,NA,NA,NA,NA,NA,NA,NA,NA,NA,NA,NA
NA,NA,NA,NA,NA,NA,NA,NA,NA,NA,NA,NA,NA,NA,NA,NA,71,2025-06-22,17:44:42,2,2,"Branson, Ashton",830338,Right,HOL_SPR1,"Miller, Brady",1000357366,Right,WLM_SHK,Undefined,3,Top,1,0,1,Fastball,Four-Seam,BallCalled,Undefined,Undefined,Undefined,0,0,NA,86.61364,-1.853716,-1.177642,2143.697398,209.111121,01:00:00,6.29592,1.51307,5.75791,-18.79107,18.59257,9.69595,3.00347,1.22469,79.33706,-5.401594,0.558298,0.44006,NA,NA,NA,NA,NA,NA,NA,NA,NA,NA,NA,-5.28626,10.35398,-1.42149,50,6.13082,2.18663,-125.76116,-4.63197,-8.47694,25.19654,-15.57059,HOL_SPR1,WLM_SHK,TingStadium,CPL,CPL,20250622-TingStadium-1,1b218540-4fb2-11f0-94df-5159efd1a280,85.65286,NA,NA,7.27658,NA,NA,NA,NA,NA,NA,7a202cac-ef26-47e8-8964-ed2f034dc92d,2025-06-22,21:44:42,2025-06-22T21:44:42Z,2025-06-22T21:44:42Z,NA,v3,NA,NA,NA,"Bonn, Preston",827396,Right,HOL_SPR1,9f974c6b-5981-4dbc-b0ef-01aa16cbbc29,54.74365,-126.70799,12.59827,6.29389,-4.04685,-7.7853,-1.50965,2.50517,-4.23847,NA,NA,NA,NA,NA,NA,NA,NA,NA,NA,NA,NA,NA,NA,NA,NA,NA,NA,NA,NA,NA,NA,NA,NA,NA,NA,NA,NA,NA,NA,NA,NA,NA,NA,NA,NA,NA,NA,NA,NA,NA,NA,NA,NA,NA,NA,NA,NA,NA,NA,High,High,High,NA,NA,NA,NA,NA,NA,NA,NA,NA,NA,NA,NA,NA,NA,NA,NA,NA,NA,NA,NA,NA,NA,NA,NA,NA,NA,NA,NA,NA,NA,NA,NA,NA,NA,NA,NA,NA,NA,NA,NA,NA,NA,NA,NA,NA,NA,NA,NA,NA,NA,NA,NA,NA,NA,NA,NA,NA,NA
NA,NA,NA,NA,NA,NA,NA,NA,NA,NA,NA,NA,NA,NA,NA,NA,72,2025-06-22,17:45:01,2,3,"Branson, Ashton",830338,Right,HOL_SPR1,"Miller, Brady",1000357366,Right,WLM_SHK,Undefined,3,Top,1,1,1,ChangeUp,Changeup,BallCalled,Undefined,Undefined,Undefined,0,0,NA,75.96091,-2.235715,-4.282642,2150.399512,269.863689,03:00:00,6.09101,1.6832,5.78768,-47.22432,1.56284,15.07379,0.06878,-1.05243,70.34006,-10.832936,-1.582537,0.502718,NA,NA,NA,NA,NA,NA,NA,NA,NA,NA,NA,-8.99701,1.76721,-1.33925,50,5.87719,7.71936,-110.05864,-5.74429,-11.04211,19.42076,-30.00516,HOL_SPR1,WLM_SHK,TingStadium,CPL,CPL,20250622-TingStadium-1,270a12f0-4fb2-11f0-94df-5159efd1a280,74.97737,NA,NA,5.62085,NA,NA,NA,NA,NA,NA,7a202cac-ef26-47e8-8964-ed2f034dc92d,2025-06-22,21:45:01,2025-06-22T21:45:01Z,2025-06-22T21:45:01Z,NA,v3,NA,NA,NA,"Bonn, Preston",827396,Right,HOL_SPR1,0537de26-ed9a-4ca2-993c-9a22a078c047,54.71715,-110.8879,9.71038,6.09512,-4.46309,-15.00258,-1.67893,8.19085,-5.52106,NA,NA,NA,NA,NA,NA,NA,NA,NA,NA,NA,NA,NA,NA,NA,NA,NA,NA,NA,NA,NA,NA,NA,NA,NA,NA,NA,NA,NA,NA,NA,NA,NA,NA,NA,NA,NA,NA,NA,NA,NA,NA,NA,NA,NA,NA,NA,NA,NA,NA,High,High,High,NA,NA,NA,NA,NA,NA,NA,NA,NA,NA,NA,NA,NA,NA,NA,NA,NA,NA,NA,NA,NA,NA,NA,NA,NA,NA,NA,NA,NA,NA,NA,NA,NA,NA,NA,NA,NA,NA,NA,NA,NA,NA,NA,NA,NA,NA,NA,NA,NA,NA,NA,NA,NA,NA,NA,NA,NA,NA
NA,NA,NA,NA,NA,NA,NA,NA,NA,NA,NA,NA,NA,NA,NA,NA,73,2025-06-22,17:45:28,2,4,"Branson, Ashton",830338,Right,HOL_SPR1,"Miller, Brady",1000357366,Right,WLM_SHK,Undefined,3,Top,1,2,1,Fastball,Four-Seam,InPlay,Undefined,GroundBall,Single,0,0,NA,86.27826,-3.529536,-1.953995,2094.409803,203.631318,12:45:00,6.18856,1.30934,6.03863,-19.86966,17.61592,7.17036,1.25848,0.09683,79.02567,-7.274232,-0.663652,0.44066,95.73004,6.836227,-24.241971,2287.864314,NA,NA,NA,130.0273,129.2977,-27.705132,1.047931,-4.30587,10.4841,-1.1609,50,5.902,3.99365,-125.10603,-8.29588,-6.80963,25.74576,-15.59372,HOL_SPR1,WLM_SHK,TingStadium,CPL,CPL,20250622-TingStadium-1,36ba5700-4fb2-11f0-94df-5159efd1a280,85.53639,5.22584,NA,7.2526,NA,NA,NA,2.05312,1.33685,-0.02913,7a202cac-ef26-47e8-8964-ed2f034dc92d,2025-06-22,21:45:28,2025-06-22T21:45:28Z,2025-06-22T21:45:28Z,GroundBall,v3,NA,NA,NA,"Bonn, Preston",827396,Right,HOL_SPR1,8187f61d-aa56-4cf7-855f-039481b56f0d,54.46431,-126.0214,12.87288,6.1871,-7.74145,-7.79686,-1.3072,4.23577,-3.40482,91.183554,2.05312,127.11278,-21.78873,4.04791,-0.86889,0.17185,-0.03529,0.00646,-7.1e-4,1.33685,16.71252,-18.72077,1.78368,-0.35375,0.07803,-0.01518,0.00282,-3.3e-4,-0.02913,-57.2387,-1.45892,1.37761,-0.45754,0.12739,-0.03113,0.00629,-7.3e-4,NA,NA,NA,NA,NA,NA,NA,NA,NA,NA,NA,NA,NA,NA,NA,NA,NA,NA,NA,NA,NA,NA,High,High,High,Medium,High,NA,NA,NA,NA,NA,NA,NA,NA,NA,NA,NA,NA,NA,NA,NA,NA,NA,NA,NA,NA,NA,NA,NA,NA,NA,NA,NA,NA,NA,NA,NA,NA,NA,NA,NA,NA,NA,NA,NA,NA,NA,NA,NA,NA,NA,NA,NA,NA,NA,NA,NA,NA,NA,NA,NA,NA
NA,NA,NA,NA,NA,NA,NA,NA,NA,NA,NA,NA,NA,NA,NA,NA,74,2025-06-22,17:46:02,3,1,"Branson, Ashton",830338,Right,HOL_SPR1,"Tobias, Jacob",10041882,Left,WLM_SHK,Undefined,3,Top,1,0,0,Fastball,Four-Seam,InPlay,Undefined,Popup,Out,1,0,NA,87.54619,-2.760285,-2.536319,2167.708411,212.963527,01:00:00,6.11213,1.43673,6.01234,-19.27521,17.03489,10.30052,1.94418,-0.05614,80.29604,-6.396624,-0.684895,0.433696,84.24587,66.71492,20.739175,NA,NA,NA,NA,NA,30.61424,NA,NA,-6.06193,9.90119,-1.24344,50,5.88462,5.22209,-127.01925,-6.6992,-9.91586,25.71284,-15.97807,HOL_SPR1,WLM_SHK,TingStadium,CPL,CPL,20250622-TingStadium-1,4b4b89a0-4fb2-11f0-94df-5159efd1a280,86.90987,65.18233,NA,7.25015,NA,NA,NA,3.22985,2.06469,0.02031,7a202cac-ef26-47e8-8964-ed2f034dc92d,2025-06-22,21:46:02,2025-06-22T21:46:02Z,2025-06-22T21:46:02Z,NA,v3,NA,NA,NA,"Bonn, Preston",827396,Right,HOL_SPR1,6f321301-fb65-472c-8027-2274ed0deecd,54.49071,-127.92508,12.85642,6.11071,-6.13631,-7.98904,-1.43356,5.57141,-4.95793,159.203328,3.22985,45.67914,-10.23291,2.24956,-0.29858,-0.66808,1.51198,-1.56126,0.64563,2.06469,113.49631,-29.52611,4.06984,-0.87598,-0.10338,0.58614,-0.63874,0.26665,0.02031,17.29648,-8.43224,1.45687,-0.45875,0.56003,-0.97585,0.9782,-0.40241,NA,NA,NA,NA,NA,NA,NA,NA,NA,NA,NA,NA,NA,NA,NA,NA,NA,NA,NA,NA,NA,NA,High,High,High,High,Undefined,NA,NA,NA,NA,NA,NA,NA,NA,NA,NA,NA,NA,NA,NA,NA,NA,NA,NA,NA,NA,NA,NA,NA,NA,NA,NA,NA,NA,NA,NA,NA,NA,NA,NA,NA,NA,NA,NA,NA,NA,NA,NA,NA,NA,NA,NA,NA,NA,NA,NA,NA,NA,NA,NA,NA,NA
NA,NA,NA,NA,NA,NA,NA,NA,NA,NA,NA,NA,NA,NA,NA,NA,75,2025-06-22,17:46:46,4,1,"Branson, Ashton",830338,Right,HOL_SPR1,"Paulick, Jake",1000093630,Right,WLM_SHK,Undefined,3,Top,2,0,0,Fastball,Four-Seam,BallCalled,Undefined,Undefined,Undefined,0,0,NA,86.63577,-2.950617,-3.068535,2052.062303,203.760185,12:45:00,6.20729,1.21539,6.11996,-19.14076,17.77607,7.31622,1.87791,-1.01464,79.59727,-6.566295,-1.752122,0.437304,NA,NA,NA,NA,NA,NA,NA,NA,NA,NA,NA,-4.59532,10.32599,-0.98381,50,5.97059,6.44402,-125.61948,-7.0222,-7.37068,24.54558,-15.6116,HOL_SPR1,WLM_SHK,TingStadium,CPL,CPL,20250622-TingStadium-1,6562eb80-4fb2-11f0-94df-5159efd1a280,86.19271,NA,NA,7.0385,NA,NA,NA,NA,NA,NA,7a202cac-ef26-47e8-8964-ed2f034dc92d,2025-06-22,21:46:46,2025-06-22T21:46:46Z,2025-06-22T21:46:46Z,NA,v3,NA,NA,NA,"Bonn, Preston",827396,Right,HOL_SPR1,97540bf7-52e1-467d-bc5e-bcb467dbe35c,54.38096,-126.4726,12.27279,6.20523,-6.47959,-7.8058,-1.21223,6.7002,-3.68534,NA,NA,NA,NA,NA,NA,NA,NA,NA,NA,NA,NA,NA,NA,NA,NA,NA,NA,NA,NA,NA,NA,NA,NA,NA,NA,NA,NA,NA,NA,NA,NA,NA,NA,NA,NA,NA,NA,NA,NA,NA,NA,NA,NA,NA,NA,NA,NA,NA,NA,High,High,High,NA,NA,NA,NA,NA,NA,NA,NA,NA,NA,NA,NA,NA,NA,NA,NA,NA,NA,NA,NA,NA,NA,NA,NA,NA,NA,NA,NA,NA,NA,NA,NA,NA,NA,NA,NA,NA,NA,NA,NA,NA,NA,NA,NA,NA,NA,NA,NA,NA,NA,NA,NA,NA,NA,NA,NA,NA,NA
NA,NA,NA,NA,NA,NA,NA,NA,NA,NA,NA,NA,NA,NA,NA,NA,76,2025-06-22,17:47:06,4,2,"Branson, Ashton",830338,Right,HOL_SPR1,"Paulick, Jake",1000093630,Right,WLM_SHK,Undefined,3,Top,2,1,0,Fastball,Four-Seam,StrikeCalled,Undefined,Undefined,Undefined,0,0,NA,87.03367,-2.976178,-1.680752,2158.678531,211.180906,01:00:00,6.01365,1.58435,5.99598,-19.3347,17.38745,9.82166,1.6407,0.8448,79.9138,-6.619449,0.085608,0.43615,NA,NA,NA,NA,NA,NA,NA,NA,NA,NA,NA,-5.58571,10.14512,-1.45762,50,5.76832,3.32532,-126.32661,-7.14059,-9.03992,25.36908,-15.75517,HOL_SPR1,WLM_SHK,TingStadium,CPL,CPL,20250622-TingStadium-1,713bc1c0-4fb2-11f0-94df-5159efd1a280,86.42087,NA,NA,7.11988,NA,NA,NA,NA,NA,NA,7a202cac-ef26-47e8-8964-ed2f034dc92d,2025-06-22,21:47:06,2025-06-22T21:47:06Z,2025-06-22T21:47:06Z,NA,v3,NA,NA,NA,"Bonn, Preston",827396,Right,HOL_SPR1,73aa5f7b-0712-402e-bec8-ecf2a667c9b9,54.50737,-127.22857,12.68454,6.01224,-6.58045,-7.87758,-1.58156,3.64672,-4.51996,NA,NA,NA,NA,NA,NA,NA,NA,NA,NA,NA,NA,NA,NA,NA,NA,NA,NA,NA,NA,NA,NA,NA,NA,NA,NA,NA,NA,NA,NA,NA,NA,NA,NA,NA,NA,NA,NA,NA,NA,NA,NA,NA,NA,NA,NA,NA,NA,NA,NA,High,High,High,NA,NA,NA,NA,NA,NA,NA,NA,NA,NA,NA,NA,NA,NA,NA,NA,NA,NA,NA,NA,NA,NA,NA,NA,NA,NA,NA,NA,NA,NA,NA,NA,NA,NA,NA,NA,NA,NA,NA,NA,NA,NA,NA,NA,NA,NA,NA,NA,NA,NA,NA,NA,NA,NA,NA,NA,NA,NA
NA,NA,NA,NA,NA,NA,NA,NA,NA,NA,NA,NA,NA,NA,NA,NA,77,2025-06-22,17:47:24,4,3,"Branson, Ashton",830338,Right,HOL_SPR1,"Paulick, Jake",1000093630,Right,WLM_SHK,Undefined,3,Top,2,1,1,ChangeUp,Changeup,BallCalled,Undefined,Undefined,Undefined,0,0,NA,77.21694,-1.392278,-4.11383,2182.361057,255.619356,02:30:00,6.0335,1.24806,5.8396,-40.95538,6.0917,17.9658,1.32292,-1.08493,71.14949,-8.917723,-0.896084,0.493671,NA,NA,NA,NA,NA,NA,NA,NA,NA,NA,NA,-10.36363,3.92012,-0.92311,50,5.89543,7.40364,-111.94038,-3.97294,-13.16882,19.93546,-27.19283,HOL_SPR1,WLM_SHK,TingStadium,CPL,CPL,20250622-TingStadium-1,7c43b370-4fb2-11f0-94df-5159efd1a280,76.35131,NA,NA,6.06745,NA,NA,NA,NA,NA,NA,7a202cac-ef26-47e8-8964-ed2f034dc92d,2025-06-22,21:47:24,2025-06-22T21:47:24Z,2025-06-22T21:47:24Z,NA,v3,NA,NA,NA,"Bonn, Preston",827396,Right,HOL_SPR1,0baf3b0b-4e4a-42d2-a4a1-cc3f1070b2f0,54.6638,-112.7679,9.96773,6.03692,-2.84417,-13.59642,-1.24178,7.95027,-6.58441,NA,NA,NA,NA,NA,NA,NA,NA,NA,NA,NA,NA,NA,NA,NA,NA,NA,NA,NA,NA,NA,NA,NA,NA,NA,NA,NA,NA,NA,NA,NA,NA,NA,NA,NA,NA,NA,NA,NA,NA,NA,NA,NA,NA,NA,NA,NA,NA,NA,NA,High,High,High,NA,NA,NA,NA,NA,NA,NA,NA,NA,NA,NA,NA,NA,NA,NA,NA,NA,NA,NA,NA,NA,NA,NA,NA,NA,NA,NA,NA,NA,NA,NA,NA,NA,NA,NA,NA,NA,NA,NA,NA,NA,NA,NA,NA,NA,NA,NA,NA,NA,NA,NA,NA,NA,NA,NA,NA,NA,NA
NA,NA,NA,NA,NA,NA,NA,NA,NA,NA,NA,NA,NA,NA,NA,NA,78,2025-06-22,17:47:43,4,4,"Branson, Ashton",830338,Right,HOL_SPR1,"Paulick, Jake",1000093630,Right,WLM_SHK,Undefined,3,Top,2,2,1,ChangeUp,Changeup,StrikeCalled,Undefined,Undefined,Undefined,0,0,NA,74.38525,0.953913,-2.99609,2096.51881,257.156067,02:30:00,5.98156,1.98101,5.51194,-45.10073,6.25906,20.21222,3.11653,0.86099,68.12195,-7.329123,0.603443,0.515802,NA,NA,NA,NA,NA,NA,NA,NA,NA,NA,NA,-11.05528,3.37382,-1.73354,50,6.03457,4.90091,-107.88712,0.40471,-13.01064,19.03164,-28.20348,HOL_SPR1,WLM_SHK,TingStadium,CPL,CPL,20250622-TingStadium-1,87181200-4fb2-11f0-94df-5159efd1a280,73.07539,NA,NA,6.2633,NA,NA,NA,NA,NA,NA,7a202cac-ef26-47e8-8964-ed2f034dc92d,2025-06-22,21:47:43,2025-06-22T21:47:43Z,2025-06-22T21:47:43Z,NA,v3,NA,NA,NA,"Bonn, Preston",827396,Right,HOL_SPR1,9b9dbcb0-7067-44a7-9759-872e628367e3,54.99059,-108.76391,9.51582,5.986,1.70405,-14.10174,-1.97313,5.50031,-6.50532,NA,NA,NA,NA,NA,NA,NA,NA,NA,NA,NA,NA,NA,NA,NA,NA,NA,NA,NA,NA,NA,NA,NA,NA,NA,NA,NA,NA,NA,NA,NA,NA,NA,NA,NA,NA,NA,NA,NA,NA,NA,NA,NA,NA,NA,NA,NA,NA,NA,NA,High,High,High,NA,NA,NA,NA,NA,NA,NA,NA,NA,NA,NA,NA,NA,NA,NA,NA,NA,NA,NA,NA,NA,NA,NA,NA,NA,NA,NA,NA,NA,NA,NA,NA,NA,NA,NA,NA,NA,NA,NA,NA,NA,NA,NA,NA,NA,NA,NA,NA,NA,NA,NA,NA,NA,NA,NA,NA,NA,NA
NA,NA,NA,NA,NA,NA,NA,NA,NA,NA,NA,NA,NA,NA,NA,NA,79,2025-06-22,17:48:02,4,5,"Branson, Ashton",830338,Right,HOL_SPR1,"Paulick, Jake",1000093630,Right,WLM_SHK,Undefined,3,Top,2,2,2,ChangeUp,Changeup,FoulBallNotFieldable,Undefined,Undefined,Undefined,0,0,NA,77.62852,-1.250792,-2.519399,2064.839473,252.87325,02:30:00,5.89121,1.56598,5.84213,-40.07916,6.38087,15.95257,1.38749,0.55234,71.48607,-8.626564,0.344137,0.490581,NA,NA,NA,NA,NA,NA,NA,NA,NA,NA,NA,-8.95804,4.00012,-1.37049,50,5.76536,4.3903,-112.71242,-3.67991,-11.51887,20.5677,-27.03039,HOL_SPR1,WLM_SHK,TingStadium,CPL,CPL,20250622-TingStadium-1,92effde0-4fb2-11f0-94df-5159efd1a280,76.83217,NA,NA,6.14245,NA,NA,NA,NA,NA,NA,7a202cac-ef26-47e8-8964-ed2f034dc92d,2025-06-22,21:48:02,2025-06-22T21:48:02Z,2025-06-22T21:48:02Z,NA,v3,NA,NA,NA,"Bonn, Preston",827396,Right,HOL_SPR1,6da55259-edee-4180-82f9-e667e3573a34,54.66159,-113.55988,10.28385,5.89405,-2.56617,-13.5152,-1.56116,4.86491,-5.75944,NA,NA,NA,NA,NA,NA,NA,NA,NA,NA,NA,NA,NA,NA,NA,NA,NA,NA,NA,NA,NA,NA,NA,NA,NA,NA,NA,NA,NA,NA,NA,NA,NA,NA,NA,NA,NA,NA,NA,NA,NA,NA,NA,NA,NA,NA,NA,NA,NA,NA,High,High,High,NA,NA,NA,NA,NA,NA,NA,NA,NA,NA,NA,NA,NA,NA,NA,NA,NA,NA,NA,NA,NA,NA,NA,NA,NA,NA,NA,NA,NA,NA,NA,NA,NA,NA,NA,NA,NA,NA,NA,NA,NA,NA,NA,NA,NA,NA,NA,NA,NA,NA,NA,NA,NA,NA,NA,NA,NA,NA
NA,NA,NA,NA,NA,NA,NA,NA,NA,NA,NA,NA,NA,NA,NA,NA,80,2025-06-22,17:48:51,4,6,"Branson, Ashton",830338,Right,HOL_SPR1,"Paulick, Jake",1000093630,Right,WLM_SHK,Undefined,3,Top,2,2,2,Fastball,Four-Seam,BallCalled,Undefined,Undefined,Undefined,0,0,NA,87.86855,-3.584007,-3.45714,2122.814269,206.059687,12:45:00,6.11881,1.40893,6.03553,-16.45414,19.53627,9.00867,1.41838,-1.04562,80.85856,-6.702841,-1.839919,0.431782,NA,NA,NA,NA,NA,NA,NA,NA,NA,NA,NA,-5.54181,11.34138,-1.14351,50,5.82907,7.32678,-127.30163,-8.44315,-9.15107,24.60007,-13.4463,HOL_SPR1,WLM_SHK,TingStadium,CPL,CPL,20250622-TingStadium-1,afbda620-4fb2-11f0-94df-5159efd1a280,87.29501,NA,NA,7.00999,NA,NA,NA,NA,NA,NA,7a202cac-ef26-47e8-8964-ed2f034dc92d,2025-06-22,21:48:51,2025-06-22T21:48:51Z,2025-06-22T21:48:51Z,NA,v3,NA,NA,NA,"Bonn, Preston",827396,Right,HOL_SPR1,de6b59dd-1dad-4ba6-a852-32811c1502ab,54.46612,-128.16177,12.30004,6.11607,-7.97301,-6.72315,-1.40529,7.64675,-4.57553,NA,NA,NA,NA,NA,NA,NA,NA,NA,NA,NA,NA,NA,NA,NA,NA,NA,NA,NA,NA,NA,NA,NA,NA,NA,NA,NA,NA,NA,NA,NA,NA,NA,NA,NA,NA,NA,NA,NA,NA,NA,NA,NA,NA,NA,NA,NA,NA,NA,NA,High,High,High,NA,NA,NA,NA,NA,NA,NA,NA,NA,NA,NA,NA,NA,NA,NA,NA,NA,NA,NA,NA,NA,NA,NA,NA,NA,NA,NA,NA,NA,NA,NA,NA,NA,NA,NA,NA,NA,NA,NA,NA,NA,NA,NA,NA,NA,NA,NA,NA,NA,NA,NA,NA,NA,NA,NA,NA,NA,NA
NA,NA,NA,NA,NA,NA,NA,NA,NA,NA,NA,NA,NA,NA,NA,NA,81,2025-06-22,17:49:12,4,7,"Branson, Ashton",830338,Right,HOL_SPR1,"Paulick, Jake",1000093630,Right,WLM_SHK,Undefined,3,Top,2,3,2,ChangeUp,Changeup,InPlay,Undefined,GroundBall,Single,0,0,NA,74.73166,-1.092641,-3.405409,2051.620318,264.6998,02:45:00,5.83304,1.48859,5.90622,-46.9142,2.95925,15.63938,0.90734,-0.37302,69.24845,-9.686092,-0.596094,0.508283,81.70579,-6.579126,-33.346324,NA,NA,NA,NA,15.21273,13.94193,-23.760473,0.099728,-9.03721,2.1787,-1.22412,50,5.71772,5.92872,-108.49566,-3.44789,-10.81236,18.31727,-29.56741,HOL_SPR1,WLM_SHK,TingStadium,CPL,CPL,20250622-TingStadium-1,bc4aff50-4fb2-11f0-94df-5159efd1a280,74.15633,1.37089,NA,5.48321,NA,NA,NA,3.99398,1.37089,0.4044,7a202cac-ef26-47e8-8964-ed2f034dc92d,2025-06-22,21:49:12,2025-06-22T21:49:12Z,2025-06-22T21:49:12Z,GroundBall,v3,NA,NA,NA,"Bonn, Preston",827396,Right,HOL_SPR1,342eb538-7bfa-4880-bdff-05f505108e4e,54.59857,-109.26928,9.15863,5.83697,-2.19913,-14.7837,-1.48416,6.38538,-5.40618,180,3.9921,99.56325,NA,NA,NA,NA,NA,NA,NA,1.37115,-13.74624,NA,NA,NA,NA,NA,NA,NA,0.40563,-65.51612,NA,NA,NA,NA,NA,NA,NA,NA,NA,NA,NA,NA,NA,NA,NA,NA,NA,NA,NA,NA,NA,NA,NA,NA,NA,NA,NA,NA,NA,High,High,High,Low,Low,NA,NA,NA,NA,NA,NA,NA,NA,NA,NA,NA,NA,NA,NA,NA,NA,NA,NA,NA,NA,NA,NA,NA,NA,NA,NA,NA,NA,NA,NA,NA,NA,NA,NA,NA,NA,NA,NA,NA,NA,NA,NA,NA,NA,NA,NA,NA,NA,NA,NA,NA,NA,NA,NA,NA,NA
NA,NA,NA,NA,NA,NA,NA,NA,NA,NA,NA,NA,NA,NA,NA,NA,82,2025-06-22,17:50:00,5,1,"Branson, Ashton",830338,Right,HOL_SPR1,"Carlo IV, Randy",1000091510,Right,WLM_SHK,Undefined,3,Top,2,0,0,Fastball,Four-Seam,BallCalled,Undefined,Undefined,Undefined,0,0,NA,86.16423,-4.148873,-3.385189,2188.207072,208.175086,01:00:00,6.08901,1.33511,6.03627,-15.85576,22.00966,11.08603,0.91235,-0.87942,78.49326,-7.189572,-1.39463,0.442887,NA,NA,NA,NA,NA,NA,NA,NA,NA,NA,NA,-6.74772,12.97548,-1.0767,50,5.75554,6.93855,-124.6481,-9.46527,-10.55754,26.34742,-11.87251,HOL_SPR1,WLM_SHK,TingStadium,CPL,CPL,20250622-TingStadium-1,d8d58410-4fb2-11f0-94df-5159efd1a280,85.10626,NA,NA,7.67097,NA,NA,NA,NA,NA,NA,7a202cac-ef26-47e8-8964-ed2f034dc92d,2025-06-22,21:50:00,2025-06-22T21:50:00Z,2025-06-22T21:50:00Z,NA,v3,NA,NA,NA,"Bonn, Preston",827396,Right,HOL_SPR1,c6eaec6f-ea86-4f56-b2ac-be6566cd57b0,54.46544,-125.58844,13.17371,6.0858,-9.04154,-5.93625,-1.33106,7.31534,-5.27877,NA,NA,NA,NA,NA,NA,NA,NA,NA,NA,NA,NA,NA,NA,NA,NA,NA,NA,NA,NA,NA,NA,NA,NA,NA,NA,NA,NA,NA,NA,NA,NA,NA,NA,NA,NA,NA,NA,NA,NA,NA,NA,NA,NA,NA,NA,NA,NA,NA,NA,High,High,High,NA,NA,NA,NA,NA,NA,NA,NA,NA,NA,NA,NA,NA,NA,NA,NA,NA,NA,NA,NA,NA,NA,NA,NA,NA,NA,NA,NA,NA,NA,NA,NA,NA,NA,NA,NA,NA,NA,NA,NA,NA,NA,NA,NA,NA,NA,NA,NA,NA,NA,NA,NA,NA,NA,NA,NA,NA,NA
NA,NA,NA,NA,NA,NA,NA,NA,NA,NA,NA,NA,NA,NA,NA,NA,83,2025-06-22,17:50:19,5,2,"Branson, Ashton",830338,Right,HOL_SPR1,"Carlo IV, Randy",1000091510,Right,WLM_SHK,Undefined,3,Top,2,1,0,Fastball,Four-Seam,StrikeCalled,Undefined,Undefined,Undefined,0,0,NA,87.20443,-3.632883,-2.80745,2160.523817,207.528424,01:00:00,6.06091,1.4197,6.29382,-15.01895,21.40659,10.5217,1.45307,-0.29266,79.62117,-6.529791,-0.907502,0.434384,NA,NA,NA,NA,NA,NA,NA,NA,NA,NA,NA,-6.29626,12.55394,-1.21798,50,5.78557,5.79126,-126.37518,-8.39693,-10.15358,26.43293,-11.92915,HOL_SPR1,WLM_SHK,TingStadium,CPL,CPL,20250622-TingStadium-1,e44f4a60-4fb2-11f0-94df-5159efd1a280,86.77208,NA,NA,7.58326,NA,NA,NA,NA,NA,NA,7a202cac-ef26-47e8-8964-ed2f034dc92d,2025-06-22,21:50:19,2025-06-22T21:50:19Z,2025-06-22T21:50:19Z,NA,v3,NA,NA,NA,"Bonn, Preston",827396,Right,HOL_SPR1,77e0ea0a-7330-498b-a8e4-18d556abfe3a,54.20773,-127.25224,13.21647,6.05762,-8.00112,-5.96458,-1.41573,6.12817,-5.07679,NA,NA,NA,NA,NA,NA,NA,NA,NA,NA,NA,NA,NA,NA,NA,NA,NA,NA,NA,NA,NA,NA,NA,NA,NA,NA,NA,NA,NA,NA,NA,NA,NA,NA,NA,NA,NA,NA,NA,NA,NA,NA,NA,NA,NA,NA,NA,NA,NA,NA,High,High,High,NA,NA,NA,NA,NA,NA,NA,NA,NA,NA,NA,NA,NA,NA,NA,NA,NA,NA,NA,NA,NA,NA,NA,NA,NA,NA,NA,NA,NA,NA,NA,NA,NA,NA,NA,NA,NA,NA,NA,NA,NA,NA,NA,NA,NA,NA,NA,NA,NA,NA,NA,NA,NA,NA,NA,NA,NA,NA
NA,NA,NA,NA,NA,NA,NA,NA,NA,NA,NA,NA,NA,NA,NA,NA,84,2025-06-22,17:50:39,5,3,"Branson, Ashton",830338,Right,HOL_SPR1,"Carlo IV, Randy",1000091510,Right,WLM_SHK,Undefined,3,Top,2,1,1,ChangeUp,Changeup,StrikeSwinging,Undefined,Undefined,Undefined,0,0,NA,75.72752,-1.678248,-3.392672,2185.846527,252.490904,02:30:00,6.00218,1.71315,5.6572,-41.1866,8.25882,20.97127,1.0016,0.29297,69.511,-9.23929,0.356168,0.506098,NA,NA,NA,NA,NA,NA,NA,NA,NA,NA,NA,-11.76607,5.11453,-1.43964,50,5.83347,5.75847,-109.78072,-4.46852,-14.29629,20.22677,-25.95969,HOL_SPR1,WLM_SHK,TingStadium,CPL,CPL,20250622-TingStadium-1,f0735a70-4fb2-11f0-94df-5159efd1a280,74.47661,NA,NA,6.21653,NA,NA,NA,NA,NA,NA,7a202cac-ef26-47e8-8964-ed2f034dc92d,2025-06-22,21:50:39,2025-06-22T21:50:39Z,2025-06-22T21:50:39Z,NA,v3,NA,NA,NA,"Bonn, Preston",827396,Right,HOL_SPR1,0611f0f8-be50-49ad-a319-97a22c0d29b2,54.8465,-110.67007,10.11339,6.00485,-3.3271,-12.97985,-1.70665,6.38706,-7.14815,NA,NA,NA,NA,NA,NA,NA,NA,NA,NA,NA,NA,NA,NA,NA,NA,NA,NA,NA,NA,NA,NA,NA,NA,NA,NA,NA,NA,NA,NA,NA,NA,NA,NA,NA,NA,NA,NA,NA,NA,NA,NA,NA,NA,NA,NA,NA,NA,NA,NA,High,High,High,NA,NA,NA,NA,NA,NA,NA,NA,NA,NA,NA,NA,NA,NA,NA,NA,NA,NA,NA,NA,NA,NA,NA,NA,NA,NA,NA,NA,NA,NA,NA,NA,NA,NA,NA,NA,NA,NA,NA,NA,NA,NA,NA,NA,NA,NA,NA,NA,NA,NA,NA,NA,NA,NA,NA,NA,NA,NA
NA,NA,NA,NA,NA,NA,NA,NA,NA,NA,NA,NA,NA,NA,NA,NA,85,2025-06-22,17:51:02,5,4,"Branson, Ashton",830338,Right,HOL_SPR1,"Carlo IV, Randy",1000091510,Right,WLM_SHK,Undefined,3,Top,2,1,2,Curveball,Curveball,HitByPitch,Undefined,Undefined,Undefined,0,0,NA,74.82831,2.748789,1.14521,2014.963037,26.85873,07:00:00,6.12425,1.785,5.78246,-60.41822,-10.37193,-6.01851,3.64945,2.34914,68.87056,-8.297402,0.066331,0.509164,NA,NA,NA,NA,NA,NA,NA,NA,NA,NA,NA,3.39453,-5.63571,-1.87575,50,6.31439,-1.9585,-108.68626,3.32688,4.06327,18.92369,-38.91998,HOL_SPR1,WLM_SHK,TingStadium,CPL,CPL,20250622-TingStadium-1,fdd78ba0-4fb2-11f0-94df-5159efd1a280,74.02814,NA,NA,5.95774,NA,NA,NA,NA,NA,NA,7a202cac-ef26-47e8-8964-ed2f034dc92d,2025-06-22,21:51:02,2025-06-22T21:51:02Z,2025-06-22T21:51:02Z,NA,v3,NA,NA,NA,"Bonn, Preston",827396,Right,HOL_SPR1,152424af-ad94-420b-91a0-0d71d78a7a93,54.72316,-109.50554,9.46184,6.1338800000000004,5.01187,-19.45999,-1.78716,-2.13442,2.03163,NA,NA,NA,NA,NA,NA,NA,NA,NA,NA,NA,NA,NA,NA,NA,NA,NA,NA,NA,NA,NA,NA,NA,NA,NA,NA,NA,NA,NA,NA,NA,NA,NA,NA,NA,NA,NA,NA,NA,NA,NA,NA,NA,NA,NA,NA,NA,NA,NA,NA,High,High,High,NA,NA,NA,NA,NA,NA,NA,NA,NA,NA,NA,NA,NA,NA,NA,NA,NA,NA,NA,NA,NA,NA,NA,NA,NA,NA,NA,NA,NA,NA,NA,NA,NA,NA,NA,NA,NA,NA,NA,NA,NA,NA,NA,NA,NA,NA,NA,NA,NA,NA,NA,NA,NA,NA,NA,NA,NA,NA
NA,NA,NA,NA,NA,NA,NA,NA,NA,NA,NA,NA,NA,NA,NA,NA,86,2025-06-22,17:52:09,6,1,"Branson, Ashton",830338,Right,HOL_SPR1,"Gilkerson, Cameron",1000209112,Left,WLM_SHK,Undefined,3,Top,2,0,0,Fastball,Four-Seam,BallCalled,Undefined,Undefined,Undefined,0,0,NA,86.07112,-3.44326,-3.937903,2066.287552,213.067049,01:00:00,6.0497,1.38843,6.08137,-17.97458,19.66682,12.00627,1.35466,-1.26022,78.84467,-6.856257,-1.78204,0.441575,NA,NA,NA,NA,NA,NA,NA,NA,NA,NA,NA,-7.33933,11.49737,-1.0902,50,5.77316,8.1164,-124.62647,-8.00907,-11.55086,24.8847,-14.07916,HOL_SPR1,WLM_SHK,TingStadium,CPL,CPL,20250622-TingStadium-1,25fec800-4fb3-11f0-94df-5159efd1a280,85.35916,NA,NA,7.22645,NA,NA,NA,NA,NA,NA,7a202cac-ef26-47e8-8964-ed2f034dc92d,2025-06-22,21:52:09,2025-06-22T21:52:09Z,2025-06-22T21:52:09Z,NA,v3,NA,NA,NA,"Bonn, Preston",827396,Right,HOL_SPR1,f5ec77aa-de7a-4bc3-b0a1-71ad14437808,54.4213,-125.50618,12.44235,6.04749,-7.51135,-7.03958,-1.38435,8.52474,-5.77543,NA,NA,NA,NA,NA,NA,NA,NA,NA,NA,NA,NA,NA,NA,NA,NA,NA,NA,NA,NA,NA,NA,NA,NA,NA,NA,NA,NA,NA,NA,NA,NA,NA,NA,NA,NA,NA,NA,NA,NA,NA,NA,NA,NA,NA,NA,NA,NA,NA,NA,High,High,High,NA,NA,NA,NA,NA,NA,NA,NA,NA,NA,NA,NA,NA,NA,NA,NA,NA,NA,NA,NA,NA,NA,NA,NA,NA,NA,NA,NA,NA,NA,NA,NA,NA,NA,NA,NA,NA,NA,NA,NA,NA,NA,NA,NA,NA,NA,NA,NA,NA,NA,NA,NA,NA,NA,NA,NA,NA,NA
NA,NA,NA,NA,NA,NA,NA,NA,NA,NA,NA,NA,NA,NA,NA,NA,87,2025-06-22,17:52:28,6,2,"Branson, Ashton",830338,Right,HOL_SPR1,"Gilkerson, Cameron",1000209112,Left,WLM_SHK,Undefined,3,Top,2,1,0,Fastball,Four-Seam,StrikeCalled,Undefined,Undefined,Undefined,0,0,NA,87.5801,-3.143879,-3.721837,2023.684743,209.280626,01:00:00,5.97384,1.68073,6.06672,-15.68036,20.62651,10.91103,1.74848,-0.85934,80.2195,-6.142351,-1.762989,0.433676,NA,NA,NA,NA,NA,NA,NA,NA,NA,NA,NA,-6.70985,11.89528,-1.39782,50,5.72104,7.82801,-126.89285,-7.40623,-10.95575,25.62027,-12.75161,HOL_SPR1,WLM_SHK,TingStadium,CPL,CPL,20250622-TingStadium-1,317d4940-4fb3-11f0-94df-5159efd1a280,86.91374,NA,NA,7.3606,NA,NA,NA,NA,NA,NA,7a202cac-ef26-47e8-8964-ed2f034dc92d,2025-06-22,21:52:28,2025-06-22T21:52:28Z,2025-06-22T21:52:28Z,NA,v3,NA,NA,NA,"Bonn, Preston",827396,Right,HOL_SPR1,c4c66b4b-7852-4d15-9ac8-7914fa7eeaa9,54.4363,-127.78541,12.81014,5.97132,-6.96198,-6.37581,-1.67718,8.20969,-5.47787,NA,NA,NA,NA,NA,NA,NA,NA,NA,NA,NA,NA,NA,NA,NA,NA,NA,NA,NA,NA,NA,NA,NA,NA,NA,NA,NA,NA,NA,NA,NA,NA,NA,NA,NA,NA,NA,NA,NA,NA,NA,NA,NA,NA,NA,NA,NA,NA,NA,NA,High,High,High,NA,NA,NA,NA,NA,NA,NA,NA,NA,NA,NA,NA,NA,NA,NA,NA,NA,NA,NA,NA,NA,NA,NA,NA,NA,NA,NA,NA,NA,NA,NA,NA,NA,NA,NA,NA,NA,NA,NA,NA,NA,NA,NA,NA,NA,NA,NA,NA,NA,NA,NA,NA,NA,NA,NA,NA,NA,NA
NA,NA,NA,NA,NA,NA,NA,NA,NA,NA,NA,NA,NA,NA,NA,NA,88,2025-06-22,17:52:50,6,3,"Branson, Ashton",830338,Right,HOL_SPR1,"Gilkerson, Cameron",1000209112,Left,WLM_SHK,Undefined,3,Top,2,1,1,Fastball,Four-Seam,FoulBallNotFieldable,Undefined,Undefined,Undefined,0,0,NA,87.74544,-1.737841,-2.41272,2161.741523,207.869995,01:00:00,6.07921,1.53483,5.82667,-15.87087,20.64037,10.27843,3.1391,0.14702,79.95281,-4.777471,-0.572351,0.434895,74.03665,10.048112,-175.313806,2624.477721,NA,NA,NA,131.06961,59.58477,-171.699515,1.43486,-5.95485,11.40843,-1.34376,50,5.9278,4.93543,-127.28913,-4.30415,-9.74325,26.79436,-13.50765,HOL_SPR1,WLM_SHK,TingStadium,CPL,CPL,20250622-TingStadium-1,3e61ea30-4fb3-11f0-94df-5159efd1a280,86.67016,8.89602,NA,7.79263,NA,NA,NA,1.3568,3.10258,-0.15158,7a202cac-ef26-47e8-8964-ed2f034dc92d,2025-06-22,21:52:50,2025-06-22T21:52:50Z,2025-06-22T21:52:50Z,GroundBall,v3,NA,NA,NA,"Bonn, Preston",827396,Right,HOL_SPR1,9d43e044-737d-4117-8d88-a658429328c6,54.67436,-128.26931,13.39718,6.07622,-3.81002,-6.75382,-1.53082,5.29185,-4.87163,246.059162,1.3568,-106.56394,12.13515,-1.37864,0.27539,-0.04554,0.00706,-0.00116,1.2e-4,3.10258,18.94571,-16.14815,1.17599,-0.16813,0.0401,-0.00616,6.9e-4,-6e-5,-0.15158,-8.7353,-3.73109,0.61861,-0.115,0.02106,-0.00316,4.5e-4,-4e-5,NA,NA,NA,NA,NA,NA,NA,NA,NA,NA,NA,NA,NA,NA,NA,NA,NA,NA,NA,NA,NA,NA,High,High,High,High,Medium,NA,NA,NA,NA,NA,NA,NA,NA,NA,NA,NA,NA,NA,NA,NA,NA,NA,NA,NA,NA,NA,NA,NA,NA,NA,NA,NA,NA,NA,NA,NA,NA,NA,NA,NA,NA,NA,NA,NA,NA,NA,NA,NA,NA,NA,NA,NA,NA,NA,NA,NA,NA,NA,NA,NA,NA
NA,NA,NA,NA,NA,NA,NA,NA,NA,NA,NA,NA,NA,NA,NA,NA,89,2025-06-22,17:53:16,6,4,"Branson, Ashton",830338,Right,HOL_SPR1,"Gilkerson, Cameron",1000209112,Left,WLM_SHK,Undefined,3,Top,2,1,2,ChangeUp,Changeup,BallCalled,Undefined,Undefined,Undefined,0,0,NA,79.05152,-1.761866,-4.846325,2196.869091,264.596686,02:45:00,5.94635,1.74799,5.92908,-41.87498,3.34272,18.96017,0.81559,-1.17954,72.26831,-9.466374,-1.448104,0.483978,NA,NA,NA,NA,NA,NA,NA,NA,NA,NA,NA,-11.39753,2.57343,-1.37122,50,5.78077,9.03124,-114.42127,-4.80873,-14.97848,22.82764,-28.79208,HOL_SPR1,WLM_SHK,TingStadium,CPL,CPL,20250622-TingStadium-1,4e0f2100-4fb3-11f0-94df-5159efd1a280,77.8805,NA,NA,6.78321,NA,NA,NA,NA,NA,NA,7a202cac-ef26-47e8-8964-ed2f034dc92d,2025-06-22,21:53:16,2025-06-22T21:53:16Z,2025-06-22T21:53:16Z,NA,v3,NA,NA,NA,"Bonn, Preston",827396,Right,HOL_SPR1,acbe88f0-de7d-4944-b4be-c48f925ad385,54.57559,-115.33051,11.41382,5.94946,-3.66192,-14.39604,-1.74282,9.62784,-7.48924,NA,NA,NA,NA,NA,NA,NA,NA,NA,NA,NA,NA,NA,NA,NA,NA,NA,NA,NA,NA,NA,NA,NA,NA,NA,NA,NA,NA,NA,NA,NA,NA,NA,NA,NA,NA,NA,NA,NA,NA,NA,NA,NA,NA,NA,NA,NA,NA,NA,NA,High,High,High,NA,NA,NA,NA,NA,NA,NA,NA,NA,NA,NA,NA,NA,NA,NA,NA,NA,NA,NA,NA,NA,NA,NA,NA,NA,NA,NA,NA,NA,NA,NA,NA,NA,NA,NA,NA,NA,NA,NA,NA,NA,NA,NA,NA,NA,NA,NA,NA,NA,NA,NA,NA,NA,NA,NA,NA,NA,NA
NA,NA,NA,NA,NA,NA,NA,NA,NA,NA,NA,NA,NA,NA,NA,NA,90,2025-06-22,17:53:38,6,5,"Branson, Ashton",830338,Right,HOL_SPR1,"Gilkerson, Cameron",1000209112,Left,WLM_SHK,Undefined,3,Top,2,2,2,ChangeUp,Changeup,StrikeSwinging,Strikeout,Undefined,Undefined,0,0,NA,77.35494,-0.983312,-4.444023,2237.425505,258.416369,02:30:00,5.92941,1.69552,5.48385,-42.07203,5.66996,19.96887,1.50051,-0.8068,70.89644,-8.679206,-0.894003,0.497304,NA,NA,NA,NA,NA,NA,NA,NA,NA,NA,NA,-11.5052,3.52351,-1.31957,50,5.81401,7.96537,-112.02055,-3.27285,-14.57145,20.85499,-27.7115,HOL_SPR1,WLM_SHK,TingStadium,CPL,CPL,20250622-TingStadium-1,5accd900-4fb3-11f0-94df-5159efd1a280,75.7936,NA,NA,6.4585,NA,NA,NA,NA,NA,NA,7a202cac-ef26-47e8-8964-ed2f034dc92d,2025-06-22,21:53:38,2025-06-22T21:53:38Z,2025-06-22T21:53:38Z,NA,v3,NA,NA,NA,"Bonn, Preston",827396,Right,HOL_SPR1,9ceefd3f-ad91-4d4e-a4bd-18bdf8e6f8d7,55.02041,-112.95134,10.42749,5.93248,-2.03605,-13.85575,-1.68959,8.61572,-7.28573,NA,NA,NA,NA,NA,NA,NA,NA,NA,NA,NA,NA,NA,NA,NA,NA,NA,NA,NA,NA,NA,NA,NA,NA,NA,NA,NA,NA,NA,NA,NA,NA,NA,NA,NA,NA,NA,NA,NA,NA,NA,NA,NA,NA,NA,NA,NA,NA,NA,NA,High,High,High,NA,NA,NA,NA,NA,NA,NA,NA,NA,NA,NA,NA,NA,NA,NA,NA,NA,NA,NA,NA,NA,NA,NA,NA,NA,NA,NA,NA,NA,NA,NA,NA,NA,NA,NA,NA,NA,NA,NA,NA,NA,NA,NA,NA,NA,NA,NA,NA,NA,NA,NA,NA,NA,NA,NA,NA,NA,NA
NA,NA,NA,NA,NA,NA,NA,NA,NA,NA,NA,NA,NA,NA,NA,NA,91,2025-06-22,17:55:54,1,1,"Stillson, Tyler",10132173,Right,WLM_SHK,"Prather, Ben",1000436478,Right,HOL_SPR1,Undefined,3,Bottom,0,0,0,Fastball,Four-Seam,StrikeCalled,Undefined,Undefined,Undefined,0,0,NA,87.52086,-3.156588,-1.942037,2082.743709,210.424302,01:00:00,6.34775,0.6211,5.84951,-17.98284,18.84351,10.32784,1.91121,-0.32361,79.70732,-6.566652,-0.09032,0.436768,NA,NA,NA,NA,NA,NA,NA,NA,NA,NA,NA,-5.88012,10.9539,-0.46933,50,6.08028,3.87567,-126.84204,-7.52109,-9.52269,27.38615,-14.43448,HOL_SPR1,WLM_SHK,TingStadium,CPL,CPL,20250622-TingStadium-1,abd13440-4fb3-11f0-94df-5159efd1a280,86.29853,NA,NA,7.81354,NA,NA,NA,NA,NA,NA,7a202cac-ef26-47e8-8964-ed2f034dc92d,2025-06-22,21:55:54,2025-06-22T21:55:54Z,2025-06-22T21:55:54Z,NA,v3,NA,NA,NA,"Paulick, Jake",1000093630,Right,WLM_SHK,31c7d89b-70dd-403d-841d-becbdff37e01,54.65155,-127.8424,13.69307,6.34538,-6.99382,-7.21724,-0.61725,4.22351,-4.76135,NA,NA,NA,NA,NA,NA,NA,NA,NA,NA,NA,NA,NA,NA,NA,NA,NA,NA,NA,NA,NA,NA,NA,NA,NA,NA,NA,NA,NA,NA,NA,NA,NA,NA,NA,NA,NA,NA,NA,NA,NA,NA,NA,NA,NA,NA,NA,NA,NA,NA,High,High,High,NA,NA,NA,NA,NA,NA,NA,NA,NA,NA,NA,NA,NA,NA,NA,NA,NA,NA,NA,NA,NA,NA,NA,NA,NA,NA,NA,NA,NA,NA,NA,NA,NA,NA,NA,NA,NA,NA,NA,NA,NA,NA,NA,NA,NA,NA,NA,NA,NA,NA,NA,NA,NA,NA,NA,NA,NA,NA
NA,NA,NA,NA,NA,NA,NA,NA,NA,NA,NA,NA,NA,NA,NA,NA,92,2025-06-22,17:56:08,1,2,"Stillson, Tyler",10132173,Right,WLM_SHK,"Prather, Ben",1000436478,Right,HOL_SPR1,Undefined,3,Bottom,0,0,1,Slider,Slider,BallCalled,Undefined,Undefined,Undefined,0,0,NA,81.64976,-1.533726,-1.919016,2070.414207,148.483686,11:00:00,5.92495,0.9297,5.49481,-35.44711,7.64524,-3.75874,1.53515,-1.17935,74.22598,-8.053453,-2.588949,0.472467,NA,NA,NA,NA,NA,NA,NA,NA,NA,NA,NA,1.30032,4.76792,-0.75904,50,5.76684,4.11554,-118.31434,-4.35248,1.81921,25.313,-25.50356,HOL_SPR1,WLM_SHK,TingStadium,CPL,CPL,20250622-TingStadium-1,b443d510-4fb3-11f0-94df-5159efd1a280,79.77794,NA,NA,7.42378,NA,NA,NA,NA,NA,NA,7a202cac-ef26-47e8-8964-ed2f034dc92d,2025-06-22,21:56:08,2025-06-22T21:56:08Z,2025-06-22T21:56:08Z,NA,v3,NA,NA,NA,"Paulick, Jake",1000093630,Right,WLM_SHK,28bc0e8a-0d85-4727-bab2-d08b89d978f9,55.00528,-119.3804,12.6565,5.92753,-3.27839,-12.75178,-0.93075,4.03893,0.9096,NA,NA,NA,NA,NA,NA,NA,NA,NA,NA,NA,NA,NA,NA,NA,NA,NA,NA,NA,NA,NA,NA,NA,NA,NA,NA,NA,NA,NA,NA,NA,NA,NA,NA,NA,NA,NA,NA,NA,NA,NA,NA,NA,NA,NA,NA,NA,NA,NA,NA,High,High,High,NA,NA,NA,NA,NA,NA,NA,NA,NA,NA,NA,NA,NA,NA,NA,NA,NA,NA,NA,NA,NA,NA,NA,NA,NA,NA,NA,NA,NA,NA,NA,NA,NA,NA,NA,NA,NA,NA,NA,NA,NA,NA,NA,NA,NA,NA,NA,NA,NA,NA,NA,NA,NA,NA,NA,NA,NA,NA
NA,NA,NA,NA,NA,NA,NA,NA,NA,NA,NA,NA,NA,NA,NA,NA,93,2025-06-22,17:56:28,1,3,"Stillson, Tyler",10132173,Right,WLM_SHK,"Prather, Ben",1000436478,Right,HOL_SPR1,Undefined,3,Bottom,0,1,1,Fastball,Four-Seam,StrikeCalled,Undefined,Undefined,Undefined,0,0,NA,88.99703,-3.594296,-1.536867,2143.366965,198.669286,12:30:00,6.3344,0.5151,5.82485,-15.9658,19.79792,6.26575,1.65672,-0.39192,80.83189,-6.640115,-0.413877,0.43042,NA,NA,NA,NA,NA,NA,NA,NA,NA,NA,NA,-3.67795,11.58398,-0.39322,50,6.03084,3.19376,-128.90048,-8.55136,-6.13448,28.96099,-12.85314,HOL_SPR1,WLM_SHK,TingStadium,CPL,CPL,20250622-TingStadium-1,c07ea170-4fb3-11f0-94df-5159efd1a280,87.57123,NA,NA,8.16514,NA,NA,NA,NA,NA,NA,7a202cac-ef26-47e8-8964-ed2f034dc92d,2025-06-22,21:56:28,2025-06-22T21:56:28Z,2025-06-22T21:56:28Z,NA,v3,NA,NA,NA,"Paulick, Jake",1000093630,Right,WLM_SHK,eb6ea315-4f13-4f67-a3be-b0ba032585a7,54.67547,-129.9467,14.4805,6.33137,-8.08703,-6.42657,-0.5126,3.41537,-3.06724,NA,NA,NA,NA,NA,NA,NA,NA,NA,NA,NA,NA,NA,NA,NA,NA,NA,NA,NA,NA,NA,NA,NA,NA,NA,NA,NA,NA,NA,NA,NA,NA,NA,NA,NA,NA,NA,NA,NA,NA,NA,NA,NA,NA,NA,NA,NA,NA,NA,NA,High,High,High,NA,NA,NA,NA,NA,NA,NA,NA,NA,NA,NA,NA,NA,NA,NA,NA,NA,NA,NA,NA,NA,NA,NA,NA,NA,NA,NA,NA,NA,NA,NA,NA,NA,NA,NA,NA,NA,NA,NA,NA,NA,NA,NA,NA,NA,NA,NA,NA,NA,NA,NA,NA,NA,NA,NA,NA,NA,NA
NA,NA,NA,NA,NA,NA,NA,NA,NA,NA,NA,NA,NA,NA,NA,NA,94,2025-06-22,17:56:44,1,4,"Stillson, Tyler",10132173,Right,WLM_SHK,"Prather, Ben",1000436478,Right,HOL_SPR1,Undefined,3,Bottom,0,1,2,Slider,Slider,BallCalled,Undefined,Undefined,Undefined,0,0,NA,81.29208,-1.860626,-2.683203,2020.175542,127.970211,10:15:00,5.98393,0.60277,5.59517,-37.49967,5.76414,-5.49028,1.11916,-2.36191,74.22273,-8.732786,-3.662821,0.473406,NA,NA,NA,NA,NA,NA,NA,NA,NA,NA,NA,1.94551,3.95544,-0.36889,50,5.80006,5.73996,-117.74861,-5.07941,2.70402,24.45039,-26.67649,HOL_SPR1,WLM_SHK,TingStadium,CPL,CPL,20250622-TingStadium-1,c9fbad60-4fb3-11f0-94df-5159efd1a280,79.61967,NA,NA,7.06935,NA,NA,NA,NA,NA,NA,7a202cac-ef26-47e8-8964-ed2f034dc92d,2025-06-22,21:56:44,2025-06-22T21:56:44Z,2025-06-22T21:56:44Z,NA,v3,NA,NA,NA,"Paulick, Jake",1000093630,Right,WLM_SHK,4c0b9702-99dc-4681-a933-055ce1612217,54.90392,-118.76253,12.2252,5.98776,-3.97316,-13.33825,-0.6046,5.62783,1.35201,NA,NA,NA,NA,NA,NA,NA,NA,NA,NA,NA,NA,NA,NA,NA,NA,NA,NA,NA,NA,NA,NA,NA,NA,NA,NA,NA,NA,NA,NA,NA,NA,NA,NA,NA,NA,NA,NA,NA,NA,NA,NA,NA,NA,NA,NA,NA,NA,NA,NA,High,High,High,NA,NA,NA,NA,NA,NA,NA,NA,NA,NA,NA,NA,NA,NA,NA,NA,NA,NA,NA,NA,NA,NA,NA,NA,NA,NA,NA,NA,NA,NA,NA,NA,NA,NA,NA,NA,NA,NA,NA,NA,NA,NA,NA,NA,NA,NA,NA,NA,NA,NA,NA,NA,NA,NA,NA,NA,NA,NA
NA,NA,NA,NA,NA,NA,NA,NA,NA,NA,NA,NA,NA,NA,NA,NA,95,2025-06-22,17:57:03,1,5,"Stillson, Tyler",10132173,Right,WLM_SHK,"Prather, Ben",1000436478,Right,HOL_SPR1,Undefined,3,Bottom,0,2,2,Slider,Slider,BallCalled,Undefined,Undefined,Undefined,0,0,NA,82.46025,-1.959738,-2.284782,2036.959398,157.723297,11:15:00,5.90591,0.9268,5.25543,-35.27695,7.32595,-2.39441,1.12254,-1.42073,75.11185,-8.405577,-2.709576,0.469776,NA,NA,NA,NA,NA,NA,NA,NA,NA,NA,NA,0.49535,4.69032,-0.71532,50,5.70011,4.8641,-119.40626,-5.3235,0.70734,25.34121,-25.4765,HOL_SPR1,WLM_SHK,TingStadium,CPL,CPL,20250622-TingStadium-1,d566a6a0-4fb3-11f0-94df-5159efd1a280,80.23488,NA,NA,7.3484,NA,NA,NA,NA,NA,NA,7a202cac-ef26-47e8-8964-ed2f034dc92d,2025-06-22,21:57:03,2025-06-22T21:57:03Z,2025-06-22T21:57:03Z,NA,v3,NA,NA,NA,"Paulick, Jake",1000093630,Right,WLM_SHK,34084228-abec-4fbe-a9a8-f135b8e66a48,55.24471,-120.51419,12.67061,5.9085,-4.20966,-12.73825,-0.92731,4.83317,0.35367,NA,NA,NA,NA,NA,NA,NA,NA,NA,NA,NA,NA,NA,NA,NA,NA,NA,NA,NA,NA,NA,NA,NA,NA,NA,NA,NA,NA,NA,NA,NA,NA,NA,NA,NA,NA,NA,NA,NA,NA,NA,NA,NA,NA,NA,NA,NA,NA,NA,NA,High,High,High,NA,NA,NA,NA,NA,NA,NA,NA,NA,NA,NA,NA,NA,NA,NA,NA,NA,NA,NA,NA,NA,NA,NA,NA,NA,NA,NA,NA,NA,NA,NA,NA,NA,NA,NA,NA,NA,NA,NA,NA,NA,NA,NA,NA,NA,NA,NA,NA,NA,NA,NA,NA,NA,NA,NA,NA,NA,NA
NA,NA,NA,NA,NA,NA,NA,NA,NA,NA,NA,NA,NA,NA,NA,NA,96,2025-06-22,17:57:25,1,6,"Stillson, Tyler",10132173,Right,WLM_SHK,"Prather, Ben",1000436478,Right,HOL_SPR1,Undefined,3,Bottom,0,3,2,Fastball,Four-Seam,BallCalled,Walk,Undefined,Undefined,0,0,NA,91.37238,-4.184838,-2.221832,2167.724756,205.1953,12:45:00,6.25392,0.42624,6.03818,-14.56139,19.16186,8.45599,1.1556,-0.92749,82.97105,-6.977672,-0.701023,0.417961,NA,NA,NA,NA,NA,NA,NA,NA,NA,NA,NA,-5.06622,11.52264,-0.25747,50,5.91882,4.77923,-132.26359,-10.08483,-8.8911,30.65341,-11.95206,HOL_SPR1,WLM_SHK,TingStadium,CPL,CPL,20250622-TingStadium-1,e1f6bef0-4fb3-11f0-94df-5159efd1a280,90.18165,NA,NA,8.40134,NA,NA,NA,NA,NA,NA,7a202cac-ef26-47e8-8964-ed2f034dc92d,2025-06-22,21:57:25,2025-06-22T21:57:25Z,2025-06-22T21:57:25Z,NA,v3,NA,NA,NA,"Paulick, Jake",1000093630,Right,WLM_SHK,f5784ad6-3ed7-4a22-812e-9413dbceb0e4,54.46319,-133.29396,15.3267,6.25105,-9.68307,-5.97603,-0.42314,5.07809,-4.44555,NA,NA,NA,NA,NA,NA,NA,NA,NA,NA,NA,NA,NA,NA,NA,NA,NA,NA,NA,NA,NA,NA,NA,NA,NA,NA,NA,NA,NA,NA,NA,NA,NA,NA,NA,NA,NA,NA,NA,NA,NA,NA,NA,NA,NA,NA,NA,NA,NA,NA,High,High,High,NA,NA,NA,NA,NA,NA,NA,NA,NA,NA,NA,NA,NA,NA,NA,NA,NA,NA,NA,NA,NA,NA,NA,NA,NA,NA,NA,NA,NA,NA,NA,NA,NA,NA,NA,NA,NA,NA,NA,NA,NA,NA,NA,NA,NA,NA,NA,NA,NA,NA,NA,NA,NA,NA,NA,NA,NA,NA
NA,NA,NA,NA,NA,NA,NA,NA,NA,NA,NA,NA,NA,NA,NA,NA,97,2025-06-22,17:58:01,2,1,"Stillson, Tyler",10132173,Right,WLM_SHK,"Garcia, Brandon",1000136946,Left,HOL_SPR1,Undefined,3,Bottom,0,0,0,Fastball,Four-Seam,BallCalled,Undefined,Undefined,Undefined,0,0,NA,87.24152,-1.606676,-1.829716,2111.097097,213.149394,01:00:00,6.3472,0.92315,5.55244,-19.26639,18.14702,11.0252,3.23915,0.13155,79.30548,-5.244211,0.135874,0.440235,NA,NA,NA,NA,NA,NA,NA,NA,NA,NA,NA,-6.12189,10.02367,-0.77235,50,6.19572,3.5665,-126.51032,-4.14825,-9.86349,27.21998,-16.02408,HOL_SPR1,WLM_SHK,TingStadium,CPL,CPL,20250622-TingStadium-1,f7871210-4fb3-11f0-94df-5159efd1a280,85.61883,NA,NA,7.93604,NA,NA,NA,NA,NA,NA,7a202cac-ef26-47e8-8964-ed2f034dc92d,2025-06-22,21:58:01,2025-06-22T21:58:01Z,2025-06-22T21:58:01Z,NA,v3,NA,NA,NA,"Paulick, Jake",1000093630,Right,WLM_SHK,295b8e72-16fb-46e6-ab61-060875f84fba,54.94785,-127.57046,13.60999,6.34512,-3.52416,-8.01204,-0.91874,3.95066,-4.93175,NA,NA,NA,NA,NA,NA,NA,NA,NA,NA,NA,NA,NA,NA,NA,NA,NA,NA,NA,NA,NA,NA,NA,NA,NA,NA,NA,NA,NA,NA,NA,NA,NA,NA,NA,NA,NA,NA,NA,NA,NA,NA,NA,NA,NA,NA,NA,NA,NA,NA,High,High,High,NA,NA,NA,NA,NA,NA,NA,NA,NA,NA,NA,NA,NA,NA,NA,NA,NA,NA,NA,NA,NA,NA,NA,NA,NA,NA,NA,NA,NA,NA,NA,NA,NA,NA,NA,NA,NA,NA,NA,NA,NA,NA,NA,NA,NA,NA,NA,NA,NA,NA,NA,NA,NA,NA,NA,NA,NA,NA
NA,NA,NA,NA,NA,NA,NA,NA,NA,NA,NA,NA,NA,NA,NA,NA,98,2025-06-22,17:58:18,2,2,"Stillson, Tyler",10132173,Right,WLM_SHK,"Garcia, Brandon",1000136946,Left,HOL_SPR1,Undefined,3,Bottom,0,1,0,Slider,Slider,StrikeCalled,Undefined,Undefined,Undefined,0,0,NA,80.81083,-0.157722,0.184337,1911.969263,157.271198,11:15:00,6.00191,1.12922,5.41531,-36.75876,6.90122,-2.29772,2.79092,1.11044,73.89719,-6.910338,-0.2248,0.475569,NA,NA,NA,NA,NA,NA,NA,NA,NA,NA,NA,1.20492,3.95437,-1.14397,50,5.96246,-0.28324,-117.28213,-1.5693,1.6731,22.81919,-26.68318,HOL_SPR1,WLM_SHK,TingStadium,CPL,CPL,20250622-TingStadium-1,01f534c0-4fb4-11f0-94df-5159efd1a280,79.2576,NA,NA,6.91364,NA,NA,NA,NA,NA,NA,7a202cac-ef26-47e8-8964-ed2f034dc92d,2025-06-22,21:58:18,2025-06-22T21:58:18Z,2025-06-22T21:58:18Z,NA,v3,NA,NA,NA,"Paulick, Jake",1000093630,Right,WLM_SHK,cba99748-3be5-4ff8-a75c-f33d94dcf81c,55.08441,-118.26724,11.40959,6.00535,-0.41738,-13.34159,-1.13018,-0.35547,0.83655,NA,NA,NA,NA,NA,NA,NA,NA,NA,NA,NA,NA,NA,NA,NA,NA,NA,NA,NA,NA,NA,NA,NA,NA,NA,NA,NA,NA,NA,NA,NA,NA,NA,NA,NA,NA,NA,NA,NA,NA,NA,NA,NA,NA,NA,NA,NA,NA,NA,NA,High,High,High,NA,NA,NA,NA,NA,NA,NA,NA,NA,NA,NA,NA,NA,NA,NA,NA,NA,NA,NA,NA,NA,NA,NA,NA,NA,NA,NA,NA,NA,NA,NA,NA,NA,NA,NA,NA,NA,NA,NA,NA,NA,NA,NA,NA,NA,NA,NA,NA,NA,NA,NA,NA,NA,NA,NA,NA,NA,NA
NA,NA,NA,NA,NA,NA,NA,NA,NA,NA,NA,NA,NA,NA,NA,NA,99,2025-06-22,17:58:37,2,3,"Stillson, Tyler",10132173,Right,WLM_SHK,"Garcia, Brandon",1000136946,Left,HOL_SPR1,Undefined,3,Bottom,0,1,1,Slider,Slider,InPlay,Undefined,GroundBall,FieldersChoice,1,0,NA,81.62467,-0.037849,-0.955486,2016.382605,151.803171,11:00:00,5.93228,1.14297,5.85387,-32.30238,10.16154,-4.65091,3.20524,-0.13252,73.93812,-6.068328,-1.78976,0.469009,70.77313,9.313104,18.770642,1764.150265,NA,NA,NA,102.92158,102.59468,18.232429,1.118846,2.07898,5.63701,-1.06257,50,5.9105,2.15665,-118.42801,-1.07833,2.91426,25.35612,-24.27225,HOL_SPR1,WLM_SHK,TingStadium,CPL,CPL,20250622-TingStadium-1,0ced47f0-4fb4-11f0-94df-5159efd1a280,80.3661,6.99572,NA,7.68656,NA,NA,NA,1.60621,3.14871,0.08079,7a202cac-ef26-47e8-8964-ed2f034dc92d,2025-06-22,21:58:37,2025-06-22T21:58:37Z,2025-06-22T21:58:37Z,GroundBall,v3,NA,NA,NA,"Paulick, Jake",1000093630,Right,WLM_SHK,6cb4d5ad-4390-4965-8616-bd7e43634316,54.64548,-119.41849,12.67806,5.9341,-0.13019,-12.13613,-1.14459,2.04281,1.45713,20.971572,1.60621,96.98427,-11.26044,1.53753,-0.31941,0.05509,-0.00984,0.00181,-1.9e-4,3.14871,16.79797,-19.00613,1.5661,-0.27798,0.06126,-0.00989,0.00157,-1.8e-4,0.08079,32.96069,-4.19753,0.45362,-0.10304,0.01605,-0.00306,5.9e-4,-6e-5,NA,NA,NA,NA,NA,NA,NA,NA,NA,NA,NA,NA,NA,NA,NA,NA,NA,NA,NA,NA,NA,NA,High,High,High,High,High,NA,NA,NA,NA,NA,NA,NA,NA,NA,NA,NA,NA,NA,NA,NA,NA,NA,NA,NA,NA,NA,NA,NA,NA,NA,NA,NA,NA,NA,NA,NA,NA,NA,NA,NA,NA,NA,NA,NA,NA,NA,NA,NA,NA,NA,NA,NA,NA,NA,NA,NA,NA,NA,NA,NA,NA
NA,NA,NA,NA,NA,NA,NA,NA,NA,NA,NA,NA,NA,NA,NA,NA,100,2025-06-22,17:59:14,3,1,"Stillson, Tyler",10132173,Right,WLM_SHK,"Lyons, Trenton",806150,Left,HOL_SPR1,Undefined,3,Bottom,1,0,0,Fastball,Four-Seam,InPlay,Undefined,Popup,Out,1,0,NA,87.93499,-2.462055,-2.571174,2205.862063,206.565759,01:00:00,6.22635,0.89815,5.94466,-16.85658,19.44044,9.10965,2.53411,-0.72936,80.06839,-5.680265,-0.936504,0.433618,NA,NA,NA,NA,NA,NA,NA,NA,NA,NA,NA,-5.46473,11.08583,-0.69848,50,6.02057,5.3563,-127.50221,-5.96117,-8.94983,27.46791,-14.01825,HOL_SPR1,WLM_SHK,TingStadium,CPL,CPL,20250622-TingStadium-1,233fb290-4fb4-11f0-94df-5159efd1a280,86.92549,NA,NA,7.8666,NA,NA,NA,NA,NA,NA,7a202cac-ef26-47e8-8964-ed2f034dc92d,2025-06-22,21:59:14,2025-06-22T21:59:14Z,2025-06-22T21:59:14Z,NA,v3,NA,NA,NA,"Paulick, Jake",1000093630,Right,WLM_SHK,4d074ca6-9974-4011-a5a4-669b118daa30,54.55697,-128.48017,13.73395,6.22393,-5.46206,-7.00913,-0.89486,5.67495,-4.47491,NA,NA,NA,NA,NA,NA,NA,NA,NA,NA,NA,NA,NA,NA,NA,NA,NA,NA,NA,NA,NA,NA,NA,NA,NA,NA,NA,NA,NA,NA,NA,NA,NA,NA,NA,NA,NA,NA,NA,NA,NA,NA,NA,NA,NA,NA,NA,NA,NA,NA,High,High,High,NA,NA,NA,NA,NA,NA,NA,NA,NA,NA,NA,NA,NA,NA,NA,NA,NA,NA,NA,NA,NA,NA,NA,NA,NA,NA,NA,NA,NA,NA,NA,NA,NA,NA,NA,NA,NA,NA,NA,NA,NA,NA,NA,NA,NA,NA,NA,NA,NA,NA,NA,NA,NA,NA,NA,NA,NA,NA
NA,NA,NA,NA,NA,NA,NA,NA,NA,NA,NA,NA,NA,NA,NA,NA,101,2025-06-22,17:59:53,4,1,"Stillson, Tyler",10132173,Right,WLM_SHK,"Ellis, Hudson",830334,Right,HOL_SPR1,Undefined,3,Bottom,2,0,0,Fastball,Four-Seam,BallCalled,Undefined,Undefined,Undefined,0,0,NA,88.22656,-3.501883,-2.310213,2102.602159,206.824788,01:00:00,6.33912,0.64321,5.51567,-17.75351,19.43395,9.11146,1.57833,-0.75894,79.40867,-6.874872,-0.687438,0.438904,NA,NA,NA,NA,NA,NA,NA,NA,NA,NA,NA,-5.3652,11.3693,-0.4481,50,6.02196,4.74343,-127.53991,-8.34528,-8.68071,30.56486,-13.77888,HOL_SPR1,WLM_SHK,TingStadium,CPL,CPL,20250622-TingStadium-1,3a7db5b0-4fb4-11f0-94df-5159efd1a280,85.87854,NA,NA,8.81789,NA,NA,NA,NA,NA,NA,7a202cac-ef26-47e8-8964-ed2f034dc92d,2025-06-22,21:59:53,2025-06-22T21:59:53Z,2025-06-22T21:59:53Z,NA,v3,NA,NA,NA,"Paulick, Jake",1000093630,Right,WLM_SHK,b266d12f-01b9-4041-8656-6b46bcbbd4ba,54.98296,-128.72853,15.28243,6.33608,-7.80944,-6.88944,-0.63913,5.08101,-4.34035,NA,NA,NA,NA,NA,NA,NA,NA,NA,NA,NA,NA,NA,NA,NA,NA,NA,NA,NA,NA,NA,NA,NA,NA,NA,NA,NA,NA,NA,NA,NA,NA,NA,NA,NA,NA,NA,NA,NA,NA,NA,NA,NA,NA,NA,NA,NA,NA,NA,NA,High,High,High,NA,NA,NA,NA,NA,NA,NA,NA,NA,NA,NA,NA,NA,NA,NA,NA,NA,NA,NA,NA,NA,NA,NA,NA,NA,NA,NA,NA,NA,NA,NA,NA,NA,NA,NA,NA,NA,NA,NA,NA,NA,NA,NA,NA,NA,NA,NA,NA,NA,NA,NA,NA,NA,NA,NA,NA,NA,NA
NA,NA,NA,NA,NA,NA,NA,NA,NA,NA,NA,NA,NA,NA,NA,NA,102,2025-06-22,18:00:10,4,2,"Stillson, Tyler",10132173,Right,WLM_SHK,"Ellis, Hudson",830334,Right,HOL_SPR1,Undefined,3,Bottom,2,1,0,Fastball,Four-Seam,BallCalled,Undefined,Undefined,Undefined,0,0,NA,88.52261,-3.778433,-2.747757,2117.740121,211.895732,01:00:00,6.37456,0.74828,5.65544,-16.82757,19.77946,11.47284,1.43912,-0.86032,80.03476,-6.981769,-0.700042,0.435465,NA,NA,NA,NA,NA,NA,NA,NA,NA,NA,NA,-6.68504,11.61335,-0.52279,50,6.04334,5.64376,-127.98939,-8.9516,-10.94844,29.5433,-13.15429,HOL_SPR1,WLM_SHK,TingStadium,CPL,CPL,20250622-TingStadium-1,4450f7f0-4fb4-11f0-94df-5159efd1a280,86.55667,NA,NA,8.48785,NA,NA,NA,NA,NA,NA,7a202cac-ef26-47e8-8964-ed2f034dc92d,2025-06-22,22:00:10,2025-06-22T22:00:10Z,2025-06-22T22:00:10Z,NA,v3,NA,NA,NA,"Paulick, Jake",1000093630,Right,WLM_SHK,76edf5c9-4427-46bb-830c-bb50aa2e9b2b,54.84393,-129.10266,14.77165,6.37132,-8.45592,-6.57715,-0.74323,6.05632,-5.47422,NA,NA,NA,NA,NA,NA,NA,NA,NA,NA,NA,NA,NA,NA,NA,NA,NA,NA,NA,NA,NA,NA,NA,NA,NA,NA,NA,NA,77.11959,2.051964,0.761242,1.290723,0.72049,1.35353,0.86866,-0.17673,6.46071,1.05815,127.2762,-1.31352,-5.88639,-0.0418,110.92541,-9.62154,6.50246,10.41163,-12.79415,1.05071,-6.05036,0.5293,High,High,High,NA,NA,High,Medium,Medium,NA,NA,NA,NA,NA,NA,NA,NA,NA,NA,NA,NA,NA,NA,NA,NA,NA,NA,NA,NA,NA,NA,NA,NA,NA,NA,NA,NA,NA,NA,NA,NA,NA,NA,NA,NA,NA,NA,NA,NA,NA,NA,NA,NA,NA,NA,NA,NA,NA,NA,NA,NA,NA
NA,NA,NA,NA,NA,NA,NA,NA,NA,NA,NA,NA,NA,NA,NA,NA,103,2025-06-22,18:00:40,4,3,"Stillson, Tyler",10132173,Right,WLM_SHK,"Ellis, Hudson",830334,Right,HOL_SPR1,Undefined,3,Bottom,2,2,0,Slider,Slider,StrikeCalled,Undefined,Undefined,Undefined,0,0,NA,81.46795,-1.247663,-1.450373,1891.162449,156.064429,11:15:00,6.0401300000000004,0.91894,5.67355,-31.92978,11.07989,-4.23784,2.21552,-0.78674,73.85444,-7.178833,-2.208078,0.472014,NA,NA,NA,NA,NA,NA,NA,NA,NA,NA,NA,1.68567,6.47571,-0.79381,50,5.91499,3.16018,-118.08684,-3.58543,2.3477,25.35311,-23.15508,HOL_SPR1,WLM_SHK,TingStadium,CPL,CPL,20250622-TingStadium-1,567aee90-4fb4-11f0-94df-5159efd1a280,79.85457,NA,NA,7.6135,NA,NA,NA,NA,NA,NA,7a202cac-ef26-47e8-8964-ed2f034dc92d,2025-06-22,22:00:40,2025-06-22T22:00:40Z,2025-06-22T22:00:40Z,NA,v3,NA,NA,NA,"Paulick, Jake",1000093630,Right,WLM_SHK,bff6959d-060b-47b0-aaa2-c1cb1d73bd6b,54.82474,-119.11821,12.67656,6.04168,-2.64348,-11.57754,-0.92043,3.06468,1.17385,NA,NA,NA,NA,NA,NA,NA,NA,NA,NA,NA,NA,NA,NA,NA,NA,NA,NA,NA,NA,NA,NA,NA,NA,NA,NA,NA,NA,NA,NA,NA,NA,NA,NA,NA,NA,NA,NA,NA,NA,NA,NA,NA,NA,NA,NA,NA,NA,NA,NA,High,High,High,NA,NA,NA,NA,NA,NA,NA,NA,NA,NA,NA,NA,NA,NA,NA,NA,NA,NA,NA,NA,NA,NA,NA,NA,NA,NA,NA,NA,NA,NA,NA,NA,NA,NA,NA,NA,NA,NA,NA,NA,NA,NA,NA,NA,NA,NA,NA,NA,NA,NA,NA,NA,NA,NA,NA,NA,NA,NA
NA,NA,NA,NA,NA,NA,NA,NA,NA,NA,NA,NA,NA,NA,NA,NA,104,2025-06-22,18:00:59,4,4,"Stillson, Tyler",10132173,Right,WLM_SHK,"Ellis, Hudson",830334,Right,HOL_SPR1,Undefined,3,Bottom,2,2,1,Fastball,Four-Seam,BallCalled,Undefined,Undefined,Undefined,0,0,NA,88.73786,-4.666573,-1.67222,2091.513918,204.721683,12:45:00,6.24615,0.40068,6.01411,-17.88966,17.90505,7.66528,0.42084,-0.51012,80.78642,-8.049358,-0.292965,0.430607,NA,NA,NA,NA,NA,NA,NA,NA,NA,NA,NA,-4.5161,11.05131,-0.27387,50,5.8695,3.4449,-128.42484,-11.00637,-7.47235,28.8977,-13.88851,HOL_SPR1,WLM_SHK,TingStadium,CPL,CPL,20250622-TingStadium-1,61ee7350-4fb4-11f0-94df-5159efd1a280,87.53334,NA,NA,7.95143,NA,NA,NA,NA,NA,NA,7a202cac-ef26-47e8-8964-ed2f034dc92d,2025-06-22,22:00:59,2025-06-22T22:00:59Z,2025-06-22T22:00:59Z,NA,v3,NA,NA,NA,"Paulick, Jake",1000093630,Right,WLM_SHK,451f3369-9534-4be9-b526-caf81616f306,54.48829,-129.43084,14.44885,6.24424,-10.52288,-6.94426,-0.39832,3.70504,-3.73617,NA,NA,NA,NA,NA,NA,NA,NA,NA,NA,NA,NA,NA,NA,NA,NA,NA,NA,NA,NA,NA,NA,NA,NA,NA,NA,NA,NA,NA,NA,NA,NA,NA,NA,NA,NA,NA,NA,NA,NA,NA,NA,NA,NA,NA,NA,NA,NA,NA,NA,High,High,High,NA,NA,NA,NA,NA,NA,NA,NA,NA,NA,NA,NA,NA,NA,NA,NA,NA,NA,NA,NA,NA,NA,NA,NA,NA,NA,NA,NA,NA,NA,NA,NA,NA,NA,NA,NA,NA,NA,NA,NA,NA,NA,NA,NA,NA,NA,NA,NA,NA,NA,NA,NA,NA,NA,NA,NA,NA,NA
NA,NA,NA,NA,NA,NA,NA,NA,NA,NA,NA,NA,NA,NA,NA,NA,105,2025-06-22,18:01:33,4,5,"Stillson, Tyler",10132173,Right,WLM_SHK,"Ellis, Hudson",830334,Right,HOL_SPR1,Undefined,3,Bottom,2,3,1,Fastball,Four-Seam,BallCalled,Walk,Undefined,Undefined,0,0,NA,88.85821,-1.242569,-1.242211,1982.954306,209.085203,01:00:00,6.34957,0.58979,5.79914,-17.60257,18.08387,9.39481,3.72647,0.21707,80.7695,-4.592629,0.440816,0.429955,NA,NA,NA,NA,NA,NA,NA,NA,NA,NA,NA,-5.14977,9.93938,-0.49331,50,6.23699,2.39286,-128.95606,-3.31722,-8.62353,28.21155,-15.53011,HOL_SPR1,WLM_SHK,TingStadium,CPL,CPL,20250622-TingStadium-1,76281010-4fb4-11f0-94df-5159efd1a280,87.66601,NA,NA,8.08871,NA,NA,NA,NA,NA,NA,7a202cac-ef26-47e8-8964-ed2f034dc92d,2025-06-22,22:01:33,2025-06-22T22:01:33Z,2025-06-22T22:01:33Z,NA,v3,NA,NA,NA,"Paulick, Jake",1000093630,Right,WLM_SHK,17221285-0422-414c-a08c-d5d403bd6cf9,54.70065,-129.98035,14.10577,6.34719,-2.75336,-7.76505,-0.58587,2.70596,-4.31177,NA,NA,NA,NA,NA,NA,NA,NA,NA,NA,NA,NA,NA,NA,NA,NA,NA,NA,NA,NA,NA,NA,NA,NA,NA,NA,NA,NA,NA,NA,NA,NA,NA,NA,NA,NA,NA,NA,NA,NA,NA,NA,NA,NA,NA,NA,NA,NA,NA,NA,High,High,High,NA,NA,NA,NA,NA,NA,NA,NA,NA,NA,NA,NA,NA,NA,NA,NA,NA,NA,NA,NA,NA,NA,NA,NA,NA,NA,NA,NA,NA,NA,NA,NA,NA,NA,NA,NA,NA,NA,NA,NA,NA,NA,NA,NA,NA,NA,NA,NA,NA,NA,NA,NA,NA,NA,NA,NA,NA,NA
NA,NA,NA,NA,NA,NA,NA,NA,NA,NA,NA,NA,NA,NA,NA,NA,106,2025-06-22,18:02:13,5,1,"Stillson, Tyler",10132173,Right,WLM_SHK,"Kellis, Rom",703450,Right,HOL_SPR1,Undefined,3,Bottom,2,0,0,Slider,Slider,BallCalled,Undefined,Undefined,Undefined,0,0,NA,81.46499,-0.832036,-2.64091,1974.200852,163.803447,11:30:00,5.97219,1.04872,5.71389,-34.82183,7.64426,-1.83091,2.29434,-1.56596,74.76789,-7.247558,-2.968112,0.469021,NA,NA,NA,NA,NA,NA,NA,NA,NA,NA,NA,0.19102,4.52717,-0.82638,50,5.88092,5.52334,-118.1932,-2.8461,0.26993,22.73707,-25.77644,HOL_SPR1,WLM_SHK,TingStadium,CPL,CPL,20250622-TingStadium-1,8df7cbe0-4fb4-11f0-94df-5159efd1a280,80.36402,NA,NA,6.6971,NA,NA,NA,NA,NA,NA,7a202cac-ef26-47e8-8964-ed2f034dc92d,2025-06-22,22:02:13,2025-06-22T22:02:13Z,2025-06-22T22:02:13Z,NA,v3,NA,NA,NA,"Paulick, Jake",1000093630,Right,WLM_SHK,4248c5fc-6653-4ef9-8fda-0b642c35790d,54.78701,-119.11053,11.36854,5.97476,-1.80615,-12.88822,-1.049,5.51245,0.13497,NA,NA,NA,NA,NA,NA,NA,NA,NA,NA,NA,NA,NA,NA,NA,NA,NA,NA,NA,NA,NA,NA,NA,NA,NA,NA,NA,NA,NA,NA,NA,NA,NA,NA,NA,NA,NA,NA,NA,NA,NA,NA,NA,NA,NA,NA,NA,NA,NA,NA,High,High,High,NA,NA,NA,NA,NA,NA,NA,NA,NA,NA,NA,NA,NA,NA,NA,NA,NA,NA,NA,NA,NA,NA,NA,NA,NA,NA,NA,NA,NA,NA,NA,NA,NA,NA,NA,NA,NA,NA,NA,NA,NA,NA,NA,NA,NA,NA,NA,NA,NA,NA,NA,NA,NA,NA,NA,NA,NA,NA
NA,NA,NA,NA,NA,NA,NA,NA,NA,NA,NA,NA,NA,NA,NA,NA,107,2025-06-22,18:02:56,5,2,"Stillson, Tyler",10132173,Right,WLM_SHK,"Kellis, Rom",703450,Right,HOL_SPR1,Undefined,3,Bottom,2,1,0,Slider,Slider,StrikeCalled,Undefined,Undefined,Undefined,0,0,NA,79.46853,0.291664,-0.621669,1981.964301,190.225742,12:15:00,5.91966,1.1061,5.5467,-35.66994,9.23843,1.40504,3.21976,0.64219,72.62534,-6.296276,-0.370992,0.48232,NA,NA,NA,NA,NA,NA,NA,NA,NA,NA,NA,-0.88823,5.01933,-1.05322,50,5.92142,1.19645,-115.35649,-0.56138,-1.19345,22.02986,-25.42985,HOL_SPR1,WLM_SHK,TingStadium,CPL,CPL,20250622-TingStadium-1,a7afcfb0-4fb4-11f0-94df-5159efd1a280,78.14825,NA,NA,6.84319,NA,NA,NA,NA,NA,NA,7a202cac-ef26-47e8-8964-ed2f034dc92d,2025-06-22,22:02:56,2025-06-22T22:02:56Z,2025-06-22T22:02:56Z,NA,v3,NA,NA,NA,"Paulick, Jake",1000093630,Right,WLM_SHK,189d333d-7f1d-4326-9e97-ad691b92a792,54.95339,-116.2986,11.01493,5.92218,0.52613,-12.71492,-1.10547,1.24749,-0.59673,NA,NA,NA,NA,NA,NA,NA,NA,NA,NA,NA,NA,NA,NA,NA,NA,NA,NA,NA,NA,NA,NA,NA,NA,NA,NA,NA,NA,NA,NA,NA,NA,NA,NA,NA,NA,NA,NA,NA,NA,NA,NA,NA,NA,NA,NA,NA,NA,NA,NA,High,High,High,NA,NA,NA,NA,NA,NA,NA,NA,NA,NA,NA,NA,NA,NA,NA,NA,NA,NA,NA,NA,NA,NA,NA,NA,NA,NA,NA,NA,NA,NA,NA,NA,NA,NA,NA,NA,NA,NA,NA,NA,NA,NA,NA,NA,NA,NA,NA,NA,NA,NA,NA,NA,NA,NA,NA,NA,NA,NA
NA,NA,NA,NA,NA,NA,NA,NA,NA,NA,NA,NA,NA,NA,NA,NA,108,2025-06-22,18:03:13,5,3,"Stillson, Tyler",10132173,Right,WLM_SHK,"Kellis, Rom",703450,Right,HOL_SPR1,Undefined,3,Bottom,2,1,1,Fastball,Four-Seam,FoulBallNotFieldable,Undefined,Undefined,Undefined,0,0,NA,87.28304,-1.009715,-1.796064,2067.693382,208.933417,01:00:00,6.18035,0.83788,5.59014,-19.22119,18.40655,9.41997,3.63515,-0.05482,78.63324,-4.666206,-0.115702,0.441495,NA,NA,NA,NA,NA,NA,NA,NA,NA,NA,NA,-5.35827,10.0378,-0.69001,50,6.08157,3.5606,-126.49181,-2.81295,-8.5515,29.40436,-16.15435,HOL_SPR1,WLM_SHK,TingStadium,CPL,CPL,20250622-TingStadium-1,b17f6870-4fb4-11f0-94df-5159efd1a280,85.37462,NA,NA,8.64979,NA,NA,NA,NA,NA,NA,7a202cac-ef26-47e8-8964-ed2f034dc92d,2025-06-22,22:03:13,2025-06-22T22:03:13Z,2025-06-22T22:03:13Z,NA,v3,NA,NA,NA,"Paulick, Jake",1000093630,Right,WLM_SHK,4c9ab914-413f-4dcb-807c-d9d1449adaba,54.90914,-127.62789,14.70218,6.17819,-2.1888,-8.07718,-0.83396,3.891,-4.27575,NA,NA,NA,NA,NA,NA,NA,NA,NA,NA,NA,NA,NA,NA,NA,NA,NA,NA,NA,NA,NA,NA,NA,NA,NA,NA,NA,NA,NA,NA,NA,NA,NA,NA,NA,NA,NA,NA,NA,NA,NA,NA,NA,NA,NA,NA,NA,NA,NA,NA,High,High,High,NA,NA,NA,NA,NA,NA,NA,NA,NA,NA,NA,NA,NA,NA,NA,NA,NA,NA,NA,NA,NA,NA,NA,NA,NA,NA,NA,NA,NA,NA,NA,NA,NA,NA,NA,NA,NA,NA,NA,NA,NA,NA,NA,NA,NA,NA,NA,NA,NA,NA,NA,NA,NA,NA,NA,NA,NA,NA
NA,NA,NA,NA,NA,NA,NA,NA,NA,NA,NA,NA,NA,NA,NA,NA,109,2025-06-22,18:03:35,5,4,"Stillson, Tyler",10132173,Right,WLM_SHK,"Kellis, Rom",703450,Right,HOL_SPR1,Undefined,3,Bottom,2,1,2,Slider,Slider,BallCalled,Undefined,Undefined,Undefined,0,0,NA,80.19964,0.034046,-3.013921,1929.473058,154.714705,11:15:00,5.83654,1.07662,5.37103,-36.93963,7.81193,-2.97417,2.7902,-1.99974,72.98784,-6.753977,-3.541396,0.481477,NA,NA,NA,NA,NA,NA,NA,NA,NA,NA,NA,0.57831,4.36717,-0.80391,50,5.8137,6.23744,-116.16063,-1.17066,0.78352,23.46146,-26.25701,HOL_SPR1,WLM_SHK,TingStadium,CPL,CPL,20250622-TingStadium-1,bef9b9b0-4fb4-11f0-94df-5159efd1a280,78.28503,NA,NA,7.2118,NA,NA,NA,NA,NA,NA,7a202cac-ef26-47e8-8964-ed2f034dc92d,2025-06-22,22:03:35,2025-06-22T22:03:35Z,2025-06-22T22:03:35Z,NA,v3,NA,NA,NA,"Paulick, Jake",1000093630,Right,WLM_SHK,b12bb243-777c-453a-a277-17d9a7d2ca3f,55.12807,-117.19179,11.73073,5.83979,-0.01663,-13.1285,-1.0773,6.20301,0.39176,NA,NA,NA,NA,NA,NA,NA,NA,NA,NA,NA,NA,NA,NA,NA,NA,NA,NA,NA,NA,NA,NA,NA,NA,NA,NA,NA,NA,NA,NA,NA,NA,NA,NA,NA,NA,NA,NA,NA,NA,NA,NA,NA,NA,NA,NA,NA,NA,NA,NA,High,High,High,NA,NA,NA,NA,NA,NA,NA,NA,NA,NA,NA,NA,NA,NA,NA,NA,NA,NA,NA,NA,NA,NA,NA,NA,NA,NA,NA,NA,NA,NA,NA,NA,NA,NA,NA,NA,NA,NA,NA,NA,NA,NA,NA,NA,NA,NA,NA,NA,NA,NA,NA,NA,NA,NA,NA,NA,NA,NA
NA,NA,NA,NA,NA,NA,NA,NA,NA,NA,NA,NA,NA,NA,NA,NA,110,2025-06-22,18:04:01,5,5,"Stillson, Tyler",10132173,Right,WLM_SHK,"Kellis, Rom",703450,Right,HOL_SPR1,Undefined,3,Bottom,2,2,2,Slider,Slider,InPlay,Undefined,GroundBall,Out,1,0,NA,81.28554,0.021454,-0.236344,1994.002683,150.64213,11:00:00,5.81083,0.98342,5.48992,-37.91321,4.81492,-1.98453,2.67147,0.59693,74.84906,-6.924246,-0.590236,0.470466,NA,NA,NA,NA,NA,NA,NA,NA,NA,NA,NA,0.94583,2.78106,-0.9613,50,5.78681,0.56555,-118.10676,-1.24008,1.34055,21.77685,-28.23243,HOL_SPR1,WLM_SHK,TingStadium,CPL,CPL,20250622-TingStadium-1,ce07ca50-4fb4-11f0-94df-5159efd1a280,80.11721,NA,NA,6.43648,NA,NA,NA,NA,NA,NA,7a202cac-ef26-47e8-8964-ed2f034dc92d,2025-06-22,22:04:01,2025-06-22T22:04:01Z,2025-06-22T22:04:01Z,NA,v3,NA,NA,NA,"Paulick, Jake",1000093630,Right,WLM_SHK,eed248d6-04ef-43be-96df-31ffca6f3554,55.01271,-119.02743,10.88843,5.81401,-0.04649,-14.11621,-0.98401,0.50887,0.67027,NA,NA,NA,NA,NA,NA,NA,NA,NA,NA,NA,NA,NA,NA,NA,NA,NA,NA,NA,NA,NA,NA,NA,NA,NA,NA,NA,NA,NA,NA,NA,NA,NA,NA,NA,NA,NA,NA,NA,NA,NA,NA,NA,NA,NA,NA,NA,NA,NA,NA,High,High,High,NA,NA,NA,NA,NA,NA,NA,NA,NA,NA,NA,NA,NA,NA,NA,NA,NA,NA,NA,NA,NA,NA,NA,NA,NA,NA,NA,NA,NA,NA,NA,NA,NA,NA,NA,NA,NA,NA,NA,NA,NA,NA,NA,NA,NA,NA,NA,NA,NA,NA,NA,NA,NA,NA,NA,NA,NA,NA
NA,NA,NA,NA,NA,NA,NA,NA,NA,NA,NA,NA,NA,NA,NA,NA,111,2025-06-22,18:06:56,1,1,"Kroll, Athan",815481,Right,HOL_SPR1,"Albus, Chaise",832754,Left,WLM_SHK,Undefined,4,Top,0,0,0,Fastball,Four-Seam,BallCalled,Undefined,Undefined,Undefined,0,0,NA,94.59112,-2.604252,-0.193244,2233.186206,218.972,01:15:00,6.22704,1.00958,5.47425,-13.41753,18.47044,14.08268,2.67012,2.0023,86.11306,-5.158255,2.31472,0.406429,NA,NA,NA,NA,NA,NA,NA,NA,NA,NA,NA,-7.10851,10.35709,-1.00228,50,5.98914,-0.21393,-137.14784,-6.65164,-13.48326,31.50434,-12.52899,HOL_SPR1,WLM_SHK,TingStadium,CPL,CPL,20250622-TingStadium-1,36615a30-4fb5-11f0-94df-5159efd1a280,92.74054,NA,NA,8.47806,NA,NA,NA,NA,NA,NA,7a202cac-ef26-47e8-8964-ed2f034dc92d,2025-06-22,22:06:56,2025-06-22T22:06:56Z,2025-06-22T22:06:56Z,NA,v3,NA,NA,NA,"Bonn, Preston",827396,Right,HOL_SPR1,e84e4d7e-7104-4439-b273-d26f7b7c6f54,55.02545,-138.29742,15.75217,6.22352,-6.19446,-6.26449,-1.00345,0.27807,-6.74163,NA,NA,NA,NA,NA,NA,NA,NA,NA,NA,NA,NA,NA,NA,NA,NA,NA,NA,NA,NA,NA,NA,NA,NA,NA,NA,NA,NA,NA,NA,NA,NA,NA,NA,NA,NA,NA,NA,NA,NA,NA,NA,NA,NA,NA,NA,NA,NA,NA,NA,High,High,High,NA,NA,NA,NA,NA,NA,NA,NA,NA,NA,NA,NA,NA,NA,NA,NA,NA,NA,NA,NA,NA,NA,NA,NA,NA,NA,NA,NA,NA,NA,NA,NA,NA,NA,NA,NA,NA,NA,NA,NA,NA,NA,NA,NA,NA,NA,NA,NA,NA,NA,NA,NA,NA,NA,NA,NA,NA,NA
NA,NA,NA,NA,NA,NA,NA,NA,NA,NA,NA,NA,NA,NA,NA,NA,112,2025-06-22,18:07:09,1,2,"Kroll, Athan",815481,Right,HOL_SPR1,"Albus, Chaise",832754,Left,WLM_SHK,Undefined,4,Top,0,1,0,Fastball,Four-Seam,StrikeSwinging,Undefined,Undefined,Undefined,0,0,NA,93.65408,-2.259053,-2.176739,2161.598324,221.79304,01:30:00,6.11252,1.09837,5.5689,-14.34418,18.09867,15.2015,2.80423,0.33075,85.13606,-4.993587,0.533555,0.40995,NA,NA,NA,NA,NA,NA,NA,NA,NA,NA,NA,-8.28292,10.11508,-0.92069,50,5.9083,4.44679,-135.75413,-5.80042,-15.38865,30.94833,-13.38149,HOL_SPR1,WLM_SHK,TingStadium,CPL,CPL,20250622-TingStadium-1,3e480eb0-4fb5-11f0-94df-5159efd1a280,91.94399,NA,NA,8.51801,NA,NA,NA,NA,NA,NA,7a202cac-ef26-47e8-8964-ed2f034dc92d,2025-06-22,22:07:09,2025-06-22T22:07:09Z,2025-06-22T22:07:09Z,NA,v3,NA,NA,NA,"Bonn, Preston",827396,Right,HOL_SPR1,14710163-adeb-4618-9c83-050cad8e1705,54.93125,-136.87371,15.47416,6.10938,-5.31634,-6.69074,-1.09162,5.00349,-7.69432,NA,NA,NA,NA,NA,NA,NA,NA,NA,NA,NA,NA,NA,NA,NA,NA,NA,NA,NA,NA,NA,NA,NA,NA,NA,NA,NA,NA,NA,NA,NA,NA,NA,NA,NA,NA,NA,NA,NA,NA,NA,NA,NA,NA,NA,NA,NA,NA,NA,NA,High,High,High,NA,NA,NA,NA,NA,NA,NA,NA,NA,NA,NA,NA,NA,NA,NA,NA,NA,NA,NA,NA,NA,NA,NA,NA,NA,NA,NA,NA,NA,NA,NA,NA,NA,NA,NA,NA,NA,NA,NA,NA,NA,NA,NA,NA,NA,NA,NA,NA,NA,NA,NA,NA,NA,NA,NA,NA,NA,NA
NA,NA,NA,NA,NA,NA,NA,NA,NA,NA,NA,NA,NA,NA,NA,NA,113,2025-06-22,18:07:22,1,3,"Kroll, Athan",815481,Right,HOL_SPR1,"Albus, Chaise",832754,Left,WLM_SHK,Undefined,4,Top,0,1,1,Fastball,Four-Seam,BallCalled,Undefined,Undefined,Undefined,0,0,NA,92.45533,-1.083954,-0.533175,2224.516529,209.364158,01:00:00,6.15678,1.14521,5.86826,-18.43718,14.38095,7.48607,3.61326,1.27374,84.16961,-4.568902,0.810143,0.412314,NA,NA,NA,NA,NA,NA,NA,NA,NA,NA,NA,-3.96906,7.98591,-1.10631,50,6.0583,0.91618,-134.23883,-3.12999,-7.21229,30.18669,-17.6626,HOL_SPR1,WLM_SHK,TingStadium,CPL,CPL,20250622-TingStadium-1,463fb320-4fb5-11f0-94df-5159efd1a280,91.41679,NA,NA,8.28572,NA,NA,NA,NA,NA,NA,7a202cac-ef26-47e8-8964-ed2f034dc92d,2025-06-22,22:07:22,2025-06-22T22:07:22Z,2025-06-22T22:07:22Z,NA,v3,NA,NA,NA,"Bonn, Preston",827396,Right,HOL_SPR1,846b16f7-389b-47a3-b65b-2e831d8d928a,54.63141,-135.2763,15.09334,6.15544,-2.52295,-8.8313,-1.14206,1.16406,-3.60615,NA,NA,NA,NA,NA,NA,NA,NA,NA,NA,NA,NA,NA,NA,NA,NA,NA,NA,NA,NA,NA,NA,NA,NA,NA,NA,NA,NA,NA,NA,NA,NA,NA,NA,NA,NA,NA,NA,NA,NA,NA,NA,NA,NA,NA,NA,NA,NA,NA,NA,High,High,High,NA,NA,NA,NA,NA,NA,NA,NA,NA,NA,NA,NA,NA,NA,NA,NA,NA,NA,NA,NA,NA,NA,NA,NA,NA,NA,NA,NA,NA,NA,NA,NA,NA,NA,NA,NA,NA,NA,NA,NA,NA,NA,NA,NA,NA,NA,NA,NA,NA,NA,NA,NA,NA,NA,NA,NA,NA,NA
NA,NA,NA,NA,NA,NA,NA,NA,NA,NA,NA,NA,NA,NA,NA,NA,114,2025-06-22,18:07:37,1,4,"Kroll, Athan",815481,Right,HOL_SPR1,"Albus, Chaise",832754,Left,WLM_SHK,Undefined,4,Top,0,2,1,Fastball,Four-Seam,BallCalled,Undefined,Undefined,Undefined,0,0,NA,93.0718,-2.082635,-0.662765,2193.932872,221.614077,01:30:00,6.18637,0.9288,5.40878,-15.90154,17.13343,14.23355,2.90891,1.49392,84.63023,-5.08581,1.869392,0.413674,NA,NA,NA,NA,NA,NA,NA,NA,NA,NA,NA,-7.32587,9.54378,-0.87998,50,5.99014,0.88763,-134.96222,-5.43115,-13.43937,30.84922,-14.66585,HOL_SPR1,WLM_SHK,TingStadium,CPL,CPL,20250622-TingStadium-1,4ec7d7c0-4fb5-11f0-94df-5159efd1a280,91.11626,NA,NA,8.44157,NA,NA,NA,NA,NA,NA,7a202cac-ef26-47e8-8964-ed2f034dc92d,2025-06-22,22:07:37,2025-06-22T22:07:37Z,2025-06-22T22:07:37Z,NA,v3,NA,NA,NA,"Bonn, Preston",827396,Right,HOL_SPR1,74c49d9a-aab5-44da-b489-2fc3c15eb78e,55.09118,-136.12097,15.42461,6.1838,-4.88027,-7.33293,-0.92281,1.39244,-6.71969,NA,NA,NA,NA,NA,NA,NA,NA,NA,NA,NA,NA,NA,NA,NA,NA,NA,NA,NA,NA,NA,NA,NA,NA,NA,NA,NA,NA,NA,NA,NA,NA,NA,NA,NA,NA,NA,NA,NA,NA,NA,NA,NA,NA,NA,NA,NA,NA,NA,NA,High,High,High,NA,NA,NA,NA,NA,NA,NA,NA,NA,NA,NA,NA,NA,NA,NA,NA,NA,NA,NA,NA,NA,NA,NA,NA,NA,NA,NA,NA,NA,NA,NA,NA,NA,NA,NA,NA,NA,NA,NA,NA,NA,NA,NA,NA,NA,NA,NA,NA,NA,NA,NA,NA,NA,NA,NA,NA,NA,NA
NA,NA,NA,NA,NA,NA,NA,NA,NA,NA,NA,NA,NA,NA,NA,NA,115,2025-06-22,18:08:00,1,5,"Kroll, Athan",815481,Right,HOL_SPR1,"Albus, Chaise",832754,Left,WLM_SHK,Undefined,4,Top,0,3,1,Fastball,Four-Seam,BallCalled,Walk,Undefined,Undefined,0,0,NA,91.9221,-3.786979,-2.767748,2018.381141,218.704539,01:15:00,6.05499,1.03367,5.66191,-17.41631,16.1867,12.07182,1.06283,-0.54339,83.93712,-7.05769,-0.612323,0.417216,NA,NA,NA,NA,NA,NA,NA,NA,NA,NA,NA,-7.00748,9.67142,-0.80748,50,5.72303,5.912,-133.08662,-9.3886,-12.52853,29.40185,-14.88267,HOL_SPR1,WLM_SHK,TingStadium,CPL,CPL,20250622-TingStadium-1,5c9b1e70-4fb5-11f0-94df-5159efd1a280,90.34284,NA,NA,7.98498,NA,NA,NA,NA,NA,NA,7a202cac-ef26-47e8-8964-ed2f034dc92d,2025-06-22,22:08:00,2025-06-22T22:08:00Z,2025-06-22T22:08:00Z,NA,v3,NA,NA,NA,"Bonn, Preston",827396,Right,HOL_SPR1,a732ddc5-155f-4e02-a7f7-d1222bb86079,54.84101,-134.15184,14.70093,6.05341,-8.8494,-7.44133,-1.0299,6.36591,-6.26427,NA,NA,NA,NA,NA,NA,NA,NA,NA,NA,NA,NA,NA,NA,NA,NA,NA,NA,NA,NA,NA,NA,NA,NA,NA,NA,NA,NA,NA,NA,NA,NA,NA,NA,NA,NA,NA,NA,NA,NA,NA,NA,NA,NA,NA,NA,NA,NA,NA,NA,High,High,High,NA,NA,NA,NA,NA,NA,NA,NA,NA,NA,NA,NA,NA,NA,NA,NA,NA,NA,NA,NA,NA,NA,NA,NA,NA,NA,NA,NA,NA,NA,NA,NA,NA,NA,NA,NA,NA,NA,NA,NA,NA,NA,NA,NA,NA,NA,NA,NA,NA,NA,NA,NA,NA,NA,NA,NA,NA,NA
NA,NA,NA,NA,NA,NA,NA,NA,NA,NA,NA,NA,NA,NA,NA,NA,116,2025-06-22,18:08:29,2,1,"Kroll, Athan",815481,Right,HOL_SPR1,"Suto, Cameron",1000124567,Right,WLM_SHK,Undefined,4,Top,0,0,0,Fastball,Four-Seam,BallCalled,Undefined,Undefined,Undefined,0,0,NA,92.27503,-3.209578,-3.721378,2072.366792,215.954226,01:15:00,6.1778,0.94816,5.71639,-19.21367,13.93505,9.34434,1.57719,-1.74482,84.61945,-6.79427,-2.054029,0.414386,NA,NA,NA,NA,NA,NA,NA,NA,NA,NA,NA,-5.74288,8.27394,-0.64223,50,5.89662,8.26958,-133.5821,-8.15142,-10.40666,28.00025,-17.18081,HOL_SPR1,WLM_SHK,TingStadium,CPL,CPL,20250622-TingStadium-1,6dac03f0-4fb5-11f0-94df-5159efd1a280,90.95979,NA,NA,7.65558,NA,NA,NA,NA,NA,NA,7a202cac-ef26-47e8-8964-ed2f034dc92d,2025-06-22,22:08:29,2025-06-22T22:08:29Z,2025-06-22T22:08:29Z,NA,v3,NA,NA,NA,"Bonn, Preston",827396,Right,HOL_SPR1,9778446f-3af4-43cb-a3c4-a02c16ccb840,54.78434,-134.58121,14.00013,6.17655,-7.53837,-8.5904,-0.94393,8.64092,-5.20333,NA,NA,NA,NA,NA,NA,NA,NA,NA,NA,NA,NA,NA,NA,NA,NA,NA,NA,NA,NA,NA,NA,NA,NA,NA,NA,NA,NA,NA,NA,NA,NA,NA,NA,NA,NA,NA,NA,NA,NA,NA,NA,NA,NA,NA,NA,NA,NA,NA,NA,High,High,High,NA,NA,NA,NA,NA,NA,NA,NA,NA,NA,NA,NA,NA,NA,NA,NA,NA,NA,NA,NA,NA,NA,NA,NA,NA,NA,NA,NA,NA,NA,NA,NA,NA,NA,NA,NA,NA,NA,NA,NA,NA,NA,NA,NA,NA,NA,NA,NA,NA,NA,NA,NA,NA,NA,NA,NA,NA,NA
NA,NA,NA,NA,NA,NA,NA,NA,NA,NA,NA,NA,NA,NA,NA,NA,117,2025-06-22,18:09:11,2,2,"Kroll, Athan",815481,Right,HOL_SPR1,"Suto, Cameron",1000124567,Right,WLM_SHK,Undefined,4,Top,0,1,0,Fastball,Four-Seam,BallCalled,Undefined,Undefined,Undefined,0,0,NA,93.53429,-4.600266,-5.326887,2110.924646,212.408651,01:00:00,6.20814,0.73805,5.66746,-14.92855,17.79871,10.58969,0.64672,-3.36086,85.26009,-7.423163,-3.446894,0.411743,NA,NA,NA,NA,NA,NA,NA,NA,NA,NA,NA,-6.84693,10.65205,-0.29324,50,5.80754,12.07783,-134.79522,-11.35077,-12.5744,29.80215,-12.6116,HOL_SPR1,WLM_SHK,TingStadium,CPL,CPL,20250622-TingStadium-1,86ac9ea0-4fb5-11f0-94df-5159efd1a280,91.54359,NA,NA,8.2742,NA,NA,NA,NA,NA,NA,7a202cac-ef26-47e8-8964-ed2f034dc92d,2025-06-22,22:09:11,2025-06-22T22:09:11Z,2025-06-22T22:09:11Z,NA,v3,NA,NA,NA,"Bonn, Preston",827396,Right,HOL_SPR1,b9a01264-5a49-4b4f-b8b4-422740120ec1,54.8321,-135.85936,14.90107,6.2048,-10.90046,-6.3058,-0.73252,12.52682,-6.2872,NA,NA,NA,NA,NA,NA,NA,NA,NA,NA,NA,NA,NA,NA,NA,NA,NA,NA,NA,NA,NA,NA,NA,NA,NA,NA,NA,NA,NA,NA,NA,NA,NA,NA,NA,NA,NA,NA,NA,NA,NA,NA,NA,NA,NA,NA,NA,NA,NA,NA,High,High,High,NA,NA,NA,NA,NA,NA,NA,NA,NA,NA,NA,NA,NA,NA,NA,NA,NA,NA,NA,NA,NA,NA,NA,NA,NA,NA,NA,NA,NA,NA,NA,NA,NA,NA,NA,NA,NA,NA,NA,NA,NA,NA,NA,NA,NA,NA,NA,NA,NA,NA,NA,NA,NA,NA,NA,NA,NA,NA
NA,NA,NA,NA,NA,NA,NA,NA,NA,NA,NA,NA,NA,NA,NA,NA,118,2025-06-22,18:09:45,2,3,"Kroll, Athan",815481,Right,HOL_SPR1,"Suto, Cameron",1000124567,Right,WLM_SHK,Undefined,4,Top,0,2,0,Fastball,Four-Seam,BallCalled,Undefined,Undefined,Undefined,0,0,NA,92.06581,-3.829163,-3.801628,2035.634876,217.120565,01:15:00,6.1245,0.86137,5.43558,-21.10332,12.82099,8.83504,0.76665,-1.9678,84.00283,-7.734555,-2.233116,0.419205,NA,NA,NA,NA,NA,NA,NA,NA,NA,NA,NA,-5.52949,7.9013,-0.53049,50,5.76983,8.42941,-133.02749,-9.67633,-9.87303,29.49,-18.06609,HOL_SPR1,WLM_SHK,TingStadium,CPL,CPL,20250622-TingStadium-1,9b5a8100-4fb5-11f0-94df-5159efd1a280,89.914,NA,NA,8.06299,NA,NA,NA,NA,NA,NA,7a202cac-ef26-47e8-8964-ed2f034dc92d,2025-06-22,22:09:45,2025-06-22T22:09:45Z,2025-06-22T22:09:45Z,NA,v3,NA,NA,NA,"Bonn, Preston",827396,Right,HOL_SPR1,826b2bc0-56b5-4a1d-b3e4-80fc3112e3ab,55.0642,-134.14544,14.745,6.12367,-8.99145,-9.03304,-0.85714,8.8037,-4.93652,NA,NA,NA,NA,NA,NA,NA,NA,NA,NA,NA,NA,NA,NA,NA,NA,NA,NA,NA,NA,NA,NA,NA,NA,NA,NA,NA,NA,NA,NA,NA,NA,NA,NA,NA,NA,NA,NA,NA,NA,NA,NA,NA,NA,NA,NA,NA,NA,NA,NA,High,High,High,NA,NA,NA,NA,NA,NA,NA,NA,NA,NA,NA,NA,NA,NA,NA,NA,NA,NA,NA,NA,NA,NA,NA,NA,NA,NA,NA,NA,NA,NA,NA,NA,NA,NA,NA,NA,NA,NA,NA,NA,NA,NA,NA,NA,NA,NA,NA,NA,NA,NA,NA,NA,NA,NA,NA,NA,NA,NA
NA,NA,NA,NA,NA,NA,NA,NA,NA,NA,NA,NA,NA,NA,NA,NA,119,2025-06-22,18:10:05,2,4,"Kroll, Athan",815481,Right,HOL_SPR1,"Suto, Cameron",1000124567,Right,WLM_SHK,Undefined,4,Top,0,3,0,Curveball,Curveball,StrikeCalled,Undefined,Undefined,Undefined,0,0,NA,75.79627,1.537706,-2.152393,2128.420943,20.686198,06:45:00,6.36822,0.85539,4.84856,-56.3455,-5.73181,-2.75335,3.12994,-1.41277,69.75304,-8.59384,-2.637091,0.512042,NA,NA,NA,NA,NA,NA,NA,NA,NA,NA,NA,0.75768,-2.77169,-0.64016,50,6.47183,4.24222,-109.90219,0.93301,0.92685,19.44725,-35.56459,HOL_SPR1,WLM_SHK,TingStadium,CPL,CPL,20250622-TingStadium-1,a6f081e0-4fb5-11f0-94df-5159efd1a280,73.61202,NA,NA,6.04323,NA,NA,NA,NA,NA,NA,7a202cac-ef26-47e8-8964-ed2f034dc92d,2025-06-22,22:10:05,2025-06-22T22:10:05Z,2025-06-22T22:10:05Z,NA,v3,NA,NA,NA,"Bonn, Preston",827396,Right,HOL_SPR1,2deb7f35-2f2e-4cc3-886e-aa2ff5afe4bf,55.65464,-110.89826,9.72363,6.37739,2.75461,-17.7823,-0.85623,4.19475,0.46343,NA,NA,NA,NA,NA,NA,NA,NA,NA,NA,NA,NA,NA,NA,NA,NA,NA,NA,NA,NA,NA,NA,NA,NA,NA,NA,NA,NA,NA,NA,NA,NA,NA,NA,NA,NA,NA,NA,NA,NA,NA,NA,NA,NA,NA,NA,NA,NA,NA,NA,High,High,High,NA,NA,NA,NA,NA,NA,NA,NA,NA,NA,NA,NA,NA,NA,NA,NA,NA,NA,NA,NA,NA,NA,NA,NA,NA,NA,NA,NA,NA,NA,NA,NA,NA,NA,NA,NA,NA,NA,NA,NA,NA,NA,NA,NA,NA,NA,NA,NA,NA,NA,NA,NA,NA,NA,NA,NA,NA,NA
NA,NA,NA,NA,NA,NA,NA,NA,NA,NA,NA,NA,NA,NA,NA,NA,120,2025-06-22,18:10:20,2,5,"Kroll, Athan",815481,Right,HOL_SPR1,"Suto, Cameron",1000124567,Right,WLM_SHK,Undefined,4,Top,0,3,1,Curveball,Curveball,InPlay,Undefined,FlyBall,Out,1,0,NA,75.71713,1.877786,-1.70514,2097.909028,19.042319,06:45:00,6.254,1.0213699999999999,5.25402,-57.24546,-7.2737,-3.0441,3.24944,-0.83502,69.61443,-8.493996,-2.245271,0.508784,96.47783,47.252005,-26.79179,4541.715898,NA,NA,NA,NA,77.68678,NA,NA,1.05618,-3.83032,-0.86252,50,6.38315,3.38604,-109.88194,1.67734,1.28927,19.75594,-36.8497,HOL_SPR1,WLM_SHK,TingStadium,CPL,CPL,20250622-TingStadium-1,b0563540-4fb5-11f0-94df-5159efd1a280,74.08334,87.44914,NA,6.1027,NA,NA,NA,2.57294,3.3129,1.11183,7a202cac-ef26-47e8-8964-ed2f034dc92d,2025-06-22,22:10:20,2025-06-22T22:10:20Z,2025-06-22T22:10:20Z,NA,v3,NA,NA,NA,"Bonn, Preston",827396,Right,HOL_SPR1,cc690ea5-5b95-4f0d-b7d5-1a7a98183c2b,55.25079,-110.82197,9.87797,6.26162,3.43073,-18.42485,-1.02218,3.3247,0.64464,182.352063,2.57295,85.73467,-23.69359,6.4391,-0.12263,-3.04905,3.96812,-2.3554,0.54491,3.31289,103.91224,-21.59885,1.52469,-1.487,3.44455,-4.15534,2.45186,-0.56869,1.11183,-43.29211,12.91741,-3.57885,0.02614,1.82815,-2.37065,1.40701,-0.32559,NA,NA,NA,NA,NA,NA,NA,NA,NA,NA,NA,NA,NA,NA,NA,NA,NA,NA,NA,NA,NA,NA,High,High,High,Medium,Undefined,NA,NA,NA,NA,NA,NA,NA,NA,NA,NA,NA,NA,NA,NA,NA,NA,NA,NA,NA,NA,NA,NA,NA,NA,NA,NA,NA,NA,NA,NA,NA,NA,NA,NA,NA,NA,NA,NA,NA,NA,NA,NA,NA,NA,NA,NA,NA,NA,NA,NA,NA,NA,NA,NA,NA,NA
NA,NA,NA,NA,NA,NA,NA,NA,NA,NA,NA,NA,NA,NA,NA,NA,121,2025-06-22,18:11:03,3,1,"Kroll, Athan",815481,Right,HOL_SPR1,"Vidal, Andre",824180,Right,WLM_SHK,Undefined,4,Top,1,0,0,Fastball,Sinker,StrikeSwinging,Undefined,Undefined,Undefined,0,0,NA,92.17171,-2.774645,-2.083065,1898.054172,223.900317,01:30:00,6.08373,0.95064,5.36061,-22.43777,11.08784,9.66843,1.6081,-0.19802,84.68614,-6.906525,-0.364497,0.416735,NA,NA,NA,NA,NA,NA,NA,NA,NA,NA,NA,-5.45748,6.63008,-0.77066,50,5.8182,4.42281,-133.65142,-7.31443,-9.90297,27.94346,-20.14332,HOL_SPR1,WLM_SHK,TingStadium,CPL,CPL,20250622-TingStadium-1,c988dc70-4fb5-11f0-94df-5159efd1a280,90.44708,NA,NA,7.48557,NA,NA,NA,NA,NA,NA,7a202cac-ef26-47e8-8964-ed2f034dc92d,2025-06-22,22:11:03,2025-06-22T22:11:03Z,2025-06-22T22:11:03Z,NA,v3,NA,NA,NA,"Bonn, Preston",827396,Right,HOL_SPR1,a9ac29f5-3928-464c-8e4a-d585bcc057e3,55.14203,-134.72221,13.97173,6.0837,-6.54254,-10.07166,-0.94741,4.80229,-4.95149,NA,NA,NA,NA,NA,NA,NA,NA,NA,NA,NA,NA,NA,NA,NA,NA,NA,NA,NA,NA,NA,NA,NA,NA,NA,NA,NA,NA,NA,NA,NA,NA,NA,NA,NA,NA,NA,NA,NA,NA,NA,NA,NA,NA,NA,NA,NA,NA,NA,NA,High,High,High,NA,NA,NA,NA,NA,NA,NA,NA,NA,NA,NA,NA,NA,NA,NA,NA,NA,NA,NA,NA,NA,NA,NA,NA,NA,NA,NA,NA,NA,NA,NA,NA,NA,NA,NA,NA,NA,NA,NA,NA,NA,NA,NA,NA,NA,NA,NA,NA,NA,NA,NA,NA,NA,NA,NA,NA,NA,NA
NA,NA,NA,NA,NA,NA,NA,NA,NA,NA,NA,NA,NA,NA,NA,NA,122,2025-06-22,18:11:22,3,2,"Kroll, Athan",815481,Right,HOL_SPR1,"Vidal, Andre",824180,Right,WLM_SHK,Undefined,4,Top,1,0,1,Curveball,Curveball,StrikeSwinging,Undefined,Undefined,Undefined,0,0,NA,76.35869,0.155168,-1.49248,2164.064882,38.818317,07:15:00,6.30536,0.84133,5.08159,-55.48696,-6.07201,-6.11177,1.82777,-1.07521,70.4955,-9.836489,-2.575308,0.505942,NA,NA,NA,NA,NA,NA,NA,NA,NA,NA,NA,2.6252,-2.62406,-0.69486,50,6.27598,3.12869,-110.83509,-1.64005,3.26095,20.07066,-35.43357,HOL_SPR1,WLM_SHK,TingStadium,CPL,CPL,20250622-TingStadium-1,d541a790-4fb5-11f0-94df-5159efd1a280,74.49954,NA,NA,5.86319,NA,NA,NA,NA,NA,NA,7a202cac-ef26-47e8-8964-ed2f034dc92d,2025-06-22,22:11:22,2025-06-22T22:11:22Z,2025-06-22T22:11:22Z,NA,v3,NA,NA,NA,"Bonn, Preston",827396,Right,HOL_SPR1,cd3e9dfb-b959-44a0-870b-bf562d0e020f,55.42215,-111.81265,10.03533,6.31383,0.08578,-17.71679,-0.84338,2.96986,1.63048,NA,NA,NA,NA,NA,NA,NA,NA,NA,NA,NA,NA,NA,NA,NA,NA,NA,NA,NA,NA,NA,NA,NA,NA,NA,NA,NA,NA,NA,NA,NA,NA,NA,NA,NA,NA,NA,NA,NA,NA,NA,NA,NA,NA,NA,NA,NA,NA,NA,NA,High,High,High,NA,NA,NA,NA,NA,NA,NA,NA,NA,NA,NA,NA,NA,NA,NA,NA,NA,NA,NA,NA,NA,NA,NA,NA,NA,NA,NA,NA,NA,NA,NA,NA,NA,NA,NA,NA,NA,NA,NA,NA,NA,NA,NA,NA,NA,NA,NA,NA,NA,NA,NA,NA,NA,NA,NA,NA,NA,NA
NA,NA,NA,NA,NA,NA,NA,NA,NA,NA,NA,NA,NA,NA,NA,NA,123,2025-06-22,18:11:40,3,3,"Kroll, Athan",815481,Right,HOL_SPR1,"Vidal, Andre",824180,Right,WLM_SHK,Undefined,4,Top,1,0,2,Curveball,Curveball,BallCalled,Undefined,Undefined,Undefined,0,0,NA,77.81657,3.248954,-0.192092,2325.962073,30.305467,07:00:00,6.29018,0.99851,4.5451,-59.45271,-10.96138,-7.26563,4.43223,0.21016,71.44667,-7.381776,-1.464276,0.501191,NA,NA,NA,NA,NA,NA,NA,NA,NA,NA,NA,3.47209,-5.7304,-0.97125,50,6.572,0.69291,-112.78286,4.09852,4.48418,19.99467,-39.57485,HOL_SPR1,WLM_SHK,TingStadium,CPL,CPL,20250622-TingStadium-1,dfe64390-4fb5-11f0-94df-5159efd1a280,75.20571,NA,NA,6.36991,NA,NA,NA,NA,NA,NA,7a202cac-ef26-47e8-8964-ed2f034dc92d,2025-06-22,22:11:40,2025-06-22T22:11:40Z,2025-06-22T22:11:40Z,NA,v3,NA,NA,NA,"Bonn, Preston",827396,Right,HOL_SPR1,ef224be8-c6ea-4f73-a6b7-dbe31633e879,55.95966,-113.83451,9.99734,6.30169,6.18002,-19.78742,-1.0015,0.45706,2.24209,NA,NA,NA,NA,NA,NA,NA,NA,NA,NA,NA,NA,NA,NA,NA,NA,NA,NA,NA,NA,NA,NA,NA,NA,NA,NA,NA,NA,NA,NA,NA,NA,NA,NA,NA,NA,NA,NA,NA,NA,NA,NA,NA,NA,NA,NA,NA,NA,NA,NA,High,High,High,NA,NA,NA,NA,NA,NA,NA,NA,NA,NA,NA,NA,NA,NA,NA,NA,NA,NA,NA,NA,NA,NA,NA,NA,NA,NA,NA,NA,NA,NA,NA,NA,NA,NA,NA,NA,NA,NA,NA,NA,NA,NA,NA,NA,NA,NA,NA,NA,NA,NA,NA,NA,NA,NA,NA,NA,NA,NA
NA,NA,NA,NA,NA,NA,NA,NA,NA,NA,NA,NA,NA,NA,NA,NA,124,2025-06-22,18:11:59,3,4,"Kroll, Athan",815481,Right,HOL_SPR1,"Vidal, Andre",824180,Right,WLM_SHK,Undefined,4,Top,1,1,2,Curveball,Curveball,BallCalled,Undefined,Undefined,Undefined,0,0,NA,75.4975,3.604398,-0.644041,2040.332994,39.265288,07:15:00,6.28343,0.92237,4.84483,-57.04964,-5.98949,-6.17662,4.94667,-0.20216,69.14218,-6.682837,-1.730311,0.514295,NA,NA,NA,NA,NA,NA,NA,NA,NA,NA,NA,2.84835,-3.41795,-0.85314,50,6.59119,1.48236,-109.37326,4.84417,3.45563,19.00951,-36.32075,HOL_SPR1,WLM_SHK,TingStadium,CPL,CPL,20250622-TingStadium-1,eaede720-4fb5-11f0-94df-5159efd1a280,73.28952,NA,NA,6.35532,NA,NA,NA,NA,NA,NA,7a202cac-ef26-47e8-8964-ed2f034dc92d,2025-06-22,22:11:59,2025-06-22T22:11:59Z,2025-06-22T22:11:59Z,NA,v3,NA,NA,NA,"Bonn, Preston",827396,Right,HOL_SPR1,470e7f8b-d6b1-498c-927d-6ac46fa94623,55.65823,-110.35231,9.50475,6.29354,6.71478,-18.16038,-0.92490000000000006,1.30439,1.72781,NA,NA,NA,NA,NA,NA,NA,NA,NA,NA,NA,NA,NA,NA,NA,NA,NA,NA,NA,NA,NA,NA,NA,NA,NA,NA,NA,NA,NA,NA,NA,NA,NA,NA,NA,NA,NA,NA,NA,NA,NA,NA,NA,NA,NA,NA,NA,NA,NA,NA,High,High,High,NA,NA,NA,NA,NA,NA,NA,NA,NA,NA,NA,NA,NA,NA,NA,NA,NA,NA,NA,NA,NA,NA,NA,NA,NA,NA,NA,NA,NA,NA,NA,NA,NA,NA,NA,NA,NA,NA,NA,NA,NA,NA,NA,NA,NA,NA,NA,NA,NA,NA,NA,NA,NA,NA,NA,NA,NA,NA
NA,NA,NA,NA,NA,NA,NA,NA,NA,NA,NA,NA,NA,NA,NA,NA,125,2025-06-22,18:12:22,3,5,"Kroll, Athan",815481,Right,HOL_SPR1,"Vidal, Andre",824180,Right,WLM_SHK,Undefined,4,Top,1,2,2,Curveball,Curveball,StrikeSwinging,Strikeout,Undefined,Undefined,0,0,NA,76.55228,0.338231,-2.189722,2028.448945,19.732555,06:45:00,6.27817,0.8637,5.21339,-53.89479,-4.97315,-2.32347,2.1052399999999998,-1.39007,70.63081,-9.39946,-2.60196,0.50341,NA,NA,NA,NA,NA,NA,NA,NA,NA,NA,NA,0.55295,-2.16559,-0.65937,50,6.26853,4.33803,-111.0969,-1.1919,0.6907,20.01668,-34.87899,HOL_SPR1,WLM_SHK,TingStadium,CPL,CPL,20250622-TingStadium-1,f8e30db0-4fb5-11f0-94df-5159efd1a280,74.87422,NA,NA,5.92147,NA,NA,NA,NA,NA,NA,7a202cac-ef26-47e8-8964-ed2f034dc92d,2025-06-22,22:12:22,2025-06-22T22:12:22Z,2025-06-22T22:12:22Z,NA,v3,NA,NA,NA,"Bonn, Preston",827396,Right,HOL_SPR1,bf94313e-9114-4458-b353-e2ecebcf7b82,55.29026,-112.04601,10.00834,6.28584,0.46192,-17.4395,-0.86428,4.30528,0.34535,NA,NA,NA,NA,NA,NA,NA,NA,NA,NA,NA,NA,NA,NA,NA,NA,NA,NA,NA,NA,NA,NA,NA,NA,NA,NA,NA,NA,NA,NA,NA,NA,NA,NA,NA,NA,NA,NA,NA,NA,NA,NA,NA,NA,NA,NA,NA,NA,NA,NA,High,High,High,NA,NA,NA,NA,NA,NA,NA,NA,NA,NA,NA,NA,NA,NA,NA,NA,NA,NA,NA,NA,NA,NA,NA,NA,NA,NA,NA,NA,NA,NA,NA,NA,NA,NA,NA,NA,NA,NA,NA,NA,NA,NA,NA,NA,NA,NA,NA,NA,NA,NA,NA,NA,NA,NA,NA,NA,NA,NA
NA,NA,NA,NA,NA,NA,NA,NA,NA,NA,NA,NA,NA,NA,NA,NA,126,2025-06-22,18:12:51,4,1,"Kroll, Athan",815481,Right,HOL_SPR1,"Culley, Jason",1000254934,Left,WLM_SHK,Undefined,4,Top,2,0,0,Curveball,Curveball,BallCalled,Undefined,Undefined,Undefined,0,0,NA,75.14043,2.522614,1.253181,2075.045511,30.977035,07:00:00,6.20196,0.96995,4.57515,-62.15444,-9.98709,-6.99181,3.42484,1.5799,68.86057,-8.603545,0.027425,0.519841,NA,NA,NA,NA,NA,NA,NA,NA,NA,NA,NA,3.75055,-5.04355,-1.09284,50,6.40492,-2.0894,-108.8844,2.48849,4.49141,19.56322,-38.21384,HOL_SPR1,WLM_SHK,TingStadium,CPL,CPL,20250622-TingStadium-1,0a3eb7d0-4fb6-11f0-94df-5159efd1a280,72.5076,NA,NA,6.27986,NA,NA,NA,NA,NA,NA,7a202cac-ef26-47e8-8964-ed2f034dc92d,2025-06-22,22:12:51,2025-06-22T22:12:51Z,2025-06-22T22:12:51Z,NA,v3,NA,NA,NA,"Bonn, Preston",827396,Right,HOL_SPR1,272c3c8d-9012-4fab-b79c-918b8dfc0e3a,55.92881,-109.94447,9.78161,6.21398,4.55917,-19.10692,-0.97303,-2.33277,2.24571,NA,NA,NA,NA,NA,NA,NA,NA,NA,NA,NA,NA,NA,NA,NA,NA,NA,NA,NA,NA,NA,NA,NA,NA,NA,NA,NA,NA,NA,NA,NA,NA,NA,NA,NA,NA,NA,NA,NA,NA,NA,NA,NA,NA,NA,NA,NA,NA,NA,NA,High,High,High,NA,NA,NA,NA,NA,NA,NA,NA,NA,NA,NA,NA,NA,NA,NA,NA,NA,NA,NA,NA,NA,NA,NA,NA,NA,NA,NA,NA,NA,NA,NA,NA,NA,NA,NA,NA,NA,NA,NA,NA,NA,NA,NA,NA,NA,NA,NA,NA,NA,NA,NA,NA,NA,NA,NA,NA,NA,NA
NA,NA,NA,NA,NA,NA,NA,NA,NA,NA,NA,NA,NA,NA,NA,NA,127,2025-06-22,18:13:10,4,2,"Kroll, Athan",815481,Right,HOL_SPR1,"Culley, Jason",1000254934,Left,WLM_SHK,Undefined,4,Top,2,1,0,Fastball,Four-Seam,InPlay,Undefined,Bunt,Single,0,0,NA,91.2578,-2.699431,-2.481696,1914.013104,208.472977,01:00:00,6.07789,1.0548,5.66478,-22.404419999999998,11.24174,5.56213,1.68944,-0.79729,84.30122,-6.837807,-1.488106,0.417483,NA,NA,NA,NA,NA,NA,NA,NA,NA,NA,NA,-3.50099,6.70524,-0.8486,50,5.83505,5.50477,-132.43852,-7.03607,-6.26889,26.12085,-20.16755,HOL_SPR1,WLM_SHK,TingStadium,CPL,CPL,20250622-TingStadium-1,15c04650-4fb6-11f0-94df-5159efd1a280,90.28488,NA,NA,6.95658,NA,NA,NA,NA,NA,NA,7a202cac-ef26-47e8-8964-ed2f034dc92d,2025-06-22,22:13:10,2025-06-22T22:13:10Z,2025-06-22T22:13:10Z,NA,v3,NA,NA,NA,"Bonn, Preston",827396,Right,HOL_SPR1,4ae39485-ac41-4d5f-8c3e-a208081fac2d,54.83914,-133.38953,13.06043,6.07785,-6.30181,-10.08377,-1.05317,5.73301,-3.13445,NA,NA,NA,NA,NA,NA,NA,NA,NA,NA,NA,NA,NA,NA,NA,NA,NA,NA,NA,NA,NA,NA,NA,NA,NA,NA,NA,NA,NA,NA,NA,NA,NA,NA,NA,NA,NA,NA,NA,NA,NA,NA,NA,NA,NA,NA,NA,NA,NA,NA,High,High,High,NA,NA,NA,NA,NA,NA,NA,NA,NA,NA,NA,NA,NA,NA,NA,NA,NA,NA,NA,NA,NA,NA,NA,NA,NA,NA,NA,NA,NA,NA,NA,NA,NA,NA,NA,NA,NA,NA,NA,NA,NA,NA,NA,NA,NA,NA,NA,NA,NA,NA,NA,NA,NA,NA,NA,NA,NA,NA
NA,NA,NA,NA,NA,NA,NA,NA,NA,NA,NA,NA,NA,NA,NA,NA,128,2025-06-22,18:13:54,5,1,"Kroll, Athan",815481,Right,HOL_SPR1,"Miller, Brady",1000357366,Right,WLM_SHK,Undefined,4,Top,2,0,0,Fastball,Four-Seam,StrikeCalled,Undefined,Undefined,Undefined,0,0,NA,93.12219,-2.061068,-1.634355,2083.179697,217.131585,01:15:00,6.15455,0.97993,5.45323,-19.15017,13.75174,9.58855,2.62755,0.24851,84.85539,-5.638502,0.072652,0.41284,NA,NA,NA,NA,NA,NA,NA,NA,NA,NA,NA,-5.31713,7.8489,-0.84255,50,5.95965,3.40959,-135.03711,-5.53784,-9.78151,30.42604,-17.735,HOL_SPR1,WLM_SHK,TingStadium,CPL,CPL,20250622-TingStadium-1,2fc383f0-4fb6-11f0-94df-5159efd1a280,91.30033,NA,NA,8.26681,NA,NA,NA,NA,NA,NA,7a202cac-ef26-47e8-8964-ed2f034dc92d,2025-06-22,22:13:54,2025-06-22T22:13:54Z,2025-06-22T22:13:54Z,NA,v3,NA,NA,NA,"Bonn, Preston",827396,Right,HOL_SPR1,44e604ed-5014-41b0-81ee-8c5899eac49d,55.04774,-136.16969,15.21302,6.1535,-4.87767,-8.8675,-0.97625,3.7737,-4.89075,NA,NA,NA,NA,NA,NA,NA,NA,NA,NA,NA,NA,NA,NA,NA,NA,NA,NA,NA,NA,NA,NA,NA,NA,NA,NA,NA,NA,NA,NA,NA,NA,NA,NA,NA,NA,NA,NA,NA,NA,NA,NA,NA,NA,NA,NA,NA,NA,NA,NA,High,High,High,NA,NA,NA,NA,NA,NA,NA,NA,NA,NA,NA,NA,NA,NA,NA,NA,NA,NA,NA,NA,NA,NA,NA,NA,NA,NA,NA,NA,NA,NA,NA,NA,NA,NA,NA,NA,NA,NA,NA,NA,NA,NA,NA,NA,NA,NA,NA,NA,NA,NA,NA,NA,NA,NA,NA,NA,NA,NA
NA,NA,NA,NA,NA,NA,NA,NA,NA,NA,NA,NA,NA,NA,NA,NA,129,2025-06-22,18:14:13,5,2,"Kroll, Athan",815481,Right,HOL_SPR1,"Miller, Brady",1000357366,Right,WLM_SHK,Undefined,4,Top,2,0,1,Curveball,Curveball,StrikeCalled,Undefined,Undefined,Undefined,0,0,NA,75.88125,1.399465,-1.359006,2195.843634,14.437011,06:30:00,6.36909,0.84035,4.70306,-60.97425,-10.71465,-3.11795,2.61702,-0.70979,70.59899,-9.480025,-1.907437,0.510248,NA,NA,NA,NA,NA,NA,NA,NA,NA,NA,NA,1.19311,-5.22705,-0.69964,50,6.45535,2.74091,-110.21441,0.453,1.48104,17.90579,-38.66247,HOL_SPR1,WLM_SHK,TingStadium,CPL,CPL,20250622-TingStadium-1,3b207370-4fb6-11f0-94df-5159efd1a280,73.87088,NA,NA,5.28226,NA,NA,NA,NA,NA,NA,7a202cac-ef26-47e8-8964-ed2f034dc92d,2025-06-22,22:14:13,2025-06-22T22:14:13Z,2025-06-22T22:14:13Z,NA,v3,NA,NA,NA,"Bonn, Preston",827396,Right,HOL_SPR1,30102622-d888-4a8e-bca6-7ab92e8230af,55.80325,-111.15323,8.9529,6.37846,2.48011,-19.33124,-0.84132,2.66326,0.74052,NA,NA,NA,NA,NA,NA,NA,NA,NA,NA,NA,NA,NA,NA,NA,NA,NA,NA,NA,NA,NA,NA,NA,NA,NA,NA,NA,NA,NA,NA,NA,NA,NA,NA,NA,NA,NA,NA,NA,NA,NA,NA,NA,NA,NA,NA,NA,NA,NA,NA,High,High,High,NA,NA,NA,NA,NA,NA,NA,NA,NA,NA,NA,NA,NA,NA,NA,NA,NA,NA,NA,NA,NA,NA,NA,NA,NA,NA,NA,NA,NA,NA,NA,NA,NA,NA,NA,NA,NA,NA,NA,NA,NA,NA,NA,NA,NA,NA,NA,NA,NA,NA,NA,NA,NA,NA,NA,NA,NA,NA
NA,NA,NA,NA,NA,NA,NA,NA,NA,NA,NA,NA,NA,NA,NA,NA,130,2025-06-22,18:14:33,5,3,"Kroll, Athan",815481,Right,HOL_SPR1,"Miller, Brady",1000357366,Right,WLM_SHK,Undefined,4,Top,2,0,2,Curveball,Curveball,FoulBallNotFieldable,Undefined,Undefined,Undefined,0,0,NA,77.96232,1.318609,-0.287688,2086.909703,25.560556,06:45:00,6.28875,1.00646,4.79897,-55.01192,-7.26304,-4.1624,2.95417,0.38698,71.87598,-8.558423,-1.021046,0.49734,58.95483,29.214616,137.991863,2047.880609,NA,NA,NA,NA,35.03877,NA,NA,1.97906,-3.55232,-0.97394,50,6.37172,0.74033,-113.16823,0.56648,2.57193,20.24602,-36.79056,HOL_SPR1,WLM_SHK,TingStadium,CPL,CPL,20250622-TingStadium-1,46ec7870-4fb6-11f0-94df-5159efd1a280,75.78813,18.78469,NA,6.08634,NA,NA,NA,1.15714,2.81762,-0.40741,7a202cac-ef26-47e8-8964-ed2f034dc92d,2025-06-22,22:14:33,2025-06-22T22:14:33Z,2025-06-22T22:14:33Z,NA,v3,NA,NA,NA,"Bonn, Preston",827396,Right,HOL_SPR1,af630dc3-1e8a-4259-a38e-913f03a029e8,55.70544,-114.18438,10.12301,6.29695,2.41301,-18.39528,-1.00785,0.61124,1.28597,NA,1.15714,-56.07659,2.59779,0.7916,-0.38253,0.12757,-0.03594,0.0132,-0.00389,2.81762,42.20299,-22.83015,2.38635,-0.45594,0.07488,-0.00716,-0.00312,0.0022,-0.40741,50.50601,-13.34553,3.08598,-0.71877,0.12876,-0.02244,8.4e-4,0.0013,NA,NA,NA,NA,NA,NA,NA,NA,NA,NA,NA,NA,NA,NA,NA,NA,NA,NA,NA,NA,NA,NA,High,High,High,High,Undefined,NA,NA,NA,NA,NA,NA,NA,NA,NA,NA,NA,NA,NA,NA,NA,NA,NA,NA,NA,NA,NA,NA,NA,NA,NA,NA,NA,NA,NA,NA,NA,NA,NA,NA,NA,NA,NA,NA,NA,NA,NA,NA,NA,NA,NA,NA,NA,NA,NA,NA,NA,NA,NA,NA,NA,NA
NA,NA,NA,NA,NA,NA,NA,NA,NA,NA,NA,NA,NA,NA,NA,NA,131,2025-06-22,18:14:58,5,4,"Kroll, Athan",815481,Right,HOL_SPR1,"Miller, Brady",1000357366,Right,WLM_SHK,Undefined,4,Top,2,0,2,Fastball,Four-Seam,FoulBallNotFieldable,Undefined,Undefined,Undefined,0,0,NA,93.55728,-1.965508,-1.311682,1981.596843,200.376449,12:45:00,6.24468,0.98662,5.3919,-15.55363,17.56162,6.06276,3.10516,0.26226,84.0264,-4.932746,-0.233837,0.414176,73.22276,31.402665,153.382852,3698.548048,NA,NA,NA,NA,56.49181,NA,NA,-3.47658,9.81898,-0.87388,50,6.05868,2.8122,-135.45442,-5.15034,-6.34451,34.48886,-14.25512,HOL_SPR1,WLM_SHK,TingStadium,CPL,CPL,20250622-TingStadium-1,55c56f50-4fb6-11f0-94df-5159efd1a280,91.00578,30.17137,NA,9.53088,NA,NA,NA,1.30525,3.00216,-0.31497000000000003,7a202cac-ef26-47e8-8964-ed2f034dc92d,2025-06-22,22:14:58,2025-06-22T22:14:58Z,2025-06-22T22:14:58Z,NA,v3,NA,NA,NA,"Bonn, Preston",827396,Right,HOL_SPR1,fe83909d-ca0d-4712-bdca-6da48e94c0de,55.10634,-136.74839,17.24443,6.24189,-4.61551,-7.12756,-0.98386,3.05024,-3.17225,301.862847,1.30525,-81.94853,5.36573,-0.28509,-0.0487,0.03495,-0.00838,0.00164,-6e-5,3.00216,55.95716,-24.79331,2.73315,-0.57345,0.1101,-0.02287,0.00567,-0.00107,-0.31497000000000003,41.06745,-10.79859,2.60568,-0.61171,0.12787,-0.02987,0.00719,-0.00129,NA,NA,NA,NA,NA,NA,NA,NA,NA,NA,NA,NA,NA,NA,NA,NA,NA,NA,NA,NA,NA,NA,High,High,High,High,Undefined,NA,NA,NA,NA,NA,NA,NA,NA,NA,NA,NA,NA,NA,NA,NA,NA,NA,NA,NA,NA,NA,NA,NA,NA,NA,NA,NA,NA,NA,NA,NA,NA,NA,NA,NA,NA,NA,NA,NA,NA,NA,NA,NA,NA,NA,NA,NA,NA,NA,NA,NA,NA,NA,NA,NA,NA
NA,NA,NA,NA,NA,NA,NA,NA,NA,NA,NA,NA,NA,NA,NA,NA,132,2025-06-22,18:15:20,5,5,"Kroll, Athan",815481,Right,HOL_SPR1,"Miller, Brady",1000357366,Right,WLM_SHK,Undefined,4,Top,2,0,2,Curveball,Curveball,BallCalled,Undefined,Undefined,Undefined,0,0,NA,79.35273,-2.19914,-4.625171,2229.488924,352.767025,05:45:00,6.33785,0.97648,5.09944,-53.88593,-7.59347,1.15354,-0.23281,-3.29545,73.25097,-11.821485,-4.421337,0.489696,NA,NA,NA,NA,NA,NA,NA,NA,NA,NA,NA,-1.96307,-2.77516,-0.53978,50,6.08668,9.23415,-114.71305,-6.35724,-2.59726,22.62471,-35.8457,HOL_SPR1,WLM_SHK,TingStadium,CPL,CPL,20250622-TingStadium-1,62f7bb10-4fb6-11f0-94df-5159efd1a280,76.97107,NA,NA,6.10176,NA,NA,NA,NA,NA,NA,7a202cac-ef26-47e8-8964-ed2f034dc92d,2025-06-22,22:15:20,2025-06-22T22:15:20Z,2025-06-22T22:15:20Z,NA,v3,NA,NA,NA,"Bonn, Preston",827396,Right,HOL_SPR1,c0b06be8-0813-46bf-894f-3c3c0976fe45,55.40459,-115.77409,11.31235,6.3454,-4.67618,-17.92285,-0.9757,9.35595,-1.29863,NA,NA,NA,NA,NA,NA,NA,NA,NA,NA,NA,NA,NA,NA,NA,NA,NA,NA,NA,NA,NA,NA,NA,NA,NA,NA,NA,NA,NA,NA,NA,NA,NA,NA,NA,NA,NA,NA,NA,NA,NA,NA,NA,NA,NA,NA,NA,NA,NA,NA,High,High,High,NA,NA,NA,NA,NA,NA,NA,NA,NA,NA,NA,NA,NA,NA,NA,NA,NA,NA,NA,NA,NA,NA,NA,NA,NA,NA,NA,NA,NA,NA,NA,NA,NA,NA,NA,NA,NA,NA,NA,NA,NA,NA,NA,NA,NA,NA,NA,NA,NA,NA,NA,NA,NA,NA,NA,NA,NA,NA
NA,NA,NA,NA,NA,NA,NA,NA,NA,NA,NA,NA,NA,NA,NA,NA,133,2025-06-22,18:15:42,5,6,"Kroll, Athan",815481,Right,HOL_SPR1,"Miller, Brady",1000357366,Right,WLM_SHK,Undefined,4,Top,2,1,2,Fastball,Four-Seam,BallCalled,Undefined,Undefined,Undefined,0,0,NA,92.99113,-4.747898,-3.117741,2082.205707,222.73304,01:30:00,6.21998,0.89413,5.44482,-20.3554,13.00304,10.94052,0.0613,-1.11628,84.7029,-8.514091,-1.171999,0.415695,NA,NA,NA,NA,NA,NA,NA,NA,NA,NA,NA,-6.52366,8.32808,-0.62636,50,5.785,6.82409,-134.31423,-11.90047,-11.82615,31.16772,-17.07686,HOL_SPR1,WLM_SHK,TingStadium,CPL,CPL,20250622-TingStadium-1,700abf00-4fb6-11f0-94df-5159efd1a280,90.67341,NA,NA,8.28823,NA,NA,NA,NA,NA,NA,7a202cac-ef26-47e8-8964-ed2f034dc92d,2025-06-22,22:15:42,2025-06-22T22:15:42Z,2025-06-22T22:15:42Z,NA,v3,NA,NA,NA,"Bonn, Preston",827396,Right,HOL_SPR1,945f5713-2229-4f11-bf7f-641b0ce1ee31,55.0576,-135.48277,15.58386,6.21917,-11.26022,-8.53843,-0.89052,7.26747,-5.91307,NA,NA,NA,NA,NA,NA,NA,NA,NA,NA,NA,NA,NA,NA,NA,NA,NA,NA,NA,NA,NA,NA,NA,NA,NA,NA,NA,NA,NA,NA,NA,NA,NA,NA,NA,NA,NA,NA,NA,NA,NA,NA,NA,NA,NA,NA,NA,NA,NA,NA,High,High,High,NA,NA,NA,NA,NA,NA,NA,NA,NA,NA,NA,NA,NA,NA,NA,NA,NA,NA,NA,NA,NA,NA,NA,NA,NA,NA,NA,NA,NA,NA,NA,NA,NA,NA,NA,NA,NA,NA,NA,NA,NA,NA,NA,NA,NA,NA,NA,NA,NA,NA,NA,NA,NA,NA,NA,NA,NA,NA
NA,NA,NA,NA,NA,NA,NA,NA,NA,NA,NA,NA,NA,NA,NA,NA,134,2025-06-22,18:16:03,5,7,"Kroll, Athan",815481,Right,HOL_SPR1,"Miller, Brady",1000357366,Right,WLM_SHK,Undefined,4,Top,2,2,2,Curveball,Curveball,BallCalled,Undefined,Undefined,Undefined,0,0,NA,76.97394,-1.843748,-2.584983,2203.753304,11.417708,06:30:00,6.27682,0.75499,5.08534,-58.27519,-8.96867,-2.15083,-0.31973,-1.86252,70.75265,-12.275884,-2.966735,0.505386,NA,NA,NA,NA,NA,NA,NA,NA,NA,NA,NA,0.26004,-3.59748,-0.50829,50,6.05538,5.11589,-111.48473,-5.61627,0.3225,22.7702,-36.63561,HOL_SPR1,WLM_SHK,TingStadium,CPL,CPL,20250622-TingStadium-1,7c62d760-4fb6-11f0-94df-5159efd1a280,74.58142,NA,NA,6.22129,NA,NA,NA,NA,NA,NA,7a202cac-ef26-47e8-8964-ed2f034dc92d,2025-06-22,22:16:03,2025-06-22T22:16:03Z,2025-06-22T22:16:03Z,NA,v3,NA,NA,NA,"Bonn, Preston",827396,Right,HOL_SPR1,644b6e3d-d185-41c0-98f3-68a0cf90b360,55.41919,-112.58613,11.3851,6.28418,-3.8442,-18.3178,-0.75537,5.10029,0.16125,NA,NA,NA,NA,NA,NA,NA,NA,NA,NA,NA,NA,NA,NA,NA,NA,NA,NA,NA,NA,NA,NA,NA,NA,NA,NA,NA,NA,NA,NA,NA,NA,NA,NA,NA,NA,NA,NA,NA,NA,NA,NA,NA,NA,NA,NA,NA,NA,NA,NA,High,High,High,NA,NA,NA,NA,NA,NA,NA,NA,NA,NA,NA,NA,NA,NA,NA,NA,NA,NA,NA,NA,NA,NA,NA,NA,NA,NA,NA,NA,NA,NA,NA,NA,NA,NA,NA,NA,NA,NA,NA,NA,NA,NA,NA,NA,NA,NA,NA,NA,NA,NA,NA,NA,NA,NA,NA,NA,NA,NA
NA,NA,NA,NA,NA,NA,NA,NA,NA,NA,NA,NA,NA,NA,NA,NA,135,2025-06-22,18:16:28,5,8,"Kroll, Athan",815481,Right,HOL_SPR1,"Miller, Brady",1000357366,Right,WLM_SHK,Undefined,4,Top,2,3,2,Curveball,Curveball,BallCalled,Walk,Undefined,Undefined,0,0,NA,76.52175,0.890828,-2.825158,2237.227289,10.484515,06:15:00,6.21743,1.00468,5.06112,-62.35082,-12.59509,-2.63728,1.86269,-1.88146,70.09464,-10.324633,-3.291663,0.507683,NA,NA,NA,NA,NA,NA,NA,NA,NA,NA,NA,0.43575,-6.04811,-0.73363,50,6.25236,5.5775,-110.88526,-0.49469,0.53664,21.82781,-39.6229,HOL_SPR1,WLM_SHK,TingStadium,CPL,CPL,20250622-TingStadium-1,8bba2600-4fb6-11f0-94df-5159efd1a280,74.244,NA,NA,6.42711,NA,NA,NA,NA,NA,NA,7a202cac-ef26-47e8-8964-ed2f034dc92d,2025-06-22,22:16:28,2025-06-22T22:16:28Z,2025-06-22T22:16:28Z,NA,v3,NA,NA,NA,"Bonn, Preston",827396,Right,HOL_SPR1,8319b760-b717-4bfb-a67d-ab883c788afa,55.44307,-111.9516,10.9139,6.22924,1.44099,-19.81145,-1.00546,5.55128,0.26832,NA,NA,NA,NA,NA,NA,NA,NA,NA,NA,NA,NA,NA,NA,NA,NA,NA,NA,NA,NA,NA,NA,NA,NA,NA,NA,NA,NA,NA,NA,NA,NA,NA,NA,NA,NA,NA,NA,NA,NA,NA,NA,NA,NA,NA,NA,NA,NA,NA,NA,High,High,High,NA,NA,NA,NA,NA,NA,NA,NA,NA,NA,NA,NA,NA,NA,NA,NA,NA,NA,NA,NA,NA,NA,NA,NA,NA,NA,NA,NA,NA,NA,NA,NA,NA,NA,NA,NA,NA,NA,NA,NA,NA,NA,NA,NA,NA,NA,NA,NA,NA,NA,NA,NA,NA,NA,NA,NA,NA,NA
NA,NA,NA,NA,NA,NA,NA,NA,NA,NA,NA,NA,NA,NA,NA,NA,136,2025-06-22,18:18:22,6,1,"Kroll, Athan",815481,Right,HOL_SPR1,"Tobias, Jacob",10041882,Left,WLM_SHK,Undefined,4,Top,2,0,0,Fastball,Four-Seam,BallCalled,Undefined,Undefined,Undefined,0,0,NA,90.66943,-1.510869,-0.898112,2090.054986,210.091148,01:00:00,6.17165,0.96587,5.47101,-18.85312,15.79658,8.49174,3.18607,0.83293,82.58524,-5.050538,0.614342,0.423664,NA,NA,NA,NA,NA,NA,NA,NA,NA,NA,NA,-4.5211,8.72788,-0.8928,50,6.02616,1.67325,-131.53226,-4.09875,-7.89405,28.76714,-16.93485,HOL_SPR1,WLM_SHK,TingStadium,CPL,CPL,20250622-TingStadium-1,cf76b1b0-4fb6-11f0-94df-5159efd1a280,88.96784,NA,NA,8.08419,NA,NA,NA,NA,NA,NA,7a202cac-ef26-47e8-8964-ed2f034dc92d,2025-06-22,22:18:22,2025-06-22T22:18:22Z,2025-06-22T22:18:22Z,NA,v3,NA,NA,NA,"Bonn, Preston",827396,Right,HOL_SPR1,6fdffbcb-4dea-4bb0-a303-293388cc74dc,55.02846,-132.62746,14.38357,6.16994,-3.45402,-8.46742,-0.96222,1.97379,-3.94703,NA,NA,NA,NA,NA,NA,NA,NA,NA,NA,NA,NA,NA,NA,NA,NA,NA,NA,NA,NA,NA,NA,NA,NA,NA,NA,NA,NA,NA,NA,NA,NA,NA,NA,NA,NA,NA,NA,NA,NA,NA,NA,NA,NA,NA,NA,NA,NA,NA,NA,High,High,High,NA,NA,NA,NA,NA,NA,NA,NA,NA,NA,NA,NA,NA,NA,NA,NA,NA,NA,NA,NA,NA,NA,NA,NA,NA,NA,NA,NA,NA,NA,NA,NA,NA,NA,NA,NA,NA,NA,NA,NA,NA,NA,NA,NA,NA,NA,NA,NA,NA,NA,NA,NA,NA,NA,NA,NA,NA,NA
NA,NA,NA,NA,NA,NA,NA,NA,NA,NA,NA,NA,NA,NA,NA,NA,137,2025-06-22,18:18:37,6,2,"Kroll, Athan",815481,Right,HOL_SPR1,"Tobias, Jacob",10041882,Left,WLM_SHK,Undefined,4,Top,2,1,0,Fastball,Four-Seam,BallCalled,Undefined,Undefined,Undefined,0,0,NA,90.7794,-1.818461,0.497605,1982.166186,216.968473,01:15:00,6.1026,1.33617,5.65084,-20.36391,13.96347,9.66654,2.70884,2.60586,82.83639,-5.628429,2.22513,0.421688,NA,NA,NA,NA,NA,NA,NA,NA,NA,NA,NA,-4.73162,7.9389,-1.38447,50,5.93555,-1.57972,-131.72147,-4.86245,-8.28661,28.81209,-18.27051,HOL_SPR1,WLM_SHK,TingStadium,CPL,CPL,20250622-TingStadium-1,d82c7600-4fb6-11f0-94df-5159efd1a280,89.38456,NA,NA,7.94301,NA,NA,NA,NA,NA,NA,7a202cac-ef26-47e8-8964-ed2f034dc92d,2025-06-22,22:18:37,2025-06-22T22:18:37Z,2025-06-22T22:18:37Z,NA,v3,NA,NA,NA,"Bonn, Preston",827396,Right,HOL_SPR1,eaf70b4a-0275-4aba-b411-2968b2b682ca,54.84846,-132.77776,14.40605,6.10154,-4.19263,-9.13526,-1.33213,-1.27592,-4.1433,NA,NA,NA,NA,NA,NA,NA,NA,NA,NA,NA,NA,NA,NA,NA,NA,NA,NA,NA,NA,NA,NA,NA,NA,NA,NA,NA,NA,NA,NA,NA,NA,NA,NA,NA,NA,NA,NA,NA,NA,NA,NA,NA,NA,NA,NA,NA,NA,NA,NA,High,High,High,NA,NA,NA,NA,NA,NA,NA,NA,NA,NA,NA,NA,NA,NA,NA,NA,NA,NA,NA,NA,NA,NA,NA,NA,NA,NA,NA,NA,NA,NA,NA,NA,NA,NA,NA,NA,NA,NA,NA,NA,NA,NA,NA,NA,NA,NA,NA,NA,NA,NA,NA,NA,NA,NA,NA,NA,NA,NA
NA,NA,NA,NA,NA,NA,NA,NA,NA,NA,NA,NA,NA,NA,NA,NA,138,2025-06-22,18:18:53,6,3,"Kroll, Athan",815481,Right,HOL_SPR1,"Tobias, Jacob",10041882,Left,WLM_SHK,Undefined,4,Top,2,2,0,Curveball,Curveball,BallCalled,Undefined,Undefined,Undefined,0,0,NA,77.36928,0.021173,-2.819072,2206.311601,19.894242,06:45:00,6.25599,1.10809,4.78843,-55.93357,-7.14512,-3.1352,1.61496,-1.82721,71.37735,-9.9833,-3.370746,0.502724,NA,NA,NA,NA,NA,NA,NA,NA,NA,NA,NA,0.74917,-3.12347,-0.82348,50,6.2088,5.65079,-112.14973,-2.01148,0.95216,20.68294,-36.14372,HOL_SPR1,WLM_SHK,TingStadium,CPL,CPL,20250622-TingStadium-1,e22ae6f0-4fb6-11f0-94df-5159efd1a280,74.97634,NA,NA,5.99193,NA,NA,NA,NA,NA,NA,7a202cac-ef26-47e8-8964-ed2f034dc92d,2025-06-22,22:18:53,2025-06-22T22:18:53Z,2025-06-22T22:18:53Z,NA,v3,NA,NA,NA,"Bonn, Preston",827396,Right,HOL_SPR1,5e178e98-6dae-46d6-8428-797dafd008ba,55.71557,-113.1989,10.34147,6.26433,-0.17803,-18.07186,-1.1089,5.60249,0.47608,NA,NA,NA,NA,NA,NA,NA,NA,NA,NA,NA,NA,NA,NA,NA,NA,NA,NA,NA,NA,NA,NA,NA,NA,NA,NA,NA,NA,NA,NA,NA,NA,NA,NA,NA,NA,NA,NA,NA,NA,NA,NA,NA,NA,NA,NA,NA,NA,NA,NA,High,High,High,NA,NA,NA,NA,NA,NA,NA,NA,NA,NA,NA,NA,NA,NA,NA,NA,NA,NA,NA,NA,NA,NA,NA,NA,NA,NA,NA,NA,NA,NA,NA,NA,NA,NA,NA,NA,NA,NA,NA,NA,NA,NA,NA,NA,NA,NA,NA,NA,NA,NA,NA,NA,NA,NA,NA,NA,NA,NA
NA,NA,NA,NA,NA,NA,NA,NA,NA,NA,NA,NA,NA,NA,NA,NA,139,2025-06-22,18:19:10,6,4,"Kroll, Athan",815481,Right,HOL_SPR1,"Tobias, Jacob",10041882,Left,WLM_SHK,Undefined,4,Top,2,3,0,Fastball,Four-Seam,StrikeCalled,Undefined,Undefined,Undefined,0,0,NA,90.66334,-1.398428,-0.864392,1991.988527,215.611816,01:15:00,6.07144,0.93929,5.4763,-22.84875,11.80032,7.63615,2.85835,0.7667,82.6457,-5.645456,0.496245,0.42366,NA,NA,NA,NA,NA,NA,NA,NA,NA,NA,NA,-4.08799,6.69209,-0.86867,50,5.93324,1.63641,-131.53559,-4.02253,-7.13604,28.84694,-20.4923,HOL_SPR1,WLM_SHK,TingStadium,CPL,CPL,20250622-TingStadium-1,ec4432e0-4fb6-11f0-94df-5159efd1a280,88.96868,NA,NA,8.01764,NA,NA,NA,NA,NA,NA,7a202cac-ef26-47e8-8964-ed2f034dc92d,2025-06-22,22:19:10,2025-06-22T22:19:10Z,2025-06-22T22:19:10Z,NA,v3,NA,NA,NA,"Bonn, Preston",827396,Right,HOL_SPR1,eab17a76-dd93-47b6-be4c-fd793f1397a0,55.02345,-132.6327,14.42347,6.0714,-3.24316,-10.24615,-0.93607,1.90781,-3.56802,NA,NA,NA,NA,NA,NA,NA,NA,NA,NA,NA,NA,NA,NA,NA,NA,NA,NA,NA,NA,NA,NA,NA,NA,NA,NA,NA,NA,NA,NA,NA,NA,NA,NA,NA,NA,NA,NA,NA,NA,NA,NA,NA,NA,NA,NA,NA,NA,NA,NA,High,High,High,NA,NA,NA,NA,NA,NA,NA,NA,NA,NA,NA,NA,NA,NA,NA,NA,NA,NA,NA,NA,NA,NA,NA,NA,NA,NA,NA,NA,NA,NA,NA,NA,NA,NA,NA,NA,NA,NA,NA,NA,NA,NA,NA,NA,NA,NA,NA,NA,NA,NA,NA,NA,NA,NA,NA,NA,NA,NA
NA,NA,NA,NA,NA,NA,NA,NA,NA,NA,NA,NA,NA,NA,NA,NA,140,2025-06-22,18:19:24,6,5,"Kroll, Athan",815481,Right,HOL_SPR1,"Tobias, Jacob",10041882,Left,WLM_SHK,Undefined,4,Top,2,3,1,Fastball,Four-Seam,BallCalled,Walk,Undefined,Undefined,0,1,NA,90.57895,-1.897467,0.25967,1998.502498,209.333765,01:00:00,6.10681,1.1233900000000001,5.4703,-19.76753,15.01501,7.78473,2.68304,2.01514,82.46567,-5.596661,1.646345,0.424475,NA,NA,NA,NA,NA,NA,NA,NA,NA,NA,NA,-3.83536,8.46363,-1.15165,50,5.92668,-0.95068,-131.36744,-5.02115,-6.6682,29.1506,-17.45915,HOL_SPR1,WLM_SHK,TingStadium,CPL,CPL,20250622-TingStadium-1,f42ff070-4fb6-11f0-94df-5159efd1a280,88.79783,NA,NA,8.11328,NA,NA,NA,NA,NA,NA,7a202cac-ef26-47e8-8964-ed2f034dc92d,2025-06-22,22:19:24,2025-06-22T22:19:24Z,2025-06-22T22:19:24Z,NA,v3,NA,NA,NA,"Bonn, Preston",827396,Right,HOL_SPR1,13d860a2-6101-4e4a-adb5-425f4b5d7b51,55.02908,-132.4787,14.5753,6.10541,-4.35559,-8.72957,-1.12026,-0.69648,-3.3341,NA,NA,NA,NA,NA,NA,NA,NA,NA,NA,NA,NA,NA,NA,NA,NA,NA,NA,NA,NA,NA,NA,NA,NA,NA,NA,NA,NA,NA,NA,NA,NA,NA,NA,NA,NA,NA,NA,NA,NA,NA,NA,NA,NA,NA,NA,NA,NA,NA,NA,High,High,High,NA,NA,NA,NA,NA,NA,NA,NA,NA,NA,NA,NA,NA,NA,NA,NA,NA,NA,NA,NA,NA,NA,NA,NA,NA,NA,NA,NA,NA,NA,NA,NA,NA,NA,NA,NA,NA,NA,NA,NA,NA,NA,NA,NA,NA,NA,NA,NA,NA,NA,NA,NA,NA,NA,NA,NA,NA,NA
NA,NA,NA,NA,NA,NA,NA,NA,NA,NA,NA,NA,NA,NA,NA,NA,141,2025-06-22,18:20:01,7,1,"Kroll, Athan",815481,Right,HOL_SPR1,"Paulick, Jake",1000093630,Right,WLM_SHK,Undefined,4,Top,2,0,0,Fastball,Four-Seam,StrikeCalled,Undefined,Undefined,Undefined,0,0,NA,91.54792,-1.647381,-2.268142,1933.580023,215.617882,01:15:00,6.02938,0.91865,5.69395,-18.87395,14.91769,9.8752,2.9196,-0.37339,83.24923,-5.203319,-0.503484,0.418385,NA,NA,NA,NA,NA,NA,NA,NA,NA,NA,NA,-5.65426,8.38831,-0.73409,50,5.87915,4.81112,-132.74146,-4.43591,-10.03927,29.70979,-17.2804,HOL_SPR1,WLM_SHK,TingStadium,CPL,CPL,20250622-TingStadium-1,0a1d7ec0-4fb7-11f0-94df-5159efd1a280,90.09038,NA,NA,8.29869,NA,NA,NA,NA,NA,NA,7a202cac-ef26-47e8-8964-ed2f034dc92d,2025-06-22,22:20:01,2025-06-22T22:20:01Z,2025-06-22T22:20:01Z,NA,v3,NA,NA,NA,"Bonn, Preston",827396,Right,HOL_SPR1,af1e1daf-c436-4c38-8a32-e1884afd5f04,54.80544,-133.81268,14.8549,6.02785,-3.81285,-8.6402,-0.91409,5.1731,-5.01963,NA,NA,NA,NA,NA,NA,NA,NA,NA,NA,NA,NA,NA,NA,NA,NA,NA,NA,NA,NA,NA,NA,NA,NA,NA,NA,NA,NA,NA,NA,NA,NA,NA,NA,NA,NA,NA,NA,NA,NA,NA,NA,NA,NA,NA,NA,NA,NA,NA,NA,High,High,High,NA,NA,NA,NA,NA,NA,NA,NA,NA,NA,NA,NA,NA,NA,NA,NA,NA,NA,NA,NA,NA,NA,NA,NA,NA,NA,NA,NA,NA,NA,NA,NA,NA,NA,NA,NA,NA,NA,NA,NA,NA,NA,NA,NA,NA,NA,NA,NA,NA,NA,NA,NA,NA,NA,NA,NA,NA,NA
NA,NA,NA,NA,NA,NA,NA,NA,NA,NA,NA,NA,NA,NA,NA,NA,142,2025-06-22,18:20:13,7,2,"Kroll, Athan",815481,Right,HOL_SPR1,"Paulick, Jake",1000093630,Right,WLM_SHK,Undefined,4,Top,2,0,1,Fastball,Four-Seam,StrikeSwinging,Undefined,Undefined,Undefined,0,0,NA,91.62957,-1.407276,-1.459204,2047.635057,208.997325,01:00:00,6.06415,0.95246,5.55976,-18.53895,15.36107,7.88079,3.20369,0.24553,83.2429,-4.898868,-0.053708,0.419055,NA,NA,NA,NA,NA,NA,NA,NA,NA,NA,NA,-4.40378,8.51311,-0.83168,50,5.93056,3.02487,-132.89415,-3.88054,-7.82905,30.04863,-17.03947,HOL_SPR1,WLM_SHK,TingStadium,CPL,CPL,20250622-TingStadium-1,11773580-4fb7-11f0-94df-5159efd1a280,89.9462,NA,NA,8.38667,NA,NA,NA,NA,NA,NA,7a202cac-ef26-47e8-8964-ed2f034dc92d,2025-06-22,22:20:13,2025-06-22T22:20:13Z,2025-06-22T22:20:13Z,NA,v3,NA,NA,NA,"Bonn, Preston",827396,Right,HOL_SPR1,63409c81-c981-4fcb-9b9d-7b87d17f2cba,54.93969,-134.00641,15.02431,6.06253,-3.24982,-8.51973,-0.94901,3.31466,-3.91452,NA,NA,NA,NA,NA,NA,NA,NA,NA,NA,NA,NA,NA,NA,NA,NA,NA,NA,NA,NA,NA,NA,NA,NA,NA,NA,NA,NA,NA,NA,NA,NA,NA,NA,NA,NA,NA,NA,NA,NA,NA,NA,NA,NA,NA,NA,NA,NA,NA,NA,High,High,High,NA,NA,NA,NA,NA,NA,NA,NA,NA,NA,NA,NA,NA,NA,NA,NA,NA,NA,NA,NA,NA,NA,NA,NA,NA,NA,NA,NA,NA,NA,NA,NA,NA,NA,NA,NA,NA,NA,NA,NA,NA,NA,NA,NA,NA,NA,NA,NA,NA,NA,NA,NA,NA,NA,NA,NA,NA,NA
NA,NA,NA,NA,NA,NA,NA,NA,NA,NA,NA,NA,NA,NA,NA,NA,143,2025-06-22,18:20:30,7,3,"Kroll, Athan",815481,Right,HOL_SPR1,"Paulick, Jake",1000093630,Right,WLM_SHK,Undefined,4,Top,2,0,2,Fastball,Four-Seam,FoulBallNotFieldable,Undefined,Undefined,Undefined,0,0,NA,91.78774,-1.398894,-1.204093,2002.794076,214.457516,01:15:00,6.04994,0.95645,5.83518,-21.91072,11.44942,7.10394,2.92321,0.42906,83.6409,-5.500957,0.070017,0.415705,NA,NA,NA,NA,NA,NA,NA,NA,NA,NA,NA,-3.9976,6.58611,-0.86251,50,5.92294,2.49281,-133.24775,-3.99435,-7.15271,29.91509,-20.3899,HOL_SPR1,WLM_SHK,TingStadium,CPL,CPL,20250622-TingStadium-1,1bbfa7c0-4fb7-11f0-94df-5159efd1a280,90.67112,NA,NA,8.14684,NA,NA,NA,NA,NA,NA,7a202cac-ef26-47e8-8964-ed2f034dc92d,2025-06-22,22:20:30,2025-06-22T22:20:30Z,2025-06-22T22:20:30Z,NA,v3,NA,NA,NA,"Bonn, Preston",827396,Right,HOL_SPR1,40b0478d-c23e-498b-b9ca-5a6d2a589cf3,54.66598,-134.29121,14.95754,6.04986,-3.28314,-10.19495,-0.95381,2.7423,-3.57636,NA,NA,NA,NA,NA,NA,NA,NA,NA,NA,NA,NA,NA,NA,NA,NA,NA,NA,NA,NA,NA,NA,NA,NA,NA,NA,NA,NA,NA,NA,NA,NA,NA,NA,NA,NA,NA,NA,NA,NA,NA,NA,NA,NA,NA,NA,NA,NA,NA,NA,High,High,High,NA,NA,NA,NA,NA,NA,NA,NA,NA,NA,NA,NA,NA,NA,NA,NA,NA,NA,NA,NA,NA,NA,NA,NA,NA,NA,NA,NA,NA,NA,NA,NA,NA,NA,NA,NA,NA,NA,NA,NA,NA,NA,NA,NA,NA,NA,NA,NA,NA,NA,NA,NA,NA,NA,NA,NA,NA,NA
NA,NA,NA,NA,NA,NA,NA,NA,NA,NA,NA,NA,NA,NA,NA,NA,144,2025-06-22,18:20:50,7,4,"Kroll, Athan",815481,Right,HOL_SPR1,"Paulick, Jake",1000093630,Right,WLM_SHK,Undefined,4,Top,2,0,2,Curveball,Curveball,InPlay,Undefined,GroundBall,Out,1,0,NA,77.02167,0.637308,0.17094,2115.896368,21.3744,06:45:00,6.29909,0.83252,5.0598,-59.74373,-10.55646,-4.80079,1.92149,0.59366,70.22804,-10.143654,-0.680445,0.504775,93.22279,5.848185,-41.166109,3408.361638,NA,NA,NA,84.14044,82.63127,-41.693268,0.667873,2.46118,-5.07815,-0.8447,50,6.31155,-0.14298,-111.69767,-0.87186,3.06237,22.95737,-38.49261,HOL_SPR1,WLM_SHK,TingStadium,CPL,CPL,20250622-TingStadium-1,27afd690-4fb7-11f0-94df-5159efd1a280,74.67179,3.8147,NA,6.79363,NA,NA,NA,2.77508,2.04288,-0.58156,7a202cac-ef26-47e8-8964-ed2f034dc92d,2025-06-22,22:20:50,2025-06-22T22:20:50Z,2025-06-22T22:20:50Z,GroundBall,v3,NA,NA,NA,"Bonn, Preston",827396,Right,HOL_SPR1,87547c7f-7cc5-4b8f-9cdf-5fe682e7c9dc,55.44413,-112.81106,11.47868,6.30857,0.99496,-19.2463,-0.83417,-0.2915,1.53118,NA,2.81862,101.50553,-17.53666,NA,NA,NA,NA,NA,NA,2.10154,12.73276,-23.89583,NA,NA,NA,NA,NA,NA,-0.59213,-89.31997,9.62042,NA,NA,NA,NA,NA,NA,NA,NA,NA,NA,NA,NA,NA,NA,NA,NA,NA,NA,NA,NA,NA,NA,NA,NA,NA,NA,NA,NA,High,High,High,Medium,High,NA,NA,NA,NA,NA,NA,NA,NA,NA,NA,NA,NA,NA,NA,NA,NA,NA,NA,NA,NA,NA,NA,NA,NA,NA,NA,NA,NA,NA,NA,NA,NA,NA,NA,NA,NA,NA,NA,NA,NA,NA,NA,NA,NA,NA,NA,NA,NA,NA,NA,NA,NA,NA,NA,NA,NA
NA,NA,NA,NA,NA,NA,NA,NA,NA,NA,NA,NA,NA,NA,NA,NA,145,2025-06-22,18:23:13,1,1,"Stillson, Tyler",10132173,Right,WLM_SHK,"Bonn, Preston",827396,Right,HOL_SPR1,Undefined,4,Bottom,0,0,0,Fastball,Four-Seam,BallCalled,Undefined,Undefined,Undefined,0,0,NA,85.70842,-2.648525,0.155773,2001.201662,201.618983,12:45:00,6.48109,0.55135,5.66728,-17.6182,21.16131,7.84292,2.54153,1.35017,77.70468,-6.00518,1.557661,0.448201,NA,NA,NA,NA,NA,NA,NA,NA,NA,NA,NA,-4.03099,12.07119,-0.5699,50,6.24663,-0.64889,-124.27868,-6.26009,-6.22664,27.77399,-13.52774,HOL_SPR1,WLM_SHK,TingStadium,CPL,CPL,20250622-TingStadium-1,7cca7d60-4fb7-11f0-94df-5159efd1a280,84.09724,NA,NA,8.00374,NA,NA,NA,NA,NA,NA,7a202cac-ef26-47e8-8964-ed2f034dc92d,2025-06-22,22:23:13,2025-06-22T22:23:13Z,2025-06-22T22:23:13Z,NA,v3,NA,NA,NA,"Paulick, Jake",1000093630,Right,WLM_SHK,50d24b21-0986-472e-817a-693160a4cee0,54.83568,-125.3547,13.887,6.47901,-5.73599,-6.76387,-0.54944,-0.40766,-3.11332,NA,NA,NA,NA,NA,NA,NA,NA,NA,NA,NA,NA,NA,NA,NA,NA,NA,NA,NA,NA,NA,NA,NA,NA,NA,NA,NA,NA,NA,NA,NA,NA,NA,NA,NA,NA,NA,NA,NA,NA,NA,NA,NA,NA,NA,NA,NA,NA,NA,NA,High,High,High,NA,NA,NA,NA,NA,NA,NA,NA,NA,NA,NA,NA,NA,NA,NA,NA,NA,NA,NA,NA,NA,NA,NA,NA,NA,NA,NA,NA,NA,NA,NA,NA,NA,NA,NA,NA,NA,NA,NA,NA,NA,NA,NA,NA,NA,NA,NA,NA,NA,NA,NA,NA,NA,NA,NA,NA,NA,NA
NA,NA,NA,NA,NA,NA,NA,NA,NA,NA,NA,NA,NA,NA,NA,NA,146,2025-06-22,18:23:25,1,2,"Stillson, Tyler",10132173,Right,WLM_SHK,"Bonn, Preston",827396,Right,HOL_SPR1,Undefined,4,Bottom,0,1,0,Slider,Slider,StrikeSwinging,Undefined,Undefined,Undefined,0,0,NA,79.39763,-0.366797,0.081014,1917.413488,129.547465,10:15:00,5.9489,0.90655,5.64331,-38.75518,6.49091,-5.93359,2.37713,0.48766,72.07329,-7.527141,-0.980412,0.48413,NA,NA,NA,NA,NA,NA,NA,NA,NA,NA,NA,3.06264,3.83209,-0.90945,50,5.89308,0.06393,-115.19288,-1.97332,4.05819,24.16227,-27.09629,HOL_SPR1,WLM_SHK,TingStadium,CPL,CPL,20250622-TingStadium-1,84575210-4fb7-11f0-94df-5159efd1a280,77.85605,NA,NA,7.32434,NA,NA,NA,NA,NA,NA,7a202cac-ef26-47e8-8964-ed2f034dc92d,2025-06-22,22:23:25,2025-06-22T22:23:25Z,2025-06-22T22:23:25Z,NA,v3,NA,NA,NA,"Paulick, Jake",1000093630,Right,WLM_SHK,58bf4b13-3e7c-4e42-96e7-455bc56e9b7f,54.85761,-116.20732,12.08114,5.95205,-0.8357,-13.54814,-0.90855,-0.10645,2.0291,NA,NA,NA,NA,NA,NA,NA,NA,NA,NA,NA,NA,NA,NA,NA,NA,NA,NA,NA,NA,NA,NA,NA,NA,NA,NA,NA,NA,NA,NA,NA,NA,NA,NA,NA,NA,NA,NA,NA,NA,NA,NA,NA,NA,NA,NA,NA,NA,NA,NA,High,High,High,NA,NA,NA,NA,NA,NA,NA,NA,NA,NA,NA,NA,NA,NA,NA,NA,NA,NA,NA,NA,NA,NA,NA,NA,NA,NA,NA,NA,NA,NA,NA,NA,NA,NA,NA,NA,NA,NA,NA,NA,NA,NA,NA,NA,NA,NA,NA,NA,NA,NA,NA,NA,NA,NA,NA,NA,NA,NA
NA,NA,NA,NA,NA,NA,NA,NA,NA,NA,NA,NA,NA,NA,NA,NA,147,2025-06-22,18:23:40,1,3,"Stillson, Tyler",10132173,Right,WLM_SHK,"Bonn, Preston",827396,Right,HOL_SPR1,Undefined,4,Bottom,0,1,1,Fastball,Four-Seam,InPlay,Undefined,GroundBall,Out,1,0,NA,88.15829,-2.897882,-1.45629,2079.919387,211.692619,01:00:00,6.53533,0.50906,5.66002,-17.52336,19.28088,11.0776,2.36939,0.07381,79.66321,-6.233179,0.523417,0.436637,80.62607,0.979827,10.547663,2253.881092,NA,NA,NA,47.0674,46.98919,11.601447,0.408034,-6.10264,11.10288,-0.39305,50,6.2791,2.7698,-127.68068,-6.98229,-9.93621,29.64726,-14.09649,HOL_SPR1,WLM_SHK,TingStadium,CPL,CPL,20250622-TingStadium-1,8d42a550-4fb7-11f0-94df-5159efd1a280,86.32449,2.39672,NA,8.49508,NA,NA,NA,1.28877,2.34565,-0.06024,7a202cac-ef26-47e8-8964-ed2f034dc92d,2025-06-22,22:23:40,2025-06-22T22:23:40Z,2025-06-22T22:23:40Z,GroundBall,v3,NA,NA,NA,"Paulick, Jake",1000093630,Right,WLM_SHK,3fcc1327-2b29-40cf-8565-499217fcb5fd,54.83976,-128.79956,14.82363,6.53258,-6.45029,-7.04824,-0.50466,3.14479,-4.9681,294.467971,1.29484,116.03749,-15.26841,NA,NA,NA,NA,NA,NA,2.35193,1.81663,-18.61475,NA,NA,NA,NA,NA,NA,-0.06442,21.78052,3.88346,NA,NA,NA,NA,NA,NA,NA,NA,NA,NA,NA,NA,NA,NA,NA,NA,NA,NA,NA,NA,NA,NA,NA,NA,NA,NA,NA,NA,High,High,High,High,High,NA,NA,NA,NA,NA,NA,NA,NA,NA,NA,NA,NA,NA,NA,NA,NA,NA,NA,NA,NA,NA,NA,NA,NA,NA,NA,NA,NA,NA,NA,NA,NA,NA,NA,NA,NA,NA,NA,NA,NA,NA,NA,NA,NA,NA,NA,NA,NA,NA,NA,NA,NA,NA,NA,NA,NA
NA,NA,NA,NA,NA,NA,NA,NA,NA,NA,NA,NA,NA,NA,NA,NA,148,2025-06-22,18:24:15,2,1,"Stillson, Tyler",10132173,Right,WLM_SHK,"Schramm, Lukas",1000064187,Right,HOL_SPR1,Undefined,4,Bottom,1,0,0,Fastball,Four-Seam,BallCalled,Undefined,Undefined,Undefined,0,0,NA,87.91857,-1.590046,-2.091207,2057.555837,200.631438,12:45:00,6.55831,0.52245,5.58907,-15.77245,21.33052,7.52217,3.75777,-0.80436,79.20929,-4.627119,-0.750031,0.438405,NA,NA,NA,NA,NA,NA,NA,NA,NA,NA,NA,-4.4454,11.65627,-0.34772,50,6.41174,4.31542,-127.33667,-3.96994,-7.19856,29.50238,-13.29877,HOL_SPR1,WLM_SHK,TingStadium,CPL,CPL,20250622-TingStadium-1,a1923b10-4fb7-11f0-94df-5159efd1a280,85.97627,NA,NA,8.70928,NA,NA,NA,NA,NA,NA,7a202cac-ef26-47e8-8964-ed2f034dc92d,2025-06-22,22:24:15,2025-06-22T22:24:15Z,2025-06-22T22:24:15Z,NA,v3,NA,NA,NA,"Paulick, Jake",1000093630,Right,WLM_SHK,ba740d39-09f0-4d17-94a9-92b44af24ff9,54.90837,-128.46885,14.75119,6.55429,-3.45959,-6.64939,-0.51863,4.59167,-3.59928,NA,NA,NA,NA,NA,NA,NA,NA,NA,NA,NA,NA,NA,NA,NA,NA,NA,NA,NA,NA,NA,NA,NA,NA,NA,NA,NA,NA,NA,NA,NA,NA,NA,NA,NA,NA,NA,NA,NA,NA,NA,NA,NA,NA,NA,NA,NA,NA,NA,NA,High,High,High,NA,NA,NA,NA,NA,NA,NA,NA,NA,NA,NA,NA,NA,NA,NA,NA,NA,NA,NA,NA,NA,NA,NA,NA,NA,NA,NA,NA,NA,NA,NA,NA,NA,NA,NA,NA,NA,NA,NA,NA,NA,NA,NA,NA,NA,NA,NA,NA,NA,NA,NA,NA,NA,NA,NA,NA,NA,NA
NA,NA,NA,NA,NA,NA,NA,NA,NA,NA,NA,NA,NA,NA,NA,NA,149,2025-06-22,18:24:29,2,2,"Stillson, Tyler",10132173,Right,WLM_SHK,"Schramm, Lukas",1000064187,Right,HOL_SPR1,Undefined,4,Bottom,1,1,0,Slider,Slider,BallCalled,Undefined,Undefined,Undefined,0,0,NA,79.53217,1.325682,-0.185412,2057.379089,149.912209,11:00:00,6.09207,1.01683,5.30016,-37.6277,8.07422,-3.74965,4.20128,0.53029,71.90413,-5.617953,-0.850983,0.486562,NA,NA,NA,NA,NA,NA,NA,NA,NA,NA,NA,1.8032300000000001,4.11886,-0.99719,50,6.18572,0.5292,-115.24109,1.4005,2.3963,23.77788,-26.70052,HOL_SPR1,WLM_SHK,TingStadium,CPL,CPL,20250622-TingStadium-1,a9eaeb40-4fb7-11f0-94df-5159efd1a280,77.46683,NA,NA,7.62804,NA,NA,NA,NA,NA,NA,7a202cac-ef26-47e8-8964-ed2f034dc92d,2025-06-22,22:24:29,2025-06-22T22:24:29Z,2025-06-22T22:24:29Z,NA,v3,NA,NA,NA,"Paulick, Jake",1000093630,Right,WLM_SHK,630763f2-6e4d-466d-ac19-abed272dcdfe,55.19723,-116.30849,11.88894,6.09595,2.59911,-13.35026,-1.01854,0.42162,1.19815,NA,NA,NA,NA,NA,NA,NA,NA,NA,NA,NA,NA,NA,NA,NA,NA,NA,NA,NA,NA,NA,NA,NA,NA,NA,NA,NA,NA,NA,NA,NA,NA,NA,NA,NA,NA,NA,NA,NA,NA,NA,NA,NA,NA,NA,NA,NA,NA,NA,NA,High,High,High,NA,NA,NA,NA,NA,NA,NA,NA,NA,NA,NA,NA,NA,NA,NA,NA,NA,NA,NA,NA,NA,NA,NA,NA,NA,NA,NA,NA,NA,NA,NA,NA,NA,NA,NA,NA,NA,NA,NA,NA,NA,NA,NA,NA,NA,NA,NA,NA,NA,NA,NA,NA,NA,NA,NA,NA,NA,NA
NA,NA,NA,NA,NA,NA,NA,NA,NA,NA,NA,NA,NA,NA,NA,NA,150,2025-06-22,18:24:45,2,3,"Stillson, Tyler",10132173,Right,WLM_SHK,"Schramm, Lukas",1000064187,Right,HOL_SPR1,Undefined,4,Bottom,1,2,0,Fastball,Four-Seam,FoulBallNotFieldable,Undefined,Undefined,Undefined,0,0,NA,88.24282,-3.27719,-2.179516,2038.814902,202.616921,12:45:00,6.27037,0.66177,5.95893,-15.92387,20.52655,7.98552,1.89874,-0.69493,79.55398,-6.34627,-0.745563,0.434533,NA,NA,NA,NA,NA,NA,NA,NA,NA,NA,NA,-4.81835,12.00127,-0.49312,50,6.00095,4.52969,-127.73855,-7.74031,-7.83203,30.2966,-12.6664,HOL_SPR1,WLM_SHK,TingStadium,CPL,CPL,20250622-TingStadium-1,b3b553e0-4fb7-11f0-94df-5159efd1a280,86.74245,NA,NA,8.68884,NA,NA,NA,NA,NA,NA,7a202cac-ef26-47e8-8964-ed2f034dc92d,2025-06-22,22:24:45,2025-06-22T22:24:45Z,2025-06-22T22:24:45Z,NA,v3,NA,NA,NA,"Paulick, Jake",1000093630,Right,WLM_SHK,7e3666a4-b9c5-4b5a-9f3b-74375ba2bf95,54.54046,-128.81094,15.1483,6.26699,-7.29197,-6.3332,-0.65836,4.80691,-3.91602,NA,NA,NA,NA,NA,NA,NA,NA,NA,NA,NA,NA,NA,NA,NA,NA,NA,NA,NA,NA,NA,NA,NA,NA,NA,NA,NA,NA,NA,NA,NA,NA,NA,NA,NA,NA,NA,NA,NA,NA,NA,NA,NA,NA,NA,NA,NA,NA,NA,NA,High,High,High,NA,NA,NA,NA,NA,NA,NA,NA,NA,NA,NA,NA,NA,NA,NA,NA,NA,NA,NA,NA,NA,NA,NA,NA,NA,NA,NA,NA,NA,NA,NA,NA,NA,NA,NA,NA,NA,NA,NA,NA,NA,NA,NA,NA,NA,NA,NA,NA,NA,NA,NA,NA,NA,NA,NA,NA,NA,NA
NA,NA,NA,NA,NA,NA,NA,NA,NA,NA,NA,NA,NA,NA,NA,NA,151,2025-06-22,18:25:05,2,4,"Stillson, Tyler",10132173,Right,WLM_SHK,"Schramm, Lukas",1000064187,Right,HOL_SPR1,Undefined,4,Bottom,1,2,1,Slider,Slider,BallCalled,Undefined,Undefined,Undefined,0,0,NA,81.28805,-0.253391,-2.452308,1999.034356,161.641107,11:30:00,6.00615,0.96051,5.69728,-33.27183,9.84875,-2.76898,2.99714,-1.557,73.71477,-6.432547,-2.946832,0.472622,NA,NA,NA,NA,NA,NA,NA,NA,NA,NA,NA,0.63504,5.53508,-0.75269,50,5.96439,5.15636,-117.80571,-1.58097,0.88185,24.85225,-24.48763,HOL_SPR1,WLM_SHK,TingStadium,CPL,CPL,20250622-TingStadium-1,bf5cb9e0-4fb7-11f0-94df-5159efd1a280,79.75181,NA,NA,7.57329,NA,NA,NA,NA,NA,NA,7a202cac-ef26-47e8-8964-ed2f034dc92d,2025-06-22,22:25:05,2025-06-22T22:25:05Z,2025-06-22T22:25:05Z,NA,v3,NA,NA,NA,"Paulick, Jake",1000093630,Right,WLM_SHK,5431e478-48fd-42e2-90ee-74ca7be20746,54.80101,-118.81421,12.42613,6.00838,-0.58726,-12.24382,-0.96121,5.12058,0.44093,NA,NA,NA,NA,NA,NA,NA,NA,NA,NA,NA,NA,NA,NA,NA,NA,NA,NA,NA,NA,NA,NA,NA,NA,NA,NA,NA,NA,NA,NA,NA,NA,NA,NA,NA,NA,NA,NA,NA,NA,NA,NA,NA,NA,NA,NA,NA,NA,NA,NA,High,High,High,NA,NA,NA,NA,NA,NA,NA,NA,NA,NA,NA,NA,NA,NA,NA,NA,NA,NA,NA,NA,NA,NA,NA,NA,NA,NA,NA,NA,NA,NA,NA,NA,NA,NA,NA,NA,NA,NA,NA,NA,NA,NA,NA,NA,NA,NA,NA,NA,NA,NA,NA,NA,NA,NA,NA,NA,NA,NA
NA,NA,NA,NA,NA,NA,NA,NA,NA,NA,NA,NA,NA,NA,NA,NA,152,2025-06-22,18:25:21,2,5,"Stillson, Tyler",10132173,Right,WLM_SHK,"Schramm, Lukas",1000064187,Right,HOL_SPR1,Undefined,4,Bottom,1,3,1,Fastball,Four-Seam,BallCalled,Walk,Undefined,Undefined,0,0,NA,88.77817,-2.707228,-3.448193,2099.142737,202.527244,12:45:00,6.28788,0.59303,6.38302,-14.91686,20.32434,7.91622,2.54791,-1.9233,80.45747,-5.604778,-2.018139,0.427265,NA,NA,NA,NA,NA,NA,NA,NA,NA,NA,NA,-5.14996,11.75827,-0.3477,50,6.08515,7.42867,-128.59218,-6.43858,-8.54406,28.95327,-12.6665,HOL_SPR1,WLM_SHK,TingStadium,CPL,CPL,20250622-TingStadium-1,c92d15f0-4fb7-11f0-94df-5159efd1a280,88.21803,NA,NA,8.3207,NA,NA,NA,NA,NA,NA,7a202cac-ef26-47e8-8964-ed2f034dc92d,2025-06-22,22:25:21,2025-06-22T22:25:21Z,2025-06-22T22:25:21Z,NA,v3,NA,NA,NA,"Paulick, Jake",1000093630,Right,WLM_SHK,63ba85d9-75d0-43d1-8d56-8496d1fc6b6b,54.11571,-129.51554,14.47664,6.28404,-6.03463,-6.33325,-0.58896,7.70116,-4.27203,NA,NA,NA,NA,NA,NA,NA,NA,NA,NA,NA,NA,NA,NA,NA,NA,NA,NA,NA,NA,NA,NA,NA,NA,NA,NA,NA,NA,NA,NA,NA,NA,NA,NA,NA,NA,NA,NA,NA,NA,NA,NA,NA,NA,NA,NA,NA,NA,NA,NA,High,High,High,NA,NA,NA,NA,NA,NA,NA,NA,NA,NA,NA,NA,NA,NA,NA,NA,NA,NA,NA,NA,NA,NA,NA,NA,NA,NA,NA,NA,NA,NA,NA,NA,NA,NA,NA,NA,NA,NA,NA,NA,NA,NA,NA,NA,NA,NA,NA,NA,NA,NA,NA,NA,NA,NA,NA,NA,NA,NA
NA,NA,NA,NA,NA,NA,NA,NA,NA,NA,NA,NA,NA,NA,NA,NA,153,2025-06-22,18:26:23,3,1,"Stillson, Tyler",10132173,Right,WLM_SHK,"Hausner, Anthony",1000136562,Left,HOL_SPR1,Undefined,4,Bottom,1,0,0,Fastball,Four-Seam,BallCalled,Undefined,Undefined,Undefined,0,0,NA,86.82524,-3.922429,-0.690346,2049.336471,204.689436,12:45:00,6.43018,0.97968,5.68645,-15.66761,22.0306,9.5289,1.46241,1.13024,79.06632,-6.908483,1.013671,0.441908,NA,NA,NA,NA,NA,NA,NA,NA,NA,NA,NA,-5.04729,12.74052,-0.92766,50,6.08995,1.1129,-125.73748,-9.05118,-8.03212,26.91507,-11.89921,HOL_SPR1,WLM_SHK,TingStadium,CPL,CPL,20250622-TingStadium-1,ee074a30-4fb7-11f0-94df-5159efd1a280,85.29475,NA,NA,7.75892,NA,NA,NA,NA,NA,NA,7a202cac-ef26-47e8-8964-ed2f034dc92d,2025-06-22,22:26:23,2025-06-22T22:26:23Z,2025-06-22T22:26:23Z,NA,v3,NA,NA,NA,"Paulick, Jake",1000093630,Right,WLM_SHK,17c42f7d-c229-4e6b-b91f-8a3383faab9f,54.81358,-126.76368,13.45753,6.4264,-8.5975,-5.9496,-0.97594,1.41914,-4.01606,NA,NA,NA,NA,NA,NA,NA,NA,NA,NA,NA,NA,NA,NA,NA,NA,NA,NA,NA,NA,NA,NA,NA,NA,NA,NA,NA,NA,NA,NA,NA,NA,NA,NA,NA,NA,NA,NA,NA,NA,NA,NA,NA,NA,NA,NA,NA,NA,NA,NA,High,High,High,NA,NA,NA,NA,NA,NA,NA,NA,NA,NA,NA,NA,NA,NA,NA,NA,NA,NA,NA,NA,NA,NA,NA,NA,NA,NA,NA,NA,NA,NA,NA,NA,NA,NA,NA,NA,NA,NA,NA,NA,NA,NA,NA,NA,NA,NA,NA,NA,NA,NA,NA,NA,NA,NA,NA,NA,NA,NA
NA,NA,NA,NA,NA,NA,NA,NA,NA,NA,NA,NA,NA,NA,NA,NA,154,2025-06-22,18:26:38,3,2,"Stillson, Tyler",10132173,Right,WLM_SHK,"Hausner, Anthony",1000136562,Left,HOL_SPR1,Undefined,4,Bottom,1,1,0,Fastball,Four-Seam,StrikeCalled,Undefined,Undefined,Undefined,0,0,NA,87.25747,-3.191108,-2.617483,2025.317839,209.071363,01:00:00,6.24475,0.92073,6.1137,-15.28946,21.42387,11.20851,2.01382,-0.56718,79.37715,-6.139409,-0.599873,0.436097,NA,NA,NA,NA,NA,NA,NA,NA,NA,NA,NA,-6.62985,12.433,-0.72586,50,5.99158,5.34396,-126.46842,-7.44926,-10.66495,27.4212,-12.17397,HOL_SPR1,WLM_SHK,TingStadium,CPL,CPL,20250622-TingStadium-1,f75f1ae0-4fb7-11f0-94df-5159efd1a280,86.43132,NA,NA,7.88032,NA,NA,NA,NA,NA,NA,7a202cac-ef26-47e8-8964-ed2f034dc92d,2025-06-22,22:26:38,2025-06-22T22:26:38Z,2025-06-22T22:26:38Z,NA,v3,NA,NA,NA,"Paulick, Jake",1000093630,Right,WLM_SHK,24fc04aa-cd0c-4585-9291-2ad3a90c2d37,54.38845,-127.41639,13.7106,6.24183,-7.0284,-6.08699,-0.91697,5.71265,-5.33247,NA,NA,NA,NA,NA,NA,NA,NA,NA,NA,NA,NA,NA,NA,NA,NA,NA,NA,NA,NA,NA,NA,NA,NA,NA,NA,NA,NA,NA,NA,NA,NA,NA,NA,NA,NA,NA,NA,NA,NA,NA,NA,NA,NA,NA,NA,NA,NA,NA,NA,High,High,High,NA,NA,NA,NA,NA,NA,NA,NA,NA,NA,NA,NA,NA,NA,NA,NA,NA,NA,NA,NA,NA,NA,NA,NA,NA,NA,NA,NA,NA,NA,NA,NA,NA,NA,NA,NA,NA,NA,NA,NA,NA,NA,NA,NA,NA,NA,NA,NA,NA,NA,NA,NA,NA,NA,NA,NA,NA,NA
NA,NA,NA,NA,NA,NA,NA,NA,NA,NA,NA,NA,NA,NA,NA,NA,155,2025-06-22,18:26:57,3,3,"Stillson, Tyler",10132173,Right,WLM_SHK,"Hausner, Anthony",1000136562,Left,HOL_SPR1,Undefined,4,Bottom,1,1,1,Slider,Slider,BallCalled,Undefined,Undefined,Undefined,0,0,NA,79.16322,0.291591,-1.280155,1937.037871,153.746919,11:00:00,6.1333,1.0864,5.69398,-37.44691,7.78768,-3.09099,3.28456,-0.36446,72.07817,-6.639841,-1.832943,0.484068,NA,NA,NA,NA,NA,NA,NA,NA,NA,NA,NA,1.1848,4.31937,-0.97683,50,6.13458,2.68616,-114.86488,-0.59677,1.57005,22.89171,-26.45021,HOL_SPR1,WLM_SHK,TingStadium,CPL,CPL,20250622-TingStadium-1,0247ebd0-4fb8-11f0-94df-5159efd1a280,77.86594,NA,NA,7.08505,NA,NA,NA,NA,NA,NA,7a202cac-ef26-47e8-8964-ed2f034dc92d,2025-06-22,22:26:57,2025-06-22T22:26:57Z,2025-06-22T22:26:57Z,NA,v3,NA,NA,NA,"Paulick, Jake",1000093630,Right,WLM_SHK,8f3a3477-8645-43fd-a59e-acb1420e621d,54.80578,-115.81868,11.44585,6.13649,0.50529,-13.22511,-1.08739,2.62074,0.78503,NA,NA,NA,NA,NA,NA,NA,NA,NA,NA,NA,NA,NA,NA,NA,NA,NA,NA,NA,NA,NA,NA,NA,NA,NA,NA,NA,NA,NA,NA,NA,NA,NA,NA,NA,NA,NA,NA,NA,NA,NA,NA,NA,NA,NA,NA,NA,NA,NA,NA,High,High,High,NA,NA,NA,NA,NA,NA,NA,NA,NA,NA,NA,NA,NA,NA,NA,NA,NA,NA,NA,NA,NA,NA,NA,NA,NA,NA,NA,NA,NA,NA,NA,NA,NA,NA,NA,NA,NA,NA,NA,NA,NA,NA,NA,NA,NA,NA,NA,NA,NA,NA,NA,NA,NA,NA,NA,NA,NA,NA
NA,NA,NA,NA,NA,NA,NA,NA,NA,NA,NA,NA,NA,NA,NA,NA,156,2025-06-22,18:27:14,3,4,"Stillson, Tyler",10132173,Right,WLM_SHK,"Hausner, Anthony",1000136562,Left,HOL_SPR1,Undefined,4,Bottom,1,2,1,Fastball,Four-Seam,InPlay,Undefined,Popup,Out,1,0,NA,86.81891,-2.220798,-2.067422,2003.019103,205.538552,12:45:00,6.31871,0.84689,5.86553,-16.86178,20.31214,9.12882,2.84809,-0.31382,79.33474,-5.433821,-0.430959,0.438824,NA,NA,NA,NA,NA,NA,NA,NA,NA,NA,NA,-5.29607,11.41438,-0.68481,50,6.1289,4.18093,-125.98288,-5.36371,-8.50151,25.8801,-13.85113,HOL_SPR1,WLM_SHK,TingStadium,CPL,CPL,20250622-TingStadium-1,0c82a270-4fb8-11f0-94df-5159efd1a280,85.89414,NA,NA,7.48417,NA,NA,NA,NA,NA,NA,7a202cac-ef26-47e8-8964-ed2f034dc92d,2025-06-22,22:27:14,2025-06-22T22:27:14Z,2025-06-22T22:27:14Z,NA,v3,NA,NA,NA,"Paulick, Jake",1000093630,Right,WLM_SHK,610d4db5-62a7-4b10-b0af-2dbc14bb5177,54.6366,-126.93179,12.94005,6.31626,-4.85585,-6.92556,-0.84382,4.49264,-4.25075,NA,NA,NA,NA,NA,NA,NA,NA,NA,NA,NA,NA,NA,NA,NA,NA,NA,NA,NA,NA,NA,NA,NA,NA,NA,NA,NA,NA,NA,NA,NA,NA,NA,NA,NA,NA,NA,NA,NA,NA,NA,NA,NA,NA,NA,NA,NA,NA,NA,NA,High,High,High,NA,NA,NA,NA,NA,NA,NA,NA,NA,NA,NA,NA,NA,NA,NA,NA,NA,NA,NA,NA,NA,NA,NA,NA,NA,NA,NA,NA,NA,NA,NA,NA,NA,NA,NA,NA,NA,NA,NA,NA,NA,NA,NA,NA,NA,NA,NA,NA,NA,NA,NA,NA,NA,NA,NA,NA,NA,NA
NA,NA,NA,NA,NA,NA,NA,NA,NA,NA,NA,NA,NA,NA,NA,NA,157,2025-06-22,18:27:57,4,1,"Stillson, Tyler",10132173,Right,WLM_SHK,"McCoy, Parker",815497,Right,HOL_SPR1,Undefined,4,Bottom,2,0,0,Fastball,Four-Seam,StrikeCalled,Undefined,Undefined,Undefined,0,0,NA,86.44824,-1.626277,-2.519106,1981.098138,207.79124,01:00:00,6.41017,0.91365,5.64645,-18.21592,19.81497,9.75756,3.37329,-0.62458,78.48913,-5.089088,-0.777971,0.443854,NA,NA,NA,NA,NA,NA,NA,NA,NA,NA,NA,-5.6789,10.90229,-0.70601,50,6.26064,5.09496,-125.29347,-4.09054,-8.9705,26.8033,-14.9525,HOL_SPR1,WLM_SHK,TingStadium,CPL,CPL,20250622-TingStadium-1,25f14130-4fb8-11f0-94df-5159efd1a280,84.92089,NA,NA,7.95911,NA,NA,NA,NA,NA,NA,7a202cac-ef26-47e8-8964-ed2f034dc92d,2025-06-22,22:27:57,2025-06-22T22:27:57Z,2025-06-22T22:27:57Z,NA,v3,NA,NA,NA,"Paulick, Jake",1000093630,Right,WLM_SHK,6ae9bf2c-967b-44ce-bcfe-041d24213868,54.85275,-126.32733,13.40165,6.4073,-3.51379,-7.47625,-0.9092,5.44097,-4.48525,NA,NA,NA,NA,NA,NA,NA,NA,NA,NA,NA,NA,NA,NA,NA,NA,NA,NA,NA,NA,NA,NA,NA,NA,NA,NA,NA,NA,NA,NA,NA,NA,NA,NA,NA,NA,NA,NA,NA,NA,NA,NA,NA,NA,NA,NA,NA,NA,NA,NA,High,High,High,NA,NA,NA,NA,NA,NA,NA,NA,NA,NA,NA,NA,NA,NA,NA,NA,NA,NA,NA,NA,NA,NA,NA,NA,NA,NA,NA,NA,NA,NA,NA,NA,NA,NA,NA,NA,NA,NA,NA,NA,NA,NA,NA,NA,NA,NA,NA,NA,NA,NA,NA,NA,NA,NA,NA,NA,NA,NA
NA,NA,NA,NA,NA,NA,NA,NA,NA,NA,NA,NA,NA,NA,NA,NA,158,2025-06-22,18:28:14,4,2,"Stillson, Tyler",10132173,Right,WLM_SHK,"McCoy, Parker",815497,Right,HOL_SPR1,Undefined,4,Bottom,2,0,1,Slider,Slider,BallCalled,Undefined,Undefined,Undefined,0,0,NA,79.92611,-1.111362,-2.10921,1928.950335,125.059588,10:15:00,6.18726,0.85693,5.60926,-37.92167,6.72752,-7.42083,1.98888,-1.73122,72.91736,-8.083971,-3.433983,0.480926,NA,NA,NA,NA,NA,NA,NA,NA,NA,NA,NA,3.10292,4.21772,-0.67163,50,6.06791,4.56104,-115.86559,-3.4832,4.17697,23.62124,-26.49641,HOL_SPR1,WLM_SHK,TingStadium,CPL,CPL,20250622-TingStadium-1,30797b90-4fb8-11f0-94df-5159efd1a280,78.37473,NA,NA,7.00874,NA,NA,NA,NA,NA,NA,7a202cac-ef26-47e8-8964-ed2f034dc92d,2025-06-22,22:28:14,2025-06-22T22:28:14Z,2025-06-22T22:28:14Z,NA,v3,NA,NA,NA,"Paulick, Jake",1000093630,Right,WLM_SHK,02e3515c-1547-4b49-af06-64154b79daf7,54.89002,-116.85825,11.81062,6.1909,-2.3697,-13.24821,-0.85962,4.38551,2.08848,NA,NA,NA,NA,NA,NA,NA,NA,NA,NA,NA,NA,NA,NA,NA,NA,NA,NA,NA,NA,NA,NA,NA,NA,NA,NA,NA,NA,NA,NA,NA,NA,NA,NA,NA,NA,NA,NA,NA,NA,NA,NA,NA,NA,NA,NA,NA,NA,NA,NA,High,High,High,NA,NA,NA,NA,NA,NA,NA,NA,NA,NA,NA,NA,NA,NA,NA,NA,NA,NA,NA,NA,NA,NA,NA,NA,NA,NA,NA,NA,NA,NA,NA,NA,NA,NA,NA,NA,NA,NA,NA,NA,NA,NA,NA,NA,NA,NA,NA,NA,NA,NA,NA,NA,NA,NA,NA,NA,NA,NA
NA,NA,NA,NA,NA,NA,NA,NA,NA,NA,NA,NA,NA,NA,NA,NA,159,2025-06-22,18:28:32,4,3,"Stillson, Tyler",10132173,Right,WLM_SHK,"McCoy, Parker",815497,Right,HOL_SPR1,Undefined,4,Bottom,2,1,1,Fastball,Four-Seam,StrikeCalled,Undefined,Undefined,Undefined,0,0,NA,87.27624,-3.188577,-0.995473,2063.077669,209.077493,01:00:00,6.42666,0.8354,5.45423,-17.09749,20.38781,10.63918,2.0133,0.78997,79.64817,-6.415048,0.898838,0.440658,NA,NA,NA,NA,NA,NA,NA,NA,NA,NA,NA,-5.72252,11.61741,-0.7554,50,6.13385,1.74922,-126.50533,-7.57564,-9.23754,26.74222,-13.42073,HOL_SPR1,WLM_SHK,TingStadium,CPL,CPL,20250622-TingStadium-1,3ae09960-4fb8-11f0-94df-5159efd1a280,85.53665,NA,NA,7.62807,NA,NA,NA,NA,NA,NA,7a202cac-ef26-47e8-8964-ed2f034dc92d,2025-06-22,22:28:32,2025-06-22T22:28:32Z,2025-06-22T22:28:32Z,NA,v3,NA,NA,NA,"Paulick, Jake",1000093630,Right,WLM_SHK,58c477a9-3aa4-4862-ae94-9627efe6707e,55.04822,-127.56802,13.37111,6.4243,-7.04232,-6.71036,-0.8322,2.11631,-4.61877,NA,NA,NA,NA,NA,NA,NA,NA,NA,NA,NA,NA,NA,NA,NA,NA,NA,NA,NA,NA,NA,NA,NA,NA,NA,NA,NA,NA,NA,NA,NA,NA,NA,NA,NA,NA,NA,NA,NA,NA,NA,NA,NA,NA,NA,NA,NA,NA,NA,NA,High,High,High,NA,NA,NA,NA,NA,NA,NA,NA,NA,NA,NA,NA,NA,NA,NA,NA,NA,NA,NA,NA,NA,NA,NA,NA,NA,NA,NA,NA,NA,NA,NA,NA,NA,NA,NA,NA,NA,NA,NA,NA,NA,NA,NA,NA,NA,NA,NA,NA,NA,NA,NA,NA,NA,NA,NA,NA,NA,NA
NA,NA,NA,NA,NA,NA,NA,NA,NA,NA,NA,NA,NA,NA,NA,NA,160,2025-06-22,18:28:49,4,4,"Stillson, Tyler",10132173,Right,WLM_SHK,"McCoy, Parker",815497,Right,HOL_SPR1,Undefined,4,Bottom,2,1,2,Slider,Slider,StrikeSwinging,Strikeout,Undefined,Undefined,0,0,NA,81.20857,0.258696,-1.291078,1976.812381,161.483712,11:30:00,6.13002,0.91756,5.51522,-33.00136,9.79127,-2.84701,3.62187,-0.52719,74.64816,-5.824353,-1.798392,0.470821,NA,NA,NA,NA,NA,NA,NA,NA,NA,NA,NA,1.09492,5.27024,-0.80304,50,6.13048,2.77206,-117.93813,-0.55515,1.54843,21.57439,-24.72081,HOL_SPR1,WLM_SHK,TingStadium,CPL,CPL,20250622-TingStadium-1,44e5e820-4fb8-11f0-94df-5159efd1a280,80.05683,NA,NA,6.56041,NA,NA,NA,NA,NA,NA,7a202cac-ef26-47e8-8964-ed2f034dc92d,2025-06-22,22:28:49,2025-06-22T22:28:49Z,2025-06-22T22:28:49Z,NA,v3,NA,NA,NA,"Paulick, Jake",1000093630,Right,WLM_SHK,c2781bc8-8b8c-4f2e-a83b-06744cf9cad5,54.98569,-118.84666,10.78719,6.13194,0.48588,-12.3604,-0.9184,2.70685,0.77422,NA,NA,NA,NA,NA,NA,NA,NA,NA,NA,NA,NA,NA,NA,NA,NA,NA,NA,NA,NA,NA,NA,NA,NA,NA,NA,NA,NA,73.12004,2.114162,0.762624,1.351538,-0.57149,3.41459,0.58994,-0.81904,6.43753,1.59615,127.27948,0.17899,-1.04757,-0.68678,105.23383,-7.88927,6.45224,10.66339,-11.33688,1.56535,-4.03003,1.5701,High,High,High,NA,NA,High,High,High,NA,NA,NA,NA,NA,NA,NA,NA,NA,NA,NA,NA,NA,NA,NA,NA,NA,NA,NA,NA,NA,NA,NA,NA,NA,NA,NA,NA,NA,NA,NA,NA,NA,NA,NA,NA,NA,NA,NA,NA,NA,NA,NA,NA,NA,NA,NA,NA,NA,NA,NA,NA,NA
NA,NA,NA,NA,NA,NA,NA,NA,NA,NA,NA,NA,NA,NA,NA,NA,161,2025-06-22,18:31:25,1,1,"Kroll, Athan",815481,Right,HOL_SPR1,"Carlo IV, Randy",1000091510,Right,WLM_SHK,Undefined,5,Top,0,0,0,Fastball,Four-Seam,StrikeSwinging,Undefined,Undefined,Undefined,0,0,NA,90.73476,-1.146611,-2.149914,2120.636082,216.686733,01:15:00,6.09405,1.12173,5.71503,-17.41777,17.01229,11.79764,3.57347,0.10104,82.2559,-4.457453,-0.040992,0.422319,NA,NA,NA,NA,NA,NA,NA,NA,NA,NA,NA,-6.58855,9.3141,-0.94893,50,5.98736,4.40568,-131.56636,-3.16823,-11.46643,29.76119,-15.96416,HOL_SPR1,WLM_SHK,TingStadium,CPL,CPL,20250622-TingStadium-1,a2303350-4fb8-11f0-94df-5159efd1a280,89.25115,NA,NA,8.47887,NA,NA,NA,NA,NA,NA,7a202cac-ef26-47e8-8964-ed2f034dc92d,2025-06-22,22:31:25,2025-06-22T22:31:25Z,2025-06-22T22:31:25Z,NA,v3,NA,NA,NA,"Bonn, Preston",827396,Right,HOL_SPR1,50a7f0e9-21cb-44b4-a0f3-35c5ff087415,54.78357,-132.64402,14.8806,6.09162,-2.59016,-7.98208,-1.11598,4.82089,-5.73322,NA,NA,NA,NA,NA,NA,NA,NA,NA,NA,NA,NA,NA,NA,NA,NA,NA,NA,NA,NA,NA,NA,NA,NA,NA,NA,NA,NA,NA,NA,NA,NA,NA,NA,NA,NA,NA,NA,NA,NA,NA,NA,NA,NA,NA,NA,NA,NA,NA,NA,High,High,High,NA,NA,NA,NA,NA,NA,NA,NA,NA,NA,NA,NA,NA,NA,NA,NA,NA,NA,NA,NA,NA,NA,NA,NA,NA,NA,NA,NA,NA,NA,NA,NA,NA,NA,NA,NA,NA,NA,NA,NA,NA,NA,NA,NA,NA,NA,NA,NA,NA,NA,NA,NA,NA,NA,NA,NA,NA,NA
NA,NA,NA,NA,NA,NA,NA,NA,NA,NA,NA,NA,NA,NA,NA,NA,162,2025-06-22,18:31:38,1,2,"Kroll, Athan",815481,Right,HOL_SPR1,"Carlo IV, Randy",1000091510,Right,WLM_SHK,Undefined,5,Top,0,0,1,Fastball,Four-Seam,InPlay,Undefined,LineDrive,Single,1,0,NA,91.80464,-2.02665,-1.950691,2252.770086,217.248038,01:15:00,6.20925,0.73474,5.63115,-17.40099,16.35229,11.55351,2.86626,-0.12332,83.31788,-5.318587,0.112156,0.418148,98.55684,20.999587,19.907554,2814.831482,101.18176,36.03487,43.15209,335.01348,327.76414,28.859995,3.559931,-6.4654,9.24701,-0.57629,50,6.02569,4.0168,-133.09778,-5.27267,-11.50848,30.62262,-15.71432,HOL_SPR1,WLM_SHK,TingStadium,CPL,CPL,20250622-TingStadium-1,a9eeed70-4fb8-11f0-94df-5159efd1a280,90.14149,43.95184,NA,8.48676,NA,NA,NA,1.14345,2.87598,0.14137,7a202cac-ef26-47e8-8964-ed2f034dc92d,2025-06-22,22:31:38,2025-06-22T22:31:38Z,2025-06-22T22:31:38Z,LineDrive,v3,NA,NA,NA,"Bonn, Preston",827396,Right,HOL_SPR1,39890345-8b7d-4718-8718-a775724f1c51,54.86964,-134.21349,15.31131,6.20737,-4.70013,-7.85716,-0.73028,4.43611,-5.75424,235.307015,1.14285,126.90527,-23.19266,5.78599,-1.59368,0.48332,-0.1305,0.02168,-0.00149,2.87653,51.78287,-17.68784,0.67236,0.33621,-0.24685000000000001,0.08581,-0.01461,9.7e-4,0.14121,45.95636,2.7409,-2.12511,0.69069,-0.13897,0.01529,-2.1e-4,-8e-5,NA,NA,NA,NA,NA,NA,NA,NA,NA,NA,NA,NA,NA,NA,NA,NA,NA,NA,NA,NA,NA,NA,High,High,High,High,High,NA,NA,NA,NA,NA,NA,NA,NA,NA,NA,NA,NA,NA,NA,NA,NA,NA,NA,NA,NA,NA,NA,NA,NA,NA,NA,NA,NA,NA,NA,NA,NA,NA,NA,NA,NA,NA,NA,NA,NA,NA,NA,NA,NA,NA,NA,NA,NA,NA,NA,NA,NA,NA,NA,NA,NA
NA,NA,NA,NA,NA,NA,NA,NA,NA,NA,NA,NA,NA,NA,NA,NA,163,2025-06-22,18:32:19,2,1,"Kroll, Athan",815481,Right,HOL_SPR1,"Gilkerson, Cameron",1000209112,Left,WLM_SHK,Undefined,5,Top,1,0,0,Fastball,Sinker,StrikeSwinging,Undefined,Undefined,Undefined,0,0,NA,90.6213,-1.091576,-1.85796,2125.835198,228.772153,01:45:00,6.05375,1.11302,5.89273,-21.10722,13.16906,13.69591,3.28062,0.52861,82.22891,-5.070425,0.599932,0.421374,NA,NA,NA,NA,NA,NA,NA,NA,NA,NA,NA,-7.51437,7.40729,-0.97089,50,5.95369,3.66126,-131.47523,-3.1848,-13.05126,29.88484,-19.30878,HOL_SPR1,WLM_SHK,TingStadium,CPL,CPL,20250622-TingStadium-1,c22c3820-4fb8-11f0-94df-5159efd1a280,89.45119,NA,NA,8.39238,NA,NA,NA,NA,NA,NA,7a202cac-ef26-47e8-8964-ed2f034dc92d,2025-06-22,22:32:19,2025-06-22T22:32:19Z,2025-06-22T22:32:19Z,NA,v3,NA,NA,NA,"Bonn, Preston",827396,Right,HOL_SPR1,25a542f2-c524-4602-9c4b-eaaa3dbafa55,54.60643,-132.51815,14.94242,6.05307,-2.51096,-9.65439,-1.10661,4.1167299999999996,-6.52563,NA,NA,NA,NA,NA,NA,NA,NA,NA,NA,NA,NA,NA,NA,NA,NA,NA,NA,NA,NA,NA,NA,NA,NA,NA,NA,NA,NA,NA,NA,NA,NA,NA,NA,NA,NA,NA,NA,NA,NA,NA,NA,NA,NA,NA,NA,NA,NA,NA,NA,High,High,High,NA,NA,NA,NA,NA,NA,NA,NA,NA,NA,NA,NA,NA,NA,NA,NA,NA,NA,NA,NA,NA,NA,NA,NA,NA,NA,NA,NA,NA,NA,NA,NA,NA,NA,NA,NA,NA,NA,NA,NA,NA,NA,NA,NA,NA,NA,NA,NA,NA,NA,NA,NA,NA,NA,NA,NA,NA,NA
NA,NA,NA,NA,NA,NA,NA,NA,NA,NA,NA,NA,NA,NA,NA,NA,164,2025-06-22,18:32:35,2,2,"Kroll, Athan",815481,Right,HOL_SPR1,"Gilkerson, Cameron",1000209112,Left,WLM_SHK,Undefined,5,Top,1,0,1,Fastball,Sinker,BallCalled,Undefined,Undefined,Undefined,0,0,NA,90.06977,-1.87043,0.090565,2108.038704,235.521711,01:45:00,6.02089,1.05986,5.6398,-22.30832,12.97497,17.04296,2.41627,2.56459,81.36863,-6.048237,3.136268,0.42752,NA,NA,NA,NA,NA,NA,NA,NA,NA,NA,NA,-8.52792,7.548,-1.07823,50,5.84794,-0.98268,-130.54177,-5.01096,-14.49198,31.37905,-19.34733,HOL_SPR1,WLM_SHK,TingStadium,CPL,CPL,20250622-TingStadium-1,cb91c470-4fb8-11f0-94df-5159efd1a280,88.16542,NA,NA,8.70114,NA,NA,NA,NA,NA,NA,7a202cac-ef26-47e8-8964-ed2f034dc92d,2025-06-22,22:32:35,2025-06-22T22:32:35Z,2025-06-22T22:32:35Z,NA,v3,NA,NA,NA,"Bonn, Preston",827396,Right,HOL_SPR1,a1883c30-b45e-41c2-9232-0c9dc7fb3cd2,54.85819,-131.70438,15.68952,6.02032,-4.29413,-9.67367,-1.05177,-0.44574,-7.24599,NA,NA,NA,NA,NA,NA,NA,NA,NA,NA,NA,NA,NA,NA,NA,NA,NA,NA,NA,NA,NA,NA,NA,NA,NA,NA,NA,NA,NA,NA,NA,NA,NA,NA,NA,NA,NA,NA,NA,NA,NA,NA,NA,NA,NA,NA,NA,NA,NA,NA,High,High,High,NA,NA,NA,NA,NA,NA,NA,NA,NA,NA,NA,NA,NA,NA,NA,NA,NA,NA,NA,NA,NA,NA,NA,NA,NA,NA,NA,NA,NA,NA,NA,NA,NA,NA,NA,NA,NA,NA,NA,NA,NA,NA,NA,NA,NA,NA,NA,NA,NA,NA,NA,NA,NA,NA,NA,NA,NA,NA
NA,NA,NA,NA,NA,NA,NA,NA,NA,NA,NA,NA,NA,NA,NA,NA,165,2025-06-22,18:32:50,2,3,"Kroll, Athan",815481,Right,HOL_SPR1,"Gilkerson, Cameron",1000209112,Left,WLM_SHK,Undefined,5,Top,1,1,1,Fastball,Sinker,BallCalled,Undefined,Undefined,Undefined,0,0,NA,90.7355,-0.874651,-1.112459,2091.102296,230.16776,01:45:00,6.00825,0.99104,5.50892,-19.93229,14.77934,16.28954,3.52903,1.30799,82.21184,-4.622731,1.790709,0.424042,NA,NA,NA,NA,NA,NA,NA,NA,NA,NA,NA,-8.49308,8.05953,-0.90493,50,5.91879,1.80207,-131.59702,-2.67714,-14.76312,30.20938,-18.16458,HOL_SPR1,WLM_SHK,TingStadium,CPL,CPL,20250622-TingStadium-1,d4f295d0-4fb8-11f0-94df-5159efd1a280,88.88841,NA,NA,8.52366,NA,NA,NA,NA,NA,NA,7a202cac-ef26-47e8-8964-ed2f034dc92d,2025-06-22,22:32:50,2025-06-22T22:32:50Z,2025-06-22T22:32:50Z,NA,v3,NA,NA,NA,"Bonn, Preston",827396,Right,HOL_SPR1,70534a5e-aca0-407e-8bfe-e13546eb39bc,54.99011,-132.73761,15.10469,6.00693,-1.99132,-9.08229,-0.98349,2.35947,-7.38156,NA,NA,NA,NA,NA,NA,NA,NA,NA,NA,NA,NA,NA,NA,NA,NA,NA,NA,NA,NA,NA,NA,NA,NA,NA,NA,NA,NA,NA,NA,NA,NA,NA,NA,NA,NA,NA,NA,NA,NA,NA,NA,NA,NA,NA,NA,NA,NA,NA,NA,High,High,High,NA,NA,NA,NA,NA,NA,NA,NA,NA,NA,NA,NA,NA,NA,NA,NA,NA,NA,NA,NA,NA,NA,NA,NA,NA,NA,NA,NA,NA,NA,NA,NA,NA,NA,NA,NA,NA,NA,NA,NA,NA,NA,NA,NA,NA,NA,NA,NA,NA,NA,NA,NA,NA,NA,NA,NA,NA,NA
NA,NA,NA,NA,NA,NA,NA,NA,NA,NA,NA,NA,NA,NA,NA,NA,166,2025-06-22,18:33:07,2,4,"Kroll, Athan",815481,Right,HOL_SPR1,"Gilkerson, Cameron",1000209112,Left,WLM_SHK,Undefined,5,Top,1,2,1,Fastball,Sinker,BallCalled,Undefined,Undefined,Undefined,0,0,NA,89.71626,-3.284189,-1.552763,2055.852832,221.955002,01:30:00,5.91682,1.02975,5.88162,-19.04513,15.8091,13.18926,1.27522,0.68644,82.08853,-6.863079,0.814924,0.424912,NA,NA,NA,NA,NA,NA,NA,NA,NA,NA,NA,-7.21567,9.37371,-0.91208,50,5.64024,2.97257,-130.10344,-8.05967,-12.34696,27.72603,-16.13444,HOL_SPR1,WLM_SHK,TingStadium,CPL,CPL,20250622-TingStadium-1,dee7b7f0-4fb8-11f0-94df-5159efd1a280,88.70647,NA,NA,7.62773,NA,NA,NA,NA,NA,NA,7a202cac-ef26-47e8-8964-ed2f034dc92d,2025-06-22,22:33:07,2025-06-22T22:33:07Z,2025-06-22T22:33:07Z,NA,v3,NA,NA,NA,"Bonn, Preston",827396,Right,HOL_SPR1,a472a31c-3bfc-464e-80a3-7edd1a76f7e9,54.62009,-131.08431,13.86302,5.91527,-7.48888,-8.06722,-1.02496,3.40937,-6.17348,NA,NA,NA,NA,NA,NA,NA,NA,NA,NA,NA,NA,NA,NA,NA,NA,NA,NA,NA,NA,NA,NA,NA,NA,NA,NA,NA,NA,NA,NA,NA,NA,NA,NA,NA,NA,NA,NA,NA,NA,NA,NA,NA,NA,NA,NA,NA,NA,NA,NA,High,High,High,NA,NA,NA,NA,NA,NA,NA,NA,NA,NA,NA,NA,NA,NA,NA,NA,NA,NA,NA,NA,NA,NA,NA,NA,NA,NA,NA,NA,NA,NA,NA,NA,NA,NA,NA,NA,NA,NA,NA,NA,NA,NA,NA,NA,NA,NA,NA,NA,NA,NA,NA,NA,NA,NA,NA,NA,NA,NA
NA,NA,NA,NA,NA,NA,NA,NA,NA,NA,NA,NA,NA,NA,NA,NA,167,2025-06-22,18:33:27,2,5,"Kroll, Athan",815481,Right,HOL_SPR1,"Gilkerson, Cameron",1000209112,Left,WLM_SHK,Undefined,5,Top,1,3,1,Slider,Slider,BallCalled,Walk,Undefined,Undefined,0,0,NA,79.76684,1.662711,0.462245,1946.662289,57.606524,08:00:00,5.8232,1.28013,5.34793,-43.87203,0.91039,-0.74937,3.72734,1.65129,73.09308,-6.352729,0.329068,0.481643,NA,NA,NA,NA,NA,NA,NA,NA,NA,NA,NA,0.50165,0.44504,-1.32122,50,5.9417,-0.90348,-115.77519,1.83461,0.68147,21.43428,-31.56946,HOL_SPR1,WLM_SHK,TingStadium,CPL,CPL,20250622-TingStadium-1,eae8d6b0-4fb8-11f0-94df-5159efd1a280,78.25804,NA,NA,6.67377,NA,NA,NA,NA,NA,NA,7a202cac-ef26-47e8-8964-ed2f034dc92d,2025-06-22,22:33:27,2025-06-22T22:33:27Z,2025-06-22T22:33:27Z,NA,v3,NA,NA,NA,"Bonn, Preston",827396,Right,HOL_SPR1,da4cb735-b7c0-4caa-bfdd-169a171e8ea2,55.15316,-116.72533,10.71714,5.82936,3.23403,-15.78473,-1.2805,-0.93369,0.34073,NA,NA,NA,NA,NA,NA,NA,NA,NA,NA,NA,NA,NA,NA,NA,NA,NA,NA,NA,NA,NA,NA,NA,NA,NA,NA,NA,NA,NA,NA,NA,NA,NA,NA,NA,NA,NA,NA,NA,NA,NA,NA,NA,NA,NA,NA,NA,NA,NA,NA,High,High,High,NA,NA,NA,NA,NA,NA,NA,NA,NA,NA,NA,NA,NA,NA,NA,NA,NA,NA,NA,NA,NA,NA,NA,NA,NA,NA,NA,NA,NA,NA,NA,NA,NA,NA,NA,NA,NA,NA,NA,NA,NA,NA,NA,NA,NA,NA,NA,NA,NA,NA,NA,NA,NA,NA,NA,NA,NA,NA
NA,NA,NA,NA,NA,NA,NA,NA,NA,NA,NA,NA,NA,NA,NA,NA,168,2025-06-22,18:33:57,3,1,"Kroll, Athan",815481,Right,HOL_SPR1,"Albus, Chaise",832754,Left,WLM_SHK,Undefined,5,Top,1,0,0,Fastball,Sinker,FoulBallNotFieldable,Undefined,Undefined,Undefined,0,0,NA,90.01602,-2.364564,-2.109148,2099.50565,228.431236,01:30:00,6.09109,1.00768,5.68249,-20.5519,14.27741,14.83009,2.17148,0.27653,82.32812,-6.207108,0.542024,0.42476,NA,NA,NA,NA,NA,NA,NA,NA,NA,NA,NA,-8.17217,8.26363,-0.83962,50,5.87888,4.17077,-130.58009,-6.07638,-14.09609,27.7514,-17.92021,HOL_SPR1,WLM_SHK,TingStadium,CPL,CPL,20250622-TingStadium-1,fc8f4570-4fb8-11f0-94df-5159efd1a280,88.73818,NA,NA,7.6879,NA,NA,NA,NA,NA,NA,7a202cac-ef26-47e8-8964-ed2f034dc92d,2025-06-22,22:33:57,2025-06-22T22:33:57Z,2025-06-22T22:33:57Z,NA,v3,NA,NA,NA,"Bonn, Preston",827396,Right,HOL_SPR1,7ae4cbdd-407a-4d11-aa56-c1f996a82913,54.81976,-131.60042,13.8757,6.09018,-5.41751,-8.96011,-1.00249,4.68904,-7.04805,NA,NA,NA,NA,NA,NA,NA,NA,NA,NA,NA,NA,NA,NA,NA,NA,NA,NA,NA,NA,NA,NA,NA,NA,NA,NA,NA,NA,NA,NA,NA,NA,NA,NA,NA,NA,NA,NA,NA,NA,NA,NA,NA,NA,NA,NA,NA,NA,NA,NA,High,High,High,NA,NA,NA,NA,NA,NA,NA,NA,NA,NA,NA,NA,NA,NA,NA,NA,NA,NA,NA,NA,NA,NA,NA,NA,NA,NA,NA,NA,NA,NA,NA,NA,NA,NA,NA,NA,NA,NA,NA,NA,NA,NA,NA,NA,NA,NA,NA,NA,NA,NA,NA,NA,NA,NA,NA,NA,NA,NA
NA,NA,NA,NA,NA,NA,NA,NA,NA,NA,NA,NA,NA,NA,NA,NA,169,2025-06-22,18:34:21,3,2,"Kroll, Athan",815481,Right,HOL_SPR1,"Albus, Chaise",832754,Left,WLM_SHK,Undefined,5,Top,1,0,1,Fastball,Four-Seam,BallCalled,Undefined,Undefined,Undefined,0,0,NA,91.00702,-2.412678,-3.793242,2201.443377,224.963667,01:30:00,6.12079,1.07929,5.56679,-18.19166,16.12843,14.98615,2.34461,-1.2207,83.08404,-5.830151,-1.126711,0.421644,NA,NA,NA,NA,NA,NA,NA,NA,NA,NA,NA,-8.68532,9.17918,-0.76194,50,5.9004,8.07603,-131.7934,-6.16488,-15.26817,28.14525,-16.0377,HOL_SPR1,WLM_SHK,TingStadium,CPL,CPL,20250622-TingStadium-1,0af7c740-4fb9-11f0-94df-5159efd1a280,89.39407,NA,NA,7.92299,NA,NA,NA,NA,NA,NA,7a202cac-ef26-47e8-8964-ed2f034dc92d,2025-06-22,22:34:21,2025-06-22T22:34:21Z,2025-06-22T22:34:21Z,NA,v3,NA,NA,NA,"Bonn, Preston",827396,Right,HOL_SPR1,39b481b1-7605-46b4-b94e-701809f6530e,54.93546,-132.84321,14.07263,6.11919,-5.56667,-8.01885,-1.0738,8.64554,-7.63409,NA,NA,NA,NA,NA,NA,NA,NA,NA,NA,NA,NA,NA,NA,NA,NA,NA,NA,NA,NA,NA,NA,NA,NA,NA,NA,NA,NA,NA,NA,NA,NA,NA,NA,NA,NA,NA,NA,NA,NA,NA,NA,NA,NA,NA,NA,NA,NA,NA,NA,High,High,High,NA,NA,NA,NA,NA,NA,NA,NA,NA,NA,NA,NA,NA,NA,NA,NA,NA,NA,NA,NA,NA,NA,NA,NA,NA,NA,NA,NA,NA,NA,NA,NA,NA,NA,NA,NA,NA,NA,NA,NA,NA,NA,NA,NA,NA,NA,NA,NA,NA,NA,NA,NA,NA,NA,NA,NA,NA,NA
NA,NA,NA,NA,NA,NA,NA,NA,NA,NA,NA,NA,NA,NA,NA,NA,170,2025-06-22,18:34:38,3,3,"Kroll, Athan",815481,Right,HOL_SPR1,"Albus, Chaise",832754,Left,WLM_SHK,Undefined,5,Top,1,1,1,Fastball,Four-Seam,FoulBallNotFieldable,Undefined,Undefined,Undefined,0,0,NA,91.02433,-2.50384,-3.0998,2217.638926,224.363252,01:30:00,6.11799,1.0711,5.3072,-17.36395,17.21166,15.7354,2.31562,-0.53034,83.17242,-5.758451,-0.310377,0.42321,NA,NA,NA,NA,NA,NA,NA,NA,NA,NA,NA,-8.82953,9.67993,-0.80162,50,5.87807,6.43275,-131.87576,-6.36678,-15.55188,27.99863,-15.12438,HOL_SPR1,WLM_SHK,TingStadium,CPL,CPL,20250622-TingStadium-1,1518db60-4fb9-11f0-94df-5159efd1a280,89.06313,NA,NA,7.85191,NA,NA,NA,NA,NA,NA,7a202cac-ef26-47e8-8964-ed2f034dc92d,2025-06-22,22:34:38,2025-06-22T22:34:38Z,2025-06-22T22:34:38Z,NA,v3,NA,NA,NA,"Bonn, Preston",827396,Right,HOL_SPR1,b9e4db83-4de7-41ff-b07e-742c415d97ec,55.1958,-132.97431,13.99932,6.11623,-5.77336,-7.56219,-1.06599,7.04294,-7.77594,NA,NA,NA,NA,NA,NA,NA,NA,NA,NA,NA,NA,NA,NA,NA,NA,NA,NA,NA,NA,NA,NA,NA,NA,NA,NA,NA,NA,NA,NA,NA,NA,NA,NA,NA,NA,NA,NA,NA,NA,NA,NA,NA,NA,NA,NA,NA,NA,NA,NA,High,High,High,NA,NA,NA,NA,NA,NA,NA,NA,NA,NA,NA,NA,NA,NA,NA,NA,NA,NA,NA,NA,NA,NA,NA,NA,NA,NA,NA,NA,NA,NA,NA,NA,NA,NA,NA,NA,NA,NA,NA,NA,NA,NA,NA,NA,NA,NA,NA,NA,NA,NA,NA,NA,NA,NA,NA,NA,NA,NA
NA,NA,NA,NA,NA,NA,NA,NA,NA,NA,NA,NA,NA,NA,NA,NA,171,2025-06-22,18:34:59,3,4,"Kroll, Athan",815481,Right,HOL_SPR1,"Albus, Chaise",832754,Left,WLM_SHK,Undefined,5,Top,1,1,2,Slider,Slider,StrikeCalled,Strikeout,Undefined,Undefined,0,0,NA,81.87076,0.096731,-0.437206,1929.695611,152.037476,11:00:00,5.92584,1.17224,5.43778,-38.60475,3.73087,-1.28272,2.79936,0.65591,75.1577,-6.970961,-0.665738,0.4683,NA,NA,NA,NA,NA,NA,NA,NA,NA,NA,NA,0.52551,2.24874,-1.13262,50,5.9077,0.95965,-118.89318,-1.1391,0.75266,22.67033,-28.9534,HOL_SPR1,WLM_SHK,TingStadium,CPL,CPL,20250622-TingStadium-1,2204a840-4fb9-11f0-94df-5159efd1a280,80.48779,NA,NA,6.71306,NA,NA,NA,NA,NA,NA,7a202cac-ef26-47e8-8964-ed2f034dc92d,2025-06-22,22:34:59,2025-06-22T22:34:59Z,2025-06-22T22:34:59Z,NA,v3,NA,NA,NA,"Bonn, Preston",827396,Right,HOL_SPR1,8ed3552b-7823-47a2-a379-3f6a0005b731,55.06354,-119.85479,11.33517,5.92997,0.08903,-14.4767,-1.17265,0.92772,0.37633,NA,NA,NA,NA,NA,NA,NA,NA,NA,NA,NA,NA,NA,NA,NA,NA,NA,NA,NA,NA,NA,NA,NA,NA,NA,NA,NA,NA,NA,NA,NA,NA,NA,NA,NA,NA,NA,NA,NA,NA,NA,NA,NA,NA,NA,NA,NA,NA,NA,NA,High,High,High,NA,NA,NA,NA,NA,NA,NA,NA,NA,NA,NA,NA,NA,NA,NA,NA,NA,NA,NA,NA,NA,NA,NA,NA,NA,NA,NA,NA,NA,NA,NA,NA,NA,NA,NA,NA,NA,NA,NA,NA,NA,NA,NA,NA,NA,NA,NA,NA,NA,NA,NA,NA,NA,NA,NA,NA,NA,NA
NA,NA,NA,NA,NA,NA,NA,NA,NA,NA,NA,NA,NA,NA,NA,NA,172,2025-06-22,18:35:27,4,1,"Kroll, Athan",815481,Right,HOL_SPR1,"Suto, Cameron",1000124567,Right,WLM_SHK,Undefined,5,Top,2,0,0,Slider,Slider,BallCalled,Undefined,Undefined,Undefined,0,0,NA,81.413570000000007,-1.779582,-1.559305,1916.69998,331.526127,05:00:00,5.853,1.07443,5.43531,-42.80672,0.58488,0.49732,0.61805,-0.34477,74.30651,-9.576586,-1.470592,0.474105,NA,NA,NA,NA,NA,NA,NA,NA,NA,NA,NA,-0.74894,1.16268,-0.93668,50,5.66531,3.19362,-118.03283,-5.13561,-1.04252,25.24532,-30.55559,HOL_SPR1,WLM_SHK,TingStadium,CPL,CPL,20250622-TingStadium-1,329c1800-4fb9-11f0-94df-5159efd1a280,79.50236,NA,NA,7.10705,NA,NA,NA,NA,NA,NA,7a202cac-ef26-47e8-8964-ed2f034dc92d,2025-06-22,22:35:27,2025-06-22T22:35:27Z,2025-06-22T22:35:27Z,NA,v3,NA,NA,NA,"Bonn, Preston",827396,Right,HOL_SPR1,66a37960-e2be-4d59-822f-45def7460a4b,55.06776,-119.11181,12.62266,5.8569,-3.82968,-15.2778,-1.07413,3.23818,-0.52126,NA,NA,NA,NA,NA,NA,NA,NA,NA,NA,NA,NA,NA,NA,NA,NA,NA,NA,NA,NA,NA,NA,NA,NA,NA,NA,NA,NA,NA,NA,NA,NA,NA,NA,NA,NA,NA,NA,NA,NA,NA,NA,NA,NA,NA,NA,NA,NA,NA,NA,High,High,High,NA,NA,NA,NA,NA,NA,NA,NA,NA,NA,NA,NA,NA,NA,NA,NA,NA,NA,NA,NA,NA,NA,NA,NA,NA,NA,NA,NA,NA,NA,NA,NA,NA,NA,NA,NA,NA,NA,NA,NA,NA,NA,NA,NA,NA,NA,NA,NA,NA,NA,NA,NA,NA,NA,NA,NA,NA,NA
NA,NA,NA,NA,NA,NA,NA,NA,NA,NA,NA,NA,NA,NA,NA,NA,173,2025-06-22,18:36:15,4,2,"Kroll, Athan",815481,Right,HOL_SPR1,"Suto, Cameron",1000124567,Right,WLM_SHK,Undefined,5,Top,2,1,0,Fastball,Four-Seam,InPlay,Undefined,GroundBall,Single,0,1,NA,90.65185,-2.968244,-2.132135,2173.327913,213.134796,01:00:00,6.15311,1.04622,5.49248,-19.75135,14.99666,9.02886,1.72596,-0.1969,82.66288,-6.65555,-0.524003,0.424264,83.06702,-8.484072,-28.889293,NA,NA,NA,NA,14.26359,12.2834,-22.122191,0.098704,-5.22697,8.79319,-0.86595,50,5.87976,4.49348,-131.34549,-7.48731,-9.08861,29.02633,-16.88452,HOL_SPR1,WLM_SHK,TingStadium,CPL,CPL,20250622-TingStadium-1,4f1cd8c0-4fb9-11f0-94df-5159efd1a280,88.84189,1.7777,NA,7.98898,NA,NA,NA,2.83779,1.7777,0.4074,7a202cac-ef26-47e8-8964-ed2f034dc92d,2025-06-22,22:36:15,2025-06-22T22:36:15Z,2025-06-22T22:36:15Z,GroundBall,v3,NA,NA,NA,"Bonn, Preston",827396,Right,HOL_SPR1,f89bff6d-0899-4888-8bf0-84cbcb95a0e8,55.00955,-132.44793,14.51317,6.15196,-6.84602,-8.44226,-1.04318,4.83867,-4.5443,159.864196,2.83779,105.50245,-3.87751,NA,NA,NA,NA,NA,NA,1.77768,-17.9728,-0.37803,NA,NA,NA,NA,NA,NA,0.40741,-58.21605,-3.35444,NA,NA,NA,NA,NA,NA,NA,NA,NA,NA,NA,NA,NA,NA,NA,NA,NA,NA,NA,NA,NA,NA,NA,NA,NA,NA,NA,NA,High,High,High,Low,Low,NA,NA,NA,NA,NA,NA,NA,NA,NA,NA,NA,NA,NA,NA,NA,NA,NA,NA,NA,NA,NA,NA,NA,NA,NA,NA,NA,NA,NA,NA,NA,NA,NA,NA,NA,NA,NA,NA,NA,NA,NA,NA,NA,NA,NA,NA,NA,NA,NA,NA,NA,NA,NA,NA,NA,NA
NA,NA,NA,NA,NA,NA,NA,NA,NA,NA,NA,NA,NA,NA,NA,NA,174,2025-06-22,18:36:56,5,1,"Kroll, Athan",815481,Right,HOL_SPR1,"Vidal, Andre",824180,Right,WLM_SHK,Undefined,5,Top,2,0,0,Fastball,Four-Seam,StrikeCalled,Undefined,Undefined,Undefined,1,0,NA,90.84442,-2.412998,-2.898005,2206.552083,211.365411,01:00:00,6.144,0.98982,6.02342,-18.80686,15.0056,8.47863,2.33759,-0.99014,83.01691,-5.96317,-1.374607,0.418514,NA,NA,NA,NA,NA,NA,NA,NA,NA,NA,NA,-5.18425,8.735,-0.76733,50,5.94448,6.31209,-131.73505,-6.13509,-9.09882,28.31203,-16.84339,HOL_SPR1,WLM_SHK,TingStadium,CPL,CPL,20250622-TingStadium-1,67857930-4fb9-11f0-94df-5159efd1a280,90.06262,NA,NA,7.82751,NA,NA,NA,NA,NA,NA,7a202cac-ef26-47e8-8964-ed2f034dc92d,2025-06-22,22:36:56,2025-06-22T22:36:56Z,2025-06-22T22:36:56Z,NA,v3,NA,NA,NA,"Bonn, Preston",827396,Right,HOL_SPR1,c84be639-8afe-4496-a193-88049e164cdd,54.47762,-132.69387,14.15601,6.14259,-5.56466,-8.42169,-0.98632,6.62024,-4.54941,NA,NA,NA,NA,NA,NA,NA,NA,NA,NA,NA,NA,NA,NA,NA,NA,NA,NA,NA,NA,NA,NA,NA,NA,NA,NA,NA,NA,81.11719,1.917914,0.730317,1.187598,0.89063,2.28243,1.0027,0.45302,5.88536,1.56372,127.283,1.04726,2.43298,0.54192,117.3456,-9.02004,5.91431,11.23248,-12.93525,1.53703,-1.59723,2.00192,High,High,High,NA,NA,High,High,High,NA,NA,NA,NA,NA,NA,NA,NA,NA,NA,NA,NA,NA,NA,NA,NA,NA,NA,NA,NA,NA,NA,NA,NA,NA,NA,NA,NA,NA,NA,NA,NA,NA,NA,NA,NA,NA,NA,NA,NA,NA,NA,NA,NA,NA,NA,NA,NA,NA,NA,NA,NA,NA
NA,NA,NA,NA,NA,NA,NA,NA,NA,NA,NA,NA,NA,NA,NA,NA,175,2025-06-22,18:39:05,1,1,"Stillson, Tyler",10132173,Right,WLM_SHK,"Prather, Ben",1000436478,Right,HOL_SPR1,Undefined,5,Bottom,0,0,0,Fastball,Changeup,StrikeCalled,Undefined,Undefined,Undefined,0,0,NA,86.18706,-3.227284,-1.438011,2140.480216,215.44188,01:15:00,6.37259,0.56636,5.77659,-22.28985,15.77095,10.30756,1.50785,0.08691,78.65449,-7.396839,0.409204,0.444028,NA,NA,NA,NA,NA,NA,NA,NA,NA,NA,NA,-5.74685,9.39768,-0.45413,50,6.09237,2.72262,-124.93735,-7.73984,-9.0269,26.63726,-17.41261,HOL_SPR1,WLM_SHK,TingStadium,CPL,CPL,20250622-TingStadium-1,b45bbb20-4fb9-11f0-94df-5159efd1a280,84.88752,NA,NA,7.53257,NA,NA,NA,NA,NA,NA,7a202cac-ef26-47e8-8964-ed2f034dc92d,2025-06-22,22:39:05,2025-06-22T22:39:05Z,2025-06-22T22:39:05Z,NA,v3,NA,NA,NA,"Paulick, Jake",1000093630,Right,WLM_SHK,131e2aa1-272d-49a6-a5c3-ab26d4908362,54.72554,-125.94083,13.31863,6.37159,-7.08387,-8.7063,-0.5631,3.06269,-4.51345,NA,NA,NA,NA,NA,NA,NA,NA,NA,NA,NA,NA,NA,NA,NA,NA,NA,NA,NA,NA,NA,NA,NA,NA,NA,NA,NA,NA,NA,NA,NA,NA,NA,NA,NA,NA,NA,NA,NA,NA,NA,NA,NA,NA,NA,NA,NA,NA,NA,NA,High,High,High,NA,NA,NA,NA,NA,NA,NA,NA,NA,NA,NA,NA,NA,NA,NA,NA,NA,NA,NA,NA,NA,NA,NA,NA,NA,NA,NA,NA,NA,NA,NA,NA,NA,NA,NA,NA,NA,NA,NA,NA,NA,NA,NA,NA,NA,NA,NA,NA,NA,NA,NA,NA,NA,NA,NA,NA,NA,NA
NA,NA,NA,NA,NA,NA,NA,NA,NA,NA,NA,NA,NA,NA,NA,NA,176,2025-06-22,18:39:19,1,2,"Stillson, Tyler",10132173,Right,WLM_SHK,"Prather, Ben",1000436478,Right,HOL_SPR1,Undefined,5,Bottom,0,0,1,Slider,Slider,InPlay,Undefined,FlyBall,Out,1,0,NA,79.86992,-0.504329,-0.813217,2081.670076,151.547252,11:00:00,6.10705,0.93364,5.42294,-35.13994,10.14981,-4.60193,2.70625,-0.21165,72.13425,-7.007942,-1.632514,0.484363,87.48309,26.398988,24.022086,3968.348375,97.08496,44.26069,51.71438,293.03915,240.82554,35.203012,3.736814,2.05091,5.74311,-0.85812,50,6.03826,1.82845,-115.73578,-2.16282,2.73408,25.05631,-24.51791,HOL_SPR1,WLM_SHK,TingStadium,CPL,CPL,20250622-TingStadium-1,bce16ec0-4fb9-11f0-94df-5159efd1a280,77.81851,50.64542,NA,7.73567,NA,NA,NA,1.0956,2.68095,0.1972,7a202cac-ef26-47e8-8964-ed2f034dc92d,2025-06-22,22:39:19,2025-06-22T22:39:19Z,2025-06-22T22:39:19Z,FlyBall,v3,NA,NA,NA,"Paulick, Jake",1000093630,Right,WLM_SHK,3ee05c87-a031-4ddf-a03b-b18317a3d087,55.07555,-116.82945,12.52815,6.10931,-1.09265,-12.25895,-0.93532,1.70912,1.36704,228.758599,1.09575,104.96786,-20.3922,4.52296,-0.93301,0.18204,-0.03235,0.00386,-1.9e-4,2.68066,57.05861,-19.03034,1.64926,-0.38111,0.09532,-0.02057,0.0035,-2.9e-4,0.19678,46.79935,0.19927,-0.36415,0.06288,-0.00178,5.2e-4,-4.3e-4,6e-5,NA,NA,NA,NA,NA,NA,NA,NA,NA,NA,NA,NA,NA,NA,NA,NA,NA,NA,NA,NA,NA,NA,High,High,High,High,Medium,NA,NA,NA,NA,NA,NA,NA,NA,NA,NA,NA,NA,NA,NA,NA,NA,NA,NA,NA,NA,NA,NA,NA,NA,NA,NA,NA,NA,NA,NA,NA,NA,NA,NA,NA,NA,NA,NA,NA,NA,NA,NA,NA,NA,NA,NA,NA,NA,NA,NA,NA,NA,NA,NA,NA,NA
NA,NA,NA,NA,NA,NA,NA,NA,NA,NA,NA,NA,NA,NA,NA,NA,177,2025-06-22,18:39:56,2,1,"Stillson, Tyler",10132173,Right,WLM_SHK,"Garcia, Brandon",1000136946,Left,HOL_SPR1,Undefined,5,Bottom,1,0,0,Fastball,Four-Seam,BallCalled,Undefined,Undefined,Undefined,0,0,NA,86.6662,-3.10637,-2.446667,2106.306229,200.35046,12:45:00,6.32395,0.73693,5.87516,-16.25328,21.18883,7.39493,2.07879,-0.92071,79.08185,-6.209437,-1.121368,0.440404,NA,NA,NA,NA,NA,NA,NA,NA,NA,NA,NA,-4.52603,12.15225,-0.54341,50,6.06306,5.07093,-125.61196,-7.26952,-7.2066,26.25621,-12.82451,HOL_SPR1,WLM_SHK,TingStadium,CPL,CPL,20250622-TingStadium-1,d2e4f610-4fb9-11f0-94df-5159efd1a280,85.58601,NA,NA,7.58436,NA,NA,NA,NA,NA,NA,7a202cac-ef26-47e8-8964-ed2f034dc92d,2025-06-22,22:39:56,2025-06-22T22:39:56Z,2025-06-22T22:39:56Z,NA,v3,NA,NA,NA,"Paulick, Jake",1000093630,Right,WLM_SHK,a9a48b83-21d2-4f94-97d7-bdd6ef0c90cc,54.62671,-126.57536,13.1281,6.32116,-6.79896,-6.41226,-0.73433,5.33536,-3.6033,NA,NA,NA,NA,NA,NA,NA,NA,NA,NA,NA,NA,NA,NA,NA,NA,NA,NA,NA,NA,NA,NA,NA,NA,NA,NA,NA,NA,NA,NA,NA,NA,NA,NA,NA,NA,NA,NA,NA,NA,NA,NA,NA,NA,NA,NA,NA,NA,NA,NA,High,High,High,NA,NA,NA,NA,NA,NA,NA,NA,NA,NA,NA,NA,NA,NA,NA,NA,NA,NA,NA,NA,NA,NA,NA,NA,NA,NA,NA,NA,NA,NA,NA,NA,NA,NA,NA,NA,NA,NA,NA,NA,NA,NA,NA,NA,NA,NA,NA,NA,NA,NA,NA,NA,NA,NA,NA,NA,NA,NA
NA,NA,NA,NA,NA,NA,NA,NA,NA,NA,NA,NA,NA,NA,NA,NA,178,2025-06-22,18:40:10,2,2,"Stillson, Tyler",10132173,Right,WLM_SHK,"Garcia, Brandon",1000136946,Left,HOL_SPR1,Undefined,5,Bottom,1,1,0,Slider,Slider,BallCalled,Undefined,Undefined,Undefined,0,0,NA,79.61729,-1.988944,-0.009607,1935.023969,187.955571,12:15:00,5.93246,1.00093,5.39775,-35.57144,9.11296,1.08543,1.10348,1.08238,73.64641,-8.480216,0.183786,0.481115,NA,NA,NA,NA,NA,NA,NA,NA,NA,NA,NA,-0.55244,5.50551,-1.00087,50,5.72992,-0.02296,-115.60232,-5.19309,-0.75153,20.48566,-24.6845,HOL_SPR1,WLM_SHK,TingStadium,CPL,CPL,20250622-TingStadium-1,db1bc660-4fb9-11f0-94df-5159efd1a280,78.34387,NA,NA,5.97088,NA,NA,NA,NA,NA,NA,7a202cac-ef26-47e8-8964-ed2f034dc92d,2025-06-22,22:40:10,2025-06-22T22:40:10Z,2025-06-22T22:40:10Z,NA,v3,NA,NA,NA,"Paulick, Jake",1000093630,Right,WLM_SHK,adb52ac3-eeb8-4a6a-b58e-a9ffc4a4d8c1,55.10435,-116.50334,10.24283,5.93445,-4.1074,-12.34225,-1.00059,0.01009,-0.37576,NA,NA,NA,NA,NA,NA,NA,NA,NA,NA,NA,NA,NA,NA,NA,NA,NA,NA,NA,NA,NA,NA,NA,NA,NA,NA,NA,NA,NA,NA,NA,NA,NA,NA,NA,NA,NA,NA,NA,NA,NA,NA,NA,NA,NA,NA,NA,NA,NA,NA,High,High,High,NA,NA,NA,NA,NA,NA,NA,NA,NA,NA,NA,NA,NA,NA,NA,NA,NA,NA,NA,NA,NA,NA,NA,NA,NA,NA,NA,NA,NA,NA,NA,NA,NA,NA,NA,NA,NA,NA,NA,NA,NA,NA,NA,NA,NA,NA,NA,NA,NA,NA,NA,NA,NA,NA,NA,NA,NA,NA
NA,NA,NA,NA,NA,NA,NA,NA,NA,NA,NA,NA,NA,NA,NA,NA,179,2025-06-22,18:40:30,2,3,"Stillson, Tyler",10132173,Right,WLM_SHK,"Garcia, Brandon",1000136946,Left,HOL_SPR1,Undefined,5,Bottom,1,2,0,Fastball,Four-Seam,BallCalled,Undefined,Undefined,Undefined,0,0,NA,87.39695,-2.955754,-2.63223,2209.599578,203.107748,12:45:00,6.24283,0.72085,5.99185,-15.66099,21.2643,8.51075,2.19308,-1.01115,79.14144,-5.975541,-1.104008,0.437354,NA,NA,NA,NA,NA,NA,NA,NA,NA,NA,NA,-5.25496,12.29229,-0.5181,50,6.00102,5.48296,-126.61235,-6.9575,-8.43011,28.68246,-12.45444,HOL_SPR1,WLM_SHK,TingStadium,CPL,CPL,20250622-TingStadium-1,e6e70810-4fb9-11f0-94df-5159efd1a280,86.18285,NA,NA,8.25551,NA,NA,NA,NA,NA,NA,7a202cac-ef26-47e8-8964-ed2f034dc92d,2025-06-22,22:40:30,2025-06-22T22:40:30Z,2025-06-22T22:40:30Z,NA,v3,NA,NA,NA,"Paulick, Jake",1000093630,Right,WLM_SHK,53c46e4d-44c3-4360-845e-6d3b616c07d4,54.50991,-127.62993,14.34123,6.24002,-6.51565,-6.22722,-0.71793,5.78204,-4.21506,NA,NA,NA,NA,NA,NA,NA,NA,NA,NA,NA,NA,NA,NA,NA,NA,NA,NA,NA,NA,NA,NA,NA,NA,NA,NA,NA,NA,NA,NA,NA,NA,NA,NA,NA,NA,NA,NA,NA,NA,NA,NA,NA,NA,NA,NA,NA,NA,NA,NA,High,High,High,NA,NA,NA,NA,NA,NA,NA,NA,NA,NA,NA,NA,NA,NA,NA,NA,NA,NA,NA,NA,NA,NA,NA,NA,NA,NA,NA,NA,NA,NA,NA,NA,NA,NA,NA,NA,NA,NA,NA,NA,NA,NA,NA,NA,NA,NA,NA,NA,NA,NA,NA,NA,NA,NA,NA,NA,NA,NA
NA,NA,NA,NA,NA,NA,NA,NA,NA,NA,NA,NA,NA,NA,NA,NA,180,2025-06-22,18:40:46,2,4,"Stillson, Tyler",10132173,Right,WLM_SHK,"Garcia, Brandon",1000136946,Left,HOL_SPR1,Undefined,5,Bottom,1,3,0,Fastball,Four-Seam,BallCalled,Walk,Undefined,Undefined,0,0,NA,85.71318,-4.326973,-2.30044,2158.545593,205.10688,12:45:00,6.26764,0.96947,6.09836,-16.71832,21.51064,9.44634,0.86147,-0.37221,77.96552,-7.526926,-0.599582,0.445008,NA,NA,NA,NA,NA,NA,NA,NA,NA,NA,NA,-5.66012,12.89048,-0.79753,50,5.92508,4.62713,-124.07949,-9.8321,-8.74203,26.9807,-12.26485,HOL_SPR1,WLM_SHK,TingStadium,CPL,CPL,20250622-TingStadium-1,f056f4a0-4fb9-11f0-94df-5159efd1a280,84.70062,NA,NA,7.74766,NA,NA,NA,NA,NA,NA,7a202cac-ef26-47e8-8964-ed2f034dc92d,2025-06-22,22:40:46,2025-06-22T22:40:46Z,2025-06-22T22:40:46Z,NA,v3,NA,NA,NA,"Paulick, Jake",1000093630,Right,WLM_SHK,6ea2fcf4-a976-462d-9c54-b6f5e7636e41,54.40424,-125.0335,13.49035,6.26507,-9.39843,-6.13242,-0.96661,4.93625,-4.37102,NA,NA,NA,NA,NA,NA,NA,NA,NA,NA,NA,NA,NA,NA,NA,NA,NA,NA,NA,NA,NA,NA,NA,NA,NA,NA,NA,NA,NA,NA,NA,NA,NA,NA,NA,NA,NA,NA,NA,NA,NA,NA,NA,NA,NA,NA,NA,NA,NA,NA,High,High,High,NA,NA,NA,NA,NA,NA,NA,NA,NA,NA,NA,NA,NA,NA,NA,NA,NA,NA,NA,NA,NA,NA,NA,NA,NA,NA,NA,NA,NA,NA,NA,NA,NA,NA,NA,NA,NA,NA,NA,NA,NA,NA,NA,NA,NA,NA,NA,NA,NA,NA,NA,NA,NA,NA,NA,NA,NA,NA
NA,NA,NA,NA,NA,NA,NA,NA,NA,NA,NA,NA,NA,NA,NA,NA,181,2025-06-22,18:41:17,3,1,"Stillson, Tyler",10132173,Right,WLM_SHK,"Lyons, Trenton",806150,Left,HOL_SPR1,Undefined,5,Bottom,1,0,0,Fastball,Four-Seam,StrikeCalled,Undefined,Undefined,Undefined,0,0,NA,84.82077,-3.07057,-1.20642,2124.712006,208.230174,01:00:00,6.52525,1.02275,5.39979,-19.68434,20.13466,10.08422,2.00402,0.73238,77.36069,-6.764584,0.587371,0.454168,NA,NA,NA,NA,NA,NA,NA,NA,NA,NA,NA,-5.43492,11.42418,-0.92255,50,6.2378,2.16051,-122.89198,-7.19924,-8.2755,25.33947,-14.77898,HOL_SPR1,WLM_SHK,TingStadium,CPL,CPL,20250622-TingStadium-1,031dc780-4fba-11f0-94df-5159efd1a280,82.99229,NA,NA,7.46008,NA,NA,NA,NA,NA,NA,7a202cac-ef26-47e8-8964-ed2f034dc92d,2025-06-22,22:41:17,2025-06-22T22:41:17Z,2025-06-22T22:41:17Z,NA,v3,NA,NA,NA,"Paulick, Jake",1000093630,Right,WLM_SHK,07e3f46c-1f69-4e91-a611-0485df683f4b,55.10059,-123.93922,12.66973,6.52271,-6.58845,-7.38949,-1.0189,2.50252,-4.13775,NA,NA,NA,NA,NA,NA,NA,NA,NA,NA,NA,NA,NA,NA,NA,NA,NA,NA,NA,NA,NA,NA,NA,NA,NA,NA,NA,NA,NA,NA,NA,NA,NA,NA,NA,NA,NA,NA,NA,NA,NA,NA,NA,NA,NA,NA,NA,NA,NA,NA,High,High,High,NA,NA,NA,NA,NA,NA,NA,NA,NA,NA,NA,NA,NA,NA,NA,NA,NA,NA,NA,NA,NA,NA,NA,NA,NA,NA,NA,NA,NA,NA,NA,NA,NA,NA,NA,NA,NA,NA,NA,NA,NA,NA,NA,NA,NA,NA,NA,NA,NA,NA,NA,NA,NA,NA,NA,NA,NA,NA
NA,NA,NA,NA,NA,NA,NA,NA,NA,NA,NA,NA,NA,NA,NA,NA,182,2025-06-22,18:41:48,3,2,"Stillson, Tyler",10132173,Right,WLM_SHK,"Lyons, Trenton",806150,Left,HOL_SPR1,Undefined,5,Bottom,1,0,1,Fastball,Four-Seam,StrikeSwinging,Undefined,Undefined,Undefined,0,0,NA,85.67291,-3.258144,-1.107855,2107.323091,205.155564,12:45:00,6.57984,0.82173,5.48779,-17.9819,21.06962,9.25067,2.02923,0.556,77.84,-6.660709,0.540209,0.44977,NA,NA,NA,NA,NA,NA,NA,NA,NA,NA,NA,-5.03386,12.04016,-0.73124,50,6.28231,2.01044,-124.08812,-7.59867,-7.78183,26.80787,-13.56124,HOL_SPR1,WLM_SHK,TingStadium,CPL,CPL,20250622-TingStadium-1,155c0970-4fba-11f0-94df-5159efd1a280,83.80383,NA,NA,7.83292,NA,NA,NA,NA,NA,NA,7a202cac-ef26-47e8-8964-ed2f034dc92d,2025-06-22,22:41:48,2025-06-22T22:41:48Z,2025-06-22T22:41:48Z,NA,v3,NA,NA,NA,"Paulick, Jake",1000093630,Right,WLM_SHK,5c1712ee-768d-4544-8a75-6958015bc103,55.0129,-125.16641,13.40393,6.57698,-7.0532,-6.78062,-0.8184,2.32345,-3.89092,NA,NA,NA,NA,NA,NA,NA,NA,NA,NA,NA,NA,NA,NA,NA,NA,NA,NA,NA,NA,NA,NA,NA,NA,NA,NA,NA,NA,NA,NA,NA,NA,NA,NA,NA,NA,NA,NA,NA,NA,NA,NA,NA,NA,NA,NA,NA,NA,NA,NA,High,High,High,NA,NA,NA,NA,NA,NA,NA,NA,NA,NA,NA,NA,NA,NA,NA,NA,NA,NA,NA,NA,NA,NA,NA,NA,NA,NA,NA,NA,NA,NA,NA,NA,NA,NA,NA,NA,NA,NA,NA,NA,NA,NA,NA,NA,NA,NA,NA,NA,NA,NA,NA,NA,NA,NA,NA,NA,NA,NA
NA,NA,NA,NA,NA,NA,NA,NA,NA,NA,NA,NA,NA,NA,NA,NA,183,2025-06-22,18:42:07,3,3,"Stillson, Tyler",10132173,Right,WLM_SHK,"Lyons, Trenton",806150,Left,HOL_SPR1,Undefined,5,Bottom,1,0,2,Fastball,Four-Seam,InPlay,Undefined,FlyBall,Out,1,0,NA,87.9443,-2.47531,-2.285035,2160.14714,211.564414,01:00:00,6.64013,0.69999,5.55821,-17.2241,19.80269,11.35694,2.88871,-0.48975,79.61447,-5.752553,-0.260905,0.437955,94.80093,41.979814,26.27268,3739.503195,NA,NA,NA,NA,120.10313,NA,NA,-6.48201,11.17816,-0.51031,50,6.41509,4.59373,-127.37996,-6.02612,-10.53636,28.77208,-14.00416,HOL_SPR1,WLM_SHK,TingStadium,CPL,CPL,20250622-TingStadium-1,20f69e30-4fba-11f0-94df-5159efd1a280,86.06464,100.86798,NA,8.32982,NA,NA,NA,2.46161,2.84992,0.51166,7a202cac-ef26-47e8-8964-ed2f034dc92d,2025-06-22,22:42:07,2025-06-22T22:42:07Z,2025-06-22T22:42:07Z,NA,v3,NA,NA,NA,"Paulick, Jake",1000093630,Right,WLM_SHK,1bdb504b-d452-4858-8f91-bf3a1b2e6c9a,54.94235,-128.49147,14.38604,6.63743,-5.48511,-7.00208,-0.69563,5.00077,-5.26818,185.738617,2.46161,92.68312,-21.52339,5.72543,-1.37595,0.36802,-0.10917,0.02411,-0.00199,2.84992,93.00022,-20.01225,1.29182,-0.06042,-0.07552,0.04609,-0.01033,-1.1e-4,0.51166,45.75186,-8.84866,2.225,-0.50615,0.12781,-0.03625,0.00807,-7.6e-4,NA,NA,NA,NA,NA,NA,NA,NA,NA,NA,NA,NA,NA,NA,NA,NA,NA,NA,NA,NA,NA,NA,High,High,High,High,Undefined,NA,NA,NA,NA,NA,NA,NA,NA,NA,NA,NA,NA,NA,NA,NA,NA,NA,NA,NA,NA,NA,NA,NA,NA,NA,NA,NA,NA,NA,NA,NA,NA,NA,NA,NA,NA,NA,NA,NA,NA,NA,NA,NA,NA,NA,NA,NA,NA,NA,NA,NA,NA,NA,NA,NA,NA
NA,NA,NA,NA,NA,NA,NA,NA,NA,NA,NA,NA,NA,NA,NA,NA,184,2025-06-22,18:42:44,4,1,"Stillson, Tyler",10132173,Right,WLM_SHK,"Ellis, Hudson",830334,Right,HOL_SPR1,Undefined,5,Bottom,2,0,0,Fastball,Four-Seam,BallCalled,Undefined,Undefined,Undefined,0,0,NA,86.16364,-4.939097,-2.670834,2098.099226,212.242491,01:00:00,6.44006,0.86292,5.30817,-20.35159,18.66044,10.90812,0.09112,-0.73704,78.60247,-8.718374,-0.735172,0.449542,NA,NA,NA,NA,NA,NA,NA,NA,NA,NA,NA,-6.34685,11.26056,-0.62885,50,5.97594,5.34547,-124.44637,-11.4296,-9.88818,26.4977,-14.63052,HOL_SPR1,WLM_SHK,TingStadium,CPL,CPL,20250622-TingStadium-1,371f87d0-4fba-11f0-94df-5159efd1a280,83.84626,NA,NA,7.56117,NA,NA,NA,NA,NA,NA,7a202cac-ef26-47e8-8964-ed2f034dc92d,2025-06-22,22:42:44,2025-06-22T22:42:44Z,2025-06-22T22:42:44Z,NA,v3,NA,NA,NA,"Paulick, Jake",1000093630,Right,WLM_SHK,95bce61b-b44a-4074-a367-bdc9b8781d77,55.19425,-125.54748,13.24885,6.43826,-10.82163,-7.31526,-0.85951,5.75637,-4.94409,NA,NA,NA,NA,NA,NA,NA,NA,NA,NA,NA,NA,NA,NA,NA,NA,NA,NA,NA,NA,NA,NA,NA,NA,NA,NA,NA,NA,NA,NA,NA,NA,NA,NA,NA,NA,NA,NA,NA,NA,NA,NA,NA,NA,NA,NA,NA,NA,NA,NA,High,High,High,NA,NA,NA,NA,NA,NA,NA,NA,NA,NA,NA,NA,NA,NA,NA,NA,NA,NA,NA,NA,NA,NA,NA,NA,NA,NA,NA,NA,NA,NA,NA,NA,NA,NA,NA,NA,NA,NA,NA,NA,NA,NA,NA,NA,NA,NA,NA,NA,NA,NA,NA,NA,NA,NA,NA,NA,NA,NA
NA,NA,NA,NA,NA,NA,NA,NA,NA,NA,NA,NA,NA,NA,NA,NA,185,2025-06-22,18:43:18,4,2,"Stillson, Tyler",10132173,Right,WLM_SHK,"Ellis, Hudson",830334,Right,HOL_SPR1,Undefined,5,Bottom,2,1,0,Slider,Slider,BallCalled,Undefined,Undefined,Undefined,0,0,NA,79.53205,-1.952297,-2.808485,1922.753233,164.938862,11:30:00,6.16857,0.99301,5.25962,-34.63081,10.78005,-2.50835,1.44545,-1.85688,73.09565,-8.273331,-3.253001,0.48501,NA,NA,NA,NA,NA,NA,NA,NA,NA,NA,NA,0.46874,6.38268,-0.73355,50,5.96404,5.75339,-115.22101,-5.08983,0.62953,21.59177,-23.60157,HOL_SPR1,WLM_SHK,TingStadium,CPL,CPL,20250622-TingStadium-1,4b29fe40-4fba-11f0-94df-5159efd1a280,77.71469,NA,NA,6.4364,NA,NA,NA,NA,NA,NA,7a202cac-ef26-47e8-8964-ed2f034dc92d,2025-06-22,22:43:18,2025-06-22T22:43:18Z,2025-06-22T22:43:18Z,NA,v3,NA,NA,NA,"Paulick, Jake",1000093630,Right,WLM_SHK,ca42655a-8e62-4a1f-9441-e85654025391,55.24065,-116.19893,10.79589,6.17036,-4.02088,-11.80078,-0.99348,5.72488,0.31477,NA,NA,NA,NA,NA,NA,NA,NA,NA,NA,NA,NA,NA,NA,NA,NA,NA,NA,NA,NA,NA,NA,NA,NA,NA,NA,NA,NA,74.83239,2.148191,0.817869,1.330322,0.6301,1.33018,1.90163,-0.0021,6.30948,2.07859,127.28087,0.2199,4.90386,0.13742,107.36886,-8.94313,6.37261,13.49105,-13.65557,2.05864,1.02588,0.84736,High,High,High,NA,NA,High,High,High,NA,NA,NA,NA,NA,NA,NA,NA,NA,NA,NA,NA,NA,NA,NA,NA,NA,NA,NA,NA,NA,NA,NA,NA,NA,NA,NA,NA,NA,NA,NA,NA,NA,NA,NA,NA,NA,NA,NA,NA,NA,NA,NA,NA,NA,NA,NA,NA,NA,NA,NA,NA,NA
NA,NA,NA,NA,NA,NA,NA,NA,NA,NA,NA,NA,NA,NA,NA,NA,186,2025-06-22,18:44:02,4,3,"Stillson, Tyler",10132173,Right,WLM_SHK,"Ellis, Hudson",830334,Right,HOL_SPR1,Undefined,5,Bottom,2,2,0,Fastball,Four-Seam,StrikeCalled,Undefined,Undefined,Undefined,0,0,NA,86.3297,-3.271524,-2.430483,2179.502245,209.779421,01:00:00,6.24983,0.819,6.10574,-17.61359,19.91958,10.65831,1.75052,-0.54185,78.57456,-6.636652,-0.511346,0.44094,NA,NA,NA,NA,NA,NA,NA,NA,NA,NA,NA,-6.25882,11.66131,-0.63776,50,5.98871,4.89278,-125.10879,-7.62751,-9.85149,26.86594,-13.81896,HOL_SPR1,WLM_SHK,TingStadium,CPL,CPL,20250622-TingStadium-1,65a5ee50-4fba-11f0-94df-5159efd1a280,85.48211,NA,NA,7.75515,NA,NA,NA,NA,NA,NA,7a202cac-ef26-47e8-8964-ed2f034dc92d,2025-06-22,22:44:02,2025-06-22T22:44:02Z,2025-06-22T22:44:02Z,NA,v3,NA,NA,NA,"Paulick, Jake",1000093630,Right,WLM_SHK,7a8a7e75-0a17-43e7-9c36-be1b37d860c2,54.3955,-126.04915,13.43297,6.24722,-7.14382,-6.90948,-0.81505,5.2376,-4.92574,NA,NA,NA,NA,NA,NA,NA,NA,NA,NA,NA,NA,NA,NA,NA,NA,NA,NA,NA,NA,NA,NA,NA,NA,NA,NA,NA,NA,NA,NA,NA,NA,NA,NA,NA,NA,NA,NA,NA,NA,NA,NA,NA,NA,NA,NA,NA,NA,NA,NA,High,High,High,NA,NA,NA,NA,NA,NA,NA,NA,NA,NA,NA,NA,NA,NA,NA,NA,NA,NA,NA,NA,NA,NA,NA,NA,NA,NA,NA,NA,NA,NA,NA,NA,NA,NA,NA,NA,NA,NA,NA,NA,NA,NA,NA,NA,NA,NA,NA,NA,NA,NA,NA,NA,NA,NA,NA,NA,NA,NA
NA,NA,NA,NA,NA,NA,NA,NA,NA,NA,NA,NA,NA,NA,NA,NA,187,2025-06-22,18:44:20,4,4,"Stillson, Tyler",10132173,Right,WLM_SHK,"Ellis, Hudson",830334,Right,HOL_SPR1,Undefined,5,Bottom,2,2,1,Fastball,Four-Seam,BallCalled,Undefined,Undefined,Undefined,0,0,NA,87.7742,-3.75843,-2.975765,2023.456473,208.946388,01:00:00,6.33108,0.86501,5.70019,-18.45454,18.63162,9.57001,1.28106,-1.11302,79.61674,-7.247023,-1.266693,0.438306,NA,NA,NA,NA,NA,NA,NA,NA,NA,NA,NA,-5.81807,11.03886,-0.62126,50,6.00361,6.19735,-126.94548,-8.90468,-9.39474,28.52628,-14.34907,HOL_SPR1,WLM_SHK,TingStadium,CPL,CPL,20250622-TingStadium-1,70636980-4fba-11f0-94df-5159efd1a280,85.99572,NA,NA,8.15746,NA,NA,NA,NA,NA,NA,7a202cac-ef26-47e8-8964-ed2f034dc92d,2025-06-22,22:44:20,2025-06-22T22:44:20Z,2025-06-22T22:44:20Z,NA,v3,NA,NA,NA,"Paulick, Jake",1000093630,Right,WLM_SHK,f4fe0681-204c-4d59-956c-be8c99f62546,54.8006,-128.01969,14.26314,6.32876,-8.36433,-7.17454,-0.8613,6.55113,-4.69737,NA,NA,NA,NA,NA,NA,NA,NA,NA,NA,NA,NA,NA,NA,NA,NA,NA,NA,NA,NA,NA,NA,NA,NA,NA,NA,NA,NA,NA,NA,NA,NA,NA,NA,NA,NA,NA,NA,NA,NA,NA,NA,NA,NA,NA,NA,NA,NA,NA,NA,High,High,High,NA,NA,NA,NA,NA,NA,NA,NA,NA,NA,NA,NA,NA,NA,NA,NA,NA,NA,NA,NA,NA,NA,NA,NA,NA,NA,NA,NA,NA,NA,NA,NA,NA,NA,NA,NA,NA,NA,NA,NA,NA,NA,NA,NA,NA,NA,NA,NA,NA,NA,NA,NA,NA,NA,NA,NA,NA,NA
NA,NA,NA,NA,NA,NA,NA,NA,NA,NA,NA,NA,NA,NA,NA,NA,188,2025-06-22,18:44:39,4,5,"Stillson, Tyler",10132173,Right,WLM_SHK,"Ellis, Hudson",830334,Right,HOL_SPR1,Undefined,5,Bottom,2,3,1,Slider,Slider,BallCalled,Walk,Undefined,Undefined,0,0,NA,80.59109,-1.520066,-2.73402,2005.035173,182.399598,12:00:00,6.04577,0.91736,5.82489,-30.70671,12.74985,0.47315,2.07174,-1.58695,73.57234,-7.229106,-2.649304,0.474459,NA,NA,NA,NA,NA,NA,NA,NA,NA,NA,NA,-1.04878,7.40209,-0.69394,50,5.90331,5.56043,-116.82316,-4.03547,-1.44073,23.23363,-22.00563,HOL_SPR1,WLM_SHK,TingStadium,CPL,CPL,20250622-TingStadium-1,7b3975c0-4fba-11f0-94df-5159efd1a280,79.44292,NA,NA,7.01876,NA,NA,NA,NA,NA,NA,7a202cac-ef26-47e8-8964-ed2f034dc92d,2025-06-22,22:44:39,2025-06-22T22:44:39Z,2025-06-22T22:44:39Z,NA,v3,NA,NA,NA,"Paulick, Jake",1000093630,Right,WLM_SHK,661584e0-fda3-4545-9ef1-0cdda2bd33f8,54.67419,-117.74909,11.61682,6.04666,-3.15848,-11.00282,-0.91669,5.61784,-0.72036,NA,NA,NA,NA,NA,NA,NA,NA,NA,NA,NA,NA,NA,NA,NA,NA,NA,NA,NA,NA,NA,NA,NA,NA,NA,NA,NA,NA,NA,NA,NA,NA,NA,NA,NA,NA,NA,NA,NA,NA,NA,NA,NA,NA,NA,NA,NA,NA,NA,NA,High,High,High,NA,NA,NA,NA,NA,NA,NA,NA,NA,NA,NA,NA,NA,NA,NA,NA,NA,NA,NA,NA,NA,NA,NA,NA,NA,NA,NA,NA,NA,NA,NA,NA,NA,NA,NA,NA,NA,NA,NA,NA,NA,NA,NA,NA,NA,NA,NA,NA,NA,NA,NA,NA,NA,NA,NA,NA,NA,NA
NA,NA,NA,NA,NA,NA,NA,NA,NA,NA,NA,NA,NA,NA,NA,NA,189,2025-06-22,18:46:13,5,1,"Stillson, Tyler",10132173,Right,WLM_SHK,"Kellis, Rom",703450,Right,HOL_SPR1,Undefined,5,Bottom,2,0,0,Fastball,Four-Seam,BallCalled,Undefined,Undefined,Undefined,0,0,NA,85.62542,-2.861588,-2.720938,2069.891582,203.986707,12:45:00,6.44998,0.68787,5.68872,-18.09442,20.91379,8.67248,2.26968,-1.12745,77.3978,-6.312344,-1.172441,0.44952,NA,NA,NA,NA,NA,NA,NA,NA,NA,NA,NA,-5.24248,11.91871,-0.46425,50,6.19774,5.52129,-123.9025,-6.70491,-8.04871,27.6174,-13.87547,HOL_SPR1,WLM_SHK,TingStadium,CPL,CPL,20250622-TingStadium-1,b337b810-4fba-11f0-94df-5159efd1a280,83.85036,NA,NA,8.22762,NA,NA,NA,NA,NA,NA,7a202cac-ef26-47e8-8964-ed2f034dc92d,2025-06-22,22:46:13,2025-06-22T22:46:13Z,2025-06-22T22:46:13Z,NA,v3,NA,NA,NA,"Paulick, Jake",1000093630,Right,WLM_SHK,2f129311-a4e4-46de-ac97-a488a3fef02c,54.80953,-124.96993,13.8087,6.44653,-6.16862,-6.93774,-0.68366,5.83238,-4.02435,NA,NA,NA,NA,NA,NA,NA,NA,NA,NA,NA,NA,NA,NA,NA,NA,NA,NA,NA,NA,NA,NA,NA,NA,NA,NA,NA,NA,NA,NA,NA,NA,NA,NA,NA,NA,NA,NA,NA,NA,NA,NA,NA,NA,NA,NA,NA,NA,NA,NA,High,High,High,NA,NA,NA,NA,NA,NA,NA,NA,NA,NA,NA,NA,NA,NA,NA,NA,NA,NA,NA,NA,NA,NA,NA,NA,NA,NA,NA,NA,NA,NA,NA,NA,NA,NA,NA,NA,NA,NA,NA,NA,NA,NA,NA,NA,NA,NA,NA,NA,NA,NA,NA,NA,NA,NA,NA,NA,NA,NA
NA,NA,NA,NA,NA,NA,NA,NA,NA,NA,NA,NA,NA,NA,NA,NA,190,2025-06-22,18:46:30,5,2,"Stillson, Tyler",10132173,Right,WLM_SHK,"Kellis, Rom",703450,Right,HOL_SPR1,Undefined,5,Bottom,2,1,0,Fastball,Four-Seam,InPlay,Undefined,FlyBall,Out,1,0,NA,86.02094,-2.255608,-1.596756,2109.878889,212.767479,01:00:00,6.53543,0.69238,5.33238,-21.30981,17.85918,10.56835,2.64127,0.07446,77.63189,-6.260145,0.28052,0.450446,84.89243,52.905059,-0.918909,3945.220569,NA,NA,NA,NA,67.69091,NA,NA,-5.84032,10.10205,-0.55611,50,6.31678,3.01266,-124.5472,-5.59308,-9.03556,28.52908,-16.54519,HOL_SPR1,WLM_SHK,TingStadium,CPL,CPL,20250622-TingStadium-1,bd7a36e0-4fba-11f0-94df-5159efd1a280,83.67802,84.80274,NA,8.38905,NA,NA,NA,2.50799,3.07177,0.01896,7a202cac-ef26-47e8-8964-ed2f034dc92d,2025-06-22,22:46:30,2025-06-22T22:46:30Z,2025-06-22T22:46:30Z,NA,v3,NA,NA,NA,"Paulick, Jake",1000093630,Right,WLM_SHK,b65d3396-dc5f-4728-afe4-3c73f97315b6,55.167230000000004,-125.72525,14.26454,6.53363,-4.90988,-8.27259,-0.68822,3.38576,-4.51778,199.540642,2.50799,75.08617,-17.28601,4.64147,-1.20689,0.70435,-0.78014,0.55904,-0.15746,3.07177,99.3128,-23.45645,2.21385,-0.23303,-0.30539,0.54003,-0.41191,0.11755,0.01896,-1.2043,5.77698,-1.96631,0.63529,-0.4787,0.57632,-0.41848,0.11819,NA,NA,NA,NA,NA,NA,NA,NA,NA,NA,NA,NA,NA,NA,NA,NA,NA,NA,NA,NA,NA,NA,High,High,High,High,Undefined,NA,NA,NA,NA,NA,NA,NA,NA,NA,NA,NA,NA,NA,NA,NA,NA,NA,NA,NA,NA,NA,NA,NA,NA,NA,NA,NA,NA,NA,NA,NA,NA,NA,NA,NA,NA,NA,NA,NA,NA,NA,NA,NA,NA,NA,NA,NA,NA,NA,NA,NA,NA,NA,NA,NA,NA
NA,NA,NA,NA,NA,NA,NA,NA,NA,NA,NA,NA,NA,NA,NA,NA,191,2025-06-22,18:49:28,1,1,"Jones, Parker",10156303,Right,HOL_SPR1,"Vidal, Andre",824180,Right,WLM_SHK,Undefined,6,Top,0,0,0,Fastball,Sinker,InPlay,Undefined,LineDrive,Single,0,0,NA,89.03083,-0.970094,-2.574281,1847.994731,227.785891,01:30:00,5.69396,1.77436,5.4584,-24.01513,12.08079,11.96843,2.7836,0.36034,80.86862,-5.440055,-0.445165,0.432415,75.26061,23.612716,12.947505,2362.889889,105.83314,31.98106,29.98815,230.92237,230.92237,19.110486,2.944114,-6.80725,6.73111,-1.55584,50,5.59215,5.27061,-129.05376,-3.02575,-11.40387,28.52642,-20.89772,HOL_SPR1,WLM_SHK,TingStadium,CPL,CPL,20250622-TingStadium-1,27e8eb20-4fbb-11f0-94df-5159efd1a280,87.16735,32.35756,NA,8.16221,NA,NA,NA,0.83894,2.76391,-0.3572,7a202cac-ef26-47e8-8964-ed2f034dc92d,2025-06-22,22:49:28,2025-06-22T22:49:28Z,2025-06-22T22:49:28Z,LineDrive,v3,NA,NA,NA,"Bonn, Preston",827396,Right,HOL_SPR1,f5d98aa9-da09-4ee0-8eab-6e6333369440,55.04221,-130.16354,14.26321,5.69405,-2.21276,-10.44886,-1.76951,5.71426,-5.70194,234.177627,0.83875,98.57801,-13.13839,2.85721,-0.942,0.45704,-0.18757,0.04234,-0.00377,2.76407,44.2068,-17.74417,0.93656,0.13727,-0.22758,0.1119,-0.02487,0.0021,-0.35732,22.66649,2.7071,-1.08385,0.2728,-0.05879,0.01689,-0.00358,3.2e-4,NA,NA,NA,NA,NA,NA,NA,NA,NA,NA,NA,NA,NA,NA,NA,NA,NA,NA,NA,NA,NA,NA,High,High,High,High,High,NA,NA,NA,NA,NA,NA,NA,NA,NA,NA,NA,NA,NA,NA,NA,NA,NA,NA,NA,NA,NA,NA,NA,NA,NA,NA,NA,NA,NA,NA,NA,NA,NA,NA,NA,NA,NA,NA,NA,NA,NA,NA,NA,NA,NA,NA,NA,NA,NA,NA,NA,NA,NA,NA,NA,NA
NA,NA,NA,NA,NA,NA,NA,NA,NA,NA,NA,NA,NA,NA,NA,NA,192,2025-06-22,18:50:02,2,1,"Jones, Parker",10156303,Right,HOL_SPR1,"Culley, Jason",1000254934,Left,WLM_SHK,Undefined,6,Top,0,0,0,Fastball,Four-Seam,BallCalled,Undefined,Undefined,Undefined,0,0,NA,88.22821,0.753219,-2.994564,1988.424956,202.920056,12:45:00,5.72685,1.57375,5.65707,-22.86564,13.6132,5.24441,4.52486,-0.78456,80.03523,-3.537563,-2.059736,0.434702,NA,NA,NA,NA,NA,NA,NA,NA,NA,NA,NA,-3.52819,7.03689,-1.32327,50,5.77643,6.45959,-127.86724,0.93406,-5.80949,27.70697,-20.58713,HOL_SPR1,WLM_SHK,TingStadium,CPL,CPL,20250622-TingStadium-1,3c2b6180-4fbb-11f0-94df-5159efd1a280,86.70859,NA,NA,8.19298,NA,NA,NA,NA,NA,NA,7a202cac-ef26-47e8-8964-ed2f034dc92d,2025-06-22,22:50:02,2025-06-22T22:50:02Z,2025-06-22T22:50:02Z,NA,v3,NA,NA,NA,"Bonn, Preston",827396,Right,HOL_SPR1,995150ee-9290-4681-b830-4915f84719d5,54.84187,-128.91213,13.85348,5.72657,1.71045,-10.29357,-1.57101,6.67868,-2.90474,NA,NA,NA,NA,NA,NA,NA,NA,NA,NA,NA,NA,NA,NA,NA,NA,NA,NA,NA,NA,NA,NA,NA,NA,NA,NA,NA,NA,NA,NA,NA,NA,NA,NA,NA,NA,NA,NA,NA,NA,NA,NA,NA,NA,NA,NA,NA,NA,NA,NA,High,High,High,NA,NA,NA,NA,NA,NA,NA,NA,NA,NA,NA,NA,NA,NA,NA,NA,NA,NA,NA,NA,NA,NA,NA,NA,NA,NA,NA,NA,NA,NA,NA,NA,NA,NA,NA,NA,NA,NA,NA,NA,NA,NA,NA,NA,NA,NA,NA,NA,NA,NA,NA,NA,NA,NA,NA,NA,NA,NA
NA,NA,NA,NA,NA,NA,NA,NA,NA,NA,NA,NA,NA,NA,NA,NA,193,2025-06-22,18:50:22,2,2,"Jones, Parker",10156303,Right,HOL_SPR1,"Culley, Jason",1000254934,Left,WLM_SHK,Undefined,6,Top,0,1,0,Fastball,Changeup,InPlay,Undefined,Bunt,Out,1,0,NA,86.26383,-0.703897,-2.789608,1808.136472,225.545882,01:30:00,5.62733,1.81424,5.40227,-27.55797,10.79398,9.7389,2.67042,0.00969,78.78484,-5.796676,-1.059439,0.445723,NA,NA,NA,NA,NA,NA,NA,NA,NA,NA,NA,-5.72693,5.98516,-1.57264,50,5.54535,5.68123,-125.09448,-2.49959,-9.05854,25.65768,-22.7071,HOL_SPR1,WLM_SHK,TingStadium,CPL,CPL,20250622-TingStadium-1,47de1220-4fbb-11f0-94df-5159efd1a280,84.5647,NA,NA,7.479,NA,NA,NA,NA,NA,NA,7a202cac-ef26-47e8-8964-ed2f034dc92d,2025-06-22,22:50:22,2025-06-22T22:50:22Z,2025-06-22T22:50:22Z,NA,v3,NA,NA,NA,"Bonn, Preston",827396,Right,HOL_SPR1,d725ed66-8dfb-4e2a-9dcb-a0a9aee9f539,55.09965,-126.13611,12.82884,5.62811,-1.57774,-11.35355,-1.81074,6.04898,-4.52927,NA,NA,NA,NA,NA,NA,NA,NA,NA,NA,NA,NA,NA,NA,NA,NA,NA,NA,NA,NA,NA,NA,NA,NA,NA,NA,NA,NA,NA,NA,NA,NA,NA,NA,NA,NA,NA,NA,NA,NA,NA,NA,NA,NA,NA,NA,NA,NA,NA,NA,High,High,High,NA,NA,NA,NA,NA,NA,NA,NA,NA,NA,NA,NA,NA,NA,NA,NA,NA,NA,NA,NA,NA,NA,NA,NA,NA,NA,NA,NA,NA,NA,NA,NA,NA,NA,NA,NA,NA,NA,NA,NA,NA,NA,NA,NA,NA,NA,NA,NA,NA,NA,NA,NA,NA,NA,NA,NA,NA,NA
NA,NA,NA,NA,NA,NA,NA,NA,NA,NA,NA,NA,NA,NA,NA,NA,194,2025-06-22,18:51:02,3,1,"Jones, Parker",10156303,Right,HOL_SPR1,"Miller, Brady",1000357366,Right,WLM_SHK,Undefined,6,Top,1,0,0,Fastball,Changeup,BallCalled,Undefined,Undefined,Undefined,0,0,NA,87.88079,2.144459,-1.662856,1854.686125,224.549282,01:30:00,5.77868,1.74159,5.47122,-27.01872,9.94119,8.60111,5.53584,0.9017,79.7165,-2.877023,-0.132913,0.437559,NA,NA,NA,NA,NA,NA,NA,NA,NA,NA,NA,-4.78366,4.74697,-1.60127,50,5.94922,3.31243,-127.38804,3.82047,-7.8292,27.14602,-24.4049,HOL_SPR1,WLM_SHK,TingStadium,CPL,CPL,20250622-TingStadium-1,5f9b3050-4fbb-11f0-94df-5159efd1a280,86.14253,NA,NA,8.16429,NA,NA,NA,NA,NA,NA,7a202cac-ef26-47e8-8964-ed2f034dc92d,2025-06-22,22:51:02,2025-06-22T22:51:02Z,2025-06-22T22:51:02Z,NA,v3,NA,NA,NA,"Bonn, Preston",827396,Right,HOL_SPR1,e70e5f43-c439-4f67-aca8-2d194f4a2e1e,55.0278,-128.45498,13.57301,5.78021,4.77968,-12.20245,-1.73751,3.62015,-3.9146,NA,NA,NA,NA,NA,NA,NA,NA,NA,NA,NA,NA,NA,NA,NA,NA,NA,NA,NA,NA,NA,NA,NA,NA,NA,NA,NA,NA,NA,NA,NA,NA,NA,NA,NA,NA,NA,NA,NA,NA,NA,NA,NA,NA,NA,NA,NA,NA,NA,NA,High,High,High,NA,NA,NA,NA,NA,NA,NA,NA,NA,NA,NA,NA,NA,NA,NA,NA,NA,NA,NA,NA,NA,NA,NA,NA,NA,NA,NA,NA,NA,NA,NA,NA,NA,NA,NA,NA,NA,NA,NA,NA,NA,NA,NA,NA,NA,NA,NA,NA,NA,NA,NA,NA,NA,NA,NA,NA,NA,NA
NA,NA,NA,NA,NA,NA,NA,NA,NA,NA,NA,NA,NA,NA,NA,NA,195,2025-06-22,18:51:22,3,2,"Jones, Parker",10156303,Right,HOL_SPR1,"Miller, Brady",1000357366,Right,WLM_SHK,Undefined,6,Top,1,1,0,Fastball,Four-Seam,InPlay,Undefined,GroundBall,Out,1,0,NA,88.31474,-0.929487,-2.84481,1938.346465,217.381628,01:15:00,5.73989,1.66099,5.66401,-24.88482,11.41949,7.81473,2.79826,-0.34276,80.49872,-5.563428,-1.450045,0.433661,75.78463,-23.726572,-5.148597,NA,NA,NA,NA,8.05737,1.86491,-1.655815,0.062673,-4.80288,6.418,-1.42534,50,5.64557,6.03038,-128.06886,-2.92222,-7.94746,27.35802,-21.55403,HOL_SPR1,WLM_SHK,TingStadium,CPL,CPL,20250622-TingStadium-1,6bd671e0-4fbb-11f0-94df-5159efd1a280,86.91682,2.81258,NA,7.81602,NA,NA,NA,1.68066,2.81258,0.34143,7a202cac-ef26-47e8-8964-ed2f034dc92d,2025-06-22,22:51:22,2025-06-22T22:51:22Z,2025-06-22T22:51:22Z,GroundBall,v3,NA,NA,NA,"Bonn, Preston",827396,Right,HOL_SPR1,f0af4051-5792-42bc-ab39-fba8710d4213,54.83698,-129.098,13.67901,5.74024,-2.11141,-10.77701,-1.65781,6.32934,-3.97373,NA,1.67717,101.69211,NA,NA,NA,NA,NA,NA,NA,2.81412,-44.87704,NA,NA,NA,NA,NA,NA,NA,0.34175,-9.16273,NA,NA,NA,NA,NA,NA,NA,NA,NA,NA,NA,NA,NA,NA,NA,NA,NA,NA,NA,NA,NA,NA,NA,NA,NA,NA,NA,NA,NA,High,High,High,Low,Low,NA,NA,NA,NA,NA,NA,NA,NA,NA,NA,NA,NA,NA,NA,NA,NA,NA,NA,NA,NA,NA,NA,NA,NA,NA,NA,NA,NA,NA,NA,NA,NA,NA,NA,NA,NA,NA,NA,NA,NA,NA,NA,NA,NA,NA,NA,NA,NA,NA,NA,NA,NA,NA,NA,NA,NA
NA,NA,NA,NA,NA,NA,NA,NA,NA,NA,NA,NA,NA,NA,NA,NA,196,2025-06-22,18:51:55,4,1,"Jones, Parker",10156303,Right,HOL_SPR1,"Tobias, Jacob",10041882,Left,WLM_SHK,Undefined,6,Top,2,0,0,Fastball,Four-Seam,StrikeCalled,Undefined,Undefined,Undefined,0,0,NA,89.63473,-1.775161,-1.506849,1874.327151,216.164392,01:15:00,5.70536,1.70931,5.36569,-23.72521,11.80485,7.79245,2.06257,0.94536,81.96251,-6.16339,-0.121411,0.429012,NA,NA,NA,NA,NA,NA,NA,NA,NA,NA,NA,-4.34736,6.76961,-1.57979,50,5.52927,3.07032,-130.02043,-4.88328,-7.43432,27.5229,-20.59752,HOL_SPR1,WLM_SHK,TingStadium,CPL,CPL,20250622-TingStadium-1,7f25d5b0-4fbb-11f0-94df-5159efd1a280,87.85872,NA,NA,7.67222,NA,NA,NA,NA,NA,NA,7a202cac-ef26-47e8-8964-ed2f034dc92d,2025-06-22,22:51:55,2025-06-22T22:51:55Z,2025-06-22T22:51:55Z,NA,v3,NA,NA,NA,"Bonn, Preston",827396,Right,HOL_SPR1,e501227e-15d3-4d0e-85bf-e7adb622abea,55.13531,-131.10297,13.76145,5.70541,-4.07313,-10.29876,-1.7063,3.36273,-3.71716,NA,NA,NA,NA,NA,NA,NA,NA,NA,NA,NA,NA,NA,NA,NA,NA,NA,NA,NA,NA,NA,NA,NA,NA,NA,NA,NA,NA,NA,NA,NA,NA,NA,NA,NA,NA,NA,NA,NA,NA,NA,NA,NA,NA,NA,NA,NA,NA,NA,NA,High,High,High,NA,NA,NA,NA,NA,NA,NA,NA,NA,NA,NA,NA,NA,NA,NA,NA,NA,NA,NA,NA,NA,NA,NA,NA,NA,NA,NA,NA,NA,NA,NA,NA,NA,NA,NA,NA,NA,NA,NA,NA,NA,NA,NA,NA,NA,NA,NA,NA,NA,NA,NA,NA,NA,NA,NA,NA,NA,NA
NA,NA,NA,NA,NA,NA,NA,NA,NA,NA,NA,NA,NA,NA,NA,NA,197,2025-06-22,18:52:13,4,2,"Jones, Parker",10156303,Right,HOL_SPR1,"Tobias, Jacob",10041882,Left,WLM_SHK,Undefined,6,Top,2,0,1,ChangeUp,Changeup,BallCalled,Undefined,Undefined,Undefined,0,0,NA,81.388,-1.526991,-2.626503,1339.572336,251.488087,02:30:00,5.56621,1.67607,5.87308,-36.77333,5.68032,12.7704,1.08158,0.29891,74.49847,-8.312344,-0.333746,0.468953,NA,NA,NA,NA,NA,NA,NA,NA,NA,NA,NA,-7.43709,3.69433,-1.47132,50,5.42085,4.94732,-118.09828,-4.3079,-10.43647,23.82911,-26.98981,HOL_SPR1,WLM_SHK,TingStadium,CPL,CPL,20250622-TingStadium-1,89b1b990-4fbb-11f0-94df-5159efd1a280,80.3758,NA,NA,6.88952,NA,NA,NA,NA,NA,NA,7a202cac-ef26-47e8-8964-ed2f034dc92d,2025-06-22,22:52:13,2025-06-22T22:52:13Z,2025-06-22T22:52:13Z,NA,v3,NA,NA,NA,"Bonn, Preston",827396,Right,HOL_SPR1,f94b8139-cf91-4513-81cb-543fc491fd3d,54.6307,-119.02897,11.91456,5.56852,-3.25376,-13.49491,-1.67251,5.35494,-5.21824,NA,NA,NA,NA,NA,NA,NA,NA,NA,NA,NA,NA,NA,NA,NA,NA,NA,NA,NA,NA,NA,NA,NA,NA,NA,NA,NA,NA,NA,NA,NA,NA,NA,NA,NA,NA,NA,NA,NA,NA,NA,NA,NA,NA,NA,NA,NA,NA,NA,NA,High,High,High,NA,NA,NA,NA,NA,NA,NA,NA,NA,NA,NA,NA,NA,NA,NA,NA,NA,NA,NA,NA,NA,NA,NA,NA,NA,NA,NA,NA,NA,NA,NA,NA,NA,NA,NA,NA,NA,NA,NA,NA,NA,NA,NA,NA,NA,NA,NA,NA,NA,NA,NA,NA,NA,NA,NA,NA,NA,NA
NA,NA,NA,NA,NA,NA,NA,NA,NA,NA,NA,NA,NA,NA,NA,NA,198,2025-06-22,18:52:29,4,3,"Jones, Parker",10156303,Right,HOL_SPR1,"Tobias, Jacob",10041882,Left,WLM_SHK,Undefined,6,Top,2,1,1,Fastball,Sinker,InPlay,Undefined,GroundBall,Out,1,0,NA,89.22519,-1.031324,-2.627821,1835.075059,227.900386,01:30:00,5.70136,1.5876,5.29924,-25.53419,10.48497,10.303,2.60411,-0.02274,81.39407,-5.745864,-0.80044,0.431955,96.3995,-12.490535,47.334345,NA,NA,NA,NA,14.81914,14.48505,38.917755,0.090953,-5.95835,5.88611,-1.35647,50,5.58907,5.47902,-129.36567,-3.2633,-10.06906,27.69126,-22.22709,HOL_SPR1,WLM_SHK,TingStadium,CPL,CPL,20250622-TingStadium-1,93d76190-4fbb-11f0-94df-5159efd1a280,87.26018,2.78654,NA,7.83112,NA,NA,NA,3.00491,2.78654,0.05977,7a202cac-ef26-47e8-8964-ed2f034dc92d,2025-06-22,22:52:29,2025-06-22T22:52:29Z,2025-06-22T22:52:29Z,GroundBall,v3,NA,NA,NA,"Bonn, Preston",827396,Right,HOL_SPR1,787d14d4-04c8-4a31-95fb-888d7dcc710a,55.20277,-130.47459,13.84563,5.70194,-2.37319,-11.11354,-1.58396,5.88224,-5.03453,180,3.0023,93.73057,NA,NA,NA,NA,NA,NA,NA,2.7874,-30.63706,NA,NA,NA,NA,NA,NA,NA,0.05693,101.69709,NA,NA,NA,NA,NA,NA,NA,NA,NA,NA,NA,NA,NA,NA,NA,NA,NA,NA,NA,NA,NA,NA,NA,NA,NA,NA,NA,NA,NA,High,High,High,Low,Low,NA,NA,NA,NA,NA,NA,NA,NA,NA,NA,NA,NA,NA,NA,NA,NA,NA,NA,NA,NA,NA,NA,NA,NA,NA,NA,NA,NA,NA,NA,NA,NA,NA,NA,NA,NA,NA,NA,NA,NA,NA,NA,NA,NA,NA,NA,NA,NA,NA,NA,NA,NA,NA,NA,NA,NA
NA,NA,NA,NA,NA,NA,NA,NA,NA,NA,NA,NA,NA,NA,NA,NA,199,2025-06-22,18:55:37,1,1,"Porche, Ryan",1000155092,Right,WLM_SHK,"Bonn, Preston",827396,Right,HOL_SPR1,Undefined,6,Bottom,0,0,0,Fastball,Four-Seam,BallCalled,Undefined,Undefined,Undefined,0,0,NA,85.00784,-4.133478,-4.042165,2226.184721,210.201244,01:00:00,6.09794,1.40889,6.50533,-20.80411,17.59296,9.44792,0.5544,-1.51993,77.34508,-8.090912,-2.331887,0.445985,NA,NA,NA,NA,NA,NA,NA,NA,NA,NA,NA,-6.16953,10.87882,-1.12969,50,5.7986,8.33316,-122.90998,-9.43304,-9.35277,26.40802,-15.6822,HOL_SPR1,WLM_SHK,TingStadium,CPL,CPL,20250622-TingStadium-1,03f4dbb0-4fbc-11f0-94df-5159efd1a280,84.51501,NA,NA,7.66277,NA,NA,NA,NA,NA,NA,7a202cac-ef26-47e8-8964-ed2f034dc92d,2025-06-22,22:55:37,2025-06-22T22:55:37Z,2025-06-22T22:55:37Z,NA,v3,NA,NA,NA,"Paulick, Jake",1000093630,Right,WLM_SHK,dab285cd-f743-4277-a273-f7b1da886c04,53.99434,-123.76522,13.20401,6.09587,-8.92516,-7.8411,-1.40447,8.63605,-4.67638,NA,NA,NA,NA,NA,NA,NA,NA,NA,NA,NA,NA,NA,NA,NA,NA,NA,NA,NA,NA,NA,NA,NA,NA,NA,NA,NA,NA,NA,NA,NA,NA,NA,NA,NA,NA,NA,NA,NA,NA,NA,NA,NA,NA,NA,NA,NA,NA,NA,NA,High,High,High,NA,NA,NA,NA,NA,NA,NA,NA,NA,NA,NA,NA,NA,NA,NA,NA,NA,NA,NA,NA,NA,NA,NA,NA,NA,NA,NA,NA,NA,NA,NA,NA,NA,NA,NA,NA,NA,NA,NA,NA,NA,NA,NA,NA,NA,NA,NA,NA,NA,NA,NA,NA,NA,NA,NA,NA,NA,NA
NA,NA,NA,NA,NA,NA,NA,NA,NA,NA,NA,NA,NA,NA,NA,NA,200,2025-06-22,18:55:54,1,2,"Porche, Ryan",1000155092,Right,WLM_SHK,"Bonn, Preston",827396,Right,HOL_SPR1,Undefined,6,Bottom,0,1,0,Slider,Slider,BallCalled,Undefined,Undefined,Undefined,0,0,NA,75.53782,-1.889618,-3.700132,2087.749887,85.172013,08:45:00,5.8497,1.87381,5.61157,-48.92825,1.47311,-3.64583,0.00421,-1.8886,69.05556,-10.794678,-4.350627,0.510967,NA,NA,NA,NA,NA,NA,NA,NA,NA,NA,NA,0.67193,1.7463,-1.55456,50,5.65586,7.19882,-109.31662,-5.12364,0.79953,22.2622,-30.09607,HOL_SPR1,WLM_SHK,TingStadium,CPL,CPL,20250622-TingStadium-1,0d9993e0-4fbc-11f0-94df-5159efd1a280,73.76691,NA,NA,6.48227,NA,NA,NA,NA,NA,NA,7a202cac-ef26-47e8-8964-ed2f034dc92d,2025-06-22,22:55:54,2025-06-22T22:55:54Z,2025-06-22T22:55:54Z,NA,v3,NA,NA,NA,"Paulick, Jake",1000093630,Right,WLM_SHK,ace2ea82-dde7-4160-bf3d-bccc3de95a26,54.8911,-110.30819,11.1311,5.85422,-3.78314,-15.04804,-1.87441,7.16321,0.39977,NA,NA,NA,NA,NA,NA,NA,NA,NA,NA,NA,NA,NA,NA,NA,NA,NA,NA,NA,NA,NA,NA,NA,NA,NA,NA,NA,NA,NA,NA,NA,NA,NA,NA,NA,NA,NA,NA,NA,NA,NA,NA,NA,NA,NA,NA,NA,NA,NA,NA,High,High,High,NA,NA,NA,NA,NA,NA,NA,NA,NA,NA,NA,NA,NA,NA,NA,NA,NA,NA,NA,NA,NA,NA,NA,NA,NA,NA,NA,NA,NA,NA,NA,NA,NA,NA,NA,NA,NA,NA,NA,NA,NA,NA,NA,NA,NA,NA,NA,NA,NA,NA,NA,NA,NA,NA,NA,NA,NA,NA
NA,NA,NA,NA,NA,NA,NA,NA,NA,NA,NA,NA,NA,NA,NA,NA,201,2025-06-22,18:56:13,1,3,"Porche, Ryan",1000155092,Right,WLM_SHK,"Bonn, Preston",827396,Right,HOL_SPR1,Undefined,6,Bottom,0,2,0,Slider,Curveball,BallCalled,Undefined,Undefined,Undefined,0,0,NA,74.75009,0.732992,-3.196089,2069.064873,77.55623,08:30:00,5.82856,1.82359,5.50356,-51.97097,0.01717,-8.73934,2.18433,-1.89711,67.48636,-8.790068,-4.750102,0.518947,NA,NA,NA,NA,NA,NA,NA,NA,NA,NA,NA,3.26303,0.3965,-1.5382,50,5.85846,6.3733,-108.12216,-0.27449,3.77392,22.89033,-31.71546,HOL_SPR1,WLM_SHK,TingStadium,CPL,CPL,20250622-TingStadium-1,18d280a0-4fbc-11f0-94df-5159efd1a280,72.63247,NA,NA,7.26373,NA,NA,NA,NA,NA,NA,7a202cac-ef26-47e8-8964-ed2f034dc92d,2025-06-22,22:56:13,2025-06-22T22:56:13Z,2025-06-22T22:56:13Z,NA,v3,NA,NA,NA,"Paulick, Jake",1000093630,Right,WLM_SHK,0c247b73-fe56-472a-83c7-e6c430895b63,54.99423,-109.17436,11.44516,5.83757,1.18338,-15.85773,-1.82717,6.19982,1.88696,NA,NA,NA,NA,NA,NA,NA,NA,NA,NA,NA,NA,NA,NA,NA,NA,NA,NA,NA,NA,NA,NA,NA,NA,NA,NA,NA,NA,NA,NA,NA,NA,NA,NA,NA,NA,NA,NA,NA,NA,NA,NA,NA,NA,NA,NA,NA,NA,NA,NA,High,High,High,NA,NA,NA,NA,NA,NA,NA,NA,NA,NA,NA,NA,NA,NA,NA,NA,NA,NA,NA,NA,NA,NA,NA,NA,NA,NA,NA,NA,NA,NA,NA,NA,NA,NA,NA,NA,NA,NA,NA,NA,NA,NA,NA,NA,NA,NA,NA,NA,NA,NA,NA,NA,NA,NA,NA,NA,NA,NA
NA,NA,NA,NA,NA,NA,NA,NA,NA,NA,NA,NA,NA,NA,NA,NA,202,2025-06-22,18:56:27,1,4,"Porche, Ryan",1000155092,Right,WLM_SHK,"Bonn, Preston",827396,Right,HOL_SPR1,Undefined,6,Bottom,0,3,0,Fastball,Cutter,HitByPitch,Walk,Undefined,Undefined,0,0,NA,83.84226,-1.389046,-0.047683,2182.575287,196.067841,12:30:00,6.2099,1.51359,6.21553,-21.96741,17.64359,4.68555,3.09711,1.86005,76.04695,-5.575505,0.798678,0.45298,NA,NA,NA,NA,NA,NA,NA,NA,NA,NA,NA,-2.50059,10.03536,-1.51251,50,6.09495,-0.06734,-121.77951,-3.55085,-3.7079,26.72591,-17.29358,HOL_SPR1,WLM_SHK,TingStadium,CPL,CPL,20250622-TingStadium-1,21a96180-4fbc-11f0-94df-5159efd1a280,83.20987,NA,NA,7.79531,NA,NA,NA,NA,NA,NA,7a202cac-ef26-47e8-8964-ed2f034dc92d,2025-06-22,22:56:27,2025-06-22T22:56:27Z,2025-06-22T22:56:27Z,NA,v3,NA,NA,NA,"Paulick, Jake",1000093630,Right,WLM_SHK,76fa5129-e2ef-4f87-b765-b50b43401c4e,54.28738,-122.71682,13.36295,6.20885,-2.94434,-8.64679,-1.51243,0.0627,-1.85395,NA,NA,NA,NA,NA,NA,NA,NA,NA,NA,NA,NA,NA,NA,NA,NA,NA,NA,NA,NA,NA,NA,NA,NA,NA,NA,NA,NA,NA,NA,NA,NA,NA,NA,NA,NA,NA,NA,NA,NA,NA,NA,NA,NA,NA,NA,NA,NA,NA,NA,High,High,High,NA,NA,NA,NA,NA,NA,NA,NA,NA,NA,NA,NA,NA,NA,NA,NA,NA,NA,NA,NA,NA,NA,NA,NA,NA,NA,NA,NA,NA,NA,NA,NA,NA,NA,NA,NA,NA,NA,NA,NA,NA,NA,NA,NA,NA,NA,NA,NA,NA,NA,NA,NA,NA,NA,NA,NA,NA,NA
NA,NA,NA,NA,NA,NA,NA,NA,NA,NA,NA,NA,NA,NA,NA,NA,203,2025-06-22,18:57:03,2,1,"Porche, Ryan",1000155092,Right,WLM_SHK,"Schramm, Lukas",1000064187,Right,HOL_SPR1,Undefined,6,Bottom,0,0,0,Fastball,Four-Seam,InPlay,Undefined,FlyBall,FieldersChoice,1,0,NA,85.04507,-2.062471,-3.371635,2122.845365,210.259755,01:00:00,6.09435,1.68006,6.12747,-22.57698,16.12843,8.62784,2.30223,-0.72135,77.26777,-6.334654,-1.819485,0.447772,69.48283,38.965296,13.979631,4837.71917,103.94321,58.91342,35.99715,225.342,140.16628,22.014386,3.999922,-5.51347,9.36284,-1.42647,50,5.9246,6.92915,-123.24459,-5.08814,-8.40423,26.53958,-17.9022,HOL_SPR1,WLM_SHK,TingStadium,CPL,CPL,20250622-TingStadium-1,36c8a350-4fbc-11f0-94df-5159efd1a280,84.17767,59.5819,NA,7.7773,NA,NA,NA,3.02069,2.54252,0.66108,7a202cac-ef26-47e8-8964-ed2f034dc92d,2025-06-22,22:57:03,2025-06-22T22:57:03Z,2025-06-22T22:57:03Z,FlyBall,v3,NA,NA,NA,"Paulick, Jake",1000093630,Right,WLM_SHK,2006ee95-cabe-4b42-868f-8290c3042d87,54.37354,-124.18282,13.26979,6.09328,-4.45526,-8.9511,-1.67668,7.22626,-4.20212,217.52728,3.02339,76.81014,-14.30181,3.12179,0.13789,-0.4336,0.15805,-0.02494,0.00149,2.54126,64.1124,-20.25391,1.50524,-0.11281,-0.09435,0.06108,-0.01382,0.00107,0.66019,19.16743,2.51026,-1.03448,0.07928,0.09245,-0.03938,0.00633,-3.7e-4,NA,NA,NA,NA,NA,NA,NA,NA,NA,NA,NA,NA,NA,NA,NA,NA,NA,NA,NA,NA,NA,NA,High,High,High,High,Medium,NA,NA,NA,NA,NA,NA,NA,NA,NA,NA,NA,NA,NA,NA,NA,NA,NA,NA,NA,NA,NA,NA,NA,NA,NA,NA,NA,NA,NA,NA,NA,NA,NA,NA,NA,NA,NA,NA,NA,NA,NA,NA,NA,NA,NA,NA,NA,NA,NA,NA,NA,NA,NA,NA,NA,NA
NA,NA,NA,NA,NA,NA,NA,NA,NA,NA,NA,NA,NA,NA,NA,NA,204,2025-06-22,18:57:50,3,1,"Porche, Ryan",1000155092,Right,WLM_SHK,"Hausner, Anthony",1000136562,Left,HOL_SPR1,Undefined,6,Bottom,1,0,0,Fastball,Four-Seam,StrikeCalled,Undefined,Undefined,Undefined,0,0,NA,85.19523,-2.566733,-1.719309,2167.126629,207.618815,01:00:00,6.22542,1.43191,6.38544,-21.13946,16.86784,8.15737,2.09998,0.5296,77.70901,-6.585977,-0.241418,0.443716,NA,NA,NA,NA,NA,NA,NA,NA,NA,NA,NA,-4.7702,9.9439,-1.31173,50,6.03058,3.40532,-123.65104,-6.10828,-7.34284,25.98192,-16.86728,HOL_SPR1,WLM_SHK,TingStadium,CPL,CPL,20250622-TingStadium-1,52c82620-4fbc-11f0-94df-5159efd1a280,84.94723,NA,NA,7.48622,NA,NA,NA,NA,NA,NA,7a202cac-ef26-47e8-8964-ed2f034dc92d,2025-06-22,22:57:50,2025-06-22T22:57:50Z,2025-06-22T22:57:50Z,NA,v3,NA,NA,NA,"Paulick, Jake",1000093630,Right,WLM_SHK,be08ab3c-dcb6-4d46-bbdb-18339a7d1cdb,54.11514,-124.51272,12.99096,6.22388,-5.54889,-8.43364,-1.4287,3.64885,-3.67142,NA,NA,NA,NA,NA,NA,NA,NA,NA,NA,NA,NA,NA,NA,NA,NA,NA,NA,NA,NA,NA,NA,NA,NA,NA,NA,NA,NA,NA,NA,NA,NA,NA,NA,NA,NA,NA,NA,NA,NA,NA,NA,NA,NA,NA,NA,NA,NA,NA,NA,High,High,High,NA,NA,NA,NA,NA,NA,NA,NA,NA,NA,NA,NA,NA,NA,NA,NA,NA,NA,NA,NA,NA,NA,NA,NA,NA,NA,NA,NA,NA,NA,NA,NA,NA,NA,NA,NA,NA,NA,NA,NA,NA,NA,NA,NA,NA,NA,NA,NA,NA,NA,NA,NA,NA,NA,NA,NA,NA,NA
NA,NA,NA,NA,NA,NA,NA,NA,NA,NA,NA,NA,NA,NA,NA,NA,205,2025-06-22,18:58:07,3,2,"Porche, Ryan",1000155092,Right,WLM_SHK,"Hausner, Anthony",1000136562,Left,HOL_SPR1,Undefined,6,Bottom,1,0,1,Slider,Slider,StrikeCalled,Undefined,Undefined,Undefined,0,0,NA,75.993,1.131774,-0.467425,2223.196414,87.621387,09:00:00,5.86083,1.89276,5.515,-47.96518,1.47382,-4.51516,2.92224,1.07939,69.26522,-7.668244,-1.27286,0.506065,NA,NA,NA,NA,NA,NA,NA,NA,NA,NA,NA,2.1276,0.92465,-1.84893,50,5.92758,1.07246,-110.24608,0.63131,2.59617,21.16008,-31.04574,HOL_SPR1,WLM_SHK,TingStadium,CPL,CPL,20250622-TingStadium-1,5cea72c0-4fbc-11f0-94df-5159efd1a280,74.48142,NA,NA,6.72778,NA,NA,NA,NA,NA,NA,7a202cac-ef26-47e8-8964-ed2f034dc92d,2025-06-22,22:58:07,2025-06-22T22:58:07Z,2025-06-22T22:58:07Z,NA,v3,NA,NA,NA,"Paulick, Jake",1000093630,Right,WLM_SHK,ac3a540c-e34f-4108-9218-4c423263fb8d,54.98505,-111.19877,10.58004,5.86769,2.02907,-15.52287,-1.89459,0.95558,1.29808,NA,NA,NA,NA,NA,NA,NA,NA,NA,NA,NA,NA,NA,NA,NA,NA,NA,NA,NA,NA,NA,NA,NA,NA,NA,NA,NA,NA,NA,NA,NA,NA,NA,NA,NA,NA,NA,NA,NA,NA,NA,NA,NA,NA,NA,NA,NA,NA,NA,NA,High,High,High,NA,NA,NA,NA,NA,NA,NA,NA,NA,NA,NA,NA,NA,NA,NA,NA,NA,NA,NA,NA,NA,NA,NA,NA,NA,NA,NA,NA,NA,NA,NA,NA,NA,NA,NA,NA,NA,NA,NA,NA,NA,NA,NA,NA,NA,NA,NA,NA,NA,NA,NA,NA,NA,NA,NA,NA,NA,NA
NA,NA,NA,NA,NA,NA,NA,NA,NA,NA,NA,NA,NA,NA,NA,NA,206,2025-06-22,18:58:26,3,3,"Porche, Ryan",1000155092,Right,WLM_SHK,"Hausner, Anthony",1000136562,Left,HOL_SPR1,Undefined,6,Bottom,1,0,2,Fastball,Changeup,BallCalled,Undefined,Undefined,Undefined,0,0,NA,77.85976,-1.451703,-1.559258,1876.41707,239.017561,02:00:00,5.64065,2.13914,5.68824,-36.48222,10.37796,14.58765,1.24657,1.90107,70.99948,-8.19654,1.05238,0.492689,NA,NA,NA,NA,NA,NA,NA,NA,NA,NA,NA,-7.87296,6.20268,-2.01714,50,5.49583,2.51696,-112.91944,-3.98359,-10.07075,22.34514,-24.23986,HOL_SPR1,WLM_SHK,TingStadium,CPL,CPL,20250622-TingStadium-1,68927500-4fbc-11f0-94df-5159efd1a280,76.50344,NA,NA,6.86029,NA,NA,NA,NA,NA,NA,7a202cac-ef26-47e8-8964-ed2f034dc92d,2025-06-22,22:58:26,2025-06-22T22:58:26Z,2025-06-22T22:58:26Z,NA,v3,NA,NA,NA,"Paulick, Jake",1000093630,Right,WLM_SHK,dae6237a-34ad-448b-92cd-0a4a51337b9b,54.81155,-113.86759,11.17257,5.64304,-2.95504,-12.11993,-2.13301,2.94428,-5.03537,NA,NA,NA,NA,NA,NA,NA,NA,NA,NA,NA,NA,NA,NA,NA,NA,NA,NA,NA,NA,NA,NA,NA,NA,NA,NA,NA,NA,NA,NA,NA,NA,NA,NA,NA,NA,NA,NA,NA,NA,NA,NA,NA,NA,NA,NA,NA,NA,NA,NA,High,High,High,NA,NA,NA,NA,NA,NA,NA,NA,NA,NA,NA,NA,NA,NA,NA,NA,NA,NA,NA,NA,NA,NA,NA,NA,NA,NA,NA,NA,NA,NA,NA,NA,NA,NA,NA,NA,NA,NA,NA,NA,NA,NA,NA,NA,NA,NA,NA,NA,NA,NA,NA,NA,NA,NA,NA,NA,NA,NA
NA,NA,NA,NA,NA,NA,NA,NA,NA,NA,NA,NA,NA,NA,NA,NA,207,2025-06-22,18:58:43,3,4,"Porche, Ryan",1000155092,Right,WLM_SHK,"Hausner, Anthony",1000136562,Left,HOL_SPR1,Undefined,6,Bottom,1,1,2,Slider,Curveball,BallCalled,Undefined,Undefined,Undefined,0,0,NA,76.52268,0.623319,0.353166,2223.341827,79.714375,08:45:00,5.96164,1.97595,6.21611,-47.35176,0.54205,-6.60626,2.59094,1.75136,69.22657,-8.191055,-0.841687,0.498094,NA,NA,NA,NA,NA,NA,NA,NA,NA,NA,NA,3.5104,0.65059,-1.9994,50,5.98557,-0.44634,-111.05659,-0.17956,4.30121,23.39755,-31.37691,HOL_SPR1,WLM_SHK,TingStadium,CPL,CPL,20250622-TingStadium-1,7294dd90-4fbc-11f0-94df-5159efd1a280,75.67339,NA,NA,7.2961,NA,NA,NA,NA,NA,NA,7a202cac-ef26-47e8-8964-ed2f034dc92d,2025-06-22,22:58:43,2025-06-22T22:58:43Z,2025-06-22T22:58:43Z,NA,v3,NA,NA,NA,"Paulick, Jake",1000093630,Right,WLM_SHK,ce0f5ab7-610c-4848-9148-c07742c36c79,54.28258,-111.95522,11.69878,5.96932,1.02553,-15.68845,-1.97908,-0.61154,2.1506,NA,NA,NA,NA,NA,NA,NA,NA,NA,NA,NA,NA,NA,NA,NA,NA,NA,NA,NA,NA,NA,NA,NA,NA,NA,NA,NA,NA,75.73562,NA,0.794419,NA,-1.19283,2.20414,-1.71167,0.3701,6.43243,-0.07955,NA,NA,NA,0.43372,109.96752,-9.30721,6.43894,4.32503,-11.13503,-0.10444,-5.41527,2.90098,High,High,High,NA,NA,High,Medium,Low,NA,NA,NA,NA,NA,NA,NA,NA,NA,NA,NA,NA,NA,NA,NA,NA,NA,NA,NA,NA,NA,NA,NA,NA,NA,NA,NA,NA,NA,NA,NA,NA,NA,NA,NA,NA,NA,NA,NA,NA,NA,NA,NA,NA,NA,NA,NA,NA,NA,NA,NA,NA,NA
NA,NA,NA,NA,NA,NA,NA,NA,NA,NA,NA,NA,NA,NA,NA,NA,208,2025-06-22,18:59:12,3,5,"Porche, Ryan",1000155092,Right,WLM_SHK,"Hausner, Anthony",1000136562,Left,HOL_SPR1,Undefined,6,Bottom,1,2,2,Fastball,Four-Seam,FoulBallNotFieldable,Undefined,Undefined,Undefined,0,0,NA,84.38366,-2.994899,-0.886374,2201.022768,207.188765,01:00:00,6.22894,1.17236,6.13482,-19.73832,19.66576,9.37249,1.81307,1.13407,76.44364,-6.76357,0.80423,0.451796,58.39075,34.899077,-138.519129,7510.231597,NA,NA,NA,NA,34.32888,NA,NA,-5.1389,11.53418,-1.10951,50,5.98989,1.53058,-122.33339,-6.92112,-7.68434,27.11672,-14.92662,HOL_SPR1,WLM_SHK,TingStadium,CPL,CPL,20250622-TingStadium-1,84052120-4fbc-11f0-94df-5159efd1a280,83.42806,20.68801,NA,7.94002,NA,NA,NA,2.69638,1.79068,-0.94773,7a202cac-ef26-47e8-8964-ed2f034dc92d,2025-06-22,22:59:12,2025-06-22T22:59:12Z,2025-06-22T22:59:12Z,NA,v3,NA,NA,NA,"Paulick, Jake",1000093630,Right,WLM_SHK,e88772d1-6fa2-4783-b983-b31dcda84ca2,54.36499,-123.29715,13.55836,6.22645,-6.39061,-7.46331,-1.16876,1.80369,-3.84217,NA,2.69638,-52.62091,0.02286,1.70284,-0.64975,0.1946,-0.0503,0.01348,-0.00252,1.79068,48.99723,-27.62558,3.49084,-0.70687,0.11854,-0.01729,-2.2e-4,0.00132,-0.94773,-46.52374,11.95066,-2.91254,0.66326,-0.12538,0.0243,-0.00293,-2.4e-4,NA,NA,NA,NA,NA,NA,NA,NA,NA,NA,NA,NA,NA,NA,NA,NA,NA,NA,NA,NA,NA,NA,High,High,High,High,Undefined,NA,NA,NA,NA,NA,NA,NA,NA,NA,NA,NA,NA,NA,NA,NA,NA,NA,NA,NA,NA,NA,NA,NA,NA,NA,NA,NA,NA,NA,NA,NA,NA,NA,NA,NA,NA,NA,NA,NA,NA,NA,NA,NA,NA,NA,NA,NA,NA,NA,NA,NA,NA,NA,NA,NA,NA
NA,NA,NA,NA,NA,NA,NA,NA,NA,NA,NA,NA,NA,NA,NA,NA,209,2025-06-22,18:59:35,3,6,"Porche, Ryan",1000155092,Right,WLM_SHK,"Hausner, Anthony",1000136562,Left,HOL_SPR1,Undefined,6,Bottom,1,2,2,Slider,Slider,BallCalled,Undefined,Undefined,Undefined,0,0,NA,76.20541,1.564548,-0.872448,2117.221663,118.199074,10:00:00,5.99166,1.82615,5.27734,-46.98203,4.15618,-3.66339,3.54653,0.70136,67.36256,-7.127381,-1.522529,0.514688,NA,NA,NA,NA,NA,NA,NA,NA,NA,NA,NA,1.46473,2.14823,-1.74375,50,6.10121,1.82688,-110.06473,1.45762,1.72886,26.40633,-29.63845,HOL_SPR1,WLM_SHK,TingStadium,CPL,CPL,20250622-TingStadium-1,919ff2b0-4fbc-11f0-94df-5159efd1a280,73.23355,NA,NA,8.84285,NA,NA,NA,NA,NA,NA,7a202cac-ef26-47e8-8964-ed2f034dc92d,2025-06-22,22:59:35,2025-06-22T22:59:35Z,2025-06-22T22:59:35Z,NA,v3,NA,NA,NA,"Paulick, Jake",1000093630,Right,WLM_SHK,a6e632b5-9f99-4ee6-bf08-285ecc6b4c53,55.21568,-111.30902,13.20316,5.99962,2.85421,-14.81923,-1.82791,1.74541,0.86443,NA,NA,NA,NA,NA,NA,NA,NA,NA,NA,NA,NA,NA,NA,NA,NA,NA,NA,NA,NA,NA,NA,NA,NA,NA,NA,NA,NA,NA,NA,NA,NA,NA,NA,NA,NA,NA,NA,NA,NA,NA,NA,NA,NA,NA,NA,NA,NA,NA,NA,High,High,High,NA,NA,NA,NA,NA,NA,NA,NA,NA,NA,NA,NA,NA,NA,NA,NA,NA,NA,NA,NA,NA,NA,NA,NA,NA,NA,NA,NA,NA,NA,NA,NA,NA,NA,NA,NA,NA,NA,NA,NA,NA,NA,NA,NA,NA,NA,NA,NA,NA,NA,NA,NA,NA,NA,NA,NA,NA,NA
NA,NA,NA,NA,NA,NA,NA,NA,NA,NA,NA,NA,NA,NA,NA,NA,210,2025-06-22,18:59:56,3,7,"Porche, Ryan",1000155092,Right,WLM_SHK,"Hausner, Anthony",1000136562,Left,HOL_SPR1,Undefined,6,Bottom,1,3,2,Fastball,Cutter,InPlay,Undefined,GroundBall,Out,1,0,NA,83.66004,-1.786944,-0.674139,2068.279899,176.43643,12:00:00,6.12121,1.38816,6.70966,-23.04308,16.02536,-0.91331,2.56659,0.69569,75.93914,-6.199008,-0.840687,0.449867,76.07964,-4.798297,34.993731,NA,NA,NA,NA,22.19154,21.65894,28.612028,0.189564,0.27425,9.43784,-1.34312,50,5.99345,1.46187,-121.54334,-4.36237,0.40517,26.57162,-18.23059,HOL_SPR1,WLM_SHK,TingStadium,CPL,CPL,20250622-TingStadium-1,9e1c0dd0-4fbc-11f0-94df-5159efd1a280,83.78569,2.62246,NA,7.72091,NA,NA,NA,2.78047,2.62246,-0.77585,7a202cac-ef26-47e8-8964-ed2f034dc92d,2025-06-22,22:59:56,2025-06-22T22:59:56Z,2025-06-22T22:59:56Z,GroundBall,v3,NA,NA,NA,"Paulick, Jake",1000093630,Right,WLM_SHK,31b19bcd-c46c-4f10-a2ec-7ac6c919e0b4,53.79104,-122.36933,13.28581,6.12025,-3.79567,-9.1153,-1.38836,1.44928,0.20259,39.646064,2.78115,91.04292,-15.54677,NA,NA,NA,NA,NA,NA,2.62419,-9.45543,-23.19401,NA,NA,NA,NA,NA,NA,-0.77441,63.66646,-18.61228,NA,NA,NA,NA,NA,NA,NA,NA,NA,NA,NA,NA,NA,NA,NA,NA,NA,NA,NA,NA,NA,NA,NA,NA,NA,NA,NA,NA,High,High,High,Medium,Medium,NA,NA,NA,NA,NA,NA,NA,NA,NA,NA,NA,NA,NA,NA,NA,NA,NA,NA,NA,NA,NA,NA,NA,NA,NA,NA,NA,NA,NA,NA,NA,NA,NA,NA,NA,NA,NA,NA,NA,NA,NA,NA,NA,NA,NA,NA,NA,NA,NA,NA,NA,NA,NA,NA,NA,NA
NA,NA,NA,NA,NA,NA,NA,NA,NA,NA,NA,NA,NA,NA,NA,NA,211,2025-06-22,19:00:31,4,1,"Porche, Ryan",1000155092,Right,WLM_SHK,"McCoy, Parker",815497,Right,HOL_SPR1,Undefined,6,Bottom,2,0,0,Fastball,Cutter,BallCalled,Undefined,Undefined,Undefined,0,0,NA,85.17315,-1.756075,0.375243,2117.436328,198.985836,12:45:00,6.31927,1.12944,6.25419,-25.07529,13.09379,4.06847,2.60966,1.81453,77.70927,-6.478187,1.11096,0.444659,NA,NA,NA,NA,NA,NA,NA,NA,NA,NA,NA,-1.99291,7.6978,-1.15918,50,6.1765,-0.96844,-123.68589,-4.52002,-3.06953,25.98982,-20.31771,HOL_SPR1,WLM_SHK,TingStadium,CPL,CPL,20250622-TingStadium-1,b30599a0-4fbc-11f0-94df-5159efd1a280,84.76703,NA,NA,7.46389,NA,NA,NA,NA,NA,NA,7a202cac-ef26-47e8-8964-ed2f034dc92d,2025-06-22,23:00:31,2025-06-22T23:00:31Z,2025-06-22T23:00:31Z,NA,v3,NA,NA,NA,"Paulick, Jake",1000093630,Right,WLM_SHK,6df51616-5fc1-4219-94ee-efb49c7aa9b5,54.24511,-124.57471,12.99491,6.3192,-3.82518,-10.15886,-1.12785,-0.86346,-1.53477,NA,NA,NA,NA,NA,NA,NA,NA,NA,NA,NA,NA,NA,NA,NA,NA,NA,NA,NA,NA,NA,NA,NA,NA,NA,NA,NA,NA,NA,NA,NA,NA,NA,NA,NA,NA,NA,NA,NA,NA,NA,NA,NA,NA,NA,NA,NA,NA,NA,NA,High,High,High,NA,NA,NA,NA,NA,NA,NA,NA,NA,NA,NA,NA,NA,NA,NA,NA,NA,NA,NA,NA,NA,NA,NA,NA,NA,NA,NA,NA,NA,NA,NA,NA,NA,NA,NA,NA,NA,NA,NA,NA,NA,NA,NA,NA,NA,NA,NA,NA,NA,NA,NA,NA,NA,NA,NA,NA,NA,NA
NA,NA,NA,NA,NA,NA,NA,NA,NA,NA,NA,NA,NA,NA,NA,NA,212,2025-06-22,19:00:49,4,2,"Porche, Ryan",1000155092,Right,WLM_SHK,"McCoy, Parker",815497,Right,HOL_SPR1,Undefined,6,Bottom,2,1,0,Fastball,Four-Seam,InPlay,Undefined,GroundBall,Out,1,0,NA,85.21959,-2.448039,-2.254721,2172.869688,216.297771,01:15:00,6.183,1.30529,6.50403,-23.21954,14.51906,9.75575,1.99801,0.04772,77.94011,-6.844375,-0.483647,0.442145,64.52435,-18.885298,-55.518151,NA,NA,NA,NA,8.97285,8.83868,-34.308722,0.07133,-5.81138,8.70024,-1.15178,50,6.00137,4.52015,-123.73277,-5.92276,-8.97386,25.59427,-18.73927,HOL_SPR1,WLM_SHK,TingStadium,CPL,CPL,20250622-TingStadium-1,bda6b330-4fbc-11f0-94df-5159efd1a280,85.24913,2.19292,NA,7.27948,NA,NA,NA,3.7825,2.19292,0.22652,7a202cac-ef26-47e8-8964-ed2f034dc92d,2025-06-22,23:00:49,2025-06-22T23:00:49Z,2025-06-22T23:00:49Z,GroundBall,v3,NA,NA,NA,"Paulick, Jake",1000093630,Right,WLM_SHK,4c5598be-a826-4151-93f4-907d06037125,53.99817,-124.55705,12.79714,6.1824,-5.31925,-9.36963,-1.302,4.80916,-4.48693,180,3.78037,50.87919,NA,NA,NA,NA,NA,NA,NA,2.19421,-30.74345,NA,NA,NA,NA,NA,NA,NA,0.22963,-74.07994,NA,NA,NA,NA,NA,NA,NA,NA,NA,NA,NA,NA,NA,NA,NA,NA,NA,NA,NA,NA,NA,NA,NA,NA,NA,NA,NA,NA,NA,High,High,High,Low,Low,NA,NA,NA,NA,NA,NA,NA,NA,NA,NA,NA,NA,NA,NA,NA,NA,NA,NA,NA,NA,NA,NA,NA,NA,NA,NA,NA,NA,NA,NA,NA,NA,NA,NA,NA,NA,NA,NA,NA,NA,NA,NA,NA,NA,NA,NA,NA,NA,NA,NA,NA,NA,NA,NA,NA,NA
NA,NA,NA,NA,NA,NA,NA,NA,NA,NA,NA,NA,NA,NA,NA,NA,213,2025-06-22,19:04:01,1,1,"Kirby, Jacob",823707,Right,HOL_SPR1,"Paulick, Jake",1000093630,Right,WLM_SHK,Undefined,7,Top,0,0,0,Fastball,Sinker,StrikeCalled,Undefined,Undefined,Undefined,0,0,NA,88.49175,-1.117112,-2.720179,2278.950014,242.996671,02:00:00,6.199,1.6376,5.23463,-25.76301,10.98217,19.16347,3.00068,0.67567,80.63451,-5.873329,0.67575,0.436286,NA,NA,NA,NA,NA,NA,NA,NA,NA,NA,NA,-10.39493,6.163,-1.4021,50,6.07709,5.23119,-128.27714,-3.44396,-17.25745,27.43643,-21.94234,HOL_SPR1,WLM_SHK,TingStadium,CPL,CPL,20250622-TingStadium-1,3014fb20-4fbd-11f0-94df-5159efd1a280,86.39383,NA,NA,7.85723,NA,NA,NA,NA,NA,NA,7a202cac-ef26-47e8-8964-ed2f034dc92d,2025-06-22,23:04:01,2025-06-22T23:04:01Z,2025-06-22T23:04:01Z,NA,v3,NA,NA,NA,"Bonn, Preston",827396,Right,HOL_SPR1,b8a3330e-056c-4e53-932b-5dd70ee0b5d8,55.26746,-129.39886,13.71822,6.19956,-2.54686,-10.97117,-1.6304,5.93675,-8.62873,NA,NA,NA,NA,NA,NA,NA,NA,NA,NA,NA,NA,NA,NA,NA,NA,NA,NA,NA,NA,NA,NA,NA,NA,NA,NA,NA,NA,NA,NA,NA,NA,NA,NA,NA,NA,NA,NA,NA,NA,NA,NA,NA,NA,NA,NA,NA,NA,NA,NA,High,High,High,NA,NA,NA,NA,NA,NA,NA,NA,NA,NA,NA,NA,NA,NA,NA,NA,NA,NA,NA,NA,NA,NA,NA,NA,NA,NA,NA,NA,NA,NA,NA,NA,NA,NA,NA,NA,NA,NA,NA,NA,NA,NA,NA,NA,NA,NA,NA,NA,NA,NA,NA,NA,NA,NA,NA,NA,NA,NA
NA,NA,NA,NA,NA,NA,NA,NA,NA,NA,NA,NA,NA,NA,NA,NA,214,2025-06-22,19:04:17,1,2,"Kirby, Jacob",823707,Right,HOL_SPR1,"Paulick, Jake",1000093630,Right,WLM_SHK,Undefined,7,Top,0,0,1,Fastball,Four-Seam,BallCalled,Undefined,Undefined,Undefined,0,0,NA,87.34931,-4.210907,-3.700945,2284.462711,206.659545,01:00:00,6.25508,1.52074,5.3567,-18.99611,18.91934,8.83,0.7074,-1.21926,79.49551,-7.763785,-2.136031,0.44318,NA,NA,NA,NA,NA,NA,NA,NA,NA,NA,NA,-5.52544,11.13276,-1.19401,50,5.86188,7.76783,-126.11862,-9.9102,-8.84559,27.10065,-14.35185,HOL_SPR1,WLM_SHK,TingStadium,CPL,CPL,20250622-TingStadium-1,39bf3190-4fbd-11f0-94df-5159efd1a280,85.05005,NA,NA,7.8538,NA,NA,NA,NA,NA,NA,7a202cac-ef26-47e8-8964-ed2f034dc92d,2025-06-22,23:04:17,2025-06-22T23:04:17Z,2025-06-22T23:04:17Z,NA,v3,NA,NA,NA,"Bonn, Preston",827396,Right,HOL_SPR1,453240b3-a188-4b02-8fa5-e7f34f1e7833,55.143,-127.21896,13.55033,6.25242,-9.32749,-7.17592,-1.51669,8.12698,-4.4228,NA,NA,NA,NA,NA,NA,NA,NA,NA,NA,NA,NA,NA,NA,NA,NA,NA,NA,NA,NA,NA,NA,NA,NA,NA,NA,NA,NA,NA,NA,NA,NA,NA,NA,NA,NA,NA,NA,NA,NA,NA,NA,NA,NA,NA,NA,NA,NA,NA,NA,High,High,High,NA,NA,NA,NA,NA,NA,NA,NA,NA,NA,NA,NA,NA,NA,NA,NA,NA,NA,NA,NA,NA,NA,NA,NA,NA,NA,NA,NA,NA,NA,NA,NA,NA,NA,NA,NA,NA,NA,NA,NA,NA,NA,NA,NA,NA,NA,NA,NA,NA,NA,NA,NA,NA,NA,NA,NA,NA,NA
NA,NA,NA,NA,NA,NA,NA,NA,NA,NA,NA,NA,NA,NA,NA,NA,215,2025-06-22,19:04:34,1,3,"Kirby, Jacob",823707,Right,HOL_SPR1,"Paulick, Jake",1000093630,Right,WLM_SHK,Undefined,7,Top,0,1,1,Fastball,Four-Seam,StrikeCalled,Undefined,Undefined,Undefined,0,0,NA,86.98537,-2.274081,-3.699739,2232.22421,224.121405,01:30:00,6.21463,1.64536,5.29684,-25.18033,13.03461,11.35335,1.97552,-0.8871,79.04843,-6.933893,-1.688823,0.444926,NA,NA,NA,NA,NA,NA,NA,NA,NA,NA,NA,-6.75989,7.59374,-1.31682,50,5.98925,7.62462,-125.80242,-5.88542,-10.75828,27.16988,-20.08869,HOL_SPR1,WLM_SHK,TingStadium,CPL,CPL,20250622-TingStadium-1,438b20d0-4fbd-11f0-94df-5159efd1a280,84.71619,NA,NA,7.93695,NA,NA,NA,NA,NA,NA,7a202cac-ef26-47e8-8964-ed2f034dc92d,2025-06-22,23:04:34,2025-06-22T23:04:34Z,2025-06-22T23:04:34Z,NA,v3,NA,NA,NA,"Bonn, Preston",827396,Right,HOL_SPR1,28ee91f4-667a-4969-bc3b-0f5a5e494fc9,55.20218,-126.92097,13.58494,6.21452,-5.05839,-10.04435,-1.63984,8.06753,-5.37914,NA,NA,NA,NA,NA,NA,NA,NA,NA,NA,NA,NA,NA,NA,NA,NA,NA,NA,NA,NA,NA,NA,NA,NA,NA,NA,NA,NA,NA,NA,NA,NA,NA,NA,NA,NA,NA,NA,NA,NA,NA,NA,NA,NA,NA,NA,NA,NA,NA,NA,High,High,High,NA,NA,NA,NA,NA,NA,NA,NA,NA,NA,NA,NA,NA,NA,NA,NA,NA,NA,NA,NA,NA,NA,NA,NA,NA,NA,NA,NA,NA,NA,NA,NA,NA,NA,NA,NA,NA,NA,NA,NA,NA,NA,NA,NA,NA,NA,NA,NA,NA,NA,NA,NA,NA,NA,NA,NA,NA,NA
NA,NA,NA,NA,NA,NA,NA,NA,NA,NA,NA,NA,NA,NA,NA,NA,216,2025-06-22,19:04:52,1,4,"Kirby, Jacob",823707,Right,HOL_SPR1,"Paulick, Jake",1000093630,Right,WLM_SHK,Undefined,7,Top,0,1,2,Curveball,Curveball,FoulBallNotFieldable,Undefined,Undefined,Undefined,0,0,NA,76.76013,0.024169,-1.395443,2781.458967,56.743118,08:00:00,6.10157,1.78901,5.24324,-51.58889,-2.84138,-6.70741,1.82522,-0.0817,70.57775,-9.320643,-2.586927,0.502513,60.27672,28.7295,158.987758,3182.55566,NA,NA,NA,136.09789,60.4946,161.107829,2.048173,2.98311,-1.06543,-1.65542,50,6.06494,2.97039,-111.40859,-1.69767,3.73073,20.9392,-33.5065,HOL_SPR1,WLM_SHK,TingStadium,CPL,CPL,20250622-TingStadium-1,4e890060-4fbd-11f0-94df-5159efd1a280,75.00782,21.78349,NA,6.18238,NA,NA,NA,3.18586,2.04264,-0.00248,7a202cac-ef26-47e8-8964-ed2f034dc92d,2025-06-22,23:04:52,2025-06-22T23:04:52Z,2025-06-22T23:04:52Z,LineDrive,v3,NA,NA,NA,"Bonn, Preston",827396,Right,HOL_SPR1,a5032d48-d5e9-445f-8aab-fea139f97dd2,55.26039,-112.39293,10.4696,6.10772,-0.12255,-16.75325,-1.79093,2.79501,1.86536,332.562691,3.18584,-72.36601,3.72674,0.23242,-0.36167,0.3725,-0.22578,0.07564,-0.01032,2.04263,42.49531,-24.91917,2.66168,-0.71439,0.29517,-0.12954,0.03456,-0.00369,-0.00248,27.79777,-4.8855,1.36888,-0.45734,0.24938,-0.1216,0.03314,-0.00357,NA,NA,NA,NA,NA,NA,NA,NA,NA,NA,NA,NA,NA,NA,NA,NA,NA,NA,NA,NA,NA,NA,High,High,High,High,Medium,NA,NA,NA,NA,NA,NA,NA,NA,NA,NA,NA,NA,NA,NA,NA,NA,NA,NA,NA,NA,NA,NA,NA,NA,NA,NA,NA,NA,NA,NA,NA,NA,NA,NA,NA,NA,NA,NA,NA,NA,NA,NA,NA,NA,NA,NA,NA,NA,NA,NA,NA,NA,NA,NA,NA,NA
NA,NA,NA,NA,NA,NA,NA,NA,NA,NA,NA,NA,NA,NA,NA,NA,217,2025-06-22,19:05:16,1,5,"Kirby, Jacob",823707,Right,HOL_SPR1,"Paulick, Jake",1000093630,Right,WLM_SHK,Undefined,7,Top,0,1,2,Curveball,Curveball,BallCalled,Undefined,Undefined,Undefined,0,0,NA,72.74545,0.210524,-1.277102,2664.392648,56.997774,08:00:00,6.24155,1.63511,4.58631,-66.34956,-10.44461,-18.89151,0.91275,-1.15431,67.06555,-11.590284,-4.597507,0.538141,NA,NA,NA,NA,NA,NA,NA,NA,NA,NA,NA,8.91032,-4.74256,-1.48427,50,6.20089,3.091,-105.47954,-1.9557,9.9314,19.72836,-37.46011,HOL_SPR1,WLM_SHK,TingStadium,CPL,CPL,20250622-TingStadium-1,5cb45220-4fbd-11f0-94df-5159efd1a280,70.04189,NA,NA,5.67989,NA,NA,NA,NA,NA,NA,7a202cac-ef26-47e8-8964-ed2f034dc92d,2025-06-22,23:05:16,2025-06-22T23:05:16Z,2025-06-22T23:05:16Z,NA,v3,NA,NA,NA,"Bonn, Preston",827396,Right,HOL_SPR1,7bd39d95-0031-427e-9d51-7ded1cda2077,55.91957,-106.58095,9.86418,6.2517,0.13566,-18.73006,-1.64136,2.53654,4.9657,NA,NA,NA,NA,NA,NA,NA,NA,NA,NA,NA,NA,NA,NA,NA,NA,NA,NA,NA,NA,NA,NA,NA,NA,NA,NA,NA,NA,NA,NA,NA,NA,NA,NA,NA,NA,NA,NA,NA,NA,NA,NA,NA,NA,NA,NA,NA,NA,NA,NA,High,High,High,NA,NA,NA,NA,NA,NA,NA,NA,NA,NA,NA,NA,NA,NA,NA,NA,NA,NA,NA,NA,NA,NA,NA,NA,NA,NA,NA,NA,NA,NA,NA,NA,NA,NA,NA,NA,NA,NA,NA,NA,NA,NA,NA,NA,NA,NA,NA,NA,NA,NA,NA,NA,NA,NA,NA,NA,NA,NA
NA,NA,NA,NA,NA,NA,NA,NA,NA,NA,NA,NA,NA,NA,NA,NA,218,2025-06-22,19:05:35,1,6,"Kirby, Jacob",823707,Right,HOL_SPR1,"Paulick, Jake",1000093630,Right,WLM_SHK,Undefined,7,Top,0,2,2,Curveball,Curveball,StrikeSwinging,Strikeout,Undefined,Undefined,0,0,NA,72.58021,0.85464,-1.169542,2788.014497,53.171143,07:45:00,6.28245,1.61666,4.63715,-68.91803,-12.7191,-19.49013,1.35179,-1.11923,66.68812,-11.429808,-4.597724,0.539555,NA,NA,NA,NA,NA,NA,NA,NA,NA,NA,NA,9.22394,-6.03874,-1.47772,50,6.30626,2.91089,-105.22451,-0.85724,10.20166,20.11037,-38.85289,HOL_SPR1,WLM_SHK,TingStadium,CPL,CPL,20250622-TingStadium-1,67dd8770-4fbd-11f0-94df-5159efd1a280,69.85842,NA,NA,5.89209,NA,NA,NA,NA,NA,NA,7a202cac-ef26-47e8-8964-ed2f034dc92d,2025-06-22,23:05:35,2025-06-22T23:05:35Z,2025-06-22T23:05:35Z,NA,v3,NA,NA,NA,"Bonn, Preston",827396,Right,HOL_SPR1,040ec889-0483-458b-92f2-6b98223e236b,55.86903,-106.34028,10.05518,6.29402,1.2984,-19.42644,-1.62352,2.34488,5.10083,NA,NA,NA,NA,NA,NA,NA,NA,NA,NA,NA,NA,NA,NA,NA,NA,NA,NA,NA,NA,NA,NA,NA,NA,NA,NA,NA,NA,65.28587,NA,NA,1.01709,NA,NA,NA,-0.11983,5.16222,-1.75831,67.39813,9.81187,-57.41101,-0.08993,70.4705,-4.03765,5.23537,20.96861,-16.16624,-1.81542,-60.02877,5.25848,High,High,High,NA,NA,High,High,High,NA,NA,NA,NA,NA,NA,NA,NA,NA,NA,NA,NA,NA,NA,NA,NA,NA,NA,NA,NA,NA,NA,NA,NA,NA,NA,NA,NA,NA,NA,NA,NA,NA,NA,NA,NA,NA,NA,NA,NA,NA,NA,NA,NA,NA,NA,NA,NA,NA,NA,NA,NA,NA
NA,NA,NA,NA,NA,NA,NA,NA,NA,NA,NA,NA,NA,NA,NA,NA,219,2025-06-22,19:06:11,2,1,"Kirby, Jacob",823707,Right,HOL_SPR1,"Carlo IV, Randy",1000091510,Right,WLM_SHK,Undefined,7,Top,1,0,0,Curveball,Curveball,StrikeCalled,Undefined,Undefined,Undefined,0,0,NA,71.81536,2.140476,-0.144673,2515.658201,51.68003,07:45:00,6.28753,1.46705,4.92899,-68.0872,-11.70355,-17.06564,2.63801,-0.09185,66.0957,-10.09484,-3.159756,0.540441,NA,NA,NA,NA,NA,NA,NA,NA,NA,NA,NA,8.40914,-5.91681,-1.43794,50,6.43883,0.91011,-104.20518,1.59288,9.19567,18.4064,-38.64427,HOL_SPR1,WLM_SHK,TingStadium,CPL,CPL,20250622-TingStadium-1,7d3df0f0-4fbd-11f0-94df-5159efd1a280,69.74389,NA,NA,5.71966,NA,NA,NA,NA,NA,NA,7a202cac-ef26-47e8-8964-ed2f034dc92d,2025-06-22,23:06:11,2025-06-22T23:06:11Z,2025-06-22T23:06:11Z,NA,v3,NA,NA,NA,"Bonn, Preston",827396,Right,HOL_SPR1,2678238c-58a0-4e63-9e68-df82a9d6be32,55.5774,-105.18573,9.2032,6.29914,3.65156,-19.32214,-1.47337,0.42024,4.59783,NA,NA,NA,NA,NA,NA,NA,NA,NA,NA,NA,NA,NA,NA,NA,NA,NA,NA,NA,NA,NA,NA,NA,NA,NA,NA,NA,NA,NA,NA,NA,NA,NA,NA,NA,NA,NA,NA,NA,NA,NA,NA,NA,NA,NA,NA,NA,NA,NA,NA,High,High,High,NA,NA,NA,NA,NA,NA,NA,NA,NA,NA,NA,NA,NA,NA,NA,NA,NA,NA,NA,NA,NA,NA,NA,NA,NA,NA,NA,NA,NA,NA,NA,NA,NA,NA,NA,NA,NA,NA,NA,NA,NA,NA,NA,NA,NA,NA,NA,NA,NA,NA,NA,NA,NA,NA,NA,NA,NA,NA
NA,NA,NA,NA,NA,NA,NA,NA,NA,NA,NA,NA,NA,NA,NA,NA,220,2025-06-22,19:06:28,2,2,"Kirby, Jacob",823707,Right,HOL_SPR1,"Carlo IV, Randy",1000091510,Right,WLM_SHK,Undefined,7,Top,1,0,1,Fastball,Four-Seam,StrikeSwinging,Undefined,Undefined,Undefined,0,0,NA,87.13557,-2.972624,-2.706966,2152.836856,220.370111,01:15:00,6.27131,1.59916,5.53181,-20.06182,17.0484,13.55048,1.81504,0.19598,80.42555,-6.704539,-0.293138,0.438448,NA,NA,NA,NA,NA,NA,NA,NA,NA,NA,NA,-7.6067,9.73489,-1.37342,50,5.99936,5.41166,-126.38075,-7.22374,-12.41139,23.62397,-16.29026,HOL_SPR1,WLM_SHK,TingStadium,CPL,CPL,20250622-TingStadium-1,875dcc90-4fbd-11f0-94df-5159efd1a280,85.96785,NA,NA,6.71002,NA,NA,NA,NA,NA,NA,7a202cac-ef26-47e8-8964-ed2f034dc92d,2025-06-22,23:06:28,2025-06-22T23:06:28Z,2025-06-22T23:06:28Z,NA,v3,NA,NA,NA,"Bonn, Preston",827396,Right,HOL_SPR1,8772fc84-fba2-4a93-9c12-a0ddee41a0cf,54.97176,-127.30672,11.81199,6.26998,-6.58523,-8.14513,-1.59507,5.89814,-6.2057,NA,NA,NA,NA,NA,NA,NA,NA,NA,NA,NA,NA,NA,NA,NA,NA,NA,NA,NA,NA,NA,NA,NA,NA,NA,NA,NA,NA,NA,NA,NA,NA,NA,NA,NA,NA,NA,NA,NA,NA,NA,NA,NA,NA,NA,NA,NA,NA,NA,NA,High,High,High,NA,NA,NA,NA,NA,NA,NA,NA,NA,NA,NA,NA,NA,NA,NA,NA,NA,NA,NA,NA,NA,NA,NA,NA,NA,NA,NA,NA,NA,NA,NA,NA,NA,NA,NA,NA,NA,NA,NA,NA,NA,NA,NA,NA,NA,NA,NA,NA,NA,NA,NA,NA,NA,NA,NA,NA,NA,NA
NA,NA,NA,NA,NA,NA,NA,NA,NA,NA,NA,NA,NA,NA,NA,NA,221,2025-06-22,19:06:46,2,3,"Kirby, Jacob",823707,Right,HOL_SPR1,"Carlo IV, Randy",1000091510,Right,WLM_SHK,Undefined,7,Top,1,0,2,Fastball,Sinker,FoulBallNotFieldable,Undefined,Undefined,Undefined,0,0,NA,88.12287,-0.881159,-3.050425,2211.127805,235.491462,01:45:00,6.20809,1.51799,5.40717,-23.76978,12.74737,16.92131,3.4004,0.06719,80.89219,-5.283877,-0.044473,0.43493,75.60053,24.732436,161.13497,3587.603516,-107.24335,25.42618,24.47116,181.91615,62.74234,171.526398,2.268063,-9.36048,6.98067,-1.25857,50,6.11302,6.07768,-127.86195,-2.80092,-15.57723,25.06962,-20.55712,HOL_SPR1,WLM_SHK,TingStadium,CPL,CPL,20250622-TingStadium-1,929532b0-4fbd-11f0-94df-5159efd1a280,86.66314,26.20442,NA,7.23068,NA,NA,NA,1.26886,3.30547,-0.10767,7a202cac-ef26-47e8-8964-ed2f034dc92d,2025-06-22,23:06:46,2025-06-22T23:06:46Z,2025-06-22T23:06:46Z,LineDrive,v3,NA,NA,NA,"Bonn, Preston",827396,Right,HOL_SPR1,7ca12a1e-27be-41d6-95d0-b7d2dafa1230,55.09583,-128.8572,12.53481,6.20802,-1.9848,-10.27856,-1.51213,6.69609,-7.78862,304.525478,1.26891,-95.30255,6.31135,0.35528,-0.11794,0.01787,-0.00093000000000000005,0.00547,-0.00168,3.30546,46.39077,-26.31312,3.40486,-0.77516,0.20596,-0.06044,0.01576,-0.00197,-0.10772,32.5659,-12.57619,2.39452,-0.62231,0.18272,-0.05212,0.00808,-1.3e-4,NA,NA,NA,NA,NA,NA,NA,NA,NA,NA,NA,NA,NA,NA,NA,NA,NA,NA,NA,NA,NA,NA,High,High,High,High,Medium,NA,NA,NA,NA,NA,NA,NA,NA,NA,NA,NA,NA,NA,NA,NA,NA,NA,NA,NA,NA,NA,NA,NA,NA,NA,NA,NA,NA,NA,NA,NA,NA,NA,NA,NA,NA,NA,NA,NA,NA,NA,NA,NA,NA,NA,NA,NA,NA,NA,NA,NA,NA,NA,NA,NA,NA
NA,NA,NA,NA,NA,NA,NA,NA,NA,NA,NA,NA,NA,NA,NA,NA,222,2025-06-22,19:07:09,2,4,"Kirby, Jacob",823707,Right,HOL_SPR1,"Carlo IV, Randy",1000091510,Right,WLM_SHK,Undefined,7,Top,1,0,2,Curveball,Curveball,InPlay,Undefined,GroundBall,Out,1,0,NA,74.59379,0.155796,-0.775962,2566.979743,54.867438,07:45:00,6.13323,1.56182,4.8904,-56.79948,-4.97311,-9.21182,1.54735,0.06006,69.3025,-10.022739,-2.403159,0.518139,NA,NA,NA,NA,NA,NA,NA,NA,NA,NA,NA,4.41099,-2.19595,-1.47738,50,6.09976,1.81856,-108.357,-1.66547,5.26724,18.15931,-34.79627,HOL_SPR1,WLM_SHK,TingStadium,CPL,CPL,20250622-TingStadium-1,a0569f10-4fbd-11f0-94df-5159efd1a280,72.74575,NA,NA,5.29129,NA,NA,NA,NA,NA,NA,7a202cac-ef26-47e8-8964-ed2f034dc92d,2025-06-22,23:07:09,2025-06-22T23:07:09Z,2025-06-22T23:07:09Z,NA,v3,NA,NA,NA,"Bonn, Preston",827396,Right,HOL_SPR1,ccb48dec-6f3f-4253-bf61-54125f14282f,55.61519,-109.29399,9.07966,6.13938,0.12996,-17.39814,-1.5642,1.54678,2.63362,NA,NA,NA,NA,NA,NA,NA,NA,NA,NA,NA,NA,NA,NA,NA,NA,NA,NA,NA,NA,NA,NA,NA,NA,NA,NA,NA,NA,NA,NA,NA,NA,NA,NA,NA,NA,NA,NA,NA,NA,NA,NA,NA,NA,NA,NA,NA,NA,NA,NA,High,High,High,NA,NA,NA,NA,NA,NA,NA,NA,NA,NA,NA,NA,NA,NA,NA,NA,NA,NA,NA,NA,NA,NA,NA,NA,NA,NA,NA,NA,NA,NA,NA,NA,NA,NA,NA,NA,NA,NA,NA,NA,NA,NA,NA,NA,NA,NA,NA,NA,NA,NA,NA,NA,NA,NA,NA,NA,NA,NA
NA,NA,NA,NA,NA,NA,NA,NA,NA,NA,NA,NA,NA,NA,NA,NA,223,2025-06-22,19:07:51,3,1,"Kirby, Jacob",823707,Right,HOL_SPR1,"Gilkerson, Cameron",1000209112,Left,WLM_SHK,Undefined,7,Top,2,0,0,Fastball,Four-Seam,InPlay,Undefined,GroundBall,Out,1,0,NA,87.54004,-1.373404,-3.062412,2098.506165,212.718606,01:00:00,6.22954,1.40321,5.4551,-22.73816,14.22245,8.41331,3.0469,-0.76529,80.42571,-5.592559,-1.56724,0.437563,52.87958,-22.765827,16.135427,NA,NA,NA,NA,8.34385,6.925,18.822731,0.098251,-5.07095,7.87619,-1.1389,50,6.09275,6.43285,-126.97676,-3.82242,-8.32289,24.70965,-19.24699,HOL_SPR1,WLM_SHK,TingStadium,CPL,CPL,20250622-TingStadium-1,b90681b0-4fbd-11f0-94df-5159efd1a280,86.14171,2.97089,NA,7.11433,NA,NA,NA,1.09721,2.97089,0.72468,7a202cac-ef26-47e8-8964-ed2f034dc92d,2025-06-22,23:07:51,2025-06-22T23:07:51Z,2025-06-22T23:07:51Z,GroundBall,v3,NA,NA,NA,"Bonn, Preston",827396,Right,HOL_SPR1,e9098041-78c1-4bab-920a-66a7d0e972f5,55.04705,-127.95514,12.35483,6.22901,-3.06033,-9.6235,-1.40013,6.7624,-4.16145,180,1.08904,69.21461,NA,NA,NA,NA,NA,NA,NA,2.97447,-30.23772,NA,NA,NA,NA,NA,NA,NA,0.72231,20.02414,NA,NA,NA,NA,NA,NA,NA,NA,NA,NA,NA,NA,NA,NA,NA,NA,NA,NA,NA,NA,NA,NA,NA,NA,NA,NA,NA,NA,NA,High,High,High,High,High,NA,NA,NA,NA,NA,NA,NA,NA,NA,NA,NA,NA,NA,NA,NA,NA,NA,NA,NA,NA,NA,NA,NA,NA,NA,NA,NA,NA,NA,NA,NA,NA,NA,NA,NA,NA,NA,NA,NA,NA,NA,NA,NA,NA,NA,NA,NA,NA,NA,NA,NA,NA,NA,NA,NA,NA
NA,NA,NA,NA,NA,NA,NA,NA,NA,NA,NA,NA,NA,NA,NA,NA,224,2025-06-22,19:10:43,1,1,"Braddy, Porter",1000277236,Left,WLM_SHK,"Prather, Ben",1000436478,Right,HOL_SPR1,Undefined,7,Bottom,0,0,0,Fastball,Changeup,BallCalled,Undefined,Undefined,Undefined,0,0,NA,85.12774,2.43138,5.984498,2090.026404,100.459382,09:15:00,4.28246,-3.33332,5.81231,-33.97459,4.80815,-19.75048,3.72598,0.6062,77.92193,-3.829146,2.475263,0.448219,NA,NA,NA,NA,NA,NA,NA,NA,NA,NA,NA,11.59012,2.18083,2.8529,50,4.46261,-12.09531,-123.04733,4.10735,17.91473,22.5449,-28.80316,HOL_SPR1,WLM_SHK,TingStadium,CPL,CPL,20250622-TingStadium-1,1fcd63a0-4fbe-11f0-94df-5159efd1a280,84.09375,NA,NA,7.20581,NA,NA,NA,NA,NA,NA,7a202cac-ef26-47e8-8964-ed2f034dc92d,2025-06-22,23:10:43,2025-06-22T23:10:43Z,2025-06-22T23:10:43Z,NA,v3,NA,NA,NA,"Manley, Nathan",1000093427,Right,WLM_SHK,4355dc1c-b8fc-43a0-ae4f-dbf9df1b2526,54.69142,-123.90392,11.27245,4.28577,5.20171,-14.40158,3.32538,-12.77597,8.95736,NA,NA,NA,NA,NA,NA,NA,NA,NA,NA,NA,NA,NA,NA,NA,NA,NA,NA,NA,NA,NA,NA,NA,NA,NA,NA,NA,NA,NA,NA,NA,NA,NA,NA,NA,NA,NA,NA,NA,NA,NA,NA,NA,NA,NA,NA,NA,NA,NA,NA,High,High,High,NA,NA,NA,NA,NA,NA,NA,NA,NA,NA,NA,NA,NA,NA,NA,NA,NA,NA,NA,NA,NA,NA,NA,NA,NA,NA,NA,NA,NA,NA,NA,NA,NA,NA,NA,NA,NA,NA,NA,NA,NA,NA,NA,NA,NA,NA,NA,NA,NA,NA,NA,NA,NA,NA,NA,NA,NA,NA
NA,NA,NA,NA,NA,NA,NA,NA,NA,NA,NA,NA,NA,NA,NA,NA,225,2025-06-22,19:10:59,1,2,"Braddy, Porter",1000277236,Left,WLM_SHK,"Prather, Ben",1000436478,Right,HOL_SPR1,Undefined,7,Bottom,0,1,0,Fastball,Changeup,StrikeCalled,Undefined,Undefined,Undefined,0,0,NA,84.70352,1.020791,5.277178,2145.356297,102.556303,09:30:00,4.25452,-3.19126,5.73966,-33.31659,5.83331,-20.89859,2.43283,-0.00485,77.72591,-5.120827,1.557911,0.450336,NA,NA,NA,NA,NA,NA,NA,NA,NA,NA,NA,11.99064,3.06047,2.76383,50,4.31929,-10.4784,-122.65885,1.06779,18.40521,22.54956,-27.47635,HOL_SPR1,WLM_SHK,TingStadium,CPL,CPL,20250622-TingStadium-1,28d391e0-4fbe-11f0-94df-5159efd1a280,83.69849,NA,NA,6.97762,NA,NA,NA,NA,NA,NA,7a202cac-ef26-47e8-8964-ed2f034dc92d,2025-06-22,23:10:59,2025-06-22T23:10:59Z,2025-06-22T23:10:59Z,NA,v3,NA,NA,NA,"Manley, Nathan",1000093427,Right,WLM_SHK,a7a5216f-3124-46ec-a51e-9c88da625897,54.76419,-123.53159,11.27478,4.25739,2.13121,-13.73817,3.18317,-11.19075,9.20261,NA,NA,NA,NA,NA,NA,NA,NA,NA,NA,NA,NA,NA,NA,NA,NA,NA,NA,NA,NA,NA,NA,NA,NA,NA,NA,NA,NA,NA,NA,NA,NA,NA,NA,NA,NA,NA,NA,NA,NA,NA,NA,NA,NA,NA,NA,NA,NA,NA,NA,High,High,High,NA,NA,NA,NA,NA,NA,NA,NA,NA,NA,NA,NA,NA,NA,NA,NA,NA,NA,NA,NA,NA,NA,NA,NA,NA,NA,NA,NA,NA,NA,NA,NA,NA,NA,NA,NA,NA,NA,NA,NA,NA,NA,NA,NA,NA,NA,NA,NA,NA,NA,NA,NA,NA,NA,NA,NA,NA,NA
NA,NA,NA,NA,NA,NA,NA,NA,NA,NA,NA,NA,NA,NA,NA,NA,226,2025-06-22,19:11:15,1,3,"Braddy, Porter",1000277236,Left,WLM_SHK,"Prather, Ben",1000436478,Right,HOL_SPR1,Undefined,7,Bottom,0,1,1,ChangeUp,Changeup,BallCalled,Undefined,Undefined,Undefined,0,0,NA,74.64476,2.558844,3.777304,1923.052912,99.623921,09:15:00,4.0826,-3.34537,5.78079,-45.88369,4.45051,-17.29143,2.64664,-1.26657,68.49328,-5.894682,0.690108,0.510626,NA,NA,NA,NA,NA,NA,NA,NA,NA,NA,NA,9.77351,2.07217,3.04366,50,4.26667,-6.51773,-108.18849,3.46559,11.644590000000001,17.94811,-29.7052,HOL_SPR1,WLM_SHK,TingStadium,CPL,CPL,20250622-TingStadium-1,3267cf50-4fbe-11f0-94df-5159efd1a280,73.81612,NA,NA,6.15148,NA,NA,NA,NA,NA,NA,7a202cac-ef26-47e8-8964-ed2f034dc92d,2025-06-22,23:11:15,2025-06-22T23:11:15Z,2025-06-22T23:11:15Z,NA,v3,NA,NA,NA,"Manley, Nathan",1000093427,Right,WLM_SHK,b7950fd5-76db-4f9d-a678-23cc32334adc,54.72187,-108.96902,8.97406,4.08787,4.75741,-14.8526,3.33812,-7.02413,5.82229,NA,NA,NA,NA,NA,NA,NA,NA,NA,NA,NA,NA,NA,NA,NA,NA,NA,NA,NA,NA,NA,NA,NA,NA,NA,NA,NA,NA,NA,NA,NA,NA,NA,NA,NA,NA,NA,NA,NA,NA,NA,NA,NA,NA,NA,NA,NA,NA,NA,NA,High,High,High,NA,NA,NA,NA,NA,NA,NA,NA,NA,NA,NA,NA,NA,NA,NA,NA,NA,NA,NA,NA,NA,NA,NA,NA,NA,NA,NA,NA,NA,NA,NA,NA,NA,NA,NA,NA,NA,NA,NA,NA,NA,NA,NA,NA,NA,NA,NA,NA,NA,NA,NA,NA,NA,NA,NA,NA,NA,NA
NA,NA,NA,NA,NA,NA,NA,NA,NA,NA,NA,NA,NA,NA,NA,NA,227,2025-06-22,19:11:31,1,4,"Braddy, Porter",1000277236,Left,WLM_SHK,"Prather, Ben",1000436478,Right,HOL_SPR1,Undefined,7,Bottom,0,2,1,Fastball,Changeup,BallCalled,Undefined,Undefined,Undefined,0,0,NA,85.29212,2.019159,3.599245,2100.370913,98.245002,09:15:00,4.21419,-3.32821,5.98846,-34.12695,4.10032,-20.29592,3.24619,-1.67921,78.05353,-4.308348,-0.040655,0.444998,NA,NA,NA,NA,NA,NA,NA,NA,NA,NA,NA,11.35745,1.92654,3.05493,50,4.35501,-6.96888,-123.73898,3.24309,17.67964,23.76267,-29.17511,HOL_SPR1,WLM_SHK,TingStadium,CPL,CPL,20250622-TingStadium-1,3c22cea0-4fbe-11f0-94df-5159efd1a280,84.70248,NA,NA,7.23859,NA,NA,NA,NA,NA,NA,7a202cac-ef26-47e8-8964-ed2f034dc92d,2025-06-22,23:11:31,2025-06-22T23:11:31Z,2025-06-22T23:11:31Z,NA,v3,NA,NA,NA,"Manley, Nathan",1000093427,Right,WLM_SHK,72795b7d-7a75-44a5-afa7-959bfc7e245d,54.51491,-124.603,11.88134,4.21781,4.30391,-14.58756,3.32001,-7.61172,8.83982,NA,NA,NA,NA,NA,NA,NA,NA,NA,NA,NA,NA,NA,NA,NA,NA,NA,NA,NA,NA,NA,NA,NA,NA,NA,NA,NA,NA,NA,NA,NA,NA,NA,NA,NA,NA,NA,NA,NA,NA,NA,NA,NA,NA,NA,NA,NA,NA,NA,NA,High,High,High,NA,NA,NA,NA,NA,NA,NA,NA,NA,NA,NA,NA,NA,NA,NA,NA,NA,NA,NA,NA,NA,NA,NA,NA,NA,NA,NA,NA,NA,NA,NA,NA,NA,NA,NA,NA,NA,NA,NA,NA,NA,NA,NA,NA,NA,NA,NA,NA,NA,NA,NA,NA,NA,NA,NA,NA,NA,NA
NA,NA,NA,NA,NA,NA,NA,NA,NA,NA,NA,NA,NA,NA,NA,NA,228,2025-06-22,19:11:47,1,5,"Braddy, Porter",1000277236,Left,WLM_SHK,"Prather, Ben",1000436478,Right,HOL_SPR1,Undefined,7,Bottom,0,3,1,Fastball,Changeup,BallCalled,Walk,Undefined,Undefined,0,0,NA,85.19828,2.121399,4.774047,2098.447381,100.034188,09:15:00,4.23604,-3.33563,5.81696,-33.85773,4.78303,-20.38651,3.39488,-0.58513,77.92646,-4.132686,1.138377,0.447398,NA,NA,NA,NA,NA,NA,NA,NA,NA,NA,NA,11.62709,2.24414,2.95594,50,4.39028,-9.46948,-123.38924,3.44157,18.02293,23.29854,-28.69544,HOL_SPR1,WLM_SHK,TingStadium,CPL,CPL,20250622-TingStadium-1,4580e0e0-4fbe-11f0-94df-5159efd1a280,84.24807,NA,NA,7.27182,NA,NA,NA,NA,NA,NA,7a202cac-ef26-47e8-8964-ed2f034dc92d,2025-06-22,23:11:47,2025-06-22T23:11:47Z,2025-06-22T23:11:47Z,NA,v3,NA,NA,NA,"Manley, Nathan",1000093427,Right,WLM_SHK,0ba4789f-a2b2-43b0-8e30-b210629b7fd7,54.68638,-124.27098,11.64927,4.23949,4.52755,-14.34772,3.32722,-10.15156,9.01146,NA,NA,NA,NA,NA,NA,NA,NA,NA,NA,NA,NA,NA,NA,NA,NA,NA,NA,NA,NA,NA,NA,NA,NA,NA,NA,NA,NA,NA,NA,NA,NA,NA,NA,NA,NA,NA,NA,NA,NA,NA,NA,NA,NA,NA,NA,NA,NA,NA,NA,High,High,High,NA,NA,NA,NA,NA,NA,NA,NA,NA,NA,NA,NA,NA,NA,NA,NA,NA,NA,NA,NA,NA,NA,NA,NA,NA,NA,NA,NA,NA,NA,NA,NA,NA,NA,NA,NA,NA,NA,NA,NA,NA,NA,NA,NA,NA,NA,NA,NA,NA,NA,NA,NA,NA,NA,NA,NA,NA,NA
NA,NA,NA,NA,NA,NA,NA,NA,NA,NA,NA,NA,NA,NA,NA,NA,229,2025-06-22,19:12:20,2,1,"Braddy, Porter",1000277236,Left,WLM_SHK,"Garcia, Brandon",1000136946,Left,HOL_SPR1,Undefined,7,Bottom,0,0,0,Fastball,Changeup,FoulBallNotFieldable,Undefined,Undefined,Undefined,0,0,NA,83.90289,0.963942,4.864589,2002.19439,105.139982,09:30:00,4.23644,-3.47949,5.87812,-33.08384,6.6089,-19.97635,2.37806,-0.61522,76.94684,-5.158837,1.296875,0.453447,NA,NA,NA,NA,NA,NA,NA,NA,NA,NA,NA,11.62056,3.44748,3.0976,50,4.29517,-9.58166,-121.60007,0.98331,17.49391,22.63149,-26.98411,HOL_SPR1,WLM_SHK,TingStadium,CPL,CPL,20250622-TingStadium-1,59686600-4fbe-11f0-94df-5159efd1a280,83.12419,NA,NA,6.95606,NA,NA,NA,NA,NA,NA,7a202cac-ef26-47e8-8964-ed2f034dc92d,2025-06-22,23:12:20,2025-06-22T23:12:20Z,2025-06-22T23:12:20Z,NA,v3,NA,NA,NA,"Manley, Nathan",1000093427,Right,WLM_SHK,87891ada-8943-43af-9630-62307c63701d,54.62665,-122.45813,11.31575,4.2385,2.0064,-13.49206,3.47345,-10.24492,8.74696,NA,NA,NA,NA,NA,NA,NA,NA,NA,NA,NA,NA,NA,NA,NA,NA,NA,NA,NA,NA,NA,NA,NA,NA,NA,NA,NA,NA,NA,NA,NA,NA,NA,NA,NA,NA,NA,NA,NA,NA,NA,NA,NA,NA,NA,NA,NA,NA,NA,NA,High,High,High,NA,NA,NA,NA,NA,NA,NA,NA,NA,NA,NA,NA,NA,NA,NA,NA,NA,NA,NA,NA,NA,NA,NA,NA,NA,NA,NA,NA,NA,NA,NA,NA,NA,NA,NA,NA,NA,NA,NA,NA,NA,NA,NA,NA,NA,NA,NA,NA,NA,NA,NA,NA,NA,NA,NA,NA,NA,NA
NA,NA,NA,NA,NA,NA,NA,NA,NA,NA,NA,NA,NA,NA,NA,NA,230,2025-06-22,19:12:52,2,2,"Braddy, Porter",1000277236,Left,WLM_SHK,"Garcia, Brandon",1000136946,Left,HOL_SPR1,Undefined,7,Bottom,0,0,1,Slider,Curveball,BallCalled,Undefined,Undefined,Undefined,0,0,NA,66.64339,1.181981,6.950809,2272.624538,314.129183,04:30:00,3.64417,-3.81708,5.41388,-69.37177,-3.67284,6.07059,-1.02109,3.23293,61.2768,-11.316177,8.017067,0.583379,NA,NA,NA,NA,NA,NA,NA,NA,NA,NA,NA,-0.91287,-1.99264,3.19125,50,3.70057,-11.89302,-96.00773,0.06468,-0.83962,16.88813,-34.00677,HOL_SPR1,WLM_SHK,TingStadium,CPL,CPL,20250622-TingStadium-1,6c882e50-4fbe-11f0-94df-5159efd1a280,64.61058,NA,NA,5.36658,NA,NA,NA,NA,NA,NA,7a202cac-ef26-47e8-8964-ed2f034dc92d,2025-06-22,23:12:52,2025-06-22T23:12:52Z,2025-06-22T23:12:52Z,NA,v3,NA,NA,NA,"Manley, Nathan",1000093427,Right,WLM_SHK,ed7b6a37-abe4-4ef8-abde-4040f82cc288,55.09159,-96.89922,8.44407,3.64978,1.85983,-17.00339,3.81789,-11.8487,-0.41981,NA,NA,NA,NA,NA,NA,NA,NA,NA,NA,NA,NA,NA,NA,NA,NA,NA,NA,NA,NA,NA,NA,NA,NA,NA,NA,NA,NA,NA,NA,NA,NA,NA,NA,NA,NA,NA,NA,NA,NA,NA,NA,NA,NA,NA,NA,NA,NA,NA,NA,High,High,High,NA,NA,NA,NA,NA,NA,NA,NA,NA,NA,NA,NA,NA,NA,NA,NA,NA,NA,NA,NA,NA,NA,NA,NA,NA,NA,NA,NA,NA,NA,NA,NA,NA,NA,NA,NA,NA,NA,NA,NA,NA,NA,NA,NA,NA,NA,NA,NA,NA,NA,NA,NA,NA,NA,NA,NA,NA,NA
NA,NA,NA,NA,NA,NA,NA,NA,NA,NA,NA,NA,NA,NA,NA,NA,231,2025-06-22,19:13:28,2,3,"Braddy, Porter",1000277236,Left,WLM_SHK,"Garcia, Brandon",1000136946,Left,HOL_SPR1,Undefined,7,Bottom,0,1,1,Fastball,Changeup,StrikeCalled,Undefined,Undefined,Undefined,0,0,NA,84.29844,0.53846,6.623703,2209.039479,100.486096,09:15:00,4.31673,-3.39282,5.7987,-35.00348,5.41658,-21.22367,1.904,1.02719,75.84655,-5.951782,2.856403,0.457583,NA,NA,NA,NA,NA,NA,NA,NA,NA,NA,NA,12.89938,3.01536,2.85872,50,4.34051,-13.24127,-121.53947,-0.01279,19.03403,26.82862,-27.72467,HOL_SPR1,WLM_SHK,TingStadium,CPL,CPL,20250622-TingStadium-1,81c446f0-4fbe-11f0-94df-5159efd1a280,82.37288,NA,NA,8.45189,NA,NA,NA,NA,NA,NA,7a202cac-ef26-47e8-8964-ed2f034dc92d,2025-06-22,23:13:28,2025-06-22T23:13:28Z,2025-06-22T23:13:28Z,NA,v3,NA,NA,NA,"Manley, Nathan",1000093427,Right,WLM_SHK,70bba3df-b431-4f9e-9c23-3bda6c006bf2,54.70243,-122.57309,13.41431,4.32042,1.05535,-13.86234,3.38299,-13.97459,9.51701,NA,NA,NA,NA,NA,NA,NA,NA,NA,NA,NA,NA,NA,NA,NA,NA,NA,NA,NA,NA,NA,NA,NA,NA,NA,NA,NA,NA,NA,NA,NA,NA,NA,NA,NA,NA,NA,NA,NA,NA,NA,NA,NA,NA,NA,NA,NA,NA,NA,NA,High,High,High,NA,NA,NA,NA,NA,NA,NA,NA,NA,NA,NA,NA,NA,NA,NA,NA,NA,NA,NA,NA,NA,NA,NA,NA,NA,NA,NA,NA,NA,NA,NA,NA,NA,NA,NA,NA,NA,NA,NA,NA,NA,NA,NA,NA,NA,NA,NA,NA,NA,NA,NA,NA,NA,NA,NA,NA,NA,NA
NA,NA,NA,NA,NA,NA,NA,NA,NA,NA,NA,NA,NA,NA,NA,NA,232,2025-06-22,19:13:46,2,4,"Braddy, Porter",1000277236,Left,WLM_SHK,"Garcia, Brandon",1000136946,Left,HOL_SPR1,Undefined,7,Bottom,0,1,2,Fastball,Changeup,BallCalled,Undefined,Undefined,Undefined,0,0,NA,85.02279,1.320275,8.242971,2169.534311,107.921349,09:30:00,4.29652,-3.41548,5.79819,-31.32258,8.59977,-22.09123,2.92741,2.46422,76.39455,-4.496555,4.349038,0.454757,NA,NA,NA,NA,NA,NA,NA,NA,NA,NA,NA,13.72891,4.39024,2.7463,50,4.38765,-16.7706,-122.13178,1.82129,20.53018,26.286740000000002,-25.60889,HOL_SPR1,WLM_SHK,TingStadium,CPL,CPL,20250622-TingStadium-1,8c874060-4fbe-11f0-94df-5159efd1a280,82.8848,NA,NA,8.62824,NA,NA,NA,NA,NA,NA,7a202cac-ef26-47e8-8964-ed2f034dc92d,2025-06-22,23:13:46,2025-06-22T23:13:46Z,2025-06-22T23:13:46Z,NA,v3,NA,NA,NA,"Manley, Nathan",1000093427,Right,WLM_SHK,497a69cf-aa0f-4fb2-a552-eec6f5f38e21,54.70265,-123.13978,13.143370000000001,4.29899,2.8033,-12.80445,3.40449,-17.55786,10.26509,NA,NA,NA,NA,NA,NA,NA,NA,NA,NA,NA,NA,NA,NA,NA,NA,NA,NA,NA,NA,NA,NA,NA,NA,NA,NA,NA,NA,NA,NA,NA,NA,NA,NA,NA,NA,NA,NA,NA,NA,NA,NA,NA,NA,NA,NA,NA,NA,NA,NA,High,High,High,NA,NA,NA,NA,NA,NA,NA,NA,NA,NA,NA,NA,NA,NA,NA,NA,NA,NA,NA,NA,NA,NA,NA,NA,NA,NA,NA,NA,NA,NA,NA,NA,NA,NA,NA,NA,NA,NA,NA,NA,NA,NA,NA,NA,NA,NA,NA,NA,NA,NA,NA,NA,NA,NA,NA,NA,NA,NA
NA,NA,NA,NA,NA,NA,NA,NA,NA,NA,NA,NA,NA,NA,NA,NA,233,2025-06-22,19:14:07,2,5,"Braddy, Porter",1000277236,Left,WLM_SHK,"Garcia, Brandon",1000136946,Left,HOL_SPR1,Undefined,7,Bottom,0,2,2,Fastball,Changeup,StrikeCalled,Strikeout,Undefined,Undefined,0,0,NA,84.6113,1.092778,6.85189,2166.794763,98.96823,09:15:00,4.28911,-3.41864,5.80574,-35.40695,4.74236,-20.71005,2.36229,1.25854,76.06182,-5.467781,3.179762,0.456048,NA,NA,NA,NA,NA,NA,NA,NA,NA,NA,NA,12.64965,2.51417,2.86576,50,4.35861,-13.78427,-121.91067,1.15442,18.79041,26.86583,-28.43936,HOL_SPR1,WLM_SHK,TingStadium,CPL,CPL,20250622-TingStadium-1,99707530-4fbe-11f0-94df-5159efd1a280,82.65017,NA,NA,8.54948,NA,NA,NA,NA,NA,NA,7a202cac-ef26-47e8-8964-ed2f034dc92d,2025-06-22,23:14:07,2025-06-22T23:14:07Z,2025-06-22T23:14:07Z,NA,v3,NA,NA,NA,"Manley, Nathan",1000093427,Right,WLM_SHK,b031f84e-08c5-49af-90dc-e3a272dc538f,54.69474,-122.94091,13.43291,4.29343,2.245,-14.21968,3.40817,-14.50484,9.3952,NA,NA,NA,NA,NA,NA,NA,NA,NA,NA,NA,NA,NA,NA,NA,NA,NA,NA,NA,NA,NA,NA,NA,NA,NA,NA,NA,NA,NA,NA,NA,NA,NA,NA,NA,NA,NA,NA,NA,NA,NA,NA,NA,NA,NA,NA,NA,NA,NA,NA,High,High,High,NA,NA,NA,NA,NA,NA,NA,NA,NA,NA,NA,NA,NA,NA,NA,NA,NA,NA,NA,NA,NA,NA,NA,NA,NA,NA,NA,NA,NA,NA,NA,NA,NA,NA,NA,NA,NA,NA,NA,NA,NA,NA,NA,NA,NA,NA,NA,NA,NA,NA,NA,NA,NA,NA,NA,NA,NA,NA
NA,NA,NA,NA,NA,NA,NA,NA,NA,NA,NA,NA,NA,NA,NA,NA,234,2025-06-22,19:14:42,3,1,"Braddy, Porter",1000277236,Left,WLM_SHK,"Lyons, Trenton",806150,Right,HOL_SPR1,Undefined,7,Bottom,1,0,0,Fastball,Changeup,BallCalled,Undefined,Undefined,Undefined,0,0,NA,84.73266,0.097311,5.333956,2106.489638,99.294532,09:15:00,4.21533,-3.63231,5.84375,-34.77825,4.89087,-21.21214,1.40798,-0.42842,76.55559,-6.353532,1.549299,0.453313,NA,NA,NA,NA,NA,NA,NA,NA,NA,NA,NA,12.58973,2.83744,3.20974,50,4.2028,-10.5907,-122.51652,-0.94135,18.90315,26.95122,-27.91371,HOL_SPR1,WLM_SHK,TingStadium,CPL,CPL,20250622-TingStadium-1,ade67eb0-4fbe-11f0-94df-5159efd1a280,83.14888,NA,NA,8.17706,NA,NA,NA,NA,NA,NA,7a202cac-ef26-47e8-8964-ed2f034dc92d,2025-06-22,23:14:42,2025-06-22T23:14:42Z,2025-06-22T23:14:42Z,NA,v3,NA,NA,NA,"Manley, Nathan",1000093427,Right,WLM_SHK,3ba1fa2a-8b58-4de0-b632-a79319bfceba,54.65901,-123.53716,13.47561,4.21843,0.11574,-13.95685,3.62437,-11.30656,9.45158,NA,NA,NA,NA,NA,NA,NA,NA,NA,NA,NA,NA,NA,NA,NA,NA,NA,NA,NA,NA,NA,NA,NA,NA,NA,NA,NA,NA,NA,NA,NA,NA,NA,NA,NA,NA,NA,NA,NA,NA,NA,NA,NA,NA,NA,NA,NA,NA,NA,NA,High,High,High,NA,NA,NA,NA,NA,NA,NA,NA,NA,NA,NA,NA,NA,NA,NA,NA,NA,NA,NA,NA,NA,NA,NA,NA,NA,NA,NA,NA,NA,NA,NA,NA,NA,NA,NA,NA,NA,NA,NA,NA,NA,NA,NA,NA,NA,NA,NA,NA,NA,NA,NA,NA,NA,NA,NA,NA,NA,NA
NA,NA,NA,NA,NA,NA,NA,NA,NA,NA,NA,NA,NA,NA,NA,NA,235,2025-06-22,19:14:59,3,2,"Braddy, Porter",1000277236,Left,WLM_SHK,"Lyons, Trenton",806150,Right,HOL_SPR1,Undefined,7,Bottom,1,1,0,Fastball,Changeup,BallCalled,Undefined,Undefined,Undefined,0,0,NA,85.37099,1.833852,6.637588,2141.180151,107.581822,09:30:00,4.28293,-3.56776,5.74919,-31.7197,7.77221,-19.99647,3.35908,0.97337,76.64743,-4.062894,3.095618,0.452299,NA,NA,NA,NA,NA,NA,NA,NA,NA,NA,NA,12.21674,3.78469,3.02624,50,4.41719,-13.47293,-123.00813,2.91033,18.48858,27.19277,-26.44637,HOL_SPR1,WLM_SHK,TingStadium,CPL,CPL,20250622-TingStadium-1,b80e2280-4fbe-11f0-94df-5159efd1a280,83.33525,NA,NA,8.72356,NA,NA,NA,NA,NA,NA,7a202cac-ef26-47e8-8964-ed2f034dc92d,2025-06-22,23:14:59,2025-06-22T23:14:59Z,2025-06-22T23:14:59Z,NA,v3,NA,NA,NA,"Manley, Nathan",1000093427,Right,WLM_SHK,42a1ac04-d102-4b6e-a8b2-c5f4af183421,54.75128,-124.05402,13.59638,4.28569,3.92751,-13.22318,3.55811,-14.18404,9.24429,NA,NA,NA,NA,NA,NA,NA,NA,NA,NA,NA,NA,NA,NA,NA,NA,NA,NA,NA,NA,NA,NA,NA,NA,NA,NA,NA,NA,NA,NA,NA,NA,NA,NA,NA,NA,NA,NA,NA,NA,NA,NA,NA,NA,NA,NA,NA,NA,NA,NA,High,High,High,NA,NA,NA,NA,NA,NA,NA,NA,NA,NA,NA,NA,NA,NA,NA,NA,NA,NA,NA,NA,NA,NA,NA,NA,NA,NA,NA,NA,NA,NA,NA,NA,NA,NA,NA,NA,NA,NA,NA,NA,NA,NA,NA,NA,NA,NA,NA,NA,NA,NA,NA,NA,NA,NA,NA,NA,NA,NA
NA,NA,NA,NA,NA,NA,NA,NA,NA,NA,NA,NA,NA,NA,NA,NA,236,2025-06-22,19:15:22,3,3,"Braddy, Porter",1000277236,Left,WLM_SHK,"Lyons, Trenton",806150,Right,HOL_SPR1,Undefined,7,Bottom,1,2,0,Fastball,Changeup,FoulBallNotFieldable,Undefined,Undefined,Undefined,0,0,NA,84.12825,1.909109,3.892262,2126.481763,102.79578,09:30:00,4.28544,-3.4709,5.74587,-34.10541,6.24193,-21.13785,3.22562,-1.60281,75.71988,-4.435355,0.120119,0.457171,NA,NA,NA,NA,NA,NA,NA,NA,NA,NA,NA,11.99768,2.97158,3.16012,50,4.42385,-7.41713,-121.75861,2.93563,17.76838,26.91176,-27.77321,HOL_SPR1,WLM_SHK,TingStadium,CPL,CPL,20250622-TingStadium-1,c5f25920-4fbe-11f0-94df-5159efd1a280,82.4471,NA,NA,8.40837,NA,NA,NA,NA,NA,NA,7a202cac-ef26-47e8-8964-ed2f034dc92d,2025-06-22,23:15:22,2025-06-22T23:15:22Z,2025-06-22T23:15:22Z,NA,v3,NA,NA,NA,"Manley, Nathan",1000093427,Right,WLM_SHK,4b4bd9c8-2047-465b-a7c1-e43489f99acc,54.75553,-122.80521,13.45588,4.28868,4.01573,-13.8866,3.46201,-8.10814,8.88419,NA,NA,NA,NA,NA,NA,NA,NA,NA,NA,NA,NA,NA,NA,NA,NA,NA,NA,NA,NA,NA,NA,NA,NA,NA,NA,NA,NA,NA,NA,NA,NA,NA,NA,NA,NA,NA,NA,NA,NA,NA,NA,NA,NA,NA,NA,NA,NA,NA,NA,High,High,High,NA,NA,NA,NA,NA,NA,NA,NA,NA,NA,NA,NA,NA,NA,NA,NA,NA,NA,NA,NA,NA,NA,NA,NA,NA,NA,NA,NA,NA,NA,NA,NA,NA,NA,NA,NA,NA,NA,NA,NA,NA,NA,NA,NA,NA,NA,NA,NA,NA,NA,NA,NA,NA,NA,NA,NA,NA,NA
NA,NA,NA,NA,NA,NA,NA,NA,NA,NA,NA,NA,NA,NA,NA,NA,237,2025-06-22,19:15:46,3,4,"Braddy, Porter",1000277236,Left,WLM_SHK,"Lyons, Trenton",806150,Right,HOL_SPR1,Undefined,7,Bottom,1,2,1,ChangeUp,Changeup,FoulBallNotFieldable,Undefined,Undefined,Undefined,0,0,NA,72.85592,2.776466,6.043181,1821.810544,101.141895,09:15:00,3.96507,-3.55172,5.9466,-47.64581,4.96107,-17.39572,2.58638,0.625,67.06108,-5.993714,2.946038,0.522027,100.28385,20.120176,-46.321237000000004,2754.946566,73.03641,29.9469,-82.25368,276.14172,159.83344,-53.390806,2.669026,10.50599,2.25445,3.07895,50,4.16024,-10.57106,-105.31585,3.79264,11.91801,16.20368,-29.6166,HOL_SPR1,WLM_SHK,TingStadium,CPL,CPL,20250622-TingStadium-1,d423c560-4fbe-11f0-94df-5159efd1a280,72.20405,32.43286,NA,5.79484,NA,NA,NA,3.31841,2.8999,-0.51711,7a202cac-ef26-47e8-8964-ed2f034dc92d,2025-06-22,23:15:46,2025-06-22T23:15:46Z,2025-06-22T23:15:46Z,LineDrive,v3,NA,NA,NA,"Manley, Nathan",1000093427,Right,WLM_SHK,abde2066-a001-4b8a-8588-998902ec1936,54.55802,-106.01482,8.10184,3.96909,5.0702,-14.8083,3.54604,-11.08516,5.959,NA,3.31843,95.37861,-20.48965,4.53672,-0.84643,-0.02198,0.08718,-0.02834,0.00321,2.89986,50.59729,-24.61134,3.09971,-0.70017,0.16792,-0.03808,0.00679,-6.1e-4,-0.51725,-99.87393,6.0631,0.63808,-0.56115,0.29786,-0.10786,0.02404,-0.00232,NA,NA,NA,NA,NA,NA,NA,NA,NA,NA,NA,NA,NA,NA,NA,NA,NA,NA,NA,NA,NA,NA,High,High,High,High,Medium,NA,NA,NA,NA,NA,NA,NA,NA,NA,NA,NA,NA,NA,NA,NA,NA,NA,NA,NA,NA,NA,NA,NA,NA,NA,NA,NA,NA,NA,NA,NA,NA,NA,NA,NA,NA,NA,NA,NA,NA,NA,NA,NA,NA,NA,NA,NA,NA,NA,NA,NA,NA,NA,NA,NA,NA
NA,NA,NA,NA,NA,NA,NA,NA,NA,NA,NA,NA,NA,NA,NA,NA,238,2025-06-22,19:16:12,3,5,"Braddy, Porter",1000277236,Left,WLM_SHK,"Lyons, Trenton",806150,Right,HOL_SPR1,Undefined,7,Bottom,1,2,2,Fastball,Changeup,BallCalled,Undefined,Undefined,Undefined,0,0,NA,84.70502,0.689282,6.668893,2148.424322,101.805239,09:30:00,4.31053,-3.38086,5.7753,-33.7777,5.92303,-21.89202,2.14155,1.0288,76.85698,-5.556188,2.785671,0.453493,NA,NA,NA,NA,NA,NA,NA,NA,NA,NA,NA,13.293,3.13406,2.84167,50,4.34718,-13.43789,-122.26424,0.36525,20.02832,25.1486,-27.45199,HOL_SPR1,WLM_SHK,TingStadium,CPL,CPL,20250622-TingStadium-1,e3a139a0-4fbe-11f0-94df-5159efd1a280,83.11584,NA,NA,7.84804,NA,NA,NA,NA,NA,NA,7a202cac-ef26-47e8-8964-ed2f034dc92d,2025-06-22,23:16:12,2025-06-22T23:16:12Z,2025-06-22T23:16:12Z,NA,v3,NA,NA,NA,"Manley, Nathan",1000093427,Right,WLM_SHK,c29d25d0-d036-4fcf-a90b-e5df67a94d71,54.7293,-123.23317,12.5743,4.31273,1.42293,-13.726,3.37428,-14.20954,10.01416,NA,NA,NA,NA,NA,NA,NA,NA,NA,NA,NA,NA,NA,NA,NA,NA,NA,NA,NA,NA,NA,NA,NA,NA,NA,NA,NA,NA,NA,NA,NA,NA,NA,NA,NA,NA,NA,NA,NA,NA,NA,NA,NA,NA,NA,NA,NA,NA,NA,NA,High,High,High,NA,NA,NA,NA,NA,NA,NA,NA,NA,NA,NA,NA,NA,NA,NA,NA,NA,NA,NA,NA,NA,NA,NA,NA,NA,NA,NA,NA,NA,NA,NA,NA,NA,NA,NA,NA,NA,NA,NA,NA,NA,NA,NA,NA,NA,NA,NA,NA,NA,NA,NA,NA,NA,NA,NA,NA,NA,NA
NA,NA,NA,NA,NA,NA,NA,NA,NA,NA,NA,NA,NA,NA,NA,NA,239,2025-06-22,19:16:44,3,6,"Braddy, Porter",1000277236,Left,WLM_SHK,"Lyons, Trenton",806150,Right,HOL_SPR1,Undefined,7,Bottom,1,3,2,Fastball,Changeup,BallCalled,Walk,Undefined,Undefined,0,0,NA,85.62316,0.864749,3.06576,2113.990939,103.929464,09:30:00,4.34866,-3.53738,5.70479,-32.26746,6.43118,-20.65281,2.46669,-2.39907,77.65933,-5.122163,-0.623483,0.447733,NA,NA,NA,NA,NA,NA,NA,NA,NA,NA,NA,11.37532,3.40106,3.29303,50,4.40136,-5.77714,-124.13923,0.77412,17.61903,26.57474,-26.90621,HOL_SPR1,WLM_SHK,TingStadium,CPL,CPL,20250622-TingStadium-1,f6b8c490-4fbe-11f0-94df-5159efd1a280,84.18505,NA,NA,7.96382,NA,NA,NA,NA,NA,NA,7a202cac-ef26-47e8-8964-ed2f034dc92d,2025-06-22,23:16:44,2025-06-22T23:16:44Z,2025-06-22T23:16:44Z,NA,v3,NA,NA,NA,"Manley, Nathan",1000093427,Right,WLM_SHK,b8378a49-f2e7-4b32-a215-921083c68f68,54.79662,-125.16184,13.28737,4.35165,1.80949,-13.45311,3.52838,-6.45513,8.80951,NA,NA,NA,NA,NA,NA,NA,NA,NA,NA,NA,NA,NA,NA,NA,NA,NA,NA,NA,NA,NA,NA,NA,NA,NA,NA,NA,NA,NA,NA,NA,NA,NA,NA,NA,NA,NA,NA,NA,NA,NA,NA,NA,NA,NA,NA,NA,NA,NA,NA,High,High,High,NA,NA,NA,NA,NA,NA,NA,NA,NA,NA,NA,NA,NA,NA,NA,NA,NA,NA,NA,NA,NA,NA,NA,NA,NA,NA,NA,NA,NA,NA,NA,NA,NA,NA,NA,NA,NA,NA,NA,NA,NA,NA,NA,NA,NA,NA,NA,NA,NA,NA,NA,NA,NA,NA,NA,NA,NA,NA
NA,NA,NA,NA,NA,NA,NA,NA,NA,NA,NA,NA,NA,NA,NA,NA,240,2025-06-22,19:17:29,4,1,"Braddy, Porter",1000277236,Left,WLM_SHK,"Ellis, Hudson",830334,Right,HOL_SPR1,Undefined,7,Bottom,1,0,0,Fastball,Changeup,StrikeCalled,Undefined,Undefined,Undefined,0,0,NA,83.3282,2.193983,5.859315,1998.849972,99.224823,09:15:00,4.11684,-3.61071,5.8234,-36.25199,4.6752,-20.26202,3.14736,0.16739,75.4366,-4.514918,2.256026,0.460444,NA,NA,NA,NA,NA,NA,NA,NA,NA,NA,NA,12.00103,2.15874,3.14188,50,4.27593,-11.52732,-120.33596,3.43799,17.51363,24.38978,-29.02369,HOL_SPR1,WLM_SHK,TingStadium,CPL,CPL,20250622-TingStadium-1,1185bad0-4fbf-11f0-94df-5159efd1a280,81.86098,NA,NA,7.8916,NA,NA,NA,NA,NA,NA,7a202cac-ef26-47e8-8964-ed2f034dc92d,2025-06-22,23:17:29,2025-06-22T23:17:29Z,2025-06-22T23:17:29Z,NA,v3,NA,NA,NA,"Manley, Nathan",1000093427,Right,WLM_SHK,09c01de4-34d3-4898-b956-02382944c655,54.67845,-121.28048,12.19489,4.12102,4.56197,-14.51185,3.60142,-12.20555,8.75681,NA,NA,NA,NA,NA,NA,NA,NA,NA,NA,NA,NA,NA,NA,NA,NA,NA,NA,NA,NA,NA,NA,NA,NA,NA,NA,NA,NA,NA,NA,NA,NA,NA,NA,NA,NA,NA,NA,NA,NA,NA,NA,NA,NA,NA,NA,NA,NA,NA,NA,High,High,High,NA,NA,NA,NA,NA,NA,NA,NA,NA,NA,NA,NA,NA,NA,NA,NA,NA,NA,NA,NA,NA,NA,NA,NA,NA,NA,NA,NA,NA,NA,NA,NA,NA,NA,NA,NA,NA,NA,NA,NA,NA,NA,NA,NA,NA,NA,NA,NA,NA,NA,NA,NA,NA,NA,NA,NA,NA,NA
NA,NA,NA,NA,NA,NA,NA,NA,NA,NA,NA,NA,NA,NA,NA,NA,241,2025-06-22,19:17:49,4,2,"Braddy, Porter",1000277236,Left,WLM_SHK,"Ellis, Hudson",830334,Right,HOL_SPR1,Undefined,7,Bottom,1,0,1,Fastball,Changeup,FoulBallNotFieldable,Undefined,Undefined,Undefined,0,0,NA,85.08414,1.430209,5.645373,2141.098432,109.762428,09:45:00,4.2698,-3.49418,5.6774,-31.41356,8.0513,-18.65907,2.99212,0.23101,76.98847,-4.396074,2.334099,0.452144,NA,NA,NA,NA,NA,NA,NA,NA,NA,NA,NA,11.20528,4.02792,3.02891,50,4.37127,-11.38628,-122.92922,2.0338,17.03687,25.82202,-26.04989,HOL_SPR1,WLM_SHK,TingStadium,CPL,CPL,20250622-TingStadium-1,1d9112c0-4fbf-11f0-94df-5159efd1a280,83.36381,NA,NA,8.09566,NA,NA,NA,NA,NA,NA,7a202cac-ef26-47e8-8964-ed2f034dc92d,2025-06-22,23:17:49,2025-06-22T23:17:49Z,2025-06-22T23:17:49Z,NA,v3,NA,NA,NA,"Manley, Nathan",1000093427,Right,WLM_SHK,e2c25beb-7d2c-49b3-b05c-e94cdfea56ff,54.82502,-123.9386,12.91101,4.27186,3.05209,-13.02494,3.48701,-12.05225,8.51843,NA,NA,NA,NA,NA,NA,NA,NA,NA,NA,NA,NA,NA,NA,NA,NA,NA,NA,NA,NA,NA,NA,NA,NA,NA,NA,NA,NA,NA,NA,NA,NA,NA,NA,NA,NA,NA,NA,NA,NA,NA,NA,NA,NA,NA,NA,NA,NA,NA,NA,High,High,High,NA,NA,NA,NA,NA,NA,NA,NA,NA,NA,NA,NA,NA,NA,NA,NA,NA,NA,NA,NA,NA,NA,NA,NA,NA,NA,NA,NA,NA,NA,NA,NA,NA,NA,NA,NA,NA,NA,NA,NA,NA,NA,NA,NA,NA,NA,NA,NA,NA,NA,NA,NA,NA,NA,NA,NA,NA,NA
NA,NA,NA,NA,NA,NA,NA,NA,NA,NA,NA,NA,NA,NA,NA,NA,242,2025-06-22,19:18:12,4,3,"Braddy, Porter",1000277236,Left,WLM_SHK,"Ellis, Hudson",830334,Right,HOL_SPR1,Undefined,7,Bottom,1,0,2,ChangeUp,Changeup,InPlay,Undefined,GroundBall,Out,1,0,NA,73.7472,3.660508,4.898621,1868.687037,100.535638,09:15:00,3.96723,-3.38914,5.88616,-46.88046,5.28862,-18.96529,3.47688,-0.40948,66.7265,-5.025816,1.516987,0.51985,NA,NA,NA,NA,NA,NA,NA,NA,NA,NA,NA,11.23012,2.06079,3.00441,50,4.2368,-8.47488,-106.53686,5.49764,12.81906,19.46691,-29.8217,HOL_SPR1,WLM_SHK,TingStadium,CPL,CPL,20250622-TingStadium-1,2b952d70-4fbf-11f0-94df-5159efd1a280,72.50637,NA,NA,7.0207,NA,NA,NA,NA,NA,NA,7a202cac-ef26-47e8-8964-ed2f034dc92d,2025-06-22,23:18:12,2025-06-22T23:18:12Z,2025-06-22T23:18:12Z,NA,v3,NA,NA,NA,"Manley, Nathan",1000093427,Right,WLM_SHK,0a80adf7-ca69-4dba-be17-b6a740999e4f,54.61675,-107.37714,9.7334599999999991,3.97172,6.78488,-14.91085,3.38217,-9.02821,6.40953,NA,NA,NA,NA,NA,NA,NA,NA,NA,NA,NA,NA,NA,NA,NA,NA,NA,NA,NA,NA,NA,NA,NA,NA,NA,NA,NA,NA,NA,NA,NA,NA,NA,NA,NA,NA,NA,NA,NA,NA,NA,NA,NA,NA,NA,NA,NA,NA,NA,NA,High,High,High,NA,NA,NA,NA,NA,NA,NA,NA,NA,NA,NA,NA,NA,NA,NA,NA,NA,NA,NA,NA,NA,NA,NA,NA,NA,NA,NA,NA,NA,NA,NA,NA,NA,NA,NA,NA,NA,NA,NA,NA,NA,NA,NA,NA,NA,NA,NA,NA,NA,NA,NA,NA,NA,NA,NA,NA,NA,NA
NA,NA,NA,NA,NA,NA,NA,NA,NA,NA,NA,NA,NA,NA,NA,NA,243,2025-06-22,19:19:29,5,1,"Braddy, Porter",1000277236,Left,WLM_SHK,"Runfola, Anthony",1000334130,Right,HOL_SPR1,Undefined,7,Bottom,2,0,0,Fastball,Changeup,BallCalled,Undefined,Undefined,Undefined,0,0,NA,83.85868,0.075976,5.361166,2002.380246,102.685835,09:30:00,4.19236,-3.41982,6.0084,-34.11766,5.66811,-19.50887,1.41993,-0.06393,76.64928,-6.249008,1.8708,0.453978,NA,NA,NA,NA,NA,NA,NA,NA,NA,NA,NA,11.67103,3.21264,3.00876,50,4.17935,-10.66166,-121.42744,-0.91913,17.4211,23.83087,-27.37859,HOL_SPR1,WLM_SHK,TingStadium,CPL,CPL,20250622-TingStadium-1,592d3c50-4fbf-11f0-94df-5159efd1a280,83.02696,NA,NA,7.20939,NA,NA,NA,NA,NA,NA,7a202cac-ef26-47e8-8964-ed2f034dc92d,2025-06-22,23:19:29,2025-06-22T23:19:29Z,2025-06-22T23:19:29Z,NA,v3,NA,NA,NA,"Manley, Nathan",1000093427,Right,WLM_SHK,fccdff83-c83b-4725-8d49-142f9c44124b,54.49618,-122.30666,11.91544,4.19463,0.09097,-13.6893,3.41397,-11.3044,8.71055,NA,NA,NA,NA,NA,NA,NA,NA,NA,NA,NA,NA,NA,NA,NA,NA,NA,NA,NA,NA,NA,NA,NA,NA,NA,NA,NA,NA,NA,NA,NA,NA,NA,NA,NA,NA,NA,NA,NA,NA,NA,NA,NA,NA,NA,NA,NA,NA,NA,NA,High,High,High,NA,NA,NA,NA,NA,NA,NA,NA,NA,NA,NA,NA,NA,NA,NA,NA,NA,NA,NA,NA,NA,NA,NA,NA,NA,NA,NA,NA,NA,NA,NA,NA,NA,NA,NA,NA,NA,NA,NA,NA,NA,NA,NA,NA,NA,NA,NA,NA,NA,NA,NA,NA,NA,NA,NA,NA,NA,NA
NA,NA,NA,NA,NA,NA,NA,NA,NA,NA,NA,NA,NA,NA,NA,NA,244,2025-06-22,19:19:48,5,2,"Braddy, Porter",1000277236,Left,WLM_SHK,"Runfola, Anthony",1000334130,Right,HOL_SPR1,Undefined,7,Bottom,2,1,0,Fastball,Changeup,StrikeSwinging,Undefined,Undefined,Undefined,0,0,NA,84.7726,1.515022,4.225613,2038.284727,105.111183,09:30:00,4.23187,-3.40842,5.97049,-32.43021,6.46134,-19.37375,2.93817,-1.09798,77.32534,-4.513902,0.755756,0.448848,NA,NA,NA,NA,NA,NA,NA,NA,NA,NA,NA,11.06571,3.27701,3.08367,50,4.33424,-8.29754,-122.86559,2.20554,16.92814,24.1696,-27.16092,HOL_SPR1,WLM_SHK,TingStadium,CPL,CPL,20250622-TingStadium-1,644fe1f0-4fbf-11f0-94df-5159efd1a280,83.97601,NA,NA,7.44727,NA,NA,NA,NA,NA,NA,7a202cac-ef26-47e8-8964-ed2f034dc92d,2025-06-22,23:19:48,2025-06-22T23:19:48Z,2025-06-22T23:19:48Z,NA,v3,NA,NA,NA,"Manley, Nathan",1000093427,Right,WLM_SHK,81f26680-8f57-4566-8154-27908d32b473,54.53174,-123.75385,12.0848,4.23484,3.20373,-13.58046,3.40004,-8.91966,8.46407,NA,NA,NA,NA,NA,NA,NA,NA,NA,NA,NA,NA,NA,NA,NA,NA,NA,NA,NA,NA,NA,NA,NA,NA,NA,NA,NA,NA,NA,NA,NA,NA,NA,NA,NA,NA,NA,NA,NA,NA,NA,NA,NA,NA,NA,NA,NA,NA,NA,NA,High,High,High,NA,NA,NA,NA,NA,NA,NA,NA,NA,NA,NA,NA,NA,NA,NA,NA,NA,NA,NA,NA,NA,NA,NA,NA,NA,NA,NA,NA,NA,NA,NA,NA,NA,NA,NA,NA,NA,NA,NA,NA,NA,NA,NA,NA,NA,NA,NA,NA,NA,NA,NA,NA,NA,NA,NA,NA,NA,NA
NA,NA,NA,NA,NA,NA,NA,NA,NA,NA,NA,NA,NA,NA,NA,NA,245,2025-06-22,19:20:06,5,3,"Braddy, Porter",1000277236,Left,WLM_SHK,"Runfola, Anthony",1000334130,Right,HOL_SPR1,Undefined,7,Bottom,2,1,1,Fastball,Changeup,StrikeCalled,Undefined,Undefined,Undefined,0,0,NA,84.83904,0.866168,6.58614,2035.830058,102.112697,09:30:00,4.22665,-3.53579,5.90457,-33.4812,5.46599,-19.96092,2.24602,0.94182,77.81288,-5.31205,3.037199,0.449169,NA,NA,NA,NA,NA,NA,NA,NA,NA,NA,NA,12.00493,2.89465,3.01613,50,4.27723,-13.37905,-122.61391,0.76857,18.41093,22.56686,-27.73476,HOL_SPR1,WLM_SHK,TingStadium,CPL,CPL,20250622-TingStadium-1,6f874810-4fbf-11f0-94df-5159efd1a280,83.91599,NA,NA,7.02616,NA,NA,NA,NA,NA,NA,7a202cac-ef26-47e8-8964-ed2f034dc92d,2025-06-22,23:20:06,2025-06-22T23:20:06Z,2025-06-22T23:20:06Z,NA,v3,NA,NA,NA,"Manley, Nathan",1000093427,Right,WLM_SHK,58c7c02c-9182-49d3-9bb1-fe2dfa89ba9a,54.60017,-123.45766,11.28343,4.22911,1.80553,-13.86738,3.52923,-14.06741,9.20547,NA,NA,NA,NA,NA,NA,NA,NA,NA,NA,NA,NA,NA,NA,NA,NA,NA,NA,NA,NA,NA,NA,NA,NA,NA,NA,NA,NA,NA,NA,NA,NA,NA,NA,NA,NA,NA,NA,NA,NA,NA,NA,NA,NA,NA,NA,NA,NA,NA,NA,High,High,High,NA,NA,NA,NA,NA,NA,NA,NA,NA,NA,NA,NA,NA,NA,NA,NA,NA,NA,NA,NA,NA,NA,NA,NA,NA,NA,NA,NA,NA,NA,NA,NA,NA,NA,NA,NA,NA,NA,NA,NA,NA,NA,NA,NA,NA,NA,NA,NA,NA,NA,NA,NA,NA,NA,NA,NA,NA,NA
NA,NA,NA,NA,NA,NA,NA,NA,NA,NA,NA,NA,NA,NA,NA,NA,246,2025-06-22,19:20:24,5,4,"Braddy, Porter",1000277236,Left,WLM_SHK,"Runfola, Anthony",1000334130,Right,HOL_SPR1,Undefined,7,Bottom,2,1,2,ChangeUp,Changeup,FoulBallNotFieldable,Undefined,Undefined,Undefined,0,0,NA,73.82011,2.084145,4.620534,1823.119766,98.235221,09:15:00,3.88535,-3.49572,5.7908,-47.12802,4.33429,-19.22623,1.90406,-0.79012,67.85455,-6.58601,1.191526,0.516317,61.99936,12.681452,172.883523,5808.300143,NA,NA,NA,88.39562,59.69122,170.729169,1.104173,11.06753,2.08988,3.12644,50,4.02894,-7.975,-106.94984,2.51537,12.89367,17.43771,-29.73932,HOL_SPR1,WLM_SHK,TingStadium,CPL,CPL,20250622-TingStadium-1,7a263ec0-4fbf-11f0-94df-5159efd1a280,73.00258,6.84678,NA,5.96555,NA,NA,NA,2.64496,1.98614,0.81065,7a202cac-ef26-47e8-8964-ed2f034dc92d,2025-06-22,23:20:24,2025-06-22T23:20:24Z,2025-06-22T23:20:24Z,GroundBall,v3,NA,NA,NA,"Manley, Nathan",1000093427,Right,WLM_SHK,a2a27c00-fe1f-4385-9fd7-42f8d11684fa,54.71345,-107.7156,8.71886,3.8898,3.82135,-14.86966,3.48909,-8.54121,6.44684,31.409308,2.64496,-88.03059,6.86289,-0.97851,0.20272,-0.02803,0.00659,-0.00115,6e-5,1.98614,19.96239,-21.27195,1.73911,-0.35595,0.06781,-0.01193,0.00282,-3.6e-4,0.81065,10.9905,1.3578,-0.32286,0.06162,-0.01376,0.00405,-0.00153,2.3e-4,NA,NA,NA,NA,NA,NA,NA,NA,NA,NA,NA,NA,NA,NA,NA,NA,NA,NA,NA,NA,NA,NA,High,High,High,High,High,NA,NA,NA,NA,NA,NA,NA,NA,NA,NA,NA,NA,NA,NA,NA,NA,NA,NA,NA,NA,NA,NA,NA,NA,NA,NA,NA,NA,NA,NA,NA,NA,NA,NA,NA,NA,NA,NA,NA,NA,NA,NA,NA,NA,NA,NA,NA,NA,NA,NA,NA,NA,NA,NA,NA,NA
NA,NA,NA,NA,NA,NA,NA,NA,NA,NA,NA,NA,NA,NA,NA,NA,247,2025-06-22,19:20:45,5,5,"Braddy, Porter",1000277236,Left,WLM_SHK,"Runfola, Anthony",1000334130,Right,HOL_SPR1,Undefined,7,Bottom,2,1,2,Fastball,Changeup,BallCalled,Undefined,Undefined,Undefined,0,0,NA,86.10272,1.501718,3.071158,2154.081054,88.821015,09:00:00,4.25938,-3.33558,5.87439,-37.32156,0.99508,-18.50088,2.54642,-2.02199,77.54988,-5.422647,-0.243825,0.445518,NA,NA,NA,NA,NA,NA,NA,NA,NA,NA,NA,10.38587,0.45532,3.09745,50,4.35976,-5.91324,-124.74819,1.98308,16.11711,28.6602,-31.46746,HOL_SPR1,WLM_SHK,TingStadium,CPL,CPL,20250622-TingStadium-1,86735aa0-4fbf-11f0-94df-5159efd1a280,84.6037,NA,NA,8.55284,NA,NA,NA,NA,NA,NA,7a202cac-ef26-47e8-8964-ed2f034dc92d,2025-06-22,23:20:45,2025-06-22T23:20:45Z,2025-06-22T23:20:45Z,NA,v3,NA,NA,NA,"Manley, Nathan",1000093427,Right,WLM_SHK,f1766dc5-736d-4c82-a600-a8bd363229c4,54.62608,-125.80652,14.3301,4.26508,3.14508,-15.73373,3.32679,-6.50839,8.05856,NA,NA,NA,NA,NA,NA,NA,NA,NA,NA,NA,NA,NA,NA,NA,NA,NA,NA,NA,NA,NA,NA,NA,NA,NA,NA,NA,NA,NA,NA,NA,NA,NA,NA,NA,NA,NA,NA,NA,NA,NA,NA,NA,NA,NA,NA,NA,NA,NA,NA,High,High,High,NA,NA,NA,NA,NA,NA,NA,NA,NA,NA,NA,NA,NA,NA,NA,NA,NA,NA,NA,NA,NA,NA,NA,NA,NA,NA,NA,NA,NA,NA,NA,NA,NA,NA,NA,NA,NA,NA,NA,NA,NA,NA,NA,NA,NA,NA,NA,NA,NA,NA,NA,NA,NA,NA,NA,NA,NA,NA
NA,NA,NA,NA,NA,NA,NA,NA,NA,NA,NA,NA,NA,NA,NA,NA,248,2025-06-22,19:21:04,5,6,"Braddy, Porter",1000277236,Left,WLM_SHK,"Runfola, Anthony",1000334130,Right,HOL_SPR1,Undefined,7,Bottom,2,2,2,ChangeUp,Changeup,StrikeSwinging,Strikeout,Undefined,Undefined,0,0,NA,74.46666,1.69766,5.405273,1899.619919,97.47266,09:15:00,3.87509,-3.62848,5.74044,-47.41455,4.12984,-17.70387,1.51221,-0.05559,67.47274,-7.049372,2.256449,0.516728,NA,NA,NA,NA,NA,NA,NA,NA,NA,NA,NA,10.71859,2.05358,3.18862,50,3.98788,-9.5476,-107.59748,1.78753,12.438,20.43806,-29.79102,HOL_SPR1,WLM_SHK,TingStadium,CPL,CPL,20250622-TingStadium-1,91c79790-4fbf-11f0-94df-5159efd1a280,72.94443,NA,NA,6.99392,NA,NA,NA,NA,NA,NA,7a202cac-ef26-47e8-8964-ed2f034dc92d,2025-06-22,23:21:04,2025-06-22T23:21:04Z,2025-06-22T23:21:04Z,NA,v3,NA,NA,NA,"Manley, Nathan",1000093427,Right,WLM_SHK,7a2d7545-c65d-49b2-a6b2-aaff1bebe6dd,54.76182,-108.49821,10.21903,3.88017,3.10046,-14.89551,3.62147,-10.09576,6.219,NA,NA,NA,NA,NA,NA,NA,NA,NA,NA,NA,NA,NA,NA,NA,NA,NA,NA,NA,NA,NA,NA,NA,NA,NA,NA,NA,NA,NA,NA,NA,NA,NA,NA,NA,NA,NA,NA,NA,NA,NA,NA,NA,NA,NA,NA,NA,NA,NA,NA,High,High,High,NA,NA,NA,NA,NA,NA,NA,NA,NA,NA,NA,NA,NA,NA,NA,NA,NA,NA,NA,NA,NA,NA,NA,NA,NA,NA,NA,NA,NA,NA,NA,NA,NA,NA,NA,NA,NA,NA,NA,NA,NA,NA,NA,NA,NA,NA,NA,NA,NA,NA,NA,NA,NA,NA,NA,NA,NA,NA
NA,NA,NA,NA,NA,NA,NA,NA,NA,NA,NA,NA,NA,NA,NA,NA,249,2025-06-22,19:24:09,1,1,"Rouse, Scott",833071,Right,HOL_SPR1,"Albus, Chaise",832754,Left,WLM_SHK,Undefined,8,Top,0,0,0,Fastball,Four-Seam,BallCalled,Undefined,Undefined,Undefined,0,0,NA,92.95291,-0.850326,-2.54711,2003.662821,204.506975,12:45:00,5.06989,2.51224,6.03833,-14.15702,18.15658,7.79091,3.10192,0.80137,84.46445,-3.579663,-1.147045,0.409132,NA,NA,NA,NA,NA,NA,NA,NA,NA,NA,NA,-4.71524,9.87855,-2.31734,50,4.99563,5.65414,-134.86788,-2.38869,-8.64962,30.44216,-14.05291,HOL_SPR1,WLM_SHK,TingStadium,CPL,CPL,20250622-TingStadium-1,00010f70-4fc0-11f0-94df-5159efd1a280,92.12771,NA,NA,8.48846,NA,NA,NA,NA,NA,NA,7a202cac-ef26-47e8-8964-ed2f034dc92d,2025-06-22,23:24:09,2025-06-22T23:24:09Z,2025-06-22T23:24:09Z,NA,v3,NA,NA,NA,"Bonn, Preston",827396,Right,HOL_SPR1,ee2fdca5-1211-401b-babb-b085dba4ca03,54.46068,-135.87101,15.22108,5.06672,-1.92562,-7.02646,-2.50835,5.93916,-4.32481,NA,NA,NA,NA,NA,NA,NA,NA,NA,NA,NA,NA,NA,NA,NA,NA,NA,NA,NA,NA,NA,NA,NA,NA,NA,NA,NA,NA,NA,NA,NA,NA,NA,NA,NA,NA,NA,NA,NA,NA,NA,NA,NA,NA,NA,NA,NA,NA,NA,NA,High,High,High,NA,NA,NA,NA,NA,NA,NA,NA,NA,NA,NA,NA,NA,NA,NA,NA,NA,NA,NA,NA,NA,NA,NA,NA,NA,NA,NA,NA,NA,NA,NA,NA,NA,NA,NA,NA,NA,NA,NA,NA,NA,NA,NA,NA,NA,NA,NA,NA,NA,NA,NA,NA,NA,NA,NA,NA,NA,NA
NA,NA,NA,NA,NA,NA,NA,NA,NA,NA,NA,NA,NA,NA,NA,NA,250,2025-06-22,19:24:23,1,2,"Rouse, Scott",833071,Right,HOL_SPR1,"Albus, Chaise",832754,Left,WLM_SHK,Undefined,8,Top,0,1,0,Fastball,Sinker,FoulBallNotFieldable,Undefined,Undefined,Undefined,0,0,NA,92.18143,-0.997846,-3.400266,2179.727614,226.059136,01:30:00,5.00117,2.47751,6.22154,-20.04127,12.59981,11.96213,2.40856,0.33299,83.92062,-4.792568,-1.244657,0.411201,NA,NA,NA,NA,NA,NA,NA,NA,NA,NA,NA,-7.21103,7.14252,-2.22867,50,4.91633,7.45133,-133.74049,-2.95143,-13.00724,29.94431,-19.2904,HOL_SPR1,WLM_SHK,TingStadium,CPL,CPL,20250622-TingStadium-1,083547b0-4fc0-11f0-94df-5159efd1a280,91.66437,NA,NA,8.2608,NA,NA,NA,NA,NA,NA,7a202cac-ef26-47e8-8964-ed2f034dc92d,2025-06-22,23:24:23,2025-06-22T23:24:23Z,2025-06-22T23:24:23Z,NA,v3,NA,NA,NA,"Bonn, Preston",827396,Right,HOL_SPR1,a78258b8-4bee-456b-b856-3538b278d4b4,54.28018,-134.6954,14.97216,5.00064,-2.33627,-9.6452,-2.4729,7.86612,-6.50362,NA,NA,NA,NA,NA,NA,NA,NA,NA,NA,NA,NA,NA,NA,NA,NA,NA,NA,NA,NA,NA,NA,NA,NA,NA,NA,NA,NA,NA,NA,NA,NA,NA,NA,NA,NA,NA,NA,NA,NA,NA,NA,NA,NA,NA,NA,NA,NA,NA,NA,High,High,High,NA,NA,NA,NA,NA,NA,NA,NA,NA,NA,NA,NA,NA,NA,NA,NA,NA,NA,NA,NA,NA,NA,NA,NA,NA,NA,NA,NA,NA,NA,NA,NA,NA,NA,NA,NA,NA,NA,NA,NA,NA,NA,NA,NA,NA,NA,NA,NA,NA,NA,NA,NA,NA,NA,NA,NA,NA,NA
NA,NA,NA,NA,NA,NA,NA,NA,NA,NA,NA,NA,NA,NA,NA,NA,251,2025-06-22,19:24:42,1,3,"Rouse, Scott",833071,Right,HOL_SPR1,"Albus, Chaise",832754,Left,WLM_SHK,Undefined,8,Top,0,1,1,Slider,Slider,BallCalled,Undefined,Undefined,Undefined,0,0,NA,84.7918,1.676749,-1.299248,2156.307615,164.3959,11:30:00,4.85406,2.51674,5.77887,-35.16825,3.61473,-0.69492,3.48443,1.24968,77.97583,-4.809385,-1.423637,0.448221,NA,NA,NA,NA,NA,NA,NA,NA,NA,NA,NA,0.01693,1.77681,-2.40904,50,4.97136,2.82228,-123.18328,2.40331,0.02621,22.91599,-29.42539,HOL_SPR1,WLM_SHK,TingStadium,CPL,CPL,20250622-TingStadium-1,1360ee00-4fc0-11f0-94df-5159efd1a280,84.09347,NA,NA,6.81597,NA,NA,NA,NA,NA,NA,7a202cac-ef26-47e8-8964-ed2f034dc92d,2025-06-22,23:24:42,2025-06-22T23:24:42Z,2025-06-22T23:24:42Z,NA,v3,NA,NA,NA,"Bonn, Preston",827396,Right,HOL_SPR1,78ef1904-06f0-43fb-8e6d-3f583beba267,54.72254,-124.05871,11.458,4.85808,3.52741,-14.71269,-2.51684,2.82128,0.01311,NA,NA,NA,NA,NA,NA,NA,NA,NA,NA,NA,NA,NA,NA,NA,NA,NA,NA,NA,NA,NA,NA,NA,NA,NA,NA,NA,NA,NA,NA,NA,NA,NA,NA,NA,NA,NA,NA,NA,NA,NA,NA,NA,NA,NA,NA,NA,NA,NA,NA,High,High,High,NA,NA,NA,NA,NA,NA,NA,NA,NA,NA,NA,NA,NA,NA,NA,NA,NA,NA,NA,NA,NA,NA,NA,NA,NA,NA,NA,NA,NA,NA,NA,NA,NA,NA,NA,NA,NA,NA,NA,NA,NA,NA,NA,NA,NA,NA,NA,NA,NA,NA,NA,NA,NA,NA,NA,NA,NA,NA
NA,NA,NA,NA,NA,NA,NA,NA,NA,NA,NA,NA,NA,NA,NA,NA,252,2025-06-22,19:24:56,1,4,"Rouse, Scott",833071,Right,HOL_SPR1,"Albus, Chaise",832754,Left,WLM_SHK,Undefined,8,Top,0,2,1,Slider,Slider,StrikeSwinging,Undefined,Undefined,Undefined,0,0,NA,84.69007,1.174308,-3.292473,2000.487472,141.5629,10:45:00,4.79596,2.47646,5.78051,-34.17226,4.84315,-2.93504,3.04289,-0.83505,77.87999,-5.124154,-3.816403,0.449562,NA,NA,NA,NA,NA,NA,NA,NA,NA,NA,NA,0.63327,2.49768,-2.20261,50,4.8723,7.18696,-122.88901,1.37266,0.97324,23.22261,-28.33558,HOL_SPR1,WLM_SHK,TingStadium,CPL,CPL,20250622-TingStadium-1,1c23aaa0-4fc0-11f0-94df-5159efd1a280,83.84261,NA,NA,6.81008,NA,NA,NA,NA,NA,NA,7a202cac-ef26-47e8-8964-ed2f034dc92d,2025-06-22,23:24:56,2025-06-22T23:24:56Z,2025-06-22T23:24:56Z,NA,v3,NA,NA,NA,"Bonn, Preston",827396,Right,HOL_SPR1,d3093f42-864d-4ecd-9254-80f18b8f3e16,54.7218,-123.77808,11.6113,4.79898,2.45748,-14.16779,-2.47705,7.1497,0.48662,NA,NA,NA,NA,NA,NA,NA,NA,NA,NA,NA,NA,NA,NA,NA,NA,NA,NA,NA,NA,NA,NA,NA,NA,NA,NA,NA,NA,NA,NA,NA,NA,NA,NA,NA,NA,NA,NA,NA,NA,NA,NA,NA,NA,NA,NA,NA,NA,NA,NA,High,High,High,NA,NA,NA,NA,NA,NA,NA,NA,NA,NA,NA,NA,NA,NA,NA,NA,NA,NA,NA,NA,NA,NA,NA,NA,NA,NA,NA,NA,NA,NA,NA,NA,NA,NA,NA,NA,NA,NA,NA,NA,NA,NA,NA,NA,NA,NA,NA,NA,NA,NA,NA,NA,NA,NA,NA,NA,NA,NA
NA,NA,NA,NA,NA,NA,NA,NA,NA,NA,NA,NA,NA,NA,NA,NA,253,2025-06-22,19:25:13,1,5,"Rouse, Scott",833071,Right,HOL_SPR1,"Albus, Chaise",832754,Left,WLM_SHK,Undefined,8,Top,0,2,2,ChangeUp,Changeup,BallCalled,Undefined,Undefined,Undefined,0,0,NA,85.6503,0.249303,-2.860569,1799.895488,269.214278,03:00:00,4.7017,2.6413,5.88543,-36.65376,1.41209,16.95603,1.87902,1.39565,78.5419,-6.509788,0.181323,0.444058,NA,NA,NA,NA,NA,NA,NA,NA,NA,NA,NA,-9.42847,1.0378,-2.41989,50,4.70079,5.51897,-124.36394,-0.71885,-14.78378,24.66336,-30.54679,HOL_SPR1,WLM_SHK,TingStadium,CPL,CPL,20250622-TingStadium-1,261c7640-4fc0-11f0-94df-5159efd1a280,84.88187,NA,NA,7.1084,NA,NA,NA,NA,NA,NA,7a202cac-ef26-47e8-8964-ed2f034dc92d,2025-06-22,23:25:13,2025-06-22T23:25:13Z,2025-06-22T23:25:13Z,NA,v3,NA,NA,NA,"Bonn, Preston",827396,Right,HOL_SPR1,8f15dc20-42d5-4993-badc-5604a2e37530,54.61721,-125.27626,12.33168,4.70649,0.41111,-15.27339,-2.63416,6.06584,-7.39189,NA,NA,NA,NA,NA,NA,NA,NA,NA,NA,NA,NA,NA,NA,NA,NA,NA,NA,NA,NA,NA,NA,NA,NA,NA,NA,NA,NA,NA,NA,NA,NA,NA,NA,NA,NA,NA,NA,NA,NA,NA,NA,NA,NA,NA,NA,NA,NA,NA,NA,High,High,High,NA,NA,NA,NA,NA,NA,NA,NA,NA,NA,NA,NA,NA,NA,NA,NA,NA,NA,NA,NA,NA,NA,NA,NA,NA,NA,NA,NA,NA,NA,NA,NA,NA,NA,NA,NA,NA,NA,NA,NA,NA,NA,NA,NA,NA,NA,NA,NA,NA,NA,NA,NA,NA,NA,NA,NA,NA,NA
NA,NA,NA,NA,NA,NA,NA,NA,NA,NA,NA,NA,NA,NA,NA,NA,254,2025-06-22,19:25:29,1,6,"Rouse, Scott",833071,Right,HOL_SPR1,"Albus, Chaise",832754,Left,WLM_SHK,Undefined,8,Top,0,3,2,ChangeUp,Changeup,FoulBallNotFieldable,Undefined,Undefined,Undefined,0,0,NA,83.63412,-0.677845,-3.82513,1814.198711,261.205576,02:45:00,4.76233,2.49884,5.92913,-36.44774,3.43229,14.2443,1.09463,0.13133,76.9104,-7.395657,-1.270717,0.454516,NA,NA,NA,NA,NA,NA,NA,NA,NA,NA,NA,-8.51162,2.20602,-2.20133,50,4.68684,7.58698,-121.36735,-2.61475,-12.71564,23.40342,-28.87841,HOL_SPR1,WLM_SHK,TingStadium,CPL,CPL,20250622-TingStadium-1,2f613420-4fc0-11f0-94df-5159efd1a280,82.92873,NA,NA,6.72371,NA,NA,NA,NA,NA,NA,7a202cac-ef26-47e8-8964-ed2f034dc92d,2025-06-22,23:25:29,2025-06-22T23:25:29Z,2025-06-22T23:25:29Z,NA,v3,NA,NA,NA,"Bonn, Preston",827396,Right,HOL_SPR1,222f2535-1bee-488d-93ea-fd37231c1b19,54.57605,-122.24657,11.70171,4.76469,-1.52985,-14.43921,-2.49532,8.06469,-6.35782,NA,NA,NA,NA,NA,NA,NA,NA,NA,NA,NA,NA,NA,NA,NA,NA,NA,NA,NA,NA,NA,NA,NA,NA,NA,NA,NA,NA,NA,NA,NA,NA,NA,NA,NA,NA,NA,NA,NA,NA,NA,NA,NA,NA,NA,NA,NA,NA,NA,NA,High,High,High,NA,NA,NA,NA,NA,NA,NA,NA,NA,NA,NA,NA,NA,NA,NA,NA,NA,NA,NA,NA,NA,NA,NA,NA,NA,NA,NA,NA,NA,NA,NA,NA,NA,NA,NA,NA,NA,NA,NA,NA,NA,NA,NA,NA,NA,NA,NA,NA,NA,NA,NA,NA,NA,NA,NA,NA,NA,NA
NA,NA,NA,NA,NA,NA,NA,NA,NA,NA,NA,NA,NA,NA,NA,NA,255,2025-06-22,19:25:49,1,7,"Rouse, Scott",833071,Right,HOL_SPR1,"Albus, Chaise",832754,Left,WLM_SHK,Undefined,8,Top,0,3,2,Fastball,Sinker,StrikeSwinging,Strikeout,Undefined,Undefined,0,0,NA,93.22038,-0.574837,-3.553237,2098.090243,230.242906,01:45:00,4.97392,2.49615,6.06508,-18.00804,14.01123,15.60969,2.94019,0.5042,84.98381,-3.989729,-0.74924,0.407265,NA,NA,NA,NA,NA,NA,NA,NA,NA,NA,NA,-9.01922,7.6828,-2.22836,50,4.91956,7.71978,-135.24064,-1.92016,-16.69526,29.6393,-17.95262,HOL_SPR1,WLM_SHK,TingStadium,CPL,CPL,20250622-TingStadium-1,3b636450-4fc0-11f0-94df-5159efd1a280,92.55016,NA,NA,8.23657,NA,NA,NA,NA,NA,NA,7a202cac-ef26-47e8-8964-ed2f034dc92d,2025-06-22,23:25:49,2025-06-22T23:25:49Z,2025-06-22T23:25:49Z,NA,v3,NA,NA,NA,"Bonn, Preston",827396,Right,HOL_SPR1,00c09ca3-fc23-4576-b736-0b738433380f,54.43641,-136.20945,14.81965,4.97273,-1.33335,-8.97631,-2.48961,8.2655,-8.34763,NA,NA,NA,NA,NA,NA,NA,NA,NA,NA,NA,NA,NA,NA,NA,NA,NA,NA,NA,NA,NA,NA,NA,NA,NA,NA,NA,NA,69.70004,NA,NA,0.956738,NA,NA,NA,-2.29399,5.54274,-4.34617,74.3719,4.99387,-50.42214,-2.26456,84.72129,-4.8227,5.5813,13.26197,-14.49498,-4.40361,-54.26023,6.42839,High,High,High,NA,NA,High,High,High,NA,NA,NA,NA,NA,NA,NA,NA,NA,NA,NA,NA,NA,NA,NA,NA,NA,NA,NA,NA,NA,NA,NA,NA,NA,NA,NA,NA,NA,NA,NA,NA,NA,NA,NA,NA,NA,NA,NA,NA,NA,NA,NA,NA,NA,NA,NA,NA,NA,NA,NA,NA,NA
NA,NA,NA,NA,NA,NA,NA,NA,NA,NA,NA,NA,NA,NA,NA,NA,256,2025-06-22,19:26:15,2,1,"Rouse, Scott",833071,Right,HOL_SPR1,"Suto, Cameron",1000124567,Right,WLM_SHK,Undefined,8,Top,1,0,0,Fastball,Sinker,FoulBallNotFieldable,Undefined,Undefined,Undefined,0,0,NA,92.66641,-1.058097,-3.308294,1984.190107,223.06206,01:30:00,5.02896,2.32427,6.11878,-18.79651,13.533,11.6815,2.48256,0.23559,84.58296,-4.615242,-1.207186,0.409233,77.19023,61.932741,56.437082,1971.516986,NA,NA,NA,NA,37.04952,NA,NA,-7.01965,7.60851,-2.07675,50,4.93791,7.28919,-134.48209,-3.07485,-12.83985,29.49234,-18.2571,HOL_SPR1,WLM_SHK,TingStadium,CPL,CPL,20250622-TingStadium-1,4b2a8bc0-4fc0-11f0-94df-5159efd1a280,92.10504,56.48108,NA,8.08344,NA,NA,NA,3.55903,2.65244,-0.28232,7a202cac-ef26-47e8-8964-ed2f034dc92d,2025-06-22,23:26:15,2025-06-22T23:26:15Z,2025-06-22T23:26:15Z,NA,v3,NA,NA,NA,"Bonn, Preston",827396,Right,HOL_SPR1,2ffef1f1-9c3a-4efa-8bbb-4f2cd6aee6fc,54.38394,-135.44009,14.74617,5.02816,-2.4818,-9.12855,-2.3203,7.70626,-6.41992,NA,3.55903,29.44889,-5.70295,-0.97764,0.64687,-0.26119,0.08113,-0.02156,0.00338,2.65244,99.89793,-38.68915,7.18368,-1.66377,0.3532,-0.07132,0.01329,-0.00141,-0.28232,44.38644,-4.25753,3.40152,-1.1966,0.36933,-0.10155,0.02464,-0.00358,NA,NA,NA,NA,NA,NA,NA,NA,NA,NA,NA,NA,NA,NA,NA,NA,NA,NA,NA,NA,NA,NA,High,High,High,Low,Undefined,NA,NA,NA,NA,NA,NA,NA,NA,NA,NA,NA,NA,NA,NA,NA,NA,NA,NA,NA,NA,NA,NA,NA,NA,NA,NA,NA,NA,NA,NA,NA,NA,NA,NA,NA,NA,NA,NA,NA,NA,NA,NA,NA,NA,NA,NA,NA,NA,NA,NA,NA,NA,NA,NA,NA,NA
NA,NA,NA,NA,NA,NA,NA,NA,NA,NA,NA,NA,NA,NA,NA,NA,257,2025-06-22,19:26:55,2,2,"Rouse, Scott",833071,Right,HOL_SPR1,"Suto, Cameron",1000124567,Right,WLM_SHK,Undefined,8,Top,1,0,1,Slider,Slider,InPlay,Undefined,LineDrive,Error,0,0,NA,85.64177,-0.184663,-2.809179,2048.105543,160.095384,11:15:00,4.79942,2.46057,5.94734,-32.12226,5.70394,-1.66512,1.95107,-0.28596,78.96522,-6.119566,-3.107853,0.442657,70.55272,12.983454,-19.414272,1080.66048,NA,NA,NA,133.57653,133.49708,-17.7599,1.476323,0.12693,3.27095,-2.23574,50,4.76633,6.1688,-124.41403,-1.45358,0.19998,23.75544,-27.02071,HOL_SPR1,WLM_SHK,TingStadium,CPL,CPL,20250622-TingStadium-1,63326e90-4fc0-11f0-94df-5159efd1a280,85.15035,9.90139,NA,6.67655,NA,NA,NA,4.18561,2.24856,0.1225,7a202cac-ef26-47e8-8964-ed2f034dc92d,2025-06-22,23:26:55,2025-06-22T23:26:55Z,2025-06-22T23:26:55Z,GroundBall,v3,NA,NA,NA,"Bonn, Preston",827396,Right,HOL_SPR1,05c00ac6-3004-4d5c-981f-86412efd74e2,54.55643,-125.28101,11.87772,4.80138,-0.46743,-13.51035,-2.46074,6.1615,0.09999,281.576281,4.18562,95.09746,-8.95477,0.80979,0.08909,-0.41859,0.39183,-0.18064,0.03362,2.24855,23.24878,-18.4918,1.41866,-0.36742,0.31736,-0.2446,0.10984,-0.02036,0.1225,-33.51525,4.12579,-0.13776,-0.16251,0.36648,-0.32958,0.15128,-0.02814,NA,NA,NA,NA,NA,NA,NA,NA,NA,NA,NA,NA,NA,NA,NA,NA,NA,NA,NA,NA,NA,NA,High,High,High,High,High,NA,NA,NA,NA,NA,NA,NA,NA,NA,NA,NA,NA,NA,NA,NA,NA,NA,NA,NA,NA,NA,NA,NA,NA,NA,NA,NA,NA,NA,NA,NA,NA,NA,NA,NA,NA,NA,NA,NA,NA,NA,NA,NA,NA,NA,NA,NA,NA,NA,NA,NA,NA,NA,NA,NA,NA
NA,NA,NA,NA,NA,NA,NA,NA,NA,NA,NA,NA,NA,NA,NA,NA,258,2025-06-22,19:27:41,3,1,"Rouse, Scott",833071,Right,HOL_SPR1,"Vidal, Andre",824180,Right,WLM_SHK,Undefined,8,Top,1,0,0,Fastball,Sinker,StrikeCalled,Undefined,Undefined,Undefined,0,0,NA,91.9983,-1.377519,-4.008009,1980.048284,234.872661,01:45:00,5.04789,2.35411,5.93989,-21.59942,11.65957,14.96985,1.96665,-0.12266,83.55389,-5.436683,-1.326528,0.415074,NA,NA,NA,NA,NA,NA,NA,NA,NA,NA,NA,-8.90371,6.71957,-2.0426,50,4.92562,8.69654,-133.2838,-3.92524,-15.91315,30.371,-20.16448,HOL_SPR1,WLM_SHK,TingStadium,CPL,CPL,20250622-TingStadium-1,7e685fd0-4fc0-11f0-94df-5159efd1a280,90.80886,NA,NA,8.44441,NA,NA,NA,NA,NA,NA,7a202cac-ef26-47e8-8964-ed2f034dc92d,2025-06-22,23:27:41,2025-06-22T23:27:41Z,2025-06-22T23:27:41Z,NA,v3,NA,NA,NA,"Bonn, Preston",827396,Right,HOL_SPR1,63948ec7-c899-44b2-a48f-7b157739ca49,54.56191,-134.31929,15.1855,5.04773,-3.23774,-10.08224,-2.34835,9.23909,-7.95657,NA,NA,NA,NA,NA,NA,NA,NA,NA,NA,NA,NA,NA,NA,NA,NA,NA,NA,NA,NA,NA,NA,NA,NA,NA,NA,NA,NA,NA,NA,NA,NA,NA,NA,NA,NA,NA,NA,NA,NA,NA,NA,NA,NA,NA,NA,NA,NA,NA,NA,High,High,High,NA,NA,NA,NA,NA,NA,NA,NA,NA,NA,NA,NA,NA,NA,NA,NA,NA,NA,NA,NA,NA,NA,NA,NA,NA,NA,NA,NA,NA,NA,NA,NA,NA,NA,NA,NA,NA,NA,NA,NA,NA,NA,NA,NA,NA,NA,NA,NA,NA,NA,NA,NA,NA,NA,NA,NA,NA,NA
NA,NA,NA,NA,NA,NA,NA,NA,NA,NA,NA,NA,NA,NA,NA,NA,259,2025-06-22,19:28:02,3,2,"Rouse, Scott",833071,Right,HOL_SPR1,"Vidal, Andre",824180,Right,WLM_SHK,Undefined,8,Top,1,0,1,Fastball,Sinker,FoulBallNotFieldable,Undefined,Undefined,Undefined,0,0,NA,92.02683,-1.049709,-4.078139,1971.332445,235.833447,01:45:00,5.03132,2.19208,6.12963,-21.80686,11.21485,14.86556,2.24118,-0.34525,83.49224,-5.162573,-1.4064,0.413591,96.42348,7.612681,71.427145,3927.312302,29.85586,11.01919,105.87081,198.19288,99.94005,76.801288,1.924696,-8.87847,6.43528,-1.88733,50,4.93956,8.87233,-133.34363,-3.14689,-15.87254,30.56173,-20.6693,HOL_SPR1,WLM_SHK,TingStadium,CPL,CPL,20250622-TingStadium-1,8ac66ba0-4fc0-11f0-94df-5159efd1a280,91.13454,11.01692,NA,8.53458,NA,NA,NA,-0.14276,2.18512,-0.20754,7a202cac-ef26-47e8-8964-ed2f034dc92d,2025-06-22,23:28:02,2025-06-22T23:28:02Z,2025-06-22T23:28:02Z,LineDrive,v3,NA,NA,NA,"Bonn, Preston",827396,Right,HOL_SPR1,0cf21ae6-27b6-49c7-b761-83b4f453050b,54.37112,-134.34173,15.28086,5.03131,-2.47186,-10.33465,-2.18555,9.3907,-7.93627,NA,-0.14276,44.64698,-16.52107,4.2799,-1.05689,0.25784,-0.05888,0.01038,-9.5e-4,2.18512,18.73479,-9.12414,-1.25096,0.54256,-0.18072,0.0525,-0.01112,0.00118,-0.20754,132.87402,-24.23567,5.38267,-1.14993,0.24516,-0.0489,0.00741,-5.8e-4,NA,NA,NA,NA,NA,NA,NA,NA,NA,NA,NA,NA,NA,NA,NA,NA,NA,NA,NA,NA,NA,NA,High,High,High,Medium,Low,NA,NA,NA,NA,NA,NA,NA,NA,NA,NA,NA,NA,NA,NA,NA,NA,NA,NA,NA,NA,NA,NA,NA,NA,NA,NA,NA,NA,NA,NA,NA,NA,NA,NA,NA,NA,NA,NA,NA,NA,NA,NA,NA,NA,NA,NA,NA,NA,NA,NA,NA,NA,NA,NA,NA,NA
NA,NA,NA,NA,NA,NA,NA,NA,NA,NA,NA,NA,NA,NA,NA,NA,260,2025-06-22,19:28:29,3,3,"Rouse, Scott",833071,Right,HOL_SPR1,"Vidal, Andre",824180,Right,WLM_SHK,Undefined,8,Top,1,0,2,Fastball,Sinker,BallCalled,Undefined,Undefined,Undefined,0,0,NA,92.20914,-0.234617,-5.411293,2020.538653,230.212078,01:45:00,5.03428,2.1393,5.90418,-20.29411,12.73335,14.03044,3.12433,-1.72985,84.1221,-4.045844,-2.909775,0.413627,NA,NA,NA,NA,NA,NA,NA,NA,NA,NA,NA,-8.62831,6.89319,-1.71101,50,5.0037,12.02034,-133.42125,-1.21374,-15.58411,28.1683,-19.72381,HOL_SPR1,WLM_SHK,TingStadium,CPL,CPL,20250622-TingStadium-1,9b2b59b0-4fc0-11f0-94df-5159efd1a280,91.12666,NA,NA,8.08703,NA,NA,NA,NA,NA,NA,7a202cac-ef26-47e8-8964-ed2f034dc92d,2025-06-22,23:28:29,2025-06-22T23:28:29Z,2025-06-22T23:28:29Z,NA,v3,NA,NA,NA,"Bonn, Preston",827396,Right,HOL_SPR1,19472a51-682e-462f-9ab7-1a232f1cf77c,54.59693,-134.38826,14.08415,5.03375,-0.53663,-9.8619,-2.13284,12.55534,-7.79206,NA,NA,NA,NA,NA,NA,NA,NA,NA,NA,NA,NA,NA,NA,NA,NA,NA,NA,NA,NA,NA,NA,NA,NA,NA,NA,NA,NA,NA,NA,NA,NA,NA,NA,NA,NA,NA,NA,NA,NA,NA,NA,NA,NA,NA,NA,NA,NA,NA,NA,High,High,High,NA,NA,NA,NA,NA,NA,NA,NA,NA,NA,NA,NA,NA,NA,NA,NA,NA,NA,NA,NA,NA,NA,NA,NA,NA,NA,NA,NA,NA,NA,NA,NA,NA,NA,NA,NA,NA,NA,NA,NA,NA,NA,NA,NA,NA,NA,NA,NA,NA,NA,NA,NA,NA,NA,NA,NA,NA,NA
NA,NA,NA,NA,NA,NA,NA,NA,NA,NA,NA,NA,NA,NA,NA,NA,261,2025-06-22,19:29:36,3,4,"Rouse, Scott",833071,Right,HOL_SPR1,"Vidal, Andre",824180,Right,WLM_SHK,Undefined,8,Top,1,1,2,ChangeUp,Changeup,FoulBallNotFieldable,Undefined,Undefined,Undefined,0,0,NA,85.71424,0.901278,-3.504273,1537.60586,287.835069,03:30:00,4.82054,2.42043,6.00054,-41.38845,-3.53079,14.58044,2.20829,0.38425,78.65584,-6.717048,-0.885433,0.442842,NA,NA,NA,NA,NA,NA,NA,NA,NA,NA,NA,-8.50831,-1.76843,-2.15257,50,4.86854,7.04915,-124.43323,0.55209,-13.3587,24.6404,-34.95059,HOL_SPR1,WLM_SHK,TingStadium,CPL,CPL,20250622-TingStadium-1,c2d290a0-4fc0-11f0-94df-5159efd1a280,85.11496,NA,NA,7.0584,NA,NA,NA,NA,NA,NA,7a202cac-ef26-47e8-8964-ed2f034dc92d,2025-06-22,23:29:36,2025-06-22T23:29:36Z,2025-06-22T23:29:36Z,NA,v3,NA,NA,NA,"Bonn, Preston",827396,Right,HOL_SPR1,64fa41d3-72da-4779-b641-011569544f98,54.50407,-125.32196,12.3202,4.8259,1.81268,-17.47529,-2.41551,7.53097,-6.67935,NA,NA,NA,NA,NA,NA,NA,NA,NA,NA,NA,NA,NA,NA,NA,NA,NA,NA,NA,NA,NA,NA,NA,NA,NA,NA,NA,NA,NA,NA,NA,NA,NA,NA,NA,NA,NA,NA,NA,NA,NA,NA,NA,NA,NA,NA,NA,NA,NA,NA,High,High,High,NA,NA,NA,NA,NA,NA,NA,NA,NA,NA,NA,NA,NA,NA,NA,NA,NA,NA,NA,NA,NA,NA,NA,NA,NA,NA,NA,NA,NA,NA,NA,NA,NA,NA,NA,NA,NA,NA,NA,NA,NA,NA,NA,NA,NA,NA,NA,NA,NA,NA,NA,NA,NA,NA,NA,NA,NA,NA
NA,NA,NA,NA,NA,NA,NA,NA,NA,NA,NA,NA,NA,NA,NA,NA,262,2025-06-22,19:29:58,3,5,"Rouse, Scott",833071,Right,HOL_SPR1,"Vidal, Andre",824180,Right,WLM_SHK,Undefined,8,Top,1,1,2,Slider,Slider,StrikeSwinging,Strikeout,Undefined,Undefined,0,0,NA,84.69281,1.031827,-2.119597,2039.580551,160.086695,11:15:00,4.88772,2.20622,5.62325,-33.73679,6.42807,-1.78579,3.04001,0.07846,75.96983,-5.241617,-2.43811,0.456136,NA,NA,NA,NA,NA,NA,NA,NA,NA,NA,NA,0.18303,3.34516,-2.02422,50,4.95449,4.61462,-122.63104,1.06053,0.27295,28.92371,-27.18537,HOL_SPR1,WLM_SHK,TingStadium,CPL,CPL,20250622-TingStadium-1,d051c3e0-4fc0-11f0-94df-5159efd1a280,82.63417,NA,NA,8.72298,NA,NA,NA,NA,NA,NA,7a202cac-ef26-47e8-8964-ed2f034dc92d,2025-06-22,23:29:58,2025-06-22T23:29:58Z,2025-06-22T23:29:58Z,NA,v3,NA,NA,NA,"Bonn, Preston",827396,Right,HOL_SPR1,2bd2fef1-7816-4a69-9835-cbd2b21b949c,54.8743,-123.77535,14.46186,4.89126,2.13607,-13.59268,-2.20657,4.60382,0.13648,NA,NA,NA,NA,NA,NA,NA,NA,NA,NA,NA,NA,NA,NA,NA,NA,NA,NA,NA,NA,NA,NA,NA,NA,NA,NA,NA,NA,NA,NA,NA,NA,NA,NA,NA,NA,NA,NA,NA,NA,NA,NA,NA,NA,NA,NA,NA,NA,NA,NA,High,High,High,NA,NA,NA,NA,NA,NA,NA,NA,NA,NA,NA,NA,NA,NA,NA,NA,NA,NA,NA,NA,NA,NA,NA,NA,NA,NA,NA,NA,NA,NA,NA,NA,NA,NA,NA,NA,NA,NA,NA,NA,NA,NA,NA,NA,NA,NA,NA,NA,NA,NA,NA,NA,NA,NA,NA,NA,NA,NA
NA,NA,NA,NA,NA,NA,NA,NA,NA,NA,NA,NA,NA,NA,NA,NA,263,2025-06-22,19:30:31,4,1,"Rouse, Scott",833071,Right,HOL_SPR1,"Culley, Jason",1000254934,Left,WLM_SHK,Undefined,8,Top,2,0,0,ChangeUp,Changeup,StrikeCalled,Undefined,Undefined,Undefined,0,0,NA,84.88573,1.75415,-3.513611,1691.772808,288.309105,03:30:00,4.70446,2.53466,5.63532,-44.40833,-5.02611,19.06564,2.644,0.84113,77.34773,-6.377289,-0.113232,0.45167,NA,NA,NA,NA,NA,NA,NA,NA,NA,NA,NA,-10.66146,-2.66177,-2.24786,50,4.82551,6.75682,-123.05498,2.16721,-16.28328,25.31619,-36.23936,HOL_SPR1,WLM_SHK,TingStadium,CPL,CPL,20250622-TingStadium-1,e3cd8ee0-4fc0-11f0-94df-5159efd1a280,83.45125,NA,NA,7.538,NA,NA,NA,NA,NA,NA,7a202cac-ef26-47e8-8964-ed2f034dc92d,2025-06-22,23:30:31,2025-06-22T23:30:31Z,2025-06-22T23:30:31Z,NA,v3,NA,NA,NA,"Bonn, Preston",827396,Right,HOL_SPR1,81aaa1a5-c28e-4b76-abd6-b2dd19adbf5f,54.86853,-124.05254,12.6581,4.71198,3.59519,-18.11968,-2.52675,7.39845,-8.14164,NA,NA,NA,NA,NA,NA,NA,NA,NA,NA,NA,NA,NA,NA,NA,NA,NA,NA,NA,NA,NA,NA,NA,NA,NA,NA,NA,NA,NA,NA,NA,NA,NA,NA,NA,NA,NA,NA,NA,NA,NA,NA,NA,NA,NA,NA,NA,NA,NA,NA,High,High,High,NA,NA,NA,NA,NA,NA,NA,NA,NA,NA,NA,NA,NA,NA,NA,NA,NA,NA,NA,NA,NA,NA,NA,NA,NA,NA,NA,NA,NA,NA,NA,NA,NA,NA,NA,NA,NA,NA,NA,NA,NA,NA,NA,NA,NA,NA,NA,NA,NA,NA,NA,NA,NA,NA,NA,NA,NA,NA
NA,NA,NA,NA,NA,NA,NA,NA,NA,NA,NA,NA,NA,NA,NA,NA,264,2025-06-22,19:30:50,4,2,"Rouse, Scott",833071,Right,HOL_SPR1,"Culley, Jason",1000254934,Left,WLM_SHK,Undefined,8,Top,2,0,1,Fastball,Four-Seam,BallCalled,Undefined,Undefined,Undefined,0,0,NA,92.34374,0.212119,-2.860831,2148.432827,223.393015,01:30:00,5.03569,2.13469,5.94131,-15.85087,16.91588,15.00288,3.9118,0.72884,84.0628,-2.817379,-0.170005,0.411991,NA,NA,NA,NA,NA,NA,NA,NA,NA,NA,NA,-8.43745,8.90398,-1.91457,50,5.04358,6.02952,-134.00774,0.03238,-15.3296,29.19448,-15.99684,HOL_SPR1,WLM_SHK,TingStadium,CPL,CPL,20250622-TingStadium-1,eeed7560-4fc0-11f0-94df-5159efd1a280,91.48842,NA,NA,8.28094,NA,NA,NA,NA,NA,NA,7a202cac-ef26-47e8-8964-ed2f034dc92d,2025-06-22,23:30:50,2025-06-22T23:30:50Z,2025-06-22T23:30:50Z,NA,v3,NA,NA,NA,"Bonn, Preston",827396,Right,HOL_SPR1,41652eba-cfeb-46c6-ba2e-37ddff9b4f15,54.55893,-134.99728,14.59724,5.0333,0.57459,-7.99842,-2.12774,6.54911,-7.6648,NA,NA,NA,NA,NA,NA,NA,NA,NA,NA,NA,NA,NA,NA,NA,NA,NA,NA,NA,NA,NA,NA,NA,NA,NA,NA,NA,NA,NA,NA,NA,NA,NA,NA,NA,NA,NA,NA,NA,NA,NA,NA,NA,NA,NA,NA,NA,NA,NA,NA,High,High,High,NA,NA,NA,NA,NA,NA,NA,NA,NA,NA,NA,NA,NA,NA,NA,NA,NA,NA,NA,NA,NA,NA,NA,NA,NA,NA,NA,NA,NA,NA,NA,NA,NA,NA,NA,NA,NA,NA,NA,NA,NA,NA,NA,NA,NA,NA,NA,NA,NA,NA,NA,NA,NA,NA,NA,NA,NA,NA
NA,NA,NA,NA,NA,NA,NA,NA,NA,NA,NA,NA,NA,NA,NA,NA,265,2025-06-22,19:31:11,4,3,"Rouse, Scott",833071,Right,HOL_SPR1,"Culley, Jason",1000254934,Left,WLM_SHK,Undefined,8,Top,2,1,1,Slider,Slider,StrikeCalled,Undefined,Undefined,Undefined,0,0,NA,85.24842,0.698639,-2.419462,2048.784851,222.117967,01:30:00,4.77836,2.42731,5.8736,-34.68632,3.5074,2.17992,2.53737,0.36032,78.62949,-5.69607,-2.028756,0.444803,NA,NA,NA,NA,NA,NA,NA,NA,NA,NA,NA,-1.74134,1.93343,-2.23274,50,4.81458,5.14767,-123.87044,0.34483,-2.72644,22.95877,-29.14687,HOL_SPR1,WLM_SHK,TingStadium,CPL,CPL,20250622-TingStadium-1,fb6e4b70-4fc0-11f0-94df-5159efd1a280,84.73965,NA,NA,6.61894,NA,NA,NA,NA,NA,NA,7a202cac-ef26-47e8-8964-ed2f034dc92d,2025-06-22,23:31:11,2025-06-22T23:31:11Z,2025-06-22T23:31:11Z,NA,v3,NA,NA,NA,"Bonn, Preston",827396,Right,HOL_SPR1,e9e65255-1a09-4978-b7e0-56ea3025b078,54.62944,-124.72553,11.47938,4.78153,1.43039,-14.57344,-2.42635,5.24922,-1.36322,NA,NA,NA,NA,NA,NA,NA,NA,NA,NA,NA,NA,NA,NA,NA,NA,NA,NA,NA,NA,NA,NA,NA,NA,NA,NA,NA,NA,NA,NA,NA,NA,NA,NA,NA,NA,NA,NA,NA,NA,NA,NA,NA,NA,NA,NA,NA,NA,NA,NA,High,High,High,NA,NA,NA,NA,NA,NA,NA,NA,NA,NA,NA,NA,NA,NA,NA,NA,NA,NA,NA,NA,NA,NA,NA,NA,NA,NA,NA,NA,NA,NA,NA,NA,NA,NA,NA,NA,NA,NA,NA,NA,NA,NA,NA,NA,NA,NA,NA,NA,NA,NA,NA,NA,NA,NA,NA,NA,NA,NA
NA,NA,NA,NA,NA,NA,NA,NA,NA,NA,NA,NA,NA,NA,NA,NA,266,2025-06-22,19:31:33,4,4,"Rouse, Scott",833071,Right,HOL_SPR1,"Culley, Jason",1000254934,Left,WLM_SHK,Undefined,8,Top,2,1,2,ChangeUp,Changeup,InPlay,Undefined,GroundBall,Out,1,0,NA,84.58614,0.67039,-3.837294,1781.992675,281.651072,03:30:00,4.76066,2.57872,5.67795,-42.09727,-2.55764,18.57001,1.87897,0.54351,77.30909,-7.043638,-0.522713,0.452572,NA,NA,NA,NA,NA,NA,NA,NA,NA,NA,NA,-10.5991,-1.17559,-2.26694,50,4.79045,7.47621,-122.65367,-0.04193,-16.10222,24.87597,-33.96001,HOL_SPR1,WLM_SHK,TingStadium,CPL,CPL,20250622-TingStadium-1,087eb750-4fc1-11f0-94df-5159efd1a280,83.28497,NA,NA,7.27705,NA,NA,NA,NA,NA,NA,7a202cac-ef26-47e8-8964-ed2f034dc92d,2025-06-22,23:31:33,2025-06-22T23:31:33Z,2025-06-22T23:31:33Z,NA,v3,NA,NA,NA,"Bonn, Preston",827396,Right,HOL_SPR1,d5f6c130-6f6b-4337-bc02-0b9ce2a9c3d6,54.82652,-123.62868,12.43799,4.76601,1.28913,-16.98,-2.57234,8.10734,-8.05111,NA,NA,NA,NA,NA,NA,NA,NA,NA,NA,NA,NA,NA,NA,NA,NA,NA,NA,NA,NA,NA,NA,NA,NA,NA,NA,NA,NA,NA,NA,NA,NA,NA,NA,NA,NA,NA,NA,NA,NA,NA,NA,NA,NA,NA,NA,NA,NA,NA,NA,High,High,High,NA,NA,NA,NA,NA,NA,NA,NA,NA,NA,NA,NA,NA,NA,NA,NA,NA,NA,NA,NA,NA,NA,NA,NA,NA,NA,NA,NA,NA,NA,NA,NA,NA,NA,NA,NA,NA,NA,NA,NA,NA,NA,NA,NA,NA,NA,NA,NA,NA,NA,NA,NA,NA,NA,NA,NA,NA,NA
NA,NA,NA,NA,NA,NA,NA,NA,NA,NA,NA,NA,NA,NA,NA,NA,267,2025-06-22,19:34:30,1,1,"Granzow, Cade",800684,Right,WLM_SHK,"Bonn, Preston",827396,Right,HOL_SPR1,Undefined,8,Bottom,0,0,0,Slider,Slider,BallCalled,Undefined,Undefined,Undefined,0,0,NA,79.57963,0.996551,-2.338273,1664.160612,159.006997,11:15:00,5.78598,1.72083,5.21853,-36.9149,8.57229,-2.72154,3.64765,-0.70582,72.56412,-5.778643,-2.819843,0.485418,NA,NA,NA,NA,NA,NA,NA,NA,NA,NA,NA,0.67878,4.4424,-1.50268,50,5.85071,4.82163,-115.32714,0.75261,0.91083,22.17821,-26.21284,HOL_SPR1,WLM_SHK,TingStadium,CPL,CPL,20250622-TingStadium-1,7225d5d0-4fc1-11f0-94df-5159efd1a280,77.64943,NA,NA,7.01551,NA,NA,NA,NA,NA,NA,7a202cac-ef26-47e8-8964-ed2f034dc92d,2025-06-22,23:34:30,2025-06-22T23:34:30Z,2025-06-22T23:34:30Z,NA,v3,NA,NA,NA,"Manley, Nathan",1000093427,Right,WLM_SHK,bfb05d09-d06c-492f-b827-fd2d2fd884ec,55.28064,-116.33821,11.0891,5.78916,1.94761,-13.10642,-1.72155,4.78011,0.45541,NA,NA,NA,NA,NA,NA,NA,NA,NA,NA,NA,NA,NA,NA,NA,NA,NA,NA,NA,NA,NA,NA,NA,NA,NA,NA,NA,NA,NA,NA,NA,NA,NA,NA,NA,NA,NA,NA,NA,NA,NA,NA,NA,NA,NA,NA,NA,NA,NA,NA,High,High,High,NA,NA,NA,NA,NA,NA,NA,NA,NA,NA,NA,NA,NA,NA,NA,NA,NA,NA,NA,NA,NA,NA,NA,NA,NA,NA,NA,NA,NA,NA,NA,NA,NA,NA,NA,NA,NA,NA,NA,NA,NA,NA,NA,NA,NA,NA,NA,NA,NA,NA,NA,NA,NA,NA,NA,NA,NA,NA
NA,NA,NA,NA,NA,NA,NA,NA,NA,NA,NA,NA,NA,NA,NA,NA,268,2025-06-22,19:34:46,1,2,"Granzow, Cade",800684,Right,WLM_SHK,"Bonn, Preston",827396,Right,HOL_SPR1,Undefined,8,Bottom,0,1,0,Slider,Changeup,FoulBallNotFieldable,Undefined,Undefined,Undefined,0,0,NA,79.43783,0.364675,-2.663338,1642.998978,196.235398,12:30:00,5.78199,1.7173,5.16286,-37.80104,8.50682,1.98437,2.97553,-0.62601,71.65514,-6.588767,-2.312479,0.489777,NA,NA,NA,NA,NA,NA,NA,NA,NA,NA,NA,-1.85748,4.59646,-1.4702,50,5.78758,5.2651,-114.95099,-0.55174,-2.44458,24.57225,-26.12482,HOL_SPR1,WLM_SHK,TingStadium,CPL,CPL,20250622-TingStadium-1,7bf5bcb0-4fc1-11f0-94df-5159efd1a280,76.9583,NA,NA,7.78269,NA,NA,NA,NA,NA,NA,7a202cac-ef26-47e8-8964-ed2f034dc92d,2025-06-22,23:34:46,2025-06-22T23:34:46Z,2025-06-22T23:34:46Z,NA,v3,NA,NA,NA,"Manley, Nathan",1000093427,Right,WLM_SHK,edfe2e5f-7a2f-4293-a963-c6163a880291,55.33556,-116.08593,12.28613,5.7852,0.65491,-13.06241,-1.716,5.37801,-1.22229,NA,NA,NA,NA,NA,NA,NA,NA,NA,NA,NA,NA,NA,NA,NA,NA,NA,NA,NA,NA,NA,NA,NA,NA,NA,NA,NA,NA,NA,NA,NA,NA,NA,NA,NA,NA,NA,NA,NA,NA,NA,NA,NA,NA,NA,NA,NA,NA,NA,NA,High,High,High,NA,NA,NA,NA,NA,NA,NA,NA,NA,NA,NA,NA,NA,NA,NA,NA,NA,NA,NA,NA,NA,NA,NA,NA,NA,NA,NA,NA,NA,NA,NA,NA,NA,NA,NA,NA,NA,NA,NA,NA,NA,NA,NA,NA,NA,NA,NA,NA,NA,NA,NA,NA,NA,NA,NA,NA,NA,NA
NA,NA,NA,NA,NA,NA,NA,NA,NA,NA,NA,NA,NA,NA,NA,NA,269,2025-06-22,19:35:10,1,3,"Granzow, Cade",800684,Right,WLM_SHK,"Bonn, Preston",827396,Right,HOL_SPR1,Undefined,8,Bottom,0,1,1,Fastball,Four-Seam,FoulBallNotFieldable,Undefined,Undefined,Undefined,0,0,NA,89.63487,-1.657797,-2.615883,2050.888565,217.212987,01:15:00,5.84367,1.5119,5.17969,-19.91497,15.87174,11.1767,2.62211,-0.01985,81.87925,-5.364611,-0.63838,0.430559,89.5708,8.984407,-47.095177,3483.074785,NA,NA,NA,109.66993,109.66993,-48.949699,0.93513,-6.35835,8.73705,-1.27752,50,5.6746,5.43186,-129.9357,-4.46718,-10.86787,27.28198,-17.24046,HOL_SPR1,WLM_SHK,TingStadium,CPL,CPL,20250622-TingStadium-1,89fce4a0-4fc1-11f0-94df-5159efd1a280,87.54311,6.58039,NA,7.75563,NA,NA,NA,2.92385,2.62933,0.05007,7a202cac-ef26-47e8-8964-ed2f034dc92d,2025-06-22,23:35:10,2025-06-22T23:35:10Z,2025-06-22T23:35:10Z,LineDrive,v3,NA,NA,NA,"Manley, Nathan",1000093427,Right,WLM_SHK,e7685ba2-9323-477a-b46d-63c177aca51c,55.32257,-131.04849,13.64099,5.84247,-3.76396,-8.62023,-1.50812,5.87514,-5.43393,NA,2.92385,88.33732,-18.44648,3.93869,-0.96056,0.23695,-0.0598,0.01264,-0.00155,2.62933,20.51553,-28.09795,4.15845,-1.03971,0.2613,-0.06484,0.0141,-0.00179,0.05007,-95.04623,8.51037,-1.9819,0.48745,-0.11998,0.02966,-0.00615,7.3e-4,NA,NA,NA,NA,NA,NA,NA,NA,NA,NA,NA,NA,NA,NA,NA,NA,NA,NA,NA,NA,NA,NA,High,High,High,High,High,NA,NA,NA,NA,NA,NA,NA,NA,NA,NA,NA,NA,NA,NA,NA,NA,NA,NA,NA,NA,NA,NA,NA,NA,NA,NA,NA,NA,NA,NA,NA,NA,NA,NA,NA,NA,NA,NA,NA,NA,NA,NA,NA,NA,NA,NA,NA,NA,NA,NA,NA,NA,NA,NA,NA,NA
NA,NA,NA,NA,NA,NA,NA,NA,NA,NA,NA,NA,NA,NA,NA,NA,270,2025-06-22,19:35:48,1,4,"Granzow, Cade",800684,Right,WLM_SHK,"Bonn, Preston",827396,Right,HOL_SPR1,Undefined,8,Bottom,0,1,2,Fastball,Four-Seam,FoulBallNotFieldable,Undefined,Undefined,Undefined,0,0,NA,89.61472,-1.559412,-2.826526,2044.336778,204.799838,12:45:00,5.87185,1.353,5.08693,-19.9032,15.90623,6.83583,2.74124,-0.74372,82.15615,-5.249412,-1.619887,0.430695,NA,NA,NA,NA,NA,NA,NA,NA,NA,NA,NA,-4.1752,8.66894,-1.09102,50,5.70888,6.10095,-129.90961,-4.25533,-7.16362,26.19679,-17.30031,HOL_SPR1,WLM_SHK,TingStadium,CPL,CPL,20250622-TingStadium-1,a0c2aa80-4fc1-11f0-94df-5159efd1a280,87.51532,NA,NA,7.45857,NA,NA,NA,NA,NA,NA,7a202cac-ef26-47e8-8964-ed2f034dc92d,2025-06-22,23:35:48,2025-06-22T23:35:48Z,2025-06-22T23:35:48Z,NA,v3,NA,NA,NA,"Manley, Nathan",1000093427,Right,WLM_SHK,6334be97-83a2-4ada-a6e2-0cd5190ad314,55.41497,-130.99701,13.0984,5.87061,-3.53722,-8.65015,-1.35044,6.3983,-3.58181,NA,NA,NA,NA,NA,NA,NA,NA,NA,NA,NA,NA,NA,NA,NA,NA,NA,NA,NA,NA,NA,NA,NA,NA,NA,NA,NA,NA,NA,NA,NA,NA,NA,NA,NA,NA,NA,NA,NA,NA,NA,NA,NA,NA,NA,NA,NA,NA,NA,NA,High,High,High,NA,NA,NA,NA,NA,NA,NA,NA,NA,NA,NA,NA,NA,NA,NA,NA,NA,NA,NA,NA,NA,NA,NA,NA,NA,NA,NA,NA,NA,NA,NA,NA,NA,NA,NA,NA,NA,NA,NA,NA,NA,NA,NA,NA,NA,NA,NA,NA,NA,NA,NA,NA,NA,NA,NA,NA,NA,NA
NA,NA,NA,NA,NA,NA,NA,NA,NA,NA,NA,NA,NA,NA,NA,NA,271,2025-06-22,19:36:14,1,5,"Granzow, Cade",800684,Right,WLM_SHK,"Bonn, Preston",827396,Right,HOL_SPR1,Undefined,8,Bottom,0,1,2,Curveball,Curveball,BallCalled,Undefined,Undefined,Undefined,0,0,NA,77.92515,0.529191,-3.982963,1919.09396,43.985317,07:30:00,5.97758,1.17231,5.11338,-51.01515,-3.41398,-4.71685,2.2261,-2.97922,71.74642,-8.670932,-4.814657,0.49657,NA,NA,NA,NA,NA,NA,NA,NA,NA,NA,NA,1.22701,-1.40744,-0.79277,50,5.98759,8.04726,-112.85134,-0.75627,1.58045,20.76281,-33.98693,HOL_SPR1,WLM_SHK,TingStadium,CPL,CPL,20250622-TingStadium-1,b0644890-4fc1-11f0-94df-5159efd1a280,75.90563,NA,NA,6.17873,NA,NA,NA,NA,NA,NA,7a202cac-ef26-47e8-8964-ed2f034dc92d,2025-06-22,23:36:14,2025-06-22T23:36:14Z,2025-06-22T23:36:14Z,NA,v3,NA,NA,NA,"Manley, Nathan",1000093427,Right,WLM_SHK,9da667b4-022e-4320-a487-f9175eb04e9f,55.38929,-113.83856,10.3814,5.98513,0.85973,-16.99347,-1.17361,7.97211,0.79023,NA,NA,NA,NA,NA,NA,NA,NA,NA,NA,NA,NA,NA,NA,NA,NA,NA,NA,NA,NA,NA,NA,NA,NA,NA,NA,NA,NA,NA,NA,NA,NA,NA,NA,NA,NA,NA,NA,NA,NA,NA,NA,NA,NA,NA,NA,NA,NA,NA,NA,High,High,High,NA,NA,NA,NA,NA,NA,NA,NA,NA,NA,NA,NA,NA,NA,NA,NA,NA,NA,NA,NA,NA,NA,NA,NA,NA,NA,NA,NA,NA,NA,NA,NA,NA,NA,NA,NA,NA,NA,NA,NA,NA,NA,NA,NA,NA,NA,NA,NA,NA,NA,NA,NA,NA,NA,NA,NA,NA,NA
NA,NA,NA,NA,NA,NA,NA,NA,NA,NA,NA,NA,NA,NA,NA,NA,272,2025-06-22,19:36:37,1,6,"Granzow, Cade",800684,Right,WLM_SHK,"Bonn, Preston",827396,Right,HOL_SPR1,Undefined,8,Bottom,0,2,2,Slider,Slider,FoulBallNotFieldable,Undefined,Undefined,Undefined,0,0,NA,81.06127,0.96934,-1.229245,1619.422845,112.431114,09:45:00,5.78055,1.65167,5.06002,-43.11597,2.1502,-0.71559,3.10198,0.43263,72.06325,-6.947145,-1.355758,0.484237,86.85779,19.085623,-49.298833,2476.360188,68.84035,23.19038,-85.7963,214.23851,144.73674,-54.593982,2.185017,-0.10409,1.17669,-1.53414,50,5.83892,2.54513,-117.18499,0.43397,-0.13999,28.88196,-30.59131,HOL_SPR1,WLM_SHK,TingStadium,CPL,CPL,20250622-TingStadium-1,bdff8f50-4fc1-11f0-94df-5159efd1a280,77.83879,23.18902,NA,8.99802,NA,NA,NA,2.86239,3.24916,-0.38355,7a202cac-ef26-47e8-8964-ed2f034dc92d,2025-06-22,23:36:37,2025-06-22T23:36:37Z,2025-06-22T23:36:37Z,LineDrive,v3,NA,NA,NA,"Manley, Nathan",1000093427,Right,WLM_SHK,7d719f9e-d9c1-4f33-9345-021d8455f5a5,55.43782,-118.51764,14.44098,5.78633,1.84549,-15.29565,-1.65172,2.55159,-0.07,NA,2.86239,78.50697,-15.94717,3.66674,-0.80573,0.17402,-0.0326,0.00411,-2.4e-4,3.24916,41.65462,-24.24701,3.13096,-0.73954,0.17568,-0.04151,0.00769,-7.1e-4,-0.38355,-91.26917,7.91514,-1.78298,0.39173,-0.08816,0.01861,-0.00286,2.3e-4,NA,NA,NA,NA,NA,NA,NA,NA,NA,NA,NA,NA,NA,NA,NA,NA,NA,NA,NA,NA,NA,NA,High,High,High,High,Medium,NA,NA,NA,NA,NA,NA,NA,NA,NA,NA,NA,NA,NA,NA,NA,NA,NA,NA,NA,NA,NA,NA,NA,NA,NA,NA,NA,NA,NA,NA,NA,NA,NA,NA,NA,NA,NA,NA,NA,NA,NA,NA,NA,NA,NA,NA,NA,NA,NA,NA,NA,NA,NA,NA,NA,NA
NA,NA,NA,NA,NA,NA,NA,NA,NA,NA,NA,NA,NA,NA,NA,NA,273,2025-06-22,19:37:08,1,7,"Granzow, Cade",800684,Right,WLM_SHK,"Bonn, Preston",827396,Right,HOL_SPR1,Undefined,8,Bottom,0,2,2,Fastball,Four-Seam,StrikeSwinging,Strikeout,Undefined,Undefined,0,0,NA,90.81742,-0.619275,-2.533612,2104.507967,216.591888,01:15:00,5.78586,1.50727,5.31229,-20.24324,14.28178,9.81682,3.51705,-0.05437,83.19745,-4.385756,-0.792761,0.422901,NA,NA,NA,NA,NA,NA,NA,NA,NA,NA,NA,-5.58925,7.64056,-1.2847,50,5.71522,5.37794,-131.76225,-2.14403,-9.8695,26.83485,-18.68235,HOL_SPR1,WLM_SHK,TingStadium,CPL,CPL,20250622-TingStadium-1,d07200a0-4fc1-11f0-94df-5159efd1a280,89.12832,NA,NA,7.61997,NA,NA,NA,NA,NA,NA,7a202cac-ef26-47e8-8964-ed2f034dc92d,2025-06-22,23:37:08,2025-06-22T23:37:08Z,2025-06-22T23:37:08Z,NA,v3,NA,NA,NA,"Manley, Nathan",1000093427,Right,WLM_SHK,0b155e6e-0f19-478c-8b96-c50dbbfedbaa,55.1888,-132.81481,13.41742,5.78495,-1.41124,-9.34117,-1.50323,5.76506,-4.93475,NA,NA,NA,NA,NA,NA,NA,NA,NA,NA,NA,NA,NA,NA,NA,NA,NA,NA,NA,NA,NA,NA,NA,NA,NA,NA,NA,NA,44.00481,NA,NA,1.561377,NA,NA,NA,1.70209,7.84076,-1.14187,72.79723,0.96898,-51.98576,1.7271,48.82866,-2.13808,7.91439,19.59582,-15.47407,-1.18142,-36.26988,2.42035,High,High,High,NA,NA,High,Low,High,NA,NA,NA,NA,NA,NA,NA,NA,NA,NA,NA,NA,NA,NA,NA,NA,NA,NA,NA,NA,NA,NA,NA,NA,NA,NA,NA,NA,NA,NA,NA,NA,NA,NA,NA,NA,NA,NA,NA,NA,NA,NA,NA,NA,NA,NA,NA,NA,NA,NA,NA,NA,NA
NA,NA,NA,NA,NA,NA,NA,NA,NA,NA,NA,NA,NA,NA,NA,NA,274,2025-06-22,19:37:44,2,1,"Granzow, Cade",800684,Right,WLM_SHK,"Schramm, Lukas",1000064187,Right,HOL_SPR1,Undefined,8,Bottom,1,0,0,Slider,Slider,InPlay,Undefined,Popup,Out,1,0,NA,82.09355,-0.367937,-1.928057,1881.608935,165.65567,11:30:00,5.75851,1.54822,5.22237,-35.0549,7.41548,-1.55957,2.49113,-0.39521,75.39272,-6.773391,-2.204446,0.469045,NA,NA,NA,NA,NA,NA,NA,NA,NA,NA,NA,0.25669,4.17032,-1.369,50,5.69824,4.07431,-119.1284,-1.99448,0.36926,22.65461,-26.1747,HOL_SPR1,WLM_SHK,TingStadium,CPL,CPL,20250622-TingStadium-1,e59a1c10-4fc1-11f0-94df-5159efd1a280,80.35996,NA,NA,6.70083,NA,NA,NA,NA,NA,NA,7a202cac-ef26-47e8-8964-ed2f034dc92d,2025-06-22,23:37:44,2025-06-22T23:37:44Z,2025-06-22T23:37:44Z,NA,v3,NA,NA,NA,"Manley, Nathan",1000093427,Right,WLM_SHK,7f429808-fa10-4df7-bc34-10361b4467ad,55.27988,-120.12828,11.32731,5.76078,-0.83924,-13.08735,-1.54846,4.05801,0.18463,NA,NA,NA,NA,NA,NA,NA,NA,NA,NA,NA,NA,NA,NA,NA,NA,NA,NA,NA,NA,NA,NA,NA,NA,NA,NA,NA,NA,NA,NA,NA,NA,NA,NA,NA,NA,NA,NA,NA,NA,NA,NA,NA,NA,NA,NA,NA,NA,NA,NA,High,High,High,NA,NA,NA,NA,NA,NA,NA,NA,NA,NA,NA,NA,NA,NA,NA,NA,NA,NA,NA,NA,NA,NA,NA,NA,NA,NA,NA,NA,NA,NA,NA,NA,NA,NA,NA,NA,NA,NA,NA,NA,NA,NA,NA,NA,NA,NA,NA,NA,NA,NA,NA,NA,NA,NA,NA,NA,NA,NA
NA,NA,NA,NA,NA,NA,NA,NA,NA,NA,NA,NA,NA,NA,NA,NA,275,2025-06-22,19:38:28,3,1,"Granzow, Cade",800684,Right,WLM_SHK,"Hausner, Anthony",1000136562,Left,HOL_SPR1,Undefined,8,Bottom,2,0,0,Fastball,Sinker,BallCalled,Undefined,Undefined,Undefined,0,0,NA,89.60095,-0.411628,-1.156247,2145.069077,223.332149,01:30:00,5.78079,1.54072,5.17226,-22.58387,13.24764,11.40083,3.51134,1.40251,81.63859,-4.601588,0.862832,0.430828,NA,NA,NA,NA,NA,NA,NA,NA,NA,NA,NA,-6.00677,7.0639,-1.44209,50,5.72561,2.09391,-129.98121,-1.75401,-10.25278,27.82987,-20.11688,HOL_SPR1,WLM_SHK,TingStadium,CPL,CPL,20250622-TingStadium-1,ffcc31e0-4fc1-11f0-94df-5159efd1a280,87.48835,NA,NA,7.96235,NA,NA,NA,NA,NA,NA,7a202cac-ef26-47e8-8964-ed2f034dc92d,2025-06-22,23:38:28,2025-06-22T23:38:28Z,2025-06-22T23:38:28Z,NA,v3,NA,NA,NA,"Manley, Nathan",1000093427,Right,WLM_SHK,79b5bd32-5c7f-4526-8385-d20cb7e3cfe6,55.32803,-131.11702,13.91493,5.78044,-0.93299,-10.05844,-1.53608,2.51236,-5.12639,NA,NA,NA,NA,NA,NA,NA,NA,NA,NA,NA,NA,NA,NA,NA,NA,NA,NA,NA,NA,NA,NA,NA,NA,NA,NA,NA,NA,NA,NA,NA,NA,NA,NA,NA,NA,NA,NA,NA,NA,NA,NA,NA,NA,NA,NA,NA,NA,NA,NA,High,High,High,NA,NA,NA,NA,NA,NA,NA,NA,NA,NA,NA,NA,NA,NA,NA,NA,NA,NA,NA,NA,NA,NA,NA,NA,NA,NA,NA,NA,NA,NA,NA,NA,NA,NA,NA,NA,NA,NA,NA,NA,NA,NA,NA,NA,NA,NA,NA,NA,NA,NA,NA,NA,NA,NA,NA,NA,NA,NA
NA,NA,NA,NA,NA,NA,NA,NA,NA,NA,NA,NA,NA,NA,NA,NA,276,2025-06-22,19:38:45,3,2,"Granzow, Cade",800684,Right,WLM_SHK,"Hausner, Anthony",1000136562,Left,HOL_SPR1,Undefined,8,Bottom,2,1,0,Fastball,Four-Seam,BallCalled,Undefined,Undefined,Undefined,0,0,NA,90.36806,-2.950596,-3.029191,2073.937228,221.760885,01:30:00,5.76484,1.50365,5.44731,-20.70277,14.13993,11.64107,1.27069,-0.36509,82.90961,-6.791167,-0.959438,0.424842,NA,NA,NA,NA,NA,NA,NA,NA,NA,NA,NA,-6.80083,8.28052,-1.24447,50,5.48955,6.42902,-130.95063,-7.48169,-11.83119,27.16846,-17.76869,HOL_SPR1,WLM_SHK,TingStadium,CPL,CPL,20250622-TingStadium-1,0a2063f0-4fc2-11f0-94df-5159efd1a280,88.72111,NA,NA,7.45845,NA,NA,NA,NA,NA,NA,7a202cac-ef26-47e8-8964-ed2f034dc92d,2025-06-22,23:38:45,2025-06-22T23:38:45Z,2025-06-22T23:38:45Z,NA,v3,NA,NA,NA,"Manley, Nathan",1000093427,Right,WLM_SHK,4187af4a-185f-44c5-96bb-3646392242ef,55.05663,-131.99557,13.58423,5.76416,-6.79828,-8.88434,-1.50049,6.88406,-5.9156,NA,NA,NA,NA,NA,NA,NA,NA,NA,NA,NA,NA,NA,NA,NA,NA,NA,NA,NA,NA,NA,NA,NA,NA,NA,NA,NA,NA,NA,NA,NA,NA,NA,NA,NA,NA,NA,NA,NA,NA,NA,NA,NA,NA,NA,NA,NA,NA,NA,NA,High,High,High,NA,NA,NA,NA,NA,NA,NA,NA,NA,NA,NA,NA,NA,NA,NA,NA,NA,NA,NA,NA,NA,NA,NA,NA,NA,NA,NA,NA,NA,NA,NA,NA,NA,NA,NA,NA,NA,NA,NA,NA,NA,NA,NA,NA,NA,NA,NA,NA,NA,NA,NA,NA,NA,NA,NA,NA,NA,NA
NA,NA,NA,NA,NA,NA,NA,NA,NA,NA,NA,NA,NA,NA,NA,NA,277,2025-06-22,19:39:04,3,3,"Granzow, Cade",800684,Right,WLM_SHK,"Hausner, Anthony",1000136562,Left,HOL_SPR1,Undefined,8,Bottom,2,2,0,Slider,Slider,InPlay,Undefined,Popup,Out,1,0,NA,81.18815,0.057492,-1.543903,1843.991029,172.972371,11:45:00,5.67177,1.68111,5.17729,-36.93222,6.55288,-0.64142,2.64821,0.1745,74.52314,-6.684959,-1.657519,0.474615,69.06495,60.307801,6.915527,NA,NA,NA,NA,NA,42.16624,NA,NA,-0.10217,3.6237,-1.53688,50,5.64894,3.20209,-117.82988,-1.17734,-0.14382,22.1843,-27.0746,HOL_SPR1,WLM_SHK,TingStadium,CPL,CPL,20250622-TingStadium-1,15bd1b90-4fc2-11f0-94df-5159efd1a280,79.41684,67.05604,NA,6.66501,NA,NA,NA,2.63576,2.96928,-0.27401,7a202cac-ef26-47e8-8964-ed2f034dc92d,2025-06-22,23:39:04,2025-06-22T23:39:04Z,2025-06-22T23:39:04Z,NA,v3,NA,NA,NA,"Manley, Nathan",1000093427,Right,WLM_SHK,cdee98f7-2648-4b56-b891-46554ee7aad7,55.32484,-118.82818,11.09215,5.67451,0.04102,-13.5373,-1.68112,3.20857,-0.07191,165.86833,2.63576,49.81052,-10.15034,2.75484,-0.64072,0.27695,-0.23105,0.13947,-0.03566,2.96928,87.99494,-22.25094,2.04092,-0.32504,-0.03459,0.10349,-0.07058,0.01824,-0.27401,6.04144,-4.19432,1.32691,-0.35414,0.17833,-0.15842,0.09638,-0.02459,NA,NA,NA,NA,NA,NA,NA,NA,NA,NA,NA,NA,NA,NA,NA,NA,NA,NA,NA,NA,NA,NA,High,High,High,High,Undefined,NA,NA,NA,NA,NA,NA,NA,NA,NA,NA,NA,NA,NA,NA,NA,NA,NA,NA,NA,NA,NA,NA,NA,NA,NA,NA,NA,NA,NA,NA,NA,NA,NA,NA,NA,NA,NA,NA,NA,NA,NA,NA,NA,NA,NA,NA,NA,NA,NA,NA,NA,NA,NA,NA,NA,NA
NA,NA,NA,NA,NA,NA,NA,NA,NA,NA,NA,NA,NA,NA,NA,NA,278,2025-06-22,19:41:33,1,1,"Rouse, Scott",833071,Right,HOL_SPR1,"Miller, Brady",1000357366,Right,WLM_SHK,Undefined,9,Top,0,0,0,Fastball,Four-Seam,FoulBallNotFieldable,Undefined,Undefined,Undefined,0,0,NA,91.72931,-0.599508,-3.875035,2093.878712,221.513166,01:30:00,5.08083,2.26637,6.13568,-19.22694,13.77796,11.2617,2.92319,-0.38221,83.67364,-4.240029,-1.851248,0.413486,75.49841,47.334184,153.171775,2332.339116,NA,NA,NA,NA,38.14942,NA,NA,-6.9389,7.61012,-1.97601,50,5.02496,8.54584,-133.04724,-1.98624,-12.42631,28.78994,-18.54568,HOL_SPR1,WLM_SHK,TingStadium,CPL,CPL,20250622-TingStadium-1,6e5fb0a0-4fc2-11f0-94df-5159efd1a280,91.15778,39.20137,NA,8.05567,NA,NA,NA,2.5002,2.81966,0.29095,7a202cac-ef26-47e8-8964-ed2f034dc92d,2025-06-22,23:41:33,2025-06-22T23:41:33Z,2025-06-22T23:41:33Z,NA,v3,NA,NA,NA,"Bonn, Preston",827396,Right,HOL_SPR1,cc46800d-3ba1-4a08-91b2-735e506376c7,54.36645,-133.98875,14.39497,5.08,-1.37974,-9.27284,-2.26214,8.95222,-6.21315,326.308998,2.5002,-66.96708,0.6519,1.34138,-0.472,0.14232,-0.0351,0.00783,-8.7e-4,2.81966,81.42248,-31.08794,4.31,-0.95521,0.19762,-0.04529,0.01212,-0.00261,0.29095,33.86892,-9.80098,2.13463,-0.4699,0.09716,-0.02443,0.00749,-0.00196,NA,NA,NA,NA,NA,NA,NA,NA,NA,NA,NA,NA,NA,NA,NA,NA,NA,NA,NA,NA,NA,NA,High,High,High,High,Undefined,NA,NA,NA,NA,NA,NA,NA,NA,NA,NA,NA,NA,NA,NA,NA,NA,NA,NA,NA,NA,NA,NA,NA,NA,NA,NA,NA,NA,NA,NA,NA,NA,NA,NA,NA,NA,NA,NA,NA,NA,NA,NA,NA,NA,NA,NA,NA,NA,NA,NA,NA,NA,NA,NA,NA,NA
NA,NA,NA,NA,NA,NA,NA,NA,NA,NA,NA,NA,NA,NA,NA,NA,279,2025-06-22,19:41:49,1,2,"Rouse, Scott",833071,Right,HOL_SPR1,"Miller, Brady",1000357366,Right,WLM_SHK,Undefined,9,Top,0,0,1,Slider,Slider,BallCalled,Undefined,Undefined,Undefined,0,0,NA,84.24393,1.831985,-0.950306,2207.116535,175.498404,11:45:00,4.88217,2.50631,5.89626,-33.70057,5.82894,-0.35819,3.77551,1.59407,76.62845,-4.43623,-1.014567,0.452514,NA,NA,NA,NA,NA,NA,NA,NA,NA,NA,NA,-0.0939,2.88047,-2.4296,50,5.01073,2.04263,-122.24813,2.79846,-0.14152,24.98716,-27.83221,HOL_SPR1,WLM_SHK,TingStadium,CPL,CPL,20250622-TingStadium-1,77f06ba0-4fc2-11f0-94df-5159efd1a280,83.29559,NA,NA,7.61548,NA,NA,NA,NA,NA,NA,7a202cac-ef26-47e8-8964-ed2f034dc92d,2025-06-22,23:41:49,2025-06-22T23:41:49Z,2025-06-22T23:41:49Z,NA,v3,NA,NA,NA,"Bonn, Preston",827396,Right,HOL_SPR1,b3076552-c34f-41b0-b067-7317542e13f1,54.60207,-123.18519,12.49358,4.88621,3.84221,-13.91611,-2.5063,2.04794,-0.07076,NA,NA,NA,NA,NA,NA,NA,NA,NA,NA,NA,NA,NA,NA,NA,NA,NA,NA,NA,NA,NA,NA,NA,NA,NA,NA,NA,NA,NA,NA,NA,NA,NA,NA,NA,NA,NA,NA,NA,NA,NA,NA,NA,NA,NA,NA,NA,NA,NA,NA,High,High,High,NA,NA,NA,NA,NA,NA,NA,NA,NA,NA,NA,NA,NA,NA,NA,NA,NA,NA,NA,NA,NA,NA,NA,NA,NA,NA,NA,NA,NA,NA,NA,NA,NA,NA,NA,NA,NA,NA,NA,NA,NA,NA,NA,NA,NA,NA,NA,NA,NA,NA,NA,NA,NA,NA,NA,NA,NA,NA
NA,NA,NA,NA,NA,NA,NA,NA,NA,NA,NA,NA,NA,NA,NA,NA,280,2025-06-22,19:42:09,1,3,"Rouse, Scott",833071,Right,HOL_SPR1,"Miller, Brady",1000357366,Right,WLM_SHK,Undefined,9,Top,0,1,1,Slider,Slider,InPlay,Undefined,GroundBall,Single,0,0,NA,84.29929,0.780567,-2.245266,2069.632941,196.588994,12:30:00,4.88621,2.3208,5.79835,-36.3312,3.60752,0.66083,2.58526,0.28635,76.30914,-5.951905,-2.126976,0.45485,NA,NA,NA,NA,NA,NA,NA,NA,NA,NA,NA,-1.05201,1.94988,-2.13652,50,4.92863,4.76676,-122.24943,0.45457,-1.57071,27.10954,-29.2627,HOL_SPR1,WLM_SHK,TingStadium,CPL,CPL,20250622-TingStadium-1,838ab240-4fc2-11f0-94df-5159efd1a280,82.8678,NA,NA,7.99015,NA,NA,NA,NA,NA,NA,7a202cac-ef26-47e8-8964-ed2f034dc92d,2025-06-22,23:42:09,2025-06-22T23:42:09Z,2025-06-22T23:42:09Z,NA,v3,NA,NA,NA,"Bonn, Preston",827396,Right,HOL_SPR1,bfb65025-57df-457d-bb2d-30bce7032e9c,54.70294,-123.28792,13.55477,4.88975,1.57555,-14.63135,-2.32027,4.82693,-0.78535,NA,NA,NA,NA,NA,NA,NA,NA,NA,NA,NA,NA,NA,NA,NA,NA,NA,NA,NA,NA,NA,NA,NA,NA,NA,NA,NA,NA,NA,NA,NA,NA,NA,NA,NA,NA,NA,NA,NA,NA,NA,NA,NA,NA,NA,NA,NA,NA,NA,NA,High,High,High,NA,NA,NA,NA,NA,NA,NA,NA,NA,NA,NA,NA,NA,NA,NA,NA,NA,NA,NA,NA,NA,NA,NA,NA,NA,NA,NA,NA,NA,NA,NA,NA,NA,NA,NA,NA,NA,NA,NA,NA,NA,NA,NA,NA,NA,NA,NA,NA,NA,NA,NA,NA,NA,NA,NA,NA,NA,NA
NA,NA,NA,NA,NA,NA,NA,NA,NA,NA,NA,NA,NA,NA,NA,NA,281,2025-06-22,19:42:55,2,1,"Rouse, Scott",833071,Right,HOL_SPR1,"Tobias, Jacob",10041882,Left,WLM_SHK,Undefined,9,Top,0,0,0,Fastball,Four-Seam,InPlay,Undefined,LineDrive,Single,0,1,NA,92.17541,-1.082575,-4.125394,2100.822842,225.16741,01:30:00,4.96789,2.29788,6.08272,-19.75781,13.09245,12.08544,2.31709,-0.51841,83.93427,-4.815257,-1.956312,0.412516,84.10472,10.580335,32.372348,1665.308505,90.94088,9.63386,61.88464,168.52745,168.52745,35.696254,1.588568,-7.47461,7.39107,-1.98521,50,4.87355,9.13391,-133.6086,-3.15392,-13.46534,29.7013,-18.85925,HOL_SPR1,WLM_SHK,TingStadium,CPL,CPL,20250622-TingStadium-1,9f78f700-4fc2-11f0-94df-5159efd1a280,91.37203,10.54185,NA,8.24114,NA,NA,NA,2.95119,2.54054,0.80843,7a202cac-ef26-47e8-8964-ed2f034dc92d,2025-06-22,23:42:55,2025-06-22T23:42:55Z,2025-06-22T23:42:55Z,LineDrive,v3,NA,NA,NA,"Bonn, Preston",827396,Right,HOL_SPR1,532e41ab-50b5-4b55-890f-29230897e7e6,54.41971,-134.58752,14.85065,4.96726,-2.53234,-9.42962,-2.29356,9.57771,-6.73267,NA,2.95119,102.41132,-14.20218,2.38195,-0.49427,0.08336,-0.01409,0.00219,-1.9e-4,2.54054,22.6494,-16.78105,1.16988,-0.18737,0.03975,-0.00536,6.8e-4,-7e-5,0.80843,64.9229,-2.05158,-0.23668,0.12504,-0.03781,0.00816,-0.00126,1e-4,NA,NA,NA,NA,NA,NA,NA,NA,NA,NA,NA,NA,NA,NA,NA,NA,NA,NA,NA,NA,NA,NA,High,High,High,High,High,NA,NA,NA,NA,NA,NA,NA,NA,NA,NA,NA,NA,NA,NA,NA,NA,NA,NA,NA,NA,NA,NA,NA,NA,NA,NA,NA,NA,NA,NA,NA,NA,NA,NA,NA,NA,NA,NA,NA,NA,NA,NA,NA,NA,NA,NA,NA,NA,NA,NA,NA,NA,NA,NA,NA,NA
NA,NA,NA,NA,NA,NA,NA,NA,NA,NA,NA,NA,NA,NA,NA,NA,282,2025-06-22,19:44:05,3,1,"Rouse, Scott",833071,Right,HOL_SPR1,"Manley, Nathan",1000093427,Right,WLM_SHK,Undefined,9,Top,0,0,0,Fastball,Sinker,FoulBallNotFieldable,Undefined,Undefined,Undefined,0,0,NA,92.19472,-0.931205,-4.053696,1995.153728,236.551316,02:00:00,5.05159,2.38468,5.95201,-21.96316,10.96528,14.99166,2.35541,-0.13201,84.10696,-5.047533,-1.368225,0.413007,88.79676,27.654361,35.852259,5224.110737,83.92434,48.91646,71.10962,300.10295,176.65714,49.513758,4.064337,-8.84437,6.20418,-2.07022,50,4.965,8.82533,-133.64734,-2.91084,-15.98237,29.0448,-20.96272,HOL_SPR1,WLM_SHK,TingStadium,CPL,CPL,20250622-TingStadium-1,c933cbb0-4fc2-11f0-94df-5159efd1a280,91.26351,58.09572,NA,8.08777,NA,NA,NA,0.72514,2.23209,0.0628,7a202cac-ef26-47e8-8964-ed2f034dc92d,2025-06-22,23:44:05,2025-06-22T23:44:05Z,2025-06-22T23:44:05Z,LineDrive,v3,NA,NA,NA,"Bonn, Preston",827396,Right,HOL_SPR1,faa354e3-0cf7-445b-92e9-ba310ae6d8ed,54.55001,-134.63253,14.5224,5.05168,-2.19979,-10.48136,-2.37877,9.36745,-7.99118,221.235595,0.72517,93.49864,-22.62957,5.40035,-1.17708,0.22202,-0.03086,0.00237,-5e-5,2.23204,60.44907,-18.27854,1.35739,-0.25462,0.06169,-0.01652,0.00305,-2.3e-4,0.06279,67.56426,-5.43405,1.2144,-0.24967,0.04411,-0.00553,3.1e-4,0,NA,NA,NA,NA,NA,NA,NA,NA,NA,NA,NA,NA,NA,NA,NA,NA,NA,NA,NA,NA,NA,NA,High,High,High,High,Medium,NA,NA,NA,NA,NA,NA,NA,NA,NA,NA,NA,NA,NA,NA,NA,NA,NA,NA,NA,NA,NA,NA,NA,NA,NA,NA,NA,NA,NA,NA,NA,NA,NA,NA,NA,NA,NA,NA,NA,NA,NA,NA,NA,NA,NA,NA,NA,NA,NA,NA,NA,NA,NA,NA,NA,NA
NA,NA,NA,NA,NA,NA,NA,NA,NA,NA,NA,NA,NA,NA,NA,NA,283,2025-06-22,19:44:43,3,2,"Rouse, Scott",833071,Right,HOL_SPR1,"Manley, Nathan",1000093427,Right,WLM_SHK,Undefined,9,Top,0,0,1,Slider,Slider,BallCalled,Undefined,Undefined,Undefined,0,0,NA,84.63022,-0.475245,-2.805924,2171.208774,165.466635,11:30:00,4.80614,2.49796,5.78398,-34.77963,4.70016,-0.87803,1.46512,-0.18796,77.15341,-6.896543,-2.963012,0.452229,NA,NA,NA,NA,NA,NA,NA,NA,NA,NA,NA,-0.39461,2.86398,-2.2658,50,4.74576,6.0509,-122.7561,-2.17727,-0.59702,26.21533,-27.84081,HOL_SPR1,WLM_SHK,TingStadium,CPL,CPL,20250622-TingStadium-1,dfbe8460-4fc2-11f0-94df-5159efd1a280,83.34807,NA,NA,7.47681,NA,NA,NA,NA,NA,NA,7a202cac-ef26-47e8-8964-ed2f034dc92d,2025-06-22,23:44:43,2025-06-22T23:44:43Z,2025-06-22T23:44:43Z,NA,v3,NA,NA,NA,"Bonn, Preston",827396,Right,HOL_SPR1,91d2585d-fc59-44a4-a12a-32e43486297c,54.71864,-123.75969,13.10767,4.80871,-1.11145,-13.9204,-2.49788,6.07376,-0.29851,NA,NA,NA,NA,NA,NA,NA,NA,NA,NA,NA,NA,NA,NA,NA,NA,NA,NA,NA,NA,NA,NA,NA,NA,NA,NA,NA,NA,NA,NA,NA,NA,NA,NA,NA,NA,NA,NA,NA,NA,NA,NA,NA,NA,NA,NA,NA,NA,NA,NA,High,High,High,NA,NA,NA,NA,NA,NA,NA,NA,NA,NA,NA,NA,NA,NA,NA,NA,NA,NA,NA,NA,NA,NA,NA,NA,NA,NA,NA,NA,NA,NA,NA,NA,NA,NA,NA,NA,NA,NA,NA,NA,NA,NA,NA,NA,NA,NA,NA,NA,NA,NA,NA,NA,NA,NA,NA,NA,NA,NA
NA,NA,NA,NA,NA,NA,NA,NA,NA,NA,NA,NA,NA,NA,NA,NA,284,2025-06-22,19:45:04,3,3,"Rouse, Scott",833071,Right,HOL_SPR1,"Manley, Nathan",1000093427,Right,WLM_SHK,Undefined,9,Top,0,1,1,ChangeUp,Changeup,StrikeCalled,Undefined,Undefined,Undefined,0,0,NA,84.38241,1.081862,-4.140781,1694.031399,283.179378,03:30:00,4.80798,2.46331,5.9756,-40.80297,-1.61504,12.07512,2.41344,-0.3759,77.33223,-6.433646,-1.976827,0.450555,NA,NA,NA,NA,NA,NA,NA,NA,NA,NA,NA,-7.33264,-0.75441,-2.14178,50,4.87116,8.38131,-122.36133,0.94231,-11.13216,23.83557,-33.31938,HOL_SPR1,WLM_SHK,TingStadium,CPL,CPL,20250622-TingStadium-1,ebe77670-4fc2-11f0-94df-5159efd1a280,83.65781,NA,NA,7.05018,NA,NA,NA,NA,NA,NA,7a202cac-ef26-47e8-8964-ed2f034dc92d,2025-06-22,23:45:04,2025-06-22T23:45:04Z,2025-06-22T23:45:04Z,NA,v3,NA,NA,NA,"Bonn, Preston",827396,Right,HOL_SPR1,f77763ea-29d4-464c-8e01-62eac6655915,54.52751,-123.24012,11.91779,4.81377,2.17075,-16.65969,-2.45835,8.79173,-5.56608,NA,NA,NA,NA,NA,NA,NA,NA,NA,NA,NA,NA,NA,NA,NA,NA,NA,NA,NA,NA,NA,NA,NA,NA,NA,NA,NA,NA,NA,NA,NA,NA,NA,NA,NA,NA,NA,NA,NA,NA,NA,NA,NA,NA,NA,NA,NA,NA,NA,NA,High,High,High,NA,NA,NA,NA,NA,NA,NA,NA,NA,NA,NA,NA,NA,NA,NA,NA,NA,NA,NA,NA,NA,NA,NA,NA,NA,NA,NA,NA,NA,NA,NA,NA,NA,NA,NA,NA,NA,NA,NA,NA,NA,NA,NA,NA,NA,NA,NA,NA,NA,NA,NA,NA,NA,NA,NA,NA,NA,NA
NA,NA,NA,NA,NA,NA,NA,NA,NA,NA,NA,NA,NA,NA,NA,NA,285,2025-06-22,19:45:25,3,4,"Rouse, Scott",833071,Right,HOL_SPR1,"Manley, Nathan",1000093427,Right,WLM_SHK,Undefined,9,Top,0,1,2,Fastball,Sinker,BallCalled,Undefined,Undefined,Undefined,0,0,NA,91.37088,-0.336624,-4.993003,2093.07477,225.785529,01:30:00,5.04515,2.14732,6.1255,-20.73781,12.57123,11.84201,3.00462,-1.49334,83.44698,-4.243508,-2.870834,0.415387,NA,NA,NA,NA,NA,NA,NA,NA,NA,NA,NA,-7.45607,6.89713,-1.77027,50,5.00842,11.06049,-132.33475,-1.42988,-13.24616,27.75748,-19.92094,HOL_SPR1,WLM_SHK,TingStadium,CPL,CPL,20250622-TingStadium-1,f8600f20-4fc2-11f0-94df-5159efd1a280,90.74062,NA,NA,7.92389,NA,NA,NA,NA,NA,NA,7a202cac-ef26-47e8-8964-ed2f034dc92d,2025-06-22,23:45:25,2025-06-22T23:45:25Z,2025-06-22T23:45:25Z,NA,v3,NA,NA,NA,"Bonn, Preston",827396,Right,HOL_SPR1,d36ca320-bd5b-45eb-87ab-7712b99ca790,54.37552,-133.24936,13.87874,5.04472,-0.77348,-9.96047,-2.1419,11.49695,-6.62308,NA,NA,NA,NA,NA,NA,NA,NA,NA,NA,NA,NA,NA,NA,NA,NA,NA,NA,NA,NA,NA,NA,NA,NA,NA,NA,NA,NA,NA,NA,NA,NA,NA,NA,NA,NA,NA,NA,NA,NA,NA,NA,NA,NA,NA,NA,NA,NA,NA,NA,High,High,High,NA,NA,NA,NA,NA,NA,NA,NA,NA,NA,NA,NA,NA,NA,NA,NA,NA,NA,NA,NA,NA,NA,NA,NA,NA,NA,NA,NA,NA,NA,NA,NA,NA,NA,NA,NA,NA,NA,NA,NA,NA,NA,NA,NA,NA,NA,NA,NA,NA,NA,NA,NA,NA,NA,NA,NA,NA,NA
NA,NA,NA,NA,NA,NA,NA,NA,NA,NA,NA,NA,NA,NA,NA,NA,286,2025-06-22,19:45:46,3,5,"Rouse, Scott",833071,Right,HOL_SPR1,"Manley, Nathan",1000093427,Right,WLM_SHK,Undefined,9,Top,0,2,2,ChangeUp,Changeup,BallCalled,Undefined,Undefined,Undefined,0,0,NA,84.54424,-0.516676,-4.720904,1719.23966,289.278517,03:45:00,4.76081,2.59155,5.83058,-42.57408,-3.13606,12.57914,0.73102,-0.75868,77.50645,-8.309812,-2.472225,0.45199,NA,NA,NA,NA,NA,NA,NA,NA,NA,NA,NA,-7.87493,-1.19598,-2.21306,50,4.69276,9.62726,-122.48206,-2.56002,-11.92686,24.8688,-33.98542,HOL_SPR1,WLM_SHK,TingStadium,CPL,CPL,20250622-TingStadium-1,0547bd50-4fc3-11f0-94df-5159efd1a280,83.39221,NA,NA,7.03779,NA,NA,NA,NA,NA,NA,7a202cac-ef26-47e8-8964-ed2f034dc92d,2025-06-22,23:45:46,2025-06-22T23:45:46Z,2025-06-22T23:45:46Z,NA,v3,NA,NA,NA,"Bonn, Preston",827396,Right,HOL_SPR1,d26bd46c-f98a-4ed1-bb12-bb94dd0d94c0,54.67408,-123.42744,12.4344,4.76553,-1.26807,-16.99271,-2.58766,10.08065,-5.96343,NA,NA,NA,NA,NA,NA,NA,NA,NA,NA,NA,NA,NA,NA,NA,NA,NA,NA,NA,NA,NA,NA,NA,NA,NA,NA,NA,NA,NA,NA,NA,NA,NA,NA,NA,NA,NA,NA,NA,NA,NA,NA,NA,NA,NA,NA,NA,NA,NA,NA,High,High,High,NA,NA,NA,NA,NA,NA,NA,NA,NA,NA,NA,NA,NA,NA,NA,NA,NA,NA,NA,NA,NA,NA,NA,NA,NA,NA,NA,NA,NA,NA,NA,NA,NA,NA,NA,NA,NA,NA,NA,NA,NA,NA,NA,NA,NA,NA,NA,NA,NA,NA,NA,NA,NA,NA,NA,NA,NA,NA
NA,NA,NA,NA,NA,NA,NA,NA,NA,NA,NA,NA,NA,NA,NA,NA,287,2025-06-22,19:46:06,3,6,"Rouse, Scott",833071,Right,HOL_SPR1,"Manley, Nathan",1000093427,Right,WLM_SHK,Undefined,9,Top,0,3,2,Fastball,Sinker,BallCalled,Walk,Undefined,Undefined,0,0,NA,91.58294,-0.81414,-5.236857,2078.51158,231.524783,01:45:00,4.97377,2.25894,6.14395,-21.46363,11.63682,13.3452,2.42957,-1.482,83.81754,-4.845824,-2.845184,0.414084,NA,NA,NA,NA,NA,NA,NA,NA,NA,NA,NA,-8.24437,6.54304,-1.86529,50,4.90032,11.58441,-132.60579,-2.57462,-14.73757,27.31317,-20.47782,HOL_SPR1,WLM_SHK,TingStadium,CPL,CPL,20250622-TingStadium-1,10c246f0-4fc3-11f0-94df-5159efd1a280,91.02608,NA,NA,7.76541,NA,NA,NA,NA,NA,NA,7a202cac-ef26-47e8-8964-ed2f034dc92d,2025-06-22,23:46:06,2025-06-22T23:46:06Z,2025-06-22T23:46:06Z,NA,v3,NA,NA,NA,"Bonn, Preston",827396,Right,HOL_SPR1,0b295f1f-2c64-4fa5-9a4f-1735e0704ab5,54.35697,-133.50018,13.65658,4.97365,-1.90405,-10.23891,-2.25254,12.06701,-7.36878,NA,NA,NA,NA,NA,NA,NA,NA,NA,NA,NA,NA,NA,NA,NA,NA,NA,NA,NA,NA,NA,NA,NA,NA,NA,NA,NA,NA,NA,NA,NA,NA,NA,NA,NA,NA,NA,NA,NA,NA,NA,NA,NA,NA,NA,NA,NA,NA,NA,NA,High,High,High,NA,NA,NA,NA,NA,NA,NA,NA,NA,NA,NA,NA,NA,NA,NA,NA,NA,NA,NA,NA,NA,NA,NA,NA,NA,NA,NA,NA,NA,NA,NA,NA,NA,NA,NA,NA,NA,NA,NA,NA,NA,NA,NA,NA,NA,NA,NA,NA,NA,NA,NA,NA,NA,NA,NA,NA,NA,NA
NA,NA,NA,NA,NA,NA,NA,NA,NA,NA,NA,NA,NA,NA,NA,NA,288,2025-06-22,19:46:42,4,1,"Rouse, Scott",833071,Right,HOL_SPR1,"Carlo IV, Randy",1000091510,Right,WLM_SHK,Undefined,9,Top,0,0,0,Slider,Slider,BallCalled,Undefined,Undefined,Undefined,0,0,NA,80.98945,0.378739,-3.583038,2198.425787,73.482386,08:30:00,4.81111,2.41374,5.79488,-44.19455,-1.18299,-8.55028,1.48124,-1.63615,74.31372,-7.715861,-5.110002,0.472024,NA,NA,NA,NA,NA,NA,NA,NA,NA,NA,NA,3.31433,-0.28512,-2.11343,50,4.816,7.68528,-117.42514,-0.68789,4.60772,23.12873,-32.57045,HOL_SPR1,WLM_SHK,TingStadium,CPL,CPL,20250622-TingStadium-1,26aec3d0-4fc3-11f0-94df-5159efd1a280,79.85281,NA,NA,6.67572,NA,NA,NA,NA,NA,NA,7a202cac-ef26-47e8-8964-ed2f034dc92d,2025-06-22,23:46:42,2025-06-22T23:46:42Z,2025-06-22T23:46:42Z,NA,v3,NA,NA,NA,"Bonn, Preston",827396,Right,HOL_SPR1,61a9c227-f2b8-4da3-9808-e28a7c59a60a,54.70693,-118.34862,11.56436,4.8175,0.61257,-16.28522,-2.41661,7.5013,2.30386,NA,NA,NA,NA,NA,NA,NA,NA,NA,NA,NA,NA,NA,NA,NA,NA,NA,NA,NA,NA,NA,NA,NA,NA,NA,NA,NA,NA,NA,NA,NA,NA,NA,NA,NA,NA,NA,NA,NA,NA,NA,NA,NA,NA,NA,NA,NA,NA,NA,NA,High,High,High,NA,NA,NA,NA,NA,NA,NA,NA,NA,NA,NA,NA,NA,NA,NA,NA,NA,NA,NA,NA,NA,NA,NA,NA,NA,NA,NA,NA,NA,NA,NA,NA,NA,NA,NA,NA,NA,NA,NA,NA,NA,NA,NA,NA,NA,NA,NA,NA,NA,NA,NA,NA,NA,NA,NA,NA,NA,NA
NA,NA,NA,NA,NA,NA,NA,NA,NA,NA,NA,NA,NA,NA,NA,NA,289,2025-06-22,19:47:02,4,2,"Rouse, Scott",833071,Right,HOL_SPR1,"Carlo IV, Randy",1000091510,Right,WLM_SHK,Undefined,9,Top,0,1,0,Fastball,Sinker,BallCalled,Undefined,Undefined,Undefined,0,0,NA,90.40783,-1.265915,-5.346707,2067.682481,244.649082,02:15:00,4.87634,2.35379,6.03208,-26.0945,7.93414,14.57269,1.52415,-1.39772,83.11829,-6.110171,-2.73957,0.41984900000000003,NA,NA,NA,NA,NA,NA,NA,NA,NA,NA,NA,-8.84339,4.73882,-1.94239,50,4.76281,11.63384,-130.89807,-3.78591,-15.4515,25.8094,-23.89423,HOL_SPR1,WLM_SHK,TingStadium,CPL,CPL,20250622-TingStadium-1,3239a120-4fc3-11f0-94df-5159efd1a280,89.7761,NA,NA,7.28953,NA,NA,NA,NA,NA,NA,7a202cac-ef26-47e8-8964-ed2f034dc92d,2025-06-22,23:47:02,2025-06-22T23:47:02Z,2025-06-22T23:47:02Z,NA,v3,NA,NA,NA,"Bonn, Preston",827396,Right,HOL_SPR1,1d1e8c4f-acc6-4e5d-b916-99057b717f1d,54.46996,-131.77647,12.9047,4.87782,-2.97269,-11.94711,-2.34729,12.15972,-7.72575,NA,NA,NA,NA,NA,NA,NA,NA,NA,NA,NA,NA,NA,NA,NA,NA,NA,NA,NA,NA,NA,NA,NA,NA,NA,NA,NA,NA,NA,NA,NA,NA,NA,NA,NA,NA,NA,NA,NA,NA,NA,NA,NA,NA,NA,NA,NA,NA,NA,NA,High,High,High,NA,NA,NA,NA,NA,NA,NA,NA,NA,NA,NA,NA,NA,NA,NA,NA,NA,NA,NA,NA,NA,NA,NA,NA,NA,NA,NA,NA,NA,NA,NA,NA,NA,NA,NA,NA,NA,NA,NA,NA,NA,NA,NA,NA,NA,NA,NA,NA,NA,NA,NA,NA,NA,NA,NA,NA,NA,NA
NA,NA,NA,NA,NA,NA,NA,NA,NA,NA,NA,NA,NA,NA,NA,NA,290,2025-06-22,19:47:21,4,3,"Rouse, Scott",833071,Right,HOL_SPR1,"Carlo IV, Randy",1000091510,Right,WLM_SHK,Undefined,9,Top,0,2,0,Fastball,Sinker,BallCalled,Undefined,Undefined,Undefined,0,0,NA,91.193,0.391814,-4.121341,2020.258537,228.476908,01:30:00,5.0608,2.29996,5.9354,-20.10777,13.51265,14.0652,3.74962,-0.35819,83.17208,-3.397795,-1.604498,0.417324,NA,NA,NA,NA,NA,NA,NA,NA,NA,NA,NA,-8.32004,7.13272,-1.97826,50,5.08077,8.91663,-132.19751,0.26449,-14.743,27.83289,-19.53496,HOL_SPR1,WLM_SHK,TingStadium,CPL,CPL,20250622-TingStadium-1,3defad20-4fc3-11f0-94df-5159efd1a280,90.31945,NA,NA,8.02092,NA,NA,NA,NA,NA,NA,7a202cac-ef26-47e8-8964-ed2f034dc92d,2025-06-22,23:47:21,2025-06-22T23:47:21Z,2025-06-22T23:47:21Z,NA,v3,NA,NA,NA,"Bonn, Preston",827396,Right,HOL_SPR1,bf17a2ea-9bea-40ae-9bc6-562e5bac728b,54.5658,-133.15533,13.91644,5.06011,0.93675,-9.76748,-2.29384,9.42399,-7.3715,NA,NA,NA,NA,NA,NA,NA,NA,NA,NA,NA,NA,NA,NA,NA,NA,NA,NA,NA,NA,NA,NA,NA,NA,NA,NA,NA,NA,NA,NA,NA,NA,NA,NA,NA,NA,NA,NA,NA,NA,NA,NA,NA,NA,NA,NA,NA,NA,NA,NA,High,High,High,NA,NA,NA,NA,NA,NA,NA,NA,NA,NA,NA,NA,NA,NA,NA,NA,NA,NA,NA,NA,NA,NA,NA,NA,NA,NA,NA,NA,NA,NA,NA,NA,NA,NA,NA,NA,NA,NA,NA,NA,NA,NA,NA,NA,NA,NA,NA,NA,NA,NA,NA,NA,NA,NA,NA,NA,NA,NA
NA,NA,NA,NA,NA,NA,NA,NA,NA,NA,NA,NA,NA,NA,NA,NA,291,2025-06-22,19:47:40,4,4,"Rouse, Scott",833071,Right,HOL_SPR1,"Carlo IV, Randy",1000091510,Right,WLM_SHK,Undefined,9,Top,0,3,0,Fastball,Sinker,StrikeCalled,Undefined,Undefined,Undefined,0,0,NA,90.93851,-0.452932,-4.70964,1967.869687,234.389958,01:45:00,4.91576,2.43599,6.11297,-23.18816,10.44579,13.09701,2.56318,-0.83728,83.06188,-4.801175,-2.36058,0.417408,NA,NA,NA,NA,NA,NA,NA,NA,NA,NA,NA,-8.0265,5.83929,-2.08039,50,4.86873,10.30124,-131.75764,-1.79448,-14.12613,27.68849,-21.89726,HOL_SPR1,WLM_SHK,TingStadium,CPL,CPL,20250622-TingStadium-1,4935e050-4fc3-11f0-94df-5159efd1a280,90.30124,NA,NA,7.87663,NA,NA,NA,NA,NA,NA,7a202cac-ef26-47e8-8964-ed2f034dc92d,2025-06-22,23:47:40,2025-06-22T23:47:40Z,2025-06-22T23:47:40Z,NA,v3,NA,NA,NA,"Bonn, Preston",827396,Right,HOL_SPR1,21736183-ecc8-41c2-b81e-435f43ef3f90,54.38816,-132.6766,13.84425,4.91622,-1.06774,-10.94863,-2.43006,10.77007,-7.06307,NA,NA,NA,NA,NA,NA,NA,NA,NA,NA,NA,NA,NA,NA,NA,NA,NA,NA,NA,NA,NA,NA,NA,NA,NA,NA,NA,NA,NA,NA,NA,NA,NA,NA,NA,NA,NA,NA,NA,NA,NA,NA,NA,NA,NA,NA,NA,NA,NA,NA,High,High,High,NA,NA,NA,NA,NA,NA,NA,NA,NA,NA,NA,NA,NA,NA,NA,NA,NA,NA,NA,NA,NA,NA,NA,NA,NA,NA,NA,NA,NA,NA,NA,NA,NA,NA,NA,NA,NA,NA,NA,NA,NA,NA,NA,NA,NA,NA,NA,NA,NA,NA,NA,NA,NA,NA,NA,NA,NA,NA
NA,NA,NA,NA,NA,NA,NA,NA,NA,NA,NA,NA,NA,NA,NA,NA,292,2025-06-22,19:48:00,4,5,"Rouse, Scott",833071,Right,HOL_SPR1,"Carlo IV, Randy",1000091510,Right,WLM_SHK,Undefined,9,Top,0,3,1,Fastball,Sinker,StrikeSwinging,Undefined,Undefined,Undefined,0,0,NA,90.16114,0.368843,-3.450596,1998.399335,232.231235,01:45:00,4.9932,2.21069,6.19425,-22.41261,11.51823,13.5252,3.46664,0.14817,82.49793,-3.851258,-1.01519,0.419246,NA,NA,NA,NA,NA,NA,NA,NA,NA,NA,NA,-7.91284,6.18071,-1.95706,50,5.00962,7.33468,-130.88423,0.14546,-13.77061,26.78469,-21.41781,HOL_SPR1,WLM_SHK,TingStadium,CPL,CPL,20250622-TingStadium-1,54dafc60-4fc3-11f0-94df-5159efd1a280,89.90532,NA,NA,7.6632,NA,NA,NA,NA,NA,NA,7a202cac-ef26-47e8-8964-ed2f034dc92d,2025-06-22,23:48:00,2025-06-22T23:48:00Z,2025-06-22T23:48:00Z,NA,v3,NA,NA,NA,"Bonn, Preston",827396,Right,HOL_SPR1,dcb5de98-d77c-4762-a55d-46bfd0b7e64e,54.30737,-131.76276,13.39234,4.99333,0.84796,-10.7089,-2.20504,7.78635,-6.88531,NA,NA,NA,NA,NA,NA,NA,NA,NA,NA,NA,NA,NA,NA,NA,NA,NA,NA,NA,NA,NA,NA,NA,NA,NA,NA,NA,NA,NA,NA,NA,NA,NA,NA,NA,NA,NA,NA,NA,NA,NA,NA,NA,NA,NA,NA,NA,NA,NA,NA,High,High,High,NA,NA,NA,NA,NA,NA,NA,NA,NA,NA,NA,NA,NA,NA,NA,NA,NA,NA,NA,NA,NA,NA,NA,NA,NA,NA,NA,NA,NA,NA,NA,NA,NA,NA,NA,NA,NA,NA,NA,NA,NA,NA,NA,NA,NA,NA,NA,NA,NA,NA,NA,NA,NA,NA,NA,NA,NA,NA
NA,NA,NA,NA,NA,NA,NA,NA,NA,NA,NA,NA,NA,NA,NA,NA,293,2025-06-22,19:48:21,4,6,"Rouse, Scott",833071,Right,HOL_SPR1,"Carlo IV, Randy",1000091510,Right,WLM_SHK,Undefined,9,Top,0,3,2,Slider,Slider,StrikeCalled,Strikeout,Undefined,Undefined,0,0,NA,82.92586,-0.07895,-1.896795,2111.015832,154.825036,11:15:00,4.78074,2.46943,6.08704,-36.11813,4.31055,-1.41945,1.69782,0.59574,75.89511,-6.780028,-2.152494,0.457632,NA,NA,NA,NA,NA,NA,NA,NA,NA,NA,NA,0.19028,2.57386,-2.3222,50,4.7553,4.04207,-120.47127,-1.29248,0.27839,24.37136,-28.40817,HOL_SPR1,WLM_SHK,TingStadium,CPL,CPL,20250622-TingStadium-1,615f2dd0-4fc3-11f0-94df-5159efd1a280,82.3641,NA,NA,7.03075,NA,NA,NA,NA,NA,NA,7a202cac-ef26-47e8-8964-ed2f034dc92d,2025-06-22,23:48:21,2025-06-22T23:48:21Z,2025-06-22T23:48:21Z,NA,v3,NA,NA,NA,"Bonn, Preston",827396,Right,HOL_SPR1,6e96f483-8609-41c0-8dc7-1e95410201b6,54.41589,-121.36132,12.18568,4.78356,-0.25501,-14.20408,-2.46963,4.03191,0.13919,NA,NA,NA,NA,NA,NA,NA,NA,NA,NA,NA,NA,NA,NA,NA,NA,NA,NA,NA,NA,NA,NA,NA,NA,NA,NA,NA,NA,NA,NA,NA,NA,NA,NA,NA,NA,NA,NA,NA,NA,NA,NA,NA,NA,NA,NA,NA,NA,NA,NA,High,High,High,NA,NA,NA,NA,NA,NA,NA,NA,NA,NA,NA,NA,NA,NA,NA,NA,NA,NA,NA,NA,NA,NA,NA,NA,NA,NA,NA,NA,NA,NA,NA,NA,NA,NA,NA,NA,NA,NA,NA,NA,NA,NA,NA,NA,NA,NA,NA,NA,NA,NA,NA,NA,NA,NA,NA,NA,NA,NA
NA,NA,NA,NA,NA,NA,NA,NA,NA,NA,NA,NA,NA,NA,NA,NA,294,2025-06-22,19:48:57,5,1,"Rouse, Scott",833071,Right,HOL_SPR1,"Gilkerson, Cameron",1000209112,Left,WLM_SHK,Undefined,9,Top,1,0,0,Slider,Slider,StrikeCalled,Undefined,Undefined,Undefined,0,0,NA,81.93211,0.681445,-2.018414,1955.054767,161.684565,11:30:00,4.74146,2.47951,5.87228,-35.01041,6.58634,-1.75815,2.45733,0.45738,75.15049,-5.801111,-2.333581,0.464196,NA,NA,NA,NA,NA,NA,NA,NA,NA,NA,NA,0.34713,3.56347,-2.31506,50,4.77627,4.26119,-118.98856,0.29989,0.49825,22.59127,-27.05949,HOL_SPR1,WLM_SHK,TingStadium,CPL,CPL,20250622-TingStadium-1,76e08cd0-4fc3-11f0-94df-5159efd1a280,81.19947,NA,NA,6.78162,NA,NA,NA,NA,NA,NA,7a202cac-ef26-47e8-8964-ed2f034dc92d,2025-06-22,23:48:57,2025-06-22T23:48:57Z,2025-06-22T23:48:57Z,NA,v3,NA,NA,NA,"Bonn, Preston",827396,Right,HOL_SPR1,0a9c35ae-8e21-41f9-a1e4-a4835d2e6597,54.62919,-119.86424,11.29563,4.74432,1.34876,-13.52975,-2.47985,4.24188,0.24912,NA,NA,NA,NA,NA,NA,NA,NA,NA,NA,NA,NA,NA,NA,NA,NA,NA,NA,NA,NA,NA,NA,NA,NA,NA,NA,NA,NA,NA,NA,NA,NA,NA,NA,NA,NA,NA,NA,NA,NA,NA,NA,NA,NA,NA,NA,NA,NA,NA,NA,High,High,High,NA,NA,NA,NA,NA,NA,NA,NA,NA,NA,NA,NA,NA,NA,NA,NA,NA,NA,NA,NA,NA,NA,NA,NA,NA,NA,NA,NA,NA,NA,NA,NA,NA,NA,NA,NA,NA,NA,NA,NA,NA,NA,NA,NA,NA,NA,NA,NA,NA,NA,NA,NA,NA,NA,NA,NA,NA,NA
NA,NA,NA,NA,NA,NA,NA,NA,NA,NA,NA,NA,NA,NA,NA,NA,295,2025-06-22,19:49:18,5,2,"Rouse, Scott",833071,Right,HOL_SPR1,"Gilkerson, Cameron",1000209112,Left,WLM_SHK,Undefined,9,Top,1,0,1,Slider,Slider,FoulBallNotFieldable,Undefined,Undefined,Undefined,0,0,NA,82.7311,0.66172,-1.586871,2068.145457,140.475035,10:45:00,4.85282,2.54205,5.87244,-36.67081,4.27532,-2.44992,2.41183,0.86352,75.61145,-6.124144,-2.026336,0.460551,NA,NA,NA,NA,NA,NA,NA,NA,NA,NA,NA,0.79744,2.39047,-2.41217,50,4.88516,3.42423,-120.1295,0.19165,1.16151,23.98232,-28.69229,HOL_SPR1,WLM_SHK,TingStadium,CPL,CPL,20250622-TingStadium-1,835f6710-4fc3-11f0-94df-5159efd1a280,81.84204,NA,NA,7.11965,NA,NA,NA,NA,NA,NA,7a202cac-ef26-47e8-8964-ed2f034dc92d,2025-06-22,23:49:18,2025-06-22T23:49:18Z,2025-06-22T23:49:18Z,NA,v3,NA,NA,NA,"Bonn, Preston",827396,Right,HOL_SPR1,87136772-4029-417a-8ec1-1289f34168ab,54.62851,-121.04999,11.99116,4.85667,1.29292,-14.34615,-2.5427399999999998,3.37965,0.58075,NA,NA,NA,NA,NA,NA,NA,NA,NA,NA,NA,NA,NA,NA,NA,NA,NA,NA,NA,NA,NA,NA,NA,NA,NA,NA,NA,NA,NA,NA,NA,NA,NA,NA,NA,NA,NA,NA,NA,NA,NA,NA,NA,NA,NA,NA,NA,NA,NA,NA,High,High,High,NA,NA,NA,NA,NA,NA,NA,NA,NA,NA,NA,NA,NA,NA,NA,NA,NA,NA,NA,NA,NA,NA,NA,NA,NA,NA,NA,NA,NA,NA,NA,NA,NA,NA,NA,NA,NA,NA,NA,NA,NA,NA,NA,NA,NA,NA,NA,NA,NA,NA,NA,NA,NA,NA,NA,NA,NA,NA
NA,NA,NA,NA,NA,NA,NA,NA,NA,NA,NA,NA,NA,NA,NA,NA,296,2025-06-22,19:49:45,5,3,"Rouse, Scott",833071,Right,HOL_SPR1,"Gilkerson, Cameron",1000209112,Left,WLM_SHK,Undefined,9,Top,1,0,2,ChangeUp,Changeup,InPlay,Undefined,GroundBall,FieldersChoice,1,0,NA,84.0362,0.492993,-2.858082,1610.105619,291.902025,03:45:00,4.76046,2.53792,5.92054,-44.13758,-4.37803,14.13831,1.54042,1.06154,76.70974,-7.626394,-0.318597,0.453829,47.53532,-45.285543,34.005896,NA,NA,NA,NA,3.57372,2.82039,-3.553959,0.033008,-8.13323,-2.04784,-2.31707,50,4.77473,5.53452,-121.97298,-0.44838,-12.16883,25.52326,-35.23797,HOL_SPR1,WLM_SHK,TingStadium,CPL,CPL,20250622-TingStadium-1,938e02e0-4fc3-11f0-94df-5159efd1a280,83.05428,1.644,NA,7.32645,NA,NA,NA,2.21752,1.644,-1.13186,7a202cac-ef26-47e8-8964-ed2f034dc92d,2025-06-22,23:49:45,2025-06-22T23:49:45Z,2025-06-22T23:49:45Z,GroundBall,v3,NA,NA,NA,"Bonn, Preston",827396,Right,HOL_SPR1,cd2ab0f5-7ee0-4167-a321-ecf934324e9e,54.58309,-122.92827,12.76163,4.76683,0.87051,-17.61898,-2.53274,5.98997,-6.08442,NA,2.21637,40.87837,NA,NA,NA,NA,NA,NA,NA,1.64539,-49.80562,NA,NA,NA,NA,NA,NA,NA,-1.13263,27.57893,NA,NA,NA,NA,NA,NA,NA,NA,NA,NA,NA,NA,NA,NA,NA,NA,NA,NA,NA,NA,NA,NA,NA,NA,NA,NA,NA,NA,NA,High,High,High,Low,Low,NA,NA,NA,NA,NA,NA,NA,NA,NA,NA,NA,NA,NA,NA,NA,NA,NA,NA,NA,NA,NA,NA,NA,NA,NA,NA,NA,NA,NA,NA,NA,NA,NA,NA,NA,NA,NA,NA,NA,NA,NA,NA,NA,NA,NA,NA,NA,NA,NA,NA,NA,NA,NA,NA,NA,NA
NA,NA,NA,NA,NA,NA,NA,NA,NA,NA,NA,NA,NA,NA,NA,NA,297,2025-06-22,19:50:42,6,1,"Rouse, Scott",833071,Right,HOL_SPR1,"Albus, Chaise",832754,Left,WLM_SHK,Undefined,9,Top,2,0,0,Slider,Slider,StrikeCalled,Undefined,Undefined,Undefined,0,0,NA,84.14593,3.06e-4,-1.9414,2091.258291,204.702837,12:45:00,4.77625,2.6031,5.94232,-33.34966,6.17654,2.25138,1.9974,0.98909,76.81524,-6.191495,-1.537053,0.452495,NA,NA,NA,NA,NA,NA,NA,NA,NA,NA,NA,-1.72189,3.54689,-2.44958,50,4.75752,4.05228,-122.16764,-1.07828,-2.59064,25.07754,-26.83762,HOL_SPR1,WLM_SHK,TingStadium,CPL,CPL,20250622-TingStadium-1,b55e7990-4fc3-11f0-94df-5159efd1a280,83.29908,NA,NA,7.33069,NA,NA,NA,NA,NA,NA,7a202cac-ef26-47e8-8964-ed2f034dc92d,2025-06-22,23:50:42,2025-06-22T23:50:42Z,2025-06-22T23:50:42Z,NA,v3,NA,NA,NA,"Bonn, Preston",827396,Right,HOL_SPR1,d53502c0-5dbe-4346-b6b2-8f51caf8d6d1,54.55857,-123.09983,12.53877,4.77906,-0.08067,-13.41881,-2.602,4.14858,-1.29532,NA,NA,NA,NA,NA,NA,NA,NA,NA,NA,NA,NA,NA,NA,NA,NA,NA,NA,NA,NA,NA,NA,NA,NA,NA,NA,NA,NA,NA,NA,NA,NA,NA,NA,NA,NA,NA,NA,NA,NA,NA,NA,NA,NA,NA,NA,NA,NA,NA,NA,High,High,High,NA,NA,NA,NA,NA,NA,NA,NA,NA,NA,NA,NA,NA,NA,NA,NA,NA,NA,NA,NA,NA,NA,NA,NA,NA,NA,NA,NA,NA,NA,NA,NA,NA,NA,NA,NA,NA,NA,NA,NA,NA,NA,NA,NA,NA,NA,NA,NA,NA,NA,NA,NA,NA,NA,NA,NA,NA,NA
NA,NA,NA,NA,NA,NA,NA,NA,NA,NA,NA,NA,NA,NA,NA,NA,298,2025-06-22,19:50:59,6,2,"Rouse, Scott",833071,Right,HOL_SPR1,"Albus, Chaise",832754,Left,WLM_SHK,Undefined,9,Top,2,0,1,Slider,Slider,StrikeCalled,Undefined,Undefined,Undefined,0,0,NA,83.74554,0.974785,-1.946371,1909.76082,156.394012,11:15:00,4.87975,2.54642,5.86023,-35.27754,5.02272,-1.59228,2.84622,0.6047,75.89721,-5.578362,-2.231747,0.456904,NA,NA,NA,NA,NA,NA,NA,NA,NA,NA,NA,0.20858,2.68654,-2.38752,50,4.93856,4.19217,-121.45948,0.90632,0.3082,26.19072,-28.2042,HOL_SPR1,WLM_SHK,TingStadium,CPL,CPL,20250622-TingStadium-1,bf58f2e0-4fc3-11f0-94df-5159efd1a280,82.49526,NA,NA,7.84833,NA,NA,NA,NA,NA,NA,7a202cac-ef26-47e8-8964-ed2f034dc92d,2025-06-22,23:50:59,2025-06-22T23:50:59Z,2025-06-22T23:50:59Z,NA,v3,NA,NA,NA,"Bonn, Preston",827396,Right,HOL_SPR1,aec3c6e1-c89e-4df4-bde9-af20abb103ea,54.639,-122.45572,13.09536,4.88368,1.97915,-14.1021,-2.54675,4.18044,0.1541,NA,NA,NA,NA,NA,NA,NA,NA,NA,NA,NA,NA,NA,NA,NA,NA,NA,NA,NA,NA,NA,NA,NA,NA,NA,NA,NA,NA,NA,NA,NA,NA,NA,NA,NA,NA,NA,NA,NA,NA,NA,NA,NA,NA,NA,NA,NA,NA,NA,NA,High,High,High,NA,NA,NA,NA,NA,NA,NA,NA,NA,NA,NA,NA,NA,NA,NA,NA,NA,NA,NA,NA,NA,NA,NA,NA,NA,NA,NA,NA,NA,NA,NA,NA,NA,NA,NA,NA,NA,NA,NA,NA,NA,NA,NA,NA,NA,NA,NA,NA,NA,NA,NA,NA,NA,NA,NA,NA,NA,NA
NA,NA,NA,NA,NA,NA,NA,NA,NA,NA,NA,NA,NA,NA,NA,NA,299,2025-06-22,19:51:19,6,3,"Rouse, Scott",833071,Right,HOL_SPR1,"Albus, Chaise",832754,Left,WLM_SHK,Undefined,9,Top,2,0,2,ChangeUp,Changeup,BallCalled,Undefined,Undefined,Undefined,0,0,NA,83.47241,-0.618665,-3.83559,1648.345926,276.360769,03:15:00,4.78282,2.62954,5.9991,-40.58636,-0.465,15.74843,0.82602,0.38232,76.49247,-8.093426,-1.005968,0.455889,NA,NA,NA,NA,NA,NA,NA,NA,NA,NA,NA,-9.3652,0.18469,-2.33643,50,4.71112,7.53674,-121.10087,-2.62216,-13.85414,24.49785,-31.90087,HOL_SPR1,WLM_SHK,TingStadium,CPL,CPL,20250622-TingStadium-1,cb5cd0c0-4fc3-11f0-94df-5159efd1a280,82.67896,NA,NA,6.97994,NA,NA,NA,NA,NA,NA,7a202cac-ef26-47e8-8964-ed2f034dc92d,2025-06-22,23:51:19,2025-06-22T23:51:19Z,2025-06-22T23:51:19Z,NA,v3,NA,NA,NA,"Bonn, Preston",827396,Right,HOL_SPR1,2e0bbc23-6508-4f36-bd9e-0565e52d0476,54.50599,-122.00899,12.24893,4.7864,-1.43961,-15.95043,-2.62533,8.05031,-6.92707,NA,NA,NA,NA,NA,NA,NA,NA,NA,NA,NA,NA,NA,NA,NA,NA,NA,NA,NA,NA,NA,NA,NA,NA,NA,NA,NA,NA,NA,NA,NA,NA,NA,NA,NA,NA,NA,NA,NA,NA,NA,NA,NA,NA,NA,NA,NA,NA,NA,NA,High,High,High,NA,NA,NA,NA,NA,NA,NA,NA,NA,NA,NA,NA,NA,NA,NA,NA,NA,NA,NA,NA,NA,NA,NA,NA,NA,NA,NA,NA,NA,NA,NA,NA,NA,NA,NA,NA,NA,NA,NA,NA,NA,NA,NA,NA,NA,NA,NA,NA,NA,NA,NA,NA,NA,NA,NA,NA,NA,NA
NA,NA,NA,NA,NA,NA,NA,NA,NA,NA,NA,NA,NA,NA,NA,NA,300,2025-06-22,19:51:40,6,4,"Rouse, Scott",833071,Right,HOL_SPR1,"Albus, Chaise",832754,Left,WLM_SHK,Undefined,9,Top,2,1,2,Fastball,Sinker,FoulBallFieldable,Undefined,Undefined,Undefined,0,0,NA,90.47407,-0.503108,-3.710061,2106.903828,229.548574,01:45:00,4.99566,2.27604,6.13071,-21.1945,12.89446,13.78202,2.76341,-0.00969,82.13939,-4.513543,-1.232065,0.420222,70.82748,54.968181,-34.997097,NA,NA,NA,NA,NA,45.2479,NA,NA,-8.26166,7.14902,-1.99937,50,4.94613,7.94188,-131.19542,-1.80819,-14.30744,29.41173,-19.79346,HOL_SPR1,WLM_SHK,TingStadium,CPL,CPL,20250622-TingStadium-1,d7f2dc80-4fc3-11f0-94df-5159efd1a280,89.69659,61.14525,NA,8.33468,NA,NA,NA,1.65504,2.90491,-0.03379,7a202cac-ef26-47e8-8964-ed2f034dc92d,2025-06-22,23:51:40,2025-06-22T23:51:40Z,2025-06-22T23:51:40Z,NA,v3,NA,NA,NA,"Bonn, Preston",827396,Right,HOL_SPR1,19764e90-a087-4080-994a-f610538bdf8c,54.37115,-132.17172,14.70586,4.99525,-1.15115,-9.89673,-2.27088,8.41681,-7.15372,153.850066,1.65504,48.84813,-17.05777,5.19409,-1.26653,0.28044,-0.05251,0.00301,0.00158,2.90491,85.06052,-23.0308,1.86135,-0.1599,-0.03128,0.02114,-0.00811,0.00185,-0.03379,-34.20014,0.76745,0.34791,-0.19479,0.06614,-0.0199,0.00552,-0.00101,NA,NA,NA,NA,NA,NA,NA,NA,NA,NA,NA,NA,NA,NA,NA,NA,NA,NA,NA,NA,NA,NA,High,High,High,High,Undefined,NA,NA,NA,NA,NA,NA,NA,NA,NA,NA,NA,NA,NA,NA,NA,NA,NA,NA,NA,NA,NA,NA,NA,NA,NA,NA,NA,NA,NA,NA,NA,NA,NA,NA,NA,NA,NA,NA,NA,NA,NA,NA,NA,NA,NA,NA,NA,NA,NA,NA,NA,NA,NA,NA,NA,NA
NA,NA,NA,NA,NA,NA,NA,NA,NA,NA,NA,NA,NA,NA,NA,NA,301,2025-06-22,19:52:23,6,5,"Rouse, Scott",833071,Right,HOL_SPR1,"Albus, Chaise",832754,Left,WLM_SHK,Undefined,9,Top,2,1,2,Fastball,Sinker,BallCalled,Undefined,Undefined,Undefined,0,0,NA,90.93402,-0.946301,-5.395568,2068.709345,225.871026,01:30:00,4.94594,2.20435,5.95246,-21.18757,12.96418,12.16611,2.29865,-1.80088,82.49277,-4.935787,-3.2244,0.420608,NA,NA,NA,NA,NA,NA,NA,NA,NA,NA,NA,-7.77252,7.26276,-1.78051,50,4.85849,11.88183,-131.45568,-2.85723,-13.52794,29.25866,-19.5334,HOL_SPR1,WLM_SHK,TingStadium,CPL,CPL,20250622-TingStadium-1,f174dc30-4fc3-11f0-94df-5159efd1a280,89.61409,NA,NA,8.44124,NA,NA,NA,NA,NA,NA,7a202cac-ef26-47e8-8964-ed2f034dc92d,2025-06-22,23:52:23,2025-06-22T23:52:23Z,2025-06-22T23:52:23Z,NA,v3,NA,NA,NA,"Bonn, Preston",827396,Right,HOL_SPR1,d1679eaf-4ba0-445b-b487-5989cc432fb8,54.54675,-132.46381,14.62933,4.94534,-2.1842,-9.7667,-2.19793,12.34794,-6.76397,NA,NA,NA,NA,NA,NA,NA,NA,NA,NA,NA,NA,NA,NA,NA,NA,NA,NA,NA,NA,NA,NA,NA,NA,NA,NA,NA,NA,NA,NA,NA,NA,NA,NA,NA,NA,NA,NA,NA,NA,NA,NA,NA,NA,NA,NA,NA,NA,NA,NA,High,High,High,NA,NA,NA,NA,NA,NA,NA,NA,NA,NA,NA,NA,NA,NA,NA,NA,NA,NA,NA,NA,NA,NA,NA,NA,NA,NA,NA,NA,NA,NA,NA,NA,NA,NA,NA,NA,NA,NA,NA,NA,NA,NA,NA,NA,NA,NA,NA,NA,NA,NA,NA,NA,NA,NA,NA,NA,NA,NA
NA,NA,NA,NA,NA,NA,NA,NA,NA,NA,NA,NA,NA,NA,NA,NA,302,2025-06-22,19:52:44,6,6,"Rouse, Scott",833071,Right,HOL_SPR1,"Albus, Chaise",832754,Left,WLM_SHK,Undefined,9,Top,2,2,2,ChangeUp,Changeup,BallCalled,Undefined,Undefined,Undefined,0,0,NA,84.61234,0.395997,-3.184668,1727.269077,276.539378,03:15:00,4.71343,2.77585,5.81664,-40.39463,-0.94827,19.83068,1.716,1.46412,77.01478,-7.045377,0.368495,0.452038,NA,NA,NA,NA,NA,NA,NA,NA,NA,NA,NA,-11.01938,-0.17142,-2.52638,50,4.72217,6.00948,-122.72085,-0.55363,-16.67874,25.98736,-32.43347,HOL_SPR1,WLM_SHK,TingStadium,CPL,CPL,20250622-TingStadium-1,fe806610-4fc3-11f0-94df-5159efd1a280,83.38337,NA,NA,7.59756,NA,NA,NA,NA,NA,NA,7a202cac-ef26-47e8-8964-ed2f034dc92d,2025-06-22,23:52:44,2025-06-22T23:52:44Z,2025-06-22T23:52:44Z,NA,v3,NA,NA,NA,"Bonn, Preston",827396,Right,HOL_SPR1,6a3990b6-5686-4815-9940-753f88b9073c,54.68565,-123.70911,12.99368,4.71977,0.67976,-16.21674,-2.76698,6.64374,-8.33937,NA,NA,NA,NA,NA,NA,NA,NA,NA,NA,NA,NA,NA,NA,NA,NA,NA,NA,NA,NA,NA,NA,NA,NA,NA,NA,NA,NA,NA,NA,NA,NA,NA,NA,NA,NA,NA,NA,NA,NA,NA,NA,NA,NA,NA,NA,NA,NA,NA,NA,High,High,High,NA,NA,NA,NA,NA,NA,NA,NA,NA,NA,NA,NA,NA,NA,NA,NA,NA,NA,NA,NA,NA,NA,NA,NA,NA,NA,NA,NA,NA,NA,NA,NA,NA,NA,NA,NA,NA,NA,NA,NA,NA,NA,NA,NA,NA,NA,NA,NA,NA,NA,NA,NA,NA,NA,NA,NA,NA,NA
NA,NA,NA,NA,NA,NA,NA,NA,NA,NA,NA,NA,NA,NA,NA,NA,303,2025-06-22,19:53:05,6,7,"Rouse, Scott",833071,Right,HOL_SPR1,"Albus, Chaise",832754,Left,WLM_SHK,Undefined,9,Top,2,3,2,Slider,Slider,StrikeCalled,Strikeout,Undefined,Undefined,0,0,NA,82.93688,-0.194983,-1.745966,2042.312338,165.002191,11:30:00,4.84448,2.49034,6.06207,-36.32368,5.43839,-0.98886,1.63695,0.79145,73.59438,-7.01301,-1.924049,0.465117,NA,NA,NA,NA,NA,NA,NA,NA,NA,NA,NA,-0.16744,3.36331,-2.35427,50,4.81044,3.69892,-120.06148,-1.5413,-0.23541,31.17922,-27.44487,HOL_SPR1,WLM_SHK,TingStadium,CPL,CPL,20250622-TingStadium-1,0afb96d0-4fc4-11f0-94df-5159efd1a280,81.03861,NA,NA,9.3425,NA,NA,NA,NA,NA,NA,7a202cac-ef26-47e8-8964-ed2f034dc92d,2025-06-22,23:53:05,2025-06-22T23:53:05Z,2025-06-22T23:53:05Z,NA,v3,NA,NA,NA,"Bonn, Preston",827396,Right,HOL_SPR1,6b9c29ae-d5e2-49f5-83fd-c9cba40ea419,54.43431,-121.20757,15.58961,4.84855,-0.53247,-13.72243,-2.49039,3.70757,-0.11771,NA,NA,NA,NA,NA,NA,NA,NA,NA,NA,NA,NA,NA,NA,NA,NA,NA,NA,NA,NA,NA,NA,NA,NA,NA,NA,NA,NA,NA,NA,NA,NA,NA,NA,NA,NA,NA,NA,NA,NA,NA,NA,NA,NA,NA,NA,NA,NA,NA,NA,High,High,High,NA,NA,NA,NA,NA,NA,NA,NA,NA,NA,NA,NA,NA,NA,NA,NA,NA,NA,NA,NA,NA,NA,NA,NA,NA,NA,NA,NA,NA,NA,NA,NA,NA,NA,NA,NA,NA,NA,NA,NA,NA,NA,NA,NA,NA,NA,NA,NA,NA,NA,NA,NA,NA,NA,NA,NA,NA,NA
NA,NA,NA,NA,NA,NA,NA,NA,NA,NA,NA,NA,NA,NA,NA,NA,304,2025-06-22,19:55:55,1,1,"Mitchell, Jackson",1000441631,Right,WLM_SHK,"Novy, Brandon",825332,Right,HOL_SPR1,Undefined,9,Bottom,0,0,0,Slider,Slider,BallCalled,Undefined,Undefined,Undefined,0,0,NA,81.11371,3.082883,0.187005,2725.078547,104.121875,09:30:00,6.47562,1.20909,4.77201,-42.20254,2.28079,-3.40811,5.88438,1.10238,73.79105,-4.574421,-0.411577,0.480032,NA,NA,NA,NA,NA,NA,NA,NA,NA,NA,NA,1.71315,0.70748,-1.22469,50,6.74786,-0.23124,-117.45168,4.72391,2.38965,22.5409,-31.18722,HOL_SPR1,WLM_SHK,TingStadium,CPL,CPL,20250622-TingStadium-1,700c3d40-4fc4-11f0-94df-5159efd1a280,78.52071,NA,NA,7.32266,NA,NA,NA,NA,NA,NA,7a202cac-ef26-47e8-8964-ed2f034dc92d,2025-06-22,23:55:55,2025-06-22T23:55:55Z,2025-06-22T23:55:55Z,NA,v3,NA,NA,NA,"Manley, Nathan",1000093427,Right,WLM_SHK,a0958149-2ad5-4779-8681-cf0b454427f0,55.72766,-118.54582,11.27045,6.48182,6.23773,-15.59361,-1.21065,-0.34723,1.19483,NA,NA,NA,NA,NA,NA,NA,NA,NA,NA,NA,NA,NA,NA,NA,NA,NA,NA,NA,NA,NA,NA,NA,NA,NA,NA,NA,NA,NA,NA,NA,NA,NA,NA,NA,NA,NA,NA,NA,NA,NA,NA,NA,NA,NA,NA,NA,NA,NA,NA,High,High,High,NA,NA,NA,NA,NA,NA,NA,NA,NA,NA,NA,NA,NA,NA,NA,NA,NA,NA,NA,NA,NA,NA,NA,NA,NA,NA,NA,NA,NA,NA,NA,NA,NA,NA,NA,NA,NA,NA,NA,NA,NA,NA,NA,NA,NA,NA,NA,NA,NA,NA,NA,NA,NA,NA,NA,NA,NA,NA
NA,NA,NA,NA,NA,NA,NA,NA,NA,NA,NA,NA,NA,NA,NA,NA,305,2025-06-22,19:56:08,1,2,"Mitchell, Jackson",1000441631,Right,WLM_SHK,"Novy, Brandon",825332,Right,HOL_SPR1,Undefined,9,Bottom,0,1,0,Fastball,Four-Seam,BallCalled,Undefined,Undefined,Undefined,0,0,NA,90.16201,-2.698177,-4.315858,2321.811729,213.955118,01:15:00,6.57595,0.7022,4.99653,-16.90355,19.31324,12.10946,2.61069,-2.37123,81.3258,-5.886139,-2.187143,0.433138,NA,NA,NA,NA,NA,NA,NA,NA,NA,NA,NA,-7.27185,10.74056,-0.29634,50,6.3025,9.22748,-130.10804,-6.70751,-12.32876,30.08417,-13.96447,HOL_SPR1,WLM_SHK,TingStadium,CPL,CPL,20250622-TingStadium-1,77d111e0-4fc4-11f0-94df-5159efd1a280,87.02174,NA,NA,8.83621,NA,NA,NA,NA,NA,NA,7a202cac-ef26-47e8-8964-ed2f034dc92d,2025-06-22,23:56:08,2025-06-22T23:56:08Z,2025-06-22T23:56:08Z,NA,v3,NA,NA,NA,"Manley, Nathan",1000093427,Right,WLM_SHK,2a56a537-553e-4f04-ac70-2c05243ea921,55.50079,-131.3738,15.04209,6.57235,-6.11997,-6.98223,-0.69549,9.7462,-6.16438,NA,NA,NA,NA,NA,NA,NA,NA,NA,NA,NA,NA,NA,NA,NA,NA,NA,NA,NA,NA,NA,NA,NA,NA,NA,NA,NA,NA,NA,NA,NA,NA,NA,NA,NA,NA,NA,NA,NA,NA,NA,NA,NA,NA,NA,NA,NA,NA,NA,NA,High,High,High,NA,NA,NA,NA,NA,NA,NA,NA,NA,NA,NA,NA,NA,NA,NA,NA,NA,NA,NA,NA,NA,NA,NA,NA,NA,NA,NA,NA,NA,NA,NA,NA,NA,NA,NA,NA,NA,NA,NA,NA,NA,NA,NA,NA,NA,NA,NA,NA,NA,NA,NA,NA,NA,NA,NA,NA,NA,NA
NA,NA,NA,NA,NA,NA,NA,NA,NA,NA,NA,NA,NA,NA,NA,NA,306,2025-06-22,19:56:26,1,3,"Mitchell, Jackson",1000441631,Right,WLM_SHK,"Novy, Brandon",825332,Right,HOL_SPR1,Undefined,9,Bottom,0,2,0,Fastball,Four-Seam,InPlay,Undefined,Popup,Out,1,0,NA,89.15649,-2.755144,-1.827182,2238.665071,213.000496,01:00:00,6.52007,1.13863,4.86071,-16.24351,20.8256,12.64709,2.5553,0.46249,80.50454,-5.82272,0.398796,0.438205,88.03852,67.269527,-28.718858,NA,NA,NA,NA,NA,35.79463,NA,NA,-6.85418,11.54032,-0.97003,50,6.23551,3.51809,-128.96495,-6.75142,-11.40001,29.93205,-12.97992,HOL_SPR1,WLM_SHK,TingStadium,CPL,CPL,20250622-TingStadium-1,82839090-4fc4-11f0-94df-5159efd1a280,86.01551,72.06582,NA,8.65195,NA,NA,NA,3.77552,2.25972,0.1992,7a202cac-ef26-47e8-8964-ed2f034dc92d,2025-06-22,23:56:26,2025-06-22T23:56:26Z,2025-06-22T23:56:26Z,NA,v3,NA,NA,NA,"Manley, Nathan",1000093427,Right,WLM_SHK,f3b5e319-9c88-4e41-b2c0-5c0725605ae2,55.63971,-130.26732,14.96602,6.51698,-6.18666,-6.48996,-1.13389,4.01411,-5.70001,308.049889,3.77552,43.75528,-2.00866,-1.2611,0.7364,-0.28654,0.09475,-0.02563,0.00404,2.25972,119.09432,-37.16381,5.75678,-0.9856,0.10431,0.0086,-0.00944,0.00223,0.1992,-23.97404,21.04166,-8.506,2.67685,-0.77445,0.21383,-0.05081,0.0074,NA,NA,NA,NA,NA,NA,NA,NA,NA,NA,NA,NA,NA,NA,NA,NA,NA,NA,NA,NA,NA,NA,High,High,High,Low,Undefined,NA,NA,NA,NA,NA,NA,NA,NA,NA,NA,NA,NA,NA,NA,NA,NA,NA,NA,NA,NA,NA,NA,NA,NA,NA,NA,NA,NA,NA,NA,NA,NA,NA,NA,NA,NA,NA,NA,NA,NA,NA,NA,NA,NA,NA,NA,NA,NA,NA,NA,NA,NA,NA,NA,NA,NA
NA,NA,NA,NA,NA,NA,NA,NA,NA,NA,NA,NA,NA,NA,NA,NA,307,2025-06-22,19:57:00,2,1,"Mitchell, Jackson",1000441631,Right,WLM_SHK,"Prather, Ben",1000436478,Right,HOL_SPR1,Undefined,9,Bottom,1,0,0,Slider,Curveball,BallCalled,Undefined,Undefined,Undefined,0,0,NA,79.0853,1.121233,-1.277745,2702.25847,77.36504,08:30:00,6.4499,1.15148,4.43711,-48.46329,-0.78118,-10.78304,3.48126,-0.96617,71.88705,-7.586393,-3.162134,0.496992,NA,NA,NA,NA,NA,NA,NA,NA,NA,NA,NA,4.82485,-0.23358,-1.00484,50,6.52168,3.03345,-114.488,0.36386,6.33696,23.19869,-32.48084,HOL_SPR1,WLM_SHK,TingStadium,CPL,CPL,20250622-TingStadium-1,96855470-4fc4-11f0-94df-5159efd1a280,75.8412,NA,NA,7.19825,NA,NA,NA,NA,NA,NA,7a202cac-ef26-47e8-8964-ed2f034dc92d,2025-06-22,23:57:00,2025-06-22T23:57:00Z,2025-06-22T23:57:00Z,NA,v3,NA,NA,NA,"Manley, Nathan",1000093427,Right,WLM_SHK,f57e4b90-6622-4962-a299-7963486847ac,56.06322,-115.71007,11.59935,6.45744,2.0749,-16.24042,-1.15584,2.69963,3.16848,NA,NA,NA,NA,NA,NA,NA,NA,NA,NA,NA,NA,NA,NA,NA,NA,NA,NA,NA,NA,NA,NA,NA,NA,NA,NA,NA,NA,NA,NA,NA,NA,NA,NA,NA,NA,NA,NA,NA,NA,NA,NA,NA,NA,NA,NA,NA,NA,NA,NA,High,High,High,NA,NA,NA,NA,NA,NA,NA,NA,NA,NA,NA,NA,NA,NA,NA,NA,NA,NA,NA,NA,NA,NA,NA,NA,NA,NA,NA,NA,NA,NA,NA,NA,NA,NA,NA,NA,NA,NA,NA,NA,NA,NA,NA,NA,NA,NA,NA,NA,NA,NA,NA,NA,NA,NA,NA,NA,NA,NA
NA,NA,NA,NA,NA,NA,NA,NA,NA,NA,NA,NA,NA,NA,NA,NA,308,2025-06-22,19:57:12,2,2,"Mitchell, Jackson",1000441631,Right,WLM_SHK,"Prather, Ben",1000436478,Right,HOL_SPR1,Undefined,9,Bottom,1,1,0,Fastball,Four-Seam,StrikeCalled,Undefined,Undefined,Undefined,0,0,NA,91.2169,-2.453606,-2.864322,2309.964966,222.079115,01:30:00,6.54652,0.90852,5.00846,-18.54615,16.67229,13.90635,2.68062,-0.63864,82.41683,-5.923733,-0.411966,0.427126,NA,NA,NA,NA,NA,NA,NA,NA,NA,NA,NA,-7.75772,9.37512,-0.64513,50,6.29629,5.92493,-131.90665,-6.31658,-13.51872,30.91981,-15.83684,HOL_SPR1,WLM_SHK,TingStadium,CPL,CPL,20250622-TingStadium-1,9e27d400-4fc4-11f0-94df-5159efd1a280,88.24657,NA,NA,8.80007,NA,NA,NA,NA,NA,NA,7a202cac-ef26-47e8-8964-ed2f034dc92d,2025-06-22,23:57:12,2025-06-22T23:57:12Z,2025-06-22T23:57:12Z,NA,v3,NA,NA,NA,"Manley, Nathan",1000093427,Right,WLM_SHK,030df2a0-fa97-44f2-9f69-030c0ed0315e,55.49063,-133.18747,15.45991,6.54436,-5.66056,-7.91842,-0.90216,6.48493,-6.75936,NA,NA,NA,NA,NA,NA,NA,NA,NA,NA,NA,NA,NA,NA,NA,NA,NA,NA,NA,NA,NA,NA,NA,NA,NA,NA,NA,NA,NA,NA,NA,NA,NA,NA,NA,NA,NA,NA,NA,NA,NA,NA,NA,NA,NA,NA,NA,NA,NA,NA,High,High,High,NA,NA,NA,NA,NA,NA,NA,NA,NA,NA,NA,NA,NA,NA,NA,NA,NA,NA,NA,NA,NA,NA,NA,NA,NA,NA,NA,NA,NA,NA,NA,NA,NA,NA,NA,NA,NA,NA,NA,NA,NA,NA,NA,NA,NA,NA,NA,NA,NA,NA,NA,NA,NA,NA,NA,NA,NA,NA
NA,NA,NA,NA,NA,NA,NA,NA,NA,NA,NA,NA,NA,NA,NA,NA,309,2025-06-22,19:57:26,2,3,"Mitchell, Jackson",1000441631,Right,WLM_SHK,"Prather, Ben",1000436478,Right,HOL_SPR1,Undefined,9,Bottom,1,1,1,Slider,Slider,BallCalled,Undefined,Undefined,Undefined,0,0,NA,82.25773,1.247556,-1.390292,2808.848901,113.644693,09:45:00,6.45221,1.1065,4.62766,-40.82975,2.59579,-2.74209,4.23619,-0.44387,75.09128,-6.129368,-1.870934,0.47429,NA,NA,NA,NA,NA,NA,NA,NA,NA,NA,NA,0.94051,1.34701,-0.96109,50,6.54303,3.01743,-119.19334,1.00062,1.35052,23.31125,-30.23989,HOL_SPR1,WLM_SHK,TingStadium,CPL,CPL,20250622-TingStadium-1,a625e110-4fc4-11f0-94df-5159efd1a280,79.47127,NA,NA,7.16645,NA,NA,NA,NA,NA,NA,7a202cac-ef26-47e8-8964-ed2f034dc92d,2025-06-22,23:57:26,2025-06-22T23:57:26Z,2025-06-22T23:57:26Z,NA,v3,NA,NA,NA,"Manley, Nathan",1000093427,Right,WLM_SHK,6b395e41-45fa-4cec-8bc9-2706500bcadf,55.8724,-120.33636,11.65562,6.45762,2.48336,-15.11994,-1.10742,2.95121,0.67526,NA,NA,NA,NA,NA,NA,NA,NA,NA,NA,NA,NA,NA,NA,NA,NA,NA,NA,NA,NA,NA,NA,NA,NA,NA,NA,NA,NA,NA,NA,NA,NA,NA,NA,NA,NA,NA,NA,NA,NA,NA,NA,NA,NA,NA,NA,NA,NA,NA,NA,High,High,High,NA,NA,NA,NA,NA,NA,NA,NA,NA,NA,NA,NA,NA,NA,NA,NA,NA,NA,NA,NA,NA,NA,NA,NA,NA,NA,NA,NA,NA,NA,NA,NA,NA,NA,NA,NA,NA,NA,NA,NA,NA,NA,NA,NA,NA,NA,NA,NA,NA,NA,NA,NA,NA,NA,NA,NA,NA,NA
NA,NA,NA,NA,NA,NA,NA,NA,NA,NA,NA,NA,NA,NA,NA,NA,310,2025-06-22,19:57:42,2,4,"Mitchell, Jackson",1000441631,Right,WLM_SHK,"Prather, Ben",1000436478,Right,HOL_SPR1,Undefined,9,Bottom,1,2,1,Fastball,Four-Seam,BallCalled,Undefined,Undefined,Undefined,0,0,NA,91.02499,-1.449098,-2.539116,2269.902566,211.210865,01:00:00,6.54651,0.90992,5.00208,-15.48706,19.86336,11.26237,3.88626,-0.55019,82.04691,-4.392632,-0.553507,0.427926,NA,NA,NA,NA,NA,NA,NA,NA,NA,NA,NA,-6.33512,10.62587,-0.67524,50,6.3954,5.28975,-131.70794,-3.83762,-10.99915,30.99705,-13.7252,HOL_SPR1,WLM_SHK,TingStadium,CPL,CPL,20250622-TingStadium-1,b0022400-4fc4-11f0-94df-5159efd1a280,88.08166,NA,NA,8.97807,NA,NA,NA,NA,NA,NA,7a202cac-ef26-47e8-8964-ed2f034dc92d,2025-06-22,23:57:42,2025-06-22T23:57:42Z,2025-06-22T23:57:42Z,NA,v3,NA,NA,NA,"Manley, Nathan",1000093427,Right,WLM_SHK,dff7ae75-5ebf-4611-ae61-64fbfd68da36,55.49592,-132.9951,15.49853,6.54292,-3.26768,-6.8626,-0.90438,5.74649,-5.49958,NA,NA,NA,NA,NA,NA,NA,NA,NA,NA,NA,NA,NA,NA,NA,NA,NA,NA,NA,NA,NA,NA,NA,NA,NA,NA,NA,NA,NA,NA,NA,NA,NA,NA,NA,NA,NA,NA,NA,NA,NA,NA,NA,NA,NA,NA,NA,NA,NA,NA,High,High,High,NA,NA,NA,NA,NA,NA,NA,NA,NA,NA,NA,NA,NA,NA,NA,NA,NA,NA,NA,NA,NA,NA,NA,NA,NA,NA,NA,NA,NA,NA,NA,NA,NA,NA,NA,NA,NA,NA,NA,NA,NA,NA,NA,NA,NA,NA,NA,NA,NA,NA,NA,NA,NA,NA,NA,NA,NA,NA
NA,NA,NA,NA,NA,NA,NA,NA,NA,NA,NA,NA,NA,NA,NA,NA,311,2025-06-22,19:58:01,2,5,"Mitchell, Jackson",1000441631,Right,WLM_SHK,"Prather, Ben",1000436478,Right,HOL_SPR1,Undefined,9,Bottom,1,3,1,Fastball,Four-Seam,StrikeSwinging,Undefined,Undefined,Undefined,0,0,NA,89.80058,-1.610673,-2.213447,2289.467481,217.881177,01:15:00,6.59564,1.01657,4.88581,-18.41623,18.14843,13.06898,3.53558,0.0105,80.81161,-5.071755,0.087177,0.435214,NA,NA,NA,NA,NA,NA,NA,NA,NA,NA,NA,-7.09681,9.81898,-0.81074,50,6.42282,4.37815,-129.88693,-4.29213,-11.95352,30.76806,-15.63544,HOL_SPR1,WLM_SHK,TingStadium,CPL,CPL,20250622-TingStadium-1,badee700-4fc4-11f0-94df-5159efd1a280,86.60677,NA,NA,8.98897,NA,NA,NA,NA,NA,NA,7a202cac-ef26-47e8-8964-ed2f034dc92d,2025-06-22,23:58:01,2025-06-22T23:58:01Z,2025-06-22T23:58:01Z,NA,v3,NA,NA,NA,"Manley, Nathan",1000093427,Right,WLM_SHK,3d8716f8-313c-4b82-b3d6-eaa625001ce8,55.61143,-131.20945,15.38403,6.59286,-3.62006,-7.81772,-1.00997,4.89196,-5.97676,NA,NA,NA,NA,NA,NA,NA,NA,NA,NA,NA,NA,NA,NA,NA,NA,NA,NA,NA,NA,NA,NA,NA,NA,NA,NA,NA,NA,NA,NA,NA,NA,NA,NA,NA,NA,NA,NA,NA,NA,NA,NA,NA,NA,NA,NA,NA,NA,NA,NA,High,High,High,NA,NA,NA,NA,NA,NA,NA,NA,NA,NA,NA,NA,NA,NA,NA,NA,NA,NA,NA,NA,NA,NA,NA,NA,NA,NA,NA,NA,NA,NA,NA,NA,NA,NA,NA,NA,NA,NA,NA,NA,NA,NA,NA,NA,NA,NA,NA,NA,NA,NA,NA,NA,NA,NA,NA,NA,NA,NA
NA,NA,NA,NA,NA,NA,NA,NA,NA,NA,NA,NA,NA,NA,NA,NA,312,2025-06-22,19:58:19,2,6,"Mitchell, Jackson",1000441631,Right,WLM_SHK,"Prather, Ben",1000436478,Right,HOL_SPR1,Undefined,9,Bottom,1,3,2,Fastball,Four-Seam,FoulBallNotFieldable,Undefined,Undefined,Undefined,0,0,NA,90.70751,-1.709208,-2.34672,2263.521971,219.52489,01:15:00,6.58073,0.77944,4.84802,-17.44245,18.29155,14.04347,3.50717,-0.27326,81.96717,-4.983266,0.123406,0.430242,72.00618,27.249132,156.737569,3766.206301,-104.64154,29.51164,33.91378,189.29698,62.51024,164.752294,2.521189,-7.62044,9.88654,-0.56014,50,6.39772,4.69091,-131.26503,-4.53342,-13.16573,30.32533,-15.09324,HOL_SPR1,WLM_SHK,TingStadium,CPL,CPL,20250622-TingStadium-1,c603fda0-4fc4-11f0-94df-5159efd1a280,87.60763,30.03054,NA,8.74034,NA,NA,NA,0.10737,3.29114,0.33337,7a202cac-ef26-47e8-8964-ed2f034dc92d,2025-06-22,23:58:19,2025-06-22T23:58:19Z,2025-06-22T23:58:19Z,FlyBall,v3,NA,NA,NA,"Manley, Nathan",1000093427,Right,WLM_SHK,b6306dd8-ffe7-4663-8c50-bc0f099c7814,55.65117,-132.56416,15.16267,6.57808,-3.88683,-7.54662,-0.77318,5.25493,-6.58286,NA,0.10746,-86.26084,7.00995,-0.80915,0.17107,-0.14716,0.08677,-0.02384,0.00268,3.2911,48.35642,-24.46504,2.7927,-0.60031,0.23315,-0.11343,0.03472,-0.00447,0.33349,37.07364,-13.29521,4.30028,-0.80383,-0.14661,0.17712,-0.06016,0.00763,NA,NA,NA,NA,NA,NA,NA,NA,NA,NA,NA,NA,NA,NA,NA,NA,NA,NA,NA,NA,NA,NA,High,High,High,High,Medium,NA,NA,NA,NA,NA,NA,NA,NA,NA,NA,NA,NA,NA,NA,NA,NA,NA,NA,NA,NA,NA,NA,NA,NA,NA,NA,NA,NA,NA,NA,NA,NA,NA,NA,NA,NA,NA,NA,NA,NA,NA,NA,NA,NA,NA,NA,NA,NA,NA,NA,NA,NA,NA,NA,NA,NA
NA,NA,NA,NA,NA,NA,NA,NA,NA,NA,NA,NA,NA,NA,NA,NA,313,2025-06-22,19:58:39,2,7,"Mitchell, Jackson",1000441631,Right,WLM_SHK,"Prather, Ben",1000436478,Right,HOL_SPR1,Undefined,9,Bottom,1,3,2,Slider,Slider,BallCalled,Walk,Undefined,Undefined,0,0,NA,80.91471,1.063291,-0.777054,2834.475617,123.542166,10:00:00,6.44863,1.00549,4.53361,-39.60506,4.76429,-5.33555,4.16092,-0.17912,74.92868,-6.055813,-1.710969,0.479416,NA,NA,NA,NA,NA,NA,NA,NA,NA,NA,NA,2.41941,2.43236,-0.91907,50,6.52199,1.82867,-117.47606,0.64953,3.42514,19.53585,-28.7306,HOL_SPR1,WLM_SHK,TingStadium,CPL,CPL,20250622-TingStadium-1,d1c26e10-4fc4-11f0-94df-5159efd1a280,78.62149,NA,NA,5.98603,NA,NA,NA,NA,NA,NA,7a202cac-ef26-47e8-8964-ed2f034dc92d,2025-06-22,23:58:39,2025-06-22T23:58:39Z,2025-06-22T23:58:39Z,NA,v3,NA,NA,NA,"Manley, Nathan",1000093427,Right,WLM_SHK,1a7f922f-9783-4ff0-aaa9-077e62d147d4,55.96893,-118.46451,9.76792,6.45236,2.10321,-14.3653,-1.00721,1.65537,1.71257,NA,NA,NA,NA,NA,NA,NA,NA,NA,NA,NA,NA,NA,NA,NA,NA,NA,NA,NA,NA,NA,NA,NA,NA,NA,NA,NA,NA,NA,NA,NA,NA,NA,NA,NA,NA,NA,NA,NA,NA,NA,NA,NA,NA,NA,NA,NA,NA,NA,NA,High,High,High,NA,NA,NA,NA,NA,NA,NA,NA,NA,NA,NA,NA,NA,NA,NA,NA,NA,NA,NA,NA,NA,NA,NA,NA,NA,NA,NA,NA,NA,NA,NA,NA,NA,NA,NA,NA,NA,NA,NA,NA,NA,NA,NA,NA,NA,NA,NA,NA,NA,NA,NA,NA,NA,NA,NA,NA,NA,NA
NA,NA,NA,NA,NA,NA,NA,NA,NA,NA,NA,NA,NA,NA,NA,NA,314,2025-06-22,19:59:11,3,1,"Mitchell, Jackson",1000441631,Right,WLM_SHK,"Garcia, Brandon",1000136946,Left,HOL_SPR1,Undefined,9,Bottom,1,0,0,Fastball,Four-Seam,BallCalled,Undefined,Undefined,Undefined,0,0,NA,89.74858,-1.343333,-1.30637,2298.827452,213.061558,01:00:00,6.73353,1.10351,4.7729,-16.28202,19.79328,12.15138,4.10257,0.8774,82.15367,-4.385986,0.829204,0.432291,NA,NA,NA,NA,NA,NA,NA,NA,NA,NA,NA,-6.31217,10.41469,-0.98395,50,6.58556,2.38004,-130.1591,-3.62274,-10.87151,26.30239,-14.23674,HOL_SPR1,WLM_SHK,TingStadium,CPL,CPL,20250622-TingStadium-1,e51442e0-4fc4-11f0-94df-5159efd1a280,87.19224,NA,NA,7.59491,NA,NA,NA,NA,NA,NA,7a202cac-ef26-47e8-8964-ed2f034dc92d,2025-06-22,23:59:11,2025-06-22T23:59:11Z,2025-06-22T23:59:11Z,NA,v3,NA,NA,NA,"Manley, Nathan",1000093427,Right,WLM_SHK,0507e2d9-a42c-4f67-9400-e4dc42da39bc,55.72785,-131.31147,13.1512,6.73061,-2.99899,-7.11837,-1.09866,2.85635,-5.43576,NA,NA,NA,NA,NA,NA,NA,NA,NA,NA,NA,NA,NA,NA,NA,NA,NA,NA,NA,NA,NA,NA,NA,NA,NA,NA,NA,NA,NA,NA,NA,NA,NA,NA,NA,NA,NA,NA,NA,NA,NA,NA,NA,NA,NA,NA,NA,NA,NA,NA,High,High,High,NA,NA,NA,NA,NA,NA,NA,NA,NA,NA,NA,NA,NA,NA,NA,NA,NA,NA,NA,NA,NA,NA,NA,NA,NA,NA,NA,NA,NA,NA,NA,NA,NA,NA,NA,NA,NA,NA,NA,NA,NA,NA,NA,NA,NA,NA,NA,NA,NA,NA,NA,NA,NA,NA,NA,NA,NA,NA
NA,NA,NA,NA,NA,NA,NA,NA,NA,NA,NA,NA,NA,NA,NA,NA,315,2025-06-22,19:59:34,3,2,"Mitchell, Jackson",1000441631,Right,WLM_SHK,"Garcia, Brandon",1000136946,Left,HOL_SPR1,Undefined,9,Bottom,1,1,0,Fastball,Four-Seam,BallCalled,Undefined,Undefined,Undefined,0,0,NA,89.65043,-3.768309,-1.507796,2224.750634,221.912748,01:30:00,6.59237,1.20934,4.86847,-19.82355,16.21162,13.5615,1.36773,0.91218,82.64273,-7.401335,0.881598,0.432051,NA,NA,NA,NA,NA,NA,NA,NA,NA,NA,NA,-7.16118,9.33012,-1.07325,50,6.20446,2.79205,-129.87032,-9.29756,-12.31358,25.46812,-16.13099,HOL_SPR1,WLM_SHK,TingStadium,CPL,CPL,20250622-TingStadium-1,f29c76d0-4fc4-11f0-94df-5159efd1a280,87.24077,NA,NA,7.0077,NA,NA,NA,NA,NA,NA,7a202cac-ef26-47e8-8964-ed2f034dc92d,2025-06-22,23:59:34,2025-06-22T23:59:34Z,2025-06-22T23:59:34Z,NA,v3,NA,NA,NA,"Manley, Nathan",1000093427,Right,WLM_SHK,a9e8a451-c467-4ff2-b3df-8f26fcb8ce70,55.63494,-130.97069,12.73406,6.59111,-8.6006,-8.0655,-1.20537,3.32407,-6.15679,NA,NA,NA,NA,NA,NA,NA,NA,NA,NA,NA,NA,NA,NA,NA,NA,NA,NA,NA,NA,NA,NA,NA,NA,NA,NA,NA,NA,NA,NA,NA,NA,NA,NA,NA,NA,NA,NA,NA,NA,NA,NA,NA,NA,NA,NA,NA,NA,NA,NA,High,High,High,NA,NA,NA,NA,NA,NA,NA,NA,NA,NA,NA,NA,NA,NA,NA,NA,NA,NA,NA,NA,NA,NA,NA,NA,NA,NA,NA,NA,NA,NA,NA,NA,NA,NA,NA,NA,NA,NA,NA,NA,NA,NA,NA,NA,NA,NA,NA,NA,NA,NA,NA,NA,NA,NA,NA,NA,NA,NA
NA,NA,NA,NA,NA,NA,NA,NA,NA,NA,NA,NA,NA,NA,NA,NA,316,2025-06-22,20:00:28,3,3,"Mitchell, Jackson",1000441631,Right,WLM_SHK,"Garcia, Brandon",1000136946,Left,HOL_SPR1,Undefined,9,Bottom,1,2,0,Fastball,Four-Seam,StrikeCalled,Undefined,Undefined,Undefined,0,0,NA,89.16124,-3.079641,-0.868911,2190.517104,214.092827,01:15:00,6.59679,1.34051,4.9048,-18.22977,18.24548,11.56394,2.16192,1.48233,81.76359,-6.456297,1.169576,0.434681,NA,NA,NA,NA,NA,NA,NA,NA,NA,NA,NA,-5.95028,10.19186,-1.26574,50,6.28063,1.41464,-129.19229,-7.59859,-10.08572,26.18511,-14.89891,HOL_SPR1,WLM_SHK,TingStadium,CPL,CPL,20250622-TingStadium-1,1293e7c0-4fc5-11f0-94df-5159efd1a280,86.7129,NA,NA,7.39765,NA,NA,NA,NA,NA,NA,7a202cac-ef26-47e8-8964-ed2f034dc92d,2025-06-23,00:00:28,2025-06-23T00:00:28Z,2025-06-23T00:00:28Z,NA,v3,NA,NA,NA,"Manley, Nathan",1000093427,Right,WLM_SHK,e83e6ccf-7b99-4186-8764-413aed7a42b8,55.59619,-130.32161,13.09256,6.59449,-6.95602,-7.44946,-1.33613,1.84962,-5.04286,NA,NA,NA,NA,NA,NA,NA,NA,NA,NA,NA,NA,NA,NA,NA,NA,NA,NA,NA,NA,NA,NA,NA,NA,NA,NA,NA,NA,NA,NA,NA,NA,NA,NA,NA,NA,NA,NA,NA,NA,NA,NA,NA,NA,NA,NA,NA,NA,NA,NA,High,High,High,NA,NA,NA,NA,NA,NA,NA,NA,NA,NA,NA,NA,NA,NA,NA,NA,NA,NA,NA,NA,NA,NA,NA,NA,NA,NA,NA,NA,NA,NA,NA,NA,NA,NA,NA,NA,NA,NA,NA,NA,NA,NA,NA,NA,NA,NA,NA,NA,NA,NA,NA,NA,NA,NA,NA,NA,NA,NA
NA,NA,NA,NA,NA,NA,NA,NA,NA,NA,NA,NA,NA,NA,NA,NA,317,2025-06-22,20:00:46,3,4,"Mitchell, Jackson",1000441631,Right,WLM_SHK,"Garcia, Brandon",1000136946,Left,HOL_SPR1,Undefined,9,Bottom,1,2,1,Fastball,Four-Seam,InPlay,Undefined,LineDrive,Out,1,0,NA,89.32883,-2.89241,-2.415379,2277.922522,217.129457,01:15:00,6.57872,1.12776,4.96402,-17.73068,18.50288,13.14406,2.36389,-0.06011,81.95895,-6.186949,-0.098302,0.433238,88.62795,20.960938,27.614944,2721.629673,96.73331,35.77337,52.37029,319.34684,292.06479,30.700531,3.759418,-7.22032,10.30146,-0.90548,50,6.28445,4.85693,-129.42371,-7.17163,-12.29647,25.98653,-14.63028,HOL_SPR1,WLM_SHK,TingStadium,CPL,CPL,20250622-TingStadium-1,1dcbc310-4fc5-11f0-94df-5159efd1a280,87.00165,43.20697,NA,7.36988,NA,NA,NA,2.22963,2.41936,0.00456,7a202cac-ef26-47e8-8964-ed2f034dc92d,2025-06-23,00:00:46,2025-06-23T00:00:46Z,2025-06-23T00:00:46Z,LineDrive,v3,NA,NA,NA,"Manley, Nathan",1000093427,Right,WLM_SHK,6834e9e5-e1aa-4ccb-a809-c8eaee7bbdd8,55.53892,-130.53111,12.99326,6.57678,-6.54817,-7.31514,-1.12362,5.38094,-6.14823,201.640113,2.22948,107.56111,-17.71495,4.08026,-0.92875,0.24111,-0.06337,0.01099,-8e-4,2.41991,46.48497,-13.58259,-0.08004,0.37738,-0.23521,0.08475,-0.01508,0.00103,0.00424,56.27693,-5.33546,0.7989,-0.21262,0.09677,-0.03171,0.00563,-4e-4,NA,NA,NA,NA,NA,NA,NA,NA,NA,NA,NA,NA,NA,NA,NA,NA,NA,NA,NA,NA,NA,NA,High,High,High,High,Medium,NA,NA,NA,NA,NA,NA,NA,NA,NA,NA,NA,NA,NA,NA,NA,NA,NA,NA,NA,NA,NA,NA,NA,NA,NA,NA,NA,NA,NA,NA,NA,NA,NA,NA,NA,NA,NA,NA,NA,NA,NA,NA,NA,NA,NA,NA,NA,NA,NA,NA,NA,NA,NA,NA,NA,NA
NA,NA,NA,NA,NA,NA,NA,NA,NA,NA,NA,NA,NA,NA,NA,NA,318,2025-06-22,20:01:24,4,1,"Mitchell, Jackson",1000441631,Right,WLM_SHK,"Lyons, Trenton",806150,Left,HOL_SPR1,Undefined,9,Bottom,2,0,0,ChangeUp,Changeup,BallCalled,Undefined,Undefined,Undefined,0,0,NA,83.99872,0.964507,0.223423,1276.004429,235.85374,01:45:00,6.70452,1.21954,5.28936,-31.56069,8.88331,11.25788,4.98027,2.3675,76.8776,-4.842518,2.221113,0.457719,NA,NA,NA,NA,NA,NA,NA,NA,NA,NA,NA,-5.56823,4.56142,-1.24843,50,6.7695,-0.95841,-121.93626,0.939,-8.39339,23.71053,-25.2983,HOL_SPR1,WLM_SHK,TingStadium,CPL,CPL,20250622-TingStadium-1,346bff90-4fc5-11f0-94df-5159efd1a280,82.34851,NA,NA,7.12112,NA,NA,NA,NA,NA,NA,7a202cac-ef26-47e8-8964-ed2f034dc92d,2025-06-23,00:01:24,2025-06-23T00:01:24Z,2025-06-23T00:01:24Z,NA,v3,NA,NA,NA,"Manley, Nathan",1000093427,Right,WLM_SHK,77593575-6d4a-4c20-a44b-59666505eb1b,55.21149,-122.94546,11.85527,6.70662,2.01578,-12.64915,-1.21524,-0.60115,-4.19669,NA,NA,NA,NA,NA,NA,NA,NA,NA,NA,NA,NA,NA,NA,NA,NA,NA,NA,NA,NA,NA,NA,NA,NA,NA,NA,NA,NA,NA,NA,NA,NA,NA,NA,NA,NA,NA,NA,NA,NA,NA,NA,NA,NA,NA,NA,NA,NA,NA,NA,High,High,High,NA,NA,NA,NA,NA,NA,NA,NA,NA,NA,NA,NA,NA,NA,NA,NA,NA,NA,NA,NA,NA,NA,NA,NA,NA,NA,NA,NA,NA,NA,NA,NA,NA,NA,NA,NA,NA,NA,NA,NA,NA,NA,NA,NA,NA,NA,NA,NA,NA,NA,NA,NA,NA,NA,NA,NA,NA,NA
NA,NA,NA,NA,NA,NA,NA,NA,NA,NA,NA,NA,NA,NA,NA,NA,319,2025-06-22,20:01:45,4,2,"Mitchell, Jackson",1000441631,Right,WLM_SHK,"Lyons, Trenton",806150,Left,HOL_SPR1,Undefined,9,Bottom,2,1,0,Fastball,Four-Seam,StrikeCalled,Undefined,Undefined,Undefined,0,0,NA,90.81825,-2.334522,-2.613217,2151.859216,218.067591,01:15:00,6.72154,1.08543,4.83951,-17.53442,17.67198,12.97406,3.04627,-0.30956,83.23539,-5.588312,-0.332019,0.427053,NA,NA,NA,NA,NA,NA,NA,NA,NA,NA,NA,-7.11807,9.66894,-0.83853,50,6.47586,5.3842,-131.58019,-6.01128,-12.53297,26.79136,-15.14974,HOL_SPR1,WLM_SHK,TingStadium,CPL,CPL,20250622-TingStadium-1,40fdeca0-4fc5-11f0-94df-5159efd1a280,88.26164,NA,NA,7.58286,NA,NA,NA,NA,NA,NA,7a202cac-ef26-47e8-8964-ed2f034dc92d,2025-06-23,00:01:45,2025-06-23T00:01:45Z,2025-06-23T00:01:45Z,NA,v3,NA,NA,NA,"Manley, Nathan",1000093427,Right,WLM_SHK,33846bb9-72ef-454e-bbb2-b0fccfde7450,55.66255,-132.72815,13.39568,6.71953,-5.36214,-7.57487,-1.08074,5.92121,-6.26649,NA,NA,NA,NA,NA,NA,NA,NA,NA,NA,NA,NA,NA,NA,NA,NA,NA,NA,NA,NA,NA,NA,NA,NA,NA,NA,NA,NA,NA,NA,NA,NA,NA,NA,NA,NA,NA,NA,NA,NA,NA,NA,NA,NA,NA,NA,NA,NA,NA,NA,High,High,High,NA,NA,NA,NA,NA,NA,NA,NA,NA,NA,NA,NA,NA,NA,NA,NA,NA,NA,NA,NA,NA,NA,NA,NA,NA,NA,NA,NA,NA,NA,NA,NA,NA,NA,NA,NA,NA,NA,NA,NA,NA,NA,NA,NA,NA,NA,NA,NA,NA,NA,NA,NA,NA,NA,NA,NA,NA,NA
NA,NA,NA,NA,NA,NA,NA,NA,NA,NA,NA,NA,NA,NA,NA,NA,320,2025-06-22,20:02:06,4,3,"Mitchell, Jackson",1000441631,Right,WLM_SHK,"Lyons, Trenton",806150,Left,HOL_SPR1,Undefined,9,Bottom,2,1,1,Fastball,Four-Seam,FoulBallNotFieldable,Undefined,Undefined,Undefined,0,0,NA,90.48103,-1.834832,-1.71068,2225.153136,216.90624,01:15:00,6.7268,0.99979,4.8827,-16.99607,18.50489,13.0317,3.57309,0.46674,82.57652,-5.009781,0.584156,0.428836,NA,NA,NA,NA,NA,NA,NA,NA,NA,NA,NA,-6.96146,10.00662,-0.84357,50,6.53298,3.30077,-131.1599,-4.80865,-12.12042,27.87453,-14.7518,HOL_SPR1,WLM_SHK,TingStadium,CPL,CPL,20250622-TingStadium-1,4d012e40-4fc5-11f0-94df-5159efd1a280,87.89469,NA,NA,7.90451,NA,NA,NA,NA,NA,NA,7a202cac-ef26-47e8-8964-ed2f034dc92d,2025-06-23,00:02:06,2025-06-23T00:02:06Z,2025-06-23T00:02:06Z,NA,v3,NA,NA,NA,"Manley, Nathan",1000093427,Right,WLM_SHK,d7639346-7a6c-454c-b7c7-9c662f45aaad,55.61934,-132.34875,13.93727,6.72466,-4.17949,-7.3759,-0.99537,3.81771,-6.06021,NA,NA,NA,NA,NA,NA,NA,NA,NA,NA,NA,NA,NA,NA,NA,NA,NA,NA,NA,NA,NA,NA,NA,NA,NA,NA,NA,NA,NA,NA,NA,NA,NA,NA,NA,NA,NA,NA,NA,NA,NA,NA,NA,NA,NA,NA,NA,NA,NA,NA,High,High,High,NA,NA,NA,NA,NA,NA,NA,NA,NA,NA,NA,NA,NA,NA,NA,NA,NA,NA,NA,NA,NA,NA,NA,NA,NA,NA,NA,NA,NA,NA,NA,NA,NA,NA,NA,NA,NA,NA,NA,NA,NA,NA,NA,NA,NA,NA,NA,NA,NA,NA,NA,NA,NA,NA,NA,NA,NA,NA
NA,NA,NA,NA,NA,NA,NA,NA,NA,NA,NA,NA,NA,NA,NA,NA,321,2025-06-22,20:02:34,4,4,"Mitchell, Jackson",1000441631,Right,WLM_SHK,"Lyons, Trenton",806150,Left,HOL_SPR1,Undefined,9,Bottom,2,1,2,Fastball,Changeup,BallCalled,Undefined,Undefined,Undefined,0,0,NA,85.5515,-0.889741,0.356515,1439.834016,231.165248,01:45:00,6.63823,1.15066,5.31995,-26.88852,12.18359,13.57469,3.5624,2.61648,78.20592,-5.855918,2.767712,0.449889,NA,NA,NA,NA,NA,NA,NA,NA,NA,NA,NA,-6.68189,6.7404,-1.19302,50,6.53851,-1.36672,-124.14758,-2.86296,-10.40542,25.36373,-21.67751,HOL_SPR1,WLM_SHK,TingStadium,CPL,CPL,20250622-TingStadium-1,5ddafe30-4fc5-11f0-94df-5159efd1a280,83.78173,NA,NA,7.34558,NA,NA,NA,NA,NA,NA,7a202cac-ef26-47e8-8964-ed2f034dc92d,2025-06-23,00:02:34,2025-06-23T00:02:34Z,2025-06-23T00:02:34Z,NA,v3,NA,NA,NA,"Manley, Nathan",1000093427,Right,WLM_SHK,f5fddc38-7d20-4143-8ea9-de028f6a2970,55.18014,-125.20143,12.68186,6.63875,-1.96228,-10.83875,-1.14522,-0.93439,-5.20271,NA,NA,NA,NA,NA,NA,NA,NA,NA,NA,NA,NA,NA,NA,NA,NA,NA,NA,NA,NA,NA,NA,NA,NA,NA,NA,NA,NA,NA,NA,NA,NA,NA,NA,NA,NA,NA,NA,NA,NA,NA,NA,NA,NA,NA,NA,NA,NA,NA,NA,High,High,High,NA,NA,NA,NA,NA,NA,NA,NA,NA,NA,NA,NA,NA,NA,NA,NA,NA,NA,NA,NA,NA,NA,NA,NA,NA,NA,NA,NA,NA,NA,NA,NA,NA,NA,NA,NA,NA,NA,NA,NA,NA,NA,NA,NA,NA,NA,NA,NA,NA,NA,NA,NA,NA,NA,NA,NA,NA,NA
NA,NA,NA,NA,NA,NA,NA,NA,NA,NA,NA,NA,NA,NA,NA,NA,322,2025-06-22,20:02:57,4,5,"Mitchell, Jackson",1000441631,Right,WLM_SHK,"Lyons, Trenton",806150,Left,HOL_SPR1,Undefined,9,Bottom,2,2,2,Slider,Slider,StrikeCalled,Strikeout,Undefined,Undefined,0,0,NA,82.47813,-0.444124,-0.413743,2591.030493,53.60515,07:45:00,6.53574,1.30772,4.57765,-47.52018,-4.33638,-7.72532,2.15314,0.27027,75.84531,-8.941041,-1.770332,0.472968,NA,NA,NA,NA,NA,NA,NA,NA,NA,NA,NA,3.69512,-1.68784,-1.25713,50,6.44484,1.20518,-119.64261,-2.81777,5.34428,23.55514,-34.61514,HOL_SPR1,WLM_SHK,TingStadium,CPL,CPL,20250622-TingStadium-1,6b82c810-4fc5-11f0-94df-5159efd1a280,79.6934,NA,NA,6.63283,NA,NA,NA,NA,NA,NA,7a202cac-ef26-47e8-8964-ed2f034dc92d,2025-06-23,00:02:57,2025-06-23T00:02:57Z,2025-06-23T00:02:57Z,NA,v3,NA,NA,NA,"Manley, Nathan",1000093427,Right,WLM_SHK,69c69274-f2e1-4371-8814-22d5cd4b6f1c,55.92621,-120.80372,11.77757,6.54168,-1.11148,-17.30757,-1.31004,0.94174,2.67214,NA,NA,NA,NA,NA,NA,NA,NA,NA,NA,NA,NA,NA,NA,NA,NA,NA,NA,NA,NA,NA,NA,NA,NA,NA,NA,NA,NA,NA,NA,NA,NA,NA,NA,NA,NA,NA,NA,NA,NA,NA,NA,NA,NA,NA,NA,NA,NA,NA,NA,High,High,High,NA,NA,NA,NA,NA,NA,NA,NA,NA,NA,NA,NA,NA,NA,NA,NA,NA,NA,NA,NA,NA,NA,NA,NA,NA,NA,NA,NA,NA,NA,NA,NA,NA,NA,NA,NA,NA,NA,NA,NA,NA,NA,NA,NA,NA,NA,NA,NA,NA,NA,NA,NA,NA,NA,NA,NA,NA,NA
