player_name,display_name,active,notes,id,pitcher,date,rel_speed,horz_break,induced_vert_break,original_pitch_type,new_pitch_type,new_pitcher,modified_at,pitch_key,created_at,PitchNo,Date,Time,PAofInning,PitchofPA,Pitcher,PitcherId,PitcherThrows,PitcherTeam,Batter,BatterId,BatterSide,BatterTeam,PitcherSet,Inning,Top/Bottom,Outs,Balls,Strikes,TaggedPitchType,AutoPitchType,PitchCall,KorBB,TaggedHitType,PlayResult,OutsOnPlay,RunsScored,Notes,RelSpeed,VertRelAngle,HorzRelAngle,SpinRate,SpinAxis,Tilt,RelHeight,RelSide,Extension,VertBreak,InducedVertBreak,HorzBreak,PlateLocHeight,PlateLocSide,ZoneSpeed,VertApprAngle,HorzApprAngle,ZoneTime,ExitSpeed,Angle,Direction,HitSpinRate,PositionAt110X,PositionAt110Y,PositionAt110Z,Distance,LastTrackedDistance,Bearing,HangTime,pfxx,pfxz,x0,y0,z0,vx0,vy0,vz0,ax0,ay0,az0,HomeTeam,AwayTeam,Stadium,Level,League,GameID,PitchUID,EffectiveVelo,MaxHeight,MeasuredDuration,SpeedDrop,PitchLastMeasuredX,PitchLastMeasuredY,PitchLastMeasuredZ,ContactPositionX,ContactPositionY,ContactPositionZ,GameUID,UTCDate,UTCTime,LocalDateTime,UTCDateTime,AutoHitType,System,HomeTeamForeignID,AwayTeamForeignID,GameForeignID,Catcher,CatcherId,CatcherThrows,CatcherTeam,PlayID,PitchTrajectoryXc0,PitchTrajectoryXc1,PitchTrajectoryXc2,PitchTrajectoryYc0,PitchTrajectoryYc1,PitchTrajectoryYc2,PitchTrajectoryZc0,PitchTrajectoryZc1,PitchTrajectoryZc2,HitSpinAxis,HitTrajectoryXc0,HitTrajectoryXc1,HitTrajectoryXc2,HitTrajectoryXc3,HitTrajectoryXc4,HitTrajectoryXc5,HitTrajectoryXc6,HitTrajectoryXc7,HitTrajectoryXc8,HitTrajectoryYc0,HitTrajectoryYc1,HitTrajectoryYc2,HitTrajectoryYc3,HitTrajectoryYc4,HitTrajectoryYc5,HitTrajectoryYc6,HitTrajectoryYc7,HitTrajectoryYc8,HitTrajectoryZc0,HitTrajectoryZc1,HitTrajectoryZc2,HitTrajectoryZc3,HitTrajectoryZc4,HitTrajectoryZc5,HitTrajectoryZc6,HitTrajectoryZc7,HitTrajectoryZc8,ThrowSpeed,PopTime,ExchangeTime,TimeToBase,CatchPositionX,CatchPositionY,CatchPositionZ,ThrowPositionX,ThrowPositionY,ThrowPositionZ,BasePositionX,BasePositionY,BasePositionZ,ThrowTrajectoryXc0,ThrowTrajectoryXc1,ThrowTrajectoryXc2,ThrowTrajectoryYc0,ThrowTrajectoryYc1,ThrowTrajectoryYc2,ThrowTrajectoryZc0,ThrowTrajectoryZc1,ThrowTrajectoryZc2,PitchReleaseConfidence,PitchLocationConfidence,PitchMovementConfidence,HitLaunchConfidence,HitLandingConfidence,CatcherThrowCatchConfidence,CatcherThrowReleaseConfidence,CatcherThrowLocationConfidence,SpinAxis3dTransverseAngle,SpinAxis3dLongitudinalAngle,SpinAxis3dActiveSpinRate,SpinAxis3dSpinEfficiency,SpinAxis3dTilt,SpinAxis3dVectorX,SpinAxis3dVectorY,SpinAxis3dVectorZ,SpinAxis3dSeamOrientationRotationX,SpinAxis3dSeamOrientationRotationY,SpinAxis3dSeamOrientationRotationZ,SpinAxis3dSeamOrientationBallYAmb1,SpinAxis3dSeamOrientationBallAngleHorizontalAmb1,SpinAxis3dSeamOrientationBallZAmb1,SpinAxis3dSeamOrientationBallAngleVerticalAmb2,SpinAxis3dSeamOrientationBallZAmb2,SpinAxis3dSeamOrientationBallXAmb4,SpinAxis3dSeamOrientationBallYAmb4,SpinAxis3dSeamOrientationBallAngleHorizontalAmb2,SpinAxis3dSeamOrientationBallAngleVerticalAmb1,SpinAxis3dSeamOrientationBallXAmb1,SpinAxis3dSeamOrientationBallYAmb2,SpinAxis3dSeamOrientationBallAngleHorizontalAmb4,SpinAxis3dSeamOrientationBallAngleVerticalAmb4,SpinAxis3dSeamOrientationBallXAmb2,SpinAxis3dSeamOrientationBallAngleVerticalAmb3,SpinAxis3dSeamOrientationBallAngleHorizontalAmb3,SpinAxis3dSeamOrientationBallXAmb3,SpinAxis3dSeamOrientationBallYAmb3,SpinAxis3dSeamOrientationBallZAmb3,SpinAxis3dSeamOrientationBallZAmb4,PitchSession,Flag,CalibrationId,EffVelocity,PracticeType,Device,HitType,SessionId,BatSpeed,VerticalAttackAngle,HorizontalAttackAngle,session_id,play_id,camera_slot,camera_name,camera_target,video_type,azure_blob,azure_md5,cloudinary_url,cloudinary_public_id,uploaded_at
NA,NA,NA,NA,NA,NA,NA,NA,NA,NA,NA,NA,NA,NA,NA,NA,1,2025-06-10,16:48:33,1,1,"Benefield, Brodie",1000239356,Right,USA_TEA7,"James, Bryant",10171420,Left,USA_DIR4,Undefined,1,Top,0,0,0,Undefined,Four-Seam,StrikeSwinging,Undefined,Undefined,Undefined,0,0,NA,87.79561,-0.483566,-3.251913,2231.746277,221.422041,01:30:00,5.91262,1.84693,6.35337,-16.13792,19.88855,16.43312,4.12197,0.21999,79.27395,-3.62368,-0.282758,0.431998,NA,NA,NA,NA,NA,NA,NA,NA,NA,NA,NA,-9.46788,10.82879,-1.61772,50,5.86954,6.56443,-127.31973,-1.45666,-15.37602,28.73367,-14.58788,USA_TEA7,USA_DIR4,USABBCary1,USA Baseball,USA,20250610-USABBCary1-6,46562c40-463c-11f0-b1ef-e7d42f54913a,87.25133,NA,NA,8.52166,NA,NA,NA,NA,NA,NA,94966c17-51d9-438d-8e8b-63130879b621,2025-06-10,20:48:33,2025-06-10T20:48:33Z,2025-06-10T20:48:33Z,NA,v3,NA,NA,NA,"Rogozinski, Benjamin",1000291537,Right,USA_TEA7,c7abafb9-25cb-47e7-b996-a685e179a52f,54.14264,-128.25123,14.36684,5.90909,-0.98374,-7.29394,-1.83861,7.0629,-7.68801,NA,NA,NA,NA,NA,NA,NA,NA,NA,NA,NA,NA,NA,NA,NA,NA,NA,NA,NA,NA,NA,NA,NA,NA,NA,NA,NA,NA,NA,NA,NA,NA,NA,NA,NA,NA,NA,NA,NA,NA,NA,NA,NA,NA,NA,NA,NA,NA,NA,NA,High,High,High,NA,NA,NA,NA,NA,NA,NA,NA,NA,NA,NA,NA,NA,NA,NA,NA,NA,NA,NA,NA,NA,NA,NA,NA,NA,NA,NA,NA,NA,NA,NA,NA,NA,NA,NA,NA,NA,NA,NA,NA,NA,NA,NA,NA,NA,NA,NA,NA,NA,NA,NA,NA,NA,NA,NA,NA,NA,NA
NA,NA,NA,NA,NA,NA,NA,NA,NA,NA,NA,NA,NA,NA,NA,NA,2,2025-06-10,16:48:47,1,2,"Benefield, Brodie",1000239356,Right,USA_TEA7,"James, Bryant",10171420,Left,USA_DIR4,Undefined,1,Top,0,0,1,Undefined,Four-Seam,BallCalled,Undefined,Undefined,Undefined,0,0,NA,88.14295,-3.471688,-4.323031,2249.246751,221.405379,01:30:00,5.92633,1.70294,6.22663,-16.0782,19.94911,16.4654,1.3703,-0.92112,79.96207,-6.570478,-1.359722,0.432003,NA,NA,NA,NA,NA,NA,NA,NA,NA,NA,NA,-9.7591,11.72497,-1.38693,50,5.65769,8.95887,-127.45625,-8.15519,-15.93334,28.02825,-13.0311,USA_TEA7,USA_DIR4,USABBCary1,USA Baseball,USA,20250610-USABBCary1-6,4e741d60-463c-11f0-b1ef-e7d42f54913a,87.25033,NA,NA,8.18088,NA,NA,NA,NA,NA,NA,94966c17-51d9-438d-8e8b-63130879b621,2025-06-10,20:48:47,2025-06-10T20:48:47Z,2025-06-10T20:48:47Z,NA,v3,NA,NA,NA,"Rogozinski, Benjamin",1000291537,Right,USA_TEA7,dd86227d-5408-4114-85e5-c8424ab6dcd9,54.27028,-128.39187,14.01413,5.92266,-7.7202,-6.51555,-1.69487,9.49075,-7.96667,NA,NA,NA,NA,NA,NA,NA,NA,NA,NA,NA,NA,NA,NA,NA,NA,NA,NA,NA,NA,NA,NA,NA,NA,NA,NA,NA,NA,NA,NA,NA,NA,NA,NA,NA,NA,NA,NA,NA,NA,NA,NA,NA,NA,NA,NA,NA,NA,NA,NA,High,High,High,NA,NA,NA,NA,NA,NA,NA,NA,NA,NA,NA,NA,NA,NA,NA,NA,NA,NA,NA,NA,NA,NA,NA,NA,NA,NA,NA,NA,NA,NA,NA,NA,NA,NA,NA,NA,NA,NA,NA,NA,NA,NA,NA,NA,NA,NA,NA,NA,NA,NA,NA,NA,NA,NA,NA,NA,NA,NA
NA,NA,NA,NA,NA,NA,NA,NA,NA,NA,NA,NA,NA,NA,NA,NA,3,2025-06-10,16:48:58,1,3,"Benefield, Brodie",1000239356,Right,USA_TEA7,"James, Bryant",10171420,Left,USA_DIR4,Undefined,1,Top,0,1,1,Undefined,Sinker,StrikeCalled,Undefined,Undefined,Undefined,0,0,NA,87.81308,-1.877442,-4.969729,2311.415309,227.374154,01:30:00,5.68098,2.15746,6.1127,-19.27273,17.32021,17.36899,2.33181,-1.00182,79.20809,-5.56423,-1.854974,0.435382,NA,NA,NA,NA,NA,NA,NA,NA,NA,NA,NA,-10.45662,9.89111,-1.784,50,5.52631,10.31666,-126.95055,-4.71022,-16.85704,28.9422,-16.22871,USA_TEA7,USA_DIR4,USABBCary1,USA Baseball,USA,20250610-USABBCary1-6,5511fe30-463c-11f0-b1ef-e7d42f54913a,86.57336,NA,NA,8.60498,NA,NA,NA,NA,NA,NA,94966c17-51d9-438d-8e8b-63130879b621,2025-06-10,20:48:58,2025-06-10T20:48:58Z,2025-06-10T20:48:58Z,NA,v3,NA,NA,NA,"Rogozinski, Benjamin",1000291537,Right,USA_TEA7,bcb41092-eb0d-405f-b979-bc7370b50071,54.38385,-127.94608,14.4711,5.67872,-4.152,-8.11435,-2.14884,10.89649,-8.42852,NA,NA,NA,NA,NA,NA,NA,NA,NA,NA,NA,NA,NA,NA,NA,NA,NA,NA,NA,NA,NA,NA,NA,NA,NA,NA,NA,NA,NA,NA,NA,NA,NA,NA,NA,NA,NA,NA,NA,NA,NA,NA,NA,NA,NA,NA,NA,NA,NA,NA,High,High,High,NA,NA,NA,NA,NA,NA,NA,NA,NA,NA,NA,NA,NA,NA,NA,NA,NA,NA,NA,NA,NA,NA,NA,NA,NA,NA,NA,NA,NA,NA,NA,NA,NA,NA,NA,NA,NA,NA,NA,NA,NA,NA,NA,NA,NA,NA,NA,NA,NA,NA,NA,NA,NA,NA,NA,NA,NA,NA
NA,NA,NA,NA,NA,NA,NA,NA,NA,NA,NA,NA,NA,NA,NA,NA,4,2025-06-10,16:49:09,1,4,"Benefield, Brodie",1000239356,Right,USA_TEA7,"James, Bryant",10171420,Left,USA_DIR4,Undefined,1,Top,0,1,2,Undefined,Sinker,BallCalled,Undefined,Undefined,Undefined,0,0,NA,87.71013,-1.959023,-4.994141,2162.677371,236.99044,02:00:00,5.73416,1.86634,6.35212,-22.77643,13.10646,18.38875,2.02537,-1.20979,80.2124,-6.257536,-1.680008,0.431137,NA,NA,NA,NA,NA,NA,NA,NA,NA,NA,NA,-10.9206,7.71733,-1.51132,50,5.58071,10.37639,-127.02176,-5.02204,-17.85704,25.81121,-19.5549,USA_TEA7,USA_DIR4,USABBCary1,USA Baseball,USA,20250610-USABBCary1-6,5c2bc5c0-463c-11f0-b1ef-e7d42f54913a,87.42573,NA,NA,7.49774,NA,NA,NA,NA,NA,NA,94966c17-51d9-438d-8e8b-63130879b621,2025-06-10,20:49:09,2025-06-10T20:49:09Z,2025-06-10T20:49:09Z,NA,v3,NA,NA,NA,"Rogozinski, Benjamin",1000291537,Right,USA_TEA7,2016842a-8d2a-4abc-8db8-8fbdea6cadee,54.14709,-127.86168,12.9056,5.73378,-4.3857,-9.77745,-1.85843,10.95747,-8.92852,NA,NA,NA,NA,NA,NA,NA,NA,NA,NA,NA,NA,NA,NA,NA,NA,NA,NA,NA,NA,NA,NA,NA,NA,NA,NA,NA,NA,NA,NA,NA,NA,NA,NA,NA,NA,NA,NA,NA,NA,NA,NA,NA,NA,NA,NA,NA,NA,NA,NA,High,High,High,NA,NA,NA,NA,NA,NA,NA,NA,NA,NA,NA,NA,NA,NA,NA,NA,NA,NA,NA,NA,NA,NA,NA,NA,NA,NA,NA,NA,NA,NA,NA,NA,NA,NA,NA,NA,NA,NA,NA,NA,NA,NA,NA,NA,NA,NA,NA,NA,NA,NA,NA,NA,NA,NA,NA,NA,NA,NA
NA,NA,NA,NA,NA,NA,NA,NA,NA,NA,NA,NA,NA,NA,NA,NA,5,2025-06-10,16:49:22,1,5,"Benefield, Brodie",1000239356,Right,USA_TEA7,"James, Bryant",10171420,Left,USA_DIR4,Undefined,1,Top,0,2,2,Undefined,Sinker,InPlay,Undefined,GroundBall,Out,1,0,NA,87.43556,-1.846949,-3.80117,2113.030925,233.289912,01:45:00,5.72229,2.08015,6.31805,-21.3934,14.78083,18.21218,2.23405,0.09165,79.71036,-5.905452,-0.513199,0.432884,69.064,-58.53039,-8.220001,NA,NA,NA,NA,3.35752,3.35752,-5.075413,0.026411,-10.60056,8.58469,-1.81034,50,5.57665,7.71803,-126.79397,-4.70392,-17.19493,26.79587,-18.24903,USA_TEA7,USA_DIR4,USABBCary1,USA Baseball,USA,20250610-USABBCary1-6,63b78900-463c-11f0-b1ef-e7d42f54913a,87.07294,2.28974,NA,7.7252,NA,NA,NA,1.95727,2.28974,-0.09665,94966c17-51d9-438d-8e8b-63130879b621,2025-06-10,20:49:22,2025-06-10T20:49:22Z,2025-06-10T20:49:22Z,GroundBall,v3,NA,NA,NA,"Rogozinski, Benjamin",1000291537,Right,USA_TEA7,f9cf7968-b00a-4732-b134-16eeafe0bd80,54.18152,-127.67461,13.39793,5.72138,-4.10417,-9.12452,-2.07327,8.28314,-8.59746,NA,1.95649,52.51897,NA,NA,NA,NA,NA,NA,NA,2.29102,-86.69598,NA,NA,NA,NA,NA,NA,NA,-0.09654,-7.58681,NA,NA,NA,NA,NA,NA,NA,NA,NA,NA,NA,NA,NA,NA,NA,NA,NA,NA,NA,NA,NA,NA,NA,NA,NA,NA,NA,NA,NA,High,High,High,Estimated,Estimated,NA,NA,NA,NA,NA,NA,NA,NA,NA,NA,NA,NA,NA,NA,NA,NA,NA,NA,NA,NA,NA,NA,NA,NA,NA,NA,NA,NA,NA,NA,NA,NA,NA,NA,NA,NA,NA,NA,NA,NA,NA,NA,NA,NA,NA,NA,NA,NA,NA,NA,NA,NA,NA,NA,NA,NA
NA,NA,NA,NA,NA,NA,NA,NA,NA,NA,NA,NA,NA,NA,NA,NA,6,2025-06-10,16:49:54,2,1,"Benefield, Brodie",1000239356,Right,USA_TEA7,"Offing, Ethan",10151630,Right,USA_DIR4,Undefined,1,Top,1,0,0,Undefined,Sinker,InPlay,Undefined,GroundBall,Out,1,0,NA,87.57313,-0.83447,-3.049565,2094.240535,227.291413,01:30:00,5.70307,1.80223,6.31654,-22.27938,13.3295,13.30788,3.07671,0.0997,80.64682,-5.032801,-0.645357,0.429487,90.64393,5.351514,-13.147572,6361.536982,NA,NA,NA,105.31357,105.31357,-11.762031,0.864339,-7.74414,7.48111,-1.58528,50,5.63115,6.27172,-127.26051,-2.50839,-12.79652,24.25521,-19.81218,USA_TEA7,USA_DIR4,USABBCary1,USA Baseball,USA,20250610-USABBCary1-6,76ab5f50-463c-11f0-b1ef-e7d42f54913a,87.76144,5.06336,NA,6.92631,NA,NA,NA,1.53228,3.07322,-0.09864,94966c17-51d9-438d-8e8b-63130879b621,2025-06-10,20:49:54,2025-06-10T20:49:54Z,2025-06-10T20:49:54Z,GroundBall,v3,NA,NA,NA,"Rogozinski, Benjamin",1000291537,Right,USA_TEA7,ccd41b39-d09a-4f72-9f5a-3d561bd29c90,54.18391,-128.05546,12.12761,5.70272,-1.85906,-9.90609,-1.7977,6.69112,-6.39826,302.558083,1.53228,128.89513,-14.82002,2.27089,-0.48861,0.09561,-0.01996,0.00378,-4.1e-4,3.07322,12.39915,-19.90699,1.95905,-0.3941,0.08915,-0.01747,0.00335,-4.2e-4,-0.09864,-30.10767,7.20871,-1.34221,0.28477,-0.05789,0.01174,-0.00223,2.5e-4,NA,NA,NA,NA,NA,NA,NA,NA,NA,NA,NA,NA,NA,NA,NA,NA,NA,NA,NA,NA,NA,NA,High,High,High,High,High,NA,NA,NA,NA,NA,NA,NA,NA,NA,NA,NA,NA,NA,NA,NA,NA,NA,NA,NA,NA,NA,NA,NA,NA,NA,NA,NA,NA,NA,NA,NA,NA,NA,NA,NA,NA,NA,NA,NA,NA,NA,NA,NA,NA,NA,NA,NA,NA,NA,NA,NA,NA,NA,NA,NA,NA
NA,NA,NA,NA,NA,NA,NA,NA,NA,NA,NA,NA,NA,NA,NA,NA,7,2025-06-10,16:50:31,3,1,"Benefield, Brodie",1000239356,Right,USA_TEA7,"Hornick, Palmer",1000111916,Left,USA_DIR4,Undefined,1,Top,2,0,0,Undefined,Four-Seam,BallCalled,Undefined,Undefined,Undefined,0,0,NA,86.99155,-0.438375,-3.781948,2155.720538,222.348043,01:30:00,5.70995,2.02652,6.2568,-20.15422,16.26899,13.79016,3.62532,-0.31675,79.54533,-4.269114,-1.297194,0.434371,NA,NA,NA,NA,NA,NA,NA,NA,NA,NA,NA,-8.14894,8.89886,-1.75192,50,5.66728,7.79613,-126.22223,-1.52772,-13.17703,25.13402,-17.78435,USA_TEA7,USA_DIR4,USABBCary1,USA Baseball,USA,20250610-USABBCary1-6,8cbe01d0-463c-11f0-b1ef-e7d42f54913a,86.77482,NA,NA,7.44622,NA,NA,NA,NA,NA,NA,94966c17-51d9-438d-8e8b-63130879b621,2025-06-10,20:50:31,2025-06-10T20:50:31Z,2025-06-10T20:50:31Z,NA,v3,NA,NA,NA,"Rogozinski, Benjamin",1000291537,Right,USA_TEA7,5ecb251f-d7c4-41a5-96c4-6f3819c21c9d,54.24139,-127.06399,12.56701,5.70847,-0.9321,-8.89218,-2.0204,8.23744,-6.58851,NA,NA,NA,NA,NA,NA,NA,NA,NA,NA,NA,NA,NA,NA,NA,NA,NA,NA,NA,NA,NA,NA,NA,NA,NA,NA,NA,NA,NA,NA,NA,NA,NA,NA,NA,NA,NA,NA,NA,NA,NA,NA,NA,NA,NA,NA,NA,NA,NA,NA,High,High,High,NA,NA,NA,NA,NA,NA,NA,NA,NA,NA,NA,NA,NA,NA,NA,NA,NA,NA,NA,NA,NA,NA,NA,NA,NA,NA,NA,NA,NA,NA,NA,NA,NA,NA,NA,NA,NA,NA,NA,NA,NA,NA,NA,NA,NA,NA,NA,NA,NA,NA,NA,NA,NA,NA,NA,NA,NA,NA
NA,NA,NA,NA,NA,NA,NA,NA,NA,NA,NA,NA,NA,NA,NA,NA,8,2025-06-10,16:50:44,3,2,"Benefield, Brodie",1000239356,Right,USA_TEA7,"Hornick, Palmer",1000111916,Left,USA_DIR4,Undefined,1,Top,2,1,0,Undefined,Sinker,FoulBallNotFieldable,Undefined,Undefined,Undefined,0,0,NA,87.02246,-1.773358,-3.971077,2114.655595,230.172789,01:45:00,5.64876,2.26726,6.23792,-21.8069,14.63871,16.17674,2.19124,-0.05364,79.75805,-5.889277,-1.056423,0.434504,NA,NA,NA,NA,NA,NA,NA,NA,NA,NA,NA,-9.43378,8.41934,-1.9785,50,5.50535,8.12055,-126.20189,-4.54748,-15.25795,24.99673,-18.55687,USA_TEA7,USA_DIR4,USABBCary1,USA Baseball,USA,20250610-USABBCary1-6,948aecc0-463c-11f0-b1ef-e7d42f54913a,86.74814,NA,NA,7.26442,NA,NA,NA,NA,NA,NA,94966c17-51d9-438d-8e8b-63130879b621,2025-06-10,20:50:44,2025-06-10T20:50:44Z,2025-06-10T20:50:44Z,NA,v3,NA,NA,NA,"Rogozinski, Benjamin",1000291537,Right,USA_TEA7,87e185c0-a610-420f-901a-f800ff84082a,54.26099,-127.04306,12.49837,5.64788,-3.92302,-9.27844,-2.2604,8.63399,-7.62897,NA,NA,NA,NA,NA,NA,NA,NA,NA,NA,NA,NA,NA,NA,NA,NA,NA,NA,NA,NA,NA,NA,NA,NA,NA,NA,NA,NA,NA,NA,NA,NA,NA,NA,NA,NA,NA,NA,NA,NA,NA,NA,NA,NA,NA,NA,NA,NA,NA,NA,High,High,High,NA,NA,NA,NA,NA,NA,NA,NA,NA,NA,NA,NA,NA,NA,NA,NA,NA,NA,NA,NA,NA,NA,NA,NA,NA,NA,NA,NA,NA,NA,NA,NA,NA,NA,NA,NA,NA,NA,NA,NA,NA,NA,NA,NA,NA,NA,NA,NA,NA,NA,NA,NA,NA,NA,NA,NA,NA,NA
NA,NA,NA,NA,NA,NA,NA,NA,NA,NA,NA,NA,NA,NA,NA,NA,9,2025-06-10,16:51:03,3,3,"Benefield, Brodie",1000239356,Right,USA_TEA7,"Hornick, Palmer",1000111916,Left,USA_DIR4,Undefined,1,Top,2,1,1,Undefined,Changeup,FoulBallNotFieldable,Undefined,Undefined,Undefined,0,0,NA,77.01321,-0.555704,-3.30167,1813.624826,237.350767,02:00:00,5.46553,2.17429,6.48569,-33.99939,12.24674,16.74509,2.12119,0.53504,70.42259,-6.954472,-0.265721,0.489451,NA,NA,NA,NA,NA,NA,NA,NA,NA,NA,NA,-9.81981,7.00996,-1.94967,50,5.41139,5.90523,-111.82532,-1.96381,-12.37992,20.98945,-23.33653,USA_TEA7,USA_DIR4,USABBCary1,USA Baseball,USA,20250610-USABBCary1-6,9ff43850-463c-11f0-b1ef-e7d42f54913a,77.00965,NA,NA,6.59062,NA,NA,NA,NA,NA,NA,94966c17-51d9-438d-8e8b-63130879b621,2025-06-10,20:51:03,2025-06-10T20:51:03Z,2025-06-10T20:51:03Z,NA,v3,NA,NA,NA,"Rogozinski, Benjamin",1000291537,Right,USA_TEA7,f63c0cc2-cda5-40eb-a1a6-4f29058a0fe9,54.01449,-112.57632,10.49472,5.46672,-1.12884,-11.66826,-2.16887,6.34818,-6.18996,NA,NA,NA,NA,NA,NA,NA,NA,NA,NA,NA,NA,NA,NA,NA,NA,NA,NA,NA,NA,NA,NA,NA,NA,NA,NA,NA,NA,NA,NA,NA,NA,NA,NA,NA,NA,NA,NA,NA,NA,NA,NA,NA,NA,NA,NA,NA,NA,NA,NA,High,High,High,NA,NA,NA,NA,NA,NA,NA,NA,NA,NA,NA,NA,NA,NA,NA,NA,NA,NA,NA,NA,NA,NA,NA,NA,NA,NA,NA,NA,NA,NA,NA,NA,NA,NA,NA,NA,NA,NA,NA,NA,NA,NA,NA,NA,NA,NA,NA,NA,NA,NA,NA,NA,NA,NA,NA,NA,NA,NA
NA,NA,NA,NA,NA,NA,NA,NA,NA,NA,NA,NA,NA,NA,NA,NA,10,2025-06-10,16:51:24,3,4,"Benefield, Brodie",1000239356,Right,USA_TEA7,"Hornick, Palmer",1000111916,Left,USA_DIR4,Undefined,1,Top,2,1,2,Undefined,Sinker,FoulBallNotFieldable,Undefined,Undefined,Undefined,0,0,NA,88.37312,-1.966006,-3.491413,2194.777542,241.42311,02:00:00,5.78951,1.94482,6.23349,-24.7369,10.62953,17.45588,1.91034,0.17459,80.99727,-6.60061,-0.342013,0.428023,NA,NA,NA,NA,NA,NA,NA,NA,NA,NA,NA,-10.08532,6.39422,-1.69281,50,5.6302,7.1428,-128.23305,-5.1731,-16.80064,26.40388,-21.52224,USA_TEA7,USA_DIR4,USABBCary1,USA Baseball,USA,20250610-USABBCary1-6,aca28700-463c-11f0-b1ef-e7d42f54913a,88.06175,NA,NA,7.37585,NA,NA,NA,NA,NA,NA,94966c17-51d9-438d-8e8b-63130879b621,2025-06-10,20:51:24,2025-06-10T20:51:24Z,2025-06-10T20:51:24Z,NA,v3,NA,NA,NA,"Rogozinski, Benjamin",1000291537,Right,USA_TEA7,59529f78-3f38-4b93-aa7a-55b18890bbe6,54.26714,-129.10869,13.20194,5.78992,-4.45936,-10.76112,-1.93893,7.69997,-8.40032,NA,NA,NA,NA,NA,NA,NA,NA,NA,NA,NA,NA,NA,NA,NA,NA,NA,NA,NA,NA,NA,NA,NA,NA,NA,NA,NA,NA,NA,NA,NA,NA,NA,NA,NA,NA,NA,NA,NA,NA,NA,NA,NA,NA,NA,NA,NA,NA,NA,NA,High,High,High,NA,NA,NA,NA,NA,NA,NA,NA,NA,NA,NA,NA,NA,NA,NA,NA,NA,NA,NA,NA,NA,NA,NA,NA,NA,NA,NA,NA,NA,NA,NA,NA,NA,NA,NA,NA,NA,NA,NA,NA,NA,NA,NA,NA,NA,NA,NA,NA,NA,NA,NA,NA,NA,NA,NA,NA,NA,NA
NA,NA,NA,NA,NA,NA,NA,NA,NA,NA,NA,NA,NA,NA,NA,NA,11,2025-06-10,16:51:45,3,5,"Benefield, Brodie",1000239356,Right,USA_TEA7,"Hornick, Palmer",1000111916,Left,USA_DIR4,Undefined,1,Top,2,1,2,Undefined,Changeup,BallCalled,Undefined,Undefined,Undefined,0,0,NA,76.87326,-1.09142,-4.886264,1618.192789,242.140949,02:00:00,5.47143,2.08999,6.60067,-37.84963,8.77402,13.55721,1.31366,-1.26748,70.08742,-8.19234,-2.429663,0.491444,NA,NA,NA,NA,NA,NA,NA,NA,NA,NA,NA,-8.56922,5.44709,-1.76094,50,5.38138,9.06073,-111.32441,-3.11538,-10.66294,21.56136,-25.39608,USA_TEA7,USA_DIR4,USABBCary1,USA Baseball,USA,20250610-USABBCary1-6,b900b9e0-463c-11f0-b1ef-e7d42f54913a,76.69725,NA,NA,6.78583,NA,NA,NA,NA,NA,NA,94966c17-51d9-438d-8e8b-63130879b621,2025-06-10,20:51:45,2025-06-10T20:51:45Z,2025-06-10T20:51:45Z,NA,v3,NA,NA,NA,"Rogozinski, Benjamin",1000291537,Right,USA_TEA7,198a4d86-6862-476c-af66-567e8740066d,53.89663,-112.07657,10.78068,5.47461,-2.22945,-12.69804,-2.08351,9.4327,-5.33147,NA,NA,NA,NA,NA,NA,NA,NA,NA,NA,NA,NA,NA,NA,NA,NA,NA,NA,NA,NA,NA,NA,NA,NA,NA,NA,NA,NA,NA,NA,NA,NA,NA,NA,NA,NA,NA,NA,NA,NA,NA,NA,NA,NA,NA,NA,NA,NA,NA,NA,High,High,High,NA,NA,NA,NA,NA,NA,NA,NA,NA,NA,NA,NA,NA,NA,NA,NA,NA,NA,NA,NA,NA,NA,NA,NA,NA,NA,NA,NA,NA,NA,NA,NA,NA,NA,NA,NA,NA,NA,NA,NA,NA,NA,NA,NA,NA,NA,NA,NA,NA,NA,NA,NA,NA,NA,NA,NA,NA,NA
NA,NA,NA,NA,NA,NA,NA,NA,NA,NA,NA,NA,NA,NA,NA,NA,12,2025-06-10,16:52:07,3,6,"Benefield, Brodie",1000239356,Right,USA_TEA7,"Hornick, Palmer",1000111916,Left,USA_DIR4,Undefined,1,Top,2,2,2,Undefined,Sinker,BallCalled,Undefined,Undefined,Undefined,0,0,NA,88.95667,-0.187444,-3.803495,2168.484467,234.043536,01:45:00,5.71478,1.91853,6.17067,-22.32296,13.07524,16.30446,3.68102,-0.2409,80.30775,-4.424667,-0.869738,0.428215,NA,NA,NA,NA,NA,NA,NA,NA,NA,NA,NA,-9.53249,7.17504,-1.63795,50,5.68922,7.8823,-128.89223,-1.09171,-15.85756,29.57439,-20.23818,USA_TEA7,USA_DIR4,USABBCary1,USA Baseball,USA,20250610-USABBCary1-6,c5bd1250-463c-11f0-b1ef-e7d42f54913a,88.0222,NA,NA,8.64892,NA,NA,NA,NA,NA,NA,94966c17-51d9-438d-8e8b-63130879b621,2025-06-10,20:52:07,2025-06-10T20:52:07Z,2025-06-10T20:52:07Z,NA,v3,NA,NA,NA,"Rogozinski, Benjamin",1000291537,Right,USA_TEA7,3e7c3b10-bf5b-40b9-8dda-2005a0e5b714,54.32564,-129.88096,14.7872,5.71441,-0.41511,-10.11909,-1.91033,8.41244,-7.92878,NA,NA,NA,NA,NA,NA,NA,NA,NA,NA,NA,NA,NA,NA,NA,NA,NA,NA,NA,NA,NA,NA,NA,NA,NA,NA,NA,NA,NA,NA,NA,NA,NA,NA,NA,NA,NA,NA,NA,NA,NA,NA,NA,NA,NA,NA,NA,NA,NA,NA,High,High,High,NA,NA,NA,NA,NA,NA,NA,NA,NA,NA,NA,NA,NA,NA,NA,NA,NA,NA,NA,NA,NA,NA,NA,NA,NA,NA,NA,NA,NA,NA,NA,NA,NA,NA,NA,NA,NA,NA,NA,NA,NA,NA,NA,NA,NA,NA,NA,NA,NA,NA,NA,NA,NA,NA,NA,NA,NA,NA
NA,NA,NA,NA,NA,NA,NA,NA,NA,NA,NA,NA,NA,NA,NA,NA,13,2025-06-10,16:52:29,3,7,"Benefield, Brodie",1000239356,Right,USA_TEA7,"Hornick, Palmer",1000111916,Left,USA_DIR4,Undefined,1,Top,2,3,2,Undefined,Four-Seam,StrikeCalled,Strikeout,Undefined,Undefined,0,0,NA,88.2681,-3.140326,-3.511244,2239.592821,216.299865,01:15:00,5.77217,1.86407,6.17744,-16.94934,19.27556,13.15477,1.45128,-0.28638,79.44939,-6.410421,-1.142707,0.433186,NA,NA,NA,NA,NA,NA,NA,NA,NA,NA,NA,-7.90575,11.36701,-1.60469,50,5.52553,7.28737,-127.66844,-7.45163,-12.82898,30.40318,-13.72836,USA_TEA7,USA_DIR4,USABBCary1,USA Baseball,USA,20250610-USABBCary1-6,d31e5d50-463c-11f0-b1ef-e7d42f54913a,87.01206,NA,NA,8.81872,NA,NA,NA,NA,NA,NA,94966c17-51d9-438d-8e8b-63130879b621,2025-06-10,20:52:29,2025-06-10T20:52:29Z,2025-06-10T20:52:29Z,NA,v3,NA,NA,NA,"Rogozinski, Benjamin",1000291537,Right,USA_TEA7,a3fce203-b7f3-4653-b282-b5a8e653da46,54.31798,-128.69262,15.20159,5.76876,-6.98917,-6.86418,-1.8574600000000001,7.71953,-6.41449,NA,NA,NA,NA,NA,NA,NA,NA,NA,NA,NA,NA,NA,NA,NA,NA,NA,NA,NA,NA,NA,NA,NA,NA,NA,NA,NA,NA,NA,NA,NA,NA,NA,NA,NA,NA,NA,NA,NA,NA,NA,NA,NA,NA,NA,NA,NA,NA,NA,NA,High,High,High,NA,NA,NA,NA,NA,NA,NA,NA,NA,NA,NA,NA,NA,NA,NA,NA,NA,NA,NA,NA,NA,NA,NA,NA,NA,NA,NA,NA,NA,NA,NA,NA,NA,NA,NA,NA,NA,NA,NA,NA,NA,NA,NA,NA,NA,NA,NA,NA,NA,NA,NA,NA,NA,NA,NA,NA,NA,NA
NA,NA,NA,NA,NA,NA,NA,NA,NA,NA,NA,NA,NA,NA,NA,NA,14,2025-06-10,16:54:37,1,1,"Rumbley, Nick",1000423385,Right,USA_DIR4,"Wood, Jaxson",10115292,Right,USA_TEA7,Undefined,1,Bottom,0,0,0,Undefined,Sinker,InPlay,Undefined,GroundBall,Out,1,0,NA,90.99644,-1.217275,-3.129443,2108.449584,241.129812,02:00:00,5.26581,1.66855,6.11987,-22.04832,11.63394,19.04473,2.30123,0.35955,82.70678,-5.374697,0.29985,0.417707,59.98173,1.92276,3.216012,990.382005,NA,NA,NA,40.74263,40.3814,2.993276,0.468033,-10.8054,6.70374,-1.43868,50,5.16097,6.4279,-132.02241,-3.50701,-18.94484,29.84511,-20.42055,USA_TEA7,USA_DIR4,USABBCary1,USA Baseball,USA,20250610-USABBCary1-6,1f2c6d40-463d-11f0-b1ef-e7d42f54913a,90.2365,2.43079,NA,8.28966,NA,NA,NA,1.36814,2.30513,-0.35144,94966c17-51d9-438d-8e8b-63130879b621,2025-06-10,20:54:37,2025-06-10T20:54:37Z,2025-06-10T20:54:37Z,GroundBall,v3,NA,NA,NA,"Holden, Will",NA,Right,USA_DIR4,5762a832-af28-4b53-b050-b71789fc5b0a,54.37978,-133.00882,14.92256,5.26573,-2.83209,-10.21028,-1.66147,7.05405,-9.47242,307.218768,1.37185,87.67862,-7.8739,NA,NA,NA,NA,NA,NA,2.3103,2.80491,-16.56247,NA,NA,NA,NA,NA,NA,-0.35226,4.95606,0.73482,NA,NA,NA,NA,NA,NA,NA,NA,NA,NA,NA,NA,NA,NA,NA,NA,NA,NA,NA,NA,NA,NA,NA,NA,NA,NA,NA,NA,High,High,High,High,High,NA,NA,NA,NA,NA,NA,NA,NA,NA,NA,NA,NA,NA,NA,NA,NA,NA,NA,NA,NA,NA,NA,NA,NA,NA,NA,NA,NA,NA,NA,NA,NA,NA,NA,NA,NA,NA,NA,NA,NA,NA,NA,NA,NA,NA,NA,NA,NA,NA,NA,NA,NA,NA,NA,NA,NA
NA,NA,NA,NA,NA,NA,NA,NA,NA,NA,NA,NA,NA,NA,NA,NA,15,2025-06-10,16:55:08,2,1,"Rumbley, Nick",1000423385,Right,USA_DIR4,"Delacruz, Lucas",1000192295,Right,USA_TEA7,Undefined,1,Bottom,1,0,0,Undefined,Sinker,FoulBallNotFieldable,Undefined,Undefined,Undefined,0,0,NA,91.52067,-1.051057,-3.207752,2119.464323,257.77759,02:30:00,5.15094,1.85362,6.3635,-27.47742,5.39886,20.01143,1.89229,0.56622,83.57097,-6.192142,0.41407,0.412679,72.19823,14.751377,-145.083227,2517.065465,NA,NA,NA,99.78137,38.57354,-139.792962,0.99403,-11.35457,3.43677,-1.63029,50,5.06205,6.63437,-132.88662,-3.33874,-20.236,29.36126,-26.04907,USA_TEA7,USA_DIR4,USABBCary1,USA Baseball,USA,20250610-USABBCary1-6,319dcd20-463d-11f0-b1ef-e7d42f54913a,91.3359,7.65458,NA,7.9497,NA,NA,NA,0.70234,1.40001,-0.78779,94966c17-51d9-438d-8e8b-63130879b621,2025-06-10,20:55:08,2025-06-10T20:55:08Z,2025-06-10T20:55:08Z,LineDrive,v3,NA,NA,NA,"Holden, Will",NA,Right,USA_DIR4,f6be38ff-479a-48bd-b786-82826bed5cac,54.13674,-133.79751,14.68063,5.1531,-2.53061,-13.02454,-1.84585,7.26216,-10.118,NA,0.77339,-84.91821,7.45258,NA,NA,NA,NA,NA,NA,1.4409,26.41556,-28.07292,NA,NA,NA,NA,NA,NA,-0.69269,-59.88654,-4.33634,NA,NA,NA,NA,NA,NA,NA,NA,NA,NA,NA,NA,NA,NA,NA,NA,NA,NA,NA,NA,NA,NA,NA,NA,NA,NA,NA,NA,High,High,High,Low,Low,NA,NA,NA,NA,NA,NA,NA,NA,NA,NA,NA,NA,NA,NA,NA,NA,NA,NA,NA,NA,NA,NA,NA,NA,NA,NA,NA,NA,NA,NA,NA,NA,NA,NA,NA,NA,NA,NA,NA,NA,NA,NA,NA,NA,NA,NA,NA,NA,NA,NA,NA,NA,NA,NA,NA,NA
NA,NA,NA,NA,NA,NA,NA,NA,NA,NA,NA,NA,NA,NA,NA,NA,16,2025-06-10,16:55:26,2,2,"Rumbley, Nick",1000423385,Right,USA_DIR4,"Delacruz, Lucas",1000192295,Right,USA_TEA7,Undefined,1,Bottom,1,0,1,Undefined,Sinker,StrikeSwinging,Undefined,Undefined,Undefined,0,0,NA,92.85628,-0.567015,-2.935527,2258.550791,249.081194,02:15:00,5.07164,1.92674,6.05341,-23.48486,9.06048,20.74466,2.589,0.93578,84.00753,-4.982816,0.796141,0.410597,NA,NA,NA,NA,NA,NA,NA,NA,NA,NA,NA,-11.50508,5.17756,-1.70896,50,5.01505,5.9859,-134.67863,-2.12438,-20.90889,32.12413,-22.76455,USA_TEA7,USA_DIR4,USABBCary1,USA Baseball,USA,20250610-USABBCary1-6,3cbca230-463d-11f0-b1ef-e7d42f54913a,91.79911,NA,NA,8.84876,NA,NA,NA,NA,NA,NA,94966c17-51d9-438d-8e8b-63130879b621,2025-06-10,20:55:26,2025-06-10T20:55:26Z,2025-06-10T20:55:26Z,NA,v3,NA,NA,NA,"Holden, Will",NA,Right,USA_DIR4,ac43aa20-1c3e-46cb-9cff-d0d69ca35780,54.44438,-135.73458,16.06206,5.07258,-1.37609,-11.38228,-1.91701,6.6732,-10.45445,NA,NA,NA,NA,NA,NA,NA,NA,NA,NA,NA,NA,NA,NA,NA,NA,NA,NA,NA,NA,NA,NA,NA,NA,NA,NA,NA,NA,NA,NA,NA,NA,NA,NA,NA,NA,NA,NA,NA,NA,NA,NA,NA,NA,NA,NA,NA,NA,NA,NA,High,High,High,NA,NA,NA,NA,NA,NA,NA,NA,NA,NA,NA,NA,NA,NA,NA,NA,NA,NA,NA,NA,NA,NA,NA,NA,NA,NA,NA,NA,NA,NA,NA,NA,NA,NA,NA,NA,NA,NA,NA,NA,NA,NA,NA,NA,NA,NA,NA,NA,NA,NA,NA,NA,NA,NA,NA,NA,NA,NA
NA,NA,NA,NA,NA,NA,NA,NA,NA,NA,NA,NA,NA,NA,NA,NA,17,2025-06-10,16:55:39,2,3,"Rumbley, Nick",1000423385,Right,USA_DIR4,"Delacruz, Lucas",1000192295,Right,USA_TEA7,Undefined,1,Bottom,1,0,2,Undefined,Sinker,BallCalled,Undefined,Undefined,Undefined,0,0,NA,92.61827,1.527991,-1.696294,2180.208318,251.421971,02:30:00,5.33847,1.70609,6.28822,-24.28651,8.09847,20.81895,4.72369,1.87731,83.69231,-3.060223,2.066448,0.409584,NA,NA,NA,NA,NA,NA,NA,NA,NA,NA,NA,-11.22906,4.06953,-1.59016,50,5.43948,3.08122,-134.45783,2.80007,-20.33507,32.08862,-24.8044,USA_TEA7,USA_DIR4,USABBCary1,USA Baseball,USA,20250610-USABBCary1-6,43ede960-463d-11f0-b1ef-e7d42f54913a,92.02608,NA,NA,8.92596,NA,NA,NA,NA,NA,NA,94966c17-51d9-438d-8e8b-63130879b621,2025-06-10,20:55:39,2025-06-10T20:55:39Z,2025-06-10T20:55:39Z,NA,v3,NA,NA,NA,"Holden, Will",NA,Right,USA_DIR4,83474c76-bcab-4d1a-ab01-671303198d58,54.20934,-135.45867,16.04431,5.34008,3.57372,-12.4022,-1.69616,3.71547,-10.16754,NA,NA,NA,NA,NA,NA,NA,NA,NA,NA,NA,NA,NA,NA,NA,NA,NA,NA,NA,NA,NA,NA,NA,NA,NA,NA,NA,NA,NA,NA,NA,NA,NA,NA,NA,NA,NA,NA,NA,NA,NA,NA,NA,NA,NA,NA,NA,NA,NA,NA,High,High,High,NA,NA,NA,NA,NA,NA,NA,NA,NA,NA,NA,NA,NA,NA,NA,NA,NA,NA,NA,NA,NA,NA,NA,NA,NA,NA,NA,NA,NA,NA,NA,NA,NA,NA,NA,NA,NA,NA,NA,NA,NA,NA,NA,NA,NA,NA,NA,NA,NA,NA,NA,NA,NA,NA,NA,NA,NA,NA
NA,NA,NA,NA,NA,NA,NA,NA,NA,NA,NA,NA,NA,NA,NA,NA,18,2025-06-10,16:55:56,2,4,"Rumbley, Nick",1000423385,Right,USA_DIR4,"Delacruz, Lucas",1000192295,Right,USA_TEA7,Undefined,1,Bottom,1,1,2,Undefined,Sinker,FoulBallNotFieldable,Undefined,Undefined,Undefined,0,0,NA,92.64094,-0.970171,-3.108174,2150.12102,249.661533,02:15:00,5.14171,1.80911,6.64013,-23.56545,8.28024,19.46828,2.28842,0.58339,84.23259,-5.433672,0.43284,0.406159,NA,NA,NA,NA,NA,NA,NA,NA,NA,NA,NA,-11.16977,4.9687,-1.60624,50,5.06656,6.53049,-134.53532,-2.99311,-20.32648,31.12207,-23.13209,USA_TEA7,USA_DIR4,USABBCary1,USA Baseball,USA,20250610-USABBCary1-6,4e8258c0-463d-11f0-b1ef-e7d42f54913a,92.80207,NA,NA,8.40836,NA,NA,NA,NA,NA,NA,94966c17-51d9-438d-8e8b-63130879b621,2025-06-10,20:55:56,2025-06-10T20:55:56Z,2025-06-10T20:55:56Z,NA,v3,NA,NA,NA,"Holden, Will",NA,Right,USA_DIR4,c2757cda-6746-44e8-aba8-4e8e6d411336,53.85932,-135.42515,15.56104,5.14269,-2.33173,-11.56605,-1.80127,7.11166,-10.16324,NA,NA,NA,NA,NA,NA,NA,NA,NA,NA,NA,NA,NA,NA,NA,NA,NA,NA,NA,NA,NA,NA,NA,NA,NA,NA,NA,NA,NA,NA,NA,NA,NA,NA,NA,NA,NA,NA,NA,NA,NA,NA,NA,NA,NA,NA,NA,NA,NA,NA,High,High,High,NA,NA,NA,NA,NA,NA,NA,NA,NA,NA,NA,NA,NA,NA,NA,NA,NA,NA,NA,NA,NA,NA,NA,NA,NA,NA,NA,NA,NA,NA,NA,NA,NA,NA,NA,NA,NA,NA,NA,NA,NA,NA,NA,NA,NA,NA,NA,NA,NA,NA,NA,NA,NA,NA,NA,NA,NA,NA
NA,NA,NA,NA,NA,NA,NA,NA,NA,NA,NA,NA,NA,NA,NA,NA,19,2025-06-10,16:56:18,2,5,"Rumbley, Nick",1000423385,Right,USA_DIR4,"Delacruz, Lucas",1000192295,Right,USA_TEA7,Undefined,1,Bottom,1,1,2,Undefined,Slider,BallCalled,Undefined,Undefined,Undefined,0,0,NA,83.57943,2.26546,0.618509,2260.697662,143.721975,10:45:00,4.94921,2.14577,5.58283,-37.28852,3.31843,-1.4802,3.95872,2.60005,76.08038,-4.610431,0.354475,0.45864,NA,NA,NA,NA,NA,NA,NA,NA,NA,NA,NA,0.91909,1.46201,-2.19797,50,5.11995,-1.24623,-121.23379,3.49636,1.36405,24.31614,-30.00421,USA_TEA7,USA_DIR4,USABBCary1,USA Baseball,USA,20250610-USABBCary1-6,5ba14390-463d-11f0-b1ef-e7d42f54913a,82.1831,NA,NA,7.49905,NA,NA,NA,NA,NA,NA,94966c17-51d9-438d-8e8b-63130879b621,2025-06-10,20:56:18,2025-06-10T20:56:18Z,2025-06-10T20:56:18Z,NA,v3,NA,NA,NA,"Holden, Will",NA,Right,USA_DIR4,588f71f5-752b-4c01-90fa-1947fd1870e4,54.91391,-122.21541,12.15807,4.95435,4.7076,-15.00211,-2.14655,-1.3013,0.68202,NA,NA,NA,NA,NA,NA,NA,NA,NA,NA,NA,NA,NA,NA,NA,NA,NA,NA,NA,NA,NA,NA,NA,NA,NA,NA,NA,NA,NA,NA,NA,NA,NA,NA,NA,NA,NA,NA,NA,NA,NA,NA,NA,NA,NA,NA,NA,NA,NA,NA,High,High,High,NA,NA,NA,NA,NA,NA,NA,NA,NA,NA,NA,NA,NA,NA,NA,NA,NA,NA,NA,NA,NA,NA,NA,NA,NA,NA,NA,NA,NA,NA,NA,NA,NA,NA,NA,NA,NA,NA,NA,NA,NA,NA,NA,NA,NA,NA,NA,NA,NA,NA,NA,NA,NA,NA,NA,NA,NA,NA
NA,NA,NA,NA,NA,NA,NA,NA,NA,NA,NA,NA,NA,NA,NA,NA,20,2025-06-10,16:56:31,2,6,"Rumbley, Nick",1000423385,Right,USA_DIR4,"Delacruz, Lucas",1000192295,Right,USA_TEA7,Undefined,1,Bottom,1,2,2,Undefined,Changeup,InPlay,Undefined,FlyBall,Single,0,0,NA,80.80001,-0.230306,-2.106008,2040.185393,241.928086,02:00:00,5.31093,1.75186,5.66322,-32.40455,10.97304,17.86918,2.39565,1.27628,73.63948,-6.246915,1.087789,0.474028,72.9172,24.619101,-8.509055,1299.615479,107.53345,32.5082,-23.1632,228.6403,228.6403,-14.828104,2.993475,-9.73745,6.05449,-1.58551,50,5.27107,3.61484,-117.25462,-1.4945600000000001,-13.47755,23.37549,-23.79407,USA_TEA7,USA_DIR4,USABBCary1,USA Baseball,USA,20250610-USABBCary1-6,639da2f0-463d-11f0-b1ef-e7d42f54913a,79.51522,32.83066,NA,7.16054,NA,NA,NA,1.39656,2.41933,-1.25666,94966c17-51d9-438d-8e8b-63130879b621,2025-06-10,20:56:31,2025-06-10T20:56:31Z,2025-06-10T20:56:31Z,LineDrive,v3,NA,NA,NA,"Holden, Will",NA,Right,USA_DIR4,e5638aff-ee57-414a-9c0b-b2f02fd28bab,54.83594,-118.21477,11.68774,5.31239,-0.51722,-11.89703,-1.74536,4.16842,-6.73878,127.738512,1.39641,96.161,-12.17113,2.70979,-0.85352,0.38731,-0.15778,0.03646,-0.00332,2.41953,44.54219,-17.43919,0.75428,0.24576,-0.27704,0.12882,-0.02827,0.00238,-1.25668,-14.38478,-3.60202,1.42365,-0.45028,0.12591,-0.03364,0.00602,-4.6e-4,NA,NA,NA,NA,NA,NA,NA,NA,NA,NA,NA,NA,NA,NA,NA,NA,NA,NA,NA,NA,NA,NA,High,High,High,High,High,NA,NA,NA,NA,NA,NA,NA,NA,NA,NA,NA,NA,NA,NA,NA,NA,NA,NA,NA,NA,NA,NA,NA,NA,NA,NA,NA,NA,NA,NA,NA,NA,NA,NA,NA,NA,NA,NA,NA,NA,NA,NA,NA,NA,NA,NA,NA,NA,NA,NA,NA,NA,NA,NA,NA,NA
NA,NA,NA,NA,NA,NA,NA,NA,NA,NA,NA,NA,NA,NA,NA,NA,21,2025-06-10,16:57:14,3,1,"Rumbley, Nick",1000423385,Right,USA_DIR4,"Hudson, Walker",1000438609,Right,USA_TEA7,Undefined,1,Bottom,1,0,0,Undefined,Changeup,FoulBallNotFieldable,Undefined,Undefined,Undefined,0,0,NA,88.19553,-1.213165,-3.300067,1879.224965,255.301403,02:30:00,5.09127,1.54045,6.43626,-29.03722,6.12122,19.17666,1.55461,0.10245,80.95246,-6.642048,0.175148,0.426762,NA,NA,NA,NA,NA,NA,NA,NA,NA,NA,NA,-10.99914,3.84792,-1.31423,50,4.99176,6.6623,-128.11505,-3.61298,-18.30014,26.20762,-25.77195,USA_TEA7,USA_DIR4,USABBCary1,USA Baseball,USA,20250610-USABBCary1-6,7d011e20-463d-11f0-b1ef-e7d42f54913a,88.32183,NA,NA,7.24307,NA,NA,NA,NA,NA,NA,94966c17-51d9-438d-8e8b-63130879b621,2025-06-10,20:57:14,2025-06-10T20:57:14Z,2025-06-10T20:57:14Z,NA,v3,NA,NA,NA,"Holden, Will",NA,Right,USA_DIR4,6b92c58c-25f6-4c78-b3e3-8825a616262f,54.06508,-128.94393,13.10381,5.09314,-2.79787,-12.88598,-1.53409,7.24109,-9.15007,NA,NA,NA,NA,NA,NA,NA,NA,NA,NA,NA,NA,NA,NA,NA,NA,NA,NA,NA,NA,NA,NA,NA,NA,NA,NA,NA,NA,NA,NA,NA,NA,NA,NA,NA,NA,NA,NA,NA,NA,NA,NA,NA,NA,NA,NA,NA,NA,NA,NA,High,High,High,NA,NA,NA,NA,NA,NA,NA,NA,NA,NA,NA,NA,NA,NA,NA,NA,NA,NA,NA,NA,NA,NA,NA,NA,NA,NA,NA,NA,NA,NA,NA,NA,NA,NA,NA,NA,NA,NA,NA,NA,NA,NA,NA,NA,NA,NA,NA,NA,NA,NA,NA,NA,NA,NA,NA,NA,NA,NA
NA,NA,NA,NA,NA,NA,NA,NA,NA,NA,NA,NA,NA,NA,NA,NA,22,2025-06-10,16:57:40,3,2,"Rumbley, Nick",1000423385,Right,USA_DIR4,"Hudson, Walker",1000438609,Right,USA_TEA7,Undefined,1,Bottom,1,0,1,Undefined,Sinker,FoulBallNotFieldable,Undefined,Undefined,Undefined,0,0,NA,89.29999,-0.374443,-3.659726,2105.313601,255.618292,02:30:00,4.8978,2.04363,6.56745,-28.40486,5.87166,18.57513,2.18678,0.23215,81.48147,-5.715227,-0.288466,0.421376,64.50317,-44.363173,-91.621417,NA,NA,NA,NA,2.80147,2.4005,-58.297034,0.033114,-10.84611,3.51347,-1.79908,50,4.86002,7.58604,-129.6641,-1.71382,-18.40181,27.98025,-26.21301,USA_TEA7,USA_DIR4,USABBCary1,USA Baseball,USA,20250610-USABBCary1-6,8caad280-463d-11f0-b1ef-e7d42f54913a,89.4509,2.19881,NA,7.81852,NA,NA,NA,1.53583,2.19881,-0.1361,94966c17-51d9-438d-8e8b-63130879b621,2025-06-10,20:57:40,2025-06-10T20:57:40Z,2025-06-10T20:57:40Z,GroundBall,v3,NA,NA,NA,"Holden, Will",NA,Right,USA_DIR4,5e64e8fb-374c-48db-8742-988020b77509,53.93304,-130.51005,13.99012,4.89986,-0.92129,-13.1065,-2.03685,8.1424,-9.20091,180,1.53587,-1.92105,NA,NA,NA,NA,NA,NA,NA,2.20016,-66.40036,NA,NA,NA,NA,NA,NA,NA,-0.13473,-67.86587,NA,NA,NA,NA,NA,NA,NA,NA,NA,NA,NA,NA,NA,NA,NA,NA,NA,NA,NA,NA,NA,NA,NA,NA,NA,NA,NA,NA,NA,High,High,High,Low,Low,NA,NA,NA,NA,NA,NA,NA,NA,NA,NA,NA,NA,NA,NA,NA,NA,NA,NA,NA,NA,NA,NA,NA,NA,NA,NA,NA,NA,NA,NA,NA,NA,NA,NA,NA,NA,NA,NA,NA,NA,NA,NA,NA,NA,NA,NA,NA,NA,NA,NA,NA,NA,NA,NA,NA,NA
NA,NA,NA,NA,NA,NA,NA,NA,NA,NA,NA,NA,NA,NA,NA,NA,23,2025-06-10,16:58:13,3,3,"Rumbley, Nick",1000423385,Right,USA_DIR4,"Hudson, Walker",1000438609,Right,USA_TEA7,Undefined,1,Bottom,1,0,2,Undefined,Sinker,BallCalled,Undefined,Undefined,Undefined,0,0,NA,91.13721,-0.529265,-4.9516,2112.127418,251.864827,02:30:00,4.94041,1.65411,6.17425,-26.22844,7.35095,19.02147,2.26406,-1.34525,82.85996,-5.43843,-1.534713,0.417069,NA,NA,NA,NA,NA,NA,NA,NA,NA,NA,NA,-11.20469,4.30154,-1.28784,50,4.88701,10.62439,-131.97381,-2.09308,-19.6822,29.1355,-24.61792,USA_TEA7,USA_DIR4,USABBCary1,USA Baseball,USA,20250610-USABBCary1-6,a034ce50-463d-11f0-b1ef-e7d42f54913a,90.37461,NA,NA,8.27725,NA,NA,NA,NA,NA,NA,94966c17-51d9-438d-8e8b-63130879b621,2025-06-10,20:58:13,2025-06-10T20:58:13Z,2025-06-10T20:58:13Z,NA,v3,NA,NA,NA,"Holden, Will",NA,Right,USA_DIR4,4d7d0a36-1fec-4320-8efc-9cb4d9afa251,54.3244,-132.92506,14.56775,4.94223,-1.28932,-12.30896,-1.64521,11.267,-9.8411,NA,NA,NA,NA,NA,NA,NA,NA,NA,NA,NA,NA,NA,NA,NA,NA,NA,NA,NA,NA,NA,NA,NA,NA,NA,NA,NA,NA,NA,NA,NA,NA,NA,NA,NA,NA,NA,NA,NA,NA,NA,NA,NA,NA,NA,NA,NA,NA,NA,NA,High,High,High,NA,NA,NA,NA,NA,NA,NA,NA,NA,NA,NA,NA,NA,NA,NA,NA,NA,NA,NA,NA,NA,NA,NA,NA,NA,NA,NA,NA,NA,NA,NA,NA,NA,NA,NA,NA,NA,NA,NA,NA,NA,NA,NA,NA,NA,NA,NA,NA,NA,NA,NA,NA,NA,NA,NA,NA,NA,NA
NA,NA,NA,NA,NA,NA,NA,NA,NA,NA,NA,NA,NA,NA,NA,NA,24,2025-06-10,16:58:31,3,4,"Rumbley, Nick",1000423385,Right,USA_DIR4,"Hudson, Walker",1000438609,Right,USA_TEA7,Undefined,1,Bottom,1,1,2,Undefined,Sinker,InPlay,Undefined,FlyBall,Out,2,0,NA,89.38139,0.368473,-3.843789,2005.611049,251.696098,02:30:00,4.75148,1.84843,6.33325,-27.55446,6.88264,17.53607,2.79533,-0.23482,81.65994,-4.795763,-0.678159,0.422362,94.14282,16.937272,24.418708,4693.849729,96.47494,26.57217,52.84359,255.16205,231.58748,35.380411,2.817759,-10.20993,3.80142,-1.57607,50,4.76531,8.02139,-129.73141,-0.03609,-17.40465,27.07489,-25.69382,USA_TEA7,USA_DIR4,USABBCary1,USA Baseball,USA,20250610-USABBCary1-6,ab26c700-463d-11f0-b1ef-e7d42f54913a,89.24207,28.39324,NA,7.72145,NA,NA,NA,0.90867,2.7780300000000002,0.26299,94966c17-51d9-438d-8e8b-63130879b621,2025-06-10,20:58:31,2025-06-10T20:58:31Z,2025-06-10T20:58:31Z,LineDrive,v3,NA,NA,NA,"Holden, Will",NA,Right,USA_DIR4,066ee9d2-69ce-4f28-bd4b-98e8be1ac74d,54.16701,-130.59816,13.53745,4.7533,0.78646,-12.84691,-1.84178,8.57857,-8.70233,239.477435,0.90868,120.27114,-26.0991,5.57118,-1.22733,0.24577,-0.04463,0.00602,-4.1e-4,2.77802,40.22484,-17.11819,1.21107,-0.17643,0.0264,-0.00187,3e-5,1e-5,0.26298,54.60516,1.20747,-1.57985,0.5626,-0.14924,0.03055,-0.00431,3e-4,NA,NA,NA,NA,NA,NA,NA,NA,NA,NA,NA,NA,NA,NA,NA,NA,NA,NA,NA,NA,NA,NA,High,High,High,High,Medium,NA,NA,NA,NA,NA,NA,NA,NA,NA,NA,NA,NA,NA,NA,NA,NA,NA,NA,NA,NA,NA,NA,NA,NA,NA,NA,NA,NA,NA,NA,NA,NA,NA,NA,NA,NA,NA,NA,NA,NA,NA,NA,NA,NA,NA,NA,NA,NA,NA,NA,NA,NA,NA,NA,NA,NA
NA,NA,NA,NA,NA,NA,NA,NA,NA,NA,NA,NA,NA,NA,NA,NA,25,2025-06-10,17:00:21,1,1,"Benefield, Brodie",1000239356,Right,USA_TEA7,"Kiker, Chase",10126938,Right,USA_DIR4,Undefined,2,Top,0,0,0,Undefined,Changeup,FoulBallNotFieldable,Undefined,Undefined,Undefined,0,0,NA,85.73581,0.036851,-3.227499,2145.4346,238.410344,02:00:00,5.87372,2.03616,6.5246,-25.12415,12.74398,18.40107,3.8139,0.60542,76.83562,-4.770105,0.109565,0.442903,NA,NA,NA,NA,NA,NA,NA,NA,NA,NA,NA,-10.73048,7.06949,-1.81887,50,5.86551,6.30894,-124.304,-0.60364,-16.43098,29.87339,-21.34893,USA_TEA7,USA_DIR4,USABBCary1,USA Baseball,USA,20250610-USABBCary1-6,ec95e040-463d-11f0-b1ef-e7d42f54913a,85.10319,NA,NA,8.90018,NA,NA,NA,NA,NA,NA,94966c17-51d9-438d-8e8b-63130879b621,2025-06-10,21:00:21,2025-06-10T21:00:21Z,2025-06-10T21:00:21Z,NA,v3,NA,NA,NA,"Rogozinski, Benjamin",1000291537,Right,USA_TEA7,6c2bd7a6-df11-4e34-851e-c23b74207926,53.97235,-125.25501,14.93669,5.8739,0.076,-10.67446,-2.02804,6.83202,-8.21549,NA,NA,NA,NA,NA,NA,NA,NA,NA,NA,NA,NA,NA,NA,NA,NA,NA,NA,NA,NA,NA,NA,NA,NA,NA,NA,NA,NA,NA,NA,NA,NA,NA,NA,NA,NA,NA,NA,NA,NA,NA,NA,NA,NA,NA,NA,NA,NA,NA,NA,High,High,High,NA,NA,NA,NA,NA,NA,NA,NA,NA,NA,NA,NA,NA,NA,NA,NA,NA,NA,NA,NA,NA,NA,NA,NA,NA,NA,NA,NA,NA,NA,NA,NA,NA,NA,NA,NA,NA,NA,NA,NA,NA,NA,NA,NA,NA,NA,NA,NA,NA,NA,NA,NA,NA,NA,NA,NA,NA,NA
NA,NA,NA,NA,NA,NA,NA,NA,NA,NA,NA,NA,NA,NA,NA,NA,26,2025-06-10,17:00:42,1,2,"Benefield, Brodie",1000239356,Right,USA_TEA7,"Kiker, Chase",10126938,Right,USA_DIR4,Undefined,2,Top,0,0,1,Undefined,Changeup,BallCalled,Undefined,Undefined,Undefined,0,0,NA,86.04038,0.388789,-4.157453,2043.015154,229.577447,01:45:00,5.74693,2.21781,6.04802,-23.64911,14.34166,15.28741,4.13705,-0.36379,77.74719,-4.089607,-1.415814,0.443619,NA,NA,NA,NA,NA,NA,NA,NA,NA,NA,NA,-9.02189,7.63461,-1.90126,50,5.76459,8.41592,-124.5839,0.14958,-14.05433,27.09249,-20.28086,USA_TEA7,USA_DIR4,USABBCary1,USA Baseball,USA,20250610-USABBCary1-6,f8dc1e50-463d-11f0-b1ef-e7d42f54913a,84.96573,NA,NA,8.29319,NA,NA,NA,NA,NA,NA,94966c17-51d9-438d-8e8b-63130879b621,2025-06-10,21:00:42,2025-06-10T21:00:42Z,2025-06-10T21:00:42Z,NA,v3,NA,NA,NA,"Rogozinski, Benjamin",1000291537,Right,USA_TEA7,0f79780b-5b3a-47c8-8c75-47066425079e,54.44727,-125.54729,13.54625,5.74644,0.87076,-10.14043,-2.20941,8.91569,-7.02717,NA,NA,NA,NA,NA,NA,NA,NA,NA,NA,NA,NA,NA,NA,NA,NA,NA,NA,NA,NA,NA,NA,NA,NA,NA,NA,NA,NA,NA,NA,NA,NA,NA,NA,NA,NA,NA,NA,NA,NA,NA,NA,NA,NA,NA,NA,NA,NA,NA,NA,High,High,High,NA,NA,NA,NA,NA,NA,NA,NA,NA,NA,NA,NA,NA,NA,NA,NA,NA,NA,NA,NA,NA,NA,NA,NA,NA,NA,NA,NA,NA,NA,NA,NA,NA,NA,NA,NA,NA,NA,NA,NA,NA,NA,NA,NA,NA,NA,NA,NA,NA,NA,NA,NA,NA,NA,NA,NA,NA,NA
NA,NA,NA,NA,NA,NA,NA,NA,NA,NA,NA,NA,NA,NA,NA,NA,27,2025-06-10,17:00:54,1,3,"Benefield, Brodie",1000239356,Right,USA_TEA7,"Kiker, Chase",10126938,Right,USA_DIR4,Undefined,2,Top,0,1,1,Undefined,Curveball,BallCalled,Undefined,Undefined,Undefined,0,0,NA,68.90496,1.65214,-4.246675,2114.450319,101.970625,09:30:00,5.95421,1.74736,5.55561,-57.15877,3.57229,-6.84414,2.73934,-2.79815,62.727,-8.816827,-5.460974,0.560889,NA,NA,NA,NA,NA,NA,NA,NA,NA,NA,NA,2.07272,1.97429,-1.37524,50,6.06041,7.63515,-99.60179,1.23128,2.05289,18.09568,-30.21865,USA_TEA7,USA_DIR4,USABBCary1,USA Baseball,USA,20250610-USABBCary1-6,ffef5630-463d-11f0-b1ef-e7d42f54913a,67.20125,NA,NA,6.17796,NA,NA,NA,NA,NA,NA,94966c17-51d9-438d-8e8b-63130879b621,2025-06-10,21:00:54,2025-06-10T21:00:54Z,2025-06-10T21:00:54Z,NA,v3,NA,NA,NA,"Rogozinski, Benjamin",1000291537,Right,USA_TEA7,6e19cdd8-b9a4-47d3-8541-87ebe8c3cc86,54.93999,-100.49528,9.04784,5.96278,2.72335,-15.10932,-1.74973,7.53379,1.02644,NA,NA,NA,NA,NA,NA,NA,NA,NA,NA,NA,NA,NA,NA,NA,NA,NA,NA,NA,NA,NA,NA,NA,NA,NA,NA,NA,NA,NA,NA,NA,NA,NA,NA,NA,NA,NA,NA,NA,NA,NA,NA,NA,NA,NA,NA,NA,NA,NA,NA,High,High,High,NA,NA,NA,NA,NA,NA,NA,NA,NA,NA,NA,NA,NA,NA,NA,NA,NA,NA,NA,NA,NA,NA,NA,NA,NA,NA,NA,NA,NA,NA,NA,NA,NA,NA,NA,NA,NA,NA,NA,NA,NA,NA,NA,NA,NA,NA,NA,NA,NA,NA,NA,NA,NA,NA,NA,NA,NA,NA
NA,NA,NA,NA,NA,NA,NA,NA,NA,NA,NA,NA,NA,NA,NA,NA,28,2025-06-10,17:01:08,1,4,"Benefield, Brodie",1000239356,Right,USA_TEA7,"Kiker, Chase",10126938,Right,USA_DIR4,Undefined,2,Top,0,2,1,Undefined,Sinker,BallCalled,Undefined,Undefined,Undefined,0,0,NA,87.63087,-2.605678,-4.361678,2142.864643,224.630026,01:30:00,5.8053,1.99072,6.11957,-21.10777,15.85674,14.25127,1.62868,-0.86188,78.6972,-6.627615,-1.801832,0.437587,NA,NA,NA,NA,NA,NA,NA,NA,NA,NA,NA,-8.74103,9.44363,-1.66302,50,5.59415,9.06084,-126.62794,-6.37985,-13.9219,30.4563,-17.13311,USA_TEA7,USA_DIR4,USABBCary1,USA Baseball,USA,20250610-USABBCary1-6,086d68b0-463e-11f0-b1ef-e7d42f54913a,86.1371,NA,NA,8.93367,NA,NA,NA,NA,NA,NA,94966c17-51d9-438d-8e8b-63130879b621,2025-06-10,21:01:08,2025-06-10T21:01:08Z,2025-06-10T21:01:08Z,NA,v3,NA,NA,NA,"Rogozinski, Benjamin",1000291537,Right,USA_TEA7,9e8053e8-8075-487e-bed1-190fe2c934a0,54.37513,-127.6759,15.22815,5.80353,-5.79032,-8.56656,-1.98304,9.53988,-6.96095,NA,NA,NA,NA,NA,NA,NA,NA,NA,NA,NA,NA,NA,NA,NA,NA,NA,NA,NA,NA,NA,NA,NA,NA,NA,NA,NA,NA,NA,NA,NA,NA,NA,NA,NA,NA,NA,NA,NA,NA,NA,NA,NA,NA,NA,NA,NA,NA,NA,NA,High,High,High,NA,NA,NA,NA,NA,NA,NA,NA,NA,NA,NA,NA,NA,NA,NA,NA,NA,NA,NA,NA,NA,NA,NA,NA,NA,NA,NA,NA,NA,NA,NA,NA,NA,NA,NA,NA,NA,NA,NA,NA,NA,NA,NA,NA,NA,NA,NA,NA,NA,NA,NA,NA,NA,NA,NA,NA,NA,NA
NA,NA,NA,NA,NA,NA,NA,NA,NA,NA,NA,NA,NA,NA,NA,NA,29,2025-06-10,17:01:20,1,5,"Benefield, Brodie",1000239356,Right,USA_TEA7,"Kiker, Chase",10126938,Right,USA_DIR4,Undefined,2,Top,0,3,1,Undefined,Changeup,InPlay,Undefined,FlyBall,Out,1,0,NA,86.07706,-0.720435,-3.129105,2129.410586,221.958328,01:30:00,5.78947,2.21037,5.97863,-22.28793,16.30977,13.28446,3.26329,0.41394,76.71658,-4.983878,-0.74499,0.447149,78.05278,51.685428,-22.743384,NA,100.458,111.73145,-44.81283,227.2647,97.19517,-24.57107,5.476601,-7.94949,9.05796,-1.97026,50,5.72042,6.26651,-124.58263,-2.2089,-12.15967,31.26476,-18.31887,USA_TEA7,USA_DIR4,USABBCary1,USA Baseball,USA,20250610-USABBCary1-6,0fe09ae0-463e-11f0-b1ef-e7d42f54913a,84.29506,115.29416,NA,9.36048,NA,NA,NA,1.61177,4.36226,-0.98344,94966c17-51d9-438d-8e8b-63130879b621,2025-06-10,21:01:20,2025-06-10T21:01:20Z,2025-06-10T21:01:20Z,FlyBall,v3,NA,NA,NA,"Rogozinski, Benjamin",1000291537,Right,USA_TEA7,e518dcfe-6e05-45a9-93c7-af4af311645d,54.51694,-125.71107,15.63238,5.78821,-1.54771,-9.15944,-2.20436,6.70539,-6.07983,176.351823,1.61711,65.34374,-14.27997,3.18234,-0.26065,-0.06265,0.02041,-0.00213,7e-5,4.36163,89.82552,-21.2559,1.6439,-0.07738,-0.10582,0.04027,-0.00604,3.3e-4,-0.98535,-27.39966,5.06155,-1.08075,0.08165,0.02192,-0.00648,6e-4,-2e-5,NA,NA,NA,NA,NA,NA,NA,NA,NA,NA,NA,NA,NA,NA,NA,NA,NA,NA,NA,NA,NA,NA,High,High,High,Medium,Low,NA,NA,NA,NA,NA,NA,NA,NA,NA,NA,NA,NA,NA,NA,NA,NA,NA,NA,NA,NA,NA,NA,NA,NA,NA,NA,NA,NA,NA,NA,NA,NA,NA,NA,NA,NA,NA,NA,NA,NA,NA,NA,NA,NA,NA,NA,NA,NA,NA,NA,NA,NA,NA,NA,NA,NA
NA,NA,NA,NA,NA,NA,NA,NA,NA,NA,NA,NA,NA,NA,NA,NA,30,2025-06-10,17:01:58,2,1,"Benefield, Brodie",1000239356,Right,USA_TEA7,"Holden, Will",10113390,Right,USA_DIR4,Undefined,2,Top,1,0,0,Undefined,Curveball,BallCalled,Undefined,Undefined,Undefined,0,0,NA,71.09988,-0.378446,-3.321931,2197.988673,55.174978,07:45:00,6.15798,1.56426,5.29847,-59.86515,-1.8048,-5.7904,0.81332,-2.04052,64.4501,-11.244676,-4.349864,0.548417,NA,NA,NA,NA,NA,NA,NA,NA,NA,NA,NA,1.69662,-0.00992,-1.25773,50,6.08098,6.18215,-102.77564,-2.56534,1.76856,21.06929,-32.18439,USA_TEA7,USA_DIR4,USABBCary1,USA Baseball,USA,20250610-USABBCary1-6,26658730-463e-11f0-b1ef-e7d42f54913a,68.72946,NA,NA,6.64978,NA,NA,NA,NA,NA,NA,94966c17-51d9-438d-8e8b-63130879b621,2025-06-10,21:01:58,2025-06-10T21:01:58Z,2025-06-10T21:01:58Z,NA,v3,NA,NA,NA,"Rogozinski, Benjamin",1000291537,Right,USA_TEA7,f3c67967-7014-404c-96e8-d824451b0d4b,55.19645,-103.83546,10.53465,6.1693,-0.94641,-16.0922,-1.56647,6.09318,0.88428,NA,NA,NA,NA,NA,NA,NA,NA,NA,NA,NA,NA,NA,NA,NA,NA,NA,NA,NA,NA,NA,NA,NA,NA,NA,NA,NA,NA,NA,NA,NA,NA,NA,NA,NA,NA,NA,NA,NA,NA,NA,NA,NA,NA,NA,NA,NA,NA,NA,NA,High,High,High,NA,NA,NA,NA,NA,NA,NA,NA,NA,NA,NA,NA,NA,NA,NA,NA,NA,NA,NA,NA,NA,NA,NA,NA,NA,NA,NA,NA,NA,NA,NA,NA,NA,NA,NA,NA,NA,NA,NA,NA,NA,NA,NA,NA,NA,NA,NA,NA,NA,NA,NA,NA,NA,NA,NA,NA,NA,NA
NA,NA,NA,NA,NA,NA,NA,NA,NA,NA,NA,NA,NA,NA,NA,NA,31,2025-06-10,17:02:13,2,2,"Benefield, Brodie",1000239356,Right,USA_TEA7,"Holden, Will",10113390,Right,USA_DIR4,Undefined,2,Top,1,1,0,Undefined,Four-Seam,InPlay,Undefined,FlyBall,Single,0,0,NA,86.20385,-1.593203,-3.458877,2054.278802,218.859745,01:15:00,5.72437,1.95874,6.21905,-20.3771,17.44658,12.92513,2.55306,-0.1598,77.57425,-5.500445,-1.129814,0.442643,92.10148,20.745691,29.80525,4622.936954,90.71294,32.58563,62.21866,259.58528,194.67862,41.119282,3.041808,-7.81808,9.9593,-1.70578,50,5.59477,7.03193,-124.85153,-4.02631,-12.13068,29.12234,-16.721,USA_TEA7,USA_DIR4,USABBCary1,USA Baseball,USA,20250610-USABBCary1-6,2f4b3520-463e-11f0-b1ef-e7d42f54913a,85.15321,35.18633,NA,8.6296,NA,NA,NA,0.11006,2.45301,0.2058,94966c17-51d9-438d-8e8b-63130879b621,2025-06-10,21:02:13,2025-06-10T21:02:13Z,2025-06-10T21:02:13Z,LineDrive,v3,NA,NA,NA,"Rogozinski, Benjamin",1000291537,Right,USA_TEA7,1fc5b7f8-cd31-40db-8f36-6e4e086c4545,54.27722,-125.84527,14.56117,5.72242,-3.45574,-8.3605,-1.95279,7.44586,-6.06534,239.968158,0.11015,109.61145,-24.7606,5.61539,-1.34818,0.34135,-0.08214,0.01298,-9e-4,2.45295,47.85029,-19.30566,1.58833,-0.23847,0.01894,0.0049,-0.00131,9e-5,0.20576,62.78954,-1.03081,-1.12485,0.57747,-0.24439,0.07706,-0.01423,0.00111,NA,NA,NA,NA,NA,NA,NA,NA,NA,NA,NA,NA,NA,NA,NA,NA,NA,NA,NA,NA,NA,NA,High,High,High,High,Medium,NA,NA,NA,NA,NA,NA,NA,NA,NA,NA,NA,NA,NA,NA,NA,NA,NA,NA,NA,NA,NA,NA,NA,NA,NA,NA,NA,NA,NA,NA,NA,NA,NA,NA,NA,NA,NA,NA,NA,NA,NA,NA,NA,NA,NA,NA,NA,NA,NA,NA,NA,NA,NA,NA,NA,NA
NA,NA,NA,NA,NA,NA,NA,NA,NA,NA,NA,NA,NA,NA,NA,NA,32,2025-06-10,17:02:56,3,1,"Benefield, Brodie",1000239356,Right,USA_TEA7,"D'Amico, Logan",10172584,Right,USA_DIR4,Undefined,2,Top,1,0,0,Undefined,Changeup,BallCalled,Undefined,Undefined,Undefined,0,0,NA,84.28547,0.012319,-4.558412,2059.733554,224.565459,01:30:00,5.82615,1.89288,5.97564,-25.06045,14.72099,13.12005,3.74923,-1.24846,76.14847,-4.720343,-2.210917,0.453954,NA,NA,NA,NA,NA,NA,NA,NA,NA,NA,NA,-8.03918,7.94871,-1.5384,50,5.81332,9.17993,-121.94316,-0.71191,-11.98806,26.14316,-20.32094,USA_TEA7,USA_DIR4,USABBCary1,USA Baseball,USA,20250610-USABBCary1-6,4877c1d0-463e-11f0-b1ef-e7d42f54913a,83.03146,NA,NA,8.137,NA,NA,NA,NA,NA,NA,94966c17-51d9-438d-8e8b-63130879b621,2025-06-10,21:02:56,2025-06-10T21:02:56Z,2025-06-10T21:02:56Z,NA,v3,NA,NA,NA,"Rogozinski, Benjamin",1000291537,Right,USA_TEA7,4338506d-3bc1-4244-a5be-59dcd9e10dc4,54.51907,-122.90817,13.07158,5.82576,0.03819,-10.16047,-1.88542,9.62245,-5.99403,NA,NA,NA,NA,NA,NA,NA,NA,NA,NA,NA,NA,NA,NA,NA,NA,NA,NA,NA,NA,NA,NA,NA,NA,NA,NA,NA,NA,NA,NA,NA,NA,NA,NA,NA,NA,NA,NA,NA,NA,NA,NA,NA,NA,NA,NA,NA,NA,NA,NA,High,High,High,NA,NA,NA,NA,NA,NA,NA,NA,NA,NA,NA,NA,NA,NA,NA,NA,NA,NA,NA,NA,NA,NA,NA,NA,NA,NA,NA,NA,NA,NA,NA,NA,NA,NA,NA,NA,NA,NA,NA,NA,NA,NA,NA,NA,NA,NA,NA,NA,NA,NA,NA,NA,NA,NA,NA,NA,NA,NA
NA,NA,NA,NA,NA,NA,NA,NA,NA,NA,NA,NA,NA,NA,NA,NA,33,2025-06-10,17:03:11,3,2,"Benefield, Brodie",1000239356,Right,USA_TEA7,"D'Amico, Logan",10172584,Right,USA_DIR4,Undefined,2,Top,1,1,0,Undefined,Four-Seam,StrikeCalled,Undefined,Undefined,Undefined,0,0,NA,84.24954,-2.227103,-4.304889,2213.603091,214.502709,01:15:00,5.83087,1.98239,5.9396,-20.89517,19.3045,12.2152,2.01676,-1.00063,75.72157,-6.217679,-2.119052,0.456334,NA,NA,NA,NA,NA,NA,NA,NA,NA,NA,NA,-7.60237,11.03138,-1.64511,50,5.64109,8.65743,-121.73726,-5.31313,-11.21071,27.76732,-15.90685,USA_TEA7,USA_DIR4,USABBCary1,USA Baseball,USA,20250610-USABBCary1-6,51f8c560-463e-11f0-b1ef-e7d42f54913a,82.5984,NA,NA,8.52797,NA,NA,NA,NA,NA,NA,94966c17-51d9-438d-8e8b-63130879b621,2025-06-10,21:03:11,2025-06-10T21:03:11Z,2025-06-10T21:03:11Z,NA,v3,NA,NA,NA,"Rogozinski, Benjamin",1000291537,Right,USA_TEA7,fa18a824-fc0b-40bf-9cf3-958ffe036068,54.5541,-122.77162,13.88366,5.82797,-4.72058,-7.95342,-1.97538,9.07504,-5.60535,NA,NA,NA,NA,NA,NA,NA,NA,NA,NA,NA,NA,NA,NA,NA,NA,NA,NA,NA,NA,NA,NA,NA,NA,NA,NA,NA,NA,NA,NA,NA,NA,NA,NA,NA,NA,NA,NA,NA,NA,NA,NA,NA,NA,NA,NA,NA,NA,NA,NA,High,High,High,NA,NA,NA,NA,NA,NA,NA,NA,NA,NA,NA,NA,NA,NA,NA,NA,NA,NA,NA,NA,NA,NA,NA,NA,NA,NA,NA,NA,NA,NA,NA,NA,NA,NA,NA,NA,NA,NA,NA,NA,NA,NA,NA,NA,NA,NA,NA,NA,NA,NA,NA,NA,NA,NA,NA,NA,NA,NA
NA,NA,NA,NA,NA,NA,NA,NA,NA,NA,NA,NA,NA,NA,NA,NA,34,2025-06-10,17:03:27,3,3,"Benefield, Brodie",1000239356,Right,USA_TEA7,"D'Amico, Logan",10172584,Right,USA_DIR4,Undefined,2,Top,1,1,1,Undefined,Changeup,BallCalled,Undefined,Undefined,Undefined,0,0,NA,85.22687,-2.379706,-4.311307,2091.764679,233.98057,01:45:00,5.78919,1.95406,6.06711,-25.90529,13.01233,15.93938,1.42067,-0.71498,77.06213,-7.251885,-1.44918,0.448998,NA,NA,NA,NA,NA,NA,NA,NA,NA,NA,NA,-9.51335,7.87367,-1.62742,50,5.59052,8.64419,-123.25588,-5.91334,-14.43994,27.54314,-20.22289,USA_TEA7,USA_DIR4,USABBCary1,USA Baseball,USA,20250610-USABBCary1-6,5b499130-463e-11f0-b1ef-e7d42f54913a,83.94786,NA,NA,8.16475,NA,NA,NA,NA,NA,NA,94966c17-51d9-438d-8e8b-63130879b621,2025-06-10,21:03:27,2025-06-10T21:03:27Z,2025-06-10T21:03:27Z,NA,v3,NA,NA,NA,"Rogozinski, Benjamin",1000291537,Right,USA_TEA7,8f2a8e05-6a8e-48a1-9684-cac4740147e4,54.42895,-124.24164,13.77157,5.78921,-5.18956,-10.11145,-1.94605,9.16099,-7.21997,NA,NA,NA,NA,NA,NA,NA,NA,NA,NA,NA,NA,NA,NA,NA,NA,NA,NA,NA,NA,NA,NA,NA,NA,NA,NA,NA,NA,NA,NA,NA,NA,NA,NA,NA,NA,NA,NA,NA,NA,NA,NA,NA,NA,NA,NA,NA,NA,NA,NA,High,High,High,NA,NA,NA,NA,NA,NA,NA,NA,NA,NA,NA,NA,NA,NA,NA,NA,NA,NA,NA,NA,NA,NA,NA,NA,NA,NA,NA,NA,NA,NA,NA,NA,NA,NA,NA,NA,NA,NA,NA,NA,NA,NA,NA,NA,NA,NA,NA,NA,NA,NA,NA,NA,NA,NA,NA,NA,NA,NA
NA,NA,NA,NA,NA,NA,NA,NA,NA,NA,NA,NA,NA,NA,NA,NA,35,2025-06-10,17:03:50,3,4,"Benefield, Brodie",1000239356,Right,USA_TEA7,"D'Amico, Logan",10172584,Right,USA_DIR4,Undefined,2,Top,1,2,1,Undefined,Changeup,FoulBallNotFieldable,Undefined,Undefined,Undefined,0,0,NA,83.69309,-0.524879,-3.997918,2213.875887,215.100338,01:15:00,5.91689,1.92099,6.25319,-23.21041,17.06477,10.91012,3.49747,-0.86261,74.94721,-4.973819,-2.033457,0.456762,89.89496,54.005001,44.663765,4300.902085,NA,NA,NA,NA,75.26438,NA,NA,-7.00174,9.45808,-1.62878,50,5.86652,8.04169,-121.12196,-1.72644,-10.17871,28.38321,-18.42446,USA_TEA7,USA_DIR4,USABBCary1,USA Baseball,USA,20250610-USABBCary1-6,6926c2f0-463e-11f0-b1ef-e7d42f54913a,82.52092,103.0562,NA,8.74588,NA,NA,NA,0.23182,3.17781,0.55993,94966c17-51d9-438d-8e8b-63130879b621,2025-06-10,21:03:50,2025-06-10T21:03:50Z,2025-06-10T21:03:50Z,NA,v3,NA,NA,NA,"Rogozinski, Benjamin",1000291537,Right,USA_TEA7,5d8f4287-8f30-4b39-ad54-b0fa5b12fcec,54.24184,-122.11193,14.1916,5.91553,-1.08382,-9.21223,-1.91546,8.39671,-5.08935,199.022527,0.2318,55.11615,-20.29602,6.60549,-2.55932,1.56186,-0.70453,0.11775,0.00835,3.17782,106.67027,-24.78079,2.04321,0.3136,-0.71266,0.42002,-0.09719,0.00277,0.55993,54.47003,-9.5122,2.28104,-0.5649,0.22131,-0.07312,0.00253,0.00385,NA,NA,NA,NA,NA,NA,NA,NA,NA,NA,NA,NA,NA,NA,NA,NA,NA,NA,NA,NA,NA,NA,High,High,High,Medium,Undefined,NA,NA,NA,NA,NA,NA,NA,NA,NA,NA,NA,NA,NA,NA,NA,NA,NA,NA,NA,NA,NA,NA,NA,NA,NA,NA,NA,NA,NA,NA,NA,NA,NA,NA,NA,NA,NA,NA,NA,NA,NA,NA,NA,NA,NA,NA,NA,NA,NA,NA,NA,NA,NA,NA,NA,NA
NA,NA,NA,NA,NA,NA,NA,NA,NA,NA,NA,NA,NA,NA,NA,NA,36,2025-06-10,17:04:21,3,5,"Benefield, Brodie",1000239356,Right,USA_TEA7,"D'Amico, Logan",10172584,Right,USA_DIR4,Undefined,2,Top,1,2,2,Undefined,Changeup,InPlay,Undefined,GroundBall,Single,1,0,NA,84.61875,-1.04063,-2.195483,2132.54039,223.848736,01:30:00,5.78387,2.02842,5.98025,-24.91568,14.02961,12.27186,2.74215,1.015,77.33933,-5.717219,0.010081,0.449158,70.78,9.633568,-20.710217,2742.99868,NA,NA,NA,104.16928,104.16928,-22.476419,1.114517,-6.95115,7.88213,-1.86178,50,5.6878,4.2294,-122.8597,-2.98465,-10.60559,24.74871,-20.14801,USA_TEA7,USA_DIR4,USABBCary1,USA Baseball,USA,20250610-USABBCary1-6,7baa4b40-463e-11f0-b1ef-e7d42f54913a,83.91803,6.80078,NA,7.27943,NA,NA,NA,1.32132,2.74487,-1.00112,94966c17-51d9-438d-8e8b-63130879b621,2025-06-10,21:04:21,2025-06-10T21:04:21Z,2025-06-10T21:04:21Z,GroundBall,v3,NA,NA,NA,"Rogozinski, Benjamin",1000291537,Right,USA_TEA7,937ff3cd-86e0-4e98-9827-d73747112c2d,54.51859,-123.76657,12.37435,5.78364,-2.24636,-10.07401,-2.02388,4.61803,-5.3028,69.638723,1.32132,95.73305,-10.68338,1.39213,-0.30507,0.03381,-0.00361,6.8e-4,-3e-5,2.74487,17.37231,-19.27098,1.57585,-0.28562,0.06005,-0.008,0.00108,-1.4e-4,-1.00112,-36.19401,0.68877,0.63237,-0.19068,0.05491,-0.00973,0.00168,-1.8e-4,NA,NA,NA,NA,NA,NA,NA,NA,NA,NA,NA,NA,NA,NA,NA,NA,NA,NA,NA,NA,NA,NA,High,High,High,High,High,NA,NA,NA,NA,NA,NA,NA,NA,NA,NA,NA,NA,NA,NA,NA,NA,NA,NA,NA,NA,NA,NA,NA,NA,NA,NA,NA,NA,NA,NA,NA,NA,NA,NA,NA,NA,NA,NA,NA,NA,NA,NA,NA,NA,NA,NA,NA,NA,NA,NA,NA,NA,NA,NA,NA,NA
NA,NA,NA,NA,NA,NA,NA,NA,NA,NA,NA,NA,NA,NA,NA,NA,37,2025-06-10,17:05:11,4,1,"Benefield, Brodie",1000239356,Right,USA_TEA7,"Bender, Zach",1000138841,Left,USA_DIR4,Undefined,2,Top,2,0,0,Undefined,Changeup,StrikeCalled,Undefined,Undefined,Undefined,0,0,NA,84.32567,-0.520655,-3.006737,2143.996438,232.914079,01:45:00,5.54623,2.51884,5.86919,-25.67364,13.79532,16.54044,2.92246,1.10176,76.87721,-5.334439,-0.043037,0.452167,NA,NA,NA,NA,NA,NA,NA,NA,NA,NA,NA,-9.2628,7.58827,-2.28465,50,5.4892,5.74963,-122.32244,-1.90206,-14.00071,24.66923,-20.70437,USA_TEA7,USA_DIR4,USABBCary1,USA Baseball,USA,20250610-USABBCary1-6,98fe88a0-463e-11f0-b1ef-e7d42f54913a,83.3595,NA,NA,7.44846,NA,NA,NA,NA,NA,NA,94966c17-51d9-438d-8e8b-63130879b621,2025-06-10,21:05:11,2025-06-10T21:05:11Z,2025-06-10T21:05:11Z,NA,v3,NA,NA,NA,"Rogozinski, Benjamin",1000291537,Right,USA_TEA7,fddbc1b5-7536-4694-a746-cd1f14eb5fea,54.62835,-123.25233,12.33462,5.54618,-1.12163,-10.35218,-2.51132,6.27737,-7.00035,NA,NA,NA,NA,NA,NA,NA,NA,NA,NA,NA,NA,NA,NA,NA,NA,NA,NA,NA,NA,NA,NA,NA,NA,NA,NA,NA,NA,NA,NA,NA,NA,NA,NA,NA,NA,NA,NA,NA,NA,NA,NA,NA,NA,NA,NA,NA,NA,NA,NA,High,High,High,NA,NA,NA,NA,NA,NA,NA,NA,NA,NA,NA,NA,NA,NA,NA,NA,NA,NA,NA,NA,NA,NA,NA,NA,NA,NA,NA,NA,NA,NA,NA,NA,NA,NA,NA,NA,NA,NA,NA,NA,NA,NA,NA,NA,NA,NA,NA,NA,NA,NA,NA,NA,NA,NA,NA,NA,NA,NA
NA,NA,NA,NA,NA,NA,NA,NA,NA,NA,NA,NA,NA,NA,NA,NA,38,2025-06-10,17:05:26,4,2,"Benefield, Brodie",1000239356,Right,USA_TEA7,"Bender, Zach",1000138841,Left,USA_DIR4,Undefined,2,Top,2,0,1,Undefined,Changeup,FoulBallNotFieldable,Undefined,Undefined,Undefined,0,0,NA,83.71186,-0.816849,-3.927938,2075.13876,226.402221,01:30:00,5.61407,2.31855,5.80888,-24.74155,15.52056,14.88965,2.79083,-0.09908,76.21297,-5.462361,-1.26737,0.456688,NA,NA,NA,NA,NA,NA,NA,NA,NA,NA,NA,-8.6876,8.54701,-2.00478,50,5.53231,7.72098,-121.27718,-2.48094,-12.89731,24.43012,-19.48543,USA_TEA7,USA_DIR4,USABBCary1,USA Baseball,USA,20250610-USABBCary1-6,a2284470-463e-11f0-b1ef-e7d42f54913a,82.53432,NA,NA,7.4989,NA,NA,NA,NA,NA,NA,94966c17-51d9-438d-8e8b-63130879b621,2025-06-10,21:05:26,2025-06-10T21:05:26Z,2025-06-10T21:05:26Z,NA,v3,NA,NA,NA,"Rogozinski, Benjamin",1000291537,Right,USA_TEA7,64fb48f9-ae32-4425-8301-7894c936a922,54.68835,-122.21795,12.21506,5.6134,-1.73058,-9.74272,-2.31167,8.21764,-6.44866,NA,NA,NA,NA,NA,NA,NA,NA,NA,NA,NA,NA,NA,NA,NA,NA,NA,NA,NA,NA,NA,NA,NA,NA,NA,NA,NA,NA,NA,NA,NA,NA,NA,NA,NA,NA,NA,NA,NA,NA,NA,NA,NA,NA,NA,NA,NA,NA,NA,NA,High,High,High,NA,NA,NA,NA,NA,NA,NA,NA,NA,NA,NA,NA,NA,NA,NA,NA,NA,NA,NA,NA,NA,NA,NA,NA,NA,NA,NA,NA,NA,NA,NA,NA,NA,NA,NA,NA,NA,NA,NA,NA,NA,NA,NA,NA,NA,NA,NA,NA,NA,NA,NA,NA,NA,NA,NA,NA,NA,NA
NA,NA,NA,NA,NA,NA,NA,NA,NA,NA,NA,NA,NA,NA,NA,NA,39,2025-06-10,17:05:59,4,3,"Benefield, Brodie",1000239356,Right,USA_TEA7,"Bender, Zach",1000138841,Left,USA_DIR4,Undefined,2,Top,2,0,2,Undefined,Sinker,BallCalled,Undefined,Undefined,Undefined,0,0,NA,86.67878,-0.276707,-1.939022,2234.932256,224.309497,01:30:00,5.90544,1.93571,6.23252,-21.3117,15.3654,13.87379,3.87405,1.30236,79.21274,-4.320224,0.566037,0.435882,NA,NA,NA,NA,NA,NA,NA,NA,NA,NA,NA,-7.68288,8.38571,-1.79735,50,5.87406,3.70879,-125.9381,-1.21242,-12.34237,25.50847,-18.70256,USA_TEA7,USA_DIR4,USABBCary1,USA Baseball,USA,20250610-USABBCary1-6,b5e97ce0-463e-11f0-b1ef-e7d42f54913a,86.47398,NA,NA,7.46604,NA,NA,NA,NA,NA,NA,94966c17-51d9-438d-8e8b-63130879b621,2025-06-10,21:05:59,2025-06-10T21:05:59Z,2025-06-10T21:05:59Z,NA,v3,NA,NA,NA,"Rogozinski, Benjamin",1000291537,Right,USA_TEA7,5452be18-ff83-4c5b-9a77-4bce6f88693d,54.26506,-126.79904,12.75424,5.90432,-0.58119,-9.35128,-1.92956,4.12536,-6.17119,NA,NA,NA,NA,NA,NA,NA,NA,NA,NA,NA,NA,NA,NA,NA,NA,NA,NA,NA,NA,NA,NA,NA,NA,NA,NA,NA,NA,NA,NA,NA,NA,NA,NA,NA,NA,NA,NA,NA,NA,NA,NA,NA,NA,NA,NA,NA,NA,NA,NA,High,High,High,NA,NA,NA,NA,NA,NA,NA,NA,NA,NA,NA,NA,NA,NA,NA,NA,NA,NA,NA,NA,NA,NA,NA,NA,NA,NA,NA,NA,NA,NA,NA,NA,NA,NA,NA,NA,NA,NA,NA,NA,NA,NA,NA,NA,NA,NA,NA,NA,NA,NA,NA,NA,NA,NA,NA,NA,NA,NA
NA,NA,NA,NA,NA,NA,NA,NA,NA,NA,NA,NA,NA,NA,NA,NA,40,2025-06-10,17:06:17,4,4,"Benefield, Brodie",1000239356,Right,USA_TEA7,"Bender, Zach",1000138841,Left,USA_DIR4,Undefined,2,Top,2,1,2,Undefined,Changeup,StrikeSwinging,Strikeout,Undefined,Undefined,0,0,NA,75.92486,-0.053224,-2.902121,1567.897504,244.972917,02:15:00,5.56613,2.28149,6.12454,-37.97152,10.09812,18.35812,2.35257,1.12626,69.65147,-7.125529,0.405791,0.499007,NA,NA,NA,NA,NA,NA,NA,NA,NA,NA,NA,-10.30099,5.69122,-2.06875,50,5.54229,4.95152,-110.24843,-1.16346,-12.67292,19.6785,-25.17235,USA_TEA7,USA_DIR4,USABBCary1,USA Baseball,USA,20250610-USABBCary1-6,c0d5d040-463e-11f0-b1ef-e7d42f54913a,75.53487,NA,NA,6.27338,NA,NA,NA,NA,NA,NA,94966c17-51d9-438d-8e8b-63130879b621,2025-06-10,21:06:17,2025-06-10T21:06:17Z,2025-06-10T21:06:17Z,NA,v3,NA,NA,NA,"Rogozinski, Benjamin",1000291537,Right,USA_TEA7,e939d70f-9bab-4750-b0d5-d0d60bfd33b6,54.37489,-111.02657,9.83925,5.56862,-0.16808,-12.58617,-2.27446,5.45264,-6.33646,NA,NA,NA,NA,NA,NA,NA,NA,NA,NA,NA,NA,NA,NA,NA,NA,NA,NA,NA,NA,NA,NA,NA,NA,NA,NA,NA,NA,NA,NA,NA,NA,NA,NA,NA,NA,NA,NA,NA,NA,NA,NA,NA,NA,NA,NA,NA,NA,NA,NA,High,High,High,NA,NA,NA,NA,NA,NA,NA,NA,NA,NA,NA,NA,NA,NA,NA,NA,NA,NA,NA,NA,NA,NA,NA,NA,NA,NA,NA,NA,NA,NA,NA,NA,NA,NA,NA,NA,NA,NA,NA,NA,NA,NA,NA,NA,NA,NA,NA,NA,NA,NA,NA,NA,NA,NA,NA,NA,NA,NA
NA,NA,NA,NA,NA,NA,NA,NA,NA,NA,NA,NA,NA,NA,NA,NA,41,2025-06-10,17:08:06,1,1,"Rumbley, Nick",1000423385,Right,USA_DIR4,"Ryan, Jack",1000408070,Left,USA_TEA7,Undefined,2,Bottom,0,0,0,Undefined,Sinker,StrikeSwinging,Undefined,Undefined,Undefined,0,0,NA,90.33378,0.152315,-3.146423,2077.671667,242.231191,02:00:00,5.12732,2.12756,6.46407,-22.9195,10.9741,18.59029,3.35747,0.78387,81.57487,-4.209371,0.221474,0.419016,NA,NA,NA,NA,NA,NA,NA,NA,NA,NA,NA,-10.63835,6.03697,-1.91266,50,5.12792,6.44619,-131.06704,-0.32675,-18.28487,30.78447,-21.79785,USA_TEA7,USA_DIR4,USABBCary1,USA Baseball,USA,20250610-USABBCary1-6,01cd96a0-463f-11f0-b1ef-e7d42f54913a,89.95474,NA,NA,8.75891,NA,NA,NA,NA,NA,NA,94966c17-51d9-438d-8e8b-63130879b621,2025-06-10,21:08:06,2025-06-10T21:08:06Z,2025-06-10T21:08:06Z,NA,v3,NA,NA,NA,"Holden, Will",NA,Right,USA_DIR4,40786988-388b-464e-896f-4602a2a342a7,54.03336,-132.01098,15.39223,5.12769,0.34163,-10.89892,-2.11891,7.00686,-9.14243,NA,NA,NA,NA,NA,NA,NA,NA,NA,NA,NA,NA,NA,NA,NA,NA,NA,NA,NA,NA,NA,NA,NA,NA,NA,NA,NA,NA,NA,NA,NA,NA,NA,NA,NA,NA,NA,NA,NA,NA,NA,NA,NA,NA,NA,NA,NA,NA,NA,NA,High,High,High,NA,NA,NA,NA,NA,NA,NA,NA,NA,NA,NA,NA,NA,NA,NA,NA,NA,NA,NA,NA,NA,NA,NA,NA,NA,NA,NA,NA,NA,NA,NA,NA,NA,NA,NA,NA,NA,NA,NA,NA,NA,NA,NA,NA,NA,NA,NA,NA,NA,NA,NA,NA,NA,NA,NA,NA,NA,NA
NA,NA,NA,NA,NA,NA,NA,NA,NA,NA,NA,NA,NA,NA,NA,NA,42,2025-06-10,17:08:16,1,2,"Rumbley, Nick",1000423385,Right,USA_DIR4,"Ryan, Jack",1000408070,Left,USA_TEA7,Undefined,2,Bottom,0,0,1,Undefined,Sinker,StrikeCalled,Undefined,Undefined,Undefined,0,0,NA,89.88978,-1.33738,-3.609754,2077.551657,247.912599,02:15:00,5.10152,1.97877,6.49406,-26.12903,8.04682,16.91273,1.69377,0.07012,81.53502,-6.265591,-0.544077,0.420757,NA,NA,NA,NA,NA,NA,NA,NA,NA,NA,NA,-9.92654,4.9828,-1.73227,50,4.99636,7.54782,-130.36241,-3.84661,-16.90952,29.98974,-23.68599,USA_TEA7,USA_DIR4,USABBCary1,USA Baseball,USA,20250610-USABBCary1-6,077f90d0-463f-11f0-b1ef-e7d42f54913a,89.58251,NA,NA,8.35475,NA,NA,NA,NA,NA,NA,94966c17-51d9-438d-8e8b-63130879b621,2025-06-10,21:08:16,2025-06-10T21:08:16Z,2025-06-10T21:08:16Z,NA,v3,NA,NA,NA,"Holden, Will",NA,Right,USA_DIR4,85a84067-0d9c-477c-a1a5-c687bf87b56f,54.00399,-131.28029,14.99487,5.103,-3.12167,-11.84299,-1.97121,8.06536,-8.45476,NA,NA,NA,NA,NA,NA,NA,NA,NA,NA,NA,NA,NA,NA,NA,NA,NA,NA,NA,NA,NA,NA,NA,NA,NA,NA,NA,NA,NA,NA,NA,NA,NA,NA,NA,NA,NA,NA,NA,NA,NA,NA,NA,NA,NA,NA,NA,NA,NA,NA,High,High,High,NA,NA,NA,NA,NA,NA,NA,NA,NA,NA,NA,NA,NA,NA,NA,NA,NA,NA,NA,NA,NA,NA,NA,NA,NA,NA,NA,NA,NA,NA,NA,NA,NA,NA,NA,NA,NA,NA,NA,NA,NA,NA,NA,NA,NA,NA,NA,NA,NA,NA,NA,NA,NA,NA,NA,NA,NA,NA
NA,NA,NA,NA,NA,NA,NA,NA,NA,NA,NA,NA,NA,NA,NA,NA,43,2025-06-10,17:08:29,1,3,"Rumbley, Nick",1000423385,Right,USA_DIR4,"Ryan, Jack",1000408070,Left,USA_TEA7,Undefined,2,Bottom,0,0,2,Undefined,Sinker,BallCalled,Undefined,Undefined,Undefined,0,0,NA,91.92726,0.948326,-0.117016,2178.21775,245.27597600000001,02:15:00,5.07257,2.1447600000000002,6.06425,-23.26706,9.81414,18.9195,4.01138,3.61309,83.31909,-3.434517,3.288716,0.413964,NA,NA,NA,NA,NA,NA,NA,NA,NA,NA,NA,-9.71398,5.09799,-2.14524,50,5.13379,-0.55426,-133.49899,1.444,-17.36584,31.2591,-23.06027,USA_TEA7,USA_DIR4,USABBCary1,USA Baseball,USA,20250610-USABBCary1-6,0f9c4970-463f-11f0-b1ef-e7d42f54913a,91.05254,NA,NA,8.60816,NA,NA,NA,NA,NA,NA,94966c17-51d9-438d-8e8b-63130879b621,2025-06-10,21:08:29,2025-06-10T21:08:29Z,2025-06-10T21:08:29Z,NA,v3,NA,NA,NA,"Holden, Will",NA,Right,USA_DIR4,f3451e83-e1ab-4fa3-875c-39d5ba27384d,54.43325,-134.53304,15.62955,5.0734,2.20684,-11.53013,-2.13641,0.0202,-8.68292,NA,NA,NA,NA,NA,NA,NA,NA,NA,NA,NA,NA,NA,NA,NA,NA,NA,NA,NA,NA,NA,NA,NA,NA,NA,NA,NA,NA,NA,NA,NA,NA,NA,NA,NA,NA,NA,NA,NA,NA,NA,NA,NA,NA,NA,NA,NA,NA,NA,NA,High,High,High,NA,NA,NA,NA,NA,NA,NA,NA,NA,NA,NA,NA,NA,NA,NA,NA,NA,NA,NA,NA,NA,NA,NA,NA,NA,NA,NA,NA,NA,NA,NA,NA,NA,NA,NA,NA,NA,NA,NA,NA,NA,NA,NA,NA,NA,NA,NA,NA,NA,NA,NA,NA,NA,NA,NA,NA,NA,NA
NA,NA,NA,NA,NA,NA,NA,NA,NA,NA,NA,NA,NA,NA,NA,NA,44,2025-06-10,17:08:41,1,4,"Rumbley, Nick",1000423385,Right,USA_DIR4,"Ryan, Jack",1000408070,Left,USA_TEA7,Undefined,2,Bottom,0,1,2,Undefined,Sinker,BallCalled,Undefined,Undefined,Undefined,0,0,NA,90.40935,-1.499259,-4.116988,2194.073042,244.413179,02:15:00,4.85968,1.93582,6.49718,-24.43517,9.18796,16.87221,1.44335,-0.44373,82.4261,-6.106873,-1.061747,0.41734,NA,NA,NA,NA,NA,NA,NA,NA,NA,NA,NA,-9.99552,5.58335,-1.65389,50,4.7438,8.76432,-131.104,-4.17993,-17.33183,28.68809,-22.4927,USA_TEA7,USA_DIR4,USABBCary1,USA Baseball,USA,20250610-USABBCary1-6,162f54d0-463f-11f0-b1ef-e7d42f54913a,90.31579,NA,NA,7.98325,NA,NA,NA,NA,NA,NA,94966c17-51d9-438d-8e8b-63130879b621,2025-06-10,21:08:41,2025-06-10T21:08:41Z,2025-06-10T21:08:41Z,NA,v3,NA,NA,NA,"Holden, Will",NA,Right,USA_DIR4,e39682d6-d3d0-485a-96aa-89d1a230632e,54.00168,-131.97674,14.34405,4.86055,-3.49566,-11.24635,-1.92854,9.29158,-8.66592,NA,NA,NA,NA,NA,NA,NA,NA,NA,NA,NA,NA,NA,NA,NA,NA,NA,NA,NA,NA,NA,NA,NA,NA,NA,NA,NA,NA,NA,NA,NA,NA,NA,NA,NA,NA,NA,NA,NA,NA,NA,NA,NA,NA,NA,NA,NA,NA,NA,NA,High,High,High,NA,NA,NA,NA,NA,NA,NA,NA,NA,NA,NA,NA,NA,NA,NA,NA,NA,NA,NA,NA,NA,NA,NA,NA,NA,NA,NA,NA,NA,NA,NA,NA,NA,NA,NA,NA,NA,NA,NA,NA,NA,NA,NA,NA,NA,NA,NA,NA,NA,NA,NA,NA,NA,NA,NA,NA,NA,NA
NA,NA,NA,NA,NA,NA,NA,NA,NA,NA,NA,NA,NA,NA,NA,NA,45,2025-06-10,17:08:53,1,5,"Rumbley, Nick",1000423385,Right,USA_DIR4,"Ryan, Jack",1000408070,Left,USA_TEA7,Undefined,2,Bottom,0,2,2,Undefined,Sinker,FoulBallNotFieldable,Undefined,Undefined,Undefined,0,0,NA,90.1432,-0.163167,-3.41552,2283.56436,249.361671,02:15:00,5.07447,1.91394,6.14478,-25.67045,8.83237,20.20659,2.78422,0.43791,81.38113,-4.995822,0.223007,0.422764,71.98928,55.929546,-156.670856,3925.692203,NA,NA,NA,NA,26.90293,NA,NA,-11.54658,4.96288,-1.66397,50,5.04886,6.96358,-130.70635,-1.19987,-19.71337,30.9174,-23.70099,USA_TEA7,USA_DIR4,USABBCary1,USA Baseball,USA,20250610-USABBCary1-6,1dbfd300-463f-11f0-b1ef-e7d42f54913a,89.15707,36.24816,NA,8.76208,NA,NA,NA,2.09274,2.68092,-0.52552,94966c17-51d9-438d-8e8b-63130879b621,2025-06-10,21:08:53,2025-06-10T21:08:53Z,2025-06-10T21:08:53Z,NA,v3,NA,NA,NA,"Holden, Will",NA,Right,USA_DIR4,b7d6a3cc-694b-4eb8-9e80-070662f6d911,54.35419,-131.73226,15.4587,5.07563,-0.41341,-11.85049,-1.9059,7.61772,-9.85669,354.069685,2.10688,-54.724,-0.79062,NA,NA,NA,NA,NA,NA,2.70906,86.66088,-33.43776,NA,NA,NA,NA,NA,NA,-0.51473,-23.7355,-2.37453,NA,NA,NA,NA,NA,NA,NA,NA,NA,NA,NA,NA,NA,NA,NA,NA,NA,NA,NA,NA,NA,NA,NA,NA,NA,NA,NA,NA,High,High,High,High,Undefined,NA,NA,NA,NA,NA,NA,NA,NA,NA,NA,NA,NA,NA,NA,NA,NA,NA,NA,NA,NA,NA,NA,NA,NA,NA,NA,NA,NA,NA,NA,NA,NA,NA,NA,NA,NA,NA,NA,NA,NA,NA,NA,NA,NA,NA,NA,NA,NA,NA,NA,NA,NA,NA,NA,NA,NA
NA,NA,NA,NA,NA,NA,NA,NA,NA,NA,NA,NA,NA,NA,NA,NA,46,2025-06-10,17:09:11,1,6,"Rumbley, Nick",1000423385,Right,USA_DIR4,"Ryan, Jack",1000408070,Left,USA_TEA7,Undefined,2,Bottom,0,2,2,Undefined,Sinker,FoulBallNotFieldable,Undefined,Undefined,Undefined,0,0,NA,91.05754,0.368981,-3.06258,2092.257445,251.20127,02:15:00,5.18263,1.89765,6.02711,-26.00293,7.69174,19.33879,3.35794,0.67019,82.76932,-4.496374,0.412823,0.417784,NA,NA,NA,NA,NA,NA,NA,NA,NA,NA,NA,-10.78595,4.18733,-1.66811,50,5.19751,6.23353,-132.12887,-0.02801,-18.97891,29.37365,-24.80606,USA_TEA7,USA_DIR4,USABBCary1,USA Baseball,USA,20250610-USABBCary1-6,283dd430-463f-11f0-b1ef-e7d42f54913a,90.21992,NA,NA,8.28822,NA,NA,NA,NA,NA,NA,94966c17-51d9-438d-8e8b-63130879b621,2025-06-10,21:09:11,2025-06-10T21:09:11Z,2025-06-10T21:09:11Z,NA,v3,NA,NA,NA,"Holden, Will",NA,Right,USA_DIR4,1b8ddca2-4b97-419a-8498-7133adc339a9,54.47158,-133.11924,14.68683,5.18435,0.80836,-12.40303,-1.88907,6.87342,-9.48946,NA,NA,NA,NA,NA,NA,NA,NA,NA,NA,NA,NA,NA,NA,NA,NA,NA,NA,NA,NA,NA,NA,NA,NA,NA,NA,NA,NA,NA,NA,NA,NA,NA,NA,NA,NA,NA,NA,NA,NA,NA,NA,NA,NA,NA,NA,NA,NA,NA,NA,High,High,High,NA,NA,NA,NA,NA,NA,NA,NA,NA,NA,NA,NA,NA,NA,NA,NA,NA,NA,NA,NA,NA,NA,NA,NA,NA,NA,NA,NA,NA,NA,NA,NA,NA,NA,NA,NA,NA,NA,NA,NA,NA,NA,NA,NA,NA,NA,NA,NA,NA,NA,NA,NA,NA,NA,NA,NA,NA,NA
NA,NA,NA,NA,NA,NA,NA,NA,NA,NA,NA,NA,NA,NA,NA,NA,47,2025-06-10,17:09:28,1,7,"Rumbley, Nick",1000423385,Right,USA_DIR4,"Ryan, Jack",1000408070,Left,USA_TEA7,Undefined,2,Bottom,0,2,2,Undefined,Changeup,InPlay,Undefined,GroundBall,Out,1,0,NA,81.43113,-0.094006,-2.7579920000000002,2059.150138,243.374,02:00:00,5.25268,1.81062,5.82593,-30.99265,11.70973,20.37277,2.58247,0.94245,73.75171,-5.889904,0.891921,0.470324,75.25583,-0.948503,26.193547,2843.249615,NA,NA,NA,34.38986,33.41645,23.562449,0.306072,-11.34197,6.42945,-1.59768,50,5.22679,4.90529,-118.09526,-1.14184,-15.82935,24.95537,-23.20086,USA_TEA7,USA_DIR4,USABBCary1,USA Baseball,USA,20250610-USABBCary1-6,3252da60-463f-11f0-b1ef-e7d42f54913a,80.14139,2.71406,NA,7.67941,NA,NA,NA,2.60964,2.71406,-0.90146,94966c17-51d9-438d-8e8b-63130879b621,2025-06-10,21:09:28,2025-06-10T21:09:28Z,2025-06-10T21:09:28Z,GroundBall,v3,NA,NA,NA,"Holden, Will",NA,Right,USA_DIR4,83688b31-b80d-4a1f-b8e4-65e39d63a054,54.67334,-119.07871,12.47768,5.25377,-0.22753,-11.60043,-1.80329,5.5291,-7.91467,329.182464,2.61163,98.94031,-14.66502,NA,NA,NA,NA,NA,NA,2.71818,-2.00601,-22.50384,NA,NA,NA,NA,NA,NA,-0.90195,48.73474,-2.84631,NA,NA,NA,NA,NA,NA,NA,NA,NA,NA,NA,NA,NA,NA,NA,NA,NA,NA,NA,NA,NA,NA,NA,NA,NA,NA,NA,NA,High,High,High,Medium,High,NA,NA,NA,NA,NA,NA,NA,NA,NA,NA,NA,NA,NA,NA,NA,NA,NA,NA,NA,NA,NA,NA,NA,NA,NA,NA,NA,NA,NA,NA,NA,NA,NA,NA,NA,NA,NA,NA,NA,NA,NA,NA,NA,NA,NA,NA,NA,NA,NA,NA,NA,NA,NA,NA,NA,NA
NA,NA,NA,NA,NA,NA,NA,NA,NA,NA,NA,NA,NA,NA,NA,NA,48,2025-06-10,17:09:57,2,1,"Rumbley, Nick",1000423385,Right,USA_DIR4,"Rogozinski, Benjamin",1000291537,Right,USA_TEA7,Undefined,2,Bottom,1,0,0,Undefined,Slider,InPlay,Undefined,Bunt,Single,0,0,NA,81.19889,0.934794,-1.629688,2128.762144,167.262042,11:30:00,4.86128,2.07533,5.74945,-35.18722,7.30646,-1.35965,2.79971,0.44443,74.50389,-5.571388,-1.872934,0.469173,25.04354,-27.708932,-38.469107,NA,NA,NA,NA,6.85936,6.68439,-29.066427,0.145619,0.25386,3.83327,-1.93912,50,4.91731,3.40753,-117.94059,0.79872,0.35826,22.02929,-26.76445,USA_TEA7,USA_DIR4,USABBCary1,USA Baseball,USA,20250610-USABBCary1-6,43edfe80-463f-11f0-b1ef-e7d42f54913a,80.33796,2.83798,NA,6.69499,NA,NA,NA,2.32994,2.83798,-0.44646,94966c17-51d9-438d-8e8b-63130879b621,2025-06-10,21:09:57,2025-06-10T21:09:57Z,2025-06-10T21:09:57Z,GroundBall,v3,NA,NA,NA,"Holden, Will",NA,Right,USA_DIR4,18846a94-38f1-45c2-9e59-e79fca8b3896,54.75013,-118.82452,11.01464,4.86372,1.87265,-13.38222,-2.07556,3.39316,0.17913,326.89954,2.32987,25.46665,-2.01656,NA,NA,NA,NA,NA,NA,2.8381,-17.08976,-16.48788,NA,NA,NA,NA,NA,NA,-0.44637,-20.237,2.86479,NA,NA,NA,NA,NA,NA,NA,NA,NA,NA,NA,NA,NA,NA,NA,NA,NA,NA,NA,NA,NA,NA,NA,NA,NA,NA,NA,NA,High,High,High,High,High,NA,NA,NA,NA,NA,NA,NA,NA,NA,NA,NA,NA,NA,NA,NA,NA,NA,NA,NA,NA,NA,NA,NA,NA,NA,NA,NA,NA,NA,NA,NA,NA,NA,NA,NA,NA,NA,NA,NA,NA,NA,NA,NA,NA,NA,NA,NA,NA,NA,NA,NA,NA,NA,NA,NA,NA
NA,NA,NA,NA,NA,NA,NA,NA,NA,NA,NA,NA,NA,NA,NA,NA,49,2025-06-10,17:10:35,3,1,"Rumbley, Nick",1000423385,Right,USA_DIR4,"Rogozinski, Maddox",10145164,Right,USA_TEA7,Undefined,2,Bottom,1,0,0,Undefined,Changeup,InPlay,Undefined,FlyBall,Out,1,0,NA,88.66689,0.169702,-4.075614,1985.022307,259.115163,02:45:00,5.00999,2.02731,6.32048,-30.20553,4.93488,19.71422,2.64955,-0.08982,80.80134,-5.478833,-0.517343,0.426653,95.83817,28.290331,10.15597,NA,107.24082,56.05768,24.48217,331.20904,323.3849,19.036399,4.870741,-11.45926,2.84776,-1.7382,50,5.00805,8.3895,-128.63498,-0.5836,-19.1353,27.53027,-27.41867,USA_TEA7,USA_DIR4,USABBCary1,USA Baseball,USA,20250610-USABBCary1-6,5a4f8450-463f-11f0-b1ef-e7d42f54913a,88.34448,76.79826,NA,7.86555,NA,NA,NA,1.38107,2.65685,0.08901,94966c17-51d9-438d-8e8b-63130879b621,2025-06-10,21:10:35,2025-06-10T21:10:35Z,2025-06-10T21:10:35Z,FlyBall,v3,NA,NA,NA,"Holden, Will",NA,Right,USA_DIR4,af0a6a62-60a5-42a7-9cd5-eb22a305487b,54.18006,-129.5265,13.76514,5.01257,0.3043,-13.70934,-2.01991,9.00916,-9.56765,204.064138,1.38071,121.84239,-26.96631,6.6529,-1.55395,0.34199,-0.06137,0.00705,-3.6e-4,2.65913,66.56807,-15.86203,0.03455,0.44283,-0.21452,0.0541,-0.00687,3.4e-4,0.08871,21.83296,1.71056,-0.96414,0.27189,-0.04597,0.00383,-4e-5,-1e-5,NA,NA,NA,NA,NA,NA,NA,NA,NA,NA,NA,NA,NA,NA,NA,NA,NA,NA,NA,NA,NA,NA,High,High,High,High,Medium,NA,NA,NA,NA,NA,NA,NA,NA,NA,NA,NA,NA,NA,NA,NA,NA,NA,NA,NA,NA,NA,NA,NA,NA,NA,NA,NA,NA,NA,NA,NA,NA,NA,NA,NA,NA,NA,NA,NA,NA,NA,NA,NA,NA,NA,NA,NA,NA,NA,NA,NA,NA,NA,NA,NA,NA
NA,NA,NA,NA,NA,NA,NA,NA,NA,NA,NA,NA,NA,NA,NA,NA,50,2025-06-10,17:11:17,4,1,"Rumbley, Nick",1000423385,Right,USA_DIR4,"Williams, Jason",1000230054,Left,USA_TEA7,Undefined,2,Bottom,2,0,0,Undefined,Sinker,BallCalled,Undefined,Undefined,Undefined,0,0,NA,89.74616,1.521892,-2.469062,2042.020778,254.740294,02:30:00,4.81982,2.25,6.29701,-27.94627,6.20323,18.85725,3.89489,1.54501,81.9271,-3.715802,0.937962,0.420595,NA,NA,NA,NA,NA,NA,NA,NA,NA,NA,NA,-10.40945,3.1426,-2.07674,50,4.91846,4.84437,-130.36462,2.56204,-17.92009,27.314330000000002,-26.76402,USA_TEA7,USA_DIR4,USABBCary1,USA Baseball,USA,20250610-USABBCary1-6,7361d240-463f-11f0-b1ef-e7d42f54913a,89.61705,NA,NA,7.81905,NA,NA,NA,NA,NA,NA,94966c17-51d9-438d-8e8b-63130879b621,2025-06-10,21:11:17,2025-06-10T21:11:17Z,2025-06-10T21:11:17Z,NA,v3,NA,NA,NA,"Holden, Will",NA,Right,USA_DIR4,bc3fdd78-d089-4643-9906-e1e17ecb795a,54.20217,-131.24212,13.65717,4.82235,3.42186,-13.38201,-2.24162,5.42007,-8.96005,NA,NA,NA,NA,NA,NA,NA,NA,NA,NA,NA,NA,NA,NA,NA,NA,NA,NA,NA,NA,NA,NA,NA,NA,NA,NA,NA,NA,NA,NA,NA,NA,NA,NA,NA,NA,NA,NA,NA,NA,NA,NA,NA,NA,NA,NA,NA,NA,NA,NA,High,High,High,NA,NA,NA,NA,NA,NA,NA,NA,NA,NA,NA,NA,NA,NA,NA,NA,NA,NA,NA,NA,NA,NA,NA,NA,NA,NA,NA,NA,NA,NA,NA,NA,NA,NA,NA,NA,NA,NA,NA,NA,NA,NA,NA,NA,NA,NA,NA,NA,NA,NA,NA,NA,NA,NA,NA,NA,NA,NA
NA,NA,NA,NA,NA,NA,NA,NA,NA,NA,NA,NA,NA,NA,NA,NA,51,2025-06-10,17:11:33,4,2,"Rumbley, Nick",1000423385,Right,USA_DIR4,"Williams, Jason",1000230054,Left,USA_TEA7,Undefined,2,Bottom,2,1,0,Undefined,Changeup,BallCalled,Undefined,Undefined,Undefined,0,0,NA,87.66738,0.312468,-2.468678,2005.602738,256.472176,02:30:00,4.96978,2.0147,6.0544,-30.40947,5.7413,19.10993,2.72517,1.32066,80.10845,-5.349128,0.970759,0.432743,NA,NA,NA,NA,NA,NA,NA,NA,NA,NA,NA,-10.47776,3.23488,-1.83254,50,4.97792,4.69903,-127.32743,-0.31659,-17.1832,26.39495,-26.86897,USA_TEA7,USA_DIR4,USABBCary1,USA Baseball,USA,20250610-USABBCary1-6,7d0af740-463f-11f0-b1ef-e7d42f54913a,87.10121,NA,NA,7.55893,NA,NA,NA,NA,NA,NA,94966c17-51d9-438d-8e8b-63130879b621,2025-06-10,21:11:33,2025-06-10T21:11:33Z,2025-06-10T21:11:33Z,NA,v3,NA,NA,NA,"Holden, Will",NA,Right,USA_DIR4,23dd4db2-23e4-4c36-8ae6-7293b68994a8,54.44481,-128.24553,13.19748,4.97268,0.618,-13.43448,-2.00638,5.29671,-8.5916,NA,NA,NA,NA,NA,NA,NA,NA,NA,NA,NA,NA,NA,NA,NA,NA,NA,NA,NA,NA,NA,NA,NA,NA,NA,NA,NA,NA,NA,NA,NA,NA,NA,NA,NA,NA,NA,NA,NA,NA,NA,NA,NA,NA,NA,NA,NA,NA,NA,NA,High,High,High,NA,NA,NA,NA,NA,NA,NA,NA,NA,NA,NA,NA,NA,NA,NA,NA,NA,NA,NA,NA,NA,NA,NA,NA,NA,NA,NA,NA,NA,NA,NA,NA,NA,NA,NA,NA,NA,NA,NA,NA,NA,NA,NA,NA,NA,NA,NA,NA,NA,NA,NA,NA,NA,NA,NA,NA,NA,NA
NA,NA,NA,NA,NA,NA,NA,NA,NA,NA,NA,NA,NA,NA,NA,NA,52,2025-06-10,17:11:52,4,3,"Rumbley, Nick",1000423385,Right,USA_DIR4,"Williams, Jason",1000230054,Left,USA_TEA7,Undefined,2,Bottom,2,2,0,Undefined,Sinker,BallCalled,Undefined,Undefined,Undefined,0,0,NA,89.75813,1.612288,-3.352819,2060.868583,250.53448,02:15:00,5.0397,2.19968,6.25357,-26.55986,7.7476,18.83769,4.31612,0.6741,81.70825,-3.374587,0.043725,0.421566,NA,NA,NA,NA,NA,NA,NA,NA,NA,NA,NA,-10.63871,3.90465,-1.95901,50,5.14666,6.84716,-130.23994,2.81998,-18.25202,27.6503,-25.47515,USA_TEA7,USA_DIR4,USABBCary1,USA Baseball,USA,20250610-USABBCary1-6,87f1a550-463f-11f0-b1ef-e7d42f54913a,89.4105,NA,NA,8.04988,NA,NA,NA,NA,NA,NA,94966c17-51d9-438d-8e8b-63130879b621,2025-06-10,21:11:52,2025-06-10T21:11:52Z,2025-06-10T21:11:52Z,NA,v3,NA,NA,NA,"Holden, Will",NA,Right,USA_DIR4,06be5783-7f19-44ea-b3d2-4a74fa73280b,54.2452,-131.13811,13.82515,5.04162,3.6475,-12.73758,-2.19106,7.44005,-9.12601,NA,NA,NA,NA,NA,NA,NA,NA,NA,NA,NA,NA,NA,NA,NA,NA,NA,NA,NA,NA,NA,NA,NA,NA,NA,NA,NA,NA,NA,NA,NA,NA,NA,NA,NA,NA,NA,NA,NA,NA,NA,NA,NA,NA,NA,NA,NA,NA,NA,NA,High,High,High,NA,NA,NA,NA,NA,NA,NA,NA,NA,NA,NA,NA,NA,NA,NA,NA,NA,NA,NA,NA,NA,NA,NA,NA,NA,NA,NA,NA,NA,NA,NA,NA,NA,NA,NA,NA,NA,NA,NA,NA,NA,NA,NA,NA,NA,NA,NA,NA,NA,NA,NA,NA,NA,NA,NA,NA,NA,NA
NA,NA,NA,NA,NA,NA,NA,NA,NA,NA,NA,NA,NA,NA,NA,NA,53,2025-06-10,17:12:09,4,4,"Rumbley, Nick",1000423385,Right,USA_DIR4,"Williams, Jason",1000230054,Left,USA_TEA7,Undefined,2,Bottom,2,3,0,Undefined,Changeup,StrikeCalled,Undefined,Undefined,Undefined,0,0,NA,86.22689,-0.999222,-4.353828,1923.224689,257.35884,02:30:00,4.89757,2.11594,6.44274,-31.45143,5.59583,19.50466,1.35572,-0.26697,78.70199,-6.884252,-0.824845,0.438076,NA,NA,NA,NA,NA,NA,NA,NA,NA,NA,NA,-11.42945,3.59091,-1.8146,50,4.81254,8.77452,-125.03465,-3.14553,-18.02177,26.14586,-26.51198,USA_TEA7,USA_DIR4,USABBCary1,USA Baseball,USA,20250610-USABBCary1-6,928d8ec0-463f-11f0-b1ef-e7d42f54913a,86.04088,NA,NA,7.5249,NA,NA,NA,NA,NA,NA,94966c17-51d9-438d-8e8b-63130879b621,2025-06-10,21:12:09,2025-06-10T21:12:09Z,2025-06-10T21:12:09Z,NA,v3,NA,NA,NA,"Holden, Will",NA,Right,USA_DIR4,9631fc8c-7ca5-42c6-9ce9-6f712369e738,54.05696,-125.88014,13.07293,4.90039,-2.2882,-13.25599,-2.10777,9.3573,-9.01089,NA,NA,NA,NA,NA,NA,NA,NA,NA,NA,NA,NA,NA,NA,NA,NA,NA,NA,NA,NA,NA,NA,NA,NA,NA,NA,NA,NA,NA,NA,NA,NA,NA,NA,NA,NA,NA,NA,NA,NA,NA,NA,NA,NA,NA,NA,NA,NA,NA,NA,High,High,High,NA,NA,NA,NA,NA,NA,NA,NA,NA,NA,NA,NA,NA,NA,NA,NA,NA,NA,NA,NA,NA,NA,NA,NA,NA,NA,NA,NA,NA,NA,NA,NA,NA,NA,NA,NA,NA,NA,NA,NA,NA,NA,NA,NA,NA,NA,NA,NA,NA,NA,NA,NA,NA,NA,NA,NA,NA,NA
NA,NA,NA,NA,NA,NA,NA,NA,NA,NA,NA,NA,NA,NA,NA,NA,54,2025-06-10,17:12:25,4,5,"Rumbley, Nick",1000423385,Right,USA_DIR4,"Williams, Jason",1000230054,Left,USA_TEA7,Undefined,2,Bottom,2,3,1,Undefined,Sinker,InPlay,Undefined,FlyBall,Single,0,0,NA,87.43664,-0.976539,-3.824188,2035.13356,242.877315,02:00:00,4.9084,1.9972,6.31361,-25.90301,10.02532,17.40584,1.84821,-0.08009,80.22032,-5.834835,-0.68182,0.43141,84.29531,16.970805,-16.235276,3656.589474,103.01122,22.90168,-38.58218,231.73676,231.73676,-25.865378,2.584572,-10.12111,5.8141,-1.72509,50,4.82429,7.81436,-126.92047,-2.95406,-16.55971,25.23494,-22.66125,USA_TEA7,USA_DIR4,USABBCary1,USA Baseball,USA,20250610-USABBCary1-6,9c39c100-463f-11f0-b1ef-e7d42f54913a,87.37039,23.30441,NA,7.21632,NA,NA,NA,0.65582,1.79228,0.10586,94966c17-51d9-438d-8e8b-63130879b621,2025-06-10,21:12:25,2025-06-10T21:12:25Z,2025-06-10T21:12:25Z,LineDrive,v3,NA,NA,NA,"Holden, Will",NA,Right,USA_DIR4,c1453878-ff7c-4584-89ab-124534d55921,54.18691,-127.75021,12.61746,4.90917,-2.20894,-11.33062,-1.99098,8.35886,-8.27986,120.429446,0.65581,113.53442,-18.92048,3.64791,-0.73075,0.12976,-0.02066,0.00251,-1.5e-4,1.79229,36.08516,-16.11914,0.94287,-0.12997,0.02465,-0.0037,7.1e-4,-7e-5,0.10585,-33.05808,-4.67422,1.60163,-0.43413,0.09087,-0.01428,0.00139,-6e-5,NA,NA,NA,NA,NA,NA,NA,NA,NA,NA,NA,NA,NA,NA,NA,NA,NA,NA,NA,NA,NA,NA,High,High,High,High,High,NA,NA,NA,NA,NA,NA,NA,NA,NA,NA,NA,NA,NA,NA,NA,NA,NA,NA,NA,NA,NA,NA,NA,NA,NA,NA,NA,NA,NA,NA,NA,NA,NA,NA,NA,NA,NA,NA,NA,NA,NA,NA,NA,NA,NA,NA,NA,NA,NA,NA,NA,NA,NA,NA,NA,NA
NA,NA,NA,NA,NA,NA,NA,NA,NA,NA,NA,NA,NA,NA,NA,NA,55,2025-06-10,17:13:04,5,1,"Rumbley, Nick",1000423385,Right,USA_DIR4,"Francis, Desmond",10112464,Right,USA_TEA7,Undefined,2,Bottom,2,0,0,Undefined,Slider,StrikeCalled,Undefined,Undefined,Undefined,0,0,NA,79.668450000000007,1.447778,-3.526661,2114.978964,171.075791,11:45:00,4.72982,2.2187,6.07544,-34.45301,9.81867,-1.30547,3.20115,-1.15736,72.19229,-5.001034,-3.760837,0.478889,NA,NA,NA,NA,NA,NA,NA,NA,NA,NA,NA,-0.41571,5.08248,-1.94496,50,4.82402,7.16118,-115.39084,1.91097,-0.55501,23.44076,-25.38872,USA_TEA7,USA_DIR4,USABBCary1,USA Baseball,USA,20250610-USABBCary1-6,b3478c60-463f-11f0-b1ef-e7d42f54913a,78.70817,NA,NA,7.47616,NA,NA,NA,NA,NA,NA,94966c17-51d9-438d-8e8b-63130879b621,2025-06-10,21:13:04,2025-06-10T21:13:04Z,2025-06-10T21:13:04Z,NA,v3,NA,NA,NA,"Holden, Will",NA,Right,USA_DIR4,a4e7a97e-9f94-42d5-baea-7ea6b2bffd57,54.4195,-116.28516,11.72038,4.73263,2.87961,-12.69436,-2.21858,7.18235,-0.2775,NA,NA,NA,NA,NA,NA,NA,NA,NA,NA,NA,NA,NA,NA,NA,NA,NA,NA,NA,NA,NA,NA,NA,NA,NA,NA,NA,NA,NA,NA,NA,NA,NA,NA,NA,NA,NA,NA,NA,NA,NA,NA,NA,NA,NA,NA,NA,NA,NA,NA,High,High,High,NA,NA,NA,NA,NA,NA,NA,NA,NA,NA,NA,NA,NA,NA,NA,NA,NA,NA,NA,NA,NA,NA,NA,NA,NA,NA,NA,NA,NA,NA,NA,NA,NA,NA,NA,NA,NA,NA,NA,NA,NA,NA,NA,NA,NA,NA,NA,NA,NA,NA,NA,NA,NA,NA,NA,NA,NA,NA
NA,NA,NA,NA,NA,NA,NA,NA,NA,NA,NA,NA,NA,NA,NA,NA,56,2025-06-10,17:13:44,5,2,"Rumbley, Nick",1000423385,Right,USA_DIR4,"Francis, Desmond",10112464,Right,USA_TEA7,Undefined,2,Bottom,2,0,1,Undefined,Slider,FoulBallNotFieldable,Undefined,Undefined,Undefined,0,0,NA,78.64276,1.061173,-2.575047,2084.383114,132.752349,10:30:00,4.68527,2.29677,5.9901,-41.17703,4.39827,-3.05378,2.23842,-0.34578,71.32701,-6.588367,-3.123276,0.485888,65.49871,51.117185,135.388026,4443.431897,NA,NA,NA,NA,35.74804,NA,NA,0.76268,2.35071,-2.09194,50,4.74634,5.2402,-114.04106,0.87179,0.9911,23.56511,-29.11934,USA_TEA7,USA_DIR4,USABBCary1,USA Baseball,USA,20250610-USABBCary1-6,cb065840-463f-11f0-b1ef-e7d42f54913a,77.57434,39.41788,NA,7.31576,NA,NA,NA,2.36925,2.39872,0.31469,94966c17-51d9-438d-8e8b-63130879b621,2025-06-10,21:13:44,2025-06-10T21:13:44Z,2025-06-10T21:13:44Z,NA,v3,NA,NA,NA,"Holden, Will",NA,Right,USA_DIR4,e443fa28-dedd-4bc5-88c0-9a8b2c387a34,54.50807,-114.96882,11.78256,4.68945,2.01822,-14.55967,-2.29747,5.20118,0.49555,328.001258,2.36925,-42.92818,-2.54845,2.14147,-0.72865,0.20105,-0.05279,0.01407,-0.00275,2.39872,74.77972,-28.86066,3.7109,-0.69603,0.10238,-0.00735,-0.01075,0.00703,0.31469,42.35063,-8.23998,2.62268,-0.65397,0.14404,-0.02719,-0.00152,0.00363,NA,NA,NA,NA,NA,NA,NA,NA,NA,NA,NA,NA,NA,NA,NA,NA,NA,NA,NA,NA,NA,NA,High,High,High,High,Undefined,NA,NA,NA,NA,NA,NA,NA,NA,NA,NA,NA,NA,NA,NA,NA,NA,NA,NA,NA,NA,NA,NA,NA,NA,NA,NA,NA,NA,NA,NA,NA,NA,NA,NA,NA,NA,NA,NA,NA,NA,NA,NA,NA,NA,NA,NA,NA,NA,NA,NA,NA,NA,NA,NA,NA,NA
NA,NA,NA,NA,NA,NA,NA,NA,NA,NA,NA,NA,NA,NA,NA,NA,57,2025-06-10,17:14:23,5,3,"Rumbley, Nick",1000423385,Right,USA_DIR4,"Francis, Desmond",10112464,Right,USA_TEA7,Undefined,2,Bottom,2,0,2,Undefined,Slider,BallCalled,Undefined,Undefined,Undefined,0,0,NA,81.25281,-0.310014,-5.512729,2024.45475,153.624444,11:00:00,4.65716,2.08848,6.36069,-37.24309,4.51473,-1.61917,1.26694,-3.13552,74.91043,-7.204889,-5.803551,0.465093,NA,NA,NA,NA,NA,NA,NA,NA,NA,NA,NA,-0.65055,2.84051,-1.68764,50,4.61741,11.41225,-117.64434,-1.73538,-0.91419,21.74676,-28.18228,USA_TEA7,USA_DIR4,USABBCary1,USA Baseball,USA,20250610-USABBCary1-6,e21d4b60-463f-11f0-b1ef-e7d42f54913a,81.04272,NA,NA,6.34239,NA,NA,NA,NA,NA,NA,94966c17-51d9-438d-8e8b-63130879b621,2025-06-10,21:14:23,2025-06-10T21:14:23Z,2025-06-10T21:14:23Z,NA,v3,NA,NA,NA,"Holden, Will",NA,Right,USA_DIR4,0849f9e4-51e6-4ac7-8a62-c332083ffb5d,54.13815,-118.40681,10.87338,4.66094,-0.74727,-14.09114,-2.08834,11.4443,-0.4571,NA,NA,NA,NA,NA,NA,NA,NA,NA,NA,NA,NA,NA,NA,NA,NA,NA,NA,NA,NA,NA,NA,NA,NA,NA,NA,NA,NA,NA,NA,NA,NA,NA,NA,NA,NA,NA,NA,NA,NA,NA,NA,NA,NA,NA,NA,NA,NA,NA,NA,High,High,High,NA,NA,NA,NA,NA,NA,NA,NA,NA,NA,NA,NA,NA,NA,NA,NA,NA,NA,NA,NA,NA,NA,NA,NA,NA,NA,NA,NA,NA,NA,NA,NA,NA,NA,NA,NA,NA,NA,NA,NA,NA,NA,NA,NA,NA,NA,NA,NA,NA,NA,NA,NA,NA,NA,NA,NA,NA,NA
NA,NA,NA,NA,NA,NA,NA,NA,NA,NA,NA,NA,NA,NA,NA,NA,58,2025-06-10,17:14:41,5,4,"Rumbley, Nick",1000423385,Right,USA_DIR4,"Francis, Desmond",10112464,Right,USA_TEA7,Undefined,2,Bottom,2,1,2,Undefined,Sinker,BallCalled,Undefined,Undefined,Undefined,1,0,NA,90.14719,-2.739554,-5.187528,2076.089105,254.924981,02:30:00,5.03145,1.87843,6.49009,-27.07836,6.83591,21.23411,0.24763,-1.12748,82.44262,-7.806283,-1.34731,0.419143,NA,NA,NA,NA,NA,NA,NA,NA,NA,NA,NA,-12.59367,4.6989,-1.52244,50,4.82663,11.01324,-130.47791,-7.10967,-21.66436,27.99593,-24.09074,USA_TEA7,USA_DIR4,USABBCary1,USA Baseball,USA,20250610-USABBCary1-6,ecfa3570-463f-11f0-b1ef-e7d42f54913a,89.92731,NA,NA,7.70458,NA,NA,NA,NA,NA,NA,94966c17-51d9-438d-8e8b-63130879b621,2025-06-10,21:14:41,2025-06-10T21:14:41Z,2025-06-10T21:14:41Z,NA,v3,NA,NA,NA,"Holden, Will",NA,Right,USA_DIR4,fa697ce0-1ba7-4108-9c5d-91c150e29a82,54.01042,-131.33559,13.99797,5.03314,-6.37164,-12.04537,-1.87001,11.67694,-10.83218,NA,NA,NA,NA,NA,NA,NA,NA,NA,NA,NA,NA,NA,NA,NA,NA,NA,NA,NA,NA,NA,NA,NA,NA,NA,NA,NA,NA,84.55655,NA,NA,1.156714,NA,NA,NA,2.04859,6.09564,2.79025,127.27986,2.81451,-1.40291,2.19042,121.73439,-11.8674,6.08251,8.57666,-9.84948,2.73345,-7.70076,3.61154,High,High,High,NA,NA,High,High,High,NA,NA,NA,NA,NA,NA,NA,NA,NA,NA,NA,NA,NA,NA,NA,NA,NA,NA,NA,NA,NA,NA,NA,NA,NA,NA,NA,NA,NA,NA,NA,NA,NA,NA,NA,NA,NA,NA,NA,NA,NA,NA,NA,NA,NA,NA,NA,NA,NA,NA,NA,NA,NA
NA,NA,NA,NA,NA,NA,NA,NA,NA,NA,NA,NA,NA,NA,NA,NA,59,2025-06-10,17:16:29,1,1,"Benefield, Brodie",1000239356,Right,USA_TEA7,"Cross, Andrew",10171638,Right,USA_DIR4,Undefined,3,Top,0,0,0,Undefined,Four-Seam,StrikeCalled,Undefined,Undefined,Undefined,0,0,NA,86.44959,-1.667243,-4.257181,2211.074386,211.68583,01:00:00,5.70984,2.20639,6.09467,-17.81395,19.44871,11.26012,2.67854,-0.80017,78.94118,-5.067905,-2.236856,0.439348,NA,NA,NA,NA,NA,NA,NA,NA,NA,NA,NA,-6.9428,10.83205,-1.88357,50,5.57145,8.86496,-125.24019,-4.12909,-11.03358,25.15336,-14.95955,USA_TEA7,USA_DIR4,USABBCary1,USA Baseball,USA,20250610-USABBCary1-6,2d79e5a0-4640-11f0-b1ef-e7d42f54913a,85.79183,NA,NA,7.50841,NA,NA,NA,NA,NA,NA,94966c17-51d9-438d-8e8b-63130879b621,2025-06-10,21:16:29,2025-06-10T21:16:29Z,2025-06-10T21:16:29Z,NA,v3,NA,NA,NA,"Rogozinski, Benjamin",1000291537,Right,USA_TEA7,8b8c4bfa-fd70-4980-880d-2772f04b09aa,54.40239,-126.12127,12.57668,5.70691,-3.60508,-7.47978,-2.20086,9.25145,-5.51679,NA,NA,NA,NA,NA,NA,NA,NA,NA,NA,NA,NA,NA,NA,NA,NA,NA,NA,NA,NA,NA,NA,NA,NA,NA,NA,NA,NA,NA,NA,NA,NA,NA,NA,NA,NA,NA,NA,NA,NA,NA,NA,NA,NA,NA,NA,NA,NA,NA,NA,High,High,High,NA,NA,NA,NA,NA,NA,NA,NA,NA,NA,NA,NA,NA,NA,NA,NA,NA,NA,NA,NA,NA,NA,NA,NA,NA,NA,NA,NA,NA,NA,NA,NA,NA,NA,NA,NA,NA,NA,NA,NA,NA,NA,NA,NA,NA,NA,NA,NA,NA,NA,NA,NA,NA,NA,NA,NA,NA,NA
NA,NA,NA,NA,NA,NA,NA,NA,NA,NA,NA,NA,NA,NA,NA,NA,60,2025-06-10,17:16:40,1,2,"Benefield, Brodie",1000239356,Right,USA_TEA7,"Cross, Andrew",10171638,Right,USA_DIR4,Undefined,3,Top,0,0,1,Undefined,Sinker,BallCalled,Undefined,Undefined,Undefined,0,0,NA,86.75286,-2.241998,-4.796524,2215.903086,227.708847,01:30:00,5.86347,1.79777,6.0366,-22.55836,14.54662,14.67957,1.89927,-1.4307,79.43353,-6.476234,-2.166396,0.438417,NA,NA,NA,NA,NA,NA,NA,NA,NA,NA,NA,-8.82469,8.45756,-1.43034,50,5.6756,9.93875,-125.57224,-5.613,-14.11857,24.95367,-18.64285,USA_TEA7,USA_DIR4,USABBCary1,USA Baseball,USA,20250610-USABBCary1-6,33f1eef0-4640-11f0-b1ef-e7d42f54913a,85.97389,NA,NA,7.31932,NA,NA,NA,NA,NA,NA,94966c17-51d9-438d-8e8b-63130879b621,2025-06-10,21:16:40,2025-06-10T21:16:40Z,2025-06-10T21:16:40Z,NA,v3,NA,NA,NA,"Rogozinski, Benjamin",1000291537,Right,USA_TEA7,aa0b9587-db6c-42aa-87f1-3554e962a1a1,54.46158,-126.45574,12.47684,5.86264,-4.95294,-9.32142,-1.79107,10.43863,-7.05929,NA,NA,NA,NA,NA,NA,NA,NA,NA,NA,NA,NA,NA,NA,NA,NA,NA,NA,NA,NA,NA,NA,NA,NA,NA,NA,NA,NA,NA,NA,NA,NA,NA,NA,NA,NA,NA,NA,NA,NA,NA,NA,NA,NA,NA,NA,NA,NA,NA,NA,High,High,High,NA,NA,NA,NA,NA,NA,NA,NA,NA,NA,NA,NA,NA,NA,NA,NA,NA,NA,NA,NA,NA,NA,NA,NA,NA,NA,NA,NA,NA,NA,NA,NA,NA,NA,NA,NA,NA,NA,NA,NA,NA,NA,NA,NA,NA,NA,NA,NA,NA,NA,NA,NA,NA,NA,NA,NA,NA,NA
NA,NA,NA,NA,NA,NA,NA,NA,NA,NA,NA,NA,NA,NA,NA,NA,61,2025-06-10,17:16:52,1,3,"Benefield, Brodie",1000239356,Right,USA_TEA7,"Cross, Andrew",10171638,Right,USA_DIR4,Undefined,3,Top,0,1,1,Undefined,Changeup,StrikeSwinging,Undefined,Undefined,Undefined,0,0,NA,85.60849,-0.588878,-3.840922,2179.783511,227.662767,01:30:00,5.72081,2.03395,5.99801,-22.83773,15.20552,15.35847,3.27075,-0.25063,78.21444,-4.891657,-1.086584,0.443926,NA,NA,NA,NA,NA,NA,NA,NA,NA,NA,NA,-8.9065,8.33548,-1.73942,50,5.66176,7.71145,-124.14054,-1.95732,-13.9143,24.59006,-19.15189,USA_TEA7,USA_DIR4,USABBCary1,USA Baseball,USA,20250610-USABBCary1-6,3b3585a0-4640-11f0-b1ef-e7d42f54913a,84.90711,NA,NA,7.39405,NA,NA,NA,NA,NA,NA,94966c17-51d9-438d-8e8b-63130879b621,2025-06-10,21:16:52,2025-06-10T21:16:52Z,2025-06-10T21:16:52Z,NA,v3,NA,NA,NA,"Rogozinski, Benjamin",1000291537,Right,USA_TEA7,ffa5ac34-ca8a-460a-af4d-e1d3240be2e2,54.49999,-125.02873,12.29503,5.71997,-1.26556,-9.57594,-2.02703,8.21403,-6.95715,NA,NA,NA,NA,NA,NA,NA,NA,NA,NA,NA,NA,NA,NA,NA,NA,NA,NA,NA,NA,NA,NA,NA,NA,NA,NA,NA,NA,NA,NA,NA,NA,NA,NA,NA,NA,NA,NA,NA,NA,NA,NA,NA,NA,NA,NA,NA,NA,NA,NA,High,High,High,NA,NA,NA,NA,NA,NA,NA,NA,NA,NA,NA,NA,NA,NA,NA,NA,NA,NA,NA,NA,NA,NA,NA,NA,NA,NA,NA,NA,NA,NA,NA,NA,NA,NA,NA,NA,NA,NA,NA,NA,NA,NA,NA,NA,NA,NA,NA,NA,NA,NA,NA,NA,NA,NA,NA,NA,NA,NA
NA,NA,NA,NA,NA,NA,NA,NA,NA,NA,NA,NA,NA,NA,NA,NA,62,2025-06-10,17:17:06,1,4,"Benefield, Brodie",1000239356,Right,USA_TEA7,"Cross, Andrew",10171638,Right,USA_DIR4,Undefined,3,Top,0,1,2,Undefined,Sinker,StrikeSwinging,Strikeout,Undefined,Undefined,0,0,NA,87.38517,-1.437634,-3.24527,2207.281704,222.148281,01:30:00,5.85417,1.69915,5.93131,-20.50623,16.04225,13.47316,2.80907,-0.19225,79.97637,-5.303571,-0.829651,0.435117,NA,NA,NA,NA,NA,NA,NA,NA,NA,NA,NA,-7.76855,8.96217,-1.44722,50,5.72752,6.62895,-126.76329,-3.80337,-12.66566,25.42995,-17.56231,USA_TEA7,USA_DIR4,USABBCary1,USA Baseball,USA,20250610-USABBCary1-6,435d88e0-4640-11f0-b1ef-e7d42f54913a,86.62599,NA,NA,7.4088,NA,NA,NA,NA,NA,NA,94966c17-51d9-438d-8e8b-63130879b621,2025-06-10,21:17:06,2025-06-10T21:17:06Z,2025-06-10T21:17:06Z,NA,v3,NA,NA,NA,"Rogozinski, Benjamin",1000291537,Right,USA_TEA7,891dccf8-9202-4469-864d-e42e9b9e8c52,54.56688,-127.67617,12.71498,5.85273,-3.17292,-8.78116,-1.69335,7.08361,-6.33283,NA,NA,NA,NA,NA,NA,NA,NA,NA,NA,NA,NA,NA,NA,NA,NA,NA,NA,NA,NA,NA,NA,NA,NA,NA,NA,NA,NA,NA,NA,NA,NA,NA,NA,NA,NA,NA,NA,NA,NA,NA,NA,NA,NA,NA,NA,NA,NA,NA,NA,High,High,High,NA,NA,NA,NA,NA,NA,NA,NA,NA,NA,NA,NA,NA,NA,NA,NA,NA,NA,NA,NA,NA,NA,NA,NA,NA,NA,NA,NA,NA,NA,NA,NA,NA,NA,NA,NA,NA,NA,NA,NA,NA,NA,NA,NA,NA,NA,NA,NA,NA,NA,NA,NA,NA,NA,NA,NA,NA,NA
NA,NA,NA,NA,NA,NA,NA,NA,NA,NA,NA,NA,NA,NA,NA,NA,63,2025-06-10,17:17:27,2,1,"Benefield, Brodie",1000239356,Right,USA_TEA7,"Goff, Blake",1000324667,Right,USA_DIR4,Undefined,3,Top,1,0,0,Undefined,Sinker,StrikeCalled,Undefined,Undefined,Undefined,0,0,NA,87.57563,-1.565063,-4.435426,2208.562213,224.81751,01:30:00,5.79333,1.95498,6.18976,-21.07903,15.07265,13.82682,2.58705,-0.99613,80.08071,-5.54939,-1.949707,0.432749,NA,NA,NA,NA,NA,NA,NA,NA,NA,NA,NA,-8.32347,8.57382,-1.62663,50,5.66423,9.28157,-126.89323,-4.08814,-13.59069,25.61774,-18.17458,USA_TEA7,USA_DIR4,USABBCary1,USA Baseball,USA,20250610-USABBCary1-6,4fb29400-4640-11f0-b1ef-e7d42f54913a,87.10009,NA,NA,7.49492,NA,NA,NA,NA,NA,NA,94966c17-51d9-438d-8e8b-63130879b621,2025-06-10,21:17:27,2025-06-10T21:17:27Z,2025-06-10T21:17:27Z,NA,v3,NA,NA,NA,"Rogozinski, Benjamin",1000291537,Right,USA_TEA7,7b5ca40c-71fd-4500-97b1-dbee90a6e37e,54.30801,-127.75998,12.80887,5.79214,-3.47321,-9.08729,-1.94845,9.7414,-6.79534,NA,NA,NA,NA,NA,NA,NA,NA,NA,NA,NA,NA,NA,NA,NA,NA,NA,NA,NA,NA,NA,NA,NA,NA,NA,NA,NA,NA,NA,NA,NA,NA,NA,NA,NA,NA,NA,NA,NA,NA,NA,NA,NA,NA,NA,NA,NA,NA,NA,NA,High,High,High,NA,NA,NA,NA,NA,NA,NA,NA,NA,NA,NA,NA,NA,NA,NA,NA,NA,NA,NA,NA,NA,NA,NA,NA,NA,NA,NA,NA,NA,NA,NA,NA,NA,NA,NA,NA,NA,NA,NA,NA,NA,NA,NA,NA,NA,NA,NA,NA,NA,NA,NA,NA,NA,NA,NA,NA,NA,NA
NA,NA,NA,NA,NA,NA,NA,NA,NA,NA,NA,NA,NA,NA,NA,NA,64,2025-06-10,17:17:39,2,2,"Benefield, Brodie",1000239356,Right,USA_TEA7,"Goff, Blake",1000324667,Right,USA_DIR4,Undefined,3,Top,1,0,1,Undefined,Four-Seam,StrikeCalled,Undefined,Undefined,Undefined,0,0,NA,87.81934,-2.165658,-3.843021,2178.1081,213.765803,01:15:00,5.86082,1.85829,6.1137,-17.73989,18.3019,11.4606,2.37464,-0.74529,80.30111,-5.543262,-1.783773,0.43209,NA,NA,NA,NA,NA,NA,NA,NA,NA,NA,NA,-6.93233,10.3754,-1.56886,50,5.68484,8.07853,-127.27038,-5.31011,-11.38414,25.8226,-15.13573,USA_TEA7,USA_DIR4,USABBCary1,USA Baseball,USA,20250610-USABBCary1-6,56e5d700-4640-11f0-b1ef-e7d42f54913a,87.23277,NA,NA,7.51823,NA,NA,NA,NA,NA,NA,94966c17-51d9-438d-8e8b-63130879b621,2025-06-10,21:17:39,2025-06-10T21:17:39Z,2025-06-10T21:17:39Z,NA,v3,NA,NA,NA,"Rogozinski, Benjamin",1000291537,Right,USA_TEA7,d2bb10a7-a3c5-45de-9ff2-4daea3c61ed0,54.38368,-128.15672,12.9113,5.85819,-4.79058,-7.56786,-1.85285,8.46929,-5.69207,NA,NA,NA,NA,NA,NA,NA,NA,NA,NA,NA,NA,NA,NA,NA,NA,NA,NA,NA,NA,NA,NA,NA,NA,NA,NA,NA,NA,NA,NA,NA,NA,NA,NA,NA,NA,NA,NA,NA,NA,NA,NA,NA,NA,NA,NA,NA,NA,NA,NA,High,High,High,NA,NA,NA,NA,NA,NA,NA,NA,NA,NA,NA,NA,NA,NA,NA,NA,NA,NA,NA,NA,NA,NA,NA,NA,NA,NA,NA,NA,NA,NA,NA,NA,NA,NA,NA,NA,NA,NA,NA,NA,NA,NA,NA,NA,NA,NA,NA,NA,NA,NA,NA,NA,NA,NA,NA,NA,NA,NA
NA,NA,NA,NA,NA,NA,NA,NA,NA,NA,NA,NA,NA,NA,NA,NA,65,2025-06-10,17:17:55,2,3,"Benefield, Brodie",1000239356,Right,USA_TEA7,"Goff, Blake",1000324667,Right,USA_DIR4,Undefined,3,Top,1,0,2,Undefined,Four-Seam,StrikeSwinging,Strikeout,Undefined,Undefined,0,0,NA,87.80216,-0.922103,-2.673617,2248.875319,216.044886,01:15:00,5.97203,1.51412,6.02227,-18.54198,17.58044,11.94804,3.57181,0.03168,80.10607,-4.450307,-0.526682,0.432573,NA,NA,NA,NA,NA,NA,NA,NA,NA,NA,NA,-6.83559,9.62678,-1.31082,50,5.88953,5.44824,-127.41947,-2.57753,-11.23282,26.29188,-16.35451,USA_TEA7,USA_DIR4,USABBCary1,USA Baseball,USA,20250610-USABBCary1-6,60c8f7c0-4640-11f0-b1ef-e7d42f54913a,87.13538,NA,NA,7.69609,NA,NA,NA,NA,NA,NA,94966c17-51d9-438d-8e8b-63130879b621,2025-06-10,21:17:55,2025-06-10T21:17:55Z,2025-06-10T21:17:55Z,NA,v3,NA,NA,NA,"Rogozinski, Benjamin",1000291537,Right,USA_TEA7,6370112b-cd62-4cfb-80b6-aaee2e43491c,54.47438,-128.3394,13.14594,5.9697,-2.0053,-8.17725,-1.50833,5.84127,-5.61641,NA,NA,NA,NA,NA,NA,NA,NA,NA,NA,NA,NA,NA,NA,NA,NA,NA,NA,NA,NA,NA,NA,NA,NA,NA,NA,NA,NA,73.80862,NA,NA,0.902441,NA,NA,NA,3.64293,5.55296,5.38302,69.7922,6.41087,-54.98917,3.65311,76.11435,-3.13212,5.5701,12.80828,-13.16282,5.32314,-74.89713,8.94509,High,High,High,NA,NA,High,High,High,NA,NA,NA,NA,NA,NA,NA,NA,NA,NA,NA,NA,NA,NA,NA,NA,NA,NA,NA,NA,NA,NA,NA,NA,NA,NA,NA,NA,NA,NA,NA,NA,NA,NA,NA,NA,NA,NA,NA,NA,NA,NA,NA,NA,NA,NA,NA,NA,NA,NA,NA,NA,NA
NA,NA,NA,NA,NA,NA,NA,NA,NA,NA,NA,NA,NA,NA,NA,NA,66,2025-06-10,17:18:25,3,1,"Benefield, Brodie",1000239356,Right,USA_TEA7,"Waller, Hayden",10156075,Left,USA_DIR4,Undefined,3,Top,2,0,0,Undefined,Four-Seam,BallCalled,Undefined,Undefined,Undefined,0,0,NA,88.80761,-0.515302,-3.43753,2236.052203,219.881642,01:15:00,5.61781,2.12871,6.11998,-17.48804,17.71147,13.85639,3.6832,0.1016,80.96621,-3.857784,-0.945938,0.427012,NA,NA,NA,NA,NA,NA,NA,NA,NA,NA,NA,-8.06256,9.60603,-1.87203,50,5.56897,7.16203,-128.84015,-1.64348,-13.5492,26.82629,-16.03107,USA_TEA7,USA_DIR4,USABBCary1,USA Baseball,USA,20250610-USABBCary1-6,728119c0-4640-11f0-b1ef-e7d42f54913a,88.27026,NA,NA,7.84141,NA,NA,NA,NA,NA,NA,94966c17-51d9-438d-8e8b-63130879b621,2025-06-10,21:18:25,2025-06-10T21:18:25Z,2025-06-10T21:18:25Z,NA,v3,NA,NA,NA,"Rogozinski, Benjamin",1000291537,Right,USA_TEA7,04549b90-4288-4c77-85fb-9fda51b3109b,54.37755,-129.74841,13.41315,5.61542,-1.10071,-8.01554,-2.12228,7.62076,-6.7746,NA,NA,NA,NA,NA,NA,NA,NA,NA,NA,NA,NA,NA,NA,NA,NA,NA,NA,NA,NA,NA,NA,NA,NA,NA,NA,NA,NA,NA,NA,NA,NA,NA,NA,NA,NA,NA,NA,NA,NA,NA,NA,NA,NA,NA,NA,NA,NA,NA,NA,High,High,High,NA,NA,NA,NA,NA,NA,NA,NA,NA,NA,NA,NA,NA,NA,NA,NA,NA,NA,NA,NA,NA,NA,NA,NA,NA,NA,NA,NA,NA,NA,NA,NA,NA,NA,NA,NA,NA,NA,NA,NA,NA,NA,NA,NA,NA,NA,NA,NA,NA,NA,NA,NA,NA,NA,NA,NA,NA,NA
NA,NA,NA,NA,NA,NA,NA,NA,NA,NA,NA,NA,NA,NA,NA,NA,67,2025-06-10,17:18:36,3,2,"Benefield, Brodie",1000239356,Right,USA_TEA7,"Waller, Hayden",10156075,Left,USA_DIR4,Undefined,3,Top,2,1,0,Undefined,Four-Seam,BallCalled,Undefined,Undefined,Undefined,0,0,NA,88.54184,-4.121204,-5.712904,2216.510575,221.824807,01:30:00,5.58349,1.75116,6.24126,-19.73635,15.76733,13.0889,0.1119,-2.44511,81.30333,-7.835044,-3.364758,0.428853,NA,NA,NA,NA,NA,NA,NA,NA,NA,NA,NA,-8.50087,9.69241,-1.33137,50,5.26487,12.30421,-127.86427,-9.83233,-14.10398,25.82966,-16.09322,USA_TEA7,USA_DIR4,USABBCary1,USA Baseball,USA,20250610-USABBCary1-6,78f811a0-4640-11f0-b1ef-e7d42f54913a,87.89137,NA,NA,7.23851,NA,NA,NA,NA,NA,NA,94966c17-51d9-438d-8e8b-63130879b621,2025-06-10,21:18:36,2025-06-10T21:18:36Z,2025-06-10T21:18:36Z,NA,v3,NA,NA,NA,"Rogozinski, Benjamin",1000291537,Right,USA_TEA7,db5d308f-bd0f-4bc2-a912-bfecc9ff3348,54.26081,-128.72211,12.91483,5.58254,-9.29785,-8.04661,-1.74779,12.77263,-7.05199,NA,NA,NA,NA,NA,NA,NA,NA,NA,NA,NA,NA,NA,NA,NA,NA,NA,NA,NA,NA,NA,NA,NA,NA,NA,NA,NA,NA,NA,NA,NA,NA,NA,NA,NA,NA,NA,NA,NA,NA,NA,NA,NA,NA,NA,NA,NA,NA,NA,NA,High,High,High,NA,NA,NA,NA,NA,NA,NA,NA,NA,NA,NA,NA,NA,NA,NA,NA,NA,NA,NA,NA,NA,NA,NA,NA,NA,NA,NA,NA,NA,NA,NA,NA,NA,NA,NA,NA,NA,NA,NA,NA,NA,NA,NA,NA,NA,NA,NA,NA,NA,NA,NA,NA,NA,NA,NA,NA,NA,NA
NA,NA,NA,NA,NA,NA,NA,NA,NA,NA,NA,NA,NA,NA,NA,NA,68,2025-06-10,17:18:53,3,3,"Benefield, Brodie",1000239356,Right,USA_TEA7,"Waller, Hayden",10156075,Left,USA_DIR4,Undefined,3,Top,2,2,0,Undefined,Sinker,BallCalled,Undefined,Undefined,Undefined,0,0,NA,88.53694,-3.029416,-3.94613,2161.705403,228.995348,01:45:00,5.6872,2.02264,6.08931,-20.86726,15.54253,16.2058,1.13667,-0.28297,79.18963,-7.009402,-1.033402,0.434291,NA,NA,NA,NA,NA,NA,NA,NA,NA,NA,NA,-9.61205,9.45469,-1.72574,50,5.44198,8.12303,-127.88605,-7.3845,-15.54192,32.1887,-16.88656,USA_TEA7,USA_DIR4,USABBCary1,USA Baseball,USA,20250610-USABBCary1-6,833168b0-4640-11f0-b1ef-e7d42f54913a,86.79084,NA,NA,9.34731,NA,NA,NA,NA,NA,NA,94966c17-51d9-438d-8e8b-63130879b621,2025-06-10,21:18:53,2025-06-10T21:18:53Z,2025-06-10T21:18:53Z,NA,v3,NA,NA,NA,"Rogozinski, Benjamin",1000291537,Right,USA_TEA7,2d7235c2-89ed-4bfe-b142-02af84e82a9e,54.40426,-128.98983,16.09435,5.68528,-6.8054500000000004,-8.44328,-2.01343,8.65597,-7.77096,NA,NA,NA,NA,NA,NA,NA,NA,NA,NA,NA,NA,NA,NA,NA,NA,NA,NA,NA,NA,NA,NA,NA,NA,NA,NA,NA,NA,NA,NA,NA,NA,NA,NA,NA,NA,NA,NA,NA,NA,NA,NA,NA,NA,NA,NA,NA,NA,NA,NA,High,High,High,NA,NA,NA,NA,NA,NA,NA,NA,NA,NA,NA,NA,NA,NA,NA,NA,NA,NA,NA,NA,NA,NA,NA,NA,NA,NA,NA,NA,NA,NA,NA,NA,NA,NA,NA,NA,NA,NA,NA,NA,NA,NA,NA,NA,NA,NA,NA,NA,NA,NA,NA,NA,NA,NA,NA,NA,NA,NA
NA,NA,NA,NA,NA,NA,NA,NA,NA,NA,NA,NA,NA,NA,NA,NA,69,2025-06-10,17:19:08,3,4,"Benefield, Brodie",1000239356,Right,USA_TEA7,"Waller, Hayden",10156075,Left,USA_DIR4,Undefined,3,Top,2,3,0,Undefined,Sinker,BallCalled,Walk,Undefined,Undefined,0,0,NA,86.27747,-3.051144,-4.28088,2113.897996,229.234629,01:45:00,5.73216,2.09602,5.93544,-22.87489,15.6415,16.38375,0.9847,-0.51753,77.37134,-7.383436,-1.346345,0.446678,NA,NA,NA,NA,NA,NA,NA,NA,NA,NA,NA,-9.73146,9.46729,-1.76248,50,5.47513,8.62222,-124.55655,-7.33193,-14.96649,29.9241,-17.61387,USA_TEA7,USA_DIR4,USABBCary1,USA Baseball,USA,20250610-USABBCary1-6,8c276a50-4640-11f0-b1ef-e7d42f54913a,84.38399,NA,NA,8.90613,NA,NA,NA,NA,NA,NA,94966c17-51d9-438d-8e8b-63130879b621,2025-06-10,21:19:08,2025-06-10T21:19:08Z,2025-06-10T21:19:08Z,NA,v3,NA,NA,NA,"Rogozinski, Benjamin",1000291537,Right,USA_TEA7,089b6ae4-4f96-46ac-a4b0-8d9e19afd750,54.55814,-125.64685,14.96205,5.73058,-6.69015,-8.80694,-2.08657,9.16753,-7.48325,NA,NA,NA,NA,NA,NA,NA,NA,NA,NA,NA,NA,NA,NA,NA,NA,NA,NA,NA,NA,NA,NA,NA,NA,NA,NA,NA,NA,NA,NA,NA,NA,NA,NA,NA,NA,NA,NA,NA,NA,NA,NA,NA,NA,NA,NA,NA,NA,NA,NA,High,High,High,NA,NA,NA,NA,NA,NA,NA,NA,NA,NA,NA,NA,NA,NA,NA,NA,NA,NA,NA,NA,NA,NA,NA,NA,NA,NA,NA,NA,NA,NA,NA,NA,NA,NA,NA,NA,NA,NA,NA,NA,NA,NA,NA,NA,NA,NA,NA,NA,NA,NA,NA,NA,NA,NA,NA,NA,NA,NA
NA,NA,NA,NA,NA,NA,NA,NA,NA,NA,NA,NA,NA,NA,NA,NA,70,2025-06-10,17:19:40,4,1,"Benefield, Brodie",1000239356,Right,USA_TEA7,"James, Bryant",10171420,Left,USA_DIR4,Undefined,3,Top,2,0,0,Undefined,Changeup,StrikeSwinging,Undefined,Undefined,Undefined,0,0,NA,85.4802,-1.538891,-3.935687,2067.68515,226.692522,01:30:00,5.89277,1.7278,6.35755,-23.16592,14.66643,14.22009,2.54226,-0.71512,77.88609,-5.929458,-1.367948,0.442693,NA,NA,NA,NA,NA,NA,NA,NA,NA,NA,NA,-8.49937,8.45894,-1.44838,50,5.77009,7.97336,-123.91382,-3.97944,-13.16366,25.65801,-19.073,USA_TEA7,USA_DIR4,USABBCary1,USA Baseball,USA,20250610-USABBCary1-6,9f0d5df0-4640-11f0-b1ef-e7d42f54913a,85.14344,NA,NA,7.59411,NA,NA,NA,NA,NA,NA,94966c17-51d9-438d-8e8b-63130879b621,2025-06-10,21:19:40,2025-06-10T21:19:40Z,2025-06-10T21:19:40Z,NA,v3,NA,NA,NA,"Rogozinski, Benjamin",1000291537,Right,USA_TEA7,acc327fc-0d0d-4026-bde5-1b9c6bcb630d,54.13979,-124.76807,12.82901,5.89201,-3.34442,-9.5365,-1.72114,8.41163,-6.58183,NA,NA,NA,NA,NA,NA,NA,NA,NA,NA,NA,NA,NA,NA,NA,NA,NA,NA,NA,NA,NA,NA,NA,NA,NA,NA,NA,NA,NA,NA,NA,NA,NA,NA,NA,NA,NA,NA,NA,NA,NA,NA,NA,NA,NA,NA,NA,NA,NA,NA,High,High,High,NA,NA,NA,NA,NA,NA,NA,NA,NA,NA,NA,NA,NA,NA,NA,NA,NA,NA,NA,NA,NA,NA,NA,NA,NA,NA,NA,NA,NA,NA,NA,NA,NA,NA,NA,NA,NA,NA,NA,NA,NA,NA,NA,NA,NA,NA,NA,NA,NA,NA,NA,NA,NA,NA,NA,NA,NA,NA
NA,NA,NA,NA,NA,NA,NA,NA,NA,NA,NA,NA,NA,NA,NA,NA,71,2025-06-10,17:19:58,4,2,"Benefield, Brodie",1000239356,Right,USA_TEA7,"James, Bryant",10171420,Left,USA_DIR4,Undefined,3,Top,2,0,1,Undefined,Changeup,BallCalled,Undefined,Undefined,Undefined,0,0,NA,83.66508,-2.312631,-3.876748,2081.30862,226.39502,01:30:00,5.85437,1.63057,6.13828,-24.99761,14.72131,14.09981,1.62788,-0.78273,76.61656,-7.004622,-1.34012,0.453597,NA,NA,NA,NA,NA,NA,NA,NA,NA,NA,NA,-8.34619,8.6439800000000009,-1.34157,50,5.66457,7.67263,-121.24187,-5.62879,-12.42152,23.73314,-19.30932,USA_TEA7,USA_DIR4,USABBCary1,USA Baseball,USA,20250610-USABBCary1-6,aa045fb0-4640-11f0-b1ef-e7d42f54913a,83.09673,NA,NA,7.04852,NA,NA,NA,NA,NA,NA,94966c17-51d9-438d-8e8b-63130879b621,2025-06-10,21:19:58,2025-06-10T21:19:58Z,2025-06-10T21:19:58Z,NA,v3,NA,NA,NA,"Rogozinski, Benjamin",1000291537,Right,USA_TEA7,ca471441-f714-46b9-86dd-710a0df50811,54.35988,-122.09233,11.86657,5.85388,-4.93685,-9.65466,-1.62449,8.11775,-6.21076,NA,NA,NA,NA,NA,NA,NA,NA,NA,NA,NA,NA,NA,NA,NA,NA,NA,NA,NA,NA,NA,NA,NA,NA,NA,NA,NA,NA,NA,NA,NA,NA,NA,NA,NA,NA,NA,NA,NA,NA,NA,NA,NA,NA,NA,NA,NA,NA,NA,NA,High,High,High,NA,NA,NA,NA,NA,NA,NA,NA,NA,NA,NA,NA,NA,NA,NA,NA,NA,NA,NA,NA,NA,NA,NA,NA,NA,NA,NA,NA,NA,NA,NA,NA,NA,NA,NA,NA,NA,NA,NA,NA,NA,NA,NA,NA,NA,NA,NA,NA,NA,NA,NA,NA,NA,NA,NA,NA,NA,NA
NA,NA,NA,NA,NA,NA,NA,NA,NA,NA,NA,NA,NA,NA,NA,NA,72,2025-06-10,17:20:14,4,3,"Benefield, Brodie",1000239356,Right,USA_TEA7,"James, Bryant",10171420,Left,USA_DIR4,Undefined,3,Top,2,1,1,Undefined,Changeup,InPlay,Undefined,GroundBall,Out,1,0,NA,85.77354,-0.468234,-2.399104,2078.283869,234.874002,01:45:00,5.71244,2.01222,5.90915,-25.45368,12.68324,16.22851,3.15631,1.1365,78.0534,-5.244331,0.513066,0.444472,72.63625,-6.100299,-21.414706,NA,NA,NA,NA,25.51763,25.00103,-20.075152,0.229996,-9.07107,7.0089,-1.82915,50,5.66037,4.5665,-124.49643,-1.81235,-14.15529,26.33011,-21.23677,USA_TEA7,USA_DIR4,USABBCary1,USA Baseball,USA,20250610-USABBCary1-6,b3496bb0-4640-11f0-b1ef-e7d42f54913a,84.80278,3.271,NA,7.72014,NA,NA,NA,1.81583,3.271,-0.46014,94966c17-51d9-438d-8e8b-63130879b621,2025-06-10,21:20:14,2025-06-10T21:20:14Z,2025-06-10T21:20:14Z,GroundBall,v3,NA,NA,NA,"Rogozinski, Benjamin",1000291537,Right,USA_TEA7,15aecccd-6e60-440a-b99b-64252982262a,54.59013,-125.46346,13.16506,5.71261,-1.03239,-10.61839,-2.00641,5.08638,-7.07764,254.805744,1.81652,98.577,-9.87349,NA,NA,NA,NA,NA,NA,3.27139,-11.34396,-12.52929,NA,NA,NA,NA,NA,NA,-0.46134,-38.60736,11.02261,NA,NA,NA,NA,NA,NA,NA,NA,NA,NA,NA,NA,NA,NA,NA,NA,NA,NA,NA,NA,NA,NA,NA,NA,NA,NA,NA,NA,High,High,High,High,High,NA,NA,NA,NA,NA,NA,NA,NA,NA,NA,NA,NA,NA,NA,NA,NA,NA,NA,NA,NA,NA,NA,NA,NA,NA,NA,NA,NA,NA,NA,NA,NA,NA,NA,NA,NA,NA,NA,NA,NA,NA,NA,NA,NA,NA,NA,NA,NA,NA,NA,NA,NA,NA,NA,NA,NA
NA,NA,NA,NA,NA,NA,NA,NA,NA,NA,NA,NA,NA,NA,NA,NA,73,2025-06-10,17:22:09,1,1,"Rumbley, Nick",1000423385,Right,USA_DIR4,"Francis, Desmond",10112464,Right,USA_TEA7,Undefined,3,Bottom,0,0,0,Undefined,Slider,BallCalled,Undefined,Undefined,Undefined,0,0,NA,78.50373,0.551286,-3.861243,2091.564509,158.348418,11:15:00,4.79052,2.0166,5.81126,-39.63545,6.55693,-1.96225,2.00138,-1.74288,71.18133,-6.789052,-4.211518,0.489167,NA,NA,NA,NA,NA,NA,NA,NA,NA,NA,NA,-0.22366,3.68229,-1.69857,50,4.81267,7.7446,-113.62374,-0.13309000000000001,-0.28869,23.27684,-27.42106,USA_TEA7,USA_DIR4,USABBCary1,USA Baseball,USA,20250610-USABBCary1-6,f7ee3480-4640-11f0-b1ef-e7d42f54913a,77.05441,NA,NA,7.3224,NA,NA,NA,NA,NA,NA,94966c17-51d9-438d-8e8b-63130879b621,2025-06-10,21:22:09,2025-06-10T21:22:09Z,2025-06-10T21:22:09Z,NA,v3,NA,NA,NA,"Holden, Will",NA,Right,USA_DIR4,06800d8a-0a36-4793-a016-deddd3ca5d2b,54.68395,-114.57928,11.63842,4.79503,0.99257,-13.71053,-2.01673,7.75645,-0.14434,NA,NA,NA,NA,NA,NA,NA,NA,NA,NA,NA,NA,NA,NA,NA,NA,NA,NA,NA,NA,NA,NA,NA,NA,NA,NA,NA,NA,NA,NA,NA,NA,NA,NA,NA,NA,NA,NA,NA,NA,NA,NA,NA,NA,NA,NA,NA,NA,NA,NA,High,High,High,NA,NA,NA,NA,NA,NA,NA,NA,NA,NA,NA,NA,NA,NA,NA,NA,NA,NA,NA,NA,NA,NA,NA,NA,NA,NA,NA,NA,NA,NA,NA,NA,NA,NA,NA,NA,NA,NA,NA,NA,NA,NA,NA,NA,NA,NA,NA,NA,NA,NA,NA,NA,NA,NA,NA,NA,NA,NA
NA,NA,NA,NA,NA,NA,NA,NA,NA,NA,NA,NA,NA,NA,NA,NA,74,2025-06-10,17:22:19,1,2,"Rumbley, Nick",1000423385,Right,USA_DIR4,"Francis, Desmond",10112464,Right,USA_TEA7,Undefined,3,Bottom,0,1,0,Undefined,Sinker,StrikeCalled,Undefined,Undefined,Undefined,0,0,NA,88.09485,0.172709,-3.362585,2079.693854,247.336686,02:15:00,5.18224,1.9836,6.22695,-26.55777,9.32083,19.38355,3.12872,0.4929,79.80934,-4.82917,0.132685,0.431111,NA,NA,NA,NA,NA,NA,NA,NA,NA,NA,NA,-10.99536,5.14693,-1.74109,50,5.1821,6.71264,-127.77987,-0.44155,-18.0211,28.46697,-23.73836,USA_TEA7,USA_DIR4,USABBCary1,USA Baseball,USA,20250610-USABBCary1-6,fe3ff120-4640-11f0-b1ef-e7d42f54913a,87.43094,NA,NA,8.28551,NA,NA,NA,NA,NA,NA,94966c17-51d9-438d-8e8b-63130879b621,2025-06-10,21:22:19,2025-06-10T21:22:19Z,2025-06-10T21:22:19Z,NA,v3,NA,NA,NA,"Holden, Will",NA,Right,USA_DIR4,3919fc31-b5c1-4431-b5f5-f4bd4a6a4536,54.27094,-128.72784,14.23349,5.18364,0.34896,-11.86918,-1.97462,7.31275,-9.01055,NA,NA,NA,NA,NA,NA,NA,NA,NA,NA,NA,NA,NA,NA,NA,NA,NA,NA,NA,NA,NA,NA,NA,NA,NA,NA,NA,NA,NA,NA,NA,NA,NA,NA,NA,NA,NA,NA,NA,NA,NA,NA,NA,NA,NA,NA,NA,NA,NA,NA,High,High,High,NA,NA,NA,NA,NA,NA,NA,NA,NA,NA,NA,NA,NA,NA,NA,NA,NA,NA,NA,NA,NA,NA,NA,NA,NA,NA,NA,NA,NA,NA,NA,NA,NA,NA,NA,NA,NA,NA,NA,NA,NA,NA,NA,NA,NA,NA,NA,NA,NA,NA,NA,NA,NA,NA,NA,NA,NA,NA
NA,NA,NA,NA,NA,NA,NA,NA,NA,NA,NA,NA,NA,NA,NA,NA,75,2025-06-10,17:22:31,1,3,"Rumbley, Nick",1000423385,Right,USA_DIR4,"Francis, Desmond",10112464,Right,USA_TEA7,Undefined,3,Bottom,0,1,1,Undefined,Sinker,BallCalled,Undefined,Undefined,Undefined,0,0,NA,87.49931,-0.506815,-2.581246,2064.599835,246.244489,02:15:00,4.97112,1.89331,6.21206,-26.89612,9.44697,18.6497,2.26156,1.06363,79.41866,-5.5647,0.785197,0.433893,NA,NA,NA,NA,NA,NA,NA,NA,NA,NA,NA,-10.4052,5.42004,-1.70852,50,4.91975,4.97115,-127.00081,-1.95965,-16.84379,28.16023,-23.40016,USA_TEA7,USA_DIR4,USABBCary1,USA Baseball,USA,20250610-USABBCary1-6,051c6190-4641-11f0-b1ef-e7d42f54913a,86.87041,NA,NA,8.08065,NA,NA,NA,NA,NA,NA,94966c17-51d9-438d-8e8b-63130879b621,2025-06-10,21:22:31,2025-06-10T21:22:31Z,2025-06-10T21:22:31Z,NA,v3,NA,NA,NA,"Holden, Will",NA,Right,USA_DIR4,817e3fd0-1ce2-49dc-8c5e-c762b8866edb,54.28607,-127.94764,14.08011,4.97241,-1.17287,-11.70008,-1.88519,5.53749,-8.4219,NA,NA,NA,NA,NA,NA,NA,NA,NA,NA,NA,NA,NA,NA,NA,NA,NA,NA,NA,NA,NA,NA,NA,NA,NA,NA,NA,NA,NA,NA,NA,NA,NA,NA,NA,NA,NA,NA,NA,NA,NA,NA,NA,NA,NA,NA,NA,NA,NA,NA,High,High,High,NA,NA,NA,NA,NA,NA,NA,NA,NA,NA,NA,NA,NA,NA,NA,NA,NA,NA,NA,NA,NA,NA,NA,NA,NA,NA,NA,NA,NA,NA,NA,NA,NA,NA,NA,NA,NA,NA,NA,NA,NA,NA,NA,NA,NA,NA,NA,NA,NA,NA,NA,NA,NA,NA,NA,NA,NA,NA
NA,NA,NA,NA,NA,NA,NA,NA,NA,NA,NA,NA,NA,NA,NA,NA,76,2025-06-10,17:22:44,1,4,"Rumbley, Nick",1000423385,Right,USA_DIR4,"Francis, Desmond",10112464,Right,USA_TEA7,Undefined,3,Bottom,0,2,1,Undefined,Slider,StrikeSwinging,Undefined,Undefined,Undefined,0,0,NA,79.59426,1.105652,-2.5587,2071.122314,174.190296,11:45:00,4.79313,2.09829,5.85436,-39.23538,5.20756,-0.38169,2.55197,-0.31248,72.54702,-6.160284,-2.627053,0.479814,NA,NA,NA,NA,NA,NA,NA,NA,NA,NA,NA,-0.55823,2.8011,-1.89017,50,4.86035,5.17333,-115.43715,0.99493,-0.74915,22.58876,-28.41504,USA_TEA7,USA_DIR4,USABBCary1,USA Baseball,USA,20250610-USABBCary1-6,0c91ddb0-4641-11f0-b1ef-e7d42f54913a,78.55636,NA,NA,7.04724,NA,NA,NA,NA,NA,NA,94966c17-51d9-438d-8e8b-63130879b621,2025-06-10,21:22:44,2025-06-10T21:22:44Z,2025-06-10T21:22:44Z,NA,v3,NA,NA,NA,"Holden, Will",NA,Right,USA_DIR4,6bd3e71a-42b7-4075-9b24-d0c1e6d89274,54.64239,-116.34202,11.29438,4.7977,2.1332,-14.20752,-2.09801,5.20334,-0.37458,NA,NA,NA,NA,NA,NA,NA,NA,NA,NA,NA,NA,NA,NA,NA,NA,NA,NA,NA,NA,NA,NA,NA,NA,NA,NA,NA,NA,NA,NA,NA,NA,NA,NA,NA,NA,NA,NA,NA,NA,NA,NA,NA,NA,NA,NA,NA,NA,NA,NA,High,High,High,NA,NA,NA,NA,NA,NA,NA,NA,NA,NA,NA,NA,NA,NA,NA,NA,NA,NA,NA,NA,NA,NA,NA,NA,NA,NA,NA,NA,NA,NA,NA,NA,NA,NA,NA,NA,NA,NA,NA,NA,NA,NA,NA,NA,NA,NA,NA,NA,NA,NA,NA,NA,NA,NA,NA,NA,NA,NA
NA,NA,NA,NA,NA,NA,NA,NA,NA,NA,NA,NA,NA,NA,NA,NA,77,2025-06-10,17:22:57,1,5,"Rumbley, Nick",1000423385,Right,USA_DIR4,"Francis, Desmond",10112464,Right,USA_TEA7,Undefined,3,Bottom,0,2,2,Undefined,Sinker,StrikeCalled,Strikeout,Undefined,Undefined,0,0,NA,88.43135,-0.449002,-2.575569,2008.732791,241.043187,02:00:00,5.27557,1.72738,6.17733,-24.76537,10.88619,17.4645,2.79671,0.80262,80.15849,-5.120123,0.574035,0.429745,NA,NA,NA,NA,NA,NA,NA,NA,NA,NA,NA,-9.75544,6.13276,-1.54092,50,5.22912,5.04836,-128.32423,-1.7733,-16.11722,28.83498,-22.04194,USA_TEA7,USA_DIR4,USABBCary1,USA Baseball,USA,20250610-USABBCary1-6,14bc2ae0-4641-11f0-b1ef-e7d42f54913a,87.70887,NA,NA,8.27286,NA,NA,NA,NA,NA,NA,94966c17-51d9-438d-8e8b-63130879b621,2025-06-10,21:22:57,2025-06-10T21:22:57Z,2025-06-10T21:22:57Z,NA,v3,NA,NA,NA,"Holden, Will",NA,Right,USA_DIR4,f793f21d-e234-4cb3-a324-d760896538a8,54.31994,-129.2913,14.41749,5.27619,-1.03406,-11.02097,-1.71929,5.58889,-8.05861,NA,NA,NA,NA,NA,NA,NA,NA,NA,NA,NA,NA,NA,NA,NA,NA,NA,NA,NA,NA,NA,NA,NA,NA,NA,NA,NA,NA,76.87241,NA,NA,0.830371,NA,NA,NA,1.15829,5.34576,-4.80121,66.6231,6.99199,-58.15944,1.19286,83.5095,-5.65685,5.36305,12.31741,-12.46062,-4.89813,-72.87377,10.46426,High,High,High,NA,NA,High,High,High,NA,NA,NA,NA,NA,NA,NA,NA,NA,NA,NA,NA,NA,NA,NA,NA,NA,NA,NA,NA,NA,NA,NA,NA,NA,NA,NA,NA,NA,NA,NA,NA,NA,NA,NA,NA,NA,NA,NA,NA,NA,NA,NA,NA,NA,NA,NA,NA,NA,NA,NA,NA,NA
NA,NA,NA,NA,NA,NA,NA,NA,NA,NA,NA,NA,NA,NA,NA,NA,78,2025-06-10,17:23:26,2,1,"Rumbley, Nick",1000423385,Right,USA_DIR4,"Begley, Tegan",10089773,Right,USA_TEA7,Undefined,3,Bottom,1,0,0,Undefined,Slider,StrikeCalled,Undefined,Undefined,Undefined,0,0,NA,78.95029,1.89114,-1.863348,2159.706321,170.435365,11:45:00,4.71836,2.05329,5.84194,-39.95569,5.36221,-0.64673,3.14782,0.26708,71.64418,-5.525233,-1.979184,0.484514,NA,NA,NA,NA,NA,NA,NA,NA,NA,NA,NA,-0.23606,2.65465,-1.90116,50,4.84936,3.74912,-114.47075,2.53199,-0.31058,22.79726,-28.68141,USA_TEA7,USA_DIR4,USABBCary1,USA Baseball,USA,20250610-USABBCary1-6,25ca2a30-4641-11f0-b1ef-e7d42f54913a,77.79432,NA,NA,7.30612,NA,NA,NA,NA,NA,NA,94966c17-51d9-438d-8e8b-63130879b621,2025-06-10,21:23:26,2025-06-10T21:23:26Z,2025-06-10T21:23:26Z,NA,v3,NA,NA,NA,"Holden, Will",NA,Right,USA_DIR4,f118f71b-257e-48d7-b7d5-26ed78428ce0,54.654,-115.39389,11.39863,4.72332,3.69341,-14.34071,-2.05323,3.7617,-0.15529,NA,NA,NA,NA,NA,NA,NA,NA,NA,NA,NA,NA,NA,NA,NA,NA,NA,NA,NA,NA,NA,NA,NA,NA,NA,NA,NA,NA,NA,NA,NA,NA,NA,NA,NA,NA,NA,NA,NA,NA,NA,NA,NA,NA,NA,NA,NA,NA,NA,NA,High,High,High,NA,NA,NA,NA,NA,NA,NA,NA,NA,NA,NA,NA,NA,NA,NA,NA,NA,NA,NA,NA,NA,NA,NA,NA,NA,NA,NA,NA,NA,NA,NA,NA,NA,NA,NA,NA,NA,NA,NA,NA,NA,NA,NA,NA,NA,NA,NA,NA,NA,NA,NA,NA,NA,NA,NA,NA,NA,NA
NA,NA,NA,NA,NA,NA,NA,NA,NA,NA,NA,NA,NA,NA,NA,NA,79,2025-06-10,17:23:36,2,2,"Rumbley, Nick",1000423385,Right,USA_DIR4,"Begley, Tegan",10089773,Right,USA_TEA7,Undefined,3,Bottom,1,0,1,Undefined,Slider,InPlay,Undefined,Popup,Out,1,0,NA,79.00528,1.614761,-3.060689,2146.032857,160.751171,11:15:00,4.74327,1.9106,5.78093,-40.17998,5.32441,-1.31689,2.89989,-1.04957,71.63203,-5.828566,-3.295896,0.48551,NA,NA,NA,NA,NA,NA,NA,NA,NA,NA,NA,-0.27579,2.62583,-1.65709,50,4.85245,6.17007,-114.46996,1.97899,-0.36179,23.35732,-28.72929,USA_TEA7,USA_DIR4,USABBCary1,USA Baseball,USA,20250610-USABBCary1-6,2bbc1390-4641-11f0-b1ef-e7d42f54913a,77.63474,NA,NA,7.37325,NA,NA,NA,NA,NA,NA,94966c17-51d9-438d-8e8b-63130879b621,2025-06-10,21:23:36,2025-06-10T21:23:36Z,2025-06-10T21:23:36Z,NA,v3,NA,NA,NA,"Holden, Will",NA,Right,USA_DIR4,7514d73a-a862-4f21-84ee-92c3b6067fc8,54.71742,-115.42853,11.67866,4.74704,3.15802,-14.36465,-1.91061,6.18492,-0.1809,NA,NA,NA,NA,NA,NA,NA,NA,NA,NA,NA,NA,NA,NA,NA,NA,NA,NA,NA,NA,NA,NA,NA,NA,NA,NA,NA,NA,NA,NA,NA,NA,NA,NA,NA,NA,NA,NA,NA,NA,NA,NA,NA,NA,NA,NA,NA,NA,NA,NA,High,High,High,NA,NA,NA,NA,NA,NA,NA,NA,NA,NA,NA,NA,NA,NA,NA,NA,NA,NA,NA,NA,NA,NA,NA,NA,NA,NA,NA,NA,NA,NA,NA,NA,NA,NA,NA,NA,NA,NA,NA,NA,NA,NA,NA,NA,NA,NA,NA,NA,NA,NA,NA,NA,NA,NA,NA,NA,NA,NA
NA,NA,NA,NA,NA,NA,NA,NA,NA,NA,NA,NA,NA,NA,NA,NA,80,2025-06-10,17:24:15,3,1,"Rumbley, Nick",1000423385,Right,USA_DIR4,"Seluk, Trey",1000364029,Left,USA_TEA7,Undefined,3,Bottom,2,0,0,Undefined,Changeup,BallCalled,Undefined,Undefined,Undefined,0,0,NA,80.75682,-2.009928,-3.844239,2020.344074,260.827169,02:45:00,5.034,2.08861,6.03747,-38.63612,4.9424,20.37556,-0.05171,0.22169,72.9409,-9.17927,-0.177254,0.475125,NA,NA,NA,NA,NA,NA,NA,NA,NA,NA,NA,-11.84859,3.67331,-1.79945,50,4.85609,7.09062,-116.87587,-5.29506,-16.04536,26.33607,-27.19967,USA_TEA7,USA_DIR4,USABBCary1,USA Baseball,USA,20250610-USABBCary1-6,435221c0-4641-11f0-b1ef-e7d42f54913a,79.33169,NA,NA,7.81592,NA,NA,NA,NA,NA,NA,94966c17-51d9-438d-8e8b-63130879b621,2025-06-10,21:24:15,2025-06-10T21:24:15Z,2025-06-10T21:24:15Z,NA,v3,NA,NA,NA,"Holden, Will",NA,Right,USA_DIR4,f86dee63-f300-4aac-8d0f-199ec7e8690a,54.46126,-117.87685,13.16804,5.0377,-4.26125,-13.59984,-2.08054,7.70048,-8.02268,NA,NA,NA,NA,NA,NA,NA,NA,NA,NA,NA,NA,NA,NA,NA,NA,NA,NA,NA,NA,NA,NA,NA,NA,NA,NA,NA,NA,NA,NA,NA,NA,NA,NA,NA,NA,NA,NA,NA,NA,NA,NA,NA,NA,NA,NA,NA,NA,NA,NA,High,High,High,NA,NA,NA,NA,NA,NA,NA,NA,NA,NA,NA,NA,NA,NA,NA,NA,NA,NA,NA,NA,NA,NA,NA,NA,NA,NA,NA,NA,NA,NA,NA,NA,NA,NA,NA,NA,NA,NA,NA,NA,NA,NA,NA,NA,NA,NA,NA,NA,NA,NA,NA,NA,NA,NA,NA,NA,NA,NA
NA,NA,NA,NA,NA,NA,NA,NA,NA,NA,NA,NA,NA,NA,NA,NA,81,2025-06-10,17:24:33,3,2,"Rumbley, Nick",1000423385,Right,USA_DIR4,"Seluk, Trey",1000364029,Left,USA_TEA7,Undefined,3,Bottom,2,1,0,Undefined,Sinker,StrikeSwinging,Undefined,Undefined,Undefined,0,0,NA,88.67619,0.020182,-2.688811,2057.496586,255.987034,02:30:00,4.78862,2.22738,6.52304,-28.786,6.38374,20.54548,2.40833,1.4708,80.00675,-5.418171,1.041497,0.426831,NA,NA,NA,NA,NA,NA,NA,NA,NA,NA,NA,-11.52209,3.73394,-2.04777,50,4.778,5.21694,-128.7007,-0.83517,-19.03041,30.517,-26.00693,USA_TEA7,USA_DIR4,USABBCary1,USA Baseball,USA,20250610-USABBCary1-6,4dbaed40-4641-11f0-b1ef-e7d42f54913a,88.30762,NA,NA,8.66944,NA,NA,NA,NA,NA,NA,94966c17-51d9-438d-8e8b-63130879b621,2025-06-10,21:24:33,2025-06-10T21:24:33Z,2025-06-10T21:24:33Z,NA,v3,NA,NA,NA,"Holden, Will",NA,Right,USA_DIR4,fe7d2aa1-b0b2-49fc-a699-c2099155f4f6,53.97415,-129.63961,15.2585,4.79138,-0.03503,-13.00346,-2.21729,5.80244,-9.51521,NA,NA,NA,NA,NA,NA,NA,NA,NA,NA,NA,NA,NA,NA,NA,NA,NA,NA,NA,NA,NA,NA,NA,NA,NA,NA,NA,NA,NA,NA,NA,NA,NA,NA,NA,NA,NA,NA,NA,NA,NA,NA,NA,NA,NA,NA,NA,NA,NA,NA,High,High,High,NA,NA,NA,NA,NA,NA,NA,NA,NA,NA,NA,NA,NA,NA,NA,NA,NA,NA,NA,NA,NA,NA,NA,NA,NA,NA,NA,NA,NA,NA,NA,NA,NA,NA,NA,NA,NA,NA,NA,NA,NA,NA,NA,NA,NA,NA,NA,NA,NA,NA,NA,NA,NA,NA,NA,NA,NA,NA
NA,NA,NA,NA,NA,NA,NA,NA,NA,NA,NA,NA,NA,NA,NA,NA,82,2025-06-10,17:24:45,3,3,"Rumbley, Nick",1000423385,Right,USA_DIR4,"Seluk, Trey",1000364029,Left,USA_TEA7,Undefined,3,Bottom,2,1,1,Undefined,Slider,BallCalled,Undefined,Undefined,Undefined,0,0,NA,80.51157,2.41091,-1.261571,2112.641197,224.846938,01:30:00,4.64626,2.17884,5.90025,-38.44293,5.65134,3.95634,3.68268,1.33719,71.94398,-4.779765,-0.551934,0.477928,NA,NA,NA,NA,NA,NA,NA,NA,NA,NA,NA,-2.43004,2.59449,-2.07954,50,4.81892,2.40733,-116.55212,3.69867,-3.26718,26.51727,-28.68575,USA_TEA7,USA_DIR4,USABBCary1,USA Baseball,USA,20250610-USABBCary1-6,552bfc90-4641-11f0-b1ef-e7d42f54913a,78.86634,NA,NA,8.5676,NA,NA,NA,NA,NA,NA,94966c17-51d9-438d-8e8b-63130879b621,2025-06-10,21:24:45,2025-06-10T21:24:45Z,2025-06-10T21:24:45Z,NA,v3,NA,NA,NA,"Holden, Will",NA,Right,USA_DIR4,2ae64433-648e-4480-bce1-2a4e2ebd74d8,54.59268,-117.59238,13.25864,4.65175,4.824,-14.34287,-2.17649,2.5355,-1.63359,NA,NA,NA,NA,NA,NA,NA,NA,NA,NA,NA,NA,NA,NA,NA,NA,NA,NA,NA,NA,NA,NA,NA,NA,NA,NA,NA,NA,NA,NA,NA,NA,NA,NA,NA,NA,NA,NA,NA,NA,NA,NA,NA,NA,NA,NA,NA,NA,NA,NA,High,High,High,NA,NA,NA,NA,NA,NA,NA,NA,NA,NA,NA,NA,NA,NA,NA,NA,NA,NA,NA,NA,NA,NA,NA,NA,NA,NA,NA,NA,NA,NA,NA,NA,NA,NA,NA,NA,NA,NA,NA,NA,NA,NA,NA,NA,NA,NA,NA,NA,NA,NA,NA,NA,NA,NA,NA,NA,NA,NA
NA,NA,NA,NA,NA,NA,NA,NA,NA,NA,NA,NA,NA,NA,NA,NA,83,2025-06-10,17:24:59,3,4,"Rumbley, Nick",1000423385,Right,USA_DIR4,"Seluk, Trey",1000364029,Left,USA_TEA7,Undefined,3,Bottom,2,2,1,Undefined,Sinker,BallCalled,Undefined,Undefined,Undefined,0,0,NA,89.0213,-0.618263,-4.781991,2059.903304,259.885345,02:45:00,4.79548,2.05635,6.56305,-29.91793,4.70425,19.97619,1.73351,-0.67315,81.13632,-6.231236,-1.163719,0.423495,NA,NA,NA,NA,NA,NA,NA,NA,NA,NA,NA,-12.0802,2.92244,-1.73515,50,4.73989,10.07099,-129.09439,-2.30355,-20.28257,28.14561,-27.26728,USA_TEA7,USA_DIR4,USABBCary1,USA Baseball,USA,20250610-USABBCary1-6,5d901e70-4641-11f0-b1ef-e7d42f54913a,89.00319,NA,NA,7.88498,NA,NA,NA,NA,NA,NA,94966c17-51d9-438d-8e8b-63130879b621,2025-06-10,21:24:59,2025-06-10T21:24:59Z,2025-06-10T21:24:59Z,NA,v3,NA,NA,NA,"Holden, Will",NA,Right,USA_DIR4,b485ad93-0e6e-40fc-b5b7-5b1727bc6eb2,53.93919,-129.95039,14.07281,4.79734,-1.47426,-13.63364,-2.05082,10.68785,-10.14128,NA,NA,NA,NA,NA,NA,NA,NA,NA,NA,NA,NA,NA,NA,NA,NA,NA,NA,NA,NA,NA,NA,NA,NA,NA,NA,NA,NA,NA,NA,NA,NA,NA,NA,NA,NA,NA,NA,NA,NA,NA,NA,NA,NA,NA,NA,NA,NA,NA,NA,High,High,High,NA,NA,NA,NA,NA,NA,NA,NA,NA,NA,NA,NA,NA,NA,NA,NA,NA,NA,NA,NA,NA,NA,NA,NA,NA,NA,NA,NA,NA,NA,NA,NA,NA,NA,NA,NA,NA,NA,NA,NA,NA,NA,NA,NA,NA,NA,NA,NA,NA,NA,NA,NA,NA,NA,NA,NA,NA,NA
NA,NA,NA,NA,NA,NA,NA,NA,NA,NA,NA,NA,NA,NA,NA,NA,84,2025-06-10,17:25:13,3,5,"Rumbley, Nick",1000423385,Right,USA_DIR4,"Seluk, Trey",1000364029,Left,USA_TEA7,Undefined,3,Bottom,2,3,1,Undefined,Changeup,StrikeSwinging,Undefined,Undefined,Undefined,0,0,NA,86.24239,-0.341386,-3.693829,2012.165652,264.518221,02:45:00,4.80304,2.11447,6.363,-34.08813,3.13118,19.51694,1.64755,0.33688,78.44479,-6.707432,-0.163762,0.439092,NA,NA,NA,NA,NA,NA,NA,NA,NA,NA,NA,-11.26343,2.11693,-1.85549,50,4.76265,7.32184,-125.12197,-1.8188,-17.71105,27.15569,-28.84529,USA_TEA7,USA_DIR4,USABBCary1,USA Baseball,USA,20250610-USABBCary1-6,65cc1ee0-4641-11f0-b1ef-e7d42f54913a,85.84174,NA,NA,7.79759,NA,NA,NA,NA,NA,NA,94966c17-51d9-438d-8e8b-63130879b621,2025-06-10,21:25:13,2025-06-10T21:25:13Z,2025-06-10T21:25:13Z,NA,v3,NA,NA,NA,"Holden, Will",NA,Right,USA_DIR4,a155ee5b-244a-4ea8-8274-e011ea5703c3,54.13657,-126.01655,13.57784,4.80692,-0.86856,-14.42264,-2.1063,7.90528,-8.85553,NA,NA,NA,NA,NA,NA,NA,NA,NA,NA,NA,NA,NA,NA,NA,NA,NA,NA,NA,NA,NA,NA,NA,NA,NA,NA,NA,NA,NA,NA,NA,NA,NA,NA,NA,NA,NA,NA,NA,NA,NA,NA,NA,NA,NA,NA,NA,NA,NA,NA,High,High,High,NA,NA,NA,NA,NA,NA,NA,NA,NA,NA,NA,NA,NA,NA,NA,NA,NA,NA,NA,NA,NA,NA,NA,NA,NA,NA,NA,NA,NA,NA,NA,NA,NA,NA,NA,NA,NA,NA,NA,NA,NA,NA,NA,NA,NA,NA,NA,NA,NA,NA,NA,NA,NA,NA,NA,NA,NA,NA
NA,NA,NA,NA,NA,NA,NA,NA,NA,NA,NA,NA,NA,NA,NA,NA,85,2025-06-10,17:25:32,3,6,"Rumbley, Nick",1000423385,Right,USA_DIR4,"Seluk, Trey",1000364029,Left,USA_TEA7,Undefined,3,Bottom,2,3,2,Undefined,Sinker,StrikeSwinging,Strikeout,Undefined,Undefined,0,0,NA,90.66108,0.562984,-3.037151,2093.543527,249.331029,02:15:00,4.85035,1.98034,6.63456,-25.06391,8.28481,18.94477,3.27786,0.7759,82.05735,-4.195272,0.406614,0.415634,NA,NA,NA,NA,NA,NA,NA,NA,NA,NA,NA,-10.80627,4.53689,-1.78128,50,4.87838,6.22109,-131.61752,0.54954,-18.77183,30.46614,-24.29292,USA_TEA7,USA_DIR4,USABBCary1,USA Baseball,USA,20250610-USABBCary1-6,71016220-4641-11f0-b1ef-e7d42f54913a,90.6866,NA,NA,8.60372,NA,NA,NA,NA,NA,NA,94966c17-51d9-438d-8e8b-63130879b621,2025-06-10,21:25:32,2025-06-10T21:25:32Z,2025-06-10T21:25:32Z,NA,v3,NA,NA,NA,"Holden, Will",NA,Right,USA_DIR4,590dd9e7-1943-4f87-a4a1-cc6e42ed1448,53.86312,-132.50872,15.23307,4.85191,1.26016,-12.14646,-1.97129,6.7702,-9.38592,NA,NA,NA,NA,NA,NA,NA,NA,NA,NA,NA,NA,NA,NA,NA,NA,NA,NA,NA,NA,NA,NA,NA,NA,NA,NA,NA,NA,NA,NA,NA,NA,NA,NA,NA,NA,NA,NA,NA,NA,NA,NA,NA,NA,NA,NA,NA,NA,NA,NA,High,High,High,NA,NA,NA,NA,NA,NA,NA,NA,NA,NA,NA,NA,NA,NA,NA,NA,NA,NA,NA,NA,NA,NA,NA,NA,NA,NA,NA,NA,NA,NA,NA,NA,NA,NA,NA,NA,NA,NA,NA,NA,NA,NA,NA,NA,NA,NA,NA,NA,NA,NA,NA,NA,NA,NA,NA,NA,NA,NA
NA,NA,NA,NA,NA,NA,NA,NA,NA,NA,NA,NA,NA,NA,NA,NA,86,2025-06-10,17:27:22,1,1,"Benefield, Brodie",1000239356,Right,USA_TEA7,"Offing, Ethan",10151630,Right,USA_DIR4,Undefined,4,Top,0,0,0,Undefined,Curveball,InPlay,Undefined,FlyBall,HomeRun,0,1,NA,72.86949,0.786857,-1.168516,2257.691188,114.694716,09:45:00,5.94859,1.84866,5.28815,-49.47644,5.38591,-7.27477,2.56463,0.14502,65.81455,-8.293256,-2.460391,0.5331,104.70458000000001,21.970566,-28.732536,2132.340543,95.8125,42.34411,-54.03589,375.74247,372.13142,-32.638677,4.324305,3.26059,2.98193,-1.7366,50,5.98446,2.42327,-105.53544,-0.091,3.60171,21.40422,-28.88013,USA_TEA7,USA_DIR4,USABBCary1,USA Baseball,USA,20250610-USABBCary1-6,b289f6d0-4641-11f0-b1ef-e7d42f54913a,70.70425,61.34248,NA,7.05494,NA,NA,NA,1.88031,2.68754,-0.1766,94966c17-51d9-438d-8e8b-63130879b621,2025-06-10,21:27:22,2025-06-10T21:27:22Z,2025-06-10T21:27:22Z,LineDrive,v3,NA,NA,NA,"Rogozinski, Benjamin",1000291537,Right,USA_TEA7,47e063f4-fc17-4889-89e2-9a0ad6cadfb9,55.20841,-106.58655,10.70211,5.9541,1.32724,-14.44006,-1.85126,2.2464,1.80086,164.608502,1.8803,124.87741,-26.12475,6.52227,-1.4546,0.28618,-0.04313,0.00398,-1.5e-4,2.68734,57.46038,-14.41222,-0.04566,0.16871,-0.03623,-5e-5,0.00122,-1.3e-4,-0.17656,-68.46183,10.54626,-2.51948,0.54314,-0.10493,0.01567,-0.00141,5e-5,NA,NA,NA,NA,NA,NA,NA,NA,NA,NA,NA,NA,NA,NA,NA,NA,NA,NA,NA,NA,NA,NA,High,High,High,High,Medium,NA,NA,NA,NA,NA,NA,NA,NA,NA,NA,NA,NA,NA,NA,NA,NA,NA,NA,NA,NA,NA,NA,NA,NA,NA,NA,NA,NA,NA,NA,NA,NA,NA,NA,NA,NA,NA,NA,NA,NA,NA,NA,NA,NA,NA,NA,NA,NA,NA,NA,NA,NA,NA,NA,NA,NA
NA,NA,NA,NA,NA,NA,NA,NA,NA,NA,NA,NA,NA,NA,NA,NA,87,2025-06-10,17:28:18,2,1,"Benefield, Brodie",1000239356,Right,USA_TEA7,"Hornick, Palmer",1000111916,Left,USA_DIR4,Undefined,4,Top,0,0,0,Undefined,Changeup,BallCalled,Undefined,Undefined,Undefined,0,0,NA,86.13648,-1.96189,-4.53379,2180.803117,228.859939,01:45:00,5.76715,2.16135,6.05652,-24.31352,13.35225,13.87178,1.91867,-0.88795,78.71334,-6.5203,-2.045941,0.441718,NA,NA,NA,NA,NA,NA,NA,NA,NA,NA,NA,-8.37103,7.79945,-1.81558,50,5.60119,9.32641,-124.71529,-5.02309,-13.17509,25.24512,-19.89855,USA_TEA7,USA_DIR4,USABBCary1,USA Baseball,USA,20250610-USABBCary1-6,d3fc20e0-4641-11f0-b1ef-e7d42f54913a,85.33153,NA,NA,7.42313,NA,NA,NA,NA,NA,NA,94966c17-51d9-438d-8e8b-63130879b621,2025-06-10,21:28:18,2025-06-10T21:28:18Z,2025-06-10T21:28:18Z,NA,v3,NA,NA,NA,"Rogozinski, Benjamin",1000291537,Right,USA_TEA7,37959e98-c1b4-4929-88df-776bd40d2a98,54.44109,-125.61105,12.62256,5.7669,-4.31704,-9.94928,-2.15479,9.79389,-6.58754,NA,NA,NA,NA,NA,NA,NA,NA,NA,NA,NA,NA,NA,NA,NA,NA,NA,NA,NA,NA,NA,NA,NA,NA,NA,NA,NA,NA,NA,NA,NA,NA,NA,NA,NA,NA,NA,NA,NA,NA,NA,NA,NA,NA,NA,NA,NA,NA,NA,NA,High,High,High,NA,NA,NA,NA,NA,NA,NA,NA,NA,NA,NA,NA,NA,NA,NA,NA,NA,NA,NA,NA,NA,NA,NA,NA,NA,NA,NA,NA,NA,NA,NA,NA,NA,NA,NA,NA,NA,NA,NA,NA,NA,NA,NA,NA,NA,NA,NA,NA,NA,NA,NA,NA,NA,NA,NA,NA,NA,NA
NA,NA,NA,NA,NA,NA,NA,NA,NA,NA,NA,NA,NA,NA,NA,NA,88,2025-06-10,17:28:35,2,2,"Benefield, Brodie",1000239356,Right,USA_TEA7,"Hornick, Palmer",1000111916,Left,USA_DIR4,Undefined,4,Top,0,1,0,Undefined,Changeup,BallCalled,Undefined,Undefined,Undefined,0,0,NA,85.79678,-0.826416,-2.260147,2240.705374,230.167003,01:45:00,5.72565,2.15535,6.11477,-22.88411,15.21056,16.61107,3.0539,1.44881,77.51964,-5.174095,0.732562,0.444225,NA,NA,NA,NA,NA,NA,NA,NA,NA,NA,NA,-9.19784,8.49268,-1.99004,50,5.65034,4.23041,-124.4406,-2.45309,-14.24129,27.9045,-19.02457,USA_TEA7,USA_DIR4,USABBCary1,USA Baseball,USA,20250610-USABBCary1-6,ddc83730-4641-11f0-b1ef-e7d42f54913a,84.84979,NA,NA,8.27714,NA,NA,NA,NA,NA,NA,94966c17-51d9-438d-8e8b-63130879b621,2025-06-10,21:28:35,2025-06-10T21:28:35Z,2025-06-10T21:28:35Z,NA,v3,NA,NA,NA,"Rogozinski, Benjamin",1000291537,Right,USA_TEA7,153c5bdc-6adb-4817-a9b9-751e679e9796,54.38094,-125.41913,13.95225,5.72466,-1.78595,-9.51229,-2.14715,4.72981,-7.12065,NA,NA,NA,NA,NA,NA,NA,NA,NA,NA,NA,NA,NA,NA,NA,NA,NA,NA,NA,NA,NA,NA,NA,NA,NA,NA,NA,NA,NA,NA,NA,NA,NA,NA,NA,NA,NA,NA,NA,NA,NA,NA,NA,NA,NA,NA,NA,NA,NA,NA,High,High,High,NA,NA,NA,NA,NA,NA,NA,NA,NA,NA,NA,NA,NA,NA,NA,NA,NA,NA,NA,NA,NA,NA,NA,NA,NA,NA,NA,NA,NA,NA,NA,NA,NA,NA,NA,NA,NA,NA,NA,NA,NA,NA,NA,NA,NA,NA,NA,NA,NA,NA,NA,NA,NA,NA,NA,NA,NA,NA
NA,NA,NA,NA,NA,NA,NA,NA,NA,NA,NA,NA,NA,NA,NA,NA,89,2025-06-10,17:28:47,2,3,"Benefield, Brodie",1000239356,Right,USA_TEA7,"Hornick, Palmer",1000111916,Left,USA_DIR4,Undefined,4,Top,0,2,0,Undefined,Four-Seam,FoulBallNotFieldable,Undefined,Undefined,Undefined,0,0,NA,86.4184,-2.141978,-3.636038,2365.539229,214.574614,01:15:00,5.75878,1.91379,6.10643,-19.38316,18.62907,11.82276,2.15783,-0.46788,77.43732,-5.869825,-1.510985,0.443745,96.47009,26.089435,38.765466,2556.545568,82.35959,43.84857,72.91699,285.55646,191.34807,48.460897,3.608948,-7.49575,10.83272,-1.64079,50,5.58407,7.49492,-125.07318,-5.2159,-11.59415,30.76093,-15.41841,USA_TEA7,USA_DIR4,USABBCary1,USA Baseball,USA,20250610-USABBCary1-6,e56e8750-4641-11f0-b1ef-e7d42f54913a,84.94172,51.70276,NA,8.98109,NA,NA,NA,3.14207,2.38699,0.46672,94966c17-51d9-438d-8e8b-63130879b621,2025-06-10,21:28:47,2025-06-10T21:28:47Z,2025-06-10T21:28:47Z,FlyBall,v3,NA,NA,NA,"Rogozinski, Benjamin",1000291537,Right,USA_TEA7,11022937-0432-48f7-8428-4a5b60f120f4,54.39277,-126.14892999999999,15.38046,5.75705,-4.6767,-7.70921,-1.90999,7.90038,-5.79708,235.126204,3.14196,99.08295,-24.20315,5.95407,-1.44572,0.30256,-0.04922,0.00463,-1.4e-4,2.38704,62.22199,-22.64864,2.44579,-0.48934,0.10214,-0.02135,0.00376,-3.2e-4,0.46658,79.56822,-7.06516,0.31918,0.11951,-0.05837,0.01532,-0.00277,2.4e-4,NA,NA,NA,NA,NA,NA,NA,NA,NA,NA,NA,NA,NA,NA,NA,NA,NA,NA,NA,NA,NA,NA,High,High,High,High,Low,NA,NA,NA,NA,NA,NA,NA,NA,NA,NA,NA,NA,NA,NA,NA,NA,NA,NA,NA,NA,NA,NA,NA,NA,NA,NA,NA,NA,NA,NA,NA,NA,NA,NA,NA,NA,NA,NA,NA,NA,NA,NA,NA,NA,NA,NA,NA,NA,NA,NA,NA,NA,NA,NA,NA,NA
NA,NA,NA,NA,NA,NA,NA,NA,NA,NA,NA,NA,NA,NA,NA,NA,90,2025-06-10,17:29:11,2,4,"Benefield, Brodie",1000239356,Right,USA_TEA7,"Hornick, Palmer",1000111916,Left,USA_DIR4,Undefined,4,Top,0,2,1,Undefined,Sinker,StrikeCalled,Undefined,Undefined,Undefined,0,0,NA,86.42429,-0.113985,-4.08521,2122.246774,237.889658,02:00:00,5.73794,2.12624,5.95698,-25.44442,12.04355,17.248,3.5116,-0.23125,78.750470000000007,-4.88406,-0.99536500000000006,0.440674,NA,NA,NA,NA,NA,NA,NA,NA,NA,NA,NA,-9.94217,6.57615,-1.81064,50,5.71467,8.23227,-125.26556,-1.04869,-15.77639,25.61691,-21.73893,USA_TEA7,USA_DIR4,USABBCary1,USA Baseball,USA,20250610-USABBCary1-6,f3b50230-4641-11f0-b1ef-e7d42f54913a,85.53361,NA,NA,7.67382,NA,NA,NA,NA,NA,NA,94966c17-51d9-438d-8e8b-63130879b621,2025-06-10,21:29:11,2025-06-10T21:29:11Z,2025-06-10T21:29:11Z,NA,v3,NA,NA,NA,"Rogozinski, Benjamin",1000291537,Right,USA_TEA7,58cc01d3-6ff8-49f7-b5db-82d24d6e6be6,54.54104,-126.19078,12.80846,5.73837,-0.26353,-10.86947,-2.11826,8.80208,-7.8882,NA,NA,NA,NA,NA,NA,NA,NA,NA,NA,NA,NA,NA,NA,NA,NA,NA,NA,NA,NA,NA,NA,NA,NA,NA,NA,NA,NA,NA,NA,NA,NA,NA,NA,NA,NA,NA,NA,NA,NA,NA,NA,NA,NA,NA,NA,NA,NA,NA,NA,High,High,High,NA,NA,NA,NA,NA,NA,NA,NA,NA,NA,NA,NA,NA,NA,NA,NA,NA,NA,NA,NA,NA,NA,NA,NA,NA,NA,NA,NA,NA,NA,NA,NA,NA,NA,NA,NA,NA,NA,NA,NA,NA,NA,NA,NA,NA,NA,NA,NA,NA,NA,NA,NA,NA,NA,NA,NA,NA,NA
NA,NA,NA,NA,NA,NA,NA,NA,NA,NA,NA,NA,NA,NA,NA,NA,91,2025-06-10,17:29:26,2,5,"Benefield, Brodie",1000239356,Right,USA_TEA7,"Hornick, Palmer",1000111916,Left,USA_DIR4,Undefined,4,Top,0,2,2,Undefined,Changeup,InPlay,Undefined,FlyBall,Out,1,0,NA,77.7707,-0.939879,-3.436497,1794.509082,218.441019,01:15:00,5.44002,2.31245,6.48863,-29.69785,15.93162,11.38922,2.1007,0.10284,70.68323,-6.572136,-1.373341,0.486177,99.80922,23.032104,24.756785,1986.764749,97.92762,38.76845,50.10138,323.65429,267.45633,32.336341,3.656961,-7.06111,9.09796,-2.07604,50,5.36089,6.39364,-112.81238,-2.59747,-9.00839,22.44472,-20.56711,USA_TEA7,USA_DIR4,USABBCary1,USA Baseball,USA,20250610-USABBCary1-6,fc741550-4641-11f0-b1ef-e7d42f54913a,77.52828,47.97338,NA,7.08748,NA,NA,NA,3.27692,2.35027,-0.13149,94966c17-51d9-438d-8e8b-63130879b621,2025-06-10,21:29:26,2025-06-10T21:29:26Z,2025-06-10T21:29:26Z,LineDrive,v3,NA,NA,NA,"Rogozinski, Benjamin",1000291537,Right,USA_TEA7,ba11a202-b33f-4b05-b185-fbd74ec38e65,54.00966,-113.60733,11.22236,5.43999,-1.86903,-10.28356,-2.30814,6.71269,-4.5042,237.65865,3.27704,122.33555,-24.89743,6.36184,-1.61662,0.40607,-0.09982,0.01655,-0.00118,2.35044,57.26639,-20.42412,1.68233,-0.01623,-0.12611,0.0557,-0.01043,7e-4,-0.13195,56.43155,-0.10964,-1.88658,0.5777,-0.03166,-0.03399,0.0103,-9.6e-4,NA,NA,NA,NA,NA,NA,NA,NA,NA,NA,NA,NA,NA,NA,NA,NA,NA,NA,NA,NA,NA,NA,High,High,High,High,Medium,NA,NA,NA,NA,NA,NA,NA,NA,NA,NA,NA,NA,NA,NA,NA,NA,NA,NA,NA,NA,NA,NA,NA,NA,NA,NA,NA,NA,NA,NA,NA,NA,NA,NA,NA,NA,NA,NA,NA,NA,NA,NA,NA,NA,NA,NA,NA,NA,NA,NA,NA,NA,NA,NA,NA,NA
NA,NA,NA,NA,NA,NA,NA,NA,NA,NA,NA,NA,NA,NA,NA,NA,92,2025-06-10,17:30:02,3,1,"Benefield, Brodie",1000239356,Right,USA_TEA7,"Kiker, Chase",10126938,Right,USA_DIR4,Undefined,4,Top,1,0,0,Undefined,Curveball,StrikeCalled,Undefined,Undefined,Undefined,0,0,NA,72.93593,1.380396,0.157186,2295.220389,95.805339,09:15:00,5.92636,1.70264,5.61035,-50.50003,3.46669,-14.81359,3.00674,0.61489,65.96075,-7.93557,-2.489608,0.528731,NA,NA,NA,NA,NA,NA,NA,NA,NA,NA,NA,7.46449,1.95213,-1.7067,50,6.01254,0.2629,-105.71051,1.0116,8.29586,21.01736,-30.00451,USA_TEA7,USA_DIR4,USABBCary1,USA Baseball,USA,20250610-USABBCary1-6,11a77b60-4642-11f0-b1ef-e7d42f54913a,71.28854,NA,NA,6.97518,NA,NA,NA,NA,NA,NA,94966c17-51d9-438d-8e8b-63130879b621,2025-06-10,21:30:02,2025-06-10T21:30:02Z,2025-06-10T21:30:02Z,NA,v3,NA,NA,NA,"Rogozinski, Benjamin",1000291537,Right,USA_TEA7,6aa96c8e-4382-4da9-89fc-36159000c2c8,54.88503,-106.67733,10.50868,5.93426,2.39183,-15.00225,-1.71001,-0.11872,4.14793,NA,NA,NA,NA,NA,NA,NA,NA,NA,NA,NA,NA,NA,NA,NA,NA,NA,NA,NA,NA,NA,NA,NA,NA,NA,NA,NA,NA,NA,NA,NA,NA,NA,NA,NA,NA,NA,NA,NA,NA,NA,NA,NA,NA,NA,NA,NA,NA,NA,NA,High,High,High,NA,NA,NA,NA,NA,NA,NA,NA,NA,NA,NA,NA,NA,NA,NA,NA,NA,NA,NA,NA,NA,NA,NA,NA,NA,NA,NA,NA,NA,NA,NA,NA,NA,NA,NA,NA,NA,NA,NA,NA,NA,NA,NA,NA,NA,NA,NA,NA,NA,NA,NA,NA,NA,NA,NA,NA,NA,NA
NA,NA,NA,NA,NA,NA,NA,NA,NA,NA,NA,NA,NA,NA,NA,NA,93,2025-06-10,17:30:14,3,2,"Benefield, Brodie",1000239356,Right,USA_TEA7,"Kiker, Chase",10126938,Right,USA_DIR4,Undefined,4,Top,1,0,1,Undefined,Curveball,FoulBallNotFieldable,Undefined,Undefined,Undefined,0,0,NA,73.11358,2.323033,-1.276295,2267.224901,92.116298,09:00:00,5.92369,1.68331,5.5603,-51.37511,2.46713,-14.79662,3.81449,-0.74234,66.09363,-7.142703,-3.912886,0.52812,NA,NA,NA,NA,NA,NA,NA,NA,NA,NA,NA,7.02819,1.06465,-1.5632,50,6.09099,2.90498,-105.90645,2.72788,7.8431,21.02879,-30.98595,USA_TEA7,USA_DIR4,USABBCary1,USA Baseball,USA,20250610-USABBCary1-6,18f59960-4642-11f0-b1ef-e7d42f54913a,71.37092,NA,NA,7.01995,NA,NA,NA,NA,NA,NA,94966c17-51d9-438d-8e8b-63130879b621,2025-06-10,21:30:14,2025-06-10T21:30:14Z,2025-06-10T21:30:14Z,NA,v3,NA,NA,NA,"Rogozinski, Benjamin",1000291537,Right,USA_TEA7,d244327a-e2b2-4865-b3e1-e224f68e1335,54.93668,-106.88219,10.51439,5.9310600000000004,4.16562,-15.49298,-1.68955,2.54106,3.92155,NA,NA,NA,NA,NA,NA,NA,NA,NA,NA,NA,NA,NA,NA,NA,NA,NA,NA,NA,NA,NA,NA,NA,NA,NA,NA,NA,NA,NA,NA,NA,NA,NA,NA,NA,NA,NA,NA,NA,NA,NA,NA,NA,NA,NA,NA,NA,NA,NA,NA,High,High,High,NA,NA,NA,NA,NA,NA,NA,NA,NA,NA,NA,NA,NA,NA,NA,NA,NA,NA,NA,NA,NA,NA,NA,NA,NA,NA,NA,NA,NA,NA,NA,NA,NA,NA,NA,NA,NA,NA,NA,NA,NA,NA,NA,NA,NA,NA,NA,NA,NA,NA,NA,NA,NA,NA,NA,NA,NA,NA
NA,NA,NA,NA,NA,NA,NA,NA,NA,NA,NA,NA,NA,NA,NA,NA,94,2025-06-10,17:30:33,3,3,"Benefield, Brodie",1000239356,Right,USA_TEA7,"Kiker, Chase",10126938,Right,USA_DIR4,Undefined,4,Top,1,0,2,Undefined,Sinker,InPlay,Undefined,GroundBall,Out,1,0,NA,88.89603,-0.345062,-3.410143,2192.007421,230.467786,01:45:00,5.98587,1.44571,6.08677,-20.14485,15.43969,17.16808,3.98735,-0.282,80.13056,-4.189829,-0.3238,0.429341,77.84499,-12.100204,39.861914,NA,NA,NA,NA,16.06594,16.04872,41.726946,0.148297,-9.87835,8.42351,-1.19106,50,5.94859,6.95384,-128.83136,-1.3635,-16.38802,29.98814,-18.19955,USA_TEA7,USA_DIR4,USABBCary1,USA Baseball,USA,20250610-USABBCary1-6,245261d0-4642-11f0-b1ef-e7d42f54913a,87.79143,3.90295,NA,8.76548,NA,NA,NA,-0.27405,3.90295,0.26971,94966c17-51d9-438d-8e8b-63130879b621,2025-06-10,21:30:33,2025-06-10T21:30:33Z,2025-06-10T21:30:33Z,GroundBall,v3,NA,NA,NA,"Rogozinski, Benjamin",1000291537,Right,USA_TEA7,41471482-6eb6-471c-8e4f-fa6dae519436,54.41001,-129.85382,14.99407,5.9845,-0.74298,-9.09977,-1.43768,7.5126,-8.19401,305.48723,-0.27343,85.63528,-19.83578,NA,NA,NA,NA,NA,NA,3.90332,-23.96629,-15.8944,NA,NA,NA,NA,NA,NA,0.26985,71.53983,-8.45508,NA,NA,NA,NA,NA,NA,NA,NA,NA,NA,NA,NA,NA,NA,NA,NA,NA,NA,NA,NA,NA,NA,NA,NA,NA,NA,NA,NA,High,High,High,High,High,NA,NA,NA,NA,NA,NA,NA,NA,NA,NA,NA,NA,NA,NA,NA,NA,NA,NA,NA,NA,NA,NA,NA,NA,NA,NA,NA,NA,NA,NA,NA,NA,NA,NA,NA,NA,NA,NA,NA,NA,NA,NA,NA,NA,NA,NA,NA,NA,NA,NA,NA,NA,NA,NA,NA,NA
NA,NA,NA,NA,NA,NA,NA,NA,NA,NA,NA,NA,NA,NA,NA,NA,95,2025-06-10,17:31:05,4,1,"Benefield, Brodie",1000239356,Right,USA_TEA7,"Holden, Will",10113390,Right,USA_DIR4,Undefined,4,Top,2,0,0,Undefined,Four-Seam,StrikeSwinging,Undefined,Undefined,Undefined,0,0,NA,86.83575,-1.233252,-3.619337,2229.061129,216.596053,01:15:00,5.78513,1.93065,6.22875,-18.39599,18.42651,12.76946,3.11188,-0.34888,78.97486,-4.757306,-1.319026,0.436745,NA,NA,NA,NA,NA,NA,NA,NA,NA,NA,NA,-7.60682,10.24788,-1.66584,50,5.68347,7.44636,-125.89574,-3.19857,-12.16095,26.48951,-15.7908,USA_TEA7,USA_DIR4,USABBCary1,USA Baseball,USA,20250610-USABBCary1-6,3741f260-4642-11f0-b1ef-e7d42f54913a,86.30302,NA,NA,7.86088,NA,NA,NA,NA,NA,NA,94966c17-51d9-438d-8e8b-63130879b621,2025-06-10,21:31:05,2025-06-10T21:31:05Z,2025-06-10T21:31:05Z,NA,v3,NA,NA,NA,"Rogozinski, Benjamin",1000291537,Right,USA_TEA7,92c29465-dfb2-4b47-903c-c9313abc8fd4,54.26775,-126.79053,13.24476,5.7825,-2.66517,-7.8954,-1.92431,7.85714,-6.08048,NA,NA,NA,NA,NA,NA,NA,NA,NA,NA,NA,NA,NA,NA,NA,NA,NA,NA,NA,NA,NA,NA,NA,NA,NA,NA,NA,NA,NA,NA,NA,NA,NA,NA,NA,NA,NA,NA,NA,NA,NA,NA,NA,NA,NA,NA,NA,NA,NA,NA,High,High,High,NA,NA,NA,NA,NA,NA,NA,NA,NA,NA,NA,NA,NA,NA,NA,NA,NA,NA,NA,NA,NA,NA,NA,NA,NA,NA,NA,NA,NA,NA,NA,NA,NA,NA,NA,NA,NA,NA,NA,NA,NA,NA,NA,NA,NA,NA,NA,NA,NA,NA,NA,NA,NA,NA,NA,NA,NA,NA
NA,NA,NA,NA,NA,NA,NA,NA,NA,NA,NA,NA,NA,NA,NA,NA,96,2025-06-10,17:31:17,4,2,"Benefield, Brodie",1000239356,Right,USA_TEA7,"Holden, Will",10113390,Right,USA_DIR4,Undefined,4,Top,2,0,1,Undefined,Sinker,BallCalled,Undefined,Undefined,Undefined,0,0,NA,88.41704,-0.846862,-1.921675,2234.522406,229.612589,01:45:00,5.79063,1.70776,6.05803,-20.78702,14.8593,16.08666,3.27404,1.26898,80.48919,-4.783279,0.973993,0.429713,NA,NA,NA,NA,NA,NA,NA,NA,NA,NA,NA,-8.77126,8.23914,-1.56658,50,5.71365,3.62917,-128.36636,-2.51852,-14.57417,27.61044,-18.48407,USA_TEA7,USA_DIR4,USABBCary1,USA Baseball,USA,20250610-USABBCary1-6,3e5fd8a0-4642-11f0-b1ef-e7d42f54913a,87.71532,NA,NA,7.92785,NA,NA,NA,NA,NA,NA,94966c17-51d9-438d-8e8b-63130879b621,2025-06-10,21:31:17,2025-06-10T21:31:17Z,2025-06-10T21:31:17Z,NA,v3,NA,NA,NA,"Rogozinski, Benjamin",1000291537,Right,USA_TEA7,275066dc-e01b-471d-a774-78c4268a4a8a,54.43902,-129.31762,13.80522,5.78945,-1.88168,-9.24203,-1.70027,4.1313,-7.28708,NA,NA,NA,NA,NA,NA,NA,NA,NA,NA,NA,NA,NA,NA,NA,NA,NA,NA,NA,NA,NA,NA,NA,NA,NA,NA,NA,NA,NA,NA,NA,NA,NA,NA,NA,NA,NA,NA,NA,NA,NA,NA,NA,NA,NA,NA,NA,NA,NA,NA,High,High,High,NA,NA,NA,NA,NA,NA,NA,NA,NA,NA,NA,NA,NA,NA,NA,NA,NA,NA,NA,NA,NA,NA,NA,NA,NA,NA,NA,NA,NA,NA,NA,NA,NA,NA,NA,NA,NA,NA,NA,NA,NA,NA,NA,NA,NA,NA,NA,NA,NA,NA,NA,NA,NA,NA,NA,NA,NA,NA
NA,NA,NA,NA,NA,NA,NA,NA,NA,NA,NA,NA,NA,NA,NA,NA,97,2025-06-10,17:31:29,4,3,"Benefield, Brodie",1000239356,Right,USA_TEA7,"Holden, Will",10113390,Right,USA_DIR4,Undefined,4,Top,2,1,1,Undefined,Curveball,BallCalled,Undefined,Undefined,Undefined,0,0,NA,73.80349,0.818849,-2.016627,2339.474127,112.585243,09:45:00,5.86887,1.69531,5.6833,-43.59487,8.31953,-16.03922,2.99975,-1.52181,67.68015,-7.212493,-4.879314,0.51858,NA,NA,NA,NA,NA,NA,NA,NA,NA,NA,NA,7.49748,4.53398,-1.51566,50,5.91092,4.35855,-107.07936,0.23463,8.67026,19.17812,-26.93086,USA_TEA7,USA_DIR4,USABBCary1,USA Baseball,USA,20250610-USABBCary1-6,45a2d310-4642-11f0-b1ef-e7d42f54913a,72.68401,NA,NA,6.12334,NA,NA,NA,NA,NA,NA,94966c17-51d9-438d-8e8b-63130879b621,2025-06-10,21:31:29,2025-06-10T21:31:29Z,2025-06-10T21:31:29Z,NA,v3,NA,NA,NA,"Rogozinski, Benjamin",1000291537,Right,USA_TEA7,925dcad8-e5db-414b-ad08-f4619a901ad7,54.81358,-107.93804,9.58906,5.87342,1.44042,-13.46543,-1.70211,3.97034,4.33513,NA,NA,NA,NA,NA,NA,NA,NA,NA,NA,NA,NA,NA,NA,NA,NA,NA,NA,NA,NA,NA,NA,NA,NA,NA,NA,NA,NA,NA,NA,NA,NA,NA,NA,NA,NA,NA,NA,NA,NA,NA,NA,NA,NA,NA,NA,NA,NA,NA,NA,High,High,High,NA,NA,NA,NA,NA,NA,NA,NA,NA,NA,NA,NA,NA,NA,NA,NA,NA,NA,NA,NA,NA,NA,NA,NA,NA,NA,NA,NA,NA,NA,NA,NA,NA,NA,NA,NA,NA,NA,NA,NA,NA,NA,NA,NA,NA,NA,NA,NA,NA,NA,NA,NA,NA,NA,NA,NA,NA,NA
NA,NA,NA,NA,NA,NA,NA,NA,NA,NA,NA,NA,NA,NA,NA,NA,98,2025-06-10,17:31:41,4,4,"Benefield, Brodie",1000239356,Right,USA_TEA7,"Holden, Will",10113390,Right,USA_DIR4,Undefined,4,Top,2,2,1,Undefined,Sinker,BallCalled,Undefined,Undefined,Undefined,0,0,NA,88.69594,-0.33652,-4.473888,2126.739205,231.799942,01:45:00,5.90083,1.84632,6.58674,-20.67371,14.10485,16.48458,3.8687,-0.88797,80.75566,-4.284657,-1.488394,0.424451,NA,NA,NA,NA,NA,NA,NA,NA,NA,NA,NA,-9.84335,7.83335,-1.54536,50,5.86882,9.41279,-128.60781,-1.31438,-16.45547,27.13404,-19.07875,USA_TEA7,USA_DIR4,USABBCary1,USA Baseball,USA,20250610-USABBCary1-6,4ca9aee0-4642-11f0-b1ef-e7d42f54913a,88.8029,NA,NA,7.94028,NA,NA,NA,NA,NA,NA,94966c17-51d9-438d-8e8b-63130879b621,2025-06-10,21:31:41,2025-06-10T21:31:41Z,2025-06-10T21:31:41Z,NA,v3,NA,NA,NA,"Rogozinski, Benjamin",1000291537,Right,USA_TEA7,dc94e933-c12e-4d4e-ab8b-59920b7f8aeb,53.91091,-129.43031,13.56702,5.8999,-0.73606,-9.53937,-1.83825,9.9116,-8.22773,NA,NA,NA,NA,NA,NA,NA,NA,NA,NA,NA,NA,NA,NA,NA,NA,NA,NA,NA,NA,NA,NA,NA,NA,NA,NA,NA,NA,NA,NA,NA,NA,NA,NA,NA,NA,NA,NA,NA,NA,NA,NA,NA,NA,NA,NA,NA,NA,NA,NA,High,High,High,NA,NA,NA,NA,NA,NA,NA,NA,NA,NA,NA,NA,NA,NA,NA,NA,NA,NA,NA,NA,NA,NA,NA,NA,NA,NA,NA,NA,NA,NA,NA,NA,NA,NA,NA,NA,NA,NA,NA,NA,NA,NA,NA,NA,NA,NA,NA,NA,NA,NA,NA,NA,NA,NA,NA,NA,NA,NA
NA,NA,NA,NA,NA,NA,NA,NA,NA,NA,NA,NA,NA,NA,NA,NA,99,2025-06-10,17:31:59,4,5,"Benefield, Brodie",1000239356,Right,USA_TEA7,"Holden, Will",10113390,Right,USA_DIR4,Undefined,4,Top,2,3,1,Undefined,Four-Seam,FoulBallNotFieldable,Undefined,Undefined,Undefined,0,0,NA,87.33846,-1.835624,-3.4083,2167.80059,214.458972,01:15:00,5.73781,1.98804,6.22085,-18.42304,17.84635,11.44426,2.50517,-0.20696,79.8164,-5.347464,-1.346218,0.433453,68.58822,45.53959,120.067735,5638.652774,NA,NA,NA,NA,49.14313,NA,NA,-6.90469,10.12697,-1.73843,50,5.59093,7.09777,-126.69656,-4.57103,-11.218,25.99514,-15.72086,USA_TEA7,USA_DIR4,USABBCary1,USA Baseball,USA,20250610-USABBCary1-6,5776e180-4642-11f0-b1ef-e7d42f54913a,86.95863,42.1792,NA,7.52206,NA,NA,NA,0.38816,2.42961,0.24671,94966c17-51d9-438d-8e8b-63130879b621,2025-06-10,21:31:59,2025-06-10T21:31:59Z,2025-06-10T21:31:59Z,NA,v3,NA,NA,NA,"Rogozinski, Benjamin",1000291537,Right,USA_TEA7,aa77aa8e-bedc-4823-b00f-c7d081e77978,54.27813,-127.57131,12.99757,5.73585,-4.04201,-7.86043,-1.98363,7.47526,-5.609,316.05409,0.38816,-35.30161,-4.61175,2.86408,-0.94459,0.25811,-0.06452,0.01431,-0.00185,2.42961,71.79877,-27.77015,3.48564,-0.66436,0.09855,-0.00794,-0.0047,0.00225,0.24671,60.97759,-12.33388,2.855,-0.60198,0.10088,-0.01089,-0.00531,0.00268,NA,NA,NA,NA,NA,NA,NA,NA,NA,NA,NA,NA,NA,NA,NA,NA,NA,NA,NA,NA,NA,NA,High,High,High,High,Undefined,NA,NA,NA,NA,NA,NA,NA,NA,NA,NA,NA,NA,NA,NA,NA,NA,NA,NA,NA,NA,NA,NA,NA,NA,NA,NA,NA,NA,NA,NA,NA,NA,NA,NA,NA,NA,NA,NA,NA,NA,NA,NA,NA,NA,NA,NA,NA,NA,NA,NA,NA,NA,NA,NA,NA,NA
NA,NA,NA,NA,NA,NA,NA,NA,NA,NA,NA,NA,NA,NA,NA,NA,100,2025-06-10,17:32:20,4,6,"Benefield, Brodie",1000239356,Right,USA_TEA7,"Holden, Will",10113390,Right,USA_DIR4,Undefined,4,Top,2,3,2,Undefined,Sinker,InPlay,Undefined,GroundBall,Out,1,0,NA,87.89313,-1.520566,-3.052801,2168.546437,229.160194,01:45:00,5.85181,1.88261,6.10949,-21.50891,14.65473,15.52654,2.65104,0.35094,79.84105,-5.593467,-0.258076,0.43282,85.49668,3.161902,-32.146702,3332.379119,NA,NA,NA,71.30697,69.99781,-34.710535,0.607743,-8.94556,8.38536,-1.65618,50,5.72369,6.17134,-127.47265,-4.02601,-14.60998,28.01698,-18.47899,USA_TEA7,USA_DIR4,USABBCary1,USA Baseball,USA,20250610-USABBCary1-6,6433af20-4642-11f0-b1ef-e7d42f54913a,87.08572,3.33064,NA,8.05208,NA,NA,NA,1.20233,2.7253,-0.37198,94966c17-51d9-438d-8e8b-63130879b621,2025-06-10,21:32:20,2025-06-10T21:32:20Z,2025-06-10T21:32:20Z,GroundBall,v3,NA,NA,NA,"Rogozinski, Benjamin",1000291537,Right,USA_TEA7,7b336e51-c4b0-4671-8bc2-d44fe1bb98f9,54.38903,-128.43368,14.00849,5.85092,-3.39215,-9.23949,-1.87647,6.67249,-7.30499,78.563875,1.23325,105.32181,-18.01422,NA,NA,NA,NA,NA,NA,2.74596,6.45785,-18.11293,NA,NA,NA,NA,NA,NA,-0.36134,-66.85928,1.03047,NA,NA,NA,NA,NA,NA,NA,NA,NA,NA,NA,NA,NA,NA,NA,NA,NA,NA,NA,NA,NA,NA,NA,NA,NA,NA,NA,NA,High,High,High,High,High,NA,NA,NA,NA,NA,NA,NA,NA,NA,NA,NA,NA,NA,NA,NA,NA,NA,NA,NA,NA,NA,NA,NA,NA,NA,NA,NA,NA,NA,NA,NA,NA,NA,NA,NA,NA,NA,NA,NA,NA,NA,NA,NA,NA,NA,NA,NA,NA,NA,NA,NA,NA,NA,NA,NA,NA
NA,NA,NA,NA,NA,NA,NA,NA,NA,NA,NA,NA,NA,NA,NA,NA,101,2025-06-10,17:35:01,1,1,"Rumbley, Nick",1000423385,Right,USA_DIR4,"Wood, Jaxson",10115292,Right,USA_TEA7,Undefined,4,Bottom,0,0,0,Undefined,Slider,StrikeSwinging,Undefined,Undefined,Undefined,0,0,NA,78.589,0.536965,-3.426542,2114.818752,181.075593,12:00:00,4.72666,2.35525,5.96687,-41.1429,4.55752,0.05598,1.79685,-0.82087,71.38506,-7.090779,-3.416506,0.486554,NA,NA,NA,NA,NA,NA,NA,NA,NA,NA,NA,-1.09539,2.67689,-2.08346,50,4.7468,6.81548,-113.86213,-0.19124,-1.42169,23.12544,-28.69981,USA_TEA7,USA_DIR4,USABBCary1,USA Baseball,USA,20250610-USABBCary1-6,c3dc5cb0-4642-11f0-b1ef-e7d42f54913a,77.46809,NA,NA,7.20394,NA,NA,NA,NA,NA,NA,94966c17-51d9-438d-8e8b-63130879b621,2025-06-10,21:35:01,2025-06-10T21:35:01Z,2025-06-10T21:35:01Z,NA,v3,NA,NA,NA,"Holden, Will",NA,Right,USA_DIR4,211a8bb6-08e9-4e8c-82cf-f6c9b4251150,54.52916,-114.77831,11.56272,4.73185,0.94579,-14.34991,-2.3546,6.8718,-0.71084,NA,NA,NA,NA,NA,NA,NA,NA,NA,NA,NA,NA,NA,NA,NA,NA,NA,NA,NA,NA,NA,NA,NA,NA,NA,NA,NA,NA,NA,NA,NA,NA,NA,NA,NA,NA,NA,NA,NA,NA,NA,NA,NA,NA,NA,NA,NA,NA,NA,NA,High,High,High,NA,NA,NA,NA,NA,NA,NA,NA,NA,NA,NA,NA,NA,NA,NA,NA,NA,NA,NA,NA,NA,NA,NA,NA,NA,NA,NA,NA,NA,NA,NA,NA,NA,NA,NA,NA,NA,NA,NA,NA,NA,NA,NA,NA,NA,NA,NA,NA,NA,NA,NA,NA,NA,NA,NA,NA,NA,NA
NA,NA,NA,NA,NA,NA,NA,NA,NA,NA,NA,NA,NA,NA,NA,NA,102,2025-06-10,17:35:17,1,2,"Rumbley, Nick",1000423385,Right,USA_DIR4,"Wood, Jaxson",10115292,Right,USA_TEA7,Undefined,4,Bottom,0,0,1,Undefined,Slider,BallCalled,Undefined,Undefined,Undefined,0,0,NA,78.32475,1.592172,-3.889827,2100.435134,213.599003,01:00:00,4.74409,2.22562,5.88268,-40.46329,5.56276,2.68047,2.85451,-1.16881,71.24023,-5.905204,-3.410838,0.488285,NA,NA,NA,NA,NA,NA,NA,NA,NA,NA,NA,-2.52095,2.8481900000000002,-1.91275,50,4.8498,7.61072,-113.42055,1.91709,-3.2624,22.01113,-28.48815,USA_TEA7,USA_DIR4,USABBCary1,USA Baseball,USA,20250610-USABBCary1-6,cdf29b60-4642-11f0-b1ef-e7d42f54913a,77.19356,NA,NA,7.08452,NA,NA,NA,NA,NA,NA,94966c17-51d9-438d-8e8b-63130879b621,2025-06-10,21:35:17,2025-06-10T21:35:17Z,2025-06-10T21:35:17Z,NA,v3,NA,NA,NA,"Holden, Will",NA,Right,USA_DIR4,95a77866-92f7-41a9-b482-b78f8305e271,54.61414,-114.31249,11.00556,4.74872,3.07149,-14.24408,-2.22383,7.74292,-1.6312,NA,NA,NA,NA,NA,NA,NA,NA,NA,NA,NA,NA,NA,NA,NA,NA,NA,NA,NA,NA,NA,NA,NA,NA,NA,NA,NA,NA,NA,NA,NA,NA,NA,NA,NA,NA,NA,NA,NA,NA,NA,NA,NA,NA,NA,NA,NA,NA,NA,NA,High,High,High,NA,NA,NA,NA,NA,NA,NA,NA,NA,NA,NA,NA,NA,NA,NA,NA,NA,NA,NA,NA,NA,NA,NA,NA,NA,NA,NA,NA,NA,NA,NA,NA,NA,NA,NA,NA,NA,NA,NA,NA,NA,NA,NA,NA,NA,NA,NA,NA,NA,NA,NA,NA,NA,NA,NA,NA,NA,NA
NA,NA,NA,NA,NA,NA,NA,NA,NA,NA,NA,NA,NA,NA,NA,NA,103,2025-06-10,17:35:31,1,3,"Rumbley, Nick",1000423385,Right,USA_DIR4,"Wood, Jaxson",10115292,Right,USA_TEA7,Undefined,4,Bottom,0,1,1,Undefined,Slider,FoulBallNotFieldable,Undefined,Undefined,Undefined,0,0,NA,78.38112,1.529527,-1.924146,2112.694969,199.237346,12:45:00,4.63917,2.27608,6.02138,-39.26427,6.07284,1.6198,2.78496,0.62822,71.64894,-5.767174,-1.632981,0.484617,87.43698,42.809327,-50.660094,4138.667181,NA,NA,NA,NA,106.57667,NA,NA,-1.38843,3.08158,-2.12631,50,4.73748,3.7656,-113.81128,1.87362,-1.81661,21.36919,-28.14214,USA_TEA7,USA_DIR4,USABBCary1,USA Baseball,USA,20250610-USABBCary1-6,d5dbe7f0-4642-11f0-b1ef-e7d42f54913a,77.77785,89.50802,NA,6.73217,NA,NA,NA,3.32361,3.64841,-0.17478,94966c17-51d9-438d-8e8b-63130879b621,2025-06-10,21:35:31,2025-06-10T21:35:31Z,2025-06-10T21:35:31Z,NA,v3,NA,NA,NA,"Holden, Will",NA,Right,USA_DIR4,725a3ccb-44e7-453c-8875-a6f3114898af,54.47799,-114.64898,10.68459,4.64241,2.97683,-14.07107,-2.27532,3.83681,-0.9083,168.545498,3.32361,59.63897,-13.58835,3.58097,-0.7975,0.14314,-0.00422,-0.00791,0.00174,3.64841,87.14746,-20.01592,1.44911,-0.21158,0.064,-0.04507,0.01871,-0.00301,-0.17478,-72.76118,13.35055,-3.32225,0.70855,-0.12985,0.00978,0.00412,-0.00105,NA,NA,NA,NA,NA,NA,NA,NA,NA,NA,NA,NA,NA,NA,NA,NA,NA,NA,NA,NA,NA,NA,High,High,High,Medium,Undefined,NA,NA,NA,NA,NA,NA,NA,NA,NA,NA,NA,NA,NA,NA,NA,NA,NA,NA,NA,NA,NA,NA,NA,NA,NA,NA,NA,NA,NA,NA,NA,NA,NA,NA,NA,NA,NA,NA,NA,NA,NA,NA,NA,NA,NA,NA,NA,NA,NA,NA,NA,NA,NA,NA,NA,NA
NA,NA,NA,NA,NA,NA,NA,NA,NA,NA,NA,NA,NA,NA,NA,NA,104,2025-06-10,17:35:53,1,4,"Rumbley, Nick",1000423385,Right,USA_DIR4,"Wood, Jaxson",10115292,Right,USA_TEA7,Undefined,4,Bottom,0,1,2,Undefined,Sinker,InPlay,Undefined,FlyBall,Out,1,0,NA,90.51094,-1.68412,-4.098174,2183.637697,245.289816,02:15:00,5.10807,1.77071,6.42578,-24.11403,9.72414,18.56615,1.54617,-0.45544,82.05201,-6.239746,-0.739902,0.418673,82.13933,38.782002,18.088554,NA,100.70435,75.30663,44.25625,272.07486,125.73948,29.672099,4.94637,-10.98008,5.94158,-1.48635,50,4.97687,8.65863,-131.17452,-4.59896,-18.93539,30.39951,-21.92769,USA_TEA7,USA_DIR4,USABBCary1,USA Baseball,USA,20250610-USABBCary1-6,e2effd50-4642-11f0-b1ef-e7d42f54913a,90.02837,85.75578,NA,8.45892,NA,NA,NA,1.36401,2.15419,0.80105,94966c17-51d9-438d-8e8b-63130879b621,2025-06-10,21:35:53,2025-06-10T21:35:53Z,2025-06-10T21:35:53Z,FlyBall,v3,NA,NA,NA,"Holden, Will",NA,Right,USA_DIR4,b5ae4833-e30d-4967-879e-e00ce9c2b9e5,54.07337,-132.11515,15.19976,5.10868,-3.92047,-10.96385,-1.76333,9.24453,-9.46769,207.724245,1.36911,89.15807,-20.79643,4.82615,-0.53756,-0.09479,0.04553,-0.00626,3e-4,2.152,75.49597,-18.92971,0.89133,0.06153,-0.09209,0.03458,-0.00571,3.4e-4,0.80061,29.16863,1.02663,-0.9801,0.309,-0.05881,0.00704,-5.3e-4,2e-5,NA,NA,NA,NA,NA,NA,NA,NA,NA,NA,NA,NA,NA,NA,NA,NA,NA,NA,NA,NA,NA,NA,High,High,High,Medium,Low,NA,NA,NA,NA,NA,NA,NA,NA,NA,NA,NA,NA,NA,NA,NA,NA,NA,NA,NA,NA,NA,NA,NA,NA,NA,NA,NA,NA,NA,NA,NA,NA,NA,NA,NA,NA,NA,NA,NA,NA,NA,NA,NA,NA,NA,NA,NA,NA,NA,NA,NA,NA,NA,NA,NA,NA
NA,NA,NA,NA,NA,NA,NA,NA,NA,NA,NA,NA,NA,NA,NA,NA,105,2025-06-10,17:36:21,2,1,"Rumbley, Nick",1000423385,Right,USA_DIR4,"Delacruz, Lucas",1000192295,Right,USA_TEA7,Undefined,4,Bottom,1,0,0,Undefined,Sinker,BallCalled,Undefined,Undefined,Undefined,0,0,NA,89.89412,0.34575,-2.206739,2101.212068,244.431974,02:15:00,4.82907,1.95549,6.63935,-24.78466,9.04406,16.53245,3.08043,1.31206,81.54645,-4.361264,0.801446,0.418614,NA,NA,NA,NA,NA,NA,NA,NA,NA,NA,NA,-9.29052,5.00591,-1.812,50,4.84243,4.3752,-130.59766,0.06375,-15.91217,29.63543,-23.60025,USA_TEA7,USA_DIR4,USABBCary1,USA Baseball,USA,20250610-USABBCary1-6,f3eac2c0-4642-11f0-b1ef-e7d42f54913a,90.04095,NA,NA,8.34767,NA,NA,NA,NA,NA,NA,94966c17-51d9-438d-8e8b-63130879b621,2025-06-10,21:36:21,2025-06-10T21:36:21Z,2025-06-10T21:36:21Z,NA,v3,NA,NA,NA,"Holden, Will",NA,Right,USA_DIR4,5ff88779-0592-4026-8268-b4c1081469db,53.85801,-131.47021,14.81771,4.83033,0.75861,-11.80012,-1.94772,4.8437,-7.95609,NA,NA,NA,NA,NA,NA,NA,NA,NA,NA,NA,NA,NA,NA,NA,NA,NA,NA,NA,NA,NA,NA,NA,NA,NA,NA,NA,NA,NA,NA,NA,NA,NA,NA,NA,NA,NA,NA,NA,NA,NA,NA,NA,NA,NA,NA,NA,NA,NA,NA,High,High,High,NA,NA,NA,NA,NA,NA,NA,NA,NA,NA,NA,NA,NA,NA,NA,NA,NA,NA,NA,NA,NA,NA,NA,NA,NA,NA,NA,NA,NA,NA,NA,NA,NA,NA,NA,NA,NA,NA,NA,NA,NA,NA,NA,NA,NA,NA,NA,NA,NA,NA,NA,NA,NA,NA,NA,NA,NA,NA
NA,NA,NA,NA,NA,NA,NA,NA,NA,NA,NA,NA,NA,NA,NA,NA,106,2025-06-10,17:36:32,2,2,"Rumbley, Nick",1000423385,Right,USA_DIR4,"Delacruz, Lucas",1000192295,Right,USA_TEA7,Undefined,4,Bottom,1,1,0,Undefined,Sinker,BallCalled,Undefined,Undefined,Undefined,0,0,NA,88.78277,-1.120779,-5.377169,2104.910231,252.838901,02:30:00,4.90954,1.82994,6.4528,-28.20273,6.99304,18.69147,1.52498,-1.56695,80.53271,-6.420372,-2.00418,0.426989,NA,NA,NA,NA,NA,NA,NA,NA,NA,NA,NA,-11.29627,4.37973,-1.4556,50,4.81757,11.33734,-128.4628,-3.39615,-18.72356,28.62942,-24.91463,USA_TEA7,USA_DIR4,USABBCary1,USA Baseball,USA,20250610-USABBCary1-6,fa4c36d0-4642-11f0-b1ef-e7d42f54913a,88.27497,NA,NA,8.25007,NA,NA,NA,NA,NA,NA,94966c17-51d9-438d-8e8b-63130879b621,2025-06-10,21:36:32,2025-06-10T21:36:32Z,2025-06-10T21:36:32Z,NA,v3,NA,NA,NA,"Holden, Will",NA,Right,USA_DIR4,7911c2c7-968a-4730-8512-c73701f6a20e,54.045,-129.36113,14.31471,4.91187,-2.61438,-12.45731,-1.82056,11.92485,-9.36178,NA,NA,NA,NA,NA,NA,NA,NA,NA,NA,NA,NA,NA,NA,NA,NA,NA,NA,NA,NA,NA,NA,NA,NA,NA,NA,NA,NA,NA,NA,NA,NA,NA,NA,NA,NA,NA,NA,NA,NA,NA,NA,NA,NA,NA,NA,NA,NA,NA,NA,High,High,High,NA,NA,NA,NA,NA,NA,NA,NA,NA,NA,NA,NA,NA,NA,NA,NA,NA,NA,NA,NA,NA,NA,NA,NA,NA,NA,NA,NA,NA,NA,NA,NA,NA,NA,NA,NA,NA,NA,NA,NA,NA,NA,NA,NA,NA,NA,NA,NA,NA,NA,NA,NA,NA,NA,NA,NA,NA,NA
NA,NA,NA,NA,NA,NA,NA,NA,NA,NA,NA,NA,NA,NA,NA,NA,107,2025-06-10,17:36:50,2,3,"Rumbley, Nick",1000423385,Right,USA_DIR4,"Delacruz, Lucas",1000192295,Right,USA_TEA7,Undefined,4,Bottom,1,2,0,Undefined,Sinker,FoulBallNotFieldable,Undefined,Undefined,Undefined,0,0,NA,88.22717,0.139331,-3.452626,2043.1391,259.588604,02:45:00,4.91635,2.25286,6.45868,-30.42935,4.95634,20.52454,2.5088,0.78785,80.17144,-5.574179,0.265868,0.428139,69.16833,28.556934,-153.236354,3087.824115,NA,NA,NA,NA,44.34206,NA,NA,-11.78831,2.89291,-2.01731,50,4.91275,6.93339,-128.07299,-0.63114,-19.43103,28.32668,-27.40556,USA_TEA7,USA_DIR4,USABBCary1,USA Baseball,USA,20250610-USABBCary1-6,05039780-4643-11f0-b1ef-e7d42f54913a,88.0378,21.03375,NA,8.05573,NA,NA,NA,1.14079,2.33873,-0.66934,94966c17-51d9-438d-8e8b-63130879b621,2025-06-10,21:36:50,2025-06-10T21:36:50Z,2025-06-10T21:36:50Z,NA,v3,NA,NA,NA,"Holden, Will",NA,Right,USA_DIR4,b5508c6b-4eae-4181-8efe-c9450ad192a0,54.04144,-128.96376,14.16334,4.91905,0.23067,-13.70278,-2.24495,7.54443,-9.71552,32.455111,1.14079,-79.55931,6.23807,0.03332,-0.20424,0.08665,0.02406,-0.07101,0.04283,2.33873,48.49476,-26.77818,3.45625,-0.72137,0.14028,-0.07483,0.0901,-0.05023,-0.66934,-40.12496,7.52596,-2.67571,0.73086,-0.17514,0.06902,-0.06208,0.03258,NA,NA,NA,NA,NA,NA,NA,NA,NA,NA,NA,NA,NA,NA,NA,NA,NA,NA,NA,NA,NA,NA,High,High,High,High,Undefined,NA,NA,NA,NA,NA,NA,NA,NA,NA,NA,NA,NA,NA,NA,NA,NA,NA,NA,NA,NA,NA,NA,NA,NA,NA,NA,NA,NA,NA,NA,NA,NA,NA,NA,NA,NA,NA,NA,NA,NA,NA,NA,NA,NA,NA,NA,NA,NA,NA,NA,NA,NA,NA,NA,NA,NA
NA,NA,NA,NA,NA,NA,NA,NA,NA,NA,NA,NA,NA,NA,NA,NA,108,2025-06-10,17:37:07,2,4,"Rumbley, Nick",1000423385,Right,USA_DIR4,"Delacruz, Lucas",1000192295,Right,USA_TEA7,Undefined,4,Bottom,1,2,1,Undefined,Sinker,StrikeSwinging,Undefined,Undefined,Undefined,0,0,NA,89.53354,0.847009,-3.485946,2083.867876,245.478888,02:15:00,4.84444,1.97277,6.6318,-24.72694,9.55197,18.33651,3.56085,0.30525,80.86043,-3.858913,-0.155863,0.421391,NA,NA,NA,NA,NA,NA,NA,NA,NA,NA,NA,-10.61453,5.12138,-1.74278,50,4.89184,7.17668,-129.88477,1.20845,-17.93511,29.96836,-23.52057,USA_TEA7,USA_DIR4,USABBCary1,USA Baseball,USA,20250610-USABBCary1-6,0f1baaf0-4643-11f0-b1ef-e7d42f54913a,89.44769,NA,NA,8.67311,NA,NA,NA,NA,NA,NA,94966c17-51d9-438d-8e8b-63130879b621,2025-06-10,21:37:07,2025-06-10T21:37:07Z,2025-06-10T21:37:07Z,NA,v3,NA,NA,NA,"Holden, Will",NA,Right,USA_DIR4,10fcc813-02d2-4ae1-bd39-78a797209f20,53.86509,-130.77353,14.98418,4.84566,1.90598,-11.76029,-1.9635,7.70857,-8.96755,NA,NA,NA,NA,NA,NA,NA,NA,NA,NA,NA,NA,NA,NA,NA,NA,NA,NA,NA,NA,NA,NA,NA,NA,NA,NA,NA,NA,NA,NA,NA,NA,NA,NA,NA,NA,NA,NA,NA,NA,NA,NA,NA,NA,NA,NA,NA,NA,NA,NA,High,High,High,NA,NA,NA,NA,NA,NA,NA,NA,NA,NA,NA,NA,NA,NA,NA,NA,NA,NA,NA,NA,NA,NA,NA,NA,NA,NA,NA,NA,NA,NA,NA,NA,NA,NA,NA,NA,NA,NA,NA,NA,NA,NA,NA,NA,NA,NA,NA,NA,NA,NA,NA,NA,NA,NA,NA,NA,NA,NA
NA,NA,NA,NA,NA,NA,NA,NA,NA,NA,NA,NA,NA,NA,NA,NA,109,2025-06-10,17:37:23,2,5,"Rumbley, Nick",1000423385,Right,USA_DIR4,"Delacruz, Lucas",1000192295,Right,USA_TEA7,Undefined,4,Bottom,1,2,2,Undefined,Sinker,StrikeSwinging,Strikeout,Undefined,Undefined,0,0,NA,90.93825,0.576332,-2.466087,2135.900174,246.139913,02:15:00,4.88378,1.89423,6.589,-24.10978,9.15784,18.0858,3.40324,1.14027,82.10718,-4.010359,0.820495,0.415128,NA,NA,NA,NA,NA,NA,NA,NA,NA,NA,NA,-10.15623,4.98209,-1.73161,50,4.9133,4.94214,-132.02195,0.61275,-17.70379,31.34765,-23.48957,USA_TEA7,USA_DIR4,USABBCary1,USA Baseball,USA,20250610-USABBCary1-6,18bc4470-4643-11f0-b1ef-e7d42f54913a,90.79706,NA,NA,8.83106,NA,NA,NA,NA,NA,NA,94966c17-51d9-438d-8e8b-63130879b621,2025-06-10,21:37:23,2025-06-10T21:37:23Z,2025-06-10T21:37:23Z,NA,v3,NA,NA,NA,"Holden, Will",NA,Right,USA_DIR4,e2986fdd-0341-4f06-92da-88d41a10f579,53.9075,-132.94652,15.67382,4.88501,1.30555,-11.74478,-1.88507,5.4643,-8.85189,NA,NA,NA,NA,NA,NA,NA,NA,NA,NA,NA,NA,NA,NA,NA,NA,NA,NA,NA,NA,NA,NA,NA,NA,NA,NA,NA,NA,68.58958,2.734675,1.796198,0.938477,-2.54682,3.11155,-1.20562,-0.07052,5.90326,-4.1161,68.02265,5.69143,-56.75966,-0.04074,76.46471,-4.1883,5.933,12.34263,-13.41568,-4.18716,-62.80539,7.20962,High,High,High,NA,NA,High,High,High,NA,NA,NA,NA,NA,NA,NA,NA,NA,NA,NA,NA,NA,NA,NA,NA,NA,NA,NA,NA,NA,NA,NA,NA,NA,NA,NA,NA,NA,NA,NA,NA,NA,NA,NA,NA,NA,NA,NA,NA,NA,NA,NA,NA,NA,NA,NA,NA,NA,NA,NA,NA,NA
NA,NA,NA,NA,NA,NA,NA,NA,NA,NA,NA,NA,NA,NA,NA,NA,110,2025-06-10,17:37:54,3,1,"Rumbley, Nick",1000423385,Right,USA_DIR4,"Hudson, Walker",1000438609,Right,USA_TEA7,Undefined,4,Bottom,2,0,0,Undefined,Curveball,StrikeSwinging,Undefined,Undefined,Undefined,0,0,NA,72.33371,1.911054,-1.867144,2138.467877,46.486179,07:30:00,5.53855,1.66803,5.56847,-61.90484,-6.66174,-9.16875,2.16659,-0.84079,65.39243,-9.421099,-3.503318,0.534947,NA,NA,NA,NA,NA,NA,NA,NA,NA,NA,NA,3.94335,-3.30583,-1.50111,50,5.66368,3.75525,-104.75315,1.55578,4.28277,21.41784,-35.76442,USA_TEA7,USA_DIR4,USABBCary1,USA Baseball,USA,20250610-USABBCary1-6,2b70eee0-4643-11f0-b1ef-e7d42f54913a,70.46019,NA,NA,6.94128,NA,NA,NA,NA,NA,NA,94966c17-51d9-438d-8e8b-63130879b621,2025-06-10,21:37:54,2025-06-10T21:37:54Z,2025-06-10T21:37:54Z,NA,v3,NA,NA,NA,"Holden, Will",NA,Right,USA_DIR4,7d0c2dfd-7dd7-41e5-acae-2c1baf990758,54.92887,-105.75611,10.70892,5.55161,3.23056,-17.88221,-1.67226,3.5547,2.14138,NA,NA,NA,NA,NA,NA,NA,NA,NA,NA,NA,NA,NA,NA,NA,NA,NA,NA,NA,NA,NA,NA,NA,NA,NA,NA,NA,NA,NA,NA,NA,NA,NA,NA,NA,NA,NA,NA,NA,NA,NA,NA,NA,NA,NA,NA,NA,NA,NA,NA,High,High,High,NA,NA,NA,NA,NA,NA,NA,NA,NA,NA,NA,NA,NA,NA,NA,NA,NA,NA,NA,NA,NA,NA,NA,NA,NA,NA,NA,NA,NA,NA,NA,NA,NA,NA,NA,NA,NA,NA,NA,NA,NA,NA,NA,NA,NA,NA,NA,NA,NA,NA,NA,NA,NA,NA,NA,NA,NA,NA
NA,NA,NA,NA,NA,NA,NA,NA,NA,NA,NA,NA,NA,NA,NA,NA,111,2025-06-10,17:38:16,3,2,"Rumbley, Nick",1000423385,Right,USA_DIR4,"Hudson, Walker",1000438609,Right,USA_TEA7,Undefined,4,Bottom,2,0,1,Undefined,Slider,BallCalled,Undefined,Undefined,Undefined,0,0,NA,79.01614,0.644266,-3.218297,2167.955253,150.590321,11:00:00,4.8517,1.79675,5.95121,-41.3712,3.56351,-1.18697,2.00259,-1.2901,72.2138,-7.003272,-3.431104,0.482461,NA,NA,NA,NA,NA,NA,NA,NA,NA,NA,NA,-0.33547,2.11551,-1.53997,50,4.88013,6.48759,-114.58102,0.00541,-0.44381,22.13963,-29.37541,USA_TEA7,USA_DIR4,USABBCary1,USA Baseball,USA,20250610-USABBCary1-6,38573d80-4643-11f0-b1ef-e7d42f54913a,78.12536,NA,NA,6.80234,NA,NA,NA,NA,NA,NA,94966c17-51d9-438d-8e8b-63130879b621,2025-06-10,21:38:16,2025-06-10T21:38:16Z,2025-06-10T21:38:16Z,NA,v3,NA,NA,NA,"Holden, Will",NA,Right,USA_DIR4,30098dfa-9f46-4c4d-8d24-5ec0917a50cf,54.54599,-115.45607,11.06982,4.85697,1.16645,-14.68771,-1.79673,6.50513,-0.22191,NA,NA,NA,NA,NA,NA,NA,NA,NA,NA,NA,NA,NA,NA,NA,NA,NA,NA,NA,NA,NA,NA,NA,NA,NA,NA,NA,NA,NA,NA,NA,NA,NA,NA,NA,NA,NA,NA,NA,NA,NA,NA,NA,NA,NA,NA,NA,NA,NA,NA,High,High,High,NA,NA,NA,NA,NA,NA,NA,NA,NA,NA,NA,NA,NA,NA,NA,NA,NA,NA,NA,NA,NA,NA,NA,NA,NA,NA,NA,NA,NA,NA,NA,NA,NA,NA,NA,NA,NA,NA,NA,NA,NA,NA,NA,NA,NA,NA,NA,NA,NA,NA,NA,NA,NA,NA,NA,NA,NA,NA
NA,NA,NA,NA,NA,NA,NA,NA,NA,NA,NA,NA,NA,NA,NA,NA,112,2025-06-10,17:38:30,3,3,"Rumbley, Nick",1000423385,Right,USA_DIR4,"Hudson, Walker",1000438609,Right,USA_TEA7,Undefined,4,Bottom,2,1,1,Undefined,Slider,StrikeCalled,Undefined,Undefined,Undefined,0,0,NA,78.25388,-0.028035,-2.581749,2101.548467,209.750235,01:00:00,4.83183,2.05745,5.88571,-41.75467,4.56264,1.66378,1.32622,-0.2029,70.93375,-7.762728,-2.283313,0.489827,NA,NA,NA,NA,NA,NA,NA,NA,NA,NA,NA,-1.6848,2.82847,-1.85006,50,4.80575,5.05234,-113.43009,-1.33889,-2.16136,23.71893,-28.54551,USA_TEA7,USA_DIR4,USABBCary1,USA Baseball,USA,20250610-USABBCary1-6,40fd4a60-4643-11f0-b1ef-e7d42f54913a,76.95045,NA,NA,7.32013,NA,NA,NA,NA,NA,NA,94966c17-51d9-438d-8e8b-63130879b621,2025-06-10,21:38:30,2025-06-10T21:38:30Z,2025-06-10T21:38:30Z,NA,v3,NA,NA,NA,"Holden, Will",NA,Right,USA_DIR4,93c96792-e8f7-4c77-a3b3-71aaecbf8283,54.61103,-114.39022,11.85947,4.83657,-0.18338,-14.27275,-2.05635,5.13983,-1.08068,NA,NA,NA,NA,NA,NA,NA,NA,NA,NA,NA,NA,NA,NA,NA,NA,NA,NA,NA,NA,NA,NA,NA,NA,NA,NA,NA,NA,NA,NA,NA,NA,NA,NA,NA,NA,NA,NA,NA,NA,NA,NA,NA,NA,NA,NA,NA,NA,NA,NA,High,High,High,NA,NA,NA,NA,NA,NA,NA,NA,NA,NA,NA,NA,NA,NA,NA,NA,NA,NA,NA,NA,NA,NA,NA,NA,NA,NA,NA,NA,NA,NA,NA,NA,NA,NA,NA,NA,NA,NA,NA,NA,NA,NA,NA,NA,NA,NA,NA,NA,NA,NA,NA,NA,NA,NA,NA,NA,NA,NA
NA,NA,NA,NA,NA,NA,NA,NA,NA,NA,NA,NA,NA,NA,NA,NA,113,2025-06-10,17:38:55,3,4,"Rumbley, Nick",1000423385,Right,USA_DIR4,"Hudson, Walker",1000438609,Right,USA_TEA7,Undefined,4,Bottom,2,1,2,Undefined,Sinker,StrikeSwinging,Strikeout,Undefined,Undefined,0,0,NA,91.13164,0.307128,-3.971597,2099.439429,237.022848,02:00:00,4.98507,1.86424,6.36073,-22.31316,10.96957,15.20816,3.40897,-0.52933,82.73981,-3.919332,-1.226672,0.415222,NA,NA,NA,NA,NA,NA,NA,NA,NA,NA,NA,-8.99678,5.95185,-1.58265,50,4.99691,8.53615,-132.14143,0.03123,-15.83525,29.35377,-21.69815,USA_TEA7,USA_DIR4,USABBCary1,USA Baseball,USA,20250610-USABBCary1-6,4f609c10-4643-11f0-b1ef-e7d42f54913a,90.7765,NA,NA,8.39184,NA,NA,NA,NA,NA,NA,94966c17-51d9-438d-8e8b-63130879b621,2025-06-10,21:38:55,2025-06-10T21:38:55Z,2025-06-10T21:38:55Z,NA,v3,NA,NA,NA,"Holden, Will",NA,Right,USA_DIR4,0e08aab1-d48c-4f84-a016-94480e139d88,54.13643,-133.05712,14.67688,4.98537,0.7081,-10.84907,-1.85664,9.03013,-7.91762,NA,NA,NA,NA,NA,NA,NA,NA,NA,NA,NA,NA,NA,NA,NA,NA,NA,NA,NA,NA,NA,NA,NA,NA,NA,NA,NA,NA,NA,NA,NA,NA,NA,NA,NA,NA,NA,NA,NA,NA,NA,NA,NA,NA,NA,NA,NA,NA,NA,NA,High,High,High,NA,NA,NA,NA,NA,NA,NA,NA,NA,NA,NA,NA,NA,NA,NA,NA,NA,NA,NA,NA,NA,NA,NA,NA,NA,NA,NA,NA,NA,NA,NA,NA,NA,NA,NA,NA,NA,NA,NA,NA,NA,NA,NA,NA,NA,NA,NA,NA,NA,NA,NA,NA,NA,NA,NA,NA,NA,NA
NA,NA,NA,NA,NA,NA,NA,NA,NA,NA,NA,NA,NA,NA,NA,NA,114,2025-06-10,17:40:42,1,1,"Benefield, Brodie",1000239356,Right,USA_TEA7,"D'Amico, Logan",10172584,Right,USA_DIR4,Undefined,5,Top,0,0,0,Undefined,Four-Seam,StrikeSwinging,Undefined,Undefined,Undefined,0,0,NA,86.66653,-1.650079,-2.991813,2147.565415,214.652498,01:15:00,5.77173,1.86641,6.05988,-21.25568,16.08698,10.22398,2.47069,-0.05318,78.61208,-5.681535,-1.153724,0.439819,NA,NA,NA,NA,NA,NA,NA,NA,NA,NA,NA,-6.10859,9.14776,-1.63906,50,5.63205,6.13808,-125.60108,-4.23493,-9.67826,27.38458,-17.68063,USA_TEA7,USA_DIR4,USABBCary1,USA Baseball,USA,20250610-USABBCary1-6,8f5cc460-4643-11f0-b1ef-e7d42f54913a,85.6999,NA,NA,8.05445,NA,NA,NA,NA,NA,NA,94966c17-51d9-438d-8e8b-63130879b621,2025-06-10,21:40:42,2025-06-10T21:40:42Z,2025-06-10T21:40:42Z,NA,v3,NA,NA,NA,"Rogozinski, Benjamin",1000291537,Right,USA_TEA7,adf5ed9a-2c67-40ac-972d-ee48c5ce43a0,54.4352,-126.56438,13.69229,5.77009,-3.61299,-8.84032,-1.86096,6.47854,-4.83913,NA,NA,NA,NA,NA,NA,NA,NA,NA,NA,NA,NA,NA,NA,NA,NA,NA,NA,NA,NA,NA,NA,NA,NA,NA,NA,NA,NA,NA,NA,NA,NA,NA,NA,NA,NA,NA,NA,NA,NA,NA,NA,NA,NA,NA,NA,NA,NA,NA,NA,High,High,High,NA,NA,NA,NA,NA,NA,NA,NA,NA,NA,NA,NA,NA,NA,NA,NA,NA,NA,NA,NA,NA,NA,NA,NA,NA,NA,NA,NA,NA,NA,NA,NA,NA,NA,NA,NA,NA,NA,NA,NA,NA,NA,NA,NA,NA,NA,NA,NA,NA,NA,NA,NA,NA,NA,NA,NA,NA,NA
NA,NA,NA,NA,NA,NA,NA,NA,NA,NA,NA,NA,NA,NA,NA,NA,115,2025-06-10,17:40:55,1,2,"Benefield, Brodie",1000239356,Right,USA_TEA7,"D'Amico, Logan",10172584,Right,USA_DIR4,Undefined,5,Top,0,0,1,Undefined,Curveball,StrikeCalled,Undefined,Undefined,Undefined,0,0,NA,71.87629,1.383885,0.10207,2239.603764,111.792272,09:45:00,5.87201,1.82395,5.54594,-49.01999,6.45918,-11.26859,3.08053,0.98029,65.21882,-7.657247,-1.90856,0.536088,NA,NA,NA,NA,NA,NA,NA,NA,NA,NA,NA,5.67091,3.45229,-1.82536,50,5.96001,0.22834,-104.19247,1.05356,6.15174,19.66152,-28.42906,USA_TEA7,USA_DIR4,USABBCary1,USA Baseball,USA,20250610-USABBCary1-6,976fb900-4643-11f0-b1ef-e7d42f54913a,70.31011,NA,NA,6.65747,NA,NA,NA,NA,NA,NA,94966c17-51d9-438d-8e8b-63130879b621,2025-06-10,21:40:55,2025-06-10T21:40:55Z,2025-06-10T21:40:55Z,NA,v3,NA,NA,NA,"Rogozinski, Benjamin",1000291537,Right,USA_TEA7,14a081d4-f1d4-401c-a7cc-883b0a303f41,54.94928,-105.12227,9.83076,5.87839,2.39798,-14.21453,-1.82928,-0.06258,3.07587,NA,NA,NA,NA,NA,NA,NA,NA,NA,NA,NA,NA,NA,NA,NA,NA,NA,NA,NA,NA,NA,NA,NA,NA,NA,NA,NA,NA,NA,NA,NA,NA,NA,NA,NA,NA,NA,NA,NA,NA,NA,NA,NA,NA,NA,NA,NA,NA,NA,NA,High,High,High,NA,NA,NA,NA,NA,NA,NA,NA,NA,NA,NA,NA,NA,NA,NA,NA,NA,NA,NA,NA,NA,NA,NA,NA,NA,NA,NA,NA,NA,NA,NA,NA,NA,NA,NA,NA,NA,NA,NA,NA,NA,NA,NA,NA,NA,NA,NA,NA,NA,NA,NA,NA,NA,NA,NA,NA,NA,NA
NA,NA,NA,NA,NA,NA,NA,NA,NA,NA,NA,NA,NA,NA,NA,NA,116,2025-06-10,17:41:09,1,3,"Benefield, Brodie",1000239356,Right,USA_TEA7,"D'Amico, Logan",10172584,Right,USA_DIR4,Undefined,5,Top,0,0,2,Undefined,Four-Seam,FoulBallNotFieldable,Undefined,Undefined,Undefined,0,0,NA,88.18958,-0.843381,-3.544532,2095.944305,211.486195,01:00:00,5.86372,1.55958,6.45207,-18.66907,16.79895,9.55375,3.53161,-0.9048,80.02633,-4.429305,-1.816461,0.428637,75.05107,41.263652,154.602945,4288.721891,NA,NA,NA,NA,44.40181,NA,NA,-6.06843,9.39575,-1.31249,50,5.79541,7.55501,-127.92606,-2.37619,-9.98048,28.24624,-16.72129,USA_TEA7,USA_DIR4,USABBCary1,USA Baseball,USA,20250610-USABBCary1-6,9fc757c0-4643-11f0-b1ef-e7d42f54913a,87.93553,35.81457,NA,8.16325,NA,NA,NA,0.78048,3.48385,0.92727,94966c17-51d9-438d-8e8b-63130879b621,2025-06-10,21:41:09,2025-06-10T21:41:09Z,2025-06-10T21:41:09Z,NA,v3,NA,NA,NA,"Rogozinski, Benjamin",1000291537,Right,USA_TEA7,eee28192-9431-48e3-b5c0-915d872cdb00,54.04593,-128.8163,14.12312,5.862,-1.84918,-8.36065,-1.55556,7.86957,-4.99024,318.985443,0.78048,-74.74492,3.40542,0.63165,-0.24058,0.08569,-0.02175,0.00533,-9e-4,3.48385,72.59702,-29.99187,4.18171,-0.9447,0.2088,-0.0425,0.00767,-5e-4,0.92727,35.48679,-10.83197,1.52309,-0.29268,0.04212,-0.00694,5.2e-4,2.5e-4,NA,NA,NA,NA,NA,NA,NA,NA,NA,NA,NA,NA,NA,NA,NA,NA,NA,NA,NA,NA,NA,NA,High,High,High,High,Undefined,NA,NA,NA,NA,NA,NA,NA,NA,NA,NA,NA,NA,NA,NA,NA,NA,NA,NA,NA,NA,NA,NA,NA,NA,NA,NA,NA,NA,NA,NA,NA,NA,NA,NA,NA,NA,NA,NA,NA,NA,NA,NA,NA,NA,NA,NA,NA,NA,NA,NA,NA,NA,NA,NA,NA,NA
NA,NA,NA,NA,NA,NA,NA,NA,NA,NA,NA,NA,NA,NA,NA,NA,117,2025-06-10,17:41:26,1,4,"Benefield, Brodie",1000239356,Right,USA_TEA7,"D'Amico, Logan",10172584,Right,USA_DIR4,Undefined,5,Top,0,0,2,Undefined,Sinker,InPlay,Undefined,GroundBall,Out,1,0,NA,87.74607,-1.630438,-3.607945,2287.465098,228.542563,01:30:00,6.00186,1.60594,6.03476,-21.90182,15.15969,15.49958,2.66355,-0.44777,78.36776,-5.809105,-0.824416,0.43816,88.81925,-5.322627,-10.654499,NA,NA,NA,NA,21.92038,21.33857,-9.092786,0.164262,-9.24063,8.78107,-1.33229,50,5.86273,7.35873,-126.93443,-4.262,-14.69876,32.04939,-18.20632,USA_TEA7,USA_DIR4,USABBCary1,USA Baseball,USA,20250610-USABBCary1-6,a9764920-4643-11f0-b1ef-e7d42f54913a,86.02433,2.63243,NA,9.37831,NA,NA,NA,1.22335,2.63243,0.44955,94966c17-51d9-438d-8e8b-63130879b621,2025-06-10,21:41:26,2025-06-10T21:41:26Z,2025-06-10T21:41:26Z,GroundBall,v3,NA,NA,NA,"Rogozinski, Benjamin",1000291537,Right,USA_TEA7,287b9fdd-3ac6-4167-b223-b02aa9e722ac,54.46106,-128.05584,16.0247,6.00071,-3.62497,-9.10316,-1.59877,7.87304,-7.34938,14.922315,1.22378,127.43596,-18.97929,NA,NA,NA,NA,NA,NA,2.6332,-12.14563,-23.68541,NA,NA,NA,NA,NA,NA,0.44961,-23.98556,0.96649,NA,NA,NA,NA,NA,NA,NA,NA,NA,NA,NA,NA,NA,NA,NA,NA,NA,NA,NA,NA,NA,NA,NA,NA,NA,NA,NA,NA,High,High,High,High,High,NA,NA,NA,NA,NA,NA,NA,NA,NA,NA,NA,NA,NA,NA,NA,NA,NA,NA,NA,NA,NA,NA,NA,NA,NA,NA,NA,NA,NA,NA,NA,NA,NA,NA,NA,NA,NA,NA,NA,NA,NA,NA,NA,NA,NA,NA,NA,NA,NA,NA,NA,NA,NA,NA,NA,NA
NA,NA,NA,NA,NA,NA,NA,NA,NA,NA,NA,NA,NA,NA,NA,NA,118,2025-06-10,17:41:58,2,1,"Benefield, Brodie",1000239356,Right,USA_TEA7,"Bender, Zach",1000138841,Left,USA_DIR4,Undefined,5,Top,1,0,0,Undefined,Changeup,BallCalled,Undefined,Undefined,Undefined,0,0,NA,79.41124,-1.675886,-4.265427,1851.934499,225.055851,01:30:00,5.46387,2.23901,6.39657,-28.84068,15.01851,13.55902,1.51449,-0.56113,72.44338,-7.115947,-1.816263,0.476652,NA,NA,NA,NA,NA,NA,NA,NA,NA,NA,NA,-8.27126,8.77276,-1.93804,50,5.33002,8.09365,-115.04538,-4.13363,-11.03175,22.30757,-20.47347,USA_TEA7,USA_DIR4,USABBCary1,USA Baseball,USA,20250610-USABBCary1-6,bc84ac50-4643-11f0-b1ef-e7d42f54913a,79.07742,NA,NA,6.96786,NA,NA,NA,NA,NA,NA,94966c17-51d9-438d-8e8b-63130879b621,2025-06-10,21:41:58,2025-06-10T21:41:58Z,2025-06-10T21:41:58Z,NA,v3,NA,NA,NA,"Rogozinski, Benjamin",1000291537,Right,USA_TEA7,1e14d357-26fa-455a-8906-bb5835c36bec,54.10013,-115.83767,11.15378,5.46392,-3.40647,-10.23674,-2.23246,8.48547,-5.51588,NA,NA,NA,NA,NA,NA,NA,NA,NA,NA,NA,NA,NA,NA,NA,NA,NA,NA,NA,NA,NA,NA,NA,NA,NA,NA,NA,NA,NA,NA,NA,NA,NA,NA,NA,NA,NA,NA,NA,NA,NA,NA,NA,NA,NA,NA,NA,NA,NA,NA,High,High,High,NA,NA,NA,NA,NA,NA,NA,NA,NA,NA,NA,NA,NA,NA,NA,NA,NA,NA,NA,NA,NA,NA,NA,NA,NA,NA,NA,NA,NA,NA,NA,NA,NA,NA,NA,NA,NA,NA,NA,NA,NA,NA,NA,NA,NA,NA,NA,NA,NA,NA,NA,NA,NA,NA,NA,NA,NA,NA
NA,NA,NA,NA,NA,NA,NA,NA,NA,NA,NA,NA,NA,NA,NA,NA,119,2025-06-10,17:42:08,2,2,"Benefield, Brodie",1000239356,Right,USA_TEA7,"Bender, Zach",1000138841,Left,USA_DIR4,Undefined,5,Top,1,1,0,Undefined,Four-Seam,StrikeCalled,Undefined,Undefined,Undefined,0,0,NA,87.81839,-2.47763,-3.564147,2260.940444,218.800738,01:15:00,5.56382,2.08523,6.20295,-18.74568,17.40536,12.99757,1.70884,-0.12578,79.83604,-6.053279,-1.222912,0.432745,NA,NA,NA,NA,NA,NA,NA,NA,NA,NA,NA,-7.96894,10.1906,-1.82417,50,5.36797,7.43996,-127.29307,-6.04475,-12.96761,28.13751,-15.5912,USA_TEA7,USA_DIR4,USABBCary1,USA Baseball,USA,20250610-USABBCary1-6,c2811d00-4643-11f0-b1ef-e7d42f54913a,87.10087,NA,NA,7.98236,NA,NA,NA,NA,NA,NA,94966c17-51d9-438d-8e8b-63130879b621,2025-06-10,21:42:08,2025-06-10T21:42:08Z,2025-06-10T21:42:08Z,NA,v3,NA,NA,NA,"Rogozinski, Benjamin",1000291537,Right,USA_TEA7,94c1f1ba-d0e4-40ad-9b94-2898aa50ee31,54.29825,-128.23966,14.06876,5.56251,-5.52024,-7.7956,-2.0818,7.87621,-6.48381,NA,NA,NA,NA,NA,NA,NA,NA,NA,NA,NA,NA,NA,NA,NA,NA,NA,NA,NA,NA,NA,NA,NA,NA,NA,NA,NA,NA,NA,NA,NA,NA,NA,NA,NA,NA,NA,NA,NA,NA,NA,NA,NA,NA,NA,NA,NA,NA,NA,NA,High,High,High,NA,NA,NA,NA,NA,NA,NA,NA,NA,NA,NA,NA,NA,NA,NA,NA,NA,NA,NA,NA,NA,NA,NA,NA,NA,NA,NA,NA,NA,NA,NA,NA,NA,NA,NA,NA,NA,NA,NA,NA,NA,NA,NA,NA,NA,NA,NA,NA,NA,NA,NA,NA,NA,NA,NA,NA,NA,NA
NA,NA,NA,NA,NA,NA,NA,NA,NA,NA,NA,NA,NA,NA,NA,NA,120,2025-06-10,17:42:18,2,3,"Benefield, Brodie",1000239356,Right,USA_TEA7,"Bender, Zach",1000138841,Left,USA_DIR4,Undefined,5,Top,1,1,1,Undefined,Changeup,InPlay,Undefined,GroundBall,Single,0,0,NA,86.58108,-1.938716,-3.43071,2157.637961,243.29273,02:00:00,5.57065,2.03943,6.14683,-25.88234,11.2617,19.92399,1.61845,0.52588,78.995590000000007,-6.790424,0.159094,0.438648,95.98276,-6.38811,7.216179,NA,NA,NA,NA,17.30487,16.17701,4.808132,0.114372,-11.35611,6.75244,-1.78839,50,5.40945,6.74909,-125.56874,-5.04994,-18.04586,26.54666,-21.44379,USA_TEA7,USA_DIR4,USABBCary1,USA Baseball,USA,20250610-USABBCary1-6,c8fc3390-4643-11f0-b1ef-e7d42f54913a,85.92875,1.79327,NA,7.58549,NA,NA,NA,1.35348,1.79327,-0.56151,94966c17-51d9-438d-8e8b-63130879b621,2025-06-10,21:42:18,2025-06-10T21:42:18Z,2025-06-10T21:42:18Z,GroundBall,v3,NA,NA,NA,"Rogozinski, Benjamin",1000291537,Right,USA_TEA7,f484a31e-92f4-495e-bf76-69b70c58e7b3,54.35326,-126.48572,13.27333,5.57109,-4.30922,-10.72189,-2.03228,7.37243,-9.02293,180,1.35082,138.93688,NA,NA,NA,NA,NA,NA,NA,1.79357,-15.67927,NA,NA,NA,NA,NA,NA,NA,-0.56185,17.59167,NA,NA,NA,NA,NA,NA,NA,NA,NA,NA,NA,NA,NA,NA,NA,NA,NA,NA,NA,NA,NA,NA,NA,NA,NA,NA,NA,NA,NA,High,High,High,Low,Low,NA,NA,NA,NA,NA,NA,NA,NA,NA,NA,NA,NA,NA,NA,NA,NA,NA,NA,NA,NA,NA,NA,NA,NA,NA,NA,NA,NA,NA,NA,NA,NA,NA,NA,NA,NA,NA,NA,NA,NA,NA,NA,NA,NA,NA,NA,NA,NA,NA,NA,NA,NA,NA,NA,NA,NA
NA,NA,NA,NA,NA,NA,NA,NA,NA,NA,NA,NA,NA,NA,NA,NA,121,2025-06-10,17:42:51,3,1,"Benefield, Brodie",1000239356,Right,USA_TEA7,"Cross, Andrew",10171638,Right,USA_DIR4,Undefined,5,Top,1,0,0,Undefined,Changeup,BallCalled,Undefined,Undefined,Undefined,0,0,NA,85.08263,0.233396,-2.780063,2169.671757,227.352143,01:30:00,5.87244,1.83795,6.31252,-23.57655,14.49068,14.40481,4.12298,0.47552,77.5541,-4.238647,-0.177601,0.444065,NA,NA,NA,NA,NA,NA,NA,NA,NA,NA,NA,-8.20953,7.83016,-1.64045,50,5.87816,5.43412,-123.53185,-0.1549,-12.66411,24.99996,-20.09516,USA_TEA7,USA_DIR4,USABBCary1,USA Baseball,USA,20250610-USABBCary1-6,dc529c40-4643-11f0-b1ef-e7d42f54913a,84.8804,NA,NA,7.52853,NA,NA,NA,NA,NA,NA,94966c17-51d9-438d-8e8b-63130879b621,2025-06-10,21:42:51,2025-06-10T21:42:51Z,2025-06-10T21:42:51Z,NA,v3,NA,NA,NA,"Rogozinski, Benjamin",1000291537,Right,USA_TEA7,22fc6b99-c63e-4f41-9968-2bf62e339e23,54.18452,-124.37581,12.49998,5.87194,0.52349,-10.04758,-1.83112,5.86164,-6.33206,NA,NA,NA,NA,NA,NA,NA,NA,NA,NA,NA,NA,NA,NA,NA,NA,NA,NA,NA,NA,NA,NA,NA,NA,NA,NA,NA,NA,NA,NA,NA,NA,NA,NA,NA,NA,NA,NA,NA,NA,NA,NA,NA,NA,NA,NA,NA,NA,NA,NA,High,High,High,NA,NA,NA,NA,NA,NA,NA,NA,NA,NA,NA,NA,NA,NA,NA,NA,NA,NA,NA,NA,NA,NA,NA,NA,NA,NA,NA,NA,NA,NA,NA,NA,NA,NA,NA,NA,NA,NA,NA,NA,NA,NA,NA,NA,NA,NA,NA,NA,NA,NA,NA,NA,NA,NA,NA,NA,NA,NA
NA,NA,NA,NA,NA,NA,NA,NA,NA,NA,NA,NA,NA,NA,NA,NA,122,2025-06-10,17:43:05,3,2,"Benefield, Brodie",1000239356,Right,USA_TEA7,"Cross, Andrew",10171638,Right,USA_DIR4,Undefined,5,Top,1,1,0,Undefined,Curveball,FoulBallNotFieldable,Undefined,Undefined,Undefined,0,0,NA,70.23817,0.283292,-0.952816,2160.22747,100.618417,09:15:00,5.8118,1.82991,5.41697,-54.30428,3.99209,-10.49619,1.55187,0.06259,64.17259,-9.639527,-2.822897,0.549531,58.35986,4.964079,167.289365,1733.034542,NA,NA,NA,44.01645,44.01645,167.37,0.573914,4.85886,2.72201,-1.73847,50,5.80073,2.08872,-101.80198,-1.15788,5.04282,18.4319,-29.34901,USA_TEA7,USA_DIR4,USABBCary1,USA Baseball,USA,20250610-USABBCary1-6,e4b78170-4643-11f0-b1ef-e7d42f54913a,68.5902,2.42175,NA,6.06558,NA,NA,NA,2.65436,1.67748,-0.13379,94966c17-51d9-438d-8e8b-63130879b621,2025-06-10,21:43:05,2025-06-10T21:43:05Z,2025-06-10T21:43:05Z,GroundBall,v3,NA,NA,NA,"Rogozinski, Benjamin",1000291537,Right,USA_TEA7,a820ef05-91b4-43af-893a-cc915abdfa19,55.07594,-102.7169,9.21595,5.82204,0.29894,-14.6745,-1.83594,1.83841,2.52141,317.968921,2.65436,-83.18354,6.62803,-0.31454,0.10254,-0.00454,-5.2e-4,-5.7e-4,1.8e-4,1.67748,7.40658,-18.66214,1.24849,-0.18569,0.0468,-0.00534,4.8e-4,-1e-4,-0.13379,18.76244,-3.2825,0.42559,-0.09258,0.01559,-0.00191,8.6e-4,-3e-4,NA,NA,NA,NA,NA,NA,NA,NA,NA,NA,NA,NA,NA,NA,NA,NA,NA,NA,NA,NA,NA,NA,High,High,High,High,High,NA,NA,NA,NA,NA,NA,NA,NA,NA,NA,NA,NA,NA,NA,NA,NA,NA,NA,NA,NA,NA,NA,NA,NA,NA,NA,NA,NA,NA,NA,NA,NA,NA,NA,NA,NA,NA,NA,NA,NA,NA,NA,NA,NA,NA,NA,NA,NA,NA,NA,NA,NA,NA,NA,NA,NA
NA,NA,NA,NA,NA,NA,NA,NA,NA,NA,NA,NA,NA,NA,NA,NA,123,2025-06-10,17:43:23,3,3,"Benefield, Brodie",1000239356,Right,USA_TEA7,"Cross, Andrew",10171638,Right,USA_DIR4,Undefined,5,Top,1,1,1,Undefined,Curveball,BallCalled,Undefined,Undefined,Undefined,0,0,NA,70.49515,-0.497917,-2.074985,2226.829348,101.401864,09:30:00,5.86234,1.98316,5.4006,-53.68093,4.74209,-12.82989,0.92203,-1.03122,64.11215,-10.297024,-4.358326,0.550128,NA,NA,NA,NA,NA,NA,NA,NA,NA,NA,NA,5.71567,3.22669,-1.78906,50,5.78105,4.16209,-102.07013,-2.49951,5.90716,19.9878,-28.83928,USA_TEA7,USA_DIR4,USABBCary1,USA Baseball,USA,20250610-USABBCary1-6,efa13cc0-4643-11f0-b1ef-e7d42f54913a,68.5158,NA,NA,6.383,NA,NA,NA,NA,NA,NA,94966c17-51d9-438d-8e8b-63130879b621,2025-06-10,21:43:23,2025-06-10T21:43:23Z,2025-06-10T21:43:23Z,NA,v3,NA,NA,NA,"Rogozinski, Benjamin",1000291537,Right,USA_TEA7,3b95be20-f40f-410b-8bdf-5da172ecfd54,55.09488,-103.06301,9.9939,5.86963,-1.06695,-14.41964,-1.98852,3.86866,2.95358,NA,NA,NA,NA,NA,NA,NA,NA,NA,NA,NA,NA,NA,NA,NA,NA,NA,NA,NA,NA,NA,NA,NA,NA,NA,NA,NA,NA,NA,NA,NA,NA,NA,NA,NA,NA,NA,NA,NA,NA,NA,NA,NA,NA,NA,NA,NA,NA,NA,NA,High,High,High,NA,NA,NA,NA,NA,NA,NA,NA,NA,NA,NA,NA,NA,NA,NA,NA,NA,NA,NA,NA,NA,NA,NA,NA,NA,NA,NA,NA,NA,NA,NA,NA,NA,NA,NA,NA,NA,NA,NA,NA,NA,NA,NA,NA,NA,NA,NA,NA,NA,NA,NA,NA,NA,NA,NA,NA,NA,NA
NA,NA,NA,NA,NA,NA,NA,NA,NA,NA,NA,NA,NA,NA,NA,NA,124,2025-06-10,17:43:41,3,4,"Benefield, Brodie",1000239356,Right,USA_TEA7,"Cross, Andrew",10171638,Right,USA_DIR4,Undefined,5,Top,1,2,1,Undefined,Changeup,StrikeSwinging,Undefined,Undefined,Undefined,0,0,NA,82.92989,-0.746569,-2.872662,2047.542402,230.49454,01:45:00,5.79433,1.95042,6.04053,-25.75667,14.71265,16.26178,2.9558,0.64358,75.77691,-5.589472,0.051167,0.457862,NA,NA,NA,NA,NA,NA,NA,NA,NA,NA,NA,-9.13268,8.17465,-1.73475,50,5.72214,5.40354,-120.35889,-2.32108,-13.38521,23.5446,-20.19291,USA_TEA7,USA_DIR4,USABBCary1,USA Baseball,USA,20250610-USABBCary1-6,fa763790-4643-11f0-b1ef-e7d42f54913a,82.32278,NA,NA,7.15298,NA,NA,NA,NA,NA,NA,94966c17-51d9-438d-8e8b-63130879b621,2025-06-10,21:43:41,2025-06-10T21:43:41Z,2025-06-10T21:43:41Z,NA,v3,NA,NA,NA,"Rogozinski, Benjamin",1000291537,Right,USA_TEA7,b1454e6c-f0af-40ef-a806-80bbbdabdefa,54.4573,-121.22769,11.7723,5.79405,-1.57595,-10.09645,-1.94326,5.89746,-6.69261,NA,NA,NA,NA,NA,NA,NA,NA,NA,NA,NA,NA,NA,NA,NA,NA,NA,NA,NA,NA,NA,NA,NA,NA,NA,NA,NA,NA,NA,NA,NA,NA,NA,NA,NA,NA,NA,NA,NA,NA,NA,NA,NA,NA,NA,NA,NA,NA,NA,NA,High,High,High,NA,NA,NA,NA,NA,NA,NA,NA,NA,NA,NA,NA,NA,NA,NA,NA,NA,NA,NA,NA,NA,NA,NA,NA,NA,NA,NA,NA,NA,NA,NA,NA,NA,NA,NA,NA,NA,NA,NA,NA,NA,NA,NA,NA,NA,NA,NA,NA,NA,NA,NA,NA,NA,NA,NA,NA,NA,NA
NA,NA,NA,NA,NA,NA,NA,NA,NA,NA,NA,NA,NA,NA,NA,NA,125,2025-06-10,17:44:00,3,5,"Benefield, Brodie",1000239356,Right,USA_TEA7,"Cross, Andrew",10171638,Right,USA_DIR4,Undefined,5,Top,1,2,2,Undefined,Changeup,StrikeSwinging,Strikeout,Undefined,Undefined,0,0,NA,85.8441,-1.147877,-3.521411,2080.739814,232.479691,01:45:00,5.77418,2.00956,6.04668,-24.33403,13.38556,15.87773,2.68151,0.06854,78.59633,-5.71403,-0.668621,0.442033,NA,NA,NA,NA,NA,NA,NA,NA,NA,NA,NA,-9.11312,7.56894,-1.74342,50,5.6715,7.02709,-124.53783,-3.2385100000000002,-14.33585,24.62463,-20.26731,USA_TEA7,USA_DIR4,USABBCary1,USA Baseball,USA,20250610-USABBCary1-6,05a75c20-4644-11f0-b1ef-e7d42f54913a,85.27059,NA,NA,7.24778,NA,NA,NA,NA,NA,NA,94966c17-51d9-438d-8e8b-63130879b621,2025-06-10,21:44:00,2025-06-10T21:44:00Z,2025-06-10T21:44:00Z,NA,v3,NA,NA,NA,"Rogozinski, Benjamin",1000291537,Right,USA_TEA7,11c8301e-8be4-44ab-8106-e63bd3020f8a,54.45198,-125.41502,12.31231,5.77401,-2.51654,-10.13366,-2.00283,7.53777,-7.16792,NA,NA,NA,NA,NA,NA,NA,NA,NA,NA,NA,NA,NA,NA,NA,NA,NA,NA,NA,NA,NA,NA,NA,NA,NA,NA,NA,NA,80.68217,2.04532,0.789094,1.256226,-1.76061,2.35488,-0.0362,-1.54454,5.80038,1.84708,127.27973,0.63999,-2.68873,-1.4222,115.71669,-10.68724,5.85179,13.07927,-13.77189,1.77356,-8.84895,4.29175,High,High,High,NA,NA,High,High,High,NA,NA,NA,NA,NA,NA,NA,NA,NA,NA,NA,NA,NA,NA,NA,NA,NA,NA,NA,NA,NA,NA,NA,NA,NA,NA,NA,NA,NA,NA,NA,NA,NA,NA,NA,NA,NA,NA,NA,NA,NA,NA,NA,NA,NA,NA,NA,NA,NA,NA,NA,NA,NA
NA,NA,NA,NA,NA,NA,NA,NA,NA,NA,NA,NA,NA,NA,NA,NA,126,2025-06-10,17:44:29,4,1,"Benefield, Brodie",1000239356,Right,USA_TEA7,"Goff, Blake",1000324667,Right,USA_DIR4,Undefined,5,Top,2,0,0,Undefined,Sinker,FoulBallNotFieldable,Undefined,Undefined,Undefined,0,0,NA,86.8913,-0.633505,-3.175539,2146.348837,235.378484,01:45:00,5.72048,2.14373,6.09734,-25.27954,11.61812,15.06674,3.027,0.45924,79.14605,-5.383944,-0.464669,0.437191,NA,NA,NA,NA,NA,NA,NA,NA,NA,NA,NA,-8.67414,6.54075,-1.90681,50,5.65836,6.38546,-126.0666,-2.17568,-13.90397,26.57784,-21.6897,USA_TEA7,USA_DIR4,USABBCary1,USA Baseball,USA,20250610-USABBCary1-6,16dabdc0-4644-11f0-b1ef-e7d42f54913a,86.21513,NA,NA,7.74525,NA,NA,NA,NA,NA,NA,94966c17-51d9-438d-8e8b-63130879b621,2025-06-10,21:44:29,2025-06-10T21:44:29Z,2025-06-10T21:44:29Z,NA,v3,NA,NA,NA,"Rogozinski, Benjamin",1000291537,Right,USA_TEA7,a396876c-f53e-40a6-b829-6dce15c80b95,54.40088,-126.99101,13.28892,5.72092,-1.42128,-10.84485,-2.13732,6.86906,-6.95199,NA,NA,NA,NA,NA,NA,NA,NA,NA,NA,NA,NA,NA,NA,NA,NA,NA,NA,NA,NA,NA,NA,NA,NA,NA,NA,NA,NA,NA,NA,NA,NA,NA,NA,NA,NA,NA,NA,NA,NA,NA,NA,NA,NA,NA,NA,NA,NA,NA,NA,High,High,High,NA,NA,NA,NA,NA,NA,NA,NA,NA,NA,NA,NA,NA,NA,NA,NA,NA,NA,NA,NA,NA,NA,NA,NA,NA,NA,NA,NA,NA,NA,NA,NA,NA,NA,NA,NA,NA,NA,NA,NA,NA,NA,NA,NA,NA,NA,NA,NA,NA,NA,NA,NA,NA,NA,NA,NA,NA,NA
NA,NA,NA,NA,NA,NA,NA,NA,NA,NA,NA,NA,NA,NA,NA,NA,127,2025-06-10,17:45:11,4,2,"Benefield, Brodie",1000239356,Right,USA_TEA7,"Goff, Blake",1000324667,Right,USA_DIR4,Undefined,5,Top,2,0,1,Undefined,Changeup,BallCalled,Undefined,Undefined,Undefined,0,0,NA,86.21184,-1.367195,-5.134073,2184.833136,230.413478,01:45:00,5.60957,2.06346,6.27685,-22.82131,14.5043,16.05639,2.44225,-1.34361,78.63174,-5.682625,-2.247112,0.439719,NA,NA,NA,NA,NA,NA,NA,NA,NA,NA,NA,-9.72516,8.27843,-1.69061,50,5.49702,10.577819999999999,-124.79987,-3.63957,-15.32236,25.35239,-19.13104,USA_TEA7,USA_DIR4,USABBCary1,USA Baseball,USA,20250610-USABBCary1-6,2fa72910-4644-11f0-b1ef-e7d42f54913a,85.71944,NA,NA,7.5801,NA,NA,NA,NA,NA,NA,94966c17-51d9-438d-8e8b-63130879b621,2025-06-10,21:45:11,2025-06-10T21:45:11Z,2025-06-10T21:45:11Z,NA,v3,NA,NA,NA,"Rogozinski, Benjamin",1000291537,Right,USA_TEA7,3daa6a7e-8c54-4fed-bd5e-c502daf73390,54.22105,-125.65443,12.67619,5.60883,-2.99471,-9.56552,-2.05586,11.09429,-7.66118,NA,NA,NA,NA,NA,NA,NA,NA,NA,NA,NA,NA,NA,NA,NA,NA,NA,NA,NA,NA,NA,NA,NA,NA,NA,NA,NA,NA,NA,NA,NA,NA,NA,NA,NA,NA,NA,NA,NA,NA,NA,NA,NA,NA,NA,NA,NA,NA,NA,NA,High,High,High,NA,NA,NA,NA,NA,NA,NA,NA,NA,NA,NA,NA,NA,NA,NA,NA,NA,NA,NA,NA,NA,NA,NA,NA,NA,NA,NA,NA,NA,NA,NA,NA,NA,NA,NA,NA,NA,NA,NA,NA,NA,NA,NA,NA,NA,NA,NA,NA,NA,NA,NA,NA,NA,NA,NA,NA,NA,NA
NA,NA,NA,NA,NA,NA,NA,NA,NA,NA,NA,NA,NA,NA,NA,NA,128,2025-06-10,17:45:29,4,3,"Benefield, Brodie",1000239356,Right,USA_TEA7,"Goff, Blake",1000324667,Right,USA_DIR4,Undefined,5,Top,2,1,1,Undefined,Changeup,InPlay,Undefined,GroundBall,Out,1,0,NA,85.21704,-1.097915,-3.703469,2188.419634,242.495203,02:00:00,5.56229,2.12433,6.19799,-27.25462,11.02028,18.7147,2.2753,0.26031,77.65149,-6.215372,-0.331026,0.445275,82.63687,-25.692367,-34.20089,NA,NA,NA,NA,5.67886,5.67886,-30.363971,0.042455,-10.81788,6.40248,-1.85483,50,5.4658,7.28246,-123.59959,-3.19042,-16.65048,25.79196,-22.31961,USA_TEA7,USA_DIR4,USABBCary1,USA Baseball,USA,20250610-USABBCary1-6,3aaf1ac0-4644-11f0-b1ef-e7d42f54913a,84.64977,2.23591,NA,7.56555,NA,NA,NA,1.05611,2.23591,-0.25829,94966c17-51d9-438d-8e8b-63130879b621,2025-06-10,21:45:29,2025-06-10T21:45:29Z,2025-06-10T21:45:29Z,GroundBall,v3,NA,NA,NA,"Rogozinski, Benjamin",1000291537,Right,USA_TEA7,32de1ba7-3e01-4064-871e-f949f75a0ce2,54.30174,-124.49401,12.89598,5.56302,-2.41642,-11.1598,-2.11739,7.85988,-8.32524,NA,1.0547,90.53799,NA,NA,NA,NA,NA,NA,NA,2.23673,-52.66548,NA,NA,NA,NA,NA,NA,NA,-0.25733,-61.53161,NA,NA,NA,NA,NA,NA,NA,NA,NA,NA,NA,NA,NA,NA,NA,NA,NA,NA,NA,NA,NA,NA,NA,NA,NA,NA,NA,NA,NA,High,High,High,Estimated,Estimated,NA,NA,NA,NA,NA,NA,NA,NA,NA,NA,NA,NA,NA,NA,NA,NA,NA,NA,NA,NA,NA,NA,NA,NA,NA,NA,NA,NA,NA,NA,NA,NA,NA,NA,NA,NA,NA,NA,NA,NA,NA,NA,NA,NA,NA,NA,NA,NA,NA,NA,NA,NA,NA,NA,NA,NA
NA,NA,NA,NA,NA,NA,NA,NA,NA,NA,NA,NA,NA,NA,NA,NA,129,2025-06-10,17:47:26,1,1,"Rumbley, Nick",1000423385,Right,USA_DIR4,"Ryan, Jack",1000408070,Left,USA_TEA7,Undefined,5,Bottom,0,0,0,Undefined,Sinker,StrikeCalled,Undefined,Undefined,Undefined,0,0,NA,87.51237,-1.153347,-4.624413,2113.779042,249.341155,02:15:00,4.94593,2.07467,6.19319,-27.07139,9.33095,21.48214,1.62156,-0.4138,79.60263,-6.229354,-0.759293,0.434246,NA,NA,NA,NA,NA,NA,NA,NA,NA,NA,NA,-12.3991,5.54319,-1.73591,50,4.84525,9.37811,-126.76367,-3.40764,-20.07229,27.14757,-23.20047,USA_TEA7,USA_DIR4,USABBCary1,USA Baseball,USA,20250610-USABBCary1-6,8010caf0-4644-11f0-b1ef-e7d42f54913a,86.7997,NA,NA,7.90974,NA,NA,NA,NA,NA,NA,94966c17-51d9-438d-8e8b-63130879b621,2025-06-10,21:47:26,2025-06-10T21:47:26Z,2025-06-10T21:47:26Z,NA,v3,NA,NA,NA,"Holden, Will",NA,Right,USA_DIR4,f816c4de-0e2e-454c-988d-4da6fbca6779,54.3056,-127.68242,13.57379,4.94729,-2.62247,-11.60024,-2.06479,10.05742,-10.03615,NA,NA,NA,NA,NA,NA,NA,NA,NA,NA,NA,NA,NA,NA,NA,NA,NA,NA,NA,NA,NA,NA,NA,NA,NA,NA,NA,NA,NA,NA,NA,NA,NA,NA,NA,NA,NA,NA,NA,NA,NA,NA,NA,NA,NA,NA,NA,NA,NA,NA,High,High,High,NA,NA,NA,NA,NA,NA,NA,NA,NA,NA,NA,NA,NA,NA,NA,NA,NA,NA,NA,NA,NA,NA,NA,NA,NA,NA,NA,NA,NA,NA,NA,NA,NA,NA,NA,NA,NA,NA,NA,NA,NA,NA,NA,NA,NA,NA,NA,NA,NA,NA,NA,NA,NA,NA,NA,NA,NA,NA
NA,NA,NA,NA,NA,NA,NA,NA,NA,NA,NA,NA,NA,NA,NA,NA,130,2025-06-10,17:47:36,1,2,"Rumbley, Nick",1000423385,Right,USA_DIR4,"Ryan, Jack",1000408070,Left,USA_TEA7,Undefined,5,Bottom,0,0,1,Undefined,Sinker,BallCalled,Undefined,Undefined,Undefined,0,0,NA,88.66226,-1.151139,-4.563139,1973.142313,260.588341,02:45:00,5.00789,1.7415,6.32654,-31.05832,4.19839,18.25808,1.35611,-0.94807,80.83312,-6.943187,-1.268613,0.427358,NA,NA,NA,NA,NA,NA,NA,NA,NA,NA,NA,-10.76438,2.90083,-1.41576,50,4.9092,9.51424,-128.47573,-3.59691,-17.90804,27.77255,-27.34809,USA_TEA7,USA_DIR4,USABBCary1,USA Baseball,USA,20250610-USABBCary1-6,8647ac90-4644-11f0-b1ef-e7d42f54913a,88.19865,NA,NA,7.82915,NA,NA,NA,NA,NA,NA,94966c17-51d9-438d-8e8b-63130879b621,2025-06-10,21:47:36,2025-06-10T21:47:36Z,2025-06-10T21:47:36Z,NA,v3,NA,NA,NA,"Holden, Will",NA,Right,USA_DIR4,ced88914-83f0-4954-b98c-ab544830b320,54.17235,-129.37452,13.88628,5.01129,-2.71186,-13.67405,-1.73304,10.09379,-8.95402,NA,NA,NA,NA,NA,NA,NA,NA,NA,NA,NA,NA,NA,NA,NA,NA,NA,NA,NA,NA,NA,NA,NA,NA,NA,NA,NA,NA,NA,NA,NA,NA,NA,NA,NA,NA,NA,NA,NA,NA,NA,NA,NA,NA,NA,NA,NA,NA,NA,NA,High,High,High,NA,NA,NA,NA,NA,NA,NA,NA,NA,NA,NA,NA,NA,NA,NA,NA,NA,NA,NA,NA,NA,NA,NA,NA,NA,NA,NA,NA,NA,NA,NA,NA,NA,NA,NA,NA,NA,NA,NA,NA,NA,NA,NA,NA,NA,NA,NA,NA,NA,NA,NA,NA,NA,NA,NA,NA,NA,NA
NA,NA,NA,NA,NA,NA,NA,NA,NA,NA,NA,NA,NA,NA,NA,NA,131,2025-06-10,17:47:53,1,3,"Rumbley, Nick",1000423385,Right,USA_DIR4,"Ryan, Jack",1000408070,Left,USA_TEA7,Undefined,5,Bottom,0,1,1,Undefined,Changeup,FoulBallNotFieldable,Undefined,Undefined,Undefined,0,0,NA,88.05139,-1.077855,-4.054613,1940.906912,261.988354,02:45:00,4.81866,2.01445,6.44649,-31.73533,3.83024,18.78733,1.18111,-0.15155,80.25794,-7.009549,-0.652868,0.429226,NA,NA,NA,NA,NA,NA,NA,NA,NA,NA,NA,-11.07662,2.65421,-1.73482,50,4.72789,8.33685,-127.72237,-3.39946,-18.17773,27.90819,-27.81827,USA_TEA7,USA_DIR4,USABBCary1,USA Baseball,USA,20250610-USABBCary1-6,9023c870-4644-11f0-b1ef-e7d42f54913a,87.81489,NA,NA,7.79345,NA,NA,NA,NA,NA,NA,94966c17-51d9-438d-8e8b-63130879b621,2025-06-10,21:47:53,2025-06-10T21:47:53Z,2025-06-10T21:47:53Z,NA,v3,NA,NA,NA,"Holden, Will",NA,Right,USA_DIR4,97e7c88d-a774-4686-9db2-cffc2775a001,54.05404,-128.60516,13.95409,4.82151,-2.51952,-13.90913,-2.00762,8.91184,-9.08886,NA,NA,NA,NA,NA,NA,NA,NA,NA,NA,NA,NA,NA,NA,NA,NA,NA,NA,NA,NA,NA,NA,NA,NA,NA,NA,NA,NA,NA,NA,NA,NA,NA,NA,NA,NA,NA,NA,NA,NA,NA,NA,NA,NA,NA,NA,NA,NA,NA,NA,High,High,High,NA,NA,NA,NA,NA,NA,NA,NA,NA,NA,NA,NA,NA,NA,NA,NA,NA,NA,NA,NA,NA,NA,NA,NA,NA,NA,NA,NA,NA,NA,NA,NA,NA,NA,NA,NA,NA,NA,NA,NA,NA,NA,NA,NA,NA,NA,NA,NA,NA,NA,NA,NA,NA,NA,NA,NA,NA,NA
NA,NA,NA,NA,NA,NA,NA,NA,NA,NA,NA,NA,NA,NA,NA,NA,132,2025-06-10,17:48:10,1,4,"Rumbley, Nick",1000423385,Right,USA_DIR4,"Ryan, Jack",1000408070,Left,USA_TEA7,Undefined,5,Bottom,0,1,2,Undefined,Sinker,InPlay,Undefined,FlyBall,Out,1,0,NA,91.47171,0.841933,-2.821751,2162.86251,250.33694,02:15:00,4.98252,2.04046,6.23783,-25.63076,7.65378,18.22261,3.62426,0.954,82.6962,-3.985643,0.466273,0.415234,90.51616,25.869627,7.653837,2497.934231,109.14321,48.28449,13.69838,317.332,310.54198,6.03395,4.277303,-10.35788,4.03213,-1.83897,50,5.03269,5.78985,-132.74143,1.12197,-18.27964,31.30332,-25.05817,USA_TEA7,USA_DIR4,USABBCary1,USA Baseball,USA,20250610-USABBCary1-6,9aa7bd10-4644-11f0-b1ef-e7d42f54913a,90.77404,60.06624,NA,8.77551,NA,NA,NA,1.77526,3.68494,-0.93066,94966c17-51d9-438d-8e8b-63130879b621,2025-06-10,21:48:10,2025-06-10T21:48:10Z,2025-06-10T21:48:10Z,LineDrive,v3,NA,NA,NA,"Holden, Will",NA,Right,USA_DIR4,f5c5f563-015a-470a-8d60-6365bcd40363,54.26143,-133.74259,15.65166,4.98399,1.92339,-12.52909,-2.0335,6.37448,-9.13982,184.573553,1.77537,118.39264,-21.86965,5.23844,-1.20915,0.29536,-0.06764,0.01015,-6.5e-4,3.68587,57.89391,-15.70907,0.13439,0.43153,-0.26259,0.08259,-0.01274,7.6e-4,-0.93088,15.91315,-2.06909,-0.19454,0.12926,-0.02758,0.00253,1.3e-4,-3e-5,NA,NA,NA,NA,NA,NA,NA,NA,NA,NA,NA,NA,NA,NA,NA,NA,NA,NA,NA,NA,NA,NA,High,High,High,High,High,NA,NA,NA,NA,NA,NA,NA,NA,NA,NA,NA,NA,NA,NA,NA,NA,NA,NA,NA,NA,NA,NA,NA,NA,NA,NA,NA,NA,NA,NA,NA,NA,NA,NA,NA,NA,NA,NA,NA,NA,NA,NA,NA,NA,NA,NA,NA,NA,NA,NA,NA,NA,NA,NA,NA,NA
NA,NA,NA,NA,NA,NA,NA,NA,NA,NA,NA,NA,NA,NA,NA,NA,133,2025-06-10,17:48:43,2,1,"Rumbley, Nick",1000423385,Right,USA_DIR4,"Rogozinski, Benjamin",1000291537,Right,USA_TEA7,Undefined,5,Bottom,1,0,0,Undefined,Slider,BallCalled,Undefined,Undefined,Undefined,0,0,NA,78.76039,-1.73593,-4.567824,2009.829821,177.198323,12:00:00,4.67256,2.0128,6.03254,-37.19644,8.66441,-0.3411,-0.04027,-2.25453,71.32423,-8.638494,-4.628937,0.487408,NA,NA,NA,NA,NA,NA,NA,NA,NA,NA,NA,-1.35307,5.52,-1.65517,50,4.51661,9.10865,-113.85513,-4.55111,-1.74201,24.64561,-25.06735,USA_TEA7,USA_DIR4,USABBCary1,USA Baseball,USA,20250610-USABBCary1-6,ae3cb560-4644-11f0-b1ef-e7d42f54913a,77.33245,NA,NA,7.43616,NA,NA,NA,NA,NA,NA,94966c17-51d9-438d-8e8b-63130879b621,2025-06-10,21:48:43,2025-06-10T21:48:43Z,2025-06-10T21:48:43Z,NA,v3,NA,NA,NA,"Holden, Will",NA,Right,USA_DIR4,98b3e7b9-991b-4d0a-be54-449e5d66d849,54.46409,-114.81738,12.32281,4.6752,-3.57239,-12.53367,-2.01214,9.17666,-0.871,NA,NA,NA,NA,NA,NA,NA,NA,NA,NA,NA,NA,NA,NA,NA,NA,NA,NA,NA,NA,NA,NA,NA,NA,NA,NA,NA,NA,NA,NA,NA,NA,NA,NA,NA,NA,NA,NA,NA,NA,NA,NA,NA,NA,NA,NA,NA,NA,NA,NA,High,High,High,NA,NA,NA,NA,NA,NA,NA,NA,NA,NA,NA,NA,NA,NA,NA,NA,NA,NA,NA,NA,NA,NA,NA,NA,NA,NA,NA,NA,NA,NA,NA,NA,NA,NA,NA,NA,NA,NA,NA,NA,NA,NA,NA,NA,NA,NA,NA,NA,NA,NA,NA,NA,NA,NA,NA,NA,NA,NA
NA,NA,NA,NA,NA,NA,NA,NA,NA,NA,NA,NA,NA,NA,NA,NA,134,2025-06-10,17:49:04,2,2,"Rumbley, Nick",1000423385,Right,USA_DIR4,"Rogozinski, Benjamin",1000291537,Right,USA_TEA7,Undefined,5,Bottom,1,1,0,Undefined,Curveball,BallCalled,Undefined,Undefined,Undefined,0,0,NA,77.07447,-0.32486,-3.91735,1949.969783,221.247033,01:15:00,4.69519,2.17619,6.10653,-42.43613,4.36185,2.5404,0.85773,-1.24027,70.91035,-8.161536,-3.460758,0.492362,NA,NA,NA,NA,NA,NA,NA,NA,NA,NA,NA,-2.40059,2.81862,-1.87616,50,4.64818,7.56307,-111.76886,-1.88431,-3.03583,20.19818,-28.60959,USA_TEA7,USA_DIR4,USABBCary1,USA Baseball,USA,20250610-USABBCary1-6,bab6d4b0-4644-11f0-b1ef-e7d42f54913a,76.55425,NA,NA,6.16411,NA,NA,NA,NA,NA,NA,94966c17-51d9-438d-8e8b-63130879b621,2025-06-10,21:49:04,2025-06-10T21:49:04Z,2025-06-10T21:49:04Z,NA,v3,NA,NA,NA,"Holden, Will",NA,Right,USA_DIR4,a1af9bff-eebf-478c-b7dc-fe9478952f8f,54.39157,-112.55968,10.09909,4.70003,-0.76416,-14.30479,-2.17461,7.68193,-1.51791,NA,NA,NA,NA,NA,NA,NA,NA,NA,NA,NA,NA,NA,NA,NA,NA,NA,NA,NA,NA,NA,NA,NA,NA,NA,NA,NA,NA,NA,NA,NA,NA,NA,NA,NA,NA,NA,NA,NA,NA,NA,NA,NA,NA,NA,NA,NA,NA,NA,NA,High,High,High,NA,NA,NA,NA,NA,NA,NA,NA,NA,NA,NA,NA,NA,NA,NA,NA,NA,NA,NA,NA,NA,NA,NA,NA,NA,NA,NA,NA,NA,NA,NA,NA,NA,NA,NA,NA,NA,NA,NA,NA,NA,NA,NA,NA,NA,NA,NA,NA,NA,NA,NA,NA,NA,NA,NA,NA,NA,NA
NA,NA,NA,NA,NA,NA,NA,NA,NA,NA,NA,NA,NA,NA,NA,NA,135,2025-06-10,17:49:17,2,3,"Rumbley, Nick",1000423385,Right,USA_DIR4,"Rogozinski, Benjamin",1000291537,Right,USA_TEA7,Undefined,5,Bottom,1,2,0,Undefined,Sinker,InPlay,Undefined,LineDrive,Out,1,0,NA,89.04811,-1.137699,-3.587437,2159.794154,246.987352,02:15:00,4.99004,1.92393,6.52571,-25.16623,9.50658,19.62218,1.84692,0.26363,80.94898,-5.895481,-0.028395,0.423805,84.53981,8.839407,7.397663,3113.098826,108.17403,8.90132,19.95866,170.27435,146.48257,12.304622,1.720041,-11.37571,5.67158,-1.68224,50,4.89997,7.3425,-129.21892,-3.31387,-19.0899,28.810669999999998,-22.65644,USA_TEA7,USA_DIR4,USABBCary1,USA Baseball,USA,20250610-USABBCary1-6,c266e8d0-4644-11f0-b1ef-e7d42f54913a,88.9382,9.43025,NA,8.09913,NA,NA,NA,1.17787,1.76439,-0.27201,94966c17-51d9-438d-8e8b-63130879b621,2025-06-10,21:49:17,2025-06-10T21:49:17Z,2025-06-10T21:49:17Z,GroundBall,v3,NA,NA,NA,"Holden, Will",NA,Right,USA_DIR4,6c9ae365-fef6-42ab-bb42-19809cab5120,53.97382,-130.10191,14.40534,4.9909,-2.6195,-11.32822,-1.91624,7.92757,-9.54495,227.88818,1.17787,121.49907,-19.9501,4.01285,-0.76631,0.12563,-0.01804,0.00218,-1.2e-4,1.76439,19.05323,-11.79416,-0.18672,0.22405,-0.06538,0.01663,-0.00254,1.7e-4,-0.27201,15.77494,5.62183,-2.21869,0.67257,-0.16725,0.03611,-0.00577,4.8e-4,NA,NA,NA,NA,NA,NA,NA,NA,NA,NA,NA,NA,NA,NA,NA,NA,NA,NA,NA,NA,NA,NA,High,High,High,High,High,NA,NA,NA,NA,NA,NA,NA,NA,NA,NA,NA,NA,NA,NA,NA,NA,NA,NA,NA,NA,NA,NA,NA,NA,NA,NA,NA,NA,NA,NA,NA,NA,NA,NA,NA,NA,NA,NA,NA,NA,NA,NA,NA,NA,NA,NA,NA,NA,NA,NA,NA,NA,NA,NA,NA,NA
NA,NA,NA,NA,NA,NA,NA,NA,NA,NA,NA,NA,NA,NA,NA,NA,136,2025-06-10,17:49:49,3,1,"Rumbley, Nick",1000423385,Right,USA_DIR4,"Rogozinski, Maddox",10145164,Right,USA_TEA7,Undefined,5,Bottom,2,0,0,Undefined,Slider,StrikeCalled,Undefined,Undefined,Undefined,0,0,NA,77.72242,1.013619,-3.227873,2076.229834,154.37964,11:15:00,4.67876,2.1348,6.04129,-39.27167,6.99134,-2.63886,2.34619,-1.07687,71.00579,-6.281657,-3.701439,0.48954,NA,NA,NA,NA,NA,NA,NA,NA,NA,NA,NA,0.41575,3.77366,-1.8816,50,4.73693,6.45276,-112.70789,0.83907,0.53257,21.28372,-27.34021,USA_TEA7,USA_DIR4,USABBCary1,USA Baseball,USA,20250610-USABBCary1-6,d530a1e0-4644-11f0-b1ef-e7d42f54913a,76.99558,NA,NA,6.71664,NA,NA,NA,NA,NA,NA,94966c17-51d9-438d-8e8b-63130879b621,2025-06-10,21:49:49,2025-06-10T21:49:49Z,2025-06-10T21:49:49Z,NA,v3,NA,NA,NA,"Holden, Will",NA,Right,USA_DIR4,20549105-2df3-4bfd-bc57-a7ba9790b675,54.45573,-113.54619,10.64186,4.68267,1.91592,-13.67011,-2.13534,6.43179,0.26629,NA,NA,NA,NA,NA,NA,NA,NA,NA,NA,NA,NA,NA,NA,NA,NA,NA,NA,NA,NA,NA,NA,NA,NA,NA,NA,NA,NA,NA,NA,NA,NA,NA,NA,NA,NA,NA,NA,NA,NA,NA,NA,NA,NA,NA,NA,NA,NA,NA,NA,High,High,High,NA,NA,NA,NA,NA,NA,NA,NA,NA,NA,NA,NA,NA,NA,NA,NA,NA,NA,NA,NA,NA,NA,NA,NA,NA,NA,NA,NA,NA,NA,NA,NA,NA,NA,NA,NA,NA,NA,NA,NA,NA,NA,NA,NA,NA,NA,NA,NA,NA,NA,NA,NA,NA,NA,NA,NA,NA,NA
NA,NA,NA,NA,NA,NA,NA,NA,NA,NA,NA,NA,NA,NA,NA,NA,137,2025-06-10,17:49:59,3,2,"Rumbley, Nick",1000423385,Right,USA_DIR4,"Rogozinski, Maddox",10145164,Right,USA_TEA7,Undefined,5,Bottom,2,0,1,Undefined,Slider,StrikeSwinging,Undefined,Undefined,Undefined,0,0,NA,79.07788,0.788918,-3.840319,2119.931173,147.796812,11:00:00,4.49184,2.02124,6.08614,-40.15731,4.68599,-2.00839,1.87691,-1.70409,72.01068,-6.665701,-4.200703,0.48197,NA,NA,NA,NA,NA,NA,NA,NA,NA,NA,NA,-0.13374,2.66028,-1.72351,50,4.53201,7.76566,-114.57101,0.36987,-0.17627,22.82881,-28.66773,USA_TEA7,USA_DIR4,USABBCary1,USA Baseball,USA,20250610-USABBCary1-6,db57a500-4644-11f0-b1ef-e7d42f54913a,78.20494,NA,NA,7.06719,NA,NA,NA,NA,NA,NA,94966c17-51d9-438d-8e8b-63130879b621,2025-06-10,21:49:59,2025-06-10T21:49:59Z,2025-06-10T21:49:59Z,NA,v3,NA,NA,NA,"Holden, Will",NA,Right,USA_DIR4,40fada17-730c-4784-81c1-4648246bfe86,54.41039,-115.44646,11.4144,4.49675,1.46923,-14.33387,-2.02144,7.77242,-0.08813,NA,NA,NA,NA,NA,NA,NA,NA,NA,NA,NA,NA,NA,NA,NA,NA,NA,NA,NA,NA,NA,NA,NA,NA,NA,NA,NA,NA,NA,NA,NA,NA,NA,NA,NA,NA,NA,NA,NA,NA,NA,NA,NA,NA,NA,NA,NA,NA,NA,NA,High,High,High,NA,NA,NA,NA,NA,NA,NA,NA,NA,NA,NA,NA,NA,NA,NA,NA,NA,NA,NA,NA,NA,NA,NA,NA,NA,NA,NA,NA,NA,NA,NA,NA,NA,NA,NA,NA,NA,NA,NA,NA,NA,NA,NA,NA,NA,NA,NA,NA,NA,NA,NA,NA,NA,NA,NA,NA,NA,NA
NA,NA,NA,NA,NA,NA,NA,NA,NA,NA,NA,NA,NA,NA,NA,NA,138,2025-06-10,17:50:13,3,3,"Rumbley, Nick",1000423385,Right,USA_DIR4,"Rogozinski, Maddox",10145164,Right,USA_TEA7,Undefined,5,Bottom,2,0,2,Undefined,Slider,BallCalled,Undefined,Undefined,Undefined,0,0,NA,79.37239,0.821945,-3.541675,2121.210995,138.299184,10:30:00,4.35374,1.70981,6.09701,-40.82668,3.74988,-1.98421,1.71325,-1.73542,72.10496,-6.761752,-3.898073,0.480535,NA,NA,NA,NA,NA,NA,NA,NA,NA,NA,NA,-0.08394,2.16937,-1.43591,50,4.39611,7.19273,-115.01116,0.41324,-0.11117,23.55282,-29.30077,USA_TEA7,USA_DIR4,USABBCary1,USA Baseball,USA,20250610-USABBCary1-6,e3d5de90-4644-11f0-b1ef-e7d42f54913a,78.43856,NA,NA,7.26743,NA,NA,NA,NA,NA,NA,94966c17-51d9-438d-8e8b-63130879b621,2025-06-10,21:50:13,2025-06-10T21:50:13Z,2025-06-10T21:50:13Z,NA,v3,NA,NA,NA,"Holden, Will",NA,Right,USA_DIR4,3fea6e2b-a6ea-4822-9e34-e926121ab6fb,54.39933,-115.90859,11.77641,4.35909,1.52968,-14.65038,-1.71005,7.19697,-0.05558,NA,NA,NA,NA,NA,NA,NA,NA,NA,NA,NA,NA,NA,NA,NA,NA,NA,NA,NA,NA,NA,NA,NA,NA,NA,NA,NA,NA,NA,NA,NA,NA,NA,NA,NA,NA,NA,NA,NA,NA,NA,NA,NA,NA,NA,NA,NA,NA,NA,NA,High,High,High,NA,NA,NA,NA,NA,NA,NA,NA,NA,NA,NA,NA,NA,NA,NA,NA,NA,NA,NA,NA,NA,NA,NA,NA,NA,NA,NA,NA,NA,NA,NA,NA,NA,NA,NA,NA,NA,NA,NA,NA,NA,NA,NA,NA,NA,NA,NA,NA,NA,NA,NA,NA,NA,NA,NA,NA,NA,NA
NA,NA,NA,NA,NA,NA,NA,NA,NA,NA,NA,NA,NA,NA,NA,NA,139,2025-06-10,17:50:26,3,4,"Rumbley, Nick",1000423385,Right,USA_DIR4,"Rogozinski, Maddox",10145164,Right,USA_TEA7,Undefined,5,Bottom,2,1,2,Undefined,Sinker,StrikeSwinging,Strikeout,Undefined,Undefined,0,0,NA,90.89649,-0.946716,-3.54812,2096.189641,264.717517,02:45:00,4.99952,1.85191,6.3571,-30.51903,3.0065,20.2169,1.5832,0.26692,82.62922,-6.646955,0.109592,0.416734,NA,NA,NA,NA,NA,NA,NA,NA,NA,NA,NA,-11.6606,2.17063,-1.60386,50,4.91661,7.36766,-131.89007,-3.18776,-20.35419,30.41062,-28.38507,USA_TEA7,USA_DIR4,USABBCary1,USA Baseball,USA,20250610-USABBCary1-6,ebb34440-4644-11f0-b1ef-e7d42f54913a,90.44717,NA,NA,8.26727,NA,NA,NA,NA,NA,NA,94966c17-51d9-438d-8e8b-63130879b621,2025-06-10,21:50:26,2025-06-10T21:50:26Z,2025-06-10T21:50:26Z,NA,v3,NA,NA,NA,"Holden, Will",NA,Right,USA_DIR4,8e20e3a2-399b-411e-87d3-4d36a4408109,54.14334,-132.84198,15.20531,5.00249,-2.29925,-14.19254,-1.84446,8.00479,-10.17709,NA,NA,NA,NA,NA,NA,NA,NA,NA,NA,NA,NA,NA,NA,NA,NA,NA,NA,NA,NA,NA,NA,NA,NA,NA,NA,NA,NA,NA,NA,NA,NA,NA,NA,NA,NA,NA,NA,NA,NA,NA,NA,NA,NA,NA,NA,NA,NA,NA,NA,High,High,High,NA,NA,NA,NA,NA,NA,NA,NA,NA,NA,NA,NA,NA,NA,NA,NA,NA,NA,NA,NA,NA,NA,NA,NA,NA,NA,NA,NA,NA,NA,NA,NA,NA,NA,NA,NA,NA,NA,NA,NA,NA,NA,NA,NA,NA,NA,NA,NA,NA,NA,NA,NA,NA,NA,NA,NA,NA,NA
NA,NA,NA,NA,NA,NA,NA,NA,NA,NA,NA,NA,NA,NA,NA,NA,140,2025-06-10,17:52:44,1,1,"Benefield, Brodie",1000239356,Right,USA_TEA7,"Waller, Hayden",10156075,Left,USA_DIR4,Undefined,6,Top,0,0,0,Undefined,Changeup,BallCalled,Undefined,Undefined,Undefined,0,0,NA,85.79302,1.30796,-4.543237,2230.161794,239.411694,02:00:00,5.62111,2.08172,6.3796,-25.68627,11.97591,18.1093,4.68787,-0.59759,77.65811,-3.559229,-1.277735,0.441697,NA,NA,NA,NA,NA,NA,NA,NA,NA,NA,NA,-10.66646,6.22705,-1.76104,50,5.70377,9.15393,-124.26076,2.11133,-16.57284,26.35681,-22.49886,USA_TEA7,USA_DIR4,USABBCary1,USA Baseball,USA,20250610-USABBCary1-6,3d872480-4645-11f0-b1ef-e7d42f54913a,85.33553,NA,NA,8.1349,NA,NA,NA,NA,NA,NA,94966c17-51d9-438d-8e8b-63130879b621,2025-06-10,21:52:44,2025-06-10T21:52:44Z,2025-06-10T21:52:44Z,NA,v3,NA,NA,NA,"Rogozinski, Benjamin",1000291537,Right,USA_TEA7,29e08b17-9998-4e9b-8e43-d0b253fb4406,54.11723,-125.13101,13.17841,5.62179,2.8542,-11.24943,-2.07232,9.70113,-8.28642,NA,NA,NA,NA,NA,NA,NA,NA,NA,NA,NA,NA,NA,NA,NA,NA,NA,NA,NA,NA,NA,NA,NA,NA,NA,NA,NA,NA,NA,NA,NA,NA,NA,NA,NA,NA,NA,NA,NA,NA,NA,NA,NA,NA,NA,NA,NA,NA,NA,NA,High,High,High,NA,NA,NA,NA,NA,NA,NA,NA,NA,NA,NA,NA,NA,NA,NA,NA,NA,NA,NA,NA,NA,NA,NA,NA,NA,NA,NA,NA,NA,NA,NA,NA,NA,NA,NA,NA,NA,NA,NA,NA,NA,NA,NA,NA,NA,NA,NA,NA,NA,NA,NA,NA,NA,NA,NA,NA,NA,NA
NA,NA,NA,NA,NA,NA,NA,NA,NA,NA,NA,NA,NA,NA,NA,NA,141,2025-06-10,17:52:56,1,2,"Benefield, Brodie",1000239356,Right,USA_TEA7,"Waller, Hayden",10156075,Left,USA_DIR4,Undefined,6,Top,0,1,0,Undefined,Changeup,FoulBallNotFieldable,Undefined,Undefined,Undefined,0,0,NA,84.78158,-0.500271,-4.251425,2139.20204,241.921288,02:00:00,5.58115,2.25797,6.09608,-28.57072,10.24178,16.80103,2.73626,-0.28139,77.27748,-5.847084,-1.233835,0.448391,61.60619,70.615571,-66.061069,4684.155721,NA,NA,NA,112.5974,53.53034,-83.149443,4.548026,-9.90851,5.80323,-1.93893,50,5.52748,8.48137,-122.88794,-1.9523,-15.10154,25.10803,-23.32937,USA_TEA7,USA_DIR4,USABBCary1,USA Baseball,USA,20250610-USABBCary1-6,45200720-4645-11f0-b1ef-e7d42f54913a,84.06149,89.31108,NA,7.5041,NA,NA,NA,0.83455,2.7722,0.04512,94966c17-51d9-438d-8e8b-63130879b621,2025-06-10,21:52:56,2025-06-10T21:52:56Z,2025-06-10T21:52:56Z,Popup,v3,NA,NA,NA,"Rogozinski, Benjamin",1000291537,Right,USA_TEA7,7dd76dba-e472-4a3d-a106-0d53b211cff5,54.40322,-123.78432,12.55401,5.58231,-1.11942,-11.66469,-2.25135,9.02051,-7.55077,157.721097,0.83435,12.14929,-6.6158,1.60638,0.32981,-0.41884,0.14498,-0.02273,0.00136,2.7784,85.06959,-24.08686,0.96943,1.16252,-0.77685,0.22344,-0.03159,0.00178,0.03932,-27.28739,-1.08686,1.47705,-0.70752,0.18275,-0.01569,-0.00172,2.8e-4,NA,NA,NA,NA,NA,NA,NA,NA,NA,NA,NA,NA,NA,NA,NA,NA,NA,NA,NA,NA,NA,NA,High,High,High,High,Low,NA,NA,NA,NA,NA,NA,NA,NA,NA,NA,NA,NA,NA,NA,NA,NA,NA,NA,NA,NA,NA,NA,NA,NA,NA,NA,NA,NA,NA,NA,NA,NA,NA,NA,NA,NA,NA,NA,NA,NA,NA,NA,NA,NA,NA,NA,NA,NA,NA,NA,NA,NA,NA,NA,NA,NA
NA,NA,NA,NA,NA,NA,NA,NA,NA,NA,NA,NA,NA,NA,NA,NA,142,2025-06-10,17:53:25,1,3,"Benefield, Brodie",1000239356,Right,USA_TEA7,"Waller, Hayden",10156075,Left,USA_DIR4,Undefined,6,Top,0,1,1,Undefined,Changeup,FoulBallNotFieldable,Undefined,Undefined,Undefined,0,0,NA,76.28879,-0.283193,-4.120675,1867.974932,222.721842,01:30:00,5.45902,2.22054,6.41842,-31.56041,16.76013,13.72048,2.56798,-0.43073,68.26052,-6.306763,-1.641951,0.500308,NA,NA,NA,NA,NA,NA,NA,NA,NA,NA,NA,-8.60638,9.37867,-1.93186,50,5.4246,7.48157,-110.40069,-1.32211,-10.35645,24.23302,-20.88826,USA_TEA7,USA_DIR4,USABBCary1,USA Baseball,USA,20250610-USABBCary1-6,561b68d0-4645-11f0-b1ef-e7d42f54913a,75.3385,NA,NA,8.02827,NA,NA,NA,NA,NA,NA,94966c17-51d9-438d-8e8b-63130879b621,2025-06-10,21:53:25,2025-06-10T21:53:25Z,2025-06-10T21:53:25Z,NA,v3,NA,NA,NA,"Rogozinski, Benjamin",1000291537,Right,USA_TEA7,ad308dc7-7116-40b4-87b7-8438847557ed,54.07679,-111.29195,12.11651,5.4591,-0.55386,-10.44413,-2.21403,7.86246,-5.17823,NA,NA,NA,NA,NA,NA,NA,NA,NA,NA,NA,NA,NA,NA,NA,NA,NA,NA,NA,NA,NA,NA,NA,NA,NA,NA,NA,NA,NA,NA,NA,NA,NA,NA,NA,NA,NA,NA,NA,NA,NA,NA,NA,NA,NA,NA,NA,NA,NA,NA,High,High,High,NA,NA,NA,NA,NA,NA,NA,NA,NA,NA,NA,NA,NA,NA,NA,NA,NA,NA,NA,NA,NA,NA,NA,NA,NA,NA,NA,NA,NA,NA,NA,NA,NA,NA,NA,NA,NA,NA,NA,NA,NA,NA,NA,NA,NA,NA,NA,NA,NA,NA,NA,NA,NA,NA,NA,NA,NA,NA
NA,NA,NA,NA,NA,NA,NA,NA,NA,NA,NA,NA,NA,NA,NA,NA,143,2025-06-10,17:53:48,1,4,"Benefield, Brodie",1000239356,Right,USA_TEA7,"Waller, Hayden",10156075,Left,USA_DIR4,Undefined,6,Top,0,1,2,Undefined,Sinker,BallCalled,Undefined,Undefined,Undefined,0,0,NA,87.122559999999993,-2.393024,-3.882324,2167.988287,232.256133,01:45:00,5.75748,1.55692,6.14953,-22.11678,14.77839,17.42391,1.69693,-0.58379,79.08566,-6.577134,-0.746664,0.437176,NA,NA,NA,NA,NA,NA,NA,NA,NA,NA,NA,-10.08997,8.73008,-1.26951,50,5.56358,7.84367,-126.1494,-5.92803,-16.12916,27.57866,-18.21872,USA_TEA7,USA_DIR4,USABBCary1,USA Baseball,USA,20250610-USABBCary1-6,63c55590-4645-11f0-b1ef-e7d42f54913a,86.21802,NA,NA,8.0369,NA,NA,NA,NA,NA,NA,94966c17-51d9-438d-8e8b-63130879b621,2025-06-10,21:53:48,2025-06-10T21:53:48Z,2025-06-10T21:53:48Z,NA,v3,NA,NA,NA,"Rogozinski, Benjamin",1000291537,Right,USA_TEA7,5acd596b-3b8a-45ec-ba4d-227c6b4b98ab,54.34722,-127.09624,13.78933,5.75637,-5.30255,-9.10936,-1.54831,8.39741,-8.06458,NA,NA,NA,NA,NA,NA,NA,NA,NA,NA,NA,NA,NA,NA,NA,NA,NA,NA,NA,NA,NA,NA,NA,NA,NA,NA,NA,NA,NA,NA,NA,NA,NA,NA,NA,NA,NA,NA,NA,NA,NA,NA,NA,NA,NA,NA,NA,NA,NA,NA,High,High,High,NA,NA,NA,NA,NA,NA,NA,NA,NA,NA,NA,NA,NA,NA,NA,NA,NA,NA,NA,NA,NA,NA,NA,NA,NA,NA,NA,NA,NA,NA,NA,NA,NA,NA,NA,NA,NA,NA,NA,NA,NA,NA,NA,NA,NA,NA,NA,NA,NA,NA,NA,NA,NA,NA,NA,NA,NA,NA
NA,NA,NA,NA,NA,NA,NA,NA,NA,NA,NA,NA,NA,NA,NA,NA,144,2025-06-10,17:54:03,1,5,"Benefield, Brodie",1000239356,Right,USA_TEA7,"Waller, Hayden",10156075,Left,USA_DIR4,Undefined,6,Top,0,2,2,Undefined,Sinker,InPlay,Undefined,GroundBall,Out,1,0,NA,87.15494,-1.400112,-3.74833,2131.339813,229.887435,01:45:00,5.70465,2.1666,6.04522,-21.59269,15.24481,16.62402,2.60599,0.07676,79.2763,-5.484092,-0.76298,0.436834,92.72663,-5.609506,5.653793,NA,NA,NA,NA,23.40527,22.9909,5.083377,0.17321,-9.6578,8.62497,-1.88322,50,5.58376,7.6026300000000004,-126.33007,-3.73417,-15.5308,26.91544,-18.30416,USA_TEA7,USA_DIR4,USABBCary1,USA Baseball,USA,20250610-USABBCary1-6,6cff16f0-4645-11f0-b1ef-e7d42f54913a,86.28549,2.65222,NA,7.87864,NA,NA,NA,0.55268,2.65222,-0.08077,94966c17-51d9-438d-8e8b-63130879b621,2025-06-10,21:54:03,2025-06-10T21:54:03Z,2025-06-10T21:54:03Z,GroundBall,v3,NA,NA,NA,"Rogozinski, Benjamin",1000291537,Right,USA_TEA7,60ebda8d-b408-4f0f-8f17-0383d439bce5,54.45335,-127.27535,13.45772,5.70361,-3.09133,-9.15208,-2.1598,8.14808,-7.7654,124.76056,0.55351,134.62578,-18.65177,NA,NA,NA,NA,NA,NA,2.65235,-13.30303,-11.60809,NA,NA,NA,NA,NA,NA,-0.08048,13.31175,-5.05612,NA,NA,NA,NA,NA,NA,NA,NA,NA,NA,NA,NA,NA,NA,NA,NA,NA,NA,NA,NA,NA,NA,NA,NA,NA,NA,NA,NA,High,High,High,High,High,NA,NA,NA,NA,NA,NA,NA,NA,NA,NA,NA,NA,NA,NA,NA,NA,NA,NA,NA,NA,NA,NA,NA,NA,NA,NA,NA,NA,NA,NA,NA,NA,NA,NA,NA,NA,NA,NA,NA,NA,NA,NA,NA,NA,NA,NA,NA,NA,NA,NA,NA,NA,NA,NA,NA,NA
NA,NA,NA,NA,NA,NA,NA,NA,NA,NA,NA,NA,NA,NA,NA,NA,145,2025-06-10,17:57:13,2,1,"Walther, Clayton",10095252,Right,USA_TEA7,"James, Bryant",10171420,Left,USA_DIR4,Undefined,6,Top,1,0,0,Undefined,Curveball,BallCalled,Undefined,Undefined,Undefined,0,0,NA,71.49962,2.035271,-3.284127,2326.986358,68.008208,08:15:00,4.51628,3.81432,5.4622,-62.6087,-4.97996,-18.04202,1.2078,-0.76643,64.02955,-9.422288,-6.48521,0.546375,NA,NA,NA,NA,NA,NA,NA,NA,NA,NA,NA,7.73252,-2.52087,-3.51252,50,4.65414,6.59746,-103.26541,1.72883,8.05289,22.88539,-34.79935,USA_TEA7,USA_DIR4,USABBCary1,USA Baseball,USA,20250610-USABBCary1-6,dddb7440-4645-11f0-b1ef-e7d42f54913a,68.98639,NA,NA,7.47007,NA,NA,NA,NA,NA,NA,94966c17-51d9-438d-8e8b-63130879b621,2025-06-10,21:57:13,2025-06-10T21:57:13Z,2025-06-10T21:57:13Z,NA,v3,NA,NA,NA,"Rogozinski, Benjamin",1000291537,Right,USA_TEA7,20d7f246-43be-4a2e-ae29-b9d65681a2a2,55.03362,-104.37498,11.4427,4.52942,3.41604,-17.39968,-3.82292,6.20703,4.02644,NA,NA,NA,NA,NA,NA,NA,NA,NA,NA,NA,NA,NA,NA,NA,NA,NA,NA,NA,NA,NA,NA,NA,NA,NA,NA,NA,NA,NA,NA,NA,NA,NA,NA,NA,NA,NA,NA,NA,NA,NA,NA,NA,NA,NA,NA,NA,NA,NA,NA,High,High,High,NA,NA,NA,NA,NA,NA,NA,NA,NA,NA,NA,NA,NA,NA,NA,NA,NA,NA,NA,NA,NA,NA,NA,NA,NA,NA,NA,NA,NA,NA,NA,NA,NA,NA,NA,NA,NA,NA,NA,NA,NA,NA,NA,NA,NA,NA,NA,NA,NA,NA,NA,NA,NA,NA,NA,NA,NA,NA
NA,NA,NA,NA,NA,NA,NA,NA,NA,NA,NA,NA,NA,NA,NA,NA,146,2025-06-10,17:57:26,2,2,"Walther, Clayton",10095252,Right,USA_TEA7,"James, Bryant",10171420,Left,USA_DIR4,Undefined,6,Top,1,1,0,Undefined,Changeup,FoulBallNotFieldable,Undefined,Undefined,Undefined,0,0,NA,81.56852,0.409774,-6.895734,2111.065753,257.632185,02:30:00,4.13634,3.99668,5.87429,-37.33329,5.51859,18.32997,1.40861,-0.91159,73.90069,-6.496255,-3.641286,0.471147,NA,NA,NA,NA,NA,NA,NA,NA,NA,NA,NA,-11.48926,3.10973,-3.44741,50,4.14805,13.51875,-117.62446,-0.33571,-15.96803,23.9714,-27.85206,USA_TEA7,USA_DIR4,USABBCary1,USA Baseball,USA,20250610-USABBCary1-6,e5e87570-4645-11f0-b1ef-e7d42f54913a,80.00147,NA,NA,7.66783,NA,NA,NA,NA,NA,NA,94966c17-51d9-438d-8e8b-63130879b621,2025-06-10,21:57:26,2025-06-10T21:57:26Z,2025-06-10T21:57:26Z,NA,v3,NA,NA,NA,"Rogozinski, Benjamin",1000291537,Right,USA_TEA7,e2a9bb32-0ed6-4377-b779-603b46c991e3,54.62526,-118.56332,11.9857,4.13983,0.75514,-13.92603,-3.98913,14.14416,-7.98401,NA,NA,NA,NA,NA,NA,NA,NA,NA,NA,NA,NA,NA,NA,NA,NA,NA,NA,NA,NA,NA,NA,NA,NA,NA,NA,NA,NA,NA,NA,NA,NA,NA,NA,NA,NA,NA,NA,NA,NA,NA,NA,NA,NA,NA,NA,NA,NA,NA,NA,High,High,High,NA,NA,NA,NA,NA,NA,NA,NA,NA,NA,NA,NA,NA,NA,NA,NA,NA,NA,NA,NA,NA,NA,NA,NA,NA,NA,NA,NA,NA,NA,NA,NA,NA,NA,NA,NA,NA,NA,NA,NA,NA,NA,NA,NA,NA,NA,NA,NA,NA,NA,NA,NA,NA,NA,NA,NA,NA,NA
NA,NA,NA,NA,NA,NA,NA,NA,NA,NA,NA,NA,NA,NA,NA,NA,147,2025-06-10,17:57:43,2,3,"Walther, Clayton",10095252,Right,USA_TEA7,"James, Bryant",10171420,Left,USA_DIR4,Undefined,6,Top,1,1,1,Undefined,Changeup,FoulBallNotFieldable,Undefined,Undefined,Undefined,0,0,NA,83.79509,0.053956,-5.307463,2107.813614,221.743494,01:30:00,4.40572,3.94904,5.57864,-23.69643,17.35879,14.16064,2.48163,0.15798,75.42479,-4.414838,-2.797635,0.461164,71.85907,3.198932,171.539286,2471.763675,NA,NA,NA,63.15343,44.91435,173.903371,0.691901,-8.63544,9.14197,-3.49985,50,4.39514,10.60879,-120.95137,-0.5984,-12.65262,25.99433,-18.77931,USA_TEA7,USA_DIR4,USABBCary1,USA Baseball,USA,20250610-USABBCary1-6,eff84b80-4645-11f0-b1ef-e7d42f54913a,81.73324,3.17026,NA,8.3703,NA,NA,NA,2.63882,2.56707,-0.24307,94966c17-51d9-438d-8e8b-63130879b621,2025-06-10,21:57:43,2025-06-10T21:57:43Z,2025-06-10T21:57:43Z,GroundBall,v3,NA,NA,NA,"Rogozinski, Benjamin",1000291537,Right,USA_TEA7,fcce8b16-4f55-40fb-b010-3e090cdac34f,54.91327,-122.00274,12.99717,4.40399,0.16115,-9.38965,-3.93928,11.12054,-6.32631,251.216389,2.603,-103.38048,12.87316,NA,NA,NA,NA,NA,NA,2.58029,5.62468,-13.54539,NA,NA,NA,NA,NA,NA,-0.2134,14.89594,-7.12876,NA,NA,NA,NA,NA,NA,NA,NA,NA,NA,NA,NA,NA,NA,NA,NA,NA,NA,NA,NA,NA,NA,NA,NA,NA,NA,NA,NA,High,High,High,Medium,Medium,NA,NA,NA,NA,NA,NA,NA,NA,NA,NA,NA,NA,NA,NA,NA,NA,NA,NA,NA,NA,NA,NA,NA,NA,NA,NA,NA,NA,NA,NA,NA,NA,NA,NA,NA,NA,NA,NA,NA,NA,NA,NA,NA,NA,NA,NA,NA,NA,NA,NA,NA,NA,NA,NA,NA,NA
NA,NA,NA,NA,NA,NA,NA,NA,NA,NA,NA,NA,NA,NA,NA,NA,148,2025-06-10,17:58:02,2,4,"Walther, Clayton",10095252,Right,USA_TEA7,"James, Bryant",10171420,Left,USA_DIR4,Undefined,6,Top,1,1,2,Undefined,Curveball,FoulBallNotFieldable,Undefined,Undefined,Undefined,0,0,NA,70.05563,4.698186,-2.665629,2266.633859,59.919997,08:00:00,4.59029,3.70864,4.81649,-69.85657,-7.9226,-18.10462,3.23409,-0.32692,62.08678,-7.97962,-5.835165,0.566416,59.53254,1.335955,170.818319,2520.109718,NA,NA,NA,37.0409,37.0409,168.961649,0.489744,7.54441,-4.51925,-3.42838,50,5.00075,5.44318,-100.76743,5.90346,7.4776,21.86693,-36.65328,USA_TEA7,USA_DIR4,USABBCary1,USA Baseball,USA,20250610-USABBCary1-6,fb6e4140-4645-11f0-b1ef-e7d42f54913a,66.54545,3.57585,NA,7.96885,NA,NA,NA,3.58291,3.52305,0.09153,94966c17-51d9-438d-8e8b-63130879b621,2025-06-10,21:58:02,2025-06-10T21:58:02Z,2025-06-10T21:58:02Z,GroundBall,v3,NA,NA,NA,"Rogozinski, Benjamin",1000291537,Right,USA_TEA7,a3740e78-2bd8-496d-98a4-5dedf283811f,55.67542,-101.99158,10.93346,4.61283,7.95538,-18.32664,-3.72138,5.02457,3.7388,37.831911,3.58291,-86.17209,9.64272,-0.47919,0.13005,-0.02507,0.05679,-0.06014,0.02346,3.52305,2.03571,-19.70472,1.89632,-0.32833,0.09202,-0.03338,0.02438,-0.00989,0.09153,13.92856,1.07242,-0.7398,0.17555,-0.05114,0.01323,-0.0079,0.00329,NA,NA,NA,NA,NA,NA,NA,NA,NA,NA,NA,NA,NA,NA,NA,NA,NA,NA,NA,NA,NA,NA,High,High,High,High,High,NA,NA,NA,NA,NA,NA,NA,NA,NA,NA,NA,NA,NA,NA,NA,NA,NA,NA,NA,NA,NA,NA,NA,NA,NA,NA,NA,NA,NA,NA,NA,NA,NA,NA,NA,NA,NA,NA,NA,NA,NA,NA,NA,NA,NA,NA,NA,NA,NA,NA,NA,NA,NA,NA,NA,NA
NA,NA,NA,NA,NA,NA,NA,NA,NA,NA,NA,NA,NA,NA,NA,NA,149,2025-06-10,17:58:24,2,5,"Walther, Clayton",10095252,Right,USA_TEA7,"James, Bryant",10171420,Left,USA_DIR4,Undefined,6,Top,1,1,2,Undefined,Changeup,FoulBallNotFieldable,Undefined,Undefined,Undefined,0,0,NA,83.90819,1.00171,-5.977758,2187.113344,239.519434,02:00:00,4.27511,4.02544,5.90095,-28.1525,12.69989,18.88639,2.86416,0.0298,74.84926,-4.308101,-2.615328,0.460024,69.34072,5.890534,169.358431,2917.370248,NA,NA,NA,72.94755,47.11294,172.924925,0.812075,-11.37871,6.61327,-3.55245,50,4.3404,11.83835,-120.93784,1.26863,-16.52958,27.79636,-22.56707,USA_TEA7,USA_DIR4,USABBCary1,USA Baseball,USA,20250610-USABBCary1-6,085e7af0-4646-11f0-b1ef-e7d42f54913a,81.93588,4.33848,NA,9.05892,NA,NA,NA,2.39634,2.82316,-0.11984,94966c17-51d9-438d-8e8b-63130879b621,2025-06-10,21:58:24,2025-06-10T21:58:24Z,2025-06-10T21:58:24Z,GroundBall,v3,NA,NA,NA,"Rogozinski, Benjamin",1000291537,Right,USA_TEA7,47f2d42e-de4a-4f3b-a305-eb071bab6053,54.59022,-121.98829,13.89818,4.27635,2.12147,-11.28353,-4.01164,12.46302,-8.26479,279.553893,2.39634,-99.42272,9.62246,-0.85632,0.17026,-0.03428,0.00489,-5.8e-4,3e-5,2.82316,10.43724,-18.43073,1.74067,-0.21275,0.0519,-0.00983,0.00135,-1.5e-4,-0.11984,18.68113,-9.72002,0.75869,-0.16707,0.03365,-0.00481,7.8e-4,-1e-4,NA,NA,NA,NA,NA,NA,NA,NA,NA,NA,NA,NA,NA,NA,NA,NA,NA,NA,NA,NA,NA,NA,High,High,High,High,Low,NA,NA,NA,NA,NA,NA,NA,NA,NA,NA,NA,NA,NA,NA,NA,NA,NA,NA,NA,NA,NA,NA,NA,NA,NA,NA,NA,NA,NA,NA,NA,NA,NA,NA,NA,NA,NA,NA,NA,NA,NA,NA,NA,NA,NA,NA,NA,NA,NA,NA,NA,NA,NA,NA,NA,NA
NA,NA,NA,NA,NA,NA,NA,NA,NA,NA,NA,NA,NA,NA,NA,NA,150,2025-06-10,17:58:49,2,6,"Walther, Clayton",10095252,Right,USA_TEA7,"James, Bryant",10171420,Left,USA_DIR4,Undefined,6,Top,1,1,2,Undefined,Changeup,FoulBallNotFieldable,Undefined,Undefined,Undefined,0,0,NA,84.26011,0.730535,-6.915283,2189.760215,250.467228,02:15:00,4.26528,4.19746,5.67334,-32.26525,8.67965,19.99603,2.26261,-0.61477,75.2803,-5.275897,-3.379701,0.460544,71.87489,2.00623,167.861421,2885.262822,NA,NA,NA,59.50571,46.90767,170.500654,0.640616,-12.14201,4.6713,-3.62268,50,4.30781,13.80741,-121.22096,0.47812,-17.74889,27.58797,-25.34569,USA_TEA7,USA_DIR4,USABBCary1,USA Baseball,USA,20250610-USABBCary1-6,174135d0-4646-11f0-b1ef-e7d42f54913a,81.84326,2.6576,NA,8.97981,NA,NA,NA,1.56309,2.36564,0.48059,94966c17-51d9-438d-8e8b-63130879b621,2025-06-10,21:58:49,2025-06-10T21:58:49Z,2025-06-10T21:58:49Z,GroundBall,v3,NA,NA,NA,"Rogozinski, Benjamin",1000291537,Right,USA_TEA7,81141683-ed11-485b-b806-a6290b51e309,54.81901,-122.31277,13.79398,4.26904,1.48119,-12.67284,-4.18302,14.50984,-8.87444,245.434301,1.53445,-102.39245,13.15039,NA,NA,NA,NA,NA,NA,2.36896,3.62363,-11.43738,NA,NA,NA,NA,NA,NA,0.51842,21.34667,-10.73918,NA,NA,NA,NA,NA,NA,NA,NA,NA,NA,NA,NA,NA,NA,NA,NA,NA,NA,NA,NA,NA,NA,NA,NA,NA,NA,NA,NA,High,High,High,Medium,Medium,NA,NA,NA,NA,NA,NA,NA,NA,NA,NA,NA,NA,NA,NA,NA,NA,NA,NA,NA,NA,NA,NA,NA,NA,NA,NA,NA,NA,NA,NA,NA,NA,NA,NA,NA,NA,NA,NA,NA,NA,NA,NA,NA,NA,NA,NA,NA,NA,NA,NA,NA,NA,NA,NA,NA,NA
NA,NA,NA,NA,NA,NA,NA,NA,NA,NA,NA,NA,NA,NA,NA,NA,151,2025-06-10,17:59:12,2,7,"Walther, Clayton",10095252,Right,USA_TEA7,"James, Bryant",10171420,Left,USA_DIR4,Undefined,6,Top,1,1,2,Undefined,Changeup,StrikeSwinging,Strikeout,Undefined,Undefined,0,0,NA,85.41876,1.722564,-4.489969,2190.779934,257.812302,02:30:00,4.23925,4.34133,5.46018,-34.03002,5.34591,18.55084,3.02121,1.67593,77.31103,-4.551763,-1.201426,0.451634,NA,NA,NA,NA,NA,NA,NA,NA,NA,NA,NA,-10.63217,2.57874,-3.95813,50,4.36834,8.89658,-123.54867,2.51574,-16.32876,26.08364,-28.21364,USA_TEA7,USA_DIR4,USABBCary1,USA Baseball,USA,20250610-USABBCary1-6,24f3fc30-4646-11f0-b1ef-e7d42f54913a,83.45789,NA,NA,8.10773,NA,NA,NA,NA,NA,NA,94966c17-51d9-438d-8e8b-63130879b621,2025-06-10,21:59:12,2025-06-10T21:59:12Z,2025-06-10T21:59:12Z,NA,v3,NA,NA,NA,"Rogozinski, Benjamin",1000291537,Right,USA_TEA7,b011261d-75e1-4842-a81c-f1c5c3113a10,55.03824,-124.6078,13.04182,4.24293,3.66137,-14.10682,-4.33284,9.55961,-8.16438,NA,NA,NA,NA,NA,NA,NA,NA,NA,NA,NA,NA,NA,NA,NA,NA,NA,NA,NA,NA,NA,NA,NA,NA,NA,NA,NA,NA,72.91713,NA,NA,0.90896,NA,NA,NA,4.75219,5.63368,4.41996,70.69128,7.23841,-54.08909,4.7847,76.789,-4.703,5.6546,13.48101,-12.90894,4.34622,-71.74745,8.19074,High,High,High,NA,NA,High,High,High,NA,NA,NA,NA,NA,NA,NA,NA,NA,NA,NA,NA,NA,NA,NA,NA,NA,NA,NA,NA,NA,NA,NA,NA,NA,NA,NA,NA,NA,NA,NA,NA,NA,NA,NA,NA,NA,NA,NA,NA,NA,NA,NA,NA,NA,NA,NA,NA,NA,NA,NA,NA,NA
NA,NA,NA,NA,NA,NA,NA,NA,NA,NA,NA,NA,NA,NA,NA,NA,152,2025-06-10,17:59:39,3,1,"Walther, Clayton",10095252,Right,USA_TEA7,"Offing, Ethan",10151630,Right,USA_DIR4,Undefined,6,Top,2,0,0,Undefined,Changeup,InPlay,Undefined,GroundBall,Out,1,0,NA,84.89751,2.217087,-6.466392,2142.483271,251.274967,02:30:00,4.16491,4.41662,5.66026,-31.32545,8.70359,21.40895,3.63622,0.1449,76.20629,-3.60442,-2.67834,0.455364,86.57524,-13.850482,23.583541,NA,NA,NA,NA,14.91545,14.50941,23.078667,0.126524,-12.82741,4.12792,-3.88119,50,4.33413,12.96003,-122.33268,3.72365,-19.21509,26.72203,-25.99055,USA_TEA7,USA_DIR4,USABBCary1,USA Baseball,USA,20250610-USABBCary1-6,34ea22e0-4646-11f0-b1ef-e7d42f54913a,82.77422,3.62555,NA,8.69122,NA,NA,NA,-0.29151,3.62555,-0.09533,94966c17-51d9-438d-8e8b-63130879b621,2025-06-10,21:59:39,2025-06-10T21:59:39Z,2025-06-10T21:59:39Z,GroundBall,v3,NA,NA,NA,"Rogozinski, Benjamin",1000291537,Right,USA_TEA7,e0867b6c-e7e3-481a-9267-118cfea2922f,54.83772,-123.3849,13.36101,4.16736,4.74706,-12.99528,-4.4064,13.71665,-9.60755,156.152372,-0.29127,112.96286,-17.47324,NA,NA,NA,NA,NA,NA,3.62472,-30.31087,13.18786,NA,NA,NA,NA,NA,NA,-0.09479,49.2683,-18.27572,NA,NA,NA,NA,NA,NA,NA,NA,NA,NA,NA,NA,NA,NA,NA,NA,NA,NA,NA,NA,NA,NA,NA,NA,NA,NA,NA,NA,High,High,High,High,High,NA,NA,NA,NA,NA,NA,NA,NA,NA,NA,NA,NA,NA,NA,NA,NA,NA,NA,NA,NA,NA,NA,NA,NA,NA,NA,NA,NA,NA,NA,NA,NA,NA,NA,NA,NA,NA,NA,NA,NA,NA,NA,NA,NA,NA,NA,NA,NA,NA,NA,NA,NA,NA,NA,NA,NA
NA,NA,NA,NA,NA,NA,NA,NA,NA,NA,NA,NA,NA,NA,NA,NA,153,2025-06-10,18:02:36,1,1,"Bond, Zack",10315167,Right,USA_DIR4,"Williams, Jason",1000230054,Left,USA_TEA7,Undefined,6,Bottom,0,0,0,Undefined,Four-Seam,BallCalled,Undefined,Undefined,Undefined,0,0,NA,86.71866,0.841145,-0.035829,2004.274584,213.224397,01:00:00,5.15273,1.91779,5.73387,-25.04773,12.59422,7.41867,3.84878,2.50264,78.56814,-3.860125,1.291582,0.441578,NA,NA,NA,NA,NA,NA,NA,NA,NA,NA,NA,-3.74815,6.52784,-1.91924,50,5.20763,-0.24249,-125.81844,1.03637,-5.96069,27.41336,-21.79284,USA_TEA7,USA_DIR4,USABBCary1,USA Baseball,USA,20250610-USABBCary1-6,9e8b4df0-4646-11f0-b1ef-e7d42f54913a,85.35851,NA,NA,8.15052,NA,NA,NA,NA,NA,NA,94966c17-51d9-438d-8e8b-63130879b621,2025-06-10,22:02:36,2025-06-10T22:02:36Z,2025-06-10T22:02:36Z,NA,v3,NA,NA,NA,"Holden, Will",NA,Right,USA_DIR4,ed943358-3218-4fb0-8ee1-abd48e026efd,54.7612,-126.85157,13.70668,5.1531,1.85768,-10.89642,-1.91433,-0.01785,-2.98034,NA,NA,NA,NA,NA,NA,NA,NA,NA,NA,NA,NA,NA,NA,NA,NA,NA,NA,NA,NA,NA,NA,NA,NA,NA,NA,NA,NA,NA,NA,NA,NA,NA,NA,NA,NA,NA,NA,NA,NA,NA,NA,NA,NA,NA,NA,NA,NA,NA,NA,High,High,High,NA,NA,NA,NA,NA,NA,NA,NA,NA,NA,NA,NA,NA,NA,NA,NA,NA,NA,NA,NA,NA,NA,NA,NA,NA,NA,NA,NA,NA,NA,NA,NA,NA,NA,NA,NA,NA,NA,NA,NA,NA,NA,NA,NA,NA,NA,NA,NA,NA,NA,NA,NA,NA,NA,NA,NA,NA,NA
NA,NA,NA,NA,NA,NA,NA,NA,NA,NA,NA,NA,NA,NA,NA,NA,154,2025-06-10,18:02:50,1,2,"Bond, Zack",10315167,Right,USA_DIR4,"Williams, Jason",1000230054,Left,USA_TEA7,Undefined,6,Bottom,0,1,0,Undefined,Changeup,BallCalled,Undefined,Undefined,Undefined,0,0,NA,85.6666,-1.960325,-2.355117,2002.264288,211.850809,01:00:00,5.19193,1.81584,5.73343,-27.4097,10.90926,6.02611,1.07999,0.12358,78.63046,-7.035467,-1.276898,0.445531,NA,NA,NA,NA,NA,NA,NA,NA,NA,NA,NA,-3.72244,6.46272,-1.62331,50,5.01162,4.86445,-124.28362,-5.16136,-5.82797,24.68245,-22.05585,USA_TEA7,USA_DIR4,USABBCary1,USA Baseball,USA,20250610-USABBCary1-6,a6c5c7c0-4646-11f0-b1ef-e7d42f54913a,84.6011,NA,NA,7.03614,NA,NA,NA,NA,NA,NA,94966c17-51d9-438d-8e8b-63130879b621,2025-06-10,22:02:50,2025-06-10T22:02:50Z,2025-06-10T22:02:50Z,NA,v3,NA,NA,NA,"Holden, Will",NA,Right,USA_DIR4,88d1de3b-5317-4fa0-85f6-54ef2d4793bf,54.76499,-125.22636,12.34122,5.19267,-4.31894,-11.02793,-1.81335,5.08704,-2.91398,NA,NA,NA,NA,NA,NA,NA,NA,NA,NA,NA,NA,NA,NA,NA,NA,NA,NA,NA,NA,NA,NA,NA,NA,NA,NA,NA,NA,NA,NA,NA,NA,NA,NA,NA,NA,NA,NA,NA,NA,NA,NA,NA,NA,NA,NA,NA,NA,NA,NA,High,High,High,NA,NA,NA,NA,NA,NA,NA,NA,NA,NA,NA,NA,NA,NA,NA,NA,NA,NA,NA,NA,NA,NA,NA,NA,NA,NA,NA,NA,NA,NA,NA,NA,NA,NA,NA,NA,NA,NA,NA,NA,NA,NA,NA,NA,NA,NA,NA,NA,NA,NA,NA,NA,NA,NA,NA,NA,NA,NA
NA,NA,NA,NA,NA,NA,NA,NA,NA,NA,NA,NA,NA,NA,NA,NA,155,2025-06-10,18:03:06,1,3,"Bond, Zack",10315167,Right,USA_DIR4,"Williams, Jason",1000230054,Left,USA_TEA7,Undefined,6,Bottom,0,2,0,Undefined,Sinker,BallCalled,Undefined,Undefined,Undefined,0,0,NA,86.88001,-1.867143,-3.44015,1949.455495,235.709323,01:45:00,5.09419,2.03864,5.74801,-28.67923,8.74993,11.03079,0.96221,-0.24873,79.42107,-7.173901,-1.468238,0.440328,NA,NA,NA,NA,NA,NA,NA,NA,NA,NA,NA,-6.59394,5.36323,-1.75937,50,4.92137,7.10473,-125.8945,-5.08237,-10.55438,26.19871,-23.58959,USA_TEA7,USA_DIR4,USABBCary1,USA Baseball,USA,20250610-USABBCary1-6,b036ecd0-4646-11f0-b1ef-e7d42f54913a,85.6008,NA,NA,7.45894,NA,NA,NA,NA,NA,NA,94966c17-51d9-438d-8e8b-63130879b621,2025-06-10,22:03:06,2025-06-10T22:03:06Z,2025-06-10T22:03:06Z,NA,v3,NA,NA,NA,"Holden, Will",NA,Right,USA_DIR4,8373a8e5-7515-4005-967e-02377eecde56,54.75008,-126.87914,13.09935,5.09572,-4.19578,-11.79479,-2.03385,7.5014,-5.27719,NA,NA,NA,NA,NA,NA,NA,NA,NA,NA,NA,NA,NA,NA,NA,NA,NA,NA,NA,NA,NA,NA,NA,NA,NA,NA,NA,NA,NA,NA,NA,NA,NA,NA,NA,NA,NA,NA,NA,NA,NA,NA,NA,NA,NA,NA,NA,NA,NA,NA,High,High,High,NA,NA,NA,NA,NA,NA,NA,NA,NA,NA,NA,NA,NA,NA,NA,NA,NA,NA,NA,NA,NA,NA,NA,NA,NA,NA,NA,NA,NA,NA,NA,NA,NA,NA,NA,NA,NA,NA,NA,NA,NA,NA,NA,NA,NA,NA,NA,NA,NA,NA,NA,NA,NA,NA,NA,NA,NA,NA
NA,NA,NA,NA,NA,NA,NA,NA,NA,NA,NA,NA,NA,NA,NA,NA,156,2025-06-10,18:03:22,1,4,"Bond, Zack",10315167,Right,USA_DIR4,"Williams, Jason",1000230054,Left,USA_TEA7,Undefined,6,Bottom,0,3,0,Undefined,Four-Seam,BallCalled,Walk,Undefined,Undefined,0,0,NA,85.38181,-1.071538,-3.885055,2081.247808,207.248954,01:00:00,5.09402,1.82245,5.70878,-24.60001,14.1941,6.66052,2.04328,-1.24767,77.9517,-5.663596,-2.697749,0.448285,NA,NA,NA,NA,NA,NA,NA,NA,NA,NA,NA,-4.57323,7.91237,-1.5011,50,4.98895,8.14148,-123.7399,-3.10244,-7.06844,25.41102,-19.94457,USA_TEA7,USA_DIR4,USABBCary1,USA Baseball,USA,20250610-USABBCary1-6,b9f9db60-4646-11f0-b1ef-e7d42f54913a,84.08142,NA,NA,7.43011,NA,NA,NA,NA,NA,NA,94966c17-51d9-438d-8e8b-63130879b621,2025-06-10,22:03:22,2025-06-10T22:03:22Z,2025-06-10T22:03:22Z,NA,v3,NA,NA,NA,"Holden, Will",NA,Right,USA_DIR4,fa2f1ca0-8852-4cba-a2d3-090e26a1cdfd,54.7919,-124.72008,12.70551,5.09378,-2.33313,-9.97229,-1.8204,8.41413,-3.53422,NA,NA,NA,NA,NA,NA,NA,NA,NA,NA,NA,NA,NA,NA,NA,NA,NA,NA,NA,NA,NA,NA,NA,NA,NA,NA,NA,NA,NA,NA,NA,NA,NA,NA,NA,NA,NA,NA,NA,NA,NA,NA,NA,NA,NA,NA,NA,NA,NA,NA,High,High,High,NA,NA,NA,NA,NA,NA,NA,NA,NA,NA,NA,NA,NA,NA,NA,NA,NA,NA,NA,NA,NA,NA,NA,NA,NA,NA,NA,NA,NA,NA,NA,NA,NA,NA,NA,NA,NA,NA,NA,NA,NA,NA,NA,NA,NA,NA,NA,NA,NA,NA,NA,NA,NA,NA,NA,NA,NA,NA
NA,NA,NA,NA,NA,NA,NA,NA,NA,NA,NA,NA,NA,NA,NA,NA,157,2025-06-10,18:04:54,2,1,"Bond, Zack",10315167,Right,USA_DIR4,"Markovich, Jack",10100263,Left,USA_TEA7,Undefined,6,Bottom,0,0,0,Undefined,Sinker,BallCalled,Undefined,Undefined,Undefined,0,0,NA,87.17645,-0.682312,-1.460885,1903.073019,227.190497,01:30:00,5.20124,1.77432,5.53282,-26.27265,11.22209,10.75099,2.37383,1.30439,79.2393,-5.568136,0.456355,0.440714,NA,NA,NA,NA,NA,NA,NA,NA,NA,NA,NA,-5.84189,6.24733,-1.65474,50,5.12476,2.75395,-126.453,-2.40738,-9.39671,27.37421,-22.12514,USA_TEA7,USA_DIR4,USABBCary1,USA Baseball,USA,20250610-USABBCary1-6,f0eb68a0-4646-11f0-b1ef-e7d42f54913a,85.52592,NA,NA,7.93715,NA,NA,NA,NA,NA,NA,94966c17-51d9-438d-8e8b-63130879b621,2025-06-10,22:04:54,2025-06-10T22:04:54Z,2025-06-10T22:04:54Z,NA,v3,NA,NA,NA,"Holden, Will",NA,Right,USA_DIR4,f10aad8c-1170-422b-afac-95210b9333ee,54.96387,-127.52304,13.6871,5.20196,-1.54252,-11.06257,-1.76957,3.12126,-4.69835,NA,NA,NA,NA,NA,NA,NA,NA,NA,NA,NA,NA,NA,NA,NA,NA,NA,NA,NA,NA,NA,NA,NA,NA,NA,NA,NA,NA,NA,NA,NA,NA,NA,NA,NA,NA,NA,NA,NA,NA,NA,NA,NA,NA,NA,NA,NA,NA,NA,NA,High,High,High,NA,NA,NA,NA,NA,NA,NA,NA,NA,NA,NA,NA,NA,NA,NA,NA,NA,NA,NA,NA,NA,NA,NA,NA,NA,NA,NA,NA,NA,NA,NA,NA,NA,NA,NA,NA,NA,NA,NA,NA,NA,NA,NA,NA,NA,NA,NA,NA,NA,NA,NA,NA,NA,NA,NA,NA,NA,NA
NA,NA,NA,NA,NA,NA,NA,NA,NA,NA,NA,NA,NA,NA,NA,NA,158,2025-06-10,18:05:11,2,2,"Bond, Zack",10315167,Right,USA_DIR4,"Markovich, Jack",10100263,Left,USA_TEA7,Undefined,6,Bottom,0,1,0,Undefined,Four-Seam,FoulBallNotFieldable,Undefined,Undefined,Undefined,0,0,NA,86.28553,-0.883898,-1.753224,2045.886036,208.193584,01:00:00,5.19361,1.81947,5.85737,-23.33289,14.44666,7.06634,2.42754,0.77893,78.48504,-5.272797,-0.486098,0.442384,NA,NA,NA,NA,NA,NA,NA,NA,NA,NA,NA,-4.1324,8.02331,-1.68132,50,5.10834,3.54201,-125.21679,-2.65464,-6.52124,26.71381,-19.51265,USA_TEA7,USA_DIR4,USABBCary1,USA Baseball,USA,20250610-USABBCary1-6,fb2b9d80-4646-11f0-b1ef-e7d42f54913a,85.20294,NA,NA,7.80049,NA,NA,NA,NA,NA,NA,94966c17-51d9-438d-8e8b-63130879b621,2025-06-10,22:05:11,2025-06-10T22:05:11Z,2025-06-10T22:05:11Z,NA,v3,NA,NA,NA,"Holden, Will",NA,Right,USA_DIR4,0363ef68-0ef1-4012-89e5-051da41507d3,54.63992,-126.20279,13.3569,5.19303,-1.93444,-9.75633,-1.81649,3.78271,-3.26062,NA,NA,NA,NA,NA,NA,NA,NA,NA,NA,NA,NA,NA,NA,NA,NA,NA,NA,NA,NA,NA,NA,NA,NA,NA,NA,NA,NA,NA,NA,NA,NA,NA,NA,NA,NA,NA,NA,NA,NA,NA,NA,NA,NA,NA,NA,NA,NA,NA,NA,High,High,High,NA,NA,NA,NA,NA,NA,NA,NA,NA,NA,NA,NA,NA,NA,NA,NA,NA,NA,NA,NA,NA,NA,NA,NA,NA,NA,NA,NA,NA,NA,NA,NA,NA,NA,NA,NA,NA,NA,NA,NA,NA,NA,NA,NA,NA,NA,NA,NA,NA,NA,NA,NA,NA,NA,NA,NA,NA,NA
NA,NA,NA,NA,NA,NA,NA,NA,NA,NA,NA,NA,NA,NA,NA,NA,159,2025-06-10,18:05:43,2,3,"Bond, Zack",10315167,Right,USA_DIR4,"Markovich, Jack",10100263,Left,USA_TEA7,Undefined,6,Bottom,0,1,1,Undefined,Four-Seam,InPlay,Undefined,FlyBall,Out,1,0,NA,86.24899,-0.778222,-2.654198,2044.048198,211.311464,01:00:00,5.18792,1.84174,5.77287,-22.29226,15.75442,8.79154,2.60523,0.10271,78.23737,-4.981934,-1.081853,0.443946,76.0056,41.139262,-4.196633,NA,108.81733,75.63518,-16.08596,252.38346,252.38346,-12.95697,4.677315,-5.29044,8.64772,-1.62774,50,5.11028,5.43293,-125.05624,-2.38634,-8.31058,27.11523,-18.58965,USA_TEA7,USA_DIR4,USABBCary1,USA Baseball,USA,20250610-USABBCary1-6,0e0f4730-4647-11f0-b1ef-e7d42f54913a,84.90327,80.824700000000007,NA,8.01162,NA,NA,NA,1.00087,2.62066,-0.08963,94966c17-51d9-438d-8e8b-63130879b621,2025-06-10,22:05:43,2025-06-10T22:05:43Z,2025-06-10T22:05:43Z,FlyBall,v3,NA,NA,NA,"Holden, Will",NA,Right,USA_DIR4,49db251b-f7ab-4431-9477-5d110f304d0b,54.72455,-126.07648,13.55762,5.18691,-1.68689,-9.29483,-1.83804,5.74562,-4.15529,157.881388,1.0024,83.69753,-15.91384,3.88297,-0.75383,0.14411,-0.02841,0.00399,-2.4e-4,2.62153,73.31146,-19.24032,0.99777,0.18738,-0.19021,0.05846,-0.00829,4.5e-4,-0.08932,-6.14992,-3.16284,0.81686,-0.1656,0.03128,-0.00561,7.3e-4,-4e-5,NA,NA,NA,NA,NA,NA,NA,NA,NA,NA,NA,NA,NA,NA,NA,NA,NA,NA,NA,NA,NA,NA,High,High,High,High,Medium,NA,NA,NA,NA,NA,NA,NA,NA,NA,NA,NA,NA,NA,NA,NA,NA,NA,NA,NA,NA,NA,NA,NA,NA,NA,NA,NA,NA,NA,NA,NA,NA,NA,NA,NA,NA,NA,NA,NA,NA,NA,NA,NA,NA,NA,NA,NA,NA,NA,NA,NA,NA,NA,NA,NA,NA
NA,NA,NA,NA,NA,NA,NA,NA,NA,NA,NA,NA,NA,NA,NA,NA,160,2025-06-10,18:06:21,3,1,"Bond, Zack",10315167,Right,USA_DIR4,"Begley, Tegan",10089773,Right,USA_TEA7,Undefined,6,Bottom,1,0,0,Undefined,Slider,BallCalled,Undefined,Undefined,Undefined,0,0,NA,81.46667,0.181557,-1.533544,2086.029879,237.939562,02:00:00,5.12457,1.91192,5.58398,-39.11018,3.89248,3.84835,2.035,0.80017,73.99369,-7.025209,-0.846403,0.471975,NA,NA,NA,NA,NA,NA,NA,NA,NA,NA,NA,-2.40677,2.38602,-1.78265,50,5.11502,3.00485,-118.14,-0.9492,-3.36616,24.68762,-28.8369,USA_TEA7,USA_DIR4,USABBCary1,USA Baseball,USA,20250610-USABBCary1-6,24ea1bb0-4647-11f0-b1ef-e7d42f54913a,79.86106,NA,NA,7.47297,NA,NA,NA,NA,NA,NA,94966c17-51d9-438d-8e8b-63130879b621,2025-06-10,22:06:21,2025-06-10T22:06:21Z,2025-06-10T22:06:21Z,NA,v3,NA,NA,NA,"Holden, Will",NA,Right,USA_DIR4,bd1a4aaf-ddd2-4ba3-8d70-bb9f6f87ebcd,54.91216,-119.16207,12.34381,5.1296,0.24465,-14.41845,-1.90993,3.14421,-1.68308,NA,NA,NA,NA,NA,NA,NA,NA,NA,NA,NA,NA,NA,NA,NA,NA,NA,NA,NA,NA,NA,NA,NA,NA,NA,NA,NA,NA,NA,NA,NA,NA,NA,NA,NA,NA,NA,NA,NA,NA,NA,NA,NA,NA,NA,NA,NA,NA,NA,NA,High,High,High,NA,NA,NA,NA,NA,NA,NA,NA,NA,NA,NA,NA,NA,NA,NA,NA,NA,NA,NA,NA,NA,NA,NA,NA,NA,NA,NA,NA,NA,NA,NA,NA,NA,NA,NA,NA,NA,NA,NA,NA,NA,NA,NA,NA,NA,NA,NA,NA,NA,NA,NA,NA,NA,NA,NA,NA,NA,NA
NA,NA,NA,NA,NA,NA,NA,NA,NA,NA,NA,NA,NA,NA,NA,NA,161,2025-06-10,18:06:42,3,2,"Bond, Zack",10315167,Right,USA_DIR4,"Begley, Tegan",10089773,Right,USA_TEA7,Undefined,6,Bottom,1,1,0,Undefined,Changeup,StrikeCalled,Undefined,Undefined,Undefined,0,0,NA,86.20574,-1.075286,-3.176957,2064.641116,214.441534,01:15:00,5.24836,1.77021,5.57434,-21.76174,16.66505,10.518,2.42887,-0.32368,78.15048,-5.170641,-1.303992,0.446158,NA,NA,NA,NA,NA,NA,NA,NA,NA,NA,NA,-6.23386,9.12626,-1.50335,50,5.14167,6.47284,-124.85691,-3.02892,-9.76742,26.88406,-17.87464,USA_TEA7,USA_DIR4,USABBCary1,USA Baseball,USA,20250610-USABBCary1-6,30f302a0-4647-11f0-b1ef-e7d42f54913a,84.48228,NA,NA,8.05525,NA,NA,NA,NA,NA,NA,94966c17-51d9-438d-8e8b-63130879b621,2025-06-10,22:06:42,2025-06-10T22:06:42Z,2025-06-10T22:06:42Z,NA,v3,NA,NA,NA,"Holden, Will",NA,Right,USA_DIR4,ac32af60-3f4a-4c89-960b-0c8692a8e3d5,54.92135,-125.91211,13.44203,5.24679,-2.32734,-8.93732,-1.76493,6.85621,-4.88371,NA,NA,NA,NA,NA,NA,NA,NA,NA,NA,NA,NA,NA,NA,NA,NA,NA,NA,NA,NA,NA,NA,NA,NA,NA,NA,NA,NA,NA,NA,NA,NA,NA,NA,NA,NA,NA,NA,NA,NA,NA,NA,NA,NA,NA,NA,NA,NA,NA,NA,High,High,High,NA,NA,NA,NA,NA,NA,NA,NA,NA,NA,NA,NA,NA,NA,NA,NA,NA,NA,NA,NA,NA,NA,NA,NA,NA,NA,NA,NA,NA,NA,NA,NA,NA,NA,NA,NA,NA,NA,NA,NA,NA,NA,NA,NA,NA,NA,NA,NA,NA,NA,NA,NA,NA,NA,NA,NA,NA,NA
NA,NA,NA,NA,NA,NA,NA,NA,NA,NA,NA,NA,NA,NA,NA,NA,162,2025-06-10,18:07:03,3,3,"Bond, Zack",10315167,Right,USA_DIR4,"Begley, Tegan",10089773,Right,USA_TEA7,Undefined,6,Bottom,1,1,1,Undefined,Slider,InPlay,Undefined,FlyBall,Error,0,0,NA,75.67351,1.133089,-0.717325,2340.884689,79.783895,08:45:00,4.99779,2.04379,5.35149,-50.90794,-0.75484,-13.43509,1.81842,0.25137,69.11527,-8.154095,-3.106717,0.509707,87.27904,59.475715,-30.784436,NA,NA,NA,NA,NA,63.66541,NA,NA,6.57347,-0.29783,-1.9691,50,5.0632,1.88171,-109.79825,0.50636,7.95028,21.12244,-32.53428,USA_TEA7,USA_DIR4,USABBCary1,USA Baseball,USA,20250610-USABBCary1-6,3e0ae890-4647-11f0-b1ef-e7d42f54913a,73.94926,106.02902,NA,6.55825,NA,NA,NA,1.79348,1.88503,-0.46796,94966c17-51d9-438d-8e8b-63130879b621,2025-06-10,22:07:03,2025-06-10T22:07:03Z,2025-06-10T22:07:03Z,NA,v3,NA,NA,NA,"Holden, Will",NA,Right,USA_DIR4,b5d67836-e4fc-4950-9784-f3f6f4f1a613,55.14864,-110.78429,10.56122,5.00411,2.02513,-16.26714,-2.04828,1.51057,3.97514,165.121814,1.79346,55.85987,-20.08102,6.79337,-3.46187,3.36536,-2.50168,1.00677,-0.16614,1.88504,110.26683,-26.04753,2.35445,0.51204,-1.34828,1.1302,-0.47215,0.07969,-0.46796,-33.27574,4.07686,-0.70139,-0.00134,0.1433,-0.12757,0.05476,-0.00945,NA,NA,NA,NA,NA,NA,NA,NA,NA,NA,NA,NA,NA,NA,NA,NA,NA,NA,NA,NA,NA,NA,High,High,High,Medium,Undefined,NA,NA,NA,NA,NA,NA,NA,NA,NA,NA,NA,NA,NA,NA,NA,NA,NA,NA,NA,NA,NA,NA,NA,NA,NA,NA,NA,NA,NA,NA,NA,NA,NA,NA,NA,NA,NA,NA,NA,NA,NA,NA,NA,NA,NA,NA,NA,NA,NA,NA,NA,NA,NA,NA,NA,NA
NA,NA,NA,NA,NA,NA,NA,NA,NA,NA,NA,NA,NA,NA,NA,NA,163,2025-06-10,18:08:47,4,1,"Bond, Zack",10315167,Right,USA_DIR4,"Seluk, Trey",1000364029,Left,USA_TEA7,Undefined,6,Bottom,1,0,0,Undefined,Four-Seam,BallCalled,Undefined,Undefined,Undefined,0,0,NA,85.68306,-2.236151,-3.251006,1999.346145,204.419854,12:45:00,5.21862,1.84589,5.74411,-23.60612,14.70607,6.12953,1.16504,-0.67345,78.64875,-6.632546,-2.155948,0.445492,NA,NA,NA,NA,NA,NA,NA,NA,NA,NA,NA,-3.98059,8.46008,-1.57907,50,5.01797,6.79777,-124.18312,-5.60351,-6.23446,24.17721,-18.92374,USA_TEA7,USA_DIR4,USABBCary1,USA Baseball,USA,20250610-USABBCary1-6,7bed3190-4647-11f0-b1ef-e7d42f54913a,84.60855,NA,NA,7.03431,NA,NA,NA,NA,NA,NA,94966c17-51d9-438d-8e8b-63130879b621,2025-06-10,22:08:47,2025-06-10T22:08:47Z,2025-06-10T22:08:47Z,NA,v3,NA,NA,NA,"Holden, Will",NA,Right,USA_DIR4,05e45b27-355f-488e-a59a-5a05732effaf,54.75288,-125.10504,12.08861,5.21789,-4.88192,-9.46187,-1.84281,7.0355,-3.11723,NA,NA,NA,NA,NA,NA,NA,NA,NA,NA,NA,NA,NA,NA,NA,NA,NA,NA,NA,NA,NA,NA,NA,NA,NA,NA,NA,NA,NA,NA,NA,NA,NA,NA,NA,NA,NA,NA,NA,NA,NA,NA,NA,NA,NA,NA,NA,NA,NA,NA,High,High,High,NA,NA,NA,NA,NA,NA,NA,NA,NA,NA,NA,NA,NA,NA,NA,NA,NA,NA,NA,NA,NA,NA,NA,NA,NA,NA,NA,NA,NA,NA,NA,NA,NA,NA,NA,NA,NA,NA,NA,NA,NA,NA,NA,NA,NA,NA,NA,NA,NA,NA,NA,NA,NA,NA,NA,NA,NA,NA
NA,NA,NA,NA,NA,NA,NA,NA,NA,NA,NA,NA,NA,NA,NA,NA,164,2025-06-10,18:09:13,4,2,"Bond, Zack",10315167,Right,USA_DIR4,"Seluk, Trey",1000364029,Left,USA_TEA7,Undefined,6,Bottom,1,1,0,Undefined,Changeup,InPlay,Undefined,GroundBall,Out,2,0,NA,86.6508,-1.376248,-2.000075,2121.804762,218.735825,01:15:00,5.22172,2.03238,5.68786,-23.55612,13.96603,10.24083,1.97497,1.02087,79.26603,-5.773739,-0.169375,0.440875,39.92605,-60.868101,-12.488036,NA,NA,NA,NA,2.21957,2.21957,-34.260904,0.03705,-5.76689,7.84374,-1.87065,50,5.09126,3.96218,-125.75467,-3.78607,-9.23281,25.55384,-19.61624,USA_TEA7,USA_DIR4,USABBCary1,USA Baseball,USA,20250610-USABBCary1-6,8b659cc0-4647-11f0-b1ef-e7d42f54913a,85.49467,1.91171,NA,7.38477,NA,NA,NA,0.7942,1.91171,-1.01915,94966c17-51d9-438d-8e8b-63130879b621,2025-06-10,22:09:13,2025-06-10T22:09:13Z,2025-06-10T22:09:13Z,GroundBall,v3,NA,NA,NA,"Holden, Will",NA,Right,USA_DIR4,f90acdab-9f6f-4f7c-852b-6e1cd9bd7c12,54.81039,-126.72839,12.77692,5.22129,-3.0386,-9.80812,-2.02833,4.31399,-4.6164,NA,0.79275,28.07662,NA,NA,NA,NA,NA,NA,NA,1.91438,-51.59848,NA,NA,NA,NA,NA,NA,NA,-1.01883,-6.21829,NA,NA,NA,NA,NA,NA,NA,NA,NA,NA,NA,NA,NA,NA,NA,NA,NA,NA,NA,NA,NA,NA,NA,NA,NA,NA,NA,NA,NA,High,High,High,Estimated,Estimated,NA,NA,NA,NA,NA,NA,NA,NA,NA,NA,NA,NA,NA,NA,NA,NA,NA,NA,NA,NA,NA,NA,NA,NA,NA,NA,NA,NA,NA,NA,NA,NA,NA,NA,NA,NA,NA,NA,NA,NA,NA,NA,NA,NA,NA,NA,NA,NA,NA,NA,NA,NA,NA,NA,NA,NA
NA,NA,NA,NA,NA,NA,NA,NA,NA,NA,NA,NA,NA,NA,NA,NA,165,2025-06-10,18:11:29,1,1,"Walther, Clayton",10095252,Right,USA_TEA7,"Hornick, Palmer",1000111916,Left,USA_DIR4,Undefined,7,Top,0,0,0,Undefined,Changeup,BallCalled,Undefined,Undefined,Undefined,0,0,NA,82.93275,0.988798,-4.043151,2281.756849,246.260727,02:15:00,4.2034,3.82959,5.79451,-32.04431,8.99823,17.38977,2.45518,1.51162,75.43083,-4.970615,-0.937693,0.461093,NA,NA,NA,NA,NA,NA,NA,NA,NA,NA,NA,-9.96981,4.71607,-3.50682,50,4.26588,7.78611,-120.14532,1.04803,-14.52823,23.94094,-25.30169,USA_TEA7,USA_DIR4,USABBCary1,USA Baseball,USA,20250610-USABBCary1-6,dc53d7f0-4647-11f0-b1ef-e7d42f54913a,81.74582,NA,NA,7.50192,NA,NA,NA,NA,NA,NA,94966c17-51d9-438d-8e8b-63130879b621,2025-06-10,22:11:29,2025-06-10T22:11:29Z,2025-06-10T22:11:29Z,NA,v3,NA,NA,NA,"Rogozinski, Benjamin",1000291537,Right,USA_TEA7,c014e74b-f5e5-4329-9969-1ed407c94ec0,54.70345,-121.07893,11.97047,4.20577,2.03471,-12.65084,-3.8215,8.35266,-7.26411,NA,NA,NA,NA,NA,NA,NA,NA,NA,NA,NA,NA,NA,NA,NA,NA,NA,NA,NA,NA,NA,NA,NA,NA,NA,NA,NA,NA,NA,NA,NA,NA,NA,NA,NA,NA,NA,NA,NA,NA,NA,NA,NA,NA,NA,NA,NA,NA,NA,NA,High,High,High,NA,NA,NA,NA,NA,NA,NA,NA,NA,NA,NA,NA,NA,NA,NA,NA,NA,NA,NA,NA,NA,NA,NA,NA,NA,NA,NA,NA,NA,NA,NA,NA,NA,NA,NA,NA,NA,NA,NA,NA,NA,NA,NA,NA,NA,NA,NA,NA,NA,NA,NA,NA,NA,NA,NA,NA,NA,NA
NA,NA,NA,NA,NA,NA,NA,NA,NA,NA,NA,NA,NA,NA,NA,NA,166,2025-06-10,18:11:43,1,2,"Walther, Clayton",10095252,Right,USA_TEA7,"Hornick, Palmer",1000111916,Left,USA_DIR4,Undefined,7,Top,0,1,0,Undefined,Changeup,InPlay,Undefined,GroundBall,Single,0,0,NA,84.53531,0.915853,-5.482186,2203.523926,262.514115,02:45:00,4.23043,3.70151,5.71763,-35.7677,4.06339,20.65367,2.10692,0.30024,76.71617,-5.687305,-1.809076,0.454237,78.11417,-16.330366,31.45879,NA,NA,NA,NA,10.04288,9.43582,21.670343,0.075408,-12.19194,2.14851,-3.25534,50,4.28506,10.89786,-122.23697,0.75172,-18.3434,25.35413,-28.94149,USA_TEA7,USA_DIR4,USABBCary1,USA Baseball,USA,20250610-USABBCary1-6,e4ca4950-4647-11f0-b1ef-e7d42f54913a,82.97972,2.43572,NA,7.81914,NA,NA,NA,2.24183,2.43572,-0.63003,94966c17-51d9-438d-8e8b-63130879b621,2025-06-10,22:11:43,2025-06-10T22:11:43Z,2025-06-10T22:11:43Z,GroundBall,v3,NA,NA,NA,"Rogozinski, Benjamin",1000291537,Right,USA_TEA7,9ce66bc3-bd8a-4865-b78d-e412a6db9a24,54.78311,-123.22508,12.67707,4.23378,1.87963,-14.47075,-3.69398,11.61274,-9.1717,NA,2.23875,94.03868,NA,NA,NA,NA,NA,NA,NA,2.43678,-32.30062,NA,NA,NA,NA,NA,NA,NA,-0.63191,57.53398,NA,NA,NA,NA,NA,NA,NA,NA,NA,NA,NA,NA,NA,NA,NA,NA,NA,NA,NA,NA,NA,NA,NA,NA,NA,NA,NA,NA,NA,High,High,High,Low,Low,NA,NA,NA,NA,NA,NA,NA,NA,NA,NA,NA,NA,NA,NA,NA,NA,NA,NA,NA,NA,NA,NA,NA,NA,NA,NA,NA,NA,NA,NA,NA,NA,NA,NA,NA,NA,NA,NA,NA,NA,NA,NA,NA,NA,NA,NA,NA,NA,NA,NA,NA,NA,NA,NA,NA,NA
NA,NA,NA,NA,NA,NA,NA,NA,NA,NA,NA,NA,NA,NA,NA,NA,167,2025-06-10,18:13:21,2,1,"Walther, Clayton",10095252,Right,USA_TEA7,"Kiker, Chase",10126938,Right,USA_DIR4,Undefined,7,Top,0,0,0,Undefined,Changeup,StrikeCalled,Undefined,Undefined,Undefined,0,0,NA,82.20461,0.960007,-4.581052,2167.27207,231.046023,01:45:00,4.31095,4.07621,5.4412,-28.57261,14.30532,15.75509,2.83177,1.09052,73.86323,-4.382415,-1.790492,0.47129,NA,NA,NA,NA,NA,NA,NA,NA,NA,NA,NA,-9.28701,7.33079,-3.68125,50,4.37691,8.84017,-118.75726,1.08303,-13.08175,25.64078,-21.84787,USA_TEA7,USA_DIR4,USABBCary1,USA Baseball,USA,20250610-USABBCary1-6,1f136600-4648-11f0-b1ef-e7d42f54913a,79.97716,NA,NA,8.34139,NA,NA,NA,NA,NA,NA,94966c17-51d9-438d-8e8b-63130879b621,2025-06-10,22:13:21,2025-06-10T22:13:21Z,2025-06-10T22:13:21Z,NA,v3,NA,NA,NA,"Rogozinski, Benjamin",1000291537,Right,USA_TEA7,30ca67a0-5ca4-49e7-b6c3-85e16fe152f6,55.05322,-119.84333,12.82039,4.31144,2.00845,-10.92394,-4.06742,9.39428,-6.54087,NA,NA,NA,NA,NA,NA,NA,NA,NA,NA,NA,NA,NA,NA,NA,NA,NA,NA,NA,NA,NA,NA,NA,NA,NA,NA,NA,NA,NA,NA,NA,NA,NA,NA,NA,NA,NA,NA,NA,NA,NA,NA,NA,NA,NA,NA,NA,NA,NA,NA,High,High,High,NA,NA,NA,NA,NA,NA,NA,NA,NA,NA,NA,NA,NA,NA,NA,NA,NA,NA,NA,NA,NA,NA,NA,NA,NA,NA,NA,NA,NA,NA,NA,NA,NA,NA,NA,NA,NA,NA,NA,NA,NA,NA,NA,NA,NA,NA,NA,NA,NA,NA,NA,NA,NA,NA,NA,NA,NA,NA
NA,NA,NA,NA,NA,NA,NA,NA,NA,NA,NA,NA,NA,NA,NA,NA,168,2025-06-10,18:13:35,2,2,"Walther, Clayton",10095252,Right,USA_TEA7,"Kiker, Chase",10126938,Right,USA_DIR4,Undefined,7,Top,0,0,1,Undefined,Curveball,BallCalled,Undefined,Undefined,Undefined,0,0,NA,68.25368,4.47203,-4.19461,2236.919325,62.576631,08:00:00,4.29468,3.88091,4.96366,-72.91213,-8.48949,-21.02785,2.46328,-1.84107,61.35233,-8.712354,-7.871973,0.577684,NA,NA,NA,NA,NA,NA,NA,NA,NA,NA,NA,8.73965,-4.95918,-3.45658,50,4.67045,7.99552,-98.25573,5.38072,8.30242,19.66499,-36.88511,USA_TEA7,USA_DIR4,USABBCary1,USA Baseball,USA,20250610-USABBCary1-6,27a59cc0-4648-11f0-b1ef-e7d42f54913a,65.24746,NA,NA,6.90134,NA,NA,NA,NA,NA,NA,94966c17-51d9-438d-8e8b-63130879b621,2025-06-10,22:13:35,2025-06-10T22:13:35Z,2025-06-10T22:13:35Z,NA,v3,NA,NA,NA,"Rogozinski, Benjamin",1000291537,Right,USA_TEA7,cdb64f77-191e-4936-a240-a4f647d35b9c,55.53486,-99.35731,9.83249,4.31117,7.44692,-18.44256,-3.89144,7.53044,4.15121,NA,NA,NA,NA,NA,NA,NA,NA,NA,NA,NA,NA,NA,NA,NA,NA,NA,NA,NA,NA,NA,NA,NA,NA,NA,NA,NA,NA,NA,NA,NA,NA,NA,NA,NA,NA,NA,NA,NA,NA,NA,NA,NA,NA,NA,NA,NA,NA,NA,NA,High,High,High,NA,NA,NA,NA,NA,NA,NA,NA,NA,NA,NA,NA,NA,NA,NA,NA,NA,NA,NA,NA,NA,NA,NA,NA,NA,NA,NA,NA,NA,NA,NA,NA,NA,NA,NA,NA,NA,NA,NA,NA,NA,NA,NA,NA,NA,NA,NA,NA,NA,NA,NA,NA,NA,NA,NA,NA,NA,NA
NA,NA,NA,NA,NA,NA,NA,NA,NA,NA,NA,NA,NA,NA,NA,NA,169,2025-06-10,18:13:49,2,3,"Walther, Clayton",10095252,Right,USA_TEA7,"Kiker, Chase",10126938,Right,USA_DIR4,Undefined,7,Top,0,1,1,Undefined,Changeup,BallCalled,Undefined,Undefined,Undefined,0,0,NA,78.8162,1.652381,-3.233569,2060.148182,246.663462,02:15:00,4.31525,3.92976,5.30963,-36.24911,10.19103,19.94336,2.84839,2.55332,71.38428,-5.044202,0.300169,0.490477,NA,NA,NA,NA,NA,NA,NA,NA,NA,NA,NA,-11.02839,5.03874,-3.65157,50,4.43935,5.65568,-114.13543,2.114,-14.42843,22.61454,-25.58187,USA_TEA7,USA_DIR4,USABBCary1,USA Baseball,USA,20250610-USABBCary1-6,2fa70530-4648-11f0-b1ef-e7d42f54913a,76.84861,NA,NA,7.43192,NA,NA,NA,NA,NA,NA,94966c17-51d9-438d-8e8b-63130879b621,2025-06-10,22:13:49,2025-06-10T22:13:49Z,2025-06-10T22:13:49Z,NA,v3,NA,NA,NA,"Rogozinski, Benjamin",1000291537,Right,USA_TEA7,84116b24-8a5f-4441-a3a5-7ec476588a6f,55.18959,-115.15909,11.30727,4.31745,3.27199,-12.79093,-3.92236,6.30879,-7.21422,NA,NA,NA,NA,NA,NA,NA,NA,NA,NA,NA,NA,NA,NA,NA,NA,NA,NA,NA,NA,NA,NA,NA,NA,NA,NA,NA,NA,NA,NA,NA,NA,NA,NA,NA,NA,NA,NA,NA,NA,NA,NA,NA,NA,NA,NA,NA,NA,NA,NA,High,High,High,NA,NA,NA,NA,NA,NA,NA,NA,NA,NA,NA,NA,NA,NA,NA,NA,NA,NA,NA,NA,NA,NA,NA,NA,NA,NA,NA,NA,NA,NA,NA,NA,NA,NA,NA,NA,NA,NA,NA,NA,NA,NA,NA,NA,NA,NA,NA,NA,NA,NA,NA,NA,NA,NA,NA,NA,NA,NA
NA,NA,NA,NA,NA,NA,NA,NA,NA,NA,NA,NA,NA,NA,NA,NA,170,2025-06-10,18:14:08,2,4,"Walther, Clayton",10095252,Right,USA_TEA7,"Kiker, Chase",10126938,Right,USA_DIR4,Undefined,7,Top,0,2,1,Undefined,Changeup,BallCalled,Undefined,Undefined,Undefined,0,0,NA,81.89831,2.05239,-7.23475,2267.862689,244.074708,02:15:00,4.40301,4.18502,5.84941,-31.23797,10.74418,19.51218,3.7231,-0.94761,74.98733,-3.728794,-3.780589,0.466341,NA,NA,NA,NA,NA,NA,NA,NA,NA,NA,NA,-11.71757,5.35677,-3.60512,50,4.55288,14.22345,-118.10326,3.29504,-16.71484,20.39639,-24.53275,USA_TEA7,USA_DIR4,USABBCary1,USA Baseball,USA,20250610-USABBCary1-6,3ad124e0-4648-11f0-b1ef-e7d42f54913a,80.82589,NA,NA,6.91098,NA,NA,NA,NA,NA,NA,94966c17-51d9-438d-8e8b-63130879b621,2025-06-10,22:14:08,2025-06-10T22:14:08Z,2025-06-10T22:14:08Z,NA,v3,NA,NA,NA,"Rogozinski, Benjamin",1000291537,Right,USA_TEA7,eb517a91-4a95-44bb-904c-0a289c807e3a,54.65036,-118.90367,10.1982,4.40468,4.25777,-12.26638,-4.17616,14.87937,-8.35742,NA,NA,NA,NA,NA,NA,NA,NA,NA,NA,NA,NA,NA,NA,NA,NA,NA,NA,NA,NA,NA,NA,NA,NA,NA,NA,NA,NA,NA,NA,NA,NA,NA,NA,NA,NA,NA,NA,NA,NA,NA,NA,NA,NA,NA,NA,NA,NA,NA,NA,High,High,High,NA,NA,NA,NA,NA,NA,NA,NA,NA,NA,NA,NA,NA,NA,NA,NA,NA,NA,NA,NA,NA,NA,NA,NA,NA,NA,NA,NA,NA,NA,NA,NA,NA,NA,NA,NA,NA,NA,NA,NA,NA,NA,NA,NA,NA,NA,NA,NA,NA,NA,NA,NA,NA,NA,NA,NA,NA,NA
NA,NA,NA,NA,NA,NA,NA,NA,NA,NA,NA,NA,NA,NA,NA,NA,171,2025-06-10,18:14:24,2,5,"Walther, Clayton",10095252,Right,USA_TEA7,"Kiker, Chase",10126938,Right,USA_DIR4,Undefined,7,Top,0,3,1,Undefined,Changeup,InPlay,Undefined,FlyBall,Single,0,0,NA,82.01517,1.559115,-5.602473,2207.079753,253.87337,02:30:00,4.25462,4.22707,5.64265,-35.433839999999996,6.57863,18.34355,2.76353,0.51283,75.15954,-4.961607,-2.348727,0.466509,76.44139,25.509879,20.440264,4848.266981,100.11833,38.15773,45.56659,218.09464,214.15657,29.392964,3.2254,-10.77548,3.3016200000000002,-3.7621000000000002,50,4.36489,10.90998,-118.6386,2.07269,-15.46111,21.26971,-27.43674,USA_TEA7,USA_DIR4,USABBCary1,USA Baseball,USA,20250610-USABBCary1-6,4488a1c0-4648-11f0-b1ef-e7d42f54913a,80.79674,38.72916,NA,6.85564,NA,NA,NA,0.72048,2.72715,-0.48306,94966c17-51d9-438d-8e8b-63130879b621,2025-06-10,22:14:24,2025-06-10T22:14:24Z,2025-06-10T22:14:24Z,LineDrive,v3,NA,NA,NA,"Rogozinski, Benjamin",1000291537,Right,USA_TEA7,cd27a8aa-42b7-423c-9314-510563205a2c,54.85812,-119.50639,10.63486,4.25749,3.1921,-13.71837,-4.2201,11.54079,-7.73055,216.741525,0.72047,94.81545,-20.57961,4.9678,-1.03733,0.18687,-0.02568,0.00205,-5e-5,2.72719,48.27917,-17.32581,0.87922,-0.10309,0.02375,-0.00974,0.00234,-2e-4,-0.48304,35.33553,-0.80058,0.03687,0.02064,-0.0078,0.00153,-2.1e-4,1e-5,NA,NA,NA,NA,NA,NA,NA,NA,NA,NA,NA,NA,NA,NA,NA,NA,NA,NA,NA,NA,NA,NA,High,High,High,High,Medium,NA,NA,NA,NA,NA,NA,NA,NA,NA,NA,NA,NA,NA,NA,NA,NA,NA,NA,NA,NA,NA,NA,NA,NA,NA,NA,NA,NA,NA,NA,NA,NA,NA,NA,NA,NA,NA,NA,NA,NA,NA,NA,NA,NA,NA,NA,NA,NA,NA,NA,NA,NA,NA,NA,NA,NA
NA,NA,NA,NA,NA,NA,NA,NA,NA,NA,NA,NA,NA,NA,NA,NA,172,2025-06-10,18:15:11,3,1,"Walther, Clayton",10095252,Right,USA_TEA7,"Holden, Will",10113390,Right,USA_DIR4,Undefined,7,Top,0,0,0,Undefined,Changeup,BallCalled,Undefined,Undefined,Undefined,0,0,NA,83.67965,0.24077,-4.186837,2184.038218,259.316093,02:45:00,4.29271,3.75628,5.69851,-35.289,5.22737,20.51092,1.57693,1.55704,76.13968,-6.278867,-0.527857,0.458128,NA,NA,NA,NA,NA,NA,NA,NA,NA,NA,NA,-11.64115,2.98559,-3.41737,50,4.29103,8.03635,-121.22367,-0.67864,-17.23412,24.82575,-27.754,USA_TEA7,USA_DIR4,USABBCary1,USA Baseball,USA,20250610-USABBCary1-6,60784610-4648-11f0-b1ef-e7d42f54913a,82.27495,NA,NA,7.53997,NA,NA,NA,NA,NA,NA,94966c17-51d9-438d-8e8b-63130879b621,2025-06-10,22:15:11,2025-06-10T22:15:11Z,2025-06-10T22:15:11Z,NA,v3,NA,NA,NA,"Rogozinski, Benjamin",1000291537,Right,USA_TEA7,155e6970-43a7-41b7-a1b2-5742c894bb08,54.80109,-122.20294,12.41288,4.29621,0.41614,-13.877,-3.74778,8.71616,-8.61706,NA,NA,NA,NA,NA,NA,NA,NA,NA,NA,NA,NA,NA,NA,NA,NA,NA,NA,NA,NA,NA,NA,NA,NA,NA,NA,NA,NA,NA,NA,NA,NA,NA,NA,NA,NA,NA,NA,NA,NA,NA,NA,NA,NA,NA,NA,NA,NA,NA,NA,High,High,High,NA,NA,NA,NA,NA,NA,NA,NA,NA,NA,NA,NA,NA,NA,NA,NA,NA,NA,NA,NA,NA,NA,NA,NA,NA,NA,NA,NA,NA,NA,NA,NA,NA,NA,NA,NA,NA,NA,NA,NA,NA,NA,NA,NA,NA,NA,NA,NA,NA,NA,NA,NA,NA,NA,NA,NA,NA,NA
NA,NA,NA,NA,NA,NA,NA,NA,NA,NA,NA,NA,NA,NA,NA,NA,173,2025-06-10,18:15:29,3,2,"Walther, Clayton",10095252,Right,USA_TEA7,"Holden, Will",10113390,Right,USA_DIR4,Undefined,7,Top,0,1,0,Undefined,Changeup,StrikeCalled,Undefined,Undefined,Undefined,0,0,NA,83.30741,1.473843,-6.698579,2255.549603,243.019325,02:00:00,4.26194,4.13509,5.82142,-29.35683,11.68461,20.20281,3.19551,-0.43761,75.36188,-4.002669,-3.115697,0.461087,NA,NA,NA,NA,NA,NA,NA,NA,NA,NA,NA,-12.12922,5.94327,-3.59643,50,4.36608,13.27492,-120.1274,2.19453,-17.65528,24.11018,-23.52303,USA_TEA7,USA_DIR4,USABBCary1,USA Baseball,USA,20250610-USABBCary1-6,6b919ce0-4648-11f0-b1ef-e7d42f54913a,81.74695,NA,NA,7.94553,NA,NA,NA,NA,NA,NA,94966c17-51d9-438d-8e8b-63130879b621,2025-06-10,22:15:29,2025-06-10T22:15:29Z,2025-06-10T22:15:29Z,NA,v3,NA,NA,NA,"Rogozinski, Benjamin",1000291537,Right,USA_TEA7,401fc8c9-453a-47c6-a71f-95018af22458,54.67589,-121.06223,12.05509,4.26331,3.1066,-11.76152,-4.12442,13.95948,-8.82764,NA,NA,NA,NA,NA,NA,NA,NA,NA,NA,NA,NA,NA,NA,NA,NA,NA,NA,NA,NA,NA,NA,NA,NA,NA,NA,NA,NA,NA,NA,NA,NA,NA,NA,NA,NA,NA,NA,NA,NA,NA,NA,NA,NA,NA,NA,NA,NA,NA,NA,High,High,High,NA,NA,NA,NA,NA,NA,NA,NA,NA,NA,NA,NA,NA,NA,NA,NA,NA,NA,NA,NA,NA,NA,NA,NA,NA,NA,NA,NA,NA,NA,NA,NA,NA,NA,NA,NA,NA,NA,NA,NA,NA,NA,NA,NA,NA,NA,NA,NA,NA,NA,NA,NA,NA,NA,NA,NA,NA,NA
NA,NA,NA,NA,NA,NA,NA,NA,NA,NA,NA,NA,NA,NA,NA,NA,174,2025-06-10,18:15:53,3,3,"Walther, Clayton",10095252,Right,USA_TEA7,"Holden, Will",10113390,Right,USA_DIR4,Undefined,7,Top,0,1,1,Undefined,Changeup,BallCalled,Undefined,Undefined,Undefined,0,0,NA,83.68455,1.070509,-7.172157,2131.888252,244.287341,02:15:00,4.48427,3.98155,5.50009,-30.59651,10.47123,18.93458,2.94384,-1.18407,76.05883,-4.577009,-3.840034,0.461234,NA,NA,NA,NA,NA,NA,NA,NA,NA,NA,NA,-11.44505,5.38721,-3.36446,50,4.55811,14.36592,-120.56719,1.24409,-16.86116,23.25296,-24.23748,USA_TEA7,USA_DIR4,USABBCary1,USA Baseball,USA,20250610-USABBCary1-6,79bc0440-4648-11f0-b1ef-e7d42f54913a,81.72079,NA,NA,7.62572,NA,NA,NA,NA,NA,NA,94966c17-51d9-438d-8e8b-63130879b621,2025-06-10,22:15:53,2025-06-10T22:15:53Z,2025-06-10T22:15:53Z,NA,v3,NA,NA,NA,"Rogozinski, Benjamin",1000291537,Right,USA_TEA7,63a06d9f-2906-42c6-acb3-30815112d58b,54.99799,-121.5273,11.62648,4.48608,2.24485,-12.11874,-3.97199,15.06211,-8.43058,NA,NA,NA,NA,NA,NA,NA,NA,NA,NA,NA,NA,NA,NA,NA,NA,NA,NA,NA,NA,NA,NA,NA,NA,NA,NA,NA,NA,NA,NA,NA,NA,NA,NA,NA,NA,NA,NA,NA,NA,NA,NA,NA,NA,NA,NA,NA,NA,NA,NA,High,High,High,NA,NA,NA,NA,NA,NA,NA,NA,NA,NA,NA,NA,NA,NA,NA,NA,NA,NA,NA,NA,NA,NA,NA,NA,NA,NA,NA,NA,NA,NA,NA,NA,NA,NA,NA,NA,NA,NA,NA,NA,NA,NA,NA,NA,NA,NA,NA,NA,NA,NA,NA,NA,NA,NA,NA,NA,NA,NA
NA,NA,NA,NA,NA,NA,NA,NA,NA,NA,NA,NA,NA,NA,NA,NA,175,2025-06-10,18:16:22,3,4,"Walther, Clayton",10095252,Right,USA_TEA7,"Holden, Will",10113390,Right,USA_DIR4,Undefined,7,Top,0,2,1,Undefined,Changeup,InPlay,Undefined,FlyBall,Single,0,0,NA,83.0002,2.597001,-5.698129,2109.707528,265.420311,02:45:00,4.13845,4.27761,5.92338,-38.14471,3.00642,19.96891,3.38319,0.63672,75.01859,-4.468225,-2.139149,0.461702,67.79066,24.288303,19.470275,4242.293043,100.37173,27.64229,45.0052,180.63228,156.87842,28.038757,2.700225,-11.87697,1.18787,-3.83158,50,4.32583,11.16363,-119.86821,4.21946,-17.16723,24.5869,-30.45706,USA_TEA7,USA_DIR4,USABBCary1,USA Baseball,USA,20250610-USABBCary1-6,8b4ffc70-4648-11f0-b1ef-e7d42f54913a,81.63795,28.16494,NA,7.98162,NA,NA,NA,0.05326,3.30869,-0.56023,94966c17-51d9-438d-8e8b-63130879b621,2025-06-10,22:16:22,2025-06-10T22:16:22Z,2025-06-10T22:16:22Z,LineDrive,v3,NA,NA,NA,"Rogozinski, Benjamin",1000291537,Right,USA_TEA7,8100fd5d-d1e0-41eb-a256-b02268e4bd8e,54.57591,-120.80315,12.29345,4.14336,5.37762,-15.22853,-4.2685,11.81644,-8.58362,234.226081,0.05332,85.44001,-14.09685,2.44665,-0.3442,-0.06686,0.0652,-0.01933,0.00217,3.30865,40.89915,-18.26865,1.47493,-0.37875,0.16407,-0.06479,0.0162,-0.00171,-0.56022,30.20617,1.40567,-0.62539,0.20109,-0.06195,0.0186,-0.00393,3.8e-4,NA,NA,NA,NA,NA,NA,NA,NA,NA,NA,NA,NA,NA,NA,NA,NA,NA,NA,NA,NA,NA,NA,High,High,High,High,High,NA,NA,NA,NA,NA,NA,NA,NA,NA,NA,NA,NA,NA,NA,NA,NA,NA,NA,NA,NA,NA,NA,NA,NA,NA,NA,NA,NA,NA,NA,NA,NA,NA,NA,NA,NA,NA,NA,NA,NA,NA,NA,NA,NA,NA,NA,NA,NA,NA,NA,NA,NA,NA,NA,NA,NA
NA,NA,NA,NA,NA,NA,NA,NA,NA,NA,NA,NA,NA,NA,NA,NA,176,2025-06-10,18:17:10,4,1,"Walther, Clayton",10095252,Right,USA_TEA7,"D'Amico, Logan",10172584,Right,USA_DIR4,Undefined,7,Top,0,0,0,Undefined,Changeup,BallCalled,Undefined,Undefined,Undefined,0,0,NA,84.54248,1.96786,-4.210409,2205.508534,231.293399,01:45:00,4.27227,4.34352,5.56886,-25.71911,14.26131,16.12902,3.97292,1.7475,76.49507,-2.8461090000000002,-1.345493,0.455088,NA,NA,NA,NA,NA,NA,NA,NA,NA,NA,NA,-9.28528,7.01335,-3.99049,50,4.42576,8.3062,-122.29341,3.3907,-13.99707,25.1538,-21.60176,USA_TEA7,USA_DIR4,USABBCary1,USA Baseball,USA,20250610-USABBCary1-6,a789a210-4648-11f0-b1ef-e7d42f54913a,82.82455,NA,NA,8.04741,NA,NA,NA,NA,NA,NA,94966c17-51d9-438d-8e8b-63130879b621,2025-06-10,22:17:10,2025-06-10T22:17:10Z,2025-06-10T22:17:10Z,NA,v3,NA,NA,NA,"Rogozinski, Benjamin",1000291537,Right,USA_TEA7,69fdce01-6539-4c49-ab96-4528d9b685d8,54.92712,-123.30267,12.5769,4.27232,4.25744,-10.80088,-4.33504,8.86782,-6.99854,NA,NA,NA,NA,NA,NA,NA,NA,NA,NA,NA,NA,NA,NA,NA,NA,NA,NA,NA,NA,NA,NA,NA,NA,NA,NA,NA,NA,NA,NA,NA,NA,NA,NA,NA,NA,NA,NA,NA,NA,NA,NA,NA,NA,NA,NA,NA,NA,NA,NA,High,High,High,NA,NA,NA,NA,NA,NA,NA,NA,NA,NA,NA,NA,NA,NA,NA,NA,NA,NA,NA,NA,NA,NA,NA,NA,NA,NA,NA,NA,NA,NA,NA,NA,NA,NA,NA,NA,NA,NA,NA,NA,NA,NA,NA,NA,NA,NA,NA,NA,NA,NA,NA,NA,NA,NA,NA,NA,NA,NA
NA,NA,NA,NA,NA,NA,NA,NA,NA,NA,NA,NA,NA,NA,NA,NA,177,2025-06-10,18:17:27,4,2,"Walther, Clayton",10095252,Right,USA_TEA7,"D'Amico, Logan",10172584,Right,USA_DIR4,Undefined,7,Top,0,1,0,Undefined,Changeup,FoulBallNotFieldable,Undefined,Undefined,Undefined,0,0,NA,83.19237,1.43084,-5.139045,2267.483582,250.814291,02:15:00,4.1019,4.3237,5.50385,-32.71478,8.88599,21.34631,2.71955,1.28333,75.08994,-4.631472,-1.356663,0.464218,89.86192,17.761678,-59.484231,3218.960211,55.63994,19.07287,-94.89038,190.79219,157.82323,-60.630728,1.899358,-12.37536,4.44339,-3.88896,50,4.20548,9.93113,-120.22706,1.91933,-17.94611,25.31984,-25.73045,USA_TEA7,USA_DIR4,USABBCary1,USA Baseball,USA,20250610-USABBCary1-6,b1fef0b0-4648-11f0-b1ef-e7d42f54913a,81.19551,19.32494,NA,8.10243,NA,NA,NA,2.28979,2.66659,-1.03637,94966c17-51d9-438d-8e8b-63130879b621,2025-06-10,22:17:27,2025-06-10T22:17:27Z,2025-06-10T22:17:27Z,LineDrive,v3,NA,NA,NA,"Rogozinski, Benjamin",1000291537,Right,USA_TEA7,714178c3-4100-4ce8-ba77-e42bc997ed81,54.99547,-121.27454,12.65992,4.10406,2.9838,-12.86522,-4.31516,10.67356,-8.97305,NA,2.2898,63.73308,-12.17316,2.96268,-0.66274,0.11765,-0.00102,-0.00708,0.00142,2.66659,40.20658,-27.07461,4.03344,-1.07592,0.35693,-0.13722,0.03935,-0.00522,-1.03638,-108.12956,16.35159,-3.95016,0.90198,-0.18663,0.02295,0.00159,-7.4e-4,NA,NA,NA,NA,NA,NA,NA,NA,NA,NA,NA,NA,NA,NA,NA,NA,NA,NA,NA,NA,NA,NA,High,High,High,High,Medium,NA,NA,NA,NA,NA,NA,NA,NA,NA,NA,NA,NA,NA,NA,NA,NA,NA,NA,NA,NA,NA,NA,NA,NA,NA,NA,NA,NA,NA,NA,NA,NA,NA,NA,NA,NA,NA,NA,NA,NA,NA,NA,NA,NA,NA,NA,NA,NA,NA,NA,NA,NA,NA,NA,NA,NA
NA,NA,NA,NA,NA,NA,NA,NA,NA,NA,NA,NA,NA,NA,NA,NA,178,2025-06-10,18:17:50,4,3,"Walther, Clayton",10095252,Right,USA_TEA7,"D'Amico, Logan",10172584,Right,USA_DIR4,Undefined,7,Top,0,1,1,Undefined,Curveball,BallCalled,Undefined,Undefined,Undefined,0,0,NA,70.77454,4.232792,-0.398827,1916.417773,65.474274,08:15:00,4.37492,3.73399,5.26719,-63.97681,-5.15473,-16.28851,3.02708,2.00196,63.25078,-7.481423,-3.284494,0.552003,NA,NA,NA,NA,NA,NA,NA,NA,NA,NA,NA,7.87146,-3.28047,-3.68537,50,4.71654,1.33344,-102.21197,5.52811,8.10583,21.01954,-35.55222,USA_TEA7,USA_DIR4,USABBCary1,USA Baseball,USA,20250610-USABBCary1-6,bf6bfb80-4648-11f0-b1ef-e7d42f54913a,68.28301,NA,NA,7.52377,NA,NA,NA,NA,NA,NA,94966c17-51d9-438d-8e8b-63130879b621,2025-06-10,22:17:50,2025-06-10T22:17:50Z,2025-06-10T22:17:50Z,NA,v3,NA,NA,NA,"Rogozinski, Benjamin",1000291537,Right,USA_TEA7,0ff996c5-bacd-42db-a222-104f655af67a,55.22907,-103.28171,10.50977,4.38916,7.33746,-17.77611,-3.74273,0.92091,4.05292,NA,NA,NA,NA,NA,NA,NA,NA,NA,NA,NA,NA,NA,NA,NA,NA,NA,NA,NA,NA,NA,NA,NA,NA,NA,NA,NA,NA,NA,NA,NA,NA,NA,NA,NA,NA,NA,NA,NA,NA,NA,NA,NA,NA,NA,NA,NA,NA,NA,NA,High,High,High,NA,NA,NA,NA,NA,NA,NA,NA,NA,NA,NA,NA,NA,NA,NA,NA,NA,NA,NA,NA,NA,NA,NA,NA,NA,NA,NA,NA,NA,NA,NA,NA,NA,NA,NA,NA,NA,NA,NA,NA,NA,NA,NA,NA,NA,NA,NA,NA,NA,NA,NA,NA,NA,NA,NA,NA,NA,NA
NA,NA,NA,NA,NA,NA,NA,NA,NA,NA,NA,NA,NA,NA,NA,NA,179,2025-06-10,18:18:09,4,4,"Walther, Clayton",10095252,Right,USA_TEA7,"D'Amico, Logan",10172584,Right,USA_DIR4,Undefined,7,Top,0,2,1,Undefined,Changeup,InPlay,Undefined,FlyBall,Single,0,2,NA,84.35269,2.070582,-5.813953,2044.118981,239.209014,02:00:00,4.35116,4.20654,5.73255,-30.95588,9.47481,13.44631,3.71057,-0.1059,75.72843,-3.700026,-3.428887,0.457643,97.01879,17.470092,-18.073587,1273.628398,103.17509,24.48365,-38.14125,240.90643,216.34406,-23.177735,2.255679,-8.72276,4.55492,-3.72904,50,4.50581,11.84033,-121.67938,3.41986,-12.89198,27.03781,-25.44198,USA_TEA7,USA_DIR4,USABBCary1,USA Baseball,USA,20250610-USABBCary1-6,ca8e04e0-4648-11f0-b1ef-e7d42f54913a,82.36205,24.87427,NA,8.62426,NA,NA,NA,1.78528,3.69458,0.1326,94966c17-51d9-438d-8e8b-63130879b621,2025-06-10,22:18:09,2025-06-10T22:18:09Z,2025-06-10T22:18:09Z,LineDrive,v3,NA,NA,NA,"Rogozinski, Benjamin",1000291537,Right,USA_TEA7,97870aa4-1fd9-460f-8733-c617d073c2e1,54.76509,-122.73364,13.51891,4.35312,4.4119,-12.72099,-4.20052,12.34302,-6.44599,84.214058,1.78529,129.0332,-20.55025,4.41955,-0.97569,0.18721,-0.03123,0.00336,-1.5e-4,3.69458,42.71776,-23.77384,2.66703,-0.54629,0.10686,-0.01886,0.00283,-2.3e-4,0.13261,-42.10904,-1.9855,1.63345,-0.5419,0.13369,-0.02285,0.00223,-6e-5,NA,NA,NA,NA,NA,NA,NA,NA,NA,NA,NA,NA,NA,NA,NA,NA,NA,NA,NA,NA,NA,NA,High,High,High,High,High,NA,NA,NA,NA,NA,NA,NA,NA,NA,NA,NA,NA,NA,NA,NA,NA,NA,NA,NA,NA,NA,NA,NA,NA,NA,NA,NA,NA,NA,NA,NA,NA,NA,NA,NA,NA,NA,NA,NA,NA,NA,NA,NA,NA,NA,NA,NA,NA,NA,NA,NA,NA,NA,NA,NA,NA
NA,NA,NA,NA,NA,NA,NA,NA,NA,NA,NA,NA,NA,NA,NA,NA,180,2025-06-10,18:19:04,5,1,"Walther, Clayton",10095252,Right,USA_TEA7,"Bender, Zach",1000138841,Left,USA_DIR4,Undefined,7,Top,0,0,0,Undefined,Changeup,InPlay,Undefined,FlyBall,Out,1,0,NA,82.05134,0.770519,-6.383447,1911.96876,249.301826,02:15:00,4.17211,3.9716,6.00637,-35.26844,6.92835,14.36768,1.95144,-0.76983,74.10604,-5.79239,-3.823998,0.467532,87.08388,36.337928,29.613775,4038.668147,92.7903,74.63909,59.07584,306.15826,133.05614,36.940508,5.243601,-9.60394,3.64189,-3.47674,50,4.21341,12.73254,-118.45019,0.53135,-13.46699,25.37384,-27.06727,USA_TEA7,USA_DIR4,USABBCary1,USA Baseball,USA,20250610-USABBCary1-6,eb5c9bf0-4648-11f0-b1ef-e7d42f54913a,80.62008,94.54503,NA,7.9453,NA,NA,NA,3.85601,3.95073,1.94733,94966c17-51d9-438d-8e8b-63130879b621,2025-06-10,22:19:04,2025-06-10T22:19:04Z,2025-06-10T22:19:04Z,FlyBall,v3,NA,NA,NA,"Rogozinski, Benjamin",1000291537,Right,USA_TEA7,d3462b97-2eda-42f3-86bc-d6989538c370,54.49501,-119.40921,12.68692,4.174,1.55437,-13.53364,-3.96759,13.24153,-6.7335,198.203224,3.85902,89.38744,-21.70885,5.31613,-0.82319,0.03831,0.01103,-0.00191,9e-5,3.94974,75.68997,-16.95582,0.38645,0.11986,-0.07201,0.02206,-0.00328,1.8e-4,1.94885,50.81152,-6.54032,1.12164,-0.07508,-0.02193,0.00652,-6.4e-4,2e-5,NA,NA,NA,NA,NA,NA,NA,NA,NA,NA,NA,NA,NA,NA,NA,NA,NA,NA,NA,NA,NA,NA,High,High,High,High,Low,NA,NA,NA,NA,NA,NA,NA,NA,NA,NA,NA,NA,NA,NA,NA,NA,NA,NA,NA,NA,NA,NA,NA,NA,NA,NA,NA,NA,NA,NA,NA,NA,NA,NA,NA,NA,NA,NA,NA,NA,NA,NA,NA,NA,NA,NA,NA,NA,NA,NA,NA,NA,NA,NA,NA,NA
NA,NA,NA,NA,NA,NA,NA,NA,NA,NA,NA,NA,NA,NA,NA,NA,181,2025-06-10,18:20:21,6,1,"Walther, Clayton",10095252,Right,USA_TEA7,"Cross, Andrew",10171638,Right,USA_DIR4,Undefined,7,Top,1,0,0,Undefined,Four-Seam,StrikeCalled,Undefined,Undefined,Undefined,0,0,NA,84.20251,-0.784444,-5.312084,2080.862697,213.924479,01:15:00,4.29842,4.22915,5.55439,-22.14757,18.57781,11.49449,1.71662,0.2093,75.84554,-4.969444,-3.276177,0.459308,NA,NA,NA,NA,NA,NA,NA,NA,NA,NA,NA,-7.43213,10.03634,-3.77633,50,4.2161,10.80985,-121.55299,-2.3331,-10.98081,26.59859,-17.34553,USA_TEA7,USA_DIR4,USABBCary1,USA Baseball,USA,20250610-USABBCary1-6,1945d810-4649-11f0-b1ef-e7d42f54913a,82.06354,NA,NA,8.35697,NA,NA,NA,NA,NA,NA,94966c17-51d9-438d-8e8b-63130879b621,2025-06-10,22:20:21,2025-06-10T22:20:21Z,2025-06-10T22:20:21Z,NA,v3,NA,NA,NA,"Rogozinski, Benjamin",1000291537,Right,USA_TEA7,7efd779c-efe6-477b-8515-7142504f88ae,54.94036,-122.62929,13.2993,4.29631,-1.63122,-8.67277,-4.22273,11.25418,-5.49041,NA,NA,NA,NA,NA,NA,NA,NA,NA,NA,NA,NA,NA,NA,NA,NA,NA,NA,NA,NA,NA,NA,NA,NA,NA,NA,NA,NA,NA,NA,NA,NA,NA,NA,NA,NA,NA,NA,NA,NA,NA,NA,NA,NA,NA,NA,NA,NA,NA,NA,High,High,High,NA,NA,NA,NA,NA,NA,NA,NA,NA,NA,NA,NA,NA,NA,NA,NA,NA,NA,NA,NA,NA,NA,NA,NA,NA,NA,NA,NA,NA,NA,NA,NA,NA,NA,NA,NA,NA,NA,NA,NA,NA,NA,NA,NA,NA,NA,NA,NA,NA,NA,NA,NA,NA,NA,NA,NA,NA,NA
NA,NA,NA,NA,NA,NA,NA,NA,NA,NA,NA,NA,NA,NA,NA,NA,182,2025-06-10,18:20:35,6,2,"Walther, Clayton",10095252,Right,USA_TEA7,"Cross, Andrew",10171638,Right,USA_DIR4,Undefined,7,Top,1,0,1,Undefined,Curveball,BallCalled,Undefined,Undefined,Undefined,0,0,NA,69.71333,3.366411,-1.563972,2175.269957,58.49897,08:00:00,4.30315,3.91066,5.21348,-68.72366,-8.18497,-17.0704,1.74652,1.01713,62.80213,-9.14441,-4.586495,0.56,NA,NA,NA,NA,NA,NA,NA,NA,NA,NA,NA,7.945,-4.60985,-3.75271,50,4.56317,3.37606,-100.8061,3.77477,7.96675,20.28494,-36.79653,USA_TEA7,USA_DIR4,USABBCary1,USA Baseball,USA,20250610-USABBCary1-6,2225e0b0-4649-11f0-b1ef-e7d42f54913a,67.30795,NA,NA,6.91121,NA,NA,NA,NA,NA,NA,94966c17-51d9-438d-8e8b-63130879b621,2025-06-10,22:20:35,2025-06-10T22:20:35Z,2025-06-10T22:20:35Z,NA,v3,NA,NA,NA,"Rogozinski, Benjamin",1000291537,Right,USA_TEA7,536e75dc-7d32-4c57-999f-c054b60db8a7,55.28605,-101.86424,10.14247,4.3162,5.69423,-18.39827,-3.91798,2.96048,3.98338,NA,NA,NA,NA,NA,NA,NA,NA,NA,NA,NA,NA,NA,NA,NA,NA,NA,NA,NA,NA,NA,NA,NA,NA,NA,NA,NA,NA,NA,NA,NA,NA,NA,NA,NA,NA,NA,NA,NA,NA,NA,NA,NA,NA,NA,NA,NA,NA,NA,NA,High,High,High,NA,NA,NA,NA,NA,NA,NA,NA,NA,NA,NA,NA,NA,NA,NA,NA,NA,NA,NA,NA,NA,NA,NA,NA,NA,NA,NA,NA,NA,NA,NA,NA,NA,NA,NA,NA,NA,NA,NA,NA,NA,NA,NA,NA,NA,NA,NA,NA,NA,NA,NA,NA,NA,NA,NA,NA,NA,NA
NA,NA,NA,NA,NA,NA,NA,NA,NA,NA,NA,NA,NA,NA,NA,NA,183,2025-06-10,18:20:51,6,3,"Walther, Clayton",10095252,Right,USA_TEA7,"Cross, Andrew",10171638,Right,USA_DIR4,Undefined,7,Top,1,1,1,Undefined,Curveball,BallCalled,Undefined,Undefined,Undefined,0,0,NA,71.25103,3.760433,-1.366761,2110.31258,57.534653,08:00:00,4.2181,3.97088,5.02274,-66.71031,-8.1389,-16.34906,2.21356,1.31847,63.83306,-8.365393,-4.250128,0.550826,NA,NA,NA,NA,NA,NA,NA,NA,NA,NA,NA,7.55437,-4.68197,-3.82623,50,4.52531,3.08571,-102.91164,4.56357,7.87717,21.48451,-37.05609,USA_TEA7,USA_DIR4,USABBCary1,USA Baseball,USA,20250610-USABBCary1-6,2b34c180-4649-11f0-b1ef-e7d42f54913a,68.42897,NA,NA,7.41797,NA,NA,NA,NA,NA,NA,94966c17-51d9-438d-8e8b-63130879b621,2025-06-10,22:20:51,2025-06-10T22:20:51Z,2025-06-10T22:20:51Z,NA,v3,NA,NA,NA,"Rogozinski, Benjamin",1000291537,Right,USA_TEA7,95782857-39fa-4ab3-b7ae-9a2bc8e9c8e3,55.4755,-104.04846,10.74225,4.23196,6.52434,-18.52805,-3.97848,2.66889,3.93859,NA,NA,NA,NA,NA,NA,NA,NA,NA,NA,NA,NA,NA,NA,NA,NA,NA,NA,NA,NA,NA,NA,NA,NA,NA,NA,NA,NA,NA,NA,NA,NA,NA,NA,NA,NA,NA,NA,NA,NA,NA,NA,NA,NA,NA,NA,NA,NA,NA,NA,High,High,High,NA,NA,NA,NA,NA,NA,NA,NA,NA,NA,NA,NA,NA,NA,NA,NA,NA,NA,NA,NA,NA,NA,NA,NA,NA,NA,NA,NA,NA,NA,NA,NA,NA,NA,NA,NA,NA,NA,NA,NA,NA,NA,NA,NA,NA,NA,NA,NA,NA,NA,NA,NA,NA,NA,NA,NA,NA,NA
NA,NA,NA,NA,NA,NA,NA,NA,NA,NA,NA,NA,NA,NA,NA,NA,184,2025-06-10,18:21:09,6,4,"Walther, Clayton",10095252,Right,USA_TEA7,"Cross, Andrew",10171638,Right,USA_DIR4,Undefined,7,Top,1,2,1,Undefined,Changeup,BallCalled,Undefined,Undefined,Undefined,0,0,NA,82.67877,-0.315671,-6.020978,2096.799599,253.059865,02:30:00,4.0076599999999996,4.16774,5.73725,-35.40073,6.75115,16.98021,0.76202,-0.04459,74.40056,-6.878953,-3.004604,0.467283,NA,NA,NA,NA,NA,NA,NA,NA,NA,NA,NA,-10.52075,4.01709,-3.67499,50,3.95992,11.8774,-119.25784,-1.82229,-14.9083,26.37182,-26.4817,USA_TEA7,USA_DIR4,USABBCary1,USA Baseball,USA,20250610-USABBCary1-6,360f88b0-4649-11f0-b1ef-e7d42f54913a,80.66297,NA,NA,8.27821,NA,NA,NA,NA,NA,NA,94966c17-51d9-438d-8e8b-63130879b621,2025-06-10,22:21:09,2025-06-10T22:21:09Z,2025-06-10T22:21:09Z,NA,v3,NA,NA,NA,"Rogozinski, Benjamin",1000291537,Right,USA_TEA7,eab9a4ec-16f1-4236-85c8-e40b4e6f871f,54.75883,-120.30556,13.18591,4.01142,-0.77019,-13.24085,-4.15863,12.4697,-7.45415,NA,NA,NA,NA,NA,NA,NA,NA,NA,NA,NA,NA,NA,NA,NA,NA,NA,NA,NA,NA,NA,NA,NA,NA,NA,NA,NA,NA,NA,NA,NA,NA,NA,NA,NA,NA,NA,NA,NA,NA,NA,NA,NA,NA,NA,NA,NA,NA,NA,NA,High,High,High,NA,NA,NA,NA,NA,NA,NA,NA,NA,NA,NA,NA,NA,NA,NA,NA,NA,NA,NA,NA,NA,NA,NA,NA,NA,NA,NA,NA,NA,NA,NA,NA,NA,NA,NA,NA,NA,NA,NA,NA,NA,NA,NA,NA,NA,NA,NA,NA,NA,NA,NA,NA,NA,NA,NA,NA,NA,NA
NA,NA,NA,NA,NA,NA,NA,NA,NA,NA,NA,NA,NA,NA,NA,NA,185,2025-06-10,18:21:26,6,5,"Walther, Clayton",10095252,Right,USA_TEA7,"Cross, Andrew",10171638,Right,USA_DIR4,Undefined,7,Top,1,3,1,Undefined,Changeup,StrikeCalled,Undefined,Undefined,Undefined,0,0,NA,82.70427,2.085248,-4.512083,2159.218088,270.374516,03:00:00,4.31239,4.09976,5.58211,-40.43888,1.26815,16.60481,2.89678,1.26099,75.14846,-5.344976,-1.56207,0.464811,NA,NA,NA,NA,NA,NA,NA,NA,NA,NA,NA,-9.62953,0.4911,-3.72203,50,4.46605,8.74919,-119.65668,2.96237,-13.91368,23.82061,-31.46446,USA_TEA7,USA_DIR4,USABBCary1,USA Baseball,USA,20250610-USABBCary1-6,400b6190-4649-11f0-b1ef-e7d42f54913a,81.09205,NA,NA,7.55581,NA,NA,NA,NA,NA,NA,94966c17-51d9-438d-8e8b-63130879b621,2025-06-10,22:21:26,2025-06-10T22:21:26Z,2025-06-10T22:21:26Z,NA,v3,NA,NA,NA,"Rogozinski, Benjamin",1000291537,Right,USA_TEA7,0192e452-d27f-4d3c-83f1-101cf870fd99,54.91658,-120.63147,11.9103,4.31847,4.24996,-15.73223,-4.09172,9.31857,-6.95684,NA,NA,NA,NA,NA,NA,NA,NA,NA,NA,NA,NA,NA,NA,NA,NA,NA,NA,NA,NA,NA,NA,NA,NA,NA,NA,NA,NA,NA,NA,NA,NA,NA,NA,NA,NA,NA,NA,NA,NA,NA,NA,NA,NA,NA,NA,NA,NA,NA,NA,High,High,High,NA,NA,NA,NA,NA,NA,NA,NA,NA,NA,NA,NA,NA,NA,NA,NA,NA,NA,NA,NA,NA,NA,NA,NA,NA,NA,NA,NA,NA,NA,NA,NA,NA,NA,NA,NA,NA,NA,NA,NA,NA,NA,NA,NA,NA,NA,NA,NA,NA,NA,NA,NA,NA,NA,NA,NA,NA,NA
NA,NA,NA,NA,NA,NA,NA,NA,NA,NA,NA,NA,NA,NA,NA,NA,186,2025-06-10,18:21:44,6,6,"Walther, Clayton",10095252,Right,USA_TEA7,"Cross, Andrew",10171638,Right,USA_DIR4,Undefined,7,Top,1,3,2,Undefined,Changeup,InPlay,Undefined,FlyBall,Double,0,2,NA,81.1221,2.803778,-5.05698,2060.336515,250.650866,02:15:00,4.22941,4.15577,5.80893,-37.28203,6.5304,13.85383,3.74216,0.59538,72.38849,-4.14582,-2.591222,0.476398,96.89906,19.739528,-18.812999,3105.8518,102.83389,34.89136,-39.05354,321.6239,309.56401,-24.714018,3.539804,-8.78843,2.82728,-3.74854,50,4.43841,9.81002,-117.0372,4.57861,-11.93298,26.42854,-28.33511,USA_TEA7,USA_DIR4,USABBCary1,USA Baseball,USA,20250610-USABBCary1-6,4b27c5a0-4649-11f0-b1ef-e7d42f54913a,79.11963,42.26123,NA,8.73361,NA,NA,NA,1.98263,3.84416,-0.6123,94966c17-51d9-438d-8e8b-63130879b621,2025-06-10,22:21:44,2025-06-10T22:21:44Z,2025-06-10T22:21:44Z,LineDrive,v3,NA,NA,NA,"Rogozinski, Benjamin",1000291537,Right,USA_TEA7,9ad56fb2-3602-4f96-a406-cdb7a10b59ac,54.68774,-118.09101,13.21427,4.23332,5.70844,-14.16756,-4.14919,10.28583,-5.96649,142.547729,1.98259,126.62088,-22.0443,4.62824,-0.81653,0.065310000000000007,0.01408,-0.00496,4.7e-4,3.8442,47.99962,-16.29044,1.09708,-0.3477,0.16445,-0.05404,0.0102,-8e-4,-0.61254,-43.12976,1.21984,0.3276,-0.10573,0.00759,0.00169,-2.7e-4,-0,NA,NA,NA,NA,NA,NA,NA,NA,NA,NA,NA,NA,NA,NA,NA,NA,NA,NA,NA,NA,NA,NA,High,High,High,High,High,NA,NA,NA,NA,NA,NA,NA,NA,NA,NA,NA,NA,NA,NA,NA,NA,NA,NA,NA,NA,NA,NA,NA,NA,NA,NA,NA,NA,NA,NA,NA,NA,NA,NA,NA,NA,NA,NA,NA,NA,NA,NA,NA,NA,NA,NA,NA,NA,NA,NA,NA,NA,NA,NA,NA,NA
NA,NA,NA,NA,NA,NA,NA,NA,NA,NA,NA,NA,NA,NA,NA,NA,187,2025-06-10,18:22:39,7,1,"Walther, Clayton",10095252,Right,USA_TEA7,"Goff, Blake",1000324667,Right,USA_DIR4,Undefined,7,Top,1,0,0,Undefined,Curveball,StrikeCalled,Undefined,Undefined,Undefined,0,0,NA,70.5379,4.318824,-2.215435,2240.757183,63.406661,08:00:00,4.26914,3.78827,5.36813,-66.77181,-6.63508,-18.47308,2.76497,0.17057,62.14243,-7.957943,-5.486844,0.558138,NA,NA,NA,NA,NA,NA,NA,NA,NA,NA,NA,8.16288,-4.14339,-3.57651,50,4.61189,4.63979,-101.60236,5.57744,8.1544,23.5088,-36.31312,USA_TEA7,USA_DIR4,USABBCary1,USA Baseball,USA,20250610-USABBCary1-6,6b708ae0-4649-11f0-b1ef-e7d42f54913a,67.53252,NA,NA,8.39547,NA,NA,NA,NA,NA,NA,94966c17-51d9-438d-8e8b-63130879b621,2025-06-10,22:22:39,2025-06-10T22:22:39Z,2025-06-10T22:22:39Z,NA,v3,NA,NA,NA,"Rogozinski, Benjamin",1000291537,Right,USA_TEA7,5e62a09a-7d2e-4e08-a3e6-da55181be6a5,55.12504,-102.78135,11.7544,4.28651,7.3985900000000004,-18.15656,-3.79895,4.23084,4.0772,NA,NA,NA,NA,NA,NA,NA,NA,NA,NA,NA,NA,NA,NA,NA,NA,NA,NA,NA,NA,NA,NA,NA,NA,NA,NA,NA,NA,NA,NA,NA,NA,NA,NA,NA,NA,NA,NA,NA,NA,NA,NA,NA,NA,NA,NA,NA,NA,NA,NA,High,High,High,NA,NA,NA,NA,NA,NA,NA,NA,NA,NA,NA,NA,NA,NA,NA,NA,NA,NA,NA,NA,NA,NA,NA,NA,NA,NA,NA,NA,NA,NA,NA,NA,NA,NA,NA,NA,NA,NA,NA,NA,NA,NA,NA,NA,NA,NA,NA,NA,NA,NA,NA,NA,NA,NA,NA,NA,NA,NA
NA,NA,NA,NA,NA,NA,NA,NA,NA,NA,NA,NA,NA,NA,NA,NA,188,2025-06-10,18:22:58,7,2,"Walther, Clayton",10095252,Right,USA_TEA7,"Goff, Blake",1000324667,Right,USA_DIR4,Undefined,7,Top,1,0,1,Undefined,Curveball,BallCalled,Undefined,Undefined,Undefined,0,0,NA,70.85559,4.364042,-3.462334,2058.356301,71.030505,08:15:00,4.34333,3.76074,5.53255,-62.95118,-4.28083,-19.1717,3.19208,-1.07727,63.15125,-7.209054,-6.856662,0.551291,NA,NA,NA,NA,NA,NA,NA,NA,NA,NA,NA,8.21697,-2.97894,-3.44729,50,4.68308,6.89157,-102.11264,5.88344,8.39104,21.95261,-35.21611,USA_TEA7,USA_DIR4,USABBCary1,USA Baseball,USA,20250610-USABBCary1-6,770441d0-4649-11f0-b1ef-e7d42f54913a,68.37123,NA,NA,7.70434,NA,NA,NA,NA,NA,NA,94966c17-51d9-438d-8e8b-63130879b621,2025-06-10,22:22:58,2025-06-10T22:22:58Z,2025-06-10T22:22:58Z,NA,v3,NA,NA,NA,"Rogozinski, Benjamin",1000291537,Right,USA_TEA7,2c777636-681b-4822-b7da-c198c319072e,54.96275,-103.17404,10.97631,4.35746,7.58612,-17.60806,-3.77069,6.48586,4.19552,NA,NA,NA,NA,NA,NA,NA,NA,NA,NA,NA,NA,NA,NA,NA,NA,NA,NA,NA,NA,NA,NA,NA,NA,NA,NA,NA,NA,NA,NA,NA,NA,NA,NA,NA,NA,NA,NA,NA,NA,NA,NA,NA,NA,NA,NA,NA,NA,NA,NA,High,High,High,NA,NA,NA,NA,NA,NA,NA,NA,NA,NA,NA,NA,NA,NA,NA,NA,NA,NA,NA,NA,NA,NA,NA,NA,NA,NA,NA,NA,NA,NA,NA,NA,NA,NA,NA,NA,NA,NA,NA,NA,NA,NA,NA,NA,NA,NA,NA,NA,NA,NA,NA,NA,NA,NA,NA,NA,NA,NA
NA,NA,NA,NA,NA,NA,NA,NA,NA,NA,NA,NA,NA,NA,NA,NA,189,2025-06-10,18:23:18,7,3,"Walther, Clayton",10095252,Right,USA_TEA7,"Goff, Blake",1000324667,Right,USA_DIR4,Undefined,7,Top,1,1,1,Undefined,Curveball,BallCalled,Undefined,Undefined,Undefined,0,0,NA,70.67239,4.577197,-3.666212,2182.980302,67.322473,08:15:00,4.21765,3.97785,5.44203,-65.16551,-5.54351,-19.16422,3.09092,-1.05665,62.59568,-7.392442,-7.051378,0.555744,NA,NA,NA,NA,NA,NA,NA,NA,NA,NA,NA,7.99587,-3.68508,-3.64041,50,4.58072,7.24377,-101.70246,6.13508,8.04722,22.74623,-35.8828,USA_TEA7,USA_DIR4,USABBCary1,USA Baseball,USA,20250610-USABBCary1-6,83323cf0-4649-11f0-b1ef-e7d42f54913a,67.82339,NA,NA,8.07671,NA,NA,NA,NA,NA,NA,94966c17-51d9-438d-8e8b-63130879b621,2025-06-10,22:23:18,2025-06-10T22:23:18Z,2025-06-10T22:23:18Z,NA,v3,NA,NA,NA,"Rogozinski, Benjamin",1000291537,Right,USA_TEA7,d7be4b69-f033-47da-bcc4-cfed042d3d10,55.05189,-102.82613,11.37311,4.23386,7.9077,-17.9414,-3.98844,6.84623,4.02361,NA,NA,NA,NA,NA,NA,NA,NA,NA,NA,NA,NA,NA,NA,NA,NA,NA,NA,NA,NA,NA,NA,NA,NA,NA,NA,NA,NA,NA,NA,NA,NA,NA,NA,NA,NA,NA,NA,NA,NA,NA,NA,NA,NA,NA,NA,NA,NA,NA,NA,High,High,High,NA,NA,NA,NA,NA,NA,NA,NA,NA,NA,NA,NA,NA,NA,NA,NA,NA,NA,NA,NA,NA,NA,NA,NA,NA,NA,NA,NA,NA,NA,NA,NA,NA,NA,NA,NA,NA,NA,NA,NA,NA,NA,NA,NA,NA,NA,NA,NA,NA,NA,NA,NA,NA,NA,NA,NA,NA,NA
NA,NA,NA,NA,NA,NA,NA,NA,NA,NA,NA,NA,NA,NA,NA,NA,190,2025-06-10,18:23:38,7,4,"Walther, Clayton",10095252,Right,USA_TEA7,"Goff, Blake",1000324667,Right,USA_DIR4,Undefined,7,Top,1,2,1,Undefined,Curveball,StrikeCalled,Undefined,Undefined,Undefined,0,0,NA,71.36127,3.466832,-1.566016,2146.261073,65.036952,08:15:00,4.26866,4.10892,5.61104,-62.65413,-5.54902,-16.64836,2.28853,1.2595,63.93529,-8.060761,-4.533488,0.543887,NA,NA,NA,NA,NA,NA,NA,NA,NA,NA,NA,7.76075,-3.30851,-3.96446,50,4.52593,3.43267,-103.18216,4.33739,8.12926,21.70632,-35.63964,USA_TEA7,USA_DIR4,USABBCary1,USA Baseball,USA,20250610-USABBCary1-6,8ea94420-4649-11f0-b1ef-e7d42f54913a,69.30194,NA,NA,7.42598,NA,NA,NA,NA,NA,NA,94966c17-51d9-438d-8e8b-63130879b621,2025-06-10,22:23:38,2025-06-10T22:23:38Z,2025-06-10T22:23:38Z,NA,v3,NA,NA,NA,"Rogozinski, Benjamin",1000291537,Right,USA_TEA7,25e8178c-6c30-48ca-abcc-6801cdb75e7e,54.88583,-104.20492,10.85316,4.282,6.01666,-17.81982,-4.11718,3.04964,4.06463,NA,NA,NA,NA,NA,NA,NA,NA,NA,NA,NA,NA,NA,NA,NA,NA,NA,NA,NA,NA,NA,NA,NA,NA,NA,NA,NA,NA,NA,NA,NA,NA,NA,NA,NA,NA,NA,NA,NA,NA,NA,NA,NA,NA,NA,NA,NA,NA,NA,NA,High,High,High,NA,NA,NA,NA,NA,NA,NA,NA,NA,NA,NA,NA,NA,NA,NA,NA,NA,NA,NA,NA,NA,NA,NA,NA,NA,NA,NA,NA,NA,NA,NA,NA,NA,NA,NA,NA,NA,NA,NA,NA,NA,NA,NA,NA,NA,NA,NA,NA,NA,NA,NA,NA,NA,NA,NA,NA,NA,NA
NA,NA,NA,NA,NA,NA,NA,NA,NA,NA,NA,NA,NA,NA,NA,NA,191,2025-06-10,18:24:04,7,5,"Walther, Clayton",10095252,Right,USA_TEA7,"Goff, Blake",1000324667,Right,USA_DIR4,Undefined,7,Top,1,2,2,Undefined,Changeup,BallCalled,Undefined,Undefined,Undefined,0,0,NA,83.77778,2.392197,-5.770071,2186.829575,229.05704,01:45:00,4.27199,4.21792,5.85061,-27.749389999999998,13.43292,13.64339,4.19499,-0.02488,74.48965,-2.84646,-3.344857,0.461877,NA,NA,NA,NA,NA,NA,NA,NA,NA,NA,NA,-8.82827,6.47398,-3.75496,50,4.45165,11.6156,-120.67955,4.23014,-12.73339,28.29042,-22.83635,USA_TEA7,USA_DIR4,USABBCary1,USA Baseball,USA,20250610-USABBCary1-6,9e902890-4649-11f0-b1ef-e7d42f54913a,81.607,NA,NA,9.28814,NA,NA,NA,NA,NA,NA,94966c17-51d9-438d-8e8b-63130879b621,2025-06-10,22:24:04,2025-06-10T22:24:04Z,2025-06-10T22:24:04Z,NA,v3,NA,NA,NA,"Rogozinski, Benjamin",1000291537,Right,USA_TEA7,6b055f67-1e46-4ee9-949e-84dfc4badd84,54.64177,-121.76284,14.14521,4.27292,5.10459,-11.41817,-4.20908,12.10318,-6.3667,NA,NA,NA,NA,NA,NA,NA,NA,NA,NA,NA,NA,NA,NA,NA,NA,NA,NA,NA,NA,NA,NA,NA,NA,NA,NA,NA,NA,NA,NA,NA,NA,NA,NA,NA,NA,NA,NA,NA,NA,NA,NA,NA,NA,NA,NA,NA,NA,NA,NA,High,High,High,NA,NA,NA,NA,NA,NA,NA,NA,NA,NA,NA,NA,NA,NA,NA,NA,NA,NA,NA,NA,NA,NA,NA,NA,NA,NA,NA,NA,NA,NA,NA,NA,NA,NA,NA,NA,NA,NA,NA,NA,NA,NA,NA,NA,NA,NA,NA,NA,NA,NA,NA,NA,NA,NA,NA,NA,NA,NA
NA,NA,NA,NA,NA,NA,NA,NA,NA,NA,NA,NA,NA,NA,NA,NA,192,2025-06-10,18:24:25,7,6,"Walther, Clayton",10095252,Right,USA_TEA7,"Goff, Blake",1000324667,Right,USA_DIR4,Undefined,7,Top,1,3,2,Undefined,Curveball,InPlay,Undefined,GroundBall,Out,1,0,NA,70.65265,3.910178,-3.826648,2086.851286,64.395603,08:15:00,4.36515,3.79169,5.56223,-64.77165,-5.88713,-17.10072,2.63439,-1.21368,63.12666,-7.97788,-6.856021,0.552296,67.38565,7.393246,-12.573615,6173.267969,NA,NA,NA,79.5272,79.52426,-11.619963,0.865797,7.16957,-3.77221,-3.44946,50,4.66183,7.42692,-101.87806,5.03134,7.28586,21.89358,-36.00744,USA_TEA7,USA_DIR4,USABBCary1,USA Baseball,USA,20250610-USABBCary1-6,ab0035c0-4649-11f0-b1ef-e7d42f54913a,68.24682,4.74868,NA,7.52599,NA,NA,NA,1.32457,2.60925,1.22172,94966c17-51d9-438d-8e8b-63130879b621,2025-06-10,22:24:25,2025-06-10T22:24:25Z,2025-06-10T22:24:25Z,GroundBall,v3,NA,NA,NA,"Rogozinski, Benjamin",1000291537,Right,USA_TEA7,d8891ea4-a1c6-43cc-b0bd-28648804ed15,54.93531,-102.9332,10.94679,4.37754,6.76667,-18.00372,-3.79893,7.07578,3.64293,352.886247,1.32457,95.6599,-8.63554,0.45255,-0.11658,-0.01974,0.01983,-0.011,0.00309,2.60925,12.71759,-19.3868,1.60316,-0.27957,0.06489,-0.00567,-9.7e-4,4.1e-4,1.22172,-21.33627,2.1944,-0.77119,0.19335,-0.04527,0.00407,5e-4,-2.8e-4,NA,NA,NA,NA,NA,NA,NA,NA,NA,NA,NA,NA,NA,NA,NA,NA,NA,NA,NA,NA,NA,NA,High,High,High,High,High,NA,NA,NA,NA,NA,NA,NA,NA,NA,NA,NA,NA,NA,NA,NA,NA,NA,NA,NA,NA,NA,NA,NA,NA,NA,NA,NA,NA,NA,NA,NA,NA,NA,NA,NA,NA,NA,NA,NA,NA,NA,NA,NA,NA,NA,NA,NA,NA,NA,NA,NA,NA,NA,NA,NA,NA
NA,NA,NA,NA,NA,NA,NA,NA,NA,NA,NA,NA,NA,NA,NA,NA,193,2025-06-10,18:25:01,8,1,"Walther, Clayton",10095252,Right,USA_TEA7,"Waller, Hayden",10156075,Left,USA_DIR4,Undefined,7,Top,2,0,0,Undefined,Changeup,FoulBallNotFieldable,Undefined,Undefined,Undefined,0,0,NA,83.07495,0.927374,-5.027802,2079.561593,224.149114,01:30:00,4.23175,3.27917,5.82432,-27.78344,13.97119,11.98985,2.78201,-0.40785,74.10749,-4.319141,-2.892086,0.465076,59.80518,46.427948,-167.965688,3680.485793,NA,NA,NA,NA,43.00672,NA,NA,-7.85394,7.25441,-2.87444,50,4.29177,10.06682,-119.93931,1.11467,-11.17755,28.17005,-21.84972,USA_TEA7,USA_DIR4,USABBCary1,USA Baseball,USA,20250610-USABBCary1-6,c0127f40-4649-11f0-b1ef-e7d42f54913a,81.04582,35.90965,NA,8.96746,NA,NA,NA,0.84078,2.83705,0.43363,94966c17-51d9-438d-8e8b-63130879b621,2025-06-10,22:25:01,2025-06-10T22:25:01Z,2025-06-10T22:25:01Z,NA,v3,NA,NA,NA,"Rogozinski, Benjamin",1000291537,Right,USA_TEA7,e47070a1-72f3-4957-a181-8db1d497ae92,54.67097,-121.03141,14.08503,4.23213,1.96174,-10.92486,-3.27311,10.50015,-5.58878,341.886065,0.84078,-59.12968,3.74541,-2.0903,0.61871,-0.15451,0.0361,-0.00791,0.00104,2.83705,63.5496,-28.25195,3.73918,-0.69673,0.10183,-0.01425,0.00168,-1.3e-4,0.43363,-12.60542,-1.86353,1.70935,-0.55781,0.14736,-0.03456,0.00718,-7.5e-4,NA,NA,NA,NA,NA,NA,NA,NA,NA,NA,NA,NA,NA,NA,NA,NA,NA,NA,NA,NA,NA,NA,High,High,High,High,Undefined,NA,NA,NA,NA,NA,NA,NA,NA,NA,NA,NA,NA,NA,NA,NA,NA,NA,NA,NA,NA,NA,NA,NA,NA,NA,NA,NA,NA,NA,NA,NA,NA,NA,NA,NA,NA,NA,NA,NA,NA,NA,NA,NA,NA,NA,NA,NA,NA,NA,NA,NA,NA,NA,NA,NA,NA
NA,NA,NA,NA,NA,NA,NA,NA,NA,NA,NA,NA,NA,NA,NA,NA,194,2025-06-10,18:25:21,8,2,"Walther, Clayton",10095252,Right,USA_TEA7,"Waller, Hayden",10156075,Left,USA_DIR4,Undefined,7,Top,2,0,1,Undefined,Changeup,FoulBallNotFieldable,Undefined,Undefined,Undefined,0,0,NA,83.73459,1.41609,-4.646842,2097.732845,277.245001,03:15:00,4.1811,3.57344,5.91832,-41.71128,-1.03811,20.02537,2.02392,0.92038,75.24378,-6.309168,-1.064094,0.459014,53.66367,45.067549,-41.435977,4214.269057,72.33171,33.87901,-82.87393,147.94573,147.94573,-49.460809,3.304884,-11.77985,-0.56953,-3.21196,50,4.27136,9.03757,-121.10711,1.60456,-17.17958,27.63173,-33.00461,USA_TEA7,USA_DIR4,USABBCary1,USA Baseball,USA,20250610-USABBCary1-6,cc121760-4649-11f0-b1ef-e7d42f54913a,82.11617,43.48924,NA,8.49081,NA,NA,NA,0.20309,1.99624,-0.88802,94966c17-51d9-438d-8e8b-63130879b621,2025-06-10,22:25:21,2025-06-10T22:25:21Z,2025-06-10T22:25:21Z,Popup,v3,NA,NA,NA,"Rogozinski, Benjamin",1000291537,Right,USA_TEA7,ad1dace9-2afc-45db-bbef-b325526e2fe0,54.58062,-122.14775,13.81586,4.18753,2.84754,-16.50231,-3.5645,9.68457,-8.58979,135.452143,0.20634,41.55046,-8.04309,0.54406,2.30681,-1.93483,0.74196,-0.13853,0.01014,1.99511,55.74925,-20.94544,1.8483,-0.14172,-0.26915,0.19492,-0.05229,0.00492,-0.88726,-36.8134,0.96063,-0.14487,0.31481,-0.23135,0.07595,-0.01139,6e-4,NA,NA,NA,NA,NA,NA,NA,NA,NA,NA,NA,NA,NA,NA,NA,NA,NA,NA,NA,NA,NA,NA,High,High,High,High,High,NA,NA,NA,NA,NA,NA,NA,NA,NA,NA,NA,NA,NA,NA,NA,NA,NA,NA,NA,NA,NA,NA,NA,NA,NA,NA,NA,NA,NA,NA,NA,NA,NA,NA,NA,NA,NA,NA,NA,NA,NA,NA,NA,NA,NA,NA,NA,NA,NA,NA,NA,NA,NA,NA,NA,NA
NA,NA,NA,NA,NA,NA,NA,NA,NA,NA,NA,NA,NA,NA,NA,NA,195,2025-06-10,18:25:53,8,3,"Walther, Clayton",10095252,Right,USA_TEA7,"Waller, Hayden",10156075,Left,USA_DIR4,Undefined,7,Top,2,0,2,Undefined,Changeup,BallCalled,Undefined,Undefined,Undefined,0,0,NA,81.52245,0.210233,-5.737729,2124.110536,260.891424,02:45:00,3.8417,3.41039,5.82892,-38.59849,4.2041,16.9621,0.82157,-0.52767,73.98285,-6.920304,-2.716663,0.470876,NA,NA,NA,NA,NA,NA,NA,NA,NA,NA,NA,-10.31115,2.55921,-2.95017,50,3.83648,11.15585,-117.78419,-0.82207,-14.37373,23.97716,-28.6065,USA_TEA7,USA_DIR4,USABBCary1,USA Baseball,USA,20250610-USABBCary1-6,df59da10-4649-11f0-b1ef-e7d42f54913a,80.04752,NA,NA,7.5396,NA,NA,NA,NA,NA,NA,94966c17-51d9-438d-8e8b-63130879b621,2025-06-10,22:25:53,2025-06-10T22:25:53Z,2025-06-10T22:25:53Z,NA,v3,NA,NA,NA,"Rogozinski, Benjamin",1000291537,Right,USA_TEA7,e265f370-0e2b-41e4-9eb1-445da1208050,54.66881,-118.73081,11.98858,3.84664,0.30732,-14.30325,-3.40181,11.72333,-7.18687,NA,NA,NA,NA,NA,NA,NA,NA,NA,NA,NA,NA,NA,NA,NA,NA,NA,NA,NA,NA,NA,NA,NA,NA,NA,NA,NA,NA,NA,NA,NA,NA,NA,NA,NA,NA,NA,NA,NA,NA,NA,NA,NA,NA,NA,NA,NA,NA,NA,NA,High,High,High,NA,NA,NA,NA,NA,NA,NA,NA,NA,NA,NA,NA,NA,NA,NA,NA,NA,NA,NA,NA,NA,NA,NA,NA,NA,NA,NA,NA,NA,NA,NA,NA,NA,NA,NA,NA,NA,NA,NA,NA,NA,NA,NA,NA,NA,NA,NA,NA,NA,NA,NA,NA,NA,NA,NA,NA,NA,NA
NA,NA,NA,NA,NA,NA,NA,NA,NA,NA,NA,NA,NA,NA,NA,NA,196,2025-06-10,18:26:11,8,4,"Walther, Clayton",10095252,Right,USA_TEA7,"Waller, Hayden",10156075,Left,USA_DIR4,Undefined,7,Top,2,1,2,Undefined,Curveball,BallCalled,Undefined,Undefined,Undefined,0,0,NA,69.77137,3.771411,0.048716,2108.566791,64.7798,08:15:00,4.32754,3.08531,5.12316,-66.07196,-5.58201,-16.63954,2.37897,1.74457,62.77174,-8.268076,-2.893887,0.559774,NA,NA,NA,NA,NA,NA,NA,NA,NA,NA,NA,8.20878,-3.32528,-3.07649,50,4.63163,0.53966,-100.86859,4.54409,8.27203,19.75746,-35.52494,USA_TEA7,USA_DIR4,USABBCary1,USA Baseball,USA,20250610-USABBCary1-6,ea0aab10-4649-11f0-b1ef-e7d42f54913a,67.33505,NA,NA,6.99963,NA,NA,NA,NA,NA,NA,94966c17-51d9-438d-8e8b-63130879b621,2025-06-10,22:26:11,2025-06-10T22:26:11Z,2025-06-10T22:26:11Z,NA,v3,NA,NA,NA,"Rogozinski, Benjamin",1000291537,Right,USA_TEA7,50ad8b37-1948-4810-9585-6c8b88c1d46a,55.37497,-101.91596,9.87873,4.34082,6.42732,-17.76247,-3.09347,0.10114,4.13602,NA,NA,NA,NA,NA,NA,NA,NA,NA,NA,NA,NA,NA,NA,NA,NA,NA,NA,NA,NA,NA,NA,NA,NA,NA,NA,NA,NA,NA,NA,NA,NA,NA,NA,NA,NA,NA,NA,NA,NA,NA,NA,NA,NA,NA,NA,NA,NA,NA,NA,High,High,High,NA,NA,NA,NA,NA,NA,NA,NA,NA,NA,NA,NA,NA,NA,NA,NA,NA,NA,NA,NA,NA,NA,NA,NA,NA,NA,NA,NA,NA,NA,NA,NA,NA,NA,NA,NA,NA,NA,NA,NA,NA,NA,NA,NA,NA,NA,NA,NA,NA,NA,NA,NA,NA,NA,NA,NA,NA,NA
NA,NA,NA,NA,NA,NA,NA,NA,NA,NA,NA,NA,NA,NA,NA,NA,197,2025-06-10,18:26:27,8,5,"Walther, Clayton",10095252,Right,USA_TEA7,"Waller, Hayden",10156075,Left,USA_DIR4,Undefined,7,Top,2,2,2,Undefined,Changeup,StrikeSwinging,Strikeout,Undefined,Undefined,0,0,NA,82.52745,2.078667,-3.915412,2234.861396,270.676409,03:00:00,4.26002,3.51058,5.70806,-40.78475,1.31827,18.21406,2.80335,1.37478,74.19115,-5.464972,-0.66744,0.467012,NA,NA,NA,NA,NA,NA,NA,NA,NA,NA,NA,-10.40453,0.50677,-3.19321,50,4.40981,7.40737,-119.36477,2.95032,-14.7798,26.27989,-31.45416,USA_TEA7,USA_DIR4,USABBCary1,USA Baseball,USA,20250610-USABBCary1-6,f3d20670-4649-11f0-b1ef-e7d42f54913a,80.7098,NA,NA,8.33631,NA,NA,NA,NA,NA,NA,94966c17-51d9-438d-8e8b-63130879b621,2025-06-10,22:26:27,2025-06-10T22:26:27Z,2025-06-10T22:26:27Z,NA,v3,NA,NA,NA,"Rogozinski, Benjamin",1000291537,Right,USA_TEA7,621d5c79-7b29-4af8-bbdb-db9287f827d3,54.78866,-120.41444,13.13995,4.26688,4.20667,-15.72708,-3.50087,7.99771,-7.3899,NA,NA,NA,NA,NA,NA,NA,NA,NA,NA,NA,NA,NA,NA,NA,NA,NA,NA,NA,NA,NA,NA,NA,NA,NA,NA,NA,NA,NA,NA,NA,NA,NA,NA,NA,NA,NA,NA,NA,NA,NA,NA,NA,NA,NA,NA,NA,NA,NA,NA,High,High,High,NA,NA,NA,NA,NA,NA,NA,NA,NA,NA,NA,NA,NA,NA,NA,NA,NA,NA,NA,NA,NA,NA,NA,NA,NA,NA,NA,NA,NA,NA,NA,NA,NA,NA,NA,NA,NA,NA,NA,NA,NA,NA,NA,NA,NA,NA,NA,NA,NA,NA,NA,NA,NA,NA,NA,NA,NA,NA
NA,NA,NA,NA,NA,NA,NA,NA,NA,NA,NA,NA,NA,NA,NA,NA,198,2025-06-10,18:28:41,1,1,"Bond, Zack",10315167,Right,USA_DIR4,"Wood, Jaxson",10115292,Right,USA_TEA7,Undefined,7,Bottom,0,0,0,Undefined,Slider,FoulBallNotFieldable,Undefined,Undefined,Undefined,0,0,NA,79.06957,0.756017,-0.813601,2112.576752,132.352572,10:30:00,5.20482,1.84593,5.19463,-44.18731,2.49587,-0.85035,2.2338,1.0097,71.29425,-7.339036,-0.964388,0.491758,52.56881,-24.593012,-71.111645,NA,NA,NA,NA,6.10496,5.3056,-58.756498,0.064267,0.15378,1.46579,-1.76982,50,5.2417299999999996,1.66127,-114.52849,-0.01803,0.20041,24.88568,-30.26401,USA_TEA7,USA_DIR4,USABBCary1,USA Baseball,USA,20250610-USABBCary1-6,43957d40-464a-11f0-b1ef-e7d42f54913a,76.64832,2.07317,NA,7.77532,NA,NA,NA,1.70014,2.07317,-0.93383,94966c17-51d9-438d-8e8b-63130879b621,2025-06-10,22:28:41,2025-06-10T22:28:41Z,2025-06-10T22:28:41Z,GroundBall,v3,NA,NA,NA,"Holden, Will",NA,Right,USA_DIR4,a9cc4979-42e3-4105-8f5b-fb82c1cb248e,55.30203,-115.67482,12.44284,5.21046,1.37605,-15.13201,-1.84613,1.65203,0.1002,180,1.69888,22.81669,NA,NA,NA,NA,NA,NA,NA,2.07494,-32.25864,NA,NA,NA,NA,NA,NA,NA,-0.93016,-66.68633,NA,NA,NA,NA,NA,NA,NA,NA,NA,NA,NA,NA,NA,NA,NA,NA,NA,NA,NA,NA,NA,NA,NA,NA,NA,NA,NA,NA,NA,High,High,High,Medium,Medium,NA,NA,NA,NA,NA,NA,NA,NA,NA,NA,NA,NA,NA,NA,NA,NA,NA,NA,NA,NA,NA,NA,NA,NA,NA,NA,NA,NA,NA,NA,NA,NA,NA,NA,NA,NA,NA,NA,NA,NA,NA,NA,NA,NA,NA,NA,NA,NA,NA,NA,NA,NA,NA,NA,NA,NA
NA,NA,NA,NA,NA,NA,NA,NA,NA,NA,NA,NA,NA,NA,NA,NA,199,2025-06-10,18:29:02,1,2,"Bond, Zack",10315167,Right,USA_DIR4,"Wood, Jaxson",10115292,Right,USA_TEA7,Undefined,7,Bottom,0,0,1,Undefined,Curveball,BallCalled,Undefined,Undefined,Undefined,0,0,NA,74.75909,0.559567,-2.674508,2344.235412,69.917927,08:15:00,5.02132,2.05558,5.01044,-55.14389,-2.46571,-11.93394,0.95474,-1.46512,67.87775,-9.417695,-4.780088,0.52238,NA,NA,NA,NA,NA,NA,NA,NA,NA,NA,NA,4.97469,-0.77122,-1.78893,50,5.03114,5.53361,-108.16526,-0.84056,5.78413,22.13555,-33.07077,USA_TEA7,USA_DIR4,USABBCary1,USA Baseball,USA,20250610-USABBCary1-6,501df470-464a-11f0-b1ef-e7d42f54913a,72.15517,NA,NA,6.88134,NA,NA,NA,NA,NA,NA,94966c17-51d9-438d-8e8b-63130879b621,2025-06-10,22:29:02,2025-06-10T22:29:02Z,2025-06-10T22:29:02Z,NA,v3,NA,NA,NA,"Holden, Will",NA,Right,USA_DIR4,c8fefd3e-083f-4a6a-8b3a-ae005c9e660f,55.48615,-109.28221,11.06777,5.03145,0.82817,-16.53538,-2.06079,5.24175,2.89206,NA,NA,NA,NA,NA,NA,NA,NA,NA,NA,NA,NA,NA,NA,NA,NA,NA,NA,NA,NA,NA,NA,NA,NA,NA,NA,NA,NA,NA,NA,NA,NA,NA,NA,NA,NA,NA,NA,NA,NA,NA,NA,NA,NA,NA,NA,NA,NA,NA,NA,High,High,High,NA,NA,NA,NA,NA,NA,NA,NA,NA,NA,NA,NA,NA,NA,NA,NA,NA,NA,NA,NA,NA,NA,NA,NA,NA,NA,NA,NA,NA,NA,NA,NA,NA,NA,NA,NA,NA,NA,NA,NA,NA,NA,NA,NA,NA,NA,NA,NA,NA,NA,NA,NA,NA,NA,NA,NA,NA,NA
NA,NA,NA,NA,NA,NA,NA,NA,NA,NA,NA,NA,NA,NA,NA,NA,200,2025-06-10,18:29:17,1,3,"Bond, Zack",10315167,Right,USA_DIR4,"Wood, Jaxson",10115292,Right,USA_TEA7,Undefined,7,Bottom,0,1,1,Undefined,Four-Seam,InPlay,Undefined,GroundBall,Out,1,0,NA,86.91379,-1.013001,-3.391261,2150.040159,214.566674,01:15:00,5.09659,1.82021,5.85958,-26.48143,10.7676,6.575,1.94693,-0.78619000000000006,79.26338,-5.949816,-2.214467,0.439268,65.80802,9.147665,7.047058,3576.747908,NA,NA,NA,95.0657,93.76991,9.086884,1.08786,-4.36508,6.16118,-1.54878,50,4.99888,7.19899,-126.00932,-3.09195,-6.98894,26.60912,-22.3094,USA_TEA7,USA_DIR4,USABBCary1,USA Baseball,USA,20250610-USABBCary1-6,58fd60d0-464a-11f0-b1ef-e7d42f54913a,85.80747,5.62894,NA,7.6504200000000004,NA,NA,NA,2.13246,2.03009,0.74784,94966c17-51d9-438d-8e8b-63130879b621,2025-06-10,22:29:17,2025-06-10T22:29:17Z,2025-06-10T22:29:17Z,GroundBall,v3,NA,NA,NA,"Holden, Will",NA,Right,USA_DIR4,7fd1b5ce-4477-4e23-bb8f-0e8a86f088d2,54.63901,-126.98515,13.30456,5.09727,-2.2738,-11.1547,-1.81749,7.4553,-3.49447,252.06131,2.13246,94.57089,-10.89196,1.67628,-0.33444,0.04501,-0.00518,1.4e-4,1.6e-4,2.03009,15.34442,-16.80518,1.03728,-0.15385,0.03333,-0.00398,8.1e-4,-1.7e-4,0.74784,11.6907,1.89999,-0.72993,0.21142,-0.04479,0.00798,-9.1e-4,-0,NA,NA,NA,NA,NA,NA,NA,NA,NA,NA,NA,NA,NA,NA,NA,NA,NA,NA,NA,NA,NA,NA,High,High,High,High,High,NA,NA,NA,NA,NA,NA,NA,NA,NA,NA,NA,NA,NA,NA,NA,NA,NA,NA,NA,NA,NA,NA,NA,NA,NA,NA,NA,NA,NA,NA,NA,NA,NA,NA,NA,NA,NA,NA,NA,NA,NA,NA,NA,NA,NA,NA,NA,NA,NA,NA,NA,NA,NA,NA,NA,NA
NA,NA,NA,NA,NA,NA,NA,NA,NA,NA,NA,NA,NA,NA,NA,NA,201,2025-06-10,18:30:03,2,1,"Bond, Zack",10315167,Right,USA_DIR4,"Delacruz, Lucas",1000192295,Right,USA_TEA7,Undefined,7,Bottom,1,0,0,Undefined,Slider,StrikeCalled,Undefined,Undefined,Undefined,0,0,NA,79.1739,2.065488,-1.324373,2034.317107,190.028936,12:15:00,5.16341,1.947,5.17152,-43.58447,2.98229,0.22957,3.47647,0.71961,71.29967,-5.929712,-1.283742,0.491145,NA,NA,NA,NA,NA,NA,NA,NA,NA,NA,NA,-0.54158,1.36205,-1.82384,50,5.32322,2.63933,-114.58535,2.60588,-0.7088,24.2572,-30.39141,USA_TEA7,USA_DIR4,USABBCary1,USA Baseball,USA,20250610-USABBCary1-6,743a7e00-464a-11f0-b1ef-e7d42f54913a,76.74407,NA,NA,7.87423,NA,NA,NA,NA,NA,NA,94966c17-51d9-438d-8e8b-63130879b621,2025-06-10,22:30:03,2025-06-10T22:30:03Z,2025-06-10T22:30:03Z,NA,v3,NA,NA,NA,"Holden, Will",NA,Right,USA_DIR4,430cb6fd-2dd7-4906-a076-90a87332d736,55.32295,-115.70671,12.1286,5.17028,4.01081,-15.19571,-1.94661,2.6721,-0.3544,NA,NA,NA,NA,NA,NA,NA,NA,NA,NA,NA,NA,NA,NA,NA,NA,NA,NA,NA,NA,NA,NA,NA,NA,NA,NA,NA,NA,NA,NA,NA,NA,NA,NA,NA,NA,NA,NA,NA,NA,NA,NA,NA,NA,NA,NA,NA,NA,NA,NA,High,High,High,NA,NA,NA,NA,NA,NA,NA,NA,NA,NA,NA,NA,NA,NA,NA,NA,NA,NA,NA,NA,NA,NA,NA,NA,NA,NA,NA,NA,NA,NA,NA,NA,NA,NA,NA,NA,NA,NA,NA,NA,NA,NA,NA,NA,NA,NA,NA,NA,NA,NA,NA,NA,NA,NA,NA,NA,NA,NA
NA,NA,NA,NA,NA,NA,NA,NA,NA,NA,NA,NA,NA,NA,NA,NA,202,2025-06-10,18:30:20,2,2,"Bond, Zack",10315167,Right,USA_DIR4,"Delacruz, Lucas",1000192295,Right,USA_TEA7,Undefined,7,Bottom,1,0,1,Undefined,Curveball,BallCalled,Undefined,Undefined,Undefined,0,0,NA,75.33515,2.273356,0.327303,2269.379892,70.911841,08:15:00,4.94301,2.08893,5.4336,-54.11393,-2.74673,-13.67863,2.56362,1.25556,67.4876,-7.672882,-2.108254,0.515839,NA,NA,NA,NA,NA,NA,NA,NA,NA,NA,NA,6.93756,-1.55421,-2.1083,50,5.1076,-0.08642,-109.03733,2.55418,8.13307,23.85739,-33.99608,USA_TEA7,USA_DIR4,USABBCary1,USA Baseball,USA,20250610-USABBCary1-6,7e7ef8a0-464a-11f0-b1ef-e7d42f54913a,73.07016,NA,NA,7.84755,NA,NA,NA,NA,NA,NA,94966c17-51d9-438d-8e8b-63130879b621,2025-06-10,22:30:20,2025-06-10T22:30:20Z,2025-06-10T22:30:20Z,NA,v3,NA,NA,NA,"Holden, Will",NA,Right,USA_DIR4,e6d03816-aee3-43d8-977a-4afa3f9ae3cd,55.06247,-110.13943,11.92869,4.95333,4.12464,-16.99804,-2.09563,-0.46213,4.06654,NA,NA,NA,NA,NA,NA,NA,NA,NA,NA,NA,NA,NA,NA,NA,NA,NA,NA,NA,NA,NA,NA,NA,NA,NA,NA,NA,NA,NA,NA,NA,NA,NA,NA,NA,NA,NA,NA,NA,NA,NA,NA,NA,NA,NA,NA,NA,NA,NA,NA,High,High,High,NA,NA,NA,NA,NA,NA,NA,NA,NA,NA,NA,NA,NA,NA,NA,NA,NA,NA,NA,NA,NA,NA,NA,NA,NA,NA,NA,NA,NA,NA,NA,NA,NA,NA,NA,NA,NA,NA,NA,NA,NA,NA,NA,NA,NA,NA,NA,NA,NA,NA,NA,NA,NA,NA,NA,NA,NA,NA
NA,NA,NA,NA,NA,NA,NA,NA,NA,NA,NA,NA,NA,NA,NA,NA,203,2025-06-10,18:30:40,2,3,"Bond, Zack",10315167,Right,USA_DIR4,"Delacruz, Lucas",1000192295,Right,USA_TEA7,Undefined,7,Bottom,1,1,1,Undefined,Sinker,FoulBallNotFieldable,Undefined,Undefined,Undefined,0,0,NA,86.64512,-0.516198,-2.012062,2064.557683,229.795373,01:45:00,5.15777,1.86158,5.9213,-29.12021,8.46792,8.46237,2.25177,0.69888,78.45563,-5.955771,-0.49241,0.441262,61.21585,6.340643,-85.517582,5894.773431,NA,NA,NA,43.42834,43.42834,-81.755154,0.520715,-4.97382,4.88252,-1.70533,50,5.10003,4.06814,-125.68669,-2.08375,-7.8585,28.39553,-24.45981,USA_TEA7,USA_DIR4,USABBCary1,USA Baseball,USA,20250610-USABBCary1-6,8a51b460-464a-11f0-b1ef-e7d42f54913a,85.41961,3.00889,NA,8.18948,NA,NA,NA,1.08536,2.15193,-1.15296,94966c17-51d9-438d-8e8b-63130879b621,2025-06-10,22:30:40,2025-06-10T22:30:40Z,2025-06-10T22:30:40Z,GroundBall,v3,NA,NA,NA,"Holden, Will",NA,Right,USA_DIR4,57f9947c-9968-4fb2-88eb-a93b4a593160,54.57602,-126.7163,14.19776,5.15951,-1.19685,-12.22991,-1.85801,4.35309,-3.92925,NA,1.08536,6.97391,6.25089,-1.45909,0.33615,-0.07484,0.01481,-0.00327,6.4e-4,2.15193,9.91559,-29.62172,5.67953,-1.31464,0.33147,-0.07201,0.01486,-0.00235,-1.15296,-88.96095,16.99934,-0.78054,-0.07402,0.10239,-0.04452,0.01558,-0.00429,NA,NA,NA,NA,NA,NA,NA,NA,NA,NA,NA,NA,NA,NA,NA,NA,NA,NA,NA,NA,NA,NA,High,High,High,Medium,High,NA,NA,NA,NA,NA,NA,NA,NA,NA,NA,NA,NA,NA,NA,NA,NA,NA,NA,NA,NA,NA,NA,NA,NA,NA,NA,NA,NA,NA,NA,NA,NA,NA,NA,NA,NA,NA,NA,NA,NA,NA,NA,NA,NA,NA,NA,NA,NA,NA,NA,NA,NA,NA,NA,NA,NA
NA,NA,NA,NA,NA,NA,NA,NA,NA,NA,NA,NA,NA,NA,NA,NA,204,2025-06-10,18:31:01,2,4,"Bond, Zack",10315167,Right,USA_DIR4,"Delacruz, Lucas",1000192295,Right,USA_TEA7,Undefined,7,Bottom,1,1,2,Undefined,Slider,BallCalled,Undefined,Undefined,Undefined,0,0,NA,75.13984,-0.639937,-2.085483,2346.060805,87.872879,09:00:00,4.9695,1.98092,5.07964,-50.78066,1.29413,-16.53076,0.13412,-1.3634,68.23097,-9.84139,-5.009278,0.51938,NA,NA,NA,NA,NA,NA,NA,NA,NA,NA,NA,7.72607,1.18232,-1.76907,50,4.86859,4.5769,-108.80814,-2.8835,9.04869,23.19637,-30.78934,USA_TEA7,USA_DIR4,USABBCary1,USA Baseball,USA,20250610-USABBCary1-6,96d45f30-464a-11f0-b1ef-e7d42f54913a,72.572,NA,NA,6.90887,NA,NA,NA,NA,NA,NA,94966c17-51d9-438d-8e8b-63130879b621,2025-06-10,22:31:01,2025-06-10T22:31:01Z,2025-06-10T22:31:01Z,NA,v3,NA,NA,NA,"Holden, Will",NA,Right,USA_DIR4,48d248c1-48c8-4c66-864d-533472f6a3b9,55.4214,-109.95783,11.59819,4.97369,-1.35747,-15.39467,-1.9848,4.12842,4.52435,NA,NA,NA,NA,NA,NA,NA,NA,NA,NA,NA,NA,NA,NA,NA,NA,NA,NA,NA,NA,NA,NA,NA,NA,NA,NA,NA,NA,NA,NA,NA,NA,NA,NA,NA,NA,NA,NA,NA,NA,NA,NA,NA,NA,NA,NA,NA,NA,NA,NA,High,High,High,NA,NA,NA,NA,NA,NA,NA,NA,NA,NA,NA,NA,NA,NA,NA,NA,NA,NA,NA,NA,NA,NA,NA,NA,NA,NA,NA,NA,NA,NA,NA,NA,NA,NA,NA,NA,NA,NA,NA,NA,NA,NA,NA,NA,NA,NA,NA,NA,NA,NA,NA,NA,NA,NA,NA,NA,NA,NA
NA,NA,NA,NA,NA,NA,NA,NA,NA,NA,NA,NA,NA,NA,NA,NA,205,2025-06-10,18:31:21,2,5,"Bond, Zack",10315167,Right,USA_DIR4,"Delacruz, Lucas",1000192295,Right,USA_TEA7,Undefined,7,Bottom,1,2,2,Undefined,Four-Seam,InPlay,Undefined,GroundBall,Out,1,0,NA,87.96146,-0.519542,-2.568564,2110.456261,215.519591,01:15:00,5.16503,1.783,6.1364,-22.95375,13.08536,8.47221,2.77155,0.11353,79.8548,-4.858906,-1.042689,0.432074,85.0003,-8.992516,19.628588,NA,NA,NA,NA,16.1779,15.77816,18.721209,0.129278,-5.15878,7.27705,-1.5913,50,5.11351,5.38487,-127.64578,-1.85102,-8.44517,28.18312,-20.26121,USA_TEA7,USA_DIR4,USABBCary1,USA Baseball,USA,20250610-USABBCary1-6,a2ee3610-464a-11f0-b1ef-e7d42f54913a,87.23603,2.77134,NA,8.10666,NA,NA,NA,0.72092,2.77134,-0.1454,94966c17-51d9-438d-8e8b-63130879b621,2025-06-10,22:31:21,2025-06-10T22:31:21Z,2025-06-10T22:31:21Z,GroundBall,v3,NA,NA,NA,"Holden, Will",NA,Right,USA_DIR4,5284e57e-821f-436b-8088-1ab0a5cacfed,54.36142,-128.60513,14.09156,5.16478,-1.16133,-10.1306,-1.77949,5.67234,-4.22258,292.328554,0.7214,115.92973,-23.16106,NA,NA,NA,NA,NA,NA,2.77154,-19.5066,-14.95649,NA,NA,NA,NA,NA,NA,-0.14547,41.37125,-0.61816,NA,NA,NA,NA,NA,NA,NA,NA,NA,NA,NA,NA,NA,NA,NA,NA,NA,NA,NA,NA,NA,NA,NA,NA,NA,NA,NA,NA,High,High,High,High,High,NA,NA,NA,NA,NA,NA,NA,NA,NA,NA,NA,NA,NA,NA,NA,NA,NA,NA,NA,NA,NA,NA,NA,NA,NA,NA,NA,NA,NA,NA,NA,NA,NA,NA,NA,NA,NA,NA,NA,NA,NA,NA,NA,NA,NA,NA,NA,NA,NA,NA,NA,NA,NA,NA,NA,NA
NA,NA,NA,NA,NA,NA,NA,NA,NA,NA,NA,NA,NA,NA,NA,NA,206,2025-06-10,18:32:00,3,1,"Bond, Zack",10315167,Right,USA_DIR4,"Hudson, Walker",1000438609,Right,USA_TEA7,Undefined,7,Bottom,2,0,0,Undefined,Slider,StrikeCalled,Undefined,Undefined,Undefined,0,0,NA,80.7004,1.703067,-1.561925,2110.305986,307.774266,04:15:00,5.1827,1.70968,5.24398,-43.59451,1.04307,0.71571,3.15142,0.30108,72.81139,-6.285929,-1.435051,0.480863,NA,NA,NA,NA,NA,NA,NA,NA,NA,NA,NA,-0.85591,0.49197,-1.56672,50,5.30731,3.1557,-116.85098,1.92133,-1.16588,25.05971,-31.5039,USA_TEA7,USA_DIR4,USABBCary1,USA Baseball,USA,20250610-USABBCary1-6,ba27a550-464a-11f0-b1ef-e7d42f54913a,78.38492,NA,NA,7.889,NA,NA,NA,NA,NA,NA,94966c17-51d9-438d-8e8b-63130879b621,2025-06-10,22:32:00,2025-06-10T22:32:00Z,2025-06-10T22:32:00Z,NA,v3,NA,NA,NA,"Holden, Will",NA,Right,USA_DIR4,25b5c421-910f-4524-a08f-445ab2a0d627,55.25144,-117.97182,12.52986,5.18986,3.3304,-15.75195,-1.70904,3.20784,-0.58294,NA,NA,NA,NA,NA,NA,NA,NA,NA,NA,NA,NA,NA,NA,NA,NA,NA,NA,NA,NA,NA,NA,NA,NA,NA,NA,NA,NA,NA,NA,NA,NA,NA,NA,NA,NA,NA,NA,NA,NA,NA,NA,NA,NA,NA,NA,NA,NA,NA,NA,High,High,High,NA,NA,NA,NA,NA,NA,NA,NA,NA,NA,NA,NA,NA,NA,NA,NA,NA,NA,NA,NA,NA,NA,NA,NA,NA,NA,NA,NA,NA,NA,NA,NA,NA,NA,NA,NA,NA,NA,NA,NA,NA,NA,NA,NA,NA,NA,NA,NA,NA,NA,NA,NA,NA,NA,NA,NA,NA,NA
NA,NA,NA,NA,NA,NA,NA,NA,NA,NA,NA,NA,NA,NA,NA,NA,207,2025-06-10,18:32:16,3,2,"Bond, Zack",10315167,Right,USA_DIR4,"Hudson, Walker",1000438609,Right,USA_TEA7,Undefined,7,Bottom,2,0,1,Undefined,Curveball,BallCalled,Undefined,Undefined,Undefined,0,0,NA,76.53498,1.020387,-0.283351,2307.860023,62.036954,08:00:00,4.95757,1.976,4.90011,-57.97216,-7.00359,-17.01651,1.09175,0.28997,68.5945,-9.481987,-3.288397,0.513834,NA,NA,NA,NA,NA,NA,NA,NA,NA,NA,NA,8.30548,-3.29618,-1.93307,50,5.00887,1.24817,-110.71797,-0.10065,9.98247,25.60747,-36.13577,USA_TEA7,USA_DIR4,USABBCary1,USA Baseball,USA,20250610-USABBCary1-6,c3666fc0-464a-11f0-b1ef-e7d42f54913a,73.35532,NA,NA,7.94048,NA,NA,NA,NA,NA,NA,94966c17-51d9-438d-8e8b-63130879b621,2025-06-10,22:32:16,2025-06-10T22:32:16Z,2025-06-10T22:32:16Z,NA,v3,NA,NA,NA,"Holden, Will",NA,Right,USA_DIR4,7aa8171a-3be4-4cb4-b6be-040d208124dc,55.59788,-112.00519,12.80373,4.96828,1.71581,-18.06788,-1.9832,0.74637,4.99123,NA,NA,NA,NA,NA,NA,NA,NA,NA,NA,NA,NA,NA,NA,NA,NA,NA,NA,NA,NA,NA,NA,NA,NA,NA,NA,NA,NA,NA,NA,NA,NA,NA,NA,NA,NA,NA,NA,NA,NA,NA,NA,NA,NA,NA,NA,NA,NA,NA,NA,High,High,High,NA,NA,NA,NA,NA,NA,NA,NA,NA,NA,NA,NA,NA,NA,NA,NA,NA,NA,NA,NA,NA,NA,NA,NA,NA,NA,NA,NA,NA,NA,NA,NA,NA,NA,NA,NA,NA,NA,NA,NA,NA,NA,NA,NA,NA,NA,NA,NA,NA,NA,NA,NA,NA,NA,NA,NA,NA,NA
NA,NA,NA,NA,NA,NA,NA,NA,NA,NA,NA,NA,NA,NA,NA,NA,208,2025-06-10,18:32:37,3,3,"Bond, Zack",10315167,Right,USA_DIR4,"Hudson, Walker",1000438609,Right,USA_TEA7,Undefined,7,Bottom,2,1,1,Undefined,Slider,InPlay,Undefined,GroundBall,Double,0,0,NA,75.14151,1.048498,-0.519307,2293.507317,84.691629,08:45:00,4.97916,1.90156,5.08347,-51.73278,0.45807,-16.46245,1.65655,0.04018,67.62573,-8.3913430000000009,-3.43253,0.519958,78.53576,3.782111,-42.882526,3991.624387,NA,NA,NA,70.74046,63.91396,-44.265705,0.650978,8.03091,0.37697,-1.83861,50,5.03793,1.63317,-108.78395,0.25739,9.38199,23.54702,-31.73365,USA_TEA7,USA_DIR4,USABBCary1,USA Baseball,USA,20250610-USABBCary1-6,d010c6d0-464a-11f0-b1ef-e7d42f54913a,72.49127,2.70279,NA,7.51578,NA,NA,NA,2.04604,1.82919,-0.02254,94966c17-51d9-438d-8e8b-63130879b621,2025-06-10,22:32:37,2025-06-10T22:32:37Z,2025-06-10T22:32:37Z,GroundBall,v3,NA,NA,NA,"Holden, Will",NA,Right,USA_DIR4,055d0395-a99e-4064-a40b-b1699d00dd92,55.41419,-109.94965,11.77351,4.98631,1.82836,-15.86682,-1.90797,1.16871,4.691,93.623294,2.07589,83.59864,-13.84361,NA,NA,NA,NA,NA,NA,1.84371,7.29821,-15.59434,NA,NA,NA,NA,NA,NA,-0.02135,-78.23939,3.72053,NA,NA,NA,NA,NA,NA,NA,NA,NA,NA,NA,NA,NA,NA,NA,NA,NA,NA,NA,NA,NA,NA,NA,NA,NA,NA,NA,NA,High,High,High,High,High,NA,NA,NA,NA,NA,NA,NA,NA,NA,NA,NA,NA,NA,NA,NA,NA,NA,NA,NA,NA,NA,NA,NA,NA,NA,NA,NA,NA,NA,NA,NA,NA,NA,NA,NA,NA,NA,NA,NA,NA,NA,NA,NA,NA,NA,NA,NA,NA,NA,NA,NA,NA,NA,NA,NA,NA
NA,NA,NA,NA,NA,NA,NA,NA,NA,NA,NA,NA,NA,NA,NA,NA,209,2025-06-10,18:33:30,4,1,"Bond, Zack",10315167,Right,USA_DIR4,"Ryan, Jack",1000408070,Left,USA_TEA7,Undefined,7,Bottom,2,0,0,Undefined,Slider,StrikeCalled,Undefined,Undefined,Undefined,0,0,NA,80.30115,0.068381,-1.650899,2115.23038,205.206651,12:45:00,5.0869,1.94755,5.13025,-40.43388,4.0741,1.27091,1.78184,0.49825,73.81467,-7.285494,-1.425889,0.480165,NA,NA,NA,NA,NA,NA,NA,NA,NA,NA,NA,-1.08413,2.41669,-1.79363,50,5.062,3.30602,-116.52886,-1.29589,-1.49346,21.51412,-28.84487,USA_TEA7,USA_DIR4,USABBCary1,USA Baseball,USA,20250610-USABBCary1-6,f007c290-464a-11f0-b1ef-e7d42f54913a,78.49898,NA,NA,6.48648,NA,NA,NA,NA,NA,NA,94966c17-51d9-438d-8e8b-63130879b621,2025-06-10,22:33:30,2025-06-10T22:33:30Z,2025-06-10T22:33:30Z,NA,v3,NA,NA,NA,"Holden, Will",NA,Right,USA_DIR4,ad80b1bb-e05b-41f5-bde8-81bb66bf2fcd,55.36856,-117.51585,10.75706,5.0911,0.0274,-14.42243,-1.94686,3.37454,-0.74673,NA,NA,NA,NA,NA,NA,NA,NA,NA,NA,NA,NA,NA,NA,NA,NA,NA,NA,NA,NA,NA,NA,NA,NA,NA,NA,NA,NA,NA,NA,NA,NA,NA,NA,NA,NA,NA,NA,NA,NA,NA,NA,NA,NA,NA,NA,NA,NA,NA,NA,High,High,High,NA,NA,NA,NA,NA,NA,NA,NA,NA,NA,NA,NA,NA,NA,NA,NA,NA,NA,NA,NA,NA,NA,NA,NA,NA,NA,NA,NA,NA,NA,NA,NA,NA,NA,NA,NA,NA,NA,NA,NA,NA,NA,NA,NA,NA,NA,NA,NA,NA,NA,NA,NA,NA,NA,NA,NA,NA,NA
NA,NA,NA,NA,NA,NA,NA,NA,NA,NA,NA,NA,NA,NA,NA,NA,210,2025-06-10,18:33:59,4,2,"Bond, Zack",10315167,Right,USA_DIR4,"Ryan, Jack",1000408070,Left,USA_TEA7,Undefined,7,Bottom,2,0,1,Undefined,Curveball,BallCalled,Undefined,Undefined,Undefined,0,0,NA,76.00986,1.120145,-0.839559,2264.996847,74.551638,08:30:00,4.9735,2.21295,5.25417,-53.8844,-3.42973,-19.04631,1.53589,-0.16316,68.80122,-8.698001,-4.220991,0.511237,NA,NA,NA,NA,NA,NA,NA,NA,NA,NA,NA,9.19682,-1.52197,-2.12145,50,5.03672,2.36938,-110.13526,0.32789,11.06347,23.31686,-34.00491,USA_TEA7,USA_DIR4,USABBCary1,USA Baseball,USA,20250610-USABBCary1-6,00f40910-464b-11f0-b1ef-e7d42f54913a,73.72794,NA,NA,7.20865,NA,NA,NA,NA,NA,NA,94966c17-51d9-438d-8e8b-63130879b621,2025-06-10,22:33:59,2025-06-10T22:33:59Z,2025-06-10T22:33:59Z,NA,v3,NA,NA,NA,"Holden, Will",NA,Right,USA_DIR4,c526e318-4c06-41f8-900e-cd23337d92e3,55.24417,-111.23997,11.65843,4.98302,1.93898,-17.00246,-2.22129,1.84522,5.53174,NA,NA,NA,NA,NA,NA,NA,NA,NA,NA,NA,NA,NA,NA,NA,NA,NA,NA,NA,NA,NA,NA,NA,NA,NA,NA,NA,NA,NA,NA,NA,NA,NA,NA,NA,NA,NA,NA,NA,NA,NA,NA,NA,NA,NA,NA,NA,NA,NA,NA,High,High,High,NA,NA,NA,NA,NA,NA,NA,NA,NA,NA,NA,NA,NA,NA,NA,NA,NA,NA,NA,NA,NA,NA,NA,NA,NA,NA,NA,NA,NA,NA,NA,NA,NA,NA,NA,NA,NA,NA,NA,NA,NA,NA,NA,NA,NA,NA,NA,NA,NA,NA,NA,NA,NA,NA,NA,NA,NA,NA
NA,NA,NA,NA,NA,NA,NA,NA,NA,NA,NA,NA,NA,NA,NA,NA,211,2025-06-10,18:34:20,4,3,"Bond, Zack",10315167,Right,USA_DIR4,"Ryan, Jack",1000408070,Left,USA_TEA7,Undefined,7,Bottom,2,1,1,Undefined,Cutter,BallCalled,Undefined,Undefined,Undefined,0,0,NA,87.80372,-2.172567,-3.449473,2200.26741,196.983427,12:30:00,5.14906,1.72648,6.05747,-26.99962,9.29926,2.47402,0.88357,-1.26401,80.21555,-7.197472,-3.004948,0.433629,NA,NA,NA,NA,NA,NA,NA,NA,NA,NA,NA,-2.27071,5.80028,-1.45956,50,4.96564,7.56602,-127.21824,-5.70587,-3.70479,27.18244,-22.71056,USA_TEA7,USA_DIR4,USABBCary1,USA Baseball,USA,20250610-USABBCary1-6,0d9a6880-464b-11f0-b1ef-e7d42f54913a,86.92332,NA,NA,7.58817,NA,NA,NA,NA,NA,NA,94966c17-51d9-438d-8e8b-63130879b621,2025-06-10,22:34:20,2025-06-10T22:34:20Z,2025-06-10T22:34:20Z,NA,v3,NA,NA,NA,"Holden, Will",NA,Right,USA_DIR4,0a9d8561-b7d8-4e3e-b992-431ad9b768e1,54.43902,-128.16321,13.59122,5.15028,-4.91636,-11.35528,-1.72482,7.69482,-1.8524,NA,NA,NA,NA,NA,NA,NA,NA,NA,NA,NA,NA,NA,NA,NA,NA,NA,NA,NA,NA,NA,NA,NA,NA,NA,NA,NA,NA,NA,NA,NA,NA,NA,NA,NA,NA,NA,NA,NA,NA,NA,NA,NA,NA,NA,NA,NA,NA,NA,NA,High,High,High,NA,NA,NA,NA,NA,NA,NA,NA,NA,NA,NA,NA,NA,NA,NA,NA,NA,NA,NA,NA,NA,NA,NA,NA,NA,NA,NA,NA,NA,NA,NA,NA,NA,NA,NA,NA,NA,NA,NA,NA,NA,NA,NA,NA,NA,NA,NA,NA,NA,NA,NA,NA,NA,NA,NA,NA,NA,NA
NA,NA,NA,NA,NA,NA,NA,NA,NA,NA,NA,NA,NA,NA,NA,NA,212,2025-06-10,18:34:45,4,4,"Bond, Zack",10315167,Right,USA_DIR4,"Ryan, Jack",1000408070,Left,USA_TEA7,Undefined,7,Bottom,2,2,1,Undefined,Curveball,BallCalled,Undefined,Undefined,Undefined,0,0,NA,76.50622,1.82474,1.765396,2205.73141,85.708274,08:45:00,5.04633,1.94266,5.01468,-49.54014,0.46626,-17.36836,2.64156,2.16199,69.23941,-7.199567,-1.302261,0.508961,NA,NA,NA,NA,NA,NA,NA,NA,NA,NA,NA,9.08296,0.23028,-2.09742,50,5.18186,-2.69528,-110.77685,1.79901,11.13982,22.19138,-31.89164,USA_TEA7,USA_DIR4,USABBCary1,USA Baseball,USA,20250610-USABBCary1-6,1c870e70-464b-11f0-b1ef-e7d42f54913a,74.05767,NA,NA,7.26681,NA,NA,NA,NA,NA,NA,94966c17-51d9-438d-8e8b-63130879b621,2025-06-10,22:34:45,2025-06-10T22:34:45Z,2025-06-10T22:34:45Z,NA,v3,NA,NA,NA,"Holden, Will",NA,Right,USA_DIR4,67af5d7a-fcd4-47b6-b21e-740f60d5b38a,55.48261,-111.86976,11.09569,5.05458,3.36965,-15.94582,-1.95117,-3.2439,5.56991,NA,NA,NA,NA,NA,NA,NA,NA,NA,NA,NA,NA,NA,NA,NA,NA,NA,NA,NA,NA,NA,NA,NA,NA,NA,NA,NA,NA,NA,NA,NA,NA,NA,NA,NA,NA,NA,NA,NA,NA,NA,NA,NA,NA,NA,NA,NA,NA,NA,NA,High,High,High,NA,NA,NA,NA,NA,NA,NA,NA,NA,NA,NA,NA,NA,NA,NA,NA,NA,NA,NA,NA,NA,NA,NA,NA,NA,NA,NA,NA,NA,NA,NA,NA,NA,NA,NA,NA,NA,NA,NA,NA,NA,NA,NA,NA,NA,NA,NA,NA,NA,NA,NA,NA,NA,NA,NA,NA,NA,NA
NA,NA,NA,NA,NA,NA,NA,NA,NA,NA,NA,NA,NA,NA,NA,NA,213,2025-06-10,18:35:10,4,5,"Bond, Zack",10315167,Right,USA_DIR4,"Ryan, Jack",1000408070,Left,USA_TEA7,Undefined,7,Bottom,2,3,1,Undefined,Cutter,FoulBallNotFieldable,Undefined,Undefined,Undefined,0,0,NA,88.10225,-0.619727,-2.186274,2131.075694,207.025255,01:00:00,5.2025,1.67334,6.10054,-25.69356,10.19997,4.59792,2.48779,0.03357,80.21738,-5.439773,-1.358302,0.431201,67.43315,23.694724,-161.422557,3116.6866,NA,NA,NA,124.16163,47.80116,-170.73542,1.746379,-3.02185,5.79906,-1.50753,50,5.14133,4.6964,-127.89579,-2.1963,-4.9759,27.82421,-22.62515,USA_TEA7,USA_DIR4,USABBCary1,USA Baseball,USA,20250610-USABBCary1-6,2b4f8a90-464b-11f0-b1ef-e7d42f54913a,87.41274,17.51701,NA,7.88488,NA,NA,NA,1.44744,2.225,0.38132,94966c17-51d9-438d-8e8b-63130879b621,2025-06-10,22:35:10,2025-06-10T22:35:10Z,2025-06-10T22:35:10Z,LineDrive,v3,NA,NA,NA,"Holden, Will",NA,Right,USA_DIR4,9e1f6a7b-a80b-4719-bd5c-907c207a6b4f,54.39736,-128.8489,13.91211,5.20329,-1.42128,-11.31258,-1.67132,4.86685,-2.48795,NA,1.44744,-85.84543,9.18152,-0.18795,-0.27791,0.13734,-0.03461,0.00632,-5.7e-4,2.225,39.74502,-28.48045,3.95409,-0.83835,0.15864,-0.02825,0.00444,-3.7e-4,0.38132,-28.85254,15.319,-4.69915,1.26755,-0.29633,0.06352,-0.01065,8.5e-4,NA,NA,NA,NA,NA,NA,NA,NA,NA,NA,NA,NA,NA,NA,NA,NA,NA,NA,NA,NA,NA,NA,High,High,High,Medium,Low,NA,NA,NA,NA,NA,NA,NA,NA,NA,NA,NA,NA,NA,NA,NA,NA,NA,NA,NA,NA,NA,NA,NA,NA,NA,NA,NA,NA,NA,NA,NA,NA,NA,NA,NA,NA,NA,NA,NA,NA,NA,NA,NA,NA,NA,NA,NA,NA,NA,NA,NA,NA,NA,NA,NA,NA
NA,NA,NA,NA,NA,NA,NA,NA,NA,NA,NA,NA,NA,NA,NA,NA,214,2025-06-10,18:35:41,4,6,"Bond, Zack",10315167,Right,USA_DIR4,"Ryan, Jack",1000408070,Left,USA_TEA7,Undefined,7,Bottom,2,3,2,Undefined,Slider,FoulBallNotFieldable,Undefined,Undefined,Undefined,0,0,NA,82.63618,-0.375285,-2.497727,2116.765863,137.015386,10:30:00,5.06646,2.09573,5.33266,-39.95349,2.26032,-0.76421,1.38456,-0.31292,75.2273,-7.67541,-2.63344,0.467626,NA,NA,NA,NA,NA,NA,NA,NA,NA,NA,NA,-0.38417,1.61099,-1.86945,50,5.0037,5.25573,-119.76671,-2.19719,-0.55209,25.41202,-29.85884,USA_TEA7,USA_DIR4,USABBCary1,USA Baseball,USA,20250610-USABBCary1-6,3dafd370-464b-11f0-b1ef-e7d42f54913a,80.60382,NA,NA,7.40888,NA,NA,NA,NA,NA,NA,94966c17-51d9-438d-8e8b-63130879b621,2025-06-10,22:35:41,2025-06-10T22:35:41Z,2025-06-10T22:35:41Z,NA,v3,NA,NA,NA,"Holden, Will",NA,Right,USA_DIR4,e15f857d-2e95-4f56-a024-31c01d261ed2,55.16641,-120.85794,12.70601,5.07053,-0.915,-14.92942,-2.09565,5.27944,-0.27605,NA,NA,NA,NA,NA,NA,NA,NA,NA,NA,NA,NA,NA,NA,NA,NA,NA,NA,NA,NA,NA,NA,NA,NA,NA,NA,NA,NA,NA,NA,NA,NA,NA,NA,NA,NA,NA,NA,NA,NA,NA,NA,NA,NA,NA,NA,NA,NA,NA,NA,High,High,High,NA,NA,NA,NA,NA,NA,NA,NA,NA,NA,NA,NA,NA,NA,NA,NA,NA,NA,NA,NA,NA,NA,NA,NA,NA,NA,NA,NA,NA,NA,NA,NA,NA,NA,NA,NA,NA,NA,NA,NA,NA,NA,NA,NA,NA,NA,NA,NA,NA,NA,NA,NA,NA,NA,NA,NA,NA,NA
NA,NA,NA,NA,NA,NA,NA,NA,NA,NA,NA,NA,NA,NA,NA,NA,215,2025-06-10,18:36:12,4,7,"Bond, Zack",10315167,Right,USA_DIR4,"Ryan, Jack",1000408070,Left,USA_TEA7,Undefined,7,Bottom,2,3,2,Undefined,Cutter,StrikeSwinging,Strikeout,Undefined,Undefined,0,0,NA,87.72138,-1.301731,-3.591345,2142.137854,188.040763,12:15:00,5.174,1.79588,5.96925,-27.35068,8.96044,1.10433,1.68532,-1.44611,80.39632,-6.381462,-3.393405,0.433702,NA,NA,NA,NA,NA,NA,NA,NA,NA,NA,NA,-1.60095,5.27859,-1.51177,50,5.05528,7.94407,-127.24934,-3.78392,-2.61976,26.59432,-23.53614,USA_TEA7,USA_DIR4,USABBCary1,USA Baseball,USA,20250610-USABBCary1-6,50372c50-464b-11f0-b1ef-e7d42f54913a,86.90864,NA,NA,7.32506,NA,NA,NA,NA,NA,NA,94966c17-51d9-438d-8e8b-63130879b621,2025-06-10,22:36:12,2025-06-10T22:36:12Z,2025-06-10T22:36:12Z,NA,v3,NA,NA,NA,"Holden, Will",NA,Right,USA_DIR4,c256e972-1294-49cf-9938-3eb59b27e5b6,54.53227,-128.19306,13.29716,5.17474,-2.94872,-11.76807,-1.79532,8.03703,-1.30988,NA,NA,NA,NA,NA,NA,NA,NA,NA,NA,NA,NA,NA,NA,NA,NA,NA,NA,NA,NA,NA,NA,NA,NA,NA,NA,NA,NA,NA,NA,NA,NA,NA,NA,NA,NA,NA,NA,NA,NA,NA,NA,NA,NA,NA,NA,NA,NA,NA,NA,High,High,High,NA,NA,NA,NA,NA,NA,NA,NA,NA,NA,NA,NA,NA,NA,NA,NA,NA,NA,NA,NA,NA,NA,NA,NA,NA,NA,NA,NA,NA,NA,NA,NA,NA,NA,NA,NA,NA,NA,NA,NA,NA,NA,NA,NA,NA,NA,NA,NA,NA,NA,NA,NA,NA,NA,NA,NA,NA,NA
